TF,Target,label
BMI1,MECOM,1
BMI1,GFI1,1
BMI1,EBF1,1
BMI1,RUNX2,1
BMI1,GATA2,1
BMI1,PPM1H,1
BMI1,ESR1,1
BMI1,ARMC8,1
BMI1,TRIB2,1
BMI1,ZEB2,1
BMI1,ATP7B,1
BMI1,ALG11,1
BMI1,HOXA9,1
BMI1,MYO1D,1
BMI1,HLF,1
BMI1,IRF8,1
BMI1,GOLM1,1
BMI1,LCP1,1
BMI1,ASNS,1
BMI1,NR3C2,1
BMI1,TMEM56,1
BMI1,IKZF1,1
BMI1,ARID3B,1
BMI1,EYA1,1
BMI1,MAN1A,1
BMI1,TIFA,1
BMI1,SPHK1,1
BMI1,MEF2C,1
BMI1,TSPAN33,1
BMI1,GATM,1
BMI1,NFATC2,1
BMI1,PIK3C3,1
BMI1,THRB,1
BMI1,SQOR,1
BMI1,IRF5,1
BMI1,GFI1B,1
BMI1,METAP1D,1
BMI1,PLCG2,1
BMI1,SGO1,1
BMI1,ST8SIA4,1
BMI1,SNX10,1
BMI1,SLC25A21,1
BMI1,PSMF1,1
BMI1,PDE4B,1
BMI1,WDR75,1
BMI1,ETS1,1
BMI1,PRKCH,1
BMI1,GNB4,1
BMI1,ST3GAL6,1
BMI1,ANGPT1,1
BMI1,SALL2,1
BMI1,EPDR1,1
BMI1,CHAMP1,1
BMI1,RCOR1,1
BMI1,MYCN,1
BMI1,EYA2,1
BMI1,SLC11A2,1
BMI1,GCNT2,1
BMI1,AHR,1
BMI1,PBX1,1
BMI1,CARHSP1,1
BMI1,NDN,1
BMI1,GTF3C3,1
BMI1,BTRC,1
BMI1,IL27RA,1
BMI1,ANK,1
CBFB,MSH6,1
CBFB,SLC35A1,1
CBFB,COPG1,1
CBFB,ORC5,1
CBFB,NFE2,1
CBFB,HEMGN,1
CBFB,CALU,1
CBFB,LIMD2,1
CBFB,TIMM29,1
CBFB,OTUD6B,1
CBFB,WDR5,1
CBFB,NOP2,1
CBFB,PRDM4,1
CBFB,CLPTM1L,1
CBFB,DNAJC11,1
CBFB,SEH1L,1
CBFB,TES,1
CBFB,DNAJC10,1
CBFB,SNRNP200,1
CBFB,NDOR1,1
CBFB,ACSS2,1
CBFB,PCYT1A,1
CBFB,GARS,1
CBFB,NUF2,1
CBFB,RANGAP1,1
CBFB,ESYT2,1
CBFB,ARL6IP6,1
CBFB,NFXL1,1
CBFB,HSPA4L,1
CBFB,RPRD1B,1
CBFB,ATG16L1,1
CBFB,VPS26C,1
CBFB,PMPCA,1
CBFB,ERLIN2,1
CBFB,PKM,1
CBFB,ARMT1,1
CBFB,RCOR1,1
CBFB,UNK,1
CBFB,DCAF13,1
CBFB,SPNS2,1
CBFB,NFAT5,1
CBFB,PPAT,1
CBFB,CASP2,1
CBFB,NUDCD3,1
CBFB,CTPS,1
CBFB,PRKCH,1
CBFB,MORC3,1
CBFB,PGLYRP2,1
CBFB,ATAD2,1
CBFB,SUPT7L,1
CBFB,TMEM129,1
CBFB,TACC3,1
CBFB,DDX20,1
CBFB,EIF1AD,1
CBFB,TFR2,1
CBFB,RHOT1,1
CBFB,ATP2A3,1
CBFB,MIS12,1
CBFB,FAM76B,1
CBFB,GOSR2,1
CBFB,MIS18BP1,1
CBFB,WARS,1
CBFB,PFKM,1
CBFB,AP5M1,1
CBFB,STK25,1
CBFB,NCEH1,1
CBFB,CSTF2,1
CBFB,CLPX,1
CBFB,CRNKL1,1
CBFB,RABGGTB,1
CBFB,GMFB,1
CBFB,POLE3,1
CBFB,ACAP1,1
CBFB,EYA2,1
CBFB,PWP2,1
CBFB,INCENP,1
CBFB,BIRC5,1
CBFB,DUS1L,1
CBFB,RAD51AP1,1
CBFB,REXO4,1
CBFB,FIGNL1,1
CBFB,PJA2,1
CBFB,CLIC4,1
CBFB,TRMT2A,1
CBFB,9430015G10RIK,1
CBFB,COLGALT1,1
CBFB,PLEC,1
CBFB,SLC39A9,1
CBFB,GYPC,1
CBFB,CMPK2,1
CBFB,MED16,1
CBFB,FAR1,1
CBFB,RASSF5,1
CBFB,DDHD2,1
CBFB,1700017B05RIK,1
CBFB,PIK3R2,1
CBFB,ARMC8,1
CBFB,NUDT9,1
CBFB,XRCC6,1
CBFB,TREML2,1
CBFB,UBA5,1
CBFB,WDR36,1
CBFB,ANAPC2,1
CBFB,DUSP2,1
CBFB,GTF2H1,1
CBFB,HDAC7,1
CBFB,SERPINB9,1
CBFB,HCFC1,1
CBFB,DPH6,1
CBFB,RNF115,1
CBFB,CSGALNACT2,1
CBFB,PNO1,1
CBFB,CIPC,1
CBFB,RASAL3,1
CBFB,CENPE,1
CBFB,DCP1A,1
CBFB,SLC14A1,1
CBFB,PSMF1,1
CBFB,NGLY1,1
CBFB,ZFP143,1
CBFB,FEM1B,1
CBFB,C330018D20RIK,1
CBFB,DHX33,1
CBFB,CUL2,1
CBFB,CHMP7,1
CBFB,POLD1,1
CBFB,CHORDC1,1
CBFB,PHETA2,1
CBFB,NIF3L1,1
CBFB,UBAC1,1
CBFB,SCRN3,1
CBFB,EPS15,1
CBFB,RNF141,1
CBFB,RUVBL2,1
CBFB,CDC45,1
CBFB,XPC,1
CBFB,MTMR6,1
CBFB,CDCA5,1
CBFB,YPEL3,1
CBFB,ZDHHC6,1
CBFB,CDK1,1
CBFB,ABHD16A,1
CBFB,KAT7,1
CBFB,FCHSD2,1
CBFB,PRKAB1,1
CBFB,ACSS1,1
CBFB,NAA35,1
CBFB,DNPEP,1
CBFB,STXBP3,1
CBFB,TAB1,1
CBFB,PTPN12,1
CBFB,NT5DC1,1
CBFB,HMBS,1
CBFB,ZBTB20,1
CBFB,METAP1,1
CBFB,ZZZ3,1
CBFB,ATP7B,1
CBFB,ALG11,1
CBFB,TCP11L2,1
CBFB,LCP1,1
CBFB,XAB2,1
CBFB,TOX4,1
CBFB,HDGF,1
CBFB,ENPP4,1
CBFB,CYB5R3,1
CBFB,UBE2G2,1
CBFB,CRK,1
CBFB,SACM1L,1
CBFB,FGFR1OP,1
CBFB,ELAC2,1
CBFB,VPS33B,1
CBFB,CKAP5,1
CBFB,ZFP62,1
CBFB,PDE4B,1
CBFB,WDR75,1
CBFB,MBTPS1,1
CBFB,CLCN4,1
CBFB,WDR45B,1
CBFB,FNTA,1
CBFB,BCLAF3,1
CBFB,GTF2E1,1
CBFB,IFRD2,1
CBFB,GPR171,1
CBFB,EZR,1
CBFB,ZFP24,1
CBFB,TBCD,1
CBFB,GYPA,1
CBFB,PHAX,1
CBFB,MCM7,1
CBFB,IFT140,1
CBFB,ST8SIA4,1
CBFB,ATL2,1
CBFB,ISG20,1
CBFB,KIF11,1
CBFB,AURKA,1
CBFB,CNOT7,1
CBFB,PTDSS1,1
CBFB,CHP1,1
CBFB,ATG4B,1
CBFB,AHCYL1,1
CBFB,WDSUB1,1
CBFB,ZFP397,1
CBFB,UBR1,1
CBFB,RAD21,1
CBFB,LANCL2,1
CBFB,IPO9,1
CBFB,HAUS2,1
CBFB,ADK,1
CBFB,MCM4,1
CBFB,CEP70,1
CBFB,SRSF1,1
CBFB,NOL9,1
CBFB,BAP1,1
CBFB,DEK,1
CBFB,ARHGAP15,1
CBFB,STAT3,1
CBFB,PRMT7,1
CBFB,NOLC1,1
CBFB,HARS2,1
CBFB,HARS,1
CBFB,RNF139,1
CBFB,FASTKD2,1
CBFB,COA5,1
CBFB,THUMPD3,1
CBFB,MOGS,1
CBFB,CDCA3,1
CBFB,CTR9,1
CBFB,CNOT10,1
CBFB,SLC31A1,1
CBFB,MARS,1
CBFB,TFRC,1
CBFB,UROS,1
CBFB,PTCD3,1
CBFB,SLA2,1
CBFB,NUDCD1,1
CBFB,MGST3,1
CBFB,RFC4,1
CBFB,TCF12,1
CBFB,GFI1,1
CBFB,FAM45A,1
CBFB,CUL3,1
CBFB,CDCA8,1
CBFB,NCAPH,1
CBFB,EFTUD2,1
CBFB,MIOS,1
CBFB,BLZF1,1
CBFB,D10WSU102E,1
CBFB,UBR7,1
CBFB,CDCA4,1
CBFB,PPOX,1
CBFB,ELP3,1
CBFB,FAM168B,1
CBFB,MEMO1,1
CBFB,RNF145,1
CBFB,HIST1H1C,1
CBFB,COPS8,1
CBFB,ABTB1,1
CBFB,VKORC1L1,1
CBFB,GALK2,1
CBFB,DUSP1,1
CBFB,ADAMTS10,1
CBFB,TBL3,1
CBFB,SPTBN1,1
CBFB,ITSN1,1
CBFB,ZYX,1
CBFB,CENPO,1
CBFB,VPS33A,1
CBFB,PACSIN2,1
CBFB,SATB1,1
CBFB,NDC1,1
CBFB,HACD3,1
CBFB,CRBN,1
CBFB,UAP1,1
CBFB,VIM,1
CBFB,FAM136A,1
CBFB,EIF2B1,1
CBFB,MIEF1,1
CBFB,MTREX,1
CBFB,DOK2,1
CBFB,ZFP655,1
CBFB,CCNE2,1
CBFB,PLD3,1
CBFB,NECAP2,1
CBFB,PLIN3,1
CBFB,FARSB,1
CBFB,NFKBIA,1
CBFB,USF3,1
CBFB,CPOX,1
CBFB,DENND1C,1
CBFB,LPCAT3,1
CBFB,ILVBL,1
CBFB,KPNA3,1
CBFB,NDUFV1,1
CBFB,RRM1,1
CBFB,SDHAF2,1
CBFB,CUL4A,1
CBFB,ZFP672,1
CBFB,MINPP1,1
CBFB,ICE1,1
CBFB,HERC4,1
CBFB,USP37,1
CBFB,ABCB8,1
CBFB,NCAPD2,1
CBFB,ASAH1,1
CBFB,TTF1,1
CBFB,NUBP2,1
CBFB,D1ERTD622E,1
CBFB,POLR3F,1
CBFB,FOXRED1,1
CBFB,SP4,1
CBFB,CKS1B,1
CBFB,SCFD1,1
CBFB,P2RY14,1
CBFB,ALKBH8,1
CBFB,PSMD9,1
CBFB,NELFB,1
CBFB,SETD2,1
CBFB,RARS,1
CBFB,NR4A1,1
CBFB,HDAC2,1
CBFB,UBASH3A,1
CBFB,BYSL,1
CBFB,TMEM68,1
CBFB,TIMM50,1
CBFB,AFF4,1
CBFB,ZDHHC13,1
CBFB,TUBGCP2,1
CBFB,ABI1,1
CBFB,PSTPIP1,1
CBFB,TSPAN3,1
CBFB,NUP155,1
CBFB,SGO1,1
CBFB,MARCH5,1
CBFB,PBK,1
CBFB,SMC2,1
CBFB,PSMD6,1
CBFB,WDR73,1
CBFB,NEK9,1
CBFB,CPT2,1
CBFB,MXD3,1
CBFB,AHCTF1,1
CBFB,CAST,1
CBFB,NSMAF,1
CBFB,PHB2,1
CBFB,CYP20A1,1
CBFB,MED22,1
CBFB,E2F8,1
CBFB,TPX2,1
CBFB,NRF1,1
CBFB,DCK,1
CBFB,FOS,1
CBFB,TSPAN14,1
CBFB,PICALM,1
CBFB,POLR1B,1
CBFB,ABCB4,1
CBFB,SHCBP1,1
CBFB,PPP6C,1
CBFB,MFSD1,1
CBFB,PACS1,1
CBFB,UBXN2B,1
CBFB,ZFP35,1
CBFB,RORC,1
CBFB,FKBP1A,1
CBFB,CTSE,1
CBFB,ITIH5,1
CBFB,TRMT6,1
CBFB,P2RX4,1
CBFB,FAAP100,1
CBFB,VPS35,1
CBFB,ORC6,1
CBFB,CISH,1
CBFB,MFN2,1
CBFB,MAD2L1,1
CBFB,DPP8,1
CBFB,DTL,1
CBFB,NCAPG2,1
CBFB,NFE2L2,1
CBFB,NUP93,1
CBFB,ANXA5,1
CBFB,GTF2F1,1
CBFB,ATP13A1,1
CBFB,MAU2,1
CBFB,MAPK1,1
CBFB,RNF19A,1
CBFB,WDR4,1
CBFB,RMND5A,1
CBFB,LAP3,1
CBFB,VAMP3,1
CBFB,OASL2,1
CBFB,SMIM5,1
CBFB,RGCC,1
CBFB,LRRC8C,1
CBFB,DCAF11,1
CBFB,OPTN,1
CBFB,SLC20A1,1
CBFB,FZR1,1
CBFB,RPA2,1
CBFB,CRIP2,1
CBFB,AAR2,1
CBFB,SGPL1,1
CBFB,GTF3C3,1
CBFB,NUP85,1
CBFB,PCCA,1
CBFB,4833439L19RIK,1
CBFB,CENPK,1
CBFB,ZFP367,1
CBFB,GOLT1B,1
CBFB,HSPH1,1
CBFB,ME2,1
CBFB,DRAM2,1
CBFB,CEPT1,1
CBFB,TMEM186,1
CBFB,LMBRD1,1
CBFB,MCM6,1
CBFB,RFESD,1
CBFB,SMAD2,1
CBFB,PIK3C3,1
CBFB,EXOC3,1
CBFB,AP1B1,1
CBFB,KLF1,1
CBFB,TMX1,1
CBFB,EXOC2,1
CBFB,ARL8B,1
CBFB,ZFP322A,1
CBFB,SPPL2A,1
CBFB,NARFL,1
CBFB,RNF4,1
CBFB,SLC18A2,1
CBFB,FPGS,1
CBFB,CNIH1,1
CBFB,NUP107,1
CBFB,MYNN,1
CBFB,CACFD1,1
CBFB,ACAA2,1
CBFB,RCC1,1
CBFB,WDHD1,1
CBFB,AURKB,1
CBFB,FEM1A,1
CBFB,LDAH,1
CBFB,LONP1,1
CBFB,PQLC1,1
CBFB,CENPF,1
CBFB,TOPORS,1
CBFB,XRCC3,1
CBFB,STEAP3,1
CBFB,MRM1,1
CBFB,CCNA2,1
CBFB,PLAG1,1
CBFB,HNRNPLL,1
CBFB,TARS,1
CBFB,ZFP110,1
CBFB,LYRM4,1
CBFB,KIF20B,1
CBFB,FBXO5,1
CBFB,ETF1,1
CBFB,ATG12,1
CBFB,AP3S1,1
CBFB,RB1,1
CBFB,ODC1,1
CBFB,COPB1,1
CBFB,FTSJ3,1
CBFB,TRPV2,1
CBFB,ADO,1
CBFB,SLC25A38,1
CBFB,NCLN,1
CBFB,GOLPH3,1
CBFB,PITRM1,1
CBFB,ANAPC4,1
CBFB,STXBP4,1
CBFB,TMEM168,1
CBFB,MTHFD1,1
CBFB,GYG,1
CBFB,CENPA,1
CBFB,RANBP3,1
CBFB,BTRC,1
CBFB,TASP1,1
CBFB,PLAA,1
CBFB,XRCC5,1
CBFB,CDT1,1
CBFB,STAP1,1
CBFB,DNAJC5,1
CBFB,TRIM30A,1
CBFB,NIT1,1
CBFB,KLHL24,1
CBFB,ARHGEF6,1
CBFB,HUS1,1
CBFB,DOCK2,1
CBFB,IRF1,1
CBFB,2610301B20RIK,1
CBFB,MCM3,1
CBFB,MYO1D,1
CBFB,SESN1,1
CBFB,COQ8A,1
CBFB,CDK19,1
CBFB,POGLUT1,1
CBFB,DNM1L,1
CBFB,ZFP451,1
CBFB,RNF13,1
CBFB,NASP,1
CBFB,NR2C1,1
CBFB,LPIN2,1
CBFB,HNRNPAB,1
CBFB,CD1D1,1
CBFB,UHRF1,1
CBFB,SLC19A1,1
CBFB,SNAPC3,1
CBFB,COG6,1
CBFB,TTF2,1
CBFB,TCF19,1
CBFB,NEDD1,1
CBFB,RCSD1,1
CBFB,GM2A,1
CBFB,COG7,1
CBFB,PRELID3B,1
CBFB,GFM1,1
CBFB,SMARCA2,1
CBFB,HSDL1,1
CBFB,CCNF,1
CBFB,ARHGAP4,1
CBFB,JPT2,1
CBFB,DIS3L2,1
CBFB,REL,1
CBFB,ZFP961,1
CBFB,UROD,1
CBFB,CTNNA1,1
CBFB,RMND5B,1
CBFB,GSTM1,1
CBFB,TVP23B,1
CBFB,CKAP2L,1
CBFB,NAE1,1
CBFB,MRPL37,1
CBFB,XK,1
CBFB,MTAP,1
CBFB,SNRPB,1
CBFB,PTDSS2,1
CBFB,CHMP3,1
CBFB,LDHB,1
CBFB,PSMD5,1
CBFB,MCM5,1
CBFB,NCAPG,1
CBFB,MYCN,1
CBFB,SEPT6,1
CBFB,PIP4K2A,1
CBFB,GNAI3,1
CBFB,MT2,1
CBFB,LIG1,1
CBFB,GSKIP,1
CBFB,GMCL1,1
CBFB,APLP2,1
CBFB,PA2G4,1
CBFB,ALG9,1
CBFB,B230219D22RIK,1
CBFB,IL21R,1
CBFB,SLC30A5,1
CBFB,NAA50,1
CBFB,FECH,1
CBFB,ATP6V1A,1
CBFB,PPIL4,1
CBFB,PLK1,1
CBFB,FBXW5,1
CBFB,DHFR,1
CBFB,ACOX1,1
CBFB,HAGH,1
CBFB,TMEM177,1
CBFB,ALDH18A1,1
CBFB,TBC1D15,1
CBFB,SPC25,1
CBFB,ELP2,1
CBFB,CASP3,1
CBFB,CYTH4,1
CBFB,VAV1,1
CBFB,METTL8,1
CBFB,RHOF,1
CBFB,CAPN7,1
CBFB,PRKAA1,1
CBFB,HMGB2,1
CBFB,ZKSCAN3,1
CBFB,ASB8,1
CBFB,BCAP29,1
CBFB,ARAP1,1
CBFB,SMIM15,1
CBFB,OAT,1
CBFB,STT3B,1
CBFB,KIDINS220,1
CBFB,NUSAP1,1
CBFB,SLC39A10,1
CBFB,MKI67,1
CBFB,RASA3,1
CBFB,BUB1B,1
CBFB,IL27RA,1
CBFB,HEATR5A,1
CBFB,WDR6,1
CBFB,TTLL12,1
CBFB,DLST,1
CBFB,TMEM64,1
CBFB,PSEN2,1
CBFB,RRM2,1
CBFB,NADK,1
CBFB,RELB,1
CBFB,GEMIN5,1
CBFB,DPH2,1
CBFB,MBOAT2,1
CBFB,PAFAH1B2,1
CBFB,INTS8,1
CBFB,ZFP871,1
CBFB,UBA7,1
CBFB,LRRC14,1
CBFB,HMMR,1
CBFB,CHAMP1,1
CBFB,PIGQ,1
CBFB,METAP1D,1
CBFB,CTLA2A,1
CBFB,UAP1L1,1
CBFB,MAPK9,1
CBFB,ZSCAN21,1
CBFB,PRIM2,1
CBFB,POLR2B,1
CBFB,SQLE,1
CBFB,BUB1,1
CBFB,MTO1,1
CBFB,CBX7,1
CBFB,USP4,1
CBFB,ZBTB43,1
CBFB,USP10,1
CBFB,ZKSCAN6,1
CBFB,FADS1,1
CBFB,XPR1,1
CBFB,SSX2IP,1
CBFB,LCP2,1
CBFB,CHUK,1
CBFB,BTAF1,1
CBFB,TM7SF3,1
CBFB,IPO4,1
CBFB,ABCD3,1
CBFB,TFG,1
CBFB,RABIF,1
CBFB,CTSC,1
CBFB,USP8,1
CBFB,CKAP2,1
CBFB,ORC2,1
CBFB,LSP1,1
CBFB,ALDH9A1,1
CBFB,ANXA2,1
CBFB,TMUB2,1
CBFB,SEC23IP,1
CBFB,HIST1H2BC,1
CBFB,SPTLC1,1
CBFB,NPLOC4,1
CBFB,RGS2,1
CBFB,DDX1,1
CBFB,RFC5,1
CBFB,LEPROT,1
CBFB,TBC1D10C,1
CBFB,SLC25A46,1
CBFB,ZFP467,1
CBFB,TUBGCP3,1
CBFB,LZTR1,1
CBFB,SGTA,1
CBFB,TMEM164,1
CBFB,RGS19,1
CBFB,NUDT19,1
CBFB,SLC16A1,1
CBFB,CDC20,1
CBFB,CDC7,1
CBFB,SPC24,1
CBFB,RORA,1
CBFB,RPAP1,1
CBFB,ASF1B,1
CBFB,LRRFIP1,1
CBFB,RPP40,1
CBFB,WDR55,1
CBFB,RGS1,1
CBFB,PSAT1,1
CBFB,RAB37,1
CBFB,TMEM97,1
CBFB,STARD10,1
CBFB,PDCL,1
CBFB,ATP6AP2,1
CBFB,AK3,1
CBFB,LLGL1,1
CBFB,COPB2,1
CBFB,CD48,1
CBFB,UBAP1,1
CBFB,GPR180,1
CBFB,UCKL1,1
CBFB,NET1,1
CBFB,BC005561,1
CBFB,OSTM1,1
CBFB,NDEL1,1
CBFB,JARID2,1
CBFB,GSS,1
CBFB,UBE2C,1
CBFB,SKAP2,1
CBFB,CERS5,1
CBFB,TRIM59,1
CBFB,CD55,1
CBFB,TNFAIP2,1
CBFB,INTS13,1
CBFB,GCLC,1
CBFB,TOP2A,1
CBFB,ABL1,1
CBFB,ITFG1,1
CBFB,KLHL6,1
CBFB,RAD51,1
CBFB,MARCH6,1
CBFB,TMEM173,1
CBFB,APEH,1
CBFB,AFG3L2,1
CBFB,ATP1B2,1
CBFB,ENDOD1,1
CBFB,PRKAR2B,1
CBFB,PRC1,1
CBFB,BUB3,1
CBFB,YBX3,1
CBFB,PRPF4,1
CBFB,PSEN1,1
CBFB,MAVS,1
CBFB,CYTH3,1
CBFB,YBX1,1
CBFB,PON2,1
CBFB,NARF,1
CBFB,QARS,1
CBFB,NPTN,1
CBFB,ZFP592,1
CBFB,TRIB2,1
CBFB,CPQ,1
CBFB,UTP4,1
CBFB,GNPDA1,1
CBFB,VPS41,1
CBFB,DENND2D,1
CBFB,JAK3,1
CBFB,PQLC3,1
CBFB,TMEM206,1
CBFB,TYK2,1
CBFB,SLC44A2,1
CBFB,SPPL2B,1
CBFB,CCDC137,1
CBFB,TXNRD2,1
CBFB,TLK1,1
CBFB,CNP,1
CBFB,CTSO,1
CBFB,NUP88,1
CBFB,ANKFY1,1
CBFB,TMEM109,1
CBFB,POT1A,1
CBFB,BTG2,1
CBFB,PREP,1
CBFB,GORASP1,1
CBFB,TOLLIP,1
CBFB,INPP1,1
CBFB,2210016F16RIK,1
CBFB,METTL27,1
CBFB,GIMAP5,1
CBFB,EIF4ENIF1,1
CBFB,TCIRG1,1
CBFB,HCLS1,1
CBFB,GANAB,1
CBFB,TANGO2,1
CBFB,TIPIN,1
CBFB,SUN1,1
CBFB,IARS2,1
CBFB,TERF2IP,1
CBFB,G6PDX,1
CBFB,ERLIN1,1
CBFB,GNA13,1
CBFB,ZFP266,1
CBFB,SEPT8,1
CBFB,E2F4,1
CBFB,SERPINB6B,1
CBFB,TMC6,1
CBFB,TSPAN33,1
CBFB,ZFP639,1
CBFB,TWSG1,1
CBFB,L2HGDH,1
CBFB,ELL2,1
CBFB,GMNN,1
CBFB,VHL,1
CBFB,LMO4,1
CBFB,VPS11,1
CBFB,GMPR,1
CBFB,SGPP1,1
CBFB,TAF1,1
CBFB,EDC3,1
CBFB,USP25,1
CBFB,KDM6A,1
CBFB,CERS4,1
CBFB,EPSTI1,1
CBFB,LTB,1
CBFB,ZKSCAN17,1
CBFB,PLXNC1,1
CBFB,ERCC8,1
CBFB,CAD,1
CBFB,MT1,1
CBFB,CES2G,1
CBFB,MAN1A,1
CBFB,NDRG1,1
CBFB,EPOR,1
CBFB,RPA1,1
CBFB,MPL,1
CBFB,BLVRB,1
CBFB,MCM2,1
CBFB,ATAD1,1
CBFB,DCAF4,1
CBFB,KLF3,1
CBFB,ABCF3,1
CBFB,CYB5R1,1
CBFB,MYB,1
CBFB,E2F6,1
CBFB,ST6GALNAC4,1
CBFB,CCNB1,1
CBFB,ZMYM3,1
CBFB,TPP1,1
CBFB,KLF6,1
CBFB,SPHK1,1
CBFB,FLOT2,1
CBFB,ATP11C,1
CBFB,PPM1H,1
CBFB,TNFAIP8,1
CBFB,SLA,1
CBFB,METTL7A1,1
CBFB,KNSTRN,1
CBFB,YOD1,1
CBFB,MCM10,1
CBFB,ADSSL1,1
CBFB,TMEM176B,1
CBFB,TMEM176A,1
CBFB,CAR1,1
CBFB,GFI1B,1
CBFB,EPAS1,1
CBFB,SALL2,1
CBFB,GIMAP6,1
CBFB,TYMS,1
CBFB,CCNE1,1
CBFB,CCNB2,1
CBFB,PWP1,1
CBFB,ISYNA1,1
CBFB,MYH10,1
CBFB,HEXA,1
CBFB,ITGA6,1
CBFB,STOM,1
CBFB,D230025D16RIK,1
CBFB,XPNPEP1,1
CBFB,HLF,1
CBFB,SLC30A6,1
CBFB,IKZF1,1
CBFB,JUN,1
CBFB,MAPKAPK3,1
CBFB,CLN5,1
CBFB,MNS1,1
CBFB,UMPS,1
CBFB,RDH11,1
CBFB,AQP9,1
CBFB,SLC6A6,1
CBFB,SQOR,1
CBFB,SELENOP,1
CBFB,MFSD2B,1
CBFB,MTFR1,1
CBFB,NDE1,1
CBFB,GSR,1
CBFB,SP100,1
CBFB,TRIB3,1
CBFB,TUBGCP5,1
CBFB,LMNA,1
CBFB,BID,1
CBFB,RNASEL,1
CBFB,FAM91A1,1
CBFB,PITPNB,1
CBFB,TBC1D2B,1
CBFB,UBA3,1
CBFB,HPN,1
CBFB,NAMPT,1
CBFB,LAPTM4B,1
CBFB,STX12,1
CBFB,HPCAL1,1
CBFB,PUS7,1
CBFB,GIMAP1,1
CBFB,MFNG,1
CBFB,TRPS1,1
CBFB,PDK3,1
CBFB,UNC93B1,1
CBFB,CDC6,1
CBFB,ZFP945,1
CBFB,PCYT2,1
CBFB,IARS,1
CBFB,TMX3,1
CBFB,UGCG,1
CBFB,GUSB,1
CBFB,SPRYD4,1
CBFB,FTSJ1,1
CBFB,NFATC2,1
CBFB,EYA1,1
CBFB,AP1G2,1
CBFB,AMPD3,1
CBFB,CARHSP1,1
CBFB,SLC29A1,1
CBFB,GLIPR2,1
CBFB,GPSM2,1
CBFB,HELLS,1
CBFB,FOXO1,1
CBFB,RUNX2,1
CBFB,PLBD2,1
CBFB,PHF10,1
CBFB,BMI1,1
CBFB,NOTCH1,1
CBFB,CORO1A,1
CBFB,TAPT1,1
CBFB,PRPS1,1
CBFB,BAG2,1
CBFB,PPP2R1B,1
CBFB,TEAD3,1
CBFB,EGR1,1
CBFB,TAF12,1
CBFB,CCNG1,1
CBFB,THRB,1
CBFB,TMEM263,1
CBFB,MFSD14B,1
CBFB,IDH3A,1
CBFB,INPP5B,1
CBFB,STXBP1,1
CBFB,PGM1,1
CBFB,IRF6,1
CBFB,ELMO1,1
CBFB,GSTM5,1
CBFB,LPCAT1,1
CBFB,TRMT11,1
CBFB,SLC11A2,1
CBFB,ANKLE1,1
CBFB,DCTD,1
CBFB,GOLM1,1
CBFB,ZFP930,1
CBFB,MAP4K2,1
CBFB,HACD4,1
CBFB,MFGE8,1
CBFB,ELOVL1,1
CBFB,GCNT2,1
CBFB,TMEM185A,1
CBFB,KIF22,1
CBFB,CD82,1
CBFB,AHR,1
CBFB,PADI4,1
CBFB,CTTN,1
CBFB,EXT2,1
CBFB,ANXA6,1
CBFB,CYTIP,1
CBFB,ZBTB10,1
CBFB,DDX58,1
CBFB,PLCB2,1
CBFB,ETS1,1
CBFB,SLC40A1,1
CBFB,SLC25A21,1
CBFB,NFATC1,1
CBFB,SLC25A45,1
CBFB,TMEM56,1
CBFB,ANKRD27,1
CBFB,GPKOW,1
CBFB,ZFP275,1
CBFB,NAGA,1
CBFB,FUCA2,1
CBFB,ST3GAL5,1
CBFB,ESR1,1
CBFB,FAM234B,1
CBFB,KLHL22,1
CBFB,APBB1,1
CBFB,NUDT4,1
CBFB,ATP6AP1,1
CBFB,SNCA,1
CBFB,ZEB2,1
CBFB,ALAD,1
CBFB,KEL,1
CBFB,SLC43A3,1
CBFB,ANGPT1,1
CBFB,MARCH8,1
CBFB,ABCG2,1
CBFB,STX17,1
CBFB,TK1,1
CBFB,PLIN2,1
CBFB,POLA2,1
CBFB,SLC41A3,1
CBFB,EMB,1
CBFB,GRAMD1A,1
CBFB,CSAD,1
CBFB,NSDHL,1
CBFB,SCARB1,1
CBFB,PCLAF,1
CBFB,PAK1,1
CBFB,PEAR1,1
CBFB,CALCRL,1
CBFB,RUNX1T1,1
CBFB,PHACTR2,1
CBFB,PLA2G12A,1
CBFB,GBP2,1
CBFB,H1F0,1
CBFB,TCN2,1
CBFB,CD84,1
CBFB,MYO1G,1
CBFB,RTP4,1
CBFB,PRPS2,1
CBFB,WLS,1
CBFB,CTLA2B,1
CBFB,ADD2,1
CBFB,EBF1,1
CBFB,IFI204,1
CBFB,NAPSA,1
CBFB,MYL10,1
CBFB,GRN,1
CBFB,ANK,1
CBFB,MAN2A2,1
CBFB,PIK3IP1,1
CBFB,INKA1,1
CBFB,RAB32,1
CBFB,UBL4A,1
CBFB,IKZF2,1
CBFB,PRKCQ,1
CBFB,ST3GAL6,1
CBFB,RNF213,1
CBFB,MYC,1
CBFB,APOE,1
CBFB,KLHL23,1
CBFB,PRIM1,1
CBFB,CITED4,1
CBFB,TSPO2,1
CBFB,MNDAL,1
CBFB,DECR1,1
CBFB,ASNS,1
CBFB,IFI203,1
CBFB,ELF4,1
CBFB,ABCB10,1
CBFB,ANXA4,1
CBFB,ID2,1
CBFB,TENT5A,1
CBFB,SMIM1,1
CBFB,ERMAP,1
CBFB,EMILIN1,1
CBFB,TOR3A,1
CBFB,VDR,1
CBFB,SNX10,1
CBFB,ZFP30,1
CBFB,PPIC,1
CBFB,PLCG2,1
CBFB,NXPE2,1
CBFB,NEURL3,1
CBFB,RARB,1
CBFB,SCARF1,1
CBFB,TLE2,1
CBFB,GNB4,1
CBFB,NUPR1,1
CBFB,SPI1,1
CBFB,ZFP36,1
CBFB,PTGS1,1
CBFB,HSD3B7,1
CBFB,GNG11,1
CBFB,IFI30,1
CBFB,HEBP1,1
CBFB,CPT1A,1
CBFB,MEIS1,1
CBFB,SIGIRR,1
CBFB,HDAC11,1
CBFB,MYCT1,1
CBFB,PLEK,1
CBFB,MCTP1,1
CBFB,CD9,1
CBFB,IRF8,1
CBFB,SVIP,1
CBFB,PPARGC1A,1
CBFB,ANXA1,1
CBFB,TIFA,1
CBFB,RNASE6,1
CBFB,GRINA,1
CBX7,TMEM56,1
CBX7,SLC25A21,1
CBX7,MECOM,1
CBX7,RUNX1T1,1
CBX7,SOX18,1
CBX7,CLCN4,1
CBX7,CREB5,1
CBX7,PRKCH,1
CBX7,SAMD14,1
CBX7,PLXNC1,1
CBX7,SATB1,1
CBX7,EYA2,1
CBX7,RASSF5,1
CBX7,IRF5,1
CBX7,EMILIN2,1
CBX7,NFIA,1
CBX7,TIFA,1
CBX7,TENT5A,1
CBX7,THRB,1
CBX7,PPM1H,1
CBX7,PHACTR2,1
CBX7,ZFP467,1
CBX7,TRIB2,1
CBX7,ATP1B2,1
CBX7,COL5A1,1
CBX7,MCTP1,1
CBX7,VIM,1
CBX7,PGR,1
CBX7,ST3GAL6,1
CBX7,CITED4,1
CBX7,IKZF1,1
CBX7,TRIM47,1
CBX7,RGCC,1
CBX7,LRRFIP1,1
CBX7,ZBTB10,1
CBX7,SGPP1,1
CBX7,MEF2C,1
CBX7,SPHK1,1
CBX7,MYB,1
CBX7,ZEB2,1
CBX7,RCSD1,1
CBX7,MAN1A,1
CBX7,RORA,1
CBX7,EPAS1,1
CBX7,TSC22D3,1
CBX7,EBF1,1
CBX7,PIP4K2A,1
CBX7,HLF,1
CBX7,SPNS2,1
CBX7,JUN,1
CBX7,SLC22A3,1
CBX7,REL,1
CBX7,RNF213,1
CBX7,BMI1,1
CBX7,ATP2A3,1
CBX7,NFATC2,1
CBX7,WLS,1
CBX7,AP1B1,1
CBX7,HDAC7,1
CBX7,RAB31,1
CBX7,SLC18A2,1
CBX7,ST8SIA4,1
CBX7,ABCB4,1
CBX7,SOX6,1
CBX7,NDN,1
CBX7,PEAR1,1
CBX7,DUSP2,1
CBX7,RUNX2,1
CBX7,ANK,1
CBX7,SMARCA2,1
CBX7,HPCAL1,1
CBX7,PQLC1,1
CBX7,ETS1,1
CBX7,NDRG1,1
CBX7,NR3C2,1
CBX7,IRF8,1
CBX7,SLC43A1,1
CBX7,SALL2,1
CBX7,ANKRD27,1
CBX7,ATP7B,1
CBX7,ALG11,1
CBX7,SGPL1,1
CBX7,RARB,1
CBX7,GATM,1
CBX7,NFATC1,1
CBX7,VDR,1
CBX7,NOTCH1,1
CBX7,E2F6,1
CBX7,PRDM16,1
CBX7,FOS,1
CBX7,LPIN2,1
CBX7,EYA1,1
CBX7,ADSSL1,1
CBX7,PRKCQ,1
CBX7,KLHL22,1
CBX7,MT1,1
CBX7,MFSD1,1
CBX7,OAT,1
CBX7,RGS2,1
CBX7,PRKAR2B,1
CBX7,USP25,1
CBX7,PLEC,1
CBX7,STX17,1
CBX7,RAB32,1
CBX7,HSPA4L,1
CBX7,ACSS1,1
CBX7,ADD2,1
CBX7,TNFAIP2,1
CBX7,AMPD3,1
CBX7,LRRC8C,1
CBX7,ENDOD1,1
CBX7,ANGPT1,1
CBX7,CD82,1
CBX7,STARD10,1
CBX7,MEIS1,1
CBX7,GYPC,1
CBX7,RASA3,1
CBX7,PLPPR3,1
CBX7,GYG,1
CBX7,D1ERTD622E,1
CBX7,ANXA5,1
CBX7,MAPK12,1
CBX7,GFI1,1
CBX7,PLCG2,1
CBX7,ANXA2,1
CBX7,CD34,1
CBX7,SQOR,1
CBX7,AFAP1L1,1
CBX7,PBX1,1
CBX7,TNFAIP8,1
CBX7,HDAC2,1
CBX7,GMPR,1
CBX7,MYC,1
CBX7,CMPK2,1
CBX7,SNCA,1
CBX7,PPIC,1
CBX7,TSHZ3,1
CBX7,PTGS1,1
CBX7,ZYX,1
CBX7,STEAP3,1
CBX7,ICA1,1
CBX7,NSMAF,1
CBX7,TLE2,1
CBX7,GATA2,1
CBX7,OPTN,1
CBX7,TCF12,1
CBX7,HIST1H1C,1
CBX7,TES,1
CBX7,CTSC,1
CBX7,KRT18,1
CBX7,KLHL23,1
CBX7,FAM234B,1
CBX7,SLC43A3,1
CBX7,TMX1,1
CBX7,DDHD2,1
CBX7,MT2,1
CBX7,E2F8,1
CBX7,FEM1A,1
CBX7,STXBP1,1
CBX7,UNC93B1,1
CBX7,NCEH1,1
CBX7,ANKLE1,1
CBX7,CD63,1
CBX7,ANKFY1,1
CBX7,PCP4L1,1
CBX7,SEPT8,1
CBX7,SLC40A1,1
CBX7,DENND2D,1
CBX7,SLC11A2,1
CBX7,ARHGEF6,1
CBX7,CHP1,1
CBX7,LDHB,1
CBX7,GNAI3,1
CBX7,ANAPC2,1
CBX7,PLAG1,1
CBX7,ERLIN1,1
CBX7,TRPS1,1
CBX7,FADS1,1
CBX7,TOM1L1,1
CBX7,EIF2B1,1
CBX7,D230025D16RIK,1
CBX7,NCAPG2,1
CBX7,MBOAT2,1
CBX7,GLIPR2,1
CBX7,PPIL4,1
CBX7,HSDL1,1
CBX7,9430015G10RIK,1
CBX7,VPS33A,1
CBX7,PRPS2,1
CBX7,ASNS,1
CBX7,RRM1,1
CBX7,APBB1,1
CBX7,BTRC,1
CBX7,PSMD5,1
CBX7,SPPL2B,1
CBX7,GMFB,1
CBX7,NARFL,1
CBX7,WDHD1,1
CBX7,STXBP4,1
CBX7,TPP1,1
CBX7,NUDT9,1
CBX7,MINPP1,1
CBX7,GORASP1,1
CBX7,SLC20A1,1
CBX7,XRCC6,1
CBX7,WDR45B,1
CBX7,IFRD2,1
CBX7,IRF6,1
CBX7,CHAMP1,1
CBX7,PRC1,1
CBX7,SEPT6,1
CBX7,RORC,1
CBX7,NEDD1,1
CBX7,EGR1,1
CBX7,UROS,1
CBX7,ESYT2,1
CBX7,ZFP143,1
CBX7,NUF2,1
CBX7,ID2,1
CBX7,CLN5,1
CBX7,PITPNB,1
CBX7,NFAT5,1
CBX7,EPDR1,1
CBX7,IL15,1
CBX7,NELFB,1
CBX7,GMCL1,1
CBX7,LANCL2,1
CBX7,SLC19A1,1
CBX7,RNF19A,1
CBX7,PTDSS1,1
CBX7,MARCH8,1
CBX7,PRELID3B,1
CBX7,B230219D22RIK,1
CBX7,YPEL3,1
CBX7,COA5,1
CBX7,STOM,1
CBX7,MRM1,1
CBX7,CYTH3,1
CBX7,H1F0,1
CBX7,PON2,1
CBX7,DUS1L,1
CBX7,CENPK,1
CBX7,EPOR,1
CBX7,BAP1,1
CBX7,ZZZ3,1
CBX7,TOPORS,1
CBX7,SCFD1,1
CBX7,EXT2,1
CBX7,ZFP655,1
CBX7,SNAP23,1
CBX7,EPS15,1
CBX7,DNAJC5,1
CBX7,COPG1,1
CBX7,NDEL1,1
CBX7,ME2,1
CBX7,GNPDA1,1
CBX7,PHAX,1
CBX7,DLST,1
CBX7,ABHD16A,1
CBX7,RPA1,1
CBX7,RNF4,1
CBX7,MAU2,1
CBX7,CALU,1
CBX7,KDM6A,1
CBX7,ANXA6,1
CBX7,THUMPD3,1
CBX7,MAVS,1
CBX7,ARL8B,1
CBX7,ATAD2,1
CBX7,SLC30A5,1
CBX7,RAB37,1
CBX7,CAD,1
CBX7,PREP,1
CBX7,POLD1,1
CBX7,MAPK9,1
CBX7,IARS,1
CBX7,HEBP1,1
CBX7,HAGH,1
CBX7,DPP8,1
CBX7,AK3,1
CBX7,TWSG1,1
CBX7,TFRC,1
CBX7,LMBRD1,1
CBX7,FKBP1A,1
CBX7,NUSAP1,1
CBX7,COPB2,1
CBX7,LMNA,1
CBX7,TMEM97,1
CBX7,TIMM50,1
CBX7,ZFP24,1
CBX7,XPC,1
CBX7,TIPIN,1
CBX7,STXBP3,1
CBX7,GPR180,1
CBX7,POT1A,1
CBX7,HAUS2,1
CBX7,NT5DC1,1
CBX7,FES,1
CBX7,PROCR,1
CBX7,CRK,1
CBX7,NOLC1,1
CBX7,RNF139,1
CBX7,RFESD,1
CBX7,NIF3L1,1
CBX7,CPT1A,1
CBX7,CENPF,1
CBX7,CDCA3,1
CBX7,ZFP672,1
CBX7,UBE2G2,1
CBX7,PITRM1,1
CBX7,AHCYL1,1
CBX7,SEH1L,1
CBX7,SACM1L,1
CBX7,IRF1,1
CBX7,GARS,1
CBX7,ELAC2,1
CBX7,TBCD,1
CBX7,SNAPC3,1
CBX7,ERLIN2,1
CBX7,DUSP1,1
CBX7,PRDM4,1
CBX7,SCRN3,1
CBX7,NFXL1,1
CBX7,DNAJC11,1
CBX7,COQ8A,1
CBX7,CIPC,1
CBX7,PRMT7,1
CBX7,MARS,1
CBX7,CHUK,1
CBX7,ATG4B,1
CBX7,CCNE1,1
EBF1,ARAP1,1
EBF1,RABIF,1
EBF1,MORC3,1
EBF1,POLD1,1
EBF1,GFI1B,1
EBF1,DUSP2,1
EBF1,IL27RA,1
EBF1,FIGNL1,1
EBF1,CDT1,1
EBF1,EZR,1
EBF1,DHX33,1
EBF1,PLCG2,1
EBF1,STEAP3,1
EBF1,MAPK1,1
EBF1,KLHL24,1
EBF1,CKAP2L,1
EBF1,AP5M1,1
EBF1,CDK19,1
EBF1,ID2,1
EBF1,ABTB1,1
EBF1,SPPL2A,1
EBF1,MTAP,1
EBF1,APBB1,1
EBF1,NFE2,1
EBF1,RHOF,1
EBF1,TFR2,1
EBF1,PIK3R2,1
EBF1,WDHD1,1
EBF1,LRRFIP1,1
EBF1,ALKBH8,1
EBF1,IRF1,1
EBF1,ZDHHC13,1
EBF1,ZKSCAN17,1
EBF1,GLIPR2,1
EBF1,NAPSA,1
EBF1,VPS33A,1
EBF1,SLC30A5,1
EBF1,TK1,1
EBF1,ITGA6,1
EBF1,AURKB,1
EBF1,OAT,1
EBF1,JPT2,1
EBF1,HCLS1,1
EBF1,FARSB,1
EBF1,IFITM1,1
EBF1,BCLAF3,1
EBF1,OASL2,1
EBF1,NAA50,1
EBF1,ATP6V1A,1
EBF1,VIM,1
EBF1,RAB37,1
EBF1,CELA1,1
EBF1,PLEC,1
EBF1,NET1,1
EBF1,FOXO1,1
EBF1,RUVBL2,1
EBF1,SASH3,1
EBF1,ADK,1
EBF1,SELENOP,1
EBF1,MYNN,1
EBF1,CPQ,1
EBF1,NUPR1,1
EBF1,ATP2A3,1
EBF1,TASP1,1
EBF1,CD82,1
EBF1,SERPINB6B,1
EBF1,DENND1C,1
EBF1,MIS12,1
EBF1,STXBP1,1
EBF1,PLCB2,1
EBF1,MAP4K2,1
EBF1,STARD10,1
EBF1,PRDM4,1
EBF1,GYG,1
EBF1,1700017B05RIK,1
EBF1,PLBD2,1
EBF1,ZFP36,1
EBF1,EIF1AD,1
EBF1,RRM1,1
EBF1,PPOX,1
EBF1,GIMAP6,1
EBF1,CSGALNACT2,1
EBF1,ACAA2,1
EBF1,IRF5,1
EBF1,PRKAA1,1
EBF1,LRRC8C,1
EBF1,NEK9,1
EBF1,BID,1
EBF1,GOLPH3,1
EBF1,DLST,1
EBF1,COL5A1,1
EBF1,PTDSS2,1
EBF1,LONP1,1
EBF1,NARF,1
EBF1,XRCC3,1
EBF1,TSPAN3,1
EBF1,SGO1,1
EBF1,ZKSCAN6,1
EBF1,FUCA2,1
EBF1,CLCN4,1
EBF1,SLC25A46,1
EBF1,GMPR,1
EBF1,CUL2,1
EBF1,IFI30,1
EBF1,MARS,1
EBF1,RNASE6,1
EBF1,SGTA,1
EBF1,CDC7,1
EBF1,ELOVL1,1
EBF1,NFKBIA,1
EBF1,NPTN,1
EBF1,NFAT5,1
EBF1,SCRN3,1
EBF1,RCSD1,1
EBF1,MXD3,1
EBF1,IL15,1
EBF1,PIGQ,1
EBF1,CPT2,1
EBF1,TREML2,1
EBF1,TANGO2,1
EBF1,INTS13,1
EBF1,GNAI3,1
EBF1,CLPTM1L,1
EBF1,GTF2F1,1
EBF1,ARL6IP6,1
EBF1,RGS19,1
EBF1,LRRC14,1
EBF1,ITIH5,1
EBF1,FES,1
EBF1,TRMT11,1
EBF1,CDC20,1
EBF1,GOLM1,1
EBF1,UHRF1,1
EBF1,FAAP100,1
EBF1,LEPROT,1
EBF1,RUNX2,1
EBF1,BIRC5,1
EBF1,AP1B1,1
EBF1,SALL2,1
EBF1,CARHSP1,1
EBF1,NDRG1,1
EBF1,PFKM,1
EBF1,PAFAH1B2,1
EBF1,ATAD1,1
EBF1,ACSS1,1
EBF1,SQLE,1
EBF1,WDR45B,1
EBF1,IL21R,1
EBF1,TMEM168,1
EBF1,SERPINA3G,1
EBF1,ZFP30,1
EBF1,GNG11,1
EBF1,SCARB1,1
EBF1,TNFAIP8,1
EBF1,APEH,1
EBF1,TRMT2A,1
EBF1,VPS26C,1
EBF1,KLF1,1
EBF1,ZFP143,1
EBF1,RNF145,1
EBF1,DHFR,1
EBF1,PSEN1,1
EBF1,NUP107,1
EBF1,APLP2,1
EBF1,MFSD1,1
EBF1,ICA1,1
EBF1,SACM1L,1
EBF1,PRKAB1,1
EBF1,GOSR2,1
EBF1,ZFP592,1
EBF1,SLC39A10,1
EBF1,GSR,1
EBF1,AAR2,1
EBF1,CORO1A,1
EBF1,TRIB3,1
EBF1,ZFP397,1
EBF1,LIMD2,1
EBF1,ELF4,1
EBF1,TIMM50,1
EBF1,CRK,1
EBF1,PON2,1
EBF1,MIS18BP1,1
EBF1,LPCAT3,1
EBF1,PRKCH,1
EBF1,CTSE,1
EBF1,BTRC,1
EBF1,AHR,1
EBF1,SPHK1,1
EBF1,NEDD1,1
EBF1,ABCB8,1
EBF1,SMIM15,1
EBF1,NUSAP1,1
EBF1,GATA1,1
EBF1,MAN1A,1
EBF1,SPTBN1,1
EBF1,NUF2,1
EBF1,ZEB2,1
EBF1,TMEM64,1
EBF1,NDUFV1,1
EBF1,ACAP1,1
EBF1,TOR3A,1
EBF1,GYPC,1
EBF1,HACD3,1
EBF1,HEBP1,1
EBF1,UTP4,1
EBF1,SOX6,1
EBF1,NUP85,1
EBF1,ASF1B,1
EBF1,ATG16L1,1
EBF1,RARB,1
EBF1,DUSP1,1
EBF1,RFESD,1
EBF1,TSHZ3,1
EBF1,TIFA,1
EBF1,TCP11L2,1
EBF1,EMILIN1,1
EBF1,TAB1,1
EBF1,MCM7,1
EBF1,SUN1,1
EBF1,GSKIP,1
EBF1,TCIRG1,1
EBF1,NOL9,1
EBF1,ARHGAP4,1
EBF1,COQ8A,1
EBF1,NUDCD3,1
EBF1,MAN2A2,1
EBF1,ATP13A1,1
EBF1,UMPS,1
EBF1,RASA3,1
EBF1,VAV1,1
EBF1,UAP1L1,1
EBF1,SPC24,1
EBF1,STK25,1
EBF1,DDX20,1
EBF1,CISH,1
EBF1,PLA2G12A,1
EBF1,ERLIN2,1
EBF1,RCOR1,1
EBF1,SEH1L,1
EBF1,UBR1,1
EBF1,TOM1L1,1
EBF1,UROS,1
EBF1,PTGS1,1
EBF1,NDC1,1
EBF1,DEK,1
EBF1,PRC1,1
EBF1,MECOM,1
EBF1,MAVS,1
EBF1,ATL2,1
EBF1,RPAP1,1
EBF1,CD63,1
EBF1,TMEM68,1
EBF1,DNAJC5,1
EBF1,RAD51AP1,1
EBF1,IFT140,1
EBF1,CHUK,1
EBF1,CITED4,1
EBF1,USP8,1
EBF1,CAD,1
EBF1,BLVRB,1
EBF1,ZFP467,1
EBF1,INPP1,1
EBF1,IKZF1,1
EBF1,SPNS2,1
EBF1,AHCTF1,1
EBF1,EDC3,1
EBF1,SNCA,1
EBF1,CEP70,1
EBF1,D230025D16RIK,1
EBF1,RASSF5,1
EBF1,NOLC1,1
EBF1,HPCAL1,1
EBF1,VILL,1
EBF1,PSEN2,1
EBF1,SGPP1,1
EBF1,CSAD,1
EBF1,LMBRD1,1
EBF1,LMNA,1
EBF1,MIEF1,1
EBF1,CAPN7,1
EBF1,RB1,1
EBF1,ZYX,1
EBF1,RORC,1
EBF1,E2F8,1
EBF1,LPIN2,1
EBF1,CYTH4,1
EBF1,CD74,1
EBF1,SPRYD4,1
EBF1,TSPAN14,1
EBF1,KLF3,1
EBF1,TMEM129,1
EBF1,TACC3,1
EBF1,DNAJC10,1
ELF4,SLC39A9,1
ELF4,AP1G2,1
ELF4,VPS33B,1
ELF4,LDAH,1
ELF4,NUBP2,1
ELF4,VPS41,1
ELF4,XAB2,1
ELF4,NUF2,1
ELF4,PNO1,1
ELF4,GTF2F1,1
ELF4,ELAC2,1
ELF4,SKAP2,1
ELF4,INCENP,1
ELF4,PIK3R2,1
ELF4,NECAP2,1
ELF4,AURKA,1
ELF4,CENPO,1
ELF4,USP8,1
ELF4,PIK3C3,1
ELF4,WDR73,1
ELF4,DCAF13,1
ELF4,ANKRD27,1
ELF4,MEIS1,1
ELF4,TYK2,1
ELF4,OASL2,1
ELF4,TFG,1
ELF4,MCM7,1
ELF4,CKS1B,1
ELF4,RANGAP1,1
ELF4,CNOT10,1
ELF4,TMEM186,1
ELF4,PPP6C,1
ELF4,HSPH1,1
ELF4,COPB2,1
ELF4,ACOX1,1
ELF4,CDCA3,1
ELF4,NAA35,1
ELF4,MAD2L1,1
ELF4,WDR75,1
ELF4,TMEM129,1
ELF4,TACC3,1
ELF4,CHORDC1,1
ELF4,CLCN4,1
ELF4,DPH2,1
ELF4,GTF2H1,1
ELF4,TRMT6,1
ELF4,SEC23IP,1
ELF4,NUDCD3,1
ELF4,ID2,1
ELF4,ITSN1,1
ELF4,SDHAF2,1
ELF4,LEPROT,1
ELF4,TMUB2,1
ELF4,IDH3A,1
ELF4,TTF2,1
ELF4,NUP107,1
ELF4,PHB2,1
ELF4,RPA2,1
ELF4,UCKL1,1
ELF4,ZFP930,1
ELF4,AP5M1,1
ELF4,MRM1,1
ELF4,CD1D1,1
ELF4,ZDHHC6,1
ELF4,MCM3,1
ELF4,ATP13A1,1
ELF4,RAD51,1
ELF4,ZFP110,1
ELF4,RAD21,1
ELF4,NUDCD1,1
ELF4,ATG16L1,1
ELF4,COPG1,1
ELF4,GALK2,1
ELF4,CDC45,1
ELF4,MAU2,1
ELF4,NCLN,1
ELF4,D10WSU102E,1
ELF4,TAF12,1
ELF4,WDR55,1
ELF4,HCLS1,1
ELF4,NASP,1
ELF4,COLGALT1,1
ELF4,ETF1,1
ELF4,TLR4,1
ELF4,TASP1,1
ELF4,QARS,1
ELF4,RFESD,1
ELF4,CDC20,1
ELF4,TTF1,1
ELF4,MYO1G,1
ELF4,GOSR2,1
ELF4,CCNG1,1
ELF4,CPT2,1
ELF4,RNF4,1
ELF4,GARS,1
ELF4,G6PDX,1
ELF4,ZFP143,1
ELF4,BLZF1,1
ELF4,RELB,1
ELF4,SLC25A45,1
ELF4,LYRM4,1
ELF4,SNRNP200,1
ELF4,UBXN2B,1
ELF4,WDR36,1
ELF4,EIF1AD,1
ELF4,NIF3L1,1
ELF4,WDR5,1
ELF4,CENPA,1
ELF4,FTSJ3,1
ELF4,FEM1A,1
ELF4,DCAF4,1
ELF4,REXO4,1
ELF4,FOXRED1,1
ELF4,RABIF,1
ELF4,ZFP62,1
ELF4,ILVBL,1
ELF4,ZKSCAN3,1
ELF4,GTF2E1,1
ELF4,FUCA2,1
ELF4,TERF2IP,1
ELF4,INTS13,1
ELF4,CDCA5,1
ELF4,APEH,1
ELF4,MIS12,1
ELF4,ANKFY1,1
ELF4,SLC25A46,1
ELF4,SCRN3,1
ELF4,MAPKAPK3,1
ELF4,TANGO2,1
ELF4,HARS,1
ELF4,HARS2,1
ELF4,2210016F16RIK,1
ELF4,ARAP1,1
ELF4,SPTLC1,1
ELF4,SNRPB,1
ELF4,SGTA,1
ELF4,CD48,1
ELF4,PRDM4,1
ELF4,NDUFV1,1
ELF4,ERLIN2,1
ELF4,E2F4,1
ELF4,ABTB1,1
ELF4,UBR1,1
ELF4,SLC31A1,1
ELF4,CYB5R3,1
ELF4,PRKAB1,1
ELF4,LMBRD1,1
ELF4,HSD3B7,1
ELF4,ZKSCAN6,1
ELF4,TOPORS,1
ELF4,TVP23B,1
ELF4,NFXL1,1
ELF4,ZFP35,1
ELF4,UROS,1
ELF4,PLCB2,1
ELF4,CDK19,1
ELF4,TRMT11,1
ELF4,PQLC1,1
ELF4,PSMF1,1
ELF4,PTDSS1,1
ELF4,PLBD2,1
ELF4,MOGS,1
ELF4,TARS,1
ELF4,WDHD1,1
ELF4,GFM1,1
ELF4,THUMPD3,1
ELF4,TRIM30A,1
ELF4,MIS18BP1,1
ELF4,DCP1A,1
ELF4,NUP155,1
ELF4,FZR1,1
ELF4,1700017B05RIK,1
ELF4,MCM4,1
ELF4,ATG12,1
ELF4,AP3S1,1
ELF4,MIEF1,1
ELF4,KAT7,1
ELF4,NCEH1,1
ELF4,CUL3,1
ELF4,MARS,1
ELF4,POT1A,1
ELF4,AMPD3,1
ELF4,PWP2,1
ELF4,NAA50,1
ELF4,BYSL,1
ELF4,ATP6V1A,1
ELF4,ATP7B,1
ELF4,ALG11,1
ELF4,SPI1,1
ELF4,E2F8,1
ELF4,CKAP2L,1
ELF4,RASAL3,1
ELF4,COA5,1
ELF4,RNF115,1
ELF4,MCM10,1
ELF4,KIF22,1
ELF4,LZTR1,1
ELF4,PLIN3,1
ELF4,TMC6,1
ELF4,TCF12,1
ELF4,UBR7,1
ELF4,ARHGAP15,1
ELF4,TMEM177,1
ELF4,CENPE,1
ELF4,GOLT1B,1
ELF4,ZDHHC13,1
ELF4,RNF13,1
ELF4,OSTM1,1
ELF4,TPX2,1
ELF4,SP100,1
ELF4,HIST1H1C,1
ELF4,ARL6IP6,1
ELF4,ATAD2,1
ELF4,DNPEP,1
ELF4,RAD51AP1,1
ELF4,EXOC3,1
ELF4,STEAP3,1
ELF4,CAPN7,1
ELF4,EDC3,1
ELF4,MORC3,1
ELF4,ASF1B,1
ELF4,RASSF5,1
ELF4,ALAD,1
ELF4,RRM1,1
ELF4,AHCTF1,1
ELF4,DNAJC5,1
ELF4,METTL8,1
ELF4,NARFL,1
ELF4,NAGA,1
ELF4,TCP11L2,1
ELF4,DHFR,1
ELF4,ABL1,1
ELF4,ZFP24,1
ELF4,CRNKL1,1
ELF4,REL,1
ELF4,SMARCA2,1
ELF4,ANXA4,1
ELF4,UMPS,1
ELF4,TAF1,1
ELF4,RAB32,1
ELF4,PLAA,1
ELF4,NCAPG,1
ELF4,GRAMD1A,1
ELF4,ZFP322A,1
ELF4,STAT3,1
ELF4,ZFP672,1
ELF4,TCIRG1,1
ELF4,UBA5,1
ELF4,SPPL2A,1
ELF4,CYTH4,1
ELF4,PSEN1,1
ELF4,CCNB2,1
ELF4,LYZ2,1
ELF4,GNAI3,1
ELF4,TIMM29,1
ELF4,DCAF11,1
ELF4,GSTM1,1
ELF4,FOS,1
ELF4,TCF19,1
ELF4,CTR9,1
ELF4,CDC6,1
ELF4,FES,1
ELF4,PDCL,1
ELF4,RFC5,1
ELF4,FAM76B,1
ELF4,MTMR6,1
ELF4,IKZF1,1
ELF4,PRKCH,1
ELF4,SLC6A6,1
ELF4,UROD,1
ELF4,GMCL1,1
ELF4,PON2,1
ELF4,SPRYD4,1
ELF4,CRK,1
ELF4,PFKM,1
ELF4,NOLC1,1
ELF4,CDT1,1
ELF4,DPP8,1
ELF4,VPS26C,1
ELF4,TMX3,1
ELF4,SELENBP1,1
ELF4,RNF139,1
ELF4,MAP4K2,1
ELF4,ZFP945,1
ELF4,NDC1,1
ELF4,DOCK2,1
ELF4,CD82,1
ELF4,SUPT7L,1
ELF4,GPKOW,1
ELF4,TRMT2A,1
ELF4,ZFP36,1
ELF4,FASTKD2,1
ELF4,EBI3,1
ELF4,ZFP871,1
ELF4,ALDH18A1,1
ELF4,VKORC1L1,1
ELF4,PPOX,1
ELF4,NUP93,1
ELF4,GATM,1
ELF4,CASP1,1
ELF4,GUSB,1
ELF4,PRELID3B,1
ELF4,NDOR1,1
ELF4,LCP2,1
ELF4,CTLA2B,1
ELF4,CLN5,1
ELF4,PCYT1A,1
ELF4,TUBGCP3,1
ELF4,NEK9,1
ELF4,BATF2,1
ELF4,TENT5A,1
ELF4,NUSAP1,1
ELF4,CALU,1
ELF4,TBCD,1
ELF4,MSH6,1
ELF4,MCM2,1
ELF4,NCAPD2,1
ELF4,ANXA5,1
ELF4,NT5DC1,1
ELF4,PRIM2,1
ELF4,EPAS1,1
ELF4,NEURL3,1
ELF4,HNRNPLL,1
ELF4,SELENOP,1
ELF4,NARF,1
ELF4,MT1,1
ELF4,NPTN,1
ELF4,SMIM15,1
ELF4,IPO4,1
ELF4,RGS19,1
ELF4,HIST1H2BC,1
ELF4,ABCF3,1
ELF4,SP4,1
ELF4,TREML2,1
ELF4,NEDD1,1
ELF4,MCM6,1
ELF4,KNSTRN,1
ELF4,NELFB,1
ELF4,PSMD9,1
ELF4,CASP4,1
ELF4,PRPF4,1
ELF4,CENPK,1
ELF4,UBA7,1
ELF4,SLC30A6,1
ELF4,PSEN2,1
ELF4,YBX1,1
ELF4,MKI67,1
ELF4,PLD3,1
ELF4,VWA5A,1
ELF4,RTP4,1
ELF4,HNRNPAB,1
ELF4,SERPINB9,1
ELF4,SLC35A1,1
ELF4,TBC1D10C,1
ELF4,SACM1L,1
ELF4,BID,1
ELF4,ZFP367,1
ELF4,PRPS1,1
ELF4,KLHL24,1
ELF4,TMEM164,1
ELF4,BTRC,1
ELF4,USF3,1
ELF4,CTSC,1
ELF4,CHUK,1
ELF4,MYNN,1
ELF4,TOX4,1
ELF4,TAB1,1
ELF4,JPT2,1
ELF4,NADK,1
ELF4,NDEL1,1
ELF4,TMX1,1
ELF4,HMGB2,1
ELF4,ZFP961,1
ELF4,MCM5,1
ELF4,SEH1L,1
ELF4,PHAX,1
ELF4,NOP2,1
ELF4,PAFAH1B2,1
ELF4,VIM,1
ELF4,GMFB,1
ELF4,RUVBL2,1
ELF4,UAP1L1,1
ELF4,FKBP1A,1
ELF4,IFI204,1
ELF4,WDR4,1
ELF4,NFAT5,1
ELF4,ELOVL1,1
ELF4,CASP2,1
ELF4,HAUS2,1
ELF4,CCNE1,1
ELF4,ZBTB43,1
ELF4,ZSCAN21,1
ELF4,AAR2,1
ELF4,TYMS,1
ELF4,ABCB8,1
ELF4,COPS8,1
ELF4,TMEM173,1
ELF4,DNAJC10,1
ELF4,PRPS2,1
ELF4,HERC4,1
ELF4,SMC2,1
ELF4,ME2,1
ELF4,YPEL3,1
ELF4,CEP70,1
ELF4,CCDC137,1
ELF4,GIMAP6,1
ELF4,UBAP1,1
ELF4,DENND1C,1
ELF4,PRSS50,1
ELF4,RASA3,1
ELF4,SRSF1,1
ELF4,XPR1,1
ELF4,TOR3A,1
ELF4,FBXO5,1
ELF4,FARSB,1
ELF4,ABI1,1
ELF4,XRCC6,1
ELF4,MGST3,1
ELF4,MFSD1,1
ELF4,RBPMS,1
ELF4,ARL8B,1
ELF4,PQLC3,1
ELF4,MTHFD1,1
ELF4,ELP2,1
ELF4,COG7,1
ELF4,P2RX4,1
ELF4,CLPTM1L,1
ELF4,CHP1,1
ELF4,COPB1,1
ELF4,CTSE,1
ELF4,JUN,1
ELF4,EXOC2,1
ELF4,TMEM68,1
ELF4,CAST,1
ELF4,VPS35,1
ELF4,ORC6,1
ELF4,TUBGCP5,1
ELF4,ADO,1
ELF4,TMEM109,1
ELF4,RPP40,1
ELF4,BUB3,1
ELF4,CDK1,1
ELF4,IFT140,1
ELF4,PTPN12,1
ELF4,SLC25A38,1
ELF4,ARMT1,1
ELF4,P2RY14,1
ELF4,PSMD5,1
ELF4,ZFP655,1
ELF4,IFI203,1
ELF4,MARCH6,1
ELF4,CENPF,1
ELF4,VPS11,1
ELF4,TIMM50,1
ELF4,MFSD14B,1
ELF4,HACD3,1
ELF4,IFRD2,1
ELF4,ORC2,1
ELF4,ITFG1,1
ELF4,EIF2B1,1
ELF4,9430015G10RIK,1
ELF4,AURKB,1
ELF4,VAMP3,1
ELF4,STXBP3,1
ELF4,STX12,1
ELF4,WDR45B,1
ELF4,USP4,1
ELF4,DECR1,1
ELF4,TMEM185A,1
ELF4,PICALM,1
ELF4,PLEC,1
ELF4,DDX20,1
ELF4,LMNA,1
ELF4,HCFC1,1
ELF4,TES,1
ELF4,PPAT,1
ELF4,STT3B,1
ELF4,EPSTI1,1
ELF4,TOLLIP,1
ELF4,HACD4,1
ELF4,FNTA,1
ELF4,LPCAT3,1
ELF4,LIMD2,1
ELF4,SPTBN1,1
ELF4,DOK2,1
ELF4,TRPS1,1
ELF4,XPNPEP1,1
ELF4,ORC5,1
ELF4,SNAPC3,1
ELF4,NOL9,1
ELF4,KIF20B,1
ELF4,POLE3,1
ELF4,CHMP7,1
ELF4,IFI30,1
ELF4,GCNT2,1
ELF4,MAPK1,1
ELF4,CPOX,1
ELF4,BUB1,1
ELF4,PDE4B,1
ELF4,TNFAIP2,1
ELF4,RGS1,1
ELF4,ANXA1,1
ELF4,LSP1,1
ELF4,GANAB,1
ELF4,TFRC,1
ELF4,PIDD1,1
ELF4,ABCG2,1
ELF4,MNDAL,1
ELF4,TMEM176B,1
ELF4,TMEM176A,1
ELF4,CHAMP1,1
ELF4,SLC41A3,1
ELF4,RCC1,1
ELF4,IARS2,1
ELF4,CISH,1
ELF4,TSPAN14,1
ELF4,HPN,1
ELF4,FTSJ1,1
ELF4,PSMD6,1
ELF4,FAR1,1
ELF4,OAT,1
ELF4,UHRF1,1
ELF4,PITPNB,1
ELF4,PRMT7,1
ELF4,IARS,1
ELF4,DPH6,1
ELF4,CREB5,1
ELF4,TRIM47,1
ELF4,ALDH9A1,1
ELF4,SPC25,1
ELF4,SGO1,1
ELF4,ACAA2,1
ELF4,SASH3,1
ELF4,AHCYL1,1
ELF4,CHMP3,1
ELF4,CASP3,1
ELF4,DENND2D,1
ELF4,RNF213,1
ELF4,RARS,1
ELF4,OTUD6B,1
ELF4,FAM45A,1
ELF4,CBFB,1
ELF4,4833439L19RIK,1
ELF4,UBE2G2,1
ELF4,SCFD1,1
ELF4,PIP4K2A,1
ELF4,UBE2C,1
ELF4,GORASP1,1
ELF4,BCLAF3,1
ELF4,BIRC5,1
ELF4,LAP3,1
ELF4,CDCA8,1
ELF4,SNX10,1
ELF4,SHCBP1,1
ELF4,CCNF,1
ELF4,FPGS,1
ELF4,EFTUD2,1
ELF4,KIDINS220,1
ELF4,CYP20A1,1
ELF4,UTP4,1
ELF4,ATAD1,1
ELF4,DDX1,1
ELF4,NUDT19,1
ELF4,TUBGCP2,1
ELF4,ZFP397,1
ELF4,NSMAF,1
ELF4,RPRD1B,1
ELF4,NSDHL,1
ELF4,CYB5R1,1
ELF4,AK3,1
ELF4,LIG1,1
ELF4,PKM,1
ELF4,PA2G4,1
ELF4,ZEB2,1
ELF4,CLPX,1
ELF4,ABCB4,1
ELF4,TOP2A,1
ELF4,BAP1,1
ELF4,ADK,1
ELF4,RMND5A,1
ELF4,PWP1,1
ELF4,ISYNA1,1
ELF4,POLD1,1
ELF4,CKAP2,1
ELF4,XPC,1
ELF4,MAN1A,1
ELF4,WARS,1
ELF4,SERPINA3G,1
ELF4,TNFAIP8,1
ELF4,BUB1B,1
ELF4,USP37,1
ELF4,H2-DMB1,1
ELF4,MAVS,1
ELF4,LLGL1,1
ELF4,C330018D20RIK,1
ELF4,NET1,1
ELF4,H2-OB,1
ELF4,NCAPH,1
ELF4,TMEM206,1
ELF4,RANBP3,1
ELF4,FGFR1OP,1
ELF4,IRF1,1
ELF4,CTSO,1
ELF4,NFATC1,1
ELF4,UNK,1
ELF4,FECH,1
ELF4,POLR3F,1
ELF4,FAM91A1,1
ELF4,RNASE6,1
ELF4,GSKIP,1
ELF4,MTAP,1
ELF4,NFKBIA,1
ELF4,ADAMTS10,1
ELF4,WLS,1
ELF4,RPAP1,1
ELF4,PSAT1,1
ELF4,ESR1,1
ELF4,ASB8,1
ELF4,ANAPC4,1
ELF4,NUDT9,1
ELF4,NUP88,1
ELF4,UAP1,1
ELF4,GNA13,1
ELF4,METTL7A1,1
ELF4,POLA2,1
ELF4,SGPL1,1
ELF4,CERS5,1
ELF4,TPP1,1
ELF4,ERCC8,1
ELF4,MED16,1
ELF4,FAM136A,1
ELF4,SLC30A5,1
ELF4,DUS1L,1
ELF4,DTL,1
ELF4,ZFP639,1
ELF4,AP1B1,1
ELF4,XRCC5,1
ELF4,RFC4,1
ELF4,NOTCH1,1
ELF4,IL15,1
ELF4,MINPP1,1
ELF4,CCNB1,1
ELF4,ALG9,1
ELF4,GYG,1
ELF4,CDCA4,1
ELF4,ATP2A3,1
ELF4,ZKSCAN17,1
ELF4,DDX58,1
ELF4,RMND5B,1
ELF4,2610301B20RIK,1
ELF4,EMILIN1,1
ELF4,DIS3L2,1
ELF4,GOLPH3,1
ELF4,DNM1L,1
ELF4,TBXAS1,1
ELF4,LCP1,1
ELF4,H1F0,1
ELF4,ACSS2,1
ELF4,PBK,1
ELF4,HAGH,1
ELF4,ESYT2,1
ELF4,CTPS,1
ELF4,ANAPC2,1
ELF4,RDH11,1
ELF4,PMPCA,1
ELF4,KLHL6,1
ELF4,NDE1,1
ELF4,ELP3,1
ELF4,RNF145,1
ELF4,KLHL23,1
ELF4,ARHGAP4,1
ELF4,CYTIP,1
ELF4,MFNG,1
ELF4,COG6,1
ELF4,D1ERTD622E,1
ELF4,BLVRB,1
ELF4,RCOR1,1
ELF4,PML,1
ELF4,SLC14A1,1
ELF4,PLIN2,1
ELF4,CD84,1
ELF4,NIT1,1
ELF4,DHX33,1
ELF4,TCN2,1
ELF4,DLST,1
ELF4,ARHGEF6,1
ELF4,PPIL4,1
ELF4,NFE2,1
ELF4,ZFP275,1
ELF4,WDSUB1,1
ELF4,UBL4A,1
ELF4,PPM1H,1
ELF4,POGLUT1,1
ELF4,PROCR,1
ELF4,HMMR,1
ELF4,DNAJC11,1
ELF4,TRPV2,1
ELF4,PJA2,1
ELF4,PRC1,1
ELF4,MT2,1
ELF4,TXNRD2,1
ELF4,POLR2B,1
ELF4,SLC7A4,1
ELF4,POLR1B,1
ELF4,LONP1,1
ELF4,CYTH3,1
ELF4,SERPINB6B,1
ELF4,GMNN,1
ELF4,STXBP4,1
ELF4,DUSP1,1
ELF4,TBL3,1
ELF4,PITRM1,1
ELF4,STK25,1
ELF4,METAP1,1
ELF4,FIGNL1,1
ELF4,ALKBH8,1
ELF4,HMBS,1
ELF4,PTCD3,1
ELF4,SLC44A2,1
ELF4,FBXW5,1
ELF4,GRN,1
ELF4,NAMPT,1
ELF4,CALCRL,1
ELF4,NFE2L2,1
ELF4,CNP,1
ELF4,CELA1,1
ELF4,CPQ,1
ELF4,DCTD,1
ELF4,CLIC4,1
ELF4,KIF11,1
ELF4,ZFP451,1
ELF4,ZYX,1
ELF4,ST6GALNAC4,1
ELF4,IRF5,1
ELF4,CDC7,1
ELF4,LRRC8C,1
ELF4,ZZZ3,1
ELF4,LPIN2,1
ELF4,PACS1,1
ELF4,XRCC3,1
ELF4,MARCH5,1
ELF4,DEK,1
ELF4,SLC19A1,1
ELF4,PLK1,1
ELF4,NR2C1,1
ELF4,TBC1D15,1
ELF4,GYPA,1
ELF4,SIGIRR,1
ELF4,GNPDA1,1
ELF4,ARMC8,1
ELF4,CORO1A,1
ELF4,GBP2,1
ELF4,PBX1,1
ELF4,PIGQ,1
ELF4,ST8SIA4,1
ELF4,GM2A,1
ELF4,PCYT2,1
ELF4,RUNX2,1
ESR1,MAD2L1,1
ESR1,DUS1L,1
ESR1,PQLC3,1
ESR1,HAGH,1
ESR1,NFKBIA,1
ESR1,CRIP2,1
ESR1,CHORDC1,1
ESR1,CYB5R1,1
ESR1,SPHK1,1
ESR1,NUF2,1
ESR1,DHX33,1
ESR1,PSEN2,1
ESR1,TNFAIP2,1
ESR1,KPNA3,1
ESR1,KLF3,1
ESR1,VPS26C,1
ESR1,DCP1A,1
ESR1,MTHFD1,1
ESR1,TIMM29,1
ESR1,RAI14,1
ESR1,ZFP672,1
ESR1,RFC5,1
ESR1,ISG20,1
ESR1,INTS13,1
ESR1,PCP4L1,1
ESR1,REL,1
ESR1,ESYT2,1
ESR1,NUDT9,1
ESR1,CNOT10,1
ESR1,TANGO2,1
ESR1,SETD2,1
ESR1,CUL4A,1
ESR1,TCP11L2,1
ESR1,RASSF5,1
ESR1,WDR36,1
ESR1,RPA1,1
ESR1,PDE4B,1
ESR1,NAA35,1
ESR1,GSR,1
ESR1,L2HGDH,1
ESR1,AHCYL1,1
ESR1,THUMPD3,1
ESR1,ADO,1
ESR1,GALK2,1
ESR1,WARS,1
ESR1,COA5,1
ESR1,ZFP143,1
ESR1,GMFB,1
ESR1,CLIC4,1
ESR1,COPS8,1
ESR1,ISYNA1,1
ESR1,PFKM,1
ESR1,ZFP655,1
ESR1,DCTD,1
ESR1,FUCA2,1
ESR1,PSMF1,1
ESR1,ILVBL,1
ESR1,UBA7,1
ESR1,FEM1B,1
ESR1,TMEM68,1
ESR1,UMPS,1
ESR1,MT1,1
ESR1,NUDCD3,1
ESR1,NARF,1
ESR1,CALU,1
ESR1,E2F6,1
ESR1,CIPC,1
ESR1,REXO4,1
ESR1,CTSE,1
ESR1,ASAH1,1
ESR1,MFN2,1
ESR1,RNF139,1
ESR1,ZFP592,1
ESR1,COLGALT1,1
ESR1,PCYT1A,1
ESR1,MAPK9,1
ESR1,NIF3L1,1
ESR1,PPP6C,1
ESR1,CREB5,1
ESR1,CDCA5,1
ESR1,UNK,1
ESR1,EIF2B1,1
ESR1,TBC1D10C,1
ESR1,BAP1,1
ESR1,PCCA,1
ESR1,SUPT7L,1
ESR1,MAPK1,1
ESR1,ACAA2,1
ESR1,ADK,1
ESR1,SNRNP200,1
ESR1,LYRM4,1
ESR1,FGFR1OP,1
ESR1,SPPL2A,1
ESR1,NOLC1,1
ESR1,GTF2F1,1
ESR1,ANXA5,1
ESR1,RNF13,1
ESR1,RRM1,1
ESR1,PADI4,1
ESR1,PBX1,1
ESR1,CDC7,1
ESR1,ARMT1,1
ESR1,RABGGTB,1
ESR1,DUSP1,1
ESR1,CLCN4,1
ESR1,BLVRB,1
ESR1,EIF1AD,1
ESR1,LONP1,1
ESR1,TRMT2A,1
ESR1,TNFAIP8,1
ESR1,HUS1,1
ESR1,HDAC7,1
ESR1,KIF11,1
ESR1,PNO1,1
ESR1,TRIM47,1
ESR1,NFAT5,1
ESR1,CLPTM1L,1
ESR1,IFRD2,1
ESR1,MT2,1
ESR1,NFE2L2,1
ESR1,BYSL,1
ESR1,ARL8B,1
ESR1,1700017B05RIK,1
ESR1,PPIL4,1
ESR1,RANGAP1,1
ESR1,RMND5A,1
ESR1,IDH3A,1
ESR1,USP8,1
ESR1,XAB2,1
ESR1,HMGB2,1
ESR1,STEAP3,1
ESR1,ARAP1,1
ESR1,MARCH8,1
ESR1,DNAJC11,1
ESR1,PEAR1,1
ESR1,TOX4,1
ESR1,CDCA3,1
ESR1,DDX20,1
ESR1,FAM136A,1
ESR1,POLR1B,1
ESR1,WDR45B,1
ESR1,AAR2,1
ESR1,GOLPH3,1
ESR1,XRCC6,1
ESR1,DTL,1
ESR1,XRCC5,1
ESR1,COQ8A,1
ESR1,SERPINB9,1
ESR1,NELFB,1
ESR1,SLC16A1,1
ESR1,STK25,1
ESR1,PHB2,1
ESR1,PLEC,1
ESR1,STAT3,1
ESR1,EMILIN1,1
ESR1,NCLN,1
ESR1,POLR3F,1
ESR1,SLC35A1,1
ESR1,CHMP7,1
ESR1,TSPAN14,1
ESR1,KAT7,1
ESR1,ACOX1,1
ESR1,FARSB,1
ESR1,LANCL2,1
ESR1,SMC2,1
ESR1,NDUFV1,1
ESR1,VPS33A,1
ESR1,RNF19A,1
ESR1,OTUD6B,1
ESR1,RMND5B,1
ESR1,LMNA,1
ESR1,ICE1,1
ESR1,ZYX,1
ESR1,NUDCD1,1
ESR1,9430015G10RIK,1
ESR1,ANAPC2,1
ESR1,NPLOC4,1
ESR1,SLC29A1,1
ESR1,D10WSU102E,1
ESR1,PLAA,1
ESR1,TMEM168,1
ESR1,PPAT,1
ESR1,NARFL,1
ESR1,EXOC2,1
ESR1,ZBTB20,1
ESR1,LMBRD1,1
ESR1,MTMR6,1
ESR1,NUBP2,1
ESR1,GNB4,1
ESR1,SLC43A1,1
ESR1,DPH6,1
ESR1,RGS2,1
ESR1,TMEM206,1
ESR1,DCAF13,1
ESR1,P2RY14,1
ESR1,NDEL1,1
ESR1,PTDSS2,1
ESR1,HAUS2,1
ESR1,ELP2,1
ESR1,ANXA4,1
ESR1,DNPEP,1
ESR1,HSPH1,1
ESR1,CHAMP1,1
ESR1,ATAD2,1
ESR1,BAG2,1
ESR1,ZZZ3,1
ESR1,FBXO5,1
ESR1,ABHD16A,1
ESR1,NAMPT,1
ESR1,PIGQ,1
ESR1,VAMP3,1
ESR1,UBE2G2,1
ESR1,UBA5,1
ESR1,CENPK,1
ESR1,XPC,1
ESR1,EIF4ENIF1,1
ESR1,FOXRED1,1
ESR1,UBXN2B,1
ESR1,SERPINF1,1
ESR1,FKBP1A,1
ESR1,MIEF1,1
ESR1,FAAP100,1
ESR1,PA2G4,1
ESR1,PJA2,1
ESR1,SELENOP,1
ESR1,SEH1L,1
ESR1,GTF2H1,1
ESR1,EFTUD2,1
ESR1,TMEM129,1
ESR1,TACC3,1
ESR1,HIST1H2BC,1
ESR1,DCAF11,1
ESR1,ABTB1,1
ESR1,COPG1,1
ESR1,CEP70,1
ESR1,MCM4,1
ESR1,AURKA,1
ESR1,STOM,1
ESR1,KLHL24,1
ESR1,SPTLC1,1
ESR1,APLP2,1
ESR1,NDRG1,1
ESR1,TSPAN3,1
ESR1,RFC4,1
ESR1,AHCTF1,1
ESR1,GTF3C3,1
ESR1,UAP1,1
ESR1,STT3B,1
ESR1,WDR75,1
ESR1,PLAG1,1
ESR1,TMEM177,1
ESR1,INKA1,1
ESR1,PRDM4,1
ESR1,HIST1H1C,1
ESR1,SGO1,1
ESR1,FEM1A,1
ESR1,NOTCH1,1
ESR1,TAB1,1
ESR1,ZDHHC6,1
ESR1,CARHSP1,1
ESR1,EPS15,1
ESR1,ADSSL1,1
ESR1,RABIF,1
ESR1,PACSIN2,1
ESR1,SACM1L,1
ESR1,TMUB2,1
ESR1,CCNE2,1
ESR1,TBL3,1
ESR1,SLC20A1,1
ESR1,STXBP3,1
ESR1,ELL2,1
ESR1,RBPMS,1
ESR1,SLC30A5,1
ESR1,POLE3,1
ESR1,FCHSD2,1
ESR1,NGLY1,1
ESR1,JUN,1
ESR1,MTREX,1
ESR1,ELF4,1
ESR1,NFE2,1
ESR1,DNAJC5,1
ESR1,RHOT1,1
ESR1,PAFAH1B2,1
ESR1,NDC1,1
ESR1,ASF1B,1
ESR1,SRSF1,1
ESR1,GM2A,1
ESR1,NUP85,1
ESR1,PLA2G12A,1
ESR1,GSTM1,1
ESR1,ZKSCAN17,1
ESR1,2610301B20RIK,1
ESR1,ERLIN2,1
ESR1,TARS,1
ESR1,BATF2,1
ESR1,HDAC2,1
ESR1,HNRNPLL,1
ESR1,ATP7B,1
ESR1,ALG11,1
ESR1,ATG12,1
ESR1,AP3S1,1
ESR1,PITPNB,1
ESR1,PTDSS1,1
ESR1,MYNN,1
ESR1,WDSUB1,1
ESR1,DLST,1
ESR1,RAB32,1
ESR1,MORC3,1
ESR1,TIMM50,1
ESR1,ERLIN1,1
ESR1,WDR4,1
ESR1,ATG4B,1
ESR1,B230219D22RIK,1
ESR1,UROS,1
ESR1,MIOS,1
ESR1,NEDD1,1
ESR1,NCEH1,1
ESR1,ATL2,1
ESR1,CUL2,1
ESR1,HEBP1,1
ESR1,MAPKAPK3,1
ESR1,CHP1,1
ESR1,SVIP,1
ESR1,ATG16L1,1
ESR1,SGTA,1
ESR1,RFESD,1
ESR1,GYPC,1
ESR1,DDHD2,1
ESR1,TBCD,1
ESR1,FECH,1
ESR1,BIRC5,1
ESR1,TOPORS,1
ESR1,LSP1,1
ESR1,BTRC,1
ESR1,MINPP1,1
ESR1,TFG,1
ESR1,SNAPC3,1
ESR1,CASP2,1
ESR1,DDX1,1
ESR1,CDT1,1
ESR1,PRMT7,1
ESR1,SNRPB,1
ESR1,CPT2,1
ESR1,CLPX,1
ESR1,SLC39A9,1
ESR1,SP4,1
ESR1,GSKIP,1
ESR1,CCNA2,1
ESR1,GNPDA1,1
ESR1,IL15,1
ESR1,EGR1,1
ESR1,CENPE,1
ESR1,FZR1,1
ESR1,CCNG1,1
ESR1,JPT2,1
ESR1,CDK1,1
ESR1,ETS1,1
ESR1,GOSR2,1
ESR1,GSS,1
ESR1,KLF6,1
ESR1,BTG2,1
ESR1,ALAD,1
ESR1,SESN1,1
ESR1,PSMD9,1
ESR1,LEPROT,1
ESR1,ABL1,1
ESR1,LPCAT3,1
ESR1,TASP1,1
ESR1,MEIS1,1
ESR1,PRPF4,1
ESR1,CD63,1
ESR1,NUP93,1
ESR1,CLN5,1
ESR1,STXBP4,1
ESR1,MFSD1,1
ESR1,POT1A,1
ESR1,NPTN,1
ESR1,BTAF1,1
ESR1,ARMC8,1
ESR1,RORC,1
ESR1,RASA3,1
ESR1,PICALM,1
ESR1,PREP,1
ESR1,ENPP4,1
ESR1,DPP8,1
ESR1,CRK,1
ESR1,NR3C2,1
ESR1,IFI30,1
ESR1,HSPA4L,1
ESR1,DEK,1
ESR1,ZBTB43,1
ESR1,USP4,1
ESR1,HNRNPAB,1
ESR1,ITSN1,1
ESR1,NUP107,1
ESR1,NR2C1,1
ESR1,UBAP1,1
ESR1,CNOT7,1
ESR1,IPO9,1
ESR1,SLC22A3,1
ESR1,HDGF,1
ESR1,TGM2,1
ESR1,CHMP3,1
ESR1,NUP155,1
ESR1,CAST,1
ESR1,NUDT19,1
ESR1,MCM7,1
ESR1,RNF115,1
ESR1,CDK19,1
ESR1,USP10,1
ESR1,ZFP62,1
ESR1,CPQ,1
ESR1,FPGS,1
ESR1,UAP1L1,1
ESR1,ANXA6,1
ESR1,TFRC,1
ESR1,RAD21,1
ESR1,SDHAF2,1
ESR1,MAVS,1
ESR1,RNF141,1
ESR1,GRN,1
ESR1,TMX1,1
ESR1,ENDOD1,1
ESR1,OAT,1
ESR1,ABCB8,1
ESR1,AFF4,1
ESR1,CENPA,1
ESR1,RORA,1
ESR1,HSD3B7,1
ESR1,NR4A1,1
ESR1,PHAX,1
ESR1,XPNPEP1,1
ESR1,MARS,1
ESR1,MRM1,1
ESR1,HEXA,1
ESR1,CENPO,1
ESR1,RUVBL2,1
ESR1,PTCD3,1
ESR1,MIS12,1
ESR1,UGCG,1
ESR1,SQOR,1
ESR1,IRF1,1
ESR1,RNF213,1
ESR1,USP37,1
ESR1,IFT140,1
ESR1,IFI204,1
ESR1,EPAS1,1
ESR1,SDSL,1
ESR1,ZFP24,1
ESR1,RAD51,1
ESR1,PRKAB1,1
ESR1,MBTPS1,1
ESR1,MIS18BP1,1
ESR1,ZEB2,1
ESR1,WDHD1,1
ESR1,ORC5,1
ESR1,NFATC2,1
ESR1,PLIN2,1
ESR1,CBX7,1
ESR1,GNA13,1
ESR1,CYP20A1,1
ESR1,CTNNA1,1
ESR1,NOL9,1
ESR1,RNF4,1
ESR1,VIM,1
ESR1,TBC1D15,1
ESR1,NOP2,1
ESR1,NFXL1,1
ESR1,HLF,1
ESR1,ASB8,1
ESR1,PSEN1,1
ESR1,CTSO,1
ESR1,SGPL1,1
ESR1,SSX2IP,1
ESR1,VPS11,1
ESR1,RGS19,1
ESR1,ZFP639,1
ESR1,TUBGCP2,1
ESR1,RPA2,1
ESR1,PPOX,1
ESR1,ZFP35,1
ESR1,TXNRD2,1
ESR1,LAPTM4B,1
ESR1,DCK,1
ESR1,TMEM64,1
ESR1,GNAI3,1
ESR1,NADK,1
ESR1,SLC31A1,1
ESR1,NCAPG2,1
ESR1,ANAPC4,1
ESR1,NIT1,1
ESR1,ARL6IP6,1
ESR1,PKM,1
ESR1,ABCD3,1
ESR1,FIGNL1,1
ESR1,WDR6,1
ESR1,SPNS2,1
ESR1,NAE1,1
ESR1,PTPN12,1
ESR1,ZFP451,1
ESR1,DNAJC10,1
ESR1,CISH,1
ESR1,TMX3,1
ESR1,SLC6A6,1
ESR1,MBOAT2,1
ESR1,ZSCAN21,1
ESR1,DECR1,1
ESR1,SEC23IP,1
ESR1,TVP23B,1
ESR1,COPB1,1
ESR1,GNG11,1
ESR1,CSGALNACT2,1
ESR1,NSMAF,1
ESR1,MAPK12,1
ESR1,SCFD1,1
ESR1,AP5M1,1
ESR1,NEK9,1
ESR1,MCM5,1
ESR1,H1F0,1
ESR1,PSMD5,1
ESR1,AMPD3,1
ESR1,UBR1,1
ESR1,ZFP467,1
ESR1,ABCF3,1
ESR1,LMO4,1
ESR1,BCLAF3,1
ESR1,WDR5,1
ESR1,ODC1,1
ESR1,GTF2E1,1
ESR1,VKORC1L1,1
ESR1,MED16,1
ESR1,BUB1B,1
ESR1,KIDINS220,1
ESR1,PRC1,1
ESR1,PITRM1,1
ESR1,SMIM5,1
ESR1,FASTKD2,1
ESR1,SUN1,1
ESR1,ZKSCAN6,1
ESR1,CAPN7,1
ESR1,NRF1,1
ESR1,ITFG1,1
ESR1,CDC20,1
ESR1,RARB,1
ESR1,NDOR1,1
ESR1,GLIS2,1
ESR1,CD34,1
ESR1,PRELID3B,1
ESR1,PQLC1,1
ESR1,YPEL3,1
ESR1,TCF12,1
ESR1,GORASP1,1
ESR1,PGR,1
ESR1,PDCL,1
ESR1,CUL3,1
ESR1,ACSS2,1
ESR1,WDR73,1
ESR1,NAA50,1
ESR1,ATP6V1A,1
ESR1,IFITM1,1
ESR1,SCRN3,1
ESR1,TIPIN,1
ESR1,KDM6A,1
ESR1,MECOM,1
ESR1,ETF1,1
ESR1,FAM168B,1
ESR1,D230025D16RIK,1
ESR1,ICA1,1
ESR1,AP1G2,1
ESR1,METAP1,1
ESR1,ANXA2,1
ESR1,SLC25A38,1
ESR1,CYB5R3,1
ESR1,SMARCA2,1
ESR1,NASP,1
ESR1,TMEM164,1
ESR1,CRBN,1
ESR1,AFG3L2,1
ESR1,NECAP2,1
ESR1,MED22,1
ESR1,ALDH9A1,1
ESR1,TLK1,1
ESR1,LDHB,1
ESR1,TENT5A,1
ESR1,HDAC11,1
ESR1,EXOC3,1
ESR1,UCKL1,1
ESR1,CDCA4,1
ESR1,METAP1D,1
ESR1,LDAH,1
ESR1,FBXW5,1
ESR1,GUSB,1
ESR1,SGPP1,1
ESR1,DNM1L,1
ESR1,CDC45,1
ESR1,LAP3,1
ESR1,MOGS,1
ESR1,RAD51AP1,1
ESR1,INPP5B,1
ESR1,PCYT2,1
ESR1,COG7,1
ESR1,GFM1,1
ESR1,RPP40,1
ESR1,ZFP322A,1
ESR1,TWSG1,1
ESR1,AK3,1
ESR1,NUP88,1
ESR1,ELOVL1,1
ESR1,MSH6,1
ESR1,P2RX4,1
ESR1,PUS7,1
ESR1,TAF12,1
ESR1,POLR2B,1
ESR1,STXBP1,1
ESR1,TPP1,1
ESR1,INTS8,1
ESR1,FADS1,1
ESR1,PLIN3,1
ESR1,PLD3,1
ESR1,FAM91A1,1
ESR1,PIK3R2,1
ESR1,GANAB,1
ESR1,RANBP3,1
ESR1,ME2,1
ESR1,FAR1,1
ESR1,CKS1B,1
ESR1,ZFP945,1
ESR1,TMEM176B,1
ESR1,TMEM176A,1
ESR1,ALG9,1
ESR1,NT5DC1,1
ESR1,HEATR5A,1
ESR1,FAM234B,1
ESR1,ST3GAL5,1
ESR1,VHL,1
ESR1,RPRD1B,1
ESR1,MAN1A,1
ESR1,BLZF1,1
ESR1,PPARGC1A,1
ESR1,DHFR,1
ESR1,ST6GALNAC4,1
ESR1,PIP4K2A,1
ESR1,HMBS,1
ESR1,PRKAA1,1
ESR1,GMNN,1
ESR1,RCC1,1
ESR1,ATP6AP2,1
ESR1,CNIH1,1
ESR1,FAM45A,1
ESR1,RUNX1T1,1
ESR1,INPP1,1
ESR1,PHACTR2,1
ESR1,SLC39A10,1
ESR1,SELENBP1,1
ESR1,TSHZ3,1
ESR1,PLXNC1,1
ESR1,CCDC137,1
ESR1,GARS,1
ESR1,POLD1,1
ESR1,SKAP2,1
ESR1,IARS,1
ESR1,CITED4,1
ESR1,MYH10,1
ESR1,STX17,1
ESR1,GPSM2,1
ESR1,YOD1,1
ESR1,CD82,1
ESR1,BUB3,1
ESR1,DIS3L2,1
ESR1,CDCA8,1
ESR1,SMIM15,1
ESR1,XRCC3,1
ESR1,SPPL2B,1
ESR1,TUBGCP3,1
ESR1,TOR3A,1
ESR1,LRRFIP1,1
ESR1,YBX1,1
ESR1,FOS,1
ESR1,FTSJ3,1
ESR1,MFGE8,1
ESR1,TLR4,1
ESR1,GMCL1,1
ESR1,RNF145,1
ESR1,AHR,1
ESR1,JARID2,1
ESR1,CBFB,1
ESR1,TMEM97,1
ESR1,CALCRL,1
ESR1,BCAP29,1
ESR1,STX12,1
ESR1,HARS2,1
ESR1,HARS,1
ESR1,FOXO1,1
ESR1,COPB2,1
ESR1,NCAPG,1
ESR1,USP25,1
ESR1,TCIRG1,1
ESR1,METTL8,1
ESR1,CYTH4,1
ESR1,CAD,1
ESR1,ABI1,1
ESR1,OPTN,1
ESR1,GCNT2,1
ESR1,SMAD2,1
ESR1,CDC6,1
ESR1,HSDL1,1
ESR1,PSTPIP1,1
ESR1,PSMD6,1
ESR1,MTO1,1
ESR1,GSTM5,1
ESR1,MXD3,1
ESR1,RCOR1,1
ESR1,ZFP397,1
ESR1,ATP1B2,1
ESR1,DRAM2,1
ESR1,CEPT1,1
ESR1,KNSTRN,1
ESR1,HERC4,1
ESR1,QARS,1
ESR1,CMPK2,1
ESR1,TMEM109,1
ESR1,LIG1,1
ESR1,CTR9,1
ESR1,UBA3,1
ESR1,ELAC2,1
ESR1,UNC93B1,1
ESR1,RRM2,1
ESR1,SHCBP1,1
ESR1,TRMT11,1
ESR1,METTL27,1
ESR1,XPR1,1
ESR1,PRKAR2B,1
ESR1,UBR7,1
ESR1,TEAD3,1
ESR1,FAM76B,1
ESR1,BID,1
ESR1,LZTR1,1
ESR1,CSRP3,1
ESR1,SLC25A46,1
ESR1,RUNX2,1
ESR1,ZBTB10,1
ESR1,ALDH1A1,1
ESR1,MARCH5,1
ESR1,LPIN2,1
ESR1,UBAC1,1
ESR1,PWP2,1
ESR1,TMC6,1
ESR1,SLC41A3,1
ESR1,NUSAP1,1
ESR1,E2F4,1
ESR1,LRRC14,1
ESR1,VILL,1
ESR1,NUPR1,1
ESR1,GYG,1
ESR1,INCENP,1
ESR1,PHF10,1
ESR1,NCAPD2,1
ESR1,EYA1,1
ESR1,POLA2,1
ESR1,GPR180,1
ESR1,TMEM186,1
ESR1,CTLA2A,1
ESR1,HPCAL1,1
ESR1,ZFP367,1
ESR1,RELB,1
ESR1,CSTF2,1
ESR1,ATP13A1,1
ESR1,MAN2A2,1
ESR1,ATP11C,1
ESR1,TIFA,1
ESR1,USF3,1
ESR1,CKAP2L,1
ESR1,KLHL22,1
ESR1,TOLLIP,1
ESR1,UTP4,1
ESR1,ARHGEF6,1
ESR1,ABCB10,1
ESR1,NET1,1
ESR1,PSAT1,1
ESR1,SMIM1,1
ESR1,NUDT4,1
ESR1,SQLE,1
ESR1,RCSD1,1
ESR1,NDE1,1
ESR1,TCF19,1
ESR1,PWP1,1
ESR1,ANKLE1,1
ESR1,UBE2C,1
ESR1,MRPL37,1
ESR1,PMPCA,1
ESR1,ATP2A3,1
ESR1,TYK2,1
ESR1,CD55,1
ESR1,PON2,1
ESR1,MCM3,1
ESR1,RAB31,1
ESR1,TRMT6,1
ESR1,SPC25,1
ESR1,MCM6,1
ESR1,MGST3,1
ESR1,CCNE1,1
ESR1,SPTBN1,1
ESR1,LLGL1,1
ESR1,TERF2IP,1
ESR1,PPP2R1B,1
ESR1,CHUK,1
ESR1,HDAC9,1
ESR1,CACFD1,1
ESR1,YBX3,1
ESR1,PACS1,1
ESR1,ZFP110,1
ESR1,SLC44A2,1
ESR1,THRB,1
ESR1,NCAPH,1
ESR1,MTFR1,1
ESR1,PLBD2,1
ESR1,PRDM16,1
ESR1,PIK3IP1,1
ESR1,EXT2,1
ESR1,HCFC1,1
ESR1,PIK3C3,1
ESR1,D1ERTD622E,1
ESR1,TAPT1,1
ESR1,SLC11A2,1
ESR1,CERS5,1
ESR1,SLC7A4,1
ESR1,EBF1,1
ESR1,TRIM59,1
ESR1,UROD,1
ESR1,GATA2,1
ESR1,TM7SF3,1
ESR1,FNTA,1
ESR1,CASP3,1
ESR1,MYC,1
ESR1,HACD3,1
ESR1,ZFP871,1
ESR1,TTF1,1
ESR1,SLC19A1,1
ESR1,COL5A1,1
ESR1,TFR2,1
ESR1,ZKSCAN3,1
ESR1,ELP3,1
ESR1,CTTN,1
ESR1,SNAP23,1
ESR1,CYTH3,1
ESR1,IPO4,1
ESR1,POGLUT1,1
ESR1,ERCC8,1
ESR1,MEMO1,1
ESR1,SLC30A6,1
ESR1,CPOX,1
ESR1,TMEM56,1
ESR1,EZR,1
ESR1,MEF2C,1
ESR1,CTPS,1
ESR1,ZFP266,1
ESR1,TPX2,1
ESR1,MYO1D,1
ESR1,GBP2,1
ESR1,SPC24,1
ESR1,CAMK1,1
ESR1,LY6A,1
ESR1,CRYZL2,1
ESR1,4833439L19RIK,1
ESR1,TMEM173,1
ESR1,WLS,1
ESR1,CRNKL1,1
ESR1,APBB1,1
ESR1,ARHGEF18,1
ESR1,GOLT1B,1
ESR1,VPS35,1
ESR1,TAF1,1
ESR1,ORC6,1
ESR1,METTL7A1,1
ESR1,ANKFY1,1
ESR1,ESAM,1
ESR1,GRAMD1A,1
ESR1,MAU2,1
ESR1,LPCAT1,1
ESR1,FTSJ1,1
ESR1,SPRYD4,1
ESR1,EDC3,1
ESR1,HOXA9,1
ESR1,TUBGCP5,1
ESR1,RNASEL,1
ESR1,VPS33B,1
ESR1,TOP2A,1
ESR1,PRIM2,1
ESR1,SCARB1,1
ESR1,COG6,1
ESR1,PAK1,1
ESR1,MARCH6,1
ESR1,GEMIN5,1
ESR1,SOX6,1
ESR1,OSTM1,1
ESR1,RARS,1
ESR1,HMMR,1
ESR1,ADAMTS10,1
ESR1,TRIB3,1
ESR1,IARS2,1
ESR1,ZMYM3,1
ESR1,CENPF,1
ESR1,TMEM263,1
ESR1,SLC25A45,1
ESR1,ZDHHC13,1
ESR1,MFSD14B,1
ESR1,DYNLT3,1
ESR1,SATB1,1
ESR1,BMI1,1
ESR1,CSAD,1
ESR1,TEAD2,1
ESR1,ATAD1,1
ESR1,JAK3,1
ESR1,PGLYRP2,1
ESR1,HPN,1
ESR1,GRINA,1
ESR1,SLC40A1,1
ESR1,CKAP5,1
ESR1,RDH11,1
ESR1,ARHGAP15,1
ESR1,PDK3,1
ESR1,TTLL12,1
ESR1,RGCC,1
ESR1,TOM1L1,1
ESR1,AQP1,1
ESR1,APOE,1
ESR1,KIF20B,1
ESR1,PGM1,1
ESR1,PKLR,1
ESR1,OASL2,1
ESR1,HCLS1,1
ESR1,GPKOW,1
ESR1,C330018D20RIK,1
ESR1,ELMO1,1
ESR1,ALDH18A1,1
ESR1,PPIC,1
ESR1,ORC2,1
ESR1,G6PDX,1
ESR1,MCM2,1
ESR1,SALL2,1
ESR1,ZFP961,1
ESR1,RB1,1
ESR1,UBL4A,1
ESR1,ZFP275,1
ESR1,NFIA,1
ESR1,TCN2,1
ESR1,GLIPR2,1
ESR1,SERPINB1A,1
ESR1,CERS4,1
ESR1,BC005561,1
ESR1,RPAP1,1
ESR1,AFAP1L1,1
ESR1,MNS1,1
ESR1,XK,1
ESR1,ZFP930,1
ESR1,SLC14A1,1
ESR1,DCAF4,1
ESR1,WDR55,1
ESR1,TRPV2,1
ESR1,TRPS1,1
ESR1,ANKRD27,1
ESR1,GMPR,1
ESR1,ADGRG3,1
ESR1,PRKCH,1
ESR1,CKAP2,1
ESR1,CASP4,1
ESR1,NSDHL,1
ESR1,CD9,1
ESR1,EYA2,1
ESR1,EPDR1,1
ESR1,MCM10,1
ESR1,MCTP1,1
ESR1,MYCN,1
ESR1,GFI1,1
ESR1,EMILIN2,1
ESR1,PRPS1,1
ESR1,ATP6AP1,1
ESR1,CD1D1,1
ESR1,SAMD14,1
ESR1,IRF8,1
ESR1,AP1B1,1
ESR1,PRDM5,1
ESR1,LIMD2,1
ESR1,PLPPR3,1
ESR1,SEPT8,1
ESR1,VPS41,1
ESR1,PPM1H,1
ESR1,NAGA,1
ESR1,SNX10,1
ESR1,FLOT2,1
ESR1,ANK,1
ESR1,CCNF,1
ESR1,TSPAN33,1
ESR1,TLE2,1
ESR1,ZFP30,1
ESR1,NAPSA,1
ESR1,ADD2,1
ESR1,CTLA2B,1
ESR1,ASNS,1
ESR1,UHRF1,1
ESR1,ITGA6,1
ESR1,GATM,1
ESR1,CPT1A,1
ESR1,IRF5,1
ESR1,GOLM1,1
ESR1,CYTIP,1
ESR1,MTAP,1
ESR1,2210016F16RIK,1
ESR1,TES,1
ESR1,ABCB4,1
ESR1,ANGPT1,1
ESR1,E2F8,1
ESR1,ABCG2,1
ESR1,CNN2,1
ESR1,MKI67,1
ESR1,HELLS,1
ESR1,EMB,1
ESR1,CNP,1
ESR1,KLHL23,1
ESR1,CHCHD10,1
ESR1,NFATC1,1
ESR1,IFI203,1
ESR1,PRIM1,1
ESR1,CCNB1,1
ESR1,ZFP36,1
ESR1,ACSS1,1
ESR1,RTP4,1
ESR1,PRPS2,1
ESR1,APEH,1
ESR1,BUB1,1
ESR1,TRIB2,1
ESR1,UBASH3A,1
ESR1,ST3GAL6,1
ESR1,TBC1D2B,1
ESR1,LCP1,1
ESR1,ANXA1,1
ESR1,SP100,1
ESR1,ITIH5,1
ESR1,HNF4A,1
ESR1,CTSC,1
ESR1,IRF6,1
ESR1,KIF22,1
ESR1,SLC38A5,1
ESR1,GDF3,1
ESR1,MAP4K2,1
ESR1,PLCB2,1
ESR1,TMEM185A,1
ESR1,CELA1,1
ESR1,MNDAL,1
ESR1,NDN,1
ESR1,GCLC,1
ESR1,TTF2,1
ESR1,VDR,1
ESR1,IL27RA,1
ESR1,CCNB2,1
ESR1,PRKCQ,1
ESR1,STARD10,1
ESR1,SEPT6,1
ESR1,F11R,1
ESR1,DDX58,1
ESR1,SLC25A21,1
ESR1,PTGS1,1
ESR1,ID2,1
ESR1,MYB,1
ETS1,DCP1A,1
ETS1,NUF2,1
ETS1,CHORDC1,1
ETS1,DDX20,1
ETS1,SNRNP200,1
ETS1,ARMT1,1
ETS1,9430015G10RIK,1
ETS1,CLPTM1L,1
ETS1,AP5M1,1
ETS1,SLC35A1,1
ETS1,NDUFV1,1
ETS1,ATG16L1,1
ETS1,MIEF1,1
ETS1,TIMM29,1
ETS1,DCAF13,1
ETS1,CNOT10,1
ETS1,DUS1L,1
ETS1,UNK,1
ETS1,NFAT5,1
ETS1,ZFP655,1
ETS1,TRMT2A,1
ETS1,NAA35,1
ETS1,PHB2,1
ETS1,UBR1,1
ETS1,DNAJC11,1
ETS1,PPP6C,1
ETS1,EIF2B1,1
ETS1,NECAP2,1
ETS1,ERLIN2,1
ETS1,GALK2,1
ETS1,EIF1AD,1
ETS1,NUDCD3,1
ETS1,ORC5,1
ETS1,RANGAP1,1
ETS1,MSH6,1
ETS1,ACAP1,1
ETS1,RFESD,1
ETS1,MIS18BP1,1
ETS1,IFRD2,1
ETS1,CDCA5,1
ETS1,BTRC,1
ETS1,FKBP1A,1
ETS1,WDR45B,1
ETS1,ARL8B,1
ETS1,EXOC2,1
ETS1,PFKM,1
ETS1,MYNN,1
ETS1,RAD21,1
ETS1,NIF3L1,1
ETS1,DHX33,1
ETS1,COA5,1
ETS1,NCEH1,1
ETS1,STAT3,1
ETS1,WDR36,1
ETS1,DOCK2,1
ETS1,NOLC1,1
ETS1,NCLN,1
ETS1,PSMF1,1
ETS1,THUMPD3,1
ETS1,NUDCD1,1
ETS1,PRKAB1,1
ETS1,WDR75,1
ETS1,USP4,1
ETS1,HSPH1,1
ETS1,GMFB,1
ETS1,D10WSU102E,1
ETS1,ARAP1,1
ETS1,CDCA3,1
ETS1,NDC1,1
ETS1,PRDM4,1
ETS1,NUDT9,1
ETS1,MCM7,1
ETS1,VPS26C,1
ETS1,C330018D20RIK,1
ETS1,WARS,1
ETS1,VPS33B,1
ETS1,ATAD2,1
ETS1,PSMD6,1
ETS1,MARS,1
ETS1,CAST,1
ETS1,PIGQ,1
ETS1,DPP8,1
ETS1,ABTB1,1
ETS1,ZFP62,1
ETS1,NFXL1,1
ETS1,NDOR1,1
ETS1,RASSF5,1
ETS1,PICALM,1
ETS1,SUPT7L,1
ETS1,ETF1,1
ETS1,MTMR6,1
ETS1,COPS8,1
ETS1,REXO4,1
ETS1,CLCN4,1
ETS1,CHAMP1,1
ETS1,PLAA,1
ETS1,BIRC5,1
ETS1,UBE2G2,1
ETS1,FEM1A,1
ETS1,RASAL3,1
ETS1,RRM1,1
ETS1,ESYT2,1
ETS1,VPS33A,1
ETS1,TRMT6,1
ETS1,HARS,1
ETS1,HARS2,1
ETS1,KLHL6,1
ETS1,ZFP24,1
ETS1,EFTUD2,1
ETS1,RNF115,1
ETS1,WDR73,1
ETS1,HIST1H1C,1
ETS1,USP8,1
ETS1,NARFL,1
ETS1,NELFB,1
ETS1,CENPO,1
ETS1,TMEM68,1
ETS1,NUP107,1
ETS1,MORC3,1
ETS1,TOX4,1
ETS1,RHOT1,1
ETS1,UBA5,1
ETS1,AURKA,1
ETS1,OTUD6B,1
ETS1,TAB1,1
ETS1,EXOC3,1
ETS1,METTL8,1
ETS1,NDEL1,1
ETS1,GOSR2,1
ETS1,STK25,1
ETS1,FOXRED1,1
ETS1,POLR3F,1
ETS1,VPS11,1
ETS1,SRSF1,1
ETS1,PSMD9,1
ETS1,PA2G4,1
ETS1,PMPCA,1
ETS1,CYB5R3,1
ETS1,AHCYL1,1
ETS1,SPPL2A,1
ETS1,GTF2H1,1
ETS1,CUL4A,1
ETS1,CEP70,1
ETS1,PIK3R2,1
ETS1,WDR4,1
ETS1,ZFP35,1
ETS1,CRK,1
ETS1,YPEL3,1
ETS1,BAP1,1
ETS1,RARS,1
ETS1,ADAMTS10,1
ETS1,GTF2F1,1
ETS1,TMEM206,1
ETS1,SLC31A1,1
ETS1,SLC25A38,1
ETS1,SEC23IP,1
ETS1,NCAPG2,1
ETS1,TMEM129,1
ETS1,TACC3,1
ETS1,FCHSD2,1
ETS1,NUP155,1
ETS1,CIPC,1
ETS1,PSEN2,1
ETS1,CSTF2,1
ETS1,NIT1,1
ETS1,RFC4,1
ETS1,KAT7,1
ETS1,TMX1,1
ETS1,CHMP7,1
ETS1,XPC,1
ETS1,TBCD,1
ETS1,LMBRD1,1
ETS1,FAM168B,1
ETS1,ANAPC4,1
ETS1,AHCTF1,1
ETS1,VAMP3,1
ETS1,SNAPC3,1
ETS1,XAB2,1
ETS1,KLHL24,1
ETS1,E2F4,1
ETS1,MTREX,1
ETS1,PRPF4,1
ETS1,SEH1L,1
ETS1,TTF1,1
ETS1,NOL9,1
ETS1,CPT2,1
ETS1,PIK3C3,1
ETS1,HAUS2,1
ETS1,SGTA,1
ETS1,ZDHHC6,1
ETS1,MAD2L1,1
ETS1,SCFD1,1
ETS1,BYSL,1
ETS1,PACSIN2,1
ETS1,PLD3,1
ETS1,MFN2,1
ETS1,TBC1D15,1
ETS1,POLR1B,1
ETS1,ATG4B,1
ETS1,ADO,1
ETS1,GFM1,1
ETS1,FEM1B,1
ETS1,NEDD1,1
ETS1,PHAX,1
ETS1,COPG1,1
ETS1,ZZZ3,1
ETS1,ANAPC2,1
ETS1,AP1B1,1
ETS1,4833439L19RIK,1
ETS1,SERPINB9,1
ETS1,SLC39A9,1
ETS1,AAR2,1
ETS1,INCENP,1
ETS1,ITFG1,1
ETS1,TFRC,1
ETS1,GMCL1,1
ETS1,COPB1,1
ETS1,DNPEP,1
ETS1,GARS,1
ETS1,KIF20B,1
ETS1,ATP13A1,1
ETS1,ZBTB43,1
ETS1,ZFP110,1
ETS1,NFE2,1
ETS1,POT1A,1
ETS1,SPTLC1,1
ETS1,ABI1,1
ETS1,RABIF,1
ETS1,TUBGCP2,1
ETS1,PAFAH1B2,1
ETS1,ATP2A3,1
ETS1,NUDT19,1
ETS1,PPIL4,1
ETS1,HDGF,1
ETS1,TMUB2,1
ETS1,SNRPB,1
ETS1,TARS,1
ETS1,GTF3C3,1
ETS1,SACM1L,1
ETS1,DNAJC10,1
ETS1,LIMD2,1
ETS1,RUVBL2,1
ETS1,CDK1,1
ETS1,RAD51,1
ETS1,NOP2,1
ETS1,ARHGAP15,1
ETS1,MINPP1,1
ETS1,UHRF1,1
ETS1,OSTM1,1
ETS1,PSMD5,1
ETS1,HIST1H2BC,1
ETS1,POLD1,1
ETS1,HUS1,1
ETS1,CENPK,1
ETS1,ZFP397,1
ETS1,LRRC14,1
ETS1,PSAT1,1
ETS1,LZTR1,1
ETS1,KPNA3,1
ETS1,IPO4,1
ETS1,LAP3,1
ETS1,CDK19,1
ETS1,PCYT1A,1
ETS1,LDAH,1
ETS1,SCRN3,1
ETS1,TAF12,1
ETS1,BID,1
ETS1,ABCF3,1
ETS1,ZFP143,1
ETS1,ELP2,1
ETS1,GNAI3,1
ETS1,PPAT,1
ETS1,LRRFIP1,1
ETS1,DPH6,1
ETS1,UBR7,1
ETS1,BLZF1,1
ETS1,TMEM168,1
ETS1,GOLPH3,1
ETS1,MAU2,1
ETS1,HCLS1,1
ETS1,P2RX4,1
ETS1,ZFP672,1
ETS1,PLIN3,1
ETS1,MFSD1,1
ETS1,ZKSCAN3,1
ETS1,ELAC2,1
ETS1,GSS,1
ETS1,PSEN1,1
ETS1,CENPA,1
ETS1,CRNKL1,1
ETS1,PRMT7,1
ETS1,LONP1,1
ETS1,SPTBN1,1
ETS1,RNF4,1
ETS1,UCKL1,1
ETS1,MOGS,1
ETS1,POGLUT1,1
ETS1,PGLYRP2,1
ETS1,MBTPS1,1
ETS1,COPB2,1
ETS1,PSTPIP1,1
ETS1,TVP23B,1
ETS1,ACSS1,1
ETS1,TFG,1
ETS1,TOPORS,1
ETS1,BCLAF3,1
ETS1,TRMT11,1
ETS1,ZSCAN21,1
ETS1,CPQ,1
ETS1,ZFP639,1
ETS1,CCDC137,1
ETS1,EPS15,1
ETS1,HEMGN,1
ETS1,DDHD2,1
ETS1,DENND1C,1
ETS1,ARMC8,1
ETS1,ME2,1
ETS1,RNF139,1
ETS1,LYRM4,1
ETS1,B230219D22RIK,1
ETS1,ALKBH8,1
ETS1,GSKIP,1
ETS1,CDT1,1
ETS1,FAAP100,1
ETS1,CDC45,1
ETS1,SGO1,1
ETS1,NPLOC4,1
ETS1,RANBP3,1
ETS1,HMBS,1
ETS1,ATAD1,1
ETS1,SLC25A46,1
ETS1,BTAF1,1
ETS1,CDCA8,1
ETS1,INTS13,1
ETS1,COLGALT1,1
ETS1,WDR5,1
ETS1,SMC2,1
ETS1,ZFP451,1
ETS1,PKM,1
ETS1,WDHD1,1
ETS1,RPRD1B,1
ETS1,DDX1,1
ETS1,CASP3,1
ETS1,XPNPEP1,1
ETS1,DNAJC5,1
ETS1,UBAC1,1
ETS1,VPS41,1
ETS1,FASTKD2,1
ETS1,XRCC5,1
ETS1,POLE3,1
ETS1,NFKBIA,1
ETS1,PTDSS2,1
ETS1,NT5DC1,1
ETS1,ANKFY1,1
ETS1,BTG2,1
ETS1,MIS12,1
ETS1,CPOX,1
ETS1,STXBP4,1
ETS1,FAM91A1,1
ETS1,ZKSCAN6,1
ETS1,MRM1,1
ETS1,MED16,1
ETS1,TASP1,1
ETS1,RPA2,1
ETS1,UAP1,1
ETS1,CHUK,1
ETS1,FAM45A,1
ETS1,APEH,1
ETS1,CALU,1
ETS1,CTSE,1
ETS1,MARCH6,1
ETS1,PPOX,1
ETS1,UROD,1
ETS1,TBL3,1
ETS1,DLST,1
ETS1,MAPK1,1
ETS1,LIG1,1
ETS1,FAM76B,1
ETS1,FIGNL1,1
ETS1,MIOS,1
ETS1,COG7,1
ETS1,NCAPG,1
ETS1,TIMM50,1
ETS1,MCM3,1
ETS1,RPAP1,1
ETS1,GPKOW,1
ETS1,GUSB,1
ETS1,REL,1
ETS1,TOLLIP,1
ETS1,CACFD1,1
ETS1,CRBN,1
ETS1,GOLT1B,1
ETS1,HERC4,1
ETS1,SP4,1
ETS1,CHMP3,1
ETS1,LRRC8C,1
ETS1,RABGGTB,1
ETS1,TRIM30A,1
ETS1,DUSP2,1
ETS1,ATL2,1
ETS1,SLC30A5,1
ETS1,RMND5B,1
ETS1,ZKSCAN17,1
ETS1,PREP,1
ETS1,CNIH1,1
ETS1,RAD51AP1,1
ETS1,TYMS,1
ETS1,METTL7A1,1
ETS1,ATG12,1
ETS1,AP3S1,1
ETS1,UROS,1
ETS1,CLN5,1
ETS1,CCNA2,1
ETS1,PON2,1
ETS1,GORASP1,1
ETS1,IPO9,1
ETS1,2610301B20RIK,1
ETS1,DUSP1,1
ETS1,QARS,1
ETS1,DIS3L2,1
ETS1,MED22,1
ETS1,SHCBP1,1
ETS1,MAPK9,1
ETS1,PITPNB,1
ETS1,FBXW5,1
ETS1,WDR55,1
ETS1,BUB1B,1
ETS1,CSGALNACT2,1
ETS1,NUP93,1
ETS1,CAPN7,1
ETS1,PWP2,1
ETS1,CDC6,1
ETS1,TBC1D10C,1
ETS1,XPR1,1
ETS1,UBXN2B,1
ETS1,ZFP266,1
ETS1,TCF12,1
ETS1,ALAD,1
ETS1,PRKCH,1
ETS1,GM2A,1
ETS1,PTDSS1,1
ETS1,NEK9,1
ETS1,SMARCA2,1
ETS1,GYPC,1
ETS1,KIF11,1
ETS1,SGPL1,1
ETS1,GNA13,1
ETS1,KNSTRN,1
ETS1,EDC3,1
ETS1,TM7SF3,1
ETS1,ADK,1
ETS1,UBA7,1
ETS1,ZFP367,1
ETS1,TMEM173,1
ETS1,TMEM177,1
ETS1,FNTA,1
ETS1,STX12,1
ETS1,CLPX,1
ETS1,GSR,1
ETS1,BCAP29,1
ETS1,BUB3,1
ETS1,ARL6IP6,1
ETS1,RFC5,1
ETS1,SDHAF2,1
ETS1,ALDH9A1,1
ETS1,CLIC4,1
ETS1,SPPL2B,1
ETS1,FARSB,1
ETS1,NFE2L2,1
ETS1,NCAPH,1
ETS1,RELB,1
ETS1,CTR9,1
ETS1,STXBP3,1
ETS1,NAA50,1
ETS1,ATP6V1A,1
ETS1,ARHGEF18,1
ETS1,CYTH4,1
ETS1,MARCH8,1
ETS1,CENPE,1
ETS1,UTP4,1
ETS1,CKS1B,1
ETS1,TCP11L2,1
ETS1,INPP5B,1
ETS1,GNPDA1,1
ETS1,DNM1L,1
ETS1,ALG9,1
ETS1,VHL,1
ETS1,USP37,1
ETS1,PLEC,1
ETS1,DRAM2,1
ETS1,CEPT1,1
ETS1,NAMPT,1
ETS1,RNF141,1
ETS1,FOS,1
ETS1,TERF2IP,1
ETS1,MXD3,1
ETS1,DCAF11,1
ETS1,ZFP275,1
ETS1,TPP1,1
ETS1,IRF1,1
ETS1,TREML2,1
ETS1,MGST3,1
ETS1,TMX3,1
ETS1,PBK,1
ETS1,ATP7B,1
ETS1,ALG11,1
ETS1,VAV1,1
ETS1,SLC39A10,1
ETS1,ORC2,1
ETS1,FZR1,1
ETS1,YOD1,1
ETS1,CENPF,1
ETS1,ODC1,1
ETS1,TUBGCP5,1
ETS1,CERS5,1
ETS1,USF3,1
ETS1,MCM6,1
ETS1,METAP1D,1
ETS1,TMEM186,1
ETS1,SPIRE1,1
ETS1,CALCRL,1
ETS1,TXNRD2,1
ETS1,FGFR1OP,1
ETS1,CD82,1
ETS1,NUP85,1
ETS1,RGS19,1
ETS1,PNO1,1
ETS1,RORA,1
ETS1,FPGS,1
ETS1,MTO1,1
ETS1,PIP4K2A,1
ETS1,ZFP871,1
ETS1,COG6,1
ETS1,HEATR5A,1
ETS1,TCF19,1
ETS1,TUBGCP3,1
ETS1,TMEM64,1
ETS1,POLR2B,1
ETS1,MTHFD1,1
ETS1,GMNN,1
ETS1,STEAP3,1
ETS1,CNOT7,1
ETS1,HSPA4L,1
ETS1,HACD3,1
ETS1,FECH,1
ETS1,XRCC6,1
ETS1,NET1,1
ETS1,RPP40,1
ETS1,FAR1,1
ETS1,TMEM109,1
ETS1,CBFB,1
ETS1,SMIM15,1
ETS1,D230025D16RIK,1
ETS1,ASAH1,1
ETS1,UNC93B1,1
ETS1,ENDOD1,1
ETS1,TLR4,1
ETS1,DTL,1
ETS1,CDCA4,1
ETS1,ABCB8,1
ETS1,SPI1,1
ETS1,ABCD3,1
ETS1,MCM4,1
ETS1,EYA2,1
ETS1,CHP1,1
ETS1,SPC25,1
ETS1,PJA2,1
ETS1,WDSUB1,1
ETS1,TNFAIP8,1
ETS1,CBX7,1
ETS1,RB1,1
ETS1,PDCL,1
ETS1,GFI1,1
ETS1,MCM5,1
ETS1,SP100,1
ETS1,FBXO5,1
ETS1,SESN1,1
ETS1,LLGL1,1
ETS1,METAP1,1
ETS1,ELP3,1
ETS1,PQLC1,1
ETS1,CCNE2,1
ETS1,ZFP322A,1
ETS1,ABHD16A,1
ETS1,SCARB1,1
ETS1,CYB5R1,1
ETS1,LANCL2,1
ETS1,PCCA,1
ETS1,NDRG1,1
ETS1,GYG,1
ETS1,USP10,1
ETS1,TAPT1,1
ETS1,NGLY1,1
ETS1,ZFP945,1
ETS1,HNRNPAB,1
ETS1,SETD2,1
ETS1,ASB8,1
ETS1,TYK2,1
ETS1,WDR6,1
ETS1,ICE1,1
ETS1,PRIM1,1
ETS1,PLBD2,1
ETS1,UAP1L1,1
ETS1,NADK,1
ETS1,MARCH5,1
ETS1,AFF4,1
ETS1,ZDHHC13,1
ETS1,LPIN2,1
ETS1,NPTN,1
ETS1,SLC20A1,1
ETS1,TPX2,1
ETS1,TIPIN,1
ETS1,CTSO,1
ETS1,ST8SIA4,1
ETS1,FAM136A,1
ETS1,NASP,1
ETS1,NCAPD2,1
ETS1,IFT140,1
ETS1,PRELID3B,1
ETS1,ST6GALNAC4,1
ETS1,GANAB,1
ETS1,ITSN1,1
ETS1,LPCAT3,1
ETS1,OAT,1
ETS1,SLC30A6,1
ETS1,NUP88,1
ETS1,CUL3,1
ETS1,TWSG1,1
ETS1,TMC6,1
ETS1,CKAP2L,1
ETS1,ERLIN1,1
ETS1,PLEK,1
ETS1,ARHGEF6,1
ETS1,CUL2,1
ETS1,CYP20A1,1
ETS1,HAGH,1
ETS1,RRM2,1
ETS1,ISYNA1,1
ETS1,ABL1,1
ETS1,PRIM2,1
ETS1,MTFR1,1
ETS1,RNF19A,1
ETS1,GTF2E1,1
ETS1,HACD4,1
ETS1,ABCB10,1
ETS1,FTSJ3,1
ETS1,STAP1,1
ETS1,EZR,1
ETS1,RNF145,1
ETS1,VKORC1L1,1
ETS1,HNRNPLL,1
ETS1,DEK,1
ETS1,HSDL1,1
ETS1,NFATC1,1
ETS1,ENPP4,1
ETS1,YBX1,1
ETS1,MFNG,1
ETS1,SLC16A1,1
ETS1,NRF1,1
ETS1,TOR3A,1
ETS1,COQ8A,1
ETS1,NR2C1,1
ETS1,MAVS,1
ETS1,TTLL12,1
ETS1,ISG20,1
ETS1,EGR1,1
ETS1,AK3,1
ETS1,GSTM1,1
ETS1,SLA2,1
ETS1,MEMO1,1
ETS1,EPSTI1,1
ETS1,PTPN12,1
ETS1,CAD,1
ETS1,AFG3L2,1
ETS1,IARS2,1
ETS1,DPH2,1
ETS1,IL27RA,1
ETS1,IDH3A,1
ETS1,TTF2,1
ETS1,CDC20,1
ETS1,PCYT2,1
ETS1,FADS1,1
ETS1,ZFP930,1
ETS1,ELOVL1,1
ETS1,SERPINB6B,1
ETS1,MCM2,1
ETS1,PTCD3,1
ETS1,HEXA,1
ETS1,INTS8,1
ETS1,HDAC2,1
ETS1,HDAC7,1
ETS1,EIF4ENIF1,1
ETS1,RGS1,1
ETS1,CTSC,1
ETS1,NAPSA,1
ETS1,CCNE1,1
ETS1,HMGB2,1
ETS1,NSMAF,1
ETS1,PITRM1,1
ETS1,NUBP2,1
ETS1,PWP1,1
ETS1,TRIB2,1
ETS1,ZFP961,1
ETS1,E2F8,1
ETS1,HCFC1,1
ETS1,NAGA,1
ETS1,MYO1G,1
ETS1,NARF,1
ETS1,CKAP2,1
ETS1,UGCG,1
ETS1,CASP2,1
ETS1,SLC19A1,1
ETS1,ALDH18A1,1
ETS1,NAE1,1
ETS1,CNP,1
ETS1,TAF1,1
ETS1,ACAA2,1
ETS1,RPA1,1
ETS1,SEPT6,1
ETS1,ILVBL,1
ETS1,PLA2G12A,1
ETS1,HELLS,1
ETS1,CARHSP1,1
ETS1,FTSJ1,1
ETS1,TRPV2,1
ETS1,RGCC,1
ETS1,JAK3,1
ETS1,UBA3,1
ETS1,ASF1B,1
ETS1,1700017B05RIK,1
ETS1,STT3B,1
ETS1,RGS2,1
ETS1,TRIM59,1
ETS1,KIF22,1
ETS1,UMPS,1
ETS1,TSPAN14,1
ETS1,BLVRB,1
ETS1,CDC7,1
ETS1,CCNG1,1
ETS1,POLA2,1
ETS1,PQLC3,1
ETS1,PRC1,1
ETS1,TCN2,1
ETS1,PUS7,1
ETS1,GEMIN5,1
ETS1,EPOR,1
ETS1,DHFR,1
ETS1,DOK2,1
ETS1,STOM,1
ETS1,SMAD2,1
ETS1,PIDD1,1
ETS1,JUN,1
ETS1,PRKAA1,1
ETS1,TOP2A,1
ETS1,SEPT8,1
ETS1,UBL4A,1
ETS1,SLC29A1,1
ETS1,SUN1,1
ETS1,CYTH3,1
ETS1,NFATC2,1
ETS1,DDX58,1
ETS1,CTNNA1,1
ETS1,AMPD3,1
ETS1,TK1,1
ETS1,AP1G2,1
ETS1,DCK,1
ETS1,GYPA,1
ETS1,TANGO2,1
ETS1,CKAP5,1
ETS1,ANKLE1,1
ETS1,XK,1
ETS1,VWA5A,1
ETS1,RTP4,1
ETS1,GPR171,1
ETS1,ZBTB10,1
ETS1,RNF13,1
ETS1,SLC44A2,1
ETS1,ZFP592,1
ETS1,SSX2IP,1
ETS1,MKI67,1
ETS1,G6PDX,1
ETS1,IARS,1
ETS1,ACOX1,1
ETS1,PPM1H,1
ETS1,DCAF4,1
ETS1,ERCC8,1
ETS1,UBAP1,1
ETS1,SQLE,1
ETS1,CCNF,1
ETS1,ADSSL1,1
ETS1,SLC6A6,1
ETS1,KIDINS220,1
ETS1,CD1D1,1
ETS1,RDH11,1
ETS1,RCC1,1
ETS1,SATB1,1
ETS1,RCOR1,1
ETS1,GIMAP6,1
ETS1,PRPS1,1
ETS1,ACSS2,1
ETS1,JPT2,1
ETS1,ATP11C,1
ETS1,MTAP,1
ETS1,PHETA2,1
ETS1,OASL2,1
ETS1,L2HGDH,1
ETS1,UBE2C,1
ETS1,MAP4K2,1
ETS1,TRIB3,1
ETS1,IKZF1,1
ETS1,RMND5A,1
ETS1,PDE4B,1
ETS1,KLF1,1
ETS1,SGPP1,1
ETS1,GBP2,1
ETS1,PPP2R1B,1
ETS1,D1ERTD622E,1
ETS1,PLK1,1
ETS1,LCP2,1
ETS1,SPC24,1
ETS1,NOTCH1,1
ETS1,TMEM263,1
ETS1,MRPL37,1
ETS1,SLC22A3,1
ETS1,ABCB4,1
ETS1,CD74,1
ETS1,MNS1,1
ETS1,JARID2,1
ETS1,GIMAP5,1
ETS1,IL15,1
ETS1,LEPROT,1
ETS1,TMEM164,1
ETS1,KLF6,1
ETS1,MCM10,1
ETS1,DCTD,1
ETS1,SLC14A1,1
ETS1,ARHGAP4,1
ETS1,TMEM185A,1
ETS1,ZMYM3,1
ETS1,PHF10,1
ETS1,CTPS,1
ETS1,APLP2,1
ETS1,TRPS1,1
ETS1,ITGA6,1
ETS1,PLAG1,1
ETS1,DENND2D,1
ETS1,MYC,1
ETS1,ATP6AP2,1
ETS1,TFR2,1
ETS1,NDE1,1
ETS1,SNAP23,1
ETS1,SNX10,1
ETS1,LSP1,1
ETS1,P2RY14,1
ETS1,LMNA,1
ETS1,SLC11A2,1
ETS1,GCLC,1
ETS1,EBI3,1
ETS1,GPSM2,1
ETS1,INKA1,1
ETS1,SASH3,1
ETS1,ATP1B2,1
ETS1,CES2G,1
ETS1,VPS35,1
ETS1,ORC6,1
ETS1,PCLAF,1
ETS1,MFSD2B,1
ETS1,PML,1
ETS1,PACS1,1
ETS1,PRDM5,1
ETS1,RCSD1,1
ETS1,USP25,1
ETS1,TES,1
ETS1,CAR1,1
ETS1,UBASH3A,1
ETS1,ZEB2,1
ETS1,ID2,1
ETS1,TSPAN3,1
ETS1,TMEM97,1
ETS1,CCNB1,1
ETS1,CORO1A,1
ETS1,SPRYD4,1
ETS1,TLK1,1
ETS1,DECR1,1
ETS1,LMO4,1
ETS1,STXBP1,1
ETS1,BC005561,1
ETS1,ESR1,1
ETS1,ANXA6,1
ETS1,SPNS2,1
ETS1,GRAMD1A,1
ETS1,ZFP36,1
ETS1,GSTM5,1
ETS1,MYB,1
ETS1,PEAR1,1
ETS1,PIK3IP1,1
ETS1,SLC40A1,1
ETS1,ANXA2,1
ETS1,LTB,1
ETS1,YBX3,1
ETS1,H2-OB,1
ETS1,IFI30,1
ETS1,TCIRG1,1
ETS1,KLF3,1
ETS1,MAN1A,1
ETS1,STX17,1
ETS1,MAN2A2,1
ETS1,IRF5,1
ETS1,CD55,1
ETS1,ATP6AP1,1
ETS1,RAB37,1
ETS1,HMMR,1
ETS1,CISH,1
ETS1,ELMO1,1
ETS1,E2F6,1
ETS1,ANGPT1,1
ETS1,GIMAP1,1
ETS1,PGM1,1
ETS1,FOXO1,1
ETS1,PLCB2,1
ETS1,FUCA2,1
ETS1,EXT2,1
ETS1,BAG2,1
ETS1,ANXA5,1
ETS1,ELL2,1
ETS1,BUB1,1
ETS1,THRB,1
ETS1,HPCAL1,1
ETS1,NUDT4,1
ETS1,SELENBP1,1
ETS1,ITIH5,1
ETS1,AURKB,1
ETS1,MEF2C,1
ETS1,ELF4,1
ETS1,TSPAN33,1
ETS1,RNASEL,1
ETS1,KDM6A,1
ETS1,MUC13,1
ETS1,MFGE8,1
ETS1,GLIPR2,1
ETS1,SOX6,1
ETS1,KEL,1
ETS1,HPN,1
ETS1,SNCA,1
ETS1,PRKAR2B,1
ETS1,TENT5A,1
ETS1,SLC41A3,1
ETS1,CELA1,1
ETS1,SLC25A45,1
ETS1,CCNB2,1
ETS1,SKAP2,1
ETS1,VIM,1
ETS1,IL21R,1
ETS1,TNFAIP2,1
ETS1,GFI1B,1
ETS1,ADD2,1
ETS1,CREB5,1
ETS1,RASA3,1
ETS1,NUPR1,1
ETS1,IFI204,1
ETS1,TOM1L1,1
ETS1,SERPINB1A,1
ETS1,MFSD14B,1
ETS1,INPP1,1
ETS1,XRCC3,1
ETS1,SLC18A2,1
ETS1,NEURL3,1
ETS1,CTLA2A,1
ETS1,LPCAT1,1
ETS1,MAPKAPK3,1
ETS1,CRYZL2,1
ETS1,CERS4,1
ETS1,CSAD,1
ETS1,CHCHD10,1
ETS1,SPHK1,1
ETS1,NUSAP1,1
ETS1,OPTN,1
ETS1,ZYX,1
ETS1,MEIS1,1
ETS1,SLC38A5,1
ETS1,GPR180,1
ETS1,RNF213,1
ETS1,CMPK2,1
ETS1,GATA1,1
ETS1,TSHZ3,1
ETS1,TNFRSF13B,1
ETS1,EYA1,1
ETS1,2210016F16RIK,1
ETS1,SLC25A21,1
ETS1,RHD,1
ETS1,MT1,1
ETS1,ERMAP,1
ETS1,GRINA,1
ETS1,ZBTB20,1
ETS1,NSDHL,1
ETS1,CASP4,1
ETS1,LDHB,1
ETS1,TIFA,1
ETS1,LCP1,1
ETS1,WLS,1
ETS1,PLIN2,1
ETS1,IRF8,1
ETS1,ZFP467,1
ETS1,GRN,1
ETS1,PRPS2,1
ETS1,ARID3B,1
ETS1,ANKRD27,1
ETS1,CYTIP,1
ETS1,CD48,1
ETS1,DYNLT3,1
ETS1,BTK,1
ETS1,ANXA4,1
ETS1,PLCG2,1
ETS1,BMI1,1
ETS1,MT2,1
ETS1,NR4A1,1
ETS1,ZFP30,1
ETS1,CASP1,1
ETS1,GCNT2,1
ETS1,RNASE6,1
ETS1,TSC22D3,1
ETS1,NR3C2,1
ETS1,FAM234B,1
ETS1,CPT1A,1
ETS1,MYO1D,1
ETS1,PADI4,1
ETS1,CD84,1
ETS1,PTGS1,1
ETS1,EBF1,1
ETS1,STARD10,1
ETS1,TSPO2,1
ETS1,FLOT2,1
ETS1,ST3GAL5,1
ETS1,KLHL22,1
ETS1,PKLR,1
ETS1,LY6A,1
ETS1,EPDR1,1
ETS1,MYH10,1
ETS1,MYCT1,1
ETS1,SMIM5,1
ETS1,SLC43A1,1
ETS1,ABCG2,1
ETS1,ASNS,1
ETS1,RBPMS,1
ETS1,SELENOP,1
ETS1,EPAS1,1
ETS1,GLIS2,1
ETS1,TBC1D2B,1
ETS1,RHAG,1
ETS1,H1F0,1
ETS1,CRIP2,1
ETS1,RAB32,1
ETS1,TLE2,1
ETS1,LAPTM4B,1
ETS1,GOLM1,1
ETS1,SDSL,1
ETS1,GDF3,1
ETS1,SERPINA3G,1
ETS1,KLHL23,1
ETS1,HSD3B7,1
ETS1,PAK1,1
ETS1,EMILIN2,1
ETS1,CD93,1
ETS1,APOE,1
ETS1,ANXA1,1
ETS1,HLF,1
ETS1,VDR,1
ETS1,TBXAS1,1
ETS1,PHACTR2,1
ETS1,ICA1,1
ETS1,AQP1,1
ETS1,ST3GAL6,1
ETS1,CTLA2B,1
ETS1,IFI203,1
ETS1,TEAD2,1
ETS1,MNDAL,1
ETS1,TMEM176B,1
ETS1,TMEM176A,1
ETS1,MYL10,1
ETS1,TGM2,1
ETS1,PLXNC1,1
ETS1,METTL27,1
ETS1,CITED4,1
ETS1,CTTN,1
ETS1,SLC7A4,1
ETS1,H2-DMB1,1
FOS,UBE2C,1
FOS,MBOAT2,1
FOS,DCAF11,1
FOS,LMNA,1
FOS,TOP2A,1
FOS,FOXRED1,1
FOS,SUN1,1
FOS,JPT2,1
FOS,ABCB8,1
FOS,MYH10,1
FOS,ZFP143,1
FOS,MIS12,1
FOS,SPC25,1
FOS,CREB5,1
FOS,IFT140,1
FOS,NUBP2,1
FOS,MCM5,1
FOS,CDCA3,1
FOS,GOLT1B,1
FOS,NUSAP1,1
FOS,WDR36,1
FOS,TCF19,1
FOS,XRCC3,1
FOS,SLC25A45,1
FOS,VIM,1
FOS,QARS,1
FOS,FAM76B,1
FOS,RUVBL2,1
FOS,NCAPG2,1
FOS,CELA1,1
FOS,LSP1,1
FOS,CDT1,1
FOS,ZFP367,1
FOS,P2RY14,1
FOS,KLF6,1
FOS,COQ8A,1
FOS,PACSIN2,1
FOS,TANGO2,1
FOS,MYNN,1
FOS,CENPK,1
FOS,CTLA2B,1
FOS,PLEC,1
FOS,UCKL1,1
FOS,2610301B20RIK,1
FOS,VDR,1
FOS,RNF13,1
FOS,SACM1L,1
FOS,NARF,1
FOS,EZR,1
FOS,PLAG1,1
FOS,CDCA8,1
FOS,ORC2,1
FOS,NCAPD2,1
FOS,CYTIP,1
FOS,FAR1,1
FOS,MED16,1
FOS,IRF5,1
FOS,HIST1H1C,1
FOS,IRF8,1
FOS,CD63,1
FOS,ISG20,1
FOS,RANGAP1,1
FOS,FZR1,1
FOS,YBX1,1
FOS,ZFP871,1
FOS,XAB2,1
FOS,IFI204,1
FOS,SMARCA2,1
FOS,IFI203,1
FOS,NAA35,1
FOS,CKS1B,1
FOS,TUBGCP2,1
FOS,ID2,1
FOS,FOXO1,1
FOS,FEM1B,1
FOS,RCOR1,1
FOS,COPS8,1
FOS,CKAP2L,1
FOS,MCM3,1
FOS,FBXO5,1
FOS,UNK,1
FOS,CD1D1,1
FOS,MFSD1,1
FOS,ZYX,1
FOS,TES,1
FOS,MTHFD1,1
FOS,ANXA2,1
FOS,ZFP945,1
FOS,CISH,1
FOS,TMEM97,1
FOS,HEXA,1
FOS,ARL6IP6,1
FOS,RMND5A,1
FOS,CHP1,1
FOS,APOE,1
FOS,ZFP930,1
FOS,INCENP,1
FOS,ASF1B,1
FOS,ZSCAN21,1
FOS,TSPAN33,1
FOS,TARS,1
FOS,HIST1H2BC,1
FOS,KAT7,1
FOS,HMMR,1
FOS,ZFP961,1
FOS,HNRNPAB,1
FOS,GNPDA1,1
FOS,LMBRD1,1
FOS,PLAA,1
FOS,MNDAL,1
FOS,CENPA,1
FOS,TTF2,1
FOS,CCNB2,1
FOS,USF3,1
FOS,GTF2E1,1
FOS,ZKSCAN6,1
FOS,NUDT9,1
FOS,9430015G10RIK,1
FOS,NFKBIA,1
FOS,MARCH8,1
FOS,WARS,1
FOS,E2F8,1
FOS,CCNB1,1
FOS,CKAP5,1
FOS,GBP2,1
FOS,UBA7,1
FOS,PCYT1A,1
FOS,EPS15,1
FOS,ZEB2,1
FOS,GCNT2,1
FOS,MRM1,1
FOS,SPC24,1
FOS,CLCN4,1
FOS,SPHK1,1
FOS,EGR1,1
FOS,PLEK,1
FOS,MRPL37,1
FOS,CRK,1
FOS,TCF12,1
FOS,ERLIN1,1
FOS,RPA2,1
FOS,TFG,1
FOS,SCARB1,1
FOS,HNRNPLL,1
FOS,CDCA4,1
FOS,MT2,1
FOS,FBXW5,1
FOS,ETF1,1
FOS,ITSN1,1
FOS,CTNNA1,1
FOS,RAD51AP1,1
FOS,PICALM,1
FOS,MNS1,1
FOS,HSPA4L,1
FOS,RCC1,1
FOS,CHORDC1,1
FOS,ZDHHC13,1
FOS,SLC11A2,1
FOS,VPS33A,1
FOS,UHRF1,1
FOS,TASP1,1
FOS,E2F6,1
FOS,CDC45,1
FOS,NR4A1,1
FOS,ABCB4,1
FOS,PDE4B,1
FOS,CCNF,1
FOS,UAP1,1
FOS,SLC30A5,1
FOS,SGO1,1
FOS,ATAD2,1
FOS,ELAC2,1
FOS,AQP9,1
FOS,REL,1
FOS,BIRC5,1
FOS,ETS1,1
FOS,LRRFIP1,1
FOS,EBI3,1
FOS,MT1,1
FOS,CASP1,1
FOS,NUP88,1
FOS,MKI67,1
FOS,NSDHL,1
FOS,CTLA2A,1
FOS,CENPF,1
FOS,HMGB2,1
FOS,JUN,1
FOS,DNPEP,1
FOS,IFRD2,1
FOS,KIF22,1
FOS,PSAT1,1
FOS,DUSP1,1
FOS,HDAC7,1
FOS,PLD3,1
FOS,EMILIN2,1
FOS,ZBTB43,1
FOS,NDEL1,1
FOS,PITRM1,1
FOS,VWA5A,1
FOS,KDM6A,1
FOS,TLR4,1
FOS,ARMT1,1
FOS,MCM10,1
FOS,KPNA3,1
FOS,TMC6,1
FOS,NAA50,1
FOS,IARS,1
FOS,HSD3B7,1
FOS,AP5M1,1
FOS,DCP1A,1
FOS,STAT3,1
FOS,GSR,1
FOS,F11R,1
FOS,HAGH,1
FOS,CYB5R3,1
FOS,BTG2,1
FOS,MARS,1
FOS,TIMM29,1
FOS,B230219D22RIK,1
FOS,SESN1,1
FOS,ESYT2,1
FOS,TMEM129,1
FOS,TACC3,1
FOS,TCIRG1,1
FOS,ERCC8,1
FOS,GOSR2,1
FOS,NUDCD1,1
FOS,SLC25A21,1
FOS,METTL27,1
FOS,PTPN12,1
FOS,GALK2,1
FOS,PAFAH1B2,1
FOS,BUB1,1
FOS,ATP6AP2,1
FOS,NUP93,1
FOS,RBPMS,1
FOS,CASP4,1
FOS,RABIF,1
FOS,AURKA,1
FOS,GNA13,1
FOS,SNX10,1
FOS,CDK19,1
FOS,DUSP2,1
FOS,UMPS,1
FOS,LEPROT,1
FOS,DNAJC10,1
FOS,NEURL3,1
FOS,OAT,1
FOS,HUS1,1
FOS,ANKRD27,1
FOS,CCNA2,1
FOS,HPN,1
FOS,ILVBL,1
FOS,ZFP655,1
FOS,RGCC,1
FOS,ADO,1
FOS,RRM2,1
FOS,NUPR1,1
FOS,MAPK9,1
FOS,SLC31A1,1
FOS,TPX2,1
FOS,SGTA,1
FOS,AFF4,1
FOS,CAST,1
FOS,CALU,1
FOS,DUS1L,1
FOS,TGM2,1
FOS,GORASP1,1
FOS,WDSUB1,1
FOS,PQLC3,1
FOS,AMPD3,1
FOS,VPS26C,1
FOS,CDC20,1
FOS,STX17,1
FOS,RGS2,1
FOS,LY6A,1
FOS,VPS11,1
FOS,L2HGDH,1
FOS,TOR3A,1
FOS,ZFP451,1
FOS,SCFD1,1
FOS,SLC30A6,1
FOS,LIG1,1
FOS,RASSF5,1
FOS,UBE2G2,1
FOS,ALG9,1
FOS,GTF2H1,1
FOS,TRMT2A,1
FOS,ANXA6,1
FOS,REXO4,1
FOS,IPO4,1
FOS,ABTB1,1
FOS,NOLC1,1
FOS,TNFAIP8,1
FOS,YPEL3,1
FOS,RAB31,1
FOS,HSPH1,1
FOS,UBA3,1
FOS,NR3C2,1
FOS,D1ERTD622E,1
FOS,TRMT6,1
FOS,POT1A,1
FOS,PQLC1,1
FOS,LONP1,1
FOS,KLF3,1
FOS,SLC20A1,1
FOS,ZBTB10,1
FOS,ACSS2,1
FOS,METAP1D,1
FOS,HDAC9,1
FOS,CYB5R1,1
FOS,TRIM30A,1
FOS,TVP23B,1
FOS,CTR9,1
FOS,SPI1,1
FOS,TPP1,1
FOS,SUPT7L,1
FOS,STEAP3,1
FOS,TBC1D15,1
FOS,CTPS,1
FOS,RASA3,1
FOS,GTF2F1,1
FOS,SEH1L,1
FOS,MIS18BP1,1
FOS,SEC23IP,1
FOS,UBAP1,1
FOS,D10WSU102E,1
FOS,NUDCD3,1
FOS,GATA2,1
FOS,ALDH9A1,1
FOS,SERPINB9,1
FOS,ACOX1,1
FOS,DDX20,1
FOS,ATG16L1,1
FOS,RFC4,1
FOS,CTSC,1
FOS,MTMR6,1
FOS,MTREX,1
FOS,RTP4,1
FOS,NAE1,1
FOS,HCLS1,1
FOS,SNRNP200,1
FOS,ZFP322A,1
FOS,PJA2,1
FOS,AURKB,1
FOS,DOK2,1
FOS,NCLN,1
FOS,USP8,1
FOS,PTDSS2,1
FOS,NEDD1,1
FOS,PA2G4,1
FOS,SERPINA3G,1
FOS,PLIN3,1
FOS,ANXA5,1
FOS,STK25,1
FOS,POLR2B,1
FOS,ZZZ3,1
FOS,ASAH1,1
FOS,APLP2,1
FOS,PRSS50,1
FOS,SATB1,1
FOS,MCM4,1
FOS,BTAF1,1
FOS,GMFB,1
FOS,ITFG1,1
FOS,GPR180,1
FOS,HEATR5A,1
FOS,NIF3L1,1
FOS,XRCC6,1
FOS,VPS35,1
FOS,ORC6,1
FOS,GSTM5,1
FOS,SQLE,1
FOS,GSS,1
FOS,FAM136A,1
FOS,COPB2,1
FOS,MAVS,1
FOS,ZFP62,1
FOS,ZFP639,1
FOS,SPPL2A,1
FOS,ELOVL1,1
FOS,RFESD,1
FOS,ANAPC4,1
FOS,ST8SIA4,1
FOS,NPTN,1
FOS,SPRYD4,1
FOS,PAK1,1
FOS,SLC14A1,1
FOS,OPTN,1
FOS,GRN,1
FOS,METTL7A1,1
FOS,NAMPT,1
FOS,GANAB,1
FOS,FEM1A,1
FOS,TFRC,1
FOS,POLE3,1
FOS,METAP1,1
FOS,MAU2,1
FOS,HDGF,1
FOS,CTSE,1
FOS,CYP20A1,1
FOS,TBXAS1,1
FOS,UBA5,1
FOS,OSTM1,1
FOS,GRAMD1A,1
FOS,CDCA5,1
FOS,NDRG1,1
FOS,1700017B05RIK,1
FOS,ABL1,1
FOS,ABCF3,1
FOS,UAP1L1,1
FOS,CIPC,1
FOS,MED22,1
FOS,GNB4,1
FOS,VAMP3,1
FOS,PCCA,1
FOS,ZFP35,1
FOS,EFTUD2,1
FOS,CNOT7,1
FOS,ZDHHC6,1
FOS,DCAF13,1
FOS,ADK,1
FOS,MGST3,1
FOS,CUL4A,1
FOS,CLIC4,1
FOS,SGPL1,1
FOS,NELFB,1
FOS,WDR75,1
FOS,BATF2,1
FOS,NUP107,1
FOS,NADK,1
FOS,ATAD1,1
FOS,PRPS1,1
FOS,LDAH,1
FOS,TOX4,1
FOS,SLC29A1,1
FOS,ARAP1,1
FOS,ADSSL1,1
FOS,PROCR,1
FOS,HMBS,1
FOS,FES,1
FOS,EYA1,1
FOS,CLPTM1L,1
FOS,ORC5,1
FOS,LCP2,1
FOS,XRCC5,1
FOS,LZTR1,1
FOS,PSMF1,1
FOS,ATP1B2,1
FOS,KLHL24,1
FOS,LANCL2,1
FOS,RELB,1
FOS,EMILIN1,1
FOS,FIGNL1,1
FOS,GUSB,1
FOS,COLGALT1,1
FOS,FAM168B,1
FOS,NUF2,1
FOS,SRSF1,1
FOS,NFAT5,1
FOS,TMUB2,1
FOS,RGS1,1
FOS,YOD1,1
FOS,GNAI3,1
FOS,P2RX4,1
FOS,EXOC2,1
FOS,GIMAP6,1
FOS,PON2,1
FOS,DPP8,1
FOS,MAPKAPK3,1
FOS,GTF3C3,1
FOS,PKM,1
FOS,FCHSD2,1
FOS,NSMAF,1
FOS,SP4,1
FOS,PHAX,1
FOS,ZFP24,1
FOS,MIEF1,1
FOS,NECAP2,1
FOS,ENPP4,1
FOS,TCN2,1
FOS,NARFL,1
FOS,MINPP1,1
FOS,STT3B,1
FOS,CCNE1,1
FOS,DHFR,1
FOS,ZFP266,1
FOS,ATP6AP1,1
FOS,FUCA2,1
FOS,TBCD,1
FOS,PRPF4,1
FOS,LYZ2,1
FOS,TNFAIP2,1
FOS,PPOX,1
FOS,ME2,1
FOS,TMEM168,1
FOS,TIMM50,1
FOS,RPP40,1
FOS,NOTCH1,1
FOS,CKAP2,1
FOS,USP10,1
FOS,PWP1,1
FOS,COPG1,1
FOS,UROD,1
FOS,LAPTM4B,1
FOS,IFI30,1
FOS,NDUFV1,1
FOS,TYK2,1
FOS,DENND1C,1
FOS,LLGL1,1
FOS,BC005561,1
FOS,AHCTF1,1
FOS,POGLUT1,1
FOS,PRKAB1,1
FOS,CCDC137,1
FOS,SDHAF2,1
FOS,CHAMP1,1
FOS,CMPK2,1
FOS,BYSL,1
FOS,ALKBH8,1
FOS,PCLAF,1
FOS,AK3,1
FOS,MAD2L1,1
FOS,CHMP3,1
FOS,TMEM186,1
FOS,CNOT10,1
FOS,TOPORS,1
FOS,CD93,1
FOS,AHR,1
FOS,TSPAN14,1
FOS,EYA2,1
FOS,ZKSCAN17,1
FOS,RGS19,1
FOS,PSTPIP1,1
FOS,STARD10,1
FOS,PTDSS1,1
FOS,RNF4,1
FOS,VPS33B,1
FOS,PRDM4,1
FOS,APEH,1
FOS,ARL8B,1
FOS,CCNG1,1
FOS,DCK,1
FOS,USP37,1
FOS,IL15,1
FOS,INTS8,1
FOS,PSMD9,1
FOS,EIF1AD,1
FOS,BLVRB,1
FOS,TAB1,1
FOS,SKAP2,1
FOS,TRIM47,1
FOS,RNF139,1
FOS,CDC6,1
FOS,ANAPC2,1
FOS,SLC25A46,1
FOS,ADGRG3,1
FOS,ELP3,1
FOS,EIF2B1,1
FOS,RPAP1,1
FOS,RPA1,1
FOS,ENDOD1,1
FOS,CASP2,1
FOS,XPNPEP1,1
FOS,DHX33,1
FOS,SLC35A1,1
FOS,EXOC3,1
FOS,AAR2,1
FOS,PIGQ,1
FOS,MAN1A,1
FOS,FPGS,1
FOS,TWSG1,1
FOS,PLCG2,1
FOS,PSMD5,1
FOS,UBXN2B,1
FOS,APBB1,1
FOS,MAPK1,1
FOS,GIMAP5,1
FOS,CPT2,1
FOS,ARID3B,1
FOS,VKORC1L1,1
FOS,KIDINS220,1
FOS,LRRC8C,1
FOS,ACAA2,1
FOS,CLN5,1
FOS,AP1G2,1
FOS,TMEM109,1
FOS,FGFR1OP,1
FOS,WDHD1,1
FOS,KLHL22,1
FOS,FKBP1A,1
FOS,IPO9,1
FOS,CACFD1,1
FOS,PGM1,1
FOS,DDX1,1
FOS,POLR1B,1
FOS,NOL9,1
FOS,UGCG,1
FOS,EDC3,1
FOS,GM2A,1
FOS,GOLM1,1
FOS,ARMC8,1
FOS,PLA2G12A,1
FOS,NET1,1
FOS,ALDH1A1,1
FOS,NCEH1,1
FOS,BTRC,1
FOS,PFKM,1
FOS,CYTH3,1
FOS,RDH11,1
FOS,PHETA2,1
FOS,CYTH4,1
FOS,SMIM5,1
FOS,DNM1L,1
FOS,TMEM68,1
FOS,VPS41,1
FOS,TBL3,1
FOS,TMEM173,1
FOS,DNAJC11,1
FOS,PDCL,1
FOS,NCAPG,1
FOS,DCTD,1
FOS,ESR1,1
FOS,ALDH18A1,1
FOS,TBC1D10C,1
FOS,VILL,1
FOS,CPOX,1
FOS,ATL2,1
FOS,TUBGCP3,1
FOS,LYRM4,1
FOS,EXT2,1
FOS,NDC1,1
FOS,SSX2IP,1
FOS,ANGPT1,1
FOS,MYCN,1
FOS,TMEM206,1
FOS,ATG12,1
FOS,AP3S1,1
FOS,RUNX2,1
FOS,ELP2,1
FOS,NIT1,1
FOS,KIF11,1
FOS,FAM91A1,1
FOS,PLIN2,1
FOS,NFATC1,1
FOS,MCM2,1
FOS,TMEM177,1
FOS,PRKAR2B,1
FOS,CSGALNACT2,1
FOS,COG7,1
FOS,ATP7B,1
FOS,ALG11,1
FOS,HACD4,1
FOS,CNP,1
FOS,TRPS1,1
FOS,HEBP1,1
FOS,DIS3L2,1
FOS,PNO1,1
FOS,SNRPB,1
FOS,C330018D20RIK,1
FOS,POLR3F,1
FOS,COPB1,1
FOS,ATP6V1A,1
FOS,CUL3,1
FOS,ADAMTS10,1
FOS,SCRN3,1
FOS,RAB32,1
FOS,LPIN2,1
FOS,PTGS1,1
FOS,STX12,1
FOS,ZFP397,1
FOS,LPCAT3,1
FOS,DOCK2,1
FOS,WDR45B,1
FOS,SVIP,1
FOS,MCM7,1
FOS,OTUD6B,1
FOS,VAV1,1
FOS,ODC1,1
FOS,RHOT1,1
FOS,MFGE8,1
FOS,CALCRL,1
FOS,SNAP23,1
FOS,USP25,1
FOS,SLC19A1,1
FOS,PRC1,1
FOS,FNTA,1
FOS,FASTKD2,1
FOS,FAM45A,1
FOS,SMAD2,1
FOS,RNF115,1
FOS,PLK1,1
FOS,PITPNB,1
FOS,PIP4K2A,1
FOS,MCTP1,1
FOS,AFG3L2,1
FOS,H2-OB,1
FOS,PRELID3B,1
FOS,CD74,1
FOS,SPTLC1,1
FOS,RFC5,1
FOS,RABGGTB,1
FOS,GOLPH3,1
FOS,GARS,1
FOS,AHCYL1,1
FOS,TTLL12,1
FOS,PIK3R2,1
FOS,MYC,1
FOXO1,POT1A,1
FOXO1,YPEL3,1
FOXO1,CCNE2,1
FOXO1,NADK,1
FOXO1,LTB,1
FOXO1,COQ8A,1
FOXO1,NDOR1,1
FOXO1,RMND5A,1
FOXO1,NUF2,1
FOXO1,RORA,1
FOXO1,TCP11L2,1
FOXO1,CRBN,1
FOXO1,NFAT5,1
FOXO1,CACFD1,1
FOXO1,SLC39A10,1
FOXO1,RNF145,1
FOXO1,DCAF11,1
FOXO1,HERC4,1
FOXO1,MAU2,1
FOXO1,GMCL1,1
FOXO1,POLA2,1
FOXO1,NARFL,1
FOXO1,LIMD2,1
FOXO1,INTS13,1
FOXO1,ACSS1,1
FOXO1,COG6,1
FOXO1,CLCN4,1
FOXO1,CENPA,1
FOXO1,RAD21,1
FOXO1,CENPK,1
FOXO1,SPPL2B,1
FOXO1,NAA50,1
FOXO1,ATP6V1A,1
FOXO1,DHFR,1
FOXO1,KLHL24,1
FOXO1,SCRN3,1
FOXO1,CNOT10,1
FOXO1,ST8SIA4,1
FOXO1,STX12,1
FOXO1,WDSUB1,1
FOXO1,ABTB1,1
FOXO1,SP4,1
FOXO1,MBTPS1,1
FOXO1,CHP1,1
FOXO1,VKORC1L1,1
FOXO1,ASB8,1
FOXO1,TRIB2,1
FOXO1,MCM7,1
FOXO1,PLAA,1
FOXO1,FGFR1OP,1
FOXO1,ARL6IP6,1
FOXO1,TBC1D15,1
FOXO1,SESN1,1
FOXO1,PITPNB,1
FOXO1,SELENOP,1
FOXO1,SGO1,1
FOXO1,ADO,1
FOXO1,CEP70,1
FOXO1,ARMT1,1
FOXO1,ACSS2,1
FOXO1,SNAP23,1
FOXO1,RFESD,1
FOXO1,CBFB,1
FOXO1,SRSF1,1
FOXO1,PICALM,1
FOXO1,TMEM206,1
FOXO1,WDR73,1
FOXO1,CDCA3,1
FOXO1,RGS1,1
FOXO1,9430015G10RIK,1
FOXO1,DNAJC11,1
FOXO1,CYP20A1,1
FOXO1,MSH6,1
FOXO1,NFKBIA,1
FOXO1,CHORDC1,1
FOXO1,HAGH,1
FOXO1,SLC25A45,1
FOXO1,MFN2,1
FOXO1,IL21R,1
FOXO1,STK25,1
FOXO1,BTRC,1
FOXO1,RGS2,1
FOXO1,RCC1,1
FOXO1,D230025D16RIK,1
FOXO1,DHX33,1
FOXO1,DEK,1
FOXO1,HIST1H2BC,1
FOXO1,NDC1,1
FOXO1,CTSE,1
FOXO1,NDRG1,1
FOXO1,B230219D22RIK,1
FOXO1,AURKA,1
FOXO1,LIG1,1
FOXO1,IFT140,1
FOXO1,DNPEP,1
FOXO1,MORC3,1
FOXO1,PPOX,1
FOXO1,NCAPG2,1
FOXO1,NRF1,1
FOXO1,CTPS,1
FOXO1,MYNN,1
FOXO1,XRCC6,1
FOXO1,GARS,1
FOXO1,ABCF3,1
FOXO1,PIK3IP1,1
FOXO1,PSEN2,1
FOXO1,ABCB8,1
FOXO1,USP10,1
FOXO1,ADK,1
FOXO1,WDHD1,1
FOXO1,CASP3,1
FOXO1,EIF2B1,1
FOXO1,NCLN,1
FOXO1,USP37,1
FOXO1,HDAC7,1
FOXO1,PPAT,1
FOXO1,TIMM29,1
FOXO1,E2F6,1
FOXO1,NUDCD1,1
FOXO1,MRM1,1
FOXO1,PPIL4,1
FOXO1,PKM,1
FOXO1,PDE4B,1
FOXO1,CCNE1,1
FOXO1,SEH1L,1
FOXO1,ZFP639,1
FOXO1,MCM4,1
FOXO1,UNK,1
FOXO1,HSPA4L,1
FOXO1,RABIF,1
FOXO1,NUDT9,1
FOXO1,COA5,1
FOXO1,CALCRL,1
FOXO1,ANAPC2,1
FOXO1,MAPK1,1
FOXO1,POLR1B,1
FOXO1,PACS1,1
FOXO1,INPP5B,1
FOXO1,NFXL1,1
FOXO1,JARID2,1
FOXO1,CUL4A,1
FOXO1,RANGAP1,1
FOXO1,GMNN,1
FOXO1,CDC45,1
FOXO1,HDGF,1
FOXO1,NDUFV1,1
FOXO1,RPA1,1
FOXO1,MTHFD1,1
FOXO1,FKBP1A,1
FOXO1,HSPH1,1
FOXO1,PLAG1,1
FOXO1,FIGNL1,1
FOXO1,FEM1A,1
FOXO1,LZTR1,1
FOXO1,ZFP110,1
FOXO1,PA2G4,1
FOXO1,LYRM4,1
FOXO1,TMX3,1
FOXO1,IFI204,1
FOXO1,GMFB,1
FOXO1,RAD51,1
FOXO1,METTL8,1
FOXO1,NUDCD3,1
FOXO1,DNM1L,1
FOXO1,IFRD2,1
FOXO1,COPS8,1
FOXO1,FBXO5,1
FOXO1,ITSN1,1
FOXO1,AHCTF1,1
FOXO1,SERPINB9,1
FOXO1,MFSD1,1
FOXO1,CRNKL1,1
FOXO1,ANXA5,1
FOXO1,SGTA,1
FOXO1,CASP2,1
FOXO1,MYCT1,1
FOXO1,PIK3C3,1
FOXO1,TMEM168,1
FOXO1,ODC1,1
FOXO1,SATB1,1
FOXO1,SNAPC3,1
FOXO1,LPCAT1,1
FOXO1,HDAC2,1
FOXO1,TMEM129,1
FOXO1,TACC3,1
FOXO1,METAP1,1
FOXO1,2210016F16RIK,1
FOXO1,HAUS2,1
FOXO1,GNAI3,1
FOXO1,AP5M1,1
FOXO1,FCHSD2,1
FOXO1,VAMP3,1
FOXO1,NFE2L2,1
FOXO1,COLGALT1,1
FOXO1,TVP23B,1
FOXO1,NAMPT,1
FOXO1,MIS18BP1,1
FOXO1,CDC20,1
FOXO1,RNF139,1
FOXO1,KPNA3,1
FOXO1,BUB1B,1
FOXO1,DNAJC5,1
FOXO1,VPS41,1
FOXO1,PRIM1,1
FOXO1,PPP6C,1
FOXO1,CD55,1
FOXO1,SPC25,1
FOXO1,NARF,1
FOXO1,TFG,1
FOXO1,GOLPH3,1
FOXO1,NUP107,1
FOXO1,KLF6,1
FOXO1,IKZF1,1
FOXO1,RGCC,1
FOXO1,FZR1,1
FOXO1,CDCA5,1
FOXO1,ZFP397,1
FOXO1,RAD51AP1,1
FOXO1,PRKAR2B,1
FOXO1,MTMR6,1
FOXO1,IPO9,1
FOXO1,THUMPD3,1
FOXO1,CAST,1
FOXO1,SETD2,1
FOXO1,RHOF,1
FOXO1,LMBRD1,1
FOXO1,CUL2,1
FOXO1,RPP40,1
FOXO1,HSDL1,1
FOXO1,PRPS1,1
FOXO1,CCNF,1
FOXO1,ZFP672,1
FOXO1,NFATC2,1
FOXO1,RCOR1,1
FOXO1,PAFAH1B2,1
FOXO1,OASL2,1
FOXO1,ZBTB10,1
FOXO1,PRDM4,1
FOXO1,FAM76B,1
FOXO1,MARCH5,1
FOXO1,FAM45A,1
FOXO1,CPOX,1
FOXO1,BAP1,1
FOXO1,ZFP451,1
FOXO1,REXO4,1
FOXO1,INCENP,1
FOXO1,MYC,1
GATA2,FPGS,1
GATA2,INKA1,1
GATA2,XRCC6,1
GATA2,NFE2,1
GATA2,ITSN1,1
GATA2,MFSD2B,1
GATA2,MTO1,1
GATA2,HSPA4L,1
GATA2,PADI4,1
GATA2,MFSD1,1
GATA2,ZFP655,1
GATA2,PIK3R2,1
GATA2,TMEM164,1
GATA2,CPOX,1
GATA2,PSAT1,1
GATA2,TOR3A,1
GATA2,STXBP4,1
GATA2,P2RY14,1
GATA2,PACSIN2,1
GATA2,VPS33A,1
GATA2,FECH,1
GATA2,EFTUD2,1
GATA2,CTSE,1
GATA2,BTG2,1
GATA2,HEXA,1
GATA2,GCLC,1
GATA2,MARCH8,1
GATA2,PHETA2,1
GATA2,PICALM,1
GATA2,HDAC7,1
GATA2,SPI1,1
GATA2,RAB37,1
GATA2,YOD1,1
GATA2,GATA1,1
GATA2,CENPO,1
GATA2,AMPD3,1
GATA2,ZDHHC6,1
GATA2,KLHL24,1
GATA2,SRSF1,1
GATA2,HIST1H1C,1
GATA2,SGO1,1
GATA2,DNAJC11,1
GATA2,PPOX,1
GATA2,HMBS,1
GATA2,PNO1,1
GATA2,ASF1B,1
GATA2,NDEL1,1
GATA2,AHCTF1,1
GATA2,CD63,1
GATA2,TMEM168,1
GATA2,IFRD2,1
GATA2,NUP85,1
GATA2,TASP1,1
GATA2,PITPNB,1
GATA2,DNAJC10,1
GATA2,LPIN2,1
GATA2,GMFB,1
GATA2,RRM1,1
GATA2,TRPS1,1
GATA2,ISYNA1,1
GATA2,EPOR,1
GATA2,POGLUT1,1
GATA2,TBCD,1
GATA2,SPRYD4,1
GATA2,NEURL3,1
GATA2,PSMD9,1
GATA2,ALDH9A1,1
GATA2,NUF2,1
GATA2,SLC18A2,1
GATA2,CISH,1
GATA2,NUDCD3,1
GATA2,GALK2,1
GATA2,AURKA,1
GATA2,EYA1,1
GATA2,D1ERTD622E,1
GATA2,RNF19A,1
GATA2,ST8SIA4,1
GATA2,TFR2,1
GATA2,CLCN4,1
GATA2,STK25,1
GATA2,ARHGEF6,1
GATA2,DPP8,1
GATA2,KAT7,1
GATA2,STAP1,1
GATA2,BTK,1
GATA2,SPIRE1,1
GATA2,NR4A1,1
GATA2,DNM1L,1
GATA2,SPNS2,1
GATA2,YPEL3,1
GATA2,TNFAIP8,1
GATA2,NR2C1,1
GATA2,DNPEP,1
GATA2,TUBGCP5,1
GATA2,JUN,1
GATA2,MARS,1
GATA2,NT5DC1,1
GATA2,SLA2,1
GATA2,NUPR1,1
GATA2,MAPKAPK3,1
GATA2,AHCYL1,1
GATA2,SLC41A3,1
GATA2,ZZZ3,1
GATA2,HEMGN,1
GATA2,RANGAP1,1
GATA2,MFGE8,1
GATA2,DCAF13,1
GATA2,CEP70,1
GATA2,RUNX1T1,1
GATA2,NIF3L1,1
GATA2,MKI67,1
GATA2,RASA3,1
GATA2,PPIL4,1
GATA2,DCP1A,1
GATA2,ASAH1,1
GATA2,CTLA2A,1
GATA2,HIST1H2BC,1
GATA2,MCM7,1
GATA2,RFESD,1
GATA2,OTUD6B,1
GATA2,IPO4,1
GATA2,COG7,1
GATA2,INCENP,1
GATA2,NAPSA,1
GATA2,SEC23IP,1
GATA2,DCAF11,1
GATA2,SNCA,1
GATA2,USP10,1
GATA2,ABCB4,1
GATA2,GFI1B,1
GATA2,STARD10,1
GATA2,ANGPT1,1
GATA2,ARMT1,1
GATA2,RCOR1,1
GATA2,XAB2,1
GATA2,ALG9,1
GATA2,UROS,1
GATA2,ANXA6,1
GATA2,PSMF1,1
GATA2,SLC14A1,1
GATA2,PIGQ,1
GATA2,KDM6A,1
GATA2,EIF4ENIF1,1
GATA2,SACM1L,1
GATA2,BLVRB,1
GATA2,TMX3,1
GATA2,TARS,1
GATA2,PLIN3,1
GATA2,MTMR6,1
GATA2,PRKAA1,1
GATA2,RHOT1,1
GATA2,PPP6C,1
GATA2,FBXO5,1
GATA2,RDH11,1
GATA2,PQLC3,1
GATA2,COPB1,1
GATA2,TBC1D15,1
GATA2,UROD,1
GATA2,H1F0,1
GATA2,PTPN12,1
GATA2,LMNA,1
GATA2,ZFP62,1
GATA2,TOX4,1
GATA2,TIMM50,1
GATA2,GNPDA1,1
GATA2,STEAP3,1
GATA2,GTF3C3,1
GATA2,VPS11,1
GATA2,NFE2L2,1
GATA2,TSPAN14,1
GATA2,HACD4,1
GATA2,GYPA,1
GATA2,ARL6IP6,1
GATA2,VPS33B,1
GATA2,TNFAIP2,1
GATA2,NFATC2,1
GATA2,DPH6,1
GATA2,VKORC1L1,1
GATA2,RHOF,1
GATA2,MYH10,1
GATA2,PKM,1
GATA2,KEL,1
GATA2,CUL2,1
GATA2,CES2G,1
GATA2,SLC39A9,1
GATA2,POLE3,1
GATA2,STOM,1
GATA2,GTF2H1,1
GATA2,SLC43A1,1
GATA2,SKAP2,1
GATA2,ADSSL1,1
GATA2,ABCF3,1
GATA2,CALCRL,1
GATA2,CHMP7,1
GATA2,GTF2F1,1
GATA2,RPA2,1
GATA2,IPO9,1
GATA2,EZR,1
GATA2,GSS,1
GATA2,SPPL2A,1
GATA2,MT1,1
GATA2,TYK2,1
GATA2,RCC1,1
GATA2,DIS3L2,1
GATA2,MAD2L1,1
GATA2,COA5,1
GATA2,MYNN,1
GATA2,EBF1,1
GATA2,CERS4,1
GATA2,RNF139,1
GATA2,KLF1,1
GATA2,GFI1,1
GATA2,HAGH,1
GATA2,CHORDC1,1
GATA2,PAFAH1B2,1
GATA2,FAM168B,1
GATA2,WDR75,1
GATA2,TPP1,1
GATA2,SLC40A1,1
GATA2,TCP11L2,1
GATA2,CASP3,1
GATA2,HACD3,1
GATA2,ZEB2,1
GATA2,PDCL,1
GATA2,PRMT7,1
GATA2,PIK3C3,1
GATA2,XPC,1
GATA2,AFF4,1
GATA2,TSPO2,1
GATA2,TES,1
GATA2,DUS1L,1
GATA2,ATP1B2,1
GATA2,MGST3,1
GATA2,LANCL2,1
GATA2,PLA2G12A,1
GATA2,FUCA2,1
GATA2,ELOVL1,1
GATA2,PGR,1
GATA2,MCM6,1
GATA2,WDR5,1
GATA2,LAPTM4B,1
GATA2,MTREX,1
GATA2,CAR1,1
GATA2,BUB3,1
GATA2,TOP2A,1
GATA2,NDOR1,1
GATA2,TUBGCP2,1
GATA2,CDCA5,1
GATA2,ACSS1,1
GATA2,MORC3,1
GATA2,FARSB,1
GATA2,RAD51,1
GATA2,ABI1,1
GATA2,MTFR1,1
GATA2,HEATR5A,1
GATA2,LONP1,1
GATA2,RBPMS,1
GATA2,GEMIN5,1
GATA2,SPTBN1,1
GATA2,SUPT7L,1
GATA2,NFAT5,1
GATA2,IRF1,1
GATA2,ORC5,1
GATA2,ATG4B,1
GATA2,EYA2,1
GATA2,OSTM1,1
GATA2,ATP11C,1
GATA2,AP5M1,1
GATA2,COG6,1
GATA2,APEH,1
GATA2,SOX6,1
GATA2,LPCAT3,1
GATA2,TMX1,1
GATA2,PHB2,1
GATA2,VPS26C,1
GATA2,MCTP1,1
GATA2,SAMD14,1
GATA2,PBK,1
GATA2,CASP2,1
GATA2,CLPX,1
GATA2,MIS18BP1,1
GATA2,COPS8,1
GATA2,PITRM1,1
GATA2,SLC6A6,1
GATA2,DTL,1
GATA2,HPN,1
GATA2,PLEC,1
GATA2,MYO1G,1
GATA2,SLC25A46,1
GATA2,PFKM,1
GATA2,IKZF2,1
GATA2,LRRC8C,1
GATA2,SLC16A1,1
GATA2,ATL2,1
GATA2,SLC29A1,1
GATA2,EXT2,1
GATA2,NUP88,1
GATA2,SCARB1,1
GATA2,GYPC,1
GATA2,EPS15,1
GATA2,ZFP639,1
GATA2,SLC20A1,1
GATA2,CHMP3,1
GATA2,KLHL6,1
GATA2,KLHL22,1
GATA2,TRMT11,1
GATA2,CRK,1
GATA2,B230219D22RIK,1
GATA2,UNC93B1,1
GATA2,ANKFY1,1
GATA2,ADD2,1
GATA2,UBE2C,1
GATA2,MED16,1
GATA2,NELFB,1
GATA2,NFXL1,1
GATA2,HCLS1,1
GATA2,CDT1,1
GATA2,NUDT9,1
GATA2,FASTKD2,1
GATA2,DOCK2,1
GATA2,NPTN,1
GATA2,ZFP871,1
GATA2,HNRNPLL,1
GATA2,ERLIN2,1
GATA2,SLC25A38,1
GATA2,DUSP1,1
GATA2,EDC3,1
GATA2,GUSB,1
GATA2,RPA1,1
GATA2,PTDSS1,1
GATA2,EXOC2,1
GATA2,ABL1,1
GATA2,CENPK,1
GATA2,FIGNL1,1
GATA2,NOLC1,1
GATA2,CCNA2,1
GATA2,IL27RA,1
GATA2,CIPC,1
GATA2,TSC22D3,1
GATA2,CYTH3,1
GATA2,RFC4,1
GATA2,ILVBL,1
GATA2,FAM45A,1
GATA2,WDR73,1
GATA2,PPP2R1B,1
GATA2,NAA35,1
GATA2,DDX20,1
GATA2,GRN,1
GATA2,TIPIN,1
GATA2,ABCB8,1
GATA2,ASB8,1
GATA2,LCP1,1
GATA2,PTDSS2,1
GATA2,GMCL1,1
GATA2,TVP23B,1
GATA2,WDR36,1
GATA2,ADK,1
GATA2,PRELID3B,1
GATA2,USP37,1
GATA2,RASAL3,1
GATA2,CDC45,1
GATA2,ELMO1,1
GATA2,FEM1B,1
GATA2,ARL8B,1
GATA2,WDR6,1
GATA2,PPARGC1A,1
GATA2,PACS1,1
GATA2,CCDC137,1
GATA2,NCAPD2,1
GATA2,LMBRD1,1
GATA2,ERMAP,1
GATA2,GRAMD1A,1
GATA2,TIMM29,1
GATA2,HUS1,1
GATA2,THUMPD3,1
GATA2,WDR4,1
GATA2,CENPA,1
GATA2,HNRNPAB,1
GATA2,TXNRD2,1
GATA2,TCN2,1
GATA2,EIF2B1,1
GATA2,GORASP1,1
GATA2,BAG2,1
GATA2,CLPTM1L,1
GATA2,RAB32,1
GATA2,NOP2,1
GATA2,WARS,1
GATA2,GPR171,1
GATA2,CBFB,1
GATA2,PSEN2,1
GATA2,POLR1B,1
GATA2,RNF145,1
GATA2,RMND5A,1
GATA2,WDSUB1,1
GATA2,SLC7A4,1
GATA2,EXOC3,1
GATA2,TMUB2,1
GATA2,BTAF1,1
GATA2,UBA7,1
GATA2,CRNKL1,1
GATA2,AFG3L2,1
GATA2,NCEH1,1
GATA2,ST3GAL5,1
GATA2,METAP1D,1
GATA2,CORO1A,1
GATA2,PPAT,1
GATA2,MIS12,1
GATA2,NIT1,1
GATA2,CRBN,1
GATA2,SMARCA2,1
GATA2,WDR45B,1
GATA2,DHX33,1
GATA2,FOXRED1,1
GATA2,NASP,1
GATA2,LRRFIP1,1
GATA2,POLR3F,1
GATA2,QARS,1
GATA2,NADK,1
GATA2,USP8,1
GATA2,STX17,1
GATA2,METTL8,1
GATA2,IL21R,1
GATA2,STXBP3,1
GATA2,MED22,1
GATA2,SNRNP200,1
GATA2,METTL27,1
GATA2,BID,1
GATA2,GYG,1
GATA2,ENDOD1,1
GATA2,ARMC8,1
GATA2,CD55,1
GATA2,MSH6,1
GATA2,COPG1,1
GATA2,PLD3,1
GATA2,MCM4,1
GATA2,ERLIN1,1
GATA2,CRIP2,1
GATA2,SLC35A1,1
GATA2,GNA13,1
GATA2,ACOX1,1
GATA2,CDK19,1
GATA2,TMEM97,1
GATA2,ATAD2,1
GATA2,TREML2,1
GATA2,POT1A,1
GATA2,BLZF1,1
GATA2,NOL9,1
GATA2,ATP6AP1,1
GATA2,TMEM68,1
GATA2,CNOT10,1
GATA2,SNAP23,1
GATA2,SLC30A5,1
GATA2,COQ8A,1
GATA2,REL,1
GATA2,PRDM4,1
GATA2,FEM1A,1
GATA2,E2F4,1
GATA2,LEPROT,1
GATA2,MAPK1,1
GATA2,PSMD5,1
GATA2,SLC25A21,1
GATA2,SHCBP1,1
GATA2,ENPP4,1
GATA2,ADO,1
GATA2,NSDHL,1
GATA2,COPB2,1
GATA2,PLIN2,1
GATA2,STAT3,1
GATA2,CPT2,1
GATA2,NEDD1,1
GATA2,PLAG1,1
GATA2,KIDINS220,1
GATA2,RABIF,1
GATA2,GCNT2,1
GATA2,CDK1,1
GATA2,ESR1,1
GATA2,POLR2B,1
GATA2,FTSJ3,1
GATA2,STT3B,1
GATA2,TRMT6,1
GATA2,TMEM64,1
GATA2,ME2,1
GATA2,INTS13,1
GATA2,ARAP1,1
GATA2,GSR,1
GATA2,KLF6,1
GATA2,VIM,1
GATA2,RABGGTB,1
GATA2,9430015G10RIK,1
GATA2,IFI204,1
GATA2,NET1,1
GATA2,ZFP275,1
GATA2,LAP3,1
GATA2,PMPCA,1
GATA2,CD9,1
GATA2,ZBTB43,1
GATA2,NECAP2,1
GATA2,CHUK,1
GATA2,NEK9,1
GATA2,ESYT2,1
GATA2,NARFL,1
GATA2,IL15,1
GATA2,ELAC2,1
GATA2,TRIB3,1
GATA2,ANAPC2,1
GATA2,SEH1L,1
GATA2,MYCT1,1
GATA2,CHP1,1
GATA2,ZFP672,1
GATA2,MAN1A,1
GATA2,REXO4,1
GATA2,LYRM4,1
GATA2,DLST,1
GATA2,OAT,1
GATA2,4833439L19RIK,1
GATA2,SP4,1
GATA2,LDAH,1
GATA2,MIOS,1
GATA2,ISG20,1
GATA2,NUDT4,1
GATA2,AURKB,1
GATA2,LZTR1,1
GATA2,CREB5,1
GATA2,GM2A,1
GATA2,ATG16L1,1
GATA2,STX12,1
GATA2,NAMPT,1
GATA2,SMC2,1
GATA2,ZFP961,1
GATA2,CARHSP1,1
GATA2,CLN5,1
GATA2,AAR2,1
GATA2,NDE1,1
GATA2,D230025D16RIK,1
GATA2,UAP1,1
GATA2,TRMT2A,1
GATA2,ANXA5,1
GATA2,TCF12,1
GATA2,ACAA2,1
GATA2,TOPORS,1
GATA2,SGTA,1
GATA2,PQLC1,1
GATA2,MT2,1
GATA2,TM7SF3,1
GATA2,D10WSU102E,1
GATA2,CD34,1
GATA2,GFM1,1
GATA2,EMILIN1,1
GATA2,MECOM,1
GATA2,GNAI3,1
GATA2,SEPT6,1
GATA2,CENPE,1
GATA2,TAF12,1
GATA2,ZFP367,1
GATA2,POLD1,1
GATA2,HSDL1,1
GATA2,XRCC5,1
GATA2,NUP155,1
GATA2,DDHD2,1
GATA2,USP4,1
GATA2,RNF141,1
GATA2,ZFP110,1
GATA2,TBL3,1
GATA2,RHD,1
GATA2,2610301B20RIK,1
GATA2,BYSL,1
GATA2,IARS2,1
GATA2,ATP7B,1
GATA2,ALG11,1
GATA2,APLP2,1
GATA2,ZFP322A,1
GATA2,TMEM206,1
GATA2,NUSAP1,1
GATA2,TTF1,1
GATA2,HLF,1
GATA2,RNASEL,1
GATA2,NAA50,1
GATA2,ATP6V1A,1
GATA2,SLC39A10,1
GATA2,UBE2G2,1
GATA2,UAP1L1,1
GATA2,NCAPG2,1
GATA2,CPT1A,1
GATA2,RELB,1
GATA2,ICE1,1
GATA2,RNF13,1
GATA2,WDHD1,1
GATA2,BIRC5,1
GATA2,ABCD3,1
GATA2,HARS2,1
GATA2,HARS,1
GATA2,ZSCAN21,1
GATA2,ODC1,1
GATA2,CD48,1
GATA2,ATP13A1,1
GATA2,FCHSD2,1
GATA2,FAM91A1,1
GATA2,PLAA,1
GATA2,SPTLC1,1
GATA2,XPNPEP1,1
GATA2,UNK,1
GATA2,TMEM185A,1
GATA2,GARS,1
GATA2,CUL3,1
GATA2,ADGRG3,1
GATA2,SCFD1,1
GATA2,PKLR,1
GATA2,NARF,1
GATA2,AQP9,1
GATA2,IFT140,1
GATA2,ELP2,1
GATA2,SGPL1,1
GATA2,IARS,1
GATA2,ZFP945,1
GATA2,RNF4,1
GATA2,COLGALT1,1
GATA2,PSMD6,1
GATA2,CKAP2,1
GATA2,ZFP24,1
GATA2,MYO1D,1
GATA2,HAUS2,1
GATA2,CTSC,1
GATA2,HDAC9,1
GATA2,VAMP3,1
GATA2,IDH3A,1
GATA2,ATG12,1
GATA2,AP3S1,1
GATA2,CALU,1
GATA2,PTCD3,1
GATA2,CTPS,1
GATA2,TMC6,1
GATA2,SGPP1,1
GATA2,NUDCD1,1
GATA2,DUSP2,1
GATA2,HERC4,1
GATA2,SLC31A1,1
GATA2,TANGO2,1
GATA2,ANAPC4,1
GATA2,TOM1L1,1
GATA2,SELENOP,1
GATA2,VPS35,1
GATA2,ORC6,1
GATA2,MNS1,1
GATA2,RPAP1,1
GATA2,RORA,1
GATA2,ALDH18A1,1
GATA2,PPM1H,1
GATA2,KIF11,1
GATA2,UBR7,1
GATA2,MFSD14B,1
GATA2,DRAM2,1
GATA2,CEPT1,1
GATA2,MCM10,1
GATA2,HMMR,1
GATA2,NUBP2,1
GATA2,CUL4A,1
GATA2,MAU2,1
GATA2,MCM2,1
GATA2,INPP5B,1
GATA2,NUP107,1
GATA2,AP1B1,1
GATA2,HDAC2,1
GATA2,SLC44A2,1
GATA2,JPT2,1
GATA2,TRIB2,1
GATA2,PRKAR2B,1
GATA2,PCYT1A,1
GATA2,MRM1,1
GATA2,HSPH1,1
GATA2,PCP4L1,1
GATA2,GPSM2,1
GATA2,SPPL2B,1
GATA2,SERPINB9,1
GATA2,CHAMP1,1
GATA2,PCCA,1
GATA2,SESN1,1
GATA2,UBXN2B,1
GATA2,PSEN1,1
GATA2,LLGL1,1
GATA2,SPC25,1
GATA2,UBR1,1
GATA2,FAM234B,1
GATA2,NUDT19,1
GATA2,HOXA9,1
GATA2,CYTIP,1
GATA2,TFRC,1
GATA2,PLCG2,1
GATA2,ORC2,1
GATA2,CYP20A1,1
GATA2,ZKSCAN3,1
GATA2,ZFP143,1
GATA2,METAP1,1
GATA2,RFC5,1
GATA2,RAB31,1
GATA2,EMILIN2,1
GATA2,UCKL1,1
GATA2,TMEM129,1
GATA2,TACC3,1
GATA2,CAD,1
GATA2,RAD51AP1,1
GATA2,CKAP5,1
GATA2,VILL,1
GATA2,DCTD,1
GATA2,RMND5B,1
GATA2,PRKAB1,1
GATA2,NAE1,1
GATA2,MINPP1,1
GATA2,RAD21,1
GATA2,NCLN,1
GATA2,FNTA,1
GATA2,CYTH4,1
GATA2,GSKIP,1
GATA2,BCAP29,1
GATA2,ETF1,1
GATA2,C330018D20RIK,1
GATA2,PHAX,1
GATA2,ANXA4,1
GATA2,NRF1,1
GATA2,MBTPS1,1
GATA2,DCK,1
GATA2,PIP4K2A,1
GATA2,GOLM1,1
GATA2,ZFP397,1
GATA2,SLC11A2,1
GATA2,P2RX4,1
GATA2,ADAMTS10,1
GATA2,TERF2IP,1
GATA2,SNX10,1
GATA2,MCM5,1
GATA2,MEIS1,1
GATA2,DNAJC5,1
GATA2,TLR4,1
GATA2,DDX1,1
GATA2,PLK1,1
GATA2,SNAPC3,1
GATA2,CD93,1
GATA2,CAST,1
GATA2,PJA2,1
GATA2,CSGALNACT2,1
GATA2,NUP93,1
GATA2,G6PDX,1
GATA2,EIF1AD,1
GATA2,E2F6,1
GATA2,MYB,1
GATA2,XPR1,1
GATA2,TLK1,1
GATA2,GSTM1,1
GATA2,BAP1,1
GATA2,AHR,1
GATA2,CNIH1,1
GATA2,TYMS,1
GATA2,ELL2,1
GATA2,BTRC,1
GATA2,TMEM109,1
GATA2,TFG,1
GATA2,ITFG1,1
GATA2,HDGF,1
GATA2,TUBGCP3,1
GATA2,EMB,1
GATA2,KIF22,1
GATA2,PRKCQ,1
GATA2,SCRN3,1
GATA2,VHL,1
GATA2,ZFP451,1
GATA2,CAPN7,1
GATA2,TRPV2,1
GATA2,FGFR1OP,1
GATA2,GMNN,1
GATA2,ZFP266,1
GATA2,USF3,1
GATA2,SALL2,1
GATA2,MCM3,1
GATA2,FAR1,1
GATA2,PREP,1
GATA2,PA2G4,1
GATA2,RGCC,1
GATA2,NSMAF,1
GATA2,LCP2,1
GATA2,FAM136A,1
GATA2,NCAPG,1
GATA2,BC005561,1
GATA2,PHF10,1
GATA2,NPLOC4,1
GATA2,NDUFV1,1
GATA2,GOLT1B,1
GATA2,FTSJ1,1
GATA2,IRF6,1
GATA2,VPS41,1
GATA2,CDC7,1
GATA2,L2HGDH,1
GATA2,ZKSCAN6,1
GATA2,PRPF4,1
GATA2,CCNB2,1
GATA2,ANKLE1,1
GATA2,BUB1,1
GATA2,TENT5A,1
GATA2,CDC20,1
GATA2,CNOT7,1
GATA2,KNSTRN,1
GATA2,APBB1,1
GATA2,MIEF1,1
GATA2,MTHFD1,1
GATA2,ATP2A3,1
GATA2,NR3C2,1
GATA2,HPCAL1,1
GATA2,CMPK2,1
GATA2,SNRPB,1
GATA2,CSTF2,1
GATA2,MAVS,1
GATA2,2210016F16RIK,1
GATA2,KIF20B,1
GATA2,E2F8,1
GATA2,UTP4,1
GATA2,NFIA,1
GATA2,HCFC1,1
GATA2,EGR1,1
GATA2,THRB,1
GATA2,MEMO1,1
GATA2,NDRG1,1
GATA2,LIG1,1
GATA2,HSD3B7,1
GATA2,SEPT8,1
GATA2,GSTM5,1
GATA2,SQLE,1
GATA2,SPHK1,1
GATA2,CACFD1,1
GATA2,PRIM1,1
GATA2,ITGA6,1
GATA2,ZFP35,1
GATA2,LDHB,1
GATA2,CDC6,1
GATA2,KLF3,1
GATA2,INTS8,1
GATA2,MAN2A2,1
GATA2,DHFR,1
GATA2,CTTN,1
GATA2,HDAC11,1
GATA2,ABHD16A,1
GATA2,FZR1,1
GATA2,PRPS2,1
GATA2,SATB1,1
GATA2,BUB1B,1
GATA2,ZBTB10,1
GATA2,ZKSCAN17,1
GATA2,TBC1D10C,1
GATA2,MAPK9,1
GATA2,SERPINA3G,1
GATA2,ANXA2,1
GATA2,RGS2,1
GATA2,MYC,1
GATA2,CD82,1
GATA2,ZDHHC13,1
GATA2,JARID2,1
GATA2,PSTPIP1,1
GATA2,LY6A,1
GATA2,ZFP36,1
GATA2,ATAD1,1
GATA2,ABTB1,1
GATA2,ARHGAP4,1
GATA2,PCYT2,1
GATA2,IKZF1,1
GATA2,PRIM2,1
GATA2,MBOAT2,1
GATA2,TPX2,1
GATA2,CPQ,1
GATA2,PBX1,1
GATA2,CYB5R1,1
GATA2,ALDH1A1,1
GATA2,TAB1,1
GATA2,SETD2,1
GATA2,DENND2D,1
GATA2,ZBTB20,1
GATA2,SUN1,1
GATA2,NFKBIA,1
GATA2,INPP1,1
GATA2,CLIC4,1
GATA2,YBX1,1
GATA2,AK3,1
GATA2,ZYX,1
GATA2,SERPINB1A,1
GATA2,ARHGEF18,1
GATA2,ACSS2,1
GATA2,ZFP30,1
GATA2,PLCB2,1
GATA2,GMPR,1
GATA2,RGS19,1
GATA2,TMEM263,1
GATA2,IFI30,1
GATA2,METTL7A1,1
GATA2,SERPINF1,1
GATA2,RUNX2,1
GATA2,PIK3IP1,1
GATA2,MAP4K2,1
GATA2,ANKRD27,1
GATA2,GPKOW,1
GATA2,CDCA3,1
GATA2,RPP40,1
GATA2,TEAD3,1
GATA2,AP1G2,1
GATA2,FAAP100,1
GATA2,GTF2E1,1
GATA2,RUVBL2,1
GATA2,TAF1,1
GATA2,SPC24,1
GATA2,WDR55,1
GATA2,PWP2,1
GATA2,PRPS1,1
GATA2,KPNA3,1
GATA2,WLS,1
GATA2,MMRN1,1
GATA2,FKBP1A,1
GATA2,PML,1
GATA2,AQP1,1
GATA2,ANXA1,1
GATA2,CTR9,1
GATA2,CITED4,1
GATA2,FOS,1
GATA2,UBA3,1
GATA2,MOGS,1
GATA2,LSP1,1
GATA2,PWP1,1
GATA2,PLBD2,1
GATA2,UBAP1,1
GATA2,HMGB2,1
GATA2,CSAD,1
GATA2,SELENBP1,1
GATA2,VWA5A,1
GATA2,TRIM30A,1
GATA2,RHAG,1
GATA2,PRKCH,1
GATA2,FADS1,1
GATA2,CRYZL2,1
GATA2,CDCA8,1
GATA2,ABCG2,1
GATA2,ID2,1
GATA2,SQOR,1
GATA2,CCNG1,1
GATA2,RPRD1B,1
GATA2,CKAP2L,1
GATA2,OPTN,1
GATA2,FOXO1,1
GATA2,UGCG,1
GATA2,TSHZ3,1
GATA2,SLC25A45,1
GATA2,NOTCH1,1
GATA2,CNP,1
GATA2,ERCC8,1
GATA2,ABCB10,1
GATA2,LIMD2,1
GATA2,COL5A1,1
GATA2,GOSR2,1
GATA2,ALKBH8,1
GATA2,LYZ2,1
GATA2,CTLA2B,1
GATA2,GANAB,1
GATA2,ETS1,1
GATA2,TCIRG1,1
GATA2,MEF2C,1
GATA2,TOLLIP,1
GATA2,RANBP3,1
GATA2,OASL2,1
GATA2,PDE4B,1
GATA2,PHACTR2,1
GATA2,APOE,1
GATA2,RARB,1
GATA2,GBP2,1
GATA2,NDC1,1
GATA2,HELLS,1
GATA2,ZFP467,1
GATA2,RAI14,1
GATA2,EPAS1,1
GATA2,NGLY1,1
GATA2,CCNF,1
GATA2,SLC30A6,1
GATA2,ZFP930,1
GATA2,FBXW5,1
GATA2,DCAF4,1
GFI1,ITSN1,1
GFI1,GM2A,1
GFI1,ASF1B,1
GFI1,SPPL2A,1
GFI1,SGPL1,1
GFI1,VAMP3,1
GFI1,RFESD,1
GFI1,PLAA,1
GFI1,FKBP1A,1
GFI1,HMGB2,1
GFI1,PPIL4,1
GFI1,EIF2B1,1
GFI1,NUDCD3,1
GFI1,EXOC2,1
GFI1,COPB1,1
GFI1,CHORDC1,1
GFI1,REL,1
GFI1,RNF141,1
GFI1,DCP1A,1
GFI1,OTUD6B,1
GFI1,CLCN4,1
GFI1,GMFB,1
GFI1,NEK9,1
GFI1,TRMT2A,1
GFI1,GORASP1,1
GFI1,HIST1H1C,1
GFI1,FIGNL1,1
GFI1,HUS1,1
GFI1,PCLAF,1
GFI1,CDCA5,1
GFI1,RHOT1,1
GFI1,GFI1B,1
GFI1,GOSR2,1
GFI1,EXOC3,1
GFI1,SGTA,1
GFI1,LIG1,1
GFI1,WDR75,1
GFI1,WDR4,1
GFI1,USP8,1
GFI1,WDR36,1
GFI1,TMEM97,1
GFI1,D1ERTD622E,1
GFI1,GTF2H1,1
GFI1,TUBGCP5,1
GFI1,IFT140,1
GFI1,TCF19,1
GFI1,HIST1H2BC,1
GFI1,CLPTM1L,1
GFI1,GTF3C3,1
GFI1,NARF,1
GFI1,YPEL3,1
GFI1,TMEM185A,1
GFI1,NDEL1,1
GFI1,PITPNB,1
GFI1,HAUS2,1
GFI1,NFAT5,1
GFI1,ESYT2,1
GFI1,ARL8B,1
GFI1,SEC23IP,1
GFI1,MTMR6,1
GFI1,ORC5,1
GFI1,COG6,1
GFI1,BIRC5,1
GFI1,TMEM168,1
GFI1,TMEM68,1
GFI1,GARS,1
GFI1,DNAJC10,1
GFI1,NOLC1,1
GFI1,WDR45B,1
GFI1,ERLIN2,1
GFI1,ATAD2,1
GFI1,NFE2,1
GFI1,ITFG1,1
GFI1,CENPK,1
GFI1,CYP20A1,1
GFI1,TIPIN,1
GFI1,PKM,1
GFI1,NCEH1,1
GFI1,MTHFD1,1
GFI1,VPS33A,1
GFI1,PPAT,1
GFI1,DCAF13,1
GFI1,MSH6,1
GFI1,SLC35A1,1
GFI1,ADK,1
GFI1,CRBN,1
GFI1,TCP11L2,1
GFI1,RANGAP1,1
GFI1,COPS8,1
GFI1,OSTM1,1
GFI1,DPP8,1
GFI1,FZR1,1
GFI1,MTAP,1
GFI1,ZFP62,1
GFI1,UBXN2B,1
GFI1,ABCF3,1
GFI1,SESN1,1
GFI1,PQLC3,1
GFI1,RABIF,1
GFI1,ATG16L1,1
GFI1,DPH6,1
GFI1,CHP1,1
GFI1,LDAH,1
GFI1,SRSF1,1
GFI1,ANAPC2,1
GFI1,EPS15,1
GFI1,NASP,1
GFI1,IPO9,1
GFI1,BTRC,1
GFI1,GMCL1,1
GFI1,COA5,1
GFI1,ASAH1,1
GFI1,ANAPC4,1
GFI1,THUMPD3,1
GFI1,CHAMP1,1
GFI1,PTDSS2,1
GFI1,DHFR,1
GFI1,MFSD1,1
GFI1,RGCC,1
GFI1,RABGGTB,1
GFI1,HSPH1,1
GFI1,MAVS,1
GFI1,MORC3,1
GFI1,WDHD1,1
GFI1,HMBS,1
GFI1,NAE1,1
GFI1,NEDD1,1
GFI1,MIS18BP1,1
GFI1,DTL,1
GFI1,TBL3,1
GFI1,ZFP672,1
GFI1,P2RX4,1
GFI1,METAP1D,1
GFI1,CUL4A,1
GFI1,ME2,1
GFI1,LONP1,1
GFI1,ATG4B,1
GFI1,TAB1,1
GFI1,CDC7,1
GFI1,ASNS,1
GFI1,UNK,1
GFI1,CDCA3,1
GFI1,PRMT7,1
GFI1,ELP2,1
GFI1,PSMD6,1
GFI1,XPC,1
GFI1,HDAC2,1
GFI1,FEM1B,1
GFI1,TTLL12,1
GFI1,GSS,1
GFI1,NIF3L1,1
GFI1,STK25,1
GFI1,DNAJC11,1
GFI1,HERC4,1
GFI1,ASB8,1
GFI1,TASP1,1
GFI1,SMARCA2,1
GFI1,BYSL,1
GFI1,MIOS,1
GFI1,CAST,1
GFI1,AURKA,1
GFI1,RPA1,1
GFI1,LYRM4,1
GFI1,LANCL2,1
GFI1,RFC4,1
GFI1,LMBRD1,1
GFI1,STX12,1
GFI1,ARMC8,1
GFI1,NRF1,1
GFI1,D230025D16RIK,1
GFI1,PCCA,1
GFI1,SLC30A5,1
GFI1,MCM7,1
GFI1,NGLY1,1
GFI1,WDSUB1,1
GFI1,CHMP3,1
GFI1,CAPN7,1
GFI1,ZFP143,1
GFI1,FAR1,1
GFI1,TMX1,1
GFI1,IFRD2,1
GFI1,9430015G10RIK,1
GFI1,GNAI3,1
GFI1,PTDSS1,1
GFI1,NELFB,1
GFI1,ZSCAN21,1
GFI1,DNPEP,1
GFI1,MARCH8,1
GFI1,PAK1,1
GFI1,STX17,1
GFI1,RPRD1B,1
GFI1,PRELID3B,1
GFI1,CAD,1
GFI1,SPI1,1
GFI1,NOP2,1
GFI1,SNAPC3,1
GFI1,SACM1L,1
GFI1,FAM76B,1
GFI1,METTL8,1
GFI1,NUDT19,1
GFI1,KAT7,1
GFI1,MYB,1
GFI1,SLC25A46,1
GFI1,POT1A,1
GFI1,CIPC,1
GFI1,COPG1,1
GFI1,TYK2,1
GFI1,TFRC,1
GFI1,IRF1,1
GFI1,DLST,1
GFI1,DNM1L,1
GFI1,KLF6,1
GFI1,CHMP7,1
GFI1,MIS12,1
GFI1,ZDHHC6,1
GFI1,WARS,1
GFI1,TARS,1
GFI1,MTO1,1
GFI1,UBE2G2,1
GFI1,CCNA2,1
GFI1,REXO4,1
GFI1,NUDT9,1
GFI1,PNO1,1
GFI1,SLC6A6,1
GFI1,RGS2,1
GFI1,PRC1,1
GFI1,SPTLC1,1
GFI1,NCAPG2,1
GFI1,TRIB3,1
GFI1,SCRN3,1
GFI1,DHX33,1
GFI1,VKORC1L1,1
GFI1,PREP,1
GFI1,CD82,1
GFI1,COG7,1
GFI1,NPLOC4,1
GFI1,BAP1,1
GFI1,NDOR1,1
GFI1,MCM4,1
GFI1,PIGQ,1
GFI1,JPT2,1
GFI1,XRCC6,1
GFI1,IARS,1
GFI1,ZFP110,1
GFI1,TOLLIP,1
GFI1,TAF12,1
GFI1,ZFP397,1
GFI1,GALK2,1
GFI1,PSEN1,1
GFI1,AP5M1,1
GFI1,EMB,1
GFI1,STXBP3,1
GFI1,TMEM129,1
GFI1,TACC3,1
GFI1,TMEM206,1
GFI1,CYB5R1,1
GFI1,ST8SIA4,1
GFI1,VPS26C,1
GFI1,KLHL24,1
GFI1,CTPS,1
GFI1,ATL2,1
GFI1,PHAX,1
GFI1,INTS8,1
GFI1,HSPA4L,1
GFI1,DCK,1
GFI1,USP37,1
GFI1,TOX4,1
GFI1,PICALM,1
GFI1,HEATR5A,1
GFI1,SNAP23,1
GFI1,AHCYL1,1
GFI1,CALCRL,1
GFI1,ANKLE1,1
GFI1,NDUFV1,1
GFI1,USP4,1
GFI1,PAFAH1B2,1
GFI1,ANXA5,1
GFI1,DDX20,1
GFI1,L2HGDH,1
GFI1,CNOT10,1
GFI1,PCYT1A,1
GFI1,NAA35,1
GFI1,CKAP2,1
GFI1,INTS13,1
GFI1,IDH3A,1
GFI1,CENPF,1
GFI1,PWP1,1
GFI1,TUBGCP2,1
GFI1,FARSB,1
GFI1,NUP85,1
GFI1,SETD2,1
GFI1,CNOT7,1
GFI1,SNRPB,1
GFI1,RAD51AP1,1
GFI1,ACOX1,1
GFI1,LEPROT,1
GFI1,RRM1,1
GFI1,ZFP322A,1
GFI1,ZFP655,1
GFI1,HAGH,1
GFI1,DUSP1,1
GFI1,AHCTF1,1
GFI1,ACSS2,1
GFI1,TRMT11,1
GFI1,SEH1L,1
GFI1,HEXA,1
GFI1,FBXO5,1
GFI1,GFM1,1
GFI1,DCAF11,1
GFI1,SLC16A1,1
GFI1,NADK,1
GFI1,C330018D20RIK,1
GFI1,STOM,1
GFI1,PLAG1,1
GFI1,NUP107,1
GFI1,GYG,1
GFI1,FTSJ3,1
GFI1,TUBGCP3,1
GFI1,CASP3,1
GFI1,PFKM,1
GFI1,CALU,1
GFI1,RAB32,1
GFI1,RAD21,1
GFI1,RNF13,1
GFI1,TFG,1
GFI1,COPB2,1
GFI1,SLC20A1,1
GFI1,GEMIN5,1
GFI1,STT3B,1
GFI1,LMO4,1
GFI1,ENPP4,1
GFI1,NIT1,1
GFI1,MAPK1,1
GFI1,CPT2,1
GFI1,NUP93,1
GFI1,ZBTB43,1
GFI1,MRM1,1
GFI1,GMNN,1
GFI1,MINPP1,1
GFI1,ALAD,1
GFI1,EDC3,1
GFI1,CEP70,1
GFI1,XPR1,1
GFI1,ATP13A1,1
GFI1,XRCC5,1
GFI1,STXBP4,1
GFI1,WDR5,1
GFI1,CDT1,1
GFI1,NCAPD2,1
GFI1,HELLS,1
GFI1,TMEM177,1
GFI1,DNAJC5,1
GFI1,NCAPH,1
GFI1,INPP1,1
GFI1,ZDHHC13,1
GFI1,SGO1,1
GFI1,ORC2,1
GFI1,POLE3,1
GFI1,FAM136A,1
GFI1,EFTUD2,1
GFI1,PPP6C,1
GFI1,NUDCD1,1
GFI1,POGLUT1,1
GFI1,TYMS,1
GFI1,CNIH1,1
GFI1,TOPORS,1
GFI1,TVP23B,1
GFI1,DRAM2,1
GFI1,CEPT1,1
GFI1,CUL2,1
GFI1,MTFR1,1
GFI1,UBR1,1
GFI1,SLC44A2,1
GFI1,ELL2,1
GFI1,RGS19,1
GFI1,PSTPIP1,1
GFI1,LRRFIP1,1
GFI1,ABCD3,1
GFI1,SP4,1
GFI1,NET1,1
GFI1,MFN2,1
GFI1,GNPDA1,1
GFI1,STAT3,1
GFI1,NDE1,1
GFI1,MAU2,1
GFI1,TTF1,1
GFI1,NARFL,1
GFI1,UAP1,1
GFI1,KIDINS220,1
GFI1,FLOT2,1
GFI1,LAPTM4B,1
GFI1,PSEN2,1
GFI1,CYTH3,1
GFI1,CERS5,1
GFI1,CTNNA1,1
GFI1,RMND5B,1
GFI1,POLR3F,1
GFI1,KIF22,1
GFI1,MED16,1
GFI1,CENPO,1
GFI1,ZFP367,1
GFI1,VPS35,1
GFI1,RPP40,1
GFI1,POLR2B,1
GFI1,ORC6,1
GFI1,XPNPEP1,1
GFI1,NT5DC1,1
GFI1,ZFP451,1
GFI1,PGM1,1
GFI1,PSMD9,1
GFI1,MARS,1
GFI1,MAPK9,1
GFI1,CMPK2,1
GFI1,DUS1L,1
GFI1,MAD2L1,1
GFI1,MIEF1,1
GFI1,SDHAF2,1
GFI1,UBE2C,1
GFI1,DDX1,1
GFI1,CCDC137,1
GFI1,RNF19A,1
GFI1,ZFP961,1
GFI1,TBC1D15,1
GFI1,DCTD,1
GFI1,TRIM59,1
GFI1,SLC31A1,1
GFI1,TSPAN14,1
GFI1,SCARB1,1
GFI1,RAD51,1
GFI1,FGFR1OP,1
GFI1,CHUK,1
GFI1,VIM,1
GFI1,ALDH18A1,1
GFI1,UBAP1,1
GFI1,PPM1H,1
GFI1,ZFP871,1
GFI1,CRK,1
GFI1,ICA1,1
GFI1,DDHD2,1
GFI1,NUSAP1,1
GFI1,ZFP639,1
GFI1,ETS1,1
GFI1,CASP2,1
GFI1,NUF2,1
GFI1,MGST3,1
GFI1,GOLT1B,1
GFI1,NDC1,1
GFI1,SPC25,1
GFI1,PDCL,1
GFI1,MFSD14B,1
GFI1,MCM6,1
GFI1,ENDOD1,1
GFI1,COQ8A,1
GFI1,RFC5,1
GFI1,KPNA3,1
GFI1,TIMM50,1
GFI1,ERLIN1,1
GFI1,NR2C1,1
GFI1,USP10,1
GFI1,PQLC1,1
GFI1,LRRC14,1
GFI1,NUP88,1
GFI1,ARMT1,1
GFI1,ABI1,1
GFI1,GTF2E1,1
GFI1,VPS33B,1
GFI1,NCAPG,1
GFI1,HNRNPLL,1
GFI1,CCNG1,1
GFI1,SLC30A6,1
GFI1,RRM2,1
GFI1,NAMPT,1
GFI1,NFE2L2,1
GFI1,E2F6,1
GFI1,RMND5A,1
GFI1,D10WSU102E,1
GFI1,UBR7,1
GFI1,ZZZ3,1
GFI1,ELAC2,1
GFI1,TBCD,1
GFI1,SLC39A9,1
GFI1,EIF1AD,1
GFI1,CKAP5,1
GFI1,FCHSD2,1
GFI1,TXNRD2,1
GFI1,METAP1,1
GFI1,ARL6IP6,1
GFI1,ZKSCAN6,1
GFI1,MYNN,1
GFI1,CTR9,1
GFI1,CCNB1,1
GFI1,ALDH9A1,1
GFI1,FAM45A,1
GFI1,SUN1,1
GFI1,VPS11,1
GFI1,PSMD5,1
GFI1,ATAD1,1
GFI1,GSR,1
GFI1,RNF4,1
GFI1,CRNKL1,1
GFI1,PBK,1
GFI1,OAT,1
GFI1,RANBP3,1
GFI1,TANGO2,1
GFI1,SMAD2,1
GFI1,NUP155,1
GFI1,FOXO1,1
GFI1,PRPF4,1
GFI1,TRMT6,1
GFI1,PA2G4,1
GFI1,FECH,1
GFI1,SMIM15,1
GFI1,GCNT2,1
GFI1,CLPX,1
GFI1,ETF1,1
GFI1,ANKFY1,1
GFI1,DIS3L2,1
GFI1,TMX3,1
GFI1,GATM,1
GFI1,ABHD16A,1
GFI1,IPO4,1
GFI1,PHB2,1
GFI1,PJA2,1
GFI1,UTP4,1
GFI1,SPPL2B,1
GFI1,BUB3,1
GFI1,SCFD1,1
GFI1,PRKAB1,1
GFI1,MCM3,1
GFI1,MARCH5,1
GFI1,VHL,1
GFI1,SPRYD4,1
GFI1,MKI67,1
GFI1,GOLPH3,1
GFI1,CDCA4,1
GFI1,BLVRB,1
GFI1,ATP7B,1
GFI1,ALG11,1
GFI1,METTL7A1,1
GFI1,HSDL1,1
GFI1,DEK,1
GFI1,TERF2IP,1
GFI1,RNF145,1
GFI1,HMMR,1
GFI1,HDGF,1
GFI1,LZTR1,1
GFI1,KIF20B,1
GFI1,PMPCA,1
GFI1,CCNB2,1
GFI1,LAP3,1
GFI1,ELP3,1
GFI1,RNF139,1
GFI1,TNFAIP8,1
GFI1,QARS,1
GFI1,YBX1,1
GFI1,CDK19,1
GFI1,SLC39A10,1
GFI1,ICE1,1
GFI1,TSPAN3,1
GFI1,RELB,1
GFI1,TTF2,1
GFI1,HNRNPAB,1
GFI1,SMC2,1
GFI1,SNRNP200,1
GFI1,CSTF2,1
GFI1,TMUB2,1
GFI1,POLA2,1
GFI1,TCF12,1
GFI1,HEBP1,1
GFI1,PRDM4,1
GFI1,2210016F16RIK,1
GFI1,PHF10,1
GFI1,POLR1B,1
GFI1,PCYT2,1
GFI1,EXT2,1
GFI1,RNF115,1
GFI1,FOXRED1,1
GFI1,CENPA,1
GFI1,UROS,1
GFI1,ABL1,1
GFI1,ALG9,1
GFI1,PRKAA1,1
GFI1,CDK1,1
GFI1,PPP2R1B,1
GFI1,RARS,1
GFI1,TMEM64,1
GFI1,NDRG1,1
GFI1,GPR180,1
GFI1,GPSM2,1
GFI1,ABCB8,1
GFI1,KLHL22,1
GFI1,ZFP266,1
GFI1,UBAC1,1
GFI1,CPQ,1
GFI1,PRKAR2B,1
GFI1,PSAT1,1
GFI1,PIP4K2A,1
GFI1,B230219D22RIK,1
GFI1,CBFB,1
GFI1,MTREX,1
GFI1,NOL9,1
GFI1,MBTPS1,1
GFI1,ZFP24,1
GFI1,CLIC4,1
GFI1,PON2,1
GFI1,CCNF,1
GFI1,KIF11,1
GFI1,TLK1,1
GFI1,MFGE8,1
GFI1,SATB1,1
GFI1,TWSG1,1
GFI1,SKAP2,1
GFI1,HACD3,1
GFI1,YOD1,1
GFI1,SVIP,1
GFI1,4833439L19RIK,1
GFI1,RPAP1,1
GFI1,KLF3,1
GFI1,2610301B20RIK,1
GFI1,FPGS,1
GFI1,KDM6A,1
GFI1,SHCBP1,1
GFI1,FNTA,1
GFI1,EYA1,1
GFI1,ZFP592,1
GFI1,TBC1D2B,1
GFI1,MNS1,1
GFI1,GRINA,1
GFI1,MYO1D,1
GFI1,CSGALNACT2,1
GFI1,UROD,1
GFI1,RASA3,1
GFI1,PSMF1,1
GFI1,LPCAT1,1
GFI1,NAGA,1
GFI1,CPOX,1
GFI1,CENPE,1
GFI1,WDR73,1
GFI1,THRB,1
GFI1,PLK1,1
GFI1,INCENP,1
GFI1,HARS,1
GFI1,HARS2,1
GFI1,E2F8,1
GFI1,NAA50,1
GFI1,ATP6V1A,1
GFI1,ODC1,1
GFI1,GCLC,1
GFI1,NFKBIA,1
GFI1,MBOAT2,1
GFI1,CCNE1,1
GFI1,TOR3A,1
GFI1,SLC25A38,1
GFI1,POLD1,1
GFI1,PLIN3,1
GFI1,CCNE2,1
GFI1,PLD3,1
GFI1,PITRM1,1
GFI1,ELMO1,1
GFI1,RNF213,1
GFI1,ABTB1,1
GFI1,SPTBN1,1
GFI1,CLN5,1
GFI1,BUB1,1
GFI1,OPTN,1
GFI1,NEURL3,1
GFI1,GSKIP,1
GFI1,ZFP30,1
GFI1,AFG3L2,1
GFI1,NFXL1,1
GFI1,UBA3,1
GFI1,SLC11A2,1
GFI1,MXD3,1
GFI1,PTPN12,1
GFI1,ZKSCAN3,1
GFI1,ZKSCAN17,1
GFI1,IARS2,1
GFI1,UHRF1,1
GFI1,TAPT1,1
GFI1,AFF4,1
GFI1,PRKCH,1
GFI1,NFATC2,1
GFI1,GSTM5,1
GFI1,CYB5R3,1
GFI1,PUS7,1
GFI1,MAN1A,1
GFI1,LPCAT3,1
GFI1,GNA13,1
GFI1,TMEM186,1
GFI1,NCLN,1
GFI1,ITGA6,1
GFI1,HPCAL1,1
GFI1,CTSC,1
GFI1,GTF2F1,1
GFI1,AAR2,1
GFI1,AP1B1,1
GFI1,CUL3,1
GFI1,EZR,1
GFI1,SLC19A1,1
GFI1,APLP2,1
GFI1,ACAA2,1
GFI1,PRIM2,1
GFI1,ATG12,1
GFI1,AP3S1,1
GFI1,MARCH6,1
GFI1,PRDM5,1
GFI1,GUSB,1
GFI1,FADS1,1
GFI1,UMPS,1
GFI1,GLIPR2,1
GFI1,RCC1,1
GFI1,JUN,1
GFI1,ERCC8,1
GFI1,TES,1
GFI1,PIK3C3,1
GFI1,LMNA,1
GFI1,NPTN,1
GFI1,H1F0,1
GFI1,BTAF1,1
GFI1,TMEM109,1
GFI1,PROCR,1
GFI1,RPA2,1
GFI1,PWP2,1
GFI1,EIF4ENIF1,1
GFI1,STEAP3,1
GFI1,RASSF5,1
GFI1,USP25,1
GFI1,SLC41A3,1
GFI1,CITED4,1
GFI1,UBA5,1
GFI1,CACFD1,1
GFI1,KNSTRN,1
GFI1,MOGS,1
GFI1,BLZF1,1
GFI1,ADO,1
GFI1,DECR1,1
GFI1,BID,1
GFI1,SUPT7L,1
GFI1,BCLAF3,1
GFI1,PACS1,1
GFI1,ILVBL,1
GFI1,ZBTB10,1
GFI1,ST3GAL6,1
GFI1,PLCG2,1
GFI1,TMEM263,1
GFI1,FAM168B,1
GFI1,ANXA4,1
GFI1,1700017B05RIK,1
GFI1,PLBD2,1
GFI1,SQOR,1
GFI1,MT1,1
GFI1,STXBP1,1
GFI1,BAG2,1
GFI1,SQLE,1
GFI1,SLC40A1,1
GFI1,RUVBL2,1
GFI1,SGPP1,1
GFI1,COLGALT1,1
GFI1,LRRC8C,1
GFI1,ZYX,1
GFI1,SSX2IP,1
GFI1,CDC20,1
GFI1,FAM234B,1
GFI1,ARHGEF6,1
GFI1,MEIS1,1
GFI1,PTGS1,1
GFI1,CARHSP1,1
GFI1,PRKCQ,1
GFI1,ANXA6,1
GFI1,NUDT4,1
GFI1,CD63,1
GFI1,MCTP1,1
GFI1,AK3,1
GFI1,RORA,1
GFI1,ZEB2,1
GFI1,HLF,1
GFI1,ABCB10,1
GFI1,WDR55,1
GFI1,YBX3,1
GFI1,HDAC11,1
GFI1,PTCD3,1
GFI1,CKAP2L,1
GFI1,ADAMTS10,1
GFI1,TENT5A,1
GFI1,DCAF4,1
GFI1,GOLM1,1
GFI1,ST3GAL5,1
GFI1,UAP1L1,1
GFI1,INKA1,1
GFI1,CTTN,1
GFI1,ATP6AP1,1
GFI1,TPX2,1
GFI1,ST6GALNAC4,1
GFI1,RAI14,1
GFI1,G6PDX,1
GFI1,TIMM29,1
GFI1,MAPKAPK3,1
GFI1,BUB1B,1
GFI1,MCM5,1
GFI1,SPC24,1
GFI1,RAB31,1
GFI1,JARID2,1
GFI1,GPKOW,1
GFI1,NFATC1,1
GFI1,IKZF1,1
GFI1,SLC43A1,1
GFI1,ZFP275,1
GFI1,NSMAF,1
GFI1,TM7SF3,1
GFI1,GMPR,1
GFI1,PLIN2,1
GFI1,GNG11,1
GFI1,MYH10,1
GFI1,ACSS1,1
GFI1,RCOR1,1
GFI1,MRPL37,1
GFI1,EBF1,1
GFI1,MED22,1
GFI1,PLPPR3,1
GFI1,MEMO1,1
GFI1,FUCA2,1
GFI1,CISH,1
GFI1,UCKL1,1
GFI1,RCSD1,1
GFI1,LPIN2,1
GFI1,PIK3R2,1
GFI1,TOM1L1,1
GFI1,ARHGEF18,1
GFI1,ATP6AP2,1
GFI1,ADSSL1,1
GFI1,CD93,1
GFI1,PHACTR2,1
GFI1,ATP2A3,1
GFI1,SPNS2,1
GFI1,MCM10,1
GFI1,CREB5,1
GFI1,PLEC,1
GFI1,INPP5B,1
GFI1,BTG2,1
GFI1,XRCC3,1
GFI1,CDC45,1
GFI1,XK,1
GFI1,TIFA,1
GFI1,ELF4,1
GFI1,ATP11C,1
GFI1,MT2,1
GFI1,BCAP29,1
GFI1,AMPD3,1
GFI1,VPS41,1
GFI1,DUSP2,1
GFI1,USF3,1
GFI1,TRIB2,1
GFI1,ZMYM3,1
GFI1,KLF1,1
GFI1,TMEM176B,1
GFI1,TMEM176A,1
GFI1,PRIM1,1
GFI1,FAM91A1,1
GFI1,PDK3,1
GFI1,PBX1,1
GFI1,GANAB,1
GFI1,GRAMD1A,1
GFI1,MFSD2B,1
GFI1,TMC6,1
GFI1,CD55,1
GFI1,UGCG,1
GFI1,E2F4,1
GFI1,SLC29A1,1
GFI1,BC005561,1
GFI1,APBB1,1
GFI1,NUBP2,1
GFI1,ATP1B2,1
GFI1,PRPS2,1
GFI1,EGR1,1
GFI1,SERPINB9,1
GFI1,SLC18A2,1
GFI1,TOP2A,1
GFI1,PPIC,1
GFI1,TRPS1,1
GFI1,CDC6,1
GFI1,MCM2,1
GFI1,WLS,1
GFI1,RB1,1
GFI1,NFIA,1
GFI1,PLA2G12A,1
GFI1,LCP1,1
GFI1,ELOVL1,1
GFI1,NSDHL,1
GFI1,RUNX1T1,1
GFI1,AHR,1
GFI1,AP1G2,1
GFI1,CDCA8,1
GFI1,FEM1A,1
GFI1,ABCB4,1
GFI1,AURKB,1
GFI1,PACSIN2,1
GFI1,XAB2,1
GFI1,EPDR1,1
GFI1,MAN2A2,1
GFI1,TCIRG1,1
GFI1,MAP4K2,1
GFI1,NECAP2,1
GFI1,CAMK1,1
GFI1,ANXA2,1
GFI1,RUNX2,1
GFI1,STARD10,1
GFI1,TMEM56,1
GFI1,ZFP467,1
GFI1,TMEM164,1
GFI1,CTSO,1
GFI1,NOTCH1,1
GFI1,CD9,1
GFI1,FBXW5,1
GFI1,NAPSA,1
GFI1,RBPMS,1
GFI1,PRPS1,1
GFI1,FAAP100,1
GFI1,METTL27,1
GFI1,TBC1D10C,1
GFI1,CKS1B,1
GFI1,MFNG,1
GFI1,IRF8,1
GFI1,RARB,1
GFI1,DENND2D,1
GFI1,GYPC,1
GFI1,TREML2,1
GFI1,MAPK12,1
GFI1,VAV1,1
GFI1,SLC7A4,1
GFI1,MEF2C,1
GFI1,PCP4L1,1
GFI1,FOS,1
GFI1,BMI1,1
GFI1,FES,1
GFI1,RAB37,1
GFI1,TAF1,1
GFI1,FASTKD2,1
GFI1,TGM2,1
GFI1,PLXNC1,1
GFI1,CNP,1
GFI1,EPSTI1,1
GFI1,ZFP930,1
GFI1,SLC22A3,1
GFI1,IL15,1
GFI1,SNX10,1
GFI1,EMILIN2,1
GFI1,CPT1A,1
GFI1,TRIM30A,1
GFI1,RTP4,1
GFI1,SALL2,1
GFI1,ANGPT1,1
GFI1,ALKBH8,1
GFI1,VDR,1
GFI1,ISYNA1,1
GFI1,ARAP1,1
GFI1,PDE4B,1
GFI1,GLIS2,1
GFI1,TSPAN33,1
GFI1,UNC93B1,1
GFI1,SASH3,1
GFI1,CYTH4,1
GFI1,GSTM1,1
GFI1,SLC43A3,1
GFI1,DPH2,1
GFI1,DOCK2,1
GFI1,CSAD,1
GFI1,ANKRD27,1
GFI1,IRF6,1
GFI1,SOX6,1
GFI1,EPAS1,1
GFI1,KLHL23,1
GFI1,PRSS50,1
GFI1,JAK3,1
GFI1,ISG20,1
GFI1,SEPT8,1
GFI1,ZFP945,1
GFI1,CD34,1
GFI1,PEAR1,1
GFI1,MECOM,1
GFI1,UBL4A,1
GFI1,NR4A1,1
GFI1,IRF5,1
GFI1,CBX7,1
GFI1,APEH,1
GFI1,ANK,1
GFI1,HPN,1
GFI1,NR3C2,1
GFI1,PPOX,1
GFI1,ADD2,1
GFI1,TSC22D3,1
GFI1,C1QTNF12,1
GFI1,IL27RA,1
GFI1,LDHB,1
GFI1,PIDD1,1
GFI1,ADGRL4,1
GFI1,CRIP2,1
GFI1,CNN2,1
GFI1,SPHK1,1
GFI1,HOXA9,1
GFI1,CTSE,1
GFI1,SELENBP1,1
GFI1,CYTIP,1
GFI1,SNCA,1
GFI1,SLA2,1
GFI1,ITIH5,1
GFI1,IFI204,1
GFI1,RORC,1
GFI1,COL5A1,1
GFI1,SEPT6,1
GFI1,DYNLT3,1
GFI1,RDH11,1
GFI1,CD1D1,1
GFI1,WDR6,1
GFI1,MYCN,1
GFI1,LLGL1,1
GFI1,HCFC1,1
GFI1,LIMD2,1
GFI1,TEAD3,1
GFI1,TNFAIP2,1
GFI1,IL21R,1
GFI1,ARHGAP15,1
GFI1,ID2,1
GFI1,OASL2,1
GFI1,NUPR1,1
GFI1,EBI3,1
GFI1,TMEM173,1
GFI1,RHOF,1
GFI1,SAMD14,1
GFI1,IFI203,1
GFI1,CORO1A,1
GFI1,GYPA,1
GFI1,MYC,1
GFI1,SMIM1,1
GFI1,TRIM47,1
GFI1,TPP1,1
GFI1,SLC25A45,1
GFI1,NDN,1
GFI1,ARHGAP4,1
GFI1,RASAL3,1
GFI1,ZFP35,1
GFI1,GATA2,1
GFI1,CERS4,1
GFI1,TK1,1
GFI1,SOX18,1
GFI1,TCN2,1
GFI1,SPO11,1
GFI1,SELENOP,1
GFI1,LTB,1
GFI1,ZFP36,1
GFI1,GIMAP5,1
GFI1,AQP1,1
GFI1,TLR4,1
GFI1,EPOR,1
GFI1,F11R,1
GFI1,DENND1C,1
GFI1,AFAP1L1,1
GFI1,SLC25A21,1
GFI1B,ITSN1,1
GFI1B,ASF1B,1
GFI1B,HMGB2,1
GFI1B,GM2A,1
GFI1B,GORASP1,1
GFI1B,FKBP1A,1
GFI1B,D1ERTD622E,1
GFI1B,PCLAF,1
GFI1B,SGPL1,1
GFI1B,TCF19,1
GFI1B,PQLC3,1
GFI1B,SGTA,1
GFI1B,SMARCA2,1
GFI1B,SPPL2A,1
GFI1B,VIM,1
GFI1B,CHORDC1,1
GFI1B,CLCN4,1
GFI1B,SPI1,1
GFI1B,SEC23IP,1
GFI1B,EPS15,1
GFI1B,MTAP,1
GFI1B,REL,1
GFI1B,PKM,1
GFI1B,HIST1H1C,1
GFI1B,NFAT5,1
GFI1B,EGR1,1
GFI1B,HNRNPAB,1
GFI1B,TCP11L2,1
GFI1B,YPEL3,1
GFI1B,FIGNL1,1
GFI1B,CHP1,1
GFI1B,VAMP3,1
GFI1B,TRMT2A,1
GFI1B,TMEM97,1
GFI1B,MYCT1,1
GFI1B,BIRC5,1
GFI1B,MTMR6,1
GFI1B,NUF2,1
GFI1B,DNAJC10,1
GFI1B,GTF2H1,1
GFI1B,TYK2,1
GFI1B,JUN,1
GFI1B,COPB1,1
GFI1B,GTF3C3,1
GFI1B,SLC35A1,1
GFI1B,GMFB,1
GFI1B,NFE2,1
GFI1B,DCP1A,1
GFI1B,MEIS1,1
GFI1B,RGS19,1
GFI1B,PLEC,1
GFI1B,PROCR,1
GFI1B,EXOC2,1
GFI1B,WDR75,1
GFI1B,CAST,1
GFI1B,GALK2,1
GFI1B,RFESD,1
GFI1B,NASP,1
GFI1B,NEURL3,1
GFI1B,NEK9,1
GFI1B,LIMD2,1
GFI1B,ATG4B,1
GFI1B,NIF3L1,1
GFI1B,MFGE8,1
GFI1B,EYA1,1
GFI1B,NUDCD3,1
GFI1B,USP4,1
GFI1B,MARCH5,1
GFI1B,IFT140,1
GFI1B,TIMM29,1
GFI1B,ESYT2,1
GFI1B,TANGO2,1
GFI1B,TMEM173,1
GFI1B,ATG16L1,1
GFI1B,HPN,1
GFI1B,WDR36,1
GFI1B,SNRNP200,1
GFI1B,SRSF1,1
GFI1B,ZFP639,1
GFI1B,PLAA,1
GFI1B,CALCRL,1
GFI1B,POLR1B,1
GFI1B,CLPTM1L,1
GFI1B,RHOT1,1
GFI1B,MSH6,1
GFI1B,GFI1,1
GFI1B,WDR5,1
GFI1B,MAP4K2,1
GFI1B,ADO,1
GFI1B,ZSCAN21,1
GFI1B,LIG1,1
GFI1B,NFATC1,1
GFI1B,CDCA3,1
GFI1B,CKS1B,1
GFI1B,RTP4,1
GFI1B,FEM1B,1
GFI1B,NOLC1,1
GFI1B,TUBGCP5,1
GFI1B,ALDH18A1,1
GFI1B,KDM6A,1
GFI1B,PSMF1,1
GFI1B,PPIL4,1
GFI1B,TOX4,1
GFI1B,CRBN,1
GFI1B,HIST1H2BC,1
GFI1B,ERLIN2,1
GFI1B,ENPP4,1
GFI1B,USP37,1
GFI1B,RFC4,1
GFI1B,PICALM,1
GFI1B,ENDOD1,1
GFI1B,PLPPR3,1
GFI1B,VPS33B,1
GFI1B,PIK3R2,1
GFI1B,MYB,1
GFI1B,MCM4,1
GFI1B,DPP8,1
GFI1B,9430015G10RIK,1
GFI1B,TYMS,1
GFI1B,NRF1,1
GFI1B,ATAD2,1
GFI1B,TBCD,1
GFI1B,RRM1,1
GFI1B,PBK,1
GFI1B,ORC5,1
GFI1B,CERS5,1
GFI1B,ADK,1
GFI1B,IRF1,1
GFI1B,WARS,1
GFI1B,POLE3,1
GFI1B,ATL2,1
GFI1B,KLHL6,1
GFI1B,TSPAN14,1
GFI1B,HDGF,1
GFI1B,THUMPD3,1
GFI1B,SLC39A10,1
GFI1B,NCEH1,1
GFI1B,BLVRB,1
GFI1B,RGS2,1
GFI1B,CDC7,1
GFI1B,WDR45B,1
GFI1B,TBC1D2B,1
GFI1B,PIGQ,1
GFI1B,GCNT2,1
GFI1B,CNOT10,1
GFI1B,HSPH1,1
GFI1B,FOXO1,1
GFI1B,SGO1,1
GFI1B,FLOT2,1
GFI1B,CPQ,1
GFI1B,SCFD1,1
GFI1B,NAA35,1
GFI1B,USP8,1
GFI1B,MTHFD1,1
GFI1B,UBE2C,1
GFI1B,DNAJC11,1
GFI1B,PFKM,1
GFI1B,MCM7,1
GFI1B,MIS18BP1,1
GFI1B,ZDHHC6,1
GFI1B,NDEL1,1
GFI1B,NGLY1,1
GFI1B,GOSR2,1
GFI1B,ACSS2,1
GFI1B,COA5,1
GFI1B,NUDCD1,1
GFI1B,NR2C1,1
GFI1B,POLR3F,1
GFI1B,RBPMS,1
GFI1B,CUL2,1
GFI1B,ZFP961,1
GFI1B,SERPINB1A,1
GFI1B,RNF115,1
GFI1B,ZFP655,1
GFI1B,IKZF1,1
GFI1B,METTL7A1,1
GFI1B,NELFB,1
GFI1B,NARFL,1
GFI1B,RNF19A,1
GFI1B,MYCN,1
GFI1B,CTSC,1
GFI1B,CD82,1
GFI1B,RARS,1
GFI1B,L2HGDH,1
GFI1B,RNF141,1
GFI1B,OTUD6B,1
GFI1B,HACD3,1
GFI1B,STK25,1
GFI1B,TMEM129,1
GFI1B,TACC3,1
GFI1B,GMNN,1
GFI1B,NCAPG,1
GFI1B,DNM1L,1
GFI1B,MNDAL,1
GFI1B,WDSUB1,1
GFI1B,LMNA,1
GFI1B,RUVBL2,1
GFI1B,RPRD1B,1
GFI1B,PLCG2,1
GFI1B,CSTF2,1
GFI1B,BTRC,1
GFI1B,UROS,1
GFI1B,RASAL3,1
GFI1B,EIF2B1,1
GFI1B,DDX20,1
GFI1B,PHAX,1
GFI1B,XRCC5,1
GFI1B,TMEM68,1
GFI1B,BUB1,1
GFI1B,SLC18A2,1
GFI1B,TRMT11,1
GFI1B,PCCA,1
GFI1B,CDT1,1
GFI1B,SACM1L,1
GFI1B,RNF4,1
GFI1B,TMEM186,1
GFI1B,LMBRD1,1
GFI1B,VPS33A,1
GFI1B,NDOR1,1
GFI1B,IRF8,1
GFI1B,RANGAP1,1
GFI1B,MIOS,1
GFI1B,RMND5A,1
GFI1B,IFI204,1
GFI1B,WDR4,1
GFI1B,CDCA5,1
GFI1B,ZZZ3,1
GFI1B,TTF1,1
GFI1B,SCARB1,1
GFI1B,RNF13,1
GFI1B,SLC44A2,1
GFI1B,HUS1,1
GFI1B,CENPK,1
GFI1B,DTL,1
GFI1B,NPLOC4,1
GFI1B,ADSSL1,1
GFI1B,LZTR1,1
GFI1B,ADAMTS10,1
GFI1B,ZFP266,1
GFI1B,RNF139,1
GFI1B,CKAP2,1
GFI1B,ILVBL,1
GFI1B,NUDT9,1
GFI1B,MAD2L1,1
GFI1B,EPOR,1
GFI1B,DUS1L,1
GFI1B,DLST,1
GFI1B,SDHAF2,1
GFI1B,CHUK,1
GFI1B,NUP155,1
GFI1B,CUL4A,1
GFI1B,ZFP62,1
GFI1B,CDC45,1
GFI1B,HEATR5A,1
GFI1B,CDCA4,1
GFI1B,UAP1L1,1
GFI1B,SCRN3,1
GFI1B,SATB1,1
GFI1B,PTDSS2,1
GFI1B,PLIN3,1
GFI1B,DHX33,1
GFI1B,TPX2,1
GFI1B,TCF12,1
GFI1B,POT1A,1
GFI1B,PLAG1,1
GFI1B,MARCH8,1
GFI1B,HELLS,1
GFI1B,FAM45A,1
GFI1B,UBR1,1
GFI1B,NDC1,1
GFI1B,HPCAL1,1
GFI1B,PRSS50,1
GFI1B,CPT2,1
GFI1B,UBAP1,1
GFI1B,MCM10,1
GFI1B,BYSL,1
GFI1B,ZFP367,1
GFI1B,CENPE,1
GFI1B,NAGA,1
GFI1B,AHCYL1,1
GFI1B,TFRC,1
GFI1B,SETD2,1
GFI1B,GPKOW,1
GFI1B,FUCA2,1
GFI1B,IFI203,1
GFI1B,EFTUD2,1
GFI1B,CRNKL1,1
GFI1B,TARS,1
GFI1B,RAD21,1
GFI1B,MTFR1,1
GFI1B,ATP6AP1,1
GFI1B,ARL6IP6,1
GFI1B,NUP85,1
GFI1B,KIF11,1
GFI1B,CDC6,1
GFI1B,CCNB2,1
GFI1B,PDCL,1
GFI1B,ERLIN1,1
GFI1B,RAD51,1
GFI1B,HDAC7,1
GFI1B,RAB32,1
GFI1B,CYB5R1,1
GFI1B,SEH1L,1
GFI1B,MAVS,1
GFI1B,PPP6C,1
GFI1B,FAM76B,1
GFI1B,ARMC8,1
GFI1B,NOP2,1
GFI1B,ODC1,1
GFI1B,ELP3,1
GFI1B,COPS8,1
GFI1B,TCIRG1,1
GFI1B,DCAF13,1
GFI1B,MIEF1,1
GFI1B,DDX1,1
GFI1B,DHFR,1
GFI1B,ABCF3,1
GFI1B,UNK,1
GFI1B,LPIN2,1
GFI1B,LANCL2,1
GFI1B,HEXA,1
GFI1B,FAM136A,1
GFI1B,RPP40,1
GFI1B,BCAP29,1
GFI1B,AURKA,1
GFI1B,XK,1
GFI1B,TREML2,1
GFI1B,TOR3A,1
GFI1B,SLC30A6,1
GFI1B,ANK,1
GFI1B,ASB8,1
GFI1B,TAF12,1
GFI1B,NAMPT,1
GFI1B,OSTM1,1
GFI1B,DNAJC5,1
GFI1B,DIS3L2,1
GFI1B,HARS2,1
GFI1B,HARS,1
GFI1B,FES,1
GFI1B,STX12,1
GFI1B,FARSB,1
GFI1B,UROD,1
GFI1B,TK1,1
GFI1B,FEM1A,1
GFI1B,CCNG1,1
GFI1B,CALU,1
GFI1B,RFC5,1
GFI1B,POGLUT1,1
GFI1B,MTREX,1
GFI1B,SP4,1
GFI1B,PPOX,1
GFI1B,PLA2G12A,1
GFI1B,MBOAT2,1
GFI1B,IPO9,1
GFI1B,IARS,1
GFI1B,VAV1,1
GFI1B,SLC16A1,1
GFI1B,RABGGTB,1
GFI1B,MIS12,1
GFI1B,IL27RA,1
GFI1B,VPS41,1
GFI1B,LDAH,1
GFI1B,HDAC2,1
GFI1B,RNF145,1
GFI1B,CCNE2,1
GFI1B,RGCC,1
GFI1B,NFE2L2,1
GFI1B,PRELID3B,1
GFI1B,LONP1,1
GFI1B,FOS,1
GFI1B,ZKSCAN6,1
GFI1B,PLIN2,1
GFI1B,NUPR1,1
GFI1B,C330018D20RIK,1
GFI1B,GFM1,1
GFI1B,ALKBH8,1
GFI1B,CCNA2,1
GFI1B,ASAH1,1
GFI1B,TES,1
GFI1B,SNX10,1
GFI1B,LAP3,1
GFI1B,TUBGCP3,1
GFI1B,METTL8,1
GFI1B,EPDR1,1
GFI1B,WDHD1,1
GFI1B,CD48,1
GFI1B,UBA3,1
GFI1B,SLC25A38,1
GFI1B,SELENBP1,1
GFI1B,PHF10,1
GFI1B,PSMD9,1
GFI1B,MFSD14B,1
GFI1B,HAUS2,1
GFI1B,FAR1,1
GFI1B,CUL3,1
GFI1B,OAT,1
GFI1B,CTLA2A,1
GFI1B,SNAPC3,1
GFI1B,NCAPG2,1
GFI1B,INTS13,1
GFI1B,GTF2F1,1
GFI1B,CTR9,1
GFI1B,CREB5,1
GFI1B,NECAP2,1
GFI1B,KIF20B,1
GFI1B,SQLE,1
GFI1B,SLC25A21,1
GFI1B,RAD51AP1,1
GFI1B,P2RX4,1
GFI1B,GSS,1
GFI1B,CDK19,1
GFI1B,STEAP3,1
GFI1B,NDUFV1,1
GFI1B,EXOC3,1
GFI1B,ZFP35,1
GFI1B,ZFP322A,1
GFI1B,SLC25A45,1
GFI1B,LYRM4,1
GFI1B,CPOX,1
GFI1B,BTAF1,1
GFI1B,AP5M1,1
GFI1B,TMX3,1
GFI1B,ST3GAL6,1
GFI1B,SLC25A46,1
GFI1B,SESN1,1
GFI1B,MARCH6,1
GFI1B,IFRD2,1
GFI1B,AAR2,1
GFI1B,ESR1,1
GFI1B,PSMD5,1
GFI1B,PPAT,1
GFI1B,PTPN12,1
GFI1B,BCLAF3,1
GFI1B,ANAPC2,1
GFI1B,ABCB8,1
GFI1B,ZFP672,1
GFI1B,TMEM263,1
GFI1B,TASP1,1
GFI1B,SKAP2,1
GFI1B,DCK,1
GFI1B,VPS26C,1
GFI1B,TAPT1,1
GFI1B,STAP1,1
GFI1B,ME2,1
GFI1B,INTS8,1
GFI1B,XRCC6,1
GFI1B,STX17,1
GFI1B,CASP3,1
GFI1B,SLC20A1,1
GFI1B,ATAD1,1
GFI1B,ZFP930,1
GFI1B,PCYT1A,1
GFI1B,KLHL24,1
GFI1B,GNA13,1
GFI1B,ETF1,1
GFI1B,CKAP2L,1
GFI1B,STAT3,1
GFI1B,SPC24,1
GFI1B,GTF2E1,1
GFI1B,ZFP110,1
GFI1B,TFG,1
GFI1B,PREP,1
GFI1B,METAP1,1
GFI1B,KIF22,1
GFI1B,DRAM2,1
GFI1B,CEPT1,1
GFI1B,ALDH9A1,1
GFI1B,ALAD,1
GFI1B,PRPS1,1
GFI1B,PRKCQ,1
GFI1B,KAT7,1
GFI1B,BAP1,1
GFI1B,ABCB10,1
HCFC1,NARFL,1
HCFC1,VPS41,1
HCFC1,PRIM1,1
HCFC1,POLR1B,1
HCFC1,GPKOW,1
HCFC1,TMEM206,1
HCFC1,SPC25,1
HCFC1,RDH11,1
HCFC1,ATP11C,1
HCFC1,SNAPC3,1
HCFC1,AHCYL1,1
HCFC1,ABI1,1
HCFC1,KPNA3,1
HCFC1,RPP40,1
HCFC1,4833439L19RIK,1
HCFC1,GALK2,1
HCFC1,NDUFV1,1
HCFC1,CDCA5,1
HCFC1,KNSTRN,1
HCFC1,KLHL24,1
HCFC1,MFN2,1
HCFC1,COPS8,1
HCFC1,ZFP451,1
HCFC1,DCP1A,1
HCFC1,STK25,1
HCFC1,PPP6C,1
HCFC1,SNRNP200,1
HCFC1,DHX33,1
HCFC1,INPP5B,1
HCFC1,CDCA8,1
HCFC1,DUS1L,1
HCFC1,BTRC,1
HCFC1,EIF2B1,1
HCFC1,AHCTF1,1
HCFC1,PA2G4,1
HCFC1,BUB3,1
HCFC1,WDR36,1
HCFC1,POGLUT1,1
HCFC1,XAB2,1
HCFC1,TIMM29,1
HCFC1,PIK3C3,1
HCFC1,RPA2,1
HCFC1,LLGL1,1
HCFC1,IFRD2,1
HCFC1,WDR45B,1
HCFC1,LZTR1,1
HCFC1,ERLIN2,1
HCFC1,ABL1,1
HCFC1,LIG1,1
HCFC1,CENPO,1
HCFC1,NFXL1,1
HCFC1,DNM1L,1
HCFC1,CRNKL1,1
HCFC1,PPIL4,1
HCFC1,ICE1,1
HCFC1,CDK19,1
HCFC1,RANGAP1,1
HCFC1,9430015G10RIK,1
HCFC1,CHAMP1,1
HCFC1,NUF2,1
HCFC1,NELFB,1
HCFC1,PSMF1,1
HCFC1,MCM3,1
HCFC1,NUDCD1,1
HCFC1,NDC1,1
HCFC1,PSMD6,1
HCFC1,METTL8,1
HCFC1,SESN1,1
HCFC1,RRM1,1
HCFC1,AAR2,1
HCFC1,GTF3C3,1
HCFC1,ZFP24,1
HCFC1,PHB2,1
HCFC1,JARID2,1
HCFC1,CPOX,1
HCFC1,PIGQ,1
HCFC1,BUB1B,1
HCFC1,DDX1,1
HCFC1,ZFP110,1
HCFC1,RAD51,1
HCFC1,NAA35,1
HCFC1,WARS,1
HCFC1,DNAJC11,1
HCFC1,UBAC1,1
HCFC1,ANAPC2,1
HCFC1,EXOC2,1
HCFC1,MARCH5,1
HCFC1,COA5,1
HCFC1,ITSN1,1
HCFC1,ALKBH8,1
HCFC1,AURKA,1
HCFC1,ADO,1
HCFC1,CNOT10,1
HCFC1,MARS,1
HCFC1,UCKL1,1
HCFC1,CLPTM1L,1
HCFC1,NIF3L1,1
HCFC1,DDX20,1
HCFC1,WDR4,1
HCFC1,PRPF4,1
HCFC1,COG7,1
HCFC1,CRK,1
HCFC1,LONP1,1
HCFC1,CDC6,1
HCFC1,NDOR1,1
HCFC1,POLR3F,1
HCFC1,SLC39A9,1
HCFC1,UBE2G2,1
HCFC1,RPRD1B,1
HCFC1,WDR75,1
HCFC1,SEC23IP,1
HCFC1,HARS2,1
HCFC1,HARS,1
HCFC1,NCLN,1
HCFC1,TPX2,1
HCFC1,MYNN,1
HCFC1,TBCD,1
HCFC1,NPLOC4,1
HCFC1,DPH6,1
HCFC1,TBL3,1
HCFC1,GTF2E1,1
HCFC1,ABCB8,1
HCFC1,PLAA,1
HCFC1,CDC45,1
HCFC1,UNK,1
HCFC1,VPS11,1
HCFC1,GFM1,1
HCFC1,NECAP2,1
HCFC1,HEATR5A,1
HCFC1,HUS1,1
HCFC1,NUP155,1
HCFC1,MAU2,1
HCFC1,ZFP35,1
HCFC1,NOLC1,1
HCFC1,FPGS,1
HCFC1,SCRN3,1
HCFC1,VPS33A,1
HCFC1,FEM1A,1
HCFC1,MIEF1,1
HCFC1,ARMT1,1
HCFC1,BYSL,1
HCFC1,BAP1,1
HCFC1,FTSJ1,1
HCFC1,RFC4,1
HCFC1,EFTUD2,1
HCFC1,CHORDC1,1
HCFC1,SLC19A1,1
HCFC1,THUMPD3,1
HCFC1,SKAP2,1
HCFC1,FTSJ3,1
HCFC1,DPH2,1
HCFC1,WDR5,1
HCFC1,LDAH,1
HCFC1,HSPH1,1
HCFC1,MIS18BP1,1
HCFC1,TIMM50,1
HCFC1,RHOT1,1
HCFC1,ATG16L1,1
HCFC1,CUL4A,1
HCFC1,ESYT2,1
HCFC1,TMEM68,1
HCFC1,RUVBL2,1
HCFC1,ZFP672,1
HCFC1,GTF2F1,1
HCFC1,CDCA3,1
HCFC1,SHCBP1,1
HCFC1,MTREX,1
HCFC1,PLD3,1
HCFC1,NUP107,1
HCFC1,PSMD9,1
HCFC1,MTMR6,1
HCFC1,PTDSS2,1
HCFC1,XPC,1
HCFC1,NIT1,1
HCFC1,MGST3,1
HCFC1,TRMT6,1
HCFC1,WDR73,1
HCFC1,SCFD1,1
HCFC1,SGTA,1
HCFC1,NOL9,1
HCFC1,UROD,1
HCFC1,ELAC2,1
HCFC1,DPP8,1
HCFC1,TOX4,1
HCFC1,D230025D16RIK,1
HCFC1,ORC5,1
HCFC1,NEK9,1
HCFC1,FAAP100,1
HCFC1,GSKIP,1
HCFC1,BLZF1,1
HCFC1,TMEM129,1
HCFC1,TACC3,1
HCFC1,PWP2,1
HCFC1,DIS3L2,1
HCFC1,COPB2,1
HCFC1,NUDCD3,1
HCFC1,ABTB1,1
HCFC1,UBR1,1
HCFC1,KAT7,1
HCFC1,FEM1B,1
HCFC1,RNF115,1
HCFC1,TUBGCP2,1
HCFC1,VPS33B,1
HCFC1,GMFB,1
HCFC1,CENPE,1
HCFC1,UBA5,1
HCFC1,CCNA2,1
HCFC1,FARSB,1
HCFC1,METAP1D,1
HCFC1,MFSD1,1
HCFC1,ELP2,1
HCFC1,GARS,1
HCFC1,ARL8B,1
HCFC1,SP4,1
HCFC1,MFSD14B,1
HCFC1,E2F4,1
HCFC1,SLC35A1,1
HCFC1,FOXRED1,1
HCFC1,SPPL2A,1
HCFC1,CENPK,1
HCFC1,RNF141,1
HCFC1,KIF11,1
HCFC1,PWP1,1
HCFC1,NUP88,1
HCFC1,COG6,1
HCFC1,GTF2H1,1
HCFC1,REXO4,1
HCFC1,EXOC3,1
HCFC1,TRMT2A,1
HCFC1,ATP13A1,1
HCFC1,EIF1AD,1
HCFC1,RARS,1
HCFC1,ELP3,1
HCFC1,CRBN,1
HCFC1,DCAF13,1
HCFC1,NUP93,1
HCFC1,PIK3R2,1
HCFC1,GOSR2,1
HCFC1,ERCC8,1
HCFC1,CIPC,1
HCFC1,USP8,1
HCFC1,ZBTB43,1
HCFC1,PCYT1A,1
HCFC1,OTUD6B,1
HCFC1,XRCC5,1
HCFC1,TAB1,1
HCFC1,CHMP7,1
HCFC1,ATG4B,1
HCFC1,POLE3,1
HCFC1,PMPCA,1
HCFC1,DLST,1
HCFC1,HAUS2,1
HCFC1,FBXW5,1
HCFC1,NUDT9,1
HCFC1,IARS,1
HCFC1,TBC1D2B,1
HCFC1,STXBP4,1
HCFC1,TMUB2,1
HCFC1,TUBGCP3,1
HCFC1,COPB1,1
HCFC1,NUBP2,1
HCFC1,MRPL37,1
HCFC1,PRMT7,1
HCFC1,UBR7,1
HCFC1,SPPL2B,1
HCFC1,ZKSCAN3,1
HCFC1,PRDM4,1
HCFC1,LRRC14,1
HCFC1,TERF2IP,1
HCFC1,ASB8,1
HCFC1,TBC1D15,1
HCFC1,RAD21,1
HCFC1,TASP1,1
HCFC1,SMC2,1
HCFC1,ATL2,1
HCFC1,ZKSCAN17,1
HCFC1,CCDC137,1
HCFC1,CHUK,1
HCFC1,PNO1,1
HCFC1,HDGF,1
HCFC1,CTR9,1
HCFC1,SUPT7L,1
HCFC1,VAMP3,1
HCFC1,TTF1,1
HCFC1,CUL2,1
HCFC1,ZDHHC6,1
HCFC1,PRKAB1,1
HCFC1,GOLT1B,1
HCFC1,SLC31A1,1
HCFC1,GUSB,1
HCFC1,BIRC5,1
HCFC1,RFESD,1
HCFC1,MORC3,1
HCFC1,ORC2,1
HCFC1,TMEM186,1
HCFC1,ALG9,1
HCFC1,ZFP62,1
HCFC1,CLPX,1
HCFC1,G6PDX,1
HCFC1,NOP2,1
HCFC1,ANKFY1,1
HCFC1,KIF20B,1
HCFC1,IPO9,1
HCFC1,SLC25A46,1
HCFC1,CKAP5,1
HCFC1,NDEL1,1
HCFC1,PFKM,1
HCFC1,LYRM4,1
HCFC1,HNRNPAB,1
HCFC1,NUP85,1
HCFC1,B230219D22RIK,1
HCFC1,SNRPB,1
HCFC1,ABCF3,1
HCFC1,RAD51AP1,1
HCFC1,COLGALT1,1
HCFC1,CLCN4,1
HCFC1,GMCL1,1
HCFC1,MED22,1
HCFC1,ZFP655,1
HCFC1,MBTPS1,1
HCFC1,AP5M1,1
HCFC1,IPO4,1
HCFC1,PTCD3,1
HCFC1,ETF1,1
HCFC1,WDHD1,1
HCFC1,PPAT,1
HCFC1,TMEM168,1
HCFC1,PSMD5,1
HCFC1,TARS,1
HCFC1,NUDT19,1
HCFC1,GSS,1
HCFC1,NCAPD2,1
HCFC1,NFAT5,1
HCFC1,ZFP143,1
HCFC1,ADK,1
HCFC1,PDCL,1
HCFC1,CHMP3,1
HCFC1,MOGS,1
HCFC1,RABIF,1
HCFC1,ATP7B,1
HCFC1,ALG11,1
HCFC1,DRAM2,1
HCFC1,CEPT1,1
HCFC1,PHAX,1
HCFC1,VPS26C,1
HCFC1,ATAD1,1
HCFC1,FKBP1A,1
HCFC1,SLC30A6,1
HCFC1,ATG12,1
HCFC1,AP3S1,1
HCFC1,ARMC8,1
HCFC1,MTHFD1,1
HCFC1,BTAF1,1
HCFC1,RABGGTB,1
HCFC1,RNF139,1
HCFC1,FASTKD2,1
HCFC1,ZFP871,1
HCFC1,MIS12,1
HCFC1,MCM10,1
HCFC1,YOD1,1
HCFC1,TYK2,1
HCFC1,AP1B1,1
HCFC1,MCM5,1
HCFC1,TRMT11,1
HCFC1,USP37,1
HCFC1,GANAB,1
HCFC1,CDCA4,1
HCFC1,ARL6IP6,1
HCFC1,ZZZ3,1
HCFC1,PPOX,1
HCFC1,GNAI3,1
HCFC1,EPS15,1
HCFC1,PTPN12,1
HCFC1,POLR2B,1
HCFC1,NASP,1
HCFC1,RNF4,1
HCFC1,DOCK2,1
HCFC1,UROS,1
HCFC1,MCM4,1
HCFC1,SDHAF2,1
HCFC1,SRSF1,1
HCFC1,HMMR,1
HCFC1,NEDD1,1
HCFC1,SPTLC1,1
HCFC1,RPAP1,1
HCFC1,HERC4,1
HCFC1,NAA50,1
HCFC1,ATP6V1A,1
HCFC1,FAM234B,1
HCFC1,POT1A,1
HCFC1,SLC30A5,1
HCFC1,KIF22,1
HCFC1,TPP1,1
HCFC1,YBX1,1
HCFC1,COPG1,1
HCFC1,DNPEP,1
HCFC1,TUBGCP5,1
HCFC1,EDC3,1
HCFC1,PSEN1,1
HCFC1,UTP4,1
HCFC1,TVP23B,1
HCFC1,SLC25A38,1
HCFC1,CDC20,1
HCFC1,PAFAH1B2,1
HCFC1,RFC5,1
HCFC1,MINPP1,1
HCFC1,FNTA,1
HCFC1,SLC11A2,1
HCFC1,CNOT7,1
HCFC1,ANAPC4,1
HCFC1,DNAJC5,1
HCFC1,STX12,1
HCFC1,CKAP2L,1
HCFC1,ITFG1,1
HCFC1,MTO1,1
HCFC1,PLIN3,1
HCFC1,MED16,1
HCFC1,PBK,1
HCFC1,TFG,1
HCFC1,FAM91A1,1
HCFC1,ZSCAN21,1
HCFC1,ZFP367,1
HCFC1,ENPP4,1
HCFC1,ASAH1,1
HCFC1,STAT3,1
HCFC1,PTDSS1,1
HCFC1,USF3,1
HCFC1,TMX3,1
HCFC1,USP4,1
HCFC1,RMND5B,1
HCFC1,CAST,1
HCFC1,QARS,1
HCFC1,NADK,1
HCFC1,CDT1,1
HCFC1,TOPORS,1
HCFC1,SACM1L,1
HCFC1,ZFP930,1
HCFC1,DDHD2,1
HCFC1,CNIH1,1
HCFC1,MAD2L1,1
HCFC1,FZR1,1
HCFC1,UMPS,1
HCFC1,CASP2,1
HCFC1,MARCH8,1
HCFC1,HAGH,1
HCFC1,ARAP1,1
HCFC1,BCLAF3,1
HCFC1,IFT140,1
HCFC1,ZMYM3,1
HCFC1,NR2C1,1
HCFC1,GMNN,1
HCFC1,PRIM2,1
HCFC1,ZFP266,1
HCFC1,TAF1,1
HCFC1,SEPT8,1
HCFC1,EIF4ENIF1,1
HCFC1,TAF12,1
HCFC1,SPRYD4,1
HCFC1,ZFP961,1
HCFC1,LANCL2,1
HCFC1,HMBS,1
HCFC1,UBA3,1
HCFC1,RANBP3,1
HCFC1,MCM7,1
HCFC1,CALU,1
HCFC1,MRM1,1
HCFC1,NCAPG2,1
HCFC1,D10WSU102E,1
HCFC1,ATAD2,1
HCFC1,INCENP,1
HCFC1,NCEH1,1
HCFC1,IARS2,1
HCFC1,ZFP397,1
HCFC1,UBXN2B,1
HCFC1,TOP2A,1
HCFC1,TYMS,1
HCFC1,DNAJC10,1
HCFC1,ERLIN1,1
HCFC1,PCCA,1
HCFC1,PLK1,1
HCFC1,TCF12,1
HCFC1,ILVBL,1
HCFC1,POLD1,1
HCFC1,SGO1,1
HCFC1,TFRC,1
HCFC1,HEXA,1
HCFC1,NCAPG,1
HCFC1,HIST1H2BC,1
HCFC1,HELLS,1
HCFC1,OSTM1,1
HCFC1,GEMIN5,1
HCFC1,SMIM15,1
HCFC1,RCOR1,1
HCFC1,LMBRD1,1
HCFC1,BCAP29,1
HCFC1,C330018D20RIK,1
HCFC1,VWA5A,1
HCFC1,GRN,1
HCFC1,TRIM30A,1
HCFC1,ME2,1
HCFC1,CENPF,1
HCFC1,TCF19,1
HCFC1,CEP70,1
HCFC1,FAM45A,1
HCFC1,SSX2IP,1
HCFC1,PLAG1,1
HCFC1,CACFD1,1
HCFC1,WDR55,1
HCFC1,IDH3A,1
HCFC1,GORASP1,1
HCFC1,CDC7,1
HCFC1,RMND5A,1
HCFC1,CYB5R3,1
HCFC1,FAM76B,1
HCFC1,SEH1L,1
HCFC1,TTLL12,1
HCFC1,CKS1B,1
HCFC1,HCLS1,1
HCFC1,RPA1,1
HCFC1,SPC24,1
HCFC1,INTS13,1
HCFC1,XRCC3,1
HCFC1,PLBD2,1
HCFC1,LMO4,1
HCFC1,NARF,1
HCFC1,POLA2,1
HCFC1,TMX1,1
HCFC1,TK1,1
HCFC1,DCAF11,1
HCFC1,CHP1,1
HCFC1,VPS35,1
HCFC1,TIPIN,1
HCFC1,ORC6,1
HCFC1,HIST1H1C,1
HCFC1,CENPA,1
HCFC1,TOLLIP,1
HCFC1,TMEM177,1
HCFC1,FUCA2,1
HCFC1,PITPNB,1
HCFC1,RNF13,1
HCFC1,FIGNL1,1
HCFC1,APLP2,1
HCFC1,MAPK1,1
HCFC1,TAPT1,1
HCFC1,ZDHHC13,1
HCFC1,LPCAT3,1
HCFC1,EXT2,1
HCFC1,CCNB2,1
HCFC1,KDM6A,1
HCFC1,DTL,1
HCFC1,PREP,1
HCFC1,MEIS1,1
HCFC1,XPNPEP1,1
HCFC1,NAE1,1
HCFC1,TMEM185A,1
HCFC1,CSTF2,1
HCFC1,APEH,1
HCFC1,ODC1,1
HCFC1,TMEM97,1
HCFC1,SLC25A45,1
HCFC1,LEPROT,1
HCFC1,MNS1,1
HCFC1,ISYNA1,1
HCFC1,PSAT1,1
HCFC1,MAPK9,1
HCFC1,RNF19A,1
HCFC1,ZFP322A,1
HCFC1,ALAD,1
HCFC1,PLA2G12A,1
HCFC1,ABHD16A,1
HCFC1,TTF2,1
HCFC1,AFG3L2,1
HCFC1,ZKSCAN6,1
HCFC1,HDAC2,1
HCFC1,HMGB2,1
HCFC1,STXBP3,1
HCFC1,SETD2,1
HCFC1,CAD,1
HCFC1,NGLY1,1
HCFC1,ASF1B,1
HCFC1,PITRM1,1
HCFC1,FCHSD2,1
HCFC1,NCAPH,1
HCFC1,ANKLE1,1
HCFC1,NPTN,1
HCFC1,ACOX1,1
HCFC1,FGFR1OP,1
HCFC1,NET1,1
HCFC1,JAK3,1
HCFC1,IL27RA,1
HCFC1,WDR6,1
HCFC1,PKM,1
HCFC1,NRF1,1
HCFC1,CPQ,1
HCFC1,UBAP1,1
HCFC1,GIMAP1,1
HCFC1,ADAMTS10,1
HCFC1,CCNB1,1
HCFC1,TSPAN3,1
HCFC1,CUL3,1
HCFC1,TBC1D10C,1
HCFC1,PCYT2,1
HCFC1,PICALM,1
HCFC1,KLHL6,1
HCFC1,CKAP2,1
HCFC1,DEK,1
HCFC1,2610301B20RIK,1
HCFC1,BID,1
HCFC1,YPEL3,1
HCFC1,UBE2C,1
HCFC1,SVIP,1
HCFC1,RB1,1
HCFC1,FBXO5,1
HCFC1,METAP1,1
HCFC1,ATP6AP2,1
HCFC1,ATP1B2,1
HCFC1,SPTBN1,1
HCFC1,CASP3,1
HCFC1,MCM6,1
HCFC1,PRELID3B,1
HCFC1,PIP4K2A,1
HCFC1,NUSAP1,1
HCFC1,ZFP639,1
HCFC1,FAM136A,1
HCFC1,CYP20A1,1
HCFC1,FAM168B,1
HCFC1,MIOS,1
HCFC1,CDK1,1
HCFC1,LIMD2,1
HCFC1,AFF4,1
HCFC1,TXNRD2,1
HCFC1,VHL,1
HCFC1,XRCC6,1
HCFC1,AP1G2,1
HCFC1,HSDL1,1
HCFC1,SLC39A10,1
HCFC1,BC005561,1
HCFC1,CLN5,1
HCFC1,P2RX4,1
HCFC1,GCLC,1
HCFC1,JPT2,1
HCFC1,CPT2,1
HCFC1,FECH,1
HCFC1,CSGALNACT2,1
HCFC1,OAT,1
HCFC1,LAP3,1
HCFC1,BUB1,1
HCFC1,CCNG1,1
HCFC1,USP10,1
HCFC1,CRYZL2,1
HCFC1,INTS8,1
HCFC1,MSH6,1
HCFC1,ALDH18A1,1
HCFC1,PRC1,1
HCFC1,RRM2,1
HCFC1,PRPS1,1
HCFC1,DCK,1
HCFC1,TCP11L2,1
HCFC1,ABCB10,1
HCFC1,TMEM263,1
HCFC1,FOS,1
HCFC1,GOLPH3,1
HCFC1,MARCH6,1
HCFC1,NT5DC1,1
HCFC1,CCNF,1
HCFC1,DHFR,1
HCFC1,SMARCA2,1
HCFC1,KIDINS220,1
HCFC1,STXBP1,1
HCFC1,MEMO1,1
HCFC1,ZFP36,1
HCFC1,DCAF4,1
HCFC1,RCC1,1
HCFC1,CERS5,1
HCFC1,CD48,1
HCFC1,RGS19,1
HCFC1,RAB37,1
HCFC1,NAMPT,1
HCFC1,ATP6AP1,1
HCFC1,BTG2,1
HCFC1,UHRF1,1
HCFC1,TMEM109,1
HCFC1,CTSC,1
HCFC1,CCNE1,1
HCFC1,MXD3,1
HCFC1,SUN1,1
HCFC1,CTTN,1
HCFC1,CTPS,1
HCFC1,MCM2,1
HCFC1,HACD3,1
HCFC1,CAPN7,1
HCFC1,NR3C2,1
HCFC1,LMNA,1
HCFC1,XK,1
HCFC1,TANGO2,1
HCFC1,UNC93B1,1
HCFC1,DENND1C,1
HCFC1,ACAA2,1
HCFC1,ANKRD27,1
HCFC1,SLC41A3,1
HCFC1,MAPKAPK3,1
HCFC1,FADS1,1
HCFC1,GNPDA1,1
HCFC1,HNRNPLL,1
HCFC1,PON2,1
HCFC1,PQLC1,1
HCFC1,GSTM1,1
HCFC1,AURKB,1
HCFC1,COQ8A,1
HCFC1,MYC,1
HCFC1,WDSUB1,1
HCFC1,SGPL1,1
HCFC1,KLF6,1
HCFC1,CYB5R1,1
HCFC1,GSR,1
HCFC1,H1F0,1
HCFC1,RELB,1
HCFC1,NSDHL,1
HCFC1,NFE2L2,1
HCFC1,XPR1,1
HCFC1,KLHL22,1
HCFC1,ASNS,1
HCFC1,PJA2,1
HCFC1,YBX3,1
HCFC1,MYO1D,1
HCFC1,SLC20A1,1
HCFC1,TRPV2,1
HCFC1,UBL4A,1
HCFC1,CCNE2,1
HCFC1,NFATC1,1
HCFC1,METTL7A1,1
HCFC1,TRIB3,1
HCFC1,STT3B,1
HCFC1,ZFP30,1
HCFC1,ACAP1,1
HCFC1,ALDH9A1,1
HCFC1,FAR1,1
HCFC1,RASSF5,1
HCFC1,HSD3B7,1
HCFC1,PIK3IP1,1
HCFC1,MAVS,1
HCFC1,DUSP1,1
HCFC1,MT2,1
HCFC1,ELL2,1
HCFC1,EPOR,1
HCFC1,UBA7,1
HCFC1,ELOVL1,1
HCFC1,ANXA5,1
HCFC1,DUSP2,1
HCFC1,UAP1,1
HCFC1,ARHGAP15,1
HCFC1,MYH10,1
HCFC1,PDK3,1
HCFC1,GIMAP6,1
HCFC1,GRAMD1A,1
HCFC1,TMC6,1
HCFC1,RASAL3,1
HCFC1,GYPC,1
HCFC1,ABCD3,1
HCFC1,JUN,1
HCFC1,ADSSL1,1
HCFC1,CNP,1
HCFC1,L2HGDH,1
HCFC1,CTSE,1
HCFC1,RGCC,1
HCFC1,FOXO1,1
HCFC1,LPCAT1,1
HCFC1,CLIC4,1
HCFC1,SPHK1,1
HCFC1,NFKBIA,1
HCFC1,ATP2A3,1
HCFC1,SMAD2,1
HCFC1,HLF,1
HCFC1,MYO1G,1
HCFC1,ID2,1
HCFC1,CORO1A,1
HCFC1,SERPINB9,1
HCFC1,SPI1,1
HCFC1,ENDOD1,1
HCFC1,TMEM164,1
HCFC1,SLC16A1,1
HCFC1,VAV1,1
HCFC1,TCN2,1
HCFC1,PACSIN2,1
HCFC1,REL,1
HCFC1,CBFB,1
HCFC1,ANXA6,1
HCFC1,THRB,1
HCFC1,1700017B05RIK,1
HCFC1,ST6GALNAC4,1
HCFC1,PRKAA1,1
HCFC1,E2F6,1
HCFC1,TRIM59,1
HCFC1,ZFP467,1
HCFC1,MAP4K2,1
HCFC1,CISH,1
HCFC1,GLIPR2,1
HCFC1,GPSM2,1
HCFC1,PLEC,1
HCFC1,PQLC3,1
HCFC1,GM2A,1
HCFC1,DCTD,1
HCFC1,ANXA4,1
HCFC1,MTFR1,1
HCFC1,CD55,1
HCFC1,HDAC7,1
HCFC1,STOM,1
HCFC1,STEAP3,1
HCFC1,NDE1,1
HCFC1,TENT5A,1
HCFC1,ACSS2,1
HCFC1,MT1,1
HCFC1,MAN1A,1
HCFC1,PACS1,1
HCFC1,DECR1,1
HCFC1,GYPA,1
HCFC1,SLC44A2,1
HCFC1,SNAP23,1
HCFC1,PIDD1,1
HCFC1,RGS1,1
HCFC1,CALCRL,1
HCFC1,ZFP945,1
HCFC1,TLR4,1
HCFC1,CARHSP1,1
HCFC1,FLOT2,1
HCFC1,SLC43A3,1
HCFC1,PPP2R1B,1
HCFC1,ELMO1,1
HCFC1,PSEN2,1
HCFC1,GNA13,1
HCFC1,ST8SIA4,1
HCFC1,IRF1,1
HCFC1,E2F8,1
HCFC1,ZFP275,1
HCFC1,NDRG1,1
HCFC1,CRIP2,1
HCFC1,CERS4,1
HCFC1,CD82,1
HCFC1,SLC6A6,1
HCFC1,CAR1,1
HCFC1,SQLE,1
HCFC1,SLC14A1,1
HCFC1,NOTCH1,1
HCFC1,SEPT6,1
HCFC1,CTNNA1,1
HCFC1,TNFRSF13B,1
HCFC1,PGLYRP2,1
HCFC1,PRKAR2B,1
HCFC1,PLEK,1
HCFC1,EGR1,1
HCFC1,CES2G,1
HCFC1,RNF145,1
HCFC1,PAK1,1
HCFC1,IRF5,1
HCFC1,RASA3,1
HCFC1,SPNS2,1
HCFC1,AK3,1
HCFC1,ZYX,1
HCFC1,TMEM64,1
HCFC1,PRSS50,1
HCFC1,GPR180,1
HCFC1,NFATC2,1
HCFC1,TREML2,1
HCFC1,CYTH4,1
HCFC1,AHR,1
HCFC1,PCLAF,1
HCFC1,HSPA4L,1
HCFC1,HEMGN,1
HCFC1,TMEM173,1
HCFC1,ISG20,1
HCFC1,SERPINB1A,1
HCFC1,TRIB2,1
HCFC1,STX17,1
HCFC1,PLCB2,1
HCFC1,ESR1,1
HCFC1,INKA1,1
HCFC1,KLHL23,1
HCFC1,SNX10,1
HCFC1,SCARB1,1
HCFC1,NAPSA,1
HCFC1,CYTH3,1
HCFC1,ABCG2,1
HCFC1,LRRFIP1,1
HCFC1,HDAC11,1
HCFC1,GSTM5,1
HCFC1,ACSS1,1
HCFC1,CITED4,1
HCFC1,GFI1B,1
HCFC1,MKI67,1
HCFC1,TCIRG1,1
HCFC1,SMIM1,1
HCFC1,NFE2,1
HCFC1,GIMAP5,1
HCFC1,TWSG1,1
HCFC1,DYNLT3,1
HCFC1,TFR2,1
HCFC1,SLC40A1,1
HCFC1,CD84,1
HCFC1,KLF1,1
HCFC1,LCP2,1
HCFC1,EBI3,1
HCFC1,LSP1,1
HCFC1,NUDT4,1
HCFC1,H2-DMB1,1
HCFC1,GPR171,1
HCFC1,LPIN2,1
HCFC1,RORA,1
HCFC1,SELENBP1,1
HCFC1,TSC22D3,1
HCFC1,SP100,1
HCFC1,MBOAT2,1
HCFC1,LAPTM4B,1
HCFC1,CELA1,1
HCFC1,TNFAIP8,1
HCFC1,PHETA2,1
HCFC1,CD1D1,1
HCFC1,HACD4,1
HCFC1,GYG,1
HCFC1,UAP1L1,1
HCFC1,PHF10,1
HCFC1,DOK2,1
HCFC1,ABCB4,1
HCFC1,MFNG,1
HCFC1,ZFP592,1
HCFC1,RNASEL,1
HCFC1,VKORC1L1,1
HCFC1,ITGA6,1
HCFC1,PRKCH,1
HCFC1,GOLM1,1
HCFC1,SLC7A4,1
HCFC1,TOR3A,1
HCFC1,KEL,1
HCFC1,MTAP,1
HCFC1,SNCA,1
HCFC1,SAMD14,1
HCFC1,PEAR1,1
HCFC1,INPP1,1
HCFC1,GBP2,1
HCFC1,TOM1L1,1
HCFC1,PLIN2,1
HCFC1,KLF3,1
HCFC1,TLK1,1
HCFC1,PLCG2,1
HCFC1,SLC25A21,1
HCFC1,PGM1,1
HCFC1,TNFAIP2,1
HCFC1,RUNX1T1,1
HCFC1,BLVRB,1
HCFC1,ZBTB10,1
HCFC1,SGPP1,1
HCFC1,ELF4,1
HCFC1,CBX7,1
HCFC1,AMPD3,1
HCFC1,GFI1,1
HCFC1,NAGA,1
HCFC1,ERMAP,1
HCFC1,ANXA2,1
HCFC1,HPN,1
HCFC1,BAG2,1
HCFC1,GATA1,1
HCFC1,VIM,1
HCFC1,MYB,1
HCFC1,GATM,1
HCFC1,GRINA,1
HCFC1,CPT1A,1
HCFC1,EZR,1
HCFC1,DDX58,1
HCFC1,PKLR,1
HCFC1,CTSO,1
HCFC1,CD74,1
HCFC1,MFSD2B,1
HCFC1,RHD,1
HCFC1,RNF213,1
HCFC1,GDF3,1
HCFC1,MFGE8,1
HCFC1,PTGS1,1
HCFC1,CASP1,1
HCFC1,SLC43A1,1
HCFC1,RGS2,1
HCFC1,PDE4B,1
HCFC1,APBB1,1
HCFC1,NUPR1,1
HCFC1,METTL27,1
HCFC1,LCP1,1
HCFC1,PPM1H,1
HCFC1,BTK,1
HCFC1,SLC22A3,1
HCFC1,EMILIN2,1
HCFC1,PLXNC1,1
HCFC1,VILL,1
HCFC1,EBF1,1
HCFC1,TMEM176B,1
HCFC1,TMEM176A,1
HCFC1,IL15,1
HCFC1,ST3GAL5,1
HCFC1,IL21R,1
HCFC1,CREB5,1
HCFC1,PRPS2,1
HCFC1,SMIM5,1
HCFC1,MAN2A2,1
HCFC1,ETS1,1
HCFC1,CD63,1
HCFC1,ARHGEF6,1
HCFC1,TSPAN33,1
HCFC1,CD9,1
HCFC1,RBPMS,1
HCFC1,RHOF,1
HCFC1,PML,1
HCFC1,ADD2,1
HCFC1,P2RY14,1
HCFC1,D1ERTD622E,1
HCFC1,CAMK1,1
HCFC1,EPSTI1,1
HCFC1,OPTN,1
HCFC1,PUS7,1
HDAC2,NUP107,1
HDAC2,EIF2B1,1
HDAC2,NOLC1,1
HDAC2,NDUFV1,1
HDAC2,CDCA5,1
HDAC2,VPS33A,1
HDAC2,NUF2,1
HDAC2,DDX20,1
HDAC2,MIS18BP1,1
HDAC2,MSH6,1
HDAC2,USP8,1
HDAC2,MIEF1,1
HDAC2,SNRNP200,1
HDAC2,ESYT2,1
HDAC2,TPX2,1
HDAC2,DCP1A,1
HDAC2,CLPTM1L,1
HDAC2,TRMT6,1
HDAC2,MTREX,1
HDAC2,ATG16L1,1
HDAC2,ERLIN2,1
HDAC2,CDC6,1
HDAC2,KIF20B,1
HDAC2,CNOT10,1
HDAC2,OTUD6B,1
HDAC2,CALU,1
HDAC2,VPS26C,1
HDAC2,TRMT2A,1
HDAC2,WDR36,1
HDAC2,NAA35,1
HDAC2,WDR45B,1
HDAC2,ARMT1,1
HDAC2,MCM7,1
HDAC2,POLR1B,1
HDAC2,RFC4,1
HDAC2,PA2G4,1
HDAC2,XAB2,1
HDAC2,CLCN4,1
HDAC2,LRRC14,1
HDAC2,THUMPD3,1
HDAC2,ANAPC2,1
HDAC2,CCNA2,1
HDAC2,NUP155,1
HDAC2,CENPK,1
HDAC2,PITRM1,1
HDAC2,D10WSU102E,1
HDAC2,ATAD2,1
HDAC2,ASF1B,1
HDAC2,SLC35A1,1
HDAC2,LONP1,1
HDAC2,NFAT5,1
HDAC2,MTMR6,1
HDAC2,ORC5,1
HDAC2,SHCBP1,1
HDAC2,TBCD,1
HDAC2,TFRC,1
HDAC2,COPS8,1
HDAC2,WDR4,1
HDAC2,BIRC5,1
HDAC2,CRNKL1,1
HDAC2,GALK2,1
HDAC2,RANGAP1,1
HDAC2,TOX4,1
HDAC2,NARFL,1
HDAC2,CUL4A,1
HDAC2,PLD3,1
HDAC2,CAST,1
HDAC2,FOXRED1,1
HDAC2,NCEH1,1
HDAC2,GMFB,1
HDAC2,MAD2L1,1
HDAC2,CKAP2L,1
HDAC2,METAP1D,1
HDAC2,WDR73,1
HDAC2,PRDM4,1
HDAC2,SGTA,1
HDAC2,BAP1,1
HDAC2,TBL3,1
HDAC2,COPG1,1
HDAC2,FAM136A,1
HDAC2,POLR3F,1
HDAC2,TFG,1
HDAC2,PSMD9,1
HDAC2,IFRD2,1
HDAC2,TMEM129,1
HDAC2,TACC3,1
HDAC2,SCFD1,1
HDAC2,XPC,1
HDAC2,POLD1,1
HDAC2,BYSL,1
HDAC2,NDOR1,1
HDAC2,CENPA,1
HDAC2,PRMT7,1
HDAC2,HAUS2,1
HDAC2,ZFP655,1
HDAC2,CHORDC1,1
HDAC2,FASTKD2,1
HDAC2,PPAT,1
HDAC2,BTRC,1
HDAC2,ABTB1,1
HDAC2,NDEL1,1
HDAC2,AP5M1,1
HDAC2,KIF11,1
HDAC2,XRCC6,1
HDAC2,RRM1,1
HDAC2,COA5,1
HDAC2,AHCTF1,1
HDAC2,CENPF,1
HDAC2,ALAD,1
HDAC2,KNSTRN,1
HDAC2,UHRF1,1
HDAC2,PBK,1
HDAC2,PRKAB1,1
HDAC2,IARS,1
HDAC2,WDR55,1
HDAC2,DNPEP,1
HDAC2,VPS11,1
HDAC2,KPNA3,1
HDAC2,PHB2,1
HDAC2,UAP1,1
HDAC2,MTHFD1,1
HDAC2,TVP23B,1
HDAC2,DCAF13,1
HDAC2,NELFB,1
HDAC2,ABCF3,1
HDAC2,RAD51,1
HDAC2,FZR1,1
HDAC2,VPS33B,1
HDAC2,UBR1,1
HDAC2,CKAP2,1
HDAC2,IPO4,1
HDAC2,LAP3,1
HDAC2,NCAPG,1
HDAC2,NUDT9,1
HDAC2,PTDSS2,1
HDAC2,DNAJC5,1
HDAC2,PPIL4,1
HDAC2,PSMD5,1
HDAC2,RAD51AP1,1
HDAC2,WARS,1
HDAC2,TAB1,1
HDAC2,BUB1,1
HDAC2,LDAH,1
HDAC2,POT1A,1
HDAC2,NUP93,1
HDAC2,NOP2,1
HDAC2,MCM5,1
HDAC2,NCAPG2,1
HDAC2,GOLT1B,1
HDAC2,CDCA8,1
HDAC2,SCRN3,1
HDAC2,ATP7B,1
HDAC2,ALG11,1
HDAC2,WDHD1,1
HDAC2,STXBP3,1
HDAC2,COLGALT1,1
HDAC2,GFM1,1
HDAC2,MARS,1
HDAC2,RPA2,1
HDAC2,GSS,1
HDAC2,DUS1L,1
HDAC2,CHP1,1
HDAC2,GM2A,1
HDAC2,TMUB2,1
HDAC2,INCENP,1
HDAC2,CHMP7,1
HDAC2,MORC3,1
HDAC2,EXOC3,1
HDAC2,STAT3,1
HDAC2,MCM10,1
HDAC2,PQLC1,1
HDAC2,SMC2,1
HDAC2,PSMF1,1
HDAC2,ADK,1
HDAC2,NIT1,1
HDAC2,TIMM50,1
HDAC2,SGO1,1
HDAC2,ZSCAN21,1
HDAC2,CIPC,1
HDAC2,RNF139,1
HDAC2,NEK9,1
HDAC2,SP4,1
HDAC2,FAAP100,1
HDAC2,CASP2,1
HDAC2,STK25,1
HDAC2,TIMM29,1
HDAC2,AURKA,1
HDAC2,ANAPC4,1
HDAC2,HARS,1
HDAC2,HARS2,1
HDAC2,GOSR2,1
HDAC2,FIGNL1,1
HDAC2,CRBN,1
HDAC2,PCCA,1
HDAC2,DDHD2,1
HDAC2,FBXO5,1
HDAC2,WDR6,1
HDAC2,MARCH8,1
HDAC2,SEH1L,1
HDAC2,RFC5,1
HDAC2,FPGS,1
HDAC2,VAMP3,1
HDAC2,VKORC1L1,1
HDAC2,CDC20,1
HDAC2,ELP2,1
HDAC2,RELB,1
HDAC2,DTL,1
HDAC2,NUP85,1
HDAC2,ZDHHC6,1
HDAC2,HDGF,1
HDAC2,PKM,1
HDAC2,NCAPH,1
HDAC2,COQ8A,1
HDAC2,ZFP451,1
HDAC2,9430015G10RIK,1
HDAC2,NEDD1,1
HDAC2,LMBRD1,1
HDAC2,TASP1,1
HDAC2,PIK3C3,1
HDAC2,CHUK,1
HDAC2,CDK1,1
HDAC2,PJA2,1
HDAC2,GMCL1,1
HDAC2,SLC20A1,1
HDAC2,ELAC2,1
HDAC2,DPH6,1
HDAC2,SEC23IP,1
HDAC2,UBA3,1
HDAC2,SLC30A5,1
HDAC2,REXO4,1
HDAC2,SPC25,1
HDAC2,TBC1D15,1
HDAC2,AHCYL1,1
HDAC2,FAM45A,1
HDAC2,UBE2C,1
HDAC2,RABIF,1
HDAC2,RHOT1,1
HDAC2,DCAF4,1
HDAC2,FKBP1A,1
HDAC2,ILVBL,1
HDAC2,RFESD,1
HDAC2,CYB5R3,1
HDAC2,SPTLC1,1
HDAC2,NECAP2,1
HDAC2,NIF3L1,1
HDAC2,NUBP2,1
HDAC2,QARS,1
HDAC2,PPP6C,1
HDAC2,MFSD1,1
HDAC2,BLZF1,1
HDAC2,HSPH1,1
HDAC2,ME2,1
HDAC2,ICE1,1
HDAC2,PWP2,1
HDAC2,NUDCD3,1
HDAC2,SRSF1,1
HDAC2,NFXL1,1
HDAC2,SMARCA2,1
HDAC2,DHX33,1
HDAC2,MFN2,1
HDAC2,ACAA2,1
HDAC2,SUPT7L,1
HDAC2,HMGB2,1
HDAC2,CPT2,1
HDAC2,TUBGCP3,1
HDAC2,SPPL2A,1
HDAC2,EFTUD2,1
HDAC2,METTL8,1
HDAC2,GTF2H1,1
HDAC2,UBR7,1
HDAC2,ABCD3,1
HDAC2,MAVS,1
HDAC2,AP1B1,1
HDAC2,ELP3,1
HDAC2,RPRD1B,1
HDAC2,RAD21,1
HDAC2,FADS1,1
HDAC2,YPEL3,1
HDAC2,GTF2F1,1
HDAC2,XRCC5,1
HDAC2,LRRFIP1,1
HDAC2,CAPN7,1
HDAC2,PFKM,1
HDAC2,PMPCA,1
HDAC2,ALDH9A1,1
HDAC2,TARS,1
HDAC2,MCM3,1
HDAC2,TMEM168,1
HDAC2,DPP8,1
HDAC2,PRC1,1
HDAC2,COPB2,1
HDAC2,PHAX,1
HDAC2,USP37,1
HDAC2,CAD,1
HDAC2,RUVBL2,1
HDAC2,CCDC137,1
HDAC2,ANKLE1,1
HDAC2,COG7,1
HDAC2,TUBGCP2,1
HDAC2,DNAJC11,1
HDAC2,TXNRD2,1
HDAC2,BUB1B,1
HDAC2,CDT1,1
HDAC2,ETF1,1
HDAC2,MINPP1,1
HDAC2,SGPL1,1
HDAC2,POGLUT1,1
HDAC2,TMEM68,1
HDAC2,IPO9,1
HDAC2,OSTM1,1
HDAC2,STEAP3,1
HDAC2,GTF3C3,1
HDAC2,CACFD1,1
HDAC2,TMEM64,1
HDAC2,MAPK9,1
HDAC2,PICALM,1
HDAC2,WDR75,1
HDAC2,HAGH,1
HDAC2,CBFB,1
HDAC2,DHFR,1
HDAC2,EDC3,1
HDAC2,P2RX4,1
HDAC2,ZBTB43,1
HDAC2,HUS1,1
HDAC2,AFG3L2,1
HDAC2,TCF19,1
HDAC2,LPCAT3,1
HDAC2,TUBGCP5,1
HDAC2,BCAP29,1
HDAC2,CENPO,1
HDAC2,ASAH1,1
HDAC2,MCM4,1
HDAC2,BLVRB,1
HDAC2,IFT140,1
HDAC2,POLE3,1
HDAC2,ANXA5,1
HDAC2,FARSB,1
HDAC2,PRPF4,1
HDAC2,PSEN2,1
HDAC2,STXBP4,1
HDAC2,RANBP3,1
HDAC2,MRM1,1
HDAC2,RABGGTB,1
HDAC2,CCNF,1
HDAC2,TMEM177,1
HDAC2,LZTR1,1
HDAC2,D230025D16RIK,1
HDAC2,SLC31A1,1
HDAC2,NET1,1
HDAC2,RARS,1
HDAC2,AAR2,1
HDAC2,PSEN1,1
HDAC2,CKS1B,1
HDAC2,RPAP1,1
HDAC2,CTR9,1
HDAC2,CEP70,1
HDAC2,DNM1L,1
HDAC2,CYP20A1,1
HDAC2,METAP1,1
HDAC2,APEH,1
HDAC2,IRF1,1
HDAC2,INTS13,1
HDAC2,NDRG1,1
HDAC2,RPA1,1
HDAC2,SERPINB9,1
HDAC2,RPP40,1
HDAC2,KLHL24,1
HDAC2,ZFP35,1
HDAC2,L2HGDH,1
HDAC2,PITPNB,1
HDAC2,NCAPD2,1
HDAC2,TMX1,1
HDAC2,GUSB,1
HDAC2,CPQ,1
HDAC2,USP4,1
HDAC2,RNF141,1
HDAC2,ACSS2,1
HDAC2,TIPIN,1
HDAC2,PPOX,1
HDAC2,FEM1B,1
HDAC2,EIF1AD,1
HDAC2,COG6,1
HDAC2,PCYT1A,1
HDAC2,REL,1
HDAC2,PNO1,1
HDAC2,FGFR1OP,1
HDAC2,NUSAP1,1
HDAC2,UBXN2B,1
HDAC2,PLK1,1
HDAC2,DCK,1
HDAC2,CRK,1
HDAC2,CLN5,1
HDAC2,TMEM97,1
HDAC2,PRELID3B,1
HDAC2,LIG1,1
HDAC2,PLIN3,1
HDAC2,POLA2,1
HDAC2,CCNE2,1
HDAC2,HMBS,1
HDAC2,SDHAF2,1
HDAC2,ARMC8,1
HDAC2,STT3B,1
HDAC2,SESN1,1
HDAC2,BTAF1,1
HDAC2,KAT7,1
HDAC2,HELLS,1
HDAC2,TOPORS,1
HDAC2,GANAB,1
HDAC2,SPPL2B,1
HDAC2,TSPAN14,1
HDAC2,ABHD16A,1
HDAC2,SLC25A46,1
HDAC2,TMEM109,1
HDAC2,WDSUB1,1
HDAC2,NUDCD1,1
HDAC2,ORC2,1
HDAC2,ZZZ3,1
HDAC2,MAPK1,1
HDAC2,EXOC2,1
HDAC2,DCAF11,1
HDAC2,SQLE,1
HDAC2,USF3,1
HDAC2,ATAD1,1
HDAC2,SLC25A38,1
HDAC2,LYRM4,1
HDAC2,ABL1,1
HDAC2,ARAP1,1
HDAC2,NT5DC1,1
HDAC2,ZYX,1
HDAC2,PSMD6,1
HDAC2,FCHSD2,1
HDAC2,RMND5A,1
HDAC2,PLAA,1
HDAC2,RNF4,1
HDAC2,ZFP672,1
HDAC2,CENPE,1
HDAC2,SLC30A6,1
HDAC2,GORASP1,1
HDAC2,TTF1,1
HDAC2,MIS12,1
HDAC2,CERS5,1
HDAC2,HIST1H1C,1
HDAC2,NDC1,1
HDAC2,XPNPEP1,1
HDAC2,RNF115,1
HDAC2,UNK,1
HDAC2,RGS2,1
HDAC2,ATL2,1
HDAC2,ZFP24,1
HDAC2,ZFP367,1
HDAC2,DRAM2,1
HDAC2,CEPT1,1
HDAC2,CHAMP1,1
HDAC2,ERLIN1,1
HDAC2,ITFG1,1
HDAC2,TTLL12,1
HDAC2,ENDOD1,1
HDAC2,WDR5,1
HDAC2,TMEM186,1
HDAC2,PIGQ,1
HDAC2,CDK19,1
HDAC2,ABCB8,1
HDAC2,FAM91A1,1
HDAC2,UBAP1,1
HDAC2,PWP1,1
HDAC2,ATP13A1,1
HDAC2,TANGO2,1
HDAC2,TES,1
HDAC2,TYMS,1
HDAC2,MGST3,1
HDAC2,GNAI3,1
HDAC2,PTCD3,1
HDAC2,ADAMTS10,1
HDAC2,CSTF2,1
HDAC2,DPH2,1
HDAC2,NAGA,1
HDAC2,GSR,1
HDAC2,ZFP110,1
HDAC2,CD82,1
HDAC2,SUN1,1
HDAC2,TOP2A,1
HDAC2,FAM76B,1
HDAC2,TBC1D10C,1
HDAC2,ZFP397,1
HDAC2,ALDH18A1,1
HDAC2,ZFP62,1
HDAC2,NUDT19,1
HDAC2,SLC39A9,1
HDAC2,CCNB1,1
HDAC2,ZFP961,1
HDAC2,MOGS,1
HDAC2,CYB5R1,1
HDAC2,MNS1,1
HDAC2,UAP1L1,1
HDAC2,DIS3L2,1
HDAC2,NFE2L2,1
HDAC2,GPKOW,1
HDAC2,MXD3,1
HDAC2,LANCL2,1
HDAC2,PSAT1,1
HDAC2,CARHSP1,1
HDAC2,ZKSCAN3,1
HDAC2,PTDSS1,1
HDAC2,SPRYD4,1
HDAC2,ARL8B,1
HDAC2,RNF145,1
HDAC2,RCC1,1
HDAC2,FECH,1
HDAC2,NFE2,1
HDAC2,UMPS,1
HDAC2,CCNG1,1
HDAC2,UCKL1,1
HDAC2,ZFP871,1
HDAC2,CSGALNACT2,1
HDAC2,GARS,1
HDAC2,MCM6,1
HDAC2,ZFP322A,1
HDAC2,RASSF5,1
HDAC2,ENPP4,1
HDAC2,TNFAIP8,1
HDAC2,POLR2B,1
HDAC2,ATG4B,1
HDAC2,PDCL,1
HDAC2,HIST1H2BC,1
HDAC2,STX12,1
HDAC2,PIP4K2A,1
HDAC2,ASB8,1
HDAC2,PQLC3,1
HDAC2,UBA5,1
HDAC2,TMEM206,1
HDAC2,DDX1,1
HDAC2,RGS19,1
HDAC2,ADO,1
HDAC2,UBE2G2,1
HDAC2,TM7SF3,1
HDAC2,TRMT11,1
HDAC2,MIOS,1
HDAC2,RMND5B,1
HDAC2,SACM1L,1
HDAC2,PON2,1
HDAC2,FTSJ3,1
HDAC2,ERCC8,1
HDAC2,GTF2E1,1
HDAC2,DNAJC10,1
HDAC2,JPT2,1
HDAC2,MBTPS1,1
HDAC2,TYK2,1
HDAC2,GMNN,1
HDAC2,4833439L19RIK,1
HDAC2,ZFP930,1
HDAC2,NOL9,1
HDAC2,TMX3,1
HDAC2,ETS1,1
HDAC2,NARF,1
HDAC2,CNIH1,1
HDAC2,OAT,1
HDAC2,PIK3R2,1
HDAC2,SLC19A1,1
HDAC2,RORA,1
HDAC2,MCM2,1
HDAC2,MFGE8,1
HDAC2,IDH3A,1
HDAC2,MT1,1
HDAC2,TOR3A,1
HDAC2,B230219D22RIK,1
HDAC2,VHL,1
HDAC2,ZKSCAN6,1
HDAC2,HEXA,1
HDAC2,CALCRL,1
HDAC2,KLF1,1
HDAC2,MARCH6,1
HDAC2,ARHGAP15,1
HDAC2,SETD2,1
HDAC2,PTPN12,1
HDAC2,PACS1,1
HDAC2,TRIM59,1
HDAC2,NAMPT,1
HDAC2,SNAPC3,1
HDAC2,CDC45,1
HDAC2,UTP4,1
HDAC2,FAR1,1
HDAC2,E2F4,1
HDAC2,CCNE1,1
HDAC2,SMAD2,1
HDAC2,CASP3,1
HDAC2,GNPDA1,1
HDAC2,SPC24,1
HDAC2,E2F8,1
HDAC2,MYNN,1
HDAC2,TERF2IP,1
HDAC2,TAF1,1
HDAC2,STOM,1
HDAC2,HMMR,1
HDAC2,CDC7,1
HDAC2,E2F6,1
HDAC2,HEMGN,1
HDAC2,CPOX,1
HDAC2,CYTH3,1
HDAC2,INPP1,1
HDAC2,STXBP1,1
HDAC2,MAU2,1
HDAC2,TPP1,1
HDAC2,GSTM1,1
HDAC2,CLIC4,1
HDAC2,ANKFY1,1
HDAC2,BCLAF3,1
HDAC2,UBAC1,1
HDAC2,NAA50,1
HDAC2,UROS,1
HDAC2,HSPA4L,1
HDAC2,ALKBH8,1
HDAC2,DECR1,1
HDAC2,ITSN1,1
HDAC2,FEM1A,1
HDAC2,ACAP1,1
HDAC2,RB1,1
HDAC2,BID,1
HDAC2,ACOX1,1
HDAC2,CUL3,1
HDAC2,CKAP5,1
HDAC2,ATG12,1
HDAC2,AP3S1,1
HDAC2,TSPAN33,1
HDAC2,GSKIP,1
HDAC2,TOLLIP,1
HDAC2,VPS41,1
HDAC2,ARL6IP6,1
HDAC2,LPIN2,1
HDAC2,ZDHHC13,1
HDAC2,CDCA3,1
HDAC2,HACD3,1
HDAC2,KIF22,1
HDAC2,GEMIN5,1
HDAC2,PRIM1,1
HDAC2,ST6GALNAC4,1
HDAC2,PRIM2,1
HDAC2,YBX1,1
HDAC2,GPSM2,1
HDAC2,RNF13,1
HDAC2,ABI1,1
HDAC2,MED22,1
HDAC2,SKAP2,1
HDAC2,PAFAH1B2,1
HDAC2,LRRC8C,1
HDAC2,SPTBN1,1
HDAC2,HERC4,1
HDAC2,ABCB10,1
HDAC2,PACSIN2,1
HDAC2,MRPL37,1
HDAC2,MTFR1,1
HDAC2,SSX2IP,1
HDAC2,ZFP266,1
HDAC2,USP10,1
HDAC2,TMC6,1
HDAC2,ISYNA1,1
HDAC2,CDCA4,1
HDAC2,TCP11L2,1
HDAC2,AK3,1
HDAC2,SLC16A1,1
HDAC2,PCYT2,1
HDAC2,GLIPR2,1
HDAC2,MTAP,1
HDAC2,EMILIN1,1
HDAC2,2610301B20RIK,1
HDAC2,ELOVL1,1
HDAC2,FBXW5,1
HDAC2,RNF19A,1
HDAC2,LEPROT,1
HDAC2,ATP6V1A,1
HDAC2,ZBTB10,1
HDAC2,MED16,1
HDAC2,NSDHL,1
HDAC2,VPS35,1
HDAC2,ORC6,1
HDAC2,NGLY1,1
HDAC2,COPB1,1
HDAC2,YOD1,1
HDAC2,NFATC2,1
HDAC2,LLGL1,1
HDAC2,CHMP3,1
HDAC2,PBX1,1
HDAC2,SCARB1,1
HDAC2,DCTD,1
HDAC2,KIDINS220,1
HDAC2,CELA1,1
HDAC2,CUL2,1
HDAC2,PLEC,1
HDAC2,NR2C1,1
HDAC2,EPS15,1
HDAC2,HNRNPLL,1
HDAC2,GPR180,1
HDAC2,CTPS,1
HDAC2,ANXA4,1
HDAC2,ALG9,1
HDAC2,TTF2,1
HDAC2,MFSD14B,1
HDAC2,XRCC3,1
HDAC2,DLST,1
HDAC2,METTL7A1,1
HDAC2,RGCC,1
HDAC2,NUP88,1
HDAC2,NR4A1,1
HDAC2,AURKB,1
HDAC2,SNRPB,1
HDAC2,CLPX,1
HDAC2,PREP,1
HDAC2,ODC1,1
HDAC2,PLA2G12A,1
HDAC2,HNRNPAB,1
HDAC2,UBA7,1
HDAC2,CNOT7,1
HDAC2,BTG2,1
HDAC2,FNTA,1
HDAC2,GOLPH3,1
HDAC2,CD1D1,1
HDAC2,XPR1,1
HDAC2,NFKBIA,1
HDAC2,EPSTI1,1
HDAC2,RASA3,1
HDAC2,CCNB2,1
HDAC2,ATP6AP2,1
HDAC2,TRIB2,1
HDAC2,SNX10,1
HDAC2,SNAP23,1
HDAC2,PPP2R1B,1
HDAC2,ZFP275,1
HDAC2,TSPAN3,1
HDAC2,C330018D20RIK,1
HDAC2,CMPK2,1
HDAC2,NADK,1
HDAC2,GNA13,1
HDAC2,NAE1,1
HDAC2,FOS,1
HDAC2,NCLN,1
HDAC2,PUS7,1
HDAC2,PCLAF,1
HDAC2,TRIM30A,1
HDAC2,MAN2A2,1
HDAC2,UROD,1
HDAC2,AFF4,1
HDAC2,TWSG1,1
HDAC2,RASAL3,1
HDAC2,ASNS,1
HDAC2,ZFP639,1
HDAC2,SMIM15,1
HDAC2,MTO1,1
HDAC2,ZFP143,1
HDAC2,AP1G2,1
HDAC2,SLC25A45,1
HDAC2,LAPTM4B,1
HDAC2,EXT2,1
HDAC2,DENND1C,1
HDAC2,UNC93B1,1
HDAC2,ELF4,1
HDAC2,BUB3,1
HDAC2,ZKSCAN17,1
HDAC2,TMEM263,1
HDAC2,PGM1,1
HDAC2,TCF12,1
HDAC2,PSTPIP1,1
HDAC2,ACSS1,1
HDAC2,EIF4ENIF1,1
HDAC2,1700017B05RIK,1
HDAC2,PLAG1,1
HDAC2,ST8SIA4,1
HDAC2,NASP,1
HDAC2,MAPKAPK3,1
HDAC2,SLC29A1,1
HDAC2,TRIB3,1
HDAC2,EZR,1
HDAC2,CTSO,1
HDAC2,PHF10,1
HDAC2,PRKAA1,1
HDAC2,MEMO1,1
HDAC2,FAM168B,1
HDAC2,INPP5B,1
HDAC2,ANXA6,1
HDAC2,MARCH5,1
HDAC2,HSDL1,1
HDAC2,TAF12,1
HDAC2,RDH11,1
HDAC2,SLC6A6,1
HDAC2,RAB32,1
HDAC2,MAP4K2,1
HDAC2,TMEM173,1
HDAC2,HEATR5A,1
HDAC2,DEK,1
HDAC2,CTSC,1
HDAC2,ZFP30,1
HDAC2,UBL4A,1
HDAC2,NRF1,1
HDAC2,RRM2,1
HDAC2,EYA2,1
HDAC2,IL27RA,1
HDAC2,SLC14A1,1
HDAC2,BC005561,1
HDAC2,LSP1,1
HDAC2,ST3GAL5,1
HDAC2,GYPC,1
HDAC2,ZMYM3,1
HDAC2,ATP6AP1,1
HDAC2,RCOR1,1
HDAC2,CNP,1
HDAC2,INTS8,1
HDAC2,ID2,1
HDAC2,LMNA,1
HDAC2,NOTCH1,1
HDAC2,STX17,1
HDAC2,APLP2,1
HDAC2,NDE1,1
HDAC2,PRKAR2B,1
HDAC2,ARHGEF18,1
HDAC2,GYG,1
HDAC2,CD63,1
HDAC2,TAPT1,1
HDAC2,DUSP1,1
HDAC2,KLHL22,1
HDAC2,TCIRG1,1
HDAC2,HDAC7,1
HDAC2,RUNX2,1
HDAC2,ISG20,1
HDAC2,VIM,1
HDAC2,SLC44A2,1
HDAC2,JAK3,1
HDAC2,HSD3B7,1
HDAC2,DOCK2,1
HDAC2,OASL2,1
HDAC2,SLC39A10,1
HDAC2,NPLOC4,1
HDAC2,EPAS1,1
HDAC2,SGPP1,1
HDAC2,CSAD,1
HDAC2,ZFP945,1
HDAC2,PDK3,1
HDAC2,UGCG,1
HDAC2,SLC41A3,1
HDAC2,PRPS1,1
HDAC2,SLC11A2,1
HDAC2,GRN,1
HDAC2,YBX3,1
HDAC2,CD55,1
HDAC2,PLBD2,1
HDAC2,JUN,1
HDAC2,HPCAL1,1
HDAC2,TLR4,1
HDAC2,NAPSA,1
HDAC2,DUSP2,1
HDAC2,TREML2,1
HDAC2,HEBP1,1
HDAC2,D1ERTD622E,1
HDAC2,SEPT6,1
HDAC2,INKA1,1
HDAC2,PTGS1,1
HDAC2,CTSE,1
HDAC2,PEAR1,1
HDAC2,GRAMD1A,1
HDAC2,RAB37,1
HDAC2,PRKCH,1
HDAC2,NPTN,1
HDAC2,CRIP2,1
HDAC2,RGS1,1
HDAC2,HCLS1,1
HDAC2,GFI1,1
HDAC2,ZEB2,1
HDAC2,EGR1,1
HDAC2,PPIC,1
HDAC2,SP100,1
HDAC2,CERS4,1
HDAC2,RNF213,1
HDAC2,DYNLT3,1
HDAC2,MYH10,1
HDAC2,FTSJ1,1
HDAC2,VDR,1
HDAC2,LIMD2,1
HDAC2,ELL2,1
HDAC2,FUCA2,1
HDAC2,LPCAT1,1
HDAC2,KLF6,1
HDAC2,RTP4,1
HDAC2,MFNG,1
HDAC2,FLOT2,1
HDAC2,EYA1,1
HDAC2,KLF3,1
HDAC2,METTL27,1
HDAC2,KLHL6,1
HDAC2,ANGPT1,1
HDAC2,NSMAF,1
HDAC2,PRDM5,1
HDAC2,TK1,1
HDAC2,TMEM185A,1
HDAC2,CTLA2A,1
HDAC2,TRPV2,1
HDAC2,PPM1H,1
HDAC2,CISH,1
HDAC2,EPOR,1
HDAC2,RAI14,1
HDAC2,MT2,1
HDAC2,FAM234B,1
HDAC2,SLC43A3,1
HDAC2,IARS2,1
HDAC2,DENND2D,1
HDAC2,MAN1A,1
HDAC2,CREB5,1
HDAC2,GBP2,1
HDAC2,ATP11C,1
HDAC2,APBB1,1
HDAC2,NUDT4,1
HDAC2,PIK3IP1,1
HDAC2,G6PDX,1
HDAC2,SQOR,1
HDAC2,RORC,1
HDAC2,NUPR1,1
HDAC2,NFATC1,1
HDAC2,KDM6A,1
HDAC2,ITGA6,1
HDAC2,GMPR,1
HDAC2,ATP2A3,1
HDAC2,STAP1,1
HDAC2,CBX7,1
HDAC2,CTNNA1,1
HDAC2,LDHB,1
HDAC2,PAK1,1
HDAC2,PDE4B,1
HDAC2,ANK,1
HDAC2,TENT5A,1
HDAC2,PLIN2,1
HDAC2,IFI203,1
HDAC2,USP25,1
HDAC2,ANXA2,1
HDAC2,AMPD3,1
HDAC2,PRPS2,1
HDAC2,FOXO1,1
HDAC2,OPTN,1
HDAC2,PIDD1,1
HDAC2,PGLYRP2,1
HDAC2,GLIS2,1
HDAC2,EPDR1,1
HDAC2,GFI1B,1
HDAC2,BAG2,1
HDAC2,CYTH4,1
HDAC2,MYC,1
HDAC2,MEIS1,1
HDAC2,SLC43A1,1
HDAC2,LMO4,1
HDAC2,GIMAP5,1
HDAC2,SLA2,1
HDAC2,TLK1,1
HDAC2,GIMAP6,1
HDAC2,TCN2,1
HDAC2,TRPS1,1
HDAC2,TMEM176B,1
HDAC2,TMEM176A,1
HDAC2,SPHK1,1
HDAC2,MYCN,1
HDAC2,NR3C2,1
HDAC2,NEURL3,1
HDAC2,SALL2,1
HDAC2,ANKRD27,1
HDAC2,SPIRE1,1
HDAC2,MKI67,1
HDAC2,JARID2,1
HDAC2,H1F0,1
HDAC2,TBC1D2B,1
HDAC2,SERPINB6B,1
HDAC2,GSTM5,1
HDAC2,TMEM164,1
HDAC2,ELMO1,1
HDAC2,WLS,1
HDAC2,CTTN,1
HDAC2,IFI204,1
HDAC2,ABCB4,1
HDAC2,HDAC11,1
HDAC2,MNDAL,1
HDAC2,EBF1,1
HDAC2,GNG11,1
HDAC2,ZFP467,1
HDAC2,RUNX1T1,1
HDAC2,ESR1,1
HDAC2,ZFP592,1
HDAC2,GCLC,1
HDAC2,CD93,1
HDAC2,ZBTB20,1
HDAC2,DDX58,1
HDAC2,VWA5A,1
HDAC2,SPNS2,1
HDAC2,UBASH3A,1
HDAC2,GCNT2,1
HDAC2,TRIM47,1
HDAC2,LCP1,1
HDAC2,GRINA,1
HDAC2,ST3GAL6,1
HDAC2,SELENOP,1
HDAC2,MYO1D,1
HDAC2,TIFA,1
HDAC2,SEPT8,1
HDAC2,TEAD3,1
HDAC2,PROCR,1
HDAC2,GPR171,1
HDAC2,FES,1
HDAC2,H2-OB,1
HDAC2,RAB31,1
HDAC2,SERPINA3G,1
HDAC2,TEAD2,1
HDAC2,TNFAIP2,1
HDAC2,IL15,1
HDAC2,CYTIP,1
HDAC2,IFI30,1
HDAC2,RNASEL,1
HDAC2,PLCG2,1
HDAC2,CTLA2B,1
HDAC2,RNASE6,1
HDAC2,HCFC1,1
HDAC2,HACD4,1
HDAC2,MYB,1
HDAC2,CD9,1
HDAC2,CORO1A,1
HDAC2,SAMD14,1
HDAC2,ANXA1,1
HDAC2,SLC22A3,1
HDAC2,GOLM1,1
HDAC2,PHACTR2,1
HDAC2,CD84,1
HDAC2,MYO1G,1
HDAC2,IL21R,1
HDAC2,GIMAP1,1
HDAC2,GATA2,1
HDAC2,KLHL23,1
HDAC2,ITIH5,1
HDAC2,MEF2C,1
HDAC2,CD48,1
HDAC2,RBPMS,1
HDAC2,ATP1B2,1
HDAC2,TSHZ3,1
HDAC2,IRF5,1
HDAC2,SERPINF1,1
HDAC2,EMILIN2,1
HDAC2,SATB1,1
HDAC2,SERPINB1A,1
HDAC2,AHR,1
HDAC2,ADSSL1,1
HDAC2,EBI3,1
HDAC2,PLCB2,1
HDAC2,PRKCQ,1
HDAC2,CPT1A,1
HDAC2,APOE,1
HDAC2,SASH3,1
HDAC2,CHCHD10,1
HDAC2,MBOAT2,1
HDAC2,SLC40A1,1
HDAC2,COL5A1,1
HDAC2,HDAC9,1
HDAC2,RHOF,1
HDAC2,ARHGEF6,1
HDAC2,ARHGAP4,1
HDAC2,SPI1,1
HDAC2,PLEK,1
HDAC2,DOK2,1
HDAC2,P2RY14,1
HDAC2,CAMK1,1
HDAC2,ZFP36,1
HDAC2,PML,1
HDAC2,IFITM1,1
HDAC2,EMB,1
HDAC2,SMIM5,1
HDAC2,ARID3B,1
HDAC2,CASP4,1
HDAC2,IKZF1,1
HDAC2,ABCG2,1
HDAC2,PADI4,1
HDAC2,XK,1
HDAC2,CASP1,1
HDAC2,SMIM1,1
HDAC2,AQP1,1
HDAC2,MFSD2B,1
HDAC2,AQP9,1
HDAC2,MECOM,1
HDAC2,RCSD1,1
HDAC2,VAV1,1
HDAC2,THRB,1
HDAC2,IRF8,1
HDAC2,NFIA,1
HDAC2,LCP2,1
HDAC2,TNFRSF13B,1
HDAC2,GYPA,1
HDAC2,LTB,1
HDAC2,PLXNC1,1
HDAC2,SLC18A2,1
HDAC2,CD74,1
HDAC2,HPN,1
HDAC2,PPARGC1A,1
HDAC2,TMEM56,1
HDAC2,MCTP1,1
HDAC2,ICA1,1
HDAC2,TSC22D3,1
HDAC2,2210016F16RIK,1
HDAC2,TGM2,1
HDAC2,LYZ2,1
HDAC2,MAPK12,1
HDAC2,RARB,1
HDAC2,LY6A,1
HDAC2,SELENBP1,1
HDAC2,TLE2,1
HDAC2,TBXAS1,1
HDAC2,CITED4,1
HDAC2,GATM,1
HDAC2,SIGIRR,1
HDAC2,MUC13,1
HDAC2,CNN2,1
HDAC2,CRYZL2,1
HDAC2,PHETA2,1
HDAC2,VILL,1
HDAC2,PLPPR3,1
HDAC2,BMI1,1
HDAC2,PRDM16,1
HDAC2,IKZF2,1
HDAC2,H2-DMB1,1
HDAC2,PDZK1IP1,1
HDAC2,SOX6,1
HDAC2,SOX18,1
HDAC2,NDN,1
HDAC2,SCARF1,1
HDAC2,NSD2,1
HDAC2,CES2G,1
HDAC2,C1QTNF12,1
HDAC2,PCP4L1,1
HDAC2,ALDH1A1,1
HDAC2,STARD10,1
HDAC2,IRF6,1
IKZF1,DDX20,1
IKZF1,PA2G4,1
IKZF1,ATAD2,1
IKZF1,TCF19,1
IKZF1,CLCN4,1
IKZF1,MIS18BP1,1
IKZF1,NADK,1
IKZF1,FARSB,1
IKZF1,UBAP1,1
IKZF1,FKBP1A,1
IKZF1,NFAT5,1
IKZF1,SMIM15,1
IKZF1,TFG,1
IKZF1,UBR7,1
IKZF1,AHCTF1,1
IKZF1,PHAX,1
IKZF1,TRMT11,1
IKZF1,MCM3,1
IKZF1,ASF1B,1
IKZF1,ZZZ3,1
IKZF1,CHUK,1
IKZF1,NFE2,1
IKZF1,NCEH1,1
IKZF1,EXOC2,1
IKZF1,TOPORS,1
IKZF1,DUSP2,1
IKZF1,CASP2,1
IKZF1,ARAP1,1
IKZF1,PCYT1A,1
IKZF1,TYMS,1
IKZF1,GSTM1,1
IKZF1,PSMD5,1
IKZF1,AP5M1,1
IKZF1,TMEM109,1
IKZF1,CISH,1
IKZF1,CHORDC1,1
IKZF1,FCHSD2,1
IKZF1,SACM1L,1
IKZF1,SGTA,1
IKZF1,MIS12,1
IKZF1,NUP93,1
IKZF1,TRIM30A,1
IKZF1,CLPTM1L,1
IKZF1,NCAPG,1
IKZF1,NUP155,1
IKZF1,TMX1,1
IKZF1,PFKM,1
IKZF1,HNRNPLL,1
IKZF1,OASL2,1
IKZF1,CHAMP1,1
IKZF1,PICALM,1
IKZF1,ABTB1,1
IKZF1,NUDCD1,1
IKZF1,SERPINB9,1
IKZF1,SLC25A38,1
IKZF1,ETF1,1
IKZF1,ATG16L1,1
IKZF1,BCLAF3,1
IKZF1,HIST1H1C,1
IKZF1,SLC31A1,1
IKZF1,ZFP35,1
IKZF1,TLR4,1
IKZF1,SLC35A1,1
IKZF1,HAUS2,1
IKZF1,ZFP143,1
IKZF1,UNC93B1,1
IKZF1,FAR1,1
IKZF1,TCF12,1
IKZF1,PLA2G12A,1
IKZF1,MTMR6,1
IKZF1,STX12,1
IKZF1,CAPN7,1
IKZF1,FAM136A,1
IKZF1,POLD1,1
IKZF1,ZDHHC6,1
IKZF1,NUF2,1
IKZF1,XRCC6,1
IKZF1,BAP1,1
IKZF1,POT1A,1
IKZF1,TREML2,1
IKZF1,ACSS2,1
IKZF1,CRK,1
IKZF1,GALK2,1
IKZF1,VPS26C,1
IKZF1,STXBP4,1
IKZF1,ACAP1,1
IKZF1,PJA2,1
IKZF1,MAD2L1,1
IKZF1,TUBGCP5,1
IKZF1,SPPL2A,1
IKZF1,PIK3R2,1
IKZF1,CNOT10,1
IKZF1,NIF3L1,1
IKZF1,TAB1,1
IKZF1,ELAC2,1
IKZF1,ANKFY1,1
IKZF1,NPTN,1
IKZF1,CLPX,1
IKZF1,CDC20,1
IKZF1,ALAD,1
IKZF1,MSH6,1
IKZF1,STEAP3,1
IKZF1,UBR1,1
IKZF1,ACOX1,1
IKZF1,RB1,1
IKZF1,CENPO,1
IKZF1,ESYT2,1
IKZF1,CAST,1
IKZF1,TMX3,1
IKZF1,DTL,1
IKZF1,RPRD1B,1
IKZF1,DCP1A,1
IKZF1,ISG20,1
IKZF1,CDK19,1
IKZF1,HERC4,1
IKZF1,HIST1H2BC,1
IKZF1,ZFP24,1
IKZF1,TMEM168,1
IKZF1,B230219D22RIK,1
IKZF1,RPA2,1
IKZF1,PRMT7,1
IKZF1,NAPSA,1
IKZF1,ATP2A3,1
IKZF1,TBL3,1
IKZF1,CKAP2L,1
IKZF1,OTUD6B,1
IKZF1,XPC,1
IKZF1,ACAA2,1
IKZF1,BIRC5,1
IKZF1,GMFB,1
IKZF1,ARL6IP6,1
IKZF1,CALU,1
IKZF1,CCNA2,1
IKZF1,ORC5,1
IKZF1,ME2,1
IKZF1,PRKAB1,1
IKZF1,PSTPIP1,1
IKZF1,KAT7,1
IKZF1,CCNB1,1
IKZF1,PBK,1
IKZF1,EYA1,1
IKZF1,MORC3,1
IKZF1,MAP4K2,1
IKZF1,LRRC8C,1
IKZF1,D10WSU102E,1
IKZF1,ZSCAN21,1
IKZF1,LANCL2,1
IKZF1,EXT2,1
IKZF1,NUP107,1
IKZF1,FUCA2,1
IKZF1,PLIN3,1
IKZF1,TMC6,1
IKZF1,PIDD1,1
IKZF1,CMPK2,1
IKZF1,ARMT1,1
IKZF1,SLC16A1,1
IKZF1,ACSS1,1
IKZF1,CSTF2,1
IKZF1,TMEM186,1
IKZF1,PPAT,1
IKZF1,NAA35,1
IKZF1,RHOT1,1
IKZF1,WDR45B,1
IKZF1,FAM76B,1
IKZF1,DNAJC10,1
IKZF1,NDUFV1,1
IKZF1,ABI1,1
IKZF1,RASSF5,1
IKZF1,GFM1,1
IKZF1,CEP70,1
IKZF1,ABCB8,1
IKZF1,UBA7,1
IKZF1,INTS13,1
IKZF1,KLHL6,1
IKZF1,NAA50,1
IKZF1,TIPIN,1
IKZF1,JUN,1
IKZF1,GOSR2,1
IKZF1,DDHD2,1
IKZF1,TIMM50,1
IKZF1,MED22,1
IKZF1,SEC23IP,1
IKZF1,LCP1,1
IKZF1,NOL9,1
IKZF1,POLE3,1
IKZF1,NEDD1,1
IKZF1,ELP3,1
IKZF1,ARHGAP4,1
IKZF1,CDT1,1
IKZF1,PGLYRP2,1
IKZF1,CDC7,1
IKZF1,XRCC5,1
IKZF1,METTL8,1
IKZF1,SNRPB,1
IKZF1,PAFAH1B2,1
IKZF1,MTAP,1
IKZF1,METTL7A1,1
IKZF1,2610301B20RIK,1
IKZF1,TRMT2A,1
IKZF1,TOX4,1
IKZF1,GTF3C3,1
IKZF1,VPS33B,1
IKZF1,CTSC,1
IKZF1,LIMD2,1
IKZF1,LMBRD1,1
IKZF1,SLA2,1
IKZF1,KIF20B,1
IKZF1,MTREX,1
IKZF1,1700017B05RIK,1
IKZF1,DNPEP,1
IKZF1,SERPINA3G,1
IKZF1,TMEM185A,1
IKZF1,RASAL3,1
IKZF1,4833439L19RIK,1
IKZF1,WDR36,1
IKZF1,TTLL12,1
IKZF1,STXBP1,1
IKZF1,EIF2B1,1
IKZF1,PCCA,1
IKZF1,ZBTB20,1
IKZF1,TSPAN14,1
IKZF1,SCFD1,1
IKZF1,GIMAP6,1
IKZF1,NCAPG2,1
IKZF1,METAP1,1
IKZF1,ZFP62,1
IKZF1,PLCG2,1
IKZF1,PPOX,1
IKZF1,ATAD1,1
IKZF1,DCAF13,1
IKZF1,CDK1,1
IKZF1,GTF2F1,1
IKZF1,TARS,1
IKZF1,RAD51,1
IKZF1,MCM4,1
IKZF1,GSKIP,1
IKZF1,ARL8B,1
IKZF1,TIFA,1
IKZF1,PPP6C,1
IKZF1,CD93,1
IKZF1,SLC25A46,1
IKZF1,ZDHHC13,1
IKZF1,TBC1D10C,1
IKZF1,PRKCH,1
IKZF1,TIMM29,1
IKZF1,LRRFIP1,1
IKZF1,UNK,1
IKZF1,TOLLIP,1
IKZF1,NSDHL,1
IKZF1,MFSD1,1
IKZF1,GNAI3,1
IKZF1,SNAP23,1
IKZF1,NARFL,1
IKZF1,SP4,1
IKZF1,ATP6V1A,1
IKZF1,RANBP3,1
IKZF1,TUBGCP3,1
IKZF1,DHX33,1
IKZF1,ERLIN2,1
IKZF1,CENPE,1
IKZF1,GPR180,1
IKZF1,NUDT9,1
IKZF1,CSGALNACT2,1
IKZF1,GIMAP5,1
IKZF1,DENND1C,1
IKZF1,FZR1,1
IKZF1,ZFP945,1
IKZF1,SPHK1,1
IKZF1,PQLC3,1
IKZF1,PRC1,1
IKZF1,GLIPR2,1
IKZF1,UBXN2B,1
IKZF1,GRAMD1A,1
IKZF1,SMC2,1
IKZF1,TCP11L2,1
IKZF1,YOD1,1
IKZF1,LAPTM4B,1
IKZF1,FAM45A,1
IKZF1,GUSB,1
IKZF1,ANXA5,1
IKZF1,TBCD,1
IKZF1,ABL1,1
IKZF1,OPTN,1
IKZF1,RFC4,1
IKZF1,NFXL1,1
IKZF1,EYA2,1
IKZF1,ZFP655,1
IKZF1,KDM6A,1
IKZF1,IRF5,1
IKZF1,VPS33A,1
IKZF1,PON2,1
IKZF1,PLEC,1
IKZF1,DEK,1
IKZF1,TNFAIP8,1
IKZF1,PITPNB,1
IKZF1,RRM1,1
IKZF1,TBC1D15,1
IKZF1,ELMO1,1
IKZF1,USP8,1
IKZF1,TMEM173,1
IKZF1,RFESD,1
IKZF1,PPIL4,1
IKZF1,CHMP3,1
IKZF1,USP37,1
IKZF1,MBTPS1,1
IKZF1,GFI1,1
IKZF1,FIGNL1,1
IKZF1,PLCB2,1
IKZF1,GFI1B,1
IKZF1,PTDSS1,1
IKZF1,CTLA2A,1
IKZF1,COA5,1
IKZF1,VIM,1
IKZF1,TMUB2,1
IKZF1,PSMF1,1
IKZF1,RNF145,1
IKZF1,BTAF1,1
IKZF1,ZFP110,1
IKZF1,REL,1
IKZF1,DCK,1
IKZF1,MFNG,1
IKZF1,WDHD1,1
IKZF1,SKAP2,1
IKZF1,CTLA2B,1
IKZF1,NAMPT,1
IKZF1,SALL2,1
IKZF1,PTDSS2,1
IKZF1,TFRC,1
IKZF1,LONP1,1
IKZF1,ZKSCAN6,1
IKZF1,SPTBN1,1
IKZF1,MFSD14B,1
IKZF1,TK1,1
IKZF1,TES,1
IKZF1,GEMIN5,1
IKZF1,FPGS,1
IKZF1,GYG,1
IKZF1,ZKSCAN17,1
IKZF1,DPP8,1
IKZF1,HUS1,1
IKZF1,SNAPC3,1
IKZF1,PDCL,1
IKZF1,CLN5,1
IKZF1,DNAJC5,1
IKZF1,CTNNA1,1
IKZF1,WDR73,1
IKZF1,COPB1,1
IKZF1,PRIM2,1
IKZF1,FOXRED1,1
IKZF1,ICA1,1
IKZF1,CIPC,1
IKZF1,CTSO,1
IKZF1,FEM1B,1
IKZF1,PREP,1
IKZF1,MCM6,1
IKZF1,SHCBP1,1
IKZF1,SDHAF2,1
IKZF1,STXBP3,1
IKZF1,ANAPC4,1
IKZF1,TMEM68,1
IKZF1,NUDT19,1
IKZF1,IPO4,1
IKZF1,CDCA5,1
IKZF1,DNAJC11,1
IKZF1,SLC30A5,1
IKZF1,SLC14A1,1
IKZF1,ICE1,1
IKZF1,RNASEL,1
IKZF1,MAPK1,1
IKZF1,USF3,1
IKZF1,PIP4K2A,1
IKZF1,RCSD1,1
IKZF1,CRBN,1
IKZF1,MYNN,1
IKZF1,LEPROT,1
IKZF1,TTF2,1
IKZF1,JARID2,1
IKZF1,ASAH1,1
IKZF1,SEH1L,1
IKZF1,CYTH4,1
IKZF1,ANXA1,1
IKZF1,NFE2L2,1
IKZF1,HEATR5A,1
IKZF1,DIS3L2,1
IKZF1,TASP1,1
IKZF1,SGO1,1
IKZF1,EPDR1,1
IKZF1,DUS1L,1
IKZF1,MAVS,1
IKZF1,GNA13,1
IKZF1,EPS15,1
IKZF1,ATG12,1
IKZF1,AP3S1,1
IKZF1,ENDOD1,1
IKZF1,RNF19A,1
IKZF1,PHB2,1
IKZF1,VAMP3,1
IKZF1,SPI1,1
IKZF1,UBA3,1
IKZF1,KLHL24,1
IKZF1,DDX1,1
IKZF1,REXO4,1
IKZF1,9430015G10RIK,1
IKZF1,ZFP930,1
IKZF1,H1F0,1
IKZF1,ANKLE1,1
IKZF1,CDCA8,1
IKZF1,PSMD9,1
IKZF1,RTP4,1
IKZF1,IPO9,1
IKZF1,ALKBH8,1
IKZF1,UCKL1,1
IKZF1,TTF1,1
IKZF1,MXD3,1
IKZF1,OAT,1
IKZF1,WDSUB1,1
IKZF1,MKI67,1
IKZF1,NOP2,1
IKZF1,JPT2,1
IKZF1,NDOR1,1
IKZF1,CKAP2,1
IKZF1,AURKA,1
IKZF1,HSD3B7,1
IKZF1,RARS,1
IKZF1,CUL3,1
IKZF1,WLS,1
IKZF1,E2F8,1
IKZF1,RGS19,1
IKZF1,MARS,1
IKZF1,LPCAT3,1
IKZF1,KLF6,1
IKZF1,ZFP322A,1
IKZF1,EZR,1
IKZF1,RAD51AP1,1
IKZF1,NUDCD3,1
IKZF1,FEM1A,1
IKZF1,IFRD2,1
IKZF1,TOR3A,1
IKZF1,CORO1A,1
IKZF1,IFI30,1
IKZF1,SELENOP,1
IKZF1,MAU2,1
IKZF1,RELB,1
IKZF1,ITGA6,1
IKZF1,PSEN2,1
IKZF1,HCLS1,1
IKZF1,MMRN1,1
IKZF1,COPG1,1
IKZF1,CTSE,1
IKZF1,CPQ,1
IKZF1,NDEL1,1
IKZF1,ILVBL,1
IKZF1,RUVBL2,1
IKZF1,CHP1,1
IKZF1,ATL2,1
IKZF1,TRMT6,1
IKZF1,UHRF1,1
IKZF1,KIF22,1
IKZF1,TMEM64,1
IKZF1,NDRG1,1
IKZF1,MYC,1
IKZF1,RABGGTB,1
IKZF1,MYO1G,1
IKZF1,IL15,1
IKZF1,STAT3,1
IKZF1,SPTLC1,1
IKZF1,PRDM4,1
IKZF1,UTP4,1
IKZF1,ZBTB43,1
IKZF1,MARCH5,1
IKZF1,RGS2,1
IKZF1,PNO1,1
IKZF1,ELOVL1,1
IKZF1,INPP1,1
IKZF1,SRSF1,1
IKZF1,CKS1B,1
IKZF1,CYP20A1,1
IKZF1,MINPP1,1
IKZF1,MCM2,1
IKZF1,LCP2,1
IKZF1,PTPN12,1
IKZF1,UAP1L1,1
IKZF1,SMARCA2,1
IKZF1,CENPK,1
IKZF1,LSP1,1
IKZF1,ZFP367,1
IKZF1,UBASH3A,1
IKZF1,MYCN,1
IKZF1,VKORC1L1,1
IKZF1,PSMD6,1
IKZF1,PIK3C3,1
IKZF1,SCRN3,1
IKZF1,CRYZL2,1
IKZF1,BUB3,1
IKZF1,RABIF,1
IKZF1,EXOC3,1
IKZF1,AAR2,1
IKZF1,SERPINB6B,1
IKZF1,P2RX4,1
IKZF1,GIMAP1,1
IKZF1,ATP11C,1
IKZF1,POLR2B,1
IKZF1,GTF2E1,1
IKZF1,DLST,1
IKZF1,BTRC,1
IKZF1,SNRNP200,1
IKZF1,GSR,1
IKZF1,DOCK2,1
IKZF1,HMGB2,1
IKZF1,GYPC,1
IKZF1,CPOX,1
IKZF1,XPR1,1
IKZF1,AHCYL1,1
IKZF1,LZTR1,1
IKZF1,D230025D16RIK,1
IKZF1,CNOT7,1
IKZF1,ITSN1,1
IKZF1,GPSM2,1
IKZF1,CCNB2,1
IKZF1,TMEM177,1
IKZF1,IARS,1
IKZF1,VPS35,1
IKZF1,PRPF4,1
IKZF1,ORC6,1
IKZF1,FADS1,1
IKZF1,TRPS1,1
IKZF1,PLAA,1
IKZF1,CHMP7,1
IKZF1,TOP2A,1
IKZF1,PRKCQ,1
IKZF1,HELLS,1
IKZF1,CBFB,1
IKZF1,PACS1,1
IKZF1,GPKOW,1
IKZF1,EPSTI1,1
IKZF1,ANAPC2,1
IKZF1,SLC43A1,1
IKZF1,IL27RA,1
IKZF1,IRF1,1
IKZF1,NSMAF,1
IKZF1,FBXO5,1
IKZF1,PCLAF,1
IKZF1,CYB5R1,1
IKZF1,ITFG1,1
IKZF1,MNS1,1
IKZF1,MCM7,1
IKZF1,NFKBIA,1
IKZF1,THUMPD3,1
IKZF1,NOLC1,1
IKZF1,KLF3,1
IKZF1,PRKAR2B,1
IKZF1,ADAMTS10,1
IKZF1,ID2,1
IKZF1,HSDL1,1
IKZF1,CERS5,1
IKZF1,ST8SIA4,1
IKZF1,CENPA,1
IKZF1,ETS1,1
IKZF1,UAP1,1
IKZF1,PDE4B,1
IKZF1,DRAM2,1
IKZF1,CEPT1,1
IKZF1,ATP13A1,1
IKZF1,APEH,1
IKZF1,PQLC1,1
IKZF1,BID,1
IKZF1,HDAC7,1
IKZF1,OSTM1,1
IKZF1,ZFP451,1
IKZF1,MEF2C,1
IKZF1,APLP2,1
IKZF1,EBF1,1
IKZF1,RMND5A,1
IKZF1,NDC1,1
IKZF1,CKAP5,1
IKZF1,COPS8,1
IKZF1,SLC30A6,1
IKZF1,LIG1,1
IKZF1,WDR4,1
IKZF1,CD84,1
IKZF1,D1ERTD622E,1
IKZF1,POLR3F,1
IKZF1,CDCA4,1
IKZF1,RNF141,1
IKZF1,SP100,1
IKZF1,GRN,1
IKZF1,JAK3,1
IKZF1,FECH,1
IKZF1,GMCL1,1
IKZF1,NUP85,1
IKZF1,INCENP,1
IKZF1,GMNN,1
IKZF1,RANGAP1,1
IKZF1,DCAF11,1
IKZF1,DNM1L,1
IKZF1,GTF2H1,1
IKZF1,COLGALT1,1
IKZF1,HEMGN,1
IKZF1,ITIH5,1
IKZF1,SPC25,1
IKZF1,HDAC2,1
IKZF1,TCIRG1,1
IKZF1,FOXO1,1
IKZF1,QARS,1
IKZF1,EFTUD2,1
IKZF1,PIGQ,1
IKZF1,NCAPH,1
IKZF1,ENPP4,1
IKZF1,ST3GAL6,1
IKZF1,TMEM129,1
IKZF1,TACC3,1
IKZF1,NAGA,1
IKZF1,MCM5,1
IKZF1,SLC39A10,1
IKZF1,NCAPD2,1
IKZF1,RNF4,1
IKZF1,WARS,1
IKZF1,CALCRL,1
IKZF1,APBB1,1
IKZF1,RGCC,1
IKZF1,CNP,1
IKZF1,SASH3,1
IKZF1,VPS11,1
IKZF1,LPIN2,1
IKZF1,ABHD16A,1
IKZF1,E2F4,1
IKZF1,PWP2,1
IKZF1,CD55,1
IKZF1,UROD,1
IKZF1,AK3,1
IKZF1,CACFD1,1
IKZF1,UROS,1
IKZF1,GSS,1
IKZF1,LDAH,1
IKZF1,KIF11,1
IKZF1,FAAP100,1
IKZF1,IFITM1,1
IKZF1,MFGE8,1
IKZF1,KIDINS220,1
IKZF1,AP1B1,1
IKZF1,TUBGCP2,1
IKZF1,PGM1,1
IKZF1,COPB2,1
IKZF1,ZFP266,1
IKZF1,XPNPEP1,1
IKZF1,GARS,1
IKZF1,NARF,1
IKZF1,CD48,1
IKZF1,TWSG1,1
IKZF1,ZMYM3,1
IKZF1,ZFP672,1
IKZF1,RCOR1,1
IKZF1,MOGS,1
IKZF1,BTG2,1
IKZF1,ABCD3,1
IKZF1,COQ8A,1
IKZF1,C330018D20RIK,1
IKZF1,NASP,1
IKZF1,LYRM4,1
IKZF1,CUL4A,1
IKZF1,CNIH1,1
IKZF1,HPCAL1,1
IKZF1,NDE1,1
IKZF1,CCDC137,1
IKZF1,CASP3,1
IKZF1,PLK1,1
IKZF1,MYB,1
IKZF1,SLC25A45,1
IKZF1,NEK9,1
IKZF1,ADO,1
IKZF1,INTS8,1
IKZF1,DPH6,1
IKZF1,STK25,1
IKZF1,CDC45,1
IKZF1,NAE1,1
IKZF1,ALG9,1
IKZF1,RRM2,1
IKZF1,HSPH1,1
IKZF1,ORC2,1
IKZF1,PRPS2,1
IKZF1,BUB1B,1
IKZF1,ERCC8,1
IKZF1,PHF10,1
IKZF1,ZEB2,1
IKZF1,LMNA,1
IKZF1,WDR75,1
IKZF1,ADSSL1,1
IKZF1,HARS,1
IKZF1,HARS2,1
IKZF1,IFT140,1
IKZF1,GM2A,1
IKZF1,ODC1,1
IKZF1,IFI203,1
IKZF1,BYSL,1
IKZF1,ARHGEF18,1
IKZF1,WDR5,1
IKZF1,GNPDA1,1
IKZF1,TRPV2,1
IKZF1,CTPS,1
IKZF1,ZFP397,1
IKZF1,HNRNPAB,1
IKZF1,CENPF,1
IKZF1,RCC1,1
IKZF1,PSAT1,1
IKZF1,SETD2,1
IKZF1,PKM,1
IKZF1,PUS7,1
IKZF1,SEPT8,1
IKZF1,DUSP1,1
IKZF1,ARMC8,1
IKZF1,XAB2,1
IKZF1,CCNE2,1
IKZF1,MIEF1,1
IKZF1,YBX3,1
IKZF1,BCAP29,1
IKZF1,MTHFD1,1
IKZF1,CD1D1,1
IKZF1,SUPT7L,1
IKZF1,NIT1,1
IKZF1,WDR6,1
IKZF1,NT5DC1,1
IKZF1,ABCF3,1
IKZF1,UBA5,1
IKZF1,NFATC2,1
IKZF1,ADK,1
IKZF1,YPEL3,1
IKZF1,METAP1D,1
IKZF1,CLIC4,1
IKZF1,PIK3IP1,1
IKZF1,PRIM1,1
IKZF1,FASTKD2,1
IKZF1,CARHSP1,1
IKZF1,P2RY14,1
IKZF1,RFC5,1
IKZF1,HMBS,1
IKZF1,RAD21,1
IKZF1,CCNF,1
IKZF1,ZFP275,1
IKZF1,SATB1,1
IKZF1,CERS4,1
IKZF1,CAD,1
IKZF1,PDK3,1
IKZF1,TRIB2,1
IKZF1,NOTCH1,1
IKZF1,PMPCA,1
IKZF1,ALDH18A1,1
IKZF1,COG7,1
IKZF1,SLC39A9,1
IKZF1,TMEM206,1
IKZF1,MYH10,1
IKZF1,TRIM47,1
IKZF1,POLR1B,1
IKZF1,AFF4,1
IKZF1,CCNG1,1
IKZF1,NET1,1
IKZF1,HAGH,1
IKZF1,HSPA4L,1
IKZF1,ZFP639,1
IKZF1,MTO1,1
IKZF1,DECR1,1
IKZF1,BUB1,1
IKZF1,LRRC14,1
IKZF1,NUBP2,1
IKZF1,NCLN,1
IKZF1,CRIP2,1
IKZF1,MGST3,1
IKZF1,PWP1,1
IKZF1,RNF213,1
IKZF1,RNF13,1
IKZF1,EGR1,1
IKZF1,NECAP2,1
IKZF1,MRM1,1
IKZF1,FBXW5,1
IKZF1,FGFR1OP,1
IKZF1,RNF115,1
IKZF1,MAPK9,1
IKZF1,SCARB1,1
IKZF1,RNASE6,1
IKZF1,HDGF,1
IKZF1,THRB,1
IKZF1,FES,1
IKZF1,LYZ2,1
IKZF1,KPNA3,1
IKZF1,BC005561,1
IKZF1,TMEM164,1
IKZF1,TRIB3,1
IKZF1,HLF,1
IKZF1,CPT2,1
IKZF1,UBE2C,1
IKZF1,SESN1,1
IKZF1,TMEM176B,1
IKZF1,TMEM176A,1
IKZF1,IL21R,1
IKZF1,COG6,1
IKZF1,PHACTR2,1
IKZF1,TMEM263,1
IKZF1,PITRM1,1
IKZF1,ANGPT1,1
IKZF1,PAK1,1
IKZF1,STAP1,1
IKZF1,PACSIN2,1
IKZF1,ASNS,1
IKZF1,RASA3,1
IKZF1,LAP3,1
IKZF1,HACD3,1
IKZF1,ABCG2,1
IKZF1,ZYX,1
IKZF1,TVP23B,1
IKZF1,H2-OB,1
IKZF1,CUL2,1
IKZF1,AURKB,1
IKZF1,TOM1L1,1
IKZF1,SSX2IP,1
IKZF1,TERF2IP,1
IKZF1,HDAC11,1
IKZF1,MNDAL,1
IKZF1,NUSAP1,1
IKZF1,NR4A1,1
IKZF1,SPPL2B,1
IKZF1,ALDH9A1,1
IKZF1,ATP6AP2,1
IKZF1,RPA1,1
IKZF1,PLIN2,1
IKZF1,ARHGAP15,1
IKZF1,ZFP467,1
IKZF1,ERLIN1,1
IKZF1,VHL,1
IKZF1,SNCA,1
IKZF1,CCNE1,1
IKZF1,ATP7B,1
IKZF1,ALG11,1
IKZF1,SLC43A3,1
IKZF1,NELFB,1
IKZF1,PSEN1,1
IKZF1,HCFC1,1
IKZF1,PPM1H,1
IKZF1,GOLT1B,1
IKZF1,FOS,1
IKZF1,PTGS1,1
IKZF1,MIOS,1
IKZF1,FAM168B,1
IKZF1,SLC20A1,1
IKZF1,CDC6,1
IKZF1,MARCH8,1
IKZF1,ASB8,1
IKZF1,NGLY1,1
IKZF1,RPAP1,1
IKZF1,DCTD,1
IKZF1,EIF1AD,1
IKZF1,SPC24,1
IKZF1,FTSJ3,1
IKZF1,ZFP961,1
IKZF1,CYTIP,1
IKZF1,IDH3A,1
IKZF1,ANXA4,1
IKZF1,RAB37,1
IKZF1,LLGL1,1
IKZF1,MARCH6,1
IKZF1,LMO4,1
IKZF1,SLC11A2,1
IKZF1,TYK2,1
IKZF1,CASP1,1
IKZF1,RNF139,1
IKZF1,PRKAA1,1
IKZF1,PRELID3B,1
IKZF1,CD82,1
IKZF1,VAV1,1
IKZF1,TAF12,1
IKZF1,ATG4B,1
IKZF1,ABCB4,1
IKZF1,POLA2,1
IKZF1,MCM10,1
IKZF1,CYB5R3,1
IKZF1,CDCA3,1
IKZF1,UBE2G2,1
IKZF1,ISYNA1,1
IKZF1,ARHGEF6,1
IKZF1,USP4,1
IKZF1,TSPAN3,1
IKZF1,STT3B,1
IKZF1,VPS41,1
IKZF1,TRIM59,1
IKZF1,ZKSCAN3,1
IKZF1,PTCD3,1
IKZF1,GMPR,1
IKZF1,TSC22D3,1
IKZF1,FAM91A1,1
IKZF1,WDR55,1
IKZF1,UBAC1,1
IKZF1,H2-DMB1,1
IKZF1,BLZF1,1
IKZF1,MAN1A,1
IKZF1,KNSTRN,1
IKZF1,G6PDX,1
IKZF1,IRF8,1
IKZF1,GOLM1,1
IKZF1,RDH11,1
IKZF1,NRF1,1
IKZF1,GOLPH3,1
IKZF1,CTR9,1
IKZF1,IARS2,1
IKZF1,SGPP1,1
IKZF1,LTB,1
IKZF1,INKA1,1
IKZF1,EPAS1,1
IKZF1,DHFR,1
IKZF1,SLC6A6,1
IKZF1,ZBTB10,1
IKZF1,PCYT2,1
IKZF1,USP25,1
IKZF1,KLHL22,1
IKZF1,TLK1,1
IKZF1,L2HGDH,1
IKZF1,UMPS,1
IKZF1,NPLOC4,1
IKZF1,ST3GAL5,1
IKZF1,BLVRB,1
IKZF1,RHOF,1
IKZF1,PPP2R1B,1
IKZF1,AP1G2,1
IKZF1,TAF1,1
IKZF1,TM7SF3,1
IKZF1,GBP2,1
IKZF1,CRNKL1,1
IKZF1,MED16,1
IKZF1,SLA,1
IKZF1,AMPD3,1
IKZF1,INPP5B,1
IKZF1,ZFP30,1
IKZF1,SGPL1,1
IKZF1,DPH2,1
IKZF1,ELF4,1
IKZF1,LDHB,1
IKZF1,ESR1,1
IKZF1,ELP2,1
IKZF1,RMND5B,1
IKZF1,CYTH3,1
IKZF1,GCLC,1
IKZF1,PML,1
IKZF1,RAI14,1
IKZF1,TFR2,1
IKZF1,MT2,1
IKZF1,SEPT6,1
IKZF1,DOK2,1
IKZF1,NUP88,1
IKZF1,DENND2D,1
IKZF1,POGLUT1,1
IKZF1,ANXA6,1
IKZF1,STARD10,1
IKZF1,PLBD2,1
IKZF1,ZFP871,1
IKZF1,GORASP1,1
IKZF1,GYPA,1
IKZF1,SQLE,1
IKZF1,LPCAT1,1
IKZF1,GCNT2,1
IKZF1,MYO1D,1
IKZF1,TPX2,1
IKZF1,SUN1,1
IKZF1,RGS1,1
IKZF1,MFN2,1
IKZF1,STX17,1
IKZF1,ZFP592,1
IKZF1,MEMO1,1
IKZF1,AFG3L2,1
IKZF1,VWA5A,1
IKZF1,SLC19A1,1
IKZF1,ELL2,1
IKZF1,KLF1,1
IKZF1,SPRYD4,1
IKZF1,BMI1,1
IKZF1,TCN2,1
IKZF1,E2F6,1
IKZF1,RORC,1
IKZF1,TPP1,1
IKZF1,HEXA,1
IKZF1,ZFP36,1
IKZF1,MCTP1,1
IKZF1,UBL4A,1
IKZF1,CBX7,1
IKZF1,NUPR1,1
IKZF1,UGCG,1
IKZF1,CPT1A,1
IKZF1,MAN2A2,1
IKZF1,DCAF4,1
IKZF1,PLD3,1
IKZF1,CREB5,1
IKZF1,EBI3,1
IKZF1,RPP40,1
IKZF1,FAM234B,1
IKZF1,PLXNC1,1
IKZF1,PLAG1,1
IKZF1,RORA,1
IKZF1,YBX1,1
IKZF1,DDX58,1
IKZF1,GPR171,1
IKZF1,TNFAIP2,1
IKZF1,EMB,1
IKZF1,ATP1B2,1
IKZF1,FTSJ1,1
IKZF1,EIF4ENIF1,1
IKZF1,PRPS1,1
IKZF1,TGM2,1
IKZF1,SOX6,1
IKZF1,NFATC1,1
IKZF1,MT1,1
IKZF1,GANAB,1
IKZF1,SMAD2,1
IKZF1,NR2C1,1
IKZF1,PADI4,1
IKZF1,SERPINB1A,1
IKZF1,RAB31,1
IKZF1,EDC3,1
IKZF1,USP10,1
IKZF1,APOE,1
IKZF1,ST6GALNAC4,1
IKZF1,RAB32,1
IKZF1,NUDT4,1
IKZF1,MTFR1,1
IKZF1,MRPL37,1
IKZF1,HDAC9,1
IKZF1,TENT5A,1
IKZF1,SLC29A1,1
IKZF1,HMMR,1
IKZF1,STOM,1
IKZF1,TSPAN33,1
IKZF1,MBOAT2,1
IKZF1,TAPT1,1
IKZF1,MEIS1,1
IKZF1,KLHL23,1
IKZF1,TLE2,1
IKZF1,TMEM97,1
IKZF1,SNX10,1
IKZF1,GRINA,1
IKZF1,METTL27,1
IKZF1,F11R,1
IKZF1,PLEK,1
IKZF1,PRSS50,1
IKZF1,SPNS2,1
IKZF1,PPARGC1A,1
IKZF1,GNB4,1
IKZF1,FNTA,1
IKZF1,ANKRD27,1
IKZF1,NEURL3,1
IKZF1,PEAR1,1
IKZF1,PBX1,1
IKZF1,SPIRE1,1
IKZF1,HACD4,1
IKZF1,SLC41A3,1
IKZF1,EMILIN1,1
IKZF1,FLOT2,1
IKZF1,CASP4,1
IKZF1,PRDM5,1
IKZF1,BAG2,1
IKZF1,SLC44A2,1
IKZF1,NSD2,1
IKZF1,SVIP,1
IKZF1,MAPKAPK3,1
IKZF1,NFIA,1
IKZF1,IRF6,1
IKZF1,TEAD3,1
IKZF1,TXNRD2,1
IKZF1,ABCB10,1
IKZF1,XRCC3,1
IKZF1,DYNLT3,1
IKZF1,SLC18A2,1
IKZF1,SELENBP1,1
IKZF1,COL5A1,1
IKZF1,EPOR,1
IKZF1,LY6A,1
IKZF1,AQP9,1
IKZF1,BATF2,1
IKZF1,CTTN,1
IKZF1,BTK,1
IKZF1,IFI44,1
IKZF1,CNN2,1
IRF1,CTSO,1
IRF1,RTP4,1
IRF1,OASL2,1
IRF1,UBA7,1
IRF1,NCLN,1
IRF1,CMPK2,1
IRF1,SERPINB9,1
IRF1,SNX10,1
IRF1,ABHD16A,1
IRF1,ISG20,1
IRF1,GBP2,1
IRF1,SPPL2A,1
IRF1,RFESD,1
IRF1,BID,1
IRF1,ZFP945,1
IRF1,RNF141,1
IRF1,CASP1,1
IRF1,TCP11L2,1
IRF1,WARS,1
IRF1,HDAC2,1
IRF1,IL15,1
IRF1,UROS,1
IRF1,ATAD1,1
IRF1,BLVRB,1
IRF1,TLR4,1
IRF1,SCFD1,1
IRF1,NAE1,1
IRF1,CUL2,1
IRF1,FOS,1
IRF1,RNF213,1
IRF1,NAMPT,1
IRF1,ATG12,1
IRF1,AP3S1,1
IRF1,PTDSS1,1
IRF1,ANGPT1,1
IRF1,VWA5A,1
IRF1,PTCD3,1
IRF1,UNC93B1,1
IRF1,CENPE,1
IRF1,TOP2A,1
IRF1,PIK3IP1,1
IRF1,P2RY14,1
IRF1,BATF2,1
IRF1,TCIRG1,1
IRF1,DDX58,1
IRF1,EPSTI1,1
IRF1,RNF115,1
IRF1,ASAH1,1
IRF1,SELENOP,1
IRF1,DLST,1
IRF1,MCM4,1
IRF1,ARMC8,1
IRF1,SP100,1
IRF1,CPQ,1
IRF1,ST6GALNAC4,1
IRF1,MYNN,1
IRF1,LRRFIP1,1
IRF1,TRIM30A,1
IRF1,CDCA3,1
IRF1,SACM1L,1
IRF1,2610301B20RIK,1
IRF1,IFI204,1
IRF1,NUDT19,1
IRF1,CHMP3,1
IRF1,DHFR,1
IRF1,FAR1,1
IRF1,HUS1,1
IRF1,ETS1,1
IRF1,RARS,1
IRF1,SCARF1,1
IRF1,RMND5A,1
IRF1,ARL6IP6,1
IRF1,TCF12,1
IRF1,IFI203,1
IRF1,MNDAL,1
IRF1,SMARCA2,1
IRF1,GNA13,1
IRF1,KLF3,1
IRF1,IFT140,1
IRF1,TOX4,1
IRF1,IRF5,1
IRF1,TWSG1,1
IRF1,DENND2D,1
IRF1,IFI44,1
IRF1,ARHGEF6,1
IRF1,MARCH5,1
IRF1,ANKFY1,1
IRF1,RNF139,1
IRF1,MEF2C,1
IRF1,TERF2IP,1
IRF1,CD84,1
IRF1,CASP4,1
IRF1,ESR1,1
IRF1,UBAP1,1
IRF1,LANCL2,1
IRF1,CPT1A,1
IRF1,TMX3,1
IRF1,ATP13A1,1
IRF1,THRB,1
IRF1,LPIN2,1
IRF1,RNASE6,1
IRF1,GCNT2,1
IRF1,CDT1,1
IRF1,TOR3A,1
IRF1,KLHL22,1
IRF1,GNB4,1
IRF1,PSMF1,1
IRF1,H2-OB,1
IRF1,NFAT5,1
IRF1,RABIF,1
IRF1,PLXNC1,1
IRF1,LCP1,1
IRF1,PACSIN2,1
IRF1,ABCB10,1
IRF1,TBC1D2B,1
IRF1,FOXRED1,1
IRF1,FCHSD2,1
IRF1,STOM,1
IRF1,DNAJC5,1
IRF1,AMPD3,1
IRF1,EIF1AD,1
IRF1,RFC5,1
IRF1,MED16,1
IRF1,MEIS1,1
IRF1,SUPT7L,1
IRF1,RARB,1
IRF1,NUDT9,1
IRF1,SNRNP200,1
IRF1,SP4,1
IRF1,GYPC,1
IRF1,LCP2,1
IRF1,SEPT6,1
IRF1,SEH1L,1
IRF1,RNF4,1
IRF1,DEK,1
IRF1,PLAG1,1
IRF1,WLS,1
IRF1,RDH11,1
IRF1,MAP4K2,1
IRF1,TIMM29,1
IRF1,XPR1,1
IRF1,9430015G10RIK,1
IRF1,OTUD6B,1
IRF1,FES,1
IRF1,MFSD1,1
IRF1,RCOR1,1
IRF1,CD1D1,1
IRF1,SERPINA3G,1
IRF1,SHCBP1,1
IRF1,CUL4A,1
IRF1,NARFL,1
IRF1,PML,1
IRF1,ATP11C,1
IRF1,IFRD2,1
IRF1,STXBP1,1
IRF1,EZR,1
IRF1,VPS11,1
IRF1,NFATC1,1
IRF1,CLIC4,1
IRF1,INPP5B,1
IRF1,CASP2,1
IRF1,DNAJC11,1
IRF1,USF3,1
IRF1,BUB1B,1
IRF1,GTF3C3,1
IRF1,DCP1A,1
IRF1,TANGO2,1
IRF1,ZEB2,1
IRF1,RAD51AP1,1
IRF1,CTSC,1
IRF1,POLE3,1
IRF1,TNFAIP8,1
IRF1,LPCAT1,1
IRF1,STAT3,1
IRF1,TRIB2,1
IRF1,SLC29A1,1
IRF1,REXO4,1
IRF1,ALG9,1
IRF1,AFF4,1
IRF1,EGR1,1
IRF1,DNAJC10,1
IRF1,PCCA,1
IRF1,ANXA1,1
IRF1,NUF2,1
IRF1,TRMT2A,1
IRF1,PRDM16,1
IRF1,CBFB,1
IRF1,RANGAP1,1
IRF1,ZFP592,1
IRF1,MORC3,1
IRF1,TAF1,1
IRF1,LLGL1,1
IRF1,E2F4,1
IRF1,TMEM164,1
IRF1,DNM1L,1
IRF1,TMC6,1
IRF1,POLR3F,1
IRF1,JPT2,1
IRF1,COPS8,1
IRF1,MFSD14B,1
IRF1,TMEM129,1
IRF1,TACC3,1
IRF1,G6PDX,1
IRF1,LDAH,1
IRF1,PA2G4,1
IRF1,STAP1,1
IRF1,ENDOD1,1
IRF1,NIF3L1,1
IRF1,CDCA8,1
IRF1,PTPN12,1
IRF1,DUS1L,1
IRF1,MFN2,1
IRF1,HCLS1,1
IRF1,SEC23IP,1
IRF1,LMO4,1
IRF1,PLEK,1
IRF1,GSR,1
IRF1,CLCN4,1
IRF1,STT3B,1
IRF1,ACAA2,1
IRF1,NUDCD1,1
IRF1,COPB1,1
IRF1,PDE4B,1
IRF1,NCAPD2,1
IRF1,MIS18BP1,1
IRF1,PRMT7,1
IRF1,D10WSU102E,1
IRF1,CALCRL,1
IRF1,WDR75,1
IRF1,ZBTB20,1
IRF1,DCAF13,1
IRF1,PLEC,1
IRF1,ELAC2,1
IRF1,VKORC1L1,1
IRF1,TBCD,1
IRF1,XPC,1
IRF1,SRSF1,1
IRF1,GNG11,1
IRF1,ZYX,1
IRF1,INKA1,1
IRF1,MSH6,1
IRF1,PIGQ,1
IRF1,NDEL1,1
IRF1,CTSE,1
IRF8,ALG9,1
IRF8,TLR4,1
IRF8,IRF5,1
IRF8,ZEB2,1
IRF8,CNP,1
IRF8,CASP1,1
IRF8,RTP4,1
IRF8,NAPSA,1
IRF8,CTSE,1
IRF8,EXOC2,1
IRF8,RBPMS,1
IRF8,LSP1,1
IRF8,SLC14A1,1
IRF8,CD84,1
IRF8,CMPK2,1
IRF8,GATM,1
IRF8,CTSC,1
IRF8,FOXRED1,1
IRF8,OASL2,1
IRF8,ZFP945,1
IRF8,FES,1
IRF8,ELMO1,1
IRF8,CENPA,1
IRF8,GIMAP6,1
IRF8,ISG20,1
IRF8,XRCC5,1
IRF8,NCEH1,1
IRF8,ARID3B,1
IRF8,GBP2,1
IRF8,NAGA,1
IRF8,METTL7A1,1
IRF8,RNF213,1
IRF8,ARL8B,1
IRF8,ITFG1,1
IRF8,CASP2,1
IRF8,UBA7,1
IRF8,UNC93B1,1
IRF8,HCLS1,1
IRF8,DEK,1
IRF8,TRIM30A,1
IRF8,SNX10,1
IRF8,CD74,1
IRF8,ANKFY1,1
IRF8,MAVS,1
IRF8,NAMPT,1
IRF8,SKAP2,1
IRF8,DNAJC10,1
IRF8,IFI204,1
IRF8,E2F8,1
IRF8,ARHGEF6,1
IRF8,EPSTI1,1
IRF8,BLVRB,1
IRF8,RFESD,1
IRF8,PICALM,1
IRF8,CLN5,1
IRF8,GOSR2,1
IRF8,TIFA,1
IRF8,PACSIN2,1
IRF8,RAB32,1
IRF8,FTSJ3,1
IRF8,MEF2C,1
IRF8,SLC25A45,1
IRF8,ATAD1,1
IRF8,SLC39A9,1
IRF8,TOX4,1
IRF8,NEK9,1
IRF8,P2RY14,1
IRF8,SELENOP,1
IRF8,ARMC8,1
IRF8,APOE,1
IRF8,SPPL2A,1
IRF8,EBI3,1
IRF8,CYTIP,1
IRF8,SERPINB9,1
IRF8,VWA5A,1
IRF8,RAD51AP1,1
IRF8,ME2,1
IRF8,HELLS,1
IRF8,ZFP62,1
IRF8,IKZF1,1
IRF8,ANGPT1,1
IRF8,NIF3L1,1
IRF8,WARS,1
IRF8,CAST,1
IRF8,TREML2,1
IRF8,IFI203,1
IRF8,RNASE6,1
IRF8,CD48,1
IRF8,NSD2,1
IRF8,ST6GALNAC4,1
IRF8,TCIRG1,1
IRF8,HAGH,1
IRF8,AMPD3,1
IRF8,SP100,1
IRF8,RARB,1
IRF8,HUS1,1
IRF8,TASP1,1
IRF8,BLZF1,1
IRF8,PML,1
IRF8,CPQ,1
IRF8,CTSO,1
IRF8,ENDOD1,1
IRF8,TNFAIP8,1
IRF8,NFATC2,1
IRF8,NAE1,1
IRF8,INTS13,1
IRF8,CTTN,1
IRF8,BID,1
IRF8,NUBP2,1
IRF8,MIS12,1
IRF8,VPS41,1
IRF8,TBC1D10C,1
IRF8,NDRG1,1
IRF8,HNRNPLL,1
IRF8,LCP1,1
IRF8,ANAPC4,1
IRF8,CDCA4,1
IRF8,OAT,1
IRF8,SLC35A1,1
IRF8,CTLA2B,1
IRF8,CD82,1
IRF8,NCLN,1
IRF8,RNF115,1
IRF8,H2-OB,1
IRF8,TMX3,1
IRF8,MNDAL,1
IRF8,ZKSCAN6,1
IRF8,DDX20,1
IRF8,COA5,1
IRF8,DCP1A,1
IRF8,DENND2D,1
IRF8,NUDT19,1
IRF8,LPIN2,1
IRF8,TRPV2,1
IRF8,P2RX4,1
IRF8,CDCA5,1
IRF8,WDR36,1
IRF8,PLIN2,1
IRF8,TRMT2A,1
IRF8,ABHD16A,1
IRF8,TMEM173,1
IRF8,ARHGAP4,1
IRF8,CNOT10,1
IRF8,GYG,1
IRF8,PSEN1,1
IRF8,EIF4ENIF1,1
IRF8,PJA2,1
IRF8,NFAT5,1
IRF8,WDR5,1
IRF8,ELAC2,1
IRF8,DPP8,1
IRF8,ZDHHC13,1
IRF8,FAM76B,1
IRF8,TMEM206,1
IRF8,BTK,1
IRF8,ZDHHC6,1
IRF8,TFG,1
IRF8,ZFP367,1
IRF8,XRCC6,1
IRF8,PLEK,1
IRF8,EIF1AD,1
IRF8,RNF139,1
IRF8,SCARB1,1
IRF8,SLC6A6,1
IRF8,NELFB,1
IRF8,GALK2,1
IRF8,CD1D1,1
IRF8,ELP3,1
IRF8,QARS,1
IRF8,LCP2,1
IRF8,PSMF1,1
IRF8,GFI1B,1
IRF8,MYO1G,1
IRF8,EZR,1
IRF8,LDHB,1
IRF8,ABCB8,1
IRF8,RNF141,1
IRF8,CYTH4,1
IRF8,SERPINA3G,1
IRF8,FGFR1OP,1
IRF8,DUS1L,1
IRF8,WDR75,1
IRF8,CYB5R1,1
IRF8,CCDC137,1
IRF8,NUF2,1
IRF8,SRSF1,1
IRF8,HARS2,1
IRF8,HARS,1
IRF8,ABL1,1
IRF8,UMPS,1
IRF8,FZR1,1
IRF8,TCF19,1
IRF8,TES,1
IRF8,METAP1,1
IRF8,SUPT7L,1
IRF8,HEMGN,1
IRF8,HACD4,1
IRF8,TIMM29,1
IRF8,MCM7,1
IRF8,PLIN3,1
IRF8,RPRD1B,1
IRF8,REXO4,1
IRF8,PRIM2,1
IRF8,BCAP29,1
IRF8,NUDCD3,1
IRF8,ZFP35,1
IRF8,PCYT1A,1
IRF8,CREB5,1
IRF8,STX12,1
IRF8,ARHGAP15,1
IRF8,KIF22,1
IRF8,GUSB,1
IRF8,HACD3,1
IRF8,MCM4,1
IRF8,CASP3,1
IRF8,GIMAP5,1
IRF8,VPS33B,1
IRF8,SMIM15,1
IRF8,GNB4,1
IRF8,ETF1,1
IRF8,MORC3,1
IRF8,SNRNP200,1
IRF8,TBXAS1,1
IRF8,PTGS1,1
IRF8,OPTN,1
IRF8,CUL4A,1
IRF8,KLHL24,1
IRF8,ALDH18A1,1
IRF8,BUB1B,1
IRF8,UGCG,1
IRF8,CNIH1,1
IRF8,ATL2,1
IRF8,MARS,1
IRF8,NDOR1,1
IRF8,B230219D22RIK,1
IRF8,WLS,1
IRF8,TCF12,1
IRF8,ZFP672,1
IRF8,DENND1C,1
IRF8,CCNE2,1
IRF8,ERLIN2,1
IRF8,CEP70,1
IRF8,CENPK,1
IRF8,GTF3C3,1
IRF8,PKM,1
IRF8,CHP1,1
IRF8,ZFP871,1
IRF8,OTUD6B,1
IRF8,NUDCD1,1
IRF8,PIK3IP1,1
IRF8,TRMT6,1
IRF8,SMC2,1
IRF8,CBFB,1
IRF8,KIF20B,1
IRF8,BTAF1,1
IRF8,NOP2,1
IRF8,BATF2,1
IRF8,EPS15,1
IRF8,ENPP4,1
IRF8,COPG1,1
IRF8,C330018D20RIK,1
IRF8,GMFB,1
IRF8,CKAP2L,1
IRF8,CYB5R3,1
IRF8,D1ERTD622E,1
IRF8,NOTCH1,1
IRF8,UBR7,1
IRF8,USF3,1
IRF8,CAPN7,1
IRF8,PIK3C3,1
IRF8,DNM1L,1
IRF8,TBL3,1
IRF8,E2F4,1
IRF8,DOK2,1
IRF8,UCKL1,1
IRF8,GYPC,1
IRF8,WDR73,1
IRF8,CCNG1,1
IRF8,NAA50,1
IRF8,ATP6V1A,1
IRF8,DOCK2,1
IRF8,STK25,1
IRF8,ATAD2,1
IRF8,NUP155,1
IRF8,KNSTRN,1
IRF8,ATP6AP2,1
IRF8,PSAT1,1
IRF8,UBAP1,1
IRF8,MIS18BP1,1
IRF8,FBXW5,1
IRF8,GTF2H1,1
IRF8,CERS5,1
IRF8,CENPO,1
IRF8,1700017B05RIK,1
IRF8,METTL8,1
IRF8,XPC,1
IRF8,UBA5,1
IRF8,GCNT2,1
IRF8,FOS,1
IRF8,CENPF,1
IRF8,TMC6,1
IRF8,SCARF1,1
IRF8,PON2,1
IRF8,CIPC,1
IRF8,PTPN12,1
IRF8,BUB1,1
IRF8,SPHK1,1
IRF8,RANGAP1,1
IRF8,LMBRD1,1
IRF8,DUSP2,1
IRF8,STT3B,1
IRF8,USP10,1
IRF8,CHORDC1,1
IRF8,RPP40,1
IRF8,TSPAN14,1
IRF8,CDCA3,1
IRF8,VPS33A,1
IRF8,STAP1,1
IRF8,PQLC1,1
IRF8,TMEM68,1
IRF8,SLC39A10,1
IRF8,AURKA,1
IRF8,HSPH1,1
IRF8,SVIP,1
IRF8,CDK19,1
IRF8,TMX1,1
IRF8,MEIS1,1
IRF8,ACSS2,1
IRF8,SACM1L,1
IRF8,PRPF4,1
IRF8,NFE2L2,1
IRF8,CALCRL,1
IRF8,VAV1,1
IRF8,USP8,1
IRF8,CLCN4,1
IRF8,BIRC5,1
IRF8,SLC30A6,1
IRF8,PSMD6,1
IRF8,FCHSD2,1
IRF8,D10WSU102E,1
IRF8,PPIL4,1
IRF8,FEM1B,1
IRF8,ATP1B2,1
IRF8,NT5DC1,1
IRF8,NEDD1,1
IRF8,PRDM4,1
IRF8,NUP107,1
IRF8,SLC41A3,1
IRF8,DHX33,1
IRF8,PPP6C,1
IRF8,CPT2,1
IRF8,HDGF,1
IRF8,SMARCA2,1
IRF8,AQP9,1
IRF8,PHAX,1
IRF8,ZKSCAN3,1
IRF8,PIGQ,1
IRF8,ZBTB20,1
IRF8,POT1A,1
IRF8,EXOC3,1
IRF8,PRKAB1,1
IRF8,CLPTM1L,1
IRF8,AAR2,1
IRF8,TRPS1,1
IRF8,SGPL1,1
IRF8,RASSF5,1
IRF8,KAT7,1
IRF8,ESR1,1
IRF8,EIF2B1,1
IRF8,ANKRD27,1
IRF8,CASP4,1
IRF8,RNF4,1
IRF8,INPP5B,1
IRF8,TBCD,1
IRF8,PHB2,1
IRF8,CENPE,1
IRF8,ORC5,1
IRF8,COPS8,1
IRF8,PLD3,1
IRF8,NUPR1,1
IRF8,LPCAT3,1
IRF8,GFM1,1
IRF8,SPC25,1
IRF8,MYC,1
IRF8,ASAH1,1
JUN,CREB5,1
JUN,LMNA,1
JUN,CDT1,1
JUN,COLGALT1,1
JUN,BTG2,1
JUN,SUN1,1
JUN,GUSB,1
JUN,CD1D1,1
JUN,IFI204,1
JUN,CD63,1
JUN,ABCB8,1
JUN,TRIM47,1
JUN,NEURL3,1
JUN,WDR36,1
JUN,CISH,1
JUN,CLCN4,1
JUN,PLEK,1
JUN,SPI1,1
JUN,PRC1,1
JUN,ZBTB10,1
JUN,PTPN12,1
JUN,P2RY14,1
JUN,IRF5,1
JUN,TGM2,1
JUN,ACSS2,1
JUN,GNA13,1
JUN,UCKL1,1
JUN,UBA7,1
JUN,SLC25A45,1
JUN,ATAD1,1
JUN,MRM1,1
JUN,SGTA,1
JUN,NFKBIA,1
JUN,PAFAH1B2,1
JUN,PICALM,1
JUN,CLIC4,1
JUN,TCIRG1,1
JUN,RASSF5,1
JUN,CHP1,1
JUN,KLF6,1
JUN,PLD3,1
JUN,ETF1,1
JUN,NCAPG2,1
JUN,TMUB2,1
JUN,VIM,1
JUN,UNK,1
JUN,LSP1,1
JUN,CHMP7,1
JUN,PRKAB1,1
JUN,NAA35,1
JUN,TRIB3,1
JUN,SLC30A5,1
JUN,TRMT2A,1
JUN,EBI3,1
JUN,CELA1,1
JUN,EZR,1
JUN,DUSP1,1
JUN,QARS,1
JUN,LMBRD1,1
JUN,RTP4,1
JUN,PLIN3,1
JUN,SMARCA2,1
JUN,NAMPT,1
JUN,ZKSCAN6,1
JUN,PDE4B,1
JUN,CYTIP,1
JUN,UBAP1,1
JUN,ALG9,1
JUN,TUBGCP2,1
JUN,PLEC,1
JUN,WDSUB1,1
JUN,SNX10,1
JUN,ANXA2,1
JUN,NOLC1,1
JUN,ZYX,1
JUN,GOSR2,1
JUN,STXBP3,1
JUN,VAMP3,1
JUN,GALK2,1
JUN,MARS,1
JUN,RUVBL2,1
JUN,TFG,1
JUN,TMC6,1
JUN,ILVBL,1
JUN,CTLA2B,1
JUN,IPO4,1
JUN,RANGAP1,1
JUN,POT1A,1
JUN,SLC31A1,1
JUN,UAP1,1
JUN,GBP2,1
JUN,ZEB2,1
JUN,HPN,1
JUN,NDEL1,1
JUN,P2RX4,1
JUN,SLC39A10,1
JUN,REL,1
JUN,TCF12,1
JUN,COPS8,1
JUN,BTAF1,1
JUN,ZSCAN21,1
JUN,RFC4,1
JUN,LRRFIP1,1
JUN,FIGNL1,1
JUN,OAT,1
JUN,FZR1,1
JUN,RAD51AP1,1
JUN,RBPMS,1
JUN,EDC3,1
JUN,NAE1,1
JUN,ISG20,1
JUN,PCYT1A,1
JUN,OPTN,1
JUN,FEM1B,1
JUN,MT1,1
JUN,E2F8,1
JUN,DHX33,1
JUN,TNFAIP8,1
JUN,HEATR5A,1
JUN,AMPD3,1
JUN,FBXW5,1
JUN,SLC25A38,1
JUN,CDCA5,1
JUN,ARAP1,1
JUN,GOLPH3,1
JUN,TOR3A,1
JUN,PRSS50,1
JUN,ESYT2,1
JUN,NUBP2,1
JUN,HSD3B7,1
JUN,MIEF1,1
JUN,PAK1,1
JUN,BIRC5,1
JUN,CENPA,1
JUN,AFG3L2,1
JUN,MT2,1
JUN,MNDAL,1
JUN,TBC1D15,1
JUN,ATG16L1,1
JUN,IFI203,1
JUN,NUP107,1
JUN,RGCC,1
JUN,DCK,1
JUN,SKAP2,1
JUN,HCLS1,1
JUN,KPNA3,1
JUN,AQP9,1
JUN,GSKIP,1
JUN,ARID3B,1
JUN,EMILIN2,1
JUN,LONP1,1
JUN,ZFP367,1
JUN,ZFP655,1
JUN,CAST,1
JUN,GIMAP6,1
JUN,NUDT9,1
JUN,SHCBP1,1
JUN,RGS1,1
JUN,CTSC,1
JUN,DDX20,1
JUN,STXBP1,1
JUN,MINPP1,1
JUN,NFE2,1
JUN,CALCRL,1
JUN,CASP4,1
JUN,ABCF3,1
JUN,CTSE,1
JUN,SPPL2A,1
JUN,CLPTM1L,1
JUN,STAT3,1
JUN,EXOC2,1
JUN,AHCYL1,1
JUN,WDR45B,1
JUN,AP5M1,1
JUN,DUSP2,1
JUN,NR4A1,1
JUN,GORASP1,1
JUN,SCRN3,1
JUN,CHMP3,1
JUN,ABTB1,1
JUN,KAT7,1
JUN,UHRF1,1
JUN,NAA50,1
JUN,TBXAS1,1
JUN,DNAJC10,1
JUN,GSTM1,1
JUN,TLR4,1
JUN,MYH10,1
JUN,VDR,1
JUN,GTF2F1,1
JUN,FOXRED1,1
JUN,SCFD1,1
JUN,STK25,1
JUN,ZFP945,1
JUN,RASA3,1
JUN,NECAP2,1
JUN,FAM136A,1
JUN,NEDD1,1
JUN,ORC5,1
JUN,NUPR1,1
JUN,UBE2G2,1
JUN,AURKA,1
JUN,LANCL2,1
JUN,GRAMD1A,1
JUN,NCAPH,1
JUN,TPP1,1
JUN,RCC1,1
JUN,RARB,1
JUN,RELB,1
JUN,DCP1A,1
JUN,TBL3,1
JUN,LDHB,1
JUN,SNRNP200,1
JUN,ERLIN1,1
JUN,PITPNB,1
JUN,ADSSL1,1
JUN,PRDM4,1
JUN,TBCD,1
JUN,ZBTB43,1
JUN,STARD10,1
JUN,ARL8B,1
JUN,NFE2L2,1
JUN,LY6A,1
JUN,KLF3,1
JUN,MTREX,1
JUN,ME2,1
JUN,TIMM50,1
JUN,TIMM29,1
JUN,XRCC6,1
JUN,NADK,1
JUN,USP8,1
JUN,DPP8,1
JUN,EPS15,1
JUN,XPNPEP1,1
JUN,ZFP266,1
JUN,ARL6IP6,1
JUN,DENND1C,1
JUN,PHB2,1
JUN,ABHD16A,1
JUN,ZFP62,1
JUN,MYO1D,1
JUN,ASAH1,1
JUN,VKORC1L1,1
JUN,CENPE,1
JUN,GCNT2,1
JUN,BLVRB,1
JUN,SEC23IP,1
JUN,CHORDC1,1
JUN,TOX4,1
JUN,MAPKAPK3,1
JUN,RAB32,1
JUN,IFRD2,1
JUN,TARS,1
JUN,VPS33B,1
JUN,TES,1
JUN,NFATC1,1
JUN,TASP1,1
JUN,CNOT10,1
JUN,PITRM1,1
JUN,PSMD5,1
JUN,ATL2,1
JUN,PSEN1,1
JUN,RMND5A,1
JUN,COPG1,1
JUN,HAUS2,1
JUN,LCP1,1
JUN,MTMR6,1
JUN,ZKSCAN17,1
JUN,BAP1,1
JUN,ANXA5,1
JUN,CDCA4,1
JUN,SESN1,1
JUN,NDUFV1,1
JUN,ZDHHC13,1
JUN,DOK2,1
JUN,SPHK1,1
JUN,NAPSA,1
JUN,HDGF,1
JUN,KIF11,1
JUN,CDCA3,1
JUN,VPS33A,1
JUN,METTL7A1,1
JUN,CUL3,1
JUN,PLAA,1
JUN,HSPA4L,1
JUN,PROCR,1
JUN,NUF2,1
JUN,SERPINA3G,1
JUN,NOL9,1
JUN,VPS26C,1
JUN,TBC1D10C,1
JUN,PHAX,1
JUN,LPCAT3,1
JUN,ELF4,1
JUN,RABIF,1
JUN,YPEL3,1
JUN,FEM1A,1
JUN,PCCA,1
JUN,SLC30A6,1
JUN,FCHSD2,1
JUN,CD82,1
JUN,D10WSU102E,1
JUN,ATP7B,1
JUN,ALG11,1
JUN,ABI1,1
JUN,COPB2,1
JUN,BYSL,1
JUN,MKI67,1
JUN,NDRG1,1
JUN,DNPEP,1
JUN,ERLIN2,1
JUN,ETS1,1
JUN,MEF2C,1
JUN,PIK3R2,1
JUN,ITSN1,1
JUN,ZFP35,1
JUN,RRM1,1
JUN,GTF2H1,1
JUN,ANAPC2,1
JUN,FAM76B,1
JUN,TRPS1,1
JUN,UAP1L1,1
JUN,ZFP451,1
JUN,GNPDA1,1
JUN,TNFAIP2,1
JUN,INCENP,1
JUN,DCAF13,1
JUN,HMBS,1
JUN,CYB5R1,1
JUN,AHCTF1,1
JUN,IRF1,1
JUN,CTNNA1,1
JUN,ABCB4,1
JUN,WDR75,1
JUN,SGPL1,1
JUN,DCAF11,1
JUN,NUP155,1
JUN,FGFR1OP,1
JUN,TRIM30A,1
JUN,CKAP2L,1
JUN,ADO,1
JUN,ACOX1,1
JUN,GNB4,1
JUN,RORA,1
JUN,ELL2,1
JUN,B230219D22RIK,1
JUN,TOPORS,1
JUN,CCNF,1
JUN,PQLC1,1
JUN,MAD2L1,1
JUN,OSTM1,1
JUN,HACD4,1
JUN,D1ERTD622E,1
JUN,PON2,1
JUN,ALDH18A1,1
JUN,PA2G4,1
JUN,ZFP672,1
JUN,RAD51,1
JUN,WDR4,1
JUN,SACM1L,1
JUN,POLR2B,1
JUN,WDHD1,1
JUN,CCNA2,1
JUN,TVP23B,1
JUN,CRK,1
JUN,PSAT1,1
JUN,MED16,1
JUN,NIF3L1,1
JUN,INTS13,1
JUN,CLN5,1
JUN,DENND2D,1
JUN,PACSIN2,1
JUN,PMPCA,1
JUN,DLST,1
JUN,BCAP29,1
JUN,CACFD1,1
JUN,NOP2,1
JUN,STX12,1
JUN,PPP6C,1
JUN,GMFB,1
JUN,USP37,1
JUN,CEP70,1
JUN,KLHL24,1
JUN,NARFL,1
JUN,USP4,1
JUN,UMPS,1
JUN,CASP1,1
JUN,GSR,1
JUN,TFRC,1
JUN,LAPTM4B,1
JUN,DNAJC5,1
JUN,RNF13,1
JUN,SP4,1
JUN,NUSAP1,1
JUN,NUP93,1
JUN,TSPAN14,1
JUN,XPC,1
JUN,THUMPD3,1
JUN,WARS,1
JUN,CCDC137,1
JUN,LYZ2,1
JUN,PWP1,1
JUN,EXOC3,1
JUN,XAB2,1
JUN,GSS,1
JUN,AFF4,1
JUN,GM2A,1
JUN,DUS1L,1
JUN,METAP1,1
JUN,YOD1,1
JUN,BC005561,1
JUN,PIP4K2A,1
JUN,GSTM5,1
JUN,TERF2IP,1
JUN,LEPROT,1
JUN,IFT140,1
JUN,CALU,1
JUN,TMEM97,1
JUN,NUDCD1,1
JUN,CMPK2,1
JUN,TAB1,1
JUN,RHOT1,1
JUN,CYTH4,1
JUN,NUDCD3,1
JUN,NDOR1,1
JUN,E2F6,1
JUN,ODC1,1
JUN,ACAA2,1
JUN,MOGS,1
JUN,SCARB1,1
JUN,TRMT6,1
JUN,PHETA2,1
JUN,CIPC,1
JUN,ELAC2,1
JUN,RARS,1
JUN,CDC45,1
JUN,PRPF4,1
JUN,BMI1,1
JUN,FUCA2,1
JUN,D230025D16RIK,1
JUN,ORC2,1
JUN,GARS,1
JUN,PQLC3,1
JUN,MORC3,1
JUN,CUL4A,1
JUN,MCM4,1
JUN,ELMO1,1
JUN,CLPX,1
JUN,SETD2,1
JUN,HARS2,1
JUN,HARS,1
JUN,L2HGDH,1
JUN,POLD1,1
JUN,SLC39A9,1
JUN,POLR1B,1
JUN,ELOVL1,1
JUN,MFN2,1
JUN,SRSF1,1
JUN,DDHD2,1
JUN,HLF,1
JUN,PRMT7,1
JUN,RAD21,1
JUN,NR2C1,1
JUN,HUS1,1
JUN,PSMD9,1
JUN,MIS18BP1,1
JUN,PDZK1IP1,1
JUN,APOE,1
JUN,CBFB,1
JUN,BTRC,1
JUN,RNF139,1
JUN,FPGS,1
JUN,NCEH1,1
JUN,TIFA,1
JUN,ZFP639,1
JUN,SMIM15,1
JUN,SEH1L,1
JUN,FAAP100,1
JUN,UROS,1
JUN,PPIL4,1
JUN,EIF2B1,1
JUN,SLC35A1,1
JUN,DEK,1
JUN,HIST1H2BC,1
JUN,SLC20A1,1
JUN,CNOT7,1
JUN,IPO9,1
JUN,ANAPC4,1
JUN,IDH3A,1
JUN,TAF1,1
JUN,IL15,1
JUN,IARS2,1
JUN,IARS,1
JUN,EFTUD2,1
JUN,HAGH,1
JUN,VAV1,1
JUN,LCP2,1
JUN,TMEM129,1
JUN,TACC3,1
JUN,DOCK2,1
JUN,PRIM2,1
JUN,MAN1A,1
JUN,PTDSS2,1
JUN,E2F4,1
JUN,APBB1,1
JUN,CASP3,1
JUN,ADK,1
JUN,CYTH3,1
JUN,PLAG1,1
JUN,GNAI3,1
JUN,9430015G10RIK,1
JUN,COPB1,1
JUN,ELP3,1
JUN,OASL2,1
JUN,FOS,1
JUN,EYA1,1
JUN,CYB5R3,1
JUN,MYNN,1
JUN,TCF19,1
JUN,DNAJC11,1
JUN,BATF2,1
JUN,XPR1,1
JUN,IKZF1,1
JUN,CPT2,1
JUN,CDC6,1
JUN,HERC4,1
JUN,H2-DMB1,1
JUN,STEAP3,1
JUN,BLZF1,1
JUN,UBA3,1
JUN,SDHAF2,1
JUN,ANXA6,1
JUN,RABGGTB,1
JUN,PTCD3,1
JUN,DDX58,1
JUN,FASTKD2,1
JUN,UROD,1
JUN,BID,1
JUN,NEK9,1
JUN,HNRNPLL,1
JUN,GANAB,1
JUN,CENPO,1
JUN,CD74,1
JUN,RFESD,1
JUN,ITFG1,1
JUN,GYG,1
JUN,CSGALNACT2,1
JUN,RPA2,1
JUN,ALAD,1
JUN,MFSD14B,1
JUN,ATAD2,1
JUN,SGO1,1
JUN,USP25,1
JUN,RGS19,1
JUN,ANXA1,1
JUN,CKS1B,1
JUN,MARCH5,1
JUN,COG6,1
JUN,COA5,1
JUN,OTUD6B,1
JUN,CTR9,1
JUN,DTL,1
JUN,FAM168B,1
JUN,VPS11,1
JUN,NELFB,1
JUN,GMCL1,1
JUN,GPKOW,1
JUN,NCLN,1
JUN,RANBP3,1
JUN,PRELID3B,1
JUN,LIMD2,1
JUN,IFI30,1
JUN,MED22,1
JUN,UBR7,1
JUN,CUL2,1
JUN,RNF115,1
JUN,ANXA4,1
JUN,MCM5,1
JUN,TMEM206,1
JUN,1700017B05RIK,1
JUN,CENPK,1
JUN,RCSD1,1
JUN,2610301B20RIK,1
JUN,HSPH1,1
JUN,RMND5B,1
JUN,METTL27,1
JUN,ST3GAL5,1
JUN,RGS2,1
JUN,XRCC5,1
JUN,NPTN,1
JUN,NFAT5,1
JUN,TRIB2,1
JUN,HMMR,1
JUN,TTF1,1
JUN,STX17,1
JUN,METTL8,1
JUN,EGR1,1
JUN,SLC43A3,1
JUN,VWA5A,1
JUN,HIST1H1C,1
JUN,COG7,1
JUN,F11R,1
JUN,PTDSS1,1
JUN,FBXO5,1
JUN,PPOX,1
JUN,EMILIN1,1
JUN,MCM2,1
JUN,MAPK1,1
JUN,EXT2,1
JUN,MAVS,1
JUN,AP1G2,1
JUN,PJA2,1
JUN,CAPN7,1
JUN,CD93,1
JUN,TCP11L2,1
JUN,PBX1,1
JUN,MFSD1,1
JUN,ST6GALNAC4,1
JUN,LRRC14,1
JUN,EIF4ENIF1,1
JUN,SLC6A6,1
JUN,TIPIN,1
JUN,STOM,1
JUN,SERPINB9,1
JUN,RNF141,1
JUN,PWP2,1
JUN,MARCH8,1
JUN,HDAC2,1
JUN,CDCA8,1
JUN,TPX2,1
JUN,UBA5,1
JUN,RFC5,1
JUN,LDAH,1
JUN,HEXA,1
JUN,BUB1,1
JUN,TANGO2,1
JUN,SPIRE1,1
JUN,PLK1,1
JUN,DRAM2,1
JUN,CEPT1,1
JUN,SELENOP,1
JUN,POLR3F,1
JUN,HEBP1,1
JUN,SPC24,1
JUN,ZFP322A,1
JUN,POLA2,1
JUN,CRNKL1,1
JUN,FKBP1A,1
JUN,ZFP24,1
JUN,SQLE,1
JUN,PPAT,1
JUN,USF3,1
JUN,NCAPG,1
JUN,ELP2,1
JUN,RNF4,1
JUN,ANGPT1,1
JUN,ARMT1,1
JUN,MCM10,1
JUN,PGM1,1
JUN,C1QTNF12,1
JUN,APEH,1
JUN,RPA1,1
JUN,CASP2,1
JUN,FECH,1
JUN,CYP20A1,1
JUN,GFM1,1
JUN,LPCAT1,1
JUN,PACS1,1
JUN,RNF213,1
JUN,MCM7,1
JUN,CDK19,1
JUN,FES,1
JUN,USP10,1
JUN,METAP1D,1
JUN,ZDHHC6,1
JUN,ENDOD1,1
JUN,TMX3,1
JUN,LIG1,1
JUN,TMEM186,1
JUN,RPRD1B,1
JUN,CSTF2,1
JUN,GYPC,1
JUN,POLE3,1
JUN,UBAC1,1
JUN,BUB3,1
JUN,ADAMTS10,1
JUN,TMEM109,1
JUN,HDAC9,1
JUN,ALDH9A1,1
JUN,FAM91A1,1
JUN,MTAP,1
JUN,LLGL1,1
JUN,MIS12,1
JUN,HNRNPAB,1
JUN,DPH6,1
JUN,AP1B1,1
JUN,ASF1B,1
JUN,IL21R,1
JUN,EYA2,1
JUN,TTLL12,1
JUN,LMO4,1
JUN,APLP2,1
JUN,GRN,1
JUN,ANKLE1,1
JUN,MAP4K2,1
JUN,PREP,1
JUN,DHFR,1
JUN,RAI14,1
JUN,ABL1,1
JUN,PSMF1,1
JUN,HMGB2,1
JUN,RNASEL,1
JUN,SATB1,1
JUN,MBTPS1,1
JUN,SLC41A3,1
JUN,RB1,1
JUN,TUBGCP3,1
JUN,ATP13A1,1
JUN,LRRC8C,1
JUN,CRBN,1
JUN,LZTR1,1
JUN,IL27RA,1
JUN,WDR73,1
JUN,SPTLC1,1
JUN,SPTBN1,1
JUN,RNF19A,1
JUN,WDR5,1
JUN,LAP3,1
JUN,TMEM177,1
JUN,ATG12,1
JUN,AP3S1,1
JUN,NPLOC4,1
JUN,WDR55,1
JUN,INPP5B,1
JUN,KLHL22,1
JUN,FAM45A,1
JUN,ZFP397,1
JUN,KDM6A,1
JUN,ZZZ3,1
JUN,PPIC,1
JUN,MEIS1,1
JUN,WLS,1
JUN,TMX1,1
JUN,CNP,1
JUN,PCYT2,1
JUN,MXD3,1
JUN,TOLLIP,1
JUN,ZFP930,1
JUN,ATP6AP2,1
JUN,ATG4B,1
JUN,C330018D20RIK,1
JUN,UBR1,1
JUN,FARSB,1
JUN,LYRM4,1
JUN,ERCC8,1
JUN,SLC19A1,1
JUN,CCNE1,1
JUN,PBK,1
JUN,PIGQ,1
JUN,MRPL37,1
JUN,TTF2,1
JUN,NDE1,1
JUN,PRKCH,1
JUN,SUPT7L,1
JUN,ZKSCAN3,1
JUN,ARMC8,1
JUN,PKM,1
JUN,JARID2,1
JUN,MTHFD1,1
JUN,RNF145,1
JUN,FTSJ3,1
JUN,NCAPD2,1
JUN,CHUK,1
JUN,TMEM168,1
JUN,TSC22D3,1
JUN,TMEM68,1
JUN,HPCAL1,1
JUN,BCLAF3,1
JUN,UBXN2B,1
JUN,ASNS,1
JUN,YBX3,1
JUN,GMNN,1
JUN,ASB8,1
JUN,SMC2,1
JUN,SEPT8,1
JUN,TYMS,1
JUN,JPT2,1
JUN,NGLY1,1
JUN,INKA1,1
JUN,KIF20B,1
JUN,UNC93B1,1
JUN,TRMT11,1
JUN,STT3B,1
JUN,ATP6V1A,1
JUN,AHR,1
JUN,STXBP4,1
JUN,GTF2E1,1
JUN,BUB1B,1
JUN,SASH3,1
JUN,FAR1,1
JUN,PDCL,1
JUN,GTF3C3,1
JUN,TLK1,1
JUN,ZFP143,1
JUN,NFXL1,1
JUN,JAK3,1
JUN,GFI1B,1
JUN,DDX1,1
JUN,ISYNA1,1
JUN,NSMAF,1
JUN,GEMIN5,1
JUN,CDK1,1
JUN,MAU2,1
JUN,ABCD3,1
JUN,PSEN2,1
JUN,SMAD2,1
JUN,PFKM,1
JUN,ZFP110,1
JUN,SLC29A1,1
JUN,PSMD6,1
JUN,HDAC7,1
JUN,ZFP871,1
JUN,PPM1H,1
JUN,ANKFY1,1
JUN,CORO1A,1
JUN,WDR6,1
JUN,YBX1,1
JUN,PNO1,1
JUN,ESR1,1
JUN,PTGS1,1
JUN,TMEM164,1
JUN,PADI4,1
JUN,TRIM59,1
JUN,FNTA,1
JUN,REXO4,1
JUN,CERS5,1
JUN,ABCB10,1
JUN,MSH6,1
JUN,CDC20,1
JUN,ZFP961,1
JUN,ID2,1
JUN,MYC,1
JUN,FADS1,1
JUN,DNM1L,1
JUN,SLC14A1,1
JUN,HSDL1,1
JUN,MIOS,1
JUN,NRF1,1
JUN,SSX2IP,1
JUN,MFGE8,1
JUN,PIK3C3,1
JUN,HEMGN,1
JUN,VILL,1
JUN,TAF12,1
JUN,PUS7,1
JUN,GATM,1
JUN,CDC7,1
JUN,UGCG,1
JUN,DECR1,1
JUN,TUBGCP5,1
JUN,CCNB2,1
JUN,ICA1,1
JUN,NT5DC1,1
JUN,PCLAF,1
JUN,GRINA,1
JUN,SERPINB6B,1
JUN,MEMO1,1
JUN,CTSO,1
JUN,NIT1,1
JUN,NUP88,1
JUN,SERPINB1A,1
JUN,H1F0,1
JUN,BAG2,1
JUN,TMEM64,1
JUN,CHAMP1,1
JUN,IRF8,1
JUN,MGST3,1
JUN,NUDT19,1
JUN,INTS8,1
JUN,ARHGAP4,1
JUN,NASP,1
JUN,SLC16A1,1
JUN,ENPP4,1
JUN,MARCH6,1
JUN,CNIH1,1
JUN,RUNX2,1
JUN,PEAR1,1
JUN,GOLT1B,1
JUN,RCOR1,1
JUN,CPQ,1
JUN,SNAPC3,1
JUN,CAD,1
JUN,CENPF,1
JUN,ATP11C,1
JUN,INPP1,1
JUN,MCM3,1
JUN,KIF22,1
JUN,SNRPB,1
JUN,MAPK9,1
JUN,ATP6AP1,1
JUN,SPPL2B,1
JUN,TMEM263,1
JUN,CCNG1,1
JUN,COQ8A,1
JUN,ATP1B2,1
JUN,CSRP3,1
JUN,GLIPR2,1
JUN,VPS35,1
JUN,TXNRD2,1
JUN,RAB31,1
JUN,ORC6,1
JUN,VHL,1
JUN,CKAP5,1
JUN,GPR171,1
JUN,FTSJ1,1
JUN,NARF,1
JUN,UTP4,1
JUN,TOP2A,1
JUN,SLA2,1
JUN,NAGA,1
JUN,CTPS,1
JUN,PRKAR2B,1
JUN,MNS1,1
JUN,NUP85,1
JUN,TENT5A,1
JUN,NUDT4,1
JUN,NR3C2,1
JUN,SELENBP1,1
JUN,GPR180,1
JUN,IFI44,1
JUN,RPP40,1
JUN,ABCG2,1
JUN,RORC,1
JUN,DCAF4,1
JUN,TWSG1,1
JUN,XRCC3,1
JUN,BTK,1
JUN,PHACTR2,1
JUN,MTO1,1
JUN,ST8SIA4,1
JUN,CSAD,1
JUN,ARHGAP15,1
JUN,POGLUT1,1
JUN,TSHZ3,1
JUN,MCM6,1
JUN,LPIN2,1
JUN,THRB,1
JUN,RPAP1,1
JUN,EBF1,1
JUN,PLBD2,1
JUN,SLC25A46,1
JUN,NOTCH1,1
JUN,CAMK1,1
JUN,SOX6,1
JUN,SNAP23,1
JUN,TSPAN3,1
JUN,TYK2,1
JUN,4833439L19RIK,1
JUN,CKAP2,1
JUN,SLC44A2,1
JUN,GOLM1,1
JUN,TNFRSF13B,1
JUN,EPAS1,1
JUN,PLCG2,1
JUN,NET1,1
JUN,TAPT1,1
JUN,SCARF1,1
JUN,HELLS,1
JUN,ANKRD27,1
JUN,PSTPIP1,1
JUN,RAB37,1
JUN,KIDINS220,1
JUN,ANK,1
JUN,ZBTB20,1
JUN,PLCB2,1
JUN,CARHSP1,1
JUN,MYO1G,1
JUN,PLA2G12A,1
JUN,PPARGC1A,1
JUN,HCFC1,1
JUN,GCLC,1
JUN,DIS3L2,1
JUN,GFI1,1
JUN,ICE1,1
JUN,ZMYM3,1
JUN,PRDM16,1
JUN,TMEM56,1
JUN,AK3,1
JUN,SP100,1
JUN,PRIM1,1
JUN,CPOX,1
JUN,KNSTRN,1
JUN,SPRYD4,1
JUN,ZFP275,1
JUN,DYNLT3,1
JUN,CPT1A,1
JUN,TK1,1
JUN,SLC25A21,1
JUN,RNASE6,1
JUN,MYCN,1
JUN,MTFR1,1
JUN,ALDH1A1,1
JUN,SQOR,1
JUN,SGPP1,1
JUN,SPC25,1
JUN,NSDHL,1
JUN,STAP1,1
JUN,PCP4L1,1
JUN,CCNB1,1
JUN,EPDR1,1
JUN,KRT18,1
JUN,TMEM185A,1
JUN,PML,1
JUN,TBC1D2B,1
JUN,ITGA6,1
JUN,IRF6,1
JUN,TM7SF3,1
JUN,PHF10,1
JUN,TFR2,1
JUN,SLC11A2,1
JUN,PLIN2,1
JUN,H2-OB,1
JUN,FOXO1,1
JUN,CD84,1
JUN,UBE2C,1
JUN,TSPAN33,1
JUN,AQP1,1
JUN,SPNS2,1
JUN,PRDM5,1
JUN,EPSTI1,1
JUN,DCTD,1
JUN,ATP2A3,1
JUN,ALKBH8,1
JUN,PIK3IP1,1
JUN,MFNG,1
JUN,NFATC2,1
JUN,ST3GAL6,1
JUN,GIMAP5,1
JUN,CTTN,1
JUN,RRM2,1
JUN,CD48,1
JUN,RUNX1T1,1
JUN,KLHL23,1
JUN,CITED4,1
JUN,AAR2,1
JUN,TMEM176B,1
JUN,TMEM176A,1
JUN,MAN2A2,1
JUN,EIF1AD,1
JUN,RASAL3,1
JUN,GYPA,1
JUN,NDC1,1
JUN,MECOM,1
JUN,CERS4,1
JUN,CBX7,1
JUN,2210016F16RIK,1
JUN,RDH11,1
JUN,PRPS1,1
JUN,CCNE2,1
JUN,ARHGEF18,1
JUN,ITIH5,1
JUN,ARHGEF6,1
JUN,SEPT6,1
JUN,PLXNC1,1
JUN,ZFP592,1
JUN,CD9,1
JUN,CD34,1
JUN,EMB,1
JUN,SAMD14,1
JUN,GPSM2,1
JUN,FLOT2,1
JUN,ZFP36,1
JUN,PPP2R1B,1
JUN,PGLYRP2,1
JUN,GDF3,1
KDM6A,SUPT7L,1
KDM6A,TIMM29,1
KDM6A,CHORDC1,1
KDM6A,DUS1L,1
KDM6A,REXO4,1
KDM6A,ZDHHC6,1
KDM6A,DCP1A,1
KDM6A,CNOT10,1
KDM6A,EIF1AD,1
KDM6A,GALK2,1
KDM6A,NUF2,1
KDM6A,WDR36,1
KDM6A,UBA5,1
KDM6A,PSMF1,1
KDM6A,CUL4A,1
KDM6A,DHX33,1
KDM6A,GTF3C3,1
KDM6A,WARS,1
KDM6A,NUDCD3,1
KDM6A,CHAMP1,1
KDM6A,SNRNP200,1
KDM6A,AAR2,1
KDM6A,POLR1B,1
KDM6A,NIF3L1,1
KDM6A,PIGQ,1
KDM6A,FEM1B,1
KDM6A,HUS1,1
KDM6A,DDX1,1
KDM6A,PFKM,1
KDM6A,TMEM68,1
KDM6A,UNK,1
KDM6A,NELFB,1
KDM6A,CDCA3,1
KDM6A,9430015G10RIK,1
KDM6A,NAA35,1
KDM6A,BTRC,1
KDM6A,NPLOC4,1
KDM6A,NCLN,1
KDM6A,USP8,1
KDM6A,ELP2,1
KDM6A,XRCC5,1
KDM6A,NUDCD1,1
KDM6A,POLE3,1
KDM6A,UBE2G2,1
KDM6A,CDCA5,1
KDM6A,TUBGCP2,1
KDM6A,NARFL,1
KDM6A,STK25,1
KDM6A,GSKIP,1
KDM6A,COPS8,1
KDM6A,PPP6C,1
KDM6A,RMND5B,1
KDM6A,NEK9,1
KDM6A,BUB3,1
KDM6A,FASTKD2,1
KDM6A,NDC1,1
KDM6A,CDC45,1
KDM6A,TMEM186,1
KDM6A,MTREX,1
KDM6A,XAB2,1
KDM6A,NUP155,1
KDM6A,RANGAP1,1
KDM6A,SLC35A1,1
KDM6A,TMEM206,1
KDM6A,EIF2B1,1
KDM6A,CHMP7,1
KDM6A,GMFB,1
KDM6A,COA5,1
KDM6A,NDUFV1,1
KDM6A,MFN2,1
KDM6A,SRSF1,1
KDM6A,TBCD,1
KDM6A,ABI1,1
KDM6A,SPPL2A,1
KDM6A,MGST3,1
KDM6A,FEM1A,1
KDM6A,THUMPD3,1
KDM6A,PHB2,1
KDM6A,CLPX,1
KDM6A,METTL8,1
KDM6A,NFXL1,1
KDM6A,IFRD2,1
KDM6A,PA2G4,1
KDM6A,WDR5,1
KDM6A,TMEM129,1
KDM6A,TACC3,1
KDM6A,SPPL2B,1
KDM6A,TIMM50,1
KDM6A,PLAA,1
KDM6A,EXOC3,1
KDM6A,ZFP672,1
KDM6A,HSPH1,1
KDM6A,BUB1B,1
KDM6A,PSMD9,1
KDM6A,4833439L19RIK,1
KDM6A,PPIL4,1
KDM6A,SESN1,1
KDM6A,RRM1,1
KDM6A,SNRPB,1
KDM6A,PCYT1A,1
KDM6A,USP37,1
KDM6A,ANAPC2,1
KDM6A,SNAPC3,1
KDM6A,NDEL1,1
KDM6A,MARS,1
KDM6A,MIS18BP1,1
KDM6A,WDR45B,1
KDM6A,AP5M1,1
KDM6A,ITSN1,1
KDM6A,CDCA8,1
KDM6A,CAST,1
KDM6A,CRNKL1,1
KDM6A,ZFP143,1
KDM6A,RAD51,1
KDM6A,NOP2,1
KDM6A,LIG1,1
KDM6A,RPRD1B,1
KDM6A,PIK3C3,1
KDM6A,ZFP110,1
KDM6A,ODC1,1
KDM6A,COG7,1
KDM6A,PRIM1,1
KDM6A,ATAD2,1
KDM6A,COG6,1
KDM6A,CDK19,1
KDM6A,RHOT1,1
KDM6A,ENPP4,1
KDM6A,DCAF13,1
KDM6A,MAU2,1
KDM6A,IPO9,1
KDM6A,CHMP3,1
KDM6A,AHCYL1,1
KDM6A,MYNN,1
KDM6A,KAT7,1
KDM6A,GPKOW,1
KDM6A,RPP40,1
KDM6A,CLPTM1L,1
KDM6A,PRPF4,1
KDM6A,TMUB2,1
KDM6A,COPG1,1
KDM6A,AHCTF1,1
KDM6A,SLC39A9,1
KDM6A,RFESD,1
KDM6A,GMCL1,1
KDM6A,XPC,1
KDM6A,WDR4,1
KDM6A,TARS,1
KDM6A,CUL2,1
KDM6A,DPP8,1
KDM6A,ESYT2,1
KDM6A,VPS41,1
KDM6A,JARID2,1
KDM6A,FKBP1A,1
KDM6A,WDR75,1
KDM6A,LONP1,1
KDM6A,NOLC1,1
KDM6A,PPOX,1
KDM6A,RFC4,1
KDM6A,GSS,1
KDM6A,ZFP24,1
KDM6A,ABL1,1
KDM6A,BAP1,1
KDM6A,FTSJ3,1
KDM6A,SACM1L,1
KDM6A,ZFP62,1
KDM6A,ABCB8,1
KDM6A,TBL3,1
KDM6A,AURKA,1
KDM6A,SEC23IP,1
KDM6A,ERLIN2,1
KDM6A,CLCN4,1
KDM6A,LLGL1,1
KDM6A,RABIF,1
KDM6A,NFAT5,1
KDM6A,NADK,1
KDM6A,PRDM4,1
KDM6A,NUP88,1
KDM6A,ZFP655,1
KDM6A,SGTA,1
KDM6A,PBK,1
KDM6A,DLST,1
KDM6A,ATG4B,1
KDM6A,UBXN2B,1
KDM6A,ALKBH8,1
KDM6A,STX12,1
KDM6A,RAD21,1
KDM6A,CALU,1
KDM6A,ATG16L1,1
KDM6A,MSH6,1
KDM6A,KLHL24,1
KDM6A,HERC4,1
KDM6A,ABCF3,1
KDM6A,STXBP4,1
KDM6A,SPC25,1
KDM6A,B230219D22RIK,1
KDM6A,VPS26C,1
KDM6A,ADO,1
KDM6A,VPS33B,1
KDM6A,SDHAF2,1
KDM6A,PRKAB1,1
KDM6A,OTUD6B,1
KDM6A,GTF2E1,1
KDM6A,PDCL,1
KDM6A,FIGNL1,1
KDM6A,CHP1,1
KDM6A,CAPN7,1
KDM6A,TMEM168,1
KDM6A,LZTR1,1
KDM6A,VKORC1L1,1
KDM6A,MORC3,1
KDM6A,HIST1H1C,1
KDM6A,SGO1,1
KDM6A,MCM3,1
KDM6A,DCAF11,1
KDM6A,MIEF1,1
KDM6A,FAM76B,1
KDM6A,INTS13,1
KDM6A,GARS,1
KDM6A,DIS3L2,1
KDM6A,RAD51AP1,1
KDM6A,TFG,1
KDM6A,UROS,1
KDM6A,EXOC2,1
KDM6A,ATG12,1
KDM6A,AP3S1,1
KDM6A,DTL,1
KDM6A,CENPO,1
KDM6A,ZFP451,1
KDM6A,FTSJ1,1
KDM6A,TBC1D15,1
KDM6A,FOXRED1,1
KDM6A,RANBP3,1
KDM6A,TAF12,1
KDM6A,RPA2,1
KDM6A,BYSL,1
KDM6A,KPNA3,1
KDM6A,SPTLC1,1
KDM6A,POLR3F,1
KDM6A,PAFAH1B2,1
KDM6A,ILVBL,1
KDM6A,HIST1H2BC,1
KDM6A,NUBP2,1
KDM6A,TRIM30A,1
KDM6A,POLR2B,1
KDM6A,MAD2L1,1
KDM6A,COPB2,1
KDM6A,VAMP3,1
KDM6A,STXBP3,1
KDM6A,AFG3L2,1
KDM6A,PJA2,1
KDM6A,LYRM4,1
KDM6A,TOX4,1
KDM6A,MARCH5,1
KDM6A,RDH11,1
KDM6A,PITPNB,1
KDM6A,TIPIN,1
KDM6A,PRMT7,1
KDM6A,NFE2L2,1
KDM6A,UBR1,1
KDM6A,FBXW5,1
KDM6A,FAM136A,1
KDM6A,NUP107,1
KDM6A,SLC25A38,1
KDM6A,JPT2,1
KDM6A,NIT1,1
KDM6A,TRMT6,1
KDM6A,NEDD1,1
KDM6A,PRELID3B,1
KDM6A,LEPROT,1
KDM6A,E2F4,1
KDM6A,ANXA5,1
KDM6A,UAP1,1
KDM6A,PLAG1,1
KDM6A,TMX1,1
KDM6A,MTFR1,1
KDM6A,PNO1,1
KDM6A,CASP2,1
KDM6A,TFRC,1
KDM6A,RNF139,1
KDM6A,COLGALT1,1
KDM6A,FGFR1OP,1
KDM6A,DNPEP,1
KDM6A,HDAC2,1
KDM6A,ATP11C,1
KDM6A,NDOR1,1
KDM6A,ACAA2,1
KDM6A,ZFP639,1
KDM6A,MAPK1,1
KDM6A,FZR1,1
KDM6A,INPP5B,1
KDM6A,CLIC4,1
KDM6A,ARMC8,1
KDM6A,COPB1,1
KDM6A,SEH1L,1
KDM6A,WDHD1,1
KDM6A,RMND5A,1
KDM6A,FBXO5,1
KDM6A,DPH6,1
KDM6A,GTF2F1,1
KDM6A,MTMR6,1
KDM6A,GEMIN5,1
KDM6A,MCM7,1
KDM6A,TOLLIP,1
KDM6A,CRK,1
KDM6A,ARL8B,1
KDM6A,MFGE8,1
KDM6A,GOSR2,1
KDM6A,DNM1L,1
KDM6A,XRCC6,1
KDM6A,PRC1,1
KDM6A,NCAPG2,1
KDM6A,ICE1,1
KDM6A,MIS12,1
KDM6A,ARHGEF18,1
KDM6A,KIF11,1
KDM6A,HARS2,1
KDM6A,HARS,1
KDM6A,ALG9,1
KDM6A,STAT3,1
KDM6A,NCAPD2,1
KDM6A,MBTPS1,1
KDM6A,HNRNPAB,1
KDM6A,ABTB1,1
KDM6A,SKAP2,1
KDM6A,NCAPH,1
KDM6A,INCENP,1
KDM6A,GM2A,1
KDM6A,ZBTB43,1
KDM6A,CDC6,1
KDM6A,UROD,1
KDM6A,IFT140,1
KDM6A,CCNA2,1
KDM6A,ADK,1
KDM6A,MRPL37,1
KDM6A,SLC30A5,1
KDM6A,RNF4,1
KDM6A,LRRFIP1,1
KDM6A,UBAP1,1
KDM6A,TM7SF3,1
KDM6A,LPCAT1,1
KDM6A,EFTUD2,1
KDM6A,BTAF1,1
KDM6A,SLC19A1,1
KDM6A,ANAPC4,1
KDM6A,NUDT9,1
KDM6A,LDAH,1
KDM6A,PSEN2,1
KDM6A,PKM,1
KDM6A,NAMPT,1
KDM6A,FARSB,1
KDM6A,FAM234B,1
KDM6A,GNA13,1
KDM6A,LRRC14,1
KDM6A,MRM1,1
KDM6A,MED22,1
KDM6A,FCHSD2,1
KDM6A,EPS15,1
KDM6A,PWP1,1
KDM6A,XPR1,1
KDM6A,ATP6AP2,1
KDM6A,ME2,1
KDM6A,TK1,1
KDM6A,CPOX,1
KDM6A,TMX3,1
KDM6A,DNAJC11,1
KDM6A,ARMT1,1
KDM6A,ZFP367,1
KDM6A,VPS11,1
KDM6A,TCF12,1
KDM6A,RELB,1
KDM6A,TYK2,1
KDM6A,D230025D16RIK,1
KDM6A,UCKL1,1
KDM6A,ORC2,1
KDM6A,CKAP2L,1
KDM6A,IPO4,1
KDM6A,HAUS2,1
KDM6A,SP4,1
KDM6A,TMEM109,1
KDM6A,KLF3,1
KDM6A,CDC7,1
KDM6A,GTF2H1,1
KDM6A,ATAD1,1
KDM6A,PITRM1,1
KDM6A,LANCL2,1
KDM6A,ISG20,1
KDM6A,SUN1,1
KDM6A,MED16,1
KDM6A,VPS33A,1
KDM6A,SCRN3,1
KDM6A,HMGB2,1
KDM6A,HCFC1,1
KDM6A,ZFP397,1
KDM6A,CENPA,1
KDM6A,BIRC5,1
KDM6A,SNAP23,1
KDM6A,SHCBP1,1
KDM6A,RCOR1,1
KDM6A,ABCB10,1
KDM6A,PSEN1,1
KDM6A,POLD1,1
KDM6A,ATP7B,1
KDM6A,ALG11,1
KDM6A,LMNA,1
KDM6A,HSDL1,1
KDM6A,ELAC2,1
KDM6A,ANKLE1,1
KDM6A,CERS5,1
KDM6A,FAM91A1,1
KDM6A,DCAF4,1
KDM6A,STX17,1
KDM6A,NR4A1,1
KDM6A,CENPK,1
KDM6A,PWP2,1
KDM6A,ZZZ3,1
KDM6A,DHFR,1
KDM6A,DDHD2,1
KDM6A,STOM,1
KDM6A,CTR9,1
KDM6A,SLC31A1,1
KDM6A,MFSD14B,1
KDM6A,TRMT11,1
KDM6A,PLD3,1
KDM6A,ANKRD27,1
KDM6A,ACSS2,1
KDM6A,WDR55,1
KDM6A,ZFP322A,1
KDM6A,NAA50,1
KDM6A,ATP6V1A,1
KDM6A,TASP1,1
KDM6A,CCNF,1
KDM6A,TOP2A,1
KDM6A,GRN,1
KDM6A,PQLC1,1
KDM6A,PPP2R1B,1
KDM6A,USF3,1
KDM6A,RABGGTB,1
KDM6A,AP1B1,1
KDM6A,TRMT2A,1
KDM6A,AHR,1
KDM6A,ACOX1,1
KDM6A,XPNPEP1,1
KDM6A,BLVRB,1
KDM6A,POLA2,1
KDM6A,MCM4,1
KDM6A,UBAC1,1
KDM6A,RUVBL2,1
KDM6A,RNF141,1
KDM6A,PTCD3,1
KDM6A,LCP1,1
KDM6A,ZFP930,1
KDM6A,FPGS,1
KDM6A,HPCAL1,1
KDM6A,UHRF1,1
KDM6A,CBFB,1
KDM6A,ARAP1,1
KDM6A,SLC39A10,1
KDM6A,NAE1,1
KDM6A,MCM5,1
KDM6A,CDT1,1
KDM6A,WDR73,1
KDM6A,OSTM1,1
KDM6A,MAN1A,1
KDM6A,SMARCA2,1
KDM6A,NR3C2,1
KDM6A,SGPL1,1
KDM6A,CISH,1
KDM6A,ASB8,1
KDM6A,SLC11A2,1
KDM6A,ALDH9A1,1
KDM6A,TCF19,1
KDM6A,TPX2,1
KDM6A,PPAT,1
KDM6A,CITED4,1
KDM6A,RPA1,1
KDM6A,NOL9,1
KDM6A,ETF1,1
KDM6A,BID,1
KDM6A,ARL6IP6,1
KDM6A,VPS35,1
KDM6A,UNC93B1,1
KDM6A,ORC6,1
KDM6A,MFSD1,1
KDM6A,BLZF1,1
KDM6A,LMBRD1,1
KDM6A,RNF13,1
KDM6A,YBX1,1
KDM6A,IARS2,1
KDM6A,VWA5A,1
KDM6A,SLC41A3,1
KDM6A,ORC5,1
KDM6A,IL15,1
KDM6A,GNAI3,1
KDM6A,DDX20,1
KDM6A,NT5DC1,1
KDM6A,DNAJC5,1
KDM6A,ZFP871,1
KDM6A,SPC24,1
KDM6A,CENPF,1
KDM6A,PSMD5,1
KDM6A,MARCH8,1
KDM6A,KIF20B,1
KDM6A,SETD2,1
KDM6A,DPH2,1
KDM6A,UBA3,1
KDM6A,NECAP2,1
KDM6A,MTO1,1
KDM6A,AFF4,1
KDM6A,TOPORS,1
KDM6A,ZFP266,1
KDM6A,KLHL22,1
KDM6A,TMEM177,1
KDM6A,POT1A,1
KDM6A,NFATC2,1
KDM6A,ELL2,1
KDM6A,CNOT7,1
KDM6A,ABCD3,1
KDM6A,TVP23B,1
KDM6A,XRCC3,1
KDM6A,CRIP2,1
KDM6A,ZKSCAN17,1
KDM6A,TNFAIP8,1
KDM6A,HDGF,1
KDM6A,GRINA,1
KDM6A,TMEM64,1
KDM6A,SLC44A2,1
KDM6A,CSGALNACT2,1
KDM6A,CNP,1
KDM6A,BTG2,1
KDM6A,TERF2IP,1
KDM6A,PLIN3,1
KDM6A,NGLY1,1
KDM6A,ZFP467,1
KDM6A,CBX7,1
KDM6A,MYH10,1
KDM6A,INTS8,1
KDM6A,ZFP945,1
KDM6A,INPP1,1
KDM6A,QARS,1
KDM6A,NCAPG,1
KDM6A,METAP1,1
KDM6A,TUBGCP3,1
KDM6A,TTLL12,1
KDM6A,TAB1,1
KDM6A,SLC16A1,1
KDM6A,FAAP100,1
KDM6A,PCCA,1
KDM6A,MCM10,1
KDM6A,FOS,1
KDM6A,DECR1,1
KDM6A,NUP93,1
KDM6A,UBR7,1
KDM6A,EDC3,1
KDM6A,DRAM2,1
KDM6A,CEPT1,1
KDM6A,2610301B20RIK,1
KDM6A,SLC20A1,1
KDM6A,NAPSA,1
KDM6A,HSD3B7,1
KDM6A,DCK,1
KDM6A,CIPC,1
KDM6A,WDSUB1,1
KDM6A,PCYT2,1
KDM6A,TWSG1,1
KDM6A,ASF1B,1
KDM6A,ZSCAN21,1
KDM6A,GANAB,1
KDM6A,EPAS1,1
KDM6A,DUSP1,1
KDM6A,ASAH1,1
MEF2C,HDAC9,1
MEF2C,KLF6,1
MEF2C,KLHL24,1
MEF2C,JUN,1
MEIS1,LRRFIP1,1
MEIS1,ZFP945,1
MEIS1,DCAF11,1
MEIS1,NEURL3,1
MEIS1,NUP107,1
MEIS1,JARID2,1
MEIS1,PTGS1,1
MEIS1,ZKSCAN6,1
MEIS1,SELENBP1,1
MEIS1,SLC25A46,1
MEIS1,ACOX1,1
MEIS1,SPTLC1,1
MEIS1,WDR75,1
MEIS1,KIDINS220,1
MEIS1,CCNG1,1
MEIS1,DCAF13,1
MEIS1,ACSS2,1
MEIS1,VPS33A,1
MEIS1,TMEM97,1
MEIS1,ERLIN1,1
MEIS1,ZFP655,1
MEIS1,MTMR6,1
MEIS1,STK25,1
MEIS1,CAST,1
MEIS1,GRINA,1
MEIS1,CTLA2A,1
MEIS1,BYSL,1
MEIS1,ADO,1
MEIS1,TRIB2,1
MEIS1,TBC1D10C,1
MEIS1,CLCN4,1
MEIS1,POLR3F,1
MEIS1,PCYT1A,1
MEIS1,STARD10,1
MEIS1,HOXA9,1
MEIS1,PICALM,1
MEIS1,ITIH5,1
MEIS1,SMARCA2,1
MEIS1,ATP7B,1
MEIS1,ALG11,1
MEIS1,RNASEL,1
MEIS1,ELAC2,1
MEIS1,RASSF5,1
MEIS1,METTL7A1,1
MEIS1,KLHL6,1
MEIS1,SPC24,1
MEIS1,ASF1B,1
MEIS1,NARF,1
MEIS1,ANXA1,1
MEIS1,DNPEP,1
MEIS1,ABCG2,1
MEIS1,TES,1
MEIS1,NARFL,1
MEIS1,ITFG1,1
MEIS1,HIST1H1C,1
MEIS1,SCRN3,1
MEIS1,GALK2,1
MEIS1,ZFP672,1
MEIS1,USF3,1
MEIS1,PTDSS1,1
MEIS1,GTF2H1,1
MEIS1,SPI1,1
MEIS1,DRAM2,1
MEIS1,CEPT1,1
MEIS1,ATP2A3,1
MEIS1,CDC6,1
MEIS1,SLC31A1,1
MEIS1,DDX20,1
MEIS1,EXT2,1
MEIS1,PLAA,1
MEIS1,EIF2B1,1
MEIS1,NGLY1,1
MEIS1,ANGPT1,1
MEIS1,STT3B,1
MEIS1,ATP6AP2,1
MEIS1,GYG,1
MEIS1,CENPK,1
MEIS1,CDCA4,1
MEIS1,UBAC1,1
MEIS1,CKAP2L,1
MEIS1,HACD4,1
MEIS1,EMB,1
MEIS1,UROD,1
MEIS1,MYNN,1
MEIS1,SESN1,1
MEIS1,SP4,1
MEIS1,NDUFV1,1
MEIS1,VAMP3,1
MEIS1,NFAT5,1
MEIS1,ADGRG3,1
MEIS1,MFN2,1
MEIS1,AP5M1,1
MEIS1,RHOT1,1
MEIS1,NFE2,1
MEIS1,NR3C2,1
MEIS1,MAN1A,1
MEIS1,UAP1,1
MEIS1,PCLAF,1
MEIS1,ASB8,1
MEIS1,MORC3,1
MEIS1,CUL2,1
MEIS1,CRK,1
MEIS1,SGTA,1
MEIS1,RFC5,1
MEIS1,FNTA,1
MEIS1,CCNA2,1
MEIS1,CD82,1
MEIS1,RRM1,1
MEIS1,SGO1,1
MEIS1,HAGH,1
MEIS1,SOX6,1
MEIS1,CHUK,1
MEIS1,RPRD1B,1
MEIS1,PKM,1
MEIS1,MAPK1,1
MEIS1,KLF3,1
MEIS1,ZFP367,1
MEIS1,TRPS1,1
MEIS1,ZFP451,1
MEIS1,MFGE8,1
MEIS1,HARS2,1
MEIS1,HARS,1
MEIS1,PSMD5,1
MEIS1,REL,1
MEIS1,NFATC2,1
MEIS1,PLAG1,1
MEIS1,COG6,1
MEIS1,MECOM,1
MEIS1,EXOC3,1
MEIS1,IPO4,1
MEIS1,EDC3,1
MEIS1,SHCBP1,1
MEIS1,VPS33B,1
MEIS1,GOLPH3,1
MEIS1,VAV1,1
MEIS1,PACSIN2,1
MEIS1,ETS1,1
MEIS1,PAFAH1B2,1
MEIS1,COPB2,1
MEIS1,HSPA4L,1
MEIS1,MARS,1
MEIS1,PCP4L1,1
MEIS1,RFC4,1
MEIS1,NDEL1,1
MEIS1,USP8,1
MEIS1,ARMC8,1
MEIS1,GRN,1
MEIS1,ZDHHC13,1
MEIS1,NDRG1,1
MEIS1,LMNA,1
MEIS1,XRCC6,1
MEIS1,MTO1,1
MEIS1,RAD51AP1,1
MEIS1,TBCD,1
MEIS1,ANAPC2,1
MEIS1,NUBP2,1
MEIS1,RASAL3,1
MEIS1,CAD,1
MEIS1,INPP5B,1
MEIS1,OSTM1,1
MEIS1,NR2C1,1
MEIS1,MIEF1,1
MEIS1,GSR,1
MEIS1,SELENOP,1
MEIS1,WDR4,1
MEIS1,UBR1,1
MEIS1,PPP6C,1
MEIS1,PRMT7,1
MEIS1,PRELID3B,1
MEIS1,HERC4,1
MEIS1,ANXA5,1
MEIS1,ABCB8,1
MEIS1,AHCYL1,1
MEIS1,METAP1,1
MEIS1,GOLT1B,1
MEIS1,TUBGCP5,1
MEIS1,MCM2,1
MEIS1,DNAJC5,1
MEIS1,OAT,1
MEIS1,INTS13,1
MEIS1,MCM7,1
MEIS1,RABGGTB,1
MEIS1,RDH11,1
MEIS1,PFKM,1
MEIS1,PSAT1,1
MEIS1,ESYT2,1
MEIS1,PDCL,1
MEIS1,METAP1D,1
MEIS1,XPNPEP1,1
MEIS1,GUSB,1
MEIS1,COLGALT1,1
MEIS1,IFRD2,1
MEIS1,CYTH4,1
MEIS1,PCCA,1
MEIS1,PON2,1
MEIS1,CYB5R3,1
MEIS1,PPOX,1
MEIS1,TSHZ3,1
MEIS1,KIF20B,1
MEIS1,MTFR1,1
MEIS1,ZBTB10,1
MEIS1,SLC40A1,1
MEIS1,CALCRL,1
MEIS1,HIST1H2BC,1
MEIS1,FUCA2,1
MEIS1,GCNT2,1
MEIS1,TSPAN3,1
MEIS1,LPCAT3,1
MEIS1,PPARGC1A,1
MEIS1,SPIRE1,1
MEIS1,CDC45,1
MEIS1,CNOT7,1
MEIS1,STAT3,1
MEIS1,FAM76B,1
MEIS1,GTF2E1,1
MEIS1,PSEN1,1
MEIS1,USP4,1
MEIS1,ISG20,1
MEIS1,GSTM1,1
MEIS1,CALU,1
MEIS1,FOXO1,1
MEIS1,TVP23B,1
MEIS1,NFE2L2,1
MEIS1,ANAPC4,1
MEIS1,CD63,1
MEIS1,PLEC,1
MEIS1,NUP155,1
MEIS1,KIF22,1
MEIS1,ITSN1,1
MEIS1,NADK,1
MEIS1,SKAP2,1
MEIS1,ISYNA1,1
MEIS1,PJA2,1
MEIS1,FAM45A,1
MEIS1,TIMM29,1
MEIS1,SPNS2,1
MEIS1,DOCK2,1
MEIS1,DPP8,1
MEIS1,TOLLIP,1
MEIS1,PLD3,1
MEIS1,TCN2,1
MEIS1,AFF4,1
MEIS1,MINPP1,1
MEIS1,CAPN7,1
MEIS1,NT5DC1,1
MEIS1,TAB1,1
MEIS1,UBAP1,1
MEIS1,NUDCD3,1
MEIS1,CDCA5,1
MEIS1,SGPP1,1
MEIS1,SUPT7L,1
MEIS1,MAPK9,1
MEIS1,HMMR,1
MEIS1,ATG4B,1
MEIS1,PITRM1,1
MEIS1,LONP1,1
MEIS1,ILVBL,1
MEIS1,EBI3,1
MEIS1,HPN,1
MEIS1,UROS,1
MEIS1,TWSG1,1
MEIS1,TOX4,1
MEIS1,SDHAF2,1
MEIS1,NUDT19,1
MEIS1,TAF12,1
MEIS1,SUN1,1
MEIS1,VPS11,1
MEIS1,RASA3,1
MEIS1,ICA1,1
MEIS1,ATAD1,1
MEIS1,VDR,1
MEIS1,XRCC5,1
MEIS1,TASP1,1
MEIS1,SP100,1
MEIS1,PBX1,1
MEIS1,NAA35,1
MEIS1,CUL4A,1
MEIS1,RARB,1
MEIS1,HEATR5A,1
MEIS1,ACAA2,1
MEIS1,RARS,1
MEIS1,UNK,1
MEIS1,UBA5,1
MEIS1,SERPINA3G,1
MEIS1,ME2,1
MEIS1,GNA13,1
MEIS1,RUVBL2,1
MEIS1,IDH3A,1
MEIS1,TYK2,1
MEIS1,CACFD1,1
MEIS1,USP37,1
MEIS1,POLD1,1
MEIS1,ZFP24,1
MEIS1,XAB2,1
MEIS1,TMEM109,1
MEIS1,TFR2,1
MEIS1,TIFA,1
MEIS1,TRIM30A,1
MEIS1,ZFP930,1
MEIS1,ZFP322A,1
MEIS1,CISH,1
MEIS1,STEAP3,1
MEIS1,CTR9,1
MEIS1,PREP,1
MEIS1,RANGAP1,1
MEIS1,ZFP143,1
MEIS1,LMO4,1
MEIS1,ELMO1,1
MEIS1,DUSP2,1
MEIS1,POLR2B,1
MEIS1,NUP85,1
MEIS1,LYRM4,1
MEIS1,LDAH,1
MEIS1,ACAP1,1
MEIS1,FAM91A1,1
MEIS1,SLC30A5,1
MEIS1,CD55,1
MEIS1,TSC22D3,1
MEIS1,LCP1,1
MEIS1,MTHFD1,1
MEIS1,TFRC,1
MEIS1,CDT1,1
MEIS1,TUBGCP2,1
MEIS1,ANKFY1,1
MEIS1,NUP93,1
MEIS1,GFM1,1
MEIS1,DUSP1,1
MEIS1,BLVRB,1
MEIS1,ATG16L1,1
MEIS1,TCF12,1
MEIS1,PIDD1,1
MEIS1,RAD51,1
MEIS1,MARCH6,1
MEIS1,CTLA2B,1
MEIS1,ABHD16A,1
MEIS1,ZFP639,1
MEIS1,L2HGDH,1
MEIS1,GNAI3,1
MEIS1,DCAF4,1
MEIS1,ZSCAN21,1
MEIS1,DCP1A,1
MEIS1,FZR1,1
MEIS1,CDCA3,1
MEIS1,PRIM2,1
MEIS1,CDCA8,1
MEIS1,ORC5,1
MEIS1,TNFAIP8,1
MEIS1,CKS1B,1
MEIS1,PPAT,1
MEIS1,RNF4,1
MEIS1,MFSD1,1
MEIS1,NOP2,1
MEIS1,RPA1,1
MEIS1,HCFC1,1
MEIS1,CCNE1,1
MEIS1,PITPNB,1
MEIS1,ATL2,1
MEIS1,PSMD6,1
MEIS1,FARSB,1
MEIS1,HMGB2,1
MEIS1,TFG,1
MEIS1,PHAX,1
MEIS1,RNF115,1
MEIS1,WDR36,1
MEIS1,GSTM5,1
MEIS1,IARS,1
MEIS1,NEDD1,1
MEIS1,CIPC,1
MEIS1,PA2G4,1
MEIS1,NUSAP1,1
MEIS1,LEPROT,1
MEIS1,AP1B1,1
MEIS1,STXBP3,1
MEIS1,PLEK,1
MEIS1,NUPR1,1
MEIS1,XRCC3,1
MEIS1,GPSM2,1
MEIS1,RRM2,1
MEIS1,COPB1,1
MEIS1,ARL6IP6,1
MEIS1,UCKL1,1
MEIS1,ZYX,1
MEIS1,SCARB1,1
MEIS1,ARHGAP4,1
MEIS1,TMEM177,1
MEIS1,PLA2G12A,1
MEIS1,GMCL1,1
MEIS1,NAMPT,1
MEIS1,MOGS,1
MEIS1,UBR7,1
MEIS1,ELOVL1,1
MEIS1,CASP2,1
MEIS1,CTSC,1
MEIS1,VKORC1L1,1
MEIS1,SNAPC3,1
MEIS1,MRM1,1
MEIS1,AP1G2,1
MEIS1,SLC39A9,1
MEIS1,TBL3,1
MEIS1,COPG1,1
MEIS1,COA5,1
MEIS1,CERS5,1
MEIS1,LMBRD1,1
MEIS1,TRMT2A,1
MEIS1,RHOF,1
MEIS1,ADSSL1,1
MEIS1,CASP3,1
MEIS1,MAU2,1
MEIS1,FOXRED1,1
MEIS1,MIS12,1
MEIS1,ELL2,1
MEIS1,TMEM129,1
MEIS1,TACC3,1
MEIS1,ABCF3,1
MEIS1,TARS,1
MEIS1,SLC30A6,1
MEIS1,KLHL23,1
MEIS1,TMEM206,1
MEIS1,RGCC,1
MEIS1,CHP1,1
MEIS1,CTPS,1
MEIS1,PHF10,1
MEIS1,PEAR1,1
MEIS1,XK,1
MEIS1,RMND5B,1
MEIS1,DNM1L,1
MEIS1,CKAP2,1
MEIS1,PQLC1,1
MEIS1,KAT7,1
MEIS1,PIK3C3,1
MEIS1,IFI204,1
MEIS1,STOM,1
MEIS1,SLC20A1,1
MEIS1,SPPL2A,1
MEIS1,NR4A1,1
MEIS1,PPIL4,1
MEIS1,FASTKD2,1
MEIS1,SPTBN1,1
MEIS1,RABIF,1
MEIS1,WDHD1,1
MEIS1,RGS2,1
MEIS1,GRAMD1A,1
MEIS1,PLIN3,1
MEIS1,CORO1A,1
MEIS1,ERLIN2,1
MEIS1,SPC25,1
MEIS1,CYTH3,1
MEIS1,DCK,1
MEIS1,D1ERTD622E,1
MEIS1,RAB32,1
MEIS1,2610301B20RIK,1
MEIS1,GNB4,1
MEIS1,ARL8B,1
MEIS1,ST8SIA4,1
MEIS1,FEM1A,1
MEIS1,CASP4,1
MEIS1,CRYZL2,1
MEIS1,NAA50,1
MEIS1,ATP6V1A,1
MEIS1,IPO9,1
MEIS1,UBXN2B,1
MEIS1,ADK,1
MEIS1,TMEM168,1
MEIS1,RNF13,1
MEIS1,KDM6A,1
MEIS1,WDR45B,1
MEIS1,PRKAB1,1
MEIS1,INKA1,1
MEIS1,SACM1L,1
MEIS1,ALG9,1
MEIS1,TRIB3,1
MEIS1,SPRYD4,1
MEIS1,LSP1,1
MEIS1,BAG2,1
MEIS1,AFG3L2,1
MEIS1,MED22,1
MEIS1,DDHD2,1
MEIS1,METTL27,1
MEIS1,FCHSD2,1
MEIS1,CRNKL1,1
MEIS1,CELA1,1
MEIS1,SVIP,1
MEIS1,PRIM1,1
MEIS1,PRC1,1
MEIS1,D230025D16RIK,1
MEIS1,ZFP110,1
MEIS1,WARS,1
MEIS1,BUB3,1
MEIS1,VPS26C,1
MEIS1,TSPAN14,1
MEIS1,SLC44A2,1
MEIS1,DENND2D,1
MEIS1,BLZF1,1
MEIS1,NIT1,1
MEIS1,RANBP3,1
MEIS1,GORASP1,1
MEIS1,SLC35A1,1
MEIS1,MSH6,1
MEIS1,RAB37,1
MEIS1,ABL1,1
MEIS1,NIF3L1,1
MEIS1,BID,1
MEIS1,RNF145,1
MEIS1,NUDCD1,1
MEIS1,BTG2,1
MEIS1,RELB,1
MEIS1,RNF139,1
MEIS1,PAK1,1
MEIS1,MXD3,1
MEIS1,CKAP5,1
MEIS1,RFESD,1
MEIS1,OPTN,1
MEIS1,E2F8,1
MEIS1,TLK1,1
MEIS1,SQLE,1
MEIS1,GLIPR2,1
MEIS1,CCNE2,1
MEIS1,SLC11A2,1
MEIS1,CLPX,1
MEIS1,PRSS50,1
MEIS1,PIGQ,1
MEIS1,TCIRG1,1
MEIS1,CENPA,1
MEIS1,STX12,1
MEIS1,HACD3,1
MEIS1,CHORDC1,1
MEIS1,MIOS,1
MEIS1,FEM1B,1
MEIS1,KLHL22,1
MEIS1,HCLS1,1
MEIS1,ENPP4,1
MEIS1,MFSD14B,1
MEIS1,CTTN,1
MEIS1,CDK19,1
MEIS1,SLC43A1,1
MEIS1,NCAPG,1
MEIS1,RB1,1
MEIS1,RCOR1,1
MEIS1,9430015G10RIK,1
MEIS1,CLN5,1
MEIS1,CBFB,1
MEIS1,SMIM15,1
MEIS1,PQLC3,1
MEIS1,SLC6A6,1
MEIS1,BUB1,1
MEIS1,NCAPD2,1
MEIS1,TERF2IP,1
MEIS1,ALDH18A1,1
MEIS1,CTSO,1
MEIS1,DNAJC10,1
MEIS1,NUP88,1
MEIS1,MARCH8,1
MEIS1,EPS15,1
MEIS1,CBX7,1
MEIS1,JUN,1
MEIS1,ELP3,1
MEIS1,SLC25A38,1
MEIS1,NRF1,1
MEIS1,ARAP1,1
MEIS1,PHB2,1
MEIS1,KLF6,1
MEIS1,EXOC2,1
MEIS1,TMX1,1
MEIS1,INCENP,1
MEIS1,DHFR,1
MEIS1,NCAPG2,1
MEIS1,EIF1AD,1
MEIS1,CD1D1,1
MEIS1,P2RX4,1
MEIS1,THUMPD3,1
MEIS1,TCP11L2,1
MEIS1,FAR1,1
MEIS1,TTF2,1
MEIS1,TMC6,1
MEIS1,SMIM5,1
MEIS1,RGS19,1
MEIS1,UBASH3A,1
MEIS1,NCEH1,1
MEIS1,DTL,1
MEIS1,ABTB1,1
MEIS1,TAPT1,1
MEIS1,GPKOW,1
MEIS1,CPQ,1
MEIS1,BCAP29,1
MEIS1,SNX10,1
MEIS1,PDE4B,1
MEIS1,NUF2,1
MEIS1,EBF1,1
MEIS1,CYB5R1,1
MEIS1,TMEM64,1
MEIS1,NFATC1,1
MEIS1,ANXA6,1
MEIS1,GFI1B,1
MEIS1,CMPK2,1
MEIS1,CLIC4,1
MEIS1,SQOR,1
MEIS1,TPX2,1
MEIS1,NOL9,1
MEIS1,TPP1,1
MEIS1,INPP1,1
MEIS1,SPHK1,1
MEIS1,BIRC5,1
MEIS1,SNAP23,1
MEIS1,SLC25A45,1
MEIS1,SLC16A1,1
MEIS1,ERCC8,1
MEIS1,TMEM186,1
MEIS1,VHL,1
MEIS1,DHX33,1
MEIS1,GIMAP6,1
MEIS1,FES,1
MEIS1,DLST,1
MEIS1,NEK9,1
MEIS1,UNC93B1,1
MEIS1,LAPTM4B,1
MEIS1,NCAPH,1
MEIS1,CENPO,1
MEIS1,ZZZ3,1
MEIS1,TOR3A,1
MEIS1,TAF1,1
MEIS1,MYH10,1
MEIS1,RAD21,1
MEIS1,TMUB2,1
MEIS1,NASP,1
MEIS1,IKZF1,1
MEIS1,KNSTRN,1
MEIS1,GPR180,1
MEIS1,GM2A,1
MEIS1,INTS8,1
MEIS1,MTREX,1
MEIS1,YPEL3,1
MEIS1,XPR1,1
MEIS1,HEBP1,1
MEIS1,COG7,1
MEIS1,ACSS1,1
MEIS1,SLC19A1,1
MEIS1,GDF3,1
MEIS1,MBTPS1,1
MEIS1,SEH1L,1
MEIS1,RPP40,1
MEIS1,POLE3,1
MEIS1,HUS1,1
MEIS1,PRDM4,1
MEIS1,ST6GALNAC4,1
MEIS1,E2F4,1
MEIS1,ODC1,1
MEIS1,HNRNPLL,1
MEIS1,ZFP961,1
MEIS1,G6PDX,1
MEIS1,TXNRD2,1
MEIS1,IFI30,1
MEIS1,ATAD2,1
MEIS1,TRMT11,1
MEIS1,MAD2L1,1
MEIS1,TUBGCP3,1
MEIS1,ANXA2,1
MEIS1,MCM3,1
MEIS1,PPP2R1B,1
MEIS1,PIP4K2A,1
MEIS1,GMFB,1
MEIS1,SAMD14,1
MEIS1,HDAC7,1
MEIS1,TRMT6,1
MEIS1,ATG12,1
MEIS1,AP3S1,1
MEIS1,ELP2,1
MEIS1,TGM2,1
MEIS1,KLHL24,1
MEIS1,ZFP36,1
MEIS1,NELFB,1
MEIS1,ARHGAP15,1
MEIS1,AFAP1L1,1
MEIS1,TIPIN,1
MEIS1,POLR1B,1
MEIS1,GOSR2,1
MEIS1,NECAP2,1
MEIS1,STXBP1,1
MEIS1,EFTUD2,1
MEIS1,PSTPIP1,1
MEIS1,GSKIP,1
MEIS1,CSTF2,1
MEIS1,MRPL37,1
MEIS1,CCNF,1
MEIS1,RNF19A,1
MEIS1,MCM4,1
MEIS1,FBXO5,1
MEIS1,APLP2,1
MEIS1,CCNB1,1
MEIS1,TMEM164,1
MEIS1,ETF1,1
MEIS1,TMEM68,1
MEIS1,PWP2,1
MEIS1,LANCL2,1
MEIS1,B230219D22RIK,1
MEIS1,SNRPB,1
MEIS1,EZR,1
MEIS1,ZFP397,1
MEIS1,GNG11,1
MEIS1,FIGNL1,1
MEIS1,ZFP62,1
MEIS1,SMC2,1
MEIS1,NAPSA,1
MEIS1,BMI1,1
MEIS1,MAVS,1
MEIS1,DNAJC11,1
MEIS1,VPS35,1
MEIS1,ORC6,1
MEIS1,LPIN2,1
MEIS1,OTUD6B,1
MEIS1,UGCG,1
MEIS1,CHMP3,1
MEIS1,SLC41A3,1
MEIS1,FTSJ3,1
MEIS1,PSMF1,1
MEIS1,TENT5A,1
MEIS1,TLR4,1
MEIS1,CHMP7,1
MEIS1,GTF2F1,1
MEIS1,RAB31,1
MEIS1,COPS8,1
MEIS1,ZMYM3,1
MEIS1,PSEN2,1
MEIS1,NDOR1,1
MEIS1,HAUS2,1
MEIS1,USP10,1
MEIS1,TRIM59,1
MEIS1,SERPINB9,1
MEIS1,BTAF1,1
MEIS1,NUDT9,1
MEIS1,CEP70,1
MEIS1,GNPDA1,1
MEIS1,D10WSU102E,1
MEIS1,RORA,1
MEIS1,MYC,1
MEIS1,MCM5,1
MEIS1,MYO1D,1
MEIS1,MCM6,1
MEIS1,BUB1B,1
MEIS1,ORC2,1
MEIS1,CNOT10,1
MEIS1,FBXW5,1
MEIS1,ESR1,1
MEIS1,BAP1,1
MEIS1,ABCD3,1
MEIS1,KPNA3,1
MEIS1,DECR1,1
MEIS1,CYP20A1,1
MEIS1,APBB1,1
MEIS1,GARS,1
MEIS1,DDX1,1
MEIS1,UMPS,1
MEIS1,ASNS,1
MEIS1,CRBN,1
MEIS1,TANGO2,1
MEIS1,DENND1C,1
MEIS1,QARS,1
MEIS1,PIK3R2,1
MEIS1,ASAH1,1
MEIS1,PTDSS2,1
MEIS1,EYA2,1
MEIS1,MAPKAPK3,1
MEIS1,TOPORS,1
MEIS1,SALL2,1
MEIS1,HDGF,1
MEIS1,CITED4,1
MEIS1,NCLN,1
MEIS1,MFNG,1
MEIS1,HELLS,1
MEIS1,TMEM185A,1
MEIS1,MIS18BP1,1
MEIS1,CPT2,1
MEIS1,ZBTB43,1
MEIS1,PSMD9,1
MEIS1,IFT140,1
MEIS1,LY6A,1
MEIS1,LRRC14,1
MEIS1,FGFR1OP,1
MEIS1,EIF4ENIF1,1
MEIS1,USP25,1
MEIS1,KIF11,1
MEIS1,WDR6,1
MEIS1,TCF19,1
MEIS1,HPCAL1,1
MEIS1,SCFD1,1
MEIS1,ATP6AP1,1
MEIS1,PTPN12,1
MEIS1,PNO1,1
MEIS1,SATB1,1
MEIS1,4833439L19RIK,1
MEIS1,SMAD2,1
MEIS1,MT1,1
MEIS1,NDC1,1
MEIS1,FAAP100,1
MEIS1,PRKAR2B,1
MEIS1,ADAMTS10,1
MEIS1,ALDH9A1,1
MEIS1,CREB5,1
MEIS1,ATP13A1,1
MEIS1,ANKLE1,1
MEIS1,SETD2,1
MEIS1,ZFP592,1
MEIS1,SEPT6,1
MEIS1,HNRNPAB,1
MEIS1,RUNX1T1,1
MEIS1,LRRC8C,1
MEIS1,LIG1,1
MEIS1,ENDOD1,1
MEIS1,PMPCA,1
MEIS1,PLIN2,1
MEIS1,CDC20,1
MEIS1,SNRNP200,1
MEIS1,RPAP1,1
MEIS1,GMNN,1
MEIS1,PTCD3,1
MEIS1,LTB,1
MEIS1,LAP3,1
MEIS1,SPPL2B,1
MEIS1,TMEM263,1
MEIS1,CSAD,1
MEIS1,PHACTR2,1
MEIS1,XPC,1
MEIS1,CD84,1
MEIS1,PGM1,1
MEIS1,JPT2,1
MEIS1,EPAS1,1
MEIS1,GFI1,1
MEIS1,PRPF4,1
MEIS1,UHRF1,1
MEIS1,PRKCH,1
MEIS1,CTNNA1,1
MEIS1,ARMT1,1
MEIS1,ICE1,1
MEIS1,DDX58,1
MEIS1,BTRC,1
MEIS1,DPH6,1
MEIS1,H2-OB,1
MEIS1,FOS,1
MEIS1,RUNX2,1
MEIS1,CD74,1
MEIS1,GATM,1
MEIS1,SGPL1,1
MEIS1,NAGA,1
MEIS1,LYZ2,1
MEIS1,H2-DMB1,1
MEIS1,SLC29A1,1
MEIS1,FLOT2,1
MEIS1,CUL3,1
MEIS1,NPLOC4,1
MEIS1,PDK3,1
MEIS1,HMBS,1
MEIS1,DUS1L,1
MEIS1,AMPD3,1
MEIS1,LCP2,1
MEIS1,GANAB,1
MEIS1,HDAC11,1
MEIS1,ZFP275,1
MEIS1,SLC22A3,1
MEIS1,NFXL1,1
MEIS1,SLA2,1
MEIS1,ID2,1
MEIS1,IRF5,1
MEIS1,ABI1,1
MEIS1,MFSD2B,1
MEIS1,TBXAS1,1
MEIS1,COQ8A,1
MEIS1,ZKSCAN3,1
MEIS1,ZFP871,1
MEIS1,TYMS,1
MEIS1,GSS,1
MEIS1,ALAD,1
MEIS1,PRKCQ,1
MEIS1,HDAC2,1
MEIS1,RBPMS,1
MEIS1,AHR,1
MEIS1,ANK,1
MEIS1,SNCA,1
MEIS1,HSPH1,1
MEIS1,TNFAIP2,1
MEIS1,ALKBH8,1
MEIS1,NPTN,1
MEIS1,ZDHHC6,1
MEIS1,TSPAN33,1
MEIS1,SLC25A21,1
MEIS1,METTL8,1
MEIS1,MEF2C,1
MEIS1,LZTR1,1
MEIS1,CD93,1
MEIS1,CCNB2,1
MEIS1,ANKRD27,1
MEIS1,UTP4,1
MEIS1,TTF1,1
MEIS1,STX17,1
MEIS1,ZEB2,1
MEIS1,PCYT2,1
MEIS1,ZFP266,1
MEIS1,WDR73,1
MEIS1,PBK,1
MEIS1,DEK,1
MEIS1,TTLL12,1
MEIS1,PLCB2,1
MEIS1,ABCB4,1
MEIS1,YOD1,1
MEIS1,MGST3,1
MEIS1,SRSF1,1
MEIS1,HSDL1,1
MEIS1,MYB,1
MEIS1,MUC13,1
MEIS1,PPM1H,1
MEIS1,FPGS,1
MEIS1,RNF141,1
MEIS1,MARCH5,1
MEIS1,CSGALNACT2,1
MEIS1,NET1,1
MEIS1,SLC39A10,1
MEIS1,POT1A,1
MEIS1,FTSJ1,1
MEIS1,UAP1L1,1
MEIS1,FAM168B,1
MEIS1,AHCTF1,1
MEIS1,FAM136A,1
MYC,WDR4,1
MYC,NOLC1,1
MYC,POLR1B,1
MYC,IFRD2,1
MYC,TARS,1
MYC,ALDH18A1,1
MYC,HDGF,1
MYC,IARS,1
MYC,AURKA,1
MYC,DPH6,1
MYC,WDR36,1
MYC,SLC19A1,1
MYC,MRM1,1
MYC,CAD,1
MYC,CYP20A1,1
MYC,TAF12,1
MYC,DDHD2,1
MYC,RNF145,1
MYC,NOP2,1
MYC,MCM7,1
MYC,DCTD,1
MYC,YBX3,1
MYC,NUDT9,1
MYC,BYSL,1
MYC,GMFB,1
MYC,ZZZ3,1
MYC,SLC29A1,1
MYC,SLC20A1,1
MYC,DHX33,1
MYC,STAT3,1
MYC,CTPS,1
MYC,BAP1,1
MYC,PSAT1,1
MYC,D10WSU102E,1
MYC,ZFP451,1
MYC,PITPNB,1
MYC,ADK,1
MYC,PPAT,1
MYC,MTHFD1,1
MYC,SRSF1,1
MYC,WDR55,1
MYC,PKM,1
MYC,FNTA,1
MYC,EIF1AD,1
MYC,NOL9,1
MYC,TFRC,1
MYC,PA2G4,1
MYC,THUMPD3,1
MYC,HMMR,1
MYC,ODC1,1
MYC,TMEM186,1
MYC,TRMT6,1
MYC,XRCC6,1
MYC,IPO4,1
MYC,LAP3,1
MYC,CKS1B,1
MYC,ASNS,1
MYC,ATAD1,1
MYC,POGLUT1,1
MYC,SEH1L,1
MYC,CCNE2,1
MYC,PRMT7,1
MYC,PWP1,1
MYC,ST6GALNAC4,1
MYC,NUDCD1,1
MYC,NUP85,1
MYC,UBE2C,1
MYC,PUS7,1
MYC,YBX1,1
MYC,HAGH,1
MYC,PTCD3,1
MYC,ORC5,1
MYC,TRMT2A,1
MYC,MTMR6,1
MYC,SMARCA2,1
MYC,FPGS,1
MYC,P2RX4,1
MYC,ELAC2,1
MYC,CD63,1
MYC,RNF13,1
MYC,FARSB,1
MYC,TMEM97,1
MYC,FAM91A1,1
MYC,HNRNPAB,1
MYC,SPPL2B,1
MYC,EIF2B1,1
MYC,TERF2IP,1
MYC,PSMD5,1
MYC,RANGAP1,1
MYC,RFC5,1
MYC,RNF4,1
MYC,GTF2H1,1
MYC,STT3B,1
MYC,TBL3,1
MYC,NCLN,1
MYC,WDR75,1
MYC,CLPTM1L,1
MYC,UTP4,1
MYC,NFE2L2,1
MYC,DCAF13,1
MYC,XPC,1
MYC,RABGGTB,1
MYC,BIRC5,1
MYC,PNO1,1
MYC,SLC30A5,1
MYC,SLC39A10,1
MYC,FASTKD2,1
MYC,FTSJ3,1
MYC,LRRFIP1,1
MYC,METTL8,1
MYC,ATAD2,1
MYC,ME2,1
MYC,XRCC5,1
MYC,FCHSD2,1
MYC,PITRM1,1
MYC,ZFP639,1
MYC,TBC1D15,1
MYC,HDAC2,1
MYC,SGTA,1
MYC,RUVBL2,1
MYC,L2HGDH,1
MYC,BCAP29,1
MYC,DPP8,1
MYC,COLGALT1,1
MYC,WDR73,1
MYC,JPT2,1
MYC,METAP1,1
MYC,SNRPB,1
MYC,TMEM109,1
MYC,PRDM4,1
MYC,ARL6IP6,1
MYC,SLC39A9,1
MYC,FEM1A,1
MYC,RPP40,1
MYC,NCAPD2,1
MYC,ATP7B,1
MYC,ALG11,1
MYC,GARS,1
MYC,BUB1B,1
MYC,LONP1,1
MYC,ZBTB10,1
MYC,NUP155,1
MYC,UBL4A,1
MYC,RABIF,1
MYC,CENPO,1
MYC,ELP2,1
MYC,POLR2B,1
MYC,NDRG1,1
MYC,TASP1,1
MYC,MIOS,1
MYC,GORASP1,1
MYC,PSEN1,1
MYC,FKBP1A,1
MYC,NUDCD3,1
MYC,PTDSS2,1
MYC,CDT1,1
MYC,NET1,1
MYC,MED22,1
MYC,NASP,1
MYC,FAM136A,1
MYC,NUDT19,1
MYC,ALAD,1
MYC,CIPC,1
MYC,KPNA3,1
MYC,WDR5,1
MYC,COQ8A,1
MYC,EFTUD2,1
MYC,WARS,1
MYC,LDAH,1
MYC,PHB2,1
MYC,DTL,1
MYC,NADK,1
MYC,TVP23B,1
MYC,RFESD,1
MYC,SPRYD4,1
MYC,MINPP1,1
MYC,VPS26C,1
MYC,METAP1D,1
MYC,RAD51AP1,1
MYC,SLC35A1,1
MYC,ERLIN1,1
MYC,NRF1,1
MYC,DUSP2,1
MYC,TXNRD2,1
MYC,TRMT11,1
MYC,AHCTF1,1
MYC,CKAP2,1
MYC,POLA2,1
MYC,VPS33A,1
MYC,PRDM5,1
MYC,RCC1,1
MYC,UNK,1
MYC,HSPH1,1
MYC,TIMM50,1
MYC,PIK3R2,1
MYC,MARS,1
MYC,PRPF4,1
MYC,AHCYL1,1
MYC,REXO4,1
MYC,MTAP,1
MYC,RMND5A,1
MYC,NDOR1,1
MYC,NUP107,1
MYC,MFSD1,1
MYC,CLCN4,1
MYC,BTAF1,1
MYC,MTREX,1
MYC,TAB1,1
MYC,TMEM68,1
MYC,PREP,1
MYC,NUP93,1
MYC,LYRM4,1
MYC,ZFP930,1
MYC,PLA2G12A,1
MYC,IDH3A,1
MYC,FZR1,1
MYC,SLC6A6,1
MYC,NAMPT,1
MYC,SPTBN1,1
MYC,USP4,1
MYC,NCEH1,1
MYC,TOPORS,1
MYC,GEMIN5,1
MYC,ORC2,1
MYC,SLC16A1,1
MYC,ABHD16A,1
MYC,TMC6,1
MYC,CHAMP1,1
MYC,MAPK1,1
MYC,FGFR1OP,1
MYC,SNX10,1
MYC,FOXRED1,1
MYC,ELP3,1
MYC,FIGNL1,1
MYC,USP8,1
MYC,LZTR1,1
MYC,1700017B05RIK,1
MYC,CCNB1,1
MYC,PBK,1
MYC,UBE2G2,1
MYC,POLE3,1
MYC,FBXO5,1
MYC,HIST1H2BC,1
MYC,RRM1,1
MYC,USP10,1
MYC,MCM6,1
MYC,NFXL1,1
MYC,GSR,1
MYC,DNAJC5,1
MYC,SMAD2,1
MYC,COA5,1
MYC,GUSB,1
MYC,XPNPEP1,1
MYC,MIEF1,1
MYC,DUS1L,1
MYC,DDX20,1
MYC,SERPINF1,1
MYC,ICA1,1
MYC,MOGS,1
MYC,PLEC,1
MYC,ZFP655,1
MYC,DNPEP,1
MYC,NDEL1,1
MYC,PCYT1A,1
MYC,LIG1,1
MYC,PTDSS1,1
MYC,HUS1,1
MYC,HARS2,1
MYC,HARS,1
MYC,RPA1,1
MYC,ARMT1,1
MYC,TTF2,1
MYC,COPS8,1
MYC,WDHD1,1
MYC,MTFR1,1
MYC,ETF1,1
MYC,CCDC137,1
MYC,ASAH1,1
MYC,HMBS,1
MYC,PWP2,1
MYC,RORC,1
MYC,ATP13A1,1
MYC,CLIC4,1
MYC,INCENP,1
MYC,WDR45B,1
MYC,NDC1,1
MYC,SESN1,1
MYC,MBTPS1,1
MYC,ABCF3,1
MYC,FEM1B,1
MYC,DNAJC11,1
MYC,HSDL1,1
MYC,AFG3L2,1
MYC,CLN5,1
MYC,ARMC8,1
MYC,STX12,1
MYC,ICE1,1
MYC,ZFP62,1
MYC,TRIM47,1
MYC,BID,1
MYC,SNRNP200,1
MYC,CDCA3,1
MYC,ZFP397,1
MYC,RNF115,1
MYC,ZBTB43,1
MYC,UMPS,1
MYC,TMEM206,1
MYC,NEDD1,1
MYC,UHRF1,1
MYC,ESYT2,1
MYC,PPP2R1B,1
MYC,GPR180,1
MYC,NUSAP1,1
MYC,ZFP266,1
MYC,EXOC2,1
MYC,ZFP961,1
MYC,PIK3C3,1
MYC,HEXA,1
MYC,CDK1,1
MYC,EIF4ENIF1,1
MYC,DDX1,1
MYC,FAAP100,1
MYC,MT2,1
MYC,NELFB,1
MYC,TTLL12,1
MYC,DLST,1
MYC,CYB5R1,1
MYC,UBA5,1
MYC,PLAA,1
MYC,GYPC,1
MYC,ZDHHC6,1
MYC,RGS19,1
MYC,9430015G10RIK,1
MYC,ERCC8,1
MYC,NDUFV1,1
MYC,MARCH8,1
MYC,GOLT1B,1
MYC,POLD1,1
MYC,EZR,1
MYC,CERS5,1
MYC,MCM3,1
MYC,ADO,1
MYC,GTF2E1,1
MYC,NAA50,1
MYC,ELOVL1,1
MYC,HAUS2,1
MYC,ATP6V1A,1
MYC,MIS18BP1,1
MYC,TPX2,1
MYC,GSS,1
MYC,USP37,1
MYC,EMILIN1,1
MYC,BAG2,1
MYC,OTUD6B,1
MYC,NARF,1
MYC,CRBN,1
MYC,RGS2,1
MYC,ZFP672,1
MYC,MXD3,1
MYC,SCARB1,1
MYC,SGO1,1
MYC,GFM1,1
MYC,NIF3L1,1
MYC,CEP70,1
MYC,ZYX,1
MYC,TRPS1,1
MYC,SNAPC3,1
MYC,ABL1,1
MYC,VPS11,1
MYC,RARS,1
MYC,DPH2,1
MYC,PQLC1,1
MYC,TOM1L1,1
MYC,RNF213,1
MYC,ACAA2,1
MYC,TBCD,1
MYC,RNF139,1
MYC,FAM76B,1
MYC,CCNA2,1
MYC,CASP2,1
MYC,HCFC1,1
MYC,ALDH9A1,1
MYC,VPS33B,1
MYC,AURKB,1
MYC,RASSF5,1
MYC,LRRC14,1
MYC,CALU,1
MYC,ATG16L1,1
MYC,ATG4B,1
MYC,TUBGCP2,1
MYC,GCLC,1
MYC,PCYT2,1
MYC,SLC25A46,1
MYC,TCP11L2,1
MYC,STK25,1
MYC,ANKLE1,1
MYC,ZKSCAN6,1
MYC,ZFP35,1
MYC,TMEM129,1
MYC,TACC3,1
MYC,MT1,1
MYC,FAM45A,1
MYC,NAA35,1
MYC,KAT7,1
MYC,D230025D16RIK,1
MYC,SQLE,1
MYC,PLD3,1
MYC,CDCA4,1
MYC,DCP1A,1
MYC,MTO1,1
MYC,DCAF11,1
MYC,ANAPC2,1
MYC,SGPP1,1
MYC,CHMP7,1
MYC,TMEM168,1
MYC,LMBRD1,1
MYC,KIF20B,1
MYC,EXT2,1
MYC,CSTF2,1
MYC,ABCD3,1
MYC,NDE1,1
MYC,ZFP110,1
MYC,IFT140,1
MYC,ILVBL,1
MYC,TRIM59,1
MYC,PRC1,1
MYC,RHOT1,1
MYC,MRPL37,1
MYC,RANBP3,1
MYC,SLC43A1,1
MYC,RAI14,1
MYC,TIMM29,1
MYC,CUL4A,1
MYC,ANKFY1,1
MYC,NFAT5,1
MYC,NGLY1,1
MYC,PACSIN2,1
MYC,POLR3F,1
MYC,VKORC1L1,1
MYC,CHORDC1,1
MYC,ANKRD27,1
MYC,MEMO1,1
MYC,ANXA5,1
MYC,D1ERTD622E,1
MYC,PLAG1,1
MYC,GMCL1,1
MYC,CDCA8,1
MYC,NUPR1,1
MYC,TMEM177,1
MYC,INTS13,1
MYC,ARL8B,1
MYC,ZDHHC13,1
MYC,GOSR2,1
MYC,CPQ,1
MYC,DNM1L,1
MYC,SMC2,1
MYC,TYMS,1
MYC,CDK19,1
MYC,TMEM64,1
MYC,TUBGCP3,1
MYC,RPA2,1
MYC,GM2A,1
MYC,UROS,1
MYC,PICALM,1
MYC,MSH6,1
MYC,SMIM15,1
MYC,DUSP1,1
MYC,TFG,1
MYC,BLZF1,1
MYC,HERC4,1
MYC,ANAPC4,1
MYC,SP4,1
MYC,RMND5B,1
MYC,TOP2A,1
MYC,RFC4,1
MYC,TIPIN,1
MYC,NARFL,1
MYC,NEK9,1
MYC,GNAI3,1
MYC,PPIL4,1
MYC,ERLIN2,1
MYC,CAPN7,1
MYC,COPG1,1
MYC,PRELID3B,1
MYC,GSTM1,1
MYC,CKAP5,1
MYC,CHMP3,1
MYC,E2F6,1
MYC,RDH11,1
MYC,CARHSP1,1
MYC,RPRD1B,1
MYC,PHAX,1
MYC,NCAPG2,1
MYC,NIT1,1
MYC,PSMD9,1
MYC,GSKIP,1
MYC,PFKM,1
MYC,WDR6,1
MYC,DCAF4,1
MYC,MORC3,1
MYC,CCNF,1
MYC,STEAP3,1
MYC,UCKL1,1
MYC,ATL2,1
MYC,ISYNA1,1
MYC,NUF2,1
MYC,GSTM5,1
MYC,CDCA5,1
MYC,DIS3L2,1
MYC,INTS8,1
MYC,HEATR5A,1
MYC,ZFP143,1
MYC,ST8SIA4,1
MYC,ZFP322A,1
MYC,TAPT1,1
MYC,PSMF1,1
MYC,NFIA,1
MYC,AP5M1,1
MYC,CSAD,1
MYC,IARS2,1
MYC,PIGQ,1
MYC,CNOT10,1
MYC,GNPDA1,1
MYC,AP1B1,1
MYC,SPPL2A,1
MYC,AK3,1
MYC,CHUK,1
MYC,ARAP1,1
MYC,E2F8,1
MYC,PMPCA,1
MYC,NAE1,1
MYC,TM7SF3,1
MYC,WDSUB1,1
MYC,AP1G2,1
MYC,CENPF,1
MYC,INKA1,1
MYC,DHFR,1
MYC,RASA3,1
MYC,B230219D22RIK,1
MYC,MAVS,1
MYC,ADAMTS10,1
MYC,NUDT4,1
MYC,E2F4,1
MYC,UBXN2B,1
MYC,EXOC3,1
MYC,MFN2,1
MYC,BUB3,1
MYC,HNRNPLL,1
MYC,GFI1,1
MYC,STXBP3,1
MYC,SUN1,1
MYC,PAFAH1B2,1
MYC,CPT2,1
MYC,PHF10,1
MYC,MYH10,1
MYC,KIDINS220,1
MYC,RNF141,1
MYC,BLVRB,1
MYC,TSPAN3,1
MYC,GALK2,1
MYC,GNA13,1
MYC,REL,1
MYC,PON2,1
MYC,CNIH1,1
MYC,ITFG1,1
MYC,NCAPG,1
MYC,GTF2F1,1
MYC,KNSTRN,1
MYC,ETS1,1
MYC,SKAP2,1
MYC,PGM1,1
MYC,CTSC,1
MYC,SPNS2,1
MYC,CCNB2,1
MYC,HLF,1
MYC,BTRC,1
MYC,UBR7,1
MYC,TMEM56,1
MYC,UAP1L1,1
MYC,TMX1,1
MYC,CCNE1,1
MYC,CNOT7,1
MYC,TNFAIP8,1
MYC,LANCL2,1
MYC,RPAP1,1
MYC,SCRN3,1
MYC,RUNX1T1,1
MYC,GANAB,1
MYC,MAPK9,1
MYC,LMNA,1
MYC,PRKAB1,1
MYC,RCOR1,1
MYC,OSTM1,1
MYC,ABCB10,1
MYC,PCCA,1
MYC,PACS1,1
MYC,NT5DC1,1
MYC,CDC20,1
MYC,CAST,1
MYC,MCM2,1
MYC,MAN1A,1
MYC,TMUB2,1
MYC,ABCB8,1
MYC,RAD51,1
MYC,PSEN2,1
MYC,KIF11,1
MYC,SACM1L,1
MYC,IRF8,1
MYC,ACSS2,1
MYC,DCK,1
MYC,ANXA4,1
MYC,MAD2L1,1
MYC,TLK1,1
MYC,OAT,1
MYC,HACD3,1
MYC,ZFP871,1
MYC,NCAPH,1
MYC,UAP1,1
MYC,SLC30A6,1
MYC,PRIM1,1
MYC,GYG,1
MYC,PRPS2,1
MYC,ABTB1,1
MYC,CELA1,1
MYC,MAU2,1
MYC,XRCC3,1
MYC,KLHL24,1
MYC,CDC6,1
MYC,POT1A,1
MYC,PSMD6,1
MYC,SLC44A2,1
MYC,MFGE8,1
MYC,ATP6AP1,1
MYC,CD82,1
MYC,MCM4,1
MYC,CACFD1,1
MYC,LPCAT1,1
MYC,ALKBH8,1
MYC,MEIS1,1
MYC,PRPS1,1
MYC,RRM2,1
MYC,EDC3,1
MYC,CBX7,1
MYC,NPTN,1
MYC,SETD2,1
MYC,SLC31A1,1
MYC,VPS35,1
MYC,ORC6,1
MYC,CYTH3,1
MYC,FAM168B,1
MYC,ZFP24,1
MYC,ZFP367,1
MYC,TOX4,1
MYC,CRK,1
MYC,HSD3B7,1
MYC,CPOX,1
MYC,CENPA,1
MYC,IPO9,1
MYC,LPCAT3,1
MYC,VAMP3,1
MYC,CDC7,1
MYC,JARID2,1
MYC,SEC23IP,1
MYC,ZFP275,1
MYC,SPC25,1
MYC,COPB2,1
MYC,HEBP1,1
MYC,PLK1,1
MYC,HSPA4L,1
MYC,MIS12,1
MYC,NFKBIA,1
MYC,UBAC1,1
MYC,SDHAF2,1
MYC,TWSG1,1
MYC,ITSN1,1
MYC,CUL3,1
MYC,MED16,1
MYC,CLPX,1
MYC,FADS1,1
MYC,CEPT1,1
MYC,CYB5R3,1
MYC,NFE2,1
MYC,FBXW5,1
MYC,NUBP2,1
MYC,STXBP4,1
MYC,TK1,1
MYC,DRAM2,1
MYC,STX17,1
MYC,CTR9,1
MYC,MNS1,1
MYC,MYB,1
MYC,SELENBP1,1
MYC,BTG2,1
MYC,TCF12,1
MYC,HMGB2,1
MYC,PRIM2,1
MYC,TTF1,1
MYC,LMO4,1
MYC,HELLS,1
MYC,STOM,1
MYC,CKAP2L,1
MYC,COG7,1
MYC,IRF1,1
MYC,IL15,1
MYC,TSPAN14,1
MYC,CBFB,1
MYC,MARCH5,1
MYC,NR2C1,1
MYC,PRKAR2B,1
MYC,TMEM263,1
MYC,CRIP2,1
MYC,HIST1H1C,1
MYC,CTTN,1
MYC,AFF4,1
MYC,SCFD1,1
MYC,VHL,1
MYC,VILL,1
MYC,TMX3,1
MYC,ANXA6,1
MYC,PKLR,1
MYC,NR4A1,1
MYC,SLC25A38,1
MYC,USF3,1
MYC,ALG9,1
MYC,TMEM176B,1
MYC,FAR1,1
MYC,KLF3,1
MYC,ARHGEF18,1
MYC,MGST3,1
MYC,TMEM176A,1
MYC,AHR,1
MYC,TYK2,1
MYC,ANK,1
MYC,CHP1,1
MYC,H1F0,1
MYC,UBR1,1
MYC,EPS15,1
MYC,MCM10,1
MYC,GMNN,1
MYC,DNAJC10,1
MYC,RNF19A,1
MYC,ADSSL1,1
MYC,FTSJ1,1
MYC,TMEM164,1
MYC,2610301B20RIK,1
MYC,GRN,1
MYC,GLIPR2,1
MYC,APLP2,1
MYC,QARS,1
MYC,PDE4B,1
MYC,CD9,1
MYC,LPIN2,1
MYC,GLIS2,1
MYC,CENPK,1
MYC,ZEB2,1
MYC,RGCC,1
MYC,PPM1H,1
MYC,TUBGCP5,1
MYC,ASF1B,1
MYC,TCF19,1
MYC,ISG20,1
MYC,UGCG,1
MYC,2210016F16RIK,1
MYC,DEK,1
MYC,ASB8,1
MYC,MCM5,1
MYC,NSDHL,1
MYC,AAR2,1
MYC,LAPTM4B,1
MYC,SLC25A45,1
MYC,CSGALNACT2,1
MYC,PAK1,1
MYC,RAD21,1
MYC,CTNNA1,1
MYC,DENND2D,1
MYC,LDHB,1
MYC,PLIN2,1
MYC,MARCH6,1
MYC,GCNT2,1
MYC,TOLLIP,1
MYC,LCP1,1
MYC,MYNN,1
MYC,WLS,1
MYC,ATP6AP2,1
MYC,CREB5,1
MYC,LEPROT,1
MYC,CASP3,1
MYC,PRKAA1,1
MYC,SPTLC1,1
MYC,HDAC11,1
MYC,NUP88,1
MYC,IFI30,1
MYC,MFSD2B,1
MYC,ZKSCAN17,1
MYC,USP25,1
MYC,SUPT7L,1
MYC,MAN2A2,1
MYC,ANGPT1,1
MYC,UNC93B1,1
MYC,XAB2,1
MYC,MAPK12,1
MYC,PQLC3,1
MYC,SERPINB9,1
MYC,TRIB3,1
MYC,TGM2,1
MYC,NSMAF,1
MYC,MAPKAPK3,1
MYC,INPP5B,1
MYC,GPSM2,1
MYC,CD1D1,1
MYC,PJA2,1
MYC,MFNG,1
MYC,PDCL,1
MYC,EPDR1,1
MYC,SVIP,1
MYC,RAB31,1
MYC,SLC25A21,1
MYC,KDM6A,1
MYC,PRDM16,1
MYC,PTPN12,1
MYC,STXBP1,1
MYC,XK,1
MYC,FAM234B,1
MYC,EMB,1
MYC,CYTIP,1
MYC,PPP6C,1
MYC,NFATC1,1
MYC,MYO1D,1
MYC,SPC24,1
MYC,APBB1,1
MYC,COPB1,1
MYC,UBAP1,1
MYC,RAB32,1
MYC,PLIN3,1
MYC,SSX2IP,1
MYC,PPOX,1
MYC,CES2G,1
MYC,CDC45,1
MYC,THRB,1
MYC,HPCAL1,1
MYC,SELENOP,1
MYC,MKI67,1
MYC,ABCB4,1
MYC,4833439L19RIK,1
MYC,UROD,1
MYC,HDAC9,1
MYC,G6PDX,1
MYC,ENDOD1,1
MYC,C330018D20RIK,1
MYC,GRAMD1A,1
MYC,ID2,1
MYC,GOLPH3,1
MYC,PDK3,1
MYC,ITIH5,1
MYC,FECH,1
MYC,ELMO1,1
MYC,TENT5A,1
MYC,SPHK1,1
MYC,ACOX1,1
MYC,CUL2,1
MYC,TEAD2,1
MYC,ZKSCAN3,1
MYC,ST3GAL5,1
MYC,TFR2,1
MYC,NAGA,1
MYC,YPEL3,1
MYC,CMPK2,1
MYC,XPR1,1
MYC,CCNG1,1
MYC,COG6,1
MYC,CNP,1
MYC,INPP1,1
MYC,PTGS1,1
MYC,EBF1,1
MYC,IRF5,1
MYC,TAF1,1
MYC,BMI1,1
MYC,PLBD2,1
MYC,PLCG2,1
MYC,RORA,1
MYC,RELB,1
MYC,FOXO1,1
MYC,ZMYM3,1
MYC,HNF4A,1
MYC,TSPAN33,1
MYC,ZFP592,1
MYC,HPN,1
MYC,CENPE,1
MYC,TRIB2,1
MYC,TANGO2,1
MYC,SOX6,1
MYC,ENPP4,1
MYC,PPIC,1
MYC,METTL7A1,1
MYC,GPKOW,1
MYC,DDX58,1
MYC,CRNKL1,1
MYC,MBOAT2,1
MYC,TPP1,1
MYC,NFATC2,1
MYC,ABI1,1
MYC,SLC11A2,1
MYC,KLHL22,1
MYC,CRYZL2,1
MYC,BCLAF3,1
MYC,ACSS1,1
MYC,SLC41A3,1
MYC,PIP4K2A,1
MYC,GTF3C3,1
MYC,TES,1
MYC,BC005561,1
MYC,NPLOC4,1
MYC,OPTN,1
MYC,F11R,1
MYC,GRINA,1
MYC,JUN,1
MYC,SLC7A4,1
MYC,METTL27,1
MYC,GATM,1
MYC,TEAD3,1
MYC,UBA3,1
MYC,KIF22,1
MYC,SGPL1,1
MYC,TCIRG1,1
MYC,KLF6,1
MYC,FES,1
MYC,MEF2C,1
MYC,APEH,1
MYC,ATP11C,1
MYC,VPS41,1
MYC,YOD1,1
MYC,TLR4,1
MYC,RARB,1
MYC,C1QTNF12,1
MYC,APOE,1
MYC,LIMD2,1
MYC,ATG12,1
MYC,AP3S1,1
MYC,LLGL1,1
MYC,PBX1,1
MYC,ELF4,1
MYC,NOTCH1,1
MYC,CNN2,1
MYC,RB1,1
MYC,DOCK2,1
MYC,ZSCAN21,1
MYC,KLHL23,1
MYC,FLOT2,1
MYC,SHCBP1,1
MYC,MFSD14B,1
MYC,CTSE,1
MYC,TREML2,1
MYC,IKZF1,1
MYC,LSP1,1
MYC,IRF6,1
MYC,PCLAF,1
MYC,HDAC7,1
MYC,TBC1D2B,1
MYC,VIM,1
MYC,TMEM185A,1
MYC,PPARGC1A,1
MYC,CISH,1
MYC,GOLM1,1
MYC,LY6A,1
MYC,JAK3,1
MYC,DECR1,1
MYC,CITED4,1
MYC,BUB1,1
MYC,MCTP1,1
MYC,RUNX2,1
MYC,SNAP23,1
MYC,ITGA6,1
MYC,LRRC8C,1
MYC,ZFP30,1
MYC,SALL2,1
MYC,AQP1,1
MYC,NR3C2,1
MYC,PSTPIP1,1
MYC,PLEK,1
MYC,SDSL,1
MYC,CD55,1
MYC,CALCRL,1
MYC,KRT18,1
MYC,ATP2A3,1
MYC,HOXA9,1
MYC,ACAP1,1
MYC,SPI1,1
MYC,TBC1D10C,1
MYC,VDR,1
MYC,NECAP2,1
MYC,HCLS1,1
MYC,SEPT8,1
MYC,NAPSA,1
MYC,CD48,1
MYC,TBXAS1,1
MYC,EGR1,1
MYC,MECOM,1
MYC,GBP2,1
MYC,UBASH3A,1
MYC,CD93,1
MYC,MYO1G,1
MYC,IL27RA,1
MYC,P2RY14,1
MYC,TNFAIP2,1
MYC,CHCHD10,1
MYC,SEPT6,1
MYC,GIMAP6,1
MYC,FOS,1
MYC,PIK3IP1,1
MYC,SASH3,1
MYC,ESR1,1
MYC,ZFP36,1
MYC,CD74,1
MYC,GMPR,1
MYC,RBPMS,1
MYC,TMEM173,1
MYC,TIFA,1
MYC,ELL2,1
MYC,EPAS1,1
MYC,SNCA,1
MYC,PEAR1,1
MYC,PRKCH,1
MYC,KLHL6,1
MYC,GNB4,1
MYC,TOR3A,1
MYC,MAP4K2,1
MYC,ARHGEF6,1
MYC,GATA2,1
MYC,PIDD1,1
MYC,COL5A1,1
MYC,PROCR,1
MYC,CASP1,1
MYC,GIMAP5,1
MYC,CERS4,1
MYC,PLCB2,1
MYC,ZFP945,1
MYC,RASAL3,1
MYC,PRSS50,1
MYC,NEURL3,1
MYC,CAMK1,1
MYC,PHETA2,1
MYC,VAV1,1
MYC,FUCA2,1
MYC,ANXA2,1
MYC,PML,1
MYC,PADI4,1
MYC,GIMAP1,1
MYC,TCN2,1
MYC,EMILIN2,1
MYC,GDF3,1
MYC,KLF1,1
MYC,ARHGAP15,1
MYC,CORO1A,1
MYC,TRPV2,1
MYC,DYNLT3,1
MYC,SMIM1,1
MYC,IFI204,1
MYC,EPSTI1,1
MYC,SATB1,1
MYC,PHACTR2,1
MYC,PGLYRP2,1
MYC,SLC38A5,1
MYC,NCOA6,1
MYC,PRKCQ,1
MYC,CTSO,1
MYC,ZFP467,1
MYC,SLC40A1,1
MYC,SLA2,1
MYC,SLC14A1,1
MYC,RNASEL,1
MYC,BTK,1
MYC,TSHZ3,1
MYC,ABCG2,1
MYC,TRIM30A,1
MYC,RCSD1,1
MYC,RAB37,1
MYC,SQOR,1
MYC,TSPO2,1
MYC,OASL2,1
MYC,AQP9,1
MYC,PLPPR3,1
MYC,STAP1,1
MYC,CTLA2B,1
MYC,SAMD14,1
MYC,TSC22D3,1
MYC,UBA7,1
MYC,CSRP3,1
MYC,GFI1B,1
MYC,SIGIRR,1
MYC,RGS1,1
MYC,ZBTB20,1
MYC,PLXNC1,1
MYC,GYPA,1
MYC,SERPINB1A,1
MYC,IFI203,1
MYC,STARD10,1
MYC,SLC22A3,1
MYC,MNDAL,1
MYC,DOK2,1
MYC,ST3GAL6,1
MYC,EYA2,1
MYC,CD84,1
MYC,CYTH4,1
MYC,ADD2,1
MYC,SERPINA3G,1
MYC,PLAC8,1
MYC,CPT1A,1
MYC,EPOR,1
MYC,ERMAP,1
MYC,HACD4,1
MYC,HEMGN,1
MYC,DENND1C,1
MYC,ALDH1A1,1
MYC,CAR1,1
MYC,LTB,1
MYC,RNASE6,1
MYC,LYZ2,1
MYC,GPR171,1
MYC,AMPD3,1
MYC,H2-DMB1,1
MYC,KEL,1
MYC,AFAP1L1,1
MYC,TNFRSF13B,1
MYC,RHOF,1
MYC,ADGRG3,1
MYC,EYA1,1
MYC,EBI3,1
MYC,PCP4L1,1
MYC,ANXA1,1
MYC,MYCT1,1
MYC,SMIM5,1
MYC,H2-OB,1
MYC,MYCN,1
MYC,BATF2,1
MYC,RHAG,1
MYC,ARID3B,1
MYC,SOX18,1
MYC,GATA1,1
MYC,GNG11,1
NFAT5,SLC6A6,1
NFAT5,STXBP4,1
NFAT5,PSMD5,1
NFAT5,CLCN4,1
NFAT5,SEC23IP,1
NFAT5,NAA35,1
NFAT5,TIPIN,1
NFAT5,AQP1,1
NFAT5,HSPA4L,1
NOTCH1,9430015G10RIK,1
NOTCH1,HSPH1,1
NOTCH1,IFRD2,1
NOTCH1,UNK,1
NOTCH1,CDCA3,1
NOTCH1,BUB3,1
NOTCH1,PRPF4,1
NOTCH1,PA2G4,1
NOTCH1,NUDCD1,1
NOTCH1,NCLN,1
NOTCH1,BTRC,1
NOTCH1,RANGAP1,1
NOTCH1,ALKBH8,1
NOTCH1,FEM1A,1
NOTCH1,KPNA3,1
NOTCH1,ABCB8,1
NOTCH1,TMEM129,1
NOTCH1,TACC3,1
NOTCH1,BUB1B,1
NOTCH1,NDC1,1
NOTCH1,BIRC5,1
NOTCH1,RPP40,1
NOTCH1,DNM1L,1
NOTCH1,CNOT10,1
NOTCH1,STK25,1
NOTCH1,INPP5B,1
NOTCH1,CDK19,1
NOTCH1,CDCA4,1
NOTCH1,SNAPC3,1
NOTCH1,MAU2,1
NOTCH1,MIS12,1
NOTCH1,CUL4A,1
NOTCH1,PTDSS2,1
NOTCH1,GPKOW,1
NOTCH1,CD82,1
NOTCH1,PAFAH1B2,1
NOTCH1,TIMM29,1
NOTCH1,GTF3C3,1
NOTCH1,LIG1,1
NOTCH1,PPIL4,1
NOTCH1,KIF11,1
NOTCH1,CLCN4,1
NOTCH1,ADO,1
NOTCH1,LONP1,1
NOTCH1,DHX33,1
NOTCH1,DCP1A,1
NOTCH1,ZFP24,1
NOTCH1,CENPO,1
NOTCH1,FOXRED1,1
NOTCH1,UBAC1,1
NOTCH1,CRBN,1
NOTCH1,SESN1,1
NOTCH1,ZFP143,1
NOTCH1,EIF2B1,1
NOTCH1,PON2,1
NOTCH1,RUVBL2,1
NOTCH1,PRMT7,1
NOTCH1,AHCYL1,1
NOTCH1,CDCA5,1
NOTCH1,WARS,1
NOTCH1,TMEM206,1
NOTCH1,NARFL,1
NOTCH1,SNRNP200,1
NOTCH1,CENPE,1
NOTCH1,CDCA8,1
NOTCH1,SLC38A5,1
NOTCH1,RFC4,1
NOTCH1,BUB1,1
NOTCH1,PRDM4,1
NOTCH1,ITSN1,1
NOTCH1,DUS1L,1
NOTCH1,POLE3,1
NOTCH1,PLAG1,1
NOTCH1,CLPTM1L,1
NOTCH1,XRCC3,1
NOTCH1,PRC1,1
NOTCH1,SLC39A10,1
NOTCH1,DDX20,1
NOTCH1,GALK2,1
NOTCH1,LZTR1,1
NOTCH1,TRIB3,1
NOTCH1,KAT7,1
NOTCH1,PTCD3,1
NOTCH1,CENPK,1
NOTCH1,VPS33A,1
NOTCH1,SUN1,1
NOTCH1,CHORDC1,1
NOTCH1,JPT2,1
NOTCH1,POLR3F,1
NOTCH1,SUPT7L,1
NOTCH1,ZFP961,1
NOTCH1,XPC,1
NOTCH1,PSEN2,1
NOTCH1,USF3,1
NOTCH1,MRPL37,1
NOTCH1,DNAJC11,1
NOTCH1,COPS8,1
NOTCH1,PRIM1,1
NOTCH1,ANAPC2,1
NOTCH1,UBA5,1
NOTCH1,ZDHHC13,1
NOTCH1,PIGQ,1
NOTCH1,RNF141,1
NOTCH1,ESYT2,1
NOTCH1,RRM1,1
NOTCH1,MCM4,1
NOTCH1,CKAP5,1
NOTCH1,CYB5R3,1
NOTCH1,FZR1,1
NOTCH1,NUF2,1
NOTCH1,THUMPD3,1
NOTCH1,WDR36,1
NOTCH1,HAGH,1
NOTCH1,PSMF1,1
NOTCH1,ORC5,1
NOTCH1,LMBRD1,1
NOTCH1,REXO4,1
NOTCH1,BAP1,1
NOTCH1,ERCC8,1
NOTCH1,SPPL2B,1
NOTCH1,FAR1,1
NOTCH1,CENPF,1
NOTCH1,NUP155,1
NOTCH1,ELAC2,1
NOTCH1,NPLOC4,1
NOTCH1,EFTUD2,1
NOTCH1,AHCTF1,1
NOTCH1,HMGB2,1
NOTCH1,RHOT1,1
NOTCH1,RCOR1,1
NOTCH1,ERLIN2,1
NOTCH1,ME2,1
NOTCH1,MTHFD1,1
NOTCH1,NOLC1,1
NOTCH1,KLF6,1
NOTCH1,ORC2,1
NOTCH1,MARS,1
NOTCH1,STT3B,1
NOTCH1,POLR1B,1
NOTCH1,HUS1,1
NOTCH1,UBE2C,1
NOTCH1,HDAC7,1
NOTCH1,RFC5,1
NOTCH1,OTUD6B,1
NOTCH1,ZFP110,1
NOTCH1,MCM5,1
NOTCH1,HIST1H1C,1
NOTCH1,NUBP2,1
NOTCH1,GTF2F1,1
NOTCH1,MAPK9,1
NOTCH1,NDUFV1,1
NOTCH1,TMX3,1
NOTCH1,ABL1,1
NOTCH1,XAB2,1
NOTCH1,NUP88,1
NOTCH1,HDAC2,1
NOTCH1,HARS2,1
NOTCH1,HARS,1
NOTCH1,ATG16L1,1
NOTCH1,TANGO2,1
NOTCH1,TMEM97,1
NOTCH1,LLGL1,1
NOTCH1,ARMT1,1
NOTCH1,BYSL,1
NOTCH1,MIS18BP1,1
NOTCH1,VPS26C,1
NOTCH1,CPOX,1
NOTCH1,AURKA,1
NOTCH1,ODC1,1
NOTCH1,LRRC14,1
NOTCH1,FBXO5,1
NOTCH1,TMEM68,1
NOTCH1,E2F8,1
NOTCH1,DCAF11,1
NOTCH1,NDOR1,1
NOTCH1,TCF19,1
NOTCH1,NIF3L1,1
NOTCH1,MNS1,1
NOTCH1,CKAP2L,1
NOTCH1,TBL3,1
NOTCH1,WDHD1,1
NOTCH1,TIPIN,1
NOTCH1,MORC3,1
NOTCH1,RDH11,1
NOTCH1,PHB2,1
NOTCH1,RPA1,1
NOTCH1,CNOT7,1
NOTCH1,HDGF,1
NOTCH1,PPAT,1
NOTCH1,NFAT5,1
NOTCH1,ATAD2,1
NOTCH1,PFKM,1
NOTCH1,SRSF1,1
NOTCH1,GM2A,1
NOTCH1,RNF139,1
NOTCH1,CHAMP1,1
NOTCH1,UBXN2B,1
NOTCH1,COA5,1
NOTCH1,PTDSS1,1
NOTCH1,ICE1,1
NOTCH1,WDR73,1
NOTCH1,TOX4,1
NOTCH1,NUP107,1
NOTCH1,NOL9,1
NOTCH1,FASTKD2,1
NOTCH1,TCP11L2,1
NOTCH1,NELFB,1
NOTCH1,ZFP367,1
NOTCH1,NCAPG2,1
NOTCH1,PSMD5,1
NOTCH1,DLST,1
NOTCH1,TWSG1,1
NOTCH1,RANBP3,1
NOTCH1,BLZF1,1
NOTCH1,TIMM50,1
NOTCH1,NUDCD3,1
NOTCH1,STXBP4,1
NOTCH1,NCAPD2,1
NOTCH1,ATL2,1
NOTCH1,MSH6,1
NOTCH1,TASP1,1
NOTCH1,ARAP1,1
NOTCH1,SPC25,1
NOTCH1,SPC24,1
NOTCH1,ALDH18A1,1
NOTCH1,NR3C2,1
NOTCH1,CPT2,1
NOTCH1,WDR45B,1
NOTCH1,KLHL24,1
NOTCH1,INCENP,1
NOTCH1,UAP1,1
NOTCH1,MED16,1
NOTCH1,CCNA2,1
NOTCH1,GOLT1B,1
NOTCH1,WDR4,1
NOTCH1,CALCRL,1
NOTCH1,SCRN3,1
NOTCH1,TRIB2,1
NOTCH1,VKORC1L1,1
NOTCH1,MKI67,1
NOTCH1,GNAI3,1
NOTCH1,FAM76B,1
NOTCH1,CCNB2,1
NOTCH1,ARL6IP6,1
NOTCH1,METTL8,1
NOTCH1,CCNF,1
NOTCH1,STXBP3,1
NOTCH1,CLIC4,1
NOTCH1,USP8,1
NOTCH1,PLAA,1
NOTCH1,YBX1,1
NOTCH1,GFM1,1
NOTCH1,PITRM1,1
NOTCH1,NEK9,1
NOTCH1,NCAPG,1
NOTCH1,SLC25A46,1
NOTCH1,NUSAP1,1
NOTCH1,NDEL1,1
NOTCH1,NAGA,1
NOTCH1,NUP93,1
NOTCH1,IFT140,1
NOTCH1,CEP70,1
NOTCH1,GMCL1,1
NOTCH1,SPTLC1,1
NOTCH1,4833439L19RIK,1
NOTCH1,NARF,1
NOTCH1,MFN2,1
NOTCH1,HNRNPAB,1
NOTCH1,DNPEP,1
NOTCH1,JARID2,1
NOTCH1,FEM1B,1
NOTCH1,DHFR,1
NOTCH1,MTFR1,1
NOTCH1,ATP7B,1
NOTCH1,ALG11,1
NOTCH1,ZFP655,1
NOTCH1,UROS,1
NOTCH1,COPB2,1
NOTCH1,SSX2IP,1
NOTCH1,ANKFY1,1
NOTCH1,RPA2,1
NOTCH1,RGS2,1
NOTCH1,MTMR6,1
NOTCH1,GTF2H1,1
NOTCH1,XRCC6,1
NOTCH1,SLC31A1,1
NOTCH1,MCM6,1
NOTCH1,MINPP1,1
NOTCH1,SACM1L,1
NOTCH1,SP4,1
NOTCH1,LPCAT3,1
NOTCH1,SLC20A1,1
NOTCH1,PREP,1
NOTCH1,GFI1,1
NOTCH1,ETS1,1
NOTCH1,PRELID3B,1
NOTCH1,DTL,1
NOTCH1,COG7,1
NOTCH1,RAD21,1
NOTCH1,COQ8A,1
NOTCH1,CDC20,1
NOTCH1,USP37,1
NOTCH1,PPP6C,1
NOTCH1,MIOS,1
NOTCH1,UBR1,1
NOTCH1,TTF2,1
NOTCH1,SEH1L,1
NOTCH1,NAA35,1
NOTCH1,METAP1,1
NOTCH1,HAUS2,1
NOTCH1,ABTB1,1
NOTCH1,ZDHHC6,1
NOTCH1,UBR7,1
NOTCH1,RAD51,1
NOTCH1,CDT1,1
NOTCH1,POLD1,1
NOTCH1,EIF1AD,1
NOTCH1,HIST1H2BC,1
NOTCH1,L2HGDH,1
NOTCH1,ANKRD27,1
NOTCH1,PJA2,1
NOTCH1,IARS,1
NOTCH1,EPS15,1
NOTCH1,CTSC,1
NOTCH1,TRMT2A,1
NOTCH1,PLBD2,1
NOTCH1,ZFP62,1
NOTCH1,SLA2,1
NOTCH1,SCFD1,1
NOTCH1,RMND5A,1
NOTCH1,PSMD9,1
NOTCH1,TLE2,1
NOTCH1,SQLE,1
NOTCH1,MYNN,1
NOTCH1,ZZZ3,1
NOTCH1,SEC23IP,1
NOTCH1,NADK,1
NOTCH1,LDAH,1
NOTCH1,CLPX,1
NOTCH1,NUDT9,1
NOTCH1,DCK,1
NOTCH1,HERC4,1
NOTCH1,TYK2,1
NOTCH1,RASSF5,1
NOTCH1,INTS13,1
NOTCH1,CHMP7,1
NOTCH1,UBE2G2,1
NOTCH1,PACSIN2,1
NOTCH1,STAT3,1
NOTCH1,GANAB,1
NOTCH1,CIPC,1
NOTCH1,TSPAN33,1
NOTCH1,NT5DC1,1
NOTCH1,SLC39A9,1
NOTCH1,OAT,1
NOTCH1,HMMR,1
NOTCH1,CUL3,1
NOTCH1,PSTPIP1,1
NOTCH1,XPR1,1
NOTCH1,MAN1A,1
NOTCH1,TRMT6,1
NOTCH1,LCP1,1
NOTCH1,TNFAIP8,1
NOTCH1,RABGGTB,1
NOTCH1,D10WSU102E,1
NOTCH1,BTG2,1
NOTCH1,ASF1B,1
NOTCH1,SLC30A5,1
NOTCH1,CUL2,1
NOTCH1,SLC35A1,1
NOTCH1,FCHSD2,1
NOTCH1,MAD2L1,1
NOTCH1,EXOC3,1
NOTCH1,TAF12,1
NOTCH1,MTREX,1
NOTCH1,ANAPC4,1
NOTCH1,RNF4,1
NOTCH1,KLHL6,1
NOTCH1,UHRF1,1
NOTCH1,TMEM168,1
NOTCH1,RORC,1
NOTCH1,GSKIP,1
NOTCH1,SLC30A6,1
NOTCH1,DPH2,1
NOTCH1,RGCC,1
NOTCH1,ETF1,1
NOTCH1,TPX2,1
NOTCH1,INTS8,1
NOTCH1,ID2,1
NOTCH1,VPS33B,1
NOTCH1,ATG12,1
NOTCH1,AP3S1,1
NOTCH1,TSPAN3,1
NOTCH1,TMUB2,1
NOTCH1,ZFP451,1
NOTCH1,BLVRB,1
NOTCH1,SNRPB,1
NOTCH1,AP5M1,1
NOTCH1,AFG3L2,1
NOTCH1,OSTM1,1
NOTCH1,GMFB,1
NOTCH1,TAF1,1
NOTCH1,STXBP1,1
NOTCH1,MYC,1
NOTCH1,UBA3,1
NOTCH1,SGPL1,1
NOTCH1,ADK,1
NOTCH1,TMEM64,1
NOTCH1,NFKBIA,1
NOTCH1,MCM3,1
NOTCH1,SGO1,1
NOTCH1,NFE2,1
NOTCH1,ZFP930,1
NOTCH1,PIK3R2,1
NOTCH1,NFXL1,1
NOTCH1,HNRNPLL,1
NOTCH1,NSDHL,1
NOTCH1,LYRM4,1
NOTCH1,ABHD16A,1
NOTCH1,DDHD2,1
NOTCH1,CRNKL1,1
NOTCH1,PSMD6,1
NOTCH1,WDR75,1
NOTCH1,ZFP871,1
NOTCH1,NRF1,1
NOTCH1,CHMP3,1
NOTCH1,MFSD1,1
NOTCH1,GEMIN5,1
NOTCH1,FAM136A,1
NOTCH1,CHP1,1
NOTCH1,CSGALNACT2,1
NOTCH1,ACAP1,1
NOTCH1,TARS,1
NOTCH1,CENPA,1
NOTCH1,ZMYM3,1
NOTCH1,BCLAF3,1
NOTCH1,RNF115,1
NOTCH1,FAAP100,1
NOTCH1,ITFG1,1
NOTCH1,PCCA,1
NOTCH1,FADS1,1
NOTCH1,NEDD1,1
NOTCH1,EZR,1
NOTCH1,ARL8B,1
NOTCH1,TFG,1
NOTCH1,ZFP639,1
NOTCH1,PIP4K2A,1
NOTCH1,CASP3,1
NOTCH1,FPGS,1
NOTCH1,FBXW5,1
NOTCH1,FAM168B,1
NOTCH1,WDR6,1
NOTCH1,CDC6,1
NOTCH1,HMBS,1
NOTCH1,DRAM2,1
NOTCH1,CEPT1,1
NOTCH1,VPS11,1
NOTCH1,TOPORS,1
NOTCH1,FAM45A,1
NOTCH1,TM7SF3,1
NOTCH1,TBCD,1
NOTCH1,SMARCA2,1
NOTCH1,ARMC8,1
NOTCH1,MBTPS1,1
NOTCH1,PLD3,1
NOTCH1,COLGALT1,1
NOTCH1,POT1A,1
NOTCH1,MRM1,1
NOTCH1,PRKCH,1
NOTCH1,AFF4,1
NOTCH1,TVP23B,1
NOTCH1,LEPROT,1
NOTCH1,CTPS,1
NOTCH1,NCEH1,1
NOTCH1,DPP8,1
NOTCH1,CCDC137,1
NOTCH1,STOM,1
NOTCH1,RRM2,1
NOTCH1,VAMP3,1
NOTCH1,DNAJC10,1
NOTCH1,VPS35,1
NOTCH1,ORC6,1
NOTCH1,GTF2E1,1
NOTCH1,ATP1B2,1
NOTCH1,CSTF2,1
NOTCH1,ZFP397,1
NOTCH1,GPR180,1
NOTCH1,D230025D16RIK,1
NOTCH1,ADGRL4,1
NOTCH1,CDK1,1
NOTCH1,PCYT1A,1
NOTCH1,MIEF1,1
NOTCH1,FIGNL1,1
NOTCH1,YPEL3,1
NOTCH1,NGLY1,1
NOTCH1,TSPAN14,1
NOTCH1,ELP2,1
NOTCH1,PWP1,1
NOTCH1,CKS1B,1
NOTCH1,WDR5,1
NOTCH1,PHAX,1
NOTCH1,GARS,1
NOTCH1,RARS,1
NOTCH1,PLK1,1
NOTCH1,PKM,1
NOTCH1,DCAF13,1
NOTCH1,TBC1D15,1
NOTCH1,PQLC3,1
NOTCH1,SPPL2A,1
NOTCH1,PRKAR2B,1
NOTCH1,NAE1,1
NOTCH1,ATP11C,1
NOTCH1,MED22,1
NOTCH1,LDHB,1
NOTCH1,TUBGCP3,1
NOTCH1,RNF13,1
NOTCH1,CASP2,1
NOTCH1,H1F0,1
NOTCH1,TFRC,1
NOTCH1,ILVBL,1
NOTCH1,REL,1
NOTCH1,VPS41,1
NOTCH1,FTSJ1,1
NOTCH1,MCM10,1
NOTCH1,GNG11,1
NOTCH1,FGFR1OP,1
NOTCH1,POLR2B,1
NOTCH1,SLC19A1,1
NOTCH1,EYA1,1
NOTCH1,APEH,1
NOTCH1,PGLYRP2,1
NOTCH1,NDN,1
NOTCH1,IPO9,1
NOTCH1,MARCH5,1
NOTCH1,FOXO1,1
NOTCH1,RAB32,1
NOTCH1,ABI1,1
NOTCH1,ZFP35,1
NOTCH1,AAR2,1
NOTCH1,DDX1,1
NOTCH1,CRK,1
NOTCH1,SMAD2,1
NOTCH1,TYMS,1
NOTCH1,EXOC2,1
NOTCH1,TMEM263,1
NOTCH1,RASA3,1
NOTCH1,CARHSP1,1
NOTCH1,COG6,1
NOTCH1,HEBP1,1
NOTCH1,CRIP2,1
NOTCH1,ADAMTS10,1
NOTCH1,ZKSCAN6,1
NOTCH1,SPRYD4,1
NOTCH1,RNASE6,1
NOTCH1,CD34,1
NOTCH1,ABCB4,1
NOTCH1,GCNT2,1
NOTCH1,WDR55,1
NOTCH1,UTP4,1
NOTCH1,PTPN12,1
NOTCH1,HEXA,1
NOTCH1,UGCG,1
NOTCH1,STX17,1
NOTCH1,PCYT2,1
NOTCH1,AURKB,1
NOTCH1,LAP3,1
NOTCH1,TMEM186,1
NOTCH1,ATP13A1,1
NOTCH1,ADD2,1
NOTCH1,RARB,1
NOTCH1,IL15,1
NOTCH1,CPQ,1
NOTCH1,TOLLIP,1
NOTCH1,COPB1,1
NOTCH1,PSAT1,1
NOTCH1,PPIC,1
NOTCH1,ABCD3,1
NOTCH1,IRF8,1
NOTCH1,CAMK1,1
NOTCH1,ASAH1,1
NOTCH1,RFESD,1
NOTCH1,FKBP1A,1
NOTCH1,PNO1,1
NOTCH1,LANCL2,1
NOTCH1,GATM,1
NOTCH1,POGLUT1,1
NOTCH1,METAP1D,1
NOTCH1,CCNE1,1
NOTCH1,SNCA,1
NOTCH1,PRDM5,1
NOTCH1,ABCF3,1
NOTCH1,TENT5A,1
NOTCH1,TCF12,1
NOTCH1,ACSS1,1
NOTCH1,ATP6AP1,1
NOTCH1,SETD2,1
NOTCH1,KIF20B,1
NOTCH1,CREB5,1
NOTCH1,CCNB1,1
NOTCH1,P2RX4,1
NOTCH1,KDM6A,1
NOTCH1,FECH,1
NOTCH1,USP4,1
NOTCH1,TMEM177,1
NOTCH1,SLC25A21,1
NOTCH1,INPP1,1
NOTCH1,ANXA5,1
NOTCH1,SHCBP1,1
NOTCH1,GSTM5,1
NOTCH1,ANXA4,1
NOTCH1,HSDL1,1
NOTCH1,APLP2,1
NOTCH1,RNF19A,1
NOTCH1,EBF1,1
NR4A1,KAT7,1
NR4A1,MARS,1
NR4A1,STARD10,1
NR4A1,SUN1,1
NR4A1,LMBRD1,1
NR4A1,RBPMS,1
NR4A1,SLC6A6,1
NR4A1,DENND2D,1
NR4A1,ZZZ3,1
NR4A1,PQLC3,1
NR4A1,UBAC1,1
NR4A1,EDC3,1
NR4A1,TCF12,1
NR4A1,CLCN4,1
NR4A1,MPL,1
NR4A1,TLR4,1
NR4A1,AMPD3,1
NR4A1,PICALM,1
NR4A1,CENPA,1
NR4A1,ILVBL,1
NR4A1,INPP1,1
NR4A1,NEK9,1
NR4A1,UCKL1,1
NR4A1,PKM,1
NR4A1,CACFD1,1
NR4A1,DNAJC11,1
NR4A1,CBX7,1
NR4A1,ABTB1,1
NR4A1,SPI1,1
NR4A1,XPC,1
NR4A1,SLC39A10,1
NR4A1,RGS1,1
NR4A1,PFKM,1
NR4A1,TPX2,1
NR4A1,LTB,1
NR4A1,NUP93,1
NR4A1,BTG2,1
NR4A1,TES,1
NR4A1,CNOT7,1
NR4A1,PUS7,1
NR4A1,QARS,1
NR4A1,SLC25A45,1
NR4A1,ALG9,1
NR4A1,NAA35,1
NR4A1,COPS8,1
NR4A1,HIST1H2BC,1
NR4A1,NFE2,1
NR4A1,GEMIN5,1
NR4A1,DOCK2,1
NR4A1,COPG1,1
NR4A1,MT2,1
NR4A1,SLC18A2,1
NR4A1,MECOM,1
NR4A1,DCTD,1
NR4A1,FUCA2,1
NR4A1,PLEK,1
NR4A1,SPO11,1
NR4A1,RABIF,1
NR4A1,DDX20,1
NR4A1,ICA1,1
NR4A1,PHB2,1
NR4A1,SALL2,1
NR4A1,LMNA,1
NR4A1,GNB4,1
NR4A1,CYTIP,1
NR4A1,PAFAH1B2,1
NR4A1,ATG16L1,1
NR4A1,XAB2,1
NR4A1,EPS15,1
NR4A1,NUPR1,1
NR4A1,RAD51AP1,1
NR4A1,TMC6,1
NR4A1,ABCB4,1
NR4A1,SEPT6,1
NR4A1,SLC29A1,1
NR4A1,ACAA2,1
NR4A1,RRM2,1
NR4A1,PTPN12,1
NR4A1,DUSP1,1
NR4A1,NOL9,1
NR4A1,UROS,1
NR4A1,SNX10,1
NR4A1,PPP2R1B,1
NR4A1,BTRC,1
NR4A1,INPP5B,1
NR4A1,STX12,1
NR4A1,CMPK2,1
NR4A1,FOXRED1,1
NR4A1,PIGQ,1
NR4A1,FOS,1
NR4A1,SELENBP1,1
NR4A1,AP1G2,1
NR4A1,SAMD14,1
NR4A1,D10WSU102E,1
NR4A1,PACSIN2,1
NR4A1,DDX58,1
NR4A1,BUB1,1
NR4A1,CDC20,1
NR4A1,EBI3,1
NR4A1,USP37,1
NR4A1,ITIH5,1
NR4A1,DNPEP,1
NR4A1,ARAP1,1
NR4A1,UNK,1
NR4A1,NOLC1,1
NR4A1,EIF4ENIF1,1
NR4A1,SPNS2,1
NR4A1,MIS18BP1,1
NR4A1,TMEM129,1
NR4A1,TACC3,1
NR4A1,ABCG2,1
NR4A1,PDCL,1
NR4A1,CTSC,1
NR4A1,BAP1,1
NR4A1,TREML2,1
NR4A1,PTDSS2,1
NR4A1,GFI1B,1
NR4A1,GNPDA1,1
NR4A1,PRSS50,1
NR4A1,SACM1L,1
NR4A1,HDAC7,1
NR4A1,GUSB,1
NR4A1,WDR36,1
NR4A1,MCTP1,1
NR4A1,GTF2F1,1
NR4A1,ME2,1
NR4A1,NEURL3,1
NR4A1,VKORC1L1,1
NR4A1,NDEL1,1
NR4A1,ZDHHC13,1
NR4A1,GTF2H1,1
NR4A1,GSKIP,1
NR4A1,CIPC,1
NR4A1,CDCA5,1
NR4A1,CDC6,1
NR4A1,NUP155,1
NR4A1,IRF5,1
NR4A1,SPRYD4,1
NR4A1,GIMAP6,1
NR4A1,HDGF,1
NR4A1,ARHGAP4,1
NR4A1,CLPTM1L,1
NR4A1,RELB,1
NR4A1,PRKAB1,1
NR4A1,ALAD,1
NR4A1,ZFP62,1
NR4A1,PLIN3,1
NR4A1,MAVS,1
NR4A1,VPS26C,1
NR4A1,AP1B1,1
NR4A1,NPTN,1
NR4A1,NUDT9,1
NR4A1,BYSL,1
NR4A1,NELFB,1
NR4A1,FAAP100,1
NR4A1,PDZK1IP1,1
NR4A1,CHMP7,1
NR4A1,THUMPD3,1
NR4A1,SPPL2A,1
NR4A1,TMUB2,1
NR4A1,BIRC5,1
NR4A1,MIEF1,1
NR4A1,SPTBN1,1
NR4A1,PLBD2,1
NR4A1,ZYX,1
NR4A1,ACOX1,1
NR4A1,WDR45B,1
NR4A1,SGO1,1
NR4A1,XRCC5,1
NR4A1,KIDINS220,1
NR4A1,GM2A,1
NR4A1,DNAJC5,1
NR4A1,APOE,1
NR4A1,VAMP3,1
NR4A1,PRDM4,1
NR4A1,ARMT1,1
NR4A1,DPP8,1
NR4A1,CAST,1
NR4A1,NOP2,1
NR4A1,STK25,1
NR4A1,REL,1
NR4A1,PHF10,1
NR4A1,LONP1,1
NR4A1,CREB5,1
NR4A1,MED16,1
NR4A1,ABCB8,1
NR4A1,CDT1,1
NR4A1,POLR3F,1
NR4A1,TMEM64,1
NR4A1,RHOT1,1
NR4A1,RASSF5,1
NR4A1,GMNN,1
NR4A1,TNFAIP8,1
NR4A1,PRPF4,1
NR4A1,FAM136A,1
NR4A1,DNAJC10,1
NR4A1,CNOT10,1
NR4A1,NDUFV1,1
NR4A1,AHCTF1,1
NR4A1,PSEN1,1
NR4A1,EPDR1,1
NR4A1,RNF4,1
NR4A1,TRMT2A,1
NR4A1,DRAM2,1
NR4A1,CEPT1,1
NR4A1,NUF2,1
NR4A1,SP4,1
NR4A1,RUVBL2,1
NR4A1,NARF,1
NR4A1,GOSR2,1
NR4A1,CTSE,1
NR4A1,TBCD,1
NR4A1,MSH6,1
NR4A1,2610301B20RIK,1
NR4A1,GMFB,1
NR4A1,AQP9,1
NR4A1,UBE2C,1
NR4A1,PITPNB,1
NR4A1,WARS,1
NR4A1,STT3B,1
NR4A1,RNF115,1
NR4A1,FEM1A,1
NR4A1,SLC41A3,1
NR4A1,KLHL22,1
NR4A1,UBA5,1
NR4A1,POLR2B,1
NR4A1,LPIN2,1
NR4A1,ERMAP,1
NR4A1,DDHD2,1
NR4A1,PCYT2,1
NR4A1,SGTA,1
NR4A1,MARCH8,1
NR4A1,GYG,1
NR4A1,NFE2L2,1
NR4A1,METTL7A1,1
NR4A1,NIF3L1,1
NR4A1,D1ERTD622E,1
NR4A1,OAT,1
NR4A1,LZTR1,1
NR4A1,FGFR1OP,1
NR4A1,EIF1AD,1
NR4A1,PLD3,1
NR4A1,STAT3,1
NR4A1,CPT2,1
NR4A1,4833439L19RIK,1
NR4A1,CELA1,1
NR4A1,MMRN1,1
NR4A1,LANCL2,1
NR4A1,CSGALNACT2,1
NR4A1,MFSD14B,1
NR4A1,HPN,1
NR4A1,MNDAL,1
NR4A1,HACD3,1
NR4A1,FPGS,1
NR4A1,CDCA4,1
NR4A1,TIMM29,1
NR4A1,WDR75,1
NR4A1,TOR3A,1
NR4A1,ATP7B,1
NR4A1,ALG11,1
NR4A1,USP8,1
NR4A1,USF3,1
NR4A1,TCF19,1
NR4A1,REXO4,1
NR4A1,SLC44A2,1
NR4A1,NAGA,1
NR4A1,MBTPS1,1
NR4A1,MFSD1,1
NR4A1,HDAC9,1
NR4A1,ORC5,1
NR4A1,ELMO1,1
NR4A1,CUL4A,1
NR4A1,ANAPC2,1
NR4A1,BLZF1,1
NR4A1,RGS2,1
NR4A1,CHP1,1
NR4A1,XRCC6,1
NR4A1,WDSUB1,1
NR4A1,MIOS,1
NR4A1,BLVRB,1
NR4A1,NR2C1,1
NR4A1,NCEH1,1
NR4A1,GNA13,1
NR4A1,COA5,1
NR4A1,CD84,1
NR4A1,GSR,1
NR4A1,ANAPC4,1
NR4A1,NAPSA,1
NR4A1,HMBS,1
NR4A1,ZFP35,1
NR4A1,VIM,1
NR4A1,SLA2,1
NR4A1,RANGAP1,1
NR4A1,METTL8,1
NR4A1,ESYT2,1
NR4A1,DCAF13,1
NR4A1,ZKSCAN6,1
NR4A1,NR3C2,1
NR4A1,HPCAL1,1
NR4A1,PLA2G12A,1
NR4A1,ETF1,1
NR4A1,CBFB,1
NR4A1,NAMPT,1
NR4A1,PLEC,1
NR4A1,NUP85,1
NR4A1,EPSTI1,1
NR4A1,ZFP945,1
NR4A1,EIF2B1,1
NR4A1,EBF1,1
NR4A1,ZKSCAN3,1
NR4A1,RASA3,1
NR4A1,STXBP3,1
NR4A1,STAP1,1
NR4A1,PBK,1
NR4A1,GOLM1,1
NR4A1,ALDH18A1,1
NR4A1,PROCR,1
NR4A1,GSS,1
NR4A1,DCP1A,1
NR4A1,TRIM59,1
NR4A1,ADO,1
NR4A1,ABI1,1
NR4A1,UROD,1
NR4A1,TAB1,1
NR4A1,RCSD1,1
NR4A1,PPP6C,1
NR4A1,SCFD1,1
NR4A1,PRELID3B,1
NR4A1,ERLIN2,1
NR4A1,TSHZ3,1
NR4A1,INTS13,1
NR4A1,IFI204,1
NR4A1,NFKBIA,1
NR4A1,CUL3,1
NR4A1,CITED4,1
NR4A1,RRM1,1
NR4A1,CISH,1
NR4A1,NCLN,1
NR4A1,IFRD2,1
NR4A1,HAGH,1
NR4A1,ANXA6,1
NR4A1,TMEM186,1
NR4A1,CLIC4,1
NR4A1,SPIRE1,1
NR4A1,SMARCA2,1
NR4A1,PCYT1A,1
NR4A1,WDR5,1
NR4A1,SELENOP,1
NR4A1,MAP4K2,1
NR4A1,DOK2,1
NR4A1,RNASE6,1
NR4A1,LYRM4,1
NR4A1,LSP1,1
NR4A1,FAM76B,1
NR4A1,TMEM109,1
NR4A1,RTP4,1
NR4A1,PA2G4,1
NR4A1,RGS19,1
NR4A1,AP5M1,1
NR4A1,TIFA,1
NR4A1,NCAPG2,1
NR4A1,ALDH1A1,1
NR4A1,PIK3R2,1
NR4A1,E2F8,1
NR4A1,CENPE,1
NR4A1,IRF1,1
NR4A1,CRNKL1,1
NR4A1,CKAP5,1
NR4A1,ZFP24,1
NR4A1,NDRG1,1
NR4A1,IFI203,1
NR4A1,EFTUD2,1
NR4A1,TMEM173,1
NR4A1,COPB1,1
NR4A1,UAP1,1
NR4A1,FZR1,1
NR4A1,HCLS1,1
NR4A1,GALK2,1
NR4A1,ELAC2,1
NR4A1,ASF1B,1
NR4A1,ARL8B,1
NR4A1,WDR55,1
NR4A1,UAP1L1,1
NR4A1,NARFL,1
NR4A1,CORO1A,1
NR4A1,COLGALT1,1
NR4A1,CASP3,1
NR4A1,ZKSCAN17,1
NR4A1,USP4,1
NR4A1,FES,1
NR4A1,RPRD1B,1
NR4A1,IPO4,1
NR4A1,CERS5,1
NR4A1,SLC39A9,1
NR4A1,KLHL24,1
NR4A1,CKS1B,1
NR4A1,UBA7,1
NR4A1,CSTF2,1
NR4A1,SPC24,1
NR4A1,HAUS2,1
NR4A1,DPH6,1
NR4A1,COG6,1
NR4A1,ATP13A1,1
NR4A1,MIS12,1
NR4A1,EXT2,1
NR4A1,ENDOD1,1
NR4A1,SNRPB,1
NR4A1,SEC23IP,1
NR4A1,OASL2,1
NR4A1,MT1,1
NR4A1,HSDL1,1
NR4A1,ELL2,1
NR4A1,SLC35A1,1
NR4A1,XPNPEP1,1
NR4A1,VPS33B,1
NR4A1,TRMT6,1
NR4A1,SCRN3,1
NR4A1,POLE3,1
NR4A1,MTREX,1
NR4A1,MKI67,1
NR4A1,FNTA,1
NR4A1,FBXW5,1
NR4A1,ATAD2,1
NR4A1,TMEM177,1
NR4A1,NUBP2,1
NR4A1,NADK,1
NR4A1,AURKA,1
NR4A1,ASAH1,1
NR4A1,MAU2,1
NR4A1,GTF3C3,1
NR4A1,BTK,1
NR4A1,UBE2G2,1
NR4A1,MAD2L1,1
NR4A1,AHCYL1,1
NR4A1,PON2,1
NR4A1,NFXL1,1
NR4A1,CLPX,1
NR4A1,ARID3B,1
NR4A1,TUBGCP2,1
NR4A1,SRSF1,1
NR4A1,PAK1,1
NR4A1,FASTKD2,1
NR4A1,ELOVL1,1
NR4A1,TFG,1
NR4A1,NDC1,1
NR4A1,CLN5,1
NR4A1,CEP70,1
NR4A1,ABHD16A,1
NR4A1,STXBP4,1
NR4A1,SESN1,1
NR4A1,RAD51,1
NR4A1,NCAPH,1
NR4A1,MGST3,1
NR4A1,EMILIN2,1
NR4A1,PSMD5,1
NR4A1,CDK19,1
NR4A1,TOPORS,1
NR4A1,FIGNL1,1
NR4A1,EXOC2,1
NR4A1,DIS3L2,1
NR4A1,RPA2,1
NR4A1,HEATR5A,1
NR4A1,GPR180,1
NR4A1,GNAI3,1
NR4A1,GFM1,1
NR4A1,GATM,1
NR4A1,E2F6,1
NR4A1,DNM1L,1
NR4A1,ABCF3,1
NR4A1,WDHD1,1
NR4A1,NPLOC4,1
NR4A1,CALU,1
NR4A1,ADK,1
NR4A1,TOX4,1
NR4A1,KIF20B,1
NR4A1,ISYNA1,1
NR4A1,RB1,1
NR4A1,LDAH,1
NR4A1,CDC45,1
NR4A1,VPS11,1
NR4A1,TMEM263,1
NR4A1,ORC2,1
NR4A1,FTSJ3,1
NR4A1,ATAD1,1
NR4A1,UBR7,1
NR4A1,POLD1,1
NR4A1,LPCAT3,1
NR4A1,DUS1L,1
NR4A1,NDE1,1
NR4A1,L2HGDH,1
NR4A1,IRF6,1
NR4A1,CD82,1
RAD21,AHCYL1,1
RAD21,DDX20,1
RAD21,RAB37,1
RAD21,MCM5,1
RAD21,RHOF,1
RAD21,NCEH1,1
RAD21,SLC25A45,1
RAD21,ERLIN2,1
RAD21,POLD1,1
RAD21,RCC1,1
RAD21,RAB32,1
RAD21,NARFL,1
RAD21,PLEC,1
RAD21,ASF1B,1
RAD21,GNPDA1,1
RAD21,FAM136A,1
RAD21,MYCN,1
RAD21,ANKLE1,1
RAD21,GYPA,1
RAD21,INKA1,1
RAD21,TRIB3,1
RAD21,ATG16L1,1
RAD21,TK1,1
RAD21,CRBN,1
RAD21,GBP2,1
RAD21,GFI1B,1
RAD21,CLCN4,1
RAD21,PHAX,1
RAD21,FEM1A,1
RAD21,CASP2,1
RAD21,GSTM1,1
RAD21,TSC22D3,1
RAD21,CEP70,1
RAD21,TRPV2,1
RAD21,SPHK1,1
RAD21,HSD3B7,1
RAD21,SETD2,1
RAD21,NDUFV1,1
RAD21,SERPINB9,1
RAD21,PAFAH1B2,1
RAD21,ZZZ3,1
RAD21,TGM2,1
RAD21,LRRC8C,1
RAD21,TRIM30A,1
RAD21,ATP11C,1
RAD21,INPP1,1
RAD21,COPG1,1
RAD21,SERPINB1A,1
RAD21,CRYZL2,1
RAD21,ELF4,1
RAD21,GLIPR2,1
RAD21,DUSP1,1
RAD21,PEAR1,1
RAD21,SLC30A5,1
RAD21,POLA2,1
RAD21,NUF2,1
RAD21,RGCC,1
RAD21,SLC25A38,1
RAD21,MGST3,1
RAD21,MYO1D,1
RAD21,TLK1,1
RAD21,BUB1,1
RAD21,PLIN3,1
RAD21,TENT5A,1
RAD21,ELMO1,1
RAD21,JUN,1
RAD21,CAST,1
RAD21,MOGS,1
RAD21,TRIB2,1
RAD21,FCHSD2,1
RAD21,CTSO,1
RAD21,MINPP1,1
RAD21,PREP,1
RAD21,CHMP7,1
RAD21,CD55,1
RAD21,CUL4A,1
RAD21,GRN,1
RAD21,TBC1D10C,1
RAD21,ESYT2,1
RAD21,ZYX,1
RAD21,RNF139,1
RAD21,MARS,1
RAD21,METTL27,1
RAD21,IPO9,1
RAD21,FAM45A,1
RAD21,RNASEL,1
RAD21,SGPL1,1
RAD21,FADS1,1
RAD21,EGR1,1
RAD21,PPOX,1
RAD21,ALDH18A1,1
RAD21,UCKL1,1
RAD21,CPT2,1
RAD21,ABI1,1
RAD21,DTL,1
RAD21,STXBP3,1
RAD21,TWSG1,1
RAD21,SERPINB6B,1
RAD21,SLC14A1,1
RAD21,RABIF,1
RAD21,NR2C1,1
RAD21,LMBRD1,1
RAD21,CCNA2,1
RAD21,ACSS2,1
RAD21,ABCB8,1
RAD21,MIS18BP1,1
RAD21,RASSF5,1
RAD21,NAE1,1
RAD21,PLXNC1,1
RAD21,BCLAF3,1
RAD21,NADK,1
RAD21,LPCAT3,1
RAD21,SPRYD4,1
RAD21,MAPKAPK3,1
RAD21,ANAPC2,1
RAD21,RUNX2,1
RAD21,ANXA5,1
RAD21,KLF1,1
RAD21,RNF141,1
RAD21,STT3B,1
RAD21,SPNS2,1
RAD21,ETS1,1
RAD21,TOX4,1
RAD21,KLF6,1
RAD21,ANK,1
RAD21,ABCB4,1
RAD21,USF3,1
RAD21,DPP8,1
RAD21,DHFR,1
RAD21,1700017B05RIK,1
RAD21,KLHL24,1
RAD21,CTSC,1
RAD21,4833439L19RIK,1
RAD21,RFC5,1
RAD21,EMILIN2,1
RAD21,SLC6A6,1
RAD21,KIDINS220,1
RAD21,MAN2A2,1
RAD21,SMARCA2,1
RAD21,RARS,1
RAD21,RUVBL2,1
RAD21,C330018D20RIK,1
RAD21,IL27RA,1
RAD21,DNPEP,1
RAD21,DNAJC11,1
RAD21,ATL2,1
RAD21,FAAP100,1
RAD21,P2RX4,1
RAD21,ELL2,1
RAD21,TMEM176A,1
RAD21,ARHGAP15,1
RAD21,RAB31,1
RAD21,METTL8,1
RAD21,PSMD6,1
RAD21,NOL9,1
RAD21,NAA50,1
RAD21,CCNB1,1
RAD21,GIMAP5,1
RAD21,MYC,1
RAD21,CLN5,1
RAD21,CYB5R3,1
RAD21,NFATC1,1
RAD21,GFM1,1
RAD21,RFC4,1
RAD21,EIF1AD,1
RAD21,FEM1B,1
RAD21,ATP2A3,1
RAD21,SATB1,1
RAD21,PTPN12,1
RAD21,PIP4K2A,1
RAD21,PIK3IP1,1
RAD21,SPTBN1,1
RAD21,EYA2,1
RAD21,ST3GAL5,1
RAD21,APEH,1
RAD21,WDSUB1,1
RAD21,PACSIN2,1
RAD21,ZFP397,1
RAD21,UAP1,1
RAD21,EXT2,1
RAD21,KIF20B,1
RAD21,SPC24,1
RAD21,ALAD,1
RAD21,PIDD1,1
RAD21,PAK1,1
RAD21,DNM1L,1
RAD21,FES,1
RAD21,APLP2,1
RAD21,PCYT1A,1
RAD21,ARL8B,1
RAD21,9430015G10RIK,1
RAD21,PRKAR2B,1
RAD21,ABTB1,1
RAD21,MARCH5,1
RAD21,TCF12,1
RAD21,PRKAA1,1
RAD21,BYSL,1
RAD21,GMFB,1
RAD21,AP1B1,1
RAD21,PRKAB1,1
RAD21,SGO1,1
RAD21,SHCBP1,1
RAD21,XRCC5,1
RAD21,EPS15,1
RAD21,OAT,1
RAD21,RPRD1B,1
RAD21,MTMR6,1
RAD21,RMND5A,1
RAD21,ESR1,1
RAD21,HCLS1,1
RAD21,TMEM68,1
RAD21,KLF3,1
RAD21,ODC1,1
RAD21,TBCD,1
RAD21,SLC44A2,1
RAD21,NELFB,1
RAD21,MECOM,1
RAD21,COLGALT1,1
RAD21,DENND2D,1
RAD21,MARCH8,1
RAD21,EPDR1,1
RAD21,FNTA,1
RAD21,SMIM5,1
RAD21,MNS1,1
RAD21,ITGA6,1
RAD21,ENDOD1,1
RAD21,PRKCQ,1
RAD21,PRPF4,1
RAD21,WDHD1,1
RAD21,IRF1,1
RAD21,HAGH,1
RAD21,LYRM4,1
RAD21,CRK,1
RAD21,NFKBIA,1
RAD21,MAP4K2,1
RAD21,STEAP3,1
RAD21,CTNNA1,1
RAD21,ZEB2,1
RAD21,HPN,1
RAD21,PICALM,1
RAD21,ADO,1
RAD21,B230219D22RIK,1
RAD21,NECAP2,1
RAD21,RMND5B,1
RAD21,WDR5,1
RAD21,NFAT5,1
RAD21,TAB1,1
RAD21,COL5A1,1
RAD21,AK3,1
RAD21,MCTP1,1
RAD21,TYMS,1
RAD21,GTF3C3,1
RAD21,TMEM168,1
RAD21,CLIC4,1
RAD21,ZKSCAN3,1
RAD21,MORC3,1
RAD21,NAA35,1
RAD21,SLC35A1,1
RAD21,SESN1,1
RAD21,PSMD5,1
RAD21,TXNRD2,1
RAD21,PKM,1
RAD21,LRRFIP1,1
RAD21,PCCA,1
RAD21,SLC20A1,1
RAD21,MIEF1,1
RAD21,NGLY1,1
RAD21,RRM2,1
RAD21,CPOX,1
RAD21,LANCL2,1
RAD21,RAI14,1
RAD21,PON2,1
RAD21,IFT140,1
RAD21,HUS1,1
RAD21,ME2,1
RAD21,ZFP592,1
RAD21,NFE2,1
RAD21,EXOC2,1
RAD21,TMX3,1
RAD21,AFF4,1
RAD21,NUP85,1
RAD21,TFRC,1
RAD21,SPPL2A,1
RAD21,WDR36,1
RAD21,PPM1H,1
RAD21,ADD2,1
RAD21,NOTCH1,1
RAD21,GCLC,1
RAD21,MIOS,1
RAD21,PPIL4,1
RAD21,PIGQ,1
RAD21,MAPK9,1
RAD21,PNO1,1
RAD21,HIST1H2BC,1
RAD21,NARF,1
RAD21,IKZF1,1
RAD21,ITFG1,1
RAD21,HERC4,1
RAD21,GPSM2,1
RAD21,PRKCH,1
RAD21,ZFP639,1
RAD21,NFE2L2,1
RAD21,CSTF2,1
RAD21,USP25,1
RAD21,ZFP24,1
RAD21,AHCTF1,1
RAD21,REL,1
RAD21,VPS26C,1
RAD21,NEDD1,1
RAD21,BTG2,1
RAD21,MXD3,1
RAD21,RNF19A,1
RAD21,TASP1,1
RAD21,ATP13A1,1
RAD21,ALDH9A1,1
RAD21,DEK,1
RAD21,ORC5,1
RAD21,SP4,1
RAD21,ZFP62,1
RAD21,XPR1,1
RAD21,PKLR,1
RAD21,LPIN2,1
RAD21,SPC25,1
RAD21,PDE4B,1
RAD21,ABHD16A,1
RAD21,NUP107,1
RAD21,NET1,1
RAD21,TNFAIP8,1
RAD21,ZDHHC6,1
RAD21,BTRC,1
RAD21,CKAP2L,1
RAD21,STXBP4,1
RAD21,HEATR5A,1
RAD21,RHOT1,1
RAD21,INTS8,1
RAD21,COA5,1
RAD21,CDK19,1
RAD21,DRAM2,1
RAD21,CEPT1,1
RAD21,BC005561,1
RAD21,USP8,1
RAD21,FAM168B,1
RAD21,TIMM29,1
RAD21,EXOC3,1
RAD21,METAP1D,1
RAD21,VHL,1
RAD21,KPNA3,1
RAD21,DCP1A,1
RAD21,WDR45B,1
RAD21,KNSTRN,1
RAD21,DPH6,1
RAD21,GARS,1
RAD21,EYA1,1
RAD21,ATG12,1
RAD21,AP3S1,1
RAD21,DCAF4,1
RAD21,POLR1B,1
RAD21,PSEN1,1
RAD21,NCAPG2,1
RAD21,RNF145,1
RAD21,AURKA,1
RAD21,TRIM59,1
RAD21,JPT2,1
RAD21,PRDM16,1
RAD21,TMEM64,1
RAD21,TREML2,1
RAD21,ACAA2,1
RAD21,SEH1L,1
RAD21,TRMT6,1
RAD21,ELOVL1,1
RAD21,PLCG2,1
RAD21,CNIH1,1
RAD21,CHMP3,1
RAD21,HPCAL1,1
RAD21,FKBP1A,1
RAD21,D1ERTD622E,1
RAD21,AHR,1
RAD21,HAUS2,1
RAD21,STK25,1
RAD21,NDRG1,1
RAD21,DCAF13,1
RAD21,ZBTB10,1
RAD21,INTS13,1
RAD21,NRF1,1
RAD21,TMEM97,1
RAD21,HARS2,1
RAD21,HARS,1
RAD21,TYK2,1
RAD21,MFSD1,1
RAD21,ZFP672,1
RAD21,KIF11,1
RAD21,FAR1,1
RAD21,METAP1,1
RAD21,XRCC6,1
RAD21,GM2A,1
RAD21,VIM,1
RAD21,HSDL1,1
RAD21,MARCH6,1
RAD21,CSGALNACT2,1
RAD21,FTSJ3,1
RAD21,RNF115,1
RAD21,PQLC1,1
RAD21,IL15,1
RAD21,HSPA4L,1
RAD21,MSH6,1
RAD21,WDR4,1
RAD21,MRM1,1
RAD21,RNF13,1
RAD21,FOXRED1,1
RAD21,MAPK1,1
RAD21,SMIM15,1
RAD21,TLR4,1
RAD21,PMPCA,1
RAD21,NAMPT,1
RAD21,NDEL1,1
RAD21,RB1,1
RAD21,BAP1,1
RAD21,ZFP143,1
RAD21,CUL2,1
RAD21,ZFP451,1
RAD21,ACAP1,1
RAD21,ZDHHC13,1
RAD21,MEF2C,1
RAD21,SLC39A10,1
RAD21,LCP1,1
RAD21,TM7SF3,1
RAD21,THRB,1
RAD21,CNOT10,1
RAD21,NUDT9,1
RAD21,ZFP871,1
RAD21,RARB,1
RAD21,GRINA,1
RAD21,STX17,1
RAD21,DOCK2,1
RAD21,LTB,1
RAD21,LAPTM4B,1
RAD21,GANAB,1
RAD21,TUBGCP5,1
RAD21,RAD51AP1,1
RAD21,CUL3,1
RAD21,IRF8,1
RAD21,RPAP1,1
RAD21,PACS1,1
RAD21,TBL3,1
RAD21,RASA3,1
RAD21,ASAH1,1
RAD21,PRSS50,1
RAD21,ARMT1,1
RAD21,GMNN,1
RAD21,GNA13,1
RAD21,USP4,1
RAD21,TRPS1,1
RAD21,CNOT7,1
RAD21,OTUD6B,1
RAD21,CCNF,1
RAD21,LAP3,1
RAD21,TIFA,1
RAD21,NPLOC4,1
RAD21,MBTPS1,1
RAD21,ATAD2,1
RAD21,ANGPT1,1
RAD21,KAT7,1
RAD21,UGCG,1
RAD21,BMI1,1
RAD21,ZFP110,1
RAD21,PHACTR2,1
RAD21,DECR1,1
RAD21,THUMPD3,1
RAD21,TMUB2,1
RAD21,ANKFY1,1
RAD21,RPA1,1
RAD21,ST3GAL6,1
RAD21,LZTR1,1
RAD21,GOSR2,1
RAD21,GALK2,1
RAD21,ADK,1
RAD21,NOP2,1
RAD21,JARID2,1
RAD21,CPQ,1
RAD21,PHF10,1
RAD21,FECH,1
RAD21,NUP93,1
RAD21,BUB1B,1
RAD21,MAVS,1
RAD21,CYB5R1,1
RAD21,PWP1,1
RAD21,PGM1,1
RAD21,SMAD2,1
RAD21,OSTM1,1
RAD21,TSPAN14,1
RAD21,CDT1,1
RAD21,ABL1,1
RAD21,ZFP961,1
RAD21,ARAP1,1
RAD21,XPNPEP1,1
RAD21,FOS,1
RAD21,EPAS1,1
RAD21,NUDT4,1
RAD21,CHP1,1
RAD21,PLA2G12A,1
RAD21,GYG,1
RAD21,ESAM,1
RAD21,DIS3L2,1
RAD21,GTF2H1,1
RAD21,SCRN3,1
RAD21,HDAC2,1
RAD21,MRPL37,1
RAD21,TANGO2,1
RAD21,GSR,1
RAD21,YOD1,1
RAD21,ABCF3,1
RAD21,FOXO1,1
RAD21,IRF5,1
RAD21,CAPN7,1
RAD21,ERLIN1,1
RAD21,PRELID3B,1
RAD21,ABCD3,1
RAD21,TSPAN3,1
RAD21,CLPTM1L,1
RAD21,PSEN2,1
RAD21,RPA2,1
RAD21,MFSD14B,1
RAD21,NIF3L1,1
RAD21,TUBGCP2,1
RAD21,STOM,1
RAD21,SDHAF2,1
RAD21,CMPK2,1
RAD21,PSMF1,1
RAD21,MBOAT2,1
RAD21,MAN1A,1
RAD21,LPCAT1,1
RAD21,REXO4,1
RAD21,ARMC8,1
RAD21,VPS33A,1
RAD21,TTF1,1
RAD21,PJA2,1
RAD21,UBXN2B,1
RAD21,MYH10,1
RAD21,TRMT11,1
RAD21,PTDSS2,1
RAD21,ZFP266,1
RAD21,VPS33B,1
RAD21,TOPORS,1
RAD21,LDAH,1
RAD21,CDC7,1
RAD21,CYP20A1,1
RAD21,STAT3,1
RAD21,ZFP35,1
RAD21,ZKSCAN6,1
RAD21,OPTN,1
RAD21,BCAP29,1
RAD21,LIMD2,1
RAD21,PLD3,1
RAD21,SNRPB,1
RAD21,CACFD1,1
RAD21,HNRNPLL,1
RAD21,MCM6,1
RAD21,RORA,1
RAD21,CASP3,1
RAD21,UBE2G2,1
RAD21,RABGGTB,1
RAD21,PPP2R1B,1
RAD21,DDX1,1
RAD21,SMIM1,1
RAD21,HSPH1,1
RAD21,HMMR,1
RAD21,CBFB,1
RAD21,NOLC1,1
RAD21,NUDCD3,1
RAD21,IFRD2,1
RAD21,GIMAP6,1
RAD21,SCARB1,1
RAD21,MTFR1,1
RAD21,CYTH3,1
RAD21,CDCA4,1
RAD21,HEXA,1
RAD21,GFI1,1
RAD21,CHUK,1
RAD21,CENPA,1
RAD21,EZR,1
RAD21,HNRNPAB,1
RAD21,SLC16A1,1
RAD21,PRDM4,1
RAD21,CREB5,1
RAD21,WDR73,1
RAD21,FGFR1OP,1
RAD21,KIF22,1
RAD21,SQLE,1
RAD21,DHX33,1
RAD21,NR4A1,1
RAD21,DDHD2,1
RAD21,SCFD1,1
RAD21,PITRM1,1
RAD21,KDM6A,1
RAD21,GYPC,1
RAD21,GMCL1,1
RAD21,D230025D16RIK,1
RAD21,CERS5,1
RAD21,TMEM186,1
RAD21,NFATC2,1
RAD21,RGS19,1
RAD21,DCK,1
RAD21,COPB1,1
RAD21,PRC1,1
RAD21,POLR2B,1
RAD21,DENND1C,1
RAD21,SLC25A46,1
RAD21,RFESD,1
RAD21,ZFP655,1
RAD21,TMEM109,1
RAD21,CDCA5,1
RAD21,D10WSU102E,1
RAD21,TAF12,1
RAD21,RNASE6,1
RAD21,ELP2,1
RAD21,HDAC7,1
RAD21,AP5M1,1
RAD21,CHAMP1,1
RAD21,POT1A,1
RAD21,EIF2B1,1
RAD21,NFXL1,1
RAD21,POLR3F,1
RAD21,INPP5B,1
RAD21,PWP2,1
RAD21,PSAT1,1
RAD21,RUNX1T1,1
RAD21,SLC31A1,1
RAD21,HACD3,1
RAD21,CAD,1
RAD21,NCAPG,1
RAD21,HIST1H1C,1
RAD21,ICE1,1
RAD21,ANAPC4,1
RAD21,CALU,1
RAD21,ZFP30,1
RAD21,TMEM206,1
RAD21,FUCA2,1
RAD21,LRRC14,1
RAD21,GORASP1,1
RAD21,NAPSA,1
RAD21,WLS,1
RAD21,VAMP3,1
RAD21,DNAJC10,1
RAD21,L2HGDH,1
RAD21,AMPD3,1
RAD21,NCAPD2,1
RAD21,MTREX,1
RAD21,PBK,1
RAD21,PA2G4,1
RAD21,SNAPC3,1
RAD21,ITSN1,1
RAD21,PPP6C,1
RAD21,VPS41,1
RAD21,WARS,1
RAD21,MEMO1,1
RAD21,CENPO,1
RAD21,MFGE8,1
RAD21,POLE3,1
RAD21,FAM234B,1
RAD21,TOLLIP,1
RAD21,NUP155,1
RAD21,TVP23B,1
RAD21,ILVBL,1
RAD21,SGPP1,1
RAD21,NT5DC1,1
RAD21,IDH3A,1
RAD21,SERPINA3G,1
RAD21,MT1,1
RAD21,PITPNB,1
RAD21,IFI203,1
RAD21,ADAMTS10,1
RAD21,ATG4B,1
RAD21,RGS1,1
RAD21,UROS,1
RAD21,GIMAP1,1
RAD21,ENPP4,1
RAD21,RCSD1,1
RAD21,MAD2L1,1
RAD21,NSMAF,1
RAD21,TRMT2A,1
RAD21,RELB,1
RAD21,TMEM129,1
RAD21,TACC3,1
RAD21,GTF2F1,1
RAD21,ANXA6,1
RAD21,ATP1B2,1
RAD21,GOLPH3,1
RAD21,GSS,1
RAD21,TMX1,1
RAD21,MCM7,1
RAD21,YBX3,1
RAD21,MIS12,1
RAD21,XK,1
RAD21,TPP1,1
RAD21,UBA7,1
RAD21,ZFP467,1
RAD21,DUSP2,1
RAD21,FIGNL1,1
RAD21,XAB2,1
RAD21,MTO1,1
RAD21,DCAF11,1
RAD21,STARD10,1
RAD21,GPR180,1
RAD21,E2F6,1
RAD21,HDGF,1
RAD21,DNAJC5,1
RAD21,PHB2,1
RAD21,USP37,1
RAD21,SSX2IP,1
RAD21,GEMIN5,1
RAD21,SEPT8,1
RAD21,COPS8,1
RAD21,EPSTI1,1
RAD21,XPC,1
RAD21,GNAI3,1
RAD21,DLST,1
RAD21,TBC1D2B,1
RAD21,SQOR,1
RAD21,MNDAL,1
RAD21,SUPT7L,1
RAD21,PTDSS1,1
RAD21,CENPK,1
RAD21,SRSF1,1
RAD21,MAU2,1
RAD21,AP1G2,1
RAD21,ATP7B,1
RAD21,ALG11,1
RAD21,ABCB10,1
RAD21,MYNN,1
RAD21,GOLM1,1
RAD21,UBAP1,1
RAD21,GNG11,1
RAD21,PUS7,1
RAD21,CLPX,1
RAD21,IPO4,1
RAD21,MKI67,1
RAD21,KLHL6,1
RAD21,RASAL3,1
RAD21,CD1D1,1
RAD21,PPAT,1
RAD21,CHORDC1,1
RAD21,CENPE,1
RAD21,KLHL23,1
RAD21,CCNE1,1
RAD21,EFTUD2,1
RAD21,ORC2,1
RAD21,BAG2,1
RAD21,ID2,1
RAD21,CD84,1
RAD21,UHRF1,1
RAD21,TCP11L2,1
RAD21,NUDCD1,1
RAD21,ZFP322A,1
RAD21,CASP1,1
RAD21,GCNT2,1
RAD21,SLC40A1,1
RAD21,2610301B20RIK,1
RAD21,GTF2E1,1
RAD21,HLF,1
RAD21,CSAD,1
RAD21,RNF213,1
RAD21,TTLL12,1
RAD21,CYTIP,1
RAD21,SMC2,1
RAD21,NEK9,1
RAD21,CTPS,1
RAD21,MCM3,1
RAD21,TFG,1
RAD21,PRMT7,1
RAD21,RGS2,1
RAD21,CTR9,1
RAD21,SLC29A1,1
RAD21,JAK3,1
RAD21,FZR1,1
RAD21,STX12,1
RAD21,NASP,1
RAD21,LONP1,1
RAD21,TES,1
RAD21,MCM4,1
RAD21,COG6,1
RAD21,BTAF1,1
RAD21,SNX10,1
RAD21,GOLT1B,1
RAD21,PQLC3,1
RAD21,IFI204,1
RAD21,ZSCAN21,1
RAD21,NFIA,1
RAD21,PIK3R2,1
RAD21,STAP1,1
RAD21,SPPL2B,1
RAD21,CD9,1
RAD21,ANXA4,1
RAD21,UTP4,1
RAD21,FLOT2,1
RAD21,BIRC5,1
RAD21,SUN1,1
RAD21,UMPS,1
RAD21,ZFP945,1
RAD21,CPT1A,1
RAD21,CCNG1,1
RAD21,ISYNA1,1
RAD21,TMC6,1
RAD21,UNC93B1,1
RAD21,UNK,1
RAD21,PFKM,1
RAD21,FAM76B,1
RAD21,RNF4,1
RAD21,HELLS,1
RAD21,ACOX1,1
RAD21,COG7,1
RAD21,TUBGCP3,1
RAD21,UAP1L1,1
RAD21,SLC30A6,1
RAD21,COPB2,1
RAD21,GSKIP,1
RAD21,CERS4,1
RAD21,NPTN,1
RAD21,LIG1,1
RAD21,VKORC1L1,1
RAD21,NUBP2,1
RAD21,ASB8,1
RAD21,TIMM50,1
RAD21,E2F4,1
RAD21,NDC1,1
RAD21,2210016F16RIK,1
RAD21,CKAP5,1
RAD21,DCTD,1
RAD21,CD82,1
RAD21,MFNG,1
RAD21,ST8SIA4,1
RAD21,EPOR,1
RAD21,TMEM263,1
RAD21,CDC45,1
RAD21,WDR75,1
RAD21,ASNS,1
RAD21,COQ8A,1
RAD21,KLHL22,1
RAD21,MED22,1
RAD21,MFN2,1
RAD21,RPP40,1
RAD21,TCIRG1,1
RAD21,RRM1,1
RAD21,PLK1,1
RAD21,TBC1D15,1
RAD21,MED16,1
RAD21,NIT1,1
RAD21,CDC20,1
RAD21,CNP,1
RAD21,CRIP2,1
RAD21,RCOR1,1
RAD21,AFG3L2,1
RAD21,ARL6IP6,1
RAD21,XRCC3,1
RAD21,PBX1,1
RAD21,HDAC9,1
RAD21,TSPAN33,1
RAD21,CASP4,1
RAD21,TMEM176B,1
RAD21,HEBP1,1
RAD21,CIPC,1
RAD21,SELENOP,1
RAD21,AAR2,1
RAD21,ALG9,1
RAD21,INCENP,1
RAD21,UBE2C,1
RAD21,ISG20,1
RAD21,CAMK1,1
RAD21,POGLUT1,1
RAD21,NUSAP1,1
RAD21,GPR171,1
RAD21,YPEL3,1
RAD21,APBB1,1
RAD21,ZBTB43,1
RAD21,SACM1L,1
RAD21,TAPT1,1
RAD21,BLVRB,1
RAD21,CD93,1
RAD21,IARS2,1
RAD21,SPO11,1
RAD21,H1F0,1
RAD21,HMGB2,1
RAD21,LMNA,1
RAD21,TOM1L1,1
RAD21,QARS,1
RAD21,UBL4A,1
RAD21,PLAG1,1
RAD21,RAD51,1
RAD21,PCYT2,1
RAD21,F11R,1
RAD21,BLZF1,1
RAD21,TMEM56,1
RAD21,ATP6V1A,1
RAD21,CTSE,1
RAD21,CCNE2,1
RAD21,SLC11A2,1
RAD21,TMEM173,1
RAD21,CCNB2,1
RAD21,SP100,1
RAD21,ATP6AP1,1
RAD21,ARHGEF6,1
RAD21,SNCA,1
RAD21,SLC19A1,1
RAD21,TMEM177,1
RAD21,E2F8,1
RAD21,LEPROT,1
RAD21,PRDM5,1
RAD21,P2RY14,1
RAD21,PLAA,1
RAD21,SPTLC1,1
RAD21,ANXA2,1
RAD21,DYNLT3,1
RAD21,NAGA,1
RAD21,ZBTB20,1
RAD21,USP10,1
RAD21,RANGAP1,1
RAD21,EBF1,1
RAD21,PDK3,1
RAD21,LSP1,1
RAD21,CDK1,1
RAD21,LMO4,1
RAD21,SPI1,1
RAD21,PSMD9,1
RAD21,WDR55,1
RAD21,RANBP3,1
RAD21,LCP2,1
RAD21,SNAP23,1
RAD21,ALKBH8,1
RAD21,TEAD3,1
RAD21,PDCL,1
RAD21,SOX6,1
RAD21,UBR7,1
RAD21,PLIN2,1
RAD21,CKAP2,1
RAD21,EDC3,1
RAD21,EBI3,1
RAD21,MTAP,1
RAD21,SKAP2,1
RAD21,SEPT6,1
RAD21,BUB3,1
RAD21,ACSS1,1
RAD21,ICA1,1
RAD21,SLC38A5,1
RAD21,SGTA,1
RAD21,NCAPH,1
RAD21,RBPMS,1
RAD21,SASH3,1
RAD21,MTHFD1,1
RAD21,YBX1,1
RAD21,FBXW5,1
RAD21,GATA2,1
RAD21,TBXAS1,1
RAD21,TNFRSF13B,1
RAD21,MEIS1,1
RAD21,VPS35,1
RAD21,ORC6,1
RAD21,HMBS,1
RAD21,UBAC1,1
RAD21,UBA5,1
RAD21,ZKSCAN17,1
RAD21,FARSB,1
RAD21,DUS1L,1
RAD21,CALCRL,1
RAD21,GATM,1
RAD21,TPX2,1
RAD21,PLEK,1
RAD21,SEC23IP,1
RAD21,WDR6,1
RAD21,FPGS,1
RAD21,NCLN,1
RAD21,NUDT19,1
RAD21,NUP88,1
RAD21,IL21R,1
RAD21,GRAMD1A,1
RAD21,IFITM1,1
RAD21,ETF1,1
RAD21,NSD2,1
RAD21,GMPR,1
RAD21,CKS1B,1
RAD21,LLGL1,1
RAD21,TFR2,1
RAD21,PTCD3,1
RAD21,CD48,1
RAD21,VPS11,1
RAD21,MAPK12,1
RAD21,TRIM47,1
RAD21,FASTKD2,1
RAD21,PPARGC1A,1
RAD21,TEAD2,1
RAD21,DDX58,1
RAD21,MCM10,1
RAD21,UBR1,1
RAD21,TIPIN,1
RAD21,ZFP275,1
RAD21,TERF2IP,1
RAD21,FBXO5,1
RAD21,ZFP367,1
RAD21,ATAD1,1
RAD21,ABCG2,1
RAD21,RTP4,1
RAD21,CBX7,1
RAD21,MYB,1
RAD21,PTGS1,1
RAD21,TOR3A,1
RAD21,BID,1
RAD21,TMEM164,1
RAD21,CCDC137,1
RAD21,MPL,1
RAD21,TARS,1
RAD21,ELAC2,1
RAD21,H2-OB,1
RAD21,CITED4,1
RAD21,ARHGAP4,1
RAD21,EIF4ENIF1,1
RAD21,ARHGEF18,1
RAD21,CES2G,1
RAD21,CTLA2B,1
RAD21,GNB4,1
RAD21,TNFAIP2,1
RAD21,HACD4,1
RAD21,HEMGN,1
RAD21,PRPS2,1
RAD21,APOE,1
RAD21,CDCA8,1
RAD21,FAM91A1,1
RAD21,VDR,1
RAD21,IARS,1
RAD21,AURKB,1
RAD21,CDCA3,1
RAD21,PSTPIP1,1
RAD21,CENPF,1
RAD21,STXBP1,1
RAD21,ALDH1A1,1
RAD21,PCP4L1,1
RAD21,NEURL3,1
RAD21,CRNKL1,1
RAD21,VAV1,1
RAD21,CD74,1
RAD21,UBA3,1
RAD21,SOX18,1
RAD21,VWA5A,1
RAD21,SVIP,1
RAD21,GLIS2,1
RAD21,ANXA1,1
RAD21,CARHSP1,1
RAD21,MYO1G,1
RAD21,ZMYM3,1
RAD21,ANKRD27,1
RAD21,KEL,1
RAD21,HDAC11,1
RAD21,CTTN,1
RAD21,PGLYRP2,1
RAD21,CYTH4,1
RAD21,CELA1,1
RAD21,SLC39A9,1
RAD21,HNF4A,1
RAD21,ATP6AP2,1
RAD21,ERCC8,1
RAD21,IRF6,1
RAD21,CD63,1
RAD21,ELP3,1
RAD21,ITIH5,1
RAD21,PRIM1,1
RAD21,CDC6,1
RAD21,EMB,1
RAD21,SLC41A3,1
RAD21,PLBD2,1
RAD21,TCN2,1
RAD21,TLE2,1
RAD21,TOP2A,1
RAD21,MFSD2B,1
RAD21,HCFC1,1
RAD21,ZFP930,1
RAD21,NDOR1,1
RAD21,NUPR1,1
RAD21,DOK2,1
RAD21,ARID3B,1
RAD21,TMEM185A,1
RAD21,GPKOW,1
RAD21,SPIRE1,1
RAD21,UROD,1
RAD21,CORO1A,1
RAD21,C1QTNF12,1
RAD21,KRT18,1
RAD21,G6PDX,1
RAD21,BATF2,1
RAD21,PRIM2,1
RAD21,SAMD14,1
RAD21,MCM2,1
RAD21,GUSB,1
RAD21,PML,1
RAD21,METTL7A1,1
RAD21,CTLA2A,1
RAD21,NR3C2,1
RAD21,NDE1,1
RAD21,CHCHD10,1
RAD21,LDHB,1
RAD21,H2-DMB1,1
RAD21,CSRP3,1
RAD21,MT2,1
RAD21,PHETA2,1
RAD21,PCLAF,1
RAD21,TIE1,1
RAD21,NDN,1
RAD21,LYZ2,1
RAD21,SLC43A1,1
RAD21,AFAP1L1,1
RAD21,SALL2,1
RAD21,CISH,1
RAD21,SLC25A21,1
RAD21,PPIC,1
RAD21,AQP9,1
RAD21,TSHZ3,1
RAD21,RHD,1
RAD21,SIGIRR,1
RAD21,SLC43A3,1
RAD21,VILL,1
RAD21,ST6GALNAC4,1
RAD21,RDH11,1
RAD21,TCF19,1
RAD21,DPH2,1
RAD21,OASL2,1
RAD21,SNRNP200,1
RAD21,RORC,1
RAD21,IFI30,1
RAD21,PIK3C3,1
RAD21,AQP1,1
RAD21,ZFP36,1
RAD21,TSPO2,1
RAD21,PLPPR3,1
RAD21,PRPS1,1
RAD21,SLA2,1
RAD21,SERPINF1,1
RAD21,TTF2,1
RAD21,ADSSL1,1
RAD21,GSTM5,1
RAD21,SELENBP1,1
RAD21,CD34,1
RAD21,PROCR,1
RAD21,SLA,1
RAD21,GATA1,1
RAD21,CAR1,1
RAD21,PLCB2,1
RAD21,RHAG,1
RAD21,SCARF1,1
RAD21,SLC7A4,1
RAD21,SLC22A3,1
RAD21,NXPE2,1
RAD51,SPTBN1,1
RAD51,CLCN4,1
RAD51,OSTM1,1
RAD51,ZFP961,1
RAD51,CHAMP1,1
RAD51,CD1D1,1
RAD51,NRF1,1
RAD51,SACM1L,1
RAD51,HDGF,1
RAD51,IFI203,1
RAD51,DUS1L,1
RAD51,SLC25A38,1
RAD51,DCP1A,1
RAD51,CHORDC1,1
RAD51,WDR36,1
RAD51,GTF3C3,1
RAD51,ELP2,1
RAD51,DLST,1
RAD51,UROS,1
RAD51,ITFG1,1
RPA1,CEPT1,1
RPA1,FNTA,1
RPA1,CLCN4,1
RPA1,OSTM1,1
RPA1,SLC25A38,1
RPA1,HDGF,1
RPA1,YOD1,1
RPA1,DDX1,1
RPA1,HEMGN,1
RPA1,TAF1,1
RPA1,EBF1,1
RPA1,CHAMP1,1
RPA1,PRIM2,1
RPA1,CDK1,1
RPA1,STXBP1,1
RPA1,MYH10,1
RPA1,GIMAP1,1
RPA1,ERMAP,1
RPA1,BUB3,1
RPA1,GMFB,1
RPA1,LZTR1,1
RPA1,NUF2,1
RPA2,CLCN4,1
RPA2,EGR1,1
RPA2,IFI203,1
RPA2,OSTM1,1
RPA2,TMX3,1
RPA2,UNK,1
RPA2,CHAMP1,1
SATB1,SPRYD4,1
SATB1,STAT3,1
SATB1,DCP1A,1
SATB1,DDX20,1
SATB1,ARHGAP15,1
SATB1,UBA5,1
SATB1,ARMT1,1
SATB1,SMARCA2,1
SATB1,RNF145,1
SATB1,SUPT7L,1
SATB1,ATG16L1,1
SATB1,NUF2,1
SATB1,KIDINS220,1
SATB1,TOX4,1
SATB1,CHORDC1,1
SATB1,FARSB,1
SATB1,EIF1AD,1
SATB1,TES,1
SATB1,RAD51AP1,1
SATB1,MIS18BP1,1
SATB1,MSH6,1
SATB1,WDR75,1
SATB1,GALK2,1
SATB1,RMND5B,1
SATB1,DUS1L,1
SATB1,HEMGN,1
SATB1,MTMR6,1
SATB1,MTREX,1
SATB1,SHCBP1,1
SATB1,ADAMTS10,1
SATB1,NFAT5,1
SATB1,LCP2,1
SATB1,SNRNP200,1
SATB1,STAP1,1
SATB1,CTSE,1
SATB1,PDCL,1
SATB1,TMC6,1
SATB1,RANGAP1,1
SATB1,ATL2,1
SATB1,TRIM30A,1
SATB1,BLZF1,1
SATB1,CNOT10,1
SATB1,SLC25A38,1
SATB1,SPTBN1,1
SATB1,MAD2L1,1
SATB1,CAST,1
SATB1,COPG1,1
SATB1,VPS33B,1
SATB1,DOCK2,1
SATB1,RASSF5,1
SATB1,ACAP1,1
SATB1,HACD3,1
SATB1,XRCC5,1
SATB1,SNRPB,1
SATB1,ARAP1,1
SATB1,ERLIN2,1
SATB1,CENPA,1
SATB1,RUVBL2,1
SATB1,MYNN,1
SATB1,SRSF1,1
SATB1,KLHL24,1
SATB1,SCFD1,1
SATB1,REXO4,1
SATB1,ZFP35,1
SATB1,PGLYRP2,1
SATB1,CLCN4,1
SATB1,NECAP2,1
SATB1,ZFP62,1
SATB1,PON2,1
SATB1,CENPO,1
SATB1,TMUB2,1
SATB1,USP8,1
SATB1,CNP,1
SATB1,TIMM29,1
SATB1,SEC23IP,1
SATB1,ADK,1
SATB1,TAB1,1
SATB1,ALDH18A1,1
SATB1,SLC35A1,1
SATB1,NUDT9,1
SATB1,TARS,1
SATB1,UROD,1
SATB1,METTL7A1,1
SATB1,CALU,1
SATB1,RNASEL,1
SATB1,ALKBH8,1
SATB1,RASAL3,1
SATB1,NAA35,1
SATB1,FCHSD2,1
SATB1,RCOR1,1
SATB1,LIMD2,1
SATB1,DNPEP,1
SATB1,DCAF13,1
SATB1,LMBRD1,1
SATB1,OTUD6B,1
SATB1,FEM1B,1
SATB1,PKM,1
SATB1,ZFP143,1
SATB1,VWA5A,1
SATB1,GMFB,1
SATB1,EPS15,1
SATB1,PIK3C3,1
SATB1,AP5M1,1
SATB1,MORC3,1
SATB1,DPP8,1
SATB1,NIF3L1,1
SATB1,CLPX,1
SATB1,GFI1,1
SATB1,OASL2,1
SATB1,POLR3F,1
SATB1,DHX33,1
SATB1,ENDOD1,1
SATB1,NAA50,1
SATB1,PPP6C,1
SATB1,MCM7,1
SATB1,DNAJC11,1
SATB1,UBE2G2,1
SATB1,TSPAN14,1
SATB1,TRMT2A,1
SATB1,PNO1,1
SATB1,TMX3,1
SATB1,USF3,1
SATB1,CEP70,1
SATB1,TRPV2,1
SATB1,MARS,1
SATB1,SMC2,1
SATB1,AHCTF1,1
SATB1,NCEH1,1
SATB1,STXBP3,1
SATB1,TBCD,1
SATB1,PICALM,1
SATB1,C330018D20RIK,1
SATB1,ORC5,1
SATB1,TTF1,1
SATB1,ACSS1,1
SATB1,GM2A,1
SATB1,COLGALT1,1
SATB1,RHOT1,1
SATB1,BYSL,1
SATB1,TNFAIP8,1
SATB1,METTL8,1
SATB1,PSMF1,1
SATB1,FKBP1A,1
SATB1,ICE1,1
SATB1,EYA2,1
SATB1,TMEM129,1
SATB1,TACC3,1
SATB1,CPT2,1
SATB1,VPS11,1
SATB1,ATP7B,1
SATB1,ALG11,1
SATB1,CCNA2,1
SATB1,DRAM2,1
SATB1,CEPT1,1
SATB1,ATAD2,1
SATB1,RELB,1
SATB1,ABI1,1
SATB1,DENND1C,1
SATB1,PLIN3,1
SATB1,FAM136A,1
SATB1,FEM1A,1
SATB1,KIF20B,1
SATB1,GIMAP6,1
SATB1,CIPC,1
SATB1,WDR36,1
SATB1,KAT7,1
SATB1,RAD21,1
SATB1,KLHL6,1
SATB1,CLPTM1L,1
SATB1,ABCB8,1
SATB1,PRPF4,1
SATB1,RABIF,1
SATB1,FAM45A,1
SATB1,IFRD2,1
SATB1,AHCYL1,1
SATB1,MIEF1,1
SATB1,FOXRED1,1
SATB1,XPC,1
SATB1,BIRC5,1
SATB1,MGST3,1
SATB1,VPS26C,1
SATB1,UAP1,1
SATB1,PSMD6,1
SATB1,UBA3,1
SATB1,KIF11,1
SATB1,TMEM173,1
SATB1,ESYT2,1
SATB1,E2F4,1
SATB1,TCF12,1
SATB1,TCP11L2,1
SATB1,UCKL1,1
SATB1,NFXL1,1
SATB1,PIK3R2,1
SATB1,SLC14A1,1
SATB1,CRBN,1
SATB1,ARL8B,1
SATB1,RNF115,1
SATB1,TASP1,1
SATB1,YPEL3,1
SATB1,TBC1D10C,1
SATB1,HSPH1,1
SATB1,DOK2,1
SATB1,FASTKD2,1
SATB1,ABTB1,1
SATB1,ZBTB20,1
SATB1,CDK19,1
SATB1,HARS2,1
SATB1,HARS,1
SATB1,TPX2,1
SATB1,ZDHHC6,1
SATB1,PPAT,1
SATB1,RRM1,1
SATB1,GFM1,1
SATB1,ATP2A3,1
SATB1,NEDD1,1
SATB1,PLD3,1
SATB1,PSTPIP1,1
SATB1,CSTF2,1
SATB1,CD1D1,1
SATB1,CALCRL,1
SATB1,ADO,1
SATB1,SCRN3,1
SATB1,PDE4B,1
SATB1,DTL,1
SATB1,BCLAF3,1
SATB1,UBR1,1
SATB1,CDK1,1
SATB1,EFTUD2,1
SATB1,RFESD,1
SATB1,DPH6,1
SATB1,FIGNL1,1
SATB1,POLE3,1
SATB1,GTF3C3,1
SATB1,GTF2F1,1
SATB1,ANXA5,1
SATB1,GPR171,1
SATB1,NUDCD3,1
SATB1,RGS1,1
SATB1,CTSC,1
SATB1,HUS1,1
SATB1,INCENP,1
SATB1,SLA,1
SATB1,CUL2,1
SATB1,TMEM168,1
SATB1,CTSO,1
SATB1,PRDM4,1
SATB1,TMEM206,1
SATB1,CHMP7,1
SATB1,CACFD1,1
SATB1,GSTM1,1
SATB1,EXT2,1
SATB1,NDUFV1,1
SATB1,MIOS,1
SATB1,ANAPC4,1
SATB1,ARMC8,1
SATB1,RABGGTB,1
SATB1,EIF4ENIF1,1
SATB1,CUL4A,1
SATB1,MCM4,1
SATB1,GEMIN5,1
SATB1,PRKAB1,1
SATB1,MAPK9,1
SATB1,TMEM68,1
SATB1,ILVBL,1
SATB1,ZZZ3,1
SATB1,POT1A,1
SATB1,HIST1H1C,1
SATB1,TBC1D15,1
SATB1,ZFP655,1
SATB1,TRPS1,1
SATB1,MED16,1
SATB1,TRIB2,1
SATB1,2610301B20RIK,1
SATB1,BLVRB,1
SATB1,LRRC8C,1
SATB1,IDH3A,1
SATB1,WDR5,1
SATB1,PHAX,1
SATB1,ZFP930,1
SATB1,XPR1,1
SATB1,SGO1,1
SATB1,SP100,1
SATB1,PA2G4,1
SATB1,ATP13A1,1
SATB1,GTF2E1,1
SATB1,MYC,1
SATB1,AAR2,1
SATB1,COPB1,1
SATB1,PHB2,1
SATB1,AFF4,1
SATB1,NOP2,1
SATB1,SLA2,1
SATB1,D10WSU102E,1
SATB1,P2RX4,1
SATB1,IPO9,1
SATB1,ARHGAP4,1
SATB1,SPPL2A,1
SATB1,PSMD9,1
SATB1,RARS,1
SATB1,CRK,1
SATB1,ME2,1
SATB1,STK25,1
SATB1,SLC30A5,1
SATB1,STXBP4,1
SATB1,CTLA2A,1
SATB1,TMEM186,1
SATB1,ATP6V1A,1
SATB1,NUP155,1
SATB1,MNDAL,1
SATB1,RFC4,1
SATB1,GSKIP,1
SATB1,DHFR,1
SATB1,FZR1,1
SATB1,ZBTB10,1
SATB1,XAB2,1
SATB1,H2-OB,1
SATB1,PITRM1,1
SATB1,PRKAA1,1
SATB1,NELFB,1
SATB1,DUSP2,1
SATB1,LCP1,1
SATB1,ZFP397,1
SATB1,FGFR1OP,1
SATB1,AURKA,1
SATB1,BAP1,1
SATB1,SERPINB9,1
SATB1,TFG,1
SATB1,ZSCAN21,1
SATB1,SLC30A6,1
SATB1,POLR1B,1
SATB1,MKI67,1
SATB1,LAP3,1
SATB1,NARF,1
SATB1,NCAPG2,1
SATB1,RNF141,1
SATB1,SGTA,1
SATB1,UBA7,1
SATB1,NFE2,1
SATB1,ZFP110,1
SATB1,WDR45B,1
SATB1,TIPIN,1
SATB1,SLC31A1,1
SATB1,MCM3,1
SATB1,HSPA4L,1
SATB1,DNAJC10,1
SATB1,COG6,1
SATB1,CKAP2L,1
SATB1,RORA,1
SATB1,LTB,1
SATB1,USP4,1
SATB1,NET1,1
SATB1,CDC6,1
SATB1,VPS33A,1
SATB1,MAPK1,1
SATB1,ALG9,1
SATB1,PLEC,1
SATB1,ALDH9A1,1
SATB1,CBFB,1
SATB1,SEH1L,1
SATB1,ISG20,1
SATB1,LRRC14,1
SATB1,TOPORS,1
SATB1,CPQ,1
SATB1,ABCF3,1
SATB1,NUP107,1
SATB1,PAFAH1B2,1
SATB1,RMND5A,1
SATB1,SP4,1
SATB1,PSEN2,1
SATB1,ANAPC2,1
SATB1,NDEL1,1
SATB1,NUP93,1
SATB1,IFI203,1
SATB1,GSS,1
SATB1,RDH11,1
SATB1,NUP85,1
SATB1,RGCC,1
SATB1,ASF1B,1
SATB1,TWSG1,1
SATB1,SLC39A9,1
SATB1,EPSTI1,1
SATB1,MOGS,1
SATB1,MINPP1,1
SATB1,ATAD1,1
SATB1,NT5DC1,1
SATB1,CDCA5,1
SATB1,PRKCH,1
SATB1,UROS,1
SATB1,ELP3,1
SATB1,TUBGCP5,1
SATB1,UBASH3A,1
SATB1,THUMPD3,1
SATB1,GYG,1
SATB1,CSGALNACT2,1
SATB1,COPS8,1
SATB1,RORC,1
SATB1,FOS,1
SATB1,FTSJ1,1
SATB1,RTP4,1
SATB1,GIMAP1,1
SATB1,DNAJC5,1
SATB1,CLN5,1
SATB1,CENPE,1
SATB1,PUS7,1
SATB1,EXOC2,1
SATB1,RNF19A,1
SATB1,UNK,1
SATB1,ZKSCAN3,1
SATB1,IL27RA,1
SATB1,MAPKAPK3,1
SATB1,CNIH1,1
SATB1,CTR9,1
SATB1,ZFP871,1
SATB1,GORASP1,1
SATB1,GRN,1
SATB1,POLD1,1
SATB1,NOLC1,1
SATB1,WDSUB1,1
SATB1,SPC24,1
SATB1,HCLS1,1
SATB1,CRIP2,1
SATB1,HEATR5A,1
SATB1,GARS,1
SATB1,SPTLC1,1
SATB1,AQP9,1
SATB1,PPOX,1
SATB1,RGS19,1
SATB1,PRELID3B,1
SATB1,TERF2IP,1
SATB1,ARHGEF6,1
SATB1,TMEM64,1
SATB1,4833439L19RIK,1
SATB1,BUB1,1
SATB1,LZTR1,1
SATB1,SERPINB6B,1
SATB1,HDAC7,1
SATB1,GOSR2,1
SATB1,DUSP1,1
SATB1,MFSD1,1
SATB1,BTRC,1
SATB1,JARID2,1
SATB1,ZFP672,1
SATB1,ST8SIA4,1
SATB1,PSMD5,1
SATB1,RANBP3,1
SATB1,NUDCD1,1
SATB1,CRNKL1,1
SATB1,EIF2B1,1
SATB1,PCCA,1
SATB1,LPIN2,1
SATB1,HMGB2,1
SATB1,CENPK,1
SATB1,PBK,1
SATB1,ARL6IP6,1
SATB1,MIS12,1
SATB1,GYPA,1
SATB1,TUBGCP2,1
SATB1,TRMT6,1
SATB1,VKORC1L1,1
SATB1,SGPL1,1
SATB1,FADS1,1
SATB1,SACM1L,1
SATB1,KPNA3,1
SATB1,TMX1,1
SATB1,PRC1,1
SATB1,UNC93B1,1
SATB1,TLR4,1
SATB1,RPAP1,1
SATB1,FBXO5,1
SATB1,ZFP24,1
SATB1,METAP1,1
SATB1,RNASE6,1
SATB1,COQ8A,1
SATB1,RNF139,1
SATB1,ELP2,1
SATB1,TMEM109,1
SATB1,LEPROT,1
SATB1,DDHD2,1
SATB1,MFNG,1
SATB1,WDR73,1
SATB1,SGPP1,1
SATB1,GNPDA1,1
SATB1,HDAC2,1
SATB1,NAE1,1
SATB1,CHAMP1,1
SATB1,TYMS,1
SATB1,PWP2,1
SATB1,PIP4K2A,1
SATB1,ITIH5,1
SATB1,RB1,1
SATB1,CDC45,1
SATB1,GPKOW,1
SATB1,OSTM1,1
SATB1,UBR7,1
SATB1,NFE2L2,1
SATB1,BUB1B,1
SATB1,PLA2G12A,1
SATB1,COA5,1
SATB1,NUBP2,1
SATB1,FTSJ3,1
SATB1,PRPS1,1
SATB1,MTO1,1
SATB1,JUN,1
SATB1,MARCH6,1
SATB1,NGLY1,1
SATB1,VPS41,1
SATB1,MARCH8,1
SATB1,GTF2H1,1
SATB1,VAMP3,1
SATB1,PREP,1
SATB1,DDX1,1
SATB1,LSP1,1
SATB1,ZFP451,1
SATB1,TFRC,1
SATB1,TIMM50,1
SATB1,IFT140,1
SATB1,WARS,1
SATB1,CDT1,1
SATB1,SLC6A6,1
SATB1,HDGF,1
SATB1,MEMO1,1
SATB1,IFI204,1
SATB1,NR2C1,1
SATB1,RPRD1B,1
SATB1,UHRF1,1
SATB1,MBTPS1,1
SATB1,TREML2,1
SATB1,CKAP2,1
SATB1,CYB5R3,1
SATB1,PPIL4,1
SATB1,CHP1,1
SATB1,NIT1,1
SATB1,CKS1B,1
SATB1,SETD2,1
SATB1,CBX7,1
SATB1,PRMT7,1
SATB1,PSEN1,1
SATB1,CYP20A1,1
SATB1,WDR6,1
SATB1,ATG4B,1
SATB1,NFKBIA,1
SATB1,CSRP3,1
SATB1,SLC44A2,1
SATB1,HERC4,1
SATB1,POLR2B,1
SATB1,QARS,1
SATB1,PLAA,1
SATB1,NARFL,1
SATB1,AURKB,1
SATB1,CHUK,1
SATB1,ZFP639,1
SATB1,HAUS2,1
SATB1,OAT,1
SATB1,ITFG1,1
SATB1,PPM1H,1
SATB1,NAMPT,1
SATB1,USP37,1
SATB1,1700017B05RIK,1
SATB1,KIF22,1
SATB1,HACD4,1
SATB1,METAP1D,1
SATB1,NFATC1,1
SATB1,APEH,1
SATB1,PTDSS1,1
SATB1,RCC1,1
SATB1,UBXN2B,1
SATB1,NCAPD2,1
SATB1,EXOC3,1
SATB1,ENPP4,1
SATB1,CAPN7,1
SATB1,SQLE,1
SATB1,NDC1,1
SATB1,GANAB,1
SATB1,AK3,1
SATB1,GMCL1,1
SATB1,CASP2,1
SATB1,TTLL12,1
SATB1,SLC39A10,1
SATB1,HIST1H2BC,1
SATB1,GNA13,1
SATB1,ABHD16A,1
SATB1,TXNRD2,1
SATB1,PJA2,1
SATB1,GNAI3,1
SATB1,PFKM,1
SATB1,CENPF,1
SATB1,MRM1,1
SATB1,DCAF11,1
SATB1,RPA2,1
SATB1,MCM5,1
SATB1,LIG1,1
SATB1,TRMT11,1
SATB1,DCAF4,1
SATB1,IRF1,1
SATB1,AP1G2,1
SATB1,ASB8,1
SATB1,BCAP29,1
SATB1,9430015G10RIK,1
SATB1,TMEM177,1
SATB1,MXD3,1
SATB1,TPP1,1
SATB1,HMBS,1
SATB1,SDHAF2,1
SATB1,TCF19,1
SATB1,CCNG1,1
SATB1,SKAP2,1
SATB1,PQLC1,1
SATB1,TOLLIP,1
SATB1,PSAT1,1
SATB1,NEK9,1
SATB1,FAAP100,1
SATB1,STEAP3,1
SATB1,ETF1,1
SATB1,ZKSCAN17,1
SATB1,EGR1,1
SATB1,TBL3,1
SATB1,POGLUT1,1
SATB1,SLC20A1,1
SATB1,CDCA3,1
SATB1,ITGA6,1
SATB1,STX12,1
SATB1,MTFR1,1
SATB1,LDAH,1
SATB1,GBP2,1
SATB1,L2HGDH,1
SATB1,G6PDX,1
SATB1,BTG2,1
SATB1,SESN1,1
SATB1,SERPINB1A,1
SATB1,ATP11C,1
SATB1,REL,1
SATB1,XRCC6,1
SATB1,WDR55,1
SATB1,CYB5R1,1
SATB1,CMPK2,1
SATB1,ELAC2,1
SATB1,EDC3,1
SATB1,ESR1,1
SATB1,FAM91A1,1
SATB1,ZFP322A,1
SATB1,HCFC1,1
SATB1,GYPC,1
SATB1,ABCD3,1
SATB1,COG7,1
SATB1,NDOR1,1
SATB1,CUL3,1
SATB1,ARHGEF18,1
SATB1,SLC25A46,1
SATB1,ELMO1,1
SATB1,PTCD3,1
SATB1,LDHB,1
SATB1,INTS8,1
SATB1,ORC2,1
SATB1,FBXW5,1
SATB1,RRM2,1
SATB1,RASA3,1
SATB1,NADK,1
SATB1,COPB2,1
SATB1,LYRM4,1
SATB1,ACAA2,1
SATB1,UBE2C,1
SATB1,ITSN1,1
SATB1,TM7SF3,1
SATB1,MTHFD1,1
SATB1,NDRG1,1
SATB1,MAN1A,1
SATB1,PPP2R1B,1
SATB1,RNF4,1
SATB1,P2RY14,1
SATB1,CLIC4,1
SATB1,CD84,1
SATB1,ZFP467,1
SATB1,NCLN,1
SATB1,PITPNB,1
SATB1,NAPSA,1
SATB1,MFSD14B,1
SATB1,D1ERTD622E,1
SATB1,PACSIN2,1
SATB1,SELENOP,1
SATB1,FPGS,1
SATB1,NFATC2,1
SATB1,SNX10,1
SATB1,PMPCA,1
SATB1,LANCL2,1
SATB1,FECH,1
SATB1,ABCB4,1
SATB1,ANGPT1,1
SATB1,D230025D16RIK,1
SATB1,CDC20,1
SATB1,YBX1,1
SATB1,ASAH1,1
SATB1,TMEM185A,1
SATB1,ETS1,1
SATB1,TAF1,1
SATB1,DIS3L2,1
SATB1,TCIRG1,1
SATB1,PTPN12,1
SATB1,PRIM2,1
SATB1,ID2,1
SATB1,E2F8,1
SATB1,DENND2D,1
SATB1,ZYX,1
SATB1,IPO4,1
SATB1,NCAPG,1
SATB1,LONP1,1
SATB1,SLC16A1,1
SATB1,KLF6,1
SATB1,BTAF1,1
SATB1,PACS1,1
SATB1,MTAP,1
SATB1,ACOX1,1
SATB1,MFN2,1
SATB1,PADI4,1
SATB1,TRIM59,1
SATB1,DDX58,1
SATB1,PLK1,1
SATB1,UAP1L1,1
SATB1,PCYT1A,1
SATB1,CD48,1
SATB1,CASP3,1
SATB1,UBAP1,1
SATB1,CHMP3,1
SATB1,MAU2,1
SATB1,CKAP5,1
SATB1,PTDSS2,1
SATB1,TUBGCP3,1
SATB1,ZBTB43,1
SATB1,SMAD2,1
SATB1,CDC7,1
SATB1,AMPD3,1
SATB1,LAPTM4B,1
SATB1,PLEK,1
SATB1,PCLAF,1
SATB1,TRIB3,1
SATB1,DEK,1
SATB1,ZFP945,1
SATB1,WDHD1,1
SATB1,XPNPEP1,1
SATB1,MYL10,1
SATB1,UMPS,1
SATB1,BAG2,1
SATB1,ALAD,1
SATB1,FAR1,1
SATB1,GSR,1
SATB1,CPOX,1
SATB1,MYB,1
SATB1,MEF2C,1
SATB1,BUB3,1
SATB1,TVP23B,1
SATB1,HAGH,1
SATB1,JAK3,1
SATB1,METTL27,1
SATB1,HELLS,1
SATB1,CISH,1
SATB1,NRF1,1
SATB1,ACSS2,1
SATB1,ZMYM3,1
SATB1,IARS2,1
SATB1,RGS2,1
SATB1,CARHSP1,1
SATB1,MYCN,1
SATB1,NSMAF,1
SATB1,UBAC1,1
SATB1,NR4A1,1
SATB1,GOLT1B,1
SATB1,ANKFY1,1
SATB1,NEURL3,1
SATB1,GCNT2,1
SATB1,SMIM15,1
SATB1,FAM76B,1
SATB1,MUC13,1
SATB1,GIMAP5,1
SATB1,RAB37,1
SATB1,MFGE8,1
SATB1,CAD,1
SATB1,RAD51,1
SATB1,ANXA1,1
SATB1,VPS35,1
SATB1,ORC6,1
SATB1,SPC25,1
SATB1,LRRFIP1,1
SATB1,STOM,1
SATB1,GUSB,1
SATB1,HSDL1,1
SATB1,ATG12,1
SATB1,AP3S1,1
SATB1,MCM10,1
SATB1,TOR3A,1
SATB1,NDE1,1
SATB1,STT3B,1
SATB1,SPIRE1,1
SATB1,INTS13,1
SATB1,UTP4,1
SATB1,NUDT19,1
SATB1,MCM6,1
SATB1,FNTA,1
SATB1,GPSM2,1
SATB1,RPA1,1
SATB1,FAM168B,1
SATB1,HEXA,1
SATB1,PRIM1,1
SATB1,RNF13,1
SATB1,IRF5,1
SATB1,HNRNPAB,1
SATB1,MED22,1
SATB1,HPN,1
SATB1,ZFP275,1
SATB1,ZKSCAN6,1
SATB1,ATP6AP2,1
SATB1,CYTIP,1
SATB1,MAVS,1
SATB1,CERS5,1
SATB1,B230219D22RIK,1
SATB1,TSPAN3,1
SATB1,NOL9,1
SATB1,CDCA4,1
SATB1,CCNF,1
SATB1,GOLPH3,1
SATB1,E2F6,1
SATB1,CNOT7,1
SATB1,BMI1,1
SATB1,NCAPH,1
SATB1,IKZF1,1
SATB1,GMNN,1
SATB1,ARID3B,1
SATB1,TYK2,1
SATB1,TK1,1
SATB1,AFG3L2,1
SATB1,ANKLE1,1
SATB1,TLK1,1
SATB1,PRKAR2B,1
SATB1,TSPAN33,1
SATB1,KDM6A,1
SPI1,TMEM206,1
SPI1,NCEH1,1
SPI1,PICALM,1
SPI1,TLR4,1
SPI1,TMX1,1
SPI1,TFG,1
SPI1,RAB32,1
SPI1,CENPA,1
SPI1,PTPN12,1
SPI1,E2F8,1
SPI1,ANAPC4,1
SPI1,OAT,1
SPI1,NIF3L1,1
SPI1,RAD51AP1,1
SPI1,ALG9,1
SPI1,DNAJC10,1
SPI1,HACD3,1
SPI1,NUBP2,1
SPI1,GUSB,1
SPI1,CYB5R1,1
SPI1,DENND1C,1
SPI1,NAGA,1
SPI1,RGS19,1
SPI1,SMIM15,1
SPI1,HCLS1,1
SPI1,CBFB,1
SPI1,EXOC2,1
SPI1,RASSF5,1
SPI1,VAV1,1
SPI1,COA5,1
SPI1,KIF20B,1
SPI1,CYTIP,1
SPI1,CNOT10,1
SPI1,DTL,1
SPI1,STX12,1
SPI1,AMPD3,1
SPI1,MAVS,1
SPI1,TCIRG1,1
SPI1,APOE,1
SPI1,CDCA5,1
SPI1,WDR73,1
SPI1,GIMAP6,1
SPI1,CYTH4,1
SPI1,PLEC,1
SPI1,ABI1,1
SPI1,PRKAB1,1
SPI1,ATP2A3,1
SPI1,XRCC6,1
SPI1,SLC6A6,1
SPI1,REL,1
SPI1,ELOVL1,1
SPI1,RBPMS,1
SPI1,BTRC,1
SPI1,TRMT2A,1
SPI1,MTMR6,1
SPI1,ELP2,1
SPI1,NAA50,1
SPI1,ATP6V1A,1
SPI1,FGFR1OP,1
SPI1,RNASE6,1
SPI1,LCP2,1
SPI1,SMC2,1
SPI1,HAGH,1
SPI1,DPP8,1
SPI1,MYO1G,1
SPI1,DUSP2,1
SPI1,EBI3,1
SPI1,FES,1
SPI1,SKAP2,1
SPI1,ZFP871,1
SPI1,PACSIN2,1
SPI1,CD82,1
SPI1,ARHGAP15,1
SPI1,GOSR2,1
SPI1,CAD,1
SPI1,WDR75,1
SPI1,MIS18BP1,1
SPI1,LCP1,1
SPI1,ETF1,1
SPI1,ALDH18A1,1
SPI1,GFI1B,1
SPI1,E2F4,1
SPI1,INCENP,1
SPI1,ELMO1,1
SPI1,ME2,1
SPI1,NT5DC1,1
SPI1,TRMT6,1
SPI1,RARS,1
SPI1,PA2G4,1
SPI1,DDX20,1
SPI1,CYB5R3,1
SPI1,P2RY14,1
SPI1,UMPS,1
SPI1,WDR45B,1
SPI1,ZFP24,1
SPI1,C330018D20RIK,1
SPI1,EIF4ENIF1,1
SPI1,CCNG1,1
SPI1,RTP4,1
SPI1,CD84,1
SPI1,HSPH1,1
SPI1,NELFB,1
SPI1,ITSN1,1
SPI1,ARL8B,1
SPI1,DOCK2,1
SPI1,METTL7A1,1
SPI1,PSAT1,1
SPI1,SPPL2A,1
SPI1,CCDC137,1
SPI1,CASP3,1
SPI1,HACD4,1
SPI1,ELP3,1
SPI1,NARF,1
SPI1,ARAP1,1
SPI1,ANKFY1,1
SPI1,RELB,1
SPI1,GNAI3,1
SPI1,STAP1,1
SPI1,HERC4,1
SPI1,PAK1,1
SPI1,SLC35A1,1
SPI1,HMGB2,1
SPI1,PML,1
SPI1,NADK,1
SPI1,TREML2,1
SPI1,MIS12,1
SPI1,CYTH3,1
SPI1,WLS,1
SPI1,SLC31A1,1
SPI1,UBAP1,1
SPI1,CKAP2L,1
SPI1,SRSF1,1
SPI1,THUMPD3,1
SPI1,BTK,1
SPI1,SPHK1,1
SPI1,LIMD2,1
SPI1,PQLC1,1
SPI1,POLR2B,1
SPI1,PLIN3,1
SPI1,TRPS1,1
SPI1,PROCR,1
SPI1,CTSE,1
SPI1,TFRC,1
SPI1,PLCG2,1
SPI1,PKM,1
SPI1,TIMM29,1
SPI1,ITIH5,1
SPI1,HNRNPLL,1
SPI1,MORC3,1
SPI1,OASL2,1
SPI1,CASP2,1
SPI1,MAD2L1,1
SPI1,CNIH1,1
SPI1,METAP1,1
SPI1,PHAX,1
SPI1,NUDCD1,1
SPI1,EMILIN2,1
SPI1,TOX4,1
SPI1,PLCB2,1
SPI1,ID2,1
SPI1,MKI67,1
SPI1,ZEB2,1
SPI1,CERS5,1
SPI1,MCM7,1
SPI1,SLC14A1,1
SPI1,BUB3,1
SPI1,GSTM1,1
SPI1,GFM1,1
SPI1,RNF4,1
SPI1,RPAP1,1
SPI1,COPB1,1
SPI1,RAD21,1
SPI1,STT3B,1
SPI1,ISG20,1
SPI1,FOS,1
SPI1,CTSC,1
SPI1,COLGALT1,1
SPI1,GRAMD1A,1
SPI1,TCF12,1
SPI1,AP1G2,1
SPI1,TMEM129,1
SPI1,TACC3,1
SPI1,NSMAF,1
SPI1,TRPV2,1
SPI1,NFE2,1
SPI1,TAB1,1
SPI1,PIK3IP1,1
SPI1,EPS15,1
SPI1,PRIM2,1
SPI1,TNFAIP8,1
SPI1,PRPF4,1
SPI1,MSH6,1
SPI1,UGCG,1
SPI1,SLC25A45,1
SPI1,CENPF,1
SPI1,EXOC3,1
SPI1,DOK2,1
SPI1,GTF2H1,1
SPI1,CNP,1
SPI1,TRIM47,1
SPI1,SCRN3,1
SPI1,ZKSCAN6,1
SPI1,NDEL1,1
SPI1,PHF10,1
SPI1,STEAP3,1
SPI1,CHORDC1,1
SPI1,NUDT19,1
SPI1,IKZF1,1
SPI1,PTDSS1,1
SPI1,LSP1,1
SPI1,NAA35,1
SPI1,PPP6C,1
SPI1,DCP1A,1
SPI1,PSEN2,1
SPI1,NUP155,1
SPI1,PIK3R2,1
SPI1,USP8,1
SPI1,ATAD2,1
SPI1,TYK2,1
SPI1,TRIM30A,1
SPI1,KLHL23,1
SPI1,GSR,1
SPI1,ABCF3,1
SPI1,TMEM173,1
SPI1,GMFB,1
SPI1,SMARCA2,1
SPI1,RPP40,1
SPI1,NPTN,1
SPI1,TOR3A,1
SPI1,PSEN1,1
SPI1,DEK,1
SPI1,TMC6,1
SPI1,SASH3,1
SPI1,ZFP930,1
SPI1,MAP4K2,1
SPI1,DNAJC5,1
SPI1,RGS1,1
SPI1,TBC1D10C,1
SPI1,CLN5,1
SPI1,ARHGAP4,1
SPI1,NAPSA,1
SPI1,ASF1B,1
SPI1,ABL1,1
SPI1,ENDOD1,1
SPI1,DLST,1
SPI1,NECAP2,1
SPI1,COPG1,1
SPI1,RCSD1,1
SPI1,RANGAP1,1
SPI1,FOXRED1,1
SPI1,NOP2,1
SPI1,RABIF,1
SPI1,RAD51,1
SPI1,ANXA1,1
SPI1,PHB2,1
SPI1,NDUFV1,1
SPI1,PDCL,1
SPI1,MCM4,1
SPI1,PON2,1
SPI1,ST6GALNAC4,1
SPI1,UBR7,1
SPI1,BUB1B,1
SPI1,XAB2,1
SPI1,OSTM1,1
SPI1,4833439L19RIK,1
SPI1,CRK,1
SPI1,PIK3C3,1
SPI1,1700017B05RIK,1
SPI1,CREB5,1
SPI1,CENPK,1
SPI1,SGTA,1
SPI1,UNC93B1,1
SPI1,NDRG1,1
SPI1,CD48,1
SPI1,PMPCA,1
SPI1,LMNA,1
SPI1,ATP1B2,1
SPI1,TSPAN14,1
SPI1,SLC30A6,1
SPI1,PREP,1
SPI1,IDH3A,1
SPI1,PRMT7,1
SPI1,COPB2,1
SPI1,DNPEP,1
SPI1,VKORC1L1,1
SPI1,FEM1A,1
SPI1,SEC23IP,1
SPI1,CDCA4,1
SPI1,RANBP3,1
SPI1,DHX33,1
SPI1,CDC6,1
SPI1,CASP1,1
SPI1,GNA13,1
SPI1,FASTKD2,1
SPI1,CD1D1,1
SPI1,EXT2,1
SPI1,GATM,1
SPI1,ANXA5,1
SPI1,RFESD,1
SPI1,PRSS50,1
SPI1,CPT2,1
SPI1,ADK,1
SPI1,TMUB2,1
SPI1,NFAT5,1
SPI1,CTTN,1
SPI1,ITFG1,1
SPI1,PGLYRP2,1
SPI1,LDHB,1
SPI1,NRF1,1
SPI1,WDSUB1,1
SPI1,GALK2,1
SPI1,ST8SIA4,1
SPI1,XPC,1
SPI1,NUP107,1
SPI1,ERLIN1,1
SPI1,HAUS2,1
SPI1,NUDT4,1
SPI1,B230219D22RIK,1
SPI1,CHMP3,1
SPI1,BLVRB,1
SPI1,SLC39A9,1
SPI1,PTGS1,1
SPI1,ARHGEF6,1
SPI1,NFATC2,1
SPI1,CDT1,1
SPI1,GARS,1
SPI1,CAST,1
SPI1,SLC43A3,1
SPI1,TMEM168,1
SPI1,ASAH1,1
SPI1,ATP13A1,1
SPI1,RASA3,1
SPI1,VPS35,1
SPI1,ORC6,1
SPI1,CENPO,1
SPI1,CNOT7,1
SPI1,TASP1,1
SPI1,RORA,1
SPI1,PLEK,1
SPI1,MRM1,1
SPI1,WDHD1,1
SPI1,UAP1,1
SPI1,DENND2D,1
SPI1,PLIN2,1
SPI1,BLZF1,1
SPI1,VPS26C,1
SPI1,RNASEL,1
SPI1,INTS13,1
SPI1,IRF5,1
SPI1,ZZZ3,1
SPI1,H2-OB,1
SPI1,CLIC4,1
SPI1,ZFP62,1
SPI1,HIST1H1C,1
SPI1,ARL6IP6,1
SPI1,PLD3,1
SPI1,ATG16L1,1
SPI1,UCKL1,1
SPI1,NFE2L2,1
SPI1,TES,1
SPI1,USF3,1
SPI1,CDK19,1
SPI1,CALCRL,1
SPI1,ARMT1,1
SPI1,D10WSU102E,1
SPI1,CHAMP1,1
SPI1,MTREX,1
SPI1,ABCG2,1
SPI1,UHRF1,1
SPI1,POT1A,1
SPI1,SLC41A3,1
SPI1,CHP1,1
SPI1,ZBTB43,1
SPI1,MIEF1,1
SPI1,FAR1,1
SPI1,WDR36,1
SPI1,NDOR1,1
SPI1,MARCH6,1
SPI1,SERPINB9,1
SPI1,WDR55,1
SPI1,PCYT1A,1
SPI1,KIF22,1
SPI1,TMEM68,1
SPI1,GCNT2,1
SPI1,RNF213,1
SPI1,CCNE1,1
SPI1,HCFC1,1
SPI1,PSMD6,1
SPI1,ZDHHC13,1
SPI1,ZFP367,1
SPI1,PACS1,1
SPI1,ZFP35,1
SPI1,NFKBIA,1
SPI1,MFNG,1
SPI1,FAM45A,1
SPI1,TIFA,1
SPI1,MEF2C,1
SPI1,SLC25A46,1
SPI1,TBXAS1,1
SPI1,ALDH9A1,1
SPI1,FZR1,1
SPI1,ACAA2,1
SPI1,VIM,1
SPI1,GM2A,1
SPI1,CAPN7,1
SPI1,CDC7,1
SPI1,PLAA,1
SPI1,FAM76B,1
SPI1,EPSTI1,1
SPI1,LEPROT,1
SPI1,ENPP4,1
SPI1,VPS33B,1
SPI1,PDE4B,1
SPI1,HARS,1
SPI1,HARS2,1
SPI1,AQP9,1
SPI1,KLHL24,1
SPI1,GYG,1
SPI1,ZFP451,1
SPI1,ADAMTS10,1
SPI1,FAM168B,1
SPI1,NUF2,1
SPI1,D1ERTD622E,1
SPI1,SELENOP,1
SPI1,HPN,1
SPI1,LMBRD1,1
SPI1,ERLIN2,1
SPI1,HSDL1,1
SPI1,BID,1
SPI1,MTAP,1
SPI1,KAT7,1
SPI1,JARID2,1
SPI1,LPIN2,1
SPI1,RNF13,1
SPI1,PJA2,1
SPI1,ARID3B,1
SPI1,P2RX4,1
SPI1,ZFP110,1
SPI1,LPCAT3,1
SPI1,BCLAF3,1
SPI1,ILVBL,1
SPI1,UNK,1
SPI1,ATG4B,1
SPI1,SLC39A10,1
SPI1,CLCN4,1
SPI1,CLPTM1L,1
SPI1,ESYT2,1
SPI1,SUPT7L,1
SPI1,VWA5A,1
SPI1,PHACTR2,1
SPI1,XRCC5,1
SPI1,KLHL6,1
SPI1,BTG2,1
SPI1,FAM91A1,1
SPI1,TMEM97,1
SPI1,GFI1,1
SPI1,IFI30,1
SPI1,HPCAL1,1
SPI1,IPO4,1
SPI1,PGM1,1
SPI1,JAK3,1
SPI1,TNFAIP2,1
SPI1,NEDD1,1
SPI1,METTL27,1
SPI1,ATP7B,1
SPI1,ALG11,1
SPI1,SGO1,1
SPI1,GIMAP5,1
SPI1,BIRC5,1
SPI1,ZFP397,1
SPI1,SP100,1
SPI1,CHMP7,1
SPI1,DCTD,1
SPI1,LMO4,1
SPI1,BUB1,1
SPI1,MT1,1
SPI1,SERPINA3G,1
SPI1,PFKM,1
SPI1,VPS33A,1
SPI1,PIGQ,1
SPI1,NASP,1
SPI1,CACFD1,1
SPI1,MAPK1,1
SPI1,KNSTRN,1
SPI1,MCM2,1
SPI1,SGPL1,1
SPI1,TBCD,1
SPI1,STAT3,1
SPI1,GBP2,1
SPI1,TOPORS,1
SPI1,FNTA,1
SPI1,SP4,1
SPI1,PSTPIP1,1
SPI1,NOL9,1
SPI1,PWP1,1
SPI1,MFSD14B,1
SPI1,STXBP3,1
SPI1,PNO1,1
SPI1,ANXA2,1
SPI1,SNX10,1
SPI1,CHUK,1
SPI1,ELAC2,1
SPI1,GIMAP1,1
SPI1,MIOS,1
SPI1,SERPINB6B,1
SPI1,PQLC3,1
SPI1,PRPS1,1
SPI1,ABTB1,1
SPI1,EIF2B1,1
SPI1,HSD3B7,1
SPI1,TM7SF3,1
SPI1,NDC1,1
SPI1,ANKRD27,1
SPI1,BCAP29,1
SPI1,9430015G10RIK,1
SPI1,PLXNC1,1
SPI1,OTUD6B,1
SPI1,AAR2,1
SPI1,VDR,1
SPI1,UAP1L1,1
SPI1,DPH2,1
SPI1,CRNKL1,1
SPI1,OPTN,1
SPI1,PWP2,1
SPI1,SCARF1,1
SPI1,MARCH5,1
SPI1,RPA2,1
SPI1,POLR1B,1
SPI1,EPAS1,1
SPI1,TFR2,1
SPI1,TMEM177,1
SPI1,TRMT11,1
SPI1,SNRPB,1
SPI1,CEPT1,1
SPI1,UROS,1
SPI1,UBA7,1
SPI1,RNF139,1
SPI1,TOLLIP,1
SPI1,MCM3,1
SPI1,RNF19A,1
SPI1,ESR1,1
SPI1,MYH10,1
SPI1,DRAM2,1
SPI1,TMEM164,1
SPI1,EIF1AD,1
SPI1,MARS,1
SPI1,ZFP275,1
SPI1,SCARB1,1
SPI1,MED16,1
SPI1,RUVBL2,1
SPI1,SLC29A1,1
SPI1,UBASH3A,1
SPI1,FCHSD2,1
SPI1,LRRC8C,1
SPI1,NEK9,1
SPI1,LZTR1,1
SPI1,TMEM109,1
SPI1,PSMF1,1
SPI1,FARSB,1
SPI1,MCM6,1
SPI1,FPGS,1
SPI1,RASAL3,1
SPI1,IRF1,1
SPI1,CEP70,1
SPI1,PKLR,1
SPI1,CKS1B,1
SPI1,MUC13,1
SPI1,PPM1H,1
SPI1,SATB1,1
SPI1,CASP4,1
SPI1,PRELID3B,1
SPI1,HMBS,1
SPI1,UBXN2B,1
SPI1,ZFP672,1
SPI1,KLHL22,1
SPI1,UROD,1
SPI1,LYZ2,1
SPI1,TUBGCP3,1
SPI1,ZFP945,1
SPI1,TSPO2,1
SPI1,RRM1,1
SPI1,TMX3,1
SPI1,TARS,1
SPI1,GRN,1
SPI1,HELLS,1
SPI1,GOLPH3,1
SPI1,CUL3,1
SPI1,NUP88,1
SPI1,WDR4,1
SPI1,ASB8,1
SPI1,GORASP1,1
SPI1,APLP2,1
SPI1,CDC20,1
SPI1,MINPP1,1
SPI1,UBE2G2,1
SPI1,DCAF13,1
SPI1,BATF2,1
SPI1,CLPX,1
SPI1,REXO4,1
SPI1,CD74,1
SPI1,XPR1,1
SPI1,TUBGCP2,1
SPI1,UTP4,1
SPI1,IARS2,1
SPI1,HDAC2,1
SPI1,XPNPEP1,1
SPI1,HUS1,1
SPI1,IL27RA,1
SPI1,SPTBN1,1
SPI1,TMEM64,1
SPI1,TTF1,1
SPI1,IL15,1
SPI1,ACAP1,1
SPI1,AURKA,1
SPI1,WARS,1
SPI1,EFTUD2,1
SPI1,NARFL,1
SPI1,PRC1,1
SPI1,RB1,1
SPI1,CD63,1
SPI1,IFRD2,1
SPI1,NUP93,1
SPI1,ZKSCAN3,1
SPI1,UBR1,1
SPI1,SCFD1,1
SPI1,GTF2F1,1
SPI1,LYRM4,1
SPI1,RNF145,1
SPI1,GTF2E1,1
SPI1,FAM136A,1
SPI1,TMEM186,1
SPI1,NAE1,1
SPI1,GPSM2,1
SPI1,DCAF11,1
SPI1,DNM1L,1
SPI1,NUDT9,1
SPI1,TUBGCP5,1
SPI1,FEM1B,1
SPI1,TSHZ3,1
SPI1,KIDINS220,1
SPI1,SDHAF2,1
SPI1,POGLUT1,1
SPI1,TVP23B,1
SPI1,ORC5,1
SPI1,ZFP467,1
SPI1,MXD3,1
SPI1,FBXO5,1
SPI1,NAMPT,1
SPI1,CALU,1
SPI1,ORC2,1
SPI1,CDK1,1
SPI1,MOGS,1
SPI1,MYNN,1
SPI1,TTF2,1
SPI1,COG6,1
SPI1,ATG12,1
SPI1,AP3S1,1
SPI1,HIST1H2BC,1
SPI1,SLA2,1
SPI1,FUCA2,1
SPI1,GMCL1,1
SPI1,BAP1,1
SPI1,FTSJ3,1
SPI1,FAAP100,1
SPI1,NSD2,1
SPI1,CSGALNACT2,1
SPI1,PAFAH1B2,1
SPI1,ZFP639,1
SPI1,GMPR,1
SPI1,SLC44A2,1
SPI1,PPP2R1B,1
SPI1,NCAPD2,1
SPI1,FKBP1A,1
SPI1,METTL8,1
SPI1,AP5M1,1
SPI1,AP1B1,1
SPI1,ELF4,1
SPI1,USP4,1
SPI1,LY6A,1
SPI1,COPS8,1
SPI1,ZDHHC6,1
SPI1,SLC30A5,1
SPI1,TYMS,1
SPI1,GLIPR2,1
SPI1,MAU2,1
SPI1,WDR5,1
SPI1,GMNN,1
SPI1,PPOX,1
SPI1,PIP4K2A,1
SPI1,MCM5,1
SPI1,IFT140,1
SPI1,USP37,1
SPI1,AHCTF1,1
SPI1,SHCBP1,1
SPI1,RPRD1B,1
SPI1,GNPDA1,1
SPI1,MTO1,1
SPI1,NCAPG,1
SPI1,RABGGTB,1
SPI1,IKZF2,1
SPI1,FADS1,1
SPI1,NUSAP1,1
SPI1,TIMM50,1
SPI1,INPP5B,1
SPI1,SEPT8,1
SPI1,ETS1,1
SPI1,CENPE,1
SPI1,CDCA3,1
SPI1,ACSS2,1
SPI1,NR2C1,1
SPI1,NFXL1,1
SPI1,TOP2A,1
SPI1,DECR1,1
SPI1,EZR,1
SPI1,RCC1,1
SPI1,ZFP143,1
SPI1,CYP20A1,1
SPI1,PDZK1IP1,1
SPI1,EYA2,1
SPI1,VAMP3,1
SPI1,NEURL3,1
SPI1,SPIRE1,1
SPI1,PSMD9,1
SPI1,GPR171,1
SPI1,MEIS1,1
SPI1,PLA2G12A,1
SPI1,D230025D16RIK,1
SPI1,CERS4,1
SPI1,ANGPT1,1
SPI1,TLK1,1
SPI1,PCP4L1,1
SPI1,RARB,1
SPI1,SPNS2,1
SPI1,NCAPG2,1
SPI1,2610301B20RIK,1
SPI1,CSTF2,1
SPI1,CTNNA1,1
SPI1,SPC25,1
SPI1,RAB31,1
SPI1,HNRNPAB,1
SPI1,GNG11,1
SPI1,ABCB4,1
SPI1,INKA1,1
SPI1,ZFP655,1
SPI1,TAF12,1
SPI1,RNF115,1
SPI1,PRKCH,1
SPI1,HDGF,1
SPI1,NUDCD3,1
SPI1,ZFP322A,1
SPI1,NCLN,1
SPI1,PIDD1,1
SPI1,RRM2,1
SPI1,DNAJC11,1
SPI1,SMAD2,1
SPI1,JPT2,1
SPI1,TPX2,1
SPI1,GSKIP,1
SPI1,UBE2C,1
SPI1,NIT1,1
SPI1,RFC5,1
SPI1,ZKSCAN17,1
SPI1,CORO1A,1
SPI1,KLF3,1
SPI1,TCF19,1
SPI1,CTR9,1
SPI1,CIPC,1
SPI1,NOLC1,1
SPI1,MYB,1
SPI1,ADGRG3,1
SPI1,QARS,1
SPI1,GCLC,1
SPI1,MED22,1
SPI1,PEAR1,1
SPI1,DCK,1
SPI1,ZSCAN21,1
SPI1,POLD1,1
SPI1,ERCC8,1
SPI1,FIGNL1,1
SPI1,CUL4A,1
SPI1,CCNF,1
SPI1,CELA1,1
SPI1,TRIB3,1
SPI1,UBL4A,1
SPI1,YBX1,1
SPI1,LRRFIP1,1
SPI1,TERF2IP,1
SPI1,PRDM4,1
SPI1,MCM10,1
SPI1,GSS,1
SPI1,TMEM176B,1
SPI1,INPP1,1
SPI1,RGS2,1
SPI1,LONP1,1
SPI1,LAP3,1
SPI1,RFC4,1
SPI1,TCP11L2,1
SPI1,ACSS1,1
SPI1,TBL3,1
SPI1,FAM234B,1
SPI1,RGCC,1
SPI1,MTHFD1,1
SPI1,CAMK1,1
SPI1,RAB37,1
SPI1,STK25,1
SPI1,STARD10,1
SPI1,TAF1,1
SPI1,MEMO1,1
SPI1,MFSD1,1
SPI1,MAN1A,1
SPI1,MBOAT2,1
SPI1,KPNA3,1
SPI1,INTS8,1
SPI1,SLC16A1,1
SPI1,EGR1,1
SPI1,PHETA2,1
SPI1,FBXW5,1
SPI1,EDC3,1
SPI1,SEH1L,1
SPI1,PBX1,1
SPI1,VPS41,1
SPI1,L2HGDH,1
SPI1,POLE3,1
SPI1,PLAG1,1
SPI1,HEATR5A,1
SPI1,TMEM176A,1
SPI1,TPP1,1
SPI1,PPIL4,1
SPI1,MAPK9,1
SPI1,CD9,1
SPI1,PITPNB,1
SPI1,MGST3,1
SPI1,GTF3C3,1
SPI1,ZFP592,1
SPI1,SLC43A1,1
SPI1,CDCA8,1
SPI1,IFI44,1
SPI1,SLC25A38,1
SPI1,ST3GAL6,1
SPI1,HEMGN,1
SPI1,IL21R,1
SPI1,TENT5A,1
SPI1,ABCB8,1
SPI1,TAPT1,1
SPI1,IFI204,1
SPI1,HMMR,1
SPI1,PUS7,1
SPI1,TMEM185A,1
SPI1,ABHD16A,1
SPI1,TANGO2,1
SPI1,MT2,1
SPI1,TK1,1
SPI1,MBTPS1,1
SPI1,CISH,1
SPI1,MFN2,1
SPI1,POLR3F,1
SPI1,SQLE,1
SPI1,AK3,1
SPI1,CCNB1,1
SPI1,G6PDX,1
SPI1,NR3C2,1
SPI1,EMILIN1,1
SPI1,DHFR,1
SPI1,AFG3L2,1
SPI1,NPLOC4,1
SPI1,EYA1,1
SPI1,SIGIRR,1
SPI1,ST3GAL5,1
SPI1,USP25,1
SPI1,TBC1D15,1
SPI1,CARHSP1,1
SPI1,TSC22D3,1
SPI1,NFATC1,1
SPI1,YPEL3,1
SPI1,FTSJ1,1
SPI1,SACM1L,1
SPI1,ATP11C,1
SPI1,CCNA2,1
SPI1,PCYT2,1
SPI1,COQ8A,1
SPI1,AHCYL1,1
SPI1,DCAF4,1
SPI1,METAP1D,1
SPI1,SNRNP200,1
SPI1,RAI14,1
SPI1,TRIM59,1
SPI1,PDK3,1
SPI1,UBA5,1
SPI1,TMEM263,1
SPI1,LRRC14,1
SPI1,ZFP36,1
SPI1,GPKOW,1
SPI1,PPAT,1
SPI1,VHL,1
SPI1,SPTLC1,1
SPI1,DDX1,1
SPI1,NR4A1,1
SPI1,ADSSL1,1
SPI1,CUL2,1
SPI1,JUN,1
SPI1,CCNE2,1
SPI1,SLC22A3,1
SPI1,NET1,1
SPI1,ALAD,1
SPI1,LLGL1,1
SPI1,RHOT1,1
SPI1,STX17,1
SPI1,KLF6,1
SPI1,ANAPC2,1
SPI1,PITRM1,1
SPI1,DUS1L,1
SPI1,IFI203,1
SPI1,POLA2,1
SPI1,LANCL2,1
SPI1,GYPC,1
SPI1,LAPTM4B,1
SPI1,CPQ,1
SPI1,ARMC8,1
SPI1,ARHGEF18,1
SPI1,ATL2,1
SPI1,PBK,1
SPI1,PGR,1
SPI1,LDAH,1
SPI1,MFGE8,1
SPI1,HSPA4L,1
SPI1,COG7,1
SPI1,BTAF1,1
SPI1,BC005561,1
SPI1,SUN1,1
SPI1,SNAPC3,1
SPI1,AFF4,1
SPI1,MRPL37,1
SPI1,2210016F16RIK,1
SPI1,CTLA2B,1
SPI1,CCNB2,1
SPI1,STXBP1,1
SPI1,RUNX2,1
SPI1,GYPA,1
SPI1,APEH,1
SPI1,ANXA4,1
SPI1,PPIC,1
SPI1,PCCA,1
SPI1,GATA2,1
SPI1,MYO1D,1
SPI1,IRF8,1
SPI1,HDAC7,1
SPI1,ICE1,1
SPI1,CMPK2,1
SPI1,SLC11A2,1
SPI1,NSDHL,1
SPI1,GANAB,1
SPI1,ACOX1,1
SPI1,TIPIN,1
SPI1,NUPR1,1
SPI1,VPS11,1
SPI1,NDN,1
SPI1,RCOR1,1
SPI1,CRIP2,1
SPI1,GOLT1B,1
SPI1,ZYX,1
SPI1,ANKLE1,1
SPI1,RPA1,1
SPI1,CSAD,1
SPI1,SLC19A1,1
SPI1,PRKAA1,1
SPI1,FECH,1
SPI1,XK,1
SPI1,PTCD3,1
SPI1,CPOX,1
SPI1,ZBTB20,1
SPI1,PCLAF,1
SPI1,DPH6,1
SPI1,MYL10,1
SPI1,SEPT6,1
SPI1,TTLL12,1
SPI1,TSPAN33,1
SPI1,SELENBP1,1
SPI1,CKAP2,1
SPI1,KDM6A,1
SPI1,SGPP1,1
SPI1,PSMD5,1
SPI1,DIS3L2,1
SPI1,RMND5A,1
SPI1,CRYZL2,1
SPI1,ADO,1
SPI1,IARS,1
SPI1,HDAC9,1
SPI1,EPDR1,1
SPI1,SESN1,1
SPI1,ATP6AP2,1
SPI1,CDC45,1
SPI1,ALDH1A1,1
SPI1,ODC1,1
SPI1,SNAP23,1
SPI1,ZFP266,1
SPI1,GLIS2,1
SPI1,USP10,1
SPI1,TGM2,1
SPI1,BYSL,1
SPI1,ICA1,1
SPI1,DYNLT3,1
SPI1,ATAD1,1
SPI1,CTPS,1
SPI1,UBA3,1
SPI1,MTFR1,1
SPI1,THRB,1
SPI1,LIG1,1
SPI1,ABCD3,1
SPI1,MNDAL,1
SPI1,NDE1,1
SPI1,STOM,1
SPI1,DDX58,1
SPI1,DDHD2,1
SPI1,GSTM5,1
SPI1,MYC,1
SPI1,ELL2,1
SPI1,ZFP961,1
SPI1,AHR,1
SPI1,SVIP,1
SPI1,CBX7,1
SPI1,PRKCQ,1
SPI1,EPOR,1
SPI1,UBAC1,1
SPI1,BAG2,1
SPI1,IFITM1,1
SPI1,MECOM,1
SPI1,CKAP5,1
SPI1,TIE1,1
SPI1,ABCB10,1
SPI1,PRDM5,1
SPI1,H1F0,1
SPI1,AURKB,1
SPI1,COL5A1,1
SPI1,ASNS,1
SPI1,SERPINB1A,1
SPI1,ITGA6,1
SPI1,TXNRD2,1
SPI1,CRBN,1
SPI1,MARCH8,1
SPI1,ISYNA1,1
SPI1,LTB,1
SPI1,SPO11,1
SPI1,APBB1,1
SPI1,ZBTB10,1
SPI1,CTLA2A,1
SPI1,NGLY1,1
SPI1,LPCAT1,1
SPI1,IPO9,1
SPI1,EBF1,1
SPI1,YBX3,1
SPI1,HEXA,1
SPI1,SPPL2B,1
SPI1,XRCC3,1
SPI1,CD93,1
SPI1,LZTS1,1
SPI1,NUP85,1
SPI1,RDH11,1
SPI1,VILL,1
SPI1,MYCT1,1
SPI1,SAMD14,1
SPI1,TCN2,1
SPI1,E2F6,1
SPI1,SQOR,1
SPI1,KIF11,1
SPI1,DUSP1,1
SPI1,SLC20A1,1
SPI1,TRIB2,1
SPI1,TSPAN3,1
SPI1,FLOT2,1
SPI1,SOX6,1
SPI1,STXBP4,1
SPI1,GDF3,1
SPI1,TEAD3,1
SPI1,PRIM1,1
SPI1,RNF141,1
SPI1,TWSG1,1
SPI1,NCAPH,1
SPI1,ANXA6,1
SPI1,SMIM5,1
SPI1,HNF4A,1
SPI1,PRKAR2B,1
SPI1,YOD1,1
SPI1,GEMIN5,1
SPI1,SETD2,1
SPI1,MCTP1,1
SPI1,ZMYM3,1
SPI1,ADGRL4,1
SPI1,AQP1,1
SPI1,CTSO,1
SPI1,WDR6,1
SPI1,FOXO1,1
SPI1,SLC38A5,1
SPI1,MAN2A2,1
SPI1,MFSD2B,1
SPI1,CD34,1
SPI1,BMI1,1
SPI1,ALKBH8,1
SPI1,NOTCH1,1
SPI1,ZFP30,1
SPI1,SLC40A1,1
SPI1,THUMPD1,1
SPI1,GOLM1,1
SPI1,CPT1A,1
SPI1,MNS1,1
SPI1,SPC24,1
SPI1,PLBD2,1
SPI1,SALL2,1
SPI1,KLF1,1
SPI1,SMIM1,1
SPI1,SLC18A2,1
SPI1,NXPE2,1
SPI1,TBC1D2B,1
SPI1,PLK1,1
SPI1,HOXA9,1
SPI1,SSX2IP,1
SPI1,CD55,1
SPI1,TEAD2,1
SPI1,MAPKAPK3,1
SPI1,C1QTNF12,1
SPI1,AFAP1L1,1
SPI1,MYCN,1
SPI1,ADD2,1
SPI1,PTDSS2,1
SPI1,SNCA,1
SPI1,IRF6,1
SPI1,RMND5B,1
SPI1,SPRYD4,1
SPI1,TMEM56,1
SPI1,HEBP1,1
SPI1,PRPS2,1
SPI1,H2-DMB1,1
SPI1,RHOF,1
SPI1,ANK,1
SPI1,RHD,1
SPI1,CITED4,1
SPI1,CES2G,1
SPI1,F11R,1
SPI1,SLC7A4,1
SPI1,KRT18,1
SPI1,CLDN13,1
SPI1,RORC,1
SPI1,NFIA,1
SPI1,PLPPR3,1
SPI1,CSRP3,1
SPI1,GNB4,1
SPI1,RUNX1T1,1
SPI1,EMB,1
SPI1,RHAG,1
SPI1,PADI4,1
SPI1,TOM1L1,1
SPI1,SERPINF1,1
SPI1,GPR180,1
SPI1,HDAC11,1
SPI1,CNN2,1
STAT3,SKAP2,1
STAT3,JAK3,1
STAT3,TBC1D15,1
STAT3,TNFAIP8,1
STAT3,FOS,1
STAT3,IRF1,1
STAT3,LY6A,1
STAT3,MAN1A,1
STAT3,NUDCD1,1
STAT3,NFKBIA,1
STAT3,KIF22,1
STAT3,TMEM176B,1
STAT3,TMEM176A,1
STAT3,MT1,1
STAT3,BTG2,1
STAT3,NFXL1,1
STAT3,PRPS1,1
STAT3,TARS,1
STAT3,XRCC6,1
STAT3,CISH,1
STAT3,UBR7,1
STAT3,RELB,1
STAT3,CLPTM1L,1
STAT3,EIF2B1,1
STAT3,PSEN2,1
STAT3,NFAT5,1
STAT3,NCAPD2,1
STAT3,FLOT2,1
STAT3,VWA5A,1
STAT3,NUP88,1
STAT3,FCHSD2,1
STAT3,CDK19,1
STAT3,PLEC,1
STAT3,ATG16L1,1
STAT3,GRAMD1A,1
STAT3,DUSP1,1
STAT3,TRIM30A,1
STAT3,UBE2G2,1
STAT3,TREML2,1
STAT3,JUN,1
STAT3,SNRNP200,1
STAT3,HSD3B7,1
STAT3,ADK,1
STAT3,PPAT,1
STAT3,TRMT2A,1
STAT3,IRF8,1
STAT3,MT2,1
STAT3,VPS26C,1
STAT3,TMX3,1
STAT3,UBR1,1
STAT3,KLHL24,1
STAT3,HDAC7,1
STAT3,THUMPD3,1
STAT3,SDHAF2,1
STAT3,SNX10,1
STAT3,CD63,1
STAT3,B230219D22RIK,1
STAT3,GBP2,1
STAT3,CASP4,1
STAT3,ITGA6,1
STAT3,HIST1H1C,1
STAT3,SLC39A10,1
STAT3,NUDT9,1
STAT3,ID2,1
STAT3,ACOX1,1
STAT3,FAR1,1
STAT3,NECAP2,1
STAT3,ELOVL1,1
STAT3,NUPR1,1
STAT3,CPT2,1
STAT3,GTF2F1,1
STAT3,IL27RA,1
STAT3,TCP11L2,1
STAT3,CRK,1
STAT3,PDE4B,1
STAT3,PA2G4,1
STAT3,MCM4,1
STAT3,CLPX,1
STAT3,TOPORS,1
STAT3,GSR,1
STAT3,SELENOP,1
STAT3,HIST1H2BC,1
STAT3,AFF4,1
STAT3,FAM234B,1
STAT3,TGM2,1
STAT3,CASP2,1
STAT3,TFG,1
STAT3,FOXRED1,1
STAT3,CAST,1
STAT3,ZFP655,1
STAT3,TMEM173,1
STAT3,KLF6,1
STAT3,LLGL1,1
STAT3,ADO,1
STAT3,GIMAP5,1
STAT3,XRCC5,1
STAT3,ZFP24,1
STAT3,VAV1,1
STAT3,SELENBP1,1
STAT3,CELA1,1
STAT3,CUL3,1
STAT3,MYC,1
STAT3,ZFP36,1
STAT3,CDCA8,1
STAT3,STX12,1
STAT3,PQLC1,1
STAT3,PRDM4,1
STAT3,LMNA,1
STAT3,CTTN,1
STAT3,WDR36,1
STAT3,INTS13,1
STAT3,FARSB,1
STAT3,WDR45B,1
STAT3,CNP,1
STAT3,NOP2,1
STAT3,WDR55,1
STAT3,NUF2,1
STAT3,PITPNB,1
STAT3,TERF2IP,1
STAT3,VKORC1L1,1
STAT3,PRKAB1,1
STAT3,USP37,1
STAT3,UCKL1,1
STAT3,KLHL6,1
STAT3,NET1,1
STAT3,NFE2L2,1
STAT3,ASNS,1
STAT3,CHORDC1,1
STAT3,ASF1B,1
STAT3,MSH6,1
STAT3,RGCC,1
STAT3,4833439L19RIK,1
STAT3,CTLA2A,1
STAT3,FOXO1,1
STAT3,EPS15,1
STAT3,NT5DC1,1
STAT3,CLIC4,1
STAT3,CD82,1
STAT3,REL,1
STAT3,PGLYRP2,1
STAT3,QARS,1
STAT3,TIMM29,1
STAT3,HPN,1
STAT3,ORC5,1
STAT3,ATAD2,1
STAT3,UAP1,1
STAT3,DCP1A,1
STAT3,CUL4A,1
STAT3,TES,1
STAT3,ARAP1,1
STAT3,ALDH18A1,1
STAT3,MED22,1
STAT3,ZFP397,1
STAT3,PCYT1A,1
STAT3,MYNN,1
STAT3,RNF139,1
STAT3,FAM76B,1
STAT3,CITED4,1
STAT3,PACSIN2,1
STAT3,SRSF1,1
STAT3,SATB1,1
STAT3,MGST3,1
STAT3,SLC16A1,1
STAT3,CTNNA1,1
STAT3,ARL8B,1
STAT3,PHAX,1
STAT3,ALAD,1
STAT3,HMGB2,1
STAT3,PIK3IP1,1
STAT3,EZR,1
STAT3,RASSF5,1
STAT3,ZDHHC13,1
STAT3,ACAA2,1
STAT3,APLP2,1
STAT3,TBCD,1
STAT3,CTPS,1
STAT3,HSPH1,1
STAT3,GTF3C3,1
STAT3,PDZK1IP1,1
STAT3,SGO1,1
STAT3,BIRC5,1
STAT3,PTPN12,1
STAT3,PSEN1,1
STAT3,SNAPC3,1
STAT3,GNPDA1,1
STAT3,GALK2,1
STAT3,ODC1,1
STAT3,ELL2,1
STAT3,ZZZ3,1
STAT3,FEM1B,1
STAT3,XPNPEP1,1
STAT3,P2RX4,1
STAT3,ZYX,1
STAT3,HNRNPAB,1
STAT3,D10WSU102E,1
STAT3,PLIN3,1
STAT3,PFKM,1
STAT3,ZFP62,1
STAT3,SIGIRR,1
STAT3,PSMD6,1
STAT3,FECH,1
STAT3,SLC20A1,1
STAT3,TUBGCP2,1
STAT3,ESYT2,1
STAT3,CLCN4,1
STAT3,ASB8,1
STAT3,DUS1L,1
STAT3,MBTPS1,1
STAT3,CDCA5,1
STAT3,SLC30A5,1
STAT3,REXO4,1
STAT3,IFI204,1
STAT3,NELFB,1
STAT3,SPHK1,1
STAT3,ELAC2,1
STAT3,RHOT1,1
STAT3,GTF2E1,1
STAT3,ZFP639,1
STAT3,SPPL2B,1
STAT3,TAB1,1
STAT3,RPA2,1
STAT3,CIPC,1
STAT3,CTSE,1
STAT3,NR3C2,1
STAT3,NCEH1,1
STAT3,H1F0,1
STAT3,TM7SF3,1
STAT3,RFESD,1
STAT3,TFRC,1
STAT3,RNASEL,1
STAT3,TMEM109,1
STAT3,CENPK,1
STAT3,NUP107,1
STAT3,NDRG1,1
STAT3,RRM1,1
STAT3,YPEL3,1
STAT3,CCNA2,1
STAT3,TOX4,1
STAT3,OAT,1
STAT3,LMO4,1
STAT3,TMEM206,1
STAT3,RNF19A,1
STAT3,TANGO2,1
STAT3,DDX20,1
STAT3,SLC35A1,1
STAT3,TMX1,1
STAT3,RNF4,1
STAT3,RORA,1
STAT3,ARMT1,1
STAT3,ISG20,1
STAT3,ZBTB20,1
STAT3,CAD,1
STAT3,MCM6,1
STAT3,CTLA2B,1
STAT3,CALCRL,1
STAT3,JARID2,1
STAT3,EPSTI1,1
STAT3,D230025D16RIK,1
STAT3,TWSG1,1
STAT3,EYA2,1
STAT3,NAMPT,1
STAT3,ATP6V1A,1
STAT3,FKBP1A,1
STAT3,NIF3L1,1
STAT3,ATL2,1
STAT3,PICALM,1
STAT3,PSMF1,1
STAT3,LIMD2,1
STAT3,NDEL1,1
STAT3,SLC14A1,1
STAT3,NOL9,1
STAT3,MAPK1,1
STAT3,PSMD9,1
STAT3,MAVS,1
STAT3,MORC3,1
STAT3,POT1A,1
STAT3,KIF11,1
STAT3,MIS18BP1,1
STAT3,HARS2,1
STAT3,HARS,1
STAT3,SLC6A6,1
STAT3,KDM6A,1
STAT3,FBXO5,1
STAT3,DCAF13,1
STAT3,AHCYL1,1
STAT3,PRKCH,1
STAT3,NGLY1,1
STAT3,CENPE,1
STAT3,COA5,1
STAT3,TASP1,1
STAT3,SCRN3,1
STAT3,CKAP2,1
STAT3,PBX1,1
STAT3,RNF145,1
STAT3,FGFR1OP,1
STAT3,PLAG1,1
STAT3,WARS,1
STAT3,GSTM1,1
STAT3,LANCL2,1
STAT3,IPO4,1
STAT3,IFI30,1
STAT3,GFM1,1
STAT3,POLR1B,1
STAT3,RANBP3,1
STAT3,EXOC2,1
STAT3,PLD3,1
STAT3,SCFD1,1
STAT3,FPGS,1
STAT3,F11R,1
STAT3,PIGQ,1
STAT3,NASP,1
STAT3,HDGF,1
STAT3,CLN5,1
STAT3,NUDCD3,1
STAT3,CAPN7,1
STAT3,GNAI3,1
STAT3,CEP70,1
STAT3,PRMT7,1
STAT3,ERLIN2,1
STAT3,GARS,1
STAT3,HERC4,1
STAT3,DNAJC11,1
STAT3,SPPL2A,1
STAT3,CASP3,1
STAT3,AP5M1,1
STAT3,NARF,1
STAT3,MCM10,1
STAT3,SLC43A1,1
STAT3,TENT5A,1
STAT3,RFC4,1
STAT3,ITSN1,1
STAT3,MTFR1,1
STAT3,FAM136A,1
STAT3,PKM,1
STAT3,JPT2,1
STAT3,SLC31A1,1
STAT3,NRF1,1
STAT3,AHCTF1,1
STAT3,NCAPG2,1
STAT3,NAA35,1
STAT3,NEDD1,1
STAT3,ABL1,1
STAT3,NUP155,1
STAT3,RNF115,1
STAT3,LYRM4,1
STAT3,RABGGTB,1
STAT3,RTP4,1
STAT3,UNK,1
STAT3,CD1D1,1
STAT3,CSGALNACT2,1
STAT3,TMEM68,1
STAT3,PITRM1,1
STAT3,IKZF1,1
STAT3,MTMR6,1
STAT3,TTLL12,1
STAT3,NUDT4,1
STAT3,ANXA5,1
STAT3,CERS5,1
STAT3,MAPKAPK3,1
STAT3,GCLC,1
STAT3,GSKIP,1
STAT3,KNSTRN,1
STAT3,AAR2,1
STAT3,MFGE8,1
STAT3,VILL,1
STAT3,SLC41A3,1
STAT3,IFT140,1
STAT3,GPR171,1
STAT3,SOX6,1
STAT3,ZEB2,1
STAT3,RPAP1,1
STAT3,ELP3,1
STAT3,IFI203,1
STAT3,MRM1,1
STAT3,GM2A,1
STAT3,COPB2,1
STAT3,WLS,1
STAT3,GFI1,1
STAT3,INTS8,1
STAT3,FBXW5,1
STAT3,GRINA,1
STAT3,PSMD5,1
STAT3,MYCN,1
STAT3,CHAMP1,1
STAT3,ABCF3,1
STAT3,TOLLIP,1
STAT3,GSS,1
STAT3,POLR2B,1
STAT3,CSTF2,1
STAT3,MIEF1,1
STAT3,PLIN2,1
STAT3,DPP8,1
STAT3,MINPP1,1
STAT3,NARFL,1
STAT3,DPH2,1
STAT3,SEPT8,1
STAT3,PCCA,1
STAT3,GPR180,1
STAT3,MRPL37,1
STAT3,COLGALT1,1
STAT3,GATM,1
STAT3,ATAD1,1
STAT3,GPKOW,1
STAT3,RMND5A,1
STAT3,CYB5R3,1
STAT3,TUBGCP3,1
STAT3,CNOT10,1
STAT3,AURKA,1
STAT3,NUDT19,1
STAT3,CENPA,1
STAT3,CALU,1
STAT3,OSTM1,1
STAT3,ASAH1,1
STAT3,DNAJC5,1
STAT3,METTL8,1
STAT3,PIK3R2,1
STAT3,L2HGDH,1
STAT3,KRT18,1
STAT3,SMARCA2,1
STAT3,NDOR1,1
STAT3,IDH3A,1
STAT3,POLA2,1
STAT3,RGS1,1
STAT3,PRPS2,1
STAT3,PAFAH1B2,1
STAT3,RUVBL2,1
STAT3,NAA50,1
STAT3,SLC25A45,1
STAT3,ANAPC2,1
STAT3,SNRPB,1
STAT3,WDHD1,1
STAT3,MFSD1,1
STAT3,WDR4,1
STAT3,DLST,1
STAT3,ABTB1,1
STAT3,GOLPH3,1
STAT3,ABCB10,1
STAT3,CTSC,1
STAT3,DRAM2,1
STAT3,CEPT1,1
STAT3,ELP2,1
STAT3,NSMAF,1
STAT3,PPP6C,1
STAT3,ZSCAN21,1
STAT3,YBX1,1
STAT3,PLAA,1
STAT3,CHP1,1
STAT3,CD9,1
STAT3,RGS2,1
STAT3,SACM1L,1
STAT3,VPS33A,1
STAT3,COPS8,1
STAT3,RASAL3,1
STAT3,GOSR2,1
STAT3,RABIF,1
STAT3,TRIB3,1
STAT3,TMC6,1
STAT3,SLC7A4,1
STAT3,NOTCH1,1
STAT3,BTAF1,1
STAT3,SGPL1,1
STAT3,MXD3,1
STAT3,WDSUB1,1
STAT3,D1ERTD622E,1
STAT3,LMBRD1,1
STAT3,PHACTR2,1
STAT3,CBFB,1
STAT3,DHX33,1
STAT3,MYL10,1
STAT3,TCF12,1
STAT3,IRF6,1
STAT3,FEM1A,1
STAT3,ZFP143,1
STAT3,ETF1,1
STAT3,STXBP3,1
STAT3,TBL3,1
STAT3,MEMO1,1
STAT3,MARS,1
STAT3,SERPINB1A,1
STAT3,VDR,1
STAT3,DNM1L,1
STAT3,IPO9,1
STAT3,EPAS1,1
STAT3,SQLE,1
STAT3,VPS11,1
STAT3,UAP1L1,1
STAT3,TAF12,1
STAT3,EXOC3,1
STAT3,FAM168B,1
STAT3,CHMP3,1
STAT3,NPLOC4,1
STAT3,KPNA3,1
STAT3,PPIL4,1
STAT3,FUCA2,1
STAT3,ARL6IP6,1
STAT3,PGM1,1
STAT3,DDHD2,1
STAT3,HUS1,1
STAT3,UROD,1
STAT3,STK25,1
STAT3,RUNX2,1
STAT3,MYO1D,1
STAT3,HNRNPLL,1
STAT3,HEXA,1
STAT3,SASH3,1
STAT3,PIK3C3,1
STAT3,PNO1,1
STAT3,ZFP35,1
STAT3,PIP4K2A,1
STAT3,DNPEP,1
STAT3,TMEM168,1
STAT3,LDHB,1
STAT3,CRBN,1
STAT3,SPTLC1,1
STAT3,WDR5,1
STAT3,MKI67,1
STAT3,MCM2,1
STAT3,MOGS,1
STAT3,LAP3,1
STAT3,ZFP945,1
STAT3,ISYNA1,1
STAT3,RNF141,1
STAT3,IARS,1
STAT3,UROS,1
STAT3,CERS4,1
STAT3,GNA13,1
STAT3,NFATC2,1
STAT3,GMCL1,1
STAT3,PSTPIP1,1
STAT3,NEK9,1
STAT3,SNAP23,1
STAT3,SERPINB6B,1
STAT3,ATP13A1,1
STAT3,TSPAN14,1
STAT3,SPNS2,1
STAT3,HAUS2,1
STAT3,ATP6AP1,1
STAT3,SQOR,1
STAT3,SCARB1,1
STAT3,UBAC1,1
STAT3,SUN1,1
STAT3,CPOX,1
STAT3,WDR6,1
STAT3,SLC25A38,1
STAT3,ZFP367,1
STAT3,HAGH,1
STAT3,TOP2A,1
STAT3,PMPCA,1
STAT3,PAK1,1
STAT3,TCN2,1
STAT3,SEC23IP,1
STAT3,DDX1,1
STAT3,INCENP,1
STAT3,CCNG1,1
STAT3,GMFB,1
STAT3,EBF1,1
STAT3,DDX58,1
STAT3,NDUFV1,1
STAT3,USP8,1
STAT3,STXBP4,1
STAT3,MTHFD1,1
STAT3,ZFP266,1
STAT3,RAB32,1
STAT3,SHCBP1,1
STAT3,CCNE1,1
STAT3,FAAP100,1
STAT3,XPC,1
STAT3,SERPINA3G,1
STAT3,NOLC1,1
STAT3,CACFD1,1
STAT3,MTREX,1
STAT3,TMEM56,1
STAT3,ZDHHC6,1
STAT3,FIGNL1,1
STAT3,PREP,1
STAT3,ZFP672,1
STAT3,TRMT11,1
STAT3,SETD2,1
STAT3,NUP93,1
STAT3,KLHL22,1
STAT3,TTF1,1
STAT3,TMEM64,1
STAT3,ETS1,1
STAT3,NAE1,1
STAT3,TLR4,1
STAT3,VPS41,1
STAT3,SP4,1
STAT3,CYTIP,1
STAT3,APEH,1
STAT3,ST8SIA4,1
STAT3,DCAF11,1
STAT3,CHMP7,1
STAT3,ABCD3,1
STAT3,CDCA4,1
STAT3,MARCH8,1
STAT3,NR4A1,1
STAT3,GTF2H1,1
STAT3,TYMS,1
STAT3,TVP23B,1
STAT3,VAMP3,1
STAT3,ADAMTS10,1
STAT3,UBA3,1
STAT3,CENPO,1
STAT3,TRMT6,1
STAT3,DHFR,1
STAT3,SLC11A2,1
STAT3,NR2C1,1
STAT3,TRPS1,1
STAT3,XPR1,1
STAT3,ANAPC4,1
STAT3,CARHSP1,1
STAT3,NPTN,1
STAT3,ACSS2,1
STAT3,ALDH9A1,1
STAT3,ZFP871,1
STAT3,SLC39A9,1
STAT3,UBAP1,1
STAT3,FAM45A,1
STAT3,ACSS1,1
STAT3,ME2,1
STAT3,KAT7,1
STAT3,PON2,1
STAT3,ABI1,1
STAT3,SLA2,1
STAT3,COPG1,1
STAT3,PML,1
STAT3,PHB2,1
STAT3,RARS,1
STAT3,EXT2,1
STAT3,STT3B,1
STAT3,HDAC2,1
STAT3,ITFG1,1
STAT3,CTR9,1
STAT3,BAP1,1
STAT3,USP25,1
STAT3,SLC30A6,1
STAT3,TK1,1
STAT3,OTUD6B,1
STAT3,ZFP961,1
STAT3,ACAP1,1
STAT3,COG7,1
STAT3,LEPROT,1
STAT3,MAPK9,1
STAT3,PPM1H,1
STAT3,CMPK2,1
STAT3,GRN,1
STAT3,TMEM177,1
STAT3,CNOT7,1
STAT3,RANGAP1,1
STAT3,MFSD14B,1
STAT3,FZR1,1
STAT3,COG6,1
STAT3,COPB1,1
STAT3,TCIRG1,1
STAT3,LCP1,1
STAT3,TEAD3,1
STAT3,ZKSCAN17,1
STAT3,RRM2,1
STAT3,UBXN2B,1
STAT3,DOCK2,1
STAT3,AP1G2,1
STAT3,ANKFY1,1
STAT3,GANAB,1
STAT3,RGS19,1
STAT3,LDAH,1
STAT3,RNF13,1
STAT3,LRRC14,1
STAT3,LONP1,1
STAT3,NIT1,1
STAT3,TBC1D10C,1
STAT3,VIM,1
STAT3,UNC93B1,1
STAT3,METAP1,1
STAT3,CD55,1
STAT3,CCNB1,1
STAT3,HEATR5A,1
STAT3,NCLN,1
STAT3,PRPF4,1
STAT3,MEIS1,1
STAT3,SGPP1,1
STAT3,LCP2,1
STAT3,BID,1
STAT3,TIMM50,1
STAT3,TMEM129,1
STAT3,TACC3,1
STAT3,ATG4B,1
STAT3,TMUB2,1
STAT3,ICE1,1
STAT3,MIOS,1
STAT3,ATP7B,1
STAT3,ALG11,1
STAT3,ANXA1,1
STAT3,GOLT1B,1
STAT3,AP1B1,1
STAT3,CRIP2,1
STAT3,TPX2,1
STAT3,DIS3L2,1
STAT3,EFTUD2,1
STAT3,ZFP451,1
STAT3,MAU2,1
STAT3,COQ8A,1
STAT3,CKAP2L,1
STAT3,MNDAL,1
STAT3,DCAF4,1
STAT3,SESN1,1
STAT3,ZKSCAN3,1
STAT3,MED16,1
STAT3,ANKLE1,1
STAT3,VPS33B,1
STAT3,SLC44A2,1
STAT3,PDCL,1
STAT3,MAD2L1,1
STAT3,GORASP1,1
STAT3,METTL7A1,1
STAT3,RAD21,1
STAT3,TUBGCP5,1
STAT3,ZFP110,1
STAT3,ENPP4,1
STAT3,PRIM1,1
STAT3,ZBTB43,1
STAT3,USP4,1
STAT3,ELMO1,1
STAT3,MIS12,1
STAT3,PWP2,1
STAT3,ATG12,1
STAT3,AP3S1,1
STAT3,FADS1,1
STAT3,APBB1,1
STAT3,SLC43A3,1
STAT3,RAD51AP1,1
STAT3,UBA5,1
STAT3,CKAP5,1
STAT3,CCNB2,1
STAT3,ANXA6,1
STAT3,SEH1L,1
STAT3,HCLS1,1
STAT3,MAP4K2,1
STAT3,ZFP322A,1
STAT3,CPT1A,1
STAT3,MTO1,1
STAT3,ENDOD1,1
STAT3,C330018D20RIK,1
STAT3,DNAJC10,1
STAT3,HSDL1,1
STAT3,SMIM15,1
STAT3,TXNRD2,1
STAT3,TMEM186,1
STAT3,GYG,1
STAT3,MCM7,1
STAT3,RMND5B,1
STAT3,RCOR1,1
STAT3,CDK1,1
STAT3,LZTR1,1
STAT3,DECR1,1
STAT3,RPRD1B,1
STAT3,DENND2D,1
STAT3,PCYT2,1
STAT3,MCM3,1
STAT3,ARHGEF18,1
STAT3,NAGA,1
STAT3,G6PDX,1
STAT3,STOM,1
STAT3,ZBTB10,1
STAT3,PRC1,1
STAT3,CHUK,1
STAT3,POLR3F,1
STAT3,ORC2,1
STAT3,BCLAF3,1
STAT3,TRIM59,1
STAT3,MARCH6,1
STAT3,ZFP467,1
STAT3,METAP1D,1
STAT3,GPSM2,1
STAT3,WDR75,1
STAT3,MEF2C,1
STAT3,TSPAN33,1
STAT3,KLF3,1
STAT3,IFRD2,1
STAT3,BLVRB,1
STAT3,WDR73,1
STAT3,MARCH5,1
STAT3,9430015G10RIK,1
STAT3,ZKSCAN6,1
STAT3,VPS35,1
STAT3,ORC6,1
STAT3,TCF19,1
STAT3,GSTM5,1
STAT3,STEAP3,1
STAT3,ITIH5,1
STAT3,FAM91A1,1
STAT3,POLD1,1
STAT3,MCM5,1
STAT3,CNIH1,1
STAT3,BTRC,1
STAT3,TOR3A,1
STAT3,RPA1,1
STAT3,LRRFIP1,1
STAT3,KIDINS220,1
STAT3,FTSJ3,1
STAT3,PKLR,1
STAT3,NFATC1,1
STAT3,OASL2,1
STAT3,ZFP930,1
STAT3,CYP20A1,1
STAT3,KIF20B,1
STAT3,NCAPH,1
STAT3,RUNX1T1,1
STAT3,RARB,1
STAT3,CKS1B,1
STAT3,VHL,1
STAT3,UBA7,1
STAT3,POGLUT1,1
STAT3,ATP11C,1
STAT3,MAN2A2,1
STAT3,1700017B05RIK,1
STAT3,SPIRE1,1
STAT3,AK3,1
STAT3,ARMC8,1
STAT3,ABHD16A,1
STAT3,IL15,1
STAT3,GLIPR2,1
STAT3,EBI3,1
STAT3,TRIB2,1
STAT3,NADK,1
STAT3,NUP85,1
STAT3,CDC6,1
STAT3,HMBS,1
STAT3,DCK,1
STAT3,MYH10,1
STAT3,CDT1,1
STAT3,ANXA4,1
STAT3,UTP4,1
STAT3,FNTA,1
STAT3,CRNKL1,1
STAT3,CUL2,1
STAT3,CRYZL2,1
STAT3,INPP1,1
STAT3,GYPC,1
STAT3,PJA2,1
STAT3,XAB2,1
STAT3,PBK,1
STAT3,TIPIN,1
STAT3,DEK,1
STAT3,ADSSL1,1
STAT3,NDE1,1
STAT3,AQP1,1
STAT3,GMNN,1
STAT3,LAPTM4B,1
STAT3,RCSD1,1
STAT3,CAMK1,1
STAT3,SLC40A1,1
STAT3,PSAT1,1
STAT3,ANGPT1,1
STAT3,MTAP,1
STAT3,ABCB8,1
STAT3,NSDHL,1
STAT3,ANXA2,1
STAT3,EDC3,1
STAT3,MFNG,1
STAT3,PEAR1,1
STAT3,E2F4,1
STAT3,ALG9,1
STAT3,ATP6AP2,1
STAT3,RAD51,1
STAT3,LIG1,1
STAT3,CYTH4,1
STAT3,SMC2,1
STAT3,NUSAP1,1
STAT3,GCNT2,1
STAT3,RAB37,1
STAT3,HSPA4L,1
STAT3,DENND1C,1
STAT3,HELLS,1
STAT3,CCNE2,1
STAT3,PHETA2,1
STAT3,CDC7,1
STAT3,ARHGAP4,1
STAT3,HNF4A,1
STAT3,TPP1,1
STAT3,PPARGC1A,1
STAT3,CDC20,1
STAT3,MNS1,1
STAT3,AHR,1
STAT3,TTF2,1
STAT3,PWP1,1
STAT3,FES,1
STAT3,DTL,1
STAT3,SP100,1
STAT3,MAPK12,1
STAT3,HACD3,1
STAT3,MCTP1,1
STAT3,ARHGEF6,1
STAT3,NDC1,1
STAT3,CCDC137,1
STAT3,NFE2,1
STAT3,BLZF1,1
STAT3,CDC45,1
STAT3,PTDSS1,1
STAT3,CASP1,1
STAT3,CENPF,1
STAT3,PRIM2,1
STAT3,FASTKD2,1
STAT3,OPTN,1
STAT3,E2F8,1
STAT3,CTSO,1
STAT3,PCLAF,1
STAT3,FTSJ1,1
STAT3,BUB3,1
STAT3,RFC5,1
STAT3,GIMAP6,1
STAT3,P2RY14,1
STAT3,ERCC8,1
STAT3,BUB1B,1
STAT3,ARHGAP15,1
STAT3,PPOX,1
STAT3,PTCD3,1
STAT3,PQLC3,1
STAT3,ATP2A3,1
STAT3,RCC1,1
STAT3,LPCAT3,1
STAT3,RASA3,1
STAT3,NCAPG,1
STAT3,HPCAL1,1
STAT3,SUPT7L,1
STAT3,TOM1L1,1
STAT3,LTB,1
STAT3,SPTBN1,1
STAT3,DPH6,1
STAT3,CDCA3,1
STAT3,TYK2,1
STAT3,SLC29A1,1
STAT3,SLC25A46,1
STAT3,TMEM185A,1
STAT3,PDK3,1
STAT3,BYSL,1
STAT3,HEMGN,1
STAT3,CORO1A,1
STAT3,IL21R,1
STAT3,LRRC8C,1
STAT3,NUBP2,1
STAT3,NEURL3,1
STAT3,IARS2,1
STAT3,ZFP275,1
STAT3,SSX2IP,1
STAT3,EMILIN1,1
STAT3,CBX7,1
STAT3,HLF,1
STAT3,IKZF2,1
STAT3,CD48,1
STAT3,THRB,1
STAT3,EIF1AD,1
STAT3,2610301B20RIK,1
STAT3,SGTA,1
STAT3,ILVBL,1
STAT3,CPQ,1
STAT3,SPC25,1
STAT3,PACS1,1
STAT3,RB1,1
STAT3,PIDD1,1
STAT3,MBOAT2,1
STAT3,SPRYD4,1
STAT3,TMEM263,1
STAT3,SEPT6,1
STAT3,SLC19A1,1
STAT3,DUSP2,1
STAT3,2210016F16RIK,1
STAT3,SAMD14,1
STAT3,EPOR,1
STAT3,DOK2,1
STAT3,CYTH3,1
STAT3,GEMIN5,1
STAT3,UBE2C,1
STAT3,STXBP1,1
STAT3,TMEM164,1
STAT3,SPC24,1
STAT3,UHRF1,1
STAT3,UMPS,1
STAT3,SMAD2,1
STAT3,INPP5B,1
STAT3,SALL2,1
STAT3,IFI44,1
STAT3,ICA1,1
STAT3,TRPV2,1
STAT3,STAP1,1
STAT3,SERPINB9,1
STAT3,ABCG2,1
STAT3,PLA2G12A,1
STAT3,LPCAT1,1
STAT3,CCNF,1
STAT3,ALDH1A1,1
STAT3,SLC25A21,1
STAT3,TAF1,1
STAT3,INKA1,1
STAT3,PRDM5,1
STAT3,LPIN2,1
STAT3,AQP9,1
STAT3,STARD10,1
STAT3,HDAC9,1
STAT3,RDH11,1
STAT3,PUS7,1
STAT3,ALKBH8,1
STAT3,LSP1,1
STAT3,YBX3,1
STAT3,AMPD3,1
STAT3,IRF5,1
STAT3,PLCB2,1
STAT3,PLBD2,1
STAT3,TMEM97,1
STAT3,PTDSS2,1
STAT3,E2F6,1
STAT3,PHF10,1
STAT3,TBC1D2B,1
STAT3,RHOF,1
STAT3,MYO1G,1
STAT3,CD74,1
STAT3,GIMAP1,1
STAT3,GUSB,1
STAT3,PLEK,1
STAT3,TSPAN3,1
STAT3,TLE2,1
STAT3,BC005561,1
STAT3,USF3,1
STAT3,AFG3L2,1
STAT3,ZMYM3,1
STAT3,XK,1
STAT3,POLE3,1
STAT3,CD84,1
STAT3,PLXNC1,1
STAT3,RPP40,1
STAT3,MFN2,1
STAT3,TLK1,1
STAT3,CSRP3,1
STAT3,MFSD2B,1
STAT3,SOX18,1
STAT3,CREB5,1
STAT3,TFR2,1
STAT3,ADD2,1
STAT3,ST3GAL6,1
STAT3,GOLM1,1
STAT3,ANK,1
STAT3,TNFAIP2,1
STAT3,BCAP29,1
STAT3,CHCHD10,1
STAT3,RAB31,1
STAT3,CSAD,1
STAT3,HMMR,1
STAT3,DCTD,1
STAT3,PRELID3B,1
STAT3,ATP1B2,1
STAT3,ESR1,1
STAT3,CYB5R1,1
STAT3,C1QTNF12,1
STAT3,STX17,1
STAT3,GNB4,1
STAT3,TBXAS1,1
STAT3,BMI1,1
STAT3,BAG2,1
STAT3,HCFC1,1
STAT3,EMB,1
STAT3,H2-DMB1,1
STAT3,HDAC11,1
STAT3,GYPA,1
STAT3,NDN,1
WDR5,SNRPB,1
WDR5,MED22,1
WDR5,9430015G10RIK,1
WDR5,MIS12,1
WDR5,IFRD2,1
WDR5,SNRNP200,1
WDR5,MCM3,1
WDR5,XRCC3,1
WDR5,NUBP2,1
WDR5,TOP2A,1
WDR5,UBE2C,1
WDR5,BTRC,1
WDR5,NUDCD1,1
WDR5,CKAP2L,1
WDR5,XAB2,1
WDR5,CDCA3,1
WDR5,UNK,1
WDR5,RPA2,1
WDR5,NCLN,1
WDR5,TYK2,1
WDR5,CDCA8,1
WDR5,FEM1A,1
WDR5,TPX2,1
WDR5,ZFP871,1
WDR5,WARS,1
WDR5,MRPL37,1
WDR5,ELAC2,1
WDR5,CENPF,1
WDR5,RANGAP1,1
WDR5,SCRN3,1
WDR5,RRM1,1
WDR5,FAM76B,1
WDR5,FOXRED1,1
WDR5,SPC25,1
WDR5,TCF19,1
WDR5,RUVBL2,1
WDR5,ZFP143,1
WDR5,MCM5,1
WDR5,CDCA5,1
WDR5,TRMT6,1
WDR5,DHX33,1
WDR5,AURKA,1
WDR5,TIMM29,1
WDR5,PPP6C,1
WDR5,PIK3C3,1
WDR5,DCP1A,1
WDR5,SLC39A9,1
WDR5,USF3,1
WDR5,KAT7,1
WDR5,COA5,1
WDR5,TMEM97,1
WDR5,WDR75,1
WDR5,MCM10,1
WDR5,TMEM129,1
WDR5,TACC3,1
WDR5,INCENP,1
WDR5,YBX1,1
WDR5,NFXL1,1
WDR5,CKS1B,1
WDR5,MFN2,1
WDR5,NAA50,1
WDR5,ATP6V1A,1
WDR5,BUB1B,1
WDR5,PHB2,1
WDR5,PLAG1,1
WDR5,NARFL,1
WDR5,PRPF4,1
WDR5,STK25,1
WDR5,SPC24,1
WDR5,CNOT10,1
WDR5,PRDM4,1
WDR5,HSPH1,1
WDR5,NUDCD3,1
WDR5,RNF4,1
WDR5,REXO4,1
WDR5,NUSAP1,1
WDR5,NDC1,1
WDR5,DCAF11,1
WDR5,SEC23IP,1
WDR5,NDUFV1,1
WDR5,ITSN1,1
WDR5,ABL1,1
WDR5,ARL6IP6,1
WDR5,GALK2,1
WDR5,COPS8,1
WDR5,MARS,1
WDR5,CDC45,1
WDR5,NUF2,1
WDR5,SUPT7L,1
WDR5,SNAPC3,1
WDR5,BLZF1,1
WDR5,PLAA,1
WDR5,JPT2,1
WDR5,EIF2B1,1
WDR5,TOX4,1
WDR5,POLR1B,1
WDR5,VPS41,1
WDR5,SGTA,1
WDR5,ZFP961,1
WDR5,PRIM1,1
WDR5,GOLT1B,1
WDR5,CCNF,1
WDR5,KIF22,1
WDR5,EXOC2,1
WDR5,ADO,1
WDR5,ORC2,1
WDR5,PPOX,1
WDR5,PLD3,1
WDR5,DNAJC11,1
WDR5,ASF1B,1
WDR5,COG7,1
WDR5,MTHFD1,1
WDR5,POLE3,1
WDR5,RAD51,1
WDR5,GANAB,1
WDR5,ATG16L1,1
WDR5,RPP40,1
WDR5,CENPA,1
WDR5,ZFP672,1
WDR5,DNPEP,1
WDR5,SUN1,1
WDR5,CISH,1
WDR5,PSMF1,1
WDR5,FTSJ3,1
WDR5,TMUB2,1
WDR5,KLHL24,1
WDR5,ANKRD27,1
WDR5,TARS,1
WDR5,SCFD1,1
WDR5,BUB3,1
WDR5,CHORDC1,1
WDR5,GTF2E1,1
WDR5,NIF3L1,1
WDR5,MIS18BP1,1
WDR5,EIF1AD,1
WDR5,HMMR,1
WDR5,HNRNPAB,1
WDR5,MAU2,1
WDR5,PACSIN2,1
WDR5,FASTKD2,1
WDR5,NOLC1,1
WDR5,CRNKL1,1
WDR5,SLC25A46,1
WDR5,SLC30A6,1
WDR5,KNSTRN,1
WDR5,HARS2,1
WDR5,HARS,1
WDR5,RAD51AP1,1
WDR5,ZFP367,1
WDR5,DNM1L,1
WDR5,TAF1,1
WDR5,PA2G4,1
WDR5,ABCB8,1
WDR5,FAR1,1
WDR5,ZFP930,1
WDR5,ALKBH8,1
WDR5,PNO1,1
WDR5,CENPO,1
WDR5,KPNA3,1
WDR5,CDK19,1
WDR5,TMEM206,1
WDR5,TTF2,1
WDR5,SKAP2,1
WDR5,HDGF,1
WDR5,SP4,1
WDR5,DPH2,1
WDR5,RNF13,1
WDR5,LDAH,1
WDR5,TASP1,1
WDR5,MTMR6,1
WDR5,CDC6,1
WDR5,MFSD1,1
WDR5,KIF11,1
WDR5,TUBGCP2,1
WDR5,ATP7B,1
WDR5,ALG11,1
WDR5,RAD21,1
WDR5,VPS33A,1
WDR5,TERF2IP,1
WDR5,THUMPD3,1
WDR5,AHCYL1,1
WDR5,SMARCA2,1
WDR5,NARF,1
WDR5,CLPTM1L,1
WDR5,E2F8,1
WDR5,POLR3F,1
WDR5,BUB1,1
WDR5,MIEF1,1
WDR5,WDR36,1
WDR5,DUS1L,1
WDR5,TMEM68,1
WDR5,ZFP110,1
WDR5,BYSL,1
WDR5,ARMC8,1
WDR5,NET1,1
WDR5,PSMD6,1
WDR5,TBCD,1
WDR5,LIG1,1
WDR5,SESN1,1
WDR5,SHCBP1,1
WDR5,TANGO2,1
WDR5,SLC35A1,1
WDR5,HMBS,1
WDR5,GPKOW,1
WDR5,RCOR1,1
WDR5,MYNN,1
WDR5,ETF1,1
WDR5,NECAP2,1
WDR5,UBE2G2,1
WDR5,UBR7,1
WDR5,TIMM50,1
WDR5,UBA5,1
WDR5,GTF2F1,1
WDR5,KLF6,1
WDR5,ME2,1
WDR5,CENPK,1
WDR5,RPRD1B,1
WDR5,ATP6AP1,1
WDR5,RFC4,1
WDR5,GOSR2,1
WDR5,ZFP24,1
WDR5,JUN,1
WDR5,DNAJC10,1
WDR5,ZBTB43,1
WDR5,ZDHHC6,1
WDR5,NUP155,1
WDR5,OTUD6B,1
WDR5,RARS,1
WDR5,CRK,1
WDR5,NAA35,1
WDR5,MCM4,1
WDR5,MCM7,1
WDR5,ATG12,1
WDR5,AP3S1,1
WDR5,NEDD1,1
WDR5,WDR45B,1
WDR5,ABI1,1
WDR5,TTF1,1
WDR5,AHCTF1,1
WDR5,CHMP7,1
WDR5,INPP5B,1
WDR5,HMGB2,1
WDR5,CASP2,1
WDR5,MTREX,1
WDR5,GMFB,1
WDR5,PITRM1,1
WDR5,NUP88,1
WDR5,ZFP451,1
WDR5,NDOR1,1
WDR5,CDC20,1
WDR5,COPB2,1
WDR5,PRKAB1,1
WDR5,LRRC14,1
WDR5,GARS,1
WDR5,PTDSS1,1
WDR5,STAT3,1
WDR5,LMBRD1,1
WDR5,LZTR1,1
WDR5,ERLIN2,1
WDR5,DPH6,1
WDR5,SGO1,1
WDR5,HDAC2,1
WDR5,RMND5A,1
WDR5,BAP1,1
WDR5,PRC1,1
WDR5,PPIL4,1
WDR5,CALU,1
WDR5,UHRF1,1
WDR5,MYH10,1
WDR5,KIF20B,1
WDR5,ATP11C,1
WDR5,DCAF13,1
WDR5,APLP2,1
WDR5,SACM1L,1
WDR5,4833439L19RIK,1
WDR5,WDR73,1
WDR5,DPP8,1
WDR5,RNF141,1
WDR5,LONP1,1
WDR5,NELFB,1
WDR5,PWP1,1
WDR5,PAFAH1B2,1
WDR5,ATP6AP2,1
WDR5,VPS35,1
WDR5,ORC6,1
WDR5,RHOT1,1
WDR5,QARS,1
WDR5,DHFR,1
WDR5,CUL4A,1
WDR5,ZFP35,1
WDR5,VPS11,1
WDR5,NUP107,1
WDR5,CKAP5,1
WDR5,UROS,1
WDR5,IFT140,1
WDR5,TRMT2A,1
WDR5,ACOX1,1
WDR5,PKM,1
WDR5,DDX20,1
WDR5,RFC5,1
WDR5,ID2,1
WDR5,PJA2,1
WDR5,HAGH,1
WDR5,NOL9,1
WDR5,GFM1,1
WDR5,ARMT1,1
WDR5,HSDL1,1
WDR5,DTL,1
WDR5,IRF8,1
WDR5,FPGS,1
WDR5,SMC2,1
WDR5,SPPL2B,1
WDR5,ESYT2,1
WDR5,UROD,1
WDR5,DCAF4,1
WDR5,PIK3R2,1
WDR5,IARS,1
WDR5,BIRC5,1
WDR5,CIPC,1
WDR5,CCNG1,1
WDR5,METTL8,1
WDR5,LYRM4,1
WDR5,EFTUD2,1
WDR5,ANAPC2,1
WDR5,LPCAT3,1
WDR5,CTR9,1
WDR5,ATP13A1,1
WDR5,NUP85,1
WDR5,WDR6,1
WDR5,PDCL,1
WDR5,MNS1,1
WDR5,HEATR5A,1
WDR5,MORC3,1
WDR5,VPS33B,1
WDR5,RNF115,1
WDR5,ZFP266,1
WDR5,PSMD9,1
WDR5,ABTB1,1
WDR5,ARAP1,1
WDR5,TBC1D15,1
WDR5,ZBTB10,1
WDR5,AAR2,1
WDR5,PIGQ,1
WDR5,ATAD2,1
WDR5,AP5M1,1
WDR5,STXBP4,1
WDR5,E2F4,1
WDR5,HIST1H1C,1
WDR5,SRSF1,1
WDR5,PTDSS2,1
WDR5,EDC3,1
WDR5,POGLUT1,1
WDR5,NSDHL,1
WDR5,OAT,1
WDR5,ZFP655,1
WDR5,USP8,1
WDR5,FTSJ1,1
WDR5,ERCC8,1
WDR5,CYB5R3,1
WDR5,NOP2,1
WDR5,MTFR1,1
WDR5,LLGL1,1
WDR5,WDR4,1
WDR5,HUS1,1
WDR5,UMPS,1
WDR5,CTPS,1
WDR5,USP37,1
WDR5,NEK9,1
WDR5,HIST1H2BC,1
WDR5,GTF2H1,1
WDR5,NAPSA,1
WDR5,NUDT9,1
WDR5,EXOC3,1
WDR5,ITFG1,1
WDR5,YBX3,1
WDR5,DDX1,1
WDR5,FAM168B,1
WDR5,UBR1,1
WDR5,ELL2,1
WDR5,NCAPD2,1
WDR5,SQLE,1
WDR5,CCNB2,1
WDR5,ATAD1,1
WDR5,PRMT7,1
WDR5,CPOX,1
WDR5,COQ8A,1
WDR5,FOXO1,1
WDR5,PMPCA,1
WDR5,MAD2L1,1
WDR5,GTF3C3,1
WDR5,VPS26C,1
WDR5,CCDC137,1
WDR5,FBXO5,1
WDR5,ORC5,1
WDR5,MAPK9,1
WDR5,RPA1,1
WDR5,PCYT1A,1
WDR5,PFKM,1
WDR5,ARHGAP15,1
WDR5,MCM6,1
WDR5,HAUS2,1
WDR5,MARCH5,1
WDR5,PSEN1,1
WDR5,FBXW5,1
WDR5,FZR1,1
WDR5,TSPAN33,1
WDR5,PICALM,1
WDR5,H2-OB,1
WDR5,ARL8B,1
WDR5,RFESD,1
WDR5,CCNA2,1
WDR5,MED16,1
WDR5,IPO9,1
WDR5,CDK1,1
WDR5,LEPROT,1
WDR5,D230025D16RIK,1
WDR5,XPC,1
WDR5,CRBN,1
WDR5,ZKSCAN3,1
WDR5,D10WSU102E,1
WDR5,TAB1,1
WDR5,MGST3,1
WDR5,UBAC1,1
WDR5,TBL3,1
WDR5,DIS3L2,1
WDR5,PSMD5,1
WDR5,PSAT1,1
WDR5,CLCN4,1
WDR5,XRCC5,1
WDR5,COPG1,1
WDR5,DCTD,1
WDR5,COLGALT1,1
WDR5,ACAP1,1
WDR5,TMEM186,1
WDR5,MEF2C,1
WDR5,NASP,1
WDR5,MBTPS1,1
WDR5,RDH11,1
WDR5,RABIF,1
WDR5,CLPX,1
WDR5,NIT1,1
WDR5,GSKIP,1
WDR5,DOCK2,1
WDR5,ATL2,1
WDR5,CAST,1
WDR5,WDR55,1
WDR5,ABCF3,1
WDR5,IPO4,1
WDR5,KDM6A,1
WDR5,VAMP3,1
WDR5,PPAT,1
WDR5,TFG,1
WDR5,PCLAF,1
WDR5,CHAMP1,1
WDR5,CHMP3,1
WDR5,IDH3A,1
WDR5,MTO1,1
WDR5,ALAD,1
WDR5,ZDHHC13,1
WDR5,UBXN2B,1
WDR5,ZFP322A,1
WDR5,GNAI3,1
WDR5,SLC20A1,1
WDR5,METAP1D,1
WDR5,FIGNL1,1
WDR5,NCEH1,1
WDR5,TAF12,1
WDR5,SLC31A1,1
WDR5,MOGS,1
WDR5,UCKL1,1
WDR5,SPPL2A,1
WDR5,CUL2,1
WDR5,GORASP1,1
WDR5,ZFP397,1
WDR5,MSH6,1
WDR5,RPAP1,1
WDR5,PTCD3,1
WDR5,CCNE2,1
WDR5,PBK,1
WDR5,CDT1,1
WDR5,POLD1,1
WDR5,TUBGCP3,1
WDR5,PHAX,1
WDR5,FOS,1
WDR5,NFAT5,1
WDR5,PRIM2,1
WDR5,FAAP100,1
WDR5,PWP2,1
WDR5,MAVS,1
WDR5,NUP93,1
WDR5,ANKFY1,1
WDR5,SEH1L,1
WDR5,ICE1,1
WDR5,DLST,1
WDR5,ZSCAN21,1
WDR5,COPB1,1
WDR5,SLC25A38,1
WDR5,SLC30A5,1
WDR5,CD74,1
WDR5,UAP1,1
WDR5,SLC19A1,1
WDR5,GMCL1,1
WDR5,POLR2B,1
WDR5,SLC14A1,1
WDR5,FARSB,1
WDR5,WDHD1,1
WDR5,RANBP3,1
WDR5,NCAPG,1
WDR5,MRM1,1
WDR5,TVP23B,1
WDR5,NCAPG2,1
WDR5,C330018D20RIK,1
WDR5,NDEL1,1
WDR5,E2F6,1
WDR5,FKBP1A,1
WDR5,TLR4,1
WDR5,MINPP1,1
WDR5,LIMD2,1
WDR5,COG6,1
WDR5,CEP70,1
WDR5,ZKSCAN17,1
WDR5,METAP1,1
WDR5,GMNN,1
WDR5,ILVBL,1
WDR5,REL,1
WDR5,TMEM168,1
WDR5,RMND5B,1
WDR5,HNRNPLL,1
WDR5,CHUK,1
WDR5,ATG4B,1
WDR5,SPTLC1,1
WDR5,GPR180,1
WDR5,PLEK,1
WDR5,ODC1,1
WDR5,ELP3,1
WDR5,CNIH1,1
WDR5,PRELID3B,1
WDR5,HERC4,1
WDR5,JARID2,1
WDR5,RGS19,1
WDR5,PRPS1,1
WDR5,ADK,1
WDR5,RABGGTB,1
WDR5,STXBP3,1
WDR5,F11R,1
WDR5,ZFP62,1
WDR5,TPP1,1
WDR5,LAP3,1
WDR5,ALDH18A1,1
WDR5,ANKLE1,1
WDR5,PON2,1
WDR5,BTAF1,1
WDR5,MFSD14B,1
WDR5,ZZZ3,1
WDR5,GFI1B,1
WDR5,NAE1,1
WDR5,INTS8,1
WDR5,POT1A,1
WDR5,GUSB,1
WDR5,RRM2,1
WDR5,TOPORS,1
WDR5,ELP2,1
WDR5,FGFR1OP,1
WDR5,G6PDX,1
WDR5,SPNS2,1
WDR5,PLK1,1
WDR5,TMX1,1
WDR5,TRIM30A,1
WDR5,TFRC,1
WDR5,FAM91A1,1
WDR5,USP4,1
WDR5,HCLS1,1
WDR5,GIMAP6,1
WDR5,CYTIP,1
WDR5,HDAC9,1
WDR5,INTS13,1
WDR5,FEM1B,1
WDR5,TCP11L2,1
WDR5,CENPE,1
WDR5,PLIN3,1
WDR5,RNASE6,1
WDR5,ASB8,1
WDR5,FAM234B,1
WDR5,RASAL3,1
WDR5,METTL27,1
WDR5,STT3B,1
WDR5,POLA2,1
WDR5,LANCL2,1
WDR5,NCAPH,1
WDR5,HEXA,1
WDR5,ASAH1,1
WDR5,PITPNB,1
WDR5,GSS,1
WDR5,CRIP2,1
WDR5,TRMT11,1
WDR5,DCK,1
WDR5,RGS1,1
WDR5,MIOS,1
WDR5,LMNA,1
WDR5,MAPK1,1
WDR5,CDCA4,1
WDR5,CCNB1,1
WDR5,CACFD1,1
WDR5,TMC6,1
WDR5,SPRYD4,1
WDR5,GPR171,1
WDR5,2610301B20RIK,1
WDR5,TREML2,1
WDR5,CHP1,1
WDR5,TXNRD2,1
WDR5,NT5DC1,1
WDR5,YPEL3,1
WDR5,CDC7,1
WDR5,DNAJC5,1
WDR5,AURKB,1
WDR5,NUDT19,1
WDR5,CAPN7,1
WDR5,P2RX4,1
WDR5,XRCC6,1
WDR5,SPI1,1
WDR5,ANXA5,1
WDR5,PTPN12,1
WDR5,FAM45A,1
WDR5,LMO4,1
WDR5,TUBGCP5,1
WDR5,OSTM1,1
WDR5,NOTCH1,1
WDR5,NDE1,1
WDR5,STX17,1
WDR5,APEH,1
WDR5,TMX3,1
WDR5,DDHD2,1
WDR5,ZEB2,1
WDR5,UBA7,1
WDR5,RNF139,1
WDR5,SLC39A10,1
WDR5,CPT2,1
WDR5,NR4A1,1
WDR5,STOM,1
WDR5,RASA3,1
WDR5,ACSS2,1
WDR5,METTL7A1,1
WDR5,AP1B1,1
WDR5,SLC25A45,1
WDR5,SDHAF2,1
WDR5,NAGA,1
WDR5,SSX2IP,1
WDR5,GM2A,1
WDR5,ST6GALNAC4,1
WDR5,TIPIN,1
WDR5,AP1G2,1
WDR5,STAP1,1
WDR5,BTG2,1
WDR5,ABHD16A,1
WDR5,ANAPC4,1
WDR5,ZBTB20,1
WDR5,XPNPEP1,1
WDR5,CALCRL,1
WDR5,L2HGDH,1
WDR5,CASP3,1
WDR5,ST8SIA4,1
WDR5,PCYT2,1
WDR5,CD55,1
WDR5,SMAD2,1
WDR5,GRN,1
WDR5,OPTN,1
WDR5,TMEM177,1
WDR5,CLN5,1
WDR5,TOLLIP,1
WDR5,SPTBN1,1
WDR5,RGS2,1
WDR5,MXD3,1
WDR5,PDE4B,1
WDR5,CTSE,1
WDR5,KLHL6,1
WDR5,GIMAP5,1
WDR5,TMEM109,1
WDR5,CTSC,1
WDR5,ISYNA1,1
WDR5,CYP20A1,1
WDR5,NADK,1
WDR5,RCC1,1
WDR5,AFG3L2,1
WDR5,SLC11A2,1
WDR5,MYCN,1
WDR5,PCCA,1
WDR5,HELLS,1
WDR5,TRIB2,1
WDR5,EXT2,1
WDR5,B230219D22RIK,1
WDR5,UBAP1,1
WDR5,DRAM2,1
WDR5,CEPT1,1
WDR5,FCHSD2,1
WDR5,RELB,1
WDR5,CNP,1
WDR5,ADAMTS10,1
WDR5,GEMIN5,1
WDR5,SMIM15,1
WDR5,FNTA,1
WDR5,CD82,1
WDR5,KLHL22,1
WDR5,CAD,1
WDR5,ZMYM3,1
WDR5,MCM2,1
WDR5,TES,1
WDR5,H2-DMB1,1
WDR5,TMEM263,1
WDR5,UNC93B1,1
WDR5,CSTF2,1
WDR5,XPR1,1
WDR5,ZKSCAN6,1
WDR5,EBI3,1
WDR5,EPS15,1
WDR5,BCAP29,1
WDR5,NFKBIA,1
WDR5,RASSF5,1
WDR5,PDK3,1
WDR5,PRKAR2B,1
WDR5,MTAP,1
WDR5,SERPINA3G,1
WDR5,BLVRB,1
WDR5,UTP4,1
WDR5,PQLC1,1
WDR5,CKAP2,1
WDR5,TBC1D10C,1
WDR5,NEURL3,1
WDR5,TMEM64,1
WDR5,TYMS,1
WDR5,ALG9,1
WDR5,MAP4K2,1
WDR5,GYPC,1
WDR5,NFE2L2,1
WDR5,CYB5R1,1
WDR5,ABCB4,1
WDR5,MAPKAPK3,1
WDR5,EIF4ENIF1,1
WDR5,USP10,1
WDR5,CBFB,1
WDR5,IARS2,1
WDR5,GIMAP1,1
WDR5,IFI30,1
WDR5,TCF12,1
WDR5,SLC6A6,1
WDR5,NRF1,1
WDR5,STX12,1
WDR5,DUSP2,1
WDR5,VHL,1
WDR5,RGCC,1
WDR5,TNFRSF13B,1
WDR5,TOR3A,1
WDR5,LPIN2,1
WDR5,IL21R,1
WDR5,SVIP,1
WDR5,IRF1,1
WDR5,BID,1
WDR5,TSPAN3,1
WDR5,1700017B05RIK,1
WDR5,PLEC,1
WDR5,WDSUB1,1
WDR5,HCFC1,1
WDR5,NGLY1,1
WDR5,ALDH9A1,1
WDR5,CARHSP1,1
WDR5,GNPDA1,1
WDR5,EZR,1
WDR5,LSP1,1
WDR5,ESR1,1
WDR5,ETS1,1
WDR5,CTSO,1
WDR5,ACSS1,1
WDR5,PLCG2,1
WDR5,MAN1A,1
WDR5,NFATC2,1
WDR5,DENND1C,1
WDR5,FAM136A,1
WDR5,BCLAF3,1
WDR5,ARID3B,1
WDR5,ISG20,1
WDR5,PACS1,1
WDR5,CERS4,1
WDR5,ZFP36,1
WDR5,EYA2,1
WDR5,DUSP1,1
WDR5,TMEM173,1
WDR5,MARCH8,1
WDR5,KIDINS220,1
WDR5,CUL3,1
WDR5,CNOT7,1
WDR5,2210016F16RIK,1
WDR5,NAMPT,1
WDR5,CD84,1
WDR5,TRIM59,1
WDR5,YOD1,1
WDR5,IFI203,1
WDR5,PREP,1
WDR5,MARCH6,1
WDR5,IL27RA,1
WDR5,HSPA4L,1
WDR5,EPSTI1,1
WDR5,PLCB2,1
WDR5,SCARB1,1
WDR5,ARHGAP4,1
WDR5,SLC44A2,1
WDR5,IRF5,1
WDR5,EBF1,1
WDR5,NPLOC4,1
WDR5,UAP1L1,1
WDR5,CASP1,1
WDR5,RNF145,1
WDR5,PPP2R1B,1
WDR5,SETD2,1
WDR5,DEK,1
WDR5,RB1,1
WDR5,CD48,1
WDR5,CERS5,1
WDR5,CD1D1,1
WDR5,CASP4,1
WDR5,VAV1,1
WDR5,INPP1,1
WDR5,VKORC1L1,1
WDR5,TENT5A,1
WDR5,GRAMD1A,1
WDR5,SGPL1,1
WDR5,PRDM5,1
WDR5,IL15,1
WDR5,ELOVL1,1
WDR5,FADS1,1
WDR5,ATP2A3,1
WDR5,SASH3,1
WDR5,UBA3,1
WDR5,TLK1,1
WDR5,CCNE1,1
WDR5,GOLPH3,1
WDR5,TWSG1,1
WDR5,MNDAL,1
WDR5,LRRC8C,1
WDR5,TNFAIP8,1
WDR5,FECH,1
WDR5,NR2C1,1
WDR5,ELMO1,1
WDR5,UBL4A,1
WDR5,CMPK2,1
WDR5,STEAP3,1
WDR5,ZYX,1
WDR5,SEPT6,1
WDR5,NFE2,1
WDR5,CSGALNACT2,1
WDR5,EPAS1,1
WDR5,PSEN2,1
WDR5,DDX58,1
WDR5,HACD3,1
WDR5,PLBD2,1
WDR5,RAB37,1
WDR5,STXBP1,1
WDR5,PQLC3,1
WDR5,GFI1,1
WDR5,VIM,1
WDR5,GSTM1,1
WDR5,TSPAN14,1
WDR5,ATP1B2,1
WDR5,GNA13,1
WDR5,NR3C2,1
WDR5,SATB1,1
WDR5,ZFP639,1
WDR5,CORO1A,1
WDR5,TRPV2,1
WDR5,SNAP23,1
WDR5,ZFP945,1
WDR5,ST3GAL5,1
WDR5,GBP2,1
WDR5,RHOF,1
WDR5,PIP4K2A,1
WDR5,JAK3,1
WDR5,TIFA,1
WDR5,TCN2,1
WDR5,ANXA1,1
WDR5,RNF19A,1
WDR5,CYTH4,1
WDR5,SP100,1
WDR5,ITIH5,1
WDR5,ENDOD1,1
WDR5,PLA2G12A,1
WDR5,MYO1D,1
WDR5,TBC1D2B,1
WDR5,ADSSL1,1
WDR5,TRIB3,1
WDR5,PIK3IP1,1
WDR5,SLC43A3,1
WDR5,FUCA2,1
WDR5,MBOAT2,1
WDR5,RNASEL,1
WDR5,LCP1,1
WDR5,PEAR1,1
WDR5,LPCAT1,1
WDR5,LCP2,1
WDR5,CLIC4,1
WDR5,SERPINB9,1
WDR5,SELENOP,1
WDR5,AFF4,1
WDR5,SLC40A1,1
WDR5,ZFP275,1
WDR5,LRRFIP1,1
WDR5,P2RY14,1
WDR5,DENND2D,1
WDR5,PGLYRP2,1
WDR5,ABCB10,1
WDR5,RAB32,1
WDR5,TTLL12,1
WDR5,IKZF1,1
WDR5,SLC16A1,1
WDR5,VWA5A,1
WDR5,SNX10,1
WDR5,CD93,1
WDR5,CBX7,1
WDR5,NPTN,1
WDR5,MKI67,1
WDR5,CYTH3,1
WDR5,GATM,1
WDR5,TK1,1
WDR5,ERLIN1,1
WDR5,ACAA2,1
WDR5,SERPINB1A,1
WDR5,PSTPIP1,1
WDR5,SLC29A1,1
WDR5,ABCD3,1
WDR5,DECR1,1
WDR5,ADGRG3,1
WDR5,TOM1L1,1
WDR5,MYO1G,1
NFAT5,PRSS50,0
BMI1,VPS33A,0
CBX7,ARHGEF18,0
IRF1,LYRM4,0
IRF1,RFC4,0
FOS,NUDT4,0
NFAT5,MED22,0
RPA2,F11R,0
NOTCH1,ACSS2,0
BMI1,STARD10,0
BMI1,TPX2,0
NFAT5,LYZ2,0
IKZF1,SOX18,0
IRF1,SDSL,0
RPA1,TREML2,0
BMI1,PLK1,0
MEF2C,CERS4,0
NOTCH1,PRSS50,0
IRF1,HIST1H1C,0
EBF1,BTG2,0
CBX7,LIMD2,0
GFI1B,NR4A1,0
IRF8,CCNB2,0
NOTCH1,GIMAP6,0
MEIS1,ELF4,0
CBX7,MYNN,0
WDR5,PGM1,0
MEF2C,SNRNP200,0
GFI1,ZBTB20,0
NFAT5,GPR171,0
NFAT5,BIRC5,0
FOXO1,TMEM176A,0
NFAT5,CTNNA1,0
ELF4,ARHGEF18,0
MEIS1,COL5A1,0
KDM6A,TIE1,0
BMI1,PIK3IP1,0
EBF1,CCNE2,0
NFAT5,RANGAP1,0
FOXO1,MOGS,0
RPA2,CD74,0
CBX7,IFITM1,0
ELF4,CPT1A,0
MEF2C,E2F6,0
RPA2,PPIL4,0
BMI1,EPS15,0
IRF1,PPAT,0
CBX7,AQP1,0
RPA2,NFXL1,0
IRF1,EYA1,0
NFAT5,SPHK1,0
FOXO1,NXPE2,0
CBX7,MAPK1,0
EBF1,NSMAF,0
ELF4,HELLS,0
IRF8,SLC18A2,0
FOXO1,D10WSU102E,0
SATB1,YBX3,0
MEF2C,TACC3,0
ESR1,EBI3,0
RPA2,ALKBH8,0
IRF8,TLK1,0
IRF1,RPAP1,0
IRF8,RHOT1,0
EBF1,CASP3,0
FOXO1,GFI1B,0
CBX7,WDR73,0
IRF1,ZFP467,0
RAD51,SATB1,0
BMI1,SOX18,0
IRF1,PUS7,0
BMI1,CACFD1,0
RAD51,RNF145,0
HCFC1,TSPO2,0
ESR1,PROCR,0
RPA2,APLP2,0
MEF2C,SPPL2B,0
RAD51,ZFP110,0
MEF2C,IARS2,0
RPA1,FAM45A,0
FOXO1,ICE1,0
EBF1,TMEM176A,0
STAT3,KLHL23,0
KDM6A,SGPP1,0
FOS,RANBP3,0
IRF1,CSTF2,0
KDM6A,OAT,0
NR4A1,HDAC11,0
HCFC1,TM7SF3,0
ELF4,ADD2,0
IRF1,ATP1B2,0
FOS,TOM1L1,0
RPA1,CTPS,0
RPA1,NUDCD1,0
RPA2,COQ8A,0
BMI1,PLAG1,0
NFAT5,CHCHD10,0
WDR5,CTLA2A,0
IRF8,DDX58,0
NOTCH1,FUCA2,0
RPA2,HCLS1,0
FOXO1,PGR,0
FOXO1,ADD2,0
EBF1,CD93,0
KDM6A,ESAM,0
GFI1B,UMPS,0
NFAT5,CTSC,0
ESR1,GFI1B,0
MEIS1,ANXA4,0
NFAT5,ITFG1,0
CBX7,NCAPG,0
NR4A1,GATA1,0
IRF8,MIOS,0
EBF1,VKORC1L1,0
GFI1B,NEDD1,0
KDM6A,NFATC1,0
RPA1,CTSC,0
IRF8,PDK3,0
RPA1,NARFL,0
NFAT5,NXPE2,0
RAD51,PHACTR2,0
RPA1,RASAL3,0
MEF2C,TMEM164,0
RPA1,IARS2,0
FOXO1,H2-DMB1,0
IRF8,GSTM5,0
GFI1B,ATP1B2,0
RAD51,GPKOW,0
RPA1,HSD3B7,0
GFI1B,RPAP1,0
NFAT5,SERPINB6B,0
ELF4,ANK,0
RAD51,UAP1L1,0
IRF1,ANXA5,0
RPA2,PLCB2,0
IRF1,PFKM,0
RPA2,SLC35A1,0
RPA2,UAP1,0
RPA1,SPNS2,0
RPA2,PUS7,0
NFAT5,TIE1,0
FOS,CSAD,0
EBF1,JUN,0
IRF8,SOX6,0
KDM6A,XK,0
NOTCH1,SATB1,0
MEF2C,RAI14,0
MEF2C,PTGS1,0
RAD51,SOX6,0
HCFC1,GATA2,0
FOXO1,GCNT2,0
NR4A1,UMPS,0
EBF1,MAD2L1,0
NFAT5,MAPKAPK3,0
KDM6A,LYZ2,0
IRF1,ANXA6,0
RPA2,WDR55,0
MEIS1,GIMAP5,0
GFI1B,CD9,0
IRF1,TMEM176A,0
IRF1,CYB5R1,0
GFI1B,TMEM168,0
RPA2,BCAP29,0
RPA2,VHL,0
IRF1,LIMD2,0
RPA2,RHOT1,0
BMI1,TLE2,0
RAD51,G6PDX,0
RPA2,WDR36,0
IRF1,LAP3,0
CBX7,BLVRB,0
RPA1,CORO1A,0
MEF2C,TTLL12,0
FOS,NFE2L2,0
EBF1,PLEK,0
IRF1,TRIB3,0
EBF1,CCNA2,0
GATA2,TMEM177,0
MEF2C,CD48,0
NFAT5,ZFP35,0
NFAT5,SETD2,0
NR4A1,AK3,0
SATB1,RHOF,0
NOTCH1,TRPS1,0
NOTCH1,HDAC11,0
EBF1,SLC43A3,0
BMI1,CLN5,0
NFAT5,CLPX,0
RPA2,CSRP3,0
SPI1,HLF,0
MEIS1,BATF2,0
NFAT5,ANKRD27,0
KDM6A,SLC25A46,0
MEF2C,FLOT2,0
MEF2C,TUBGCP5,0
EBF1,PHACTR2,0
FOS,SPPL2B,0
NOTCH1,BAG2,0
MEF2C,IKZF2,0
CBX7,GSS,0
EBF1,RNF19A,0
KDM6A,SEPT6,0
RPA2,MYCN,0
NR4A1,RDH11,0
NFAT5,CLPTM1L,0
BMI1,TACC3,0
GFI1B,TRIM47,0
NFAT5,ZFP467,0
IRF1,PPARGC1A,0
IRF8,MFN2,0
GATA2,NCOA6,0
RPA1,ANXA6,0
RPA1,SERPINB9,0
MEF2C,ETS1,0
HCFC1,TRPS1,0
RPA2,ANKLE1,0
IRF8,GTF2F1,0
FOXO1,GTF2F1,0
GFI1B,KLF3,0
FOXO1,TREML2,0
KDM6A,CTLA2B,0
EBF1,USP25,0
CBX7,ADGRL4,0
NOTCH1,KIF22,0
RPA1,FBXW5,0
WDR5,TMEM56,0
MEF2C,NARF,0
CBFB,PBX1,0
IKZF1,NR3C2,0
RPA2,ATP2A3,0
RPA2,ODC1,0
RAD51,MYO1G,0
RPA2,CMPK2,0
BMI1,CISH,0
JUN,TCN2,0
RPA1,SNX10,0
IRF8,UBA3,0
RPA2,SSX2IP,0
RPA2,RNF213,0
MEF2C,DDX58,0
RPA2,TMEM168,0
RPA2,GYPA,0
IRF1,WDR5,0
GATA2,CCNB1,0
NFAT5,DTL,0
IRF1,COQ8A,0
BMI1,MCM5,0
RPA2,TSPAN33,0
NOTCH1,TTF1,0
RAD51,NPTN,0
KDM6A,CES2G,0
MEF2C,COA5,0
RAD51,KIF20B,0
IRF1,HNF4A,0
KDM6A,IRF5,0
FOXO1,NCAPG,0
FOS,FADS1,0
RAD51,NDOR1,0
EBF1,DDHD2,0
RAD51,UCKL1,0
RPA2,GOLT1B,0
GFI1B,ZFP945,0
EBF1,DOCK2,0
NFAT5,PKM,0
RPA2,EIF1AD,0
MEF2C,LCP1,0
RPA1,GTF2E1,0
FOS,FLOT2,0
SATB1,PHETA2,0
RPA2,E2F6,0
IRF1,NEURL3,0
FOXO1,BIRC5,0
CBX7,WARS,0
IRF8,UROS,0
NR4A1,RAB32,0
RAD51,MAD2L1,0
GFI1B,CKAP5,0
RAD51,WDR73,0
NFAT5,PHETA2,0
FOS,WDR6,0
KDM6A,GYPC,0
NFAT5,MYO1D,0
NFAT5,EBI3,0
WDR5,XK,0
CBX7,ODC1,0
CBX7,TMEM129,0
MEF2C,ANXA2,0
MEIS1,PIK3IP1,0
MEF2C,HARS2,0
KDM6A,RPAP1,0
RPA1,MMRN1,0
KDM6A,IFI203,0
BMI1,VDR,0
NFAT5,D230025D16RIK,0
RPA1,MTO1,0
CBX7,ZKSCAN17,0
BMI1,ID2,0
GFI1B,AK3,0
GFI1,PDZK1IP1,0
FOS,SPNS2,0
KDM6A,SLC30A6,0
IRF8,SERPINB1A,0
NR4A1,SDHAF2,0
NR4A1,D230025D16RIK,0
GFI1B,MFN2,0
RPA1,TRMT6,0
RPA2,ENPP4,0
WDR5,CTNNA1,0
BMI1,KAT7,0
FOXO1,PHACTR2,0
ETS1,PDK3,0
NR4A1,EPAS1,0
NFAT5,PQLC3,0
BMI1,VPS11,0
RAD51,MTHFD1,0
ELF4,SESN1,0
BMI1,RGS2,0
ELF4,HEXA,0
MEF2C,CDK19,0
KDM6A,RGS19,0
NFAT5,MCM7,0
SATB1,SUN1,0
GATA2,PTGS1,0
WDR5,NUPR1,0
IRF1,PHAX,0
IRF8,PRKAR2B,0
IRF8,DPH2,0
NOTCH1,TSHZ3,0
BMI1,PNO1,0
IRF8,BTRC,0
RAD51,TAF1,0
NOTCH1,ARHGAP4,0
KDM6A,P2RY14,0
ESR1,DOCK2,0
IRF8,MEMO1,0
NFAT5,WDR6,0
FOXO1,CHCHD10,0
BMI1,WDHD1,0
EBF1,ATP7B,0
IRF1,HEXA,0
MEF2C,GRAMD1A,0
EBF1,DCP1A,0
SATB1,SCARF1,0
RAD51,HCLS1,0
IRF1,QARS,0
IRF1,PDCL,0
BMI1,FAM76B,0
MEF2C,CHP1,0
HCFC1,SERPINF1,0
RAD51,PGLYRP2,0
CBX7,GFI1B,0
RPA2,NIT1,0
CBX7,KAT7,0
SATB1,ERLIN1,0
HCFC1,CHCHD10,0
RAD51,STX12,0
BMI1,MRPL37,0
NFAT5,PROCR,0
KDM6A,LDHB,0
IRF8,GARS,0
KDM6A,PRKCQ,0
BMI1,NUDT19,0
NFAT5,KIF20B,0
NR4A1,HNRNPAB,0
MEIS1,MAN2A2,0
RAD51,LZTS1,0
NR4A1,NUDCD1,0
NFAT5,ARMT1,0
FOXO1,BUB3,0
MEF2C,MMRN1,0
KDM6A,GUSB,0
BMI1,DPP8,0
NR4A1,ZFP30,0
GFI1B,MINPP1,0
MEF2C,SLC39A10,0
ELF4,TLK1,0
NR4A1,CCNB1,0
RPA2,SPIRE1,0
RAD51,CCNA2,0
RAD51,WDR6,0
NFAT5,RPAP1,0
RAD51,ZFP35,0
RAD51,GIMAP1,0
GATA2,CBX7,0
RAD51,IARS,0
SPI1,KEL,0
CBFB,MMRN1,0
NFAT5,SGPL1,0
MEF2C,B230219D22RIK,0
NOTCH1,2610301B20RIK,0
FOXO1,ZFP655,0
IRF8,IPO4,0
RAD51,RCSD1,0
GATA2,ANK,0
GFI1B,MUC13,0
RAD51,CLPTM1L,0
CBX7,HNF4A,0
MEF2C,NUP155,0
NR4A1,ZMYM3,0
RAD51,ADAMTS10,0
EBF1,TCF19,0
NR4A1,ZFP871,0
NR4A1,NT5DC1,0
MEF2C,LANCL2,0
EBF1,DCAF13,0
IRF8,INCENP,0
RPA2,IL15,0
CBX7,UBR1,0
GFI1,CHCHD10,0
NFAT5,WDR73,0
IRF1,ZFP451,0
RAD51,E2F6,0
IRF1,SCRN3,0
MEF2C,PRSS50,0
ETS1,HDAC9,0
BMI1,EXOC3,0
BMI1,MYC,0
IRF1,APOE,0
EBF1,PQLC3,0
RPA2,CDT1,0
EBF1,NDN,0
NOTCH1,STEAP3,0
MEF2C,MTAP,0
FOXO1,ITFG1,0
RPA1,GOLT1B,0
HCFC1,SDSL,0
IRF1,VPS41,0
ETS1,RUNX2,0
GFI1B,SERPINF1,0
NFAT5,WDR36,0
NOTCH1,NUPR1,0
IRF1,ERMAP,0
IRF8,IDH3A,0
EBF1,JAK3,0
BMI1,NR2C1,0
KDM6A,DUSP2,0
NFAT5,CUL3,0
EBF1,RHOT1,0
FOS,ASB8,0
EBF1,RAD21,0
RAD51,ZKSCAN3,0
NR4A1,PEAR1,0
NOTCH1,RUNX1T1,0
NR4A1,IFT140,0
IRF8,PPP2R1B,0
EBF1,WDR75,0
EBF1,RPRD1B,0
KDM6A,DCTD,0
KDM6A,MT1,0
CBX7,ADO,0
FOXO1,MCM5,0
FOXO1,ZSCAN21,0
KDM6A,TOM1L1,0
IRF1,USP10,0
RAD51,CPT1A,0
NFAT5,NEK9,0
FOS,WDR4,0
IRF1,NDUFV1,0
BMI1,PSMD6,0
ELF4,HDAC11,0
RPA1,HMGB2,0
NFAT5,CTSO,0
FOS,GRINA,0
IRF8,ALDH1A1,0
IRF8,PLXNC1,0
NR4A1,CHORDC1,0
CBX7,PDZK1IP1,0
BMI1,CASP3,0
RPA1,IFI44,0
RPA2,TMEM164,0
NFAT5,ARHGEF6,0
MEF2C,SERPINA3G,0
SATB1,SALL2,0
RPA2,ZFP322A,0
SATB1,TOM1L1,0
NFAT5,ERLIN2,0
BMI1,NARF,0
MEF2C,NUP85,0
MEF2C,TMEM177,0
IRF8,NXPE2,0
CBX7,BUB1B,0
IRF1,ARID3B,0
MEF2C,TSPO2,0
BMI1,ICA1,0
NFAT5,TMEM68,0
NOTCH1,NIT1,0
RPA1,VAV1,0
MEF2C,RUVBL2,0
EBF1,HARS,0
FOXO1,PSEN1,0
CBX7,RAI14,0
EBF1,PRDM16,0
SATB1,CORO1A,0
GFI1B,CNP,0
NR4A1,DENND1C,0
NR4A1,ASNS,0
FOXO1,STXBP4,0
CBX7,INPP1,0
RPA1,TIMM50,0
IRF1,HELLS,0
GFI1B,SALL2,0
EBF1,EXT2,0
RPA1,SLC35A1,0
WDR5,CNN2,0
FOXO1,STARD10,0
MEF2C,GUSB,0
NOTCH1,NAA50,0
NR4A1,CAR1,0
JUN,CHCHD10,0
NOTCH1,DEK,0
RPA1,NCAPG,0
CBX7,ERCC8,0
FOXO1,PCCA,0
ELF4,DRAM2,0
CBX7,CERS5,0
HCFC1,ANK,0
RAD51,MARCH6,0
EBF1,RMND5B,0
NFAT5,ALDH1A1,0
IRF1,AFG3L2,0
NFAT5,TMEM129,0
FOS,RAD21,0
IKZF1,RUNX2,0
IRF1,MTO1,0
GFI1B,EMB,0
RPA1,GBP2,0
IRF8,SLC11A2,0
GFI1,MMRN1,0
MEIS1,SASH3,0
HCFC1,CD34,0
MEF2C,C330018D20RIK,0
ELF4,RAB31,0
RPA2,KIF22,0
NOTCH1,D1ERTD622E,0
IRF1,ZFP639,0
EBF1,GNB4,0
RPA2,RARB,0
RPA1,UBR7,0
RAD51,PHB2,0
ESR1,LZTS1,0
GFI1B,ABI1,0
EBF1,AQP9,0
MEF2C,ANKRD27,0
CBFB,CD34,0
CBX7,STT3B,0
RAD51,TIE1,0
GFI1B,RNASE6,0
BMI1,TMEM206,0
RAD51,WDR4,0
MEF2C,ZFP930,0
RPA2,PHETA2,0
NR4A1,ZBTB10,0
IRF1,SLC20A1,0
RPA2,TAF1,0
BMI1,TUBGCP3,0
FOS,DDX58,0
MEF2C,STARD10,0
IRF8,ADO,0
NFAT5,FAM168B,0
IRF1,MXD3,0
IRF8,PCP4L1,0
IRF8,ANK,0
FOXO1,ATL2,0
NR4A1,PTGS1,0
RPA1,TCN2,0
FOS,UBASH3A,0
FOXO1,EDC3,0
JUN,IKZF2,0
NOTCH1,IKZF1,0
MEF2C,MKI67,0
NFAT5,CYTH3,0
NOTCH1,ADGRG3,0
BMI1,ITGA6,0
IRF1,DOK2,0
GFI1B,GMCL1,0
FOXO1,AQP9,0
CBX7,DHX33,0
BMI1,CHMP7,0
JUN,TLE2,0
IRF8,PRIM1,0
NFAT5,SQLE,0
RAD51,SVIP,0
BMI1,ANKFY1,0
FOXO1,RABGGTB,0
RPA1,GOLPH3,0
RAD51,COPS8,0
GFI1B,ICE1,0
FOXO1,MEIS1,0
GFI1B,NR3C2,0
EBF1,CSTF2,0
NFAT5,VPS41,0
NFAT5,FAR1,0
NOTCH1,ZKSCAN3,0
GFI1B,UBL4A,0
RAD51,RNF115,0
RPA2,STOM,0
NFAT5,LDHB,0
RPA2,GATM,0
IRF1,ID2,0
GFI1,SP100,0
RPA2,ATP1B2,0
CBX7,TRIM30A,0
EBF1,GMNN,0
NFAT5,CUL4A,0
IRF1,ALAD,0
SATB1,INKA1,0
FOS,CBFB,0
FOXO1,TTF1,0
MEF2C,SALL2,0
RPA2,NUP85,0
RAD51,FNTA,0
RAD51,INTS8,0
RPA1,EMILIN1,0
FOXO1,HMBS,0
ELF4,SPHK1,0
RPA2,PSMF1,0
FOXO1,CASP1,0
HDAC2,PRSS50,0
RPA2,DECR1,0
RPA1,EPAS1,0
WDR5,CTLA2B,0
BMI1,ATP13A1,0
CBX7,SMC2,0
GFI1B,2610301B20RIK,0
EBF1,CTLA2A,0
IRF8,HMMR,0
CBX7,ABCB8,0
MEIS1,MYL10,0
EBF1,FADS1,0
RPA1,BIRC5,0
MEF2C,FADS1,0
MEF2C,SLC11A2,0
EBF1,USP10,0
ELF4,TSHZ3,0
NFAT5,AQP9,0
BMI1,ADD2,0
CBFB,MAPK12,0
MEIS1,OASL2,0
NOTCH1,KLHL23,0
RPA1,ISYNA1,0
NFAT5,HEATR5A,0
BMI1,REL,0
SATB1,MMRN1,0
FOXO1,PLAC8,0
WDR5,FLOT2,0
RPA1,CD74,0
MEIS1,MYCN,0
RAD51,UNK,0
SPI1,TNFRSF13B,0
RPA2,ZMYM3,0
HCFC1,AQP9,0
RPA1,TRIM59,0
CBX7,ITFG1,0
FOXO1,SMIM5,0
GFI1B,RHD,0
IRF8,ESYT2,0
ESR1,GPR171,0
MEF2C,SLC29A1,0
RAD51,ELOVL1,0
MEF2C,RFC4,0
BMI1,NUP88,0
KDM6A,EIF4ENIF1,0
RAD51,SLC25A45,0
IRF8,PCLAF,0
GFI1B,ZKSCAN17,0
NOTCH1,TXNRD2,0
MEF2C,OSTM1,0
NOTCH1,LYZ2,0
IRF1,ATG16L1,0
BMI1,PTDSS2,0
IKZF1,SCARF1,0
RPA1,DIS3L2,0
MEF2C,NDC1,0
RAD51,SEC23IP,0
NR4A1,SPPL2B,0
NOTCH1,ICA1,0
IRF1,4833439L19RIK,0
SATB1,ZFP266,0
RPA2,NFIA,0
IKZF1,KRT18,0
RPA2,DPH2,0
ELF4,GLIS2,0
KDM6A,TLR4,0
RPA1,FGFR1OP,0
RAD51,SUN1,0
FOS,PHF10,0
RAD51,POLR1B,0
GATA2,CELA1,0
EBF1,CPT1A,0
CBX7,NOL9,0
FOXO1,RNASEL,0
IRF1,PRIM1,0
IRF1,SLC39A10,0
IKZF1,GNG11,0
NOTCH1,VIM,0
ELF4,CES2G,0
CBFB,LY6A,0
FOS,MFN2,0
IRF8,EMILIN2,0
NOTCH1,METTL7A1,0
NFAT5,TMEM97,0
NOTCH1,METTL27,0
EBF1,LCP2,0
BMI1,THUMPD1,0
FOS,PRIM1,0
NR4A1,NECAP2,0
IRF1,GSTM5,0
NFAT5,REL,0
FOXO1,SASH3,0
IRF1,TVP23B,0
CBX7,PICALM,0
RAD51,GM2A,0
GFI1,AQP9,0
MEF2C,TARS,0
IRF8,ACAP1,0
GFI1B,RRM2,0
KDM6A,ERCC8,0
NOTCH1,IFI44,0
IRF8,APLP2,0
RPA2,AMPD3,0
IRF1,CCDC137,0
NFAT5,COPB2,0
IRF8,PIK3R2,0
HCFC1,IKZF1,0
FOS,IKZF2,0
IRF8,NCOA6,0
FOS,HEMGN,0
NR4A1,PCLAF,0
CBFB,TBXAS1,0
SATB1,IL21R,0
NR4A1,RAD21,0
FOS,NT5DC1,0
CBX7,HNRNPAB,0
GFI1B,FBXW5,0
KDM6A,CAMK1,0
EBF1,GARS,0
NFAT5,CITED4,0
BMI1,NCOA6,0
NFAT5,PRIM1,0
ELF4,KEL,0
MEF2C,EPDR1,0
RPA1,IPO4,0
CBX7,ORC6,0
FOXO1,NIT1,0
NFAT5,FEM1B,0
MEIS1,IFITM1,0
IRF1,SESN1,0
RAD51,NFAT5,0
SATB1,CTLA2B,0
IRF1,CRIP2,0
IRF1,CLDN13,0
FOXO1,ARAP1,0
GFI1B,SCARF1,0
BMI1,CNOT7,0
ETS1,PROCR,0
NFAT5,CASP3,0
MEF2C,SLC30A5,0
SATB1,AP1B1,0
NFAT5,ZBTB43,0
WDR5,ADGRL4,0
RAD51,SLA,0
CBX7,PKLR,0
MEF2C,MIEF1,0
IRF1,CD74,0
CBX7,TSPAN3,0
RPA1,EPS15,0
IRF8,MRM1,0
MEF2C,RANGAP1,0
FOXO1,PDCL,0
CBX7,BLZF1,0
IRF8,RORA,0
IRF8,PWP1,0
SATB1,SLC19A1,0
IRF1,E2F8,0
FOS,RNF19A,0
WDR5,RNF213,0
NFAT5,ICE1,0
NFAT5,METAP1D,0
RPA2,PLEC,0
ELF4,GATA1,0
NFAT5,NGLY1,0
RPA1,SGPL1,0
RPA2,TMC6,0
FOXO1,NAPSA,0
ESR1,CASP1,0
JUN,PLPPR3,0
FOXO1,TOPORS,0
MEIS1,YBX3,0
NFAT5,MAVS,0
NFAT5,KNSTRN,0
NFAT5,DCP1A,0
FOXO1,SSX2IP,0
IRF1,KLF1,0
FOS,DPH6,0
ELF4,TMEM64,0
CBX7,ZFP961,0
RPA1,SLC18A2,0
RPA1,PDK3,0
KDM6A,NDE1,0
RAD51,HMMR,0
FOS,PDK3,0
BMI1,UAP1,0
NOTCH1,GATA2,0
NFAT5,ADSSL1,0
ETS1,SLA,0
NFAT5,ACOX1,0
MEF2C,USP4,0
RPA2,RRM1,0
WDR5,RORA,0
GFI1B,B230219D22RIK,0
SATB1,ISYNA1,0
RPA1,C1QTNF12,0
RPA2,ME2,0
FOS,RNASEL,0
BMI1,GOLPH3,0
RPA1,SCARB1,0
BMI1,CKAP2,0
RPA1,NAMPT,0
ETS1,ESAM,0
SATB1,ST3GAL6,0
EBF1,SPPL2B,0
RPA1,ALAD,0
RAD51,JARID2,0
NR4A1,TERF2IP,0
FOXO1,MARS,0
IRF1,CYTH4,0
BMI1,CD84,0
NR4A1,FECH,0
GFI1B,MMRN1,0
CBX7,SLC44A2,0
STAT3,LYZ2,0
IRF1,NFIA,0
IRF1,CD93,0
RPA1,ZFP592,0
IRF8,JAK3,0
NFAT5,NOL9,0
RPA1,BCAP29,0
BMI1,ACAA2,0
NFAT5,SLA,0
EBF1,TIMM29,0
NR4A1,NSD2,0
IRF1,SLC6A6,0
RPA2,SMAD2,0
NOTCH1,PDZK1IP1,0
BMI1,SEH1L,0
MEF2C,AFAP1L1,0
IRF1,TEAD2,0
BMI1,SMIM15,0
CBX7,ZFP266,0
RAD51,TMEM185A,0
MEIS1,DCTD,0
BMI1,MAD2L1,0
RPA2,ITFG1,0
RPA2,SCFD1,0
GATA2,UBA5,0
CBX7,MFSD14B,0
EBF1,P2RX4,0
WDR5,BMI1,0
BMI1,COPB1,0
NFAT5,CHORDC1,0
RPA2,MINPP1,0
CBX7,NADK,0
FOXO1,LMO4,0
MEF2C,IRF1,0
RAD51,RGS19,0
CBFB,H2-OB,0
FOXO1,RRM1,0
RAD51,CRYZL2,0
NFAT5,CNIH1,0
FOXO1,TMEM263,0
KDM6A,YPEL3,0
RPA1,VPS11,0
IRF1,TMEM186,0
EBF1,ARL8B,0
IRF1,BCLAF3,0
WDR5,GLIPR2,0
NR4A1,FTSJ1,0
CBX7,PCYT2,0
MEF2C,TAF1,0
WDR5,PPM1H,0
CBX7,LSP1,0
RAD51,CRNKL1,0
BMI1,SPC25,0
RAD51,RFESD,0
RPA1,NCEH1,0
FOXO1,PLCB2,0
BMI1,PIGQ,0
EBF1,UBAC1,0
FOXO1,CDCA4,0
NFAT5,PCYT1A,0
RAD51,CCNE2,0
NFAT5,GSS,0
RPA1,HACD4,0
RAD51,NCLN,0
BMI1,TMEM164,0
RPA2,LRRC14,0
NFAT5,ST3GAL5,0
RPA2,UBAP1,0
CBX7,SLC38A5,0
BMI1,DEK,0
RPA2,PBX1,0
GFI1B,ATP2A3,0
RPA1,UBASH3A,0
RPA1,RASSF5,0
MEIS1,MKI67,0
CBFB,EPDR1,0
IRF1,MCM6,0
ETS1,LYZ2,0
GFI1B,IPO4,0
NFAT5,VILL,0
STAT3,PROCR,0
SATB1,SIGIRR,0
FOS,TIE1,0
SATB1,PGR,0
RPA1,PEAR1,0
IRF1,HSD3B7,0
BMI1,FAM168B,0
MEIS1,HDAC9,0
NFAT5,HELLS,0
EBF1,UCKL1,0
FOS,TAF12,0
FOXO1,TMEM56,0
FOXO1,GYPC,0
RAD51,POGLUT1,0
CBFB,SLC22A3,0
RAD51,RANGAP1,0
HCFC1,TEAD2,0
EBF1,LIG1,0
NFAT5,RPA1,0
MEF2C,PRDM16,0
RPA2,CBFB,0
CBX7,MAD2L1,0
NFAT5,VPS11,0
RAD51,HDAC9,0
RPA2,NIF3L1,0
EBF1,DUS1L,0
FOS,PUS7,0
NOTCH1,RB1,0
RPA2,ZFP30,0
BMI1,VPS35,0
BMI1,WDR55,0
RPA2,TLR4,0
FOXO1,AMPD3,0
WDR5,GNG11,0
CBFB,IL15,0
FOXO1,GMPR,0
NOTCH1,KNSTRN,0
CBX7,PCLAF,0
EBF1,HNRNPLL,0
STAT3,YOD1,0
IRF1,NCAPH,0
RPA2,GEMIN5,0
IRF1,CYTIP,0
MEIS1,TIMM50,0
WDR5,TMEM164,0
SATB1,EBI3,0
MEF2C,NCOA6,0
EBF1,OSTM1,0
FOS,WDR5,0
KDM6A,TRIB2,0
CBX7,KPNA3,0
IRF1,CEP70,0
IRF1,GOLPH3,0
BMI1,ACAP1,0
RAD51,NFKBIA,0
GFI1B,OASL2,0
NR4A1,RANBP3,0
IKZF1,TSHZ3,0
ELF4,LPCAT1,0
RPA1,ANXA1,0
RAD51,MFSD2B,0
NFAT5,IFI204,0
GFI1B,FAAP100,0
BMI1,GYG,0
NFAT5,SLC35A1,0
RPA1,UBA3,0
RAD21,EMILIN1,0
NOTCH1,MGST3,0
NR4A1,HEXA,0
CBX7,SGO1,0
CBX7,ATP6V1A,0
EBF1,NUP93,0
GFI1B,CHAMP1,0
FOXO1,GOSR2,0
GFI1,GIMAP6,0
NOTCH1,MUC13,0
FOS,MFSD14B,0
CBX7,GTF2H1,0
RPA1,ACSS1,0
FOXO1,GOLT1B,0
FOXO1,SERPINA3G,0
RPA2,CDC20,0
IRF1,UBR1,0
KDM6A,RNF213,0
RAD51,VAMP3,0
IRF1,ARHGAP4,0
EBF1,ST6GALNAC4,0
FOS,ST3GAL5,0
RPA2,SGPP1,0
CBX7,LYRM4,0
IKZF1,SMIM5,0
RAD51,ERLIN1,0
GATA2,TRIM47,0
RPA1,TBC1D10C,0
BMI1,COA5,0
IRF1,AFAP1L1,0
IRF8,ZFP266,0
MEF2C,LIG1,0
IRF8,CDT1,0
IRF8,TFR2,0
GFI1,MPL,0
BMI1,VPS33B,0
NR4A1,HIST1H1C,0
RPA2,BAG2,0
IRF8,GSS,0
MEF2C,SLC25A45,0
SATB1,EBF1,0
KDM6A,PML,0
STAT3,TNFRSF13B,0
RAD51,CRIP2,0
EBF1,RAI14,0
MEF2C,VPS11,0
GATA2,CD74,0
FOXO1,POGLUT1,0
RPA1,ZFP961,0
GFI1B,TTF2,0
IRF1,FEM1A,0
BMI1,GBP2,0
IRF8,ANKLE1,0
NFAT5,KDM6A,0
IRF8,RARS,0
RPA2,ABCB10,0
FOXO1,PPARGC1A,0
MEF2C,ABI1,0
NR4A1,SPHK1,0
KDM6A,PIDD1,0
NOTCH1,FOS,0
RPA1,AFG3L2,0
RAD51,SPPL2B,0
NR4A1,CDK1,0
CBX7,E2F4,0
IRF1,FECH,0
MEF2C,STXBP3,0
BMI1,PPP2R1B,0
NFAT5,D10WSU102E,0
KDM6A,PROCR,0
MEF2C,UBA7,0
RAD51,BLVRB,0
FOXO1,FLOT2,0
KDM6A,CTNNA1,0
RAD51,MAPK12,0
IRF1,MINPP1,0
FOXO1,ANXA1,0
BMI1,TMC6,0
NFAT5,NDN,0
FOS,NFATC2,0
CBX7,WDR55,0
RPA2,STEAP3,0
EBF1,DOK2,0
STAT3,ADGRL4,0
IRF1,MAVS,0
NR4A1,PPARGC1A,0
SATB1,CREB5,0
IRF1,NUDT4,0
RPA2,ILVBL,0
GFI1B,TMEM177,0
RAD51,NOLC1,0
RAD51,BAP1,0
RPA1,TPP1,0
NFAT5,TOLLIP,0
SATB1,CAR1,0
RPA2,CENPE,0
WDR5,SGPP1,0
CBX7,KIF11,0
GFI1B,EIF4ENIF1,0
CBX7,SLA2,0
MEF2C,ACSS2,0
BMI1,ZFP24,0
NFAT5,SLC19A1,0
NOTCH1,LSP1,0
RPA1,PICALM,0
RPA2,HMMR,0
IRF1,EBI3,0
EBF1,ALG11,0
RPA2,H1F0,0
RAD51,DPH6,0
NOTCH1,SP100,0
RPA2,PSEN1,0
RPA1,SLC30A5,0
EBF1,FTSJ3,0
ELF4,PCCA,0
ETS1,GMPR,0
KDM6A,INKA1,0
SATB1,TIFA,0
FOS,PPARGC1A,0
MEF2C,PRDM4,0
NOTCH1,CCNE2,0
IRF1,TSPO2,0
IRF1,PCLAF,0
NFAT5,PWP1,0
IRF1,B230219D22RIK,0
CBX7,IL27RA,0
RPA2,CDC7,0
MEF2C,CYB5R3,0
NFAT5,CEPT1,0
EBF1,TMEM185A,0
RAD51,LYZ2,0
KDM6A,ANXA1,0
FOXO1,CCNB2,0
NR4A1,BUB3,0
RPA2,CREB5,0
NR4A1,SASH3,0
BMI1,EFTUD2,0
RPA1,WDR45B,0
FOXO1,ABI1,0
FOXO1,BTAF1,0
NOTCH1,FAM91A1,0
MEF2C,PFKM,0
IRF8,PPM1H,0
EBF1,GCLC,0
FOXO1,IFI44,0
KDM6A,SPIRE1,0
FOS,BCAP29,0
HDAC2,CAR1,0
GFI1B,GLIPR2,0
FOS,RUNX1T1,0
ELF4,ITGA6,0
WDR5,AK3,0
NOTCH1,PWP2,0
CBX7,GMNN,0
CBX7,TIMM29,0
RAD51,METTL7A1,0
IRF1,IARS2,0
NR4A1,CCNF,0
RPA2,DCAF11,0
IRF1,ATP6AP1,0
CBX7,CHMP3,0
IRF1,UGCG,0
IRF8,SLC16A1,0
IRF8,LZTS1,0
CBX7,TBC1D10C,0
FOXO1,MGST3,0
CBX7,MARCH6,0
MEF2C,RASSF5,0
IRF1,PCP4L1,0
EBF1,RRM2,0
IRF8,SCRN3,0
NR4A1,LLGL1,0
RPA1,PKLR,0
SATB1,KEL,0
NFAT5,IPO4,0
CBX7,WDR4,0
MEF2C,SMIM1,0
NFAT5,SNX10,0
NR4A1,SMAD2,0
FOXO1,XPNPEP1,0
MEF2C,CENPA,0
MYC,SLC18A2,0
IRF8,MBOAT2,0
FOXO1,ILVBL,0
IRF1,C330018D20RIK,0
SATB1,TRIM47,0
EBF1,WLS,0
GATA2,ALAD,0
MEF2C,RGCC,0
MEF2C,PPIL4,0
RAD51,TEAD2,0
FOXO1,ZFP930,0
HDAC2,RHD,0
RAD51,IRF1,0
RPA2,GRAMD1A,0
KDM6A,NFKBIA,0
GFI1B,MKI67,0
RPA1,MEIS1,0
KDM6A,RARS,0
CBFB,VWA5A,0
IRF8,RELB,0
NR4A1,LIMD2,0
BMI1,SMARCA2,0
NR4A1,LY6A,0
NOTCH1,CTSO,0
IRF1,ZFP143,0
BMI1,ATG12,0
KDM6A,TMEM97,0
EBF1,ETF1,0
IRF1,UBR7,0
GFI1B,GATA2,0
ELF4,NXPE2,0
RPA2,MYO1G,0
MEF2C,NFAT5,0
NR4A1,ZFP367,0
RAD51,SLC40A1,0
RPA2,UBR1,0
BMI1,OPTN,0
IRF1,WDSUB1,0
FOXO1,GSTM1,0
FOS,IKZF1,0
IRF8,GRINA,0
RAD51,TBC1D15,0
SATB1,2210016F16RIK,0
MEF2C,GRN,0
RAD51,TSC22D3,0
BMI1,TCN2,0
NOTCH1,ZFP672,0
IRF8,NUP88,0
NOTCH1,G6PDX,0
RAD21,IKZF2,0
NR4A1,STX17,0
RPA1,ATAD2,0
MEF2C,E2F8,0
IRF8,HERC4,0
RAD51,ZFP945,0
ELF4,TLE2,0
NR4A1,ST3GAL5,0
FOXO1,VPS35,0
RPA1,PTCD3,0
NR4A1,GPSM2,0
CBX7,DIS3L2,0
GFI1B,MTO1,0
RAD51,TSPAN3,0
BMI1,MOGS,0
NFAT5,ATAD2,0
RAD51,GSR,0
MEIS1,MCM10,0
EBF1,MEF2C,0
STAT3,NFIA,0
RPA1,FEM1A,0
FOXO1,INTS8,0
BMI1,TMEM263,0
IKZF1,SDSL,0
BMI1,IRF1,0
FOXO1,SPPL2A,0
RAD51,MYCN,0
SATB1,PPARGC1A,0
NR4A1,ADGRG3,0
BMI1,KLF1,0
IRF1,EPAS1,0
RPA2,GTF2H1,0
SATB1,CTNNA1,0
WDR5,CTTN,0
EBF1,SELENBP1,0
GFI1B,MRM1,0
BMI1,ATP11C,0
IRF8,HPN,0
HCFC1,BATF2,0
BMI1,PLXNC1,0
ETS1,MYCN,0
IRF8,ABCF3,0
MEF2C,FAR1,0
MEF2C,TBCD,0
RPA2,HNRNPLL,0
NFAT5,TWSG1,0
KDM6A,ZFP961,0
MEF2C,TOM1L1,0
RPA1,OPTN,0
MEIS1,CD34,0
FOXO1,SPTBN1,0
RPA2,GYPC,0
RPA2,CAPN7,0
RPA2,APEH,0
BMI1,PWP2,0
RAD51,TFR2,0
NR4A1,SOX6,0
MEF2C,PPAT,0
RAD51,CREB5,0
MEIS1,ADD2,0
NFAT5,SMIM5,0
KDM6A,MFSD2B,0
EBF1,METTL27,0
CBX7,IFT140,0
RPA2,SMIM15,0
NFAT5,BAG2,0
IRF1,ZFP30,0
RAD51,FAM45A,0
NFAT5,ANAPC4,0
IRF1,FAM168B,0
NFAT5,ZFP961,0
GFI1,ERMAP,0
GFI1B,SUPT7L,0
EBF1,PDZK1IP1,0
SPI1,TLE2,0
IRF1,POLA2,0
EBF1,CEPT1,0
STAT3,PTGS1,0
MEIS1,HEXA,0
CBX7,NSD2,0
RPA2,FARSB,0
BMI1,ADGRG3,0
IRF1,HAUS2,0
RPA1,NGLY1,0
IRF8,ZFP24,0
CBX7,JPT2,0
WDR5,ANXA6,0
RAD51,KLHL22,0
MEF2C,METTL7A1,0
MEIS1,PRDM16,0
NFAT5,PRPF4,0
IRF1,PAFAH1B2,0
NOTCH1,DECR1,0
WDR5,SOX6,0
NFAT5,SHCBP1,0
MEF2C,NUP88,0
NOTCH1,GMNN,0
IRF1,SMC2,0
BMI1,DDX20,0
NFAT5,TLR4,0
MEF2C,METTL8,0
CBX7,METAP1,0
IRF8,LONP1,0
CBX7,TSPAN33,0
ETS1,IFITM1,0
SATB1,TMEM176A,0
ETS1,F11R,0
GFI1B,DCAF11,0
NOTCH1,TUBGCP5,0
RAD51,CCDC137,0
MEF2C,SAMD14,0
FOS,TNFRSF13B,0
GFI1B,NSMAF,0
JUN,ERMAP,0
NR4A1,TASP1,0
MEIS1,C330018D20RIK,0
FOXO1,PQLC1,0
FOXO1,TENT5A,0
BMI1,2210016F16RIK,0
EBF1,TBC1D10C,0
RAD51,PDCL,0
FOXO1,SALL2,0
KDM6A,RCSD1,0
NOTCH1,ST8SIA4,0
EBF1,MRPL37,0
EBF1,FGFR1OP,0
STAT3,ST6GALNAC4,0
FOXO1,EMB,0
HCFC1,LZTS1,0
NFAT5,ABCG2,0
RAD51,USP8,0
HCFC1,GNG11,0
IRF8,PKLR,0
NFAT5,CLIC4,0
RAD51,AFAP1L1,0
NFAT5,PRKAB1,0
RAD51,CDK1,0
NFAT5,RRM1,0
MEIS1,MYCT1,0
FOXO1,CRYZL2,0
ELF4,DDHD2,0
FOXO1,SNCA,0
RAD51,AFG3L2,0
MEIS1,SLC14A1,0
NOTCH1,TCN2,0
RPA2,B230219D22RIK,0
RAD51,ADD2,0
BMI1,NUP85,0
JUN,CLDN13,0
RAD51,POLE3,0
RAD51,ZSCAN21,0
GFI1B,ELOVL1,0
WDR5,GLIS2,0
FOXO1,PLEK,0
IRF1,UNK,0
GFI1B,UBASH3A,0
CBX7,SRSF1,0
MEF2C,VPS33A,0
ELF4,BTK,0
RPA2,SERPINF1,0
BMI1,RRM2,0
EBF1,PACS1,0
RPA1,MIS18BP1,0
IRF8,NR4A1,0
FOXO1,DDX58,0
RPA1,ZFP143,0
RPA2,IFI44,0
NFAT5,NELFB,0
RPA2,STARD10,0
FOXO1,TTF2,0
RPA1,ARID3B,0
NR4A1,ZFP639,0
MEF2C,BUB1B,0
KDM6A,PQLC3,0
KDM6A,MCTP1,0
EBF1,SLC43A1,0
FOS,JARID2,0
NOTCH1,MXD3,0
RPA2,SLC25A45,0
FOS,GLIPR2,0
EBF1,TERF2IP,0
NOTCH1,ENDOD1,0
IRF1,TOLLIP,0
GATA2,GLIPR2,0
EBF1,RNF141,0
FOXO1,RFC4,0
NR4A1,MNS1,0
IRF8,9430015G10RIK,0
HCFC1,SOX18,0
RPA2,NCAPH,0
IRF1,ITFG1,0
BMI1,MFN2,0
RPA2,NADK,0
FOXO1,HSD3B7,0
NFAT5,AFF4,0
RPA1,PLD3,0
MEIS1,UBA7,0
ELF4,LY6A,0
RAD21,MYL10,0
MEF2C,ENPP4,0
NOTCH1,SLC25A45,0
SPI1,ESAM,0
CBX7,PLAA,0
MEF2C,UROS,0
BMI1,TMEM177,0
FOXO1,CLN5,0
MEF2C,BYSL,0
GFI1B,ORC6,0
FOS,SLC43A1,0
ESR1,MFNG,0
RPA2,NEDD1,0
RPA1,RCOR1,0
MEF2C,MAD2L1,0
GFI1,HEMGN,0
FOXO1,BATF2,0
GFI1,HDAC9,0
FOS,XPC,0
CBX7,XPR1,0
MEF2C,SEH1L,0
NOTCH1,GNA13,0
RAD51,MAN1A,0
EBF1,PRIM1,0
MEF2C,FAM136A,0
RPA1,REL,0
RAD21,MMRN1,0
NFAT5,LCP2,0
IRF1,CTLA2A,0
GFI1B,DOK2,0
RAD51,PCYT1A,0
NR4A1,CTSO,0
CBX7,GOLT1B,0
IRF8,TMEM168,0
EBF1,CRNKL1,0
RAD51,NSMAF,0
NFAT5,NDEL1,0
RAD51,SGO1,0
BMI1,UAP1L1,0
RAD51,CENPF,0
NOTCH1,TMC6,0
IRF1,CHAMP1,0
EBF1,XPC,0
SATB1,EYA1,0
WDR5,TMEM176A,0
RAD51,GTF2H1,0
MEF2C,CDCA8,0
RPA2,NDOR1,0
RPA2,ZFP275,0
BMI1,ALDH9A1,0
GFI1B,ZBTB20,0
WDR5,ANK,0
IRF1,PGM1,0
RPA2,NCEH1,0
BMI1,PFKM,0
JUN,EPOR,0
NR4A1,SLC31A1,0
ESR1,RASAL3,0
RPA2,TAF12,0
MEF2C,WDR36,0
IRF1,GPR171,0
MEF2C,HARS,0
GFI1,ALDH1A1,0
FOXO1,CITED4,0
SATB1,USP25,0
CBX7,HDAC11,0
MEF2C,NARFL,0
CBX7,PDK3,0
FOXO1,SPRYD4,0
ELF4,GRINA,0
RPA2,TNFAIP2,0
NR4A1,TGM2,0
RPA1,TRPV2,0
RAD51,NARFL,0
BMI1,AQP1,0
NOTCH1,ASB8,0
IRF1,SGTA,0
RAD51,APLP2,0
MEF2C,LAP3,0
FOS,TRIB3,0
GFI1B,CIPC,0
MEIS1,RORC,0
MEF2C,MCM2,0
NFAT5,NUDT19,0
IRF1,HERC4,0
IRF1,ODC1,0
NFAT5,RMND5A,0
NR4A1,GOLPH3,0
MEF2C,PLCB2,0
BMI1,LEPROT,0
MEIS1,PLAC8,0
MEF2C,SLC39A9,0
CBX7,FTSJ1,0
EBF1,IKZF2,0
RAD51,TRIM47,0
IRF8,CUL2,0
BMI1,ARL8B,0
MEF2C,PPOX,0
FOS,CRBN,0
NFAT5,ZFP397,0
RPA2,MIEF1,0
NOTCH1,RUNX2,0
NOTCH1,IKZF2,0
IRF1,RGCC,0
RPA1,JPT2,0
RAD51,PPIC,0
RPA1,DOCK2,0
RAD51,ABCG2,0
RAD51,PBX1,0
RAD51,MAVS,0
GFI1B,CLIC4,0
BMI1,RCSD1,0
FOXO1,ZFP592,0
IRF8,UBL4A,0
NFAT5,VDR,0
RPA2,CLDN13,0
FOXO1,CASP4,0
CBX7,NPTN,0
NFAT5,COG6,0
RPA1,PWP2,0
NOTCH1,CAST,0
FOXO1,SLC41A3,0
CBX7,SLC14A1,0
RPA1,GOLM1,0
CBX7,STX12,0
NFAT5,MFN2,0
GATA2,TK1,0
JUN,KLF1,0
NFAT5,DNPEP,0
JUN,MYB,0
FOXO1,METAP1D,0
RPA2,CLIC4,0
FOXO1,NEURL3,0
EBF1,MED16,0
CBFB,RHD,0
GFI1B,ANKLE1,0
FOS,GNG11,0
NR4A1,BC005561,0
RPA2,MGST3,0
RPA2,XPC,0
EBF1,ALG9,0
EBF1,NEURL3,0
HCFC1,MAPK12,0
RPA2,MKI67,0
BMI1,CYTH3,0
RAD51,LYRM4,0
NR4A1,GPR171,0
GFI1B,PTGS1,0
RPA2,CRK,0
GFI1B,E2F6,0
IRF8,TMUB2,0
RPA1,FAM76B,0
FOXO1,RAI14,0
NFAT5,RDH11,0
CBX7,CTLA2B,0
IRF8,MFGE8,0
GFI1B,ST6GALNAC4,0
RPA2,RAB37,0
FOS,ANKFY1,0
BMI1,HCFC1,0
RPA2,NSMAF,0
FOXO1,VHL,0
MEF2C,NUPR1,0
KDM6A,NOTCH1,0
RPA2,CHMP3,0
FOXO1,FNTA,0
RPA1,TBCD,0
IRF1,CD55,0
IRF1,AURKA,0
FOXO1,DECR1,0
MEF2C,ZFP467,0
KDM6A,CASP3,0
CBFB,CD74,0
BMI1,GYPC,0
IRF1,STEAP3,0
KDM6A,ABHD16A,0
NFAT5,TOP2A,0
RAD51,CRK,0
MYC,NSD2,0
ELF4,FAAP100,0
FOXO1,SPI1,0
EBF1,MCM4,0
NR4A1,CD48,0
RAD51,DPH2,0
KDM6A,SATB1,0
RPA1,CDCA4,0
IRF1,TFG,0
RAD51,RRM2,0
GFI1B,HDAC9,0
BMI1,TMEM186,0
IRF1,VAV1,0
NOTCH1,ZFP266,0
MEF2C,BUB3,0
RPA1,NUP85,0
MEIS1,GBP2,0
BMI1,PRPF4,0
IRF1,CPT2,0
SATB1,ZFP961,0
EBF1,GPR180,0
IRF1,SLC39A9,0
BMI1,RUVBL2,0
EBF1,D10WSU102E,0
BMI1,TTF1,0
IRF8,FAR1,0
RAD51,ARL6IP6,0
RPA2,PTPN12,0
BMI1,METTL8,0
RPA2,TRIB2,0
FOS,EMB,0
RAD51,ANXA1,0
RAD51,TOP2A,0
RPA1,SETD2,0
CBX7,GM2A,0
SATB1,PQLC3,0
IRF8,SLA2,0
MEF2C,ZKSCAN17,0
RAD51,USP4,0
KDM6A,SOX18,0
ETS1,SIGIRR,0
IRF1,ANXA4,0
KDM6A,CRYZL2,0
RAD51,HEXA,0
MEF2C,COG7,0
BMI1,ISYNA1,0
FOXO1,DCAF4,0
SATB1,RAB32,0
RPA1,CKS1B,0
NOTCH1,IFITM1,0
RAD51,RHOF,0
RAD51,TOLLIP,0
NR4A1,STOM,0
FOXO1,ZFP322A,0
CBX7,CCNF,0
ELF4,FLOT2,0
NR4A1,SERPINF1,0
NFAT5,GNB4,0
MEF2C,LTB,0
IRF1,EDC3,0
NR4A1,IL15,0
NFAT5,LRRC14,0
MEF2C,PJA2,0
IRF8,SLC19A1,0
NOTCH1,EPSTI1,0
IRF1,CACFD1,0
MEF2C,ITFG1,0
MEF2C,UBXN2B,0
ELF4,MTFR1,0
BMI1,SATB1,0
IRF8,SMAD2,0
MEF2C,ZDHHC6,0
EBF1,ZFP322A,0
RAD51,CUL2,0
RPA1,RMND5A,0
MEF2C,SCRN3,0
RPA2,CALU,0
MEIS1,RNF213,0
EBF1,PWP2,0
IRF1,METAP1D,0
BMI1,NFE2L2,0
RPA1,MIEF1,0
NOTCH1,TERF2IP,0
BMI1,TAPT1,0
RPA1,PLIN3,0
IKZF1,IKZF2,0
BMI1,SVIP,0
FOXO1,CSRP3,0
FOXO1,PLPPR3,0
MEF2C,RB1,0
GATA2,ACAP1,0
RPA2,KLHL24,0
RPA1,CTLA2B,0
BMI1,SUPT7L,0
CBX7,CDC45,0
CBX7,MPL,0
CBX7,HNRNPLL,0
IRF8,WDR45B,0
GFI1,LZTS1,0
RPA2,MBOAT2,0
JUN,LTB,0
IRF8,CDC20,0
NR4A1,CNP,0
RAD51,PCYT2,0
FOXO1,FADS1,0
MEF2C,ASAH1,0
NR4A1,PPAT,0
EBF1,EFTUD2,0
ELF4,TMEM168,0
BMI1,NAPSA,0
EBF1,PGM1,0
RPA1,LZTS1,0
IRF8,USP4,0
IRF8,VDR,0
BMI1,NOTCH1,0
CBX7,ST3GAL5,0
KDM6A,CD34,0
NFAT5,ISG20,0
RPA2,TRPV2,0
RAD51,F11R,0
IRF1,PRDM4,0
NFAT5,GRINA,0
NOTCH1,TREML2,0
BMI1,IFI204,0
IRF8,ATG12,0
NOTCH1,YOD1,0
CBX7,LLGL1,0
MEF2C,EPAS1,0
RPA2,DHX33,0
FOXO1,EYA2,0
FOS,SMC2,0
CBX7,SLC6A6,0
NFAT5,TRPV2,0
GATA2,NSD2,0
MEF2C,CDC6,0
NOTCH1,CASP1,0
CBX7,CDC7,0
FOXO1,RNF19A,0
HDAC2,SLC38A5,0
RAD51,DENND2D,0
RAD51,RASSF5,0
RAD21,LZTS1,0
RAD51,PSTPIP1,0
CBX7,NIT1,0
GFI1B,KLHL22,0
RAD51,CNN2,0
RAD51,CAR1,0
NOTCH1,STARD10,0
SATB1,STX17,0
FOS,MAPK12,0
JUN,CNN2,0
RPA2,GMNN,0
FOS,PLAC8,0
SATB1,NASP,0
FOXO1,TM7SF3,0
WDR5,MT2,0
IRF8,LDAH,0
IRF8,RHOF,0
GFI1B,FNTA,0
RPA2,TTLL12,0
NR4A1,GATA2,0
RPA2,GFM1,0
CBX7,SEC23IP,0
RAD51,CALCRL,0
MEF2C,TMEM206,0
BMI1,FAM234B,0
RPA2,POGLUT1,0
FOXO1,GLIPR2,0
RAD51,CASP3,0
GFI1B,DECR1,0
BMI1,MTFR1,0
FOXO1,PITRM1,0
KDM6A,LTB,0
NFAT5,CPT1A,0
MEF2C,TMEM186,0
MEF2C,GTF3C3,0
EBF1,RDH11,0
IRF8,RAD21,0
RPA2,WARS,0
MEF2C,MTREX,0
IRF8,ERCC8,0
ELF4,CKAP5,0
JUN,MYCT1,0
FOXO1,ZFP871,0
RPA1,AHCTF1,0
CBFB,IRF5,0
BMI1,TRPV2,0
NR4A1,TRIM47,0
BMI1,XAB2,0
RPA2,CTLA2A,0
RPA2,PRDM5,0
FOXO1,USF3,0
RAD51,KLHL23,0
BMI1,MIS12,0
GFI1,H2-OB,0
BMI1,PPOX,0
FOS,PSEN1,0
IRF1,PIP4K2A,0
RAD51,LCP1,0
MEF2C,CHORDC1,0
IRF1,HEMGN,0
EBF1,ZZZ3,0
RPA1,FASTKD2,0
MEF2C,ZDHHC13,0
FOS,THUMPD1,0
NFAT5,TM7SF3,0
FOXO1,KEL,0
KDM6A,IL21R,0
RPA2,MAVS,0
IRF8,CRBN,0
MEF2C,CSTF2,0
BMI1,TMUB2,0
FOS,SPTBN1,0
MEIS1,CARHSP1,0
MEIS1,NSMAF,0
CBFB,PGR,0
IRF1,TTF2,0
KDM6A,SQOR,0
GFI1,PLCB2,0
WDR5,SMIM5,0
BMI1,D230025D16RIK,0
NFAT5,ELAC2,0
MEF2C,PWP2,0
RAD51,NDUFV1,0
BMI1,MYCT1,0
GFI1B,CLDN13,0
RPA1,DCAF4,0
WDR5,PHETA2,0
NFAT5,UNC93B1,0
FOXO1,C1QTNF12,0
RPA2,MOGS,0
FOXO1,TMEM185A,0
FOS,ERMAP,0
STAT3,BTK,0
IRF8,ELL2,0
RPA2,PIP4K2A,0
GFI1B,TFR2,0
KDM6A,MARCH6,0
FOXO1,PLXNC1,0
RPA1,WDR75,0
RPA2,SQOR,0
RPA2,CTTN,0
MEF2C,MTHFD1,0
ESR1,SASH3,0
SATB1,THUMPD1,0
EBF1,CBX7,0
KDM6A,CCNB1,0
CBX7,SPPL2A,0
NOTCH1,SPIRE1,0
GFI1,TFR2,0
GATA2,SLC22A3,0
IRF8,TFRC,0
RPA1,KIF22,0
MEF2C,TOP2A,0
NR4A1,CENPK,0
FOXO1,TUBGCP3,0
GFI1B,SOX18,0
IKZF1,TANGO2,0
GFI1B,TOPORS,0
RPA1,CCNE2,0
BMI1,SLC39A10,0
RPA1,CDK19,0
IRF8,NCAPH,0
RPA1,MPL,0
MEF2C,P2RX4,0
CBX7,FUCA2,0
MEF2C,WARS,0
SATB1,NOTCH1,0
RAD51,PICALM,0
MEF2C,SRSF1,0
STAT3,SMIM5,0
RPA2,ZFP467,0
MEF2C,FARSB,0
GFI1B,EIF1AD,0
IRF8,TARS,0
RPA2,SLC40A1,0
HCFC1,TRIM47,0
RAD51,EZR,0
IRF1,NADK,0
NOTCH1,GNPDA1,0
MEIS1,APEH,0
MEF2C,BTG2,0
BMI1,PHAX,0
IKZF1,PRDM16,0
NOTCH1,LCP2,0
BMI1,NEURL3,0
RPA1,MYNN,0
IKZF1,HOXA9,0
CBX7,LTB,0
MEF2C,ZFP451,0
KDM6A,MAPKAPK3,0
BMI1,SLC41A3,0
RPA1,ZFP35,0
NR4A1,ZFP275,0
WDR5,OASL2,0
FOXO1,RGS19,0
IRF8,AFF4,0
RPA1,MCM3,0
IRF8,GOLT1B,0
FOXO1,COPG1,0
RPA2,MFNG,0
BMI1,CDT1,0
KDM6A,CYP20A1,0
RAD51,MARCH5,0
RPA2,USP4,0
KDM6A,THRB,0
KDM6A,OPTN,0
RPA1,EXT2,0
EBF1,BAP1,0
FOXO1,GYG,0
IRF8,RUNX2,0
IRF8,SLC40A1,0
ELF4,CTLA2A,0
HDAC2,GNB4,0
RAD51,LCP2,0
GATA2,TGM2,0
RPA2,POLA2,0
NFAT5,TOM1L1,0
BMI1,OAT,0
RPA2,CUL4A,0
FOS,USP4,0
NFAT5,CCNB1,0
RPA2,MT2,0
RAD51,AP1G2,0
RPA2,SQLE,0
RPA1,EZR,0
FOXO1,1700017B05RIK,0
RAD51,PWP1,0
BMI1,GMCL1,0
RPA2,POLD1,0
FOXO1,WARS,0
RAD51,INPP5B,0
IRF1,TBXAS1,0
IRF1,UBL4A,0
EBF1,XRCC5,0
CBX7,ATAD1,0
RPA1,ABCF3,0
CBX7,GTF2E1,0
IRF1,AQP9,0
MEIS1,GYPA,0
NR4A1,RNASEL,0
CBX7,AAR2,0
RAD51,TCF12,0
RAD51,STOM,0
RAD51,NXPE2,0
IRF8,SP4,0
NR4A1,CTTN,0
RPA1,WDR6,0
IRF8,CITED4,0
RPA2,RNF19A,0
IRF1,PLCB2,0
BMI1,TMEM168,0
IRF1,MYB,0
RPA1,STK25,0
RAD51,PTPN12,0
WDR5,CPT1A,0
HCFC1,PADI4,0
FOS,ARHGEF6,0
CBFB,PCP4L1,0
BMI1,GEMIN5,0
IRF8,REL,0
KDM6A,ST6GALNAC4,0
BMI1,CDCA5,0
WDR5,PPIC,0
IRF1,ADGRG3,0
IRF1,CCNF,0
GFI1B,CCDC137,0
BMI1,HDAC2,0
MEF2C,DUSP2,0
NOTCH1,SERPINA3G,0
STAT3,ARID3B,0
BMI1,UBA5,0
RAD51,PITPNB,0
EBF1,GANAB,0
NR4A1,ALDH9A1,0
EBF1,UGCG,0
RPA1,VPS41,0
CBFB,HNF4A,0
KDM6A,GATA2,0
MEF2C,MAPK1,0
IRF1,LZTS1,0
CBX7,USP10,0
CBX7,GIMAP1,0
FOXO1,PDK3,0
FOXO1,USP4,0
NR4A1,FAM91A1,0
RPA1,TOPORS,0
IRF1,SPNS2,0
GATA2,1700017B05RIK,0
CBX7,TNFRSF13B,0
RAD51,UBXN2B,0
NFAT5,GLIPR2,0
IRF8,GM2A,0
RPA1,SVIP,0
IRF1,NDRG1,0
KDM6A,CD1D1,0
RPA1,PTGS1,0
BMI1,PACS1,0
RPA1,PSAT1,0
BMI1,TMEM97,0
GATA2,RTP4,0
EBF1,NCEH1,0
NOTCH1,SLC41A3,0
IRF8,VILL,0
ELF4,RCSD1,0
BMI1,DNAJC10,0
KDM6A,TUBGCP5,0
RAD51,PBK,0
RPA2,PWP1,0
GFI1B,IARS2,0
NFAT5,RAI14,0
SATB1,TSPO2,0
RPA1,DDX58,0
IRF1,WDR73,0
KDM6A,KLF1,0
KDM6A,GSTM1,0
RAD51,ARHGAP15,0
RPA2,ABCG2,0
MEF2C,UNK,0
MEF2C,CLDN13,0
RPA1,NFKBIA,0
MEF2C,ZFP367,0
MEF2C,PITPNB,0
FOXO1,DCTD,0
IRF8,SEC23IP,0
MEIS1,PADI4,0
RAD51,PSMF1,0
BMI1,HERC4,0
FOXO1,FES,0
RPA1,ZDHHC6,0
RAD51,SPO11,0
IRF8,NUDT9,0
BMI1,NR4A1,0
IRF8,CD34,0
BMI1,KIF22,0
CBX7,PRIM2,0
MEIS1,CLDN13,0
MEF2C,DOCK2,0
STAT3,PLPPR3,0
NFAT5,GARS,0
ELF4,EYA2,0
NOTCH1,APBB1,0
RAD51,TANGO2,0
RAD51,NAPSA,0
NR4A1,LZTS1,0
RPA2,TTF1,0
IRF8,LZTR1,0
BMI1,GSKIP,0
CBX7,LPCAT1,0
RAD51,NET1,0
RPA2,LPCAT3,0
IRF8,ISYNA1,0
WDR5,IFITM1,0
RAD51,PKLR,0
SATB1,SNAP23,0
RAD51,RRM1,0
MEF2C,CYP20A1,0
RPA2,DUS1L,0
RPA1,CLDN13,0
SATB1,ZFP36,0
BMI1,TNFAIP2,0
RPA1,SPI1,0
CBX7,WDR36,0
MEF2C,IFI203,0
RAD51,XPNPEP1,0
FOXO1,RUNX1T1,0
IRF8,E2F6,0
GATA2,ASNS,0
RPA2,SHCBP1,0
RPA1,FOS,0
RPA1,ORC6,0
NOTCH1,USP25,0
EBF1,GMFB,0
MEIS1,JAK3,0
KDM6A,ZBTB20,0
BMI1,DECR1,0
RAD51,SLC6A6,0
GFI1,ARID3B,0
MEF2C,IPO9,0
KDM6A,LPCAT3,0
EBF1,PHETA2,0
GFI1B,SMIM15,0
MEF2C,HDAC11,0
WDR5,PKLR,0
RPA2,TIE1,0
NFAT5,GPSM2,0
IRF8,ABI1,0
FOXO1,SCFD1,0
IRF1,OAT,0
NFAT5,PACSIN2,0
NFAT5,KIDINS220,0
RPA2,MAPK1,0
RPA2,FAM45A,0
BMI1,CUL4A,0
ETS1,PRDM16,0
NOTCH1,TIFA,0
FOXO1,TRMT6,0
RPA1,CUL3,0
KDM6A,ZFP275,0
FOXO1,PTGS1,0
CBX7,FAM76B,0
NOTCH1,SMIM15,0
RPA1,SLC14A1,0
RPA1,HSPH1,0
KDM6A,APEH,0
GFI1B,SQOR,0
EBF1,INKA1,0
IRF8,ZFP639,0
RPA1,LDHB,0
FOXO1,STT3B,0
RAD51,QARS,0
RPA2,USP25,0
RAD51,PLPPR3,0
MEF2C,SP4,0
RPA2,CNIH1,0
RPA2,ZFP871,0
RPA2,ATP6V1A,0
NOTCH1,SLC43A1,0
SATB1,VHL,0
FOXO1,NCOA6,0
RAD51,SPPL2A,0
GATA2,TSPAN3,0
RPA2,HSPH1,0
ELF4,E2F6,0
RPA1,RNASE6,0
JUN,XK,0
MEF2C,GIMAP6,0
MEF2C,RPRD1B,0
MEIS1,ZFP467,0
ELF4,GPR171,0
NFAT5,ALG9,0
IRF1,SNAPC3,0
RAD51,NUBP2,0
STAT3,GMPR,0
FOXO1,USP25,0
FOXO1,NPLOC4,0
FOXO1,CISH,0
IRF1,GM2A,0
NFAT5,HNF4A,0
ESR1,ALKBH8,0
NFAT5,PFKM,0
WDR5,IFI44,0
GATA2,USP25,0
FOXO1,NUDT4,0
IRF1,CENPF,0
EBF1,PNO1,0
NFAT5,MAU2,0
MEF2C,EBF1,0
MEIS1,CNN2,0
CBX7,PTCD3,0
IRF1,EXOC3,0
RPA1,TOP2A,0
FOXO1,VPS11,0
FOS,PRDM16,0
FOXO1,YOD1,0
MEF2C,TES,0
KDM6A,STEAP3,0
KDM6A,NEURL3,0
MEF2C,USP10,0
RPA2,FUCA2,0
GATA2,RORC,0
NFAT5,CSGALNACT2,0
HCFC1,EMB,0
RAD51,SNAPC3,0
RPA1,PLIN2,0
NR4A1,CAD,0
NFAT5,ELOVL1,0
BMI1,IKZF2,0
RAD51,ID2,0
IRF1,PJA2,0
NR4A1,RAB31,0
MEF2C,PLXNC1,0
CBX7,PHETA2,0
RPA1,E2F8,0
SATB1,RHD,0
NOTCH1,PEAR1,0
KDM6A,FAM45A,0
NOTCH1,TMX1,0
RPA2,NAE1,0
STAT3,PADI4,0
BMI1,AFAP1L1,0
RPA1,MTREX,0
RPA2,RRM2,0
FOS,GFI1,0
RPA1,ABCG2,0
KDM6A,TTF1,0
RPA2,ALAD,0
NOTCH1,CRYZL2,0
IRF1,NOL9,0
BMI1,GCLC,0
NFAT5,RAB32,0
GATA2,YBX3,0
IRF1,KIF11,0
NR4A1,YOD1,0
IRF8,SMIM5,0
GFI1B,ASNS,0
EBF1,PRPS2,0
BMI1,SNAPC3,0
MEF2C,PRPS1,0
KDM6A,CTTN,0
MEF2C,HCLS1,0
NFAT5,VAV1,0
MEF2C,TBL3,0
BMI1,KLHL6,0
MEF2C,TPX2,0
NFAT5,WDSUB1,0
GFI1B,ABCD3,0
IRF8,ADSSL1,0
BMI1,SELENOP,0
RPA1,POLA2,0
ELF4,IKZF2,0
RAD51,GOLM1,0
IRF8,EYA1,0
FOXO1,UBAC1,0
RPA2,UBA5,0
RPA1,SUN1,0
GFI1B,UHRF1,0
STAT3,ANKRD27,0
NOTCH1,GPR171,0
IRF1,THUMPD1,0
SATB1,CELA1,0
NOTCH1,SLC14A1,0
RPA2,CKAP5,0
FOXO1,DOCK2,0
SATB1,TEAD3,0
IRF1,CALU,0
IRF1,ARHGAP15,0
RAD51,TARS,0
GFI1B,TSHZ3,0
BMI1,DCAF11,0
GFI1B,TM7SF3,0
EBF1,POLR1B,0
NFAT5,DEK,0
NOTCH1,XRCC5,0
RPA2,PRPS1,0
CBX7,CKAP2L,0
EBF1,PTCD3,0
RPA1,TUBGCP3,0
KDM6A,FES,0
MEF2C,TRMT6,0
BMI1,ABCF3,0
FOXO1,ADAMTS10,0
RPA1,WDR55,0
NFAT5,GTF2H1,0
WDR5,PCP4L1,0
RPA2,DUSP2,0
BMI1,HDAC11,0
NFAT5,TRPS1,0
EBF1,POLE3,0
EBF1,SLA,0
FOXO1,RFC5,0
RAD51,DOCK2,0
IRF1,ELL2,0
RPA1,ELP2,0
EBF1,ELP3,0
NOTCH1,TMEM185A,0
KDM6A,TOR3A,0
RAD51,MT1,0
ESR1,CD93,0
GFI1B,TBC1D15,0
RAD51,MCM5,0
KDM6A,AFAP1L1,0
CBX7,VAV1,0
NFAT5,SPTLC1,0
ELF4,IL27RA,0
RPA2,RELB,0
ETS1,EMILIN1,0
MEF2C,ARAP1,0
GFI1B,BTG2,0
RAD51,ETF1,0
IRF8,TTF2,0
NFAT5,POT1A,0
CBX7,EXOC2,0
MEF2C,SMIM5,0
NFAT5,ABCB10,0
RPA1,CENPA,0
GFI1,HCLS1,0
RPA1,ST8SIA4,0
KDM6A,IARS,0
MEF2C,MAVS,0
BMI1,ADK,0
KDM6A,ZFP592,0
CBX7,MYL10,0
EBF1,TMEM186,0
FOXO1,NUPR1,0
KDM6A,GFI1B,0
CBX7,CRYZL2,0
RPA1,BYSL,0
MEF2C,GNB4,0
NR4A1,EYA2,0
IRF1,D1ERTD622E,0
MYC,TLE2,0
RAD51,NUDCD3,0
MEF2C,SPIRE1,0
MEF2C,RPA1,0
NFAT5,DCAF4,0
FOXO1,NAE1,0
GFI1B,ZFP275,0
IRF8,RUNX1T1,0
FOXO1,RHAG,0
BMI1,FLOT2,0
IRF8,FPGS,0
NFAT5,ISYNA1,0
ELF4,HEATR5A,0
RAD51,TMEM97,0
EBF1,DPH2,0
BMI1,MKI67,0
FOXO1,JAK3,0
CBX7,HACD4,0
ELF4,PTDSS2,0
FOXO1,CYB5R3,0
IRF8,EYA2,0
RPA2,MEIS1,0
MYC,SERPINB6B,0
EBF1,ZFP672,0
CBX7,USP8,0
JUN,THUMPD1,0
GATA2,RNASE6,0
RAD51,ARHGEF6,0
EBF1,H2-OB,0
NOTCH1,MCM7,0
EBF1,METTL8,0
MEIS1,CENPF,0
IRF1,PSMD6,0
SATB1,GMPR,0
IRF1,PLCG2,0
RAD51,TRIM30A,0
RPA2,ABCF3,0
GATA2,POLA2,0
RPA2,EZR,0
BMI1,ETF1,0
ELF4,MTREX,0
EBF1,TUBGCP5,0
IRF1,SNAP23,0
GFI1B,NOTCH1,0
ETS1,C1QTNF12,0
NFAT5,PLD3,0
MYC,SP100,0
FOXO1,IRF6,0
NFAT5,WDR55,0
GFI1B,FAM91A1,0
IRF8,NUSAP1,0
WDR5,APOE,0
KDM6A,D1ERTD622E,0
MEF2C,KLHL6,0
GATA2,DYNLT3,0
CBX7,BCLAF3,0
IRF1,ADGRL4,0
NFAT5,PGM1,0
GFI1B,F11R,0
FOXO1,SLC38A5,0
RAD51,YOD1,0
NFAT5,EMILIN1,0
STAT3,HEBP1,0
IRF8,ETS1,0
NR4A1,CTR9,0
RPA1,SRSF1,0
BMI1,FOXO1,0
NR4A1,TIPIN,0
RAD51,MTO1,0
IRF8,STXBP1,0
FOS,ASNS,0
RPA2,NSD2,0
RPA1,TIFA,0
MEF2C,PLK1,0
IKZF1,RUNX1T1,0
MEF2C,NFIA,0
FOXO1,MIOS,0
IRF1,FOXO1,0
MEF2C,GFI1B,0
IRF8,ZFP451,0
RPA1,CPQ,0
KDM6A,ATP2A3,0
SATB1,ATP1B2,0
KDM6A,IKZF2,0
RPA1,PRKAA1,0
HCFC1,SLC18A2,0
KDM6A,BAG2,0
RPA1,ABI1,0
HCFC1,PSTPIP1,0
BMI1,SERPINB6B,0
ELF4,JARID2,0
MEF2C,FES,0
EBF1,PRKCQ,0
EBF1,PPIL4,0
RAD51,COLGALT1,0
RPA1,XRCC5,0
RPA2,ETS1,0
CBX7,PDCL,0
ETS1,NCOA6,0
IRF8,NPLOC4,0
NR4A1,P2RX4,0
BMI1,PRPS1,0
IRF8,PAFAH1B2,0
RAD51,IARS2,0
ETS1,APBB1,0
WDR5,ARHGEF6,0
IRF1,MTREX,0
RAD51,ACAA2,0
ELF4,CSGALNACT2,0
MEF2C,ATP13A1,0
RPA2,RDH11,0
MEIS1,TMEM56,0
IRF1,EBF1,0
IRF8,KLF6,0
IRF1,NSD2,0
EBF1,NUP88,0
ELF4,AFAP1L1,0
NR4A1,NIT1,0
IRF8,PGLYRP2,0
NR4A1,ZFP36,0
IKZF1,ADGRL4,0
FOS,NFXL1,0
EBF1,SLC6A6,0
FOXO1,LANCL2,0
BMI1,CNN2,0
RPA1,SASH3,0
GFI1,CTLA2A,0
RAD51,BUB3,0
MEF2C,METAP1D,0
MEF2C,CSAD,0
KDM6A,TCN2,0
HCFC1,EPDR1,0
FOXO1,TPX2,0
MEIS1,SERPINB1A,0
RPA2,VILL,0
EBF1,PPARGC1A,0
RPA1,ETS1,0
NOTCH1,RAD51AP1,0
RAD51,FZR1,0
MEIS1,NSD2,0
FOXO1,PFKM,0
IRF1,PLPPR3,0
GFI1B,UGCG,0
JUN,GLIS2,0
BMI1,EIF4ENIF1,0
NFAT5,DPH6,0
FOXO1,VAV1,0
RAD51,SNX10,0
MEF2C,DNAJC11,0
MEF2C,FAM76B,0
MEF2C,GYPA,0
CBX7,PSEN1,0
GFI1B,ZDHHC13,0
RAD51,VWA5A,0
RPA2,VPS11,0
MEIS1,EMILIN2,0
IRF1,FADS1,0
MEF2C,THUMPD3,0
MEF2C,HDAC2,0
IRF1,ZMYM3,0
NR4A1,JPT2,0
BMI1,POLR2B,0
CBX7,SLC16A1,0
RPA2,CDK1,0
KDM6A,PDK3,0
RPA1,TACC3,0
MEF2C,CLCN4,0
IRF8,2210016F16RIK,0
RAD51,RDH11,0
FOS,SELENOP,0
NFAT5,DCAF13,0
RPA1,PLA2G12A,0
GFI1B,NCOA6,0
ELF4,PRKAA1,0
NFAT5,NFKBIA,0
RPA1,ANXA5,0
KDM6A,ADGRL4,0
MEF2C,TBC1D15,0
EBF1,ZFP639,0
RPA1,ANXA2,0
RPA1,LRRFIP1,0
FOXO1,ARHGEF6,0
FOS,HDAC2,0
SATB1,CD74,0
IRF1,PRELID3B,0
NFAT5,SMIM15,0
RAD51,PKM,0
STAT3,MMRN1,0
JUN,MCTP1,0
IRF1,TIE1,0
NFAT5,SASH3,0
RPA2,CKAP2,0
RPA1,MARCH5,0
EBF1,CNIH1,0
RPA1,CRK,0
IRF1,USP25,0
RPA2,TXNRD2,0
ELF4,ZFP467,0
IRF1,PPP2R1B,0
BMI1,PTCD3,0
GATA2,STXBP1,0
MEIS1,1700017B05RIK,0
NOTCH1,CD93,0
IRF8,INTS8,0
GFI1,NSD2,0
IRF8,GNG11,0
SATB1,CASP4,0
BMI1,USF3,0
CBX7,TMEM186,0
CBX7,PPP6C,0
STAT3,APOE,0
WDR5,ESAM,0
NOTCH1,RAI14,0
RPA1,CASP2,0
RPA1,LLGL1,0
NR4A1,MARCH5,0
SATB1,LZTS1,0
RAD51,TRPV2,0
RPA2,NCAPG2,0
FOXO1,COG7,0
MEF2C,SLC22A3,0
KDM6A,BCAP29,0
RPA1,ATAD1,0
RPA2,TENT5A,0
NFAT5,GSTM5,0
FOXO1,SLA,0
RPA2,ST6GALNAC4,0
NFAT5,INPP1,0
FOXO1,CPT2,0
IRF1,JUN,0
EBF1,HSPA4L,0
RPA1,RGCC,0
CBX7,NAGA,0
CBX7,ORC5,0
MEF2C,CTNNA1,0
RPA1,KLHL6,0
HCFC1,OASL2,0
CBX7,SERPINF1,0
RPA2,SP4,0
RAD51,ASF1B,0
BMI1,TYK2,0
BMI1,KEL,0
WDR5,CD63,0
EBF1,CENPA,0
ELF4,TFR2,0
ELF4,LAPTM4B,0
IRF1,INTS13,0
KDM6A,F11R,0
EBF1,TTF1,0
FOXO1,NFIA,0
MEF2C,FPGS,0
NOTCH1,BC005561,0
CBX7,CD93,0
BMI1,ALKBH8,0
RPA2,H2-DMB1,0
IRF8,RCOR1,0
RAD51,RNASEL,0
EBF1,CTSC,0
IRF1,PSAT1,0
IRF1,DCAF11,0
MEIS1,NDN,0
KDM6A,PRDM5,0
IRF8,SLC43A3,0
RPA2,MBTPS1,0
NOTCH1,UROD,0
FOXO1,PJA2,0
CBX7,ESAM,0
RAD51,BUB1,0
CBX7,TAF1,0
RPA2,TMUB2,0
FOXO1,ITGA6,0
RPA2,PDE4B,0
IKZF1,ESAM,0
RPA1,SGTA,0
NR4A1,PHETA2,0
BMI1,PRELID3B,0
NOTCH1,PHETA2,0
RPA2,TSPAN14,0
KDM6A,NSDHL,0
RPA2,NASP,0
RPA1,TOR3A,0
RPA2,SGO1,0
RPA2,MTFR1,0
IRF8,SASH3,0
SATB1,ANXA2,0
NFAT5,DNAJC10,0
IRF8,NR3C2,0
KDM6A,VILL,0
FOS,PRKCQ,0
NR4A1,XK,0
BMI1,MFSD1,0
NFAT5,CLN5,0
NFAT5,CARHSP1,0
RAD51,GRAMD1A,0
RPA1,GCNT2,0
FOS,ABCD3,0
RPA2,HDAC2,0
RPA1,FKBP1A,0
EBF1,BLZF1,0
RAD51,MSH6,0
ESR1,DENND2D,0
BMI1,GIMAP6,0
KDM6A,SCARB1,0
RAD51,FARSB,0
RPA2,VAMP3,0
CBFB,GATA2,0
CBX7,TACC3,0
RPA2,AFF4,0
RPA2,NR2C1,0
RAD51,TMX1,0
RAD51,ISG20,0
ELF4,SLC43A1,0
RAD51,FOS,0
IRF8,SLC25A21,0
NOTCH1,FARSB,0
CBX7,PWP2,0
GFI1B,SLC29A1,0
NOTCH1,SELENBP1,0
NR4A1,SUPT7L,0
GFI1B,PSTPIP1,0
RPA1,PDE4B,0
EBF1,CENPO,0
RAD51,ATP6AP2,0
FOXO1,FAAP100,0
CBX7,GOLM1,0
FOS,GYPA,0
RAD51,L2HGDH,0
NFAT5,CHP1,0
FOXO1,UMPS,0
CBX7,FTSJ3,0
NR4A1,VDR,0
EBF1,EIF4ENIF1,0
RAD51,RAD21,0
GFI1B,NT5DC1,0
KDM6A,ENDOD1,0
RAD51,TM7SF3,0
CBX7,MTREX,0
STAT3,KLF1,0
RAD51,TMX3,0
RPA1,CKAP5,0
IRF1,GALK2,0
NFAT5,PGLYRP2,0
SPI1,MMRN1,0
GATA2,H2-DMB1,0
MEIS1,RPA2,0
MEF2C,AHCTF1,0
WDR5,BC005561,0
EBF1,WDSUB1,0
BMI1,BCAP29,0
MEIS1,NUDT4,0
BMI1,MBTPS1,0
RPA2,ADGRL4,0
IRF1,PDZK1IP1,0
MEF2C,ST3GAL5,0
RPA1,CRYZL2,0
IRF1,PREP,0
NFAT5,RNF139,0
IRF8,KIDINS220,0
RAD51,MRPL37,0
RPA2,CPT1A,0
IRF8,RMND5B,0
NR4A1,GCNT2,0
RPA1,ZFP110,0
RPA1,CSTF2,0
ELF4,TMEM97,0
NR4A1,CKAP2,0
IRF8,PBK,0
EBF1,9430015G10RIK,0
RPA2,TASP1,0
FOXO1,BCAP29,0
EBF1,PEAR1,0
KDM6A,NFIA,0
NR4A1,CENPF,0
BMI1,XPR1,0
IRF8,PITRM1,0
NFAT5,GTF2E1,0
IRF1,PRPS1,0
RPA2,FNTA,0
FOS,CCNE2,0
IRF1,WDR55,0
NFAT5,RHAG,0
RPA2,TMEM176A,0
BMI1,YPEL3,0
BMI1,SPRYD4,0
STAT3,PRKAA1,0
MEF2C,SP100,0
NR4A1,RCC1,0
RAD51,NDN,0
MEF2C,CISH,0
NFAT5,PIK3R2,0
RPA2,WDR4,0
NR4A1,GSTM1,0
IRF8,GYPA,0
CBX7,DYNLT3,0
ELF4,ELL2,0
IRF8,PRKCH,0
NFAT5,MINPP1,0
NR4A1,FCHSD2,0
RPA2,RNASEL,0
KDM6A,TENT5A,0
KDM6A,SERPINB6B,0
IRF1,ACAP1,0
KDM6A,MEMO1,0
WDR5,KLF1,0
KDM6A,MIOS,0
GFI1B,TMEM164,0
BMI1,RNF213,0
MEF2C,CHAMP1,0
KDM6A,STAP1,0
IRF1,HNRNPAB,0
NFAT5,IARS,0
EBF1,MFN2,0
CBX7,NFE2,0
IRF8,NCAPG2,0
BMI1,NDOR1,0
EBF1,MYC,0
FOS,POLD1,0
KDM6A,USP4,0
RAD51,BIRC5,0
NOTCH1,ABCG2,0
RAD51,UGCG,0
GFI1,SIGIRR,0
IRF1,BUB3,0
RPA1,LSP1,0
ESR1,BTK,0
GFI1B,GMPR,0
NOTCH1,SVIP,0
BMI1,RANGAP1,0
MEF2C,PRKCQ,0
RPA2,ZKSCAN17,0
FOS,PPAT,0
ELF4,JAK3,0
RPA1,CTSO,0
FOXO1,UBA5,0
MEF2C,TYK2,0
MEF2C,AP1G2,0
BMI1,ERCC8,0
MEF2C,PGR,0
BMI1,COLGALT1,0
CBX7,MNDAL,0
CBX7,LZTR1,0
NFAT5,PITRM1,0
MEF2C,PDZK1IP1,0
CBX7,ELF4,0
RPA1,CNN2,0
EBF1,RBPMS,0
MEF2C,CD34,0
KDM6A,ANXA4,0
IRF1,ARL8B,0
FOXO1,PSMD6,0
CBX7,RCC1,0
FOS,PKLR,0
NOTCH1,PPP2R1B,0
JUN,CTLA2A,0
MEIS1,MMRN1,0
RAD51,VKORC1L1,0
RPA2,E2F4,0
RPA2,ASF1B,0
BMI1,TREML2,0
MEF2C,LMO4,0
MEF2C,RFESD,0
HCFC1,PDZK1IP1,0
IRF8,VPS11,0
CBX7,4833439L19RIK,0
MEF2C,PRKAB1,0
FOXO1,KLHL23,0
RPA2,LZTS1,0
NFAT5,RARB,0
NR4A1,ACSS2,0
KDM6A,CCNE2,0
MEF2C,WDR5,0
KDM6A,ZKSCAN6,0
RPA1,XRCC3,0
EBF1,HOXA9,0
GFI1B,RORC,0
RPA1,BTK,0
ELF4,FOXO1,0
EBF1,KEL,0
HCFC1,SLA,0
IRF1,ATP6AP2,0
KDM6A,LAP3,0
IRF1,GNPDA1,0
RPA2,BMI1,0
RAD51,MYCT1,0
KDM6A,DNAJC10,0
EBF1,RABGGTB,0
IRF8,GNPDA1,0
RAD51,RARS,0
IRF8,FNTA,0
RPA2,AURKB,0
MEF2C,ZYX,0
RAD51,MMRN1,0
FOXO1,PSMF1,0
NOTCH1,GBP2,0
WDR5,RARB,0
CBFB,ADGRL4,0
RPA1,TBC1D15,0
KDM6A,CKAP5,0
NOTCH1,IFI203,0
KDM6A,GNB4,0
ESR1,CLDN13,0
IRF1,FIGNL1,0
SATB1,VDR,0
CBX7,GOSR2,0
WDR5,SPHK1,0
IRF1,WDR4,0
GATA2,CD84,0
GFI1B,SOX6,0
MEF2C,FTSJ1,0
IRF8,MAPK9,0
GFI1,RHD,0
BMI1,RUNX1T1,0
MEF2C,IARS,0
CBX7,DPH2,0
WDR5,SIGIRR,0
HCFC1,USP25,0
ELF4,RGS2,0
MEIS1,LDHB,0
RAD51,RGS1,0
NR4A1,TIE1,0
RPA1,NEURL3,0
IRF1,MYO1D,0
FOS,GATA1,0
RAD51,REL,0
FOXO1,ISYNA1,0
NR4A1,APEH,0
CBX7,UTP4,0
CBX7,MFNG,0
NFAT5,TYK2,0
ELF4,GATA2,0
RPA1,SLC7A4,0
CBX7,ASAH1,0
IRF1,GORASP1,0
RPA2,RAD51AP1,0
KDM6A,USP10,0
RAD51,UBL4A,0
EBF1,DCAF4,0
EBF1,TBCD,0
RPA1,TUBGCP2,0
NOTCH1,PLIN2,0
RPA1,ADSSL1,0
RPA2,CHCHD10,0
NOTCH1,SLC22A3,0
MEIS1,KEL,0
NFAT5,CISH,0
GFI1B,CES2G,0
CBX7,EMB,0
SATB1,RAB31,0
BMI1,PDK3,0
NFAT5,NAPSA,0
GFI1B,CAD,0
IRF1,ANKLE1,0
IRF8,LYZ2,0
MEF2C,NUDT4,0
RPA2,ANK,0
MEF2C,KRT18,0
MEIS1,TMEM173,0
NFAT5,SLC7A4,0
MEF2C,NT5DC1,0
EBF1,PGLYRP2,0
NR4A1,MYB,0
RAD51,SPNS2,0
IRF1,ORC2,0
NOTCH1,AQP1,0
ELF4,PRDM16,0
EBF1,MTHFD1,0
RPA1,WDR5,0
SATB1,YOD1,0
RPA2,RNF115,0
KDM6A,TNFRSF13B,0
NFAT5,GYPA,0
CBX7,MFN2,0
RPA1,ZFP275,0
RAD51,ALG11,0
IRF1,DECR1,0
RPA1,PRPF4,0
MEF2C,RARS,0
IRF8,GNA13,0
RPA2,PKLR,0
IRF1,VPS35,0
ESR1,PHETA2,0
IRF8,NSDHL,0
CBX7,HARS,0
IRF8,IPO9,0
MEIS1,ERMAP,0
FOXO1,PCLAF,0
EBF1,ABCB4,0
NR4A1,HMMR,0
RAD51,RNF213,0
NR4A1,UBL4A,0
SATB1,IKZF2,0
FOS,DNAJC5,0
EBF1,UBXN2B,0
IRF1,NR2C1,0
NFAT5,TSHZ3,0
NFAT5,NUP107,0
FOS,KLF1,0
RPA1,CCNF,0
WDR5,NSD2,0
NFAT5,IFI30,0
WDR5,CITED4,0
FOXO1,DUSP1,0
STAT3,TSC22D3,0
SATB1,EMB,0
NFAT5,NFE2L2,0
MEIS1,PRKAA1,0
SATB1,CDCA8,0
IRF1,ZFP672,0
NR4A1,TM7SF3,0
IRF1,ABCB8,0
IRF8,LRRFIP1,0
CBX7,TM7SF3,0
HCFC1,EPAS1,0
ELF4,CD34,0
FOS,LRRC14,0
STAT3,THUMPD1,0
NR4A1,ZBTB20,0
CBX7,SNX10,0
MEIS1,DIS3L2,0
CBX7,KLF3,0
MEF2C,SLC18A2,0
EBF1,NR2C1,0
HDAC2,ESAM,0
RPA1,PLPPR3,0
FOXO1,RNASE6,0
RPA1,RTP4,0
EBF1,SLC18A2,0
STAT3,IFITM1,0
RPA1,MKI67,0
EBF1,PRPS1,0
ELF4,VPS33A,0
BMI1,PTPN12,0
IRF8,PLAG1,0
IRF1,NUSAP1,0
RAD51,EXT2,0
FOS,PML,0
NR4A1,LEPROT,0
IRF1,HDAC9,0
RPA1,JARID2,0
NFAT5,YBX1,0
NOTCH1,RCC1,0
RPA1,USP4,0
FOS,ANK,0
CBX7,UBA5,0
SATB1,GPR180,0
FOS,STOM,0
RPA2,MYNN,0
BMI1,TIE1,0
RAD51,SLC7A4,0
FOXO1,DIS3L2,0
CBX7,UBAC1,0
RPA1,MED16,0
NFAT5,UAP1,0
BMI1,SERPINB9,0
GFI1,ADGRG3,0
KDM6A,JUN,0
RPA1,YBX1,0
RAD51,COPB1,0
NFAT5,COA5,0
BMI1,SLC39A9,0
BMI1,MYH10,0
MEF2C,ALG9,0
IRF8,STAT3,0
ELF4,ANXA6,0
IRF1,CCNG1,0
RPA1,NR4A1,0
MEIS1,SMIM1,0
FOXO1,KIDINS220,0
RPA2,MCM3,0
GFI1B,RCOR1,0
CBX7,SERPINB1A,0
RPA2,TPP1,0
MEF2C,ARHGEF6,0
RAD51,PIGQ,0
IRF1,MRM1,0
IRF1,TEAD3,0
RAD51,CIPC,0
NFAT5,TPX2,0
FOXO1,SLC43A1,0
STAT3,ERLIN1,0
NR4A1,HARS2,0
STAT3,PRKAR2B,0
RPA1,HEBP1,0
BMI1,CKAP2L,0
FOXO1,CENPF,0
BMI1,PSTPIP1,0
RAD51,GALK2,0
EBF1,CHCHD10,0
EBF1,SOX18,0
ESR1,TK1,0
FOXO1,MAVS,0
ELF4,ADGRG3,0
GFI1B,SPPL2B,0
NR4A1,RABGGTB,0
MEF2C,ABL1,0
NOTCH1,PHF10,0
RPA2,CTPS,0
GFI1B,GLIS2,0
NOTCH1,MEF2C,0
MEF2C,EIF2B1,0
FOXO1,TMX1,0
KDM6A,UBA7,0
NFAT5,UBA7,0
EBF1,SRSF1,0
RPA1,TOLLIP,0
GFI1B,APEH,0
GFI1B,CSGALNACT2,0
WDR5,GCNT2,0
CBX7,JARID2,0
RAD51,DNAJC11,0
BMI1,APOE,0
IRF8,TMEM129,0
STAT3,PPP2R1B,0
IRF1,CD48,0
RAD51,CENPE,0
CBX7,SLC25A46,0
KDM6A,HEATR5A,0
IRF1,HDGF,0
RPA2,TSPAN3,0
NR4A1,ATP6AP1,0
IRF1,AP5M1,0
FOS,JAK3,0
NFAT5,ILVBL,0
GATA2,SLC38A5,0
BMI1,H2-OB,0
IRF8,ASB8,0
NR4A1,BUB1B,0
ELF4,KRT18,0
IRF1,CD34,0
RPA1,IPO9,0
FOS,H1F0,0
ELF4,ESAM,0
NFAT5,MTMR6,0
GFI1B,DDHD2,0
ELF4,ETS1,0
IRF8,SNCA,0
RPA1,MFGE8,0
ETS1,SVIP,0
CBX7,LDAH,0
EBF1,SLC40A1,0
FOXO1,CDK1,0
NFAT5,VWA5A,0
RPA2,NFATC1,0
RAD51,CKAP2L,0
RAD51,ORC2,0
MEF2C,NECAP2,0
NOTCH1,NSMAF,0
MEF2C,NAA50,0
KDM6A,MCM6,0
NR4A1,ARHGEF6,0
BMI1,BUB1,0
MEF2C,D1ERTD622E,0
GFI1,GIMAP1,0
BMI1,TLR4,0
NFAT5,HMMR,0
RPA2,CENPO,0
NOTCH1,HOXA9,0
IRF8,GPR180,0
NFAT5,APBB1,0
GFI1B,NSD2,0
FOS,CLDN13,0
RPA1,LYZ2,0
NFAT5,CD93,0
IRF1,THUMPD3,0
FOXO1,SLA2,0
FOS,NXPE2,0
EBF1,RAB32,0
WDR5,CD34,0
CBX7,CALCRL,0
ELF4,CCNE2,0
CBX7,CDCA8,0
GFI1B,SLC38A5,0
FOS,WDR55,0
RAD51,SPTLC1,0
IRF8,PRKCQ,0
SATB1,H1F0,0
EBF1,ESR1,0
BMI1,YBX1,0
RPA1,SPPL2B,0
RPA2,TUBGCP3,0
IRF1,RNF145,0
WDR5,BAG2,0
NR4A1,SCARB1,0
MEF2C,CENPE,0
MEIS1,ADGRL4,0
KDM6A,GPR180,0
SATB1,PBX1,0
FOXO1,DOK2,0
WDR5,CD9,0
EBF1,RNF13,0
RPA2,RPRD1B,0
NOTCH1,MYO1D,0
NOTCH1,NDRG1,0
MEF2C,PLEC,0
RAD51,HPN,0
NFAT5,STT3B,0
NFAT5,POLA2,0
RPA2,USF3,0
IRF1,ZFP24,0
RPA2,WDSUB1,0
IRF1,KLHL23,0
FOXO1,CTR9,0
RAD51,MEMO1,0
MEF2C,NSMAF,0
MEF2C,TCP11L2,0
SATB1,C1QTNF12,0
RPA1,UROS,0
IRF1,JARID2,0
FOXO1,NUP88,0
ESR1,NEURL3,0
HCFC1,SIGIRR,0
RAD51,JPT2,0
NOTCH1,MYCT1,0
NFAT5,LMO4,0
FOXO1,GNB4,0
NFAT5,TFRC,0
RPA1,CBX7,0
FOXO1,ST3GAL6,0
CBFB,IFITM1,0
FOXO1,HACD3,0
RPA1,MCM5,0
NOTCH1,ATP6V1A,0
NOTCH1,PLAC8,0
KDM6A,APOE,0
SATB1,PLAC8,0
RPA1,TMC6,0
BMI1,ALAD,0
CBX7,ALDH1A1,0
BMI1,CEP70,0
BMI1,KLHL24,0
NOTCH1,IL27RA,0
CBX7,PMPCA,0
NR4A1,FAR1,0
NFAT5,MFGE8,0
CBX7,ZFP62,0
ESR1,TSPO2,0
RPA2,TCN2,0
EBF1,CD84,0
EBF1,GSS,0
KDM6A,CRBN,0
IRF1,PPP6C,0
RPA2,D10WSU102E,0
MEIS1,GPR171,0
NFAT5,ZKSCAN17,0
ELF4,CLDN13,0
EBF1,THRB,0
IRF1,PIK3R2,0
BMI1,SESN1,0
KDM6A,CDCA4,0
IRF1,ADSSL1,0
GATA2,TLE2,0
BMI1,USP8,0
IRF1,SLC18A2,0
RPA2,TIPIN,0
KDM6A,HDAC7,0
MEF2C,LRRFIP1,0
EBF1,PDK3,0
CBX7,ARID3B,0
BMI1,RPP40,0
CBX7,TUBGCP2,0
IRF1,TOPORS,0
GFI1,SMIM5,0
GATA2,CTNNA1,0
WDR5,UBASH3A,0
RPA1,ZFP930,0
GFI1B,MFSD1,0
MEF2C,NIF3L1,0
NFAT5,MAN2A2,0
GATA2,DPH2,0
GFI1B,MORC3,0
EBF1,SGPL1,0
NFAT5,TMEM185A,0
CBX7,PA2G4,0
BMI1,RAD51,0
RPA1,TNFRSF13B,0
MEF2C,UHRF1,0
NR4A1,SMIM15,0
SATB1,MPL,0
BMI1,APLP2,0
CBX7,2210016F16RIK,0
BMI1,ASF1B,0
BMI1,CRNKL1,0
IRF1,CAMK1,0
GFI1B,KRT18,0
EBF1,SPC25,0
MEF2C,SLC43A3,0
RPA2,IRF6,0
EBF1,FCHSD2,0
RPA2,WLS,0
RPA1,PCLAF,0
RAD51,TLK1,0
RPA1,SGO1,0
NOTCH1,TSC22D3,0
RPA1,NFXL1,0
MEF2C,CKAP2L,0
MEF2C,SLC43A1,0
IRF1,RPA1,0
MEF2C,YBX1,0
MEF2C,SASH3,0
BMI1,NPTN,0
MEIS1,CPT1A,0
RAD51,ATP13A1,0
CBX7,CBFB,0
RPA2,GPR171,0
RAD51,SRSF1,0
IRF8,TSC22D3,0
RPA2,ARHGAP4,0
RPA2,CASP2,0
ESR1,IFI44,0
MEF2C,POLR2B,0
KDM6A,IRF6,0
RPA2,FBXO5,0
ELF4,ASNS,0
RPA1,IRF5,0
GFI1B,RCSD1,0
FOXO1,SMIM1,0
GFI1B,ZEB2,0
NOTCH1,PQLC1,0
IRF1,CDC7,0
GFI1,PRDM16,0
ELF4,NDN,0
EBF1,PQLC1,0
MEF2C,PIK3R2,0
ESR1,PLK1,0
MEF2C,APLP2,0
NR4A1,SPTLC1,0
NFAT5,ID2,0
NFAT5,TBC1D2B,0
IRF1,TUBGCP2,0
IRF8,HDAC9,0
RPA2,KIDINS220,0
FOS,TIFA,0
NFAT5,HIST1H1C,0
ELF4,ARID3B,0
FOXO1,ATAD1,0
BMI1,ZFP961,0
GFI1B,COL5A1,0
GATA2,CYB5R3,0
RAD51,FES,0
MEF2C,ZBTB43,0
RAD51,LAPTM4B,0
FOXO1,ALDH1A1,0
RPA1,TRPS1,0
NFAT5,GALK2,0
NFAT5,NR4A1,0
BMI1,SMIM1,0
BMI1,NUDT4,0
CBFB,VILL,0
GFI1B,RUNX2,0
RPA1,JUN,0
RAD51,GIMAP5,0
GFI1,LCP2,0
SATB1,PLIN2,0
NR4A1,FBXO5,0
NFAT5,MT2,0
FOXO1,SNRPB,0
MYC,MPL,0
MEF2C,TAPT1,0
IRF1,MTMR6,0
NFAT5,GDF3,0
EBF1,PLIN3,0
EBF1,RMND5A,0
FOXO1,MED22,0
FOXO1,CD82,0
BMI1,FAM136A,0
RPA2,TRIM59,0
KDM6A,SLA2,0
STAT3,ST3GAL5,0
NFAT5,MYC,0
RPA1,MAD2L1,0
ELF4,ZFP266,0
CBX7,NAMPT,0
IRF8,VIM,0
CBX7,TOLLIP,0
RAD51,PRKCH,0
RPA1,MFSD2B,0
NR4A1,RPA1,0
NOTCH1,ZBTB20,0
IRF8,BAP1,0
NFAT5,SATB1,0
WDR5,HEBP1,0
EBF1,KIF20B,0
NR4A1,POGLUT1,0
RPA1,CAMK1,0
NFAT5,NRF1,0
MEF2C,GORASP1,0
WDR5,SLC7A4,0
FOS,CD55,0
BMI1,ARHGEF18,0
EBF1,PSMD6,0
CBFB,CREB5,0
NR4A1,TSPO2,0
RPA2,HACD3,0
RAD51,ADGRG3,0
MEIS1,TMEM176B,0
MEF2C,ICE1,0
CBX7,MCM3,0
KDM6A,HDAC11,0
BMI1,DHX33,0
IRF8,DNPEP,0
EBF1,ABI1,0
GFI1,PLAC8,0
MEF2C,TSPAN3,0
FOXO1,NUP155,0
KDM6A,RHOF,0
IRF8,MYCT1,0
SATB1,SPHK1,0
MEF2C,POT1A,0
MEF2C,SESN1,0
RPA1,SERPINF1,0
WDR5,ICA1,0
MEF2C,GSTM5,0
RPA2,PRKCQ,0
JUN,COL5A1,0
ESR1,SOX18,0
RPA1,GOSR2,0
NFAT5,SMC2,0
NFAT5,PSEN1,0
WDR5,MMRN1,0
SATB1,ST3GAL5,0
RPA2,POLE3,0
SPI1,SOX18,0
IRF1,MGST3,0
BMI1,CLDN13,0
CBX7,EIF1AD,0
MEF2C,SATB1,0
NR4A1,NDOR1,0
CBX7,ZFP275,0
KDM6A,COQ8A,0
RPA2,SEH1L,0
MEF2C,LPCAT3,0
RPA1,MGST3,0
NFAT5,HDGF,0
NFAT5,CRK,0
NOTCH1,MARCH8,0
RAD51,CENPA,0
BMI1,ATAD1,0
IRF1,CSGALNACT2,0
MEF2C,TSPAN14,0
RPA1,ATP6AP2,0
ESR1,SLC43A3,0
RPA1,NAGA,0
NFAT5,AP1G2,0
BMI1,BCLAF3,0
FOS,GMCL1,0
MEF2C,PACS1,0
GFI1,TIE1,0
RAD51,CHUK,0
RAD51,KLF3,0
GFI1B,ATP13A1,0
BMI1,ANAPC2,0
NFAT5,DIS3L2,0
EBF1,FAM91A1,0
FOXO1,FECH,0
EBF1,TTLL12,0
ELF4,PREP,0
GFI1,PPARGC1A,0
CBX7,CTSE,0
NFAT5,MPL,0
IRF1,TOM1L1,0
NFAT5,ANKFY1,0
IRF8,PSEN2,0
WDR5,MPL,0
JUN,GNG11,0
NFAT5,VPS35,0
NFAT5,ARHGAP4,0
FOXO1,H1F0,0
RPA2,PLA2G12A,0
RPA1,DRAM2,0
FOXO1,TUBGCP5,0
RPA1,BID,0
NFAT5,ATP7B,0
SATB1,ANXA6,0
RAD51,ZMYM3,0
EBF1,TFRC,0
NFAT5,ANXA4,0
RPA1,ADD2,0
NFAT5,GSTM1,0
CBX7,TOX4,0
IRF8,TMEM176B,0
JUN,SOX18,0
FOS,RHD,0
MEF2C,ZBTB10,0
IRF1,RGS2,0
RPA1,DDX20,0
RAD51,MAP4K2,0
IRF8,MAN2A2,0
EBF1,COPB2,0
NOTCH1,KLHL22,0
IRF8,ZFP961,0
KDM6A,STT3B,0
RPA1,NDE1,0
IRF1,SAMD14,0
BMI1,BTK,0
HCFC1,CASP4,0
JUN,PRPS2,0
JUN,CD55,0
FOXO1,SMIM15,0
IRF8,AK3,0
NFAT5,LAPTM4B,0
MEF2C,ATP6AP1,0
IRF8,MTMR6,0
MEF2C,TYMS,0
BMI1,PHACTR2,0
CBX7,TVP23B,0
NFAT5,TCN2,0
FOXO1,ZFP35,0
RPA2,LY6A,0
GFI1B,UNC93B1,0
NOTCH1,PICALM,0
CBX7,CD48,0
CBX7,PTDSS2,0
CBX7,PRIM1,0
ELF4,RGCC,0
MEF2C,RAD51AP1,0
ETS1,RHOF,0
RPA2,LPIN2,0
NFAT5,DDX58,0
IRF8,ZFP275,0
NFAT5,NSDHL,0
MEF2C,ESR1,0
CBX7,ABI1,0
NFAT5,CALCRL,0
KDM6A,ATP6AP1,0
CBX7,DHFR,0
RAD51,NUDT4,0
MEIS1,WDSUB1,0
IRF8,ITGA6,0
FOS,MORC3,0
FOXO1,KIF20B,0
IRF1,APBB1,0
ELF4,CAD,0
EBF1,GDF3,0
FOXO1,BTG2,0
IRF1,ALG11,0
IRF1,POGLUT1,0
RPA2,L2HGDH,0
ELF4,KLF1,0
HCFC1,LYZ2,0
IRF8,OSTM1,0
RPA2,POT1A,0
RPA2,1700017B05RIK,0
ELF4,EZR,0
CBX7,CLPTM1L,0
IRF1,PTDSS2,0
RPA2,TBXAS1,0
NR4A1,TCN2,0
RAD51,DPP8,0
BMI1,TMEM176B,0
EBF1,NAGA,0
GFI1B,IL15,0
BMI1,NUDCD1,0
HDAC2,MYL10,0
NR4A1,ZBTB43,0
BMI1,CSAD,0
FOXO1,PREP,0
GFI1B,MRPL37,0
MEF2C,GPKOW,0
NOTCH1,UBASH3A,0
RAD51,POLA2,0
NFAT5,TCF12,0
BMI1,DDHD2,0
SATB1,ZDHHC13,0
RPA2,SNCA,0
GFI1B,EMILIN2,0
NFAT5,MFSD14B,0
KDM6A,WLS,0
IRF1,NFE2L2,0
NR4A1,MBOAT2,0
BMI1,RNF4,0
EBF1,ADGRG3,0
NR4A1,IL21R,0
RAD51,IRF5,0
RPA1,DPH6,0
EBF1,ETS1,0
RAD51,PTDSS2,0
IRF1,TMX1,0
GFI1B,NIT1,0
GFI1B,FZR1,0
ESR1,NSD2,0
JUN,TSPO2,0
MEF2C,CD93,0
GFI1B,SLA2,0
GFI1B,4833439L19RIK,0
KDM6A,TEAD2,0
ELF4,EPOR,0
FOS,HARS2,0
ESR1,AURKB,0
STAT3,LZTS1,0
GFI1B,RORA,0
RPA1,ALG9,0
GATA2,THUMPD1,0
SATB1,WLS,0
GFI1,TBXAS1,0
MEF2C,CEP70,0
EBF1,TFG,0
RPA2,IFITM1,0
BMI1,RORC,0
BMI1,TSC22D3,0
KDM6A,NUDT4,0
RPA2,MCM5,0
RPA1,NPLOC4,0
NFAT5,XAB2,0
RAD51,CPOX,0
KDM6A,CAR1,0
RPA1,PACSIN2,0
IRF8,RAI14,0
FOS,INKA1,0
HDAC2,SDSL,0
MEF2C,NDEL1,0
NOTCH1,HACD4,0
MEF2C,TRIB2,0
MEF2C,TMX3,0
IRF1,GSS,0
CBX7,TTF1,0
NFAT5,NARFL,0
SATB1,HSD3B7,0
NFAT5,NCAPD2,0
NR4A1,SLC11A2,0
MEIS1,AAR2,0
RPA1,FAAP100,0
RAD51,ABL1,0
RAD51,VPS26C,0
FOXO1,PRIM2,0
RPA1,CSAD,0
EBF1,STX17,0
MEF2C,ID2,0
MEF2C,TOX4,0
NOTCH1,VWA5A,0
CBX7,CAST,0
RPA1,UBAP1,0
JUN,SALL2,0
RAD51,D1ERTD622E,0
GFI1B,FADS1,0
EBF1,XAB2,0
RPA2,UGCG,0
BMI1,STOM,0
NR4A1,ELP2,0
IKZF1,MPL,0
RAD51,GCLC,0
EBF1,USP4,0
NR4A1,GLIPR2,0
CBX7,ITGA6,0
NOTCH1,NECAP2,0
NOTCH1,TOP2A,0
GFI1B,UBE2G2,0
NFAT5,CENPE,0
NFAT5,SPIRE1,0
SATB1,HDAC11,0
CBX7,ZFP451,0
IRF1,TMEM177,0
FOS,KLHL6,0
BMI1,ATP1B2,0
BMI1,GNAI3,0
JUN,GATA2,0
RPA1,AP3S1,0
NR4A1,TOM1L1,0
RPA1,SIGIRR,0
RAD51,IFT140,0
GFI1B,GSTM1,0
RPA2,CLN5,0
IRF8,HIST1H1C,0
NOTCH1,GIMAP1,0
EBF1,EPS15,0
RPA1,ZZZ3,0
RPA2,DEK,0
FOXO1,IL27RA,0
ELF4,ATP11C,0
RPA1,PLBD2,0
BMI1,RGS1,0
WDR5,PADI4,0
RPA2,SDHAF2,0
NOTCH1,NUDT19,0
NFAT5,RUNX2,0
CBX7,WDSUB1,0
MEF2C,INKA1,0
MEIS1,BC005561,0
CBX7,GNA13,0
IRF8,ADGRG3,0
MEF2C,IKZF1,0
EBF1,RHAG,0
FOXO1,ZFP467,0
RPA1,BAG2,0
FOXO1,HMGB2,0
MEIS1,NOTCH1,0
RPA1,ANK,0
BMI1,POLA2,0
KDM6A,GMPR,0
FOXO1,SELENBP1,0
IRF8,PLCG2,0
BMI1,VWA5A,0
BMI1,LRRFIP1,0
IKZF1,RHD,0
NFAT5,EMB,0
RPA1,CYP20A1,0
IRF8,GFI1,0
RAD51,DUSP2,0
FOXO1,SQLE,0
RAD51,EDC3,0
CBFB,RHAG,0
MEF2C,NPTN,0
FOXO1,GBP2,0
IRF8,MXD3,0
GFI1B,TIFA,0
RAD51,PPOX,0
FOS,PIK3IP1,0
FOXO1,SPTLC1,0
EBF1,NPLOC4,0
IRF1,STX12,0
NFAT5,ASNS,0
IRF8,DCAF13,0
CBX7,MED22,0
MEF2C,PSAT1,0
EBF1,ZKSCAN3,0
NFAT5,ATP1B2,0
MEIS1,IL27RA,0
CBX7,ELOVL1,0
RAD51,RORC,0
MEF2C,CAST,0
BMI1,CTLA2A,0
FOXO1,CCNG1,0
RAD51,TMEM68,0
ETS1,IFI44,0
HCFC1,DENND2D,0
NFAT5,CDC20,0
ELF4,ATP1B2,0
NR4A1,HSD3B7,0
BMI1,MCM10,0
FOS,MECOM,0
NR4A1,FAM234B,0
MEF2C,ANXA4,0
SATB1,PCYT2,0
FOXO1,NR2C1,0
RAD51,C1QTNF12,0
EBF1,ATG4B,0
FOXO1,NCAPH,0
MEF2C,ATL2,0
JUN,ACSS1,0
MEF2C,ATP11C,0
BMI1,FES,0
BMI1,SLC43A3,0
GFI1B,MYL10,0
WDR5,TSPO2,0
IRF1,SALL2,0
MEF2C,ERCC8,0
FOXO1,ALKBH8,0
FOS,SDSL,0
BMI1,OSTM1,0
RPA2,ABHD16A,0
BMI1,WARS,0
RPA1,CEP70,0
MEF2C,H2-OB,0
IRF1,GMPR,0
RPA1,TANGO2,0
CBX7,GYPA,0
KDM6A,SAMD14,0
MEF2C,ZFP62,0
BMI1,NCAPG2,0
NR4A1,PSMD6,0
BMI1,ARMT1,0
IRF8,SQOR,0
RPA1,HIST1H2BC,0
RPA1,E2F6,0
RAD51,ARMC8,0
RPA1,NAE1,0
FOXO1,SLC40A1,0
IRF8,SERPINF1,0
MEF2C,GATA2,0
GFI1B,MED22,0
RPA1,GPSM2,0
EBF1,SLC19A1,0
MEF2C,ASB8,0
NR4A1,YPEL3,0
BMI1,NCAPD2,0
ELF4,GSR,0
CBX7,EBI3,0
NFAT5,USP10,0
RPA1,CELA1,0
KDM6A,SLC25A45,0
RPA1,LMNA,0
MEIS1,NCOA6,0
MEF2C,COG6,0
RPA2,SMIM5,0
RPA1,LCP2,0
FOS,KIF20B,0
WDR5,KLHL23,0
RPA1,ELP3,0
IRF1,CD9,0
NOTCH1,GOLPH3,0
BMI1,CRK,0
RPA2,SVIP,0
IKZF1,RBPMS,0
FOS,SLC44A2,0
MEF2C,TTF2,0
NR4A1,ANKLE1,0
NR4A1,ST3GAL6,0
FOXO1,IL15,0
GATA2,RGS1,0
MEF2C,HSDL1,0
NFAT5,ETS1,0
NFAT5,VPS33B,0
NOTCH1,CLN5,0
RPA1,RPRD1B,0
RPA1,RNF141,0
CBFB,PROCR,0
RAD51,MEIS1,0
NFAT5,HARS,0
RPA1,NCAPG2,0
BMI1,TRMT11,0
RPA2,DNAJC5,0
WDR5,PIDD1,0
GFI1B,GEMIN5,0
MEF2C,IL21R,0
IRF8,ITIH5,0
RAD51,GNPDA1,0
MEF2C,GPR171,0
IRF8,ZFP655,0
IRF1,CSAD,0
IRF8,BYSL,0
NR4A1,LAP3,0
RAD51,MFNG,0
CBFB,NR3C2,0
RPA2,TERF2IP,0
WDR5,STARD10,0
EBF1,SLC39A9,0
RPA1,STOM,0
SATB1,NPLOC4,0
NFAT5,ARHGEF18,0
IRF1,SLC25A45,0
IRF8,DIS3L2,0
RPA2,CCNA2,0
EBF1,KRT18,0
NR4A1,DECR1,0
ETS1,SALL2,0
ELF4,TMEM56,0
SATB1,CCNB1,0
RAD51,NDEL1,0
IRF1,PPIC,0
CBX7,CES2G,0
FOXO1,ST3GAL5,0
NFAT5,KLF1,0
IRF8,POLR3F,0
MEF2C,CTTN,0
FOS,LPCAT1,0
FOXO1,CD84,0
MEF2C,UBA5,0
MEF2C,HAUS2,0
RPA2,ATP11C,0
CBX7,DCAF11,0
NFAT5,SUPT7L,0
CBFB,MECOM,0
CBX7,XRCC3,0
RPA2,CYTH4,0
MEIS1,FAM234B,0
FOXO1,KLHL6,0
RPA1,TSHZ3,0
GFI1B,LRRC14,0
ELF4,PTGS1,0
IRF1,ALKBH8,0
SATB1,KLF1,0
NFAT5,LIMD2,0
IRF1,BIRC5,0
HCFC1,WLS,0
ETS1,IKZF2,0
EBF1,GNA13,0
BMI1,LLGL1,0
HCFC1,MYCT1,0
HCFC1,2210016F16RIK,0
MEF2C,HELLS,0
GFI1,HACD4,0
HDAC2,KRT18,0
RPA2,TBL3,0
RAD51,TTF1,0
NR4A1,UNC93B1,0
RPA1,ZBTB20,0
NFAT5,TTLL12,0
RAD51,ASAH1,0
RPA2,PTDSS1,0
ELF4,NGLY1,0
MEF2C,VPS41,0
FOXO1,YBX3,0
MEF2C,EGR1,0
BMI1,XRCC5,0
IRF1,TMEM176B,0
NOTCH1,SERPINF1,0
IRF1,DPH6,0
CBX7,ELP2,0
EBF1,RTP4,0
ESR1,TRIM30A,0
KDM6A,E2F6,0
SATB1,MT1,0
MEF2C,KLF1,0
CBX7,HERC4,0
GFI1B,ANXA2,0
NOTCH1,EMB,0
RPA1,H1F0,0
SATB1,TOP2A,0
ESR1,RHOF,0
RPA1,SUPT7L,0
RAD51,TAPT1,0
BMI1,CNOT10,0
BMI1,GMNN,0
NOTCH1,INKA1,0
RPA1,HERC4,0
RAD51,LPCAT1,0
RAD51,CDC6,0
IRF8,YBX3,0
JUN,ESAM,0
RAD51,TSPAN33,0
RAD51,CELA1,0
MYC,IL21R,0
CBX7,POLA2,0
RAD51,HELLS,0
MEIS1,CSRP3,0
RAD51,GIMAP6,0
MEF2C,CALU,0
FOXO1,HPN,0
IRF8,GPSM2,0
MEF2C,RFC5,0
BMI1,APBB1,0
GFI1B,GPR180,0
NOTCH1,ZFP467,0
FOS,MYL10,0
NR4A1,GARS,0
KDM6A,ADD2,0
RPA1,CDCA3,0
KDM6A,PSTPIP1,0
CBX7,CENPO,0
CBX7,RHOF,0
MEIS1,MAP4K2,0
RPA1,USP8,0
NOTCH1,EDC3,0
IRF1,VIM,0
MEF2C,NUBP2,0
MEF2C,DEK,0
NOTCH1,AK3,0
FOXO1,TCF19,0
MEIS1,EGR1,0
CBX7,CD9,0
MEIS1,APOE,0
RPA1,ARL6IP6,0
RPA2,CERS4,0
IRF8,AURKB,0
GFI1B,IFI30,0
IRF1,UTP4,0
BMI1,IFT140,0
ETS1,SQOR,0
EBF1,NASP,0
BMI1,LSP1,0
RPA2,LYZ2,0
ELF4,CNOT7,0
RPA1,F11R,0
IRF8,PFKM,0
IRF8,MT1,0
IRF8,ABCD3,0
RPA1,PHACTR2,0
FOXO1,CUL3,0
NFAT5,WLS,0
SPI1,ATP6AP1,0
NR4A1,TMEM68,0
IRF8,NUP85,0
IRF1,LIG1,0
BMI1,SLC31A1,0
RPA1,ARHGAP4,0
ELF4,TRIM59,0
SATB1,SLC38A5,0
IRF1,MARS,0
IRF8,PDCL,0
BMI1,GYPA,0
WDR5,LAPTM4B,0
MYC,LCP2,0
SATB1,ELOVL1,0
RPA2,HIST1H2BC,0
GFI1B,SLC11A2,0
FOXO1,MAN2A2,0
RAD51,RNF13,0
HCFC1,SLC38A5,0
MEIS1,BCLAF3,0
RPA2,NR3C2,0
FOXO1,PSMD9,0
NFAT5,ZFP36,0
KDM6A,TAPT1,0
EBF1,XPNPEP1,0
RPA1,MAVS,0
RPA2,FTSJ3,0
IRF8,TUBGCP2,0
CBX7,XRCC5,0
MEF2C,IFITM1,0
IRF1,CDCA5,0
NFAT5,XPNPEP1,0
EBF1,ORC6,0
RAD51,WDHD1,0
NFAT5,ALDH9A1,0
NFAT5,BTG2,0
RAD51,SLC35A1,0
EBF1,ADD2,0
IKZF1,MYCT1,0
MEF2C,ARID3B,0
GFI1B,CD55,0
ELF4,CUL2,0
RAD51,IL27RA,0
EBF1,SLA2,0
IRF1,TPX2,0
CBFB,ADGRG3,0
MEF2C,CUL2,0
MEF2C,POGLUT1,0
GFI1B,EMILIN1,0
SATB1,VILL,0
NFAT5,NUDCD1,0
NFAT5,RGCC,0
FOS,TCP11L2,0
FOXO1,STEAP3,0
NOTCH1,PLA2G12A,0
BMI1,USP25,0
CBX7,PFKM,0
BMI1,PWP1,0
NR4A1,MTFR1,0
NFAT5,FOXRED1,0
MEF2C,NUSAP1,0
IRF8,ZBTB10,0
NFAT5,CNN2,0
IRF1,NUP88,0
RPA2,MUC13,0
FOS,IL27RA,0
GFI1,GRN,0
IRF1,TRMT11,0
KDM6A,YBX3,0
RAD51,TYK2,0
IRF8,HDAC11,0
SPI1,PPARGC1A,0
EBF1,PJA2,0
RAD51,TPX2,0
MEF2C,CDT1,0
NR4A1,COL5A1,0
RPA2,RMND5B,0
RPA1,CTNNA1,0
EBF1,NELFB,0
HCFC1,F11R,0
RAD51,SEH1L,0
RPA2,IDH3A,0
GFI1,IFITM1,0
SATB1,SPO11,0
NR4A1,METTL27,0
RAD51,NOP2,0
JUN,SLC40A1,0
EBF1,TENT5A,0
GFI1,HNF4A,0
NR4A1,CNN2,0
IRF8,NDC1,0
RPA2,ABTB1,0
RPA1,TMEM64,0
RPA1,DHFR,0
RPA1,CAPN7,0
RPA2,SOX18,0
NR4A1,HUS1,0
EBF1,ZFP110,0
RPA2,REXO4,0
KDM6A,MPL,0
MEF2C,SPPL2A,0
MEF2C,NR2C1,0
RAD51,ERCC8,0
RPA2,SNAP23,0
EBF1,PPIC,0
RPA1,FTSJ3,0
MEF2C,BID,0
GATA2,GPR180,0
IRF1,NCAPG2,0
RAD51,CALU,0
ESR1,RHAG,0
FOXO1,NFE2,0
RAD51,TIFA,0
RPA2,TRIB3,0
CBX7,SERPINA3G,0
RPA2,TYMS,0
RPA1,HSDL1,0
STAT3,CES2G,0
RPA2,STAT3,0
NFAT5,HDAC11,0
IRF8,PLA2G12A,0
IRF1,PLD3,0
RAD51,TERF2IP,0
RPA1,ETF1,0
IRF8,LTB,0
GFI1B,SASH3,0
RPA1,RBPMS,0
RPA1,FOXRED1,0
NFAT5,RFC4,0
MEF2C,GNPDA1,0
CBX7,KIF20B,0
NOTCH1,SAMD14,0
RAD51,PRIM1,0
KDM6A,SMAD2,0
HCFC1,MEF2C,0
MEIS1,SEC23IP,0
RPA1,MBOAT2,0
NR4A1,SEH1L,0
SATB1,CTPS,0
NR4A1,NSDHL,0
IRF1,RASAL3,0
RPA2,LDHB,0
EBF1,MYL10,0
CBX7,TMEM164,0
GFI1B,PQLC1,0
FOXO1,RUVBL2,0
RPA1,MYB,0
ETS1,MCTP1,0
GFI1B,SUN1,0
FOS,RNF213,0
RPA1,NSMAF,0
ESR1,FES,0
STAT3,PLCG2,0
RPA2,DYNLT3,0
FOXO1,SVIP,0
IRF1,MCM3,0
CBX7,KLHL6,0
FOXO1,UROS,0
NOTCH1,HPN,0
FOXO1,BMI1,0
JUN,HACD3,0
CBX7,SASH3,0
FOXO1,CCDC137,0
RPA2,ERMAP,0
NOTCH1,TRIM30A,0
FOXO1,XPR1,0
FOS,CPT1A,0
FOXO1,VILL,0
CBX7,TMC6,0
MEF2C,PIP4K2A,0
CBX7,MED16,0
FOXO1,UBR7,0
GFI1B,COQ8A,0
RPA1,COLGALT1,0
ELF4,TIPIN,0
IRF1,MIS12,0
CBX7,TSPAN14,0
RPA1,VDR,0
RPA1,AQP9,0
BMI1,PKLR,0
ELF4,ELMO1,0
NOTCH1,JAK3,0
FOXO1,RARS,0
NOTCH1,ELL2,0
WDR5,EMILIN1,0
GFI1B,TSC22D3,0
EBF1,FKBP1A,0
FOS,SLC38A5,0
IRF8,DYNLT3,0
BMI1,LRRC14,0
IRF1,BTG2,0
NOTCH1,AFAP1L1,0
FOXO1,TMEM177,0
NFAT5,CES2G,0
NFAT5,PUS7,0
ELF4,SOX18,0
CBX7,TMUB2,0
MEIS1,MT2,0
IRF8,KLF1,0
SATB1,APOE,0
RAD51,AQP9,0
RAD51,ZEB2,0
MEF2C,RHD,0
RPA2,NAMPT,0
RAD51,ESR1,0
RPA2,TNFAIP8,0
NFAT5,CRYZL2,0
NFAT5,DNAJC5,0
BMI1,SHCBP1,0
CBX7,SLC35A1,0
IRF8,PRC1,0
ESR1,H2-DMB1,0
FOS,RAI14,0
RAD51,AP1B1,0
CBX7,MUC13,0
RPA2,LRRFIP1,0
IRF8,YBX1,0
SATB1,ADGRL4,0
ETS1,CD34,0
STAT3,UBASH3A,0
GATA2,ELF4,0
FOS,ZFP30,0
KDM6A,SEPT8,0
MEIS1,RCC1,0
BMI1,PRPS2,0
RPA2,PPAT,0
FOXO1,SPNS2,0
MEF2C,VAV1,0
BMI1,VKORC1L1,0
FOS,SIGIRR,0
RAD51,CDK19,0
RPA2,BATF2,0
SATB1,NPTN,0
RPA2,SLC18A2,0
RPA1,AMPD3,0
RPA2,PON2,0
NR4A1,PGM1,0
RPA1,LRRC14,0
FOXO1,UTP4,0
FOXO1,ADGRG3,0
MEIS1,NFKBIA,0
MEF2C,RAB31,0
FOXO1,PRKAA1,0
RPA2,INKA1,0
CBX7,NEK9,0
RAD51,ALDH18A1,0
FOS,PSEN2,0
RPA1,MRM1,0
MEF2C,TRPS1,0
MEF2C,CSGALNACT2,0
EBF1,EXOC2,0
BMI1,WDR6,0
RAD51,ZFP639,0
FOXO1,SEC23IP,0
BMI1,CASP1,0
MEF2C,LSP1,0
KDM6A,PTDSS1,0
FOXO1,CD1D1,0
RPA1,UCKL1,0
SATB1,NSD2,0
RPA1,TMEM168,0
RPA1,SLC11A2,0
IRF1,TRMT6,0
IRF8,PHETA2,0
CBX7,PGLYRP2,0
GFI1B,CSAD,0
FOXO1,ABCG2,0
ELF4,MYH10,0
BMI1,ATAD2,0
ELF4,INPP1,0
IRF1,NIT1,0
RAD51,SEPT8,0
RAD51,TTLL12,0
SATB1,MEIS1,0
EBF1,TCF12,0
BMI1,TBC1D10C,0
ESR1,IL21R,0
MEF2C,MYCN,0
NFAT5,CHAMP1,0
MEF2C,BTRC,0
NOTCH1,AP1G2,0
KDM6A,MAVS,0
FOS,CDC7,0
IRF8,RCC1,0
FOS,CD9,0
IRF8,CCNE1,0
CBX7,HMBS,0
EBF1,SCFD1,0
RPA2,EDC3,0
CBX7,GRAMD1A,0
IRF1,IDH3A,0
IRF8,TMEM263,0
MEIS1,ZFP30,0
FOXO1,ITIH5,0
BMI1,SNRPB,0
BMI1,MAVS,0
BMI1,SLC30A6,0
RAD51,SMIM15,0
EBF1,ANAPC4,0
NR4A1,CAPN7,0
RPA2,FZR1,0
EBF1,XK,0
IRF1,PLIN3,0
IRF1,CREB5,0
GFI1B,SSX2IP,0
MEF2C,GARS,0
NFAT5,TASP1,0
MEIS1,KLF1,0
NOTCH1,ZYX,0
RAD51,ZDHHC13,0
WDR5,GATA2,0
RPA2,AHCTF1,0
FOS,PLBD2,0
BMI1,CENPA,0
RAD51,HEATR5A,0
MEF2C,ARMC8,0
RPA1,FZR1,0
BMI1,GRAMD1A,0
MEF2C,ARL6IP6,0
RAD51,AMPD3,0
RAD51,TLR4,0
RPA2,ABCB8,0
BMI1,EMILIN1,0
MEF2C,ALDH18A1,0
RAD51,ERLIN2,0
WDR5,PTGS1,0
RPA1,DPH2,0
SATB1,LPCAT3,0
FOXO1,RHOT1,0
NOTCH1,SLC18A2,0
NR4A1,HEMGN,0
RPA1,ID2,0
EBF1,ERLIN1,0
SATB1,ASNS,0
BMI1,MAP4K2,0
GFI1B,CMPK2,0
NFAT5,MTAP,0
IRF1,GCLC,0
BMI1,CKS1B,0
FOXO1,MAP4K2,0
EBF1,NECAP2,0
EBF1,SDSL,0
KDM6A,CD82,0
MEIS1,IRF8,0
IRF1,SELENBP1,0
GFI1B,MBTPS1,0
EBF1,LCP1,0
SATB1,TMEM176B,0
IRF8,XPNPEP1,0
RPA2,PACSIN2,0
MEF2C,NUP107,0
SATB1,MBOAT2,0
EBF1,ANXA2,0
IRF1,SLC44A2,0
BMI1,ZFP275,0
NFAT5,RNASE6,0
MEF2C,TERF2IP,0
BMI1,TNFRSF13B,0
ELF4,PEAR1,0
BMI1,TRIB3,0
BMI1,ELP2,0
IRF8,PDZK1IP1,0
EBF1,PTPN12,0
NR4A1,ZFP397,0
RPA2,ELL2,0
MEF2C,ADO,0
FOXO1,TBC1D10C,0
RPA2,CAST,0
RAD51,NSDHL,0
JUN,PRKAA1,0
RPA2,SLC20A1,0
BMI1,SP100,0
EBF1,GMCL1,0
CBX7,SDSL,0
GFI1B,TMEM176B,0
RPA1,SOX6,0
FOXO1,MYO1D,0
RPA2,PQLC1,0
IRF1,PSMD9,0
IRF8,RANBP3,0
NOTCH1,UBA7,0
NFAT5,TUBGCP2,0
RAD51,PSEN2,0
FOXO1,PMPCA,0
RPA2,AP5M1,0
MEF2C,SGO1,0
RAD51,CACFD1,0
MEIS1,EPDR1,0
IRF1,AP1G2,0
NOTCH1,MEIS1,0
BMI1,TCF19,0
JUN,SERPINF1,0
HDAC2,LZTS1,0
FOXO1,NOP2,0
RPA2,MTREX,0
RPA1,PCP4L1,0
ELF4,CRBN,0
MEF2C,TMEM168,0
NR4A1,TLK1,0
MEF2C,FAM91A1,0
GATA2,ARID3B,0
NR4A1,SLC25A46,0
EBF1,CLPX,0
FOS,MAP4K2,0
RAD51,DNPEP,0
BMI1,DOK2,0
NFAT5,RASAL3,0
RPA1,POLR3F,0
RAD51,PLIN3,0
RPA1,SLC31A1,0
NR4A1,MUC13,0
NR4A1,CAMK1,0
EBF1,MTMR6,0
HCFC1,PLPPR3,0
GFI1B,PPARGC1A,0
RAD51,IFI44,0
WDR5,CREB5,0
NFAT5,ST3GAL6,0
NR4A1,NUDCD3,0
RAD51,NEDD1,0
KDM6A,FECH,0
RPA1,MFSD1,0
RPA1,RAI14,0
MEF2C,CNP,0
ETS1,RAI14,0
EBF1,DDX1,0
BMI1,ADSSL1,0
NOTCH1,2210016F16RIK,0
NR4A1,BATF2,0
MEF2C,ZFP655,0
BMI1,TBXAS1,0
NFAT5,SELENOP,0
RPA1,RHOF,0
RAD51,KIDINS220,0
CBFB,TNFRSF13B,0
BMI1,1700017B05RIK,0
KDM6A,ELMO1,0
GFI1B,GPR171,0
HCFC1,FES,0
IRF8,CHMP7,0
RPA2,SLC38A5,0
MEF2C,PLAA,0
CBX7,FAAP100,0
MEF2C,UBAP1,0
MEF2C,RCSD1,0
FOXO1,SMC2,0
MEIS1,CDC7,0
RPA2,ZFP36,0
RPA1,ARHGEF18,0
IRF1,TAPT1,0
NR4A1,KEL,0
GFI1B,VPS35,0
CBX7,RHD,0
EBF1,VPS11,0
GFI1B,SMIM1,0
EBF1,ATG12,0
NFAT5,LZTS1,0
GFI1B,PRMT7,0
GATA2,TEAD2,0
MEF2C,SNCA,0
HCFC1,SERPINA3G,0
STAT3,NXPE2,0
RAD51,MPL,0
ELF4,PHACTR2,0
KDM6A,TMEM176B,0
NOTCH1,LY6A,0
MEF2C,PTDSS2,0
SATB1,CERS4,0
NOTCH1,CD48,0
FOXO1,DPP8,0
RAD51,RNASE6,0
EBF1,MYH10,0
FOXO1,HEATR5A,0
FOXO1,PTDSS1,0
RPA2,SEC23IP,0
FOS,TSC22D3,0
BMI1,ZFP451,0
WDR5,PRKAA1,0
GATA2,TSPAN33,0
KDM6A,PON2,0
NFAT5,IRF8,0
RPA2,FAAP100,0
ESR1,TYMS,0
IRF8,METTL27,0
MEF2C,MECOM,0
EBF1,MYCN,0
RAD51,GMFB,0
RPA1,TRMT11,0
JUN,AFAP1L1,0
MEIS1,PHETA2,0
RAD51,FTSJ3,0
BMI1,EZR,0
WDR5,IFI204,0
SATB1,GATA2,0
NR4A1,NET1,0
ELF4,MYC,0
NFAT5,TREML2,0
BMI1,RFESD,0
NFAT5,TRIB3,0
NR4A1,HNRNPLL,0
IKZF1,PGR,0
RPA2,NDUFV1,0
IRF1,POLR1B,0
RAD51,PDE4B,0
NR4A1,NFATC1,0
BMI1,MTREX,0
NR4A1,ADD2,0
RAD51,UBE2G2,0
FOXO1,MIS12,0
RAD51,NUP107,0
FOXO1,CSAD,0
EBF1,NOTCH1,0
RPA2,DNAJC11,0
RPA1,FECH,0
SATB1,IL15,0
EBF1,PLAA,0
SATB1,ZEB2,0
GFI1B,TBC1D10C,0
RPA2,YOD1,0
KDM6A,PLA2G12A,0
IRF8,SLC25A38,0
KDM6A,ST3GAL5,0
KDM6A,PICALM,0
ELF4,SMIM1,0
FOS,FTSJ1,0
RPA2,VPS26C,0
FOXO1,SLC44A2,0
RPA2,AQP9,0
FOXO1,ATAD2,0
FOS,ADD2,0
NR4A1,POT1A,0
RPA2,MED16,0
GFI1B,DNPEP,0
IRF8,RNF145,0
MEF2C,ABCF3,0
FOS,MCM6,0
KDM6A,SPI1,0
BMI1,ABHD16A,0
FOS,ABHD16A,0
SATB1,TBXAS1,0
CBX7,TYMS,0
RAD51,CDCA4,0
BMI1,ZFP110,0
KDM6A,GLIPR2,0
RPA1,CRBN,0
KDM6A,RASA3,0
MEF2C,GOLPH3,0
BMI1,NEDD1,0
FOXO1,CERS4,0
CBX7,VPS11,0
RPA2,TSC22D3,0
MEF2C,MYL10,0
RPA2,SLC30A5,0
NFAT5,PRKCQ,0
BMI1,PGLYRP2,0
CBX7,TEAD3,0
RAD21,ERMAP,0
ELF4,MAPK12,0
RPA2,FAM76B,0
NFAT5,PPARGC1A,0
FOXO1,ATG4B,0
KDM6A,MAPK9,0
RPA1,CBFB,0
MYC,NXPE2,0
GFI1B,HSD3B7,0
NFAT5,NUP155,0
JUN,NSD2,0
IRF1,UBE2C,0
MEF2C,HIST1H1C,0
RPA1,NOL9,0
RPA2,EIF2B1,0
RPA2,CPT2,0
GFI1B,ZBTB43,0
CBX7,HSD3B7,0
ELF4,VHL,0
FOXO1,ZFP143,0
NR4A1,CDCA3,0
MEF2C,NDE1,0
NR4A1,HMGB2,0
RPA1,HMMR,0
RPA1,HNF4A,0
MEF2C,RUNX2,0
EBF1,MMRN1,0
IRF8,SEPT6,0
FOS,ZKSCAN3,0
FOXO1,PRDM5,0
CBX7,MYO1D,0
EBF1,NAE1,0
FOXO1,OPTN,0
KDM6A,CELA1,0
GFI1,IFI44,0
BMI1,PACSIN2,0
GATA2,BMI1,0
NFAT5,MCM10,0
KDM6A,PPM1H,0
NOTCH1,DIS3L2,0
MEF2C,INCENP,0
RPA1,GNAI3,0
IRF1,TMEM64,0
FOS,OASL2,0
WDR5,SLA,0
FOXO1,PBK,0
BMI1,GANAB,0
CBX7,USF3,0
RPA1,D10WSU102E,0
GFI1B,ARHGAP15,0
NR4A1,ZFP110,0
NFAT5,MCM4,0
ETS1,NSD2,0
CBX7,PHF10,0
WDR5,ALDH1A1,0
HDAC2,PGR,0
RAD51,MNS1,0
NOTCH1,VHL,0
IRF1,LY6A,0
MEF2C,TENT5A,0
CBFB,SNAP23,0
IRF1,CTLA2B,0
NFAT5,GCNT2,0
ELF4,MARCH8,0
HDAC2,ADGRG3,0
NFAT5,NUPR1,0
RPA2,GRN,0
HDAC2,CSRP3,0
MEF2C,SLC44A2,0
GFI1B,SERPINB6B,0
EBF1,ADAMTS10,0
CBX7,PNO1,0
IRF8,RMND5A,0
RAD51,NASP,0
EBF1,SLC16A1,0
FOXO1,GLIS2,0
FOXO1,ERLIN2,0
GFI1B,CBFB,0
RPA1,LCP1,0
MEF2C,NELFB,0
FOXO1,ERCC8,0
HCFC1,RAB32,0
WDR5,KRT18,0
BMI1,ZBTB20,0
NFAT5,ZBTB10,0
KDM6A,ABCB4,0
NFAT5,TSC22D3,0
NR4A1,CASP4,0
IRF1,SLA,0
NR4A1,MXD3,0
RPA2,TCIRG1,0
SATB1,PGM1,0
FOS,NUP155,0
RPA1,DEK,0
MYC,SPIRE1,0
RPA1,EMILIN2,0
KDM6A,GCLC,0
MEF2C,NAMPT,0
SATB1,POLA2,0
MEF2C,DDX1,0
FOXO1,AURKB,0
FOXO1,CLPX,0
EBF1,NUDCD1,0
CBX7,ZBTB43,0
BMI1,OTUD6B,0
KDM6A,NAGA,0
RPA2,MED22,0
RAD51,CNIH1,0
MEF2C,TMEM64,0
BMI1,CAD,0
RPA1,ZFP639,0
CBX7,TRPV2,0
NOTCH1,SGPP1,0
NR4A1,FARSB,0
RAD51,ZDHHC6,0
RPA2,ICA1,0
NFAT5,ABCB8,0
ETS1,CNN2,0
FOS,NPLOC4,0
IRF8,MED16,0
NR4A1,NUSAP1,0
SATB1,LMO4,0
ELF4,PLEK,0
IRF8,SEH1L,0
IRF8,HEXA,0
IRF1,CRK,0
FOS,PGR,0
NFAT5,TIFA,0
BMI1,TOPORS,0
NFAT5,NOP2,0
HCFC1,KRT18,0
CBX7,YBX3,0
BMI1,PPIC,0
RPA2,NCOA6,0
BMI1,UHRF1,0
RPA2,ANXA5,0
FOXO1,PRMT7,0
NOTCH1,PML,0
IRF8,ZFP143,0
MEF2C,MYO1D,0
RPA2,RCOR1,0
ESR1,GIMAP6,0
IRF8,CDC6,0
NFAT5,TERF2IP,0
EBF1,PDE4B,0
WDR5,RUNX2,0
IRF1,GOLT1B,0
FOS,DDHD2,0
RPA2,MARCH6,0
BMI1,NDRG1,0
RPA1,SPTBN1,0
NOTCH1,PPM1H,0
WDR5,SNCA,0
SATB1,WDR4,0
SATB1,STARD10,0
RAD51,PIP4K2A,0
GFI1B,UBAC1,0
EBF1,AFAP1L1,0
IRF8,CPOX,0
EBF1,UBE2C,0
FOXO1,PTCD3,0
SATB1,RUNX1T1,0
RPA1,USP25,0
IRF8,LYRM4,0
MEF2C,UCKL1,0
KDM6A,RAB32,0
BMI1,ATP2A3,0
NR4A1,SP100,0
WDR5,NSMAF,0
RPA1,NDEL1,0
RPA1,DNM1L,0
GFI1B,ANXA5,0
RPA1,ANKFY1,0
IRF1,UROD,0
RPA1,TEAD2,0
FOXO1,CNN2,0
CBX7,CELA1,0
NFAT5,BTAF1,0
BMI1,NUF2,0
FOXO1,NET1,0
RPA1,CDC7,0
FOXO1,GRINA,0
RPA1,ZFP397,0
GFI1B,CACFD1,0
BMI1,PLD3,0
NFAT5,TMEM164,0
FOXO1,TLE2,0
NFAT5,NSMAF,0
NR4A1,CARHSP1,0
MEF2C,H2-DMB1,0
MEIS1,PLBD2,0
RAD51,MFSD14B,0
EBF1,PSAT1,0
BMI1,D1ERTD622E,0
CBX7,TTF2,0
CBX7,ATP13A1,0
FOS,TSHZ3,0
BMI1,MYO1G,0
GFI1B,PWP2,0
BMI1,CAST,0
NFAT5,RFESD,0
RAD51,SLC44A2,0
IRF1,HCFC1,0
RPA2,MCTP1,0
BMI1,ZFP871,0
HCFC1,NSMAF,0
NR4A1,IRF8,0
GFI1B,H2-OB,0
IRF1,BCAP29,0
RPA1,RMND5B,0
RPA2,TOLLIP,0
FOXO1,CENPO,0
IKZF1,PHETA2,0
ELF4,LMO4,0
MEF2C,ACSS1,0
FOXO1,TUBGCP2,0
RPA1,PRC1,0
FOXO1,CTLA2A,0
MEIS1,MPL,0
MEF2C,STX12,0
RPA2,GTF3C3,0
IRF8,TMEM56,0
NFAT5,CDCA5,0
NFAT5,FOXO1,0
EBF1,ORC2,0
FOS,CD84,0
IRF1,PITRM1,0
RPA2,ARID3B,0
GFI1B,CISH,0
FOXO1,CRIP2,0
RAD51,GYPA,0
RAD51,ZBTB10,0
HDAC2,SVIP,0
EBF1,CERS5,0
EBF1,HEMGN,0
KDM6A,CKAP2,0
MEF2C,RNF13,0
CBX7,PLD3,0
HCFC1,TEAD3,0
BMI1,CELA1,0
BMI1,MIS18BP1,0
EBF1,TGM2,0
RPA1,KIDINS220,0
FOXO1,MECOM,0
EBF1,TYK2,0
EBF1,BUB1,0
EBF1,TVP23B,0
KDM6A,TTF2,0
NFAT5,RORC,0
RAD51,SDSL,0
HCFC1,PCP4L1,0
GFI1B,WDR6,0
NOTCH1,SCARF1,0
NR4A1,TMEM164,0
IRF8,SOX18,0
IRF1,COPG1,0
CBX7,FGFR1OP,0
IRF1,HEATR5A,0
IRF8,AHCYL1,0
FOXO1,UAP1,0
KDM6A,PACS1,0
NOTCH1,GLIPR2,0
NOTCH1,PDCL,0
FOS,NRF1,0
RPA2,CRIP2,0
GFI1B,ORC2,0
NOTCH1,UAP1L1,0
EBF1,SLC44A2,0
EBF1,METTL7A1,0
FOXO1,TIMM50,0
FOS,BID,0
BMI1,GM2A,0
IRF1,JAK3,0
NR4A1,MCM6,0
IRF8,RHD,0
HDAC2,SLA,0
NFAT5,CD82,0
RPA2,PSTPIP1,0
BMI1,MAPKAPK3,0
NFAT5,UHRF1,0
RAD51,NCAPG2,0
NFAT5,PIGQ,0
FOS,PRIM2,0
NOTCH1,TAB1,0
ELF4,SLC29A1,0
BMI1,HARS,0
NFAT5,SLC41A3,0
RPA1,IFI30,0
FOXO1,KNSTRN,0
RPA1,GSS,0
RPA2,TANGO2,0
RPA1,INKA1,0
NFAT5,NUF2,0
RPA1,SCARF1,0
IRF8,CTNNA1,0
FOXO1,ALDH9A1,0
SATB1,EZR,0
IRF8,PCYT2,0
CBFB,SERPINA3G,0
GFI1B,TNFRSF13B,0
SATB1,RBPMS,0
NR4A1,ERCC8,0
RPA1,NR2C1,0
CBX7,NCAPD2,0
NR4A1,NUP88,0
RPA2,MAPK9,0
CBX7,CLIC4,0
RPA1,MYCN,0
IRF1,ZFP930,0
HDAC2,GATA1,0
WDR5,HACD4,0
RPA2,NFE2,0
IRF1,CLN5,0
GFI1B,TMX1,0
BMI1,XPNPEP1,0
EBF1,ARHGEF18,0
NFAT5,LIG1,0
RAD51,PPP6C,0
NFAT5,GOSR2,0
GFI1B,MEF2C,0
GATA2,GNG11,0
IRF1,ZSCAN21,0
NOTCH1,DCAF4,0
GATA2,ITIH5,0
EBF1,TMX3,0
NFAT5,XPC,0
RPA2,SPHK1,0
RPA1,SLA2,0
NR4A1,PSEN2,0
RPA2,FES,0
NOTCH1,MNDAL,0
BMI1,FAR1,0
EBF1,CDC45,0
RPA2,SDSL,0
CBX7,CRIP2,0
EBF1,TOP2A,0
RPA2,CTSE,0
BMI1,CDC6,0
KDM6A,CASP4,0
MEF2C,DCK,0
BMI1,SPPL2A,0
MEF2C,TRMT2A,0
SATB1,MYO1D,0
EBF1,VWA5A,0
FOXO1,PPIC,0
CBX7,CPT2,0
BMI1,SLC40A1,0
IRF8,HDAC7,0
NOTCH1,ESAM,0
IRF8,ASF1B,0
RPA2,ORC6,0
NR4A1,AAR2,0
EBF1,DRAM2,0
IKZF1,PPIC,0
RAD51,CAMK1,0
IRF1,CAR1,0
RAD51,ALG9,0
IRF8,ZMYM3,0
EBF1,TNFRSF13B,0
GATA2,SOX18,0
CBX7,UBL4A,0
SATB1,EPAS1,0
RAD51,SPHK1,0
IRF8,LANCL2,0
NFAT5,CCNE1,0
RAD51,LONP1,0
CBX7,COG7,0
RPA2,IFT140,0
MEF2C,SERPINF1,0
NOTCH1,KIDINS220,0
ELF4,NUPR1,0
MEIS1,AQP1,0
ETS1,HNF4A,0
NOTCH1,GSS,0
RPA2,NCLN,0
ELF4,PSTPIP1,0
GFI1B,WDR73,0
SATB1,SNCA,0
CBX7,SESN1,0
MEF2C,CDC7,0
CBX7,CNIH1,0
NR4A1,PPM1H,0
RPA2,PGM1,0
EBF1,ABHD16A,0
JUN,SLA,0
RAD51,WDR55,0
NFAT5,PRPS1,0
RAD51,THUMPD1,0
CBX7,GSKIP,0
BMI1,SPPL2B,0
RPA1,THUMPD1,0
RPA2,COPB2,0
IRF8,MTAP,0
BMI1,ANKRD27,0
NFAT5,PJA2,0
IRF8,INPP1,0
IRF8,RFC4,0
RPA2,PFKM,0
RAD51,RPA2,0
BMI1,USP37,0
SATB1,GLIS2,0
EBF1,GRN,0
FOXO1,DDX20,0
NOTCH1,CTSE,0
IRF8,MCM5,0
IRF1,CERS5,0
GFI1B,TIPIN,0
FOS,SP100,0
NFAT5,LRRC8C,0
NFAT5,LYRM4,0
SATB1,KLF3,0
BMI1,CREB5,0
IRF8,CISH,0
FOS,PLCB2,0
BMI1,CPT2,0
ELF4,STAP1,0
GFI1B,PRKCH,0
BMI1,NCEH1,0
MEF2C,WDR45B,0
NR4A1,JAK3,0
ELF4,PRIM1,0
MEF2C,TXNRD2,0
HCFC1,ICA1,0
MEF2C,VPS26C,0
IRF1,PCYT2,0
MEF2C,UAP1L1,0
IRF8,TACC3,0
CBX7,ATP6AP1,0
RPA1,MEF2C,0
BMI1,TIMM50,0
IRF1,KIF22,0
CBX7,UBASH3A,0
RAD51,GSTM1,0
MEIS1,TEAD3,0
NFAT5,PTDSS1,0
RPA2,TEAD3,0
IRF1,RASSF5,0
BMI1,GPSM2,0
GFI1B,TSPO2,0
EBF1,JARID2,0
GFI1B,MPL,0
NR4A1,CASP2,0
FOS,GMPR,0
BMI1,NFATC1,0
NR4A1,OPTN,0
IRF8,PRDM5,0
RPA2,PRIM1,0
MEF2C,PKM,0
RPA2,ZFP62,0
ELF4,L2HGDH,0
FOXO1,CARHSP1,0
CBX7,CTR9,0
EBF1,NSDHL,0
IRF8,HPCAL1,0
CBFB,TRIM47,0
RAD51,GPR180,0
FOXO1,TBXAS1,0
SATB1,EPDR1,0
GFI1B,SPO11,0
IKZF1,AHR,0
FOXO1,GALK2,0
RPA2,TOM1L1,0
RAD51,GCNT2,0
IKZF1,SAMD14,0
RPA1,ARL8B,0
BMI1,CHUK,0
BMI1,AP3S1,0
IRF8,POGLUT1,0
NFAT5,SEH1L,0
NFAT5,SPRYD4,0
MEF2C,SNX10,0
RPA1,GMCL1,0
CBX7,STAP1,0
FOXO1,WDR75,0
HDAC2,PLAC8,0
RPA1,NCOA6,0
FOS,MOGS,0
RAD51,TRMT11,0
FOS,CBX7,0
WDR5,H1F0,0
EBF1,HIST1H2BC,0
BMI1,GORASP1,0
BMI1,PLIN3,0
HCFC1,NCOA6,0
CBX7,PSTPIP1,0
CBX7,ASF1B,0
IRF1,IRF6,0
RPA2,MCM6,0
RPA1,ZBTB10,0
MEF2C,MUC13,0
GFI1B,NUSAP1,0
MEF2C,HAGH,0
BMI1,CTSC,0
ELF4,KDM6A,0
RAD51,IFITM1,0
RAD51,MTAP,0
RAD51,EXOC3,0
IRF1,GTF2H1,0
NR4A1,SNRNP200,0
BMI1,CIPC,0
GFI1B,KIDINS220,0
FOXO1,ZFP266,0
RPA2,ABL1,0
RAD51,PTGS1,0
SPI1,CHCHD10,0
BMI1,ZKSCAN3,0
NOTCH1,PMPCA,0
RPA2,DENND1C,0
WDR5,BTK,0
JUN,TRPV2,0
IRF1,FAM45A,0
IRF1,ZZZ3,0
RPA1,AP1B1,0
FOXO1,DUS1L,0
BMI1,CD82,0
RAD51,CPQ,0
NR4A1,USP10,0
MEF2C,CENPO,0
NFAT5,PHACTR2,0
EBF1,SIGIRR,0
MEF2C,KEL,0
MEF2C,FNTA,0
RPA1,ATP7B,0
HCFC1,RCSD1,0
MYC,SLC43A3,0
FOS,MMRN1,0
NR4A1,SLC16A1,0
RPA1,LMO4,0
FOS,TUBGCP5,0
NFAT5,CNOT10,0
RPA1,VPS26C,0
CBX7,UCKL1,0
BMI1,EGR1,0
RPA2,PPOX,0
SATB1,ESAM,0
GFI1,MYL10,0
NR4A1,SETD2,0
GATA2,TMEM186,0
GFI1,BATF2,0
RPA1,PAFAH1B2,0
CBX7,RPRD1B,0
MEF2C,TSC22D3,0
CBFB,MUC13,0
JUN,SLC43A1,0
CBX7,METTL8,0
FOXO1,FOS,0
MEF2C,FAM168B,0
RPA1,COG6,0
MEF2C,CUL3,0
RPA1,STX12,0
MEIS1,AURKB,0
IRF1,PSTPIP1,0
FOXO1,SIGIRR,0
NFAT5,NR3C2,0
IRF1,CD82,0
FOXO1,NUBP2,0
NR4A1,CDCA8,0
MEF2C,RNF145,0
EBF1,CCNB1,0
GFI1B,KLF1,0
KDM6A,GSTM5,0
CBX7,CPQ,0
KDM6A,CCNG1,0
CBX7,RNASEL,0
MEIS1,VWA5A,0
RAD51,TMEM168,0
RPA2,TMEM64,0
RPA2,HERC4,0
RPA1,SLC25A21,0
RPA2,MTO1,0
RPA2,TRPS1,0
NFAT5,4833439L19RIK,0
NFAT5,SNAPC3,0
EBF1,LSP1,0
FOXO1,TSPAN14,0
MEF2C,TBC1D2B,0
BMI1,BYSL,0
EBF1,SNRNP200,0
RPA1,LEPROT,0
NFAT5,SCARB1,0
EBF1,ZBTB20,0
RPA2,RNF145,0
EBF1,FTSJ1,0
FOS,CEPT1,0
RPA1,MAN1A,0
BMI1,PHETA2,0
FOXO1,UBASH3A,0
MEF2C,ELP3,0
EBF1,C1QTNF12,0
MEF2C,UMPS,0
CBX7,TARS,0
IRF8,ZKSCAN17,0
FOS,CTSO,0
KDM6A,TRIM47,0
IRF1,FAM234B,0
SPI1,SLC25A21,0
EBF1,PLPPR3,0
RAD51,PLAA,0
NOTCH1,HCFC1,0
ELF4,SEPT8,0
MEF2C,PWP1,0
BMI1,DNM1L,0
MEF2C,ZFP266,0
RPA2,NRF1,0
RPA2,EYA1,0
CBX7,NASP,0
FOXO1,MFNG,0
CBX7,ZBTB20,0
NOTCH1,XK,0
BMI1,RAI14,0
CBX7,SLC39A10,0
BMI1,RHOF,0
NR4A1,CD93,0
NOTCH1,MBOAT2,0
IRF8,EMB,0
MEF2C,DECR1,0
FOS,STAP1,0
FOXO1,CHUK,0
RAD51,RANBP3,0
IRF1,ZFP36,0
CBX7,HARS2,0
EBF1,PREP,0
IRF1,SLC30A5,0
NOTCH1,SPO11,0
RPA2,TIMM50,0
FOS,SLC43A3,0
MEF2C,UBE2C,0
RPA2,TOPORS,0
RAD51,PCP4L1,0
RAD51,H2-DMB1,0
MEIS1,STAP1,0
SATB1,TSHZ3,0
MEF2C,LDAH,0
GFI1B,NCLN,0
EBF1,TES,0
IRF8,RUVBL2,0
NOTCH1,SOX18,0
NFAT5,DLST,0
BMI1,ZFP35,0
IRF1,FTSJ3,0
NR4A1,IFI44,0
FOXO1,APLP2,0
GFI1B,RAB31,0
IRF8,SEPT8,0
WDR5,RTP4,0
RPA1,BTRC,0
GATA2,C1QTNF12,0
IRF1,ATP6V1A,0
NOTCH1,ZBTB43,0
HDAC2,GDF3,0
BMI1,UBXN2B,0
NFAT5,PBX1,0
RPA2,FEM1A,0
NOTCH1,SCARB1,0
EBF1,MAPK12,0
IRF8,PMPCA,0
FOS,SLC39A10,0
MEF2C,SMC2,0
NOTCH1,CSRP3,0
RAD51,AURKB,0
BMI1,ABCD3,0
NFAT5,ATG4B,0
EBF1,TAF1,0
GATA2,SLC19A1,0
RPA1,SKAP2,0
IRF1,PRC1,0
KDM6A,UBE2C,0
NR4A1,CRIP2,0
RPA1,RUNX1T1,0
NOTCH1,DCTD,0
FOXO1,EPDR1,0
BMI1,FEM1A,0
WDR5,LTB,0
NR4A1,BMI1,0
KDM6A,HEBP1,0
MEF2C,GANAB,0
EBF1,TYMS,0
NR4A1,RMND5B,0
CBX7,JAK3,0
EBF1,RGS1,0
FOXO1,DCK,0
NFAT5,TENT5A,0
NFAT5,TMEM186,0
NOTCH1,DDX58,0
NFAT5,APOE,0
GFI1B,DYNLT3,0
IRF1,ORC6,0
NR4A1,FKBP1A,0
MEF2C,PHACTR2,0
SATB1,TNFRSF13B,0
NFAT5,VKORC1L1,0
FOS,TLK1,0
NR4A1,ATP2A3,0
IRF1,PON2,0
KDM6A,KLHL23,0
MEF2C,ACAP1,0
EBF1,VAMP3,0
RPA2,CERS5,0
NOTCH1,IRF1,0
GFI1B,CENPA,0
NR4A1,TRIB3,0
ELF4,CRYZL2,0
NOTCH1,GOSR2,0
ELF4,DYNLT3,0
IRF1,MRPL37,0
RPA2,DDX20,0
RPA1,ELOVL1,0
CBX7,TIE1,0
EBF1,INCENP,0
IRF8,AQP1,0
IRF8,CD55,0
RPA2,ZFP24,0
FOS,SLC39A9,0
MEIS1,GTF3C3,0
JUN,CRYZL2,0
NR4A1,SGPP1,0
GFI1B,GBP2,0
EBF1,IARS2,0
ELF4,YOD1,0
RPA2,SLC44A2,0
CBX7,RRM2,0
NFAT5,SLC20A1,0
EBF1,COPS8,0
RAD51,NR3C2,0
NFAT5,TMEM206,0
MEIS1,MEMO1,0
NFAT5,GIMAP1,0
FOS,UBL4A,0
RAD51,UBASH3A,0
MEF2C,LCP2,0
NOTCH1,UBL4A,0
HDAC2,SNCA,0
MEIS1,NXPE2,0
GFI1B,SHCBP1,0
IRF1,DPP8,0
RPA2,TOX4,0
ELF4,SALL2,0
EBF1,HAGH,0
RAD51,VHL,0
FOXO1,2610301B20RIK,0
NFAT5,STOM,0
GATA2,KRT18,0
RAD51,AK3,0
WDR5,TAPT1,0
GATA2,LMO4,0
SATB1,TMEM97,0
RPA1,TTF1,0
FOS,GYG,0
MEF2C,PLEK,0
MEF2C,FBXW5,0
IRF8,SLC31A1,0
GATA2,CASP1,0
EBF1,MTREX,0
NFAT5,PSMD6,0
IRF1,NPTN,0
WDR5,EPOR,0
MEIS1,EMILIN1,0
KDM6A,GIMAP6,0
RAD51,4833439L19RIK,0
MEF2C,CASP3,0
CBX7,PIK3R2,0
BMI1,EXT2,0
GFI1B,HMBS,0
KDM6A,HSPA4L,0
RAD51,CDC45,0
MEF2C,FBXO5,0
EBF1,POT1A,0
NR4A1,PRDM16,0
HCFC1,IFI44,0
RAD51,ZKSCAN6,0
FOS,UBAC1,0
NOTCH1,TRMT11,0
GATA2,PRSS50,0
RPA1,LY6A,0
RPA1,ASAH1,0
BMI1,SLC7A4,0
IRF8,TCN2,0
FOS,SPO11,0
RAD51,CD74,0
EBF1,KIDINS220,0
FOS,CES2G,0
ELF4,HUS1,0
RAD51,TRIB3,0
SATB1,TIE1,0
RAD51,ST3GAL5,0
WDR5,PAK1,0
NFAT5,2210016F16RIK,0
RPA2,NDEL1,0
KDM6A,C330018D20RIK,0
RPA1,LRRC8C,0
BMI1,AK3,0
FOXO1,STOM,0
MEF2C,PPARGC1A,0
RAD51,PRKAA1,0
NR4A1,ENPP4,0
NR4A1,PPOX,0
GATA2,EBI3,0
GFI1B,PPM1H,0
RAD51,IDH3A,0
NR4A1,SPC25,0
NR4A1,PSTPIP1,0
FOS,SELENBP1,0
MEF2C,PRC1,0
MEF2C,SLC35A1,0
MEF2C,NXPE2,0
GFI1B,AP3S1,0
CBX7,CDC20,0
SATB1,PIGQ,0
ELF4,GSS,0
NFAT5,RCSD1,0
IRF8,NFXL1,0
NFAT5,RNF19A,0
FOXO1,DDX1,0
ESR1,SNCA,0
RAD51,FAAP100,0
IRF1,EMB,0
GFI1,RNASEL,0
JUN,MFSD2B,0
NR4A1,DCK,0
WDR5,SERPINF1,0
RPA1,CCDC137,0
HCFC1,TLE2,0
RPA1,FPGS,0
RPA2,RHD,0
NR4A1,RNF213,0
FOXO1,CD9,0
IRF1,CNOT10,0
RPA2,FAR1,0
ELF4,ATP6AP1,0
CBX7,MTAP,0
FOXO1,SQOR,0
GATA2,RASSF5,0
IRF8,SAMD14,0
RAD51,CUL3,0
FOXO1,TYK2,0
FOXO1,CCNB1,0
IRF8,SGTA,0
NFAT5,SEPT8,0
WDR5,TEAD3,0
MEF2C,GLIS2,0
IRF8,INKA1,0
RPA1,GALK2,0
FOS,CNN2,0
CBX7,CASP2,0
ETS1,PLAC8,0
IRF1,LZTR1,0
RPA1,PRKAB1,0
IRF1,TNFAIP2,0
GATA2,TRIM59,0
RAD51,AP5M1,0
CBX7,BID,0
CBX7,CUL3,0
RAD51,ANKFY1,0
RPA1,VKORC1L1,0
RPA1,PSMD9,0
NFAT5,MTREX,0
HCFC1,PHACTR2,0
RPA2,MIOS,0
MEIS1,ST3GAL6,0
MEF2C,QARS,0
NOTCH1,TFR2,0
NOTCH1,PUS7,0
MEF2C,ESYT2,0
BMI1,MIEF1,0
RPA1,NUDT4,0
RPA2,HNRNPAB,0
NFAT5,RNF4,0
IRF8,METAP1D,0
MEF2C,FUCA2,0
CBX7,TCF19,0
FOXO1,PRDM16,0
RPA2,CDCA5,0
IRF8,MARCH6,0
RPA2,LANCL2,0
BMI1,UMPS,0
RPA1,GFI1B,0
RPA1,UAP1,0
RAD51,TMEM129,0
RPA2,APBB1,0
FOXO1,CBX7,0
RAD51,ITGA6,0
BMI1,RPA1,0
GFI1B,HERC4,0
NR4A1,RNF19A,0
FOS,ABI1,0
NFAT5,GATA1,0
NR4A1,ST6GALNAC4,0
RPA1,PITRM1,0
RPA2,NECAP2,0
RPA1,LANCL2,0
RPA1,UBA5,0
RPA2,ARHGEF18,0
FOXO1,PTDSS2,0
IKZF1,ADGRG3,0
RAD51,GRN,0
FOXO1,NASP,0
ELF4,MFGE8,0
MEF2C,TMUB2,0
RPA1,ST3GAL5,0
MEF2C,ADK,0
GFI1B,KNSTRN,0
EBF1,ZFP35,0
ESR1,EPOR,0
EBF1,TMEM173,0
GATA2,DECR1,0
NOTCH1,CD55,0
IRF8,WDR55,0
NR4A1,GANAB,0
RPA1,NDUFV1,0
GFI1B,MAPK12,0
MEIS1,P2RY14,0
GFI1B,ACAA2,0
RAD51,RELB,0
NFAT5,DDX20,0
NFAT5,JARID2,0
SATB1,MFSD2B,0
IRF8,ADAMTS10,0
IRF8,PHACTR2,0
EBF1,G6PDX,0
BMI1,MT2,0
NOTCH1,PPARGC1A,0
KDM6A,UAP1L1,0
CBX7,ANAPC4,0
WDR5,PPARGC1A,0
RPA2,GOLM1,0
BMI1,ZKSCAN17,0
NOTCH1,MAVS,0
WDR5,SELENBP1,0
STAT3,ABCB4,0
IRF1,PHETA2,0
KDM6A,MYC,0
RAD51,NOL9,0
KDM6A,UGCG,0
ELF4,PCP4L1,0
SATB1,CD82,0
EBF1,PIDD1,0
RPA2,ELF4,0
IRF8,DCTD,0
RPA1,ADGRG3,0
IRF8,THRB,0
NFAT5,UNK,0
RPA2,PEAR1,0
NOTCH1,YBX3,0
GFI1B,DEK,0
JUN,MPL,0
NFAT5,NFIA,0
RPA2,NOP2,0
EBF1,TBC1D15,0
NR4A1,SERPINB9,0
CBFB,PLPPR3,0
KDM6A,ZBTB10,0
RPA2,PA2G4,0
FOXO1,IFI30,0
MEF2C,EMILIN1,0
NOTCH1,IPO4,0
GFI1B,CAR1,0
MEF2C,MBTPS1,0
RAD51,WARS,0
FOS,ATP11C,0
ESR1,PRSS50,0
RAD51,SPIRE1,0
BMI1,ATG4B,0
FOXO1,GRN,0
BMI1,ABCB10,0
EBF1,P2RY14,0
ELF4,AHR,0
RAD51,ITSN1,0
GFI1B,PSEN2,0
BMI1,D10WSU102E,0
MEIS1,IFI44,0
RPA2,FOXO1,0
ELF4,CACFD1,0
IRF1,ILVBL,0
MEF2C,HSD3B7,0
EBF1,MAPKAPK3,0
CBX7,CLPX,0
NFAT5,SGPP1,0
IRF1,PROCR,0
RPA2,9430015G10RIK,0
FOXO1,ERLIN1,0
SATB1,GATM,0
RPA1,GORASP1,0
RAD51,GOSR2,0
RPA1,MFN2,0
HCFC1,CTLA2B,0
FOXO1,NPTN,0
RAD51,ATG16L1,0
ELF4,SCARF1,0
RAD51,OASL2,0
GATA2,PLAC8,0
FOS,ACSS1,0
RAD51,GSS,0
RAD51,SELENBP1,0
RPA2,SP100,0
MEF2C,RHOF,0
BMI1,CTPS,0
KDM6A,PSMD6,0
RAD51,METTL8,0
RPA2,MIS12,0
FOXO1,EYA1,0
FOXO1,RPAP1,0
BMI1,METTL7A1,0
KDM6A,PACSIN2,0
NFAT5,NUBP2,0
ELF4,MNS1,0
NFAT5,MBTPS1,0
FOXO1,MAPK9,0
KDM6A,TCP11L2,0
NFAT5,KIF11,0
IRF8,ABCB4,0
MEF2C,TEAD3,0
GATA2,EPSTI1,0
RPA2,ORC5,0
EBF1,TMEM56,0
CBX7,PAK1,0
KDM6A,ZFP35,0
NFAT5,SACM1L,0
MEIS1,ST3GAL5,0
IRF1,TYMS,0
IRF8,NADK,0
NFAT5,NT5DC1,0
GFI1B,2210016F16RIK,0
GFI1B,TSPAN3,0
GFI1,MNDAL,0
BMI1,LMNA,0
BMI1,ZFP930,0
NOTCH1,ALG9,0
GFI1,KEL,0
EBF1,IRF8,0
RPA2,ALDH1A1,0
NR4A1,FADS1,0
KDM6A,CKS1B,0
NR4A1,SLC30A5,0
ELF4,GNG11,0
FOS,MUC13,0
RAD51,CD55,0
NFAT5,WDR4,0
NR4A1,UBASH3A,0
ETS1,TIE1,0
FOXO1,ACOX1,0
EBF1,DTL,0
BMI1,DCK,0
BMI1,GTF2E1,0
RPA2,RNF141,0
GFI1B,PRPF4,0
STAT3,TIE1,0
MEF2C,MT1,0
MEIS1,ZFP35,0
NR4A1,RARS,0
MEF2C,ATG16L1,0
RPA1,TMX1,0
BMI1,HSPH1,0
BMI1,SSX2IP,0
GFI1B,MCTP1,0
NR4A1,MAN2A2,0
RAD51,NAA50,0
RAD51,INTS13,0
NR4A1,ATP1B2,0
IRF8,CRNKL1,0
IRF8,KDM6A,0
IRF1,D230025D16RIK,0
RAD51,GTF2F1,0
FOS,DEK,0
BMI1,NT5DC1,0
EBF1,PRSS50,0
SATB1,HPCAL1,0
RPA2,LONP1,0
HCFC1,PGR,0
HCFC1,HEBP1,0
MEF2C,HLF,0
FOXO1,TCF12,0
FOS,NASP,0
MEF2C,CKAP5,0
MEIS1,DPH2,0
IRF1,CENPA,0
MEF2C,CD63,0
RAD51,KRT18,0
RPA2,COL5A1,0
RPA2,ERCC8,0
RPA2,RNF139,0
BMI1,HCLS1,0
RPA2,MYO1D,0
BMI1,CALCRL,0
MEF2C,PA2G4,0
CBFB,SASH3,0
IRF1,RUNX2,0
CBX7,TYK2,0
EBF1,TMEM109,0
FOXO1,PCYT2,0
RPA2,SLA,0
HCFC1,ANXA1,0
MEF2C,CACFD1,0
IRF8,DCAF4,0
ELF4,CRIP2,0
RPA1,BC005561,0
MEIS1,SEPT8,0
RPA2,MFGE8,0
IRF1,SMIM5,0
IRF1,TFRC,0
RPA2,AHR,0
MEF2C,INTS13,0
IRF1,ATP2A3,0
FOXO1,ZFP275,0
FOXO1,TIFA,0
RPA1,MAP4K2,0
RAD51,AP3S1,0
IRF8,GLIPR2,0
NOTCH1,CDC7,0
MEIS1,GEMIN5,0
KDM6A,TXNRD2,0
FOXO1,MTAP,0
CBX7,UMPS,0
NFAT5,ANGPT1,0
NOTCH1,MAPKAPK3,0
IRF8,CALU,0
KDM6A,TMEM263,0
KDM6A,TSPO2,0
MEIS1,TSPO2,0
RPA1,SMIM1,0
FOXO1,GTF2H1,0
IKZF1,SLC38A5,0
RAD51,CPT2,0
NFAT5,YBX3,0
IRF1,GSTM1,0
IRF8,IFRD2,0
RAD51,PDK3,0
EBF1,NARFL,0
RAD51,NECAP2,0
MEF2C,GATA1,0
FOXO1,ADSSL1,0
CBX7,ANXA1,0
RAD51,SERPINB1A,0
FOXO1,GSKIP,0
GFI1B,PRKAR2B,0
RAD51,ORC5,0
RPA2,PIK3IP1,0
KDM6A,SLC14A1,0
IRF1,SQLE,0
HCFC1,SQOR,0
RPA2,COPG1,0
FOXO1,IRF8,0
IRF1,NET1,0
HCFC1,TGM2,0
NFAT5,IL15,0
RPA1,LDAH,0
RPA1,CKAP2,0
BMI1,PPP6C,0
KDM6A,LIMD2,0
RPA1,AFF4,0
CBX7,SP4,0
NOTCH1,CD1D1,0
MEF2C,IRF8,0
MEF2C,RBPMS,0
NFAT5,GIMAP6,0
BMI1,GSR,0
IRF1,DOCK2,0
RPA1,LTB,0
CBX7,CD55,0
IRF1,CCNB1,0
SATB1,GCLC,0
KDM6A,SALL2,0
IRF1,CLPTM1L,0
IRF8,KLF3,0
RPA2,SERPINB9,0
SATB1,IFITM1,0
RAD51,ATG12,0
GFI1B,INKA1,0
BMI1,GLIS2,0
SATB1,ANK,0
MEF2C,NUF2,0
GFI1B,ZFP36,0
CBX7,DOCK2,0
CBX7,FAR1,0
GFI1B,ERCC8,0
NOTCH1,MFSD14B,0
RAD51,TSHZ3,0
RAD51,ADO,0
NR4A1,LRRC14,0
WDR5,HPCAL1,0
KDM6A,ELP3,0
CBX7,CUL4A,0
FOXO1,SOX18,0
EBF1,CD55,0
EBF1,CNOT7,0
IRF1,SMIM1,0
IRF8,KLHL22,0
MEF2C,ZFP143,0
BMI1,MEMO1,0
NFAT5,ITGA6,0
IRF1,ZKSCAN17,0
JUN,RHOF,0
CBX7,GFM1,0
GATA2,SIGIRR,0
RAD51,ATG4B,0
IRF1,PRDM5,0
RAD51,NOTCH1,0
NR4A1,PIK3IP1,0
IRF1,LAPTM4B,0
EBF1,COG6,0
BMI1,MFNG,0
EBF1,PRDM5,0
NFAT5,TTF1,0
GFI1B,PLCB2,0
IRF8,PBX1,0
IRF8,CBX7,0
FOXO1,TSPAN33,0
ETS1,AQP9,0
CBX7,CCNB1,0
KDM6A,COL5A1,0
MEF2C,GM2A,0
SATB1,GATA1,0
BMI1,CHMP3,0
RPA2,INTS13,0
RPA1,FEM1B,0
RPA2,ZFP367,0
SATB1,MAP4K2,0
HCFC1,GLIS2,0
NFAT5,SOX18,0
RAD51,ANXA6,0
NFAT5,NSD2,0
NFAT5,GNA13,0
FOXO1,GSTM5,0
FOXO1,SNRNP200,0
NFAT5,MYO1G,0
IRF1,TMEM168,0
SATB1,PLBD2,0
ELF4,TSPO2,0
BMI1,TMEM173,0
NOTCH1,PCLAF,0
BMI1,CMPK2,0
RAD51,HDAC7,0
GFI1,GDF3,0
EBF1,WDR4,0
RPA2,XRCC3,0
GATA2,NDN,0
IRF1,MAPK1,0
RAD51,SQOR,0
CBX7,HDGF,0
KDM6A,GPR171,0
RPA2,NR4A1,0
KDM6A,FNTA,0
GFI1B,CITED4,0
KDM6A,CSTF2,0
BMI1,ZFP143,0
NR4A1,TSPAN14,0
MEIS1,SOX18,0
CBX7,RPAP1,0
FOXO1,LONP1,0
HCFC1,IKZF2,0
RPA2,METTL7A1,0
CBX7,GALK2,0
RPA2,PGLYRP2,0
RPA2,SUPT7L,0
BMI1,ZFP592,0
EBF1,CENPK,0
RAD51,RNF141,0
RAD51,P2RY14,0
RAD51,LMBRD1,0
IRF8,ANXA6,0
KDM6A,ESR1,0
EBF1,NCAPG,0
NR4A1,JUN,0
SATB1,ELL2,0
RPA1,GATA2,0
FOS,PRDM5,0
MEF2C,C1QTNF12,0
IRF8,EPDR1,0
ETS1,ADGRL4,0
IRF1,TIPIN,0
NR4A1,DTL,0
RPA2,LIMD2,0
MEF2C,CES2G,0
RAD51,CEPT1,0
KDM6A,ARID3B,0
WDR5,GMPR,0
CBX7,RPP40,0
IRF8,SNRPB,0
CBX7,MXD3,0
RAD51,AAR2,0
NFAT5,RAB31,0
NFAT5,CELA1,0
ELF4,CAR1,0
RAD51,RORA,0
SATB1,SPNS2,0
IRF8,GDF3,0
GFI1,CES2G,0
RPA2,POLR1B,0
RPA1,PTPN12,0
RPA2,PRKAA1,0
NOTCH1,ESR1,0
CBX7,PRKAB1,0
RAD51,FCHSD2,0
IRF8,SPNS2,0
RPA2,NDC1,0
IRF8,EXT2,0
CBX7,TMEM185A,0
IRF1,SKAP2,0
CBX7,DRAM2,0
NR4A1,IDH3A,0
EBF1,EPOR,0
MEF2C,PSMD5,0
RAD21,PDZK1IP1,0
ESR1,NXPE2,0
STAT3,EIF4ENIF1,0
MEF2C,IFT140,0
GFI1B,MXD3,0
EBF1,AK3,0
BMI1,ZZZ3,0
GFI1B,NCAPD2,0
EBF1,2610301B20RIK,0
RPA2,KIF20B,0
RPA1,MAN2A2,0
GFI1,RGS1,0
BMI1,DDX58,0
NFAT5,PSAT1,0
NOTCH1,THUMPD1,0
ELF4,FEM1B,0
STAT3,ADGRG3,0
NR4A1,VPS35,0
NOTCH1,RAB37,0
BMI1,SCARB1,0
FOXO1,MIEF1,0
NR4A1,ELF4,0
NR4A1,CTPS,0
GFI1B,GOLM1,0
EBF1,YOD1,0
IRF1,IRF8,0
BMI1,NUP155,0
RAD51,NARF,0
RAD21,GDF3,0
CBX7,NUDT19,0
NOTCH1,GRAMD1A,0
RAD51,PQLC1,0
CBX7,DCP1A,0
RPA1,CCNE1,0
ELF4,EIF4ENIF1,0
KDM6A,HNRNPLL,0
NOTCH1,F11R,0
FOXO1,PLBD2,0
BMI1,UBA7,0
MEF2C,NR4A1,0
ELF4,PPARGC1A,0
NR4A1,FLOT2,0
IRF8,HSDL1,0
CBX7,APLP2,0
BMI1,DUSP2,0
RPA1,LONP1,0
NFAT5,GYPC,0
NFAT5,ETF1,0
RAD51,HNRNPAB,0
ELF4,MED22,0
ELF4,SLC40A1,0
JUN,SLC7A4,0
RPA1,TRMT2A,0
MEF2C,TSHZ3,0
CBX7,CUL2,0
EBF1,TMUB2,0
RAD51,CHMP7,0
NFAT5,AK3,0
NFAT5,HEXA,0
MEIS1,REXO4,0
GATA2,GIMAP5,0
RPA2,ZZZ3,0
BMI1,RELB,0
FOXO1,DCAF13,0
RPA1,RNF4,0
KDM6A,SNCA,0
RPA2,NAPSA,0
RPA1,ARMC8,0
GFI1B,RUNX1T1,0
RPA1,OAT,0
RPA1,H2-OB,0
CBX7,EFTUD2,0
FOS,GIMAP1,0
RPA1,SLC40A1,0
FOXO1,SKAP2,0
FOXO1,ACAA2,0
NFAT5,DNM1L,0
GFI1B,FTSJ1,0
IRF8,EPOR,0
IRF1,UCKL1,0
RPA2,CNOT10,0
GFI1B,CRIP2,0
RPA2,TMEM206,0
FOXO1,HMMR,0
NR4A1,FOXO1,0
BMI1,E2F4,0
RPA1,ACAA2,0
EBF1,GPKOW,0
RAD51,IFI204,0
NR4A1,LPCAT1,0
HDAC2,HLF,0
CBX7,ACSS2,0
FOXO1,NSMAF,0
IRF8,TAF1,0
BMI1,MTAP,0
IRF8,MAD2L1,0
KDM6A,HACD4,0
NFAT5,PHF10,0
NOTCH1,ARHGAP15,0
KDM6A,CASP1,0
BMI1,GNPDA1,0
KDM6A,METTL27,0
NR4A1,DHFR,0
MEF2C,COPS8,0
GATA2,MYCN,0
ESR1,CD84,0
MEIS1,IRF1,0
FOXO1,CLPTM1L,0
EBF1,MEIS1,0
NFAT5,ZEB2,0
NFAT5,POGLUT1,0
SATB1,ADGRG3,0
IRF8,GNAI3,0
NOTCH1,HELLS,0
ELF4,HNF4A,0
ETS1,ANK,0
NFAT5,NOLC1,0
RPA1,DNPEP,0
FOXO1,TAPT1,0
NR4A1,P2RY14,0
CBX7,CYP20A1,0
RAD51,SKAP2,0
GFI1B,VKORC1L1,0
RPA2,NFKBIA,0
GFI1,HSD3B7,0
IRF8,SPO11,0
IRF1,MYCT1,0
SATB1,SLC29A1,0
RAD51,PROCR,0
RAD51,SCARB1,0
RAD51,GATA1,0
NFAT5,TXNRD2,0
RPA1,FAM136A,0
IRF8,CCNB1,0
EBF1,TIE1,0
RPA2,MT1,0
EBF1,SPIRE1,0
FOS,PDZK1IP1,0
CBX7,FOXO1,0
FOS,GMNN,0
GFI1B,MCM6,0
KDM6A,THUMPD1,0
MEF2C,WDR55,0
KDM6A,CCNE1,0
NR4A1,EYA1,0
IRF1,LMBRD1,0
IRF1,RAB37,0
MYC,CD34,0
ETS1,PRKCQ,0
RPA1,LMBRD1,0
NFAT5,PLK1,0
IRF8,HDAC2,0
KDM6A,KLHL6,0
BMI1,CYTIP,0
BMI1,GNG11,0
RPA2,ZFP266,0
ESR1,H2-OB,0
ESR1,SERPINA3G,0
GATA2,PAK1,0
RAD51,TOPORS,0
BMI1,TSPAN3,0
NR4A1,CYB5R3,0
GFI1,SDSL,0
RAD51,CUL4A,0
RPA1,PIK3R2,0
MEF2C,POLD1,0
BMI1,RNF141,0
RPA1,NR3C2,0
ESR1,RHD,0
IKZF1,HNF4A,0
RAD51,ZFP24,0
BMI1,ANXA1,0
RPA2,D1ERTD622E,0
GFI1B,GRAMD1A,0
IRF1,ZFP275,0
IRF8,SLC20A1,0
GFI1B,CTPS,0
BMI1,RNASE6,0
BMI1,MAPK12,0
ELF4,KLF6,0
RPA2,RPAP1,0
NFAT5,RUNX1T1,0
NOTCH1,RPAP1,0
BMI1,CD34,0
CBX7,SPO11,0
NFAT5,RBPMS,0
SATB1,TANGO2,0
RPA1,PPM1H,0
MEF2C,ANXA1,0
NR4A1,NAA50,0
RAD51,CKS1B,0
EBF1,UBR7,0
IKZF1,KEL,0
RPA1,IFITM1,0
GFI1B,CENPO,0
RPA1,DNAJC10,0
RPA2,BC005561,0
ESR1,PIDD1,0
RPA1,SLC19A1,0
NR4A1,MOGS,0
RAD51,STAP1,0
HCFC1,TIE1,0
CBX7,FIGNL1,0
RPA1,ELF4,0
BMI1,TUBGCP2,0
IRF8,JPT2,0
NR4A1,MAPK9,0
BMI1,PIK3R2,0
STAT3,GLIS2,0
WDR5,SLC43A1,0
RAD51,XRCC3,0
BMI1,TK1,0
ELF4,SPO11,0
EBF1,FOXRED1,0
NOTCH1,ST6GALNAC4,0
MEF2C,MFSD1,0
RAD51,RPAP1,0
GFI1B,TSPAN33,0
IRF1,ABCG2,0
RPA2,GANAB,0
NR4A1,CD34,0
NFAT5,ATAD1,0
RPA2,ADK,0
MEF2C,TM7SF3,0
CBX7,TMEM109,0
ETS1,COL5A1,0
RAD51,GSKIP,0
RPA2,TM7SF3,0
WDR5,SALL2,0
RAD51,PEAR1,0
MEF2C,GATM,0
GFI1B,MARS,0
RPA1,SNCA,0
CBX7,PCYT1A,0
FOXO1,NFATC1,0
RPA2,PITRM1,0
GFI1B,PGM1,0
GFI1B,PACSIN2,0
ELF4,SNCA,0
RAD51,GOLPH3,0
RPA1,LAP3,0
ESR1,RAB37,0
CBX7,ZKSCAN6,0
BMI1,FAM45A,0
WDR5,MYB,0
NFAT5,GTF2F1,0
ELF4,SOX6,0
NFAT5,STAT3,0
MEF2C,HSPH1,0
NOTCH1,TUBGCP2,0
KDM6A,ALDH1A1,0
RPA2,CCNE2,0
RPA2,LAP3,0
RPA2,JUN,0
NFAT5,ALDH18A1,0
RAD51,POLR3F,0
SATB1,MECOM,0
NFAT5,MYCT1,0
RPA2,PRKCH,0
RPA2,JPT2,0
CBX7,DOK2,0
BMI1,FNTA,0
CBX7,VKORC1L1,0
IRF1,CCNE2,0
RPA1,9430015G10RIK,0
FOXO1,SLC19A1,0
BMI1,INKA1,0
STAT3,RHD,0
BMI1,SERPINA3G,0
NFAT5,ALG11,0
BMI1,COPS8,0
NFAT5,RPP40,0
CBX7,RANBP3,0
FOXO1,AHR,0
IRF8,ANXA1,0
RPA1,GCLC,0
RPA2,SPNS2,0
FOXO1,TPP1,0
SATB1,ELF4,0
BMI1,ABL1,0
STAT3,EMILIN2,0
EBF1,GALK2,0
RPA1,DENND1C,0
MEIS1,2210016F16RIK,0
IRF8,CHUK,0
IRF1,EXT2,0
IRF1,ARHGEF18,0
IRF8,MCM3,0
RAD51,E2F8,0
RAD51,UHRF1,0
RPA1,UHRF1,0
CBX7,RHAG,0
RPA1,NUDT9,0
CBX7,PPOX,0
FOXO1,ELP3,0
MEF2C,PLIN3,0
RPA1,ZFP672,0
MEF2C,SLA,0
NR4A1,RAI14,0
GFI1B,MFSD2B,0
FOXO1,DPH2,0
NFAT5,DRAM2,0
EBF1,GBP2,0
RAD51,PTCD3,0
IKZF1,PKLR,0
FOS,SLC25A38,0
IRF8,PQLC3,0
RPA2,RGCC,0
FOXO1,GEMIN5,0
IRF1,SATB1,0
IRF1,CDCA4,0
IRF1,MAU2,0
RPA1,GIMAP6,0
ELF4,BC005561,0
IRF1,MKI67,0
GATA2,PLEK,0
BMI1,CYTH4,0
RPA2,TMEM56,0
ELF4,SLA2,0
RAD51,PITRM1,0
BMI1,ITFG1,0
FOS,NFE2,0
FOXO1,MCM6,0
NOTCH1,IDH3A,0
FOXO1,COL5A1,0
FOS,ANXA4,0
RAD51,GNB4,0
BMI1,LZTR1,0
BMI1,CDC7,0
RPA1,GSTM1,0
KDM6A,DENND2D,0
RAD51,DCAF11,0
GFI1B,DPH6,0
NR4A1,TCP11L2,0
CBX7,ISYNA1,0
MEF2C,ADGRL4,0
CBFB,TSHZ3,0
EBF1,ELAC2,0
GFI1B,ELP2,0
CBX7,HPN,0
SATB1,ABL1,0
CBX7,CHMP7,0
CBX7,PML,0
NOTCH1,EBI3,0
RAD51,TIMM29,0
MEIS1,CRIP2,0
FOXO1,APOE,0
MEF2C,HNRNPLL,0
NFAT5,ERLIN1,0
CBX7,NUP93,0
ETS1,AHR,0
RPA2,CD48,0
RPA1,VPS35,0
KDM6A,EPSTI1,0
KDM6A,WDR6,0
BMI1,EMB,0
MEF2C,ZEB2,0
MEF2C,2210016F16RIK,0
KDM6A,SERPINB1A,0
GFI1B,SPHK1,0
NFAT5,SUN1,0
RAD51,TASP1,0
RPA2,KRT18,0
KDM6A,SLC25A21,0
RPA2,VPS35,0
IRF1,CCNB2,0
RPA2,PROCR,0
RPA2,IFI204,0
CBX7,NUDCD3,0
RPA1,KLF1,0
RPA2,RGS1,0
RPA1,SPPL2A,0
NOTCH1,PRKAB1,0
GFI1B,ETS1,0
NFAT5,ALAD,0
IRF1,NFE2,0
NFAT5,RRM2,0
NR4A1,RAB37,0
NOTCH1,TMEM173,0
ELF4,THUMPD1,0
NFAT5,TEAD3,0
GFI1B,NUP93,0
ELF4,CSRP3,0
KDM6A,ID2,0
MEF2C,ATP1B2,0
ELF4,MFN2,0
IRF1,SLC19A1,0
IRF1,TSPAN3,0
BMI1,HSDL1,0
NOTCH1,CTLA2A,0
RAD51,HSPH1,0
IRF8,STEAP3,0
BMI1,TTF2,0
KDM6A,TGM2,0
RAD51,RAB32,0
NR4A1,TAF1,0
FOS,MEIS1,0
CBX7,SMIM5,0
CBX7,CSRP3,0
CBX7,RNASE6,0
FOXO1,CORO1A,0
EBF1,NGLY1,0
RPA1,ABCB10,0
MEF2C,ETF1,0
MEF2C,MINPP1,0
CBX7,ZFP930,0
ELF4,SLA,0
EBF1,ANKFY1,0
KDM6A,PCLAF,0
NFAT5,LANCL2,0
MEF2C,ARHGEF18,0
NFAT5,ANK,0
KDM6A,LSP1,0
MEF2C,USP37,0
NR4A1,CKAP2L,0
IRF8,TEAD3,0
IRF1,TMEM97,0
IRF1,L2HGDH,0
RPA1,PGM1,0
GATA2,FES,0
KDM6A,PDE4B,0
RPA2,ZFP655,0
IRF1,LYZ2,0
RPA2,SATB1,0
HDAC2,BTK,0
BMI1,TMEM185A,0
KDM6A,GRAMD1A,0
EBF1,PLK1,0
FOS,TMEM56,0
NFAT5,TBC1D15,0
RPA2,MARCH5,0
NFAT5,KPNA3,0
EBF1,MYO1G,0
RPA1,ATL2,0
RAD51,ARHGAP4,0
HDAC2,TFR2,0
NFAT5,CPQ,0
MEF2C,SUN1,0
RPA1,VPS33B,0
RPA2,GOLPH3,0
IRF1,HOXA9,0
IRF1,SPO11,0
FOXO1,DUSP2,0
NFAT5,TNFAIP8,0
CBFB,ARHGEF18,0
RPA2,LIG1,0
RAD51,CD93,0
ELF4,FAM168B,0
GFI1B,ALDH1A1,0
NFAT5,IDH3A,0
MYC,ARHGAP4,0
RPA2,CD1D1,0
CBX7,ZFP871,0
CBFB,MEF2C,0
RPA2,SESN1,0
RPA2,QARS,0
RAD51,EIF1AD,0
KDM6A,RGS2,0
GFI1B,APOE,0
NR4A1,TMEM185A,0
RPA2,RABIF,0
FOXO1,RCSD1,0
ELF4,PGLYRP2,0
FOS,CHMP7,0
RPA2,PPIC,0
RPA1,NIT1,0
NOTCH1,TRPV2,0
EBF1,4833439L19RIK,0
FOXO1,ATP2A3,0
RAD51,LDAH,0
RAD51,ZZZ3,0
FOS,CUL2,0
NR4A1,ID2,0
NFAT5,GOLT1B,0
IRF1,FKBP1A,0
GFI1,IKZF2,0
IRF1,MAN1A,0
IRF1,NUP85,0
RPA2,GTF2E1,0
FOXO1,MINPP1,0
NR4A1,CDC7,0
RAD51,H1F0,0
RPA2,GPSM2,0
ELF4,BCAP29,0
RPA1,UNC93B1,0
RAD51,1700017B05RIK,0
FOXO1,MAPKAPK3,0
NR4A1,DDX1,0
RPA2,HOXA9,0
SATB1,PRPS2,0
NOTCH1,RGS1,0
RAD51,ERMAP,0
CBFB,BATF2,0
BMI1,E2F6,0
NFAT5,NECAP2,0
MEF2C,UROD,0
MEF2C,DENND2D,0
RPA2,PRKAR2B,0
BMI1,STX12,0
GFI1B,FAM168B,0
NFAT5,IL27RA,0
MEIS1,SERPINF1,0
KDM6A,MMRN1,0
MEF2C,ZFP36,0
RPA2,AAR2,0
RAD51,MIEF1,0
BMI1,TYMS,0
MEIS1,PDZK1IP1,0
IRF1,ACSS2,0
RAD51,MARS,0
RAD51,CSAD,0
GFI1B,PRDM16,0
ESR1,GIMAP5,0
SATB1,KLHL22,0
RPA2,PNO1,0
FOXO1,TEAD3,0
IRF1,DTL,0
RPA2,GPR180,0
RAD51,KNSTRN,0
NOTCH1,PRIM2,0
GFI1B,GIMAP5,0
IKZF1,MUC13,0
KDM6A,TYMS,0
MEF2C,OAT,0
MEF2C,PRELID3B,0
MYC,CLDN13,0
SATB1,GOLM1,0
MEF2C,XK,0
NFAT5,ADGRL4,0
IRF1,SLC31A1,0
JUN,IFITM1,0
ELF4,ZBTB20,0
CBX7,MAN2A2,0
CBX7,OTUD6B,0
EBF1,NUBP2,0
RPA1,B230219D22RIK,0
RAD51,BID,0
RPA1,NAA35,0
IRF1,ZFP871,0
NFAT5,SESN1,0
BMI1,MCM6,0
FOS,TAF1,0
RAD51,UBA7,0
CBX7,HCFC1,0
MEF2C,GYG,0
FOS,UROS,0
NFAT5,PLIN3,0
GFI1B,PLK1,0
RPA1,KRT18,0
CBX7,VAMP3,0
ELF4,SLC20A1,0
RPA2,UBA3,0
NOTCH1,ASNS,0
GFI1B,PIK3C3,0
MEF2C,EMILIN2,0
NOTCH1,SDSL,0
IRF8,ACAA2,0
NOTCH1,MAPK12,0
MEF2C,WDR73,0
BMI1,CBX7,0
EBF1,NIF3L1,0
MEF2C,CPT2,0
EBF1,NCOA6,0
NR4A1,PRIM1,0
FOS,EPSTI1,0
ESR1,SPO11,0
RPA1,ZSCAN21,0
CBX7,TCN2,0
NR4A1,DUSP2,0
RAD51,SPC25,0
FOS,MTFR1,0
EBF1,NUDT4,0
NFAT5,PRKAR2B,0
RPA1,SLC25A46,0
NOTCH1,ATP2A3,0
CBX7,TRIM59,0
IRF1,UBASH3A,0
RPA2,ELMO1,0
MEF2C,MRPL37,0
CBX7,BCAP29,0
FOXO1,ANXA2,0
IRF1,GTF2E1,0
NFAT5,WDR75,0
WDR5,NDRG1,0
NR4A1,EGR1,0
FOXO1,MNDAL,0
MEF2C,GSKIP,0
NOTCH1,SLC29A1,0
RPA2,COLGALT1,0
GATA2,AFAP1L1,0
RPA1,MCM6,0
RPA2,TRIM47,0
BMI1,TIMM29,0
NFAT5,XRCC5,0
MEIS1,NOLC1,0
MEF2C,IFI30,0
IRF8,ZFP322A,0
CBX7,RARS,0
RAD51,VPS33B,0
BMI1,PIP4K2A,0
RPA2,EMB,0
GATA2,CDCA4,0
RAD51,NFIA,0
NR4A1,TFRC,0
BMI1,CD55,0
MEIS1,YBX1,0
IRF1,LSP1,0
RAD51,GLIPR2,0
RPA1,PMPCA,0
RPA1,TLR4,0
BMI1,POLR1B,0
FOS,SLC18A2,0
SATB1,TMEM56,0
MEF2C,INTS8,0
NR4A1,METAP1,0
ELF4,SSX2IP,0
ELF4,EMILIN2,0
MEF2C,HNRNPAB,0
MEF2C,MCM6,0
RAD51,ICA1,0
KDM6A,VAV1,0
FOXO1,PTPN12,0
RAD51,SMAD2,0
BMI1,RB1,0
RPA2,NUP107,0
RAD51,SLC30A5,0
KDM6A,ERMAP,0
IRF1,DHX33,0
GFI1B,EDC3,0
SATB1,SMIM1,0
KDM6A,PLBD2,0
STAT3,SMIM1,0
NFAT5,MRPL37,0
NOTCH1,QARS,0
RAD51,GNA13,0
KDM6A,GOLT1B,0
KDM6A,TRPV2,0
NFAT5,RNF213,0
RAD51,TIPIN,0
RPA2,IARS,0
GFI1B,TWSG1,0
IRF8,NUP93,0
RPA1,ACOX1,0
GFI1B,D230025D16RIK,0
EBF1,GUSB,0
BMI1,PLAC8,0
EBF1,CDCA3,0
MEF2C,LPIN2,0
IRF8,ZFP592,0
MEF2C,EYA1,0
RPA1,GSR,0
NOTCH1,LPIN2,0
SATB1,KRT18,0
FOXO1,MCM10,0
NOTCH1,ACAA2,0
EBF1,SNX10,0
BMI1,ORC5,0
CBX7,SPC25,0
STAT3,PLK1,0
RAD51,EPS15,0
CBX7,APEH,0
IRF8,SUN1,0
IRF8,SIGIRR,0
RPA1,STAP1,0
SATB1,PIK3IP1,0
RAD51,VIM,0
SATB1,HOXA9,0
EBF1,ZSCAN21,0
MEF2C,PLAC8,0
EBF1,MAU2,0
FOXO1,CMPK2,0
FOS,ARHGAP15,0
RPA2,CAR1,0
MEF2C,VILL,0
KDM6A,CYB5R3,0
MEIS1,TLE2,0
CBX7,REXO4,0
BMI1,NXPE2,0
KDM6A,SERPINF1,0
ETS1,VILL,0
IRF8,FAM45A,0
RPA2,2210016F16RIK,0
ELF4,EBF1,0
FOS,E2F4,0
NOTCH1,CLDN13,0
RAD51,PCLAF,0
NFAT5,ATG16L1,0
IRF1,CITED4,0
MEF2C,KIF11,0
CBX7,BYSL,0
IRF1,SLC30A6,0
NFAT5,AP3S1,0
IRF8,TNFAIP2,0
IRF1,CHP1,0
IRF1,ANAPC2,0
NOTCH1,KLF1,0
GFI1B,ADGRL4,0
IRF1,MFNG,0
NOTCH1,RNF145,0
FOS,BUB1B,0
FOXO1,SMARCA2,0
MEF2C,PHETA2,0
FOXO1,ASF1B,0
NFAT5,BMI1,0
NFAT5,TLK1,0
IRF8,COLGALT1,0
MEF2C,COPG1,0
RAD51,CTSC,0
NR4A1,WDR73,0
ESR1,LCP2,0
GFI1B,ARL8B,0
EBF1,ODC1,0
EBF1,NCLN,0
NR4A1,CLDN13,0
BMI1,ZSCAN21,0
MEF2C,SEPT8,0
IRF8,FARSB,0
GATA2,RNF115,0
EBF1,EPSTI1,0
NOTCH1,ZFP275,0
IRF1,DNPEP,0
IRF8,PSMD9,0
IRF8,APEH,0
FOXO1,MARCH8,0
CBX7,SDHAF2,0
HCFC1,NXPE2,0
RPA2,ANAPC4,0
EBF1,CHORDC1,0
KDM6A,MYCT1,0
ELF4,BAG2,0
NFAT5,ZFP24,0
HCFC1,MECOM,0
FOS,CDK1,0
FOXO1,KLF1,0
NFAT5,MIS18BP1,0
NFAT5,UROD,0
NFAT5,CASP2,0
GATA2,CD1D1,0
IRF8,ATP13A1,0
RPA2,KLHL22,0
RPA1,ANKRD27,0
FOXO1,RNF4,0
BMI1,SDSL,0
EBF1,YPEL3,0
RAD51,YBX1,0
HDAC2,SPO11,0
ELF4,NFIA,0
GFI1B,LTB,0
EBF1,SPI1,0
NR4A1,DCAF4,0
RAD51,MCM3,0
IRF8,RCSD1,0
IRF1,SPTBN1,0
CBX7,CASP1,0
GATA2,NFATC1,0
RPA1,GATA1,0
SATB1,MCM2,0
KDM6A,UBL4A,0
FOS,ZBTB20,0
MEIS1,POGLUT1,0
NFAT5,ZFP639,0
CBX7,VPS26C,0
RPA2,CSGALNACT2,0
BMI1,SELENBP1,0
KDM6A,NUPR1,0
MEF2C,DPH2,0
IRF1,GIMAP6,0
CBX7,PSMD9,0
GFI1B,LDHB,0
KDM6A,RASSF5,0
IRF8,STXBP3,0
MEF2C,PSMD6,0
RPA2,ZBTB20,0
IRF1,MOGS,0
RPA2,MFSD2B,0
KDM6A,ABCG2,0
IRF1,EPOR,0
IRF8,AP1G2,0
GFI1B,CORO1A,0
GFI1B,ABHD16A,0
RAD51,SPI1,0
MEF2C,ABHD16A,0
CBX7,IDH3A,0
BMI1,CUL3,0
IRF8,NARF,0
MEF2C,CBFB,0
RAD51,GSTM5,0
FOS,MYCT1,0
FOXO1,MTREX,0
CBX7,TMEM176B,0
FOS,NDN,0
NFAT5,KRT18,0
FOS,LMO4,0
IRF1,DUSP1,0
NR4A1,KLF3,0
IRF8,TNFRSF13B,0
EBF1,HNRNPAB,0
RPA2,H2-OB,0
NR4A1,PDE4B,0
MEF2C,APBB1,0
NFAT5,PHB2,0
EBF1,STXBP3,0
MEF2C,CLPX,0
MEF2C,TUBGCP3,0
FOXO1,ZKSCAN6,0
RPA1,CHP1,0
IRF1,CELA1,0
HCFC1,CYTIP,0
CBX7,METAP1D,0
RPA2,MSH6,0
HCFC1,RNASE6,0
NFAT5,ABI1,0
BMI1,SRSF1,0
FOS,SLC41A3,0
NFAT5,SLC25A45,0
CBX7,CYB5R3,0
IKZF1,ATP6AP1,0
SATB1,PKLR,0
NFAT5,NAE1,0
RPA2,RAB31,0
RAD51,GNG11,0
JUN,PDK3,0
FOXO1,SERPINB6B,0
RPA2,UHRF1,0
RPA1,ELAC2,0
FOXO1,SCARF1,0
RPA2,KEL,0
KDM6A,BUB1,0
RPA1,HAGH,0
RAD51,AFF4,0
EBF1,ASB8,0
WDR5,USP25,0
NFAT5,ZDHHC6,0
CBX7,RGS1,0
FOXO1,ETF1,0
BMI1,PDZK1IP1,0
MEF2C,AP5M1,0
BMI1,SMC2,0
RPA2,CNOT7,0
BMI1,FADS1,0
NFAT5,CAD,0
HCFC1,TBXAS1,0
RAD51,SLC19A1,0
EBF1,ITSN1,0
IRF1,MBTPS1,0
IRF8,CLIC4,0
FOS,THUMPD3,0
MEF2C,BIRC5,0
MEF2C,AP1B1,0
CBX7,RELB,0
CBX7,1700017B05RIK,0
EBF1,HUS1,0
IRF8,CDCA8,0
GFI1B,GOLT1B,0
MEF2C,DPH6,0
RPA1,PWP1,0
EBF1,HSD3B7,0
RAD51,MBOAT2,0
NFAT5,ANXA6,0
CBX7,SVIP,0
FOXO1,ZMYM3,0
CBX7,GOLPH3,0
RPA2,CALCRL,0
STAT3,MYCT1,0
EBF1,THUMPD1,0
IRF8,SLC7A4,0
EBF1,ST3GAL6,0
IRF1,VPS33B,0
IRF1,FZR1,0
GATA2,NXPE2,0
MEF2C,MCM7,0
EBF1,GTF2E1,0
STAT3,ZFP30,0
RPA1,SEH1L,0
RPA2,INPP5B,0
RPA2,SUN1,0
IRF8,PRSS50,0
MEF2C,ZBTB20,0
RAD51,RCC1,0
CBX7,ABCD3,0
MEF2C,CTSC,0
BMI1,STAT3,0
BMI1,PHF10,0
RPA2,HELLS,0
FOXO1,ASNS,0
NFAT5,BUB1,0
IRF8,PLCB2,0
IRF8,XAB2,0
EBF1,BTK,0
NR4A1,LAPTM4B,0
RAD51,CTNNA1,0
MEF2C,STXBP4,0
FOXO1,DENND2D,0
IRF1,MIEF1,0
MEF2C,PSMD9,0
RPA1,GIMAP5,0
KDM6A,SPO11,0
IRF1,MCTP1,0
EBF1,NAMPT,0
RPA2,TREML2,0
MEIS1,SLC18A2,0
GFI1B,CERS4,0
RPA2,AK3,0
NFAT5,CNOT7,0
NFAT5,GMNN,0
ELF4,UBA3,0
NFAT5,PPIL4,0
FOXO1,PIGQ,0
EBF1,LLGL1,0
BMI1,UBAP1,0
NR4A1,PLAG1,0
NR4A1,APLP2,0
IRF1,SLC35A1,0
CBX7,HCLS1,0
ELF4,BMI1,0
GFI1B,ACOX1,0
NOTCH1,TOM1L1,0
HDAC2,SLC7A4,0
BMI1,NFIA,0
GFI1,EYA2,0
FOS,MSH6,0
RAD51,RHOT1,0
RPA2,PLIN2,0
EBF1,PMPCA,0
MEF2C,ADGRG3,0
WDR5,CAR1,0
NFAT5,TPP1,0
NFAT5,TRMT6,0
EBF1,PITRM1,0
IRF1,CHMP7,0
RPA2,RPA1,0
RPA2,UROD,0
RPA1,XPR1,0
RPA2,SRSF1,0
GFI1B,FTSJ3,0
GFI1B,RHOF,0
ELF4,CD9,0
IRF8,POLR1B,0
FOXO1,ANAPC4,0
IRF1,ENPP4,0
GATA2,DEK,0
FOS,PPM1H,0
RAD51,NIF3L1,0
RPA1,PBK,0
RPA2,STAP1,0
RAD51,HACD4,0
RPA2,PIK3R2,0
CBFB,CELA1,0
RAD51,RMND5B,0
IRF1,CPOX,0
RPA1,SLC39A10,0
FOXO1,SERPINF1,0
RPA1,CENPK,0
FOXO1,ATP11C,0
WDR5,RAI14,0
RPA1,MECOM,0
RAD51,DYNLT3,0
CBX7,NCAPH,0
NFAT5,ORC2,0
BMI1,ARHGEF6,0
EBF1,RPP40,0
WDR5,TRPS1,0
NR4A1,PIK3C3,0
MEF2C,TGM2,0
FOXO1,PWP2,0
RPA2,ORC2,0
WDR5,SLC41A3,0
HCFC1,NSD2,0
GFI1B,NOL9,0
KDM6A,UTP4,0
RPA2,PCYT1A,0
IRF8,BAG2,0
STAT3,MPL,0
IRF1,ZFP322A,0
NOTCH1,TLR4,0
GFI1B,HCLS1,0
IRF1,RHD,0
IRF1,TIFA,0
WDR5,CELA1,0
GATA2,PGM1,0
HCFC1,CLDN13,0
ETS1,GNB4,0
RAD51,CHMP3,0
RPA1,TAPT1,0
GFI1B,H2-DMB1,0
CBX7,TRMT2A,0
NOTCH1,MYB,0
NFAT5,P2RY14,0
FOXO1,AFF4,0
CBX7,MYO1G,0
GATA2,ST6GALNAC4,0
MEF2C,CHCHD10,0
NFAT5,TMEM173,0
RPA2,ZSCAN21,0
MEF2C,ALKBH8,0
ELF4,SGPP1,0
NFAT5,SCFD1,0
SATB1,FLOT2,0
BMI1,STXBP4,0
MEF2C,HACD3,0
NFAT5,L2HGDH,0
EBF1,GM2A,0
RAD51,XPC,0
FOS,HLF,0
STAT3,XRCC3,0
NOTCH1,E2F6,0
FOS,MEF2C,0
NOTCH1,THRB,0
NFAT5,NDOR1,0
JUN,NXPE2,0
RPA2,DCAF4,0
RPA2,CYB5R3,0
STAT3,SPI1,0
BMI1,SGPP1,0
FOXO1,THRB,0
SATB1,FAM234B,0
IRF1,TBC1D10C,0
RPA1,XK,0
IRF1,KDM6A,0
NFAT5,SNRPB,0
SATB1,SELENBP1,0
RPA1,IL21R,0
JUN,VPS41,0
ELF4,MEMO1,0
ESR1,DOK2,0
GFI1B,IL21R,0
NFAT5,PRKCH,0
BMI1,CDK19,0
FOS,IFITM1,0
FOS,TMEM185A,0
RAD51,BCAP29,0
HCFC1,ARID3B,0
GFI1B,BATF2,0
NOTCH1,ISYNA1,0
RPA1,L2HGDH,0
RPA2,ZFP639,0
GFI1B,MCM3,0
IRF1,COG7,0
NFAT5,LZTR1,0
IRF8,PTCD3,0
MEF2C,PKLR,0
IRF8,NOL9,0
RPA1,ATP2A3,0
MEF2C,NSD2,0
IRF1,HNRNPLL,0
GATA2,TNFRSF13B,0
RAD51,GTF2E1,0
NOTCH1,TMEM176A,0
RPA2,ZYX,0
BMI1,FZR1,0
FOXO1,PRKAB1,0
MEF2C,MPL,0
RPA1,GATM,0
NOTCH1,HACD3,0
NR4A1,ITSN1,0
RPA2,ABCB4,0
NFAT5,RCOR1,0
EBF1,CYTH3,0
MEIS1,VIM,0
GFI1B,ELF4,0
RPA2,SALL2,0
NFAT5,NCLN,0
MEF2C,SNAP23,0
IRF1,MIOS,0
NFAT5,TMX1,0
GFI1B,PA2G4,0
EBF1,RUNX1T1,0
HDAC2,SLC25A21,0
BMI1,VAV1,0
KDM6A,HDAC9,0
NFAT5,GNPDA1,0
IRF1,LRRC14,0
RAD51,TMEM177,0
EBF1,CKAP5,0
RPA1,PTDSS2,0
RPA2,NSDHL,0
GFI1B,CTLA2B,0
RAD51,ABI1,0
KDM6A,CD93,0
EBF1,ATAD2,0
RPA1,PIK3IP1,0
IRF1,ZFP266,0
GATA2,CNN2,0
NFAT5,FKBP1A,0
FOXO1,LMNA,0
RPA1,DCAF11,0
FOXO1,HELLS,0
SATB1,LYZ2,0
NR4A1,NCOA6,0
ELF4,GOLM1,0
IRF8,LAPTM4B,0
GFI1B,SNAP23,0
GFI1,KLHL6,0
FOS,GDF3,0
FOXO1,KIF11,0
RPA2,CITED4,0
HCFC1,RAI14,0
NFAT5,RANBP3,0
GFI1B,PADI4,0
GFI1B,PCYT2,0
CBX7,PWP1,0
IRF1,NAA35,0
RPA1,PPOX,0
RPA2,COPB1,0
GATA2,IFITM1,0
BMI1,WDR4,0
NFAT5,CBX7,0
RPA2,CTSC,0
KDM6A,H2-DMB1,0
BMI1,DNPEP,0
RAD51,BAG2,0
JUN,PRKCQ,0
BMI1,SPNS2,0
IRF8,RPAP1,0
RPA2,FCHSD2,0
ESR1,SIGIRR,0
BMI1,LYRM4,0
RPA2,PMPCA,0
IRF1,CTPS,0
NFAT5,CD55,0
IRF8,HCFC1,0
CBX7,ELP3,0
IRF8,DLST,0
IRF1,GIMAP5,0
NFAT5,FGFR1OP,0
EBF1,CRBN,0
MEF2C,IL27RA,0
IRF8,XK,0
RAD51,SMIM5,0
RAD51,CYTH3,0
SATB1,SASH3,0
FOXO1,ZFP62,0
IRF1,ERCC8,0
SATB1,MT2,0
RPA1,NSDHL,0
CBX7,COLGALT1,0
IRF1,ELOVL1,0
EBF1,ZFP24,0
GATA2,MFN2,0
NFAT5,PML,0
CBX7,KNSTRN,0
IRF8,TYMS,0
IRF8,EDC3,0
IRF1,MCM10,0
FOS,COA5,0
RAD51,FAM76B,0
RAD51,VPS11,0
GATA2,PGLYRP2,0
BMI1,CDK1,0
JUN,MUC13,0
RPA1,LIMD2,0
RPA1,CD63,0
ETS1,FES,0
RAD51,INCENP,0
CBX7,PLIN3,0
MEF2C,STX17,0
IRF1,TUBGCP5,0
FOXO1,PDZK1IP1,0
RPA1,RANGAP1,0
MEF2C,NDN,0
RPA1,FAM91A1,0
GFI1B,MECOM,0
MEF2C,ZFP35,0
RPA1,ALDH9A1,0
IRF8,DDX1,0
GATA2,GRINA,0
CBX7,BIRC5,0
MEF2C,PRIM2,0
NR4A1,SERPINB1A,0
EBF1,CTR9,0
RPA1,RNASEL,0
CBX7,NOP2,0
EBF1,TMEM177,0
FOS,SLA,0
RAD21,PGR,0
MEF2C,SLC16A1,0
IRF8,PADI4,0
SATB1,SLC18A2,0
RAD51,LZTR1,0
KDM6A,IRF1,0
BMI1,WLS,0
NR4A1,KRT18,0
NR4A1,CUL2,0
RPA2,BTAF1,0
GFI1B,PEAR1,0
NOTCH1,ZFP36,0
GATA2,PRC1,0
IRF1,PWP1,0
NFAT5,STX17,0
BMI1,IARS,0
GFI1B,STXBP3,0
CBX7,PLBD2,0
MEF2C,CTSE,0
IRF1,BTAF1,0
KDM6A,ANXA2,0
CBFB,NSD2,0
NR4A1,BID,0
BMI1,UNK,0
MEF2C,BCLAF3,0
NFAT5,UCKL1,0
RAD51,MAU2,0
BMI1,PLAA,0
GFI1B,QARS,0
NFAT5,MOGS,0
IRF1,NAA50,0
BMI1,STT3B,0
NOTCH1,TEAD3,0
BMI1,CTTN,0
MEF2C,SMAD2,0
HCFC1,MYL10,0
GFI1,CTLA2B,0
RPA1,GANAB,0
BMI1,NSMAF,0
FOS,ST6GALNAC4,0
RPA1,CDC6,0
GFI1B,GARS,0
BMI1,CHP1,0
FOXO1,TERF2IP,0
FOXO1,FAM234B,0
NFAT5,CDCA4,0
KDM6A,ADAMTS10,0
EBF1,VPS41,0
BMI1,NARFL,0
NFAT5,TNFRSF13B,0
ESR1,LYZ2,0
MEF2C,PUS7,0
NFAT5,MED16,0
NOTCH1,VILL,0
KDM6A,CALCRL,0
HCFC1,ARHGEF18,0
CBX7,PRDM5,0
RPA2,ATG16L1,0
CBX7,SCARF1,0
CBX7,ASB8,0
MEF2C,MFNG,0
BMI1,AFG3L2,0
CBX7,PJA2,0
RPA1,CIPC,0
IRF1,PPIL4,0
MEF2C,PPIC,0
ELF4,APOE,0
EBF1,NCAPG2,0
EBF1,POLR2B,0
CBX7,MCM4,0
MEF2C,TNFAIP2,0
KDM6A,ELF4,0
RPA1,AAR2,0
RPA2,PHAX,0
MEIS1,SLC7A4,0
SATB1,PIDD1,0
IRF1,MARCH6,0
EBF1,TRPS1,0
IRF8,TUBGCP3,0
HCFC1,C1QTNF12,0
IRF8,TIPIN,0
MEF2C,PCCA,0
MEIS1,UBE2G2,0
NOTCH1,SLC7A4,0
IRF8,KIF11,0
NR4A1,APBB1,0
HCFC1,STARD10,0
HCFC1,SERPINB6B,0
NFAT5,CCNE2,0
MEF2C,SPNS2,0
CBX7,FBXW5,0
NFAT5,CSTF2,0
MEF2C,ERMAP,0
FOXO1,FAM91A1,0
IRF1,PIK3C3,0
RAD51,TUBGCP2,0
GFI1B,ERMAP,0
FOXO1,CKAP2,0
STAT3,TSHZ3,0
CBFB,PRDM16,0
GFI1B,SPIRE1,0
KDM6A,MNDAL,0
RAD51,CD34,0
NR4A1,ATP11C,0
GFI1B,MCM2,0
WDR5,SLC38A5,0
NFAT5,ENPP4,0
GATA2,CCNE2,0
IRF8,ABTB1,0
GFI1B,GSR,0
NOTCH1,ELOVL1,0
CBX7,KEL,0
KDM6A,RGS1,0
CBX7,RNF115,0
NR4A1,XRCC3,0
RAD51,STXBP1,0
RPA2,PPM1H,0
BMI1,RMND5A,0
RAD51,NFXL1,0
IRF1,KAT7,0
IRF8,IARS2,0
RPA2,ACOX1,0
HCFC1,SPO11,0
ELF4,ADGRL4,0
RAD51,NPLOC4,0
CBX7,NUPR1,0
FOXO1,TRMT2A,0
FOXO1,TES,0
RPA1,TVP23B,0
RAD51,PRKAB1,0
BMI1,FUCA2,0
CBX7,FARSB,0
MEF2C,ZFP322A,0
CBX7,CAMK1,0
NFAT5,UBL4A,0
EBF1,PPP6C,0
RAD51,HCFC1,0
RPA1,SNRPB,0
ELF4,EYA1,0
RPA1,PIDD1,0
CBX7,ALG9,0
RPA1,CD93,0
CBFB,GLIS2,0
WDR5,NDN,0
SATB1,ALDH1A1,0
SATB1,HNF4A,0
RAD21,ADGRG3,0
RAD51,HPCAL1,0
RAD51,RUNX2,0
IRF8,CKS1B,0
FOXO1,PIK3R2,0
IKZF1,C1QTNF12,0
NOTCH1,PLXNC1,0
RPA2,XAB2,0
NFAT5,PLIN2,0
NOTCH1,ACOX1,0
FOXO1,TSHZ3,0
BMI1,MBOAT2,0
WDR5,SERPINB6B,0
GATA2,UBASH3A,0
RPA1,PIP4K2A,0
NR4A1,ANXA4,0
CBX7,DENND1C,0
CBX7,MARCH5,0
RAD51,SLC39A10,0
RPA1,TIE1,0
FOXO1,HCFC1,0
NR4A1,CSAD,0
NOTCH1,CALU,0
BMI1,MINPP1,0
MEF2C,UBL4A,0
NOTCH1,PADI4,0
CBFB,AQP1,0
HCFC1,EMILIN1,0
KDM6A,CD48,0
EBF1,TNFAIP2,0
RAD51,TMEM164,0
IKZF1,MFSD2B,0
STAT3,USP10,0
MEF2C,ALAD,0
RPA2,ACSS1,0
FOXO1,TK1,0
RPA1,MCM10,0
BMI1,MYB,0
ELF4,PRKCQ,0
CBX7,DCTD,0
ELF4,PHETA2,0
SATB1,NAGA,0
MEF2C,PIDD1,0
FOS,NOP2,0
BMI1,JARID2,0
MEF2C,ITGA6,0
NOTCH1,CD9,0
FOXO1,DCP1A,0
RPA2,SCARB1,0
NR4A1,PJA2,0
IRF1,ZDHHC13,0
CBX7,ZFP30,0
NFAT5,TRMT2A,0
NR4A1,PRKCQ,0
MEF2C,PTPN12,0
CBX7,AHCTF1,0
RPA1,TMEM185A,0
CBX7,INPP5B,0
ELF4,SCARB1,0
NFAT5,CAR1,0
NFAT5,NR2C1,0
BMI1,CENPO,0
FOS,SPIRE1,0
EBF1,MCM6,0
IRF8,EGR1,0
CBX7,TLR4,0
RAD51,FAM234B,0
ELF4,ATL2,0
MEF2C,GNG11,0
RAD51,TEAD3,0
MEF2C,ZFP397,0
FOXO1,CSTF2,0
NOTCH1,SALL2,0
RAD51,PMPCA,0
NOTCH1,GNB4,0
SATB1,SDSL,0
GFI1B,NFIA,0
WDR5,ANGPT1,0
HDAC2,ADD2,0
IRF8,MARCH8,0
EBF1,SP4,0
GFI1,SERPINF1,0
RPA1,POLR1B,0
MYC,IFI44,0
NFAT5,FUCA2,0
RAD51,ZFP322A,0
MEF2C,AQP9,0
RAD51,PIDD1,0
BMI1,ORC2,0
BMI1,PQLC3,0
ELF4,TEAD3,0
RAD51,EGR1,0
EBF1,GPR171,0
STAT3,NCOA6,0
NOTCH1,MTAP,0
IRF8,WDR4,0
BMI1,DCAF4,0
WDR5,AFAP1L1,0
IRF1,PKM,0
IRF1,PLIN2,0
NOTCH1,FAM234B,0
GFI1,RHAG,0
NFAT5,MAPK1,0
FOXO1,TRMT11,0
ELF4,ACSS1,0
NFAT5,APLP2,0
CBX7,FZR1,0
KDM6A,RUNX2,0
RPA1,ITFG1,0
NR4A1,SQOR,0
IRF1,IARS,0
RPA2,NXPE2,0
GFI1B,STXBP1,0
MEF2C,BLZF1,0
CBX7,HACD3,0
KDM6A,NFE2,0
MYC,ESAM,0
NFAT5,IRF5,0
RPA2,SLC30A6,0
BMI1,PSAT1,0
NR4A1,CENPO,0
RPA1,ARAP1,0
RAD51,ATL2,0
MEIS1,PACS1,0
IRF1,CKS1B,0
RAD51,ANK,0
BMI1,TMEM68,0
FOXO1,ZZZ3,0
FOS,SEPT8,0
SATB1,EMILIN2,0
BMI1,ELOVL1,0
GFI1B,MYO1G,0
ETS1,HEBP1,0
MEF2C,GSS,0
SATB1,ICA1,0
HCFC1,H2-OB,0
EBF1,PIP4K2A,0
FOXO1,ORC5,0
IRF8,SPRYD4,0
FOXO1,XAB2,0
ESR1,PDZK1IP1,0
ELF4,MRPL37,0
NFAT5,HIST1H2BC,0
NFAT5,EPSTI1,0
KDM6A,PAK1,0
IRF1,GATA2,0
CBX7,LZTS1,0
GFI1B,CHCHD10,0
GFI1B,ALG11,0
FOXO1,MYL10,0
GATA2,TMEM56,0
WDR5,GRINA,0
IRF8,ZYX,0
IRF1,TMEM173,0
MEF2C,CUL4A,0
RPA2,PPARGC1A,0
CBFB,ALDH1A1,0
IRF8,GPKOW,0
IRF8,TXNRD2,0
IRF8,TRMT11,0
WDR5,SCARF1,0
NFAT5,PEAR1,0
KDM6A,RARB,0
FOS,SLC16A1,0
BMI1,GPR180,0
FOS,ARHGAP4,0
MEF2C,SOX6,0
GFI1B,SLC43A3,0
CBX7,TERF2IP,0
FOS,RNF141,0
FOXO1,EPSTI1,0
RPA1,MARS,0
IRF8,SLC30A5,0
RAD51,MTMR6,0
FOXO1,FTSJ1,0
NR4A1,CERS4,0
MEF2C,GIMAP1,0
KDM6A,YOD1,0
NFAT5,RAD21,0
MEF2C,SPI1,0
NFAT5,IRF1,0
NOTCH1,RBPMS,0
RPA2,NUDCD3,0
MEF2C,RRM1,0
IRF8,MUC13,0
IRF8,ST8SIA4,0
RAD51,LRRFIP1,0
CBX7,BC005561,0
RPA2,UAP1L1,0
RAD51,ANGPT1,0
RPA2,GTF2F1,0
RAD51,STT3B,0
CBX7,ZFP35,0
FOXO1,PSTPIP1,0
RAD51,CD82,0
EBF1,RAB31,0
FOXO1,ZFP30,0
RPA2,SLC14A1,0
NOTCH1,CERS4,0
RPA2,RTP4,0
CBX7,CASP3,0
NR4A1,TSPAN3,0
IRF8,CSRP3,0
BMI1,CPOX,0
EBF1,CUL3,0
ESR1,STAP1,0
RPA2,ZFP397,0
RPA2,ZFP961,0
IRF8,TENT5A,0
RPA2,MPL,0
FOXO1,NEDD1,0
FOXO1,SLC16A1,0
RPA1,MAPK9,0
MEF2C,PQLC1,0
WDR5,TMEM185A,0
RAD51,PACSIN2,0
FOS,FARSB,0
RPA2,SEPT8,0
ELF4,APLP2,0
BMI1,NCLN,0
RPA2,ETF1,0
NFAT5,MT1,0
GFI1B,JAK3,0
FOS,ANXA1,0
CBX7,TMEM206,0
NFAT5,ABCD3,0
NOTCH1,NAMPT,0
CBX7,PRPF4,0
FOXO1,PIP4K2A,0
NR4A1,BAG2,0
RPA1,PA2G4,0
IRF1,PITPNB,0
NOTCH1,TMEM109,0
KDM6A,EGR1,0
IRF1,GRAMD1A,0
ELF4,IRF8,0
RAD51,PGM1,0
MEIS1,MAPK12,0
RAD51,TMEM109,0
IRF1,NSDHL,0
EBF1,MINPP1,0
RPA1,ZYX,0
NFAT5,DUSP2,0
RAD51,ASNS,0
FOXO1,IRF1,0
MEF2C,ADAMTS10,0
GFI1B,NUP88,0
FOS,RNF145,0
FOXO1,ABHD16A,0
NFAT5,PPOX,0
NFAT5,TLE2,0
NFAT5,E2F8,0
FOXO1,CDT1,0
RPA2,XPR1,0
IRF1,FAM76B,0
RPA1,EIF1AD,0
IRF8,STARD10,0
SATB1,INPP1,0
NFAT5,NFE2,0
RPA1,ATP6V1A,0
MEF2C,MIS18BP1,0
GFI1B,ARAP1,0
RPA1,GPR180,0
RPA1,TMEM109,0
MEF2C,CKS1B,0
NOTCH1,ZFP592,0
ESR1,VAV1,0
KDM6A,CD84,0
GFI1B,APBB1,0
ELF4,KPNA3,0
FOXO1,ABCB4,0
IRF1,MFGE8,0
IRF1,IKZF1,0
GFI1B,COG7,0
NFAT5,MKI67,0
NOTCH1,SLA,0
ESR1,LTB,0
EBF1,H1F0,0
GFI1B,CASP2,0
CBX7,STAT3,0
MEIS1,RTP4,0
KDM6A,PLIN2,0
RAD51,ATP11C,0
RAD51,DDX1,0
ETS1,HDAC11,0
IRF1,KPNA3,0
NR4A1,IFI30,0
WDR5,SEPT8,0
RPA1,ADAMTS10,0
IRF1,ERLIN2,0
RPA2,GORASP1,0
MEF2C,VPS33B,0
ETS1,SLC43A3,0
CBFB,GDF3,0
FOXO1,ETS1,0
RPA1,RFESD,0
IRF1,XRCC6,0
IRF1,ICA1,0
FOXO1,MCTP1,0
RAD51,TBL3,0
FOXO1,ABL1,0
RPA2,OASL2,0
CBFB,AFAP1L1,0
RPA2,GIMAP1,0
MEF2C,RGS1,0
NOTCH1,SPHK1,0
RAD51,IKZF2,0
IRF1,SERPINB1A,0
GFI1B,FCHSD2,0
RPA2,PRPF4,0
EBF1,CNOT10,0
ELF4,CUL4A,0
FOXO1,NT5DC1,0
RAD51,ELF4,0
NOTCH1,HEATR5A,0
RAD51,MT2,0
RPA1,UBXN2B,0
SATB1,MYO1G,0
FOXO1,FAR1,0
RPA2,BIRC5,0
RAD51,PAK1,0
MEF2C,NCEH1,0
BMI1,KIDINS220,0
RAD51,NCAPG,0
MEF2C,ELL2,0
SATB1,IRF8,0
RPA2,METAP1,0
ELF4,PKLR,0
NOTCH1,LRRFIP1,0
MEF2C,POLR3F,0
FOXO1,ESR1,0
RPA2,MAPKAPK3,0
IRF8,GSR,0
ELF4,BTAF1,0
RPA2,TOP2A,0
RPA2,SNX10,0
RPA1,SERPINB1A,0
FOXO1,TARS,0
BMI1,FASTKD2,0
ELF4,GPSM2,0
WDR5,MFNG,0
WDR5,SQOR,0
NR4A1,SEPT8,0
STAT3,SPO11,0
RPA2,RUNX1T1,0
RPA2,PLIN3,0
CBX7,IFI204,0
CBX7,RASAL3,0
GFI1B,SPRYD4,0
NFAT5,AMPD3,0
RPA1,GPR171,0
IRF1,PHB2,0
EBF1,RFC5,0
KDM6A,MBOAT2,0
RPA1,CSRP3,0
GFI1B,VWA5A,0
IRF1,LTB,0
NFAT5,SIGIRR,0
NFAT5,RASA3,0
SATB1,CCDC137,0
RPA1,ADK,0
MEF2C,SLC6A6,0
RAD51,PUS7,0
BMI1,IL21R,0
RAD51,E2F4,0
NR4A1,HOXA9,0
NOTCH1,MMRN1,0
FOS,DTL,0
CBX7,TBC1D15,0
FOXO1,NELFB,0
BMI1,GLIPR2,0
NFAT5,AP1B1,0
RPA2,PWP2,0
BMI1,XRCC3,0
IRF8,UBASH3A,0
RPA1,MYL10,0
NOTCH1,IFI204,0
GFI1B,TRPS1,0
WDR5,PLXNC1,0
FOXO1,HEBP1,0
BMI1,MNDAL,0
EBF1,BTAF1,0
BMI1,IRF6,0
MEF2C,ISYNA1,0
RPA2,APOE,0
RPA2,CD82,0
STAT3,NAPSA,0
RAD51,POT1A,0
RPA1,RRM1,0
EBF1,MFNG,0
RAD51,NAGA,0
CBFB,GATA1,0
SATB1,KLHL23,0
ELF4,LRRFIP1,0
RPA1,HPN,0
FOXO1,SLC43A3,0
EBF1,SPTLC1,0
MEF2C,SLC38A5,0
NR4A1,RHOF,0
MEF2C,TIE1,0
CBX7,IFI203,0
NR4A1,TOP2A,0
ETS1,MAPK12,0
SATB1,NUPR1,0
RPA2,KLHL23,0
RPA2,CTNNA1,0
NR4A1,1700017B05RIK,0
IRF8,FAM234B,0
KDM6A,CTPS,0
SPI1,SDSL,0
RPA1,RHOT1,0
FOXO1,L2HGDH,0
NFAT5,E2F6,0
BMI1,PAK1,0
BMI1,LANCL2,0
EBF1,INTS8,0
RPA1,TSC22D3,0
CBX7,SIGIRR,0
IRF1,PSMD5,0
STAT3,PRSS50,0
MEF2C,IRF6,0
FOXO1,ACAP1,0
RAD51,ALDH1A1,0
JUN,KLHL6,0
IRF8,IFI44,0
RPA2,BLZF1,0
CBX7,LMO4,0
SATB1,PCP4L1,0
ELF4,ITIH5,0
EBF1,FOS,0
IRF1,TMUB2,0
RAD51,SLC41A3,0
RAD51,SDHAF2,0
STAT3,PPIC,0
NFAT5,MIEF1,0
NR4A1,MTO1,0
NOTCH1,PTGS1,0
GFI1B,STOM,0
RPA1,LPCAT3,0
RPA2,VPS33A,0
JUN,NFIA,0
NOTCH1,TRIM59,0
CBX7,CYTH4,0
NR4A1,SSX2IP,0
IRF8,CHAMP1,0
IRF8,IL15,0
CBX7,ZFP945,0
NFAT5,ASB8,0
FOXO1,CPT1A,0
NFAT5,IFI203,0
FOS,TRMT11,0
NFAT5,THRB,0
CBX7,TEAD2,0
WDR5,TSC22D3,0
FOXO1,PGM1,0
KDM6A,CDK1,0
NR4A1,ACAP1,0
IRF8,ESAM,0
RPA1,ZKSCAN6,0
SATB1,CCNB2,0
RPA1,ODC1,0
MEIS1,CENPE,0
MEF2C,ELAC2,0
NOTCH1,ELMO1,0
GFI1B,CDCA8,0
FOXO1,CAD,0
EBF1,ATP11C,0
RAD21,NSDHL,0
MEIS1,NFIA,0
NOTCH1,HEMGN,0
IRF1,RNASEL,0
GFI1B,NDE1,0
RPA2,ADO,0
IRF1,CIPC,0
EBF1,ZFP275,0
EBF1,NFE2L2,0
ESR1,HEMGN,0
IRF8,ACSS1,0
IRF1,OPTN,0
EBF1,LMO4,0
BMI1,TSPAN14,0
FOXO1,CTLA2B,0
WDR5,EMILIN2,0
GATA2,CTSO,0
RPA1,GYPA,0
RPA1,TFG,0
RPA1,PHETA2,0
RAD51,RPP40,0
NFAT5,PAFAH1B2,0
GFI1,GATA1,0
EBF1,HDAC7,0
BMI1,TES,0
RPA2,UCKL1,0
FOS,CAR1,0
NR4A1,TK1,0
IRF8,IFI30,0
SATB1,SAMD14,0
ESR1,RGS1,0
FOXO1,HOXA9,0
MEF2C,EBI3,0
GATA2,NCAPH,0
RPA2,EXOC3,0
GATA2,MYL10,0
NR4A1,GMCL1,0
GFI1B,PRPS2,0
FOS,MYB,0
MEF2C,COL5A1,0
MEIS1,CD9,0
KDM6A,AP1G2,0
RPA1,RUVBL2,0
MEF2C,SEPT6,0
FOXO1,TMEM186,0
WDR5,TCIRG1,0
NFAT5,MGST3,0
KDM6A,PKLR,0
CBFB,PML,0
RAD51,RBPMS,0
NOTCH1,PRPS1,0
ELF4,SMAD2,0
RAD51,SNRPB,0
NFAT5,EDC3,0
BMI1,SLC44A2,0
IRF1,MYL10,0
KDM6A,SMIM1,0
CBX7,KLF6,0
IRF1,FEM1B,0
KDM6A,CNN2,0
RPA2,DNAJC10,0
NFAT5,E2F4,0
IRF8,2610301B20RIK,0
RAD51,ZBTB20,0
KDM6A,AQP1,0
WDR5,IRF6,0
RPA1,ZEB2,0
NOTCH1,ALDH1A1,0
ELF4,MXD3,0
NOTCH1,TK1,0
EBF1,TIPIN,0
FOXO1,POLR3F,0
GFI1B,PGLYRP2,0
IRF1,1700017B05RIK,0
MEF2C,COPB2,0
KDM6A,SVIP,0
ELF4,GNB4,0
NR4A1,GRAMD1A,0
NOTCH1,PSEN1,0
FOXO1,TRIM59,0
BMI1,ABI1,0
FOXO1,PUS7,0
IRF1,EIF2B1,0
BMI1,MUC13,0
BMI1,NUPR1,0
RAD21,MUC13,0
EBF1,ALDH18A1,0
GFI1B,UCKL1,0
IRF8,CHMP3,0
CBX7,CENPA,0
ELF4,MMRN1,0
NFAT5,RCC1,0
GFI1,TRPV2,0
MEIS1,MCTP1,0
RPA1,FIGNL1,0
FOXO1,TRPS1,0
NR4A1,RFC5,0
IRF1,RPRD1B,0
RPA2,MORC3,0
FOS,FAAP100,0
CBX7,PIK3IP1,0
FOXO1,ERMAP,0
FOS,RNASE6,0
RPA2,GIMAP5,0
GFI1B,HEBP1,0
CBX7,ATL2,0
KDM6A,ITGA6,0
RPA1,ITIH5,0
NFAT5,STAP1,0
EBF1,TBC1D2B,0
IRF8,SPTLC1,0
CBX7,MBTPS1,0
NR4A1,BCLAF3,0
FOS,GSKIP,0
RPA2,TUBGCP2,0
SATB1,TFR2,0
NFAT5,OAT,0
RPA1,TMEM56,0
BMI1,SOX6,0
WDR5,PRKCQ,0
EBF1,REL,0
NR4A1,ZFP592,0
IRF1,XAB2,0
NOTCH1,MYH10,0
RAD21,IFI44,0
RPA1,ERLIN1,0
IRF1,TRPV2,0
BMI1,ZFP397,0
HCFC1,CNN2,0
FOXO1,ANKLE1,0
RAD51,SCARF1,0
BMI1,RAD21,0
CBX7,WDR75,0
RPA1,LPCAT1,0
FOXO1,MNS1,0
RPA1,MYC,0
IRF8,G6PDX,0
CBX7,ZKSCAN3,0
IRF8,CAD,0
FOXO1,RB1,0
GATA2,PPIC,0
BMI1,CHCHD10,0
IRF1,PWP2,0
RPA1,GLIPR2,0
FOXO1,CNOT7,0
IRF1,ZKSCAN3,0
BMI1,NEK9,0
IRF1,GIMAP1,0
EBF1,CTTN,0
NOTCH1,TAPT1,0
RPA1,PPAT,0
RAD51,MKI67,0
ELF4,NAPSA,0
RPA2,ZFP945,0
FOS,BCLAF3,0
MEF2C,ATG4B,0
MEF2C,GOLT1B,0
RPA2,RFC5,0
IRF8,VPS35,0
IRF8,SLC38A5,0
IRF1,SLC7A4,0
RAD51,DEK,0
GFI1B,CTSO,0
RPA1,SLC38A5,0
IRF1,RRM2,0
BMI1,NUP93,0
IRF8,TIMM50,0
EBF1,MARCH5,0
IRF1,MAPK12,0
ELF4,RRM2,0
FOS,PRMT7,0
FOXO1,TSPO2,0
RPA2,SCRN3,0
KDM6A,SOX6,0
BMI1,TANGO2,0
MEF2C,NSDHL,0
EBF1,HCFC1,0
HCFC1,PLAC8,0
CBX7,CRNKL1,0
BMI1,SPIRE1,0
NR4A1,WLS,0
RPA1,ZFP945,0
FOXO1,HARS,0
SATB1,MRPL37,0
MEF2C,GTF2H1,0
NR4A1,PRIM2,0
RAD51,ISYNA1,0
CBX7,TFR2,0
RPA2,LMNA,0
IRF1,VAMP3,0
GATA2,GNB4,0
BMI1,RHOT1,0
GATA2,PLXNC1,0
NFAT5,B230219D22RIK,0
MEF2C,ZFP961,0
IKZF1,SPO11,0
IRF8,NECAP2,0
FOXO1,PACSIN2,0
RPA1,NUBP2,0
RPA2,CDK19,0
RPA1,PREP,0
RPA1,ORC5,0
RPA1,SELENOP,0
IRF1,GMCL1,0
IRF8,CACFD1,0
RAD51,SGPL1,0
SATB1,TTF2,0
IRF1,SETD2,0
RPA2,TRMT6,0
WDR5,HOXA9,0
MEF2C,ABCG2,0
EBF1,GOLT1B,0
BMI1,OASL2,0
CBX7,RNF13,0
NR4A1,KIF11,0
RPA1,SPIRE1,0
BMI1,DHFR,0
RAD51,TMEM56,0
NFAT5,POLR2B,0
RAD51,USP10,0
EBF1,CKAP2,0
RPA2,WDHD1,0
NOTCH1,GMPR,0
IRF1,TARS,0
ESR1,ERMAP,0
NR4A1,SLC43A3,0
RPA1,NASP,0
IRF1,CENPK,0
NFAT5,FZR1,0
NFAT5,TSPAN3,0
IRF8,STX17,0
WDR5,EGR1,0
CBX7,F11R,0
IKZF1,CAMK1,0
ELF4,PLXNC1,0
ELF4,ABHD16A,0
NR4A1,RPP40,0
RAD51,CTPS,0
RPA1,HCFC1,0
RPA2,ANXA6,0
NOTCH1,NFATC1,0
BMI1,ESAM,0
MEF2C,PPP2R1B,0
RAD51,SGPP1,0
BMI1,NGLY1,0
RPA1,ARHGEF6,0
RPA1,ZFP871,0
BMI1,ATP6V1A,0
FOS,RRM1,0
CBX7,BUB1,0
NFAT5,TSPAN33,0
IKZF1,2210016F16RIK,0
MEF2C,GOSR2,0
IRF8,MIEF1,0
MEF2C,NFE2L2,0
GATA2,GIMAP6,0
RAD51,TAB1,0
GFI1,GNB4,0
CBX7,SETD2,0
FOXO1,SDSL,0
RPA2,GLIS2,0
GFI1,CD84,0
RPA2,PHB2,0
NFAT5,EXOC3,0
MEF2C,CDK1,0
MEF2C,HMMR,0
MEF2C,PRIM1,0
EBF1,POLA2,0
STAT3,AURKB,0
RPA2,BAP1,0
RAD51,ELMO1,0
FOXO1,GRAMD1A,0
BMI1,EPOR,0
RPA1,XPNPEP1,0
RPA2,CAD,0
IRF1,ANXA2,0
EBF1,PPAT,0
CBX7,ATP6AP2,0
SPI1,GATA1,0
RPA1,HIST1H1C,0
NOTCH1,PIDD1,0
GATA2,SLA,0
MEF2C,BTAF1,0
CBX7,GTF3C3,0
NOTCH1,ZSCAN21,0
RPA1,LIG1,0
NOTCH1,SNAP23,0
ELF4,TM7SF3,0
FOXO1,SLC30A5,0
MEF2C,CRNKL1,0
IRF8,PRKAA1,0
NFAT5,WDR5,0
NFAT5,GIMAP5,0
MEF2C,NCLN,0
GFI1B,CNN2,0
KDM6A,PLK1,0
NR4A1,ANKRD27,0
KDM6A,SASH3,0
FOS,PREP,0
EBF1,WDR73,0
CBX7,INTS8,0
NR4A1,PGR,0
GFI1B,UBXN2B,0
RPA1,MFSD14B,0
IRF1,AQP1,0
CBX7,KIF22,0
CBX7,MTO1,0
SATB1,CYTH4,0
RAD51,NFATC2,0
RPA2,RAD51,0
EBF1,HERC4,0
FOS,TXNRD2,0
RPA1,DCP1A,0
KDM6A,ASNS,0
BMI1,NUDT9,0
RAD51,SNAP23,0
BMI1,TLK1,0
NFAT5,ELP2,0
RPA1,DUSP1,0
NOTCH1,NPTN,0
CBX7,NFKBIA,0
CBX7,CKS1B,0
BMI1,EPAS1,0
IRF8,RRM2,0
ESR1,NCOA6,0
GFI1B,ICA1,0
IRF1,PIDD1,0
RPA1,SHCBP1,0
NOTCH1,SKAP2,0
RPA1,USP37,0
EBF1,D1ERTD622E,0
EBF1,PROCR,0
IRF8,ANXA2,0
ETS1,SPO11,0
STAT3,DYNLT3,0
RPA2,IPO4,0
SATB1,APBB1,0
WDR5,ENPP4,0
FOS,CLPX,0
BMI1,RARS,0
EBF1,MFGE8,0
RPA2,IRF1,0
RPA1,AP1G2,0
ETS1,GATM,0
GFI1B,TPP1,0
STAT3,UBL4A,0
IRF1,RHOF,0
BMI1,PIDD1,0
RPA2,GMPR,0
RPA1,PRSS50,0
NR4A1,INCENP,0
FOS,TOLLIP,0
NFAT5,ATP6V1A,0
SATB1,SNAPC3,0
FOS,DPH2,0
FOS,CD82,0
FOS,NDOR1,0
GFI1B,PAFAH1B2,0
BMI1,ANAPC4,0
RPA2,CASP4,0
NR4A1,CD55,0
RAD51,CDCA8,0
MEF2C,MYCT1,0
RPA2,VPS33B,0
FOS,TMEM176B,0
NR4A1,MYCT1,0
IRF1,RANBP3,0
EBF1,PSMD9,0
KDM6A,PLEK,0
GFI1B,SLC31A1,0
MEIS1,CTSE,0
BMI1,PTDSS1,0
RPA2,PSEN2,0
ELF4,SNAP23,0
KDM6A,D10WSU102E,0
RAD51,DNAJC5,0
MEF2C,SACM1L,0
EBF1,ARHGEF6,0
IRF1,SNRPB,0
FOXO1,IDH3A,0
NFAT5,CD34,0
RAD51,TACC3,0
BMI1,SETD2,0
RAD51,ZFP592,0
FOXO1,CNP,0
NOTCH1,SELENOP,0
RPA1,SQLE,0
IRF1,UBA5,0
MEF2C,MCM10,0
EBF1,USP37,0
ELF4,AFF4,0
ELF4,C1QTNF12,0
ESR1,EPSTI1,0
NFAT5,ZFP871,0
RPA1,HUS1,0
MEF2C,SMIM15,0
ELF4,SEPT6,0
FOS,TLE2,0
CBX7,SLC29A1,0
RPA1,RABGGTB,0
CBX7,TBL3,0
GATA2,TBC1D2B,0
RPA1,RAB31,0
MEIS1,ABCB10,0
MEF2C,NAGA,0
RAD51,PREP,0
KDM6A,P2RX4,0
EBF1,FBXO5,0
BMI1,GSTM1,0
RAD51,MEF2C,0
CBX7,AURKB,0
IKZF1,CITED4,0
FOS,TAPT1,0
NR4A1,VWA5A,0
FOS,BMI1,0
RPA1,NUSAP1,0
BMI1,PA2G4,0
EBF1,CD9,0
HCFC1,CSAD,0
IRF1,MAPK9,0
NFAT5,SRSF1,0
NFAT5,PRELID3B,0
KDM6A,SNX10,0
IRF8,AP5M1,0
CBX7,HELLS,0
IRF8,KPNA3,0
RAD51,NFATC1,0
ELF4,KLF3,0
GATA2,H2-OB,0
FOXO1,TFR2,0
FOXO1,ATP1B2,0
GATA2,LZTS1,0
NR4A1,RARB,0
RAD51,TMEM176A,0
IRF1,XRCC3,0
FOXO1,HLF,0
ELF4,VDR,0
CBX7,MCM5,0
GFI1,CRYZL2,0
NFAT5,MAD2L1,0
GFI1B,SELENOP,0
GFI1B,CYTIP,0
NOTCH1,CHUK,0
BMI1,CTR9,0
RPA1,SLC43A3,0
RPA2,FOS,0
EBF1,MNS1,0
FOXO1,LEPROT,0
RPA2,DHFR,0
MEF2C,PDE4B,0
NR4A1,MINPP1,0
NR4A1,ANXA2,0
RPA2,IRF5,0
RAD51,STEAP3,0
ETS1,TEAD3,0
IRF1,CASP3,0
BMI1,DCP1A,0
RAD51,ZFP266,0
FOS,INTS13,0
MEF2C,CYTH4,0
MEIS1,TBC1D15,0
HDAC2,ADGRL4,0
NR4A1,ANXA1,0
BMI1,GUSB,0
FOXO1,ESYT2,0
CBX7,TFG,0
CBX7,SP100,0
RAD51,HARS,0
IRF8,GMCL1,0
RAD51,MARCH8,0
FOS,MARCH6,0
NR4A1,IKZF1,0
RPA2,RORC,0
RPA1,ZBTB43,0
BMI1,LRRC8C,0
FOXO1,GTF3C3,0
FOXO1,PCYT1A,0
MEF2C,LZTR1,0
RPA2,RANGAP1,0
RPA1,TMEM129,0
BMI1,RRM1,0
RPA2,ITIH5,0
CBX7,D10WSU102E,0
MEF2C,IRF5,0
RPA1,COG7,0
BMI1,POLD1,0
IRF1,ABTB1,0
FOS,NGLY1,0
GATA2,GOLPH3,0
GFI1B,ATP7B,0
RAD21,FTSJ1,0
RAD51,CKAP2,0
RPA1,ZKSCAN3,0
NR4A1,ABCD3,0
EBF1,E2F6,0
RPA1,PLAA,0
RPA2,SAMD14,0
GFI1B,SMAD2,0
GFI1B,TMEM56,0
NR4A1,ABL1,0
FOS,4833439L19RIK,0
RPA2,SLC25A21,0
RPA1,ABHD16A,0
MEF2C,POLE3,0
GFI1B,PRKAB1,0
NR4A1,SLC25A38,0
IRF1,CDC45,0
IRF1,ATAD2,0
IKZF1,VDR,0
MEF2C,BUB1,0
BMI1,WDR45B,0
GATA2,SDHAF2,0
GFI1B,ZFP397,0
MEF2C,MCM3,0
JUN,TEAD3,0
RPA2,NGLY1,0
ESR1,RNASE6,0
IRF8,CSTF2,0
IRF8,LY6A,0
HCFC1,ITIH5,0
JUN,FAM234B,0
RPA1,FUCA2,0
BMI1,ACSS2,0
RAD51,TXNRD2,0
SATB1,SQOR,0
IRF8,COPB1,0
BMI1,EIF2B1,0
IRF1,SOX6,0
STAT3,ZFP592,0
RPA1,XRCC6,0
RAD51,LMO4,0
GFI1B,ELMO1,0
MEF2C,MOGS,0
NFAT5,KLF3,0
ELF4,MYCN,0
MEF2C,FECH,0
CBX7,LCP1,0
CBX7,BTAF1,0
IRF1,NUPR1,0
BMI1,LDAH,0
IRF1,AP1B1,0
RAD51,ALKBH8,0
SATB1,PPIC,0
GFI1B,IDH3A,0
FOXO1,TLR4,0
GFI1B,TNFAIP2,0
NFAT5,SVIP,0
IRF1,DDX20,0
MEF2C,NFATC2,0
BMI1,MARS,0
WDR5,COL5A1,0
KDM6A,DDX58,0
RAD51,HSPA4L,0
NR4A1,RHD,0
GFI1B,1700017B05RIK,0
JUN,CAR1,0
IRF8,MCM6,0
FOXO1,CIPC,0
NR4A1,PML,0
RAD51,ANXA2,0
NOTCH1,RNASEL,0
MEIS1,PKLR,0
NFAT5,SOX6,0
SATB1,AHR,0
IRF1,EFTUD2,0
FOXO1,ALAD,0
NR4A1,IKZF2,0
RAD51,RPRD1B,0
EBF1,RNF115,0
GFI1B,ZFP592,0
NOTCH1,SLC11A2,0
IRF1,METTL7A1,0
NOTCH1,SERPINB1A,0
IRF1,FAAP100,0
EBF1,SPO11,0
RPA1,C330018D20RIK,0
RPA2,YBX1,0
RPA1,TMEM97,0
RPA2,KLF6,0
BMI1,ABTB1,0
WDR5,TGM2,0
BMI1,TOLLIP,0
MEIS1,SPO11,0
RPA2,ITSN1,0
BMI1,RNF139,0
BMI1,ZFP672,0
CBX7,UAP1,0
KDM6A,TMC6,0
FOXO1,ZBTB43,0
RPA1,HEATR5A,0
NFAT5,MSH6,0
MEF2C,IFI204,0
RPA1,TYK2,0
MEF2C,FAM45A,0
IRF8,UROD,0
RPA2,MYL10,0
SATB1,DLST,0
IRF8,CORO1A,0
NFAT5,ANAPC2,0
BMI1,MT1,0
CBX7,CPOX,0
IRF8,STXBP4,0
EBF1,UBASH3A,0
MEIS1,DOK2,0
FOS,CENPE,0
RPA2,ISG20,0
MEF2C,GSTM1,0
RPA2,GSTM1,0
MEF2C,VIM,0
ELF4,LDHB,0
RAD51,SUPT7L,0
NFAT5,SPC24,0
RAD51,ADSSL1,0
MEIS1,SCARF1,0
BMI1,ITSN1,0
MEF2C,MCM4,0
RPA2,MNDAL,0
GATA2,CHCHD10,0
ELF4,ATP6AP2,0
BMI1,HDAC7,0
FOXO1,STAP1,0
RAD51,UBR7,0
RPA1,MXD3,0
BMI1,PROCR,0
FOS,LTB,0
FOXO1,CKAP5,0
RPA1,ZMYM3,0
FOXO1,SLC20A1,0
NFAT5,METTL27,0
EBF1,COG7,0
FOS,SNCA,0
ESR1,SPI1,0
IRF1,RCC1,0
FOXO1,CTNNA1,0
RAD51,ADGRL4,0
RAD51,MFN2,0
RPA1,PACS1,0
RAD51,PA2G4,0
RAD51,NELFB,0
CBFB,ESAM,0
RAD21,SLC18A2,0
IRF8,GOLM1,0
NOTCH1,PRKCQ,0
GFI1B,CHMP7,0
ELF4,RNF19A,0
GATA2,SVIP,0
RPA1,2610301B20RIK,0
KDM6A,PGM1,0
BMI1,ALG9,0
MEF2C,HIST1H2BC,0
KDM6A,DOCK2,0
RPA1,APOE,0
ELF4,AQP9,0
NFAT5,CYB5R3,0
RPA1,NFATC2,0
CBFB,EBI3,0
NFAT5,SELENBP1,0
BMI1,JUN,0
RAD51,FUCA2,0
SATB1,CPT1A,0
RAD51,HMBS,0
RPA2,TBC1D2B,0
RPA2,ARHGEF6,0
RAD51,SELENOP,0
RPA1,TPX2,0
MEF2C,ANKLE1,0
ELF4,MYCT1,0
NFAT5,RNF115,0
HCFC1,IRF6,0
RPA1,SACM1L,0
IRF8,NOLC1,0
IRF1,PRKAR2B,0
MYC,VWA5A,0
BMI1,CDC20,0
BMI1,MFSD2B,0
RPA2,ASAH1,0
FOXO1,NIF3L1,0
GFI1B,BAG2,0
IRF1,KLF6,0
KDM6A,SQLE,0
FOXO1,TBCD,0
FOXO1,GANAB,0
NFAT5,PLCG2,0
IRF1,CTNNA1,0
FOXO1,IARS2,0
RPA1,NUDCD3,0
NFAT5,FBXO5,0
IRF8,HSD3B7,0
NFAT5,PLBD2,0
BMI1,SLA,0
HDAC2,NCOA6,0
NFAT5,GANAB,0
BMI1,TSPO2,0
NFAT5,PRPS2,0
MEF2C,ABCB8,0
RPA1,NEK9,0
MEF2C,SPC25,0
NFAT5,RGS2,0
GATA2,ARHGAP15,0
IRF1,KIDINS220,0
IRF1,ATP7B,0
RPA1,MCM2,0
RPA1,MEMO1,0
RPA2,DCP1A,0
CBX7,PLIN2,0
NOTCH1,ANGPT1,0
RPA2,PRDM16,0
MEF2C,4833439L19RIK,0
MEF2C,PAK1,0
RAD51,TBXAS1,0
IRF1,GATA1,0
NFAT5,STK25,0
SATB1,BC005561,0
FOS,POLA2,0
NFAT5,ICA1,0
IRF8,SCFD1,0
RPA2,NUBP2,0
GFI1B,RDH11,0
RPA1,TRIB2,0
ELF4,NR3C2,0
EBF1,HLF,0
BMI1,P2RX4,0
IRF1,ACSS1,0
IRF1,WDR45B,0
NOTCH1,GRN,0
EBF1,XRCC6,0
RAD51,FECH,0
RAD51,NUP93,0
MEIS1,WDR55,0
RPA2,TCF19,0
RPA2,PIGQ,0
NFAT5,EXOC2,0
BMI1,PCLAF,0
RAD51,DDHD2,0
RPA1,RAD51,0
GFI1,MYO1G,0
NFAT5,CYP20A1,0
RPA1,PQLC1,0
EBF1,CD1D1,0
FOS,RHOF,0
GFI1B,SP100,0
MEF2C,CYTH3,0
NFAT5,CCDC137,0
FOXO1,NUSAP1,0
FOXO1,GNPDA1,0
IKZF1,ALDH1A1,0
FOXO1,REL,0
NOTCH1,ARID3B,0
GFI1B,EPAS1,0
MEF2C,ITSN1,0
NOTCH1,ZKSCAN17,0
GFI1B,IRF6,0
IRF1,PPM1H,0
NOTCH1,SLC16A1,0
EBF1,AURKA,0
CBX7,RHOT1,0
RAD51,HSDL1,0
IRF1,PEAR1,0
BMI1,UBASH3A,0
RAD51,TMC6,0
KDM6A,SLC22A3,0
NFAT5,UTP4,0
BMI1,SQLE,0
GFI1B,USF3,0
MEF2C,TNFRSF13B,0
RPA1,NOLC1,0
RAD51,PRMT7,0
IRF8,ARAP1,0
EBF1,TUBGCP3,0
NFAT5,RABGGTB,0
BMI1,ZFP62,0
GFI1B,TBL3,0
IRF1,INPP1,0
CBFB,DYNLT3,0
RAD51,SESN1,0
IRF1,PLAA,0
GFI1B,SLC19A1,0
IRF1,METTL8,0
EBF1,GORASP1,0
RPA2,ST8SIA4,0
MEF2C,EXOC2,0
NFAT5,ARMC8,0
RAD51,NUF2,0
IRF1,ZFP110,0
GFI1B,NFKBIA,0
BMI1,DOCK2,0
MEIS1,IRF6,0
IRF8,CYP20A1,0
FOXO1,RANBP3,0
WDR5,MT1,0
MEF2C,ELOVL1,0
FOS,CHCHD10,0
NFAT5,TAF12,0
BMI1,GRN,0
ELF4,ASAH1,0
BMI1,RGS19,0
RPA1,RASA3,0
RPA1,ICE1,0
NOTCH1,DUSP2,0
BMI1,PGM1,0
NR4A1,UHRF1,0
MEF2C,SERPINB9,0
IRF1,CHCHD10,0
GFI1B,TEAD2,0
KDM6A,ZDHHC13,0
MEF2C,TMC6,0
RAD51,METAP1D,0
ELF4,INPP5B,0
NFAT5,MTHFD1,0
RAD51,MIS12,0
IRF8,CHCHD10,0
FOXO1,MEF2C,0
RPA2,PHACTR2,0
IRF1,TSPAN33,0
NFAT5,TFG,0
NFAT5,DOK2,0
IRF8,H2-DMB1,0
IRF8,F11R,0
FOXO1,GNG11,0
KDM6A,STARD10,0
EBF1,EIF2B1,0
FOS,STXBP3,0
BMI1,MAU2,0
BMI1,TIPIN,0
FOXO1,GATA2,0
IRF8,SLC44A2,0
SATB1,SSX2IP,0
IRF1,HACD4,0
KDM6A,FAR1,0
RPA2,ADSSL1,0
IRF1,INCENP,0
ETS1,NDN,0
EBF1,ELMO1,0
MEF2C,CSRP3,0
ELF4,USP25,0
NFAT5,ATP2A3,0
FOXO1,APBB1,0
GATA2,FAM76B,0
BMI1,NRF1,0
MEF2C,ZFP945,0
RPA2,ELOVL1,0
STAT3,TRIM47,0
HCFC1,RORC,0
NOTCH1,ALAD,0
RPA2,PLAG1,0
RAD51,MINPP1,0
BMI1,SGPL1,0
RPA2,TMEM129,0
RPA1,ZFP24,0
RPA1,GPKOW,0
NFAT5,CACFD1,0
GFI1B,NPTN,0
ETS1,RAB31,0
RAD51,ABCB10,0
RPA2,TARS,0
IRF1,PLBD2,0
FOXO1,STXBP1,0
RPA1,PTDSS1,0
FOXO1,TXNRD2,0
GFI1B,SDSL,0
ETS1,MBOAT2,0
NFAT5,MORC3,0
BMI1,SERPINF1,0
GFI1B,TRIM30A,0
NFAT5,ZFP62,0
KDM6A,APBB1,0
CBX7,SLC7A4,0
IRF8,PROCR,0
IRF8,TSPAN3,0
IRF1,MT2,0
IRF1,FNTA,0
RAD51,HUS1,0
NR4A1,SCARF1,0
FOXO1,ABCD3,0
NR4A1,TNFRSF13B,0
RPA2,NUDT4,0
FOS,GEMIN5,0
NFAT5,FAAP100,0
HCFC1,APOE,0
MEF2C,AK3,0
RPA1,GRINA,0
RPA1,SLC16A1,0
NR4A1,THUMPD1,0
RAD51,DNAJC10,0
NOTCH1,TBC1D10C,0
SATB1,IFI30,0
JUN,DPH2,0
RPA1,CHUK,0
STAT3,ESAM,0
NR4A1,TYMS,0
CBX7,PADI4,0
RPA2,IFI30,0
FOXO1,OSTM1,0
CBX7,DTL,0
RPA2,GLIPR2,0
RPA1,ZDHHC13,0
RPA1,RANBP3,0
RPA2,ARHGAP15,0
RPA1,SOX18,0
FOS,H2-DMB1,0
MEF2C,STK25,0
NR4A1,CD74,0
GATA2,CENPF,0
ELF4,ACAP1,0
IRF8,PLEC,0
RAD51,WDR75,0
RPA2,SLC41A3,0
MEF2C,RPP40,0
IRF1,NPLOC4,0
RPA2,HNF4A,0
WDR5,SMIM1,0
RPA2,FTSJ1,0
FOXO1,HIST1H1C,0
SATB1,FES,0
KDM6A,TSPAN14,0
MEIS1,RCSD1,0
EBF1,PICALM,0
NOTCH1,GIMAP5,0
RPA2,RAD21,0
RPA1,ITSN1,0
EBF1,ALDH1A1,0
GATA2,JAK3,0
FOXO1,PRSS50,0
RPA1,MYCT1,0
GFI1,TSHZ3,0
RPA2,ANKRD27,0
IRF1,RCSD1,0
FOXO1,SACM1L,0
BMI1,TBCD,0
EBF1,PLAC8,0
KDM6A,GLIS2,0
RPA2,BLVRB,0
EBF1,STT3B,0
RAD51,XPR1,0
GFI1B,TMEM206,0
RPA1,MYO1D,0
RAD51,WDR5,0
CBX7,VWA5A,0
IRF8,CYTH3,0
BMI1,CRBN,0
GATA2,KLHL23,0
FOXO1,UCKL1,0
NFAT5,USP8,0
NFAT5,CERS4,0
FOS,GSTM1,0
NFAT5,PLXNC1,0
GFI1B,STT3B,0
FOXO1,NOLC1,0
NOTCH1,RABIF,0
BMI1,PRDM5,0
KDM6A,SDSL,0
MEF2C,NUDT9,0
NFAT5,VIM,0
NOTCH1,ST3GAL6,0
RAD51,ICE1,0
SATB1,ST6GALNAC4,0
RAD51,CSTF2,0
MEF2C,RMND5B,0
MEF2C,RAB32,0
MEIS1,PPIC,0
MEF2C,NCAPG,0
KDM6A,NCOA6,0
NR4A1,PRMT7,0
KDM6A,PLCG2,0
GFI1B,E2F8,0
RPA1,ENDOD1,0
FOXO1,NUP93,0
IRF8,AP3S1,0
KDM6A,ZKSCAN3,0
RAD51,CBFB,0
EBF1,NFIA,0
NR4A1,TMX1,0
IRF1,TENT5A,0
FOXO1,ZFP36,0
IRF1,COLGALT1,0
NR4A1,HARS,0
CBX7,SGTA,0
MEF2C,NEURL3,0
FOXO1,SPO11,0
RPA2,GSS,0
FOXO1,CSGALNACT2,0
NR4A1,TUBGCP5,0
RPA1,NELFB,0
WDR5,RAB31,0
IRF1,ABCD3,0
IRF8,PHF10,0
CBX7,PLEK,0
MEF2C,RNF4,0
CBX7,UAP1L1,0
RAD51,CCNE1,0
NR4A1,MFN2,0
GATA2,ST3GAL6,0
MEF2C,YPEL3,0
RPA2,SPPL2B,0
IRF1,GFM1,0
RPA2,UBR7,0
NFAT5,PADI4,0
NFAT5,SLC22A3,0
MEF2C,RHOT1,0
NOTCH1,VAV1,0
RAD21,PADI4,0
RAD51,UROD,0
NOTCH1,PBX1,0
RAD51,MCM2,0
FOXO1,SUPT7L,0
IRF1,KIF20B,0
RPA1,VILL,0
FOXO1,CYTIP,0
FOXO1,SLC6A6,0
RPA2,DOK2,0
FOS,SERPINF1,0
WDR5,HPN,0
IRF1,TCF19,0
NR4A1,NFATC2,0
NOTCH1,TES,0
MEF2C,LEPROT,0
FOXO1,GATA1,0
EBF1,H2-DMB1,0
FOXO1,ELMO1,0
GFI1B,ARMT1,0
RPA1,CALCRL,0
FOS,DLST,0
ELF4,TRIB3,0
BMI1,DNAJC5,0
NOTCH1,ZEB2,0
IRF1,SIGIRR,0
ELF4,HDAC9,0
ELF4,MEF2C,0
IRF1,AHCYL1,0
RPA2,KLF3,0
GATA2,PDK3,0
GFI1B,TUBGCP2,0
FOS,MEMO1,0
RPA2,NFAT5,0
BMI1,AQP9,0
RPA2,POLR2B,0
IRF8,THUMPD3,0
IRF1,RAD51,0
HCFC1,VDR,0
GFI1,PGR,0
RAD51,ADK,0
BMI1,TSHZ3,0
CBX7,ENPP4,0
MEF2C,CMPK2,0
MEF2C,IDH3A,0
IRF8,ATG16L1,0
BMI1,CYB5R1,0
STAT3,HACD4,0
RPA1,RORC,0
BMI1,ZYX,0
NFAT5,MEMO1,0
RPA2,MAN2A2,0
EBF1,PRELID3B,0
RPA1,RRM2,0
RAD51,PIK3C3,0
IRF8,EMILIN1,0
WDR5,KEL,0
FOS,PIDD1,0
NR4A1,PLXNC1,0
BMI1,SKAP2,0
FOXO1,P2RY14,0
EBF1,SNAP23,0
GFI1B,KLHL23,0
CBX7,CKAP5,0
FOS,ZFP672,0
MEF2C,TFR2,0
CBFB,PIDD1,0
CBX7,H2-DMB1,0
IRF8,FAAP100,0
RPA2,GDF3,0
FOXO1,KLHL22,0
NFAT5,ZFP110,0
RPA2,BUB3,0
KDM6A,TBC1D10C,0
NFAT5,SLC11A2,0
SATB1,CCNE1,0
SATB1,LLGL1,0
CBX7,CSTF2,0
IRF1,NXPE2,0
EBF1,RGCC,0
RPA2,ZFP143,0
RAD51,FAM168B,0
GFI1B,NXPE2,0
IRF1,TGM2,0
IRF8,RABGGTB,0
HCFC1,ZBTB20,0
EBF1,TMC6,0
RPA2,WDR45B,0
IRF1,BC005561,0
IRF8,ADGRL4,0
ELF4,FAM234B,0
HCFC1,UGCG,0
GFI1B,XPNPEP1,0
EBF1,FAM234B,0
KDM6A,TANGO2,0
NR4A1,ESR1,0
FOXO1,MMRN1,0
NFAT5,TAPT1,0
WDR5,CES2G,0
NR4A1,MYO1G,0
CBX7,PRSS50,0
RPA2,PACS1,0
BMI1,RNF145,0
MEF2C,SGTA,0
BMI1,CTLA2B,0
BMI1,NOLC1,0
GFI1B,ITIH5,0
IRF1,UAP1,0
CBX7,MORC3,0
GFI1B,MAN2A2,0
NFAT5,ARL6IP6,0
BMI1,ELMO1,0
GFI1B,HOXA9,0
FOXO1,OTUD6B,0
NR4A1,AFG3L2,0
RPA2,NUSAP1,0
NFAT5,COQ8A,0
RPA1,IFT140,0
BMI1,PCP4L1,0
FOXO1,SEPT8,0
GFI1B,XPC,0
BMI1,TRPS1,0
RPA2,ATP6AP1,0
EBF1,CTPS,0
NFAT5,SPC25,0
FOXO1,ENDOD1,0
RPA1,GMPR,0
GFI1B,GYG,0
BMI1,LAP3,0
ELF4,NAE1,0
FOS,COL5A1,0
IRF8,VPS26C,0
HDAC2,MPL,0
RPA2,TMEM263,0
CBX7,HEMGN,0
NFAT5,ITSN1,0
BMI1,ELL2,0
NR4A1,IARS2,0
GFI1B,CYB5R3,0
NOTCH1,EMILIN1,0
RPA1,WLS,0
FOS,G6PDX,0
RPA2,RHOF,0
KDM6A,NASP,0
BMI1,GALK2,0
NFAT5,RUVBL2,0
IRF1,TNFRSF13B,0
MEF2C,KLF3,0
RPA1,DNAJC5,0
IRF1,HDAC11,0
EBF1,TEAD2,0
RPA2,NET1,0
FOXO1,MED16,0
MEF2C,POLR1B,0
RAD51,ZFP397,0
NFAT5,ALKBH8,0
NR4A1,MTMR6,0
MEF2C,XPNPEP1,0
NOTCH1,EIF4ENIF1,0
IRF8,ATP2A3,0
RPA2,MCM2,0
RPA1,NCAPD2,0
BMI1,TTLL12,0
RPA1,POT1A,0
RPA1,SLC43A1,0
RAD51,NUPR1,0
STAT3,RNF213,0
EBF1,SLC41A3,0
KDM6A,ALDH18A1,0
GFI1B,LY6A,0
GFI1B,SLA,0
RPA2,PLCG2,0
NFAT5,IFI44,0
BMI1,TFR2,0
NFAT5,ENDOD1,0
RPA2,NFATC2,0
EBF1,ZFP451,0
SATB1,CD63,0
MEF2C,NGLY1,0
CBFB,SPO11,0
CBX7,MSH6,0
FOXO1,CTSO,0
MEF2C,MT2,0
NFAT5,GRN,0
GATA2,FLOT2,0
HCFC1,IRF8,0
NFAT5,STARD10,0
RPA2,MEF2C,0
IRF1,XK,0
NOTCH1,PROCR,0
NOTCH1,MTO1,0
BMI1,RNF13,0
RPA1,CPT1A,0
NR4A1,GFI1,0
IRF1,AK3,0
SATB1,UGCG,0
MEF2C,PTDSS1,0
NFAT5,GNG11,0
NOTCH1,CBFB,0
IRF8,UBR1,0
RPA2,HDGF,0
SPI1,SLA,0
ESR1,IKZF1,0
IRF8,RNF19A,0
NFAT5,CASP4,0
IRF8,PRPS1,0
EBF1,CDCA5,0
NFAT5,GMPR,0
FOXO1,SLC25A46,0
RAD51,MYC,0
RPA1,ABL1,0
SATB1,ERMAP,0
KDM6A,SLC38A5,0
RPA1,SNRNP200,0
BMI1,COPB2,0
JUN,G6PDX,0
RAD51,PRDM5,0
NR4A1,ATL2,0
EBF1,ZDHHC6,0
ELF4,CNN2,0
RAD21,LY6A,0
NOTCH1,RMND5B,0
IRF1,TM7SF3,0
RAD51,HACD3,0
ESR1,KRT18,0
CBX7,CORO1A,0
ELF4,ICE1,0
RAD51,RABGGTB,0
SATB1,HDAC9,0
BMI1,SPI1,0
RPA2,BTK,0
FOXO1,AP1G2,0
EBF1,ARMT1,0
MEF2C,DRAM2,0
EBF1,PSMF1,0
CBX7,CNOT10,0
BMI1,SP4,0
RPA2,SNRPB,0
KDM6A,NET1,0
NFAT5,TMEM176A,0
KDM6A,TSPAN3,0
RPA1,ANGPT1,0
FOXO1,SUN1,0
MEF2C,DNAJC5,0
IRF8,UBAC1,0
KDM6A,TRPS1,0
RAD51,VPS41,0
WDR5,PRKCH,0
KDM6A,PTDSS2,0
MEF2C,NOP2,0
NR4A1,PLPPR3,0
RPA1,PLK1,0
IRF8,VKORC1L1,0
NOTCH1,PGM1,0
NFAT5,ASF1B,0
KDM6A,PRDM16,0
RAD51,NFE2L2,0
EBF1,SETD2,0
EBF1,C330018D20RIK,0
IRF1,VILL,0
KDM6A,RASAL3,0
IRF1,UBE2G2,0
NFAT5,SMARCA2,0
FOS,PHACTR2,0
RPA1,RARB,0
RPA1,PRPS1,0
FOXO1,RPA2,0
NFAT5,UBE2C,0
EBF1,ZBTB10,0
BMI1,GSTM5,0
KDM6A,NARF,0
NFAT5,GLIS2,0
NFAT5,ZZZ3,0
SATB1,SVIP,0
HCFC1,HNF4A,0
CBX7,IFI44,0
NOTCH1,STAP1,0
EBF1,HARS2,0
EBF1,SLC20A1,0
FOXO1,ORC6,0
GFI1B,CAMK1,0
RPA1,ST3GAL6,0
GFI1B,ISYNA1,0
NFAT5,PRKAA1,0
NR4A1,CTNNA1,0
GFI1B,GIMAP1,0
IRF1,NUP155,0
GATA2,SMIM1,0
NFAT5,MARCH6,0
RPA1,TSPAN3,0
IRF8,NCAPD2,0
RPA2,ATAD2,0
KDM6A,TES,0
FOXO1,CNIH1,0
RAD51,DRAM2,0
EBF1,OPTN,0
BMI1,GNA13,0
RPA1,ANAPC2,0
GFI1B,RAI14,0
CBX7,USP37,0
MEF2C,DUS1L,0
KDM6A,TPP1,0
MEF2C,PAFAH1B2,0
NFAT5,SPPL2B,0
MEF2C,STT3B,0
ESR1,TREML2,0
SATB1,NXPE2,0
RPA2,PSMD6,0
IRF8,ANAPC2,0
RAD51,STARD10,0
FOXO1,SLC14A1,0
ELF4,CEPT1,0
RPA2,IL27RA,0
FOS,ITGA6,0
EBF1,IFI204,0
RAD51,GNAI3,0
MEF2C,ANAPC4,0
FOS,SAMD14,0
EBF1,UBA5,0
NOTCH1,CYP20A1,0
SATB1,OPTN,0
CBX7,GEMIN5,0
EBF1,NFXL1,0
NFAT5,ZFP945,0
IRF1,TAB1,0
IRF1,CDK1,0
FOXO1,PRKCH,0
NFAT5,MFSD2B,0
NFAT5,AFAP1L1,0
RPA2,C330018D20RIK,0
MEF2C,CLN5,0
NOTCH1,EPAS1,0
NOTCH1,AP1B1,0
RAD51,TRPS1,0
GFI1B,EBI3,0
NR4A1,TANGO2,0
BMI1,ATP6AP2,0
NR4A1,LMO4,0
EBF1,MCM2,0
EBF1,LDAH,0
MEF2C,GPSM2,0
RPA2,ITGA6,0
NOTCH1,GLIS2,0
IRF8,TMEM97,0
GATA2,GATM,0
GATA2,ELP3,0
NFAT5,ITIH5,0
NR4A1,MAN1A,0
RPA2,RBPMS,0
IRF8,ZFP930,0
RAD51,CCNG1,0
RPA1,TAB1,0
IRF1,RRM1,0
BMI1,LMBRD1,0
RAD51,FASTKD2,0
RAD51,MYL10,0
NFAT5,TTF2,0
IRF8,TBC1D15,0
SATB1,MAN2A2,0
RAD51,YPEL3,0
KDM6A,PIK3R2,0
ELF4,RORA,0
NFAT5,CDCA3,0
NR4A1,MYC,0
FOXO1,ZDHHC13,0
MEF2C,GYPC,0
BMI1,TMEM64,0
ELF4,SPC24,0
GFI1B,AHCTF1,0
FOXO1,CKAP2L,0
RPA2,IRF8,0
NFAT5,DPH2,0
ETS1,TMEM56,0
IRF1,TXNRD2,0
NFAT5,H1F0,0
NOTCH1,ABCB10,0
IRF8,STOM,0
RPA2,IPO9,0
RPA1,KLF6,0
CBX7,TRIB3,0
RPA1,IARS,0
GFI1B,YOD1,0
SATB1,DCTD,0
KDM6A,SPRYD4,0
KDM6A,UMPS,0
BMI1,SLC18A2,0
MEF2C,ATP7B,0
RPA2,THRB,0
RPA2,NOTCH1,0
RPA1,CAST,0
ELF4,PLAC8,0
MEIS1,MNDAL,0
GFI1B,WLS,0
MEF2C,TAF12,0
NR4A1,SLC20A1,0
NR4A1,MEIS1,0
NR4A1,PITRM1,0
NFAT5,UROS,0
EBF1,GLIS2,0
RPA1,COL5A1,0
EBF1,MED22,0
RPA2,TMEM173,0
NFAT5,KEL,0
CBX7,TMX3,0
FOXO1,PLA2G12A,0
RPA1,MED22,0
RPA2,HEXA,0
KDM6A,SPHK1,0
NOTCH1,SERPINB9,0
CBX7,HEATR5A,0
KDM6A,HLF,0
ETS1,CD9,0
GFI1B,THRB,0
JUN,SLC18A2,0
FOXO1,SLC39A9,0
EBF1,KIF22,0
RPA1,QARS,0
RPA1,MTMR6,0
BMI1,BAP1,0
RPA2,TCP11L2,0
RPA1,SEC23IP,0
GFI1B,RCC1,0
RAD51,MCM7,0
KDM6A,GYPA,0
CBX7,C330018D20RIK,0
NFAT5,AHCTF1,0
IRF8,HEBP1,0
IKZF1,CSAD,0
RAD51,TMEM64,0
CBFB,LZTS1,0
CBX7,NAPSA,0
SATB1,VAV1,0
RAD51,ANAPC2,0
RPA2,HSD3B7,0
GFI1B,BLZF1,0
IRF8,YPEL3,0
NR4A1,ATG12,0
ETS1,THUMPD1,0
EBF1,EYA1,0
RPA2,ID2,0
IRF1,APEH,0
STAT3,EGR1,0
KDM6A,TMEM164,0
RAD51,VDR,0
STAT3,CD34,0
RPA1,TLK1,0
MEF2C,LRRC14,0
JUN,SLC22A3,0
RPA1,NUP93,0
IRF8,ZSCAN21,0
HDAC2,HNF4A,0
NR4A1,NRF1,0
JUN,GIMAP1,0
NFAT5,POLD1,0
KDM6A,CD9,0
MEF2C,PLBD2,0
RAD51,PDZK1IP1,0
IRF8,RGS1,0
RPA2,AQP1,0
BMI1,9430015G10RIK,0
MEIS1,TM7SF3,0
RPA2,NPTN,0
RPA2,SPTBN1,0
NOTCH1,TMEM176B,0
BMI1,HEATR5A,0
NFAT5,ZFP672,0
IRF8,FTSJ1,0
NOTCH1,RELB,0
MEF2C,HSPA4L,0
GFI1B,IFI44,0
MEF2C,EXT2,0
HCFC1,PRDM16,0
FOXO1,ATG12,0
RAD51,NSD2,0
KDM6A,GNPDA1,0
RPA2,SLA2,0
GFI1,ANXA1,0
RAD51,IPO9,0
EBF1,RASAL3,0
NFAT5,FBXW5,0
RPA1,HACD3,0
FOXO1,HEXA,0
IRF8,ATP11C,0
MEF2C,CENPK,0
FOXO1,GORASP1,0
SATB1,FOXO1,0
IRF8,CD9,0
MEF2C,CAR1,0
STAT3,SVIP,0
BMI1,NDC1,0
ETS1,IRF6,0
RPA2,PRDM4,0
RPA2,DDHD2,0
GFI1B,UTP4,0
EBF1,ANXA1,0
EBF1,TTF2,0
NR4A1,KPNA3,0
CBX7,ORC2,0
NFAT5,RAD51,0
SATB1,CD34,0
MEIS1,UBL4A,0
RPA1,RHAG,0
GFI1B,RHAG,0
IRF8,TUBGCP5,0
MEF2C,RMND5A,0
RPA2,C1QTNF12,0
NFAT5,RHD,0
MEF2C,COPB1,0
SATB1,XK,0
RAD51,ODC1,0
FOXO1,FOXRED1,0
SATB1,EPOR,0
RPA2,THUMPD1,0
RAD51,ETS1,0
GATA2,SDSL,0
NFAT5,BLZF1,0
RPA2,CNN2,0
CBX7,UROD,0
EBF1,MT1,0
RPA1,SELENBP1,0
IRF8,BMI1,0
KDM6A,LZTS1,0
FOXO1,ZYX,0
EBF1,MBTPS1,0
CBFB,KRT18,0
SATB1,MAPK12,0
HCFC1,HPCAL1,0
KDM6A,SP100,0
FOS,CITED4,0
IKZF1,ERMAP,0
BMI1,CDCA3,0
STAT3,TIFA,0
NR4A1,9430015G10RIK,0
NR4A1,SERPINA3G,0
IRF8,4833439L19RIK,0
MEF2C,PEAR1,0
MEF2C,FZR1,0
EBF1,MUC13,0
CBX7,TOR3A,0
EBF1,SESN1,0
IRF1,SEPT8,0
FOXO1,P2RX4,0
FOS,SOX6,0
GFI1,TLE2,0
WDR5,GDF3,0
FOXO1,TEAD2,0
RPA1,SGPP1,0
FOXO1,WDR6,0
CBX7,SLC31A1,0
IRF1,RAB32,0
NOTCH1,CYB5R1,0
MEIS1,TNFRSF13B,0
FOXO1,UHRF1,0
GFI1B,HNF4A,0
SATB1,THRB,0
RPA1,AQP1,0
RPA2,ARAP1,0
RPA1,CDC45,0
EBF1,AMPD3,0
RPA2,STX17,0
BMI1,CDCA4,0
RPA1,FOXO1,0
IRF1,IPO9,0
CBX7,AP1G2,0
CBX7,SPI1,0
RPA1,CD9,0
NFAT5,RGS1,0
NFAT5,POLR3F,0
NR4A1,ARHGEF18,0
NOTCH1,PRPS2,0
IRF1,DCAF4,0
CBX7,MAP4K2,0
NOTCH1,GYPA,0
IRF8,EPAS1,0
FOXO1,TMEM173,0
MEF2C,TMX1,0
NFAT5,QARS,0
RPA2,TUBGCP5,0
MEF2C,PLAG1,0
RPA2,GNB4,0
IRF8,CELA1,0
JUN,PGR,0
GFI1,PLEK,0
EBF1,CLDN13,0
WDR5,SLC18A2,0
FOXO1,EBI3,0
NFAT5,HPN,0
RPA2,FASTKD2,0
SPI1,MAPK12,0
ELF4,UBASH3A,0
GFI1,SERPINB6B,0
GFI1B,SERPINA3G,0
RPA2,STK25,0
RAD21,SDSL,0
CBFB,IFI44,0
RPA2,PTGS1,0
NFAT5,MRM1,0
NR4A1,UBAP1,0
FOS,GLIS2,0
NFAT5,EIF1AD,0
RPA1,MCM4,0
CBX7,SPC24,0
ELF4,MYL10,0
GFI1B,RELB,0
MEIS1,SDSL,0
BMI1,ALDH1A1,0
KDM6A,PRKAA1,0
GATA2,RNF213,0
GFI1B,MOGS,0
EBF1,ZFP655,0
ELF4,ENPP4,0
MEF2C,PPM1H,0
NR4A1,POLA2,0
CBX7,DCAF4,0
FOXO1,TNFAIP8,0
BMI1,ADGRL4,0
IRF8,TPX2,0
ESR1,PCLAF,0
GFI1B,RABIF,0
CBX7,WDR5,0
NFAT5,RHOF,0
HCFC1,HDAC9,0
GFI1B,ARHGEF18,0
GFI1B,NSDHL,0
MEF2C,CD9,0
EBF1,ABCG2,0
GFI1B,DCAF4,0
EBF1,RHD,0
WDR5,HSD3B7,0
RPA1,PAK1,0
IKZF1,NXPE2,0
GFI1B,TLR4,0
RAD51,TCIRG1,0
NFAT5,TARS,0
IRF1,GATM,0
RPA1,EIF2B1,0
RPA1,CTLA2A,0
IRF8,SNAP23,0
IRF1,EMILIN1,0
MYC,SLA,0
NFAT5,HCLS1,0
MEF2C,MTO1,0
MEF2C,PML,0
MEF2C,TMEM97,0
BMI1,TBL3,0
RPA2,DCK,0
NOTCH1,NFATC2,0
STAT3,SLC18A2,0
MEF2C,HCFC1,0
SATB1,IFI44,0
NR4A1,CRK,0
BMI1,SASH3,0
FOS,GATM,0
IRF8,MECOM,0
KDM6A,RTP4,0
NR4A1,ESAM,0
RPA1,MT2,0
IRF1,STXBP4,0
CBX7,CARHSP1,0
RPA2,CCNB1,0
FOXO1,PADI4,0
IRF1,PRKAB1,0
IRF1,PTGS1,0
RPA2,AP1G2,0
NOTCH1,EPDR1,0
BMI1,FBXW5,0
ELF4,SETD2,0
MEF2C,CAMK1,0
RPA2,ASNS,0
NR4A1,ELP3,0
RPA1,IL27RA,0
RPA1,USF3,0
MEF2C,VWA5A,0
NFAT5,NEDD1,0
MEF2C,JAK3,0
MEF2C,FKBP1A,0
MEF2C,CTR9,0
ELF4,LANCL2,0
IRF1,GSKIP,0
NFAT5,1700017B05RIK,0
FOXO1,PLD3,0
GFI1,NXPE2,0
BMI1,FTSJ1,0
BMI1,CD74,0
RAD51,CCNF,0
NOTCH1,RHOF,0
NFAT5,PWP2,0
NFAT5,SLC18A2,0
RPA2,TMEM176B,0
IKZF1,PLPPR3,0
ETS1,KRT18,0
GFI1B,DCTD,0
CBX7,LAPTM4B,0
FOS,TMEM176A,0
NFAT5,NDUFV1,0
EBF1,HEXA,0
BMI1,NAE1,0
IRF1,ISYNA1,0
NOTCH1,HNF4A,0
CBFB,RBPMS,0
NFAT5,STXBP3,0
ELF4,ALDH1A1,0
MEIS1,ITGA6,0
RPA1,UGCG,0
NR4A1,H2-DMB1,0
MEF2C,RTP4,0
BMI1,LPCAT3,0
RPA1,MAU2,0
KDM6A,NR2C1,0
IRF8,SGPP1,0
RAD51,INKA1,0
MEF2C,ZFP24,0
ELF4,UBAC1,0
RAD51,LLGL1,0
IRF8,MCTP1,0
MEIS1,AQP9,0
WDR5,MECOM,0
GFI1B,REXO4,0
MEF2C,PGLYRP2,0
MEF2C,LMBRD1,0
CBX7,RDH11,0
RAD51,MNDAL,0
RAD21,CNN2,0
NR4A1,POLR1B,0
NR4A1,SGPL1,0
FOXO1,UAP1L1,0
NOTCH1,NET1,0
RPA1,TCIRG1,0
RAD51,ZBTB43,0
FOS,DECR1,0
NFAT5,EBF1,0
RPA2,LDAH,0
ELF4,APBB1,0
CBX7,PRPS1,0
EBF1,MPL,0
EBF1,PGR,0
NR4A1,EZR,0
IRF8,LMNA,0
ELF4,MYB,0
EBF1,CHAMP1,0
RPA1,ALKBH8,0
EBF1,METAP1,0
RPA1,XPC,0
GFI1,APOE,0
NFAT5,LMBRD1,0
GFI1B,AP1G2,0
KDM6A,SELENOP,0
NFAT5,CTR9,0
NR4A1,TRPV2,0
IRF1,MNS1,0
EBF1,EPAS1,0
RPA2,UMPS,0
RAD51,UBAP1,0
GATA2,UHRF1,0
MEF2C,HPN,0
FOXO1,MPL,0
RPA2,TRIM30A,0
BMI1,DPH2,0
MEF2C,PCYT2,0
NR4A1,MYCN,0
BMI1,AAR2,0
IRF1,LRRC8C,0
RPA1,GRAMD1A,0
CBX7,ZFP36,0
RAD51,TLE2,0
IRF1,UMPS,0
IRF1,BYSL,0
MEF2C,ORC6,0
SATB1,LMNA,0
NOTCH1,CMPK2,0
MEF2C,SDSL,0
GFI1B,COPB2,0
RPA2,GNPDA1,0
IKZF1,SMIM1,0
KDM6A,ERLIN1,0
FOXO1,STXBP3,0
RAD51,LANCL2,0
CBX7,TCP11L2,0
NFAT5,SPO11,0
MEF2C,CHUK,0
NFAT5,PCP4L1,0
RAD51,SQLE,0
KDM6A,PLAC8,0
RPA1,SMIM15,0
IRF1,MAPKAPK3,0
IRF1,SMAD2,0
RPA1,ATP1B2,0
NR4A1,DHX33,0
BMI1,HAUS2,0
RAD51,LRRC8C,0
KDM6A,TIFA,0
IRF8,UBXN2B,0
GATA2,SMIM15,0
NFAT5,XK,0
GFI1B,LRRFIP1,0
RPA2,TMX1,0
NFAT5,ZFP655,0
CBX7,ARMT1,0
MEF2C,MIS12,0
MEF2C,NFXL1,0
FOS,ADGRL4,0
RPA1,WDHD1,0
RAD51,UBA5,0
NFAT5,PTGS1,0
IRF8,COL5A1,0
RPA1,VHL,0
EBF1,SLC30A6,0
GFI1B,MAN1A,0
CBFB,PKLR,0
IRF8,CNN2,0
RPA1,TMEM263,0
IRF8,HAUS2,0
NFAT5,HDAC7,0
MEF2C,DCAF11,0
IRF8,CLPX,0
BMI1,B230219D22RIK,0
CBX7,ADAMTS10,0
NFAT5,DUS1L,0
RAD51,PSMD5,0
EBF1,TRIM30A,0
RPA1,COPB1,0
RPA2,PLAC8,0
STAT3,PLAC8,0
KDM6A,CARHSP1,0
NR4A1,MTAP,0
JUN,SPO11,0
RPA2,DDX58,0
CBX7,SERPINB9,0
IRF8,TIE1,0
NR4A1,SLC14A1,0
MEF2C,L2HGDH,0
IRF8,CRK,0
CBX7,TMEM168,0
BMI1,ZBTB10,0
MEF2C,AFG3L2,0
WDR5,PML,0
NOTCH1,DENND2D,0
KDM6A,PTGS1,0
FOXO1,NECAP2,0
RPA1,HARS2,0
NOTCH1,SIGIRR,0
EBF1,HSDL1,0
EBF1,SHCBP1,0
FOXO1,LSP1,0
KDM6A,MTAP,0
RAD51,CES2G,0
NR4A1,NSMAF,0
FOXO1,BAG2,0
WDR5,ERMAP,0
MEF2C,DLST,0
KDM6A,PRPS1,0
MEF2C,NUDCD3,0
NR4A1,USP25,0
EBF1,NR3C2,0
KDM6A,CAD,0
NFAT5,ADO,0
RPA2,DNM1L,0
BMI1,CDCA8,0
NFAT5,H2-DMB1,0
ELF4,NCAPG2,0
NFAT5,ANKLE1,0
FOXO1,TIPIN,0
IRF1,SPRYD4,0
GATA2,TMEM173,0
CBX7,COPB1,0
GFI1B,PLD3,0
GFI1B,NDN,0
RPA1,CPT2,0
FOXO1,SLC22A3,0
WDR5,ASNS,0
NR4A1,UBXN2B,0
RPA1,PSMD5,0
IRF1,TRIM47,0
MYC,CTLA2A,0
RPA1,RNF115,0
EBF1,BUB3,0
RPA2,ESAM,0
FOXO1,TOLLIP,0
MEF2C,PRPF4,0
CBX7,FPGS,0
GFI1B,INCENP,0
RPA1,MARCH8,0
CBX7,SPTBN1,0
RAD51,LAP3,0
HCFC1,EYA2,0
CBX7,GSR,0
BMI1,ZFP945,0
MYC,THUMPD1,0
CBX7,IARS2,0
EBF1,GCNT2,0
NR4A1,GNG11,0
BMI1,CORO1A,0
GFI1B,CARHSP1,0
CBX7,ERMAP,0
FOS,SLC7A4,0
NFAT5,ZYX,0
MEF2C,UNC93B1,0
NFAT5,NCOA6,0
CBX7,TRMT11,0
IRF8,CERS4,0
NFAT5,ASAH1,0
BMI1,RARB,0
RPA1,EYA2,0
FOXO1,RNF213,0
RPA1,STXBP3,0
MEIS1,THRB,0
NR4A1,PMPCA,0
CBX7,TANGO2,0
MEF2C,MYO1G,0
RPA2,E2F8,0
RPA2,OPTN,0
RAD51,MUC13,0
KDM6A,SERPINA3G,0
RAD51,SGTA,0
BMI1,COG6,0
KDM6A,CHCHD10,0
RPA1,EYA1,0
ELF4,MAPK9,0
HCFC1,CMPK2,0
FOXO1,MTO1,0
CBX7,BUB3,0
RPA2,SPPL2A,0
MEIS1,CASP1,0
IRF8,NFIA,0
FOXO1,PAK1,0
NFAT5,CDK1,0
NOTCH1,TBC1D2B,0
NR4A1,GCLC,0
MEF2C,RGS2,0
NOTCH1,WLS,0
FOXO1,CELA1,0
RPA1,MFNG,0
IRF1,CYB5R3,0
SATB1,AQP1,0
EBF1,DNAJC11,0
NR4A1,ASB8,0
KDM6A,GPSM2,0
RPA1,UAP1L1,0
CBX7,SPIRE1,0
IRF8,ID2,0
FOXO1,TYMS,0
RPA1,CCNA2,0
GFI1B,IRF5,0
NOTCH1,ST3GAL5,0
RPA1,ORC2,0
CBFB,SPIRE1,0
EBF1,SLC14A1,0
RPA2,PITPNB,0
IRF8,RNF13,0
KDM6A,RUNX1T1,0
CBX7,NSDHL,0
GFI1,CSRP3,0
IRF8,ICE1,0
NFAT5,HCFC1,0
IRF8,TBC1D2B,0
RPA1,NPTN,0
KDM6A,MCM2,0
RPA1,WDSUB1,0
RPA2,EMILIN2,0
CBX7,RPA2,0
BMI1,FOXRED1,0
FOS,UTP4,0
GFI1B,PITPNB,0
EBF1,ADGRL4,0
RPA2,SKAP2,0
FOXO1,DTL,0
NFAT5,INTS13,0
EBF1,SLC38A5,0
NOTCH1,NAPSA,0
KDM6A,RAB31,0
MEF2C,DNAJC10,0
WDR5,TMEM176B,0
IRF8,RASAL3,0
HCFC1,MPL,0
MEF2C,PTCD3,0
CBFB,PLAC8,0
RPA1,SPC25,0
CBX7,CTTN,0
RPA1,NIF3L1,0
WDR5,FES,0
RAD51,ZFP143,0
RPA2,PRSS50,0
NFAT5,CLDN13,0
IRF8,IL21R,0
NFAT5,SMAD2,0
KDM6A,NUDT19,0
IRF1,TMEM109,0
FOXO1,MAD2L1,0
GFI1B,POLR2B,0
STAT3,RORC,0
BMI1,METAP1,0
RPA2,KIF11,0
FOXO1,NDN,0
NFAT5,NAA50,0
GATA2,BATF2,0
SPI1,ERMAP,0
NOTCH1,ELF4,0
RAD51,RAB37,0
BMI1,METTL27,0
MYC,CASP4,0
RPA2,PLBD2,0
EBF1,ASAH1,0
ELF4,IFI44,0
RAD51,SLC30A6,0
RPA1,ADGRL4,0
KDM6A,SLC18A2,0
BMI1,BATF2,0
IRF1,NR3C2,0
RPA1,KLF3,0
ELF4,SLC25A21,0
IRF1,CRBN,0
RPA1,HPCAL1,0
MEF2C,SLC30A6,0
MEIS1,CAMK1,0
CBX7,APOE,0
EBF1,FASTKD2,0
NFAT5,RELB,0
EBF1,MBOAT2,0
RAD51,ST3GAL6,0
RPA2,LAPTM4B,0
KDM6A,GBP2,0
MEF2C,HOXA9,0
MEF2C,ELF4,0
RPA2,TBC1D10C,0
FOS,HCFC1,0
RPA1,ASF1B,0
KDM6A,SLC43A1,0
IRF1,NEDD1,0
RAD51,ENDOD1,0
ESR1,ST8SIA4,0
MEF2C,FGFR1OP,0
NFAT5,NOTCH1,0
EBF1,ERCC8,0
BMI1,INPP5B,0
FOXO1,MYH10,0
MEF2C,ALG11,0
IRF1,LONP1,0
RPA1,TCF19,0
RPA1,GDF3,0
NFAT5,DCAF11,0
GFI1B,THUMPD1,0
BMI1,TOM1L1,0
NOTCH1,NOP2,0
FOXO1,BLZF1,0
RPA2,UBA7,0
BMI1,TRIM47,0
SATB1,NSDHL,0
NFAT5,YOD1,0
IRF1,GYPA,0
BMI1,GMFB,0
IRF8,RAB37,0
RPA1,AHR,0
ELF4,ABCB10,0
SATB1,PLCG2,0
NOTCH1,C1QTNF12,0
GFI1B,UBA5,0
RAD51,RFC4,0
SATB1,CYTH3,0
IRF8,UHRF1,0
FOS,DRAM2,0
FOXO1,EIF4ENIF1,0
NFAT5,PRDM5,0
JUN,PIDD1,0
BMI1,CLPTM1L,0
NR4A1,NAE1,0
GATA2,BCLAF3,0
IKZF1,CD34,0
CBX7,FASTKD2,0
BMI1,KIF11,0
RPA1,CDT1,0
BMI1,CBFB,0
BMI1,TXNRD2,0
IKZF1,ARID3B,0
RPA1,MIS12,0
NOTCH1,ZFP322A,0
NOTCH1,CHCHD10,0
BMI1,FCHSD2,0
GFI1,RNASE6,0
NFAT5,COG7,0
SATB1,ABCB10,0
MEIS1,VILL,0
CBX7,NAA35,0
RAD51,TMEM173,0
CBX7,SLC25A45,0
NR4A1,SLC38A5,0
CBX7,GSTM5,0
GFI1B,PDZK1IP1,0
FOS,SLA2,0
MEF2C,CREB5,0
STAT3,SLC38A5,0
IRF1,MAD2L1,0
CBX7,TCIRG1,0
GFI1B,PLEK,0
RPA2,PDCL,0
NR4A1,IL27RA,0
IRF1,ABCF3,0
IRF8,SQLE,0
BMI1,NCAPH,0
FOXO1,SGPP1,0
HCFC1,RARB,0
RPA1,SLC6A6,0
IRF8,ORC2,0
RAD51,TRIB2,0
ELF4,GFI1,0
NFAT5,ZKSCAN6,0
NR4A1,AURKB,0
HDAC2,IFI44,0
BMI1,ZMYM3,0
IRF1,ELP2,0
RPA1,CES2G,0
CBX7,PDE4B,0
GFI1B,ELL2,0
GFI1B,NAA50,0
EBF1,TCN2,0
MEF2C,SLC31A1,0
RPA1,CENPF,0
IRF8,MNS1,0
NFAT5,VAMP3,0
NFAT5,CTLA2A,0
EBF1,GYPA,0
RPA2,METTL27,0
WDR5,PDZK1IP1,0
IRF8,LRRC8C,0
GFI1B,H1F0,0
RPA2,DPH6,0
EBF1,NCAPD2,0
RPA1,PSMF1,0
WDR5,SOX18,0
EBF1,SERPINB9,0
GATA2,UBL4A,0
RAD51,GATA2,0
MEF2C,HERC4,0
KDM6A,LPIN2,0
EBF1,CLIC4,0
BMI1,HSD3B7,0
FOXO1,XPC,0
IKZF1,PDZK1IP1,0
GFI1B,RPA2,0
CBX7,SMIM15,0
FOXO1,ST6GALNAC4,0
IRF1,PMPCA,0
RPA2,DNPEP,0
MEF2C,CYTIP,0
GFI1B,PLBD2,0
KDM6A,CD74,0
FOXO1,BLVRB,0
MEIS1,MTAP,0
SATB1,ZFP30,0
NFAT5,ACAA2,0
BMI1,BIRC5,0
ELF4,HOXA9,0
RPA2,CKAP2L,0
SATB1,ANXA4,0
RPA2,CHMP7,0
NR4A1,RPAP1,0
IKZF1,SERPINF1,0
SATB1,PWP1,0
MYC,ADGRL4,0
KDM6A,IL27RA,0
MEF2C,HMGB2,0
RAD51,NGLY1,0
BMI1,CLCN4,0
NR4A1,LRRC8C,0
EBF1,DCTD,0
ELF4,MBOAT2,0
RPA2,ERLIN2,0
NR4A1,TMEM97,0
FOXO1,TSPAN3,0
IRF8,DNAJC5,0
FOXO1,WDR36,0
RPA1,BMI1,0
RPA2,RGS2,0
NFAT5,RAB37,0
RAD51,ACSS2,0
GATA2,TAPT1,0
MEF2C,ZMYM3,0
MEF2C,ACOX1,0
RPA2,2610301B20RIK,0
IRF8,USP37,0
WDR5,GATA1,0
KDM6A,TEAD3,0
RPA2,PRMT7,0
IRF8,CDC7,0
BMI1,LYZ2,0
FOXO1,PRPF4,0
KDM6A,TSHZ3,0
FOS,NCAPH,0
FOXO1,ARHGAP4,0
NFAT5,HACD4,0
NFAT5,GMFB,0
NFAT5,CKAP2,0
NOTCH1,HSD3B7,0
RPA2,MXD3,0
GFI1,P2RY14,0
CBX7,NR4A1,0
RAD51,SMARCA2,0
ESR1,MUC13,0
MEF2C,TLE2,0
NFAT5,ZFP275,0
CBX7,GBP2,0
FOXO1,POLD1,0
WDR5,TRIM47,0
RAD51,PRPS2,0
NFAT5,HNRNPLL,0
IRF8,MINPP1,0
NFAT5,SPPL2A,0
MEIS1,SERPINB6B,0
ELF4,ZFP592,0
ELF4,RNF141,0
CBX7,RAD51AP1,0
NFAT5,ORC5,0
IRF1,DRAM2,0
BMI1,RFC5,0
IRF8,ICA1,0
RAD51,ARID3B,0
ELF4,STXBP1,0
BMI1,TVP23B,0
NFAT5,AFG3L2,0
FOS,ST3GAL6,0
IRF8,VHL,0
RPA1,RGS2,0
FOXO1,RORC,0
IRF1,ACOX1,0
ELF4,SERPINF1,0
NFAT5,SLC16A1,0
NFAT5,CKS1B,0
GFI1B,LCP1,0
IRF1,GLIPR2,0
RAD51,CCNB1,0
RPA2,CASP3,0
IRF1,USP8,0
FOXO1,INKA1,0
RAD51,TES,0
IKZF1,TNFRSF13B,0
NOTCH1,CSAD,0
RPA2,PLXNC1,0
NOTCH1,PLCB2,0
NFAT5,TCIRG1,0
FOXO1,GIMAP5,0
STAT3,SLC22A3,0
GFI1B,PIDD1,0
FOS,GCLC,0
KDM6A,TCIRG1,0
RPA1,ASB8,0
IKZF1,CD63,0
HCFC1,SASH3,0
CBX7,MRPL37,0
NFAT5,RORA,0
NFAT5,NAGA,0
BMI1,PML,0
RPA1,CCNG1,0
IRF1,SLC16A1,0
EBF1,TOX4,0
STAT3,MUC13,0
RPA1,FAM234B,0
RPA2,TRMT2A,0
ELF4,PDK3,0
CBX7,DEK,0
ETS1,NXPE2,0
KDM6A,TSC22D3,0
RAD51,TNFRSF13B,0
NFAT5,HAGH,0
NR4A1,VPS33A,0
BMI1,TOR3A,0
MEF2C,TMEM109,0
RPA1,CPOX,0
GATA2,TBXAS1,0
BMI1,TCF12,0
NR4A1,TSC22D3,0
MEIS1,ZBTB20,0
MEF2C,NOTCH1,0
IRF1,HSPA4L,0
RPA1,AURKA,0
GFI1B,AMPD3,0
CBX7,MTHFD1,0
FOXO1,RNF115,0
CBX7,CSAD,0
IRF1,RAD21,0
ETS1,NFIA,0
EBF1,TLK1,0
ELF4,ANGPT1,0
CBX7,SPTLC1,0
RPA1,ATG12,0
NFAT5,PGR,0
FOXO1,SGPL1,0
CBX7,FOXRED1,0
SATB1,SLC43A3,0
ESR1,TNFRSF13B,0
MEF2C,TPP1,0
BMI1,IFRD2,0
RPA1,SLC20A1,0
BMI1,NFAT5,0
GFI1B,G6PDX,0
KDM6A,RORC,0
WDR5,SPIRE1,0
RPA2,SERPINB1A,0
IRF8,GRN,0
BMI1,CSRP3,0
IRF1,SLC43A3,0
RPA1,DHX33,0
MEIS1,SIGIRR,0
RAD51,MCM10,0
NFAT5,AURKA,0
NR4A1,PIP4K2A,0
FOXO1,LPCAT3,0
FOXO1,PQLC3,0
NOTCH1,LMNA,0
RPA1,METTL7A1,0
KDM6A,ETS1,0
IRF8,CD93,0
NFAT5,STEAP3,0
IRF1,CISH,0
MEF2C,PIK3C3,0
WDR5,ELF4,0
CBX7,NR2C1,0
NFAT5,TIMM50,0
FOXO1,CYB5R1,0
WDR5,ZFP592,0
MEF2C,ABCD3,0
ELF4,RNASEL,0
NOTCH1,RPRD1B,0
MEIS1,CPOX,0
IRF8,MYCN,0
NOTCH1,CD63,0
EBF1,RELB,0
HCFC1,COL5A1,0
IRF1,VPS26C,0
RPA2,GMFB,0
RAD51,DDX58,0
BMI1,STEAP3,0
RAD51,TNFAIP2,0
GFI1B,SEPT6,0
BMI1,NAMPT,0
CBX7,CTNNA1,0
RPA1,MORC3,0
FOXO1,CREB5,0
IRF1,SPI1,0
BMI1,HDAC9,0
IRF1,ARAP1,0
BMI1,CCDC137,0
NR4A1,PWP1,0
IRF8,TLE2,0
GFI1,MYCT1,0
IRF8,NDN,0
RPA2,TSHZ3,0
RAD51,BCLAF3,0
MEF2C,ELP2,0
IRF8,HIST1H2BC,0
EBF1,MTO1,0
FOS,PSMD6,0
IRF1,ANKRD27,0
MYC,PDZK1IP1,0
JUN,SNCA,0
SATB1,SERPINA3G,0
CBX7,LY6A,0
NR4A1,SNCA,0
FOXO1,SLC31A1,0
NFAT5,MNS1,0
GFI1B,CCNF,0
BMI1,TRMT2A,0
BMI1,ZFP322A,0
BMI1,XRCC6,0
NR4A1,UTP4,0
IRF8,NARFL,0
NFAT5,KLHL6,0
NFAT5,UGCG,0
NR4A1,ZDHHC6,0
GFI1B,PDE4B,0
NFAT5,ZFP451,0
NR4A1,ALKBH8,0
RPA2,SNAPC3,0
BMI1,PRC1,0
ELF4,IL21R,0
RAD51,TAF12,0
MEF2C,CIPC,0
MEF2C,SELENOP,0
MEIS1,WDR5,0
SATB1,IRF6,0
RAD51,CTSE,0
NR4A1,LDHB,0
NR4A1,PRKCH,0
IRF8,BC005561,0
ELF4,PLA2G12A,0
IRF8,IRF6,0
RAD51,SETD2,0
NFAT5,ADK,0
EBF1,KDM6A,0
FOXO1,NGLY1,0
CBX7,ESR1,0
FOXO1,RDH11,0
WDR5,TSHZ3,0
MEF2C,ARHGAP4,0
NR4A1,THRB,0
RPA2,RASA3,0
IRF1,TPP1,0
FOXO1,PWP1,0
NFAT5,FADS1,0
EBF1,WDR55,0
ELF4,CSTF2,0
IRF1,CDC20,0
MEF2C,DENND1C,0
WDR5,RBPMS,0
IRF8,AFAP1L1,0
RPA1,SALL2,0
FOXO1,JPT2,0
RPA1,SLC39A9,0
RAD51,RUNX1T1,0
GFI1B,CNOT7,0
RPA1,DENND2D,0
GFI1B,PSAT1,0
KDM6A,MKI67,0
STAT3,EPDR1,0
NOTCH1,DYNLT3,0
FOXO1,VDR,0
KDM6A,SSX2IP,0
IRF1,FPGS,0
IRF8,USP25,0
NFAT5,ELL2,0
NFAT5,COPG1,0
IRF1,PAK1,0
CBFB,GATM,0
HCFC1,IFI30,0
NOTCH1,WDSUB1,0
RPA2,CD84,0
NFAT5,ZFP322A,0
NOTCH1,RHAG,0
NFAT5,PREP,0
GFI1B,PACS1,0
BMI1,MARCH5,0
CBX7,PPAT,0
MEF2C,TAB1,0
BMI1,RDH11,0
ELF4,SLC43A3,0
RPA2,RANBP3,0
NFAT5,BYSL,0
KDM6A,SLA,0
NFAT5,BTRC,0
BMI1,TEAD2,0
ETS1,CAMK1,0
NR4A1,GORASP1,0
CBX7,KLF1,0
RPA1,ANKLE1,0
RPA1,GNG11,0
IRF8,SLA,0
EBF1,ENDOD1,0
NFAT5,CRBN,0
BMI1,RGCC,0
CBX7,FAM168B,0
NR4A1,PWP2,0
RAD51,UBA3,0
IRF1,MARCH8,0
NFAT5,UBR7,0
SATB1,ERCC8,0
RPA1,TOM1L1,0
FOXO1,ICA1,0
MEF2C,MFSD2B,0
RPA2,ICE1,0
FOXO1,PHF10,0
FOXO1,NCEH1,0
MEF2C,SQLE,0
BMI1,RAB32,0
ELF4,RHOT1,0
EBF1,RGS2,0
RPA2,SCARF1,0
IRF1,IL21R,0
MEF2C,VKORC1L1,0
KDM6A,MAN2A2,0
EBF1,TEAD3,0
NFAT5,HUS1,0
BMI1,MMRN1,0
RPA1,NADK,0
BMI1,RAD51AP1,0
IRF1,TMEM56,0
IRF1,ALDH18A1,0
NFAT5,LPCAT1,0
CBX7,RNF145,0
MEIS1,CERS4,0
NFAT5,CREB5,0
RAD51,TVP23B,0
RPA2,CCNE1,0
IRF1,VDR,0
EBF1,ESYT2,0
FOS,IRF1,0
GFI1B,ITFG1,0
GFI1B,WDR55,0
ESR1,GYPA,0
NR4A1,F11R,0
RAD51,ZFP451,0
IRF1,IKZF2,0
BMI1,TRIM30A,0
EBF1,ATP6AP2,0
EBF1,ARMC8,0
FOXO1,ATP6AP1,0
GFI1B,TNFAIP8,0
GFI1,TEAD2,0
FOXO1,MYB,0
RPA2,COPS8,0
NFAT5,TOPORS,0
GFI1,ESAM,0
WDR5,HEMGN,0
GFI1,VILL,0
IRF1,CNIH1,0
CBX7,PKM,0
NOTCH1,SERPINB6B,0
GATA2,GDF3,0
NOTCH1,CNIH1,0
ELF4,SMIM5,0
FOXO1,MFSD14B,0
HCFC1,TIFA,0
EBF1,HSPH1,0
GFI1B,GSKIP,0
MEF2C,RNF115,0
FOS,BTK,0
RPA2,COG6,0
BMI1,CNP,0
CBX7,AURKA,0
NR4A1,RUNX2,0
RPA1,JAK3,0
RPA1,TIMM29,0
RAD51,MYO1D,0
IRF8,MKI67,0
GFI1B,CNIH1,0
NFAT5,TMEM64,0
MEF2C,CENPF,0
GATA2,IRF5,0
MEF2C,CCNF,0
FOXO1,ISG20,0
BMI1,ENDOD1,0
MEF2C,ITIH5,0
WDR5,DOK2,0
RAD51,KAT7,0
EBF1,TMX1,0
BMI1,UROS,0
FOXO1,ID2,0
FOS,RASAL3,0
GFI1B,PSMD6,0
RAD51,CRBN,0
BMI1,PLEC,0
BMI1,SLC19A1,0
IRF8,DCK,0
BMI1,EPSTI1,0
SATB1,CAMK1,0
CBX7,EPSTI1,0
NOTCH1,PHACTR2,0
EBF1,FAM45A,0
RAD51,GPR171,0
RPA1,TSPAN33,0
FOXO1,SDHAF2,0
IRF1,MTAP,0
NFAT5,TAF1,0
FOXO1,PLK1,0
NR4A1,TAPT1,0
RAD51,KEL,0
NR4A1,ARHGAP15,0
IRF8,PACS1,0
KDM6A,2210016F16RIK,0
RAD51,ZFP30,0
MEF2C,SDHAF2,0
RAD51,GMPR,0
EBF1,CCNB2,0
NOTCH1,PCP4L1,0
NFAT5,GSR,0
MEF2C,CASP2,0
CBX7,FLOT2,0
EBF1,FAR1,0
GFI1B,BC005561,0
NR4A1,ANK,0
CBX7,PLCB2,0
NFAT5,HSPH1,0
IKZF1,SLC22A3,0
RPA2,GNAI3,0
NFAT5,SLC29A1,0
NR4A1,AP3S1,0
GFI1B,CEP70,0
RPA2,ANXA4,0
NOTCH1,GYG,0
KDM6A,NCEH1,0
MEF2C,SPHK1,0
NFAT5,SMIM1,0
SATB1,PEAR1,0
IRF8,PNO1,0
JUN,UBL4A,0
KDM6A,CTSO,0
BMI1,CYP20A1,0
CBFB,SAMD14,0
EBF1,NDOR1,0
FOS,SMIM1,0
CBX7,ALKBH8,0
CBX7,CACFD1,0
RPA1,NDN,0
NOTCH1,GPSM2,0
FOXO1,ANKFY1,0
NFAT5,ADGRG3,0
NFAT5,SLC14A1,0
NFAT5,MMRN1,0
NFAT5,FARSB,0
IRF1,PBK,0
MEF2C,TTF1,0
IRF8,CAMK1,0
KDM6A,AQP9,0
IRF1,ANAPC4,0
NR4A1,MORC3,0
NOTCH1,MYL10,0
MEF2C,LIMD2,0
GFI1B,XAB2,0
MEIS1,CNP,0
MEF2C,RAD21,0
FOS,EPAS1,0
KDM6A,CHUK,0
CBFB,ARID3B,0
RPA2,RUNX2,0
RAD51,MYH10,0
HCFC1,CD93,0
MEF2C,TNFAIP8,0
BMI1,ERLIN1,0
KDM6A,FADS1,0
ELF4,UNC93B1,0
NFAT5,PIK3C3,0
GATA2,SCARF1,0
MEF2C,RORC,0
IRF8,TRIM59,0
IRF1,NFATC2,0
BMI1,MGST3,0
RAD51,TMEM206,0
GFI1B,NDRG1,0
IRF8,FASTKD2,0
NOTCH1,GSR,0
KDM6A,EBI3,0
IRF8,FAM168B,0
FOS,PLXNC1,0
GATA2,MTAP,0
HCFC1,BMI1,0
IRF1,GOLM1,0
IRF8,DUSP1,0
IRF8,MAPKAPK3,0
FOS,INPP1,0
RPA2,PIDD1,0
MEF2C,PLPPR3,0
RAD51,FBXW5,0
RPA2,BUB1,0
RPA2,AP3S1,0
SATB1,VIM,0
RPA2,PLAA,0
FOS,KEL,0
WDR5,D1ERTD622E,0
BMI1,ERLIN2,0
EBF1,DCAF11,0
RPA1,CYTH3,0
RPA1,FES,0
FOXO1,EPS15,0
NR4A1,VILL,0
FOS,CNIH1,0
CBX7,AP5M1,0
MEF2C,MFSD14B,0
RPA1,INTS13,0
IRF8,COG6,0
NR4A1,NEDD1,0
ELF4,GLIPR2,0
NR4A1,C1QTNF12,0
MEF2C,DPP8,0
MEF2C,TOPORS,0
EBF1,ZFP945,0
IRF1,NUP93,0
MEF2C,NADK,0
KDM6A,PADI4,0
SATB1,GNG11,0
GFI1B,ANAPC4,0
GFI1B,GNB4,0
NR4A1,PLIN2,0
CBX7,NPLOC4,0
IRF1,AURKB,0
RPA1,TENT5A,0
RPA1,RELB,0
EBF1,TM7SF3,0
RPA1,PRELID3B,0
FOS,CARHSP1,0
FOXO1,IKZF2,0
RPA2,MTAP,0
BMI1,SGTA,0
RPA1,AURKB,0
FOS,PLPPR3,0
RAD51,MIS18BP1,0
ELF4,CITED4,0
FOS,RB1,0
RPA2,PSMD5,0
RPA1,AFAP1L1,0
NOTCH1,RNF213,0
NR4A1,MED22,0
GFI1B,APLP2,0
EBF1,SMARCA2,0
GATA2,PON2,0
NOTCH1,MOGS,0
RPA1,METTL8,0
RPA2,NELFB,0
RPA2,EPAS1,0
MEF2C,TRIM59,0
EBF1,TRIM47,0
MEF2C,SNRPB,0
ELF4,STARD10,0
HCFC1,GNB4,0
CBX7,MTMR6,0
MEF2C,COLGALT1,0
GFI1B,TEAD3,0
NFAT5,NCAPH,0
RPA2,RARS,0
RAD51,GUSB,0
NOTCH1,ITGA6,0
MEIS1,CHAMP1,0
BMI1,RASSF5,0
FOXO1,PCP4L1,0
IKZF1,TEAD2,0
IRF8,GPR171,0
BMI1,TASP1,0
NFAT5,NASP,0
KDM6A,PGLYRP2,0
RPA1,INCENP,0
IRF1,FAM136A,0
FOXO1,FAM168B,0
IRF1,YOD1,0
NR4A1,CTLA2B,0
RPA1,IKZF1,0
MEF2C,CTLA2A,0
NOTCH1,FTSJ3,0
RPA1,CD1D1,0
GFI1,GBP2,0
RPA1,CHORDC1,0
ELF4,RHAG,0
RPA1,CTSE,0
FOS,EPOR,0
WDR5,IKZF2,0
KDM6A,RBPMS,0
NOTCH1,ARHGEF18,0
FOXO1,ZFP367,0
ESR1,LRRC8C,0
CBX7,BTG2,0
MEF2C,XRCC6,0
RPA1,ADO,0
STAT3,SCARF1,0
IRF8,NPTN,0
BMI1,ST6GALNAC4,0
RPA1,GFM1,0
NFAT5,RPRD1B,0
FOS,HARS,0
EBF1,RNF4,0
IRF1,SPC24,0
FOXO1,LLGL1,0
RPA2,IFRD2,0
EBF1,ANK,0
FOXO1,TOR3A,0
EBF1,KLHL22,0
MEF2C,MAPK12,0
RPA2,NAA50,0
EBF1,CKS1B,0
FOXO1,ANXA6,0
GFI1,PHETA2,0
NOTCH1,HSPA4L,0
NFAT5,REXO4,0
NFAT5,KLHL23,0
GFI1B,CYTH3,0
CBX7,CYTIP,0
FOXO1,HCLS1,0
JUN,KEL,0
RPA1,GYG,0
NFAT5,TYMS,0
RAD51,MCTP1,0
NFAT5,ZKSCAN3,0
RAD51,ESYT2,0
NFAT5,GOLPH3,0
RAD51,MCM4,0
FOS,GPR171,0
NFAT5,DHFR,0
ETS1,PPARGC1A,0
FOS,ZFP36,0
FOS,PPP2R1B,0
MEF2C,ERLIN2,0
KDM6A,NUSAP1,0
IRF1,HMBS,0
IRF1,NUDCD3,0
NFAT5,IARS2,0
ELF4,IRF6,0
ESR1,KLF1,0
NFAT5,ARID3B,0
SPI1,PLAC8,0
IRF1,ALDH9A1,0
EBF1,F11R,0
NOTCH1,DNAJC5,0
RPA1,PPIC,0
BMI1,ELP3,0
NFAT5,SPTBN1,0
EBF1,DPP8,0
HCFC1,PPARGC1A,0
IRF8,PRDM16,0
RAD51,CASP2,0
KDM6A,GFI1,0
MEIS1,ZKSCAN17,0
FOS,HDAC11,0
RPA1,EPSTI1,0
MEF2C,FEM1B,0
EBF1,CD48,0
RPA1,PIK3C3,0
NFAT5,CAMK1,0
CBFB,CD63,0
NR4A1,TENT5A,0
MEF2C,NPLOC4,0
NR4A1,BCAP29,0
MEF2C,JARID2,0
FOXO1,BYSL,0
NR4A1,TSPAN33,0
FOXO1,UNC93B1,0
NFAT5,NARF,0
BMI1,PITRM1,0
RPA1,PGR,0
MEIS1,CYTIP,0
STAT3,PCP4L1,0
RPA2,CNP,0
GFI1B,HNRNPLL,0
FOS,RARB,0
BMI1,LY6A,0
BMI1,FKBP1A,0
FOXO1,CD63,0
CBFB,SLC38A5,0
NFAT5,PLCB2,0
RPA2,ZKSCAN3,0
RPA2,NOLC1,0
IRF1,TK1,0
KDM6A,PSAT1,0
EBF1,PPP2R1B,0
BMI1,4833439L19RIK,0
BMI1,TBC1D15,0
MEF2C,DCP1A,0
ETS1,GNG11,0
NFAT5,BLVRB,0
SATB1,PLCB2,0
RPA2,ANGPT1,0
RPA2,ANAPC2,0
FOXO1,NSDHL,0
GATA2,CSRP3,0
MEF2C,RGS19,0
NFAT5,PKLR,0
FOXO1,CD74,0
BMI1,SERPINB1A,0
FOXO1,PBX1,0
RPA2,ZFP592,0
GFI1B,SMIM5,0
GFI1B,ELAC2,0
NFAT5,MYNN,0
RAD51,CLN5,0
RAD51,ITIH5,0
RPA2,JARID2,0
EBF1,FAM136A,0
FOXO1,C330018D20RIK,0
RPA2,UBXN2B,0
CBX7,MYCT1,0
FOXO1,SLC25A21,0
FOXO1,LAP3,0
RPA1,RPA2,0
CBX7,UBA7,0
BMI1,STAP1,0
MEF2C,ST3GAL6,0
BMI1,HEBP1,0
IRF1,UBAC1,0
MEF2C,NCAPD2,0
NOTCH1,APOE,0
RPA1,TRIB3,0
ELF4,TWSG1,0
CBFB,H2-DMB1,0
NR4A1,UBA3,0
MEIS1,PML,0
EBF1,SEPT6,0
ELF4,RHOF,0
ELF4,CAMK1,0
MEIS1,UBA3,0
HCFC1,RUNX2,0
IRF8,D230025D16RIK,0
NFAT5,HSD3B7,0
NFAT5,MBOAT2,0
NOTCH1,SASH3,0
FOXO1,SEPT6,0
HCFC1,PRKCQ,0
FOS,ACAP1,0
GFI1B,TOP2A,0
IRF8,MFSD1,0
NOTCH1,EPOR,0
IRF1,GNAI3,0
RPA2,EFTUD2,0
IRF8,ARHGEF18,0
HCFC1,MCTP1,0
BMI1,CENPF,0
CBX7,LRRC14,0
KDM6A,KLF6,0
HDAC2,AFAP1L1,0
FOXO1,ATG16L1,0
MEF2C,NIT1,0
IRF8,NFATC1,0
RPA2,NCAPD2,0
FOS,HACD3,0
ELF4,ICA1,0
SATB1,PML,0
KDM6A,MEF2C,0
NR4A1,CCNB2,0
GATA2,DOK2,0
BMI1,COL5A1,0
RAD51,PRIM2,0
RPA1,PCYT1A,0
NOTCH1,STX12,0
MEF2C,TBC1D10C,0
GFI1B,GANAB,0
RAD51,GMNN,0
FOS,TRIB2,0
CBX7,AP3S1,0
MEF2C,SUPT7L,0
JUN,ADD2,0
MEIS1,PLK1,0
IRF1,CNOT7,0
BMI1,PKM,0
IRF8,PUS7,0
FOS,PHB2,0
BMI1,HARS2,0
KDM6A,NSMAF,0
HDAC2,ERMAP,0
FOXO1,COPB2,0
KDM6A,GDF3,0
NR4A1,TXNRD2,0
RAD51,CMPK2,0
KDM6A,MYCN,0
RPA1,COPB2,0
IRF1,PPOX,0
WDR5,SDSL,0
RPA2,NAA35,0
MEIS1,LLGL1,0
ETS1,TRIM47,0
RPA1,CHMP7,0
IRF1,YBX3,0
RPA1,TK1,0
KDM6A,HACD3,0
RAD51,WDSUB1,0
FOXO1,TAB1,0
CBX7,DECR1,0
RPA1,PSMD6,0
FOS,KLHL23,0
ELF4,PHF10,0
CBX7,METTL27,0
RPA2,PKM,0
CBX7,BAG2,0
NR4A1,PRDM5,0
RPA1,STX17,0
MEF2C,NOLC1,0
BMI1,INCENP,0
RPA2,ATL2,0
BMI1,RORA,0
RPA1,HARS,0
FOXO1,KDM6A,0
IRF1,STX17,0
IRF1,NUBP2,0
IRF1,TBC1D15,0
NR4A1,TNFAIP2,0
RAD51,PHF10,0
NR4A1,LIG1,0
BMI1,UBR1,0
CBX7,H2-OB,0
IRF1,MTFR1,0
EBF1,CYB5R1,0
EBF1,UBL4A,0
GFI1B,PHETA2,0
FOXO1,CD34,0
CBX7,DCAF13,0
FOXO1,TMC6,0
MEF2C,AHCYL1,0
BMI1,ANKLE1,0
NR4A1,PBX1,0
GATA2,MPL,0
NFAT5,TES,0
NR4A1,H2-OB,0
EBF1,NADK,0
EBF1,EXOC3,0
MEF2C,ANGPT1,0
NR4A1,NFIA,0
SATB1,TLE2,0
RPA2,SLC25A46,0
HCFC1,THUMPD1,0
ELF4,D230025D16RIK,0
ETS1,MECOM,0
RPA2,PPP6C,0
KDM6A,TLK1,0
RAD51,RAB31,0
EBF1,CDCA4,0
NFAT5,PDK3,0
CBX7,SLC30A6,0
BMI1,PMPCA,0
ELF4,PRKAR2B,0
NR4A1,SMIM1,0
RPA2,DCTD,0
NFAT5,LAP3,0
FOS,PEAR1,0
EBF1,SMIM5,0
RPA1,ERCC8,0
NFAT5,MYH10,0
RPA1,DPP8,0
NFAT5,TOX4,0
NR4A1,CCNE1,0
KDM6A,ITFG1,0
MEF2C,TMEM185A,0
GFI1,CD48,0
FOS,PRPS2,0
ETS1,LZTS1,0
EBF1,ELL2,0
RAD51,TSPO2,0
FOXO1,ZFP945,0
MEF2C,KLHL23,0
RAD51,NFE2,0
NOTCH1,CITED4,0
BMI1,UROD,0
RPA2,SERPINB6B,0
RAD51,VPS35,0
NFAT5,TBC1D10C,0
NFAT5,SLC25A21,0
RPA1,ZFP30,0
IRF8,ODC1,0
NFAT5,CPT2,0
BMI1,IDH3A,0
NOTCH1,TOR3A,0
NFAT5,FAM76B,0
FOS,IL21R,0
MEF2C,EYA2,0
RPA2,MAU2,0
FOXO1,GPSM2,0
IRF1,CERS4,0
FOS,LDHB,0
FOXO1,COPB1,0
GFI1B,HSPA4L,0
GFI1B,AP1B1,0
IKZF1,LZTS1,0
CBX7,POLR2B,0
JUN,RHAG,0
IRF8,FEM1A,0
BMI1,IFI30,0
NR4A1,ZFP655,0
GFI1B,MYC,0
NR4A1,IARS,0
RAD51,SLC14A1,0
MEIS1,MNS1,0
RPA2,HMBS,0
NOTCH1,PGR,0
NFAT5,SERPINB9,0
EBF1,PHB2,0
EBF1,KIF11,0
ESR1,ADGRL4,0
ETS1,GATA2,0
NFAT5,H2-OB,0
ELF4,RORC,0
IRF1,NELFB,0
ESR1,GATA1,0
MEF2C,ADSSL1,0
CBX7,CCNB2,0
RPA1,UBE2G2,0
GFI1B,PRC1,0
RPA2,HDAC7,0
MEF2C,OPTN,0
NFAT5,GATM,0
IRF1,XRCC5,0
RPA1,ZFP467,0
BMI1,CKAP5,0
KDM6A,ANKFY1,0
RPA1,RGS1,0
RPA2,UNC93B1,0
RPA1,ZFP36,0
BMI1,IPO9,0
SATB1,TAF12,0
MEF2C,NRF1,0
RPA1,TNFAIP2,0
IRF8,TYK2,0
RAD51,WDR45B,0
FOXO1,CENPE,0
FOXO1,WDR5,0
MEF2C,CELA1,0
EBF1,POGLUT1,0
NFAT5,FAM45A,0
FOXO1,TWSG1,0
RPA2,RGS19,0
NR4A1,GRINA,0
CBX7,NUP155,0
CBX7,CDCA4,0
BMI1,TFRC,0
NFAT5,ATP6AP2,0
HCFC1,IFI204,0
RPA2,CD93,0
RPA1,HDAC7,0
IRF1,PRKAA1,0
BMI1,PPAT,0
EBF1,YBX1,0
GFI1B,HSDL1,0
WDR5,ITGA6,0
NFAT5,VPS26C,0
MEIS1,NSDHL,0
GFI1B,HCFC1,0
IRF8,NDEL1,0
FOXO1,TOX4,0
CBX7,NRF1,0
KDM6A,CERS4,0
KDM6A,RGCC,0
IRF1,NT5DC1,0
FOXO1,RTP4,0
RAD51,RMND5A,0
KDM6A,GIMAP1,0
FOXO1,QARS,0
CBFB,COL5A1,0
IRF8,UAP1L1,0
IRF8,MTHFD1,0
ELF4,B230219D22RIK,0
MEF2C,RUNX1T1,0
GFI1B,FAM234B,0
RPA1,HEXA,0
CBX7,CHORDC1,0
ELF4,TRIB2,0
NOTCH1,UCKL1,0
RPA2,PTDSS2,0
NR4A1,CALCRL,0
IRF1,EPDR1,0
CBX7,ALAD,0
NFAT5,SALL2,0
BMI1,PLBD2,0
IRF8,MFNG,0
GFI1B,TMC6,0
NOTCH1,TNFRSF13B,0
NFAT5,METAP1,0
NFAT5,ATP11C,0
BMI1,ZDHHC13,0
SATB1,SLC40A1,0
RAD51,GANAB,0
BMI1,AMPD3,0
MEF2C,NAE1,0
GFI1B,CTTN,0
MEF2C,PRKAR2B,0
NR4A1,SNAP23,0
CBFB,PRDM5,0
IRF8,RHAG,0
RPA1,PDZK1IP1,0
BMI1,DLST,0
MYC,TIE1,0
WDR5,EMB,0
RPA1,GLIS2,0
EBF1,SERPINF1,0
CBX7,HIST1H2BC,0
BMI1,SPTBN1,0
RPA2,P2RY14,0
NFAT5,SQOR,0
CBX7,MIOS,0
CBFB,CSRP3,0
RAD51,CDC20,0
IRF1,CKAP2L,0
IRF8,ZFP36,0
IRF8,CAR1,0
WDR5,LZTS1,0
FOXO1,JUN,0
GFI1B,ARHGAP4,0
KDM6A,PPIC,0
IRF8,TMEM109,0
NFAT5,PAK1,0
RAD51,PSMD9,0
RPA1,PRPS2,0
IRF1,ZFP35,0
RPA1,RGS19,0
NFAT5,TMEM56,0
BMI1,2610301B20RIK,0
MEF2C,ORC5,0
BMI1,IPO4,0
IRF8,PLAA,0
FOXO1,SLC30A6,0
MEF2C,HDAC7,0
IRF8,NRF1,0
RPA1,CDCA5,0
WDR5,GYPA,0
FOS,GYPC,0
FOXO1,VWA5A,0
KDM6A,UBASH3A,0
GFI1,PGLYRP2,0
NOTCH1,MARCH6,0
KDM6A,FLOT2,0
GFI1B,SVIP,0
BMI1,TOX4,0
RAD51,SEPT6,0
FOXO1,PIDD1,0
FOXO1,CDK19,0
MEIS1,ARID3B,0
NOTCH1,TEAD2,0
SATB1,GFI1B,0
ELF4,TSPAN33,0
NR4A1,HNF4A,0
GFI1B,STARD10,0
IRF8,PEAR1,0
IRF8,RPA2,0
CBX7,MIS12,0
CBX7,TAB1,0
RPA1,APEH,0
RPA1,CD34,0
FOS,RAB37,0
NFAT5,MAN1A,0
RPA1,CENPE,0
FOXO1,PLEC,0
KDM6A,KIF22,0
MEF2C,ZFP592,0
NOTCH1,PDK3,0
GFI1,PADI4,0
RPA2,GYG,0
NFAT5,CNP,0
NFAT5,SLC38A5,0
RPA1,KLHL23,0
BMI1,NELFB,0
CBX7,GIMAP5,0
FOS,SNAPC3,0
NFAT5,GCLC,0
NOTCH1,NFE2L2,0
RPA2,GARS,0
CBFB,NFIA,0
NOTCH1,EYA2,0
NR4A1,SLC40A1,0
BMI1,SNRNP200,0
GFI1B,ZKSCAN3,0
CBX7,VPS35,0
RAD51,BTRC,0
FOS,ZFP275,0
NFAT5,9430015G10RIK,0
RPA2,GBP2,0
GATA2,PROCR,0
NFAT5,CENPK,0
RAD51,PSEN1,0
CBX7,CNP,0
GFI1B,PDK3,0
CBX7,UBAP1,0
RPA1,SPHK1,0
MEF2C,THUMPD1,0
RPA1,SPO11,0
IRF8,FUCA2,0
MEF2C,MNS1,0
EBF1,CIPC,0
RPA2,ARL6IP6,0
JUN,MMRN1,0
BMI1,SEPT8,0
RPA1,KAT7,0
FOXO1,EGR1,0
GFI1B,TGM2,0
MEF2C,ATP6V1A,0
MEIS1,MBOAT2,0
BMI1,PSMD9,0
MEF2C,METAP1,0
NFAT5,UBASH3A,0
CBX7,MYH10,0
GFI1B,NARF,0
IRF1,TIMM50,0
IRF8,ZFP467,0
KDM6A,RNF115,0
RPA2,PIK3C3,0
SATB1,RUNX2,0
BMI1,CTNNA1,0
FOXO1,UROD,0
RPA2,CEPT1,0
MEF2C,NAA35,0
GFI1B,CD74,0
SATB1,ODC1,0
MEF2C,ASNS,0
CBX7,NAA50,0
GFI1B,HACD4,0
GATA2,TIFA,0
WDR5,APBB1,0
RAD51,NAMPT,0
NR4A1,NCAPG,0
MEF2C,NASP,0
FOXO1,CYTH4,0
KDM6A,DEK,0
MEF2C,USF3,0
GFI1B,TBXAS1,0
EBF1,PACSIN2,0
FOXO1,ELAC2,0
IRF1,CRNKL1,0
IRF1,ME2,0
NR4A1,COPB2,0
GATA2,ADGRL4,0
NOTCH1,GUSB,0
ELF4,CIPC,0
NFAT5,AAR2,0
GATA2,UBAC1,0
FOXO1,IRF5,0
FOXO1,ASAH1,0
EBF1,MOGS,0
MEF2C,FIGNL1,0
GFI1B,TOLLIP,0
ELF4,DUSP2,0
IRF8,WDSUB1,0
GFI1B,METAP1D,0
RAD51,ACSS1,0
CBX7,TMEM173,0
FOXO1,SLC35A1,0
IRF1,HMGB2,0
KDM6A,CPQ,0
FOXO1,SLC7A4,0
WDR5,UGCG,0
RPA1,ISG20,0
KDM6A,EZR,0
MEF2C,EIF4ENIF1,0
HDAC2,PKLR,0
RPA1,HNRNPLL,0
MEIS1,IARS2,0
RAD51,FOXO1,0
EBF1,E2F4,0
NR4A1,HERC4,0
IRF1,OSTM1,0
NR4A1,GPKOW,0
EBF1,SNAPC3,0
HCFC1,CSRP3,0
RPA2,SELENOP,0
CBX7,ITIH5,0
SATB1,NFIA,0
CBX7,ZDHHC6,0
CBX7,GSTM1,0
RAD51,CNOT7,0
FOXO1,PPM1H,0
ETS1,PBX1,0
ELF4,PGM1,0
BMI1,HEXA,0
KDM6A,L2HGDH,0
EBF1,TMEM176B,0
WDR5,KLF3,0
MEF2C,GFM1,0
MEF2C,ZFP639,0
NR4A1,C330018D20RIK,0
NR4A1,STEAP3,0
CBX7,C1QTNF12,0
MEF2C,BAG2,0
CBX7,ICE1,0
NR4A1,ORC6,0
CBX7,NUP107,0
NR4A1,CRYZL2,0
NFAT5,WDR45B,0
SATB1,RARB,0
MEF2C,DDX20,0
WDR5,TIE1,0
NFAT5,C1QTNF12,0
EBF1,XPR1,0
RPA2,FGFR1OP,0
FOXO1,RAB31,0
NR4A1,IPO9,0
MEIS1,AK3,0
RAD51,REXO4,0
RPA2,JAK3,0
KDM6A,SLC6A6,0
NOTCH1,ITIH5,0
RPA1,DCK,0
IRF8,MED22,0
CBX7,LEPROT,0
EBF1,FECH,0
ELF4,TEAD2,0
FOS,MARCH5,0
RAD51,STX17,0
NOTCH1,SLC6A6,0
EBF1,SVIP,0
RPA2,WDR5,0
GFI1,FTSJ1,0
RPA2,PRC1,0
GATA2,TTF2,0
NFAT5,ERCC8,0
GFI1B,FASTKD2,0
FOXO1,AK3,0
ETS1,SAMD14,0
IRF8,LLGL1,0
SATB1,CES2G,0
BMI1,ISG20,0
GFI1B,RNF213,0
NR4A1,RGCC,0
NFAT5,FAM91A1,0
RAD51,CDT1,0
RPA1,TMEM176A,0
EBF1,MAPK9,0
MEF2C,NFE2,0
CBX7,HEXA,0
ELF4,NFATC2,0
IRF8,CTR9,0
BMI1,UGCG,0
GFI1B,LEPROT,0
RPA2,SPTLC1,0
MEF2C,OTUD6B,0
IRF8,PREP,0
RPA1,PBX1,0
IRF8,GORASP1,0
FOXO1,PRELID3B,0
IRF1,SDHAF2,0
IRF1,HLF,0
IRF8,SGO1,0
EBF1,HDAC11,0
CBX7,KLHL24,0
RAD51,NUDT19,0
RPA1,HSPA4L,0
KDM6A,GSR,0
RPA2,ZEB2,0
NFAT5,SNAP23,0
ELF4,PDZK1IP1,0
BMI1,CERS4,0
EBF1,MYO1D,0
IRF1,USP4,0
NOTCH1,BTK,0
NFAT5,PLEK,0
CBX7,NUP88,0
GFI1B,DENND1C,0
IRF8,PRELID3B,0
CBX7,CSGALNACT2,0
IRF8,TOM1L1,0
EBF1,PWP1,0
NFAT5,EPS15,0
IRF1,ALDH1A1,0
RAD51,GDF3,0
RPA1,NFE2L2,0
SATB1,NCOA6,0
RPA2,MAP4K2,0
RPA1,ABCB4,0
MEIS1,BTK,0
NR4A1,ITGA6,0
BMI1,SDHAF2,0
RPA1,AHCYL1,0
RPA1,RFC5,0
IRF1,SMIM15,0
FOXO1,CHAMP1,0
SATB1,RCSD1,0
CBX7,METTL7A1,0
CBX7,G6PDX,0
BMI1,CCNB1,0
FOXO1,TCN2,0
KDM6A,SELENBP1,0
NFAT5,IL21R,0
EBF1,LDHB,0
FOXO1,NUP85,0
IRF1,PLK1,0
NOTCH1,ZFP30,0
IRF1,VHL,0
RAD51,PTDSS1,0
CBFB,SLC7A4,0
BMI1,MARCH8,0
IRF1,DUSP2,0
CBX7,SERPINB6B,0
BMI1,NCAPG,0
RPA1,E2F4,0
IRF8,UBE2G2,0
BMI1,PICALM,0
RPA2,ISYNA1,0
EBF1,ZFP62,0
MEF2C,PCYT1A,0
CBX7,ST6GALNAC4,0
KDM6A,REL,0
JUN,LZTS1,0
ESR1,MYCT1,0
IRF1,APLP2,0
EBF1,MSH6,0
GFI1B,RASSF5,0
RAD51,UAP1,0
RAD51,C330018D20RIK,0
CBX7,AHR,0
GFI1,STAP1,0
BMI1,MCM2,0
RPA2,UTP4,0
BMI1,VPS41,0
EBF1,SMIM1,0
GATA2,IRF8,0
RPA2,IKZF2,0
IRF1,SLC38A5,0
RAD51,PWP2,0
IRF8,COPB2,0
BMI1,DUSP1,0
FOS,COG6,0
IRF1,TTLL12,0
MEF2C,DNM1L,0
RPA1,SSX2IP,0
CBX7,UBE2C,0
IRF1,METTL27,0
BMI1,SCARF1,0
BMI1,MCM7,0
BMI1,COPG1,0
KDM6A,MOGS,0
CBFB,TIE1,0
NFAT5,MIS12,0
RAD51,EFTUD2,0
FOXO1,UBAP1,0
JUN,SDSL,0
MEF2C,NCAPG2,0
NFAT5,GFM1,0
FOXO1,MFGE8,0
RPA2,SELENBP1,0
RAD51,MAPK9,0
RAD51,PSAT1,0
ETS1,PGR,0
BMI1,TGM2,0
FOS,FECH,0
KDM6A,MYB,0
IKZF1,PROCR,0
FOXO1,RELB,0
SATB1,PLXNC1,0
NR4A1,PLCB2,0
MEF2C,SIGIRR,0
RPA2,TBC1D15,0
RPA1,MNS1,0
NFAT5,LONP1,0
ETS1,RARB,0
NR4A1,ATP6AP2,0
RAD51,HSD3B7,0
RAD51,NIT1,0
KDM6A,CYTH3,0
NR4A1,CD9,0
WDR5,PRPS2,0
SATB1,PHACTR2,0
GFI1,TNFRSF13B,0
MEF2C,RAD51,0
FOXO1,RASA3,0
IRF8,FADS1,0
NFAT5,RFC5,0
NR4A1,GIMAP5,0
NFAT5,PRDM16,0
FOXO1,NEK9,0
GATA2,PUS7,0
RAD51,SCFD1,0
RAD21,BTK,0
IRF8,RRM1,0
EBF1,IPO9,0
FOS,TIPIN,0
MEF2C,SLC19A1,0
NFAT5,RAD51AP1,0
EBF1,CHMP7,0
RPA1,PHAX,0
NOTCH1,SLC44A2,0
STAT3,TEAD2,0
NFAT5,PDE4B,0
IRF8,XRCC3,0
CBX7,VPS33B,0
KDM6A,RAB37,0
GFI1B,FECH,0
RPA1,RABIF,0
BMI1,NET1,0
BMI1,KLF6,0
NFAT5,LDAH,0
RPA2,ZFP35,0
NFAT5,ME2,0
CBX7,ZSCAN21,0
RPA1,MAPK12,0
NFAT5,KAT7,0
RAD51,B230219D22RIK,0
STAT3,KEL,0
MEIS1,GIMAP1,0
NFAT5,PDZK1IP1,0
RPA2,FKBP1A,0
RPA1,NFAT5,0
IRF1,RNF13,0
RPA1,CRNKL1,0
RAD51,DHFR,0
RPA1,HCLS1,0
NR4A1,MCM5,0
KDM6A,PRKCH,0
NOTCH1,SLC25A38,0
FOXO1,XK,0
NR4A1,SLC22A3,0
GFI1B,RGS1,0
FOXO1,GNA13,0
FOS,PRKCH,0
WDR5,TEAD2,0
FOXO1,PRC1,0
FOXO1,NCAPD2,0
CBX7,PQLC3,0
EBF1,MARCH8,0
MEF2C,ASF1B,0
NOTCH1,ANKLE1,0
EBF1,PIK3C3,0
GATA2,SP100,0
RPA2,TLK1,0
FOXO1,LCP1,0
NFAT5,SLC25A46,0
NR4A1,LCP2,0
BMI1,VILL,0
NOTCH1,NASP,0
MEF2C,PRDM5,0
RPA2,CACFD1,0
NR4A1,RORA,0
FOXO1,TTLL12,0
IRF1,PHACTR2,0
GFI1B,JPT2,0
RPA2,MFSD14B,0
NFAT5,CDC45,0
FOS,ZFP467,0
HCFC1,SALL2,0
CBX7,ZFP397,0
KDM6A,NDN,0
RPA2,LRRC8C,0
RAD51,HAUS2,0
BMI1,P2RY14,0
KDM6A,LAPTM4B,0
CBFB,CAMK1,0
EBF1,PAK1,0
SATB1,PRSS50,0
FOS,TK1,0
KDM6A,CSAD,0
RPA1,ATP6AP1,0
RAD51,H2-OB,0
RAD51,KIF11,0
MEF2C,NUP93,0
EBF1,CDCA8,0
EBF1,BYSL,0
CBX7,CEP70,0
ELF4,TOM1L1,0
BMI1,KRT18,0
RAD51,TREML2,0
FOXO1,HNRNPAB,0
FOS,SERPINB6B,0
FOXO1,AHCYL1,0
EBF1,VPS33B,0
RAD51,PPM1H,0
RPA1,CRIP2,0
RPA2,NUP155,0
NR4A1,ST8SIA4,0
NR4A1,ZFP467,0
CBX7,SMAD2,0
IRF8,ADK,0
GFI1B,CTNNA1,0
RPA1,PPP2R1B,0
IRF1,SLC22A3,0
SATB1,CNN2,0
CBX7,EZR,0
RPA1,TRIM30A,0
EBF1,NXPE2,0
NR4A1,NASP,0
BMI1,ASAH1,0
EBF1,LANCL2,0
GFI1,ESR1,0
KDM6A,NXPE2,0
ETS1,PRSS50,0
RPA1,RHD,0
NOTCH1,ZBTB10,0
RPA1,HELLS,0
CBFB,RAB31,0
MYC,MUC13,0
IRF1,H2-DMB1,0
BMI1,ANXA5,0
CBX7,BATF2,0
IRF8,VAMP3,0
NFAT5,HNRNPAB,0
BMI1,NFE2,0
NFAT5,RNF145,0
NFAT5,MCM6,0
FOS,SLC40A1,0
ELF4,NUP85,0
RPA1,CLPX,0
BMI1,TFG,0
STAT3,CD93,0
RPA1,OASL2,0
RAD51,TCN2,0
SATB1,ANKRD27,0
RAD51,ORC6,0
IRF8,CKAP5,0
RPA2,YBX3,0
FOXO1,TOP2A,0
FOXO1,TMEM164,0
CBX7,DDX58,0
IRF1,SERPINB6B,0
JUN,ADGRL4,0
HDAC2,KEL,0
KDM6A,TSPAN33,0
RAD51,SLC43A1,0
RAD51,CLDN13,0
RAD51,IRF8,0
ELF4,GEMIN5,0
IRF1,TTF1,0
FOS,SOX18,0
GFI1B,MNS1,0
BMI1,PUS7,0
FOXO1,SMAD2,0
RPA2,TGM2,0
STAT3,ERMAP,0
RAD51,SPRYD4,0
MEF2C,MFGE8,0
KDM6A,ITIH5,0
STAT3,SDSL,0
NFAT5,THUMPD3,0
NFAT5,FASTKD2,0
BMI1,HEMGN,0
NFAT5,INTS8,0
SATB1,MNS1,0
FOS,RAD51,0
NFAT5,FOS,0
BMI1,DPH6,0
NFAT5,OTUD6B,0
NOTCH1,ATP6AP2,0
FOXO1,BTK,0
STAT3,NSD2,0
EBF1,CTLA2B,0
NOTCH1,NDE1,0
MEF2C,VPS35,0
BMI1,GIMAP5,0
RAD51,DTL,0
NR4A1,SOX18,0
CBX7,STK25,0
SATB1,DNM1L,0
BMI1,CPQ,0
GFI1B,CD34,0
MEF2C,CNIH1,0
EBF1,MTFR1,0
NFAT5,CDK19,0
MEF2C,JPT2,0
EBF1,GEMIN5,0
FOXO1,MCM2,0
GFI1B,UAP1,0
RAD51,MBTPS1,0
MEF2C,NDRG1,0
IRF1,UBXN2B,0
EBF1,CMPK2,0
MEF2C,ACAA2,0
CBX7,LYZ2,0
FOXO1,SAMD14,0
GFI1B,USP10,0
RPA1,PCCA,0
RPA1,1700017B05RIK,0
NFAT5,AHR,0
FOXO1,GUSB,0
GFI1B,CSRP3,0
BMI1,JAK3,0
EBF1,LTB,0
NR4A1,PPIL4,0
NOTCH1,NCAPH,0
FOXO1,IARS,0
IRF1,ZFP367,0
MEF2C,CD84,0
FOS,MYO1G,0
NFAT5,NUP88,0
NFAT5,NUP85,0
GFI1B,SPTLC1,0
NFAT5,PDCL,0
RAD51,GLIS2,0
BMI1,POLR3F,0
EBF1,CACFD1,0
RAD51,DCAF4,0
NFAT5,CDC7,0
IRF8,TM7SF3,0
GATA2,NAGA,0
NOTCH1,LAPTM4B,0
RAD51,NUSAP1,0
STAT3,TAPT1,0
RPA2,TAPT1,0
ETS1,AFAP1L1,0
GATA2,SSX2IP,0
NFAT5,PPIC,0
IRF8,ABCG2,0
EBF1,ZFP961,0
RPA2,NUP88,0
IRF1,NEK9,0
CBX7,ABCB10,0
RAD51,NUDCD1,0
RAD51,TIMM50,0
GFI1B,SIGIRR,0
NFAT5,SPNS2,0
WDR5,NXPE2,0
RPA2,CCNB2,0
IRF1,SLC14A1,0
RPA2,VAV1,0
KDM6A,PHF10,0
IRF1,HSDL1,0
MEF2C,THRB,0
MEF2C,MED22,0
RPA1,SMARCA2,0
RPA1,TMEM206,0
ESR1,C1QTNF12,0
IRF1,MCM7,0
RPA1,SATB1,0
NFAT5,TCF19,0
RPA1,BUB1,0
EBF1,LAPTM4B,0
RAD51,RTP4,0
IRF1,CNN2,0
RAD51,CORO1A,0
NFAT5,SERPINA3G,0
RPA2,CENPK,0
CBX7,AFG3L2,0
IRF1,STARD10,0
NFAT5,GMCL1,0
RPA1,THUMPD3,0
CBX7,YOD1,0
HCFC1,HOXA9,0
NR4A1,ATP6V1A,0
RPA1,NARF,0
NR4A1,RNF141,0
NR4A1,CCDC137,0
RPA1,CALU,0
IRF1,PHF10,0
ELF4,CERS4,0
RPA2,IKZF1,0
FOXO1,SERPINB1A,0
HCFC1,LTB,0
RPA2,UBL4A,0
KDM6A,GOLPH3,0
EBF1,CCDC137,0
BMI1,CDC45,0
NFAT5,NFATC1,0
MEIS1,DYNLT3,0
RPA1,DTL,0
BMI1,RCC1,0
RPA1,RNF139,0
RAD51,TCP11L2,0
EBF1,UBAP1,0
EBF1,KAT7,0
RPA2,SLC6A6,0
NFAT5,USF3,0
IRF1,NDN,0
FOXO1,CLIC4,0
RPA2,NPLOC4,0
NR4A1,FEM1B,0
KDM6A,TLE2,0
GFI1B,BMI1,0
NFAT5,PSTPIP1,0
GFI1B,SLC14A1,0
NR4A1,RMND5A,0
IRF8,MCM2,0
IRF8,ERLIN1,0
CBX7,ELMO1,0
HDAC2,TIE1,0
EBF1,PKLR,0
CBFB,HDAC9,0
MEF2C,NCAPH,0
RPA1,PSEN2,0
GFI1B,OPTN,0
GFI1B,EBF1,0
RPA2,TOR3A,0
MEF2C,MFN2,0
EBF1,SLC31A1,0
ELF4,INTS8,0
CBX7,ATG12,0
NOTCH1,SMIM5,0
NOTCH1,TLK1,0
NR4A1,ETS1,0
IRF1,FAM91A1,0
GFI1B,TTLL12,0
FOS,TMX3,0
IRF8,CDK1,0
RPA2,PLK1,0
RAD51,CASP4,0
RPA1,CARHSP1,0
NFAT5,PQLC1,0
KDM6A,TMEM185A,0
IRF1,MEMO1,0
CBX7,CISH,0
GFI1B,CD1D1,0
WDR5,CHCHD10,0
RPA1,ACAP1,0
EBF1,GSTM5,0
RAD51,EMILIN2,0
NOTCH1,NCOA6,0
GATA2,PEAR1,0
FOXO1,WLS,0
BMI1,PSEN1,0
NOTCH1,TMEM164,0
KDM6A,NUP85,0
GFI1B,TENT5A,0
MEF2C,EFTUD2,0
EBF1,PKM,0
NFAT5,MCM5,0
RPA2,ATP13A1,0
BMI1,AHCTF1,0
BMI1,IFITM1,0
RPA1,NUP88,0
FOS,UNC93B1,0
ELF4,CD63,0
HCFC1,ARHGAP4,0
RPA1,INPP5B,0
IRF8,NGLY1,0
FOS,SHCBP1,0
IRF1,ELP3,0
KDM6A,SLC29A1,0
HDAC2,NXPE2,0
EBF1,NRF1,0
NFAT5,CERS5,0
EBF1,PLIN2,0
HCFC1,RAB31,0
NR4A1,TRMT11,0
IRF1,FBXW5,0
GFI1B,TAB1,0
MEF2C,ARMT1,0
FOXO1,ME2,0
IRF8,AHCTF1,0
RPA2,PCCA,0
HCFC1,SCARF1,0
RPA2,ACAA2,0
BMI1,SPTLC1,0
BMI1,AP1B1,0
GFI1B,PAK1,0
FOXO1,TMEM97,0
RAD51,CEP70,0
GFI1B,CLPX,0
RPA2,ST3GAL5,0
MEF2C,SQOR,0
RPA1,ABCB8,0
BMI1,JPT2,0
BMI1,TAB1,0
IRF8,CPT1A,0
RPA1,UMPS,0
RPA1,RFC4,0
GFI1B,ARID3B,0
IRF1,DDX1,0
RAD51,PLA2G12A,0
BMI1,ODC1,0
ESR1,HACD4,0
EBF1,TSPO2,0
FOS,TBC1D2B,0
IRF1,ADAMTS10,0
BMI1,GPKOW,0
IRF8,PLPPR3,0
ELF4,HSPA4L,0
FOS,C1QTNF12,0
NFAT5,TFR2,0
RPA1,NAPSA,0
BMI1,MCTP1,0
RPA2,GNA13,0
BMI1,PRKAA1,0
IRF1,NDC1,0
RPA2,LYRM4,0
RPA2,SLC43A3,0
ELF4,GPR180,0
GFI1B,RB1,0
NFAT5,SERPINB1A,0
IRF8,GIMAP1,0
NOTCH1,ISG20,0
GFI1B,PPP2R1B,0
NFAT5,XRCC3,0
SPI1,GRINA,0
MEIS1,EPOR,0
BMI1,KDM6A,0
GFI1B,MFNG,0
IRF1,VPS33A,0
NR4A1,NGLY1,0
RPA1,PLCG2,0
RAD51,RUVBL2,0
CBX7,IFI30,0
MEF2C,DHX33,0
IRF1,CES2G,0
RPA1,TWSG1,0
MEF2C,PDCL,0
MEF2C,CD82,0
WDR5,MCTP1,0
NFAT5,FIGNL1,0
RPA1,GNB4,0
FOS,CAD,0
IRF1,ST3GAL5,0
MEF2C,VHL,0
EBF1,SDHAF2,0
IRF1,STXBP3,0
NR4A1,AFF4,0
RPA2,TIFA,0
CBFB,NDN,0
SATB1,PLPPR3,0
BMI1,CRYZL2,0
RPA2,ESYT2,0
CBX7,GDF3,0
IRF8,ILVBL,0
MEF2C,KIF22,0
FOXO1,MYCN,0
MEF2C,ILVBL,0
CBX7,RB1,0
EBF1,HACD4,0
WDR5,PRSS50,0
FOXO1,RPRD1B,0
MEF2C,RARB,0
IRF8,LPCAT1,0
EBF1,UNC93B1,0
MEF2C,PPP6C,0
ELF4,ZMYM3,0
KDM6A,PDZK1IP1,0
IRF8,RNASEL,0
MEF2C,UBE2G2,0
RPA2,TAB1,0
CBX7,PAFAH1B2,0
RPA1,CERS5,0
NR4A1,NCAPD2,0
MEF2C,CLIC4,0
HCFC1,MUC13,0
KDM6A,RCC1,0
CBX7,PACSIN2,0
RPA1,ESAM,0
GFI1B,CLN5,0
IRF1,COA5,0
BMI1,MAPK1,0
NR4A1,KLF6,0
NFAT5,G6PDX,0
CBX7,TREML2,0
RPA1,GNPDA1,0
BMI1,PSEN2,0
NFAT5,ZFP143,0
GATA2,PDZK1IP1,0
IRF8,CLDN13,0
NOTCH1,TBXAS1,0
IRF1,RPA2,0
WDR5,AQP9,0
RAD51,SERPINB9,0
KDM6A,TREML2,0
EBF1,SEPT8,0
CBX7,ADK,0
RPA2,USP37,0
IRF8,GLIS2,0
RAD51,GOLT1B,0
KDM6A,CTLA2A,0
NFAT5,EIF4ENIF1,0
IRF8,CCNF,0
NR4A1,CHUK,0
CBX7,FAM136A,0
RPA1,PON2,0
RAD51,PRC1,0
GATA2,TCF19,0
IRF8,GSKIP,0
IRF8,HNF4A,0
SATB1,CSAD,0
GFI1B,SLC30A5,0
CBX7,HOXA9,0
BMI1,FAM91A1,0
RAD51,EMB,0
NOTCH1,IRF5,0
FOS,PMPCA,0
RAD51,IKZF1,0
EBF1,WDR6,0
NFAT5,NPTN,0
IRF8,KRT18,0
NOTCH1,CAD,0
MEIS1,FKBP1A,0
IRF1,MYO1G,0
IRF8,MTFR1,0
MEF2C,FOS,0
IRF1,GPR180,0
IRF8,TSHZ3,0
BMI1,UNC93B1,0
RAD51,RASAL3,0
RPA1,GTF2H1,0
NR4A1,SVIP,0
IRF8,TOPORS,0
RAD51,INPP1,0
CBX7,INTS13,0
MEF2C,SGPL1,0
RPA2,HAUS2,0
NFAT5,CUL2,0
IRF8,TRIB3,0
NFAT5,CTSE,0
KDM6A,PRSS50,0
RPA1,CLIC4,0
RPA1,ZFP62,0
BMI1,SMIM5,0
RPA2,SETD2,0
NFAT5,PRIM2,0
BMI1,EXOC2,0
WDR5,TM7SF3,0
RPA1,EPDR1,0
RAD51,PRPS1,0
MEF2C,LZTS1,0
RPA1,SNAPC3,0
SATB1,CD55,0
KDM6A,NRF1,0
RPA1,FCHSD2,0
RPA2,EIF4ENIF1,0
RAD51,FPGS,0
GFI1B,CYTH4,0
CBX7,QARS,0
ELF4,PADI4,0
CBX7,GPR171,0
NR4A1,TTLL12,0
IRF8,C1QTNF12,0
KDM6A,IFITM1,0
NFAT5,PLAA,0
RAD51,NAA35,0
RPA1,UBAC1,0
NFAT5,ADD2,0
EBF1,CSRP3,0
GATA2,MFNG,0
RPA1,SMC2,0
GATA2,PCLAF,0
NFAT5,ZFP30,0
FOXO1,CAPN7,0
NOTCH1,NUP85,0
KDM6A,SMIM5,0
ELF4,GIMAP1,0
IRF1,ABCB4,0
KDM6A,EBF1,0
BMI1,TPP1,0
RPA2,SPC25,0
CBX7,AFF4,0
EBF1,ZMYM3,0
RPA2,GRINA,0
ELF4,PPIC,0
FOXO1,RMND5B,0
RPA1,CITED4,0
FOXO1,APEH,0
MEF2C,CRK,0
EBF1,TRIB2,0
GFI1B,HEMGN,0
RPA2,SIGIRR,0
FOXO1,GOLM1,0
MEF2C,IFI44,0
BMI1,ST3GAL5,0
BMI1,HSPA4L,0
IRF8,COG7,0
GFI1B,HDAC11,0
GFI1B,TMEM109,0
NFAT5,HMGB2,0
IKZF1,AQP1,0
RAD51,PIK3IP1,0
CBX7,XK,0
NFAT5,ORC6,0
FOXO1,ZDHHC6,0
ELF4,TK1,0
NFAT5,PLEC,0
MEF2C,AFF4,0
RAD51,ARL8B,0
SATB1,HLF,0
CBX7,PUS7,0
GFI1B,VDR,0
NFAT5,ESR1,0
GFI1B,MGST3,0
BMI1,MFGE8,0
KDM6A,PLXNC1,0
CBX7,TRMT6,0
RPA1,PITPNB,0
RAD51,PPP2R1B,0
NFAT5,WDHD1,0
RPA1,GSKIP,0
RPA2,TMEM97,0
NFAT5,SNRNP200,0
SATB1,KNSTRN,0
EBF1,OTUD6B,0
NOTCH1,MYCN,0
RPA1,HAUS2,0
NFAT5,CSRP3,0
RPA1,IDH3A,0
RPA2,TMEM109,0
RAD51,RAI14,0
EBF1,PRMT7,0
EBF1,ILVBL,0
NOTCH1,CD84,0
NOTCH1,ADSSL1,0
RPA1,MCM7,0
HCFC1,SPIRE1,0
JUN,NCOA6,0
WDR5,GPSM2,0
CBX7,PBK,0
HCFC1,ADGRG3,0
IRF1,ANK,0
RPA2,RFC4,0
MEF2C,APEH,0
STAT3,HOXA9,0
MEF2C,LLGL1,0
GFI1B,MAU2,0
BMI1,GMPR,0
BMI1,USP4,0
RAD51,ABHD16A,0
NFAT5,SCRN3,0
SPI1,MPL,0
GFI1B,GYPC,0
IRF8,PITPNB,0
MEIS1,PWP1,0
IRF1,HPCAL1,0
BMI1,SEC23IP,0
NOTCH1,CASP4,0
IRF1,NFKBIA,0
RPA2,GSKIP,0
IRF8,TRIB2,0
FOS,CENPO,0
NFAT5,PIP4K2A,0
IRF8,SALL2,0
RPA1,2210016F16RIK,0
FOXO1,ATP13A1,0
NOTCH1,RAB31,0
BMI1,STK25,0
CBFB,PRSS50,0
HCFC1,MMRN1,0
RAD51,SLC18A2,0
RAD51,PSMD6,0
IRF8,TSPO2,0
NFAT5,CKAP2L,0
FOXO1,ZKSCAN3,0
GFI1B,MED16,0
SATB1,PRKCQ,0
NFAT5,CD63,0
GFI1B,ATP11C,0
FOXO1,LRRFIP1,0
MEF2C,MYH10,0
NOTCH1,KLF3,0
RAD51,ASB8,0
RAD51,RABIF,0
JUN,CRIP2,0
RAD51,LY6A,0
IRF1,RHOT1,0
MEF2C,DNPEP,0
RAD51,NCEH1,0
EBF1,ST8SIA4,0
IRF8,NEURL3,0
EBF1,SATB1,0
RAD51,2610301B20RIK,0
IRF1,HEBP1,0
CBFB,SELENBP1,0
JUN,MBOAT2,0
NFAT5,FCHSD2,0
FOS,PCYT2,0
MEF2C,RPA2,0
BMI1,PBK,0
FOXO1,AFAP1L1,0
RAD51,CNOT10,0
MEF2C,IL15,0
FOXO1,PHB2,0
MEF2C,TBXAS1,0
GFI1,DOK2,0
KDM6A,ANK,0
IRF8,FOXO1,0
IRF8,SSX2IP,0
NR4A1,PHACTR2,0
RAD51,CSRP3,0
RAD51,OAT,0
RPA2,PREP,0
RPA1,UTP4,0
MEF2C,DYNLT3,0
MEF2C,TLK1,0
KDM6A,CD63,0
GFI1B,PJA2,0
RPA2,CISH,0
MEF2C,MTMR6,0
EBF1,MARCH6,0
IRF1,PACS1,0
NFAT5,CIPC,0
IRF1,CKAP2,0
BMI1,BC005561,0
NOTCH1,TTLL12,0
RPA1,PDCL,0
RAD21,CLDN13,0
GFI1B,SERPINB9,0
RPA1,CSGALNACT2,0
RPA1,TEAD3,0
IRF8,SLC25A46,0
IRF1,GDF3,0
KDM6A,MYO1G,0
CBX7,FNTA,0
NFAT5,CSAD,0
IRF8,PRPS2,0
FOS,NSD2,0
RPA2,ESR1,0
CBX7,CNN2,0
NFAT5,GPKOW,0
RPA2,DTL,0
EBF1,DYNLT3,0
IRF1,MECOM,0
RPA2,SLC31A1,0
NFAT5,USP4,0
RPA2,CUL3,0
RPA1,4833439L19RIK,0
MEF2C,CCNE2,0
NR4A1,PLCG2,0
NOTCH1,LMO4,0
NFAT5,UBA3,0
NR4A1,TOLLIP,0
RAD51,HOXA9,0
GFI1,SLC14A1,0
IRF8,ALG11,0
NR4A1,RASAL3,0
IRF1,RORA,0
KDM6A,GCNT2,0
NOTCH1,CDC45,0
CBX7,ABCF3,0
GFI1B,KEL,0
MEF2C,LONP1,0
RAD51,SLC22A3,0
ELF4,VAV1,0
MEF2C,CAD,0
CBX7,NAE1,0
CBX7,IKZF2,0
NFAT5,BUB3,0
WDR5,ANXA2,0
MEIS1,NAE1,0
FOS,HAUS2,0
MEF2C,CRYZL2,0
EBF1,EMILIN2,0
IRF8,AHR,0
RAD51,IL15,0
CBFB,SOX6,0
EBF1,TBXAS1,0
GFI1B,ACAP1,0
RPA2,MYC,0
MEF2C,NUDT19,0
RPA2,DIS3L2,0
CBX7,OASL2,0
KDM6A,MECOM,0
KDM6A,PHACTR2,0
WDR5,CPQ,0
IRF1,BTK,0
RPA2,ANXA2,0
SATB1,SLC25A45,0
NFAT5,COL5A1,0
RPA1,MIOS,0
IRF8,ARL6IP6,0
RPA2,LMO4,0
RAD51,HEBP1,0
BMI1,L2HGDH,0
BMI1,PRIM2,0
NOTCH1,PLIN3,0
IRF1,ITSN1,0
EBF1,NIT1,0
FOXO1,CDC7,0
NOTCH1,ELP3,0
NFAT5,SGTA,0
NR4A1,GTF2E1,0
RAD51,COG6,0
FOS,MYO1D,0
RPA1,CKAP2L,0
NR4A1,MAPK12,0
ELF4,ENDOD1,0
KDM6A,NSD2,0
CBX7,CD1D1,0
CBX7,MCM2,0
RPA2,SLC39A9,0
RPA2,MAD2L1,0
BMI1,PLEK,0
MEF2C,MSH6,0
FOXO1,CDC6,0
RAD51,CLPX,0
RAD51,2210016F16RIK,0
GFI1B,MYNN,0
NR4A1,E2F4,0
RPA2,NT5DC1,0
CBX7,NCOA6,0
RPA2,FAM168B,0
BMI1,SLC29A1,0
FOXO1,NSD2,0
RPA1,HDAC2,0
BMI1,XPC,0
BMI1,CYB5R3,0
IRF1,CAST,0
NFAT5,ZBTB20,0
BMI1,NOL9,0
ELF4,NUDT4,0
BMI1,COG7,0
STAT3,RNASE6,0
RAD51,ANKLE1,0
EBF1,MNDAL,0
RPA2,USP10,0
EBF1,CCNE1,0
NFAT5,DNAJC11,0
MEF2C,UGCG,0
GFI1,CASP4,0
EBF1,TOLLIP,0
BMI1,LTB,0
RPA2,GSTM5,0
MEF2C,WDR75,0
RPA2,XRCC6,0
GFI1,LSP1,0
BMI1,ATP6AP1,0
IRF1,DENND1C,0
MEF2C,SMARCA2,0
ETS1,RUNX1T1,0
MEIS1,ATP11C,0
BMI1,ARHGAP15,0
SATB1,PDK3,0
IRF1,TCN2,0
ELF4,VILL,0
IRF1,GRINA,0
MEF2C,FAM234B,0
CBX7,EIF4ENIF1,0
CBX7,GATA1,0
MEF2C,ME2,0
GFI1B,CD93,0
NOTCH1,IFI30,0
FOS,GFM1,0
BMI1,ABCB8,0
IRF8,NCAPG,0
FOXO1,GCLC,0
RPA2,ARMT1,0
RPA2,WDR75,0
BMI1,LAPTM4B,0
RPA1,CCNB1,0
ELF4,MECOM,0
SATB1,SLC43A1,0
BMI1,ARAP1,0
BMI1,TENT5A,0
RAD51,LTB,0
GFI1B,IKZF2,0
FOS,ZFP110,0
SATB1,UBL4A,0
FOXO1,HARS2,0
RAD51,UBE2C,0
RPA2,ATAD1,0
MEF2C,PSMF1,0
IRF8,TOLLIP,0
NFAT5,TK1,0
IRF8,CKAP2,0
NOTCH1,H2-DMB1,0
FOXO1,UBE2G2,0
CBX7,UNK,0
GFI1B,ANXA1,0
JUN,GMPR,0
RPA2,HARS2,0
IRF8,GATA1,0
NFAT5,IRF6,0
RAD51,CAD,0
EBF1,TRMT6,0
IRF8,CES2G,0
IRF1,TBL3,0
FOXO1,TAF12,0
FOXO1,SLC25A38,0
RPA2,LZTR1,0
KDM6A,HNF4A,0
IRF1,SCARB1,0
FOXO1,STX17,0
BMI1,HNRNPLL,0
ELF4,SPIRE1,0
CBFB,RAI14,0
NOTCH1,CTR9,0
IRF8,PPIC,0
MEF2C,TRMT11,0
NR4A1,METAP1D,0
RAD51,ZFP467,0
BMI1,ELAC2,0
GFI1,CAR1,0
ELF4,RARB,0
NFAT5,SEPT6,0
RPA2,TSPO2,0
IRF1,RELB,0
FOXO1,DDHD2,0
RAD51,CKAP5,0
NOTCH1,AMPD3,0
MEF2C,ICA1,0
JUN,MAPK12,0
FOXO1,ANK,0
IRF1,MMRN1,0
MEF2C,TANGO2,0
IRF1,RAB31,0
FOXO1,PROCR,0
NFAT5,HMBS,0
IRF1,CDK19,0
EBF1,TSPAN33,0
MEF2C,MCM5,0
RAD51,SLA2,0
GFI1B,PRDM5,0
RPA2,HPCAL1,0
NFAT5,WARS,0
BMI1,AP5M1,0
KDM6A,LMO4,0
RAD51,IRF6,0
ELF4,IFITM1,0
NFAT5,CAPN7,0
IRF8,SDHAF2,0
BMI1,REXO4,0
IRF1,GPKOW,0
EBF1,CENPE,0
BMI1,DTL,0
ESR1,MYL10,0
NOTCH1,UBAP1,0
NOTCH1,TMEM56,0
BMI1,NUSAP1,0
BMI1,SLC20A1,0
NOTCH1,USP10,0
RAD51,PLCG2,0
IRF1,FGFR1OP,0
NR4A1,BTAF1,0
BMI1,NDUFV1,0
RPA2,SGTA,0
IRF8,HMGB2,0
EBF1,LZTS1,0
IRF8,POLA2,0
IRF1,SLC43A1,0
HDAC2,RHAG,0
EBF1,SP100,0
WDR5,PLPPR3,0
HCFC1,ST3GAL6,0
IRF8,COQ8A,0
MEF2C,TOLLIP,0
EBF1,TBL3,0
GFI1B,NADK,0
BMI1,PADI4,0
IRF1,ORC5,0
IRF8,MYB,0
KDM6A,FAM168B,0
CBX7,MGST3,0
RAD51,TBCD,0
BMI1,RBPMS,0
NFAT5,PSMD9,0
IRF1,EPS15,0
IRF1,ASNS,0
RPA1,EFTUD2,0
NR4A1,CCNA2,0
MEF2C,MXD3,0
RPA2,PQLC3,0
GFI1B,DUSP2,0
RAD51,CTTN,0
RPA1,IRF6,0
ELF4,NSD2,0
RAD51,PLIN2,0
NFAT5,CD84,0
NFAT5,TBCD,0
BMI1,HDGF,0
NR4A1,CD1D1,0
NR4A1,DLST,0
RAD51,EPDR1,0
KDM6A,KIDINS220,0
RPA1,IRF1,0
CBX7,DNAJC10,0
IKZF1,ADD2,0
FOXO1,PHETA2,0
CBX7,ZFP367,0
MEF2C,CKAP2,0
RPA1,NAA50,0
CBX7,RCOR1,0
KDM6A,H2-OB,0
NR4A1,TRIB2,0
FOXO1,ELOVL1,0
BMI1,MORC3,0
MEF2C,STXBP1,0
MEF2C,TMEM173,0
CBFB,SLC43A1,0
NR4A1,MAPK1,0
RAD51,MAPK1,0
KDM6A,CPT2,0
IRF8,SETD2,0
FOS,DYNLT3,0
RAD51,NUP88,0
JUN,PLAC8,0
SATB1,TSC22D3,0
GFI1B,GNG11,0
IRF8,PTDSS2,0
ETS1,PCP4L1,0
RPA1,MRPL37,0
CBX7,POLR3F,0
ELF4,LTB,0
IRF1,CHUK,0
NR4A1,SIGIRR,0
BMI1,NAA35,0
MEIS1,C1QTNF12,0
RPA1,LPIN2,0
NFAT5,PIDD1,0
RPA2,ABI1,0
MEF2C,ANKFY1,0
IRF8,LRRC14,0
BMI1,E2F8,0
FOXO1,TAF1,0
CBX7,MCM10,0
GATA2,SLC43A3,0
EBF1,TLE2,0
MEF2C,GALK2,0
RPA1,HDAC11,0
GFI1B,LPCAT3,0
FOXO1,HUS1,0
ELF4,HEMGN,0
NOTCH1,MECOM,0
RPA1,BTAF1,0
RPA1,DCAF13,0
MEF2C,TIFA,0
CBFB,CD93,0
IKZF1,XK,0
GFI1B,AHR,0
IRF8,RGCC,0
CBX7,ETF1,0
SATB1,SPPL2B,0
FOS,CERS5,0
MEF2C,RNF141,0
NR4A1,MFGE8,0
NFAT5,SNCA,0
BMI1,NIT1,0
STAT3,GDF3,0
IRF1,KLHL6,0
RPA2,TK1,0
FOXO1,TNFRSF13B,0
RPA2,VPS41,0
WDR5,C1QTNF12,0
NFAT5,TBXAS1,0
IRF8,SPI1,0
BMI1,H1F0,0
CBX7,MFGE8,0
RPA2,SPRYD4,0
GFI1B,GNAI3,0
BMI1,SLC25A45,0
KDM6A,RHD,0
NOTCH1,COPG1,0
BMI1,FIGNL1,0
IRF8,SMIM1,0
FOS,SLC6A6,0
BMI1,ATG16L1,0
MEF2C,LY6A,0
IRF1,POLR2B,0
RPA1,CNOT10,0
FOXO1,SLC11A2,0
MEF2C,BATF2,0
FOS,TMEM263,0
RPA2,EPSTI1,0
IRF1,ZFP655,0
NFAT5,BCLAF3,0
NR4A1,IFITM1,0
NOTCH1,TNFAIP2,0
NFAT5,THUMPD1,0
IKZF1,RARB,0
RPA2,CORO1A,0
NFAT5,SCARF1,0
CBFB,TEAD2,0
GATA2,CLDN13,0
FOXO1,ARHGAP15,0
HDAC2,TOM1L1,0
MEF2C,ANAPC2,0
GATA2,SMIM5,0
NR4A1,SQLE,0
KDM6A,EMILIN2,0
NR4A1,TVP23B,0
GATA2,IFI203,0
KDM6A,CACFD1,0
IRF8,RGS2,0
RAD51,RCOR1,0
NR4A1,TFR2,0
ELF4,SPNS2,0
MEF2C,HEXA,0
RPA2,USP8,0
MEF2C,PIK3IP1,0
RPA2,NAGA,0
RPA1,DLST,0
FOS,FAM234B,0
KDM6A,C1QTNF12,0
IRF8,KLHL6,0
CBX7,TBXAS1,0
IRF1,NGLY1,0
IRF1,UBA3,0
NOTCH1,NEURL3,0
EBF1,SLC25A38,0
RAD51,EYA1,0
KDM6A,KNSTRN,0
RPA1,SP100,0
CBX7,WDR6,0
RPA2,PAFAH1B2,0
GFI1B,SLC39A9,0
RPA1,TAF12,0
IRF8,ZZZ3,0
KDM6A,TBC1D2B,0
NFAT5,ABTB1,0
NOTCH1,BMI1,0
WDR5,ADD2,0
NR4A1,PRPS1,0
RPA1,EMB,0
RPA2,SLC19A1,0
RAD51,METTL27,0
MEF2C,ZSCAN21,0
RPA1,MTAP,0
NR4A1,SDSL,0
NR4A1,ZFP322A,0
RPA2,KAT7,0
FOS,TEAD3,0
RPA2,SLC43A1,0
EBF1,RANBP3,0
CBX7,LIG1,0
EBF1,MCM10,0
CBX7,GPSM2,0
NFAT5,TMEM109,0
KDM6A,CCDC137,0
EBF1,RAD51,0
MEIS1,LZTS1,0
SATB1,MARCH5,0
NFAT5,RARS,0
NR4A1,CD63,0
IRF1,PLA2G12A,0
WDR5,ABCG2,0
RPA1,PLEC,0
RPA1,NFATC1,0
KDM6A,APLP2,0
IRF8,TTLL12,0
SATB1,ATP6AP1,0
NFAT5,DCK,0
KDM6A,ARHGAP4,0
RPA2,ZBTB10,0
MEF2C,TVP23B,0
NFAT5,SSX2IP,0
IRF8,ACOX1,0
EBF1,EYA2,0
CBX7,CCNE2,0
RAD51,PNO1,0
RPA1,ELL2,0
RPA2,CHORDC1,0
CBX7,TMEM263,0
NFAT5,CYTH4,0
MEF2C,SVIP,0
RPA2,GATA1,0
RAD51,MIOS,0
NR4A1,PIDD1,0
EBF1,WDR5,0
EBF1,MYB,0
CBFB,SDSL,0
NOTCH1,ATG4B,0
NFAT5,UAP1L1,0
EBF1,PCYT2,0
MYC,RHD,0
RAD51,LDHB,0
ELF4,GTF3C3,0
IRF1,ADD2,0
BMI1,MTMR6,0
EBF1,COPB1,0
IRF8,TRIM47,0
RPA1,PPARGC1A,0
RPA2,ADGRG3,0
FOS,KRT18,0
ELF4,SLC18A2,0
IRF8,GRAMD1A,0
MEF2C,NDOR1,0
SATB1,INPP5B,0
NOTCH1,BID,0
RPA1,DUS1L,0
IRF1,GMNN,0
WDR5,RHD,0
NOTCH1,TRIM47,0
MEF2C,SCARB1,0
FOXO1,GPR180,0
MEF2C,COQ8A,0
EBF1,GRINA,0
SATB1,BTK,0
IRF1,CORO1A,0
MEF2C,HDGF,0
EBF1,IFI44,0
RAD51,PADI4,0
FOS,NAGA,0
GFI1B,LMO4,0
SATB1,EMILIN1,0
FOXO1,CALU,0
NR4A1,SERPINB6B,0
CBX7,RAD51,0
BMI1,SLC35A1,0
GFI1B,NUP107,0
RPA2,CEP70,0
RAD51,PCCA,0
FOS,ATG4B,0
RPA2,RHAG,0
NOTCH1,EXT2,0
RPA1,XAB2,0
FOXO1,CD93,0
NFAT5,HAUS2,0
NOTCH1,GDF3,0
RAD51,FBXO5,0
MEIS1,IFI203,0
SATB1,TCN2,0
RPA2,CARHSP1,0
FOS,ALAD,0
BMI1,FBXO5,0
EBF1,DNPEP,0
MEIS1,TRIM47,0
NFAT5,SLC30A6,0
IRF1,NCAPG,0
RPA1,PRMT7,0
NOTCH1,CNP,0
RPA1,IKZF2,0
RPA1,TXNRD2,0
CBX7,TMEM176A,0
MEF2C,HPCAL1,0
RAD51,IFRD2,0
GFI1B,MAPK9,0
NFAT5,HARS2,0
NFAT5,HEMGN,0
KDM6A,MEIS1,0
RPA2,TRMT11,0
GFI1B,PNO1,0
NFAT5,USP37,0
RPA2,SPO11,0
WDR5,AHR,0
FOXO1,TMEM64,0
ELF4,COL5A1,0
MEF2C,ANXA6,0
RPA2,LPCAT1,0
CBX7,GPKOW,0
MEF2C,CNOT7,0
RPA2,ZFP672,0
FOXO1,IFITM1,0
BMI1,ARHGAP4,0
NFAT5,OPTN,0
SATB1,USP10,0
IRF1,SPIRE1,0
IRF8,APBB1,0
KDM6A,PLPPR3,0
FOS,ANKLE1,0
RAD51,FADS1,0
NFAT5,CD48,0
KDM6A,HEMGN,0
CBX7,ADGRG3,0
EBF1,APOE,0
ELF4,CCNA2,0
RPA2,CTR9,0
SATB1,TENT5A,0
RPA1,UBA7,0
NOTCH1,CCNG1,0
RAD51,ELAC2,0
FOXO1,GM2A,0
RPA2,P2RX4,0
NFAT5,ATL2,0
NR4A1,INKA1,0
ETS1,RORC,0
SATB1,DCK,0
KDM6A,ELOVL1,0
JUN,HOXA9,0
NFAT5,EYA1,0
BMI1,ENPP4,0
KDM6A,NDRG1,0
SATB1,NR3C2,0
MEF2C,ANXA5,0
JUN,HDAC11,0
RPA2,STX12,0
RPA1,GSTM5,0
BMI1,CCNB2,0
ESR1,SLA2,0
RAD51,P2RX4,0
MEF2C,SERPINB6B,0
RAD51,NCAPD2,0
IRF8,RB1,0
EBF1,IFI203,0
RAD51,NCAPH,0
KDM6A,NPTN,0
IRF1,GUSB,0
ESR1,VWA5A,0
NFAT5,LRRFIP1,0
MEF2C,CARHSP1,0
RPA1,PRKCH,0
SATB1,HNRNPLL,0
FOXO1,SPIRE1,0
FOS,BAG2,0
RPA1,PML,0
FOXO1,EXOC2,0
IRF1,H1F0,0
NR4A1,CCNG1,0
RPA1,IRF8,0
KDM6A,ZEB2,0
RPA1,PRDM5,0
KDM6A,HOXA9,0
MEF2C,ZKSCAN6,0
IRF8,LIMD2,0
ESR1,THUMPD1,0
FOXO1,VIM,0
JUN,TOM1L1,0
NR4A1,COG7,0
NOTCH1,C330018D20RIK,0
RAD51,STXBP3,0
IRF8,MMRN1,0
IRF1,PGLYRP2,0
RPA1,NUP155,0
GFI1B,COLGALT1,0
RAD51,USF3,0
NFAT5,TCP11L2,0
RPA2,WDR6,0
RPA2,ANXA1,0
MEF2C,RNF139,0
WDR5,RCSD1,0
GATA2,IFI44,0
ELF4,NPLOC4,0
BMI1,MPL,0
FOS,AP1B1,0
NR4A1,TBL3,0
RPA2,SEPT6,0
HCFC1,UBASH3A,0
ESR1,TIE1,0
CBX7,P2RX4,0
CBX7,ALDH18A1,0
NR4A1,ERLIN1,0
NR4A1,RUNX1T1,0
CBX7,DPH6,0
RPA1,MTFR1,0
FOXO1,PGLYRP2,0
BMI1,BAG2,0
BMI1,PEAR1,0
RPA1,ARMT1,0
GFI1,BTK,0
RPA1,IFI203,0
NR4A1,CPT1A,0
CBX7,TUBGCP3,0
GFI1B,LZTS1,0
RAD51,ACOX1,0
IRF8,ZFP110,0
BMI1,MAPK9,0
GFI1,LY6A,0
FOXO1,RNF13,0
SATB1,CTTN,0
NR4A1,MYNN,0
RPA1,METTL27,0
RAD51,GRINA,0
FOXO1,POLR2B,0
RPA1,H2-DMB1,0
RPA2,HLF,0
RPA2,PDZK1IP1,0
RAD51,FKBP1A,0
ESR1,MYO1G,0
RPA1,STXBP4,0
NFAT5,SLC31A1,0
EBF1,CNP,0
EBF1,CENPF,0
RAD51,MYNN,0
RPA1,TSPAN14,0
GATA2,TIE1,0
FOXO1,TOM1L1,0
MEIS1,PRPS1,0
MEF2C,CORO1A,0
FOXO1,F11R,0
NOTCH1,ARHGEF6,0
RPA1,PRIM1,0
RPA2,PRELID3B,0
RPA2,TCF12,0
IRF1,SVIP,0
BMI1,AHCYL1,0
IRF1,RGS19,0
MEF2C,ST6GALNAC4,0
MEF2C,CCNB2,0
RAD51,STK25,0
BMI1,RASAL3,0
IRF1,RABGGTB,0
NFAT5,PLAG1,0
NR4A1,XPR1,0
CBX7,ELL2,0
NR4A1,PLAC8,0
SATB1,SCARB1,0
RPA2,TFR2,0
NOTCH1,CERS5,0
CBFB,LYZ2,0
MEF2C,CCNB1,0
MEF2C,PBK,0
BMI1,CERS5,0
MEF2C,CERS5,0
ELF4,CMPK2,0
BMI1,ELF4,0
CBX7,RABGGTB,0
RPA1,SNAP23,0
IRF8,FIGNL1,0
RPA1,TOX4,0
NOTCH1,AHR,0
ELF4,CNIH1,0
RPA2,LLGL1,0
BMI1,TMX1,0
MEF2C,PLCG2,0
MYC,NDN,0
EBF1,ABL1,0
BMI1,CD48,0
MEF2C,ZFP110,0
NOTCH1,MEMO1,0
IRF1,WDHD1,0
MEF2C,MEIS1,0
IRF8,PLBD2,0
CBX7,NET1,0
EBF1,TOPORS,0
MEF2C,NAPSA,0
MEF2C,GCNT2,0
NOTCH1,DOCK2,0
FOXO1,AQP1,0
FOXO1,METTL7A1,0
KDM6A,PUS7,0
GFI1B,STXBP4,0
MEIS1,PLCG2,0
FOXO1,EPAS1,0
RAD51,PRSS50,0
NR4A1,CTLA2A,0
IRF1,SLC25A38,0
RPA2,LTB,0
NR4A1,ACSS1,0
IRF1,FASTKD2,0
ELF4,ABCD3,0
EBF1,MFSD14B,0
KDM6A,CSRP3,0
NFAT5,HEBP1,0
FOS,CTTN,0
CBX7,ILVBL,0
GFI1B,USP25,0
BMI1,RPA2,0
NR4A1,RCOR1,0
EBF1,CALCRL,0
MEF2C,STOM,0
MEF2C,HEBP1,0
GFI1B,CASP1,0
BMI1,CES2G,0
IRF8,GTF2E1,0
MEF2C,TCN2,0
IRF8,MAN1A,0
FOS,ABCB10,0
GFI1B,CDC20,0
BMI1,LPIN2,0
EBF1,IFRD2,0
NFAT5,UBE2G2,0
MEF2C,CD74,0
FOXO1,TRIB3,0
NFAT5,ARL8B,0
SPI1,CAR1,0
EBF1,GATM,0
BMI1,FPGS,0
ELF4,RUNX1T1,0
ELF4,IPO9,0
CBX7,SKAP2,0
FOS,IFI44,0
NR4A1,GBP2,0
SATB1,XRCC3,0
FOS,MPL,0
ELF4,SAMD14,0
JUN,TEAD2,0
CBX7,SNRNP200,0
KDM6A,GMNN,0
RPA2,MFSD1,0
IKZF1,TBXAS1,0
SATB1,SEPT8,0
BMI1,FAAP100,0
BMI1,MAN2A2,0
GFI1B,TCN2,0
FOXO1,ZKSCAN17,0
RPA1,PGLYRP2,0
RAD51,RARB,0
RPA1,PROCR,0
RAD51,GFI1B,0
BMI1,SLC14A1,0
CBX7,TTLL12,0
EBF1,NAA35,0
ESR1,SERPINB6B,0
CBX7,NDUFV1,0
RPA1,SLC44A2,0
RAD51,GATM,0
ELF4,SERPINB1A,0
NFAT5,ERMAP,0
EBF1,SNRPB,0
IRF1,AAR2,0
KDM6A,RRM2,0
BMI1,SLC43A1,0
IRF1,ITGA6,0
IKZF1,SLC7A4,0
RPA2,FPGS,0
MEF2C,E2F4,0
GATA2,ZMYM3,0
CBX7,CD74,0
BMI1,GARS,0
MEF2C,MYC,0
BMI1,NECAP2,0
RPA2,TPX2,0
GFI1B,GATM,0
FOS,CERS4,0
MEF2C,MGST3,0
KDM6A,E2F8,0
BMI1,F11R,0
MEF2C,GCLC,0
KDM6A,PMPCA,0
CBX7,HUS1,0
ELF4,ST3GAL6,0
BMI1,ZFP36,0
KDM6A,PCP4L1,0
RAD51,SPC24,0
MEF2C,PLIN2,0
RPA1,D1ERTD622E,0
NFAT5,XRCC6,0
EBF1,ZFP930,0
ELF4,AQP1,0
FOXO1,MEMO1,0
IRF1,E2F6,0
MEF2C,EXOC3,0
MEF2C,GNAI3,0
EBF1,ANKLE1,0
FOXO1,KIF22,0
MEF2C,GDF3,0
RPA1,SMAD2,0
IRF1,RAI14,0
IRF1,NARF,0
KDM6A,RNASE6,0
IRF1,NRF1,0
IRF1,MUC13,0
MEF2C,DOK2,0
IRF8,YOD1,0
RPA1,KIF11,0
IRF8,IRF1,0
FOXO1,SLC29A1,0
RPA1,PHB2,0
RAD51,PHAX,0
CBX7,PSMF1,0
CBX7,RFC5,0
IKZF1,MYL10,0
NFAT5,SP4,0
BMI1,MED16,0
RAD51,MRM1,0
ELF4,PGR,0
BMI1,VHL,0
NFAT5,PNO1,0
WDR5,PHACTR2,0
FOXO1,UGCG,0
EBF1,ANAPC2,0
NOTCH1,SMIM1,0
KDM6A,DYNLT3,0
CBX7,RUVBL2,0
IKZF1,CSRP3,0
RAD51,COG7,0
SATB1,GRAMD1A,0
NR4A1,ZFP672,0
HCFC1,SELENOP,0
NR4A1,CHMP3,0
FOS,EIF4ENIF1,0
WDR5,BATF2,0
SATB1,H2-DMB1,0
EBF1,DCK,0
SATB1,ZFP592,0
NFAT5,UBXN2B,0
MEF2C,SETD2,0
EBF1,EBI3,0
RAD21,NCOA6,0
GATA2,MARCH5,0
NFAT5,DYNLT3,0
BMI1,EIF1AD,0
RPA1,PIGQ,0
MEF2C,NEDD1,0
RPA1,PSTPIP1,0
WDR5,SPO11,0
MEIS1,ALDH1A1,0
GFI1B,MCM5,0
RPA1,ANAPC4,0
SATB1,JPT2,0
CBX7,CAPN7,0
SATB1,PHF10,0
FOXO1,PNO1,0
FOXO1,GIMAP1,0
GFI1B,PHACTR2,0
BMI1,UBE2G2,0
MEF2C,AURKA,0
RAD51,RAD51AP1,0
NFAT5,MAPK9,0
ELF4,CHCHD10,0
WDR5,EYA1,0
EBF1,FAM76B,0
STAT3,GATA1,0
IRF1,TSC22D3,0
IRF1,SLC25A46,0
NR4A1,CYP20A1,0
GFI1,SERPINB1A,0
BMI1,BUB3,0
RAD51,MGST3,0
RPA1,SCFD1,0
KDM6A,MINPP1,0
IRF8,CUL3,0
RPA1,SEPT8,0
GFI1B,TRMT6,0
RAD51,PLK1,0
NOTCH1,COL5A1,0
FOXO1,ALG11,0
ELF4,METTL27,0
RPA1,METAP1,0
FOXO1,PLCG2,0
EBF1,EGR1,0
RPA1,SLC25A45,0
RPA2,YPEL3,0
RAD51,CHP1,0
NFAT5,ELP3,0
BMI1,LZTS1,0
FOXO1,CYTH3,0
IRF1,NFXL1,0
RAD51,AHCTF1,0
BMI1,MARCH6,0
WDR5,GYG,0
KDM6A,TNFAIP2,0
RAD51,CDCA3,0
RAD51,DENND1C,0
GFI1B,AFG3L2,0
GATA2,DDX58,0
RAD51,ESAM,0
MEF2C,KLHL22,0
FOXO1,RHD,0
KDM6A,SCARF1,0
CBX7,RFC4,0
SATB1,NUDT4,0
ESR1,CORO1A,0
IRF1,CD63,0
FOS,ICE1,0
IRF8,PDE4B,0
IRF8,MAPK12,0
WDR5,HDAC7,0
WDR5,HNF4A,0
NOTCH1,RORA,0
SATB1,RNF213,0
MEIS1,GOLM1,0
EBF1,UAP1,0
KDM6A,CEP70,0
FOXO1,CEPT1,0
RPA1,SLC22A3,0
NFAT5,ZFP367,0
NFAT5,BTK,0
NFAT5,SLC43A1,0
RPA2,PJA2,0
BMI1,GATA1,0
RAD51,XRCC6,0
RAD51,GEMIN5,0
MEF2C,P2RY14,0
MEIS1,SLA,0
NFAT5,APEH,0
NOTCH1,OASL2,0
NOTCH1,IARS2,0
MEF2C,DHFR,0
MEF2C,GMFB,0
RAD51,ME2,0
FOS,TMEM164,0
MEIS1,RGS1,0
MEF2C,INPP1,0
EBF1,TUBGCP2,0
BMI1,SPC24,0
GFI1B,FBXO5,0
RPA2,KDM6A,0
NOTCH1,PACS1,0
FOS,CRNKL1,0
FOS,ZMYM3,0
GFI1B,LCP2,0
RPA2,CD63,0
NR4A1,EMB,0
BMI1,DENND2D,0
NR4A1,PDK3,0
FOS,XPR1,0
ESR1,TSC22D3,0
FOS,HOXA9,0
RAD51,CYP20A1,0
BMI1,TBC1D2B,0
FOS,EBF1,0
MEIS1,LPCAT1,0
MEF2C,NEK9,0
RPA1,ILVBL,0
RPA1,ABTB1,0
NFAT5,PLA2G12A,0
GFI1B,EZR,0
KDM6A,DENND1C,0
GATA2,PIDD1,0
WDR5,GSR,0
IRF1,CEPT1,0
MEF2C,FOXRED1,0
STAT3,MYB,0
NOTCH1,FNTA,0
GFI1B,GATA1,0
MEF2C,HNF4A,0
RPA2,PCYT2,0
BMI1,GSS,0
RPA1,IFRD2,0
WDR5,CLDN13,0
GFI1B,XPR1,0
GFI1B,XRCC3,0
IRF1,MFSD2B,0
MEIS1,RAI14,0
CBX7,UGCG,0
IRF1,DPH2,0
BMI1,ZFP655,0
IRF8,HEATR5A,0
NFAT5,DECR1,0
IRF8,MYL10,0
RPA2,UBASH3A,0
IRF8,SDSL,0
IRF8,GATA2,0
FOS,CHUK,0
NR4A1,TTF2,0
BMI1,MFSD14B,0
RPA1,SPRYD4,0
NR4A1,TTF1,0
MEF2C,SLC14A1,0
FOS,MFNG,0
RAD51,DECR1,0
KDM6A,PIP4K2A,0
MEF2C,MARCH8,0
MEF2C,ATP2A3,0
RPA2,ARL8B,0
GATA2,F11R,0
NR4A1,ISG20,0
EBF1,METAP1D,0
IKZF1,TBC1D2B,0
NR4A1,CRBN,0
KDM6A,RB1,0
KDM6A,CTSE,0
RAD51,COPG1,0
ETS1,SOX18,0
CBX7,CHCHD10,0
NFAT5,MCTP1,0
IRF1,PRSS50,0
RPA1,NOP2,0
IKZF1,SLC40A1,0
BMI1,HELLS,0
GFI1B,POLD1,0
MEF2C,LPCAT1,0
NFAT5,ZFP266,0
RPA2,CCNG1,0
MEF2C,SOX18,0
RPA1,CNIH1,0
RPA1,KNSTRN,0
IRF8,ELP2,0
GFI1B,GYPA,0
MEF2C,PITRM1,0
BMI1,CTSO,0
IRF1,HPN,0
BMI1,CHORDC1,0
WDR5,ST3GAL6,0
BMI1,SACM1L,0
RPA1,ENPP4,0
SATB1,ZFP367,0
IRF1,PLAC8,0
CBX7,CDT1,0
MEIS1,KRT18,0
RPA1,PRKAR2B,0
IRF1,IL27RA,0
NR4A1,RNF13,0
GFI1B,DDX58,0
EBF1,KLF6,0
BMI1,BLVRB,0
WDR5,RHAG,0
NOTCH1,BCAP29,0
RAD51,TENT5A,0
MEF2C,9430015G10RIK,0
HCFC1,SLA2,0
IRF1,LEPROT,0
FOXO1,FPGS,0
EBF1,ICE1,0
CBX7,LONP1,0
BMI1,PREP,0
NOTCH1,SPNS2,0
KDM6A,MUC13,0
RPA1,GUSB,0
RPA1,KDM6A,0
GATA2,PLPPR3,0
FOXO1,BUB1,0
RPA1,RAD51AP1,0
RPA1,ATG16L1,0
GFI1B,TMEM64,0
IRF1,POT1A,0
RPA2,RUVBL2,0
WDR5,CRYZL2,0
GFI1B,LAPTM4B,0
RPA2,RORA,0
HCFC1,RHAG,0
RPA1,MARCH6,0
RPA2,EBF1,0
RAD51,HDAC11,0
FOXO1,CERS5,0
EBF1,PCP4L1,0
GFI1B,SNCA,0
NFAT5,HDAC9,0
RAD51,ATP2A3,0
IRF8,RPA1,0
NR4A1,SLC25A21,0
NOTCH1,GYPC,0
NR4A1,EMILIN1,0
BMI1,MNS1,0
IRF1,GEMIN5,0
MEF2C,STAP1,0
RAD51,HIST1H2BC,0
SATB1,LPCAT1,0
KDM6A,ATP13A1,0
MEF2C,LYZ2,0
CBFB,CASP4,0
STAT3,TSPO2,0
MEF2C,EZR,0
NFAT5,KLF6,0
KDM6A,CD55,0
EBF1,PPM1H,0
RAD51,SLC29A1,0
EBF1,ATP6AP1,0
BMI1,CALU,0
GATA2,MARCH6,0
NOTCH1,CTLA2B,0
NFAT5,MUC13,0
IRF1,PGR,0
MEF2C,HUS1,0
GATA2,MUC13,0
NFAT5,GPR180,0
NFAT5,PPP2R1B,0
NOTCH1,GATA1,0
RAD51,PLAG1,0
RPA2,TVP23B,0
KDM6A,JAK3,0
RAD51,LPCAT3,0
EBF1,CYTIP,0
SATB1,SLC22A3,0
RPA1,WDR73,0
IKZF1,TMEM56,0
RPA1,ASNS,0
FOXO1,MUC13,0
FOXO1,ALG9,0
CBX7,ANXA4,0
IRF1,PKLR,0
RPA2,HDAC11,0
GFI1B,CYP20A1,0
HDAC2,BATF2,0
MEF2C,ZFP30,0
MEF2C,MAPKAPK3,0
IRF1,AHR,0
FOS,AQP1,0
FOXO1,UBL4A,0
KDM6A,HMBS,0
MEF2C,TMEM176A,0
NFAT5,UBAP1,0
MEF2C,BAP1,0
IRF8,RASA3,0
GFI1B,SLC40A1,0
NFAT5,MYL10,0
RPA2,CDC45,0
NR4A1,PLK1,0
NFAT5,MARCH8,0
RPA2,CLPX,0
RPA1,SESN1,0
RAD51,UNC93B1,0
NOTCH1,SLC40A1,0
KDM6A,EPOR,0
IRF1,ICE1,0
NFAT5,CDCA8,0
KDM6A,METTL7A1,0
WDR5,MFGE8,0
RPA1,CYTH4,0
EBF1,HDGF,0
KDM6A,IRF8,0
FOXO1,TBC1D2B,0
BMI1,WDR36,0
RPA1,DOK2,0
FOXO1,LPIN2,0
MEF2C,MEMO1,0
MEIS1,F11R,0
BMI1,BTAF1,0
IRF1,GANAB,0
MEIS1,CAR1,0
RPA2,IARS2,0
CBX7,DNPEP,0
MEF2C,MED16,0
MEF2C,STEAP3,0
RAD51,DDX20,0
BMI1,KNSTRN,0
WDR5,MUC13,0
MEIS1,ARHGEF18,0
CBX7,CYB5R1,0
FOS,MXD3,0
NOTCH1,CYTH3,0
NR4A1,GOLT1B,0
RPA1,FBXO5,0
RPA1,HMBS,0
RPA1,RORA,0
HCFC1,PRDM5,0
GFI1B,E2F4,0
IRF8,MTO1,0
KDM6A,SPNS2,0
NR4A1,ODC1,0
IRF8,NSMAF,0
ELF4,TBC1D2B,0
CBX7,ARMC8,0
RPA1,SDSL,0
MEF2C,GEMIN5,0
MEIS1,AURKA,0
HDAC2,TSPO2,0
FOS,HELLS,0
CBX7,PIGQ,0
NFAT5,OASL2,0
IRF8,TANGO2,0
IRF1,ZBTB43,0
CBFB,TOM1L1,0
FOS,ATP2A3,0
GFI1B,TIE1,0
GFI1B,TMEM176A,0
IRF1,FLOT2,0
JUN,CES2G,0
NR4A1,DYNLT3,0
RPA1,HOXA9,0
NR4A1,PRKAR2B,0
MEIS1,IL15,0
MYC,SPO11,0
MEF2C,TIMM29,0
FOXO1,TCIRG1,0
EBF1,CREB5,0
EBF1,GSTM1,0
RAD51,ZFP36,0
BMI1,SLA2,0
NOTCH1,HPCAL1,0
NOTCH1,NFIA,0
BMI1,ABCB4,0
KDM6A,CNIH1,0
NFAT5,NFXL1,0
SATB1,SLC41A3,0
NFAT5,CENPA,0
NR4A1,MRPL37,0
FOXO1,PEAR1,0
RAD51,NCOA6,0
IRF8,TMEM186,0
EBF1,AFG3L2,0
IRF8,WDR6,0
RPA1,RARS,0
RAD51,AHCYL1,0
RAD51,MXD3,0
SATB1,CLDN13,0
EBF1,BC005561,0
NFAT5,PTCD3,0
WDR5,PBX1,0
CBX7,DDX20,0
IRF8,TEAD2,0
IRF8,CTLA2A,0
MEF2C,ENDOD1,0
SATB1,CITED4,0
RPA2,TYK2,0
RAD51,LRRC14,0
NOTCH1,FLOT2,0
EBF1,PCYT1A,0
NR4A1,G6PDX,0
IRF1,MED22,0
CBX7,PSMD6,0
FOS,DCAF4,0
IRF1,IPO4,0
CBX7,ZDHHC13,0
FOS,ITIH5,0
RAD51,RFC5,0
GFI1B,YBX1,0
IRF8,MYO1D,0
RAD51,ARAP1,0
GFI1B,UBR7,0
NFAT5,PLPPR3,0
KDM6A,BTK,0
KDM6A,KEL,0
RPA2,DRAM2,0
NFAT5,ELF4,0
RPA2,SOX6,0
GFI1B,FOXRED1,0
GFI1B,YBX3,0
NFAT5,NFATC2,0
RAD51,ELP3,0
BMI1,CTSE,0
WDR5,RUNX1T1,0
IKZF1,GDF3,0
IRF8,IFITM1,0
STAT3,UGCG,0
NFAT5,BCAP29,0
EBF1,MIOS,0
EBF1,CASP2,0
BMI1,RABGGTB,0
MEF2C,PSEN2,0
RPA2,KPNA3,0
NOTCH1,BATF2,0
GFI1,CASP1,0
BMI1,SLC30A5,0
RPA2,CSAD,0
RPA2,HIST1H1C,0
RPA2,NDRG1,0
IRF8,PPAT,0
CBX7,NDC1,0
CBX7,NEURL3,0
NOTCH1,DENND1C,0
GFI1B,PTCD3,0
CBX7,CAR1,0
NOTCH1,GOLM1,0
RPA2,CTLA2B,0
IRF1,SQOR,0
RAD51,ZFP367,0
NFAT5,DCTD,0
CBX7,PSAT1,0
IRF1,YPEL3,0
NOTCH1,ANXA6,0
BMI1,UBA3,0
JUN,SMIM5,0
IRF1,EYA2,0
GFI1B,DOCK2,0
JUN,RHD,0
EBF1,NFATC2,0
GATA2,RCSD1,0
MEF2C,XAB2,0
EBF1,PHF10,0
EBF1,LY6A,0
ELF4,KLHL22,0
IRF8,ORC6,0
IRF8,ERMAP,0
EBF1,CBFB,0
RPA2,ARMC8,0
GFI1B,SPC25,0
RPA2,FLOT2,0
NR4A1,MYL10,0
RPA1,P2RY14,0
GFI1B,MT2,0
WDR5,LY6A,0
BMI1,ILVBL,0
CBX7,POLR1B,0
NR4A1,ITFG1,0
NOTCH1,SMC2,0
RPA1,CUL2,0
NFAT5,ATG12,0
MEF2C,SLC7A4,0
GFI1B,ST8SIA4,0
KDM6A,PLCB2,0
MEIS1,CLPTM1L,0
NR4A1,ADGRL4,0
RPA1,ACSS2,0
MEF2C,TOR3A,0
MEF2C,TUBGCP2,0
GFI1B,SLC43A1,0
NR4A1,KLF1,0
FOS,ISYNA1,0
GFI1B,FGFR1OP,0
NFAT5,PPP6C,0
RPA2,MYH10,0
BMI1,RHAG,0
IRF8,MYNN,0
IRF1,TASP1,0
RPA2,CPQ,0
JUN,GATA1,0
EBF1,REXO4,0
GFI1B,TIMM50,0
GFI1B,ISG20,0
RAD51,SERPINB6B,0
MEF2C,TRPV2,0
EBF1,MT2,0
BMI1,CPT1A,0
RAD51,RPA1,0
KDM6A,HMMR,0
RPA1,CASP1,0
RAD51,MFGE8,0
ETS1,SCARF1,0
SATB1,TMEM164,0
BMI1,FGFR1OP,0
EBF1,ANKRD27,0
RAD51,TRMT6,0
BMI1,MED22,0
NFAT5,PRMT7,0
CBX7,SUN1,0
NR4A1,NXPE2,0
KDM6A,TRIM59,0
RPA1,COPG1,0
RAD51,CD84,0
BMI1,PRDM16,0
BMI1,PLIN2,0
NOTCH1,CORO1A,0
BMI1,GFM1,0
IRF1,PRIM2,0
MEF2C,CDCA4,0
KDM6A,LCP2,0
GATA2,MRPL37,0
RAD51,ACAP1,0
RPA2,UROS,0
RAD51,VAV1,0
RAD51,XRCC5,0
MEF2C,EPSTI1,0
NR4A1,ANGPT1,0
IRF8,NR2C1,0
NOTCH1,NUDT4,0
BMI1,ABCG2,0
IRF8,THUMPD1,0
FOXO1,RAB37,0
RPA2,EBI3,0
CBX7,ZFP110,0
NFAT5,NET1,0
KDM6A,GFM1,0
NOTCH1,CAPN7,0
NFAT5,GEMIN5,0
NFAT5,HPCAL1,0
NFAT5,XPR1,0
NFAT5,MNDAL,0
EBF1,MKI67,0
HCFC1,MNDAL,0
FOXO1,XRCC5,0
MEF2C,PHB2,0
KDM6A,KRT18,0
GFI1B,PKLR,0
RAD51,PJA2,0
CBX7,MIEF1,0
NFAT5,METTL8,0
RPA2,SNRNP200,0
NFAT5,CMPK2,0
NFAT5,EZR,0
RPA2,NUP93,0
KDM6A,LRRC8C,0
RAD51,GFM1,0
RPA1,FADS1,0
NR4A1,VHL,0
NFAT5,NCAPG2,0
RPA2,SLC22A3,0
NFAT5,TMUB2,0
IRF8,MFSD14B,0
IRF8,ARMT1,0
NFAT5,DUSP1,0
GFI1B,ARHGEF6,0
MEF2C,MARS,0
NR4A1,TRPS1,0
IRF1,KEL,0
MEF2C,WDSUB1,0
EBF1,TMEM206,0
RPA2,NCAPG,0
GFI1B,RMND5B,0
EBF1,HAUS2,0
IKZF1,GATM,0
FOS,MIOS,0
MEF2C,ARHGAP15,0
KDM6A,CPT1A,0
KDM6A,CYTIP,0
KDM6A,RFC5,0
KDM6A,ARHGAP15,0
KDM6A,ISYNA1,0
RAD51,MOGS,0
IRF1,HARS2,0
CBFB,ICA1,0
NFAT5,NEURL3,0
BMI1,BID,0
NR4A1,TRIM30A,0
IRF8,SPPL2B,0
MEF2C,MAU2,0
GFI1B,TAF1,0
RAD51,CISH,0
ELF4,GDF3,0
IRF1,ZFP961,0
ELF4,WDR6,0
NOTCH1,MCM2,0
KDM6A,HELLS,0
HDAC2,THUMPD1,0
IRF8,DNAJC11,0
CBX7,HSPH1,0
ELF4,SUN1,0
KDM6A,CLN5,0
SATB1,IARS,0
MEF2C,CEPT1,0
MEF2C,TSPAN33,0
NR4A1,ZEB2,0
NFAT5,F11R,0
KDM6A,GORASP1,0
CBX7,NUP85,0
EBF1,HEATR5A,0
EBF1,SKAP2,0
NOTCH1,TIE1,0
CBX7,RTP4,0
MEF2C,XPC,0
FOS,SMIM15,0
MEF2C,ZFP871,0
BMI1,FARSB,0
NOTCH1,SPTBN1,0
NFAT5,PPAT,0
FOXO1,DLST,0
IRF1,MYC,0
NR4A1,SLC7A4,0
NFAT5,MIOS,0
IRF1,ITIH5,0
NR4A1,ANKFY1,0
MYC,SCARF1,0
FOS,FTSJ3,0
BMI1,RPAP1,0
RPA1,STARD10,0
KDM6A,MT2,0
RAD51,XAB2,0
IRF8,TK1,0
IRF1,SOX18,0
NR4A1,KLHL6,0
ELF4,PLPPR3,0
RAD51,PLEC,0
RAD51,CENPO,0
NR4A1,NFAT5,0
SATB1,SLC25A21,0
RPA2,ZBTB43,0
RPA2,LEPROT,0
RAD51,SMC2,0
IRF8,DRAM2,0
ETS1,MMRN1,0
RPA1,CYTIP,0
NOTCH1,B230219D22RIK,0
NFAT5,SKAP2,0
FOXO1,MYO1G,0
SATB1,CD9,0
NFAT5,EGR1,0
FOS,D230025D16RIK,0
GFI1B,DUSP1,0
NOTCH1,GSTM1,0
RPA2,LCP2,0
CBX7,ZFP322A,0
IRF1,SLC11A2,0
IRF8,NAA35,0
MEF2C,MCTP1,0
RPA2,HARS,0
NFAT5,NCEH1,0
CBX7,PLAC8,0
KDM6A,CCNB2,0
RPA2,SACM1L,0
KDM6A,DOK2,0
RPA1,VPS33A,0
RAD51,SLC25A21,0
RAD51,SASH3,0
ELF4,METAP1D,0
FOXO1,PML,0
IKZF1,PCP4L1,0
RPA1,HLF,0
IRF1,HDAC7,0
NFAT5,LPCAT3,0
SATB1,GRINA,0
EBF1,SERPINB1A,0
MEIS1,HLF,0
RPA1,BAP1,0
GATA2,TMEM176B,0
IKZF1,TSPO2,0
MEF2C,PHF10,0
NFAT5,GYG,0
CBX7,IPO4,0
MEF2C,ESAM,0
NOTCH1,H2-OB,0
RPA1,PRDM4,0
GATA2,ICA1,0
EBF1,AP1G2,0
MEIS1,RNASE6,0
CBFB,CHCHD10,0
GATA2,SERPINB6B,0
SATB1,GLIPR2,0
IRF1,GPSM2,0
IRF8,PWP2,0
HCFC1,IFITM1,0
RAD51,ZYX,0
GFI1B,KPNA3,0
BMI1,PQLC1,0
IRF8,SLC22A3,0
CBX7,MIS18BP1,0
FOXO1,KRT18,0
MEIS1,PRPS2,0
BMI1,TAF12,0
IRF8,NDE1,0
EBF1,FBXW5,0
MEIS1,TOP2A,0
MEF2C,CASP1,0
HCFC1,SLC29A1,0
NOTCH1,PAK1,0
RPA1,D230025D16RIK,0
IRF8,POLE3,0
NOTCH1,SLC43A3,0
IRF1,TMEM263,0
IRF1,INTS8,0
GFI1B,BUB1B,0
FOXO1,DPH6,0
STAT3,SERPINF1,0
NFAT5,TRIB2,0
GFI1,PML,0
NFAT5,EFTUD2,0
FOXO1,MKI67,0
RAD51,9430015G10RIK,0
RPA1,PRKCQ,0
NFAT5,PITPNB,0
RPA2,ACAP1,0
SATB1,BID,0
BMI1,PGR,0
MEF2C,GOLM1,0
RPA2,GUSB,0
MEF2C,GMNN,0
RPA1,RB1,0
MEF2C,PADI4,0
IRF8,GMPR,0
CBX7,ABTB1,0
NOTCH1,MFSD2B,0
JUN,TMEM173,0
BMI1,FEM1B,0
KDM6A,MFNG,0
KDM6A,IKZF1,0
RPA1,NOTCH1,0
RPA2,CDCA4,0
BMI1,IARS2,0
NR4A1,HEBP1,0
RPA2,METAP1D,0
CBX7,NXPE2,0
RPA2,CDC6,0
RAD51,TGM2,0
BMI1,USP10,0
BMI1,NIF3L1,0
RPA2,TMEM186,0
GFI1,SLC38A5,0
IRF1,LPCAT3,0
BMI1,AURKA,0
IRF1,ADK,0
RPA2,CBX7,0
KDM6A,SERPINB9,0
EBF1,SUPT7L,0
RPA2,AURKA,0
GFI1B,GCLC,0
RPA2,PTCD3,0
MEIS1,GCLC,0
RAD51,BLZF1,0
NR4A1,HSPA4L,0
RPA1,TMX3,0
NFAT5,COLGALT1,0
FOXO1,NAGA,0
MEF2C,DUSP1,0
MEF2C,MTFR1,0
NR4A1,SLC19A1,0
CBX7,PTPN12,0
MEF2C,RASA3,0
IKZF1,NDN,0
CBX7,IPO9,0
RAD51,ABCB4,0
RPA1,ESYT2,0
MEIS1,HEMGN,0
NR4A1,HLF,0
RPA2,PICALM,0
CBX7,PIDD1,0
FOS,SEPT6,0
RPA1,METAP1D,0
MEF2C,STAT3,0
EBF1,TLR4,0
RPA2,RASAL3,0
NFAT5,STX12,0
NFAT5,GTF3C3,0
RPA2,XRCC5,0
BMI1,STXBP3,0
GFI1B,PITRM1,0
NFAT5,RMND5B,0
NFAT5,LSP1,0
RPA1,SQOR,0
IRF8,PSMD5,0
EBF1,ZBTB43,0
RPA1,CENPO,0
FOXO1,SOX6,0
CBX7,TSPO2,0
BMI1,SLC22A3,0
MEF2C,RABIF,0
RPA2,PBK,0
RAD51,FLOT2,0
FOXO1,ELL2,0
CBX7,RAD21,0
RPA1,TIPIN,0
NFAT5,ST8SIA4,0
BMI1,IFI203,0
RPA2,ZFP930,0
ELF4,ST3GAL5,0
NFAT5,PACS1,0
IKZF1,CELA1,0
EBF1,ADO,0
RPA1,EIF4ENIF1,0
IRF1,ELF4,0
RPA2,RMND5A,0
NFAT5,POLE3,0
HCFC1,SATB1,0
RPA1,NEDD1,0
EBF1,TRIM59,0
RPA1,UROD,0
NOTCH1,CKAP2,0
MEF2C,DCAF13,0
RAD51,MECOM,0
GFI1,ABCG2,0
IRF1,ATG4B,0
RPA1,BATF2,0
IKZF1,TIE1,0
SATB1,SOX18,0
GFI1B,PIK3IP1,0
NFAT5,RNASEL,0
NFAT5,HACD3,0
BMI1,MXD3,0
MEIS1,SLC43A3,0
GFI1B,C1QTNF12,0
RPA1,INPP1,0
IRF8,SPTBN1,0
WDR5,CSRP3,0
RAD51,PLAC8,0
RPA1,TSPO2,0
NFAT5,RNF141,0
GFI1B,AFF4,0
GFI1,MUC13,0
CBFB,SERPINB1A,0
NFAT5,UBAC1,0
BMI1,RAB37,0
EBF1,DNM1L,0
RPA2,CHUK,0
RPA2,PCLAF,0
ESR1,CES2G,0
EBF1,STXBP4,0
KDM6A,EMILIN1,0
NFAT5,CTLA2B,0
BMI1,SPO11,0
FOS,PWP2,0
RPA1,NDOR1,0
SATB1,ABCG2,0
NFAT5,TMEM177,0
EBF1,PHAX,0
MYC,IFITM1,0
FOXO1,SCARB1,0
GFI1B,ZFP143,0
NOTCH1,LZTS1,0
IRF8,FLOT2,0
NR4A1,HACD4,0
RPA2,MIS18BP1,0
MEF2C,ERLIN1,0
GATA2,RARS,0
FOXO1,EMILIN1,0
RPA1,WDR4,0
FOXO1,D1ERTD622E,0
RPA2,ENDOD1,0
KDM6A,PBX1,0
MEF2C,TFRC,0
NOTCH1,CACFD1,0
EBF1,RNF213,0
NR4A1,SHCBP1,0
EBF1,RCC1,0
CBX7,CTSO,0
BMI1,PRKAR2B,0
FOXO1,TRIM47,0
IRF1,RB1,0
IRF1,CCNA2,0
CBX7,COG6,0
RPA2,ST3GAL6,0
NFAT5,JUN,0
RPA2,CELA1,0
SATB1,F11R,0
IRF1,CYP20A1,0
FOXO1,CTTN,0
NFAT5,RPA2,0
MEF2C,UBR7,0
HCFC1,RTP4,0
RPA1,CUL4A,0
GFI1,ACAP1,0
NOTCH1,ENPP4,0
NR4A1,MYO1D,0
BMI1,PDCL,0
KDM6A,ATP1B2,0
RPA2,XK,0
RAD51,DIS3L2,0
CBX7,ACOX1,0
CBX7,TUBGCP5,0
EBF1,VHL,0
FOXO1,CAMK1,0
FOS,RARS,0
RPA1,NCLN,0
KDM6A,MNS1,0
RAD51,TNFAIP8,0
FOXO1,CAR1,0
IRF8,PGR,0
BMI1,EBI3,0
WDR5,PRDM16,0
NOTCH1,HDAC9,0
HCFC1,IFI203,0
RPA2,INTS8,0
WDR5,TLE2,0
NFAT5,NAMPT,0
IRF8,LMO4,0
NOTCH1,MT1,0
RAD51,TOM1L1,0
MYC,MYL10,0
BMI1,RPRD1B,0
ELF4,PLAG1,0
NR4A1,SNAPC3,0
NR4A1,GLIS2,0
CBX7,MCM6,0
ELF4,NDRG1,0
MEF2C,CPOX,0
NFAT5,BATF2,0
FOS,HNF4A,0
RAD51,UTP4,0
KDM6A,ANXA6,0
GFI1B,ABCB4,0
NFAT5,CORO1A,0
BMI1,DNAJC11,0
RPA2,HAGH,0
RAD51,PRKAR2B,0
EBF1,AQP1,0
NR4A1,TARS,0
CBX7,EXOC3,0
RPA2,ELAC2,0
IRF1,NAPSA,0
RAD51,KLF6,0
RPA1,CYB5R3,0
FOXO1,NUDT19,0
HCFC1,MYCN,0
NOTCH1,RCSD1,0
NOTCH1,CAR1,0
KDM6A,HCLS1,0
ESR1,PBK,0
RPA1,STAT3,0
IRF8,CEPT1,0
GATA2,EPDR1,0
STAT3,PRDM16,0
HCFC1,TMEM56,0
IRF8,NFE2,0
NR4A1,ATG4B,0
CBX7,MEMO1,0
RPA2,PADI4,0
GFI1,H2-DMB1,0
JUN,MYL10,0
KDM6A,PHETA2,0
BMI1,CCNE2,0
EBF1,PLD3,0
RPA2,CD55,0
IRF1,LDHB,0
NOTCH1,SEPT8,0
RAD51,RGS2,0
IRF1,PSEN1,0
EBF1,GIMAP5,0
RPA1,CDC20,0
NOTCH1,RASAL3,0
CBX7,USP4,0
FOS,CRYZL2,0
IKZF1,SQOR,0
NOTCH1,GORASP1,0
EBF1,ANGPT1,0
GFI1B,GUSB,0
EBF1,DPH6,0
NR4A1,JARID2,0
MEIS1,CES2G,0
MEF2C,PACSIN2,0
GFI1B,CD84,0
NFAT5,CCNB2,0
IRF8,POLD1,0
EBF1,ST3GAL5,0
GFI1B,SNRPB,0
ELF4,EXT2,0
FOS,GPKOW,0
GATA2,PRDM5,0
RPA2,LCP1,0
EBF1,MFSD2B,0
IRF1,CCNE1,0
RPA2,PSMD9,0
EBF1,CYP20A1,0
FOXO1,LZTS1,0
RPA1,SEPT6,0
BMI1,ME2,0
RPA2,4833439L19RIK,0
RAD51,TYMS,0
BMI1,VPS26C,0
FOXO1,RNF141,0
SATB1,GSTM5,0
NOTCH1,BTAF1,0
NOTCH1,SEPT6,0
NR4A1,NUDT4,0
EBF1,FAM168B,0
NR4A1,TWSG1,0
MEF2C,EPS15,0
IRF1,NCOA6,0
FOXO1,MTFR1,0
MEF2C,PLA2G12A,0
KDM6A,CTSC,0
RPA2,STXBP1,0
EBF1,MRM1,0
IRF1,PQLC3,0
CBX7,SLC25A38,0
KDM6A,RNASEL,0
BMI1,CRIP2,0
BMI1,SAMD14,0
FOXO1,ANKRD27,0
IRF1,CENPO,0
CBX7,MKI67,0
IRF1,ABI1,0
NR4A1,KDM6A,0
NR4A1,ZFP930,0
MEF2C,TCF12,0
FOS,PACS1,0
WDR5,INKA1,0
RPA1,ZFP322A,0
RPA1,SLC41A3,0
CBX7,NARF,0
RAD51,NADK,0
EBF1,FNTA,0
BMI1,PRSS50,0
NR4A1,ARMC8,0
IRF1,CNP,0
BMI1,ANXA6,0
RAD51,PQLC3,0
RPA1,PLAC8,0
ELF4,CSAD,0
GFI1B,PIP4K2A,0
KDM6A,EXT2,0
RPA1,USP10,0
IRF8,PLAC8,0
RAD51,ABCB8,0
RPA2,WDR73,0
NOTCH1,JUN,0
MEF2C,REXO4,0
IRF8,IL27RA,0
NR4A1,GRN,0
ESR1,SPIRE1,0
EBF1,SLC11A2,0
FOXO1,TMEM109,0
RAD51,COPB2,0
GATA2,XK,0
NFAT5,CALU,0
ELF4,GMPR,0
IRF8,ABCB10,0
ESR1,PML,0
BMI1,CASP4,0
FOXO1,PRKCQ,0
IRF1,ZFP62,0
BMI1,MCM3,0
RPA1,KPNA3,0
EBF1,TRPV2,0
RPA1,SLC30A6,0
IRF1,ASB8,0
FOXO1,ABCB10,0
RPA1,TTLL12,0
MEF2C,TRIM30A,0
BMI1,CLIC4,0
IKZF1,CD74,0
SATB1,GNB4,0
GFI1B,SLC7A4,0
MEIS1,ATP1B2,0
IRF8,ITSN1,0
IRF1,ETF1,0
RAD51,CD48,0
RPA2,MRPL37,0
IRF1,NOTCH1,0
EBF1,ISYNA1,0
IRF8,UAP1,0
RPA1,CD48,0
RPA1,NUDT19,0
EBF1,CAR1,0
JUN,ADGRG3,0
CBX7,SELENBP1,0
IRF8,GANAB,0
IRF8,PRMT7,0
CBX7,KIDINS220,0
IRF1,HARS,0
RAD51,PLEK,0
RPA2,CYTH3,0
IRF1,GOSR2,0
RAD51,EIF2B1,0
NR4A1,PSMF1,0
IRF8,RAB31,0
IRF8,NIT1,0
RPA2,PDK3,0
BMI1,AURKB,0
FOS,WLS,0
RAD51,LIG1,0
RPA1,RAD21,0
NFAT5,ABCF3,0
CBX7,HDAC9,0
EBF1,POLR3F,0
GATA2,PRDM16,0
GATA2,RB1,0
BMI1,KIF20B,0
FOXO1,E2F4,0
CBX7,FAM91A1,0
BMI1,HPCAL1,0
RPA2,TACC3,0
EBF1,CHMP3,0
BMI1,INPP1,0
MEF2C,CHMP3,0
EBF1,TAPT1,0
CBFB,CNN2,0
GFI1B,ABL1,0
CBFB,TLR4,0
IRF8,NDUFV1,0
HCFC1,NEURL3,0
MEF2C,EIF1AD,0
RPA1,HDAC9,0
NOTCH1,UNC93B1,0
WDR5,GSTM5,0
NR4A1,PRKAA1,0
MEF2C,TREML2,0
RAD51,APEH,0
KDM6A,SLC7A4,0
RPA2,ZDHHC13,0
GFI1B,GIMAP6,0
MEF2C,ANK,0
KDM6A,PHAX,0
FOXO1,PRPS2,0
RPA2,MFN2,0
RPA2,BCLAF3,0
RPA2,GPKOW,0
RAD51,XK,0
BMI1,PHB2,0
CBX7,RMND5B,0
RPA2,CD9,0
NR4A1,PTCD3,0
IRF1,RNF19A,0
NFAT5,MXD3,0
RAD51,SALL2,0
FOS,TRIM59,0
MEIS1,WLS,0
NFAT5,DOCK2,0
IRF1,DCTD,0
RPA2,DOCK2,0
EBF1,DECR1,0
NFAT5,IKZF1,0
NOTCH1,DOK2,0
KDM6A,AURKB,0
NFAT5,ABHD16A,0
FOS,DENND2D,0
FOXO1,EBF1,0
IRF1,TLE2,0
KDM6A,CLDN13,0
IRF8,DTL,0
NFAT5,TRIM47,0
MEF2C,IPO4,0
RPA2,CIPC,0
MEF2C,PRPS2,0
RAD51,GFI1,0
RPA1,CACFD1,0
MEIS1,PLXNC1,0
FOS,BAP1,0
GFI1B,LSP1,0
RAD51,CD9,0
GATA2,TMEM176A,0
RPA2,BYSL,0
RPA1,RPP40,0
RPA2,PSAT1,0
FOXO1,USP8,0
FOXO1,DRAM2,0
IRF1,KLHL24,0
RPA2,AP1B1,0
RAD21,MYCT1,0
CBX7,CCDC137,0
RAD51,PHETA2,0
IRF1,BTRC,0
SATB1,CD93,0
RPA1,PUS7,0
KDM6A,GOLM1,0
CBX7,CEPT1,0
RPA2,ALDH9A1,0
NFAT5,EIF2B1,0
RAD51,LSP1,0
MEF2C,EPOR,0
CBX7,SSX2IP,0
RPA1,COA5,0
RAD51,TFRC,0
HCFC1,LRRC8C,0
CBFB,CRYZL2,0
NOTCH1,CYTH4,0
FOXO1,HNF4A,0
EBF1,PSMD5,0
RPA2,EYA2,0
IRF1,HIST1H2BC,0
GFI1B,TRPV2,0
GFI1B,RAB37,0
RPA2,PML,0
IRF1,ATL2,0
NFAT5,DHX33,0
GFI1B,ATP6AP2,0
NFAT5,HERC4,0
RAD51,OTUD6B,0
MEF2C,DDHD2,0
FOXO1,BCLAF3,0
FOS,SGPP1,0
RAD51,CASP1,0
IRF1,RUNX1T1,0
FOXO1,TLK1,0
FOS,VHL,0
CBX7,CCNA2,0
KDM6A,ADGRG3,0
MEF2C,TWSG1,0
NFAT5,FECH,0
WDR5,MYL10,0
GFI1B,TVP23B,0
IRF1,PDK3,0
IRF1,SUN1,0
NFAT5,CDC6,0
RAD51,CTR9,0
NFAT5,SDHAF2,0
NFAT5,LPIN2,0
MEIS1,RMND5A,0
RPA2,GM2A,0
BMI1,WDSUB1,0
GFI1B,CRYZL2,0
NOTCH1,VDR,0
BMI1,UBR7,0
FOXO1,YBX1,0
GFI1B,ZFP451,0
EBF1,PRKAR2B,0
CBX7,CLDN13,0
RPA1,TCF12,0
EBF1,NCAPH,0
FOXO1,TNFAIP2,0
HDAC2,CLDN13,0
KDM6A,IFI204,0
RPA1,ANXA4,0
NFAT5,BAP1,0
MYC,RTP4,0
RPA2,STXBP4,0
ELF4,SLC22A3,0
RPA2,SLC7A4,0
RPA2,ERLIN1,0
RAD51,NDC1,0
EBF1,LYRM4,0
MEF2C,SCARF1,0
MEF2C,SPRYD4,0
IRF8,IARS,0
GFI1B,ZBTB10,0
EBF1,AP3S1,0
KDM6A,IFI30,0
NFAT5,TBL3,0
BMI1,VIM,0
FOS,YBX3,0
IRF1,NDOR1,0
MEF2C,PQLC3,0
ELF4,HEBP1,0
BMI1,GIMAP1,0
KDM6A,RHAG,0
FOXO1,ELP2,0
NR4A1,KNSTRN,0
NFAT5,IFT140,0
MEF2C,CPQ,0
RPA1,KEL,0
NOTCH1,XPNPEP1,0
EBF1,PUS7,0
IRF1,GARS,0
FOXO1,NOL9,0
IRF8,PA2G4,0
MEF2C,SLC41A3,0
MEIS1,ESAM,0
NFAT5,RHOT1,0
RPA2,HEMGN,0
BMI1,ADO,0
MEF2C,CCNG1,0
FOXO1,TMEM176B,0
CBX7,MCM7,0
MEF2C,DCTD,0
RPA1,TMUB2,0
NOTCH1,LPCAT1,0
SATB1,DYNLT3,0
KDM6A,ALAD,0
RPA1,BUB1B,0
RPA2,FAM91A1,0
NOTCH1,KRT18,0
GFI1B,CCNE1,0
IRF1,NCEH1,0
RPA1,NSD2,0
RPA1,ZFP451,0
RPA2,MAN1A,0
ELF4,RB1,0
WDR5,ZFP30,0
NFAT5,CHUK,0
NR4A1,ZFP266,0
MEF2C,CNOT10,0
BMI1,ACSS1,0
EBF1,ABCB10,0
RPA1,RCC1,0
EBF1,SMC2,0
FOS,TSPAN3,0
NR4A1,ZFP451,0
MEF2C,AURKB,0
NFAT5,ST6GALNAC4,0
NR4A1,TMEM206,0
RPA2,GNG11,0
KDM6A,MTHFD1,0
CBX7,TMEM177,0
MEF2C,PICALM,0
FOS,ELL2,0
MYC,PGR,0
CBX7,ARHGAP4,0
GFI1B,EYA2,0
NOTCH1,CTNNA1,0
MEF2C,SELENBP1,0
EBF1,TMEM97,0
EBF1,SLC35A1,0
WDR5,TFR2,0
RPA1,STEAP3,0
RPA2,NUDT19,0
FOS,TRPV2,0
RAD51,D230025D16RIK,0
EBF1,RPA1,0
IRF8,ZFP30,0
NR4A1,CNIH1,0
CBFB,FES,0
MEIS1,IL21R,0
NFAT5,SERPINF1,0
NR4A1,PKLR,0
KDM6A,VHL,0
BMI1,CLPX,0
RPA2,TLE2,0
RPA2,RB1,0
NFAT5,USP25,0
RAD51,NEURL3,0
MEF2C,CD1D1,0
GFI1B,PSEN1,0
BMI1,RASA3,0
NFAT5,CCNA2,0
NFAT5,SLC30A5,0
CBX7,CCNG1,0
EBF1,CHP1,0
FOXO1,MT1,0
BMI1,ANXA4,0
IRF8,ST3GAL6,0
NFAT5,SDSL,0
EBF1,GTF3C3,0
FOS,NDE1,0
MEF2C,OASL2,0
MEF2C,FOXO1,0
RAD51,VILL,0
EBF1,VDR,0
NFAT5,GNAI3,0
NFAT5,ARAP1,0
ELF4,TMEM263,0
CBX7,TK1,0
RAD51,CITED4,0
RPA1,MYO1G,0
WDR5,RORC,0
NOTCH1,SDHAF2,0
RPA2,ATP7B,0
FOXO1,ARL8B,0
FOS,NCOA6,0
FOXO1,DNAJC10,0
NR4A1,SKAP2,0
FOXO1,CRK,0
RAD51,ANXA5,0
KDM6A,ADSSL1,0
EBF1,USF3,0
NR4A1,PNO1,0
FOS,CD34,0
EBF1,CD34,0
IRF1,SGPL1,0
NOTCH1,PIK3C3,0
RPA2,ELP2,0
RAD51,RGCC,0
IKZF1,HPN,0
RAD51,EMILIN1,0
RAD51,TOR3A,0
FOS,RMND5B,0
EBF1,PCCA,0
NOTCH1,GCLC,0
ELF4,ANXA2,0
IRF1,UHRF1,0
RAD51,DCAF13,0
RPA2,SMC2,0
NFAT5,NIF3L1,0
ETS1,PPIC,0
ELF4,PUS7,0
MYC,MMRN1,0
BMI1,NAGA,0
RAD51,SNRNP200,0
BMI1,C330018D20RIK,0
MEF2C,TMEM129,0
BMI1,PRDM4,0
RPA2,GOSR2,0
BMI1,HACD3,0
BMI1,SNAP23,0
NOTCH1,CD74,0
IRF1,YBX1,0
EBF1,HDAC2,0
RPA1,ALDH1A1,0
RPA2,PLD3,0
RAD51,SP100,0
IRF8,SATB1,0
MEF2C,NR3C2,0
IRF8,MCM10,0
RPA1,SMIM5,0
FOXO1,POLE3,0
RAD51,NDE1,0
IRF1,ERLIN1,0
IRF8,HNRNPAB,0
RAD51,SLC38A5,0
NFAT5,TSPO2,0
FOXO1,PON2,0
HCFC1,TES,0
RPA2,ATG4B,0
RPA2,SPI1,0
NR4A1,GIMAP1,0
MEIS1,HNF4A,0
IRF1,EIF4ENIF1,0
EBF1,PRIM2,0
IRF8,TMEM164,0
RPA2,OTUD6B,0
EBF1,ANXA4,0
BMI1,GOLT1B,0
RPA2,VWA5A,0
GFI1,VWA5A,0
NFAT5,PRDM4,0
MEF2C,CCNA2,0
MEIS1,LIMD2,0
NR4A1,VAV1,0
FOXO1,RAB32,0
RPA1,GMNN,0
MEF2C,MBOAT2,0
IRF8,MOGS,0
FOXO1,NDE1,0
RAD51,STXBP4,0
CBX7,CKAP2,0
RAD51,CBX7,0
KDM6A,TBXAS1,0
BMI1,CASP2,0
MEF2C,TIPIN,0
RPA1,AP5M1,0
NR4A1,LYZ2,0
RAD51,HDAC2,0
MEIS1,ARHGEF6,0
NR4A1,MFNG,0
KDM6A,CYTH4,0
EBF1,KLHL23,0
KDM6A,EYA2,0
NOTCH1,RTP4,0
FOXO1,CD48,0
STAT3,CAR1,0
CBFB,EMILIN2,0
CBX7,RMND5A,0
RAD51,CERS5,0
BMI1,HIST1H1C,0
IRF8,SLC29A1,0
RPA2,ZFP110,0
GFI1B,NUDT19,0
NFAT5,TIMM29,0
EBF1,GFI1,0
IRF8,TVP23B,0
IKZF1,VILL,0
WDR5,TBXAS1,0
BMI1,EDC3,0
RPA2,MARCH8,0
RPA2,EPDR1,0
EBF1,SLC25A21,0
CBX7,VPS41,0
MEF2C,TRIB3,0
GFI1B,VPS11,0
RPA1,TBL3,0
RAD51,FEM1B,0
WDR5,PHF10,0
BMI1,LMO4,0
KDM6A,USP25,0
NFAT5,BID,0
MEF2C,WDHD1,0
RPA2,BID,0
FOXO1,TBL3,0
RPA2,GMCL1,0
NOTCH1,TPP1,0
IRF1,RUVBL2,0
NFAT5,MEIS1,0
GFI1B,SMC2,0
CBX7,UHRF1,0
CBX7,PGM1,0
EBF1,CERS4,0
NFAT5,TMX3,0
EBF1,COLGALT1,0
GFI1B,POLA2,0
FOS,RPRD1B,0
NOTCH1,CYTIP,0
ELF4,TSC22D3,0
FOXO1,OAT,0
RAD51,NAE1,0
RPA1,GARS,0
NOTCH1,PIK3IP1,0
MEF2C,CAPN7,0
GFI1B,CENPF,0
NFAT5,GFI1,0
IRF1,ZKSCAN6,0
MEF2C,MAN2A2,0
NFAT5,VHL,0
IRF1,CYTH3,0
BMI1,NFXL1,0
EBF1,BATF2,0
BMI1,NSDHL,0
RPA1,ATP11C,0
NFAT5,ATP6AP1,0
IRF1,SLC25A21,0
RAD51,CTSO,0
FOXO1,4833439L19RIK,0
FOS,MTAP,0
IRF1,SGPP1,0
FOS,MAN2A2,0
BMI1,TRMT6,0
RAD51,FEM1A,0
NFAT5,ZDHHC13,0
GFI1,SCARF1,0
EBF1,CYB5R3,0
EBF1,NR4A1,0
CBX7,PSEN2,0
FOS,TERF2IP,0
NFAT5,GSKIP,0
IRF8,TGM2,0
IRF1,TLK1,0
RPA2,NFE2L2,0
RAD51,MAN2A2,0
BMI1,TCIRG1,0
IKZF1,THUMPD1,0
MEIS1,TIE1,0
GFI1B,COPG1,0
FOXO1,HDAC9,0
GFI1B,UBA7,0
FOXO1,FUCA2,0
KDM6A,CREB5,0
NFAT5,NUP93,0
MEF2C,NUDCD1,0
FOS,CSTF2,0
CBX7,FECH,0
MEF2C,AMPD3,0
RAD51,PRKCQ,0
CBX7,GANAB,0
EBF1,STX12,0
RPA1,KIF20B,0
EBF1,UBE2G2,0
MEF2C,SPC24,0
RPA1,GFI1,0
NFAT5,FEM1A,0
RAD51,MED22,0
CBX7,TOP2A,0
IRF1,RHAG,0
RAD51,CYB5R3,0
RPA2,VKORC1L1,0
FOXO1,MRPL37,0
BMI1,CEPT1,0
NFAT5,NUDT4,0
RPA1,MBTPS1,0
RPA2,PRIM2,0
CBX7,RBPMS,0
IRF8,TSPAN33,0
BMI1,THUMPD3,0
RAD51,CDC7,0
MEF2C,CDC45,0
NFAT5,SLC39A10,0
CBFB,HOXA9,0
STAT3,EYA1,0
GFI1B,NCAPH,0
RPA1,RNF145,0
RPA2,UBE2C,0
RPA1,SERPINB6B,0
NFAT5,RASSF5,0
GFI1B,PRIM2,0
IRF8,PGM1,0
NFAT5,ANXA5,0
NOTCH1,IL21R,0
FOXO1,DYNLT3,0
EBF1,EMB,0
CBFB,BTK,0
RAD51,EBI3,0
BMI1,BUB1B,0
MEF2C,VAMP3,0
EBF1,QARS,0
IRF1,CAD,0
IRF8,SNAPC3,0
RPA1,YPEL3,0
NFAT5,GATA2,0
GFI1B,TERF2IP,0
CBX7,LAP3,0
IRF1,AHCTF1,0
RPA2,COG7,0
NFAT5,CTPS,0
RPA1,TBXAS1,0
HDAC2,MMRN1,0
IRF1,PRPS2,0
FOS,TEAD2,0
NFAT5,HOXA9,0
CBX7,UBR7,0
CBX7,SMIM1,0
GFI1,UBA7,0
IRF8,DCAF11,0
RAD51,GYG,0
STAT3,RBPMS,0
GFI1B,ZMYM3,0
CBX7,MOGS,0
ELF4,AFG3L2,0
RAD51,MCM6,0
HCFC1,NR4A1,0
RAD51,AQP1,0
EBF1,UBA7,0
KDM6A,MXD3,0
NFAT5,DENND1C,0
MEF2C,ALDH9A1,0
RAD51,TRIM59,0
MEF2C,CHMP7,0
CBX7,ALDH9A1,0
RPA2,CKS1B,0
RAD51,THRB,0
NFAT5,ATP13A1,0
NR4A1,HELLS,0
RPA1,BLZF1,0
MEF2C,MRM1,0
KDM6A,STXBP1,0
FOXO1,UBA3,0
BMI1,CAR1,0
FOXO1,EZR,0
IKZF1,CHCHD10,0
JUN,NDN,0
RPA1,SDHAF2,0
RPA2,HSDL1,0
MEF2C,POLA2,0
RAD51,PACS1,0
CBX7,GCNT2,0
GFI1B,P2RY14,0
RPA1,DCTD,0
NOTCH1,PBK,0
GFI1B,NUBP2,0
RAD51,TRMT2A,0
NR4A1,UGCG,0
NFAT5,TGM2,0
RPA2,SMARCA2,0
RPA2,ALG11,0
RPA1,SCRN3,0
RAD51,COQ8A,0
NOTCH1,P2RY14,0
GFI1B,D10WSU102E,0
MEIS1,TBC1D2B,0
NR4A1,CSRP3,0
NR4A1,PLAA,0
ESR1,MMRN1,0
MEF2C,UTP4,0
NFAT5,SLC43A3,0
GATA2,GLIS2,0
RAD51,NT5DC1,0
RAD51,CERS4,0
CBX7,TAF12,0
FOXO1,EPOR,0
ELF4,PCLAF,0
SATB1,HEBP1,0
EBF1,NDE1,0
CBX7,PLA2G12A,0
EBF1,GRAMD1A,0
KDM6A,HAGH,0
NFAT5,ADAMTS10,0
NR4A1,CYTH4,0
BMI1,UTP4,0
SATB1,ADSSL1,0
NR4A1,ZFP143,0
ELF4,ANKLE1,0
RAD51,FAM91A1,0
NOTCH1,MAN2A2,0
FOXO1,ADGRL4,0
MEF2C,CTPS,0
EBF1,RNASEL,0
RPA2,HPN,0
BMI1,TUBGCP5,0
IRF8,DDHD2,0
CBX7,SCARB1,0
WDR5,MEIS1,0
CBX7,PCCA,0
NFAT5,HLF,0
NR4A1,PHAX,0
JUN,HNF4A,0
NR4A1,ICE1,0
GFI1,CELA1,0
GFI1B,CRK,0
EBF1,2210016F16RIK,0
NFAT5,ABL1,0
BMI1,NPLOC4,0
GFI1B,GRINA,0
MEIS1,TREML2,0
IRF1,PNO1,0
MEIS1,GMPR,0
FOS,NR2C1,0
ESR1,SCARF1,0
IRF1,CLPX,0
ESR1,MFSD2B,0
HCFC1,ESAM,0
BMI1,SIGIRR,0
FOS,PPIL4,0
IKZF1,MAPK12,0
MEF2C,FEM1A,0
IRF8,CCNA2,0
EBF1,TMEM263,0
EBF1,CALU,0
NFAT5,EXT2,0
NFAT5,IFRD2,0
GFI1,CLDN13,0
IKZF1,RHAG,0
NFAT5,DDHD2,0
RAD51,TPP1,0
KDM6A,CDC20,0
KDM6A,LY6A,0
NR4A1,MCM10,0
CBFB,CASP1,0
RPA1,PNO1,0
GFI1B,ST3GAL5,0
FOXO1,NOTCH1,0
FOXO1,ZFP24,0
NFAT5,MARS,0
MEIS1,SSX2IP,0
EBF1,CNN2,0
NFAT5,DPP8,0
BMI1,HAGH,0
BMI1,ZFP367,0
BMI1,CENPK,0
MEIS1,CCDC137,0
GFI1B,HAGH,0
BMI1,PRMT7,0
RPA2,NDN,0
IRF1,HMMR,0
MEF2C,MAP4K2,0
CBX7,CTPS,0
GFI1B,MEMO1,0
GFI1B,ANGPT1,0
IRF8,ASNS,0
CBX7,FCHSD2,0
RPA2,RABGGTB,0
GFI1B,SLC22A3,0
RPA2,RAI14,0
BMI1,MTO1,0
NFAT5,ACSS2,0
RPA1,PADI4,0
RPA1,NECAP2,0
RPA1,MSH6,0
BMI1,RMND5B,0
NOTCH1,PLEK,0
RPA2,THUMPD3,0
BMI1,DENND1C,0
BMI1,SLC25A46,0
NFAT5,PLAC8,0
IRF1,GTF2F1,0
MEF2C,PMPCA,0
FOS,THRB,0
MEF2C,MAPK9,0
RPA2,GFI1B,0
SATB1,CCNE2,0
IRF8,DPH6,0
MEF2C,DIS3L2,0
FOXO1,TSC22D3,0
FOXO1,H2-OB,0
IRF1,CSRP3,0
RPA2,MAPK12,0
IRF1,FUCA2,0
RPA1,RNF13,0
IRF1,IFITM1,0
NFAT5,LMNA,0
RAD51,BTAF1,0
CBFB,CLDN13,0
NFAT5,GM2A,0
ELF4,CTTN,0
WDR5,THRB,0
NFAT5,ARHGAP15,0
RPA2,CRYZL2,0
IRF8,TMEM176A,0
EBF1,RORA,0
ELF4,ERLIN1,0
RPA2,GCLC,0
RPA1,ZFP266,0
RPA2,ABCD3,0
RAD51,KPNA3,0
CBX7,CDK19,0
RAD51,FAR1,0
RPA1,NXPE2,0
RAD51,TBC1D10C,0
NOTCH1,GRINA,0
IRF1,GFI1,0
CBX7,MAPKAPK3,0
ETS1,ALDH1A1,0
RAD51,HMGB2,0
BMI1,GOSR2,0
MEIS1,UBE2C,0
RPA1,RAB32,0
IRF1,TMEM185A,0
IRF8,ATP6AP1,0
WDR5,GNB4,0
RAD51,GORASP1,0
NR4A1,MEF2C,0
MEF2C,ADD2,0
NFAT5,PTDSS2,0
BMI1,CNIH1,0
NFAT5,CD9,0
FOS,TTF1,0
FOS,ICA1,0
RPA1,PLAG1,0
IRF8,TAB1,0
NR4A1,YBX1,0
MEF2C,TK1,0
FOXO1,EFTUD2,0
CBX7,GUSB,0
NFAT5,TMEM263,0
FOS,CRIP2,0
RPA1,OTUD6B,0
IRF1,POLD1,0
IRF8,PTDSS1,0
FOS,EPDR1,0
MEF2C,ATG12,0
GFI1B,NFATC2,0
BMI1,LPCAT1,0
IRF8,ALDH9A1,0
IRF1,HAGH,0
RPA2,EMILIN1,0
KDM6A,SPTBN1,0
RPA1,PPIL4,0
IRF1,METAP1,0
RAD51,TCF19,0
ELF4,PACSIN2,0
SATB1,PDZK1IP1,0
ESR1,CD48,0
BMI1,NSD2,0
NFAT5,UMPS,0
IRF1,RASA3,0
FOXO1,LRRC8C,0
EBF1,FEM1B,0
RPA1,ME2,0
FOS,HSDL1,0
IRF1,USP37,0
RPA1,PSEN1,0
CBX7,GNG11,0
IRF1,RBPMS,0
IRF8,PAK1,0
IKZF1,MECOM,0
MEIS1,TMEM176A,0
RAD51,PLCB2,0
GFI1B,METTL27,0
BMI1,ZFP266,0
RAD51,YBX3,0
RAD51,FAM136A,0
BMI1,DCAF13,0
BMI1,CCNA2,0
EBF1,L2HGDH,0
ELF4,PPP2R1B,0
MEF2C,YOD1,0
FOXO1,CPQ,0
EBF1,ERMAP,0
CBX7,ZMYM3,0
RAD51,HERC4,0
IRF1,SPPL2B,0
NR4A1,TMEM176A,0
BMI1,UBAC1,0
JUN,SVIP,0
RAD51,CLIC4,0
NR4A1,H1F0,0
RPA1,CLN5,0
CBX7,NDE1,0
IRF1,LMNA,0
RPA1,PLEK,0
CBX7,RANGAP1,0
RPA1,RAB37,0
EBF1,ALAD,0
FOXO1,KAT7,0
BMI1,CCNF,0
NR4A1,PADI4,0
FOXO1,RASAL3,0
RPA1,UBR1,0
RAD51,CAST,0
MEF2C,SLC25A38,0
MEIS1,CHCHD10,0
NFAT5,ABCB4,0
KDM6A,CORO1A,0
IRF8,SESN1,0
FOS,XK,0
RPA2,NEURL3,0
MEF2C,ABCB4,0
IRF8,NET1,0
BMI1,HUS1,0
RAD51,KLHL24,0
NFAT5,SLC39A9,0
NR4A1,TPP1,0
NR4A1,COQ8A,0
MEF2C,ATP6AP2,0
CBX7,ARHGAP15,0
NFAT5,BUB1B,0
STAT3,RAI14,0
RAD51,MTREX,0
NOTCH1,ANXA2,0
FOS,PTCD3,0
MEIS1,NDE1,0
NFAT5,ESYT2,0
SATB1,RPP40,0
MEF2C,H1F0,0
NOTCH1,KEL,0
GFI1,PKLR,0
FOS,TSPO2,0
BMI1,SCFD1,0
RPA2,TMEM68,0
IRF8,EBF1,0
RPA1,NDRG1,0
FOS,PRKAA1,0
NOTCH1,NXPE2,0
IRF1,MT1,0
FOXO1,FBXW5,0
RPA1,EPOR,0
GFI1B,INPP5B,0
RAD51,SNCA,0
GFI1B,PRIM1,0
IRF1,NSMAF,0
NR4A1,EPOR,0
RAD51,GPSM2,0
ELF4,SQLE,0
IRF8,CTPS,0
MEIS1,MED16,0
FOS,TMX1,0
GFI1B,KLF6,0
WDR5,PLIN2,0
EBF1,PBK,0
IRF8,ALKBH8,0
NFAT5,ANXA1,0
GFI1B,VILL,0
NOTCH1,LRRC8C,0
IRF8,GEMIN5,0
NFAT5,ELMO1,0
BMI1,PCYT1A,0
RAD51,WLS,0
ETS1,ADGRG3,0
IRF1,SNCA,0
FOXO1,GDF3,0
GFI1B,CDK1,0
RPA1,GRN,0
ELF4,MFSD2B,0
RPA2,SLC25A38,0
STAT3,SNCA,0
CBFB,SERPINF1,0
BMI1,PJA2,0
CBX7,GRINA,0
RPA1,MNDAL,0
NR4A1,PACS1,0
MEF2C,FCHSD2,0
RAD51,PPIL4,0
MEF2C,GFI1,0
CBX7,TASP1,0
NOTCH1,CBX7,0
RAD51,PRELID3B,0
CBX7,ATG16L1,0
NFAT5,UBR1,0
IRF8,EFTUD2,0
BMI1,PPARGC1A,0
RPA1,POLD1,0
NR4A1,TEAD3,0
IRF1,SSX2IP,0
RAD51,FOXRED1,0
GFI1B,NAE1,0
RPA1,FAR1,0
IRF1,NOP2,0
RPA1,ZFP367,0
NFAT5,RNF13,0
MEF2C,FASTKD2,0
RPA2,TFG,0
ELF4,EMB,0
BMI1,ASB8,0
GATA2,CASP4,0
FOS,PCP4L1,0
FOS,UBR1,0
GFI1,KRT18,0
FOS,IDH3A,0
MEIS1,PLPPR3,0
MEF2C,CRIP2,0
IRF8,LEPROT,0
JUN,ZFP30,0
RPA1,EDC3,0
ELF4,TIFA,0
ELF4,HDGF,0
BMI1,HNRNPAB,0
MEF2C,GBP2,0
IRF1,CARHSP1,0
NFAT5,MYCN,0
FOXO1,MARCH6,0
ELF4,MBTPS1,0
RPA1,PKM,0
SATB1,PAK1,0
RPA2,CD34,0
CBX7,OSTM1,0
NR4A1,HSPH1,0
BMI1,MSH6,0
GFI1B,VHL,0
MEF2C,NFATC1,0
NFAT5,CENPF,0
RAD51,ANXA4,0
CBX7,MMRN1,0
WDR5,LDHB,0
RPA2,CDCA3,0
KDM6A,GATM,0
EBF1,ME2,0
EBF1,ORC5,0
GFI1B,LYZ2,0
KDM6A,VDR,0
EBF1,IRF6,0
IRF1,EMILIN2,0
ELF4,STOM,0
RPA1,TMEM186,0
BMI1,TWSG1,0
CBX7,VILL,0
GFI1B,ADD2,0
FOXO1,STAT3,0
JUN,ZFP467,0
IRF8,DECR1,0
FOS,SCARF1,0
NFAT5,TRIM59,0
IRF8,MRPL37,0
KDM6A,SIGIRR,0
RAD51,UBAC1,0
FOS,INPP5B,0
CBX7,FAM45A,0
ELF4,LRRC14,0
NOTCH1,HCLS1,0
NR4A1,TMEM168,0
EBF1,FZR1,0
CBX7,CNOT7,0
NR4A1,RFESD,0
FOXO1,NR4A1,0
BMI1,PLPPR3,0
RPA1,STT3B,0
RPA1,TNFAIP8,0
NFAT5,FAM136A,0
MEF2C,SSX2IP,0
MEIS1,FECH,0
EBF1,SCARF1,0
NR4A1,CASP1,0
RPA2,FIGNL1,0
NR4A1,MCM3,0
NOTCH1,NR2C1,0
RAD51,BUB1B,0
RPA1,CHCHD10,0
RPA1,CNP,0
IRF1,SLC41A3,0
RPA1,CAD,0
RAD51,NR4A1,0
IRF1,C1QTNF12,0
RPA2,GATA2,0
GFI1B,NFXL1,0
RAD51,JUN,0
KDM6A,1700017B05RIK,0
IRF8,RFC5,0
RPA1,TMEM176B,0
RAD51,SERPINA3G,0
FOS,PPP6C,0
FOXO1,ELF4,0
GFI1B,ZFP30,0
MEF2C,TMEM56,0
RPA2,TWSG1,0
GFI1B,TXNRD2,0
IRF8,SELENBP1,0
ETS1,CSRP3,0
FOXO1,GFM1,0
RAD51,PRDM4,0
FOS,ESAM,0
NFAT5,RABIF,0
CBX7,GRN,0
EBF1,CRIP2,0
GFI1B,TRIB2,0
RAD51,FIGNL1,0
BMI1,LCP2,0
IRF1,CAPN7,0
ELF4,MAN2A2,0
FOS,TM7SF3,0
KDM6A,PLEC,0
NOTCH1,MCTP1,0
FOXO1,SLC18A2,0
NFAT5,TSPAN14,0
MEF2C,PNO1,0
RPA1,RPAP1,0
BMI1,KLHL22,0
BMI1,FOS,0
EBF1,ANXA6,0
NFAT5,LY6A,0
RAD51,HAGH,0
RAD51,PPARGC1A,0
NR4A1,OSTM1,0
MEF2C,SHCBP1,0
RAD51,RNF4,0
RPA2,EXOC2,0
RAD51,ATP1B2,0
FOXO1,LAPTM4B,0
MEIS1,H1F0,0
RPA2,MYB,0
RAD51,PIK3R2,0
RAD51,CHCHD10,0
NR4A1,UBR1,0
EBF1,MCM5,0
NR4A1,DPH2,0
NFAT5,IPO9,0
ELF4,NR4A1,0
RAD51,RNF19A,0
CBX7,AQP9,0
ELF4,MUC13,0
BMI1,MCM4,0
BMI1,MRM1,0
NOTCH1,MPL,0
ELF4,TSPAN3,0
BMI1,TMEM129,0
IRF8,ANXA5,0
RAD51,EPAS1,0
KDM6A,RNF19A,0
RPA1,SPC24,0
IKZF1,GLIS2,0
NFAT5,CCNG1,0
IRF1,TRIM59,0
RPA2,CENPA,0
EBF1,SEC23IP,0
MEF2C,ST8SIA4,0
EBF1,SSX2IP,0
RAD51,MAPKAPK3,0
IRF1,NR4A1,0
MEF2C,REL,0
RAD51,DCTD,0
GFI1B,TOM1L1,0
BMI1,BLZF1,0
STAT3,H2-OB,0
GFI1B,MAPKAPK3,0
SATB1,STXBP1,0
KDM6A,SMIM15,0
BMI1,PTGS1,0
RAD51,D10WSU102E,0
RAD51,ATAD1,0
NR4A1,MAPKAPK3,0
NR4A1,AFAP1L1,0
FOXO1,TASP1,0
FOS,IRF6,0
GFI1B,CASP4,0
NFAT5,DENND2D,0
SATB1,NUP88,0
KDM6A,EYA1,0
ELF4,MIOS,0
NFAT5,PIK3IP1,0
GFI1B,TMUB2,0
GFI1B,GDF3,0
HCFC1,PROCR,0
BMI1,KLHL23,0
RAD51,ENPP4,0
RPA2,CENPF,0
WDR5,NFATC1,0
RPA2,TMEM177,0
WDR5,SLC25A21,0
CBFB,THUMPD1,0
NR4A1,TMX3,0
MEF2C,CASP4,0
CBX7,NUBP2,0
NR4A1,CES2G,0
RPA1,BTG2,0
NFAT5,SGO1,0
GFI1B,ALG9,0
EBF1,CASP1,0
IRF1,SASH3,0
ESR1,IKZF2,0
GFI1B,FPGS,0
IRF8,PIP4K2A,0
WDR5,ARHGEF18,0
RPA1,TMEM164,0
NFAT5,TACC3,0
MEF2C,ZZZ3,0
ELF4,RAI14,0
NFAT5,PRC1,0
NR4A1,TYK2,0
WDR5,CSAD,0
FOXO1,CCNA2,0
CBX7,ZFP639,0
FOXO1,AAR2,0
NOTCH1,TCIRG1,0
CBX7,ITSN1,0
ELF4,RHD,0
MEF2C,BTK,0
GFI1B,DPH2,0
NR4A1,PPIC,0
RPA1,GTF3C3,0
SATB1,PRDM16,0
IRF1,DIS3L2,0
EBF1,TSC22D3,0
MEF2C,RNASEL,0
ELF4,PIK3IP1,0
EBF1,DENND2D,0
NOTCH1,ERLIN1,0
MEF2C,PON2,0
RPA2,GALK2,0
FOS,STXBP1,0
RAD51,CAPN7,0
MEF2C,INPP5B,0
NR4A1,FAM168B,0
NR4A1,RORC,0
NFAT5,RGS19,0
STAT3,ELF4,0
HCFC1,ANGPT1,0
WDR5,THUMPD1,0
FOS,PBX1,0
CBX7,INKA1,0
MEF2C,PBX1,0
ETS1,SERPINF1,0
MEF2C,UBA3,0
ELF4,SLC39A10,0
NFAT5,STXBP1,0
RAD51,ZFP275,0
NR4A1,FAM45A,0
NFAT5,SLA2,0
GATA2,MXD3,0
RPA1,TES,0
FOXO1,VPS33A,0
WDR5,DYNLT3,0
NFAT5,CRIP2,0
MEF2C,SPTBN1,0
MEF2C,ARL8B,0
NFAT5,IKZF2,0
KDM6A,PRPS2,0
KDM6A,ACSS1,0
IKZF1,CES2G,0
FOXO1,LDAH,0
MEF2C,SKAP2,0
RPA1,LYRM4,0
EBF1,PA2G4,0
NFAT5,GOLM1,0
ELF4,EGR1,0
BMI1,NASP,0
CBX7,PACS1,0
GFI1B,CTSE,0
NFAT5,ODC1,0
MEIS1,GATA2,0
EBF1,PTDSS1,0
BMI1,IFI44,0
MEF2C,TLR4,0
ELF4,HDAC2,0
MEF2C,GLIPR2,0
IRF1,EXOC2,0
JUN,AURKB,0
IRF1,RPP40,0
MEF2C,MYNN,0
CBX7,XAB2,0
BMI1,CUL2,0
RPA1,EXOC3,0
NOTCH1,PPOX,0
RAD51,BYSL,0
NOTCH1,CNN2,0
SATB1,ADD2,0
RPA1,TGM2,0
RPA2,ALDH18A1,0
RAD51,BTG2,0
RPA2,TEAD2,0
RPA2,DLST,0
GFI1B,BUB3,0
GFI1B,RANBP3,0
RAD51,ANAPC4,0
RPA2,RCSD1,0
IRF8,MFSD2B,0
EBF1,IPO4,0
STAT3,GFI1B,0
NFAT5,NCAPG,0
MEF2C,VDR,0
RPA1,ICA1,0
BMI1,CD63,0
BMI1,ARL6IP6,0
MEF2C,PHAX,0
RAD51,SLC43A3,0
WDR5,GCLC,0
CBX7,XPNPEP1,0
BMI1,CENPE,0
MEF2C,PIGQ,0
FOXO1,RBPMS,0
MEF2C,RCOR1,0
BMI1,RFC4,0
RAD51,BATF2,0
CBX7,ZFP592,0
FOXO1,CLDN13,0
MEF2C,USP8,0
GFI1B,ESAM,0
RPA2,SLC16A1,0
GATA2,ZFP592,0
FOXO1,FTSJ3,0
BMI1,PITPNB,0
NR4A1,CYTH3,0
RAD51,ANKRD27,0
RAD51,ZFP672,0
RPA1,WARS,0
IRF1,ESYT2,0
FOXO1,GPR171,0
IRF1,DDHD2,0
GFI1B,ABCG2,0
STAT3,GNG11,0
MEF2C,KAT7,0
IKZF1,GATA1,0
RPA1,EGR1,0
RPA2,DCAF13,0
NR4A1,SATB1,0
IRF1,PRPF4,0
BMI1,PCCA,0
MEIS1,PGLYRP2,0
RPA2,SLC39A10,0
MEF2C,GPR180,0
WDR5,AQP1,0
RPA1,G6PDX,0
IRF1,GFI1B,0
HCFC1,PPIC,0
BMI1,UBE2C,0
CBX7,ATP11C,0
RAD51,ZFP871,0
RPA2,CLPTM1L,0
MEF2C,TMEM68,0
RAD51,UBR1,0
GFI1B,COG6,0
KDM6A,PTPN12,0
RPA2,G6PDX,0
BMI1,CAPN7,0
FOS,HPCAL1,0
RPA1,ALG11,0
EBF1,AHCYL1,0
FOXO1,GYPA,0
NFAT5,2610301B20RIK,0
NR4A1,ADAMTS10,0
RPA2,NUPR1,0
FOXO1,ANXA4,0
FOXO1,MAN1A,0
KDM6A,PEAR1,0
CBX7,MTFR1,0
MEF2C,TFG,0
MEF2C,RCC1,0
RPA1,BCLAF3,0
RPA2,CCNF,0
RAD51,IPO4,0
BMI1,BTG2,0
FOXO1,LYZ2,0
GFI1B,ID2,0
CBX7,ARL6IP6,0
RAD51,AURKA,0
HCFC1,ZEB2,0
FOXO1,PLIN2,0
FOXO1,WDR55,0
ELF4,YBX3,0
NR4A1,SLC30A6,0
GFI1B,ITGA6,0
NR4A1,KLHL23,0
IRF8,TOP2A,0
STAT3,PRKCQ,0
RPA2,TBCD,0
ELF4,CTNNA1,0
NFAT5,RTP4,0
NOTCH1,MFGE8,0
IRF8,SHCBP1,0
IRF8,LAP3,0
IRF1,BAG2,0
EBF1,TXNRD2,0
FOS,RORA,0
RPA2,ALG9,0
GFI1B,MT1,0
NOTCH1,MT2,0
RPA1,TCP11L2,0
IRF1,SGO1,0
BMI1,GTF2F1,0
IRF8,MBTPS1,0
NFAT5,PMPCA,0
RPA1,CDCA8,0
MEF2C,EMB,0
IRF8,GSTM1,0
BMI1,STX17,0
EBF1,PSTPIP1,0
RPA1,CTR9,0
BMI1,UBL4A,0
RPA2,AFAP1L1,0
EBF1,MCM3,0
SATB1,RHAG,0
NFAT5,CPOX,0
NFAT5,MFNG,0
MEF2C,GNA13,0
BMI1,DUS1L,0
SATB1,MYCT1,0
BMI1,CCNE1,0
MEF2C,KIF20B,0
KDM6A,ZYX,0
EBF1,ADSSL1,0
MEIS1,TRPV2,0
MEIS1,VPS41,0
NFAT5,KIF22,0
EBF1,ABCF3,0
WDR5,MYC,0
IRF1,ZFP397,0
EBF1,LZTR1,0
IRF8,ATP7B,0
FOS,CSRP3,0
FOXO1,CHMP3,0
BMI1,ITIH5,0
IRF8,BCLAF3,0
RPA1,CISH,0
RPA1,UBL4A,0
FOS,SQOR,0
EBF1,RPA2,0
RPA2,ZDHHC6,0
GFI1,THUMPD1,0
MEIS1,CD48,0
FOXO1,PHAX,0
RPA2,GFI1,0
BMI1,ESYT2,0
HCFC1,TSHZ3,0
CBX7,EMILIN1,0
RPA2,SPC24,0
RPA2,OAT,0
EBF1,ACSS2,0
EBF1,ZFP367,0
NOTCH1,E2F4,0
NR4A1,MEMO1,0
ELF4,NRF1,0
RPA2,PAK1,0
KDM6A,TFR2,0
EBF1,INPP5B,0
IRF8,JARID2,0
EBF1,MYCT1,0
MEIS1,TK1,0
NR4A1,HCFC1,0
EBF1,TAF12,0
EBF1,ABCD3,0
ELF4,FCHSD2,0
ELF4,STX17,0
NFAT5,INPP5B,0
MEF2C,CLPTM1L,0
RAD51,MFSD1,0
IRF8,NFKBIA,0
NR4A1,GYPA,0
RPA1,ITGA6,0
CBX7,2610301B20RIK,0
RPA1,ABCD3,0
FOXO1,CDCA8,0
IRF1,ABL1,0
NOTCH1,TGM2,0
GATA2,MNDAL,0
BMI1,SLC38A5,0
RPA2,LSP1,0
RPA1,TUBGCP5,0
MEF2C,MNDAL,0
RPA1,CNOT7,0
BMI1,AP1G2,0
GFI1B,CCNB1,0
NFAT5,PBK,0
RPA2,COA5,0
SATB1,CASP1,0
IRF1,PBX1,0
RAD51,RASA3,0
NR4A1,ADSSL1,0
WDR5,WLS,0
CBX7,CENPE,0
BMI1,RANBP3,0
BMI1,TMEM109,0
KDM6A,FUCA2,0
RPA1,PQLC3,0
RPA1,ELMO1,0
FOS,SASH3,0
RAD51,EXOC2,0
RAD51,SLC31A1,0
BMI1,LIG1,0
IRF1,HSPH1,0
WDR5,ZFP467,0
NFAT5,MECOM,0
ELF4,GIMAP5,0
IRF8,ZBTB43,0
IRF1,GLIS2,0
CBX7,TPX2,0
RPA2,INPP1,0
IRF1,BAP1,0
NOTCH1,AQP9,0
FOXO1,LCP2,0
IRF1,ARMT1,0
KDM6A,GNG11,0
FOS,GFI1B,0
RPA1,LAPTM4B,0
RAD51,TUBGCP5,0
ELF4,MPL,0
RPA2,FOXRED1,0
MEIS1,RHD,0
RAD51,GARS,0
SATB1,SPI1,0
SATB1,DPH2,0
MEF2C,CNN2,0
GATA2,SPO11,0
EBF1,CAMK1,0
WDR5,PGR,0
CBX7,DDX1,0
MEF2C,AHR,0
RAD51,TWSG1,0
ESR1,DUSP2,0
IRF8,CNOT7,0
ELF4,SPPL2B,0
MYC,LZTS1,0
IRF8,KEL,0
NR4A1,OTUD6B,0
FOXO1,ESAM,0
GFI1B,RPA1,0
MEF2C,SLC20A1,0
RPA2,GIMAP6,0
KDM6A,GIMAP5,0
MEF2C,UBAC1,0
NR4A1,ARL6IP6,0
ELF4,GFI1B,0
FOS,2210016F16RIK,0
NOTCH1,SOX6,0
NFAT5,CD74,0
KDM6A,TMEM176A,0
NFAT5,COPS8,0
NR4A1,MCM7,0
RAD51,PGR,0
RAD51,NR2C1,0
MEF2C,BC005561,0
RPA1,HNRNPAB,0
BMI1,NFKBIA,0
FOXO1,AP3S1,0
BMI1,KLF3,0
RPA1,CASP4,0
EBF1,CCNG1,0
EBF1,NT5DC1,0
RPA2,HUS1,0
GFI1B,ZFP467,0
EBF1,CDK1,0
EBF1,NFATC1,0
FOS,TREML2,0
MEF2C,CALCRL,0
NFAT5,LEPROT,0
FOXO1,LRRC14,0
BMI1,NOP2,0
SATB1,RFC5,0
MEF2C,NFKBIA,0
RPA1,NRF1,0
KDM6A,BMI1,0
MEF2C,FAAP100,0
HCFC1,LDHB,0
CBX7,NECAP2,0
RPA1,VAMP3,0
KDM6A,PIK3IP1,0
RPA1,CASP3,0
KDM6A,ICA1,0
SATB1,SLC7A4,0
RPA2,D230025D16RIK,0
IRF8,NUDT4,0
CBX7,NGLY1,0
BMI1,INTS13,0
NR4A1,SMC2,0
RPA1,KLHL24,0
NOTCH1,CELA1,0
BMI1,ZFP467,0
ELF4,TNFRSF13B,0
NFAT5,TAB1,0
ESR1,DPH2,0
NFAT5,GORASP1,0
RAD51,SAMD14,0
GFI1B,BTK,0
IRF1,MCM5,0
FOXO1,FASTKD2,0
RAD51,ZFP62,0
RAD51,CYB5R1,0
CBX7,TMEM64,0
IRF8,MARCH5,0
ELF4,CD55,0
IRF1,CTR9,0
BMI1,MIOS,0
RPA2,CDCA8,0
MEF2C,CYB5R1,0
IRF1,WDR6,0
BMI1,ORC6,0
NFAT5,IFITM1,0
RPA2,MCM4,0
IRF8,FECH,0
FOS,GPSM2,0
RPA2,MCM7,0
EBF1,SMAD2,0
BMI1,COQ8A,0
GFI1B,HLF,0
CBX7,INCENP,0
MEF2C,PGM1,0
BMI1,TCP11L2,0
RAD51,CD63,0
FOXO1,AP1B1,0
EBF1,CCNF,0
EBF1,NUDT9,0
IRF8,MT2,0
RAD51,VPS33A,0
FOS,NFIA,0
RPA1,TASP1,0
MEIS1,HSD3B7,0
RPA2,NDE1,0
ELF4,FADS1,0
CBX7,GCLC,0
ESR1,ACAP1,0
NOTCH1,1700017B05RIK,0
BMI1,HIST1H2BC,0
FOXO1,MBOAT2,0
SATB1,SMIM5,0
IRF8,RDH11,0
GATA2,MAPK12,0
BMI1,PRKAB1,0
CBX7,NDOR1,0
RPA1,NCAPH,0
IRF1,CRYZL2,0
CBX7,TLK1,0
ELF4,ZBTB10,0
EBF1,PML,0
RAD51,RB1,0
FOXO1,CES2G,0
FOXO1,TGM2,0
MEF2C,WLS,0
GATA2,ATP6AP2,0
NFAT5,NUDCD3,0
IKZF1,CLDN13,0
GFI1,UBASH3A,0
NOTCH1,NR4A1,0
ESR1,KLHL6,0
MEIS1,MYO1G,0
CBX7,VHL,0
BMI1,SEPT6,0
NFAT5,LCP1,0
RAD51,SP4,0
KDM6A,SMC2,0
NFAT5,PCLAF,0
RPA1,FLOT2,0
GATA2,UMPS,0
FOS,IARS2,0
BMI1,SMAD2,0
KDM6A,BCLAF3,0
MEIS1,EPSTI1,0
EBF1,ESAM,0
BMI1,NDEL1,0
GFI1B,PRKAA1,0
GATA2,CAMK1,0
IRF8,ANXA4,0
JUN,SIGIRR,0
NOTCH1,OPTN,0
NFAT5,LLGL1,0
IKZF1,CD9,0
MEF2C,BMI1,0
EBF1,HNF4A,0
CBX7,SLA,0
FOS,METTL8,0
RPA1,CMPK2,0
CBFB,SOX18,0
RPA2,STT3B,0
FOS,AFAP1L1,0
IRF1,PRKCH,0
IRF1,COPB2,0
CBX7,GNB4,0
NFAT5,FAM234B,0
NOTCH1,DUSP1,0
NFAT5,NDRG1,0
RAD51,KIF22,0
MEIS1,GYPC,0
IRF1,SERPINF1,0
FOXO1,EXOC3,0
GFI1B,INPP1,0
IKZF1,IFI204,0
MEF2C,UBASH3A,0
BMI1,NUP107,0
KDM6A,CENPE,0
KDM6A,PRKAR2B,0
RPA1,NDC1,0
NFAT5,C330018D20RIK,0
BMI1,ACOX1,0
IRF1,KNSTRN,0
RPA1,APLP2,0
RAD51,SIGIRR,0
STAT3,AFAP1L1,0
KDM6A,TAF1,0
SATB1,AFAP1L1,0
IRF8,CARHSP1,0
NR4A1,PTDSS1,0
FOXO1,GATM,0
RPA2,VIM,0
NOTCH1,SNX10,0
IRF1,RMND5B,0
EBF1,HMBS,0
EBF1,MEMO1,0
MEF2C,RELB,0
NFAT5,SP100,0
RPA2,NUDCD1,0
ELF4,TIE1,0
BMI1,NDE1,0
BMI1,GPR171,0
BMI1,LIMD2,0
RAD51,APBB1,0
FOS,ATP13A1,0
RPA1,ST6GALNAC4,0
NOTCH1,PRKAA1,0
CBX7,SHCBP1,0
ESR1,GIMAP1,0
IRF8,IFT140,0
RAD51,THUMPD3,0
EBF1,SQOR,0
BMI1,SLC25A38,0
BMI1,YBX3,0
IKZF1,CAR1,0
KDM6A,VIM,0
BMI1,YOD1,0
GFI1B,LLGL1,0
GFI1B,TMEM185A,0
ELF4,TGM2,0
FOXO1,ZBTB20,0
IRF8,HOXA9,0
EBF1,HMGB2,0
MEF2C,NOL9,0
JUN,ACAP1,0
RAD51,CSGALNACT2,0
JUN,UBASH3A,0
SATB1,PRDM5,0
GATA2,ESAM,0
RPA1,MAPK1,0
MEF2C,RRM2,0
NFAT5,JAK3,0
CBX7,SQLE,0
RPA2,TIMM29,0
FOS,ELMO1,0
FOXO1,UBA7,0
GFI1B,ANKFY1,0
RAD51,ZFP930,0
NFAT5,PICALM,0
ETS1,HOXA9,0
BMI1,WDR5,0
MEF2C,RDH11,0
NFAT5,SLC25A38,0
NFAT5,OSTM1,0
MEF2C,TEAD2,0
IRF1,NOLC1,0
SATB1,APLP2,0
BMI1,C1QTNF12,0
WDR5,VILL,0
WDR5,EPDR1,0
EBF1,IDH3A,0
RAD51,PLXNC1,0
NFAT5,MTFR1,0
RPA1,PCYT2,0
RPA2,DENND2D,0
RAD51,ST6GALNAC4,0
GFI1,GPR171,0
WDR5,CAMK1,0
IRF8,MGST3,0
NOTCH1,SPI1,0
BMI1,SCRN3,0
RPA1,MOGS,0
IRF1,PCYT1A,0
KDM6A,GYG,0
ELF4,LZTS1,0
GATA2,VAV1,0
FOS,CASP3,0
NFAT5,CKAP5,0
IRF8,TMEM185A,0
RPA1,WDR36,0
MEF2C,TRIM47,0
BMI1,XK,0
RAD51,NDRG1,0
FOXO1,SNX10,0
WDR5,SAMD14,0
BMI1,NUBP2,0
CBX7,YBX1,0
BMI1,DYNLT3,0
RPA1,TFRC,0
IRF1,MTHFD1,0
NFAT5,PA2G4,0
FOXO1,TANGO2,0
ESR1,AQP9,0
EBF1,CRYZL2,0
NOTCH1,DPH6,0
FOXO1,TFRC,0
GFI1B,SGPP1,0
RAD51,SLC11A2,0
EBF1,STAT3,0
RAD51,APOE,0
FOXO1,KLF3,0
RPA1,ZKSCAN17,0
ESR1,KEL,0
RAD51,ARHGEF18,0
SATB1,TMEM263,0
NR4A1,CCNE2,0
RAD51,BC005561,0
IRF1,HACD3,0
MEF2C,HACD4,0
IRF1,PQLC1,0
GFI1B,PML,0
NR4A1,CHCHD10,0
GFI1B,ATG12,0
MEF2C,SGPP1,0
NR4A1,GYPC,0
NOTCH1,ZFP945,0
ETS1,EMB,0
FOXO1,MCM3,0
CBX7,THUMPD1,0
JUN,TIE1,0
EBF1,CLN5,0
IRF1,PRKCQ,0
EBF1,CDC6,0
RPA1,NFE2,0
RAD51,TSPAN14,0
RAD51,HARS2,0
MEF2C,TCF19,0
NFAT5,TMC6,0
FOXO1,SP100,0
IRF1,2210016F16RIK,0
IRF1,FBXO5,0
RAD51,CNP,0
RPA2,AFG3L2,0
SATB1,TGM2,0
BMI1,CD93,0
ELF4,MCTP1,0
GFI1B,PHB2,0
SATB1,TAPT1,0
EBF1,ZFP871,0
ELF4,PLCG2,0
BMI1,PLCB2,0
BMI1,GDF3,0
BMI1,TMEM176A,0
IRF1,MBOAT2,0
FOXO1,THUMPD1,0
RAD51,PPAT,0
BMI1,PON2,0
MEF2C,PDK3,0
RAD51,CTLA2A,0
EBF1,STOM,0
FOXO1,TIE1,0
GFI1B,GOLPH3,0
NFAT5,TUBGCP3,0
FOS,PBK,0
FOXO1,INPP1,0
FOXO1,UBXN2B,0
ETS1,SMIM1,0
RPA1,SLA,0
EBF1,GATA2,0
FOS,NUP85,0
IRF8,TERF2IP,0
MEIS1,PGR,0
RPA1,PPP6C,0
HCFC1,GCNT2,0
CBX7,SLC41A3,0
EBF1,TWSG1,0
RAD51,DNM1L,0
MEF2C,GSR,0
CBX7,GIMAP6,0
RPA2,MECOM,0
EBF1,MCTP1,0
RAD51,UMPS,0
RPA2,CYP20A1,0
FOXO1,RRM2,0
GFI1B,SLC6A6,0
MEF2C,RNF213,0
EBF1,ALDH9A1,0
RAD51,STAT3,0
IRF1,MPL,0
IRF8,TWSG1,0
WDR5,AMPD3,0
RPA1,PJA2,0
EBF1,AFF4,0
GFI1B,IFITM1,0
IRF1,GYG,0
NFAT5,TOR3A,0
RAD51,ARMT1,0
NFAT5,CASP1,0
KDM6A,MAP4K2,0
RAD51,SMIM1,0
IRF8,TMEM177,0
RPA1,TTF2,0
NFAT5,INCENP,0
GFI1,EMILIN1,0
MEF2C,PROCR,0
RAD51,KDM6A,0
IRF8,RGS19,0
RAD51,PLD3,0
IRF1,TES,0
MEF2C,GTF2E1,0
NFAT5,SPI1,0
WDR5,VDR,0
MEF2C,ZFP672,0
GFI1B,ABTB1,0
IRF8,RABIF,0
NR4A1,NUDT19,0
NFAT5,TANGO2,0
HCFC1,AQP1,0
FOXO1,CTSC,0
GFI1B,PLAC8,0
MEF2C,AQP1,0
RAD51,TK1,0
IRF1,BLZF1,0
EBF1,UBA3,0
IRF8,XPR1,0
MEF2C,LRRC8C,0
RPA2,CRBN,0
MEF2C,LDHB,0
NOTCH1,MAPK1,0
CBX7,MYCN,0
WDR5,NUDT4,0
ELF4,INKA1,0
IRF1,WDR36,0
RPA2,ATP6AP2,0
FOS,TMEM64,0
STAT3,CNN2,0
RPA2,PPP2R1B,0
RPA1,TFR2,0
IRF8,H1F0,0
FOXO1,EIF1AD,0
EBF1,CPOX,0
RPA2,PHF10,0
GFI1B,CAPN7,0
GFI1B,NAPSA,0
FOXO1,AFG3L2,0
IRF1,CKAP5,0
RPA2,FAM234B,0
BMI1,CSGALNACT2,0
BMI1,PRKCQ,0
ELF4,THRB,0
FOXO1,GIMAP6,0
RAD51,LPIN2,0
NFAT5,PHAX,0
IRF8,CDC45,0
FOXO1,E2F8,0
RPA2,MNS1,0
RPA1,COPS8,0
BMI1,RTP4,0
NR4A1,MCM2,0
RPA1,PFKM,0
STAT3,GATA2,0
RPA1,BLVRB,0
RPA2,BUB1B,0
NFAT5,KLHL22,0
NFAT5,TEAD2,0
STAT3,RHAG,0
ELF4,CD93,0
RPA1,CAR1,0
FOS,SERPINB1A,0
RAD51,SSX2IP,0
EBF1,DIS3L2,0
RPA1,ZFP655,0
RAD51,EPSTI1,0
FOS,ARHGEF18,0
RAD51,PFKM,0
NR4A1,TBC1D2B,0
RPA2,AHCYL1,0
NFAT5,CENPO,0
EBF1,NDEL1,0
RPA2,TMEM185A,0
RAD51,NUP85,0
EBF1,UNK,0
RAD51,ABTB1,0
NFAT5,MAP4K2,0
ELF4,GCLC,0
RAD51,ATP7B,0
RPA1,THRB,0
FOS,LIMD2,0
CBX7,ABL1,0
KDM6A,PGR,0
JUN,SLC38A5,0
RAD51,SLC16A1,0
RPA2,CYB5R1,0
FOS,ERLIN2,0
BMI1,FTSJ3,0
EBF1,TPX2,0
FOXO1,IPO4,0
ESR1,MPL,0
IRF1,ELMO1,0
SATB1,TEAD2,0
MEIS1,TOM1L1,0
EBF1,NUDT19,0
FOXO1,LDHB,0
GFI1B,SLC41A3,0
IRF8,SPIRE1,0
MEF2C,TASP1,0
NFAT5,LTB,0
CBX7,NCLN,0
IRF1,STK25,0
RAD51,NUP155,0
NR4A1,PCCA,0
GFI1B,ACSS1,0
MEF2C,ZKSCAN3,0
IRF8,KLHL23,0
HCFC1,AFAP1L1,0
BMI1,PRIM1,0
WDR5,PLAC8,0
FOXO1,PPP2R1B,0
RPA1,ARHGAP15,0
NR4A1,MYH10,0
FOXO1,ENPP4,0
RPA1,P2RX4,0
EBF1,CTSO,0
NFAT5,SLC40A1,0
GFI1B,TLE2,0
RPA1,FAM168B,0
NOTCH1,NSD2,0
IRF8,PLK1,0
RPA1,MCTP1,0
MEF2C,RASAL3,0
BMI1,HNF4A,0
EBF1,EPDR1,0
NFAT5,PCCA,0
FOXO1,TRIM30A,0
FOS,RHAG,0
MEF2C,HMBS,0
NFAT5,CEP70,0
IKZF1,ANK,0
NFAT5,BC005561,0
NR4A1,TEAD2,0
IRF8,ATG4B,0
RAD51,SLC39A9,0
KDM6A,OASL2,0
NFAT5,AHCYL1,0
GFI1B,PLXNC1,0
CBX7,UBA3,0
FOXO1,BC005561,0
ELF4,SLC38A5,0
CBX7,P2RY14,0
KDM6A,RORA,0
EBF1,GIMAP1,0
IRF8,MSH6,0
BMI1,CITED4,0
NFAT5,TRMT11,0
SATB1,PROCR,0
IRF8,JUN,0
STAT3,SLA,0
NFAT5,CCNF,0
CBFB,NCOA6,0
GFI1,SLA,0
MEF2C,PRKCH,0
NFAT5,NDC1,0
MEF2C,SERPINB1A,0
CBX7,HMGB2,0
NR4A1,GSTM5,0
RPA2,EPS15,0
FOS,CPQ,0
FOS,CORO1A,0
CBX7,RGS19,0
MEF2C,PREP,0
BMI1,POT1A,0
FOXO1,PSAT1,0
RPA2,PLEK,0
BMI1,CAMK1,0
NR4A1,GDF3,0
FOS,CEP70,0
FOXO1,G6PDX,0
WDR5,GOLM1,0
EBF1,PITPNB,0
EBF1,TPP1,0
GFI1B,EXT2,0
FOS,BLZF1,0
RPA2,BTRC,0
KDM6A,EPDR1,0
RPA1,CD82,0
CBX7,TAPT1,0
NFAT5,POLR1B,0
FOXO1,METTL27,0
ELF4,HSDL1,0
NR4A1,CHAMP1,0
NFAT5,SLC44A2,0
GFI1,SPIRE1,0
FOS,NAPSA,0
MEF2C,CRBN,0
MEF2C,ISG20,0
BMI1,MTHFD1,0
NFAT5,MAPK12,0
GFI1,SERPINA3G,0
NFAT5,PSMF1,0
MEF2C,AAR2,0
RPA2,IL21R,0
KDM6A,CYB5R1,0
GATA2,CCNE1,0
MEF2C,PCLAF,0
NFAT5,KLHL24,0
RPA1,POLR2B,0
RPA2,FEM1B,0
IRF1,NUP107,0
WDR5,MEMO1,0
IKZF1,SIGIRR,0
CBX7,PRKAA1,0
RPA2,FECH,0
IRF8,LIG1,0
EBF1,CUL4A,0
RPA1,POLE3,0
HCFC1,GMPR,0
RPA1,MAPKAPK3,0
ELF4,HLF,0
NR4A1,YBX3,0
FOS,LCP1,0
MEF2C,DTL,0
FOS,MFSD2B,0
BMI1,ATL2,0
NFAT5,CTTN,0
HDAC2,CD34,0
BMI1,H2-DMB1,0
CBX7,POGLUT1,0
FOXO1,ARHGEF18,0
WDR5,SLA2,0
RPA2,CASP1,0
RPA2,RCC1,0
NFAT5,NADK,0
ELF4,ATG4B,0
EBF1,ATP1B2,0
RPA1,YBX3,0
IRF1,P2RX4,0
RAD51,SOX18,0
MEF2C,CDCA5,0
RPA2,KNSTRN,0
FOS,ELF4,0
RPA2,TFRC,0
IRF1,REL,0
RPA1,DNAJC11,0
MEF2C,PSTPIP1,0
EBF1,SAMD14,0
GFI1B,ZYX,0
NFAT5,YPEL3,0
MEF2C,HEMGN,0
FOS,SALL2,0
MEF2C,SLC40A1,0
RAD51,SCRN3,0
RAD21,ADGRL4,0
FOXO1,NAA35,0
BMI1,HMGB2,0
MEF2C,MYB,0
EBF1,ASNS,0
RPA2,RNF13,0
IRF1,SPHK1,0
NFAT5,MARCH5,0
RAD51,TMEM186,0
BMI1,G6PDX,0
GFI1B,PON2,0
GATA2,XRCC3,0
RPA1,CCNB2,0
GFI1,DDX58,0
EBF1,IARS,0
RAD51,MED16,0
RPA1,GEMIN5,0
FOXO1,FAM136A,0
GFI1B,CELA1,0
RPA1,UNK,0
IRF8,RORC,0
CBX7,CDC6,0
IRF8,UNK,0
SATB1,MCTP1,0
MEF2C,MAN1A,0
IRF8,TPP1,0
RAD51,TBC1D2B,0
GFI1B,CHMP3,0
MEF2C,UBR1,0
RPA2,TNFRSF13B,0
RAD51,ABCF3,0
NR4A1,AHR,0
RAD51,CENPK,0
NFAT5,TMEM176B,0
RPA2,POLR3F,0
EBF1,STAP1,0
FOXO1,BID,0
EBF1,HPN,0
RPA2,CES2G,0
IRF8,DHFR,0
MEF2C,CCNE1,0
RAD51,PRPF4,0
FOXO1,UBR1,0
IRF1,COL5A1,0
FOXO1,PKLR,0
RPA2,NARFL,0
CBX7,DCK,0
RPA1,RCSD1,0
RAD51,SERPINF1,0
KDM6A,TMEM56,0
HCFC1,SOX6,0
NFAT5,TMEM168,0
RPA2,ADD2,0
IRF8,CRIP2,0
EBF1,ARHGAP15,0
BMI1,SNCA,0
FOXO1,ZEB2,0
RPA2,STXBP3,0
RPA1,CHMP3,0
IRF8,BTG2,0
ETS1,BATF2,0
CBX7,RNF141,0
FOXO1,SPC24,0
EBF1,COA5,0
KDM6A,MAPK12,0
CBX7,CERS4,0
RPA1,CTTN,0
CBFB,PDZK1IP1,0
NOTCH1,EMILIN2,0
SATB1,NUSAP1,0
SPI1,PRDM16,0
IRF1,TAF12,0
NFAT5,ANXA2,0
BMI1,RHD,0
NR4A1,CPQ,0
RPA2,BTG2,0
KDM6A,PREP,0
BMI1,VAMP3,0
IRF8,TOR3A,0
IRF1,CUL3,0
IRF1,ST3GAL6,0
NR4A1,B230219D22RIK,0
FOS,PGLYRP2,0
BMI1,RABIF,0
FOS,PADI4,0
EBF1,ANXA5,0
RPA1,TERF2IP,0
SATB1,SEPT6,0
RAD51,ABCD3,0
EBF1,FLOT2,0
NR4A1,RFC4,0
MEF2C,ALDH1A1,0
NR4A1,TIMM50,0
MEF2C,TMEM176B,0
NR4A1,LCP1,0
CBX7,COPS8,0
IRF1,RORC,0
RAD51,TTF2,0
RPA1,CLPTM1L,0
RPA2,MCM10,0
MEF2C,CPT1A,0
WDR5,SLC22A3,0
RPA1,ATG4B,0
MEF2C,BCAP29,0
NOTCH1,ATAD1,0
BMI1,MYL10,0
HCFC1,ADGRL4,0
RPA1,TMEM177,0
RPA2,MYCT1,0
MEF2C,SLA2,0
MEF2C,G6PDX,0
NOTCH1,HLF,0
CBX7,LPCAT3,0
IRF8,ALAD,0
MEF2C,ABTB1,0
CBX7,ACAA2,0
BMI1,HMMR,0
IRF8,HSPA4L,0
RPA2,ASB8,0
CBX7,TBC1D2B,0
MEF2C,XRCC3,0
NR4A1,MRM1,0
MEF2C,RHAG,0
CBX7,SNRPB,0
MEF2C,CD55,0
ELF4,TTLL12,0
KDM6A,HEXA,0
IRF8,AP1B1,0
BMI1,NADK,0
RAD51,FTSJ1,0
RAD51,SLC25A46,0
RAD51,ALAD,0
BMI1,ZDHHC6,0
NR4A1,NUP107,0
FOXO1,GTF2E1,0
NOTCH1,PKLR,0
RPA1,TBC1D2B,0
MEF2C,ATAD1,0
ESR1,SLA,0
NR4A1,MARCH6,0
IRF1,NAGA,0
IRF1,TUBGCP3,0
IRF8,ST3GAL5,0
RAD51,USP25,0
RPA1,GM2A,0
FOXO1,PLIN3,0
MEF2C,SLC25A21,0
KDM6A,ACAP1,0
BMI1,STXBP1,0
ELF4,MYO1D,0
MEF2C,APOE,0
MEF2C,CBX7,0
WDR5,PROCR,0
RPA1,CD84,0
IRF8,ELF4,0
WDR5,TNFAIP2,0
MEF2C,CCDC137,0
NFAT5,UBA5,0
RAD51,POLD1,0
KDM6A,AK3,0
GFI1B,CPT1A,0
RPA1,TLE2,0
RPA2,HEBP1,0
GFI1B,LPCAT1,0
ELF4,CARHSP1,0
EBF1,PIK3IP1,0
SATB1,TNFAIP2,0
ESR1,PLEK,0
GFI1B,PRDM4,0
HCFC1,NDN,0
GFI1B,AFAP1L1,0
GFI1B,DENND2D,0
RPA1,EXOC2,0
ESR1,PLAC8,0
ELF4,USP10,0
EBF1,PRPF4,0
MEF2C,BLVRB,0
SATB1,HMMR,0
NR4A1,NDN,0
MEF2C,ZFP275,0
NFAT5,GBP2,0
RPA2,RFESD,0
BMI1,INTS8,0
NFAT5,CYB5R1,0
FOXO1,VPS33B,0
WDR5,MFSD2B,0
EBF1,NSD2,0
MEF2C,1700017B05RIK,0
RPA2,SERPINA3G,0
BMI1,ZKSCAN6,0
GFI1,CD74,0
NR4A1,ANXA5,0
RPA1,PLXNC1,0
NFAT5,ZFP592,0
FOXO1,DENND1C,0
FOXO1,HEMGN,0
NFAT5,DDX1,0
IRF8,BUB3,0
RPA2,CUL2,0
NR4A1,CPOX,0
FOS,TFR2,0
RAD51,MORC3,0
IRF8,MYH10,0
FOS,HERC4,0
GFI1B,SPNS2,0
NR4A1,TBXAS1,0
NR4A1,GMPR,0
RPA1,RNF213,0
HCFC1,STAP1,0
IRF8,ZFP397,0
RPA1,APBB1,0
EBF1,RNF139,0
NOTCH1,IRF6,0
NOTCH1,CPT1A,0
NOTCH1,FES,0
NOTCH1,PITPNB,0
FOXO1,ARID3B,0
RPA1,VIM,0
IRF8,PIDD1,0
FOS,MBTPS1,0
WDR5,MAN2A2,0
RPA1,IFI204,0
WDR5,LYZ2,0
RAD51,DUSP1,0
CBX7,ACAP1,0
KDM6A,METAP1D,0
GFI1B,NET1,0
ESR1,DENND1C,0
NOTCH1,CISH,0
NFAT5,NUDT9,0
EBF1,CASP4,0
ELF4,MTO1,0
RAD51,PLBD2,0
RPA1,DECR1,0
SATB1,COL5A1,0
RPA2,HEATR5A,0
NFAT5,METTL7A1,0
CBX7,SUPT7L,0
BMI1,IL15,0
FOXO1,HDAC11,0
KDM6A,AMPD3,0
NFAT5,FTSJ3,0
RPA1,TARS,0
BMI1,ANXA2,0
NR4A1,RHAG,0
ELF4,F11R,0
FOXO1,SPHK1,0
RAD51,HEMGN,0
HCFC1,EYA1,0
MEF2C,LMNA,0
SATB1,BATF2,0
CBX7,GTF2F1,0
FOS,RCSD1,0
EBF1,HDAC9,0
NFAT5,TVP23B,0
RPA1,DYNLT3,0
SATB1,CHCHD10,0
EBF1,RFC4,0
NFAT5,EPDR1,0
EBF1,CAST,0
KDM6A,SLC40A1,0
EBF1,LAP3,0
RPA1,RDH11,0
SATB1,RAI14,0
RPA2,RASSF5,0
FOS,KNSTRN,0
MEF2C,KDM6A,0
MEF2C,WDR6,0
EBF1,PBX1,0
RPA2,GCNT2,0
EBF1,BMI1,0
NFAT5,RB1,0
MEIS1,POLA2,0
MEF2C,D230025D16RIK,0
ELF4,SLC11A2,0
EBF1,ELP2,0
STAT3,CLDN13,0
FOXO1,NDEL1,0
NR4A1,PSMD9,0
NR4A1,DCAF11,0
BMI1,PLA2G12A,0
RPA2,ATG12,0
MEF2C,CITED4,0
GATA2,TTLL12,0
RPA2,CSTF2,0
MEF2C,RABGGTB,0
RAD51,ST8SIA4,0
NR4A1,LRRFIP1,0
RAD51,POLR2B,0
NOTCH1,PRDM16,0
CBFB,TSC22D3,0
EBF1,LPCAT1,0
BMI1,PSMD5,0
MEF2C,GMCL1,0
IRF1,ADO,0
FOXO1,EMILIN2,0
RPA2,NUDT9,0
MEIS1,TMX3,0
RAD51,DCK,0
NFAT5,P2RX4,0
FOS,TYMS,0
ETS1,CLDN13,0
MEF2C,LAPTM4B,0
RPA1,MUC13,0
IRF8,GCLC,0
EBF1,GPSM2,0
BMI1,RAB31,0
ELF4,GYPC,0
FOXO1,TRPV2,0
FOS,LZTS1,0
GFI1B,RASA3,0
RAD51,CYTIP,0
EBF1,RANGAP1,0
NOTCH1,GFI1B,0
RPA2,MEMO1,0
EBF1,HELLS,0
NFAT5,MYB,0
IRF1,TMEM206,0
MEF2C,MIOS,0
RPA1,ERLIN2,0
NR4A1,SLA,0
FOXO1,TMUB2,0
IRF1,MYH10,0
MEF2C,RANBP3,0
MEIS1,GATA1,0
IRF1,TSHZ3,0
BMI1,LDHB,0
GFI1B,PWP1,0
HCFC1,CTLA2A,0
EBF1,ZFP266,0
ETS1,PLPPR3,0
GFI1B,NUDT4,0
NFAT5,HSDL1,0
HCFC1,ALDH1A1,0
RPA1,REXO4,0
MEF2C,TMEM263,0
RPA2,SASH3,0
ELF4,TAPT1,0
NR4A1,VPS41,0
RPA2,SLC11A2,0
ELF4,ODC1,0
MEF2C,RNF19A,0
RPA2,ELP3,0
JUN,PKLR,0
NR4A1,PRPS2,0
CBX7,TMEM68,0
IRF1,UAP1L1,0
EBF1,LYZ2,0
NR4A1,TAF12,0
CBX7,HMMR,0
RAD51,ATP6AP1,0
RPA2,NOL9,0
ELF4,NCOA6,0
BMI1,SLC16A1,0
KDM6A,HPN,0
IRF1,NASP,0
BMI1,HACD4,0
FOS,STXBP4,0
EBF1,SLC7A4,0
EBF1,ISG20,0
NFAT5,MCM3,0
CBX7,CDCA5,0
WDR5,MYCT1,0
CBX7,PPARGC1A,0
ELF4,GSTM5,0
RAD51,ZKSCAN17,0
GFI1B,SEPT8,0
EBF1,CES2G,0
FOS,CAPN7,0
EBF1,HMMR,0
NFAT5,EPOR,0
IRF1,GRN,0
GFI1B,PCP4L1,0
RAD51,PML,0
IRF1,MCM2,0
GFI1B,ADGRG3,0
EBF1,YBX3,0
CBX7,SELENOP,0
RPA2,METTL8,0
FOXO1,MFSD2B,0
RPA2,PRPS2,0
MEF2C,DCAF4,0
ESR1,PLCG2,0
NOTCH1,RGS19,0
EBF1,ARID3B,0
MEF2C,PRKAA1,0
IRF8,SERPINB6B,0
MEF2C,LYRM4,0
KDM6A,EMB,0
SATB1,CRYZL2,0
RPA2,NEK9,0
JUN,TREML2,0
IRF8,UTP4,0
RAD51,HIST1H1C,0
NFAT5,PCYT2,0
BMI1,TERF2IP,0
FOXO1,RARB,0
BMI1,CSTF2,0
FOS,RORC,0
NFAT5,AP5M1,0
RPA2,GSR,0
IRF1,PICALM,0
RAD51,PRDM16,0
RPA1,MINPP1,0
KDM6A,RNF145,0
GFI1B,MYO1D,0
MEF2C,PCP4L1,0
FOS,ZFP592,0
NFAT5,ACAP1,0
GFI1B,GPSM2,0
RAD51,HLF,0
RPA2,CTSO,0
RPA1,TYMS,0
EBF1,SLC25A45,0
MEF2C,ORC2,0
MEF2C,CTSO,0
IRF1,TSPAN14,0
CBFB,C1QTNF12,0
STAT3,BUB1,0
NFAT5,MEF2C,0
RAD21,UBASH3A,0
RAD51,CYTH4,0
RPA2,RPP40,0
KDM6A,ATL2,0
BMI1,ADAMTS10,0
GATA2,GIMAP1,0
BMI1,ALDH18A1,0
MEF2C,SPO11,0
NR4A1,RNF139,0
GFI1B,EPSTI1,0
CBX7,ARAP1,0
GFI1B,CBX7,0
RPA1,INTS8,0
MEF2C,GTF2F1,0
MEF2C,USP25,0
BMI1,WDR73,0
BMI1,PAFAH1B2,0
MEIS1,STXBP4,0
WDR5,NCOA6,0
MEF2C,KIDINS220,0
MEF2C,KNSTRN,0
STAT3,COL5A1,0
KDM6A,PRIM2,0
FOXO1,SHCBP1,0
FOXO1,GFI1,0
MEF2C,SCFD1,0
MEIS1,SLC38A5,0
NR4A1,PSAT1,0
NFAT5,FPGS,0
BMI1,ZFP30,0
RAD51,RNF139,0
RPA2,TTF2,0
RPA2,CRNKL1,0
KDM6A,ANGPT1,0
RPA2,PLPPR3,0
GFI1B,GSTM5,0
RPA2,CPOX,0
GFI1B,GRN,0
IRF1,TREML2,0
RPA1,NFIA,0
MYC,IKZF2,0
RPA2,MMRN1,0
IRF1,TYK2,0
GFI1B,AQP9,0
NFAT5,FTSJ1,0
KDM6A,TMEM173,0
IRF8,MAU2,0
RPA1,PHF10,0
EBF1,NUP155,0
CBX7,BTK,0
EBF1,MGST3,0
GFI1B,LRRC8C,0
BMI1,RNF115,0
IRF1,COG6,0
IRF8,HLF,0
BMI1,CD1D1,0
FOXO1,ORC2,0
NFAT5,VPS33A,0
RAD51,ATP6V1A,0
MEF2C,GRINA,0
BMI1,QARS,0
RAD51,CDCA5,0
BMI1,HPN,0
FOXO1,GSS,0
BMI1,PCYT2,0
HDAC2,MYCT1,0
GFI1B,HMMR,0
NR4A1,TLE2,0
IRF8,MPL,0
IRF8,TMEM64,0
RPA1,SLC29A1,0
ESR1,SLC18A2,0
KDM6A,IFI44,0
NFAT5,NIT1,0
BMI1,PPIL4,0
EBF1,KNSTRN,0
GFI1B,PMPCA,0
NFAT5,MCM2,0
NFAT5,PON2,0
MEF2C,UAP1,0
ELF4,ADSSL1,0
RPA2,ACSS2,0
EBF1,B230219D22RIK,0
IRF1,DYNLT3,0
RPA2,DDX1,0
GFI1,PIK3IP1,0
NR4A1,PQLC1,0
BMI1,ERMAP,0
NFAT5,PSEN2,0
RPA1,POGLUT1,0
RPA1,CERS4,0
EBF1,ACOX1,0
MEIS1,PRDM5,0
MEF2C,ELMO1,0
RPA1,VWA5A,0
GFI1B,TRIB3,0
RPA2,MARS,0
ELF4,COQ8A,0
RAD51,NEK9,0
IRF1,BMI1,0
GFI1B,ANKRD27,0
NR4A1,KIF22,0
RAD51,TMUB2,0
RPA2,KLHL6,0
IKZF1,NCOA6,0
GFI1B,TRIM59,0
NFAT5,FNTA,0
IRF1,TRPS1,0
BMI1,POLE3,0
IRF8,IKZF2,0
GATA2,DENND1C,0
ESR1,CD74,0
GFI1B,PPIC,0
RPA2,CHP1,0
KDM6A,TRIB3,0
RPA1,SPTLC1,0
NR4A1,AQP1,0
KDM6A,CUL3,0
NR4A1,WDR4,0
NFAT5,PTPN12,0
WDR5,HLF,0
GFI1B,CD63,0
IKZF1,ANXA2,0
GFI1B,RARB,0
NFAT5,HDAC2,0
NOTCH1,PLEC,0
BMI1,DDX1,0
BMI1,GRINA,0
CBX7,NUDCD1,0
MYC,ATP1B2,0
RAD51,MTFR1,0
MEF2C,SLC25A46,0
CBX7,DNM1L,0
NFAT5,ZSCAN21,0
KDM6A,CMPK2,0
NOTCH1,PLCG2,0
KDM6A,ZMYM3,0
GFI1B,ZFP871,0
RAD51,BTK,0
SATB1,GDF3,0
MEF2C,CDCA3,0
RPA2,KLF1,0
RPA2,TES,0
NR4A1,TCIRG1,0
ELF4,BTG2,0
FOXO1,EXT2,0
NOTCH1,CTTN,0
GATA2,VDR,0
BMI1,KPNA3,0
NFAT5,AURKB,0
FOS,SLC22A3,0
FOS,LAP3,0
NOTCH1,ERMAP,0
CBX7,NUDT4,0
FOXO1,CKS1B,0
NOTCH1,RHD,0
EBF1,FPGS,0
CBX7,LCP2,0
RPA2,DPP8,0
NFAT5,SAMD14,0
NR4A1,TMEM56,0
RPA1,COQ8A,0
RAD51,TUBGCP3,0
NFAT5,CDT1,0
RPA2,SGPL1,0
MEF2C,TCIRG1,0
EBF1,NOP2,0
NR4A1,TBC1D10C,0
IRF8,PPOX,0
BMI1,CCNG1,0
STAT3,BATF2,0
MEIS1,THUMPD1,0
CBX7,PLK1,0
RPA1,CYB5R1,0
NFAT5,ESAM,0
IRF1,RGS1,0
IKZF1,GATA2,0
FOS,NEK9,0
IKZF1,HEBP1,0
IRF1,CTTN,0
RPA2,CAMK1,0
RPA2,SLC29A1,0
RPA2,RAB32,0
MEIS1,PUS7,0
RAD51,KLHL6,0
RPA1,RNF19A,0
RPA1,EBI3,0
EBF1,BUB1B,0
NR4A1,STXBP1,0
RPA2,XPNPEP1,0
FOXO1,ATP7B,0
BMI1,DIS3L2,0
MEF2C,METTL27,0
FOXO1,ARMC8,0
MEF2C,RORA,0
RPA2,HDAC9,0
MEF2C,F11R,0
BMI1,NUDCD3,0
RAD51,PON2,0
BMI1,TARS,0
CBX7,FEM1B,0
NR4A1,PREP,0
IRF1,MYCN,0
NR4A1,TUBGCP3,0
RPA1,MT1,0
ELF4,XK,0
ELF4,ERMAP,0
IRF1,ESAM,0
RPA1,AK3,0
BMI1,UCKL1,0
RPA2,SMIM1,0
NR4A1,2210016F16RIK,0
ELF4,RPA1,0
MEF2C,HEATR5A,0
IRF8,CRYZL2,0
IRF1,DCK,0
CBX7,PIK3C3,0
EBF1,UROD,0
IRF8,ELOVL1,0
KDM6A,MYO1D,0
HDAC2,F11R,0
MEIS1,TEAD2,0
RPA2,FBXW5,0
RPA2,PRKAB1,0
JUN,SMIM1,0
RAD51,USP37,0
STAT3,PGR,0
MEF2C,MARCH6,0
NOTCH1,MYO1G,0
IRF1,F11R,0
RAD51,MYB,0
WDR5,MAPK12,0
NR4A1,EXOC3,0
NFAT5,CRNKL1,0
IRF8,TAF12,0
FOXO1,GPKOW,0
GATA2,TWSG1,0
MEIS1,PROCR,0
RPA2,PCP4L1,0
MEIS1,CNIH1,0
IRF1,CHORDC1,0
IKZF1,PLAC8,0
CBX7,NFE2L2,0
FOXO1,CHMP7,0
NR4A1,PGLYRP2,0
FOXO1,ANGPT1,0
MEF2C,GIMAP5,0
IRF8,TCP11L2,0
GATA2,RRM2,0
HCFC1,TSPAN14,0
NR4A1,RNF145,0
KDM6A,POGLUT1,0
KDM6A,IDH3A,0
FOS,NUDT19,0
BMI1,CD9,0
CBX7,TXNRD2,0
RPA2,HACD4,0
NFAT5,PPM1H,0
NR4A1,CYB5R1,0
EBF1,WARS,0
RPA1,DDHD2,0
NR4A1,TBC1D15,0
IRF1,SPTLC1,0
FOS,CAMK1,0
RAD51,DHX33,0
EBF1,TMEM164,0
IRF1,ASF1B,0
FOXO1,MAPK12,0
MEIS1,FADS1,0
RAD51,EYA2,0
FOS,BUB3,0
RAD51,SHCBP1,0
GATA2,HNF4A,0
MEIS1,CDK1,0
NR4A1,SLC43A1,0
GFI1B,PUS7,0
SATB1,LY6A,0
IRF8,CSAD,0
NOTCH1,CES2G,0
BMI1,TMX3,0
RPA1,IL15,0
ELF4,EPS15,0
KDM6A,H1F0,0
KDM6A,RAI14,0
MEF2C,SNAPC3,0
CBX7,GLIS2,0
KDM6A,G6PDX,0
NFAT5,FLOT2,0
MEF2C,2610301B20RIK,0
BMI1,RNASEL,0
RPA1,TMEM173,0
IRF1,NECAP2,0
RPA1,TRIM47,0
IRF1,XPNPEP1,0
RPA2,RNF4,0
NOTCH1,MFNG,0
BMI1,ICE1,0
RPA2,FADS1,0
GFI1B,MYH10,0
MEF2C,PLD3,0
KDM6A,FOXO1,0
IRF8,AFG3L2,0
GFI1B,ZFP24,0
RPA1,SAMD14,0
SATB1,SERPINF1,0
IRF8,MTREX,0
NOTCH1,UMPS,0
RAD51,GBP2,0
EBF1,KLHL6,0
RAD51,ALDH9A1,0
WDR5,HDAC11,0
RPA2,ZFP451,0
GATA2,SASH3,0
NR4A1,TMEM176B,0
IRF8,FAM136A,0
ELF4,PRDM5,0
BMI1,MYNN,0
GFI1,TSPO2,0
ELF4,UGCG,0
IRF8,MAP4K2,0
GFI1B,BID,0
ELF4,ISG20,0
RAD51,KLF1,0
IKZF1,SLC25A21,0
GFI1,HDAC7,0
GATA2,CERS5,0
KDM6A,ZFP36,0
CBX7,RABIF,0
BMI1,APEH,0
EBF1,SLC29A1,0
FOXO1,NR3C2,0
RAD51,ATAD2,0
IRF1,PADI4,0
RPA2,LMBRD1,0
GFI1B,AQP1,0
IRF1,KRT18,0
BMI1,LONP1,0
ELF4,ZFP30,0
EBF1,GFM1,0
SATB1,MYH10,0
ETS1,PDZK1IP1,0
BMI1,ZBTB43,0
IRF8,TTF1,0
EBF1,COPG1,0
IRF8,CD63,0
RPA2,PGR,0
IRF1,NDE1,0
FOXO1,XRCC3,0
EBF1,RARS,0
CBX7,CRBN,0
ELF4,SVIP,0
ELF4,CBX7,0
GFI1B,MAPK1,0
RAD51,COL5A1,0
RPA1,DUSP2,0
NFAT5,NPLOC4,0
RPA2,HMGB2,0
IRF8,TAPT1,0
GFI1,IFI30,0
MEF2C,ATAD2,0
EBF1,PDCL,0
GFI1B,JARID2,0
HCFC1,PBX1,0
ELF4,DCK,0
GFI1B,PGR,0
IRF1,SLC40A1,0
IRF8,GOLPH3,0
RPA1,SERPINA3G,0
RAD51,HNF4A,0
NR4A1,ABCB10,0
FOXO1,VPS26C,0
KDM6A,ST8SIA4,0
IKZF1,GSTM5,0
RPA2,HSPA4L,0
RPA2,VDR,0
RAD51,TOX4,0
RPA1,NUPR1,0
CBX7,CASP4,0
FOXO1,MT2,0
RPA1,SP4,0
FOS,SETD2,0
EBF1,DDX58,0
RAD21,PLAC8,0
RAD51,LIMD2,0
NOTCH1,TSPO2,0
FOXO1,UBE2C,0
IRF8,SPC24,0
FOS,PPIC,0
IRF8,FKBP1A,0
RAD51,ILVBL,0
NOTCH1,SGTA,0
HCFC1,LY6A,0
IRF8,NASP,0
NFAT5,TRIM30A,0
NFAT5,CYTIP,0
ELF4,HDAC7,0
NFAT5,EPAS1,0
NFAT5,JPT2,0
IRF1,MAN2A2,0
FOXO1,ATP6AP2,0
BMI1,SUN1,0
IRF1,GMFB,0
EBF1,PLXNC1,0
RPA1,GYPC,0
RAD51,HNRNPLL,0
NOTCH1,ANK,0
RPA2,ANKFY1,0
RAD21,HOXA9,0
MEF2C,GMPR,0
NFAT5,CHMP7,0
RPA2,ADAMTS10,0
RPA2,INCENP,0
RPA1,PLCB2,0
BMI1,FECH,0
RAD51,EIF4ENIF1,0
RAD51,OPTN,0
IRF8,GMNN,0
NOTCH1,LTB,0
CBX7,SPRYD4,0
RAD51,RHD,0
KDM6A,MYL10,0
RAD51,COA5,0
ELF4,PAK1,0
GATA2,CKS1B,0
RPA2,DUSP1,0
NR4A1,WDR6,0
NOTCH1,SQOR,0
RAD51,TFG,0
IRF1,BUB1,0
ESR1,ARID3B,0
IRF8,UBE2C,0
CBFB,TGM2,0
CBX7,PPP2R1B,0
NR4A1,SMIM5,0
IRF8,CSGALNACT2,0
BMI1,TRIM59,0
MEIS1,GLIS2,0
HCFC1,NFIA,0
WDR5,PUS7,0
IRF8,ADD2,0
RPA2,MRM1,0
GFI1,NCOA6,0
EBF1,FEM1A,0
RPA2,EXT2,0
RAD51,JAK3,0
SATB1,PLAG1,0
ELF4,SLC16A1,0
ETS1,CD63,0
RPA2,CCDC137,0
MEF2C,PRMT7,0
IRF1,CDC6,0
GATA2,LTB,0
FOXO1,HPCAL1,0
RPA2,UBE2G2,0
RAD51,EPOR,0
BMI1,TNFAIP8,0
EBF1,GTF2H1,0
NFAT5,FES,0
NFAT5,D1ERTD622E,0
RPA1,TM7SF3,0
IRF1,SLA2,0
RAD51,IL21R,0
BMI1,DRAM2,0
GFI1B,AURKB,0
FOXO1,TMEM68,0
CBX7,L2HGDH,0
NFAT5,MTO1,0
NOTCH1,MAP4K2,0
MEF2C,ODC1,0
EBF1,ITFG1,0
MEF2C,D10WSU102E,0
STAT3,MECOM,0
CBX7,PHB2,0
NFAT5,CAST,0
ELF4,RAB37,0
RAD51,LEPROT,0
RPA1,FTSJ1,0
CBX7,POLE3,0
MEF2C,IFRD2,0
ELF4,EPDR1,0
NFAT5,CBFB,0
CBX7,TGM2,0
RAD51,FGFR1OP,0
IRF1,ZDHHC6,0
RAD51,EBF1,0
EBF1,THUMPD3,0
EBF1,CTNNA1,0
FOS,CD48,0
IKZF1,AFAP1L1,0
EBF1,HIST1H1C,0
MEF2C,SPTLC1,0
MEF2C,CTLA2B,0
IRF8,PSTPIP1,0
GATA2,LPCAT1,0
RPA2,MTHFD1,0
RPA2,CYTIP,0
EBF1,PCLAF,0
GFI1B,ANXA6,0
RAD51,GYPC,0
NFAT5,GFI1B,0
FOXO1,WDR45B,0
NR4A1,INTS8,0
MEF2C,XRCC5,0
MEF2C,RNASE6,0
GFI1,LYZ2,0
MEF2C,RAB37,0
IRF1,SPC25,0
BMI1,TM7SF3,0
RPA2,NARF,0
EBF1,ENPP4,0
ELF4,HPCAL1,0
EBF1,KPNA3,0
BMI1,RNF19A,0
RAD51,ZFP655,0
NFAT5,CD1D1,0
FOXO1,RASSF5,0
NR4A1,NOTCH1,0
MEF2C,PSEN1,0
KDM6A,SCFD1,0
GFI1B,TLK1,0
IRF1,TMEM68,0
EBF1,BAG2,0
EBF1,VPS35,0
NFAT5,EMILIN2,0
CBFB,F11R,0
RAD51,SLC20A1,0
NR4A1,ZFP961,0
BMI1,DCTD,0
IRF1,TFR2,0
BMI1,EMILIN2,0
IRF8,FBXO5,0
SATB1,SLC11A2,0
EBF1,GNPDA1,0
MEF2C,FTSJ3,0
NR4A1,PCP4L1,0
RPA1,KLHL22,0
NFAT5,NDE1,0
BMI1,ZFP639,0
IRF8,SLC43A1,0
CBX7,ISG20,0
RPA2,ZKSCAN6,0
NR4A1,MTHFD1,0
GFI1B,PTDSS1,0
RPA1,GNA13,0
ELF4,OPTN,0
GFI1B,PBX1,0
KDM6A,ZFP30,0
RPA2,RNASE6,0
RAD51,BMI1,0
RPA2,MTMR6,0
ELF4,SQOR,0
CBX7,CD84,0
RAD51,METAP1,0
NFAT5,TUBGCP5,0
MEIS1,IKZF2,0
MEF2C,XPR1,0
FOXO1,GSR,0
IRF8,PCCA,0
RPA2,NUF2,0
SATB1,FUCA2,0
RAD51,GMCL1,0
NR4A1,MCM4,0
ELF4,CD74,0
MEF2C,TIMM50,0
IRF1,PSEN2,0
CBX7,SLC39A9,0
NOTCH1,LIMD2,0
MEF2C,NET1,0
IRF1,ST8SIA4,0
STAT3,METTL27,0
GFI1B,ANXA4,0
GATA2,LRRC14,0
MEF2C,SEC23IP,0
RAD51,NUDT9,0
SATB1,NDN,0
GATA2,HEBP1,0
EBF1,PADI4,0
NOTCH1,PDE4B,0
MEIS1,EYA1,0
RAD51,CARHSP1,0
ELF4,SATB1,0
NFAT5,COPB1,0
MEF2C,ABCB10,0
RPA1,RUNX2,0
IRF8,POLR2B,0
MEF2C,RPAP1,0
KDM6A,ST3GAL6,0
RPA2,UBAC1,0
IRF1,CBX7,0
EBF1,TARS,0
BMI1,TAF1,0
RPA1,NUP107,0
IRF1,ZBTB10,0
FOXO1,FEM1B,0
GFI1B,GNPDA1,0
NR4A1,MFSD2B,0
RAD21,TAF1,0
CBX7,IL21R,0
NFAT5,GRAMD1A,0
NOTCH1,ANXA1,0
FOS,WDR73,0
BMI1,NAA50,0
FOXO1,HNRNPLL,0
GFI1B,RNASEL,0
NFAT5,NUSAP1,0
SATB1,PTGS1,0
RPA1,MTHFD1,0
NFAT5,TNFAIP2,0
NR4A1,PRC1,0
KDM6A,GATA1,0
CBX7,MNS1,0
IRF8,RAD51,0
MEIS1,E2F6,0
WDR5,ANXA4,0
NFAT5,CHMP3,0
EBF1,BCAP29,0
BMI1,TEAD3,0
RAD51,IFI30,0
SATB1,SOX6,0
RAD51,PAFAH1B2,0
MEF2C,MARCH5,0
CBX7,EDC3,0
BMI1,SLC6A6,0
RAD51,CCNB2,0
FOXO1,RUNX2,0
GFI1B,SAMD14,0
CBX7,UBXN2B,0
FOS,PIK3C3,0
RPA1,TMEM68,0
RAD51,TMEM176B,0
KDM6A,BC005561,0
RAD21,THUMPD1,0
CBX7,CDK1,0
BMI1,AFF4,0
NOTCH1,POLA2,0
MEF2C,KPNA3,0
RPA2,HCFC1,0
NFAT5,MFSD1,0
EBF1,WDR36,0
GFI1B,ATP6V1A,0
NFAT5,INKA1,0
KDM6A,BATF2,0
RPA2,REL,0
RPA1,NET1,0
KDM6A,ARHGEF6,0
BMI1,MEIS1,0
FOXO1,MXD3,0
NR4A1,DEK,0
RAD51,RHAG,0
NOTCH1,EGR1,0
FOXO1,WDR4,0
SPI1,NCOA6,0
CBX7,CTLA2A,0
MEF2C,CDC20,0
FOS,ABCG2,0
WDR5,NFIA,0
IRF1,FARSB,0
BMI1,HMBS,0
IRF1,FTSJ1,0
MEIS1,RHAG,0
MEF2C,EDC3,0
CBX7,MFSD2B,0
BMI1,POGLUT1,0
KDM6A,PPARGC1A,0
RAD51,TMEM263,0
IKZF1,EMILIN2,0
IRF8,FAM91A1,0
IRF1,IFI30,0
EBF1,SLC22A3,0
IRF8,L2HGDH,0
FOXO1,IFI203,0
EBF1,PLAG1,0
RPA2,FAM136A,0
MEF2C,NDUFV1,0
NFAT5,ZMYM3,0
ESR1,CAR1,0
BMI1,TOP2A,0
IRF8,HMBS,0
RAD51,AHR,0
FOXO1,FARSB,0
NFAT5,GUSB,0
FOXO1,HACD4,0
NFAT5,EYA2,0
ESR1,ARHGAP4,0
NOTCH1,ALDH9A1,0
RPA1,CD55,0
ELF4,RABGGTB,0
NFAT5,ZFP930,0
RPA2,EPOR,0
RPA1,ESR1,0
RPA1,ALDH18A1,0
MEF2C,YBX3,0
IRF8,MAPK1,0
NR4A1,ZSCAN21,0
FOS,MTO1,0
FOXO1,ZFP961,0
FOXO1,LY6A,0
SATB1,TBC1D2B,0
MEF2C,WDR4,0
RPA1,UBE2C,0
MEF2C,MORC3,0
HDAC2,HOXA9,0
ELF4,SDSL,0
RAD51,CTLA2B,0
RPA1,GTF2F1,0
RPA1,FARSB,0
RAD51,ELL2,0
FOXO1,PSMD5,0
FOS,UBR7,0
CBX7,FBXO5,0
SATB1,DECR1,0
ESR1,TBXAS1,0
NR4A1,HDAC2,0
IRF8,WDHD1,0
RAD51,DOK2,0
RPA1,NT5DC1,0
FOS,TENT5A,0
MEF2C,AP3S1,0
GATA2,SMAD2,0
BMI1,GTF2H1,0
KDM6A,SLC43A3,0
RAD51,LMNA,0
CBX7,ABCG2,0
IRF8,PPARGC1A,0
RPA1,PRDM16,0
ETS1,MPL,0
NFAT5,ACSS1,0
NOTCH1,PLPPR3,0
FOXO1,ALDH18A1,0
RPA1,CREB5,0
RPA1,ATP13A1,0
GFI1B,SPTBN1,0
