TF,Target,label
AATF,CDKN1A,1
AATF,TRP53,1
APBB1,NOTCH1,1
APEX1,RELA,1
ARL6IP5,PARP1,1
ARNTL,CTNNB1,1
ARNTL,NFE2L2,1
ARNTL,PER1,1
ASH1L,TGFB1,1
ATF1,HSPA5,1
ATF2,CCND1,1
ATF2,PER1,1
ATF2,RELA,1
ATF3,CCND1,1
ATF4,CDKN1A,1
ATF4,HSPA5,1
ATF4,MCM7,1
ATF4,TRIB3,1
ATF6,HSPA5,1
ATM,CDKN1A,1
ATM,TRP53,1
BACH2,PRDM1,1
BCL3,CCND1,1
BCL3,CTSL,1
BCL3,NFKB2,1
BCL3,RUNX1,1
BCL3,TNFAIP3,1
BMI1,CDKN1A,1
BMI1,DKK1,1
BMI1,HMGA2,1
BMI1,NANOG,1
BMP6,MYCN,1
BRCA1,AKT1,1
BRCA1,CDKN1A,1
BRCA1,HMGA2,1
BRCA1,MDM2,1
BRCA1,RAD51,1
BRCA1,SIRT1,1
BRCA2,CDKN1A,1
CBX6,CCNE1,1
CHD4,ID2,1
CHD4,JUN,1
CHD7,MYCN,1
CHD7,SOX4,1
CITED2,LDHB,1
CITED2,SMAD3,1
CNOT3,MYC,1
CREB3,HERPUD1,1
CTCF,IGF2,1
CTCF,PAX6,1
CTNNB1,BMP4,1
CTNNB1,CCND1,1
CTNNB1,CCNE1,1
CTNNB1,CDH1,1
CTNNB1,E2F1,1
CTNNB1,FOXA2,1
CTNNB1,GJA1,1
CTNNB1,GLUL,1
CTNNB1,MITF,1
CTNNB1,MYC,1
CTNNB1,MYCN,1
CTNNB1,NANOG,1
CTNNB1,NR0B1,1
CTNNB1,OTX2,1
CTNNB1,PDGFRA,1
CTNNB1,PITX2,1
CTNNB1,PML,1
CTNNB1,TBX3,1
CTNNB1,TCF4,1
CTNNB1,TWIST1,1
CTNNB1,VEGFA,1
CUX1,CDKN1A,1
CUX1,MYC,1
DAXX,TRP53,1
DDX5,IGF2,1
DMRT1,SOX2,1
DNMT1,CDKN1A,1
DNMT1,MT1,1
DNMT1,TRP53,1
DNMT3A,MDM2,1
DNMT3A,MT1,1
DNMT3A,NANOG,1
DNMT3A,POU5F1,1
DNMT3A,RB1,1
DTX1,SMARCC1,1
E2F1,APAF1,1
E2F1,ATM,1
E2F1,BIN1,1
E2F1,BMI1,1
E2F1,CCND1,1
E2F1,CDKN1A,1
E2F1,DDB2,1
E2F1,DNMT1,1
E2F1,EGR1,1
E2F1,HMGA1,1
E2F1,MYCN,1
E2F1,NFE2L2,1
E2F1,PCNA,1
E2F1,PDGFRA,1
E2F1,PURA,1
E2F1,RB1,1
E2F1,TRP53,1
E2F1,VEGFA,1
E2F2,MCM5,1
E2F4,BRCA1,1
E2F4,E2F2,1
E2F4,MYBL2,1
E2F4,MYCN,1
E2F4,RAD51,1
E2F4,RB1,1
E2F4,STMN1,1
EBF1,ZFP423,1
EGR1,BNIP3,1
EGR1,CCND1,1
EGR1,CCND2,1
EGR1,F3,1
EGR1,GNRH1,1
EGR1,ICAM1,1
EGR1,ID3,1
EGR1,JUN,1
EGR1,JUND,1
EGR1,MAPK8,1
EGR1,NDRG1,1
EGR1,NR4A1,1
EGR1,SMAD7,1
EGR1,TRP53,1
EHMT2,CCND1,1
EHMT2,CDKN1A,1
EHMT2,POU5F1,1
ELF1,RHOX5,1
ELF3,TGFB1,1
ELF4,MSX2,1
ELF4,TRP53,1
ELK1,EGR1,1
ELL3,TRP53,1
ELL3,ZEB1,1
ELL3,ZEB2,1
ELP2,POU5F1,1
EMX2,PAX6,1
EOMES,EBF1,1
EOMES,SOX2,1
EP300,CCNB2,1
EP300,CCND1,1
EP300,CDKN1A,1
EP300,CRYAB,1
EP300,DNMT1,1
EP300,FN1,1
EP300,GATA4,1
EP300,IRF2,1
EP300,MEF2C,1
EP300,MT1,1
EP300,NPAS2,1
EP300,POU5F1,1
EP300,SMAD3,1
EP300,SPP1,1
EP300,STAT5A,1
EP300,TXNIP,1
EPAS1,CITED2,1
EPAS1,POU5F1,1
ESRRA,ACADM,1
ESRRA,NRIP1,1
ESRRA,SPP1,1
ESRRA,TRP53,1
ESRRB,NANOG,1
ESRRB,NR0B1,1
ETS1,BMP4,1
ETS1,EBF1,1
ETS1,EGR1,1
ETS1,KRT8,1
ETS1,NR2F2,1
ETS1,PRDM1,1
ETS1,RUNX3,1
ETS1,SPP1,1
ETS1,THBD,1
ETS1,VEGFA,1
ETS1,ZEB1,1
ETV1,EBF1,1
ETV1,FGF10,1
ETV4,CCND2,1
ETV4,DUSP6,1
ETV4,TWIST1,1
ETV4,VIM,1
EWSR1,FGF10,1
EWSR1,UPP1,1
EZH2,DKK1,1
EZH2,HEY2,1
EZH2,NANOG,1
EZH2,TRP53,1
FOSL2,TGFB1,1
FOXA2,GLI2,1
FOXA2,IL33,1
FOXA2,OTX2,1
FOXA2,SOX17,1
FOXA2,SOX2,1
FOXH1,MEF2C,1
FOXH1,SMAD2,1
FOXJ3,MEF2C,1
FOXO1,AKT1,1
FOXO1,ALPL,1
FOXO1,CCND1,1
FOXO1,CCND2,1
FOXO1,CDKN1A,1
FOXO1,EGR1,1
FOXO1,FOXA2,1
FOXO1,KLF2,1
FOXO1,PIK3R1,1
FOXO1,SREBF1,1
FOXO1,TRIB3,1
FOXO3,CCND1,1
FOXO3,CCND2,1
FOXO3,SIRT1,1
FOXP1,FGF3,1
FOXQ1,CDH1,1
FUS,MDM2,1
GATA3,FGF10,1
GATA3,MYCN,1
GATA3,RUNX3,1
GATA4,BMP4,1
GATA4,CCND2,1
GATA4,DMRT1,1
GATA4,HEXIM1,1
GATA4,HSPA5,1
GATA4,ID2,1
GATA4,MEF2C,1
GBX2,OTX2,1
GLI1,CDH1,1
GLI1,PDGFRA,1
GLI1,RUNX3,1
GLI2,GLI1,1
GLI2,HES1,1
GTF2I,AKAP12,1
GTF2I,CCND1,1
GTF2I,CSRP2,1
GTF2I,HSPA5,1
GTF2I,NSD1,1
GTF2I,SEC23A,1
HCFC1,RB1,1
HDAC1,AKAP12,1
HDAC1,CDKN1A,1
HDAC1,JUN,1
HDAC1,NFKBIA,1
HDAC1,NFYA,1
HDAC1,RHOX5,1
HDAC1,SP1,1
HDAC1,SPP1,1
HDAC2,CCNE1,1
HDAC2,CDKN1A,1
HDAC2,NFKBIA,1
HDAC2,SMARCA4,1
HDAC3,JUN,1
HDAC3,NFKBIA,1
HDGF,VEGFA,1
HES6,HES1,1
HEXIM1,CCND1,1
HEXIM1,VEGFA,1
HEY2,GATA4,1
HEY2,GATA6,1
HIF1A,BSG,1
HIF1A,CITED2,1
HIF1A,HEY2,1
HIF1A,MDK,1
HIF1A,MT1,1
HIF1A,SNAI1,1
HIF1A,VEGFA,1
HMGA1,BRCA1,1
HMGA2,CDH1,1
HMGA2,SNAI1,1
HMGA2,TWIST1,1
HNF4A,FOXA2,1
HNF4A,HMGA2,1
HNRNPD,CRY1,1
HOXD13,BMP4,1
HSPB1,CDKN1A,1
ID2,ALPL,1
ID3,ALPL,1
ID3,NOTCH1,1
ID3,SMARCC1,1
IKBKB,NFKBIA,1
IKBKB,TRP53,1
ILF3,CCNE1,1
IRF1,CDKN1A,1
IRF1,MYD88,1
IRF1,UPP1,1
IRF3,PURA,1
IRF3,SOCS2,1
IRF4,PRDM1,1
IRF4,RUNX3,1
IRF4,ZBTB20,1
JARID2,CCND1,1
JARID2,NOTCH1,1
JDP2,ATF3,1
JDP2,TRP53,1
JUN,ASAH1,1
JUN,BCL3,1
JUN,CCND1,1
JUN,CCND2,1
JUN,CCND3,1
JUN,GNRH1,1
JUN,ICAM1,1
JUN,JDP2,1
JUN,KRT18,1
JUN,MAPK8,1
JUN,NACC1,1
JUN,NFE2L2,1
JUN,NR3C1,1
JUN,ODC1,1
JUN,PDK1,1
JUN,PLAUR,1
JUN,PRDM1,1
JUN,SIRT1,1
JUN,SMURF1,1
JUN,SPP1,1
JUN,TGFB1,1
JUN,TGM1,1
JUN,TRP53,1
JUN,TWIST1,1
JUND,JUN,1
KAT2B,GATA4,1
KAT2B,MEF2C,1
KEAP1,NFE2L2,1
KLF10,ARNTL,1
KLF10,MYCN,1
KLF10,SMAD2,1
KLF15,MCM2,1
KLF2,THBD,1
KLF3,KLF8,1
KLF4,CCND2,1
KLF4,CDH1,1
KLF4,LEFTY1,1
KLF4,NANOG,1
KLF4,RLIM,1
KLF6,ASAH1,1
KLF6,CDKN1A,1
KLF6,SERPINH1,1
KPNA2,KLF2,1
KPNA2,KLF4,1
LDB1,FGF10,1
LDB1,RUNX1,1
MAFK,NRF1,1
MDM2,TRP53,1
MEF2A,NRF1,1
MEF2C,CALR,1
MEF2C,HDAC4,1
MEF2C,JUN,1
MEF2C,SOCS2,1
MEF2D,ATM,1
MEIS1,KRT19,1
MEIS1,PAX6,1
MEN1,EZH2,1
MEN1,GBX2,1
MEN1,GLI1,1
MEN1,JUND,1
MITF,CDKN1A,1
MITF,IRF4,1
MITF,PAX6,1
MITF,PIK3R1,1
MLXIPL,TXNIP,1
MSC,GATA4,1
MSX2,ALPL,1
MSX2,DKK1,1
MSX2,ETS1,1
MSX2,SRF,1
MYBL2,POU5F1,1
MYBL2,RFX2,1
MYC,BCAT1,1
MYC,CCNB1,1
MYC,CCND2,1
MYC,CDCA7,1
MYC,CDH1,1
MYC,CDKN1A,1
MYC,DKK1,1
MYC,EED,1
MYC,EZH2,1
MYC,HDAC2,1
MYC,NDRG1,1
MYC,NFIA,1
MYC,NOP56,1
MYC,ODC1,1
MYC,SNAI1,1
MYC,SUZ12,1
MYC,TIMP3,1
MYC,TRP53,1
MYC,TRRAP,1
MYCN,HDAC2,1
MYCN,IGFBP2,1
MYCN,NDRG1,1
MYCN,OTX2,1
MYCN,SMAD4,1
NANOG,BMI1,1
NANOG,DKK1,1
NANOG,ESRRB,1
NANOG,GATA6,1
NANOG,MIR295,1
NANOG,NR0B1,1
NANOG,SNAI1,1
NANOG,ZFP42,1
NANOG,ZFP57,1
NCOA3,KLF4,1
NCOA3,NANOG,1
NCOA3,NFKBIA,1
NCOA3,NPAS2,1
NCOA3,NR0B1,1
NCOA3,TBX3,1
NCOR1,HDAC3,1
NCOR1,HES1,1
NCOR1,MYBL2,1
NCOR1,NFKBIA,1
NDN,MYC,1
NFE2L2,AKR1B3,1
NFE2L2,CALCOCO2,1
NFE2L2,KEAP1,1
NFE2L2,MCM7,1
NFE2L2,MDM2,1
NFE2L2,MT1,1
NFE2L2,NFATC1,1
NFE2L2,PRDX1,1
NFE2L2,SQSTM1,1
NFE2L2,TGFB1,1
NFE2L2,TXNIP,1
NFIC,KLF4,1
NFIC,MT1,1
NFIC,PDGFA,1
NFIC,PDGFRA,1
NFIL3,BMP4,1
NFIL3,EOMES,1
NFIL3,ID2,1
NFKB2,CCND1,1
NFKB2,HES1,1
NFKB2,HIF1A,1
NFKB2,MYC,1
NFKB2,SND1,1
NFYA,ARNTL,1
NFYA,CCND2,1
NFYA,E2F1,1
NFYA,HSPA5,1
NFYA,HSPB1,1
NFYA,SREBF1,1
NFYA,TRP53,1
NFYB,CCND2,1
NFYB,SREBF1,1
NOTCH1,CCND1,1
NOTCH1,CCNE1,1
NOTCH1,CDKN1A,1
NOTCH1,CTNNB1,1
NOTCH1,DTX1,1
NOTCH1,HEY2,1
NOTCH1,RBPJ,1
NOTCH1,SMARCC1,1
NOTCH2,HES1,1
NOTCH4,HES1,1
NR0B1,HNF4A,1
NR0B1,POU5F1,1
NR0B1,SREBF1,1
NR1D1,ARNTL,1
NR1D1,GJA1,1
NR1D1,NFIL3,1
NR1D2,GJA1,1
NR1H2,CSRP1,1
NR2F2,DR1,1
NR2F2,POU5F1,1
NR2F2,VEGFA,1
NR3C1,BRCA1,1
NR3C1,CCND3,1
NR3C1,HES1,1
NR3C1,NFKBIA,1
NR3C1,NR0B1,1
NR5A2,CCND1,1
NR5A2,CCNE1,1
NR5A2,NANOG,1
NR5A2,NR0B1,1
NR5A2,POU5F1,1
NRF1,ATP1B1,1
NRF1,GRIN1,1
NRF1,MT1,1
NRF1,NR3C1,1
NRIP1,POU5F1,1
NUPR1,EP300,1
OTX2,GNRH1,1
PARP1,E2F1,1
PARP1,FN1,1
PARP1,RELA,1
PAX1,PDGFRA,1
PAX6,CRYAB,1
PAX6,SHROOM3,1
PAX6,SOX2,1
PAX6,SP8,1
PAX6,TCF4,1
PAX6,TRP53,1
PAX8,TRP53,1
PCBP2,TRP53,1
PELP1,JUN,1
PELP1,NR3C1,1
PELP1,NR4A1,1
PELP1,SRF,1
PER1,ARNTL,1
PER1,EGR1,1
PIAS2,NR3C1,1
PIAS3,MITF,1
PITX1,BARX1,1
PITX2,BMP4,1
PITX2,GATA4,1
PITX2,MEF2C,1
PITX2,PLOD1,1
PLAG1,EGR1,1
PLAG1,IGF2,1
PLAG1,TRP53,1
PLAGL2,IGF2,1
PML,MDM2,1
POU2F1,GNRH1,1
POU2F1,IRF3,1
POU4F1,CDKN1A,1
POU4F1,POU4F2,1
POU4F1,RUNX3,1
POU4F2,EOMES,1
POU5F1,CDKN1A,1
POU5F1,EED,1
POU5F1,FGF4,1
POU5F1,GATA6,1
POU5F1,KLF2,1
POU5F1,LEFTY1,1
POU5F1,NANOG,1
POU5F1,NR0B1,1
POU5F1,RIF1,1
POU5F1,SOX2,1
POU5F1,TET2,1
POU5F1,UTF1,1
POU5F1,ZFP42,1
PRDM1,ID3,1
PRDM1,XBP1,1
PROX1,CCNE1,1
PROX1,ESRRA,1
PROX1,NOTCH1,1
PROX1,PDPN,1
PROX1,TWIST1,1
PRRX2,SERPINE2,1
PURA,E2F1,1
RARA,LAMB1,1
RARA,PITX2,1
RARA,POU5F1,1
RARG,CYP26A1,1
RARG,PITX2,1
RB1,ATF2,1
RB1,BIN1,1
RB1,TDGF1,1
RB1,CCND1,1
RB1,CDKN1A,1
RB1,DNMT1,1
RB1,E2F1,1
RB1,ELF1,1
RB1,IGF2,1
RB1,JUN,1
RB1,MYBL2,1
RB1,SP1,1
RBL1,ALPL,1
RBL1,HES1,1
RBL1,MYBL2,1
RBL1,MYC,1
RBL1,MYCN,1
RBMX,JUND,1
RBPJ,CDKN1A,1
RBPJ,HES1,1
RBPJ,NFATC1,1
RBPJ,PRDM1,1
RBPJ,RLIM,1
RELA,AKT1,1
RELA,APOE,1
RELA,CCND1,1
RELA,CSF1,1
RELA,DNMT1,1
RELA,EPAS1,1
RELA,FN1,1
RELA,GLI1,1
RELA,HES1,1
RELA,ICAM1,1
RELA,IRF4,1
RELA,MYC,1
RELA,NRF1,1
RELA,PSME2,1
RELA,SERPINE2,1
RELA,TNFAIP3,1
RELA,TRP53,1
RELA,TWIST1,1
RELA,UPP1,1
RNF2,SOX2,1
RNF2,ZFP42,1
SALL4,POU5F1,1
SATB1,NANOG,1
SIN3A,REST,1
SIN3A,SMARCA4,1
SIN3B,BMI1,1
SIRT1,BCLAF1,1
SIRT1,DKK1,1
SIRT1,HES1,1
SIRT1,PARP1,1
SIRT1,RELA,1
SIRT1,SMAD3,1
SIRT1,SREBF1,1
SIRT1,TRP53,1
SIX1,CCND1,1
SIX1,DUSP6,1
SIX1,SALL1,1
SKIL,TRP53,1
SMAD2,CDKN1A,1
SMAD2,HES1,1
SMAD2,NANOG,1
SMAD2,SKIL,1
SMAD3,CDH1,1
SMAD3,FN1,1
SMAD3,JUN,1
SMAD3,MYC,1
SMAD3,RIF1,1
SMAD3,SIRT1,1
SMAD3,SMAD7,1
SMAD3,SNAI1,1
SMAD3,VEGFA,1
SMAD4,CDH1,1
SMAD4,CDKN1A,1
SMAD4,ID2,1
SMAD4,ID3,1
SMAD4,JUN,1
SMAD4,SKIL,1
SMAD4,SMAD7,1
SMAD4,SNAI1,1
SMAD4,TGFB1,1
SMAD4,VEGFA,1
SMAD7,NFKBIA,1
SMAD7,SMAD3,1
SMAD7,TGFB1,1
SMAD7,VEGFA,1
SMARCA2,CALM1,1
SMARCA2,CDH1,1
SMARCA4,CALM1,1
SMARCA4,CDH1,1
SMARCA4,CDKN1A,1
SMARCA4,MITF,1
SMARCA4,NANOG,1
SMARCA4,NFKBIA,1
SMARCA4,POU5F1,1
SMARCA4,REST,1
SMARCA4,SALL4,1
SMARCA4,SOX2,1
SMARCA4,SPARC,1
SMARCA5,DIDO1,1
SMARCC1,NANOG,1
SMARCD1,ARNTL,1
SNAI1,CDH1,1
SNAI1,CTNNB1,1
SNAI1,FN1,1
SNAI1,HNF4A,1
SNAI1,KIT,1
SNAI1,MIR295,1
SNAI1,NANOG,1
SNAI1,NR5A2,1
SNAI1,PHGDH,1
SNAI1,TCL1,1
SNAI1,TFCP2L1,1
SNAI1,THBD,1
SNAI1,TRP53,1
SND1,E2F1,1
SOX17,CCND1,1
SOX17,CTNNB1,1
SOX17,FOXA2,1
SOX17,LAMA1,1
SOX2,CCND1,1
SOX2,FGF4,1
SOX2,LEFTY1,1
SOX2,MYCN,1
SOX2,NANOG,1
SOX2,POU5F1,1
SOX2,UTF1,1
SOX2,ZSCAN10,1
SOX4,CALD1,1
SOX4,CTNNB1,1
SOX4,EZH2,1
SOX4,TCF4,1
SOX7,FGF3,1
SOX7,LAMA1,1
SOX7,SOX4,1
SP1,APLP1,1
SP1,APOE,1
SP1,APP,1
SP1,ARNTL,1
SP1,ASAH1,1
SP1,BMP4,1
SP1,BSG,1
SP1,CCND1,1
SP1,CCND2,1
SP1,CCND3,1
SP1,CDKN1A,1
SP1,CSF1,1
SP1,CSRP2,1
SP1,DNMT1,1
SP1,EGR1,1
SP1,EPAS1,1
SP1,ESRRA,1
SP1,ETS1,1
SP1,GFPT2,1
SP1,GHR,1
SP1,HDAC7,1
SP1,HMGA1,1
SP1,HMGA2,1
SP1,ICAM1,1
SP1,ITGA6,1
SP1,JUN,1
SP1,JUND,1
SP1,KIT,1
SP1,LAMA1,1
SP1,ME1,1
SP1,MYC,1
SP1,NANOG,1
SP1,NDRG1,1
SP1,NFATC1,1
SP1,NOTCH1,1
SP1,NR1H2,1
SP1,PARP1,1
SP1,PHGDH,1
SP1,PLAUR,1
SP1,POU5F1,1
SP1,REST,1
SP1,RHOX5,1
SP1,SIRT1,1
SP1,SKIL,1
SP1,SLC25A4,1
SP1,SLC7A5,1
SP1,SMAD7,1
SP1,SMARCC1,1
SP1,SPARC,1
SP1,SREBF1,1
SP1,TFAP2C,1
SP1,TGM1,1
SP1,TIMP3,1
SP1,TNFAIP3,1
SP1,VEGFA,1
SP8,FGF10,1
SREBF1,CDKN1A,1
SRF,EGR1,1
SRF,HMGXB4,1
SRF,KLF3,1
SRF,TGFB1I1,1
SRRT,SOX2,1
SSB,LAMB1,1
STAT4,IRF4,1
STAT5A,GRB10,1
STAT5A,NR3C1,1
STAT5A,PSAP,1
STAT5A,SOCS2,1
STAT5B,CCND2,1
SUZ12,CDH1,1
SUZ12,DKK1,1
TAF9,TRP53,1
TBX3,CDKN1A,1
TBX3,GJA1,1
TBX3,HNF1B,1
TCF12,ID2,1
TCF12,SMARCC1,1
TCF4,NOTUM,1
TCF4,CDH1,1
TCF4,FN1,1
TCF4,HMGA1,1
TCF4,ID2,1
TCF4,ID3,1
TCF4,MITF,1
TCF4,MYC,1
TCF4,PLAUR,1
TEAD4,FGFR4,1
TFAP2C,CDKN1A,1
TFAP2C,DMRT1,1
TFAP2C,FGF4,1
TFAP2C,KIT,1
TFAP2C,KLF4,1
TFE3,TXNIP,1
TGFB1,KLF6,1
TGFB1,MYCN,1
TGFB1I1,TGFB1,1
TRIM28,MYC,1
TRP53,APAF1,1
TRP53,ATF3,1
TRP53,BTG2,1
TRP53,CCNB1,1
TRP53,CCNB2,1
TRP53,CDKN1A,1
TRP53,E2F1,1
TRP53,EGR1,1
TRP53,ELF4,1
TRP53,FOXO3,1
TRP53,GLIPR1,1
TRP53,HDGF,1
TRP53,ID2,1
TRP53,KLF2,1
TRP53,KRT19,1
TRP53,MCM7,1
TRP53,MDM2,1
TRP53,MT1,1
TRP53,MYC,1
TRP53,NANOG,1
TRP53,NDRG1,1
TRP53,NOTCH1,1
TRP53,NR3C1,1
TRP53,NUPR1,1
TRP53,PCBP2,1
TRP53,PCNA,1
TRP53,PIAS3,1
TRP53,PML,1
TRP53,PROX1,1
TRP53,RELA,1
TRP53,RUNX1,1
TRP53,SIN3A,1
TRP53,SLC6A6,1
TRP53,SMAD3,1
TRP53,SMURF1,1
TRP53,SREBF1,1
TRP53,TCF4,1
TRP53,TCF7L2,1
TRP53,UHRF1,1
TRP53,UPP1,1
TRP53,KLF4,1
TRP53BP1,ATM,1
TRP53BP1,BRCA1,1
TRPS1,RUNX1,1
TRRAP,MITF,1
TSG101,MDM2,1
TWIST1,CDH1,1
TWIST1,CDKN1A,1
TWIST1,DKK1,1
TWIST1,FGF10,1
TWIST1,MME,1
TWIST1,PDGFRA,1
TWIST1,RUNX3,1
TWIST1,TRP53,1
TWIST1,ZEB1,1
TWIST1,ZYX,1
USF1,MT1,1
USF1,SPP1,1
USF1,TNFAIP3,1
VEZF1,STMN1,1
WWTR1,ZEB1,1
XBP1,FOXO1,1
XBP1,HERPUD1,1
XBP1,IRF4,1
XBP1,PRDM1,1
XBP1,SETD7,1
XBP1,VEGFA,1
XRCC5,APAF1,1
XRCC6,APAF1,1
YBX1,BMI1,1
YBX1,NONO,1
ZBTB7A,CREB3,1
ZBTB7A,NFATC1,1
ZEB1,CDH1,1
ZEB1,GATA3,1
ZEB1,MITF,1
ZEB1,TGFB1,1
ZEB2,CDH1,1
ZFP148,CDKN1A,1
ZFP281,NANOG,1
ZFP335,REST,1
ZFP423,EBF1,1
ZFP423,SMAD4,1
ZFPM1,GATA3,1
ZIC3,NANOG,1
ZSCAN10,NANOG,1
ZSCAN10,POU5F1,1
AATF,MAGED1,1
AATF,RB1,1
AATF,TSG101,1
ABTB1,EWSR1,1
AES,POU2F1,1
AES,TLE1,1
AGAP3,PML,1
AIRE,HIST1H2AC,1
AIRE,HIST1H3H,1
AIRE,MCM2,1
AIRE,MCM6,1
AIRE,MSH2,1
AIRE,MSH6,1
AIRE,MYBBP1A,1
AIRE,NASP,1
AIRE,NOP56,1
AIRE,NUP93,1
AIRE,PCNA,1
AIRE,POLR2A,1
AIRE,POLR2B,1
AIRE,RUVBL2,1
AIRE,SRSF1,1
AIRE,SRSF3,1
AIRE,TOP2A,1
AIRE,TRIM28,1
ANKRD49,EWSR1,1
APBB1,APLP1,1
APBB1,APP,1
APBB1,ENAH,1
APBB1,TRP53,1
APEX1,HDAC1,1
APEX1,HDAC2,1
APEX1,MSH2,1
APEX1,NOP56,1
APEX1,PCNA,1
APEX1,RCC2,1
APEX1,RUVBL1,1
APEX1,SIN3A,1
APEX1,SRM,1
APEX1,UNG,1
ARID1A,ACTL6A,1
ARID1A,CHD7,1
ARID1A,E2F4,1
ARID1A,ESRRB,1
ARID1A,HDAC1,1
ARID1A,HDAC2,1
ARID1A,POU5F1,1
ARID1A,SALL4,1
ARID1A,SIN3A,1
ARID1A,SMARCA2,1
ARID1A,SMARCA4,1
ARID1A,SMARCB1,1
ARID1A,SMARCC1,1
ARID1A,SMARCC2,1
ARID1A,SMARCD1,1
ARID1A,SOX2,1
ARID1A,TFCP2L1,1
ARID1A,TOP2B,1
ARID3B,NACC1,1
ARID3B,POU5F1,1
ARID5B,NANOG,1
ARNT2,EPAS1,1
ARNT2,HIF1A,1
ARNTL,CRY1,1
ARNTL,EPAS1,1
ARNTL,EZH2,1
ARNTL,HIF1A,1
ARNTL,NR1D1,1
ARNTL,RNF14,1
ARNTL,SIRT1,1
ASH1L,EWSR1,1
ASH1L,HIST1H3H,1
ASH1L,PLOD1,1
ASH1L,PLOD2,1
ASH1L,PLOD3,1
ASH2L,ESRRB,1
ASH2L,MAFK,1
ASH2L,POU5F1,1
ASH2L,RNF2,1
ASH2L,RUNX1,1
ASH2L,TFCP2L1,1
ATF1,APEX1,1
ATF1,BRCA2,1
ATF1,CCND3,1
ATF1,NR4A1,1
ATF1,PCNA,1
ATF1,RB1,1
ATF1,SLC20A1,1
ATF1,TGM1,1
ATF2,AKT1,1
ATF2,EP300,1
ATF2,JDP2,1
ATF2,MAPK11,1
ATF2,MAPK13,1
ATF2,MAPK3,1
ATF2,MAPK8,1
ATF2,PCNA,1
ATF2,POU5F1,1
ATF2,TLE1,1
ATF3,DDIT3,1
ATF3,EZH2,1
ATF3,FN1,1
ATF3,HDAC1,1
ATF3,HDAC2,1
ATF3,HDAC3,1
ATF3,JUN,1
ATF3,KLF6,1
ATF3,NDRG1,1
ATF3,NFE2L2,1
ATF3,SMARCA4,1
ATF3,TLE1,1
ATF3,TRP53,1
ATF3,VEGFA,1
ATF4,AKT1,1
ATF4,DDIT3,1
ATF4,EP300,1
ATF4,GABBR1,1
ATF4,JUN,1
ATF4,MAPK3,1
ATF4,MAPKAPK2,1
ATF4,PCNA,1
ATF4,RPS6KA6,1
ATF4,SATB2,1
ATF6,DDIT3,1
ATF6,SRF,1
ATM,BRCA2,1
ATM,HDAC4,1
ATM,MDM2,1
ATM,PCNA,1
ATM,TRP53BP1,1
BACH2,ATF4,1
BACH2,ATP1B1,1
BACH2,CLDN6,1
BACH2,CLIC1,1
BACH2,E2F6,1
BACH2,ELF4,1
BACH2,F3,1
BACH2,GABARAPL1,1
BACH2,GSN,1
BACH2,GTF2H3,1
BACH2,IRF6,1
BACH2,KLF4,1
BACH2,LIMCH1,1
BACH2,MME,1
BACH2,MYO7A,1
BACH2,NR4A1,1
BACH2,NRG2,1
BACH2,PITX1,1
BACH2,RARA,1
BACH2,RARG,1
BACH2,SATB1,1
BACH2,SGK1,1
BACH2,SOD1,1
BACH2,SQSTM1,1
BACH2,STAT5B,1
BACH2,TAF10,1
BACH2,TUBB6,1
BACH2,VIM,1
BACH2,WDR1,1
BACH2,ZHX3,1
BARD1,PCBD1,1
BARD1,TRP53,1
BARD1,UBE2C,1
BARD1,UBE2S,1
BAZ1A,SMARCA5,1
BCLAF1,JARID2,1
BCLAF1,SIRT1,1
BMI1,CBX4,1
BMI1,CBX8,1
BMI1,EZH1,1
BMI1,EZH2,1
BMI1,GATA6,1
BMI1,HDAC2,1
BMI1,PHC1,1
BMI1,RBBP4,1
BMI1,RBBP7,1
BMI1,RNF2,1
BMI1,RUNX1,1
BMI1,SUZ12,1
BRCA1,BRCA2,1
BRCA1,ETV4,1
BRCA1,EWSR1,1
BRCA1,JUN,1
BRCA1,PARP1,1
BRCA1,POU2F1,1
BRCA1,SMARCA2,1
BRCA2,ATM,1
BRCA2,BRCA1,1
BRCA2,BUB1B,1
BRCA2,RAD51,1
BRCA2,STAT5A,1
BRCA2,TRP53,1
BRD7,PIK3R1,1
BRD7,SMARCA2,1
BRD7,SMARCA4,1
BRPF1,PCBD1,1
BRPF1,RELA,1
BRWD1,POU5F1,1
BTF3,RPL5,1
BTG1,CNOT7,1
BTG1,CNOT8,1
BTG2,CNOT7,1
BTG2,CNOT8,1
BTG2,IER2,1
CBX4,BMI1,1
CBX4,EZH1,1
CBX4,EZH2,1
CBX4,HDAC2,1
CBX4,PHC1,1
CBX4,RBBP4,1
CBX4,RBBP7,1
CBX4,RNF2,1
CBX4,SUZ12,1
CBX6,RNF2,1
CBX7,HMGA1,1
CBX7,PHC1,1
CBX7,RNF2,1
CBX7,RYBP,1
CBX8,BMI1,1
CBX8,RNF2,1
CDC5L,CTNNBL1,1
CDC5L,HSPA8,1
CDC5L,PLRG1,1
CDC5L,XAB2,1
CEBPZ,DKC1,1
CEBPZ,DNAJC2,1
CEBPZ,NOP56,1
CEBPZ,SSB,1
CENPB,PARP1,1
CHD4,EP300,1
CHD4,ESRRB,1
CHD4,EWSR1,1
CHD4,L3MBTL2,1
CHD4,NANOG,1
CHD4,PCBD1,1
CHD4,POU5F1,1
CHD4,SALL4,1
CHD4,SOX2,1
CHD4,SSBP4,1
CHD4,TCF12,1
CHD4,TFCP2L1,1
CHD4,VEZF1,1
CHD5,HDAC1,1
CHD5,HDAC2,1
CHD5,MTA3,1
CHD5,POU5F1,1
CHD7,ARID1A,1
CHD7,GLI2,1
CHD7,NDN,1
CHD7,RBPJ,1
CHD7,SMARCA4,1
CHD7,SMARCC2,1
CHD7,SOX2,1
CHD7,TULP3,1
CIC,ZFP275,1
CITED1,SMAD4,1
CITED2,EP300,1
CITED2,HNF4A,1
CITED2,IKBKB,1
CITED2,LHX2,1
CITED2,MYD88,1
CITED2,RELA,1
CNOT2,CNOT3,1
CNOT2,CNOT6,1
CNOT2,CNOT6L,1
CNOT2,CNOT7,1
CNOT2,CNOT8,1
CNOT3,CNOT2,1
CNOT3,CNOT6,1
CNOT3,CNOT6L,1
CNOT3,CNOT7,1
CNOT3,CNOT8,1
CNOT3,DCP1A,1
CNOT6,CNOT2,1
CNOT6,CNOT3,1
CNOT6,CNOT7,1
CNOT6,CNOT8,1
CNOT6L,CNOT2,1
CNOT6L,CNOT3,1
CNOT6L,CNOT7,1
CNOT6L,CNOT8,1
CNOT7,BTG1,1
CNOT7,BTG2,1
CNOT7,CNOT2,1
CNOT7,CNOT3,1
CNOT7,CNOT6,1
CNOT7,CNOT6L,1
CNOT7,CNOT8,1
CNOT8,BTG1,1
CNOT8,BTG2,1
CNOT8,CNOT2,1
CNOT8,CNOT3,1
CNOT8,CNOT6,1
CNOT8,CNOT6L,1
CNOT8,CNOT7,1
COIL,RNF2,1
COPS2,CTNNB1,1
COPS2,NAA15,1
COPS2,SSB,1
CRABP2,APAF1,1
CRABP2,MYCN,1
CREB3,AKT1,1
CREB3,EP300,1
CREB3L2,MITF,1
CREB3L2,PCNA,1
CREB3,MAPK3,1
CREB3,MITF,1
CREB3,PCNA,1
CREB5,PCNA,1
CREBZF,ESRRA,1
CRY1,ARNTL,1
CRY1,EZH2,1
CRY1,HDAC1,1
CRY1,HDAC2,1
CRY1,MYBBP1A,1
CRY1,NPAS2,1
CRY1,NR1D1,1
CRY1,NR1D2,1
CRY1,PER1,1
CRY1,PRKAB1,1
CRY1,SIN3B,1
CRY1,TIMELESS,1
CTBP1,CDH1,1
CTBP1,GLIS2,1
CTBP1,HDAC1,1
CTBP1,HDAC2,1
CTBP1,POU5F1,1
CTBP1,RBPJ,1
CTBP1,RUNX1,1
CTBP1,SOX2,1
CTBP1,TCF7,1
CTBP1,TCF7L2,1
CTBP1,ZEB1,1
CTBP1,ZFPM1,1
CTCF,ABCC5,1
CTCF,ACTL6A,1
CTCF,ADAM15,1
CTCF,ADAM19,1
CTCF,AI506816,1
CTCF,AIRE,1
CTCF,AKT1,1
CTCF,ALPL,1
CTCF,AMOTL2,1
CTCF,ANK,1
CTCF,APBB1,1
CTCF,APOBEC3,1
CTCF,APOE,1
CTCF,ARFGAP1,1
CTCF,ARID5B,1
CTCF,ATF2,1
CTCF,BMI1,1
CTCF,BMP6,1
CTCF,BRCA2,1
CTCF,BRD7,1
CTCF,CALCOCO2,1
CTCF,CALR,1
CTCF,CAR2,1
CTCF,CARHSP1,1
CTCF,CD9,1
CTCF,CITED2,1
CTCF,CLTC,1
CTCF,CNN2,1
CTCF,COL27A1,1
CTCF,COTL1,1
CTCF,COX7A1,1
CTCF,CRAMP1L,1
CTCF,CUX2,1
CTCF,CYBA,1
CTCF,CYP26A1,1
CTCF,DAZAP2,1
CTCF,DDB2,1
CTCF,DDX20,1
CTCF,DDX5,1
CTCF,DENND2C,1
CTCF,DKK1,1
CTCF,DNMT1,1
CTCF,DPPA4,1
CTCF,DTX1,1
CTCF,DUSP3,1
CTCF,EBF1,1
CTCF,EBF4,1
CTCF,ECHDC2,1
CTCF,EFEMP2,1
CTCF,EGR1,1
CTCF,EHD1,1
CTCF,ELF2,1
CTCF,ELF3,1
CTCF,ELF4,1
CTCF,ELK4,1
CTCF,EMX2,1
CTCF,EP300,1
CTCF,EPHA4,1
CTCF,ESRRA,1
CTCF,FBP2,1
CTCF,FOSL2,1
CTCF,FOXA2,1
CTCF,FOXP1,1
CTCF,FST,1
CTCF,FXR2,1
CTCF,FXYD3,1
CTCF,GAA,1
CTCF,GATA3,1
CTCF,GATA4,1
CTCF,GCLM,1
CTCF,GHR,1
CTCF,GJA1,1
CTCF,GLI1,1
CTCF,GLIS2,1
CTCF,GLUL,1
CTCF,GNPTAB,1
CTCF,GORASP2,1
CTCF,GSN,1
CTCF,GTF3C5,1
CTCF,HDAC1,1
CTCF,HDAC10,1
CTCF,HEXIM1,1
CTCF,HIF3A,1
CTCF,HIP1,1
CTCF,HIST1H2AG,1
CTCF,HIST1H2AI,1
CTCF,HIST1H2BB,1
CTCF,HIST1H2BF,1
CTCF,HIST1H2BK,1
CTCF,HIST1H2BL,1
CTCF,HIST1H2BN,1
CTCF,HIST1H3H,1
CTCF,ICAM1,1
CTCF,IFI30,1
CTCF,ILF2,1
CTCF,ILF3,1
CTCF,IRF2,1
CTCF,ITGA9,1
CTCF,KIT,1
CTCF,KRTCAP2,1
CTCF,L1TD1,1
CTCF,LAMA5,1
CTCF,LEFTY1,1
CTCF,LEFTY2,1
CTCF,LIPG,1
CTCF,LRRC1,1
CTCF,LRRC2,1
CTCF,LRRK1,1
CTCF,MAGED1,1
CTCF,MAPK3,1
CTCF,MDM2,1
CTCF,MDN1,1
CTCF,MED4,1
CTCF,MEF2D,1
CTCF,MEG3,1
CTCF,MFSD10,1
CTCF,MGST3,1
CTCF,MIS18BP1,1
CTCF,MLLT1,1
CTCF,MXD4,1
CTCF,MYC,1
CTCF,MYL6,1
CTCF,MYLPF,1
CTCF,MYO1C,1
CTCF,MYO5B,1
CTCF,MYO7A,1
CTCF,NACC1,1
CTCF,NEU1,1
CTCF,NFATC4,1
CTCF,NFIL3,1
CTCF,NFKB2,1
CTCF,NFKBIA,1
CTCF,NONO,1
CTCF,NOTCH4,1
CTCF,NR2C1,1
CTCF,NR2F2,1
CTCF,NR3C1,1
CTCF,NRF1,1
CTCF,NRG2,1
CTCF,OAT,1
CTCF,P4HB,1
CTCF,PCBP2,1
CTCF,PCOLCE,1
CTCF,PDGFRA,1
CTCF,PDIA3,1
CTCF,PFAS,1
CTCF,PHF1,1
CTCF,PHF12,1
CTCF,PHF20,1
CTCF,PIK3AP1,1
CTCF,PIK3R1,1
CTCF,PIPOX,1
CTCF,PITPNC1,1
CTCF,PKNOX2,1
CTCF,PLK2,1
CTCF,PML,1
CTCF,POLR1A,1
CTCF,POLR1B,1
CTCF,POLR1C,1
CTCF,POLR1E,1
CTCF,POLR2H,1
CTCF,POLR2J,1
CTCF,POU5F1,1
CTCF,PRDX1,1
CTCF,PROS1,1
CTCF,QDPR,1
CTCF,RARA,1
CTCF,RBM14,1
CTCF,RBM47,1
CTCF,RBMXL2,1
CTCF,RCC2,1
CTCF,REST,1
CTCF,REV1,1
CTCF,RFFL,1
CTCF,RFX2,1
CTCF,RFX7,1
CTCF,RNF14,1
CTCF,RNPEPL1,1
CTCF,RPL5,1
CTCF,RRM2,1
CTCF,RUVBL2,1
CTCF,S100A6,1
CTCF,SAT1,1
CTCF,SATB1,1
CTCF,SDF2L1,1
CTCF,SFMBT2,1
CTCF,SH3PXD2B,1
CTCF,SHROOM3,1
CTCF,SIN3A,1
CTCF,SLC25A22,1
CTCF,SLC25A39,1
CTCF,SLC25A5,1
CTCF,SLC6A8,1
CTCF,SLC7A5,1
CTCF,SLC7A6,1
CTCF,SLC7A7,1
CTCF,SMAD3,1
CTCF,SMARCB1,1
CTCF,SMARCC2,1
CTCF,SNAI1,1
CTCF,SNORA17,1
CTCF,SNORA43,1
CTCF,SNORD11,1
CTCF,SNORD49A,1
CTCF,SNORD49B,1
CTCF,SNORD83B,1
CTCF,SNORD93,1
CTCF,SOX15,1
CTCF,SOX2,1
CTCF,SPC25,1
CTCF,SPOCK1,1
CTCF,SQSTM1,1
CTCF,SSB,1
CTCF,SSBP4,1
CTCF,ST5,1
CTCF,STXBP2,1
CTCF,SUZ12,1
CTCF,TCERG1,1
CTCF,TEAD4,1
CTCF,TFAP2C,1
CTCF,TFAP4,1
CTCF,TGFB1,1
CTCF,TGFB1I1,1
CTCF,TMED2,1
CTCF,TMEM150A,1
CTCF,TNK2,1
CTCF,TNS1,1
CTCF,TOP2A,1
CTCF,TOX4,1
CTCF,TPM1,1
CTCF,TRIM2,1
CTCF,TRIM28,1
CTCF,TRIP6,1
CTCF,TRP53,1
CTCF,TRP53BP1,1
CTCF,TSPAN4,1
CTCF,TSPAN9,1
CTCF,TUBA4A,1
CTCF,TUBB4B,1
CTCF,TULP3,1
CTCF,TYRO3,1
CTCF,UBTF,1
CTCF,UHRF1,1
CTCF,VAMP8,1
CTCF,VEGFA,1
CTCF,XRCC5,1
CTCF,ZBTB39,1
CTCF,ZC3H7A,1
CTCF,ZFP219,1
CTCF,ZFP335,1
CTCF,ZFP398,1
CTCF,ZFPM1,1
CTCF,ZHX3,1
CTCF,ZYX,1
CTNNB1,ARHGAP32,1
CTNNB1,CCND2,1
CTNNB1,CCND3,1
CTNNB1,COPS2,1
CTNNB1,CTNNBIP1,1
CTNNB1,DKK1,1
CTNNB1,EP300,1
CTNNB1,FN1,1
CTNNB1,GRIN1,1
CTNNB1,HMGB2,1
CTNNB1,HTT,1
CTNNB1,JUN,1
CTNNB1,MAPK11,1
CTNNB1,MAPK8,1
CTNNB1,PIK3R1,1
CTNNB1,POU5F1,1
CTNNB1,RAB11A,1
CTNNB1,RELA,1
CTNNB1,RUVBL1,1
CTNNB1,SMARCA4,1
CTNNB1,SOX2,1
CTNNB1,TAX1BP3,1
CTNNB1,TBL1X,1
CTNNB1,TCF7,1
CTNNB1,TCF7L2,1
CTNNB1,USP9X,1
CTNNBIP1,CTNNB1,1
CTNNBL1,CDC5L,1
CTNNBL1,HSPA8,1
CUX1,SOX2,1
DAB2,APP,1
DAB2,GATA6,1
DAB2,LDLR,1
DAB2,LRP2,1
DAB2,PIAS2,1
DAB2,VEGFA,1
DAXX,CCND1,1
DAXX,ETS1,1
DAXX,MAPK8,1
DAXX,MDM2,1
DAXX,PML,1
DAXX,SMAD4,1
DAZAP2,NDN,1
DCP1A,CNOT3,1
DCP1A,RELA,1
DDB1,DDB2,1
DDB1,ERCC3,1
DDB1,ERCC8,1
DDB1,GTF2H3,1
DDB1,GTF2H4,1
DDB1,POU5F1,1
DDB1,TRP53,1
DDB2,DDB1,1
DDB2,ERCC3,1
DDB2,GTF2H3,1
DDB2,GTF2H4,1
DDB2,TRP53,1
DDIT3,ANK,1
DDIT3,ARF4,1
DDIT3,ASXL1,1
DDIT3,ATF3,1
DDIT3,ATF4,1
DDIT3,ATF6,1
DDIT3,CDIPT,1
DDIT3,CIC,1
DDIT3,CTNNBIP1,1
DDIT3,E2F4,1
DDIT3,EDEM1,1
DDIT3,FAM129B,1
DDIT3,FHOD1,1
DDIT3,FOXP1,1
DDIT3,FRMD4A,1
DDIT3,GABARAP,1
DDIT3,ID2,1
DDIT3,ID3,1
DDIT3,ILK,1
DDIT3,IMPDH1,1
DDIT3,JDP2,1
DDIT3,LAMC1,1
DDIT3,LASP1,1
DDIT3,MAML3,1
DDIT3,MAPK11,1
DDIT3,MAPK13,1
DDIT3,MDM2,1
DDIT3,MIR1905,1
DDIT3,NFE2L2,1
DDIT3,NFYA,1
DDIT3,PDGFA,1
DDIT3,PER1,1
DDIT3,PLOD3,1
DDIT3,SATB1,1
DDIT3,SERBP1,1
DDIT3,SIN3A,1
DDIT3,SMARCA2,1
DDIT3,TFAP4,1
DDIT3,TNS1,1
DDIT3,TRIB3,1
DDIT3,TXNIP,1
DDIT3,XBP1,1
DDIT3,ZBTB38,1
DDIT3,ZEB2,1
DDIT3,ZFP219,1
DDIT3,ZFP277,1
DDX20,ETV3,1
DDX20,HDAC2,1
DDX20,NCOR1,1
DDX20,NUP210,1
DDX20,SIN3A,1
DDX5,NUPR1,1
DDX5,RARA,1
DDX5,SMAD2,1
DDX5,SMAD3,1
DDX5,SMAD4,1
DDX5,SMAD7,1
DDX5,SMARCA4,1
DDX5,SNAI1,1
DEK,KAT2B,1
DEK,PCNA,1
DEK,RELA,1
DIDO1,NANOG,1
DNAJC2,CEBPZ,1
DNAJC2,DKC1,1
DNAJC2,SSB,1
DNMT1,AHCY,1
DNMT1,BUB1B,1
DNMT1,CDH1,1
DNMT1,DNMT3A,1
DNMT1,EZH2,1
DNMT1,HDAC1,1
DNMT1,HDAC2,1
DNMT1,HIST1H3H,1
DNMT1,MCM2,1
DNMT1,MCM3,1
DNMT1,MCM4,1
DNMT1,MCM6,1
DNMT1,MCM7,1
DNMT1,MSH6,1
DNMT1,PARP1,1
DNMT1,PCNA,1
DNMT1,RB1,1
DNMT1,RELA,1
DNMT1,SOX17,1
DNMT1,TOX3,1
DNMT1,TRIM28,1
DNMT1,UHRF1,1
DNMT3A,AHCY,1
DNMT3A,DNMT1,1
DNMT3A,EHMT2,1
DNMT3A,EZH2,1
DR1,KAT2B,1
DR1,POLE4,1
DR1,YEATS2,1
DTX1,NOTCH1,1
DTX1,NOTCH2,1
DTX1,NOTCH4,1
E2F1,ADAM19,1
E2F1,ADAM23,1
E2F1,AHCY,1
E2F1,AIRE,1
E2F1,AKR1B3,1
E2F1,ALPL,1
E2F1,AMOTL2,1
E2F1,AMPD2,1
E2F1,APEX1,1
E2F1,ARHGAP1,1
E2F1,ARID1A,1
E2F1,ARPC1B,1
E2F1,ATF2,1
E2F1,ATF5,1
E2F1,ATF7,1
E2F1,ATP1B1,1
E2F1,ATP6V0E,1
E2F1,BARD1,1
E2F1,BARX1,1
E2F1,BCAT1,1
E2F1,BRCA1,1
E2F1,BRCA2,1
E2F1,BRD7,1
E2F1,BRPF1,1
E2F1,BRWD1,1
E2F1,BSG,1
E2F1,BTF3,1
E2F1,BTG2,1
E2F1,CACHD1,1
E2F1,CALR,1
E2F1,CAR2,1
E2F1,CBX6,1
E2F1,CBX7,1
E2F1,CBX8,1
E2F1,CCND3,1
E2F1,CCNE1,1
E2F1,CDC5L,1
E2F1,CDCA7,1
E2F1,CENPB,1
E2F1,CHD4,1
E2F1,CITED2,1
E2F1,CKB,1
E2F1,CLIC1,1
E2F1,CNOT3,1
E2F1,CNOT6L,1
E2F1,COBL,1
E2F1,CSRP2,1
E2F1,CTBP1,1
E2F1,CTCF,1
E2F1,CTDSPL,1
E2F1,CTNNB1,1
E2F1,D230025D16RIK,1
E2F1,DAXX,1
E2F1,DCTPP1,1
E2F1,DDX21,1
E2F1,DEK,1
E2F1,DIDO1,1
E2F1,DNAJC2,1
E2F1,E2F2,1
E2F1,E2F4,1
E2F1,EHD1,1
E2F1,EIF2S2,1
E2F1,EIF4A2,1
E2F1,ELAVL2,1
E2F1,ELF1,1
E2F1,EP300,1
E2F1,EPHA2,1
E2F1,ERCC3,1
E2F1,ERF,1
E2F1,ETV4,1
E2F1,EWSR1,1
E2F1,EZH2,1
E2F1,FBXO5,1
E2F1,FHOD1,1
E2F1,FIZ1,1
E2F1,FN1,1
E2F1,FOXD3,1
E2F1,FOXJ3,1
E2F1,FUS,1
E2F1,FUT8,1
E2F1,GBX2,1
E2F1,GCLM,1
E2F1,GJA1,1
E2F1,GOT1,1
E2F1,GSR,1
E2F1,HCFC1,1
E2F1,HDAC1,1
E2F1,HDAC10,1
E2F1,HDGF,1
E2F1,HELLS,1
E2F1,HIST1H1B,1
E2F1,HIST1H2AF,1
E2F1,HIST1H2AG,1
E2F1,HIST1H2AI,1
E2F1,HIST1H2BB,1
E2F1,HIST1H2BF,1
E2F1,HIST1H2BL,1
E2F1,HIST1H2BN,1
E2F1,HIST1H3H,1
E2F1,HMGB2,1
E2F1,HNRNPD,1
E2F1,HNRNPK,1
E2F1,HSP90B1,1
E2F1,ICAM1,1
E2F1,ID2,1
E2F1,ID3,1
E2F1,IFITM2,1
E2F1,IGF2,1
E2F1,ING3,1
E2F1,INSIG1,1
E2F1,IRF1,1
E2F1,JAM2,1
E2F1,KHDRBS1,1
E2F1,KIT,1
E2F1,KLF10,1
E2F1,KLF13,1
E2F1,KLF4,1
E2F1,KLF9,1
E2F1,KRT19,1
E2F1,L1TD1,1
E2F1,LHX2,1
E2F1,LTBP4,1
E2F1,MANF,1
E2F1,MATR3,1
E2F1,MBD2,1
E2F1,MCM10,1
E2F1,MCM2,1
E2F1,MCM3,1
E2F1,MCM4,1
E2F1,MCM5,1
E2F1,MCM6,1
E2F1,MCM7,1
E2F1,MDN1,1
E2F1,MED21,1
E2F1,MFGE8,1
E2F1,MORC4,1
E2F1,MRPS5,1
E2F1,MSH6,1
E2F1,MT1,1
E2F1,MT2,1
E2F1,MTF2,1
E2F1,MYBL2,1
E2F1,MYC,1
E2F1,MYH9,1
E2F1,NACC1,1
E2F1,NASP,1
E2F1,NCAPD2,1
E2F1,NCOR1,1
E2F1,NDN,1
E2F1,NFATC2IP,1
E2F1,NFATC4,1
E2F1,NFIL3,1
E2F1,NFX1,1
E2F1,NID1,1
E2F1,NKRF,1
E2F1,NOTCH2,1
E2F1,NR1H2,1
E2F1,NR3C1,1
E2F1,NSD1,1
E2F1,NUP210,1
E2F1,NUP93,1
E2F1,ODC1,1
E2F1,ORC2,1
E2F1,OTX2,1
E2F1,PA2G4,1
E2F1,PARP1,1
E2F1,PARVB,1
E2F1,PATZ1,1
E2F1,PAX6,1
E2F1,PCOLCE2,1
E2F1,PDGFA,1
E2F1,PDIA3,1
E2F1,PDLIM1,1
E2F1,PEG10,1
E2F1,PEG3,1
E2F1,PELP1,1
E2F1,PHC1,1
E2F1,PHF12,1
E2F1,PLAG1,1
E2F1,PLSCR1,1
E2F1,PML,1
E2F1,POLR1C,1
E2F1,POLR2A,1
E2F1,POLR2B,1
E2F1,POU4F1,1
E2F1,PRDM5,1
E2F1,PRDX4,1
E2F1,PROX1,1
E2F1,PRPS2,1
E2F1,PTPN14,1
E2F1,RAB11A,1
E2F1,RAD51,1
E2F1,RBBP4,1
E2F1,RBBP7,1
E2F1,RBL1,1
E2F1,RBMX,1
E2F1,RBPJ,1
E2F1,RBPMS2,1
E2F1,RCC2,1
E2F1,RCOR2,1
E2F1,RDM1,1
E2F1,RELA,1
E2F1,RNPEPL1,1
E2F1,RPL5,1
E2F1,RRM2,1
E2F1,SALL1,1
E2F1,SALL4,1
E2F1,SAP30,1
E2F1,SDC4,1
E2F1,SENP3,1
E2F1,SET,1
E2F1,SGK1,1
E2F1,SIN3B,1
E2F1,SIRT3,1
E2F1,SIX5,1
E2F1,SLC12A4,1
E2F1,SLC16A6,1
E2F1,SLC1A5,1
E2F1,SLC20A1,1
E2F1,SLC25A36,1
E2F1,SLC7A7,1
E2F1,SMARCA4,1
E2F1,SMARCD1,1
E2F1,SMS,1
E2F1,SNAPC3,1
E2F1,SND1,1
E2F1,SNHG1,1
E2F1,SNORA62,1
E2F1,SNORA81,1
E2F1,SNORD35B,1
E2F1,SNORD49A,1
E2F1,SNORD49B,1
E2F1,SNRPN,1
E2F1,SNURF,1
E2F1,SOCS2,1
E2F1,SOD1,1
E2F1,SOX15,1
E2F1,SOX4,1
E2F1,SP1,1
E2F1,SPP1,1
E2F1,SPRY2,1
E2F1,SPRY4,1
E2F1,SREBF1,1
E2F1,SRPRB,1
E2F1,SRRT,1
E2F1,SRSF1,1
E2F1,SRSF3,1
E2F1,SSBP4,1
E2F1,STAT5B,1
E2F1,STMN1,1
E2F1,STT3A,1
E2F1,STX5A,1
E2F1,SUZ12,1
E2F1,TADA3,1
E2F1,TAF1,1
E2F1,TAF9,1
E2F1,TBRG1,1
E2F1,TCF4,1
E2F1,TEAD1,1
E2F1,TET2,1
E2F1,TFAP4,1
E2F1,TFRC,1
E2F1,TIMELESS,1
E2F1,TIMP3,1
E2F1,TMEM214,1
E2F1,TMEM231,1
E2F1,TOP2A,1
E2F1,TOPORS,1
E2F1,TPM4,1
E2F1,TRIB3,1
E2F1,TSG101,1
E2F1,TXNDC11,1
E2F1,TYRO3,1
E2F1,UBE2S,1
E2F1,UHRF1,1
E2F1,UNG,1
E2F1,WDR45,1
E2F1,XRCC6,1
E2F1,ZEB1,1
E2F1,ZFP148,1
E2F1,ZFP219,1
E2F1,ZFP236,1
E2F1,ZFP36L1,1
E2F1,ZFP532,1
E2F1,ZIC3,1
E2F1,ZSCAN10,1
E2F2,CCND1,1
E2F2,CCNE1,1
E2F2,CDKN1A,1
E2F2,E2F1,1
E2F2,ORC2,1
E2F2,RB1,1
E2F4,ARID1A,1
E2F4,CCND1,1
E2F4,CDKN1A,1
E2F4,E2F1,1
E2F4,HIST1H3H,1
E2F4,MYC,1
E2F4,NDN,1
E2F4,PCNA,1
E2F4,RBBP4,1
E2F4,RBL1,1
E2F4,SMAD2,1
E2F4,SMAD3,1
E2F4,SMAD4,1
E2F4,TOP2A,1
E2F6,L3MBTL2,1
E2F6,PELP1,1
E2F6,RNF2,1
E2F6,RUVBL1,1
E2F6,RYBP,1
E2F6,SENP3,1
E2F6,TAF1,1
E2F6,TAF6,1
E2F6,TAF9,1
EBF1,EBF4,1
EBF4,EBF1,1
EED,ACTG1,1
EED,CLTC,1
EED,EIF2S2,1
EED,EZH1,1
EED,EZH2,1
EED,HDAC1,1
EED,HIST1H2AC,1
EED,HNRNPAB,1
EED,HSP90AA1,1
EED,JARID2,1
EED,MTF2,1
EED,MYBBP1A,1
EED,NANOG,1
EED,RBBP4,1
EED,RBBP7,1
EED,SETX,1
EED,SUZ12,1
EGR1,ACTG1,1
EGR1,AGAP3,1
EGR1,AKT1,1
EGR1,ALPL,1
EGR1,ANK,1
EGR1,APBB1,1
EGR1,ARID3B,1
EGR1,CIC,1
EGR1,CLTC,1
EGR1,CNOT2,1
EGR1,COL4A2,1
EGR1,CRIP2,1
EGR1,CTSL,1
EGR1,DDAH1,1
EGR1,DIDO1,1
EGR1,DUSP9,1
EGR1,EFEMP2,1
EGR1,ERF,1
EGR1,EZH1,1
EGR1,FGFR3,1
EGR1,FOXH1,1
EGR1,FST,1
EGR1,GALK1,1
EGR1,GJB3,1
EGR1,GPRC5C,1
EGR1,GRIN1,1
EGR1,HCFC1,1
EGR1,HIVEP2,1
EGR1,HMGA1,1
EGR1,HNRNPAB,1
EGR1,HSPA8,1
EGR1,HSPH1,1
EGR1,IGF2,1
EGR1,IMPDH1,1
EGR1,KDM5B,1
EGR1,KLF6,1
EGR1,LASP1,1
EGR1,LY75,1
EGR1,MATR3,1
EGR1,MEIS1,1
EGR1,MSX2,1
EGR1,MYC,1
EGR1,MYO1C,1
EGR1,NFKB2,1
EGR1,NR3C1,1
EGR1,PIK3R1,1
EGR1,PITX1,1
EGR1,PITX2,1
EGR1,PLXNB2,1
EGR1,PPP2R5A,1
EGR1,PTH1R,1
EGR1,PURA,1
EGR1,RARG,1
EGR1,RBBP7,1
EGR1,RBM38,1
EGR1,RNF19A,1
EGR1,RUNX1,1
EGR1,SATB2,1
EGR1,SERBP1,1
EGR1,SETX,1
EGR1,SIN3A,1
EGR1,SIRT1,1
EGR1,SKIL,1
EGR1,SLC6A8,1
EGR1,SMARCA5,1
EGR1,SNORD17,1
EGR1,SOCS2,1
EGR1,SOS2,1
EGR1,SOX2,1
EGR1,SP1,1
EGR1,SRF,1
EGR1,STAG3,1
EGR1,STARD10,1
EGR1,TAF5,1
EGR1,TAX1BP3,1
EGR1,TFEB,1
EGR1,TUBB4B,1
EGR1,TUBB6,1
EGR1,TWIST1,1
EGR1,UBTF,1
EGR1,ZC3H7A,1
EGR1,ZFP281,1
EGR1,ZFP423,1
EGR1,ZMYM2,1
EGR1,ZYX,1
EHMT2,DNMT3A,1
EHMT2,L3MBTL2,1
EHMT2,NCOA3,1
EHMT2,PLOD1,1
EHMT2,PLOD2,1
EHMT2,PLOD3,1
ELF1,SRF,1
ELK1,CCND1,1
ELK1,CCND2,1
ELK1,CCND3,1
ELK1,MAPK11,1
ELK1,MAPK13,1
ELK1,MAPK3,1
ELK1,MAPK8,1
ELK1,SIN3A,1
ELK1,SRF,1
ELK1,TBPL1,1
ELK4,MAPK11,1
ELK4,MAPK13,1
ELK4,MAPK3,1
ELK4,SRF,1
ELK4,TBPL1,1
EP300,ATF2,1
EP300,ATF4,1
EP300,CCND3,1
EP300,CHD4,1
EP300,CITED2,1
EP300,CREB3,1
EP300,CREB3L2,1
EP300,CREB5,1
EP300,CTNNB1,1
EP300,EPAS1,1
EP300,FOXO3,1
EP300,HDAC3,1
EP300,HES6,1
EP300,HEY2,1
EP300,HIF1A,1
EP300,HK2,1
EP300,HKDC1,1
EP300,KAT2B,1
EP300,KDM3A,1
EP300,LEFTY1,1
EP300,LEFTY2,1
EP300,MAML1,1
EP300,MAML3,1
EP300,MED12,1
EP300,MED15,1
EP300,MED21,1
EP300,MED31,1
EP300,MED4,1
EP300,MITF,1
EP300,NCOA3,1
EP300,NCOA6,1
EP300,NOTCH1,1
EP300,NR1D1,1
EP300,NUPR1,1
EP300,PDK1,1
EP300,PFKL,1
EP300,PIK3R1,1
EP300,PITX2,1
EP300,RARA,1
EP300,RARG,1
EP300,RBPJ,1
EP300,RELA,1
EP300,SIRT1,1
EP300,SMAD2,1
EP300,SMAD4,1
EP300,SMAD7,1
EP300,SP1,1
EP300,SREBF1,1
EP300,STAT4,1
EP300,STAT5B,1
EP300,TCF12,1
EP300,TCF7,1
EP300,TCF7L2,1
EP300,TFRC,1
EP300,TGFB1,1
EP300,TRP53,1
EP300,UBTF,1
EP300,USF1,1
EP300,VEGFA,1
EP400,ACTG1,1
EP400,ACTL6A,1
EP400,ESRRB,1
EP400,MYC,1
EP400,POU5F1,1
EP400,RNF2,1
EP400,TFCP2L1,1
EP400,TRRAP,1
EPAS1,ARNT2,1
EPAS1,ARNTL,1
EPAS1,EP300,1
EPAS1,PDGFA,1
EPAS1,TGFB1,1
EPAS1,VEGFA,1
ERCC3,DDB1,1
ERCC3,DDB2,1
ERCC3,ERCC8,1
ERCC3,GTF2H3,1
ERCC3,GTF2H4,1
ERCC3,POLR1A,1
ERCC3,POLR1B,1
ERCC3,POLR1C,1
ERCC3,POLR2B,1
ERCC3,POLR2E,1
ERCC3,POLR2H,1
ERCC3,POLR2I,1
ERCC3,POLR2J,1
ERCC3,POLR2K,1
ERCC3,TAF1,1
ERCC3,TAF6,1
ERCC3,TAF9,1
ERCC3,TCEA1,1
ERCC3,XAB2,1
ERCC8,DDB1,1
ERCC8,ERCC3,1
ERCC8,EWSR1,1
ERCC8,GTF2H3,1
ERCC8,GTF2H4,1
ERCC8,NCOA3,1
ERCC8,PCBD1,1
ERCC8,POLR2B,1
ERCC8,POLR2E,1
ERCC8,POLR2H,1
ERCC8,POLR2I,1
ERCC8,POLR2J,1
ERCC8,POLR2K,1
ERCC8,SSBP4,1
ERCC8,TCEA1,1
ERCC8,WWTR1,1
ERCC8,XAB2,1
ESPL1,BUB1B,1
ESPL1,CCNB1,1
ESPL1,CCNB2,1
ESPL1,CDC20,1
ESPL1,KNTC1,1
ESPL1,MCM2,1
ESPL1,TPX2,1
ESPL1,UBE2C,1
ESPL1,UHRF1,1
ESRRA,CREBZF,1
ESRRA,ESRRB,1
ESRRA,KAT2B,1
ESRRA,SIRT1,1
ESRRA,TFCP2L1,1
ESRRB,1110038B12RIK,1
ESRRB,4930402H24RIK,1
ESRRB,ACADM,1
ESRRB,ACTL6A,1
ESRRB,AES,1
ESRRB,ALPL,1
ESRRB,ANKRD6,1
ESRRB,APOE,1
ESRRB,ARID1A,1
ESRRB,ASH2L,1
ESRRB,ASNS,1
ESRRB,ASS1,1
ESRRB,ATF1,1
ESRRB,ATF3,1
ESRRB,ATP13A3,1
ESRRB,ATP1B1,1
ESRRB,BARD1,1
ESRRB,BCAT1,1
ESRRB,BCL3,1
ESRRB,BMI1,1
ESRRB,BMPER,1
ESRRB,BTG2,1
ESRRB,CALU,1
ESRRB,CAR2,1
ESRRB,CCNE1,1
ESRRB,CDH6,1
ESRRB,CEBPZ,1
ESRRB,CHD4,1
ESRRB,CKB,1
ESRRB,CLTC,1
ESRRB,COBLL1,1
ESRRB,COIL,1
ESRRB,COL18A1,1
ESRRB,COL4A2,1
ESRRB,COMMD3,1
ESRRB,CSTB,1
ESRRB,DDAH1,1
ESRRB,DDX54,1
ESRRB,DNMT1,1
ESRRB,DNMT3A,1
ESRRB,DPPA2,1
ESRRB,EIF4A2,1
ESRRB,ELK4,1
ESRRB,ENAH,1
ESRRB,EP400,1
ESRRB,EPHA4,1
ESRRB,ESRRA,1
ESRRB,ETL4,1
ESRRB,ETV5,1
ESRRB,FABP3,1
ESRRB,FAM129B,1
ESRRB,FBLIM1,1
ESRRB,FBXO15,1
ESRRB,FGF4,1
ESRRB,FLRT3,1
ESRRB,FOXD3,1
ESRRB,FOXP1,1
ESRRB,FRRS1,1
ESRRB,FXYD6,1
ESRRB,GABARAPL2,1
ESRRB,GABPA,1
ESRRB,GALK1,1
ESRRB,GALNT2,1
ESRRB,GATAD2B,1
ESRRB,GLI2,1
ESRRB,GOT1,1
ESRRB,GRAMD1A,1
ESRRB,HCFC1,1
ESRRB,HDAC1,1
ESRRB,HDAC2,1
ESRRB,HES1,1
ESRRB,HMGA1,1
ESRRB,HMGXB4,1
ESRRB,HNF4A,1
ESRRB,HSD17B14,1
ESRRB,ICAM1,1
ESRRB,IFITM2,1
ESRRB,IGFBP2,1
ESRRB,ING3,1
ESRRB,ITPK1,1
ESRRB,JAM2,1
ESRRB,JDP2,1
ESRRB,JMJD1C,1
ESRRB,JUN,1
ESRRB,JUND,1
ESRRB,KANK3,1
ESRRB,KDM5B,1
ESRRB,KLF13,1
ESRRB,KLF4,1
ESRRB,L3MBTL2,1
ESRRB,LAMA1,1
ESRRB,LRRC2,1
ESRRB,LRRC8D,1
ESRRB,LY6G6E,1
ESRRB,LY75,1
ESRRB,MED12,1
ESRRB,MED15,1
ESRRB,MED4,1
ESRRB,MEN1,1
ESRRB,MFSD10,1
ESRRB,MGST3,1
ESRRB,MIR1192,1
ESRRB,MIR291B,1
ESRRB,MIR295,1
ESRRB,MSI2,1
ESRRB,MTA3,1
ESRRB,MTF2,1
ESRRB,MYBL2,1
ESRRB,MYCN,1
ESRRB,MYH9,1
ESRRB,MYL6,1
ESRRB,NCOA3,1
ESRRB,NDRG4,1
ESRRB,NFATC3,1
ESRRB,NFE2L1,1
ESRRB,NFIC,1
ESRRB,NFX1,1
ESRRB,NFYB,1
ESRRB,NIPSNAP1,1
ESRRB,NOTCH4,1
ESRRB,NOTUM,1
ESRRB,NR1D1,1
ESRRB,NR1D2,1
ESRRB,NR2F6,1
ESRRB,NR4A1,1
ESRRB,NR5A2,1
ESRRB,NRIP1,1
ESRRB,NUPR1,1
ESRRB,OAT,1
ESRRB,PBXIP1,1
ESRRB,PCOLCE,1
ESRRB,PCSK6,1
ESRRB,PDPN,1
ESRRB,PIK3AP1,1
ESRRB,PIPOX,1
ESRRB,PML,1
ESRRB,POLR2A,1
ESRRB,POLR2B,1
ESRRB,POLR2H,1
ESRRB,POLR3D,1
ESRRB,POU5F1,1
ESRRB,PRDM14,1
ESRRB,PTH1R,1
ESRRB,PURA,1
ESRRB,RAB3IL1,1
ESRRB,RARA,1
ESRRB,RARG,1
ESRRB,RASGRP2,1
ESRRB,RBBP4,1
ESRRB,RBM38,1
ESRRB,RBM47,1
ESRRB,RBMS1,1
ESRRB,RBPJ,1
ESRRB,RBPMS2,1
ESRRB,RCOR2,1
ESRRB,RDM1,1
ESRRB,RIF1,1
ESRRB,RNF2,1
ESRRB,RPP25,1
ESRRB,SALL1,1
ESRRB,SALL4,1
ESRRB,SENP3,1
ESRRB,SEPT1,1
ESRRB,SGK1,1
ESRRB,SLC20A1,1
ESRRB,SLC25A36,1
ESRRB,SLC25A39,1
ESRRB,SLC25A5,1
ESRRB,SLC6A6,1
ESRRB,SLC6A8,1
ESRRB,SMARCA4,1
ESRRB,SMARCA5,1
ESRRB,SMARCC1,1
ESRRB,SMARCD1,1
ESRRB,SNHG3,1
ESRRB,SNORA81,1
ESRRB,SNORD35B,1
ESRRB,SOD1,1
ESRRB,SPC25,1
ESRRB,SPP1,1
ESRRB,SPRY2,1
ESRRB,SRI,1
ESRRB,SRSF3,1
ESRRB,STAG3,1
ESRRB,STAT5A,1
ESRRB,TAF10,1
ESRRB,TAF6,1
ESRRB,TAF9,1
ESRRB,TBX3,1
ESRRB,TCF15,1
ESRRB,TCN2,1
ESRRB,TDH,1
ESRRB,TEAD3,1
ESRRB,TEAD4,1
ESRRB,TFCP2L1,1
ESRRB,THBD,1
ESRRB,THRAP3,1
ESRRB,TIMELESS,1
ESRRB,TIMP3,1
ESRRB,TMED9,1
ESRRB,TMEM231,1
ESRRB,TRH,1
ESRRB,TRIM25,1
ESRRB,TRRAP,1
ESRRB,TXNDC12,1
ESRRB,UBP1,1
ESRRB,VEGFA,1
ESRRB,YEATS4,1
ESRRB,ZBTB43,1
ESRRB,ZFP42,1
ESRRB,ZFP462,1
ESRRB,ZFP600,1
ETS1,ARHGAP1,1
ETS1,ATM,1
ETS1,BRD7,1
ETS1,DAXX,1
ETS1,DNAJC2,1
ETS1,GABARAPL2,1
ETS1,GTF3C1,1
ETS1,HDAC1,1
ETS1,ITGAV,1
ETS1,KIT,1
ETS1,KRT18,1
ETS1,MAPK3,1
ETS1,MEF2A,1
ETS1,MYC,1
ETS1,MYL6,1
ETS1,NR1H2,1
ETS1,NR2F6,1
ETS1,POFUT2,1
ETS1,PRKAB1,1
ETS1,RASGRP2,1
ETS1,RUNX1,1
ETS1,SLC25A5,1
ETS1,SP1,1
ETS1,SRF,1
ETS1,TBPL1,1
ETS1,TCOF1,1
ETS1,ZFP36L1,1
ETS1,ZFP462,1
ETV4,BRCA1,1
ETV4,FGFR3,1
ETV4,FGFR4,1
ETV4,KRT8,1
ETV4,LDB1,1
ETV4,PAX8,1
ETV4,PCNA,1
ETV4,SAT1,1
ETV4,SPP1,1
ETV4,SRF,1
ETV6,MAPK3,1
ETV6,PTH1R,1
ETV6,SIN3A,1
EWSR1,ABTB1,1
EWSR1,ANKRD49,1
EWSR1,ASH1L,1
EWSR1,BRCA1,1
EWSR1,CHD4,1
EWSR1,ERCC8,1
EWSR1,HDAC10,1
EWSR1,JARID2,1
EWSR1,MTF2,1
EWSR1,NAA15,1
EWSR1,NKRF,1
EWSR1,PER1,1
EWSR1,PHF1,1
EWSR1,PMS1,1
EWSR1,POLR1A,1
EWSR1,POLR2B,1
EWSR1,POLR3F,1
EWSR1,POU5F1,1
EWSR1,RAI14,1
EWSR1,RARA,1
EWSR1,REST,1
EWSR1,RFXAP,1
EWSR1,SALL4,1
EWSR1,SIRT2,1
EWSR1,SREBF1,1
EWSR1,TRPS1,1
EWSR1,UBP1,1
EWSR1,XAB2,1
EWSR1,ZBTB24,1
EWSR1,ZFP281,1
EWSR1,ZFP42,1
EWSR1,ZSWIM4,1
EZH1,BMI1,1
EZH1,CBX4,1
EZH1,EED,1
EZH1,EZH2,1
EZH1,HDAC2,1
EZH1,JARID2,1
EZH1,MTF2,1
EZH1,PHC1,1
EZH1,RBBP4,1
EZH1,RBBP7,1
EZH1,RNF2,1
EZH1,SUZ12,1
EZH2,ARNTL,1
EZH2,ATF3,1
EZH2,BMI1,1
EZH2,BUB1B,1
EZH2,CBX4,1
EZH2,CRY1,1
EZH2,DNMT1,1
EZH2,DNMT3A,1
EZH2,EED,1
EZH2,EZH1,1
EZH2,GATA4,1
EZH2,HDAC1,1
EZH2,HDAC2,1
EZH2,HIST1H3H,1
EZH2,HTT,1
EZH2,JARID2,1
EZH2,MCM2,1
EZH2,MCM3,1
EZH2,MCM4,1
EZH2,MCM6,1
EZH2,MCM7,1
EZH2,MTF2,1
EZH2,MYC,1
EZH2,PCNA,1
EZH2,PHC1,1
EZH2,PHF1,1
EZH2,POLR2A,1
EZH2,RBBP4,1
EZH2,RBBP7,1
EZH2,RNF2,1
EZH2,RUNX3,1
EZH2,SETX,1
EZH2,SIRT1,1
EZH2,SOX17,1
EZH2,SUZ12,1
EZH2,TIMP3,1
EZH2,TLE1,1
EZH2,TOP2A,1
EZH2,UHRF1,1
FHL2,CCND1,1
FHL2,FOXO1,1
FHL2,NCOA3,1
FHL2,NCOA6,1
FHL2,SIRT1,1
FIZ1,KIT,1
FOSL2,MAPK11,1
FOSL2,MAPK13,1
FOSL2,MAPK8,1
FOXA2,GATA6,1
FOXA2,HES6,1
FOXA2,HIF1A,1
FOXA2,NFATC3,1
FOXD3,ARID1A,1
FOXD3,CHN2,1
FOXD3,CTNNB1,1
FOXD3,DUSP6,1
FOXD3,HK2,1
FOXD3,KDM3A,1
FOXD3,KLF4,1
FOXD3,MEIS1,1
FOXD3,MOV10,1
FOXD3,NFIB,1
FOXD3,NFIL3,1
FOXD3,NR2F2,1
FOXD3,OTX2,1
FOXD3,RBM47,1
FOXD3,SATB1,1
FOXD3,SGK1,1
FOXD3,SNORA81,1
FOXD3,TBX3,1
FOXD3,TEAD1,1
FOXD3,ZBTB38,1
FOXD3,ZEB2,1
FOXH1,SMAD3,1
FOXH1,SMAD4,1
FOXJ2,ALPL,1
FOXJ2,ARHGAP21,1
FOXJ2,ATP1B1,1
FOXJ2,CALCOCO1,1
FOXJ2,CDH6,1
FOXJ2,CDKN1A,1
FOXJ2,CITED2,1
FOXJ2,CLDN6,1
FOXJ2,CTNNB1,1
FOXJ2,DIDO1,1
FOXJ2,ESRRB,1
FOXJ2,ETL4,1
FOXJ2,ETV1,1
FOXJ2,FOXQ1,1
FOXJ2,HDAC7,1
FOXJ2,INTS12,1
FOXJ2,LHX2,1
FOXJ2,LMO4,1
FOXJ2,LRRC1,1
FOXJ2,MAML1,1
FOXJ2,MIR1905,1
FOXJ2,MIR669A-1,1
FOXJ2,MSX2,1
FOXJ2,NFXL1,1
FOXJ2,NR2F2,1
FOXJ2,PDCD4,1
FOXJ2,PDCD6IP,1
FOXJ2,PRDM1,1
FOXJ2,RBM47,1
FOXJ2,RFFL,1
FOXJ2,RUNX1,1
FOXJ2,SALL1,1
FOXJ2,SATB1,1
FOXJ2,SEC23A,1
FOXJ2,SGK1,1
FOXJ2,SND1,1
FOXJ2,SPNS2,1
FOXJ2,TEX264,1
FOXJ2,TLE1,1
FOXJ2,TOX3,1
FOXJ2,TRIM2,1
FOXJ2,TRPS1,1
FOXJ2,TXNDC11,1
FOXJ2,TXNDC12,1
FOXJ2,USP3,1
FOXJ2,ZBTB20,1
FOXJ2,ZEB2,1
FOXO1,AATF,1
FOXO1,BTG1,1
FOXO1,CACHD1,1
FOXO1,CREB5,1
FOXO1,CTNNB1,1
FOXO1,CTSL,1
FOXO1,DDB1,1
FOXO1,ETV5,1
FOXO1,FBP2,1
FOXO1,FHL2,1
FOXO1,GABARAP,1
FOXO1,GABPA,1
FOXO1,GNRH1,1
FOXO1,HDAC4,1
FOXO1,HEXIM1,1
FOXO1,HIVEP2,1
FOXO1,HNF4A,1
FOXO1,ID2,1
FOXO1,IRF4,1
FOXO1,LMO4,1
FOXO1,MME,1
FOXO1,MOV10,1
FOXO1,MSX2,1
FOXO1,NFATC1,1
FOXO1,NFE2L1,1
FOXO1,ORC2,1
FOXO1,OTX2,1
FOXO1,PATZ1,1
FOXO1,PHF14,1
FOXO1,PITPNC1,1
FOXO1,PITX2,1
FOXO1,PRDM1,1
FOXO1,PROX1,1
FOXO1,SATB2,1
FOXO1,SGK1,1
FOXO1,SIRT1,1
FOXO1,SIRT2,1
FOXO1,SLC25A39,1
FOXO1,SNORA23,1
FOXO1,SP8,1
FOXO1,SQSTM1,1
FOXO1,STT3A,1
FOXO1,TCF15,1
FOXO1,TCF20,1
FOXO1,TFAP4,1
FOXO1,TGIF1,1
FOXO1,TSPAN4,1
FOXO1,VCAN,1
FOXO3,AKT1,1
FOXO3,BTG1,1
FOXO3,CNOT6,1
FOXO3,CNOT6L,1
FOXO3,CRIP2,1
FOXO3,CUX2,1
FOXO3,D230025D16RIK,1
FOXO3,DDB1,1
FOXO3,EP300,1
FOXO3,ETV5,1
FOXO3,FOXP1,1
FOXO3,HEXIM1,1
FOXO3,HIF1A,1
FOXO3,HIVEP2,1
FOXO3,ID2,1
FOXO3,IRF4,1
FOXO3,ISYNA1,1
FOXO3,MCM7,1
FOXO3,MDM2,1
FOXO3,MME,1
FOXO3,NFATC1,1
FOXO3,NRG1,1
FOXO3,ORC2,1
FOXO3,OTX2,1
FOXO3,PHF12,1
FOXO3,PITX2,1
FOXO3,PRDM1,1
FOXO3,PROX1,1
FOXO3,PURA,1
FOXO3,RAPGEF3,1
FOXO3,SMAD7,1
FOXO3,SMARCA2,1
FOXO3,SOX2,1
FOXO3,SQSTM1,1
FOXO3,TBL1X,1
FOXO3,TCF15,1
FOXO3,TFAP4,1
FOXO3,TGIF1,1
FOXO3,TNK2,1
FOXO3,TOX4,1
FOXO3,TSPAN4,1
FOXO3,VCAN,1
FOXO3,WDFY1,1
FOXO3,WWTR1,1
FOXO3,ZBTB43,1
FOXO3,ZFP277,1
FOXP1,HTT,1
FOXP1,PER1,1
FOXP1,PHF2,1
FOXP1,SMAD4,1
FUBP3,POU5F1,1
FUS,GRIN1,1
FUS,RARA,1
FXR1,NANOG,1
GABPA,POU5F1,1
GATA3,BMP6,1
GATA3,DDX5,1
GATA3,DNMT3A,1
GATA3,ETV1,1
GATA3,GATA6,1
GATA3,HDAC7,1
GATA3,JUN,1
GATA3,LAMB1,1
GATA3,LRP2,1
GATA3,LRRC2,1
GATA3,PKNOX2,1
GATA3,RPS6KA6,1
GATA3,SFPQ,1
GATA3,SOX2,1
GATA3,SPRY2,1
GATA3,ST3GAL6,1
GATA3,TRP53,1
GATA3,ZFP219,1
GATA3,ZFPM1,1
GATA4,CTCF,1
GATA4,EP300,1
GATA4,EZH2,1
GATA4,GATA6,1
GATA4,JARID2,1
GATA4,POLR2A,1
GATA4,POU5F1,1
GATA4,RNF2,1
GATA4,RYBP,1
GATA4,SMAD2,1
GATA4,SMAD3,1
GATA4,SMAD4,1
GATA4,SMARCA4,1
GATA6,BMI1,1
GATA6,CALR,1
GATA6,CDKN1A,1
GATA6,DAB2,1
GATA6,FOXA2,1
GATA6,GATA3,1
GATA6,GATA4,1
GATA6,SMAD4,1
GATA6,SOX17,1
GATA6,TBX3,1
GATA6,ZFPM1,1
GATAD2B,ESRRB,1
GATAD2B,L3MBTL2,1
GATAD2B,MBD2,1
GATAD2B,NACC1,1
GATAD2B,NANOG,1
GATAD2B,POU5F1,1
GATAD2B,SALL4,1
GATAD2B,TFCP2L1,1
GLI1,BMP4,1
GLI1,FOXA2,1
GLI1,GLI2,1
GLI1,SERPINE2,1
GLI1,SMARCB1,1
GLI1,SMARCC2,1
GLI2,BMP4,1
GLI2,CCND2,1
GLI2,CHD7,1
GLI2,FOXA2,1
GLI2,HDAC4,1
GLI2,HDAC5,1
GLI2,PIAS1,1
GLI2,POU5F1,1
GLI2,SOX2,1
GLI2,TULP3,1
GLIS2,CTBP1,1
GLIS2,HDAC3,1
GRHL1,NCOA3,1
GRHL1,NCOA6,1
GTF2A1L,TBPL1,1
GTF2H3,DDB1,1
GTF2H3,DDB2,1
GTF2H3,ERCC3,1
GTF2H3,ERCC8,1
GTF2H3,GTF2H4,1
GTF2H3,POLR1A,1
GTF2H3,POLR1B,1
GTF2H3,POLR1C,1
GTF2H3,POLR2B,1
GTF2H3,POLR2E,1
GTF2H3,POLR2H,1
GTF2H3,POLR2I,1
GTF2H3,POLR2J,1
GTF2H3,POLR2K,1
GTF2H3,TAF1,1
GTF2H3,TAF6,1
GTF2H3,TAF9,1
GTF2H3,TCEA1,1
GTF2H3,XAB2,1
GTF2H4,DDB1,1
GTF2H4,DDB2,1
GTF2H4,ERCC3,1
GTF2H4,ERCC8,1
GTF2H4,GTF2H3,1
GTF2H4,POLR1A,1
GTF2H4,POLR1B,1
GTF2H4,POLR1C,1
GTF2H4,POLR2B,1
GTF2H4,POLR2E,1
GTF2H4,POLR2H,1
GTF2H4,POLR2I,1
GTF2H4,POLR2J,1
GTF2H4,POLR2K,1
GTF2H4,TAF1,1
GTF2H4,TAF6,1
GTF2H4,TAF9,1
GTF2H4,TCEA1,1
GTF2H4,XAB2,1
GTF2I,HDAC3,1
GTF2I,PIAS2,1
GTF2I,POU5F1,1
GTF2I,SMAD4,1
GTF2I,SRF,1
GTF3C1,POLR1C,1
GTF3C1,POLR2E,1
GTF3C1,POLR2H,1
GTF3C1,POLR2K,1
GTF3C1,POLR3B,1
GTF3C1,POLR3D,1
GTF3C1,POLR3F,1
GTF3C1,TOX3,1
HCFC1,ESRRB,1
HCFC1,NDN,1
HCFC1,POU5F1,1
HCFC1,RUNX1,1
HCFC1,TFCP2L1,1
HDAC10,EWSR1,1
HDAC10,HDAC1,1
HDAC10,HDAC11,1
HDAC10,HDAC2,1
HDAC10,HDAC4,1
HDAC10,HDAC7,1
HDAC10,HIST1H2AC,1
HDAC10,HIST1H2AF,1
HDAC10,HIST1H2AG,1
HDAC10,HIST1H2AI,1
HDAC10,HIST1H2AK,1
HDAC10,HIST1H2BB,1
HDAC10,HIST1H2BF,1
HDAC10,HIST1H2BK,1
HDAC10,HIST1H2BL,1
HDAC10,HIST1H2BN,1
HDAC10,MAML1,1
HDAC10,MBD2,1
HDAC10,MTA3,1
HDAC10,PAX6,1
HDAC10,PHF12,1
HDAC10,RBBP4,1
HDAC10,RBBP7,1
HDAC10,SALL1,1
HDAC10,SAP30,1
HDAC10,SATB2,1
HDAC10,ZFP236,1
HDAC10,ZFP275,1
HDAC11,HDAC1,1
HDAC11,HDAC10,1
HDAC11,HDAC2,1
HDAC11,HDAC4,1
HDAC11,HDAC7,1
HDAC11,HIST1H2AC,1
HDAC11,HIST1H2AF,1
HDAC11,HIST1H2AG,1
HDAC11,HIST1H2AI,1
HDAC11,HIST1H2AK,1
HDAC11,HIST1H2BB,1
HDAC11,HIST1H2BF,1
HDAC11,HIST1H2BK,1
HDAC11,HIST1H2BL,1
HDAC11,HIST1H2BN,1
HDAC11,MBD2,1
HDAC11,MTA3,1
HDAC11,PHF12,1
HDAC11,RBBP4,1
HDAC11,RBBP7,1
HDAC11,SALL1,1
HDAC11,SAP30,1
HDAC11,SATB2,1
HDAC11,SIRT1,1
HDAC1,APEX1,1
HDAC1,ARID1A,1
HDAC1,ATF3,1
HDAC1,CCND1,1
HDAC1,CCNE1,1
HDAC1,CHD5,1
HDAC1,CRY1,1
HDAC1,CTBP1,1
HDAC1,DNMT1,1
HDAC1,E2F1,1
HDAC1,EED,1
HDAC1,ESRRB,1
HDAC1,ETS1,1
HDAC1,EZH2,1
HDAC1,HDAC10,1
HDAC1,HDAC11,1
HDAC1,HDAC2,1
HDAC1,HDAC4,1
HDAC1,HDAC7,1
HDAC1,HIST1H2AC,1
HDAC1,HIST1H2AF,1
HDAC1,HIST1H2AG,1
HDAC1,HIST1H2AI,1
HDAC1,HIST1H2AK,1
HDAC1,HIST1H2BB,1
HDAC1,HIST1H2BF,1
HDAC1,HIST1H2BK,1
HDAC1,HIST1H2BL,1
HDAC1,HIST1H2BN,1
HDAC1,HIST1H3H,1
HDAC1,IFRD1,1
HDAC1,JDP2,1
HDAC1,KAT2B,1
HDAC1,KDM5B,1
HDAC1,KLF13,1
HDAC1,KLF6,1
HDAC1,L3MBTL2,1
HDAC1,MBD2,1
HDAC1,MSX2,1
HDAC1,MTA3,1
HDAC1,MYBBP1A,1
HDAC1,NANOG,1
HDAC1,NFKB2,1
HDAC1,PHB2,1
HDAC1,PHF12,1
HDAC1,PIAS2,1
HDAC1,POU5F1,1
HDAC1,RB1,1
HDAC1,RBBP4,1
HDAC1,RBBP7,1
HDAC1,RBPJ,1
HDAC1,RELA,1
HDAC1,RERE,1
HDAC1,RUNX1,1
HDAC1,SALL1,1
HDAC1,SALL4,1
HDAC1,SAP30,1
HDAC1,SATB2,1
HDAC1,SIN3A,1
HDAC1,SIN3B,1
HDAC1,SIRT1,1
HDAC1,SMAD4,1
HDAC1,SMARCA4,1
HDAC1,SOX2,1
HDAC1,STAT5A,1
HDAC1,TBX3,1
HDAC1,TCF7L2,1
HDAC1,TET1,1
HDAC1,TET2,1
HDAC1,TFCP2L1,1
HDAC1,TLE1,1
HDAC1,TRP53,1
HDAC1,UBTF,1
HDAC1,ZBTB7A,1
HDAC1,ZFPM1,1
HDAC2,APEX1,1
HDAC2,ARID1A,1
HDAC2,ATF3,1
HDAC2,BMI1,1
HDAC2,CBX4,1
HDAC2,CHD5,1
HDAC2,CRY1,1
HDAC2,CTBP1,1
HDAC2,DDX20,1
HDAC2,DNMT1,1
HDAC2,ESRRB,1
HDAC2,EZH1,1
HDAC2,EZH2,1
HDAC2,HDAC1,1
HDAC2,HDAC10,1
HDAC2,HDAC11,1
HDAC2,HDAC4,1
HDAC2,HDAC7,1
HDAC2,HIST1H2AC,1
HDAC2,HIST1H2AF,1
HDAC2,HIST1H2AG,1
HDAC2,HIST1H2AI,1
HDAC2,HIST1H2AK,1
HDAC2,HIST1H2BB,1
HDAC2,HIST1H2BF,1
HDAC2,HIST1H2BK,1
HDAC2,HIST1H2BL,1
HDAC2,HIST1H2BN,1
HDAC2,HIST1H3H,1
HDAC2,JDP2,1
HDAC2,L3MBTL2,1
HDAC2,MBD2,1
HDAC2,MTA3,1
HDAC2,MYBBP1A,1
HDAC2,NANOG,1
HDAC2,PARP1,1
HDAC2,PHC1,1
HDAC2,PHF12,1
HDAC2,PML,1
HDAC2,POU5F1,1
HDAC2,RB1,1
HDAC2,RBBP4,1
HDAC2,RBBP7,1
HDAC2,RBPJ,1
HDAC2,RNF2,1
HDAC2,RUNX1,1
HDAC2,SALL1,1
HDAC2,SALL4,1
HDAC2,SAP30,1
HDAC2,SATB2,1
HDAC2,SIN3A,1
HDAC2,SMARCA2,1
HDAC2,SMARCB1,1
HDAC2,SMARCC1,1
HDAC2,SOX2,1
HDAC2,SUZ12,1
HDAC2,TCF7L2,1
HDAC2,TET1,1
HDAC2,TET2,1
HDAC2,TFCP2L1,1
HDAC2,ZFPM1,1
HDAC3,ATF3,1
HDAC3,CALM2,1
HDAC3,CCND1,1
HDAC3,CCND3,1
HDAC3,EP300,1
HDAC3,GLIS2,1
HDAC3,GTF2I,1
HDAC3,HDAC4,1
HDAC3,HDAC7,1
HDAC3,HIF1A,1
HDAC3,HIST1H2AC,1
HDAC3,HIST1H2AF,1
HDAC3,HIST1H2AG,1
HDAC3,HIST1H2AI,1
HDAC3,HIST1H2AK,1
HDAC3,HIST1H2BB,1
HDAC3,HIST1H2BF,1
HDAC3,HIST1H2BK,1
HDAC3,HIST1H2BL,1
HDAC3,HIST1H2BN,1
HDAC3,JDP2,1
HDAC3,KLF6,1
HDAC3,KNTC1,1
HDAC3,MAML1,1
HDAC3,MAML3,1
HDAC3,MED12,1
HDAC3,MED15,1
HDAC3,MED21,1
HDAC3,MED31,1
HDAC3,MED4,1
HDAC3,NCOA3,1
HDAC3,NCOA6,1
HDAC3,NCOR1,1
HDAC3,NOTCH1,1
HDAC3,NPAS2,1
HDAC3,NR1D1,1
HDAC3,NUSAP1,1
HDAC3,PROX1,1
HDAC3,SIN3B,1
HDAC3,SMARCA4,1
HDAC3,SOX2,1
HDAC3,SP1,1
HDAC3,TGFB1,1
HDAC3,TPX2,1
HDAC4,ATM,1
HDAC4,FOXO1,1
HDAC4,GJA1,1
HDAC4,GLI2,1
HDAC4,HDAC1,1
HDAC4,HDAC10,1
HDAC4,HDAC11,1
HDAC4,HDAC2,1
HDAC4,HDAC3,1
HDAC4,HDAC7,1
HDAC4,HIST1H2AC,1
HDAC4,HIST1H2AF,1
HDAC4,HIST1H2AG,1
HDAC4,HIST1H2AI,1
HDAC4,HIST1H2AK,1
HDAC4,HIST1H2BB,1
HDAC4,HIST1H2BF,1
HDAC4,HIST1H2BK,1
HDAC4,HIST1H2BL,1
HDAC4,HIST1H2BN,1
HDAC4,IFRD1,1
HDAC4,MBD2,1
HDAC4,MEF2A,1
HDAC4,MEF2C,1
HDAC4,MEF2D,1
HDAC4,MTA3,1
HDAC4,PHF12,1
HDAC4,RBBP4,1
HDAC4,RBBP7,1
HDAC4,SALL1,1
HDAC4,SAP30,1
HDAC4,SATB2,1
HDAC5,GLI2,1
HDAC5,HIST1H2AC,1
HDAC5,HIST1H2AF,1
HDAC5,HIST1H2AG,1
HDAC5,HIST1H2AI,1
HDAC5,HIST1H2AK,1
HDAC5,HIST1H2BB,1
HDAC5,HIST1H2BF,1
HDAC5,HIST1H2BK,1
HDAC5,HIST1H2BL,1
HDAC5,HIST1H2BN,1
HDAC5,MEF2A,1
HDAC5,MEF2C,1
HDAC5,MEF2D,1
HDAC7,HDAC1,1
HDAC7,HDAC10,1
HDAC7,HDAC11,1
HDAC7,HDAC2,1
HDAC7,HDAC3,1
HDAC7,HDAC4,1
HDAC7,HIST1H2AC,1
HDAC7,HIST1H2AF,1
HDAC7,HIST1H2AG,1
HDAC7,HIST1H2AI,1
HDAC7,HIST1H2AK,1
HDAC7,HIST1H2BB,1
HDAC7,HIST1H2BF,1
HDAC7,HIST1H2BK,1
HDAC7,HIST1H2BL,1
HDAC7,HIST1H2BN,1
HDAC7,MAML1,1
HDAC7,MAML3,1
HDAC7,MBD2,1
HDAC7,MEF2C,1
HDAC7,MITF,1
HDAC7,MTA3,1
HDAC7,NOTCH1,1
HDAC7,PHF12,1
HDAC7,RBBP4,1
HDAC7,RBBP7,1
HDAC7,SALL1,1
HDAC7,SAP30,1
HDAC7,SATB2,1
HDGF,POU5F1,1
HES1,HES6,1
HES1,MAML1,1
HES1,MAML3,1
HES1,NOTCH1,1
HES1,SIRT1,1
HES6,EP300,1
HES6,FOXA2,1
HES6,HIF1A,1
HES6,MSC,1
HES6,MYCN,1
HES6,TLE1,1
HEY2,EP300,1
HEY2,ID4,1
HEY2,MAML1,1
HEY2,MAML3,1
HEY2,NOTCH1,1
HIF1A,ARNT2,1
HIF1A,ARNTL,1
HIF1A,CDKN1A,1
HIF1A,CTSD,1
HIF1A,EP300,1
HIF1A,FN1,1
HIF1A,FOXA2,1
HIF1A,FOXO3,1
HIF1A,HDAC3,1
HIF1A,HES6,1
HIF1A,HIF3A,1
HIF1A,HK2,1
HIF1A,HKDC1,1
HIF1A,KRT18,1
HIF1A,KRT19,1
HIF1A,NCOA3,1
HIF1A,NCOA6,1
HIF1A,NOTCH1,1
HIF1A,NPAS2,1
HIF1A,NR1D1,1
HIF1A,P4HA1,1
HIF1A,P4HB,1
HIF1A,PDGFA,1
HIF1A,PDK1,1
HIF1A,PFKL,1
HIF1A,PLAUR,1
HIF1A,PLOD1,1
HIF1A,PLOD2,1
HIF1A,SMAD3,1
HIF1A,TFRC,1
HIF1A,TGFB1,1
HIF1A,TRP53,1
HIF3A,HIF1A,1
HIF3A,VEGFA,1
HIST1H1B,NASP,1
HIST1H1D,NASP,1
HIST1H2BB,HDAC1,1
HIST1H2BB,HDAC10,1
HIST1H2BB,HDAC11,1
HIST1H2BB,HDAC2,1
HIST1H2BB,HDAC3,1
HIST1H2BB,HDAC4,1
HIST1H2BB,HDAC5,1
HIST1H2BB,HDAC7,1
HMGA1,CBX7,1
HMGA1,RB1,1
HMGA2,RB1,1
HMGA2,SMAD4,1
HMGB2,BUB1B,1
HMGB2,CCNB1,1
HMGB2,CCNB2,1
HMGB2,CDC20,1
HMGB2,CTNNB1,1
HMGB2,MCM2,1
HMGB2,MCM3,1
HMGB2,MCM4,1
HMGB2,MCM6,1
HMGB2,MCM7,1
HMGB2,PCNA,1
HMGB2,RRM2,1
HMGB2,TOP2A,1
HMGB2,UBE2C,1
HMGB2,UHRF1,1
HMGXB4,RBBP4,1
HNF1B,HSF2BP,1
HNF1B,KAT2B,1
HNF1B,PCBD1,1
HNF1B,SMAD4,1
HNF4A,CITED2,1
HNF4A,ESRRB,1
HNF4A,FOXO1,1
HNF4A,NR0B1,1
HNF4A,NR1D1,1
HNF4A,NR1D2,1
HNF4A,NR2F6,1
HNF4A,NR4A1,1
HNF4A,NR5A2,1
HNF4A,RARG,1
HNF4A,SIRT1,1
HNF4A,SREBF1,1
HNF4A,TCF7L2,1
HNRNPAB,EED,1
HNRNPAB,POU5F1,1
HNRNPAB,RARA,1
HNRNPAB,TFCP2L1,1
HNRNPD,RARA,1
HOPX,SRF,1
HOXD13,MEIS1,1
HOXD13,SMAD2,1
HOXD13,SOX15,1
HSF2BP,HNF1B,1
HSF2,CUL7,1
HSF2,DMRT1,1
HSF2,DPP4,1
HSF2,ERF,1
HSF2,F3,1
HSF2,HEXIM1,1
HSF2,HSP90AA1,1
HSF2,HSPA8,1
HSF2,JUN,1
HSF2,KLF15,1
HSF2,KNTC1,1
HSF2,MDN1,1
HSF2,MEG3,1
HSF2,NCAPD2,1
HSF2,RASGRP2,1
HSF2,SMURF2,1
HSF2,YEATS2,1
HTT,ALPL,1
HTT,ASPH,1
HTT,ATP6V0E,1
HTT,CENPV,1
HTT,CLTC,1
HTT,CTNNB1,1
HTT,EZH2,1
HTT,FOXP1,1
HTT,GRIN1,1
HTT,HIP1,1
HTT,HSPA8,1
HTT,LDHB,1
HTT,REST,1
HTT,SQSTM1,1
HTT,SUZ12,1
HTT,TCERG1,1
HTT,TPM1,1
HTT,USP9X,1
ID2,CCND1,1
ID2,CDH1,1
ID2,CDKN1A,1
ID2,MYC,1
ID2,OVOL1,1
ID2,RB1,1
ID2,SMAD3,1
ID2,TCF12,1
ID2,TCF4,1
ID2,TGFB1,1
ID2,TRP53,1
ID2,VEGFA,1
ID3,ID4,1
ID3,TCF12,1
ID3,TCF4,1
ID4,HEY2,1
ID4,ID3,1
ID4,TCF12,1
IKBKB,AKT1,1
IKBKB,CITED2,1
IKBKB,DDX58,1
IKBKB,KEAP1,1
IKBKB,MAP3K1,1
IKBKB,NAGK,1
IKBKB,NFKB2,1
IKBKB,NME2,1
IKBKB,RELA,1
IKBKB,SNX1,1
IKBKB,SQSTM1,1
ILF2,ILF3,1
ILF2,NANOG,1
ILF2,POU5F1,1
ILF2,RUVBL1,1
ILF3,ILF2,1
ILF3,POU5F1,1
ING1,PCNA,1
ING3,ACTL6A,1
ING3,ESRRB,1
ING3,RUVBL1,1
ING3,TFCP2L1,1
ING3,YEATS4,1
IRF1,AFF1,1
IRF1,APP,1
IRF1,B2M,1
IRF1,CHD4,1
IRF1,COL4A1,1
IRF1,ELK4,1
IRF1,EMX2,1
IRF1,EPAS1,1
IRF1,ETV4,1
IRF1,EYA1,1
IRF1,F3,1
IRF1,FOSL2,1
IRF1,GRHL1,1
IRF1,ICAM1,1
IRF1,IRF2,1
IRF1,IRF4,1
IRF1,IRF6,1
IRF1,LRRK1,1
IRF1,MEF2A,1
IRF1,MT2,1
IRF1,OTX2,1
IRF1,PAX6,1
IRF1,PIAS3,1
IRF1,PIK3R1,1
IRF1,PML,1
IRF1,POLR2A,1
IRF1,PSME2,1
IRF1,RYBP,1
IRF1,SALL1,1
IRF1,SAT1,1
IRF1,SLC38A2,1
IRF1,SNORA81,1
IRF1,SNORD11,1
IRF1,SP8,1
IRF1,STAT4,1
IRF1,STAT5B,1
IRF1,TGIF1,1
IRF1,TMEM231,1
IRF1,USP9X,1
IRF1,ZBTB20,1
IRF1,ZFHX3,1
IRF1,ZYX,1
IRF2,AFF1,1
IRF2,APP,1
IRF2,B2M,1
IRF2,CCND1,1
IRF2,CHD4,1
IRF2,COL4A1,1
IRF2,ELK4,1
IRF2,EPAS1,1
IRF2,EYA1,1
IRF2,F3,1
IRF2,FOXP1,1
IRF2,GRHL1,1
IRF2,ICAM1,1
IRF2,IRF1,1
IRF2,IRF4,1
IRF2,IRF6,1
IRF2,KAT2B,1
IRF2,LIFR,1
IRF2,MEF2A,1
IRF2,MEIS1,1
IRF2,MT2,1
IRF2,MYD88,1
IRF2,OTX2,1
IRF2,PAWR,1
IRF2,PAX6,1
IRF2,PIK3R1,1
IRF2,PLAG1,1
IRF2,PML,1
IRF2,PSME2,1
IRF2,RBL1,1
IRF2,RYBP,1
IRF2,SALL1,1
IRF2,SLC38A2,1
IRF2,SNORA81,1
IRF2,SNORD11,1
IRF2,SP8,1
IRF2,STX5A,1
IRF2,TADA3,1
IRF2,TBL1X,1
IRF2,TCF15,1
IRF2,TMEM231,1
IRF2,USP9X,1
IRF2,ZBTB20,1
IRF3,AKT1,1
IRF4,B2M,1
IRF4,ICAM1,1
IRF4,IRF1,1
IRF4,IRF2,1
IRF4,IRF6,1
IRF4,MT2,1
IRF4,MYD88,1
IRF4,PML,1
IRF6,B2M,1
IRF6,ICAM1,1
IRF6,IRF1,1
IRF6,IRF2,1
IRF6,IRF4,1
IRF6,MT2,1
IRF6,PML,1
IRF6,SLC7A5,1
JARID2,BCLAF1,1
JARID2,EED,1
JARID2,EWSR1,1
JARID2,EZH1,1
JARID2,EZH2,1
JARID2,GATA4,1
JARID2,MTF2,1
JARID2,RB1,1
JARID2,RBBP4,1
JARID2,SETX,1
JARID2,SUZ12,1
JARID2,THRAP3,1
JDP2,ATF2,1
JDP2,DDIT3,1
JDP2,HDAC1,1
JDP2,HDAC2,1
JDP2,HDAC3,1
JDP2,MEIS3,1
JDP2,PBX4,1
JDP2,POLR2I,1
JMJD1C,ESRRB,1
JMJD1C,POU5F1,1
JMJD1C,TFCP2L1,1
JUN,2200002D01RIK,1
JUN,AKT1,1
JUN,AMOTL2,1
JUN,ANKS1,1
JUN,APP,1
JUN,ATF1,1
JUN,ATF3,1
JUN,ATF4,1
JUN,ATG16L2,1
JUN,ATP1B1,1
JUN,BRCA1,1
JUN,BTG2,1
JUN,CAR4,1
JUN,CIC,1
JUN,CLDN6,1
JUN,CLIC1,1
JUN,CRABP2,1
JUN,CSF1,1
JUN,CTNNB1,1
JUN,CTSL,1
JUND,2200002D01RIK,1
JUND,ATP1B1,1
JUND,CAR4,1
JUND,CLDN6,1
JUND,CLIC1,1
JUND,CRABP2,1
JUND,E2F6,1
JUND,ELF4,1
JUND,EWSR1,1
JUND,EYA1,1
JUND,F3,1
JUND,FRMD4A,1
JUND,GABARAPL1,1
JUND,GNAS,1
JUND,HDAC3,1
JUND,HSPA5,1
JUND,IRF6,1
JUND,KDM3A,1
JUND,MAPK11,1
JUND,MAPK13,1
JUND,MAPK8,1
JUND,ME1,1
JUND,MEN1,1
JUND,NDRG4,1
JUND,NFE2L2,1
JUND,NOTCH1,1
JUND,NR0B1,1
JUND,OVOL1,1
JUND,PAWR,1
JUND,PCSK6,1
JUND,PDIA3,1
JUND,PGD,1
JUND,POLR2H,1
JUND,PTH1R,1
JUND,RARG,1
JUND,RBBP7,1
JUND,SALL1,1
JUND,SLC38A2,1
JUND,SMAD3,1
JUND,SMARCA2,1
JUND,SMARCB1,1
JUND,SOS2,1
JUND,STAT5B,1
JUND,TAF10,1
JUND,TCF12,1
JUND,TUBA4A,1
JUND,TUBB4B,1
JUND,TUBB6,1
JUN,DUSP3,1
JUND,ZFP532,1
JUND,ZYX,1
JUN,E2F6,1
JUN,EBF1,1
JUN,EGR1,1
JUN,ELF4,1
JUN,EPHA2,1
JUN,EPS8L2,1
JUN,EWSR1,1
JUN,EYA1,1
JUN,F3,1
JUN,FRMD4A,1
JUN,GABARAPL1,1
JUN,GABARAPL2,1
JUN,GATA3,1
JUN,GATA4,1
JUN,GLIS2,1
JUN,GNAS,1
JUN,HCFC1,1
JUN,HDAC3,1
JUN,HSPA5,1
JUN,IDI1,1
JUN,IRF6,1
JUN,JUND,1
JUN,KDM3A,1
JUN,KDM5B,1
JUN,KLF4,1
JUN,KLF9,1
JUN,KRT8,1
JUN,LAPTM5,1
JUN,LDB1,1
JUN,MAP3K1,1
JUN,MAPK11,1
JUN,MAPK13,1
JUN,MAPK3,1
JUN,ME1,1
JUN,MEF2D,1
JUN,MSI2,1
JUN,MYL6,1
JUN,NDRG4,1
JUN,NFATC1,1
JUN,NFE2L1,1
JUN,NFX1,1
JUN,NOTCH1,1
JUN,NR0B1,1
JUN,NRF1,1
JUN,OVOL1,1
JUN,PAWR,1
JUN,PAX6,1
JUN,PCSK6,1
JUN,PDE4DIP,1
JUN,PDIA3,1
JUN,PEG3,1
JUN,PGD,1
JUN,PLK2,1
JUN,POLR2H,1
JUN,PTH1R,1
JUN,RARA,1
JUN,RARG,1
JUN,RBBP7,1
JUN,RELA,1
JUN,SALL1,1
JUN,SDC4,1
JUN,SERTAD2,1
JUN,SHISA5,1
JUN,SIDT2,1
JUN,SKIL,1
JUN,SLC20A1,1
JUN,SLC38A2,1
JUN,SLC7A3,1
JUN,SMAD3,1
JUN,SMARCA2,1
JUN,SMARCA5,1
JUN,SMARCB1,1
JUN,SMARCD1,1
JUN,SOS2,1
JUN,SP1,1
JUN,STAT5B,1
JUN,TAF10,1
JUN,TCF12,1
JUN,TCF4,1
JUN,TEAD1,1
JUN,TRP53BP1,1
JUN,TUBA4A,1
JUN,TUBB4B,1
JUN,TUBB6,1
JUN,VEGFA,1
JUN,VIM,1
JUN,ZBTB32,1
JUN,ZFP219,1
JUN,ZFP335,1
JUN,ZFP532,1
JUN,ZYX,1
KAT2B,CCND1,1
KAT2B,DEK,1
KAT2B,DR1,1
KAT2B,EP300,1
KAT2B,ESRRA,1
KAT2B,HDAC1,1
KAT2B,HIST1H3H,1
KAT2B,HNF1B,1
KAT2B,IRF2,1
KAT2B,KLF6,1
KAT2B,MAML1,1
KAT2B,MAML3,1
KAT2B,NOTCH1,1
KAT2B,POLE4,1
KAT2B,RARA,1
KAT2B,RBPJ,1
KAT2B,SIRT1,1
KAT2B,TRP53,1
KAT2B,USF1,1
KAT2B,YEATS2,1
KDM5B,HDAC1,1
KDM5B,SIN3A,1
KHDRBS1,SRSF1,1
KLF10,SMAD7,1
KLF13,HDAC1,1
KLF13,SIN3A,1
KLF2,MYC,1
KLF2,RHPN1,1
KLF3,CTBP2,1
KLF4,4930402H24RIK,1
KLF4,ABTB1,1
KLF4,ACTG1,1
KLF4,ADAM23,1
KLF4,AES,1
KLF4,AGAP3,1
KLF4,ANKS1,1
KLF4,ANXA2,1
KLF4,ANXA5,1
KLF4,APAF1,1
KLF4,ARHGAP1,1
KLF4,ASS1,1
KLF4,ATF3,1
KLF4,ATF7,1
KLF4,ATP6V0E,1
KLF4,BARD1,1
KLF4,BCAM,1
KLF4,BCL3,1
KLF4,BSG,1
KLF4,CALR,1
KLF4,CARHSP1,1
KLF4,CCNE1,1
KLF4,CDC42SE2,1
KLF4,CDKN1A,1
KLF4,CSRP2,1
KLF4,CTNNAL1,1
KLF4,CYBA,1
KLF4,DDB1,1
KLF4,DMRT1,1
KLF4,DNMT1,1
KLF4,DPPA2,1
KLF4,DUSP3,1
KLF4,E2F1,1
KLF4,EIF4A2,1
KLF4,ELK4,1
KLF4,ERLIN1,1
KLF4,ESRRA,1
KLF4,ESRRB,1
KLF4,FAM83D,1
KLF4,FOXH1,1
KLF4,FUBP3,1
KLF4,GCNT1,1
KLF4,GLUL,1
KLF4,GNRH1,1
KLF4,GPA33,1
KLF4,HES1,1
KLF4,HEXIM1,1
KLF4,HIST1H2AF,1
KLF4,HIST1H2BB,1
KLF4,HNRNPD,1
KLF4,HSP90AA1,1
KLF4,HTT,1
KLF4,IER2,1
KLF4,IFI30,1
KLF4,INTS12,1
KLF4,IRF6,1
KLF4,ISYNA1,1
KLF4,JUND,1
KLF4,KDELR3,1
KLF4,KDM5B,1
KLF4,KLF13,1
KLF4,KLF2,1
KLF4,KLF3,1
KLF4,KNTC1,1
KLF4,KRT19,1
KLF4,KRT8,1
KLF4,LAMA1,1
KLF4,LAMA5,1
KLF4,LASP1,1
KLF4,LDB1,1
KLF4,LDLRAP1,1
KLF4,LEFTY2,1
KLF4,LMF2,1
KLF4,LY6G6E,1
KLF4,MAFK,1
KLF4,MBD2,1
KLF4,MED12,1
KLF4,MED15,1
KLF4,MED21,1
KLF4,MED31,1
KLF4,MED4,1
KLF4,MEF2D,1
KLF4,MFGE8,1
KLF4,MFSD10,1
KLF4,MIR1949,1
KLF4,MTHFD2,1
KLF4,MYH9,1
KLF4,NACC1,1
KLF4,NAGK,1
KLF4,NCOA3,1
KLF4,NDRG1,1
KLF4,NFATC4,1
KLF4,NFE2L1,1
KLF4,NFIC,1
KLF4,NFKBIA,1
KLF4,NOTCH1,1
KLF4,PBXIP1,1
KLF4,PDIA5,1
KLF4,PDK1,1
KLF4,PER1,1
KLF4,PHF1,1
KLF4,PIPOX,1
KLF4,PLXNB2,1
KLF4,POU4F2,1
KLF4,POU5F1,1
KLF4,PRDX1,1
KLF4,PSAP,1
KLF4,PTH1R,1
KLF4,RAB11A,1
KLF4,RANGRF,1
KLF4,RARA,1
KLF4,RARG,1
KLF4,RASGRP2,1
KLF4,RBM14,1
KLF4,RBM38,1
KLF4,REV1,1
KLF4,RIF1,1
KLF4,RNF19A,1
KLF4,RNPEP,1
KLF4,S100A6,1
KLF4,SALL1,1
KLF4,SAP30,1
KLF4,SDC4,1
KLF4,SEC31A,1
KLF4,SERPINB6A,1
KLF4,SERTAD2,1
KLF4,SETX,1
KLF4,SFI1,1
KLF4,SGK1,1
KLF4,SHF,1
KLF4,SLC1A5,1
KLF4,SLC25A39,1
KLF4,SMARCA4,1
KLF4,SMARCB1,1
KLF4,SMARCC1,1
KLF4,SNORA74A,1
KLF4,SOX15,1
KLF4,STMN1,1
KLF4,STXBP2,1
KLF4,SUN1,1
KLF4,TCEA3,1
KLF4,TDH,1
KLF4,TEX264,1
KLF4,TGFB1,1
KLF4,THRAP3,1
KLF4,TMEM150A,1
KLF4,TPM4,1
KLF4,TRIB3,1
KLF4,TRIM13,1
KLF4,TRIM2,1
KLF4,TRIM28,1
KLF4,TUBB2B,1
KLF4,TUBB4B,1
KLF4,TULP3,1
KLF4,TXNDC11,1
KLF4,TXNIP,1
KLF4,UCHL1,1
KLF4,UPP1,1
KLF4,USP28,1
KLF4,UTF1,1
KLF4,VEGFA,1
KLF4,VKORC1,1
KLF4,XRCC6,1
KLF4,ZC3H7A,1
KLF4,ZFP367,1
KLF4,ZFP710,1
KLF6,ATF3,1
KLF6,CCND1,1
KLF6,HDAC1,1
KLF6,HDAC3,1
KLF6,KAT2B,1
KNTC1,BUB1B,1
KNTC1,CALM2,1
KNTC1,CCNB1,1
KNTC1,CDC20,1
KNTC1,CDCA7,1
KNTC1,ESPL1,1
KNTC1,FBXO5,1
KNTC1,HDAC3,1
KNTC1,MCM2,1
KNTC1,MCM3,1
KNTC1,MCM4,1
KNTC1,MCM6,1
KNTC1,MCM7,1
KNTC1,NUSAP1,1
KNTC1,RAD54B,1
KNTC1,RCC2,1
KNTC1,RRM2,1
KNTC1,SPC25,1
KNTC1,TIMELESS,1
KNTC1,TOP2A,1
KNTC1,TPX2,1
KNTC1,UBE2C,1
KNTC1,UHRF1,1
L3MBTL2,CHD4,1
L3MBTL2,E2F6,1
L3MBTL2,EHMT2,1
L3MBTL2,ESRRB,1
L3MBTL2,GATAD2B,1
L3MBTL2,HDAC1,1
L3MBTL2,HDAC2,1
L3MBTL2,HELLS,1
L3MBTL2,MTA3,1
L3MBTL2,MYBBP1A,1
L3MBTL2,NACC1,1
L3MBTL2,PARP1,1
L3MBTL2,POU5F1,1
L3MBTL2,RBBP4,1
L3MBTL2,RBBP7,1
L3MBTL2,REST,1
L3MBTL2,RIF1,1
L3MBTL2,RNF2,1
L3MBTL2,RYBP,1
L3MBTL2,SALL4,1
L3MBTL2,SIN3A,1
L3MBTL2,SMARCA4,1
L3MBTL2,SMARCA5,1
L3MBTL2,SMARCC1,1
L3MBTL2,TFCP2L1,1
L3MBTL2,TRIM28,1
LDB1,LHX2,1
LDB1,LMO4,1
LDB1,PITX2,1
LDB1,SSBP4,1
LDB1,ZFP446,1
LHX2,CITED2,1
LHX2,LDB1,1
LMO4,LDB1,1
MAFK,ASH2L,1
MAFK,NFE2L2,1
MAML1,EP300,1
MAML1,HDAC10,1
MAML1,HDAC3,1
MAML1,HDAC7,1
MAML1,HES1,1
MAML1,HEY2,1
MAML1,KAT2B,1
MAML1,MAML3,1
MAML1,MYC,1
MAML1,NOTCH1,1
MAML1,NOTCH2,1
MAML1,NOTCH4,1
MAML1,PHF2,1
MAML1,RBPJ,1
MAML3,EP300,1
MAML3,HDAC3,1
MAML3,HDAC7,1
MAML3,HES1,1
MAML3,HEY2,1
MAML3,KAT2B,1
MAML3,MAML1,1
MAML3,MYC,1
MAML3,NOTCH1,1
MAML3,NOTCH2,1
MAML3,NOTCH4,1
MAML3,RBPJ,1
MAPK3,CCND1,1
MAPK8,JUN,1
MAPK8,SMAD4,1
MATR3,POU5F1,1
MATR3,RNF2,1
MAZ,CDKN1A,1
MAZ,VEGFA,1
MBD2,GATAD2B,1
MBD2,HDAC1,1
MBD2,HDAC10,1
MBD2,HDAC11,1
MBD2,HDAC2,1
MBD2,HDAC4,1
MBD2,HDAC7,1
MBD2,MAPK3,1
MBD2,MTA3,1
MBD2,PHF12,1
MBD2,RBBP4,1
MBD2,RBBP7,1
MBD2,SALL1,1
MBD2,SALL4,1
MBD2,SAP30,1
MBD2,SATB2,1
MBD2,TFCP2L1,1
MCM2,AIRE,1
MCM2,BUB1B,1
MCM2,CCNB1,1
MCM2,CCNB2,1
MCM2,CDC20,1
MCM2,CDCA7,1
MCM2,CDKN1A,1
MCM2,DNMT1,1
MCM2,ESPL1,1
MCM2,EZH2,1
MCM2,FBXO5,1
MCM2,HIST1H3H,1
MCM2,HMGB2,1
MCM2,KNTC1,1
MCM2,MCM10,1
MCM2,MCM3,1
MCM2,MCM4,1
MCM2,MCM6,1
MCM2,MCM7,1
MCM2,MSH6,1
MCM2,NASP,1
MCM2,ORC2,1
MCM2,PCNA,1
MCM2,RB1,1
MCM2,RRM2,1
MCM2,SPC25,1
MCM2,TIMELESS,1
MCM2,TOP2A,1
MCM2,TPX2,1
MCM2,UBE2C,1
MCM2,UHRF1,1
MCM3,BUB1B,1
MCM3,CCNB1,1
MCM3,CCNB2,1
MCM3,CDC20,1
MCM3,CDCA7,1
MCM3,CDKN1A,1
MCM3,DNMT1,1
MCM3,EZH2,1
MCM3,FBXO5,1
MCM3,HIRIP3,1
MCM3,HMGB2,1
MCM3,KNTC1,1
MCM3,MCM10,1
MCM3,MCM2,1
MCM3,MCM4,1
MCM3,MCM6,1
MCM3,MCM7,1
MCM3,MSH6,1
MCM3,NANOG,1
MCM3,NASP,1
MCM3,ORC2,1
MCM3,PCNA,1
MCM3,RB1,1
MCM3,RCC2,1
MCM3,RRM2,1
MCM3,SPC25,1
MCM3,TIMELESS,1
MCM3,TOP2A,1
MCM3,TPX2,1
MCM3,UBE2C,1
MCM3,UHRF1,1
MCM4,BUB1B,1
MCM4,CCNB1,1
MCM4,CCNB2,1
MCM4,CDC20,1
MCM4,CDCA7,1
MCM4,CDKN1A,1
MCM4,DNMT1,1
MCM4,EZH2,1
MCM4,FBXO5,1
MCM4,HMGB2,1
MCM4,KNTC1,1
MCM4,MCM10,1
MCM4,MCM2,1
MCM4,MCM3,1
MCM4,MCM6,1
MCM4,MCM7,1
MCM4,MSH2,1
MCM4,MSH6,1
MCM4,NASP,1
MCM4,ORC2,1
MCM4,PCNA,1
MCM4,RB1,1
MCM4,RRM2,1
MCM4,TIMELESS,1
MCM4,TOP2A,1
MCM4,TPX2,1
MCM4,TRP53,1
MCM4,UHRF1,1
MCM5,ORC2,1
MCM5,POU5F1,1
MCM6,AIRE,1
MCM6,BUB1B,1
MCM6,CCNB1,1
MCM6,CCNB2,1
MCM6,CDC20,1
MCM6,CDKN1A,1
MCM6,DNMT1,1
MCM6,EZH2,1
MCM6,FBXO5,1
MCM6,HIST1H3H,1
MCM6,HMGB2,1
MCM6,KNTC1,1
MCM6,MCM10,1
MCM6,MCM2,1
MCM6,MCM3,1
MCM6,MCM4,1
MCM6,MCM7,1
MCM6,MSH6,1
MCM6,ORC2,1
MCM6,PCNA,1
MCM6,RB1,1
MCM6,RRM2,1
MCM6,SPC25,1
MCM6,TIMELESS,1
MCM6,TOP2A,1
MCM6,TPX2,1
MCM6,UBE2C,1
MCM6,UHRF1,1
MCM7,BUB1B,1
MCM7,CCNB1,1
MCM7,CCNB2,1
MCM7,CCND1,1
MCM7,CDC20,1
MCM7,CDCA7,1
MCM7,CDKN1A,1
MCM7,DNMT1,1
MCM7,EZH2,1
MCM7,HIRIP3,1
MCM7,HMGB2,1
MCM7,KNTC1,1
MCM7,MCM10,1
MCM7,MCM2,1
MCM7,MCM3,1
MCM7,MCM4,1
MCM7,MCM6,1
MCM7,MSH6,1
MCM7,NASP,1
MCM7,ORC2,1
MCM7,PCNA,1
MCM7,RB1,1
MCM7,RCC2,1
MCM7,RRM2,1
MCM7,SPC25,1
MCM7,TIMELESS,1
MCM7,TOP2A,1
MCM7,TPX2,1
MCM7,UBE2C,1
MCM7,UHRF1,1
MED12,CCND3,1
MED12,EP300,1
MED12,ESRRB,1
MED12,HDAC3,1
MED12,KLF4,1
MED12,MED15,1
MED12,MED21,1
MED12,MED31,1
MED12,MED4,1
MED12,NCOA3,1
MED12,NCOA6,1
MED12,TFCP2L1,1
MED12,TGFB1,1
MED12,THRAP3,1
MED15,CCND3,1
MED15,EP300,1
MED15,ESRRB,1
MED15,HDAC3,1
MED15,KLF4,1
MED15,MED12,1
MED15,MED21,1
MED15,MED31,1
MED15,MED4,1
MED15,NCOA3,1
MED15,NCOA6,1
MED15,RNF2,1
MED15,TGFB1,1
MED15,THRAP3,1
MED21,CCND3,1
MED21,EP300,1
MED21,HDAC3,1
MED21,KLF4,1
MED21,MED12,1
MED21,MED15,1
MED21,MED31,1
MED21,MED4,1
MED21,NCOA3,1
MED21,NCOA6,1
MED21,TGFB1,1
MED21,THRAP3,1
MED31,CCND3,1
MED31,EP300,1
MED31,HDAC3,1
MED31,KLF4,1
MED31,MED12,1
MED31,MED15,1
MED31,MED21,1
MED31,MED4,1
MED31,NCOA3,1
MED31,NCOA6,1
MED31,TGFB1,1
MED31,THRAP3,1
MED4,CCND3,1
MED4,EP300,1
MED4,ESRRB,1
MED4,HDAC3,1
MED4,KLF4,1
MED4,MED12,1
MED4,MED15,1
MED4,MED21,1
MED4,MED31,1
MED4,NCOA3,1
MED4,NCOA6,1
MED4,RNF2,1
MED4,TFCP2L1,1
MED4,TGFB1,1
MED4,THRAP3,1
MEF2A,2810025M15RIK,1
MEF2A,AATF,1
MEF2A,ANK,1
MEF2A,ARID5B,1
MEF2A,ATP1B1,1
MEF2A,BMP4,1
MEF2A,BRCA1,1
MEF2A,CEBPZ,1
MEF2A,CHN2,1
MEF2A,CNOT6,1
MEF2A,COL27A1,1
MEF2A,COTL1,1
MEF2A,DAZAP2,1
MEF2A,DDIT3,1
MEF2A,DR1,1
MEF2A,EHD1,1
MEF2A,ELAVL2,1
MEF2A,ELP2,1
MEF2A,ENAH,1
MEF2A,ESRRB,1
MEF2A,EYA1,1
MEF2A,FHOD1,1
MEF2A,FOSL2,1
MEF2A,FOXH1,1
MEF2A,GBX2,1
MEF2A,GJA1,1
MEF2A,GRHL1,1
MEF2A,HDAC4,1
MEF2A,HDAC5,1
MEF2A,HIST1H1A,1
MEF2A,HIST1H2AC,1
MEF2A,HIST1H2AG,1
MEF2A,HIST1H2AK,1
MEF2A,HIST1H2BB,1
MEF2A,HIST1H2BK,1
MEF2A,HIST1H2BL,1
MEF2A,HIST1H2BN,1
MEF2A,HIST1H4K,1
MEF2A,HOPX,1
MEF2A,HSPB1,1
MEF2A,ID3,1
MEF2A,KCNG1,1
MEF2A,KLF6,1
MEF2A,LDB1,1
MEF2A,LDLR,1
MEF2A,MAN1A,1
MEF2A,MAN1A2,1
MEF2A,MCAM,1
MEF2A,MEF2D,1
MEF2A,MEIS1,1
MEF2A,MIR1192,1
MEF2A,MIR1905,1
MEF2A,MRAS,1
MEF2A,MSX2,1
MEF2A,NCOR1,1
MEF2A,NR0B1,1
MEF2A,NR2F2,1
MEF2A,NR5A2,1
MEF2A,OTX2,1
MEF2A,PDE4DIP,1
MEF2A,PER1,1
MEF2A,PHB2,1
MEF2A,PHF1,1
MEF2A,PITPNC1,1
MEF2A,PLAG1,1
MEF2A,PLAT,1
MEF2A,PTH1R,1
MEF2A,RASGRP2,1
MEF2A,RFFL,1
MEF2A,RIAN,1
MEF2A,RLIM,1
MEF2A,SATB1,1
MEF2A,SERPINH1,1
MEF2A,SLC16A1,1
MEF2A,SLC6A6,1
MEF2A,SMAD2,1
MEF2A,SMARCA2,1
MEF2A,SNORA3,1
MEF2A,SOX2,1
MEF2A,SPOCK1,1
MEF2A,STAG3,1
MEF2A,TIMP2,1
MEF2A,TRPS1,1
MEF2A,VKORC1,1
MEF2A,ZBTB10,1
MEF2A,ZBTB20,1
MEF2C,HDAC5,1
MEF2C,HDAC7,1
MEF2C,IFRD1,1
MEF2C,MAPK11,1
MEF2C,MAPK13,1
MEF2C,NCOA3,1
MEF2C,PHB2,1
MEF2C,TRIP6,1
MEF2D,HDAC4,1
MEF2D,HDAC5,1
MEIS1,AATF,1
MEIS1,AQP3,1
MEIS1,ARID5B,1
MEIS1,ARNTL,1
MEIS1,ASXL1,1
MEIS1,ATF6,1
MEIS1,ATP13A3,1
MEIS1,BCAM,1
MEIS1,CLTC,1
MEIS1,DNAJC3,1
MEIS1,ESRRA,1
MEIS1,ETL4,1
MEIS1,FBXO5,1
MEIS1,GTF2I,1
MEIS1,HOXD13,1
MEIS1,KLB,1
MEIS1,KLF10,1
MEIS1,LDB1,1
MEIS1,NDN,1
MEIS1,NFATC4,1
MEIS1,NOTUM,1
MEIS1,NR2F2,1
MEIS1,PBX4,1
MEIS1,PHF12,1
MEIS1,PIK3R1,1
MEIS1,POLR2B,1
MEIS1,RB1,1
MEIS1,RFFL,1
MEIS1,RPP25,1
MEIS1,SATB1,1
MEIS1,SMARCA2,1
MEIS1,SMARCC1,1
MEIS1,SMARCD1,1
MEIS1,SMURF2,1
MEIS1,SOX2,1
MEIS1,SOX4,1
MEIS1,SSBP4,1
MEIS1,TCF4,1
MEIS1,TEAD4,1
MEIS1,TGIF1,1
MEIS1,TMEM59,1
MEIS1,TRIM2,1
MEIS1,TXNDC11,1
MEIS1,ZEB2,1
MEIS1,ZFHX3,1
MEIS1,ZFP281,1
MEIS1,ZFP36L1,1
MEIS3,JDP2,1
MEIS3,PBX4,1
MEN1,HIST1H3H,1
MEN1,IGFBP2,1
MEN1,SMAD4,1
MIS18BP1,CCNB1,1
MIS18BP1,RBBP4,1
MIS18BP1,RBBP7,1
MIS18BP1,RUVBL1,1
MIS18BP1,TPX2,1
MITF,DKK1,1
MITF,HDAC7,1
MITF,MAPK3,1
MITF,PIAS3,1
MITF,POU5F1,1
MITF,SMARCA4,1
MLLT1,RNF2,1
MSC,HES6,1
MSX2,CCND1,1
MSX2,HDAC1,1
MSX2,MAGED1,1
MSX2,NDN,1
MSX2,SPEN,1
MSX2,TWIST1,1
MTA3,CHD5,1
MTA3,ESRRB,1
MTA3,HDAC1,1
MTA3,HDAC10,1
MTA3,HDAC11,1
MTA3,HDAC2,1
MTA3,HDAC4,1
MTA3,HDAC7,1
MTA3,L3MBTL2,1
MTA3,MBD2,1
MTA3,PHF12,1
MTA3,POU5F1,1
MTA3,RBBP4,1
MTA3,RBBP7,1
MTA3,SALL1,1
MTA3,SALL4,1
MTA3,SAP30,1
MTA3,SATB2,1
MTA3,STAG3,1
MTA3,TFCP2L1,1
MTF2,EED,1
MTF2,EWSR1,1
MTF2,EZH1,1
MTF2,EZH2,1
MTF2,JARID2,1
MTF2,RBBP4,1
MTF2,SUZ12,1
MYBBP1A,AIRE,1
MYBBP1A,CRY1,1
MYBBP1A,DDX21,1
MYBBP1A,EED,1
MYBBP1A,HDAC1,1
MYBBP1A,HDAC2,1
MYBBP1A,L3MBTL2,1
MYBBP1A,NACC1,1
MYBBP1A,NANOG,1
MYBBP1A,NOP56,1
MYBBP1A,PA2G4,1
MYBBP1A,POLR1A,1
MYBBP1A,RNF2,1
MYBBP1A,RRP1B,1
MYBBP1A,RUVBL1,1
MYBBP1A,SMARCA2,1
MYBBP1A,SMARCA4,1
MYBBP1A,SRM,1
MYBL2,CCND1,1
MYBL2,E2F1,1
MYBL2,E2F4,1
MYBL2,ESRRB,1
MYBL2,FGF4,1
MYBL2,NR0B1,1
MYBL2,RBL1,1
MYBL2,TFCP2L1,1
MYBL2,TPX2,1
MYBL2,UCHL1,1
MYBL2,UHRF1,1
MYC,AATF,1
MYC,AI506816,1
MYC,AIRE,1
MYC,ALPL,1
MYC,AMPD2,1
MYC,APEX1,1
MYC,ARID1A,1
MYC,ASNS,1
MYC,ASS1,1
MYC,ASXL1,1
MYC,ATF4,1
MYC,ATF7,1
MYC,ATP13A3,1
MYC,ATP6V0B,1
MYC,ATP6V0E,1
MYC,BCAS3,1
MYC,BEX4,1
MYC,BMI1,1
MYC,BNIP3,1
MYC,CBX8,1
MYC,CCND1,1
MYC,CCND3,1
MYC,CD63,1
MYC,CITED2,1
MYC,CNOT8,1
MYC,CSF1,1
MYC,CSTB,1
MYC,CTSL,1
MYC,CUX2,1
MYC,DCTPP1,1
MYC,DDIT3,1
MYC,DDX21,1
MYC,DKC1,1
MYC,DNMT3A,1
MYC,E2F1,1
MYC,EDA2R,1
MYC,EHMT2,1
MYC,ELK1,1
MYC,ELK4,1
MYC,EP400,1
MYC,ERCC8,1
MYC,ERF,1
MYC,ESRRA,1
MYC,ETV1,1
MYC,ETV4,1
MYC,EWSR1,1
MYC,FABP3,1
MYC,FAM129B,1
MYC,FKBP11,1
MYC,FOXD3,1
MYC,FOXJ3,1
MYC,GNAS,1
MYC,GNS,1
MYC,HDAC3,1
MYC,HDGF,1
MYC,HES1,1
MYC,HES6,1
MYC,HIF1A,1
MYC,HK2,1
MYC,HMGA1,1
MYC,HNRNPAB,1
MYC,HOXD13,1
MYC,HSP90AA1,1
MYC,HSPA8,1
MYC,HSPG2,1
MYC,HYOU1,1
MYC,ID2,1
MYC,IER2,1
MYC,IFI30,1
MYC,IFITM3,1
MYC,IGFBP2,1
MYC,ILF3,1
MYC,ITPK1,1
MYC,KDELR2,1
MYC,KDM3A,1
MYC,KHDRBS1,1
MYC,KLF15,1
MYC,KLF2,1
MYC,KLF4,1
MYC,KLF9,1
MYC,KPNA2,1
MYC,KRTCAP2,1
MYC,LAMP1,1
MYC,MAML1,1
MYC,MAML3,1
MYC,MAPK3,1
MYC,MDN1,1
MYC,MED31,1
MYC,MEF2D,1
MYC,MEN1,1
MYC,MFSD10,1
MYC,MIR1949,1
MYC,MIR5121,1
MYC,MSL3,1
MYC,MTHFD2,1
MYC,MXD4,1
MYC,MYBBP1A,1
MYCN,1110038B12RIK,1
MYC,NAA15,1
MYCN,AARS,1
MYCN,AATF,1
MYCN,AGAP3,1
MYCN,AI506816,1
MYCN,ALPL,1
MYCN,AMPD2,1
MYCN,APEX1,1
MYCN,ARID1A,1
MYCN,ASS1,1
MYCN,ASXL1,1
MYCN,ATF1,1
MYCN,ATF4,1
MYCN,ATF5,1
MYCN,ATF6,1
MYCN,ATF7,1
MYCN,ATM,1
MYCN,ATP13A3,1
MYCN,ATP6V0E,1
MYCN,BCAT1,1
MYCN,BMP6,1
MYCN,BNIP3,1
MYCN,BSG,1
MYCN,BUB1B,1
MYCN,CALR,1
MYCN,CBX7,1
MYCN,CCND1,1
MYCN,CCND3,1
MYCN,CCNE1,1
MYCN,CD63,1
MYCN,CDCA7,1
MYCN,CENPB,1
MYCN,CHCHD10,1
MYCN,CHD7,1
MYCN,CITED2,1
MYCN,CLTC,1
MYC,NCOR1,1
MYCN,CRABP2,1
MYCN,CTBP2,1
MYCN,CTH,1
MYCN,CTSD,1
MYCN,CTSL,1
MYCN,CUX2,1
MYCN,DCTPP1,1
MYCN,DDIT3,1
MYCN,DDX21,1
MYCN,DDX5,1
MYCN,DKC1,1
MYCN,DNAJC2,1
MYCN,DNMT3A,1
MYCN,DR1,1
MYCN,EDA2R,1
MYCN,EHD1,1
MYCN,EHMT2,1
MYCN,EIF4EBP1,1
MYCN,ELK4,1
MYCN,ELL2,1
MYCN,ELOVL6,1
MYCN,ERCC8,1
MYCN,ESPL1,1
MYCN,ESRRA,1
MYCN,EWSR1,1
MYCN,FABP3,1
MYC,NFE2L2,1
MYC,NFKBIA,1
MYCN,FKBP11,1
MYCN,FOXJ3,1
MYCN,FOXO3,1
MYCN,FRMD4A,1
MYCN,GABARAP,1
MYCN,GBX2,1
MYCN,GFPT1,1
MYCN,GGA2,1
MYCN,GLI2,1
MYCN,GNAS,1
MYCN,GNPDA1,1
MYCN,GOT1,1
MYCN,HDGF,1
MYCN,HDLBP,1
MYCN,HES1,1
MYCN,HES6,1
MYCN,HIF3A,1
MYCN,HIST1H2BB,1
MYCN,HIST1H2BF,1
MYCN,HIST1H2BK,1
MYCN,HIST1H2BL,1
MYCN,HIST1H2BN,1
MYCN,HK2,1
MYCN,HMGA1,1
MYCN,HNRNPAB,1
MYCN,HNRNPD,1
MYCN,HNRNPK,1
MYCN,HSF2BP,1
MYCN,HSP90AA1,1
MYCN,HSPA8,1
MYCN,HSPG2,1
MYCN,HYOU1,1
MYCN,ICAM1,1
MYCN,IER2,1
MYCN,IFI30,1
MYCN,IFRD1,1
MYCN,ILF3,1
MYCN,ILK,1
MYCN,IMPDH1,1
MYCN,INSIG1,1
MYCN,INTS12,1
MYCN,KDM3A,1
MYCN,KDM5B,1
MYCN,KHDRBS1,1
MYCN,KIT,1
MYCN,KLF10,1
MYCN,KLF15,1
MYCN,KLF4,1
MYCN,KLF9,1
MYCN,KPNA2,1
MYCN,KRTCAP2,1
MYCN,L3MBTL2,1
MYCN,LAMP1,1
MYCN,LTBP4,1
MYCN,MANF,1
MYCN,MATR3,1
MYCN,MAZ,1
MYCN,MCM2,1
MYCN,MDM2,1
MYCN,MDN1,1
MYC,NME2,1
MYCN,MED31,1
MYCN,MEF2D,1
MYCN,MFSD1,1
MYCN,MFSD10,1
MYCN,MIR1949,1
MYCN,MIR5121,1
MYCN,MLLT1,1
MYCN,MLXIP,1
MYCN,MSI2,1
MYCN,MT2,1
MYCN,MTHFD2,1
MYCN,MXD4,1
MYCN,MYBBP1A,1
MYCN,NAA15,1
MYCN,NCOR1,1
MYCN,NFE2L2,1
MYCN,NFKBIA,1
MYCN,NFX1,1
MYCN,NME2,1
MYCN,NOP56,1
MYCN,NR1D1,1
MYCN,NR1D2,1
MYCN,NR2F2,1
MYCN,NR2F6,1
MYCN,NSD1,1
MYCN,NUP210,1
MYCN,NUP93,1
MYCN,NUPR1,1
MYCN,ODC1,1
MYC,NOTCH1,1
MYCN,OVOL1,1
MYCN,P4HB,1
MYCN,PA2G4,1
MYCN,PAPOLA,1
MYCN,PARP1,1
MYCN,PATZ1,1
MYCN,PCOLCE2,1
MYCN,PDCD11,1
MYCN,PDIA4,1
MYCN,PDIA5,1
MYCN,PELP1,1
MYCN,PFKL,1
MYCN,PGD,1
MYCN,PHF20,1
MYCN,PLAUR,1
MYCN,PLTP,1
MYCN,POLR1A,1
MYCN,POLR1B,1
MYCN,POLR2H,1
MYCN,POLR2J,1
MYCN,POLR3D,1
MYCN,POU2F1,1
MYCN,POU4F1,1
MYCN,PPIB,1
MYCN,PRDM5,1
MYCN,PRDX1,1
MYCN,PRDX4,1
MYCN,QDPR,1
MYC,NR0B1,1
MYC,NR1D1,1
MYCN,RAI14,1
MYCN,RANGRF,1
MYCN,RBBP4,1
MYCN,RBM38,1
MYCN,RBMXL2,1
MYCN,RCOR2,1
MYCN,RELA,1
MYCN,REV1,1
MYCN,RFX5,1
MYCN,RPN1,1
MYCN,RPP25,1
MYCN,RUVBL1,1
MYCN,RYBP,1
MYCN,SEC61A1,1
MYCN,SENP3,1
MYCN,SERBP1,1
MYCN,SERPINE2,1
MYCN,SET,1
MYCN,SIN3A,1
MYCN,SLC16A1,1
MYCN,SLC16A6,1
MYCN,SLC20A1,1
MYCN,SLC25A39,1
MYCN,SLC38A2,1
MYCN,SLC7A5,1
MYCN,SLC7A6,1
MYCN,SMAD3,1
MYCN,SMARCA4,1
MYCN,SMARCA5,1
MYCN,SMARCAD1,1
MYCN,SMARCC1,1
MYCN,SNAI1,1
MYCN,SND1,1
MYCN,SNORA26,1
MYCN,SNORA3,1
MYCN,SNORA33,1
MYCN,SNORA62,1
MYCN,SNORA74A,1
MYCN,SNORD17,1
MYCN,SNORD32A,1
MYCN,SNORD33,1
MYCN,SNORD34,1
MYCN,SNORD35A,1
MYCN,SNORD35B,1
MYCN,SNORD93,1
MYCN,SOCS2,1
MYCN,SOD1,1
MYCN,SOX2,1
MYCN,SRM,1
MYCN,SRSF3,1
MYCN,SRSF6,1
MYCN,SSB,1
MYCN,SSBP4,1
MYCN,STAG3,1
MYCN,STMN1,1
MYCN,SUN2,1
MYCN,SUZ12,1
MYCN,TBL1X,1
MYCN,TBRG1,1
MYCN,TCERG1,1
MYCN,TCOF1,1
MYCN,TDH,1
MYCN,TET2,1
MYCN,TFAP4,1
MYCN,TFRC,1
MYCN,TGFB1I1,1
MYCN,THRAP3,1
MYCN,TOPORS,1
MYCN,TRIM25,1
MYCN,TRIM28,1
MYCN,TRP53,1
MYCN,TSPAN4,1
MYCN,TWIST1,1
MYCN,TXNDC12,1
MYCN,TXNDC5,1
MYCN,UBE2C,1
MYCN,UCHL1,1
MYCN,UHRF1,1
MYCN,UNG,1
MYC,NUP93,1
MYC,NUPR1,1
MYCN,USP28,1
MYCN,WDFY1,1
MYCN,XAB2,1
MYCN,XRCC5,1
MYCN,YBX1,1
MYCN,YEATS2,1
MYCN,ZFP296,1
MYCN,ZFP423,1
MYCN,ZFP462,1
MYC,OVOL1,1
MYC,PA2G4,1
MYC,PAPOLA,1
MYC,PCOLCE2,1
MYC,PCSK6,1
MYC,PDK1,1
MYC,PGD,1
MYC,PIAS1,1
MYC,PIAS2,1
MYC,PIAS3,1
MYC,PITX2,1
MYC,POLR1A,1
MYC,POLR1B,1
MYC,POLR3D,1
MYC,PRDX1,1
MYC,PTH1R,1
MYC,RAB3IL1,1
MYC,RAPGEF3,1
MYC,RARG,1
MYC,RB1,1
MYC,RCOR2,1
MYC,SALL1,1
MYC,SENP3,1
MYC,SERPINE2,1
MYC,SET,1
MYC,SFI1,1
MYC,SGK1,1
MYC,SIN3A,1
MYC,SIRT1,1
MYC,SLC16A6,1
MYC,SLC20A1,1
MYC,SLC25A39,1
MYC,SLC26A10,1
MYC,SLC7A5,1
MYC,SMAD2,1
MYC,SMAD3,1
MYC,SMAD7,1
MYC,SMARCA4,1
MYC,SMARCA5,1
MYC,SND1,1
MYC,SNHG12,1
MYC,SNORA26,1
MYC,SNORA33,1
MYC,SNORA44,1
MYC,SNORA62,1
MYC,SNORA74A,1
MYC,SNORD17,1
MYC,SNORD32A,1
MYC,SNORD33,1
MYC,SNORD34,1
MYC,SNORD35A,1
MYC,SNORD35B,1
MYC,SNORD49A,1
MYC,SNORD49B,1
MYC,SNORD93,1
MYC,SNX2,1
MYC,SOCS2,1
MYC,SPNS2,1
MYC,SRM,1
MYC,SRSF1,1
MYC,SRSF3,1
MYC,SSB,1
MYC,STAG3,1
MYC,STAT5A,1
MYC,TAF6,1
MYC,TAF6L,1
MYC,TBL1X,1
MYC,TBRG1,1
MYC,TCERG1,1
MYC,TCF7,1
MYC,TCF7L2,1
MYC,TCOF1,1
MYC,TFAP4,1
MYC,TFRC,1
MYC,TIMP2,1
MYC,TMEM150A,1
MYC,TMEM9,1
MYC,TRIM25,1
MYC,TRIM32,1
MYC,TSPAN4,1
MYC,TUBA4A,1
MYC,TXNDC12,1
MYC,TXNDC5,1
MYC,UBE2C,1
MYC,UHRF1,1
MYC,USP3,1
MYC,VEGFA,1
MYC,YBX1,1
MYC,ZFP296,1
MYC,ZFP462,1
MYC,ZIC3,1
NAA15,COPS2,1
NAA15,EWSR1,1
NAA15,SSB,1
NAA15,TCERG1,1
NANOG,ARID5B,1
NANOG,CHD4,1
NANOG,DIDO1,1
NANOG,DNMT3A,1
NANOG,EED,1
NANOG,FXR1,1
NANOG,GATAD2B,1
NANOG,HDAC1,1
NANOG,HDAC2,1
NANOG,HELLS,1
NANOG,HSPB1,1
NANOG,ILF2,1
NANOG,L1TD1,1
NANOG,LEFTY1,1
NANOG,MCM3,1
NANOG,MDN1,1
NANOG,MOV10,1
NANOG,MSH2,1
NANOG,MSH6,1
NANOG,MYBBP1A,1
NANOG,NACC1,1
NANOG,NFKB2,1
NANOG,NONO,1
NANOG,PARP1,1
NANOG,PELP1,1
NANOG,PFKP,1
NANOG,PHC1,1
NANOG,PML,1
NANOG,POLR2H,1
NANOG,POU5F1,1
NANOG,PSIP1,1
NANOG,RBBP4,1
NANOG,RBBP7,1
NANOG,RBM14,1
NANOG,RBMXL2,1
NANOG,RCC2,1
NANOG,RELA,1
NANOG,REST,1
NANOG,RIF1,1
NANOG,RNF2,1
NANOG,RUVBL1,1
NANOG,RUVBL2,1
NANOG,SALL1,1
NANOG,SALL4,1
NANOG,SENP3,1
NANOG,SIN3A,1
NANOG,SMARCA2,1
NANOG,SMARCA4,1
NANOG,SMARCA5,1
NANOG,SOX2,1
NANOG,SP1,1
NANOG,TBX3,1
NANOG,TDH,1
NANOG,TOP2A,1
NANOG,TRIM28,1
NANOG,TUBA4A,1
NANOG,TUBB2B,1
NANOG,TUBB4B,1
NANOG,UHRF1,1
NANOG,ZFP281,1
NANOG,ZMYM2,1
NANOG,ZSCAN10,1
NCOA3,ACADM,1
NCOA3,CCND3,1
NCOA3,EHMT2,1
NCOA3,EP300,1
NCOA3,ERCC8,1
NCOA3,ESRRB,1
NCOA3,FHL2,1
NCOA3,GLIPR1,1
NCOA3,GRHL1,1
NCOA3,HDAC3,1
NCOA3,HIF1A,1
NCOA3,LGALS3,1
NCOA3,MED12,1
NCOA3,MED15,1
NCOA3,MED21,1
NCOA3,MED31,1
NCOA3,MED4,1
NCOA3,MEF2C,1
NCOA3,NCOA6,1
NCOA3,NFYA,1
NCOA3,NRIP1,1
NCOA3,PER1,1
NCOA3,PIAS1,1
NCOA3,POLR3F,1
NCOA3,RNF19A,1
NCOA3,SIN3B,1
NCOA3,SIRT1,1
NCOA3,SIRT2,1
NCOA3,SP1,1
NCOA3,SREBF1,1
NCOA3,TEAD3,1
NCOA3,TEAD4,1
NCOA3,TFCP2L1,1
NCOA3,TGFB1,1
NCOA3,TRIB3,1
NCOA3,TRPS1,1
NCOA3,WWTR1,1
NCOA3,ZFP219,1
NCOA6,ACADM,1
NCOA6,EP300,1
NCOA6,FHL2,1
NCOA6,GLIPR1,1
NCOA6,GRHL1,1
NCOA6,HDAC3,1
NCOA6,HIF1A,1
NCOA6,MED12,1
NCOA6,MED15,1
NCOA6,MED21,1
NCOA6,MED31,1
NCOA6,MED4,1
NCOA6,NCOA3,1
NCOA6,NFYA,1
NCOA6,NPAS2,1
NCOA6,RNF2,1
NCOA6,SIN3B,1
NCOA6,SP1,1
NCOA6,SREBF1,1
NCOA6,TEAD3,1
NCOA6,TEAD4,1
NCOA6,TRIB3,1
NCOA6,TRP53BP1,1
NCOA6,WWTR1,1
NCOA6,XRCC6,1
NCOR1,DDX20,1
NCOR1,NRIP1,1
NCOR1,PATZ1,1
NCOR1,PIK3R1,1
NCOR1,RARA,1
NCOR1,SIN3A,1
NCOR1,SIRT1,1
NCOR1,TBL1X,1
NDN,CHD7,1
NDN,CTBP2,1
NDN,DAZAP2,1
NDN,E2F1,1
NDN,E2F4,1
NDN,GNRH1,1
NDN,HCFC1,1
NDN,LAMB1,1
NDN,MAGED1,1
NDN,MCM10,1
NDN,MSX2,1
NDN,NFX1,1
NDN,SIRT1,1
NDN,SOX2,1
NDN,TADA3,1
NDN,TBRG1,1
NDN,WWTR1,1
NFATC1,ARL6IP5,1
NFATC1,CRY1,1
NFATC1,ETV1,1
NFATC1,ID2,1
NFATC1,LIFR,1
NFATC1,MAPK11,1
NFATC1,MAPK13,1
NFATC1,MFSD10,1
NFATC1,NFATC3,1
NFATC1,NR2F2,1
NFATC1,PCBP2,1
NFATC1,SATB1,1
NFATC1,TEAD1,1
NFATC1,USP3,1
NFATC1,VIM,1
NFATC3,ARL6IP5,1
NFATC3,CRY1,1
NFATC3,ETV1,1
NFATC3,FOXA2,1
NFATC3,ID2,1
NFATC3,LIFR,1
NFATC3,MAPK11,1
NFATC3,MAPK13,1
NFATC3,MFSD10,1
NFATC3,NFATC1,1
NFATC3,NFATC4,1
NFATC3,NR2F2,1
NFATC3,PCBP2,1
NFATC3,SATB1,1
NFATC3,TEAD1,1
NFATC3,USP3,1
NFATC3,VIM,1
NFATC4,MAPK11,1
NFATC4,MAPK13,1
NFATC4,MAPK8,1
NFATC4,NFATC3,1
NFE2L2,ATF3,1
NFE2L2,CDKN1A,1
NFE2L2,DDIT3,1
NFE2L2,JUND,1
NFE2L2,MAFK,1
NFE2L2,NRF1,1
NFIB,POLR1C,1
NFIB,POLR2E,1
NFIB,POLR2H,1
NFIB,POLR2K,1
NFIB,POLR3B,1
NFIB,POLR3D,1
NFIB,POLR3F,1
NFIB,SOX2,1
NFIC,CSF1,1
NFIC,HMGA2,1
NFIC,MAPK3,1
NFIC,PLAT,1
NFKB2,BCL3,1
NFKB2,HDAC1,1
NFKB2,ICAM1,1
NFKB2,IKBKB,1
NFKB2,NANOG,1
NFKB2,NFKBIA,1
NFKB2,RELA,1
NFKB2,SIN3A,1
NFKB2,TRP53,1
NFKBIA,AKT1,1
NFKBIA,HDAC3,1
NFKBIA,ICAM1,1
NFKBIA,IKBKB,1
NFKBIA,NFKB2,1
NFKBIA,RELA,1
NFKBIA,SQSTM1,1
NFKBIA,TGFB1,1
NFKBIA,TNFAIP3,1
NFKBIA,TRP53,1
NFX1,NDN,1
NFYA,AARS,1
NFYA,ANKRD54,1
NFYA,APOE,1
NFYA,ARHGAP21,1
NFYA,ATM,1
NFYA,BNC2,1
NFYA,BTG1,1
NFYA,CDC20,1
NFYA,CNOT6,1
NFYA,DDIT3,1
NFYA,DNAJC3,1
NFYA,ELAVL2,1
NFYA,ELL2,1
NFYA,ESPL1,1
NFYA,FDPS,1
NFYA,FGF4,1
NFYA,FHOD1,1
NFYA,FXR2,1
NFYA,HERPUD1,1
NFYA,HIST1H3H,1
NFYA,HMGA2,1
NFYA,IRF1,1
NFYA,LDB1,1
NFYA,MSH6,1
NFYA,NCOA3,1
NFYA,NCOA6,1
NFYA,NFATC4,1
NFYA,P4HB,1
NFYA,PDCD4,1
NFYA,PEG3,1
NFYA,PER1,1
NFYA,PIK3R1,1
NFYA,POLR2A,1
NFYA,RBM14,1
NFYA,RIAN,1
NFYA,RRM2,1
NFYA,SIRT2,1
NFYA,SLC1A5,1
NFYA,SMAD2,1
NFYA,SNORD83B,1
NFYA,SP1,1
NFYA,TMED2,1
NFYA,UBE2S,1
NFYA,ZC3H7A,1
NFYA,ZSWIM4,1
NFYB,AARS,1
NFYB,ANKRD54,1
NFYB,APOE,1
NFYB,ARHGAP21,1
NFYB,ATM,1
NFYB,BNC2,1
NFYB,BTG1,1
NFYB,DDIT3,1
NFYB,ELAVL2,1
NFYB,ESPL1,1
NFYB,FDPS,1
NFYB,FGF4,1
NFYB,FHOD1,1
NFYB,FXR2,1
NFYB,HIST1H3H,1
NFYB,HMGA2,1
NFYB,IRF1,1
NFYB,LDB1,1
NFYB,MSH6,1
NFYB,NFATC4,1
NFYB,NFYA,1
NFYB,PEG3,1
NFYB,PER1,1
NFYB,PIK3R1,1
NFYB,RBM14,1
NFYB,RIAN,1
NFYB,SIRT2,1
NFYB,SLC1A5,1
NFYB,SMAD2,1
NFYB,SNORD83B,1
NFYB,ZSWIM4,1
NKRF,EWSR1,1
NME2,IKBKB,1
NME2,PIK3R1,1
NME2,POLE4,1
NME2,POLR1A,1
NME2,POLR1B,1
NME2,POLR1C,1
NME2,POLR1E,1
NME2,POLR2A,1
NME2,POLR2B,1
NME2,POLR2E,1
NME2,POLR2H,1
NME2,POLR2I,1
NME2,POLR2J,1
NME2,POLR3B,1
NME2,POLR3D,1
NME2,POLR3F,1
NME2,RRM2,1
NONO,NANOG,1
NONO,PER1,1
NONO,POU5F1,1
NONO,RARA,1
NONO,SMARCA2,1
NONO,SMARCA4,1
NOTCH2,DTX1,1
NOTCH2,MAML1,1
NOTCH2,MAML3,1
NOTCH2,NOTCH1,1
NOTCH2,NOTCH4,1
NOTCH2,RBPJ,1
NOTCH4,DTX1,1
NOTCH4,MAML1,1
NOTCH4,MAML3,1
NOTCH4,NOTCH1,1
NOTCH4,NOTCH2,1
NOTCH4,RBPJ,1
NOTCH4,VEGFA,1
NPAS2,CRY1,1
NPAS2,EP300,1
NPAS2,HDAC3,1
NPAS2,HIF1A,1
NPAS2,NCOA3,1
NPAS2,NCOA6,1
NPAS2,NR1D1,1
NPAS2,NR1D2,1
NPAS2,PER1,1
NR0B1,ESRRB,1
NR0B1,FBXO15,1
NR0B1,MYBL2,1
NR0B1,NANOG,1
NR0B1,NR1D1,1
NR0B1,NR1D2,1
NR0B1,NR2F6,1
NR0B1,NR4A1,1
NR0B1,NR5A2,1
NR0B1,RARG,1
NR0B1,REST,1
NR0B1,RIF1,1
NR0B1,SALL1,1
NR0B1,SALL4,1
NR0B1,SP1,1
NR0B1,TFCP2L1,1
NR0B1,TRIM28,1
NR0B1,ZFP281,1
NR0B1,ZFP42,1
NR1D1,CRY1,1
NR1D1,EP300,1
NR1D1,ESRRB,1
NR1D1,HDAC3,1
NR1D1,HIF1A,1
NR1D1,HNF4A,1
NR1D1,NPAS2,1
NR1D1,NR0B1,1
NR1D1,NR1D2,1
NR1D1,NR2F6,1
NR1D1,NR4A1,1
NR1D1,NR5A2,1
NR1D1,RARG,1
NR1D2,CRY1,1
NR1D2,ESRRB,1
NR1D2,HNF4A,1
NR1D2,NPAS2,1
NR1D2,NR0B1,1
NR1D2,NR1D1,1
NR1D2,NR2F6,1
NR1D2,NR4A1,1
NR1D2,NR5A2,1
NR1D2,PER1,1
NR1D2,RARG,1
NR1H2,SIRT1,1
NR2C1,NRIP1,1
NR2F6,ESRRB,1
NR2F6,HNF4A,1
NR2F6,NR0B1,1
NR2F6,NR1D1,1
NR2F6,NR1D2,1
NR2F6,NR4A1,1
NR2F6,NR5A2,1
NR2F6,RARG,1
NR3C1,ATP1B1,1
NR3C1,CBX4,1
NR3C1,CIC,1
NR3C1,DKK1,1
NR3C1,E2F4,1
NR3C1,ESRRB,1
NR3C1,EZH1,1
NR3C1,GAA,1
NR3C1,HIF3A,1
NR3C1,HMGB2,1
NR3C1,IFI30,1
NR3C1,IMPDH1,1
NR3C1,MAPK3,1
NR3C1,MCM7,1
NR3C1,MYL6,1
NR3C1,NEU1,1
NR3C1,NFE2L1,1
NR3C1,NR2F2,1
NR3C1,NRG1,1
NR3C1,PDGFRA,1
NR3C1,PDIA6,1
NR3C1,PHLDA3,1
NR3C1,POLR2A,1
NR3C1,POU2F1,1
NR3C1,SGK1,1
NR3C1,TXNIP,1
NR3C1,USF1,1
NR3C1,VEGFA,1
NR3C1,YEATS4,1
NR4A1,ESRRB,1
NR4A1,GNRH1,1
NR4A1,HNF4A,1
NR4A1,NR0B1,1
NR4A1,NR1D1,1
NR4A1,NR1D2,1
NR4A1,NR2F6,1
NR4A1,NR5A2,1
NR4A1,RARG,1
NR5A2,ESRRB,1
NR5A2,GNRH1,1
NR5A2,HNF4A,1
NR5A2,NR1D1,1
NR5A2,NR1D2,1
NR5A2,NR2F6,1
NR5A2,NR4A1,1
NR5A2,RARG,1
NRF1,NFE2L2,1
NRIP1,ESRRB,1
NRIP1,NCOA3,1
NRIP1,NCOR1,1
NRIP1,NR2C1,1
NRIP1,RARA,1
NRIP1,TFCP2L1,1
NSD1,PLOD1,1
NSD1,PLOD2,1
NSD1,PLOD3,1
NUPR1,DDX5,1
ORC2,BUB1B,1
ORC2,CCNB1,1
ORC2,CDKN1A,1
ORC2,E2F1,1
ORC2,E2F2,1
ORC2,MCM10,1
ORC2,MCM2,1
ORC2,MCM3,1
ORC2,MCM4,1
ORC2,MCM5,1
ORC2,MCM6,1
ORC2,MCM7,1
ORC2,POU5F1,1
ORC2,RB1,1
ORC2,SPC25,1
OTX2,POU5F1,1
OTX2,ZBTB3,1
OVOL1,ID2,1
OVOL1,MYC,1
PA2G4,DKC1,1
PA2G4,MYBBP1A,1
PA2G4,NOP56,1
PA2G4,POLR1C,1
PA2G4,RUVBL1,1
PA2G4,SRM,1
PARP1,BRCA1,1
PARP1,CENPB,1
PARP1,DNMT1,1
PARP1,HDAC2,1
PARP1,L3MBTL2,1
PARP1,NANOG,1
PARP1,PCNA,1
PARP1,POU5F1,1
PARP1,SMAD4,1
PARP1,TRIM28,1
PARP1,XRCC6,1
PATZ1,AKT1,1
PATZ1,APLP1,1
PATZ1,ATF2,1
PATZ1,ATF3,1
PATZ1,CAMSAP3,1
PATZ1,CCNE1,1
PATZ1,CIC,1
PATZ1,COL27A1,1
PATZ1,CTBP2,1
PATZ1,DDIT3,1
PATZ1,DEK,1
PATZ1,ELL2,1
PATZ1,ENAH,1
PATZ1,FOXJ2,1
PATZ1,FOXO1,1
PATZ1,HNRNPAB,1
PATZ1,KRT17,1
PATZ1,LMO4,1
PATZ1,MIR466F-2,1
PATZ1,NCOR1,1
PATZ1,NFE2L1,1
PATZ1,NOTCH2,1
PATZ1,PHC1,1
PATZ1,PTH1R,1
PATZ1,RRBP1,1
PATZ1,SERPINH1,1
PATZ1,SLC6A8,1
PATZ1,TAF6,1
PATZ1,TRP53,1
PATZ1,UBTF,1
PATZ1,USF1,1
PATZ1,VEZF1,1
PATZ1,ZFP532,1
PATZ1,ZFP592,1
PAWR,AMOT,1
PAWR,PCBD1,1
PAX6,ARID5B,1
PAX6,ASNS,1
PAX6,CBX4,1
PAX6,CCNE1,1
PAX6,CIC,1
PAX6,DUSP9,1
PAX6,FUS,1
PAX6,FXYD6,1
PAX6,GTF3C1,1
PAX6,HDAC10,1
PAX6,HIRIP3,1
PAX6,HIST1H2AC,1
PAX6,HIST1H2AG,1
PAX6,HIST1H2AI,1
PAX6,HIST1H3H,1
PAX6,HOOK1,1
PAX6,JARID2,1
PAX6,MAML3,1
PAX6,MARCKS,1
PAX6,MITF,1
PAX6,MORC4,1
PAX6,NACC1,1
PAX6,NFIB,1
PAX6,NOTUM,1
PAX6,NR0B1,1
PAX6,PAPOLA,1
PAX6,PDE4DIP,1
PAX6,RELA,1
PAX6,RNF6,1
PAX6,SATB1,1
PAX6,SEC23A,1
PAX6,SERTAD2,1
PAX6,SMS,1
PAX6,SP1,1
PAX6,SPEN,1
PAX6,SPRY2,1
PAX6,TAF5,1
PAX6,TFEB,1
PAX6,TPI1,1
PAX6,TXNDC5,1
PAX6,VEGFA,1
PAX6,ZFP148,1
PAX6,ZFP281,1
PAX6,ZFP42,1
PAX6,ZFP592,1
PAX6,ZFP91,1
PAX8,RB1,1
PBX4,JDP2,1
PBX4,MEIS1,1
PBX4,MEIS3,1
PBX4,PKNOX2,1
PBX4,POLR2J,1
PBX4,SSBP4,1
PCBD1,BARD1,1
PCBD1,BRPF1,1
PCBD1,CHD4,1
PCBD1,ERCC8,1
PCBD1,HNF1B,1
PCBD1,PAWR,1
PCBD1,POLR1A,1
PCBD1,QDPR,1
PCBD1,SREBF1,1
PCBD1,ZFP36L1,1
PDCD11,DKC1,1
PER1,CRY1,1
PER1,EWSR1,1
PER1,FOXP1,1
PER1,NCOA3,1
PER1,NONO,1
PER1,NPAS2,1
PER1,NR1D2,1
PER1,SFPQ,1
PER1,SIN3A,1
PER1,TIMELESS,1
PHB2,HDAC1,1
PHB2,MEF2C,1
PHF12,HDAC1,1
PHF12,HDAC10,1
PHF12,HDAC11,1
PHF12,HDAC2,1
PHF12,HDAC4,1
PHF12,HDAC7,1
PHF12,MBD2,1
PHF12,MTA3,1
PHF12,RBBP4,1
PHF12,RBBP7,1
PHF12,SALL1,1
PHF12,SAP30,1
PHF12,SATB2,1
PHF12,SIN3B,1
PHF14,RNF2,1
PHF1,EWSR1,1
PHF1,EZH2,1
PHF2,FOXP1,1
PHF2,MAML1,1
PHF2,TOX3,1
PIAS1,GLI2,1
PIAS1,LGALS3,1
PIAS1,MYC,1
PIAS1,NCOA3,1
PIAS1,PLAGL2,1
PIAS1,RNF19A,1
PIAS1,STAT4,1
PIAS1,STAT5A,1
PIAS1,STAT5B,1
PIAS1,TFEB,1
PIAS1,TRIM32,1
PIAS1,TRP53,1
PIAS1,ZFP219,1
PIAS2,DAB2,1
PIAS2,GTF2I,1
PIAS2,HDAC1,1
PIAS2,MYC,1
PIAS2,PLAGL2,1
PIAS2,STAT4,1
PIAS2,STAT5A,1
PIAS2,STAT5B,1
PIAS2,TRIM32,1
PIAS2,TRP53,1
PIAS3,IRF1,1
PIAS3,MYC,1
PIAS3,RELA,1
PIAS3,STAT4,1
PIAS3,STAT5A,1
PIAS3,STAT5B,1
PITX1,EGR1,1
PITX1,TRP53,1
PITX2,CCND2,1
PITX2,CTNNB1,1
PITX2,EP300,1
PITX2,LDB1,1
PITX2,LEFTY2,1
PKNOX2,PBX4,1
PLAGL2,PIAS1,1
PLAGL2,PIAS2,1
PLRG1,CDC5L,1
PML,AGAP3,1
PML,B2M,1
PML,DAXX,1
PML,HDAC2,1
PML,ICAM1,1
PML,IRF1,1
PML,IRF2,1
PML,IRF4,1
PML,IRF6,1
PML,MT2,1
PML,NANOG,1
PML,POLR2E,1
PML,POU5F1,1
PML,RUNX1,1
PML,SIRT1,1
PML,SKIL,1
PMS1,EWSR1,1
PMS1,MSH2,1
PMS1,MSH6,1
POLR1A,CTCF,1
POLR1A,DKC1,1
POLR1A,ERCC3,1
POLR1A,EWSR1,1
POLR1A,GTF2H3,1
POLR1A,GTF2H4,1
POLR1A,MYBBP1A,1
POLR1A,MYCN,1
POLR1A,NME2,1
POLR1A,NOP56,1
POLR1A,PCBD1,1
POLR1A,POLR1B,1
POLR1A,POLR1C,1
POLR1A,POLR2E,1
POLR1A,POLR2H,1
POLR1A,POLR2K,1
POLR1A,POU2F1,1
POLR1B,CTCF,1
POLR1B,DKC1,1
POLR1B,ERCC3,1
POLR1B,GTF2H3,1
POLR1B,GTF2H4,1
POLR1B,NME2,1
POLR1B,NOP56,1
POLR1B,POLR1A,1
POLR1B,POLR1C,1
POLR1B,POLR1E,1
POLR1B,POLR2E,1
POLR1B,POLR2H,1
POLR1B,POLR2K,1
POLR1B,UBTF,1
POLR1C,DKC1,1
POLR1C,ERCC3,1
POLR1C,GTF2H3,1
POLR1C,GTF2H4,1
POLR1C,GTF3C1,1
POLR1C,NFIB,1
POLR1C,NME2,1
POLR1C,NOP56,1
POLR1C,PA2G4,1
POLR1C,POLR1A,1
POLR1C,POLR1B,1
POLR1C,POLR2B,1
POLR1C,POLR2E,1
POLR1C,POLR2H,1
POLR1C,POLR2J,1
POLR1C,POLR2K,1
POLR1C,POLR3B,1
POLR1C,POLR3D,1
POLR1C,POLR3F,1
POLR1C,RUVBL1,1
POLR1C,SNAPC3,1
POLR1C,SSB,1
POLR1E,CTCF,1
POLR1E,NME2,1
POLR1E,POLR1B,1
POLR1E,UBTF,1
POLR2A,AIRE,1
POLR2A,ESRRB,1
POLR2A,EZH2,1
POLR2A,GATA4,1
POLR2A,IRF1,1
POLR2A,LEFTY1,1
POLR2A,NFYA,1
POLR2A,NME2,1
POLR2A,RNF2,1
POLR2A,SMARCA4,1
POLR2B,ACTL6A,1
POLR2B,AIRE,1
POLR2B,ERCC3,1
POLR2B,ERCC8,1
POLR2B,ESRRB,1
POLR2B,EWSR1,1
POLR2B,GTF2H3,1
POLR2B,GTF2H4,1
POLR2B,NME2,1
POLR2B,PCBP2,1
POLR2B,POLR1C,1
POLR2B,POLR2E,1
POLR2B,POLR2H,1
POLR2B,POLR2I,1
POLR2B,POLR2J,1
POLR2B,POLR2K,1
POLR2B,SRSF1,1
POLR2B,SRSF6,1
POLR2B,TAF1,1
POLR2B,TAF6,1
POLR2B,TAF9,1
POLR2B,TCEA1,1
POLR2B,TFCP2L1,1
POLR2B,XAB2,1
POLR2B,ZFP275,1
POLR2E,DKC1,1
POLR2E,ERCC3,1
POLR2E,ERCC8,1
POLR2E,GTF2H3,1
POLR2E,GTF2H4,1
POLR2E,GTF3C1,1
POLR2E,NFIB,1
POLR2E,NME2,1
POLR2E,PCBP2,1
POLR2E,PML,1
POLR2E,POLR1A,1
POLR2E,POLR1B,1
POLR2E,POLR1C,1
POLR2E,POLR2B,1
POLR2E,POLR2H,1
POLR2E,POLR2I,1
POLR2E,POLR2J,1
POLR2E,POLR2K,1
POLR2E,POLR3B,1
POLR2E,POLR3D,1
POLR2E,POLR3F,1
POLR2E,RUVBL1,1
POLR2E,SNAPC3,1
POLR2E,SRSF1,1
POLR2E,SRSF6,1
POLR2E,SSB,1
POLR2E,TAF1,1
POLR2E,TAF6,1
POLR2E,TAF9,1
POLR2E,TCEA1,1
POLR2E,XAB2,1
POLR2H,DKC1,1
POLR2H,ERCC3,1
POLR2H,ERCC8,1
POLR2H,GTF2H3,1
POLR2H,GTF2H4,1
POLR2H,GTF3C1,1
POLR2H,NANOG,1
POLR2H,NFIB,1
POLR2H,NME2,1
POLR2H,PCBP2,1
POLR2H,POLR1A,1
POLR2H,POLR1B,1
POLR2H,POLR1C,1
POLR2H,POLR2B,1
POLR2H,POLR2E,1
POLR2H,POLR2I,1
POLR2H,POLR2J,1
POLR2H,POLR2K,1
POLR2H,POLR3B,1
POLR2H,POLR3D,1
POLR2H,POLR3F,1
POLR2H,SNAPC3,1
POLR2H,SRSF1,1
POLR2H,SRSF6,1
POLR2H,SSB,1
POLR2H,TAF1,1
POLR2H,TAF6,1
POLR2H,TAF9,1
POLR2H,TCEA1,1
POLR2H,XAB2,1
POLR2I,ERCC3,1
POLR2I,ERCC8,1
POLR2I,GTF2H3,1
POLR2I,GTF2H4,1
POLR2I,JDP2,1
POLR2I,NME2,1
POLR2I,PCBP2,1
POLR2I,PCNA,1
POLR2I,POLR2B,1
POLR2I,POLR2E,1
POLR2I,POLR2H,1
POLR2I,POLR2J,1
POLR2I,POLR2K,1
POLR2I,SRSF1,1
POLR2I,SRSF6,1
POLR2I,TAF1,1
POLR2I,TAF6,1
POLR2I,TAF9,1
POLR2I,TCEA1,1
POLR2I,XAB2,1
POLR2J,ERCC3,1
POLR2J,ERCC8,1
POLR2J,GTF2H3,1
POLR2J,GTF2H4,1
POLR2J,NME2,1
POLR2J,PBX4,1
POLR2J,PCBP2,1
POLR2J,POLR1C,1
POLR2J,POLR2B,1
POLR2J,POLR2E,1
POLR2J,POLR2H,1
POLR2J,POLR2I,1
POLR2J,POLR2K,1
POLR2J,SRSF1,1
POLR2J,SRSF6,1
POLR2J,TAF1,1
POLR2J,TAF6,1
POLR2J,TAF9,1
POLR2J,TCEA1,1
POLR2J,XAB2,1
POLR2K,ERCC3,1
POLR2K,ERCC8,1
POLR2K,GTF2H3,1
POLR2K,GTF2H4,1
POLR2K,GTF3C1,1
POLR2K,NFIB,1
POLR2K,PCBP2,1
POLR2K,POLR1A,1
POLR2K,POLR1B,1
POLR2K,POLR1C,1
POLR2K,POLR2B,1
POLR2K,POLR2E,1
POLR2K,POLR2H,1
POLR2K,POLR2I,1
POLR2K,POLR2J,1
POLR2K,POLR3B,1
POLR2K,POLR3D,1
POLR2K,POLR3F,1
POLR2K,SNAPC3,1
POLR2K,SRSF1,1
POLR2K,SRSF6,1
POLR2K,SSB,1
POLR2K,TAF1,1
POLR2K,TAF6,1
POLR2K,TAF9,1
POLR2K,TCEA1,1
POLR2K,XAB2,1
POLR3B,GTF3C1,1
POLR3B,NFIB,1
POLR3B,NME2,1
POLR3B,POLR1C,1
POLR3B,POLR2E,1
POLR3B,POLR2H,1
POLR3B,POLR2K,1
POLR3B,POLR3D,1
POLR3B,POLR3F,1
POLR3B,SNAPC3,1
POLR3B,SSB,1
POLR3D,GTF3C1,1
POLR3D,NFIB,1
POLR3D,NME2,1
POLR3D,POLR1C,1
POLR3D,POLR2E,1
POLR3D,POLR2H,1
POLR3D,POLR2K,1
POLR3D,POLR3B,1
POLR3D,POLR3F,1
POLR3D,SNAPC3,1
POLR3D,SSB,1
POLR3F,EWSR1,1
POLR3F,GTF3C1,1
POLR3F,NCOA3,1
POLR3F,NFIB,1
POLR3F,NME2,1
POLR3F,POLR1C,1
POLR3F,POLR2E,1
POLR3F,POLR2H,1
POLR3F,POLR2K,1
POLR3F,POLR3B,1
POLR3F,POLR3D,1
POLR3F,SNAPC3,1
POLR3F,SSB,1
POU2F1,ADAMTS9,1
POU2F1,AES,1
POU2F1,AKR1B3,1
POU2F1,ANKRD6,1
POU2F1,APBB1,1
POU2F1,APPBP2,1
POU2F1,ARHGAP21,1
POU2F1,ARID1A,1
POU2F1,ARID5B,1
POU2F1,ASPH,1
POU2F1,ASXL1,1
POU2F1,BEND5,1
POU2F1,BTBD11,1
POU2F1,BTF3,1
POU2F1,CALD1,1
POU2F1,CCND1,1
POU2F1,CDC20,1
POU2F1,CDC42SE2,1
POU2F1,CELF3,1
POU2F1,CHD5,1
POU2F1,CITED1,1
POU2F1,CITED2,1
POU2F1,CNOT2,1
POU2F1,COBLL1,1
POU2F1,CREB3,1
POU2F1,CTBP2,1
POU2F1,CYP26A1,1
POU2F1,DAB2,1
POU2F1,DAXX,1
POU2F1,DKK1,1
POU2F1,DNMT3A,1
POU2F1,EDA2R,1
POU2F1,ELAVL2,1
POU2F1,EP300,1
POU2F1,ESRRA,1
POU2F1,ETV1,1
POU2F1,FABP3,1
POU2F1,FGF4,1
POU2F1,FIZ1,1
POU2F1,FN1,1
POU2F1,FOXA2,1
POU2F1,FOXP1,1
POU2F1,GBX2,1
POU2F1,GCNT1,1
POU2F1,GNAS,1
POU2F1,GORASP2,1
POU2F1,HABP2,1
POU2F1,HDLBP,1
POU2F1,HIST1H1A,1
POU2F1,HIST1H2AC,1
POU2F1,HIST1H2BB,1
POU2F1,HMGA1,1
POU2F1,HMGA2,1
POU2F1,HMGB2,1
POU2F1,HNF1B,1
POU2F1,HSPH1,1
POU2F1,ID2,1
POU2F1,IKBKB,1
POU2F1,IRF4,1
POU2F1,JUND,1
POU2F1,KANK3,1
POU2F1,KDM3A,1
POU2F1,KIT,1
POU2F1,KRT17,1
POU2F1,LMO4,1
POU2F1,MAML3,1
POU2F1,MANF,1
POU2F1,MARCKS,1
POU2F1,MDM2,1
POU2F1,MEF2D,1
POU2F1,MEIS1,1
POU2F1,MIR669A-1,1
POU2F1,MITF,1
POU2F1,MT2,1
POU2F1,MYC,1
POU2F1,MYH9,1
POU2F1,MYO6,1
POU2F1,NAA15,1
POU2F1,NFIA,1
POU2F1,NFIB,1
POU2F1,NR2F2,1
POU2F1,NR3C1,1
POU2F1,NXF7,1
POU2F1,PATZ1,1
POU2F1,PAX6,1
POU2F1,PDE4DIP,1
POU2F1,PDLIM1,1
POU2F1,PIPOX,1
POU2F1,PITX2,1
POU2F1,PKNOX2,1
POU2F1,PODXL,1
POU2F1,POLR1A,1
POU2F1,POLR2A,1
POU2F1,POLR3F,1
POU2F1,PRDM5,1
POU2F1,PURA,1
POU2F1,RARG,1
POU2F1,RBFOX2,1
POU2F1,RFFL,1
POU2F1,RIAN,1
POU2F1,RLIM,1
POU2F1,SATB1,1
POU2F1,SLC6A6,1
POU2F1,SMAD2,1
POU2F1,SMAD3,1
POU2F1,SNORA81,1
POU2F1,SP8,1
POU2F1,SPEN,1
POU2F1,SPRY2,1
POU2F1,SRM,1
POU2F1,TBL1X,1
POU2F1,TCF20,1
POU2F1,TCF7,1
POU2F1,TCF7L2,1
POU2F1,TEAD1,1
POU2F1,TFAP4,1
POU2F1,TGFB1I1,1
POU2F1,TGIF1,1
POU2F1,TRIM13,1
POU2F1,TRPS1,1
POU2F1,VANGL1,1
POU2F1,ZBTB10,1
POU2F1,ZBTB38,1
POU2F1,ZFP148,1
POU2F1,ZFP36L1,1
POU2F1,ZIC3,1
POU4F1,HIST1H3H,1
POU4F1,RUNX1,1
POU4F1,TRP53,1
POU4F2,POU6F1,1
POU4F2,SMARCA2,1
POU5F1,ACTL6A,1
POU5F1,AHNAK,1
POU5F1,AMOTL2,1
POU5F1,ANXA2,1
POU5F1,ARID1A,1
POU5F1,ARID3B,1
POU5F1,ASH2L,1
POU5F1,ATF2,1
POU5F1,BRWD1,1
POU5F1,CALU,1
POU5F1,CDC20,1
POU5F1,CHD4,1
POU5F1,CHD5,1
POU5F1,CNN2,1
POU5F1,COL18A1,1
POU5F1,CTBP1,1
POU5F1,CTBP2,1
POU5F1,CTCF,1
POU5F1,CTNNB1,1
POU5F1,CUBN,1
POU5F1,DDB1,1
POU5F1,DNMT3A,1
POU5F1,EP300,1
POU5F1,EP400,1
POU5F1,ESRRB,1
POU5F1,EWSR1,1
POU5F1,FBXO15,1
POU5F1,FUBP3,1
POU5F1,GABPA,1
POU5F1,GATA4,1
POU5F1,GATAD2B,1
POU5F1,GLI2,1
POU5F1,GTF2I,1
POU5F1,HCFC1,1
POU5F1,HDAC1,1
POU5F1,HDAC2,1
POU5F1,HDGF,1
POU5F1,HELLS,1
POU5F1,HK2,1
POU5F1,HMGB2,1
POU5F1,HNRNPAB,1
POU5F1,HSPG2,1
POU5F1,ILF2,1
POU5F1,ILF3,1
POU5F1,ILK,1
POU5F1,JMJD1C,1
POU5F1,KLF4,1
POU5F1,KPNA2,1
POU5F1,L1TD1,1
POU5F1,L3MBTL2,1
POU5F1,LAMA1,1
POU5F1,LAMB1,1
POU5F1,LAMC1,1
POU5F1,MATR3,1
POU5F1,MCM5,1
POU5F1,MITF,1
POU5F1,MSH2,1
POU5F1,MSH6,1
POU5F1,MTA3,1
POU5F1,MYBL2,1
POU5F1,NACC1,1
POU5F1,NEDD4,1
POU5F1,NONO,1
POU5F1,NUP93,1
POU5F1,ORC2,1
POU5F1,OTX2,1
POU5F1,P4HA1,1
POU5F1,PARP1,1
POU5F1,PCBP2,1
POU5F1,PCSK6,1
POU5F1,PHC1,1
POU5F1,PML,1
POU5F1,RAI14,1
POU5F1,RBBP7,1
POU5F1,RBM14,1
POU5F1,RBPJ,1
POU5F1,RCOR2,1
POU5F1,RFX2,1
POU5F1,RNF2,1
POU5F1,RPN1,1
POU5F1,RYBP,1
POU5F1,SALL1,1
POU5F1,SALL4,1
POU5F1,SERPINH1,1
POU5F1,SMAD3,1
POU5F1,SMARCA2,1
POU5F1,SMARCA4,1
POU5F1,SMARCA5,1
POU5F1,SMARCB1,1
POU5F1,SMARCC1,1
POU5F1,SMARCC2,1
POU5F1,SND1,1
POU5F1,SOX15,1
POU5F1,SOX17,1
POU5F1,SP1,1
POU5F1,SPP1,1
POU5F1,TAF1,1
POU5F1,TCERG1,1
POU5F1,TCOF1,1
POU5F1,TDGF1,1
POU5F1,TDH,1
POU5F1,TET1,1
POU5F1,TFCP2L1,1
POU5F1,TFE3,1
POU5F1,TFEB,1
POU5F1,TOP2A,1
POU5F1,TOP2B,1
POU5F1,TOX4,1
POU5F1,TRIM24,1
POU5F1,TRP53BP1,1
POU5F1,TRRAP,1
POU5F1,TTF2,1
POU5F1,UBP1,1
POU5F1,XRCC5,1
POU5F1,XRCC6,1
POU5F1,ZBTB10,1
POU5F1,ZBTB43,1
POU5F1,ZFHX3,1
POU5F1,ZFP219,1
POU5F1,ZFP462,1
POU5F1,ZIC3,1
POU5F1,ZMYM2,1
POU6F1,POU4F2,1
PRDM5,CCND1,1
PRDM5,POU2F1,1
PREB,SEC23A,1
PREB,SEC24D,1
PREB,SSBP4,1
PROX1,HDAC3,1
PSIP1,NANOG,1
PURA,CCNB1,1
PURA,CCND1,1
PURA,CCNE1,1
PURA,HIST1H1A,1
PURA,RARA,1
RAD51,BRCA1,1
RAD51,BRCA2,1
RAD54B,KNTC1,1
RAI14,EWSR1,1
RAI14,POU5F1,1
RAI14,SSBP4,1
RAI14,ZFP42,1
RARA,CRYAB,1
RARA,CTNNB1,1
RARA,DDX5,1
RARA,EP300,1
RARA,ETV4,1
RARA,EWSR1,1
RARA,FUS,1
RARA,H1F0,1
RARA,HNRNPAB,1
RARA,HNRNPD,1
RARA,KAT2B,1
RARA,MDK,1
RARA,NCOR1,1
RARA,NONO,1
RARA,NR2C1,1
RARA,NRIP1,1
RARA,NSD1,1
RARA,PURA,1
RARA,SFPQ,1
RARA,SIRT1,1
RARA,SND1,1
RARA,TGFBR3,1
RARA,TGIF1,1
RARA,TGM1,1
RARA,TRH,1
RARA,TRIM24,1
RARA,VIM,1
RARA,ZFP423,1
RARG,CRYAB,1
RARG,CTNNB1,1
RARG,EP300,1
RARG,ESRRB,1
RARG,H1F0,1
RARG,HNF4A,1
RARG,LAMB1,1
RARG,MDK,1
RARG,NR0B1,1
RARG,NR1D1,1
RARG,NR1D2,1
RARG,NR2F6,1
RARG,NR4A1,1
RARG,NR5A2,1
RARG,POU5F1,1
RARG,RARA,1
RARG,TGFBR3,1
RARG,TGM1,1
RARG,TRH,1
RB1,AATF,1
RB1,CCND2,1
RB1,CCND3,1
RB1,CCNE1,1
RB1,CDH1,1
RB1,E2F2,1
RB1,E2F4,1
RB1,HDAC1,1
RB1,HDAC2,1
RB1,HMGA1,1
RB1,HMGA2,1
RB1,ID2,1
RB1,JARID2,1
RB1,MCM2,1
RB1,MCM3,1
RB1,MCM4,1
RB1,MCM6,1
RB1,MCM7,1
RB1,MDM2,1
RB1,MYC,1
RB1,ORC2,1
RB1,PAX8,1
RB1,SMARCA4,1
RB1,TRP53,1
RB1,UBTF,1
RBBP4,BMI1,1
RBBP4,CBX4,1
RBBP4,E2F1,1
RBBP4,E2F4,1
RBBP4,EED,1
RBBP4,ESRRB,1
RBBP4,EZH1,1
RBBP4,EZH2,1
RBBP4,HDAC1,1
RBBP4,HDAC10,1
RBBP4,HDAC11,1
RBBP4,HDAC2,1
RBBP4,HDAC4,1
RBBP4,HDAC7,1
RBBP4,HIST1H3H,1
RBBP4,HMGXB4,1
RBBP4,JARID2,1
RBBP4,L3MBTL2,1
RBBP4,MBD2,1
RBBP4,MIS18BP1,1
RBBP4,MTA3,1
RBBP4,MTF2,1
RBBP4,NANOG,1
RBBP4,PCNA,1
RBBP4,PHC1,1
RBBP4,PHF12,1
RBBP4,RBBP7,1
RBBP4,RBL1,1
RBBP4,RNF2,1
RBBP4,RUNX1,1
RBBP4,RUVBL1,1
RBBP4,SALL1,1
RBBP4,SALL4,1
RBBP4,SAP30,1
RBBP4,SATB2,1
RBBP4,SOX2,1
RBBP4,SUZ12,1
RBBP4,TFCP2L1,1
RBBP4,TOP2A,1
RBBP4,TRP53,1
RBBP7,BMI1,1
RBBP7,CBX4,1
RBBP7,EED,1
RBBP7,EZH1,1
RBBP7,EZH2,1
RBBP7,HDAC1,1
RBBP7,HDAC10,1
RBBP7,HDAC11,1
RBBP7,HDAC2,1
RBBP7,HDAC4,1
RBBP7,HDAC7,1
RBBP7,L3MBTL2,1
RBBP7,MBD2,1
RBBP7,MIS18BP1,1
RBBP7,MTA3,1
RBBP7,NANOG,1
RBBP7,PCNA,1
RBBP7,PHC1,1
RBBP7,PHF12,1
RBBP7,POU5F1,1
RBBP7,RBBP4,1
RBBP7,RNF2,1
RBBP7,RUVBL1,1
RBBP7,SALL1,1
RBBP7,SALL4,1
RBBP7,SAP30,1
RBBP7,SATB2,1
RBBP7,SOX2,1
RBBP7,SUZ12,1
RBBP7,TET1,1
RBBP7,TET2,1
RBBP7,TFCP2L1,1
RBBP7,ZFPM1,1
RBL1,CCND1,1
RBL1,CCND2,1
RBL1,CCND3,1
RBL1,CDKN1A,1
RBL1,E2F1,1
RBL1,E2F4,1
RBL1,PCNA,1
RBL1,RBBP4,1
RBL1,SMAD2,1
RBL1,SMAD3,1
RBL1,SMAD4,1
RBL1,TOP2A,1
RBM14,NANOG,1
RBM14,POU5F1,1
RBM14,TFCP2L1,1
RBMXL2,HIST1H3H,1
RBMXL2,NANOG,1
RBPJ,CHD7,1
RBPJ,CTBP1,1
RBPJ,CTBP2,1
RBPJ,EP300,1
RBPJ,HDAC1,1
RBPJ,HDAC2,1
RBPJ,KAT2B,1
RBPJ,MAML1,1
RBPJ,MAML3,1
RBPJ,MYC,1
RBPJ,NOTCH1,1
RBPJ,NOTCH2,1
RBPJ,NOTCH4,1
RBPJ,POU5F1,1
RBPJ,SOX2,1
RCOR2,POU5F1,1
RELA,BRPF1,1
RELA,CITED2,1
RELA,CTNNB1,1
RELA,DAZAP2,1
RELA,DCP1A,1
RELA,DEK,1
RELA,DUSP9,1
RELA,EP300,1
RELA,F3,1
RELA,HDAC1,1
RELA,HIF1A,1
RELA,HSPA8,1
RELA,HSPB1,1
RELA,IGF2,1
RELA,IKBKB,1
RELA,JUN,1
RELA,KEAP1,1
RELA,MAP3K1,1
RELA,MAPK11,1
RELA,MAPK13,1
RELA,MAPK3,1
RELA,MAPK8,1
RELA,MITF,1
RELA,MYD88,1
RELA,NANOG,1
RELA,NFKB2,1
RELA,NFKBIA,1
RELA,PCNA,1
RELA,PIAS3,1
RELA,PODXL,1
RELA,RARA,1
RELA,RCN3,1
RELA,RFFL,1
RELA,S100A6,1
RELA,SEMA4C,1
RELA,SIRT1,1
RELA,SMAD3,1
RELA,SMAD7,1
RELA,SOCS2,1
RELA,SP1,1
RELA,SQSTM1,1
RELA,SREBF1,1
RELA,TFE3,1
RELA,VEGFA,1
RELA,ZMYND11,1
RERE,HDAC1,1
REST,EWSR1,1
REST,HTT,1
REST,L3MBTL2,1
REST,NANOG,1
REST,NR0B1,1
RFX2,POU5F1,1
RFX5,RFXAP,1
RFXAP,EWSR1,1
RFXAP,RFX5,1
RLIM,ZFP42,1
RNF14,ARNTL,1
RNF14,ZFP236,1
RNF19A,NCOA3,1
RNF19A,PIAS1,1
RNF19A,SOD1,1
RNF2,ACTG1,1
RNF2,ACTL6A,1
RNF2,ASH2L,1
RNF2,BMI1,1
RNF2,CBX4,1
RNF2,CBX6,1
RNF2,CBX7,1
RNF2,CBX8,1
RNF2,CENPV,1
RNF2,COIL,1
RNF2,CTBP2,1
RNF2,E2F6,1
RNF2,EP400,1
RNF2,ESRRB,1
RNF2,EZH1,1
RNF2,EZH2,1
RNF2,GATA4,1
RNF2,HDAC2,1
RNF2,HSPA8,1
RNF2,L3MBTL2,1
RNF2,MAPKAPK2,1
RNF2,MATR3,1
RNF2,MED15,1
RNF2,MED4,1
RNF2,MLLT1,1
RNF2,MYBBP1A,1
RNF2,NANOG,1
RNF2,NCOA6,1
RNF2,PELP1,1
RNF2,PHC1,1
RNF2,PHF14,1
RNF2,POLR2A,1
RNF2,POU5F1,1
RNF2,RBBP4,1
RNF2,RBBP7,1
RNF2,RUNX1,1
RNF2,RUVBL1,1
RNF2,RUVBL2,1
RNF2,RYBP,1
RNF2,SALL4,1
RNF2,SCMH1,1
RNF2,SENP3,1
RNF2,SMARCA5,1
RNF2,SMARCB1,1
RNF2,SUZ12,1
RNF2,TAF1,1
RNF2,TAF6,1
RNF2,TAF9,1
RNF2,TFCP2L1,1
RNF2,TOX4,1
RNF2,TRRAP,1
RNF2,XRCC5,1
RNF2,YAF2,1
RUNX3,CCND1,1
RUNX3,ETS1,1
RUNX3,EZH2,1
RUNX3,VEGFA,1
RUVBL1,ACTL6A,1
RUVBL1,APEX1,1
RUVBL1,CTNNB1,1
RUVBL1,DKC1,1
RUVBL1,E2F6,1
RUVBL1,ILF2,1
RUVBL1,ING3,1
RUVBL1,MIS18BP1,1
RUVBL1,MYBBP1A,1
RUVBL1,NANOG,1
RUVBL1,NOP56,1
RUVBL1,PA2G4,1
RUVBL1,PELP1,1
RUVBL1,POLR1C,1
RUVBL1,POLR2E,1
RUVBL1,RBBP4,1
RUVBL1,RBBP7,1
RUVBL1,RNF2,1
RUVBL1,RUVBL2,1
RUVBL1,SENP3,1
RUVBL1,SOX2,1
RUVBL1,SRM,1
RUVBL1,TAF1,1
RUVBL1,TAF6,1
RUVBL1,TAF9,1
RUVBL1,TCF7,1
RUVBL1,TCF7L2,1
RUVBL1,TFCP2L1,1
RUVBL1,WDR1,1
RUVBL1,YEATS4,1
RUVBL2,AIRE,1
RUVBL2,NANOG,1
RUVBL2,RNF2,1
RUVBL2,RUVBL1,1
RUVBL2,SALL4,1
RUVBL2,SOX2,1
RUVBL2,TFCP2L1,1
RUVBL2,WDR1,1
RYBP,CBX7,1
RYBP,E2F6,1
RYBP,GATA4,1
RYBP,L3MBTL2,1
RYBP,POU5F1,1
RYBP,RNF2,1
RYBP,TFCP2L1,1
SALL1,ESRRB,1
SALL1,HDAC1,1
SALL1,HDAC10,1
SALL1,HDAC11,1
SALL1,HDAC2,1
SALL1,HDAC4,1
SALL1,HDAC7,1
SALL1,MBD2,1
SALL1,MTA3,1
SALL1,NACC1,1
SALL1,NANOG,1
SALL1,NR0B1,1
SALL1,PHF12,1
SALL1,POU5F1,1
SALL1,RBBP4,1
SALL1,RBBP7,1
SALL1,SALL4,1
SALL1,SAP30,1
SALL1,SATB2,1
SALL1,SOX2,1
SALL1,TFCP2L1,1
SALL4,ACTL6A,1
SALL4,ARID1A,1
SALL4,CHD4,1
SALL4,CTBP2,1
SALL4,ESRRB,1
SALL4,EWSR1,1
SALL4,FGF10,1
SALL4,GATAD2B,1
SALL4,HDAC1,1
SALL4,HDAC2,1
SALL4,L1TD1,1
SALL4,L3MBTL2,1
SALL4,MBD2,1
SALL4,MTA3,1
SALL4,NACC1,1
SALL4,NANOG,1
SALL4,NR0B1,1
SALL4,RBBP4,1
SALL4,RBBP7,1
SALL4,RNF2,1
SALL4,RUVBL2,1
SALL4,SALL1,1
SALL4,SET,1
SALL4,SMARCA4,1
SALL4,SMARCB1,1
SALL4,SMARCC1,1
SALL4,SMARCD1,1
SALL4,SOX2,1
SALL4,TFCP2L1,1
SALL4,USP9X,1
SALL4,ZFP219,1
SALL4,ZFP281,1
SAP30,HDAC1,1
SAP30,HDAC10,1
SAP30,HDAC11,1
SAP30,HDAC2,1
SAP30,HDAC4,1
SAP30,HDAC7,1
SAP30,IFRD1,1
SAP30,MBD2,1
SAP30,MTA3,1
SAP30,PHF12,1
SAP30,RBBP4,1
SAP30,RBBP7,1
SAP30,SALL1,1
SAP30,SATB2,1
SAP30,SIN3A,1
SAP30,SIN3B,1
SAP30,TET1,1
SAP30,TET2,1
SATB2,ATF4,1
SATB2,HDAC1,1
SATB2,HDAC10,1
SATB2,HDAC11,1
SATB2,HDAC2,1
SATB2,HDAC4,1
SATB2,HDAC7,1
SATB2,MBD2,1
SATB2,MTA3,1
SATB2,PHF12,1
SATB2,RBBP4,1
SATB2,RBBP7,1
SATB2,SALL1,1
SATB2,SAP30,1
SATB2,TFCP2L1,1
SCMH1,PHC1,1
SCMH1,RNF2,1
SFPQ,PER1,1
SFPQ,RARA,1
SFPQ,SIN3A,1
SFPQ,SMARCA2,1
SFPQ,SMARCA4,1
SIN3A,APEX1,1
SIN3A,ARID1A,1
SIN3A,DDX20,1
SIN3A,ETV6,1
SIN3A,HDAC1,1
SIN3A,HDAC2,1
SIN3A,KDM5B,1
SIN3A,KLF13,1
SIN3A,L3MBTL2,1
SIN3A,NANOG,1
SIN3A,NCOR1,1
SIN3A,NFKB2,1
SIN3A,PER1,1
SIN3A,RUNX1,1
SIN3A,SAP30,1
SIN3A,SFPQ,1
SIN3A,SIN3B,1
SIN3A,SMAD4,1
SIN3A,SOX2,1
SIN3A,TET1,1
SIN3A,TET2,1
SIN3A,TFCP2L1,1
SIN3A,TRP53,1
SIN3B,CRY1,1
SIN3B,HDAC1,1
SIN3B,HDAC3,1
SIN3B,IFRD1,1
SIN3B,NCOA3,1
SIN3B,NCOA6,1
SIN3B,PHF12,1
SIN3B,SAP30,1
SIN3B,SIN3A,1
SIRT1,AKT1,1
SIRT1,ARNTL,1
SIRT1,CCNB1,1
SIRT1,EP300,1
SIRT1,ESRRA,1
SIRT1,EYA1,1
SIRT1,EZH2,1
SIRT1,FHL2,1
SIRT1,FOXO1,1
SIRT1,HDAC1,1
SIRT1,HDAC11,1
SIRT1,HIST1H3H,1
SIRT1,HNF4A,1
SIRT1,JUN,1
SIRT1,KAT2B,1
SIRT1,MYC,1
SIRT1,NCOA3,1
SIRT1,NCOR1,1
SIRT1,NDN,1
SIRT1,NDRG1,1
SIRT1,NR1H2,1
SIRT1,PML,1
SIRT1,RARA,1
SIRT1,SMAD7,1
SIRT1,XRCC6,1
SIRT1,ZFP236,1
SIRT1,ZYX,1
SIRT2,CDC20,1
SIRT2,EWSR1,1
SIRT2,FOXO1,1
SIRT2,FZR1,1
SIRT2,NCOA3,1
SIRT2,ZBTB3,1
SIRT3,XRCC6,1
SIX1,EYA1,1
SIX1,SMARCA4,1
SIX1,SMARCC1,1
SIX1,SMARCC2,1
SIX1,SOX2,1
SIX5,SRF,1
SKIL,FZR1,1
SKIL,PML,1
SKIL,SMURF2,1
SMAD2,DDX5,1
SMAD2,E2F4,1
SMAD2,EP300,1
SMAD2,FOXH1,1
SMAD2,GATA4,1
SMAD2,HOXD13,1
SMAD2,MAPK3,1
SMAD2,MEF2A,1
SMAD2,MYC,1
SMAD2,PITX2,1
SMAD2,RBL1,1
SMAD2,RUNX1,1
SMAD2,SMAD4,1
SMAD2,SMAD7,1
SMAD2,SP1,1
SMAD2,TGFB1,1
SMAD2,ZEB2,1
SMAD2,ZMYM2,1
SMAD3,CDKN1A,1
SMAD3,CTNNB1,1
SMAD3,DDX5,1
SMAD3,E2F4,1
SMAD3,EP300,1
SMAD3,FOXH1,1
SMAD3,GATA4,1
SMAD3,HIF1A,1
SMAD3,ID2,1
SMAD3,JUND,1
SMAD3,LEFTY1,1
SMAD3,LEFTY2,1
SMAD3,MAPK3,1
SMAD3,PCNA,1
SMAD3,PITX2,1
SMAD3,POU5F1,1
SMAD3,RBL1,1
SMAD3,SMAD4,1
SMAD3,SOX2,1
SMAD3,SP1,1
SMAD3,TDGF1,1
SMAD3,TGFB1,1
SMAD3,ZMYM2,1
SMAD4,CCND1,1
SMAD4,CITED1,1
SMAD4,DAXX,1
SMAD4,DDX5,1
SMAD4,E2F4,1
SMAD4,EP300,1
SMAD4,FOXH1,1
SMAD4,FOXP1,1
SMAD4,GATA4,1
SMAD4,GATA6,1
SMAD4,GTF2I,1
SMAD4,HDAC1,1
SMAD4,HMGA2,1
SMAD4,HNF1B,1
SMAD4,ID4,1
SMAD4,MAPK3,1
SMAD4,MEN1,1
SMAD4,MYC,1
SMAD4,PARP1,1
SMAD4,PITX2,1
SMAD4,RBL1,1
SMAD4,SIN3A,1
SMAD4,SMAD2,1
SMAD4,SMAD3,1
SMAD4,SP1,1
SMAD4,TCF7,1
SMAD4,TCF7L2,1
SMAD4,TGIF1,1
SMAD4,TWIST1,1
SMAD4,WWTR1,1
SMAD4,ZMYM2,1
SMAD7,CDH1,1
SMAD7,DDX5,1
SMAD7,EP300,1
SMAD7,FN1,1
SMAD7,KLF10,1
SMAD7,SIRT1,1
SMAD7,SMAD2,1
SMAD7,SMURF1,1
SMAD7,SMURF2,1
SMAD7,SRF,1
SMAD7,TFEB,1
SMAD7,ZMYM2,1
SMARCA2,ACTG1,1
SMARCA2,ACTL6A,1
SMARCA2,ALPL,1
SMARCA2,ARID1A,1
SMARCA2,BRCA1,1
SMARCA2,BRD7,1
SMARCA2,CCND1,1
SMARCA2,HDAC2,1
SMARCA2,JUN,1
SMARCA2,MYBBP1A,1
SMARCA2,NANOG,1
SMARCA2,NONO,1
SMARCA2,POU4F2,1
SMARCA2,POU5F1,1
SMARCA2,SFPQ,1
SMARCA2,SMARCA4,1
SMARCA2,SMARCB1,1
SMARCA2,SMARCC1,1
SMARCA2,SMARCC2,1
SMARCA2,SMARCD1,1
SMARCA2,TOP2B,1
SMARCA4,ACTG1,1
SMARCA4,ACTL6A,1
SMARCA4,ARID1A,1
SMARCA4,ATF3,1
SMARCA4,BRD7,1
SMARCA4,CHD7,1
SMARCA4,CTNNB1,1
SMARCA4,DDX5,1
SMARCA4,E2F1,1
SMARCA4,ESRRB,1
SMARCA4,EYA1,1
SMARCA4,GATA4,1
SMARCA4,HDAC1,1
SMARCA4,HDAC2,1
SMARCA4,HDAC3,1
SMARCA4,HIST1H3H,1
SMARCA4,KLF4,1
SMARCA4,L3MBTL2,1
SMARCA4,MYBBP1A,1
SMARCA4,MYC,1
SMARCA4,NONO,1
SMARCA4,POLR2A,1
SMARCA4,RB1,1
SMARCA4,RUNX1,1
SMARCA4,SFPQ,1
SMARCA4,SIX1,1
SMARCA4,SMARCA2,1
SMARCA4,SMARCB1,1
SMARCA4,SMARCC1,1
SMARCA4,SMARCC2,1
SMARCA4,SMARCD1,1
SMARCA4,SRF,1
SMARCA4,TFCP2L1,1
SMARCA4,TOP2B,1
SMARCA4,TRP53,1
SMARCA5,BAZ1A,1
SMARCA5,ESRRB,1
SMARCA5,HIST1H3H,1
SMARCA5,L3MBTL2,1
SMARCA5,NANOG,1
SMARCA5,POU5F1,1
SMARCA5,RNF2,1
SMARCA5,SOX2,1
SMARCA5,TFCP2L1,1
SMARCAD1,ZFP42,1
SMARCB1,ACTL6A,1
SMARCB1,ARID1A,1
SMARCB1,GLI1,1
SMARCB1,HDAC2,1
SMARCB1,JUN,1
SMARCB1,POU5F1,1
SMARCB1,RNF2,1
SMARCB1,RUNX1,1
SMARCB1,SALL4,1
SMARCB1,SMARCA2,1
SMARCB1,SMARCA4,1
SMARCB1,SMARCC1,1
SMARCB1,SMARCC2,1
SMARCB1,SMARCD1,1
SMARCB1,SOX2,1
SMARCB1,TFCP2L1,1
SMARCB1,TOP2B,1
SMARCB1,YEATS4,1
SMARCC1,ACTL6A,1
SMARCC1,ARID1A,1
SMARCC1,ESRRB,1
SMARCC1,EYA1,1
SMARCC1,HDAC2,1
SMARCC1,L3MBTL2,1
SMARCC1,NACC1,1
SMARCC1,POU5F1,1
SMARCC1,RUNX1,1
SMARCC1,SALL4,1
SMARCC1,SIX1,1
SMARCC1,SMARCA2,1
SMARCC1,SMARCA4,1
SMARCC1,SMARCB1,1
SMARCC1,SMARCC2,1
SMARCC1,SMARCD1,1
SMARCC1,SOX2,1
SMARCC1,TFCP2L1,1
SMARCC1,TOP2B,1
SMARCC1,ZFP42,1
SMARCC2,ACTL6A,1
SMARCC2,ARID1A,1
SMARCC2,CHD7,1
SMARCC2,EYA1,1
SMARCC2,GLI1,1
SMARCC2,POU5F1,1
SMARCC2,RUNX1,1
SMARCC2,SIX1,1
SMARCC2,SMARCA2,1
SMARCC2,SMARCA4,1
SMARCC2,SMARCB1,1
SMARCC2,SMARCC1,1
SMARCC2,SMARCD1,1
SMARCC2,SOX2,1
SMARCC2,TFCP2L1,1
SMARCC2,TOP2B,1
SMARCD1,ACTL6A,1
SMARCD1,ARID1A,1
SMARCD1,ESRRB,1
SMARCD1,RUNX1,1
SMARCD1,SALL4,1
SMARCD1,SMARCA2,1
SMARCD1,SMARCA4,1
SMARCD1,SMARCB1,1
SMARCD1,SMARCC1,1
SMARCD1,SMARCC2,1
SMARCD1,TFCP2L1,1
SMARCD1,TOP2B,1
SMARCD1,TRP53,1
SMURF2,FGFR3,1
SMURF2,FGFR4,1
SMURF2,KIT,1
SMURF2,PDGFRA,1
SMURF2,SKIL,1
SMURF2,SMAD7,1
SMURF2,SMURF1,1
SMURF2,TRP53BP1,1
SNAI1,DDX5,1
SNAI1,FGF10,1
SNAI1,HMGA2,1
SNAI1,LOXL2,1
SNAI1,NOTCH1,1
SNAI1,SMAD3,1
SNAI1,SMAD4,1
SNAI1,SUZ12,1
SNAI1,TGFB1,1
SNAI1,TWIST1,1
SNAI1,VEGFA,1
SNAI1,VIM,1
SNAPC3,POLR1C,1
SNAPC3,POLR2E,1
SNAPC3,POLR2H,1
SNAPC3,POLR2K,1
SNAPC3,POLR3B,1
SNAPC3,POLR3D,1
SNAPC3,POLR3F,1
SND1,POU5F1,1
SND1,RARA,1
SOS2,CCND1,1
SOS2,CCND2,1
SOS2,CCND3,1
SOS2,MYC,1
SOS2,SPRY2,1
SOS2,SPRY4,1
SOX15,HOXD13,1
SOX15,POU5F1,1
SOX17,DNMT1,1
SOX17,EZH2,1
SOX17,GATA6,1
SOX17,POU5F1,1
SOX17,TCF7,1
SOX17,TCF7L2,1
SOX2,ACTL6A,1
SOX2,ARID1A,1
SOX2,CHD4,1
SOX2,CHD7,1
SOX2,CTBP1,1
SOX2,CTNNB1,1
SOX2,CUX1,1
SOX2,DIDO1,1
SOX2,ETV1,1
SOX2,EYA1,1
SOX2,FGF10,1
SOX2,GJA1,1
SOX2,GLI2,1
SOX2,HDAC1,1
SOX2,HDAC2,1
SOX2,HDAC3,1
SOX2,JAM2,1
SOX2,NACC1,1
SOX2,NDN,1
SOX2,NFIB,1
SOX2,NOTCH1,1
SOX2,PAX6,1
SOX2,PDLIM1,1
SOX2,PLA2G1B,1
SOX2,RBBP4,1
SOX2,RBBP7,1
SOX2,RBPJ,1
SOX2,RIF1,1
SOX2,RUVBL1,1
SOX2,RUVBL2,1
SOX2,SALL1,1
SOX2,SALL4,1
SOX2,SHROOM3,1
SOX2,SIN3A,1
SOX2,SIX1,1
SOX2,SLC16A6,1
SOX2,SMAD3,1
SOX2,SMARCA5,1
SOX2,SMARCB1,1
SOX2,SMARCC1,1
SOX2,SMARCC2,1
SOX2,SPP1,1
SOX2,TEAD1,1
SOX2,TULP3,1
SOX2,TWIST1,1
SP1,ALPL,1
SP1,BCL3,1
SP1,BRCA1,1
SP1,CDH1,1
SP1,CITED1,1
SP1,COL4A1,1
SP1,CTSL,1
SP1,CYP26A1,1
SP1,E2F1,1
SP1,EP300,1
SP1,F3,1
SP1,FST,1
SP1,HDAC1,1
SP1,HDAC3,1
SP1,HSP90AA1,1
SP1,HTT,1
SP1,ITGAV,1
SP1,LDLR,1
SP1,MAPK3,1
SP1,MT1,1
SP1,NCOA3,1
SP1,NCOA6,1
SP1,NEU1,1
SP1,NFYA,1
SP1,NR0B1,1
SP1,NUP210,1
SP1,PAX8,1
SP1,PDIA4,1
SP1,PDPN,1
SP1,PER1,1
SP1,PLAT,1
SP1,PSAP,1
SP1,RELA,1
SP1,SIX5,1
SP1,SMAD2,1
SP1,SMAD3,1
SP1,SMAD4,1
SP1,SRF,1
SP1,TRP53,1
SP1,VIM,1
SPEN,MSX2,1
SREBF1,ELOVL6,1
SREBF1,EP300,1
SREBF1,EWSR1,1
SREBF1,FDPS,1
SREBF1,HK2,1
SREBF1,HKDC1,1
SREBF1,HNF4A,1
SREBF1,INSIG1,1
SREBF1,NCOA3,1
SREBF1,NCOA6,1
SREBF1,NFYA,1
SREBF1,PCBD1,1
SREBF1,RELA,1
SREBF1,SEC23A,1
SREBF1,SEC24D,1
SREBF1,SIRT1,1
SREBF1,SP1,1
SRF,ABCC5,1
SRF,ACTG1,1
SRF,ADAMTS9,1
SRF,AFF1,1
SRF,AKAP12,1
SRF,ARHGAP1,1
SRF,ATF3,1
SRF,ATF6,1
SRF,CHD4,1
SRF,CITED1,1
SRF,CNOT2,1
SRF,CREB3,1
SRF,CSRP1,1
SRF,CTNNB1,1
SRF,CTSA,1
SRF,EFEMP2,1
SRF,EHMT2,1
SRF,ELF1,1
SRF,ELK1,1
SRF,ELK4,1
SRF,EMX2,1
SRF,ENAH,1
SRF,FGFR3,1
SRF,FIZ1,1
SRF,FST,1
SRF,GAS6,1
SRF,GBX2,1
SRF,GLIPR1,1
SRF,GSN,1
SRF,GTF2I,1
SRF,H1F0,1
SRF,HDLBP,1
SRF,HES6,1
SRF,HIST1H1B,1
SRF,HOPX,1
SRF,HSPG2,1
SRF,ID4,1
SRF,JDP2,1
SRF,KRT8,1
SRF,KRTCAP2,1
SRF,LMO4,1
SRF,LRP2,1
SRF,LTBP4,1
SRF,MAN1A2,1
SRF,MAPKAPK2,1
SRF,MATR3,1
SRF,MEIS1,1
SRF,MSX2,1
SRF,MYH9,1
SRF,MYLPF,1
SRF,NEU1,1
SRF,NFATC1,1
SRF,NFE2L2,1
SRF,NKRF,1
SRF,NPAS2,1
SRF,NR2F2,1
SRF,NR2F6,1
SRF,PAPOLA,1
SRF,PAX6,1
SRF,PDCD11,1
SRF,PDGFA,1
SRF,PITPNC1,1
SRF,PRDM1,1
SRF,RBM14,1
SRF,RIAN,1
SRF,RMND5B,1
SRF,RTN1,1
SRF,SALL1,1
SRF,SATB1,1
SRF,SIX5,1
SRF,SLC25A4,1
SRF,SMAD7,1
SRF,SMARCA4,1
SRF,SNORA26,1
SRF,ST5,1
SRF,TADA3,1
SRF,TAF5,1
SRF,TBPL1,1
SRF,TIMP3,1
SRF,TPM1,1
SRF,VEGFA,1
SRF,ZEB2,1
SRF,ZFP423,1
SRF,ZFP532,1
SRF,ZIC3,1
SRSF1,AIRE,1
SRSF1,KHDRBS1,1
SRSF1,PCBP2,1
SRSF1,POLR2B,1
SRSF1,POLR2E,1
SRSF1,POLR2H,1
SRSF1,POLR2I,1
SRSF1,POLR2J,1
SRSF1,POLR2K,1
SRSF1,SRSF3,1
SRSF1,SRSF6,1
SRSF1,TCERG1,1
SRSF3,AIRE,1
SRSF3,SRSF1,1
SRSF6,PCBP2,1
SRSF6,POLR2B,1
SRSF6,POLR2E,1
SRSF6,POLR2H,1
SRSF6,POLR2I,1
SRSF6,POLR2J,1
SRSF6,POLR2K,1
SRSF6,SRSF1,1
SSB,CEBPZ,1
SSB,COPS2,1
SSB,DKC1,1
SSB,DNAJC2,1
SSB,NAA15,1
SSBP4,CHD4,1
SSBP4,ERCC8,1
SSBP4,LDB1,1
SSBP4,PBX4,1
SSBP4,PREB,1
SSBP4,RAI14,1
SSB,POLR1C,1
SSB,POLR2E,1
SSB,POLR2H,1
SSB,POLR2K,1
SSB,POLR3B,1
SSB,POLR3D,1
SSB,POLR3F,1
STAT4,APBB1,1
STAT4,ASPH,1
STAT4,BCLAF1,1
STAT4,CCND1,1
STAT4,CCND2,1
STAT4,CCND3,1
STAT4,CNOT6,1
STAT4,EGR1,1
STAT4,EHMT2,1
STAT4,EP300,1
STAT4,ETV3,1
STAT4,ETV5,1
STAT4,GRHL1,1
STAT4,GTF3C5,1
STAT4,ID3,1
STAT4,ILK,1
STAT4,IRF1,1
STAT4,JUN,1
STAT4,MAN1A,1
STAT4,MYC,1
STAT4,PCOLCE,1
STAT4,PDCD4,1
STAT4,PIAS1,1
STAT4,PIAS2,1
STAT4,PIAS3,1
STAT4,POLR1A,1
STAT4,RARG,1
STAT4,SATB1,1
STAT4,SLC9A6,1
STAT4,SOCS2,1
STAT4,SOD1,1
STAT4,SSBP4,1
STAT4,STAT5A,1
STAT4,TFAP2C,1
STAT4,TMED2,1
STAT4,VCAN,1
STAT4,ZBTB3,1
STAT5A,ABTB1,1
STAT5A,AKT1,1
STAT5A,APBB1,1
STAT5A,ARHGEF5,1
STAT5A,ASPH,1
STAT5A,BCLAF1,1
STAT5A,BRCA1,1
STAT5A,BRCA2,1
STAT5A,CCND1,1
STAT5A,CCND2,1
STAT5A,CCND3,1
STAT5A,CDH1,1
STAT5A,CNOT6,1
STAT5A,CRYAB,1
STAT5A,CTBP2,1
STAT5A,DNMT3A,1
STAT5A,EGR1,1
STAT5A,EHMT2,1
STAT5A,ELOVL6,1
STAT5A,EMX2,1
STAT5A,EP300,1
STAT5A,EPHA4,1
STAT5A,ETV3,1
STAT5A,ETV5,1
STAT5A,ETV6,1
STAT5A,FIZ1,1
STAT5A,GABARAPL2,1
STAT5A,GHR,1
STAT5A,GRHL1,1
STAT5A,GTF3C5,1
STAT5A,HDAC1,1
STAT5A,HIST1H2AC,1
STAT5A,ID3,1
STAT5A,ILK,1
STAT5A,IRF1,1
STAT5A,JUN,1
STAT5A,KDM5B,1
STAT5A,KIT,1
STAT5A,KRTCAP2,1
STAT5A,LAMA1,1
STAT5A,LRRK1,1
STAT5A,MAN1A,1
STAT5A,MEF2C,1
STAT5A,MEG3,1
STAT5A,MYC,1
STAT5A,MYO7A,1
STAT5A,NPHS1,1
STAT5A,PCOLCE,1
STAT5A,PDCD4,1
STAT5A,PIAS1,1
STAT5A,PIAS2,1
STAT5A,PIAS3,1
STAT5A,POLR1A,1
STAT5A,POLR3F,1
STAT5A,PROX1,1
STAT5A,PSME2,1
STAT5A,RARG,1
STAT5A,RASGRP2,1
STAT5A,RBM14,1
STAT5A,RUNX1,1
STAT5A,SATB1,1
STAT5A,SATB2,1
STAT5A,SDC4,1
STAT5A,SLC9A6,1
STAT5A,SMAD7,1
STAT5A,SNORD49A,1
STAT5A,SNORD49B,1
STAT5A,SOD1,1
STAT5A,SOX7,1
STAT5A,SRM,1
STAT5A,SSBP4,1
STAT5A,STAT5B,1
STAT5A,TBRG1,1
STAT5A,TET1,1
STAT5A,TFAP2C,1
STAT5A,TMED2,1
STAT5A,TRIM2,1
STAT5A,TRIM28,1
STAT5A,USF1,1
STAT5A,USP3,1
STAT5A,VCAN,1
STAT5A,ZBTB3,1
STAT5A,ZEB2,1
STAT5A,ZSCAN10,1
STAT5B,APBB1,1
STAT5B,ASPH,1
STAT5B,BCLAF1,1
STAT5B,CCND1,1
STAT5B,CCND3,1
STAT5B,CNOT6,1
STAT5B,EGR1,1
STAT5B,EHMT2,1
STAT5B,EP300,1
STAT5B,ETV3,1
STAT5B,ETV5,1
STAT5B,FUT8,1
STAT5B,GHR,1
STAT5B,GRHL1,1
STAT5B,GTF3C5,1
STAT5B,ID3,1
STAT5B,ILK,1
STAT5B,IRF1,1
STAT5B,JUN,1
STAT5B,KIT,1
STAT5B,LAMA1,1
STAT5B,MAN1A,1
STAT5B,MEF2C,1
STAT5B,MEG3,1
STAT5B,MYC,1
STAT5B,PCOLCE,1
STAT5B,PDCD4,1
STAT5B,PIAS1,1
STAT5B,PIAS2,1
STAT5B,PIAS3,1
STAT5B,POLR1A,1
STAT5B,RAB3IL1,1
STAT5B,RARG,1
STAT5B,SATB1,1
STAT5B,SDC4,1
STAT5B,SLC9A6,1
STAT5B,SOCS2,1
STAT5B,SOD1,1
STAT5B,SSBP4,1
STAT5B,STAT5A,1
STAT5B,TCN2,1
STAT5B,TFAP2C,1
STAT5B,TMED2,1
STAT5B,VCAN,1
STAT5B,ZBTB3,1
STAT5B,ZSCAN10,1
SUZ12,BMI1,1
SUZ12,CBX4,1
SUZ12,CTCF,1
SUZ12,EED,1
SUZ12,EZH1,1
SUZ12,EZH2,1
SUZ12,HDAC2,1
SUZ12,HIST1H3H,1
SUZ12,HTT,1
SUZ12,JARID2,1
SUZ12,MTF2,1
SUZ12,MYC,1
SUZ12,PHC1,1
SUZ12,RBBP4,1
SUZ12,RBBP7,1
SUZ12,RNF2,1
SUZ12,SNAI1,1
TADA3,NDN,1
TAF10,ESRRB,1
TAF10,TFCP2L1,1
TAF1,E2F6,1
TAF1,ERCC3,1
TAF1,GTF2H3,1
TAF1,GTF2H4,1
TAF1,PELP1,1
TAF1,POLR2B,1
TAF1,POLR2E,1
TAF1,POLR2H,1
TAF1,POLR2I,1
TAF1,POLR2J,1
TAF1,POLR2K,1
TAF1,POU5F1,1
TAF1,RNF2,1
TAF1,RUVBL1,1
TAF1,SENP3,1
TAF1,TAF5,1
TAF1,TAF6,1
TAF1,TAF9,1
TAF1,TRP53,1
TAF5,TAF1,1
TAF5,TAF6,1
TAF5,TAF9,1
TAF6,E2F6,1
TAF6,ERCC3,1
TAF6,ESRRB,1
TAF6,GTF2H3,1
TAF6,GTF2H4,1
TAF6,PELP1,1
TAF6,POLR2B,1
TAF6,POLR2E,1
TAF6,POLR2H,1
TAF6,POLR2I,1
TAF6,POLR2J,1
TAF6,POLR2K,1
TAF6,RNF2,1
TAF6,RUVBL1,1
TAF6,SENP3,1
TAF6,TAF1,1
TAF6,TAF5,1
TAF6,TAF9,1
TAF6,TFCP2L1,1
TAF9,E2F6,1
TAF9,ERCC3,1
TAF9,ESRRB,1
TAF9,GTF2H3,1
TAF9,GTF2H4,1
TAF9,KPNA2,1
TAF9,PELP1,1
TAF9,POLR2B,1
TAF9,POLR2E,1
TAF9,POLR2H,1
TAF9,POLR2I,1
TAF9,POLR2J,1
TAF9,POLR2K,1
TAF9,RNF2,1
TAF9,RRM2,1
TAF9,RUVBL1,1
TAF9,SENP3,1
TAF9,TAF1,1
TAF9,TAF5,1
TAF9,TAF6,1
TAF9,TFCP2L1,1
TAX1BP3,CTNNB1,1
TBL1X,CTNNB1,1
TBL1X,NCOR1,1
TBPL1,ELK1,1
TBPL1,ELK4,1
TBPL1,ETS1,1
TBPL1,GTF2A1L,1
TBPL1,SRF,1
TBPL1,TRP53,1
TBX3,CDH1,1
TBX3,ESRRB,1
TBX3,GATA6,1
TBX3,HDAC1,1
TBX3,NANOG,1
TCEA1,ERCC3,1
TCEA1,ERCC8,1
TCEA1,GTF2H3,1
TCEA1,GTF2H4,1
TCEA1,POLR2B,1
TCEA1,POLR2E,1
TCEA1,POLR2H,1
TCEA1,POLR2I,1
TCEA1,POLR2J,1
TCEA1,POLR2K,1
TCEA1,XAB2,1
TCERG1,HTT,1
TCERG1,NAA15,1
TCERG1,POU5F1,1
TCERG1,SRSF1,1
TCF12,CDH1,1
TCF12,CHD4,1
TCF12,EP300,1
TCF12,ID3,1
TCF12,ID4,1
TCF12,TCF4,1
TCF12,TWIST1,1
TCF4,CTNNB1,1
TCF4,JUN,1
TCF4,TCF12,1
TCF7,CCND1,1
TCF7,CCND2,1
TCF7,CCND3,1
TCF7,CTBP1,1
TCF7,CTBP2,1
TCF7,CTNNB1,1
TCF7,EP300,1
TCF7,JUN,1
TCF7L2,CCND1,1
TCF7L2,CCND2,1
TCF7L2,CCND3,1
TCF7L2,CTBP1,1
TCF7L2,CTBP2,1
TCF7L2,CTNNB1,1
TCF7L2,EP300,1
TCF7L2,HDAC1,1
TCF7L2,HDAC2,1
TCF7L2,HNF4A,1
TCF7L2,JUN,1
TCF7L2,MITF,1
TCF7L2,MYC,1
TCF7L2,RUVBL1,1
TCF7L2,SMAD4,1
TCF7L2,SOX17,1
TCF7,MITF,1
TCF7,MYC,1
TCF7,RUVBL1,1
TCF7,SMAD4,1
TCF7,SOX17,1
TCOF1,POU5F1,1
TEAD1,SOX2,1
TEAD1,WWTR1,1
TEAD3,NCOA3,1
TEAD3,NCOA6,1
TEAD3,TEAD4,1
TEAD3,WWTR1,1
TEAD4,NCOA3,1
TEAD4,NCOA6,1
TEAD4,TEAD3,1
TEAD4,WWTR1,1
TFAP2C,ARID1A,1
TFAP2C,ATF3,1
TFAP2C,BARX1,1
TFAP2C,BCL3,1
TFAP2C,CBX6,1
TFAP2C,CBX7,1
TFAP2C,CENPB,1
TFAP2C,CHD7,1
TFAP2C,CNOT2,1
TFAP2C,COBLL1,1
TFAP2C,COL27A1,1
TFAP2C,CREB3,1
TFAP2C,CTBP1,1
TFAP2C,EFEMP2,1
TFAP2C,ELK1,1
TFAP2C,EOMES,1
TFAP2C,EP300,1
TFAP2C,FAM83D,1
TFAP2C,FOSL2,1
TFAP2C,FOXO1,1
TFAP2C,GATA6,1
TFAP2C,GLS,1
TFAP2C,GPRC5C,1
TFAP2C,H1F0,1
TFAP2C,IRF1,1
TFAP2C,LAMP1,1
TFAP2C,LHX2,1
TFAP2C,LIFR,1
TFAP2C,MAZ,1
TFAP2C,MBD2,1
TFAP2C,ME1,1
TFAP2C,MIR1949,1
TFAP2C,MYO1C,1
TFAP2C,MYO7A,1
TFAP2C,NFIL3,1
TFAP2C,NPAS2,1
TFAP2C,P4HB,1
TFAP2C,PHF1,1
TFAP2C,PIK3AP1,1
TFAP2C,PLAGL2,1
TFAP2C,POU2F1,1
TFAP2C,RAI14,1
TFAP2C,RBMS1,1
TFAP2C,RBPJ,1
TFAP2C,RNF2,1
TFAP2C,RNPEP,1
TFAP2C,RRBP1,1
TFAP2C,SIX5,1
TFAP2C,SKIL,1
TFAP2C,SLC6A8,1
TFAP2C,SLC7A5,1
TFAP2C,SNORA74A,1
TFAP2C,SPOCK1,1
TFAP2C,TEAD3,1
TFAP2C,UBTF,1
TFAP2C,VEGFA,1
TFAP2C,YBX1,1
TFAP2C,ZHX3,1
TFAP4,TGFB1,1
TFCP2L1,ACTG1,1
TFCP2L1,ACTL6A,1
TFCP2L1,ANXA5,1
TFCP2L1,AQP3,1
TFCP2L1,ARHGAP1,1
TFCP2L1,ARID1A,1
TFCP2L1,ARPC1B,1
TFCP2L1,ASH2L,1
TFCP2L1,ASNS,1
TFCP2L1,ASS1,1
TFCP2L1,BCAT1,1
TFCP2L1,BMP6,1
TFCP2L1,BTAF1,1
TFCP2L1,BTG1,1
TFCP2L1,CAMSAP3,1
TFCP2L1,CCNE1,1
TFCP2L1,CCNG1,1
TFCP2L1,CD63,1
TFCP2L1,CDC42SE2,1
TFCP2L1,CDH1,1
TFCP2L1,CHD4,1
TFCP2L1,COBL,1
TFCP2L1,CSTB,1
TFCP2L1,CTCF,1
TFCP2L1,DNMT3A,1
TFCP2L1,DUSP6,1
TFCP2L1,E2F4,1
TFCP2L1,ECD,1
TFCP2L1,ECT2,1
TFCP2L1,EP400,1
TFCP2L1,ESRRA,1
TFCP2L1,ESRRB,1
TFCP2L1,ETV4,1
TFCP2L1,ETV5,1
TFCP2L1,EZH2,1
TFCP2L1,FAM102A,1
TFCP2L1,FAM25C,1
TFCP2L1,FBXO15,1
TFCP2L1,FGF4,1
TFCP2L1,FN1,1
TFCP2L1,FNDC3A,1
TFCP2L1,FOXD3,1
TFCP2L1,FZR1,1
TFCP2L1,GABARAPL2,1
TFCP2L1,GAS6,1
TFCP2L1,GATAD2B,1
TFCP2L1,GCLM,1
TFCP2L1,GDPD5,1
TFCP2L1,GGTA1,1
TFCP2L1,GNRH1,1
TFCP2L1,GTF2I,1
TFCP2L1,GTF3C5,1
TFCP2L1,HCFC1,1
TFCP2L1,HDAC1,1
TFCP2L1,HDAC2,1
TFCP2L1,HELLS,1
TFCP2L1,HIST1H2BF,1
TFCP2L1,HKDC1,1
TFCP2L1,HMGA1,1
TFCP2L1,HMGB2,1
TFCP2L1,HNRNPAB,1
TFCP2L1,HSP90AA1,1
TFCP2L1,HSPB1,1
TFCP2L1,ICAM1,1
TFCP2L1,IGFBP2,1
TFCP2L1,ING3,1
TFCP2L1,IRF6,1
TFCP2L1,ITGAV,1
TFCP2L1,JMJD1C,1
TFCP2L1,KLF8,1
TFCP2L1,L1TD1,1
TFCP2L1,L3MBTL2,1
TFCP2L1,LAPTM5,1
TFCP2L1,LY6G6E,1
TFCP2L1,LY75,1
TFCP2L1,MBD2,1
TFCP2L1,MDK,1
TFCP2L1,MED12,1
TFCP2L1,MED21,1
TFCP2L1,MED4,1
TFCP2L1,MGST3,1
TFCP2L1,MIR1949,1
TFCP2L1,MPZL2,1
TFCP2L1,MSH2,1
TFCP2L1,MSH6,1
TFCP2L1,MT2,1
TFCP2L1,MTA3,1
TFCP2L1,MYBL2,1
TFCP2L1,MYCN,1
TFCP2L1,NAGK,1
TFCP2L1,NANOG,1
TFCP2L1,NCOA3,1
TFCP2L1,NFE2L2,1
TFCP2L1,NFYA,1
TFCP2L1,NR0B1,1
TFCP2L1,NR4A1,1
TFCP2L1,NRIP1,1
TFCP2L1,PARP1,1
TFCP2L1,PAWR,1
TFCP2L1,PEG10,1
TFCP2L1,PHC1,1
TFCP2L1,PMM1,1
TFCP2L1,POLR2B,1
TFCP2L1,POLR2H,1
TFCP2L1,POLR3D,1
TFCP2L1,POU4F2,1
TFCP2L1,POU5F1,1
TFCP2L1,PPIB,1
TFCP2L1,PRDX1,1
TFCP2L1,RAD51,1
TFCP2L1,RBBP4,1
TFCP2L1,RBBP7,1
TFCP2L1,RBM14,1
TFCP2L1,RBMX,1
TFCP2L1,RFX2,1
TFCP2L1,RFX5,1
TFCP2L1,RFX7,1
TFCP2L1,RIF1,1
TFCP2L1,RNF2,1
TFCP2L1,RTN1,1
TFCP2L1,RUVBL1,1
TFCP2L1,RUVBL2,1
TFCP2L1,RYBP,1
TFCP2L1,SALL1,1
TFCP2L1,SALL4,1
TFCP2L1,SATB2,1
TFCP2L1,SERPINB6C,1
TFCP2L1,SETX,1
TFCP2L1,SFI1,1
TFCP2L1,SHISA5,1
TFCP2L1,SIN3A,1
TFCP2L1,SIRT3,1
TFCP2L1,SKIL,1
TFCP2L1,SLC16A6,1
TFCP2L1,SLC1A5,1
TFCP2L1,SMAD7,1
TFCP2L1,SMARCA4,1
TFCP2L1,SMARCA5,1
TFCP2L1,SMARCB1,1
TFCP2L1,SMARCC1,1
TFCP2L1,SMARCC2,1
TFCP2L1,SMARCD1,1
TFCP2L1,SNAPC3,1
TFCP2L1,SNORA74A,1
TFCP2L1,SNRPN,1
TFCP2L1,SNURF,1
TFCP2L1,SPC25,1
TFCP2L1,SPRY4,1
TFCP2L1,SUSD2,1
TFCP2L1,TAF10,1
TFCP2L1,TAF6,1
TFCP2L1,TAF9,1
TFCP2L1,TAGLN2,1
TFCP2L1,TBRG1,1
TFCP2L1,TCEA1,1
TFCP2L1,TCF7L2,1
TFCP2L1,TEX264,1
TFCP2L1,TFAP2C,1
TFCP2L1,TFEB,1
TFCP2L1,TINAGL1,1
TFCP2L1,TMEM9,1
TFCP2L1,TMF1,1
TFCP2L1,TOP2A,1
TFCP2L1,TPX2,1
TFCP2L1,TRRAP,1
TFCP2L1,TSHZ3,1
TFCP2L1,TUBB4B,1
TFCP2L1,UBP1,1
TFCP2L1,UBTF,1
TFCP2L1,UPP1,1
TFCP2L1,WBP11,1
TFCP2L1,WWTR1,1
TFCP2L1,XRCC5,1
TFCP2L1,XRCC6,1
TFCP2L1,YEATS2,1
TFCP2L1,YEATS4,1
TFCP2L1,ZFP219,1
TFCP2L1,ZFP462,1
TFCP2L1,ZFP57,1
TFCP2L1,ZFP600,1
TFCP2L1,ZFPM1,1
TFE3,POU5F1,1
TFEB,CDH1,1
TFEB,PIAS1,1
TFEB,POU5F1,1
TFEB,SMAD7,1
TFEB,VEGFA,1
TGIF1,CREB3L2,1
TGIF1,CTCF,1
TGIF1,ELAVL2,1
TGIF1,ID2,1
TGIF1,MEF2C,1
TGIF1,NFIA,1
TGIF1,NOTCH1,1
TGIF1,NR3C1,1
TGIF1,PAX8,1
TGIF1,RARA,1
TGIF1,SMAD4,1
TGIF1,SRSF6,1
TGIF1,ZC3H7A,1
THRAP3,JARID2,1
THRAP3,MED12,1
THRAP3,MED15,1
THRAP3,MED21,1
THRAP3,MED31,1
THRAP3,MED4,1
TIMELESS,CRY1,1
TIMELESS,KNTC1,1
TIMELESS,MCM2,1
TIMELESS,MCM3,1
TIMELESS,MCM4,1
TIMELESS,MCM6,1
TIMELESS,MCM7,1
TIMELESS,PER1,1
TIMELESS,UHRF1,1
TLE1,AES,1
TLE1,ATF2,1
TLE1,ATF3,1
TLE1,EZH2,1
TLE1,HDAC1,1
TLE1,HES6,1
TNFAIP3,NFKBIA,1
TOP2B,ACTL6A,1
TOP2B,ARID1A,1
TOP2B,POU5F1,1
TOP2B,SMARCA2,1
TOP2B,SMARCA4,1
TOP2B,SMARCB1,1
TOP2B,SMARCC1,1
TOP2B,SMARCC2,1
TOP2B,SMARCD1,1
TOPORS,TRP53,1
TOX3,DNMT1,1
TOX3,GTF3C1,1
TOX3,PHF2,1
TOX3,ZDHHC15,1
TOX4,POU5F1,1
TOX4,RNF2,1
TRIB3,AKT1,1
TRIB3,ATF4,1
TRIB3,NCOA3,1
TRIB3,NCOA6,1
TRIM24,POU5F1,1
TRIM24,RARA,1
TRIM24,TRIM28,1
TRIM24,TRP53,1
TRIM25,DDX58,1
TRIM28,AIRE,1
TRIM28,DNMT1,1
TRIM28,L3MBTL2,1
TRIM28,NANOG,1
TRIM28,NR0B1,1
TRIM28,PARP1,1
TRIM28,SRRT,1
TRIM28,TRIM24,1
TRIM28,VEZF1,1
TRIM28,ZFP42,1
TRIM32,MYC,1
TRIM32,PIAS1,1
TRIM32,PIAS2,1
TRIP6,MEF2C,1
TRIP6,TPM4,1
TRP53,2810025M15RIK,1
TRP53,AHNAK,1
TRP53,AKT1,1
TRP53,APBB1,1
TRP53,AQP3,1
TRP53,ARID1A,1
TRP53,ATM,1
TRP53,BARD1,1
TRP53BP1,GRIN1,1
TRP53BP1,HIST1H3H,1
TRP53BP1,NCOA6,1
TRP53BP1,POU5F1,1
TRP53BP1,SMURF2,1
TRP53BP1,TRP53,1
TRP53,BRCA2,1
TRP53,BRD7,1
TRP53,CBX8,1
TRP53,CCND1,1
TRP53,CCNG1,1
TRP53,CIC,1
TRP53,CLDN6,1
TRP53,CTNNBIP1,1
TRP53,DAXX,1
TRP53,DDB1,1
TRP53,DDB2,1
TRP53,DNMT1,1
TRP53,EDA2R,1
TRP53,EHMT2,1
TRP53,EP300,1
TRP53,EPHA2,1
TRP53,EPS8,1
TRP53,ESRRA,1
TRP53,ETV4,1
TRP53,ETV5,1
TRP53,FGFR3,1
TRP53,FUS,1
TRP53,GPRC5C,1
TRP53,GPX3,1
TRP53,GSN,1
TRP53,HDAC1,1
TRP53,HES1,1
TRP53,HIF1A,1
TRP53,HIST1H3H,1
TRP53,HNRNPAB,1
TRP53,HOXD13,1
TRP53,ICAM1,1
TRP53,ID4,1
TRP53,IGF2,1
TRP53,IKBKB,1
TRP53,ING1,1
TRP53,IRF6,1
TRP53,KAT2B,1
TRP53,KIT,1
TRP53,LRP2,1
TRP53,MAPK11,1
TRP53,MAPK13,1
TRP53,MAPK3,1
TRP53,MAPK8,1
TRP53,MCM4,1
TRP53,MSH2,1
TRP53,MSL3,1
TRP53,NFIB,1
TRP53,NFKB2,1
TRP53,NFKBIA,1
TRP53,NRG1,1
TRP53,PBXIP1,1
TRP53,PER1,1
TRP53,PHLDA3,1
TRP53,PIAS1,1
TRP53,PIAS2,1
TRP53,PITPNC1,1
TRP53,PITX1,1
TRP53,PLEKHA7,1
TRP53,PLXNB2,1
TRP53,PODXL,1
TRP53,POU4F1,1
TRP53,PREB,1
TRP53,RAB3IL1,1
TRP53,RB1,1
TRP53,RBBP4,1
TRP53,REV1,1
TRP53,RRM2,1
TRP53,S100A6,1
TRP53,SHISA5,1
TRP53,SIRT1,1
TRP53,SKIL,1
TRP53,SLC25A39,1
TRP53,SMARCA4,1
TRP53,SMARCD1,1
TRP53,SOCS2,1
TRP53,SP1,1
TRP53,SPP1,1
TRP53,STMN1,1
TRP53,TAF1,1
TRP53,TAF5,1
TRP53,TBPL1,1
TRP53,TFAP4,1
TRP53,TGIF1,1
TRP53,TIMP3,1
TRP53,TOPORS,1
TRP53,TRIM24,1
TRP53,TRP53BP1,1
TRP53,TSHZ3,1
TRP53,TWIST1,1
TRP53,TYRO3,1
TRP53,UBTF,1
TRP53,USF1,1
TRP53,VEGFA,1
TRP53,ZBTB3,1
TRP53,ZFP277,1
TRP53,ZFPM1,1
TRPS1,EWSR1,1
TRPS1,NCOA3,1
TRPS1,ZFP236,1
TRRAP,EP400,1
TRRAP,ESRRB,1
TRRAP,POU5F1,1
TRRAP,RNF2,1
TRRAP,TFCP2L1,1
TSG101,AATF,1
TSG101,CDKN1A,1
TSG101,GJA1,1
TSG101,GJB3,1
TTF2,POU5F1,1
TULP3,CHD7,1
TULP3,GLI2,1
TULP3,SOX2,1
TWIST1,MSX2,1
TWIST1,SMAD4,1
TWIST1,SNAI1,1
TWIST1,SOX2,1
TWIST1,TCF12,1
UBP1,ESRRB,1
UBP1,EWSR1,1
UBP1,POU5F1,1
UBP1,TFCP2L1,1
UBP1,ZBTB3,1
UBTF,CTCF,1
UBTF,EP300,1
UBTF,HDAC1,1
UBTF,POLR1B,1
UBTF,POLR1E,1
UBTF,RB1,1
USF1,AARS,1
USF1,AATF,1
USF1,ACP6,1
USF1,AKR1B3,1
USF1,AMPD2,1
USF1,ASS1,1
USF1,BCAS3,1
USF1,BMP4,1
USF1,BMP6,1
USF1,CALR,1
USF1,CITED1,1
USF1,CLCN5,1
USF1,CTBP2,1
USF1,CTSA,1
USF1,DCTPP1,1
USF1,DUSP9,1
USF1,EP300,1
USF1,ERCC8,1
USF1,FOXD3,1
USF1,GABBR1,1
USF1,GNS,1
USF1,GOT1,1
USF1,HDAC3,1
USF1,HES1,1
USF1,HES6,1
USF1,HNRNPAB,1
USF1,ILF3,1
USF1,KAT2B,1
USF1,KDM3A,1
USF1,KHDRBS1,1
USF1,KLF4,1
USF1,KLF6,1
USF1,KLF9,1
USF1,LTBP4,1
USF1,MED31,1
USF1,MLLT1,1
USF1,MSI2,1
USF1,MXD4,1
USF1,NFE2L2,1
USF1,NME2,1
USF1,NOP56,1
USF1,NSD1,1
USF1,OVOL1,1
USF1,PA2G4,1
USF1,PBXIP1,1
USF1,PER1,1
USF1,PHF20,1
USF1,PLAUR,1
USF1,POLR2A,1
USF1,PRDX4,1
USF1,RAI14,1
USF1,RAPGEF3,1
USF1,RARG,1
USF1,RCOR2,1
USF1,RPP25,1
USF1,S100A6,1
USF1,SATB2,1
USF1,SERPINE2,1
USF1,SET,1
USF1,SIRT1,1
USF1,SIRT2,1
USF1,SLC16A1,1
USF1,SLC1A5,1
USF1,SLC25A39,1
USF1,SLC38A2,1
USF1,SLC7A5,1
USF1,SNAI1,1
USF1,SRM,1
USF1,STMN1,1
USF1,TET2,1
USF1,TRIM25,1
USF1,TRP53,1
USF1,TSPAN4,1
USF1,TXNDC5,1
USF1,USP9X,1
USF1,XAB2,1
USF1,ZBTB24,1
VEZF1,CHD4,1
VEZF1,TOP2A,1
VEZF1,TRIM28,1
WWTR1,AMOT,1
WWTR1,ERCC8,1
WWTR1,NCOA3,1
WWTR1,NCOA6,1
WWTR1,NDN,1
WWTR1,SMAD4,1
WWTR1,TEAD1,1
WWTR1,TEAD3,1
WWTR1,TEAD4,1
XAB2,CDC5L,1
XAB2,ERCC3,1
XAB2,ERCC8,1
XAB2,EWSR1,1
XAB2,GTF2H3,1
XAB2,GTF2H4,1
XAB2,POLR2B,1
XAB2,POLR2E,1
XAB2,POLR2H,1
XAB2,POLR2I,1
XAB2,POLR2J,1
XAB2,POLR2K,1
XAB2,TCEA1,1
XBP1,DDIT3,1
XRCC5,POU5F1,1
XRCC5,RNF2,1
XRCC5,TFCP2L1,1
XRCC5,XRCC6,1
XRCC6,MSH6,1
XRCC6,NCOA6,1
XRCC6,PARP1,1
XRCC6,PCNA,1
XRCC6,POU5F1,1
XRCC6,SIRT1,1
XRCC6,SIRT3,1
XRCC6,TFCP2L1,1
XRCC6,XRCC5,1
YAF2,RNF2,1
YEATS2,DR1,1
YEATS2,KAT2B,1
YEATS2,POLE4,1
YEATS2,TFCP2L1,1
YEATS4,ACTL6A,1
YEATS4,ESRRB,1
YEATS4,ING3,1
YEATS4,RUVBL1,1
YEATS4,SMARCB1,1
YEATS4,TFCP2L1,1
ZBTB10,POU5F1,1
ZBTB24,EWSR1,1
ZBTB3,OTX2,1
ZBTB3,SIRT2,1
ZBTB3,UBP1,1
ZBTB43,POU5F1,1
ZBTB7A,HDAC1,1
ZDHHC15,TOX3,1
ZEB1,CTBP1,1
ZEB1,CTBP2,1
ZEB1,PCBP2,1
ZEB1,VIM,1
ZEB2,SMAD2,1
ZFHX3,POU5F1,1
ZFP219,HIST1H2AI,1
ZFP219,NCOA3,1
ZFP219,PIAS1,1
ZFP219,POU5F1,1
ZFP219,SALL4,1
ZFP236,HDAC10,1
ZFP236,RNF14,1
ZFP236,SIRT1,1
ZFP236,TRPS1,1
ZFP275,CIC,1
ZFP275,HDAC10,1
ZFP275,POLR2B,1
ZFP281,EWSR1,1
ZFP281,NACC1,1
ZFP281,NR0B1,1
ZFP281,RIF1,1
ZFP281,SALL4,1
ZFP36L1,MAPKAPK2,1
ZFP36L1,PCBD1,1
ZFP423,RARA,1
ZFP42,ESRRB,1
ZFP42,EWSR1,1
ZFP42,NACC1,1
ZFP42,NR0B1,1
ZFP42,POU5F1,1
ZFP42,RAI14,1
ZFP42,RLIM,1
ZFP42,RNF2,1
ZFP42,SMARCAD1,1
ZFP42,SMARCC1,1
ZFP42,TRIM28,1
ZFP446,LDB1,1
ZFP462,ESRRB,1
ZFP462,POU5F1,1
ZFP462,TFCP2L1,1
ZFPM1,CTBP1,1
ZFPM1,CTBP2,1
ZFPM1,GATA6,1
ZFPM1,HDAC1,1
ZFPM1,HDAC2,1
ZFPM1,RBBP7,1
ZIC3,BCL3,1
ZIC3,CCNG1,1
ZIC3,EIF4A2,1
ZIC3,GATA6,1
ZIC3,KRT17,1
ZIC3,LTBP4,1
ZIC3,MAN1A,1
ZIC3,NFE2L1,1
ZIC3,OBSL1,1
ZIC3,PDGFA,1
ZIC3,PLAGL2,1
ZIC3,PLOD1,1
ZIC3,POLR3F,1
ZIC3,POU2F1,1
ZIC3,POU5F1,1
ZIC3,PTPN14,1
ZIC3,RANGRF,1
ZIC3,RCOR2,1
ZIC3,RYBP,1
ZIC3,SNORA81,1
ZIC3,SNX1,1
ZIC3,SQSTM1,1
ZIC3,TAF10,1
ZIC3,TCF20,1
ZIC3,TCF7L2,1
ZMYM2,NANOG,1
ZMYM2,POU5F1,1
ZMYM2,SMAD2,1
ZMYM2,SMAD3,1
ZMYM2,SMAD4,1
ZMYM2,SMAD7,1
ZMYND11,RELA,1
ZSWIM4,EWSR1,1
POU4F1,ARID5B,0
ZFP219,TGFB1I1,0
SATB1,KLF8,0
RYBP,ZHX3,0
SMAD4,GABARAPL2,0
EZH1,SMAD3,0
ZBTB7A,LY75,0
ASH1L,RPP25,0
ELL3,ZFHX3,0
ZSWIM4,HIST1H1B,0
ING3,ELF3,0
GBX2,PARVB,0
BRPF1,HNF4A,0
CBX4,MAPK13,0
MDM2,PDGFA,0
ZEB2,PARVB,0
MAFK,ZFP91,0
HIST1H1B,ANKRD49,0
CRY1,ISYNA1,0
WWTR1,BCAT1,0
MCM3,SRRT,0
SUZ12,ARF4,0
RBL1,CTBP1,0
GATA3,GAS6,0
DAZAP2,TUBB6,0
CBX7,PFKL,0
EP400,SNORD35B,0
SOX7,COL18A1,0
ING3,GABARAP,0
AES,FBXO5,0
CBX7,TMED2,0
DDX5,DIDO1,0
MATR3,UBP1,0
SNAPC3,PKNOX2,0
ZBTB7A,PRDM14,0
CBX4,NOTCH2,0
EPAS1,LAMC1,0
PHF1,PA2G4,0
IRF1,MED21,0
AGAP3,EPHA4,0
RFX2,ENAH,0
PDCD11,ASNS,0
FOSL2,ANXA5,0
PLAG1,NFYA,0
NONO,GABPA,0
TBX3,RBM14,0
GTF2I,UBE2C,0
FOXJ2,PDCD11,0
ZFP36L1,TXNDC5,0
SRSF1,STAT5B,0
CNOT6,STAT5A,0
CTNNBL1,LMO4,0
NOTCH2,MCM3,0
BRD7,CCND2,0
COPS2,IRF4,0
COIL,PDGFA,0
MBD2,NUP93,0
ZEB2,BEX4,0
CITED2,PARP1,0
EPAS1,RAB3IL1,0
CBX7,USF1,0
SOX2,COX7A1,0
MCM7,STXBP2,0
SPEN,INSIG1,0
CIC,MIR291B,0
RFX5,HMGA2,0
E2F6,CCNB2,0
TBL1X,SREBF1,0
HEY2,MCAM,0
PARP1,MAML1,0
ATF6,UCHL1,0
RYBP,ZMYM2,0
MAPK3,NSD1,0
GTF2A1L,UPP1,0
EPAS1,TRIP6,0
XBP1,MCAM,0
ZFP335,TET1,0
DMRT1,TIMELESS,0
IRF2,SNORD33,0
TAF1,EPS8,0
KLF6,ZBTB32,0
ELK1,RBBP4,0
REST,TOP2A,0
SSBP4,EHD1,0
SRSF6,IRF4,0
ATF2,CUX2,0
ZFP42,KLF3,0
SMURF2,KDELR2,0
ORC2,SERPINH1,0
TRIM32,GATAD2B,0
NME2,TDH,0
STAT5B,PRDM14,0
IRF3,STAT4,0
TGIF1,SLC25A36,0
HIST1H1D,GTF2I,0
EZH1,MEG3,0
DDX20,PDIA6,0
CRY1,EWSR1,0
MITF,VIM,0
PHF14,SPEN,0
ETV4,ESRRA,0
GATA4,MYD88,0
SAP30,PARVB,0
RNF19A,BRCA1,0
SRSF1,FHOD1,0
DMRT1,FBXO5,0
IRF6,JDP2,0
SOX17,DCTPP1,0
CTNNBIP1,RBPJ,0
FUS,MSC,0
APBB1,RAB11A,0
ANKRD49,RDM1,0
ZFP236,HNRNPD,0
YEATS2,RUVBL1,0
ING3,COIL,0
EHMT2,ARNTL,0
BRCA1,NAA15,0
ARNTL,DNAJC3,0
ZBTB43,DDB2,0
MLLT1,MORC4,0
SRRT,DDX58,0
EWSR1,CITED2,0
HNF1B,GTF2I,0
PBX4,HIRIP3,0
NCOA6,KHDRBS1,0
PLAG1,HNRNPD,0
TBL1X,HCFC1,0
PREB,SERBP1,0
POU4F1,MORC4,0
ESPL1,IRF6,0
ATM,ZFP446,0
E2F4,RBFOX2,0
AATF,INTS12,0
RERE,DKK1,0
PHF14,MYO1C,0
PSIP1,PLRG1,0
CHD7,LAMB1,0
BAZ1A,TRIM25,0
MTF2,ARPC1B,0
RBMXL2,CACHD1,0
BAZ1A,HIST1H2AF,0
BRCA2,PELP1,0
ZFP236,P4HB,0
BCL3,FGF10,0
JARID2,SATB1,0
MITF,BCAT1,0
SIN3B,PDGFRA,0
DNAJC2,PLTP,0
IRF2,APEX1,0
EBF4,CDKN1A,0
PELP1,ME1,0
POU4F1,TCF4,0
HIF1A,CBX6,0
HEXIM1,MYC,0
RBM14,DPPA2,0
HMGA2,TTF2,0
SSB,MIS18BP1,0
SMURF2,NEU1,0
GTF2I,DENND2C,0
PCBP2,PAX8,0
ILF2,COTL1,0
NOTCH2,PSME2,0
MCM6,THBD,0
SMARCB1,SIRT2,0
TRIP6,EYA1,0
NR0B1,2200002D01RIK,0
JMJD1C,SNORA3,0
TIMELESS,ARHGEF5,0
HIST1H1D,MAPK3,0
FOXO1,FXYD3,0
FOXP1,KAT2B,0
OTX2,TXNIP,0
MITF,ANKS1,0
POU5F1,CTSA,0
DNMT3A,UNG,0
RNF19A,NPAS2,0
SMARCAD1,FHOD1,0
MED15,KLF13,0
POLR2J,ZYX,0
PRDM5,ERF,0
HDAC2,NRF1,0
PHF12,COL4A2,0
MEF2A,HCFC1,0
RUVBL1,JDP2,0
NR2F6,MIR1192,0
ERCC3,RBM47,0
DAZAP2,MT1,0
HNF1B,ABCC5,0
PITX1,MME,0
DAZAP2,TGIF1,0
DMRT1,GSN,0
HNRNPAB,GABARAPL1,0
HEY2,THBD,0
KHDRBS1,NFIL3,0
KLF6,NFX1,0
SIRT2,PELP1,0
GBX2,PITX2,0
FOXQ1,MYO7A,0
HEY2,LDLR,0
BMI1,ATF7,0
PITX2,MYL6,0
CBX7,ADAM23,0
HCFC1,PCBD1,0
STAT5A,PMM1,0
MITF,MIR466F-2,0
HOXD13,MTHFD2,0
BTF3,ZMYND11,0
RBPJ,GGA2,0
SIX1,TOPORS,0
KPNA2,GATA4,0
SIX1,KRT8,0
GRHL1,WDR45,0
SNAI1,CIC,0
RFXAP,SEC61A1,0
PHF1,POLR3B,0
TFAP4,NCOR1,0
POLR1E,GABARAPL1,0
FOXP1,HIST1H2BB,0
NR1H2,ATF6,0
PIAS3,NR4A1,0
TCF12,AIRE,0
DIDO1,SPARC,0
POU2F1,RBBP4,0
FOXH1,ZBTB39,0
PREB,POLR1C,0
ANKRD49,NR2C1,0
PHF12,RRM2,0
MED21,FOXA2,0
SNAI1,STAG3,0
PLAG1,ZMYM2,0
PER1,FOXQ1,0
EZH1,SEC31A,0
ING3,RFFL,0
DDB1,IFRD1,0
KEAP1,ARPC1B,0
GTF2A1L,HIST1H2BF,0
HDAC4,NFIB,0
TCOF1,APOBEC3,0
POLR2A,MLLT1,0
JMJD1C,SNORD93,0
HDAC11,AGAP3,0
TRIB3,PLRG1,0
SP1,SOD1,0
APEX1,MIS18BP1,0
CBX4,AARS,0
CREBZF,NID1,0
ZMYM2,NFE2L2,0
TCERG1,FBLIM1,0
ILF2,BUB1B,0
EP300,SLC6A6,0
STAT5A,SIRT2,0
SSBP4,RCN3,0
KHDRBS1,ZMYM2,0
TIMELESS,HIST1H2AG,0
TBX3,NUPR1,0
MYBL2,TDGF1,0
NANOG,NUPR1,0
HIST1H1D,NIPSNAP1,0
HES1,ARHGAP32,0
SMARCA4,MSI2,0
FOXP1,HOXD13,0
ETS1,NFE2L1,0
ILF2,RBPJ,0
ELK4,CALM1,0
SNAI1,ZFPM1,0
STAT4,GPX3,0
NR3C1,BRWD1,0
KHDRBS1,LAMA1,0
ARNT2,PLA2G1B,0
RBMX,PLTP,0
POU2F1,BTAF1,0
XRCC5,CTNNB1,0
HMGA2,CCND2,0
NSD1,AATF,0
ETV4,CHD7,0
CDC5L,TAX1BP3,0
ERCC8,GRAMD1A,0
SIN3B,FBLIM1,0
MYBBP1A,FGF4,0
JDP2,GTF2A1L,0
BAZ1A,E2F2,0
SMAD3,PDCD6IP,0
TULP3,SHROOM3,0
NOTCH2,RHPN1,0
PRRX2,PEG3,0
SIRT2,COBL,0
PLAGL2,PIPOX,0
SMARCC1,RIF1,0
POLR1C,IMPDH1,0
SREBF1,TRIM13,0
DDX20,LMF2,0
ARNT2,SETD7,0
PRRX2,ORC2,0
LDB1,TTF2,0
MEF2C,PGD,0
KLF3,CRY1,0
SAP30,LAPTM5,0
DTX1,HIST1H2BN,0
TCEA1,TBL1X,0
DDIT3,SLC26A10,0
ZBTB10,GCLM,0
SMARCD1,BAZ1A,0
ORC2,NPHS1,0
PITX2,GRIN1,0
HIST1H1D,FOXJ3,0
STAT5B,SEC61A1,0
NCOR1,STMN1,0
NFX1,LDLRAP1,0
TCF4,LTBP4,0
DDIT3,LAMA5,0
HSF2,MCAM,0
RB1,TCF20,0
IRF3,HIRIP3,0
ELF1,ZMYND11,0
HTT,SLC16A6,0
PROX1,PCBP2,0
TOX4,RFX2,0
TRIM32,TMED9,0
MAFK,SNORD35A,0
HIST1H1D,DPP4,0
HOXD13,MAPK13,0
TGFB1,ARNTL,0
NOTCH2,IRF6,0
CNOT2,KRT17,0
BTG2,PSME2,0
SMARCA4,ZFP532,0
E2F4,HKDC1,0
MED15,MIR1949,0
MEIS3,MYL6,0
CREB5,TCOF1,0
SMARCA2,ASAH1,0
HNRNPAB,RANGRF,0
ATF4,CD63,0
NFX1,BCAM,0
ZFPM1,SND1,0
TCF7,ORC2,0
RFX2,RPN1,0
NCOA6,PCBD1,0
MTF2,HOOK1,0
HNF1B,GATAD2B,0
DDX5,SNORD83B,0
KLF10,ARID3B,0
ZEB1,TBRG1,0
ZFP42,NEDD4,0
TOP2B,MSL3,0
SMARCD1,ELK4,0
RFX2,NFE2L1,0
MAFK,MED21,0
EBF4,PDE4DIP,0
NRIP1,FOXJ2,0
TRIB3,CD63,0
KDM5B,GLI2,0
FOXP1,FOXO3,0
NR2C1,MATR3,0
YAF2,ASH2L,0
CTBP1,BRD7,0
RNF14,ALPL,0
NCOR1,RBFOX2,0
MYCN,KDELR2,0
JARID2,ZFP446,0
SCMH1,FUBP3,0
GATA6,RNPEPL1,0
GATA4,ASXL1,0
CRY1,NUP210,0
RB1,PITX1,0
POU4F1,GTF2A1L,0
TCOF1,POLR2J,0
SALL1,SEC61A1,0
ASH1L,STAG3,0
DR1,MYCN,0
BTG2,SMARCD1,0
CENPB,DAXX,0
FOXJ2,RBBP7,0
SIRT1,DPPA2,0
DDB2,MBD2,0
GLI1,ZBTB20,0
PHF2,GNS,0
TOPORS,SNORD83B,0
MCM7,CSTB,0
LDB1,FGFR4,0
IRF4,CHD7,0
E2F6,CALCOCO2,0
HDAC4,COBL,0
ZBTB7A,HIST1H2BK,0
ARID3B,SIDT2,0
TRPS1,HIST1H2AC,0
TCERG1,SRSF3,0
ELK4,CCND1,0
UBTF,E2F4,0
SPEN,GABPA,0
TRIM25,APOBEC3,0
TBPL1,ZYX,0
ZFP219,MSX2,0
MCM2,PTH1R,0
ILF3,RB1,0
TBPL1,RBM14,0
PHF12,VEZF1,0
TBL1X,SNORA43,0
SOX7,ERLIN1,0
TAF5,PDIA5,0
ARNTL,HNF1B,0
BARD1,CDC5L,0
TADA3,RNF6,0
RARA,ELOVL6,0
BRCA2,ZFP532,0
FOSL2,FOXJ3,0
NFKBIA,TSHZ3,0
CBX8,MYO7A,0
COPS2,SNX2,0
SMAD4,ARF4,0
PHB2,DUSP3,0
NR1D1,MSH6,0
FOXD3,FGFR3,0
MLXIPL,RUVBL2,0
KEAP1,SPARC,0
NOTCH2,PLOD1,0
KEAP1,NFIL3,0
ZBTB3,AQP3,0
SOX17,LEFTY1,0
RNF19A,SKIL,0
PLAG1,OBSL1,0
NFKB2,NOTCH2,0
ZFHX3,NOTCH2,0
NCOA6,HIP1,0
ZBTB10,POLR2A,0
CHD7,MSL3,0
NR1D2,ZBTB7A,0
HIST1H1D,ATF1,0
BARD1,MDM2,0
TAF5,TRIM2,0
ATM,NFIC,0
MAML3,EDEM1,0
XRCC5,RCC2,0
HIST1H2BB,CALCOCO2,0
ID2,TFE3,0
ESRRB,ELF4,0
HSPB1,OBSL1,0
RBPJ,KLF3,0
SNAI1,CTNNBL1,0
ASH2L,SEC24D,0
YAF2,KLF3,0
HIST1H2BB,HIF1A,0
MYBL2,XBP1,0
L3MBTL2,E2F1,0
MITF,RFXAP,0
SIN3A,KLB,0
BRWD1,SMURF2,0
TFAP4,GALK1,0
POLR1A,PODXL,0
FOXQ1,ZFP91,0
ORC2,SMS,0
NONO,SNORA3,0
YBX1,GLI1,0
ZMYND11,EBF4,0
HSF2BP,CITED1,0
HDAC3,AQP3,0
PA2G4,ADAMTS9,0
FOXH1,CDH1,0
RBBP7,GATAD2B,0
ATF4,KDM5B,0
GLI1,CRABP2,0
MED21,FGF4,0
SMARCA5,PTH1R,0
TBX3,NOTCH4,0
ZSCAN10,COTL1,0
SREBF1,KDM5B,0
YBX1,FOSL2,0
TCERG1,TNS1,0
HDAC5,FZR1,0
DNAJC2,POU5F1,0
TFAP2C,MANF,0
ZFP446,NPAS2,0
ZFP42,PTH1R,0
DDB2,MYH9,0
NRF1,HSPB1,0
HMGA1,SMARCD1,0
NFIB,NUP93,0
SCMH1,GFPT2,0
SCMH1,VCAN,0
STAT5A,ERF,0
ID2,ZBTB24,0
SIX1,BCAT1,0
ARID5B,NFKBIA,0
PCBP2,ZFP367,0
SOX4,IRF2,0
PCBD1,BRD7,0
EOMES,LAMP1,0
CBX4,PCNA,0
PLAGL2,CALU,0
UBP1,BCAS3,0
MEF2A,IRF3,0
BRCA2,FHL2,0
TAF10,HMGXB4,0
ZFP219,NDRG1,0
BRD7,LHX2,0
RYBP,NRG2,0
NR0B1,GABBR1,0
HSF2,THRAP3,0
HES1,NASP,0
ZFP275,HDAC7,0
NOTCH4,NOTUM,0
ZBTB24,SMAD3,0
BRCA1,THBD,0
ZIC3,EMX2,0
RNF19A,EIF4EBP1,0
CNOT2,MPZL2,0
SIRT1,SIX5,0
ID3,GPA33,0
MTF2,FKBP11,0
ABTB1,ATG16L2,0
MDM2,LAMP1,0
NPAS2,GTF2H3,0
TGFB1I1,SIRT1,0
NFIB,ASH2L,0
NSD1,SPP1,0
ZFP335,TBRG1,0
HDAC4,ELF2,0
GTF2H4,MAN1A2,0
MED12,RBM14,0
TEAD4,SUZ12,0
NFIB,PAWR,0
SIN3B,PITPNC1,0
ZDHHC15,NRG2,0
ZBTB43,SMARCD1,0
SND1,SLC25A36,0
POLR2A,ZFP91,0
DAXX,HIP1,0
TLE1,KEAP1,0
HDAC5,ARL6IP5,0
SRSF3,ATP1B1,0
SOX7,CTSD,0
NR0B1,MAN1A2,0
GATA3,NME2,0
DNMT1,FBXO15,0
TRP53,TBL1X,0
NR2C1,ETS1,0
MIS18BP1,MIR291B,0
HCFC1,PDLIM1,0
RBM14,GABARAPL2,0
SATB1,FOXQ1,0
ID4,PAX8,0
GATAD2B,ADAMTS9,0
ZFP281,MYBBP1A,0
PLAGL2,ZFP277,0
KLF10,SRI,0
SNAPC3,ANKRD49,0
POLR2B,SNORA3,0
RCOR2,EPAS1,0
SMAD3,CBX8,0
IRF6,PLK2,0
JUN,HIVEP2,0
TFEB,DNMT3A,0
FUBP3,BTAF1,0
ZFP236,HIST1H2BK,0
STAT5A,PHF20,0
RUVBL1,DDX5,0
MCM5,MARCKS,0
GRHL1,RAI14,0
FOXQ1,FGF4,0
RBMX,MAFK,0
THRAP3,TBX3,0
MCM5,MT2,0
TOX3,SUSD2,0
SMARCC2,GAS6,0
SUZ12,PER1,0
ZFP148,LDLRAP1,0
ETV4,MEG3,0
POLR3D,PBX4,0
NOTCH4,JMJD1C,0
RARG,CITED1,0
CDC5L,CHD7,0
EP400,SERPINB6C,0
NFE2L2,POFUT2,0
RBMXL2,GATA3,0
NANOG,PBXIP1,0
KLF3,HES1,0
TOX4,TXNDC5,0
ASH1L,ETS1,0
RBL1,JDP2,0
EBF4,SNHG1,0
DMRT1,SERPINB6C,0
HES6,WBP11,0
HIST1H2BB,SSB,0
ILF2,OAT,0
PML,SNX2,0
ZFP148,TFEB,0
SNAPC3,SNX1,0
SMARCC1,MDK,0
TIMELESS,USF1,0
PIAS3,CCNB1,0
GLI1,CREB3L2,0
ATF6,SPRY4,0
HIST1H1B,NRG1,0
FXR1,ADAM23,0
CREB3,CDH1,0
DTX1,USP28,0
HIST1H1B,PLOD2,0
PLRG1,UPP1,0
EMX2,PROX1,0
CNOT7,MIR295,0
HDGF,FBXO15,0
POU4F2,APOE,0
NSD1,CSRP2,0
NFATC1,SNORA33,0
TBX3,SNRPN,0
TFE3,ZBTB38,0
OTX2,SRF,0
AATF,ASNS,0
TFE3,RBL1,0
POLR2K,HIF3A,0
TBX3,DTX1,0
CBX7,RRP1B,0
SMARCA5,DAZAP2,0
EWSR1,MAPK13,0
MEF2C,TMEM150A,0
TADA3,NRIP1,0
PELP1,ACTG1,0
RCOR2,EP400,0
MAPK8,MCM4,0
NFKBIA,KNTC1,0
MEF2A,MAPKAPK2,0
NOTCH2,SNURF,0
PIAS2,TCOF1,0
GBX2,ZFP57,0
TRP53,FZR1,0
BRCA2,INSIG1,0
POLR3D,MIR295,0
ZFP236,STXBP2,0
PITX2,DAXX,0
SMARCB1,NFX1,0
XAB2,NPAS2,0
ZFP462,BTF3,0
PAX8,SNORA26,0
NR3C1,NAA15,0
NFIB,TGFB1I1,0
CRABP2,SLC16A6,0
BTG2,OAT,0
SRF,TCN2,0
NCOA6,ELF4,0
MAPK3,IDI1,0
UBP1,IRF2,0
TAF5,UPP1,0
ARNT2,CBX8,0
MEF2D,ZBTB10,0
DNMT3A,BTAF1,0
RBPJ,EP400,0
TEAD1,BRWD1,0
MSX2,CDH1,0
WWTR1,SOCS2,0
NR2F2,MSC,0
CREB3,SLC6A8,0
KPNA2,ZFP296,0
ZBTB7A,GAS6,0
MSC,GAA,0
GTF2H4,EP400,0
BTG1,AIRE,0
PIAS2,VANGL1,0
NR4A1,MAPK8,0
MCM6,ESRRB,0
GATA4,OVOL1,0
CIC,LMF2,0
NOTCH2,PEG10,0
MAFK,GPA33,0
AES,CSRP2,0
CNOT8,NFATC2IP,0
SUZ12,STARD10,0
SMAD2,BRD7,0
PURA,KRT18,0
FOXO3,MEF2A,0
HIF1A,MED31,0
FOSL2,PODXL,0
LMO4,BCAS3,0
HIST1H2BB,SNORA3,0
TRIM25,SLC16A1,0
MIS18BP1,PIK3AP1,0
XBP1,TYRO3,0
TOX4,ATF4,0
NUPR1,ZFP462,0
NFIB,FOXO3,0
HIST1H2BB,KRTCAP2,0
CREB3,MIR295,0
PAX1,PURA,0
HMGA1,CTSD,0
RYBP,SMARCA2,0
GLIS2,2200002D01RIK,0
KEAP1,KDM3A,0
CREB3L2,TMEM9,0
CNOT2,MIR1949,0
NFIB,VEGFA,0
SREBF1,2200002D01RIK,0
TBX3,EBF4,0
SNAPC3,STARD10,0
PML,BUB1B,0
ZIC3,SP8,0
IRF2,RANGRF,0
POU4F2,MIR291B,0
RELA,TFRC,0
OTX2,LDHB,0
POLR1E,SEC31A,0
DNMT1,KRT18,0
AES,KLF2,0
KEAP1,FST,0
ZBTB43,HSPA8,0
NR2C1,SOD1,0
ETS1,IKBKB,0
RB1,CTNNBIP1,0
POLR2J,COL4A2,0
MED21,ARF4,0
PCBP2,ANKS1,0
E2F2,ICAM1,0
TCERG1,HIST1H2BN,0
EBF4,UBE2S,0
ATF4,SNORA74A,0
SSB,MFSD1,0
HDAC7,HSF2BP,0
SMAD2,LAMP1,0
PER1,DUSP6,0
TRRAP,NUP210,0
CBX4,CDCA7,0
ESPL1,FOXO1,0
RARA,CCND2,0
POLR2E,PRDX1,0
KPNA2,ZSWIM4,0
PAWR,COTL1,0
CENPB,SOD1,0
BTG2,HTT,0
XAB2,POLR3D,0
HNF1B,PAX6,0
SIN3B,AES,0
AGAP3,NSD1,0
ABTB1,DPP4,0
JMJD1C,NFXL1,0
FOXQ1,RBMS1,0
NFE2L2,APOE,0
AATF,LDB1,0
DEK,OTX2,0
PAWR,ATM,0
EWSR1,CBX4,0
PITX1,RCOR2,0
HDAC2,RARG,0
CTNNBL1,MCAM,0
REST,LIPG,0
POLR1C,RMND5B,0
SKIL,HNF1B,0
TULP3,SMS,0
MED21,CALCOCO1,0
IKBKB,GLUL,0
NUPR1,2200002D01RIK,0
NR2C1,MEG3,0
GTF2H3,LRP2,0
HNRNPD,APBB1,0
SIRT3,PDIA6,0
HTT,CSRP2,0
NR1D1,CALM2,0
RBBP7,SP8,0
COPS2,PPIB,0
SRSF1,RHPN1,0
MCM2,MAPK8,0
MSC,DCTPP1,0
APEX1,SMARCD1,0
ATF6,RBM14,0
SMARCB1,NCOA3,0
SATB1,MSL3,0
HDAC1,ATP13A3,0
TCF12,SUZ12,0
HNF1B,EZH1,0
ZFP36L1,OAT,0
SMARCB1,EOMES,0
SMAD2,CYP26A1,0
ZBTB7A,FOXD3,0
PBX4,DUSP3,0
ETV6,ESPL1,0
SMARCA4,FBXO5,0
MAZ,RMND5B,0
KLF4,EPS8,0
ATF3,CSRP1,0
AES,SSB,0
NFIC,BNIP3,0
TRIB3,ETV1,0
ARL6IP5,PROX1,0
CDC5L,FST,0
ZFP462,TAGLN2,0
ATF2,LRP2,0
TTF2,SIX1,0
ETV1,2810025M15RIK,0
PROX1,CALM2,0
CNOT6,FN1,0
TFCP2L1,NOTUM,0
JUN,DCTPP1,0
SALL1,TAF9,0
ELF1,GATA4,0
TFAP2C,SDF2L1,0
PCBP2,UBP1,0
PHF12,PRDM14,0
TAF6,GABBR1,0
CTCF,AKAP12,0
CHD5,SRF,0
ZBTB43,ZFP335,0
KLF13,SALL4,0
TCEA1,JARID2,0
RARG,COL27A1,0
CREB3L2,TRIP6,0
POLR2A,S100A6,0
STAT4,AMPD2,0
DAZAP2,VEZF1,0
EMX2,SPOCK1,0
CBX8,RMND5B,0
SATB2,GATA3,0
MTA3,TCERG1,0
DIDO1,EPS8L2,0
SMARCC2,GATA6,0
ZFP42,POLR3B,0
RFX2,ZYX,0
MEF2C,LDB1,0
MYBBP1A,GSR,0
RBM14,STX5A,0
ZSCAN10,LRRC8D,0
FOXJ2,HSPG2,0
TCOF1,ING3,0
MYBBP1A,JDP2,0
RERE,DDB1,0
HDAC3,SRSF1,0
CREB3L2,XRCC6,0
CNOT3,DENND2C,0
TADA3,PDCD4,0
USF1,ASPH,0
ELK1,HIST1H2AK,0
TFEB,EMX2,0
NFIL3,LIFR,0
SIRT3,SERTAD2,0
AATF,MGST3,0
HEY2,ZFP277,0
PRDM1,TFEB,0
RFX2,HIST1H2BK,0
GTF2H3,ERLIN1,0
WWTR1,AKT1,0
ABTB1,POU2F1,0
NCOA6,ICAM1,0
MCM3,PA2G4,0
MEF2A,FOXJ2,0
SALL1,SSB,0
HIST1H1D,CTNNB1,0
RLIM,CBX7,0
HEY2,HSF2BP,0
MTA3,TNK2,0
ZMYM2,JUN,0
HEXIM1,SNORA17,0
PRRX2,APOBEC3,0
SREBF1,GALNT2,0
NFIL3,RBM38,0
ID4,HERPUD1,0
TSG101,HDAC10,0
MAZ,PML,0
TFAP2C,RBBP7,0
FOXH1,DDX54,0
KLF10,YBX1,0
PSIP1,PML,0
RCOR2,NFIL3,0
ZIC3,NCOA6,0
MED15,COL4A2,0
SMAD3,ETL4,0
LDB1,PLOD3,0
GLI2,TRIB3,0
HMGA1,BCAM,0
NRIP1,SLC6A6,0
MEF2D,RFX5,0
FUS,CSRP2,0
KLF6,ZFP36L1,0
NOTCH4,MORC4,0
TNFAIP3,BMI1,0
ERCC3,GAS6,0
XBP1,SNORD83B,0
RBPJ,ETL4,0
PIAS2,ATG16L2,0
NPAS2,GGA2,0
TADA3,ARID3B,0
L3MBTL2,SPRY2,0
SCMH1,APOBEC3,0
CBX7,ZFP148,0
CEBPZ,TCEA1,0
HMGXB4,CEBPZ,0
HIST1H2BB,HES6,0
ETV1,RRBP1,0
FUS,GSN,0
TADA3,DPPA4,0
NR4A1,SCMH1,0
HDAC3,FLRT3,0
ILF3,STX5A,0
SOS2,MANF,0
YEATS4,UBTF,0
YEATS2,TSPAN4,0
SOX15,PIPOX,0
TBPL1,COTL1,0
KLF15,DCP1A,0
NFIL3,USP3,0
TTF2,PIK3AP1,0
JMJD1C,IKBKB,0
SFPQ,SLC25A36,0
HES1,D230025D16RIK,0
MED31,CNOT8,0
ORC2,CALM1,0
ARL6IP5,WDR1,0
NFYB,CALR,0
ESRRB,BNIP3,0
SMARCC1,FGFR4,0
CBX6,LIFR,0
DNAJC2,CNOT3,0
RBMX,ZIC3,0
GTF2A1L,TMEM231,0
ING1,RNPEPL1,0
TCF12,ERLIN1,0
NOTCH1,LAMA1,0
TGFB1I1,FOXH1,0
SRSF1,CLCN5,0
NME2,ELP2,0
SCMH1,ZBTB38,0
MAPK8,CITED1,0
SMARCD1,TEAD4,0
SRSF6,CCND2,0
OVOL1,PDE4DIP,0
NCOR1,CRIP2,0
NFIL3,JUN,0
MED15,ZEB2,0
HCFC1,RFFL,0
GTF2H4,MED21,0
PML,TSHZ3,0
RBM14,USF1,0
E2F4,FOXP1,0
UBP1,SNORD11,0
GATA6,CNOT8,0
CNOT8,HNF1B,0
FOXJ2,EFEMP2,0
HDAC3,MEF2C,0
CBX4,NFX1,0
MEF2A,RELA,0
ZFP462,PAPOLA,0
HDGF,ELOVL6,0
HMGB2,PLXNB2,0
LMO4,CALM2,0
NME2,MEG3,0
USF1,2200002D01RIK,0
SOX17,CTNNBL1,0
HES6,IL33,0
MCM5,CHD5,0
JUND,FAM102A,0
SIX1,PRPS2,0
CNOT2,VAMP8,0
MED12,SMARCA5,0
GATA6,IDI1,0
TCF7L2,SNAPC3,0
FUBP3,DUSP9,0
SNAI1,NUPR1,0
BAZ1A,HDAC7,0
NFYA,TNS1,0
POLR1A,MBD2,0
NR2C1,PRDX1,0
MCM5,MEG3,0
PREB,SMARCA5,0
BAZ1A,LHX2,0
SRSF6,WBP11,0
RERE,MYH9,0
SIRT3,MED15,0
RBMXL2,SNORA26,0
TNFAIP3,TPI1,0
NRF1,SLC38A2,0
TRIM28,VEGFA,0
SALL1,GAS6,0
SRSF3,FOSL2,0
MITF,MAN1A2,0
NUPR1,CRY1,0
MAML3,RNF2,0
ILF3,KRT18,0
GATA6,HSD17B14,0
MEIS3,SOX15,0
ATF1,DDX5,0
HES1,MYCN,0
SOS2,ELF1,0
VEZF1,HMGA2,0
RBM14,ASS1,0
TWIST1,RBBP7,0
FUBP3,TINAGL1,0
PRDM1,COBL,0
NR1H2,IRF4,0
YAF2,OAT,0
SND1,KRT8,0
SIX1,RANGRF,0
RARG,PLOD3,0
SP8,DNAJC2,0
ZFP236,TGM1,0
KLF15,EIF4A2,0
SFPQ,MANF,0
SMARCB1,REST,0
PKNOX2,BRWD1,0
GTF2H3,NFIB,0
NFKB2,USP9X,0
HTT,POLR2H,0
ATF3,GDPD5,0
HTT,PRKAB1,0
NDN,SRM,0
MED12,CNOT6L,0
HNF4A,SMAD4,0
TCF7L2,HELLS,0
SALL4,ELL2,0
ELK4,TPM1,0
TCOF1,RBBP7,0
MAZ,ATP13A3,0
HIST1H1D,CDH1,0
NR2F6,RNF14,0
MSX2,TNFAIP3,0
SMAD3,ICAM1,0
MLXIPL,SLC25A5,0
MCM6,DAZAP2,0
EPAS1,SMARCA5,0
DDIT3,SAT1,0
EBF4,SERPINB6A,0
SP1,SSB,0
DR1,ZBTB24,0
SIRT2,ETS1,0
PLAGL2,CD9,0
ZFP446,TPI1,0
COPS2,TGIF1,0
FUS,USP28,0
FOXO3,RAI14,0
DIDO1,PIAS2,0
HTT,CBX6,0
POLR2H,SLC25A39,0
ZMYM2,MIR669A-1,0
NFX1,CELF3,0
PML,CAMSAP3,0
BRD7,ARHGAP32,0
IRF2,GTF2H4,0
JDP2,GRAMD1A,0
ESPL1,GATAD2B,0
IRF4,ASAH1,0
TEAD1,ARHGAP1,0
DDB2,SEC23A,0
RNF2,RRBP1,0
CNOT2,HES1,0
SIN3B,FGFR4,0
TBPL1,TUBB2B,0
BTG1,TOP2A,0
MCM2,EED,0
ARID5B,GNRH1,0
NPAS2,4930402H24RIK,0
MBD2,PDCD6IP,0
ARNTL,ETS1,0
SSB,NCOA3,0
CNOT6L,GFPT2,0
SAP30,SPRY4,0
TGIF1,GABARAPL1,0
ZEB2,SEMA4C,0
HDGF,PLAUR,0
MCM4,USP3,0
FOSL2,PRPS2,0
ASH2L,TAF9,0
RB1,LAMA1,0
THRAP3,SRI,0
ZFP446,ELL2,0
POLR1B,ZFP277,0
E2F4,SMARCC2,0
PROX1,TUBB4B,0
SCMH1,HIST1H4K,0
MAML3,EPAS1,0
E2F1,ETV5,0
NFX1,POLR1C,0
ARID1A,BNIP3,0
NRIP1,CKB,0
MED12,RRM2,0
MSC,HIST1H2BF,0
BRCA2,TRIM25,0
BRCA1,TCL1,0
JUND,BTF3,0
MTF2,CLDN6,0
UBTF,TCERG1,0
RARG,SERPINE2,0
TWIST1,LAMP1,0
IRF1,POU4F2,0
NOTCH4,GLIS2,0
RBBP7,VEZF1,0
CHD4,HES1,0
EGR1,SMAD3,0
STAT5B,ESPL1,0
SATB1,PHF14,0
POU6F1,CITED1,0
BTG1,MEF2A,0
ELF4,QDPR,0
NCOA3,CNN2,0
ZFP281,GFPT1,0
PITX1,IL33,0
NFE2L2,HEXIM1,0
MDM2,PGD,0
SNAI1,CCNG1,0
NRIP1,LOXL2,0
NFYA,DDB2,0
PHF1,LDLRAP1,0
LDB1,KLF13,0
TOPORS,ATM,0
ATF3,PIAS3,0
NFATC3,APLP1,0
NRF1,RUNX3,0
MCM7,STAT4,0
HOXD13,HIVEP2,0
BACH2,RCC2,0
CHD4,MIR669A-1,0
TFE3,MAN1A2,0
MCM5,SNORA62,0
NPAS2,COX7A1,0
KAT2B,CRIP2,0
HOXD13,CDKN1A,0
RCOR2,FAM25C,0
MEIS1,FGF3,0
SIN3B,FAM129B,0
PKNOX2,EZH2,0
KLF10,IRF3,0
TIMELESS,ECHDC2,0
PMS1,TRRAP,0
EP300,SNORA44,0
CHD4,FOXH1,0
NR2F6,TEAD3,0
NCOA6,SHROOM3,0
MLLT1,NFATC4,0
TCOF1,CCNB1,0
HOPX,SMURF1,0
KLF13,MCM7,0
MSX2,JMJD1C,0
ZFP335,FOXP1,0
MEIS1,CYBA,0
FUS,ARPC1B,0
DCP1A,SPRY4,0
APEX1,TAX1BP3,0
RFX2,FOXJ3,0
PLAG1,REST,0
TSG101,FABP3,0
AATF,NR1D2,0
EED,TCL1,0
MYCN,LEFTY2,0
ETV4,ATF1,0
RARG,SLC38A2,0
GTF3C1,GABPA,0
TAF5,GFPT1,0
PRDM1,EDEM1,0
CTNNB1,CSF1,0
ZFP219,P4HB,0
CRY1,KNTC1,0
MLXIPL,CTSD,0
RBL1,GPA33,0
EHMT2,MATR3,0
NFIB,KRTCAP2,0
MSC,PKNOX2,0
HDAC3,PLAGL2,0
HMGB2,PLK2,0
EZH1,RAD54B,0
HDAC1,ODC1,0
SFPQ,KLF9,0
TFAP2C,HES1,0
CTNNBIP1,PCOLCE,0
ESRRB,ARHGEF5,0
PHF1,TXNDC5,0
PLAGL2,MED4,0
TOX4,CCNG1,0
CNOT7,NFATC4,0
ZFP148,CUBN,0
SOX2,FBXO15,0
CIC,SKIL,0
RCOR2,FOXH1,0
KLF3,MIR466F-2,0
E2F1,TFCP2L1,0
ELK4,WWTR1,0
MCM5,DIDO1,0
DIDO1,EOMES,0
TRIM28,CYBA,0
HDAC3,ASPH,0
POLR2I,DDX58,0
ELK1,HIST1H4K,0
CIC,TNS1,0
NR3C1,KRT18,0
POLR2H,ARPC1B,0
POLR3B,HKDC1,0
CREBZF,ATP13A3,0
HIF1A,AGAP3,0
DIDO1,ECT2,0
BCLAF1,DUSP3,0
MCM3,MIR1949,0
IRF1,OAT,0
MTA3,AI506816,0
FOXD3,MIR1905,0
KNTC1,PLOD2,0
SNAI1,SNURF,0
GTF2H4,NXF7,0
AATF,MCM3,0
KDM5B,DPPA4,0
OTX2,POLR2E,0
ERCC3,SRSF1,0
TRIB3,SPRY2,0
RNF14,PDIA3,0
CNOT2,SRM,0
SMARCB1,TCF7L2,0
DTX1,MEG3,0
RAD54B,TUBB4B,0
NOTCH2,JDP2,0
HNF1B,SUN2,0
SMARCC2,MOV10,0
TNFAIP3,MYH9,0
IKBKB,APOE,0
PRDM1,PRDX4,0
MLXIPL,PDIA6,0
SIRT1,CLTC,0
ZBTB43,RBMS1,0
RERE,CTNNAL1,0
NR2C1,ASNS,0
TCF7L2,GTF3C5,0
FHL2,TCL1,0
RCOR2,CHD5,0
NRIP1,LMF2,0
ZSCAN10,FBLIM1,0
EZH2,HIST1H1B,0
MEF2D,FAM129B,0
HOXD13,CTDSPL,0
APEX1,ARNT2,0
IRF4,AMOT,0
PITX2,CEBPZ,0
DAZAP2,TAF9,0
NFYB,GFPT1,0
HNF4A,FOSL2,0
ZSCAN10,MIR1905,0
HIST1H1D,PA2G4,0
MAPK8,ABTB1,0
SMARCB1,PCSK6,0
SMARCA5,RIF1,0
NDN,ZFP277,0
ZFP462,FAM83D,0
EHMT2,RNF19A,0
HDAC7,SRPRB,0
PER1,SLC6A6,0
HIF1A,SOD1,0
BMI1,SNORD83B,0
CNOT3,ITPK1,0
ANKRD49,CARHSP1,0
PRDM5,NFX1,0
ERCC8,ME1,0
RBL1,TDH,0
PDCD11,SNORA33,0
MIS18BP1,MCM2,0
MSC,SMARCC2,0
TCF4,QDPR,0
GBX2,TRP53BP1,0
POU2F1,MEG3,0
PIAS1,EHD1,0
SSBP4,ODC1,0
TLE1,NSD1,0
TAF5,POU5F1,0
SMAD2,GATAD2B,0
POLR2H,CLTC,0
PROX1,DDX54,0
SMAD3,ING3,0
HMGA1,TRIP6,0
SIRT1,MIR466F-2,0
ATF2,EIF4A2,0
SMARCB1,LOXL2,0
SATB1,ELL2,0
HMGXB4,SMARCD1,0
HDAC5,PDK1,0
IRF2,IMPDH1,0
RARG,SMARCA4,0
SIN3B,YEATS2,0
CHD4,XBP1,0
AATF,ERCC3,0
MAFK,PDIA5,0
DDB2,ZFP281,0
DIDO1,KLF3,0
ZFP462,REV1,0
GATA6,STAG3,0
MATR3,SOX7,0
DDB2,CDCA7,0
PRDM5,NR2F2,0
KLF6,IER2,0
ZFP275,TXNDC12,0
NR2F6,HDAC10,0
SOX2,DAXX,0
RNF19A,APBB1,0
CHD5,GATAD2B,0
SIX5,UNG,0
DNMT3A,CBX6,0
TLE1,ZFP36L1,0
DNMT3A,ZFP398,0
ASH2L,OBSL1,0
BCL3,EPS8L2,0
ZFP236,SMARCA5,0
XAB2,SNRPN,0
KLF2,FGFR4,0
FUS,RANGRF,0
PCBP2,NR1H2,0
CBX4,FAM129B,0
TFAP4,BMP4,0
PHF1,UBTF,0
SMARCAD1,HERPUD1,0
FHL2,ANKS1,0
ETS1,SKIL,0
MTA3,ZFP710,0
TNFAIP3,PHGDH,0
CRY1,CIC,0
CRY1,ARID1A,0
SOX15,RAB3IL1,0
XRCC6,PHB2,0
NR1H2,KDELR3,0
ARID3B,TBX3,0
FOXP1,DIDO1,0
TRIB3,SIN3B,0
ZFP446,SNRPN,0
DNMT3A,TADA3,0
ZBTB3,PAX8,0
ZFPM1,CLIC1,0
CNOT6,MAML1,0
BAZ1A,HDAC1,0
TRIM32,NACC1,0
ELK4,MSC,0
JUND,CITED1,0
MEF2A,NEDD4,0
TAF5,MFGE8,0
NFKBIA,ZBTB32,0
ETS1,LEFTY1,0
BCLAF1,SKIL,0
NCOA6,TUBA4A,0
KEAP1,TAF6L,0
ETV6,FAM129B,0
AIRE,ZFP57,0
EMX2,GSR,0
CRY1,TCF20,0
ZFP335,ATP1B1,0
MEF2D,BMP4,0
SRSF6,SMARCC2,0
PML,TGFBR3,0
MCM2,LDLRAP1,0
HES6,ETL4,0
TOPORS,PIAS3,0
PREB,ESRRA,0
ZBTB3,TET1,0
EP400,CDIPT,0
CEBPZ,FRMD4A,0
TGIF1,ZFP42,0
BTG1,SHISA5,0
TTF2,MSI2,0
NOTCH2,ELF1,0
RLIM,PHF1,0
BRPF1,FOXJ3,0
KDM5B,CDH1,0
SIN3B,GTF2H4,0
MATR3,P4HA1,0
HIF3A,TUBA4A,0
SUZ12,SATB1,0
SOX2,NXF7,0
AES,ACTL6A,0
MYBBP1A,NAA15,0
CIC,ERF,0
DNMT3A,BRD7,0
IRF2,MEG3,0
SMURF2,NME2,0
PCBP2,SEMA4C,0
MAPK8,SKIL,0
DDX5,RNF2,0
MYBBP1A,ID2,0
NSD1,USP3,0
MEF2C,ZEB2,0
KLF10,TOP2A,0
POLR2A,ELOVL6,0
ARID1A,1110038B12RIK,0
ILF2,APOE,0
SCMH1,NUP93,0
ZFP275,PIK3AP1,0
HES6,HERPUD1,0
MATR3,EDEM1,0
MAML1,KIT,0
ZFP462,PHF14,0
MAML3,SNORD11,0
DDB2,IRF6,0
EZH2,POLR1B,0
SOX4,SEC24D,0
CNOT3,SEMA4C,0
ILF2,HNF1B,0
FOXO1,ZFP600,0
TOPORS,SPEN,0
HDAC1,ATF1,0
RBL1,HDAC1,0
STAT5B,BCAS3,0
TCF12,ZYX,0
HNRNPAB,SSBP4,0
RAD54B,GORASP2,0
MSC,HTT,0
ZFP42,DENND2C,0
MEN1,BARX1,0
ASH2L,MAZ,0
COIL,ZFP281,0
MLXIPL,SOX4,0
HDAC2,HIVEP2,0
HNRNPAB,ARID1A,0
CNOT6L,ZHX3,0
DDB2,SIN3B,0
NPAS2,MTHFD2,0
FHL2,TOX3,0
EPAS1,NDN,0
MCM6,SNORD32A,0
PITX1,XRCC5,0
BMP6,PCBD1,0
ZDHHC15,HIST1H2AG,0
POLR1E,PRPS2,0
HSF2,SIRT2,0
MSX2,LAMP1,0
PHF2,CTBP2,0
HIST1H2BB,MIR295,0
PELP1,MED21,0
FOSL2,ICAM1,0
GTF2I,GNPDA1,0
XRCC5,MSL3,0
NOTCH4,FBXO15,0
EMX2,SNHG12,0
PATZ1,HSPH1,0
POLR2E,LAMA5,0
TEAD3,IFRD1,0
COIL,SUSD2,0
NCOA6,KDELR3,0
POLR2E,ILF3,0
ERCC3,MIR291B,0
IRF2,CD9,0
GABPA,USF1,0
FOSL2,CHCHD10,0
SRSF1,MAML1,0
MED31,APOE,0
NFATC4,ANKRD49,0
PURA,EPHA2,0
CNOT2,GORASP2,0
HIST1H2BB,CARHSP1,0
DAZAP2,EED,0
TTF2,NRG1,0
FIZ1,LOXL2,0
GTF2I,ZBTB38,0
STAT5B,KLF10,0
HSF2BP,SRRT,0
PREB,TOP2A,0
RARA,DNAJC2,0
ILF3,CTNNB1,0
ELF3,GALNT2,0
NR2F2,MSI2,0
NAA15,SCMH1,0
ZFP462,SHROOM3,0
SIN3B,DDB1,0
NAA15,PFKP,0
NR1D1,RNF19A,0
TGFB1,MYD88,0
ZBTB3,ZFP710,0
SIRT1,YEATS2,0
CREBZF,POLR2J,0
ZBTB7A,MAML1,0
TAF10,PDIA4,0
CRABP2,RFXAP,0
SIN3A,ARID3B,0
RUNX3,DCTPP1,0
ZFP236,MEIS3,0
TCOF1,HSD17B14,0
NR5A2,BRD7,0
ZIC3,LOXL2,0
FOXJ3,CTCF,0
PAX8,SMARCA4,0
NRF1,HMGB2,0
PER1,MTHFD2,0
DTX1,FKBP11,0
NFYB,PURA,0
REST,APOBEC3,0
JUN,CLTC,0
ID4,MYO1C,0
SIRT2,FGFR4,0
MAZ,NFYA,0
SCMH1,SAP30,0
CREB5,DMRT1,0
SATB1,BCLAF1,0
ZSWIM4,RCC2,0
JDP2,GLIS2,0
NFE2L2,ZFP367,0
BAZ1A,ANXA5,0
PROX1,RBPJ,0
UBP1,CTSL,0
GTF2A1L,CCND2,0
PRDM5,PHF12,0
SFPQ,ATF5,0
JDP2,MAZ,0
EED,HSPH1,0
ZFP446,GJB3,0
GATAD2B,FUS,0
BACH2,CNOT3,0
PRRX2,MED31,0
ZMYND11,PIAS3,0
BRCA1,IRF4,0
GTF2A1L,GNRH1,0
NRF1,BTF3,0
ATF4,MAPK8,0
PIAS2,PLOD1,0
GATA3,SND1,0
TWIST1,ST5,0
NOTCH1,KANK3,0
SOS2,EMX2,0
HDAC7,DNAJC3,0
PSIP1,ATF5,0
JUN,SNORD32A,0
TOX3,GTF2H4,0
CREB3L2,ITGAV,0
ZFPM1,KLF10,0
TOP2B,RAI14,0
PLRG1,PLOD1,0
DAXX,ACTL6A,0
RUNX3,ZFP57,0
LDB1,GJA1,0
TRP53,TCN2,0
MED15,SNURF,0
ID4,HMGA1,0
FIZ1,RUNX1,0
TCEA1,KPNA2,0
SOX7,HIVEP2,0
BRWD1,ESRRA,0
SMARCAD1,ZFP281,0
SIRT3,PLOD3,0
FOXA2,GJA1,0
HDAC3,ZFP398,0
NR2F6,TET1,0
MAPK8,AMOT,0
EOMES,GJA1,0
ATF2,AKR1B3,0
SOX15,MAFK,0
RFXAP,TBX3,0
CTCF,DDX54,0
SP8,RASGRP2,0
SOX4,CBX6,0
EWSR1,ZFP275,0
TRIM24,NAGK,0
RNF14,NFATC2IP,0
MEF2C,SIN3A,0
SAP30,PML,0
HOPX,CNN2,0
NFKBIA,RAD54B,0
HSF2BP,BAZ1A,0
ESRRA,PLRG1,0
TRIP6,GABARAP,0
PRRX2,PCSK6,0
PCBP2,IFITM2,0
HSF2BP,CARHSP1,0
ZDHHC15,HERPUD1,0
HIF3A,RAB3IL1,0
MLXIPL,CLCN5,0
GLI1,SIN3B,0
NDN,NFKBIA,0
CBX4,SETD7,0
FOXP1,CAR2,0
SOX17,CTBP1,0
SRSF1,PSIP1,0
TRRAP,ACTG1,0
HIF1A,TFAP2C,0
TOPORS,TUBB4B,0
MCM2,QDPR,0
STAT5A,APPBP2,0
ZFP423,PCOLCE2,0
ILF2,TAF9,0
CTNNBL1,SOD1,0
AIRE,INSIG1,0
MEN1,PITX2,0
ELK4,PSAP,0
GATAD2B,ORC2,0
RBBP7,CDH1,0
CITED2,S100A6,0
BAZ1A,MSL3,0
RCOR2,GAA,0
NDN,CTH,0
SFPQ,MT2,0
SNAPC3,CUX2,0
NCOR1,GATA4,0
HIF3A,RCC2,0
ELK4,GRAMD1A,0
SPEN,SGK1,0
CEBPZ,HERPUD1,0
TIMELESS,MDK,0
MED15,SOD1,0
YAF2,ATP6V0E,0
NR1H2,HDAC3,0
MCM7,HNRNPAB,0
UBTF,NID1,0
POLR2H,SNORA44,0
SMARCA4,FOXQ1,0
PER1,ZIC3,0
PRDM1,FDPS,0
ATF6,POU4F2,0
RBM14,SMAD4,0
HSF2BP,ANKRD49,0
MAZ,GLIPR1,0
NR1D1,PIAS3,0
EED,MEF2C,0
BTF3,MSL3,0
ATF3,MPZL2,0
HDGF,ARNT2,0
ZEB1,QDPR,0
ARNTL,RAD51,0
ERCC8,CLTC,0
FOXO1,ST3GAL6,0
KLF3,GALK1,0
JARID2,CALCOCO2,0
BRCA2,GLI2,0
IRF6,PAPOLA,0
HDAC4,EPS8,0
MAPK8,COBL,0
RAI14,SNORA17,0
GTF3C1,YAF2,0
ATF4,E2F4,0
ZBTB7A,SSBP4,0
PCBD1,MIR1949,0
NONO,THBD,0
SMARCA4,GABBR1,0
PLRG1,FGF3,0
YEATS2,MFSD1,0
KLF10,STX5A,0
GATA3,MIR291B,0
BMI1,IRF6,0
TAF10,REV1,0
NFATC4,MAFK,0
KDM5B,ARHGAP1,0
RARA,TMED2,0
CREB3L2,SOX2,0
NFKBIA,PAPOLA,0
HIST1H1B,SPOCK1,0
MCM5,EHD1,0
TFCP2L1,IRF2,0
MSX2,APOE,0
PKNOX2,MYL6,0
BCL3,SAT1,0
CREBZF,MCM4,0
SP8,PDCD11,0
MEF2C,E2F2,0
TEAD1,CAMSAP3,0
MEF2A,DCP1A,0
ZFHX3,HIF1A,0
DAB2,ELF2,0
DIDO1,BRWD1,0
EOMES,KCNG1,0
RNF2,PKNOX2,0
MEN1,SQSTM1,0
BARD1,UBTF,0
ZFP446,MYBBP1A,0
SIX1,NR1D1,0
IRF6,SIRT3,0
MAZ,SLC16A6,0
PER1,HMGA1,0
ID3,SOX15,0
MBD2,CTNNBL1,0
PELP1,AARS,0
CRABP2,NR2F2,0
MATR3,SPP1,0
SALL1,GABARAP,0
OVOL1,RFFL,0
FOXO1,PKNOX2,0
FOXP1,PMS1,0
POU4F1,PHF1,0
NFIL3,TCEA3,0
PITX2,COL4A1,0
YBX1,BTG1,0
GTF2H4,LEFTY2,0
APBB1,GABBR1,0
PITX2,AHNAK,0
SUZ12,TBL1X,0
TCF4,MSH6,0
EHMT2,SOD1,0
EZH2,NDN,0
BMP6,LOXL2,0
PLAG1,TMEM59,0
CITED1,SEMA4C,0
PCBD1,PRDX1,0
NOTCH4,POLR3F,0
E2F2,SNORA43,0
TGIF1,AMPD2,0
USF1,LMO4,0
EMX2,NANOG,0
MYBL2,BTAF1,0
NFE2L2,HSD17B14,0
SSB,NFE2L2,0
BTF3,TFAP2C,0
CHD5,NFXL1,0
ELP2,ZFP335,0
PCBP2,RCOR2,0
FIZ1,SGK1,0
RUVBL2,PIAS3,0
SIRT2,CAMSAP3,0
NDN,MANF,0
MCM3,IER2,0
BAZ1A,RBPMS2,0
BAZ1A,RLIM,0
HNF1B,ADAM23,0
POLR3D,DDB2,0
NANOG,NME2,0
TADA3,SRF,0
PDCD11,TXNDC5,0
SP8,PFKL,0
SMARCAD1,SETX,0
MCM4,SPRY2,0
CITED1,SIX5,0
TAF9,GRHL1,0
SIRT2,MIR291B,0
AGAP3,E2F1,0
E2F2,ZFP57,0
ZFPM1,RFX5,0
CENPB,ELP2,0
ILF3,SPOCK1,0
TEAD4,FBP2,0
YAF2,NANOG,0
NFE2L2,SET,0
ASH1L,CCND3,0
NR2F6,CLIC1,0
NPAS2,MAPK3,0
NFIB,BMPER,0
KLF4,MDN1,0
POU4F2,TFE3,0
CNOT7,HSPG2,0
EHMT2,MAN1A2,0
TCF4,SIRT3,0
SFPQ,PODXL,0
ESPL1,PHC1,0
POU5F1,PITX2,0
YAF2,NCOA6,0
BRCA2,COBL,0
PHF2,TFE3,0
REST,RBFOX2,0
HSF2BP,SNORA44,0
PCBD1,RPL5,0
FOXD3,GTF3C1,0
MEIS3,HDAC2,0
XAB2,ARHGAP32,0
ARL6IP5,BEND5,0
DR1,MYD88,0
MED21,APP,0
ZFP281,ANK,0
TAF9,SNORD93,0
APBB1,SHISA5,0
NFKB2,PLOD1,0
HES6,IFI30,0
NONO,DNAJC2,0
EED,NPAS2,0
NFATC4,AIRE,0
TTF2,SLC26A10,0
ID4,ATF5,0
SP8,ZEB1,0
NR2F6,DAZAP2,0
ELP2,COIL,0
NCOA3,GAA,0
CNOT6L,KEAP1,0
BCLAF1,CCNE1,0
L3MBTL2,SPRY4,0
TBL1X,AMOTL2,0
TAX1BP3,SPOCK1,0
ARID1A,ORC2,0
MBD2,YAF2,0
DDB2,DAXX,0
MCM2,GCNT1,0
ASH1L,BTAF1,0
ESPL1,PLSCR1,0
SOS2,MCM4,0
ZBTB7A,GRHL1,0
SMAD3,BRD7,0
MLXIPL,HERPUD1,0
RBBP7,HK2,0
PAWR,PDE4DIP,0
SRSF3,ARHGAP1,0
ABTB1,DTX1,0
ZMYM2,GABARAP,0
POLR2H,PHF14,0
ZBTB3,MSI2,0
EBF1,HIST1H2BL,0
PHF2,BMP4,0
NFE2L2,SCMH1,0
ATM,FUBP3,0
SATB1,GLS,0
HMGA2,DPPA4,0
TCOF1,ZFP275,0
TCERG1,MAML3,0
BRWD1,HELLS,0
BMI1,HNRNPAB,0
YEATS2,KLF2,0
GBX2,PDIA4,0
RLIM,BTF3,0
MED15,RFX2,0
SMAD7,NR3C1,0
SMARCB1,CBX8,0
KLF2,ATF6,0
CREBZF,NFXL1,0
MEIS1,SPP1,0
HIF1A,SLC25A22,0
FUBP3,POU4F1,0
SMURF2,ORC2,0
ELK1,LMO4,0
LMO4,KLF6,0
GATA3,PSAP,0
CIC,ECT2,0
GTF3C1,RBM38,0
POLR2H,STXBP2,0
GATAD2B,ARID5B,0
ETV6,NR3C1,0
MEN1,ORC2,0
SRRT,VEZF1,0
BCLAF1,CCND1,0
FOXD3,TBL1X,0
ORC2,ZFP710,0
KEAP1,SERPINB6C,0
HDAC4,MED4,0
ZFP462,MBD2,0
MEF2D,ITGA9,0
TULP3,KRT17,0
NME2,GSN,0
TGFB1I1,TRIB3,0
SP8,MAP3K1,0
CRY1,KLF3,0
TAF6,NSD1,0
MYCN,SPEN,0
NFATC1,SLC7A3,0
SRSF3,TOPORS,0
STAT5A,NDN,0
ZFP281,MT1,0
SMAD2,TCN2,0
KAT2B,UNG,0
XRCC6,FGF3,0
CNOT7,XAB2,0
PROX1,TSPAN4,0
PRDM5,ADAM19,0
RUNX3,MIR291B,0
POLR3B,DDX21,0
ELL3,CDC5L,0
POLR2B,FNDC3A,0
NR4A1,MYBBP1A,0
RUVBL1,SERPINE2,0
JMJD1C,ICAM1,0
RBMX,KLF10,0
MYC,BTAF1,0
NFX1,SLC7A5,0
MYBBP1A,SATB2,0
ZSCAN10,CREBZF,0
SRSF1,L1TD1,0
SOX17,PPP2R5A,0
MEF2A,TOP2A,0
GTF2H4,CAMSAP3,0
KAT2B,MAFK,0
IRF6,ILF3,0
UBTF,SDF2L1,0
ZIC3,TFEB,0
MEF2D,REV1,0
SRSF1,SFMBT2,0
HNF1B,CCND3,0
TWIST1,CTCF,0
BTG2,TRIB3,0
PIAS3,VCAN,0
GATA6,TRIM2,0
FHL2,POLR1E,0
GLIS2,RBM14,0
ATF2,NFE2L2,0
HSF2BP,PRDX4,0
FOXD3,MPZL2,0
KLF4,PLAG1,0
HNRNPD,ZBTB43,0
NR1H2,BTG2,0
SALL4,HDLBP,0
NOTCH4,FHL2,0
PROX1,CRAMP1L,0
NONO,ATP13A3,0
DDIT3,SIX1,0
PROX1,TRPS1,0
GATA3,FXYD3,0
THRAP3,NFKB2,0
POLR2J,POLR3B,0
AGAP3,KANK3,0
TRIP6,IFI30,0
GATA6,RBM14,0
E2F1,ACTL6A,0
POU4F2,CENPV,0
TRIP6,HSD17B14,0
GLI2,TOP2B,0
ERCC8,BNC2,0
TAF1,STXBP2,0
TSG101,HABP2,0
TGFB1I1,LAMB1,0
LMO4,NUP210,0
TFAP2C,IL33,0
TIMELESS,TNK2,0
JARID2,KLF15,0
HMGA1,TEAD3,0
KLF13,NFIL3,0
MED4,SPARC,0
L3MBTL2,NSD1,0
SOX4,TADA3,0
MBD2,RHPN1,0
NRIP1,AKAP12,0
RAD51,TFRC,0
GATA6,LAMA5,0
SATB1,RYBP,0
NONO,CACHD1,0
CREB5,SMAD4,0
MCM6,USP9X,0
CBX4,PSAP,0
PKNOX2,CBX6,0
ELF3,NR1H2,0
CREB3,DPPA4,0
NR1D2,ACP6,0
ELK4,NFATC3,0
PARP1,SEC23A,0
POLR2K,PARVB,0
PAX8,CTSD,0
PIAS2,BTG1,0
ZFHX3,TADA3,0
MEF2C,SNURF,0
HDAC1,GRHL1,0
RBPJ,CBX6,0
RFX2,MAPK13,0
ZFP42,NFYB,0
TWIST1,NUPR1,0
CHD5,ARNTL,0
BRPF1,ZBTB39,0
CNOT6L,HSPH1,0
ASH1L,TET2,0
COIL,NR1H2,0
MSC,AATF,0
JUND,ARID1A,0
RYBP,GCLM,0
TCERG1,SMARCA4,0
STAT4,TUBB2B,0
SOX2,SIN3B,0
HSF2,NOTUM,0
MTA3,SLC16A6,0
E2F4,CRABP2,0
ID4,KCNG1,0
MCM5,DKK1,0
NUPR1,PTPN14,0
NFIB,BTAF1,0
SMARCD1,EIF2S2,0
PREB,PEG3,0
TGIF1,TRH,0
DNMT3A,CDC42SE2,0
DAB2,HIST1H2BF,0
MAML3,KNTC1,0
RNF19A,SNORD32A,0
NCOR1,CRYAB,0
CIC,MYO7A,0
CBX6,NKRF,0
CRY1,GABBR1,0
PURA,PIAS1,0
DAB2,RFX5,0
E2F2,HIST1H3H,0
PIAS3,BNC2,0
XRCC6,ZSCAN10,0
SRSF6,MYL6,0
GATA3,F3,0
PHF12,1110038B12RIK,0
HOPX,SPOCK1,0
PHF1,SHROOM3,0
TRIB3,ARHGAP32,0
MYC,ANKRD49,0
BRCA1,NFIC,0
TEAD3,ZBTB43,0
PHF12,PRDM1,0
SOX7,BIN1,0
TFE3,PLAG1,0
CNOT6,NKRF,0
XRCC5,EP400,0
SNAI1,DNAJC3,0
SOX7,NFYB,0
NME2,NR2F2,0
CBX6,TET2,0
PIAS3,FGF10,0
NME2,SOX15,0
TOPORS,RARA,0
CNOT6L,DDX54,0
PHB2,CAMSAP3,0
BACH2,THRAP3,0
FXR1,SALL1,0
MAFK,COTL1,0
TCF4,ATG16L2,0
SSB,BSG,0
MATR3,MDM2,0
SAP30,CAR2,0
ARID3B,CITED1,0
ELF4,CSF1,0
TRIB3,JAM2,0
ZEB1,GALK1,0
KLF15,KRT19,0
TADA3,CDKN1A,0
ZFP281,HIST1H2AF,0
PLAG1,TBX3,0
POU6F1,ATG16L2,0
MTF2,DTX1,0
TFAP4,PLK2,0
TCF7,MYH9,0
RFX2,MAP3K1,0
MEIS1,TCEA3,0
SMARCC1,MYBL2,0
MEIS1,TMEM9,0
HDAC1,CELF3,0
TTF2,SMARCC1,0
TRIB3,HIF3A,0
BTF3,EZH2,0
CRY1,NUP93,0
ZBTB24,TCEA3,0
HIF1A,GABARAPL2,0
HNF1B,LIMCH1,0
NFIL3,MIR295,0
PROX1,ST5,0
SP8,FHL2,0
DAXX,SEMA4C,0
CREB3L2,AKT1,0
JMJD1C,KRT19,0
POLR2I,RHPN1,0
POLR1C,RBPMS2,0
TRIP6,EIF2S2,0
PHF1,CBX8,0
FXR1,NCOA3,0
SMARCAD1,RANGRF,0
PREB,SOD1,0
CTCF,ZFP462,0
MEIS1,CAR4,0
TCF7L2,RLIM,0
BRCA2,PRKAB1,0
SOX17,MIR1905,0
SSBP4,GGA2,0
BMP6,SUZ12,0
PIAS2,APLP1,0
HDAC1,ORC2,0
BARD1,ETV6,0
NFYA,FUT8,0
ILF3,PGD,0
XAB2,PDIA5,0
L3MBTL2,XBP1,0
MED12,SIN3B,0
SALL1,DMRT1,0
PCBD1,PROX1,0
EZH1,HSP90AA1,0
MLXIPL,SNHG1,0
DAB2,PDCD4,0
FXR1,BCAS3,0
NFX1,EDA2R,0
CNOT3,MIR466F-2,0
SNAPC3,ARNTL,0
ZMYND11,PCSK6,0
NAA15,PDCD11,0
HDAC10,FGFR3,0
TRIM28,TCF4,0
ELF1,HIP1,0
NFX1,IRF3,0
NR0B1,MIR1949,0
CITED1,STAT4,0
EED,AES,0
NFKB2,FRRS1,0
ANKRD49,COX7A1,0
CHD5,RFX5,0
SAP30,GABARAP,0
HEXIM1,TYRO3,0
HIST1H1B,NPHS1,0
NR0B1,PDPN,0
HIST1H1D,SNORA26,0
ARNT2,SMARCD1,0
CNOT6,SRSF1,0
COPS2,CDIPT,0
TRIB3,GSN,0
SAP30,ABCC5,0
RAI14,FLRT3,0
PARP1,GAA,0
FIZ1,GLI2,0
EPAS1,CBX6,0
SIRT1,HSP90AA1,0
KPNA2,LAMA5,0
GBX2,FXYD6,0
PATZ1,PDIA4,0
EZH2,POU6F1,0
SNAI1,RBPJ,0
PELP1,RFX7,0
ATF3,FST,0
XRCC5,ID2,0
KLF3,MIR5121,0
JUN,IRF4,0
ING1,CHD4,0
SMARCD1,HEXIM1,0
NR1H2,ZFP236,0
PKNOX2,HDAC2,0
CTNNB1,ZBTB20,0
TOX3,RNF14,0
MEN1,MIS18BP1,0
TGFB1I1,HDAC10,0
SMARCC2,COBL,0
CRY1,RB1,0
IRF2,SPP1,0
KLF4,ACTL6A,0
HNRNPD,FRMD4A,0
HIF3A,ADAM23,0
XRCC5,POLR1B,0
RUNX3,DPPA2,0
FOSL2,GTF2H4,0
MCM6,L1TD1,0
ZFP423,KRT17,0
POLR1B,PML,0
POLR1E,TEAD4,0
RFX2,GABBR1,0
NUPR1,RANGRF,0
CTNNBL1,IRF6,0
DDX20,MAZ,0
KEAP1,TOP2A,0
CTCF,MORC4,0
RBMXL2,RARG,0
MEF2A,REV1,0
STAT4,RPS6KA6,0
COIL,KLF2,0
SMARCC2,SATB1,0
TRIM28,AFF1,0
DDIT3,CLCN5,0
PIAS1,RCOR2,0
TGFB1,SATB1,0
TRPS1,PCNA,0
HES6,ANXA2,0
NFIL3,SRI,0
GTF2H4,ATM,0
ETV6,ARPC1B,0
MEIS3,BTAF1,0
EPAS1,CNOT2,0
DCP1A,MATR3,0
MAML3,4930402H24RIK,0
TAF10,TMEM231,0
MYC,GALK1,0
PHF2,SNORA26,0
ZFP446,SFI1,0
MBD2,CBX4,0
MED4,POU5F1,0
POLR2A,WBP11,0
CRABP2,IFITM3,0
PIAS1,LMO4,0
STAT5A,RBM47,0
POU5F1,ACTG1,0
MITF,MCM10,0
DEK,SUSD2,0
ELF1,PTH1R,0
DEK,FBXO15,0
MEN1,PHF1,0
ANKRD49,PHF12,0
TNFAIP3,IRF4,0
RBM14,MYO7A,0
KPNA2,LRP2,0
TRIB3,HYOU1,0
SIN3B,SNHG12,0
KLF13,TUBB4B,0
ZEB2,SKIL,0
MAPK8,RANGRF,0
HTT,ZFP423,0
ING1,RBMS1,0
FOXQ1,BNIP3,0
SIX1,ARID5B,0
HTT,NOTUM,0
MEN1,H1F0,0
ID3,COIL,0
JMJD1C,TGFB1,0
E2F4,NOTCH1,0
GRHL1,KRTCAP2,0
HDAC7,DPPA4,0
CDC5L,ING3,0
BRCA2,GRB10,0
ZFP446,TMED9,0
SOS2,ETL4,0
ZFP281,ETV3,0
KHDRBS1,AKR1B3,0
BACH2,HOPX,0
ETV6,AARS,0
ZEB2,ZHX3,0
SKIL,SPOCK1,0
SFPQ,SUSD2,0
NPAS2,TRIM24,0
TEAD3,HSPA5,0
NPAS2,CDC42SE2,0
DR1,HABP2,0
MSX2,NFYB,0
KLF15,LY75,0
ELP2,COL4A1,0
COIL,TSPAN9,0
SFPQ,CHD5,0
RB1,SPARC,0
RBMXL2,NFYB,0
SATB2,KDM5B,0
MTF2,NFIB,0
EOMES,HIST1H2AK,0
SMARCA4,ITGAV,0
AATF,ZFP296,0
MEIS3,ARL6IP5,0
FIZ1,CLCN5,0
ZIC3,SPOCK1,0
TCF7,GABARAPL2,0
DAXX,GABPA,0
MLLT1,UPP1,0
HES6,COMMD3,0
CTNNBL1,SERPINH1,0
TRP53BP1,PHF12,0
FOXQ1,SNORA62,0
SPEN,SRF,0
IRF3,PIK3AP1,0
PMS1,CARHSP1,0
TULP3,AI506816,0
APEX1,TIMELESS,0
POLR2K,PHGDH,0
CHD4,RAPGEF3,0
SATB2,CTBP1,0
NR1D1,LAMA5,0
NPAS2,HIF3A,0
POLR2E,GRIN1,0
GATA4,TULP3,0
CBX6,PIK3R1,0
MLXIPL,CSTB,0
GLIS2,ASAH1,0
TTF2,CDC42SE2,0
SIX5,PITX1,0
NFIC,ATP13A3,0
HOPX,RCN3,0
CDC5L,EMX2,0
NFYB,CBX8,0
PHF12,MEG3,0
EP400,MDK,0
ZBTB10,CCND1,0
FUBP3,TEX264,0
CREBZF,SMARCB1,0
SRSF3,GNAS,0
TBL1X,AI506816,0
SOX15,TBRG1,0
MSC,CIC,0
CENPB,UTF1,0
PATZ1,TBL1X,0
RBBP4,DAZAP2,0
MYCN,EGR1,0
IRF1,BAZ1A,0
CREBZF,NOTUM,0
TOX3,E2F2,0
TAF6,SEC61A1,0
THRAP3,GNPTAB,0
PAWR,SMARCA2,0
SOX7,CUX1,0
POLR2E,FDPS,0
PKNOX2,RELA,0
UBP1,SLC9A6,0
HMGB2,PIAS3,0
CHD4,NR2F6,0
BCLAF1,P4HB,0
RBL1,NDRG1,0
MDM2,PCBD1,0
TEAD4,FDPS,0
KLF4,TFEB,0
LMO4,EHD1,0
HES1,BARX1,0
BCL3,CBX4,0
CHD5,PRDX1,0
OVOL1,SLC1A5,0
TADA3,ACTG1,0
TOX4,NFE2L1,0
MDM2,IRF6,0
TRP53,FOXH1,0
ZBTB43,CALU,0
MEF2C,RHOX5,0
HNRNPD,SMAD2,0
SRSF3,DTX1,0
SMARCA2,RIAN,0
SRSF1,LEFTY1,0
GTF2I,LHX2,0
PAX8,TDGF1,0
TRP53BP1,SMAD7,0
TOX3,HEY2,0
HDAC5,PPIB,0
MAFK,SLC16A6,0
POU5F1,GCNT1,0
PATZ1,SPOCK1,0
PLAG1,ZFP532,0
TRIM24,GNPTAB,0
TIMELESS,SRI,0
MLXIPL,PLTP,0
CUX1,POU5F1,0
SCMH1,BRCA1,0
ESRRB,SNORD49B,0
RAD54B,PSIP1,0
SAP30,RRBP1,0
EBF4,CUX1,0
FUS,ADAM19,0
NAA15,EPAS1,0
POLR3B,ZFP398,0
TAF1,GRHL1,0
SOX2,XAB2,0
HOXD13,ZFP281,0
BMI1,GJA1,0
MCM5,KDELR3,0
MED12,EMX2,0
PAX8,SNORD35B,0
HMGA2,GRB10,0
ZDHHC15,TPX2,0
GTF2A1L,AARS,0
TOPORS,PIAS2,0
ERCC3,NXF7,0
STAT5B,NEU1,0
MCM4,HIST1H2BK,0
RERE,RUVBL2,0
NR3C1,LEFTY1,0
ARNT2,NCOA6,0
HSF2,SREBF1,0
HDAC1,MCAM,0
FOXP1,VANGL1,0
AGAP3,PARVB,0
EHMT2,USP9X,0
SP1,NRG1,0
MTA3,KLF3,0
NOTCH2,MCM4,0
SIX1,PRDX1,0
GBX2,SEC31A,0
ZFP446,SQSTM1,0
HDAC3,TRPS1,0
MCM2,FOXQ1,0
CNOT7,PAWR,0
SUZ12,KLF8,0
BCL3,SIN3B,0
ARNTL,PDIA6,0
PER1,SMARCA4,0
ATF1,EPHA2,0
TEAD1,JMJD1C,0
SMAD3,RNPEP,0
MITF,SLC7A5,0
TEAD4,PITX1,0
NR4A1,PMM1,0
TAF6,BEND5,0
CHD7,OBSL1,0
TOX4,GTF2I,0
FXR1,ATP6V0E,0
SMARCA2,PLOD1,0
GLI1,PLAUR,0
RARA,FHOD1,0
CTBP1,EP400,0
EGR1,HNRNPD,0
RBMXL2,HEXIM1,0
FOXJ3,RUVBL1,0
MCM3,NFATC1,0
ARID1A,CLDN6,0
HDAC10,MYO7A,0
EPAS1,PDCD11,0
PITX1,HIST1H2AC,0
TRP53,GLI2,0
HDGF,PML,0
MED4,PDIA3,0
ELK4,ELAVL2,0
KNTC1,TNS1,0
NOTCH1,LDLRAP1,0
TRP53BP1,ZBTB32,0
ELK1,TMEM214,0
KLF3,SREBF1,0
HNF4A,ARNTL,0
SSB,SH3PXD2B,0
LHX2,INSIG1,0
KLF2,SATB2,0
CITED2,ALPL,0
PRRX2,POLR3D,0
NFATC3,NR5A2,0
SRSF3,FOXD3,0
ELF4,PLTP,0
RYBP,MYH9,0
YAF2,ODC1,0
FOXH1,SPRY2,0
ID4,GLIS2,0
PLAGL2,RIAN,0
RCOR2,PHF20,0
JDP2,RBL1,0
EZH1,RHOX5,0
DAXX,SOD1,0
COIL,SEMA4C,0
PLAGL2,MEF2D,0
RBPJ,CENPV,0
DAB2,UBTF,0
CNOT6,TNS1,0
POLR2B,SERBP1,0
UBTF,S100A6,0
MSC,AKAP12,0
TGIF1,BNIP3,0
MIS18BP1,BARX1,0
RBL1,DNMT3A,0
ZFP275,SFMBT2,0
YBX1,HSP90B1,0
KNTC1,EGR1,0
ZFP335,SLC16A1,0
CREB3,SFPQ,0
NPAS2,NOTCH1,0
TLE1,CSRP2,0
ETS1,KPNA2,0
KLF15,RAI14,0
BRD7,TRPS1,0
AGAP3,RARG,0
RARG,FOXP1,0
FIZ1,HNF1B,0
DAB2,SOX7,0
CHD5,ANKRD6,0
HDAC3,ST5,0
SALL1,SERTAD2,0
NFX1,SNHG3,0
HIF3A,BRWD1,0
DDB1,PIPOX,0
TOX4,FOXP1,0
XAB2,TRIM24,0
SSB,TMF1,0
KLF13,RBL1,0
YBX1,HNRNPK,0
TCF7L2,VEZF1,0
FOXJ3,PLK2,0
HMGA2,PRDM1,0
ELF1,NOTCH1,0
ING1,ARHGAP21,0
CHD5,SNAPC3,0
ZFP335,TAGLN2,0
SRRT,NR0B1,0
TCF7,ZHX3,0
ZFP148,SFMBT2,0
KPNA2,MED4,0
ASH2L,GLIPR1,0
SMARCD1,PHB2,0
FOXQ1,POU5F1,0
MBD2,KRTCAP2,0
GATA3,CHCHD10,0
CIC,TCN2,0
KDM5B,TDGF1,0
SKIL,TRIM2,0
SNAI1,SH3PXD2B,0
TRIB3,SERBP1,0
PAX1,KRT18,0
ATF1,APP,0
LDB1,RFX7,0
HSF2,SHISA5,0
NOTCH1,ESRRA,0
E2F1,NFE2L1,0
ZDHHC15,ASPH,0
NR3C1,RHPN1,0
PIAS1,L1TD1,0
POLR3F,NDN,0
ILF3,TMEM150A,0
CREB5,KLF3,0
HNF4A,MAPKAPK2,0
OTX2,F3,0
SNAI1,MAPK3,0
HMGB2,SALL4,0
PIAS1,LIMCH1,0
KPNA2,CCND1,0
RAD54B,YAF2,0
MSX2,TEAD4,0
RBM14,UBP1,0
FOXJ2,RUVBL1,0
SOS2,RANGRF,0
SIRT3,PIK3R1,0
RARG,PFKP,0
THRAP3,ETS1,0
ATF6,PRDX1,0
IRF1,NR2F6,0
TOPORS,MAPK3,0
MYCN,WDR1,0
IRF1,TRPS1,0
MAML1,FBLIM1,0
CNOT6L,HIST1H2BL,0
THRAP3,PFAS,0
DIDO1,GGTA1,0
POLR2B,SNORA17,0
PAX6,ECT2,0
CIC,SLC1A5,0
XRCC5,ANKRD49,0
ZFP275,BRCA2,0
HDAC1,CCNB1,0
ELF1,MCM4,0
RBL1,SHISA5,0
RNF2,ATM,0
CITED1,PCBP2,0
ZBTB10,ILK,0
HNF1B,CALD1,0
ETV4,PURA,0
ARNT2,PIK3R1,0
TEAD3,SET,0
CHD4,TFAP4,0
ZFP236,STAT4,0
RAD51,TRIM13,0
FOXQ1,ETV3,0
PITX1,SAT1,0
EPAS1,SOX15,0
SREBF1,MED12,0
DDX20,MTA3,0
BMP6,TRRAP,0
JMJD1C,BAZ1A,0
POLR2K,TBPL1,0
PMS1,ETV5,0
EBF4,SNORA26,0
SMAD2,ADAM15,0
HDGF,MYH9,0
ELF3,RAD51,0
NFE2L2,TET1,0
ARID5B,ITGAV,0
EZH1,SET,0
POLR1B,TIMELESS,0
EBF4,RYBP,0
NFIC,LTBP4,0
RBMX,PHF12,0
KHDRBS1,GGA2,0
FIZ1,NR2C1,0
NFATC3,MCAM,0
TCOF1,TRIB3,0
ELF4,SNX2,0
EP400,RTN1,0
ING1,TAF6L,0
MEN1,NDRG1,0
TFEB,TCERG1,0
SIRT2,SOCS2,0
JUN,GLI1,0
POU6F1,TRPS1,0
MDM2,LMF2,0
MAFK,PDE4DIP,0
MED12,SLC25A36,0
SMARCAD1,ITPK1,0
MTA3,EIF4EBP1,0
JUND,SREBF1,0
EBF4,FBXO5,0
HNF4A,TFAP4,0
EP400,EBF1,0
HDAC10,SHISA5,0
GATA6,TFAP4,0
TBPL1,ZC3H7A,0
PBX4,SIN3A,0
CITED1,NR2F6,0
SRRT,ZMYM2,0
SATB1,HDAC3,0
SKIL,GPA33,0
ZFP446,RUVBL1,0
CITED1,PIPOX,0
PKNOX2,MIR1905,0
DDB2,TEX264,0
CHD7,PIK3R1,0
MTF2,GLS,0
PHF1,CALD1,0
FIZ1,ECT2,0
SALL1,SNX2,0
SSB,NOTCH4,0
MED21,FUT8,0
NDN,SP8,0
ARL6IP5,PIAS2,0
POLR1E,MYO6,0
SRSF6,SDC4,0
MSX2,KLF10,0
MBD2,HELLS,0
SMARCAD1,DCP1A,0
TCERG1,TRP53,0
IRF3,SHROOM3,0
DTX1,ZFP296,0
KPNA2,TOX4,0
KLF13,SNORA74A,0
NFX1,PIK3R1,0
SMAD3,SOX15,0
GBX2,TRIM13,0
CBX4,NFIB,0
POLR2E,CNN2,0
EPAS1,COL4A1,0
ATF1,PPP2R5A,0
FOXJ2,CYP26A1,0
HDAC7,MYCN,0
JDP2,NOP56,0
RB1,ALPL,0
GABPA,RCN3,0
TAX1BP3,BNIP3,0
BMP6,DDX21,0
FOXO3,GATA3,0
NFKB2,ATP1B1,0
BTG1,ZFP277,0
SIX5,CCNG1,0
SMARCA2,PCOLCE,0
PDCD11,BNC2,0
PITX1,PPP2R5A,0
OTX2,APOE,0
SMURF2,MBD2,0
HDAC7,PRDX1,0
DEK,CREB5,0
BRD7,HSPB1,0
TCOF1,ZFP57,0
POLR2I,VEGFA,0
PAX8,RUNX3,0
ELK1,TUBB2B,0
MCM2,ETV3,0
ORC2,GSR,0
HNF4A,ZFP148,0
SMARCC2,OTX2,0
TNFAIP3,HDAC7,0
TCF7L2,PCOLCE,0
FOXD3,TBPL1,0
GATAD2B,H1F0,0
NFX1,POU4F2,0
SPEN,RLIM,0
PAX8,AMOT,0
SSB,GLS,0
SMURF2,SRI,0
ZFP148,GOT1,0
SP1,RERE,0
NFKB2,BRWD1,0
BRCA1,SMS,0
EZH1,USF1,0
GTF2I,LAMC1,0
PSIP1,NOTCH1,0
MAML3,MITF,0
TFCP2L1,DKC1,0
HDAC11,KLF6,0
NFATC4,DDX21,0
ZEB2,PARP1,0
NR2F2,DDIT3,0
AES,SNAI1,0
ZBTB43,TNS1,0
MSX2,HYOU1,0
PA2G4,E2F1,0
PML,SLC25A5,0
HES6,SAT1,0
CREB3L2,CDH1,0
SMAD2,USP3,0
COPS2,SNORA33,0
RFX5,SOX15,0
FOXJ2,GRIN1,0
TEAD1,TRIM2,0
TFAP4,ELL2,0
TULP3,ILF3,0
HMGXB4,PHLDA3,0
EPAS1,MDN1,0
PCBP2,ME1,0
CHD4,SIN3B,0
DDX20,SNORA44,0
PROX1,ZFP42,0
MEF2C,FGFR4,0
SRSF6,MTHFD2,0
ELK4,TRIB3,0
EPAS1,SNHG12,0
ELK4,NR2F2,0
NANOG,YAF2,0
DDIT3,CRYAB,0
RUVBL2,ECT2,0
MTF2,BNC2,0
KDM5B,ZFHX3,0
ID3,RBBP7,0
TOPORS,GLIS2,0
POLR3B,ANKRD49,0
RUVBL2,CITED2,0
XBP1,OTX2,0
ZBTB7A,OTX2,0
HOXD13,ZSWIM4,0
ELL3,NDRG1,0
NOTCH1,DNAJC2,0
TFAP4,THBD,0
PER1,ELOVL6,0
ZFP335,UCHL1,0
ATF4,PMS1,0
MAML1,ASH2L,0
HDAC3,ANKRD49,0
ZFPM1,TIMELESS,0
MEF2D,TCN2,0
BACH2,PEG10,0
ARID3B,JMJD1C,0
ATF4,ARPC1B,0
CBX4,CTSD,0
IRF2,JUN,0
HSPB1,ZFP236,0
PBX4,FOSL2,0
USF1,PIAS1,0
ZFP275,TCF7,0
FOXA2,SEC61A1,0
PCBP2,NOTCH2,0
ZDHHC15,SNHG3,0
KPNA2,NFIL3,0
TWIST1,ITGA9,0
MIS18BP1,ANXA5,0
ARID5B,SENP3,0
RARG,RAD51,0
ARID5B,TRP53,0
IRF6,HSF2BP,0
PAX1,NEU1,0
YBX1,HNF1B,0
PAX1,ANKRD49,0
CTNNBIP1,WDFY1,0
RNF2,POLR3B,0
EHMT2,ANKRD6,0
SRF,RASGRP2,0
ATM,CCNB2,0
KNTC1,EPS8L2,0
SMARCA5,SNORD93,0
NFX1,HIST1H2BB,0
NUPR1,PSIP1,0
GATAD2B,NOTCH1,0
SRSF1,MYH9,0
EWSR1,UCHL1,0
DDX20,NME2,0
KLF15,NOTCH4,0
CNOT3,SLC12A4,0
RAD51,NOP56,0
TCF4,FUBP3,0
MTF2,SEC61A1,0
CNOT7,CALM1,0
CBX8,HSPG2,0
EP400,ASAH1,0
STAT5B,PITX1,0
ILF3,SPARC,0
EPAS1,POLR1E,0
SOX15,DDB2,0
ATF3,TGM1,0
EOMES,NACC1,0
DDB2,SOX17,0
PRRX2,SSB,0
NFYA,SUN1,0
YBX1,TULP3,0
KAT2B,ATF3,0
PIAS1,CLDN6,0
NR5A2,USF1,0
FOXD3,SNORD35B,0
DAB2,SERTAD2,0
USF1,SSB,0
SMAD2,CTNNB1,0
RBPJ,ZFP600,0
KPNA2,CUBN,0
PA2G4,TFE3,0
HIF3A,HIST1H2BL,0
POLR2I,EPHA2,0
FXR1,MSH2,0
MCM7,LGALS3,0
ZFP462,RBFOX2,0
PAX8,ZFP423,0
BRCA2,ADAMTS9,0
CREB3,SOS2,0
ASH1L,STXBP2,0
MCM2,STAT4,0
JMJD1C,NR3C1,0
HIST1H1B,EPHA2,0
HDGF,POLR1B,0
E2F6,DAB2,0
MED15,LEFTY2,0
USF1,NFIC,0
NOTCH2,PIK3AP1,0
SALL4,MIR291B,0
BMP6,POFUT2,0
IRF6,COL18A1,0
CREB5,KLF13,0
E2F2,L3MBTL2,0
ARL6IP5,PHGDH,0
ELK4,HNRNPAB,0
FOXP1,NR1D1,0
ATF1,APOE,0
PROX1,TCF4,0
PER1,PLA2G1B,0
PIAS1,SLC16A6,0
CENPB,LAMP1,0
TTF2,PDK1,0
ATF6,EED,0
ZMYND11,MATR3,0
KLF3,SNORD33,0
MEIS3,GATA3,0
SFPQ,HMGA2,0
IRF1,SNORA74A,0
PLAG1,ZBTB38,0
CNOT3,ZYX,0
PCBP2,ILK,0
ANKRD49,ILF3,0
PHF12,CDCA7,0
POLR1E,CALM2,0
ZMYM2,MEIS1,0
YAF2,MEIS1,0
PAX8,PML,0
RNF19A,MYO1C,0
NFKB2,FZR1,0
DDB2,TLE1,0
PURA,ZFP296,0
RBBP4,MXD4,0
DIDO1,TAF6,0
DNMT1,LASP1,0
RARA,HSP90B1,0
NAA15,RBMX,0
TGFB1I1,CUX2,0
CTCF,DMRT1,0
NR1D2,BNC2,0
NOTCH4,YBX1,0
RBL1,TFAP2C,0
SRSF3,ZC3H7A,0
BCL3,ZFP423,0
NKRF,RYBP,0
FOXJ3,MARCKS,0
DAZAP2,CCNG1,0
PSIP1,ZFP219,0
TRIM24,RBPJ,0
MAML3,SNORA3,0
ZFP219,TNS1,0
JUND,HIST1H4K,0
YEATS4,IKBKB,0
CHD4,CRY1,0
CHD5,DNAJC3,0
GLIS2,POLR1A,0
ESRRB,EPHA2,0
RLIM,MYBL2,0
TGFB1,SRI,0
DNMT3A,ELF3,0
TOP2B,KNTC1,0
HES1,GJB3,0
SMARCC2,PDCD6IP,0
MIS18BP1,CCND2,0
JUND,MCM5,0
TGFB1,HIVEP2,0
HDAC7,ACTL6A,0
HDAC11,SNX2,0
MED15,MYCN,0
PRDM5,TOX4,0
DAB2,USP3,0
KLF2,MYO1C,0
YBX1,DIDO1,0
YAF2,UBE2C,0
NCOA6,ILF3,0
EGR1,RRP1B,0
TOP2B,ZEB1,0
ANKRD49,TFE3,0
MAPK3,LRRK1,0
CNOT2,ATP6V0B,0
PCBD1,POLR2B,0
ZSCAN10,ABCC5,0
GATA6,NOTCH4,0
YEATS2,CALR,0
FOXQ1,ME1,0
TRPS1,HK2,0
TLE1,LAMA1,0
GTF2A1L,CENPV,0
ZEB2,INTS12,0
POLR2E,RAPGEF3,0
NFIC,ZBTB10,0
ELP2,SNORA3,0
GLI2,THBD,0
STAT5B,TRIM25,0
PML,ZFP281,0
SIN3A,RMND5B,0
GATA3,KLF6,0
CREB3,PAWR,0
EMX2,ZDHHC15,0
ZFP148,DMRT1,0
CTBP1,CALM2,0
MATR3,SNORD34,0
LHX2,HDAC11,0
CBX7,CCND3,0
TOX3,DKK1,0
CNOT6,CDH6,0
CITED2,ATF7,0
PLAG1,2200002D01RIK,0
ELP2,BRWD1,0
MEIS1,SIN3A,0
PA2G4,TBX3,0
SIN3A,E2F2,0
TCF4,HSP90B1,0
ZFP462,RAPGEF3,0
MYCN,ZDHHC15,0
TRIM28,ARL6IP5,0
FOXO1,KRT8,0
XRCC5,TAF9,0
ZFP148,XRCC6,0
ESRRA,FOXA2,0
TNFAIP3,TCF4,0
ZFP462,ILF2,0
NR4A1,KCNG1,0
NFE2L2,ITGAV,0
TCF4,ARNTL,0
RUNX3,LDB1,0
STAT4,ATM,0
GTF2H3,PGD,0
PCBP2,MARCKS,0
TCF7,PPP2R5A,0
XRCC5,F3,0
TAF6,RFXAP,0
PITX2,L3MBTL2,0
HMGB2,ZFP42,0
DDB1,MEG3,0
SMARCAD1,SMARCA2,0
HOPX,HABP2,0
ID2,TRRAP,0
ZFP148,OAT,0
KLF3,SNORD34,0
MEN1,AMOT,0
NOTCH4,PAPOLA,0
FUBP3,ELF1,0
FOXP1,ARHGAP21,0
TULP3,RAPGEF3,0
ILF2,NOTCH4,0
TOX4,IGFBP2,0
RUNX3,POLR2E,0
ATF4,AGAP3,0
SRF,TOX3,0
TRIM28,TCF15,0
NFIL3,MYD88,0
EZH1,LEFTY1,0
ELP2,SRSF3,0
ORC2,DPPA2,0
CREB3L2,SNORD35B,0
TFCP2L1,TOX4,0
IRF1,SMAD4,0
RB1,KDM3A,0
HCFC1,PHF1,0
NFYA,PLAUR,0
ZBTB24,POLR2A,0
BRCA1,MT1,0
CRY1,BCLAF1,0
MAFK,UHRF1,0
KLF15,PPP2R5A,0
SALL4,KRT19,0
MCM5,SNORA33,0
POLR2H,PBXIP1,0
EBF4,MDN1,0
SRF,CTNNAL1,0
TAX1BP3,ILK,0
DTX1,ZDHHC15,0
BRPF1,EPS8,0
RBL1,SNORD34,0
ZFP36L1,LAMA5,0
ELK1,DDIT3,0
SATB1,MAP3K1,0
MEF2A,TWIST1,0
TOX4,HDLBP,0
NFIL3,EBF4,0
ELF3,NRG2,0
TCF4,MAGED1,0
BTG1,MIR1192,0
KLF15,APPBP2,0
JMJD1C,SMAD7,0
ID2,FNDC3A,0
TRP53BP1,CTCF,0
PATZ1,GDPD5,0
ZFP462,TBRG1,0
SRSF6,SRSF3,0
MEIS3,PODXL,0
BCLAF1,SRF,0
RBMX,ILK,0
PHF2,SNORD11,0
SCMH1,STT3A,0
POLR1B,DNAJC3,0
MDM2,NFE2L1,0
ABTB1,ATF2,0
ZBTB7A,PAWR,0
TRP53,CREB3L2,0
STAT4,ARNT2,0
ELK1,SNORD33,0
GATA3,IL33,0
PHF14,KAT2B,0
TGFB1,SNORD17,0
ELL3,JDP2,0
ID4,TGM1,0
HMGB2,RRP1B,0
UBTF,SAT1,0
E2F6,PER1,0
E2F1,EPS8L2,0
ZBTB3,SRI,0
GATA4,FOXO3,0
ZMYM2,GDPD5,0
IRF6,EIF4EBP1,0
LHX2,ATF6,0
SMARCC2,CITED2,0
KHDRBS1,SEC23A,0
BTF3,MYO5B,0
ZBTB3,ARHGAP1,0
HDAC10,RANGRF,0
ZEB1,TSHZ3,0
MITF,TET2,0
ELF3,ZFP710,0
NFYB,ARHGEF5,0
ZFP36L1,PROS1,0
COIL,KLB,0
PATZ1,MED21,0
SRSF6,TRIM24,0
CBX6,HTT,0
SIX5,SLC6A6,0
CNOT7,SLC7A7,0
TBPL1,ELP2,0
KHDRBS1,USP9X,0
NR2C1,ELF1,0
GLI1,ZC3H7A,0
TEAD4,UNG,0
HDAC4,ARFGAP1,0
TAF10,TAF6L,0
HMGA1,POLR1C,0
TRP53,RBM38,0
ESRRA,TBRG1,0
TRIM28,PITX2,0
RLIM,2810025M15RIK,0
CNOT6,SNX1,0
PAX1,RFX2,0
ZFP275,TGFB1,0
TEAD1,AQP3,0
PRDM5,AQP3,0
NR2F2,JAM2,0
CBX4,PLAGL2,0
FOXH1,RARG,0
PCBD1,SRM,0
CBX7,TUBB2B,0
BTG2,TMEM231,0
AATF,MCM6,0
EBF4,TRP53BP1,0
TFE3,THRAP3,0
CENPB,TRIM32,0
RERE,HIST1H2AG,0
CBX4,RFX2,0
IRF3,TIMP2,0
IRF4,CYP26A1,0
EHMT2,KLF9,0
ATF6,TTF2,0
FOXD3,MTF2,0
NR3C1,ATF3,0
DDB2,HNRNPAB,0
OTX2,RFX2,0
KLF15,CCND2,0
PAX1,CDIPT,0
HMGA1,RPS6KA6,0
SOX4,ST5,0
POLR2K,SLC25A4,0
POLR1B,ETV6,0
CNOT6,SLC25A5,0
NCOR1,NRG2,0
BTG1,CALM1,0
HCFC1,SNORA43,0
AGAP3,BARD1,0
ELF4,SLC25A39,0
BRD7,DNAJC3,0
HTT,AHCY,0
FOSL2,GNPDA1,0
CITED1,NCOA6,0
TSG101,CDC5L,0
E2F4,UHRF1,0
SCMH1,DIDO1,0
MED12,TMEM9,0
DNAJC2,IFITM3,0
GATA4,RRBP1,0
PAX6,APLP1,0
HOXD13,DEK,0
MSC,FOXQ1,0
SOX7,HOXD13,0
SATB1,COL4A1,0
CBX4,SLC1A5,0
RUVBL2,HIST1H3H,0
NRIP1,ECD,0
TAX1BP3,MEF2C,0
GTF3C1,HIF1A,0
TIMELESS,SLC12A4,0
MAPK8,MTF2,0
STAT5B,ZSWIM4,0
CBX8,MDN1,0
PLAGL2,CKB,0
EMX2,HSPB1,0
FUS,THRAP3,0
SIX5,FHL2,0
DNAJC2,KLF8,0
TRIM32,SNORA33,0
CDC5L,FUS,0
GTF2I,TAF6,0
TEAD4,PLEKHA7,0
CNOT3,GSN,0
AIRE,SLC25A22,0
L3MBTL2,PIK3AP1,0
POLR3B,TNS1,0
RB1,SNORD32A,0
POU6F1,FAM25C,0
TOP2B,GATA6,0
HDAC2,PREB,0
ING3,NEU1,0
HOXD13,SNORA26,0
CDC5L,KLF8,0
HEY2,AFF1,0
KLF6,TFAP2C,0
FUBP3,NR3C1,0
BACH2,SNORD33,0
ZBTB7A,FAM129B,0
ZFPM1,CLDN6,0
XRCC5,AARS,0
BCLAF1,SERPINE2,0
NFX1,ZSCAN10,0
MEN1,PHB2,0
FUBP3,GAS6,0
TEAD4,MME,0
TGIF1,TAF6L,0
SIRT2,GATA6,0
SIN3B,TEAD4,0
PAX8,1110038B12RIK,0
POU6F1,NFE2L1,0
MAPK3,SNORA26,0
ATF3,MBD2,0
ZBTB3,SND1,0
TRIM32,ZFP36L1,0
JUN,TFE3,0
TBPL1,ANKRD6,0
POLR2A,TCOF1,0
NR3C1,XRCC6,0
GLIS2,ZIC3,0
HTT,DUSP9,0
EZH1,MIR1905,0
XRCC6,BAZ1A,0
GTF2H3,CNOT7,0
BRCA1,XRCC6,0
ZBTB3,BEND5,0
EMX2,KLF4,0
ORC2,RNF14,0
EZH1,NEDD4,0
TRP53,STX5A,0
NR2C1,BTG2,0
PLRG1,HABP2,0
PHF12,KDM3A,0
HNF1B,CAMSAP3,0
SMARCA4,SUSD2,0
HIST1H1B,NRIP1,0
MSC,STAT5A,0
RAD54B,RPS6KA6,0
TGFB1I1,APOE,0
SOX17,SP1,0
VEZF1,TCF12,0
NKRF,TXNDC5,0
RBBP7,SLC25A36,0
TCF12,PARVB,0
RBM14,REST,0
KLF15,PDIA3,0
HSPB1,ETV1,0
TRP53BP1,TFAP2C,0
E2F2,NFATC3,0
BMP6,SOX7,0
PRRX2,HSPG2,0
HEY2,PCOLCE,0
SMARCA2,SNORD11,0
PBX4,TOPORS,0
SRSF1,SMURF1,0
DDIT3,CENPV,0
HOXD13,TOPORS,0
SP8,MFSD10,0
SATB2,UBP1,0
SMARCA5,BNIP3,0
MEIS1,MSH6,0
POLR1B,SLC25A22,0
RUNX3,PFKP,0
CTNNB1,SPC25,0
HSF2,CALCOCO2,0
CITED1,MIR1905,0
E2F1,POLR1A,0
SIRT2,CLTC,0
APEX1,COMMD3,0
MYCN,ABCC5,0
MATR3,LRRK1,0
LDB1,PRDM5,0
MTA3,COBLL1,0
FOXD3,TXNIP,0
ZMYND11,ITGA6,0
ZFP281,ZDHHC15,0
PSIP1,L1TD1,0
MCM5,AMPD2,0
FOXP1,TRH,0
FOXH1,PLEKHA7,0
TAX1BP3,HIST1H2AC,0
PLAG1,DNMT3A,0
TOX4,LIPG,0
ZFP236,GATA3,0
CBX7,USP28,0
PLRG1,FUS,0
HSF2BP,ANXA2,0
MBD2,PDLIM1,0
ID2,SQSTM1,0
PAX6,ELL2,0
DDX5,ZFP600,0
PLAG1,MAPK11,0
TFE3,TRIM25,0
NKRF,SEC24D,0
TNFAIP3,ELK4,0
ATF2,HNF1B,0
HSF2BP,PIAS1,0
NFATC4,BIN1,0
PITX2,HSPH1,0
HMGA2,TRIM13,0
RYBP,D230025D16RIK,0
GLIS2,ANKRD6,0
ATM,PPIB,0
ESRRB,SNX1,0
SOX2,NFATC4,0
TAF1,HIST1H2AC,0
NPAS2,RNF6,0
POLR1C,IRF2,0
CNOT8,GBX2,0
MEN1,HEY2,0
RBBP4,RCOR2,0
MAPK3,CRABP2,0
NCOA3,MYC,0
MED4,KDELR3,0
TCEA1,FOXA2,0
POLR2J,GTF3C5,0
NFATC1,HNF4A,0
SRF,MTF2,0
GTF3C1,TYRO3,0
GLI1,SPRY2,0
PAX1,MYC,0
TAF6,H1F0,0
PML,ATF1,0
EOMES,ZFP710,0
EMX2,ABCC5,0
KLF10,HIST1H2AF,0
FIZ1,NEDD4,0
EHMT2,HSPA8,0
PHF14,FLRT3,0
RBPJ,MIR295,0
GATAD2B,SQSTM1,0
NCOA3,JUN,0
HES1,KDM3A,0
ID2,MSH6,0
RUVBL2,HSP90AA1,0
TAF1,RBBP7,0
BMP6,SNORD11,0
SMURF2,FABP3,0
SRF,KLF2,0
EED,PTH1R,0
MYBBP1A,PIAS3,0
ASH2L,ERLIN1,0
ZBTB7A,SREBF1,0
ETV6,P4HA1,0
NCOA6,CTNNB1,0
KLF6,ZFHX3,0
SOX17,PARP1,0
RERE,NACC1,0
YAF2,SLC16A6,0
PBX4,SERPINH1,0
RYBP,ECHDC2,0
BRD7,GJA1,0
CTNNB1,FOXO3,0
BRWD1,KANK3,0
FUBP3,CDIPT,0
TRIM24,ST5,0
CHD7,SP8,0
SMAD7,SLC25A5,0
FOXJ2,ILF2,0
SUZ12,SFPQ,0
MEF2A,RARG,0
SOS2,NOTCH4,0
PHF12,DPP4,0
CHD5,ZFP42,0
POLR2B,ELP2,0
DEK,NKRF,0
GTF2I,PDIA3,0
TWIST1,YEATS2,0
SMARCAD1,GABARAPL2,0
POLR1C,RBMXL2,0
PKNOX2,ETL4,0
MAPK8,HSPA8,0
CHD7,ZBTB43,0
SMAD4,DDX20,0
PCBD1,BTAF1,0
BRD7,RUVBL1,0
TTF2,ETV4,0
NOTCH2,KIT,0
NFIB,SFI1,0
SIRT3,DDX5,0
UBP1,CDH1,0
TFE3,HIST1H2BF,0
GLIS2,CD9,0
HNF1B,POU6F1,0
MED12,MSX2,0
HNRNPAB,SNRPN,0
BTG2,FN1,0
KAT2B,LASP1,0
USF1,NFKB2,0
PAX8,PA2G4,0
TFAP2C,ETV5,0
KPNA2,IFI30,0
FOXJ3,RBMX,0
EED,MSC,0
CREB3,SNORD34,0
CTNNBIP1,ENAH,0
RAD51,BTBD11,0
POLR1B,GABPA,0
RYBP,EOMES,0
TRIM24,LEFTY1,0
EP400,DDIT3,0
SALL4,REV1,0
PHB2,OVOL1,0
PRDM1,POFUT2,0
SP1,SFI1,0
MED4,KLF13,0
RB1,MED21,0
EOMES,HES6,0
MYBL2,SIRT1,0
HIF3A,RFX2,0
HEXIM1,NFIL3,0
ZFPM1,ECT2,0
RAD54B,NANOG,0
SRRT,SMARCAD1,0
PITX2,NFX1,0
SUZ12,RIF1,0
ETV1,STAT5B,0
MTA3,RARA,0
RLIM,TGFB1,0
POLR2I,GRAMD1A,0
CBX4,IFI30,0
YAF2,CENPV,0
TFEB,ABTB1,0
L3MBTL2,PKNOX2,0
ING1,CHCHD10,0
SMARCAD1,EHD1,0
IRF3,THBD,0
PCBP2,HIST1H2AF,0
NR1D2,ZBTB24,0
SIX5,STMN1,0
MAFK,LHX2,0
TEAD4,NAA15,0
DCP1A,MEG3,0
TCOF1,ATP6V0B,0
CREB3,RPP25,0
SATB2,NFATC2IP,0
TOX3,STMN1,0
ATM,CRIP2,0
NCOR1,CCNB2,0
UBTF,PHF20,0
USF1,SHROOM3,0
ZBTB10,L1TD1,0
REST,MYLPF,0
FXR1,RHPN1,0
PA2G4,MIS18BP1,0
SND1,NR1H2,0
SOX2,ZFPM1,0
KLF10,ZFP236,0
PRDM1,STMN1,0
TCOF1,RARA,0
PAX6,LIPG,0
NFYA,NFIA,0
ETV4,RBM38,0
ANKRD49,TSG101,0
DDX5,SIRT2,0
PURA,SIN3A,0
MAPK3,FOXJ2,0
GATA3,MEF2A,0
THRAP3,RNPEPL1,0
ORC2,HKDC1,0
TCERG1,ID2,0
HDAC2,HABP2,0
SKIL,FBXO15,0
IRF4,AMOTL2,0
SMARCC2,HIST1H2BN,0
PRDM5,EWSR1,0
TOPORS,TAF5,0
FOXJ3,SLC16A6,0
HIST1H1D,STT3A,0
POLR1C,SERBP1,0
FUS,COL4A2,0
E2F4,EGR1,0
TFAP2C,VIM,0
PIAS2,PCOLCE,0
MATR3,E2F4,0
MLXIPL,CLDN6,0
SIRT1,BMP6,0
FUS,CTNNB1,0
PHF12,STAT5A,0
RFX5,MYC,0
STAT5B,SKIL,0
BMI1,RAD51,0
ELF4,TRH,0
RBMXL2,LDLRAP1,0
NFATC1,NUP93,0
ZSCAN10,NACC1,0
GBX2,SPRY2,0
POLR2E,MSH6,0
PRDM5,AMOT,0
ETS1,COBL,0
JMJD1C,COPS2,0
HDAC4,2200002D01RIK,0
RFXAP,SNORA74A,0
GTF2A1L,E2F4,0
ZBTB7A,FN1,0
EZH1,MOV10,0
GTF2H4,IFI30,0
PBX4,CNOT2,0
TOX3,NUP210,0
RARA,DPPA2,0
NCOR1,RBM14,0
WWTR1,NDRG1,0
GTF3C1,MYD88,0
PLRG1,IL33,0
CENPB,CRIP2,0
TNFAIP3,MYBL2,0
DNMT1,ITGA9,0
TCOF1,LGALS3,0
EGR1,MYLPF,0
RUVBL1,KEAP1,0
WWTR1,HSPG2,0
POLR2H,PRDX4,0
TRIP6,TFRC,0
KDM5B,ZBTB39,0
NFKB2,UPP1,0
XRCC6,TRIM25,0
PDCD11,MEN1,0
HDGF,CDH6,0
TRIB3,PDIA4,0
ELF3,NFIA,0
ETV6,DDX54,0
FOXO3,LDB1,0
DCP1A,CNN2,0
NCOA3,IRF6,0
PML,EDEM1,0
FUBP3,AKT1,0
TLE1,SPRY4,0
RUNX3,MCM2,0
ARID3B,DTX1,0
MATR3,RPL5,0
ELP2,SIX1,0
SATB1,ACTG1,0
POLR2I,LIMCH1,0
SRSF3,NPAS2,0
SALL1,POLR1A,0
SMAD7,EPHA4,0
DDX20,SUN1,0
CHD4,RARG,0
NME2,MSX2,0
TBPL1,DCP1A,0
JMJD1C,MCM6,0
PIAS1,FABP3,0
POU2F1,CUL7,0
ELL3,SETD7,0
POLR2I,USP28,0
FUBP3,ISYNA1,0
MEN1,MBD2,0
KLF3,MT2,0
BRCA2,RBMXL2,0
NDN,POU2F1,0
HDAC4,PDIA4,0
MEIS3,TFRC,0
POLR3D,RBBP4,0
ARNTL,FOXO1,0
IRF1,GABARAPL2,0
PIAS1,SNORA43,0
MCM3,RBMXL2,0
HCFC1,OBSL1,0
AGAP3,PCOLCE2,0
BTG1,CLTC,0
PKNOX2,SNORA62,0
SOS2,HIST1H2BN,0
ZFP148,GORASP2,0
XBP1,TWIST1,0
MCM2,ZEB2,0
MEF2D,MAP3K1,0
DAB2,POLE4,0
MDM2,FBLIM1,0
PML,ACTL6A,0
ZEB1,SGK1,0
KHDRBS1,RLIM,0
CTNNB1,ARFGAP1,0
SRRT,CDIPT,0
TAF9,GCNT1,0
ETV4,GNPDA1,0
ZEB2,KRT17,0
SOX7,VKORC1,0
HTT,ZFP592,0
PHF12,ELK1,0
E2F2,BNC2,0
TBL1X,HIST1H4K,0
ATF6,POLR3D,0
TAF1,SNRPN,0
DMRT1,SIRT2,0
NOTCH4,SEC23A,0
ZFP148,DDX58,0
POLR1E,GABBR1,0
ZSCAN10,ZFP57,0
TRIM25,APAF1,0
UBTF,SERPINB6A,0
CREB3,SNORA43,0
SND1,TYRO3,0
IRF1,FUS,0
ZSWIM4,CENPB,0
ZFHX3,LAMC1,0
ZBTB3,CENPB,0
SMURF2,SIN3B,0
PAX8,NR3C1,0
RLIM,COTL1,0
ELF1,HSPA8,0
NOTCH1,TRH,0
ETV1,BEND5,0
RBMX,SSB,0
TOPORS,KRT17,0
NPAS2,TMEM150A,0
SMAD2,SOX7,0
BARD1,LIMCH1,0
BACH2,ETV6,0
JDP2,FKBP11,0
ZEB2,CCNE1,0
MDM2,PREB,0
POLR3D,OTX2,0
NDN,FUBP3,0
KLF4,TPX2,0
DNAJC2,POLR2K,0
NFKB2,BCLAF1,0
POU5F1,TRIM25,0
NCOR1,NACC1,0
AES,CSF1,0
NR5A2,KAT2B,0
NFYB,LMF2,0
MTA3,JDP2,0
EGR1,NCAPD2,0
SIRT1,GABPA,0
TNFAIP3,CCNB2,0
HOPX,HMGXB4,0
EZH2,PAX8,0
NDN,NASP,0
MCM7,ZFP592,0
HSF2,LMF2,0
BCL3,SNORD33,0
STAT5B,PCOLCE2,0
HMGXB4,SLC7A5,0
CITED2,CSTB,0
SNAPC3,2200002D01RIK,0
MSC,CRYAB,0
HMGA1,ITGA9,0
NFYA,USP3,0
MYBBP1A,SMURF2,0
NFATC4,CYBA,0
RELA,SLC6A8,0
SND1,FNDC3A,0
ZSCAN10,RBFOX2,0
CRY1,GRIN1,0
TAF9,ASH2L,0
SMAD4,PLSCR1,0
DAZAP2,ZFP275,0
NPAS2,LMF2,0
TBX3,PHGDH,0
PAWR,MITF,0
CHD4,GTF2I,0
GLI1,ZFP36L1,0
NR5A2,NFKB2,0
MYBL2,HIST1H4K,0
PATZ1,PITX2,0
NKRF,TSPAN4,0
SMURF2,SRSF3,0
ELK1,JUN,0
POU4F2,RBL1,0
SND1,SMAD2,0
RBL1,PITX1,0
BTG1,ERF,0
YEATS4,MSH6,0
NCOA3,RUNX3,0
HOPX,EHMT2,0
NFKB2,NFIA,0
GTF2I,LTBP4,0
PITX2,CDH6,0
MED4,SHISA5,0
DAB2,RBPJ,0
ELF3,ERCC3,0
MED31,SLC38A2,0
SNAPC3,GRAMD1A,0
SRSF3,NME2,0
RBBP4,MT2,0
HIST1H1D,ADAM15,0
E2F6,MPZL2,0
HDAC4,FAM129B,0
SIRT2,IKBKB,0
NFKBIA,CTCF,0
CRABP2,MDN1,0
TAF5,RRBP1,0
MYBL2,ATP6V0E,0
ELF4,SLC25A36,0
HSPB1,MIS18BP1,0
MED15,SLC9A6,0
SUZ12,GAA,0
ZFP275,CREBZF,0
CTNNBIP1,SNAPC3,0
TBX3,IFITM3,0
ZBTB3,CALM1,0
ASH1L,SNORA74A,0
TEAD1,FOXA2,0
CITED2,DCP1A,0
PIAS1,MEIS1,0
CNOT6,DAZAP2,0
KLF13,LY75,0
SPEN,RYBP,0
CREB3L2,ATF6,0
PROX1,MME,0
NFATC3,CBX4,0
CHD4,NR2C1,0
POLR3D,SHF,0
DAB2,SIRT1,0
ZBTB10,GOT1,0
YEATS4,DNMT3A,0
PROX1,NRF1,0
ZFP423,MAPK11,0
ARID5B,FUT8,0
TEAD1,FXYD3,0
YEATS2,RBMX,0
TCOF1,ZFP148,0
POLR1B,HABP2,0
CBX4,ERLIN1,0
NR2F6,POFUT2,0
PRRX2,HEY2,0
JUND,COBL,0
GBX2,USP28,0
TFAP4,DEK,0
TIMELESS,PDIA5,0
ATM,PTH1R,0
MYBBP1A,TOP2B,0
TFCP2L1,BEND5,0
CITED2,EPHA2,0
NFKB2,BUB1B,0
RAD54B,NR1D2,0
SNAI1,HOPX,0
SALL4,SNORD11,0
HNF1B,CTBP2,0
RCOR2,BRWD1,0
HIST1H1D,XBP1,0
ZEB1,ZFP296,0
STAT4,TAGLN2,0
UBTF,NXF7,0
SIX5,MAML1,0
NSD1,NRG2,0
ESRRA,NR1D2,0
TWIST1,STXBP2,0
JMJD1C,CTBP1,0
SMAD2,KANK3,0
LMO4,APPBP2,0
TCF12,SPNS2,0
RUVBL2,TUBB6,0
CTBP1,FAM83D,0
GATA4,PPP2R5A,0
ELL3,ARNTL,0
CHD4,ARHGAP32,0
RAI14,ILK,0
BRCA2,KLF3,0
PHF1,CDC5L,0
MEF2D,NFIL3,0
SMARCC2,EHD1,0
PARP1,ZFP423,0
USF1,MDN1,0
MEF2C,TUBB2B,0
XAB2,MCM2,0
NCOA6,PAX8,0
TOPORS,FABP3,0
MSX2,MYD88,0
CTNNB1,BTBD11,0
TRIM28,ATF2,0
HIST1H1D,NFYA,0
FUS,GATA4,0
MCM3,RFXAP,0
FOXA2,EPHA4,0
NFIC,ATF5,0
CIC,SP1,0
RARG,SERBP1,0
BTG2,FZR1,0
ELP2,ARID5B,0
SRSF3,COL4A2,0
YAF2,RCOR2,0
PHF14,IRF3,0
ID4,SPP1,0
NFIB,HDAC10,0
PHF14,USP9X,0
AIRE,APAF1,0
PAX1,NOTCH1,0
PAX8,CRY1,0
TOX3,EP400,0
JUN,NFIC,0
PHF1,POLR2B,0
PCBP2,SUN2,0
AGAP3,RUVBL1,0
SP1,KRT17,0
ZFP275,TOP2A,0
GTF2H3,STAT5A,0
COPS2,MAN1A2,0
HNF1B,RFX2,0
POU2F1,HSP90B1,0
SP8,SETX,0
TCEA1,ZFP91,0
KLF3,ADAM15,0
SKIL,BRWD1,0
NR0B1,DPP4,0
CREBZF,CYBA,0
HDAC7,FOXH1,0
RBMXL2,BTF3,0
MBD2,TIMP3,0
DCP1A,IRF1,0
SMAD7,NFIC,0
PKNOX2,PHF14,0
TWIST1,D230025D16RIK,0
POLR2J,JUN,0
TWIST1,HOXD13,0
SIRT1,SFPQ,0
HDAC2,FAM83D,0
PER1,ZYX,0
RUNX3,STAT5A,0
SRF,P4HA1,0
OTX2,HIST1H2AK,0
CTNNBL1,RARG,0
SMARCB1,STXBP2,0
PDCD11,MYH9,0
FOXP1,IRF2,0
GTF2I,POLR2K,0
HIST1H2BB,ZFP219,0
POU5F1,GATA3,0
SIRT1,ASH2L,0
ZBTB43,GORASP2,0
PMS1,ETV1,0
POLR2B,LAMA1,0
KLF2,TPI1,0
ELL3,NR2F2,0
FOXA2,AKR1B3,0
ETS1,MCM6,0
MSX2,LAPTM5,0
FOXJ2,ZFP600,0
PA2G4,HDGF,0
KNTC1,MYD88,0
L3MBTL2,PITPNC1,0
TCF4,MEIS3,0
PBX4,XAB2,0
E2F1,DDX54,0
TCEA1,DDX5,0
SUZ12,SIRT1,0
TRP53BP1,KDM3A,0
ZFP275,HIP1,0
TRIM24,FAM25C,0
SIRT1,ATM,0
BTG1,CENPB,0
E2F1,COX7A1,0
SAP30,GORASP2,0
HTT,CACHD1,0
PURA,TULP3,0
ELF1,HNRNPK,0
CITED2,TIMELESS,0
ZFP281,CHCHD10,0
SKIL,GLI2,0
AGAP3,HTT,0
NR1H2,CCNE1,0
RFX2,LOXL2,0
FUBP3,IFI30,0
ILF2,TAF6L,0
TWIST1,KCNG1,0
SIX1,SOX17,0
SFPQ,SNORD49B,0
GABPA,CNN2,0
KNTC1,4930402H24RIK,0
FOXH1,FXYD3,0
TGIF1,SRRT,0
SSBP4,GOT1,0
BARD1,BMP6,0
STAT5B,LOXL2,0
NFKB2,TXNIP,0
PITX2,PTH1R,0
NSD1,PBX4,0
NR0B1,SOX2,0
PAX1,POU5F1,0
SMARCAD1,SMAD3,0
POLR3D,NFXL1,0
POLR2K,AI506816,0
CREB5,CHCHD10,0
UBP1,KNTC1,0
POLR2I,ST3GAL6,0
ETV1,PCOLCE2,0
HDAC11,PDIA6,0
COPS2,RHOX5,0
TCF7,PDE4DIP,0
YBX1,NDRG1,0
POLR2A,MED12,0
SOS2,PLRG1,0
XBP1,LDB1,0
CHD5,NDRG4,0
BACH2,TOX3,0
NOTCH1,SRSF6,0
SCMH1,EIF4A2,0
OTX2,COL4A1,0
GRHL1,USP3,0
HCFC1,PELP1,0
PCBD1,FHOD1,0
BCL3,TMED2,0
JDP2,PURA,0
CBX6,OVOL1,0
SOX7,OBSL1,0
ATF2,GNS,0
UBP1,MEIS1,0
ZMYND11,ZFP592,0
SMARCC1,PDCD6IP,0
CNOT7,EMX2,0
FIZ1,NFIB,0
SATB2,HIST1H2BF,0
PML,EDA2R,0
ZSCAN10,HEY2,0
CTNNBL1,FOXH1,0
KAT2B,SERTAD2,0
HMGA2,S100A6,0
HDAC4,GNS,0
ELK1,CBX6,0
MED12,FGF10,0
TRIB3,APLP1,0
RUVBL2,CD9,0
BRCA2,GGTA1,0
SATB1,SOD1,0
EED,CHCHD10,0
NFIB,MARCKS,0
MAFK,KHDRBS1,0
MSX2,SENP3,0
TSG101,CSF1,0
BRPF1,CRIP2,0
SMARCAD1,ARHGAP32,0
EBF4,PSIP1,0
PRRX2,PLK2,0
SRSF3,MAPK11,0
NR5A2,SQSTM1,0
NR0B1,PHC1,0
TNFAIP3,HSPB1,0
GATA6,NFATC1,0
NFKBIA,GABPA,0
AGAP3,PLAUR,0
MAPK3,HTT,0
DNMT1,BMPER,0
FUS,HDAC1,0
SMARCA4,TAGLN2,0
HIST1H1B,DAZAP2,0
SP8,PRDM1,0
NSD1,ZFP277,0
SPEN,ARNTL,0
TWIST1,LY6G6E,0
STAT5A,ARNTL,0
RBL1,FRMD4A,0
KLF13,PCOLCE,0
LHX2,ZBTB43,0
PAX1,RPN1,0
SALL4,ZFP36L1,0
BMI1,GNPTAB,0
POLR3D,TMEM9,0
POU6F1,GLI2,0
XAB2,FOXJ3,0
HOXD13,ILF2,0
RUNX3,ITGA9,0
POU6F1,SNX2,0
SMAD4,TCN2,0
ARL6IP5,MEF2D,0
CBX8,DDB2,0
KNTC1,KRT18,0
FOXP1,HSPH1,0
HIF3A,DPPA2,0
TGFB1,RBL1,0
EWSR1,ING1,0
MDM2,YAF2,0
PIAS3,FAM102A,0
MSC,LEFTY1,0
CUX1,NFKBIA,0
MSX2,PFKL,0
ETV4,SNORD93,0
ZBTB7A,SNX1,0
HNRNPAB,NR3C1,0
ID2,SHROOM3,0
BCL3,PFKL,0
CRY1,NFX1,0
CNOT3,HDAC10,0
SIRT3,TOP2B,0
RBMXL2,BCLAF1,0
TAF5,DEK,0
EP300,CALCOCO1,0
EHMT2,SFI1,0
SNAPC3,STMN1,0
NR2C1,TPX2,0
IRF2,CTBP2,0
NR2C1,TFE3,0
ZBTB10,PLOD2,0
RBMXL2,PLAG1,0
NOTCH1,CNOT6L,0
TRIM24,SDC4,0
POLR2J,CDKN1A,0
SSB,P4HA1,0
JDP2,TTF2,0
SMARCC1,POLR2H,0
POLR2B,TAF6L,0
EZH1,KEAP1,0
MEF2D,TGIF1,0
CNOT6L,BTAF1,0
RBBP7,TCF12,0
NFATC1,GNPTAB,0
KLF3,ZHX3,0
POLR2E,PURA,0
FOXA2,LRRK1,0
SMAD7,CNOT6L,0
SAP30,GABPA,0
TWIST1,TFAP4,0
SNAI1,ANKRD49,0
TOP2B,NFKB2,0
RARA,CHD5,0
ATF6,NAA15,0
HDAC7,GPRC5C,0
IRF4,FDPS,0
YBX1,POLR1A,0
ARID5B,BEX4,0
CTCF,GOT1,0
CEBPZ,EOMES,0
ESPL1,ZFP281,0
HDAC11,MRAS,0
TADA3,ZMYND11,0
TRIP6,PBX4,0
DNMT1,ZFP36L1,0
ZDHHC15,TMED2,0
DDB1,STT3A,0
SNAPC3,CTSL,0
BACH2,RUVBL1,0
RARA,NFE2L2,0
RFX5,NOP56,0
SMAD4,SOX15,0
HEXIM1,NFIA,0
SMARCA5,DDX58,0
NFKB2,SLC25A39,0
GTF3C1,PLSCR1,0
ZBTB10,HDAC11,0
HMGXB4,MSC,0
ESPL1,TRIM2,0
FOXJ3,MIR295,0
TAF6,TOX3,0
TADA3,HIF3A,0
TFCP2L1,TXNDC5,0
SAP30,TADA3,0
NRF1,SLC7A3,0
HEY2,ZFP42,0
ZBTB24,NCOR1,0
PSIP1,LDLR,0
POLR1C,HNRNPD,0
ARNTL,TNK2,0
SRRT,HSPB1,0
RBMXL2,CREB5,0
ING1,NEU1,0
TCF12,TRIM25,0
TRIM24,FHOD1,0
MEN1,LRP2,0
KAT2B,TGM1,0
TOP2B,NFIA,0
SALL4,MEG3,0
SREBF1,ANKRD6,0
TCF4,KLF13,0
TGIF1,ZBTB24,0
DDIT3,ALPL,0
MCM2,SRRT,0
SMAD3,SHISA5,0
RELA,PHLDA3,0
ILF3,PITX1,0
TRIM25,TBRG1,0
XRCC5,LAMP1,0
HMGA2,RRM2,0
ID3,KHDRBS1,0
PRDM5,SOX15,0
HES6,SLC1A5,0
E2F6,FAM83D,0
ELF3,RHOX5,0
RBPJ,DDX20,0
E2F4,IRF3,0
TRIM28,TOPORS,0
MED31,PTH1R,0
FHL2,TIMELESS,0
FOXO3,PIK3AP1,0
EMX2,GSN,0
SMARCC1,BNC2,0
EMX2,PLAT,0
CDC5L,FXR2,0
FUBP3,AES,0
ID3,SMS,0
SFPQ,DENND2C,0
ATF6,PROX1,0
BRCA2,LIPG,0
SMARCAD1,SIDT2,0
APEX1,EDA2R,0
HMGA1,FAM102A,0
SIN3B,ZFP275,0
SNAI1,MLLT1,0
TRRAP,GTF3C5,0
CTBP1,CALM1,0
PHF12,NOTUM,0
AIRE,TAF5,0
AGAP3,TMED9,0
DNMT3A,HES6,0
TRIP6,SLC25A5,0
ZBTB7A,PITPNC1,0
FUBP3,PIAS1,0
ERCC8,UBP1,0
DAZAP2,STAG3,0
PAWR,TIMELESS,0
SRF,CALR,0
ATF2,PDPN,0
HDAC1,SLC12A4,0
RBMXL2,RBL1,0
MYC,ZFP398,0
HES1,FST,0
CUX1,GABPA,0
FIZ1,BCLAF1,0
POLR2K,CRY1,0
FOXO3,MSC,0
TCF7,TIMP3,0
TOP2B,EHD1,0
SMAD2,LDLR,0
IRF1,CALM1,0
NOTCH1,ASNS,0
TIMELESS,IFI30,0
SMARCC1,NCAPD2,0
PELP1,CYP26A1,0
KLF6,BARD1,0
MEF2A,MIR1949,0
NCOR1,GNRH1,0
ZFP42,FOXO1,0
GTF2H3,ETV5,0
DAXX,SRPRB,0
ELF3,APOBEC3,0
XRCC6,SOX17,0
BCLAF1,MRPS5,0
SFPQ,ZBTB32,0
TEAD1,TFAP2C,0
CRABP2,HNRNPAB,0
ATF6,SATB2,0
ELF4,TMED2,0
PRRX2,APEX1,0
APBB1,TGFB1I1,0
TAF5,NR2C1,0
POLR3D,NCOA6,0
ELF4,CHN2,0
ESRRB,ACP6,0
CHD5,2200002D01RIK,0
POLR2H,SNORA33,0
EPAS1,SNRPN,0
TSG101,RNPEP,0
POLR1B,VCAN,0
ARL6IP5,BRCA2,0
NR0B1,HIVEP2,0
LMO4,GTF2I,0
RAD54B,SFI1,0
RB1,TRIB3,0
YBX1,POLR1B,0
SMARCA5,ITGA6,0
CITED2,YEATS2,0
CUX1,HERPUD1,0
XBP1,HIST1H2AI,0
MEN1,ASS1,0
KLF3,NR2F6,0
YEATS4,ING1,0
ID2,TPM4,0
TAF6,ELK1,0
SIRT3,PDE4DIP,0
ZFP462,BCLAF1,0
PURA,PCBD1,0
CNOT6L,CYP26A1,0
WWTR1,FGFR4,0
BRCA2,RBM38,0
PHF14,ZFP36L1,0
TCEA1,MAP3K1,0
POU5F1,FZR1,0
IRF4,ETL4,0
SALL4,TRIM2,0
CHD4,SLC25A4,0
YEATS2,ARL6IP5,0
LDB1,NR3C1,0
HDAC5,FOXH1,0
NCOA3,PMS1,0
SMARCC2,NCOA3,0
RAI14,FUBP3,0
FOXQ1,ATF1,0
PLAGL2,WWTR1,0
RERE,CUL7,0
CNOT8,SLC25A22,0
MED31,SNHG3,0
EZH2,COIL,0
ETV6,SNAPC3,0
ZIC3,PLSCR1,0
SALL1,AARS,0
BACH2,RBMS1,0
ID2,RDM1,0
TCOF1,TPM4,0
CITED2,MIR5121,0
CRABP2,ZC3H7A,0
TFEB,GALK1,0
MED12,GFPT1,0
RBBP7,GLUL,0
RFX2,CELF3,0
NFIB,TAF6,0
NSD1,TPI1,0
HTT,TGIF1,0
ZSCAN10,HSPA8,0
LDB1,PRDM1,0
MYC,MFGE8,0
RUVBL2,KPNA2,0
XRCC5,D230025D16RIK,0
ABTB1,NCOA3,0
ESRRB,RAD54B,0
SIX5,PIAS2,0
BRD7,HDAC1,0
RB1,ETL4,0
IRF6,GNPDA1,0
PARP1,MGST3,0
MLXIPL,RBPJ,0
IRF4,USP28,0
MED15,SRI,0
PAX1,RUVBL1,0
CBX4,ARID5B,0
SMARCAD1,PHGDH,0
TOP2B,CAR4,0
DDB1,PDCD11,0
ZFP462,SATB1,0
TTF2,SNHG3,0
TTF2,PEG10,0
MED12,HIST1H2AK,0
KLF10,ARHGAP32,0
HSPB1,PLOD2,0
KLF4,CRYAB,0
ING3,SNORD33,0
SRF,HNRNPAB,0
TRP53BP1,TCL1,0
HOXD13,PCSK6,0
KHDRBS1,NPAS2,0
SOX7,CACHD1,0
ZFPM1,MFSD10,0
CHD5,CBX4,0
ZSWIM4,ZFP236,0
JUND,AKAP12,0
SREBF1,HIRIP3,0
MED15,DNMT1,0
CEBPZ,TTF2,0
EPAS1,CBX7,0
IRF1,MYBL2,0
PML,CBX4,0
NCOR1,P4HA1,0
JUND,CNOT6L,0
EBF4,TRIM24,0
TRP53BP1,LDHB,0
TBPL1,LDLR,0
ATF3,BRCA1,0
BRD7,SNORD83B,0
EHMT2,CBX7,0
MYCN,CHN2,0
ORC2,RBM47,0
PBX4,CNN2,0
HNRNPD,RNPEP,0
RBPJ,MED12,0
DTX1,AGAP3,0
MEF2A,CLTC,0
NR2F6,SIN3A,0
L3MBTL2,RFFL,0
TCEA1,PARVB,0
SIX5,YEATS2,0
GLI2,TBRG1,0
PHF12,GRHL1,0
EP300,PLOD1,0
MAML3,NUPR1,0
BRCA1,ETV6,0
SALL1,GTF2I,0
CTCF,RPN1,0
TCF12,SRSF3,0
PBX4,KDM5B,0
MYBBP1A,TRP53,0
MAFK,KNTC1,0
MAZ,SOX15,0
KLF15,SUN2,0
TIMELESS,ADAMTS9,0
TCOF1,IL33,0
ETV1,RAD51,0
POLR2B,BTG1,0
SSB,HDAC10,0
FOXQ1,COBLL1,0
NSD1,MAPK13,0
ZMYND11,RMND5B,0
SMAD4,ETV3,0
JMJD1C,GLI2,0
TBX3,LMF2,0
SMARCC1,CCND2,0
PLAGL2,NFIB,0
GTF2I,CREB3,0
IRF3,DDB2,0
POLR2H,PSAP,0
PATZ1,ZBTB3,0
PER1,KLF2,0
ELL3,CREB3,0
NME2,ICAM1,0
EBF1,XRCC6,0
REST,DENND2C,0
TAF6,DCTPP1,0
TRRAP,SMARCA4,0
ZBTB7A,HABP2,0
SMARCC1,PDLIM1,0
TBPL1,NR1D2,0
DR1,JARID2,0
ZFP335,MIR1905,0
OVOL1,GRB10,0
DNAJC2,SUN1,0
FUS,BMPER,0
TFAP2C,ETV4,0
BAZ1A,MIS18BP1,0
ELF1,SOX7,0
SMARCC2,TOX3,0
MED12,HMGB2,0
AES,PA2G4,0
BRWD1,GNPTAB,0
TCF12,MYO7A,0
SMAD4,PDIA4,0
AATF,AMOT,0
NFKB2,KLF15,0
TRPS1,MATR3,0
SIX1,VCAN,0
BRWD1,MT1,0
PRDM5,ME1,0
ZFP462,NAGK,0
HDAC11,DPPA4,0
RARA,HIST1H2AC,0
MYBL2,RCOR2,0
AES,ZBTB43,0
POLR1E,FBXO15,0
USF1,CTCF,0
HDAC5,CARHSP1,0
MIS18BP1,RNF6,0
BCL3,TOP2A,0
PURA,GATA6,0
HDAC1,ETV4,0
MAPK3,SETD7,0
CTNNBIP1,RPL5,0
EZH1,CRY1,0
SALL4,CNOT7,0
MTF2,PLAT,0
MCM4,LEFTY2,0
RAD51,RBM14,0
NOTCH1,MAN1A,0
HDAC2,KANK3,0
ESRRA,NID1,0
MATR3,GTF2A1L,0
MED12,PAX8,0
SNAI1,GHR,0
NR2F6,CNOT8,0
TAF5,HTT,0
ZFP275,MTHFD2,0
BRD7,NFKBIA,0
DAZAP2,CRAMP1L,0
XRCC6,SP1,0
CREB3L2,ATP1B1,0
TCF4,PPP2R5A,0
GTF2H3,RPL5,0
DAXX,TGFBR3,0
TCF7,TSPAN4,0
NME2,LAMP1,0
CTBP1,COX7A1,0
SIN3B,SIRT2,0
ELF4,AIRE,0
GLI2,MIR295,0
HMGXB4,GTF2I,0
JUND,TEAD3,0
BAZ1A,POLR2J,0
NR5A2,APLP1,0
ARNT2,TXNIP,0
ZSCAN10,POLR3D,0
TRIP6,COPS2,0
ZFPM1,LMF2,0
FOXA2,GNPDA1,0
HMGA1,BTBD11,0
DAXX,TAF6,0
BRCA1,FOXJ3,0
KLF3,ZBTB39,0
PHF12,SMAD4,0
HES6,LDHB,0
FOXD3,GDPD5,0
TOP2B,ICAM1,0
ESPL1,VANGL1,0
SOX2,TGIF1,0
TEAD4,ATP13A3,0
MEN1,RBPJ,0
ING1,DDB1,0
MAML1,GDPD5,0
NFX1,CTSL,0
HDAC5,SMAD4,0
ORC2,BRPF1,0
HNF1B,TET2,0
NR3C1,TRIM25,0
KAT2B,RBM38,0
E2F6,CACHD1,0
MYC,CAR2,0
MAML3,PBXIP1,0
TEAD4,MAN1A,0
NR5A2,ARFGAP1,0
DAXX,PBX4,0
RBMX,GATA3,0
HMGA1,CTNNAL1,0
NCOA6,SNHG3,0
NFE2L2,RIF1,0
ELF1,ITGAV,0
RAI14,MEF2A,0
SAP30,CHN2,0
BTF3,SLC9A6,0
TEAD3,CREBZF,0
ATF6,GLI1,0
ZFP281,GALK1,0
ING3,SNORA26,0
CNOT8,MT1,0
TCEA1,PLAGL2,0
MTF2,PML,0
MEF2D,TOX3,0
RARG,TBL1X,0
RNF2,MTF2,0
TFCP2L1,NFE2L1,0
JDP2,TOPORS,0
BRCA2,CTBP2,0
TBL1X,ATF7,0
YEATS2,MDK,0
ZFP446,PHB2,0
NRIP1,CNOT2,0
TAF10,ZFPM1,0
TOX3,BTAF1,0
CHD4,SMARCC1,0
SMARCD1,HIST1H3H,0
SP1,PMM1,0
ELK1,TPM1,0
IRF1,HDAC1,0
SOX2,CKB,0
ZBTB7A,HNRNPK,0
CRY1,HDAC10,0
MEF2A,PHF14,0
CRY1,POLR3F,0
ZFP148,INSIG1,0
PITX2,PBX4,0
ID2,PROX1,0
ZFP446,HSPH1,0
APBB1,POU6F1,0
ARNTL,TCF20,0
FOXA2,DDX5,0
CHD5,SLC1A5,0
DNMT3A,RBPJ,0
FOXJ2,PAPOLA,0
TCF12,SGK1,0
CNOT8,MANF,0
EWSR1,1110038B12RIK,0
PAX6,EBF4,0
POLR2A,SNORA44,0
KLF13,AARS,0
EED,ELK1,0
DAZAP2,ALPL,0
POLR1B,KAT2B,0
RAD51,PLAG1,0
NR1D1,NRG2,0
ESPL1,CNOT6L,0
PER1,ID4,0
NR5A2,PCOLCE2,0
TCOF1,SLC16A1,0
ELP2,LAMC1,0
ZSCAN10,PDIA3,0
BMI1,SMARCC1,0
POLR1C,KNTC1,0
ATF1,SIRT1,0
PIAS2,SQSTM1,0
EMX2,DDX58,0
KEAP1,STXBP2,0
ZFP335,LTBP4,0
RFX2,CAR2,0
FHL2,ELAVL2,0
YEATS2,ZFP335,0
ETV4,MEF2C,0
ASH2L,ZBTB24,0
ID3,CTBP2,0
FOXQ1,ANK,0
PIAS3,ARPC1B,0
ELK4,ZBTB20,0
LDB1,DAXX,0
LMO4,SLC1A5,0
HMGA1,TTF2,0
TRIB3,ITGA6,0
YBX1,SATB2,0
SMAD2,HSP90B1,0
PATZ1,TGFBR3,0
JMJD1C,DDX20,0
IRF4,SOS2,0
HSF2,TEX264,0
SND1,DDX21,0
HNRNPD,HIST1H2BB,0
DMRT1,NR2F6,0
DDB1,PAX8,0
CUX1,CRAMP1L,0
SIRT2,FOXP1,0
MAFK,JAM2,0
SOX7,SNORD93,0
CHD5,GAS6,0
MEIS3,CDH1,0
PLAG1,BTG1,0
SMARCC1,SPRY2,0
KDM5B,CCNB2,0
TGFB1,CUX2,0
RBL1,SLC7A7,0
TRIM32,ELOVL6,0
NFKB2,SOX2,0
NFKB2,POLR3D,0
RUVBL2,DTX1,0
ESPL1,MSL3,0
MDM2,E2F4,0
SIN3B,FHL2,0
NR0B1,TRP53,0
CRY1,NIPSNAP1,0
POU6F1,TYRO3,0
NCOA6,TGM1,0
MED4,COMMD3,0
SRSF3,D230025D16RIK,0
SSB,SPRY4,0
CNOT2,TRP53,0
LDB1,TBRG1,0
SOS2,HMGB2,0
RARG,SP1,0
ZFP462,YAF2,0
HSPB1,SNORA33,0
CRABP2,LEFTY2,0
RCOR2,GATA4,0
SIRT3,TFAP4,0
ZFP219,NFE2L2,0
POLR2J,MCM2,0
TEAD1,DDB1,0
CBX6,APOE,0
SOX17,TMEM231,0
POLR3B,MEIS3,0
RELA,ELF4,0
YAF2,TCF7,0
RBBP7,ENAH,0
CTNNBL1,CSRP1,0
POLR2B,FOXA2,0
BMI1,DDB2,0
TAX1BP3,RCN3,0
SIX5,SKIL,0
SRF,TMED9,0
TOX4,FXYD3,0
MCM6,RUVBL2,0
HNRNPAB,COTL1,0
ATF2,ZFP42,0
ZFP42,MLXIP,0
TRIM32,GFPT2,0
ARID1A,CAMSAP3,0
ZFPM1,TSPAN4,0
LHX2,GORASP2,0
TOX4,ILF3,0
ATM,DCTPP1,0
HSF2,LRRC1,0
LMO4,TTF2,0
PHB2,GHR,0
IRF3,KLF15,0
NFKB2,IFRD1,0
BARD1,BUB1B,0
ELL3,MIR1905,0
PROX1,SMAD3,0
TCF12,CBX7,0
NR5A2,2200002D01RIK,0
EWSR1,CALCOCO1,0
CTCF,POLR2I,0
POLR1A,CRIP2,0
NOTCH4,JARID2,0
COPS2,CTSD,0
DNMT1,MYC,0
GRHL1,ETV1,0
FOXA2,NR1H2,0
CREB3L2,TFRC,0
POLR2E,INTS12,0
GLI2,ATF7,0
DDIT3,GLI1,0
CITED1,HIST1H2BB,0
ZFP148,HSD17B14,0
TAF6,TFE3,0
SKIL,COMMD3,0
EP400,TMEM214,0
EHMT2,NEDD4,0
HMGXB4,SUSD2,0
HDAC1,ID4,0
HSF2,PIK3AP1,0
IRF4,GGTA1,0
ERCC8,POU2F1,0
PURA,SOX2,0
COIL,SNORA74A,0
MSC,SERPINB6A,0
GLIS2,TTF2,0
ZEB1,POLR2K,0
MED15,SFMBT2,0
RARG,BTG1,0
DCP1A,CSRP2,0
BRPF1,ASH1L,0
XAB2,MSX2,0
DDX5,DCTPP1,0
MCM6,ZFP398,0
DMRT1,ESPL1,0
NFYA,COTL1,0
NKRF,MANF,0
ASH1L,STMN1,0
CHD4,ORC2,0
TCF7L2,TCF12,0
RBMXL2,ARHGAP21,0
SMARCAD1,ABCC5,0
RBBP4,TRIM2,0
HNF1B,IDI1,0
ATF4,ATF3,0
HOPX,ABCC5,0
XRCC6,FOXJ2,0
PHF2,GJB3,0
ID3,CCND1,0
PATZ1,NFIC,0
FXR1,CNOT3,0
TOX4,ERCC3,0
HDAC5,GNPDA1,0
PCBP2,KEAP1,0
CBX8,NFATC3,0
E2F6,ASNS,0
AGAP3,MARCKS,0
OTX2,IFI30,0
ING1,TCF7,0
MAML1,DAB2,0
RLIM,PCNA,0
YEATS2,SREBF1,0
NFIC,AHCY,0
RBL1,SPOCK1,0
ARL6IP5,PRDM14,0
ZBTB24,MEF2D,0
NCOA6,MIR1192,0
CEBPZ,PGD,0
SMURF2,LASP1,0
TCF12,ZBTB20,0
OVOL1,ZSCAN10,0
HDGF,ZBTB3,0
JMJD1C,CTSL,0
PROX1,PML,0
MYC,HSPB1,0
SIRT2,PTH1R,0
NRIP1,POLR2B,0
HDAC11,BEX4,0
SIN3A,ID4,0
NR1D2,MTF2,0
RELA,ERLIN1,0
FOXQ1,USP9X,0
TAF9,DDB2,0
TRIP6,CDH1,0
PLAGL2,OTX2,0
HTT,PDIA5,0
SMARCA4,RRM2,0
POLR1A,SNORD33,0
SND1,MYCN,0
ILF2,ASPH,0
CREB3L2,H1F0,0
MLXIPL,GABBR1,0
CBX8,DCTPP1,0
ETV4,SNORD11,0
ZFP236,NFIL3,0
BTG1,PHF2,0
SMURF2,ESRRB,0
MCM7,GNPTAB,0
DDIT3,TIMP2,0
GATA4,HIST1H2BK,0
ELF3,SH3PXD2B,0
ID3,POU4F1,0
XRCC5,ASH2L,0
DDX20,PLSCR1,0
RBL1,TCN2,0
HIST1H2BB,GFPT1,0
NR2C1,HSP90B1,0
IRF1,RANGRF,0
TCF7,HMGA1,0
NFKB2,CSF1,0
RAI14,HIVEP2,0
GTF2A1L,REV1,0
POLR3B,SHISA5,0
IRF1,TMEM214,0
CBX8,KANK3,0
RELA,FABP3,0
GATA6,BSG,0
ANKRD49,COL4A2,0
NPAS2,FGF4,0
MEF2C,EPS8L2,0
POLR2I,RAI14,0
EZH1,EIF4A2,0
MITF,MANF,0
RAD51,PCBD1,0
PHF14,PFAS,0
NR2F2,HNF1B,0
NR2F2,D230025D16RIK,0
PELP1,CALR,0
ZMYND11,PDIA6,0
GBX2,APP,0
CENPB,CEBPZ,0
ARNT2,ARID1A,0
POLR2E,ARFGAP1,0
GTF2H3,TYRO3,0
TRIM32,IRF6,0
SFPQ,ARPC1B,0
GATA6,FOXH1,0
ZBTB10,SMARCB1,0
MEIS3,TOP2B,0
RCOR2,ELF2,0
SIX1,FBXO5,0
SALL1,SERPINB6A,0
MEIS1,MOV10,0
ESRRA,PDE4DIP,0
SMAD4,DDIT3,0
GTF2H3,SALL1,0
USF1,FNDC3A,0
TCF7,YEATS4,0
NFIB,SNORD93,0
PSIP1,ZBTB32,0
NAA15,TTF2,0
FUS,SRM,0
MSX2,STAT5A,0
BRWD1,NAGK,0
PKNOX2,LMF2,0
RBBP4,ACP6,0
RBM14,SUN1,0
ZMYM2,TRP53BP1,0
BMI1,ZDHHC15,0
EZH1,TDGF1,0
SRSF3,KEAP1,0
SOX7,ZBTB10,0
CHD7,PLXNB2,0
BTG1,HDGF,0
BTG1,ARID5B,0
RNF2,HMGXB4,0
NUPR1,TAF6,0
IRF1,THBD,0
PIAS2,TRIM24,0
MDM2,SLC38A2,0
RELA,BMP6,0
TFEB,TMF1,0
EHMT2,GPX3,0
RFX2,TCERG1,0
BTG2,DNMT3A,0
PRDM1,SNRPN,0
PDCD11,H1F0,0
SMARCC2,CKB,0
TGFB1I1,TPM1,0
SRSF1,ISYNA1,0
FOXA2,PER1,0
MAZ,ASNS,0
AATF,RCC2,0
BRD7,SOS2,0
LDB1,PLXNB2,0
NFYB,IMPDH1,0
ZFPM1,ACP6,0
MIS18BP1,TCF7,0
HES6,ZBTB3,0
PHF14,TADA3,0
ARNT2,PLSCR1,0
MCM3,MOV10,0
BTF3,TCF20,0
ZSCAN10,POLR1C,0
HIF3A,RANGRF,0
TBX3,TMED2,0
MCM7,ATF6,0
E2F1,CSRP1,0
GTF2I,APLP1,0
POLR2J,NFIA,0
EWSR1,KDM3A,0
HIF3A,CHD4,0
SMAD4,DIDO1,0
PCBD1,TCEA1,0
TCERG1,MAN1A2,0
ARID3B,TRRAP,0
MAML3,LRRC8D,0
RELA,NFIA,0
EP300,AI506816,0
EP400,NFATC4,0
PKNOX2,ACP6,0
IRF6,EIF2S2,0
ID4,ARNT2,0
TIMELESS,APOBEC3,0
PITX1,INSIG1,0
GATAD2B,SATB1,0
CBX6,ECD,0
POLR2I,CENPB,0
OTX2,PHF1,0
TRIM24,CREB5,0
ELP2,CRAMP1L,0
MYBBP1A,MTHFD2,0
HIF1A,PDIA4,0
TAF6,IFITM3,0
PITX1,SCMH1,0
ZFP275,PAX8,0
FOXQ1,MSL3,0
ZFP462,ERCC3,0
EP300,DPP4,0
PIAS1,NFATC2IP,0
PIAS1,TMEM231,0
ZFP42,UPP1,0
ZSWIM4,SNORD49A,0
JARID2,ZFP462,0
NR1H2,SERPINH1,0
EGR1,PDE4DIP,0
CNOT2,NPAS2,0
PDCD11,CIC,0
GLI1,CENPB,0
ETV6,D230025D16RIK,0
CREB3,ITGA9,0
JARID2,NOP56,0
TCF7,JMJD1C,0
MAML1,BRWD1,0
LDB1,POU4F1,0
TWIST1,SFI1,0
TAF10,CLIC1,0
TAF1,PIK3R1,0
ZMYM2,CIC,0
DNMT1,HKDC1,0
MCM2,IFRD1,0
POLR2J,PDCD6IP,0
POLR2E,BTG1,0
PAX8,IKBKB,0
PELP1,OBSL1,0
SOX4,JUN,0
GLIS2,PBX4,0
IKBKB,EPAS1,0
GATA3,ELF4,0
CTNNB1,FGF10,0
EP300,HIST1H2AI,0
PARP1,ZHX3,0
DMRT1,PDCD11,0
NR1H2,ANK,0
RLIM,GABARAP,0
CENPB,NRF1,0
POU4F2,XRCC6,0
ID2,POU6F1,0
SRF,GABARAP,0
TOP2B,IFITM2,0
SOX2,EBF4,0
ZSWIM4,PRPS2,0
NOTCH2,SRF,0
PITX1,MAN1A2,0
TBX3,GNPDA1,0
HSPB1,GLUL,0
HOXD13,ATM,0
TAF5,PDK1,0
CITED1,ARL6IP5,0
PAX6,PLEKHA7,0
TCEA1,POLE4,0
DAXX,SSB,0
SUZ12,HDLBP,0
SALL1,GNAS,0
PHF1,ARF4,0
NR5A2,FAM102A,0
HDAC7,RBM47,0
LDB1,SFPQ,0
HDAC10,ERCC3,0
ERCC8,GLS,0
HMGB2,ELAVL2,0
CBX4,SLC9A6,0
JUND,SGK1,0
NCOR1,TAF1,0
MITF,ASNS,0
MYBL2,FBXO5,0
TFAP4,PDE4DIP,0
MIS18BP1,CCND3,0
SMARCA5,GTF2H4,0
CIC,KAT2B,0
PDCD11,HNRNPD,0
SRRT,NAGK,0
EMX2,SEPT1,0
KLF6,STX5A,0
EP300,TDH,0
RARG,HIST1H2BN,0
NFKBIA,FUT8,0
DAZAP2,PITPNC1,0
RBPJ,ELF3,0
HDAC11,UCHL1,0
ABTB1,KLF13,0
TCF7,ZBTB7A,0
MCM4,RBMX,0
CDC5L,ZBTB39,0
ZEB2,SRSF1,0
PLRG1,GCLM,0
SOX4,NOP56,0
MEIS3,RELA,0
HDAC3,NFATC4,0
PMS1,AATF,0
VEZF1,ZEB2,0
ID3,SNORD35A,0
HNRNPAB,MAGED1,0
CNOT6,SFI1,0
TCEA1,TGIF1,0
TAF6,SPRY2,0
L3MBTL2,BEND5,0
HNRNPAB,EPHA4,0
TEAD1,CDCA7,0
RAD54B,SOX17,0
REST,CTNNB1,0
HDAC3,JMJD1C,0
HIF1A,OBSL1,0
MTF2,HIST1H2AG,0
ELK4,NRG1,0
ABTB1,CTBP2,0
HMGXB4,SNX2,0
MCM4,TMEM214,0
ZBTB10,GPA33,0
PLAG1,PRPS2,0
FOXP1,ABTB1,0
DTX1,SNORD49A,0
MEIS1,CALD1,0
KNTC1,COPS2,0
MSX2,TCN2,0
SMARCD1,HSP90AA1,0
ING1,POLR2A,0
FOXJ2,IFITM2,0
ZFP335,GNAS,0
JUND,TGFBR3,0
CHD7,GALK1,0
CIC,HMGB2,0
ZDHHC15,ZFP710,0
ATF4,MED4,0
NUPR1,RYBP,0
MCM4,LRP2,0
PAWR,TFRC,0
CNOT6,SLC1A5,0
AGAP3,LY75,0
FOXD3,MIR5121,0
MEN1,BIN1,0
POLR1C,TCF7,0
PITX1,CNOT7,0
SRSF3,QDPR,0
JARID2,HDAC3,0
HTT,RHOX5,0
STAT5A,PITPNC1,0
BAZ1A,ASAH1,0
TTF2,TRIM13,0
NR2F6,PDIA5,0
JMJD1C,RANGRF,0
MAPK8,PRDM1,0
YEATS2,TCF4,0
ZFP148,WDFY1,0
ID3,TOP2B,0
FUS,SSBP4,0
RNF2,TXNDC11,0
CTNNB1,KDELR3,0
HIST1H2BB,DDX58,0
MED31,MTA3,0
RUVBL1,SPRY2,0
PHF14,ZBTB20,0
RARA,PHF1,0
CIC,PARVB,0
SMAD3,AHCY,0
SFPQ,TWIST1,0
BRCA1,PLAT,0
TTF2,MED15,0
CUX1,SFI1,0
ZFP281,SEC23A,0
HMGA2,E2F4,0
NPAS2,GALK1,0
ZIC3,PFAS,0
ID4,LAMA1,0
RBBP4,SEMA4C,0
POU5F1,MME,0
TGFB1I1,E2F2,0
ZFP281,LMF2,0
ZBTB24,PBXIP1,0
NFATC3,RBM47,0
NAA15,RANGRF,0
PCBD1,DMRT1,0
TFEB,SMARCA2,0
ARID5B,F3,0
DR1,CELF3,0
RUVBL2,RBBP4,0
RBM14,XBP1,0
DNAJC2,TCF7,0
MYBBP1A,MCM6,0
GLIS2,SERBP1,0
KNTC1,SETD7,0
RNF19A,GRHL1,0
ARID3B,HOXD13,0
DCP1A,DCTPP1,0
POLR2E,ADAM23,0
HMGXB4,ARNT2,0
KAT2B,CDH1,0
TGFB1I1,RCN3,0
HNF4A,TFEB,0
NOTCH2,TOX3,0
BACH2,EIF4EBP1,0
OVOL1,LDLRAP1,0
SMARCA4,KRT19,0
ZDHHC15,CBX7,0
SAP30,ARHGAP1,0
NR4A1,ECT2,0
NR4A1,PCOLCE2,0
NR2C1,OBSL1,0
AIRE,HDAC2,0
ZBTB24,XRCC6,0
AATF,EPS8,0
SMARCC1,ZFP532,0
NOTCH4,HOXD13,0
ID3,NFATC2IP,0
ZBTB10,LGALS3,0
NPAS2,CALR,0
GRHL1,NEDD4,0
ZMYND11,MRPS5,0
MTF2,PHB2,0
ZDHHC15,BUB1B,0
HSF2,ST5,0
ERCC8,MDM2,0
ESPL1,LRRK1,0
PREB,SIX1,0
HMGB2,PRDM1,0
BMI1,TAF5,0
PMS1,NKRF,0
TOX4,LDHB,0
NOTCH4,MEG3,0
NRIP1,LDB1,0
POLR2A,PDIA5,0
ATF1,FUS,0
PAX8,CTBP1,0
NUPR1,NRG2,0
KPNA2,NOTCH4,0
PREB,MSC,0
IRF3,SENP3,0
HDGF,LIMCH1,0
TNFAIP3,IFRD1,0
HIST1H1B,CDC42SE2,0
EP300,ZIC3,0
ESRRB,SETD7,0
PMS1,NFIB,0
SIRT2,DIDO1,0
FUBP3,NFATC2IP,0
DMRT1,BTF3,0
PITX1,ITGA6,0
REST,NAGK,0
ING1,MEF2D,0
ARID3B,ALPL,0
PCBD1,CUX2,0
SKIL,POLR2H,0
RB1,MYCN,0
PHF14,NDRG4,0
PHF12,TFEB,0
ZFP446,EED,0
CBX4,POU5F1,0
RNF19A,EPHA4,0
ZFP423,SND1,0
NR2F2,HMGA1,0
ATF4,CENPV,0
CHD7,CNOT7,0
HDAC7,MAPK13,0
ORC2,TAF6L,0
ARID3B,CHCHD10,0
MDM2,IKBKB,0
ETV6,TPM1,0
PAX1,FOXJ3,0
DDB1,MYBL2,0
SNAI1,PRDM1,0
NME2,NFIB,0
BRCA2,MCM5,0
PLAGL2,MIR669A-1,0
E2F2,MITF,0
HIST1H1D,NR2F6,0
SMARCC2,CITED1,0
KLF6,EDEM1,0
PAX6,COBL,0
HDAC4,TUBB4B,0
RFX5,CREB3L2,0
DDX5,SLC7A6,0
MTF2,KRT18,0
POLR1C,SLC7A3,0
GTF2I,NR1H2,0
CTNNBIP1,SMARCB1,0
EP400,FXYD3,0
SP1,GNRH1,0
PHF2,TDGF1,0
JUND,TMEM214,0
GTF3C1,SMAD7,0
REST,ZHX3,0
ETV1,BTG1,0
ETV6,NOTUM,0
SATB1,GFPT1,0
SMAD2,ANK,0
DDB1,BRD7,0
ID2,PHF20,0
POLR2I,GNS,0
FOXD3,CYBA,0
RARA,CSRP1,0
RBPJ,PIAS3,0
TRIP6,ECD,0
TCF12,HSP90B1,0
NDN,SFMBT2,0
FOXP1,IKBKB,0
KLF4,IL33,0
SP1,ARF4,0
ELK1,RBM14,0
PKNOX2,TADA3,0
NR4A1,GJA1,0
FXR1,RNF19A,0
NPAS2,NUP210,0
TCF4,PHF2,0
HDAC2,RBL1,0
TGFB1I1,NR2C1,0
FOSL2,MFGE8,0
REST,RNF14,0
POU6F1,MCM2,0
PBX4,MGST3,0
ZFP42,FZR1,0
EPAS1,PDPN,0
NR1D2,RTN1,0
CITED2,RCN3,0
PA2G4,PDIA3,0
SRSF1,TBX3,0
NFATC1,ADAM15,0
ELP2,NR0B1,0
OVOL1,ZFHX3,0
PHF14,MAPKAPK2,0
UBTF,VIM,0
XBP1,MRPS5,0
CTNNB1,LHX2,0
TOP2B,USF1,0
MEIS1,GLUL,0
DDB1,FBXO15,0
NME2,EOMES,0
ARID1A,SPARC,0
ZFP42,MSL3,0
KLF3,RELA,0
SMARCAD1,HNF4A,0
MCM7,SEC31A,0
TTF2,CRIP2,0
KEAP1,KLF8,0
CREB3L2,ZEB2,0
MCM2,LIPG,0
TWIST1,SIX5,0
NCOR1,ITPK1,0
RBPJ,POU2F1,0
KLF6,B2M,0
HTT,CHD7,0
XBP1,COBL,0
CREBZF,DEK,0
ATF4,BCAT1,0
GLI2,TXNDC12,0
RARG,NR2C1,0
RAD51,MIR5121,0
RNF2,SP8,0
SALL1,GATA6,0
SIX1,EP300,0
RB1,SATB1,0
TRIM25,GFPT2,0
SMARCA5,MT2,0
BMP6,ZMYM2,0
TCF7,SH3PXD2B,0
POLR2J,UCHL1,0
ATF6,ELF3,0
REST,NEU1,0
ILF2,OVOL1,0
NFX1,TDH,0
NRIP1,KLF4,0
ELF1,PDCD6IP,0
SATB2,GBX2,0
APBB1,ITGA9,0
FOXD3,HDAC7,0
DIDO1,HEXIM1,0
MAPK3,HNF4A,0
MTA3,GRB10,0
MATR3,RHOX5,0
MCM4,SUZ12,0
HDAC7,ATF4,0
PHF1,ZFP367,0
GATA3,ARNTL,0
EOMES,MARCKS,0
NFATC1,KEAP1,0
SRSF1,ZFP600,0
RUVBL2,TSPAN9,0
TRPS1,NFYB,0
ZFP335,TDGF1,0
PMS1,POLR2E,0
AGAP3,PBXIP1,0
POLR3D,CENPV,0
TBPL1,DEK,0
GTF2H4,THBD,0
ZBTB3,PHF14,0
BRCA2,GAS6,0
RBPJ,PAX8,0
RBPJ,TOX3,0
MITF,CLTC,0
ZSCAN10,NDRG4,0
SMARCA4,E2F4,0
POLR1E,HSPA8,0
IRF2,ELAVL2,0
NAA15,KLF3,0
RELA,SUZ12,0
EBF1,COL4A2,0
GTF2I,LAMP1,0
RARG,HIF3A,0
ZFP281,HSD17B14,0
FOXJ3,AHNAK,0
TCF7L2,MED12,0
SRF,SOX2,0
POLR2K,ZFP592,0
ING3,SMURF1,0
TWIST1,CDH6,0
POLR2E,ISYNA1,0
HEY2,TMEM9,0
MBD2,TEAD4,0
JARID2,CALM2,0
TOP2B,AI506816,0
COPS2,SIN3B,0
XRCC5,GFPT1,0
DDIT3,RMND5B,0
USF1,BRCA2,0
SRSF6,MAPKAPK2,0
STAT5B,FRRS1,0
DEK,BRCA1,0
POLR3B,MRAS,0
BRWD1,CKB,0
TNFAIP3,SPNS2,0
CUX1,ELAVL2,0
CREB3L2,COL27A1,0
ZFP275,KLB,0
SRF,YBX1,0
DDB1,TCN2,0
PHB2,GPRC5C,0
NONO,ZEB1,0
PLAGL2,ZBTB39,0
EWSR1,CDCA7,0
SMAD3,PHF2,0
ZFP42,PAX6,0
SRF,SPRY2,0
MSX2,NR4A1,0
ZFPM1,ERCC3,0
SIX5,HMGA1,0
EHMT2,CSRP2,0
HDAC5,PAX8,0
TCF12,PDCD4,0
HIST1H1B,ZFP219,0
MSX2,EOMES,0
FIZ1,SET,0
TAX1BP3,ELAVL2,0
ZFPM1,NME2,0
PHF14,FBXO5,0
DDX5,BTBD11,0
PLRG1,MLLT1,0
NANOG,MAN1A2,0
HSF2BP,RUVBL1,0
KLF6,FGF4,0
TRP53,PSME2,0
SOX4,MCM6,0
POLR2A,RBMS1,0
SMARCB1,AMOT,0
NCOR1,SEC23A,0
NDN,MCM3,0
PARP1,TET1,0
ZFHX3,BTF3,0
SMAD7,TMEM150A,0
TAF9,PDIA5,0
IRF2,FST,0
HDAC7,POLR2K,0
PIAS3,PARVB,0
SP1,HIRIP3,0
KLF10,SLC7A7,0
OVOL1,TRRAP,0
POLR3B,TGFBR3,0
CNOT7,ASPH,0
MITF,CDC42SE2,0
TRIM25,FBXO15,0
ZSWIM4,CTNNBL1,0
MED12,SHF,0
PAX8,SMARCA5,0
ATM,TCERG1,0
FIZ1,MRPS5,0
ATF6,APLP1,0
HSF2BP,ILK,0
NR4A1,BRPF1,0
EP300,ORC2,0
RCOR2,FABP3,0
AIRE,IMPDH1,0
BACH2,ZFP277,0
SCMH1,TUBB4B,0
HEXIM1,QDPR,0
MEIS1,WDR45,0
TBPL1,HIST1H2BK,0
NFATC1,NASP,0
DDX5,IKBKB,0
TFAP2C,PELP1,0
RBBP4,ZFP367,0
DNAJC2,BRD7,0
TCEA1,ZYX,0
NFYA,TINAGL1,0
AGAP3,TAF5,0
ZFP446,KRT19,0
MAZ,PLSCR1,0
SKIL,TAF10,0
POU6F1,CUBN,0
ETV1,SNORA17,0
CDC5L,ST5,0
NFX1,ARID3B,0
POU6F1,ZFP335,0
DDB2,CHD5,0
ZFP36L1,GATA3,0
TFEB,HIST1H2AK,0
HNRNPAB,4930402H24RIK,0
HDAC5,PARVB,0
BCL3,LRRC8D,0
VEZF1,PBX4,0
TBPL1,ASH2L,0
TRPS1,SETD7,0
NFATC4,DNMT3A,0
DCP1A,STMN1,0
HDAC4,ZMYND11,0
SPEN,AI506816,0
NANOG,TNK2,0
TBX3,SNORD17,0
RBL1,BARX1,0
PHF14,GNS,0
MBD2,CSTB,0
ING3,EOMES,0
RBM14,HIST1H2BB,0
POLR2J,APOE,0
KLF10,PDIA4,0
SMARCA4,MED21,0
HDAC10,ZFP446,0
PAX1,ADAM19,0
ING1,PHF14,0
NOTCH1,TFAP2C,0
SIRT2,HSD17B14,0
POU4F2,CYP26A1,0
NFYA,SNAPC3,0
COIL,SLC7A6,0
EZH2,RYBP,0
HES1,NFATC1,0
SOX2,EHD1,0
KLF10,F3,0
ETV1,TBX3,0
NOTCH1,ZBTB24,0
POLR2B,TWIST1,0
PELP1,ANKS1,0
ZFP236,TGFBR3,0
NSD1,PCOLCE2,0
SKIL,PLEKHA7,0
EGR1,POU4F2,0
TULP3,ABCC5,0
ZBTB7A,KLF6,0
SIRT3,JAM2,0
PAX1,L3MBTL2,0
MED15,PCNA,0
POU6F1,TCOF1,0
ZEB2,EIF4EBP1,0
BACH2,CTBP2,0
TRIM24,SP1,0
APEX1,MYO1C,0
ZIC3,MYO5B,0
NR3C1,PDIA3,0
ZFP423,CSF1,0
SUZ12,DUSP9,0
DNMT3A,RBBP4,0
NME2,CNOT7,0
GTF3C1,ITGAV,0
FOXJ3,SNORA26,0
GBX2,KLF3,0
FOXQ1,ZFP277,0
SMAD3,CLDN6,0
RNF2,ASAH1,0
JDP2,HIVEP2,0
TBL1X,MME,0
ESRRA,NFYB,0
HEY2,BMPER,0
MEIS3,VAMP8,0
TADA3,SNORD11,0
CEBPZ,REV1,0
CTNNBL1,MTF2,0
NRIP1,RHPN1,0
ARNTL,ZFP600,0
CNOT8,PTH1R,0
GTF2H4,JUND,0
HDAC4,PBX4,0
BRCA1,DDAH1,0
POLR2A,SERTAD2,0
TRP53,RARA,0
NFATC3,SDC4,0
BRCA2,DDX5,0
HDGF,ACP6,0
RFXAP,SIX5,0
MIS18BP1,PRDX4,0
POLR3F,LOXL2,0
SIX1,NKRF,0
ZFP148,SMARCAD1,0
DNMT3A,SEC61A1,0
NFYB,WDR1,0
E2F4,CCNB1,0
PHF2,SNORA43,0
OVOL1,ZYX,0
CUX1,HIST1H2BK,0
GTF2H4,NID1,0
ARL6IP5,ERCC8,0
EP300,PAPOLA,0
RBMXL2,GATA6,0
WWTR1,CUX1,0
RUVBL2,WDFY1,0
MAPK8,ASH2L,0
NR3C1,DUSP3,0
TRP53BP1,HDAC3,0
CREBZF,GFPT2,0
FOXO3,GRIN1,0
IRF2,SIN3A,0
HNF4A,TAX1BP3,0
SRF,TFE3,0
KNTC1,TCEA1,0
ETV4,ELOVL6,0
POLR1C,ID4,0
STAT5B,RFX7,0
KPNA2,PIAS1,0
POU6F1,EPS8L2,0
PHF2,NEU1,0
NR1D2,LRRC2,0
NR0B1,LEFTY1,0
ELK4,BSG,0
GTF3C1,ELF2,0
BACH2,ZFP236,0
PHF12,NDRG4,0
E2F4,POLR1A,0
BMP6,SNORA23,0
FUS,BMP4,0
NR2F6,ARL6IP5,0
MTA3,HEXIM1,0
MTA3,SPEN,0
RFX5,PHF20,0
LMO4,PLXNB2,0
PLAG1,DDX54,0
MTF2,MAFK,0
SMARCB1,SIX5,0
EBF4,SOD1,0
ZEB2,SOX2,0
DDIT3,COBL,0
CTCF,PHLDA3,0
NR4A1,YEATS4,0
MED15,MAPK13,0
CTNNBL1,USP9X,0
ERCC3,RUVBL2,0
ATF1,MED12,0
IRF4,BRWD1,0
TCF7,ELL2,0
NRIP1,GSR,0
LDB1,RIF1,0
HCFC1,RBM38,0
NFATC4,TCEA1,0
ZDHHC15,TFEB,0
CHD4,PHF20,0
RBMX,TMF1,0
TRIM28,FBXO15,0
SNAI1,LDB1,0
SMURF2,BUB1B,0
ELP2,WDR45,0
MEIS3,TFAP4,0
NR4A1,PLSCR1,0
NFYB,MAML3,0
MLLT1,XAB2,0
KNTC1,ANKRD49,0
ATF4,CDH1,0
YEATS2,F3,0
NOTCH2,NFIC,0
SIN3B,CNN2,0
ELK4,MAZ,0
GATA3,ELF2,0
RBBP7,HIST1H2AC,0
PHF14,GSN,0
SP1,NXF7,0
BCLAF1,SET,0
AATF,POLR3F,0
DNAJC2,SRSF1,0
MAFK,2200002D01RIK,0
TBX3,PCBD1,0
TULP3,LAMB1,0
PELP1,POU4F2,0
BRWD1,HCFC1,0
RBM14,SMAD7,0
SOS2,DNAJC2,0
EHMT2,MORC4,0
MITF,ANK,0
FOXA2,ATP1B1,0
SNAI1,PLEKHA7,0
FIZ1,VEGFA,0
CNOT6L,AQP3,0
GATA6,EOMES,0
ELK4,FAM25C,0
SIRT3,PEG3,0
HMGA1,ARNTL,0
SALL4,FOXJ3,0
HMGA1,PCBP2,0
EZH2,MLXIP,0
PHF1,HKDC1,0
TCEA1,DUSP9,0
KLF2,SPRY4,0
YAF2,MIR291B,0
FHL2,ARID3B,0
CHD7,GGA2,0
GBX2,CDIPT,0
POU5F1,FDPS,0
MTF2,TFE3,0
HCFC1,DUSP9,0
MED21,PLOD2,0
DIDO1,MED21,0
GBX2,FBLIM1,0
BTF3,ENAH,0
ZFP148,PURA,0
TRIM28,PLXNB2,0
NDN,ZC3H7A,0
GTF2H3,ASAH1,0
CRABP2,MT1,0
ELF4,MYO1C,0
MEIS1,SNHG3,0
RBL1,HOPX,0
HEY2,LDB1,0
CNOT8,RASGRP2,0
POLR3F,AKR1B3,0
ETV1,GATAD2B,0
MBD2,ETV4,0
MLLT1,PROS1,0
POU2F1,NOP56,0
SRSF1,WDR1,0
CTCF,TXNIP,0
CHD5,ZC3H7A,0
BTG2,GPRC5C,0
KHDRBS1,FAM25C,0
HIST1H1D,LDLRAP1,0
SMARCA2,SREBF1,0
PIAS2,SATB1,0
POLR1A,ATF1,0
TFAP2C,NR1D1,0
GTF2I,CALD1,0
IKBKB,PRDX4,0
L3MBTL2,TGFB1,0
PHF1,ANKS1,0
CITED2,HIST1H2AK,0
TFEB,DDB1,0
HDAC10,IRF6,0
HSPB1,KAT2B,0
VEZF1,KRT8,0
CTNNBL1,PCSK6,0
NDN,2810025M15RIK,0
PHF12,ZFP398,0
SREBF1,REV1,0
CHD7,NFKBIA,0
CTCF,CALM2,0
CTCF,DAB2,0
MCM5,CNOT2,0
PURA,ATP1B1,0
RBPJ,GRHL1,0
IRF4,TET2,0
IRF3,NEDD4,0
TLE1,FBLIM1,0
ZFPM1,APOBEC3,0
SRF,POLR3D,0
MCM2,ATF4,0
JMJD1C,JUN,0
SSBP4,GLS,0
DAXX,TLE1,0
POLR2K,FUBP3,0
E2F4,XRCC5,0
ATF6,CUBN,0
POLR2A,PCNA,0
NFE2L2,UBP1,0
REST,BARX1,0
JMJD1C,COTL1,0
IRF2,HES6,0
GTF3C1,ATP6V0B,0
TBPL1,ME1,0
DDB2,SNORA74A,0
NFYB,MFSD1,0
SSB,PER1,0
ELF1,GTF2H3,0
ASH1L,POLR2I,0
STAT5A,EDA2R,0
TEAD1,TMED2,0
JMJD1C,ZFP36L1,0
MCM4,MLXIP,0
RUVBL2,TGIF1,0
PRDM5,MAML1,0
EBF1,CHCHD10,0
MSX2,NAGK,0
DNAJC2,TNK2,0
SMAD7,TAF10,0
SMARCA4,ARHGAP32,0
ZBTB43,PSME2,0
CITED1,SMARCB1,0
POLR2J,FUT8,0
CNOT7,FHL2,0
MSC,REST,0
EP400,LEFTY2,0
YBX1,ELF2,0
RARA,PFKP,0
MATR3,ATP6V0E,0
ORC2,FOXJ2,0
ERCC3,SNRPN,0
KNTC1,BSG,0
HNF1B,ATP6V0B,0
ID2,RBM14,0
ETS1,GNRH1,0
BTF3,COBL,0
TWIST1,PAX6,0
ELK4,SET,0
RFXAP,STAG3,0
SFPQ,KLF8,0
FOSL2,SMAD2,0
RFX5,PITX2,0
DDX5,TUBB2B,0
IRF6,HELLS,0
HIST1H1D,IGF2,0
BCLAF1,KEAP1,0
CENPB,SND1,0
HDAC4,ILF2,0
PRDM1,HIVEP2,0
CRABP2,TFEB,0
YBX1,HMGB2,0
KDM5B,ST5,0
BTF3,MYO6,0
TTF2,RERE,0
SREBF1,NR2F2,0
NR3C1,TUBA4A,0
GATAD2B,EOMES,0
IRF2,FZR1,0
JUND,ETV5,0
RUNX3,IDI1,0
EBF4,NEDD4,0
RBPJ,MFSD1,0
SIX5,ST5,0
ZBTB43,GJA1,0
YBX1,TGFBR3,0
SFPQ,SRSF1,0
RBPJ,PHF12,0
ARNTL,MRPS5,0
GTF2I,FOXH1,0
TAF1,ZDHHC15,0
RNF14,HSPH1,0
NR4A1,CCNE1,0
ATM,TOX3,0
CHD5,TOP2B,0
HDAC2,DAB2,0
AIRE,RUNX1,0
RBBP4,TNFAIP3,0
ARNTL,FIZ1,0
TCF12,E2F6,0
CBX8,BARX1,0
FIZ1,GNRH1,0
PIAS2,VCAN,0
RCOR2,STAG3,0
DTX1,GRB10,0
SALL1,BMP4,0
TFE3,GGA2,0
PKNOX2,SNORA44,0
RBL1,MGST3,0
LMO4,ARF4,0
TRIB3,TCF12,0
ESRRA,PATZ1,0
POLR3B,FUT8,0
ZBTB43,ERF,0
NOTCH4,FAM129B,0
DAXX,BSG,0
RARA,RIF1,0
GLI2,MSH2,0
COIL,HIST1H2BN,0
DCP1A,RIAN,0
SIRT1,ILF3,0
HOXD13,PSAP,0
SNAPC3,MIR1949,0
TAX1BP3,SDC4,0
HDAC7,NFIC,0
TWIST1,PHC1,0
NSD1,NFATC2IP,0
HDAC5,TAGLN2,0
RNF19A,CSF1,0
PHF14,TCOF1,0
PCBP2,TET2,0
FOXD3,NOTUM,0
PKNOX2,ATP1B1,0
ATM,SLC25A39,0
NCOR1,NFIA,0
CNOT7,PHB2,0
RAI14,EIF4EBP1,0
ZDHHC15,TEAD1,0
WWTR1,NR1D1,0
EBF4,PELP1,0
STAT5B,OAT,0
TWIST1,ZC3H7A,0
RAD51,CALM1,0
CRY1,SLC6A6,0
FIZ1,ATF3,0
DDX20,HOOK1,0
KPNA2,NR2F2,0
HEY2,ABCC5,0
TBL1X,ELP2,0
DDB2,HSP90B1,0
NFYB,IFI30,0
RBPJ,NCOA6,0
BACH2,CDH6,0
TRP53BP1,MED21,0
ZFP275,HIST1H1B,0
FOXP1,ING1,0
MCM7,POLR2J,0
TGFB1,ERCC3,0
SNAI1,CHD5,0
SOS2,FBXO5,0
AGAP3,POLR3B,0
CNOT3,DAZAP2,0
ZFP219,KRT19,0
CBX8,RFXAP,0
ARID5B,MYH9,0
NFKBIA,TAF10,0
SCMH1,ME1,0
RNF2,SMARCAD1,0
ATF3,GABARAPL2,0
HDAC1,SMAD3,0
PRDM1,UPP1,0
BRCA2,ARID1A,0
BCL3,WDR45,0
DDX5,LAMP1,0
GLIS2,SGK1,0
TRP53BP1,SLC16A1,0
TCF12,SNORA44,0
KPNA2,MIR295,0
SIRT1,EFEMP2,0
ZFP446,SERBP1,0
CNOT8,FBXO15,0
TOP2B,HSPB1,0
POU4F1,EPHA4,0
CBX8,RBM14,0
GATA3,CTNNBIP1,0
CTNNB1,GTF2H4,0
EGR1,NOTUM,0
NFKB2,PRDM5,0
POLR3F,SUN2,0
TOX4,PLOD3,0
OTX2,PLSCR1,0
SMARCD1,PMS1,0
POLR1B,LRRC8D,0
TCEA1,SRRT,0
DNMT1,SENP3,0
OVOL1,ASPH,0
JUND,XAB2,0
HOPX,FOXP1,0
PELP1,DDX58,0
HIF3A,BSG,0
SAP30,JARID2,0
NDN,CNOT6,0
PDCD11,SFI1,0
ASH2L,HABP2,0
PARP1,PLRG1,0
MTA3,SNORD93,0
SOX4,SNORD35A,0
KAT2B,TGFB1,0
DEK,GRHL1,0
TFCP2L1,MYL6,0
NFIB,UTF1,0
POU6F1,TEAD4,0
KLF2,POU5F1,0
ZFP148,SMARCB1,0
DEK,PSAP,0
RUVBL2,TRP53,0
TAF5,SPEN,0
PELP1,CIC,0
ZFP36L1,CUL7,0
SP8,HSP90B1,0
TFEB,NFATC1,0
RARG,FAM102A,0
SOX17,PML,0
HTT,HDAC1,0
REST,KLF13,0
HCFC1,GPRC5C,0
HDAC10,PDLIM1,0
ELL3,PCSK6,0
ELP2,LRRC1,0
BRCA2,ID3,0
PSIP1,PDPN,0
TCF4,HES1,0
TRPS1,FGFR3,0
ERCC3,KANK3,0
LDB1,GABBR1,0
TRP53,IFRD1,0
SRRT,CARHSP1,0
CBX8,TAF10,0
RNF14,TMEM231,0
TRIM28,NME2,0
FXR1,TET1,0
MYBBP1A,AQP3,0
PELP1,TAF6L,0
MED4,KCNG1,0
NFE2L2,KRT19,0
RFX5,DPPA4,0
MSC,FST,0
CREBZF,ADAMTS9,0
PSIP1,CTH,0
KNTC1,SMARCC1,0
TOX3,MRAS,0
PMS1,FUBP3,0
SP8,MAPK13,0
PML,CDC20,0
ATF4,SLC7A6,0
POLR2I,2810025M15RIK,0
JUN,SIN3B,0
ZFP423,UHRF1,0
ESRRA,SFI1,0
MEN1,PDLIM1,0
ELL3,PLOD1,0
ARNTL,NFXL1,0
CUX1,TUBB4B,0
COPS2,ZFP462,0
TEAD3,TINAGL1,0
SSB,2810025M15RIK,0
PATZ1,CBX7,0
ZFP236,RDM1,0
TLE1,STT3A,0
DNMT3A,TFAP4,0
SOX15,COIL,0
GATA3,SPARC,0
RBMX,TFAP2C,0
HOXD13,PAX6,0
SMARCC2,MYO5B,0
IRF6,CDIPT,0
NR1D2,NRG1,0
SP1,SRSF3,0
PAX6,SERPINB6A,0
MEN1,SKIL,0
TOPORS,HIST1H2BN,0
FIZ1,HSP90AA1,0
CNOT7,P4HA1,0
DDB2,ITGA6,0
RNF2,CKB,0
DTX1,SQSTM1,0
E2F4,F3,0
SND1,SMURF1,0
SIRT2,NEDD4,0
ZFP335,CDC20,0
MCM6,NEDD4,0
TAF6,CIC,0
NFIC,HDAC11,0
SND1,CARHSP1,0
RNF2,MOV10,0
PML,EPS8L2,0
DAB2,TEAD4,0
ZFP275,NRIP1,0
TBPL1,LAMA5,0
CREB5,BEND5,0
POLR2A,SRPRB,0
HES6,PCBD1,0
ZFP236,BNC2,0
NOTCH1,ZFP710,0
MTF2,FAM83D,0
HOXD13,PCBP2,0
NFIC,TPI1,0
MEF2D,SERPINE2,0
TBL1X,MIR466F-2,0
SMURF2,E2F6,0
TFEB,NACC1,0
ZEB2,LIFR,0
TFEB,FHL2,0
MEF2D,RAI14,0
IRF1,CHCHD10,0
MBD2,PA2G4,0
HDAC7,DAZAP2,0
TCF7,ILK,0
PKNOX2,MIR669A-1,0
MAZ,JAM2,0
BCL3,MYCN,0
NFIC,CITED1,0
FOXA2,ANKRD49,0
ETV1,RFXAP,0
XAB2,HIST1H2AI,0
MEN1,HSP90B1,0
MAPK3,ZEB2,0
NR1D1,PDCD6IP,0
AIRE,ARF4,0
ELK1,PRPS2,0
HDAC3,FOXH1,0
HNF4A,TOX3,0
XBP1,ARL6IP5,0
ING1,IFITM3,0
RARA,PCBD1,0
PAX6,NR2F6,0
RAD54B,POLR1A,0
ATF2,MT2,0
NR5A2,RHPN1,0
ID4,INSIG1,0
TRIM28,SNHG3,0
IRF2,PFKL,0
TCF4,P4HA1,0
TRP53,PTH1R,0
GATA4,B2M,0
POLR2E,PRDM1,0
PHF2,PLTP,0
RARG,AFF1,0
XRCC5,SIX5,0
DCP1A,BRPF1,0
TWIST1,BTG2,0
CNOT3,FOXJ2,0
PLAG1,LRRC8D,0
HNRNPD,TMED9,0
BARD1,ANK,0
CUX1,IRF4,0
ANKRD49,DDX21,0
PRDM5,CAR4,0
MED12,RAB3IL1,0
PDCD11,RERE,0
DDX20,SEC24D,0
TGFB1I1,SLC7A5,0
TOX4,NKRF,0
STAT5B,CD63,0
LDB1,EZH1,0
CTCF,COL4A1,0
FOXA2,RAB11A,0
PCBD1,TRIM13,0
NSD1,HNF4A,0
SNAI1,GTF2I,0
USF1,PURA,0
ID4,RHOX5,0
FOXD3,MIR1949,0
TFAP2C,TRPS1,0
ZFP281,CNOT2,0
HDGF,MSX2,0
ZMYM2,RNPEPL1,0
ING3,MIR295,0
CHD4,INTS12,0
TCF12,GLI2,0
POLR2J,KLF13,0
RLIM,SEC61A1,0
FOXJ3,POLR1E,0
PRDM5,LRP2,0
FUS,HEY2,0
PSIP1,CLDN6,0
TRP53BP1,ATF6,0
MCM2,TRIM32,0
HMGXB4,SPRY4,0
POLR1B,RFXAP,0
CNOT7,ADAM15,0
FXR1,SIRT2,0
ZFP275,HNF4A,0
NFYB,KLF6,0
CREB3L2,EIF4A2,0
ZFP219,CNN2,0
CHD7,TCF15,0
AATF,MYLPF,0
GTF2H3,HDAC10,0
POU5F1,AATF,0
AATF,FGF4,0
BACH2,FOXO1,0
NRIP1,TAF6L,0
NFYB,ATF7,0
MAPK3,ZFP296,0
TSG101,PCOLCE,0
FUS,HDGF,0
ZFP462,HES1,0
GATA3,GABARAPL1,0
HIF1A,VANGL1,0
PCBP2,HIF3A,0
FIZ1,OTX2,0
BRCA1,TRIM24,0
ID2,RNF6,0
YEATS2,FBXO5,0
TBX3,ADAM19,0
JMJD1C,AES,0
RARG,FHL2,0
YAF2,CARHSP1,0
PARP1,HIF3A,0
EOMES,SLC7A6,0
BTG1,TAF6L,0
TRIM24,TUBA4A,0
JARID2,SAP30,0
TCF7L2,HIST1H2AI,0
CHD7,CRAMP1L,0
TRIB3,NFIB,0
SUZ12,HOPX,0
HEXIM1,ETV4,0
HSF2BP,HOXD13,0
SRSF3,RBMXL2,0
NFIL3,CCNB1,0
CEBPZ,PCOLCE,0
HMGB2,ASNS,0
HOXD13,HDAC11,0
PAX6,POLR1E,0
CTBP1,USP28,0
ARL6IP5,STARD10,0
PBX4,MIR669A-1,0
IRF3,SNAI1,0
CNOT6L,ARHGEF5,0
NME2,SAT1,0
MEIS3,GTF3C5,0
ID3,STX5A,0
CTNNBIP1,JMJD1C,0
PITX2,ZFP236,0
IKBKB,SIN3B,0
DAZAP2,PDE4DIP,0
HDAC7,POU4F1,0
AATF,SFPQ,0
NR1H2,YAF2,0
SCMH1,GRHL1,0
MBD2,SMARCA4,0
EP400,SNORA62,0
RYBP,ALPL,0
POLR1B,DAZAP2,0
CBX7,MCM7,0
ZFP335,CCNB1,0
SMARCC2,XAB2,0
ELF4,TPM4,0
NFIC,PHLDA3,0
SIRT1,GHR,0
TAF1,YEATS4,0
TGFB1,FOXA2,0
SFPQ,WDR1,0
RNF2,NCOR1,0
ELK1,MANF,0
ARNT2,BCAS3,0
RBMXL2,AES,0
NFKB2,MAPK8,0
ELL3,FOXP1,0
ELF4,ITPK1,0
ANKRD49,SNORD83B,0
CHD5,CENPB,0
CHD7,TRRAP,0
JARID2,ECD,0
SMARCA4,PDCD11,0
PRRX2,ETS1,0
TWIST1,KLF8,0
ELF1,GNPDA1,0
NR5A2,MANF,0
HES1,ZBTB10,0
ARNT2,NFIB,0
RUVBL2,TMED2,0
DR1,CARHSP1,0
CBX4,GALK1,0
NFX1,ISYNA1,0
HMGA1,PKNOX2,0
EED,MAP3K1,0
TBX3,MAZ,0
SIRT2,HIST1H2BL,0
TLE1,CUX2,0
JMJD1C,SEC31A,0
RUVBL1,NUSAP1,0
ZFP36L1,DCP1A,0
TADA3,CSRP2,0
TCF7,SOX2,0
GTF2H4,ID2,0
SATB1,SLC16A6,0
SOX15,CNOT2,0
FOXO1,PDIA4,0
ZFP275,ZFP367,0
HNRNPD,ZFP600,0
E2F6,ARID1A,0
E2F6,HIRIP3,0
HMGA2,TOX4,0
ANKRD49,ESPL1,0
TWIST1,HIST1H1A,0
SMARCA2,CSRP2,0
ELL3,SALL4,0
NUPR1,PRDM14,0
ZFP446,MME,0
TLE1,RNPEPL1,0
DDIT3,GABPA,0
NFATC1,DMRT1,0
HNRNPD,TRH,0
NOTCH4,PHF12,0
ARID3B,CALM2,0
FHL2,CLIC1,0
ELF1,REST,0
NCOA3,SEC61A1,0
L3MBTL2,RANGRF,0
CNOT6L,TUBB4B,0
CTNNBIP1,ZFP600,0
MCM2,SOX4,0
ZEB2,ITPK1,0
MYC,CBX7,0
NR1D1,TRIM32,0
MYBL2,COTL1,0
TAF6,SATB1,0
PHB2,NXF7,0
NFIB,ATF3,0
TAF6,TRIP6,0
SMARCC2,DDX21,0
ZFP275,PLA2G1B,0
ZFP275,EWSR1,0
HDAC1,SIDT2,0
RNF14,ZEB2,0
NFKBIA,NCOA6,0
TRPS1,ZBTB32,0
OTX2,NDN,0
RBBP4,SOX17,0
POU5F1,PRDX4,0
ZEB1,TCERG1,0
MCM4,TEX264,0
SIRT2,PRDM1,0
HEXIM1,GLI2,0
YBX1,FRRS1,0
ZMYND11,ASH2L,0
JMJD1C,ZFP91,0
NFYB,DKK1,0
EP400,CYBA,0
ZFP462,TMEM9,0
ILF3,CENPB,0
ZFP423,ARPC1B,0
STAT5B,HABP2,0
SREBF1,FAM25C,0
PML,UCHL1,0
NPAS2,SOX2,0
FOXQ1,ILF3,0
NR2F6,LAMA5,0
PIAS1,ICAM1,0
NR0B1,SNORA3,0
DR1,MEF2D,0
CNOT7,FGFR4,0
EP300,CTSD,0
DDX5,HMGA2,0
HDGF,EGR1,0
PLAG1,NDN,0
EOMES,ADAM19,0
GTF2A1L,EPAS1,0
ZFP275,MOV10,0
JDP2,RBBP4,0
CUX1,NXF7,0
NFX1,MYL6,0
DTX1,REST,0
REST,HDLBP,0
ATF4,KRT17,0
SKIL,MT2,0
PELP1,HERPUD1,0
POLR3F,SNAI1,0
CNOT6,TMED2,0
NFKB2,IRF4,0
ARID3B,TEAD1,0
KLF2,EP400,0
SALL1,KLF3,0
POLR2I,NANOG,0
GBX2,ATP1B1,0
PREB,APOE,0
TEAD1,AARS,0
ATF6,L1TD1,0
ZMYM2,SPOCK1,0
BTF3,ITPK1,0
NANOG,PBX4,0
ELP2,ZSWIM4,0
ZBTB43,HK2,0
HMGB2,DDX5,0
TOPORS,CBX4,0
ORC2,NRG1,0
GBX2,TAF9,0
DEK,PDIA6,0
ZFP275,ICAM1,0
GLIS2,GNAS,0
CNOT6L,RCN3,0
PITX2,USP28,0
GTF3C1,TOP2A,0
PRDM5,RYBP,0
CREB5,NONO,0
IKBKB,IRF6,0
HNRNPD,NR2C1,0
MSC,BTF3,0
NPAS2,NONO,0
TRP53BP1,NSD1,0
BCL3,GFPT1,0
SFPQ,BCL3,0
POU5F1,HNF1B,0
KDM5B,CUX2,0
POLR2H,ZBTB24,0
MAFK,MYO1C,0
ZFP219,EP300,0
JUND,CSRP1,0
BMP6,GABBR1,0
LMO4,PLA2G1B,0
SNAI1,RIF1,0
PREB,CCNB1,0
NUPR1,GNPTAB,0
FIZ1,SMURF1,0
HSF2BP,ARNT2,0
TFE3,MTHFD2,0
TGIF1,PITX1,0
HDAC11,LRRK1,0
PCBD1,TTF2,0
TEAD4,RFXAP,0
RAD54B,ARFGAP1,0
DR1,FDPS,0
IRF3,CNOT6,0
FOXA2,NPAS2,0
TCEA1,SEC24D,0
ESRRB,EDA2R,0
CTBP1,RNF14,0
UBP1,ZFP36L1,0
YAF2,KLF13,0
PRRX2,MED21,0
ELL3,SIX5,0
ILF3,BCAT1,0
PIAS3,SRSF6,0
BRD7,CARHSP1,0
ZFPM1,SLC25A22,0
CUX1,ADAM19,0
DNMT3A,QDPR,0
EGR1,MIR669A-1,0
CNOT6,NFYB,0
DNMT3A,LMF2,0
E2F6,ING3,0
SOS2,MED31,0
KAT2B,PLAT,0
CTNNBL1,GNS,0
ZFP446,FAM25C,0
NR2C1,LHX2,0
HDAC10,HIP1,0
DAB2,SHROOM3,0
SCMH1,SFMBT2,0
HMGB2,NXF7,0
KLF10,TCEA1,0
SALL1,EMX2,0
MYBBP1A,ELF1,0
HES6,FOXO3,0
NCOA6,RHPN1,0
HNF4A,MCM2,0
ZDHHC15,HNF1B,0
BMI1,CBX6,0
ZBTB7A,LOXL2,0
LHX2,NAA15,0
RBMX,MAZ,0
NFKBIA,SIX1,0
OVOL1,PARVB,0
DAB2,COL4A1,0
DEK,POLR2I,0
HOPX,ASNS,0
SOX4,PDGFRA,0
ETV6,CREB5,0
RYBP,CDIPT,0
PARP1,GTF2H3,0
HEY2,LAMB1,0
UBP1,SNHG3,0
NR2F6,HABP2,0
SP1,MYO5B,0
POLR2H,RNPEP,0
TRIB3,EFEMP2,0
FHL2,PCBD1,0
PML,NFIC,0
TADA3,DKK1,0
TRIB3,COL27A1,0
PURA,ODC1,0
FUBP3,PSIP1,0
TCF12,RCN3,0
GLIS2,WWTR1,0
TLE1,TXNDC12,0
ESRRA,KLF2,0
CHD7,RNF19A,0
ZBTB43,ELL2,0
CNOT3,ANXA5,0
SRSF3,PLEKHA7,0
RFX5,NEDD4,0
DNMT3A,PIAS3,0
ILF3,HIST1H2AG,0
WWTR1,CTDSPL,0
MCM6,ID2,0
GTF2I,POLR2A,0
THRAP3,GJB3,0
SATB2,EP400,0
HOXD13,OTX2,0
CBX4,SLC6A6,0
MLLT1,CDKN1A,0
HDAC11,CKB,0
HES1,NKRF,0
HSF2BP,APOBEC3,0
THRAP3,EHD1,0
TADA3,LGALS3,0
TFEB,SLC7A5,0
SMAD4,ETV4,0
TGIF1,FBLIM1,0
PMS1,SAP30,0
BRWD1,MCM10,0
ESRRA,HOPX,0
DDB1,LOXL2,0
FOXQ1,COPS2,0
IRF2,PIK3AP1,0
SOX2,ARNTL,0
RELA,SNORA44,0
BRPF1,UCHL1,0
ATF2,HIST1H2BL,0
NR0B1,NAA15,0
TRP53BP1,LGALS3,0
ZBTB3,MIR295,0
KLF4,FOXO1,0
HDGF,SNAPC3,0
PARP1,RNF14,0
SIRT3,ACP6,0
TGFB1,NR5A2,0
NOTCH4,NUP210,0
GLI1,SND1,0
BAZ1A,FAM129B,0
ZBTB7A,REV1,0
TCERG1,MEF2C,0
MTF2,SMARCA4,0
PA2G4,SND1,0
ETS1,SNHG12,0
HEY2,PDCD6IP,0
MSC,PITPNC1,0
MCM6,ALPL,0
HDGF,RAD54B,0
TTF2,NDN,0
ZSWIM4,APOE,0
ING1,DENND2C,0
PITX2,EIF4EBP1,0
CNOT2,NRG2,0
HDAC5,LMF2,0
SOX7,MYBBP1A,0
JUND,TRP53BP1,0
BRCA1,HSPG2,0
ATF2,FIZ1,0
AES,DDX20,0
POLR3F,CHD7,0
ZSWIM4,CTNNAL1,0
TFAP4,PCOLCE2,0
HIST1H2BB,SNORA81,0
SMURF2,SENP3,0
ZFP423,HABP2,0
MCM3,GLS,0
CREBZF,RBM38,0
RUNX3,HIST1H2AI,0
GTF2I,HDAC11,0
ETV6,PSME2,0
ILF2,ELL2,0
ZFP462,ASNS,0
CREB3,HIST1H2AK,0
ZBTB43,CSRP2,0
FOXJ3,LAMA5,0
PA2G4,HEY2,0
ATF4,FXYD3,0
HDAC11,GGA2,0
POLR3B,ZBTB32,0
TRIM25,RNPEP,0
HEXIM1,BTF3,0
TCERG1,APP,0
NOTCH2,TMF1,0
ANKRD49,CNOT8,0
TBX3,RRM2,0
TFE3,SLC25A5,0
ZIC3,LGALS3,0
POU2F1,BEX4,0
FUS,POU4F1,0
NR3C1,SND1,0
IRF6,MED4,0
NR1D2,MED21,0
DNAJC2,GJA1,0
TAF10,KPNA2,0
SALL1,EED,0
SOX2,P4HA1,0
SIN3B,SMARCA2,0
USF1,TNS1,0
NANOG,TFEB,0
CNOT6,TCEA1,0
EBF1,TINAGL1,0
RAD51,ZFP462,0
LHX2,OAT,0
DDIT3,AIRE,0
NFX1,ABTB1,0
BTF3,MXD4,0
TFAP2C,VCAN,0
ATM,ZFP710,0
AGAP3,RBMXL2,0
SAP30,PRDX4,0
POU6F1,ZFHX3,0
NAA15,CRIP2,0
SMARCC1,ZBTB38,0
GLI1,CDKN1A,0
ESPL1,ERCC8,0
TOX3,POLR2E,0
BTG2,DDX54,0
OVOL1,TCEA3,0
TFCP2L1,PLAGL2,0
DNAJC2,TFAP4,0
TRPS1,E2F4,0
IRF1,CRAMP1L,0
ANKRD49,SNHG3,0
SIRT3,PCOLCE,0
GBX2,IGF2,0
PLAGL2,NXF7,0
TFAP4,QDPR,0
GTF2H3,RNPEPL1,0
DCP1A,LRRC1,0
SND1,SNORD35A,0
FUBP3,SUN1,0
TCERG1,GJB3,0
ARNTL,HDAC1,0
ATM,PCBD1,0
ASH1L,HIST1H1B,0
ZFP42,MEIS3,0
RUNX3,SNORA74A,0
NR0B1,CRABP2,0
IRF6,NFATC4,0
NOTCH1,DDB2,0
ETS1,PML,0
BRCA1,PFAS,0
RUVBL2,NFIL3,0
TEAD3,GGTA1,0
ELK4,HK2,0
NFIL3,ARNTL,0
NONO,HSPH1,0
TCF7,CBX8,0
PBX4,NR2F2,0
HEY2,SPP1,0
HNF4A,SEC31A,0
TCF7L2,BCAS3,0
ILF2,ZSWIM4,0
NFATC4,TSHZ3,0
CNOT7,ZBTB38,0
PCBP2,APOE,0
MEN1,SLC25A22,0
CHD5,BCAS3,0
MED12,INTS12,0
ABTB1,VEGFA,0
MCM2,MFSD1,0
AATF,CIC,0
SOX17,RAB3IL1,0
ARID1A,ZFP462,0
FOXJ2,MAPK8,0
GATA3,HCFC1,0
BRCA1,ADAMTS9,0
RFX5,SLC25A22,0
KLF13,NFATC4,0
TULP3,RFX5,0
ARID1A,MLLT1,0
HNRNPAB,MYCN,0
CNOT6,ACADM,0
NME2,COMMD3,0
UBTF,MAPK3,0
PKNOX2,BARX1,0
PAX1,SLC12A4,0
NR1H2,SLC7A7,0
ASH1L,PLA2G1B,0
RBPJ,COIL,0
BCLAF1,ST5,0
NFATC3,CALD1,0
BARD1,HIST1H1B,0
SATB2,TCEA3,0
NUPR1,PTH1R,0
EED,HDAC7,0
TRP53BP1,SRRT,0
NRF1,PLAG1,0
EP300,ERLIN1,0
SMAD3,PIAS2,0
RLIM,LHX2,0
NDN,IRF1,0
KEAP1,FXYD3,0
NFIB,HIST1H2BN,0
POLR2J,MATR3,0
GTF2I,KLF10,0
TCEA1,TXNDC5,0
MED31,ILK,0
RYBP,FOXA2,0
SIX1,SEMA4C,0
GTF2I,ISYNA1,0
MITF,PLXNB2,0
NRF1,POU5F1,0
DNMT3A,TRIM28,0
TFCP2L1,ZFHX3,0
TOP2B,ASNS,0
SKIL,ESRRB,0
RBBP4,COPS2,0
MAZ,PHC1,0
AATF,GDPD5,0
MAML1,TEAD1,0
MAZ,BMPER,0
ETV6,CCNB2,0
NFKB2,INSIG1,0
SMARCA5,ZFP36L1,0
ARID3B,BRPF1,0
CHD4,SMARCB1,0
COIL,HIST1H2AF,0
SRF,TMEM150A,0
SMAD7,BEND5,0
TFAP2C,HIST1H2AK,0
PAX8,KLF10,0
ZBTB10,YAF2,0
POU2F1,HIP1,0
SIX1,TCN2,0
ARNT2,NFATC3,0
ARID5B,HDAC1,0
PATZ1,ZBTB39,0
MAPK8,POLR3D,0
USF1,SNORA62,0
HIST1H1B,ZMYND11,0
ZFP446,ATP1B1,0
HCFC1,ZSCAN10,0
TAX1BP3,TSG101,0
GLI1,ZFP219,0
MAFK,COIL,0
GATAD2B,SDF2L1,0
CBX7,CTSD,0
EWSR1,EBF1,0
TEAD4,HNRNPAB,0
ZEB1,SIRT2,0
KNTC1,TIMP3,0
PMS1,APEX1,0
APEX1,PEG10,0
POU4F1,SEC61A1,0
ZSCAN10,EIF4EBP1,0
CREB3,PLEKHA7,0
JUN,VEZF1,0
SRSF3,PTPN14,0
BTG2,SNORA33,0
NPAS2,PA2G4,0
ZBTB10,THRAP3,0
CREBZF,UTF1,0
HCFC1,HDLBP,0
CEBPZ,CENPV,0
FOXO1,SHF,0
ELK1,CSRP2,0
TOP2B,SPEN,0
PLRG1,SOX17,0
TCF7L2,TMF1,0
ZBTB43,UBTF,0
ELK4,FNDC3A,0
NCOA3,FN1,0
ING1,PROS1,0
FUBP3,XBP1,0
PITX2,KDM3A,0
ATF3,GGTA1,0
SRF,MYO7A,0
ZFP42,LY75,0
CNOT6,HABP2,0
MAML3,ARHGAP1,0
TCF12,DNMT3A,0
RFX2,ING3,0
ESRRB,PDGFA,0
MAPK8,CCND3,0
SRF,GHR,0
FOXJ3,DAZAP2,0
RNF19A,TCF20,0
HDAC7,RMND5B,0
MSC,IER2,0
HDAC7,CDKN1A,0
MCM6,ANXA5,0
PRDM1,IRF4,0
EPAS1,CBX8,0
NANOG,CBX7,0
PHF14,GNPTAB,0
RNF2,SFMBT2,0
SIN3B,YEATS4,0
ATM,HES6,0
PBX4,BTAF1,0
NFIL3,ZFP335,0
PER1,POLR2H,0
ARNTL,SQSTM1,0
REST,AGAP3,0
SIN3B,TAF6L,0
PIAS2,HDAC7,0
HDAC11,BNC2,0
SIN3B,SNRPN,0
ARID3B,PSIP1,0
TFAP4,POLR2J,0
KLF10,PLXNB2,0
EOMES,ERLIN1,0
XBP1,GNRH1,0
SRSF6,PHB2,0
HDAC11,ELL2,0
ASH2L,BCLAF1,0
ETV4,ASXL1,0
NKRF,CRABP2,0
HDGF,SRSF6,0
E2F2,TTF2,0
DAZAP2,MYC,0
ZBTB24,NRG1,0
CUX1,SNORA81,0
POLR2K,SUSD2,0
MCM2,USF1,0
XRCC5,SMARCA4,0
HDAC5,NONO,0
RBBP4,ATP1B1,0
POU6F1,IFI30,0
SIRT2,NFX1,0
PBX4,HDLBP,0
TBPL1,CNOT8,0
HDAC11,RASGRP2,0
HNRNPD,WDFY1,0
ZFPM1,SNORA33,0
SRSF3,TCF7,0
ZBTB3,SMAD2,0
DMRT1,NCAPD2,0
SOX4,IER2,0
EWSR1,LRRC2,0
CTNNBL1,TCN2,0
NFATC3,TLE1,0
PHB2,MED15,0
KDM5B,PRDM1,0
JDP2,NFIB,0
PRRX2,CLDN6,0
IKBKB,SNHG3,0
GTF2H4,HSPB1,0
HDAC2,CKB,0
GLIS2,ARHGEF5,0
FHL2,CTH,0
HIF3A,TXNDC11,0
BTG1,NASP,0
NFIC,HABP2,0
EZH2,PDIA6,0
NFIC,JARID2,0
ARL6IP5,MAML1,0
CHD4,MIR291B,0
PIAS3,ZFP592,0
NR2F2,MAN1A2,0
SOX2,ITPK1,0
NR2C1,TMEM214,0
TLE1,TMEM150A,0
NFYB,LHX2,0
PMS1,RAD54B,0
JARID2,ZIC3,0
PROX1,CDC5L,0
NR2C1,SP1,0
TOX3,TRIM13,0
FUBP3,PAPOLA,0
ZFP148,CAR4,0
ILF3,PITX2,0
MTA3,APPBP2,0
DNMT1,RAB11A,0
RFX2,PIPOX,0
NR5A2,HES1,0
ATF3,CLIC1,0
NOTCH2,FBLIM1,0
ETV1,SLC16A6,0
KAT2B,RAPGEF3,0
ESRRA,CDC20,0
CHD7,NCOA6,0
ETV1,TBPL1,0
TAF5,PRDM5,0
TGIF1,RBMX,0
SP1,ERF,0
TFAP4,RRBP1,0
MDM2,MYH9,0
PURA,GNRH1,0
SCMH1,UCHL1,0
DNMT1,RDM1,0
ZFPM1,ECD,0
SMAD7,SNX1,0
HSF2,HIST1H2BK,0
POLR1A,NANOG,0
TWIST1,POLR1A,0
NRIP1,FLRT3,0
SRSF3,FRRS1,0
PELP1,SNHG1,0
CNOT6L,LAMC1,0
SALL1,FAM83D,0
DNAJC2,PARVB,0
BARD1,RBBP4,0
NANOG,CBX6,0
TBL1X,PLSCR1,0
JUN,HDAC7,0
SOX15,GRIN1,0
NKRF,ZBTB3,0
NOTCH4,CTBP1,0
CTBP1,GGTA1,0
SMAD2,SMARCA4,0
KLF4,MOV10,0
SMARCC1,CRAMP1L,0
POLR1A,RARA,0
RCOR2,HIST1H3H,0
KLF13,CCND3,0
RERE,CBX6,0
BRCA1,ST3GAL6,0
EP300,SFI1,0
GTF2H4,MEF2C,0
SMURF2,FAM129B,0
SKIL,HDAC4,0
IRF1,JARID2,0
RNF14,JAM2,0
CREB5,IDI1,0
TTF2,KCNG1,0
TAF1,ARID5B,0
FUS,FAM83D,0
MCM7,BMP4,0
ATF6,BAZ1A,0
PREB,PDIA6,0
SMAD3,S100A6,0
FOSL2,SLC26A10,0
COIL,ADAM23,0
PAX6,ZMYND11,0
TRIM25,CALCOCO1,0
ATF4,TMEM231,0
LDB1,HERPUD1,0
BRCA1,ZFP277,0
MED21,PAPOLA,0
RBMXL2,TUBB6,0
NANOG,DDX21,0
MTF2,CHD7,0
ILF2,DKK1,0
PCBP2,TGIF1,0
MED15,PHGDH,0
VEZF1,TCL1,0
EZH1,ZFP281,0
DR1,RFXAP,0
CTNNBL1,MYD88,0
MEF2D,ZFPM1,0
CNOT3,HDAC11,0
PITX2,TCL1,0
TRIM28,TRIP6,0
ZFP148,VEZF1,0
EHMT2,DPPA4,0
RCOR2,APOBEC3,0
HEXIM1,NR1H2,0
BMP6,MOV10,0
ATF6,TCF7L2,0
GATA3,RFXAP,0
CITED1,NFIC,0
SFPQ,LIFR,0
PREB,TRP53BP1,0
JDP2,PML,0
POLR2K,SNORA74A,0
PDCD11,POU5F1,0
POLR2E,CREB3,0
TAF6,STAG3,0
OTX2,ASXL1,0
TCEA1,AATF,0
IRF3,POU2F1,0
PLAG1,UBP1,0
SALL1,NEDD4,0
NRF1,PDCD4,0
PRDM1,AFF1,0
HSF2,ELF4,0
SFPQ,MXD4,0
HOPX,PIK3R1,0
EBF4,KLF8,0
PELP1,SRSF1,0
CTNNB1,CNOT7,0
BRD7,MYBL2,0
KPNA2,ASH2L,0
NCOR1,ELK4,0
APEX1,SOCS2,0
GABPA,COL18A1,0
NSD1,MED4,0
HEXIM1,PAX6,0
HDAC11,ELK1,0
MED12,DPPA4,0
PARP1,SATB1,0
ZSWIM4,EPHA2,0
RUVBL1,AFF1,0
PURA,ETS1,0
ZFP462,NFIB,0
CNOT6L,GJA1,0
PRRX2,KLF8,0
RBL1,DNAJC3,0
EHMT2,TGFBR3,0
PAX6,TXNIP,0
TLE1,APEX1,0
POLR2K,ZFP446,0
SSBP4,SEC23A,0
IRF2,KHDRBS1,0
HDAC2,CNN2,0
RBPJ,FUS,0
ASH1L,SNORA62,0
MEN1,TMEM231,0
SOS2,PIAS3,0
TRIM32,ARFGAP1,0
HDAC1,RAI14,0
CNOT3,ICAM1,0
RUNX3,BMI1,0
EOMES,GABARAP,0
EHMT2,CCNG1,0
HDAC2,NFATC4,0
HES6,HSPA8,0
HOPX,WDFY1,0
MCM5,BCAM,0
ELF3,GNPTAB,0
BTG2,CNOT6,0
HNF1B,ZFP91,0
TIMELESS,DEK,0
MED15,SIN3B,0
CNOT2,YEATS2,0
CENPB,KLB,0
PIAS2,RBBP7,0
TEAD4,SHISA5,0
HTT,IDI1,0
HIF3A,RBM47,0
E2F4,TIMP2,0
HNF4A,DPPA2,0
RELA,CUBN,0
SMAD3,RMND5B,0
EP400,NASP,0
HNRNPAB,SDF2L1,0
MCM2,SMS,0
MED31,TXNDC5,0
CNOT3,USP9X,0
SOX4,CHD4,0
CHD5,WDR45,0
HDAC7,PDIA5,0
GLI1,JAM2,0
LHX2,ZFP446,0
TGIF1,NONO,0
DEK,MEF2A,0
TCEA1,SETD7,0
CREB3L2,UNG,0
TBPL1,TEAD3,0
RBM14,TBL1X,0
ZSCAN10,TEX264,0
SFPQ,VANGL1,0
MCM2,RAPGEF3,0
BMP6,SND1,0
YBX1,PEG3,0
NR4A1,EPAS1,0
KLF3,IRF2,0
CTBP1,TUBB6,0
CTCF,GPX3,0
CREBZF,CSTB,0
MED21,TRPS1,0
HMGB2,MSI2,0
SRRT,TUBB6,0
SIX5,NANOG,0
SRSF1,SP1,0
RCOR2,SNORD17,0
BAZ1A,EHD1,0
DMRT1,DNAJC2,0
NFIB,HKDC1,0
POLR3F,PHC1,0
NR2C1,LAMA1,0
TFCP2L1,UHRF1,0
NR1D1,ATP6V0B,0
TRP53BP1,SRSF6,0
SALL1,MEIS1,0
NR0B1,PML,0
CNOT6L,NR2C1,0
TRIM25,E2F6,0
SOX7,HDAC5,0
PDCD11,POLR1E,0
TCF12,MCM10,0
BRWD1,FOXJ2,0
SMARCA4,AMOT,0
E2F6,LOXL2,0
ATM,SPRY4,0
EWSR1,HIST1H2AG,0
RNF14,RCC2,0
SOX2,TOPORS,0
PDCD11,PITPNC1,0
YEATS4,HIST1H2BL,0
MAPK8,HDGF,0
TOX4,SMARCB1,0
NPAS2,PEG3,0
E2F4,S100A6,0
PML,ST5,0
HCFC1,ST3GAL6,0
CBX6,MAML3,0
ESRRB,NASP,0
HEY2,ELK1,0
CREBZF,COL27A1,0
POLR3B,TRIM24,0
CREB3,HSD17B14,0
NRF1,GLUL,0
PA2G4,SLC1A5,0
KLF3,VKORC1,0
WWTR1,LRRK1,0
PA2G4,CDCA7,0
PITX1,SMARCA4,0
EZH2,NCOR1,0
PA2G4,RBM38,0
COPS2,STAT4,0
HDAC11,ATP13A3,0
UBTF,LRRC2,0
ING1,ANKRD49,0
BRCA2,PIPOX,0
TEAD1,TEX264,0
RBL1,TRP53BP1,0
PROX1,CCNG1,0
CTNNB1,FBXO5,0
HMGXB4,ATF2,0
HCFC1,BTBD11,0
TCF12,POLR2B,0
HIST1H2BB,MYCN,0
TCF7L2,PKNOX2,0
IKBKB,LMO4,0
HES1,PLRG1,0
NR5A2,MIS18BP1,0
FOXA2,TRIB3,0
BCL3,PHB2,0
NFYA,LAMB1,0
TCF4,POLR2B,0
NR1D1,ATF6,0
IRF4,CUX2,0
XBP1,CDIPT,0
PAX6,HSPG2,0
SNAPC3,ACP6,0
GLI1,ST5,0
ELK1,MYO5B,0
SATB2,MLLT1,0
MTA3,CITED2,0
POLR2I,HDAC7,0
NFYA,CSF1,0
POU4F1,NOP56,0
THRAP3,CDIPT,0
IRF3,MCM10,0
KLF3,PIAS2,0
PARP1,CCNB1,0
TOP2B,SLC12A4,0
DMRT1,ZFP281,0
CHD4,MCM5,0
MYBBP1A,HERPUD1,0
ARID5B,ADAMTS9,0
ARNT2,PELP1,0
FOXJ2,TUBB2B,0
PITX1,LRRC8D,0
GLIS2,ARNTL,0
TBPL1,ZEB2,0
MIS18BP1,TCF15,0
TRIM28,TPX2,0
IKBKB,ATP6V0B,0
ZSWIM4,FHOD1,0
XAB2,CALR,0
GTF2A1L,PLAG1,0
KEAP1,ORC2,0
APEX1,ITGA9,0
GATA4,SMARCC1,0
DDX20,GABARAP,0
PHF12,CITED1,0
TFE3,GHR,0
ATM,INTS12,0
NRF1,ESRRB,0
RARA,ATF3,0
CREB3,GLIS2,0
SALL1,TMED2,0
ETV6,PDIA4,0
ID3,EYA1,0
TEAD3,TTF2,0
YAF2,AARS,0
LDB1,TWIST1,0
TADA3,POLR2A,0
DAXX,SNORD11,0
NFATC3,POU5F1,0
ABTB1,LASP1,0
SIN3B,RBM38,0
DCP1A,PHC1,0
PIAS1,SLC6A8,0
HDAC11,GFPT1,0
PRDM5,ATF6,0
KLF15,BMPER,0
SSB,TFE3,0
TAX1BP3,DDB2,0
CTCF,MDK,0
PBX4,TSPAN4,0
TCERG1,TWIST1,0
NR3C1,CDC42SE2,0
TEAD4,ARHGAP32,0
IRF4,ZBTB38,0
RBBP7,ASPH,0
RBM14,PARP1,0
FUS,KIT,0
HNF4A,SKIL,0
PIAS1,NUSAP1,0
CBX8,PURA,0
JARID2,TAGLN2,0
IRF3,SETX,0
BTF3,SOX7,0
SAP30,GNRH1,0
ZFP219,GCLM,0
HES1,POU6F1,0
IRF6,SMARCD1,0
POLR2E,ECT2,0
NFIC,FIZ1,0
CIC,ST5,0
NFIB,FABP3,0
MYBL2,CITED2,0
POLR1A,LY6G6E,0
BRCA1,NOTCH4,0
ILF3,TYRO3,0
SIN3B,LY75,0
ELK1,MIR1905,0
RBBP7,AI506816,0
ABTB1,TFRC,0
XBP1,DMRT1,0
RBMX,ING1,0
NOTCH4,GRB10,0
SMARCC2,HSP90AA1,0
SMAD3,CBX6,0
SNAPC3,SRI,0
TCF12,RBPJ,0
CBX6,NFATC1,0
BRWD1,EBF1,0
TRIB3,APOBEC3,0
EZH2,GCNT1,0
FUBP3,JARID2,0
MEIS1,FUS,0
THRAP3,SNORD83B,0
PIAS2,ESRRA,0
MEIS1,TAX1BP3,0
MEIS1,GATA6,0
NPAS2,TET2,0
ZDHHC15,NCOA6,0
KLF2,SNORD49B,0
TRPS1,FDPS,0
RAD54B,STT3A,0
IRF6,MIR1192,0
EOMES,MEF2A,0
PITX2,DENND2C,0
RCOR2,ZFP367,0
ZFP462,NCOR1,0
KLF4,TFAP4,0
NRF1,NFIB,0
E2F6,CYP26A1,0
KLF13,MIR1949,0
POLR2B,KLF4,0
NFE2L2,L3MBTL2,0
SRSF6,SOX7,0
ERCC8,KANK3,0
FOXP1,RFXAP,0
NR2C1,HIST1H2BF,0
TCF12,ARNTL,0
EHMT2,STAT4,0
SMARCAD1,CSRP1,0
MAML3,GCLM,0
PRDM5,TDGF1,0
ILF2,CD9,0
PSIP1,ASNS,0
NDN,ECT2,0
XRCC6,UPP1,0
TADA3,HERPUD1,0
HDAC10,TBL1X,0
MCM6,CDIPT,0
ZFP36L1,CITED2,0
PRDM5,SMARCA4,0
EED,ZEB2,0
ATF2,MYC,0
NOTCH1,SNORA74A,0
TCF4,ZFP148,0
ELL3,MYO6,0
SMAD3,TIMP2,0
NKRF,ZFP219,0
CHD7,PAWR,0
NFIL3,ILF3,0
GATAD2B,SNX2,0
ANKRD49,SOX15,0
TIMELESS,CDH1,0
KNTC1,ATP13A3,0
POU4F1,NOTUM,0
SIRT1,TSPAN9,0
NCOA3,2810025M15RIK,0
TRIM24,EBF1,0
SMARCD1,MIR466F-2,0
CUX1,EPAS1,0
EGR1,ERCC8,0
ZFP36L1,FST,0
CHD5,LRRC2,0
SP1,PLXNB2,0
HOXD13,RNF14,0
XAB2,NFKBIA,0
MED4,BCL3,0
SUZ12,NFATC4,0
POLR2H,FGF10,0
ERCC3,TRIM2,0
USF1,LOXL2,0
VEZF1,GALK1,0
EHMT2,PAPOLA,0
EGR1,OBSL1,0
ZEB2,GABARAPL2,0
L3MBTL2,SERPINH1,0
SNAPC3,ATP1B1,0
TBPL1,RRBP1,0
ARNT2,SND1,0
TOP2B,APP,0
PA2G4,SNRPN,0
ILF2,FZR1,0
CNOT3,UBP1,0
SRRT,MAPK13,0
HDAC5,NR1D2,0
POLR3B,SNORD35B,0
TCF4,MLLT1,0
TFAP2C,ZFP36L1,0
SMURF2,SND1,0
HOXD13,FZR1,0
PAWR,WDFY1,0
GABPA,CCNG1,0
NFATC1,LDHB,0
AIRE,KDELR3,0
NUPR1,ZMYND11,0
GTF3C1,TUBB4B,0
NFIL3,COTL1,0
APBB1,FAM102A,0
SIRT1,MSI2,0
ARID3B,FHL2,0
SMARCA4,ASS1,0
ZMYM2,ARNTL,0
YEATS2,NUPR1,0
SKIL,CRABP2,0
SMARCA4,ZMYND11,0
POU4F2,SOX15,0
NPAS2,CREB5,0
LMO4,GJB3,0
JARID2,GGTA1,0
PITX2,ZFP91,0
HMGB2,SEMA4C,0
PIAS2,RCOR2,0
DDIT3,PITX2,0
ETV6,ANKS1,0
SMARCB1,POLR3B,0
ATF3,NUP93,0
ZBTB10,POLR3D,0
BTG2,SCMH1,0
NFIC,MYO7A,0
RAD54B,MEIS1,0
ELF1,NIPSNAP1,0
SMAD7,TGFBR3,0
DDIT3,SNORA62,0
AGAP3,CLTC,0
SIRT1,FZR1,0
SMARCAD1,HMGA1,0
PER1,TET1,0
RCOR2,AIRE,0
SPEN,MAPK11,0
ATF6,RERE,0
MSC,ARID5B,0
GTF2H4,CTSD,0
ZFP219,TBRG1,0
POLR2E,PLEKHA7,0
BMP6,SNORD33,0
RNF2,CNOT7,0
TCF4,UTF1,0
POLR2B,CD9,0
DDX5,FXR2,0
CTBP1,TRH,0
ASH1L,SLC7A3,0
BAZ1A,PHF2,0
NFKB2,TRIP6,0
RBBP7,PHB2,0
XAB2,GFPT2,0
COIL,ENAH,0
ETV6,POLR1C,0
TAF10,EBF1,0
DTX1,CDC5L,0
SCMH1,HNRNPD,0
NR2F6,TTF2,0
TRP53BP1,PCBP2,0
LDB1,NR1D2,0
EZH1,PELP1,0
GATA6,MAN1A,0
HMGB2,ZSCAN10,0
HEXIM1,STX5A,0
ZFP219,TCERG1,0
SSBP4,SNORA17,0
DMRT1,ADAM23,0
SRSF3,LMO4,0
TAF9,SATB2,0
KDM5B,CSRP2,0
PA2G4,REV1,0
TAF1,GLIS2,0
ZBTB24,HES1,0
SAP30,CALU,0
NDN,LAMC1,0
RARA,RFX7,0
CBX7,PDIA5,0
RAD51,GABARAPL1,0
EGR1,ING3,0
PLRG1,GJA1,0
MITF,HIST1H1A,0
POLR3B,CCND3,0
ELL3,INSIG1,0
ID2,FIZ1,0
DCP1A,TGFBR3,0
ZBTB24,LRRC1,0
SMAD2,PHF20,0
SND1,UCHL1,0
ID2,FOXD3,0
JDP2,ZFP219,0
SRSF1,DIDO1,0
FOXD3,MEF2D,0
SIRT1,AQP3,0
GATA4,EFEMP2,0
BTG2,TEAD3,0
SP8,LAMA5,0
SMARCAD1,PLAT,0
PBX4,NAGK,0
SMARCA4,CEBPZ,0
MAML3,ZFP600,0
ZBTB3,CRIP2,0
TOPORS,DNAJC2,0
POLR3B,ATF4,0
CRY1,HIST1H2AG,0
ELL3,SLC7A6,0
MATR3,ID2,0
POLR2H,ID4,0
MCM5,RBMS1,0
POLR2A,ACP6,0
NFIL3,CDC5L,0
MAPK3,RASGRP2,0
FOXP1,TWIST1,0
ZFP275,MPZL2,0
EZH1,PDIA3,0
TNFAIP3,HDAC5,0
GLIS2,SPOCK1,0
TGIF1,DUSP3,0
SMARCC2,CALCOCO2,0
CREB5,SRSF3,0
NR0B1,MEG3,0
HNRNPD,FUBP3,0
EOMES,PLXNB2,0
ATF2,ATF4,0
ZSWIM4,HMGB2,0
HIF3A,HNF4A,0
MED31,IFI30,0
EP400,SNORD35A,0
SALL4,GLUL,0
HES6,PHF14,0
ZFP275,HIST1H2BK,0
NPAS2,NCAPD2,0
ETS1,COPS2,0
GTF2A1L,SIN3A,0
SATB2,TMEM214,0
NFYA,BEX4,0
BRCA2,H1F0,0
TULP3,VKORC1,0
ARNTL,HOPX,0
COIL,BMPER,0
HNF1B,NR1H2,0
SMAD2,NIPSNAP1,0
PHF2,PSIP1,0
MSC,STAT5B,0
HMGXB4,TPX2,0
TFAP2C,KAT2B,0
ZIC3,PLAT,0
ZDHHC15,EED,0
FOXJ3,ZFP281,0
MEF2A,MIR669A-1,0
HIST1H1B,MYCN,0
RERE,SLC25A22,0
LMO4,DCTPP1,0
PHF14,IGF2,0
YBX1,HMGA2,0
SIX1,SPRY4,0
TSG101,ABCC5,0
ZFP446,SAP30,0
TEAD3,TAX1BP3,0
MCM2,CCND2,0
ETV1,SOS2,0
RYBP,KRT18,0
ZFHX3,PSIP1,0
POLR1C,NR2C1,0
NR2C1,ZFP398,0
CTNNBIP1,SUSD2,0
KLF2,RIF1,0
SRSF1,MAP3K1,0
NR1D2,AES,0
RAI14,PROS1,0
BTG1,TCF20,0
HIST1H2BB,BTG2,0
PMS1,MAFK,0
HDAC7,POLR2I,0
POLR1C,GFPT1,0
SMARCAD1,PIAS1,0
MAML1,EPHA2,0
NOTCH4,DAB2,0
TRRAP,ZSCAN10,0
NFATC1,SOX7,0
SPEN,NR4A1,0
CENPB,ATF2,0
KHDRBS1,EHD1,0
RNF2,ELL2,0
POLR2B,ZC3H7A,0
HDGF,ZEB2,0
CNOT7,SNORA17,0
TAF9,ADAM23,0
MAPK3,MYBL2,0
TFCP2L1,PDIA3,0
KLF10,SMARCA2,0
SRSF1,RFFL,0
SUZ12,MXD4,0
RFX5,SMARCA5,0
ELF4,TFAP2C,0
COIL,MIR466F-2,0
USF1,EED,0
SRRT,RFX2,0
GATAD2B,STT3A,0
BMI1,ING1,0
NR1D1,AES,0
DDB1,TET1,0
RFXAP,EPAS1,0
SRF,SNX2,0
MEIS3,LEFTY1,0
HMGA1,ARFGAP1,0
DDIT3,ELK1,0
YBX1,TCEA1,0
DEK,TSPAN4,0
HIF1A,SAT1,0
SIX5,HIP1,0
ATF6,FXR2,0
NRF1,KCNG1,0
ZBTB3,HNF1B,0
TGIF1,RBM38,0
CNOT8,PPIB,0
NFYA,FIZ1,0
TGFB1I1,ASH2L,0
ZEB1,COIL,0
SMARCAD1,NAGK,0
HCFC1,ADAM15,0
TBPL1,CYP26A1,0
AES,TCF20,0
SPEN,TFRC,0
ZBTB7A,HEXIM1,0
NR3C1,PITPNC1,0
ELK4,TRIM32,0
ERCC8,PMM1,0
RBL1,ZFP423,0
NOTCH1,NUSAP1,0
ZDHHC15,FN1,0
HNRNPD,ETV6,0
HDAC10,GTF3C1,0
GATA6,RNF2,0
ZFP462,SNORA17,0
TEAD3,ASXL1,0
FOSL2,MDK,0
NR2F2,PDK1,0
HMGB2,DDX58,0
NCOR1,FIZ1,0
TRRAP,CLTC,0
PIAS1,BRCA1,0
NR4A1,PLA2G1B,0
DNMT3A,CCND2,0
HIF1A,SHF,0
IRF6,GRHL1,0
SCMH1,ATF3,0
TCEA1,PGD,0
ZFP423,NR2F6,0
GABPA,CDC5L,0
CBX8,GBX2,0
PML,HEY2,0
TAF6,DKK1,0
RARA,TBPL1,0
TRIP6,CRIP2,0
RLIM,TMED9,0
AIRE,PHF14,0
HEXIM1,RBM14,0
NONO,PRDM5,0
E2F6,PFAS,0
FHL2,STX5A,0
GTF2I,KLF4,0
ARID1A,JUND,0
POU4F1,LAMC1,0
GTF2I,COMMD3,0
PELP1,MFSD1,0
NUPR1,BIN1,0
TFAP4,POLE4,0
PDCD11,TCF20,0
RAD51,ITPK1,0
TAF5,TSG101,0
ELK1,VIM,0
BMI1,SNHG1,0
CNOT3,STAT5A,0
KHDRBS1,CNOT6L,0
MAZ,IKBKB,0
POLR1C,TOX3,0
ARL6IP5,RUNX1,0
PDCD11,AKR1B3,0
KLF2,ERCC3,0
MSC,CDH6,0
RB1,LDLRAP1,0
PHF1,BNIP3,0
TSG101,PITX1,0
RAD54B,BMP6,0
E2F1,MAPK11,0
KAT2B,ANXA5,0
ZBTB3,PKNOX2,0
PML,NFYB,0
FUS,DPP4,0
RNF2,KLF13,0
NR2C1,DAZAP2,0
NRF1,NFATC1,0
NR4A1,GTF3C1,0
NFE2L2,ANKRD6,0
YEATS2,LRRC2,0
PSIP1,MXD4,0
E2F2,TPM4,0
DAXX,RCOR2,0
BTF3,GJA1,0
SIRT2,MSI2,0
DIDO1,ATF1,0
ARNT2,GBX2,0
APEX1,TPM1,0
SMARCA2,CDC5L,0
NR3C1,MYBL2,0
MED21,BRWD1,0
ZEB1,NDN,0
GABPA,FGF10,0
TOX4,RB1,0
CTBP1,AATF,0
DIDO1,SOX7,0
STAT5A,ZHX3,0
DAXX,SPEN,0
NR0B1,CEBPZ,0
MEIS1,EPS8,0
GTF2H3,PHF2,0
TULP3,CITED1,0
ID4,ELOVL6,0
MTF2,KLF4,0
CEBPZ,NRG2,0
POLR1E,DUSP3,0
EPAS1,KIT,0
ARID1A,ZFPM1,0
STAT5A,LRRC2,0
CBX6,COMMD3,0
COPS2,FAM102A,0
GRHL1,MAP3K1,0
TRP53BP1,TAF9,0
ORC2,STAT5A,0
TSG101,SDC4,0
THRAP3,MCM7,0
EZH2,KLF13,0
L3MBTL2,2200002D01RIK,0
CNOT7,BMP4,0
KLF15,SERBP1,0
SRSF1,WDR45,0
NFIL3,KNTC1,0
ZFP335,TFE3,0
PIAS2,E2F2,0
MEF2C,STX5A,0
MLXIPL,STXBP2,0
ZIC3,HIST1H1A,0
ESRRB,GJA1,0
BRCA1,PDK1,0
SOX4,POLE4,0
MED12,HIST1H2BK,0
DNMT3A,KLB,0
POLR2H,SLC9A6,0
KLF13,FGFR3,0
HNF1B,NFATC4,0
GRHL1,CBX8,0
MYC,CHCHD10,0
GATA4,ADAM19,0
VEZF1,HMGB2,0
NOTCH2,FST,0
HDAC7,KDM5B,0
BCLAF1,TBRG1,0
CHD7,ATF7,0
CNOT8,MIR1192,0
YEATS4,SLC12A4,0
MSX2,ID3,0
MED15,NDRG1,0
TCEA1,IFI30,0
PCBP2,HSP90B1,0
POLR1C,SMARCC2,0
TGIF1,XBP1,0
DCP1A,HIF1A,0
TTF2,ABTB1,0
ZSWIM4,ATG16L2,0
CITED2,DENND2C,0
ELF3,HDGF,0
RUVBL1,SNORA26,0
BRWD1,SLC9A6,0
BRCA2,B2M,0
NR2F6,CIC,0
KAT2B,XRCC6,0
PRRX2,FOXJ2,0
SMARCC1,DCTPP1,0
XRCC6,SET,0
ZEB2,ATF4,0
ARID1A,SNORA44,0
NME2,PCBD1,0
CBX7,REV1,0
CENPB,CTNNBL1,0
CNOT3,CTNNB1,0
HES6,FKBP11,0
TTF2,HSP90B1,0
RFX5,NUPR1,0
HDAC7,PARP1,0
POLR2E,PHB2,0
HCFC1,PDGFRA,0
ID2,ADAM19,0
KEAP1,ARID5B,0
SIRT1,GORASP2,0
AATF,ANKRD54,0
TAF5,EYA1,0
XRCC6,ID3,0
NRIP1,L1TD1,0
TRIM28,NFIC,0
CNOT6L,EFEMP2,0
TFEB,PLEKHA7,0
TCF7,2200002D01RIK,0
PML,ARNT2,0
HTT,YAF2,0
TFCP2L1,IFITM2,0
SIRT2,AATF,0
NME2,RHPN1,0
HIST1H1B,GGA2,0
CHD7,HSPA5,0
FUBP3,D230025D16RIK,0
TFE3,POLR2I,0
ZFP236,PLOD1,0
CREB5,VEZF1,0
PHF1,MYH9,0
NR2F2,REV1,0
CUX1,PRDX1,0
ETV1,FGFR4,0
THRAP3,TRIM2,0
POU5F1,HES1,0
ESPL1,NPAS2,0
CNOT6L,NUPR1,0
SMAD2,HEY2,0
DAXX,RDM1,0
MYCN,RFXAP,0
RBMX,CHD5,0
TOP2B,ETV6,0
RCOR2,GRIN1,0
POLR1B,RAD54B,0
TRRAP,PBXIP1,0
GBX2,POLR2K,0
DDB2,MSX2,0
POLR1C,SPEN,0
FUBP3,PCBD1,0
GATA3,FGF4,0
ORC2,CALCOCO1,0
HIF3A,TSPAN9,0
POLR2A,E2F4,0
FOSL2,CLDN6,0
DR1,NIPSNAP1,0
ELK1,TCERG1,0
TRIM25,KRT17,0
ZFP335,CLTC,0
CREB5,CAR2,0
MAPK3,TUBB2B,0
ETV1,POU4F1,0
DDB2,POLR1B,0
TCF7,KCNG1,0
DNMT3A,CDC5L,0
ZFP148,MED4,0
RELA,FXR2,0
ANKRD49,MPZL2,0
SATB2,LDLRAP1,0
SMAD2,MAPK11,0
HNF1B,WDFY1,0
MITF,CREB3,0
TWIST1,PDIA6,0
TADA3,RB1,0
HDAC7,MYO6,0
ELF1,GGTA1,0
DDX5,SKIL,0
ZMYND11,TET2,0
TAF1,RNF6,0
NKRF,FUBP3,0
PHF14,FGFR3,0
KLF15,ARPC1B,0
ZSWIM4,TFAP2C,0
ATF1,PHLDA3,0
NFE2L2,GATA6,0
SMARCA4,SLC25A22,0
POLR2B,QDPR,0
POU2F1,TCL1,0
ZFHX3,POLR2K,0
ZSWIM4,RBBP4,0
HDAC1,ZFP42,0
TRIP6,TCF7,0
MEIS1,SERPINE2,0
TGFB1,APPBP2,0
ETV4,SNORA3,0
HIST1H1B,AQP3,0
AES,SP1,0
RARG,SLC16A1,0
HDAC11,JAM2,0
GATA4,PFAS,0
MAML3,PFKP,0
TAF9,SNRPN,0
TBPL1,RUVBL2,0
ZBTB3,RUVBL2,0
JDP2,IDI1,0
CNOT2,PHLDA3,0
TRP53,VANGL1,0
PLAGL2,MCM4,0
DNMT3A,LIPG,0
CREB3,DKK1,0
PCBP2,GLIPR1,0
ATF2,SMAD4,0
CBX8,IRF6,0
NCOA6,CNOT8,0
POLR2K,DDB2,0
ARID5B,SMARCC1,0
POLR3D,MIR291B,0
MITF,BARX1,0
PA2G4,SOX2,0
SFPQ,MCM7,0
HDGF,ELF3,0
ING3,RNF6,0
SATB2,CNOT7,0
CBX6,AKAP12,0
SMARCA5,HIF3A,0
TBL1X,SHROOM3,0
POLR3D,HIST1H2BF,0
MAZ,SEC23A,0
E2F1,COL18A1,0
EGR1,SEPT1,0
DDIT3,GLIPR1,0
ATF1,KANK3,0
BTF3,ASPH,0
NANOG,ING1,0
HMGA1,SMARCA4,0
PATZ1,TIMP2,0
HDAC11,HDLBP,0
EBF4,MIR1949,0
HTT,HES6,0
LHX2,PODXL,0
SNAPC3,PHGDH,0
NCOA3,XAB2,0
ERCC8,TRRAP,0
PREB,PRDM1,0
ZMYM2,RPS6KA6,0
NFX1,UBP1,0
BRWD1,CITED2,0
HIST1H2BB,NFKB2,0
POU5F1,NR2F6,0
NCOA3,FHOD1,0
TCOF1,CRY1,0
SKIL,NOTUM,0
STAT5A,2810025M15RIK,0
ZFP446,HDAC3,0
HIST1H1D,BNIP3,0
APBB1,ZFP446,0
STAT4,SRSF1,0
ETV6,HIVEP2,0
SSBP4,ZDHHC15,0
KLF13,ECT2,0
KDM5B,INSIG1,0
ARNT2,ATG16L2,0
RFXAP,ANKRD54,0
CREB3,ITGAV,0
POLR2K,ELK1,0
HES6,PLTP,0
KLF2,ETS1,0
BTG1,SMAD2,0
SIN3B,TUBB2B,0
NR0B1,FRMD4A,0
TLE1,SNORA43,0
E2F6,MCM7,0
NR4A1,DUSP6,0
GATAD2B,COL4A2,0
MSC,POLR2B,0
DAXX,STAT5B,0
NFX1,LAPTM5,0
GLI2,MIR466F-2,0
RCOR2,KLF10,0
XRCC5,MFGE8,0
KAT2B,LDLR,0
ZFP275,SMARCC1,0
FOXH1,KRT19,0
EWSR1,PHB2,0
PCBD1,RERE,0
SOX2,AGAP3,0
HDAC5,DUSP6,0
CEBPZ,ATP6V0E,0
PELP1,GPRC5C,0
PCBD1,EBF1,0
ELP2,CDH1,0
RBPJ,GNAS,0
NME2,TWIST1,0
TRIM32,RASGRP2,0
PIAS3,ZIC3,0
SRSF6,CNN2,0
MCM6,PURA,0
FOXO3,LASP1,0
BTG1,TFE3,0
MTA3,MAPKAPK2,0
TCEA1,RB1,0
KAT2B,HIST1H4K,0
BRWD1,CUX2,0
GTF2A1L,UBE2S,0
SIRT1,CYBA,0
SSB,PHF12,0
TRIM24,CTH,0
YBX1,GNPTAB,0
HIST1H2BB,PELP1,0
NR1H2,RFXAP,0
DAB2,ALPL,0
RUVBL1,GALK1,0
ING1,SPC25,0
TBL1X,POLR1B,0
ZFP446,FGF10,0
YEATS2,BTG2,0
CRABP2,SNAPC3,0
CREBZF,SNORD35A,0
TCERG1,RUNX3,0
PITX2,TBRG1,0
ZFP462,ITGAV,0
TRIM24,SOX7,0
MED21,EPS8,0
ZFHX3,SMURF1,0
RYBP,TXNDC5,0
UBP1,PROX1,0
NFIB,CHN2,0
HCFC1,BMP6,0
TRPS1,COL4A2,0
HIST1H2BB,GABBR1,0
ING3,ITGA6,0
SFPQ,PARP1,0
POU5F1,TEX264,0
SOX7,MFGE8,0
KLF10,DENND2C,0
NFYA,EYA1,0
PML,DNMT1,0
DNMT1,MAN1A2,0
CBX7,CYBA,0
JMJD1C,FDPS,0
TRIM25,PIAS2,0
PHF2,BMP6,0
ILF2,KRT18,0
POLR3D,PRDM14,0
TAF1,ZEB2,0
PLRG1,ARL6IP5,0
ORC2,MEF2D,0
RBMXL2,POU4F1,0
EHMT2,MCM5,0
GRHL1,NPHS1,0
BRWD1,ARHGAP21,0
FUS,RBPMS2,0
MSX2,SRSF6,0
HOPX,COMMD3,0
CREBZF,FXR2,0
POU4F1,TEX264,0
BTF3,CDC5L,0
BMP6,GNRH1,0
HDAC2,DPPA2,0
MIS18BP1,AKR1B3,0
NR1D2,CITED1,0
HNRNPD,IRF1,0
EWSR1,PAWR,0
NCOA3,DNMT3A,0
BACH2,BMP4,0
PITX2,HDAC4,0
XRCC6,ZFP600,0
XRCC5,CALCOCO1,0
SOX15,MYC,0
ETV4,HDLBP,0
NANOG,GGA2,0
CREBZF,RUNX1,0
FOXP1,SERPINB6A,0
NR3C1,SERPINE2,0
TCF7L2,SALL1,0
MTF2,PRDM14,0
NPAS2,SMARCD1,0
STAT5A,NFATC1,0
SATB1,NASP,0
ID4,AES,0
HDAC3,MYO7A,0
MCM4,SERPINH1,0
GTF2H3,MED31,0
TAF1,CRY1,0
SMAD2,TPX2,0
MCM6,RCC2,0
TEAD1,ATG16L2,0
TRP53BP1,CCNE1,0
DDIT3,ZSCAN10,0
ASH1L,ZBTB20,0
FOXP1,RBMX,0
NR0B1,SLC6A8,0
DDX20,SERTAD2,0
CBX7,SRF,0
TCF7L2,GPA33,0
HIF1A,HNRNPD,0
NR0B1,PGD,0
EED,LDLR,0
TOPORS,GPX3,0
ERCC3,CDH6,0
SMAD7,PEG10,0
TCF12,NCOA3,0
RBM14,DUSP9,0
ARL6IP5,TFE3,0
FOXJ2,TBPL1,0
BRCA1,KRT8,0
HSF2BP,RB1,0
HIF1A,RNPEPL1,0
GTF2H4,SMARCA2,0
SKIL,TIMP3,0
CREBZF,TXNDC5,0
POLR2A,SUN1,0
ZFP148,YAF2,0
HNRNPAB,SNORA74A,0
FXR1,CITED1,0
ASH2L,CDC5L,0
YBX1,ARID1A,0
BACH2,SREBF1,0
CREBZF,SIX5,0
STAT4,SNORA62,0
ZFP42,GNPTAB,0
YEATS2,NRG2,0
ID4,GBX2,0
DDIT3,CTCF,0
TCERG1,GOT1,0
NFATC3,CRAMP1L,0
SATB1,APBB1,0
SMAD3,TOX3,0
ETV1,HSP90B1,0
CTNNB1,SNORA3,0
ING1,RFX7,0
ILF3,KEAP1,0
ING3,GFPT1,0
HTT,FBP2,0
ZBTB10,HEXIM1,0
ZMYND11,SUN1,0
KLF2,HIST1H2AG,0
NFE2L2,APLP1,0
SMARCA5,MAPKAPK2,0
HDAC5,TULP3,0
TFE3,DDB1,0
SOX2,BTG2,0
MAPK8,SAT1,0
DDB1,COL18A1,0
POLR2H,BCAS3,0
NFYA,PDCD6IP,0
RERE,SLC7A7,0
TTF2,AKR1B3,0
KAT2B,WDR1,0
CBX8,ITPK1,0
XRCC5,DDAH1,0
RBPJ,PBX4,0
MEF2C,GCNT1,0
EZH2,USP9X,0
E2F4,SMARCB1,0
HDAC4,PREB,0
PCBD1,TDGF1,0
FHL2,HNRNPD,0
PRRX2,PDGFRA,0
NR1H2,HDAC2,0
DAB2,USP9X,0
PRDM5,PDCD11,0
KLF4,ZBTB20,0
TEAD4,SOX17,0
ZBTB10,E2F4,0
RUNX3,MCM6,0
CNOT3,PPP2R5A,0
MLXIPL,SOD1,0
ZEB1,DUSP9,0
WWTR1,ENAH,0
PLRG1,MSI2,0
ZFP275,TSPAN4,0
BCLAF1,VCAN,0
POU4F2,NONO,0
FXR1,KDELR2,0
ATF1,CCND1,0
BTF3,MAPK3,0
MEF2A,GTF3C5,0
ERCC3,PDCD11,0
PHB2,ATG16L2,0
CTCF,ETV4,0
KLF6,FAM102A,0
MED31,ENAH,0
GTF2A1L,ANK,0
WWTR1,PLAT,0
MYCN,CARHSP1,0
ELF3,PLOD1,0
NSD1,ARL6IP5,0
SSBP4,YAF2,0
EMX2,BNIP3,0
NFATC1,ATF5,0
SALL1,CALU,0
MED31,SERPINE2,0
EED,SRM,0
ARID5B,ETV4,0
SMURF2,XRCC5,0
HMGB2,ING3,0
APEX1,GAA,0
NDN,SERPINB6A,0
ATM,PSIP1,0
AATF,HIVEP2,0
ZIC3,RBFOX2,0
TAF6,SCMH1,0
MEF2A,WDFY1,0
PAX6,L3MBTL2,0
SNAI1,AKR1B3,0
TBL1X,MAN1A2,0
NFIL3,CLDN6,0
ZIC3,XRCC5,0
ARNTL,LMF2,0
FHL2,BCAT1,0
TFAP4,SQSTM1,0
LHX2,HNRNPD,0
MATR3,BSG,0
SIRT3,BEND5,0
VEZF1,PSAP,0
KLF3,LAMA1,0
MCM2,LRRK1,0
HDAC3,SLC7A6,0
RNF2,BSG,0
PML,MAN1A,0
MYC,DIDO1,0
MYCN,FAM83D,0
CREBZF,ANKRD49,0
CREB3L2,HIST1H3H,0
PHF12,RFX2,0
BTG2,SMARCA5,0
SAP30,SLC26A10,0
TCF4,CALCOCO2,0
GLIS2,RHPN1,0
RB1,ZSWIM4,0
MAZ,CALD1,0
TEAD4,CHCHD10,0
NFYB,GTF2H4,0
FOXD3,EGR1,0
OTX2,MLLT1,0
FUBP3,EDEM1,0
FOXP1,KDELR2,0
CRABP2,SMAD4,0
HSF2,SAP30,0
SIX5,MSL3,0
ZFP335,TET2,0
KHDRBS1,IDI1,0
MAPK8,KLF10,0
ILF3,ANK,0
PLAGL2,SMARCAD1,0
TADA3,GTF2H3,0
POLR1E,HOPX,0
HDAC1,NFATC4,0
ID3,BRCA1,0
MCM4,GNPDA1,0
DAXX,SNORA17,0
RARG,TFAP2C,0
CREB5,HEY2,0
DCP1A,CREB5,0
CIC,RBMS1,0
HOXD13,PRDM5,0
ZDHHC15,TDGF1,0
PIAS2,NDN,0
NR1D2,TMEM59,0
NFATC1,DTX1,0
ARID5B,FXYD3,0
ERCC8,GABARAP,0
CTNNBIP1,CTDSPL,0
PREB,EHMT2,0
MLLT1,NFX1,0
HOXD13,CSF1,0
BACH2,SEPT1,0
SND1,INTS12,0
SIN3B,TNK2,0
GLI2,LAPTM5,0
RLIM,ZC3H7A,0
ZBTB10,PELP1,0
HMGB2,HIST1H2BL,0
XRCC5,SOX4,0
YAF2,STAT4,0
GLI1,RBPJ,0
NME2,NOTCH4,0
ZEB1,MBD2,0
RUVBL2,IRF3,0
DDB2,KLB,0
SIRT3,NUPR1,0
PHF14,TBPL1,0
RFX2,TNK2,0
POLR2J,FGF3,0
XRCC5,4930402H24RIK,0
HIST1H2BB,GGA2,0
TIMELESS,ZBTB39,0
REST,CRYAB,0
ETV1,FNDC3A,0
JUN,MYCN,0
ETS1,E2F4,0
ATF3,POLR3D,0
TFCP2L1,RBMXL2,0
VEZF1,TULP3,0
SALL1,ATP6V0E,0
TCF12,PER1,0
PITX1,GDPD5,0
DDB1,NR5A2,0
DR1,CHD7,0
TADA3,SMAD4,0
NFATC1,FGF4,0
MAPK3,TPX2,0
PIAS3,SH3PXD2B,0
HIST1H2BB,IMPDH1,0
ESRRB,PLAT,0
KLF15,MTF2,0
PIAS2,TOP2B,0
SCMH1,MYL6,0
TAF9,ZFPM1,0
TRPS1,APOBEC3,0
HCFC1,PLOD2,0
TCF4,FXYD6,0
CTNNBIP1,SLC9A6,0
TRP53BP1,SNORD49A,0
SIRT1,CACHD1,0
TSG101,JARID2,0
NFKBIA,KDM5B,0
CBX4,TSPAN4,0
SMARCD1,TUBA4A,0
SOX4,BMP6,0
CEBPZ,LRRC1,0
ELF3,TOP2A,0
SOX17,NONO,0
PAX8,YAF2,0
HMGXB4,IRF1,0
OTX2,ZYX,0
SAP30,SOX2,0
CTBP1,SNAPC3,0
NDN,HIST1H2BL,0
BTF3,CIC,0
CEBPZ,RCN3,0
CHD5,FZR1,0
GATAD2B,LRP2,0
DDX20,FLRT3,0
CNOT6L,STX5A,0
RFXAP,KLF10,0
MLXIPL,PLA2G1B,0
MEF2D,TMEM150A,0
SOX4,GTF2H3,0
GTF2H4,CTNNBIP1,0
DCP1A,ECHDC2,0
BCL3,RUVBL1,0
GTF2H3,MCM3,0
PURA,CHD5,0
NFYB,SATB1,0
LMO4,ZFP275,0
PML,XRCC6,0
SMAD3,RBPJ,0
FOSL2,PSAP,0
PIAS1,SREBF1,0
AATF,SEMA4C,0
PAX1,GCNT1,0
PRRX2,TRIM24,0
EP400,EGR1,0
SOX15,MCM7,0
YAF2,IGFBP2,0
SOX2,MORC4,0
IRF2,KCNG1,0
SREBF1,TAF6,0
FHL2,SRM,0
OTX2,PELP1,0
ELF4,ZFP281,0
SIRT3,SNORA74A,0
NFYB,PCBP2,0
TAF1,LY75,0
POLR1A,CRY1,0
POLR1B,TEX264,0
RARG,SNRPN,0
KDM5B,SMURF2,0
RNF19A,TXNDC11,0
ASH2L,MIR1949,0
NR5A2,ETV1,0
SSB,ZBTB7A,0
RNF19A,TEAD4,0
BACH2,ANXA5,0
POLR3D,ASAH1,0
POLR3F,PHGDH,0
SPEN,SMARCC1,0
ZFP148,TIMP3,0
FOXH1,RLIM,0
SMARCA4,MFGE8,0
ELK4,D230025D16RIK,0
HDAC2,CACHD1,0
RBMXL2,CRIP2,0
SMAD2,TEAD1,0
GLI2,COTL1,0
HSF2BP,SCMH1,0
NCOR1,ATF4,0
IRF1,TOP2A,0
PHF1,SLC25A36,0
BCLAF1,NUPR1,0
MAML1,GTF3C1,0
BRCA2,SLC25A5,0
TRIM28,EOMES,0
POLR3B,GSN,0
FOXA2,POLR2A,0
HDAC7,CNOT6L,0
PAX1,TGIF1,0
ELF1,RBMX,0
FOXP1,HIST1H2AF,0
BACH2,PIK3R1,0
ING3,COL18A1,0
EED,PLTP,0
ELP2,TIMP3,0
FOXO3,SNRPN,0
ABTB1,GNRH1,0
CBX4,ZMYM2,0
PIAS2,CAMSAP3,0
BMI1,TEAD4,0
ZFP423,KDM3A,0
FOXJ3,HIST1H4K,0
MEF2A,MDM2,0
ELK4,ILF2,0
KLF15,IL33,0
FOXO1,KLB,0
HNRNPD,PDCD6IP,0
PLRG1,CBX7,0
MYC,KCNG1,0
MLLT1,SMARCAD1,0
NFATC4,BSG,0
MBD2,HYOU1,0
CDC5L,ECT2,0
SALL1,HMGA2,0
GLI1,NUSAP1,0
YBX1,GABPA,0
PHF12,PRDM5,0
TCEA1,SHISA5,0
GATA4,KAT2B,0
CHD4,FBXO15,0
SATB2,ESRRA,0
APBB1,DCP1A,0
GATA6,HKDC1,0
NR2F2,DKC1,0
HDAC1,RAD51,0
BMI1,SNORD11,0
TAF5,SMAD7,0
NAA15,SETX,0
ARID1A,TOX4,0
ING1,TFE3,0
RFXAP,VIM,0
NFIB,MME,0
SATB2,IRF1,0
ARL6IP5,LRRK1,0
RFX5,RLIM,0
ASH2L,ZFP462,0
HMGXB4,YBX1,0
MEF2C,CRAMP1L,0
ERCC8,HIST1H3H,0
CITED1,B2M,0
ZFP462,FOXQ1,0
FOXJ3,RBPMS2,0
MCM2,CITED2,0
POU4F2,NFIL3,0
FXR1,POU6F1,0
HDAC1,NFIL3,0
TAX1BP3,ASNS,0
CHD5,IFI30,0
STAT4,SLC7A5,0
ORC2,SNORD34,0
TNFAIP3,SLC7A3,0
HES1,GJA1,0
GATA3,SETD7,0
HIST1H1D,NPAS2,0
AES,REV1,0
ELP2,ATF5,0
ZFP42,PITPNC1,0
TULP3,RERE,0
GTF2I,GABARAPL2,0
NFATC1,AKT1,0
PURA,ATF4,0
FOXO3,RARG,0
ATF6,SMARCAD1,0
TRRAP,HIF1A,0
EP400,SGK1,0
DCP1A,TRH,0
HMGB2,IER2,0
CNOT8,NFE2L2,0
GABPA,NR3C1,0
CDC5L,INSIG1,0
FOSL2,LGALS3,0
POLR2E,WDFY1,0
RELA,CTSA,0
CREB5,CCND1,0
RUVBL2,NDN,0
DCP1A,MAP3K1,0
CREB5,TXNDC12,0
ELL3,ARFGAP1,0
NONO,TOPORS,0
CNOT7,TGIF1,0
APEX1,ATP6V0E,0
SNAI1,ME1,0
POU4F1,FRMD4A,0
HNF4A,BEX4,0
NOTCH1,TLE1,0
HIST1H1B,RYBP,0
E2F6,MIR291B,0
EP300,ZFP219,0
RNF2,COL27A1,0
E2F2,NANOG,0
HIST1H2BB,LAMB1,0
MITF,YEATS2,0
MED21,PDCD11,0
GLIS2,DDB1,0
YBX1,POLR2A,0
FOXJ3,AKAP12,0
SIRT1,CHD5,0
XAB2,FOXD3,0
ING3,CDH1,0
EGR1,HNF4A,0
ESRRB,ZFP335,0
ZMYM2,2810025M15RIK,0
ZFP236,CREB5,0
POLR3B,BRCA1,0
HCFC1,MIR5121,0
CTNNB1,POLR2I,0
POLR3D,JAM2,0
GATA3,GCLM,0
HMGXB4,MYH9,0
KPNA2,TET1,0
POU5F1,PURA,0
CHD4,PBXIP1,0
SREBF1,ZBTB39,0
NKRF,BTF3,0
TRIB3,SLC6A8,0
RNF14,GLUL,0
HNRNPAB,NME2,0
ZBTB7A,POLR2H,0
TFAP4,PDIA6,0
MCM5,TDGF1,0
KLF15,PDK1,0
ARNT2,AQP3,0
ZBTB43,FOXH1,0
