TF,Target,label
AES,ARL6IP5,1
AES,CUBN,1
AES,DKK1,1
AES,ELF4,1
AES,EPAS1,1
AES,FRMD4A,1
AES,GATA6,1
AES,HIST1H1B,1
AES,KLB,1
AES,KRT17,1
AES,MYBL2,1
AES,POU4F2,1
AES,POU5F1,1
AES,PSAP,1
AES,RIAN,1
AES,SOX17,1
AES,SRGN,1
AES,TBX18,1
CBX8,ADAMTS9,1
CBX8,AQP8,1
CBX8,BARX1,1
CBX8,BMI1,1
CBX8,CCND2,1
CBX8,COMMD3,1
CBX8,CUBN,1
CBX8,DAB2,1
CBX8,DIDO1,1
CBX8,DKK1,1
CBX8,DMRT1,1
CBX8,EBF1,1
CBX8,EBF4,1
CBX8,EED,1
CBX8,FGF10,1
CBX8,FOXQ1,1
CBX8,FRMD4A,1
CBX8,GATA3,1
CBX8,GATA4,1
CBX8,GATA6,1
CBX8,HABP2,1
CBX8,HEY2,1
CBX8,HIVEP2,1
CBX8,HKDC1,1
CBX8,HOXD13,1
CBX8,ID3,1
CBX8,ID4,1
CBX8,KLB,1
CBX8,LDHB,1
CBX8,LHX2,1
CBX8,LIMCH1,1
CBX8,LMO4,1
CBX8,MEF2C,1
CBX8,MEIS1,1
CBX8,MSX2,1
CBX8,MT1,1
CBX8,NPAS2,1
CBX8,PAX6,1
CBX8,PITX2,1
CBX8,PROX1,1
CBX8,RAB3IL1,1
CBX8,SATB2,1
CBX8,SFMBT2,1
CBX8,SIX1,1
CBX8,SP8,1
CBX8,SRGN,1
CBX8,ST3GAL6,1
CBX8,TBX18,1
CBX8,TEAD4,1
CBX8,THBD,1
CBX8,TWIST1,1
CBX8,ZEB2,1
CBX8,ZFHX3,1
EOMES,2200002D01RIK,1
EOMES,5031439G07RIK,1
EOMES,ACP6,1
EOMES,ADAM15,1
EOMES,ADAM19,1
EOMES,ADAM23,1
EOMES,AFF1,1
EOMES,AHNAK,1
EOMES,AKR1B3,1
EOMES,AKR1B8,1
EOMES,AKT1,1
EOMES,AMOT,1
EOMES,ANKRD6,1
EOMES,APLP1,1
EOMES,AQP3,1
EOMES,ARHGAP21,1
EOMES,ARHGEF5,1
EOMES,ARNT2,1
EOMES,ASS1,1
EOMES,ATF3,1
EOMES,ATF5,1
EOMES,ATG16L2,1
EOMES,AU018091,1
EOMES,BARX1,1
EOMES,BASP1,1
EOMES,BCAM,1
EOMES,BEND5,1
EOMES,BEX1,1
EOMES,BMI1,1
EOMES,BMP4,1
EOMES,BMPER,1
EOMES,BNC2,1
EOMES,BRWD1,1
EOMES,CACHD1,1
EOMES,CALCOCO2,1
EOMES,CBX8,1
EOMES,CCND1,1
EOMES,CCND2,1
EOMES,CD63,1
EOMES,CD9,1
EOMES,CENPV,1
EOMES,CFC1,1
EOMES,CHCHD10,1
EOMES,CHD5,1
EOMES,CHN2,1
EOMES,CITED1,1
EOMES,CITED2,1
EOMES,CLCN5,1
EOMES,CLN6,1
EOMES,CMKLR1,1
EOMES,COBL,1
EOMES,COL27A1,1
EOMES,COTL1,1
EOMES,CRABP2,1
EOMES,CREB3L2,1
EOMES,CSF1,1
EOMES,CSRP2,1
EOMES,CST3,1
EOMES,CTNNAL1,1
EOMES,CTSZ,1
EOMES,CUBN,1
EOMES,CUX2,1
EOMES,CYBA,1
EOMES,CYP26A1,1
EOMES,DCXR,1
EOMES,DDAH1,1
EOMES,DDX54,1
EOMES,DDX58,1
EOMES,DMRT1,1
EOMES,DPP4,1
EOMES,DPPA2,1
EOMES,DUSP6,1
EOMES,E2F2,1
EOMES,EBF1,1
EOMES,EBF4,1
EOMES,ECHDC2,1
EOMES,EFEMP2,1
EOMES,EGR1,1
EOMES,EHD1,1
EOMES,EIF4A-PS4,1
EOMES,ELF2,1
EOMES,ELF3,1
EOMES,ELL2,1
EOMES,ENAH,1
EOMES,EPAS1,1
EOMES,EPHA2,1
EOMES,EPS8L2,1
EOMES,ESRRA,1
EOMES,ETL4,1
EOMES,ETS1,1
EOMES,ETV1,1
EOMES,ETV4,1
EOMES,EYA1,1
EOMES,F2R,1
EOMES,FABP3,1
EOMES,FBLIM1,1
EOMES,FGF10,1
EOMES,FGF3,1
EOMES,FGF4,1
EOMES,FGFR4,1
EOMES,FHL2,1
EOMES,FHOD1,1
EOMES,FN1,1
EOMES,FNDC3B,1
EOMES,FOSL2,1
EOMES,FOXA2,1
EOMES,FOXD3,1
EOMES,FOXJ3,1
EOMES,FOXP1,1
EOMES,FOXQ1,1
EOMES,FST,1
EOMES,GAA,1
EOMES,GABARAPL1,1
EOMES,GALK1,1
EOMES,GAS6,1
EOMES,GATA3,1
EOMES,GATA4,1
EOMES,GATA6,1
EOMES,GBX2,1
EOMES,GFPT2,1
EOMES,GGTA1,1
EOMES,GJB3,1
EOMES,GLI1,1
EOMES,GLI2,1
EOMES,GLIPR2,1
EOMES,GLUL,1
EOMES,GNG2,1
EOMES,GNRH1,1
EOMES,GPA33,1
EOMES,GPRC5C,1
EOMES,GPX3,1
EOMES,GRAMD1A,1
EOMES,GRB10,1
EOMES,GRHL1,1
EOMES,GSN,1
EOMES,GTF2A1L,1
EOMES,HELLS,1
EOMES,HES6,1
EOMES,HIP1,1
EOMES,HKDC1,1
EOMES,HOOK1,1
EOMES,HOPX,1
EOMES,HOXD13,1
EOMES,HS3ST1,1
EOMES,HSF2BP,1
EOMES,HTRA1,1
EOMES,ID2,1
EOMES,ID3,1
EOMES,ID4,1
EOMES,IFITM3,1
EOMES,IL33,1
EOMES,IQSEC1,1
EOMES,IRF1,1
EOMES,JAM2,1
EOMES,KAT2B,1
EOMES,KDM3A,1
EOMES,KLF6,1
EOMES,KRT17,1
EOMES,KRT18,1
EOMES,KRT19,1
EOMES,KRT42,1
EOMES,KRT8,1
EOMES,KRTCAP2,1
EOMES,L1TD1,1
EOMES,LAMA1,1
EOMES,LAMA5,1
EOMES,LAMC1,1
EOMES,LDLRAP1,1
EOMES,LEFTY1,1
EOMES,LEFTY2,1
EOMES,LGALS3,1
EOMES,LGMN,1
EOMES,LMO4,1
EOMES,LRP2,1
EOMES,LRRC2,1
EOMES,LTBP4,1
EOMES,LY6G6E,1
EOMES,MANBA,1
EOMES,MAPK11,1
EOMES,MARCKS,1
EOMES,MDK,1
EOMES,MED12,1
EOMES,MEF2C,1
EOMES,MFGE8,1
EOMES,MKRN1,1
EOMES,MORC4,1
EOMES,MPZL2,1
EOMES,MRAS,1
EOMES,MSI2,1
EOMES,MSX2,1
EOMES,MT1,1
EOMES,MYD88,1
EOMES,MYH9,1
EOMES,MYLPF,1
EOMES,MYO5B,1
EOMES,MYO7A,1
EOMES,NANOG,1
EOMES,NDN,1
EOMES,NDRG1,1
EOMES,NFATC1,1
EOMES,NFATC4,1
EOMES,NFIL3,1
EOMES,NFKB2,1
EOMES,NME2,1
EOMES,NOTCH1,1
EOMES,NOTUM,1
EOMES,NPHS1,1
EOMES,NPL,1
EOMES,NR0B1,1
EOMES,NR2C1,1
EOMES,NR3C1,1
EOMES,NR5A2,1
EOMES,NRG1,1
EOMES,OPLAH,1
EOMES,OVOL1,1
EOMES,PAWR,1
EOMES,PAX6,1
EOMES,PAX8,1
EOMES,PBXIP1,1
EOMES,PCBD1,1
EOMES,PCOLCE,1
EOMES,PDGFA,1
EOMES,PDK1,1
EOMES,PDPN,1
EOMES,PEG10,1
EOMES,PGA5,1
EOMES,PHC1,1
EOMES,PHGDH,1
EOMES,PHLDB2,1
EOMES,PIAS2,1
EOMES,PIPOX,1
EOMES,PITPNC1,1
EOMES,PITX1,1
EOMES,PITX2,1
EOMES,PLAUR,1
EOMES,PODXL,1
EOMES,PRDM5,1
EOMES,PRPS2,1
EOMES,PRSS35,1
EOMES,PSAP,1
EOMES,PTH1R,1
EOMES,RAI14,1
EOMES,RARG,1
EOMES,RBM47,1
EOMES,RBMS1,1
EOMES,RBPMS2,1
EOMES,RCOR2,1
EOMES,RHOX5,1
EOMES,RHOX6,1
EOMES,RHPN1,1
EOMES,RNPEP,1
EOMES,RPL39L,1
EOMES,RPS6KA6,1
EOMES,RRBP1,1
EOMES,RUNX1,1
EOMES,S100A6,1
EOMES,SAP30,1
EOMES,SATB2,1
EOMES,SCMH1,1
EOMES,SERPINB6C,1
EOMES,SFMBT2,1
EOMES,SGK1,1
EOMES,SIX1,1
EOMES,SKIL,1
EOMES,SLC25A4,1
EOMES,SLC5A11,1
EOMES,SLC7A6,1
EOMES,SLC7A7,1
EOMES,SLC9A6,1
EOMES,SMAD3,1
EOMES,SMURF1,1
EOMES,SNAI1,1
EOMES,SNURF,1
EOMES,SOD1,1
EOMES,SOX4,1
EOMES,SP8,1
EOMES,SPNS2,1
EOMES,SPRY4,1
EOMES,ST5,1
EOMES,STARD10,1
EOMES,STARD8,1
EOMES,STAT4,1
EOMES,TAGLN2,1
EOMES,TBX18,1
EOMES,TBX3,1
EOMES,TCEA3,1
EOMES,TCF15,1
EOMES,TCF7L2,1
EOMES,TDGF1,1
EOMES,TDH,1
EOMES,TEAD1,1
EOMES,TEAD4,1
EOMES,TET2,1
EOMES,TGFB1,1
EOMES,TGFBR3,1
EOMES,TGM1,1
EOMES,TINAGL1,1
EOMES,TMEM144,1
EOMES,TOX3,1
EOMES,TRH,1
EOMES,TRIM13,1
EOMES,TRIM2,1
EOMES,TRIM24,1
EOMES,TRPS1,1
EOMES,TTC7,1
EOMES,TUBB6,1
EOMES,TWIST1,1
EOMES,UBQLN2,1
EOMES,UCHL1,1
EOMES,ULK1,1
EOMES,UPP1,1
EOMES,USF1,1
EOMES,USP28,1
EOMES,USP3,1
EOMES,VANGL1,1
EOMES,VCAN,1
EOMES,VEGFA,1
EOMES,VEZF1,1
EOMES,VIM,1
EOMES,WDR45,1
EOMES,XAF1,1
EOMES,ZBTB10,1
EOMES,ZBTB39,1
EOMES,ZEB1,1
EOMES,ZEB2,1
EOMES,ZFP219,1
EOMES,ZFP276,1
EOMES,ZFP423,1
EOMES,ZFP532,1
EOMES,ZFP57,1
EOMES,ZFP710,1
EOMES,ZFPM1,1
EOMES,ZHX3,1
ESRRB,2200002D01RIK,1
ESRRB,ABHD5,1
ESRRB,ACP6,1
ESRRB,AES,1
ESRRB,AFF1,1
ESRRB,AIRE,1
ESRRB,AKR1B8,1
ESRRB,AKT1,1
ESRRB,AMFR,1
ESRRB,AMOTL2,1
ESRRB,ANP32A,1
ESRRB,ANXA5,1
ESRRB,APLP1,1
ESRRB,APP,1
ESRRB,AQP3,1
ESRRB,ARHGAP29,1
ESRRB,ARHGEF5,1
ESRRB,ASNS,1
ESRRB,ASPH,1
ESRRB,ATP1B1,1
ESRRB,B2M,1
ESRRB,BASP1,1
ESRRB,BCAT1,1
ESRRB,BMP4,1
ESRRB,BTBD11,1
ESRRB,CALD1,1
ESRRB,CAR2,1
ESRRB,CAR4,1
ESRRB,CCND2,1
ESRRB,CCND3,1
ESRRB,CCNE1,1
ESRRB,CCNG1,1
ESRRB,CITED2,1
ESRRB,CLDN6,1
ESRRB,CNN2,1
ESRRB,COBL,1
ESRRB,COL18A1,1
ESRRB,COMMD3,1
ESRRB,COX7A1,1
ESRRB,CREB3,1
ESRRB,CRYAB,1
ESRRB,CSF1,1
ESRRB,CSRP1,1
ESRRB,CYBA,1
ESRRB,DAB2,1
ESRRB,DDAH1,1
ESRRB,DDAH2,1
ESRRB,DDIT3,1
ESRRB,DKK1,1
ESRRB,E2F2,1
ESRRB,E2F6,1
ESRRB,EDA2R,1
ESRRB,EFEMP2,1
ESRRB,EPHA4,1
ESRRB,ETV4,1
ESRRB,FABP3,1
ESRRB,FBLIM1,1
ESRRB,FGF4,1
ESRRB,FOXP1,1
ESRRB,FST,1
ESRRB,FXYD6,1
ESRRB,GATA3,1
ESRRB,GATA6,1
ESRRB,GBX2,1
ESRRB,GHR,1
ESRRB,GJA1,1
ESRRB,GJB3,1
ESRRB,GLI2,1
ESRRB,GLIPR2,1
ESRRB,GNG10,1
ESRRB,GOT1,1
ESRRB,GRB10,1
ESRRB,GSN,1
ESRRB,HES6,1
ESRRB,ICAM1,1
ESRRB,ID2,1
ESRRB,ID3,1
ESRRB,IFITM1,1
ESRRB,IFITM3,1
ESRRB,IFRD1,1
ESRRB,ILDR1,1
ESRRB,ILK,1
ESRRB,IRF1,1
ESRRB,JAM2,1
ESRRB,JUN,1
ESRRB,KDELR3,1
ESRRB,KDM3A,1
ESRRB,KIT,1
ESRRB,KLF4,1
ESRRB,KLF6,1
ESRRB,KRT17,1
ESRRB,KRT18,1
ESRRB,KRT19,1
ESRRB,KRT42,1
ESRRB,KRT8,1
ESRRB,LAMA1,1
ESRRB,LAPTM5,1
ESRRB,LDHB,1
ESRRB,LDLR,1
ESRRB,LEFTY1,1
ESRRB,LGALS3,1
ESRRB,LIFR,1
ESRRB,LMO4,1
ESRRB,LPCAT1,1
ESRRB,LRP2,1
ESRRB,LRPAP1,1
ESRRB,LRRC1,1
ESRRB,LRRK1,1
ESRRB,LY6G6E,1
ESRRB,MANBA,1
ESRRB,MAPKAPK2,1
ESRRB,MARCKS,1
ESRRB,MEG3,1
ESRRB,MFGE8,1
ESRRB,MORC4,1
ESRRB,MRAS,1
ESRRB,MSC,1
ESRRB,MXD4,1
ESRRB,MYBL2,1
ESRRB,MYH9,1
ESRRB,MYLPF,1
ESRRB,MYO1C,1
ESRRB,NDN,1
ESRRB,NFATC2IP,1
ESRRB,NFIB,1
ESRRB,NID1,1
ESRRB,NOTCH2,1
ESRRB,NOTCH4,1
ESRRB,NPHS1,1
ESRRB,NR0B1,1
ESRRB,NSMAF,1
ESRRB,NUPR1,1
ESRRB,OTX2,1
ESRRB,PARVA,1
ESRRB,PAWR,1
ESRRB,PCOLCE,1
ESRRB,PCSK6,1
ESRRB,PDGFA,1
ESRRB,PFKP,1
ESRRB,PHLDA3,1
ESRRB,PITX2,1
ESRRB,PKNOX2,1
ESRRB,PLK2,1
ESRRB,PLOD1,1
ESRRB,PODXL,1
ESRRB,POU4F2,1
ESRRB,PROS1,1
ESRRB,PTPN14,1
ESRRB,PXDN,1
ESRRB,RAPGEF3,1
ESRRB,RARG,1
ESRRB,RASGRP2,1
ESRRB,RBMS1,1
ESRRB,RFX2,1
ESRRB,RHOX6,1
ESRRB,RIAN,1
ESRRB,RLIM,1
ESRRB,RMND5B,1
ESRRB,RPP25,1
ESRRB,RRAS2,1
ESRRB,S100A6,1
ESRRB,SEMA4C,1
ESRRB,SERPINE2,1
ESRRB,SERPINH1,1
ESRRB,SETD7,1
ESRRB,SFMBT2,1
ESRRB,SIRT1,1
ESRRB,SLC25A36,1
ESRRB,SLC38A2,1
ESRRB,SLC6A8,1
ESRRB,SOAT1,1
ESRRB,SPARC,1
ESRRB,SPP1,1
ESRRB,SPRY4,1
ESRRB,SQSTM1,1
ESRRB,STAG3,1
ESRRB,STARD10,1
ESRRB,STMN1,1
ESRRB,TAX1BP3,1
ESRRB,TBX3,1
ESRRB,TCF15,1
ESRRB,TCL1,1
ESRRB,TDGF1,1
ESRRB,TEAD1,1
ESRRB,TEAD3,1
ESRRB,TGM1,1
ESRRB,TINAGL1,1
ESRRB,TPM1,1
ESRRB,TPM4,1
ESRRB,TRH,1
ESRRB,TRIB3,1
ESRRB,TRP53BP1,1
ESRRB,TUBB6,1
ESRRB,TXNIP,1
ESRRB,UBQLN2,1
ESRRB,UPP1,1
ESRRB,USP28,1
ESRRB,UTF1,1
ESRRB,VEGFA,1
ESRRB,WWTR1,1
ESRRB,ZEB1,1
ESRRB,ZFAND3,1
ESRRB,ZFHX3,1
ESRRB,ZFP42,1
ESRRB,ZFP57,1
ESRRB,ZYX,1
ETV3,5031439G07RIK,1
ETV3,AQP3,1
ETV3,BMP6,1
ETV3,CALCOCO2,1
ETV3,DIDO1,1
ETV3,DKK1,1
ETV3,E2F2,1
ETV3,EPHA4,1
ETV3,EYA1,1
ETV3,FRMD4A,1
ETV3,GATA6,1
ETV3,HABP2,1
ETV3,HKDC1,1
ETV3,HOXD13,1
ETV3,IRF1,1
ETV3,KIT,1
ETV3,KLF2,1
ETV3,MRAS,1
ETV3,NID1,1
ETV3,NOTCH4,1
ETV3,NOTUM,1
ETV3,NR0B1,1
ETV3,NR5A2,1
ETV3,OVOL1,1
ETV3,PARVB,1
ETV3,PAX6,1
ETV3,PCOLCE,1
ETV3,PGA5,1
ETV3,PITX2,1
ETV3,PRSS35,1
ETV3,RHOX6,1
ETV3,SPP1,1
ETV3,STARD8,1
ETV3,STAT4,1
ETV3,TDGF1,1
ETV3,ULK1,1
ETV3,VEGFA,1
ETV3,ZFP42,1
FOXJ2,DKK1,1
FOXJ2,ELF4,1
FOXJ2,FRMD4A,1
FOXJ2,GRIN1,1
FOXJ2,IRF2,1
FOXJ2,KRT18,1
FOXJ2,KRT8,1
FOXJ2,LRRK1,1
FOXJ2,LY6G6E,1
FOXJ2,OBSL1,1
FOXJ2,POU4F2,1
FOXJ2,POU6F1,1
FOXJ2,RHOX6,1
FOXJ2,ST3GAL6,1
FOXJ2,TAGLN2,1
FOXJ2,TBX18,1
FOXJ2,TNS4,1
GATA3,2200002D01RIK,1
GATA3,4930402H24RIK,1
GATA3,ABCC5,1
GATA3,ABHD5,1
GATA3,ACP6,1
GATA3,ADAM15,1
GATA3,ADAM19,1
GATA3,ADAM23,1
GATA3,AGPAT4,1
GATA3,AHNAK,1
GATA3,AI506816,1
GATA3,AIRE,1
GATA3,AKR1B3,1
GATA3,AKT1,1
GATA3,ALPL,1
GATA3,AMOT,1
GATA3,AMOTL2,1
GATA3,ANKRD6,1
GATA3,ANP32A,1
GATA3,ANXA2,1
GATA3,ANXA5,1
GATA3,APBB1,1
GATA3,APLP1,1
GATA3,APOBEC3,1
GATA3,APOE,1
GATA3,APP,1
GATA3,AQP3,1
GATA3,AQP8,1
GATA3,ARHGAP1,1
GATA3,ARHGAP29,1
GATA3,ARHGEF5,1
GATA3,ARID1A,1
GATA3,ARNT2,1
GATA3,ARPC1B,1
GATA3,ASAH1,1
GATA3,ASNS,1
GATA3,ASXL1,1
GATA3,ATF6,1
GATA3,ATG16L2,1
GATA3,ATP13A3,1
GATA3,ATP1B1,1
GATA3,ATP6V0A1,1
GATA3,BACH2,1
GATA3,BAG2,1
GATA3,BARX1,1
GATA3,BEND5,1
GATA3,BMI1,1
GATA3,BMP6,1
GATA3,BMPER,1
GATA3,BNC2,1
GATA3,BNIP3,1
GATA3,CACHD1,1
GATA3,CALCOCO2,1
GATA3,CAR4,1
GATA3,CBX4,1
GATA3,CBX7,1
GATA3,CBX8,1
GATA3,CCND1,1
GATA3,CCND2,1
GATA3,CCND3,1
GATA3,CD63,1
GATA3,CD9,1
GATA3,CDCA7,1
GATA3,CDIPT,1
GATA3,CFC1,1
GATA3,CHCHD10,1
GATA3,CHD7,1
GATA3,CHN2,1
GATA3,CHST15,1
GATA3,CIC,1
GATA3,CITED1,1
GATA3,CITED2,1
GATA3,CKB,1
GATA3,CLIC1,1
GATA3,CLN6,1
GATA3,CLTC,1
GATA3,CNDP2,1
GATA3,COBL,1
GATA3,COBLL1,1
GATA3,COL18A1,1
GATA3,COL27A1,1
GATA3,COL4A1,1
GATA3,COL4A2,1
GATA3,COMMD3,1
GATA3,COX7A1,1
GATA3,CPM,1
GATA3,CR1L,1
GATA3,CRABP2,1
GATA3,CREB3,1
GATA3,CREB3L2,1
GATA3,CRYAB,1
GATA3,CSRP1,1
GATA3,CST3,1
GATA3,CSTB,1
GATA3,CTBP2,1
GATA3,CTDSPL,1
GATA3,CTSD,1
GATA3,CTSL,1
GATA3,CTSZ,1
GATA3,CUBN,1
GATA3,CYBA,1
GATA3,CYP26A1,1
GATA3,D230025D16RIK,1
GATA3,DAB2,1
GATA3,DAP,1
GATA3,DDIT3,1
GATA3,DDX58,1
GATA3,DIDO1,1
GATA3,DKK1,1
GATA3,DNAJC3,1
GATA3,DNMT3A,1
GATA3,DPP4,1
GATA3,DTX1,1
GATA3,DUSP6,1
GATA3,DUSP9,1
GATA3,ECHDC2,1
GATA3,EGR1,1
GATA3,EHD1,1
GATA3,EIF2S2,1
GATA3,ELAVL2,1
GATA3,ELF3,1
GATA3,ELL2,1
GATA3,ELL3,1
GATA3,ELOVL6,1
GATA3,EMP2,1
GATA3,ENAH,1
GATA3,EPAS1,1
GATA3,EPHA2,1
GATA3,EPHA4,1
GATA3,EPS8L2,1
GATA3,ERF,1
GATA3,ERLIN1,1
GATA3,ERP29,1
GATA3,ETS1,1
GATA3,ETV4,1
GATA3,ETV5,1
GATA3,EYA1,1
GATA3,F2R,1
GATA3,FABP3,1
GATA3,FAHD2A,1
GATA3,FAM102A,1
GATA3,FAM129B,1
GATA3,FAT1,1
GATA3,FBLIM1,1
GATA3,FBXO15,1
GATA3,FGF10,1
GATA3,FGF3,1
GATA3,FGF4,1
GATA3,FGFR4,1
GATA3,FHL2,1
GATA3,FHOD1,1
GATA3,FLRT3,1
GATA3,FN1,1
GATA3,FNDC3A,1
GATA3,FNDC3B,1
GATA3,FOXA2,1
GATA3,FOXD3,1
GATA3,FOXJ2,1
GATA3,FOXN3,1
GATA3,FOXP1,1
GATA3,FOXQ1,1
GATA3,FRMD4A,1
GATA3,FUT8,1
GATA3,FXYD3,1
GATA3,GAA,1
GATA3,GABARAPL2,1
GATA3,GALK1,1
GATA3,GALNT2,1
GATA3,GAS6,1
GATA3,GATA4,1
GATA3,GATA6,1
GATA3,GBX2,1
GATA3,GCNT1,1
GATA3,GDPD5,1
GATA3,GFPT1,1
GATA3,GFPT2,1
GATA3,GGTA1,1
GATA3,GJB3,1
GATA3,GLI1,1
GATA3,GLI2,1
GATA3,GLIPR1,1
GATA3,GLIPR2,1
GATA3,GNG2,1
GATA3,GNRH1,1
GATA3,GPRC5C,1
GATA3,GSN,1
GATA3,GSTA4,1
GATA3,GTF2A1L,1
GATA3,GTF2I,1
GATA3,H1F0,1
GATA3,HABP2,1
GATA3,HDAC11,1
GATA3,HELLS,1
GATA3,HES1,1
GATA3,HEY2,1
GATA3,HIP1,1
GATA3,HIRIP3,1
GATA3,HIST1H2BB,1
GATA3,HIST1H2BK,1
GATA3,HIST1H2BN,1
GATA3,HIST1H4K,1
GATA3,HKDC1,1
GATA3,HMGA2,1
GATA3,HNF1B,1
GATA3,HOOK1,1
GATA3,HS3ST1,1
GATA3,HSD17B14,1
GATA3,HSF2BP,1
GATA3,HSPA5,1
GATA3,HSPB1,1
GATA3,HTRA1,1
GATA3,ICAM1,1
GATA3,ID3,1
GATA3,IER2,1
GATA3,IFI30,1
GATA3,IFITM1,1
GATA3,IFITM3,1
GATA3,IGFBP2,1
GATA3,ILDR1,1
GATA3,IQSEC1,1
GATA3,IRF1,1
GATA3,IRF2,1
GATA3,ITGA9,1
GATA3,ITM2B,1
GATA3,JUN,1
GATA3,KANK3,1
GATA3,KAT2B,1
GATA3,KCNG1,1
GATA3,KDELR3,1
GATA3,KDM3A,1
GATA3,KDM5B,1
GATA3,KEAP1,1
GATA3,KIT,1
GATA3,KLB,1
GATA3,KLF2,1
GATA3,KLF6,1
GATA3,KLF8,1
GATA3,KRT18,1
GATA3,KRT8,1
GATA3,L1TD1,1
GATA3,LAMA1,1
GATA3,LAMC1,1
GATA3,LAMP1,1
GATA3,LAPTM5,1
GATA3,LDLRAP1,1
GATA3,LEFTY2,1
GATA3,LGALS3,1
GATA3,LGMN,1
GATA3,LHX2,1
GATA3,LIMCH1,1
GATA3,LMO4,1
GATA3,LOXL2,1
GATA3,LPCAT1,1
GATA3,LRP2,1
GATA3,LRPAP1,1
GATA3,LRRC2,1
GATA3,LRRK1,1
GATA3,LY6G6E,1
GATA3,MAML3,1
GATA3,MANBA,1
GATA3,MAPK11,1
GATA3,MAPK8,1
GATA3,MAPKAPK2,1
GATA3,MBD2,1
GATA3,MCAM,1
GATA3,ME1,1
GATA3,MEG3,1
GATA3,MEIS1,1
GATA3,MEIS3,1
GATA3,MFGE8,1
GATA3,MFSD1,1
GATA3,MGST3,1
GATA3,MLXIPL,1
GATA3,MME,1
GATA3,MORC4,1
GATA3,MPP1,1
GATA3,MPZL2,1
GATA3,MSC,1
GATA3,MSI2,1
GATA3,MSL3,1
GATA3,MSX2,1
GATA3,MT1,1
GATA3,MYCN,1
GATA3,MYD88,1
GATA3,MYH9,1
GATA3,MYLPF,1
GATA3,MYO18A,1
GATA3,MYO5B,1
GATA3,MYO6,1
GATA3,MYO7A,1
GATA3,NAGK,1
GATA3,NANOG,1
GATA3,NCOA6,1
GATA3,NDRG1,1
GATA3,NFATC1,1
GATA3,NFATC2IP,1
GATA3,NFIB,1
GATA3,NFXL1,1
GATA3,NID1,1
GATA3,NIPSNAP1,1
GATA3,NKRF,1
GATA3,NOTCH4,1
GATA3,NOTUM,1
GATA3,NPHS1,1
GATA3,NPL,1
GATA3,NR0B1,1
GATA3,NR1D1,1
GATA3,NR1D2,1
GATA3,NR3C1,1
GATA3,NRG1,1
GATA3,NRG2,1
GATA3,NSMAF,1
GATA3,NUP210,1
GATA3,NUPR1,1
GATA3,NXF7,1
GATA3,OPLAH,1
GATA3,OTX2,1
GATA3,P4HA1,1
GATA3,P4HA2,1
GATA3,P4HB,1
GATA3,PARVB,1
GATA3,PATZ1,1
GATA3,PAX6,1
GATA3,PAX8,1
GATA3,PBXIP1,1
GATA3,PCBD1,1
GATA3,PCOLCE,1
GATA3,PCSK6,1
GATA3,PDE4DIP,1
GATA3,PDGFA,1
GATA3,PDGFRA,1
GATA3,PDIA5,1
GATA3,PDK1,1
GATA3,PDPN,1
GATA3,PEG10,1
GATA3,PFKP,1
GATA3,PGA5,1
GATA3,PHC1,1
GATA3,PHLDB2,1
GATA3,PIAS3,1
GATA3,PIK3R1,1
GATA3,PIPOX,1
GATA3,PITPNC1,1
GATA3,PITX1,1
GATA3,PLA2G1B,1
GATA3,PLAUR,1
GATA3,PLOD1,1
GATA3,PLOD2,1
GATA3,PLSCR1,1
GATA3,PLTP,1
GATA3,PODXL,1
GATA3,POU5F1,1
GATA3,PRDM1,1
GATA3,PRDM14,1
GATA3,PRDM5,1
GATA3,PRKAB1,1
GATA3,PROS1,1
GATA3,PRPS2,1
GATA3,PRSS35,1
GATA3,PSAP,1
GATA3,PSME2,1
GATA3,PTH1R,1
GATA3,RAB3IL1,1
GATA3,RANBP17,1
GATA3,RARA,1
GATA3,RARG,1
GATA3,RASGRP2,1
GATA3,RBBP7,1
GATA3,RBM47,1
GATA3,RBPMS2,1
GATA3,RCN3,1
GATA3,RCOR2,1
GATA3,RENBP,1
GATA3,RERE,1
GATA3,REST,1
GATA3,REV1,1
GATA3,RFFL,1
GATA3,RFX5,1
GATA3,RHOX5,1
GATA3,RHOX6,1
GATA3,RHPN1,1
GATA3,RIAN,1
GATA3,RNPEP,1
GATA3,RNPEPL1,1
GATA3,RRBP1,1
GATA3,RTN1,1
GATA3,RUNX1,1
GATA3,SALL1,1
GATA3,SAP30,1
GATA3,SATB2,1
GATA3,SDC4,1
GATA3,SDF2L1,1
GATA3,SEC23A,1
GATA3,SEMA4C,1
GATA3,SERBP1,1
GATA3,SERPINB6C,1
GATA3,SERPINH1,1
GATA3,SETD7,1
GATA3,SFMBT2,1
GATA3,SHISA5,1
GATA3,SHKBP1,1
GATA3,SIDT2,1
GATA3,SKIL,1
GATA3,SLC16A6,1
GATA3,SLC17A9,1
GATA3,SLC25A22,1
GATA3,SLC25A4,1
GATA3,SLC5A11,1
GATA3,SLC6A8,1
GATA3,SLC7A3,1
GATA3,SLC7A6,1
GATA3,SLC7A7,1
GATA3,SLC9A6,1
GATA3,SMAD3,1
GATA3,SMARCA2,1
GATA3,SMARCD1,1
GATA3,SMS,1
GATA3,SNAI1,1
GATA3,SNAPC3,1
GATA3,SNHG1,1
GATA3,SNURF,1
GATA3,SNX1,1
GATA3,SNX25,1
GATA3,SOCS2,1
GATA3,SOX17,1
GATA3,SOX2,1
GATA3,SOX4,1
GATA3,SOX7,1
GATA3,SP8,1
GATA3,SPARC,1
GATA3,SPEN,1
GATA3,SPNS2,1
GATA3,SPRY4,1
GATA3,SQSTM1,1
GATA3,SRGN,1
GATA3,SRI,1
GATA3,ST3GAL6,1
GATA3,ST5,1
GATA3,STARD10,1
GATA3,STARD8,1
GATA3,STAT4,1
GATA3,SUB1,1
GATA3,SUN2,1
GATA3,SURF4,1
GATA3,SUSD2,1
GATA3,TAGLN2,1
GATA3,TAX1BP3,1
GATA3,TBRG1,1
GATA3,TBX18,1
GATA3,TBX3,1
GATA3,TCEA3,1
GATA3,TCF15,1
GATA3,TCF7,1
GATA3,TCF7L2,1
GATA3,TCN2,1
GATA3,TDGF1,1
GATA3,TDH,1
GATA3,TEAD1,1
GATA3,TEAD4,1
GATA3,TET1,1
GATA3,TET2,1
GATA3,TEX264,1
GATA3,TFRC,1
GATA3,TGFBR3,1
GATA3,TGIF1,1
GATA3,TGM1,1
GATA3,THBD,1
GATA3,TINAGL1,1
GATA3,TMED2,1
GATA3,TMEM144,1
GATA3,TMEM150A,1
GATA3,TMEM231,1
GATA3,TMEM9,1
GATA3,TNS4,1
GATA3,TOX3,1
GATA3,TRH,1
GATA3,TRIM25,1
GATA3,TRPS1,1
GATA3,TSPAN4,1
GATA3,TTC7,1
GATA3,TXNDC11,1
GATA3,TXNDC12,1
GATA3,UAP1,1
GATA3,USF1,1
GATA3,USP28,1
GATA3,USP3,1
GATA3,VAMP8,1
GATA3,VANGL1,1
GATA3,VCAN,1
GATA3,VEGFA,1
GATA3,WDR45,1
GATA3,WWTR1,1
GATA3,XBP1,1
GATA3,ZBTB10,1
GATA3,ZBTB39,1
GATA3,ZC3H7A,1
GATA3,ZEB2,1
GATA3,ZFAND3,1
GATA3,ZFP219,1
GATA3,ZFP281,1
GATA3,ZFP42,1
GATA3,ZFP423,1
GATA3,ZFP532,1
GATA3,ZFPM1,1
GATA3,ZIC3,1
GATA3,ZSWIM4,1
JARID2,4930402H24RIK,1
JARID2,ACP6,1
JARID2,ADAM23,1
JARID2,AFF1,1
JARID2,AHCY,1
JARID2,AKR1B3,1
JARID2,AKR1B8,1
JARID2,ALDH2,1
JARID2,ALG13,1
JARID2,ALPL,1
JARID2,AMOT,1
JARID2,ANXA5,1
JARID2,APBB1,1
JARID2,APLP1,1
JARID2,APOBEC3,1
JARID2,APOE,1
JARID2,APP,1
JARID2,AQP3,1
JARID2,AQP8,1
JARID2,ARHGAP29,1
JARID2,ARID3B,1
JARID2,ARNT2,1
JARID2,ARPC1B,1
JARID2,ASNS,1
JARID2,ASS1,1
JARID2,ATP13A3,1
JARID2,AU018091,1
JARID2,BACH2,1
JARID2,BCAT1,1
JARID2,BIN1,1
JARID2,BMP4,1
JARID2,BNC2,1
JARID2,BRCA1,1
JARID2,BRCA2,1
JARID2,BTG1,1
JARID2,BUB1B,1
JARID2,CALCOCO2,1
JARID2,CAR2,1
JARID2,CAR4,1
JARID2,CCNB1,1
JARID2,CCNB2,1
JARID2,CCND3,1
JARID2,CCNE1,1
JARID2,CD9,1
JARID2,CEBPZ,1
JARID2,CKB,1
JARID2,COBL,1
JARID2,COL18A1,1
JARID2,COX7A1,1
JARID2,CRABP2,1
JARID2,CRTAP,1
JARID2,CTBP1,1
JARID2,CTH,1
JARID2,CTNNAL1,1
JARID2,CUBN,1
JARID2,CUX2,1
JARID2,CYBA,1
JARID2,CYP26A1,1
JARID2,DAB2,1
JARID2,DCTPP1,1
JARID2,DDX20,1
JARID2,DDX21,1
JARID2,DDX58,1
JARID2,DENND2C,1
JARID2,DKC1,1
JARID2,DMRT1,1
JARID2,DPP4,1
JARID2,DPPA2,1
JARID2,DPPA4,1
JARID2,DUSP6,1
JARID2,DUSP9,1
JARID2,EBF1,1
JARID2,EBF4,1
JARID2,ECHDC2,1
JARID2,ECT2,1
JARID2,EDA2R,1
JARID2,EIF2S2,1
JARID2,EIF4EBP1,1
JARID2,ELAVL2,1
JARID2,ELF3,1
JARID2,ELL2,1
JARID2,EOMES,1
JARID2,EPHA2,1
JARID2,ERF,1
JARID2,ESPL1,1
JARID2,ESRRB,1
JARID2,ETL4,1
JARID2,ETV1,1
JARID2,ETV4,1
JARID2,ETV5,1
JARID2,FABP3,1
JARID2,FBXO15,1
JARID2,FBXO5,1
JARID2,FGF4,1
JARID2,FGFR3,1
JARID2,FN1,1
JARID2,FOXH1,1
JARID2,FOXQ1,1
JARID2,FRMD4A,1
JARID2,FRRS1,1
JARID2,GABBR1,1
JARID2,GABPA,1
JARID2,GCLM,1
JARID2,GCNT1,1
JARID2,GFPT2,1
JARID2,GGA2,1
JARID2,GJB3,1
JARID2,GLDC,1
JARID2,GNG2,1
JARID2,GNPDA1,1
JARID2,GPA33,1
JARID2,GRAMD1A,1
JARID2,GSR,1
JARID2,GSTA4,1
JARID2,HELLS,1
JARID2,HIST1H2AK,1
JARID2,HNF1B,1
JARID2,HSF2BP,1
JARID2,HSPB1,1
JARID2,HSPG2,1
JARID2,HTRA1,1
JARID2,ID4,1
JARID2,IFI30,1
JARID2,IFITM1,1
JARID2,IFITM2,1
JARID2,IFITM3,1
JARID2,IRF1,1
JARID2,ITGA6,1
JARID2,ITPK1,1
JARID2,JUN,1
JARID2,KANK3,1
JARID2,KAT2B,1
JARID2,KLF2,1
JARID2,KLF9,1
JARID2,KNTC1,1
JARID2,KRT18,1
JARID2,L1TD1,1
JARID2,L3MBTL2,1
JARID2,LAPTM5,1
JARID2,LEFTY1,1
JARID2,LEFTY2,1
JARID2,LMO4,1
JARID2,LRP2,1
JARID2,LRRC2,1
JARID2,LY6E,1
JARID2,LY75,1
JARID2,MANBA,1
JARID2,MARCKS,1
JARID2,MCM10,1
JARID2,MCM3,1
JARID2,MCM4,1
JARID2,MCM5,1
JARID2,MCM6,1
JARID2,MDN1,1
JARID2,MEG3,1
JARID2,MEIS1,1
JARID2,MEIS3,1
JARID2,MFSD10,1
JARID2,MME,1
JARID2,MORC4,1
JARID2,MOV10,1
JARID2,MPP1,1
JARID2,MPZL2,1
JARID2,MSH2,1
JARID2,MSH6,1
JARID2,MT1,1
JARID2,MTA3,1
JARID2,MTF2,1
JARID2,MYBBP1A,1
JARID2,MYBL2,1
JARID2,MYH9,1
JARID2,MYLPF,1
JARID2,NANOG,1
JARID2,NCOA3,1
JARID2,NDN,1
JARID2,NDRG1,1
JARID2,NDRG4,1
JARID2,NFATC2IP,1
JARID2,NFE2L2,1
JARID2,NFIA,1
JARID2,NFIB,1
JARID2,NOTCH1,1
JARID2,NOTUM,1
JARID2,NPL,1
JARID2,NR0B1,1
JARID2,NR2F2,1
JARID2,NR5A2,1
JARID2,NXF7,1
JARID2,ODC1,1
JARID2,OTX2,1
JARID2,PA2G4,1
JARID2,PAX6,1
JARID2,PAX8,1
JARID2,PCBD1,1
JARID2,PCNA,1
JARID2,PCSK6,1
JARID2,PDGFRA,1
JARID2,PDLIM1,1
JARID2,PDPN,1
JARID2,PFAS,1
JARID2,PHF20,1
JARID2,PIPOX,1
JARID2,PKNOX2,1
JARID2,PLA2G1B,1
JARID2,PLAT,1
JARID2,PLTP,1
JARID2,POLR1A,1
JARID2,POLR1B,1
JARID2,POU4F1,1
JARID2,POU5F1,1
JARID2,POU6F1,1
JARID2,PPP2R5A,1
JARID2,PRDM5,1
JARID2,PRDX1,1
JARID2,PROX1,1
JARID2,PRPS2,1
JARID2,PTPN3,1
JARID2,RAD51,1
JARID2,RAD54B,1
JARID2,RANBP17,1
JARID2,RANGRF,1
JARID2,RARG,1
JARID2,RBM47,1
JARID2,RBPMS2,1
JARID2,RDM1,1
JARID2,RENBP,1
JARID2,REST,1
JARID2,RHOX6,1
JARID2,RPL39L,1
JARID2,RPP25,1
JARID2,RRM2,1
JARID2,RRP1B,1
JARID2,RTN1,1
JARID2,RYBP,1
JARID2,SALL4,1
JARID2,SATB1,1
JARID2,SDC4,1
JARID2,SEC24D,1
JARID2,SENP3,1
JARID2,SERPINB6A,1
JARID2,SERPINB6C,1
JARID2,SETX,1
JARID2,SFMBT2,1
JARID2,SGK1,1
JARID2,SIRT1,1
JARID2,SIX1,1
JARID2,SLC16A1,1
JARID2,SLC16A6,1
JARID2,SLC17A9,1
JARID2,SLC1A5,1
JARID2,SLC7A3,1
JARID2,SLC7A5,1
JARID2,SLC7A7,1
JARID2,SMAD7,1
JARID2,SMARCC2,1
JARID2,SNHG1,1
JARID2,SNORD87,1
JARID2,SNX2,1
JARID2,SOX4,1
JARID2,SPOCK1,1
JARID2,SPP1,1
JARID2,SPRY2,1
JARID2,SPRY4,1
JARID2,SRGN,1
JARID2,SRM,1
JARID2,STAG3,1
JARID2,STARD8,1
JARID2,STAT4,1
JARID2,SUZ12,1
JARID2,TAF5,1
JARID2,TBRG1,1
JARID2,TBX3,1
JARID2,TCEA3,1
JARID2,TCF12,1
JARID2,TCF7,1
JARID2,TCL1,1
JARID2,TCOF1,1
JARID2,TDGF1,1
JARID2,TDH,1
JARID2,TET1,1
JARID2,TGIF1,1
JARID2,TIMP2,1
JARID2,TNS4,1
JARID2,TOP2A,1
JARID2,TOP2B,1
JARID2,TOX3,1
JARID2,TPD52,1
JARID2,TPX2,1
JARID2,TRIM13,1
JARID2,TRIM2,1
JARID2,TRIM25,1
JARID2,TRP53,1
JARID2,TSHZ3,1
JARID2,TTF2,1
JARID2,TUBA4A,1
JARID2,TUBB2B,1
JARID2,UCHL1,1
JARID2,UHRF1,1
JARID2,UNG,1
JARID2,UPP1,1
JARID2,USP28,1
JARID2,UTF1,1
JARID2,VAMP8,1
JARID2,VANGL1,1
JARID2,VEZF1,1
JARID2,VIM,1
JARID2,XRCC5,1
JARID2,XRCC6,1
JARID2,ZBTB20,1
JARID2,ZEB1,1
JARID2,ZEB2,1
JARID2,ZFP296,1
JARID2,ZFP42,1
JARID2,ZFP423,1
JARID2,ZFP600,1
JARID2,ZFP768,1
JARID2,ZIC3,1
JARID2,ZMYND11,1
JARID2,ZSCAN10,1
JARID2,ZSWIM4,1
KLF4,2200002D01RIK,1
KLF4,ABHD5,1
KLF4,ABTB1,1
KLF4,ACADM,1
KLF4,ACP6,1
KLF4,ADAM15,1
KLF4,ADAM19,1
KLF4,AES,1
KLF4,AFF1,1
KLF4,AGPAT4,1
KLF4,AHNAK,1
KLF4,AIRE,1
KLF4,AKR1B8,1
KLF4,ALDH2,1
KLF4,ALG13,1
KLF4,AMFR,1
KLF4,AMOT,1
KLF4,AMOTL2,1
KLF4,ANKRD6,1
KLF4,ANP32A,1
KLF4,ANXA2,1
KLF4,APOBEC3,1
KLF4,APOE,1
KLF4,APP,1
KLF4,AQP3,1
KLF4,AQP8,1
KLF4,ARHGAP29,1
KLF4,ARHGEF5,1
KLF4,ARID3B,1
KLF4,ARID5B,1
KLF4,ARNT2,1
KLF4,ASS1,1
KLF4,ASXL1,1
KLF4,ATF3,1
KLF4,ATG16L2,1
KLF4,ATP1B1,1
KLF4,BACH2,1
KLF4,BAG2,1
KLF4,BARX1,1
KLF4,BASP1,1
KLF4,BAZ1A,1
KLF4,BCAS3,1
KLF4,BCAT1,1
KLF4,BCL3,1
KLF4,BEND5,1
KLF4,BEX1,1
KLF4,BMP4,1
KLF4,BNC2,1
KLF4,BNIP3,1
KLF4,BRCA2,1
KLF4,BRWD1,1
KLF4,CACHD1,1
KLF4,CALCOCO2,1
KLF4,CALD1,1
KLF4,CAR2,1
KLF4,CAR4,1
KLF4,CBX4,1
KLF4,CBX7,1
KLF4,CBX8,1
KLF4,CCND2,1
KLF4,CCND3,1
KLF4,CCNE1,1
KLF4,CCNG1,1
KLF4,CD63,1
KLF4,CD9,1
KLF4,CDC20,1
KLF4,CDC42SE2,1
KLF4,CDIPT,1
KLF4,CDKN1A,1
KLF4,CHD5,1
KLF4,CHD7,1
KLF4,CHST15,1
KLF4,CITED1,1
KLF4,CKB,1
KLF4,CLDN6,1
KLF4,CLIC1,1
KLF4,CLN6,1
KLF4,CNN2,1
KLF4,CNOT6,1
KLF4,CNOT6L,1
KLF4,COBL,1
KLF4,COBLL1,1
KLF4,COL4A1,1
KLF4,COTL1,1
KLF4,CPM,1
KLF4,CRABP2,1
KLF4,CREB3,1
KLF4,CRIP2,1
KLF4,CRTAP,1
KLF4,CRYAB,1
KLF4,CSRP1,1
KLF4,CSTB,1
KLF4,CTH,1
KLF4,CTNNAL1,1
KLF4,CTNNBIP1,1
KLF4,CTSD,1
KLF4,CUBN,1
KLF4,CUX2,1
KLF4,CYP26A1,1
KLF4,DAB2,1
KLF4,DDAH1,1
KLF4,DDAH2,1
KLF4,DDX54,1
KLF4,DDX58,1
KLF4,DENND2C,1
KLF4,DKK1,1
KLF4,DMRT1,1
KLF4,DNAJC10,1
KLF4,DNMT3A,1
KLF4,DPP4,1
KLF4,DTX1,1
KLF4,DUSP3,1
KLF4,DUSP9,1
KLF4,E2F2,1
KLF4,EBF1,1
KLF4,EBF4,1
KLF4,EGR1,1
KLF4,EHD1,1
KLF4,EHMT2,1
KLF4,EIF2S2,1
KLF4,ELAVL2,1
KLF4,ELK4,1
KLF4,ELL3,1
KLF4,ELOVL6,1
KLF4,EMP2,1
KLF4,EOMES,1
KLF4,EPAS1,1
KLF4,EPHA2,1
KLF4,EPHA4,1
KLF4,EPS8,1
KLF4,ESRRB,1
KLF4,ETV4,1
KLF4,ETV5,1
KLF4,ETV6,1
KLF4,EYA1,1
KLF4,F2R,1
KLF4,FAHD2A,1
KLF4,FAM102A,1
KLF4,FAM129B,1
KLF4,FBLIM1,1
KLF4,FDPS,1
KLF4,FGF10,1
KLF4,FGF3,1
KLF4,FGF4,1
KLF4,FGFR4,1
KLF4,FHL2,1
KLF4,FKBP11,1
KLF4,FLRT3,1
KLF4,FN1,1
KLF4,FNDC3B,1
KLF4,FOSL2,1
KLF4,FOXA2,1
KLF4,FOXN3,1
KLF4,FOXP1,1
KLF4,FOXQ1,1
KLF4,FRMD4A,1
KLF4,FRRS1,1
KLF4,FXYD6,1
KLF4,GAA,1
KLF4,GABARAPL2,1
KLF4,GALNT2,1
KLF4,GAS6,1
KLF4,GATA4,1
KLF4,GATA6,1
KLF4,GBX2,1
KLF4,GCNT1,1
KLF4,GDPD5,1
KLF4,GFPT1,1
KLF4,GFPT2,1
KLF4,GGTA1,1
KLF4,GHR,1
KLF4,GJA1,1
KLF4,GJB3,1
KLF4,GLI2,1
KLF4,GLIPR2,1
KLF4,GLIS2,1
KLF4,GLUL,1
KLF4,GNAS,1
KLF4,GNG2,1
KLF4,GORASP2,1
KLF4,GPA33,1
KLF4,GPRC5C,1
KLF4,GRAMD1A,1
KLF4,GRB10,1
KLF4,GRIN1,1
KLF4,GSN,1
KLF4,GSTA4,1
KLF4,GTF2A1L,1
KLF4,GTF2I,1
KLF4,H1F0,1
KLF4,HDAC11,1
KLF4,HELLS,1
KLF4,HES1,1
KLF4,HES6,1
KLF4,HEXIM1,1
KLF4,HIF1A,1
KLF4,HIP1,1
KLF4,HIST1H2BB,1
KLF4,HIST1H2BK,1
KLF4,HIST1H2BN,1
KLF4,HIVEP2,1
KLF4,HKDC1,1
KLF4,HMGA2,1
KLF4,HMGCS1,1
KLF4,HMGXB3,1
KLF4,HOOK1,1
KLF4,HOPX,1
KLF4,HSD17B14,1
KLF4,HSF2,1
KLF4,HSF2BP,1
KLF4,HSPA8,1
KLF4,HSPB1,1
KLF4,HSPG2,1
KLF4,HTRA1,1
KLF4,ICAM1,1
KLF4,ID2,1
KLF4,ID3,1
KLF4,IFITM1,1
KLF4,IFITM3,1
KLF4,IGFBP2,1
KLF4,IL33,1
KLF4,ILF3,1
KLF4,ING3,1
KLF4,IRF1,1
KLF4,IRF2,1
KLF4,IRF6,1
KLF4,ITGA9,1
KLF4,ITGAV,1
KLF4,ITM2B,1
KLF4,ITPK1,1
KLF4,JAM2,1
KLF4,JDP2,1
KLF4,JUN,1
KLF4,JUND,1
KLF4,KANK2,1
KLF4,KAT2B,1
KLF4,KCNG1,1
KLF4,KDELR3,1
KLF4,KDM3A,1
KLF4,KLF10,1
KLF4,KLF15,1
KLF4,KLF2,1
KLF4,KLF3,1
KLF4,KLF8,1
KLF4,KRT17,1
KLF4,KRT18,1
KLF4,KRT19,1
KLF4,KRT42,1
KLF4,KRT8,1
KLF4,LAD1,1
KLF4,LAMA1,1
KLF4,LAMA5,1
KLF4,LAMC1,1
KLF4,LAMP2,1
KLF4,LAPTM5,1
KLF4,LASP1,1
KLF4,LDB1,1
KLF4,LDHB,1
KLF4,LEFTY1,1
KLF4,LEFTY2,1
KLF4,LGALS3,1
KLF4,LGMN,1
KLF4,LIFR,1
KLF4,LIMCH1,1
KLF4,LIPG,1
KLF4,LMO4,1
KLF4,LRP2,1
KLF4,LRPAP1,1
KLF4,LRRC2,1
KLF4,LRRC8D,1
KLF4,LTBP4,1
KLF4,LY75,1
KLF4,MANBA,1
KLF4,MAPK11,1
KLF4,MAPK13,1
KLF4,MAPK8,1
KLF4,MAPKAPK2,1
KLF4,MARCKS,1
KLF4,MATR3,1
KLF4,MCFD2,1
KLF4,MCM10,1
KLF4,MCM6,1
KLF4,ME1,1
KLF4,MEG3,1
KLF4,MEIS1,1
KLF4,MEIS3,1
KLF4,MFGE8,1
KLF4,MLLT1,1
KLF4,MLXIP,1
KLF4,MME,1
KLF4,MORC4,1
KLF4,MOV10,1
KLF4,MPZL2,1
KLF4,MRAS,1
KLF4,MSC,1
KLF4,MSH6,1
KLF4,MTF2,1
KLF4,MXD4,1
KLF4,MYC,1
KLF4,MYCN,1
KLF4,MYLPF,1
KLF4,MYO18A,1
KLF4,MYO1C,1
KLF4,MYO6,1
KLF4,MYO7A,1
KLF4,NAGK,1
KLF4,NANOG,1
KLF4,NCOA6,1
KLF4,NDN,1
KLF4,NDRG1,1
KLF4,NFATC2IP,1
KLF4,NFATC3,1
KLF4,NFATC4,1
KLF4,NFE2L1,1
KLF4,NFE2L2,1
KLF4,NFIB,1
KLF4,NFIC,1
KLF4,NFKBIA,1
KLF4,NID1,1
KLF4,NIPSNAP1,1
KLF4,NME2,1
KLF4,NOTCH4,1
KLF4,NOTUM,1
KLF4,NPAS2,1
KLF4,NR0B1,1
KLF4,NR1D2,1
KLF4,NR2F6,1
KLF4,NR4A1,1
KLF4,NR5A2,1
KLF4,NRG2,1
KLF4,NSD1,1
KLF4,NSMAF,1
KLF4,NUPR1,1
KLF4,NXF7,1
KLF4,OBSL1,1
KLF4,OTX2,1
KLF4,P4HA2,1
KLF4,PARVB,1
KLF4,PATZ1,1
KLF4,PAX1,1
KLF4,PAX6,1
KLF4,PAX8,1
KLF4,PBXIP1,1
KLF4,PCBD1,1
KLF4,PCOLCE,1
KLF4,PCOLCE2,1
KLF4,PCSK6,1
KLF4,PDE4DIP,1
KLF4,PDGFA,1
KLF4,PDGFRA,1
KLF4,PDK1,1
KLF4,PDLIM1,1
KLF4,PDPN,1
KLF4,PEG10,1
KLF4,PER1,1
KLF4,PFKP,1
KLF4,PGA5,1
KLF4,PHC1,1
KLF4,PHF12,1
KLF4,PHF20,1
KLF4,PHGDH,1
KLF4,PHLDA3,1
KLF4,PIK3R1,1
KLF4,PITX1,1
KLF4,PITX2,1
KLF4,PLAG1,1
KLF4,PLAUR,1
KLF4,PLOD1,1
KLF4,PLSCR1,1
KLF4,PLTP,1
KLF4,PLXNB2,1
KLF4,PODXL,1
KLF4,POLE4,1
KLF4,POLR1B,1
KLF4,POU4F2,1
KLF4,POU5F1,1
KLF4,POU6F1,1
KLF4,PRDM1,1
KLF4,PRDM5,1
KLF4,PROX1,1
KLF4,PRPS2,1
KLF4,PRRX2,1
KLF4,PRSS35,1
KLF4,PSAP,1
KLF4,PSME2,1
KLF4,PTPN14,1
KLF4,PTPN3,1
KLF4,PXDN,1
KLF4,RAB11A,1
KLF4,RAB3IL1,1
KLF4,RAD54B,1
KLF4,RAI14,1
KLF4,RANBP17,1
KLF4,RAPGEF3,1
KLF4,RARG,1
KLF4,RASGRP2,1
KLF4,RB1,1
KLF4,RBPJ,1
KLF4,RBPMS2,1
KLF4,RCN3,1
KLF4,RENBP,1
KLF4,REST,1
KLF4,REV1,1
KLF4,RFX2,1
KLF4,RFXAP,1
KLF4,RHPN1,1
KLF4,RIAN,1
KLF4,RLIM,1
KLF4,RMND5B,1
KLF4,RNF19A,1
KLF4,RNF2,1
KLF4,RNF6,1
KLF4,RNPEP,1
KLF4,RPL5,1
KLF4,RPP25,1
KLF4,RTN1,1
KLF4,RUNX3,1
KLF4,S100A6,1
KLF4,SAP30,1
KLF4,SATB1,1
KLF4,SATB2,1
KLF4,SEMA4C,1
KLF4,SERPINB6C,1
KLF4,SERPINE2,1
KLF4,SERPING1,1
KLF4,SERPINH1,1
KLF4,SETD7,1
KLF4,SFI1,1
KLF4,SFMBT2,1
KLF4,SFPQ,1
KLF4,SHF,1
KLF4,SHISA5,1
KLF4,SIDT2,1
KLF4,SIX1,1
KLF4,SKIL,1
KLF4,SLC16A1,1
KLF4,SLC16A6,1
KLF4,SLC17A9,1
KLF4,SLC1A5,1
KLF4,SLC20A1,1
KLF4,SLC25A39,1
KLF4,SLC25A4,1
KLF4,SLC26A10,1
KLF4,SLC35F5,1
KLF4,SLC38A2,1
KLF4,SLC5A11,1
KLF4,SLC6A6,1
KLF4,SLC6A8,1
KLF4,SLC7A3,1
KLF4,SLC7A7,1
KLF4,SLCO3A1,1
KLF4,SMAD7,1
KLF4,SMARCAD1,1
KLF4,SMARCD1,1
KLF4,SMS,1
KLF4,SMURF1,1
KLF4,SNAI1,1
KLF4,SNAPC3,1
KLF4,SNHG1,1
KLF4,SNURF,1
KLF4,SNX1,1
KLF4,SOAT1,1
KLF4,SOCS2,1
KLF4,SOX15,1
KLF4,SOX17,1
KLF4,SOX4,1
KLF4,SP8,1
KLF4,SPARC,1
KLF4,SPP1,1
KLF4,SPRY4,1
KLF4,SRF,1
KLF4,SRGN,1
KLF4,SSB,1
KLF4,SSBP4,1
KLF4,ST5,1
KLF4,STARD10,1
KLF4,STARD8,1
KLF4,STAT4,1
KLF4,STMN1,1
KLF4,SUN1,1
KLF4,SURF4,1
KLF4,SUSD2,1
KLF4,SYNE2,1
KLF4,TADA3,1
KLF4,TAF5,1
KLF4,TAGLN2,1
KLF4,TAX1BP3,1
KLF4,TBX18,1
KLF4,TBX3,1
KLF4,TCEA3,1
KLF4,TCF20,1
KLF4,TCF7L2,1
KLF4,TCL1,1
KLF4,TCN2,1
KLF4,TEAD1,1
KLF4,TEAD3,1
KLF4,TEAD4,1
KLF4,TET2,1
KLF4,TGFB1,1
KLF4,TGFB1I1,1
KLF4,TGFBR3,1
KLF4,TGIF1,1
KLF4,TGM1,1
KLF4,THBD,1
KLF4,TINAGL1,1
KLF4,TMEM150A,1
KLF4,TMEM231,1
KLF4,TNS1,1
KLF4,TNS4,1
KLF4,TOP2B,1
KLF4,TOX3,1
KLF4,TPD52,1
KLF4,TPI1,1
KLF4,TRH,1
KLF4,TRIM13,1
KLF4,TRIM2,1
KLF4,TRIM25,1
KLF4,TRPS1,1
KLF4,TUBA4A,1
KLF4,TUBB2B,1
KLF4,TXNIP,1
KLF4,TYRO3,1
KLF4,UAP1,1
KLF4,UPP1,1
KLF4,USP28,1
KLF4,UTF1,1
KLF4,VAMP8,1
KLF4,VANGL1,1
KLF4,VCAN,1
KLF4,VEGFA,1
KLF4,VEZF1,1
KLF4,VILL,1
KLF4,VKORC1,1
KLF4,WDR45,1
KLF4,WWTR1,1
KLF4,XAF1,1
KLF4,XBP1,1
KLF4,XRCC6,1
KLF4,ZBTB10,1
KLF4,ZBTB20,1
KLF4,ZBTB24,1
KLF4,ZBTB32,1
KLF4,ZBTB38,1
KLF4,ZBTB43,1
KLF4,ZBTB7A,1
KLF4,ZDHHC15,1
KLF4,ZEB1,1
KLF4,ZEB2,1
KLF4,ZFHX3,1
KLF4,ZFP219,1
KLF4,ZFP275,1
KLF4,ZFP277,1
KLF4,ZFP281,1
KLF4,ZFP296,1
KLF4,ZFP367,1
KLF4,ZFP42,1
KLF4,ZFP423,1
KLF4,ZFP532,1
KLF4,ZFP57,1
KLF4,ZFP768,1
KLF4,ZFPM1,1
KLF4,ZFYVE21,1
KLF4,ZHX3,1
KLF4,ZIC3,1
KLF4,ZYX,1
MEF2C,4930402H24RIK,1
MEF2C,ACP6,1
MEF2C,ADAM23,1
MEF2C,ALG13,1
MEF2C,ANXA5,1
MEF2C,ARHGAP32,1
MEF2C,ARID5B,1
MEF2C,ARL6IP5,1
MEF2C,ARNTL,1
MEF2C,BACH2,1
MEF2C,BMP6,1
MEF2C,CALCOCO2,1
MEF2C,CAR2,1
MEF2C,CCND1,1
MEF2C,CCND2,1
MEF2C,CHST15,1
MEF2C,CLIC1,1
MEF2C,COTL1,1
MEF2C,CRABP2,1
MEF2C,CREB3L2,1
MEF2C,CRYAB,1
MEF2C,CST3,1
MEF2C,CYP26A1,1
MEF2C,DAB2,1
MEF2C,DDAH2,1
MEF2C,DIDO1,1
MEF2C,DNMT3A,1
MEF2C,DUSP9,1
MEF2C,EIF2S2,1
MEF2C,EMP2,1
MEF2C,EPAS1,1
MEF2C,ETS1,1
MEF2C,EYA1,1
MEF2C,FABP3,1
MEF2C,FBXO15,1
MEF2C,FGF10,1
MEF2C,FHL2,1
MEF2C,FNDC3B,1
MEF2C,FOXP1,1
MEF2C,FRMD4A,1
MEF2C,GGTA1,1
MEF2C,GJB3,1
MEF2C,GSN,1
MEF2C,HOPX,1
MEF2C,HTRA1,1
MEF2C,ILDR1,1
MEF2C,IRF2,1
MEF2C,ITGA9,1
MEF2C,JAM2,1
MEF2C,JDP2,1
MEF2C,KIT,1
MEF2C,KLF2,1
MEF2C,KLF8,1
MEF2C,KRT17,1
MEF2C,LAD1,1
MEF2C,LAMA1,1
MEF2C,LRP2,1
MEF2C,LRPAP1,1
MEF2C,LRRC2,1
MEF2C,LY6G6E,1
MEF2C,LY75,1
MEF2C,MAFK,1
MEF2C,MEF2D,1
MEF2C,MEIS1,1
MEF2C,MSC,1
MEF2C,MYC,1
MEF2C,MYLPF,1
MEF2C,MYO18A,1
MEF2C,MYO5B,1
MEF2C,NDRG4,1
MEF2C,NFATC4,1
MEF2C,NFIL3,1
MEF2C,NFKBIA,1
MEF2C,NOTCH1,1
MEF2C,NOTUM,1
MEF2C,NPAS2,1
MEF2C,NR5A2,1
MEF2C,NRG1,1
MEF2C,OVOL1,1
MEF2C,PAX8,1
MEF2C,PGA5,1
MEF2C,PIPOX,1
MEF2C,PITX2,1
MEF2C,PLSCR1,1
MEF2C,POU4F2,1
MEF2C,POU6F1,1
MEF2C,PRDM1,1
MEF2C,PROX1,1
MEF2C,PRPS2,1
MEF2C,PRSS35,1
MEF2C,PTH1R,1
MEF2C,RAPGEF3,1
MEF2C,RFX2,1
MEF2C,SATB2,1
MEF2C,SERPINH1,1
MEF2C,SERTAD2,1
MEF2C,SH3PXD2B,1
MEF2C,SHROOM3,1
MEF2C,SLC6A8,1
MEF2C,SMARCA2,1
MEF2C,SOAT1,1
MEF2C,SP8,1
MEF2C,SPP1,1
MEF2C,STARD8,1
MEF2C,STAT4,1
MEF2C,SUSD2,1
MEF2C,TAF6L,1
MEF2C,TBX18,1
MEF2C,TBX3,1
MEF2C,TCEA3,1
MEF2C,TCL1,1
MEF2C,TDGF1,1
MEF2C,TDH,1
MEF2C,TET2,1
MEF2C,ULK1,1
MEF2C,ZEB2,1
MEF2C,ZFP42,1
MEF2C,ZFP710,1
MSC,2410141K09RIK,1
MSC,AMOT,1
MSC,ANKRD6,1
MSC,APOE,1
MSC,APP,1
MSC,B2M,1
MSC,BARX1,1
MSC,BASP1,1
MSC,BMI1,1
MSC,BMPER,1
MSC,CFC1,1
MSC,CHCHD10,1
MSC,CLDN6,1
MSC,COTL1,1
MSC,CRABP2,1
MSC,CSRP1,1
MSC,CUBN,1
MSC,CUX2,1
MSC,DAB2,1
MSC,DDIT3,1
MSC,DKK1,1
MSC,DMRT1,1
MSC,E2F2,1
MSC,EBF1,1
MSC,EBF4,1
MSC,ELF4,1
MSC,EPAS1,1
MSC,FHL2,1
MSC,FOXA2,1
MSC,GABBR1,1
MSC,GATA3,1
MSC,GATA6,1
MSC,GJB3,1
MSC,GLIPR1,1
MSC,GLIPR2,1
MSC,GLS,1
MSC,GRIN1,1
MSC,HIST1H2AF,1
MSC,HIST1H2AI,1
MSC,HIST1H4K,1
MSC,HOXD13,1
MSC,HSPA8,1
MSC,HSPB1,1
MSC,HTRA1,1
MSC,ID2,1
MSC,ID3,1
MSC,ID4,1
MSC,IRF1,1
MSC,KLB,1
MSC,KLF13,1
MSC,KRT17,1
MSC,KRT42,1
MSC,LAMA1,1
MSC,LAMP2,1
MSC,LAPTM5,1
MSC,LDHB,1
MSC,LEFTY1,1
MSC,LY6E,1
MSC,MCAM,1
MSC,MDK,1
MSC,MEIS1,1
MSC,MKX,1
MSC,MRAS,1
MSC,NFATC1,1
MSC,NOTCH1,1
MSC,NOTCH4,1
MSC,NOTUM,1
MSC,NSMAF,1
MSC,PAX6,1
MSC,PAX8,1
MSC,PBXIP1,1
MSC,PDGFRA,1
MSC,PDPN,1
MSC,PKNOX2,1
MSC,PLAUR,1
MSC,POU5F1,1
MSC,POU6F1,1
MSC,PRDM1,1
MSC,PSME2,1
MSC,PTH1R,1
MSC,RAPGEF3,1
MSC,RBM47,1
MSC,RHOX6,1
MSC,SERPINB6C,1
MSC,SFMBT2,1
MSC,SHROOM3,1
MSC,SNORA62,1
MSC,SNX25,1
MSC,SORD,1
MSC,SOX17,1
MSC,SP8,1
MSC,SPEN,1
MSC,SPNS2,1
MSC,SRGN,1
MSC,ST3GAL6,1
MSC,STAT4,1
MSC,STAT5B,1
MSC,TBX18,1
MSC,TBX3,1
MSC,TCEA3,1
MSC,TCL1,1
MSC,TINAGL1,1
MSC,TNS4,1
MSC,VIM,1
MSC,ZDHHC15,1
MYBL2,ARL6IP5,1
MYBL2,BMI1,1
MYBL2,CAR4,1
MYBL2,CRABP2,1
MYBL2,CUBN,1
MYBL2,CUX2,1
MYBL2,DAB2,1
MYBL2,DDIT3,1
MYBL2,DKK1,1
MYBL2,EMX2,1
MYBL2,EP300,1
MYBL2,FABP3,1
MYBL2,FGF3,1
MYBL2,FHL2,1
MYBL2,FOXA2,1
MYBL2,FRMD4A,1
MYBL2,GATA4,1
MYBL2,GATA6,1
MYBL2,GGTA1,1
MYBL2,GRIN1,1
MYBL2,HIST1H1D,1
MYBL2,HSPA8,1
MYBL2,KLB,1
MYBL2,KRT18,1
MYBL2,KRT19,1
MYBL2,KRT8,1
MYBL2,LAMP2,1
MYBL2,LAPTM5,1
MYBL2,LHX2,1
MYBL2,LY6G6E,1
MYBL2,MED12,1
MYBL2,MYO6,1
MYBL2,NUPR1,1
MYBL2,OVOL1,1
MYBL2,PAX8,1
MYBL2,PRPS2,1
MYBL2,SERPINH1,1
MYBL2,SIDT2,1
MYBL2,SNORA62,1
MYBL2,SRGN,1
MYBL2,SUN2,1
MYBL2,TAGLN2,1
MYBL2,TBX18,1
MYBL2,TBX3,1
MYBL2,TEAD1,1
MYBL2,TGM1,1
MYBL2,THBD,1
MYBL2,TMED9,1
MYBL2,ZBTB32,1
MYC,4930402H24RIK,1
MYC,AATF,1
MYC,ADAM23,1
MYC,ADAMTS9,1
MYC,AFF1,1
MYC,AIRE,1
MYC,AKR1B8,1
MYC,AKT1,1
MYC,ALPL,1
MYC,AMOTL2,1
MYC,APOE,1
MYC,ARNT2,1
MYC,ARNTL,1
MYC,ATF7,1
MYC,BARX1,1
MYC,BASP1,1
MYC,BAZ1A,1
MYC,BCAM,1
MYC,BEND5,1
MYC,BMP6,1
MYC,CACHD1,1
MYC,CALD1,1
MYC,CAR2,1
MYC,CFC1,1
MYC,CHN2,1
MYC,COMMD3,1
MYC,DDAH2,1
MYC,DDX58,1
MYC,DPP4,1
MYC,DTX1,1
MYC,DUSP6,1
MYC,EBF1,1
MYC,EBF4,1
MYC,EGR1,1
MYC,ELAVL2,1
MYC,ELF1,1
MYC,ENAH,1
MYC,EPAS1,1
MYC,EPHA4,1
MYC,ETV1,1
MYC,F2R,1
MYC,FGF10,1
MYC,FGFR4,1
MYC,FKBP11,1
MYC,FOXD3,1
MYC,FST,1
MYC,FXYD6,1
MYC,GABBR1,1
MYC,GATA3,1
MYC,GBX2,1
MYC,GHR,1
MYC,GJB3,1
MYC,GLS,1
MYC,GNPTAB,1
MYC,GPRC5C,1
MYC,HIVEP2,1
MYC,HSPB1,1
MYC,HTRA1,1
MYC,IDI1,1
MYC,IFI30,1
MYC,ILDR1,1
MYC,IMPDH1,1
MYC,ISYNA1,1
MYC,ITM2B,1
MYC,KAT2B,1
MYC,LAPTM5,1
MYC,LEFTY1,1
MYC,LEFTY2,1
MYC,LGALS3,1
MYC,LIMCH1,1
MYC,LMO4,1
MYC,LRP2,1
MYC,MAFK,1
MYC,MANBA,1
MYC,MATR3,1
MYC,MEG3,1
MYC,MEIS1,1
MYC,MLXIPL,1
MYC,MOV10,1
MYC,MRAS,1
MYC,MT1,1
MYC,MYCN,1
MYC,MYO6,1
MYCN,ADAM23,1
MYC,NAGK,1
MYCN,AIRE,1
MYCN,ARNTL,1
MYCN,BMP6,1
MYCN,CMKLR1,1
MYCN,CYP26A1,1
MYCN,DDAH1,1
MYCN,EBF1,1
MYCN,ELAVL2,1
MYCN,EP300,1
MYC,NFATC4,1
MYCN,FKBP11,1
MYCN,FOXA2,1
MYCN,FOXJ3,1
MYCN,FRMD4A,1
MYCN,GATA3,1
MYCN,GATA6,1
MYCN,GDPD5,1
MYCN,GRHL1,1
MYCN,HIST1H2BN,1
MYCN,HSPG2,1
MYCN,INSIG1,1
MYCN,LEFTY1,1
MYCN,LEFTY2,1
MYCN,MAML3,1
MYC,NME2,1
MYCN,MKX,1
MYCN,MPZL2,1
MYCN,NFATC4,1
MYCN,NR1D1,1
MYCN,NR1D2,1
MYCN,NR1H2,1
MYCN,NRG2,1
MYC,NOTUM,1
MYC,NR0B1,1
MYC,NR1D1,1
MYC,NR1D2,1
MYCN,RAPGEF3,1
MYC,NRG1,1
MYCN,RUNX1,1
MYCN,SERPING1,1
MYCN,SLC16A1,1
MYCN,SLC7A6,1
MYCN,STAG3,1
MYCN,STAT5A,1
MYCN,TCL1,1
MYCN,TINAGL1,1
MYCN,TNS4,1
MYCN,UNG,1
MYCN,XAF1,1
MYC,PAX8,1
MYC,PDGFA,1
MYC,PHC1,1
MYC,PHGDH,1
MYC,PHLDB2,1
MYC,PIAS3,1
MYC,PITX1,1
MYC,PITX2,1
MYC,PODXL,1
MYC,PRSS35,1
MYC,PSME2,1
MYC,PTH1R,1
MYC,RBMS1,1
MYC,RIAN,1
MYC,RPP25,1
MYC,SDC4,1
MYC,SERPINB6C,1
MYC,SERPING1,1
MYC,SETX,1
MYC,SFMBT2,1
MYC,SGK1,1
MYC,SLC16A1,1
MYC,SLC7A6,1
MYC,SNURF,1
MYC,SP8,1
MYC,SPP1,1
MYC,SRM,1
MYC,SSBP4,1
MYC,SUSD2,1
MYC,SYNE2,1
MYC,TBX18,1
MYC,TDGF1,1
MYC,TEAD3,1
MYC,TEAD4,1
MYC,TGFB1,1
MYC,TGFB1I1,1
MYC,TIMP3,1
MYC,TMSB4X,1
MYC,TNS4,1
MYC,TOX3,1
MYC,TRIM2,1
MYC,TSPAN4,1
MYC,VIM,1
MYC,WWTR1,1
MYC,ZBTB20,1
MYC,ZEB2,1
MYC,ZFP423,1
MYC,ZIC3,1
MYC,ZYX,1
NANOG,2200002D01RIK,1
NANOG,ABHD5,1
NANOG,ABTB1,1
NANOG,ACP6,1
NANOG,ADAMTS9,1
NANOG,AES,1
NANOG,AHNAK,1
NANOG,AIRE,1
NANOG,AKAP12,1
NANOG,AKT1,1
NANOG,ALDH2,1
NANOG,AMOTL2,1
NANOG,ANKRD6,1
NANOG,ANP32A,1
NANOG,ANXA5,1
NANOG,APLP1,1
NANOG,APOBEC3,1
NANOG,APP,1
NANOG,ARHGAP21,1
NANOG,ARHGAP29,1
NANOG,ARHGEF5,1
NANOG,ARL6IP5,1
NANOG,ARPC1B,1
NANOG,ASH1L,1
NANOG,ASXL1,1
NANOG,B2M,1
NANOG,BACH2,1
NANOG,BASP1,1
NANOG,BIN1,1
NANOG,BMI1,1
NANOG,BMP4,1
NANOG,BNIP3,1
NANOG,BRD7,1
NANOG,BTAF1,1
NANOG,BTG1,1
NANOG,BTG2,1
NANOG,CACHD1,1
NANOG,CALCOCO2,1
NANOG,CALD1,1
NANOG,CAR2,1
NANOG,CAR4,1
NANOG,CBX4,1
NANOG,CCND1,1
NANOG,CENPV,1
NANOG,CITED2,1
NANOG,CLDN6,1
NANOG,CLN6,1
NANOG,CMKLR1,1
NANOG,CNN2,1
NANOG,CNOT6,1
NANOG,COBL,1
NANOG,COBLL1,1
NANOG,COL4A1,1
NANOG,COL4A2,1
NANOG,COMMD3,1
NANOG,COX7A1,1
NANOG,CR1L,1
NANOG,CRABP2,1
NANOG,CREB3,1
NANOG,CSRP1,1
NANOG,CSRP2,1
NANOG,D230025D16RIK,1
NANOG,DAB2,1
NANOG,DAP,1
NANOG,DDAH2,1
NANOG,DDB2,1
NANOG,DENND2C,1
NANOG,DKK1,1
NANOG,DMRT1,1
NANOG,DPP4,1
NANOG,DTX1,1
NANOG,DUSP3,1
NANOG,DUSP6,1
NANOG,DUSP9,1
NANOG,E2F2,1
NANOG,E2F6,1
NANOG,EBF4,1
NANOG,ECHDC2,1
NANOG,EGR1,1
NANOG,EIF4A-PS4,1
NANOG,ELF3,1
NANOG,ELL3,1
NANOG,EOMES,1
NANOG,ESPL1,1
NANOG,ESRRB,1
NANOG,ETV4,1
NANOG,ETV5,1
NANOG,FBLIM1,1
NANOG,FGF3,1
NANOG,FGF4,1
NANOG,FGFR4,1
NANOG,FN1,1
NANOG,FNDC3B,1
NANOG,FOXO3,1
NANOG,FUT8,1
NANOG,FXYD6,1
NANOG,GATA3,1
NANOG,GATA4,1
NANOG,GATA6,1
NANOG,GBX2,1
NANOG,GCLM,1
NANOG,GFPT1,1
NANOG,GFPT2,1
NANOG,GJA1,1
NANOG,GJB3,1
NANOG,GLI1,1
NANOG,GLI2,1
NANOG,GLIPR1,1
NANOG,GLIS2,1
NANOG,GM13597,1
NANOG,GNG10,1
NANOG,GNPDA1,1
NANOG,GRIN1,1
NANOG,GSN,1
NANOG,GSTA4,1
NANOG,GTF2I,1
NANOG,H1F0,1
NANOG,HDAC11,1
NANOG,HIF1A,1
NANOG,HIST1H2BB,1
NANOG,HIST1H4K,1
NANOG,HK2,1
NANOG,HKDC1,1
NANOG,HMGXB4,1
NANOG,HS3ST1,1
NANOG,HSF2BP,1
NANOG,HSPA5,1
NANOG,HSPG2,1
NANOG,HSPH1,1
NANOG,ICAM1,1
NANOG,ID2,1
NANOG,IDI1,1
NANOG,IER2,1
NANOG,IFITM1,1
NANOG,IFITM2,1
NANOG,IGFBP2,1
NANOG,ILDR1,1
NANOG,ILK,1
NANOG,IQSEC1,1
NANOG,ISYNA1,1
NANOG,ITGAV,1
NANOG,JAM2,1
NANOG,KANK2,1
NANOG,KANK3,1
NANOG,KDELR3,1
NANOG,KIT,1
NANOG,KLB,1
NANOG,KLF10,1
NANOG,KLF2,1
NANOG,KLF4,1
NANOG,KLF6,1
NANOG,KRT17,1
NANOG,KRT18,1
NANOG,KRT19,1
NANOG,KRT42,1
NANOG,KRT8,1
NANOG,LAD1,1
NANOG,LDB1,1
NANOG,LDHB,1
NANOG,LDLRAP1,1
NANOG,LEFTY1,1
NANOG,LGALS3,1
NANOG,LIMCH1,1
NANOG,LIPG,1
NANOG,LOXL2,1
NANOG,LRP2,1
NANOG,LRPAP1,1
NANOG,LRRC2,1
NANOG,MAFK,1
NANOG,MAN1A,1
NANOG,MANBA,1
NANOG,MARCKS,1
NANOG,MCAM,1
NANOG,MCM6,1
NANOG,MDM2,1
NANOG,MEIS1,1
NANOG,MKRN1,1
NANOG,MORC4,1
NANOG,MOV10,1
NANOG,MPP1,1
NANOG,MRAS,1
NANOG,MSL3,1
NANOG,MTA3,1
NANOG,MYBL2,1
NANOG,MYC,1
NANOG,MYCN,1
NANOG,MYH9,1
NANOG,MYLPF,1
NANOG,MYO1C,1
NANOG,MYO5B,1
NANOG,NAA15,1
NANOG,NCAPD2,1
NANOG,NIPSNAP1,1
NANOG,NOTCH2,1
NANOG,NOTCH4,1
NANOG,NOTUM,1
NANOG,NR0B1,1
NANOG,NRG1,1
NANOG,NUPR1,1
NANOG,NXF7,1
NANOG,OAT,1
NANOG,OTX2,1
NANOG,PARVA,1
NANOG,PARVB,1
NANOG,PCOLCE,1
NANOG,PCOLCE2,1
NANOG,PDE4DIP,1
NANOG,PDGFA,1
NANOG,PDK1,1
NANOG,PEG10,1
NANOG,PFKL,1
NANOG,PFKP,1
NANOG,PHC1,1
NANOG,PHLDA3,1
NANOG,PHLDB2,1
NANOG,PIPOX,1
NANOG,PITPNC1,1
NANOG,PITX2,1
NANOG,PKNOX2,1
NANOG,PLA2G1B,1
NANOG,PLAT,1
NANOG,PLAUR,1
NANOG,PLK2,1
NANOG,PLOD1,1
NANOG,PODXL,1
NANOG,POLR3B,1
NANOG,POU4F2,1
NANOG,POU5F1,1
NANOG,PROX1,1
NANOG,PRRX2,1
NANOG,PRSS35,1
NANOG,PSAP,1
NANOG,PSIP1,1
NANOG,QDPR,1
NANOG,RAB3IL1,1
NANOG,RAPGEF3,1
NANOG,RARA,1
NANOG,RASGRP2,1
NANOG,RBMS1,1
NANOG,RCN3,1
NANOG,REST,1
NANOG,RHOX5,1
NANOG,RHOX6,1
NANOG,RMND5B,1
NANOG,RPP25,1
NANOG,RPS6KA6,1
NANOG,RRBP1,1
NANOG,RUNX3,1
NANOG,S100A6,1
NANOG,SALL1,1
NANOG,SAP30,1
NANOG,SATB1,1
NANOG,SATB2,1
NANOG,SDC4,1
NANOG,SDF2L1,1
NANOG,SEMA4C,1
NANOG,SERPINB6C,1
NANOG,SERPINE2,1
NANOG,SERPING1,1
NANOG,SETD7,1
NANOG,SFMBT2,1
NANOG,SGK1,1
NANOG,SHROOM3,1
NANOG,SIN3B,1
NANOG,SLC17A9,1
NANOG,SLC25A36,1
NANOG,SLC25A39,1
NANOG,SLC7A3,1
NANOG,SLC7A7,1
NANOG,SLC9A6,1
NANOG,SNAI1,1
NANOG,SNX1,1
NANOG,SOS2,1
NANOG,SOX17,1
NANOG,SOX2,1
NANOG,SOX7,1
NANOG,SP8,1
NANOG,SPARC,1
NANOG,SPP1,1
NANOG,SPRY4,1
NANOG,SRGN,1
NANOG,SRI,1
NANOG,SSBP4,1
NANOG,STAG3,1
NANOG,STARD10,1
NANOG,STARD8,1
NANOG,TAF9,1
NANOG,TAGLN2,1
NANOG,TAX1BP3,1
NANOG,TBL1X,1
NANOG,TBRG1,1
NANOG,TCEA3,1
NANOG,TCF12,1
NANOG,TCF15,1
NANOG,TCL1,1
NANOG,TDGF1,1
NANOG,TDH,1
NANOG,TEAD3,1
NANOG,TEAD4,1
NANOG,TET2,1
NANOG,TGIF1,1
NANOG,TGM1,1
NANOG,TINAGL1,1
NANOG,TMED2,1
NANOG,TNS4,1
NANOG,TPI1,1
NANOG,TPM1,1
NANOG,TPM4,1
NANOG,TRH,1
NANOG,TRIB3,1
NANOG,TRPS1,1
NANOG,TUBB2B,1
NANOG,TUBB6,1
NANOG,TULP3,1
NANOG,TXNIP,1
NANOG,TYRO3,1
NANOG,USP28,1
NANOG,UTF1,1
NANOG,VAMP8,1
NANOG,VEGFA,1
NANOG,VIM,1
NANOG,WDR1,1
NANOG,WWTR1,1
NANOG,XRCC5,1
NANOG,YAF2,1
NANOG,ZBTB10,1
NANOG,ZBTB32,1
NANOG,ZBTB43,1
NANOG,ZBTB7A,1
NANOG,ZFAND3,1
NANOG,ZFP296,1
NANOG,ZFP423,1
NANOG,ZFP532,1
NANOG,ZFP57,1
NANOG,ZYX,1
NR0B1,ASS1,1
NR0B1,CALCOCO2,1
NR0B1,CHCHD10,1
NR0B1,CNOT6,1
NR0B1,COBL,1
NR0B1,D230025D16RIK,1
NR0B1,DDIT3,1
NR0B1,DPP4,1
NR0B1,ELAVL2,1
NR0B1,EMX2,1
NR0B1,FBXO15,1
NR0B1,GABARAPL2,1
NR0B1,GGTA1,1
NR0B1,GJB3,1
NR0B1,GLIPR1,1
NR0B1,ICAM1,1
NR0B1,ITPK1,1
NR0B1,JAM2,1
NR0B1,KDELR3,1
NR0B1,KIT,1
NR0B1,KLF4,1
NR0B1,KRT17,1
NR0B1,LAMP2,1
NR0B1,MSC,1
NR0B1,MSX2,1
NR0B1,MT1,1
NR0B1,MYLPF,1
NR0B1,NOTCH4,1
NR0B1,NPL,1
NR0B1,NR2C1,1
NR0B1,OTX2,1
NR0B1,PLXNA1,1
NR0B1,RFX2,1
NR0B1,RHOX6,1
NR0B1,SDCBP,1
NR0B1,SDF2L1,1
NR0B1,SERPINH1,1
NR0B1,SGK1,1
NR0B1,SP8,1
NR0B1,SQSTM1,1
NR0B1,SSBP4,1
NR0B1,TBX3,1
NR0B1,TMEM144,1
NR0B1,TMEM231,1
NR0B1,ZFP36L1,1
NR5A2,2200002D01RIK,1
NR5A2,2410141K09RIK,1
NR5A2,AES,1
NR5A2,AMOT,1
NR5A2,ANP32A,1
NR5A2,ARL6IP5,1
NR5A2,ARNT2,1
NR5A2,ATF3,1
NR5A2,ATF5,1
NR5A2,BASP1,1
NR5A2,BMPER,1
NR5A2,BTG1,1
NR5A2,CAR4,1
NR5A2,CDKN1A,1
NR5A2,CHCHD10,1
NR5A2,CITED1,1
NR5A2,CLDN6,1
NR5A2,CLN6,1
NR5A2,CNDP2,1
NR5A2,COX7A1,1
NR5A2,CRABP2,1
NR5A2,CTSD,1
NR5A2,CUBN,1
NR5A2,DAB2,1
NR5A2,DDAH2,1
NR5A2,DDIT3,1
NR5A2,DKK1,1
NR5A2,DPP4,1
NR5A2,EBF1,1
NR5A2,EBF4,1
NR5A2,ELF1,1
NR5A2,ELF4,1
NR5A2,ELL2,1
NR5A2,ELOVL6,1
NR5A2,ETV3,1
NR5A2,EYA1,1
NR5A2,FGF4,1
NR5A2,FHL2,1
NR5A2,FLRT3,1
NR5A2,FOXA2,1
NR5A2,GAA,1
NR5A2,GABARAPL1,1
NR5A2,GABARAPL2,1
NR5A2,GBX2,1
NR5A2,GLI1,1
NR5A2,GLIPR1,1
NR5A2,GLIPR2,1
NR5A2,GNG10,1
NR5A2,HABP2,1
NR5A2,HIP1,1
NR5A2,HIST1H2BN,1
NR5A2,HOPX,1
NR5A2,HS3ST1,1
NR5A2,HSP90B1,1
NR5A2,HSPA8,1
NR5A2,ID3,1
NR5A2,ID4,1
NR5A2,ILDR1,1
NR5A2,IRF4,1
NR5A2,ITGAV,1
NR5A2,JAM2,1
NR5A2,KCNG1,1
NR5A2,KLB,1
NR5A2,KLF15,1
NR5A2,KLF4,1
NR5A2,KRT19,1
NR5A2,KRT42,1
NR5A2,LAMP2,1
NR5A2,LAPTM5,1
NR5A2,LGALS3,1
NR5A2,LRRC2,1
NR5A2,LY6G6E,1
NR5A2,LY75,1
NR5A2,ME1,1
NR5A2,MSC,1
NR5A2,MYO6,1
NR5A2,NDRG4,1
NR5A2,NOTCH4,1
NR5A2,NPHS1,1
NR5A2,NPL,1
NR5A2,NR0B1,1
NR5A2,NUPR1,1
NR5A2,OTX2,1
NR5A2,PAX6,1
NR5A2,PBXIP1,1
NR5A2,PCSK6,1
NR5A2,PDK1,1
NR5A2,PITX2,1
NR5A2,PLK2,1
NR5A2,PLOD1,1
NR5A2,POLR2A,1
NR5A2,POU5F1,1
NR5A2,PROX1,1
NR5A2,PRPS2,1
NR5A2,PRRX2,1
NR5A2,PTH1R,1
NR5A2,PXDN,1
NR5A2,RAPGEF3,1
NR5A2,SEMA4C,1
NR5A2,SERPINB6A,1
NR5A2,SERPINH1,1
NR5A2,SFMBT2,1
NR5A2,SGK1,1
NR5A2,SIX1,1
NR5A2,SKIL,1
NR5A2,SLC35F5,1
NR5A2,SMAD3,1
NR5A2,SOX17,1
NR5A2,SOX4,1
NR5A2,SOX7,1
NR5A2,SPEN,1
NR5A2,SRGN,1
NR5A2,STAT4,1
NR5A2,TBX18,1
NR5A2,TCEA3,1
NR5A2,TCF15,1
NR5A2,TEAD4,1
NR5A2,TGM1,1
NR5A2,THBD,1
NR5A2,TMEM231,1
NR5A2,TNS4,1
NR5A2,TRH,1
NR5A2,TRIB3,1
NR5A2,TRPS1,1
NR5A2,VILL,1
NR5A2,VIM,1
NR5A2,WDFY1,1
NR5A2,XAF1,1
NR5A2,ZBTB38,1
NR5A2,ZBTB7A,1
NRIP1,2200002D01RIK,1
NRIP1,2410141K09RIK,1
NRIP1,ACADM,1
NRIP1,ACP6,1
NRIP1,ADAM23,1
NRIP1,AES,1
NRIP1,AGPAT4,1
NRIP1,AHNAK,1
NRIP1,AIRE,1
NRIP1,AMFR,1
NRIP1,AMOT,1
NRIP1,AMOTL2,1
NRIP1,ANK,1
NRIP1,APAF1,1
NRIP1,APBB1,1
NRIP1,APLP1,1
NRIP1,APP,1
NRIP1,AQP3,1
NRIP1,ARHGAP29,1
NRIP1,ARHGEF5,1
NRIP1,ARID5B,1
NRIP1,ARNT2,1
NRIP1,ATP1B1,1
NRIP1,AU018091,1
NRIP1,B2M,1
NRIP1,BACH2,1
NRIP1,BAG2,1
NRIP1,BARX1,1
NRIP1,BAZ1A,1
NRIP1,BCAT1,1
NRIP1,BIN1,1
NRIP1,BNC2,1
NRIP1,BNIP3,1
NRIP1,BRWD1,1
NRIP1,BTBD11,1
NRIP1,CACHD1,1
NRIP1,CALD1,1
NRIP1,CAR4,1
NRIP1,CCND2,1
NRIP1,CCND3,1
NRIP1,CD63,1
NRIP1,CDC5L,1
NRIP1,CDKN1A,1
NRIP1,CFC1,1
NRIP1,CHCHD10,1
NRIP1,CHST15,1
NRIP1,CITED1,1
NRIP1,CITED2,1
NRIP1,CLDN6,1
NRIP1,CLIC1,1
NRIP1,CLN6,1
NRIP1,CNN2,1
NRIP1,COBL,1
NRIP1,COBLL1,1
NRIP1,COL27A1,1
NRIP1,COMMD3,1
NRIP1,COX7A1,1
NRIP1,CREB3L2,1
NRIP1,CRIP2,1
NRIP1,CSRP1,1
NRIP1,CST3,1
NRIP1,CTDSPL,1
NRIP1,CTSL,1
NRIP1,CUBN,1
NRIP1,CUX2,1
NRIP1,CYP26A1,1
NRIP1,D230025D16RIK,1
NRIP1,DAB2,1
NRIP1,DCXR,1
NRIP1,DDAH2,1
NRIP1,DDX58,1
NRIP1,DKK1,1
NRIP1,DMRT1,1
NRIP1,DPP4,1
NRIP1,DUSP6,1
NRIP1,E2F2,1
NRIP1,E2F6,1
NRIP1,EDEM1,1
NRIP1,EED,1
NRIP1,EFEMP2,1
NRIP1,EGR1,1
NRIP1,EIF2S2,1
NRIP1,ELOVL6,1
NRIP1,EMP2,1
NRIP1,ENAH,1
NRIP1,EPHA4,1
NRIP1,ESRRB,1
NRIP1,ETS1,1
NRIP1,EYA1,1
NRIP1,FAT1,1
NRIP1,FBLIM1,1
NRIP1,FBXO15,1
NRIP1,FGF3,1
NRIP1,FGF4,1
NRIP1,FHL2,1
NRIP1,FHOD1,1
NRIP1,FLRT3,1
NRIP1,FOSL2,1
NRIP1,FOXA2,1
NRIP1,FOXD3,1
NRIP1,FOXJ2,1
NRIP1,FRMD4A,1
NRIP1,FRRS1,1
NRIP1,FST,1
NRIP1,FXYD6,1
NRIP1,GABARAPL2,1
NRIP1,GABBR1,1
NRIP1,GATA3,1
NRIP1,GGTA1,1
NRIP1,GHR,1
NRIP1,GJA1,1
NRIP1,GLI2,1
NRIP1,GLIPR2,1
NRIP1,GNAS,1
NRIP1,GNG10,1
NRIP1,GNG2,1
NRIP1,GOT1,1
NRIP1,GPA33,1
NRIP1,GPRC5C,1
NRIP1,GRIN1,1
NRIP1,GSN,1
NRIP1,HDAC11,1
NRIP1,HDAC7,1
NRIP1,HERPUD1,1
NRIP1,HES1,1
NRIP1,HES6,1
NRIP1,HIP1,1
NRIP1,HIST1H2AI,1
NRIP1,HIST1H2BB,1
NRIP1,HIST1H2BK,1
NRIP1,HIST1H2BN,1
NRIP1,HIST1H4K,1
NRIP1,HIVEP2,1
NRIP1,HMGA2,1
NRIP1,HOPX,1
NRIP1,HOXD13,1
NRIP1,HSD17B14,1
NRIP1,HSF2BP,1
NRIP1,ICAM1,1
NRIP1,ID2,1
NRIP1,ID3,1
NRIP1,ID4,1
NRIP1,IGFBP2,1
NRIP1,IL33,1
NRIP1,ILDR1,1
NRIP1,ILK,1
NRIP1,IRF1,1
NRIP1,IRF6,1
NRIP1,ITGA9,1
NRIP1,ITPK1,1
NRIP1,JAM2,1
NRIP1,JARID2,1
NRIP1,JUN,1
NRIP1,JUND,1
NRIP1,KANK3,1
NRIP1,KAT2B,1
NRIP1,KDM3A,1
NRIP1,KDM5B,1
NRIP1,KIT,1
NRIP1,KLB,1
NRIP1,KLF15,1
NRIP1,KLF2,1
NRIP1,KLF4,1
NRIP1,KLF6,1
NRIP1,KLF8,1
NRIP1,KLF9,1
NRIP1,KRT18,1
NRIP1,KRT19,1
NRIP1,KRT42,1
NRIP1,KRT8,1
NRIP1,LAMA5,1
NRIP1,LAPTM5,1
NRIP1,LDHB,1
NRIP1,LEFTY1,1
NRIP1,LGALS3,1
NRIP1,LHX2,1
NRIP1,LIFR,1
NRIP1,LIPG,1
NRIP1,LRP2,1
NRIP1,LRRC2,1
NRIP1,LRRK1,1
NRIP1,LY6G6E,1
NRIP1,MAFK,1
NRIP1,MAGED1,1
NRIP1,MAML3,1
NRIP1,MAN1A,1
NRIP1,MANBA,1
NRIP1,MAPKAPK2,1
NRIP1,MARCKS,1
NRIP1,ME1,1
NRIP1,MED12,1
NRIP1,MED21,1
NRIP1,MEF2C,1
NRIP1,MEIS1,1
NRIP1,MEIS3,1
NRIP1,MKX,1
NRIP1,MOV10,1
NRIP1,MRAS,1
NRIP1,MSC,1
NRIP1,MSH6,1
NRIP1,MSX2,1
NRIP1,MTF2,1
NRIP1,MXD4,1
NRIP1,MYBL2,1
NRIP1,MYH9,1
NRIP1,MYLPF,1
NRIP1,NCOA3,1
NRIP1,NDN,1
NRIP1,NFATC1,1
NRIP1,NFATC2IP,1
NRIP1,NFIA,1
NRIP1,NFIB,1
NRIP1,NFIL3,1
NRIP1,NFXL1,1
NRIP1,NID1,1
NRIP1,NME2,1
NRIP1,NOTCH2,1
NRIP1,NOTCH4,1
NRIP1,NOTUM,1
NRIP1,NPHS1,1
NRIP1,NPL,1
NRIP1,NR0B1,1
NRIP1,NR1D1,1
NRIP1,NR5A2,1
NRIP1,NSMAF,1
NRIP1,NXF7,1
NRIP1,OTX2,1
NRIP1,OVOL1,1
NRIP1,PARVA,1
NRIP1,PARVB,1
NRIP1,PAWR,1
NRIP1,PAX8,1
NRIP1,PCBD1,1
NRIP1,PCOLCE,1
NRIP1,PCSK6,1
NRIP1,PDCD4,1
NRIP1,PDK1,1
NRIP1,PFKP,1
NRIP1,PGA5,1
NRIP1,PHLDA3,1
NRIP1,PHLDB2,1
NRIP1,PIPOX,1
NRIP1,PITPNC1,1
NRIP1,PITX2,1
NRIP1,PKNOX2,1
NRIP1,PLA2G1B,1
NRIP1,PODXL,1
NRIP1,POU6F1,1
NRIP1,PPP2R5A,1
NRIP1,PRDM14,1
NRIP1,PROX1,1
NRIP1,PRRX2,1
NRIP1,PSME2,1
NRIP1,PTH1R,1
NRIP1,PTPN14,1
NRIP1,PURA,1
NRIP1,PXDN,1
NRIP1,RARG,1
NRIP1,RASGRP2,1
NRIP1,RBM47,1
NRIP1,RBMS1,1
NRIP1,RBPJ,1
NRIP1,RCOR2,1
NRIP1,REST,1
NRIP1,RFX2,1
NRIP1,RFX5,1
NRIP1,RHOX5,1
NRIP1,RMND5B,1
NRIP1,RNF19A,1
NRIP1,RNPEPL1,1
NRIP1,RPP25,1
NRIP1,RUNX3,1
NRIP1,S100A6,1
NRIP1,SALL1,1
NRIP1,SEMA4C,1
NRIP1,SENP3,1
NRIP1,SERPINB6C,1
NRIP1,SERPING1,1
NRIP1,SERPINH1,1
NRIP1,SETD7,1
NRIP1,SH3PXD2B,1
NRIP1,SHISA5,1
NRIP1,SHROOM3,1
NRIP1,SIRT1,1
NRIP1,SLC17A9,1
NRIP1,SLC35F5,1
NRIP1,SLC5A11,1
NRIP1,SLC6A8,1
NRIP1,SLC7A3,1
NRIP1,SLCO3A1,1
NRIP1,SMAD3,1
NRIP1,SNAI1,1
NRIP1,SNORA62,1
NRIP1,SOAT1,1
NRIP1,SOCS2,1
NRIP1,SORD,1
NRIP1,SOS2,1
NRIP1,SOX15,1
NRIP1,SOX2,1
NRIP1,SOX7,1
NRIP1,SP8,1
NRIP1,SPARC,1
NRIP1,SPP1,1
NRIP1,SPRY4,1
NRIP1,ST3GAL6,1
NRIP1,STARD10,1
NRIP1,STAT5B,1
NRIP1,SUSD2,1
NRIP1,TAGLN2,1
NRIP1,TAX1BP3,1
NRIP1,TBX3,1
NRIP1,TCF12,1
NRIP1,TCF15,1
NRIP1,TCF7L2,1
NRIP1,TCL1,1
NRIP1,TDH,1
NRIP1,TEAD1,1
NRIP1,TEAD3,1
NRIP1,TET1,1
NRIP1,TET2,1
NRIP1,TGFB1I1,1
NRIP1,TGFBR3,1
NRIP1,TGM1,1
NRIP1,TMEM231,1
NRIP1,TNFAIP3,1
NRIP1,TOP2B,1
NRIP1,TOX3,1
NRIP1,TPM4,1
NRIP1,TRIM2,1
NRIP1,TRIM25,1
NRIP1,TRPS1,1
NRIP1,TUBB2B,1
NRIP1,TUBB6,1
NRIP1,TWIST1,1
NRIP1,TXNDC5,1
NRIP1,ULK1,1
NRIP1,UPP1,1
NRIP1,USP28,1
NRIP1,USP3,1
NRIP1,USP9X,1
NRIP1,VCAN,1
NRIP1,VILL,1
NRIP1,WWTR1,1
NRIP1,YAF2,1
NRIP1,ZBTB32,1
NRIP1,ZDHHC15,1
NRIP1,ZEB1,1
NRIP1,ZEB2,1
NRIP1,ZFAND3,1
NRIP1,ZFP296,1
NRIP1,ZFP42,1
NRIP1,ZFP532,1
NRIP1,ZFP57,1
NRIP1,ZFP710,1
NRIP1,ZFP768,1
NRIP1,ZFPM1,1
NRIP1,ZYX,1
OTX2,ABCC5,1
OTX2,AIRE,1
OTX2,AMOT,1
OTX2,AMOTL2,1
OTX2,APBB1,1
OTX2,APP,1
OTX2,ARID5B,1
OTX2,ARPC1B,1
OTX2,ATF3,1
OTX2,BARX1,1
OTX2,BMP6,1
OTX2,BNC2,1
OTX2,CALD1,1
OTX2,CAR4,1
OTX2,CCND3,1
OTX2,CHST15,1
OTX2,CITED1,1
OTX2,CLDN6,1
OTX2,CLIC1,1
OTX2,CNN2,1
OTX2,COBL,1
OTX2,COBLL1,1
OTX2,COL27A1,1
OTX2,COL4A1,1
OTX2,COX7A1,1
OTX2,CPM,1
OTX2,CRABP2,1
OTX2,CTDSPL,1
OTX2,CTSL,1
OTX2,CUBN,1
OTX2,DAB2,1
OTX2,DDAH2,1
OTX2,DDX58,1
OTX2,DIDO1,1
OTX2,DKK1,1
OTX2,DUSP9,1
OTX2,EGR1,1
OTX2,EMX2,1
OTX2,EOMES,1
OTX2,EPAS1,1
OTX2,EPS8,1
OTX2,ESRRB,1
OTX2,ETV4,1
OTX2,FABP3,1
OTX2,FBLIM1,1
OTX2,FGF3,1
OTX2,FHL2,1
OTX2,FOSL2,1
OTX2,FST,1
OTX2,GABBR1,1
OTX2,GAS6,1
OTX2,GATA3,1
OTX2,GBX2,1
OTX2,GJB3,1
OTX2,GPRC5C,1
OTX2,HDAC7,1
OTX2,HIP1,1
OTX2,HMGA2,1
OTX2,HOPX,1
OTX2,HS3ST1,1
OTX2,ID2,1
OTX2,ID3,1
OTX2,IGFBP2,1
OTX2,IL33,1
OTX2,ILDR1,1
OTX2,IRF1,1
OTX2,ITGA9,1
OTX2,KIT,1
OTX2,KLF2,1
OTX2,KLF4,1
OTX2,KRT17,1
OTX2,KRT18,1
OTX2,KRT19,1
OTX2,KRT42,1
OTX2,KRT8,1
OTX2,LAMA1,1
OTX2,LAPTM5,1
OTX2,LDHB,1
OTX2,LEFTY2,1
OTX2,LHX2,1
OTX2,LOXL2,1
OTX2,MANBA,1
OTX2,MRAS,1
OTX2,MSC,1
OTX2,MYLPF,1
OTX2,NANOG,1
OTX2,NFATC1,1
OTX2,NID1,1
OTX2,NOTUM,1
OTX2,NR0B1,1
OTX2,NR5A2,1
OTX2,NXF7,1
OTX2,PAX6,1
OTX2,PCOLCE2,1
OTX2,PDPN,1
OTX2,PGA5,1
OTX2,PHGDH,1
OTX2,PITX2,1
OTX2,PKNOX2,1
OTX2,PODXL,1
OTX2,POU6F1,1
OTX2,PRDM1,1
OTX2,PSME2,1
OTX2,PTH1R,1
OTX2,PXDN,1
OTX2,RASGRP2,1
OTX2,RBPMS2,1
OTX2,RRBP1,1
OTX2,SEMA4C,1
OTX2,SERPINB6C,1
OTX2,SETD7,1
OTX2,SFI1,1
OTX2,SFMBT2,1
OTX2,SIX1,1
OTX2,SLCO3A1,1
OTX2,SNAI1,1
OTX2,SNORA62,1
OTX2,SOCS2,1
OTX2,SOX7,1
OTX2,SPARC,1
OTX2,SPRY4,1
OTX2,SUSD2,1
OTX2,TBX18,1
OTX2,TCF15,1
OTX2,TCL1,1
OTX2,TDH,1
OTX2,TEAD1,1
OTX2,TET2,1
OTX2,TGFBR3,1
OTX2,TGM1,1
OTX2,TIMP3,1
OTX2,TINAGL1,1
OTX2,TNFAIP3,1
OTX2,TNS4,1
OTX2,TOX3,1
OTX2,TRH,1
OTX2,TRIM2,1
OTX2,TRPS1,1
OTX2,TTC7,1
OTX2,UPP1,1
OTX2,VAMP8,1
OTX2,WWTR1,1
OTX2,YAF2,1
OTX2,ZFP36L1,1
OTX2,ZFP42,1
OTX2,ZFP532,1
POU5F1,2200002D01RIK,1
POU5F1,2810025M15RIK,1
POU5F1,ABHD5,1
POU5F1,ACP6,1
POU5F1,ACTG1,1
POU5F1,ADAM19,1
POU5F1,ADAM23,1
POU5F1,ADAMTS9,1
POU5F1,AES,1
POU5F1,AFF1,1
POU5F1,AHNAK,1
POU5F1,AIRE,1
POU5F1,AKAP12,1
POU5F1,AKR1B3,1
POU5F1,AKR1B8,1
POU5F1,AKT1,1
POU5F1,ALDH2,1
POU5F1,AMFR,1
POU5F1,AMOT,1
POU5F1,AMOTL2,1
POU5F1,ANKRD6,1
POU5F1,ANXA2,1
POU5F1,ANXA5,1
POU5F1,APAF1,1
POU5F1,APLP1,1
POU5F1,APOBEC3,1
POU5F1,APOE,1
POU5F1,APP,1
POU5F1,AQP3,1
POU5F1,ARHGAP21,1
POU5F1,ARHGEF5,1
POU5F1,ARID5B,1
POU5F1,ARL6IP5,1
POU5F1,ARPC1B,1
POU5F1,ASNS,1
POU5F1,ASPH,1
POU5F1,ASS1,1
POU5F1,ASXL1,1
POU5F1,ATF3,1
POU5F1,ATF4,1
POU5F1,ATG16L2,1
POU5F1,ATP1B1,1
POU5F1,AY036118,1
POU5F1,B2M,1
POU5F1,BACH2,1
POU5F1,BAG2,1
POU5F1,BARX1,1
POU5F1,BASP1,1
POU5F1,BAZ1A,1
POU5F1,BCAT1,1
POU5F1,BCL3,1
POU5F1,BEND5,1
POU5F1,BIN1,1
POU5F1,BMP4,1
POU5F1,BNC2,1
POU5F1,BNIP3,1
POU5F1,BTBD11,1
POU5F1,BTG2,1
POU5F1,CALCOCO2,1
POU5F1,CALD1,1
POU5F1,CAR2,1
POU5F1,CAR4,1
POU5F1,CBX4,1
POU5F1,CCND1,1
POU5F1,CCND2,1
POU5F1,CCND3,1
POU5F1,CD63,1
POU5F1,CD9,1
POU5F1,CDCA7,1
POU5F1,CDH6,1
POU5F1,CDKN1A,1
POU5F1,CEBPZ,1
POU5F1,CENPV,1
POU5F1,CHCHD10,1
POU5F1,CHN2,1
POU5F1,CHST15,1
POU5F1,CITED1,1
POU5F1,CITED2,1
POU5F1,CKB,1
POU5F1,CLCN5,1
POU5F1,CLDN6,1
POU5F1,CLIC1,1
POU5F1,CLN6,1
POU5F1,CNN2,1
POU5F1,COBL,1
POU5F1,COBLL1,1
POU5F1,COL18A1,1
POU5F1,COL4A1,1
POU5F1,COL4A2,1
POU5F1,COMMD3,1
POU5F1,COTL1,1
POU5F1,COX7A1,1
POU5F1,CPM,1
POU5F1,CRABP2,1
POU5F1,CREB3,1
POU5F1,CRIP2,1
POU5F1,CRYAB,1
POU5F1,CSF1,1
POU5F1,CSRP1,1
POU5F1,CSRP2,1
POU5F1,CST3,1
POU5F1,CSTB,1
POU5F1,CTBP2,1
POU5F1,CTDSPL,1
POU5F1,CTH,1
POU5F1,CTNNAL1,1
POU5F1,CTSZ,1
POU5F1,CUBN,1
POU5F1,CUL7,1
POU5F1,CYBA,1
POU5F1,CYP26A1,1
POU5F1,DAB2,1
POU5F1,DAP,1
POU5F1,DCTPP1,1
POU5F1,DDAH1,1
POU5F1,DDAH2,1
POU5F1,DDX58,1
POU5F1,DIDO1,1
POU5F1,DKC1,1
POU5F1,DKK1,1
POU5F1,DMRT1,1
POU5F1,DNMT3A,1
POU5F1,DPP4,1
POU5F1,DPPA2,1
POU5F1,DPPA4,1
POU5F1,DTX1,1
POU5F1,DUSP3,1
POU5F1,DUSP6,1
POU5F1,DUSP9,1
POU5F1,E2F2,1
POU5F1,EBF1,1
POU5F1,ECHDC2,1
POU5F1,EFEMP2,1
POU5F1,EGR1,1
POU5F1,EHD1,1
POU5F1,ELAVL2,1
POU5F1,ELF1,1
POU5F1,ELF3,1
POU5F1,ELF4,1
POU5F1,ELK4,1
POU5F1,ELL2,1
POU5F1,ELL3,1
POU5F1,ELOVL6,1
POU5F1,EMX2,1
POU5F1,ENAH,1
POU5F1,EOMES,1
POU5F1,EPHA2,1
POU5F1,EPHA4,1
POU5F1,EPS8,1
POU5F1,EPS8L2,1
POU5F1,ESRRB,1
POU5F1,ETV1,1
POU5F1,ETV3,1
POU5F1,ETV4,1
POU5F1,ETV5,1
POU5F1,F2R,1
POU5F1,F3,1
POU5F1,FABP3,1
POU5F1,FAM102A,1
POU5F1,FAM129B,1
POU5F1,FBLIM1,1
POU5F1,FBXO15,1
POU5F1,FBXO5,1
POU5F1,FGF10,1
POU5F1,FGF4,1
POU5F1,FGFR3,1
POU5F1,FGFR4,1
POU5F1,FHL2,1
POU5F1,FHOD1,1
POU5F1,FKBP11,1
POU5F1,FLRT3,1
POU5F1,FN1,1
POU5F1,FNDC3B,1
POU5F1,FOSL2,1
POU5F1,FOXA2,1
POU5F1,FOXD3,1
POU5F1,FOXH1,1
POU5F1,FOXJ2,1
POU5F1,FOXJ3,1
POU5F1,FOXP1,1
POU5F1,FOXQ1,1
POU5F1,FRRS1,1
POU5F1,FST,1
POU5F1,FUT8,1
POU5F1,FXR2,1
POU5F1,FXYD6,1
POU5F1,FZR1,1
POU5F1,GABARAPL1,1
POU5F1,GAS6,1
POU5F1,GATA3,1
POU5F1,GATA4,1
POU5F1,GATA6,1
POU5F1,GBX2,1
POU5F1,GCNT1,1
POU5F1,GDPD5,1
POU5F1,GFPT1,1
POU5F1,GFPT2,1
POU5F1,GHR,1
POU5F1,GJB3,1
POU5F1,GLDC,1
POU5F1,GLI1,1
POU5F1,GLI2,1
POU5F1,GLIPR1,1
POU5F1,GLIPR2,1
POU5F1,GLUL,1
POU5F1,GM13597,1
POU5F1,GNAS,1
POU5F1,GNG10,1
POU5F1,GNPDA1,1
POU5F1,GNPTAB,1
POU5F1,GPA33,1
POU5F1,GPRC5C,1
POU5F1,GRAMD1A,1
POU5F1,GRB10,1
POU5F1,GRHL1,1
POU5F1,GRIN1,1
POU5F1,GSN,1
POU5F1,GSR,1
POU5F1,GSTA4,1
POU5F1,GTF2A1L,1
POU5F1,HDAC11,1
POU5F1,HDGF,1
POU5F1,HELLS,1
POU5F1,HERPUD1,1
POU5F1,HES1,1
POU5F1,HES6,1
POU5F1,HIP1,1
POU5F1,HIRIP3,1
POU5F1,HIST1H1A,1
POU5F1,HIST1H1B,1
POU5F1,HIST1H2AC,1
POU5F1,HIST1H2AI,1
POU5F1,HIST1H2BB,1
POU5F1,HIST1H2BN,1
POU5F1,HIST1H4K,1
POU5F1,HIVEP2,1
POU5F1,HMGA2,1
POU5F1,HMGCS1,1
POU5F1,HOOK1,1
POU5F1,HOXD13,1
POU5F1,HSD17B14,1
POU5F1,HSF2BP,1
POU5F1,HSPB1,1
POU5F1,ICAM1,1
POU5F1,ID2,1
POU5F1,ID3,1
POU5F1,ID4,1
POU5F1,IDI1,1
POU5F1,IER2,1
POU5F1,IFITM1,1
POU5F1,IFITM2,1
POU5F1,IFITM3,1
POU5F1,IFRD1,1
POU5F1,IGFBP2,1
POU5F1,IKBKB,1
POU5F1,ILDR1,1
POU5F1,ILF2,1
POU5F1,ILK,1
POU5F1,IRF1,1
POU5F1,IRF6,1
POU5F1,ISYNA1,1
POU5F1,ITGA6,1
POU5F1,ITGA9,1
POU5F1,ITGAV,1
POU5F1,ITPK1,1
POU5F1,JAM2,1
POU5F1,JARID2,1
POU5F1,JDP2,1
POU5F1,JUN,1
POU5F1,JUND,1
POU5F1,KANK2,1
POU5F1,KAT2B,1
POU5F1,KCNG1,1
POU5F1,KDELR2,1
POU5F1,KDELR3,1
POU5F1,KDM3A,1
POU5F1,KIT,1
POU5F1,KLB,1
POU5F1,KLF10,1
POU5F1,KLF15,1
POU5F1,KLF2,1
POU5F1,KLF4,1
POU5F1,KLF6,1
POU5F1,KLF9,1
POU5F1,KRT17,1
POU5F1,KRT18,1
POU5F1,KRT19,1
POU5F1,KRT42,1
POU5F1,KRT8,1
POU5F1,L1TD1,1
POU5F1,LAD1,1
POU5F1,LAMA1,1
POU5F1,LAMA5,1
POU5F1,LAMB1,1
POU5F1,LAMP2,1
POU5F1,LAPTM5,1
POU5F1,LASP1,1
POU5F1,LDLRAP1,1
POU5F1,LEFTY1,1
POU5F1,LEFTY2,1
POU5F1,LGALS3,1
POU5F1,LHX2,1
POU5F1,LIFR,1
POU5F1,LIPG,1
POU5F1,LMO4,1
POU5F1,LOXL2,1
POU5F1,LRRC2,1
POU5F1,LRRC8D,1
POU5F1,LTBP4,1
POU5F1,LY6E,1
POU5F1,LY6G6E,1
POU5F1,MAFK,1
POU5F1,MAGED1,1
POU5F1,MAML3,1
POU5F1,MAN1A,1
POU5F1,MANBA,1
POU5F1,MAP3K1,1
POU5F1,MAPK13,1
POU5F1,MAPKAPK2,1
POU5F1,MARCKS,1
POU5F1,MBD2,1
POU5F1,MCAM,1
POU5F1,MCM2,1
POU5F1,MCM3,1
POU5F1,MCM4,1
POU5F1,MCM5,1
POU5F1,MCM6,1
POU5F1,MCM7,1
POU5F1,MDM2,1
POU5F1,MDN1,1
POU5F1,ME1,1
POU5F1,MEF2A,1
POU5F1,MEF2C,1
POU5F1,MEG3,1
POU5F1,MEIS1,1
POU5F1,MEIS3,1
POU5F1,MKRN1,1
POU5F1,MLXIP,1
POU5F1,MORC4,1
POU5F1,MOV10,1
POU5F1,MPP1,1
POU5F1,MPZL2,1
POU5F1,MRAS,1
POU5F1,MSC,1
POU5F1,MSH6,1
POU5F1,MSI2,1
POU5F1,MSL3,1
POU5F1,MSX2,1
POU5F1,MT1,1
POU5F1,MTA3,1
POU5F1,MTF2,1
POU5F1,MTHFD2,1
POU5F1,MXD4,1
POU5F1,MYBL2,1
POU5F1,MYC,1
POU5F1,MYCN,1
POU5F1,MYD88,1
POU5F1,MYH9,1
POU5F1,MYLPF,1
POU5F1,MYO18A,1
POU5F1,MYO1C,1
POU5F1,MYO5B,1
POU5F1,NACC1,1
POU5F1,NAGK,1
POU5F1,NANOG,1
POU5F1,NASP,1
POU5F1,NCOA6,1
POU5F1,NDN,1
POU5F1,NDRG1,1
POU5F1,NDRG4,1
POU5F1,NEDD4,1
POU5F1,NFIB,1
POU5F1,NFKBIA,1
POU5F1,NID1,1
POU5F1,NIPSNAP1,1
POU5F1,NOTCH4,1
POU5F1,NOTUM,1
POU5F1,NPHS1,1
POU5F1,NPL,1
POU5F1,NR0B1,1
POU5F1,NR1D2,1
POU5F1,NR3C1,1
POU5F1,NR5A2,1
POU5F1,NRG1,1
POU5F1,NRG2,1
POU5F1,NRIP1,1
POU5F1,NUP210,1
POU5F1,NUPR1,1
POU5F1,NXF7,1
POU5F1,OAT,1
POU5F1,ODC1,1
POU5F1,OPLAH,1
POU5F1,OTX2,1
POU5F1,P4HA2,1
POU5F1,PARP1,1
POU5F1,PARVA,1
POU5F1,PARVB,1
POU5F1,PAX6,1
POU5F1,PAX8,1
POU5F1,PBXIP1,1
POU5F1,PCOLCE,1
POU5F1,PCOLCE2,1
POU5F1,PCSK6,1
POU5F1,PDGFA,1
POU5F1,PDIA5,1
POU5F1,PDK1,1
POU5F1,PDLIM1,1
POU5F1,PEG10,1
POU5F1,PFAS,1
POU5F1,PFKP,1
POU5F1,PGA5,1
POU5F1,PHC1,1
POU5F1,PHLDA3,1
POU5F1,PHLDB2,1
POU5F1,PIPOX,1
POU5F1,PITPNC1,1
POU5F1,PITX1,1
POU5F1,PITX2,1
POU5F1,PKNOX2,1
POU5F1,PLA2G1B,1
POU5F1,PLAUR,1
POU5F1,PLK2,1
POU5F1,PLOD2,1
POU5F1,PLXNA1,1
POU5F1,PLXNB2,1
POU5F1,PODXL,1
POU5F1,POU4F1,1
POU5F1,POU4F2,1
POU5F1,POU6F1,1
POU5F1,PRDM1,1
POU5F1,PRDM14,1
POU5F1,PRDM5,1
POU5F1,PRDX1,1
POU5F1,PROS1,1
POU5F1,PROX1,1
POU5F1,PRPS2,1
POU5F1,PRSS35,1
POU5F1,PSAP,1
POU5F1,PTH1R,1
POU5F1,PTPN14,1
POU5F1,PURA,1
POU5F1,PXDN,1
POU5F1,QDPR,1
POU5F1,RAB3IL1,1
POU5F1,RANGRF,1
POU5F1,RAPGEF3,1
POU5F1,RARA,1
POU5F1,RARG,1
POU5F1,RASGRP2,1
POU5F1,RBM47,1
POU5F1,RBMS1,1
POU5F1,RBMXL2,1
POU5F1,RBPJ,1
POU5F1,RBPMS2,1
POU5F1,RCC2,1
POU5F1,RCN3,1
POU5F1,RCOR2,1
POU5F1,RDM1,1
POU5F1,RELA,1
POU5F1,REST,1
POU5F1,RFX2,1
POU5F1,RHOX5,1
POU5F1,RHOX6,1
POU5F1,RIAN,1
POU5F1,RMND5B,1
POU5F1,RNF14,1
POU5F1,RNF19A,1
POU5F1,RNPEP,1
POU5F1,RPL39L,1
POU5F1,RPP25,1
POU5F1,RUNX1,1
POU5F1,RUNX3,1
POU5F1,RUVBL1,1
POU5F1,S100A6,1
POU5F1,SALL1,1
POU5F1,SALL4,1
POU5F1,SAP30,1
POU5F1,SAT1,1
POU5F1,SDC4,1
POU5F1,SEC31A,1
POU5F1,SEMA4C,1
POU5F1,SERBP1,1
POU5F1,SERPINB6C,1
POU5F1,SERPINE2,1
POU5F1,SERPINH1,1
POU5F1,SERTAD2,1
POU5F1,SET,1
POU5F1,SETD7,1
POU5F1,SFMBT2,1
POU5F1,SGK1,1
POU5F1,SH3PXD2B,1
POU5F1,SHISA5,1
POU5F1,SHROOM3,1
POU5F1,SIDT2,1
POU5F1,SIN3B,1
POU5F1,SIRT3,1
POU5F1,SKIL,1
POU5F1,SLC17A9,1
POU5F1,SLC25A36,1
POU5F1,SLC25A39,1
POU5F1,SLC35F5,1
POU5F1,SLC6A8,1
POU5F1,SLC7A3,1
POU5F1,SLC7A7,1
POU5F1,SLCO3A1,1
POU5F1,SMAD2,1
POU5F1,SMAD3,1
POU5F1,SMAD7,1
POU5F1,SMARCA2,1
POU5F1,SMARCD1,1
POU5F1,SMS,1
POU5F1,SNAI1,1
POU5F1,SNHG3,1
POU5F1,SNORA62,1
POU5F1,SNRPN,1
POU5F1,SNURF,1
POU5F1,SNX1,1
POU5F1,SNX25,1
POU5F1,SOCS2,1
POU5F1,SOD1,1
POU5F1,SOS2,1
POU5F1,SOX15,1
POU5F1,SOX17,1
POU5F1,SOX2,1
POU5F1,SP8,1
POU5F1,SPARC,1
POU5F1,SPOCK1,1
POU5F1,SPP1,1
POU5F1,SPRY2,1
POU5F1,SPRY4,1
POU5F1,SQSTM1,1
POU5F1,SRGN,1
POU5F1,SRI,1
POU5F1,SSBP4,1
POU5F1,ST3GAL6,1
POU5F1,ST5,1
POU5F1,STAG3,1
POU5F1,STARD10,1
POU5F1,STARD8,1
POU5F1,STAT4,1
POU5F1,STAT5A,1
POU5F1,STMN1,1
POU5F1,SUN1,1
POU5F1,SUSD2,1
POU5F1,TAGLN2,1
POU5F1,TAX1BP3,1
POU5F1,TBRG1,1
POU5F1,TBX18,1
POU5F1,TBX3,1
POU5F1,TCEA3,1
POU5F1,TCF12,1
POU5F1,TCF15,1
POU5F1,TCF7L2,1
POU5F1,TCL1,1
POU5F1,TDGF1,1
POU5F1,TDH,1
POU5F1,TEAD1,1
POU5F1,TEAD3,1
POU5F1,TEAD4,1
POU5F1,TET1,1
POU5F1,TET2,1
POU5F1,TFAP4,1
POU5F1,TGFB1I1,1
POU5F1,TGFBR3,1
POU5F1,TGIF1,1
POU5F1,TGM1,1
POU5F1,TIMP2,1
POU5F1,TIMP3,1
POU5F1,TINAGL1,1
POU5F1,TLE1,1
POU5F1,TMEM144,1
POU5F1,TMSB4X,1
POU5F1,TOX3,1
POU5F1,TOX4,1
POU5F1,TPM1,1
POU5F1,TPM4,1
POU5F1,TRH,1
POU5F1,TRIM13,1
POU5F1,TRIM2,1
POU5F1,TRIM25,1
POU5F1,TRIM28,1
POU5F1,TRIP11,1
POU5F1,TRP53,1
POU5F1,TRPS1,1
POU5F1,TSHZ3,1
POU5F1,TSPAN9,1
POU5F1,TTC7,1
POU5F1,TUBA4A,1
POU5F1,TUBB2B,1
POU5F1,TUBB6,1
POU5F1,TWIST1,1
POU5F1,TXNIP,1
POU5F1,TYRO3,1
POU5F1,UBTF,1
POU5F1,UCHL1,1
POU5F1,ULK1,1
POU5F1,UNG,1
POU5F1,UPP1,1
POU5F1,USP28,1
POU5F1,USP3,1
POU5F1,USP9X,1
POU5F1,UTF1,1
POU5F1,VAMP8,1
POU5F1,VCAN,1
POU5F1,VEGFA,1
POU5F1,VIM,1
POU5F1,WDR1,1
POU5F1,WWTR1,1
POU5F1,XRCC5,1
POU5F1,YAF2,1
POU5F1,ZBTB10,1
POU5F1,ZBTB3,1
POU5F1,ZBTB38,1
POU5F1,ZC3H7A,1
POU5F1,ZEB1,1
POU5F1,ZEB2,1
POU5F1,ZFAND3,1
POU5F1,ZFHX3,1
POU5F1,ZFP219,1
POU5F1,ZFP296,1
POU5F1,ZFP42,1
POU5F1,ZFP423,1
POU5F1,ZFP462,1
POU5F1,ZFP532,1
POU5F1,ZFP57,1
POU5F1,ZFP600,1
POU5F1,ZFP710,1
POU5F1,ZFPM1,1
POU5F1,ZIC3,1
POU5F1,ZMYND11,1
POU5F1,ZSCAN10,1
POU5F1,ZSWIM4,1
POU5F1,ZYX,1
PRDM14,AATF,1
PRDM14,ACTL6A,1
PRDM14,ADAMTS9,1
PRDM14,AMOT,1
PRDM14,ANXA2,1
PRDM14,ARHGAP21,1
PRDM14,ARID5B,1
PRDM14,ARNTL,1
PRDM14,ASS1,1
PRDM14,ASXL1,1
PRDM14,BACH2,1
PRDM14,BASP1,1
PRDM14,BIN1,1
PRDM14,BMP4,1
PRDM14,BNC2,1
PRDM14,BTG2,1
PRDM14,CACHD1,1
PRDM14,CALD1,1
PRDM14,CDCA7,1
PRDM14,CLDN6,1
PRDM14,CNN2,1
PRDM14,CNOT6,1
PRDM14,COBL,1
PRDM14,COL4A1,1
PRDM14,COL4A2,1
PRDM14,COTL1,1
PRDM14,DDAH1,1
PRDM14,DDAH2,1
PRDM14,DNMT1,1
PRDM14,DR1,1
PRDM14,EDEM1,1
PRDM14,ELL2,1
PRDM14,ETV4,1
PRDM14,ETV5,1
PRDM14,FABP3,1
PRDM14,FOSL2,1
PRDM14,FOXD3,1
PRDM14,FOXO1,1
PRDM14,FXR2,1
PRDM14,GDPD5,1
PRDM14,GLDC,1
PRDM14,GNG2,1
PRDM14,GOT1,1
PRDM14,GPRC5C,1
PRDM14,GSN,1
PRDM14,HDGF,1
PRDM14,HERPUD1,1
PRDM14,HKDC1,1
PRDM14,HMGA2,1
PRDM14,HSF2BP,1
PRDM14,ID3,1
PRDM14,IGFBP2,1
PRDM14,ITPK1,1
PRDM14,JARID2,1
PRDM14,JDP2,1
PRDM14,JUND,1
PRDM14,KHDRBS1,1
PRDM14,KLF13,1
PRDM14,KLF9,1
PRDM14,KRT8,1
PRDM14,LAMB1,1
PRDM14,LAMC1,1
PRDM14,LHX2,1
PRDM14,LIMCH1,1
PRDM14,LRP2,1
PRDM14,LRRC2,1
PRDM14,MAGED1,1
PRDM14,MAPKAPK2,1
PRDM14,MEF2D,1
PRDM14,MEIS1,1
PRDM14,MGST3,1
PRDM14,MKX,1
PRDM14,MSC,1
PRDM14,MTA3,1
PRDM14,MYCN,1
PRDM14,MYH9,1
PRDM14,NASP,1
PRDM14,NCOA6,1
PRDM14,NFATC1,1
PRDM14,NFIC,1
PRDM14,NFKB2,1
PRDM14,NKTR,1
PRDM14,PARVA,1
PRDM14,PHF14,1
PRDM14,PHGDH,1
PRDM14,PHLDB2,1
PRDM14,PIAS2,1
PRDM14,PITX2,1
PRDM14,PKNOX2,1
PRDM14,PLAUR,1
PRDM14,POU2F1,1
PRDM14,POU5F1,1
PRDM14,PTPN14,1
PRDM14,PURA,1
PRDM14,RAB11A,1
PRDM14,RARA,1
PRDM14,RBMS1,1
PRDM14,RCOR2,1
PRDM14,RFFL,1
PRDM14,RRAS2,1
PRDM14,RUNX1,1
PRDM14,RUNX3,1
PRDM14,S100A6,1
PRDM14,SERTAD2,1
PRDM14,SLC7A5,1
PRDM14,SMAD3,1
PRDM14,SNX2,1
PRDM14,SOAT1,1
PRDM14,SOX2,1
PRDM14,SOX4,1
PRDM14,SP8,1
PRDM14,SPP1,1
PRDM14,SRF,1
PRDM14,STMN1,1
PRDM14,TCEA3,1
PRDM14,TCF12,1
PRDM14,TDGF1,1
PRDM14,TEAD3,1
PRDM14,TFRC,1
PRDM14,TGIF1,1
PRDM14,TIMP3,1
PRDM14,TMEM144,1
PRDM14,TNS1,1
PRDM14,TOX3,1
PRDM14,TRH,1
PRDM14,TSPAN9,1
PRDM14,TUBA4A,1
PRDM14,USP3,1
PRDM14,ZEB2,1
PRDM14,ZFHX3,1
RHOX6,COMMD3,1
RHOX6,CRYAB,1
RHOX6,DCXR,1
RHOX6,DKK1,1
RHOX6,ESRRB,1
RHOX6,FST,1
RHOX6,GLI1,1
RHOX6,GLIPR1,1
RHOX6,HIVEP2,1
RHOX6,HKDC1,1
RHOX6,KRT8,1
RHOX6,MYO6,1
RHOX6,PAX6,1
RHOX6,PAX8,1
RHOX6,PEG10,1
RHOX6,PHLDA3,1
RHOX6,PHLDB2,1
RHOX6,PLK2,1
RHOX6,PSAP,1
RHOX6,RB1,1
RHOX6,SDC4,1
RHOX6,SERPINH1,1
RHOX6,SIX1,1
RHOX6,SNORA62,1
RHOX6,TEAD1,1
RHOX6,TGFBR3,1
RHOX6,XAF1,1
RHOX6,ZEB2,1
SALL4,2200002D01RIK,1
SALL4,5031439G07RIK,1
SALL4,ADAM19,1
SALL4,AHNAK,1
SALL4,AIRE,1
SALL4,AKR1B8,1
SALL4,ALG13,1
SALL4,AMFR,1
SALL4,ANXA2,1
SALL4,ANXA5,1
SALL4,APP,1
SALL4,AQP3,1
SALL4,ATF3,1
SALL4,AU018091,1
SALL4,BACH2,1
SALL4,BARX1,1
SALL4,BCAT1,1
SALL4,BMI1,1
SALL4,BNC2,1
SALL4,BTG1,1
SALL4,BTG2,1
SALL4,CACHD1,1
SALL4,CALD1,1
SALL4,CAR4,1
SALL4,CCND1,1
SALL4,CCND2,1
SALL4,CDKN1A,1
SALL4,CFC1,1
SALL4,CITED2,1
SALL4,CKB,1
SALL4,CLCN5,1
SALL4,COBL,1
SALL4,COBLL1,1
SALL4,COMMD3,1
SALL4,COX7A1,1
SALL4,CPM,1
SALL4,CRYAB,1
SALL4,CSF1,1
SALL4,CSRP1,1
SALL4,CUBN,1
SALL4,CYP26A1,1
SALL4,DMRT1,1
SALL4,DPP4,1
SALL4,EBF1,1
SALL4,EBF4,1
SALL4,EGR1,1
SALL4,EMX2,1
SALL4,EOMES,1
SALL4,EPS8L2,1
SALL4,ETS1,1
SALL4,FABP3,1
SALL4,FGF10,1
SALL4,FGF4,1
SALL4,FKBP11,1
SALL4,FNDC3B,1
SALL4,FOSL2,1
SALL4,FOXH1,1
SALL4,FST,1
SALL4,FXYD6,1
SALL4,GATA3,1
SALL4,GBX2,1
SALL4,GJB3,1
SALL4,GLDC,1
SALL4,GNG2,1
SALL4,GPRC5C,1
SALL4,GSN,1
SALL4,GTF2A1L,1
SALL4,HDAC7,1
SALL4,HIP1,1
SALL4,HMGA2,1
SALL4,HS3ST1,1
SALL4,ID2,1
SALL4,IDI1,1
SALL4,IFITM1,1
SALL4,ILDR1,1
SALL4,ITGAV,1
SALL4,JUN,1
SALL4,KDM3A,1
SALL4,KLB,1
SALL4,KLF2,1
SALL4,KLF6,1
SALL4,KRT17,1
SALL4,KRT42,1
SALL4,LAD1,1
SALL4,LAMA1,1
SALL4,LDHB,1
SALL4,LEFTY1,1
SALL4,LEFTY2,1
SALL4,LIMCH1,1
SALL4,LOXL2,1
SALL4,LRP2,1
SALL4,LRRC2,1
SALL4,LRRK1,1
SALL4,LY6G6E,1
SALL4,MAML3,1
SALL4,MAN1A,1
SALL4,MANBA,1
SALL4,MCAM,1
SALL4,MEF2C,1
SALL4,MEIS1,1
SALL4,MORC4,1
SALL4,MPZL2,1
SALL4,MRAS,1
SALL4,MSX2,1
SALL4,MTHFD2,1
SALL4,NFIB,1
SALL4,NOTCH4,1
SALL4,NOTUM,1
SALL4,NPL,1
SALL4,NR0B1,1
SALL4,NR2C1,1
SALL4,NR4A1,1
SALL4,NR5A2,1
SALL4,NRIP1,1
SALL4,NSMAF,1
SALL4,OAT,1
SALL4,OTX2,1
SALL4,PARVA,1
SALL4,PARVB,1
SALL4,PAX6,1
SALL4,PDPN,1
SALL4,PFKP,1
SALL4,PGA5,1
SALL4,PHLDB2,1
SALL4,PITX2,1
SALL4,PKNOX2,1
SALL4,PLAG1,1
SALL4,PLAT,1
SALL4,PLAUR,1
SALL4,PLK2,1
SALL4,PLTP,1
SALL4,PODXL,1
SALL4,POU4F2,1
SALL4,POU6F1,1
SALL4,PRSS35,1
SALL4,PXDN,1
SALL4,RAB3IL1,1
SALL4,RASGRP2,1
SALL4,RBM47,1
SALL4,RBMS1,1
SALL4,RFX2,1
SALL4,RHOX5,1
SALL4,RHOX6,1
SALL4,RIAN,1
SALL4,RTN1,1
SALL4,RUNX1,1
SALL4,S100A6,1
SALL4,SALL1,1
SALL4,SDC4,1
SALL4,SEMA4C,1
SALL4,SERPINB6C,1
SALL4,SERPINE2,1
SALL4,SERPING1,1
SALL4,SERPINH1,1
SALL4,SFMBT2,1
SALL4,SH3PXD2B,1
SALL4,SIX1,1
SALL4,SIX5,1
SALL4,SKIL,1
SALL4,SLC17A9,1
SALL4,SLC1A5,1
SALL4,SLC25A4,1
SALL4,SLC35F5,1
SALL4,SLC5A11,1
SALL4,SMARCC2,1
SALL4,SORD,1
SALL4,SOX15,1
SALL4,SOX17,1
SALL4,SOX4,1
SALL4,SOX7,1
SALL4,SP8,1
SALL4,SPNS2,1
SALL4,SRGN,1
SALL4,STAG3,1
SALL4,STARD8,1
SALL4,STAT4,1
SALL4,SYNE2,1
SALL4,TAX1BP3,1
SALL4,TBX18,1
SALL4,TBX3,1
SALL4,TCF12,1
SALL4,TCF15,1
SALL4,TCL1,1
SALL4,TDH,1
SALL4,TEAD4,1
SALL4,TGFB1I1,1
SALL4,TIMP2,1
SALL4,TIMP3,1
SALL4,TINAGL1,1
SALL4,TMEM231,1
SALL4,TOX3,1
SALL4,TRH,1
SALL4,TRIB3,1
SALL4,TRIM2,1
SALL4,TRPS1,1
SALL4,TTC7,1
SALL4,TXNIP,1
SALL4,USP28,1
SALL4,VEGFA,1
SALL4,VILL,1
SALL4,VIM,1
SALL4,XRCC5,1
SALL4,ZDHHC15,1
SALL4,ZEB2,1
SALL4,ZFHX3,1
SALL4,ZFP296,1
SALL4,ZFP398,1
SALL4,ZFP423,1
SALL4,ZYX,1
SMAD4,ATF7,1
SMAD4,BARX1,1
SMAD4,CLCN5,1
SMAD4,CUX2,1
SMAD4,ELF4,1
SMAD4,ESRRB,1
SMAD4,GATA4,1
SMAD4,GLS,1
SMAD4,GTF2A1L,1
SMAD4,HIST1H1D,1
SMAD4,NXF7,1
SMAD4,PARVB,1
SMAD4,ST3GAL6,1
SMAD4,THBD,1
SMAD4,TINAGL1,1
SMAD7,AFF1,1
SMAD7,AQP3,1
SMAD7,BASP1,1
SMAD7,BMPER,1
SMAD7,CCND2,1
SMAD7,CHST15,1
SMAD7,COL18A1,1
SMAD7,CRABP2,1
SMAD7,CYP26A1,1
SMAD7,DDAH1,1
SMAD7,DMRT1,1
SMAD7,DPP4,1
SMAD7,DUSP9,1
SMAD7,EMX2,1
SMAD7,EPHA2,1
SMAD7,EYA1,1
SMAD7,FGF3,1
SMAD7,FLRT3,1
SMAD7,FXYD6,1
SMAD7,GJB3,1
SMAD7,GLIPR2,1
SMAD7,GPRC5C,1
SMAD7,HIP1,1
SMAD7,HMGA2,1
SMAD7,HOPX,1
SMAD7,ID4,1
SMAD7,IGFBP2,1
SMAD7,IL33,1
SMAD7,IRF1,1
SMAD7,KIT,1
SMAD7,KRT17,1
SMAD7,KRT42,1
SMAD7,LEFTY1,1
SMAD7,LEFTY2,1
SMAD7,LHX2,1
SMAD7,LIMCH1,1
SMAD7,MEIS1,1
SMAD7,MKX,1
SMAD7,MT1,1
SMAD7,MYO5B,1
SMAD7,NFATC4,1
SMAD7,NFKBIA,1
SMAD7,NOTCH4,1
SMAD7,NPHS1,1
SMAD7,OVOL1,1
SMAD7,PAX8,1
SMAD7,PEG10,1
SMAD7,PITX2,1
SMAD7,PKNOX2,1
SMAD7,PRDM1,1
SMAD7,PSME2,1
SMAD7,S100A6,1
SMAD7,SDC4,1
SMAD7,SERPING1,1
SMAD7,SFMBT2,1
SMAD7,SHROOM3,1
SMAD7,SKIL,1
SMAD7,SLC7A7,1
SMAD7,SMAD3,1
SMAD7,SMS,1
SMAD7,SNAI1,1
SMAD7,SOX17,1
SMAD7,SP8,1
SMAD7,TBX18,1
SMAD7,TDGF1,1
SMAD7,TGFBR3,1
SMAD7,TINAGL1,1
SMAD7,TOX3,1
SMAD7,TRH,1
SMAD7,TTC7,1
SMAD7,XAF1,1
SMAD7,ZBTB10,1
SMAD7,ZEB1,1
SMAD7,ZEB2,1
SOX17,ADAM19,1
SOX17,AMOT,1
SOX17,ASAH1,1
SOX17,ATP1B1,1
SOX17,BTG1,1
SOX17,CALU,1
SOX17,CAR4,1
SOX17,CLDN6,1
SOX17,COL4A1,1
SOX17,COL4A2,1
SOX17,CRIP2,1
SOX17,DDIT3,1
SOX17,EIF4A2,1
SOX17,EZH2,1
SOX17,FBP2,1
SOX17,GATA6,1
SOX17,GNPDA1,1
SOX17,GRIN1,1
SOX17,HIST1H1B,1
SOX17,HIST1H2BK,1
SOX17,HIST1H3H,1
SOX17,HIST1H4K,1
SOX17,HSBP1,1
SOX17,IGFBP2,1
SOX17,LAMA1,1
SOX17,LAMC1,1
SOX17,LAMP2,1
SOX17,LGALS3,1
SOX17,MANBA,1
SOX17,MCAM,1
SOX17,MLXIP,1
SOX17,MTF2,1
SOX17,MYC,1
SOX17,MYLPF,1
SOX17,MYO6,1
SOX17,NUPR1,1
SOX17,NXF7,1
SOX17,OTX2,1
SOX17,PAX8,1
SOX17,PFKP,1
SOX17,PITX2,1
SOX17,PLA2G1B,1
SOX17,RAI14,1
SOX17,RNF14,1
SOX17,SDCBP,1
SOX17,SERPINB6C,1
SOX17,SERPING1,1
SOX17,SNX2,1
SOX17,SREBF1,1
SOX17,TBX18,1
SOX17,TGFB1,1
SOX17,TPD52,1
SOX17,TPI1,1
SOX17,UBE2C,1
SOX17,UPP1,1
SOX2,2200002D01RIK,1
SOX2,4930402H24RIK,1
SOX2,5031439G07RIK,1
SOX2,ABHD5,1
SOX2,ABTB1,1
SOX2,ACP6,1
SOX2,ADAM19,1
SOX2,ADAM23,1
SOX2,ADAMTS9,1
SOX2,AES,1
SOX2,AFF1,1
SOX2,AGPAT4,1
SOX2,AHNAK,1
SOX2,AI506816,1
SOX2,AIRE,1
SOX2,AKR1B3,1
SOX2,AKT1,1
SOX2,ALDH2,1
SOX2,ALG13,1
SOX2,ALPL,1
SOX2,AMFR,1
SOX2,AMOT,1
SOX2,AMOTL2,1
SOX2,ANK,1
SOX2,ANKRD49,1
SOX2,ANKRD6,1
SOX2,ANP32A,1
SOX2,ANXA2,1
SOX2,ANXA5,1
SOX2,APLP1,1
SOX2,APOBEC3,1
SOX2,APOE,1
SOX2,APP,1
SOX2,AQP3,1
SOX2,ARHGAP21,1
SOX2,ARHGAP29,1
SOX2,ARHGEF5,1
SOX2,ARID3B,1
SOX2,ARID5B,1
SOX2,ARNTL,1
SOX2,ASNS,1
SOX2,ASS1,1
SOX2,ATF3,1
SOX2,ATF5,1
SOX2,ATG16L2,1
SOX2,AY036118,1
SOX2,B2M,1
SOX2,BACH2,1
SOX2,BAG2,1
SOX2,BASP1,1
SOX2,BAZ1A,1
SOX2,BCAM,1
SOX2,BCAS3,1
SOX2,BCAT1,1
SOX2,BCL3,1
SOX2,BMI1,1
SOX2,BMP4,1
SOX2,BMP6,1
SOX2,BMPER,1
SOX2,BNC2,1
SOX2,BNIP3,1
SOX2,BRWD1,1
SOX2,BTBD11,1
SOX2,BTG1,1
SOX2,BTG2,1
SOX2,CACHD1,1
SOX2,CALCOCO2,1
SOX2,CALD1,1
SOX2,CAR2,1
SOX2,CAR4,1
SOX2,CARHSP1,1
SOX2,CBX4,1
SOX2,CCND1,1
SOX2,CCND2,1
SOX2,CCNE1,1
SOX2,CCNG1,1
SOX2,CDKN1A,1
SOX2,CFC1,1
SOX2,CHD7,1
SOX2,CHN2,1
SOX2,CHST15,1
SOX2,CIC,1
SOX2,CITED1,1
SOX2,CITED2,1
SOX2,CLCN5,1
SOX2,CLDN6,1
SOX2,CLIC1,1
SOX2,CLN6,1
SOX2,CMKLR1,1
SOX2,CNDP2,1
SOX2,CNN2,1
SOX2,COBL,1
SOX2,COL18A1,1
SOX2,COL4A1,1
SOX2,COL4A2,1
SOX2,COMMD3,1
SOX2,COTL1,1
SOX2,COX7A1,1
SOX2,CPM,1
SOX2,CRABP2,1
SOX2,CRAMP1L,1
SOX2,CREB3,1
SOX2,CREB3L2,1
SOX2,CRTAP,1
SOX2,CSF1,1
SOX2,CSRP1,1
SOX2,CSTB,1
SOX2,CTBP2,1
SOX2,CTDSPL,1
SOX2,CTH,1
SOX2,CTNNAL1,1
SOX2,CTSL,1
SOX2,CUBN,1
SOX2,CUL7,1
SOX2,CUX2,1
SOX2,CYBA,1
SOX2,CYP26A1,1
SOX2,D230025D16RIK,1
SOX2,DAB2,1
SOX2,DAP,1
SOX2,DCTPP1,1
SOX2,DDAH1,1
SOX2,DDAH2,1
SOX2,DDX58,1
SOX2,DKK1,1
SOX2,DMRT1,1
SOX2,DNMT3A,1
SOX2,DPP4,1
SOX2,DPPA2,1
SOX2,DPPA4,1
SOX2,DTX1,1
SOX2,DUSP3,1
SOX2,DUSP6,1
SOX2,DUSP9,1
SOX2,EBF1,1
SOX2,EFEMP2,1
SOX2,EGR1,1
SOX2,EHD1,1
SOX2,EHMT2,1
SOX2,ELF3,1
SOX2,ELL3,1
SOX2,EMP2,1
SOX2,EMX2,1
SOX2,EOMES,1
SOX2,EP300,1
SOX2,EPAS1,1
SOX2,EPHA2,1
SOX2,EPHA4,1
SOX2,ESPL1,1
SOX2,ESRRB,1
SOX2,ETL4,1
SOX2,ETV3,1
SOX2,ETV4,1
SOX2,ETV5,1
SOX2,ETV6,1
SOX2,EYA1,1
SOX2,FABP3,1
SOX2,FAM102A,1
SOX2,FAM129B,1
SOX2,FBLIM1,1
SOX2,FBXO15,1
SOX2,FBXO5,1
SOX2,FGF10,1
SOX2,FGF3,1
SOX2,FGF4,1
SOX2,FHL2,1
SOX2,FHOD1,1
SOX2,FLRT3,1
SOX2,FNDC3B,1
SOX2,FOXA2,1
SOX2,FOXD3,1
SOX2,FOXO1,1
SOX2,FOXP1,1
SOX2,FOXQ1,1
SOX2,FRMD4A,1
SOX2,FST,1
SOX2,FXYD6,1
SOX2,GABARAPL2,1
SOX2,GAS6,1
SOX2,GATA3,1
SOX2,GATA6,1
SOX2,GBX2,1
SOX2,GFPT1,1
SOX2,GGTA1,1
SOX2,GJA1,1
SOX2,GJB3,1
SOX2,GLDC,1
SOX2,GLI2,1
SOX2,GLIPR2,1
SOX2,GLIS2,1
SOX2,GLUL,1
SOX2,GNAS,1
SOX2,GNG10,1
SOX2,GPRC5C,1
SOX2,GPX3,1
SOX2,GRAMD1A,1
SOX2,GRB10,1
SOX2,GSN,1
SOX2,GSTA4,1
SOX2,GTF2A1L,1
SOX2,H1F0,1
SOX2,HDAC11,1
SOX2,HDAC4,1
SOX2,HES6,1
SOX2,HEY2,1
SOX2,HIST1H1A,1
SOX2,HIST1H2BN,1
SOX2,HIVEP2,1
SOX2,HK2,1
SOX2,HKDC1,1
SOX2,HOPX,1
SOX2,HS3ST1,1
SOX2,HSD17B14,1
SOX2,HSF2,1
SOX2,HSF2BP,1
SOX2,HSPB1,1
SOX2,ICAM1,1
SOX2,ID2,1
SOX2,ID3,1
SOX2,ID4,1
SOX2,IFI30,1
SOX2,IFITM1,1
SOX2,IFITM2,1
SOX2,IFITM3,1
SOX2,IGFBP2,1
SOX2,ILDR1,1
SOX2,ILK,1
SOX2,IQSEC1,1
SOX2,IRF1,1
SOX2,IRF6,1
SOX2,ISYNA1,1
SOX2,ITGA6,1
SOX2,ITGA9,1
SOX2,ITGAV,1
SOX2,JAM2,1
SOX2,JARID2,1
SOX2,JUN,1
SOX2,JUND,1
SOX2,KANK3,1
SOX2,KDM3A,1
SOX2,KHDRBS1,1
SOX2,KIT,1
SOX2,KLB,1
SOX2,KLF10,1
SOX2,KLF2,1
SOX2,KLF4,1
SOX2,KLF6,1
SOX2,KRT17,1
SOX2,KRT18,1
SOX2,KRT19,1
SOX2,KRT42,1
SOX2,KRT8,1
SOX2,LAD1,1
SOX2,LAMA1,1
SOX2,LAMA5,1
SOX2,LAMC1,1
SOX2,LAPTM5,1
SOX2,LASP1,1
SOX2,LDB1,1
SOX2,LDHB,1
SOX2,LDLRAP1,1
SOX2,LEFTY1,1
SOX2,LEFTY2,1
SOX2,LGALS3,1
SOX2,LGMN,1
SOX2,LIFR,1
SOX2,LIMCH1,1
SOX2,LMO4,1
SOX2,LOXL2,1
SOX2,LRP2,1
SOX2,LRRC2,1
SOX2,LRRK1,1
SOX2,LTBP4,1
SOX2,LY6E,1
SOX2,LY6G6E,1
SOX2,LY75,1
SOX2,MAFK,1
SOX2,MAML1,1
SOX2,MAML3,1
SOX2,MANBA,1
SOX2,MAPK11,1
SOX2,MAPKAPK2,1
SOX2,MARCKS,1
SOX2,MCAM,1
SOX2,MDM2,1
SOX2,MED12,1
SOX2,MEG3,1
SOX2,MEIS1,1
SOX2,MFGE8,1
SOX2,MKRN1,1
SOX2,MKX,1
SOX2,MLXIPL,1
SOX2,MORC4,1
SOX2,MOV10,1
SOX2,MPP1,1
SOX2,MPZL2,1
SOX2,MRAS,1
SOX2,MSC,1
SOX2,MSL3,1
SOX2,MSX2,1
SOX2,MT1,1
SOX2,MTA3,1
SOX2,MYBL2,1
SOX2,MYC,1
SOX2,MYCN,1
SOX2,MYH9,1
SOX2,MYLPF,1
SOX2,MYO18A,1
SOX2,MYO1C,1
SOX2,MYO7A,1
SOX2,NCAPD2,1
SOX2,NCOA6,1
SOX2,NDRG4,1
SOX2,NFATC4,1
SOX2,NFIB,1
SOX2,NID1,1
SOX2,NIPSNAP1,1
SOX2,NME2,1
SOX2,NOTCH2,1
SOX2,NOTCH4,1
SOX2,NOTUM,1
SOX2,NPHS1,1
SOX2,NPL,1
SOX2,NR0B1,1
SOX2,NR4A1,1
SOX2,NR5A2,1
SOX2,NRG1,1
SOX2,NRG2,1
SOX2,NRIP1,1
SOX2,NXF7,1
SOX2,OBSL1,1
SOX2,OTX2,1
SOX2,OVOL1,1
SOX2,PARP1,1
SOX2,PARVA,1
SOX2,PARVB,1
SOX2,PAWR,1
SOX2,PAX6,1
SOX2,PBXIP1,1
SOX2,PCOLCE,1
SOX2,PCOLCE2,1
SOX2,PDE4DIP,1
SOX2,PDGFA,1
SOX2,PDGFRA,1
SOX2,PDK1,1
SOX2,PDLIM1,1
SOX2,PDPN,1
SOX2,PEG10,1
SOX2,PFKL,1
SOX2,PFKP,1
SOX2,PGA5,1
SOX2,PHC1,1
SOX2,PHGDH,1
SOX2,PHLDB2,1
SOX2,PIK3R1,1
SOX2,PIPOX,1
SOX2,PITX2,1
SOX2,PKNOX2,1
SOX2,PLA2G1B,1
SOX2,PLAT,1
SOX2,PLAUR,1
SOX2,PLK2,1
SOX2,PLSCR1,1
SOX2,PLTP,1
SOX2,PODXL,1
SOX2,POLR3B,1
SOX2,POU4F2,1
SOX2,POU5F1,1
SOX2,POU6F1,1
SOX2,PRDM5,1
SOX2,PROX1,1
SOX2,PRPS2,1
SOX2,PRRX2,1
SOX2,PSAP,1
SOX2,PSME2,1
SOX2,PTH1R,1
SOX2,PTPN14,1
SOX2,QDPR,1
SOX2,RAB3IL1,1
SOX2,RAI14,1
SOX2,RAPGEF3,1
SOX2,RARA,1
SOX2,RARG,1
SOX2,RASGRP2,1
SOX2,RB1,1
SOX2,RBBP4,1
SOX2,RBL1,1
SOX2,RBMS1,1
SOX2,RCOR2,1
SOX2,RDM1,1
SOX2,REST,1
SOX2,RFX2,1
SOX2,RHOX5,1
SOX2,RHOX6,1
SOX2,RIAN,1
SOX2,RMND5B,1
SOX2,RNF157,1
SOX2,RPP25,1
SOX2,RRAS2,1
SOX2,RUNX1,1
SOX2,RUVBL1,1
SOX2,S100A6,1
SOX2,SAP30,1
SOX2,SATB1,1
SOX2,SATB2,1
SOX2,SCMH1,1
SOX2,SEMA4C,1
SOX2,SENP3,1
SOX2,SERPINB6C,1
SOX2,SERPINE2,1
SOX2,SERPINH1,1
SOX2,SERTAD2,1
SOX2,SETD7,1
SOX2,SFI1,1
SOX2,SFMBT2,1
SOX2,SH3PXD2B,1
SOX2,SHROOM3,1
SOX2,SIX1,1
SOX2,SIX5,1
SOX2,SKIL,1
SOX2,SLC12A4,1
SOX2,SLC17A9,1
SOX2,SLC1A5,1
SOX2,SLC25A4,1
SOX2,SLC26A10,1
SOX2,SLC5A11,1
SOX2,SLC6A8,1
SOX2,SLC7A3,1
SOX2,SLC9A6,1
SOX2,SMAD3,1
SOX2,SMAD7,1
SOX2,SMS,1
SOX2,SNAI1,1
SOX2,SNHG12,1
SOX2,SNX1,1
SOX2,SNX25,1
SOX2,SOAT1,1
SOX2,SOCS2,1
SOX2,SOX15,1
SOX2,SOX17,1
SOX2,SOX4,1
SOX2,SOX7,1
SOX2,SP8,1
SOX2,SPARC,1
SOX2,SPNS2,1
SOX2,SPP1,1
SOX2,SPRY2,1
SOX2,SPRY4,1
SOX2,SRGN,1
SOX2,SRI,1
SOX2,SRM,1
SOX2,SSBP4,1
SOX2,ST3GAL6,1
SOX2,ST5,1
SOX2,STAG3,1
SOX2,STARD8,1
SOX2,STAT4,1
SOX2,STAT5B,1
SOX2,STMN1,1
SOX2,SUSD2,1
SOX2,SYNE2,1
SOX2,TAGLN2,1
SOX2,TAX1BP3,1
SOX2,TBX3,1
SOX2,TCEA3,1
SOX2,TCF12,1
SOX2,TCF15,1
SOX2,TCF20,1
SOX2,TCL1,1
SOX2,TCN2,1
SOX2,TDGF1,1
SOX2,TDH,1
SOX2,TEAD1,1
SOX2,TEAD3,1
SOX2,TEAD4,1
SOX2,TET2,1
SOX2,TGIF1,1
SOX2,TGM1,1
SOX2,THBD,1
SOX2,TINAGL1,1
SOX2,TLE1,1
SOX2,TMED9,1
SOX2,TMEM144,1
SOX2,TMEM150A,1
SOX2,TMEM231,1
SOX2,TMSB4X,1
SOX2,TNS1,1
SOX2,TOX3,1
SOX2,TPD52,1
SOX2,TPM1,1
SOX2,TPM4,1
SOX2,TRH,1
SOX2,TRIB3,1
SOX2,TRIM13,1
SOX2,TRIM2,1
SOX2,TRIP11,1
SOX2,TRPS1,1
SOX2,TTC7,1
SOX2,TUBA4A,1
SOX2,TUBB6,1
SOX2,TULP3,1
SOX2,TXNDC12,1
SOX2,TXNIP,1
SOX2,TYRO3,1
SOX2,UBE2S,1
SOX2,UBQLN2,1
SOX2,UCHL1,1
SOX2,ULK1,1
SOX2,UPP1,1
SOX2,USP28,1
SOX2,USP3,1
SOX2,USP9X,1
SOX2,UTF1,1
SOX2,VAMP8,1
SOX2,VCAN,1
SOX2,VEGFA,1
SOX2,VEZF1,1
SOX2,VILL,1
SOX2,VIM,1
SOX2,WWTR1,1
SOX2,XRCC5,1
SOX2,ZBTB10,1
SOX2,ZDHHC15,1
SOX2,ZFAND3,1
SOX2,ZFHX3,1
SOX2,ZFP296,1
SOX2,ZFP36L1,1
SOX2,ZFP42,1
SOX2,ZFP423,1
SOX2,ZFP532,1
SOX2,ZFP91,1
SOX2,ZFPM1,1
SOX2,ZHX3,1
SOX2,ZIC3,1
SOX2,ZSWIM4,1
SOX2,ZYX,1
SUZ12,AHNAK,1
SUZ12,AIRE,1
SUZ12,AKT1,1
SUZ12,AMFR,1
SUZ12,AMOT,1
SUZ12,AMOTL2,1
SUZ12,ANXA2,1
SUZ12,ANXA5,1
SUZ12,APP,1
SUZ12,AQP3,1
SUZ12,ASS1,1
SUZ12,AY036118,1
SUZ12,B2M,1
SUZ12,BACH2,1
SUZ12,BARX1,1
SUZ12,BAZ1A,1
SUZ12,BMP4,1
SUZ12,BMPER,1
SUZ12,BTG2,1
SUZ12,CALCOCO2,1
SUZ12,CALD1,1
SUZ12,CDC5L,1
SUZ12,CDKN1A,1
SUZ12,CHCHD10,1
SUZ12,CITED2,1
SUZ12,CLIC1,1
SUZ12,CNN2,1
SUZ12,COBL,1
SUZ12,CRYAB,1
SUZ12,CSF1,1
SUZ12,CSRP1,1
SUZ12,CUBN,1
SUZ12,DAB2,1
SUZ12,DKK1,1
SUZ12,DUSP6,1
SUZ12,ELF4,1
SUZ12,ENAH,1
SUZ12,ESRRB,1
SUZ12,ETS1,1
SUZ12,FABP3,1
SUZ12,FBXO15,1
SUZ12,FLRT3,1
SUZ12,FN1,1
SUZ12,FOSL2,1
SUZ12,FOXP1,1
SUZ12,GABARAPL2,1
SUZ12,GATA6,1
SUZ12,GHR,1
SUZ12,GJB3,1
SUZ12,GLIPR1,1
SUZ12,GLIPR2,1
SUZ12,GLS,1
SUZ12,GNAS,1
SUZ12,GNG2,1
SUZ12,GRB10,1
SUZ12,GSN,1
SUZ12,HIST1H2AI,1
SUZ12,HIST1H2BN,1
SUZ12,HKDC1,1
SUZ12,HMGA2,1
SUZ12,HS3ST1,1
SUZ12,HSF2BP,1
SUZ12,HTRA1,1
SUZ12,ID2,1
SUZ12,IDI1,1
SUZ12,IFITM1,1
SUZ12,ILK,1
SUZ12,IRF4,1
SUZ12,ITGAV,1
SUZ12,JAM2,1
SUZ12,JUN,1
SUZ12,KCNG1,1
SUZ12,KLB,1
SUZ12,KLF2,1
SUZ12,KLF4,1
SUZ12,KLF6,1
SUZ12,KRT18,1
SUZ12,KRT19,1
SUZ12,KRT8,1
SUZ12,LAMA1,1
SUZ12,LAPTM5,1
SUZ12,LOXL2,1
SUZ12,LRRC2,1
SUZ12,LY6G6E,1
SUZ12,MAML3,1
SUZ12,MANBA,1
SUZ12,MARCKS,1
SUZ12,MEG3,1
SUZ12,MOV10,1
SUZ12,MSC,1
SUZ12,MT1,1
SUZ12,MYBL2,1
SUZ12,MYC,1
SUZ12,MYLPF,1
SUZ12,MYO1C,1
SUZ12,NANOG,1
SUZ12,NFATC2IP,1
SUZ12,NME2,1
SUZ12,NPHS1,1
SUZ12,NPL,1
SUZ12,NR0B1,1
SUZ12,NR1H2,1
SUZ12,NRG2,1
SUZ12,OTX2,1
SUZ12,PARVA,1
SUZ12,PAWR,1
SUZ12,PFKP,1
SUZ12,PHLDB2,1
SUZ12,PITX2,1
SUZ12,PLAG1,1
SUZ12,PLK2,1
SUZ12,PLOD2,1
SUZ12,POU4F1,1
SUZ12,PXDN,1
SUZ12,RAPGEF3,1
SUZ12,RBMS1,1
SUZ12,RDM1,1
SUZ12,RHOX5,1
SUZ12,RHOX6,1
SUZ12,RIAN,1
SUZ12,RPL39L,1
SUZ12,RPP25,1
SUZ12,RRAS2,1
SUZ12,S100A6,1
SUZ12,SALL4,1
SUZ12,SATB2,1
SUZ12,SERPINH1,1
SUZ12,SETD7,1
SUZ12,SFMBT2,1
SUZ12,SIDT2,1
SUZ12,SKIL,1
SUZ12,SOAT1,1
SUZ12,SORD,1
SUZ12,SOX4,1
SUZ12,SOX7,1
SUZ12,SPP1,1
SUZ12,SRGN,1
SUZ12,STAT5A,1
SUZ12,SUN1,1
SUZ12,TAGLN2,1
SUZ12,TBX3,1
SUZ12,TCF12,1
SUZ12,TCL1,1
SUZ12,TET2,1
SUZ12,TGFB1I1,1
SUZ12,TIMP2,1
SUZ12,TPM4,1
SUZ12,TRIB3,1
SUZ12,TSPAN9,1
SUZ12,TUBB6,1
SUZ12,ULK1,1
SUZ12,UPP1,1
SUZ12,USP9X,1
SUZ12,VCAN,1
SUZ12,VIM,1
SUZ12,WWTR1,1
SUZ12,YAF2,1
SUZ12,ZEB1,1
SUZ12,ZYX,1
TBX3,ACP6,1
TBX3,ADAM23,1
TBX3,AES,1
TBX3,AHNAK,1
TBX3,AIRE,1
TBX3,AKR1B8,1
TBX3,AKT1,1
TBX3,AMOTL2,1
TBX3,ANXA2,1
TBX3,ANXA5,1
TBX3,APP,1
TBX3,AQP3,1
TBX3,ATP1B1,1
TBX3,B2M,1
TBX3,BASP1,1
TBX3,BMP4,1
TBX3,BTG2,1
TBX3,CALCOCO2,1
TBX3,CALD1,1
TBX3,CAR2,1
TBX3,CAR4,1
TBX3,CITED2,1
TBX3,CLDN6,1
TBX3,CLIC1,1
TBX3,CNN2,1
TBX3,COBL,1
TBX3,COL4A2,1
TBX3,COMMD3,1
TBX3,COX7A1,1
TBX3,CSF1,1
TBX3,CTH,1
TBX3,DDAH2,1
TBX3,DEK,1
TBX3,E2F2,1
TBX3,EGR1,1
TBX3,ELL2,1
TBX3,ELL3,1
TBX3,EMP2,1
TBX3,EPHA4,1
TBX3,ETV4,1
TBX3,FABP3,1
TBX3,FXYD6,1
TBX3,GBX2,1
TBX3,GCLM,1
TBX3,GJA1,1
TBX3,GJB3,1
TBX3,GLIPR2,1
TBX3,GNG10,1
TBX3,GNG2,1
TBX3,GPX3,1
TBX3,GRB10,1
TBX3,GSN,1
TBX3,H1F0,1
TBX3,HES1,1
TBX3,HES6,1
TBX3,HMGXB4,1
TBX3,ICAM1,1
TBX3,ID2,1
TBX3,ID3,1
TBX3,IFRD1,1
TBX3,IGFBP2,1
TBX3,ILDR1,1
TBX3,KDELR3,1
TBX3,KIT,1
TBX3,KRT18,1
TBX3,KRT19,1
TBX3,KRT42,1
TBX3,KRT8,1
TBX3,LASP1,1
TBX3,LEFTY1,1
TBX3,LEFTY2,1
TBX3,LGALS3,1
TBX3,LIFR,1
TBX3,LMO4,1
TBX3,LY6G6E,1
TBX3,MANBA,1
TBX3,MAPK13,1
TBX3,MARCKS,1
TBX3,MME,1
TBX3,MRAS,1
TBX3,MSC,1
TBX3,MYH9,1
TBX3,MYLPF,1
TBX3,NFATC3,1
TBX3,NOTCH2,1
TBX3,NOTCH4,1
TBX3,NSMAF,1
TBX3,NUPR1,1
TBX3,OTX2,1
TBX3,PA2G4,1
TBX3,PARVA,1
TBX3,PCOLCE,1
TBX3,PCSK6,1
TBX3,PDPN,1
TBX3,PFKP,1
TBX3,PGA5,1
TBX3,PHF20,1
TBX3,PITX2,1
TBX3,PLA2G1B,1
TBX3,PLK2,1
TBX3,PLOD1,1
TBX3,POLE4,1
TBX3,POLR3F,1
TBX3,PROS1,1
TBX3,PRSS35,1
TBX3,PXDN,1
TBX3,RAPGEF3,1
TBX3,RASGRP2,1
TBX3,RBMS1,1
TBX3,REV1,1
TBX3,RHOX5,1
TBX3,RHOX6,1
TBX3,RMND5B,1
TBX3,RNF157,1
TBX3,RNF6,1
TBX3,RPP25,1
TBX3,RPS6KA6,1
TBX3,SATB1,1
TBX3,SCMH1,1
TBX3,SERPINB6C,1
TBX3,SIRT1,1
TBX3,SKIL,1
TBX3,SLC17A9,1
TBX3,SLC25A36,1
TBX3,SLC38A2,1
TBX3,SOX15,1
TBX3,SPARC,1
TBX3,SPP1,1
TBX3,STAG3,1
TBX3,STMN1,1
TBX3,TAF9,1
TBX3,TCL1,1
TBX3,TEAD3,1
TBX3,TET2,1
TBX3,TPI1,1
TBX3,TPM1,1
TBX3,TPM4,1
TBX3,TUBB2B,1
TBX3,TUBB6,1
TBX3,UBQLN2,1
TBX3,VEGFA,1
TBX3,ZFP423,1
TBX3,ZFP57,1
TCEA3,AI506816,1
TCEA3,AY036118,1
TCEA3,CDH6,1
TCEA3,CMKLR1,1
TCEA3,CRABP2,1
TCEA3,CUBN,1
TCEA3,CUX2,1
TCEA3,DKK1,1
TCEA3,EIF4A-PS4,1
TCEA3,EMX2,1
TCEA3,EOMES,1
TCEA3,EPAS1,1
TCEA3,ESRRB,1
TCEA3,FOXA2,1
TCEA3,GTF3C1,1
TCEA3,HEY2,1
TCEA3,HIF3A,1
TCEA3,HIST1H1D,1
TCEA3,HSPG2,1
TCEA3,NME2,1
TCEA3,PLXNA1,1
TCEA3,POU4F2,1
TCEA3,SALL4,1
TCEA3,SOX7,1
TCEA3,TAF1,1
TCEA3,TEAD1,1
TCEA3,TINAGL1,1
TCEA3,ZBTB38,1
TCEA3,ZDHHC15,1
TCF7L2,2200002D01RIK,1
TCF7L2,AFF1,1
TCF7L2,AIRE,1
TCF7L2,AMOT,1
TCF7L2,APBB1,1
TCF7L2,APP,1
TCF7L2,CDKN1A,1
TCF7L2,CPM,1
TCF7L2,DDAH2,1
TCF7L2,DMRT1,1
TCF7L2,ETS1,1
TCF7L2,FGF10,1
TCF7L2,FOXA2,1
TCF7L2,FRMD4A,1
TCF7L2,FXYD6,1
TCF7L2,GABBR1,1
TCF7L2,GATA6,1
TCF7L2,GJB3,1
TCF7L2,GLIPR2,1
TCF7L2,GLS,1
TCF7L2,GPRC5C,1
TCF7L2,GTF2A1L,1
TCF7L2,HABP2,1
TCF7L2,HES1,1
TCF7L2,ID2,1
TCF7L2,ID3,1
TCF7L2,ID4,1
TCF7L2,IRF1,1
TCF7L2,LAMA1,1
TCF7L2,LAPTM5,1
TCF7L2,LDHB,1
TCF7L2,LHX2,1
TCF7L2,LY6G6E,1
TCF7L2,NFKBIA,1
TCF7L2,NR5A2,1
TCF7L2,PDGFA,1
TCF7L2,PDPN,1
TCF7L2,POU6F1,1
TCF7L2,PRDM1,1
TCF7L2,PROX1,1
TCF7L2,PSME2,1
TCF7L2,RLIM,1
TCF7L2,SFI1,1
TCF7L2,SNAI1,1
TCF7L2,TGFBR3,1
TCF7L2,TGM1,1
TCF7L2,THBD,1
TCF7L2,TNS4,1
TCF7L2,TOX3,1
TCF7L2,TRH,1
TCF7L2,TTC7,1
TCF7L2,VIM,1
TCF7L2,WWTR1,1
TCF7L2,XAF1,1
TCF7L2,ZFP36L1,1
ZFAND3,CREB5,1
ZFAND3,ELF4,1
ZFAND3,ESRRB,1
ZFAND3,GATA6,1
ZFAND3,HEY2,1
ZFAND3,HKDC1,1
ZFAND3,LIMCH1,1
ZFAND3,POU4F2,1
ZFAND3,RUNX3,1
ZFAND3,THBD,1
ZFAND3,TNS4,1
ZFP281,AARS,1
ZFP281,ACP6,1
ZFP281,AKR1B3,1
ZFP281,ALDH2,1
ZFP281,AMOTL2,1
ZFP281,ANK,1
ZFP281,APP,1
ZFP281,ARHGAP29,1
ZFP281,ARNTL,1
ZFP281,ASS1,1
ZFP281,ATF4,1
ZFP281,BUB1B,1
ZFP281,CALD1,1
ZFP281,CALR,1
ZFP281,CAR4,1
ZFP281,CBX7,1
ZFP281,CCND3,1
ZFP281,CCNE1,1
ZFP281,CHD7,1
ZFP281,CITED2,1
ZFP281,CLDN6,1
ZFP281,CNDP2,1
ZFP281,COBL,1
ZFP281,COL4A2,1
ZFP281,COTL1,1
ZFP281,CRABP2,1
ZFP281,CRTAP,1
ZFP281,CTH,1
ZFP281,CTNNAL1,1
ZFP281,DCTPP1,1
ZFP281,DPPA2,1
ZFP281,DPPA4,1
ZFP281,EIF2S2,1
ZFP281,ELOVL6,1
ZFP281,FAHD2A,1
ZFP281,FOXJ3,1
ZFP281,FXYD6,1
ZFP281,GJA1,1
ZFP281,GNAS,1
ZFP281,GOT1,1
ZFP281,HMGA2,1
ZFP281,HNF4A,1
ZFP281,HNRNPAB,1
ZFP281,HSPB1,1
ZFP281,IGFBP2,1
ZFP281,ITPK1,1
ZFP281,JAM2,1
ZFP281,JARID2,1
ZFP281,KHDRBS1,1
ZFP281,KLF4,1
ZFP281,LAMP2,1
ZFP281,LDHB,1
ZFP281,LY6E,1
ZFP281,MANBA,1
ZFP281,MAPK11,1
ZFP281,MARCKS,1
ZFP281,MCM2,1
ZFP281,MCM3,1
ZFP281,MCM6,1
ZFP281,MEG3,1
ZFP281,MPZL2,1
ZFP281,MRAS,1
ZFP281,MTHFD2,1
ZFP281,MYBBP1A,1
ZFP281,MYH9,1
ZFP281,MYLPF,1
ZFP281,NOP56,1
ZFP281,NR0B1,1
ZFP281,NUPR1,1
ZFP281,PARP1,1
ZFP281,PAWR,1
ZFP281,PCBP2,1
ZFP281,PCNA,1
ZFP281,PDCD4,1
ZFP281,PDPN,1
ZFP281,PFKP,1
ZFP281,PIAS3,1
ZFP281,PLA2G1B,1
ZFP281,PMM1,1
ZFP281,POLR1C,1
ZFP281,PRPS2,1
ZFP281,PURA,1
ZFP281,RBMS1,1
ZFP281,RDM1,1
ZFP281,RPL39L,1
ZFP281,RRM2,1
ZFP281,RUVBL1,1
ZFP281,SATB1,1
ZFP281,SETD7,1
ZFP281,SLC6A8,1
ZFP281,SLC7A5,1
ZFP281,SMS,1
ZFP281,SOAT1,1
ZFP281,SOD1,1
ZFP281,SOX4,1
ZFP281,TADA3,1
ZFP281,TAF6,1
ZFP281,TAX1BP3,1
ZFP281,TCEA3,1
ZFP281,TINAGL1,1
ZFP281,TPM4,1
ZFP281,UBE2S,1
ZFP281,UCHL1,1
ZFP281,UPP1,1
ZFP281,UTF1,1
ZFP281,VAMP8,1
ZFP281,VEZF1,1
ZFP281,VILL,1
ZFP281,XRCC5,1
ZFP281,ZFHX3,1
ZFP281,ZYX,1
ZFP42,ALDH2,1
ZFP42,CCND2,1
ZFP42,CLCN5,1
ZFP42,CRYAB,1
ZFP42,EPHA4,1
ZFP42,ETS1,1
ZFP42,FLRT3,1
ZFP42,FOSL2,1
ZFP42,FXYD6,1
ZFP42,KRT8,1
ZFP42,LPCAT1,1
ZFP42,LRRK1,1
ZFP42,MARCKS,1
ZFP42,MBD2,1
ZFP42,MDM2,1
ZFP42,NFIA,1
ZFP42,NFKB2,1
ZFP42,NRIP1,1
ZFP42,OBSL1,1
ZFP42,PAX6,1
ZFP42,RAB3IL1,1
ZFP42,SHROOM3,1
ZFP42,SOX4,1
ZFP42,STT3A,1
ZFP42,TGFB1I1,1
ZFP42,TOX3,1
ZFP42,TWIST1,1
ZFP42,WDFY1,1
ZFP42,ZEB2,1
ZFP42,ZFHX3,1
SUZ12,ASAH1,0
ZFP42,SMARCAD1,0
MSC,LMO4,0
SMAD4,HIST1H2AI,0
MEF2C,SOX7,0
SOX17,RRM2,0
CBX8,EIF2S2,0
ZFP42,ESRRA,0
SMAD4,STAT5A,0
NR5A2,FOXO3,0
TCF7L2,RANGRF,0
SMAD4,KDELR2,0
ESRRB,ZBTB39,0
OTX2,SERPING1,0
NR5A2,PRDM1,0
PRDM14,NR2C1,0
TBX3,USP9X,0
AES,TWIST1,0
MSC,ITM2B,0
NR5A2,ZFP57,0
CBX8,POLR2A,0
SOX17,MCM2,0
MYC,TPI1,0
TCEA3,SQSTM1,0
MSC,ANXA2,0
OTX2,HDGF,0
FOXJ2,DUSP6,0
ZFP281,MAP3K1,0
SUZ12,RYBP,0
ZFP281,HSPH1,0
OTX2,ADAM19,0
TBX3,KLF6,0
CBX8,HSPA8,0
SOX2,CNOT6L,0
PRDM14,FGF4,0
MEF2C,SFMBT2,0
RHOX6,ILF3,0
SMAD7,HIST1H2BK,0
MSC,NCAPD2,0
MYBL2,PDGFRA,0
RHOX6,AHCY,0
EOMES,NCOA3,0
ZFP281,2810025M15RIK,0
TBX3,ARID1A,0
NR0B1,ANKRD6,0
MEF2C,PHLDB2,0
EOMES,RPL5,0
CBX8,EPS8L2,0
NRIP1,BMP4,0
MYBL2,NR1D1,0
MYCN,KLF15,0
NR5A2,DEK,0
NR5A2,PHLDA3,0
NANOG,APBB1,0
NR5A2,TCF12,0
NR0B1,PPP2R5A,0
ETV3,CR1L,0
NR0B1,RELA,0
TCEA3,NFE2L1,0
MEF2C,NFATC1,0
RHOX6,BRD7,0
AES,ZFP276,0
SMAD4,MAFK,0
SOX2,NFIC,0
KLF4,DDB2,0
ZFP42,NSMAF,0
SALL4,TCF7L2,0
NANOG,XRCC6,0
GATA3,LASP1,0
OTX2,XRCC6,0
POU5F1,RNPEPL1,0
ETV3,SNAPC3,0
TCEA3,SLC38A2,0
TCEA3,IRF2,0
SMAD7,DUSP6,0
SMAD7,PDPN,0
NR0B1,PLK2,0
PRDM14,NR1D1,0
FOXJ2,FBLIM1,0
ZFP281,MT1,0
GATA3,COTL1,0
AES,SLC1A5,0
SUZ12,RNF2,0
CBX8,PCNA,0
MYBL2,GJA1,0
MEF2C,ESRRA,0
GATA3,SDCBP,0
SMAD7,NXF7,0
SOX17,TFRC,0
SMAD7,TCOF1,0
NR5A2,PRDM5,0
NANOG,TUBA4A,0
MEF2C,PIAS3,0
SOX2,F2R,0
SUZ12,GAS6,0
ETV3,HOPX,0
NR0B1,SLC16A1,0
EOMES,SERPINB6A,0
NR0B1,DNAJC10,0
NR0B1,CCND3,0
CBX8,FGF3,0
TCF7L2,ARHGAP32,0
MEF2C,E2F2,0
ZFP281,ZDHHC15,0
SALL4,GCLM,0
TCF7L2,FAM102A,0
SUZ12,PLOD1,0
GATA3,HIST1H2AK,0
TCEA3,ELK4,0
SUZ12,SMAD3,0
FOXJ2,ARID1A,0
KLF4,RRM2,0
SMAD4,E2F2,0
SOX17,GM13597,0
EOMES,ITPK1,0
SOX2,FXR2,0
NANOG,ARID3B,0
MEF2C,PSAP,0
SALL4,RRM2,0
SUZ12,SLC6A6,0
TCF7L2,KLF4,0
OTX2,MTF2,0
CBX8,KRT18,0
TCF7L2,CYP26A1,0
MYCN,HIST1H4K,0
ETV3,CYBA,0
MYBL2,ETV6,0
MYBL2,DPP4,0
AES,SOS2,0
CBX8,EFEMP2,0
RHOX6,GNPTAB,0
AES,NFE2L1,0
RHOX6,HSPB1,0
MYCN,TBX18,0
JARID2,BARX1,0
MEF2C,HES6,0
GATA3,RNF6,0
CBX8,APBB1,0
ESRRB,ELF2,0
NRIP1,TBL1X,0
OTX2,GALNT2,0
SMAD7,ZFP367,0
ZFP281,KLF3,0
MYCN,ZDHHC15,0
CBX8,TRPS1,0
SUZ12,FRRS1,0
MYC,ODC1,0
JARID2,PARVB,0
SMAD7,NR4A1,0
SALL4,TFRC,0
SUZ12,EYA1,0
SOX2,HSP90B1,0
ZFP42,PLAUR,0
MEF2C,RCC2,0
ZFP42,ZSWIM4,0
SOX17,CIC,0
SMAD4,DDX21,0
OTX2,LAMP1,0
KLF4,PTH1R,0
SOX17,GLDC,0
SMAD4,HNF4A,0
PRDM14,P4HA2,0
TBX3,TBRG1,0
ESRRB,TET1,0
PRDM14,PHLDA3,0
JARID2,ZFP219,0
NR0B1,KLF2,0
CBX8,HDGF,0
ZFP42,ABHD5,0
MYC,PIK3R1,0
ZFAND3,ARHGAP1,0
NR5A2,PRKAB1,0
SMAD4,OBSL1,0
AES,ST3GAL6,0
SMAD7,ANKRD49,0
NR5A2,HSPG2,0
EOMES,RFFL,0
TCEA3,NAA15,0
EOMES,MDM2,0
RHOX6,AI506816,0
TCF7L2,SUN1,0
TBX3,5031439G07RIK,0
PRDM14,SLC7A3,0
GATA3,ZFP710,0
NANOG,RTN1,0
NANOG,ZFHX3,0
PRDM14,ITGAV,0
ZFAND3,CBX7,0
KLF4,POLR1C,0
SOX17,CYBA,0
OTX2,ARID3B,0
SMAD7,MORC4,0
NRIP1,P4HA1,0
MSC,QDPR,0
TCF7L2,HDAC7,0
ZFP281,SDF2L1,0
ZFP42,CKB,0
TCF7L2,NFATC3,0
SMAD7,MED21,0
KLF4,ILK,0
SMAD4,TRIM25,0
MEF2C,XRCC5,0
MYBL2,MCM7,0
SUZ12,ZBTB39,0
NR0B1,ZFP710,0
ZFP42,IMPDH1,0
POU5F1,CHD5,0
TBX3,TEAD4,0
EOMES,PLSCR1,0
SOX2,MCM7,0
MSC,PFKP,0
NRIP1,RRP1B,0
ZFP281,ETS1,0
SMAD7,CUL7,0
ZFP281,HIST1H1A,0
MEF2C,SQSTM1,0
MYC,FBP2,0
MYBL2,PCOLCE2,0
FOXJ2,AARS,0
MYC,STAG3,0
ESRRB,GNPTAB,0
NR5A2,LEFTY1,0
SMAD7,ATP6V0A1,0
TCEA3,TMEM150A,0
POU5F1,PIK3R1,0
ETV3,EIF4A2,0
SUZ12,GGA2,0
NRIP1,PLK2,0
TCEA3,SLC7A5,0
FOXJ2,SOX4,0
NRIP1,BMI1,0
NANOG,EHMT2,0
MYBL2,GNRH1,0
EOMES,KLF4,0
KLF4,BMI1,0
NRIP1,HSF2,0
MYBL2,BRCA2,0
SALL4,GLI1,0
KLF4,AKAP12,0
SALL4,TAF5,0
MSC,SMAD3,0
PRDM14,NIPSNAP1,0
MYCN,UAP1,0
ZFAND3,TMEM150A,0
MSC,EZH2,0
ZFP42,ZSCAN10,0
SALL4,MARCKS,0
NR0B1,KDM3A,0
SMAD7,FBXO15,0
ETV3,NDRG1,0
RHOX6,ELF4,0
MYCN,SRM,0
SOX17,TAGLN2,0
AES,KANK2,0
SOX17,SSBP4,0
SMAD7,B2M,0
OTX2,ACTL6A,0
NRIP1,DPPA4,0
GATA3,PFAS,0
NR5A2,CTNNAL1,0
SMAD4,SNAPC3,0
ZFAND3,PLSCR1,0
RHOX6,FOXP1,0
GATA3,ABTB1,0
MYBL2,MCAM,0
KLF4,USF1,0
MYBL2,ATF6,0
ZFP42,POLR3F,0
ZFP42,ALG13,0
SUZ12,LAMA5,0
ZFAND3,PRKAB1,0
NRIP1,ADAM15,0
OTX2,FOXJ2,0
EOMES,SATB1,0
MEF2C,ZFP462,0
KLF4,ZSCAN10,0
SMAD7,CAR4,0
TCEA3,NR2F2,0
TBX3,SLC7A7,0
CBX8,VEGFA,0
SALL4,GRB10,0
KLF4,GPX3,0
SMAD4,IRF4,0
SMAD4,GGA2,0
TCF7L2,MLXIP,0
CBX8,NCOA6,0
ZFP281,ILK,0
MYCN,ARID1A,0
JARID2,LIMCH1,0
TCF7L2,CREB5,0
NRIP1,HSPG2,0
NANOG,SUSD2,0
TBX3,RAI14,0
ESRRB,SNHG12,0
MYC,AMOT,0
SOX2,ZBTB3,0
ZFP42,RCN3,0
SOX17,SOCS2,0
CBX8,NAA15,0
GATA3,ZFP462,0
MYCN,DNAJC10,0
MSC,ASNS,0
PRDM14,IFRD1,0
OTX2,TUBA4A,0
CBX8,HIST1H3H,0
PRDM14,PXDN,0
CBX8,NKRF,0
MSC,STARD10,0
GATA3,PROX1,0
ZFP281,RANGRF,0
TCEA3,AES,0
AES,TSPAN9,0
CBX8,SDCBP,0
GATA3,OAT,0
ESRRB,NCOA3,0
AES,ZSCAN10,0
SMAD7,SUB1,0
MYCN,TMEM150A,0
GATA3,SSB,0
MYC,RFX5,0
SOX17,ME1,0
MEF2C,GABARAPL1,0
TCF7L2,ETV1,0
ZFAND3,LAMP1,0
CBX8,HIST1H2BK,0
KLF4,EMX2,0
ZFP42,BRCA1,0
ZFP281,TNS1,0
SALL4,KDELR3,0
SMAD7,ANXA2,0
OTX2,MED21,0
PRDM14,CTBP1,0
ZFAND3,TOX3,0
SOX17,AARS,0
MYBL2,TEX264,0
ZFAND3,TPI1,0
RHOX6,TNFAIP3,0
JARID2,PLXNB2,0
FOXJ2,MSH6,0
NR5A2,CDC5L,0
NR5A2,KRT17,0
SUZ12,LEFTY1,0
TBX3,MKRN1,0
NR0B1,HSPB1,0
TBX3,HMGXB3,0
JARID2,ISYNA1,0
ZFAND3,ST5,0
SMAD7,DPPA4,0
SMAD4,POLR1C,0
AES,MSH6,0
TCF7L2,ETV6,0
SUZ12,HSPA8,0
SUZ12,RARG,0
NR5A2,HSF2,0
AES,CHD7,0
JARID2,PRKAB1,0
SMAD4,PITPNC1,0
MYCN,HIRIP3,0
RHOX6,MYLPF,0
SMAD7,ZBTB32,0
NR5A2,NR2F6,0
SOX17,ALG13,0
FOXJ2,DAB2,0
FOXJ2,MDM2,0
KLF4,POU2F1,0
SOX2,NFE2L1,0
ZFP42,SNORA62,0
TBX3,SUZ12,0
FOXJ2,MCFD2,0
MEF2C,FLRT3,0
SOX2,TSPAN9,0
SOX17,AQP3,0
SMAD7,TOX4,0
SALL4,STAT5A,0
GATA3,POLR1A,0
TBX3,KLB,0
RHOX6,CAR2,0
SMAD7,SIX5,0
SMAD7,PARVB,0
OTX2,PARP1,0
NR5A2,NRIP1,0
AES,SYNE2,0
SUZ12,ZBTB7A,0
KLF4,SALL4,0
ETV3,POLR3B,0
MSC,AKR1B8,0
NR5A2,NACC1,0
SALL4,TADA3,0
SMAD4,ZFP600,0
ETV3,REV1,0
SOX17,MEF2D,0
EOMES,ITM2B,0
JARID2,PROS1,0
ZFAND3,GBX2,0
ZFAND3,BASP1,0
CBX8,H1F0,0
SMAD7,ECT2,0
JARID2,RUNX3,0
ESRRB,XBP1,0
AES,MYBBP1A,0
EOMES,IRF4,0
NANOG,MT1,0
MSC,SERPING1,0
NANOG,SMAD7,0
MEF2C,PHC1,0
SALL4,CTBP2,0
MYBL2,PODXL,0
MYBL2,SDF2L1,0
SOX2,NOP56,0
MEF2C,BTBD11,0
TBX3,SUB1,0
ZFP281,GFPT2,0
SMAD4,HMGXB3,0
MYBL2,CHCHD10,0
OTX2,ADAMTS9,0
SUZ12,NR4A1,0
ZFP281,LGMN,0
ZFAND3,POU6F1,0
EOMES,CLIC1,0
FOXJ2,GPRC5C,0
POU5F1,ATF6,0
CBX8,F3,0
AES,STAT5B,0
PRDM14,INSIG1,0
SMAD4,EPS8,0
KLF4,GALK1,0
AES,OBSL1,0
SMAD4,CDH6,0
MYCN,PRSS35,0
AES,PODXL,0
AES,NR1H2,0
PRDM14,GABPA,0
ZFAND3,FOSL2,0
MYC,RBMXL2,0
SALL4,ZBTB3,0
ETV3,OBSL1,0
KLF4,CALR,0
EOMES,ZBTB7A,0
AES,REV1,0
MYC,HOXD13,0
GATA3,SATB1,0
ETV3,TPM4,0
FOXJ2,MYD88,0
GATA3,SERPINE2,0
PRDM14,DAB2,0
GATA3,CTH,0
TCF7L2,VEGFA,0
SMAD7,MFGE8,0
SOX17,PCOLCE2,0
JARID2,BRWD1,0
ZFP42,CTH,0
NRIP1,NFE2L1,0
ESRRB,TIMP2,0
OTX2,PSIP1,0
SOX17,ICAM1,0
PRDM14,ARHGAP32,0
PRDM14,ARL6IP5,0
AES,PRPS2,0
TCEA3,IFRD1,0
NR5A2,PDGFRA,0
TBX3,SLC6A8,0
SUZ12,FOXH1,0
PRDM14,VEGFA,0
OTX2,SALL1,0
MYC,GCLM,0
MYCN,RMND5B,0
SALL4,FNDC3A,0
SOX17,SRF,0
CBX8,MAFK,0
TCF7L2,HSPH1,0
ZFP281,KLF2,0
MYCN,NCAPD2,0
SOX17,PIPOX,0
MEF2C,NME2,0
JARID2,DTX1,0
ZFP42,APOBEC3,0
NRIP1,TNS4,0
SUZ12,RBBP7,0
POU5F1,RRAS2,0
SOX2,IFRD1,0
MYCN,CRYAB,0
SALL4,F3,0
SMAD4,HSPA5,0
SALL4,HIST1H1A,0
GATA3,HDAC7,0
MSC,RARA,0
SOX2,ILF3,0
TCEA3,XBP1,0
OTX2,CYP26A1,0
NR5A2,TCN2,0
GATA3,APAF1,0
KLF4,HDAC4,0
CBX8,MKRN1,0
MYC,HIST1H2AC,0
NRIP1,MAPK11,0
ZFP42,CUL7,0
SALL4,BCL3,0
NR0B1,AKT1,0
SMAD7,PCSK6,0
GATA3,HK2,0
SMAD7,CREB3L2,0
SOX17,NOP56,0
NR0B1,BTG1,0
MEF2C,PER1,0
EOMES,MCM6,0
TBX3,POLR1A,0
ETV3,MAPK13,0
KLF4,HIRIP3,0
ZFP281,CTDSPL,0
POU5F1,POLR1A,0
TCEA3,LAMB1,0
NRIP1,SRF,0
SUZ12,RAI14,0
KLF4,EIF4A-PS4,0
MSC,AY036118,0
TCF7L2,GGA2,0
RHOX6,TOP2A,0
OTX2,PURA,0
POU5F1,POLR3F,0
SALL4,AMOT,0
TCF7L2,STMN1,0
NR5A2,ZYX,0
SALL4,RNF2,0
SMAD7,GPX3,0
ZFP42,MSH6,0
MEF2C,PAX6,0
ZFP42,MAFK,0
ESRRB,ZBTB20,0
NR5A2,BCAT1,0
SMAD4,RPL5,0
NRIP1,VEZF1,0
EOMES,HIST1H4K,0
MEF2C,FGF3,0
MEF2C,APOBEC3,0
TCEA3,FBP2,0
CBX8,CD9,0
ZFP281,FAM129B,0
NR0B1,COL18A1,0
CBX8,PHF20,0
TCF7L2,HSBP1,0
TCEA3,BEND5,0
ETV3,SPEN,0
MEF2C,IMPDH1,0
MYC,RUNX3,0
ZFAND3,MDM2,0
SOX17,SNX25,0
ESRRB,CCNB1,0
ESRRB,REV1,0
ETV3,PER1,0
AES,APLP1,0
NR5A2,CDC42SE2,0
TCEA3,SORD,0
NRIP1,HKDC1,0
ETV3,SENP3,0
MEF2C,PLOD1,0
AES,CRABP2,0
MSC,TBL1X,0
MYCN,PODXL,0
MYBL2,ZFP57,0
ZFP42,LDHB,0
SUZ12,NFIL3,0
SOX17,DNAJC10,0
EOMES,OTX2,0
SMAD4,EPS8L2,0
TBX3,HIST1H1B,0
OTX2,SREBF1,0
ZFP281,HOPX,0
TBX3,FGF3,0
OTX2,DDX21,0
MSC,AATF,0
NRIP1,SLC20A1,0
GATA3,FKBP11,0
NRIP1,SIX5,0
SMAD7,SNORA62,0
TCF7L2,CSRP1,0
ESRRB,BRCA2,0
EOMES,RUNX3,0
OTX2,MCAM,0
AES,WDFY1,0
ETV3,FOXA2,0
NR0B1,SPOCK1,0
PRDM14,TAF6L,0
OTX2,RCN3,0
EOMES,HSPH1,0
TBX3,COTL1,0
ZFP42,IRF2,0
AES,STAT5A,0
MYCN,NEDD4,0
NR0B1,LRRC2,0
ESRRB,HIST1H2BK,0
SALL4,PTH1R,0
RHOX6,MORC4,0
SMAD7,SLC6A6,0
AES,GRHL1,0
ESRRB,PROX1,0
NR0B1,FGF4,0
CBX8,RHPN1,0
TCF7L2,ILF3,0
SOX17,COMMD3,0
TCF7L2,XRCC5,0
NR5A2,BMP4,0
NR0B1,MAPK11,0
MYBL2,MAP3K1,0
OTX2,GGTA1,0
SMAD7,PHF12,0
SMAD7,GLIPR1,0
JARID2,KLF10,0
TCEA3,HSF2,0
SMAD4,ARL6IP5,0
EOMES,ALDH2,0
SALL4,RBL1,0
SALL4,MED12,0
SOX17,LIMCH1,0
SMAD7,ELL2,0
EOMES,ASH1L,0
RHOX6,RARA,0
RHOX6,TPM1,0
FOXJ2,AATF,0
SMAD7,KLB,0
JARID2,BTBD11,0
MSC,ULK1,0
FOXJ2,SHKBP1,0
SMAD4,BMPER,0
SALL4,PIK3R1,0
MYCN,OPLAH,0
MYBL2,ING3,0
SALL4,MCM3,0
JARID2,KRT42,0
RHOX6,BRWD1,0
TCF7L2,ZBTB39,0
SMAD7,GRHL1,0
SMAD4,ELL2,0
RHOX6,HDAC4,0
SOX17,KRT17,0
MEF2C,5031439G07RIK,0
EOMES,ZFP367,0
MYBL2,GTF3C1,0
ZFP281,GAA,0
NR5A2,NDN,0
NANOG,AMFR,0
SMAD7,CAR2,0
AES,MCM4,0
SMAD7,SPRY4,0
ZFAND3,RASGRP2,0
CBX8,TXNIP,0
FOXJ2,CDCA7,0
RHOX6,DENND2C,0
SALL4,HES1,0
SOX2,MSH6,0
NR0B1,GLI1,0
POU5F1,MYBBP1A,0
RHOX6,PHF12,0
RHOX6,SNX1,0
SMAD7,UAP1,0
CBX8,APP,0
CBX8,KDM3A,0
MSC,HNF1B,0
SUZ12,KEAP1,0
FOXJ2,PATZ1,0
JARID2,UBE2S,0
MYCN,TSPAN4,0
MEF2C,SOCS2,0
SMAD7,MYO1C,0
GATA3,TCOF1,0
MYBL2,CIC,0
MEF2C,HEXIM1,0
NR0B1,TUBA4A,0
SUZ12,INSIG1,0
MYC,PURA,0
JARID2,PRSS35,0
TCF7L2,FLRT3,0
ETV3,TRIM28,0
KLF4,ENAH,0
MYCN,GPX3,0
SALL4,MEG3,0
MSC,CCNB2,0
ZFP42,PSME2,0
SMAD7,MYO6,0
SOX17,RNF2,0
FOXJ2,IFI30,0
PRDM14,IRF6,0
MEF2C,UCHL1,0
AES,RCOR2,0
NR5A2,CHD7,0
PRDM14,CST3,0
TBX3,ZFP768,0
NR0B1,MSL3,0
SMAD4,PFKP,0
MYBL2,CMKLR1,0
MYCN,NFIA,0
TBX3,TRIM24,0
TCEA3,MSC,0
MYC,PLAT,0
ZFP42,GGA2,0
NANOG,RRP1B,0
ESRRB,CIC,0
PRDM14,SIX1,0
FOXJ2,TXNIP,0
SOX17,2410141K09RIK,0
AES,ADAMTS9,0
ZFP281,POLR3F,0
TBX3,TNS4,0
MSC,CREB3,0
MYC,BMI1,0
SALL4,CDC5L,0
RHOX6,UHRF1,0
KLF4,ALPL,0
TCF7L2,RENBP,0
ZFP281,SLC7A3,0
SALL4,LDLR,0
SMAD4,GABARAPL1,0
SMAD4,AARS,0
TCF7L2,PLXNA1,0
FOXJ2,SDCBP,0
NR0B1,PHGDH,0
TBX3,VCAN,0
GATA3,RLIM,0
TCF7L2,ZSCAN10,0
SALL4,TMED2,0
MYCN,KRT42,0
TCEA3,SLC20A1,0
MYCN,AKAP12,0
NRIP1,ZIC3,0
ETV3,CNOT6,0
ZFP42,RRM2,0
ZFP281,TRP53BP1,0
ESRRB,DNMT1,0
POU5F1,BRD7,0
MYC,NKTR,0
MYCN,CBX4,0
TCF7L2,5031439G07RIK,0
JARID2,TEAD4,0
MYCN,MYD88,0
JARID2,FGF3,0
ZFP281,SERPINH1,0
POU5F1,LY75,0
OTX2,EDEM1,0
ZFP42,RRAS2,0
FOXJ2,CRIP2,0
TBX3,VAMP8,0
TCF7L2,CREB3,0
SALL4,HIRIP3,0
NANOG,GLUL,0
TCF7L2,SSB,0
SMAD4,NCOA3,0
ESRRB,CTSL,0
FOXJ2,ELK4,0
TCEA3,GM13597,0
OTX2,PCNA,0
POU5F1,NFKB2,0
JARID2,ASPH,0
OTX2,GABARAPL2,0
ETV3,TAF6L,0
MSC,E2F6,0
POU5F1,CR1L,0
MEF2C,FOXH1,0
CBX8,MCM7,0
TBX3,FGFR3,0
MYBL2,ARHGAP1,0
PRDM14,RHOX6,0
TCEA3,SUB1,0
SUZ12,CCNB1,0
MYCN,ASPH,0
ZFAND3,SRM,0
TBX3,PAX8,0
TBX3,CPM,0
TCF7L2,RARG,0
CBX8,RBL1,0
MYC,NOTCH2,0
ZFAND3,MCM4,0
RHOX6,EIF4A-PS4,0
ESRRB,DUSP9,0
RHOX6,RNF6,0
SMAD4,HOXD13,0
FOXJ2,BAG2,0
SUZ12,ABHD5,0
NR5A2,SPRY4,0
MEF2C,ATF3,0
MYC,XBP1,0
TCF7L2,PDGFRA,0
TCEA3,NR4A1,0
TCEA3,HIP1,0
MYCN,IKBKB,0
NR5A2,GABPA,0
RHOX6,EBF4,0
SMAD4,HIVEP2,0
SOX17,USP9X,0
TCF7L2,MYC,0
MYCN,P4HA1,0
CBX8,PAWR,0
RHOX6,IQSEC1,0
FOXJ2,PLAUR,0
EOMES,FZR1,0
MSC,SLC7A3,0
AES,AKR1B8,0
SOX17,RFFL,0
ZFAND3,LAMP2,0
TCEA3,GRHL1,0
ETV3,ARNTL,0
MYBL2,RHPN1,0
GATA3,DDB2,0
SOX2,GDPD5,0
JARID2,ULK1,0
SMAD7,RAD51,0
TCEA3,MSX2,0
PRDM14,SPRY4,0
FOXJ2,ABHD5,0
ZFP281,CR1L,0
ZFP281,JDP2,0
NANOG,TNFAIP3,0
ZFAND3,SPARC,0
JARID2,MGST3,0
SOX17,RLIM,0
EOMES,ARID5B,0
SUZ12,SP8,0
TCF7L2,LGMN,0
MSC,TAF5,0
ESRRB,PSAP,0
SMAD4,NAA15,0
SMAD7,HIF3A,0
MYBL2,EPAS1,0
NRIP1,HNRNPAB,0
NR5A2,MSX2,0
MYBL2,PLSCR1,0
TBX3,SNX2,0
CBX8,NFATC4,0
FOXJ2,CTH,0
RHOX6,GDPD5,0
ZFP281,SOX2,0
MYC,STAT4,0
SOX2,LDLR,0
AES,TNS4,0
OTX2,IFITM2,0
SOX17,DKC1,0
SALL4,MAFK,0
ETV3,FOXH1,0
ZFP42,MYLPF,0
SOX2,PIAS3,0
ZFP42,TRIM2,0
RHOX6,MSI2,0
SOX2,SORD,0
TCF7L2,RNF19A,0
KLF4,SMAD2,0
OTX2,HEXIM1,0
PRDM14,OPLAH,0
MYCN,ECT2,0
NRIP1,GCNT1,0
ESRRB,CDIPT,0
TBX3,DIDO1,0
TCEA3,CD63,0
RHOX6,CR1L,0
ZFP281,FOXP1,0
ESRRB,SNAPC3,0
MYC,ERF,0
TBX3,GNPDA1,0
ETV3,TPI1,0
ESRRB,KLF3,0
OTX2,MDN1,0
TBX3,SHF,0
ESRRB,CEBPZ,0
EOMES,DKK1,0
SMAD4,COMMD3,0
SMAD7,TCL1,0
ZFAND3,XRCC6,0
SOX2,TXNDC5,0
SOX17,BNC2,0
SMAD4,CPM,0
SOX17,TMSB4X,0
ETV3,HEXIM1,0
SUZ12,PRDM14,0
MEF2C,KDELR2,0
NRIP1,MCM3,0
MYBL2,SYNE2,0
MYC,BUB1B,0
ZFAND3,POLR2A,0
TCEA3,CRAMP1L,0
SOX17,HOOK1,0
MEF2C,PURA,0
TBX3,SERBP1,0
GATA3,FOXH1,0
ZFP281,TRIM24,0
MEF2C,CACHD1,0
SOX17,CBX7,0
MEF2C,GRHL1,0
MYCN,JUND,0
MYCN,LDB1,0
ESRRB,HOOK1,0
KLF4,FOXH1,0
GATA3,DMRT1,0
ZFP42,KLB,0
EOMES,IFITM1,0
CBX8,MAPK8,0
NANOG,EPS8L2,0
TCF7L2,MANBA,0
EOMES,GM13597,0
ZFP281,EDEM1,0
CBX8,SSB,0
GATA3,NME2,0
JARID2,KANK2,0
JARID2,AIRE,0
MYCN,SERBP1,0
KLF4,DPPA2,0
ZFAND3,ID3,0
JARID2,ESRRA,0
AES,TCF7,0
CBX8,ARHGAP32,0
ETV3,MT1,0
TBX3,ADAM19,0
NANOG,CHN2,0
ESRRB,STAT4,0
MYBL2,NPL,0
PRDM14,RLIM,0
ZFP281,TUBB6,0
MSC,TLE1,0
SMAD7,NFE2L1,0
SMAD7,SLC38A2,0
MYBL2,XAF1,0
PRDM14,CKB,0
NANOG,RBBP7,0
ZFAND3,MYBL2,0
MSC,MGST3,0
NR0B1,FGFR3,0
POU5F1,L3MBTL2,0
SMAD4,POLE4,0
NANOG,PAX8,0
ETV3,NR4A1,0
ESRRB,RAD54B,0
ETV3,FAT1,0
TBX3,SHISA5,0
KLF4,ANXA5,0
SMAD4,ZFP367,0
SMAD4,PLOD2,0
OTX2,MCM5,0
NRIP1,WDFY1,0
TCEA3,LAMA1,0
NRIP1,CR1L,0
CBX8,KRT19,0
ZFAND3,GPRC5C,0
CBX8,LAMP1,0
MEF2C,STAG3,0
TBX3,POLR2A,0
NRIP1,IFITM3,0
MSC,ERLIN1,0
NANOG,GPX3,0
MYCN,NIPSNAP1,0
TCF7L2,ARID5B,0
TCF7L2,UHRF1,0
RHOX6,RUNX3,0
JARID2,RLIM,0
ZFP281,ZFP296,0
EOMES,RNF2,0
ETV3,CLCN5,0
ZFAND3,MCAM,0
SALL4,P4HB,0
ZFP42,SOCS2,0
TCEA3,PAX1,0
NRIP1,TIMP3,0
MSC,TPM4,0
ESRRB,SEC23A,0
NANOG,SMARCD1,0
PRDM14,KRT19,0
OTX2,2410141K09RIK,0
SUZ12,BCAM,0
MSC,NIPSNAP1,0
NR5A2,SNURF,0
SUZ12,GNPDA1,0
TBX3,GRIN1,0
ZFP42,HSBP1,0
SMAD7,COTL1,0
SOX2,DENND2C,0
FOXJ2,FXYD3,0
AES,CHST15,0
SOX17,KAT2B,0
NANOG,MEF2A,0
MYCN,CUBN,0
CBX8,ILDR1,0
SOX2,CEBPZ,0
MYCN,DDX21,0
MYCN,TGIF1,0
MYBL2,MCM5,0
SMAD7,ITGAV,0
SALL4,BCAM,0
MEF2C,UHRF1,0
SMAD4,DENND2C,0
ETV3,GRHL1,0
TBX3,MCM5,0
SOX17,TSPAN4,0
ETV3,EDEM1,0
NR5A2,SHISA5,0
ZFAND3,TEAD3,0
MSC,TPM1,0
SMAD4,KDM3A,0
KLF4,HEY2,0
AES,UNG,0
NR0B1,RHPN1,0
CBX8,CHN2,0
SUZ12,HEXIM1,0
GATA3,MEF2A,0
MYBL2,PER1,0
SUZ12,ILF3,0
AES,LAMB1,0
SMAD4,CALU,0
AES,ZFP710,0
SOX17,CLIC1,0
FOXJ2,BEND5,0
ETV3,DDIT3,0
MSC,GRAMD1A,0
TCEA3,POLR2A,0
EOMES,PDIA5,0
SOX17,ARHGAP32,0
ZFP42,AMFR,0
ZFAND3,HIST1H2AC,0
TCF7L2,TRIM13,0
ZFP42,USP9X,0
OTX2,KRTCAP2,0
CBX8,AQP3,0
ZFAND3,STMN1,0
ZFP281,RHOX5,0
SOX17,SFI1,0
MYBL2,RAB3IL1,0
NR0B1,IRF4,0
FOXJ2,KLF6,0
TCEA3,POLR1C,0
TCEA3,D230025D16RIK,0
SMAD4,AMOTL2,0
ZFP281,MOV10,0
NRIP1,TMEM150A,0
MYBL2,LDHB,0
RHOX6,KAT2B,0
EOMES,MFSD1,0
MYCN,EIF4A-PS4,0
NRIP1,SIX1,0
PRDM14,PDPN,0
MSC,GPA33,0
SALL4,SLCO3A1,0
MYCN,MAFK,0
PRDM14,5031439G07RIK,0
TCF7L2,TAF9,0
ESRRB,BUB1B,0
NANOG,SET,0
JARID2,SERPING1,0
ZFP281,DDX54,0
FOXJ2,SLC25A4,0
GATA3,KRT42,0
PRDM14,POU6F1,0
TCF7L2,PFAS,0
SALL4,POLE4,0
TCEA3,FBLIM1,0
SOX17,CDC42SE2,0
NR5A2,CDH6,0
ZFP281,ARNT2,0
MYBL2,PLAT,0
POU5F1,NR2C1,0
ETV3,ITPK1,0
TCF7L2,PLAG1,0
PRDM14,RFXAP,0
RHOX6,KDELR2,0
ZFP42,AATF,0
RHOX6,MPP1,0
OTX2,LRRC2,0
MYBL2,ZFPM1,0
AES,GLUL,0
NR0B1,RCOR2,0
KLF4,IDI1,0
TBX3,HOXD13,0
SUZ12,TFAP4,0
NR0B1,CALD1,0
GATA3,TRP53,0
MYC,UBTF,0
SUZ12,MAPK11,0
NR0B1,GFPT2,0
MSC,P4HA2,0
ETV3,NPAS2,0
TBX3,RCC2,0
RHOX6,ELF2,0
ZFAND3,PHGDH,0
NR5A2,SMARCC2,0
TBX3,IRF2,0
NR0B1,PEG10,0
SUZ12,MCM2,0
ESRRB,ANKRD49,0
ETV3,MPP1,0
SOX2,ZFP367,0
ZFP281,ZFP57,0
EOMES,ZFHX3,0
TBX3,SNAI1,0
FOXJ2,SREBF1,0
SMAD4,LHX2,0
MYC,HIST1H1A,0
SUZ12,ZFP768,0
MEF2C,RERE,0
TCEA3,CDC5L,0
RHOX6,TEAD4,0
SALL4,SNX2,0
KLF4,POLR1A,0
MYBL2,TCF12,0
ZFAND3,KLF9,0
ZFAND3,SLC25A36,0
TBX3,RRP1B,0
ETV3,DDAH1,0
SMAD4,SLC6A6,0
PRDM14,CCNG1,0
MEF2C,RRBP1,0
MYCN,CTBP2,0
ETV3,UPP1,0
SOX17,H1F0,0
ETV3,EGR1,0
NR5A2,CCND2,0
MEF2C,RPS6KA6,0
SMAD7,PFKL,0
SOX2,HIF3A,0
SOX17,PIK3R1,0
SMAD4,ZFPM1,0
SOX2,RAD51,0
OTX2,SRF,0
TCEA3,FNDC3B,0
TCF7L2,MDN1,0
NRIP1,BMP6,0
MYCN,TSHZ3,0
MSC,SLC17A9,0
ZFAND3,ZFP275,0
ETV3,ANP32A,0
MYCN,VIM,0
FOXJ2,TADA3,0
ZFAND3,PLK2,0
CBX8,ATF4,0
NR0B1,KLF10,0
RHOX6,RCOR2,0
SOX17,ATG16L2,0
NR0B1,CARHSP1,0
MEF2C,DDB2,0
SMAD7,CNDP2,0
PRDM14,HIST1H1B,0
ZFP281,MYO7A,0
SMAD7,PATZ1,0
MEF2C,MAPK11,0
OTX2,RANGRF,0
MSC,MCM7,0
MYC,MCM3,0
FOXJ2,SP8,0
NR5A2,RNF19A,0
SOX17,F2R,0
ZFP281,MYO18A,0
NRIP1,PLOD1,0
ZFAND3,PTH1R,0
OTX2,FOXD3,0
MYBL2,SQSTM1,0
SOX17,IRF6,0
TCF7L2,LDLRAP1,0
ZFAND3,USF1,0
SUZ12,LDB1,0
ZFP281,NRIP1,0
ZFAND3,KLF4,0
SOX2,CHD5,0
RHOX6,RBPJ,0
MSC,COMMD3,0
NR5A2,EOMES,0
POU5F1,P4HA1,0
CBX8,REST,0
JARID2,ZFP276,0
TCF7L2,UPP1,0
SOX17,QDPR,0
POU5F1,SATB1,0
TCF7L2,CHD5,0
PRDM14,F2R,0
NR0B1,PDGFA,0
ZFAND3,ID4,0
OTX2,CD9,0
KLF4,RERE,0
NR0B1,DNMT3A,0
TBX3,PSAP,0
SMAD4,GSTA4,0
OTX2,ETV5,0
MYCN,SLC5A11,0
NR0B1,NR5A2,0
ZFP281,CUX2,0
SOX2,HOXD13,0
MEF2C,CUX2,0
POU5F1,MED21,0
SOX17,HSP90B1,0
CBX8,ZFP296,0
ZFP42,MME,0
ZFP281,PDK1,0
FOXJ2,SLC16A1,0
MYCN,TAGLN2,0
ZFP42,LHX2,0
SMAD4,HIST1H2AF,0
KLF4,COX7A1,0
MYBL2,EHD1,0
TCF7L2,BACH2,0
FOXJ2,SLCO3A1,0
FOXJ2,TDGF1,0
CBX8,RYBP,0
SMAD4,P4HA2,0
ZFAND3,NFATC3,0
MEF2C,SAP30,0
ZFP281,PLAUR,0
PRDM14,MEF2C,0
MYBL2,USP28,0
MYC,NDN,0
PRDM14,ULK1,0
MEF2C,UNG,0
NR5A2,MYCN,0
ETV3,CTSZ,0
FOXJ2,NPAS2,0
POU5F1,PDPN,0
CBX8,ANP32A,0
NR0B1,PLAG1,0
FOXJ2,PURA,0
POU5F1,ZFYVE21,0
MSC,ASPH,0
ZFP281,NR3C1,0
SALL4,RENBP,0
ZFP42,AHCY,0
MEF2C,QDPR,0
AES,MDK,0
AES,BTBD11,0
OTX2,IDI1,0
MEF2C,NRG2,0
ZFP281,KLF13,0
ZFP42,KDELR2,0
SUZ12,SPRY4,0
SMAD7,ZFHX3,0
SMAD4,TET2,0
ZFAND3,SLC16A1,0
NR5A2,RB1,0
SMAD7,RTN1,0
MSC,ATP1B1,0
PRDM14,CBX4,0
MEF2C,TTF2,0
ZFAND3,GNRH1,0
ZFAND3,PIAS2,0
TBX3,KLF3,0
NR0B1,ZBTB43,0
FOXJ2,SEC24D,0
AES,PLSCR1,0
SOX17,ZFAND3,0
NRIP1,ZFP275,0
ZFAND3,BCAS3,0
ZFP42,CLTC,0
RHOX6,GLS,0
GATA3,MTHFD2,0
JARID2,RERE,0
ZFAND3,SMAD7,0
GATA3,MATR3,0
PRDM14,MYO5B,0
TCEA3,KLB,0
TCF7L2,BTBD11,0
AES,SLC16A6,0
EOMES,RBBP7,0
EOMES,PTPN3,0
RHOX6,RAPGEF3,0
OTX2,RAI14,0
POU5F1,PHGDH,0
NR5A2,SPRY2,0
SOX17,RYBP,0
ZFP42,RERE,0
OTX2,SGK1,0
MYBL2,CSRP2,0
JARID2,NIPSNAP1,0
TCEA3,TXNDC5,0
PRDM14,PAX8,0
RHOX6,HTRA1,0
TCEA3,ST3GAL6,0
CBX8,DENND2C,0
MYBL2,ENAH,0
MYC,FXR2,0
SALL4,SLC16A1,0
SOX2,MDN1,0
ESRRB,ULK1,0
TBX3,ACTL6A,0
POU5F1,SCMH1,0
SMAD7,D230025D16RIK,0
PRDM14,RFX5,0
TBX3,RNPEP,0
POU5F1,ANP32A,0
OTX2,LAMA5,0
TCEA3,RRP1B,0
AES,KLF15,0
TCEA3,TOX3,0
SMAD4,FXYD3,0
NR5A2,NFATC4,0
MYBL2,UBE2S,0
CBX8,TAGLN2,0
TCEA3,PER1,0
CBX8,ID2,0
MEF2C,ODC1,0
SUZ12,TDH,0
GATA3,BCAM,0
EOMES,ILF3,0
SOX17,HIST1H2AC,0
FOXJ2,NFIB,0
OTX2,SSBP4,0
GATA3,UNG,0
EOMES,APAF1,0
MSC,TGM1,0
JARID2,GRB10,0
SALL4,SHKBP1,0
TCF7L2,DIDO1,0
PRDM14,MDM2,0
ZFAND3,HES6,0
MEF2C,TFAP4,0
AES,UCHL1,0
SOX17,PDLIM1,0
MEF2C,ETL4,0
ZFP281,GABPA,0
MEF2C,TSPAN4,0
ZFP281,CALCOCO2,0
SMAD7,UBE2S,0
SOX2,CD9,0
GATA3,MTF2,0
TCF7L2,SPP1,0
SOX17,AI506816,0
MEF2C,GAS6,0
MYBL2,IL33,0
RHOX6,MCM2,0
TCEA3,KRT42,0
PRDM14,NFE2L2,0
SUZ12,ANK,0
RHOX6,TRIB3,0
FOXJ2,SLC17A9,0
TBX3,LRRC8D,0
ZFP42,PHF20,0
OTX2,GATA6,0
CBX8,SIRT1,0
SUZ12,BMP6,0
EOMES,SMAD2,0
ESRRB,SMAD7,0
MEF2C,MCAM,0
ETV3,ITGA9,0
ZFP42,TAX1BP3,0
NRIP1,SDF2L1,0
AES,TPM4,0
EOMES,HSD17B14,0
RHOX6,MAN1A,0
MYCN,ZFP532,0
NRIP1,SHKBP1,0
SMAD4,PER1,0
ETV3,NCOA6,0
OTX2,HNRNPAB,0
SALL4,RMND5B,0
MEF2C,HABP2,0
TBX3,ABCC5,0
ZFP42,POLR3B,0
ZFAND3,PRDX1,0
TCF7L2,VILL,0
POU5F1,PAWR,0
ZFP281,MYO5B,0
JARID2,F2R,0
MEF2C,NKTR,0
MYC,ZBTB38,0
KLF4,PAWR,0
ZFAND3,ANXA2,0
TBX3,UNG,0
GATA3,TOP2B,0
PRDM14,ZFP600,0
AES,SREBF1,0
ESRRB,PHF20,0
TBX3,HIST1H2BK,0
SMAD4,ZFP277,0
SALL4,MYD88,0
NRIP1,PDGFA,0
SOX17,LEFTY2,0
MSC,PFKL,0
NR5A2,CD63,0
NRIP1,CUL7,0
TCF7L2,BMPER,0
ETV3,TET1,0
SMAD7,HES1,0
PRDM14,CBX7,0
PRDM14,CLIC1,0
MSC,ZFP367,0
MYBL2,HSPH1,0
TCF7L2,ZIC3,0
RHOX6,ZFP91,0
MEF2C,SLC7A5,0
PRDM14,ZBTB20,0
AES,ZEB1,0
MYBL2,SET,0
SMAD4,KNTC1,0
FOXJ2,FNDC3B,0
ZFAND3,FZR1,0
MYC,LOXL2,0
SUZ12,GORASP2,0
TBX3,CST3,0
SALL4,MFSD10,0
MEF2C,PLXNB2,0
FOXJ2,SLC25A39,0
PRDM14,MAPK11,0
TBX3,ZBTB24,0
SUZ12,NXF7,0
RHOX6,RENBP,0
ZFAND3,HSPA5,0
NR5A2,RHPN1,0
ZFAND3,SET,0
NR0B1,CUX2,0
JARID2,POU2F1,0
MYCN,SLC7A3,0
MYCN,TRIB3,0
TCF7L2,SNX2,0
NR5A2,SLC16A1,0
SMAD7,ZBTB38,0
EOMES,HEY2,0
MYCN,NCOA3,0
JARID2,GPRC5C,0
TCF7L2,SLC25A4,0
ZFAND3,SPOCK1,0
MEF2C,FXR2,0
SUZ12,ITM2B,0
JARID2,TAF6,0
RHOX6,BCL3,0
MYBL2,ZFP42,0
OTX2,STARD10,0
AES,MGST3,0
SOX2,GABPA,0
NR5A2,ARHGAP32,0
MYCN,SNX2,0
SOX17,KRT19,0
MYCN,ATP6V0A1,0
ZFP42,SET,0
MYBL2,PROX1,0
JARID2,ATF4,0
SMAD7,PRKAB1,0
MYC,GRB10,0
ETV3,SERPING1,0
MSC,MCM2,0
SUZ12,CCNE1,0
SMAD7,HSPB1,0
KLF4,AU018091,0
SOX2,PCSK6,0
JARID2,LGMN,0
AES,BCL3,0
FOXJ2,TPM1,0
MYC,CDH6,0
NR0B1,ASNS,0
TCEA3,TPM1,0
SMAD4,AU018091,0
MYC,NUP210,0
TCEA3,FRRS1,0
TBX3,PATZ1,0
MYBL2,FUT8,0
AES,NR1D2,0
CBX8,PCOLCE2,0
MEF2C,GSR,0
OTX2,MYO7A,0
ZFP42,HSP90B1,0
MEF2C,KANK2,0
TBX3,TPD52,0
SMAD7,MYO18A,0
ZFP281,KDM5B,0
ZFAND3,PLTP,0
ZFP42,EPS8,0
MSC,AU018091,0
TCEA3,PFAS,0
TCEA3,PDPN,0
RHOX6,CTDSPL,0
SOX17,SOD1,0
ZFP281,ATP6V0A1,0
EOMES,BRCA2,0
MYCN,TCEA3,0
OTX2,HMGXB4,0
MSC,SSB,0
OTX2,MYC,0
JARID2,IFRD1,0
NR5A2,PIK3R1,0
NRIP1,XBP1,0
ETV3,NFKB2,0
ESRRB,GLS,0
ZFP42,COL4A1,0
SOX2,BUB1B,0
ZFP42,GAA,0
SUZ12,MTA3,0
ETV3,AKT1,0
EOMES,CDKN1A,0
MYC,CTNNBIP1,0
ZFP281,CFC1,0
MEF2C,SRGN,0
MYC,NPL,0
ZFP281,CD9,0
MEF2C,CD9,0
JARID2,TSPAN9,0
ETV3,BRWD1,0
ZFAND3,HIP1,0
ZFAND3,FOXJ2,0
SOX17,PURA,0
SOX2,GABARAPL1,0
OTX2,CRYAB,0
EOMES,CBX4,0
NANOG,GABARAPL1,0
FOXJ2,CITED1,0
PRDM14,MPZL2,0
MYC,ACP6,0
SMAD4,NKRF,0
SMAD7,LRRC2,0
ZFP42,ITGAV,0
SMAD7,SREBF1,0
GATA3,PURA,0
SALL4,SEC24D,0
MYBL2,POLR3F,0
MYBL2,CDCA7,0
ETV3,GLDC,0
JARID2,TET2,0
NR0B1,SNHG1,0
MYBL2,AFF1,0
MYC,CD63,0
MEF2C,ZBTB20,0
NRIP1,EP300,0
MSC,SNURF,0
MEF2C,KRT19,0
SMAD4,ZSCAN10,0
POU5F1,SOX7,0
ETV3,RNF157,0
PRDM14,TEAD1,0
PRDM14,ID4,0
SUZ12,CALU,0
ZFAND3,ELL3,0
SMAD7,STAG3,0
EOMES,ERF,0
TBX3,SLC25A4,0
KLF4,CCND1,0
ZFAND3,NFE2L2,0
NR0B1,CSTB,0
MYCN,CLDN6,0
OTX2,AKT1,0
MYBL2,TIMP2,0
OTX2,SLC25A36,0
NANOG,PLXNA1,0
SOX2,RRM2,0
MYCN,SAP30,0
SMAD7,CDKN1A,0
FOXJ2,EBF1,0
ZFP281,SUSD2,0
SOX17,PSAP,0
OTX2,TMEM144,0
NANOG,TGFB1I1,0
SOX17,ST5,0
SMAD7,SOX2,0
MYBL2,FOXQ1,0
JARID2,NFIC,0
AES,NOP56,0
MYCN,ZEB2,0
SMAD4,ZBTB24,0
NRIP1,SIDT2,0
ZFP281,GRIN1,0
SALL4,SLC25A36,0
RHOX6,ZFYVE21,0
NANOG,FOXD3,0
NANOG,CUBN,0
TCF7L2,SMARCAD1,0
RHOX6,ARNT2,0
RHOX6,MEG3,0
SUZ12,CHST15,0
EOMES,PIK3R1,0
ZFAND3,SDCBP,0
AES,AKAP12,0
SALL4,ZFP367,0
MYC,UBE2S,0
PRDM14,PLTP,0
MYCN,PHGDH,0
SMAD7,GJA1,0
NR5A2,FAM102A,0
SMAD7,LDHB,0
ETV3,TRIM2,0
TBX3,LRPAP1,0
NR5A2,APOBEC3,0
MYC,CSF1,0
ESRRB,SHROOM3,0
SOX2,RYBP,0
MSC,SGK1,0
ZFP281,NDN,0
EOMES,DTX1,0
JARID2,UBQLN2,0
SMAD7,SATB2,0
SUZ12,NCOA3,0
EOMES,IFITM2,0
GATA3,TRIM28,0
ZFAND3,CTNNAL1,0
MYBL2,DUSP3,0
MEF2C,CREB3,0
MYCN,TCF7,0
TCEA3,ZFYVE21,0
TCF7L2,OBSL1,0
JARID2,EHMT2,0
SUZ12,BRD7,0
GATA3,RFXAP,0
ETV3,TDH,0
MYCN,POU6F1,0
ETV3,PDGFA,0
TCF7L2,SUN2,0
SMAD7,RELA,0
KLF4,ZFP276,0
NANOG,CDC42SE2,0
MYCN,CBX8,0
TCEA3,HSBP1,0
ZFP281,FBLIM1,0
ESRRB,NCOA6,0
MYBL2,LAMA1,0
ZFAND3,CCND1,0
SMAD7,TEAD4,0
KLF4,SDF2L1,0
AES,LIMCH1,0
TCEA3,KLF8,0
GATA3,ECT2,0
SOX17,GABBR1,0
TCEA3,KAT2B,0
TCF7L2,EBF1,0
MEF2C,CNDP2,0
SALL4,PLOD1,0
SMAD4,UNG,0
NR5A2,XRCC6,0
TBX3,RYBP,0
NR5A2,LY6E,0
MYBL2,UCHL1,0
TCEA3,TMEM231,0
ZFP281,SSBP4,0
SMAD7,KLF9,0
NR5A2,NR1D2,0
TBX3,IKBKB,0
EOMES,GLS,0
TCF7L2,TCF7,0
POU5F1,MDK,0
ESRRB,HSP90B1,0
MSC,CSF1,0
AES,KLF10,0
MYCN,COX7A1,0
RHOX6,GTF2A1L,0
AES,HNF1B,0
POU5F1,SMARCAD1,0
NR0B1,XBP1,0
NANOG,TXNDC5,0
TBX3,FOXD3,0
EOMES,COL18A1,0
SOX17,PDIA5,0
KLF4,SOD1,0
JARID2,BCL3,0
SALL4,NFATC2IP,0
TCF7L2,NFE2L2,0
RHOX6,SMARCA2,0
FOXJ2,FAT1,0
FOXJ2,SOAT1,0
FOXJ2,ID4,0
GATA3,LAMA5,0
TCEA3,UTF1,0
SMAD7,UHRF1,0
NRIP1,CTNNAL1,0
TCEA3,SUN1,0
TCF7L2,NFATC2IP,0
SOX17,AKT1,0
ZFAND3,BEND5,0
PRDM14,JUN,0
ZFP42,MAPK8,0
SOX17,PDGFRA,0
SOX2,CNOT6,0
SUZ12,CKB,0
SOX17,TTF2,0
SOX2,HNF4A,0
SOX17,RENBP,0
TCF7L2,PRDX1,0
MSC,NKTR,0
NRIP1,RAD54B,0
RHOX6,SSB,0
ZFAND3,CTNNBIP1,0
ESRRB,RFX5,0
MEF2C,ASH1L,0
TCF7L2,FXYD3,0
OTX2,EIF4A-PS4,0
EOMES,GLIPR1,0
GATA3,NR1H2,0
TBX3,NOTUM,0
NR0B1,GTF2A1L,0
PRDM14,GABARAPL1,0
POU5F1,BMP6,0
SUZ12,STARD8,0
TBX3,MGST3,0
TCF7L2,PFKL,0
SOX17,NFATC3,0
SOX2,CDC20,0
ETV3,NCOA3,0
POU5F1,BRCA2,0
FOXJ2,KHDRBS1,0
NANOG,HIST1H1D,0
ETV3,NR2F6,0
ZFAND3,POU2F1,0
NR5A2,ITPK1,0
SOX17,ZFP219,0
NANOG,FOXO1,0
OTX2,ZFP423,0
NR0B1,DDX21,0
PRDM14,SNURF,0
POU5F1,NFIA,0
ZFP281,SIX1,0
POU5F1,EIF4EBP1,0
MSC,LPCAT1,0
ETV3,SEC31A,0
SUZ12,SLC38A2,0
NRIP1,IDI1,0
MEF2C,LTBP4,0
MSC,CALCOCO2,0
NRIP1,CPM,0
SMAD7,ETV6,0
TCF7L2,TXNIP,0
MYBL2,GSTA4,0
SMAD4,DDX20,0
AES,RTN1,0
ESRRB,SNORA62,0
TCEA3,GNRH1,0
SMAD4,GCNT1,0
ZFAND3,HSD17B14,0
ETV3,GLI1,0
ESRRB,ARHGAP21,0
ESRRB,PPP2R5A,0
MEF2C,LGMN,0
MYBL2,PTPN14,0
RHOX6,DR1,0
NRIP1,NFATC3,0
TCEA3,GATA4,0
RHOX6,AARS,0
NR0B1,ZFP276,0
CBX8,PPP2R5A,0
SUZ12,SERPING1,0
FOXJ2,LOXL2,0
TCEA3,SNRPN,0
SOX17,NR1H2,0
TCF7L2,MDK,0
SMAD4,LAPTM5,0
ZFP281,MSX2,0
MYBL2,ESPL1,0
SUZ12,CRTAP,0
TCF7L2,NRIP1,0
ETV3,TGFB1I1,0
ZFP42,PAX8,0
TCEA3,RBBP4,0
NR5A2,TTC7,0
ESRRB,MCM6,0
NRIP1,LRPAP1,0
SUZ12,ZFP276,0
AES,CNN2,0
MYCN,NCOA6,0
MYBL2,DNAJC10,0
TBX3,CRAMP1L,0
AES,LY6G6E,0
PRDM14,HOOK1,0
NR0B1,SIRT1,0
SMAD4,ARHGAP32,0
ZFP42,HDAC4,0
NR5A2,ZIC3,0
ESRRB,RBPMS2,0
POU5F1,GLIS2,0
MYCN,MED12,0
SMAD4,DKK1,0
JARID2,ARHGAP1,0
FOXJ2,GNPDA1,0
CBX8,DTX1,0
ZFP42,ZFAND3,0
MYBL2,PCNA,0
SALL4,GLIPR2,0
SMAD7,TUBB2B,0
NR0B1,ASH1L,0
KLF4,ATF7,0
MYC,SPRY2,0
MEF2C,AATF,0
ETV3,CALR,0
EOMES,CCNB2,0
SOX17,FOXP1,0
ETV3,AI506816,0
ZFAND3,GABARAPL1,0
NRIP1,SNORD87,0
POU5F1,UBE2S,0
SMAD4,ARHGAP21,0
SMAD7,EPS8L2,0
MYCN,DUSP6,0
RHOX6,LAD1,0
ZFP42,4930402H24RIK,0
ZFAND3,PFKP,0
GATA3,EBF1,0
ZFP42,GALK1,0
SMAD4,WWTR1,0
CBX8,SMAD7,0
SALL4,LIPG,0
TCF7L2,SIN3B,0
ZFP281,GNPTAB,0
TCF7L2,NANOG,0
JARID2,PITPNC1,0
ETV3,ARPC1B,0
RHOX6,PKNOX2,0
OTX2,PROS1,0
NR0B1,ULK1,0
NR5A2,SSBP4,0
RHOX6,SHISA5,0
NANOG,LDLR,0
MSC,IFITM3,0
MEF2C,ZBTB43,0
KLF4,APAF1,0
ZFP42,BNIP3,0
SOX2,RLIM,0
NR0B1,HMGA2,0
TCF7L2,ELL2,0
SMAD4,2410141K09RIK,0
TCF7L2,POU5F1,0
SOX17,ZFP91,0
PRDM14,ZFP57,0
NANOG,KCNG1,0
RHOX6,BEND5,0
SUZ12,TXNDC5,0
NR0B1,BCAM,0
NR5A2,GALK1,0
TCF7L2,NPL,0
SOX17,ZFP42,0
ZFAND3,AKAP12,0
MSC,ZFP398,0
TCEA3,PXDN,0
SMAD7,SETD7,0
OTX2,HSP90B1,0
MYCN,TLE1,0
TCEA3,BARX1,0
CBX8,GHR,0
SUZ12,NOTCH2,0
GATA3,PDLIM1,0
SUZ12,PARVB,0
ETV3,MCM2,0
SOX2,TCF7,0
ZFP281,SMURF1,0
POU5F1,HSPA8,0
SUZ12,TMSB4X,0
JARID2,CLCN5,0
ZFP42,ZFP219,0
ZFP42,CMKLR1,0
AES,PLOD1,0
AES,TCL1,0
POU5F1,PATZ1,0
ZFAND3,TET2,0
ZFP42,RBMXL2,0
NR5A2,TXNDC11,0
SOX17,ZFP281,0
ESRRB,ODC1,0
KLF4,UBQLN2,0
ZFP42,CRAMP1L,0
NANOG,VEZF1,0
SOX2,RHPN1,0
NR0B1,GLDC,0
TCF7L2,NR0B1,0
SMAD4,ENAH,0
ZFP281,SNORD87,0
KLF4,GOT1,0
TBX3,PDGFRA,0
PRDM14,IQSEC1,0
SMAD4,BRD7,0
SMAD4,NCOA6,0
EOMES,ERP29,0
SMAD7,UBE2C,0
SALL4,CNDP2,0
SUZ12,SLC16A6,0
NR5A2,ILK,0
ETV3,RDM1,0
ZFAND3,ARL6IP5,0
TCEA3,ZHX3,0
JARID2,RFX5,0
MEF2C,KRT8,0
AES,ARNT2,0
TCF7L2,GCLM,0
NR0B1,COL4A2,0
CBX8,DDB2,0
TBX3,STAT5B,0
TBX3,SNORA62,0
SOX17,STARD8,0
SMAD7,CTNNBIP1,0
NR0B1,TMEM150A,0
NR5A2,DDX21,0
TCF7L2,CFC1,0
NR0B1,BNC2,0
OTX2,MCM2,0
ESRRB,KLF9,0
SUZ12,RNPEP,0
NR0B1,ZBTB24,0
AES,GALK1,0
JARID2,MSC,0
MEF2C,ZFHX3,0
FOXJ2,TTF2,0
ZFP42,ELAVL2,0
ETV3,PAWR,0
ETV3,IGFBP2,0
SOX2,ATF4,0
NR5A2,TRP53,0
SUZ12,FOXJ3,0
SALL4,PTPN14,0
SUZ12,TOX3,0
SUZ12,HMGXB3,0
PRDM14,NID1,0
MSC,NCOA3,0
NRIP1,DCTPP1,0
MYBL2,S100A6,0
MYCN,SMAD7,0
SOX17,LTBP4,0
ZFP42,ICAM1,0
MYBL2,ACTG1,0
OTX2,DUSP3,0
CBX8,HIF3A,0
SALL4,MAML1,0
ETV3,ARHGAP32,0
MYBL2,SNX2,0
OTX2,TAF1,0
CBX8,UTF1,0
PRDM14,SPNS2,0
CBX8,HIST1H2BN,0
RHOX6,ABCC5,0
SALL4,ARNT2,0
SOX17,NCOA6,0
SALL4,TWIST1,0
MYBL2,VANGL1,0
SALL4,NDN,0
MYBL2,MED21,0
ESRRB,TCF12,0
PRDM14,CHCHD10,0
MSC,CNOT6L,0
MEF2C,AMFR,0
SMAD7,KDM5B,0
EOMES,AI506816,0
ZFP42,PDCD4,0
ESRRB,HEY2,0
SOX17,NFATC4,0
RHOX6,AQP8,0
FOXJ2,PLA2G1B,0
NR5A2,TCF7,0
SUZ12,SPOCK1,0
SMAD7,MYBL2,0
MSC,THBD,0
ZFP42,NR1D2,0
MSC,PITX1,0
NR0B1,NFATC3,0
SALL4,TXNDC5,0
MYBL2,NR2F6,0
SOX17,MYO7A,0
PRDM14,TEAD4,0
MYCN,ST3GAL6,0
MSC,CDC20,0
FOXJ2,SEC31A,0
MEF2C,PBXIP1,0
AES,EBF1,0
ZFP42,EPS8L2,0
SMAD4,UHRF1,0
TBX3,MAN1A,0
MYC,HIST1H3H,0
ZFP42,RBPJ,0
SMAD4,TOX4,0
GATA3,IMPDH1,0
ZFAND3,CD9,0
SOX2,MCM2,0
MYBL2,PAX1,0
NR0B1,CCND1,0
MYC,FLRT3,0
PRDM14,KRTCAP2,0
NR5A2,MEG3,0
SOX2,RERE,0
MYC,RAD54B,0
CBX8,ATF3,0
TCEA3,FAT1,0
AES,LIFR,0
SMAD4,KIT,0
MYBL2,SLC16A1,0
SMAD7,LTBP4,0
SUZ12,FXR2,0
MYC,REV1,0
POU5F1,MATR3,0
SOX2,GORASP2,0
SUZ12,POU5F1,0
AES,CHD5,0
AES,EMP2,0
ZFAND3,ADAMTS9,0
ETV3,FBXO15,0
JARID2,CNN2,0
TBX3,DCXR,0
TCF7L2,MSH6,0
NR5A2,YAF2,0
ZFAND3,LGMN,0
ZFP281,HSF2,0
TBX3,RBPMS2,0
GATA3,GORASP2,0
ESRRB,BTG2,0
GATA3,CALD1,0
MYCN,POLR3F,0
TCEA3,MAGED1,0
EOMES,P4HB,0
GATA3,HES6,0
ZFP42,HIST1H2AK,0
MEF2C,ATP1B1,0
TCEA3,REST,0
TCEA3,MED21,0
PRDM14,H1F0,0
OTX2,CSTB,0
ZFP281,RTN1,0
MYCN,DDB2,0
NANOG,LIFR,0
PRDM14,ETL4,0
KLF4,SLC7A5,0
POU5F1,4930402H24RIK,0
NRIP1,MYO6,0
MYC,AY036118,0
TCEA3,ZFP281,0
TBX3,PIK3R1,0
NR5A2,PLTP,0
RHOX6,MFSD10,0
ZFP281,ARHGAP32,0
ZFP42,SURF4,0
ETV3,ACADM,0
SALL4,TCF7,0
SUZ12,HERPUD1,0
SMAD7,2410141K09RIK,0
MYBL2,RDM1,0
OTX2,RAB3IL1,0
ZFP281,GCLM,0
SMAD7,SH3PXD2B,0
CBX8,SNHG12,0
TBX3,PURA,0
SOX2,ZBTB39,0
ESRRB,SERPING1,0
CBX8,KLF15,0
JARID2,SNHG3,0
MYCN,GLDC,0
ETV3,TIMP2,0
SOX2,GLI1,0
JARID2,GATA4,0
JARID2,ZBTB10,0
SMAD4,GNRH1,0
NR5A2,POLR3F,0
MYCN,MDN1,0
TBX3,SLC9A6,0
MYCN,GATA4,0
TCF7L2,AI506816,0
SOX17,SERBP1,0
NANOG,CKB,0
EOMES,TET1,0
TCF7L2,MLXIPL,0
ZFAND3,ZFP36L1,0
GATA3,XAF1,0
SALL4,MCM4,0
ETV3,PRPS2,0
NR5A2,ZBTB20,0
SALL4,HIF3A,0
TBX3,PLAT,0
NR5A2,VANGL1,0
SMAD4,ILK,0
SMAD4,FOXO1,0
NANOG,ODC1,0
RHOX6,CUL7,0
ZFP42,POLR2A,0
OTX2,TAF9,0
AES,UPP1,0
PRDM14,CIC,0
OTX2,UBQLN2,0
OTX2,HIF1A,0
MYCN,AMOTL2,0
TCF7L2,MFGE8,0
ZFP42,SMS,0
JARID2,DDX54,0
NR0B1,NASP,0
SMAD7,ZBTB24,0
TCF7L2,ATP13A3,0
SMAD4,HSBP1,0
TBX3,NR2F2,0
SMAD7,SIN3B,0
ZFP281,LDLRAP1,0
AES,IER2,0
ESRRB,SRGN,0
SALL4,GLIPR1,0
MYCN,SET,0
NR0B1,COTL1,0
NRIP1,GRHL1,0
PRDM14,FDPS,0
MYC,PRKAB1,0
CBX8,PARVA,0
EOMES,PIAS3,0
SUZ12,PHGDH,0
ZFAND3,KRT17,0
CBX8,GSN,0
ETV3,RPL39L,0
NR5A2,HIST1H2BB,0
NR0B1,IFITM1,0
ETV3,GLIPR2,0
OTX2,RANBP17,0
NR0B1,ANXA2,0
ZFP42,ITGA9,0
MYBL2,MAFK,0
MEF2C,TINAGL1,0
PRDM14,TGFBR3,0
CBX8,TOP2A,0
RHOX6,RPS6KA6,0
TBX3,FRMD4A,0
ETV3,CDH6,0
OTX2,ZBTB7A,0
MYBL2,PLOD2,0
SALL4,SETD7,0
TCEA3,ZBTB7A,0
TCEA3,ID2,0
TCF7L2,BRWD1,0
SUZ12,CREB5,0
OTX2,HSPB1,0
MSC,IKBKB,0
TCEA3,MFGE8,0
SUZ12,ZC3H7A,0
ETV3,ZBTB3,0
TCF7L2,CSF1,0
MEF2C,SIX1,0
SALL4,RNPEPL1,0
FOXJ2,FOXO1,0
MEF2C,TRP53,0
ZFP281,RHOX6,0
MYBL2,TXNDC5,0
MYCN,SNORD87,0
NR0B1,E2F6,0
NR0B1,DDX58,0
MSC,CSRP2,0
FOXJ2,SSB,0
SMAD7,KDELR2,0
ZFP42,RAD51,0
OTX2,AGPAT4,0
SUZ12,SNHG3,0
JARID2,RCOR2,0
GATA3,EDEM1,0
ZFP42,DMRT1,0
SMAD4,AHCY,0
TCEA3,SRGN,0
AES,NXF7,0
NR5A2,RDM1,0
SMAD4,IER2,0
KLF4,NCAPD2,0
CBX8,PITX1,0
NANOG,ANKRD49,0
TBX3,TWIST1,0
SOX2,FOXN3,0
NR0B1,GATA6,0
EOMES,PPP2R5A,0
NR0B1,AU018091,0
MYCN,ZBTB20,0
ZFP281,ANP32A,0
SALL4,SQSTM1,0
MYBL2,NFE2L2,0
OTX2,ETL4,0
PRDM14,VILL,0
NR5A2,NOTCH1,0
SMAD7,NDN,0
AES,ESRRB,0
EOMES,HEXIM1,0
NRIP1,RLIM,0
SMAD4,PCNA,0
TCEA3,EPS8L2,0
AES,EIF4A2,0
TCF7L2,USF1,0
NR5A2,GNG2,0
MEF2C,LAMB1,0
TBX3,FXR2,0
SUZ12,DNAJC10,0
TBX3,SLC6A6,0
ZFAND3,NFATC2IP,0
ESRRB,TSHZ3,0
SALL4,AKAP12,0
JARID2,ZC3H7A,0
MEF2C,RUVBL1,0
CBX8,CLIC1,0
SMAD4,ACTG1,0
MYC,NFXL1,0
ZFP42,P4HA1,0
NR0B1,RRBP1,0
TBX3,LTBP4,0
ZFP42,SQSTM1,0
MEF2C,FKBP11,0
TCF7L2,KLF10,0
TCF7L2,ETV3,0
PRDM14,AMOTL2,0
ZFAND3,DDX54,0
MYC,MAPK8,0
TCF7L2,ITGA9,0
MYCN,ZSCAN10,0
AES,POLR3F,0
CBX8,ARHGAP21,0
JARID2,SMARCAD1,0
PRDM14,HELLS,0
AES,SP8,0
MSC,RUNX3,0
CBX8,STARD8,0
POU5F1,NFATC4,0
CBX8,JUN,0
MYBL2,ZFP277,0
ZFP42,CNDP2,0
MYBL2,CDIPT,0
SOX17,HEY2,0
MEF2C,WWTR1,0
MYCN,POU4F2,0
ZFP42,FAHD2A,0
MSC,EGR1,0
ZFAND3,GLS,0
NRIP1,OPLAH,0
TBX3,ELOVL6,0
FOXJ2,SLC9A6,0
ZFP42,F3,0
NANOG,RNF14,0
KLF4,HK2,0
ZFP281,GRHL1,0
ESRRB,YAF2,0
MYC,MCAM,0
OTX2,RYBP,0
ETV3,IFITM1,0
TCF7L2,EIF4EBP1,0
RHOX6,PIAS3,0
NR0B1,PLOD1,0
GATA3,ELF4,0
JARID2,ZBTB38,0
SMAD7,NFIB,0
SMAD4,SOCS2,0
AES,TUBA4A,0
TBX3,ZBTB7A,0
MSC,SYNE2,0
SOX2,BEX1,0
GATA3,ULK1,0
SMAD7,ZDHHC15,0
MYCN,CCND2,0
PRDM14,PRDX1,0
TBX3,IFI30,0
PRDM14,DTX1,0
JARID2,ATP1B1,0
ZFP281,AHCY,0
SUZ12,GTF2A1L,0
JARID2,HSD17B14,0
MEF2C,CALU,0
ZFP42,ARID1A,0
JARID2,MKRN1,0
MSC,MYH9,0
MYCN,HDAC7,0
FOXJ2,SET,0
RHOX6,ACP6,0
TCEA3,DNMT1,0
SOX2,DEK,0
ETV3,POU5F1,0
TCF7L2,TEX264,0
NR0B1,JARID2,0
NR5A2,TAF6,0
TBX3,MCM6,0
ETV3,CCNG1,0
NR5A2,TEX264,0
SALL4,SATB2,0
TBX3,POU4F1,0
PRDM14,CAR4,0
JARID2,FOXJ2,0
MYC,TPM4,0
GATA3,ITPK1,0
JARID2,KLF6,0
NRIP1,BEX1,0
MYCN,FBP2,0
SMAD4,UBQLN2,0
NR0B1,SOX15,0
CBX8,PLK2,0
MYCN,FOXP1,0
MYBL2,POU6F1,0
FOXJ2,TWIST1,0
GATA3,2410141K09RIK,0
MYC,GM13597,0
TCEA3,SLC25A4,0
ZFP42,EHMT2,0
KLF4,P4HB,0
MYC,L3MBTL2,0
FOXJ2,MYO18A,0
MYBL2,BAZ1A,0
NR0B1,ECT2,0
NR0B1,FOSL2,0
SMAD4,PHF14,0
RHOX6,CMKLR1,0
SUZ12,ARHGAP29,0
RHOX6,MOV10,0
EOMES,FDPS,0
SOX17,HDAC11,0
NRIP1,MPP1,0
EOMES,TXNDC5,0
SOX17,CRAMP1L,0
FOXJ2,TPX2,0
FOXJ2,GAA,0
TCEA3,MXD4,0
EOMES,RRM2,0
SALL4,ASPH,0
MYBL2,FST,0
SUZ12,BCL3,0
GATA3,TPD52,0
FOXJ2,MT1,0
MYBL2,ASPH,0
TCEA3,FOXP1,0
ZFAND3,JUND,0
SOX2,KNTC1,0
ESRRB,TRPS1,0
OTX2,MYO6,0
MYBL2,ADAM19,0
PRDM14,ATF6,0
SOX2,SMARCA2,0
TCF7L2,COMMD3,0
SMAD7,LASP1,0
OTX2,DAP,0
SUZ12,NDRG1,0
SUZ12,LRRK1,0
TCEA3,AMOTL2,0
MYCN,TEAD1,0
SMAD7,ESPL1,0
TCEA3,CREB3L2,0
MYCN,DR1,0
EOMES,RUVBL1,0
TBX3,SLC5A11,0
GATA3,ZEB1,0
ZFAND3,EP300,0
SALL4,HIST1H2AC,0
TCEA3,ACTG1,0
POU5F1,NCOA3,0
RHOX6,PRSS35,0
MEF2C,BCAS3,0
PRDM14,PLSCR1,0
AES,CNOT6,0
NR0B1,PURA,0
MYC,RCN3,0
GATA3,CENPV,0
SALL4,SATB1,0
SOX2,SALL4,0
SOX2,INSIG1,0
AES,SRI,0
AES,KDELR3,0
NR0B1,NDN,0
ETV3,DPPA4,0
MEF2C,VILL,0
GATA3,ZYX,0
SUZ12,TRP53,0
ESRRB,PARP1,0
SMAD7,GNG2,0
NR5A2,AKT1,0
TCEA3,L3MBTL2,0
PRDM14,BCL3,0
MYC,RARA,0
NANOG,POU2F1,0
SOX2,EBF4,0
PRDM14,ELF3,0
OTX2,QDPR,0
RHOX6,ADAM19,0
SMAD4,GM13597,0
AES,MYLPF,0
SOX2,TBL1X,0
RHOX6,PPP2R5A,0
OTX2,TMEM231,0
SUZ12,ZBTB24,0
FOXJ2,ZFAND3,0
MYCN,RBL1,0
TCEA3,MFSD10,0
ZFAND3,RHPN1,0
MYC,EIF4A-PS4,0
EOMES,TBRG1,0
AES,HIST1H3H,0
SALL4,NANOG,0
NR5A2,ELL3,0
RHOX6,FAM102A,0
ETV3,HSPB1,0
NR0B1,XRCC5,0
ZFP281,PLSCR1,0
NR5A2,EHMT2,0
MYC,LRRC8D,0
SUZ12,BNIP3,0
FOXJ2,RASGRP2,0
AES,EDA2R,0
SOX17,HIST1H2BN,0
ZFP281,GM13597,0
SALL4,ESPL1,0
TBX3,MDM2,0
MYC,SHROOM3,0
MYC,GFPT1,0
TCEA3,ETV5,0
EOMES,UNG,0
NR0B1,TDGF1,0
NANOG,NFE2L1,0
MEF2C,ZFYVE21,0
NANOG,CYP26A1,0
JARID2,APAF1,0
MYBL2,HIST1H2BN,0
MYCN,TAX1BP3,0
TCF7L2,TMSB4X,0
PRDM14,MYBBP1A,0
AES,FKBP11,0
MYBL2,UBE2C,0
TCEA3,TPM4,0
SUZ12,ECHDC2,0
MYCN,SDF2L1,0
GATA3,HMGXB3,0
MYCN,MAML1,0
NR5A2,IRF1,0
OTX2,BASP1,0
TCF7L2,SNHG12,0
NANOG,ILF2,0
MEF2C,MAML1,0
SOX17,ILF2,0
ZFP281,DNAJC10,0
ETV3,ETS1,0
SUZ12,GATA3,0
TCEA3,ANKRD6,0
SMAD7,RRP1B,0
EOMES,APOE,0
MYCN,RBBP4,0
NR5A2,CITED2,0
PRDM14,BMPER,0
TCF7L2,MXD4,0
ZFP42,SHF,0
NR0B1,RIAN,0
MYCN,TGM1,0
SALL4,KLF15,0
ZFP281,CKB,0
SUZ12,HSPG2,0
NANOG,MFSD1,0
ZFP42,CAR4,0
SALL4,CTSZ,0
ZFP281,RNF157,0
NR5A2,NSD1,0
MYCN,KIT,0
SALL4,MFSD1,0
NANOG,SLC7A5,0
SUZ12,XRCC6,0
RHOX6,SNORD87,0
MYCN,ZFAND3,0
RHOX6,KRTCAP2,0
ZFP42,AIRE,0
SALL4,HOOK1,0
ZFP281,AQP8,0
ETV3,RAD54B,0
ESRRB,HIST1H4K,0
TCF7L2,CCND1,0
MYC,SMARCD1,0
NR5A2,ATP1B1,0
SUZ12,CEBPZ,0
TCF7L2,PSAP,0
TBX3,GABARAPL2,0
MYC,APBB1,0
NR0B1,ALPL,0
MSC,DDX20,0
NR0B1,FOXO3,0
MYCN,ITGA6,0
FOXJ2,PDE4DIP,0
CBX8,PLOD1,0
NR0B1,ST5,0
MYBL2,BARX1,0
ZFAND3,MYCN,0
FOXJ2,ZFPM1,0
CBX8,GPA33,0
ZFP42,ASH1L,0
EOMES,RRAS2,0
GATA3,CLDN6,0
POU5F1,FDPS,0
ETV3,USP3,0
MYBL2,TFAP4,0
NR5A2,GRAMD1A,0
NRIP1,CCNG1,0
MYBL2,PGA5,0
KLF4,CHN2,0
ETV3,PURA,0
SMAD4,PDE4DIP,0
SMAD7,CHD7,0
MYC,UBE2C,0
AES,ARHGAP32,0
ESRRB,ZFP276,0
MYCN,IRF4,0
SMAD7,BEX1,0
MYBL2,RHOX6,0
TCEA3,TMSB4X,0
ZFP42,CYBA,0
PRDM14,NPAS2,0
NANOG,MFGE8,0
EOMES,KLF10,0
EOMES,CNDP2,0
FOXJ2,VCAN,0
ETV3,CREB5,0
TCF7L2,BTG1,0
MYBL2,PARVA,0
TCEA3,MYO6,0
RHOX6,SNRPN,0
EOMES,SLC35F5,0
ZFP281,IKBKB,0
TBX3,ZFAND3,0
AES,TRPS1,0
JARID2,PLAG1,0
NR0B1,LGMN,0
TCF7L2,CRABP2,0
ZFP281,HSPA5,0
SOX17,MGST3,0
TBX3,ZSWIM4,0
TCEA3,TULP3,0
MEF2C,MSH6,0
SMAD4,PCSK6,0
SMAD4,TXNIP,0
MYBL2,KDELR3,0
SOX2,KLF13,0
SOX17,SUSD2,0
KLF4,PIAS2,0
SOX17,CALR,0
MYCN,TMED9,0
RHOX6,MARCKS,0
MYBL2,DIDO1,0
ZFAND3,SPRY2,0
ETV3,EOMES,0
FOXJ2,TEX264,0
NR0B1,CALU,0
TCF7L2,KLF8,0
OTX2,SPEN,0
TBX3,TDGF1,0
SALL4,DAP,0
MYBL2,ID2,0
MEF2C,APLP1,0
MYBL2,NFATC2IP,0
NANOG,RBL1,0
MYC,ASAH1,0
KLF4,ZFP710,0
TBX3,RNPEPL1,0
EOMES,REV1,0
RHOX6,ZFP398,0
CBX8,SLC25A36,0
RHOX6,CD9,0
TCEA3,ETV4,0
ZFP42,GPA33,0
SMAD7,LY6E,0
SOX17,NFKB2,0
AES,AHNAK,0
SUZ12,SNX2,0
ZFAND3,SPNS2,0
SMAD7,SNX25,0
NR0B1,FOXJ3,0
OTX2,LDB1,0
SALL4,NR3C1,0
ZFP281,RFX5,0
ETV3,TMEM150A,0
MYC,ZBTB7A,0
ETV3,GNG10,0
ZFP42,TRIB3,0
MEF2C,2410141K09RIK,0
NR5A2,ETV4,0
SALL4,ELF3,0
EOMES,SERBP1,0
MEF2C,ETV6,0
SOX2,CBX7,0
MYC,CDC20,0
SALL4,OBSL1,0
ETV3,AQP8,0
TBX3,TSPAN4,0
NR5A2,IDI1,0
CBX8,SETX,0
RHOX6,SMARCC2,0
SOX2,MGST3,0
SMAD7,AU018091,0
NR0B1,RCN3,0
MSC,NPHS1,0
JARID2,MLXIP,0
AES,CDH6,0
JARID2,PHC1,0
MYC,ARID1A,0
NANOG,SOAT1,0
SOX17,MTHFD2,0
NANOG,HSP90B1,0
NR5A2,NXF7,0
NANOG,GNRH1,0
CBX8,CLDN6,0
MSC,ANK,0
MYCN,BMPER,0
NR5A2,DDX20,0
ETV3,GABARAPL1,0
ZFP281,PCOLCE,0
SUZ12,RPS6KA6,0
MYCN,BNC2,0
RHOX6,GAS6,0
EOMES,PHF20,0
ZFP42,SLC38A2,0
AES,ATF6,0
MEF2C,CHCHD10,0
ETV3,SNX2,0
ZFAND3,PSAP,0
ZFP281,DTX1,0
ETV3,RUNX1,0
ZFP42,HABP2,0
MYBL2,IMPDH1,0
ZFP281,BMPER,0
ZFAND3,EHD1,0
SOX2,GFPT2,0
TCEA3,NDRG4,0
MSC,WDFY1,0
GATA3,ZFP275,0
MSC,HSP90B1,0
SOX17,ING3,0
CBX8,HIST1H2AI,0
ETV3,FGFR3,0
EOMES,CRYAB,0
OTX2,MGST3,0
ESRRB,APOBEC3,0
SALL4,ETV1,0
KLF4,TFRC,0
TBX3,SET,0
ZFP42,TMEM9,0
MYBL2,COMMD3,0
SALL4,ACP6,0
SOX17,NFIA,0
POU5F1,PDCD4,0
ZFP42,TRP53,0
AES,COX7A1,0
SOX17,SRI,0
TBX3,ODC1,0
NRIP1,STAT4,0
RHOX6,5031439G07RIK,0
TCEA3,FAM102A,0
SOX2,HIP1,0
AES,KHDRBS1,0
ZFP42,SLC25A36,0
ETV3,LAD1,0
MYC,AI506816,0
PRDM14,DENND2C,0
KLF4,SEC24D,0
MSC,HDAC7,0
TCEA3,PCBP2,0
MYC,EIF4A2,0
PRDM14,CNOT6L,0
SOX17,HOXD13,0
ZFP281,SFI1,0
EOMES,STMN1,0
MEF2C,TNS1,0
TBX3,FOSL2,0
MSC,GFPT2,0
TCEA3,GABPA,0
NR0B1,NDRG4,0
SOX17,ZFP36L1,0
OTX2,KNTC1,0
JARID2,IRF4,0
FOXJ2,GBX2,0
TCF7L2,PAX6,0
TCF7L2,WDR45,0
SALL4,TXNDC11,0
MYC,LAMA5,0
NR0B1,ZFAND3,0
GATA3,EDA2R,0
MYC,ERLIN1,0
OTX2,IMPDH1,0
ESRRB,ZDHHC15,0
NRIP1,ATP13A3,0
MYC,EPS8,0
OTX2,FOXA2,0
MSC,FKBP11,0
NANOG,HIST1H1A,0
SMAD7,EIF4A2,0
ZFAND3,WDR45,0
AES,KCNG1,0
SUZ12,NFATC1,0
NANOG,DDX54,0
NANOG,NME2,0
SOX17,JARID2,0
SMAD4,STAT4,0
MSC,TNFAIP3,0
NR0B1,ZFP768,0
MYBL2,NR4A1,0
GATA3,DCXR,0
NR0B1,RBMXL2,0
SOX17,ELL2,0
SMAD4,PARP1,0
SUZ12,CLDN6,0
ESRRB,ZSWIM4,0
NR5A2,SALL1,0
MYBL2,RFFL,0
PRDM14,MYLPF,0
SMAD4,CTSZ,0
SMAD4,ERLIN1,0
MYCN,TRIM25,0
ZFP42,JARID2,0
AES,TRIB3,0
ESRRB,HIST1H2BB,0
OTX2,OVOL1,0
SALL4,KANK3,0
RHOX6,MSH6,0
SUZ12,RAB3IL1,0
FOXJ2,PTPN3,0
ETV3,ATF6,0
ESRRB,SREBF1,0
TCF7L2,ISYNA1,0
SOX2,MAPK8,0
ZFP281,MXD4,0
ZFAND3,TET1,0
TCEA3,IRF4,0
FOXJ2,AMFR,0
RHOX6,NFIC,0
ZFP42,EMX2,0
AES,TRH,0
ZFP281,ASNS,0
MYBL2,RTN1,0
SOX2,HERPUD1,0
AES,TRIM13,0
POU5F1,PDGFRA,0
CBX8,PHC1,0
AES,PARVA,0
RHOX6,ZSCAN10,0
FOXJ2,TRH,0
AES,BMPER,0
MYCN,AY036118,0
MYCN,ETV4,0
MYC,MEIS3,0
JARID2,RELA,0
RHOX6,LRRC2,0
KLF4,GLS,0
ZFAND3,FNDC3B,0
SOX17,DNAJC3,0
AES,MPP1,0
SMAD4,MSX2,0
SUZ12,CRABP2,0
FOXJ2,MLXIPL,0
MEF2C,PHGDH,0
NR0B1,GNAS,0
SMAD7,ERF,0
MYBL2,TXNIP,0
AES,SIDT2,0
SMAD7,CD9,0
SUZ12,SERBP1,0
MYCN,HSBP1,0
MEF2C,ARID3B,0
ZFP42,PIAS2,0
RHOX6,ZFP36L1,0
NR0B1,TPM4,0
TBX3,GLIPR1,0
JARID2,ME1,0
SMAD4,KRT8,0
TBX3,CITED1,0
NANOG,NR1D2,0
MYCN,PLAUR,0
FOXJ2,TRIM24,0
ZFAND3,TOP2B,0
TCF7L2,KLF15,0
ZFAND3,KHDRBS1,0
NR0B1,PDK1,0
RHOX6,SNX2,0
MYC,BMP4,0
MEF2C,CKB,0
RHOX6,RDM1,0
NR5A2,GATA6,0
SMAD4,VAMP8,0
TBX3,SMURF1,0
GATA3,EBF4,0
TBX3,FAT1,0
TCEA3,SMARCAD1,0
SALL4,GCNT1,0
FOXJ2,PIAS2,0
OTX2,GLI2,0
POU5F1,NFE2L1,0
MYCN,VCAN,0
SMAD7,HIRIP3,0
GATA3,RNF2,0
MYCN,PLSCR1,0
SUZ12,CHD7,0
POU5F1,RRBP1,0
POU5F1,NR2F6,0
SALL4,ITPK1,0
TCEA3,ZFP710,0
ZFP281,RENBP,0
TBX3,BARX1,0
FOXJ2,SLC25A22,0
TCF7L2,MLLT1,0
TBX3,EBF4,0
NR0B1,PHLDA3,0
TBX3,GLDC,0
AES,JUN,0
SMAD4,HS3ST1,0
SMAD7,IFITM2,0
NR0B1,TRPS1,0
TCEA3,ZFP276,0
TBX3,HIST1H1D,0
MEF2C,SHKBP1,0
ESRRB,MYO6,0
RHOX6,TWIST1,0
AES,SMARCC2,0
GATA3,DDX54,0
TCF7L2,AY036118,0
SUZ12,CLTC,0
JARID2,EED,0
NR0B1,EIF2S2,0
MYC,IRF2,0
RHOX6,USF1,0
SMAD4,KLF3,0
TCF7L2,HIST1H2BN,0
NRIP1,SLC12A4,0
ESRRB,TCF20,0
ZFP42,GLDC,0
ETV3,PATZ1,0
TCEA3,CSTB,0
TCF7L2,HIST1H2AK,0
MYBL2,KDM3A,0
NRIP1,NKTR,0
AES,ARID1A,0
SALL4,SMARCA2,0
GATA3,CALR,0
SOX17,GLIS2,0
MYBL2,TLE1,0
SUZ12,DDX58,0
NR0B1,MRAS,0
NR0B1,MYO6,0
NANOG,ETV3,0
OTX2,ZFP398,0
AES,AI506816,0
TCEA3,PITPNC1,0
EOMES,MTA3,0
TCF7L2,SGK1,0
SOX2,COBLL1,0
NR0B1,EPHA4,0
NANOG,SHISA5,0
TBX3,LAMA5,0
MYBL2,MEF2D,0
GATA3,ING3,0
PRDM14,HS3ST1,0
ZFP42,LMO4,0
KLF4,MAFK,0
NR0B1,CRTAP,0
JARID2,ITGA9,0
MYCN,SLC7A5,0
SUZ12,MCFD2,0
MEF2C,HKDC1,0
SOX17,MARCKS,0
SALL4,NR1D1,0
MSC,MSX2,0
SMAD4,MYLPF,0
FOXJ2,EIF4A2,0
MYC,PAX6,0
MYC,RAI14,0
NANOG,BRCA1,0
OTX2,GLIPR1,0
ZFP42,ZBTB39,0
SOX17,NR2F6,0
MYBL2,RPL5,0
SOX17,TSHZ3,0
ZFP281,LAMB1,0
TBX3,DPPA2,0
CBX8,BTG2,0
TCEA3,ELL2,0
MEF2C,RENBP,0
TCF7L2,SMARCD1,0
ZFAND3,PAX8,0
CBX8,SMARCAD1,0
ZFP42,JUN,0
ZFP42,CRIP2,0
ETV3,SATB1,0
GATA3,NR2C1,0
SOX2,PLXNA1,0
FOXJ2,ARID5B,0
ZFP281,PPP2R5A,0
TBX3,HIST1H2BB,0
NR5A2,ZBTB39,0
RHOX6,KRT18,0
TCF7L2,XBP1,0
ETV3,GPRC5C,0
MYCN,VEGFA,0
TCF7L2,STARD8,0
NR0B1,SMAD2,0
ZFP281,PITX1,0
GATA3,5031439G07RIK,0
OTX2,INSIG1,0
KLF4,GTF3C1,0
MEF2C,PSIP1,0
POU5F1,DNMT1,0
ETV3,PCNA,0
EOMES,GCNT1,0
ZFP281,TEAD4,0
SMAD7,STAT4,0
ZFP281,FZR1,0
SUZ12,ZFP281,0
FOXJ2,TAF6,0
RHOX6,SURF4,0
NR0B1,BEX1,0
MYC,AARS,0
SALL4,NCOA3,0
SALL4,CALU,0
CBX8,TFRC,0
NRIP1,RENBP,0
ZFP42,RBPMS2,0
NRIP1,CSTB,0
RHOX6,GNG2,0
ZFAND3,ZSWIM4,0
MSC,TSPAN9,0
SALL4,IFITM3,0
OTX2,MYBL2,0
OTX2,BCAM,0
NR0B1,GTF2I,0
SALL4,ELL3,0
RHOX6,CRABP2,0
OTX2,CBX8,0
ZFP42,GORASP2,0
TCEA3,FGF3,0
NR5A2,WDR45,0
GATA3,MEF2D,0
NRIP1,SMARCAD1,0
ESRRB,LOXL2,0
ZFP281,LPCAT1,0
ZFP281,NAA15,0
ZFAND3,FOXO1,0
MYC,SLC17A9,0
SALL4,OVOL1,0
MYBL2,STAT5A,0
JARID2,CHST15,0
ETV3,HTRA1,0
PRDM14,TGM1,0
GATA3,POLR2A,0
ZFP42,PKNOX2,0
MYCN,XRCC6,0
SUZ12,FNDC3B,0
GATA3,SYNE2,0
SOX2,CTBP1,0
ZFAND3,SOX2,0
TCF7L2,TNFAIP3,0
MYC,ZFAND3,0
NR0B1,HES6,0
ZFP42,SEC24D,0
ETV3,TRIM13,0
MYBL2,AMOTL2,0
OTX2,SLC9A6,0
SUZ12,CCND2,0
PRDM14,AIRE,0
FOXJ2,ICAM1,0
MYBL2,NKTR,0
ZFP42,SLCO3A1,0
TBX3,SNHG12,0
NRIP1,PDIA5,0
SMAD7,GM13597,0
AES,RPL39L,0
ETV3,CRYAB,0
ZFP42,PARVA,0
MYC,BEX1,0
EOMES,NSMAF,0
POU5F1,NAA15,0
EOMES,GTF2I,0
EOMES,WDR1,0
MYCN,SPNS2,0
ZFP281,KLF8,0
CBX8,CPM,0
NR0B1,AKAP12,0
MYC,TXNIP,0
MEF2C,JARID2,0
ETV3,RB1,0
GATA3,TSPAN9,0
SOX17,PLTP,0
FOXJ2,MCM10,0
SUZ12,SHISA5,0
SALL4,LY75,0
MEF2C,FGFR3,0
ZFP42,MAPK11,0
TCEA3,AKR1B3,0
SALL4,YAF2,0
TCEA3,LDB1,0
KLF4,ATF4,0
NR5A2,ZFP276,0
MYC,EIF4EBP1,0
NRIP1,AKR1B3,0
FOXJ2,CBX4,0
PRDM14,TSPAN4,0
PRDM14,CTH,0
EOMES,AMFR,0
FOXJ2,RELA,0
SUZ12,ETL4,0
TCEA3,ALPL,0
ZFP281,KLB,0
TCEA3,MCM5,0
MYCN,TNS1,0
ETV3,SNX25,0
OTX2,CCNB1,0
AES,FOXN3,0
ETV3,LRRC1,0
SMAD7,CTH,0
MSC,BTG1,0
GATA3,RAD51,0
AES,HSPB1,0
SUZ12,SEC31A,0
MYBL2,FAT1,0
PRDM14,GGA2,0
MEF2C,TWIST1,0
SUZ12,APAF1,0
CBX8,BMPER,0
MYBL2,RMND5B,0
OTX2,LDLR,0
SMAD7,KAT2B,0
ESRRB,TCF7L2,0
SUZ12,SLC7A7,0
AES,SLC25A22,0
MYC,SQSTM1,0
TCEA3,SOS2,0
NRIP1,SRI,0
MEF2C,ZBTB10,0
SUZ12,ETV5,0
ESRRB,RFXAP,0
ZFAND3,SUN1,0
NRIP1,MAPK8,0
RHOX6,SAP30,0
RHOX6,SIDT2,0
TCF7L2,ATF3,0
SALL4,KHDRBS1,0
POU5F1,MME,0
SOX2,PRKAB1,0
GATA3,SLCO3A1,0
TCF7L2,FOXP1,0
AES,S100A6,0
EOMES,HDAC4,0
TBX3,MSH6,0
JARID2,ANXA2,0
ZFAND3,SNAI1,0
SOX2,GLS,0
CBX8,ARID1A,0
NR0B1,PDGFRA,0
SALL4,GNPTAB,0
EOMES,TMEM9,0
MYCN,WDR45,0
SALL4,ASS1,0
NRIP1,ZFP277,0
MYCN,RBBP7,0
SMAD4,CTH,0
SMAD7,ETV1,0
NR0B1,ZFP219,0
ESRRB,ENAH,0
ZFP42,SNX25,0
MYBL2,MAN1A,0
ESRRB,SERBP1,0
MYC,HSF2,0
NRIP1,FBP2,0
NR5A2,TIMP3,0
MYCN,AARS,0
SOX17,RHPN1,0
ZFAND3,KANK3,0
ZFP42,DDX58,0
MEF2C,NR2F2,0
SOX2,SURF4,0
NRIP1,LEFTY2,0
ZFP42,PCBP2,0
NR5A2,UAP1,0
AES,CENPV,0
MEF2C,HELLS,0
NANOG,HDAC7,0
SMAD7,POU5F1,0
TCEA3,POLR3B,0
JARID2,PLAUR,0
SOX17,COX7A1,0
SMAD7,CD63,0
EOMES,MYO6,0
RHOX6,FRRS1,0
MYCN,HSP90B1,0
PRDM14,TAF5,0
ZFP281,ZFP600,0
MYCN,ASAH1,0
FOXJ2,SLC16A6,0
SMAD7,KHDRBS1,0
EOMES,TXNDC12,0
MYC,E2F6,0
MYC,F3,0
ZFAND3,TGFBR3,0
MYC,LRRK1,0
MYCN,MCM2,0
ZFAND3,GLDC,0
MSC,CRIP2,0
NR5A2,CBX8,0
NANOG,ACADM,0
MYC,OAT,0
NRIP1,HK2,0
SOX17,SCMH1,0
ESRRB,ZHX3,0
PRDM14,FOXA2,0
NR0B1,SIN3B,0
AES,DKC1,0
AES,TRIM24,0
MEF2C,PPP2R5A,0
ZFAND3,KLF15,0
PRDM14,KLB,0
NRIP1,LMO4,0
SUZ12,ZFP367,0
TCF7L2,SSBP4,0
ZFAND3,RRBP1,0
MEF2C,ZYX,0
KLF4,SDC4,0
MSC,UBTF,0
ETV3,PMM1,0
NR5A2,TPM4,0
TBX3,CRABP2,0
ZFP42,CFC1,0
NRIP1,PRPS2,0
SMAD4,ZFP42,0
ESRRB,SALL4,0
MYBL2,ARID5B,0
JARID2,RNPEP,0
NR0B1,DIDO1,0
AES,SAT1,0
JARID2,INSIG1,0
AES,MCM3,0
OTX2,RNF2,0
OTX2,BIN1,0
FOXJ2,THBD,0
NR0B1,ARPC1B,0
NRIP1,PAX1,0
MEF2C,CRTAP,0
GATA3,RRP1B,0
NANOG,UBQLN2,0
MYC,NCAPD2,0
SOX2,EIF4EBP1,0
MYBL2,MAGED1,0
OTX2,ZDHHC15,0
MEF2C,POU2F1,0
ETV3,COL4A1,0
SALL4,SNORD87,0
TCF7L2,RFX5,0
TCEA3,NDRG1,0
ZFP42,SOD1,0
ZFP42,VIM,0
NR5A2,SOCS2,0
NANOG,SLC25A4,0
NANOG,PHF14,0
RHOX6,TIMP2,0
MYCN,KHDRBS1,0
OTX2,ATP6V0A1,0
NR0B1,SMAD7,0
SMAD4,HMGA2,0
EOMES,ODC1,0
FOXJ2,GLDC,0
SMAD7,SLC16A1,0
MYC,COTL1,0
JARID2,TMED2,0
MYC,UCHL1,0
SALL4,JARID2,0
AES,IFITM3,0
AES,FNDC3B,0
ZFP42,REV1,0
ZFP281,SYNE2,0
ESRRB,GRHL1,0
RHOX6,ADAMTS9,0
ZFAND3,ELF3,0
MYC,KDM3A,0
SOX2,RPS6KA6,0
EOMES,CALR,0
TCEA3,4930402H24RIK,0
MYC,ILK,0
ESRRB,ZFPM1,0
MYCN,EZH2,0
TCEA3,RDM1,0
MYCN,MAPK13,0
NRIP1,FZR1,0
NANOG,EFEMP2,0
TCEA3,SLC25A39,0
SMAD4,ECHDC2,0
ETV3,LDHB,0
POU5F1,TAF9,0
PRDM14,ARPC1B,0
MYCN,TDH,0
MYC,LAMP2,0
ETV3,CCND2,0
MYC,TCF15,0
KLF4,PRKAB1,0
ZFAND3,TDGF1,0
ZFP281,FXYD3,0
OTX2,USP3,0
POU5F1,AHCY,0
ZFAND3,MYC,0
RHOX6,ITGAV,0
MSC,ZFP768,0
NR0B1,MCM10,0
MYCN,MLXIPL,0
TCF7L2,SH3PXD2B,0
NR5A2,SLC25A4,0
JARID2,HIST1H2BB,0
PRDM14,FGFR3,0
MYCN,NXF7,0
RHOX6,ME1,0
SMAD4,GNG2,0
TCF7L2,TRIM25,0
TCEA3,TET2,0
SMAD7,CLN6,0
PRDM14,SLC38A2,0
ZFAND3,NUPR1,0
MEF2C,PHF14,0
SUZ12,KDM3A,0
MYBL2,FBLIM1,0
SMAD7,OBSL1,0
PRDM14,TCL1,0
PRDM14,RASGRP2,0
CBX8,ESRRA,0
ZFP281,EBF4,0
AES,BIN1,0
PRDM14,QDPR,0
ZFAND3,DCTPP1,0
FOXJ2,TBL1X,0
MYC,S100A6,0
TCEA3,FABP3,0
ESRRB,NFE2L1,0
TCEA3,VIM,0
MYBL2,SOCS2,0
ETV3,RPP25,0
ESRRB,ELAVL2,0
EOMES,MSL3,0
RHOX6,SMARCD1,0
TCF7L2,KRT8,0
SOX17,IDI1,0
AES,ZBTB43,0
PRDM14,SRM,0
ZFP281,ZFP219,0
NR5A2,SMARCD1,0
FOXJ2,DUSP3,0
MSC,LAMP1,0
TBX3,ZFPM1,0
MYCN,ANKRD49,0
TBX3,E2F6,0
EOMES,IFI30,0
JARID2,SALL1,0
TCF7L2,MYBBP1A,0
CBX8,CTBP1,0
JARID2,NR1D2,0
MYC,GSR,0
SMAD7,CCND1,0
TCEA3,ESPL1,0
ZFAND3,ME1,0
ETV3,AGPAT4,0
SMAD4,FOXN3,0
SMAD4,ARNT2,0
SALL4,PATZ1,0
ZFP281,FRMD4A,0
ZFP42,PITX2,0
MYC,TTF2,0
CBX8,PLXNA1,0
NRIP1,INSIG1,0
MYCN,ZFP768,0
SUZ12,TAX1BP3,0
ZFAND3,FOXD3,0
MYC,SETD7,0
NANOG,SNX2,0
MYCN,RAD54B,0
FOXJ2,MAGED1,0
SOX2,PCBD1,0
KLF4,TCOF1,0
NR0B1,NFIL3,0
OTX2,COL18A1,0
NRIP1,UAP1,0
TCF7L2,PDIA5,0
MYBL2,NASP,0
ESRRB,PCNA,0
SMAD7,ACP6,0
SUZ12,ZFP277,0
SMAD7,TRIM28,0
TCF7L2,MAPKAPK2,0
MEF2C,KLF6,0
TCEA3,EGR1,0
ZFAND3,SNRPN,0
NRIP1,CMKLR1,0
SOX17,KDELR2,0
MEF2C,SIDT2,0
OTX2,PLXNB2,0
POU5F1,GABPA,0
CBX8,SNHG3,0
POU5F1,ETV6,0
MYBL2,P4HA2,0
MEF2C,PDK1,0
ZFP281,FOXN3,0
CBX8,PLA2G1B,0
TCF7L2,LEFTY1,0
ZFP281,IFITM1,0
ZFAND3,VEZF1,0
SMAD7,MCM3,0
ZFAND3,PLAT,0
NR0B1,GRHL1,0
OTX2,POU4F1,0
RHOX6,D230025D16RIK,0
ZFP281,ESRRA,0
MEF2C,RNPEP,0
MEF2C,SERPINB6A,0
ZFP42,USF1,0
PRDM14,ZBTB43,0
TCF7L2,TRIB3,0
KLF4,SORD,0
NANOG,STAT5A,0
NANOG,ELF2,0
RHOX6,L1TD1,0
SALL4,SURF4,0
NRIP1,ATF5,0
RHOX6,MTA3,0
EOMES,RELA,0
MEF2C,GTF2I,0
AES,HOPX,0
ESRRB,SGK1,0
ZFP281,GLIPR1,0
GATA3,ESRRA,0
NR0B1,ZBTB3,0
TBX3,DENND2C,0
SUZ12,EMX2,0
SOX17,HNF1B,0
SMAD7,LAMA5,0
ZFAND3,VCAN,0
CBX8,TAF9,0
CBX8,NME2,0
ETV3,TEAD3,0
SALL4,EIF4A-PS4,0
MEF2C,LHX2,0
OTX2,POU4F2,0
ZFP281,LAMA1,0
MEF2C,ZFP36L1,0
ZFP42,HSPA5,0
NR5A2,MAPKAPK2,0
TCEA3,TRIB3,0
SMAD4,NFXL1,0
PRDM14,TGFB1I1,0
SOX17,SMAD2,0
SOX17,ELAVL2,0
AES,APOBEC3,0
TCF7L2,ZBTB3,0
KLF4,ATF6,0
CBX8,HIST1H1A,0
SUZ12,PRDX1,0
SOX17,ODC1,0
AES,USP3,0
NR5A2,BIN1,0
JARID2,CHN2,0
MYCN,LOXL2,0
ZFP281,FGFR4,0
ZFAND3,SEC31A,0
SALL4,HSPB1,0
TCF7L2,BAZ1A,0
MYBL2,ATP1B1,0
ZFP42,ULK1,0
MSC,SLC26A10,0
NRIP1,KDELR2,0
EOMES,MCM3,0
JARID2,TMSB4X,0
SUZ12,HIF1A,0
ZFAND3,FOXN3,0
ZFAND3,VEGFA,0
SUZ12,PTPN14,0
FOXJ2,HIRIP3,0
SMAD4,SATB1,0
MEF2C,SLC7A3,0
MYCN,ZFHX3,0
MEF2C,MKX,0
SALL4,CDC20,0
AES,CSRP1,0
MYBL2,ZEB2,0
NR5A2,TULP3,0
SUZ12,TRIM24,0
PRDM14,PHC1,0
SOX17,IMPDH1,0
KLF4,AHCY,0
SMAD4,NDRG4,0
ZFP281,ACADM,0
ETV3,MYBBP1A,0
AES,SNAPC3,0
ESRRB,PLAUR,0
JARID2,CLN6,0
ETV3,MTF2,0
FOXJ2,RMND5B,0
AES,ARID5B,0
ETV3,GM13597,0
JARID2,COL4A1,0
MYBL2,BTG1,0
ZFAND3,MAML3,0
FOXJ2,DDX20,0
ESRRB,SLC7A3,0
MEF2C,ZSWIM4,0
AES,ZBTB39,0
MSC,LAMB1,0
POU5F1,SHKBP1,0
OTX2,GCLM,0
TCEA3,SLC6A8,0
NR5A2,ZSWIM4,0
MYCN,POLE4,0
MEF2C,KRT42,0
SOX2,RNF14,0
SUZ12,TAF6,0
KLF4,RAD51,0
MYC,UPP1,0
ZFAND3,NPHS1,0
ZFP42,TMEM150A,0
ETV3,APP,0
MYC,SNAPC3,0
ZFAND3,PITPNC1,0
MEF2C,GLUL,0
FOXJ2,NOTUM,0
RHOX6,HSF2,0
ZFP42,FUT8,0
MYCN,BMP4,0
SMAD7,ZFP276,0
SMAD4,PRDM1,0
SOX2,TOX4,0
SUZ12,ICAM1,0
SOX17,RBBP4,0
ZFP281,SOS2,0
FOXJ2,LEFTY2,0
MSC,TADA3,0
SMAD4,SUN2,0
MYCN,SPOCK1,0
RHOX6,ZFP710,0
POU5F1,PSME2,0
OTX2,BACH2,0
ESRRB,ZFP398,0
SMAD4,UBE2C,0
FOXJ2,REV1,0
FOXJ2,LHX2,0
TCEA3,IRF6,0
SMAD7,DTX1,0
SUZ12,CTNNAL1,0
JARID2,NOTCH4,0
ETV3,TXNDC5,0
NRIP1,PSAP,0
MYC,GORASP2,0
SMAD7,CLDN6,0
NR5A2,TAF5,0
JARID2,ATF6,0
TCF7L2,NFIA,0
NR5A2,BTG2,0
FOXJ2,ENAH,0
ZFP42,HIST1H2BB,0
NRIP1,FGFR3,0
MYCN,SFMBT2,0
SOX17,AIRE,0
MSC,ELK4,0
SOX17,GALK1,0
NANOG,ELF4,0
SOX17,DNMT3A,0
TBX3,NRG2,0
SMAD4,L1TD1,0
NRIP1,ASS1,0
ESRRB,FLRT3,0
POU5F1,UBQLN2,0
PRDM14,RDM1,0
ZFP281,EFEMP2,0
PRDM14,TUBB6,0
MSC,RBBP7,0
SOX17,RFXAP,0
SUZ12,DDX54,0
NR0B1,CYBA,0
TCF7L2,RNF2,0
SOX17,HES6,0
AES,CALD1,0
TCF7L2,SUB1,0
ZFP42,ATF7,0
ZFAND3,TUBB6,0
POU5F1,ZFP91,0
ESRRB,PLOD2,0
JARID2,LAD1,0
TCF7L2,FRRS1,0
MYC,HDAC11,0
ZFP281,ZFP36L1,0
MYBL2,TAF1,0
MYCN,SURF4,0
ESRRB,DUSP3,0
ZFP42,FHL2,0
NRIP1,GRB10,0
SMAD7,EIF4EBP1,0
NR0B1,CSRP1,0
TCEA3,BNIP3,0
CBX8,PRDM5,0
CBX8,TCF20,0
ZFP42,CCNB1,0
ZFAND3,PGA5,0
EOMES,NASP,0
SOX2,L3MBTL2,0
SMAD4,REST,0
TCEA3,5031439G07RIK,0
NANOG,FBP2,0
JARID2,CALU,0
ZFP281,SEC31A,0
OTX2,ME1,0
ZFAND3,SLC6A6,0
SMAD4,TMEM231,0
KLF4,TOX4,0
RHOX6,MYBL2,0
TCF7L2,TGFB1,0
ETV3,LY6G6E,0
CBX8,EIF4A2,0
MYBL2,5031439G07RIK,0
SOX17,SFMBT2,0
TCF7L2,PXDN,0
SMAD4,MCM10,0
PRDM14,OTX2,0
NRIP1,GLIS2,0
NR5A2,TUBB6,0
MYC,SHF,0
TBX3,SMARCD1,0
KLF4,ATP13A3,0
ZFP281,SCMH1,0
SALL4,HSPH1,0
GATA3,TOP2A,0
OTX2,FXYD6,0
ZFP42,ODC1,0
AES,CSF1,0
ETV3,MSL3,0
OTX2,HDAC11,0
MYC,TAGLN2,0
CBX8,KLF13,0
PRDM14,TMEM9,0
KLF4,MBD2,0
EOMES,SREBF1,0
ESRRB,SDF2L1,0
ESRRB,APBB1,0
ETV3,ZFP423,0
MYC,HSBP1,0
NRIP1,RERE,0
ZFP42,TEAD3,0
NRIP1,LPCAT1,0
CBX8,TAF5,0
ZFP281,RB1,0
ESRRB,DUSP6,0
ZFAND3,PER1,0
NR5A2,MT1,0
MYC,FOXO1,0
TBX3,EFEMP2,0
RHOX6,SEMA4C,0
AES,CR1L,0
SOX2,RCN3,0
ZFP42,TSPAN4,0
MYC,TINAGL1,0
JARID2,LASP1,0
SOX2,DDIT3,0
OTX2,CFC1,0
AES,TEX264,0
OTX2,RPS6KA6,0
SOX2,HABP2,0
TCF7L2,NKTR,0
RHOX6,SOCS2,0
MYCN,SLC6A8,0
ZFP281,SHF,0
MSC,FOXO3,0
JARID2,GAS6,0
SOX17,RB1,0
RHOX6,HSPA5,0
MSC,CBX7,0
ESRRB,POU5F1,0
CBX8,RPP25,0
PRDM14,SIX5,0
GATA3,KLF9,0
SMAD7,TET1,0
TBX3,CTSD,0
SMAD7,PAX1,0
ZFP281,RASGRP2,0
GATA3,MCM2,0
KLF4,MSX2,0
AES,MPZL2,0
GATA3,RDM1,0
ZFAND3,SRI,0
AES,TFRC,0
MEF2C,WDR1,0
JARID2,MBD2,0
FOXJ2,L3MBTL2,0
ESRRB,F3,0
ZFP42,TDGF1,0
SALL4,ATG16L2,0
SUZ12,PSAP,0
SMAD4,EHD1,0
SMAD7,NCAPD2,0
TBX3,TGFBR3,0
NANOG,POLR1C,0
NANOG,DCTPP1,0
SOX2,SNORD87,0
NANOG,TBX18,0
NANOG,FZR1,0
GATA3,TFAP4,0
TCF7L2,HDGF,0
SUZ12,NR2F6,0
NRIP1,TRIM24,0
ZFP42,DKK1,0
SUZ12,ZFYVE21,0
NR0B1,ID4,0
ZFP42,PARP1,0
FOXJ2,DDX58,0
KLF4,NR2C1,0
NANOG,AFF1,0
KLF4,KDM5B,0
ZFP42,SATB2,0
SMAD4,ZBTB38,0
CBX8,LPCAT1,0
ETV3,ILDR1,0
MSC,EIF4A-PS4,0
SMAD4,MEG3,0
MSC,ELL3,0
POU5F1,LDB1,0
SOX2,KAT2B,0
TCF7L2,RHPN1,0
ZFP281,FOXH1,0
OTX2,DTX1,0
TBX3,MORC4,0
KLF4,SCMH1,0
NANOG,MCM7,0
SMAD7,HDAC4,0
CBX8,RFXAP,0
SOX17,UHRF1,0
SOX2,NFKBIA,0
NR0B1,ME1,0
EOMES,DDIT3,0
MEF2C,MKRN1,0
FOXJ2,PLAG1,0
SMAD4,PDLIM1,0
MYBL2,PSAP,0
ZFP42,VAMP8,0
AES,ZFP462,0
RHOX6,POLR2A,0
SUZ12,SPARC,0
NRIP1,CDC42SE2,0
TCEA3,KCNG1,0
MYBL2,RUNX3,0
MSC,HIST1H2BN,0
SOX17,ZFP277,0
CBX8,TRIM13,0
GATA3,SMAD2,0
NR5A2,POU6F1,0
PRDM14,FXYD6,0
AES,CBX7,0
TBX3,ERLIN1,0
PRDM14,MSX2,0
TCF7L2,CTH,0
ZFP281,CNN2,0
AES,TEAD4,0
SOX17,PIAS2,0
SMAD4,SLC1A5,0
AES,RFFL,0
JARID2,TRIP11,0
TBX3,NCOA3,0
SOX17,P4HA1,0
KLF4,CR1L,0
ESRRB,DAP,0
SMAD4,ZBTB10,0
MYBL2,KLF9,0
AES,SNHG3,0
ZFP42,MCM10,0
MYC,SMURF1,0
MEF2C,MFSD1,0
SOX17,TGM1,0
RHOX6,SNHG3,0
SMAD4,CSRP2,0
PRDM14,GSR,0
MYCN,ABTB1,0
PRDM14,HIF3A,0
PRDM14,RBPMS2,0
SALL4,ARHGAP32,0
SMAD7,MTF2,0
SMAD7,ELF3,0
MYCN,TET1,0
SOX17,FZR1,0
POU5F1,PRRX2,0
ESRRB,RBL1,0
ETV3,SRGN,0
MYC,FOXP1,0
CBX8,TPD52,0
JARID2,FBLIM1,0
POU5F1,TNFAIP3,0
MEF2C,NOP56,0
NRIP1,SIN3B,0
OTX2,POLR3F,0
PRDM14,NKRF,0
SMAD4,MEIS1,0
FOXJ2,DCXR,0
TCEA3,ARL6IP5,0
TCF7L2,RFX2,0
TBX3,ZIC3,0
OTX2,VCAN,0
ZFAND3,OBSL1,0
AES,PLXNB2,0
NR0B1,RHOX5,0
ESRRB,GCNT1,0
TCF7L2,FNDC3B,0
NANOG,NOP56,0
MYBL2,PDK1,0
MYC,ACTG1,0
MYCN,SUN2,0
ZFP281,ODC1,0
JARID2,YAF2,0
JARID2,PTPN14,0
EOMES,HMGXB4,0
POU5F1,ATP6V0A1,0
NANOG,ME1,0
FOXJ2,BRD7,0
SMAD4,TPM4,0
KLF4,TSPAN4,0
ZFAND3,TMED2,0
SOX17,LAMB1,0
ETV3,SERPINB6A,0
CBX8,KDELR3,0
POU5F1,DDB2,0
ZFP281,PIAS2,0
EOMES,IGFBP2,0
RHOX6,SNHG12,0
SOX2,MCM10,0
AES,PCSK6,0
OTX2,ZFYVE21,0
JARID2,SLC12A4,0
JARID2,PSIP1,0
OTX2,KLF10,0
KLF4,FZR1,0
ZFP42,ARPC1B,0
NANOG,FRRS1,0
SALL4,EZH2,0
SOX17,FGFR4,0
CBX8,EIF4A-PS4,0
MYCN,ARPC1B,0
SUZ12,PDE4DIP,0
GATA3,CALU,0
SOX2,NOTCH1,0
ETV3,RBM47,0
NR0B1,ZFP423,0
NR5A2,AARS,0
KLF4,ELF4,0
NRIP1,RBL1,0
NRIP1,TSHZ3,0
FOXJ2,PER1,0
AES,ILF2,0
MEF2C,RASGRP2,0
NANOG,TOX3,0
TCF7L2,IFITM1,0
TCEA3,P4HA1,0
TCEA3,PARVB,0
AES,RMND5B,0
GATA3,CAR2,0
FOXJ2,KRT19,0
ESRRB,ZFP91,0
MYBL2,EIF4A-PS4,0
ESRRB,DPPA2,0
ZFP281,DUSP6,0
TCF7L2,TMED2,0
OTX2,SIDT2,0
CBX8,RFX5,0
ZFAND3,IRF1,0
CBX8,ZIC3,0
MYCN,PAX8,0
POU5F1,LPCAT1,0
SALL4,AI506816,0
NRIP1,CENPV,0
FOXJ2,KRT42,0
SMAD4,CLIC1,0
ZFP42,AKAP12,0
SMAD4,AHNAK,0
SMAD4,KEAP1,0
ZFAND3,TRIB3,0
SOX17,NANOG,0
ZFP281,PDGFRA,0
TCEA3,ZFP42,0
SMAD7,ATP13A3,0
CBX8,RHOX5,0
JARID2,KIT,0
SOX17,RUNX3,0
OTX2,ZEB1,0
MYCN,RANBP17,0
MYBL2,GNAS,0
MEF2C,AHNAK,0
NANOG,PURA,0
ZFAND3,TWIST1,0
KLF4,SOX7,0
SUZ12,IFITM2,0
NR0B1,HDGF,0
ESRRB,RBBP7,0
SMAD7,XRCC5,0
NR0B1,KRT18,0
MYC,PLXNB2,0
ZFAND3,EPHA4,0
ZFAND3,MCM2,0
NR5A2,MYD88,0
RHOX6,BNIP3,0
ZFP281,KLF15,0
SALL4,NFE2L1,0
MYBL2,SURF4,0
ETV3,SIDT2,0
MYCN,SOX7,0
CBX8,ZFP281,0
NR0B1,TCF7,0
MYCN,WDFY1,0
JARID2,GOT1,0
AES,EED,0
OTX2,DDX54,0
CBX8,ISYNA1,0
SMAD4,TEAD1,0
EOMES,TBL1X,0
MSC,HEXIM1,0
SMAD7,CTBP1,0
OTX2,TRP53,0
PRDM14,NACC1,0
PRDM14,SEC31A,0
ZFP281,ZFP398,0
JARID2,HIST1H3H,0
POU5F1,SUB1,0
EOMES,L3MBTL2,0
FOXJ2,AES,0
MYCN,MYO6,0
CBX8,DNAJC10,0
NANOG,SUN2,0
OTX2,GTF2I,0
ESRRB,RDM1,0
SOX17,SAP30,0
MYC,ITGA6,0
OTX2,MCM4,0
SUZ12,JARID2,0
TCF7L2,BEX1,0
MYCN,SHF,0
SOX17,CNDP2,0
MYBL2,ASAH1,0
RHOX6,HSF2BP,0
ZFAND3,RB1,0
ZFP281,MAPKAPK2,0
ESRRB,PEG10,0
SMAD4,H1F0,0
ZFAND3,FBLIM1,0
SOX2,ING3,0
FOXJ2,FN1,0
SMAD4,PLA2G1B,0
RHOX6,SLC7A7,0
NR0B1,RLIM,0
FOXJ2,MCAM,0
ZFP42,HNRNPAB,0
ZFP281,MLLT1,0
OTX2,NSD1,0
ZFAND3,AKR1B3,0
FOXJ2,RPL5,0
KLF4,IRF4,0
SUZ12,SFPQ,0
AES,LDLRAP1,0
MYC,ZBTB10,0
AES,PRDM14,0
ETV3,MCFD2,0
ETV3,SP8,0
GATA3,MCM6,0
RHOX6,MYBBP1A,0
SMAD7,NIPSNAP1,0
AES,PTPN14,0
MYBL2,NFIA,0
MSC,HSPH1,0
JARID2,B2M,0
ZFP42,SALL4,0
SMAD7,SEMA4C,0
TCEA3,ZSWIM4,0
CBX8,CDCA7,0
GATA3,DPPA4,0
ZFP281,L3MBTL2,0
EOMES,GRIN1,0
MSC,SSBP4,0
CBX8,MED12,0
MYC,FNDC3B,0
SOX2,EED,0
NANOG,ARNT2,0
AES,IRF4,0
ESRRB,NOP56,0
SUZ12,KDM5B,0
TCF7L2,SPRY4,0
TCEA3,ARHGEF5,0
ESRRB,TGIF1,0
SUZ12,MYBBP1A,0
ZFAND3,MAML1,0
MSC,SOCS2,0
MSC,NFIB,0
KLF4,ECT2,0
SMAD7,MYCN,0
JARID2,TXNDC12,0
MSC,PURA,0
MSC,PTPN14,0
KLF4,MTHFD2,0
ZFP281,MCM10,0
MEF2C,PIK3R1,0
KLF4,BRD7,0
MEF2C,OTX2,0
MSC,KLF9,0
MYC,SIX1,0
RHOX6,KRT42,0
ZFP281,CNOT6L,0
TCF7L2,RDM1,0
TBX3,TRPS1,0
RHOX6,LGALS3,0
FOXJ2,LTBP4,0
NR5A2,L1TD1,0
NR5A2,DNMT1,0
MYC,TSHZ3,0
EOMES,PARP1,0
ETV3,CMKLR1,0
FOXJ2,MOV10,0
TCEA3,ZFP768,0
MYC,ZFP296,0
SOX17,ZFYVE21,0
RHOX6,OPLAH,0
NR0B1,CTBP2,0
MEF2C,GNRH1,0
RHOX6,RHOX5,0
JARID2,MAN1A,0
SMAD7,AQP8,0
NANOG,PBXIP1,0
JARID2,MDK,0
SOX2,GLIPR1,0
OTX2,LRPAP1,0
SOX17,TAF1,0
ZFP281,GLI2,0
CBX8,ASH1L,0
POU5F1,UHRF1,0
TCF7L2,ZFAND3,0
ETV3,SLC26A10,0
GATA3,CSF1,0
SUZ12,POU6F1,0
NRIP1,NFATC4,0
MYBL2,ITGA6,0
AES,GAS6,0
NR5A2,PDIA5,0
JARID2,NSMAF,0
NANOG,CD63,0
SALL4,GSTA4,0
OTX2,SERPINE2,0
ZFAND3,ARID3B,0
SALL4,PDLIM1,0
SUZ12,ZFP42,0
MSC,ELL2,0
ESRRB,CKB,0
FOXJ2,MAFK,0
NR5A2,TWIST1,0
MYC,VAMP8,0
TBX3,BRD7,0
SUZ12,MSI2,0
ESRRB,SOX2,0
MYCN,RENBP,0
OTX2,SOS2,0
NR5A2,EED,0
KLF4,KIT,0
AES,ARHGAP29,0
CBX8,SLC17A9,0
CBX8,NPL,0
TCF7L2,IRF4,0
OTX2,RBBP4,0
ZFAND3,MEF2A,0
MEF2C,TULP3,0
AES,RFX2,0
GATA3,HSP90B1,0
TCF7L2,RAI14,0
MEF2C,AQP3,0
SMAD7,ZFP398,0
OTX2,JARID2,0
SUZ12,DENND2C,0
AES,MCAM,0
NRIP1,RBMXL2,0
MYCN,LRRC8D,0
MSC,GABARAPL1,0
ESRRB,TUBB2B,0
PRDM14,LGALS3,0
EOMES,MCM2,0
SMAD4,DIDO1,0
RHOX6,TFAP4,0
ZFP281,RRP1B,0
RHOX6,SLC35F5,0
JARID2,GNRH1,0
GATA3,HSBP1,0
POU5F1,PLAT,0
EOMES,SMARCC2,0
OTX2,AKR1B3,0
SOX17,FAHD2A,0
OTX2,KDELR3,0
ETV3,ARHGAP29,0
NANOG,SEC23A,0
TCF7L2,NOTCH4,0
NRIP1,BTG2,0
MYCN,DAB2,0
NANOG,SIDT2,0
SMAD4,EFEMP2,0
SMAD4,PKNOX2,0
ZFP42,SPARC,0
RHOX6,CTNNBIP1,0
TCF7L2,SLC38A2,0
SALL4,SEC23A,0
GATA3,FXR2,0
MYC,OVOL1,0
SMAD4,CUBN,0
NR0B1,RAD54B,0
AES,ABCC5,0
NR5A2,ENAH,0
TBX3,BIN1,0
SOX17,HTRA1,0
ETV3,BASP1,0
SALL4,BRCA2,0
NR0B1,ID3,0
TCEA3,EHMT2,0
MYBL2,TAF6L,0
TCEA3,RNF14,0
PRDM14,CREB3L2,0
JARID2,SERPINH1,0
MYBL2,ETV3,0
MYCN,NFE2L2,0
MSC,DUSP6,0
TCEA3,FOXJ3,0
MEF2C,IDI1,0
MYBL2,HIST1H1B,0
SOX2,WDR45,0
ZFAND3,LRRC2,0
CBX8,KAT2B,0
NR0B1,SATB2,0
OTX2,IFITM1,0
NANOG,GABARAPL2,0
TBX3,ARHGEF5,0
FOXJ2,SDC4,0
TCF7L2,UAP1,0
PRDM14,POLR3F,0
SUZ12,CCNB2,0
NANOG,IFI30,0
NR5A2,NR2F2,0
MYBL2,RANBP17,0
TCEA3,GABARAPL1,0
POU5F1,D230025D16RIK,0
RHOX6,SMAD2,0
SOX17,HIST1H2AK,0
ZFP281,PLTP,0
ESRRB,NR1H2,0
NR5A2,ANKRD6,0
MEF2C,SNX1,0
EOMES,KDELR2,0
NANOG,DDX58,0
ZFP281,CLCN5,0
MYBL2,RBBP4,0
TCEA3,ITM2B,0
EOMES,PROS1,0
SMAD4,BMP6,0
NANOG,CREB3L2,0
SALL4,ZBTB43,0
NR0B1,UNG,0
NR5A2,STAT5B,0
NR5A2,HK2,0
MSC,NR1D1,0
NRIP1,GAA,0
TBX3,TSHZ3,0
NR0B1,TPM1,0
MYBL2,2810025M15RIK,0
MEF2C,TAF6,0
NRIP1,OBSL1,0
ZFP42,HNF4A,0
NR5A2,RAD54B,0
FOXJ2,UBQLN2,0
TBX3,VKORC1,0
SOX2,PHF14,0
OTX2,CDKN1A,0
OTX2,PIK3R1,0
MYC,ETV3,0
JARID2,HDAC7,0
NR5A2,FAM129B,0
ESRRB,TADA3,0
NR5A2,CRYAB,0
NR0B1,TAF9,0
ESRRB,ATF3,0
SALL4,HIST1H2BN,0
PRDM14,GALNT2,0
SALL4,SCMH1,0
MYBL2,ZFP398,0
MYCN,GJB3,0
NANOG,NFE2L2,0
MSC,PDIA5,0
SALL4,GABARAPL2,0
ESRRB,DKC1,0
NANOG,JARID2,0
MYBL2,BRCA1,0
NR5A2,SURF4,0
ZFP281,HIRIP3,0
OTX2,NRIP1,0
SOX17,FRMD4A,0
OTX2,PLAUR,0
MYC,FOXH1,0
FOXJ2,NFIL3,0
TCF7L2,MAML1,0
NANOG,BCAS3,0
FOXJ2,SNURF,0
ZFP42,MYBBP1A,0
MEF2C,MAGED1,0
POU5F1,XBP1,0
MEF2C,HES1,0
ZFAND3,MSX2,0
SALL4,PRDX1,0
GATA3,SLC25A36,0
FOXJ2,SMARCAD1,0
TBX3,CLCN5,0
MEF2C,NSMAF,0
TBX3,COL27A1,0
POU5F1,SNHG12,0
SMAD7,HEXIM1,0
MYBL2,CHN2,0
GATA3,CRAMP1L,0
NR0B1,USP3,0
SOX17,GLIPR1,0
SOX17,PROS1,0
ZFP281,STAT5B,0
SALL4,TBRG1,0
ZFAND3,PHF12,0
PRDM14,FOXO3,0
TCEA3,PLOD1,0
FOXJ2,MFSD1,0
SOX2,SDC4,0
NR5A2,BNC2,0
ZFP42,DAB2,0
POU5F1,GALNT2,0
MSC,LRRC8D,0
JARID2,FST,0
MYCN,SFI1,0
TCEA3,SLCO3A1,0
NANOG,HOPX,0
RHOX6,VCAN,0
MYCN,TRIM2,0
TBX3,RENBP,0
MYCN,GCLM,0
SMAD7,SIRT1,0
RHOX6,HNF1B,0
ETV3,SLC6A8,0
SUZ12,GGTA1,0
PRDM14,FGFR4,0
ZFP42,CREB3L2,0
POU5F1,TXNDC11,0
ETV3,PCBP2,0
TCEA3,NFATC1,0
ZFP281,TMEM9,0
CBX8,ZBTB43,0
ZFAND3,RANGRF,0
NRIP1,MAPK13,0
FOXJ2,HOXD13,0
SALL4,MGST3,0
MYCN,RNF14,0
MEF2C,SLC35F5,0
SMAD4,LAMB1,0
ZFP281,SOX15,0
TCEA3,AU018091,0
ZFAND3,SNHG3,0
PRDM14,PCOLCE2,0
MYBL2,ELL3,0
SOX17,STAT5A,0
MYCN,RPP25,0
NANOG,GTF2A1L,0
MEF2C,SEMA4C,0
RHOX6,SMAD7,0
MYBL2,BCAT1,0
NANOG,LAPTM5,0
NR0B1,AGPAT4,0
ZFP42,OVOL1,0
OTX2,SLC16A6,0
CBX8,SRM,0
PRDM14,CUL7,0
OTX2,MAN1A,0
FOXJ2,PDIA5,0
NRIP1,MDM2,0
MYBL2,ZEB1,0
SALL4,PSAP,0
MSC,CMKLR1,0
SMAD4,ST5,0
SOX2,CST3,0
ZFP281,PKNOX2,0
CBX8,F2R,0
TBX3,ZFP367,0
RHOX6,STARD10,0
MEF2C,RFXAP,0
ETV3,LHX2,0
TCF7L2,SATB1,0
GATA3,ID2,0
ESRRB,SLC9A6,0
RHOX6,FZR1,0
RHOX6,HES6,0
JARID2,XBP1,0
TCF7L2,MEIS1,0
ETV3,FBLIM1,0
ZFP42,PDK1,0
TCEA3,COL4A2,0
POU5F1,SETX,0
SOX17,HK2,0
SOX17,AHNAK,0
SUZ12,KANK2,0
EOMES,DCTPP1,0
ZFP281,PLAG1,0
NRIP1,SNX25,0
MYBL2,SMARCD1,0
NANOG,ERF,0
GATA3,DDX21,0
SOX2,ZBTB38,0
PRDM14,POLE4,0
ZFAND3,NR3C1,0
PRDM14,HK2,0
JARID2,SFPQ,0
KLF4,RBL1,0
MYC,ZFP36L1,0
TCF7L2,KAT2B,0
JARID2,LDLR,0
OTX2,GNG2,0
AES,JAM2,0
SALL4,BNIP3,0
SMAD7,5031439G07RIK,0
ZFP281,SRI,0
RHOX6,BEX1,0
KLF4,POU4F1,0
SALL4,SMS,0
SUZ12,EP300,0
NR5A2,XRCC5,0
NR5A2,NR4A1,0
SMAD7,STMN1,0
SOX17,RPL5,0
SUZ12,VILL,0
TCF7L2,NCOA6,0
NR0B1,SNHG12,0
EOMES,GLDC,0
SUZ12,GM13597,0
TCEA3,MCM7,0
AES,ZHX3,0
OTX2,BEX1,0
SUZ12,HOPX,0
TCF7L2,PLAT,0
SUZ12,TET1,0
JARID2,MSL3,0
SMAD4,PITX2,0
MYCN,SALL1,0
SALL4,TCN2,0
TBX3,KCNG1,0
NR5A2,NPAS2,0
MSC,MAPK13,0
ETV3,RBBP4,0
SOX17,STAT5B,0
CBX8,NCOA3,0
MYC,SKIL,0
SMAD4,BRCA1,0
MYC,ABCC5,0
OTX2,DNMT1,0
PRDM14,EYA1,0
TCF7L2,ZFPM1,0
PRDM14,MCM5,0
CBX8,RAI14,0
TBX3,PHF12,0
NANOG,ZFP281,0
NANOG,ARNTL,0
SOX2,SNORA62,0
MYBL2,TAF9,0
TCF7L2,TINAGL1,0
PRDM14,FOXQ1,0
TCF7L2,CRTAP,0
SALL4,SSBP4,0
EOMES,STAG3,0
NR0B1,SLC26A10,0
MSC,CNDP2,0
ZFAND3,HIST1H2AF,0
NR5A2,PAWR,0
POU5F1,HMGXB3,0
JARID2,CMKLR1,0
NR5A2,GGA2,0
ZFP42,GABARAPL2,0
ETV3,ELF3,0
SMAD4,EIF4EBP1,0
ZFP42,TOP2B,0
NR0B1,CNN2,0
MYCN,RNF19A,0
NR0B1,KDM5B,0
SALL4,PRDM14,0
MYBL2,SMARCC2,0
CBX8,FOXJ2,0
ETV3,TTC7,0
ZFAND3,FOXQ1,0
NR0B1,GNPDA1,0
ZFAND3,RDM1,0
NR5A2,SUN1,0
TBX3,USP3,0
ZFP281,SPARC,0
ZFP281,FUT8,0
SOX2,PTPN3,0
MYCN,DDX58,0
GATA3,SFPQ,0
POU5F1,UAP1,0
AES,NAGK,0
RHOX6,PRRX2,0
ZFP281,KRT17,0
ZFP42,ZBTB20,0
MSC,RENBP,0
NRIP1,PFAS,0
SUZ12,PROX1,0
ETV3,FOXD3,0
TCF7L2,H1F0,0
RHOX6,APOE,0
EOMES,TSHZ3,0
SMAD4,BTG2,0
SOX17,NACC1,0
MYC,GCNT1,0
FOXJ2,RERE,0
OTX2,ESPL1,0
EOMES,FRRS1,0
MYCN,FGFR4,0
OTX2,MARCKS,0
TBX3,CUX2,0
SOX2,TEX264,0
SOX17,TMEM9,0
RHOX6,PLA2G1B,0
ESRRB,GLI1,0
TCEA3,STAT5B,0
FOXJ2,HDAC7,0
FOXJ2,MED12,0
SUZ12,CSRP2,0
SUZ12,HIVEP2,0
TBX3,ASPH,0
JARID2,NEDD4,0
MSC,ZFP91,0
SMAD4,QDPR,0
TCEA3,QDPR,0
FOXJ2,ANK,0
SOX2,SUZ12,0
PRDM14,PLAG1,0
TBX3,FOXA2,0
NANOG,EMX2,0
MSC,SUB1,0
ZFP281,ETV6,0
CBX8,SPNS2,0
CBX8,MGST3,0
MEF2C,ST3GAL6,0
SMAD4,SERPINB6A,0
ZFP281,POU5F1,0
RHOX6,RPP25,0
RHOX6,SLC6A6,0
AES,EPHA4,0
NRIP1,ZBTB10,0
NR5A2,ASNS,0
RHOX6,POU5F1,0
KLF4,EIF4A2,0
FOXJ2,LDHB,0
NR0B1,SALL4,0
MYCN,HSF2,0
FOXJ2,PCBP2,0
SOX2,DKC1,0
ZFP42,CBX7,0
SOX17,SMARCD1,0
TCF7L2,SFPQ,0
ZFAND3,RENBP,0
KLF4,MCM2,0
SUZ12,EIF4EBP1,0
MYCN,MORC4,0
PRDM14,DIDO1,0
NANOG,SLC5A11,0
TCEA3,ZIC3,0
NANOG,HELLS,0
PRDM14,ATP6V0A1,0
ZFP42,PFKP,0
NR0B1,AQP8,0
NR0B1,CEBPZ,0
ETV3,UHRF1,0
TCEA3,KLF10,0
FOXJ2,HES1,0
RHOX6,SLC5A11,0
TCF7L2,CD63,0
ZFP281,JUN,0
RHOX6,GLUL,0
SMAD7,HIST1H2AF,0
TCEA3,PURA,0
PRDM14,MED12,0
NR5A2,EIF4A-PS4,0
TCF7L2,FAHD2A,0
ZFP42,AKR1B3,0
MYCN,TAF5,0
ZFP42,P4HB,0
SOX17,FOXJ2,0
SALL4,EPAS1,0
ZFP42,CDIPT,0
FOXJ2,TMSB4X,0
NRIP1,SEC24D,0
TCF7L2,NR4A1,0
ZFP42,TGIF1,0
MYC,GDPD5,0
NANOG,BCL3,0
JARID2,LAMC1,0
NRIP1,GPX3,0
ZFP42,ACTL6A,0
ESRRB,RNF2,0
NANOG,CDC20,0
TBX3,STARD8,0
ETV3,POU4F1,0
NRIP1,ZHX3,0
SUZ12,ID3,0
KLF4,HDGF,0
ETV3,TAGLN2,0
SUZ12,TUBA4A,0
FOXJ2,CSRP2,0
OTX2,GABPA,0
FOXJ2,SRM,0
SALL4,NOTCH1,0
MEF2C,ZFP600,0
ZFP42,ACTG1,0
FOXJ2,CUBN,0
MYCN,ARHGAP32,0
SOX2,ETV1,0
TCEA3,SEC24D,0
SALL4,FOXD3,0
NR0B1,ZBTB7A,0
MSC,F2R,0
SALL4,ETL4,0
SALL4,CTNNAL1,0
FOXJ2,ZFP600,0
ETV3,MAML1,0
NANOG,HEXIM1,0
OTX2,TCN2,0
SMAD7,CIC,0
SUZ12,EZH2,0
ZFAND3,CCNB2,0
ETV3,H1F0,0
TCF7L2,ANXA5,0
SALL4,AY036118,0
SMAD7,TNFAIP3,0
ZFP281,UHRF1,0
TBX3,BCAT1,0
ZFAND3,LPCAT1,0
FOXJ2,NUP210,0
NR5A2,ODC1,0
OTX2,RPL39L,0
AES,SMARCAD1,0
RHOX6,LY75,0
MYBL2,P4HA1,0
SALL4,MOV10,0
MEF2C,HSF2BP,0
AES,PHF14,0
MEF2C,RLIM,0
CBX8,ITGAV,0
KLF4,GLIPR1,0
MEF2C,MYBBP1A,0
FOXJ2,ITGA6,0
MYBL2,AKR1B3,0
SOX2,HIST1H2AF,0
OTX2,LGMN,0
SMAD4,SIDT2,0
ETV3,EFEMP2,0
MYBL2,ETV5,0
SALL4,LRRC1,0
OTX2,ELK4,0
SALL4,BTAF1,0
ZFP42,GLI2,0
SMAD7,FUT8,0
ZFP42,PRDM14,0
MEF2C,WDR45,0
MYBL2,TXNDC11,0
KLF4,FOXJ3,0
ETV3,TUBB6,0
NR0B1,GCLM,0
KLF4,CCNB2,0
RHOX6,CDCA7,0
SMAD4,SLC25A4,0
AES,IDI1,0
SALL4,TRIM13,0
ZFP281,ITGAV,0
TBX3,TRIM25,0
OTX2,PRDM14,0
CBX8,LEFTY2,0
SALL4,NIPSNAP1,0
NR5A2,TXNIP,0
SMAD4,TBRG1,0
SMAD7,NOTCH1,0
SMAD4,PAX8,0
SOX17,RRAS2,0
POU5F1,HK2,0
AES,FUT8,0
ESRRB,SMURF1,0
SOX17,ZFP423,0
NR0B1,NDRG1,0
RHOX6,ASH1L,0
NR5A2,GTF2A1L,0
TBX3,TTF2,0
ZFP42,MYO7A,0
MYBL2,VIM,0
RHOX6,GRAMD1A,0
SOX17,CSTB,0
CBX8,RIAN,0
RHOX6,GSTA4,0
SMAD4,FGFR3,0
PRDM14,HIST1H4K,0
TCF7L2,DENND2C,0
NR0B1,ACP6,0
ZFP281,BRD7,0
TCEA3,DCXR,0
TCEA3,SLC35F5,0
TBX3,GLUL,0
EOMES,COL4A2,0
TCEA3,RBL1,0
ZFP42,BCAT1,0
MYBL2,MLXIP,0
CBX8,SLC7A5,0
SMAD7,ASS1,0
CBX8,ERF,0
RHOX6,DCTPP1,0
AES,APP,0
OTX2,SPOCK1,0
NR0B1,NANOG,0
KLF4,AATF,0
MEF2C,DDX20,0
PRDM14,SMARCC2,0
KLF4,CFC1,0
FOXJ2,RCC2,0
MYCN,UHRF1,0
ZFP281,TRIP11,0
MEF2C,ZFP423,0
MEF2C,ANP32A,0
PRDM14,SNHG1,0
MEF2C,PSME2,0
MYC,KRT8,0
TCF7L2,VANGL1,0
RHOX6,GSN,0
NR5A2,ASPH,0
ZFP42,FBXO15,0
SMAD4,GATA3,0
MYBL2,IKBKB,0
JARID2,DEK,0
AES,ANP32A,0
MEF2C,SPNS2,0
SUZ12,RAB11A,0
ZFP42,ATP6V0A1,0
ZFP281,NCAPD2,0
ZFP42,POLR1A,0
SOX17,FGF4,0
EOMES,DNMT3A,0
ZFP281,DUSP9,0
ESRRB,ZBTB24,0
ETV3,BEX1,0
MYBL2,PFKP,0
TCF7L2,TET1,0
NANOG,GTF3C1,0
ZFAND3,MLXIPL,0
ZFP42,ZFP91,0
PRDM14,FZR1,0
TCEA3,PHF12,0
MEF2C,MPP1,0
TCEA3,SERTAD2,0
JARID2,CPM,0
NANOG,GGA2,0
SOX2,XAF1,0
GATA3,GHR,0
TCEA3,GNPTAB,0
RHOX6,PSME2,0
MYBL2,TRP53,0
NR5A2,PURA,0
JARID2,RHPN1,0
MYC,DDX20,0
SMAD4,HEY2,0
MEF2C,2200002D01RIK,0
TCF7L2,MAPK8,0
NR0B1,CHD7,0
SALL4,MSH6,0
ZFAND3,MYO6,0
MYCN,APOBEC3,0
PRDM14,EPS8,0
MSC,COL4A1,0
MYBL2,PLXNB2,0
SMAD4,XAF1,0
NR5A2,BCAS3,0
SMAD4,TAF5,0
SOX2,TNS4,0
SUZ12,TMEM9,0
TCF7L2,PARVB,0
ZFP281,ZFP42,0
ESRRB,ZFYVE21,0
GATA3,STMN1,0
ETV3,NOTCH2,0
KLF4,NOTCH2,0
JARID2,USP9X,0
CBX8,GGTA1,0
TBX3,RBBP7,0
CBX8,FGFR3,0
ZFAND3,TSHZ3,0
MEF2C,SLC6A6,0
MYCN,SNHG12,0
MEF2C,GHR,0
MYCN,KNTC1,0
OTX2,CTNNAL1,0
ESRRB,PIAS3,0
ZFP42,TCF20,0
OTX2,SIRT1,0
ZFAND3,APOBEC3,0
MYBL2,SLC17A9,0
NR0B1,EHD1,0
TCF7L2,TCF20,0
MYBL2,CTBP1,0
AES,ZFP768,0
AES,KDELR2,0
NR5A2,SYNE2,0
TCEA3,SLC12A4,0
SMAD7,SUN2,0
ESRRB,SMARCD1,0
MSC,PA2G4,0
ZFP42,PDE4DIP,0
ESRRB,MED21,0
TBX3,LRRC2,0
SOX2,HIST1H2AI,0
MSC,SHISA5,0
TBX3,LAMP2,0
CBX8,ETV4,0
TCF7L2,HIST1H1B,0
ZFP42,PCOLCE,0
SUZ12,COX7A1,0
POU5F1,PAX1,0
EOMES,POLR1A,0
MEF2C,MYBL2,0
NR5A2,RLIM,0
SUZ12,ALPL,0
NR0B1,HSPA8,0
SALL4,ZFP36L1,0
NR5A2,DTX1,0
NANOG,SNHG1,0
TCF7L2,ODC1,0
SUZ12,PITX1,0
EOMES,SLC17A9,0
AES,TSPAN4,0
JARID2,FUT8,0
TCEA3,KDM3A,0
POU5F1,CMKLR1,0
SMAD4,SOX2,0
ZFP281,TIMP2,0
SMAD4,HIST1H2BB,0
SOX17,NFIL3,0
SMAD7,YAF2,0
SUZ12,MSH6,0
NR5A2,EPS8,0
ZFP281,ZIC3,0
NR5A2,MDK,0
MSC,KLF6,0
CBX8,GDPD5,0
ZFAND3,IFI30,0
GATA3,SMARCC2,0
ETV3,NSD1,0
ESRRB,TCN2,0
CBX8,FABP3,0
MYC,DAP,0
TCF7L2,SIDT2,0
TBX3,NRG1,0
MSC,TRIP11,0
MSC,HIST1H2AC,0
ZFP281,ZFP710,0
NR0B1,E2F2,0
RHOX6,FABP3,0
ZFP42,TRIP11,0
TBX3,EP300,0
TCF7L2,ZFP296,0
ZFP42,NFIC,0
ZFAND3,CEBPZ,0
GATA3,MTA3,0
CBX8,PCBP2,0
NANOG,TEAD1,0
NR5A2,HIST1H2AC,0
SMAD4,CSTB,0
RHOX6,ALDH2,0
NR5A2,ARPC1B,0
NR5A2,EMX2,0
MYCN,ETV1,0
ESRRB,NFXL1,0
SMAD7,RARG,0
ZFP42,ZC3H7A,0
NANOG,NFXL1,0
MYBL2,SNHG12,0
RHOX6,PTH1R,0
SMAD4,GCLM,0
ZFP42,MYH9,0
SUZ12,STARD10,0
ETV3,TBRG1,0
NRIP1,ITGAV,0
GATA3,MYC,0
KLF4,ZBTB3,0
OTX2,TUBB2B,0
MSC,RAB3IL1,0
TCEA3,HMGXB4,0
ETV3,DTX1,0
EOMES,ZFP275,0
TBX3,ARL6IP5,0
NR0B1,JUN,0
ETV3,SLC7A3,0
CBX8,PIAS2,0
TCEA3,CCNE1,0
SMAD4,TTF2,0
EOMES,ABTB1,0
JARID2,CFC1,0
TCEA3,NASP,0
TCF7L2,EIF2S2,0
TBX3,TRP53BP1,0
CBX8,PTPN14,0
NR5A2,HES1,0
NR5A2,NKRF,0
ZFP42,NIPSNAP1,0
SMAD4,ACTL6A,0
ZFP42,EDEM1,0
SALL4,ICAM1,0
SMAD4,RHOX5,0
NANOG,PA2G4,0
SMAD7,ZFPM1,0
TBX3,RNF14,0
ETV3,ILF2,0
RHOX6,SOX2,0
ZFP42,ZBTB10,0
SOX17,ELF4,0
MEF2C,ICAM1,0
SUZ12,ARID3B,0
NR5A2,PITPNC1,0
NRIP1,STARD8,0
OTX2,RDM1,0
PRDM14,ZFP91,0
PRDM14,ANK,0
SMAD7,APBB1,0
TCEA3,RRBP1,0
ESRRB,TWIST1,0
MYBL2,FGF10,0
TCF7L2,ITPK1,0
MSC,GNG10,0
SUZ12,MYO18A,0
POU5F1,TCF20,0
CBX8,ZFP219,0
SMAD7,SLC16A6,0
TCEA3,HES6,0
NRIP1,PMM1,0
SALL4,2810025M15RIK,0
SMAD4,TRIM2,0
NANOG,ARHGAP1,0
POU5F1,CTSD,0
SUZ12,NACC1,0
AES,FGFR4,0
ESRRB,GAS6,0
RHOX6,SPRY4,0
ETV3,ZFP398,0
ESRRB,PCBD1,0
NANOG,MATR3,0
ZFP42,TGFBR3,0
SOX17,MME,0
MYC,ADAM19,0
SUZ12,PCOLCE2,0
PRDM14,RB1,0
NRIP1,SDC4,0
KLF4,SMARCA2,0
MSC,RARG,0
NR0B1,TPD52,0
MYCN,NDRG1,0
ZFP42,HSPA8,0
NANOG,FGF10,0
OTX2,IKBKB,0
TBX3,NME2,0
NR0B1,SLC7A3,0
OTX2,PFKP,0
TCF7L2,HSP90B1,0
FOXJ2,ETV1,0
SALL4,FOXA2,0
ZFAND3,FDPS,0
MYBL2,PURA,0
SMAD7,ALG13,0
MSC,ENAH,0
PRDM14,SATB2,0
GATA3,PTPN3,0
MSC,SLC25A39,0
SOX17,HSD17B14,0
CBX8,2200002D01RIK,0
AES,CBX8,0
AES,GTF2I,0
MYBL2,TMEM231,0
JARID2,EP300,0
NRIP1,ELL3,0
MEF2C,CLDN6,0
TCEA3,SMARCC2,0
ZFP281,NFATC3,0
MYC,COL18A1,0
MYBL2,DPPA4,0
SMAD7,ZBTB43,0
NRIP1,TBX18,0
ZFP281,FOXJ2,0
ETV3,TNS1,0
ETV3,LRRK1,0
SUZ12,TRIM13,0
ESRRB,CST3,0
NRIP1,FBXO5,0
TCEA3,NAGK,0
EOMES,POLR3B,0
MEF2C,NFXL1,0
NR5A2,ZFP42,0
MYCN,KLF13,0
SALL4,ATP13A3,0
MYC,TAF9,0
CBX8,SUZ12,0
RHOX6,PTPN14,0
EOMES,BRD7,0
KLF4,FHOD1,0
MYCN,PLTP,0
NANOG,ZFP398,0
PRDM14,PROS1,0
NRIP1,MCM4,0
MYBL2,GABARAPL2,0
SALL4,FN1,0
TCF7L2,HIST1H1D,0
SUZ12,ZFP36L1,0
GATA3,ARID5B,0
MYCN,ZBTB38,0
ZFP281,EP300,0
SMAD7,TMEM144,0
SMAD4,TIMP2,0
SOX17,ZDHHC15,0
AES,PITX2,0
SOX17,P4HA2,0
SMAD7,NKRF,0
TBX3,SUN1,0
ZFP42,GATA4,0
SOX2,LAMP2,0
TCEA3,SERPINE2,0
TCEA3,ZBTB32,0
AES,ELL3,0
SMAD7,POU4F2,0
TCF7L2,P4HA1,0
SMAD4,2200002D01RIK,0
SUZ12,HIST1H1A,0
SMAD4,AMFR,0
ESRRB,MYBBP1A,0
ZFP42,CALCOCO2,0
MSC,PDE4DIP,0
ZFP281,NSMAF,0
ESRRB,CDC42SE2,0
ZFP281,ZBTB32,0
MSC,NPL,0
EOMES,APP,0
ZFAND3,CSF1,0
NR0B1,ELK4,0
MYC,ITPK1,0
MYC,SLC20A1,0
MYBL2,CLDN6,0
ZFP281,THBD,0
SOX17,L1TD1,0
FOXJ2,GNG2,0
NANOG,CTNNBIP1,0
ZFP42,PIAS3,0
SMAD4,ELL3,0
MYBL2,LPCAT1,0
MEF2C,CDIPT,0
SMAD4,ATF6,0
ZFP42,FOXJ2,0
MYBL2,GM13597,0
MSC,HSF2BP,0
MYCN,RBPMS2,0
NRIP1,MYO1C,0
TBX3,JUN,0
MEF2C,SSBP4,0
MYC,JUND,0
GATA3,TWIST1,0
SOX17,ELF2,0
ZFP281,APAF1,0
PRDM14,GLIS2,0
TCEA3,OTX2,0
GATA3,SFI1,0
ZFAND3,SLC17A9,0
SOX2,SIN3B,0
MYC,NSMAF,0
NR0B1,ILF2,0
AES,FBXO15,0
MYC,HS3ST1,0
OTX2,HSPA5,0
FOXJ2,CITED2,0
NR0B1,NPHS1,0
EOMES,CHST15,0
SOX17,MKX,0
NRIP1,SUZ12,0
NR5A2,VEZF1,0
PRDM14,ADAM19,0
TCF7L2,CD9,0
ZFP281,SDCBP,0
NRIP1,CNOT6L,0
CBX8,HMGA2,0
SMAD4,PROS1,0
MYC,TCOF1,0
SALL4,GSR,0
AES,FOXO1,0
MSC,SOX7,0
SOX17,TET1,0
AES,SPNS2,0
ZFAND3,SNAPC3,0
NR0B1,DAB2,0
SALL4,MCM5,0
EOMES,SSBP4,0
FOXJ2,BRWD1,0
AES,SLC7A7,0
OTX2,RHPN1,0
RHOX6,KCNG1,0
ZFP281,NFATC2IP,0
NRIP1,KHDRBS1,0
SUZ12,DAP,0
TBX3,TGFB1,0
CBX8,LRRC2,0
SALL4,TCEA3,0
SMAD7,PIAS3,0
JARID2,ETS1,0
ZFP281,NPAS2,0
MYCN,PIK3R1,0
MEF2C,GNPDA1,0
GATA3,SALL4,0
OTX2,GNPTAB,0
NANOG,RCC2,0
ZFP42,HIST1H2AC,0
MYC,TXNDC5,0
TCF7L2,RIAN,0
AES,STAT4,0
FOXJ2,LDB1,0
CBX8,B2M,0
RHOX6,NOTCH4,0
MYC,CTSL,0
AES,AMFR,0
JARID2,HOOK1,0
GATA3,GRIN1,0
ZFAND3,GNG2,0
MEF2C,HDAC4,0
MYBL2,AHCY,0
MYCN,2810025M15RIK,0
ETV3,ETV4,0
NR5A2,TEAD3,0
OTX2,TBRG1,0
SOX2,ELF4,0
MSC,AQP8,0
SMAD7,TSPAN4,0
CBX8,SOX2,0
MEF2C,AU018091,0
OTX2,PEG10,0
MYBL2,MYO18A,0
POU5F1,LGMN,0
SMAD4,MAPK11,0
TCEA3,EZH2,0
SOX17,SUN2,0
SOX2,STT3A,0
NR0B1,ETS1,0
PRDM14,NR1D2,0
ZFAND3,PFAS,0
MYBL2,PLOD1,0
MYBL2,TEAD4,0
FOXJ2,EPHA2,0
SMAD4,ERF,0
ETV3,DAB2,0
MYBL2,GLI2,0
RHOX6,ZFP219,0
SOX17,NSMAF,0
EOMES,SERPINE2,0
MSC,GAA,0
JARID2,HIF1A,0
MSC,SIRT1,0
ESRRB,ISYNA1,0
KLF4,ESRRA,0
NR0B1,PDPN,0
SUZ12,SNORD87,0
ESRRB,FXYD3,0
ETV3,ERF,0
RHOX6,HIST1H1A,0
MSC,NCOA6,0
MYBL2,SLC6A8,0
ETV3,RCN3,0
NANOG,RAD54B,0
SMAD4,LIFR,0
ETV3,IFITM3,0
NRIP1,NR1D2,0
NR5A2,CRAMP1L,0
CBX8,FZR1,0
KLF4,MDN1,0
SOX17,NCAPD2,0
SMAD7,MAML3,0
ZFAND3,SLC38A2,0
AES,KAT2B,0
ZFP42,MANBA,0
ZFP281,DDB2,0
MEF2C,CAR4,0
NR5A2,SHKBP1,0
AES,PDE4DIP,0
SOX17,SLC25A22,0
MYC,GPX3,0
JARID2,ING3,0
ZFP281,MGST3,0
NANOG,PAX6,0
ETV3,SMARCA2,0
SMAD4,JARID2,0
NR5A2,5031439G07RIK,0
PRDM14,PRPS2,0
NR5A2,KDELR2,0
NRIP1,TMED2,0
ZFP42,MAML1,0
SUZ12,BAG2,0
NANOG,GLDC,0
GATA3,HSPA8,0
SALL4,ARL6IP5,0
OTX2,SDF2L1,0
SMAD7,GLUL,0
TBX3,HERPUD1,0
SUZ12,UBE2C,0
ZFP42,CENPV,0
SOX17,SLC26A10,0
MEF2C,DMRT1,0
SOX17,SPOCK1,0
MYCN,TOX3,0
RHOX6,IFITM1,0
SMAD7,GABPA,0
ZFP281,FDPS,0
SMAD4,AATF,0
MYCN,NFATC3,0
MYCN,MCM7,0
SOX2,DR1,0
MEF2C,NUPR1,0
SOX17,KIT,0
GATA3,ILF2,0
CBX8,OVOL1,0
ESRRB,JUND,0
MYBL2,TUBB2B,0
MYBL2,VEGFA,0
PRDM14,POLR3B,0
NR5A2,SHF,0
EOMES,RYBP,0
NR5A2,DIDO1,0
EOMES,YAF2,0
ETV3,APOE,0
ZFAND3,ZBTB43,0
MYCN,ME1,0
JARID2,NFXL1,0
ZFP42,ELL2,0
KLF4,TXNDC11,0
NR0B1,GORASP2,0
MYBL2,EOMES,0
CBX8,TPI1,0
ESRRB,ELK4,0
MYCN,TGFB1,0
SOX2,PSIP1,0
MEF2C,HS3ST1,0
ZFP42,NDRG1,0
NR5A2,ZEB1,0
EOMES,HDGF,0
RHOX6,SEC24D,0
TCF7L2,LPCAT1,0
POU5F1,AGPAT4,0
ZFP281,RIAN,0
ZFP281,PHC1,0
TCEA3,TFRC,0
AES,RARA,0
ESRRB,SLCO3A1,0
MYCN,GSTA4,0
ESRRB,POLR2A,0
ETV3,CTNNBIP1,0
ZFP281,PA2G4,0
SOX17,RPS6KA6,0
NR0B1,UHRF1,0
JARID2,HS3ST1,0
MYC,BRD7,0
AES,HERPUD1,0
TCF7L2,RANBP17,0
POU5F1,RFFL,0
SOX17,S100A6,0
FOXJ2,MFGE8,0
AES,IMPDH1,0
SALL4,VANGL1,0
SOX2,SMAD2,0
OTX2,CDC5L,0
SMAD4,CCND1,0
OTX2,XAF1,0
SOX17,LY6E,0
NR5A2,PKNOX2,0
ETV3,RIAN,0
SALL4,PLSCR1,0
SALL4,CD63,0
RHOX6,CKB,0
SMAD7,PDIA5,0
ZFP42,RHPN1,0
MSC,ATF4,0
AES,DPPA2,0
MYBL2,MDM2,0
CBX8,ABCC5,0
RHOX6,USP3,0
FOXJ2,DNAJC10,0
SMAD7,ARHGEF5,0
NANOG,CARHSP1,0
TCF7L2,CITED1,0
TCEA3,BCAT1,0
SUZ12,USF1,0
NR5A2,FBP2,0
PRDM14,ARID3B,0
PRDM14,MTF2,0
SOX17,HABP2,0
GATA3,NFIC,0
MSC,MDM2,0
GATA3,CNOT6L,0
FOXJ2,RFXAP,0
SUZ12,PURA,0
TBX3,CRTAP,0
ZFP42,PTPN14,0
NR5A2,ELAVL2,0
RHOX6,BTAF1,0
MYCN,KLF3,0
SMAD7,ST3GAL6,0
AES,PHLDA3,0
SOX2,ELF1,0
AES,SNX25,0
FOXJ2,LAMA1,0
RHOX6,CHCHD10,0
TBX3,HIST1H2AI,0
ZFP281,TMEM144,0
JARID2,CITED2,0
RHOX6,REV1,0
MSC,ZFP296,0
RHOX6,ITM2B,0
TCF7L2,MCM3,0
TBX3,CREB5,0
FOXJ2,PRDM1,0
NR0B1,SAP30,0
CBX8,HIST1H2AK,0
FOXJ2,MCM6,0
MEF2C,ZFP276,0
MEF2C,NRIP1,0
TBX3,MEG3,0
EOMES,ATF7,0
AES,DNMT3A,0
SALL4,POLR3F,0
TCEA3,TTC7,0
TCEA3,CTBP2,0
SOX17,SLC25A39,0
ESRRB,MEF2D,0
ESRRB,PFAS,0
MYC,ZSCAN10,0
JARID2,FXYD6,0
OTX2,AY036118,0
ETV3,AKR1B8,0
AES,IL33,0
NR5A2,ZBTB32,0
MEF2C,DKC1,0
NANOG,CCND3,0
RHOX6,MRAS,0
ETV3,HIST1H3H,0
ESRRB,RUVBL1,0
SUZ12,ELF3,0
RHOX6,P4HB,0
MYC,NR2F6,0
SOX17,KRT8,0
TCEA3,GNG10,0
RHOX6,TAF1,0
ETV3,CRABP2,0
RHOX6,STARD8,0
MSC,IER2,0
SMAD7,PDLIM1,0
MYBL2,LRPAP1,0
ESRRB,STAT5B,0
NR0B1,GCNT1,0
ZFAND3,TAF9,0
OTX2,ZBTB43,0
MYBL2,DAP,0
ZFAND3,ZBTB24,0
NR0B1,PSME2,0
ETV3,MAGED1,0
MYC,GGA2,0
ETV3,GALNT2,0
NANOG,LPCAT1,0
MEF2C,SMAD2,0
FOXJ2,ATP1B1,0
MSC,RBPMS2,0
MYCN,ID2,0
PRDM14,PCSK6,0
ESRRB,MCM10,0
MSC,CALD1,0
MYBL2,FAM102A,0
MEF2C,PDCD4,0
AES,HABP2,0
ZFAND3,HSPH1,0
KLF4,GNRH1,0
NR0B1,NRIP1,0
MYBL2,CNN2,0
PRDM14,BNIP3,0
SOX17,GAS6,0
EOMES,CCNB1,0
NR5A2,HDAC4,0
SOX17,FLRT3,0
SUZ12,OPLAH,0
SOX17,ECT2,0
MEF2C,SUZ12,0
KLF4,PDIA5,0
SALL4,HK2,0
NRIP1,GATA6,0
NRIP1,SLC38A2,0
MYBL2,MORC4,0
CBX8,APLP1,0
SALL4,SIRT1,0
RHOX6,FOXJ2,0
ETV3,LAMA5,0
SALL4,CAR2,0
FOXJ2,ZBTB32,0
FOXJ2,CBX8,0
SOX17,GABARAPL2,0
PRDM14,ESRRB,0
MYCN,FOXN3,0
SMAD4,TCF15,0
ZFP281,SNURF,0
NR0B1,NR1H2,0
PRDM14,ILF2,0
MSC,OBSL1,0
ZFP281,IRF6,0
ZFP281,SLC6A6,0
NR0B1,EDEM1,0
OTX2,ATG16L2,0
SMAD7,FGF4,0
ZFP42,SLC25A4,0
OTX2,ANXA5,0
SALL4,ZMYND11,0
ZFAND3,PCSK6,0
ETV3,TSPAN9,0
MYCN,GFPT2,0
FOXJ2,CREB5,0
ZFAND3,SFI1,0
AES,SEC31A,0
NR5A2,ESPL1,0
ESRRB,PIPOX,0
SOX17,DTX1,0
PRDM14,LDLR,0
CBX8,NR1H2,0
MSC,KRT19,0
ETV3,CCND1,0
ZFAND3,TCF15,0
ETV3,GAS6,0
SMAD7,EED,0
RHOX6,CAR4,0
CBX8,FUT8,0
ZFP42,PPP2R5A,0
NR0B1,PAX6,0
SMAD7,FAM102A,0
FOXJ2,STAG3,0
RHOX6,LIPG,0
SMAD7,4930402H24RIK,0
AES,KEAP1,0
ESRRB,TPX2,0
EOMES,MPP1,0
PRDM14,AKR1B8,0
RHOX6,HIF1A,0
ZFP42,SLC35F5,0
ESRRB,CYP26A1,0
ZFP42,ASXL1,0
MYC,COL4A2,0
NR0B1,ITGAV,0
GATA3,ALG13,0
NANOG,RBPJ,0
ZFP281,PRKAB1,0
ESRRB,DNMT3A,0
ETV3,LAMP2,0
PRDM14,ASPH,0
NR5A2,PLAG1,0
MYCN,HELLS,0
ETV3,CHD7,0
MYCN,KDELR2,0
ZFP42,SLC16A1,0
SMAD7,EBF1,0
ESRRB,TSPAN9,0
TBX3,NFATC2IP,0
RHOX6,HS3ST1,0
SUZ12,MDN1,0
ZFAND3,STAT4,0
SUZ12,LGALS3,0
MYCN,ELL2,0
FOXJ2,ATF7,0
ETV3,RAB11A,0
OTX2,FAM102A,0
TCF7L2,ERLIN1,0
TCEA3,FOSL2,0
MYBL2,HMGA2,0
NR0B1,HDAC7,0
CBX8,RAB11A,0
TCF7L2,ZFP42,0
PRDM14,FHOD1,0
FOXJ2,HIST1H2AC,0
NANOG,GRHL1,0
SMAD7,SURF4,0
SMAD4,CNN2,0
TCF7L2,SERTAD2,0
POU5F1,KDM5B,0
ETV3,PLAUR,0
FOXJ2,HK2,0
SMAD4,CKB,0
MSC,CBX4,0
ZFP281,PSAP,0
PRDM14,SMARCAD1,0
NANOG,PFAS,0
MYBL2,KCNG1,0
OTX2,MLLT1,0
SMAD7,VEZF1,0
FOXJ2,EED,0
ESRRB,TMED2,0
MYCN,HK2,0
TCEA3,POU5F1,0
CBX8,CUL7,0
SUZ12,WDFY1,0
OTX2,HSBP1,0
NR5A2,MOV10,0
ZFAND3,SLC35F5,0
ZFP42,IRF4,0
NRIP1,DDAH1,0
SMAD4,LDHB,0
GATA3,DENND2C,0
NRIP1,CLCN5,0
NR0B1,ZDHHC15,0
MYCN,COTL1,0
FOXJ2,ZBTB43,0
SUZ12,FUT8,0
NR5A2,HOOK1,0
ZFP281,MTF2,0
TCF7L2,P4HB,0
ESRRB,P4HB,0
SMAD7,ASXL1,0
MYCN,WWTR1,0
TBX3,HSD17B14,0
MSC,TAF1,0
NRIP1,PRKAB1,0
CBX8,RCN3,0
NRIP1,MSL3,0
TCF7L2,STT3A,0
GATA3,DR1,0
NR0B1,RDM1,0
SOX17,SIRT1,0
MYBL2,SOX17,0
NR5A2,HELLS,0
ZFP281,MLXIP,0
MSC,ODC1,0
AES,HDAC7,0
NANOG,GCNT1,0
TBX3,CCNG1,0
SMAD4,PSAP,0
TBX3,NFATC1,0
ETV3,PDIA5,0
JARID2,VILL,0
ZFAND3,STAT5B,0
NANOG,ELL2,0
NR0B1,RNF14,0
OTX2,DDAH1,0
NANOG,MDN1,0
NR5A2,ANXA5,0
ZFAND3,H1F0,0
MYBL2,LRP2,0
PRDM14,PRSS35,0
SUZ12,F3,0
MYBL2,SRM,0
TCF7L2,RBM47,0
CBX8,HSPA5,0
NRIP1,POLE4,0
SOX2,CSRP2,0
GATA3,ILF3,0
RHOX6,DPPA4,0
AES,CNOT6L,0
ESRRB,SNRPN,0
MSC,NFIC,0
MYCN,SMS,0
SOX17,ANK,0
NR5A2,FOXH1,0
ESRRB,TAF6,0
NR0B1,SERPING1,0
FOXJ2,TCEA3,0
NANOG,ASAH1,0
EOMES,SALL1,0
SMAD4,ZBTB3,0
RHOX6,MEIS3,0
OTX2,CTBP1,0
SMAD7,LRRC1,0
MYCN,AU018091,0
PRDM14,MSH6,0
TCEA3,ABTB1,0
ZFAND3,HDAC7,0
ZFP281,GLI1,0
AES,HTRA1,0
TBX3,GDPD5,0
SUZ12,NFIC,0
EOMES,ANK,0
TCEA3,TEAD3,0
TBX3,HEXIM1,0
EOMES,POLR2A,0
AES,PEG10,0
NR5A2,POLR1A,0
MYCN,EMX2,0
CBX8,ETV1,0
FOXJ2,AKR1B3,0
JARID2,ZBTB24,0
SALL4,BIN1,0
OTX2,NPL,0
ZFP281,NIPSNAP1,0
RHOX6,PFKL,0
KLF4,CHCHD10,0
MEF2C,VAMP8,0
SUZ12,MPZL2,0
MEF2C,GCNT1,0
POU5F1,XRCC6,0
ESRRB,FN1,0
NR5A2,PITX1,0
AES,SNAI1,0
NANOG,MAML3,0
OTX2,EPHA4,0
OTX2,LRRC8D,0
ZFAND3,ITGAV,0
EOMES,SAT1,0
SALL4,NOTCH2,0
NR0B1,AMOT,0
MSC,SPRY2,0
TBX3,MYC,0
NR5A2,SNAPC3,0
POU5F1,SUZ12,0
SUZ12,HIST1H3H,0
TCEA3,KRTCAP2,0
PRDM14,BTG1,0
ZFAND3,EED,0
CBX8,SOX15,0
NR5A2,HIST1H4K,0
MSC,SDF2L1,0
ETV3,CTNNAL1,0
FOXJ2,ITGA9,0
SUZ12,E2F2,0
MEF2C,HIST1H3H,0
NR5A2,HTRA1,0
SALL4,DKK1,0
ZFP42,NR2F2,0
MYCN,SOX2,0
MYBL2,ETL4,0
SALL4,IGFBP2,0
ZFAND3,PRDM1,0
ZFAND3,BTBD11,0
SUZ12,EFEMP2,0
RHOX6,IER2,0
NR5A2,MYLPF,0
SUZ12,PARP1,0
OTX2,ANKRD6,0
NANOG,ZFP367,0
FOXJ2,CLCN5,0
ESRRB,RBM47,0
NANOG,RFFL,0
NR0B1,IL33,0
FOXJ2,ZMYND11,0
SALL4,ARID1A,0
AES,NR3C1,0
MEF2C,PDLIM1,0
SALL4,HIST1H2AF,0
ZFAND3,ZFP532,0
MEF2C,ASXL1,0
CBX8,MLLT1,0
MEF2C,RNF6,0
OTX2,MSH6,0
AES,AU018091,0
EOMES,TAF6L,0
ETV3,PLSCR1,0
ZFP281,NCOA6,0
TCF7L2,TXNDC5,0
SALL4,IRF1,0
ETV3,GORASP2,0
TCF7L2,MYO5B,0
NR0B1,CTBP1,0
KLF4,MFSD1,0
JARID2,FOXP1,0
SALL4,ME1,0
PRDM14,GORASP2,0
CBX8,NPHS1,0
OTX2,ELAVL2,0
RHOX6,VIM,0
NANOG,CUL7,0
SALL4,CEBPZ,0
TBX3,ASXL1,0
KLF4,UHRF1,0
TCF7L2,ZYX,0
ZFAND3,MME,0
ETV3,FDPS,0
SOX17,4930402H24RIK,0
ZFAND3,RNPEP,0
RHOX6,APOBEC3,0
ESRRB,ZFP423,0
NANOG,CDCA7,0
ESRRB,SLC6A6,0
AES,ZBTB20,0
MYC,MTHFD2,0
OTX2,HSPG2,0
MYC,PLSCR1,0
OTX2,ZFP296,0
TCF7L2,IFITM3,0
TCEA3,HERPUD1,0
EOMES,HES1,0
ZFP42,SCMH1,0
SMAD4,TBX3,0
SOX2,SNURF,0
FOXJ2,GTF2A1L,0
FOXJ2,MXD4,0
CBX8,NR5A2,0
FOXJ2,CHCHD10,0
ZFP42,DCTPP1,0
AES,QDPR,0
TBX3,WDR45,0
GATA3,ARNTL,0
ESRRB,SIRT3,0
TBX3,MEF2C,0
CBX8,PHF14,0
ESRRB,ATF6,0
EOMES,ANKRD49,0
ESRRB,GSR,0
SOX17,MYO18A,0
MYCN,SHKBP1,0
SMAD7,SNHG3,0
GATA3,ATF7,0
NR5A2,FDPS,0
NANOG,DEK,0
OTX2,SSB,0
JARID2,OVOL1,0
NRIP1,SOX17,0
MYCN,MEF2C,0
MEF2C,IRF1,0
MYC,EMX2,0
SOX2,EIF4A2,0
MSC,PGA5,0
MYBL2,ZFP275,0
ZFP281,LY75,0
TCEA3,PCOLCE,0
ETV3,LEFTY1,0
SALL4,ENAH,0
MYBL2,MKX,0
TBX3,ZBTB43,0
ZFP42,ADAM19,0
SALL4,CHD7,0
EOMES,RMND5B,0
EOMES,ZBTB3,0
OTX2,CCNE1,0
ETV3,HES6,0
PRDM14,ELAVL2,0
MYBL2,GNG2,0
SMAD7,PSAP,0
NR5A2,GALNT2,0
OTX2,CUL7,0
MYBL2,POLR1A,0
NRIP1,ARHGAP1,0
SALL4,UBE2C,0
MEF2C,CRIP2,0
ETV3,ZFP600,0
NR0B1,4930402H24RIK,0
JARID2,CUL7,0
MEF2C,NEDD4,0
SALL4,TRP53BP1,0
SUZ12,SETX,0
ZFAND3,TOX4,0
OTX2,FOXJ3,0
NRIP1,POLR1A,0
ZFAND3,OAT,0
SMAD7,MPP1,0
FOXJ2,HMGXB3,0
MEF2C,PDE4DIP,0
JARID2,HOXD13,0
EOMES,SHISA5,0
TCEA3,SFMBT2,0
TCEA3,TCL1,0
TCF7L2,TEAD4,0
TCF7L2,LRP2,0
JARID2,EYA1,0
AES,ID4,0
ESRRB,MAML3,0
MYCN,CACHD1,0
SMAD7,HK2,0
SOX17,PRSS35,0
AES,AQP3,0
SMAD4,NFATC2IP,0
ZFAND3,RCN3,0
RHOX6,PTPN3,0
NANOG,MCM2,0
MSC,PRDM5,0
MYCN,MAPKAPK2,0
RHOX6,USP9X,0
POU5F1,KRTCAP2,0
MYCN,USP9X,0
MEF2C,APAF1,0
ZFAND3,CPM,0
SMAD7,SOD1,0
ETV3,SOS2,0
NR5A2,BAZ1A,0
CBX8,SHROOM3,0
ZFP42,BMP4,0
ETV3,IRF4,0
SMAD4,BAZ1A,0
ESRRB,SOX7,0
MYBL2,DNMT1,0
MYCN,VKORC1,0
MEF2C,PDPN,0
SMAD4,SPRY4,0
JARID2,CHD7,0
ETV3,MSX2,0
SUZ12,QDPR,0
NR5A2,RUNX1,0
FOXJ2,MYCN,0
ESRRB,DMRT1,0
CBX8,SLC7A6,0
JARID2,SATB2,0
SMAD4,AKR1B8,0
ZFAND3,XBP1,0
MYBL2,ODC1,0
MYC,KRT18,0
NRIP1,EBF1,0
AES,PAWR,0
SMAD7,SIX1,0
NRIP1,TRIM28,0
ETV3,ID3,0
GATA3,TIMP2,0
MYCN,CKB,0
ZFP281,ERP29,0
MYC,SCMH1,0
JARID2,SUN2,0
ZFP42,ING3,0
MYBL2,GLIPR2,0
MYC,MCM10,0
OTX2,ANXA2,0
ESRRB,SAT1,0
FOXJ2,PDPN,0
FOXJ2,FOXH1,0
CBX8,ZSCAN10,0
ETV3,ESRRA,0
SOX17,F3,0
AES,COL4A1,0
SOX2,ATP6V0A1,0
SMAD7,DCTPP1,0
NR0B1,PCOLCE,0
ZFP281,SERPINB6C,0
FOXJ2,ZFP423,0
MEF2C,AARS,0
SMAD7,VEGFA,0
SOX2,HSPG2,0
MYC,RCOR2,0
JARID2,SUSD2,0
SUZ12,SOX2,0
ZFP42,KCNG1,0
TCF7L2,RTN1,0
AES,STMN1,0
SMAD7,MPZL2,0
RHOX6,NR2F2,0
ZFAND3,BCL3,0
RHOX6,CD63,0
TBX3,KNTC1,0
FOXJ2,IFITM1,0
SMAD7,NPL,0
PRDM14,CCND3,0
ESRRB,HERPUD1,0
NR0B1,SERPINB6C,0
NR0B1,UBE2S,0
EOMES,ZFP600,0
SOX17,GCLM,0
SALL4,FGF3,0
TCF7L2,SLC7A3,0
SALL4,TUBB6,0
MEF2C,KDM3A,0
MSC,HMGA2,0
ESRRB,STARD8,0
RHOX6,MME,0
EOMES,KANK2,0
OTX2,HIRIP3,0
MYBL2,ZFP367,0
CBX8,HSPB1,0
ESRRB,CNOT6,0
SUZ12,NAGK,0
CBX8,HIST1H1B,0
TCF7L2,HSPB1,0
CBX8,LRRC8D,0
MEF2C,AKAP12,0
SUZ12,EIF4A2,0
JARID2,NR2C1,0
MYC,SOCS2,0
RHOX6,TAF6L,0
MYBL2,CDH6,0
MYBL2,MYO1C,0
TCF7L2,PLTP,0
MSC,GRHL1,0
ZFAND3,NDRG1,0
NRIP1,DUSP9,0
RHOX6,ZFP462,0
FOXJ2,RAD54B,0
PRDM14,SMARCD1,0
RHOX6,ZFP296,0
CBX8,SEC23A,0
SALL4,ERF,0
TCEA3,CSRP2,0
POU5F1,KEAP1,0
ZFP281,NFE2L2,0
ZFP281,IFITM2,0
SALL4,FGFR4,0
MEF2C,P4HA2,0
TBX3,CSTB,0
NANOG,GAA,0
NR0B1,CTDSPL,0
ETV3,TXNDC12,0
ESRRB,UBE2S,0
CBX8,SNRPN,0
ZFAND3,ZFP462,0
POU5F1,NKRF,0
TCF7L2,BMP6,0
MYC,CREB3L2,0
TCEA3,CUL7,0
JARID2,TGM1,0
PRDM14,FAT1,0
NR5A2,CFC1,0
MSC,PLXNA1,0
MYC,IFITM3,0
SUZ12,GNPTAB,0
NANOG,USP9X,0
OTX2,CYBA,0
SUZ12,LAD1,0
PRDM14,LOXL2,0
TCEA3,SRI,0
MEF2C,TRIM28,0
POU5F1,RLIM,0
SALL4,PDGFRA,0
SALL4,ZFYVE21,0
ZFAND3,VANGL1,0
GATA3,ODC1,0
MYCN,MCM10,0
MEF2C,TAF9,0
SUZ12,SIX5,0
MYCN,PTPN14,0
MEF2C,MDK,0
SOX17,OBSL1,0
SUZ12,MLXIPL,0
ZFP281,HEXIM1,0
SUZ12,SNAI1,0
POU5F1,PIAS2,0
FOXJ2,BRCA1,0
EOMES,ZFP277,0
MYC,KRT19,0
ETV3,ZFP91,0
SALL4,TYRO3,0
AES,WDR1,0
RHOX6,SETD7,0
JARID2,SHKBP1,0
SUZ12,HELLS,0
SMAD7,PCBD1,0
TCF7L2,DKC1,0
ETV3,CUBN,0
SALL4,AHCY,0
MSC,ETL4,0
SUZ12,LPCAT1,0
SMAD7,SNHG12,0
POU5F1,HIF3A,0
SOX17,CSRP1,0
TBX3,PDLIM1,0
JARID2,NOP56,0
NANOG,KRTCAP2,0
SMAD4,APBB1,0
AES,RHOX5,0
PRDM14,ABTB1,0
ZFP281,NAGK,0
SMAD7,ADAM15,0
FOXJ2,ABCC5,0
NR0B1,SURF4,0
SMAD4,FN1,0
RHOX6,TTC7,0
CBX8,KRT42,0
TCF7L2,SLC5A11,0
KLF4,FXYD3,0
SUZ12,COBLL1,0
MYBL2,TET2,0
ZFAND3,CD63,0
TCF7L2,RAB3IL1,0
NR0B1,PDCD4,0
SMAD7,PIK3R1,0
POU5F1,DDIT3,0
ESRRB,POLR1B,0
ETV3,TRPS1,0
OTX2,SATB2,0
FOXJ2,IRF1,0
SMAD7,PAWR,0
ETV3,STAT5A,0
ZFAND3,ARID5B,0
ZFP42,HIST1H4K,0
SMAD4,SNHG12,0
RHOX6,UCHL1,0
SMAD4,RNPEPL1,0
OTX2,ALG13,0
MYBL2,SLC7A7,0
ETV3,AY036118,0
ETV3,MEIS3,0
MYCN,NPHS1,0
SUZ12,REST,0
NR5A2,TMED2,0
CBX8,GPRC5C,0
NRIP1,MYBBP1A,0
CBX8,ARL6IP5,0
SMAD4,SNRPN,0
POU5F1,LAMC1,0
TBX3,TMED9,0
MYCN,SLC12A4,0
NANOG,RNPEPL1,0
SOX17,NRG1,0
PRDM14,SAP30,0
POU5F1,KLF13,0
SOX2,PHF12,0
