TF,Target,label
CBFB,SLC2A3,1
CBFB,NFE2,1
CBFB,ARID5A,1
CBFB,CAMSAP2,1
CBFB,SLC39A13,1
CBFB,CARD6,1
CBFB,DOCK10,1
CBFB,SSH2,1
CBFB,TES,1
CBFB,F2R,1
CBFB,HSPE1,1
CBFB,ADGRG1,1
CBFB,MGAT1,1
CBFB,SPNS2,1
CBFB,PRKCH,1
CBFB,TFR2,1
CBFB,LY9,1
CBFB,TMEM123,1
CBFB,NCEH1,1
CBFB,ACAP1,1
CBFB,EYA2,1
CBFB,RANBP1,1
CBFB,SLBP,1
CBFB,TBXA2R,1
CBFB,CMAH,1
CBFB,XRCC6,1
CBFB,SLC26A11,1
CBFB,DYNLL1,1
CBFB,SERP1,1
CBFB,HDAC7,1
CBFB,PTPRE,1
CBFB,AP1S2,1
CBFB,CIPC,1
CBFB,RASAL3,1
CBFB,CDK17,1
CBFB,LCK,1
CBFB,PPM1G,1
CBFB,ICOS,1
CBFB,PAFAH2,1
CBFB,NT5C3,1
CBFB,LONP2,1
CBFB,TESPA1,1
CBFB,XPC,1
CBFB,ELF1,1
CBFB,BTLA,1
CBFB,CCR7,1
CBFB,ZFP658,1
CBFB,ZBTB20,1
CBFB,VAMP1,1
CBFB,LCP1,1
CBFB,ZFP62,1
CBFB,CCNG2,1
CBFB,GPR171,1
CBFB,PPCDC,1
CBFB,H2AFY,1
CBFB,MCM7,1
CBFB,ST8SIA4,1
CBFB,RPS27L,1
CBFB,ATP8B4,1
CBFB,MCM4,1
CBFB,GPR65,1
CBFB,ITGAL,1
CBFB,TUBB4B,1
CBFB,ARHGAP15,1
CBFB,MOGS,1
CBFB,ITGB2,1
CBFB,CTR9,1
CBFB,LAPTM5,1
CBFB,STK17B,1
CBFB,GBP4,1
CBFB,ZFP422,1
CBFB,ARHGDIB,1
CBFB,DHRS3,1
CBFB,PKN3,1
CBFB,ELOVL5,1
CBFB,MPZL1,1
CBFB,DUSP1,1
CBFB,PBLD2,1
CBFB,OTULINL,1
CBFB,ITSN1,1
CBFB,ZYX,1
CBFB,SATB1,1
CBFB,SPNS3,1
CBFB,DOK2,1
CBFB,JPT1,1
CBFB,PLIN3,1
CBFB,SLC9A9,1
CBFB,TSPAN13,1
CBFB,DUSP5,1
CBFB,KCTD12,1
CBFB,BCL2,1
CBFB,NCAPD2,1
CBFB,RNF38,1
CBFB,CKS1B,1
CBFB,P2RY14,1
CBFB,DEF8,1
CBFB,UBASH3A,1
CBFB,ARPP21,1
CBFB,TPM4,1
CBFB,CAPG,1
CBFB,PSTPIP1,1
CBFB,TSPAN3,1
CBFB,PANX1,1
CBFB,P2RX1,1
CBFB,DCK,1
CBFB,CST7,1
CBFB,CTSL,1
CBFB,LAX1,1
CBFB,ABHD17B,1
CBFB,NLRC3,1
CBFB,SLC43A2,1
CBFB,CD69,1
CBFB,GAS2L3,1
CBFB,CISH,1
CBFB,DTL,1
CBFB,SELPLG,1
CBFB,ANXA5,1
CBFB,LARS2,1
CBFB,PLCL1,1
CBFB,NWD1,1
CBFB,SERPINB6A,1
CBFB,LRRC8C,1
CBFB,IL17RE,1
CBFB,STK10,1
CBFB,RNF125,1
CBFB,SNAP47,1
CBFB,GPR18,1
CBFB,ZFP367,1
CBFB,ME2,1
CBFB,RASSF2,1
CBFB,SLC18A2,1
CBFB,LGMN,1
CBFB,FDFT1,1
CBFB,CLEC12A,1
CBFB,TRPV2,1
CBFB,PYGL,1
CBFB,NPM1,1
CBFB,CD7,1
CBFB,CDT1,1
CBFB,ART4,1
CBFB,NUCB2,1
CBFB,PRSS57,1
CBFB,CTSB,1
CBFB,FCHO2,1
CBFB,COQ8A,1
CBFB,CDK19,1
CBFB,RNF13,1
CBFB,HNRNPAB,1
CBFB,UHRF1,1
CBFB,RCSD1,1
CBFB,FRMD6,1
CBFB,GM2A,1
CBFB,UCP2,1
CBFB,REL,1
CBFB,GSTM1,1
CBFB,EVI2A,1
CBFB,CYFIP2,1
CBFB,LDHB,1
CBFB,MCM5,1
CBFB,MYCN,1
CBFB,LACTB,1
CBFB,APLP2,1
CBFB,CD44,1
CBFB,ZNRF2,1
CBFB,CAMK1D,1
CBFB,GNG2,1
CBFB,STARD4,1
CBFB,SLC39A6,1
CBFB,NDRG2,1
CBFB,RHOF,1
CBFB,DUSP6,1
CBFB,HMGB2,1
CBFB,IL7R,1
CBFB,MKI67,1
CBFB,ATPIF1,1
CBFB,NRROS,1
CBFB,UBA7,1
CBFB,UAP1L1,1
CBFB,CBX7,1
CBFB,GAA,1
CBFB,FADS1,1
CBFB,VAMP5,1
CBFB,ERP29,1
CBFB,PTP4A3,1
CBFB,CCT2,1
CBFB,MLLT3,1
CBFB,KAZALD1,1
CBFB,RPL41,1
CBFB,LSP1,1
CBFB,ANXA2,1
CBFB,RGS2,1
CBFB,GBP9,1
CBFB,SLC16A10,1
CBFB,EEPD1,1
CBFB,RGS19,1
CBFB,NUDT19,1
CBFB,AMPD2,1
CBFB,IRAK3,1
CBFB,SPC24,1
CBFB,RORA,1
CBFB,PLXDC2,1
CBFB,SAMSN1,1
CBFB,CD48,1
CBFB,CREG1,1
CBFB,MYO5A,1
CBFB,TRIM59,1
CBFB,CD55,1
CBFB,TNFAIP2,1
CBFB,ABCG3,1
CBFB,TXNIP,1
CBFB,TOP2A,1
CBFB,ITPR2,1
CBFB,TMEM173,1
CBFB,RFTN1,1
CBFB,SLC18A1,1
CBFB,CARD11,1
CBFB,PDCD4,1
CBFB,BPIFC,1
CBFB,YBX1,1
CBFB,PARVG,1
CBFB,SYTL1,1
CBFB,CPQ,1
CBFB,FUT8,1
CBFB,SLCO3A1,1
CBFB,EMP1,1
CBFB,DENND2D,1
CBFB,TMEM206,1
CBFB,SLC44A2,1
CBFB,CFP,1
CBFB,BTG2,1
CBFB,TMEM14C,1
CBFB,RASIP1,1
CBFB,ARHGAP27,1
CBFB,MSMO1,1
CBFB,GSN,1
CBFB,GIMAP5,1
CBFB,CHIL5,1
CBFB,PAG1,1
CBFB,NCKAP1,1
CBFB,TIPIN,1
CBFB,N4BP3,1
CBFB,ARHGAP18,1
CBFB,ZMIZ1,1
CBFB,TBC1D5,1
CBFB,ELL2,1
CBFB,GMNN,1
CBFB,H2-DMA,1
CBFB,RRAS,1
CBFB,SGMS1,1
CBFB,CERS4,1
CBFB,MAML3,1
CBFB,EPSTI1,1
CBFB,LTB,1
CBFB,GPX1,1
CBFB,PLXNC1,1
CBFB,RAG2,1
CBFB,PGRMC1,1
CBFB,CES2G,1
CBFB,PPP1R15A,1
CBFB,MAN1A,1
CBFB,PARP8,1
CBFB,SYK,1
CBFB,CNN3,1
CBFB,MPL,1
CBFB,DOCK11,1
CBFB,KLF3,1
CBFB,CD27,1
CBFB,ANKRD44,1
CBFB,KLF6,1
CBFB,ITGB7,1
CBFB,MPO,1
CBFB,SLA,1
CBFB,METTL7A1,1
CBFB,FLT3,1
CBFB,ADSSL1,1
CBFB,TMEM176B,1
CBFB,RUSC2,1
CBFB,GFI1B,1
CBFB,TM6SF1,1
CBFB,ITGA6,1
CBFB,CD81,1
CBFB,SOCS2,1
CBFB,HLF,1
CBFB,PF4,1
CBFB,IKZF1,1
CBFB,SAT1,1
CBFB,TALDO1,1
CBFB,SELENOP,1
CBFB,GIMAP8,1
CBFB,SP100,1
CBFB,TRIB3,1
CBFB,IFI27,1
CBFB,S100A6,1
CBFB,RHOH,1
CBFB,SLC25A5,1
CBFB,IL18RAP,1
CBFB,NHP2,1
CBFB,USP11,1
CBFB,GIMAP1,1
CBFB,CTSW,1
CBFB,UNC93B1,1
CBFB,TMEM268,1
CBFB,AKNA,1
CBFB,SLC29A1,1
CBFB,CAR2,1
CBFB,CLU,1
CBFB,FOXO1,1
CBFB,RUNX2,1
CBFB,NOTCH1,1
CBFB,CORO1A,1
CBFB,TAPT1,1
CBFB,SLFN2,1
CBFB,LDHD,1
CBFB,PLEKHB1,1
CBFB,CHRNB1,1
CBFB,MCTP2,1
CBFB,CTNNAL1,1
CBFB,FUT7,1
CBFB,STXBP1,1
CBFB,IRF6,1
CBFB,PDE1B,1
CBFB,CCR9,1
CBFB,SELL,1
CBFB,UBE2L6,1
CBFB,CCDC112,1
CBFB,GOLM1,1
CBFB,PLSCR4,1
CBFB,HACD4,1
CBFB,PRNP,1
CBFB,FAM171A1,1
CBFB,GPC1,1
CBFB,GP9,1
CBFB,IGFBP4,1
CBFB,ARHGEF39,1
CBFB,OTUB2,1
CBFB,LAG3,1
CBFB,CTTN,1
CBFB,TMSB4X,1
CBFB,SLAMF1,1
CBFB,HID1,1
CBFB,CLEC2I,1
CBFB,PLK2,1
CBFB,PLXNA1,1
CBFB,KLHL4,1
CBFB,KCNK5,1
CBFB,FUCA2,1
CBFB,UQCR11,1
CBFB,ESR1,1
CBFB,ARHGAP29,1
CBFB,TSPAN2,1
CBFB,TRIM16,1
CBFB,AMIGO2,1
CBFB,COX6A1,1
CBFB,RAB27B,1
CBFB,ANGPT1,1
CBFB,ABCG2,1
CBFB,CSGALNACT1,1
CBFB,POLA2,1
CBFB,ARRDC4,1
CBFB,FGFR3,1
CBFB,EMB,1
CBFB,VAV3,1
CBFB,NSMF,1
CBFB,GRAMD1A,1
CBFB,DPP4,1
CBFB,LYN,1
CBFB,KIT,1
CBFB,RAMP1,1
CBFB,PEAR1,1
CBFB,RUNX1T1,1
CBFB,GBP2,1
CBFB,H1F0,1
CBFB,ITGAM,1
CBFB,CDK6,1
CBFB,RASA4,1
CBFB,NKG7,1
CBFB,GIMAP4,1
CBFB,ENPP5,1
CBFB,PRPS2,1
CBFB,CLCA3A1,1
CBFB,TYROBP,1
CBFB,WLS,1
CBFB,RP2,1
CBFB,HAAO,1
CBFB,IL17RA,1
CBFB,NAPSA,1
CBFB,INHBA,1
CBFB,TTC39B,1
CBFB,SMPDL3A,1
CBFB,KBTBD11,1
CBFB,ATP1A3,1
CBFB,GGTA1,1
CBFB,CORO7,1
CBFB,IPCEF1,1
CBFB,D630039A03RIK,1
CBFB,CPXM1,1
CBFB,CD33,1
CBFB,RNF213,1
CBFB,MYC,1
CBFB,APOE,1
CBFB,KIF17,1
CBFB,PRIM1,1
CBFB,PTGER2,1
CBFB,CRIP1,1
CBFB,TLR7,1
CBFB,IFI213,1
CBFB,NPDC1,1
CBFB,SSTR2,1
CBFB,CD38,1
CBFB,FCRL1,1
CBFB,VDR,1
CBFB,TMEM246,1
CBFB,FAM171B,1
CBFB,ARL11,1
CBFB,PPIC,1
CBFB,CD53,1
CBFB,NEURL3,1
CBFB,LGALS1,1
CBFB,RARB,1
CBFB,ARHGEF28,1
CBFB,SCRN1,1
CBFB,SCARF1,1
CBFB,CTSG,1
CBFB,PKIA,1
CBFB,MYLK,1
CBFB,FAM110C,1
CBFB,NUPR1,1
CBFB,ENG,1
CBFB,PRUNE2,1
CBFB,DEPP1,1
CBFB,CCL3,1
CBFB,SPI1,1
CBFB,FGD2,1
CBFB,SH2D5,1
CBFB,PTGS1,1
CBFB,HSD3B7,1
CBFB,GNG11,1
CBFB,AFDN,1
CBFB,BDH2,1
CBFB,TRAF1,1
CBFB,MEIS1,1
CBFB,IL12A,1
CBFB,PECAM1,1
CBFB,MAGED2,1
CBFB,KLRD1,1
CBFB,PAQR5,1
CBFB,MYCT1,1
CBFB,PLEK,1
CBFB,CD9,1
CBFB,IRF8,1
CBFB,IFI209,1
CBFB,ZFP37,1
CBFB,CX3CL1,1
CBFB,ITGB5,1
CBFB,GDA,1
CBFB,FLNA,1
CBFB,RNASE6,1
CBFB,PDGFRB,1
CBFB,FGD5,1
CBFB,APP,1
CBX7,NDNF,1
CBX7,DOCK10,1
CBX7,OBSCN,1
CBX7,MECOM,1
CBX7,RUNX1T1,1
CBX7,SOX18,1
CBX7,CDKN1C,1
CBX7,PRKCH,1
CBX7,MAML3,1
CBX7,SHISA9,1
CBX7,PLXNC1,1
CBX7,CSGALNACT1,1
CBX7,SATB1,1
CBX7,EYA2,1
CBX7,DACH1,1
CBX7,FLT3,1
CBX7,SLCO3A1,1
CBX7,FGFR3,1
CBX7,SFRP1,1
CBX7,KBTBD11,1
CBX7,SSTR2,1
CBX7,NAV1,1
CBX7,CADPS2,1
CBX7,FAM110C,1
CBX7,ANKRD33B,1
CBX7,NFIA,1
CBX7,PAG1,1
CBX7,KCTD12,1
CBX7,ARPP21,1
CBX7,SLC35D3,1
CBX7,LYN,1
CBX7,VAV3,1
CBX7,BCL2,1
CBX7,H2-Q6,1
CBX7,SEMA3D,1
CBX7,TM6SF1,1
CBX7,PARP8,1
CBX7,APP,1
CBX7,COL4A2,1
CBX7,COL4A1,1
CBX7,VLDLR,1
CBX7,PGR,1
CBX7,RFTN1,1
CBX7,CHST2,1
CBX7,PLCL1,1
CBX7,IGFBP4,1
CBX7,IKZF1,1
CBX7,TRIM47,1
CBX7,RASSF2,1
CBX7,ITPR2,1
CBX7,MEF2C,1
CBX7,ZMIZ1,1
CBX7,TRPC6,1
CBX7,SLC16A2,1
CBX7,DHRS3,1
CBX7,RCSD1,1
CBX7,MAN1A,1
CBX7,RORA,1
CBX7,TSC22D3,1
CBX7,MLLT3,1
CBX7,HLF,1
CBX7,CAMK1D,1
CBX7,SPNS2,1
CBX7,SLC22A3,1
CBX7,REL,1
CBX7,RNF213,1
CBX7,OBSL1,1
CBX7,RHOJ,1
CBX7,WLS,1
CBX7,GDA,1
CBX7,HDAC7,1
CBX7,RUSC2,1
CBX7,SLC18A2,1
CBX7,ST8SIA4,1
CBX7,CTNND2,1
CBX7,PDE1B,1
CBX7,CDK6,1
CBX7,NDN,1
CBX7,PEAR1,1
CBX7,SSH2,1
CBX7,RUNX2,1
CBX7,MN1,1
CBX7,HCK,1
CBX7,ARHGAP29,1
CBX7,KAZALD1,1
CBX7,CTSH,1
CBX7,AFF3,1
CBX7,PTPRE,1
CBX7,NR3C2,1
CBX7,OCLN,1
CBX7,IRF8,1
CBX7,ANKRD44,1
CBX7,AMIGO2,1
CBX7,FGD5,1
CBX7,MPDZ,1
CBX7,DPP4,1
CBX7,SLC16A11,1
CBX7,PDGFC,1
CBX7,RARB,1
CBX7,KIT,1
CBX7,VDR,1
CBX7,NOTCH1,1
CBX7,CLEC14A,1
CBX7,CPNE8,1
CBX7,PLK2,1
CBX7,PLSCR4,1
CBX7,PTGER2,1
CBX7,PRDM16,1
CBX7,TSPAN2,1
CBX7,CX3CL1,1
CBX7,ADSSL1,1
CBX7,PLEKHG6,1
CBX7,IGF1,1
CBX7,ARHGEF28,1
CBX7,RGS2,1
CBX7,PKIB,1
CBX7,GSN,1
CBX7,LPCAT2,1
CBX7,INHBA,1
CBX7,STK10,1
CBX7,CD44,1
CBX7,CAV2,1
CBX7,RAB38,1
CBX7,TNFAIP2,1
CBX7,GPC1,1
CBX7,GHR,1
CBX7,EEPD1,1
CBX7,TXNIP,1
CBX7,LRRC8C,1
CBX7,ANGPT1,1
CBX7,VEGFC,1
CBX7,GUCY1A1,1
CBX7,MEIS1,1
CBX7,OTULINL,1
CBX7,PLPPR3,1
CBX7,ANXA5,1
CBX7,INSRR,1
CBX7,ARID5A,1
CBX7,SH2D5,1
CBX7,PRUNE2,1
CBX7,ANXA2,1
CBX7,IRAK3,1
CBX7,CD34,1
CBX7,DUSP5,1
CBX7,FSTL1,1
CBX7,DDX4,1
CBX7,F2R,1
CBX7,ZFP422,1
CBX7,CCDC136,1
CBX7,UPP1,1
CBX7,PBX1,1
CBX7,MYC,1
CBX7,PDE1C,1
CBX7,ATP1A3,1
CBX7,PPIC,1
CBX7,SGMS1,1
CBX7,PTGS1,1
CBX7,ZYX,1
CBX7,PLXDC2,1
CBX7,ICA1,1
CBX7,SMPDL3A,1
CBX7,SLC16A10,1
CBX7,VAMP5,1
CBX7,TMEM37,1
CBX7,JAM2,1
CBX7,GATA2,1
CBX7,SLC6A15,1
CBX7,TES,1
CBX7,KRT18,1
CBX7,PLXNA1,1
CBX7,PANX1,1
CBX7,GGTA1,1
CBX7,PAQR5,1
CBX7,IL17RA,1
CBX7,RAB27B,1
CBX7,SCRN1,1
CBX7,SDC1,1
CBX7,ADAMTSL5,1
CBX7,NRROS,1
CBX7,STXBP1,1
CBX7,UNC93B1,1
CBX7,IL1R1,1
CBX7,CREG1,1
CBX7,NCEH1,1
CBX7,CD63,1
CBX7,D630039A03RIK,1
CBX7,TMEM246,1
CBX7,DENND2D,1
CBX7,SDC2,1
CBX7,RAMP1,1
CBX7,FAM171A1,1
CBX7,LDHB,1
CBX7,CAR2,1
CBX7,FADS1,1
CBX7,JAM3,1
CBX7,PYGL,1
CBX7,NPM1,1
CBX7,H2AFY,1
CBX7,PRPS2,1
CBX7,TBC1D5,1
CBX7,SYK,1
CBX7,FAM171B,1
CBX7,DOCK11,1
CBX7,XRCC6,1
CBX7,PKIA,1
CBX7,ITGB5,1
CBX7,IRF6,1
CBX7,CHRNB1,1
CBX7,CDK18,1
CBX7,RAB40B,1
CBX7,TMSB4X,1
CBX7,RASA4,1
CBX7,PTP4A3,1
CBX7,FRMD6,1
CBX7,SERP1,1
CBX7,SLC39A13,1
CBX7,H1F0,1
CBX7,CTSL,1
CBX7,TPM4,1
CBX7,CPXM1,1
CBX7,HID1,1
CBX7,CCDC112,1
CBX7,SNAP23,1
CBX7,ME2,1
CBX7,SLC18A1,1
CBX7,NDRG2,1
CBX7,ELF1,1
CBX7,RASIP1,1
CBX7,ARRDC4,1
CBX7,SLC26A11,1
CBX7,XPC,1
CBX7,TIPIN,1
CBX7,KIF17,1
CBX7,JPT1,1
CBX7,SIGLECG,1
CBX7,PROCR,1
CBX7,HSPE1,1
CBX7,ZFP612,1
CBX7,GAA,1
CBX7,DUSP1,1
CBX7,FHL1,1
CBX7,FDFT1,1
CBX7,COQ8A,1
CBX7,CIPC,1
CBX7,MSMO1,1
CBX7,FCHO2,1
CBX7,CORO7,1
ELF1,RNF38,1
ELF1,RANBP1,1
ELF1,RPS27L,1
ELF1,MOGS,1
ELF1,SERPINB6A,1
ELF1,LONP2,1
ELF1,AP1S2,1
ELF1,ITSN1,1
ELF1,MEIS1,1
ELF1,MCM7,1
ELF1,NCEH1,1
ELF1,ATP1A3,1
ELF1,PRKCH,1
ELF1,NT5C3,1
ELF1,AMPD2,1
ELF1,TXNIP,1
ELF1,SERP1,1
ELF1,PPM1G,1
ELF1,ZNRF2,1
ELF1,PANX1,1
ELF1,UQCR11,1
ELF1,IFI27,1
ELF1,SLC39A13,1
ELF1,PLIN3,1
ELF1,LYN,1
ELF1,NHP2,1
ELF1,CD48,1
ELF1,FUCA2,1
ELF1,CDK19,1
ELF1,CCL9,1
ELF1,CCT2,1
ELF1,SAT1,1
ELF1,CTR9,1
ELF1,TM6SF1,1
ELF1,HSPE1,1
ELF1,MCM4,1
ELF1,ZFP658,1
ELF1,ITGB2,1
ELF1,ARHGEF39,1
ELF1,LY9,1
ELF1,SLFN2,1
ELF1,ME2,1
ELF1,PPP1R15A,1
ELF1,ZFP62,1
ELF1,ANKRD44,1
ELF1,COX6A1,1
ELF1,DOCK10,1
ELF1,TMEM14C,1
ELF1,TESPA1,1
ELF1,CKS1B,1
ELF1,HSD3B7,1
ELF1,LAPTM5,1
ELF1,ATP8B4,1
ELF1,ABHD17B,1
ELF1,TMEM206,1
ELF1,RNF13,1
ELF1,REL,1
ELF1,HNRNPAB,1
ELF1,TBC1D5,1
ELF1,RASAL3,1
ELF1,ARHGAP15,1
ELF1,IFI209,1
ELF1,MGAT1,1
ELF1,DUSP5,1
ELF1,NAIP6,1
ELF1,SAMSN1,1
ELF1,GPX1,1
ELF1,GIMAP8,1
ELF1,IKZF1,1
ELF1,RGS19,1
ELF1,TES,1
ELF1,XDH,1
ELF1,CARD6,1
ELF1,VAMP1,1
ELF1,CDK18,1
ELF1,CBFB,1
ELF1,PPCDC,1
ELF1,PRPS2,1
ELF1,ARHGAP27,1
ELF1,PKN3,1
ELF1,SLC39A6,1
ELF1,GPR18,1
ELF1,CCNG2,1
ELF1,GSTM1,1
ELF1,NCAPD2,1
ELF1,RPL41,1
ELF1,IL7R,1
ELF1,XRCC6,1
ELF1,IFI213,1
ELF1,XPC,1
ELF1,AKNA,1
ELF1,MKI67,1
ELF1,GPR65,1
ELF1,TMEM173,1
ELF1,SSH2,1
ELF1,YBX1,1
ELF1,EFNA1,1
ELF1,TUBB4B,1
ELF1,SLC43A2,1
ELF1,SPI1,1
ELF1,ARL11,1
ELF1,PIRB,1
ELF1,ARHGAP18,1
ELF1,ACAP1,1
ELF1,CDT1,1
ELF1,LAX1,1
ELF1,JPT1,1
ELF1,UHRF1,1
ELF1,TMEM123,1
ELF1,KCTD12,1
ELF1,PAFAH2,1
ELF1,CMAH,1
ELF1,GIMAP1,1
ELF1,SLC26A11,1
ELF1,FDFT1,1
ELF1,PARP8,1
ELF1,H2-DMA,1
ELF1,EBI3,1
ELF1,VAV3,1
ELF1,TYROBP,1
ELF1,GMNN,1
ELF1,SLC44A2,1
ELF1,TFEC,1
ELF1,RHOH,1
ELF1,GAS2L3,1
ELF1,CCL3,1
ELF1,SLBP,1
ELF1,LSP1,1
ELF1,CBX7,1
ELF1,NRROS,1
ELF1,ICOS,1
ELF1,TALDO1,1
ELF1,SP100,1
ELF1,PF4,1
ELF1,TBXA2R,1
ELF1,OSGIN1,1
ELF1,CTSS,1
ELF1,NUCB2,1
ELF1,TMSB4X,1
ELF1,RRAS,1
ELF1,NLRC3,1
ELF1,UNC93B1,1
ELF1,SYK,1
ELF1,FUT7,1
ELF1,COX7B,1
ELF1,CCR7,1
ELF1,USP11,1
ELF1,BTLA,1
ELF1,ARHGDIB,1
ELF1,SLC25A5,1
ELF1,NEURL3,1
ELF1,CTSB,1
ELF1,GBP4,1
ELF1,UCP2,1
ELF1,PSTPIP1,1
ELF1,GNG2,1
ELF1,DOK2,1
ELF1,UBA7,1
ELF1,RNF213,1
ELF1,ITGAL,1
ELF1,EYA2,1
ELF1,PLD4,1
ELF1,CD69,1
ELF1,ITGA6,1
ELF1,ELOVL5,1
ELF1,NDRG2,1
ELF1,TRIM47,1
ELF1,IPCEF1,1
ELF1,LCK,1
ELF1,PTPRE,1
ELF1,CD244A,1
ELF1,KLF6,1
ELF1,MCM5,1
ELF1,ITPR2,1
ELF1,NWD1,1
ELF1,P2RY14,1
ELF1,GSN,1
ELF1,SELPLG,1
ELF1,WFDC17,1
ELF1,FGD2,1
ELF1,ZFP367,1
ELF1,VAMP5,1
ELF1,GRAMD1A,1
ELF1,IL17RA,1
ELF1,MAN1A,1
ELF1,GM1966,1
ELF1,H1F0,1
ELF1,FUT8,1
ELF1,CYFIP2,1
ELF1,CAPG,1
ELF1,HACD4,1
ELF1,NPM1,1
ELF1,CAMSAP2,1
ELF1,LTB,1
ELF1,DOCK11,1
ELF1,DENND2D,1
ELF1,FCRL1,1
ELF1,SLCO3A1,1
ELF1,PLCL1,1
ELF1,CORO1A,1
ELF1,KAZALD1,1
ELF1,CAMK1D,1
ELF1,ANXA5,1
ELF1,CD33,1
ELF1,CISH,1
ELF1,DUSP6,1
ELF1,NUDT19,1
ELF1,PEAR1,1
ELF1,LRRC8C,1
ELF1,GPR171,1
ELF1,SPNS3,1
ELF1,CTSH,1
ELF1,ENG,1
ELF1,ATPIF1,1
ELF1,CST7,1
ELF1,SLAMF1,1
ELF1,SLC9A9,1
ELF1,STARD4,1
ELF1,PARVG,1
ELF1,FRMD6,1
ELF1,CD53,1
ELF1,DTL,1
ELF1,CFP,1
ELF1,CIPC,1
ELF1,OAS2,1
ELF1,ARPP21,1
ELF1,STK10,1
ELF1,UBASH3A,1
ELF1,POLA2,1
ELF1,RUNX2,1
ESR1,GGT5,1
ESR1,PLSCR4,1
ESR1,TNFAIP2,1
ESR1,IRAK3,1
ESR1,CORO7,1
ESR1,KLF3,1
ESR1,SLC39A13,1
ESR1,TRIM16,1
ESR1,REL,1
ESR1,TMEM246,1
ESR1,BPIFC,1
ESR1,PAFAH2,1
ESR1,ITPR2,1
ESR1,CDK17,1
ESR1,CCNG2,1
ESR1,LONP2,1
ESR1,FUCA2,1
ESR1,ELF1,1
ESR1,TTC39B,1
ESR1,UBA7,1
ESR1,LARS2,1
ESR1,SLC43A2,1
ESR1,CTSB,1
ESR1,TNS2,1
ESR1,CIPC,1
ESR1,GSN,1
ESR1,DUSP5,1
ESR1,ANXA5,1
ESR1,RNF13,1
ESR1,PBX1,1
ESR1,NDRG2,1
ESR1,FAM110C,1
ESR1,DUSP1,1
ESR1,RANBP1,1
ESR1,HDAC7,1
ESR1,ZNRF2,1
ESR1,CTSH,1
ESR1,TRIM47,1
ESR1,HMGB2,1
ESR1,D630039A03RIK,1
ESR1,PEAR1,1
ESR1,XRCC6,1
ESR1,DTL,1
ESR1,RUSC2,1
ESR1,SLBP,1
ESR1,COQ8A,1
ESR1,SGMS1,1
ESR1,PDCD4,1
ESR1,CNN3,1
ESR1,MLPH,1
ESR1,TMEM37,1
ESR1,VAMP1,1
ESR1,ZYX,1
ESR1,SLC29A1,1
ESR1,ZBTB20,1
ESR1,PPP1R15A,1
ESR1,RGS2,1
ESR1,TMEM206,1
ESR1,PLK2,1
ESR1,P2RY14,1
ESR1,H2-Q6,1
ESR1,C1RL,1
ESR1,TXNIP,1
ESR1,GAA,1
ESR1,SLC39A6,1
ESR1,DHRS3,1
ESR1,ARHGAP29,1
ESR1,KCTD12,1
ESR1,LGALS1,1
ESR1,UQCR11,1
ESR1,FCGRT,1
ESR1,XPC,1
ESR1,DEF8,1
ESR1,CTSF,1
ESR1,TMEM268,1
ESR1,SERPINF1,1
ESR1,PBLD2,1
ESR1,SELENOP,1
ESR1,RPS27L,1
ESR1,HSPE1,1
ESR1,MCM4,1
ESR1,APLP2,1
ESR1,TSPAN3,1
ESR1,NHP2,1
ESR1,AP1S2,1
ESR1,NOTCH1,1
ESR1,ADSSL1,1
ESR1,ELL2,1
ESR1,RBPMS,1
ESR1,FCHO2,1
ESR1,NFE2,1
ESR1,GM2A,1
ESR1,RRAS,1
ESR1,SSH2,1
ESR1,GSTM1,1
ESR1,SOCS2,1
ESR1,AFDN,1
ESR1,SDC2,1
ESR1,NCEH1,1
ESR1,PLEKHB1,1
ESR1,GM4951,1
ESR1,IL17RA,1
ESR1,EEPD1,1
ESR1,ELOVL5,1
ESR1,LSP1,1
ESR1,OSGIN1,1
ESR1,FRMD6,1
ESR1,CDT1,1
ESR1,EFNA1,1
ESR1,ARRDC4,1
ESR1,LHCGR,1
ESR1,PLD4,1
ESR1,MGAT1,1
ESR1,KLF6,1
ESR1,BTG2,1
ESR1,GBP9,1
ESR1,ERP29,1
ESR1,MEIS1,1
ESR1,CD63,1
ESR1,CAMK1D,1
ESR1,PRNP,1
ESR1,NR3C2,1
ESR1,HNRNPAB,1
ESR1,ITSN1,1
ESR1,PYGL,1
ESR1,XDH,1
ESR1,SLC22A3,1
ESR1,TGM2,1
ESR1,NUDT19,1
ESR1,MCM7,1
ESR1,CDK19,1
ESR1,ZFP62,1
ESR1,CPQ,1
ESR1,UAP1L1,1
ESR1,SLC25A5,1
ESR1,CHRNB1,1
ESR1,SERP1,1
ESR1,RORA,1
ESR1,HSD3B7,1
ESR1,SNAP47,1
ESR1,RNF213,1
ESR1,TMEM123,1
ESR1,NUCB2,1
ESR1,SDSL,1
ESR1,MPZL1,1
ESR1,RAB27B,1
ESR1,CBX7,1
ESR1,ABHD17B,1
ESR1,DYNLL1,1
ESR1,NPM1,1
ESR1,SLC18A1,1
ESR1,RPL41,1
ESR1,HLF,1
ESR1,ITGB5,1
ESR1,RGS19,1
ESR1,TTLL7,1
ESR1,DCK,1
ESR1,MAML3,1
ESR1,MRVI1,1
ESR1,CTSL,1
ESR1,SPNS2,1
ESR1,CISH,1
ESR1,CCDC136,1
ESR1,RAB40B,1
ESR1,TMEM14C,1
ESR1,GNG11,1
ESR1,MTUS1,1
ESR1,NSMF,1
ESR1,MCM5,1
ESR1,GHR,1
ESR1,H1F0,1
ESR1,HAAO,1
ESR1,STK17B,1
ESR1,TUBB4B,1
ESR1,BDH2,1
ESR1,SAT1,1
ESR1,RARB,1
ESR1,CD34,1
ESR1,ARHGEF28,1
ESR1,PPM1G,1
ESR1,PGR,1
ESR1,IFITM1,1
ESR1,FDFT1,1
ESR1,TIPIN,1
ESR1,CLEC14A,1
ESR1,MECOM,1
ESR1,SMPDL3A,1
ESR1,ICA1,1
ESR1,ANXA2,1
ESR1,FHL1,1
ESR1,JPT1,1
ESR1,IL18BP,1
ESR1,LDHB,1
ESR1,TBC1D5,1
ESR1,NEO1,1
ESR1,ART4,1
ESR1,ZFP37,1
ESR1,MOGS,1
ESR1,CREG1,1
ESR1,ADAMTSL5,1
ESR1,IL1R1,1
ESR1,STXBP1,1
ESR1,FADS1,1
ESR1,SERPINB6A,1
ESR1,PLIN3,1
ESR1,OTUB2,1
ESR1,DUSP6,1
ESR1,ME2,1
ESR1,RASSF2,1
ESR1,CKS1B,1
ESR1,TMEM176B,1
ESR1,CAMSAP2,1
ESR1,STARD4,1
ESR1,RNF38,1
ESR1,MAN1A,1
ESR1,NT5C3,1
ESR1,GMNN,1
ESR1,PLCL1,1
ESR1,RUNX1T1,1
ESR1,PDGFD,1
ESR1,GPX1,1
ESR1,PLXNC1,1
ESR1,MYO5A,1
ESR1,BLNK,1
ESR1,YBX1,1
ESR1,H2AFY,1
ESR1,PKIA,1
ESR1,UBE2L6,1
ESR1,GIMAP8,1
ESR1,CBFB,1
ESR1,FOXO1,1
ESR1,TALDO1,1
ESR1,ARL11,1
ESR1,NWD1,1
ESR1,OBSL1,1
ESR1,GBP4,1
ESR1,CAV2,1
ESR1,PSTPIP1,1
ESR1,NCKAP1,1
ESR1,TINAGL1,1
ESR1,SLC26A11,1
ESR1,APP,1
ESR1,FKBP9,1
ESR1,CTR9,1
ESR1,UNC93B1,1
ESR1,JAM3,1
ESR1,PKN3,1
ESR1,PGRMC1,1
ESR1,RUNX2,1
ESR1,ALDH1A1,1
ESR1,RHBDF1,1
ESR1,RNF125,1
ESR1,PPCDC,1
ESR1,FAM171B,1
ESR1,IFI27,1
ESR1,PTP4A3,1
ESR1,NUPR1,1
ESR1,CLU,1
ESR1,KCNK5,1
ESR1,ATPIF1,1
ESR1,NCAPD2,1
ESR1,POLA2,1
ESR1,FAM171A1,1
ESR1,CTNNAL1,1
ESR1,S100A6,1
ESR1,CLIP3,1
ESR1,ZFP367,1
ESR1,COL4A2,1
ESR1,COL4A1,1
ESR1,IFITM3,1
ESR1,MPDZ,1
ESR1,FUT8,1
ESR1,MYLK,1
ESR1,RCSD1,1
ESR1,MLLT3,1
ESR1,H2-DMA,1
ESR1,COX6A1,1
ESR1,CD55,1
ESR1,LACTB,1
ESR1,EMP1,1
ESR1,SLC44A2,1
ESR1,PRDM16,1
ESR1,IGF1,1
ESR1,MSMO1,1
ESR1,TAPT1,1
ESR1,TRIM59,1
ESR1,GATA2,1
ESR1,MYC,1
ESR1,CD81,1
ESR1,TFR2,1
ESR1,CTTN,1
ESR1,PDGFC,1
ESR1,SNAP23,1
ESR1,SLC16A2,1
ESR1,ENG,1
ESR1,ZFP422,1
ESR1,VEGFC,1
ESR1,AMPD2,1
ESR1,MEF2C,1
ESR1,BCL2,1
ESR1,CCT2,1
ESR1,FSTL1,1
ESR1,SLC16A10,1
ESR1,GBP2,1
ESR1,TPM4,1
ESR1,SPC24,1
ESR1,MCTP2,1
ESR1,ZFP612,1
ESR1,PAG1,1
ESR1,TMEM173,1
ESR1,WLS,1
ESR1,ARHGEF18,1
ESR1,DEPP1,1
ESR1,CTSG,1
ESR1,METTL7A1,1
ESR1,ESAM,1
ESR1,GRAMD1A,1
ESR1,JAM2,1
ESR1,ARID5A,1
ESR1,VAV3,1
ESR1,CSGALNACT1,1
ESR1,HOXA9,1
ESR1,TCAF1,1
ESR1,SDC1,1
ESR1,TOP2A,1
ESR1,ARHGAP18,1
ESR1,CCDC112,1
ESR1,CAPG,1
ESR1,ADGRG1,1
ESR1,SCRN1,1
ESR1,N4BP3,1
ESR1,FLNA,1
ESR1,CDKN1C,1
ESR1,MAMDC2,1
ESR1,IL17RE,1
ESR1,TRIB3,1
ESR1,SLCO3A1,1
ESR1,IGFBP4,1
ESR1,CHST2,1
ESR1,LYN,1
ESR1,SATB1,1
ESR1,CDK6,1
ESR1,RFTN1,1
ESR1,TEAD2,1
ESR1,MN1,1
ESR1,GPC1,1
ESR1,CASP12,1
ESR1,TMSB4X,1
ESR1,FGFR3,1
ESR1,F2R,1
ESR1,GNG2,1
ESR1,MPO,1
ESR1,CD44,1
ESR1,ARHGAP15,1
ESR1,APOE,1
ESR1,UCP2,1
ESR1,PLEKHG6,1
ESR1,AKNA,1
ESR1,INHBA,1
ESR1,PPIC,1
ESR1,SULT1A1,1
ESR1,GDA,1
ESR1,CPXM1,1
ESR1,PRUNE2,1
ESR1,CDK18,1
ESR1,USP11,1
ESR1,NFIA,1
ESR1,CAVIN2,1
ESR1,TSPAN13,1
ESR1,LGMN,1
ESR1,SERPINB1A,1
ESR1,CERS4,1
ESR1,CAR2,1
ESR1,TSPAN2,1
ESR1,PRR5,1
ESR1,KAZALD1,1
ESR1,TRPV2,1
ESR1,KIT,1
ESR1,NPDC1,1
ESR1,VAMP5,1
ESR1,TFEC,1
ESR1,ADGRG3,1
ESR1,PRKCH,1
ESR1,CD9,1
ESR1,OTULINL,1
ESR1,EYA2,1
ESR1,FUT7,1
ESR1,CCL9,1
ESR1,NLRC3,1
ESR1,ZFP658,1
ESR1,GP9,1
ESR1,MYCN,1
ESR1,PDE1B,1
ESR1,RASA4,1
ESR1,NRROS,1
ESR1,PTPRE,1
ESR1,SLC16A11,1
ESR1,AFF3,1
ESR1,GSTT1,1
ESR1,IRF8,1
ESR1,UPP1,1
ESR1,LCK,1
ESR1,PLPPR3,1
ESR1,RAMP1,1
ESR1,PAQR5,1
ESR1,PLXNA1,1
ESR1,KIF17,1
ESR1,VLDLR,1
ESR1,SLC2A3,1
ESR1,PLXDC2,1
ESR1,DPP4,1
ESR1,PARVG,1
ESR1,RP2,1
ESR1,PDGFRB,1
ESR1,CRIP1,1
ESR1,NAPSA,1
ESR1,GAS2L3,1
ESR1,AMIGO2,1
ESR1,UHRF1,1
ESR1,ITGA6,1
ESR1,GOLM1,1
ESR1,CADPS2,1
ESR1,PARP8,1
ESR1,CX3CL1,1
ESR1,DOCK10,1
ESR1,TES,1
ESR1,STK10,1
ESR1,MPEG1,1
ESR1,MAGED2,1
ESR1,ANGPT1,1
ESR1,GM973,1
ESR1,ABCG2,1
ESR1,MKI67,1
ESR1,ANKRD44,1
ESR1,EMB,1
ESR1,ZMIZ1,1
ESR1,WFDC2,1
ESR1,TFPI,1
ESR1,VWF,1
ESR1,GPX3,1
ESR1,RHOJ,1
ESR1,PRIM1,1
ESR1,SFRP1,1
ESR1,PKIB,1
ESR1,COX7B,1
ESR1,SLC6A15,1
ESR1,PRPS2,1
ESR1,PTGER2,1
ESR1,SERPINA3N,1
ESR1,UBASH3A,1
ESR1,LCP1,1
ESR1,GGTA1,1
ESR1,SP100,1
ESR1,HNF4A,1
ESR1,IRF6,1
ESR1,TBXA2R,1
ESR1,SLC35D3,1
ESR1,PECAM1,1
ESR1,NOXA1,1
ESR1,GDF3,1
ESR1,IL18RAP,1
ESR1,CLCA3A1,1
ESR1,ABCG3,1
ESR1,NDN,1
ESR1,IL12A,1
ESR1,SLC9A9,1
ESR1,TEK,1
ESR1,VDR,1
ESR1,ARHGAP27,1
ESR1,IL7R,1
ESR1,ITM2A,1
ESR1,PRSS57,1
ESR1,PDE1C,1
ESR1,LDHD,1
ESR1,F11R,1
ESR1,RHOH,1
ESR1,DDX4,1
ESR1,CMAH,1
ESR1,PTGS1,1
ESR1,NDNF,1
FOXO1,TXNIP,1
FOXO1,LTB,1
FOXO1,COQ8A,1
FOXO1,RNF38,1
FOXO1,RORA,1
FOXO1,MAML3,1
FOXO1,FCHO2,1
FOXO1,POLA2,1
FOXO1,ANKRD44,1
FOXO1,ERP29,1
FOXO1,CARD6,1
FOXO1,ST8SIA4,1
FOXO1,PPP1R15A,1
FOXO1,MCM7,1
FOXO1,SLC39A13,1
FOXO1,SELENOP,1
FOXO1,NDRG2,1
FOXO1,SNAP23,1
FOXO1,CBFB,1
FOXO1,CCNG2,1
FOXO1,STK17B,1
FOXO1,TMEM206,1
FOXO1,SSH2,1
FOXO1,LONP2,1
FOXO1,RGS2,1
FOXO1,PAG1,1
FOXO1,CAMSAP2,1
FOXO1,XRCC6,1
FOXO1,TMEM123,1
FOXO1,HDAC7,1
FOXO1,LAG3,1
FOXO1,PAFAH2,1
FOXO1,FUT8,1
FOXO1,MCM4,1
FOXO1,SERP1,1
FOXO1,GMNN,1
FOXO1,ITGB7,1
FOXO1,PLSCR4,1
FOXO1,ITSN1,1
FOXO1,ANXA5,1
FOXO1,MYCT1,1
FOXO1,MGAT1,1
FOXO1,SATB1,1
FOXO1,PPCDC,1
FOXO1,SELPLG,1
FOXO1,STARD4,1
FOXO1,GIMAP8,1
FOXO1,PRIM1,1
FOXO1,CD55,1
FOXO1,KCTD12,1
FOXO1,KLF6,1
FOXO1,IKZF1,1
FOXO1,SLBP,1
FOXO1,RHOF,1
FOXO1,CMAH,1
FOXO1,ATP8B4,1
FOXO1,DYNLL1,1
FOXO1,MYC,1
FOXO1,CDKN1C,1
GATA2,XRCC6,1
GATA2,NFE2,1
GATA2,ITSN1,1
GATA2,P2RX1,1
GATA2,TXNIP,1
GATA2,GSN,1
GATA2,ART4,1
GATA2,P2RY14,1
GATA2,BTG2,1
GATA2,SLC2A3,1
GATA2,TESPA1,1
GATA2,NT5C3,1
GATA2,HDAC7,1
GATA2,SPI1,1
GATA2,SAMSN1,1
GATA2,SGMS1,1
GATA2,GGT5,1
GATA2,SELPLG,1
GATA2,NLRC3,1
GATA2,CD63,1
GATA2,CST7,1
GATA2,CCNG2,1
GATA2,NEURL3,1
GATA2,LONP2,1
GATA2,SLBP,1
GATA2,SLC18A2,1
GATA2,CISH,1
GATA2,PBLD2,1
GATA2,NRROS,1
GATA2,ST8SIA4,1
GATA2,TFR2,1
GATA2,LGMN,1
GATA2,RASSF2,1
GATA2,ARHGDIB,1
GATA2,IRAK3,1
GATA2,CAMSAP2,1
GATA2,SPNS2,1
GATA2,IGFBP4,1
GATA2,TUBB4B,1
GATA2,PPCDC,1
GATA2,NUPR1,1
GATA2,LARS2,1
GATA2,SPNS3,1
GATA2,SLC26A11,1
GATA2,RUNX1T1,1
GATA2,LAPTM5,1
GATA2,MKI67,1
GATA2,CREG1,1
GATA2,ZFP658,1
GATA2,MCM7,1
GATA2,NAPSA,1
GATA2,ELF1,1
GATA2,UBE2L6,1
GATA2,MLLT3,1
GATA2,GFI1B,1
GATA2,PAFAH2,1
GATA2,CCT2,1
GATA2,ANGPT1,1
GATA2,NDNF,1
GATA2,PLIN3,1
GATA2,SHISA9,1
GATA2,PPP1R15A,1
GATA2,H1F0,1
GATA2,GAA,1
GATA2,ZFP62,1
GATA2,TFPI,1
GATA2,PTPRE,1
GATA2,HACD4,1
GATA2,TNFAIP2,1
GATA2,RHOF,1
GATA2,CES2G,1
GATA2,ELOVL5,1
GATA2,GBP9,1
GATA2,ADSSL1,1
GATA2,GBP4,1
GATA2,PDCD4,1
GATA2,SLC16A10,1
GATA2,PTP4A3,1
GATA2,MGAT1,1
GATA2,CERS4,1
GATA2,FGD2,1
GATA2,H2-DMA,1
GATA2,MAML3,1
GATA2,CD7,1
GATA2,GHR,1
GATA2,CLEC14A,1
GATA2,ADGRG1,1
GATA2,XPC,1
GATA2,TES,1
GATA2,LAX1,1
GATA2,FUCA2,1
GATA2,PGR,1
GATA2,UCP2,1
GATA2,COX6A1,1
GATA2,PKIA,1
GATA2,SLFN2,1
GATA2,TOP2A,1
GATA2,TRAF1,1
GATA2,NHP2,1
GATA2,RBPMS,1
GATA2,EYA2,1
GATA2,C1RL,1
GATA2,MRVI1,1
GATA2,DTL,1
GATA2,LRRC8C,1
GATA2,SLC29A1,1
GATA2,UNC93B1,1
GATA2,RAG2,1
GATA2,AMPD2,1
GATA2,CDT1,1
GATA2,RPL41,1
GATA2,SLC39A13,1
GATA2,FHL1,1
GATA2,NSMF,1
GATA2,DUSP1,1
GATA2,CD244A,1
GATA2,ABHD17B,1
GATA2,TSPAN13,1
GATA2,CIPC,1
GATA2,TSC22D3,1
GATA2,LCK,1
GATA2,TIPIN,1
GATA2,TBC1D5,1
GATA2,LCP1,1
GATA2,CD33,1
GATA2,NKG7,1
GATA2,RASAL3,1
GATA2,NCAPD2,1
GATA2,CNN3,1
GATA2,NPM1,1
GATA2,GRAMD1A,1
GATA2,DOCK11,1
GATA2,ARID5A,1
GATA2,PLEKHB1,1
GATA2,HNRNPAB,1
GATA2,CAMK1D,1
GATA2,ARHGAP18,1
GATA2,STARD4,1
GATA2,CTSF,1
GATA2,IGF1,1
GATA2,GPR171,1
GATA2,CBFB,1
GATA2,S100A6,1
GATA2,UBA7,1
GATA2,GPX1,1
GATA2,NCEH1,1
GATA2,ITGB2,1
GATA2,JPT1,1
GATA2,CD44,1
GATA2,CORO1A,1
GATA2,CFP,1
GATA2,NAIP6,1
GATA2,PF4,1
GATA2,TYROBP,1
GATA2,ERP29,1
GATA2,VAMP1,1
GATA2,PRNP,1
GATA2,CD55,1
GATA2,TMEM123,1
GATA2,MCM4,1
GATA2,FAM110C,1
GATA2,CDK19,1
GATA2,ATPIF1,1
GATA2,SNAP23,1
GATA2,COQ8A,1
GATA2,REL,1
GATA2,UPP1,1
GATA2,DEF8,1
GATA2,PLSCR4,1
GATA2,PLK2,1
GATA2,PECAM1,1
GATA2,ESR1,1
GATA2,ME2,1
GATA2,KLF6,1
GATA2,ITPR2,1
GATA2,CD9,1
GATA2,LY9,1
GATA2,RUSC2,1
GATA2,TRIB3,1
GATA2,MYCT1,1
GATA2,UQCR11,1
GATA2,IL12A,1
GATA2,MAN1A,1
GATA2,FAM171B,1
GATA2,SLC25A5,1
GATA2,GM2A,1
GATA2,GGTA1,1
GATA2,ARRDC4,1
GATA2,DUSP6,1
GATA2,TMSB4X,1
GATA2,RANBP1,1
GATA2,KCTD12,1
GATA2,ANXA5,1
GATA2,ABCG3,1
GATA2,CD34,1
GATA2,MECOM,1
GATA2,LACTB,1
GATA2,MPZL1,1
GATA2,ZFP367,1
GATA2,TM6SF1,1
GATA2,NCKAP1,1
GATA2,TRIM16,1
GATA2,CLCA3A1,1
GATA2,APLP2,1
GATA2,KAZALD1,1
GATA2,FKBP9,1
GATA2,VEGFC,1
GATA2,TMEM206,1
GATA2,ANKRD33B,1
GATA2,HLF,1
GATA2,AFDN,1
GATA2,UAP1L1,1
GATA2,VAMP5,1
GATA2,RNF13,1
GATA2,CD48,1
GATA2,RAB40B,1
GATA2,ADGRG3,1
GATA2,SLC39A6,1
GATA2,KIF17,1
GATA2,DHRS3,1
GATA2,SSH2,1
GATA2,RPS27L,1
GATA2,CARD11,1
GATA2,AP1S2,1
GATA2,APP,1
GATA2,SLC6A15,1
GATA2,CTSB,1
GATA2,SH2D5,1
GATA2,ZNRF2,1
GATA2,SELENOP,1
GATA2,RORA,1
GATA2,GSTT1,1
GATA2,ARPP21,1
GATA2,AKNA,1
GATA2,SLC44A2,1
GATA2,PLXDC2,1
GATA2,SLC35D3,1
GATA2,PPM1G,1
GATA2,BDH2,1
GATA2,RHOH,1
GATA2,ITGB7,1
GATA2,CTNNAL1,1
GATA2,STK17B,1
GATA2,NUDT19,1
GATA2,HOXA9,1
GATA2,FDFT1,1
GATA2,GM973,1
GATA2,SERPINA3F,1
GATA2,FAM171A1,1
GATA2,SLC18A1,1
GATA2,SOCS2,1
GATA2,RAB27B,1
GATA2,OSGIN1,1
GATA2,MPDZ,1
GATA2,GDA,1
GATA2,ARHGAP27,1
GATA2,F2R,1
GATA2,SERP1,1
GATA2,SERPINB6A,1
GATA2,DCK,1
GATA2,GOLM1,1
GATA2,NUCB2,1
GATA2,FRMD6,1
GATA2,MCM5,1
GATA2,MEIS1,1
GATA2,ANKRD44,1
GATA2,KIT,1
GATA2,ARHGEF39,1
GATA2,LYN,1
GATA2,PDGFRB,1
GATA2,CD93,1
GATA2,TMEM268,1
GATA2,GSTM1,1
GATA2,MLPH,1
GATA2,GM4951,1
GATA2,ELL2,1
GATA2,EMB,1
GATA2,CLIP3,1
GATA2,PRSS57,1
GATA2,HSPE1,1
GATA2,GNG2,1
GATA2,TCAF1,1
GATA2,JAM3,1
GATA2,PTGER2,1
GATA2,TRPV2,1
GATA2,GMNN,1
GATA2,RNF38,1
GATA2,OTUB2,1
GATA2,PYGL,1
GATA2,IRF6,1
GATA2,CARD6,1
GATA2,TMEM14C,1
GATA2,NEO1,1
GATA2,PDE1C,1
GATA2,FCGRT,1
GATA2,NR3C2,1
GATA2,IFI27,1
GATA2,PANX1,1
GATA2,CAR2,1
GATA2,DYNLL1,1
GATA2,NFIA,1
GATA2,CD81,1
GATA2,TTC39B,1
GATA2,XDH,1
GATA2,FSTL1,1
GATA2,RRAS,1
GATA2,HSD3B7,1
GATA2,SLC16A11,1
GATA2,PRIM1,1
GATA2,SDC2,1
GATA2,ITGA6,1
GATA2,LDHB,1
GATA2,CD52,1
GATA2,KLF3,1
GATA2,ARHGAP29,1
GATA2,RAB38,1
GATA2,PIRB,1
GATA2,CTTN,1
GATA2,PRPS2,1
GATA2,ENPP5,1
GATA2,SATB1,1
GATA2,NDRG2,1
GATA2,PGRMC1,1
GATA2,SMPDL3A,1
GATA2,SERPINA3G,1
GATA2,CAV2,1
GATA2,SYK,1
GATA2,ANXA2,1
GATA2,RGS2,1
GATA2,MYC,1
GATA2,PSTPIP1,1
GATA2,SNAP47,1
GATA2,DOCK10,1
GATA2,VWF,1
GATA2,IKZF1,1
GATA2,CPQ,1
GATA2,CCDC112,1
GATA2,PBX1,1
GATA2,RNF125,1
GATA2,ALDH1A1,1
GATA2,LGALS1,1
GATA2,HCK,1
GATA2,DENND2D,1
GATA2,ZBTB20,1
GATA2,PAG1,1
GATA2,YBX1,1
GATA2,ZYX,1
GATA2,SERPINB1A,1
GATA2,ARHGEF18,1
GATA2,STK10,1
GATA2,RGS19,1
GATA2,GAS2L3,1
GATA2,CASP12,1
GATA2,VAV3,1
GATA2,METTL7A1,1
GATA2,SERPINF1,1
GATA2,RUNX2,1
GATA2,PRUNE2,1
GATA2,ZMIZ1,1
GATA2,NOXA1,1
GATA2,EFNA1,1
GATA2,CDKN1C,1
GATA2,SPC24,1
GATA2,MTUS1,1
GATA2,FCHO2,1
GATA2,USP11,1
GATA2,WLS,1
GATA2,MMRN1,1
GATA2,IFI27L2A,1
GATA2,CDK17,1
GATA2,CTSL,1
GATA2,JAM2,1
GATA2,CTR9,1
GATA2,PDGFD,1
GATA2,MOGS,1
GATA2,SDC1,1
GATA2,LSP1,1
GATA2,HMGB2,1
GATA2,BTLA,1
GATA2,PRKCH,1
GATA2,FADS1,1
GATA2,ABCG2,1
GATA2,FLNA,1
GATA2,FOXO1,1
GATA2,NOTCH1,1
GATA2,FUT8,1
GATA2,ZFP37,1
GATA2,SAT1,1
GATA2,SLC16A2,1
GATA2,CTSH,1
GATA2,CLU,1
GATA2,ZFP422,1
GATA2,MEF2C,1
GATA2,D630039A03RIK,1
GATA2,COL4A2,1
GATA2,COL4A1,1
GATA2,TALDO1,1
GATA2,APOE,1
GATA2,TNS2,1
GATA2,RARB,1
GATA2,GBP2,1
GATA2,TM4SF1,1
GATA2,KCNK5,1
GATA2,RASA4,1
GATA2,PDE1B,1
GATA2,IFITM3,1
GFI1B,MPZL1,1
GFI1B,ITSN1,1
GFI1B,HMGB2,1
GFI1B,GM2A,1
GFI1B,ZFP658,1
GFI1B,CAMSAP2,1
GFI1B,GAS2L3,1
GFI1B,ABHD17B,1
GFI1B,ARID5A,1
GFI1B,SPI1,1
GFI1B,ITGB5,1
GFI1B,LAPTM5,1
GFI1B,REL,1
GFI1B,CCNG2,1
GFI1B,HNRNPAB,1
GFI1B,RANBP1,1
GFI1B,MYCT1,1
GFI1B,ELOVL5,1
GFI1B,CLEC12A,1
GFI1B,DOCK10,1
GFI1B,NFE2,1
GFI1B,MEIS1,1
GFI1B,RGS19,1
GFI1B,CFP,1
GFI1B,CSGALNACT1,1
GFI1B,PROCR,1
GFI1B,RASSF2,1
GFI1B,CTSS,1
GFI1B,NEURL3,1
GFI1B,LGMN,1
GFI1B,TRIM16,1
GFI1B,TMEM173,1
GFI1B,PKN3,1
GFI1B,PARP8,1
GFI1B,MYO5A,1
GFI1B,SLC26A11,1
GFI1B,CARD6,1
GFI1B,LARS2,1
GFI1B,DHRS3,1
GFI1B,CKS1B,1
GFI1B,MAMDC2,1
GFI1B,VAV3,1
GFI1B,PLPPR3,1
GFI1B,MCM4,1
GFI1B,CD244A,1
GFI1B,ZNRF2,1
GFI1B,CDK6,1
GFI1B,SSH2,1
GFI1B,NCEH1,1
GFI1B,RGS2,1
GFI1B,PF4,1
GFI1B,DEF8,1
GFI1B,CMAH,1
GFI1B,FOXO1,1
GFI1B,CPQ,1
GFI1B,SLC39A13,1
GFI1B,MCM7,1
GFI1B,TESPA1,1
GFI1B,RBPMS,1
GFI1B,TTC39B,1
GFI1B,SERPINB1A,1
GFI1B,FUT7,1
GFI1B,KIT,1
GFI1B,CD44,1
GFI1B,IKZF1,1
GFI1B,TMEM123,1
GFI1B,SERPINB6A,1
GFI1B,HSPE1,1
GFI1B,METTL7A1,1
GFI1B,MYCN,1
GFI1B,GMNN,1
GFI1B,RASAL3,1
GFI1B,NCKAP1,1
GFI1B,SLC18A2,1
GFI1B,NPM1,1
GFI1B,CDT1,1
GFI1B,ITPR2,1
GFI1B,CAV2,1
GFI1B,VAMP1,1
GFI1B,IRF8,1
GFI1B,MGAT1,1
GFI1B,CTSL,1
GFI1B,SERP1,1
GFI1B,RNF13,1
GFI1B,SLC44A2,1
GFI1B,DTL,1
GFI1B,ITGAL,1
GFI1B,ADSSL1,1
GFI1B,TMEM268,1
GFI1B,PECAM1,1
GFI1B,ARHGDIB,1
GFI1B,TYROBP,1
GFI1B,FCGRT,1
GFI1B,ZFP62,1
GFI1B,UAP1L1,1
GFI1B,SATB1,1
GFI1B,BTLA,1
GFI1B,PLIN3,1
GFI1B,DYNLL1,1
GFI1B,PPP1R15A,1
GFI1B,SLC2A3,1
GFI1B,TBC1D5,1
GFI1B,ZFP367,1
GFI1B,FUCA2,1
GFI1B,SHROOM4,1
GFI1B,RAB38,1
GFI1B,LACTB,1
GFI1B,HDAC7,1
GFI1B,TFEC,1
GFI1B,MAML3,1
GFI1B,INHBA,1
GFI1B,UBE2L6,1
GFI1B,SYK,1
GFI1B,CHST2,1
GFI1B,SLBP,1
GFI1B,TXNIP,1
GFI1B,KCTD12,1
GFI1B,ART4,1
GFI1B,TMEM246,1
GFI1B,RNF125,1
GFI1B,PLEKHB1,1
GFI1B,PTPRE,1
GFI1B,VAMP5,1
GFI1B,NUPR1,1
GFI1B,PYGL,1
GFI1B,CD33,1
GFI1B,TIFAB,1
GFI1B,TES,1
GFI1B,ERP29,1
GFI1B,UPP1,1
GFI1B,GM1966,1
GFI1B,CD69,1
GFI1B,CD48,1
GFI1B,PRNP,1
GFI1B,PAFAH2,1
GFI1B,CTR9,1
GFI1B,LONP2,1
GFI1B,CDK19,1
GFI1B,CCL9,1
GFI1B,STK17B,1
GFI1B,CD38,1
GFI1B,ESR1,1
GFI1B,ZMIZ1,1
GFI1B,DCK,1
GFI1B,TAPT1,1
GFI1B,ME2,1
GFI1B,KAZALD1,1
GFI1B,ITGB2,1
GFI1B,CCT2,1
GFI1B,XRCC6,1
GFI1B,CD53,1
GFI1B,TMEM14C,1
GFI1B,IL7R,1
GFI1B,SPC24,1
GFI1B,PPM1G,1
GFI1B,GPX1,1
GFI1B,EFNA1,1
GFI1B,RUSC2,1
GFI1B,RNF38,1
IKZF1,ELF1,1
IKZF1,PKN3,1
IKZF1,SLC39A13,1
IKZF1,NFE2,1
IKZF1,NCEH1,1
IKZF1,NHP2,1
IKZF1,FRMD6,1
IKZF1,GSTM1,1
IKZF1,CISH,1
IKZF1,KAZALD1,1
IKZF1,DUSP5,1
IKZF1,LAPTM5,1
IKZF1,ARHGDIB,1
IKZF1,TBXA2R,1
IKZF1,PPP1R15A,1
IKZF1,F2R,1
IKZF1,UCP2,1
IKZF1,UNC93B1,1
IKZF1,ARID5A,1
IKZF1,SNAP47,1
IKZF1,XRCC6,1
IKZF1,LONP2,1
IKZF1,ACAP1,1
IKZF1,CSGALNACT1,1
IKZF1,CMAH,1
IKZF1,FUT8,1
IKZF1,TTC39B,1
IKZF1,PAFAH2,1
IKZF1,TRIM16,1
IKZF1,DTL,1
IKZF1,SLC9A9,1
IKZF1,SELPLG,1
IKZF1,CDK19,1
IKZF1,TBC1D5,1
IKZF1,PLEKHB1,1
IKZF1,IL7R,1
IKZF1,NAPSA,1
IKZF1,XPC,1
IKZF1,ME2,1
IKZF1,PSTPIP1,1
IKZF1,CAR2,1
IKZF1,LRRC8C,1
IKZF1,CAPG,1
IKZF1,LCK,1
IKZF1,FUCA2,1
IKZF1,PLIN3,1
IKZF1,DOCK10,1
IKZF1,CAMSAP2,1
IKZF1,RAB27B,1
IKZF1,GPX1,1
IKZF1,SYK,1
IKZF1,UBA7,1
IKZF1,TIPIN,1
IKZF1,LCP1,1
IKZF1,CDT1,1
IKZF1,RHOH,1
IKZF1,AMPD2,1
IKZF1,SGMS1,1
IKZF1,NUCB2,1
IKZF1,METTL7A1,1
IKZF1,TYROBP,1
IKZF1,RANBP1,1
IKZF1,SERPINB6A,1
IKZF1,ARHGAP18,1
IKZF1,TMEM123,1
IKZF1,SLBP,1
IKZF1,LAX1,1
IKZF1,SSH2,1
IKZF1,SERPINA3G,1
IKZF1,SERPINA3F,1
IKZF1,RASAL3,1
IKZF1,MGAT1,1
IKZF1,FCHO2,1
IKZF1,STXBP1,1
IKZF1,AKNA,1
IKZF1,ZBTB20,1
IKZF1,ZFP62,1
IKZF1,PBLD2,1
IKZF1,PANX1,1
IKZF1,TXNIP,1
IKZF1,SOCS2,1
IKZF1,SERP1,1
IKZF1,MCM4,1
IKZF1,KCTD12,1
IKZF1,NRROS,1
IKZF1,PPCDC,1
IKZF1,CD93,1
IKZF1,DHRS3,1
IKZF1,PRKCH,1
IKZF1,RASSF2,1
IKZF1,CD69,1
IKZF1,MAML3,1
IKZF1,SNAP23,1
IKZF1,ARPP21,1
IKZF1,IRAK3,1
IKZF1,GSN,1
IKZF1,ZNRF2,1
IKZF1,GIMAP5,1
IKZF1,GPR18,1
IKZF1,PTP4A3,1
IKZF1,ZFP658,1
IKZF1,GRAMD1A,1
IKZF1,CORO7,1
IKZF1,PKIB,1
IKZF1,ANXA5,1
IKZF1,PARVG,1
IKZF1,EYA2,1
IKZF1,CTSB,1
IKZF1,TMEM173,1
IKZF1,ADGRG1,1
IKZF1,H2AFY,1
IKZF1,CAMK1D,1
IKZF1,GFI1B,1
IKZF1,ELOVL5,1
IKZF1,PRNP,1
IKZF1,REL,1
IKZF1,DCK,1
IKZF1,DUSP6,1
IKZF1,ITGAL,1
IKZF1,TES,1
IKZF1,CARD6,1
IKZF1,ITPR2,1
IKZF1,ICA1,1
IKZF1,CIPC,1
IKZF1,BC035044,1
IKZF1,NUDT19,1
IKZF1,TESPA1,1
IKZF1,RCSD1,1
IKZF1,SPI1,1
IKZF1,DYNLL1,1
IKZF1,ITGB2,1
IKZF1,CLEC12A,1
IKZF1,SLFN2,1
IKZF1,EVI2A,1
IKZF1,H1F0,1
IKZF1,CDK17,1
IKZF1,SAMSN1,1
IKZF1,PPM1G,1
IKZF1,MKI67,1
IKZF1,HSD3B7,1
IKZF1,RAG2,1
IKZF1,PDCD4,1
IKZF1,WLS,1
IKZF1,CNN3,1
IKZF1,USP11,1
IKZF1,RGS19,1
IKZF1,KLF6,1
IKZF1,CORO1A,1
IKZF1,SELENOP,1
IKZF1,ITGA6,1
IKZF1,MMRN1,1
IKZF1,CPQ,1
IKZF1,GBP9,1
IKZF1,ABCG3,1
IKZF1,UHRF1,1
IKZF1,FCRL1,1
IKZF1,MYC,1
IKZF1,RGS2,1
IKZF1,SLAMF1,1
IKZF1,LY9,1
IKZF1,PLSCR4,1
IKZF1,CKS1B,1
IKZF1,CCR7,1
IKZF1,GAS2L3,1
IKZF1,PLXDC2,1
IKZF1,UAP1L1,1
IKZF1,RNF38,1
IKZF1,PLCL1,1
IKZF1,GNG2,1
IKZF1,LSP1,1
IKZF1,ZFP367,1
IKZF1,UBASH3A,1
IKZF1,MYCN,1
IKZF1,LARS2,1
IKZF1,GIMAP1,1
IKZF1,BCL2,1
IKZF1,WFDC2,1
IKZF1,IL17RA,1
IKZF1,LYN,1
IKZF1,HMGB2,1
IKZF1,CD53,1
IKZF1,ITSN1,1
IKZF1,CCDC112,1
IKZF1,FADS1,1
IKZF1,FLT3,1
IKZF1,TOP2A,1
IKZF1,GBP4,1
IKZF1,CBFB,1
IKZF1,EPSTI1,1
IKZF1,5430427O19RIK,1
IKZF1,MCM7,1
IKZF1,TMEM14C,1
IKZF1,KLF3,1
IKZF1,NWD1,1
IKZF1,IFI27,1
IKZF1,ST8SIA4,1
IKZF1,ERP29,1
IKZF1,IL17RE,1
IKZF1,NPM1,1
IKZF1,TM6SF1,1
IKZF1,HDAC7,1
IKZF1,MEF2C,1
IKZF1,APLP2,1
IKZF1,VAMP1,1
IKZF1,STARD4,1
IKZF1,TUBB4B,1
IKZF1,TIFAB,1
IKZF1,SP100,1
IKZF1,HSPE1,1
IKZF1,MLLT3,1
IKZF1,CLU,1
IKZF1,ARHGAP27,1
IKZF1,GMNN,1
IKZF1,HAAO,1
IKZF1,FOXO1,1
IKZF1,BLNK,1
IKZF1,CARD11,1
IKZF1,MCM5,1
IKZF1,NCAPD2,1
IKZF1,TPM4,1
IKZF1,INHBA,1
IKZF1,PRSS57,1
IKZF1,NLRC3,1
IKZF1,CD55,1
IKZF1,H2-DMA,1
IKZF1,ABHD17B,1
IKZF1,IFITM1,1
IKZF1,PARP8,1
IKZF1,CD48,1
IKZF1,ENG,1
IKZF1,UBE2L6,1
IKZF1,MOGS,1
IKZF1,BTG2,1
IKZF1,COQ8A,1
IKZF1,GGTA1,1
IKZF1,GIMAP8,1
IKZF1,SIGLECG,1
IKZF1,GAA,1
IKZF1,PRPS2,1
IKZF1,RPS27L,1
IKZF1,SAT1,1
IKZF1,ADSSL1,1
IKZF1,GM2A,1
IKZF1,ARHGEF18,1
IKZF1,TRPV2,1
IKZF1,HNRNPAB,1
IKZF1,PTPRE,1
IKZF1,DPP4,1
IKZF1,DUSP1,1
IKZF1,CDK6,1
IKZF1,DOCK11,1
IKZF1,H2-Q6,1
IKZF1,OAS2,1
IKZF1,VAMP5,1
IKZF1,MPZL1,1
IKZF1,ATP8B4,1
IKZF1,MYO5A,1
IKZF1,PRIM1,1
IKZF1,P2RY14,1
IKZF1,OTUB2,1
IKZF1,SATB1,1
IKZF1,CERS4,1
IKZF1,ZFP422,1
IKZF1,SLC18A1,1
IKZF1,NOTCH1,1
IKZF1,VAV3,1
IKZF1,UQCR11,1
IKZF1,RRAS,1
IKZF1,SLC25A5,1
IKZF1,TMEM206,1
IKZF1,KIT,1
IKZF1,TRIM47,1
IKZF1,ATPIF1,1
IKZF1,FAM171B,1
IKZF1,STK10,1
IKZF1,SLC2A3,1
IKZF1,TALDO1,1
IKZF1,RNF213,1
IKZF1,RNF13,1
IKZF1,ZMIZ1,1
IKZF1,PLD4,1
IKZF1,RNASE6,1
IKZF1,OTULINL,1
IKZF1,TRIB3,1
IKZF1,HLF,1
IKZF1,GHR,1
IKZF1,TMEM176B,1
IKZF1,CAV2,1
IKZF1,ANGPT1,1
IKZF1,N4BP3,1
IKZF1,SLC26A11,1
IKZF1,CCT2,1
IKZF1,ABCG2,1
IKZF1,ZYX,1
IKZF1,H2-OB,1
IKZF1,RAMP1,1
IKZF1,CD244A,1
IKZF1,VEGFC,1
IKZF1,AP1S2,1
IKZF1,ARHGAP15,1
IKZF1,FGD2,1
IKZF1,PTGS1,1
IKZF1,HID1,1
IKZF1,SPC24,1
IKZF1,SELL,1
IKZF1,IFI213,1
IKZF1,TSPAN13,1
IKZF1,S100A6,1
IKZF1,IPCEF1,1
IKZF1,POLA2,1
IKZF1,GDA,1
IKZF1,NT5C3,1
IKZF1,TSPAN3,1
IKZF1,NPDC1,1
IKZF1,TRIM59,1
IKZF1,CYFIP2,1
IKZF1,TSC22D3,1
IKZF1,LGALS1,1
IKZF1,MAN1A,1
IKZF1,IRF8,1
IKZF1,GOLM1,1
IKZF1,BTLA,1
IKZF1,ICOS,1
IKZF1,CD44,1
IKZF1,IFI209,1
IKZF1,CTR9,1
IKZF1,LTB,1
IKZF1,ARHGEF39,1
IKZF1,EEPD1,1
IKZF1,PGRMC1,1
IKZF1,FUT7,1
IKZF1,STK17B,1
IKZF1,RHOF,1
IKZF1,SLC43A2,1
IKZF1,LGMN,1
IKZF1,LACTB,1
IKZF1,GBP2,1
IKZF1,ARL11,1
IKZF1,FAM171A1,1
IKZF1,SYTL1,1
IKZF1,SLA,1
IKZF1,PAG1,1
IKZF1,CST7,1
IKZF1,ANKRD44,1
IKZF1,PRR5,1
IKZF1,SDC1,1
IKZF1,CCNG2,1
IKZF1,ANKRD33B,1
IKZF1,FDFT1,1
IKZF1,LDHB,1
IKZF1,ESR1,1
IKZF1,BDH2,1
IKZF1,SLC39A6,1
IKZF1,COX6A1,1
IKZF1,TFEC,1
IKZF1,DEF8,1
IKZF1,TFR2,1
IKZF1,MAGED2,1
IKZF1,EFNA1,1
IKZF1,DOK2,1
IKZF1,DENND2D,1
IKZF1,TINAGL1,1
IKZF1,IGFBP4,1
IKZF1,RPL41,1
IKZF1,RFTN1,1
IKZF1,ELL2,1
IKZF1,PF4,1
IKZF1,CSF1R,1
IKZF1,ADAMTSL5,1
IKZF1,CD7,1
IKZF1,GM5111,1
IKZF1,ITGB5,1
IKZF1,CHIL5,1
IKZF1,PLK2,1
IKZF1,JPT1,1
IKZF1,CFP,1
IKZF1,CBX7,1
IKZF1,AMIGO2,1
IKZF1,IL18BP,1
IKZF1,NUPR1,1
IKZF1,CD38,1
IKZF1,EBI3,1
IKZF1,RASA4,1
IKZF1,CHST2,1
IKZF1,PLXNC1,1
IKZF1,PAQR5,1
IKZF1,RORA,1
IKZF1,YBX1,1
IKZF1,MSMO1,1
IKZF1,SMPDL3A,1
IKZF1,GPR171,1
IKZF1,PTGER2,1
IKZF1,TNFAIP2,1
IKZF1,EMB,1
IKZF1,TMSB4X,1
IKZF1,GPR65,1
IKZF1,TGM2,1
IKZF1,LAG3,1
IKZF1,PLXNA1,1
IKZF1,SLCO3A1,1
IKZF1,CCL3,1
IKZF1,FGFR3,1
IKZF1,SERPINB1A,1
IKZF1,IFITM3,1
IKZF1,TMEM268,1
IKZF1,PKIA,1
IKZF1,APOE,1
IKZF1,KLRD1,1
IKZF1,MCTP2,1
IKZF1,JAM2,1
IKZF1,MPEG1,1
IKZF1,TSPAN2,1
IKZF1,NDNF,1
IKZF1,SLC29A1,1
IKZF1,MTUS1,1
IKZF1,KCNK5,1
IKZF1,NDRG2,1
IKZF1,TAPT1,1
IKZF1,MEIS1,1
IKZF1,PRUNE2,1
IKZF1,SLC16A11,1
IKZF1,F11R,1
IKZF1,PLEK,1
IKZF1,IFI27L2A,1
IKZF1,CREG1,1
IKZF1,ITGAM,1
IKZF1,CTSS,1
IKZF1,SPNS2,1
IKZF1,SLC16A10,1
IKZF1,NEURL3,1
IKZF1,FLNA,1
IKZF1,SLC35D3,1
IKZF1,NCKAP1,1
IKZF1,PEAR1,1
IKZF1,PBX1,1
IKZF1,OSGIN1,1
IKZF1,CTSW,1
IKZF1,COX7B,1
IKZF1,HACD4,1
IKZF1,APP,1
IKZF1,KIF17,1
IKZF1,CD27,1
IKZF1,RAB38,1
IKZF1,SEMA3D,1
IKZF1,SLC44A2,1
IKZF1,IGF1,1
IKZF1,GIMAP3,1
IKZF1,KBTBD11,1
IKZF1,CLEC2I,1
IKZF1,XDH,1
IKZF1,EMP1,1
IKZF1,NFIA,1
IKZF1,IRF6,1
IKZF1,RP2,1
IKZF1,IL18RAP,1
IKZF1,SPNS3,1
IKZF1,KLHL4,1
IKZF1,SLC18A2,1
IKZF1,ARRDC4,1
IKZF1,CCDC136,1
IKZF1,IL12A,1
IKZF1,FGD5,1
IKZF1,CTNNAL1,1
IKZF1,RHBDF1,1
IKZF1,SCRN1,1
IKZF1,CTTN,1
IKZF1,CASP12,1
IKZF1,NSMF,1
IRF8,H2-Q6,1
IRF8,MPEG1,1
IRF8,PF4,1
IRF8,GPR18,1
IRF8,CD53,1
IRF8,NAIP6,1
IRF8,NAPSA,1
IRF8,RBPMS,1
IRF8,LSP1,1
IRF8,CLEC12A,1
IRF8,CFP,1
IRF8,INHBA,1
IRF8,WFDC17,1
IRF8,GBP9,1
IRF8,ERP29,1
IRF8,NCEH1,1
IRF8,LY86,1
IRF8,GBP2,1
IRF8,ARID5A,1
IRF8,METTL7A1,1
IRF8,RNF213,1
IRF8,ELF1,1
IRF8,UBA7,1
IRF8,UNC93B1,1
IRF8,BC035044,1
IRF8,CD74,1
IRF8,IL18BP,1
IRF8,GBP4,1
IRF8,FGD2,1
IRF8,CLEC1A,1
IRF8,SLC43A2,1
IRF8,SLFN2,1
IRF8,EPSTI1,1
IRF8,VAV3,1
IRF8,PIRB,1
IRF8,SAMSN1,1
IRF8,LAPTM5,1
IRF8,MEF2C,1
IRF8,ATP8B4,1
IRF8,SELPLG,1
IRF8,P2RY14,1
IRF8,PARVG,1
IRF8,SELENOP,1
IRF8,IL12A,1
IRF8,FCRL1,1
IRF8,TM6SF1,1
IRF8,CTSS,1
IRF8,APOE,1
IRF8,EBI3,1
IRF8,CCL3,1
IRF8,RHOH,1
IRF8,ME2,1
IRF8,ZFP62,1
IRF8,IKZF1,1
IRF8,ANGPT1,1
IRF8,ZFP658,1
IRF8,GNG2,1
IRF8,SLC39A13,1
IRF8,SLC18A1,1
IRF8,RNASE6,1
IRF8,CD48,1
IRF8,UPP1,1
IRF8,SP100,1
IRF8,RARB,1
IRF8,HSPE1,1
IRF8,NCF1,1
IRF8,CPQ,1
IRF8,SYK,1
IRF8,CHIL5,1
IRF8,CTTN,1
IRF8,LCP1,1
IRF8,DOCK10,1
IRF8,ARHGDIB,1
IRF8,UBE2L6,1
IRF8,KAZALD1,1
IRF8,H2-OB,1
IRF8,DUSP5,1
IRF8,ITGAL,1
IRF8,ARRDC4,1
IRF8,DENND2D,1
IRF8,ITGB2,1
IRF8,PDE1B,1
IRF8,BLNK,1
IRF8,NUDT19,1
IRF8,HAAO,1
IRF8,TRPV2,1
IRF8,TESPA1,1
IRF8,RANBP1,1
IRF8,TBC1D5,1
IRF8,VAMP1,1
IRF8,TMEM173,1
IRF8,OAS2,1
IRF8,PLK2,1
IRF8,FUT7,1
IRF8,PLD4,1
IRF8,TYROBP,1
IRF8,TMEM206,1
IRF8,ZFP367,1
IRF8,KCTD12,1
IRF8,IGF1,1
IRF8,XRCC6,1
IRF8,PLEK,1
IRF8,IFITM3,1
IRF8,MGAT1,1
IRF8,ITGB7,1
IRF8,TBXA2R,1
IRF8,GFI1B,1
IRF8,ITPR2,1
IRF8,LDHB,1
IRF8,SERPINA3G,1
IRF8,SERPINA3F,1
IRF8,CST7,1
IRF8,TXNIP,1
IRF8,DHRS3,1
IRF8,RUSC2,1
IRF8,ARL11,1
IRF8,CD33,1
IRF8,TES,1
IRF8,IFI209,1
IRF8,HACD4,1
IRF8,MCM7,1
IRF8,PLIN3,1
IRF8,ARHGAP15,1
IRF8,MCM4,1
IRF8,GIMAP5,1
IRF8,CCR9,1
IRF8,TBXAS1,1
IRF8,RASSF2,1
IRF8,PTGS1,1
IRF8,RP2,1
IRF8,SIGLECG,1
IRF8,ENG,1
IRF8,TUBB4B,1
IRF8,TIFAB,1
IRF8,SGMS1,1
IRF8,LONP2,1
IRF8,WLS,1
IRF8,GM4951,1
IRF8,ARHGEF39,1
IRF8,CBFB,1
IRF8,TFEC,1
IRF8,S100A6,1
IRF8,CSF1R,1
IRF8,H2-DMA,1
IRF8,OSGIN1,1
IRF8,EEPD1,1
IRF8,NOTCH1,1
IRF8,PDCD4,1
IRF8,AMPD2,1
IRF8,PTGER2,1
IRF8,STK10,1
IRF8,DOK2,1
IRF8,ATP1A3,1
IRF8,CD244A,1
IRF8,XDH,1
IRF8,SULT1A1,1
IRF8,XPC,1
IRF8,SLC26A11,1
IRF8,SCARF1,1
IRF8,CIPC,1
IRF8,IPCEF1,1
IRF8,GAS2L3,1
IRF8,SLC35D3,1
IRF8,GCSAM,1
IRF8,KBTBD11,1
IRF8,CDK19,1
IRF8,GM1966,1
IRF8,MEIS1,1
IRF8,CARD6,1
IRF8,ATPIF1,1
IRF8,MYO5A,1
IRF8,NT5C3,1
IRF8,SERP1,1
IRF8,IL7R,1
IRF8,CARD11,1
IRF8,PKN3,1
IRF8,ZBTB20,1
IRF8,ESR1,1
IRF8,ITGAM,1
IRF8,NUPR1,1
IRF8,HCK,1
IRF8,MYC,1
MEF2C,KLF6,1
MEF2C,CCL3,1
MEF2C,OBSCN,1
MEIS1,DEPP1,1
MEIS1,PIRB,1
MEIS1,NEURL3,1
MEIS1,PTGS1,1
MEIS1,BPIFC,1
MEIS1,NPDC1,1
MEIS1,ARID5A,1
MEIS1,CD69,1
MEIS1,HOXA9,1
MEIS1,ITGB2,1
MEIS1,CD33,1
MEIS1,SSH2,1
MEIS1,METTL7A1,1
MEIS1,SPC24,1
MEIS1,ABCG2,1
MEIS1,WFDC17,1
MEIS1,TES,1
MEIS1,LONP2,1
MEIS1,FUT7,1
MEIS1,SPI1,1
MEIS1,OTULINL,1
MEIS1,EVI2A,1
MEIS1,ANGPT1,1
MEIS1,SERPINB6A,1
MEIS1,UQCR11,1
MEIS1,HACD4,1
MEIS1,LACTB,1
MEIS1,EMB,1
MEIS1,SELPLG,1
MEIS1,PBLD2,1
MEIS1,XDH,1
MEIS1,ADGRG3,1
MEIS1,GSN,1
MEIS1,NFE2,1
MEIS1,NR3C2,1
MEIS1,MAN1A,1
MEIS1,SLC9A9,1
MEIS1,DYNLL1,1
MEIS1,KLF3,1
MEIS1,TXNIP,1
MEIS1,ZFP367,1
MEIS1,TESPA1,1
MEIS1,REL,1
MEIS1,VAV3,1
MEIS1,IL1R1,1
MEIS1,MECOM,1
MEIS1,ZFP658,1
MEIS1,ZNRF2,1
MEIS1,PAFAH2,1
MEIS1,ATP8B4,1
MEIS1,DUSP6,1
MEIS1,H2-DMA,1
MEIS1,SYK,1
MEIS1,XRCC6,1
MEIS1,PAG1,1
MEIS1,SLC26A11,1
MEIS1,SGMS1,1
MEIS1,RASAL3,1
MEIS1,MPO,1
MEIS1,CHST2,1
MEIS1,BTLA,1
MEIS1,MYO5A,1
MEIS1,SELENOP,1
MEIS1,OTUB2,1
MEIS1,CLEC12A,1
MEIS1,PTPRE,1
MEIS1,GHR,1
MEIS1,CAMSAP2,1
MEIS1,IL12A,1
MEIS1,LAPTM5,1
MEIS1,SERP1,1
MEIS1,GP9,1
MEIS1,ANXA5,1
MEIS1,SAMSN1,1
MEIS1,MTUS1,1
MEIS1,MCM7,1
MEIS1,AMPD2,1
MEIS1,TINAGL1,1
MEIS1,NWD1,1
MEIS1,FGD2,1
MEIS1,LARS2,1
MEIS1,CORO7,1
MEIS1,TMEM123,1
MEIS1,GAA,1
MEIS1,FUCA2,1
MEIS1,TSPAN3,1
MEIS1,GSTM1,1
MEIS1,FOXO1,1
MEIS1,MPZL1,1
MEIS1,DOCK10,1
MEIS1,SLBP,1
MEIS1,CD63,1
MEIS1,PARP8,1
MEIS1,CHRNB1,1
MEIS1,ITSN1,1
MEIS1,CCNG2,1
MEIS1,SPNS2,1
MEIS1,ABHD17B,1
MEIS1,ARHGDIB,1
MEIS1,CYFIP2,1
MEIS1,TRIM16,1
MEIS1,COX6A1,1
MEIS1,GM1966,1
MEIS1,CSF3R,1
MEIS1,ARHGAP27,1
MEIS1,FUT8,1
MEIS1,AKNA,1
MEIS1,EBI3,1
MEIS1,ERP29,1
MEIS1,NUDT19,1
MEIS1,ICA1,1
MEIS1,VDR,1
MEIS1,SP100,1
MEIS1,PBX1,1
MEIS1,RARB,1
MEIS1,SERPINA3G,1
MEIS1,ME2,1
MEIS1,VAMP5,1
MEIS1,SLCO3A1,1
MEIS1,CTSL,1
MEIS1,PDCD4,1
MEIS1,IRAK3,1
MEIS1,TFR2,1
MEIS1,MGAT1,1
MEIS1,PLK2,1
MEIS1,CISH,1
MEIS1,CTR9,1
MEIS1,CDK6,1
MEIS1,ACAP1,1
MEIS1,CD55,1
MEIS1,TSC22D3,1
MEIS1,LCP1,1
MEIS1,SH2D5,1
MEIS1,CDT1,1
MEIS1,DUSP1,1
MEIS1,SLC39A13,1
MEIS1,S100A6,1
MEIS1,RFTN1,1
MEIS1,HID1,1
MEIS1,NRROS,1
MEIS1,CKS1B,1
MEIS1,RPS27L,1
MEIS1,RHOH,1
MEIS1,ELF1,1
MEIS1,ATP1A3,1
MEIS1,CTSG,1
MEIS1,HMGB2,1
MEIS1,CIPC,1
MEIS1,PLEK,1
MEIS1,NUPR1,1
MEIS1,SLC25A5,1
MEIS1,ZYX,1
MEIS1,PLCL1,1
MEIS1,PARVG,1
MEIS1,AFDN,1
MEIS1,RNF125,1
MEIS1,MOGS,1
MEIS1,MAML3,1
MEIS1,UPP1,1
MEIS1,LYN,1
MEIS1,RHOF,1
MEIS1,RANBP1,1
MEIS1,ADSSL1,1
MEIS1,PF4,1
MEIS1,PRNP,1
MEIS1,TMEM14C,1
MEIS1,ELL2,1
MEIS1,TMEM206,1
MEIS1,ARL11,1
MEIS1,PEAR1,1
MEIS1,DHRS3,1
MEIS1,IL18RAP,1
MEIS1,RGS2,1
MEIS1,GRAMD1A,1
MEIS1,PLIN3,1
MEIS1,CORO1A,1
MEIS1,CD244A,1
MEIS1,DCK,1
MEIS1,ST8SIA4,1
MEIS1,VAMP1,1
MEIS1,ITGAL,1
MEIS1,KIF17,1
MEIS1,TIFAB,1
MEIS1,RNF13,1
MEIS1,KCTD12,1
MEIS1,TRIB3,1
MEIS1,CDK17,1
MEIS1,LSP1,1
MEIS1,TMEM37,1
MEIS1,ARHGEF39,1
MEIS1,PRIM1,1
MEIS1,SLC44A2,1
MEIS1,DENND2D,1
MEIS1,GAS2L3,1
MEIS1,ANKRD44,1
MEIS1,OBSL1,1
MEIS1,CLCA3A1,1
MEIS1,BTG2,1
MEIS1,PLD4,1
MEIS1,RNF38,1
MEIS1,ARHGAP18,1
MEIS1,NSMF,1
MEIS1,CTTN,1
MEIS1,TBC1D5,1
MEIS1,NDRG2,1
MEIS1,CDK19,1
MEIS1,TYROBP,1
MEIS1,CBFB,1
MEIS1,RPL41,1
MEIS1,PPM1G,1
MEIS1,NCAPD2,1
MEIS1,STK17B,1
MEIS1,CBX7,1
MEIS1,EEPD1,1
MEIS1,KLF6,1
MEIS1,ARHGAP29,1
MEIS1,CCL3,1
MEIS1,TUBB4B,1
MEIS1,SLC16A10,1
MEIS1,SPNS3,1
MEIS1,SLFN2,1
MEIS1,APP,1
MEIS1,RGS19,1
MEIS1,BC035044,1
MEIS1,UBASH3A,1
MEIS1,NCEH1,1
MEIS1,DTL,1
MEIS1,MSMO1,1
MEIS1,TAPT1,1
MEIS1,CPQ,1
MEIS1,CAR2,1
MEIS1,SLC18A1,1
MEIS1,DUSP5,1
MEIS1,SDC2,1
MEIS1,PYGL,1
MEIS1,GFI1B,1
MEIS1,CHIL5,1
MEIS1,SNAP23,1
MEIS1,NT5C3,1
MEIS1,SLC6A15,1
MEIS1,AP1S2,1
MEIS1,CSGALNACT1,1
MEIS1,CAPG,1
MEIS1,UNC93B1,1
MEIS1,PANX1,1
MEIS1,UCP2,1
MEIS1,ARRDC4,1
MEIS1,P2RX1,1
MEIS1,IKZF1,1
MEIS1,GM2A,1
MEIS1,PTGER2,1
MEIS1,GDF3,1
MEIS1,FCRL1,1
MEIS1,STK10,1
MEIS1,DEF8,1
MEIS1,EFNA1,1
MEIS1,ANKRD33B,1
MEIS1,ANXA2,1
MEIS1,FDFT1,1
MEIS1,PPCDC,1
MEIS1,CD44,1
MEIS1,HDAC7,1
MEIS1,SLC39A6,1
MEIS1,TGM2,1
MEIS1,ICOS,1
MEIS1,CPNE8,1
MEIS1,ARHGAP15,1
MEIS1,TIPIN,1
MEIS1,CTSS,1
MEIS1,PLEKHB1,1
MEIS1,STXBP1,1
MEIS1,PSTPIP1,1
MEIS1,ELOVL5,1
MEIS1,TM6SF1,1
MEIS1,MLLT3,1
MEIS1,MCM4,1
MEIS1,APLP2,1
MEIS1,ITPR2,1
MEIS1,CCDC112,1
MEIS1,GNG11,1
MEIS1,FRMD6,1
MEIS1,STARD4,1
MEIS1,ZFP62,1
MEIS1,NAPSA,1
MEIS1,C1RL,1
MEIS1,TMSB4X,1
MEIS1,EMP1,1
MEIS1,CLEC2I,1
MEIS1,CD53,1
MEIS1,PRUNE2,1
MEIS1,NUCB2,1
MEIS1,IFI27,1
MEIS1,TRIM59,1
MEIS1,FCHO2,1
MEIS1,RORA,1
MEIS1,FCGRT,1
MEIS1,MYC,1
MEIS1,MCM5,1
MEIS1,PGRMC1,1
MEIS1,ESR1,1
MEIS1,TMEM268,1
MEIS1,CTNNAL1,1
MEIS1,SLC43A2,1
MEIS1,GDA,1
MEIS1,TALDO1,1
MEIS1,GSTT1,1
MEIS1,ARPP21,1
MEIS1,EYA2,1
MEIS1,NLRC3,1
MEIS1,SLC2A3,1
MEIS1,SAT1,1
MEIS1,SATB1,1
MEIS1,LAX1,1
MEIS1,GBP9,1
MEIS1,KAZALD1,1
MEIS1,H2AFY,1
MEIS1,NDNF,1
MEIS1,CAVIN2,1
MEIS1,HNRNPAB,1
MEIS1,RUNX1T1,1
MEIS1,MCTP2,1
MEIS1,LRRC8C,1
MEIS1,GGTA1,1
MEIS1,CMAH,1
MEIS1,CTSH,1
MEIS1,SLC16A2,1
MEIS1,GMNN,1
MEIS1,LTB,1
MEIS1,SIGLECG,1
MEIS1,HSPE1,1
MEIS1,XPC,1
MEIS1,LGMN,1
MEIS1,VEGFC,1
MEIS1,CST7,1
MEIS1,NAIP6,1
MEIS1,OSGIN1,1
MEIS1,UHRF1,1
MEIS1,PRKCH,1
MEIS1,PTP4A3,1
MEIS1,H2-OB,1
MEIS1,RUNX2,1
MEIS1,CD74,1
MEIS1,TTC39B,1
MEIS1,JPT1,1
MEIS1,RAMP1,1
MEIS1,ADGRG1,1
MEIS1,SLC29A1,1
MEIS1,CCT2,1
MEIS1,PDE1C,1
MEIS1,FAM171B,1
MEIS1,PAQR5,1
MEIS1,RASA4,1
MEIS1,DRC7,1
MEIS1,SLC22A3,1
MEIS1,GPX3,1
MEIS1,ENPP5,1
MEIS1,SHROOM4,1
MEIS1,TBXAS1,1
MEIS1,KIT,1
MEIS1,COQ8A,1
MEIS1,DACH1,1
MEIS1,RBPMS,1
MEIS1,GM973,1
MEIS1,CDKN1C,1
MEIS1,TTLL7,1
MEIS1,TNFAIP2,1
MEIS1,NPM1,1
MEIS1,SOCS2,1
MEIS1,RUSC2,1
MEIS1,FGFR3,1
MEIS1,MEF2C,1
MEIS1,TCAF1,1
MEIS1,CD93,1
MEIS1,TFPI,1
MEIS1,HAAO,1
MEIS1,PKN3,1
MEIS1,GPC1,1
MEIS1,UAP1L1,1
MEIS1,CTSB,1
MYC,CCT2,1
MYC,NPM1,1
MYC,NHP2,1
MYC,MCM7,1
MYC,AMPD2,1
MYC,SLC29A1,1
MYC,PBLD2,1
MYC,HSPE1,1
MYC,XRCC6,1
MYC,CKS1B,1
MYC,YBX1,1
MYC,RANBP1,1
MYC,H2-DMA,1
MYC,CD63,1
MYC,RNF13,1
MYC,HNRNPAB,1
MYC,PKN3,1
MYC,CAMSAP2,1
MYC,XPC,1
MYC,MYO5A,1
MYC,ME2,1
MYC,NT5C3,1
MYC,SLC43A2,1
MYC,RPS27L,1
MYC,NCAPD2,1
MYC,SLC39A13,1
MYC,TMEM268,1
MYC,SLC39A6,1
MYC,SLC25A5,1
MYC,CDT1,1
MYC,NUDT19,1
MYC,ZNRF2,1
MYC,CIPC,1
MYC,COQ8A,1
MYC,DTL,1
MYC,GSN,1
MYC,PDCD4,1
MYC,RPL41,1
MYC,POLA2,1
MYC,CDK6,1
MYC,TUBB4B,1
MYC,PPM1G,1
MYC,TMEM123,1
MYC,SERP1,1
MYC,LARS2,1
MYC,NCEH1,1
MYC,TXNIP,1
MYC,GAA,1
MYC,TBC1D5,1
MYC,SERPINF1,1
MYC,ICA1,1
MYC,MOGS,1
MYC,STK10,1
MYC,BCL2,1
MYC,PPCDC,1
MYC,SDC1,1
MYC,ZFP62,1
MYC,TRIM47,1
MYC,PAFAH2,1
MYC,TMEM206,1
MYC,UHRF1,1
MYC,ITGB7,1
MYC,ERP29,1
MYC,DYNLL1,1
MYC,RGS19,1
MYC,KCNK5,1
MYC,RGS2,1
MYC,SGMS1,1
MYC,ZYX,1
MYC,RNF213,1
MYC,CPNE8,1
MYC,CD44,1
MYC,LONP2,1
MYC,GPX1,1
MYC,JPT1,1
MYC,UQCR11,1
MYC,CTSL,1
MYC,PKIA,1
MYC,NSMF,1
MYC,DEF8,1
MYC,MTUS1,1
MYC,MPZL1,1
MYC,ABHD17B,1
MYC,COX7B,1
MYC,CAMK1D,1
MYC,TRIM59,1
MYC,ELOVL5,1
MYC,FDFT1,1
MYC,ANXA5,1
MYC,MGAT1,1
MYC,NUPR1,1
MYC,IGFBP4,1
MYC,SNAP47,1
MYC,RRAS,1
MYC,CPQ,1
MYC,CDK19,1
MYC,GM2A,1
MYC,DUSP1,1
MYC,SAT1,1
MYC,TOP2A,1
MYC,TIPIN,1
MYC,ITGB5,1
MYC,C1RL,1
MYC,GSTM1,1
MYC,SLBP,1
MYC,FRMD6,1
MYC,SERPINB6A,1
MYC,ARRDC4,1
MYC,TMEM14C,1
MYC,FCHO2,1
MYC,N4BP3,1
MYC,ST8SIA4,1
MYC,TAPT1,1
MYC,NFIA,1
MYC,VAMP1,1
MYC,ELF1,1
MYC,SSH2,1
MYC,SLC18A1,1
MYC,ZFP658,1
MYC,ITPR2,1
MYC,TSPAN3,1
MYC,REL,1
MYC,AFDN,1
MYC,CTNNAL1,1
MYC,SPNS2,1
MYC,CCNG2,1
MYC,HLF,1
MYC,UAP1L1,1
MYC,MAML3,1
MYC,CNN3,1
MYC,RUNX1T1,1
MYC,RUSC2,1
MYC,FCGRT,1
MYC,CREG1,1
MYC,TRIM16,1
MYC,MAN1A,1
MYC,KIT,1
MYC,IRF8,1
MYC,DCK,1
MYC,STARD4,1
MYC,GAS2L3,1
MYC,NUCB2,1
MYC,OBSL1,1
MYC,SLC26A11,1
MYC,PRIM1,1
MYC,PRPS2,1
MYC,RNF38,1
MYC,NRROS,1
MYC,UCP2,1
MYC,SLC44A2,1
MYC,CDK17,1
MYC,MCM4,1
MYC,PTP4A3,1
MYC,FUT8,1
MYC,MEIS1,1
MYC,TALDO1,1
MYC,ZFP422,1
MYC,CBX7,1
MYC,ARHGAP18,1
MYC,FGD2,1
MYC,AP1S2,1
MYC,ZFP367,1
MYC,IL17RA,1
MYC,ARID5A,1
MYC,HSD3B7,1
MYC,MSMO1,1
MYC,PRR5,1
MYC,CX3CL1,1
MYC,ITGB2,1
MYC,PLK2,1
MYC,NCKAP1,1
MYC,NEO1,1
MYC,PPP1R15A,1
MYC,ITSN1,1
MYC,FKBP9,1
MYC,RASIP1,1
MYC,FADS1,1
MYC,NFE2,1
MYC,CTR9,1
MYC,H2AFY,1
MYC,RAB27B,1
MYC,BTG2,1
MYC,F2R,1
MYC,HMGB2,1
MYC,SLC16A10,1
MYC,KAZALD1,1
MYC,FLNA,1
MYC,TTC39B,1
MYC,CBFB,1
MYC,IL1R1,1
MYC,OTULINL,1
MYC,CTTN,1
MYC,MLLT3,1
MYC,FLT3,1
MYC,TMEM176B,1
MYC,EFNA1,1
MYC,CHRNB1,1
MYC,CDK18,1
MYC,KLF3,1
MYC,ARHGEF18,1
MYC,CD81,1
MYC,OTUB2,1
MYC,TYROBP,1
MYC,H1F0,1
MYC,GMNN,1
MYC,ADSSL1,1
MYC,CAR2,1
MYC,APLP2,1
MYC,SOCS2,1
MYC,CD9,1
MYC,HAAO,1
MYC,COX6A1,1
MYC,TPM4,1
MYC,PLEKHG6,1
MYC,CTSS,1
MYC,MCM5,1
MYC,RHOH,1
MYC,DENND2D,1
MYC,LDHB,1
MYC,STK17B,1
MYC,LCP1,1
MYC,WLS,1
MYC,ARHGAP29,1
MYC,PRUNE2,1
MYC,TTLL7,1
MYC,DPP4,1
MYC,ANGPT1,1
MYC,UNC93B1,1
MYC,IFITM3,1
MYC,EEPD1,1
MYC,TRIB3,1
MYC,TGM2,1
MYC,ZFP37,1
MYC,DUSP6,1
MYC,RNF125,1
MYC,ATPIF1,1
MYC,PTPRE,1
MYC,OCLN,1
MYC,DUSP5,1
MYC,PRDM16,1
MYC,LGALS1,1
MYC,DHRS3,1
MYC,ADAMTSL5,1
MYC,STXBP1,1
MYC,EMB,1
MYC,LY9,1
MYC,TMEM37,1
MYC,SPC24,1
MYC,PLIN3,1
MYC,AKNA,1
MYC,CES2G,1
MYC,GDA,1
MYC,SELENOP,1
MYC,MKI67,1
MYC,IGF1,1
MYC,H2-Q6,1
MYC,FAM171B,1
MYC,SDC2,1
MYC,CCDC112,1
MYC,BTLA,1
MYC,RFTN1,1
MYC,PANX1,1
MYC,GRAMD1A,1
MYC,NDRG2,1
MYC,JAM3,1
MYC,TEAD2,1
MYC,TFR2,1
MYC,RAB40B,1
MYC,PTGS1,1
MYC,MPDZ,1
MYC,RORA,1
MYC,RHBDF1,1
MYC,FOXO1,1
MYC,HNF4A,1
MYC,LACTB,1
MYC,RASSF2,1
MYC,CTSB,1
MYC,PPIC,1
MYC,METTL7A1,1
MYC,TES,1
MYC,ADGRG1,1
MYC,LDHD,1
MYC,USP11,1
MYC,S100A6,1
MYC,F11R,1
MYC,APP,1
MYC,NWD1,1
MYC,BDH2,1
MYC,PDGFC,1
MYC,TBXA2R,1
MYC,PRNP,1
MYC,LYN,1
MYC,GHR,1
MYC,SELPLG,1
MYC,PAG1,1
MYC,KLF6,1
MYC,SSTR2,1
MYC,LAX1,1
MYC,MEF2C,1
MYC,PIRB,1
MYC,TMEM246,1
MYC,SHROOM4,1
MYC,KCTD12,1
MYC,TFPI,1
MYC,VLDLR,1
MYC,NPDC1,1
MYC,RARB,1
MYC,ZFP612,1
MYC,FGFR3,1
MYC,APOE,1
MYC,SLC6A15,1
MYC,PBX1,1
MYC,NOTCH1,1
MYC,LAPTM5,1
MYC,CAPG,1
MYC,FHL1,1
MYC,CORO7,1
MYC,PAQR5,1
MYC,IKZF1,1
MYC,TSPAN13,1
MYC,LSP1,1
MYC,IRF6,1
MYC,PLEKHB1,1
MYC,FAM171A1,1
MYC,CTSF,1
MYC,HDAC7,1
MYC,PLXNA1,1
MYC,RHOJ,1
MYC,CCL9,1
MYC,PYGL,1
MYC,FCRL1,1
MYC,HID1,1
MYC,GBP9,1
MYC,CARD11,1
MYC,PGRMC1,1
MYC,CISH,1
MYC,GOLM1,1
MYC,TCAF1,1
MYC,CAV2,1
MYC,CAVIN2,1
MYC,EMP1,1
MYC,NAV1,1
MYC,NDNF,1
MYC,ZMIZ1,1
MYC,LY86,1
MYC,RUNX2,1
MYC,SNAP23,1
MYC,LGMN,1
MYC,ITGA6,1
MYC,KIF17,1
MYC,LRRC8C,1
MYC,IRAK3,1
MYC,DOCK10,1
MYC,SYK,1
MYC,ANKRD44,1
MYC,VEGFC,1
MYC,GM973,1
MYC,CLU,1
MYC,SLC9A9,1
MYC,NR3C2,1
MYC,PSTPIP1,1
MYC,ARHGDIB,1
MYC,PLEK,1
MYC,SDSL,1
MYC,CD55,1
MYC,KRT18,1
MYC,HOXA9,1
MYC,COL4A2,1
MYC,COL4A1,1
MYC,ACAP1,1
MYC,SPI1,1
MYC,VDR,1
MYC,CASP12,1
MYC,NAPSA,1
MYC,CD48,1
MYC,BC035044,1
MYC,TBXAS1,1
MYC,MECOM,1
MYC,GBP2,1
MYC,SH2D5,1
MYC,PARP8,1
MYC,ANKRD33B,1
MYC,UBASH3A,1
MYC,SFRP1,1
MYC,CD93,1
MYC,GPC1,1
MYC,ATP8B4,1
MYC,P2RY14,1
MYC,CFP,1
MYC,TNFAIP2,1
MYC,SLC16A2,1
MYC,KBTBD11,1
MYC,CMAH,1
MYC,UBE2L6,1
MYC,MN1,1
MYC,PLCL1,1
MYC,EVI2A,1
MYC,ESR1,1
MYC,NOXA1,1
MYC,PDGFRB,1
MYC,PARVG,1
MYC,CD74,1
MYC,CSGALNACT1,1
MYC,RBPMS,1
MYC,TMEM173,1
MYC,TESPA1,1
MYC,UPP1,1
MYC,CTSH,1
MYC,ELL2,1
MYC,CLEC14A,1
MYC,CHIL5,1
MYC,PEAR1,1
MYC,GGTA1,1
MYC,PRKCH,1
MYC,IFI27L2A,1
MYC,CD53,1
MYC,SLC35D3,1
MYC,DEPP1,1
MYC,ARPP21,1
MYC,GBP4,1
MYC,CD244A,1
MYC,GATA2,1
MYC,PDE1B,1
MYC,PROCR,1
MYC,CLEC12A,1
MYC,ARHGAP27,1
MYC,GIMAP5,1
MYC,ARHGEF28,1
MYC,GPR65,1
MYC,CERS4,1
MYC,PLD4,1
MYC,GIMAP8,1
MYC,GNG2,1
MYC,BLNK,1
MYC,RASAL3,1
MYC,NEURL3,1
MYC,FUCA2,1
MYC,SLCO3A1,1
MYC,ANXA2,1
MYC,GIMAP1,1
MYC,AMIGO2,1
MYC,SELL,1
MYC,GDF3,1
MYC,ARHGAP15,1
MYC,CD38,1
MYC,PKIB,1
MYC,SAMSN1,1
MYC,SLFN2,1
MYC,RASA4,1
MYC,CORO1A,1
MYC,TRPV2,1
MYC,LCK,1
MYC,DOCK11,1
MYC,VAMP5,1
MYC,CD69,1
MYC,CST7,1
MYC,FAM110C,1
MYC,EPSTI1,1
MYC,SATB1,1
MYC,CTNND2,1
MYC,INHBA,1
MYC,OSGIN1,1
MYC,CPXM1,1
MYC,ARHGEF39,1
MYC,ITGAL,1
MYC,ENPP5,1
MYC,MCTP2,1
MYC,MRVI1,1
MYC,IFI27,1
MYC,ABCG2,1
MYC,XDH,1
MYC,PF4,1
MYC,SEMA3D,1
MYC,RCSD1,1
MYC,SLC2A3,1
MYC,MYLK,1
MYC,TRAF1,1
MYC,COX6A2,1
MYC,GSTT1,1
MYC,PRSS57,1
MYC,PDE1C,1
MYC,CARD6,1
MYC,RP2,1
MYC,SLC16A11,1
MYC,IL7R,1
MYC,PLPPR3,1
MYC,SMPDL3A,1
MYC,CDKN1C,1
MYC,SIGLECG,1
MYC,OBSCN,1
MYC,TSC22D3,1
MYC,CCDC136,1
MYC,UBA7,1
MYC,GFI1B,1
MYC,TMSB4X,1
MYC,ZBTB20,1
MYC,PLXNC1,1
MYC,SERPINB1A,1
MYC,TM4SF1,1
MYC,SLC22A3,1
MYC,CRIP1,1
MYC,DOK2,1
MYC,GPR18,1
MYC,FUT7,1
MYC,VAV3,1
MYC,TSPAN2,1
MYC,DACH1,1
MYC,EYA2,1
MYC,JAM2,1
MYC,SERPINA3G,1
MYC,SERPINA3F,1
MYC,ATP1A3,1
MYC,PLAC8,1
MYC,NCF1,1
MYC,MAGED2,1
MYC,MAMDC2,1
MYC,CHST2,1
MYC,HACD4,1
MYC,GM1966,1
MYC,5430427O19RIK,1
MYC,ALDH1A1,1
MYC,LTB,1
MYC,RNASE6,1
MYC,CD33,1
MYC,JCHAIN,1
MYC,GPR171,1
MYC,NAIP6,1
MYC,TIFAB,1
MYC,SPNS3,1
MYC,GGT5,1
MYC,CADPS2,1
MYC,AFF3,1
MYC,RHOF,1
MYC,ADGRG3,1
MYC,CLCA3A1,1
MYC,EBI3,1
MYC,FSTL1,1
MYC,ART4,1
MYC,CTSW,1
MYC,MYCT1,1
MYC,ARL11,1
MYC,TM6SF1,1
MYC,H2-OB,1
MYC,CYFIP2,1
MYC,SYTL1,1
MYC,MYCN,1
MYC,CSF1R,1
MYC,KLRD1,1
MYC,D630039A03RIK,1
MYC,WFDC2,1
MYC,SOX18,1
MYC,MPEG1,1
MYC,SULT1A1,1
MYC,PTGER2,1
MYC,CLIP3,1
MYC,GNG11,1
NOTCH1,PAFAH2,1
NOTCH1,PPCDC,1
NOTCH1,TXNIP,1
NOTCH1,LCK,1
NOTCH1,CDK19,1
NOTCH1,DYNLL1,1
NOTCH1,TMEM206,1
NOTCH1,ITSN1,1
NOTCH1,TRIB3,1
NOTCH1,DUSP6,1
NOTCH1,FDFT1,1
NOTCH1,NT5C3,1
NOTCH1,XPC,1
NOTCH1,TUBB4B,1
NOTCH1,PRIM1,1
NOTCH1,MCM4,1
NOTCH1,MSMO1,1
NOTCH1,HMGB2,1
NOTCH1,ME2,1
NOTCH1,KLF6,1
NOTCH1,JPT1,1
NOTCH1,HSPE1,1
NOTCH1,LAX1,1
NOTCH1,HDAC7,1
NOTCH1,MCM5,1
NOTCH1,NCKAP1,1
NOTCH1,PBLD2,1
NOTCH1,CDK17,1
NOTCH1,TIPIN,1
NOTCH1,SLBP,1
NOTCH1,OTULINL,1
NOTCH1,PPM1G,1
NOTCH1,MPZL1,1
NOTCH1,GM2A,1
NOTCH1,LARS2,1
NOTCH1,FRMD6,1
NOTCH1,ZFP367,1
NOTCH1,FUT8,1
NOTCH1,NCAPD2,1
NOTCH1,VAMP1,1
NOTCH1,LAPTM5,1
NOTCH1,SPC24,1
NOTCH1,NR3C2,1
NOTCH1,STARD4,1
NOTCH1,NUCB2,1
NOTCH1,PLCL1,1
NOTCH1,MKI67,1
NOTCH1,YBX1,1
NOTCH1,SLC16A10,1
NOTCH1,PDCD4,1
NOTCH1,RPL41,1
NOTCH1,ZNRF2,1
NOTCH1,HNRNPAB,1
NOTCH1,SLC39A13,1
NOTCH1,TMEM123,1
NOTCH1,RGS2,1
NOTCH1,XRCC6,1
NOTCH1,LONP2,1
NOTCH1,DTL,1
NOTCH1,COQ8A,1
NOTCH1,CDT1,1
NOTCH1,SERP1,1
NOTCH1,ARPP21,1
NOTCH1,ELOVL5,1
NOTCH1,RANBP1,1
NOTCH1,ZFP62,1
NOTCH1,DCK,1
NOTCH1,SSH2,1
NOTCH1,CIPC,1
NOTCH1,ZFP422,1
NOTCH1,TFPI,1
NOTCH1,PSTPIP1,1
NOTCH1,MLLT3,1
NOTCH1,MAN1A,1
NOTCH1,LCP1,1
NOTCH1,BTG2,1
NOTCH1,CCT2,1
NOTCH1,UHRF1,1
NOTCH1,TSPAN3,1
NOTCH1,STXBP1,1
NOTCH1,TBC1D5,1
NOTCH1,MYC,1
NOTCH1,NFE2,1
NOTCH1,PAG1,1
NOTCH1,ACAP1,1
NOTCH1,FADS1,1
NOTCH1,LGMN,1
NOTCH1,TSPAN13,1
NOTCH1,RAB38,1
NOTCH1,AP1S2,1
NOTCH1,TMEM14C,1
NOTCH1,NHP2,1
NOTCH1,NRROS,1
NOTCH1,PRKCH,1
NOTCH1,NCEH1,1
NOTCH1,CAMK1D,1
NOTCH1,ARHGAP18,1
NOTCH1,TESPA1,1
NOTCH1,MGAT1,1
NOTCH1,ADGRL4,1
NOTCH1,SLC39A6,1
NOTCH1,CKS1B,1
NOTCH1,GAS2L3,1
NOTCH1,ARID5A,1
NOTCH1,GDA,1
NOTCH1,EEPD1,1
NOTCH1,LDHB,1
NOTCH1,RNF13,1
NOTCH1,H1F0,1
NOTCH1,CAV2,1
NOTCH1,RAB27B,1
NOTCH1,REL,1
NOTCH1,CAMSAP2,1
NOTCH1,TBXA2R,1
NOTCH1,GNG11,1
NOTCH1,CAVIN2,1
NOTCH1,RP2,1
NOTCH1,TCAF1,1
NOTCH1,MAML3,1
NOTCH1,TRPC6,1
NOTCH1,NDN,1
NOTCH1,CD244A,1
NOTCH1,FOXO1,1
NOTCH1,GUCY1A1,1
NOTCH1,TMEM246,1
NOTCH1,GSN,1
NOTCH1,SCRN1,1
NOTCH1,RNF38,1
NOTCH1,PYGL,1
NOTCH1,VEGFC,1
NOTCH1,RPS27L,1
NOTCH1,CX3CL1,1
NOTCH1,SLC6A15,1
NOTCH1,TTLL7,1
NOTCH1,RNASE6,1
NOTCH1,MYO5A,1
NOTCH1,GBP9,1
NOTCH1,CD34,1
NOTCH1,DPP4,1
NOTCH1,H2AFY,1
NOTCH1,GBP4,1
NOTCH1,JAM3,1
NOTCH1,OCLN,1
NOTCH1,ATPIF1,1
NOTCH1,ZFP37,1
NOTCH1,RHOJ,1
NOTCH1,RARB,1
NOTCH1,PKIB,1
NOTCH1,CPQ,1
NOTCH1,CTSH,1
NOTCH1,RHOH,1
NOTCH1,PPIC,1
NOTCH1,MTUS1,1
NOTCH1,IRF8,1
NOTCH1,PTPRE,1
NOTCH1,HCK,1
NOTCH1,GPX1,1
NOTCH1,JAM2,1
NOTCH1,SLC18A1,1
NOTCH1,FLT3,1
NOTCH1,TRIM16,1
NOTCH1,TM6SF1,1
NOTCH1,PLXDC2,1
NOTCH1,STK17B,1
NOTCH1,SMPDL3A,1
NOTCH1,PKIA,1
NOTCH1,ANXA5,1
NOTCH1,NLRC3,1
NOTCH1,RASSF2,1
NOTCH1,APLP2,1
NOTCH1,CSGALNACT1,1
NOTCH1,PDGFRB,1
NOTCH1,IL12A,1
NOTCH1,CDKN1C,1
RAG2,SLBP,1
RAG2,DEF8,1
RAG2,FRMD6,1
RAG2,CKS1B,1
RAG2,RGS2,1
RAG2,SLC18A1,1
RAG2,SSH2,1
RAG2,COQ8A,1
RAG2,TMEM268,1
RAG2,H2AFY,1
RAG2,PDCD4,1
RAG2,TBC1D5,1
RAG2,STK17B,1
RAG2,PTP4A3,1
RAG2,ZNRF2,1
RAG2,MCM7,1
RAG2,FUT8,1
RAG2,SERP1,1
RAG2,CCT2,1
RAG2,GMNN,1
RAG2,PLCL1,1
RAG2,ANKRD44,1
RAG2,IL17RA,1
RAG2,RASAL3,1
RAG2,CTR9,1
RAG2,CTSB,1
RAG2,TMEM123,1
RAG2,MCM4,1
RAG2,ZFP422,1
RAG2,TMEM206,1
RAG2,HNRNPAB,1
RAG2,ZFP62,1
RAG2,DTL,1
RAG2,CAMSAP2,1
RAG2,OTULINL,1
RAG2,SLC39A13,1
RAG2,RFTN1,1
RAG2,CCNG2,1
RAG2,SNAP47,1
RAG2,TMEM14C,1
RAG2,NUDT19,1
RAG2,TSPAN3,1
RAG2,ABHD17B,1
RAG2,GIMAP1,1
RAG2,DYNLL1,1
RAG2,CDK19,1
RAG2,SERPINB6A,1
RAG2,PGRMC1,1
RAG2,UNC93B1,1
RAG2,DUSP1,1
RAG2,DUSP5,1
RAG2,JPT1,1
RAG2,SLC44A2,1
RAG2,ARID5A,1
RAG2,KLF6,1
RAG2,XPC,1
RAG2,RNF38,1
RAG2,ELF1,1
RAG2,GAA,1
RAG2,DCK,1
RAG2,TSPAN13,1
RAG2,LACTB,1
RAG2,REL,1
RAG2,TAPT1,1
RAG2,CARD6,1
RAG2,APLP2,1
RAG2,CBX7,1
RAG2,ME2,1
RAG2,CDK17,1
RAG2,PAG1,1
RAG2,LRRC8C,1
RAG2,RPS27L,1
RAG2,LARS2,1
RAG2,ITGA6,1
RAG2,SYK,1
RAG2,VAMP1,1
RAG2,NCEH1,1
RAG2,RANBP1,1
RAG2,TMSB4X,1
RAG2,PBLD2,1
RAG2,ITPR2,1
RAG2,LONP2,1
RAG2,RNF13,1
RAG2,UQCR11,1
RAG2,FCHO2,1
RAG2,SLC25A5,1
RAG2,TESPA1,1
RAG2,DHRS3,1
RAG2,HSPE1,1
RAG2,HDAC7,1
RAG2,ANXA5,1
RAG2,TXNIP,1
RAG2,ERP29,1
RAG2,PARP8,1
RAG2,TIPIN,1
RAG2,PPCDC,1
RAG2,CREG1,1
RAG2,KLF3,1
RAG2,CNN3,1
RAG2,TES,1
RAG2,GPX1,1
RAG2,TUBB4B,1
RAG2,PANX1,1
RAG2,NRROS,1
RAG2,GAS2L3,1
RAG2,TRIM59,1
RAG2,SLFN2,1
RAG2,MOGS,1
RAG2,ANGPT1,1
RAG2,OTUB2,1
RAG2,FOXO1,1
RAG2,SELENOP,1
RAG2,ITGB2,1
RAG2,STK10,1
RAG2,LY9,1
RAG2,LAPTM5,1
RAG2,ZYX,1
RAG2,CDT1,1
RAG2,ITSN1,1
RAG2,PPP1R15A,1
RAG2,RCSD1,1
RAG2,NT5C3,1
RAG2,CAMK1D,1
RAG2,RASSF2,1
RAG2,RGS19,1
RAG2,TPM4,1
RAG2,ATPIF1,1
RAG2,NCAPD2,1
RAG2,CBFB,1
RAG2,DOCK10,1
RAG2,CD81,1
RAG2,MAN1A,1
RAG2,LSP1,1
RAG2,LTB,1
RAG2,EMB,1
RAG2,ARHGAP27,1
RAG2,BTG2,1
RAG2,ELOVL5,1
RAG2,GBP4,1
RAG2,FADS1,1
RAG2,GM2A,1
RAG2,GBP9,1
RAG2,CTSL,1
RAG2,PSTPIP1,1
RAG2,MPZL1,1
RAG2,CYFIP2,1
RAG2,CARD11,1
RAG2,SGMS1,1
RAG2,ZFP367,1
RAG2,TALDO1,1
RAG2,PPM1G,1
RAG2,GRAMD1A,1
RAG2,PARVG,1
RAG2,PTPRE,1
RAG2,INHBA,1
RAG2,WLS,1
RAG2,N4BP3,1
RAG2,UCP2,1
RAG2,SATB1,1
RAG2,CIPC,1
RAG2,XRCC6,1
RAG2,ARHGDIB,1
RAG2,SLC39A6,1
RAG2,MGAT1,1
RAG2,SAT1,1
RAG2,COX6A1,1
RAG2,STARD4,1
RAG2,POLA2,1
RAG2,ST8SIA4,1
RAG2,MYO5A,1
RAG2,NPM1,1
RAG2,KAZALD1,1
RAG2,SLC9A9,1
RAG2,RNF125,1
RAG2,ARHGAP18,1
RAG2,CORO1A,1
RAG2,CISH,1
RAG2,HMGB2,1
RAG2,GSTM1,1
RAG2,LDHB,1
RAG2,DPP4,1
RAG2,AP1S2,1
RAG2,VAV3,1
RAG2,NOTCH1,1
RAG2,PRIM1,1
RAG2,IRAK3,1
RAG2,EEPD1,1
RAG2,ZMIZ1,1
RAG2,MSMO1,1
RAG2,H1F0,1
RAG2,TRPV2,1
RAG2,MCM5,1
RAG2,PRPS2,1
RAG2,TBXA2R,1
RAG2,SP100,1
RAG2,CSGALNACT1,1
RAG2,IKZF1,1
RAG2,MLLT3,1
RAG2,ACAP1,1
RAG2,SLC26A11,1
RAG2,PLXDC2,1
RAG2,FUCA2,1
RAG2,SELPLG,1
RAG2,CAR2,1
RAG2,KIF17,1
RAG2,TOP2A,1
RAG2,NDRG2,1
RAG2,CD48,1
RAG2,COX7B,1
RAG2,METTL7A1,1
RAG2,PRKCH,1
RAG2,SLCO3A1,1
RAG2,SLC16A10,1
RAG2,DENND2D,1
RAG2,GSN,1
RAG2,SLC43A2,1
RAG2,AKNA,1
RAG2,RP2,1
RAG2,VAMP5,1
RAG2,UHRF1,1
RAG2,NHP2,1
RAG2,SPC24,1
RAG2,USP11,1
RAG2,BCL2,1
RAG2,SNAP23,1
RAG2,PAFAH2,1
RAG2,MCTP2,1
RAG2,SMPDL3A,1
RAG2,CHRNB1,1
RAG2,PKN3,1
RAG2,RAMP1,1
RAG2,EPSTI1,1
RAG2,CD55,1
RAG2,SLAMF1,1
RAG2,STXBP1,1
RAG2,MKI67,1
RAG2,ARPP21,1
RAG2,CTNNAL1,1
RAG2,TRIB3,1
RAG2,ITGAL,1
RAG2,YBX1,1
RAG2,PLIN3,1
RAG2,ARHGAP15,1
RAG2,UAP1L1,1
RAG2,PRNP,1
RAG2,DUSP6,1
RAG2,FDFT1,1
RAG2,DOCK11,1
RAG2,ANXA2,1
RAG2,ARHGEF39,1
RAG2,ZBTB20,1
RAG2,UBASH3A,1
RAG2,TSPAN2,1
RAG2,SLC29A1,1
RAG2,SIGLECG,1
RAG2,AMIGO2,1
RAG2,LCP1,1
RAG2,PLXNA1,1
RAG2,RNF213,1
RAG2,IFI209,1
RAG2,CORO7,1
RAG2,CD27,1
RAG2,GPR171,1
RAG2,RUNX2,1
RAG2,CAPG,1
RAG2,CD44,1
RAG2,ESR1,1
RAG2,PLXNC1,1
RAG2,ZFP658,1
RAG2,TM6SF1,1
RAG2,ADSSL1,1
RAG2,GBP2,1
RAG2,RHOH,1
RAG2,LCK,1
RAG2,LYN,1
RAG2,HID1,1
RAG2,LAX1,1
RAG2,PLK2,1
RAG2,ITM2A,1
RAG2,CCR7,1
RAG2,CD52,1
RAG2,FLNA,1
RAG2,AMPD2,1
RAG2,FAM171A1,1
RAG2,PTGER2,1
RAG2,GIMAP8,1
RAG2,CERS4,1
RAG2,H2-Q6,1
RAG2,UBA7,1
RAG2,KCNK5,1
RAG2,TRIM16,1
RAG2,CD69,1
RAG2,F2R,1
RAG2,IL7R,1
RAG2,NLRC3,1
RAG2,ELL2,1
RAG2,CCR9,1
RAG2,RASA4,1
RAG2,SPNS3,1
RAG2,SELL,1
RAG2,ABCG3,1
RAG2,PLSCR4,1
RAG2,CD53,1
RAG2,GGTA1,1
RAG2,KCTD12,1
RAG2,CTSS,1
RAG2,RORA,1
RAG2,ICOS,1
RAG2,RPL41,1
RAG2,NCKAP1,1
RAG2,GPC1,1
RAG2,UBE2L6,1
RAG2,ADGRG1,1
RAG2,DOK2,1
RAG2,EYA2,1
RAG2,CDK6,1
RAG2,CTSH,1
RAG2,CD38,1
RAG2,LGMN,1
RAG2,ABCG2,1
RAG2,RUSC2,1
RAG2,NUCB2,1
RAG2,CD93,1
RAG2,RRAS,1
RAG2,MAML3,1
RAG2,IPCEF1,1
RAG2,NEURL3,1
RAG2,IL12A,1
RAG2,MEF2C,1
RAG2,CRIP1,1
RAG2,KBTBD11,1
RAG2,CPQ,1
RAG2,TTC39B,1
RAG2,NSMF,1
RAG2,IFI27,1
RAG2,5430427O19RIK,1
RAG2,SLC2A3,1
RAG2,GOLM1,1
RAG2,PEAR1,1
RAG2,VEGFC,1
RAG2,SDC1,1
RAG2,NAPSA,1
RAG2,SPI1,1
RAG2,DNTT,1
RAG2,BC035044,1
RAG2,ART4,1
RAG2,MEIS1,1
RAG2,BLNK,1
RAG2,RBPMS,1
RAG2,SAMSN1,1
RAG2,RHOF,1
RAG2,MYCN,1
RAG2,MYC,1
RAG2,LGALS1,1
RAG2,GIMAP5,1
RAG2,SERPINA3G,1
RAG2,SERPINA3F,1
RAG2,MAGED2,1
RAG2,GPR18,1
RAG2,IRF8,1
RAG2,APP,1
RAG2,ITGB5,1
RAG2,CCDC112,1
RAG2,FCRL1,1
RAG2,BTLA,1
RAG2,TMEM173,1
RAG2,CAV2,1
RAG2,H2-DMA,1
RAG2,SH2D5,1
RAG2,KIT,1
RAG2,PBX1,1
RAG2,GNG2,1
RAG2,CD9,1
RAG2,RNASE6,1
RAG2,HCK,1
RAG2,AFDN,1
RAG2,NFIA,1
RAG2,ARRDC4,1
RAG2,H2-OB,1
RAG2,IFI213,1
RAG2,ENPP5,1
RAG2,LAG3,1
RAG2,RASIP1,1
RAG2,TYROBP,1
RAG2,ANKRD33B,1
RAG2,CMAH,1
RAG2,MAMDC2,1
RAG2,PKIB,1
RAG2,NFE2,1
RAG2,CLEC2I,1
RAG2,SPNS2,1
RAG2,SOCS2,1
RAG2,P2RY14,1
RAG2,FAM171B,1
RAG2,PDGFC,1
RAG2,HAAO,1
RAG2,SSTR2,1
RAG2,PYGL,1
RAG2,GSTT1,1
RAG2,IL17RE,1
RAG2,NWD1,1
RAG2,LY86,1
RAG2,SYTL1,1
RAG2,SLC22A3,1
RAG2,ENG,1
RAG2,GHR,1
RAG2,IGFBP4,1
RAG2,TRAF1,1
RAG2,GFI1B,1
RAG2,NAV1,1
RAG2,AFF3,1
RAG2,MN1,1
RAG2,PRR5,1
RAG2,IFI27L2A,1
RAG2,S100A6,1
RAG2,CD74,1
RAG2,EVI2A,1
RAG2,ZFP612,1
RAG2,VDR,1
RAG2,TMEM176B,1
RAG2,FGFR3,1
RAG2,CD63,1
RAG2,ATP8B4,1
RAG2,EMP1,1
RAG2,ARHGAP29,1
RAG2,GM1966,1
RAG2,SLC16A2,1
RAG2,PLEK,1
RAG2,GPR65,1
RAG2,ITGB7,1
RAG2,PAQR5,1
RAG2,CDKN1C,1
RAG2,PDGFRB,1
RAG2,FSTL1,1
RAG2,TIFAB,1
RAG2,TFR2,1
RAG2,NDNF,1
RAG2,CLEC12A,1
RAG2,HLF,1
RAG2,PIRB,1
RAG2,F11R,1
RAG2,SERPINB1A,1
RAG2,CSF3R,1
RAG2,PLAC8,1
RAG2,RAB38,1
RAG2,DACH1,1
RAG2,MTUS1,1
RAG2,GDA,1
RAG2,XDH,1
RAG2,TNFAIP2,1
RAG2,PTGS1,1
RAG2,IFITM3,1
RAG2,ARL11,1
RAG2,CTSW,1
RAG2,TGM2,1
RAG2,PLD4,1
RAG2,PECAM1,1
RAG2,TINAGL1,1
RAG2,TBXAS1,1
RAG2,ESAM,1
RAG2,FLT3,1
RAG2,NUPR1,1
RAG2,FAM110C,1
RAG2,PDZK1IP1,1
RAG2,VLDLR,1
RAG2,BPIFC,1
RAG2,ADGRL4,1
RAG2,CCDC136,1
RAG2,GUCY1A1,1
RAG2,RAB40B,1
RAG2,CTTN,1
RAG2,P2RX1,1
RAG2,KLHL4,1
RAG2,TTLL7,1
RAG2,MPEG1,1
SATB1,RPL41,1
SATB1,SSH2,1
SATB1,ARHGAP15,1
SATB1,CAPG,1
SATB1,TESPA1,1
SATB1,CARD6,1
SATB1,LCK,1
SATB1,ARPP21,1
SATB1,DHRS3,1
SATB1,DOCK10,1
SATB1,SLC9A9,1
SATB1,TES,1
SATB1,CCNG2,1
SATB1,VAMP1,1
SATB1,ICOS,1
SATB1,ZFP658,1
SATB1,NT5C3,1
SATB1,BTLA,1
SATB1,GBP4,1
SATB1,SLC2A3,1
SATB1,CLEC12A,1
SATB1,LAX1,1
SATB1,PAFAH2,1
SATB1,SLC39A13,1
SATB1,SAMSN1,1
SATB1,CMAH,1
SATB1,ACAP1,1
SATB1,DUSP6,1
SATB1,ARHGDIB,1
SATB1,LY9,1
SATB1,RPS27L,1
SATB1,MGAT1,1
SATB1,ZFP62,1
SATB1,METTL7A1,1
SATB1,GPR18,1
SATB1,RASAL3,1
SATB1,LAPTM5,1
SATB1,ITGAL,1
SATB1,GBP9,1
SATB1,ABHD17B,1
SATB1,TMEM123,1
SATB1,MCM7,1
SATB1,RANBP1,1
SATB1,CAMSAP2,1
SATB1,TRPV2,1
SATB1,PTPRE,1
SATB1,NCEH1,1
SATB1,RRAS,1
SATB1,CCR7,1
SATB1,EVI2A,1
SATB1,GM2A,1
SATB1,DEF8,1
SATB1,LARS2,1
SATB1,MLLT3,1
SATB1,ELOVL5,1
SATB1,EYA2,1
SATB1,PLIN3,1
SATB1,CIPC,1
SATB1,XPC,1
SATB1,CDK17,1
SATB1,TMEM173,1
SATB1,HSPE1,1
SATB1,ARID5A,1
SATB1,TBXA2R,1
SATB1,DOK2,1
SATB1,ZBTB20,1
SATB1,CDK19,1
SATB1,PPP1R15A,1
SATB1,PSTPIP1,1
SATB1,DTL,1
SATB1,GPR65,1
SATB1,CAMK1D,1
SATB1,PLD4,1
SATB1,SELPLG,1
SATB1,ANXA5,1
SATB1,GPR171,1
SATB1,CCT2,1
SATB1,SLA,1
SATB1,CD52,1
SATB1,TMEM206,1
SATB1,GSTM1,1
SATB1,NWD1,1
SATB1,TXNIP,1
SATB1,FRMD6,1
SATB1,LONP2,1
SATB1,MCM4,1
SATB1,IFI27,1
SATB1,SLC16A11,1
SATB1,CARD11,1
SATB1,GAA,1
SATB1,SAT1,1
SATB1,ARHGAP18,1
SATB1,LRRC8C,1
SATB1,NLRC3,1
SATB1,CD69,1
SATB1,SP100,1
SATB1,ATP8B4,1
SATB1,MAML3,1
SATB1,MYC,1
SATB1,SYK,1
SATB1,RHOH,1
SATB1,ME2,1
SATB1,ITGB2,1
SATB1,KCTD12,1
SATB1,CD53,1
SATB1,H2-OB,1
SATB1,AKNA,1
SATB1,ZFP422,1
SATB1,LCP1,1
SATB1,JPT1,1
SATB1,MKI67,1
SATB1,NRROS,1
SATB1,MPEG1,1
SATB1,UBA7,1
SATB1,NFE2,1
SATB1,TIPIN,1
SATB1,PPCDC,1
SATB1,RORA,1
SATB1,LTB,1
SATB1,CBFB,1
SATB1,CPQ,1
SATB1,BCL2,1
SATB1,PTP4A3,1
SATB1,SERPINB6A,1
SATB1,ERP29,1
SATB1,EPSTI1,1
SATB1,RASSF2,1
SATB1,MOGS,1
SATB1,CD33,1
SATB1,PRKCH,1
SATB1,UBASH3A,1
SATB1,PBLD2,1
SATB1,CCL9,1
SATB1,GIMAP1,1
SATB1,UBE2L6,1
SATB1,SERP1,1
SATB1,CTR9,1
SATB1,SLAMF1,1
SATB1,SPC24,1
SATB1,ELF1,1
SATB1,RGS19,1
SATB1,HDAC7,1
SATB1,DUSP1,1
SATB1,CD7,1
SATB1,ST8SIA4,1
SATB1,CST7,1
SATB1,IL7R,1
SATB1,FCRL1,1
SATB1,NHP2,1
SATB1,HMGB2,1
SATB1,FCHO2,1
SATB1,KLHL4,1
SATB1,KAZALD1,1
SATB1,ZNRF2,1
SATB1,BDH2,1
SATB1,IL17RE,1
SATB1,PLEKHB1,1
SATB1,MSMO1,1
SATB1,NDRG2,1
SATB1,SLBP,1
SATB1,FADS1,1
SATB1,UNC93B1,1
SATB1,TMSB4X,1
SATB1,RNASE6,1
SATB1,COQ8A,1
SATB1,SLC39A6,1
SATB1,CLEC2I,1
SATB1,PANX1,1
SATB1,TRAF1,1
SATB1,CHRNB1,1
SATB1,GPX1,1
SATB1,SELL,1
SATB1,IRAK3,1
SATB1,SLC18A1,1
SATB1,LSP1,1
SATB1,SLC26A11,1
SATB1,CDT1,1
SATB1,TBC1D5,1
SATB1,ADGRG1,1
SATB1,ANKRD44,1
SATB1,UHRF1,1
SATB1,CKS1B,1
SATB1,CBX7,1
SATB1,AP1S2,1
SATB1,NAIP6,1
SATB1,IFI27L2A,1
SATB1,SLC44A2,1
SATB1,SLC35D3,1
SATB1,CORO7,1
SATB1,HACD4,1
SATB1,NCAPD2,1
SATB1,TMEM268,1
SATB1,NPM1,1
SATB1,MPZL1,1
SATB1,GGTA1,1
SATB1,OTULINL,1
SATB1,RNF125,1
SATB1,DUSP5,1
SATB1,CYFIP2,1
SATB1,TUBB4B,1
SATB1,MCM5,1
SATB1,CHIL5,1
SATB1,SLC16A10,1
SATB1,PRSS57,1
SATB1,USP11,1
SATB1,TYROBP,1
SATB1,SLC43A2,1
SATB1,ITGA6,1
SATB1,GBP2,1
SATB1,BTG2,1
SATB1,SERPINB1A,1
SATB1,PIRB,1
SATB1,REL,1
SATB1,XRCC6,1
SATB1,IPCEF1,1
SATB1,XDH,1
SATB1,ESR1,1
SATB1,ABCG3,1
SATB1,ARHGEF18,1
SATB1,LDHB,1
SATB1,ARHGEF39,1
SATB1,COX6A1,1
SATB1,CD244A,1
SATB1,ITSN1,1
SATB1,MAN1A,1
SATB1,CREG1,1
SATB1,PLCL1,1
SATB1,P2RY14,1
SATB1,OSGIN1,1
SATB1,NAPSA,1
SATB1,H2AFY,1
SATB1,SELENOP,1
SATB1,PARVG,1
SATB1,CFP,1
SATB1,ANGPT1,1
SATB1,COX7B,1
SATB1,NCF1,1
SATB1,YBX1,1
SATB1,MCTP2,1
SATB1,5430427O19RIK,1
SATB1,ITGB7,1
SATB1,DENND2D,1
SATB1,ZYX,1
SATB1,RUSC2,1
SATB1,LACTB,1
SATB1,TALDO1,1
SATB1,LAG3,1
SATB1,KLF6,1
SATB1,TRIM59,1
SATB1,UAP1L1,1
SATB1,CD48,1
SATB1,ZMIZ1,1
SATB1,VAMP5,1
SATB1,CLU,1
SATB1,SGMS1,1
SATB1,PARP8,1
SATB1,STK10,1
SATB1,PLEK,1
SATB1,TRIB3,1
SATB1,TMEM14C,1
SATB1,STARD4,1
SATB1,GNG2,1
SATB1,MEF2C,1
SATB1,CISH,1
SATB1,ITPR2,1
SATB1,RGS2,1
SATB1,HAAO,1
SATB1,PDCD4,1
SATB1,CTSS,1
SATB1,MYCN,1
SATB1,UCP2,1
SATB1,NEURL3,1
SATB1,IFI213,1
SATB1,GIMAP4,1
SATB1,GIMAP5,1
SATB1,DPP4,1
SATB1,GM4951,1
SATB1,IFI209,1
SATB1,IL18RAP,1
SATB1,S100A6,1
SATB1,GSN,1
SATB1,NUDT19,1
SATB1,KCNK5,1
SATB1,OAS2,1
SATB1,TLR7,1
SATB1,PRIM1,1
SATB1,FLT3,1
SATB1,RNF13,1
SATB1,LPCAT2,1
SATB1,HNRNPAB,1
SATB1,BLNK,1
SATB1,SLFN2,1
SATB1,AMPD2,1
SATB1,ITM2A,1
SATB1,D630039A03RIK,1
SATB1,UQCR11,1
SATB1,ATPIF1,1
SATB1,TM6SF1,1
SATB1,TSPAN3,1
SATB1,IKZF1,1
SATB1,GMNN,1
SATB1,NCKAP1,1
SATB1,FDFT1,1
SATB1,STK17B,1
SPI1,SLC39A13,1
SPI1,CD53,1
SPI1,SLC43A2,1
SPI1,DUSP5,1
SPI1,PIRB,1
SPI1,FGD2,1
SPI1,TMEM206,1
SPI1,NCEH1,1
SPI1,SAMSN1,1
SPI1,ITPR2,1
SPI1,LAPTM5,1
SPI1,SYK,1
SPI1,VAMP1,1
SPI1,GPR18,1
SPI1,CFP,1
SPI1,DOCK10,1
SPI1,H2-Q6,1
SPI1,TM6SF1,1
SPI1,IL7R,1
SPI1,ELF1,1
SPI1,ARID5A,1
SPI1,FCRL1,1
SPI1,CLEC12A,1
SPI1,RGS19,1
SPI1,CBFB,1
SPI1,ERP29,1
SPI1,ARHGDIB,1
SPI1,PLD4,1
SPI1,VAV3,1
SPI1,XDH,1
SPI1,NCF1,1
SPI1,DTL,1
SPI1,TESPA1,1
SPI1,CTSS,1
SPI1,APOE,1
SPI1,ATP8B4,1
SPI1,MPEG1,1
SPI1,MYO5A,1
SPI1,TBC1D5,1
SPI1,XRCC6,1
SPI1,REL,1
SPI1,RBPMS,1
SPI1,RANBP1,1
SPI1,SLC39A6,1
SPI1,RNASE6,1
SPI1,PF4,1
SPI1,SGMS1,1
SPI1,OSGIN1,1
SPI1,EBI3,1
SPI1,MAGED2,1
SPI1,ARHGAP15,1
SPI1,ARL11,1
SPI1,ITGB2,1
SPI1,TALDO1,1
SPI1,LCP1,1
SPI1,PARVG,1
SPI1,GFI1B,1
SPI1,ARRDC4,1
SPI1,PLCL1,1
SPI1,ME2,1
SPI1,LYN,1
SPI1,P2RY14,1
SPI1,H2-DMA,1
SPI1,ZFP658,1
SPI1,WFDC17,1
SPI1,KCTD12,1
SPI1,ITSN1,1
SPI1,BC035044,1
SPI1,TYROBP,1
SPI1,METTL7A1,1
SPI1,ARHGAP27,1
SPI1,ATP1A3,1
SPI1,HACD4,1
SPI1,SLC26A11,1
SPI1,OAS2,1
SPI1,PPM1G,1
SPI1,HMGB2,1
SPI1,PTGER2,1
SPI1,WLS,1
SPI1,LACTB,1
SPI1,LONP2,1
SPI1,TFEC,1
SPI1,RFTN1,1
SPI1,PLIN3,1
SPI1,PROCR,1
SPI1,NT5C3,1
SPI1,CSF1R,1
SPI1,ITGAL,1
SPI1,TMSB4X,1
SPI1,GAS2L3,1
SPI1,MKI67,1
SPI1,LPCAT2,1
SPI1,RASSF2,1
SPI1,MCM7,1
SPI1,STARD4,1
SPI1,GSTM1,1
SPI1,KAZALD1,1
SPI1,GNG2,1
SPI1,GRAMD1A,1
SPI1,TRPV2,1
SPI1,NFE2,1
SPI1,DOK2,1
SPI1,CD244A,1
SPI1,TRIM47,1
SPI1,UCP2,1
SPI1,NUDT19,1
SPI1,IKZF1,1
SPI1,FUT8,1
SPI1,ZNRF2,1
SPI1,LSP1,1
SPI1,ANKRD44,1
SPI1,NWD1,1
SPI1,CCL9,1
SPI1,TMEM173,1
SPI1,PLK2,1
SPI1,PDCD4,1
SPI1,NAIP6,1
SPI1,NAPSA,1
SPI1,RCSD1,1
SPI1,CCL3,1
SPI1,FCHO2,1
SPI1,NUCB2,1
SPI1,MCM4,1
SPI1,UNC93B1,1
SPI1,CD48,1
SPI1,CCT2,1
SPI1,RHOH,1
SPI1,INHBA,1
SPI1,SERP1,1
SPI1,ABCG3,1
SPI1,GBP9,1
SPI1,ANXA5,1
SPI1,DOCK11,1
SPI1,CTTN,1
SPI1,LDHB,1
SPI1,CAPG,1
SPI1,ST8SIA4,1
SPI1,ENG,1
SPI1,XPC,1
SPI1,NRROS,1
SPI1,CST7,1
SPI1,FUT7,1
SPI1,PTGS1,1
SPI1,CDT1,1
SPI1,DHRS3,1
SPI1,VAMP5,1
SPI1,RORA,1
SPI1,PLEK,1
SPI1,MGAT1,1
SPI1,AMPD2,1
SPI1,TIFAB,1
SPI1,ICOS,1
SPI1,CTSH,1
SPI1,DENND2D,1
SPI1,CD33,1
SPI1,ITGAM,1
SPI1,EVI2A,1
SPI1,H2-OB,1
SPI1,ZFP62,1
SPI1,CAMK1D,1
SPI1,TCAF1,1
SPI1,RNF125,1
SPI1,TES,1
SPI1,CDK19,1
SPI1,FGD5,1
SPI1,ABCG2,1
SPI1,UHRF1,1
SPI1,ITGB7,1
SPI1,PANX1,1
SPI1,CARD11,1
SPI1,ELOVL5,1
SPI1,SSH2,1
SPI1,RNF213,1
SPI1,GHR,1
SPI1,IL18RAP,1
SPI1,HCK,1
SPI1,ZFP367,1
SPI1,SELL,1
SPI1,CARD6,1
SPI1,MEF2C,1
SPI1,CRACR2B,1
SPI1,SELPLG,1
SPI1,TBXAS1,1
SPI1,ARHGAP18,1
SPI1,GM2A,1
SPI1,EPSTI1,1
SPI1,DUSP6,1
SPI1,PLEKHB1,1
SPI1,SELENOP,1
SPI1,GBP4,1
SPI1,AP1S2,1
SPI1,RNF13,1
SPI1,RNF38,1
SPI1,CTSB,1
SPI1,BTG2,1
SPI1,BCL2,1
SPI1,SULT1A1,1
SPI1,TNFAIP2,1
SPI1,GIMAP5,1
SPI1,SP100,1
SPI1,CD69,1
SPI1,TMEM123,1
SPI1,ARHGEF39,1
SPI1,SLC2A3,1
SPI1,SLC18A1,1
SPI1,SERPINA3G,1
SPI1,GPX1,1
SPI1,SERPINA3F,1
SPI1,GBP2,1
SPI1,PSTPIP1,1
SPI1,SLBP,1
SPI1,ANXA2,1
SPI1,GIMAP1,1
SPI1,HSD3B7,1
SPI1,IL1R1,1
SPI1,PLXNC1,1
SPI1,IFI213,1
SPI1,ARPP21,1
SPI1,VDR,1
SPI1,UAP1L1,1
SPI1,LY86,1
SPI1,SCARF1,1
SPI1,SERPINB6A,1
SPI1,TFR2,1
SPI1,RP2,1
SPI1,UBA7,1
SPI1,EEPD1,1
SPI1,PAFAH2,1
SPI1,ESR1,1
SPI1,MPO,1
SPI1,SLC29A1,1
SPI1,UBASH3A,1
SPI1,LRRC8C,1
SPI1,S100A6,1
SPI1,PPP1R15A,1
SPI1,NHP2,1
SPI1,TMEM14C,1
SPI1,RASAL3,1
SPI1,DRC7,1
SPI1,PKN3,1
SPI1,CKS1B,1
SPI1,SATB1,1
SPI1,SPNS3,1
SPI1,CSF3R,1
SPI1,GM973,1
SPI1,APLP2,1
SPI1,CD74,1
SPI1,COX6A1,1
SPI1,TMEM246,1
SPI1,FCGRT,1
SPI1,GAA,1
SPI1,HAAO,1
SPI1,ACAP1,1
SPI1,DYNLL1,1
SPI1,CCR7,1
SPI1,BPIFC,1
SPI1,CD63,1
SPI1,SLFN2,1
SPI1,PDE1B,1
SPI1,AKNA,1
SPI1,BLNK,1
SPI1,GSN,1
SPI1,PTP4A3,1
SPI1,SLCO3A1,1
SPI1,GPR65,1
SPI1,MOGS,1
SPI1,FLT3,1
SPI1,RAB38,1
SPI1,FUCA2,1
SPI1,CD52,1
SPI1,DEPP1,1
SPI1,SLC44A2,1
SPI1,NCAPD2,1
SPI1,HSPE1,1
SPI1,CDK18,1
SPI1,PYGL,1
SPI1,CMAH,1
SPI1,OTULINL,1
SPI1,GMNN,1
SPI1,MCM5,1
SPI1,IPCEF1,1
SPI1,FRMD6,1
SPI1,SLC25A5,1
SPI1,DPP4,1
SPI1,TRIM16,1
SPI1,FADS1,1
SPI1,CASP12,1
SPI1,DEF8,1
SPI1,TOP2A,1
SPI1,SOCS2,1
SPI1,CD7,1
SPI1,IGF1,1
SPI1,PDZK1IP1,1
SPI1,IFI209,1
SPI1,EYA2,1
SPI1,MLPH,1
SPI1,NEURL3,1
SPI1,GIMAP4,1
SPI1,SSTR2,1
SPI1,SLC9A9,1
SPI1,GPR171,1
SPI1,MEIS1,1
SPI1,CERS4,1
SPI1,CAV2,1
SPI1,STK10,1
SPI1,ANGPT1,1
SPI1,UQCR11,1
SPI1,CX3CL1,1
SPI1,RARB,1
SPI1,SPNS2,1
SPI1,TMEM268,1
SPI1,TXNIP,1
SPI1,HNRNPAB,1
SPI1,GNG11,1
SPI1,ADGRG1,1
SPI1,PTPRE,1
SPI1,PRKCH,1
SPI1,RAMP1,1
SPI1,USP11,1
SPI1,SMPDL3A,1
SPI1,PLSCR4,1
SPI1,5430427O19RIK,1
SPI1,CCR9,1
SPI1,CORO1A,1
SPI1,KLF3,1
SPI1,PGRMC1,1
SPI1,PRSS57,1
SPI1,CTR9,1
SPI1,RRAS,1
SPI1,CIPC,1
SPI1,ADGRG3,1
SPI1,PEAR1,1
SPI1,DCK,1
SPI1,CREG1,1
SPI1,TRIB3,1
SPI1,YBX1,1
SPI1,CHIL5,1
SPI1,TMEM176B,1
SPI1,RGS2,1
SPI1,PAQR5,1
SPI1,SIGLECG,1
SPI1,UPP1,1
SPI1,SLC35D3,1
SPI1,COX7B,1
SPI1,TFPI,1
SPI1,PPCDC,1
SPI1,MAN1A,1
SPI1,TBXA2R,1
SPI1,ITGB5,1
SPI1,PBX1,1
SPI1,GM5111,1
SPI1,ABHD17B,1
SPI1,KIF17,1
SPI1,CD9,1
SPI1,SH2D5,1
SPI1,UBE2L6,1
SPI1,PBLD2,1
SPI1,TTC39B,1
SPI1,TAPT1,1
SPI1,FDFT1,1
SPI1,CDK17,1
SPI1,LCK,1
SPI1,ZFP37,1
SPI1,CISH,1
SPI1,GGT5,1
SPI1,NKG7,1
SPI1,CAMSAP2,1
SPI1,NCKAP1,1
SPI1,NR3C2,1
SPI1,CTSG,1
SPI1,SAT1,1
SPI1,LY9,1
SPI1,AFDN,1
SPI1,RHBDF1,1
SPI1,LGMN,1
SPI1,ZFP422,1
SPI1,IFI27,1
SPI1,FGFR3,1
SPI1,TUBB4B,1
SPI1,LAX1,1
SPI1,MLLT3,1
SPI1,TSC22D3,1
SPI1,GDA,1
SPI1,BTLA,1
SPI1,COQ8A,1
SPI1,NPM1,1
SPI1,TRIM59,1
SPI1,GCSAM,1
SPI1,PLXDC2,1
SPI1,NLRC3,1
SPI1,C1RL,1
SPI1,ADSSL1,1
SPI1,BDH2,1
SPI1,SLC22A3,1
SPI1,PDGFC,1
SPI1,KLF6,1
SPI1,CLIP3,1
SPI1,POLA2,1
SPI1,IL18BP,1
SPI1,CPQ,1
SPI1,ARHGEF18,1
SPI1,IFITM3,1
SPI1,PGR,1
SPI1,RAB27B,1
SPI1,F2R,1
SPI1,SHROOM4,1
SPI1,RPS27L,1
SPI1,CHRNB1,1
SPI1,CD44,1
SPI1,STXBP1,1
SPI1,RUNX2,1
SPI1,PPIC,1
SPI1,GATA2,1
SPI1,IRF8,1
SPI1,APP,1
SPI1,HDAC7,1
SPI1,DACH1,1
SPI1,PDE1C,1
SPI1,CPNE8,1
SPI1,MSMO1,1
SPI1,TIPIN,1
SPI1,RHOJ,1
SPI1,NUPR1,1
SPI1,NDN,1
SPI1,SLAMF1,1
SPI1,ZYX,1
SPI1,RAG2,1
SPI1,ZBTB20,1
SPI1,GM1966,1
SPI1,RPL41,1
SPI1,LARS2,1
SPI1,CCDC136,1
SPI1,ZMIZ1,1
SPI1,MCTP2,1
SPI1,PRR5,1
SPI1,LAG3,1
SPI1,CHST2,1
SPI1,FKBP9,1
SPI1,ALDH1A1,1
SPI1,SNAP23,1
SPI1,KLRD1,1
SPI1,MPZL1,1
SPI1,CORO7,1
SPI1,TGM2,1
SPI1,ICA1,1
SPI1,EMP1,1
SPI1,H2AFY,1
SPI1,EFNA1,1
SPI1,IFI27L2A,1
SPI1,ITM2A,1
SPI1,P2RX1,1
SPI1,MYC,1
SPI1,MYLK,1
SPI1,ELL2,1
SPI1,CTSL,1
SPI1,JPT1,1
SPI1,CBX7,1
SPI1,RUSC2,1
SPI1,TRAF1,1
SPI1,IFITM1,1
SPI1,MECOM,1
SPI1,TMEM37,1
SPI1,N4BP3,1
SPI1,PAG1,1
SPI1,TIE1,1
SPI1,GP9,1
SPI1,IGFBP4,1
SPI1,CYFIP2,1
SPI1,SLC16A11,1
SPI1,H1F0,1
SPI1,ROBO4,1
SPI1,SERPINB1A,1
SPI1,ITGA6,1
SPI1,CD81,1
SPI1,PRNP,1
SPI1,IL12A,1
SPI1,MAMDC2,1
SPI1,LTB,1
SPI1,SERPINA3N,1
SPI1,FAM171B,1
SPI1,D630039A03RIK,1
SPI1,TNS2,1
SPI1,SLC16A10,1
SPI1,LDHD,1
SPI1,CTSF,1
SPI1,STK17B,1
SPI1,LGALS1,1
SPI1,CLU,1
SPI1,SNAP47,1
SPI1,TSPAN13,1
SPI1,CD93,1
SPI1,CCNG2,1
SPI1,GM4951,1
SPI1,KBTBD11,1
SPI1,CAR2,1
SPI1,MYCT1,1
SPI1,PKIB,1
SPI1,SCRN1,1
SPI1,NDNF,1
SPI1,DUSP1,1
SPI1,TSPAN3,1
SPI1,IRAK3,1
SPI1,CDK6,1
SPI1,GDF3,1
SPI1,PRIM1,1
SPI1,SLC16A2,1
SPI1,ART4,1
SPI1,IL17RA,1
SPI1,HNF4A,1
SPI1,PDGFRB,1
SPI1,FAM110C,1
SPI1,RASA4,1
SPI1,JCHAIN,1
SPI1,NDRG2,1
SPI1,FAM171A1,1
SPI1,ADGRL4,1
SPI1,NPDC1,1
SPI1,PARP8,1
SPI1,FOXO1,1
SPI1,CLEC1A,1
SPI1,ANKRD33B,1
SPI1,CPXM1,1
SPI1,CD34,1
SPI1,NOTCH1,1
SPI1,HID1,1
SPI1,GOLM1,1
SPI1,VLDLR,1
SPI1,GIMAP8,1
SPI1,SPC24,1
SPI1,AFF3,1
SPI1,OCLN,1
SPI1,KCNK5,1
SPI1,TSPAN2,1
SPI1,RAB40B,1
SPI1,ARHGAP29,1
SPI1,CYP26B1,1
SPI1,NEO1,1
SPI1,SLC18A2,1
SPI1,CTNND2,1
SPI1,MTUS1,1
SPI1,OTUB2,1
SPI1,JAM3,1
SPI1,HOXA9,1
SPI1,SDC1,1
SPI1,CD55,1
SPI1,CAVIN2,1
SPI1,SDC2,1
SPI1,TPM4,1
SPI1,GGTA1,1
SPI1,CTSW,1
SPI1,VEGFC,1
SPI1,PRUNE2,1
SPI1,GPX3,1
SPI1,ARHGEF28,1
SPI1,TEAD2,1
SPI1,ENPP5,1
SPI1,MYCN,1
SPI1,PECAM1,1
SPI1,GPC1,1
SPI1,IRF6,1
SPI1,SYTL1,1
SPI1,CD38,1
SPI1,PRPS2,1
SPI1,NAV1,1
SPI1,MN1,1
SPI1,GSTT1,1
SPI1,RHOF,1
SPI1,NSMF,1
SPI1,ATPIF1,1
SPI1,CES2G,1
SPI1,CSGALNACT1,1
SPI1,SEMA3D,1
SPI1,F11R,1
SPI1,MPDZ,1
SPI1,KRT18,1
SPI1,DDX4,1
SPI1,FLNA,1
SPI1,CCDC112,1
SPI1,ADAMTSL5,1
SPI1,KIT,1
SPI1,CNN3,1
SPI1,COL4A2,1
SPI1,COL4A1,1
SPI1,NFIA,1
SPI1,ZFP612,1
SPI1,PLPPR3,1
SPI1,TRPC6,1
SPI1,RASIP1,1
SPI1,CRIP1,1
SPI1,RUNX1T1,1
SPI1,EMB,1
SPI1,SHISA9,1
SPI1,CTNNAL1,1
SPI1,INSRR,1
SPI1,SERPINF1,1
SPI1,NOXA1,1
SPI1,JAM2,1
SPI1,TTLL7,1
CBX7,CDT1,0
GATA2,ATP8B4,0
GFI1B,TIE1,0
FOXO1,GIMAP5,0
FOXO1,PDZK1IP1,0
IKZF1,CD63,0
CBX7,SYTL1,0
ESR1,LY86,0
IRF8,MSMO1,0
NOTCH1,SLC2A3,0
ELF1,SULT1A1,0
GATA2,SDSL,0
GATA2,CBX7,0
CBX7,TIE1,0
FOXO1,LY86,0
FOXO1,CD69,0
MEF2C,ITGAL,0
NOTCH1,PRR5,0
GATA2,PRR5,0
NOTCH1,ICA1,0
SATB1,CPXM1,0
ESR1,ITGB7,0
ELF1,CSGALNACT1,0
FOXO1,EMP1,0
ELF1,PLEKHG6,0
NOTCH1,TRIM59,0
GFI1B,ARHGAP29,0
GATA2,PLXNA1,0
SATB1,KIT,0
ELF1,OTUB2,0
MEIS1,OBSCN,0
GFI1B,PIRB,0
IKZF1,ROBO4,0
FOXO1,ARL11,0
MEIS1,PROCR,0
CBX7,ITGB2,0
CBX7,GIMAP8,0
CBFB,OCLN,0
CBX7,GCSAM,0
MEIS1,PLSCR4,0
MEIS1,LCK,0
NOTCH1,ZMIZ1,0
FOXO1,TBXAS1,0
IRF8,RCSD1,0
ELF1,UBE2L6,0
MEF2C,GP9,0
CBX7,CD52,0
CBFB,TTLL7,0
IRF8,GIMAP1,0
ESR1,H2-OB,0
GFI1B,CAMK1D,0
CBFB,TINAGL1,0
NOTCH1,MMRN1,0
SATB1,ABCG2,0
IRF8,NKG7,0
IRF8,CDK17,0
FOXO1,TNS2,0
GFI1B,IL17RE,0
IRF8,IFITM1,0
FOXO1,CCT2,0
CBX7,BPIFC,0
CBFB,GPX3,0
GFI1B,GBP4,0
ELF1,NSMF,0
CBFB,FHL1,0
SATB1,TM4SF1,0
CBFB,BC035044,0
MEIS1,CCL9,0
FOXO1,DHRS3,0
FOXO1,CTNNAL1,0
IRF8,SERPINB1A,0
SATB1,APLP2,0
MEF2C,ADAMTSL5,0
FOXO1,PRKCH,0
SATB1,SHROOM4,0
MEF2C,ZFP37,0
CBFB,SERPINA3F,0
GFI1B,CERS4,0
ESR1,ATP1A3,0
FOXO1,CD27,0
GFI1B,KCNK5,0
IRF8,TNS2,0
FOXO1,CTR9,0
GATA2,UBASH3A,0
GFI1B,SSTR2,0
RAG2,OBSL1,0
FOXO1,CTSH,0
IRF8,SMPDL3A,0
FOXO1,RFTN1,0
NOTCH1,DHRS3,0
GFI1B,NDNF,0
FOXO1,FLNA,0
MEF2C,GSTT1,0
RAG2,VWF,0
ELF1,COL4A1,0
IKZF1,PLPPR3,0
FOXO1,ARPP21,0
NOTCH1,CCDC136,0
FOXO1,DACH1,0
NOTCH1,GGT5,0
MEF2C,GM5111,0
FOXO1,CX3CL1,0
NOTCH1,RAMP1,0
ELF1,MMRN1,0
NOTCH1,FCHO2,0
RAG2,SERPINF1,0
CBFB,MTUS1,0
FOXO1,SYTL1,0
IKZF1,CHRNB1,0
MEF2C,OSGIN1,0
MEF2C,IRAK3,0
CBX7,LARS2,0
IRF8,SLAMF1,0
CBX7,SLC25A5,0
IKZF1,PGR,0
SATB1,PPM1G,0
ELF1,CES2G,0
NOTCH1,PAQR5,0
IRF8,SERPINA3N,0
RAG2,SULT1A1,0
CBFB,CSF3R,0
NOTCH1,STK10,0
MEF2C,ZFP367,0
MEF2C,DPP4,0
FOXO1,GPR171,0
ESR1,MYCT1,0
GATA2,TMEM246,0
CBX7,AFDN,0
MEF2C,UBASH3A,0
FOXO1,GSTM1,0
MEIS1,PDZK1IP1,0
CBX7,CCT2,0
GFI1B,SFRP1,0
ELF1,CDKN1C,0
SATB1,ZFP37,0
ELF1,CRIP1,0
SPI1,ESAM,0
FOXO1,GPX1,0
MEF2C,MCM5,0
SATB1,DOCK11,0
MEF2C,TEAD2,0
CBX7,F11R,0
GFI1B,CBFB,0
NOTCH1,SELPLG,0
FOXO1,IL7R,0
NOTCH1,CLEC2I,0
CBFB,HNF4A,0
SATB1,FAM171B,0
MEF2C,ARHGEF28,0
MEF2C,LACTB,0
SPI1,TINAGL1,0
GFI1B,H2AFY,0
MEF2C,LGMN,0
GATA2,IL17RA,0
CBX7,CBFB,0
CBFB,GCSAM,0
GFI1B,RUNX1T1,0
FOXO1,JAM3,0
IRF8,CDKN1C,0
FOXO1,EVI2A,0
NOTCH1,PIRB,0
NOTCH1,CLCA3A1,0
IRF8,KCNK5,0
MEF2C,MRVI1,0
IRF8,MN1,0
MEF2C,RNF38,0
CBX7,GPR171,0
CBX7,AMPD2,0
MEF2C,GNG11,0
ESR1,CARD6,0
SATB1,RFTN1,0
FOXO1,KCNK5,0
MEF2C,RGS2,0
ELF1,TMEM246,0
FOXO1,GNG2,0
MEF2C,PLD4,0
FOXO1,NHP2,0
GFI1B,MOGS,0
RAG2,CLCA3A1,0
CBFB,DRC7,0
ELF1,HAAO,0
MEF2C,STXBP1,0
ELF1,CLU,0
CBX7,MYCT1,0
FOXO1,PSTPIP1,0
FOXO1,CD33,0
IRF8,RHOF,0
MEIS1,TRIM47,0
GATA2,PEAR1,0
NOTCH1,LYN,0
ESR1,COX6A2,0
FOXO1,KIF17,0
NOTCH1,N4BP3,0
FOXO1,APLP2,0
GATA2,GIMAP8,0
IRF8,RPL41,0
IRF8,LCK,0
FOXO1,ZBTB20,0
IRF8,DRC7,0
GATA2,CCL3,0
MEIS1,TLR7,0
IRF8,COX6A2,0
MEF2C,CYP26B1,0
FOXO1,DUSP6,0
GFI1B,SLC22A3,0
MEF2C,EMP1,0
FOXO1,ITGA6,0
NOTCH1,SATB1,0
CBX7,RASAL3,0
NOTCH1,ITGA6,0
NOTCH1,PLPPR3,0
MEF2C,CORO7,0
FOXO1,OSGIN1,0
MEF2C,LAG3,0
MYC,SCARF1,0
SATB1,FGD5,0
CBX7,TM4SF1,0
CBX7,TSPAN3,0
ELF1,SNAP23,0
MEIS1,CTSF,0
ELF1,SELL,0
MYC,ROBO4,0
MEF2C,SLC26A11,0
IRF8,CLIP3,0
CBX7,SULT1A1,0
IRF8,PPP1R15A,0
MYC,NDN,0
MEIS1,FAM110C,0
CBX7,ADGRL4,0
FOXO1,MOGS,0
SATB1,MLPH,0
SATB1,KLF3,0
MEF2C,SDSL,0
ELF1,PRNP,0
IKZF1,JCHAIN,0
NOTCH1,RUSC2,0
SATB1,IGF1,0
NOTCH1,RHOF,0
MEF2C,TYROBP,0
FOXO1,VWF,0
IRF8,NDNF,0
ELF1,PRDM16,0
ESR1,DOCK11,0
CBX7,ABCG3,0
IRF8,CAPG,0
ESR1,IPCEF1,0
GATA2,KRT18,0
CBX7,LTB,0
FOXO1,HCK,0
SATB1,TPM4,0
MYC,RAMP1,0
MEF2C,RAB27B,0
MEF2C,FHL1,0
FOXO1,RNF213,0
RAG2,SDSL,0
IRF8,CD81,0
SATB1,PTGER2,0
CBFB,SHISA9,0
SPI1,IL17RE,0
RAG2,CTSG,0
FOXO1,COL4A1,0
ELF1,TTLL7,0
GFI1B,CCR9,0
ELF1,CDK17,0
ESR1,CTSS,0
MEF2C,MMRN1,0
IKZF1,CLCA3A1,0
SATB1,TMEM176B,0
GFI1B,RAMP1,0
FOXO1,SLC16A2,0
IRF8,PDGFD,0
NOTCH1,EPSTI1,0
ESR1,CD38,0
IRF8,MCM5,0
GFI1B,CTNND2,0
IRF8,MKI67,0
IRF8,PLAC8,0
MEF2C,CORO1A,0
MEF2C,SP100,0
MEF2C,RASAL3,0
IKZF1,VLDLR,0
IRF8,CTR9,0
MEF2C,MPO,0
IRF8,NPDC1,0
SATB1,FUT8,0
IRF8,KLRD1,0
IRF8,CTSL,0
FOXO1,FUCA2,0
MYC,GIMAP3,0
CBX7,FUT7,0
NOTCH1,TPM4,0
FOXO1,ANGPT1,0
NOTCH1,CD7,0
IRF8,CISH,0
IRF8,SLC16A11,0
ELF1,IRF6,0
NOTCH1,CISH,0
MEF2C,TRIM16,0
GFI1B,NUDT19,0
FOXO1,CAV2,0
FOXO1,TALDO1,0
GFI1B,CLEC2I,0
FOXO1,CDK18,0
FOXO1,ARHGEF18,0
RAG2,FKBP9,0
CBX7,TTLL7,0
GFI1B,OAS2,0
ELF1,PDGFRB,0
GFI1B,DNTT,0
IRF8,DYNLL1,0
GATA2,LAG3,0
ELF1,OCLN,0
NOTCH1,CCR7,0
CBX7,CD74,0
IRF8,VAMP5,0
MEF2C,SPI1,0
FOXO1,ADGRG1,0
MEF2C,JAM3,0
NOTCH1,SPNS3,0
CBX7,ZNRF2,0
MEIS1,GIMAP5,0
IRF8,HNF4A,0
FOXO1,CD34,0
CBFB,CDKN1C,0
GFI1B,SLC16A2,0
IKZF1,ARHGEF28,0
ELF1,SCARF1,0
ESR1,JCHAIN,0
GFI1B,GBP2,0
MEF2C,CAR2,0
GATA2,IRF8,0
ESR1,ENPP5,0
GFI1B,CTSG,0
CBX7,CAVIN2,0
CBX7,TBXAS1,0
NOTCH1,INHBA,0
CBX7,NFE2,0
CBX7,PECAM1,0
NOTCH1,GRAMD1A,0
NOTCH1,ADAMTSL5,0
GFI1B,SOX18,0
GFI1B,RNF213,0
FOXO1,CD63,0
MEIS1,DDX4,0
FOXO1,DUSP1,0
FOXO1,TMEM14C,0
MEF2C,RHOF,0
NOTCH1,TSC22D3,0
FOXO1,H2-DMA,0
IRF8,MRVI1,0
CBX7,RAG2,0
NOTCH1,SP100,0
GFI1B,TBXA2R,0
IRF8,TPM4,0
SPI1,SLA,0
MEIS1,ATPIF1,0
CBX7,KLF6,0
FOXO1,PKN3,0
NOTCH1,COX6A2,0
ELF1,TEAD2,0
ESR1,CRACR2B,0
ELF1,RAB27B,0
NOTCH1,CSF1R,0
GATA2,SLC22A3,0
NOTCH1,MYCT1,0
IRF8,FCGRT,0
IKZF1,GM973,0
ESR1,SYTL1,0
IRF8,PPM1G,0
CBFB,SDC2,0
ESR1,KLRD1,0
IKZF1,JAM3,0
ELF1,LGMN,0
CBX7,DNTT,0
IRF8,ARHGAP29,0
GFI1B,GIMAP5,0
CBFB,PROCR,0
IRF8,CD38,0
MEIS1,ADAMTSL5,0
FOXO1,IRF6,0
FOXO1,STXBP1,0
CBX7,ARHGEF39,0
MEIS1,TMEM176B,0
NOTCH1,NFIA,0
NOTCH1,CD81,0
IKZF1,TTLL7,0
FOXO1,FDFT1,0
SATB1,CD93,0
SATB1,RAMP1,0
ELF1,TAPT1,0
GATA2,TEK,0
SATB1,PLK2,0
MEIS1,GOLM1,0
MYC,INSRR,0
FOXO1,SERPINB1A,0
NOTCH1,VWF,0
SATB1,CSF1R,0
CBX7,NEO1,0
RAG2,SOX18,0
IRF8,NRROS,0
MEF2C,TRPC6,0
FOXO1,IL17RE,0
FOXO1,TYROBP,0
ELF1,CTNNAL1,0
MEIS1,MYCT1,0
GFI1B,UHRF1,0
FOXO1,DOCK10,0
FOXO1,DEPP1,0
GATA2,HNF4A,0
SATB1,TTLL7,0
RAG2,MPDZ,0
MEIS1,IL7R,0
GFI1B,PTGER2,0
IRF8,PANX1,0
GFI1B,RFTN1,0
MEIS1,IFITM3,0
MEF2C,PRDM16,0
RAG2,RARB,0
NOTCH1,ICOS,0
MEIS1,NDN,0
GATA2,PLXNC1,0
CBX7,IFI27,0
FOXO1,LACTB,0
SATB1,C1RL,0
FOXO1,PLCL1,0
IRF8,PPCDC,0
CBX7,GBP9,0
ELF1,CARD11,0
MEIS1,CD48,0
NOTCH1,TNS2,0
ELF1,MYC,0
MEF2C,KLRD1,0
CBX7,GBP2,0
RAG2,TMEM246,0
SATB1,PLXNC1,0
FOXO1,XPC,0
IRF8,RHBDF1,0
ELF1,PDE1C,0
SPI1,PKIA,0
MEF2C,PLEKHG6,0
MEF2C,VLDLR,0
SATB1,CTNNAL1,0
CBFB,NOXA1,0
ELF1,ANKRD33B,0
IRF8,DACH1,0
MEIS1,SOX18,0
GFI1B,IFI213,0
CBX7,ENPP5,0
GFI1B,PLK2,0
MEF2C,MECOM,0
GFI1B,ANGPT1,0
MYC,NKG7,0
GFI1B,UBASH3A,0
MYC,SCRN1,0
GFI1B,ADGRL4,0
ESR1,SLA,0
CBX7,RP2,0
SATB1,IFITM1,0
ELF1,TSPAN3,0
CBFB,SERPINF1,0
SATB1,PECAM1,0
GFI1B,N4BP3,0
MYC,LPCAT2,0
ESR1,SIGLECG,0
SPI1,TLR7,0
GFI1B,TSPAN13,0
GFI1B,ARHGEF39,0
FOXO1,MPL,0
ELF1,OBSCN,0
GFI1B,PDGFRB,0
MEF2C,GGT5,0
NOTCH1,ARL11,0
ELF1,SMPDL3A,0
FOXO1,CES2G,0
MEF2C,PGRMC1,0
MEF2C,LSP1,0
SATB1,IL18BP,0
IRF8,NCAPD2,0
GFI1B,POLA2,0
MEF2C,SERPINB1A,0
MEIS1,GIMAP3,0
CBX7,RANBP1,0
FOXO1,OAS2,0
GFI1B,GIMAP4,0
NOTCH1,SGMS1,0
FOXO1,ZFP37,0
IKZF1,RBPMS,0
GATA2,GIMAP4,0
IRF8,ABHD17B,0
NOTCH1,MLPH,0
MEF2C,RFTN1,0
IRF8,VWF,0
ELF1,DPP4,0
ELF1,UAP1L1,0
SATB1,PF4,0
RAG2,MPL,0
MEF2C,CNN3,0
RAG2,ROBO4,0
FOXO1,CTSL,0
IKZF1,SERPINA3N,0
GATA2,PDGFC,0
CBX7,CD33,0
ELF1,CCR9,0
FOXO1,IL18BP,0
SATB1,SDC2,0
MEF2C,GM2A,0
MEF2C,CSF1R,0
IRF8,APLP2,0
FOXO1,PARVG,0
CBX7,FUT8,0
ELF1,LACTB,0
CBX7,ROBO4,0
MEF2C,IFI209,0
MEF2C,PKN3,0
GFI1B,KLF3,0
ELF1,GDF3,0
MEF2C,CD9,0
ELF1,CD27,0
NOTCH1,TTC39B,0
ELF1,DACH1,0
SATB1,PDGFC,0
MEF2C,PTGER2,0
ELF1,GGTA1,0
FOXO1,UPP1,0
FOXO1,GIMAP4,0
GFI1B,LAG3,0
MEF2C,MLLT3,0
MEF2C,CD27,0
FOXO1,SNAP47,0
GFI1B,LTB,0
ELF1,NCF1,0
IRF8,PLXNC1,0
GFI1B,IL1R1,0
FOXO1,MCM5,0
GFI1B,ICA1,0
MEIS1,TMEM246,0
GFI1B,CADPS2,0
ESR1,CSF1R,0
IRF8,RGS2,0
NOTCH1,PGR,0
IKZF1,ADGRG3,0
FOXO1,ZFP658,0
RAG2,TIE1,0
IKZF1,FCGRT,0
FOXO1,GIMAP3,0
IRF8,GUCY1A1,0
ELF1,DUSP1,0
MYC,GUCY1A1,0
MEIS1,H2-Q6,0
ESR1,SH2D5,0
MEF2C,SOX18,0
ELF1,ARID5A,0
IRF8,RRAS,0
FOXO1,ZFP62,0
ELF1,GATA2,0
RAG2,DDX4,0
GATA2,HAAO,0
CBFB,ALDH1A1,0
MEF2C,TPM4,0
GATA2,5430427O19RIK,0
MEIS1,CTNND2,0
GFI1B,IFI27L2A,0
RAG2,PDGFD,0
ELF1,FOXO1,0
MEF2C,RHOJ,0
ESR1,KRT18,0
FOXO1,LDHB,0
MEF2C,CLEC1A,0
FOXO1,TRIM47,0
GFI1B,DUSP1,0
ELF1,EEPD1,0
NOTCH1,PDGFD,0
GATA2,ATP1A3,0
RAG2,SFRP1,0
MEIS1,SELL,0
MYC,CCR9,0
NOTCH1,PGRMC1,0
MEF2C,SCRN1,0
CBX7,TRIM16,0
NOTCH1,CRIP1,0
GATA2,CTSS,0
RAG2,FUT7,0
GATA2,ENG,0
IRF8,RNF38,0
ELF1,TGM2,0
CBX7,SDSL,0
ELF1,ARHGEF28,0
SATB1,TSPAN13,0
ESR1,GIMAP4,0
FOXO1,GFI1B,0
NOTCH1,CERS4,0
GFI1B,INSRR,0
FOXO1,ATPIF1,0
ELF1,UPP1,0
GFI1B,PLSCR4,0
MEIS1,TRAF1,0
ESR1,SERPINA3G,0
GFI1B,IRF6,0
ELF1,ABCG3,0
FOXO1,FCGRT,0
IRF8,PLXDC2,0
MEF2C,NRROS,0
GATA2,OAS2,0
NOTCH1,GIMAP4,0
IRF8,IL17RE,0
MEIS1,ESAM,0
FOXO1,DCK,0
IRF8,PRKCH,0
IRF8,GOLM1,0
GATA2,H2AFY,0
NOTCH1,ART4,0
FOXO1,KBTBD11,0
GATA2,TFEC,0
IKZF1,LHCGR,0
FOXO1,NCF1,0
CBX7,CLEC2I,0
MEF2C,DHRS3,0
CBX7,SP100,0
FOXO1,CCR9,0
ESR1,CCL3,0
FOXO1,SAMSN1,0
CBFB,TNS2,0
SATB1,TMEM246,0
NOTCH1,CD52,0
SATB1,HSD3B7,0
GFI1B,CTTN,0
NOTCH1,PLEKHB1,0
GATA2,GPR65,0
GFI1B,COL4A2,0
CBFB,TEK,0
RAG2,CLU,0
SATB1,CCDC136,0
IRF8,AMIGO2,0
FOXO1,PRDM16,0
CBX7,TRIB3,0
GFI1B,FDFT1,0
NOTCH1,PRSS57,0
IRF8,DTL,0
MEIS1,TMEM173,0
MEF2C,ROBO4,0
NOTCH1,IGFBP4,0
CBFB,C1RL,0
IRF8,BTLA,0
NOTCH1,KRT18,0
MEIS1,CLIP3,0
GATA2,BPIFC,0
ESR1,LRRC8C,0
MEF2C,PPIC,0
CBX7,PDZK1IP1,0
ELF1,FLT3,0
CBFB,TM4SF1,0
ELF1,PBLD2,0
IKZF1,SSTR2,0
ELF1,CD81,0
SATB1,DDX4,0
MEF2C,IGFBP4,0
GFI1B,P2RY14,0
MEF2C,LY86,0
MEF2C,ICA1,0
ELF1,CHIL5,0
FOXO1,RHOJ,0
GFI1B,CBX7,0
FOXO1,RGS19,0
IRF8,GP9,0
GFI1B,GCSAM,0
ELF1,RP2,0
FOXO1,CTSW,0
ESR1,NKG7,0
NOTCH1,NAPSA,0
MEIS1,POLA2,0
GATA2,CADPS2,0
ESR1,GPR171,0
GFI1B,PTP4A3,0
SATB1,CRACR2B,0
MEF2C,IL17RE,0
FOXO1,H1F0,0
MEIS1,MLPH,0
FOXO1,NPDC1,0
MEIS1,CD7,0
GFI1B,SLC29A1,0
GFI1B,RASIP1,0
GATA2,TSPAN3,0
MEF2C,DEF8,0
SATB1,CD44,0
NOTCH1,PRNP,0
FOXO1,MPO,0
NOTCH1,RCSD1,0
NOTCH1,BPIFC,0
FOXO1,BLNK,0
MEF2C,GNG2,0
MEF2C,IL12A,0
ELF1,ENPP5,0
GATA2,MYLK,0
CBX7,TINAGL1,0
GFI1B,LPCAT2,0
FOXO1,NAIP6,0
ESR1,ITGB2,0
FOXO1,SPC24,0
GFI1B,JPT1,0
CBFB,GHR,0
ESR1,ROBO4,0
MEIS1,CD81,0
ELF1,TRIB3,0
MEIS1,CCR7,0
MEIS1,GPR171,0
ELF1,IFITM1,0
GFI1B,UCP2,0
GFI1B,SLC43A2,0
NOTCH1,FKBP9,0
FOXO1,EBI3,0
CBX7,NKG7,0
SATB1,VAV3,0
NOTCH1,GMNN,0
CBX7,PGRMC1,0
SATB1,NKG7,0
NOTCH1,OAS2,0
FOXO1,TESPA1,0
MEF2C,SLBP,0
GFI1B,ELL2,0
MEF2C,TIFAB,0
GFI1B,CDK17,0
CBX7,ITGAM,0
SATB1,PKN3,0
GFI1B,CDKN1C,0
FOXO1,CYFIP2,0
CBFB,GGT5,0
NOTCH1,PTGER2,0
GFI1B,ANXA5,0
GATA2,PLPPR3,0
CBX7,MGAT1,0
GFI1B,TINAGL1,0
IRF8,SAT1,0
IRF8,SLC39A6,0
GFI1B,SLFN2,0
NOTCH1,CD69,0
MEF2C,SLFN2,0
CBX7,SLBP,0
GATA2,AFF3,0
GFI1B,CLEC14A,0
MEF2C,PPCDC,0
MEF2C,MPEG1,0
ELF1,GUCY1A1,0
MEIS1,GPR18,0
SATB1,KLRD1,0
IRF8,MMRN1,0
FOXO1,FADS1,0
MEF2C,SULT1A1,0
CBX7,EFNA1,0
IRF8,TMEM37,0
RAG2,CCL3,0
MEF2C,SEMA3D,0
IRF8,PRNP,0
IRF8,RNF125,0
IKZF1,COL4A2,0
IKZF1,GDF3,0
ESR1,CSF3R,0
IRF8,OCLN,0
FOXO1,ARHGAP15,0
CBX7,GDF3,0
ELF1,ST8SIA4,0
FOXO1,IL12A,0
MEF2C,ZMIZ1,0
ESR1,ANKRD33B,0
ELF1,SSTR2,0
ELF1,SGMS1,0
GFI1B,LCK,0
ELF1,HOXA9,0
GFI1B,SMPDL3A,0
IRF8,C1RL,0
CBX7,ITM2A,0
FOXO1,RASIP1,0
NOTCH1,AMPD2,0
FOXO1,OCLN,0
IRF8,TTLL7,0
IKZF1,RUSC2,0
FOXO1,TSPAN13,0
SATB1,F11R,0
IRF8,PYGL,0
IKZF1,VDR,0
SPI1,PDGFD,0
MYC,CYP26B1,0
NOTCH1,F11R,0
MEF2C,IRF8,0
GFI1B,EYA2,0
GATA2,INSRR,0
FOXO1,CD81,0
GFI1B,MRVI1,0
GFI1B,SAT1,0
ELF1,NPDC1,0
IRF8,PSTPIP1,0
FOXO1,MCTP2,0
MEF2C,AMIGO2,0
SATB1,RHOJ,0
NOTCH1,LY9,0
CBX7,NUPR1,0
FOXO1,NT5C3,0
IKZF1,D630039A03RIK,0
FOXO1,APOE,0
IKZF1,TRAF1,0
NOTCH1,ITPR2,0
IRF8,HID1,0
SATB1,JCHAIN,0
NOTCH1,ANGPT1,0
GFI1B,MMRN1,0
ELF1,EMB,0
CBX7,IFITM3,0
MEF2C,ARID5A,0
GFI1B,SLC6A15,0
MYC,CCR7,0
GFI1B,IPCEF1,0
MEF2C,SLCO3A1,0
MEF2C,SDC2,0
ELF1,TIPIN,0
IRF8,CCL9,0
NOTCH1,CLIP3,0
ELF1,CDK6,0
MEF2C,COL4A1,0
FOXO1,GRAMD1A,0
GATA2,CTNND2,0
CBX7,GGT5,0
NOTCH1,SLC44A2,0
GATA2,CDK18,0
FOXO1,ARHGEF28,0
ESR1,LTB,0
SATB1,TFR2,0
MEF2C,SPNS2,0
ESR1,OCLN,0
NOTCH1,APOE,0
SATB1,JAM3,0
ESR1,RAB38,0
MEF2C,KLF3,0
CBX7,5430427O19RIK,0
MEF2C,GAS2L3,0
MEIS1,DOK2,0
NOTCH1,TES,0
MEIS1,GATA2,0
GFI1B,BDH2,0
CBX7,HOXA9,0
SATB1,GIMAP8,0
MEIS1,5430427O19RIK,0
NOTCH1,MPL,0
MEF2C,KIF17,0
GFI1B,KRT18,0
RAG2,ARHGEF18,0
IRF8,RASA4,0
ELF1,GPC1,0
IRF8,PLSCR4,0
GFI1B,TMEM206,0
FOXO1,NDNF,0
GFI1B,TMSB4X,0
CBX7,SERPINA3N,0
MYC,BPIFC,0
SPI1,GIMAP3,0
MEF2C,IL7R,0
ELF1,PDGFC,0
IRF8,ANKRD33B,0
SATB1,PRNP,0
CBFB,TIE1,0
MEF2C,CDT1,0
ELF1,MPO,0
IRF8,PRPS2,0
NOTCH1,NPM1,0
NOTCH1,GAA,0
CBX7,TFPI,0
GFI1B,CAVIN2,0
NOTCH1,ZFP612,0
MEF2C,ARHGEF39,0
ESR1,TSC22D3,0
GATA2,CCL9,0
FOXO1,GUCY1A1,0
SATB1,KBTBD11,0
GFI1B,GM4951,0
GATA2,TRIM47,0
MYC,DRC7,0
CBX7,MCM7,0
ESR1,GIMAP1,0
CBX7,FUCA2,0
ELF1,GM5111,0
CBX7,SLC44A2,0
IKZF1,CCL9,0
MEF2C,CARD6,0
GFI1B,CLIP3,0
GFI1B,CCR7,0
ELF1,PBX1,0
MEF2C,ZFP422,0
MEF2C,NWD1,0
FOXO1,IGF1,0
ELF1,RASSF2,0
IKZF1,RNF125,0
RAG2,SHROOM4,0
SATB1,TIFAB,0
CBX7,SPI1,0
IRF8,YBX1,0
NOTCH1,HNF4A,0
ELF1,RAG2,0
MEIS1,UBA7,0
FOXO1,UNC93B1,0
MEF2C,IKZF1,0
GFI1B,SDC1,0
GFI1B,GSTT1,0
MEF2C,EYA2,0
IKZF1,TMEM37,0
ELF1,COX6A2,0
MEF2C,TRIM47,0
MEIS1,SCARF1,0
MEIS1,LAG3,0
CBFB,CTSF,0
ESR1,SSTR2,0
GFI1B,SHISA9,0
SATB1,PGR,0
FOXO1,SLC2A3,0
ESR1,CHIL5,0
FOXO1,RNASE6,0
MYC,SHISA9,0
IRF8,ANXA2,0
GFI1B,GIMAP1,0
NOTCH1,IFI27,0
CBFB,INSRR,0
RAG2,IL1R1,0
IKZF1,FKBP9,0
MEF2C,SPNS3,0
IRF8,HDAC7,0
MEF2C,NSMF,0
MEF2C,N4BP3,0
MEIS1,WFDC2,0
CBX7,NEURL3,0
ELF1,S100A6,0
CBX7,CDK17,0
ELF1,INHBA,0
GATA2,CLEC1A,0
IKZF1,CLEC1A,0
MYC,ENG,0
IKZF1,GPC1,0
IRF8,CLEC2I,0
MEF2C,ST8SIA4,0
NOTCH1,NAV1,0
MEIS1,PLPPR3,0
RAG2,CST7,0
IRF8,CADPS2,0
MEIS1,KBTBD11,0
NOTCH1,VAV3,0
GFI1B,FCRL1,0
MEF2C,TMEM268,0
IRF8,ARHGAP27,0
IRF8,PGRMC1,0
FOXO1,REL,0
GFI1B,APLP2,0
MEF2C,CADPS2,0
CBX7,AP1S2,0
FOXO1,FHL1,0
MEF2C,DCK,0
IRF8,SLBP,0
CBFB,COL4A1,0
GFI1B,CLU,0
MEIS1,IFI213,0
NOTCH1,TALDO1,0
ESR1,GIMAP3,0
FOXO1,PRPS2,0
IRF8,SERPINF1,0
MEIS1,CRACR2B,0
IKZF1,RUNX1T1,0
ELF1,PLXNC1,0
GATA2,CAPG,0
GATA2,CTSW,0
SATB1,SPNS2,0
RAG2,JAM2,0
GATA2,GIMAP1,0
IKZF1,C1RL,0
SATB1,IL17RA,0
SATB1,FKBP9,0
FOXO1,TMEM246,0
NOTCH1,MYLK,0
CBX7,USP11,0
NOTCH1,PDZK1IP1,0
FOXO1,IRF8,0
MEF2C,JAM2,0
MEIS1,F11R,0
RAG2,FCGRT,0
CBX7,P2RY14,0
IRF8,ADAMTSL5,0
IRF8,CTSH,0
IRF8,TM4SF1,0
GFI1B,EVI2A,0
ELF1,PDGFD,0
SATB1,TCAF1,0
GFI1B,ADGRG3,0
MEIS1,SEMA3D,0
CBX7,RGS19,0
FOXO1,DEF8,0
ELF1,CLCA3A1,0
GFI1B,PPIC,0
IRF8,CAMSAP2,0
CBX7,NCF1,0
NOTCH1,GPR65,0
GFI1B,CRIP1,0
CBX7,UQCR11,0
FOXO1,ADGRL4,0
ESR1,CCR9,0
MEIS1,LGALS1,0
SPI1,CLCA3A1,0
ELF1,PRR5,0
MYC,RAG2,0
NOTCH1,UBASH3A,0
ELF1,IGFBP4,0
IKZF1,HOXA9,0
MEIS1,LDHB,0
GFI1B,SCRN1,0
IRF8,TCAF1,0
IRF8,RAG2,0
FOXO1,CAVIN2,0
MEF2C,SHROOM4,0
SATB1,DEPP1,0
GFI1B,CYFIP2,0
IKZF1,CTSL,0
GFI1B,NDRG2,0
MEF2C,PROCR,0
MEF2C,RPS27L,0
NOTCH1,UNC93B1,0
CBX7,FKBP9,0
FOXO1,ZYX,0
NOTCH1,KCNK5,0
IKZF1,ESAM,0
CBX7,ART4,0
NOTCH1,GFI1B,0
NOTCH1,CES2G,0
FOXO1,SMPDL3A,0
IRF8,F11R,0
CBX7,DOK2,0
SATB1,GDA,0
GFI1B,LY86,0
SATB1,SCARF1,0
MEF2C,CLEC12A,0
IKZF1,CDK18,0
NOTCH1,SHROOM4,0
IKZF1,CD9,0
GATA2,RNF213,0
MEF2C,NOTCH1,0
MEF2C,SLC6A15,0
MEIS1,FSTL1,0
SATB1,VLDLR,0
IKZF1,FSTL1,0
SPI1,PLEKHG6,0
MEF2C,ZFP658,0
ELF1,CREG1,0
MEIS1,MKI67,0
RAG2,TNS2,0
CBFB,MECOM,0
MEF2C,NAIP6,0
ESR1,FGD5,0
ELF1,CAR2,0
GFI1B,RHOF,0
CBFB,TEAD2,0
FOXO1,TEK,0
ELF1,TIE1,0
ELF1,FGD5,0
NOTCH1,SLC43A2,0
IKZF1,CAVIN2,0
RAG2,OBSCN,0
RAG2,CX3CL1,0
CBX7,EMB,0
GFI1B,GUCY1A1,0
RAG2,GP9,0
SATB1,MYLK,0
CBX7,SPNS3,0
GFI1B,TCAF1,0
CBX7,ELL2,0
GFI1B,COX6A2,0
CBX7,AKNA,0
MEIS1,RAB27B,0
CBFB,IFITM1,0
CBFB,PDGFC,0
RAG2,HSD3B7,0
MEIS1,IFI209,0
MEF2C,SERPINA3F,0
ELF1,ARHGAP29,0
MEF2C,MAGED2,0
NOTCH1,PECAM1,0
IRF8,TRIB3,0
MEF2C,D630039A03RIK,0
GFI1B,GPR171,0
GFI1B,PDE1B,0
GATA2,SCARF1,0
IKZF1,MPDZ,0
RAG2,NKG7,0
NOTCH1,UBE2L6,0
GATA2,SFRP1,0
GFI1B,DEPP1,0
SATB1,TEAD2,0
CBFB,MRVI1,0
IRF8,TEAD2,0
IRF8,ITGA6,0
MEF2C,WFDC17,0
ESR1,CD52,0
NOTCH1,NSMF,0
CBFB,NAV1,0
FOXO1,WFDC2,0
IRF8,SPI1,0
MEF2C,RRAS,0
IRF8,UHRF1,0
RAG2,DRC7,0
GFI1B,ZFP37,0
MEF2C,DRC7,0
SATB1,GDF3,0
NOTCH1,CCDC112,0
FOXO1,HNRNPAB,0
MEF2C,EVI2A,0
CBX7,METTL7A1,0
ELF1,SCRN1,0
IRF8,CLCA3A1,0
CBX7,KLF3,0
MEF2C,EFNA1,0
NOTCH1,GCSAM,0
MEF2C,TBXA2R,0
NOTCH1,MN1,0
MYC,LAG3,0
MEF2C,SLC16A2,0
CBFB,OSGIN1,0
ELF1,F2R,0
SATB1,ADSSL1,0
MYC,TLR7,0
IRF8,ADGRL4,0
FOXO1,CTSG,0
IRF8,PBX1,0
IRF8,CYP26B1,0
CBFB,RAB40B,0
CBX7,CLEC12A,0
ELF1,NOTCH1,0
MEIS1,ZFP612,0
CBFB,CD93,0
MEIS1,ZFP422,0
SATB1,ARHGEF28,0
ELF1,ART4,0
NOTCH1,FCGRT,0
NOTCH1,CD38,0
MEF2C,SLAMF1,0
MEF2C,CCR9,0
RAG2,TEK,0
SATB1,CTSH,0
GATA2,H2-Q6,0
NOTCH1,NCF1,0
FOXO1,OBSL1,0
IRF8,ITSN1,0
FOXO1,NEO1,0
SATB1,PGRMC1,0
MEF2C,CKS1B,0
CBFB,TSC22D3,0
NOTCH1,RUNX2,0
MEF2C,IGF1,0
GFI1B,SIGLECG,0
SATB1,CTSF,0
MYC,GPX3,0
GFI1B,CST7,0
MEF2C,MEIS1,0
SATB1,CYP26B1,0
NOTCH1,TEAD2,0
ESR1,GCSAM,0
CBX7,VAMP1,0
FOXO1,LYN,0
GATA2,SLAMF1,0
GFI1B,TSC22D3,0
MEF2C,RUNX1T1,0
MEF2C,WFDC2,0
GFI1B,FLNA,0
SATB1,ARHGAP29,0
ELF1,SERPINA3F,0
GFI1B,TEAD2,0
CBX7,CHIL5,0
GFI1B,OCLN,0
GATA2,VDR,0
GFI1B,SAMSN1,0
MYC,CSF3R,0
FOXO1,WLS,0
NOTCH1,TRIM47,0
MEIS1,SERPINB1A,0
MEF2C,SIGLECG,0
GFI1B,ARHGEF18,0
FOXO1,CCR7,0
IRF8,ITGB5,0
IRF8,MYCT1,0
GATA2,PRDM16,0
GATA2,MCTP2,0
MEF2C,TRIM59,0
FOXO1,NKG7,0
IRF8,SLC25A5,0
IRF8,ADSSL1,0
CBX7,TMEM173,0
ELF1,PRUNE2,0
FOXO1,INSRR,0
IRF8,CTSW,0
SATB1,INHBA,0
FOXO1,CAMK1D,0
SATB1,TSC22D3,0
MEIS1,ITGA6,0
CBFB,NCF1,0
MEIS1,PRSS57,0
MEF2C,PTP4A3,0
NOTCH1,CST7,0
GFI1B,NEO1,0
CBFB,RBPMS,0
CBFB,RHBDF1,0
IRF8,CLU,0
MEF2C,ENG,0
FOXO1,CISH,0
GFI1B,TUBB4B,0
IRF8,ZFP612,0
ELF1,SPNS2,0
FOXO1,KLRD1,0
GFI1B,CD34,0
FOXO1,SCRN1,0
IKZF1,GATA2,0
GATA2,SEMA3D,0
MEF2C,TSPAN2,0
SATB1,MYCT1,0
CBX7,ZBTB20,0
FOXO1,ACAP1,0
FOXO1,CPQ,0
CBX7,MPO,0
NOTCH1,SDC1,0
SATB1,GUCY1A1,0
IRF8,CD27,0
NOTCH1,PARP8,0
SATB1,CTSW,0
MEF2C,SLA,0
ELF1,ZMIZ1,0
GFI1B,CX3CL1,0
MEF2C,NDRG2,0
GATA2,MAMDC2,0
FOXO1,TTC39B,0
IKZF1,TLR7,0
CBX7,GOLM1,0
IRF8,KLHL4,0
ELF1,PROCR,0
ELF1,TTC39B,0
MEF2C,DENND2D,0
NOTCH1,MPDZ,0
MEIS1,IRF8,0
CBX7,EPSTI1,0
GFI1B,CAR2,0
ESR1,RNASE6,0
MEF2C,METTL7A1,0
GATA2,RHBDF1,0
GATA2,PARVG,0
RAG2,PRUNE2,0
SATB1,CES2G,0
CBX7,COX6A2,0
IRF8,IFI27,0
RAG2,IGF1,0
GFI1B,ITGA6,0
MEF2C,FGFR3,0
IRF8,LY9,0
ESR1,SPNS3,0
RAG2,TLR7,0
GFI1B,CORO7,0
NOTCH1,LY86,0
NOTCH1,SLC16A11,0
CBX7,HACD4,0
MYC,PDGFD,0
ELF1,NAPSA,0
CBX7,RHOF,0
SATB1,MPL,0
RAG2,KRT18,0
IRF8,AKNA,0
MEF2C,APOE,0
ELF1,AMIGO2,0
GFI1B,MYC,0
SPI1,CLEC14A,0
IKZF1,TM4SF1,0
ELF1,DEPP1,0
IRF8,MAGED2,0
IRF8,SLC16A10,0
MEF2C,TIE1,0
NOTCH1,ITGAL,0
RAG2,PF4,0
IRF8,UBASH3A,0
IRF8,SEMA3D,0
MEIS1,RAG2,0
ELF1,ZYX,0
GATA2,PLEK,0
IRF8,MYCN,0
GATA2,DUSP5,0
SATB1,FUCA2,0
RAG2,GIMAP4,0
RAG2,WFDC17,0
CBX7,OSGIN1,0
GFI1B,IRAK3,0
SATB1,GAS2L3,0
NOTCH1,LDHD,0
IRF8,CTNNAL1,0
CBX7,PF4,0
GATA2,LHCGR,0
IRF8,DUSP6,0
CBFB,EFNA1,0
FOXO1,PTGER2,0
FOXO1,ROBO4,0
NOTCH1,TFR2,0
CBFB,GDF3,0
NOTCH1,SYK,0
FOXO1,GBP2,0
ESR1,TIE1,0
RAG2,NEO1,0
SATB1,CDK18,0
FOXO1,APP,0
GFI1B,F2R,0
MEF2C,CRIP1,0
FOXO1,LRRC8C,0
FOXO1,PLEKHG6,0
CBX7,HMGB2,0
MEF2C,VWF,0
GATA2,EVI2A,0
CBFB,SERPINA3G,0
RAG2,CRACR2B,0
ELF1,RGS2,0
MEF2C,GSTM1,0
MEIS1,PDGFC,0
FOXO1,TRPV2,0
NOTCH1,KAZALD1,0
NOTCH1,SERPINB6A,0
GFI1B,PRIM1,0
GATA2,OBSCN,0
GATA2,CKS1B,0
NOTCH1,PANX1,0
ELF1,CHST2,0
FOXO1,GM1966,0
NOTCH1,P2RX1,0
MEIS1,MYLK,0
IRF8,SNAP23,0
FOXO1,HNF4A,0
MEIS1,TRPV2,0
MEF2C,CCR7,0
IRF8,DUSP1,0
ELF1,NDNF,0
IRF8,ELL2,0
SATB1,ZFP367,0
MEF2C,NCEH1,0
IRF8,CTNND2,0
GATA2,GM5111,0
IRF8,OTULINL,0
IKZF1,PDGFC,0
GFI1B,SLA,0
GFI1B,TMEM176B,0
GFI1B,NLRC3,0
GFI1B,DUSP5,0
MEIS1,SLC16A11,0
NOTCH1,RFTN1,0
MEF2C,TSPAN3,0
ESR1,CD7,0
FOXO1,MYO5A,0
ESR1,TIFAB,0
MEF2C,CHRNB1,0
FOXO1,GGTA1,0
GFI1B,SERPINA3N,0
FOXO1,CDK17,0
MEF2C,HDAC7,0
RAG2,SLC18A2,0
MEIS1,MAGED2,0
NOTCH1,CREG1,0
ELF1,SYTL1,0
ESR1,CFP,0
GFI1B,GP9,0
ELF1,NUPR1,0
RAG2,JCHAIN,0
GFI1B,MTUS1,0
MEF2C,CD55,0
ELF1,GBP9,0
CBX7,SLC39A6,0
FOXO1,ART4,0
FOXO1,SLFN2,0
ELF1,CTSW,0
CBX7,RHOH,0
ESR1,SEMA3D,0
SATB1,IL1R1,0
ELF1,GGT5,0
FOXO1,CDK6,0
ESR1,RAG2,0
FOXO1,GOLM1,0
NOTCH1,CADPS2,0
IRF8,NPM1,0
IKZF1,COL4A1,0
FOXO1,SULT1A1,0
ELF1,SLA,0
MEIS1,FAM171A1,0
NOTCH1,CFP,0
SATB1,ENPP5,0
IRF8,IGFBP4,0
MEIS1,ITGB5,0
FOXO1,NUPR1,0
IRF8,TTC39B,0
IRF8,SDC1,0
ESR1,CYFIP2,0
IRF8,RFTN1,0
IRF8,CHST2,0
FOXO1,SELL,0
IRF8,TRAF1,0
CBFB,BLNK,0
CBFB,ADGRL4,0
SATB1,TEK,0
MYC,TNS2,0
ELF1,PLSCR4,0
MEF2C,RPL41,0
GATA2,CX3CL1,0
GFI1B,TFR2,0
GFI1B,TPM4,0
ELF1,PGRMC1,0
SATB1,GCSAM,0
MEIS1,RNF213,0
MEF2C,ARHGAP27,0
FOXO1,TINAGL1,0
SATB1,SLC25A5,0
ELF1,IFI27L2A,0
MEIS1,HSD3B7,0
CBFB,SERPINB1A,0
FOXO1,SLC29A1,0
ELF1,MYLK,0
CBFB,CSF1R,0
MEF2C,CSF3R,0
MEF2C,GBP9,0
GFI1B,IL17RA,0
IKZF1,GPX3,0
ESR1,LAX1,0
IRF8,TGM2,0
GFI1B,PRPS2,0
FOXO1,CTSS,0
NOTCH1,ARHGAP15,0
IRF8,RAB40B,0
NOTCH1,WFDC2,0
FOXO1,TEAD2,0
CBX7,IFI27L2A,0
ELF1,BDH2,0
MEF2C,CD63,0
SATB1,CDK6,0
MEF2C,LRRC8C,0
ELF1,HNF4A,0
SATB1,CTSL,0
IRF8,FCHO2,0
MEF2C,CD48,0
IKZF1,MPL,0
GFI1B,PKIA,0
CBX7,MCM5,0
MYC,ABCG3,0
FOXO1,ITM2A,0
ELF1,ITM2A,0
GFI1B,JCHAIN,0
MEF2C,PLPPR3,0
MYC,VWF,0
GFI1B,USP11,0
GFI1B,OSGIN1,0
NOTCH1,TRPV2,0
GFI1B,SLC16A11,0
GFI1B,MPL,0
GATA2,IL1R1,0
GFI1B,MECOM,0
MEIS1,NFIA,0
ELF1,RASA4,0
MEIS1,JAM3,0
CBX7,RPS27L,0
MEF2C,CD69,0
CBX7,MPZL1,0
CBX7,TUBB4B,0
MEIS1,CD52,0
CBFB,PKIB,0
MEF2C,IL18BP,0
SATB1,LDHD,0
SATB1,NEO1,0
SPI1,PRDM16,0
CBX7,NHP2,0
NOTCH1,BCL2,0
MEF2C,MYLK,0
GFI1B,ARL11,0
MEIS1,CERS4,0
FOXO1,MAN1A,0
IRF8,UCP2,0
NOTCH1,TMEM37,0
MEF2C,CTSH,0
ELF1,CTSF,0
MEF2C,FDFT1,0
ESR1,IFI27L2A,0
CBFB,PRDM16,0
NOTCH1,MRVI1,0
CBX7,NLRC3,0
SATB1,PLEKHG6,0
FOXO1,ARHGAP29,0
ELF1,TRIM16,0
SATB1,CD27,0
IRF8,APP,0
SATB1,PAQR5,0
IKZF1,MAMDC2,0
CBFB,ICA1,0
MEF2C,GSN,0
RAG2,CLIP3,0
ESR1,ICOS,0
GFI1B,HID1,0
IRF8,CD63,0
GATA2,CLEC2I,0
IRF8,FGD5,0
ELF1,KIF17,0
MEF2C,CDK18,0
GFI1B,MN1,0
NOTCH1,CD63,0
MEIS1,CLEC14A,0
IRF8,SHROOM4,0
CBX7,UBASH3A,0
FOXO1,MMRN1,0
MEIS1,GIMAP8,0
FOXO1,DENND2D,0
NOTCH1,SOX18,0
MEF2C,P2RX1,0
FOXO1,MRVI1,0
FOXO1,CD93,0
MEF2C,TMEM173,0
CBX7,CASP12,0
CBFB,TCAF1,0
FOXO1,SERPINB6A,0
IRF8,CNN3,0
SATB1,HOXA9,0
FOXO1,SDC1,0
IRF8,SFRP1,0
IKZF1,FHL1,0
MEIS1,MRVI1,0
NOTCH1,PLK2,0
GFI1B,EBI3,0
MEF2C,PRIM1,0
FOXO1,RPS27L,0
NOTCH1,SELL,0
IKZF1,ATP1A3,0
GATA2,H2-OB,0
CBX7,ZFP658,0
SATB1,OBSL1,0
GFI1B,MCM5,0
GATA2,TMEM176B,0
SPI1,LHCGR,0
NOTCH1,PDE1B,0
IKZF1,DACH1,0
CBX7,LGMN,0
ELF1,SERPINA3N,0
ESR1,ST8SIA4,0
RAG2,ICA1,0
CBX7,NUDT19,0
IKZF1,PPIC,0
MEF2C,FOXO1,0
IRF8,IFI27L2A,0
ELF1,IL17RE,0
FOXO1,COL4A2,0
NOTCH1,H2-OB,0
NOTCH1,TMSB4X,0
MEF2C,COQ8A,0
IRF8,TSPAN13,0
NOTCH1,DUSP1,0
FOXO1,VDR,0
MEF2C,SLC16A11,0
MEF2C,LONP2,0
FOXO1,CD52,0
GFI1B,TSPAN3,0
ELF1,CHRNB1,0
MEIS1,JCHAIN,0
MYC,IL18RAP,0
NOTCH1,GATA2,0
NOTCH1,GIMAP3,0
SATB1,CSF3R,0
CBFB,HCK,0
GATA2,CRACR2B,0
FOXO1,TRAF1,0
NOTCH1,HOXA9,0
FOXO1,CARD11,0
IRF8,CHRNB1,0
MEF2C,FCGRT,0
GFI1B,CAPG,0
FOXO1,OTUB2,0
GFI1B,ZFP612,0
FOXO1,PDCD4,0
MEF2C,GPX1,0
GFI1B,ATP1A3,0
FOXO1,CORO7,0
ELF1,KRT18,0
MEF2C,OTUB2,0
FOXO1,PPM1G,0
GATA2,JCHAIN,0
SATB1,MTUS1,0
IRF8,PLCL1,0
MEF2C,FGD5,0
GFI1B,PAQR5,0
FOXO1,SPNS3,0
ELF1,TINAGL1,0
MEIS1,KLHL4,0
MEF2C,SELL,0
IRF8,FLNA,0
FOXO1,TRIB3,0
IRF8,OBSCN,0
CBX7,GIMAP4,0
FOXO1,ZFP422,0
GFI1B,ZYX,0
FOXO1,LY9,0
FOXO1,ZNRF2,0
IRF8,CD93,0
MEF2C,XDH,0
IKZF1,SERPINF1,0
ESR1,CPNE8,0
ESR1,PF4,0
ELF1,CAV2,0
SATB1,SULT1A1,0
RAG2,MYLK,0
IRF8,ROBO4,0
IRF8,LTB,0
FOXO1,RAB40B,0
MEF2C,GIMAP4,0
IRF8,DDX4,0
ELF1,TMEM176B,0
FOXO1,FCRL1,0
NOTCH1,NUPR1,0
RAG2,CD33,0
SATB1,TSPAN2,0
SATB1,TNS2,0
CBFB,GIMAP3,0
MYC,IFI213,0
GFI1B,ROBO4,0
MYC,SERPINA3N,0
ESR1,SELL,0
MEF2C,TXNIP,0
IRF8,ACAP1,0
IRF8,CD52,0
CBX7,FCRL1,0
CBX7,CES2G,0
IRF8,SDSL,0
GFI1B,HCK,0
IRF8,UQCR11,0
MEF2C,REL,0
CBFB,MAMDC2,0
GFI1B,GM5111,0
MEF2C,APP,0
IRF8,INSRR,0
RAG2,TRIM47,0
GFI1B,LHCGR,0
FOXO1,CYP26B1,0
FOXO1,EEPD1,0
ELF1,GP9,0
GFI1B,GIMAP3,0
NOTCH1,ROBO4,0
MEF2C,ADSSL1,0
FOXO1,F11R,0
MEIS1,NOTCH1,0
MEF2C,MAN1A,0
GFI1B,TRPV2,0
MEF2C,IFI27,0
GFI1B,PARVG,0
NOTCH1,NOXA1,0
NOTCH1,H2-Q6,0
SATB1,TTC39B,0
IRF8,FADS1,0
FOXO1,PKIA,0
IRF8,TNFAIP2,0
ESR1,KLHL4,0
FOXO1,KRT18,0
GFI1B,UQCR11,0
IKZF1,GM4951,0
MEF2C,MCM4,0
IKZF1,GM1966,0
NOTCH1,FSTL1,0
GATA2,FGFR3,0
SATB1,CNN3,0
MEF2C,GM4951,0
MEF2C,RBPMS,0
IKZF1,PDGFRB,0
FOXO1,LAPTM5,0
ESR1,DACH1,0
GATA2,CLEC12A,0
GATA2,IFITM1,0
MEF2C,SAMSN1,0
IKZF1,P2RX1,0
IRF8,ST8SIA4,0
MEF2C,TEK,0
MEF2C,ABCG3,0
ELF1,TRPV2,0
GFI1B,CD81,0
FOXO1,UQCR11,0
SATB1,CADPS2,0
FOXO1,PDGFD,0
GFI1B,OBSCN,0
MEF2C,P2RY14,0
RAG2,CTNND2,0
ELF1,ANGPT1,0
GATA2,NCF1,0
FOXO1,MEF2C,0
MYC,RAB38,0
GFI1B,RORA,0
GFI1B,MSMO1,0
CBX7,CD93,0
SATB1,H2-Q6,0
NOTCH1,SYTL1,0
FOXO1,NFE2,0
FOXO1,GPR65,0
NOTCH1,GSTT1,0
GATA2,GPX3,0
FOXO1,PECAM1,0
IRF8,RAB38,0
MYC,CD7,0
SATB1,KRT18,0
MEIS1,COX7B,0
IRF8,CSGALNACT1,0
ESR1,LAG3,0
GFI1B,RPS27L,0
IRF8,ALDH1A1,0
ESR1,SLFN2,0
CBX7,SLA,0
MEIS1,CLU,0
FOXO1,ITGB2,0
NOTCH1,APP,0
ELF1,TPM4,0
FOXO1,RASSF2,0
GFI1B,TOP2A,0
IRF8,NSMF,0
SATB1,SLC6A15,0
SATB1,COL4A2,0
IKZF1,PROCR,0
SATB1,PLXDC2,0
FOXO1,H2-Q6,0
RAG2,MMRN1,0
SATB1,SLC16A2,0
MEIS1,MMRN1,0
GFI1B,RNASE6,0
NOTCH1,TGM2,0
RAG2,TSC22D3,0
MEF2C,TTLL7,0
GFI1B,TBXAS1,0
SATB1,OTUB2,0
ELF1,HLF,0
ELF1,NAV1,0
IRF8,FHL1,0
GFI1B,GATA2,0
MEIS1,KRT18,0
SATB1,TFPI,0
IKZF1,SLC16A2,0
CBX7,CMAH,0
CBFB,TRPC6,0
ESR1,ARPP21,0
GFI1B,RRAS,0
IRF8,PRR5,0
SATB1,SERPINA3G,0
IRF8,IL18RAP,0
GFI1B,NT5C3,0
MEIS1,CD38,0
IRF8,GIMAP4,0
SATB1,CASP12,0
ELF1,ANXA2,0
GFI1B,ARHGEF28,0
MEIS1,HNF4A,0
NOTCH1,TIE1,0
SATB1,GPX3,0
IRF8,PEAR1,0
GFI1B,WLS,0
MEIS1,HLF,0
ELF1,ZBTB20,0
NOTCH1,CNN3,0
GFI1B,LGALS1,0
SATB1,PRR5,0
ELF1,MPDZ,0
NOTCH1,CLEC1A,0
MEF2C,PRKCH,0
IRF8,SLC2A3,0
ELF1,RUNX1T1,0
ELF1,NR3C2,0
MEF2C,NFE2,0
MEIS1,CNN3,0
FOXO1,RARB,0
IRF8,POLA2,0
MEF2C,TSC22D3,0
MEF2C,GATA2,0
FOXO1,RCSD1,0
FOXO1,DNTT,0
ELF1,MPEG1,0
GATA2,SHROOM4,0
NOTCH1,EFNA1,0
ELF1,CTSG,0
ELF1,PLK2,0
CBX7,CLIP3,0
SATB1,CD55,0
RAG2,TRPC6,0
FOXO1,H2-OB,0
CBX7,LSP1,0
CBX7,KLHL4,0
NOTCH1,PLAC8,0
ESR1,SCARF1,0
IRF8,TIE1,0
MEF2C,GUCY1A1,0
RAG2,HNF4A,0
NOTCH1,CARD6,0
FOXO1,RP2,0
RAG2,CHST2,0
GFI1B,KBTBD11,0
CBFB,DDX4,0
NOTCH1,SSTR2,0
ELF1,NFIA,0
ELF1,SFRP1,0
SATB1,POLA2,0
RAG2,SHISA9,0
MEF2C,CFP,0
IRF8,EVI2A,0
MEF2C,ACAP1,0
SATB1,FCGRT,0
IRF8,TMEM176B,0
IRF8,MPDZ,0
MEF2C,ARHGAP18,0
MEIS1,CDK18,0
RAG2,ITGAM,0
MEF2C,ITGAM,0
IRF8,RASAL3,0
NOTCH1,CBFB,0
ESR1,ATP8B4,0
GATA2,TEAD2,0
ELF1,CTNND2,0
SATB1,TMEM37,0
MEF2C,RNF213,0
MEIS1,ARHGEF28,0
CBX7,PRSS57,0
FOXO1,TGM2,0
NOTCH1,IL18RAP,0
IKZF1,LY86,0
CBFB,LHCGR,0
CBFB,DACH1,0
RAG2,MECOM,0
ELF1,CYP26B1,0
CBX7,TSPAN13,0
MEF2C,SATB1,0
MEF2C,MPDZ,0
IKZF1,TFPI,0
RAG2,TEAD2,0
FOXO1,KLHL4,0
NOTCH1,ALDH1A1,0
SATB1,RUNX1T1,0
MYC,MMRN1,0
NOTCH1,ESR1,0
NOTCH1,TOP2A,0
ELF1,MPZL1,0
RAG2,CFP,0
IKZF1,TMEM246,0
MEF2C,DEPP1,0
SATB1,APP,0
MEF2C,GFI1B,0
FOXO1,MAMDC2,0
FOXO1,SH2D5,0
IRF8,GPC1,0
CBX7,ARL11,0
MEF2C,FGD2,0
NOTCH1,SELENOP,0
MEF2C,NLRC3,0
GATA2,CMAH,0
GFI1B,TTLL7,0
MEF2C,PF4,0
SATB1,ADGRG3,0
ESR1,GUCY1A1,0
MEF2C,SERPINB6A,0
MEIS1,DPP4,0
FOXO1,GAA,0
ESR1,HACD4,0
ELF1,APOE,0
IRF8,IRF6,0
CBFB,GM5111,0
NOTCH1,SEMA3D,0
CBX7,RNF13,0
MEF2C,SLC35D3,0
ELF1,SHISA9,0
IRF8,GPR65,0
NOTCH1,METTL7A1,0
MEF2C,PLCL1,0
CBX7,MCM4,0
FOXO1,ANKRD33B,0
NOTCH1,CD33,0
GATA2,IL18BP,0
MEF2C,CCDC112,0
GATA2,AMIGO2,0
SATB1,INSRR,0
FOXO1,PRNP,0
SATB1,IFITM3,0
CBX7,TEAD2,0
SATB1,MPDZ,0
ELF1,TNS2,0
MEF2C,EEPD1,0
CBX7,MCTP2,0
MEF2C,CST7,0
SATB1,ICA1,0
MEF2C,CD53,0
MEIS1,SERPINA3F,0
MEF2C,TMSB4X,0
SATB1,ARL11,0
IRF8,GM2A,0
RAG2,TFPI,0
GATA2,SLCO3A1,0
MEF2C,ABHD17B,0
FOXO1,RHOH,0
MEIS1,SLC35D3,0
NOTCH1,EYA2,0
NOTCH1,FGFR3,0
MEIS1,AMIGO2,0
RAG2,PRDM16,0
FOXO1,GPR18,0
GFI1B,NAV1,0
MEF2C,PEAR1,0
IRF8,NCKAP1,0
GATA2,MPL,0
ELF1,ELL2,0
CBX7,TFR2,0
MEF2C,HAAO,0
MEF2C,ITPR2,0
ELF1,PLXDC2,0
GFI1B,BLNK,0
FOXO1,TMSB4X,0
ESR1,CORO1A,0
IRF8,NEO1,0
MEF2C,SLC18A1,0
CBX7,SLC43A2,0
IKZF1,MYCT1,0
NOTCH1,LPCAT2,0
GATA2,MN1,0
CBX7,SPC24,0
ELF1,RAMP1,0
MEF2C,CDK6,0
GFI1B,TEK,0
FOXO1,GHR,0
NOTCH1,BLNK,0
ELF1,RNF125,0
FOXO1,ENPP5,0
NOTCH1,CCNG2,0
FOXO1,SYK,0
GATA2,CD38,0
GFI1B,RP2,0
FOXO1,CRIP1,0
GFI1B,EMP1,0
CBX7,YBX1,0
MEIS1,PKIB,0
IRF8,LAX1,0
IKZF1,DDX4,0
ELF1,COQ8A,0
SPI1,WFDC2,0
GFI1B,CTSW,0
SATB1,SPNS3,0
CBX7,BTLA,0
GFI1B,TRAF1,0
FOXO1,NWD1,0
NOTCH1,ANKRD44,0
NOTCH1,SLC22A3,0
MEIS1,FLNA,0
IRF8,GNG11,0
FOXO1,RASAL3,0
SATB1,NUPR1,0
IRF8,CERS4,0
ELF1,PDE1B,0
GFI1B,CPNE8,0
NOTCH1,PRPS2,0
RAG2,CADPS2,0
GFI1B,IL18RAP,0
MEF2C,COX7B,0
SATB1,RARB,0
FOXO1,TIPIN,0
RAG2,GM4951,0
GFI1B,GDA,0
SATB1,CAR2,0
SATB1,DYNLL1,0
CBX7,FCGRT,0
MEF2C,PLEK,0
GATA2,TRPC6,0
NOTCH1,MCM7,0
IRF8,TAPT1,0
SATB1,TGM2,0
CBX7,WFDC17,0
CBFB,NAIP6,0
MEF2C,OAS2,0
NOTCH1,FHL1,0
ELF1,GM973,0
GFI1B,F11R,0
CBFB,F11R,0
SATB1,FLNA,0
IRF8,JPT1,0
GATA2,UHRF1,0
NOTCH1,BTLA,0
GFI1B,RAG2,0
SATB1,CCR9,0
ELF1,TRIM59,0
MEF2C,RAMP1,0
MEIS1,LPCAT2,0
FOXO1,PTGS1,0
MEIS1,SMPDL3A,0
NOTCH1,NDNF,0
GFI1B,ELF1,0
CBX7,IFI209,0
NOTCH1,TMEM173,0
MEF2C,FAM171A1,0
MEIS1,OCLN,0
FOXO1,FLT3,0
GATA2,BC035044,0
MEF2C,PDE1C,0
CBX7,POLA2,0
GATA2,MYCN,0
RAG2,SERPINA3N,0
GATA2,GUCY1A1,0
NOTCH1,CD27,0
ELF1,LY86,0
FOXO1,IFITM1,0
ESR1,SAMSN1,0
GFI1B,5430427O19RIK,0
NOTCH1,LGALS1,0
CBX7,TMEM206,0
GATA2,CD69,0
GFI1B,NCAPD2,0
CBX7,IL18RAP,0
IKZF1,PLAC8,0
CBFB,NDNF,0
NOTCH1,HSD3B7,0
GFI1B,CSF3R,0
MEF2C,ENPP5,0
MEF2C,COL4A2,0
IRF8,EFNA1,0
SATB1,NAV1,0
FOXO1,ADSSL1,0
FOXO1,TNFAIP2,0
ELF1,TLR7,0
MYC,P2RX1,0
ELF1,CD52,0
NOTCH1,GIMAP1,0
NOTCH1,IRF6,0
MEIS1,SERPINA3N,0
ELF1,LDHB,0
MEF2C,DUSP1,0
FOXO1,MPDZ,0
NOTCH1,CCR9,0
IRF8,FAM171A1,0
NOTCH1,SAT1,0
FOXO1,ANXA2,0
MEF2C,EBI3,0
ELF1,APLP2,0
ELF1,WFDC2,0
CBX7,LY9,0
GFI1B,RASA4,0
IKZF1,NR3C2,0
SATB1,SCRN1,0
RAG2,CHIL5,0
IRF8,WFDC2,0
ELF1,MRVI1,0
ELF1,SDSL,0
IKZF1,NCF1,0
IKZF1,RAB40B,0
NOTCH1,NWD1,0
MYC,SLAMF1,0
MEIS1,SDSL,0
FOXO1,CIPC,0
IRF8,PDGFRB,0
MEIS1,OAS2,0
FOXO1,RAB38,0
SATB1,GHR,0
FOXO1,OBSCN,0
ELF1,BTG2,0
CBFB,SULT1A1,0
SATB1,ADGRL4,0
ELF1,CCDC112,0
FOXO1,COX6A1,0
MEF2C,CD7,0
NOTCH1,MPO,0
GATA2,NPDC1,0
IRF8,GIMAP8,0
MEIS1,SDC1,0
GFI1B,MLPH,0
FOXO1,ARHGDIB,0
ESR1,CD74,0
FOXO1,HLF,0
MEIS1,RAB38,0
IRF8,NDRG2,0
MEF2C,MYCN,0
MEF2C,CD52,0
GFI1B,PEAR1,0
ELF1,F11R,0
FOXO1,LDHD,0
GATA2,ADGRL4,0
IRF8,ANXA5,0
IRF8,ZFP37,0
CBX7,MYCN,0
GFI1B,COX7B,0
SATB1,PRDM16,0
SATB1,RHOF,0
SATB1,NSMF,0
GFI1B,ITGAM,0
GATA2,SIGLECG,0
MYC,PGR,0
IRF8,DNTT,0
MEIS1,PRPS2,0
MYC,IFITM1,0
ESR1,RASIP1,0
SATB1,ESAM,0
MEF2C,BTG2,0
ELF1,ZFP37,0
ESR1,GM5111,0
RAG2,FHL1,0
FOXO1,GPX3,0
NOTCH1,DOCK11,0
ESR1,LPCAT2,0
IKZF1,OBSL1,0
GFI1B,APOE,0
MEF2C,HLF,0
NOTCH1,SHISA9,0
IRF8,FLT3,0
GATA2,CCR9,0
NOTCH1,SFRP1,0
NOTCH1,JCHAIN,0
FOXO1,JAM2,0
SATB1,GFI1B,0
ELF1,CD34,0
NOTCH1,MECOM,0
NOTCH1,DEPP1,0
CBX7,FGD2,0
NOTCH1,CLU,0
FOXO1,CLEC1A,0
CBX7,IL12A,0
GFI1B,SGMS1,0
IKZF1,ZFP612,0
MEF2C,CCT2,0
MEF2C,KCNK5,0
NOTCH1,NAIP6,0
IRF8,REL,0
NOTCH1,LSP1,0
ELF1,LARS2,0
ELF1,TNFAIP2,0
IRF8,VDR,0
MEIS1,INHBA,0
FOXO1,UBA7,0
IRF8,CORO1A,0
MEIS1,PPIC,0
SATB1,ARHGAP27,0
MEIS1,H1F0,0
MEF2C,FADS1,0
ELF1,BPIFC,0
GATA2,VLDLR,0
GFI1B,FAM171B,0
GFI1B,NHP2,0
IKZF1,NEO1,0
IKZF1,CD34,0
NOTCH1,RGS19,0
MEIS1,CAV2,0
MEIS1,COX6A2,0
MEF2C,TMEM14C,0
ELF1,H2AFY,0
SATB1,SERPINA3N,0
FOXO1,TRIM16,0
ELF1,EVI2A,0
IRF8,CTSG,0
NOTCH1,RUNX1T1,0
NOTCH1,RAG2,0
CBX7,GM973,0
ELF1,IRF8,0
ELF1,RBPMS,0
SATB1,EMB,0
CBFB,CCL9,0
GFI1B,LDHD,0
SATB1,FUT7,0
FOXO1,C1RL,0
GFI1B,CD93,0
IRF8,SLC6A15,0
MEIS1,ARHGEF18,0
IRF8,SLC29A1,0
MYC,PDZK1IP1,0
NOTCH1,SLC29A1,0
RAG2,COL4A2,0
CBFB,WFDC17,0
FOXO1,COX7B,0
RAG2,COX6A2,0
FOXO1,HSPE1,0
MEF2C,CD33,0
MEF2C,CYFIP2,0
IRF8,TRIM59,0
SATB1,CERS4,0
GFI1B,PLXDC2,0
MEIS1,GPX1,0
FOXO1,RNF125,0
FOXO1,HID1,0
MEIS1,CLEC1A,0
FOXO1,ABCG2,0
SATB1,RAB38,0
IRF8,SNAP47,0
ELF1,FCGRT,0
GFI1B,ABCG2,0
GFI1B,CREG1,0
CBX7,CSF1R,0
MEF2C,PARVG,0
MEF2C,ATP1A3,0
ELF1,ERP29,0
NOTCH1,FAM171B,0
IRF8,N4BP3,0
FOXO1,PLIN3,0
ELF1,CD38,0
IKZF1,CD52,0
IRF8,LACTB,0
RAG2,NCF1,0
SATB1,TINAGL1,0
CBX7,PPP1R15A,0
SATB1,PDZK1IP1,0
FOXO1,GPC1,0
MYC,CD27,0
CBFB,SEMA3D,0
ELF1,RUSC2,0
CBX7,ADGRG1,0
GFI1B,CTSF,0
GFI1B,SPNS2,0
CBFB,IL1R1,0
IRF8,AFDN,0
GFI1B,IFITM3,0
ELF1,PDCD4,0
GFI1B,PRUNE2,0
NOTCH1,ARHGAP29,0
RAG2,APOE,0
FOXO1,CTNND2,0
GFI1B,MPDZ,0
IRF8,RPS27L,0
GFI1B,SPNS3,0
GFI1B,CD7,0
MEF2C,CD244A,0
MEF2C,XRCC6,0
MEF2C,NCF1,0
ELF1,TIFAB,0
NOTCH1,AMIGO2,0
SATB1,BPIFC,0
NOTCH1,PLEK,0
MYC,PLXDC2,0
GATA2,PLAC8,0
IRF8,SLC9A9,0
ELF1,VEGFC,0
GFI1B,TFPI,0
GFI1B,P2RX1,0
CBX7,PKN3,0
GFI1B,SDSL,0
CBX7,CLEC1A,0
GFI1B,IL18BP,0
RAG2,GIMAP3,0
RAG2,PLEKHB1,0
ELF1,FAM110C,0
GATA2,DEPP1,0
FOXO1,MAGED2,0
GFI1B,H2-DMA,0
CBFB,CLIP3,0
IKZF1,PECAM1,0
GFI1B,DPP4,0
MEF2C,SLC9A9,0
FOXO1,UHRF1,0
CBX7,SERPINB1A,0
MEIS1,FLT3,0
CBFB,CHST2,0
IKZF1,TEAD2,0
MEF2C,ZNRF2,0
IRF8,UAP1L1,0
ELF1,GIMAP5,0
MEF2C,DOCK10,0
FOXO1,ARHGEF39,0
MEF2C,SSTR2,0
FOXO1,DOK2,0
FOXO1,PDE1C,0
CBX7,LY86,0
SATB1,SYTL1,0
GFI1B,S100A6,0
MEF2C,DNTT,0
ELF1,DEF8,0
NOTCH1,COL4A1,0
SATB1,CTSB,0
ELF1,VWF,0
MEF2C,CTSF,0
MEF2C,H2-Q6,0
FOXO1,MLPH,0
MEIS1,VLDLR,0
IRF8,CD7,0
ELF1,NDN,0
CBFB,CTSH,0
FOXO1,GSTT1,0
IRF8,NR3C2,0
MEF2C,BPIFC,0
MEF2C,GPR65,0
CBX7,PARVG,0
IRF8,FUT8,0
IRF8,BTG2,0
MEF2C,NHP2,0
IKZF1,SFRP1,0
SATB1,NPDC1,0
RAG2,RHBDF1,0
FOXO1,FAM171A1,0
CBX7,CD53,0
IRF8,GAA,0
MEF2C,CPXM1,0
GFI1B,ACAP1,0
MEIS1,EPSTI1,0
MEF2C,PPM1G,0
IRF8,CRIP1,0
FOXO1,SLA,0
FOXO1,NSMF,0
MEF2C,CTNND2,0
FOXO1,NCEH1,0
NOTCH1,SULT1A1,0
MEF2C,FUCA2,0
NOTCH1,VAMP5,0
IRF8,FRMD6,0
SATB1,ALDH1A1,0
ELF1,DNTT,0
RAG2,ZFP37,0
MEF2C,CARD11,0
MEF2C,ART4,0
GFI1B,SNAP23,0
CBFB,TBXAS1,0
GATA2,ESAM,0
MEIS1,PKIA,0
IKZF1,ITM2A,0
FOXO1,RPL41,0
GFI1B,MCTP2,0
GFI1B,VLDLR,0
FOXO1,IL17RA,0
NOTCH1,SLC18A2,0
MEF2C,MYO5A,0
MEF2C,SERPINF1,0
IRF8,PPIC,0
FOXO1,NOXA1,0
IRF8,PAG1,0
MEF2C,JCHAIN,0
MEF2C,RHBDF1,0
FOXO1,IFI209,0
MEF2C,CX3CL1,0
MEF2C,RASIP1,0
ESR1,FLT3,0
GATA2,STXBP1,0
GFI1B,ZFP422,0
GFI1B,ABCG3,0
CBX7,ATPIF1,0
SATB1,SNAP47,0
NOTCH1,ITGAM,0
IKZF1,OBSCN,0
NOTCH1,CCL9,0
NOTCH1,GOLM1,0
FOXO1,PRR5,0
FOXO1,PPIC,0
ELF1,PLEKHB1,0
NOTCH1,AKNA,0
GFI1B,LAX1,0
GFI1B,D630039A03RIK,0
IRF8,CDT1,0
IRF8,JAM3,0
MEF2C,IL17RA,0
SATB1,SDSL,0
SATB1,MAGED2,0
CBFB,CD244A,0
MEF2C,ARPP21,0
SATB1,GM973,0
IRF8,COL4A2,0
MEF2C,BCL2,0
CBFB,SIGLECG,0
FOXO1,SLC18A2,0
FOXO1,UCP2,0
FOXO1,GM2A,0
GATA2,TRIM59,0
MEIS1,MPL,0
NOTCH1,DACH1,0
NOTCH1,TSPAN2,0
ELF1,LGALS1,0
FOXO1,AFDN,0
FOXO1,TTLL7,0
MEF2C,SLC39A6,0
IRF8,CMAH,0
MEF2C,CPQ,0
ELF1,NKG7,0
MEF2C,GOLM1,0
CBFB,OBSCN,0
MEF2C,BDH2,0
NOTCH1,WFDC17,0
ESR1,RHOF,0
SATB1,CCL3,0
NOTCH1,RHBDF1,0
MEF2C,CAMK1D,0
MEF2C,POLA2,0
SATB1,CHST2,0
FOXO1,ELF1,0
FOXO1,TMEM176B,0
FOXO1,ALDH1A1,0
NOTCH1,CSF3R,0
GFI1B,SULT1A1,0
IKZF1,NAV1,0
FOXO1,CD48,0
GATA2,WFDC2,0
SATB1,CD34,0
SATB1,RCSD1,0
IRF8,TSPAN2,0
NOTCH1,SERPINF1,0
MEF2C,SMPDL3A,0
IKZF1,CADPS2,0
NOTCH1,PLXNC1,0
RAG2,CD7,0
CBFB,CCDC136,0
FOXO1,TRIM59,0
CBX7,SERPINF1,0
GFI1B,HOXA9,0
GFI1B,NAIP6,0
CBX7,SCARF1,0
ELF1,PAG1,0
GFI1B,VDR,0
FOXO1,SLC16A10,0
IRF8,GPX3,0
FOXO1,INHBA,0
MEF2C,STK10,0
MEF2C,PANX1,0
ELF1,PLPPR3,0
IRF8,HNRNPAB,0
CBX7,ADGRG3,0
GATA2,GPR18,0
GFI1B,ARRDC4,0
ELF1,MSMO1,0
CBX7,SLC9A9,0
RAG2,GATA2,0
ESR1,ACAP1,0
IKZF1,SDSL,0
FOXO1,HSD3B7,0
IRF8,GGTA1,0
FOXO1,CHRNB1,0
MEIS1,PECAM1,0
FOXO1,DUSP5,0
MEF2C,AFF3,0
GFI1B,GDF3,0
MEF2C,CSGALNACT1,0
GATA2,MYO5A,0
IRF8,RGS19,0
FOXO1,ATP1A3,0
CBX7,MRVI1,0
ELF1,CD9,0
MEF2C,SYTL1,0
ESR1,NCF1,0
NOTCH1,ELF1,0
RAG2,PGR,0
IKZF1,CTSH,0
MEF2C,H2AFY,0
MEF2C,ZBTB20,0
FOXO1,GP9,0
SATB1,EMP1,0
GFI1B,TM6SF1,0
SATB1,ITGB5,0
CBX7,ICOS,0
MEF2C,HSD3B7,0
MEIS1,TSPAN2,0
CBX7,HSD3B7,0
CBX7,LAX1,0
IKZF1,SLC22A3,0
MYC,MLPH,0
MEF2C,RAB40B,0
CBX7,C1RL,0
IKZF1,MPO,0
IKZF1,CD33,0
RAG2,NR3C2,0
FOXO1,PGRMC1,0
MEIS1,FKBP9,0
FOXO1,CRACR2B,0
SATB1,ANKRD33B,0
GFI1B,H1F0,0
CBX7,GM5111,0
ELF1,PRSS57,0
MEF2C,NFIA,0
ELF1,CLEC14A,0
CBFB,CRACR2B,0
NOTCH1,CTR9,0
MEF2C,FLNA,0
ELF1,PECAM1,0
ELF1,IL18RAP,0
MEIS1,BDH2,0
NOTCH1,GM973,0
MEF2C,IFI27L2A,0
RAG2,NOXA1,0
SATB1,VEGFC,0
ELF1,SOX18,0
CBX7,PLEKHB1,0
FOXO1,VAMP1,0
NOTCH1,TRAF1,0
NOTCH1,PLIN3,0
FOXO1,PLD4,0
CBX7,GP9,0
GFI1B,RHBDF1,0
CBX7,GSTM1,0
MEF2C,ANKRD44,0
IRF8,NLRC3,0
MEF2C,LCP1,0
GFI1B,HACD4,0
CBX7,KLRD1,0
CBX7,CYP26B1,0
NOTCH1,CTSF,0
MEF2C,CD81,0
MEF2C,RUNX2,0
CBX7,ITGAL,0
ELF1,GFI1B,0
NOTCH1,DOCK10,0
FOXO1,SPNS2,0
NOTCH1,VLDLR,0
FOXO1,EFNA1,0
MEF2C,TMEM123,0
MEF2C,NPDC1,0
ELF1,BCL2,0
GFI1B,NRROS,0
IRF8,CD44,0
FOXO1,RASA4,0
MYC,CLEC2I,0
NOTCH1,OBSCN,0
MEF2C,RHOH,0
IKZF1,FAM110C,0
CBFB,MEF2C,0
MEIS1,COL4A1,0
GATA2,PKN3,0
IRF8,GIMAP3,0
ELF1,SNAP47,0
MEF2C,MKI67,0
FOXO1,METTL7A1,0
MEF2C,GBP4,0
CBFB,ADGRG3,0
FOXO1,DTL,0
IRF8,OBSL1,0
GATA2,PTGS1,0
ELF1,ADSSL1,0
FOXO1,USP11,0
MEF2C,JPT1,0
ELF1,ITGAM,0
GATA2,RNASE6,0
SPI1,CADPS2,0
MEF2C,OTULINL,0
GFI1B,SLAMF1,0
CBFB,TGM2,0
MEF2C,PLEKHB1,0
SATB1,ART4,0
MEF2C,VAMP5,0
FOXO1,SFRP1,0
ESR1,CLEC12A,0
GFI1B,ADAMTSL5,0
MEIS1,PLXNC1,0
IRF8,PRDM16,0
MEIS1,NCKAP1,0
FOXO1,CLEC12A,0
RAG2,KLRD1,0
CBX7,PIRB,0
IRF8,ZYX,0
SATB1,LGALS1,0
MEF2C,TINAGL1,0
FOXO1,MKI67,0
CBX7,CTSF,0
MEIS1,GM5111,0
NOTCH1,CYFIP2,0
SATB1,AFF3,0
MEF2C,ARL11,0
GFI1B,AFF3,0
CBX7,MPL,0
IRF8,ANKRD44,0
MYC,TINAGL1,0
FOXO1,IPCEF1,0
NOTCH1,F2R,0
CBFB,RHOJ,0
ELF1,ADAMTSL5,0
NOTCH1,PKN3,0
MEF2C,CBFB,0
IRF8,PARP8,0
NOTCH1,AFF3,0
IRF8,ADGRG3,0
RAG2,CSF1R,0
SATB1,IRF8,0
MEIS1,LDHD,0
SPI1,COX6A2,0
CBX7,CCL9,0
NOTCH1,GNG2,0
CBX7,TOP2A,0
FOXO1,VEGFC,0
CBX7,SERPINA3F,0
MYC,CLEC1A,0
IKZF1,CYP26B1,0
MEF2C,PYGL,0
GFI1B,SYTL1,0
GATA2,CSF1R,0
NOTCH1,ABHD17B,0
SATB1,N4BP3,0
ELF1,CORO7,0
ESR1,CCR7,0
IRF8,GSN,0
FOXO1,CDT1,0
IKZF1,CTSF,0
MEIS1,IL18BP,0
GFI1B,GM973,0
MEIS1,GUCY1A1,0
NOTCH1,SLC16A2,0
NOTCH1,UQCR11,0
GFI1B,SLC35D3,0
ELF1,CRACR2B,0
CBX7,PDGFD,0
MEF2C,CAVIN2,0
IRF8,PRSS57,0
FOXO1,S100A6,0
IRF8,ZMIZ1,0
MEF2C,PPP1R15A,0
SATB1,STXBP1,0
ELF1,IFITM3,0
ESR1,CD48,0
FOXO1,PLK2,0
MEF2C,ZFP62,0
CBX7,ESR1,0
CBX7,MAGED2,0
GFI1B,GSN,0
IRF8,CORO7,0
MEF2C,CPNE8,0
ELF1,SEMA3D,0
FOXO1,NCAPD2,0
SATB1,CD9,0
IRF8,SPNS2,0
GFI1B,RUNX2,0
IRF8,LPCAT2,0
GATA2,OCLN,0
GFI1B,PBX1,0
NOTCH1,BC035044,0
CBX7,COX6A1,0
ELF1,SH2D5,0
ESR1,MPL,0
IRF8,PLEKHG6,0
MEF2C,CHST2,0
GFI1B,MPO,0
ESR1,CES2G,0
MEF2C,NEO1,0
IRF8,RAMP1,0
CBX7,CD27,0
MEF2C,FCHO2,0
CBFB,MN1,0
MEF2C,IFITM1,0
MEF2C,UNC93B1,0
FOXO1,CTSB,0
GATA2,FGD5,0
MEIS1,CREG1,0
IRF8,MPO,0
ESR1,CD27,0
MEF2C,COX6A1,0
MEIS1,ZFP37,0
MEF2C,SLC18A2,0
MEF2C,H2-OB,0
ELF1,ARRDC4,0
FOXO1,F2R,0
IKZF1,UPP1,0
MEF2C,GPR18,0
ELF1,JCHAIN,0
NOTCH1,TNFAIP2,0
SPI1,CD27,0
CBX7,MKI67,0
GFI1B,TGM2,0
IRF8,TLR7,0
MEF2C,C1RL,0
NOTCH1,CTSW,0
MEIS1,TEK,0
GATA2,MSMO1,0
GFI1B,MAN1A,0
GATA2,COX7B,0
IRF8,MAN1A,0
FOXO1,N4BP3,0
GFI1B,SERPINA3F,0
RAG2,GM5111,0
MEF2C,TAPT1,0
MEF2C,LAPTM5,0
IRF8,SATB1,0
ESR1,INSRR,0
ELF1,SERPINB1A,0
MEF2C,CDKN1C,0
RAG2,OSGIN1,0
SATB1,AMIGO2,0
SATB1,CTNND2,0
IRF8,RASIP1,0
FOXO1,CPXM1,0
IRF8,GM973,0
SATB1,PPIC,0
IRF8,CD69,0
CBX7,IL7R,0
FOXO1,PKIB,0
ESR1,DOK2,0
NOTCH1,IL1R1,0
IRF8,CD9,0
NOTCH1,CPXM1,0
SPI1,PLAC8,0
GATA2,ARL11,0
ELF1,IRAK3,0
MEF2C,CLEC2I,0
MEF2C,RASA4,0
MEF2C,CASP12,0
FOXO1,PTP4A3,0
SATB1,TRIM16,0
MEF2C,AKNA,0
GFI1B,SLCO3A1,0
FOXO1,SLC25A5,0
MEIS1,IGF1,0
IRF8,PLEKHB1,0
IKZF1,SOX18,0
NOTCH1,CCL3,0
IRF8,GHR,0
GATA2,PPIC,0
FOXO1,PIRB,0
ELF1,KCNK5,0
CBFB,ADAMTSL5,0
CBX7,PLAC8,0
NOTCH1,NKG7,0
IRF8,RAB27B,0
GATA2,CYFIP2,0
NOTCH1,GM5111,0
ESR1,GFI1B,0
CBX7,CTTN,0
ELF1,DRC7,0
NOTCH1,IGF1,0
ESR1,MMRN1,0
CBX7,CRACR2B,0
RAG2,FGD2,0
MEF2C,TALDO1,0
GATA2,BCL2,0
NOTCH1,KIT,0
MEF2C,ESR1,0
MEF2C,TMEM37,0
GFI1B,TRIM47,0
SATB1,GGT5,0
SATB1,RASA4,0
MEF2C,XPC,0
GFI1B,CPXM1,0
ELF1,GSTT1,0
MEF2C,PDE1B,0
CBX7,CD81,0
FOXO1,TRPC6,0
IKZF1,WFDC17,0
IKZF1,GGT5,0
MEF2C,SFRP1,0
ELF1,FADS1,0
GFI1B,FUT8,0
FOXO1,SERPINA3G,0
NOTCH1,TBXAS1,0
NOTCH1,SLC35D3,0
GATA2,FUT7,0
SATB1,PRPS2,0
MEF2C,SLC44A2,0
FOXO1,PF4,0
RAG2,PKIA,0
FOXO1,TBXA2R,0
MEF2C,CD74,0
IRF8,LHCGR,0
ESR1,OBSCN,0
SATB1,PYGL,0
CBX7,ARHGDIB,0
FOXO1,CCDC136,0
CBFB,JAM3,0
CBFB,PLEKHG6,0
MEIS1,CTSW,0
IKZF1,MN1,0
IRF8,DEF8,0
GFI1B,CLEC1A,0
GFI1B,DDX4,0
GFI1B,CIPC,0
FOXO1,NRROS,0
GFI1B,PBLD2,0
MEF2C,CIPC,0
FOXO1,H2AFY,0
NOTCH1,GDF3,0
MEF2C,ABCG2,0
MEF2C,PTPRE,0
ELF1,TEK,0
CBX7,TRAF1,0
MEF2C,SYK,0
MYC,IL12A,0
NOTCH1,ERP29,0
CBFB,NDN,0
ESR1,FCRL1,0
NOTCH1,FGD5,0
CBX7,NWD1,0
MEF2C,ARHGAP15,0
CBX7,CKS1B,0
SATB1,NDNF,0
MEF2C,ITGB2,0
MEIS1,NEO1,0
CBX7,MTUS1,0
NOTCH1,DUSP5,0
FOXO1,PEAR1,0
CBX7,TGM2,0
SATB1,RHBDF1,0
IKZF1,TEK,0
GATA2,LTB,0
CBX7,XDH,0
ESR1,PLAC8,0
GFI1B,STK10,0
ELF1,JAM2,0
MEIS1,CARD11,0
ELF1,CPQ,0
MEF2C,INSRR,0
MEF2C,EPSTI1,0
GFI1B,CISH,0
MEF2C,ELOVL5,0
IKZF1,BPIFC,0
NOTCH1,EMB,0
FOXO1,BC035044,0
MEIS1,TSPAN13,0
SATB1,LYN,0
MEIS1,AFF3,0
MEF2C,TLR7,0
SATB1,EFNA1,0
FOXO1,GDA,0
NOTCH1,FUCA2,0
MEIS1,SLA,0
MEF2C,RNASE6,0
MEF2C,CTSG,0
SATB1,SOX18,0
GFI1B,PLXNC1,0
SATB1,DACH1,0
IKZF1,ALDH1A1,0
FOXO1,MTUS1,0
GATA2,DRC7,0
MEF2C,SH2D5,0
IRF8,ENPP5,0
CBFB,PGR,0
MEF2C,CLU,0
ELF1,AFF3,0
MEF2C,F11R,0
IRF8,SSTR2,0
CBX7,RHBDF1,0
SATB1,GATA2,0
ELF1,ZFP612,0
NOTCH1,GPR18,0
CBX7,ARHGAP15,0
FOXO1,IFITM3,0
MEIS1,HCK,0
CBX7,GMNN,0
NOTCH1,CD55,0
FOXO1,BTLA,0
FOXO1,NAPSA,0
IRF8,GPX1,0
MEF2C,ALDH1A1,0
IRF8,TMEM14C,0
MEIS1,WLS,0
FOXO1,NAV1,0
GFI1B,MPEG1,0
MEIS1,PLXDC2,0
GATA2,DPP4,0
ELF1,FAM171A1,0
GATA2,LPCAT2,0
IRF8,SCRN1,0
GATA2,CYP26B1,0
NOTCH1,COL4A2,0
FOXO1,MEIS1,0
NOTCH1,GIMAP8,0
NOTCH1,SLC26A11,0
IRF8,NFIA,0
ELF1,N4BP3,0
MEF2C,CLCA3A1,0
NOTCH1,IL17RA,0
FOXO1,MLLT3,0
FOXO1,GBP9,0
CBFB,VEGFC,0
GATA2,ROBO4,0
MEF2C,CLIP3,0
ESR1,GPR65,0
MEF2C,PRUNE2,0
GFI1B,CRACR2B,0
FOXO1,UBE2L6,0
FOXO1,RANBP1,0
ESR1,GPR18,0
MYC,SLC18A2,0
ELF1,ESR1,0
ELF1,GM2A,0
FOXO1,SPI1,0
IKZF1,KRT18,0
GATA2,TBXA2R,0
NOTCH1,SLAMF1,0
CBFB,CASP12,0
CBX7,TAPT1,0
IRF8,EYA2,0
IRF8,ZFP422,0
GFI1B,PGRMC1,0
IRF8,IFI213,0
MEF2C,PDGFC,0
RAG2,SLC16A11,0
RAG2,IFITM1,0
CBX7,LHCGR,0
GFI1B,GAA,0
CBX7,GPX1,0
SATB1,GM5111,0
GFI1B,GNG2,0
RAG2,IL18BP,0
MEF2C,ATPIF1,0
FOXO1,MYLK,0
NOTCH1,PPP1R15A,0
CBX7,CTSG,0
GFI1B,OTUB2,0
ELF1,FGFR3,0
GFI1B,CASP12,0
ELF1,SLC18A1,0
GFI1B,AFDN,0
NOTCH1,GPC1,0
MEF2C,CAPG,0
NOTCH1,S100A6,0
MEF2C,PTGS1,0
MEF2C,GHR,0
MEIS1,TFEC,0
ESR1,LY9,0
RAG2,SDC2,0
MEF2C,DOCK11,0
MEIS1,IFI27L2A,0
MEF2C,NAPSA,0
GATA2,BLNK,0
CBX7,TRIM59,0
ESR1,ITGAM,0
FOXO1,OTULINL,0
NOTCH1,SNAP47,0
GATA2,KLRD1,0
GFI1B,AP1S2,0
NOTCH1,CLEC12A,0
MEF2C,PBX1,0
FOXO1,UBASH3A,0
IKZF1,RHOJ,0
FOXO1,TUBB4B,0
MEF2C,CERS4,0
MEIS1,IPCEF1,0
CBFB,SLC6A15,0
IRF8,FAM171B,0
MEIS1,RHBDF1,0
ELF1,OTULINL,0
CBX7,SELENOP,0
SATB1,SERPINF1,0
SATB1,ANXA2,0
SATB1,FGD2,0
GFI1B,KLRD1,0
IRF8,MTUS1,0
MEF2C,SELPLG,0
SATB1,CLEC1A,0
GATA2,SSTR2,0
IRF8,RORA,0
FOXO1,IL1R1,0
CBX7,CD9,0
IRF8,CCDC112,0
SATB1,ZFP612,0
NOTCH1,DENND2D,0
SATB1,GOLM1,0
GATA2,ACAP1,0
CBFB,NR3C2,0
ELF1,GBP2,0
ELF1,SLC16A10,0
MEF2C,GMNN,0
SATB1,PDE1C,0
SATB1,H2-DMA,0
ESR1,CTSW,0
CBX7,ZFP367,0
SATB1,RAB40B,0
IRF8,TSPAN3,0
GFI1B,H2-Q6,0
GFI1B,BCL2,0
NOTCH1,NEO1,0
MEF2C,RUSC2,0
CBX7,TMEM14C,0
MEF2C,KRT18,0
FOXO1,ITPR2,0
FOXO1,TCAF1,0
SATB1,CX3CL1,0
NOTCH1,SPNS2,0
CBFB,SLC16A11,0
MEF2C,SNAP23,0
IRF8,ART4,0
GFI1B,MAGED2,0
GFI1B,FLT3,0
ESR1,TRAF1,0
SATB1,HCK,0
CBX7,ARHGEF18,0
IRF8,P2RX1,0
NOTCH1,KLF3,0
MEF2C,ANXA5,0
CBFB,ROBO4,0
MEIS1,GNG2,0
RAG2,CD34,0
MEF2C,HSPE1,0
MYC,SLA,0
MEIS1,RAB40B,0
IRF8,RUNX2,0
SATB1,EBI3,0
ELF1,TSC22D3,0
ELF1,FCHO2,0
MEF2C,TFPI,0
GATA2,CPNE8,0
IKZF1,ADGRL4,0
ELF1,FKBP9,0
SATB1,CLCA3A1,0
IRF8,SLC22A3,0
MEIS1,SNAP47,0
ESR1,RASAL3,0
GFI1B,GOLM1,0
FOXO1,AMIGO2,0
NOTCH1,AFDN,0
CBX7,GPX3,0
RAG2,SCRN1,0
NOTCH1,TM4SF1,0
FOXO1,YBX1,0
GFI1B,NDN,0
GATA2,GP9,0
IRF8,PAFAH2,0
FOXO1,PARP8,0
MEF2C,IPCEF1,0
ELF1,MAMDC2,0
GFI1B,UNC93B1,0
CBFB,AFF3,0
FOXO1,TBC1D5,0
SATB1,TFEC,0
NOTCH1,FUT7,0
CBX7,MOGS,0
ELF1,DDX4,0
CBX7,CORO1A,0
MEF2C,CCNG2,0
MEF2C,TSPAN13,0
GFI1B,LRRC8C,0
IKZF1,CTNND2,0
NOTCH1,ARHGDIB,0
NOTCH1,SERPINB1A,0
CBX7,ITGA6,0
IRF8,SSH2,0
FOXO1,SLC22A3,0
MEF2C,KLHL4,0
GFI1B,SH2D5,0
FOXO1,TES,0
ELF1,SLC22A3,0
MEIS1,KLRD1,0
CBX7,LAPTM5,0
IRF8,CX3CL1,0
MEIS1,ITM2A,0
FOXO1,TM6SF1,0
FOXO1,TIE1,0
ELF1,PPIC,0
SATB1,CD38,0
FOXO1,PRUNE2,0
MEF2C,SNAP47,0
ELF1,OBSL1,0
MYC,ITGAM,0
RAG2,LPCAT2,0
ELF1,TFPI,0
ELF1,HID1,0
MEIS1,RASSF2,0
NOTCH1,FCRL1,0
CBX7,GIMAP5,0
IRF8,HLF,0
NOTCH1,TLR7,0
ELF1,TOP2A,0
MEIS1,GGT5,0
ESR1,CST7,0
NOTCH1,ATP1A3,0
MEF2C,HMGB2,0
GFI1B,RHOH,0
FOXO1,ADGRG3,0
SATB1,TAPT1,0
CBX7,CAMSAP2,0
FOXO1,GM973,0
IKZF1,DEPP1,0
SATB1,MAMDC2,0
NOTCH1,SCARF1,0
IRF8,CAR2,0
ELF1,COL4A2,0
IRF8,TSC22D3,0
MEF2C,VAMP1,0
GFI1B,EPSTI1,0
MEIS1,D630039A03RIK,0
MEF2C,FUT8,0
ELF1,CERS4,0
GFI1B,CHRNB1,0
RAG2,TMEM37,0
IRF8,CD55,0
IKZF1,GUCY1A1,0
GFI1B,IGF1,0
MEF2C,MAML3,0
NOTCH1,SLA,0
FOXO1,SLC16A11,0
ELF1,STK17B,0
GATA2,SCRN1,0
FOXO1,TFEC,0
MEF2C,MAMDC2,0
NOTCH1,ADSSL1,0
MEF2C,MYCT1,0
ELF1,RORA,0
IRF8,DEPP1,0
GFI1B,SLC18A1,0
NOTCH1,GPX3,0
FOXO1,MN1,0
MEIS1,CASP12,0
GFI1B,SOCS2,0
ESR1,PANX1,0
MEIS1,ALDH1A1,0
ELF1,TFR2,0
NOTCH1,CTTN,0
NOTCH1,GP9,0
NOTCH1,RRAS,0
SATB1,ITGAM,0
CBFB,NFIA,0
ELF1,PTGS1,0
NOTCH1,ARHGAP27,0
ESR1,GIMAP5,0
IRF8,ARHGAP18,0
CBFB,GATA2,0
NOTCH1,EBI3,0
RAG2,HOXA9,0
SATB1,CTSG,0
CBX7,CD7,0
NOTCH1,UBA7,0
GFI1B,FAM110C,0
MEF2C,CDK17,0
RAG2,RAB27B,0
IKZF1,DRC7,0
NOTCH1,PF4,0
IKZF1,SDC2,0
CBX7,ABHD17B,0
GFI1B,GPR18,0
CBFB,GUCY1A1,0
RAG2,MPO,0
ELF1,SDC1,0
CBFB,LY86,0
FOXO1,DPP4,0
MEF2C,YBX1,0
CBX7,CTNNAL1,0
GATA2,CORO7,0
SATB1,PLSCR4,0
CBX7,CERS4,0
SATB1,SFRP1,0
FOXO1,XDH,0
GFI1B,GPR65,0
MEF2C,TMEM206,0
IKZF1,MECOM,0
GFI1B,TRIB3,0
MEIS1,ART4,0
FOXO1,SERPINA3F,0
GATA2,DNTT,0
MYC,GP9,0
MEIS1,NKG7,0
SATB1,CSGALNACT1,0
CBFB,COL4A2,0
IRF8,GM5111,0
IRF8,HSD3B7,0
GFI1B,SLC16A10,0
IKZF1,DNTT,0
GATA2,GIMAP3,0
IKZF1,ART4,0
MEIS1,NAV1,0
MEF2C,SDC1,0
SATB1,TIE1,0
CBX7,NOXA1,0
GFI1B,ITM2A,0
IRF8,ZNRF2,0
MEIS1,FADS1,0
MEF2C,TGM2,0
GATA2,PLEKHG6,0
FOXO1,TIFAB,0
GATA2,COX6A2,0
ELF1,CD55,0
NOTCH1,H2-DMA,0
MEF2C,FLT3,0
MEF2C,FRMD6,0
CBX7,MLPH,0
GFI1B,FGFR3,0
MEIS1,CD27,0
SATB1,FAM110C,0
GFI1B,IGFBP4,0
IRF8,CAMK1D,0
MEIS1,CD9,0
CBX7,PPCDC,0
CBX7,FLNA,0
CBX7,TFEC,0
ELF1,CPXM1,0
ELF1,CLEC12A,0
IKZF1,HCK,0
MEF2C,SPC24,0
RAG2,SCARF1,0
ELF1,MTUS1,0
MYC,WFDC17,0
CBFB,UPP1,0
NOTCH1,ARRDC4,0
ELF1,MN1,0
MEF2C,MN1,0
CBX7,LONP2,0
GATA2,TMEM173,0
ESR1,ARHGEF39,0
MEF2C,CBX7,0
SATB1,MPO,0
IRF8,ICA1,0
MEIS1,IFITM1,0
IRF8,CTSF,0
IRF8,COL4A1,0
NOTCH1,ADGRG3,0
SATB1,COL4A1,0
MEF2C,PKIA,0
CBX7,NPDC1,0
CBX7,ELOVL5,0
FOXO1,DDX4,0
CBX7,H2-OB,0
GFI1B,CD55,0
FOXO1,D630039A03RIK,0
MYC,MPO,0
SATB1,SNAP23,0
MEF2C,HCK,0
FOXO1,PAQR5,0
MEF2C,ANKRD33B,0
MEF2C,NDNF,0
GATA2,MPEG1,0
NOTCH1,POLA2,0
SATB1,EEPD1,0
MEF2C,NCAPD2,0
GFI1B,CD9,0
FOXO1,JCHAIN,0
NOTCH1,CARD11,0
SATB1,MEIS1,0
FOXO1,PANX1,0
CBFB,ESAM,0
NOTCH1,NDRG2,0
FOXO1,BCL2,0
MEF2C,KCTD12,0
MEF2C,NR3C2,0
CBX7,STK17B,0
GFI1B,SLC25A5,0
FOXO1,IFI213,0
CBFB,XDH,0
IRF8,ICOS,0
IKZF1,GNG11,0
ESR1,CD53,0
CBX7,DUSP6,0
NOTCH1,IFI213,0
FOXO1,GM5111,0
CBX7,PLEK,0
NOTCH1,HACD4,0
IRF8,NOXA1,0
FOXO1,ZMIZ1,0
MEIS1,TRPC6,0
GFI1B,NR3C2,0
NOTCH1,CDK18,0
MEIS1,CCDC136,0
GATA2,NDN,0
ELF1,KBTBD11,0
IKZF1,TCAF1,0
FOXO1,CAPG,0
IRF8,TRIM47,0
CBX7,RNASE6,0
MEF2C,GIMAP3,0
CBX7,SLFN2,0
CBX7,SLC29A1,0
MEF2C,GIMAP5,0
CBFB,GM4951,0
GFI1B,SELENOP,0
ELF1,SHROOM4,0
IRF8,ELOVL5,0
ELF1,ITGB5,0
ELF1,CSF1R,0
ELF1,FHL1,0
MEIS1,ZMIZ1,0
GATA2,EPSTI1,0
MEIS1,RASIP1,0
GATA2,CD53,0
FOXO1,NFIA,0
ESR1,IFI209,0
NOTCH1,WLS,0
FOXO1,RUSC2,0
CBX7,PDCD4,0
MEF2C,NDN,0
NOTCH1,CTSS,0
ESR1,5430427O19RIK,0
MEF2C,OCLN,0
IRF8,TOP2A,0
MEF2C,EMB,0
FOXO1,CD74,0
GFI1B,RPL41,0
CBX7,LACTB,0
SATB1,CPNE8,0
IRF8,SERPINB6A,0
GFI1B,PDZK1IP1,0
CBX7,LGALS1,0
ESR1,CD244A,0
MEF2C,UHRF1,0
IKZF1,CTSG,0
ESR1,CARD11,0
NOTCH1,PLSCR4,0
MEF2C,SELENOP,0
FOXO1,LGALS1,0
MEF2C,NUPR1,0
MEF2C,SCARF1,0
MEIS1,SSTR2,0
NOTCH1,PRUNE2,0
RAG2,CTSF,0
RAG2,COL4A1,0
FOXO1,MPZL1,0
GFI1B,WFDC2,0
IKZF1,MLPH,0
MEF2C,NKG7,0
CBFB,PLPPR3,0
SATB1,CD74,0
ELF1,GIMAP4,0
ESR1,CD33,0
GATA2,ICOS,0
ESR1,SELPLG,0
ELF1,CTTN,0
GATA2,TTLL7,0
ELF1,CLIP3,0
NOTCH1,PDE1C,0
SATB1,OBSCN,0
IRF8,5430427O19RIK,0
ELF1,P2RX1,0
CBFB,CTNND2,0
FOXO1,EMB,0
NOTCH1,CD9,0
NOTCH1,MCTP2,0
IKZF1,NAIP6,0
CBX7,LAG3,0
GFI1B,KLF6,0
IRF8,NEURL3,0
ELF1,PTGER2,0
SATB1,FSTL1,0
NOTCH1,RORA,0
MEF2C,GPX3,0
ELF1,PLXNA1,0
IRF8,MAML3,0
IKZF1,RASIP1,0
IRF8,FOXO1,0
FOXO1,ARRDC4,0
GFI1B,CES2G,0
IRF8,LARS2,0
IRF8,AFF3,0
ELF1,GHR,0
MEF2C,STARD4,0
GFI1B,MKI67,0
MYC,IPCEF1,0
GFI1B,CCL3,0
CBX7,TYROBP,0
SPI1,SFRP1,0
GFI1B,RARB,0
ESR1,IKZF1,0
IRF8,IL1R1,0
FOXO1,SLC26A11,0
MEIS1,PDGFD,0
IKZF1,CES2G,0
CBX7,PRR5,0
SATB1,ELL2,0
GFI1B,GBP9,0
FOXO1,SLC44A2,0
GFI1B,FGD2,0
CBX7,SELPLG,0
GFI1B,DOCK11,0
SATB1,CD81,0
ELF1,H2-OB,0
MEF2C,CHIL5,0
NOTCH1,ADGRG1,0
ESR1,SHISA9,0
IKZF1,AFF3,0
GATA2,TIE1,0
FOXO1,TMEM37,0
NOTCH1,KLHL4,0
IRF8,CDK6,0
RAG2,CLEC14A,0
GFI1B,LCP1,0
CBFB,FKBP9,0
IRF8,IRAK3,0
MEF2C,STK17B,0
FOXO1,TPM4,0
IRF8,MPL,0
SATB1,SERPINA3F,0
CBX7,RRAS,0
MYC,KLHL4,0
RAG2,C1RL,0
MYC,GCSAM,0
CBFB,WFDC2,0
MEF2C,PRSS57,0
ELF1,JAM3,0
FOXO1,CTTN,0
MEIS1,SLC18A2,0
MEF2C,CTSB,0
ELF1,TRAF1,0
MEIS1,RCSD1,0
SATB1,CAV2,0
GFI1B,PLEKHG6,0
NOTCH1,SERPINA3N,0
CBX7,PPM1G,0
FOXO1,CBX7,0
FOXO1,VLDLR,0
SATB1,IGFBP4,0
ELF1,CD74,0
FOXO1,CD44,0
MEIS1,RRAS,0
ELF1,PDZK1IP1,0
ELF1,SIGLECG,0
ELF1,LDHD,0
CBX7,GPR18,0
MEIS1,GBP4,0
CBFB,IFI27L2A,0
MEF2C,ITGB7,0
MEIS1,MPEG1,0
MEF2C,H1F0,0
FOXO1,SLAMF1,0
FOXO1,IL18RAP,0
GFI1B,APP,0
MEF2C,TRAF1,0
FOXO1,IRAK3,0
NOTCH1,CPNE8,0
CBX7,NAPSA,0
GFI1B,PDGFC,0
FOXO1,IGFBP4,0
GFI1B,STARD4,0
MEF2C,PLXDC2,0
MEIS1,UBE2L6,0
IKZF1,SCARF1,0
MEF2C,PLK2,0
NOTCH1,ITGB5,0
ELF1,IGF1,0
IKZF1,PLEKHG6,0
NOTCH1,MAGED2,0
GFI1B,PGR,0
IRF8,SH2D5,0
MEF2C,GM973,0
MEF2C,CDK19,0
SATB1,MYO5A,0
FOXO1,SDC2,0
GFI1B,CD27,0
FOXO1,VAV3,0
NOTCH1,P2RY14,0
FOXO1,P2RX1,0
CBX7,COX7B,0
ELF1,AFDN,0
RAG2,SEMA3D,0
CBX7,MYO5A,0
GFI1B,TIPIN,0
IRF8,KLF6,0
FOXO1,FAM110C,0
CBFB,VLDLR,0
ELF1,RHOJ,0
GFI1B,VWF,0
GFI1B,LYN,0
ELF1,CD93,0
ESR1,CD69,0
MEF2C,CAV2,0
CBFB,TFPI,0
ESR1,SERPINA3F,0
GFI1B,XPC,0
NOTCH1,ANXA2,0
ELF1,ABCG2,0
IRF8,PAQR5,0
MEF2C,RP2,0
MEF2C,RNF125,0
GFI1B,FRMD6,0
GATA2,PLD4,0
IRF8,FDFT1,0
GFI1B,TNS2,0
SATB1,WLS,0
IRF8,ABCG2,0
NOTCH1,RASA4,0
GFI1B,MEF2C,0
SATB1,CLEC14A,0
FOXO1,RUNX1T1,0
FOXO1,ABCG3,0
IRF8,GGT5,0
MEF2C,ANGPT1,0
FOXO1,ICA1,0
IRF8,PTPRE,0
MEIS1,GM4951,0
FOXO1,ICOS,0
CBX7,GAS2L3,0
MEF2C,SLC25A5,0
RAG2,MLPH,0
FOXO1,SLC6A15,0
FOXO1,SCARF1,0
FOXO1,PDGFRB,0
CBFB,SLC35D3,0
CBX7,TIFAB,0
RAG2,CAVIN2,0
NOTCH1,CAR2,0
SATB1,DCK,0
CBX7,TLR7,0
CBX7,HAAO,0
CBX7,GM4951,0
ESR1,SHROOM4,0
IKZF1,LPCAT2,0
SPI1,TM4SF1,0
CBFB,SDSL,0
CBFB,PIRB,0
FOXO1,ESR1,0
SATB1,SMPDL3A,0
ESR1,KBTBD11,0
SATB1,TNFAIP2,0
SATB1,CORO1A,0
GFI1B,AMPD2,0
CBX7,ZFP37,0
NOTCH1,NUDT19,0
ELF1,CX3CL1,0
CBX7,SAT1,0
ELF1,PRIM1,0
FOXO1,FGD5,0
ELF1,SERPINA3G,0
CBFB,SFRP1,0
MEF2C,PIRB,0
IRF8,JAM2,0
NOTCH1,PEAR1,0
IRF8,MAMDC2,0
GFI1B,RAB40B,0
CBFB,TIFAB,0
NOTCH1,PLXNA1,0
MEF2C,PLIN3,0
RAG2,PDE1C,0
NOTCH1,CTSL,0
SATB1,PKIA,0
GATA2,POLA2,0
MEIS1,ITGAM,0
ELF1,LPCAT2,0
ELF1,ITGB7,0
NOTCH1,LACTB,0
ELF1,IL18BP,0
RAG2,TFEC,0
FOXO1,CCL3,0
FOXO1,NDN,0
FOXO1,CADPS2,0
SPI1,SOX18,0
FOXO1,5430427O19RIK,0
RAG2,CCL9,0
GFI1B,SELL,0
GATA2,CSF3R,0
GFI1B,GPC1,0
NOTCH1,CD44,0
NOTCH1,RNF125,0
ELF1,HCK,0
GATA2,GIMAP5,0
SATB1,SH2D5,0
MEF2C,FAM110C,0
MEIS1,TOP2A,0
MEF2C,GIMAP8,0
CBX7,LCP1,0
SATB1,GPC1,0
FOXO1,ENG,0
RAG2,JAM3,0
RAG2,ADGRG3,0
CBX7,MPEG1,0
NOTCH1,TMEM268,0
NOTCH1,GGTA1,0
MEF2C,COX6A2,0
MEF2C,TMEM246,0
NOTCH1,GHR,0
RAG2,CYP26B1,0
SATB1,FOXO1,0
ESR1,HCK,0
FOXO1,P2RY14,0
GATA2,WFDC17,0
SPI1,PLXNA1,0
IRF8,STARD4,0
RAG2,CPNE8,0
MEIS1,LY9,0
FOXO1,RBPMS,0
IKZF1,SLC6A15,0
IRF8,SDC2,0
CBX7,CRIP1,0
SATB1,ARRDC4,0
CBX7,CARD6,0
RAG2,TM4SF1,0
SPI1,MMRN1,0
GFI1B,CDK18,0
GFI1B,CD74,0
ELF1,KLRD1,0
MEF2C,MSMO1,0
SATB1,NOTCH1,0
MEF2C,SERPINA3N,0
CBX7,CTSW,0
GATA2,ITGB5,0
MEF2C,DOK2,0
CBX7,DTL,0
GATA2,GDF3,0
CBFB,PDGFD,0
FOXO1,PBX1,0
GFI1B,GNG11,0
FOXO1,NEURL3,0
CBX7,IPCEF1,0
RAG2,IRF6,0
IRF8,MPZL1,0
CBX7,SHROOM4,0
GATA2,ARHGEF28,0
GFI1B,BTG2,0
RAG2,LDHD,0
IRF8,KIT,0
GATA2,DDX4,0
ELF1,GPX3,0
NOTCH1,CTNND2,0
NOTCH1,SLC25A5,0
FOXO1,GGT5,0
FOXO1,ADAMTSL5,0
ELF1,LHCGR,0
MEIS1,MYCN,0
ELF1,PLAC8,0
ESR1,GM1966,0
MEF2C,GGTA1,0
IRF8,TINAGL1,0
CBX7,CD55,0
FOXO1,CSF1R,0
MYC,GM4951,0
ELF1,KLF3,0
MEF2C,KAZALD1,0
ELF1,SLC16A11,0
GATA2,MAGED2,0
IRF8,NHP2,0
GFI1B,BC035044,0
ELF1,SLC18A2,0
MEF2C,SOCS2,0
SATB1,RBPMS,0
SATB1,COX6A2,0
FOXO1,CASP12,0
SATB1,SLCO3A1,0
IRF8,LYN,0
RAG2,DEPP1,0
SATB1,NDN,0
ELF1,CPNE8,0
FOXO1,HAAO,0
ESR1,HID1,0
GFI1B,COX6A1,0
MEF2C,ITSN1,0
IKZF1,ENPP5,0
MEF2C,GPR171,0
FOXO1,CD244A,0
GATA2,TLR7,0
GFI1B,GGTA1,0
ELF1,DHRS3,0
CBFB,IFITM3,0
CBX7,TCAF1,0
MEF2C,PLXNC1,0
CBX7,ENG,0
IRF8,BPIFC,0
NOTCH1,HID1,0
NOTCH1,MYCN,0
ELF1,HDAC7,0
GATA2,SYTL1,0
IRF8,GSTT1,0
CBFB,NEO1,0
CBX7,GBP4,0
ELF1,5430427O19RIK,0
MEF2C,UQCR11,0
CBX7,GRAMD1A,0
GFI1B,STXBP1,0
RAG2,NPDC1,0
MYC,CTSG,0
CBX7,PRIM1,0
SPI1,SLC6A15,0
CBFB,ANKRD33B,0
IRF8,FGFR3,0
SATB1,PRUNE2,0
NOTCH1,COX7B,0
IKZF1,CCR9,0
CBX7,TMEM268,0
MEF2C,CAMSAP2,0
FOXO1,LCP1,0
SATB1,PLPPR3,0
FOXO1,LHCGR,0
GFI1B,JAM3,0
CBFB,CDK18,0
SPI1,AMIGO2,0
FOXO1,BTG2,0
MEF2C,ERP29,0
SPI1,TEK,0
MEF2C,TUBB4B,0
IRF8,PECAM1,0
GATA2,RFTN1,0
GATA2,IL17RE,0
NOTCH1,SNAP23,0
FOXO1,CKS1B,0
MEF2C,MTUS1,0
MEF2C,ZYX,0
MEF2C,ADGRG3,0
CBX7,P2RX1,0
GFI1B,HSD3B7,0
MEF2C,ADGRG1,0
MEF2C,VAV3,0
FOXO1,CD7,0
CBX7,NCAPD2,0
MEF2C,VEGFC,0
GFI1B,NWD1,0
ELF1,RFTN1,0
FOXO1,PGR,0
MEF2C,HOXA9,0
NOTCH1,RASIP1,0
MEIS1,PLXNA1,0
CBX7,TMEM176B,0
NOTCH1,PROCR,0
ELF1,SLC16A2,0
MEIS1,SERPINF1,0
IRF8,BDH2,0
GFI1B,CHIL5,0
MEF2C,VDR,0
SATB1,NFIA,0
ELF1,NOXA1,0
CBFB,COX7B,0
GATA2,CDK6,0
NOTCH1,HLF,0
NOTCH1,ZFP658,0
FOXO1,ABHD17B,0
NOTCH1,OSGIN1,0
ELF1,CTSL,0
GATA2,TMEM37,0
GFI1B,PTGS1,0
GFI1B,NPDC1,0
CBX7,OAS2,0
MEF2C,PBLD2,0
MEF2C,CD38,0
MEF2C,PAG1,0
ELF1,MYCN,0
SATB1,SLC22A3,0
MEIS1,PDGFRB,0
NOTCH1,SPI1,0
ELF1,RNASE6,0
MEF2C,MPZL1,0
SPI1,GUCY1A1,0
GFI1B,ARHGAP18,0
ELF1,CD44,0
ELF1,RASIP1,0
MEIS1,ENG,0
CBX7,GIMAP1,0
IRF8,CRACR2B,0
FOXO1,RHBDF1,0
ELF1,ICA1,0
GFI1B,GHR,0
CBFB,H2-OB,0
FOXO1,CST7,0
ELF1,ALDH1A1,0
IRF8,COX7B,0
SATB1,BC035044,0
IRF8,RUNX1T1,0
NOTCH1,CBX7,0
GATA2,F11R,0
MEF2C,CTSW,0
MEF2C,GBP2,0
NOTCH1,HAAO,0
GATA2,KLHL4,0
GFI1B,H2-OB,0
FOXO1,VAMP5,0
MYC,PLSCR4,0
GFI1B,SLC39A6,0
GATA2,ZFP612,0
SATB1,IL12A,0
ELF1,MEF2C,0
SATB1,CD63,0
GFI1B,IFI209,0
ELF1,FLNA,0
IRF8,CDK18,0
GFI1B,ARPP21,0
GFI1B,TSPAN2,0
NOTCH1,GM1966,0
ELF1,CD63,0
ELF1,RHBDF1,0
GFI1B,LY9,0
FOXO1,NR3C2,0
NOTCH1,ARHGEF39,0
MYC,TEK,0
GFI1B,CYP26B1,0
CBFB,CD63,0
MEIS1,GIMAP4,0
MEIS1,GCSAM,0
ELF1,STXBP1,0
MEF2C,SLC43A2,0
GATA2,SLC9A9,0
IKZF1,TIE1,0
CBX7,IL17RE,0
CBFB,GM1966,0
SATB1,NUCB2,0
SATB1,PDGFD,0
CBX7,MMRN1,0
CBFB,ITM2A,0
MEIS1,PDE1B,0
MEF2C,NUDT19,0
MEIS1,TPM4,0
GFI1B,NKG7,0
CBFB,OAS2,0
CBX7,PRNP,0
FOXO1,NUDT19,0
MEIS1,JAM2,0
IRF8,CREG1,0
FOXO1,CLIP3,0
SATB1,RAG2,0
CBX7,SELL,0
MEF2C,CISH,0
CBX7,SLC2A3,0
IRF8,ESAM,0
IRF8,KLF3,0
SATB1,SHISA9,0
SATB1,RUNX2,0
MEF2C,CD34,0
NOTCH1,CTSG,0
GFI1B,GSTM1,0
ESR1,CLEC2I,0
GFI1B,ENPP5,0
FOXO1,PYGL,0
GFI1B,YBX1,0
MEF2C,PKIB,0
ESR1,SLC18A2,0
NOTCH1,ESAM,0
CBX7,UAP1L1,0
RAG2,UPP1,0
MYC,LHCGR,0
FOXO1,TFPI,0
MEIS1,INSRR,0
MEIS1,MAMDC2,0
FOXO1,ITGB5,0
NOTCH1,IFI27L2A,0
NOTCH1,INSRR,0
GFI1B,PDE1C,0
MEF2C,ELL2,0
CBX7,PBLD2,0
CBFB,SLC16A2,0
MEF2C,SSH2,0
SATB1,PKIB,0
GFI1B,ATPIF1,0
FOXO1,KAZALD1,0
IRF8,TRIM16,0
GATA2,IFI213,0
CBFB,H2-Q6,0
NOTCH1,CAPG,0
IRF8,CCT2,0
CBX7,UBA7,0
MEF2C,LGALS1,0
GATA2,TGM2,0
GFI1B,DACH1,0
FOXO1,PLXDC2,0
ELF1,FAM171B,0
GFI1B,SDC2,0
GFI1B,ANKRD44,0
CBX7,IFITM1,0
CBX7,APLP2,0
GFI1B,PAG1,0
FOXO1,NCKAP1,0
MEIS1,CYP26B1,0
NOTCH1,GM4951,0
MEIS1,SYTL1,0
FOXO1,GCSAM,0
GATA2,CPXM1,0
CBX7,SERPINA3G,0
GFI1B,PANX1,0
NOTCH1,FAM171A1,0
IKZF1,ITGB7,0
CBFB,MPEG1,0
CBX7,CTR9,0
RAG2,SLC6A15,0
GFI1B,OTULINL,0
IKZF1,TBXAS1,0
IRF8,MECOM,0
MEIS1,MPDZ,0
SATB1,VDR,0
IRF8,DPP4,0
IRF8,MLPH,0
RAG2,BDH2,0
NOTCH1,LRRC8C,0
IRF8,F2R,0
GFI1B,ESAM,0
IRF8,CAVIN2,0
MEIS1,SULT1A1,0
IKZF1,PDGFD,0
FOXO1,SLC39A6,0
SATB1,FHL1,0
MEIS1,SLAMF1,0
NOTCH1,KCTD12,0
MEIS1,CX3CL1,0
MEF2C,TTC39B,0
MYC,GM5111,0
GFI1B,ST8SIA4,0
FOXO1,CSF3R,0
FOXO1,FGFR3,0
SATB1,UPP1,0
IRF8,HOXA9,0
SATB1,ADAMTSL5,0
FOXO1,GIMAP1,0
GFI1B,SERPINA3G,0
FOXO1,PLXNC1,0
MEIS1,SFRP1,0
NOTCH1,FGD2,0
ESR1,FGD2,0
IRF8,SOCS2,0
GATA2,GNG11,0
MEIS1,SHISA9,0
NOTCH1,MEF2C,0
MEIS1,VWF,0
NOTCH1,CASP12,0
ESR1,DRC7,0
IRF8,CSF3R,0
ELF1,SLC35D3,0
NOTCH1,GIMAP5,0
MEF2C,TCAF1,0
SATB1,MECOM,0
ELF1,SELENOP,0
IRF8,H1F0,0
FOXO1,LSP1,0
NOTCH1,IL18BP,0
NOTCH1,SLC9A9,0
IKZF1,SH2D5,0
FOXO1,SLC43A2,0
ELF1,CLEC1A,0
NOTCH1,ELL2,0
FOXO1,EYA2,0
FOXO1,TMEM268,0
SATB1,PTGS1,0
MEF2C,PLXNA1,0
MEF2C,PRPS2,0
GATA2,PDZK1IP1,0
RAG2,FGD5,0
MEF2C,PLSCR4,0
MEF2C,DUSP5,0
FOXO1,JPT1,0
MEIS1,BLNK,0
RAG2,GGT5,0
MEF2C,F2R,0
IKZF1,NKG7,0
GATA2,GM1966,0
MEF2C,CES2G,0
MEF2C,CCL9,0
CBX7,LCK,0
GATA2,OBSL1,0
MEF2C,MYC,0
FOXO1,DOCK11,0
GATA2,ADAMTSL5,0
MEF2C,LARS2,0
NOTCH1,ST8SIA4,0
NOTCH1,ENPP5,0
FOXO1,SIGLECG,0
CBX7,TNS2,0
ELF1,GOLM1,0
SATB1,WFDC2,0
SATB1,IRF6,0
FOXO1,SLC35D3,0
ELF1,SERPINF1,0
SATB1,CDKN1C,0
IRF8,PKIB,0
MEF2C,BC035044,0
FOXO1,CORO1A,0
GFI1B,TNFAIP2,0
MEIS1,P2RY14,0
NOTCH1,CD53,0
FOXO1,SERPINF1,0
FOXO1,RNF13,0
IRF8,TIPIN,0
ELF1,LAG3,0
CBX7,GM2A,0
NOTCH1,CDK6,0
GFI1B,COQ8A,0
FOXO1,CD9,0
MEIS1,F2R,0
ELF1,RCSD1,0
GFI1B,PLD4,0
SATB1,TRIM47,0
SATB1,H1F0,0
SATB1,ATP1A3,0
IRF8,PLPPR3,0
CBX7,ERP29,0
RAG2,EBI3,0
MEIS1,ADGRL4,0
SPI1,SDSL,0
FOXO1,GSN,0
RAG2,GPX3,0
NOTCH1,ANKRD33B,0
ELF1,SPC24,0
IRF8,ARHGEF18,0
FOXO1,LARS2,0
MEF2C,ATP8B4,0
FOXO1,SAT1,0
IRF8,PRUNE2,0
NOTCH1,DRC7,0
NOTCH1,ARHGEF18,0
NOTCH1,IFI209,0
ELF1,PGR,0
NOTCH1,DNTT,0
MYC,SP100,0
GATA2,CAVIN2,0
SATB1,PEAR1,0
MEIS1,RNASE6,0
CBX7,TTC39B,0
GFI1B,PDGFD,0
MEF2C,MOGS,0
SATB1,NR3C2,0
MEF2C,RARB,0
SATB1,SIGLECG,0
IRF8,GDF3,0
GATA2,CD27,0
IRF8,CASP12,0
CBX7,UBE2L6,0
IRF8,CCDC136,0
MEIS1,CADPS2,0
ELF1,GIMAP3,0
MEF2C,NAV1,0
MEF2C,FKBP9,0
GFI1B,CSF1R,0
GFI1B,PRSS57,0
ELF1,ADGRG1,0
FOXO1,PDE1B,0
NOTCH1,CTNNAL1,0
CBX7,TEK,0
MEF2C,LTB,0
SATB1,GRAMD1A,0
CBX7,CCNG2,0
MEF2C,PDCD4,0
GATA2,SLC43A2,0
RAG2,PLPPR3,0
CBFB,ZFP612,0
CBX7,KCNK5,0
SPI1,OBSL1,0
SATB1,DRC7,0
FOXO1,CCDC112,0
MEIS1,CES2G,0
IRF8,EMP1,0
GFI1B,PKIB,0
MEF2C,FCRL1,0
FOXO1,ELOVL5,0
FOXO1,RAB27B,0
ESR1,EVI2A,0
FOXO1,CD38,0
ESR1,EPSTI1,0
GFI1B,PRDM16,0
GFI1B,KIF17,0
ELF1,LCP1,0
MEF2C,IRF6,0
CBFB,EBI3,0
GFI1B,C1RL,0
GATA2,SLA,0
CBFB,MPDZ,0
GFI1B,JAM2,0
ESR1,BC035044,0
NOTCH1,SDC2,0
IKZF1,MYLK,0
ELF1,VLDLR,0
MEF2C,UCP2,0
IRF8,BCL2,0
NOTCH1,COX6A1,0
IRF8,CPXM1,0
CBFB,TMEM37,0
CBX7,GFI1B,0
CBX7,CISH,0
MEF2C,RASSF2,0
RAG2,HACD4,0
ELF1,ROBO4,0
GFI1B,PDCD4,0
NOTCH1,IL7R,0
FOXO1,CHIL5,0
FOXO1,GNG11,0
GFI1B,NAPSA,0
GFI1B,IFITM1,0
MEF2C,RAB38,0
RAG2,OAS2,0
IKZF1,GCSAM,0
IRF8,PDGFC,0
MEF2C,DACH1,0
SATB1,PDE1B,0
NOTCH1,OTUB2,0
GATA2,INHBA,0
NOTCH1,USP11,0
FOXO1,CCL9,0
NOTCH1,CD93,0
NOTCH1,CRACR2B,0
CBX7,HNRNPAB,0
MEF2C,ARHGDIB,0
NOTCH1,ABCG3,0
FOXO1,ITGAM,0
GFI1B,RHOJ,0
ELF1,TRPC6,0
FOXO1,PROCR,0
GFI1B,TRIM59,0
CBFB,CD34,0
ELF1,SLC29A1,0
ESR1,NAV1,0
CBFB,DNTT,0
ELF1,INSRR,0
NOTCH1,PBX1,0
ELF1,D630039A03RIK,0
ESR1,NAIP6,0
GFI1B,ALDH1A1,0
GATA2,RASIP1,0
IRF8,JCHAIN,0
NOTCH1,TIFAB,0
CBX7,CFP,0
GATA2,LDHD,0
CBFB,CYP26B1,0
CBX7,CST7,0
GATA2,ICA1,0
ELF1,MYCT1,0
ELF1,CNN3,0
CBX7,ARHGAP27,0
MEF2C,H2-DMA,0
GATA2,ITGAL,0
GFI1B,ITGB7,0
ELF1,GM4951,0
IRF8,FUCA2,0
CBX7,CD244A,0
MYC,IL17RE,0
FOXO1,CSGALNACT1,0
IRF8,CD34,0
IRF8,PROCR,0
GFI1B,NOXA1,0
SATB1,OCLN,0
ELF1,BLNK,0
MEF2C,BTLA,0
MEF2C,KBTBD11,0
FOXO1,ELL2,0
IRF8,TFPI,0
CBX7,WFDC2,0
RAG2,SLC35D3,0
ELF1,MPL,0
ESR1,TLR7,0
MEIS1,DOCK11,0
MEF2C,S100A6,0
CBFB,IL18BP,0
FOXO1,RUNX2,0
FOXO1,CPNE8,0
MEIS1,FHL1,0
SPI1,CDKN1C,0
SATB1,JAM2,0
MEF2C,LPCAT2,0
MEF2C,TNFAIP2,0
GFI1B,ENG,0
NOTCH1,VDR,0
FOXO1,SLC18A1,0
FOXO1,GBP4,0
CBX7,DRC7,0
MEIS1,NHP2,0
FOXO1,PLAC8,0
MEF2C,HNRNPAB,0
MEF2C,ZFP612,0
RAG2,IL18RAP,0
GATA2,CD74,0
FOXO1,SSTR2,0
IRF8,GPR171,0
FOXO1,ESAM,0
CBX7,BC035044,0
IRF8,DOCK11,0
MEF2C,RGS19,0
MEF2C,TM6SF1,0
MEF2C,NT5C3,0
SATB1,PROCR,0
MEIS1,PPP1R15A,0
IRF8,MLLT3,0
FOXO1,TFR2,0
MEF2C,WLS,0
MYC,CD34,0
SATB1,KIF17,0
ELF1,SOCS2,0
NOTCH1,KIF17,0
MEF2C,PRNP,0
NOTCH1,DDX4,0
IRF8,FAM110C,0
FOXO1,NPM1,0
GFI1B,SCARF1,0
ELF1,EMP1,0
MYC,TFEC,0
CBX7,CCL3,0
CBX7,PSTPIP1,0
IRF8,SHISA9,0
SATB1,TRPC6,0
SATB1,F2R,0
CBX7,VWF,0
GATA2,ITGAM,0
MEF2C,DDX4,0
IRF8,SYTL1,0
IRF8,CCNG2,0
FOXO1,SLC9A9,0
CBX7,CTSB,0
MEF2C,CLEC14A,0
SATB1,RASIP1,0
FOXO1,PRSS57,0
MEF2C,DTL,0
CBX7,IFI213,0
GFI1B,PPCDC,0
RAG2,OCLN,0
CBX7,BLNK,0
IKZF1,CPNE8,0
GFI1B,RCSD1,0
IRF8,STK17B,0
GFI1B,PRKCH,0
ELF1,CAVIN2,0
NOTCH1,ARHGEF28,0
MEIS1,SCRN1,0
MEF2C,ARRDC4,0
MEF2C,TRIB3,0
GFI1B,GRAMD1A,0
FOXO1,BPIFC,0
GFI1B,CD63,0
CBFB,CADPS2,0
ESR1,SYK,0
NOTCH1,RNF213,0
SATB1,SDC1,0
GFI1B,FAM171A1,0
NOTCH1,CMAH,0
IRF8,PKIA,0
MEIS1,RHOJ,0
ESR1,TM4SF1,0
MEIS1,BCL2,0
GFI1B,ANKRD33B,0
GFI1B,VEGFC,0
MEF2C,TIPIN,0
MEIS1,LY86,0
MEF2C,TRPV2,0
GATA2,NAV1,0
IRF8,SELL,0
FOXO1,PBLD2,0
NOTCH1,FAM110C,0
ELF1,NEO1,0
IRF8,CYFIP2,0
NOTCH1,ITGB2,0
RAG2,CES2G,0
CBFB,SLC22A3,0
CBX7,ABCG2,0
MEF2C,GDF3,0
GFI1B,PLEK,0
CBX7,CPQ,0
GFI1B,LDHB,0
MEIS1,PLAC8,0
FOXO1,FUT7,0
GFI1B,NUCB2,0
GFI1B,EMB,0
GFI1B,FKBP9,0
IRF8,CBX7,0
ESR1,BTLA,0
FOXO1,GATA2,0
FOXO1,CLEC2I,0
IRF8,LGALS1,0
GFI1B,FADS1,0
MEIS1,GBP2,0
CBX7,HNF4A,0
MEF2C,GAA,0
MEF2C,AFDN,0
GATA2,CRIP1,0
RAG2,EFNA1,0
MEIS1,IGFBP4,0
CBX7,NT5C3,0
CBX7,LDHD,0
NOTCH1,IFITM3,0
IRF8,TMEM268,0
GFI1B,ADGRG1,0
CBX7,UHRF1,0
RAG2,TCAF1,0
NOTCH1,IFITM1,0
RAG2,INSRR,0
CBFB,GSTT1,0
IRF8,TALDO1,0
GATA2,GCSAM,0
IKZF1,CD74,0
CBFB,VWF,0
SPI1,DNTT,0
IRF8,EMB,0
ESR1,PDZK1IP1,0
MEF2C,SLC16A10,0
NOTCH1,FLNA,0
CBX7,N4BP3,0
GFI1B,GGT5,0
ESR1,TYROBP,0
GATA2,HID1,0
SATB1,CAVIN2,0
CBX7,CD38,0
ELF1,BC035044,0
NOTCH1,RASAL3,0
MEF2C,TNS2,0
CBFB,PDZK1IP1,0
GATA2,DACH1,0
CBFB,JAM2,0
GATA2,KBTBD11,0
MEF2C,LAX1,0
CBX7,ITGB7,0
IRF8,ARPP21,0
IRF8,LRRC8C,0
CBX7,CLU,0
IRF8,GDA,0
MEF2C,TFEC,0
MEF2C,TMEM176B,0
GATA2,RHOJ,0
MEIS1,TIE1,0
NOTCH1,IKZF1,0
MEF2C,ANXA2,0
SATB1,CCDC112,0
MEF2C,UPP1,0
SATB1,PDGFRB,0
MEF2C,ME2,0
MEF2C,TBXAS1,0
NOTCH1,SLFN2,0
FOXO1,MPEG1,0
IKZF1,PDZK1IP1,0
IRF8,MYLK,0
ELF1,MYO5A,0
GFI1B,BPIFC,0
FOXO1,CNN3,0
IRF8,GRAMD1A,0
FOXO1,IFI27,0
CBX7,DEF8,0
CBX7,PLIN3,0
CBFB,CD52,0
SATB1,HLF,0
ESR1,IFI213,0
FOXO1,TM4SF1,0
IRF8,FKBP9,0
RAG2,ALDH1A1,0
MEF2C,MPL,0
GATA2,LY86,0
MEF2C,ITGA6,0
MEF2C,SGMS1,0
NOTCH1,CHRNB1,0
NOTCH1,MAMDC2,0
MEF2C,HACD4,0
MYC,ITM2A,0
CBFB,5430427O19RIK,0
IRF8,COX6A1,0
GFI1B,SERPINF1,0
MEIS1,GIMAP1,0
MEF2C,PARP8,0
CBFB,ARHGEF18,0
MEF2C,APLP2,0
NOTCH1,CLEC14A,0
IKZF1,GP9,0
GFI1B,DOK2,0
SATB1,HNF4A,0
GATA2,EEPD1,0
NOTCH1,CHIL5,0
GFI1B,CTSH,0
CBX7,NSMF,0
SATB1,GNG11,0
FOXO1,TSC22D3,0
CBX7,NUCB2,0
SATB1,LGMN,0
MEF2C,GM1966,0
MEIS1,ROBO4,0
CBX7,TMEM123,0
IKZF1,TRPC6,0
GFI1B,CLCA3A1,0
SATB1,PLAC8,0
FOXO1,SP100,0
ESR1,OAS2,0
MYC,ESAM,0
MEIS1,USP11,0
ELF1,FSTL1,0
NOTCH1,RAB40B,0
IKZF1,NDN,0
ESR1,SPI1,0
RAG2,WFDC2,0
MEF2C,PAFAH2,0
RAG2,ARHGEF28,0
MEF2C,KIT,0
NOTCH1,LHCGR,0
IRF8,TFR2,0
NOTCH1,ZBTB20,0
ELF1,MCTP2,0
ESR1,CD93,0
IRF8,PGR,0
MEF2C,GPC1,0
FOXO1,HACD4,0
NOTCH1,SLCO3A1,0
ELF1,METTL7A1,0
CBX7,OTUB2,0
SATB1,GP9,0
IKZF1,RARB,0
ESR1,TRPC6,0
RAG2,D630039A03RIK,0
MEF2C,RANBP1,0
ESR1,ADGRL4,0
GATA2,N4BP3,0
ELF1,KLHL4,0
NOTCH1,ITGB7,0
IRF8,NFE2,0
CBFB,OBSL1,0
SATB1,MMRN1,0
SATB1,P2RX1,0
IRF8,USP11,0
NOTCH1,NEURL3,0
SATB1,RAB27B,0
MEF2C,UBE2L6,0
GFI1B,SNAP47,0
GFI1B,PLAC8,0
GFI1B,CORO1A,0
SATB1,SLC18A2,0
FOXO1,KIT,0
GATA2,IPCEF1,0
FOXO1,CLCA3A1,0
MEF2C,LDHD,0
NOTCH1,CD48,0
FOXO1,NOTCH1,0
MEF2C,NCKAP1,0
GFI1B,FHL1,0
RAG2,PRSS57,0
MYC,HCK,0
MEIS1,CSF1R,0
IKZF1,COX6A2,0
FOXO1,ARHGAP27,0
CBX7,GM1966,0
NOTCH1,PTP4A3,0
CBX7,CD48,0
MEF2C,5430427O19RIK,0
CBFB,CPNE8,0
FOXO1,SOX18,0
NOTCH1,BDH2,0
MEF2C,RNF13,0
MEF2C,ELF1,0
CBX7,ZFP62,0
GATA2,SERPINA3N,0
FOXO1,AKNA,0
GATA2,ITM2A,0
CBX7,CLCA3A1,0
MEF2C,NUCB2,0
GFI1B,MYLK,0
SATB1,PLXNA1,0
GFI1B,TLR7,0
MEF2C,IFITM3,0
FOXO1,CAR2,0
MEIS1,YBX1,0
MEF2C,CREG1,0
GFI1B,DUSP6,0
MEF2C,ICOS,0
NOTCH1,SIGLECG,0
IKZF1,GSTT1,0
MEF2C,IL18RAP,0
CBX7,UCP2,0
RAG2,MYCT1,0
FOXO1,CD53,0
SATB1,NOXA1,0
FOXO1,FAM171B,0
FOXO1,COX6A2,0
SPI1,MAML3,0
NOTCH1,TAPT1,0
CBFB,IGF1,0
IKZF1,PDE1B,0
ELF1,MAML3,0
CBX7,CSF3R,0
CBX7,GIMAP3,0
CBX7,TRPV2,0
MEIS1,COL4A2,0
ELF1,TSPAN13,0
RAG2,GCSAM,0
MEIS1,N4BP3,0
FOXO1,CTSF,0
IRF8,NDN,0
IRF8,SLC44A2,0
MYC,ICOS,0
FOXO1,SHROOM4,0
GATA2,PARP8,0
SPI1,MPL,0
RAG2,RHOJ,0
IKZF1,SHROOM4,0
ELF1,EPSTI1,0
CBX7,ACAP1,0
IKZF1,CX3CL1,0
ELF1,CLEC2I,0
IRF8,CCR7,0
MEF2C,CTNNAL1,0
CBX7,RNF38,0
GATA2,CHRNB1,0
IKZF1,ANXA2,0
IRF8,FSTL1,0
CBFB,KRT18,0
CBX7,CTSS,0
MEF2C,SLC22A3,0
GFI1B,HAAO,0
IRF8,RHOJ,0
GFI1B,CNN3,0
CBX7,TESPA1,0
FOXO1,WFDC17,0
NOTCH1,EVI2A,0
CBX7,RPL41,0
MEF2C,TBC1D5,0
GATA2,EBI3,0
CBX7,MYLK,0
ELF1,WLS,0
IKZF1,CSF3R,0
NOTCH1,DEF8,0
MEF2C,LY9,0
SATB1,SOCS2,0
FOXO1,HOXA9,0
SPI1,HLF,0
NOTCH1,LTB,0
FOXO1,PLPPR3,0
NOTCH1,OBSL1,0
MYC,TRPC6,0
GFI1B,PLXNA1,0
FOXO1,TAPT1,0
GFI1B,ZBTB20,0
IKZF1,CPXM1,0
ELF1,TBXAS1,0
CBX7,SOCS2,0
CBX7,CNN3,0
MEF2C,BLNK,0
GFI1B,OBSL1,0
MEF2C,SLC39A13,0
CBX7,NAIP6,0
MEF2C,DUSP6,0
MEF2C,PAQR5,0
MEF2C,RCSD1,0
IKZF1,ZFP37,0
ELF1,RAB38,0
MEF2C,SLC29A1,0
IRF8,VLDLR,0
FOXO1,FRMD6,0
MYC,IL18BP,0
GATA2,TIFAB,0
CBFB,SOX18,0
IRF8,PDZK1IP1,0
NOTCH1,PRDM16,0
ESR1,LAPTM5,0
GATA2,PKIB,0
GFI1B,TRPC6,0
IKZF1,VWF,0
NOTCH1,PTGS1,0
IRF8,HMGB2,0
CBX7,ITSN1,0
MYC,CRACR2B,0
IRF8,PDE1C,0
FOXO1,ME2,0
FOXO1,FGD2,0
ESR1,ARHGDIB,0
MEF2C,ARHGAP29,0
NOTCH1,SERPINA3G,0
MYC,ADGRL4,0
CBX7,CAPG,0
SATB1,SEMA3D,0
FOXO1,MYCN,0
MEIS1,TBXA2R,0
FOXO1,TSPAN2,0
NOTCH1,TEK,0
NOTCH1,NPDC1,0
SATB1,PAG1,0
GATA2,CHIL5,0
SATB1,DNTT,0
GFI1B,DENND2D,0
FOXO1,SERPINA3N,0
RAG2,PPIC,0
CBFB,MLPH,0
MEF2C,HID1,0
IRF8,TRPC6,0
NOTCH1,TYROBP,0
NOTCH1,CYP26B1,0
MEF2C,PDGFRB,0
ELF1,CCDC136,0
MEF2C,LHCGR,0
IKZF1,CLEC14A,0
ESR1,PIRB,0
RAG2,GDF3,0
CBX7,ATP8B4,0
RAG2,CDK18,0
FOXO1,FKBP9,0
GFI1B,ARHGAP15,0
SATB1,APOE,0
MEIS1,RP2,0
GFI1B,HNF4A,0
FOXO1,HMGB2,0
MEF2C,NPM1,0
RAG2,CD244A,0
ELF1,GCSAM,0
IRF8,RNF13,0
NOTCH1,KLRD1,0
MEF2C,CTTN,0
RAG2,GM973,0
SPI1,OBSCN,0
ESR1,EBI3,0
GFI1B,NOTCH1,0
CBX7,DEPP1,0
CBFB,PBX1,0
MEF2C,MGAT1,0
MEF2C,GIMAP1,0
NOTCH1,MEIS1,0
NOTCH1,CORO7,0
CBFB,PLD4,0
FOXO1,SHISA9,0
RAG2,PROCR,0
MEIS1,LHCGR,0
RAG2,NDN,0
ELF1,MLPH,0
NOTCH1,ATP8B4,0
SATB1,CLIP3,0
ESR1,TM6SF1,0
MEF2C,NEURL3,0
CBX7,MAMDC2,0
GFI1B,AMIGO2,0
ELF1,SATB1,0
CBFB,RAB38,0
GATA2,CCDC136,0
FOXO1,ZFP612,0
ESR1,PROCR,0
MEF2C,TOP2A,0
MEIS1,MN1,0
CBX7,GNG2,0
ELF1,ZFP422,0
GFI1B,DRC7,0
IKZF1,RUNX2,0
GATA2,DOK2,0
MEF2C,LDHB,0
GATA2,SELL,0
GATA2,RCSD1,0
MEIS1,CPXM1,0
IKZF1,AFDN,0
SATB1,MN1,0
FOXO1,SOCS2,0
SATB1,SSTR2,0
MEIS1,IL17RA,0
CBX7,PAFAH2,0
MEF2C,CCDC136,0
MEF2C,TESPA1,0
CBX7,EMP1,0
RAG2,CASP12,0
MEIS1,NOXA1,0
IRF8,SLC18A2,0
MEIS1,IRF6,0
GATA2,TPM4,0
GFI1B,IL12A,0
FOXO1,RAMP1,0
IRF8,ADGRG1,0
ELF1,MAGED2,0
MEF2C,HNF4A,0
IKZF1,CRIP1,0
CBFB,TRIM47,0
GFI1B,ARHGAP27,0
MEF2C,CMAH,0
SATB1,FAM171A1,0
MEF2C,FSTL1,0
MEF2C,CTSS,0
CBX7,SLAMF1,0
IKZF1,LDHD,0
NOTCH1,ITM2A,0
IKZF1,IL1R1,0
SATB1,VWF,0
CBX7,RNF125,0
RAG2,MRVI1,0
ELF1,C1RL,0
SPI1,FHL1,0
IRF8,ARHGEF28,0
IKZF1,ARHGAP29,0
GFI1B,NFIA,0
CBX7,GPR65,0
MYC,MPL,0
FOXO1,CERS4,0
IRF8,SPC24,0
ELF1,VDR,0
NOTCH1,PDGFC,0
ELF1,NFE2,0
MEF2C,TES,0
GATA2,CSGALNACT1,0
ELF1,KIT,0
MEF2C,DYNLL1,0
IRF8,MCTP2,0
GFI1B,ANXA2,0
ELF1,PTP4A3,0
MEIS1,TNS2,0
GFI1B,CD52,0
CBX7,RBPMS,0
NOTCH1,TMEM176B,0
IKZF1,PDE1C,0
IRF8,SLCO3A1,0
IRF8,PBLD2,0
IRF8,GSTM1,0
CBX7,ARHGAP18,0
FOXO1,UAP1L1,0
FOXO1,ARID5A,0
NOTCH1,XDH,0
FOXO1,AMPD2,0
NOTCH1,PARVG,0
CBX7,APOE,0
RAG2,ATP1A3,0
MEIS1,DNTT,0
GATA2,RAMP1,0
NOTCH1,UCP2,0
IRF8,LDHD,0
GFI1B,CTSB,0
SATB1,FGFR3,0
GATA2,PROCR,0
MEIS1,PRDM16,0
CBFB,GM973,0
MEF2C,TM4SF1,0
FOXO1,MSMO1,0
MEF2C,CRACR2B,0
FOXO1,ITGAL,0
IRF8,STXBP1,0
CBFB,SNAP23,0
MEF2C,ESAM,0
CBX7,TBXA2R,0
MEIS1,FGD5,0
CBX7,ALDH1A1,0
FOXO1,PLXNA1,0
FOXO1,DRC7,0
RAG2,NAIP6,0
MEF2C,AP1S2,0
MEF2C,SERP1,0
GFI1B,ICOS,0
GFI1B,PLCL1,0
MEF2C,OBSL1,0
ELF1,NCKAP1,0
NOTCH1,UAP1L1,0
ELF1,RAB40B,0
GATA2,CCR7,0
IRF8,CPNE8,0
MEF2C,FAM171B,0
MEIS1,PRR5,0
IKZF1,CD81,0
FOXO1,SEMA3D,0
IRF8,KRT18,0
GFI1B,CCDC136,0
IRF8,ITM2A,0
IRF8,TMEM246,0
IRF8,CTSB,0
MEF2C,GCSAM,0
GFI1B,XDH,0
FOXO1,LGMN,0
NOTCH1,CORO1A,0
CBX7,GNG11,0
ESR1,TBXAS1,0
SATB1,RNF213,0
MEF2C,LYN,0
MEF2C,LCK,0
MEF2C,SLC2A3,0
ESR1,CYP26B1,0
CBX7,PLD4,0
MEF2C,MCTP2,0
IKZF1,SULT1A1,0
MEF2C,USP11,0
RAG2,CLEC1A,0
NOTCH1,D630039A03RIK,0
GFI1B,TM4SF1,0
FOXO1,GAS2L3,0
IRF8,VEGFC,0
SATB1,TBXAS1,0
CBFB,SHROOM4,0
IRF8,NWD1,0
SATB1,GM1966,0
GFI1B,IFI27,0
MEF2C,PDGFD,0
ELF1,TMEM268,0
IRF8,NAV1,0
NOTCH1,TFEC,0
GATA2,IFI209,0
NOTCH1,EMP1,0
ELF1,ARHGEF18,0
NOTCH1,SOCS2,0
CBX7,CCR7,0
FOXO1,LPCAT2,0
NOTCH1,DOK2,0
IRF8,KIF17,0
GATA2,FLT3,0
CBX7,IL18BP,0
FOXO1,STK10,0
MEF2C,PDZK1IP1,0
SATB1,RP2,0
CBFB,LPCAT2,0
IRF8,NUCB2,0
IRF8,TMSB4X,0
SPI1,VWF,0
SATB1,MRVI1,0
FOXO1,PLEKHB1,0
ELF1,PAQR5,0
ELF1,APP,0
GFI1B,CTNNAL1,0
IRF8,CAV2,0
MEF2C,SAT1,0
GFI1B,EEPD1,0
NOTCH1,ZYX,0
ELF1,GAA,0
IRF8,GATA2,0
NOTCH1,TINAGL1,0
MEF2C,ITM2A,0
CBX7,H2-DMA,0
SATB1,CRIP1,0
MEF2C,CD44,0
MEIS1,IL17RE,0
GFI1B,HLF,0
GATA2,FCRL1,0
CBFB,SDC1,0
SPI1,CLEC2I,0
GATA2,TSPAN2,0
SATB1,ENG,0
GFI1B,SLC9A9,0
FOXO1,AP1S2,0
ELF1,IL1R1,0
ESR1,DNTT,0
NOTCH1,PLEKHG6,0
IKZF1,GIMAP4,0
MEF2C,AMPD2,0
CBFB,PDE1C,0
MEF2C,CTR9,0
GATA2,RP2,0
IKZF1,HNF4A,0
IRF8,COQ8A,0
MEIS1,CRIP1,0
SATB1,SLC29A1,0
ELF1,PKIB,0
FOXO1,PDGFC,0
GFI1B,KLHL4,0
SATB1,PBX1,0
MEF2C,ARHGEF18,0
ESR1,CLEC1A,0
FOXO1,RRAS,0
MYC,CD52,0
ELF1,CD7,0
FOXO1,EPSTI1,0
GATA2,TBXAS1,0
GFI1B,SP100,0
CBX7,EVI2A,0
FOXO1,ARHGAP18,0
CBFB,JCHAIN,0
MYC,GIMAP4,0
MEIS1,ABCG3,0
MEF2C,GDA,0
IKZF1,MRVI1,0
GFI1B,LSP1,0
ELF1,DYNLL1,0
GFI1B,SEMA3D,0
MEIS1,NCF1,0
ELF1,MECOM,0
ELF1,TSPAN2,0
IKZF1,PRDM16,0
IRF8,H2AFY,0
IKZF1,PYGL,0
MYC,OAS2,0
MEIS1,TM4SF1,0
NOTCH1,SAMSN1,0
SATB1,CTTN,0
GATA2,SOX18,0
MEIS1,APOE,0
RAG2,PLEKHG6,0
IRF8,SLA,0
CBFB,FCGRT,0
MYC,CCL3,0
SPI1,FSTL1,0
GATA2,PLCL1,0
MEIS1,PGR,0
GATA2,ARHGAP15,0
GFI1B,WFDC17,0
CBX7,BDH2,0
NOTCH1,IRAK3,0
GATA2,SP100,0
SATB1,LHCGR,0
IRF8,PLXNA1,0
GFI1B,SELPLG,0
MEF2C,FUT7,0
ELF1,TMEM37,0
IRF8,PRIM1,0
MEF2C,INHBA,0
FOXO1,GM4951,0
FOXO1,AFF3,0
FOXO1,NLRC3,0
MYC,FGD5,0
ESR1,CTNND2,0
FOXO1,TSPAN3,0
ELF1,IL12A,0
CBX7,CDK19,0
NOTCH1,IL17RE,0
CBX7,TALDO1,0
CBX7,BTG2,0
GATA2,PAQR5,0
SATB1,LY86,0
NOTCH1,MPEG1,0
CBX7,SAMSN1,0
NOTCH1,SH2D5,0
ELF1,ADGRG3,0
MEF2C,RAG2,0
GFI1B,COL4A1,0
CBFB,SERPINA3N,0
IRF8,PTP4A3,0
FOXO1,TOP2A,0
IKZF1,SHISA9,0
RAG2,GNG11,0
CBX7,JCHAIN,0
FOXO1,LAX1,0
FOXO1,CFP,0
ESR1,SOX18,0
FOXO1,RAG2,0
CBX7,PDGFRB,0
RAG2,PDE1B,0
ESR1,WFDC17,0
CBX7,CCR9,0
FOXO1,SGMS1,0
MEIS1,TEAD2,0
CBX7,GSTT1,0
IRF8,SPNS3,0
GATA2,TAPT1,0
ELF1,GNG11,0
ELF1,H2-Q6,0
ELF1,TM4SF1,0
CBFB,CAVIN2,0
NOTCH1,CHST2,0
MEF2C,PRR5,0
CBFB,MMRN1,0
GFI1B,TALDO1,0
IKZF1,CLIP3,0
GFI1B,FCHO2,0
IRF8,SOX18,0
MEF2C,IFI213,0
GFI1B,GPX3,0
GFI1B,GIMAP8,0
GATA2,EMP1,0
CBFB,FSTL1,0
IRF8,LGMN,0
MEIS1,KCNK5,0
CBFB,CD74,0
IRF8,SLC16A2,0
ELF1,DCK,0
GFI1B,RAB27B,0
MEF2C,PGR,0
NOTCH1,GBP2,0
ESR1,TESPA1,0
IRF8,IL17RA,0
IRF8,MOGS,0
CBFB,CTSS,0
NOTCH1,SERPINA3F,0
FOXO1,GDF3,0
MEF2C,CD93,0
NOTCH1,MOGS,0
IRF8,CLEC14A,0
SATB1,GSTT1,0
CBX7,FOXO1,0
NOTCH1,CD74,0
MYC,TIE1,0
CBFB,PRR5,0
IKZF1,CRACR2B,0
ELF1,MLLT3,0
SATB1,GIMAP3,0
IRF8,ABCG3,0
CBX7,SERPINB6A,0
NOTCH1,LAG3,0
ESR1,ITGAL,0
IRF8,TEK,0
FOXO1,BDH2,0
NOTCH1,ABCG2,0
ELF1,PLEK,0
CBFB,COX6A2,0
CBX7,SNAP47,0
FOXO1,PLEK,0
MEF2C,PLAC8,0
MEF2C,NOXA1,0
CBFB,CLEC14A,0
CBX7,S100A6,0
MEF2C,PECAM1,0
FOXO1,MECOM,0
GFI1B,FSTL1,0
IRF8,DCK,0
ELF1,ESAM,0
SATB1,RNF38,0
GFI1B,FGD5,0
ESR1,SLAMF1,0
IRF8,CES2G,0
RAG2,RUNX1T1,0
GFI1B,AKNA,0
GATA2,SULT1A1,0
NOTCH1,IPCEF1,0
FOXO1,TMEM173,0
ELF1,CASP12,0
NOTCH1,SDSL,0
NOTCH1,GSTM1,0
GATA2,CHST2,0
FOXO1,NUCB2,0
GATA2,NWD1,0
GATA2,TINAGL1,0
MYC,IFI209,0
GATA2,IL18RAP,0
FOXO1,CLU,0
GFI1B,ATP8B4,0
MEF2C,CTSL,0
NOTCH1,CTSB,0
NOTCH1,ENG,0
CBFB,TFEC,0
MEIS1,ZBTB20,0
FOXO1,TLR7,0
CBX7,CARD11,0
MEF2C,SERPINA3G,0
MEF2C,SHISA9,0
IKZF1,OCLN,0
FOXO1,LCK,0
MEF2C,ADGRL4,0
CBX7,NCKAP1,0
IRF8,LAG3,0
NOTCH1,KBTBD11,0
NOTCH1,GPR171,0
SATB1,ROBO4,0
MEF2C,GRAMD1A,0
MEF2C,RORA,0
FOXO1,SLCO3A1,0
IKZF1,PIRB,0
ELF1,PKIA,0
IKZF1,NOXA1,0
FOXO1,KLF3,0
MEF2C,PSTPIP1,0
FOXO1,CREG1,0
CBX7,DCK,0
ELF1,SDC2,0
GFI1B,PSTPIP1,0
MEIS1,GPR65,0
GFI1B,NCF1,0
GATA2,CTSG,0
ELF1,TCAF1,0
ELF1,CADPS2,0
ELF1,HMGB2,0
ELF1,GDA,0
FOXO1,PTPRE,0
SATB1,AFDN,0
GFI1B,CCDC112,0
IKZF1,TNS2,0
RAG2,LHCGR,0
MYC,DDX4,0
RAG2,ADAMTSL5,0
GFI1B,CARD11,0
IKZF1,INSRR,0
CBFB,PLAC8,0
IKZF1,CDKN1C,0
MEIS1,PLEKHG6,0
SATB1,SPI1,0
MEIS1,CARD6,0
SATB1,TOP2A,0
ESR1,DENND2D,0
IRF8,D630039A03RIK,0
GATA2,GPC1,0
RAG2,CPXM1,0
NOTCH1,5430427O19RIK,0
FOXO1,FSTL1,0
FOXO1,CLEC14A,0
ELF1,ADGRL4,0
FOXO1,ZFP367,0
GATA2,IL7R,0
GFI1B,NSMF,0
CBX7,EBI3,0
NOTCH1,RBPMS,0
RAG2,SLA,0
CBFB,CLEC1A,0
MEIS1,CAMK1D,0
GATA2,OTULINL,0
GFI1B,PRR5,0
CBX7,STARD4,0
ELF1,SLC2A3,0
ELF1,PYGL,0
IRF8,GMNN,0
IRF8,CKS1B,0
GFI1B,MLLT3,0
MYC,PECAM1,0
SATB1,HID1,0
MEF2C,UBA7,0
GATA2,MPO,0
IRF8,OTUB2,0
MEIS1,CD34,0
CBFB,HOXA9,0
ELF1,RHOF,0
MEIS1,CFP,0
MEIS1,CCR9,0
MEIS1,ITGB7,0
IRF8,TMEM123,0
MEF2C,TFR2,0
NOTCH1,PLD4,0
CBX7,ESAM,0
MYC,NLRC3,0
SPI1,KLHL4,0
CBX7,DYNLL1,0
CBX7,CYFIP2,0
ESR1,PLEK,0
MYC,DNTT,0
SATB1,WFDC17,0
MEF2C,MLPH,0
ESR1,P2RX1,0
CBX7,CD69,0
FOXO1,CHST2,0
SPI1,MRVI1,0
GFI1B,UBA7,0
MEF2C,IL1R1,0
CBFB,CAV2,0
MEF2C,MCM7,0
ESR1,NEURL3,0
ELF1,CSF3R,0
ELF1,RARB,0
NOTCH1,UPP1,0
MEF2C,ITGB5,0
FOXO1,IFI27L2A,0
ELF1,SLC6A15,0
IRF8,AP1S2,0
FOXO1,SDSL,0
NOTCH1,C1RL,0
GFI1B,TMEM37,0
FOXO1,CDK19,0
MEF2C,UAP1L1,0
