TF,Target,label
AATF,CDKN1A,1
AATF,MYC,1
AATF,TP53,1
AHR,BRCA1,1
AHR,CCND1,1
AHR,MYC,1
AHR,PCNA,1
APEX1,CCL2,1
ATF3,ASNS,1
ATF3,DDIT3,1
ATF3,TP53,1
BDP1,MYC,1
BDP1,TP53,1
BIN1,MYC,1
BRCA1,BRCA2,1
BRCA1,CCNB1,1
BRCA1,CCND1,1
BRCA1,CDKN1A,1
BRCA1,DDB2,1
BRCA1,DDIT3,1
BRCA1,EGFR,1
BRCA1,EGR1,1
BRCA1,HMGA2,1
BRCA1,IGF1R,1
BRCA1,IRF9,1
BRCA1,MAD2L1,1
BRCA1,MYC,1
BRCA1,SIRT1,1
BRCA1,STAT2,1
BRCA1,TFF1,1
BRCA2,RAD51,1
BRIP1,MLH1,1
BTG2,CCND1,1
CDX2,ACAT2,1
CDX2,CDKN1A,1
CDX2,CFTR,1
CDX2,MEP1A,1
CEBPA,AFP,1
CEBPA,ALB,1
CEBPA,CCL2,1
CEBPA,FN1,1
CEBPA,HSD17B11,1
CEBPA,MYC,1
CEBPA,SLC10A1,1
CEBPA,SPP1,1
CEBPD,C3,1
CEBPD,DDIT3,1
CEBPD,PDGFRA,1
CEBPD,POU5F1,1
CEBPZ,MLH1,1
CHD8,BRCA1,1
CHD8,MYC,1
CHD8,TYMS,1
CNBP,MYC,1
CREB1,CXCR4,1
CREB1,FOXA1,1
CREB1,GRPR,1
CREB1,JUN,1
CREB1,LAPTM4B,1
CREB1,NDC80,1
CREB1,NR2F6,1
CREB1,NR5A2,1
CREB1,POLD2,1
CREB1,PSEN1,1
CREB1,RRM2B,1
CREB1,SLC39A1,1
CREB1,STMN1,1
CTBP1,BRCA1,1
CTBP1,BRCA2,1
DDIT3,ANKRD1,1
DDIT3,ASNS,1
DDIT3,ATG5,1
DDIT3,CEBPA,1
DDIT3,SIRT1,1
DDIT3,SIRT2,1
DDIT3,TF,1
DNMT1,BIRC5,1
DNMT1,BMP2,1
DNMT1,CXCR4,1
DNMT1,HDAC1,1
DNMT1,IL32,1
DNMT1,MSH2,1
DNMT1,SFRP1,1
DNMT1,TP53,1
DNMT3A,CDKN1A,1
DNMT3A,POU5F1,1
DNMT3A,SFRP1,1
E2F3,AURKA,1
E2F3,CCNB1,1
E2F3,CDC6,1
E2F3,CDK1,1
E2F3,CDKN1A,1
E2F3,PLK1,1
E2F3,TFE3,1
E2F4,AURKB,1
E2F4,BIRC5,1
E2F4,BRCA1,1
E2F4,CCNB1,1
E2F4,CCND1,1
E2F4,HCFC1,1
E2F4,MYC,1
E2F4,PLK1,1
E2F4,RAD51,1
E2F4,TTK,1
E2F5,MYC,1
E2F8,CCND1,1
EGR1,AKR1B1,1
EGR1,ATF3,1
EGR1,CCND1,1
EGR1,CDKN1A,1
EGR1,EGFR,1
EGR1,F3,1
EGR1,FN1,1
EGR1,GGPS1,1
EGR1,PTP4A1,1
EGR1,STMN1,1
EGR1,TCF4,1
EGR1,TP53,1
EHMT2,BIRC5,1
EHMT2,CDKN1A,1
ELF1,BRCA2,1
ENO1,MYC,1
ENO1,MYCN,1
EPAS1,PTPRZ1,1
ETS1,ANPEP,1
ETS1,CDKN1A,1
ETS1,CXCR4,1
ETS1,EGR1,1
ETS1,GRPR,1
ETS1,PARP1,1
ETS1,TP53,1
ETV1,CAT,1
ETV4,ETS1,1
EZH2,ALDH1A1,1
EZH2,AXL,1
EZH2,BRCA1,1
EZH2,CCND1,1
EZH2,CDKN1A,1
EZH2,HDAC1,1
EZH2,MST1,1
EZH2,MYC,1
EZH2,PCNA,1
EZH2,POLR3D,1
EZH2,SFRP1,1
EZH2,TP53,1
FHL2,CCND1,1
FHL2,CDKN1A,1
FOSL1,EZH2,1
FOSL2,BRCA1,1
FOSL2,FOSL1,1
FOXA1,APOB,1
FOXA1,BRCA1,1
FOXA1,CFTR,1
FOXA1,MYC,1
FOXA1,TFF1,1
FOXA2,APOA1,1
FOXA2,CFTR,1
FOXA2,NR5A2,1
FOXA2,PAX6,1
FOXA2,TFF1,1
FOXM1,BRIP1,1
FOXM1,BTG2,1
FOXM1,CCNB1,1
FOXM1,CDC6,1
FOXM1,FGB,1
FOXM1,MYC,1
FOXO1,CXCR4,1
FOXO1,EGR1,1
FOXO1,PDGFA,1
FUBP1,CDKN1A,1
FUBP1,MYC,1
GATA4,NPPB,1
GATA6,APOA1,1
GATA6,DAB2,1
GLI1,JUN,1
GLI1,PDGFRA,1
GLI1,SFRP1,1
GLI2,FOXA2,1
GLI2,JUN,1
GLI2,PDGFRA,1
GTF2I,SIRT1,1
HCFC1,E2F4,1
HDAC1,APOC3,1
HDAC1,BIRC5,1
HDAC1,BRCA2,1
HDAC1,CCND1,1
HDAC1,CDKN1A,1
HDAC1,DNMT1,1
HDAC1,EGFR,1
HDAC1,EGR1,1
HDAC1,PCNA,1
HDAC1,POU5F1,1
HDAC1,PSIP1,1
HDAC1,SFRP1,1
HDAC1,SPP1,1
HDAC1,TFF1,1
HDAC1,TP53,1
HDAC2,CCL2,1
HDAC2,CDKN1A,1
HDAC2,DNMT1,1
HDAC2,MYC,1
HDAC2,MYCN,1
HIF3A,EPAS1,1
HIPK2,CDKN1A,1
HIPK2,MEF2C,1
HIPK2,TP53,1
HMGA1,BRCA1,1
HMGA1,TP53,1
HMGN1,PCNA,1
HMGN1,TFF1,1
HNF4A,ACAT2,1
HNF4A,AFP,1
HNF4A,APOA1,1
HNF4A,APOA2,1
HNF4A,APOB,1
HNF4A,APOC3,1
HNF4A,CDKN1A,1
HNF4A,MTTP,1
HNF4A,MYC,1
HNF4A,PPARA,1
ID3,TCF3,1
ILF2,ILF3,1
ILF3,BIRC5,1
ING1,AFP,1
ING1,CDKN1A,1
ING1,PCNA,1
ING1,TP53,1
IRF1,CCNB1,1
IRF1,CDK1,1
IRF1,CDK4,1
IRF1,CDKN1A,1
IRF1,PSMB10,1
IRF1,TP53,1
IRF1,TRIM22,1
IRF3,CCL2,1
IRF9,CDKN1A,1
IRF9,SP100,1
JUN,APOC3,1
JUN,ATF3,1
JUN,BRCA1,1
JUN,CA2,1
JUN,CCL2,1
JUN,CCND1,1
JUN,CDKN1A,1
JUN,DDIT3,1
JUN,EGFR,1
JUN,ETS1,1
JUN,EZH2,1
JUN,F3,1
JUN,FOSL1,1
JUN,LGALS3,1
JUN,MYC,1
JUN,POLD2,1
JUN,PPARA,1
JUN,RARG,1
JUN,STMN1,1
JUN,TFF1,1
JUN,TP53,1
JUND,CCND1,1
JUND,CDKN1A,1
JUND,F3,1
JUND,FOSL1,1
JUND,SOX4,1
KDM4C,JAG1,1
KLF5,BIRC5,1
KLF5,CCNB1,1
KLF5,CCND1,1
KLF5,CXCR4,1
KLF5,FOXO1,1
KLF6,ATF3,1
KLF6,CCND1,1
KLF6,CDKN1A,1
KLF6,IGF1R,1
KLF6,LAMA1,1
KLF6,PMAIP1,1
KLF6,PTTG1,1
LIN28A,CCND1,1
MEF2C,JUN,1
MYBL2,CCND1,1
MYBL2,MYC,1
MYC,ATF3,1
MYC,CCNB1,1
MYC,CCND1,1
MYC,CDK4,1
MYC,CDKN1A,1
MYC,CEBPA,1
MYC,CHEK1,1
MYC,CHEK2,1
MYC,CXCR4,1
MYC,EBNA1BP2,1
MYC,FOXM1,1
MYC,GATA4,1
MYC,HDAC2,1
MYC,ID2,1
MYC,MAPK1,1
MYC,MST1,1
MYC,PCNA,1
MYC,PMAIP1,1
MYC,SFRP1,1
MYC,SRSF1,1
MYC,SURF2,1
MYC,TFRC,1
MYC,TP53,1
MYC,UBE2C,1
MYCN,BIRC5,1
MYCN,CDKN1A,1
MYCN,GRHL1,1
MYCN,HDAC2,1
MYCN,HMGA1,1
MYCN,ID2,1
MYCN,MCM2,1
MYCN,MCM3,1
MYCN,MCM4,1
MYCN,MCM5,1
MYCN,MCM6,1
MYCN,MCM7,1
MYCN,MCM8,1
MYCN,MYBL2,1
MYCN,TP53,1
NANOG,AFP,1
NANOG,CCND1,1
NANOG,CDX2,1
NANOG,GATA4,1
NANOG,GATA6,1
NANOG,L1TD1,1
NANOG,LAMB1,1
NANOG,MTF2,1
NANOG,NODAL,1
NANOG,POU5F1,1
NCOA1,CDKN1A,1
NFIB,CDKN1A,1
NFIB,WFDC2,1
NOTCH3,ASPH,1
NPM1,CCND1,1
NPM1,CDKN1A,1
NPM1,DNMT1,1
NPM1,TAF1A,1
NPM1,USP7,1
NR2F2,POU5F1,1
NR2F2,PPARA,1
NR2F6,APOA2,1
NR2F6,APOB,1
NR2F6,APOC3,1
NR3C1,ATP1B1,1
NR3C1,BRCA1,1
NR3C1,CCND1,1
NR3C1,CDK4,1
NR3C1,CDKN1A,1
NR3C1,ETS1,1
NR3C1,SPP1,1
NR3C1,SRF,1
NR3C1,TP53,1
NUPR1,CDKN1A,1
NUPR1,TP53,1
OTX2,AURKA,1
OTX2,HESX1,1
OTX2,PAX6,1
PARP1,BRCA2,1
PARP1,CDKN1A,1
PARP1,FN1,1
PARP1,FOXO1,1
PARP1,JUN,1
PARP1,SERPINF1,1
PBX1,NANOG,1
PHB2,BTG2,1
PIAS2,MYCN,1
PITX1,JUN,1
POU2F1,CCND1,1
POU2F1,CDX2,1
POU2F1,LGALS4,1
POU2F1,MAD2L1,1
POU2F1,RRM2B,1
POU2F1,SNAPC1,1
POU2F1,SPP1,1
POU2F1,TK1,1
POU5F1,CDKN1A,1
POU5F1,CDX2,1
POU5F1,DDC,1
POU5F1,EOMES,1
POU5F1,GATA6,1
POU5F1,ID2,1
POU5F1,L1TD1,1
POU5F1,LEFTY1,1
POU5F1,NANOG,1
POU5F1,SOX2,1
POU5F1,SPP1,1
POU5F1,TDGF1,1
POU5F1,THY1,1
POU5F1,ZFP42,1
PPARA,APOA4,1
PPARA,APOB,1
PPARA,APOC3,1
PPARA,PLIN2,1
PPARA,SLC25A20,1
PPARA,TUBA1B,1
PRDM1,MYC,1
PRDM1,PCNA,1
PRDM14,POU5F1,1
PREB,CCL2,1
PTMA,CDKN1A,1
PTTG1,CCNB1,1
PTTG1,CDK1,1
PTTG1,ID3,1
PTTG1,LGALS1,1
PTTG1,MYC,1
RBMX,EGR1,1
RBMX,FOSL1,1
RBMX,JUND,1
REST,LIN28A,1
RFX5,HDAC2,1
RUVBL1,TP53,1
SALL3,DNMT3A,1
SALL4,POU5F1,1
SIRT1,BCL11A,1
SIRT1,CCND1,1
SIRT1,CDKN1A,1
SIRT1,EZH2,1
SIRT1,LIN28A,1
SIRT1,MYC,1
SIRT1,PAX6,1
SIRT1,TBX3,1
SIRT1,TP53,1
SIRT2,AFP,1
SIRT2,CDKN1A,1
SMAD2,AHR,1
SMAD2,CDKN1A,1
SMAD2,GLI1,1
SMAD3,AHR,1
SMAD3,APOC3,1
SMAD3,CDKN1A,1
SMAD3,FOXA2,1
SMAD3,GLI2,1
SMAD3,JUN,1
SMAD3,MXD1,1
SMAD3,MYC,1
SMAD3,ZFP36,1
SMARCA4,CCND1,1
SMARCA4,CDKN1A,1
SOX2,ASXL1,1
SOX2,CCND1,1
SOX2,L1TD1,1
SOX2,PAX6,1
SP100,ETS1,1
SP4,BIRC5,1
SP4,CCND1,1
SRF,CFTR,1
SRF,CREB1,1
SRF,FHL2,1
SRF,FOSL1,1
SRF,HMGXB4,1
SRF,LMO7,1
SRF,PLG,1
SRF,TAGLN,1
SRSF1,MYC,1
SSB,LAMB1,1
STAT2,CCL2,1
STAT2,IRF1,1
STAT2,RCAN1,1
TAF5,CDKN1A,1
TBL1X,MYC,1
TBX3,CDKN1A,1
TCF3,CDKN1A,1
TCF3,MYC,1
TCF3,POU5F1,1
TCF4,BIRC5,1
TCF4,CCND1,1
TCF4,JUN,1
TCF4,MYC,1
TCF4,VCAN,1
TFAP2C,CDKN1A,1
TFAP2C,CRABP2,1
TFDP1,CDK1,1
TFDP1,MYBL2,1
TFDP1,NRIP1,1
TFDP1,PCNA,1
TFDP1,RRM1,1
TFDP1,TP53,1
TFDP1,TYMS,1
TNFAIP3,JUN,1
TP53,AFP,1
TP53,ANKRD1,1
TP53,ATF3,1
TP53,BIRC5,1
TP53,BRCA1,1
TP53,BRCA2,1
TP53,BTG2,1
TP53,CCNB1,1
TP53,CCNB2,1
TP53,CCND1,1
TP53,CDK1,1
TP53,CDK4,1
TP53,CDKN1A,1
TP53,CHEK1,1
TP53,CHEK2,1
TP53,CYFIP2,1
TP53,DDB2,1
TP53,DNMT1,1
TP53,E2F3,1
TP53,E2F7,1
TP53,EGFR,1
TP53,EGR1,1
TP53,EZH2,1
TP53,FOXM1,1
TP53,GLI2,1
TP53,HIPK2,1
TP53,HNF4A,1
TP53,ID2,1
TP53,IGF1R,1
TP53,ING1,1
TP53,MCM7,1
TP53,MYC,1
TP53,NME1,1
TP53,PIAS3,1
TP53,PLK1,1
TP53,PMAIP1,1
TP53,PRC1,1
TP53,PTTG1,1
TP53,RRM2B,1
TP53,SLC2A1,1
TP53,SMAD3,1
TP53,TRIM22,1
TP53,TYMS,1
TP53,UHRF1,1
TP53,VCAN,1
TRIM28,E2F3,1
TRIM28,E2F4,1
UHRF1,TOP2A,1
WDR5,MYC,1
XBP1,CCL2,1
XBP1,DDIT3,1
XBP1,NPPB,1
XRCC5,ETS1,1
YBX1,AGT,1
YBX1,ANAPC4,1
YBX1,CCNB1,1
YBX1,CDC20,1
YBX1,CDKN3,1
YBX1,CKS2,1
YBX1,CXCR4,1
YBX1,EGFR,1
YBX1,KPNA2,1
YBX1,MYCN,1
YBX1,RBBP8,1
YBX1,TOP2A,1
YBX1,TYMS,1
YEATS4,TP53,1
ZBTB16,CEBPA,1
ZBTB16,CXCR4,1
ZBTB16,ID2,1
ZFHX3,AFP,1
ZFHX3,CDKN1A,1
ZIC2,TCF4,1
ZNF143,BUB1B,1
ZNF143,ESCO2,1
ZNF300,CDKN1A,1
ZNF300,MYC,1
AATF,CHEK1,1
AATF,CHEK2,1
AATF,MPHOSPH6,1
AATF,PAWR,1
AEBP1,TCF3,1
AEBP2,EED,1
AEBP2,RBBP4,1
AES,GTF2E1,1
AES,POU2F1,1
AES,PRDM1,1
AHR,AAAS,1
AHR,ACTN1,1
AHR,ADAM9,1
AHR,APEH,1
AHR,ATF3,1
AHR,ATG3,1
AHR,BCL11A,1
AHR,BCL11B,1
AHR,C1GALT1,1
AHR,CAMK2D,1
AHR,CBX3,1
AHR,CD320,1
AHR,CDCA7L,1
AHR,CKS1B,1
AHR,CNBP,1
AHR,CREB1,1
AHR,CTDSPL,1
AHR,DDAH1,1
AHR,DHRS3,1
AHR,EFNA5,1
AHR,EGR1,1
AHR,EHMT2,1
AHR,EIF2B3,1
AHR,ERAL1,1
AHR,ESCO2,1
AHR,ETV4,1
AHR,EWSR1,1
AHR,EZH2,1
AHR,FGFR1,1
AHR,FOXA2,1
AHR,FOXO1,1
AHR,FOXP1,1
AHR,G6PC3,1
AHR,GPC3,1
AHR,GSN,1
AHR,GTF2F2,1
AHR,HERPUD1,1
AHR,HIST1H2BC,1
AHR,HMGA1,1
AHR,HMGN2,1
AHR,HNRNPUL1,1
AHR,IMMP1L,1
AHR,IQGAP2,1
AHR,IRF1,1
AHR,ISG15,1
AHR,JAG1,1
AHR,LAMC1,1
AHR,MAEA,1
AHR,MATR3,1
AHR,MED30,1
AHR,MOV10,1
AHR,MRPL49,1
AHR,MTF2,1
AHR,MYO9A,1
AHR,NCOA1,1
AHR,NME2,1
AHR,NR2F2,1
AHR,NR3C1,1
AHR,NRIP1,1
AHR,NSD1,1
AHR,OTX2,1
AHR,PDGFA,1
AHR,PIAS2,1
AHR,PIM2,1
AHR,POLR1D,1
AHR,PPARA,1
AHR,PRMT5,1
AHR,PSEN1,1
AHR,PTMA,1
AHR,RAD51,1
AHR,RARG,1
AHR,RBBP7,1
AHR,SIAE,1
AHR,SLC25A11,1
AHR,SLC25A37,1
AHR,SLC7A3,1
AHR,SMAD5,1
AHR,SMARCA4,1
AHR,SMC6,1
AHR,SOX2,1
AHR,SP4,1
AHR,SRSF6,1
AHR,SSBP3,1
AHR,TAF7,1
AHR,TBL1X,1
AHR,THAP1,1
AHR,TMEM126B,1
AHR,TNNI3,1
AHR,TPGS2,1
AHR,TRIM27,1
AHR,UCK2,1
AHR,USP1,1
AHR,XPO6,1
AHR,XRCC6,1
AHR,YARS,1
AHR,ZFHX3,1
AHR,ZIC2,1
AHR,ZNHIT3,1
APEX1,FEN1,1
APEX1,HDAC1,1
APEX1,HMGB2,1
APEX1,NME1,1
APEX1,PCNA,1
APEX1,POLB,1
APEX1,TP53,1
APEX1,XRCC6,1
ASCC3,SKIL,1
ATF3,ATP5G1,1
ATF3,B4GALT3,1
ATF3,CENPE,1
ATF3,CRABP2,1
ATF3,ELL2,1
ATF3,ELOVL5,1
ATF3,FAM49B,1
ATF3,FN1,1
ATF3,FOSB,1
ATF3,GATA4,1
ATF3,GPM6B,1
ATF3,HCFC1,1
ATF3,ICA1,1
ATF3,IDI1,1
ATF3,JUN,1
ATF3,JUND,1
ATF3,KAT7,1
ATF3,LGALS4,1
ATF3,LHX1,1
ATF3,LRRC40,1
ATF3,MAFF,1
ATF3,MRRF,1
ATF3,MXD1,1
ATF3,MYBL2,1
ATF3,NEDD1,1
ATF3,NR3C1,1
ATF3,NUF2,1
ATF3,PAX6,1
ATF3,PEG3,1
ATF3,POLE4,1
ATF3,PRKCE,1
ATF3,RAD51C,1
ATF3,RIOK1,1
ATF3,SIRT2,1
ATF3,SKIL,1
ATF3,SLC39A5,1
ATF3,SLC7A3,1
ATF3,SMAD3,1
ATF3,SRSF1,1
ATF3,SSBP3,1
ATF3,SURF2,1
ATF3,TGIF2,1
ATF3,TMEM147,1
ATF3,UCK2,1
ATF3,ZFHX3,1
ATF3,ZWILCH,1
BCL11A,NR2F2,1
BCL11B,NR2F2,1
BCOR,HDAC1,1
BCOR,HDAC6,1
BCOR,USP7,1
BIN1,RIN2,1
BPTF,ACADVL,1
BPTF,BTG1,1
BPTF,CCDC82,1
BPTF,CDCA3,1
BPTF,CDH2,1
BPTF,CDK5RAP2,1
BPTF,COPS5,1
BPTF,CRBN,1
BPTF,CREB3L3,1
BPTF,CUEDC2,1
BPTF,DAB2,1
BPTF,ETV1,1
BPTF,FGFR1,1
BPTF,HIST1H1E,1
BPTF,KEAP1,1
BPTF,MAZ,1
BPTF,MEF2C,1
BPTF,NNAT,1
BPTF,NR2F2,1
BPTF,PIM2,1
BPTF,RRM1,1
BPTF,SERTAD3,1
BPTF,SORBS2,1
BPTF,SP4,1
BPTF,SYTL2,1
BPTF,TGIF1,1
BPTF,ZFP36,1
BRCA1,AKR1B1,1
BRCA1,AURKA,1
BRCA1,BRIP1,1
BRCA1,CDK1,1
BRCA1,CDK4,1
BRCA1,CHEK2,1
BRCA1,CTBP1,1
BRCA1,DCLRE1C,1
BRCA1,E2F4,1
BRCA1,ETS1,1
BRCA1,FANCA,1
BRCA1,FANCD2,1
BRCA1,FHL2,1
BRCA1,HDAC1,1
BRCA1,HDAC2,1
BRCA1,JUN,1
BRCA1,JUND,1
BRCA1,KPNA2,1
BRCA1,MED21,1
BRCA1,MLH1,1
BRCA1,PCNA,1
BRCA1,POLR2K,1
BRCA1,POU2F1,1
BRCA1,RAD51,1
BRCA1,RBBP4,1
BRCA1,RBBP7,1
BRCA1,RBBP8,1
BRCA1,RFC1,1
BRCA1,SMAD2,1
BRCA1,SMAD3,1
BRCA1,SMARCA4,1
BRCA1,TOP2A,1
BRCA1,TP53,1
BRCA2,BRCA1,1
BRCA2,BUB1B,1
BRCA2,CDK1,1
BRCA2,FANCD2,1
BRCA2,PLK1,1
BRCA2,SMAD3,1
BRCA2,TP53,1
BRIP1,BRCA1,1
BTF3,MED21,1
BTF3,POLR2B,1
BTG1,CNOT7,1
BTG1,THRB,1
BTG2,CNOT7,1
CBX3,DSN1,1
CBX3,HIST1H1E,1
CBX3,SP100,1
CBX3,TRIM28,1
CDX2,MAPK1,1
CDX2,PAX6,1
CEBPA,AAMP,1
CEBPA,ACADVL,1
CEBPA,ACSL5,1
CEBPA,AEBP1,1
CEBPA,AGT,1
CEBPA,APEH,1
CEBPA,APOA1,1
CEBPA,APOB,1
CEBPA,ASXL1,1
CEBPA,ATF3,1
CEBPA,ATP5G1,1
CEBPA,BCL11B,1
CEBPA,BRMS1,1
CEBPA,CCNB1,1
CEBPA,CCND1,1
CEBPA,CCS,1
CEBPA,CDK4,1
CEBPA,CDKN1A,1
CEBPA,CDKN3,1
CEBPA,CEBPD,1
CEBPA,CFTR,1
CEBPA,COMMD3,1
CEBPA,CREB1,1
CEBPA,CUEDC2,1
CEBPA,DDIT3,1
CEBPA,E2F3,1
CEBPA,E2F4,1
CEBPA,F3,1
CEBPA,FAM46A,1
CEBPA,FANCB,1
CEBPA,FBXO22,1
CEBPA,FGA,1
CEBPA,FOSL1,1
CEBPA,FOXP1,1
CEBPA,GATA4,1
CEBPA,GLIS3,1
CEBPA,GPC3,1
CEBPA,HAUS2,1
CEBPA,HMGCS2,1
CEBPA,HMGN2,1
CEBPA,HMGN3,1
CEBPA,HNF4A,1
CEBPA,HP,1
CEBPA,HPX,1
CEBPA,ID2,1
CEBPA,ID3,1
CEBPA,IFRD2,1
CEBPA,IQGAP2,1
CEBPA,IVNS1ABP,1
CEBPA,KAT7,1
CEBPA,LAMC1,1
CEBPA,LIG1,1
CEBPA,MAF,1
CEBPA,MDK,1
CEBPA,MRPS27,1
CEBPA,MRRF,1
CEBPA,NCOA6,1
CEBPA,NFYB,1
CEBPA,NIP7,1
CEBPA,NOSIP,1
CEBPA,NR1H3,1
CEBPA,NR2F2,1
CEBPA,NR3C1,1
CEBPA,NREP,1
CEBPA,NRIP1,1
CEBPA,NUPR1,1
CEBPA,ORC4,1
CEBPA,ORC5,1
CEBPA,PAX6,1
CEBPA,PCNA,1
CEBPA,PDGFA,1
CEBPA,PDGFRA,1
CEBPA,PIM2,1
CEBPA,PISD,1
CEBPA,PITX1,1
CEBPA,POLR2D,1
CEBPA,PPAPDC1B,1
CEBPA,PREB,1
CEBPA,PROSER1,1
CEBPA,PSAT1,1
CEBPA,PTPN12,1
CEBPA,RFC1,1
CEBPA,RUNX1T1,1
CEBPA,SEC14L2,1
CEBPA,SLC25A11,1
CEBPA,SLC39A10,1
CEBPA,SORBS2,1
CEBPA,STC1,1
CEBPA,TCF4,1
CEBPA,TF,1
CEBPA,TFDP2,1
CEBPA,TFE3,1
CEBPA,TK1,1
CEBPA,TMEM237,1
CEBPA,TOP2A,1
CEBPA,TP53,1
CEBPA,UCKL1,1
CEBPA,UHRF1,1
CEBPA,USP45,1
CEBPA,VTN,1
CEBPD,CCND1,1
CEBPD,CEBPA,1
CEBPD,CFTR,1
CEBPD,F3,1
CEBPD,HPX,1
CEBPD,TF,1
CEBPZ,NFYB,1
CEBPZ,TP53,1
CHAF1A,ASF1A,1
CHAF1A,BLM,1
CHAF1A,DBF4,1
CHAF1A,PCNA,1
CHAF1A,TCERG1,1
CHAF1A,TRIM28,1
CNOT7,BTG1,1
CNOT7,BTG2,1
CNOT7,CDK1,1
CNOT7,CDK4,1
COPS2,COPS3,1
COPS2,COPS5,1
COPS2,COPS7A,1
COPS2,NIF3L1,1
COPS2,THRB,1
COPS2,TP53,1
COPS5,COPS2,1
COPS5,COPS3,1
COPS5,COPS7A,1
COPS5,F2RL1,1
COPS5,HNF4A,1
COPS5,JUN,1
COPS5,JUND,1
COPS5,NCOA1,1
COPS5,SMAD2,1
COPS5,TP53,1
COPS5,UCHL1,1
CREB1,ABCE1,1
CREB1,ACY1,1
CREB1,AIMP2,1
CREB1,AMHR2,1
CREB1,APEX1,1
CREB1,ARL6IP6,1
CREB1,ATF3,1
CREB1,ATG5,1
CREB1,ATP5G1,1
CREB1,B4GALT3,1
CREB1,BIN1,1
CREB1,BRCA1,1
CREB1,BTG2,1
CREB1,C11ORF1,1
CREB1,CAMK2D,1
CREB1,CAPRIN1,1
CREB1,CCND1,1
CREB1,CFTR,1
CREB1,CHEK1,1
CREB1,CNOT7,1
CREB1,CREB3L2,1
CREB1,CRELD1,1
CREB1,DDX5,1
CREB1,DGAT1,1
CREB1,DHRS3,1
CREB1,DRAP1,1
CREB1,EGR1,1
CREB1,ELAVL2,1
CREB1,EMC2,1
CREB1,EPS8L2,1
CREB1,ESYT1,1
CREB1,F3,1
CREB1,FN1,1
CREB1,FOSB,1
CREB1,GATA4,1
CREB1,GLI2,1
CREB1,GOT1,1
CREB1,GPM6B,1
CREB1,GPN1,1
CREB1,GTF2F2,1
CREB1,HCFC1,1
CREB1,HMBS,1
CREB1,HMGN1,1
CREB1,HNRNPH3,1
CREB1,HSD17B7,1
CREB1,ID2,1
CREB1,ID3,1
CREB1,IFNGR1,1
CREB1,IRF1,1
CREB1,IVNS1ABP,1
CREB1,JARID2,1
CREB1,KAT7,1
CREB1,KLF5,1
CREB1,LAMB1,1
CREB1,LAMC1,1
CREB1,LCMT1,1
CREB1,LHX1,1
CREB1,MAF,1
CREB1,MAFF,1
CREB1,MAP1B,1
CREB1,MCM2,1
CREB1,MED14,1
CREB1,MED21,1
CREB1,MEF2C,1
CREB1,MLF1,1
CREB1,NHEJ1,1
CREB1,NR3C1,1
CREB1,NSD1,1
CREB1,NTHL1,1
CREB1,PAK1IP1,1
CREB1,PAPOLA,1
CREB1,PAX6,1
CREB1,PCID2,1
CREB1,PEF1,1
CREB1,PITX2,1
CREB1,POLB,1
CREB1,PPARA,1
CREB1,PRKCE,1
CREB1,PTMA,1
CREB1,PTP4A1,1
CREB1,PWP1,1
CREB1,RBBP8,1
CREB1,RCAN1,1
CREB1,RNF19A,1
CREB1,SEC11C,1
CREB1,SGK1,1
CREB1,SHKBP1,1
CREB1,SKIL,1
CREB1,SMARCA4,1
CREB1,SMARCA5,1
CREB1,SP4,1
CREB1,SPAG9,1
CREB1,SRF,1
CREB1,SRM,1
CREB1,SRSF1,1
CREB1,SSBP3,1
CREB1,SULF2,1
CREB1,SUV39H2,1
CREB1,TF,1
CREB1,TFRC,1
CREB1,TGIF2,1
CREB1,THRAP3,1
CREB1,TMEM97,1
CREB1,UCHL5,1
CREB1,UMPS,1
CREB1,UROD,1
CREB1,USP39,1
CREB1,USP44,1
CREB1,VEZF1,1
CREB1,YWHAH,1
CREB1,ZBTB16,1
CREB1,ZNF644,1
CREB1,ZNRD1,1
CREB3L3,USP7,1
CSDE1,HNRNPD,1
CSRP2,EEF1A1,1
CTBP1,FOXP1,1
CTBP1,HDAC1,1
CTBP1,HDAC2,1
CTBP1,NRIP1,1
CTBP1,RBBP8,1
CTBP1,RBPJ,1
CTBP1,TCF7L1,1
CTBP1,TGIF1,1
DAB2,CDK1,1
DAB2,ITGB5,1
DAB2,SMAD2,1
DAB2,SMAD3,1
DAXX,DNMT1,1
DAXX,ETS1,1
DAXX,HDAC1,1
DAXX,HDAC2,1
DAXX,HIPK2,1
DAXX,MCRS1,1
DAXX,TP53,1
DAXX,USP7,1
DDB2,HDAC1,1
DDIT3,APEH,1
DDIT3,ASXL1,1
DDIT3,ATF3,1
DDIT3,ATP5G1,1
DDIT3,BCL11B,1
DDIT3,CCS,1
DDIT3,E2F4,1
DDIT3,FANCB,1
DDIT3,FOXP1,1
DDIT3,HMGN3,1
DDIT3,HSD17B14,1
DDIT3,ID2,1
DDIT3,ID3,1
DDIT3,IQGAP2,1
DDIT3,JUN,1
DDIT3,JUND,1
DDIT3,LAMC1,1
DDIT3,MRPS27,1
DDIT3,NIP7,1
DDIT3,PDGFA,1
DDIT3,PROSER1,1
DDIT3,RUNX1T1,1
DDIT3,UCKL1,1
DDIT3,VTN,1
DDIT3,XBP1,1
DDX20,GEMIN2,1
DDX20,HDAC2,1
DDX20,SNRPB,1
DDX20,SNRPD1,1
DDX54,NR3C1,1
DDX5,FBL,1
DDX5,NCOA1,1
DDX5,SMAD3,1
DDX5,TP53,1
DEK,SRRM1,1
DNAJC2,HSPA14,1
DNMT1,DAXX,1
DNMT1,DNMT3A,1
DNMT1,DNMT3B,1
DNMT1,EED,1
DNMT1,EZH2,1
DNMT1,HDAC2,1
DNMT1,PCNA,1
DNMT1,TRIM27,1
DNMT3A,DNMT1,1
DNMT3A,DNMT3B,1
DNMT3A,EED,1
DNMT3A,EZH2,1
DNMT3A,HDAC1,1
DNMT3A,MYC,1
DR1,DRAP1,1
DRAP1,DR1,1
DRAP1,FOXH1,1
DRAP1,NFYB,1
DRAP1,TAF9B,1
DRAP1,TK1,1
DRAP1,TTF2,1
E2F3,ARL6IP6,1
E2F3,CA2,1
E2F3,CAPRIN1,1
E2F3,CASP8AP2,1
E2F3,CBX3,1
E2F3,CDH2,1
E2F3,CNBP,1
E2F3,CNOT10,1
E2F3,CREG1,1
E2F3,CSDE1,1
E2F3,CSRP2,1
E2F3,CTDSPL,1
E2F3,DAXX,1
E2F3,DCTPP1,1
E2F3,DEK,1
E2F3,DHRS3,1
E2F3,DNMT1,1
E2F3,ESYT1,1
E2F3,ETS1,1
E2F3,FAM64A,1
E2F3,GGPS1,1
E2F3,GLI2,1
E2F3,GLUD1,1
E2F3,GMNN,1
E2F3,GTF3C2,1
E2F3,HAT1,1
E2F3,HCFC1,1
E2F3,HIST1H2BC,1
E2F3,HMGA1,1
E2F3,HMGB2,1
E2F3,HNRNPD,1
E2F3,HNRNPUL1,1
E2F3,IGF1R,1
E2F3,MCM3,1
E2F3,MCM4,1
E2F3,MCM5,1
E2F3,MCM6,1
E2F3,MCM7,1
E2F3,MELK,1
E2F3,METTL3,1
E2F3,MRPL49,1
E2F3,MRTO4,1
E2F3,MYBL2,1
E2F3,MYCN,1
E2F3,NAA50,1
E2F3,ORC2,1
E2F3,OTX2,1
E2F3,PAX6,1
E2F3,PCNA,1
E2F3,PDGFA,1
E2F3,PEG3,1
E2F3,PHC1,1
E2F3,PHF5A,1
E2F3,POLD2,1
E2F3,POLD3,1
E2F3,PPP1R7,1
E2F3,PRKCE,1
E2F3,PRPS2,1
E2F3,PTMA,1
E2F3,PTPRZ1,1
E2F3,RAD51,1
E2F3,SLC25A20,1
E2F3,SMARCE1,1
E2F3,SMC4,1
E2F3,SOX4,1
E2F3,SRRM1,1
E2F3,SRSF1,1
E2F3,SRSF2,1
E2F3,SSBP3,1
E2F3,STMN1,1
E2F3,TADA3,1
E2F3,TAF7,1
E2F3,TCF4,1
E2F3,TFDP1,1
E2F3,TFDP2,1
E2F3,THAP4,1
E2F3,TMEM60,1
E2F3,UHRF1,1
E2F3,USP44,1
E2F3,XRCC6,1
E2F3,ZNF644,1
E2F4,ANLN,1
E2F4,ARL6IP6,1
E2F4,BCL11A,1
E2F4,CA2,1
E2F4,CAPRIN1,1
E2F4,CASP8AP2,1
E2F4,CBX3,1
E2F4,CDC6,1
E2F4,CDH2,1
E2F4,CDK1,1
E2F4,CENPE,1
E2F4,CHEK1,1
E2F4,CKS1B,1
E2F4,CKS2,1
E2F4,CNBP,1
E2F4,CNOT10,1
E2F4,CREG1,1
E2F4,CSDE1,1
E2F4,CSRP2,1
E2F4,CTDSPL,1
E2F4,CUTC,1
E2F4,DAXX,1
E2F4,DBF4,1
E2F4,DCTPP1,1
E2F4,DEK,1
E2F4,DHRS3,1
E2F4,DNMT1,1
E2F4,DPP4,1
E2F4,DUT,1
E2F4,E2F3,1
E2F4,ESYT1,1
E2F4,ETS1,1
E2F4,EXOSC9,1
E2F4,F3,1
E2F4,FAM64A,1
E2F4,FEN1,1
E2F4,GGPS1,1
E2F4,GLI2,1
E2F4,GLUD1,1
E2F4,GMNN,1
E2F4,GTF3C2,1
E2F4,HAT1,1
E2F4,HIST1H2BC,1
E2F4,HMGA1,1
E2F4,HMGB2,1
E2F4,HMGB3,1
E2F4,HMGN2,1
E2F4,HMMR,1
E2F4,HNF4A,1
E2F4,HNRNPD,1
E2F4,HNRNPUL1,1
E2F4,ID3,1
E2F4,IGF1R,1
E2F4,ITGB3BP,1
E2F4,JUN,1
E2F4,KHDRBS1,1
E2F4,KIF22,1
E2F4,LGALS1,1
E2F4,MAD2L1,1
E2F4,MCM3,1
E2F4,MCM4,1
E2F4,MCM5,1
E2F4,MCM6,1
E2F4,MCM7,1
E2F4,MCM8,1
E2F4,MED21,1
E2F4,MELK,1
E2F4,METTL3,1
E2F4,MLH1,1
E2F4,MRPL49,1
E2F4,MRTO4,1
E2F4,MSH2,1
E2F4,MTHFD1,1
E2F4,MYBL2,1
E2F4,MYCN,1
E2F4,NAA50,1
E2F4,NDC80,1
E2F4,NEK2,1
E2F4,ORC2,1
E2F4,OTX2,1
E2F4,PAX6,1
E2F4,PCNA,1
E2F4,PDGFA,1
E2F4,PEG3,1
E2F4,PHC1,1
E2F4,PHF5A,1
E2F4,PIM2,1
E2F4,POLD2,1
E2F4,POLD3,1
E2F4,POLE2,1
E2F4,POLR2D,1
E2F4,POLR2F,1
E2F4,POLR3D,1
E2F4,PPP1R7,1
E2F4,PRC1,1
E2F4,PRIM2,1
E2F4,PRKCE,1
E2F4,PRPS2,1
E2F4,PTMA,1
E2F4,PTPRZ1,1
E2F4,PTTG1,1
E2F4,RAD54L,1
E2F4,RFC2,1
E2F4,RFC4,1
E2F4,RRM1,1
E2F4,S100A6,1
E2F4,SH3BGR,1
E2F4,SLC25A20,1
E2F4,SLC25A4,1
E2F4,SMAD2,1
E2F4,SMAD3,1
E2F4,SMARCA4,1
E2F4,SMARCE1,1
E2F4,SMC2,1
E2F4,SMC4,1
E2F4,SOX4,1
E2F4,SRRM1,1
E2F4,SRSF1,1
E2F4,SRSF2,1
E2F4,SSBP3,1
E2F4,STMN1,1
E2F4,TADA3,1
E2F4,TAF7,1
E2F4,TCF4,1
E2F4,TEAD4,1
E2F4,TFAP2C,1
E2F4,TFDP1,1
E2F4,TFDP2,1
E2F4,TFRC,1
E2F4,THAP4,1
E2F4,TK1,1
E2F4,TMEM60,1
E2F4,TOP2A,1
E2F4,TP53,1
E2F4,TYMS,1
E2F4,UHRF1,1
E2F4,UMPS,1
E2F4,USP44,1
E2F4,XRCC6,1
E2F4,YWHAH,1
E2F4,ZNF644,1
E2F5,ARL6IP6,1
E2F5,CA2,1
E2F5,CAPRIN1,1
E2F5,CASP8AP2,1
E2F5,CBX3,1
E2F5,CDC6,1
E2F5,CDH2,1
E2F5,CNBP,1
E2F5,CNOT10,1
E2F5,CREG1,1
E2F5,CSDE1,1
E2F5,CSRP2,1
E2F5,CTDSPL,1
E2F5,DAXX,1
E2F5,DCTPP1,1
E2F5,DEK,1
E2F5,DHRS3,1
E2F5,DNMT1,1
E2F5,E2F3,1
E2F5,ESYT1,1
E2F5,ETS1,1
E2F5,FAM64A,1
E2F5,GGPS1,1
E2F5,GLI2,1
E2F5,GLUD1,1
E2F5,GMNN,1
E2F5,GTF3C2,1
E2F5,HAT1,1
E2F5,HCFC1,1
E2F5,HIST1H2BC,1
E2F5,HMGA1,1
E2F5,HMGB2,1
E2F5,HNRNPD,1
E2F5,HNRNPUL1,1
E2F5,IGF1R,1
E2F5,MCM3,1
E2F5,MCM4,1
E2F5,MCM5,1
E2F5,MCM6,1
E2F5,MCM7,1
E2F5,MELK,1
E2F5,METTL3,1
E2F5,MRPL49,1
E2F5,MRTO4,1
E2F5,MYBL2,1
E2F5,MYCN,1
E2F5,NAA50,1
E2F5,ORC2,1
E2F5,OTX2,1
E2F5,PAX6,1
E2F5,PCNA,1
E2F5,PDGFA,1
E2F5,PEG3,1
E2F5,PHC1,1
E2F5,PHF5A,1
E2F5,POLD2,1
E2F5,POLD3,1
E2F5,PPP1R7,1
E2F5,PRKCE,1
E2F5,PRPS2,1
E2F5,PTMA,1
E2F5,PTPRZ1,1
E2F5,RAD51,1
E2F5,SLC25A20,1
E2F5,SMAD2,1
E2F5,SMAD3,1
E2F5,SMARCE1,1
E2F5,SMC4,1
E2F5,SOX4,1
E2F5,SRRM1,1
E2F5,SRSF1,1
E2F5,SRSF2,1
E2F5,SSBP3,1
E2F5,STMN1,1
E2F5,TADA3,1
E2F5,TAF7,1
E2F5,TCF4,1
E2F5,TFDP1,1
E2F5,THAP4,1
E2F5,TMEM60,1
E2F5,UHRF1,1
E2F5,USP44,1
E2F5,XRCC6,1
E2F5,ZNF644,1
E2F7,ARL6IP6,1
E2F7,CA2,1
E2F7,CAPRIN1,1
E2F7,CASP8AP2,1
E2F7,CBX3,1
E2F7,CDC6,1
E2F7,CDH2,1
E2F7,CNBP,1
E2F7,CNOT10,1
E2F7,CREG1,1
E2F7,CSDE1,1
E2F7,CSRP2,1
E2F7,CTDSPL,1
E2F7,DAXX,1
E2F7,DCTPP1,1
E2F7,DEK,1
E2F7,DHRS3,1
E2F7,DNMT1,1
E2F7,E2F3,1
E2F7,ESYT1,1
E2F7,ETS1,1
E2F7,FAM64A,1
E2F7,GGPS1,1
E2F7,GLI2,1
E2F7,GLUD1,1
E2F7,GMNN,1
E2F7,GTF3C2,1
E2F7,HAT1,1
E2F7,HCFC1,1
E2F7,HIST1H2BC,1
E2F7,HMGA1,1
E2F7,HMGB2,1
E2F7,HNRNPD,1
E2F7,HNRNPUL1,1
E2F7,IGF1R,1
E2F7,MCM3,1
E2F7,MCM4,1
E2F7,MCM5,1
E2F7,MCM6,1
E2F7,MCM7,1
E2F7,MELK,1
E2F7,METTL3,1
E2F7,MRPL49,1
E2F7,MRTO4,1
E2F7,MYBL2,1
E2F7,MYCN,1
E2F7,NAA50,1
E2F7,ORC2,1
E2F7,OTX2,1
E2F7,PAX6,1
E2F7,PCNA,1
E2F7,PDGFA,1
E2F7,PEG3,1
E2F7,PHC1,1
E2F7,PHF5A,1
E2F7,POLD2,1
E2F7,POLD3,1
E2F7,PPP1R7,1
E2F7,PRKCE,1
E2F7,PRPS2,1
E2F7,PTMA,1
E2F7,PTPRZ1,1
E2F7,RAD51,1
E2F7,SLC25A20,1
E2F7,SMARCE1,1
E2F7,SMC4,1
E2F7,SOX4,1
E2F7,SRRM1,1
E2F7,SRSF1,1
E2F7,SRSF2,1
E2F7,SSBP3,1
E2F7,STMN1,1
E2F7,TADA3,1
E2F7,TAF7,1
E2F7,TCF4,1
E2F7,THAP4,1
E2F7,TMEM60,1
E2F7,UHRF1,1
E2F7,USP44,1
E2F7,XRCC6,1
E2F7,ZNF644,1
ECD,NR3C1,1
EED,AEBP2,1
EED,DNMT1,1
EED,DNMT3A,1
EED,DNMT3B,1
EED,EZH2,1
EED,HDAC1,1
EED,HDAC2,1
EEF1A1,BRMS1,1
EEF1A1,CKS2,1
EEF1A1,CSRP2,1
EEF1A1,MAD2L1BP,1
EEF1A1,PAFAH1B3,1
EEF1A1,PAPSS1,1
EEF1A1,PFN2,1
EEF1A1,POLE2,1
EEF1A1,RFC5,1
EEF1A1,SMAD2,1
EEF1A1,TGIF1,1
EEF1A1,TTR,1
EEF1A1,WARS,1
EEF1A1,XPO5,1
EEF1A1,ZBTB16,1
EGR1,AAMP,1
EGR1,ABCA5,1
EGR1,ACADVL,1
EGR1,ACSL5,1
EGR1,AEBP2,1
EGR1,AFF4,1
EGR1,AGTRAP,1
EGR1,ALG6,1
EGR1,ALPL,1
EGR1,AMZ2,1
EGR1,ANKRD1,1
EGR1,ANXA3,1
EGR1,APOA1,1
EGR1,APOC2,1
EGR1,ARID3B,1
EGR1,ARL2,1
EGR1,ARL6IP6,1
EGR1,ATG3,1
EGR1,B4GALT3,1
EGR1,BCKDK,1
EGR1,BCOR,1
EGR1,BLMH,1
EGR1,BPTF,1
EGR1,BTG2,1
EGR1,BZW2,1
EGR1,C21ORF59,1
EGR1,C6ORF203,1
EGR1,C9ORF72,1
EGR1,CAT,1
EGR1,CBX3,1
EGR1,CCDC82,1
EGR1,CD9,1
EGR1,CDK4,1
EGR1,CEBPA,1
EGR1,CENPN,1
EGR1,CENPW,1
EGR1,CEP70,1
EGR1,CHAF1A,1
EGR1,CHTF18,1
EGR1,CMC2,1
EGR1,CNBP,1
EGR1,CNN2,1
EGR1,CNOT10,1
EGR1,CNOT7,1
EGR1,COPS7A,1
EGR1,COPS7B,1
EGR1,CRABP2,1
EGR1,CREB1,1
EGR1,CREB3L2,1
EGR1,CTBP1,1
EGR1,CTDSPL,1
EGR1,CTSC,1
EGR1,DBF4,1
EGR1,DBNDD2,1
EGR1,DDAH1,1
EGR1,DDIT3,1
EGR1,DDX20,1
EGR1,DDX5,1
EGR1,DEDD,1
EGR1,DHCR7,1
EGR1,DKC1,1
EGR1,DLGAP5,1
EGR1,DNAH14,1
EGR1,DNAJC2,1
EGR1,DNMT3B,1
EGR1,DNPEP,1
EGR1,DOT1L,1
EGR1,DPCD,1
EGR1,DR1,1
EGR1,DRAP1,1
EGR1,E2F3,1
EGR1,EBNA1BP2,1
EGR1,ECI2,1
EGR1,EEF1A1,1
EGR1,EFTUD1,1
EGR1,EHMT1,1
EGR1,EHMT2,1
EGR1,EIF3J,1
EGR1,ELOF1,1
EGR1,ELP2,1
EGR1,ENO1,1
EGR1,EPAS1,1
EGR1,EPS8L2,1
EGR1,ESPL1,1
EGR1,ETV4,1
EGR1,EXOSC1,1
EGR1,EXTL2,1
EGR1,EZH2,1
EGR1,FAM46A,1
EGR1,FAM64A,1
EGR1,FANCA,1
EGR1,FANCB,1
EGR1,FANCI,1
EGR1,FOSB,1
EGR1,FOSL2,1
EGR1,FOXH1,1
EGR1,FOXM1,1
EGR1,G6PC3,1
EGR1,GABPB1,1
EGR1,GATAD2B,1
EGR1,GEMIN7,1
EGR1,GGCT,1
EGR1,GMEB1,1
EGR1,GNPNAT1,1
EGR1,GOT1,1
EGR1,GPRC5C,1
EGR1,GRHL1,1
EGR1,GSN,1
EGR1,GTF2I,1
EGR1,HCFC1,1
EGR1,HDAC6,1
EGR1,HDHD1,1
EGR1,HMGA1,1
EGR1,HMGCL,1
EGR1,HMGN1,1
EGR1,HMGN2,1
EGR1,HNRNPAB,1
EGR1,HNRNPD,1
EGR1,HNRNPUL1,1
EGR1,HPRT1,1
EGR1,HSDL2,1
EGR1,ICT1,1
EGR1,ID2,1
EGR1,IFITM1,1
EGR1,IFNGR1,1
EGR1,IGF1R,1
EGR1,IGF2BP3,1
EGR1,ILF3,1
EGR1,ING5,1
EGR1,ISY1,1
EGR1,ITGB3BP,1
EGR1,IVNS1ABP,1
EGR1,JARID2,1
EGR1,JMJD1C,1
EGR1,JUN,1
EGR1,JUND,1
EGR1,KAT7,1
EGR1,KDELR3,1
EGR1,KDM4C,1
EGR1,KEAP1,1
EGR1,KHDRBS1,1
EGR1,KIF22,1
EGR1,KLF3,1
EGR1,KLF6,1
EGR1,LCMT1,1
EGR1,LIFR,1
EGR1,LITAF,1
EGR1,MAFF,1
EGR1,MAPK1,1
EGR1,MATR3,1
EGR1,MAZ,1
EGR1,MCM8,1
EGR1,METAP1,1
EGR1,METTL10,1
EGR1,METTL21A,1
EGR1,METTL5,1
EGR1,MID1,1
EGR1,MIS18A,1
EGR1,MIS18BP1,1
EGR1,MLST8,1
EGR1,MOV10,1
EGR1,MPHOSPH6,1
EGR1,MRPL49,1
EGR1,MRPS2,1
EGR1,MRRF,1
EGR1,MSH2,1
EGR1,MTF2,1
EGR1,MTX2,1
EGR1,MYO10,1
EGR1,MYO9A,1
EGR1,NAA16,1
EGR1,NARS2,1
EGR1,NEDD4L,1
EGR1,NFATC2,1
EGR1,NFYB,1
EGR1,NME1,1
EGR1,NOL11,1
EGR1,NOSIP,1
EGR1,NR1H3,1
EGR1,NR3C1,1
EGR1,NRIP1,1
EGR1,NT5DC2,1
EGR1,NUCB2,1
EGR1,NUDT15,1
EGR1,NUP35,1
EGR1,ODF2L,1
EGR1,ORC4,1
EGR1,ORC5,1
EGR1,PAPOLA,1
EGR1,PAPSS1,1
EGR1,PARP1,1
EGR1,PCIF1,1
EGR1,PDCD11,1
EGR1,PDGFA,1
EGR1,PDLIM7,1
EGR1,PEMT,1
EGR1,PFN2,1
EGR1,PIK3R1,1
EGR1,PITX1,1
EGR1,PITX2,1
EGR1,PLAGL2,1
EGR1,PLCD1,1
EGR1,PMS1,1
EGR1,POLR2L,1
EGR1,POLR3G,1
EGR1,PPARA,1
EGR1,PPAT,1
EGR1,PPP1R21,1
EGR1,PRIM1,1
EGR1,PRKCI,1
EGR1,PSIP1,1
EGR1,PTGR1,1
EGR1,PTMA,1
EGR1,PUS7L,1
EGR1,PYCR1,1
EGR1,RAB31,1
EGR1,RAD51C,1
EGR1,RAI14,1
EGR1,RARG,1
EGR1,RBBP7,1
EGR1,RBM39,1
EGR1,RCAN1,1
EGR1,REST,1
EGR1,RFXANK,1
EGR1,RNASEH2A,1
EGR1,RNF19A,1
EGR1,RPUSD4,1
EGR1,RREB1,1
EGR1,RUVBL1,1
EGR1,S100A13,1
EGR1,SEC22C,1
EGR1,SERPINB1,1
EGR1,SH3BGR,1
EGR1,SHISA2,1
EGR1,SIRT1,1
EGR1,SKIL,1
EGR1,SLC25A4,1
EGR1,SLC2A1,1
EGR1,SLC39A10,1
EGR1,SLC7A8,1
EGR1,SMAD3,1
EGR1,SMARCA4,1
EGR1,SMARCD2,1
EGR1,SOX2,1
EGR1,SP4,1
EGR1,SPAG9,1
EGR1,SQLE,1
EGR1,SRRM1,1
EGR1,SRSF1,1
EGR1,SRSF6,1
EGR1,SSBP2,1
EGR1,SSBP3,1
EGR1,SURF2,1
EGR1,TADA3,1
EGR1,TAF11,1
EGR1,TAF5,1
EGR1,TBPL1,1
EGR1,TCF25,1
EGR1,TCFL5,1
EGR1,TEAD2,1
EGR1,TF,1
EGR1,TFE3,1
EGR1,TFRC,1
EGR1,THAP4,1
EGR1,THRAP3,1
EGR1,THRB,1
EGR1,THYN1,1
EGR1,TIMM21,1
EGR1,TMEM120A,1
EGR1,TNFAIP3,1
EGR1,TOP2B,1
EGR1,TOPORS,1
EGR1,TRERF1,1
EGR1,TRIM27,1
EGR1,TRMT1,1
EGR1,TRNT1,1
EGR1,TUBA1B,1
EGR1,TUBB6,1
EGR1,U2AF1,1
EGR1,UBE2E3,1
EGR1,UFSP2,1
EGR1,USP1,1
EGR1,USP11,1
EGR1,USP28,1
EGR1,USP3,1
EGR1,USP39,1
EGR1,USP45,1
EGR1,VPS26A,1
EGR1,WARS,1
EGR1,WDHD1,1
EGR1,XPO5,1
EGR1,XPO6,1
EGR1,XRCC6,1
EGR1,YAF2,1
EGR1,YBX1,1
EGR1,ZFP36,1
EGR1,ZFP62,1
EGR1,ZHX1,1
EGR1,ZNF160,1
EGR1,ZNF33A,1
EGR1,ZNF398,1
EGR1,ZNF644,1
EHMT2,HIST1H1B,1
EHMT2,KLF6,1
EHMT2,NAA10,1
ELF1,HMGA1,1
ELF1,NFYB,1
ENO1,PLG,1
EPAS1,CUL2,1
EPAS1,SLC2A1,1
EPAS1,SMAD3,1
EPAS1,TCEB1,1
EPAS1,TCEB2,1
ERCC8,CBR1,1
ERCC8,GTF2H2,1
ESPL1,PTTG1,1
ETS1,AXL,1
ETS1,BRCA2,1
ETS1,CCND1,1
ETS1,CDK4,1
ETS1,COPS2,1
ETS1,DAXX,1
ETS1,ETV4,1
ETS1,FOSL1,1
ETS1,JUN,1
ETS1,LCP1,1
ETS1,MAF,1
ETS1,MAPK1,1
ETS1,MYC,1
ETS1,NME1,1
ETS1,NNAT,1
ETS1,NR3C1,1
ETS1,NTHL1,1
ETS1,PSEN1,1
ETS1,SMAD3,1
ETS1,SP100,1
ETS1,SPP1,1
ETS1,TDP2,1
ETS1,TFRC,1
ETV4,BRCA1,1
ETV4,SHMT2,1
ETV4,SPP1,1
ETV4,SRF,1
ETV4,SURF2,1
EWSR1,ACTL6A,1
EWSR1,AGT,1
EWSR1,CPSF6,1
EWSR1,CUEDC2,1
EWSR1,HERPUD1,1
EWSR1,HMGA1,1
EWSR1,NPPB,1
EWSR1,POLR2G,1
EWSR1,POU5F1,1
EWSR1,SALL2,1
EWSR1,SSBP2,1
EWSR1,SUV39H2,1
EWSR1,TPGS2,1
EWSR1,USP7,1
EWSR1,VPS72,1
EZH2,DNMT1,1
EZH2,DNMT3A,1
EZH2,DNMT3B,1
EZH2,EED,1
EZH2,KLHDC2,1
FHL2,BRCA1,1
FHL2,FOXO1,1
FHL2,ITGB5,1
FHL2,MCM7,1
FHL2,PFKM,1
FHL2,SRF,1
FHL2,ZBTB16,1
FHL2,ZNF638,1
FOSB,ACADVL,1
FOSB,ANXA3,1
FOSB,ATP1B1,1
FOSB,BCOR,1
FOSB,BLMH,1
FOSB,CAPN12,1
FOSB,CAPN2,1
FOSB,CRABP2,1
FOSB,DRAP1,1
FOSB,EEF1A1,1
FOSB,EFTUD2,1
FOSB,EIF3J,1
FOSB,ELL2,1
FOSB,EPS8L2,1
FOSB,EWSR1,1
FOSB,F3,1
FOSB,FAM46A,1
FOSB,FOSL1,1
FOSB,GATA4,1
FOSB,GRPR,1
FOSB,HOOK2,1
FOSB,ICA1,1
FOSB,JUND,1
FOSB,KAT7,1
FOSB,KLF5,1
FOSB,MAD2L1BP,1
FOSB,NEDD4L,1
FOSB,PAWR,1
FOSB,PIM2,1
FOSB,PPP2R1B,1
FOSB,RARG,1
FOSB,RBBP7,1
FOSB,RBP4,1
FOSB,SMARCA5,1
FOSB,SYTL2,1
FOSB,TCF3,1
FOSB,TCOF1,1
FOSB,TNNI3,1
FOSB,TOPORS,1
FOSB,TUBB6,1
FOSB,ZFP36,1
FOSB,ZSWIM7,1
FOSL1,ACADVL,1
FOSL1,ANXA3,1
FOSL1,ATP1B1,1
FOSL1,BCOR,1
FOSL1,BLMH,1
FOSL1,CRABP2,1
FOSL1,DRAP1,1
FOSL1,EEF1A1,1
FOSL1,EFTUD2,1
FOSL1,EIF3J,1
FOSL1,EWSR1,1
FOSL1,F3,1
FOSL1,GRPR,1
FOSL1,HOOK2,1
FOSL1,ICA1,1
FOSL1,JUN,1
FOSL1,MAD2L1BP,1
FOSL1,NEDD4L,1
FOSL1,PAWR,1
FOSL1,PPP2R1B,1
FOSL1,RARG,1
FOSL1,RBBP7,1
FOSL1,TCF3,1
FOSL1,TNNI3,1
FOSL1,TUBB6,1
FOSL1,ZFP36,1
FOSL1,ZSWIM7,1
FOSL2,JUN,1
FOSL2,JUND,1
FOXA1,ACAD11,1
FOXA1,AEBP2,1
FOXA1,AHSG,1
FOXA1,AMBP,1
FOXA1,ANKRD1,1
FOXA1,CACYBP,1
FOXA1,COMMD3,1
FOXA1,ECT2,1
FOXA1,EFNA1,1
FOXA1,EFTUD1,1
FOXA1,ELL2,1
FOXA1,EPB41L2,1
FOXA1,FABP1,1
FOXA1,FGB,1
FOXA1,FOXP1,1
FOXA1,GNPNAT1,1
FOXA1,GTF3C2,1
FOXA1,HACL1,1
FOXA1,HTATSF1,1
FOXA1,ID2,1
FOXA1,MCM7,1
FOXA1,NEDD4L,1
FOXA1,NR2F2,1
FOXA1,PCIF1,1
FOXA1,PSME3,1
FOXA1,PYGL,1
FOXA1,RAB34,1
FOXA1,RBP4,1
FOXA1,RIN2,1
FOXA1,RRM2,1
FOXA1,SEPP1,1
FOXA1,SERPIND1,1
FOXA1,SLC39A10,1
FOXA1,SMAD3,1
FOXA1,SSBP3,1
FOXA1,TF,1
FOXA1,TGIF1,1
FOXA1,TP53INP2,1
FOXA1,UGT2B11,1
FOXA1,VCAN,1
FOXA1,VEZF1,1
FOXA1,YAE1D1,1
FOXA2,AEBP2,1
FOXA2,AMBP,1
FOXA2,ANG,1
FOXA2,AURKB,1
FOXA2,CAT,1
FOXA2,COMMD3,1
FOXA2,DNMT3B,1
FOXA2,ECT2,1
FOXA2,EFNA1,1
FOXA2,EFTUD1,1
FOXA2,ELL2,1
FOXA2,EPB41L2,1
FOXA2,FABP1,1
FOXA2,FAM13A,1
FOXA2,FOXP1,1
FOXA2,GGH,1
FOXA2,GSN,1
FOXA2,GTF3C2,1
FOXA2,HACL1,1
FOXA2,HCFC1,1
FOXA2,HIST1H4C,1
FOXA2,HPX,1
FOXA2,HTATSF1,1
FOXA2,ID2,1
FOXA2,KIF20B,1
FOXA2,LTA4H,1
FOXA2,MCM5,1
FOXA2,MCM7,1
FOXA2,NARS2,1
FOXA2,NCOA1,1
FOXA2,NEDD4L,1
FOXA2,NR1H3,1
FOXA2,NR2F2,1
FOXA2,OTX2,1
FOXA2,PDCD2L,1
FOXA2,PDZK1,1
FOXA2,POLR3E,1
FOXA2,RBP4,1
FOXA2,RHOBTB3,1
FOXA2,RIN2,1
FOXA2,RNASE4,1
FOXA2,RRM2,1
FOXA2,SERPIND1,1
FOXA2,SLC39A10,1
FOXA2,SMAD3,1
FOXA2,SPINK1,1
FOXA2,TBX3,1
FOXA2,TF,1
FOXA2,TGIF1,1
FOXA2,TP53INP2,1
FOXA2,UGT2B11,1
FOXA2,VEZF1,1
FOXA2,YAE1D1,1
FOXA2,ZWILCH,1
FOXH1,DRAP1,1
FOXH1,SMAD2,1
FOXH1,SMAD3,1
FOXM1,CDK1,1
FOXO1,AATF,1
FOXO1,BCOR,1
FOXO1,BSCL2,1
FOXO1,BTG1,1
FOXO1,COQ3,1
FOXO1,DDAH1,1
FOXO1,DMKN,1
FOXO1,E2F3,1
FOXO1,EFNA1,1
FOXO1,ETV5,1
FOXO1,FHL2,1
FOXO1,FOXP1,1
FOXO1,HNF4A,1
FOXO1,ICA1,1
FOXO1,ID2,1
FOXO1,IGF1R,1
FOXO1,JAG1,1
FOXO1,KIF20A,1
FOXO1,KLHDC2,1
FOXO1,LIFR,1
FOXO1,MAFF,1
FOXO1,MOV10,1
FOXO1,MTX2,1
FOXO1,NEDD4L,1
FOXO1,OTX2,1
FOXO1,PRDM1,1
FOXO1,PTTG1,1
FOXO1,RIN2,1
FOXO1,RUNX1T1,1
FOXO1,SEMA3E,1
FOXO1,SIRT1,1
FOXO1,SLC39A10,1
FOXO1,SMAD3,1
FOXO1,TFDP2,1
FOXO1,TGIF1,1
FOXO1,THRB,1
FOXO1,TRERF1,1
FOXO1,VCAN,1
FOXO1,ZBTB16,1
FOXO1,ZWILCH,1
FOXP1,CTBP1,1
FUBP1,AIMP2,1
FXR1,CYFIP2,1
GABPB1,HCFC1,1
GABPB1,YAF2,1
GATA4,JARID2,1
GATA4,MEF2C,1
GATA4,SRF,1
GATAD2B,SMAD2,1
GLI1,BMP2,1
GLI1,FOXA2,1
GLI1,GLI2,1
GLI1,ZIC2,1
GLI2,BMP2,1
GLI2,CREB1,1
GLI2,GLI1,1
GLI2,ZIC2,1
GMEB1,SMAD3,1
GTF2E1,AES,1
GTF2E1,GTF2F2,1
GTF2E1,TAF6,1
GTF2E1,TCEA1,1
GTF2F2,AHR,1
GTF2F2,CREB1,1
GTF2F2,GTF2E1,1
GTF2F2,HTATSF1,1
GTF2F2,JUN,1
GTF2F2,KLF5,1
GTF2F2,TAF5,1
GTF2H2,ERCC8,1
GTF2I,MYC,1
GTF2I,PIAS2,1
GTF2I,SMAD2,1
GTF2I,SRF,1
GTF3C2,GTF3C4,1
GTF3C4,GTF3C2,1
GTF3C4,GTF3C5,1
GTF3C5,GTF3C4,1
H1F0,IPO5,1
H1F0,KPNA2,1
HCFC1,GABPB1,1
HCFC1,JUN,1
HCFC1,PPP1CC,1
HCFC1,PSIP1,1
HCFC1,THAP11,1
HDAC1,APEX1,1
HDAC1,BCOR,1
HDAC1,BRCA1,1
HDAC1,BRMS1,1
HDAC1,BUB1,1
HDAC1,BUB1B,1
HDAC1,CDC20,1
HDAC1,CTBP1,1
HDAC1,DAXX,1
HDAC1,DDB2,1
HDAC1,DNMT3A,1
HDAC1,DNMT3B,1
HDAC1,EED,1
HDAC1,EZH2,1
HDAC1,HDAC2,1
HDAC1,HIF1AN,1
HDAC1,ING1,1
HDAC1,NR2F2,1
HDAC1,NRIP1,1
HDAC1,PHB2,1
HDAC1,PIAS3,1
HDAC1,PITX2,1
HDAC1,PPP2R1B,1
HDAC1,PTMA,1
HDAC1,RBBP4,1
HDAC1,RBBP7,1
HDAC1,RBPJ,1
HDAC1,RFC1,1
HDAC1,RFC4,1
HDAC1,RUNX1T1,1
HDAC1,RUVBL2,1
HDAC1,SMAD2,1
HDAC1,STAT2,1
HDAC1,TGIF1,1
HDAC1,TGIF2,1
HDAC1,TOP2A,1
HDAC1,TOP2B,1
HDAC1,TPD52L1,1
HDAC1,TRIM27,1
HDAC1,ZBTB16,1
HDAC2,BRCA1,1
HDAC2,BRMS1,1
HDAC2,CDC20,1
HDAC2,CTBP1,1
HDAC2,DAXX,1
HDAC2,DDX20,1
HDAC2,DNMT3B,1
HDAC2,EED,1
HDAC2,HDAC1,1
HDAC2,HIF1AN,1
HDAC2,ING1,1
HDAC2,MXD1,1
HDAC2,NRIP1,1
HDAC2,PA2G4,1
HDAC2,PHB2,1
HDAC2,PTMA,1
HDAC2,RBBP4,1
HDAC2,RBBP7,1
HDAC2,RBPJ,1
HDAC2,RFX5,1
HDAC2,SMARCA5,1
HDAC2,THRB,1
HDAC2,TOP2A,1
HDAC2,TP53,1
HIF1AN,HDAC1,1
HIF1AN,HDAC2,1
HIPK2,DAXX,1
HIPK2,DDX39A,1
HIPK2,HMGA1,1
HIPK2,PAX6,1
HIPK2,SMAD2,1
HIPK2,SP100,1
HIST1H1B,EHMT2,1
HIST1H1B,MELK,1
HIST1H1B,SIRT1,1
HIST1H1C,F10,1
HIST1H1E,CBX3,1
HMGA1,CDK1,1
HMGA1,ELF1,1
HMGA1,EWSR1,1
HMGA1,HIPK2,1
HMGA1,IRF1,1
HMGA1,JUN,1
HMGA1,RARG,1
HMGA1,RNF4,1
HMGA1,SRF,1
HMGA2,CDK1,1
HMGA2,PIAS3,1
HMGA2,SMAD3,1
HMGB2,APEX1,1
HMGB2,POU2F1,1
HMGB2,POU5F1,1
HMGB2,TP53,1
HMGN1,HMGN2,1
HMGN2,HMGN1,1
HMGN3,THRB,1
HNF4A,AAMP,1
HNF4A,AASS,1
HNF4A,ACADVL,1
HNF4A,ACOX2,1
HNF4A,ACY1,1
HNF4A,AES,1
HNF4A,AKR1C3,1
HNF4A,AMBP,1
HNF4A,APOA4,1
HNF4A,APOC2,1
HNF4A,ARL6IP6,1
HNF4A,ASXL1,1
HNF4A,ATL2,1
HNF4A,AURKA,1
HNF4A,BCKDK,1
HNF4A,BCL11A,1
HNF4A,BPHL,1
HNF4A,C1GALT1,1
HNF4A,CASC5,1
HNF4A,CBR1,1
HNF4A,CCS,1
HNF4A,CDC6,1
HNF4A,CEBPA,1
HNF4A,COPS5,1
HNF4A,CRABP2,1
HNF4A,CREB3L3,1
HNF4A,CRYZL1,1
HNF4A,CUEDC2,1
HNF4A,DCLRE1C,1
HNF4A,DDIT3,1
HNF4A,DNMT3A,1
HNF4A,DNPEP,1
HNF4A,E2F5,1
HNF4A,ECHDC2,1
HNF4A,ECI2,1
HNF4A,EEF1A1,1
HNF4A,EHMT1,1
HNF4A,ELF1,1
HNF4A,ENO2,1
HNF4A,EPHX2,1
HNF4A,EXOC5,1
HNF4A,EXOSC9,1
HNF4A,F10,1
HNF4A,FGB,1
HNF4A,FOXA2,1
HNF4A,FOXO1,1
HNF4A,FOXP1,1
HNF4A,FTSJ2,1
HNF4A,GALE,1
HNF4A,GALK1,1
HNF4A,GMNN,1
HNF4A,GRHL1,1
HNF4A,GRTP1,1
HNF4A,GSN,1
HNF4A,GXYLT2,1
HNF4A,HACL1,1
HNF4A,HIPK2,1
HNF4A,HNRNPD,1
HNF4A,HOOK2,1
HNF4A,HP,1
HNF4A,HSD17B11,1
HNF4A,JUND,1
HNF4A,KLF6,1
HNF4A,LAMB2,1
HNF4A,LEFTY1,1
HNF4A,LGALS2,1
HNF4A,LRR1,1
HNF4A,LRRC1,1
HNF4A,LTV1,1
HNF4A,MAF,1
HNF4A,MDK,1
HNF4A,MECR,1
HNF4A,MED14,1
HNF4A,MEP1A,1
HNF4A,MGST2,1
HNF4A,MLST8,1
HNF4A,MRPL2,1
HNF4A,MTFP1,1
HNF4A,MTUS1,1
HNF4A,NCOA1,1
HNF4A,NCOA6,1
HNF4A,NEK2,1
HNF4A,NFATC2,1
HNF4A,NR1H3,1
HNF4A,NR2F2,1
HNF4A,NR2F6,1
HNF4A,NRIP1,1
HNF4A,NUDCD1,1
HNF4A,ORC2,1
HNF4A,PDZK1,1
HNF4A,PFKM,1
HNF4A,PHB2,1
HNF4A,PHF5A,1
HNF4A,PLA2G12B,1
HNF4A,PON2,1
HNF4A,PTGR1,1
HNF4A,PYGL,1
HNF4A,RARG,1
HNF4A,RBP2,1
HNF4A,REST,1
HNF4A,RIN2,1
HNF4A,RREB1,1
HNF4A,S100A13,1
HNF4A,SAMHD1,1
HNF4A,SAT1,1
HNF4A,SGK1,1
HNF4A,SIRT1,1
HNF4A,SLC2A1,1
HNF4A,SLC39A5,1
HNF4A,SMAD2,1
HNF4A,SMAD3,1
HNF4A,SMARCD2,1
HNF4A,STAT2,1
HNF4A,SUB1,1
HNF4A,SUCLA2,1
HNF4A,TCF7L1,1
HNF4A,TCOF1,1
HNF4A,TFDP2,1
HNF4A,TGIF1,1
HNF4A,TK1,1
HNF4A,TOP2A,1
HNF4A,TP53,1
HNF4A,TPGS2,1
HNF4A,TTR,1
HNF4A,UHRF1,1
HNF4A,UNC93A,1
HNF4A,UPP1,1
HNF4A,USP39,1
HNF4A,VIL1,1
HNF4A,WRB,1
HNF4A,YEATS4,1
HNF4A,ZNF567,1
HNF4A,ZNF589,1
HNF4A,ZNHIT3,1
HNRNPD,CSDE1,1
HNRNPD,YBX1,1
HNRNPK,KHDRBS1,1
HNRNPK,MATR3,1
HNRNPK,RBMX,1
HNRNPK,SRSF3,1
HNRNPK,YBX1,1
HNRNPR,FARSA,1
HNRNPUL1,TP53,1
HTATSF1,GTF2F2,1
ID2,TCF3,1
ID2,TCF4,1
ID3,RUNX1T1,1
ID3,TCF4,1
ILF3,XPO5,1
ING1,BRMS1,1
ING1,HDAC1,1
ING1,HDAC2,1
ING1,RBBP4,1
ING1,RBBP7,1
ING1,YWHAH,1
ING3,NR1H3,1
ING5,MCM6,1
ING5,TADA3,1
ING5,TP53,1
IRF1,ACTC1,1
IRF1,APOA2,1
IRF1,ATF3,1
IRF1,BCL11A,1
IRF1,BST2,1
IRF1,C11ORF1,1
IRF1,DPCD,1
IRF1,E2F3,1
IRF1,EPAS1,1
IRF1,ETV4,1
IRF1,EXTL2,1
IRF1,F3,1
IRF1,FAM46A,1
IRF1,FBXO22,1
IRF1,FLRT2,1
IRF1,FOSL2,1
IRF1,GEMIN7,1
IRF1,GRHL1,1
IRF1,HMGA1,1
IRF1,HSDL2,1
IRF1,IRF9,1
IRF1,ISG15,1
IRF1,LDB2,1
IRF1,M6PR,1
IRF1,MEF2C,1
IRF1,OTX2,1
IRF1,PAX6,1
IRF1,PIK3R1,1
IRF1,RCAN1,1
IRF1,RHOBTB3,1
IRF1,RUNX1T1,1
IRF1,SAT1,1
IRF1,SLC38A2,1
IRF1,TCF4,1
IRF1,TGIF1,1
IRF1,TMEM69,1
IRF1,TRIAP1,1
IRF1,XPO6,1
IRF1,ZFHX3,1
IRF9,STAT2,1
IVNS1ABP,PFN2,1
JARID2,GATA4,1
JMJD1C,THRB,1
JUN,ACADVL,1
JUN,AIMP2,1
JUN,ANLN,1
JUN,ANXA3,1
JUN,APOC1,1
JUN,ARL15,1
JUN,ASPH,1
JUN,ASXL1,1
JUN,ATP1B1,1
JUN,BCAS2,1
JUN,BCOR,1
JUN,BLMH,1
JUN,BST2,1
JUN,BTG2,1
JUN,C3ORF14,1
JUN,CAMK2D,1
JUN,CAPG,1
JUN,CAPN12,1
JUN,CAPN2,1
JUN,CCDC126,1
JUN,CD9,1
JUN,CDK4,1
JUN,COPS5,1
JUN,CRABP2,1
JUN,CREB3L4,1
JUND,ACADVL,1
JUND,ANXA3,1
JUND,ATF3,1
JUND,ATP1B1,1
JUND,BCOR,1
JUND,BLMH,1
JUND,BRCA1,1
JUND,CAPN12,1
JUND,CAPN2,1
JUND,COPS5,1
JUND,CRABP2,1
JUND,DDIT3,1
JUND,DRAP1,1
JUND,EEF1A1,1
JUND,EFTUD2,1
JUND,EIF3J,1
JUND,ELL2,1
JUND,EPS8L2,1
JUND,EWSR1,1
JUND,FAM46A,1
JUND,FOSB,1
JUND,FOSL2,1
JUND,GATA4,1
JUND,GRPR,1
JUND,HOOK2,1
JUN,DHRS3,1
JUND,ICA1,1
JUND,KAT7,1
JUND,KLF5,1
JUND,MAD2L1BP,1
JUND,MAPK1,1
JUND,NEDD4L,1
JUND,PAWR,1
JUN,DPCD,1
JUND,PIM2,1
JUND,PPP2R1B,1
JUN,DRAP1,1
JUND,RARG,1
JUND,RBBP7,1
JUND,RBP4,1
JUND,SMAD3,1
JUND,SMARCA5,1
JUND,SYTL2,1
JUND,TCF3,1
JUND,TCOF1,1
JUND,TNNI3,1
JUND,TOPORS,1
JUND,TUBB6,1
JUND,ZFP36,1
JUND,ZSWIM7,1
JUN,ECSIT,1
JUN,EEF1A1,1
JUN,EFTUD2,1
JUN,EGR1,1
JUN,EIF3J,1
JUN,ELF1,1
JUN,ELL2,1
JUN,ELOF1,1
JUN,EPS8L2,1
JUN,EPSTI1,1
JUN,ETV5,1
JUN,EWSR1,1
JUN,EXOSC5,1
JUN,FAM46A,1
JUN,FLRT2,1
JUN,FOSB,1
JUN,FOSL2,1
JUN,GATA4,1
JUN,GPN1,1
JUN,GRPR,1
JUN,GTF2F2,1
JUN,GYG1,1
JUN,HCFC1,1
JUN,HEXB,1
JUN,HK1,1
JUN,HMBS,1
JUN,HMGA1,1
JUN,HMGN1,1
JUN,HOOK2,1
JUN,ICA1,1
JUN,IDI1,1
JUN,IMP4,1
JUN,ITIH4,1
JUN,JMJD1C,1
JUN,JUND,1
JUN,KAT7,1
JUN,KDM4C,1
JUN,KLC4,1
JUN,KLF5,1
JUN,LAMC1,1
JUN,LCP1,1
JUN,LIFR,1
JUN,MAD2L1BP,1
JUN,MAF,1
JUN,MAFF,1
JUN,MAPK1,1
JUN,MLF1,1
JUN,MRPS11,1
JUN,MRPS30,1
JUN,MRRF,1
JUN,MTFP1,1
JUN,MXD1,1
JUN,MYBBP1A,1
JUN,NAA16,1
JUN,NAA25,1
JUN,NCOA1,1
JUN,NEDD1,1
JUN,NEDD4L,1
JUN,NR2F6,1
JUN,NR3C1,1
JUN,NRIP1,1
JUN,NVL,1
JUN,ORC2,1
JUN,PAWR,1
JUN,PAX6,1
JUN,PEG3,1
JUN,PIM2,1
JUN,PLAA,1
JUN,PLCD1,1
JUN,POLR1D,1
JUN,PPFIBP2,1
JUN,PPP2R1B,1
JUN,PSAT1,1
JUN,PWP1,1
JUN,RAB25,1
JUN,RAB31,1
JUN,RAI14,1
JUN,RBBP7,1
JUN,RBM39,1
JUN,RBP4,1
JUN,RBPJ,1
JUN,RCAN1,1
JUN,RFX5,1
JUN,RRM2,1
JUN,SAAL1,1
JUN,SEC22C,1
JUN,SKIL,1
JUN,SLC25A26,1
JUN,SLC25A37,1
JUN,SLC7A3,1
JUN,SMAD2,1
JUN,SMAD3,1
JUN,SMARCA5,1
JUN,SPAG9,1
JUN,SPP1,1
JUN,SRSF2,1
JUN,SYTL2,1
JUN,TCF25,1
JUN,TCF3,1
JUN,TCF4,1
JUN,TCOF1,1
JUN,TFE3,1
JUN,TFRC,1
JUN,TGIF1,1
JUN,THAP4,1
JUN,THOC1,1
JUN,TNFAIP3,1
JUN,TNNI3,1
JUN,TOP2A,1
JUN,TOPORS,1
JUN,TPM2,1
JUN,TRIM25,1
JUN,TUBB6,1
JUN,UFD1L,1
JUN,YWHAH,1
JUN,ZFP36,1
JUN,ZNF217,1
JUN,ZNRD1,1
JUN,ZSWIM7,1
KAT7,CAAP1,1
KAT7,CEP70,1
KAT7,HOOK2,1
KAT7,MCM2,1
KAT7,POLB,1
KAT7,SAT1,1
KHDRBS1,CDK1,1
KHDRBS1,EMG1,1
KHDRBS1,HNRNPK,1
KHDRBS1,MAPK1,1
KHDRBS1,NCK1,1
KHDRBS1,PIK3R1,1
KHDRBS1,SMAD2,1
KLF5,GTF2F2,1
KLF6,EHMT2,1
KLF6,TP53,1
KNTC1,ZWILCH,1
MAF,ETS1,1
MAF,JUN,1
MAF,SMARCA5,1
MAPK1,CCND1,1
MAPK1,CDK4,1
MATR3,HNRNPK,1
MATR3,TTF2,1
MAZ,BPTF,1
MCM2,CCNB2,1
MCM2,CDC6,1
MCM2,CDK4,1
MCM2,DBF4,1
MCM2,KAT7,1
MCM2,MCM3,1
MCM2,MCM4,1
MCM2,MCM5,1
MCM2,MCM6,1
MCM2,MCM7,1
MCM2,ORC2,1
MCM2,ORC4,1
MCM2,ORC5,1
MCM2,ORC6,1
MCM2,PLK1,1
MCM3,CDC6,1
MCM3,DBF4,1
MCM3,HAUS1,1
MCM3,MCM2,1
MCM3,MCM4,1
MCM3,MCM5,1
MCM3,MCM6,1
MCM3,MCM7,1
MCM3,ORC2,1
MCM3,ORC4,1
MCM3,ORC5,1
MCM3,ORC6,1
MCM3,PLK1,1
MCM3,PPP2R1B,1
MCM3,SUPT16H,1
MCM4,CDK1,1
MCM4,DBF4,1
MCM4,MCM2,1
MCM4,MCM3,1
MCM4,MCM6,1
MCM4,MCM7,1
MCM4,MCM8,1
MCM4,ORC2,1
MCM4,ORC4,1
MCM4,ORC5,1
MCM4,ORC6,1
MCM4,SSRP1,1
MCM4,SUPT16H,1
MCM5,DBF4,1
MCM5,MCM2,1
MCM5,MCM3,1
MCM5,MCM7,1
MCM5,ORC2,1
MCM5,ORC4,1
MCM5,ORC5,1
MCM5,ORC6,1
MCM6,DBF4,1
MCM6,GMNN,1
MCM6,ING5,1
MCM6,MCM2,1
MCM6,MCM3,1
MCM6,MCM4,1
MCM6,MCM7,1
MCM6,MCM8,1
MCM6,ORC2,1
MCM6,ORC4,1
MCM6,ORC5,1
MCM6,ORC6,1
MCM7,CDC6,1
MCM7,DBF4,1
MCM7,FHL2,1
MCM7,MBIP,1
MCM7,MCM2,1
MCM7,MCM3,1
MCM7,MCM4,1
MCM7,MCM5,1
MCM7,MCM6,1
MCM7,MCM8,1
MCM7,ORC2,1
MCM7,ORC4,1
MCM7,ORC5,1
MCM7,ORC6,1
MCM7,PLK1,1
MCM8,MCM4,1
MCM8,MCM6,1
MCM8,MCM7,1
MED14,ACTN1,1
MED14,HNF4A,1
MED14,NR3C1,1
MED14,STAT2,1
MED21,BRCA1,1
MED21,BTF3,1
MED21,TCEB3,1
MED21,THRB,1
MED4,MCRS1,1
MEF2C,APOA2,1
MEF2C,ATP2C1,1
MEF2C,CCNB1,1
MEF2C,CDK1,1
MEF2C,GATA4,1
MEF2C,NUP88,1
MEF2C,SMAD2,1
MLXIPL,NIF3L1,1
MTF2,SMAD3,1
MXD1,HDAC2,1
MXD1,MYC,1
MXD1,MYCN,1
MYBBP1A,JUN,1
MYBBP1A,PCNA,1
MYBL2,PARP1,1
MYBL2,TTF2,1
MYC,ACADSB,1
MYC,ACOT7,1
MYC,ACTL6A,1
MYC,ACY1,1
MYC,ADNP,1
MYC,ADSL,1
MYC,AGPAT2,1
MYC,AGTRAP,1
MYC,AHSG,1
MYC,AIMP2,1
MYC,ALDH9A1,1
MYC,AMBP,1
MYC,ANAPC7,1
MYC,ANLN,1
MYC,ANP32E,1
MYC,APEH,1
MYC,APEX1,1
MYC,APOC1,1
MYC,ARHGAP26,1
MYC,ARL15,1
MYC,ASCC3,1
MYC,ASPH,1
MYC,ASXL1,1
MYC,ATG5,1
MYC,ATIC,1
MYC,ATP1B1,1
MYC,ATP1B3,1
MYC,ATP5G1,1
MYC,B4GALT3,1
MYC,BCL11B,1
MYC,BCOR,1
MYC,BCS1L,1
MYC,BIN1,1
MYC,BIRC5,1
MYC,BLVRA,1
MYCBP,MYC,1
MYCBP,SSRP1,1
MYC,BPTF,1
MYC,BRCA1,1
MYC,BRCA2,1
MYC,BRIX1,1
MYC,BTG1,1
MYC,BZW2,1
MYC,C11ORF1,1
MYC,C11ORF54,1
MYC,C12ORF10,1
MYC,C19ORF48,1
MYC,C1GALT1,1
MYC,CASP8AP2,1
MYC,CBR1,1
MYC,CBX3,1
MYC,CCDC126,1
MYC,CCDC169,1
MYC,CCDC66,1
MYC,CD320,1
MYC,CDC6,1
MYC,CDK1,1
MYC,CEBPZ,1
MYC,CENPF,1
MYC,CENPK,1
MYC,CENPN,1
MYC,CHAF1A,1
MYC,CIDEB,1
MYC,CKS1B,1
MYC,CKS2,1
MYC,CLDN4,1
MYC,CMC1,1
MYC,COMMD10,1
MYC,COMMD3,1
MYC,COPS2,1
MYC,COPS3,1
MYC,COPS7A,1
MYC,CRAT,1
MYC,CREB1,1
MYC,CREB3L4,1
MYC,CREG1,1
MYC,CRELD1,1
MYC,CSDE1,1
MYC,CTSC,1
MYC,CXXC1,1
MYC,DAXX,1
MYC,DCAF13,1
MYC,DCTPP1,1
MYC,DDHD1,1
MYC,DDIT3,1
MYC,DDX20,1
MYC,DDX39A,1
MYC,DDX5,1
MYC,DDX54,1
MYC,DEK,1
MYC,DEPDC7,1
MYC,DHCR7,1
MYC,DKC1,1
MYC,DNA2,1
MYC,DNAJC2,1
MYC,DNMT3A,1
MYC,DNPEP,1
MYC,DPAGT1,1
MYC,DPH5,1
MYC,DRAP1,1
MYC,DSCR3,1
MYC,DTYMK,1
MYC,DUT,1
MYC,E2F5,1
MYC,ECSIT,1
MYC,EEF1E1,1
MYC,EFNA1,1
MYC,EFNA5,1
MYC,EFTUD1,1
MYC,EFTUD2,1
MYC,EHMT2,1
MYC,EIF2B3,1
MYC,EIF3J,1
MYC,EIF5B,1
MYC,ELOF1,1
MYC,ELOVL5,1
MYC,ELP2,1
MYC,ENO1,1
MYC,ENO2,1
MYC,ERCC8,1
MYC,ESYT1,1
MYC,ETV1,1
MYC,ETV4,1
MYC,EWSR1,1
MYC,EXOSC1,1
MYC,EXOSC2,1
MYC,EXOSC5,1
MYC,EXTL2,1
MYC,FAM118B,1
MYC,FAM46A,1
MYC,FAM49B,1
MYC,FANCA,1
MYC,FANCD2,1
MYC,FEN1,1
MYC,FKBP11,1
MYC,FLAD1,1
MYC,FOSL1,1
MYC,FOXA1,1
MYC,FOXH1,1
MYC,FOXP1,1
MYC,FXR1,1
MYC,G6PC3,1
MYC,GABPB1,1
MYC,GAL,1
MYC,GEMIN7,1
MYC,GGCT,1
MYC,GLUD1,1
MYC,GMNN,1
MYC,GPN3,1
MYC,GTF2H2,1
MYC,GTF2I,1
MYC,GTF3C2,1
MYC,GTF3C4,1
MYC,GYG1,1
MYC,HDHD1,1
MYC,HERPUD1,1
MYC,HIF3A,1
MYC,HMBS,1
MYC,HMGA1,1
MYC,HMGN2,1
MYC,HMGN4,1
MYC,HMMR,1
MYC,HNRNPAB,1
MYC,HNRNPH3,1
MYC,HNRNPK,1
MYC,HNRNPR,1
MYC,HNRNPUL1,1
MYC,ICA1,1
MYC,ID3,1
MYC,IDH3B,1
MYC,IFITM2,1
MYC,IFITM3,1
MYC,IFNGR1,1
MYC,IFRD2,1
MYC,IGF1R,1
MYC,IGF2BP3,1
MYC,ILF3,1
MYC,IMP4,1
MYC,ING1,1
MYC,ING5,1
MYC,IQGAP2,1
MYC,IRF3,1
MYC,IRF9,1
MYC,ISG20,1
MYC,ITGB3BP,1
MYC,IVNS1ABP,1
MYC,JARID2,1
MYC,JUN,1
MYC,JUND,1
MYC,KEAP1,1
MYC,KHDRBS1,1
MYC,KIAA0586,1
MYC,KIF20B,1
MYC,KLHDC2,1
MYC,LAMB2,1
MYC,LAMC1,1
MYC,LAPTM4B,1
MYC,LCMT1,1
MYC,LDB2,1
MYC,LGALS1,1
MYC,LTA4H,1
MYC,M6PR,1
MYC,MAD2L1,1
MYC,MAFF,1
MYC,MATR3,1
MYC,MCM3,1
MYC,MCM5,1
MYC,MCM7,1
MYC,MCM8,1
MYC,MED20,1
MYC,MEST,1
MYC,METTL1,1
MYC,METTL3,1
MYC,MIS18A,1
MYC,MLH1,1
MYC,MPHOSPH6,1
MYC,MPHOSPH9,1
MYC,MRPL15,1
MYC,MRPL16,1
MYC,MRPS2,1
MYC,MRTO4,1
MYC,MSH2,1
MYC,MTAP,1
MYC,MTF2,1
MYC,MTFP1,1
MYC,MTHFD1,1
MYC,MTUS1,1
MYC,MXD1,1
MYC,MYBBP1A,1
MYC,MYBL2,1
MYC,MYCBP,1
MYC,MYO9A,1
MYC,NAA15,1
MYC,NAA25,1
MYC,NAA50,1
MYC,NARS2,1
MYC,NDUFAF4,1
MYC,NFYB,1
MYC,NME1,1
MYC,NME2,1
MYCN,MXD1,1
MYC,NNT,1
MYC,NOL11,1
MYC,NOP16,1
MYC,NPM1,1
MYC,NPRL2,1
MYC,NR2F2,1
MYC,NSD1,1
MYC,NT5DC2,1
MYC,NTHL1,1
MYC,NTPCR,1
MYC,NUP37,1
MYC,NUP88,1
MYCN,YAF2,1
MYC,OGFOD1,1
MYC,ORC4,1
MYC,ORC5,1
MYC,PA2G4,1
MYC,PAK1IP1,1
MYC,PARP1,1
MYC,PARPBP,1
MYC,PAWR,1
MYC,PCID2,1
MYC,PCIF1,1
MYC,PDCD2L,1
MYC,PDCD4,1
MYC,PDE6D,1
MYC,PFN2,1
MYC,PHB2,1
MYC,PIAS2,1
MYC,PIAS3,1
MYC,PISD,1
MYC,PLAGL2,1
MYC,PLK1,1
MYC,PLTP,1
MYC,PMS1,1
MYC,POLB,1
MYC,POLD2,1
MYC,POLR1B,1
MYC,POLR1C,1
MYC,POLR1E,1
MYC,POLR2D,1
MYC,POLR2I,1
MYC,POLR2L,1
MYC,POLR3D,1
MYC,POLR3E,1
MYC,POLR3G,1
MYC,POU2F1,1
MYC,PPAT,1
MYC,PPIL1,1
MYC,PPP1R7,1
MYC,PPP2R1B,1
MYC,PPT1,1
MYC,PRIM2,1
MYC,PRPS2,1
MYC,PSAT1,1
MYC,PSMB10,1
MYC,PSMD10,1
MYC,PSME3,1
MYC,PSMG1,1
MYC,PTMA,1
MYC,PTP4A1,1
MYC,PTPRZ1,1
MYC,PUS7L,1
MYC,PWP1,1
MYC,PYCR1,1
MYC,PYGL,1
MYC,QTRTD1,1
MYC,RAB31,1
MYC,RAB34,1
MYC,RABEPK,1
MYC,RAD1,1
MYC,RAD51,1
MYC,RAD54L,1
MYC,RAI14,1
MYC,RARG,1
MYC,RBBP4,1
MYC,RBBP8,1
MYC,RBM39,1
MYC,RECQL,1
MYC,RFC2,1
MYC,RFC4,1
MYC,RFX5,1
MYC,RHOBTB3,1
MYC,RIOK1,1
MYC,RNASEH2B,1
MYC,RNF138,1
MYC,RNF19A,1
MYC,RNF2,1
MYC,RNF4,1
MYC,RPUSD4,1
MYC,RRM2,1
MYC,RSU1,1
MYC,SAE1,1
MYC,SEC11C,1
MYC,SEMA3E,1
MYC,SEPT10,1
MYC,SERPIND1,1
MYC,SGK1,1
MYC,SHMT2,1
MYC,SIRT1,1
MYC,SLC25A11,1
MYC,SLC25A17,1
MYC,SLC25A26,1
MYC,SLC29A1,1
MYC,SLC2A1,1
MYC,SLC39A10,1
MYC,SLC7A8,1
MYC,SMAD2,1
MYC,SMAD3,1
MYC,SMARCA4,1
MYC,SNAPC1,1
MYC,SNRNP25,1
MYC,SNRPB,1
MYC,SOX11,1
MYC,SPAG9,1
MYC,SQLE,1
MYC,SRM,1
MYC,SRSF2,1
MYC,SRSF6,1
MYC,SSB,1
MYC,SSRP1,1
MYC,STMN1,1
MYC,STX8,1
MYC,SUPV3L1,1
MYC,TAF11,1
MYC,TAF1B,1
MYC,TAF6,1
MYC,TBL1X,1
MYC,TBX3,1
MYC,TCERG1,1
MYC,TCF25,1
MYC,TCF3,1
MYC,TCF7L1,1
MYC,TCFL5,1
MYC,TCOF1,1
MYC,TEAD4,1
MYC,TEX10,1
MYC,TGIF2,1
MYC,THRAP3,1
MYC,TIMELESS,1
MYC,TIMM21,1
MYC,TIMM50,1
MYC,TIMM9,1
MYC,TIPARP,1
MYC,TKT,1
MYC,TMEM120A,1
MYC,TMEM126B,1
MYC,TMEM147,1
MYC,TMEM69,1
MYC,TMEM97,1
MYC,TNFAIP3,1
MYC,TNNI3,1
MYC,TPM2,1
MYC,TRIM25,1
MYC,TRIM27,1
MYC,TRIP13,1
MYC,TRNT1,1
MYC,TTF2,1
MYC,TUBA1B,1
MYC,TYMS,1
MYC,U2AF1,1
MYC,UBAC2,1
MYC,UCHL1,1
MYC,UCHL5,1
MYC,UCK2,1
MYC,UCKL1,1
MYC,UCP2,1
MYC,UHRF1,1
MYC,UPP1,1
MYC,UROD,1
MYC,USP1,1
MYC,USP11,1
MYC,USP3,1
MYC,USP39,1
MYC,UTP18,1
MYC,VPS33A,1
MYC,WDR3,1
MYC,WDR43,1
MYC,WDR5,1
MYC,WDR75,1
MYC,WDYHV1,1
MYC,WIPI1,1
MYC,XBP1,1
MYC,XPO5,1
MYC,XRCC6,1
MYC,YARS,1
MYC,YBX1,1
MYC,YWHAH,1
MYC,ZBTB24,1
MYC,ZCCHC7,1
MYC,ZFP36,1
MYC,ZFP62,1
MYC,ZFP64,1
MYC,ZFYVE21,1
MYC,ZIC3,1
MYC,ZNF146,1
MYC,ZNF202,1
MYC,ZNF239,1
MYC,ZNF253,1
MYC,ZNF398,1
MYC,ZNF581,1
MYC,ZNF589,1
MYC,ZNF644,1
MYC,ZNHIT3,1
MYC,ZNRD1,1
NAA15,NAA10,1
NAA15,XRCC5,1
NAA15,XRCC6,1
NCOA1,AHR,1
NCOA1,CCND1,1
NCOA1,COPS5,1
NCOA1,DDX5,1
NCOA1,FOXA2,1
NCOA1,HNF4A,1
NCOA1,JUN,1
NCOA1,MAPK1,1
NCOA1,NR1I3,1
NCOA1,NR2F6,1
NCOA1,NR3C1,1
NCOA1,PPARA,1
NCOA1,RARG,1
NCOA1,SMARCE1,1
NCOA1,SRF,1
NCOA1,TEAD2,1
NCOA1,THRB,1
NCOA1,YWHAH,1
NCOA6,CEBPA,1
NCOA6,HNF4A,1
NCOA6,NR1H3,1
NCOA6,NR3C1,1
NCOA6,PARP1,1
NCOA6,RBM39,1
NCOA6,SMAD2,1
NCOA6,SMAD3,1
NCOA6,THRB,1
NCOA6,XRCC5,1
NCOA6,XRCC6,1
NFATC2,CHD8,1
NFATC2,EGR1,1
NFATC2,ETV1,1
NFATC2,ID2,1
NFATC2,LIFR,1
NFATC2,NR2F2,1
NFATC2,SF3B3,1
NFATC2,TAF11,1
NFATC2,USP3,1
NFYB,AARS,1
NFYB,AURKA,1
NFYB,BTG1,1
NFYB,CAT,1
NFYB,CDC23,1
NFYB,CEBPZ,1
NFYB,CENPF,1
NFYB,CKS1B,1
NFYB,CNBP,1
NFYB,CRELD1,1
NFYB,CYB5B,1
NFYB,DDIT3,1
NFYB,DPYSL2,1
NFYB,DRAP1,1
NFYB,EFNA5,1
NFYB,ELAVL2,1
NFYB,ELF1,1
NFYB,ELOVL5,1
NFYB,ESPL1,1
NFYB,FLAD1,1
NFYB,GGH,1
NFYB,HIST1H2BC,1
NFYB,HMGA2,1
NFYB,HMGB3,1
NFYB,IRF1,1
NFYB,M6PR,1
NFYB,MRPL49,1
NFYB,MYC,1
NFYB,NIF3L1,1
NFYB,NUP37,1
NFYB,PA2G4,1
NFYB,PEG3,1
NFYB,PHF5A,1
NFYB,PIK3R1,1
NFYB,SIRT2,1
NFYB,SLC7A8,1
NFYB,SMAD2,1
NFYB,SPAG9,1
NFYB,TCF4,1
NFYB,TP53,1
NFYB,TTK,1
NFYB,UBE2T,1
NFYB,YBX1,1
NME2,SVIL,1
NME2,TERF1,1
NONO,CA2,1
NONO,ZNRD1,1
NOTCH3,JAG1,1
NOTCH3,PSEN1,1
NOTCH3,RBPJ,1
NPM1,CDK1,1
NPM1,PARP1,1
NPM1,PLK1,1
NPM1,TCERG1,1
NPM1,TP53,1
NR1H3,ACTN1,1
NR1H3,ING3,1
NR1H3,NCOA6,1
NR1H3,NRIP1,1
NR1H3,PPARA,1
NR1H3,SIRT1,1
NR1I3,NCOA1,1
NR2F2,BCL11A,1
NR2F2,BCL11B,1
NR2F2,CCL2,1
NR2F2,CPSF6,1
NR2F2,CRELD1,1
NR2F2,DGAT1,1
NR2F2,DROSHA,1
NR2F2,E2F4,1
NR2F2,EPSTI1,1
NR2F2,FAM46A,1
NR2F2,GLI1,1
NR2F2,HDAC1,1
NR2F2,MID1,1
NR2F2,NR2F6,1
NR2F2,NR3C1,1
NR2F2,NR5A2,1
NR2F2,NREP,1
NR2F2,PIK3R1,1
NR2F2,SEPT10,1
NR2F2,SKIL,1
NR2F2,SLC7A8,1
NR2F2,TFRC,1
NR2F2,TRERF1,1
NR2F2,WDR43,1
NR2F6,NCOA1,1
NR2F6,NR2F2,1
NR2F6,NR3C1,1
NR2F6,THRB,1
NR3C1,ADNP,1
NR3C1,AMHR2,1
NR3C1,CDK2AP1,1
NR3C1,CEBPA,1
NR3C1,CREB1,1
NR3C1,DDIT4,1
NR3C1,DDX54,1
NR3C1,E2F4,1
NR3C1,ECD,1
NR3C1,FOXP1,1
NR3C1,HIF3A,1
NR3C1,HMGB2,1
NR3C1,HNRNPUL1,1
NR3C1,JUN,1
NR3C1,KPNA2,1
NR3C1,LIFR,1
NR3C1,MAF,1
NR3C1,MAPK1,1
NR3C1,MCM7,1
NR3C1,MED14,1
NR3C1,NCOA1,1
NR3C1,NCOA6,1
NR3C1,NR1H3,1
NR3C1,NR2F2,1
NR3C1,NR2F6,1
NR3C1,NRIP1,1
NR3C1,PBX1,1
NR3C1,POU2F1,1
NR3C1,PPFIBP2,1
NR3C1,PRC1,1
NR3C1,RAB25,1
NR3C1,RANGRF,1
NR3C1,RBP2,1
NR3C1,RRM1,1
NR3C1,SGK1,1
NR3C1,SLC25A4,1
NR3C1,SLC7A8,1
NR3C1,SMAD3,1
NR3C1,SMAD5,1
NR3C1,SMARCA4,1
NR3C1,SMARCC1,1
NR3C1,SMARCE1,1
NR3C1,TBCB,1
NR3C1,TCF4,1
NR3C1,TRIM28,1
NR3C1,YEATS4,1
NR3C1,YWHAH,1
NR3C1,ZBTB16,1
NR5A2,ALB,1
NR5A2,NRIP1,1
NR5A2,POLR2D,1
NRIP1,AHR,1
NRIP1,CEP70,1
NRIP1,CTBP1,1
NRIP1,HDAC1,1
NRIP1,HDAC2,1
NRIP1,HNF4A,1
NRIP1,JUN,1
NRIP1,NR1H3,1
NRIP1,NR3C1,1
NRIP1,NR5A2,1
NRIP1,PPARA,1
NRIP1,THRB,1
NRIP1,YWHAH,1
ORC2,CDC6,1
ORC2,DBF4,1
ORC2,MCM2,1
ORC2,MCM3,1
ORC2,MCM4,1
ORC2,MCM5,1
ORC2,MCM6,1
ORC2,MCM7,1
ORC2,ORC4,1
ORC2,ORC5,1
ORC2,ORC6,1
ORC2,XRCC5,1
OTX2,FOXA2,1
PA2G4,EXOSC5,1
PA2G4,HDAC2,1
PAPOLA,CPSF3,1
PAPOLA,SMAD2,1
PARP1,MYBL2,1
PARP1,NCOA6,1
PARP1,NPM1,1
PARP1,PCNA,1
PARP1,POU2F1,1
PARP1,TCF4,1
PARP1,TP53,1
PARP1,XRCC5,1
PARP1,XRCC6,1
PAWR,AATF,1
PAWR,THAP1,1
PAX6,ASNS,1
PAX6,CCDC88A,1
PAX6,CDK5RAP2,1
PAX6,CDX2,1
PAX6,ETS1,1
PAX6,ETV4,1
PAX6,FOXP1,1
PAX6,GLIS3,1
PAX6,HESX1,1
PAX6,HIPK2,1
PAX6,HTATSF1,1
PAX6,IDH3B,1
PAX6,JARID2,1
PAX6,LIAS,1
PAX6,MEF2C,1
PAX6,NFIB,1
PAX6,PAPOLA,1
PAX6,PBX1,1
PAX6,SERTAD3,1
PAX6,SLC35D2,1
PAX6,SMARCA4,1
PAX6,TAF11,1
PAX6,TAF5,1
PAX6,TCF4,1
PAX6,YARS,1
PAX6,ZFHX3,1
PAX6,ZFP42,1
PAX6,ZIC3,1
PBX1,AATF,1
PBX1,ACADVL,1
PBX1,BCL11A,1
PBX1,BCOR,1
PBX1,BCS1L,1
PBX1,CAPN12,1
PBX1,DDHD1,1
PBX1,FLAD1,1
PBX1,GPM6B,1
PBX1,GRPR,1
PBX1,IVNS1ABP,1
PBX1,MEF2C,1
PBX1,MID1,1
PBX1,NR3C1,1
PBX1,PAX6,1
PBX1,PHGDH,1
PBX1,PIK3R1,1
PBX1,POLR1C,1
PBX1,PTPRZ1,1
PBX1,RIOK1,1
PBX1,SMC6,1
PBX1,TBL1X,1
PBX1,UCHL1,1
PBX1,UGP2,1
PCGF6,RNF2,1
PEG3,USP7,1
PHB2,HDAC1,1
PHB2,HDAC2,1
PHB2,PTMA,1
PIAS2,GTF2I,1
PIAS2,MYC,1
PIAS2,STAT2,1
PIAS3,HDAC1,1
PIAS3,HMGA2,1
PIAS3,MYC,1
PIAS3,SKIL,1
PIAS3,SMAD2,1
PIAS3,SMAD3,1
PIAS3,STAT2,1
PIAS3,ZFHX3,1
PITX1,EGR1,1
PITX2,HDAC1,1
PMS1,MLH1,1
POLR1B,POLR1E,1
POLR1C,NME1,1
POLR1C,POLR1D,1
POLR1C,POLR1E,1
POLR1D,POLR1C,1
POLR1E,POLR1B,1
POLR1E,POLR1C,1
POLR2B,BTF3,1
POLR2B,POLR2D,1
POLR2B,POLR2L,1
POLR2D,NR5A2,1
POLR2D,POLR2B,1
POLR2D,POLR2G,1
POLR2D,POLR2K,1
POLR2D,POLR2L,1
POLR2F,POLR2G,1
POLR2G,EWSR1,1
POLR2G,POLR2D,1
POLR2G,POLR2F,1
POLR2K,BRCA1,1
POLR2K,POLR2D,1
POLR2L,EXOSC5,1
POLR2L,POLR2B,1
POLR2L,POLR2D,1
POLR3D,POLR3E,1
POLR3E,POLR3D,1
POU2F1,AES,1
POU2F1,AKR1B1,1
POU2F1,AKR1C3,1
POU2F1,ALB,1
POU2F1,APOA2,1
POU2F1,APOO,1
POU2F1,ASPH,1
POU2F1,ASXL1,1
POU2F1,ATF3,1
POU2F1,ATP5G1,1
POU2F1,ATP5SL,1
POU2F1,BCOR,1
POU2F1,BMP2,1
POU2F1,BPHL,1
POU2F1,BRCA1,1
POU2F1,BRIP1,1
POU2F1,BTF3,1
POU2F1,BUB1B,1
POU2F1,CDC20,1
POU2F1,CDC6,1
POU2F1,CDCA2,1
POU2F1,COPS5,1
POU2F1,COQ3,1
POU2F1,CRBN,1
POU2F1,CRYZL1,1
POU2F1,DAB2,1
POU2F1,DAXX,1
POU2F1,DNMT3A,1
POU2F1,DPYSL2,1
POU2F1,ELF1,1
POU2F1,ESRG,1
POU2F1,ETS1,1
POU2F1,ETV1,1
POU2F1,F2RL1,1
POU2F1,FN1,1
POU2F1,FOXA1,1
POU2F1,FOXA2,1
POU2F1,FOXP1,1
POU2F1,GEMIN7,1
POU2F1,GLIS3,1
POU2F1,GPC3,1
POU2F1,GYG1,1
POU2F1,HCFC1,1
POU2F1,HDAC1,1
POU2F1,HIST1H2BC,1
POU2F1,HMGA1,1
POU2F1,HMGA2,1
POU2F1,HMGB2,1
POU2F1,HMGB3,1
POU2F1,HNF1B,1
POU2F1,HPN,1
POU2F1,HSPA14,1
POU2F1,ID2,1
POU2F1,ING1,1
POU2F1,JARID2,1
POU2F1,JUND,1
POU2F1,LDB2,1
POU2F1,LEAP2,1
POU2F1,LIFR,1
POU2F1,MAF,1
POU2F1,MED30,1
POU2F1,MEF2C,1
POU2F1,MID1,1
POU2F1,MTUS1,1
POU2F1,MYC,1
POU2F1,MYCN,1
POU2F1,NAA15,1
POU2F1,NFIB,1
POU2F1,NFKBIZ,1
POU2F1,NHEJ1,1
POU2F1,NIF3L1,1
POU2F1,NR2F2,1
POU2F1,NR3C1,1
POU2F1,NT5DC2,1
POU2F1,NUP93,1
POU2F1,OTX2,1
POU2F1,PARP1,1
POU2F1,PAX6,1
POU2F1,PDE6D,1
POU2F1,PITX2,1
POU2F1,PLCD1,1
POU2F1,POP5,1
POU2F1,PRDM1,1
POU2F1,PRIM2,1
POU2F1,PROSER1,1
POU2F1,PTPRZ1,1
POU2F1,RAD1,1
POU2F1,RAD54B,1
POU2F1,RARG,1
POU2F1,RBBP7,1
POU2F1,RIN2,1
POU2F1,RUNX1T1,1
POU2F1,S100A13,1
POU2F1,SALL3,1
POU2F1,SEMA3E,1
POU2F1,SLC35D2,1
POU2F1,SLC7A6,1
POU2F1,SMAD2,1
POU2F1,SMAD3,1
POU2F1,SMAD5,1
POU2F1,SORBS2,1
POU2F1,SOX11,1
POU2F1,SOX2,1
POU2F1,SRM,1
POU2F1,SSBP3,1
POU2F1,STARD3NL,1
POU2F1,STAT2,1
POU2F1,SYTL2,1
POU2F1,TARBP2,1
POU2F1,TBL1X,1
POU2F1,TCF4,1
POU2F1,TMEM126B,1
POU2F1,TP53INP2,1
POU2F1,UBE2L6,1
POU2F1,USP39,1
POU2F1,XRCC6,1
POU2F1,ZFHX3,1
POU2F1,ZIC3,1
POU5F1,ATF3,1
POU5F1,ATP5SL,1
POU5F1,BMP2,1
POU5F1,CDCA2,1
POU5F1,COQ3,1
POU5F1,CRBN,1
POU5F1,CRYZL1,1
POU5F1,DAXX,1
POU5F1,DNMT3A,1
POU5F1,DPYSL2,1
POU5F1,ELF1,1
POU5F1,EWSR1,1
POU5F1,F2RL1,1
POU5F1,FOXA1,1
POU5F1,HIST1H2BC,1
POU5F1,HMGA1,1
POU5F1,HMGB2,1
POU5F1,HNF1B,1
POU5F1,HPN,1
POU5F1,ING1,1
POU5F1,LDB2,1
POU5F1,MEF2C,1
POU5F1,MID1,1
POU5F1,MTUS1,1
POU5F1,NAA15,1
POU5F1,PAX6,1
POU5F1,PRDM1,1
POU5F1,RARG,1
POU5F1,SALL3,1
POU5F1,SEMA3E,1
POU5F1,SMAD2,1
POU5F1,SMAD3,1
POU5F1,SORBS2,1
POU5F1,SRM,1
POU5F1,TARBP2,1
POU5F1,TCF4,1
POU5F1,TP53INP2,1
POU5F1,ZFHX3,1
POU5F1,ZIC3,1
PPARA,ACAA1,1
PPARA,ACOX2,1
PPARA,ACSL5,1
PPARA,APOA1,1
PPARA,APOA2,1
PPARA,CCND1,1
PPARA,DUT,1
PPARA,FABP1,1
PPARA,FGB,1
PPARA,GOT1,1
PPARA,HMGCS2,1
PPARA,MAPK1,1
PPARA,MECR,1
PPARA,MYC,1
PPARA,NCOA1,1
PPARA,NR1H3,1
PPARA,NRIP1,1
PPARA,PLTP,1
PPARA,SCD5,1
PRDM1,AES,1
PSIP1,HCFC1,1
PSIP1,SRSF1,1
PTMA,CCNB1,1
PTMA,CDK1,1
PTMA,CDK4,1
PTMA,HDAC1,1
PTMA,HDAC2,1
PTMA,KPNA2,1
PTMA,PCNA,1
PTMA,PHB2,1
PTTG1,ANAPC4,1
PTTG1,ANAPC7,1
PTTG1,CDC20,1
PTTG1,CDC23,1
PTTG1,ESPL1,1
PTTG1,TP53,1
PTTG1,XRCC6,1
RAD51,BLM,1
RAD51,BRCA1,1
RAD51,BRCA2,1
RAD51,CHEK1,1
RAD51,FANCD2,1
RAD51,RAD51AP1,1
RAD51,RAD51C,1
RAD51,RAD54B,1
RAD51,RAD54L,1
RAD51,TP53,1
RAD54B,CDC23,1
RAD54B,RAD51,1
RARG,CCND1,1
RARG,CRABP2,1
RARG,FGFR1,1
RARG,HMGA1,1
RARG,JUN,1
RARG,KLF5,1
RARG,MAPK1,1
RARG,NCOA1,1
RARG,SERPINF1,1
RARG,SMAD3,1
RBBP4,AEBP2,1
RBBP4,BRCA1,1
RBBP4,BRMS1,1
RBBP4,HDAC1,1
RBBP4,HDAC2,1
RBBP4,ING1,1
RBBP4,RBBP7,1
RBBP4,XRCC6,1
RBBP7,APPL2,1
RBBP7,BRCA1,1
RBBP7,BRMS1,1
RBBP7,HDAC1,1
RBBP7,HDAC2,1
RBBP7,ING1,1
RBBP7,RBBP4,1
RBM39,JUN,1
RBM39,NCOA6,1
RBMX,HNRNPK,1
RBPJ,CTBP1,1
RBPJ,HDAC1,1
RBPJ,HDAC2,1
RBPJ,NOTCH3,1
REST,ARID3B,1
REST,BBS7,1
REST,BRMS1,1
REST,C3ORF14,1
REST,CD320,1
REST,CHTF18,1
REST,CIDEB,1
REST,CLDN4,1
REST,CNBP,1
REST,DDIT4,1
REST,DGAT1,1
REST,DNMT3A,1
REST,ECSIT,1
REST,EFNA1,1
REST,EGR1,1
REST,ELAVL2,1
REST,EPAS1,1
REST,EWSR1,1
REST,EXOSC3,1
REST,HCFC1,1
REST,HDAC6,1
REST,HNRNPUL1,1
REST,HSD17B7,1
REST,IRF9,1
REST,LECT1,1
REST,MAD2L1,1
REST,MAD2L1BP,1
REST,METTL5,1
REST,MLH1,1
REST,MORN2,1
REST,MRS2,1
REST,MST1,1
REST,NDUFAF5,1
REST,NNT,1
REST,NPPB,1
REST,NPRL2,1
REST,NRIP1,1
REST,NUDT15,1
REST,PCIF1,1
REST,PMAIP1,1
REST,POLR3E,1
REST,POU2F1,1
REST,RARG,1
REST,RRM2,1
REST,RSU1,1
REST,SKA3,1
REST,SLC2A1,1
REST,SLC39A5,1
REST,SLC5A6,1
REST,SOX11,1
REST,TGIF1,1
REST,THYN1,1
REST,TKT,1
REST,TRIM27,1
REST,TSN,1
REST,UROD,1
REST,UTP18,1
REST,VIL1,1
REST,VTN,1
REST,WDR74,1
REST,ZIC2,1
REST,ZNF74,1
REST,ZNHIT3,1
RFC1,BRCA1,1
RFC1,CCND1,1
RFC1,CDK4,1
RFC1,CEBPA,1
RFC1,HDAC1,1
RFC1,PCNA,1
RFC1,RFC2,1
RFX5,RFXANK,1
RFXANK,RFX5,1
RNF19A,UBE2L6,1
RNF2,PCGF6,1
RNF2,PHC1,1
RNF4,HMGA1,1
RNPS1,SRSF6,1
RREB1,AAMP,1
RREB1,ACADVL,1
RREB1,AEBP1,1
RREB1,AES,1
RREB1,B4GALT3,1
RREB1,BCL11A,1
RREB1,BCOR,1
RREB1,BRMS1,1
RREB1,CAPN12,1
RREB1,CAPRIN1,1
RREB1,CDCA3,1
RREB1,CHD8,1
RREB1,DDIT3,1
RREB1,DGAT1,1
RREB1,DMKN,1
RREB1,DNMT3B,1
RREB1,FARSA,1
RREB1,G6PC3,1
RREB1,H1F0,1
RREB1,HNRNPUL1,1
RREB1,IFRD2,1
RREB1,KNTC1,1
RREB1,MAZ,1
RREB1,NFIB,1
RREB1,NR3C1,1
RREB1,NREP,1
RREB1,OAZ2,1
RREB1,PBX1,1
RREB1,SIRT2,1
RREB1,SOX11,1
RREB1,SP4,1
RREB1,SPAG9,1
RREB1,SUPT16H,1
RREB1,TIPARP,1
RREB1,TRERF1,1
RREB1,TRIM27,1
RREB1,VEZF1,1
RREB1,ZIC2,1
RREB1,ZNF581,1
RUNX1T1,CEBPA,1
RUNX1T1,HDAC1,1
RUNX1T1,ID3,1
RUNX1T1,TAF9B,1
RUNX1T1,TCF3,1
RUNX1T1,TCF4,1
RUNX1T1,WBP11,1
RUNX1T1,ZBTB16,1
RUVBL1,ACTL6A,1
RUVBL1,DKC1,1
RUVBL1,PLG,1
RUVBL1,RUVBL2,1
RUVBL1,TCF7L1,1
RUVBL2,DPCD,1
RUVBL2,HDAC1,1
RUVBL2,RUVBL1,1
SALL2,EWSR1,1
SIRT1,FOXO1,1
SIRT1,HIST1H1B,1
SIRT1,HNF4A,1
SIRT1,NR1H3,1
SIRT2,HDAC6,1
SKIL,ASCC3,1
SKIL,C12ORF10,1
SKIL,FN1,1
SKIL,PIAS3,1
SKIL,SMAD2,1
SKIL,SMAD3,1
SKIL,TDP2,1
SKIL,TTF2,1
SKIL,XRCC6,1
SKIL,ZBTB3,1
SMAD2,BRCA1,1
SMAD2,CDK4,1
SMAD2,COPS5,1
SMAD2,DAB2,1
SMAD2,E2F4,1
SMAD2,E2F5,1
SMAD2,EEF1A1,1
SMAD2,FOXH1,1
SMAD2,GATAD2B,1
SMAD2,GTF2I,1
SMAD2,HDAC1,1
SMAD2,HIPK2,1
SMAD2,HNF4A,1
SMAD2,JUN,1
SMAD2,KHDRBS1,1
SMAD2,LITAF,1
SMAD2,MAPK1,1
SMAD2,MEF2C,1
SMAD2,MYC,1
SMAD2,NCOA6,1
SMAD2,PAPOLA,1
SMAD2,PEX19,1
SMAD2,PIAS3,1
SMAD2,PITX2,1
SMAD2,RAB34,1
SMAD2,SKIL,1
SMAD2,SMAD3,1
SMAD2,TBC1D1,1
SMAD2,TFDP1,1
SMAD2,TGIF1,1
SMAD2,TNNT1,1
SMAD2,TP53,1
SMAD3,AKR1B1,1
SMAD3,ANKRD1,1
SMAD3,APOB,1
SMAD3,ATF3,1
SMAD3,BRCA1,1
SMAD3,BRCA2,1
SMAD3,CCL2,1
SMAD3,CDK4,1
SMAD3,DAB2,1
SMAD3,DDX5,1
SMAD3,E2F4,1
SMAD3,E2F5,1
SMAD3,EPAS1,1
SMAD3,ETS1,1
SMAD3,FOXH1,1
SMAD3,FOXO1,1
SMAD3,GMEB1,1
SMAD3,HMGA2,1
SMAD3,HNF4A,1
SMAD3,JUND,1
SMAD3,LAMC1,1
SMAD3,MAPK1,1
SMAD3,MTF2,1
SMAD3,NCOA6,1
SMAD3,NR3C1,1
SMAD3,PIAS3,1
SMAD3,PITX2,1
SMAD3,RARG,1
SMAD3,SKIL,1
SMAD3,SMAD2,1
SMAD3,TFDP1,1
SMAD3,TFE3,1
SMAD3,TGIF2,1
SMAD3,TP53,1
SMAD3,XRCC6,1
SMAD3,YBX1,1
SMAD3,ZBTB16,1
SMAD3,ZDHHC4,1
SMAD5,BMPR1A,1
SMAD5,ID2,1
SMAD5,ID3,1
SMAD5,MAPK1,1
SMAD5,PTPN12,1
SMAD5,SUV39H2,1
SMARCA4,ACTL6A,1
SMARCA4,AHR,1
SMARCA4,ARID2,1
SMARCA4,BRCA1,1
SMARCA4,CREB1,1
SMARCA4,FANCA,1
SMARCA4,MPHOSPH6,1
SMARCA4,NR3C1,1
SMARCA4,PAX6,1
SMARCA4,SMARCC1,1
SMARCA4,SMARCE1,1
SMARCA4,SS18,1
SMARCA4,STAT2,1
SMARCA4,TP53,1
SMARCA5,CREB1,1
SMARCA5,DNMT3B,1
SMARCA5,HDAC2,1
SMARCA5,MAF,1
SMARCC1,FANCA,1
SMARCC1,NR3C1,1
SMARCC1,SMARCA4,1
SMARCE1,ARID2,1
SMARCE1,BRMS1,1
SMARCE1,NCOA1,1
SMARCE1,NR3C1,1
SMARCE1,SMARCA4,1
SNRPB,DDX20,1
SNRPB,GEMIN7,1
SNRPB,PRMT5,1
SNRPB,SNRPD1,1
SNRPD1,DDX20,1
SNRPD1,GEMIN2,1
SNRPD1,PRMT5,1
SNRPD1,SNRPB,1
SOX2,POU2F1,1
SOX2,POU5F1,1
SP100,CASP8AP2,1
SP100,CBX3,1
SP100,HIPK2,1
SP4,CDKN1A,1
SRF,ACADVL,1
SRF,ACOT7,1
SRF,ACTC1,1
SRF,ANXA3,1
SRF,APOA2,1
SRF,ASL,1
SRF,ATF3,1
SRF,BLMH,1
SRF,BZW2,1
SRF,CAPN2,1
SRF,CAPRIN1,1
SRF,CBX3,1
SRF,CCDC126,1
SRF,CCDC82,1
SRF,CCL2,1
SRF,CDKN1A,1
SRF,CHD8,1
SRF,CHEK1,1
SRF,CLDN4,1
SRF,CNN2,1
SRF,CREG1,1
SRF,DDAH1,1
SRF,DSCR3,1
SRF,EGR1,1
SRF,EHMT2,1
SRF,ELL2,1
SRF,EPB41L2,1
SRF,ETV4,1
SRF,EXOSC9,1
SRF,FEN1,1
SRF,FOSB,1
SRF,FOSL2,1
SRF,FOXP1,1
SRF,GATA4,1
SRF,GLIPR2,1
SRF,GPC3,1
SRF,GTF2I,1
SRF,H1F0,1
SRF,HIST1H1B,1
SRF,HK1,1
SRF,HMGA1,1
SRF,HSD17B7,1
SRF,IL32,1
SRF,ISG15,1
SRF,ITIH4,1
SRF,JUND,1
SRF,MATR3,1
SRF,MID1,1
SRF,MRPL16,1
SRF,MRRF,1
SRF,MUSTN1,1
SRF,NCOA1,1
SRF,NEIL2,1
SRF,NNAT,1
SRF,NR2F2,1
SRF,NR2F6,1
SRF,PAPOLA,1
SRF,PAX6,1
SRF,PBX1,1
SRF,PDCD11,1
SRF,PDGFA,1
SRF,PPP1R16A,1
SRF,PRDM1,1
SRF,PRIM2,1
SRF,RAB31,1
SRF,RHOBTB3,1
SRF,RNF19A,1
SRF,RSU1,1
SRF,SLC25A4,1
SRF,SLC39A5,1
SRF,SSRP1,1
SRF,SURF2,1
SRF,SVIL,1
SRF,TADA3,1
SRF,TAF5,1
SRF,TCF3,1
SRF,TCF4,1
SRF,TTC39C,1
SRF,TUBB6,1
SRF,UTRN,1
SRF,VIL1,1
SRF,ZFP36,1
SRF,ZIC3,1
SRF,ZNF644,1
SRF,ZNF93,1
SRRM1,DEK,1
SRSF1,GEMIN2,1
SRSF1,PSIP1,1
SRSF1,TCERG1,1
SRSF1,U2AF1,1
SRSF2,GEMIN2,1
SRSF2,U2AF1,1
SRSF2,ZRANB2,1
SRSF3,GEMIN2,1
SRSF3,HNRNPK,1
SRSF6,RNPS1,1
SSBP2,EWSR1,1
SSRP1,MCM4,1
SSRP1,MYCBP,1
SSRP1,SRF,1
STAT2,ACADVL,1
STAT2,AEBP1,1
STAT2,AMBP,1
STAT2,ANAPC4,1
STAT2,ASPH,1
STAT2,BCOR,1
STAT2,C3ORF14,1
STAT2,CCND1,1
STAT2,CD37,1
STAT2,CIDEB,1
STAT2,CXCR4,1
STAT2,DBNDD2,1
STAT2,DCLRE1C,1
STAT2,DEDD,1
STAT2,EGR1,1
STAT2,EHMT2,1
STAT2,ESCO2,1
STAT2,ETV5,1
STAT2,F3,1
STAT2,FGA,1
STAT2,FOXP1,1
STAT2,HDAC1,1
STAT2,HOOK2,1
STAT2,ID3,1
STAT2,IRF9,1
STAT2,ITIH4,1
STAT2,JUN,1
STAT2,KIAA0586,1
STAT2,KLF5,1
STAT2,MED14,1
STAT2,MID1,1
STAT2,MRPL10,1
STAT2,MTUS1,1
STAT2,MYC,1
STAT2,NR3C1,1
STAT2,ORC4,1
STAT2,PIAS2,1
STAT2,PIAS3,1
STAT2,POLD3,1
STAT2,PPP2R1B,1
STAT2,PRDM1,1
STAT2,RARG,1
STAT2,RFX5,1
STAT2,SERTAD3,1
STAT2,SIAE,1
STAT2,SMARCA4,1
STAT2,SSBP2,1
STAT2,TCF4,1
STAT2,TFAP2C,1
STAT2,TFDP2,1
STAT2,THAP4,1
STAT2,TMEM60,1
STAT2,UTRN,1
STAT2,VCAN,1
STAT2,VRK1,1
STAT2,ZBTB3,1
STAT2,ZFHX3,1
SUB1,HNF4A,1
SUB1,PCNA,1
SUPT16H,MCM3,1
SUPT16H,MCM4,1
SUV39H2,EWSR1,1
SUV39H2,SMAD5,1
TADA3,EIF3J,1
TADA3,ING5,1
TADA3,TP53,1
TAF11,TAF5,1
TAF11,TAF6,1
TAF11,TAF7,1
TAF1A,TAF1B,1
TAF1A,TP53,1
TAF1B,MYC,1
TAF1B,TAF1A,1
TAF1B,TP53,1
TAF5,GTF2F2,1
TAF5,TAF11,1
TAF5,TAF6,1
TAF5,TAF7,1
TAF6,GTF2E1,1
TAF6,TAF11,1
TAF6,TAF5,1
TAF6,TAF7,1
TAF7,AHR,1
TAF7,TAF11,1
TAF7,TAF5,1
TAF7,TAF6,1
TAF9B,DRAP1,1
TAF9B,RUNX1T1,1
TAF9B,TP53,1
TARDBP,ZHX1,1
TCEA1,GTF2E1,1
TCEB1,CUL2,1
TCEB1,EPAS1,1
TCEB1,TCEB2,1
TCEB2,EPAS1,1
TCEB2,TCEB1,1
TCEB2,TCEB3,1
TCEB3,MED21,1
TCEB3,TCEB2,1
TCERG1,CHAF1A,1
TCERG1,DNAJB9,1
TCERG1,NPM1,1
TCERG1,SF3A3,1
TCERG1,SRSF1,1
TCF3,ACADVL,1
TCF3,ADSL,1
TCF3,AEBP1,1
TCF3,AMHR2,1
TCF3,APEH,1
TCF3,ARL6IP6,1
TCF3,ASF1A,1
TCF3,ATP2C1,1
TCF3,CAPG,1
TCF3,CDK2AP1,1
TCF3,CMPK1,1
TCF3,DDIT3,1
TCF3,DNMT3A,1
TCF3,DPCD,1
TCF3,DPEP1,1
TCF3,DPYSL2,1
TCF3,DRAP1,1
TCF3,ELAVL2,1
TCF3,EOMES,1
TCF3,EPAS1,1
TCF3,ETS1,1
TCF3,ETV4,1
TCF3,EYA3,1
TCF3,FOXP1,1
TCF3,GPM6B,1
TCF3,HNF4A,1
TCF3,ICT1,1
TCF3,ID2,1
TCF3,ID3,1
TCF3,LAPTM4B,1
TCF3,MAPK1,1
TCF3,MEF2C,1
TCF3,NAA15,1
TCF3,NUDT1,1
TCF3,NUP93,1
TCF3,PIM2,1
TCF3,PITX2,1
TCF3,POLR1D,1
TCF3,PPARA,1
TCF3,PPFIBP2,1
TCF3,PPT1,1
TCF3,PROSER1,1
TCF3,RNF19A,1
TCF3,RUNX1T1,1
TCF3,SHISA2,1
TCF3,SMAD5,1
TCF3,SRF,1
TCF3,SSBP3,1
TCF3,TFDP2,1
TCF3,TGIF1,1
TCF3,TP53INP2,1
TCF3,TPD52L1,1
TCF3,UTP15,1
TCF3,ZBTB16,1
TCF3,ZRANB2,1
TCF4,ATP11C,1
TCF4,ATP2C1,1
TCF4,DDIT3,1
TCF4,EGF,1
TCF4,EOMES,1
TCF4,EYA3,1
TCF4,GAL,1
TCF4,GNRH2,1
TCF4,HARS,1
TCF4,HMGA1,1
TCF4,ICT1,1
TCF4,ID2,1
TCF4,ID3,1
TCF4,MYO10,1
TCF4,NAA15,1
TCF4,PARP1,1
TCF4,RNF19A,1
TCF4,RNF4,1
TCF4,RUNX1T1,1
TCF4,SMAD3,1
TCF4,SMAD5,1
TCF4,TP53INP2,1
TCF4,XRCC5,1
TCF4,XRCC6,1
TCF7L1,BIRC5,1
TCF7L1,CCND1,1
TCF7L1,CTBP1,1
TCF7L1,FOSL1,1
TCF7L1,JUN,1
TCF7L1,MYC,1
TCF7L1,RUVBL1,1
TCOF1,PCNA,1
TEAD2,NCOA1,1
TFAP2C,AAMP,1
TFAP2C,ABT1,1
TFAP2C,ACADVL,1
TFAP2C,ACAT2,1
TFAP2C,ACOT7,1
TFAP2C,ACTC1,1
TFAP2C,ACY1,1
TFAP2C,ADAM9,1
TFAP2C,AGPAT2,1
TFAP2C,AIMP2,1
TFAP2C,ANKRD1,1
TFAP2C,ANLN,1
TFAP2C,APEH,1
TFAP2C,APOA2,1
TFAP2C,ASCC3,1
TFAP2C,ASNS,1
TFAP2C,ASPH,1
TFAP2C,ATF3,1
TFAP2C,ATG3,1
TFAP2C,ATP1B3,1
TFAP2C,BCKDK,1
TFAP2C,BLMH,1
TFAP2C,BRCA2,1
TFAP2C,BST2,1
TFAP2C,BUB1B,1
TFAP2C,C19ORF48,1
TFAP2C,C1GALT1,1
TFAP2C,C6ORF203,1
TFAP2C,CCDC169,1
TFAP2C,CD320,1
TFAP2C,CDCA7L,1
TFAP2C,CDK2AP1,1
TFAP2C,CDX2,1
TFAP2C,CEBPD,1
TFAP2C,CKS2,1
TFAP2C,CLDN4,1
TFAP2C,COPS3,1
TFAP2C,COPS5,1
TFAP2C,CRELD1,1
TFAP2C,CTBP1,1
TFAP2C,DDAH1,1
TFAP2C,DDX5,1
TFAP2C,DDX54,1
TFAP2C,DNAJB9,1
TFAP2C,DPH5,1
TFAP2C,DSN1,1
TFAP2C,DUT,1
TFAP2C,DYNLT3,1
TFAP2C,EED,1
TFAP2C,EFNA1,1
TFAP2C,EOMES,1
TFAP2C,ESYT1,1
TFAP2C,EXOSC1,1
TFAP2C,EXTL2,1
TFAP2C,F2RL1,1
TFAP2C,FANCA,1
TFAP2C,FARSA,1
TFAP2C,FBXO22,1
TFAP2C,FLAD1,1
TFAP2C,FOSL2,1
TFAP2C,FOXH1,1
TFAP2C,FOXO1,1
TFAP2C,FTSJ1,1
TFAP2C,FUCA1,1
TFAP2C,GAL,1
TFAP2C,GALM,1
TFAP2C,GATA6,1
TFAP2C,GLUD1,1
TFAP2C,GNPNAT1,1
TFAP2C,GPRC5C,1
TFAP2C,GSN,1
TFAP2C,H1F0,1
TFAP2C,HDHD3,1
TFAP2C,HK1,1
TFAP2C,HMGA1,1
TFAP2C,HMGCL,1
TFAP2C,HNRNPH2,1
TFAP2C,HNRNPR,1
TFAP2C,HPRT1,1
TFAP2C,ID3,1
TFAP2C,IFNGR1,1
TFAP2C,IL6ST,1
TFAP2C,IRF1,1
TFAP2C,ISG15,1
TFAP2C,ITGB5,1
TFAP2C,ITIH4,1
TFAP2C,JARID2,1
TFAP2C,JUND,1
TFAP2C,KAT7,1
TFAP2C,KEAP1,1
TFAP2C,LAMB2,1
TFAP2C,LGALS3,1
TFAP2C,LHX1,1
TFAP2C,LIFR,1
TFAP2C,LITAF,1
TFAP2C,M6PR,1
TFAP2C,MAT2B,1
TFAP2C,MATR3,1
TFAP2C,MAZ,1
TFAP2C,MCM2,1
TFAP2C,MCM3,1
TFAP2C,MELK,1
TFAP2C,MEST,1
TFAP2C,METTL8,1
TFAP2C,MRPS12,1
TFAP2C,MRPS30,1
TFAP2C,MTMR2,1
TFAP2C,MYL6B,1
TFAP2C,MYO10,1
TFAP2C,MYO9A,1
TFAP2C,MYOF,1
TFAP2C,NAA25,1
TFAP2C,NCAPG,1
TFAP2C,NCK1,1
TFAP2C,NEK2,1
TFAP2C,NNT,1
TFAP2C,NOTCH3,1
TFAP2C,NPRL2,1
TFAP2C,NR1H3,1
TFAP2C,NR2F6,1
TFAP2C,NR3C1,1
TFAP2C,NSD1,1
TFAP2C,OIP5,1
TFAP2C,ORC2,1
TFAP2C,ORC6,1
TFAP2C,PARP1,1
TFAP2C,PCIF1,1
TFAP2C,PDZK1,1
TFAP2C,PISD,1
TFAP2C,PLAGL2,1
TFAP2C,PMS1,1
TFAP2C,POLR1C,1
TFAP2C,POLR2K,1
TFAP2C,POLR2L,1
TFAP2C,POU2F1,1
TFAP2C,POU5F1,1
TFAP2C,PPAT,1
TFAP2C,PRC1,1
TFAP2C,PRIM2,1
TFAP2C,PRKCI,1
TFAP2C,PTMA,1
TFAP2C,PYGL,1
TFAP2C,RAB31,1
TFAP2C,RAI14,1
TFAP2C,RBPJ,1
TFAP2C,REST,1
TFAP2C,RIOK3,1
TFAP2C,RNF2,1
TFAP2C,RRM2,1
TFAP2C,RRM2B,1
TFAP2C,RUVBL2,1
TFAP2C,S100A6,1
TFAP2C,S100PBP,1
TFAP2C,SAMHD1,1
TFAP2C,SDAD1,1
TFAP2C,SEC22C,1
TFAP2C,SERTAD3,1
TFAP2C,SGK1,1
TFAP2C,SHMT2,1
TFAP2C,SKIL,1
TFAP2C,SLC29A1,1
TFAP2C,SLC38A2,1
TFAP2C,SLC5A6,1
TFAP2C,SLC7A7,1
TFAP2C,SMARCC1,1
TFAP2C,SMARCD2,1
TFAP2C,SRF,1
TFAP2C,SSBP2,1
TFAP2C,STC1,1
TFAP2C,SUCLA2,1
TFAP2C,SULT1A2,1
TFAP2C,TADA1,1
TFAP2C,TAF11,1
TFAP2C,TARBP2,1
TFAP2C,TBL1X,1
TFAP2C,TDP1,1
TFAP2C,TEAD2,1
TFAP2C,TEAD4,1
TFAP2C,TERF1,1
TFAP2C,TFRC,1
TFAP2C,TGIF1,1
TFAP2C,THAP4,1
TFAP2C,THYN1,1
TFAP2C,TMEM126B,1
TFAP2C,TMEM14A,1
TFAP2C,TMEM37,1
TFAP2C,TNNI3,1
TFAP2C,TOP2A,1
TFAP2C,TP53,1
TFAP2C,TPM2,1
TFAP2C,TRERF1,1
TFAP2C,TRIM25,1
TFAP2C,TRMT1,1
TFAP2C,TUBB6,1
TFAP2C,UBE2C,1
TFAP2C,UTP18,1
TFAP2C,WDR54,1
TFAP2C,XPO6,1
TFAP2C,YARS,1
TFAP2C,YBX1,1
TFAP2C,ZDHHC4,1
TFAP2C,ZFP62,1
TFAP2C,ZHX1,1
TFAP2C,ZIC2,1
TFAP2C,ZNF143,1
TFAP2C,ZNF766,1
TFDP1,E2F3,1
TFDP1,E2F4,1
TFDP1,E2F5,1
TFDP1,MYC,1
TFDP1,SMAD2,1
TFDP1,SMAD3,1
TFDP2,E2F3,1
TFDP2,E2F4,1
TFDP2,MYC,1
TFE3,E2F3,1
TFE3,SMAD3,1
TGIF1,ACTC1,1
TGIF1,APOO,1
TGIF1,CREB3L2,1
TGIF1,CTBP1,1
TGIF1,EEF1A1,1
TGIF1,EEF1E1,1
TGIF1,ELAVL2,1
TGIF1,FTSJ1,1
TGIF1,GPC3,1
TGIF1,HDAC1,1
TGIF1,ID2,1
TGIF1,IFRD2,1
TGIF1,IQGAP2,1
TGIF1,IRF1,1
TGIF1,IVNS1ABP,1
TGIF1,JAZF1,1
TGIF1,JUN,1
TGIF1,MAPK1,1
TGIF1,MEF2C,1
TGIF1,NR2F6,1
TGIF1,PRMT5,1
TGIF1,RCAN1,1
TGIF1,SMAD2,1
TGIF1,SRSF6,1
TGIF1,SSRP1,1
TGIF1,SYTL2,1
TGIF1,TGIF2,1
TGIF1,WARS,1
TGIF2,HDAC1,1
TGIF2,RBBP8,1
TGIF2,SMAD3,1
THRB,BTG1,1
THRB,CCND1,1
THRB,COPS2,1
THRB,FOXO1,1
THRB,HDAC2,1
THRB,HMGN3,1
THRB,JMJD1C,1
THRB,MECR,1
THRB,MED21,1
THRB,NCOA1,1
THRB,NCOA6,1
THRB,NR2F6,1
THRB,NRIP1,1
THRB,TP53,1
THRB,TRIP13,1
THRB,ZNHIT3,1
TIMELESS,CHEK1,1
TIMELESS,TIPIN,1
TNFAIP3,YWHAH,1
TOP2B,HDAC1,1
TOP2B,TOP2A,1
TOP2B,TP53,1
TOP2B,XRCC5,1
TOPORS,CREB3L4,1
TOPORS,DPCD,1
TOPORS,ELAVL2,1
TOPORS,EOMES,1
TOPORS,FAM118B,1
TOPORS,FEN1,1
TOPORS,FOSB,1
TOPORS,FOXP1,1
TOPORS,GPR133,1
TOPORS,ITGB3BP,1
TOPORS,LAMB1,1
TOPORS,LIFR,1
TOPORS,MOV10,1
TOPORS,OPA1,1
TOPORS,PITX2,1
TOPORS,SALL2,1
TOPORS,SLC25A11,1
TOPORS,SMARCC1,1
TOPORS,SP4,1
TOPORS,TCF4,1
TOPORS,TP53,1
TOPORS,UCK2,1
TOPORS,USP1,1
TP53,ANXA3,1
TP53,APEX1,1
TP53,AURKA,1
TP53,BLM,1
TP53,BRIX1,1
TP53,BTG1,1
TP53,CEBPA,1
TP53,CEBPZ,1
TP53,COPS2,1
TP53,COPS3,1
TP53,COPS5,1
TP53,COPS7A,1
TP53,DAXX,1
TP53,DDIT4,1
TP53,DDX5,1
TP53,DEDD,1
TP53,DPF2,1
TP53,E2F4,1
TP53,E2F5,1
TP53,EEF1A1,1
TP53,EHMT2,1
TP53,ESRG,1
TP53,ETS1,1
TP53,ETV4,1
TP53,ETV5,1
TP53,EXTL2,1
TP53,FAM64A,1
TP53,GPRC5C,1
TP53,HDAC1,1
TP53,HDAC2,1
TP53,HMGB2,1
TP53,HMGN2,1
TP53,HMGN5,1
TP53,HNRNPUL1,1
TP53,ING5,1
TP53,KLF6,1
TP53,KPNA2,1
TP53,LGALS3,1
TP53,LHX1,1
TP53,LIG1,1
TP53,LITAF,1
TP53,MAD2L1BP,1
TP53,MAPK1,1
TP53,MCM2,1
TP53,MPHOSPH6,1
TP53,MRRF,1
TP53,MSH2,1
TP53,MST1,1
TP53,MYO10,1
TP53,NFIB,1
TP53,NFYB,1
TP53,NOP16,1
TP53,NPM1,1
TP53,NPRL2,1
TP53,NR3C1,1
TP53,NTHL1,1
TP53,P2RX4,1
TP53,PAFAH1B3,1
TP53,PARP1,1
TP53,PCNA,1
TP53,PEG3,1
TP53,PPFIBP2,1
TP53,PPP1CC,1
TP53,PPP1R7,1
TP53,PREB,1
TP53,PRIM1,1
TP53,PSEN1,1
TP53,PSME3,1
TP53,RAD51,1
TP53,RRM2,1
TP53,S100A6,1
TP53,SALL3,1
TP53,SAT1,1
TP53,SIRT1,1
TP53,SMAD2,1
TP53,SMARCA4,1
TP53,SOX4,1
TP53,STMN1,1
TP53,TADA3,1
TP53,TAF1A,1
TP53,TAF1B,1
TP53,TAF5,1
TP53,TAF9B,1
TP53,TCF7L1,1
TP53,TFAP2C,1
TP53,TFDP1,1
TP53,TFRC,1
TP53,TGIF1,1
TP53,THRB,1
TP53,TK1,1
TP53,TOP2A,1
TP53,TOP2B,1
TP53,TOPORS,1
TP53,TRERF1,1
TP53,TRIAP1,1
TP53,USP7,1
TP53,UTP15,1
TP53,VRK1,1
TP53,XRCC5,1
TP53,XRCC6,1
TP53,YBX1,1
TP53,ZBTB3,1
TP53,ZHX1,1
TP53,ZNF581,1
TRIM22,USP7,1
TRIM25,UBE2L6,1
TRIM27,DNMT1,1
TRIM27,HDAC1,1
TRIM27,ZBTB16,1
TRIM28,CBX3,1
TRIM28,CHAF1A,1
TRIM28,NR3C1,1
TRIM28,ZNF354A,1
TRIM28,ZNF74,1
TRIP13,C11ORF54,1
TRIP13,HDHD3,1
TRIP13,MAD2L1BP,1
TRIP13,NIF3L1,1
TRIP13,PLAC8,1
TRIP13,THRB,1
TRIP13,WDYHV1,1
TTF2,DRAP1,1
TTF2,MATR3,1
TTF2,MYBL2,1
TTF2,SKIL,1
WBP11,MCRS1,1
WBP11,PIK3R1,1
WBP11,PPP1CC,1
WBP11,RUNX1T1,1
XBP1,AAMP,1
XBP1,AATF,1
XBP1,CAMK2D,1
XBP1,DDAH1,1
XBP1,DNMT3A,1
XBP1,DRAP1,1
XBP1,ELAVL2,1
XBP1,ELF1,1
XBP1,FOXP1,1
XBP1,GPRC5C,1
XBP1,HNRNPH2,1
XBP1,IGF2BP3,1
XBP1,LGALS4,1
XBP1,LIN28A,1
XBP1,MCM2,1
XBP1,MCM6,1
XBP1,MID1,1
XBP1,NCOA6,1
XBP1,NR2F2,1
XBP1,NSD1,1
XBP1,P4HA2,1
XBP1,PSMB10,1
XBP1,RARG,1
XBP1,RUNX1T1,1
XBP1,SRSF1,1
XBP1,SRSF2,1
XBP1,STMN1,1
XBP1,TGIF1,1
XBP1,TRIM25,1
XBP1,UCHL5,1
XBP1,UFSP2,1
XBP1,VPS26A,1
XBP1,ZBTB16,1
XRCC5,NAA15,1
XRCC5,NCOA6,1
XRCC5,ORC2,1
XRCC5,PARP1,1
XRCC5,PCNA,1
XRCC5,SGOL1,1
XRCC5,TCF4,1
XRCC5,TOP2B,1
XRCC5,XRCC6,1
XRCC6,APEX1,1
XRCC6,CDKN1A,1
XRCC6,CHEK1,1
XRCC6,EGFR,1
XRCC6,NAA15,1
XRCC6,NCOA6,1
XRCC6,PAFAH1B3,1
XRCC6,PARP1,1
XRCC6,PCNA,1
XRCC6,POU2F1,1
XRCC6,PTTG1,1
XRCC6,RBBP4,1
XRCC6,SGOL1,1
XRCC6,SKIL,1
XRCC6,SMAD3,1
XRCC6,TCF4,1
XRCC6,TP53,1
XRCC6,XRCC5,1
YAF2,GABPB1,1
YAF2,MYCN,1
YBX1,HNRNPD,1
YBX1,HNRNPK,1
YBX1,MAPK1,1
YBX1,NFYB,1
YBX1,PCNA,1
YBX1,SMAD3,1
YBX1,TP53,1
ZBTB16,CDK1,1
ZBTB16,CEP70,1
ZBTB16,EEF1A1,1
ZBTB16,FHL2,1
ZBTB16,HDAC1,1
ZBTB16,HDAC6,1
ZBTB16,NR3C1,1
ZBTB16,PAFAH1B3,1
ZBTB16,PMAIP1,1
ZBTB16,RUNX1T1,1
ZBTB16,SMAD3,1
ZBTB16,TERF1,1
ZBTB16,TRIM27,1
ZBTB3,SKIL,1
ZFHX3,PIAS3,1
ZFP36,EXOSC8,1
ZFP36,MAPK1,1
ZFP36,YWHAH,1
ZHX1,AKR1C3,1
ZHX1,MPHOSPH6,1
ZHX1,PAFAH1B3,1
ZHX1,SAT1,1
ZHX1,TARDBP,1
ZHX1,TERF1,1
ZHX1,TP53,1
ZIC2,AAMP,1
ZIC2,ATP2C1,1
ZIC2,BSCL2,1
ZIC2,CETN3,1
ZIC2,CSDE1,1
ZIC2,DHRS3,1
ZIC2,DYNLT3,1
ZIC2,GATA6,1
ZIC2,GLI1,1
ZIC2,GLI2,1
ZIC2,HPX,1
ZIC2,JAG1,1
ZIC2,MAEA,1
ZIC2,NR2F2,1
ZIC2,PLAGL2,1
ZIC2,PPFIBP2,1
ZIC2,RARG,1
ZIC2,RUNX1T1,1
ZIC2,SSRP1,1
ZIC2,TPD52L1,1
ZIC2,TRERF1,1
ZNF354A,TRIM28,1
ZNF638,FHL2,1
ZNF638,HOOK2,1
ZNF74,TRIM28,1
ZNHIT3,HNF4A,1
ZNHIT3,THRB,1
ZNRD1,NONO,1
ZRANB2,SRSF2,1
ZRANB2,U2AF1,1
CEBPA,ACOX2,1
CEBPA,ALDH1A1,1
CEBPA,APOC3,1
CEBPA,ARHGAP26,1
CEBPA,ATP2C1,1
CEBPA,CAMK2D,1
CEBPA,CDK5RAP2,1
CEBPA,DNAH14,1
CEBPA,EFNA5,1
CEBPA,EGFR,1
CEBPA,EPAS1,1
CEBPA,EPB41L2,1
CEBPA,FAM13A,1
CEBPA,FOXA2,1
CEBPA,GXYLT2,1
CEBPA,HIPK2,1
CEBPA,HSD17B2,1
CEBPA,IFNGR1,1
CEBPA,IGF1R,1
CEBPA,JAZF1,1
CEBPA,JMJD1C,1
CEBPA,LAMB1,1
CEBPA,LITAF,1
CEBPA,MTUS1,1
CEBPA,NEDD4L,1
CEBPA,NFIB,1
CEBPA,PIK3R1,1
CEBPA,PLIN2,1
CEBPA,PRKCE,1
CEBPA,PTP4A1,1
CEBPA,PYGL,1
CEBPA,RBPJ,1
CEBPA,RCAN1,1
CEBPA,RHOBTB3,1
CEBPA,RIN2,1
CEBPA,RREB1,1
CEBPA,SGK1,1
CEBPA,SIL1,1
CEBPA,SMAD3,1
CEBPA,SPAG9,1
CEBPA,SVIL,1
CEBPA,TBC1D1,1
CEBPA,THOC1,1
CEBPA,TNFAIP3,1
CEBPA,USP10,1
CEBPA,UTRN,1
CEBPA,ZBTB16,1
E2F4,BCOR,1
E2F4,BRCA2,1
E2F4,BRIP1,1
E2F4,CDCA2,1
E2F4,CENPU,1
E2F4,DDX39A,1
E2F4,DHPS,1
E2F4,DLGAP5,1
E2F4,DNA2,1
E2F4,DROSHA,1
E2F4,E2F8,1
E2F4,EPAS1,1
E2F4,EXOSC8,1
E2F4,FANCA,1
E2F4,FLAD1,1
E2F4,FOXM1,1
E2F4,GGH,1
E2F4,HELLS,1
E2F4,HIST1H1C,1
E2F4,HMBS,1
E2F4,HNRNPAB,1
E2F4,ING5,1
E2F4,KIAA0101,1
E2F4,KIF20A,1
E2F4,LIG1,1
E2F4,MAD2L1BP,1
E2F4,MAEA,1
E2F4,MMS22L,1
E2F4,NR3C1,1
E2F4,NUSAP1,1
E2F4,OIP5,1
E2F4,ORC6,1
E2F4,P4HA2,1
E2F4,POU2F1,1
E2F4,RAD54B,1
E2F4,RECQL,1
E2F4,RRM2,1
E2F4,SAE1,1
E2F4,SLC38A1,1
E2F4,SMARCA5,1
E2F4,SNRNP25,1
E2F4,TAF5,1
E2F4,TBC1D31,1
E2F4,TDP1,1
E2F4,TIMM21,1
E2F4,TRIM28,1
E2F4,TRIP13,1
E2F4,TTF2,1
E2F4,TTLL4,1
E2F4,UBE2C,1
E2F4,UBE2T,1
E2F4,ZFYVE21,1
E2F7,E2F8,1
EGR1,ACTN1,1
EGR1,AES,1
EGR1,APEX1,1
EGR1,ARHGAP26,1
EGR1,DNMT3A,1
EGR1,FAM13A,1
EGR1,FOSL1,1
EGR1,HOOK2,1
EGR1,IRF1,1
EGR1,KLF5,1
EGR1,LIG1,1
EGR1,MYC,1
EGR1,NFIB,1
EGR1,NOTCH3,1
EGR1,NTMT1,1
EGR1,PISD,1
EGR1,SPP1,1
EGR1,TCF3,1
EGR1,TGIF1,1
EGR1,UCKL1,1
EGR1,ZNF638,1
EPAS1,ARHGAP26,1
EPAS1,DDIT4,1
EPAS1,FAM13A,1
EPAS1,POU5F1,1
ETS1,ACTN1,1
ETS1,ARHGAP26,1
ETS1,BCOR,1
ETS1,CD9,1
ETS1,DDIT4,1
ETS1,DNMT1,1
ETS1,DPYSL2,1
ETS1,E2F3,1
ETS1,EEF1A1,1
ETS1,EPAS1,1
ETS1,FOXP1,1
ETS1,GSN,1
ETS1,HDGF,1
ETS1,HK1,1
ETS1,HMGN4,1
ETS1,HNRNPUL1,1
ETS1,HOOK2,1
ETS1,ID3,1
ETS1,IGF1R,1
ETS1,IGF2BP3,1
ETS1,ING1,1
ETS1,ITGB5,1
ETS1,JMJD1C,1
ETS1,KLF6,1
ETS1,MYOF,1
ETS1,NFIB,1
ETS1,NTMT1,1
ETS1,PRKCE,1
ETS1,PTMA,1
ETS1,RAD51,1
ETS1,RAI14,1
ETS1,RARG,1
ETS1,RBM39,1
ETS1,RNASE4,1
ETS1,SGK1,1
ETS1,SLC25A37,1
ETS1,SLC38A2,1
ETS1,SMOX,1
ETS1,SSBP3,1
ETS1,SVIL,1
ETS1,TCF4,1
ETS1,TGIF1,1
ETS1,TGIF2,1
ETS1,USP39,1
ETS1,UTRN,1
ETS1,ZFP36,1
FOSL2,TGIF1,1
FOXA1,APOA1,1
FOXA1,ARHGAP26,1
FOXA1,BRIP1,1
FOXA1,CAMK2D,1
FOXA1,CDK5RAP2,1
FOXA1,CEBPA,1
FOXA1,EFNA5,1
FOXA1,EGFR,1
FOXA1,ERBB4,1
FOXA1,FAM13A,1
FOXA1,GLIS3,1
FOXA1,GULP1,1
FOXA1,ICA1,1
FOXA1,IGF1R,1
FOXA1,IQGAP2,1
FOXA1,JARID2,1
FOXA1,JAZF1,1
FOXA1,JMJD1C,1
FOXA1,KDM4C,1
FOXA1,LMO7,1
FOXA1,MEF2C,1
FOXA1,MID1,1
FOXA1,MTUS1,1
FOXA1,NBAS,1
FOXA1,NFIB,1
FOXA1,PAPSS1,1
FOXA1,PAWR,1
FOXA1,PBX1,1
FOXA1,POU2F1,1
FOXA1,PPFIBP2,1
FOXA1,PRKCE,1
FOXA1,PTPRM,1
FOXA1,RBPJ,1
FOXA1,SCAPER,1
FOXA1,SIL1,1
FOXA1,SLC38A1,1
FOXA1,SORBS2,1
FOXA1,SSBP2,1
FOXA1,SVIL,1
FOXA1,TBC1D1,1
FOXA1,TFPI,1
FOXA1,TPD52L1,1
FOXA1,TTR,1
FOXA1,USP10,1
FOXA1,UTRN,1
FOXA1,ZBTB16,1
FOXA2,TTR,1
FOXM1,AURKB,1
FOXM1,BIRC5,1
FOXM1,BRCA2,1
FOXM1,CCND1,1
FOXM1,CDKN1A,1
FOXM1,CDX2,1
FOXM1,CENPF,1
FOXM1,CKS1B,1
FOXM1,PLK1,1
FOXM1,PPFIBP2,1
FOXO1,CCNB1,1
FOXO1,CCNB2,1
FOXO1,CCND1,1
FOXO1,CDKN1A,1
FOXO1,MCM5,1
FOXO1,SEPP1,1
FOXP1,BCL11A,1
FOXP1,CAMK2D,1
FOXP1,CDKN1A,1
FOXP1,EFNA5,1
FOXP1,EPB41L2,1
FOXP1,FAM13A,1
FOXP1,GLIS3,1
FOXP1,IGF1R,1
FOXP1,KDM4C,1
FOXP1,LAMC1,1
FOXP1,PARP1,1
FOXP1,PIK3R1,1
FOXP1,PMAIP1,1
FOXP1,POU2F1,1
FOXP1,RBPJ,1
FOXP1,RIN2,1
FOXP1,SMARCC1,1
FOXP1,SPAG9,1
FOXP1,SSBP2,1
FOXP1,SVIL,1
FOXP1,TCF4,1
FOXP1,UTRN,1
FOXP1,ZBTB16,1
GATA6,SVIL,1
GLI2,IFNGR1,1
GLI2,PCNA,1
HNF4A,ACOT7,1
HNF4A,ACTN1,1
HNF4A,AGT,1
HNF4A,ALDH1A1,1
HNF4A,ANXA4,1
HNF4A,ARHGAP26,1
HNF4A,BCOR,1
HNF4A,C3,1
HNF4A,CAMK2D,1
HNF4A,CDK5RAP2,1
HNF4A,CDX2,1
HNF4A,CLDN4,1
HNF4A,CTSE,1
HNF4A,DHRS3,1
HNF4A,DPYSL2,1
HNF4A,EGFR,1
HNF4A,EPAS1,1
HNF4A,EPB41L2,1
HNF4A,ETV4,1
HNF4A,F2,1
HNF4A,FAM13A,1
HNF4A,FGA,1
HNF4A,FHL2,1
HNF4A,G6PC3,1
HNF4A,GATA4,1
HNF4A,GLIS3,1
HNF4A,GPRC5C,1
HNF4A,HSD17B2,1
HNF4A,IGF2BP3,1
HNF4A,IQGAP2,1
HNF4A,ITGB5,1
HNF4A,KDM4C,1
HNF4A,LMO7,1
HNF4A,NEDD4L,1
HNF4A,NFIB,1
HNF4A,NFKBIZ,1
HNF4A,PEMT,1
HNF4A,PIK3R1,1
HNF4A,PPFIBP2,1
HNF4A,PRKCE,1
HNF4A,PTP4A1,1
HNF4A,PTPRM,1
HNF4A,RCAN1,1
HNF4A,RHOBTB3,1
HNF4A,SEPP1,1
HNF4A,SIL1,1
HNF4A,SLC35D2,1
HNF4A,SORBS2,1
HNF4A,SPAG9,1
HNF4A,SSBP3,1
HNF4A,SULF2,1
HNF4A,SVIL,1
HNF4A,TBC1D1,1
HNF4A,TBL1X,1
HNF4A,TM4SF5,1
HNF4A,TMEM37,1
HNF4A,USP7,1
HNF4A,UTRN,1
HNF4A,ZBTB16,1
HNF4A,ZFHX3,1
MAZ,MYC,1
MEF2C,TCF4,1
MYC,EXOSC8,1
MYCN,EGFR,1
NFYB,CCNB1,1
NFYB,CRYZL1,1
NFYB,PCNA,1
NR2F2,APOA1,1
NR2F2,APOA2,1
NR2F2,APOB,1
NR2F2,APOC2,1
NR2F2,APOC3,1
NR2F2,HNF4A,1
NR2F2,TF,1
NR3C1,NR1I3,1
PAX6,NANOG,1
PAX6,POU5F1,1
PRDM14,BCL11A,1
PRDM14,BCOR,1
PRDM14,CD9,1
PRDM14,DNMT3A,1
PRDM14,FOSL2,1
PRDM14,GLI2,1
PRDM14,GPRC5C,1
PRDM14,IGF1R,1
PRDM14,NFATC2,1
PRDM14,PTMA,1
PRDM14,RAB25,1
PRDM14,TCF7L1,1
SMAD3,GLIS3,1
SMAD3,SLC2A1,1
SOX2,ARHGAP26,1
SOX2,BBS9,1
SOX2,CDH2,1
SOX2,CDK5RAP2,1
SOX2,DNAH14,1
SOX2,EFNA5,1
SOX2,EPB41L2,1
SOX2,ERBB4,1
SOX2,ETV1,1
SOX2,FAM13A,1
SOX2,FOXP1,1
SOX2,GLI2,1
SOX2,JAG1,1
SOX2,JMJD1C,1
SOX2,KDM4C,1
SOX2,LDB2,1
SOX2,MAP1B,1
SOX2,MYO10,1
SOX2,NANOG,1
SOX2,NEDD4L,1
SOX2,PTPRM,1
SOX2,RBPJ,1
SOX2,SORBS2,1
SOX2,SPAG9,1
SOX2,ZCCHC7,1
SRF,ACTN1,1
STAT2,BST2,1
STAT2,EPSTI1,1
STAT2,MOV10,1
TFAP2C,ARHGAP26,1
TFAP2C,BCOR,1
TFAP2C,BRIP1,1
TFAP2C,CAPN2,1
TFAP2C,CDK5RAP2,1
TFAP2C,CHCHD6,1
TFAP2C,EFNA5,1
TFAP2C,EHMT1,1
TFAP2C,FAM49B,1
TFAP2C,FOXA1,1
TFAP2C,FOXP1,1
TFAP2C,IGF1R,1
TFAP2C,ISG20,1
TFAP2C,MTUS1,1
TFAP2C,MYC,1
TFAP2C,NEDD4L,1
TFAP2C,NFATC2,1
TFAP2C,PBX1,1
TFAP2C,PPFIBP2,1
TFAP2C,PRKCE,1
TFAP2C,RREB1,1
TFAP2C,SIL1,1
TFAP2C,SLC38A1,1
TFAP2C,SMAD3,1
TFAP2C,SSBP3,1
TFAP2C,SULF2,1
TFAP2C,SVIL,1
TFAP2C,TBC1D1,1
TFAP2C,TFF1,1
TFAP2C,TPD52L1,1
TFAP2C,USP10,1
TFAP2C,UTRN,1
TFAP2C,ZFHX3,1
TFAP2C,ZNF217,1
TFDP1,HNRNPUL1,1
TFDP1,PTMA,1
THAP11,LSM10,1
TP53,AEBP2,1
TP53,ANXA4,1
TP53,ARHGAP26,1
TP53,ASCC3,1
TP53,AXL,1
TP53,CAMK2D,1
TP53,CAPN2,1
TP53,DERA,1
TP53,DHRS3,1
TP53,DTWD1,1
TP53,EFNA5,1
TP53,ERBB4,1
TP53,FHL2,1
TP53,FOXP1,1
TP53,GSN,1
TP53,KDM4C,1
TP53,MED4,1
TP53,METTL8,1
TP53,MLH1,1
TP53,NEDD4L,1
TP53,PLAC8,1
TP53,PRDM1,1
TP53,PRKCE,1
TP53,PTP4A1,1
TP53,RBPJ,1
TP53,RRM1,1
TP53,SUGCT,1
TP53,SULF2,1
TP53,SVIL,1
TP53,TBC1D31,1
TP53,UQCC1,1
TP53,UTRN,1
TRIM25,CAMK2D,0
LIN28A,TEAD4,0
MLXIPL,PRPS2,0
TADA3,UFSP2,0
GLI1,RAI14,0
GABPB1,THYN1,0
MAPK1,RAD51,0
ENO1,ATF3,0
SUB1,MOV10,0
CHAF1A,HNF1B,0
RBM39,SFRP1,0
TADA3,WBP11,0
EEF1A1,LIG1,0
SUV39H2,POLR2K,0
SSB,RAI14,0
POLR3E,ZHX1,0
ETV1,HSD17B11,0
NFATC2,METTL1,0
SOX2,SQLE,0
POLR1E,NVL,0
RNPS1,HDGF,0
MYCN,AXL,0
CDX2,METTL8,0
MCM3,UFD1L,0
DAXX,CRAT,0
NONO,RAD54L,0
PA2G4,GYG1,0
PTMA,UMPS,0
RUNX1T1,PPAPDC1B,0
ZIC2,RFC2,0
AHR,DDX20,0
ORC2,SCAPER,0
ZNF74,SUB1,0
PREB,ZBTB24,0
PAWR,ICA1,0
XRCC6,C3,0
REST,TAF5,0
CBX3,COPS7A,0
WDR5,ALB,0
HIST1H1E,ING5,0
RFXANK,DAB2,0
PAWR,VRK1,0
PRDM1,LAPTM4B,0
FXR1,CNN2,0
SRSF6,CDK2AP1,0
CHAF1A,CCDC88A,0
E2F5,TRIM22,0
RUVBL2,MRS2,0
ILF3,SERPINB1,0
SMAD3,PMAIP1,0
GTF2F2,ABCA5,0
CDX2,CHEK1,0
PCGF6,GRPR,0
HNRNPK,SLC25A37,0
EHMT2,ANXA3,0
TIMELESS,SMAD5,0
CEBPZ,ING1,0
RNF19A,NVL,0
RUVBL2,QTRTD1,0
AEBP1,ZNF202,0
BRIP1,CACYBP,0
SMAD5,NOTCH3,0
ASCC3,ZFYVE21,0
FOXP1,CEP70,0
CSDE1,SERTAD3,0
JMJD1C,CASP8AP2,0
ZNF143,RAD51C,0
TNFAIP3,TBL1X,0
CHD8,NUP88,0
SRF,DNMT3A,0
PEG3,ORC5,0
MED14,ZNF398,0
E2F3,ACY1,0
HIST1H1C,RAI14,0
RNPS1,POLR2I,0
CHAF1A,SLC25A26,0
RUVBL2,UBE2E3,0
PAWR,MAPK1,0
WBP11,MOV10,0
RUVBL1,HPRT1,0
H1F0,ID3,0
ETS1,FOXA2,0
ZBTB3,BST2,0
PARP1,SMOX,0
ING5,UFD1L,0
TBL1X,ARID3B,0
KDM4C,APEX1,0
RUNX1T1,SIAE,0
ELF1,DSN1,0
POU2F1,TBC1D31,0
HMGA2,RAD51AP1,0
SALL4,ADAM9,0
RUVBL1,ACAD11,0
IVNS1ABP,CA2,0
NPM1,RRM1,0
EHMT2,DUT,0
GABPB1,BBS7,0
ETS1,CCDC66,0
SIRT1,RNASEH2A,0
RUVBL2,HARS,0
MCM4,PREB,0
TRIM25,AMZ2,0
POU5F1,MATR3,0
HIF3A,CUEDC2,0
ORC2,RAI14,0
GTF3C4,TBC1D1,0
HCFC1,EXOSC2,0
POLR1D,RBP2,0
MAF,POLR1D,0
ETV1,SLC35D2,0
FOXM1,NR2F6,0
HTATSF1,POU5F1,0
KDM4C,WDR43,0
ING1,AEBP1,0
HDAC2,ESPL1,0
TGIF1,CEBPD,0
BTG1,PISD,0
FOXM1,SNRNP25,0
HDAC2,PRIM2,0
E2F7,ORC6,0
TAF9B,BRIX1,0
HIPK2,CYB5B,0
SNRPD1,TMEM126B,0
TIMELESS,RBPJ,0
HMGN1,METTL3,0
PCGF6,SDAD1,0
ENO1,TADA3,0
TCERG1,FANCD2,0
EED,PPAPDC1B,0
NR2F2,LAMB2,0
NFYB,SEC14L2,0
TCEB1,LCMT1,0
RREB1,BZW2,0
SMARCE1,HOOK2,0
POLR1B,CCDC88A,0
ID2,NUP37,0
HTATSF1,GPRC5C,0
CSDE1,TADA3,0
POLR1E,DPF2,0
ENO1,LSM10,0
IRF1,MYO10,0
TTF2,PRIM1,0
SP100,COPS2,0
SSBP2,EEF1E1,0
SRF,BIRC5,0
LIN28A,DCAF13,0
ID3,ID2,0
ASCC3,SUV39H2,0
CBX3,ANKRD1,0
RBBP7,DRAP1,0
HIST1H1E,MAP1B,0
DEK,MRPL2,0
TCF3,BTG1,0
SNRPB,PDCD11,0
XRCC5,TIMM9,0
DEK,TM4SF5,0
DDB2,BST2,0
PRDM14,ZNF217,0
SMARCA5,SLC29A1,0
BRIP1,ZNF589,0
POLR2D,ALDH9A1,0
RBBP7,EGFR,0
PIAS2,VEZF1,0
HNRNPD,CCDC126,0
RBBP7,MRPS11,0
CEBPZ,FOXM1,0
TARDBP,FOSB,0
KDM4C,KIF20A,0
TRIM25,TAF6,0
RFXANK,SNRPB,0
LIN28A,SRRM1,0
MED21,FAM13A,0
PMS1,SLC2A1,0
CBX3,AGPAT2,0
WBP11,NOTCH3,0
TAF7,UCK2,0
YAF2,LRR1,0
PIAS2,CD9,0
TCEB1,CETN3,0
TAF9B,WDR75,0
NR3C1,POLR2D,0
GTF3C5,SNAPC1,0
TFE3,CD37,0
TBX3,ENO1,0
NRIP1,POLR3D,0
TRIM25,BRMS1,0
GTF3C5,AXL,0
SALL4,ADNP,0
NONO,FAM49B,0
ID3,NPRL2,0
RBMX,SYTL2,0
BTF3,SLC2A1,0
NFYB,CSDE1,0
PRDM14,SLC2A1,0
TCEB3,SIL1,0
PITX1,PDCD2L,0
HCFC1,PPIL1,0
NR5A2,PAPOLA,0
CSRP2,HDHD1,0
LIN28A,PIAS2,0
E2F8,NRIP1,0
HMGA1,SEC14L2,0
IRF9,ATP1B1,0
POLR2K,GMNN,0
MYBL2,POLR3D,0
TGIF1,SNAPC1,0
AEBP1,EIF3J,0
HMGN2,SUPV3L1,0
TAF6,TDGF1,0
TRIM28,FXR1,0
CHD8,YAE1D1,0
SP4,PAK1IP1,0
RNF19A,PRIM2,0
BCL11B,THAP4,0
ETV4,MLH1,0
TRIM22,MAD2L1,0
GATA6,HSD17B11,0
SRSF2,PSMG1,0
PCGF6,NME1,0
PHB2,FGFR1,0
GTF3C2,ZHX1,0
HIST1H1E,STC1,0
HDAC2,GATA4,0
NFYB,NBAS,0
ZNF300,ZHX1,0
EHMT2,NUP37,0
CNBP,ZNF766,0
TFAP2C,ASXL1,0
ZNF638,SEPP1,0
JUND,E2F5,0
TAF5,EED,0
HMGB2,EXOC5,0
PTMA,POLR2K,0
MED4,SGOL1,0
TP53,KLF3,0
IRF3,NANOG,0
ECD,BTG1,0
BDP1,ELF1,0
GLI2,PPP1R7,0
TAF1A,HMGXB4,0
AES,NT5DC2,0
SRSF3,ZFP64,0
NANOG,ATIC,0
PREB,YWHAH,0
BRIP1,PITX1,0
MAF,PSMD10,0
PREB,CUEDC2,0
ORC2,PLG,0
CEBPA,MGST2,0
HMGA2,HPN,0
PTTG1,KEAP1,0
NFIB,CDCA2,0
POLR2K,HMGB2,0
MAF,NEK2,0
ING1,NME2,0
NFATC2,C9ORF72,0
KHDRBS1,SLC10A1,0
HMGA2,MGST2,0
DDX54,PSMD10,0
TAF11,EXOSC3,0
PAWR,ZNF766,0
TBL1X,UGT2B11,0
TRIM28,PPP1CC,0
TFDP2,CXXC1,0
NFYB,GNRH2,0
SSRP1,PARPBP,0
CNOT7,RBP4,0
RBBP4,POLR1E,0
EGR1,TMEM60,0
NME2,GPM6B,0
GABPB1,MDK,0
NME2,TRIM22,0
POLR1C,LIFR,0
ZNF143,GLUD1,0
SOX2,CKS1B,0
ILF3,TDP2,0
ETV4,CNOT10,0
RAD51,VEZF1,0
OTX2,ZFP64,0
HIST1H1E,ODF2L,0
POLR2L,BBS9,0
DDB2,USP45,0
EHMT2,CXCR4,0
FOSB,PTMA,0
MCM8,PYGL,0
DR1,BIN1,0
E2F4,REST,0
FHL2,OPA1,0
TCEA1,ACAA1,0
SMARCC1,CKS2,0
EHMT2,MID1,0
RFXANK,E2F5,0
ZRANB2,ASCC3,0
GLI2,ZNF202,0
ZNF143,MRPS30,0
ZNF143,MUSTN1,0
CEBPZ,E2F5,0
ZNF74,HNRNPR,0
MEF2C,TCFL5,0
POLR3E,PPP2R1B,0
NUPR1,AHSG,0
PAWR,IMP4,0
SIRT1,CCDC88A,0
SMARCA5,COPS3,0
TOP2B,TCF3,0
CEBPD,RNASEH2B,0
GATA6,HERPUD1,0
ILF3,GPN3,0
NCOA6,MED14,0
DR1,THAP1,0
HNRNPUL1,ZFP42,0
PIAS3,EIF5B,0
E2F5,MTHFD1,0
ZNF300,TAF1B,0
TAF11,SLC25A26,0
SRSF2,ATP1B3,0
POLR1C,ACTC1,0
TRIM28,QTRTD1,0
AEBP2,FABP1,0
TFDP2,CENPK,0
HTATSF1,ACSL5,0
POLR2K,UCHL1,0
ETS1,MYL6B,0
RUVBL2,CREB3L4,0
TCEB3,VEZF1,0
MXD1,TFDP2,0
PCGF6,GATA6,0
GATA4,H1F0,0
MCM5,FOXM1,0
HIST1H1E,MTF2,0
PAX6,SLC25A4,0
TAF6,HMGXB4,0
SRSF1,P2RX4,0
PEG3,G6PC3,0
BTG1,NOTCH3,0
TRIM28,POLR3G,0
PRDM1,BSCL2,0
TAF1B,HNF1B,0
DRAP1,WDR74,0
POLR1E,ITGB5,0
POLR2K,AASS,0
NR2F6,DSCR3,0
SUB1,OTX2,0
HNRNPUL1,PAFAH1B3,0
TCEA1,PSME3,0
RREB1,CLDN4,0
JUND,CRAT,0
POLR2K,SLC35D2,0
NCOA6,TTLL4,0
SMARCE1,RAB34,0
MAZ,SPP1,0
SMARCA4,HNRNPH3,0
PRDM14,SHMT2,0
POLR3D,MLF1,0
POLR2K,DMKN,0
GTF3C5,CEBPZ,0
HIST1H1C,ATP5SL,0
POLR2B,TPGS2,0
CHD8,QTRTD1,0
COPS2,STAT2,0
ING1,GTF2E1,0
RBM39,THRB,0
EWSR1,LRRC40,0
AATF,MSH2,0
BDP1,F2RL1,0
ZNF354A,LCMT1,0
TCERG1,BST2,0
JMJD1C,EBNA1BP2,0
COPS2,GATA6,0
TRIP13,RNF4,0
FOXP1,CMC2,0
HIST1H1C,TMEM37,0
AHR,ID2,0
GTF2E1,CAPG,0
SMARCE1,PLAGL2,0
PPARA,EXOSC5,0
RFC1,FXR1,0
TEAD2,VPS33A,0
GTF2H2,ECT2,0
ESPL1,NNAT,0
TBL1X,AASS,0
PA2G4,EHMT2,0
FOXM1,C11ORF54,0
IRF9,GXYLT2,0
PCGF6,KIAA0101,0
HIPK2,EMG1,0
SSRP1,EEF1E1,0
HMGB2,MRPL49,0
YEATS4,MAD2L1BP,0
NRIP1,MTHFD1,0
ZBTB16,PLK1,0
TEAD2,AES,0
TARDBP,SNRPB,0
HMGA2,NOP16,0
KAT7,ZRANB2,0
ZBTB16,YBX1,0
DNMT1,BLM,0
NR2F2,SFRP1,0
FHL2,HPX,0
THRB,MMS22L,0
CEBPZ,RIN2,0
TFDP2,ETS1,0
MYCN,CBR1,0
PCGF6,MATR3,0
SSRP1,DPF2,0
THAP11,KEAP1,0
CHD8,TAF1B,0
GABPB1,CXXC1,0
ZBTB3,UTP15,0
MCM5,FARSA,0
POLR3D,NUP93,0
TP53,NEDD1,0
ZIC2,CYFIP2,0
TNFAIP3,SAAL1,0
NR1H3,ASL,0
SRRM1,SF3B3,0
DR1,ZNF146,0
PHB2,ANP32E,0
CEBPA,SOX11,0
ZFHX3,DDX20,0
SRSF1,PRC1,0
NRIP1,FUCA1,0
ZFP36,XRCC6,0
RBPJ,EFNA5,0
TRIM27,NAA16,0
PCGF6,ADSL,0
HNRNPD,RUVBL2,0
TFE3,SF3A3,0
SMAD2,CAPN12,0
BRIP1,METTL10,0
PRDM1,CNBP,0
SALL3,TBX3,0
KNTC1,NUP93,0
GTF3C2,ZIC3,0
HDAC2,CHD8,0
BTG1,KLF6,0
TCOF1,TTF2,0
ESPL1,RBP4,0
POU5F1,GRPR,0
RUVBL1,UBE2T,0
PCGF6,TCFL5,0
MYCN,ODF2L,0
NR5A2,ELOF1,0
SMARCA5,SSBP2,0
NCOA6,MCM4,0
E2F5,GOT1,0
RUVBL1,UPP1,0
HIST1H1E,SEPT10,0
GLI1,DHCR7,0
HNRNPK,KNTC1,0
TAF7,CYB5B,0
MTF2,LRRC1,0
SSRP1,HMGN5,0
MCM7,PLA2G12B,0
TCEB1,G6PC3,0
BTF3,ATG3,0
TADA3,BCS1L,0
HMGN3,TK1,0
GATA6,WDR43,0
DDX20,SLC39A5,0
POLR1B,UBAC2,0
DAXX,JAZF1,0
KAT7,CREB3L4,0
LIN28A,ASXL1,0
TOP2B,HELLS,0
NOTCH3,METTL8,0
CREB1,RSU1,0
EEF1A1,HIF1AN,0
FOXA2,RBM39,0
ZBTB3,TCEA1,0
ID2,RNF4,0
BRIP1,GAL,0
RNF2,MRPS30,0
RAD51,ACAD11,0
NR1I3,TMEM60,0
MYCBP,LSM10,0
HMGA1,HSPA14,0
H1F0,PEMT,0
TRIP13,EFTUD1,0
SMAD3,ILF3,0
ING5,NOP16,0
ELF1,NUDCD1,0
GLI2,NIP7,0
ZFHX3,NHEJ1,0
RBPJ,EOMES,0
OTX2,HMGN4,0
DAXX,GLI1,0
POLR1C,NT5DC2,0
DNMT1,BLVRA,0
RARG,OTX2,0
PRDM1,POLR1C,0
TAF11,TTC39C,0
BTF3,STAT2,0
SALL2,PTP4A1,0
POLR2L,S100A13,0
MLXIPL,MLST8,0
NR3C1,CTDSPL,0
SUB1,FOXA1,0
MTF2,GPN1,0
POLR2L,CENPU,0
TBL1X,CLDN4,0
SUB1,S100A6,0
GLI2,EPB41L2,0
KDM4C,ERAL1,0
CBX3,STARD3NL,0
RUNX1T1,IQGAP2,0
ZRANB2,ENO2,0
XRCC5,SNRPD1,0
TRIP13,THAP1,0
BIN1,YARS,0
MAPK1,ACY1,0
TFAP2C,FTSJ2,0
TIMELESS,PPT1,0
THAP11,ZNF74,0
SIRT2,RNPS1,0
MED14,GGH,0
MAPK1,SCD5,0
MLXIPL,XPO6,0
ETV4,CKS2,0
BCL11A,UBE2C,0
TAF5,HIF3A,0
BPTF,G6PC3,0
PAWR,AARS,0
CHD8,APEX1,0
PAWR,FANCI,0
JARID2,SEMA3E,0
SNRPD1,ENO1,0
IRF1,GGCT,0
HTATSF1,NDUFAF4,0
YBX1,KDELR3,0
CEBPZ,ALDH9A1,0
KHDRBS1,PIM2,0
JUN,SLC38A2,0
HNRNPD,EPSTI1,0
TCEB1,ZFP42,0
SALL2,LAMC1,0
NR2F6,RRM2,0
PCGF6,TRIM25,0
ILF2,ERBB4,0
ZRANB2,FN1,0
DEK,RNASEH2A,0
PMS1,CENPK,0
GTF2F2,SLC7A7,0
EHMT2,TCEB1,0
FOXM1,LITAF,0
KLF6,MAEA,0
GTF3C2,COPS2,0
HDAC1,ANG,0
HNRNPD,FOSL1,0
PSIP1,KAT7,0
EGR1,RABEPK,0
TAF1B,IL32,0
NCOA1,BTF3,0
HNRNPK,HSDL2,0
PTTG1,ZCCHC7,0
KLF6,POLR2G,0
TCEB3,FGB,0
HNRNPR,ISY1,0
NFYB,ADAM9,0
POU5F1,ELL2,0
PIAS2,CPSF3,0
SMAD2,DNMT3A,0
NAA15,MCM3,0
HMGB2,MDK,0
SUPT16H,APOA1,0
E2F8,PTTG1,0
XBP1,ARL2,0
CHD8,AGTRAP,0
ZFP36,SRM,0
KHDRBS1,RRM1,0
PBX1,TFAP2C,0
FOXM1,SLC25A17,0
RNF19A,DNAJC2,0
PIAS2,DDC,0
NR1H3,FOXH1,0
GTF3C5,C1GALT1,0
PAPOLA,UPP1,0
ZFHX3,GPM6B,0
DAB2,MUSTN1,0
FOSL2,GOT1,0
SMARCC1,RFXANK,0
PAX6,KIF22,0
DRAP1,METTL8,0
SRSF1,UGP2,0
NR1I3,ISG15,0
ZNF143,SFRP1,0
POLR3E,HMGN4,0
ZFP36,AKR1B1,0
RUVBL2,GLI1,0
YBX1,APPL2,0
RREB1,ETV4,0
ZNRD1,ELOVL5,0
TCF4,ASCC3,0
ZNF354A,ERAL1,0
NR1H3,CRYZL1,0
POLR1C,TRIP13,0
MATR3,SALL2,0
TCEB3,METTL1,0
HNF4A,DDX5,0
BTG2,CTSC,0
ING5,YBX1,0
RAD51,FGA,0
NR2F6,TEAD2,0
GATAD2B,DCAF13,0
E2F7,SULF2,0
MCM2,CHEK1,0
TCEB2,EZH2,0
HMGN3,EEF1A1,0
HMGN3,HMGB2,0
RBM39,DDX39A,0
TFDP2,WDR74,0
HDAC1,C11ORF54,0
NME2,AASS,0
SUB1,SEPP1,0
IVNS1ABP,MTMR2,0
ETV4,NFATC2,0
HMGN2,TOPORS,0
RFX5,CCDC88A,0
RAD54B,TOP2B,0
ZFP36,HMGN1,0
GMEB1,AAAS,0
FOXP1,CKS2,0
SRSF6,SKIL,0
E2F5,C11ORF1,0
TARDBP,DPAGT1,0
EWSR1,TTK,0
MCM8,RBP4,0
PAPOLA,POLR1B,0
TAF1A,ISG20,0
NONO,DTWD1,0
RNF2,KEAP1,0
MLXIPL,GTF3C5,0
SRF,ANG,0
GABPB1,KIAA0101,0
TRIM22,ZNF202,0
SALL4,MST1,0
HMGA2,UFSP2,0
GATA4,YARS,0
ZNHIT3,VIL1,0
NFIB,THAP4,0
EGR1,SALL3,0
BCL11A,ERBB4,0
BTG1,DTWD1,0
PAX6,LCP1,0
SNRPB,H1F0,0
TTF2,MCM8,0
HTATSF1,MTUS1,0
GABPB1,AARS,0
RNF2,GNRH2,0
E2F7,CDX2,0
POU5F1,CAPRIN1,0
XRCC6,NDUFAF5,0
TARDBP,HMGN2,0
TFE3,CXXC1,0
BRCA2,MAFF,0
POLR1E,CCNB1,0
ZNRD1,PARPBP,0
PAX6,ABCA5,0
IRF3,HPN,0
TCEB2,LIAS,0
NCOA6,KLC4,0
HIF3A,EGFR,0
GLI2,TDGF1,0
TOPORS,ADAM9,0
ZBTB16,KIAA0586,0
TRIM27,BCKDK,0
TCEB2,AKR1B1,0
ZFHX3,PSAT1,0
PRDM14,EYA3,0
HIF3A,LAMC1,0
DEK,EFNA1,0
TEAD2,TP53,0
ZNF300,CCND1,0
CEBPD,LGALS3,0
SRRM1,TP53,0
PIAS2,PLA2G12B,0
MYCN,ETV5,0
POLR1B,CDC20,0
MATR3,RRM1,0
FOSL1,DAB2,0
CBX3,NSD1,0
SMAD2,USP3,0
TRIM22,KDM4C,0
ECD,MIS18BP1,0
GTF2H2,IDH3B,0
TARDBP,UBAC2,0
TCERG1,TSN,0
MCM7,HMMR,0
PAWR,HAUS2,0
HNRNPR,DDB2,0
ING3,EXOSC1,0
TBX3,GATAD2B,0
IRF9,VCAN,0
MCM6,CDX2,0
TP53,DROSHA,0
AEBP1,KLF3,0
ZNF638,TCF4,0
MCM5,TBPL1,0
EWSR1,SNRNP25,0
SALL3,CDCA3,0
SRSF6,RBP2,0
MYBBP1A,HSPA14,0
NFYB,GRHL1,0
HIST1H1C,CTSE,0
ENO1,SLC25A4,0
CREB1,SGOL1,0
RNPS1,TRIP13,0
SNRPB,DSCR3,0
DDIT3,OIP5,0
ID3,FANCI,0
DDX20,MORN2,0
TFDP2,EIF3J,0
AES,DCLRE1C,0
ZNHIT3,BCS1L,0
POLR1C,DDX54,0
KHDRBS1,MED4,0
HNRNPUL1,UTRN,0
MYC,SKIL,0
HIST1H1B,VRK1,0
TCF3,ASPH,0
TGIF2,TIMM9,0
POLR3E,HMGXB4,0
APEX1,ESRG,0
SMARCE1,GALM,0
DDIT3,EXOSC3,0
CSRP2,EFTUD1,0
EGR1,FGFR1,0
RUVBL2,GPN3,0
MAZ,MELK,0
XRCC6,CKS2,0
JARID2,METTL10,0
NRIP1,TTR,0
ZNF300,ANPEP,0
MXD1,FKBP11,0
AHR,CDC6,0
CEBPZ,CNOT7,0
RREB1,DPYSL2,0
SUB1,TCEB3,0
EEF1A1,ITGB3BP,0
CDX2,SMARCC1,0
ORC2,ACADVL,0
NR5A2,COPS7B,0
POLR1E,CNBP,0
MCM6,UMPS,0
KLF6,PIAS3,0
TRIM28,CCDC126,0
JUN,COPS2,0
APEX1,HMGN3,0
SRSF6,CA2,0
TBL1X,PCGF6,0
YBX1,SERPINF1,0
AATF,MAPK1,0
CNOT7,TMEM237,0
SRSF2,SYTL2,0
DDB2,UTP15,0
NR1I3,NPRL2,0
DNMT1,IFITM1,0
NPM1,TBC1D1,0
MCM3,CRBN,0
RNF4,GRHL1,0
SSB,P2RX4,0
PPARA,PCGF6,0
PEG3,HACL1,0
MCM3,E2F4,0
POLR2G,IL6ST,0
SNRPD1,ZIC2,0
POLR1B,POU2F1,0
GTF2I,CDC23,0
SIRT1,CDK5RAP2,0
CREB3L3,CDK5RAP2,0
NCOA6,ZRANB2,0
GTF2H2,CDCA3,0
RUVBL2,PCGF6,0
FOSL2,ARID2,0
HDAC2,HDHD1,0
GATA4,NTHL1,0
FOSL2,MRS2,0
SRSF3,PHC1,0
RUVBL2,KDM4C,0
PAWR,CIDEB,0
TARDBP,CAPN2,0
POLR3E,ESCO2,0
SKIL,OPA1,0
HIST1H1C,RFC2,0
BIN1,MED4,0
CSRP2,BST2,0
RARG,REST,0
NFYB,DNAJC2,0
NCOA6,DBNDD2,0
THAP11,CHEK1,0
TAF1A,SVIL,0
PTMA,PRDM1,0
CHD8,TIPARP,0
PTMA,MCM8,0
TRIP13,EXOSC5,0
ZNF300,EPS8L2,0
NFATC2,HDAC1,0
TCERG1,TADA3,0
TFAP2C,XRCC6,0
CSRP2,ZNF638,0
DNMT1,FBL,0
ID3,SUGCT,0
IRF9,HIF1AN,0
NR1I3,BMPR1A,0
NME2,DTWD1,0
TBL1X,SLC7A8,0
HNRNPD,MRPS12,0
PPARA,RHOBTB3,0
POLR1E,DDAH1,0
TCEB2,DNMT1,0
WDR5,SMARCA4,0
NCOA1,L1TD1,0
KLF5,TSN,0
PITX2,MRPL15,0
GTF3C2,CCNB1,0
GATAD2B,TFAP2C,0
RREB1,ID2,0
BTG1,RNF138,0
HNRNPD,PPP1R16A,0
ETS1,ZNHIT3,0
PAPOLA,ECT2,0
ZRANB2,TCERG1,0
JMJD1C,SNRPD1,0
MCM3,SIL1,0
JUND,POLR2B,0
EGR1,TIPIN,0
YBX1,HSD17B11,0
RBMX,NPM1,0
HIPK2,EHMT2,0
PA2G4,TIMM9,0
NONO,POLB,0
TOP2B,SRM,0
SSB,USP1,0
CNBP,ESCO2,0
ASCC3,USP11,0
GABPB1,YWHAH,0
CHAF1A,PDCD2L,0
PAX6,HDAC1,0
NR1H3,POLR3G,0
GTF3C4,MCM3,0
EZH2,DDAH1,0
BDP1,RABEPK,0
TGIF1,MAT2B,0
MYCBP,AGPAT2,0
UHRF1,POLE4,0
SP4,RCAN1,0
POLR1B,C6ORF203,0
PEG3,DPAGT1,0
ZBTB3,RRM2,0
CHD8,CREB3L4,0
MYCN,DDX20,0
E2F4,CASC5,0
RFXANK,TSN,0
POLR2D,HESX1,0
POLR3E,METTL1,0
DDX5,ALDH9A1,0
TFE3,TFF1,0
PMS1,ANXA4,0
E2F8,NCOA6,0
RUVBL1,NME2,0
TIMELESS,PUS7L,0
PTTG1,POLR1D,0
ID3,TRIM25,0
PMS1,C9ORF72,0
ZNRD1,KIAA0101,0
ZHX1,TCEB2,0
HNRNPR,VPS26A,0
PTMA,IFITM2,0
MCM4,TRIM25,0
FOXA1,UGP2,0
CEBPZ,RAD51C,0
ING3,MTFP1,0
TCEB2,TK1,0
PMS1,THY1,0
TAF6,CDH2,0
SSB,IFITM1,0
MCM4,PEMT,0
MCM2,SORBS2,0
TCERG1,POLR3D,0
HMGN2,LAMC1,0
PAWR,MYCN,0
ECD,TMEM120A,0
GABPB1,PON2,0
RARG,MCM8,0
TCEB2,HK1,0
ZNF354A,BIRC5,0
SALL4,WDR75,0
TBL1X,THAP1,0
RUVBL2,PTP4A1,0
SRSF6,C3ORF14,0
JUN,MTAP,0
TTF2,PLAC8,0
HCFC1,DDX20,0
CREB3L3,FOSL2,0
TRIM28,C21ORF59,0
HDAC2,BIRC5,0
OTX2,DNMT1,0
POLR2F,NR2F6,0
RFXANK,SMC4,0
KNTC1,FAM64A,0
DEK,THRAP3,0
RUNX1T1,ITGB3BP,0
GLI1,HMMR,0
SRSF1,GATA4,0
KAT7,HIPK2,0
RAD54B,GATA4,0
ZNF143,MCRS1,0
HMGN2,LRR1,0
MYBL2,ETV5,0
PIAS2,ISG15,0
POLR1C,MEF2C,0
NR5A2,CAPG,0
SRSF1,SKIL,0
REST,PDZK1,0
IRF9,TAF6,0
CNBP,GEMIN7,0
TRIM22,IL32,0
E2F4,E2F5,0
ZNF638,AGPAT2,0
DDX5,SRM,0
ZNF74,HTATSF1,0
FOXH1,ATP1B1,0
E2F5,CD320,0
MED21,MCM6,0
ORC2,PTMA,0
AATF,EGFR,0
NOTCH3,APOC2,0
GABPB1,RRM2B,0
SIRT2,AASS,0
ZFP36,AFP,0
ID2,CHD8,0
ZBTB3,M6PR,0
NME2,CDK4,0
BRIP1,ZNF93,0
PRDM14,PSME3,0
GTF2F2,NEDD4L,0
BRCA2,HIPK2,0
EED,YBX1,0
GATA6,TAF1A,0
KHDRBS1,GRPR,0
JARID2,HSD17B14,0
TNFAIP3,DNMT3A,0
WBP11,LAPTM4B,0
SALL3,CEP70,0
SIRT2,APOC1,0
SMARCA5,C6ORF203,0
MAF,CHEK1,0
BDP1,C6ORF203,0
YAF2,METTL1,0
BCL11A,NREP,0
FOXM1,HACL1,0
BDP1,SPP1,0
SMAD2,SMC2,0
NPM1,KLHDC2,0
CNBP,TYMS,0
NUPR1,IFITM1,0
ZNF143,SLC7A8,0
FXR1,CDCA7L,0
NAA15,RIN2,0
ING3,ARHGAP26,0
GLI1,MRPS30,0
CNOT7,SUGCT,0
PREB,NUP35,0
BCOR,SERPIND1,0
DEK,FGB,0
RFX5,TARBP2,0
CHAF1A,DYNLT3,0
BCL11A,CHEK1,0
DRAP1,RIOK3,0
MED14,ESYT1,0
CSDE1,STC1,0
NR3C1,MAFF,0
NR1H3,PTMA,0
PIAS3,RIOK3,0
PTTG1,E2F3,0
NPM1,HPN,0
NR1I3,ANG,0
MCM6,MYCN,0
SRF,M6PR,0
POLR1D,SMOX,0
BRIP1,MRRF,0
SMAD5,CD9,0
PAX6,PREB,0
NR1I3,CPSF6,0
MCM7,TCEB2,0
TARDBP,DROSHA,0
DDX5,MCM5,0
CHAF1A,C21ORF59,0
POLR2D,TMEM147,0
CTBP1,HNRNPH2,0
MCM5,NANOG,0
BIN1,TCEA1,0
TFDP1,CCDC126,0
HMGN3,BCL11B,0
RFXANK,CRABP2,0
NUPR1,CMPK1,0
NCOA6,MYC,0
SKIL,TNNT1,0
MAZ,MRPL16,0
TCF7L1,KIAA0101,0
AES,EEF1A1,0
HTATSF1,USP7,0
DDX5,TKT,0
THRB,HSD17B14,0
JMJD1C,ATP5SL,0
ASCC3,RREB1,0
GTF3C4,C19ORF48,0
FOSB,TIMELESS,0
ID3,MRPL15,0
CREB1,E2F5,0
NR2F2,NME1,0
HNF4A,PDCD2L,0
HMGN2,RECQL,0
GLI2,ACAD11,0
DNMT3A,PCIF1,0
HIF3A,WBP11,0
HIST1H1B,AIMP2,0
GTF3C2,AFF4,0
DEK,GOT1,0
FOXP1,PROSER1,0
TAF1A,ZFYVE21,0
RFC1,VPS33A,0
RUVBL2,GSN,0
ECD,DAB2,0
CEBPD,CHAF1A,0
DRAP1,ZCCHC7,0
PREB,LIN28A,0
POLR1B,TSN,0
SIRT2,CCDC66,0
ZNF354A,PDZK1,0
DNMT1,RNASEH2B,0
TCEA1,ZBTB3,0
SALL4,ZFP62,0
TADA3,ACOX2,0
FHL2,PPAPDC1B,0
TGIF2,C3ORF14,0
TBX3,WDYHV1,0
HDAC2,CDC23,0
PCGF6,SNRPB,0
ETV4,LHX1,0
HIST1H1C,PIM2,0
POLR3D,EXOSC2,0
IRF9,NPPB,0
EPAS1,GSN,0
GATA6,SUB1,0
THRB,EBNA1BP2,0
POLR3D,METTL21A,0
TAF7,IDH3B,0
DAB2,TCF3,0
ECD,EMC2,0
CNBP,ZFP62,0
COPS2,GOT1,0
BIN1,KEAP1,0
SMAD5,UMPS,0
ETV1,MED21,0
RNPS1,ITIH4,0
BTG2,YARS,0
DDX20,MRPS11,0
RFX5,OAZ2,0
TNFAIP3,IVNS1ABP,0
GATA4,CDC20,0
HMGA2,REST,0
POU5F1,HMGCL,0
RNPS1,SEC11C,0
PCGF6,NUDT15,0
TBX3,AGPAT2,0
PREB,IRF1,0
PEG3,MSH2,0
NONO,RECQL,0
BRCA2,AAMP,0
HNRNPD,CEP70,0
ZIC2,SFRP1,0
TAF1A,TFAP2C,0
POU2F1,ATP11C,0
CREB1,HSD17B11,0
PCGF6,ARID3B,0
HMGN1,COMMD10,0
HMGA2,DKC1,0
TCEA1,POLR2B,0
SRSF2,ZNF589,0
HMGA1,GLIS3,0
COPS2,SGK1,0
RARG,BCL11A,0
ZNF354A,H1F0,0
BTG2,CDKN3,0
TP53,AATF,0
RNF19A,BLM,0
DDB2,FOXO1,0
POU5F1,UFSP2,0
HNF4A,JMJD1C,0
WDR5,COPS2,0
SMARCC1,TDP2,0
SALL3,SMARCE1,0
TAF9B,SUPV3L1,0
NFYB,AGTRAP,0
TTF2,HAUS1,0
KLF6,WFDC2,0
HIST1H1C,MTX2,0
PITX1,DGAT1,0
TRIP13,MRRF,0
XBP1,NOSIP,0
ZHX1,ANAPC4,0
MCM2,TK1,0
CDX2,SP4,0
SMARCA5,PTP4A1,0
MCM3,RNASEH2B,0
SP100,TARDBP,0
MAF,MCM3,0
MCM8,SIAE,0
EGR1,PPP1R16A,0
FOXO1,NHEJ1,0
NANOG,LIG1,0
HMGB2,ASCC3,0
MCM4,MED20,0
EGR1,ACOT7,0
TRIP13,MRS2,0
SSBP2,ACADVL,0
ZNRD1,RNF4,0
BIN1,PAK1IP1,0
IRF3,USP44,0
PTMA,DDIT4,0
HMGN3,MRPS11,0
PAWR,CKS1B,0
CREB3L3,CDC23,0
SMARCE1,ACOT7,0
KLF6,EOMES,0
RUVBL1,PDLIM7,0
DDX5,CA2,0
SP100,ANAPC4,0
BIN1,AAMP,0
UHRF1,C9ORF72,0
DAB2,SMOX,0
MTF2,MECR,0
MCM2,BTF3,0
TBL1X,HNF1B,0
RBPJ,PDCD11,0
BTF3,BCL11A,0
KHDRBS1,FOXH1,0
POLR2L,RFXANK,0
DDIT3,USP28,0
FUBP1,SLC39A5,0
BTG2,F2,0
PEG3,SLC25A11,0
HTATSF1,DPYSL2,0
GATA6,GPRC5C,0
ILF2,CRELD1,0
GATA4,DRAP1,0
SUV39H2,PMS1,0
FOXM1,SLC39A5,0
SKIL,MEF2C,0
HCFC1,S100A6,0
HNRNPD,HSD17B7,0
AATF,TCFL5,0
DDX54,COPS7A,0
TCEB3,MED4,0
GTF2E1,HIPK2,0
HNRNPUL1,ZFP36,0
SIRT1,SNRPB,0
ZNHIT3,USP28,0
FOSB,ATL2,0
POLR2B,PTGR1,0
IRF3,MED21,0
CSDE1,DNMT3B,0
PBX1,PPP1CC,0
SSBP2,CENPU,0
ERCC8,DHPS,0
TBX3,SLC38A1,0
HMGN3,IFRD2,0
NCOA6,CRABP2,0
ESPL1,MSH2,0
KDM4C,RANGRF,0
MATR3,MLF1,0
SSRP1,HERPUD1,0
BTG2,USP44,0
TP53,TERF1,0
WDR5,SLC35D2,0
ING3,TRMT1,0
TOPORS,TCEA1,0
JUN,TEAD4,0
NFIB,PDZK1,0
GATAD2B,PPP2R1B,0
IRF9,IMP4,0
ATF3,SLC35D2,0
CBX3,BMPR1A,0
PAPOLA,POLR2I,0
GATA6,PARP1,0
PIAS3,MSH2,0
BRIP1,NUDCD1,0
POLR1C,DR1,0
E2F5,IFITM1,0
TAF1A,TOP2A,0
TCF7L1,MTAP,0
SIRT1,ORC2,0
DNMT3A,CDK5RAP2,0
POU2F1,UBE2T,0
PRDM1,ZFP62,0
ERCC8,TBPL1,0
BTG1,CNN2,0
SMAD5,POLR2F,0
IRF1,GALM,0
DDX20,DGAT1,0
MCM6,NFKBIZ,0
HIST1H1B,HIST1H1C,0
AEBP2,TGIF1,0
NME2,FAM118B,0
GABPB1,NBAS,0
ZBTB16,TFAP2C,0
GATA6,AEBP2,0
HIF1AN,KIF20B,0
SNRPB,CREB3L4,0
ZNF143,IVNS1ABP,0
PITX1,APOA2,0
GTF3C5,ELF1,0
RREB1,CCDC82,0
GTF2I,ALPL,0
CHD8,DHPS,0
GLI1,EMC2,0
ZNHIT3,DPF2,0
RFXANK,ACAD11,0
GTF3C5,CDCA2,0
KDM4C,SUGCT,0
TAF7,AES,0
RFX5,MCM4,0
STAT2,TAF1B,0
NRIP1,TFAP2C,0
FOXO1,SRSF3,0
NR2F6,CAPG,0
ETV4,SHKBP1,0
NR5A2,LEAP2,0
RNF2,NDC80,0
FOSL1,GATAD2B,0
NFYB,MIS18A,0
ING3,POLR1B,0
GTF2F2,TRIM22,0
MTF2,TOPORS,0
GATA6,CHCHD6,0
ZIC2,RIOK3,0
DNAJC2,POLR3E,0
GATA4,STMN1,0
MCM2,IMP4,0
TAF1B,ICA1,0
PAX6,ASCC3,0
IRF9,MRPL15,0
RBBP4,WBP11,0
SNRPB,MSH2,0
EWSR1,ETV1,0
POLR2L,CDK1,0
HNRNPK,ID3,0
TEAD2,TIMM21,0
EED,ICA1,0
NME2,ISG15,0
DDX20,VPS33A,0
XRCC5,FANCA,0
PSIP1,METTL21A,0
ZFP36,KLC4,0
DR1,ATP11C,0
ID3,IQGAP2,0
FUBP1,TBCB,0
ILF2,EHMT1,0
NR1I3,EEF1E1,0
SMARCA4,APOC2,0
PREB,C9ORF72,0
KHDRBS1,TRIAP1,0
FHL2,DNPEP,0
HMGN3,PRC1,0
FHL2,NCK1,0
BCOR,ISG15,0
ZBTB16,EGFR,0
PIAS3,NPPB,0
YAF2,NAA16,0
HMGN1,ATF3,0
DAB2,SMC6,0
E2F7,NR3C1,0
PRDM1,GRPR,0
THRB,TRIM25,0
BIN1,UQCC1,0
PCGF6,WDHD1,0
SRSF3,PSAT1,0
PBX1,BCAS2,0
NOTCH3,EFTUD2,0
TAF5,OAZ2,0
PTMA,XPO5,0
HIST1H1C,ATIC,0
BPTF,TFPI,0
MCM8,CENPE,0
SP4,LAMC1,0
RUVBL2,NR2F2,0
TEAD2,SAE1,0
TBX3,ABT1,0
PIAS2,CDC20,0
REST,IL6ST,0
NR5A2,MDK,0
HNRNPUL1,TOP2A,0
FOXA2,ZNF253,0
FOXA1,AASS,0
CHD8,SERPIND1,0
EWSR1,XBP1,0
NFIB,EFTUD2,0
GTF3C4,WDR54,0
BTG2,MPHOSPH6,0
MED14,HOOK2,0
RREB1,DDHD1,0
SP100,ZDHHC4,0
PMS1,SRSF2,0
FHL2,ACTL6A,0
GMEB1,WDR43,0
TNFAIP3,P2RX4,0
CHAF1A,HNRNPK,0
CEBPD,EIF3J,0
SRSF2,GTF3C5,0
DDIT3,SPP1,0
NRIP1,WARS,0
JUN,LECT1,0
SRF,SEMA3E,0
HCFC1,EXOSC8,0
POLR1D,ZSWIM7,0
MED21,FAM64A,0
SMAD3,GGCT,0
RBMX,EPS8L2,0
RAD51,TKT,0
HIF1AN,POLR3E,0
GABPB1,SSBP2,0
PRDM14,RBBP7,0
POLR2L,ALPL,0
TGIF1,MUSTN1,0
RBBP7,SGK1,0
NR3C1,AURKA,0
IVNS1ABP,ESPL1,0
ZNRD1,UHRF1,0
AEBP1,SLC25A11,0
SALL4,GGPS1,0
XRCC5,YEATS4,0
FOXP1,GATA6,0
ELF1,TCF25,0
MYBL2,TBC1D1,0
ERCC8,MYBL2,0
ID2,USP10,0
HMGN1,AAAS,0
RNPS1,PLK1,0
SIRT1,USP28,0
MCM7,ELP2,0
SKIL,ABCE1,0
TIMELESS,UHRF1,0
NCOA1,PARP1,0
ZFHX3,MED4,0
KAT7,HPN,0
TCEB2,EGF,0
BTG2,METAP1,0
YBX1,CHAF1A,0
EEF1A1,NME2,0
CBX3,MRPL10,0
THRB,ITGB3BP,0
HMGN3,HNRNPR,0
GTF2F2,MYO9A,0
FOXO1,CHEK1,0
NRIP1,EIF5B,0
TRIM25,TTLL4,0
BRCA2,RAI14,0
CNBP,SS18,0
SMARCA5,ANPEP,0
ZBTB16,NDUFAF4,0
NR1H3,SSB,0
NONO,POLD3,0
SNRPB,SLC7A6,0
ING3,DSCR3,0
TFE3,RIN2,0
TAF11,C12ORF10,0
XRCC5,SMARCA5,0
RBBP4,MAZ,0
SMAD3,PFN2,0
CTBP1,SGOL1,0
DRAP1,AGPAT2,0
WDR5,DUT,0
MED21,TDGF1,0
NANOG,LIAS,0
GTF2E1,TGIF1,0
HIPK2,ECD,0
MCM6,DHRS3,0
CEBPA,SMC2,0
GTF3C4,CDCA2,0
EED,GTF2H2,0
COPS5,UFD1L,0
GTF3C2,SHMT2,0
EED,PMS1,0
FUBP1,GSN,0
MCM5,DNMT1,0
MAF,POLB,0
GATAD2B,ITGB5,0
JARID2,GPC3,0
POLR1E,COPS7A,0
MCM7,PYCR1,0
ZNF143,ELOVL5,0
DNMT1,DCLRE1C,0
SMARCA5,MYOF,0
YBX1,ETS1,0
SSBP2,METTL5,0
YAF2,TERF1,0
ETV4,NODAL,0
RBBP7,POLR1B,0
GTF2I,BRIP1,0
ASCC3,FN1,0
ILF3,SAT1,0
ASCC3,MDK,0
E2F4,GTF2H2,0
TRIP13,ELOF1,0
HMGA1,USP3,0
HMGN3,APOC2,0
ETV1,SIAE,0
NR2F6,AFP,0
H1F0,SRSF2,0
ZHX1,KAT7,0
SSRP1,MLH1,0
SP100,JARID2,0
MED21,NR2F2,0
FOSL2,CCNB1,0
RREB1,CEBPD,0
HIST1H1B,CUEDC2,0
ZNRD1,RAD54B,0
TFAP2C,TKT,0
SSRP1,SURF2,0
NFYB,AAAS,0
H1F0,ISG15,0
PRDM14,CREG1,0
SMARCA4,METTL5,0
SALL3,APOC1,0
ETS1,THY1,0
POLR2F,ACTC1,0
AEBP2,DPEP1,0
MED21,RBBP4,0
RREB1,VPS33A,0
SRSF3,SF3A3,0
HNRNPD,RFX5,0
DDB2,MAD2L1,0
TOP2B,RBP4,0
MEF2C,UBAC2,0
ZNF300,AAAS,0
TAF1A,HESX1,0
RBM39,CXCR4,0
CNOT7,TMEM147,0
MCM8,BIRC5,0
TAF5,RNPS1,0
HIF3A,FXR1,0
H1F0,DUT,0
SP100,RANGRF,0
HIPK2,CCDC82,0
PIAS3,RBPJ,0
PCGF6,RFC4,0
CEBPZ,RIOK3,0
RNF19A,PTPN12,0
GATA4,EFNA5,0
KLF5,VPS26A,0
MCM8,CDK1,0
RARG,OIP5,0
HMGB2,ACSL5,0
TCEB1,F2RL1,0
SMARCE1,CIDEB,0
XRCC5,ID3,0
MCM7,RUNX1T1,0
MED4,DSCR3,0
ZRANB2,MTF2,0
MCM8,KLHDC2,0
EWSR1,RBPJ,0
NME2,TAF7,0
MLXIPL,NUP37,0
FOXP1,EXOSC1,0
NR2F2,PTPN12,0
BPTF,PDZK1,0
SALL4,SMAD3,0
ORC2,CDK4,0
POU2F1,ACTN1,0
TCF3,CLDN4,0
RUVBL1,EIF3J,0
TCEB2,HIST1H2BC,0
RUNX1T1,METTL21A,0
NR1H3,ZWILCH,0
POU2F1,HDHD3,0
DAB2,RAI14,0
DNMT3A,EOMES,0
MEF2C,DMKN,0
HNRNPK,DBNDD2,0
ILF2,RIOK1,0
HNF4A,EGF,0
TTF2,CHAF1A,0
HNRNPD,UCHL1,0
ILF3,DPYSL2,0
EWSR1,CHTF18,0
CEBPZ,TTF2,0
GTF2I,SLC25A26,0
APEX1,PON2,0
WBP11,MEP1A,0
ZBTB3,PLAC8,0
HMGB2,FAM13A,0
SMAD2,SMARCA4,0
PAX6,METTL21A,0
NFYB,NFIB,0
AHR,EEF1A1,0
FOXO1,SLC39A1,0
SMAD2,NFKBIZ,0
STAT2,NARS2,0
PRDM1,HIPK2,0
ZNHIT3,IFRD2,0
E2F7,DDAH1,0
FHL2,SIRT2,0
NR5A2,NPM1,0
TCF4,POLE2,0
POLR1C,PAX6,0
KNTC1,NEK2,0
ETV1,F2RL1,0
CNBP,PLTP,0
ZBTB3,PMAIP1,0
FXR1,TPM2,0
CEBPD,MYOF,0
FOSL1,LMO7,0
TAF11,KIF20B,0
E2F8,FXR1,0
FHL2,CKS2,0
GTF3C4,F3,0
KLF5,MRTO4,0
ZIC2,DNAH14,0
YEATS4,MAD2L1,0
SMAD3,HTATSF1,0
TCEA1,STMN1,0
TAF5,NUP35,0
GLI1,ICA1,0
TAF1B,C3ORF14,0
TOPORS,FOXM1,0
GATA4,UCHL5,0
E2F5,CHAF1A,0
PEG3,ZCCHC7,0
HDAC2,HIF3A,0
SNRPD1,SPP1,0
TRIM25,TCERG1,0
DEK,GLIPR2,0
NANOG,XPO6,0
NCOA6,CASP8AP2,0
MTF2,HSPA14,0
GABPB1,DKC1,0
NR1I3,ECI2,0
PPARA,GRPR,0
ESPL1,SORBS2,0
CHD8,DNMT3A,0
BRIP1,DDX20,0
TGIF2,CMC2,0
FOXO1,RRM1,0
FXR1,FOXM1,0
RNPS1,SMARCE1,0
BPTF,PARP1,0
RNF2,AIMP2,0
DEK,HP,0
TAF7,IVNS1ABP,0
GLI1,SEC11C,0
HIF1AN,DNAJB9,0
BCL11B,TDGF1,0
NFYB,AFF4,0
SMARCA5,ACADSB,0
ZNRD1,MID1,0
LIN28A,QTRTD1,0
ETV4,MST1,0
MCM3,NAA25,0
SSRP1,SUGCT,0
PIAS3,MRPL2,0
SMAD3,ENO2,0
TAF11,LAPTM4B,0
PREB,RNPS1,0
HCFC1,NDUFAF5,0
PIAS3,CDK2AP1,0
ZNRD1,GULP1,0
PCGF6,SERPINF1,0
FOSB,MRPS2,0
NR1I3,P4HA2,0
SMAD2,FTSJ1,0
POLR3E,TRERF1,0
BCOR,POLR2I,0
TCF7L1,HSD17B2,0
EED,CCDC88A,0
TCF3,LAMC1,0
MAZ,ECI2,0
ZNF74,HNRNPH3,0
E2F8,TAF7,0
DDX54,SOX4,0
COPS2,SLC39A5,0
ZRANB2,PFKM,0
WBP11,ISG20,0
MYCN,DCAF13,0
ORC2,GMEB1,0
TCF4,VIL1,0
HNRNPK,ORC5,0
STAT2,CTBP1,0
ETV4,CDC20,0
HNRNPR,GTF3C5,0
NR1H3,RCAN1,0
ZBTB16,FAM49B,0
YEATS4,XRCC6,0
NFATC2,HIF3A,0
TCEA1,BRIP1,0
TFDP1,SIL1,0
SMARCC1,SLC25A17,0
BRCA2,NDC80,0
GTF3C4,FOXA1,0
ZRANB2,NDUFAF4,0
DDX5,SYTL2,0
ZNF638,LCP1,0
CEBPD,ZNF589,0
THRB,REST,0
HIST1H1C,SLC25A4,0
MCM2,DDX5,0
GATAD2B,RAD54B,0
RNF2,GATA6,0
AES,AMHR2,0
NR1I3,FBXO22,0
GLI1,XRCC6,0
PBX1,C6ORF203,0
GMEB1,POLR3E,0
SMARCE1,SFRP1,0
MATR3,NR1H3,0
ZNF638,NR3C1,0
FOSL2,CCL2,0
XRCC5,KIF20B,0
DEK,RARG,0
PRDM14,TRIM22,0
MED21,NAA16,0
WBP11,CNBP,0
MYCN,AGTRAP,0
GTF3C2,LIFR,0
RAD51,AARS,0
FHL2,IGF2BP3,0
RUNX1T1,FANCD2,0
HNRNPD,FAM13A,0
E2F7,HPN,0
PTMA,STARD3NL,0
GATA6,SS18,0
PIAS2,SEC11C,0
FXR1,ANXA4,0
RAD51,DNAJC2,0
ECD,TARDBP,0
MED14,NUCB2,0
ZNHIT3,METTL21A,0
SRSF3,STAT2,0
WBP11,VPS26A,0
TAF5,PTMA,0
HIST1H1B,APEH,0
EHMT2,HPX,0
SOX2,MYCN,0
JUND,XRCC5,0
POLR1B,ADAM9,0
JUND,AAAS,0
ZFP36,ZIC2,0
NCOA1,CASP8AP2,0
RBMX,MAF,0
ID3,UROD,0
POU5F1,CHAF1A,0
TRIM22,RNF2,0
ING1,HIPK2,0
SP100,THYN1,0
HMGN2,MCRS1,0
E2F5,C9ORF72,0
XBP1,DDX39A,0
ILF3,IFITM2,0
EED,MYBL2,0
NAA15,ID2,0
MED4,EFTUD1,0
BCL11B,ACSL5,0
SRSF1,C9ORF72,0
TCEA1,SALL3,0
FOXO1,TNNT1,0
NR2F2,SYTL2,0
NR2F2,RNF19A,0
BPTF,PCID2,0
TBL1X,IFITM1,0
TOPORS,FBL,0
POLR2L,USP39,0
OTX2,SEC14L2,0
ZFP36,ABT1,0
RARG,SERTAD3,0
HIST1H1E,MCRS1,0
YAF2,THAP1,0
NCOA6,TMEM120A,0
BTG2,TCOF1,0
EZH2,PDLIM7,0
JUND,MBIP,0
JARID2,MBIP,0
RBPJ,MCM5,0
JMJD1C,SMARCC1,0
GTF3C5,EIF3J,0
TFDP2,MCM3,0
PRDM1,MED20,0
GTF2E1,SP100,0
AEBP2,TFRC,0
TAF1A,MRPL10,0
ZRANB2,METTL3,0
THAP11,DDIT4,0
SRSF1,SRRM1,0
KLF5,MCM4,0
HNRNPD,OIP5,0
PAWR,SMARCD2,0
CTBP1,WBP11,0
TAF1A,PEF1,0
RAD51,LGALS3,0
DAXX,NDC80,0
DNMT1,TYMS,0
SRRM1,RARG,0
RBM39,CEBPA,0
SNRPD1,DHCR7,0
HIF3A,NANOG,0
MCM3,COMMD3,0
SALL4,POLR2D,0
GTF2E1,SUGCT,0
DDIT3,COPS5,0
KDM4C,TMEM60,0
JUN,RAD54L,0
NR3C1,PTPRZ1,0
MCM6,RAB34,0
TNFAIP3,NAA10,0
HMGA1,C11ORF1,0
RFXANK,SKIL,0
JARID2,GTF2I,0
XRCC6,HMGB3,0
CREB3L3,SEMA3E,0
HMGN1,POLR3E,0
TGIF1,ZNRD1,0
GTF2E1,EFNA5,0
HTATSF1,LRRC40,0
CHD8,EXOC5,0
MEF2C,ICT1,0
TADA3,CHEK1,0
GMEB1,EMG1,0
NFATC2,MECR,0
E2F5,TEX10,0
EED,RARG,0
PRDM14,NUP35,0
FXR1,ADAM9,0
DNAJC2,HIST1H1C,0
POLR3E,UPP1,0
WBP11,AGT,0
RFXANK,CDX2,0
POLR3D,TKT,0
ZBTB3,GGH,0
JUND,USP39,0
YAF2,EWSR1,0
HCFC1,TFDP1,0
TGIF1,TIMM50,0
DEK,CSDE1,0
HMGN2,VRK1,0
FOSB,NR1I3,0
PRDM1,SEC11C,0
POLR3D,CDK4,0
ZNF300,ZNF93,0
FOXA1,CNBP,0
COPS5,RUNX1T1,0
MCM8,POLR3G,0
HIST1H1C,FANCI,0
SALL3,CHEK1,0
CEBPD,TBCB,0
PEG3,MELK,0
HIST1H1E,CDKN3,0
TRIM28,GLUD1,0
GATAD2B,SSRP1,0
HMGN3,MCM7,0
ZNHIT3,PSMD10,0
MCM6,HPN,0
FXR1,RRM2B,0
ZNF300,MYO9A,0
HDAC1,CHEK2,0
TCF7L1,PTPRZ1,0
GTF2F2,NR5A2,0
RAD51,HCFC1,0
LIN28A,POLR2L,0
RFX5,HDHD1,0
YBX1,MCRS1,0
YBX1,EPS8L2,0
COPS2,CHAF1A,0
TRIM28,HEXB,0
PHB2,UPP1,0
ZFHX3,UFD1L,0
HMGA1,GNPNAT1,0
HNRNPK,TAF6,0
ORC2,OGFOD1,0
HIPK2,BUB1,0
PITX1,ESCO2,0
POLR1D,SPINK1,0
CEBPA,SEC22C,0
ESPL1,TTC39C,0
NR1H3,TDP2,0
HDAC2,CAPN12,0
GTF2I,CHCHD6,0
NCOA1,MRPL2,0
E2F3,BRCA1,0
BPTF,TAF1A,0
BDP1,CD9,0
CEBPA,CIDEB,0
ERCC8,CREB1,0
RAD51,CHEK2,0
ZNRD1,SMC6,0
BCL11B,LEFTY1,0
RUVBL2,GMEB1,0
SP4,HARS,0
TNFAIP3,GPM6B,0
MAF,CKS2,0
TAF9B,KIF20A,0
HIF3A,ETV4,0
TBL1X,ELOVL5,0
OTX2,TCF25,0
HMGA2,AEBP2,0
TAF5,IDH3B,0
SMAD2,CREB1,0
MYCBP,LAMA1,0
KLF6,VPS33A,0
CSRP2,TAF1B,0
TIMELESS,HMMR,0
AEBP1,MMS22L,0
JUND,CHEK1,0
EGR1,SCD5,0
RAD51,PLCD1,0
CTBP1,PLA2G12B,0
AATF,HMBS,0
ATF3,PLAA,0
TRIM25,ZNF93,0
AHR,EXOSC9,0
E2F3,PDLIM7,0
HNRNPD,KNTC1,0
AATF,EMG1,0
NANOG,RBPJ,0
HCFC1,TCF4,0
EPAS1,CDK1,0
FOXP1,PTPN12,0
TIMELESS,SS18,0
CNBP,METTL3,0
CSDE1,GTF3C4,0
SUV39H2,CD37,0
KLF6,OGFOD1,0
TFE3,PCGF6,0
GABPB1,DCLRE1C,0
PMS1,ANAPC4,0
PREB,PPAT,0
HTATSF1,MED20,0
RFC1,JMJD1C,0
AEBP1,MXD1,0
HIPK2,NVL,0
PAPOLA,PON2,0
EED,SLC39A10,0
RFXANK,IVNS1ABP,0
ORC2,TMEM14A,0
MTF2,SLC25A4,0
PITX2,GGH,0
TOP2B,HSD17B14,0
IRF1,GTF3C4,0
GMEB1,ZNF93,0
TCF7L1,UTRN,0
PRDM14,NR5A2,0
IRF1,IPO5,0
BCL11A,BSCL2,0
THAP11,ARL6IP6,0
JARID2,SALL2,0
STAT2,APOA2,0
YEATS4,RBM39,0
RNF2,NEIL2,0
TAF11,PITX2,0
RBPJ,MUSTN1,0
HIF1AN,RUNX1T1,0
NCOA1,LRRC40,0
NONO,WDR54,0
EPAS1,EGR1,0
CDX2,CYFIP2,0
ID3,CRBN,0
REST,UCKL1,0
E2F7,MRRF,0
TOP2B,ZNF644,0
SALL2,CKS1B,0
ASCC3,EHMT1,0
TTF2,ID2,0
TCEB2,CPSF3,0
ZNF300,TIMELESS,0
PPARA,U2AF1,0
NR2F6,CRELD1,0
ZNF74,AMBP,0
RBBP7,NME1,0
PPARA,UGT2B11,0
SNRPD1,GMEB1,0
RUVBL1,GPM6B,0
PBX1,NDC80,0
HCFC1,KIF20B,0
ASCC3,ANXA4,0
TEAD2,PYCR1,0
CREB1,CRAT,0
TP53,BCS1L,0
CHD8,DEPDC7,0
DDB2,GYG1,0
HMGN3,NOTCH3,0
NFIB,ESCO2,0
HNF4A,MIS18A,0
MCM6,IFITM3,0
SSB,NR1H3,0
POLR1D,CENPE,0
JARID2,HNRNPH2,0
GTF3C5,CYB5B,0
THRB,CHTF18,0
PAPOLA,SLC2A1,0
SIRT1,NRIP1,0
WBP11,ATP5SL,0
ILF2,ZNF398,0
POLR2K,MAT2B,0
KLF5,SHMT2,0
BTG2,SRSF2,0
TOP2B,LCMT1,0
YEATS4,NUP88,0
SP100,POLE4,0
TCF4,GATA4,0
COPS2,HEXB,0
GTF3C5,PAPOLA,0
SNRPB,GTF3C5,0
SIRT1,VPS26A,0
NR2F6,ATG3,0
BRIP1,TADA3,0
NAA15,ZNF253,0
MYCBP,EXOSC9,0
ECD,ANPEP,0
RBBP4,HMMR,0
PTMA,ANP32E,0
TAF1B,GALM,0
MCM2,GNRH2,0
GTF3C2,DDX39A,0
TRIM22,SLC7A6,0
TAF9B,TUBB6,0
CREB1,RUNX1T1,0
TCF3,CBX3,0
ECD,MECR,0
RBPJ,NTHL1,0
TCOF1,NUP93,0
PA2G4,HNRNPD,0
POLR2G,YAF2,0
MYCN,SAE1,0
E2F4,SIL1,0
EPAS1,ICA1,0
TRIP13,HERPUD1,0
GLI2,BPHL,0
PTTG1,NR3C1,0
TP53,NR5A2,0
RFC1,FOXP1,0
RFC1,MAEA,0
SALL4,CKS1B,0
CBX3,MPHOSPH6,0
E2F8,IL6ST,0
MED4,ATP5G1,0
RFX5,NR1H3,0
PSIP1,STAT2,0
DAB2,NUSAP1,0
SRSF3,FGB,0
YBX1,IRF3,0
PITX1,CRELD1,0
FOSB,YWHAH,0
NFIB,CD37,0
E2F4,MLST8,0
SRSF6,CUEDC2,0
AES,GALK1,0
BPTF,SUB1,0
SOX2,SCD5,0
HIF3A,BRCA2,0
YBX1,CENPU,0
PSIP1,SAT1,0
RFX5,ARID2,0
SKIL,FOXH1,0
CNOT7,NUPR1,0
GTF2E1,MSH2,0
CDX2,SPP1,0
CREB1,USP1,0
MTF2,RAD51,0
HIST1H1C,EEF1A1,0
ID2,SH3BGR,0
ZFP36,WDR54,0
MEF2C,DAXX,0
THAP11,DDX5,0
PAPOLA,H1F0,0
E2F7,CLDN4,0
WDR5,MTUS1,0
PEG3,SAAL1,0
MXD1,POLD3,0
BCL11B,AAMP,0
COPS2,UNC93A,0
PTTG1,AGTRAP,0
HMGN2,ZNF160,0
PAPOLA,ANPEP,0
HIF3A,UNC93A,0
DNAJC2,DNA2,0
YEATS4,FAM13A,0
BPTF,SCD5,0
NR1I3,ESRG,0
TBL1X,DROSHA,0
TNFAIP3,TPGS2,0
NAA15,HDHD3,0
GTF3C4,PRIM1,0
BCOR,PEF1,0
E2F5,SGK1,0
E2F4,PTPRM,0
HMGB2,DTYMK,0
HIST1H1E,SH3BGR,0
IRF1,CSRP2,0
CSDE1,THY1,0
CSRP2,PIAS3,0
E2F8,APOB,0
HMGA1,MEP1A,0
NR3C1,CRABP2,0
TFDP2,TMEM120A,0
TCOF1,PROSER1,0
TRIM28,OGFOD1,0
ZNF143,PDCD11,0
MED14,RAI14,0
ENO1,ZNF644,0
PRDM1,DDX54,0
TOP2B,ERBB4,0
DRAP1,GPN1,0
CHAF1A,MYBL2,0
GTF3C5,CCNB2,0
NFYB,YARS,0
NAA15,IFNGR1,0
BCOR,CBR1,0
ILF2,WARS,0
PEG3,PCGF6,0
SRSF3,LAMB2,0
FOXP1,KLF3,0
SSRP1,NIF3L1,0
DEK,KIAA0101,0
DNAJC2,GLI2,0
PRDM1,SIRT2,0
BTF3,TRIM25,0
CREB3L3,SVIL,0
NOTCH3,CD320,0
PBX1,PRKCE,0
SRSF2,G6PC3,0
YAF2,MDK,0
KLF6,CDX2,0
HNRNPK,ZNRD1,0
POLR2L,HIST1H1C,0
E2F8,TRIAP1,0
RBM39,HESX1,0
PIAS2,GGCT,0
TAF11,ASF1A,0
CEBPD,TMEM126B,0
SALL4,GTF3C5,0
MCM5,ZFP62,0
TARDBP,SMC6,0
RARG,RBP4,0
ZNF74,MCM7,0
EWSR1,PDZK1,0
NPM1,UQCC1,0
IRF9,JARID2,0
PAPOLA,TPGS2,0
DDB2,LAPTM4B,0
BCL11A,ODF2L,0
KLF5,RUVBL2,0
YBX1,THRAP3,0
RBBP4,CEBPA,0
HMGN3,ACY1,0
SIRT1,SLC39A5,0
KNTC1,USP3,0
XRCC5,HNRNPH3,0
SMARCA4,SUGCT,0
PHB2,KPNA2,0
AHR,HSDL2,0
BTF3,FANCI,0
TFAP2C,RHOBTB3,0
GTF3C2,ILF3,0
ENO1,SRSF3,0
SMARCA5,CYFIP2,0
NCOA6,EED,0
SNRPD1,RBP4,0
TFDP1,CHCHD6,0
ZBTB3,EBNA1BP2,0
SRSF1,MAP1B,0
CHAF1A,PRKCE,0
ATF3,GYG1,0
RAD54B,PYGL,0
RNF19A,CMPK1,0
MCM5,GEMIN2,0
POLR2G,CDK4,0
BTF3,ANXA4,0
MCM6,PRKCI,0
ECD,ANXA4,0
DDX54,CREB1,0
RNF2,FAM118B,0
KLF6,NPM1,0
E2F5,TIPARP,0
MAPK1,DYNLT3,0
ECD,PSME3,0
THAP11,HNRNPH3,0
MCM3,PLTP,0
ZNHIT3,NDC80,0
FOSB,TIMM9,0
HIPK2,PWP1,0
SMARCA4,HIF1AN,0
RBMX,EFNA1,0
TAF11,CCL2,0
PSIP1,MLH1,0
HIST1H1C,JMJD1C,0
RBMX,TRERF1,0
TAF1A,SPINK1,0
JUN,METTL21A,0
MYBBP1A,BMPR1A,0
FHL2,CDH2,0
PA2G4,HMBS,0
PTMA,MDK,0
SRSF6,UCK2,0
HIF1AN,CA2,0
ENO1,BRMS1,0
ILF2,AMHR2,0
BTG2,SOX2,0
NME2,RIOK1,0
PAX6,TOP2A,0
ENO1,UFD1L,0
REST,DAB2,0
DDX20,PTP4A1,0
DDB2,ASL,0
ZNF74,RFC1,0
TCF4,C6ORF203,0
XRCC6,PLG,0
AEBP1,NR2F2,0
CSRP2,NCOA1,0
NCOA1,ACOT7,0
FXR1,CRYZL1,0
CREB1,MRTO4,0
MATR3,CEBPD,0
STAT2,RFC5,0
GATAD2B,PIAS2,0
PHB2,GGCT,0
HIST1H1E,CKS2,0
LIN28A,AXL,0
BTG2,MAZ,0
TAF11,PITX1,0
NR1H3,SALL3,0
TOPORS,MTX2,0
COPS5,ZNF239,0
IRF9,LIN28A,0
POLR3E,ADAM9,0
TRIM25,AES,0
PBX1,PRC1,0
ZBTB16,CAPG,0
TCF3,TFRC,0
LIN28A,PHGDH,0
TAF9B,BCKDK,0
DEK,HNRNPAB,0
CEBPZ,NANOG,0
FOXH1,SEMA3E,0
GMEB1,RAB25,0
RAD54B,CDK1,0
EGR1,CSRP2,0
MYBL2,WDHD1,0
BTG1,RARG,0
HMGN1,SS18,0
SMAD5,PRMT5,0
RAD51,ABCA5,0
TCEB3,CCNB1,0
TCF4,PRIM1,0
JARID2,CNOT7,0
MYBL2,THAP1,0
RBBP4,HIST1H1C,0
HIST1H1B,CHTF18,0
POLR2B,USP10,0
ZFP36,FOXM1,0
TBL1X,RAD1,0
HMGN2,CENPW,0
RFC1,ZDHHC4,0
CSDE1,CCDC66,0
ING1,CA2,0
BCOR,MYCN,0
ZIC2,POLR2L,0
GTF3C5,HIPK2,0
GTF3C5,HDGF,0
BRIP1,BBS7,0
CSRP2,EGF,0
MXD1,MTX2,0
BIN1,P4HA2,0
HNRNPK,SOX4,0
RUVBL1,SNAPC1,0
PSIP1,EXOSC5,0
MED4,ZNF146,0
SKIL,ZIC2,0
RREB1,HSDL2,0
FOXH1,TCF7L1,0
PARP1,SERTAD3,0
ING1,DNAH14,0
GTF2F2,XRCC5,0
MYBL2,DERA,0
ZHX1,MAEA,0
GTF2E1,TTR,0
ASCC3,CENPK,0
RBPJ,P4HA2,0
ID2,EPHX2,0
SUB1,POLR2B,0
SSBP2,NVL,0
MTF2,HMGN1,0
TRIM27,MED14,0
HNRNPK,HIST1H2BC,0
JARID2,ZIC2,0
EEF1A1,EFNA5,0
SRSF3,PSME3,0
SNRPD1,ASF1A,0
ZNRD1,JARID2,0
GTF3C4,PITX2,0
TCEB2,PFN2,0
DDIT3,DROSHA,0
TFDP1,DMKN,0
NFIB,TRIAP1,0
CREB3L3,TIMELESS,0
TRIM27,NUP93,0
TCF3,DAXX,0
PA2G4,DROSHA,0
ZBTB16,TPD52L1,0
ILF2,RNASEH2B,0
MED21,HELLS,0
BRCA1,ELL2,0
HNRNPK,TFDP2,0
TFAP2C,RBP4,0
MYCBP,WDR74,0
FOXM1,RUVBL1,0
PAPOLA,JUND,0
RAD54B,FOSB,0
TAF5,SLC25A11,0
ZIC2,U2AF1,0
NME2,FOXA1,0
SKIL,SUGCT,0
ILF2,TOPORS,0
ZNF300,THAP4,0
E2F4,MTAP,0
ZNF143,CDH2,0
MCM5,RBBP8,0
PARP1,LECT1,0
COPS5,U2AF1,0
E2F7,NR5A2,0
KHDRBS1,THYN1,0
MCM6,MID1,0
RNF19A,MYOF,0
KLF5,IDI1,0
KLF6,HIST1H2BC,0
HTATSF1,RFC4,0
SMAD2,C6ORF203,0
TP53,WRB,0
PSIP1,DBF4,0
RFXANK,POLD2,0
POLR2B,KLF6,0
FUBP1,FANCD2,0
NOTCH3,THRAP3,0
ERCC8,DCLRE1C,0
KLF5,DDX39A,0
IRF3,PPARA,0
KDM4C,HMGCL,0
POLR2G,ZNRD1,0
STAT2,F2,0
BRCA2,NUDCD1,0
AEBP1,TCEB2,0
RAD51,S100A13,0
CDX2,AURKB,0
NR3C1,SRRM1,0
EEF1A1,TPGS2,0
MED21,RHOBTB3,0
MCM2,POLR1E,0
CHAF1A,PPP2R1B,0
HIST1H1C,PEMT,0
BPTF,HPN,0
ETV4,MRPS11,0
MED21,GALK1,0
SIRT2,YEATS4,0
FOSL1,POLR2L,0
CDX2,TFAP2C,0
BTG1,ZFP64,0
BRCA2,CCDC88A,0
SRSF2,GATAD2B,0
CNBP,TCOF1,0
CEBPD,TFDP1,0
JARID2,ETV5,0
ZNF74,CDK1,0
MYCBP,ISG15,0
STAT2,MRPL49,0
JARID2,MCM7,0
TCF4,PSMD10,0
PMS1,DDB2,0
MCM6,FOXO1,0
TRIM25,APOO,0
POLR2K,PPP1R7,0
THRB,ANAPC4,0
HMGB2,EPB41L2,0
MCM7,PDGFA,0
POLR1C,PRC1,0
E2F8,HIST1H1B,0
DDX54,POLR1D,0
RARG,PDCD2L,0
YBX1,LAPTM4B,0
CBX3,ATL2,0
NFATC2,SURF2,0
HMGN1,NTHL1,0
GATAD2B,UCK2,0
YBX1,POLR2F,0
TP53,NEK2,0
FOXA2,MPHOSPH6,0
NR1I3,SULF2,0
ING1,RAD51,0
TAF11,TCEA1,0
YEATS4,ACAT2,0
H1F0,IMMP1L,0
E2F8,MUSTN1,0
SNRPB,METTL8,0
TGIF1,TYMS,0
ETV1,PDLIM7,0
GTF3C2,HMBS,0
PRDM1,DTYMK,0
YBX1,EGR1,0
ECD,MRTO4,0
ZBTB3,AFF4,0
MED4,CAMK2D,0
CEBPD,SNAPC1,0
TOP2B,GPC3,0
CTBP1,CYB5B,0
ENO1,OPA1,0
PRDM14,RNF19A,0
KLF5,HMGN2,0
TAF5,CAPN2,0
FOXM1,IRF9,0
POU2F1,KLHDC2,0
PAWR,TRNT1,0
GLI2,TPM2,0
TCF7L1,TRIM22,0
MCM3,CTSE,0
SUB1,SRSF6,0
POLR2B,SUPT16H,0
ERCC8,GSN,0
IRF3,BRMS1,0
PSIP1,ECHDC2,0
NR2F2,PSMG1,0
DNMT3A,CAPRIN1,0
TCEB1,MTUS1,0
GTF2H2,C12ORF10,0
TNFAIP3,PDGFRA,0
FOSL1,USP1,0
TFDP2,TCF4,0
SRRM1,NONO,0
MCM5,MRRF,0
DDIT3,TTR,0
DDX5,HSD17B14,0
TFAP2C,ACADSB,0
TOPORS,MYC,0
GTF2I,DDAH1,0
THRB,ATP2C1,0
WBP11,MTFP1,0
EPAS1,ETV5,0
ZNF638,SFRP1,0
FOSL1,PTPRM,0
SUV39H2,GTF2F2,0
ELF1,NANOG,0
MYBBP1A,SMC4,0
ZFHX3,KIAA0101,0
UHRF1,BIN1,0
ATF3,RSU1,0
AES,SEPP1,0
GATA6,HIST1H1C,0
HNRNPUL1,UROD,0
E2F3,LCMT1,0
NRIP1,TP53INP2,0
POLR3D,PITX1,0
ZNF638,USP45,0
ATF3,XPO5,0
RUNX1T1,PLAGL2,0
MCM7,EIF3J,0
ZNRD1,HELLS,0
CSDE1,ASF1A,0
IRF1,AHSG,0
TAF1A,LITAF,0
TOPORS,XPO5,0
TFAP2C,ANXA3,0
ENO1,ACAA1,0
TAF11,FGA,0
TTF2,AGTRAP,0
MCM3,METTL10,0
CSDE1,SNRPB,0
BRIP1,IFRD2,0
RBBP4,TDGF1,0
KLF5,STAT2,0
DDB2,TAF1B,0
GATA6,TCF4,0
BCL11B,PAFAH1B3,0
SRRM1,MRTO4,0
HMGN2,MLF1,0
AES,POU5F1,0
PAPOLA,COPS3,0
TAF5,LAMA1,0
BTG1,MED14,0
PIAS2,PEMT,0
TFDP1,ING1,0
BCOR,PUS7L,0
POLR2L,PYCR1,0
DAB2,DNAJC2,0
CTBP1,C21ORF59,0
THRB,GLI1,0
RNF19A,IL6ST,0
TEAD2,LIFR,0
SNRPD1,CDCA3,0
THRB,CAPN2,0
ECD,NFKBIZ,0
MYC,ALG6,0
RBBP7,APOA4,0
RAD54B,CCDC169,0
GTF2F2,KDM4C,0
BCL11B,SLC38A2,0
GATA6,MPHOSPH9,0
TRIM25,EPSTI1,0
FOXO1,HACL1,0
CREB3L3,FAM46A,0
BCL11B,OGFOD1,0
XBP1,SLC7A8,0
SMARCA4,ZNF202,0
POLR1D,PAPOLA,0
RNF19A,RNPS1,0
IRF3,HERPUD1,0
ID3,C9ORF72,0
HNF4A,FAM49B,0
ETS1,BTG1,0
BTF3,CENPE,0
MCM2,NUP93,0
PTTG1,STAT2,0
TAF1A,MECR,0
UHRF1,USP11,0
IRF3,CEBPD,0
RFX5,RNF138,0
AEBP1,WBP11,0
SMARCA5,YAE1D1,0
SUPT16H,MPHOSPH9,0
RUVBL1,HMGA1,0
GATA6,PDGFA,0
MCM6,SUCLA2,0
RNF19A,SMC6,0
TBX3,COPS3,0
HNF4A,KLC4,0
TCF4,CKS1B,0
SP4,BBS7,0
E2F5,EBNA1BP2,0
SMARCA4,THRAP3,0
TRIM25,EED,0
PITX2,CCNB2,0
SSB,ATG3,0
NR2F6,RAD54B,0
PRDM1,MCM4,0
IVNS1ABP,CD320,0
GTF2E1,RARG,0
PBX1,TBX3,0
PIAS2,TMEM97,0
GTF3C2,GLIS3,0
SRSF3,DRAP1,0
PPARA,SPAG9,0
MYCBP,FHL2,0
JUN,BMP2,0
HIST1H1C,C12ORF10,0
HNRNPK,GALK1,0
SNRPD1,ISG20,0
JMJD1C,MCM3,0
PCGF6,SHKBP1,0
PTMA,TCEB2,0
HDAC2,AURKB,0
RBBP4,GPC3,0
HIST1H1B,HNRNPH2,0
FOXP1,PLAA,0
TRIM25,CUEDC2,0
NFATC2,MCM4,0
ERCC8,DPEP1,0
ASCC3,ADNP,0
EEF1A1,RRM1,0
E2F3,SCAPER,0
SNRPD1,CCDC66,0
NR1H3,ID2,0
AEBP2,PIAS2,0
GABPB1,RABEPK,0
GTF3C4,SMARCA5,0
POLR1C,DTYMK,0
DRAP1,TKT,0
WBP11,ZNF253,0
THRB,MAT2B,0
POU5F1,PCID2,0
TCEA1,SKIL,0
CBX3,ECI2,0
TP53,C6ORF203,0
HIST1H1B,DNAJB9,0
ING3,HSDL2,0
TCEB2,SMC2,0
ESPL1,COPS7B,0
RFXANK,HIST1H4C,0
GATAD2B,NOL11,0
HMGN1,ZCCHC7,0
JUND,LRR1,0
BTG1,MCM8,0
MYBBP1A,MBIP,0
ZHX1,COPS2,0
GTF2F2,GPC3,0
TAF5,NOP16,0
SSRP1,EFNA1,0
ZBTB3,PDGFRA,0
DDX54,RBM39,0
NR2F2,SOX4,0
TFE3,METTL10,0
MYBBP1A,XPO6,0
MYBL2,EFTUD1,0
MYC,S100A13,0
TOPORS,KLF6,0
KDM4C,FGB,0
ECD,AHSG,0
GLI2,BRCA1,0
MEF2C,CMPK1,0
ILF3,SOX11,0
NCOA6,RNPS1,0
E2F3,SH3BGR,0
SNRPB,BRCA2,0
TCF4,CTBP1,0
AHR,FXR1,0
GLI2,PAPOLA,0
CBX3,CA2,0
FOSL2,SMAD2,0
JMJD1C,HCFC1,0
YAF2,AES,0
JUND,SMC2,0
TAF1B,ABCE1,0
CBX3,WBP11,0
ERCC8,NVL,0
DDX54,RBBP8,0
MYC,CASC5,0
ERCC8,RBBP8,0
HMGA1,SFRP1,0
ERCC8,MEF2C,0
MLXIPL,COQ3,0
SP100,ITGB3BP,0
RNF4,BMP2,0
MYCN,UROD,0
ZBTB16,SRSF3,0
MYBL2,CTSC,0
FXR1,DSCR3,0
ID2,CDKN3,0
OTX2,XRCC6,0
COPS5,TARBP2,0
NCOA6,DCTPP1,0
KNTC1,NFYB,0
FUBP1,E2F5,0
PITX1,LGALS1,0
DR1,PRIM2,0
HMGB2,ARID2,0
BIN1,DPYSL2,0
MCM5,BSCL2,0
CEBPZ,SEC14L2,0
CEBPA,TIMELESS,0
ZRANB2,DSCR3,0
RAD51,DR1,0
TRIM27,RNF4,0
PCGF6,FOSL2,0
STAT2,THOC1,0
H1F0,MED20,0
SMARCC1,PDCD11,0
H1F0,DHPS,0
HNRNPK,GYG1,0
HTATSF1,WDHD1,0
NCOA6,POLR2L,0
ZNF354A,KLHDC2,0
NR2F2,C11ORF54,0
BCL11A,TIMM21,0
E2F8,POLR3D,0
BTG2,DR1,0
THRB,PDLIM7,0
PSIP1,METTL10,0
MYCN,TEX10,0
ECD,THAP11,0
GATA6,ZNF239,0
KNTC1,MCM3,0
PBX1,MAF,0
RBBP7,SRM,0
SALL4,SHMT2,0
DNMT3A,EHMT2,0
BCL11B,APOA4,0
ILF3,FGFR1,0
RNF4,RFC5,0
MED4,GEMIN7,0
RFXANK,MCM3,0
HIF3A,TDP2,0
H1F0,DAB2,0
ZNF300,NFIB,0
HMGN1,DNPEP,0
NONO,POU2F1,0
CDX2,TRIM27,0
IRF1,NFKBIZ,0
SMARCC1,M6PR,0
TAF9B,SRM,0
TRIP13,AASS,0
HNRNPK,CNBP,0
TRIP13,PLCD1,0
GTF2I,TMEM14A,0
ZNF638,BCS1L,0
MTF2,RFC4,0
NME2,NAA15,0
IRF3,CD320,0
ZBTB16,GEMIN2,0
CREB1,CEBPA,0
GTF3C2,HACL1,0
RAD54B,ZNF160,0
MEF2C,MYCBP,0
BPTF,MID1,0
SRRM1,C6ORF203,0
MYBBP1A,CUEDC2,0
RNF4,SRM,0
FOXA1,NTMT1,0
TADA3,PIAS3,0
NRIP1,POLR3E,0
COPS2,HMGCL,0
SRSF6,ESRG,0
GTF3C5,BST2,0
IRF1,POLR3G,0
SP4,GNRH2,0
NR5A2,ARID2,0
PTTG1,RIN2,0
NR2F2,DHCR7,0
NRIP1,SMARCE1,0
TRIM22,JARID2,0
FOXH1,JAG1,0
KLF5,SP4,0
KHDRBS1,ISG15,0
MCM8,PON2,0
ZRANB2,UFSP2,0
HIST1H1B,CAPN2,0
SMARCE1,HDAC6,0
HMGA1,ICA1,0
CNOT7,EIF2B3,0
POU5F1,MYCN,0
ASCC3,HMGB2,0
MCM3,AXL,0
DEK,RFC5,0
TRIM22,ANG,0
PCGF6,PEG3,0
E2F7,WBP11,0
JMJD1C,GPR133,0
JMJD1C,ACADVL,0
MED14,GOT1,0
YAF2,TCFL5,0
NCOA6,LIAS,0
ID2,ICT1,0
TFDP1,PWP1,0
IVNS1ABP,MYO10,0
RFC1,RNF138,0
ASCC3,LTV1,0
FOXP1,SORBS2,0
RUVBL2,PEF1,0
RNF2,SNRPB,0
RBBP7,DDC,0
MYBL2,WIPI1,0
NFATC2,PTTG1,0
RBBP4,DBNDD2,0
RUNX1T1,ZNF567,0
LIN28A,THRB,0
ZNF143,MAF,0
CSRP2,MYBL2,0
HMGN3,TTC39C,0
FOXM1,APPL2,0
AHR,CHTF18,0
ID3,VPS33A,0
ZNHIT3,DEPDC7,0
CNBP,NPPB,0
ESPL1,SSBP3,0
DAB2,HMGB2,0
SMARCA4,CUEDC2,0
SRRM1,FOSB,0
NME2,SRF,0
SUB1,RNF4,0
STAT2,MCM7,0
TCF3,FGFR1,0
DDX20,YAE1D1,0
ENO1,SAE1,0
IRF3,SNRPB,0
TGIF2,UCKL1,0
DAXX,SERTAD3,0
HCFC1,PA2G4,0
PEG3,PPAPDC1B,0
MAZ,SUB1,0
BCOR,MTF2,0
DNAJC2,EFNA5,0
FOXM1,NEK2,0
EPAS1,ISG15,0
TIMELESS,XRCC5,0
SP4,SORBS2,0
TCOF1,F2RL1,0
EEF1A1,PPAPDC1B,0
OTX2,SAT1,0
RBM39,FGFR1,0
YAF2,M6PR,0
RBBP7,RNF4,0
SNRPD1,RARG,0
NOTCH3,CFTR,0
PCGF6,CDK5RAP2,0
SALL4,IQGAP2,0
ING3,AAAS,0
ZNF143,MRPS11,0
TCERG1,LRRC1,0
PAWR,DSN1,0
HIF3A,CDCA7L,0
NRIP1,ATIC,0
TAF1A,TTR,0
DRAP1,NFIB,0
E2F3,UBE2T,0
DDX20,TRIP13,0
TGIF2,HAUS1,0
CNBP,DEDD,0
DDX20,ORC5,0
NR5A2,EFTUD1,0
TEAD2,IQGAP2,0
TFDP1,SAMHD1,0
THAP11,PDZK1,0
DAXX,LRRC1,0
YAF2,NCAPG,0
MCM6,FAM118B,0
BTG2,NSD1,0
TOPORS,CUTC,0
CTBP1,NCAPG,0
RBM39,PAFAH1B3,0
ZIC2,EFNA1,0
RUVBL2,FEN1,0
HIPK2,MSH2,0
GTF2F2,HDGF,0
HIF1AN,CHCHD6,0
E2F3,FGB,0
MYCBP,CMPK1,0
PA2G4,SQLE,0
AEBP1,PLTP,0
UHRF1,RHOBTB3,0
CEBPD,CACYBP,0
E2F7,PDCD4,0
NCOA1,CETN3,0
RREB1,EMC2,0
TFDP1,TAF1A,0
TFDP2,ZNF581,0
BRCA1,ELOF1,0
NFYB,PEMT,0
SALL3,TADA1,0
NR2F2,FAM118B,0
PAX6,NONO,0
SALL3,PHGDH,0
GTF2I,CDK2AP1,0
ZRANB2,CENPN,0
TCF4,PTGR1,0
TADA3,GTF3C5,0
FOXO1,OGFOD1,0
IRF9,CMPK1,0
MYBL2,SHMT2,0
NCOA6,SRM,0
TBL1X,EGR1,0
PRDM14,AFF4,0
TAF1A,ALPL,0
MCM7,AKR1B1,0
RNPS1,FGB,0
FOSB,CUEDC2,0
FHL2,APOC1,0
ZNHIT3,RNF19A,0
KHDRBS1,VRK1,0
BTG1,OTX2,0
NME2,OGFOD1,0
CHAF1A,RAB31,0
RBBP7,RAD54B,0
ENO1,TRIP13,0
XRCC6,F10,0
GATA6,TGIF2,0
CBX3,CACYBP,0
POLR1C,NR1H3,0
DR1,CDKN1A,0
TRIM22,HPX,0
MAZ,PMS1,0
PTMA,HP,0
TFAP2C,ZNF239,0
SSBP2,NONO,0
BTG2,WDYHV1,0
MCM2,BCKDK,0
MCM5,GMNN,0
E2F4,MDK,0
TCEA1,SPAG9,0
SP100,RHOBTB3,0
DR1,UQCC1,0
CTBP1,GATA4,0
RNPS1,GTF2F2,0
NPM1,ZFYVE21,0
NAA15,BRIP1,0
YAF2,TSN,0
ILF2,MBIP,0
ZNRD1,GGH,0
AHR,TCF7L1,0
ZNRD1,RAD54L,0
ILF2,TRIP13,0
TAF5,FTSJ2,0
FUBP1,NNT,0
POLR2B,SCAPER,0
RARG,SLC25A26,0
E2F3,PLG,0
ILF2,HSD17B14,0
KAT7,ITIH4,0
NRIP1,AURKB,0
TGIF1,RAD51C,0
CDX2,APOO,0
TFE3,GALK1,0
SRSF6,DDX39A,0
MCM5,MDK,0
GATA4,RRM1,0
SNRPD1,THAP4,0
ZIC2,RRM1,0
RFC1,ANP32E,0
TTF2,DDX54,0
TRIM27,RNASEH2A,0
MYCN,TIPARP,0
DDB2,VCAN,0
MCM6,HNRNPK,0
BCL11A,METTL1,0
TCF7L1,TMEM69,0
KHDRBS1,SIRT2,0
BTF3,CNOT7,0
TAF6,OTX2,0
TIMELESS,RHOBTB3,0
POU2F1,NCAPG,0
POLR2F,FLRT2,0
PIAS2,KLF3,0
POLR2B,TADA1,0
PIAS3,GGPS1,0
SUB1,SLC39A10,0
SRSF3,ISG20,0
MED21,EFTUD2,0
TGIF1,ACSL5,0
MCM8,SORBS2,0
SSBP2,NFIB,0
BCL11A,KEAP1,0
ZNRD1,ISG15,0
SALL4,AFF4,0
TRIM25,LMO7,0
AATF,NPRL2,0
POLR1B,ZBTB24,0
RAD54B,NFATC2,0
BPTF,MTFP1,0
SUV39H2,DCAF13,0
HTATSF1,PDCD4,0
TBL1X,PRIM1,0
SOX2,S100PBP,0
NUPR1,MORN2,0
MEF2C,SIRT2,0
MAZ,SMC2,0
HCFC1,FAM118B,0
GLI2,CREB3L4,0
XRCC6,BTG1,0
GTF2H2,BLMH,0
SNRPB,UBE2C,0
EWSR1,ORC4,0
FOSL1,HMGB2,0
ZNF300,DNA2,0
KDM4C,LRR1,0
BPTF,KLHDC2,0
NR1H3,IFNGR1,0
ID2,COMMD3,0
YAF2,IFITM1,0
CTBP1,NREP,0
POLR2D,CDK1,0
TCEB1,METTL1,0
DR1,EXOSC5,0
SMAD3,CNBP,0
NOTCH3,AGTRAP,0
TAF11,TNNT1,0
TCF3,RNASEH2B,0
ZFHX3,SLC25A20,0
DNMT3A,PISD,0
TCEB2,GALK1,0
HMGA1,HAUS2,0
CBX3,C6ORF203,0
AATF,NR2F2,0
GTF3C4,GEMIN7,0
SMARCA4,MLH1,0
TNFAIP3,LEFTY1,0
PAPOLA,FAM49B,0
CNBP,HPRT1,0
DNMT3A,GALE,0
TRIM25,XRCC6,0
MED21,NPM1,0
KLF5,DKC1,0
TCF4,KIF20A,0
ORC2,POLE4,0
POLR1E,SMARCE1,0
TRIM27,TCEB1,0
MAZ,ORC4,0
ID3,THYN1,0
GATA4,UBAC2,0
RREB1,F2,0
GTF3C2,ZFP64,0
RBMX,NOL11,0
HIST1H1B,MTUS1,0
RUNX1T1,DHRS3,0
MATR3,ACAT2,0
BIN1,HNRNPR,0
SSBP2,C3ORF14,0
CEBPZ,AEBP2,0
ZFP36,EWSR1,0
POLR1E,FAM46A,0
GLI2,FTSJ1,0
RBBP7,IFITM2,0
ZNF300,PFKM,0
DEK,EWSR1,0
HIST1H1C,TBL1X,0
BCOR,METAP1,0
FOSL1,BBS7,0
PHB2,PIM2,0
TNFAIP3,AMZ2,0
CSDE1,SLC7A7,0
AEBP1,NDUFAF4,0
PPARA,OIP5,0
TCF7L1,METTL5,0
TCF3,RBPJ,0
MATR3,TCEA1,0
MYCN,EFTUD2,0
BRCA1,LSM10,0
CTBP1,METTL8,0
CEBPZ,MED14,0
CREB1,NBAS,0
ETS1,RNF138,0
BPTF,TTR,0
HNRNPR,RNASE4,0
HMGN3,C6ORF203,0
HNRNPD,WFDC2,0
RBBP7,KEAP1,0
ESPL1,PEX19,0
BTG1,TAF1A,0
ID2,SLC7A6,0
NR5A2,SNRPB,0
SP100,HPX,0
IRF1,C9ORF72,0
FOSL1,NTHL1,0
POLR1D,PSIP1,0
WBP11,DDIT4,0
SSRP1,PFN2,0
DDX54,HNRNPD,0
HIST1H1B,PYCR1,0
ZBTB16,ESPL1,0
PPARA,SOX4,0
POLR2K,HOOK2,0
HIF3A,ELF1,0
SIRT1,CXXC1,0
MCM8,DTYMK,0
HMGA1,TF,0
CNOT7,LAMB2,0
NANOG,GRTP1,0
HIPK2,TMEM120A,0
NCOA1,WDR54,0
TAF7,CRYZL1,0
POLR1E,DGAT1,0
JMJD1C,CDCA2,0
THRB,THAP1,0
HNRNPK,EIF2B3,0
HIST1H1E,HNRNPUL1,0
GTF2F2,EFNA5,0
RUNX1T1,POLR2K,0
AES,CDC20,0
HNRNPUL1,HDAC2,0
TCEA1,PON2,0
CHD8,NNT,0
NME2,TFAP2C,0
ETV1,KAT7,0
BTG2,CEP70,0
DAB2,NONO,0
NR3C1,TTK,0
GTF2I,DNMT3A,0
SNRPD1,ZIC3,0
EHMT2,HPRT1,0
E2F4,FTSJ2,0
POLR3E,DLGAP5,0
RBMX,AAMP,0
XRCC5,DNMT1,0
ZNF74,MED30,0
DNAJC2,ATP1B3,0
RBMX,CDKN3,0
HIST1H1C,ID3,0
ELF1,DKC1,0
PEG3,CMC1,0
NFYB,SRSF6,0
TRIM27,GULP1,0
DR1,TTF2,0
UHRF1,JMJD1C,0
DNMT3A,AMHR2,0
SALL2,MAD2L1BP,0
CEBPZ,TCF25,0
RNF4,DPCD,0
PHB2,DTWD1,0
NR1I3,PDGFRA,0
EHMT2,RSU1,0
MAPK1,PHF5A,0
TAF7,COMMD3,0
SSBP2,PCGF6,0
NANOG,UNC93A,0
NRIP1,HMGN5,0
SIRT1,PCID2,0
MCM8,MAFF,0
PIAS2,ZNRD1,0
ZIC2,CDCA2,0
HIST1H1E,DDIT3,0
SP4,SIL1,0
RUVBL2,NBAS,0
MAF,NOSIP,0
GLI2,SERPIND1,0
TIMELESS,USP3,0
UHRF1,USP39,0
PRDM1,PPT1,0
GLI1,ING5,0
TAF1B,PLA2G12B,0
CNOT7,CD320,0
TCF7L1,MCM6,0
ETV1,IVNS1ABP,0
ETV4,TIMELESS,0
AHR,PREB,0
TCF4,EFTUD1,0
PIAS3,POLE2,0
MYBL2,HMGN2,0
TGIF2,DPP4,0
ING1,TRNT1,0
CHAF1A,TCFL5,0
COPS2,GMNN,0
ETV1,FAM49B,0
FOSL1,RAD54L,0
PITX1,LIN28A,0
HMGB2,IFNGR1,0
TNFAIP3,NTHL1,0
COPS5,DOT1L,0
GABPB1,L1TD1,0
TADA3,HIST1H1B,0
HNRNPK,MBIP,0
SMARCC1,BTG2,0
TP53,TMEM147,0
EWSR1,MCM4,0
NFYB,HMGCS2,0
ZNF300,HMGN3,0
POLR1D,AFF4,0
MEF2C,HMGN1,0
MYCN,NANOG,0
E2F3,FBXO22,0
EWSR1,SEC14L2,0
TAF6,SSBP2,0
EGR1,MTAP,0
MYBBP1A,MAPK1,0
JMJD1C,NNT,0
PITX1,ZIC3,0
HMGB2,TMEM37,0
MCM2,EOMES,0
TAF11,MED4,0
NR1H3,HDGF,0
HMGN1,AMZ2,0
ETV4,USP44,0
HNRNPR,NUP35,0
ORC2,STMN1,0
ZNHIT3,MAPK1,0
NR1H3,ING1,0
GLI1,CDC20,0
HIF3A,ATP11C,0
SSB,CAPRIN1,0
SUB1,BCL11A,0
ZNRD1,BMP2,0
TBX3,LTA4H,0
YBX1,TRIM22,0
POLR1B,NUDT1,0
SRSF1,SSBP2,0
FUBP1,ACADSB,0
SRF,WARS,0
GTF2F2,TCERG1,0
SNRPD1,CFTR,0
HMGB2,F2RL1,0
XRCC5,BCKDK,0
BCOR,RAI14,0
MYBBP1A,HMGXB4,0
PAX6,CREB3L4,0
HIST1H1B,ZBTB24,0
POLR1C,DNPEP,0
CREB1,SPINK1,0
NRIP1,PBX1,0
DNAJC2,NUPR1,0
NUPR1,SAE1,0
ZNF300,PIM2,0
CEBPZ,PEF1,0
NME2,ANKRD1,0
MYBL2,PLIN2,0
TAF1A,LGALS4,0
NR1H3,CREB1,0
PTTG1,POLR3D,0
HIF1AN,CSRP2,0
SIRT1,YAF2,0
POLR2K,SRM,0
NR2F2,CENPU,0
POLR2L,CBR1,0
HIST1H1B,HEXB,0
HIF3A,SLC25A26,0
PRDM14,MED21,0
TRIM27,NVL,0
APEX1,CIDEB,0
GABPB1,FLAD1,0
NCOA1,GABPB1,0
BRCA1,SULT1A2,0
KHDRBS1,ZNRD1,0
E2F4,GRTP1,0
AEBP1,HK1,0
ECD,SALL2,0
ZBTB3,RNF138,0
E2F5,ATP2C1,0
NPM1,ZNF253,0
ZNF143,BLVRA,0
NCOA6,HNRNPAB,0
MCM4,ACTL6A,0
DNAJC2,EMC2,0
MCM8,ACADSB,0
GTF3C2,ING5,0
CDX2,ASPH,0
TRIP13,MYOF,0
HMGA2,TIMM21,0
TAF1B,COQ3,0
FOXO1,CEBPZ,0
CNOT7,CD9,0
HMGB2,CSDE1,0
HIF3A,DBNDD2,0
FXR1,ATL2,0
TFDP1,RIOK1,0
ING5,NNAT,0
MTF2,FGFR1,0
HNF4A,APOO,0
PIAS3,C6ORF203,0
HDAC2,LAMA1,0
TAF1B,EXOSC3,0
TADA3,ANAPC4,0
DNMT3A,FLRT2,0
RREB1,APOC2,0
ZNF300,POLR3G,0
TFDP1,MID1,0
MYBL2,ANAPC4,0
PAX6,MRPL10,0
GTF3C2,NANOG,0
TNFAIP3,HIST1H1E,0
ESPL1,MBIP,0
HIPK2,CDK2AP1,0
IRF9,MECR,0
BRIP1,POLD2,0
MCM2,SHISA2,0
RFX5,PARP1,0
XRCC5,DMKN,0
MYC,ZNF33A,0
SP4,RREB1,0
POU2F1,SKA3,0
SMAD3,SLC7A6,0
HMGA1,CDCA2,0
TCEB1,NR1I3,0
SMAD3,CETN3,0
HDAC1,LAMC1,0
ERCC8,GPRC5C,0
MYC,NR1H3,0
FHL2,CREB3L3,0
YAF2,PFN2,0
MYBBP1A,MCM7,0
BRCA1,MLST8,0
ZBTB3,EEF1A1,0
JUND,PDGFRA,0
ZNHIT3,KHDRBS1,0
SRF,COMMD10,0
NR2F2,HMMR,0
ORC2,IFNGR1,0
TADA3,AFF4,0
HIF1AN,DDX54,0
FOXH1,KIF20B,0
GTF2H2,FOXP1,0
BRIP1,RANGRF,0
SMARCE1,MMS22L,0
NR2F6,COPS5,0
PIAS2,GATA4,0
AHR,PLAGL2,0
MED21,ASNS,0
ID3,P2RX4,0
SUPT16H,SLC39A1,0
KHDRBS1,NEDD4L,0
MAF,SHKBP1,0
RUVBL2,ERCC8,0
ZNF354A,CHEK1,0
TCERG1,UBE2C,0
TAF9B,HDAC6,0
GATA6,FGFR1,0
E2F7,USP28,0
GTF3C4,WDYHV1,0
SRSF3,KDM4C,0
POLR2F,MPHOSPH6,0
NR5A2,GNRH2,0
CNOT7,TFE3,0
SNRPD1,MTX2,0
TADA3,SPINK1,0
DDX5,OIP5,0
SIRT1,FAM64A,0
PITX2,VCAN,0
ZHX1,TRIM27,0
JARID2,BUB1B,0
PITX2,TMEM37,0
MEF2C,SP100,0
PIAS2,SURF2,0
EEF1A1,SH3BGR,0
NR5A2,ZFP62,0
NUPR1,MCM6,0
HNRNPUL1,SS18,0
SNRPD1,TCERG1,0
POLR2K,APOA2,0
RFC1,CTBP1,0
ETV1,CREB3L2,0
THRB,BSCL2,0
COPS5,ASPH,0
XRCC6,NR2F2,0
POLR2L,PDCD4,0
ENO1,SRF,0
NFIB,CYB5B,0
RNPS1,SLC25A37,0
ING1,MTHFD1,0
PTTG1,ACTN1,0
ID3,MRPL10,0
KAT7,SQLE,0
POLR1E,ZBTB16,0
MYCN,FOXP1,0
GATA4,EIF2B3,0
MED4,GATAD2B,0
TCEA1,MRPL49,0
FOXA1,USP3,0
MCM7,HNRNPH3,0
ZFHX3,METAP1,0
FOXA1,BCAS2,0
ING3,UPP1,0
ETV4,GGPS1,0
NR5A2,RAD1,0
PIAS3,RABEPK,0
XRCC6,YEATS4,0
SP4,GALE,0
GATA6,S100PBP,0
POLR2L,TUBA1B,0
POLR2D,BCKDK,0
FOXH1,TAGLN,0
PRDM14,EFNA1,0
YAF2,DPH5,0
MCM6,E2F7,0
NPM1,AGT,0
BTG2,MAT2B,0
FOXH1,GRTP1,0
SMARCA4,MAF,0
WDR5,ADNP,0
MCM8,RPUSD4,0
RAD51,HNRNPR,0
NR3C1,CASP8AP2,0
TFE3,POU2F1,0
ILF3,POLR2B,0
RFC1,UNC93A,0
RNF2,DNPEP,0
MYBL2,CAAP1,0
ZNF143,CCDC88A,0
FOXP1,RFC5,0
BCOR,TP53INP2,0
SKIL,GAL,0
OTX2,WDHD1,0
KDM4C,VIL1,0
TAF5,COPS3,0
AEBP1,PDGFRA,0
MED4,LRRC40,0
POLR1C,FOXH1,0
TIMELESS,TBC1D31,0
PPARA,RBP2,0
GABPB1,TBC1D31,0
PAX6,DHCR7,0
TAF1A,KIF22,0
NRIP1,PLAC8,0
ELF1,ANP32E,0
HIST1H1C,PPFIBP2,0
DR1,BIRC5,0
PTMA,SLC38A2,0
REST,ATL2,0
NFATC2,TARDBP,0
SOX2,HAUS2,0
AATF,GTF3C5,0
RUVBL2,ERAL1,0
DNAJC2,ORC6,0
BRIP1,ALG6,0
TRIM22,C21ORF59,0
POLR1D,RFC1,0
MCM7,AHSG,0
KAT7,TBC1D31,0
TNFAIP3,ZRANB2,0
IVNS1ABP,E2F4,0
POLR2G,HERPUD1,0
TAF9B,HDAC2,0
PMS1,TBC1D1,0
YEATS4,SNAPC1,0
KHDRBS1,TFDP1,0
TGIF1,CAT,0
SOX2,PARPBP,0
PHB2,ECD,0
MYCBP,ZCCHC7,0
MAF,MED21,0
HDAC2,GRPR,0
NOTCH3,ZNHIT3,0
TGIF1,RFC4,0
TRIM22,ACOT7,0
SALL3,CUTC,0
SRF,VCAN,0
THRB,LRRC1,0
GTF3C4,ANLN,0
KNTC1,DERA,0
NR2F2,EED,0
GTF2E1,ZSWIM7,0
ETV1,GPM6B,0
NR3C1,APOC2,0
FOXM1,GALE,0
PIAS3,RBM39,0
FOXO1,RBMX,0
HMGN1,NIP7,0
TARDBP,TTF2,0
ZNF638,FN1,0
TAF5,HPRT1,0
TOP2B,CREG1,0
NRIP1,POLR3G,0
BTF3,KLHDC2,0
PPARA,NT5DC2,0
MYBL2,ARL2,0
TGIF1,GLI1,0
APEX1,MRS2,0
RBM39,EYA3,0
HNRNPUL1,ELOVL5,0
KHDRBS1,TRIM25,0
SNRPB,TEAD2,0
SSBP2,THAP4,0
TADA3,ID3,0
MEF2C,CUEDC2,0
CNBP,RRM2B,0
CNOT7,HOOK2,0
AEBP1,GNRH2,0
TAF9B,ATP1B3,0
EED,CDCA2,0
GTF2F2,CETN3,0
FOSB,YARS,0
ILF3,TCF4,0
KLF6,DPH5,0
RNPS1,MYBBP1A,0
TOP2B,ACAD11,0
RFXANK,MED30,0
GTF3C2,GTF2H2,0
TCF4,SLC25A17,0
DEK,SRSF2,0
HIPK2,IL32,0
FOSL2,NSD1,0
NFATC2,CNOT10,0
RUVBL1,DCAF13,0
MCM6,GXYLT2,0
ECD,HEXB,0
DDX5,HDAC2,0
MED14,ALDH1A1,0
PARP1,GXYLT2,0
BRIP1,ADSL,0
RBMX,TIMM50,0
XBP1,FXR1,0
POLR2B,SLC25A17,0
RBBP7,CDC20,0
SMARCE1,SGK1,0
ETV4,S100PBP,0
RUVBL2,NR2F6,0
HMGN2,HEXB,0
FOXP1,DGAT1,0
MED21,CDKN3,0
TCERG1,GATA4,0
ZNF638,NME2,0
THRB,MAPK1,0
HIST1H1C,ZHX1,0
KDM4C,ATF3,0
PRDM1,FGFR1,0
RUVBL2,SORBS2,0
ZNF638,ATP11C,0
GMEB1,THY1,0
PRDM1,ETV5,0
TADA3,PSMG1,0
APEX1,PAX6,0
TEAD2,FLRT2,0
CSDE1,TTC39C,0
TFE3,AXL,0
E2F5,USP45,0
XRCC6,SIL1,0
HMGA1,TBPL1,0
FOSL1,ANXA4,0
CSDE1,LGALS3,0
MCM4,USP7,0
CHAF1A,DDIT4,0
SSRP1,CBR1,0
SUV39H2,BCL11A,0
POLR2B,ECT2,0
RAD51,EYA3,0
ZNF74,GTF3C2,0
HIF3A,MTMR2,0
SRSF1,ELL2,0
HDAC1,UCHL1,0
POLR1C,ZFHX3,0
RBPJ,NUDT1,0
MCM3,ZNF766,0
SP100,SLC5A6,0
OTX2,GOT1,0
BRIP1,RABEPK,0
E2F5,SLC7A6,0
DEK,EGR1,0
PITX1,TGIF2,0
HCFC1,UCKL1,0
PSIP1,SMOX,0
POLR2D,LIFR,0
SMAD5,SMARCA5,0
ZNHIT3,PAWR,0
APEX1,DPP4,0
HMGN2,CCDC126,0
CNOT7,DNAH14,0
DAXX,VRK1,0
GABPB1,ZNF217,0
RBBP4,EXOSC1,0
HNRNPR,GRTP1,0
IVNS1ABP,NUDCD1,0
GTF3C4,ZBTB3,0
XRCC5,COPS3,0
IVNS1ABP,DTYMK,0
ENO1,BIN1,0
MCM4,SKIL,0
NR1H3,ICA1,0
MCM4,SOX2,0
TTF2,SCAPER,0
HIF1AN,KIF22,0
TCF3,BLMH,0
PITX2,NCOA6,0
PMS1,CENPW,0
GLI1,AIMP2,0
POLR3E,SLC7A8,0
NRIP1,FANCI,0
ING3,RNF4,0
TOP2B,C6ORF203,0
CSDE1,ZFP64,0
SMARCA5,EYA3,0
TCERG1,IPO5,0
YAF2,DCAF13,0
TBX3,SERPIND1,0
FUBP1,HARS,0
COPS2,SLC25A4,0
FOXA1,MELK,0
SUPT16H,ACOX2,0
ZBTB16,EFTUD2,0
TFE3,NUCB2,0
GTF2I,TBC1D1,0
SIRT2,RAB31,0
XRCC6,ARID3B,0
HIPK2,POLR3E,0
MTF2,EXOSC9,0
FOXP1,NUP37,0
RUVBL2,KIF22,0
BPTF,RBBP7,0
HMGN3,RAB25,0
SRSF6,GPRC5C,0
RAD51,EXOSC5,0
PTMA,ZNF398,0
COPS2,CDC6,0
GTF2I,UHRF1,0
NR1H3,DSCR3,0
CDX2,MXD1,0
DDIT3,YEATS4,0
TFAP2C,LTV1,0
TFDP1,EXTL2,0
SALL2,HNRNPH3,0
TAF5,PFN2,0
MYBBP1A,SEC22C,0
SMAD5,NT5DC2,0
SUB1,TCEA1,0
DDIT3,TMEM60,0
GMEB1,IQGAP2,0
DDX5,KIF20A,0
EGR1,UCP2,0
MYBL2,E2F7,0
FOSL2,FARSA,0
DNAJC2,ZNF239,0
KNTC1,ZFP62,0
RNF4,TCEB1,0
H1F0,ALG6,0
TCF7L1,PBX1,0
PPARA,KLC4,0
TFAP2C,VRK1,0
SSB,AGTRAP,0
EEF1A1,BBS9,0
NR3C1,EXOC5,0
RBBP7,CCDC169,0
GATA6,ZRANB2,0
MCM3,ECHDC2,0
STAT2,TGIF1,0
SIRT1,SMARCA5,0
PTTG1,TCF25,0
ING5,CCNB2,0
TP53,TEX10,0
SMAD5,PEMT,0
NOTCH3,TIMM50,0
CHD8,SMAD5,0
DAB2,CAPN12,0
MCM8,OPA1,0
TAF9B,LAMB2,0
ENO1,ACAT2,0
GMEB1,TMEM120A,0
HNF4A,ZNF160,0
MYBL2,DDX54,0
SKIL,PTP4A1,0
GTF2E1,PCID2,0
PRDM1,GTF2H2,0
PA2G4,HIST1H1E,0
HIST1H1E,LTA4H,0
DNAJC2,SHISA2,0
THRB,ARL6IP6,0
ZNF74,SGOL1,0
PITX1,TCFL5,0
TFDP1,PHC1,0
ID2,HMGCL,0
HTATSF1,TK1,0
NPM1,MAF,0
GTF3C5,ETS1,0
NOTCH3,NTMT1,0
AHR,NUF2,0
ZIC2,MIS18BP1,0
ILF2,TFF1,0
SMAD3,PTGR1,0
RUNX1T1,TBPL1,0
CEBPZ,CDKN1A,0
COPS2,MTF2,0
MCM7,TKT,0
HMGN2,PLIN2,0
ZRANB2,MTHFD1,0
GLI2,KNTC1,0
GTF2E1,PPAPDC1B,0
ZFP36,POLR1B,0
OTX2,HNF1B,0
SRSF2,SEPT10,0
E2F4,NCK1,0
SRRM1,CEBPD,0
HNRNPK,KLF5,0
NR2F2,MCM7,0
YEATS4,IFNGR1,0
YBX1,PYCR1,0
E2F4,XBP1,0
HTATSF1,PPP1R7,0
TARDBP,NDC80,0
KHDRBS1,UCHL1,0
RAD51,NR5A2,0
TFE3,NR1H3,0
KAT7,FANCD2,0
FHL2,NR3C1,0
POLR2F,ICT1,0
MAPK1,NEK2,0
HDAC1,LMO7,0
RREB1,EGFR,0
IRF3,AMZ2,0
HIF3A,NUP88,0
NR2F6,HMGCS2,0
POU5F1,EPS8L2,0
EGR1,SPINK1,0
ORC2,LAMA1,0
FOSL1,CSDE1,0
RBMX,TBC1D31,0
MXD1,CHTF18,0
SIRT1,EED,0
RBBP7,XRCC6,0
PREB,AURKB,0
CNBP,MEST,0
TAF9B,ORC6,0
CREB1,DR1,0
GTF2F2,SMC2,0
MLXIPL,CA2,0
AEBP2,ETV4,0
RBPJ,PREB,0
MED21,SLC25A20,0
HIST1H1B,DNA2,0
HMGN2,C12ORF10,0
HNRNPD,CTBP1,0
TAF6,MRPS12,0
MEF2C,PTMA,0
THAP11,NANOG,0
JUND,GAL,0
TCOF1,SUCLA2,0
GATA4,LAMA1,0
TGIF2,CD9,0
HNRNPR,AMZ2,0
AEBP2,PRPS2,0
THAP11,ZNF217,0
MAZ,UGP2,0
ILF3,DDIT4,0
TP53,LGALS1,0
YAF2,IQGAP2,0
PAX6,MXD1,0
WBP11,MELK,0
MYBBP1A,TAF1A,0
ING1,POLR2L,0
NR1H3,XRCC6,0
HNRNPK,WARS,0
ATF3,EXOSC2,0
HNRNPD,NUF2,0
NANOG,DROSHA,0
TCOF1,APOC3,0
POU2F1,NODAL,0
ZRANB2,ANKRD1,0
RBM39,ANP32E,0
ETS1,GTF3C2,0
TADA3,HSDL2,0
GABPB1,HIPK2,0
RAD54B,CTSE,0
ZNRD1,RRM1,0
GATA6,DBNDD2,0
CBX3,ZNF638,0
KHDRBS1,SMARCD2,0
DAXX,XPO6,0
BRCA2,CBR1,0
SIRT1,POLR2L,0
RNPS1,BCAS2,0
AATF,SAMHD1,0
NFIB,CUEDC2,0
NUPR1,SLC2A1,0
POLR2B,CDKN1A,0
TRIM25,NR2F2,0
GTF2E1,TAGLN,0
XBP1,NR1H3,0
HIPK2,XRCC5,0
JUN,TMEM97,0
NAA15,BMPR1A,0
TCF4,RNASE4,0
NONO,HMGN2,0
ECD,GLUD1,0
SSB,ZIC2,0
RAD51,ING5,0
APEX1,NVL,0
TAF7,RFC2,0
TNFAIP3,TRIAP1,0
TFDP2,NOTCH3,0
TGIF2,FAM64A,0
PAWR,KHDRBS1,0
TARDBP,DDX54,0
TNFAIP3,POLR3E,0
TCF3,PHGDH,0
JMJD1C,MRTO4,0
CHAF1A,TRNT1,0
CEBPZ,PAWR,0
POLR2B,TPD52L1,0
H1F0,GATA4,0
FOSL2,ACOX2,0
NONO,POLR2D,0
ZBTB16,WDR75,0
TCF7L1,TP53INP2,0
TCEB1,RNF4,0
HMGB2,GPRC5C,0
NR5A2,MOV10,0
PHB2,PAPOLA,0
TRIM25,METTL1,0
JUND,ETV4,0
DEK,LTV1,0
APEX1,DNAJC2,0
SRRM1,FAM64A,0
RNF4,SULF2,0
FOXO1,TFPI,0
TCF7L1,PRIM2,0
UHRF1,MCM7,0
JARID2,CD37,0
ZBTB16,TRMT1,0
FOXA1,SMARCA4,0
EPAS1,GALE,0
MCM8,ACADVL,0
DDX20,RNF4,0
DRAP1,NPPB,0
TCF4,CDK5RAP2,0
PREB,E2F4,0
HMGN2,CNN2,0
HMGB2,C6ORF203,0
TRIM27,HARS,0
JUND,MOV10,0
DNMT3A,HEXB,0
IRF9,ZIC3,0
DNMT3A,HNRNPD,0
CREB3L3,ANAPC4,0
MED4,E2F4,0
DDIT3,NEK2,0
MEF2C,NPM1,0
HDAC1,XPO5,0
APEX1,TMEM237,0
AHR,RNASEH2B,0
DEK,XBP1,0
ENO1,BBS9,0
CTBP1,PTGR1,0
SNRPB,SRM,0
HIST1H1E,SHISA2,0
POLR2B,SUV39H2,0
RUVBL1,ECD,0
CEBPZ,CMC2,0
DDIT3,EOMES,0
YEATS4,GRHL1,0
EPAS1,WDHD1,0
SRSF1,RAB34,0
SRSF2,EIF2B3,0
NR5A2,TMEM14A,0
BTG2,SUB1,0
MEF2C,DCTPP1,0
POLR2B,HNRNPAB,0
FOXM1,NR1H3,0
ECD,SRSF1,0
FOXP1,NUP35,0
FOSB,SLC7A8,0
SMAD3,HK1,0
KAT7,ORC2,0
ING3,IPO5,0
GTF2I,BSCL2,0
SUPT16H,DNAJB9,0
SNRPB,FN1,0
NR2F2,PEMT,0
MYCN,NCK1,0
DR1,OTX2,0
FUBP1,TCF7L1,0
DAB2,CPSF3,0
GTF3C4,SALL2,0
HIST1H1B,BCL11B,0
ATF3,HMBS,0
CEBPD,DBF4,0
NR5A2,THRAP3,0
PITX2,ORC5,0
POLR2G,CAAP1,0
PPARA,TDGF1,0
NFATC2,ALPL,0
ORC2,CIDEB,0
SMAD5,FBL,0
ETV1,TEAD2,0
MCM6,RUNX1T1,0
TAF1A,NIF3L1,0
CEBPZ,GTF3C5,0
BTG2,THOC1,0
PITX2,LTA4H,0
ZBTB16,LGALS4,0
PPARA,TUBB6,0
SMAD2,P4HA2,0
FUBP1,PYGL,0
GATA6,METTL8,0
HDAC1,YWHAH,0
TCF7L1,MECR,0
CTBP1,SVIL,0
TCF7L1,ASL,0
KDM4C,HMGB2,0
ZIC2,AEBP1,0
KLF5,SERPIND1,0
HNRNPUL1,MTAP,0
SSBP2,SLC39A1,0
MYCBP,UTP18,0
PIAS2,NR1I3,0
HMGN3,DPH5,0
EEF1A1,HSD17B14,0
POLR1E,SKA3,0
BRCA2,RAD51AP1,0
CHAF1A,E2F7,0
SUB1,EFTUD1,0
DR1,SMC6,0
TARDBP,ALG6,0
GLI2,SLC7A3,0
DRAP1,PEG3,0
ETV1,GGPS1,0
TCEB1,ZSWIM7,0
THAP11,MGST2,0
SUV39H2,THRB,0
TP53,LGALS4,0
DNMT3A,FANCB,0
TAF11,SHKBP1,0
ING5,PDCD4,0
NAA15,TAF1A,0
FOXO1,AGT,0
CNBP,SSRP1,0
JARID2,DEPDC7,0
ATF3,CD37,0
SALL4,HIST1H1E,0
GMEB1,FGA,0
POLR1B,SNAPC1,0
SRSF2,ORC6,0
FOXA1,SYTL2,0
ENO1,PITX1,0
TGIF2,PCGF6,0
TGIF2,METTL10,0
TCEA1,HIST1H1C,0
ZNF354A,TMEM14A,0
JARID2,BRMS1,0
SP4,MCM5,0
KNTC1,C12ORF10,0
DEK,HIF3A,0
NFYB,CBX3,0
PITX2,XBP1,0
HCFC1,GEMIN2,0
TNFAIP3,CCNB2,0
SMAD5,ODF2L,0
E2F3,RNF2,0
CTBP1,LITAF,0
KDM4C,ATP5G1,0
DDX54,ING3,0
YBX1,DNMT3B,0
SOX2,CHEK2,0
GTF2I,TNNT1,0
RARG,HNRNPUL1,0
POLR2L,MYOF,0
TCEA1,ORC5,0
PAWR,ADNP,0
E2F7,CEBPZ,0
NR1I3,IGF2BP3,0
RUNX1T1,STARD3NL,0
SSRP1,CRAT,0
SMARCA5,ATP11C,0
HIF1AN,ABT1,0
ATF3,AGT,0
MCM2,NR5A2,0
GLI2,PRMT5,0
RBM39,GRTP1,0
RNF4,BRCA1,0
NR5A2,MLF1,0
HMGN1,LGALS3,0
JMJD1C,IRF9,0
GMEB1,VTN,0
MCM4,PLG,0
ASCC3,POLR1E,0
ZNHIT3,SEPP1,0
RBMX,DDX5,0
WBP11,ELAVL2,0
TOP2B,ZRANB2,0
GMEB1,MOV10,0
E2F5,SSB,0
SMARCC1,ELP2,0
RAD54B,NODAL,0
RARG,FUCA1,0
PAWR,METTL21A,0
DDIT3,ECD,0
ZBTB3,ETV1,0
GATA4,GLIS3,0
NR5A2,SF3B3,0
FOSL2,RFC2,0
ID2,NDUFAF4,0
TAF7,YWHAH,0
ZHX1,SF3B3,0
E2F5,ECT2,0
TAF6,RFX5,0
ZBTB16,TADA3,0
RUVBL1,TBCB,0
ZFP36,APOO,0
PAX6,MEST,0
SMAD3,APOO,0
TCF3,E2F4,0
NPM1,PTP4A1,0
TAF5,MRPS27,0
POLR1E,PDZK1,0
RAD51,TAF11,0
HDAC2,MRPS30,0
FUBP1,NEDD4L,0
MCM4,PTPRM,0
HCFC1,BRIX1,0
RFX5,DNAH14,0
SRSF3,GGH,0
EEF1A1,C21ORF59,0
JMJD1C,PUS7L,0
SSRP1,THAP1,0
TGIF1,ILF3,0
ING3,MST1,0
GTF2F2,DMKN,0
ELF1,CRYZL1,0
COPS5,GLI2,0
SRF,ZNRD1,0
FHL2,SSBP2,0
TBX3,PAK1IP1,0
TIMELESS,NEIL2,0
FOXH1,PROSER1,0
RNF19A,CTDSPL,0
CBX3,M6PR,0
HMGN3,CYB5B,0
ZBTB16,ABCA5,0
TCEB3,MTX2,0
POLR1B,EIF5B,0
BRCA1,ZBTB3,0
POU5F1,KLHDC2,0
SSRP1,AURKA,0
PTMA,AHSG,0
NR1H3,HK1,0
CBX3,PLK1,0
MCM6,MRRF,0
E2F5,USP3,0
E2F7,ABCA5,0
CSDE1,NFKBIZ,0
SMARCA5,APEH,0
POLR2G,ILF3,0
MED4,UTP15,0
ZFP36,CENPU,0
POU2F1,LIAS,0
SRSF2,TM4SF5,0
NCOA6,PCIF1,0
HIPK2,DNMT1,0
TBX3,APOO,0
SIRT2,ITGB3BP,0
STAT2,CPSF6,0
WDR5,DHPS,0
ZNF300,PIAS2,0
EWSR1,MAF,0
RAD51,ZNF160,0
E2F7,HIST1H1E,0
SP100,TNFAIP3,0
TNFAIP3,PHGDH,0
SOX2,AASS,0
TCEB3,TIPIN,0
TFDP2,CTDSPL,0
MAZ,TMEM69,0
AEBP1,POLR3D,0
SSRP1,C19ORF48,0
COPS2,SALL3,0
TAF1A,WFDC2,0
IRF3,ZWILCH,0
RBBP7,VPS33A,0
FOSL1,SLC35D2,0
KAT7,CHAF1A,0
CEBPA,PPIL1,0
PAX6,ADNP,0
TCOF1,LAMC1,0
BDP1,CEBPZ,0
HIST1H1E,ATP5SL,0
DDIT3,LGALS2,0
SSRP1,PSEN1,0
MAZ,MED30,0
HMGA2,SP100,0
MAF,MYCBP,0
SNRPB,POLR1D,0
SP100,CCDC126,0
TAF6,PTP4A1,0
CHAF1A,MTHFD1,0
RBPJ,BBS9,0
JUND,YEATS4,0
KLF5,SEC22C,0
NRIP1,MRPL2,0
GTF2I,TNNI3,0
XRCC5,PTTG1,0
ZNF300,FAM13A,0
TRIM27,BCL11B,0
SNRPD1,F10,0
RBM39,DBNDD2,0
HMGN1,BLM,0
CHD8,USP45,0
PRDM14,FEN1,0
NR2F2,ETV4,0
CEBPA,C6ORF203,0
SALL4,EFTUD1,0
PTMA,TPGS2,0
ETS1,DNAH14,0
HMGN3,CAT,0
JARID2,MAEA,0
YAF2,AKR1B1,0
TFDP2,HMGN5,0
ASCC3,BTG2,0
RREB1,KLHDC2,0
ID3,TCF7L1,0
POLR2L,ARL6IP6,0
FOXA1,NAA10,0
POU5F1,USP11,0
CEBPD,CUL2,0
FXR1,SMAD2,0
HMGN2,C19ORF48,0
CHAF1A,LAMB2,0
MEF2C,CHAF1A,0
TARDBP,PSEN1,0
TOPORS,ZNF146,0
PREB,PIM2,0
EHMT2,MST1,0
SNRPB,VCAN,0
JARID2,DPCD,0
RAD51,HIF1AN,0
FOXM1,RAD51AP1,0
MEF2C,RAB31,0
GLI2,CRELD1,0
GLI1,BCS1L,0
YEATS4,GRTP1,0
POLR2G,WDR5,0
GLI2,BUB1,0
BRIP1,EXOC5,0
EZH2,RANGRF,0
EZH2,POLR2G,0
YAF2,CCDC126,0
GATAD2B,NR1H3,0
MCM5,TTR,0
CNBP,NR2F2,0
MCM3,MEST,0
GTF2E1,APOA2,0
NR1H3,SAMHD1,0
ESPL1,SNRPD1,0
IRF3,ING1,0
GATAD2B,HMGN2,0
IRF1,E2F8,0
TAF1B,XPO6,0
RREB1,APOC3,0
MXD1,ZNF253,0
MED21,PA2G4,0
E2F4,PLG,0
POLR1D,MYCBP,0
IRF9,RANGRF,0
FUBP1,PEMT,0
PSIP1,CAMK2D,0
TCF7L1,PHF5A,0
MYBL2,RNPS1,0
TAF9B,RBPJ,0
MCM7,FGB,0
COPS2,ZBTB3,0
HMGA2,HIF1AN,0
PHB2,PFN2,0
POLR2D,ACOX2,0
CSDE1,EMG1,0
TEAD2,ACY1,0
SSRP1,EXOSC1,0
PSIP1,HNRNPR,0
ZNF354A,MDK,0
POLR3E,BST2,0
H1F0,TCOF1,0
EEF1A1,PRIM1,0
ELF1,EPSTI1,0
EPAS1,EPSTI1,0
BIN1,DDIT4,0
THRB,GPN1,0
FOXH1,NCOA1,0
FOXO1,MAD2L1,0
ING1,FANCD2,0
PIAS3,ALDH9A1,0
TCEB1,ACADSB,0
FXR1,NCAPG,0
TRIP13,POLR3E,0
TCEA1,EMG1,0
TAF5,HMMR,0
GTF3C5,ZIC3,0
MCM5,EBNA1BP2,0
ASCC3,SDAD1,0
ZNF638,FOSL2,0
TAF9B,TMEM126B,0
HIST1H1B,POLR1D,0
RUNX1T1,RAD54B,0
SMARCC1,MED21,0
POLR2G,ATP5SL,0
TRIM25,TMEM126B,0
CEBPZ,CAAP1,0
CEBPZ,BCOR,0
FOXA1,LGALS3,0
ID3,EFTUD2,0
PAWR,NCOA6,0
POLR2G,LRRC1,0
PAPOLA,PHF5A,0
AEBP1,TTF2,0
HDAC1,DDX39A,0
BRCA1,TMEM97,0
PRDM1,AMHR2,0
CEBPZ,NR1I3,0
FOSL2,RRM2,0
MXD1,SIRT2,0
FOXO1,TCFL5,0
RUVBL1,MAP1B,0
PTMA,UPP1,0
RBBP7,HDGF,0
SNRPD1,GTF3C4,0
ING1,MRPS2,0
PAPOLA,FBL,0
WDR5,PHC1,0
KLF6,ACOT7,0
EHMT2,UNC93A,0
IRF9,SIL1,0
POLR2K,LGALS4,0
GABPB1,C6ORF203,0
HMGN2,FANCI,0
PMS1,SLC25A4,0
HNRNPD,MEST,0
WBP11,RAD54L,0
SRRM1,F2RL1,0
GATAD2B,DBNDD2,0
POLR1D,ZNF143,0
ZFHX3,DNMT3A,0
SMAD2,PTPN12,0
GTF2E1,CDC6,0
TADA3,SAMHD1,0
ZNRD1,PISD,0
BDP1,SLC38A1,0
POLR2D,DUT,0
PTTG1,MIS18BP1,0
GTF2I,DDX20,0
RUNX1T1,HNRNPH3,0
POLR2D,LGALS1,0
ETS1,PMS1,0
FUBP1,ACAT2,0
UHRF1,OAZ2,0
RFC1,MELK,0
RAD54B,SF3A3,0
PIAS2,RAD51C,0
GTF2H2,MMS22L,0
SRSF2,PPP2R1B,0
MED4,ZNF143,0
NR1I3,RBMX,0
RARG,ZNF74,0
MCM4,MTX2,0
ZHX1,BCKDK,0
DNMT3A,BIN1,0
JUN,ZHX1,0
SRSF6,ORC2,0
RAD51,MMS22L,0
SALL3,HPRT1,0
RFC1,NFYB,0
AES,METTL5,0
TCEB1,CREG1,0
ZNF638,TMEM69,0
EGR1,CASC5,0
ASCC3,ZRANB2,0
TOP2B,HACL1,0
FUBP1,CCNB1,0
GATA4,POLR1B,0
HDAC1,NEDD4L,0
CSDE1,FBXO22,0
POLR1D,TMEM237,0
TAF9B,PSMG1,0
TGIF1,THAP11,0
SRSF2,CNBP,0
KLF5,ITGB3BP,0
POLR3D,FGB,0
NCOA1,MCM6,0
RBPJ,POLR1D,0
CTBP1,HIPK2,0
MCM8,ZFYVE21,0
YAF2,PARPBP,0
HNRNPD,TDP1,0
MED14,PITX1,0
TADA3,WARS,0
IRF1,HMGN5,0
TAF7,PRC1,0
HNRNPK,XPO6,0
POLR2D,SRSF3,0
GABPB1,RBBP8,0
SRF,APOA4,0
NME2,QTRTD1,0
E2F8,DNMT1,0
SNRPB,HNRNPK,0
CREB1,HDHD1,0
NR3C1,EFNA1,0
FOXA2,WBP11,0
BRIP1,SKIL,0
PA2G4,HDAC6,0
TADA3,ZNF74,0
E2F7,HMGCS2,0
AHR,SNRPD1,0
TAF1A,E2F5,0
MCM2,SMARCD2,0
GLI2,ACADVL,0
HIST1H1B,PLK1,0
PIAS2,CEBPZ,0
MYBBP1A,MRS2,0
SALL3,PCGF6,0
AEBP1,TEX10,0
RBBP4,BMP2,0
MED4,SLC25A11,0
BDP1,SALL2,0
SMARCA4,PITX2,0
MCM8,DDAH1,0
FOSB,HMGN1,0
NR3C1,RNASEH2B,0
MAPK1,HEXB,0
RAD54B,SUPT16H,0
SRF,TBC1D31,0
HTATSF1,CDX2,0
CHD8,KPNA2,0
TCEB2,IFITM1,0
RFX5,KIF20B,0
PAPOLA,NME1,0
FOSL2,GPN3,0
HMGN2,SLC39A10,0
BRIP1,WDR74,0
ZBTB16,APOB,0
CEBPA,HARS,0
KLF5,LAMC1,0
TFAP2C,USP1,0
SMAD5,TAF1B,0
PPARA,TOP2B,0
HNF4A,SEPT10,0
TADA3,SOX2,0
PBX1,YWHAH,0
MYBL2,ZNF638,0
TCEB2,UCHL5,0
KLF5,SS18,0
SSB,HARS,0
TTF2,NUDT15,0
SUPT16H,CUTC,0
ZHX1,MRPS12,0
EEF1A1,SIRT1,0
TCERG1,MUSTN1,0
CREB1,PAPSS1,0
XRCC6,CA2,0
DAB2,APOC3,0
MLXIPL,PDGFA,0
RNPS1,POP5,0
HNRNPUL1,ITGB3BP,0
UHRF1,GAL,0
RUVBL1,PAPSS1,0
DDIT3,ZNF239,0
KAT7,MAPK1,0
SRSF6,DDHD1,0
TCEB3,TYMS,0
REST,IDI1,0
GTF2E1,CPSF3,0
DNAJC2,EFNA1,0
NAA15,KLF5,0
STAT2,TKT,0
HMGA1,BCAS2,0
RBPJ,SKA3,0
ESPL1,AGTRAP,0
PRDM14,RNASEH2B,0
IRF9,FOXA2,0
POLR3E,CCDC82,0
DDX5,ZFP36,0
TCEA1,MPHOSPH6,0
HMGN1,HMGN5,0
ZNF638,KLF3,0
KNTC1,SERPIND1,0
E2F5,ZNF354A,0
HNRNPK,CREB3L4,0
RNPS1,DPP4,0
IRF3,TAF6,0
ZNHIT3,YWHAH,0
RUNX1T1,SPP1,0
MED4,UCP2,0
ZBTB16,RREB1,0
RREB1,TIMM50,0
HMGN2,ZIC3,0
NR2F6,TK1,0
SOX2,PTGR1,0
MYCN,CDCA2,0
TRIM27,NCAPG,0
MCM7,CTSE,0
RNF4,EHMT2,0
THRB,IFITM1,0
SSB,TTK,0
TGIF1,ATL2,0
TCF3,KNTC1,0
PMS1,HAUS1,0
PEG3,TRNT1,0
SSRP1,SP100,0
TAF11,GGCT,0
SMAD5,ORC2,0
GTF2H2,DDIT3,0
FOXM1,ZNF398,0
RNF4,EPB41L2,0
RUNX1T1,APOB,0
SUB1,NFKBIZ,0
FOSL2,NEIL2,0
TEAD2,SGOL1,0
WBP11,DDC,0
SALL3,NAA16,0
EWSR1,DYNLT3,0
THRB,ASNS,0
BRCA1,AXL,0
GTF2I,SAAL1,0
SMARCE1,FN1,0
ZRANB2,SIAE,0
PRDM1,DROSHA,0
TFE3,MAPK1,0
ETS1,VPS26A,0
ECD,KLC4,0
MYC,ERAL1,0
FOXM1,PSMG1,0
POLR1C,UTP15,0
BDP1,PREB,0
NPM1,SGK1,0
SMAD3,POLR2F,0
TGIF2,PSAT1,0
WBP11,FHL2,0
HMGA1,HDGF,0
TCEB2,CHD8,0
PCGF6,VIL1,0
BDP1,PLK1,0
SP100,FOSL1,0
POLR3D,LEAP2,0
GTF3C4,PITX1,0
HNF4A,IFRD2,0
TNFAIP3,PIAS2,0
PAX6,POLR1B,0
CDX2,PSMD10,0
TRIP13,CDK4,0
FXR1,UGP2,0
BPTF,ANAPC7,0
RNF2,COPS7A,0
SP100,RABEPK,0
ATF3,TMEM126B,0
GLI2,PAWR,0
PARP1,PDZK1,0
HIPK2,PAPSS1,0
DDX54,PPP1R7,0
COPS5,SMC4,0
RBM39,PIAS2,0
NRIP1,CCDC66,0
GTF2H2,POLR3G,0
EPAS1,THYN1,0
NFATC2,EFTUD2,0
AATF,CREB3L4,0
WBP11,MTUS1,0
SRSF1,BUB1B,0
RREB1,YEATS4,0
GATA6,SF3B3,0
SMARCA5,NAA10,0
SOX2,SMARCD2,0
SIRT1,ORC6,0
CHAF1A,MAZ,0
MEF2C,HNRNPK,0
TOPORS,COMMD10,0
POLR2D,EWSR1,0
TCF3,SLC25A17,0
MAPK1,SF3B3,0
SSRP1,MDK,0
NONO,UBAC2,0
MED4,NRIP1,0
GTF3C4,RBBP7,0
NFIB,PHC1,0
YEATS4,SMC2,0
POLR2G,PEF1,0
ID2,ITGB3BP,0
FOXO1,U2AF1,0
POLR2F,GALK1,0
THRB,PAX6,0
NANOG,POLR1B,0
AES,CPSF3,0
NONO,LGALS2,0
E2F4,SLC35D2,0
CEBPD,GRPR,0
BCL11B,MAF,0
E2F5,MED14,0
KHDRBS1,PPT1,0
TOPORS,MRPL49,0
MYCBP,ID2,0
SIRT1,U2AF1,0
NCOA6,SAE1,0
PITX2,SMAD5,0
CTBP1,SHKBP1,0
XBP1,IFITM1,0
CNOT7,SMARCC1,0
HIPK2,SLC5A6,0
FUBP1,VIL1,0
NFATC2,HSD17B11,0
XRCC5,C11ORF1,0
ELF1,EXOC5,0
POLR1B,PPP1CC,0
EPAS1,H1F0,0
OTX2,WDR74,0
TFDP2,MEP1A,0
POLR2B,MRS2,0
MCM6,RREB1,0
KNTC1,USP39,0
FOSL1,EFTUD1,0
RNF2,C3ORF14,0
FOXA2,CDC23,0
FOXP1,MXD1,0
FOXA1,ATP2C1,0
TCERG1,GABPB1,0
E2F4,APOA2,0
MED21,BIRC5,0
ERCC8,MCM7,0
POLR2L,WBP11,0
GATA6,MCRS1,0
TFDP1,GXYLT2,0
TCEA1,C3,0
SUV39H2,HCFC1,0
KNTC1,DYNLT3,0
SNRPB,FLAD1,0
GTF2I,THYN1,0
AHR,RBBP8,0
TFAP2C,GPN1,0
SNRPD1,MORN2,0
BCOR,HNRNPH2,0
GLI2,PAPSS1,0
NFIB,TCF25,0
ZIC2,ACOX2,0
CSRP2,IDI1,0
XRCC5,PEX19,0
SMAD3,MRS2,0
TFDP1,HIST1H1B,0
ZIC2,NPM1,0
ING3,KIF22,0
GTF2F2,DNAJB9,0
PPARA,NOTCH3,0
SMARCA4,XPO6,0
MCM2,GRPR,0
APEX1,GLI1,0
SALL3,POLD2,0
NR3C1,ORC6,0
MCM3,DPCD,0
MYBBP1A,DCTPP1,0
DEK,TP53INP2,0
POLR1E,PSMB10,0
JUN,PA2G4,0
KNTC1,HDHD1,0
POLR2K,EGR1,0
NME2,POLR1D,0
PRDM14,ACTL6A,0
PARP1,UNC93A,0
SMARCE1,LIN28A,0
RNPS1,MYCN,0
CBX3,MRS2,0
FHL2,SLC7A7,0
GLI2,C11ORF54,0
GTF2E1,S100A6,0
MYBL2,OAZ2,0
KDM4C,DERA,0
NPM1,BRIX1,0
NAA15,DMKN,0
POLR1D,FEN1,0
POLR1E,ELF1,0
EGR1,KNTC1,0
APEX1,NR1H3,0
OTX2,SRRM1,0
EPAS1,L1TD1,0
ZNRD1,THY1,0
TAF11,GLI2,0
SSB,E2F7,0
TEAD2,AMHR2,0
NAA15,COMMD3,0
PAX6,TNNI3,0
SMAD3,SMC2,0
SSB,NUDT15,0
JUN,HMGCL,0
TNFAIP3,FGA,0
RUNX1T1,TOPORS,0
JARID2,CD9,0
TGIF1,DEK,0
PPARA,FOXH1,0
HMGN1,UBE2T,0
NR2F2,FAM49B,0
TAF1B,ACTC1,0
DDX5,SUB1,0
HNRNPUL1,TAF9B,0
HMGA1,LAMC1,0
ZNRD1,TTF2,0
DDX5,CRELD1,0
ILF2,MATR3,0
SP100,CYB5B,0
POLR1D,AASS,0
RNPS1,TFRC,0
EZH2,TBX3,0
POLR1E,PFN2,0
CSRP2,SUCLA2,0
BCOR,ZNF146,0
MAZ,PITX1,0
TCEB3,MED14,0
KHDRBS1,YEATS4,0
TCF4,PDZK1,0
BRCA1,ANLN,0
SSRP1,SMOX,0
RFXANK,SORBS2,0
BTG1,PDLIM7,0
SALL2,COMMD3,0
HCFC1,TADA1,0
TCEA1,CRELD1,0
NANOG,MED20,0
RNF2,PDGFA,0
FOXO1,TMEM69,0
TNFAIP3,NIP7,0
MEF2C,NDC80,0
LIN28A,POLB,0
BCOR,RBBP8,0
H1F0,NUPR1,0
HMGA2,TMEM14A,0
MED4,CFTR,0
TNFAIP3,PEG3,0
PEG3,MBIP,0
HIPK2,SHKBP1,0
FOXO1,USP11,0
CHAF1A,DDHD1,0
SRSF6,RAD51C,0
MCM2,PEG3,0
GTF2I,WBP11,0
POLR3D,PSAT1,0
ZHX1,CCL2,0
KLF6,NUDT15,0
TRIM25,RAB34,0
TRIM28,UCHL1,0
POU2F1,LRRC40,0
TEAD2,IDI1,0
ZNRD1,SLC7A3,0
PTTG1,LAMB2,0
NR2F2,BCAS2,0
DDIT3,TTLL4,0
TCF4,MSH2,0
PARP1,POLR2I,0
MAPK1,SMC4,0
ZFP36,VEZF1,0
PREB,NNT,0
ZNRD1,MRPL49,0
RUVBL2,DYNLT3,0
HMGA1,SVIL,0
ZHX1,HNRNPR,0
POU5F1,SLC25A20,0
MED21,SNRPB,0
NR1I3,DDX5,0
SALL2,ECD,0
EHMT2,H1F0,0
TCEB3,SLC29A1,0
RUNX1T1,POP5,0
CTBP1,ZNF239,0
MXD1,EGR1,0
TGIF1,ZCCHC7,0
ETV1,MED14,0
CREB3L3,POLR1C,0
CDX2,LIN28A,0
TEAD2,KDELR3,0
SRRM1,ISY1,0
ORC2,POLR1B,0
TRIM25,DRAP1,0
PPARA,ANKRD1,0
RBPJ,CDCA7L,0
FUBP1,TAF9B,0
MEF2C,LSM10,0
KHDRBS1,ZNF93,0
EED,HDGF,0
AEBP1,IDH3B,0
TAF11,ASXL1,0
UHRF1,DKC1,0
MYBBP1A,RANGRF,0
PITX2,POLR2F,0
RUVBL1,DTWD1,0
SUV39H2,NOP16,0
PTTG1,PSAT1,0
TBL1X,E2F4,0
TRIM25,SF3B3,0
EHMT2,IPO5,0
SRSF6,WDR3,0
FOSL1,MLST8,0
POLR2D,FTSJ1,0
PCGF6,SURF2,0
ING5,MYCN,0
GLI2,TSN,0
NOTCH3,RUNX1T1,0
ING1,PSAT1,0
THAP11,BTG1,0
POLR2F,GPN1,0
ZRANB2,PYGL,0
PIAS2,ID2,0
TCEB3,AHR,0
COPS5,PPP1R21,0
PSIP1,APEH,0
TP53,FLAD1,0
ZHX1,GULP1,0
POLR3E,TCEB3,0
ZNHIT3,TFPI,0
TTF2,G6PC3,0
RUVBL2,HMGN1,0
JARID2,MAPK1,0
EEF1A1,BZW2,0
RBMX,PSMB10,0
CHAF1A,THRAP3,0
TFDP1,TDP1,0
JMJD1C,CXCR4,0
PTMA,POLR1B,0
REST,DCTPP1,0
POU5F1,DLGAP5,0
TAF1A,RCAN1,0
ETS1,ISY1,0
ECD,ANXA3,0
THRB,PCGF6,0
ETV1,CHEK1,0
MED21,SNAPC1,0
CSRP2,SERPINF1,0
MYBBP1A,HMGN1,0
GTF2H2,RARG,0
RBPJ,CDKN3,0
THRB,NVL,0
TCOF1,NUSAP1,0
IVNS1ABP,MRPL15,0
RBMX,ASNS,0
BTF3,CDC23,0
TAF6,BCS1L,0
THRB,MRPS11,0
EEF1A1,PBX1,0
E2F5,PCIF1,0
SRSF3,RANGRF,0
COPS2,EMC2,0
TCF4,TERF1,0
AEBP2,ECSIT,0
TNFAIP3,DR1,0
NFATC2,TAF9B,0
XBP1,TRIP13,0
DR1,PAFAH1B3,0
SRSF2,ANLN,0
GATAD2B,MTX2,0
PMS1,TADA1,0
POLR3D,ZFYVE21,0
FOSB,HMGN3,0
CHAF1A,HP,0
KHDRBS1,EXOC5,0
ESPL1,MCM8,0
TAF1B,SULT1A2,0
DAB2,HCFC1,0
PAX6,NCK1,0
BRIP1,AGT,0
YAF2,COMMD3,0
EHMT2,NAA15,0
NFYB,CLDN4,0
PCGF6,RAD54L,0
ETV4,ID2,0
KNTC1,C3,0
DRAP1,AGTRAP,0
TAF11,LECT1,0
ILF3,RSU1,0
COPS5,PLAC8,0
RNF4,GEMIN2,0
RBBP4,ZNF398,0
MATR3,EHMT2,0
DDX5,RIOK1,0
PRDM1,CUEDC2,0
POLR1D,PLAGL2,0
CSDE1,IQGAP2,0
TAF7,AURKA,0
POLR1B,CDH2,0
SUV39H2,BZW2,0
MED21,CENPW,0
PEG3,SERPINB1,0
TBX3,CHD8,0
EZH2,GAL,0
TFDP1,FOXA1,0
TFAP2C,SF3B3,0
ILF3,HSDL2,0
MCM3,MTUS1,0
TGIF2,APEX1,0
IVNS1ABP,USP44,0
MCM7,NPPB,0
SMAD5,ENO2,0
HIST1H1C,ARID3B,0
NME2,THOC1,0
HNRNPD,SMARCD2,0
HMGA1,WDHD1,0
TAF5,KEAP1,0
BIN1,CDK4,0
NR5A2,SIRT1,0
ETV4,RARG,0
PCGF6,TFDP1,0
SP100,DROSHA,0
SNRPD1,GALE,0
ZIC2,SLC2A1,0
APEX1,APPL2,0
NUPR1,MATR3,0
ZBTB3,E2F7,0
XRCC5,ASPH,0
ZBTB3,NODAL,0
POLR2B,CSDE1,0
FOSL1,SMAD3,0
HNRNPK,LIAS,0
TCEB1,GPN3,0
TP53,ZWILCH,0
TCEB2,AMBP,0
TCEB1,CCND1,0
TAF1A,SF3A3,0
MCM4,MEF2C,0
PPARA,LGALS2,0
TCF3,TCEA1,0
ID3,MRPS12,0
TARDBP,AKR1B1,0
PAX6,MCM6,0
ZFHX3,PPARA,0
ILF3,DRAP1,0
HMGN2,TRERF1,0
TBL1X,UBE2T,0
GTF2F2,FLAD1,0
HNRNPUL1,BTG2,0
ZNHIT3,EPSTI1,0
SSBP2,MYO10,0
PREB,TTF2,0
MED14,MYBBP1A,0
BRIP1,CCNB1,0
TCEA1,CLDN4,0
PSIP1,MYO9A,0
RFC1,SULF2,0
AHR,MXD1,0
NPM1,POP5,0
POU5F1,BCKDK,0
TRIM22,MTF2,0
EWSR1,ZNF638,0
MAZ,RBP4,0
NRIP1,MCM6,0
AEBP1,SSBP2,0
HIPK2,TIPARP,0
PA2G4,ACTL6A,0
FOXA2,TADA1,0
SMARCA4,SEMA3E,0
RBBP4,NUF2,0
RAD54B,IRF1,0
RBBP4,NEIL2,0
YBX1,HIST1H1C,0
FOXP1,APOA1,0
RNF2,AAMP,0
BDP1,ZFP64,0
SSBP2,FAM49B,0
ZNF74,THOC1,0
EPAS1,GPM6B,0
PITX2,DMKN,0
HDAC2,YARS,0
BCL11A,GLUD1,0
NR1I3,METTL1,0
MYCBP,HDHD3,0
HIST1H1E,ECD,0
AEBP1,RFX5,0
ELF1,NAA50,0
PMS1,ECT2,0
BRCA1,TAF11,0
ASCC3,ACTN1,0
RNF2,CKS2,0
COPS2,ZHX1,0
POLR2F,TP53,0
MYBBP1A,TRIM22,0
STAT2,HNRNPR,0
ING1,THAP11,0
SUV39H2,KLC4,0
APEX1,SLC25A26,0
SRSF1,POU2F1,0
TAF5,TFDP2,0
BRIP1,NOL11,0
FOSL2,UGT2B11,0
GLI1,HIST1H4C,0
IRF3,DBNDD2,0
ZBTB16,WFDC2,0
POLR2D,CSDE1,0
RUNX1T1,AES,0
PBX1,CPSF6,0
FOXO1,ACOT7,0
RFC1,RHOBTB3,0
AHR,EXOSC3,0
TCF7L1,SEMA3E,0
ZNHIT3,ING3,0
CREB1,ANG,0
RNF2,SEPT10,0
TGIF1,GEMIN2,0
FOXO1,ZFHX3,0
ID2,HNRNPH2,0
REST,JAG1,0
FHL2,GTF3C4,0
TFE3,NIF3L1,0
NR2F2,NUP35,0
CHAF1A,ESPL1,0
MCM5,CCDC88A,0
NPM1,GMEB1,0
GTF2F2,TCEA1,0
POLR2L,MIS18A,0
PCGF6,CASP8AP2,0
SNRPB,MRPS2,0
E2F7,TFF1,0
TRIM28,TCEA1,0
RBBP4,MORN2,0
SALL4,METTL8,0
NME2,PLTP,0
ILF2,AATF,0
EPAS1,BBS9,0
GLI1,FBXO22,0
SMARCC1,HDAC1,0
HMGN1,PCIF1,0
FOXP1,AES,0
GATAD2B,ZNF146,0
RBBP7,ZNHIT3,0
DDIT3,ILF3,0
SMARCC1,ZRANB2,0
TRIP13,PRMT5,0
HIPK2,SUGCT,0
KHDRBS1,SORBS2,0
CNBP,FANCI,0
TAF11,ECHDC2,0
COPS5,TRMT1,0
EED,GRHL1,0
TRIM22,DPYSL2,0
MCM4,HMGXB4,0
MED4,RBMX,0
CSRP2,MTHFD1,0
SRSF3,SHKBP1,0
HNF4A,EXTL2,0
PAPOLA,SLC7A6,0
KNTC1,EWSR1,0
DDX5,RFC1,0
PAX6,NUDT1,0
GTF3C4,SPP1,0
FHL2,GPN1,0
MED14,UFD1L,0
TRIM27,RIN2,0
NR1H3,CNOT10,0
SMAD2,SULT1A2,0
CEBPD,TADA1,0
MCM2,SOX2,0
MCM4,ATG3,0
EHMT2,UBAC2,0
HIST1H1B,WDHD1,0
GTF3C2,NDUFAF4,0
YEATS4,ICT1,0
SP100,CHD8,0
TAF1B,RBP4,0
HMGN3,SIAE,0
HDAC2,KHDRBS1,0
POLR1C,ATP2C1,0
TADA3,USP7,0
ING3,FUCA1,0
REST,WDR43,0
RAD54B,POLR1B,0
RBMX,MDK,0
POLR1D,SUCLA2,0
RAD54B,HDAC6,0
CBX3,ACADSB,0
AES,YEATS4,0
PAPOLA,TP53INP2,0
ATF3,THAP1,0
GTF3C5,FANCA,0
SMARCC1,E2F7,0
GTF2I,RRM2B,0
RFC1,PAX6,0
ZNF354A,RIOK3,0
JUN,SLC29A1,0
EPAS1,PEG3,0
BCL11A,ZNF567,0
TFAP2C,NPM1,0
POLR2K,CPSF3,0
GLI2,PTTG1,0
ETV1,WDR75,0
ZBTB16,GULP1,0
NCOA6,NDUFAF4,0
CSDE1,MAPK1,0
TNFAIP3,RUNX1T1,0
NONO,ZFP36,0
MCM6,TCF25,0
KLF5,FGB,0
TCEB2,H1F0,0
MYCN,XBP1,0
TAF5,NAA10,0
RUVBL1,DPH5,0
RNF19A,NR1I3,0
RBBP7,IRF1,0
NFATC2,PON2,0
MED4,RUVBL2,0
NR5A2,MYO10,0
COPS2,DAB2,0
FOSL1,LAMA1,0
SALL2,AHR,0
TRIM22,EHMT1,0
FOXO1,TMEM237,0
GATA6,CDC6,0
THAP11,ISG15,0
GTF2F2,DGAT1,0
ETS1,HCFC1,0
POLR2F,GSN,0
RARG,COPS7B,0
CNBP,FTSJ1,0
SP100,MRPL49,0
MCM5,MPHOSPH6,0
JUN,PIAS3,0
PSIP1,CMC2,0
COPS5,GTF2E1,0
ETS1,TPGS2,0
RBBP4,SSB,0
TFDP2,ARL15,0
ORC2,NR2F2,0
E2F4,SHMT2,0
TAF1A,METTL3,0
YBX1,AURKB,0
TGIF2,ETV5,0
MCM4,MYBBP1A,0
PTMA,FOXP1,0
DAB2,EPS8L2,0
DDX54,MMS22L,0
CSRP2,PTPRZ1,0
ELF1,CTSC,0
CEBPA,ASL,0
TRIM22,KLC4,0
SSRP1,CDX2,0
E2F4,ZFP36,0
EPAS1,ACAA1,0
EZH2,P2RX4,0
CEBPA,CA2,0
MAPK1,PTPRZ1,0
SKIL,GALM,0
GATAD2B,IFNGR1,0
SIRT2,HOOK2,0
ZNF638,TFPI,0
PTTG1,RREB1,0
SNRPD1,CEBPZ,0
GLI1,PLCD1,0
HIST1H1E,JMJD1C,0
DNAJC2,POLR2B,0
THAP11,DPAGT1,0
SKIL,CSRP2,0
POLR1E,CAPG,0
MYC,AMHR2,0
NR1H3,PARPBP,0
RBM39,CNOT7,0
HNRNPR,NNAT,0
PBX1,METAP1,0
TAF5,VPS33A,0
SMARCE1,XPO6,0
CHAF1A,ZWILCH,0
CEBPA,CPSF6,0
HDAC1,SEC22C,0
PEG3,POLB,0
RBMX,DGAT1,0
NR2F2,XPO5,0
E2F4,PLAC8,0
COPS2,TMEM237,0
SALL4,ARL2,0
RFX5,SAE1,0
NRIP1,TCFL5,0
GTF3C4,BRMS1,0
ZRANB2,EHMT1,0
AEBP2,ERAL1,0
AES,UMPS,0
SRSF6,S100PBP,0
GLI1,DDB2,0
TRIM25,UBE2E3,0
HCFC1,RARG,0
GLI1,PCIF1,0
GTF2H2,APOA1,0
E2F7,BCS1L,0
ATF3,CA2,0
PTMA,PPT1,0
NRIP1,TCEB1,0
TAF1B,COPS7B,0
CREB1,CENPU,0
RAD54B,MCM8,0
IRF9,PIAS2,0
POLR2K,TAF7,0
EZH2,MIS18A,0
AATF,BMPR1A,0
ETV4,TK1,0
MYBBP1A,PAK1IP1,0
RBBP7,CMPK1,0
MEF2C,TOP2B,0
MCM3,CTSC,0
E2F7,ATP2C1,0
ERCC8,MTFP1,0
MED21,ZHX1,0
GTF2H2,PPP1R7,0
AHR,ARL6IP6,0
AATF,NR1H3,0
APEX1,PHF5A,0
SUB1,POLE2,0
FOXA2,NVL,0
ID2,EXOSC5,0
PTTG1,TTC39C,0
RBBP4,IRF3,0
TAF1B,USP3,0
TCOF1,ASNS,0
STAT2,FN1,0
ZNF638,SURF2,0
MAPK1,CRELD1,0
GTF3C4,NOTCH3,0
NPM1,DPCD,0
MCM7,S100PBP,0
TRIM22,PBX1,0
HMGB2,VIL1,0
SMAD3,TARBP2,0
NRIP1,EHMT2,0
IVNS1ABP,MAEA,0
GTF2E1,HIST1H2BC,0
HIF3A,IPO5,0
CREB3L3,MIS18A,0
MED21,TRIM27,0
ILF3,SLC7A6,0
BIN1,GNPNAT1,0
NR1I3,RUNX1T1,0
TADA3,RIN2,0
POLR2F,RFC2,0
CNOT7,MLST8,0
DAXX,APPL2,0
CREB3L3,TSN,0
RBBP7,RAB25,0
SRSF6,ZNHIT3,0
E2F7,RAB31,0
SP100,THRB,0
MAPK1,TPGS2,0
PARP1,LAMB2,0
MAPK1,ZNF93,0
EED,CYFIP2,0
HMGA1,HMGN2,0
POLR3E,FANCB,0
KHDRBS1,UCKL1,0
MED4,BLVRA,0
GTF2H2,HNRNPUL1,0
SMARCE1,ASCC3,0
MED21,EWSR1,0
TCEB2,MRTO4,0
DNMT3A,CENPW,0
BIN1,TRNT1,0
FOSB,SLC25A11,0
RUVBL1,SUV39H2,0
ID2,CASC5,0
NR2F6,CDCA3,0
DNMT1,CYFIP2,0
HMGA2,MED14,0
BCL11A,RFC2,0
TAF9B,POLR2L,0
BDP1,CIDEB,0
RBBP7,COMMD3,0
XRCC5,CENPU,0
PRDM14,RECQL,0
NRIP1,SLC35D2,0
ZNHIT3,RAD1,0
FOSB,ESCO2,0
CREB1,MEP1A,0
ENO1,CUL2,0
TFAP2C,XRCC5,0
TCOF1,KLF6,0
DAB2,FGFR1,0
ZNF354A,MRRF,0
ZBTB16,SUGCT,0
HMGN1,POLR2L,0
TEAD2,ACTC1,0
PA2G4,EEF1A1,0
NR3C1,MLF1,0
HIST1H1C,SRSF6,0
TRIM28,TIMM21,0
MTF2,PLIN2,0
NFIB,WDHD1,0
SALL2,IVNS1ABP,0
JUND,MEP1A,0
RUVBL1,SF3B3,0
POLR2K,EMC2,0
XRCC6,LAMB2,0
WBP11,ID3,0
MCM6,SMARCA5,0
ING5,PPIL1,0
PITX2,AKR1B1,0
EGR1,PSEN1,0
CBX3,BTF3,0
NR5A2,ECT2,0
SUV39H2,CAPN2,0
BCL11B,EIF3J,0
TCF4,SEC22C,0
PMS1,ING1,0
GMEB1,IFNGR1,0
RAD51,CPSF6,0
SMARCC1,ATL2,0
RAD51,TRIP13,0
MAZ,AMZ2,0
SNRPB,EEF1E1,0
XRCC6,ELOVL5,0
ILF2,MRPS30,0
NPM1,LGALS1,0
TFAP2C,SPAG9,0
TAF6,ING5,0
MED4,PDCD4,0
PIAS3,CEP70,0
MCM2,ARL15,0
SSBP2,MAZ,0
PRDM14,SLC39A10,0
ZNF143,PRDM1,0
FOXH1,MTHFD1,0
RBM39,SLC29A1,0
TAF7,PDCD4,0
TBX3,ID2,0
ZHX1,AHR,0
GLI2,LRRC1,0
TAF1A,ETV4,0
DDIT3,FOSB,0
GTF2F2,UBE2C,0
JUND,MAF,0
BCL11B,NUF2,0
RBPJ,RAI14,0
SNRPB,RNPS1,0
SMARCA4,ECHDC2,0
PREB,BBS9,0
SIRT2,GNPNAT1,0
SRSF2,EED,0
AES,LHX1,0
SRF,AEBP1,0
NRIP1,TCF3,0
E2F3,POLE2,0
GATA4,E2F7,0
EHMT2,PTPN12,0
HNRNPR,MEF2C,0
DEK,POLE4,0
RFC1,MCM7,0
SRSF3,GMNN,0
PMS1,SQLE,0
POU5F1,MIS18A,0
TRIM27,RFXANK,0
TCOF1,TTK,0
DDX5,SLC7A3,0
SMAD3,TMEM126B,0
RARG,SURF2,0
TAF1B,ORC2,0
SRSF2,COPS5,0
SMARCC1,PWP1,0
CSRP2,SIRT2,0
MED14,PARPBP,0
TAF1A,TRIP13,0
STAT2,PFKM,0
SSRP1,EHMT1,0
HDAC2,ACOX2,0
ZHX1,HIF3A,0
PREB,YARS,0
MYCN,NNAT,0
PITX2,ECT2,0
TOPORS,ACSL5,0
H1F0,ASXL1,0
ATF3,C6ORF203,0
PTMA,ELOF1,0
ILF2,E2F8,0
RBMX,HPRT1,0
TRIM25,MYCN,0
NCOA1,CCNB2,0
NPM1,METAP1,0
PBX1,PLIN2,0
COPS5,LSM10,0
COPS2,LGALS4,0
COPS5,CHAF1A,0
PEG3,ASPH,0
ZRANB2,IFITM2,0
DR1,ERCC8,0
CSRP2,PDGFRA,0
COPS5,SLC25A26,0
CNBP,SRSF3,0
HNRNPD,DEDD,0
HIST1H1B,NAA16,0
CEBPD,BLMH,0
RUVBL2,POU2F1,0
RNF19A,DTYMK,0
EEF1A1,ATF3,0
SKIL,G6PC3,0
TRIM22,RRM2B,0
RUNX1T1,S100A13,0
ID3,RFC2,0
ESPL1,PWP1,0
DDIT3,SERPINF1,0
GTF3C4,TTF2,0
NFIB,NOSIP,0
KAT7,ACTL6A,0
NR1H3,CPSF3,0
POLR3E,CMPK1,0
PEG3,EPHX2,0
CHAF1A,TFAP2C,0
PEG3,SDAD1,0
HNRNPR,POLR3D,0
MCM4,TDGF1,0
PBX1,ALDH9A1,0
GTF3C2,EIF3J,0
GTF2I,HNF1B,0
AHR,SAT1,0
RBPJ,CDK2AP1,0
HDAC1,UGT2B11,0
PIAS2,FOSB,0
FOXA1,LEAP2,0
DNMT3A,STC1,0
RFX5,RNASEH2B,0
TCF7L1,AMHR2,0
TFE3,HMMR,0
ERCC8,POLR2F,0
NONO,ODF2L,0
SALL4,POLD2,0
TFAP2C,BTF3,0
TCEB1,NPRL2,0
RFC1,F2RL1,0
BRCA1,MTFP1,0
SMAD3,SSBP3,0
TNFAIP3,ESYT1,0
DAB2,RBP2,0
MED21,ACSL5,0
BTF3,NEDD1,0
TRIP13,RAD51AP1,0
MATR3,SAE1,0
FUBP1,BIRC5,0
TGIF2,DNMT1,0
POU5F1,DHRS3,0
TFDP1,SUB1,0
KHDRBS1,CAPN12,0
EWSR1,RFXANK,0
TAF7,ITGB5,0
POLR2D,F3,0
HMGB2,TRERF1,0
SUV39H2,C19ORF48,0
LIN28A,ANG,0
CTBP1,USP44,0
TBL1X,CDH2,0
TTF2,JMJD1C,0
CREB1,CHD8,0
SP100,THRAP3,0
HDAC1,NUDT15,0
THRB,PRKCE,0
CNOT7,SOX4,0
CNOT7,TCF7L1,0
CHAF1A,RFX5,0
NCOA1,USP7,0
YEATS4,ADSL,0
RNPS1,BRIX1,0
ZBTB16,SIL1,0
DRAP1,SOX4,0
PCGF6,MAPK1,0
TCEB2,DDC,0
NCOA6,ADAM9,0
FHL2,GATA6,0
ZNRD1,PPAT,0
TRIP13,METTL3,0
E2F3,CTBP1,0
CSDE1,BTF3,0
RBM39,CTBP1,0
JUND,PAK1IP1,0
BRCA2,CENPE,0
NAA15,NME1,0
HNRNPD,DNAH14,0
SOX2,PDCD2L,0
REST,PPP1R7,0
SRF,ENO1,0
KAT7,TADA1,0
ENO1,SRSF6,0
PEG3,UFSP2,0
E2F4,FAM49B,0
BPTF,CMPK1,0
SMAD3,POLD2,0
KLF6,ZWILCH,0
DNMT1,AEBP2,0
MCM4,SLC7A3,0
ZHX1,DERA,0
E2F5,EXOSC5,0
MED4,POLR3G,0
TCOF1,HESX1,0
CREB3L3,SF3A3,0
TCF7L1,C3,0
HTATSF1,AGTRAP,0
HTATSF1,HSDL2,0
ZBTB16,CHAF1A,0
SALL3,EXOSC2,0
PSIP1,UTP15,0
CNBP,HIST1H4C,0
MAZ,GSN,0
POLR3E,ZFHX3,0
POU2F1,WDR3,0
SRSF2,DPF2,0
TCF7L1,CD9,0
SSRP1,TBL1X,0
PAX6,RIOK3,0
STAT2,DRAP1,0
POLR2K,PTPRZ1,0
CBX3,USP44,0
RBPJ,GOT1,0
HIST1H1B,MPHOSPH6,0
SSB,POLR2G,0
AEBP2,APOA2,0
ZNF354A,PCGF6,0
YBX1,MYO10,0
TP53,ISY1,0
CREB3L3,RHOBTB3,0
SRRM1,CAT,0
RUVBL2,LRRC1,0
SMAD3,COMMD3,0
SRRM1,SPAG9,0
JUN,NCK1,0
GTF3C4,QTRTD1,0
STAT2,ASNS,0
SSRP1,TCF3,0
ING3,PLAGL2,0
NR5A2,ANPEP,0
TCF7L1,FOXM1,0
POLR2L,CUTC,0
HMGN3,DCTPP1,0
SRF,F10,0
TCF3,PTMA,0
TCEB1,ENO1,0
E2F7,TADA1,0
FOXM1,EPHX2,0
POLR2D,SMAD3,0
TNFAIP3,SLC25A20,0
YBX1,CASP8AP2,0
BCOR,ZRANB2,0
SMAD2,RBM39,0
EGR1,ASL,0
CNOT7,BCL11A,0
PPARA,MRPS30,0
MAPK1,CBR1,0
TBL1X,JMJD1C,0
SRSF3,USP1,0
IRF3,RRM2,0
RFC1,HOOK2,0
POU5F1,PPT1,0
RUNX1T1,BCL11B,0
FOXP1,TCEA1,0
SOX2,ASF1A,0
XBP1,BCOR,0
PEG3,ORC2,0
STAT2,HIST1H4C,0
GLI2,HMMR,0
AEBP2,CMPK1,0
GTF2F2,APOC1,0
ZFP36,SPINK1,0
RBM39,SMC4,0
SNRPD1,COQ3,0
SNRPB,ERBB4,0
RNF2,MTHFD1,0
HIF3A,DHCR7,0
SRRM1,GTF3C5,0
POLR1D,TRIP13,0
POLR2D,METTL1,0
YEATS4,FOXH1,0
POLR3D,MRPL2,0
MYCN,DAXX,0
BIN1,UBE2T,0
FUBP1,POLR1C,0
SRSF2,ZFP62,0
THRB,PLAC8,0
TARDBP,FLRT2,0
DDX5,MRS2,0
MCM2,SMOX,0
MYBL2,MID1,0
KHDRBS1,DNAJC2,0
NCOA6,PTPRM,0
GTF3C5,SMARCA5,0
MAPK1,NTHL1,0
GATA6,APEH,0
SNRPD1,DNPEP,0
RUVBL2,SLC35D2,0
SMARCC1,FOXP1,0
EWSR1,AXL,0
AEBP1,TRNT1,0
TIMELESS,NUDT1,0
CEBPD,TIMM50,0
CTBP1,UQCC1,0
ZNF74,COMMD3,0
SUV39H2,SLC2A1,0
ERCC8,NR5A2,0
ZNF74,NEDD4L,0
TEAD2,UBE2T,0
DNMT3A,TUBB6,0
EED,ZFP64,0
DR1,WBP11,0
FOXH1,ESCO2,0
CHAF1A,CASC5,0
SMARCC1,THOC1,0
POLR2L,HIF3A,0
FOXA2,C3,0
HIF3A,MEF2C,0
MATR3,FGB,0
TCEB3,RAB25,0
SP100,UCHL1,0
CDX2,C11ORF1,0
FOXP1,UHRF1,0
MCM7,MYO10,0
SIRT2,EOMES,0
GTF3C5,CDK2AP1,0
NR2F2,MBIP,0
TGIF2,UBAC2,0
E2F7,UQCC1,0
HMGB2,ZBTB3,0
ZBTB16,CUL2,0
RFXANK,FOXO1,0
E2F8,MRPL2,0
FOSB,APOC1,0
MAPK1,GOT1,0
GATA4,ZNF143,0
KHDRBS1,YAF2,0
DAXX,HIST1H2BC,0
FOXP1,C6ORF203,0
EZH2,AGPAT2,0
NME2,TMEM60,0
BTG1,HMGN5,0
GTF2E1,PYGL,0
E2F8,POLR2L,0
PA2G4,NUCB2,0
WBP11,AIMP2,0
TCF7L1,ZFHX3,0
ILF3,HNRNPR,0
REST,APOC3,0
ETV4,YWHAH,0
ORC2,MRPS11,0
TCEB3,CHCHD6,0
TCOF1,M6PR,0
OTX2,TAF6,0
GMEB1,PSME3,0
SMAD5,AIMP2,0
