TF,Target,label
ARID2,CBX3,1
ARID2,RBM39,1
ATF3,BDP1,1
ATF3,HERPUD1,1
ATF3,YARS,1
ATF3,FANCD2,1
ATF3,GTF2H3,1
ATF3,ABT1,1
ATF3,ATG5,1
ATF3,ECD,1
ATF3,TSFM,1
ATF3,AFF4,1
ATF3,PWP1,1
ATF3,ILF3,1
ATF3,CNOT7,1
ATF3,EFTUD2,1
ATF3,STMN1,1
ATF3,APEX1,1
ATF3,CDK4,1
ATF3,G6PC3,1
ATF3,SUPV3L1,1
ATF3,EXOSC9,1
ATF3,EED,1
ATF3,RNPS1,1
ATF3,DPH5,1
ATF3,RRM1,1
ATF3,SRSF2,1
ATF3,U2AF1,1
ATF3,MED20,1
ATF3,TBL1X,1
ATF3,THRAP3,1
ATF3,TBRG4,1
ATF3,HNRNPH2,1
ATF3,WDHD1,1
ATF3,C19ORF48,1
ATF3,NOL10,1
ATF3,ZFP64,1
ATF3,NEK2,1
ATF3,ZFAND2A,1
ATF3,NDUFAF5,1
ATF3,WDR74,1
ATF3,CAMK2D,1
ATF3,SEC11C,1
ATF3,TAF11,1
ATF3,RFC1,1
ATF3,HMGN4,1
ATF3,PEF1,1
ATF3,THOC1,1
ATF3,PRC1,1
ATF3,AGTRAP,1
ATF3,BPTF,1
ATF3,KLHL7,1
ATF3,ZNF143,1
ATF3,PAK1IP1,1
ATF3,TAF5,1
ATF3,C11ORF1,1
ATF3,SIRT2,1
ATF3,CENPK,1
ATF3,SIRT1,1
ATF3,F3,1
ATF3,UTP18,1
ATF3,ANLN,1
ATF3,SUB1,1
ATF3,WDR43,1
ATF3,ANKRD1,1
ATF3,CACYBP,1
ATF3,IRF9,1
ATF3,POLR2K,1
ATF3,FEN1,1
ATF3,GTF3C2,1
ATF3,BRCA1,1
ATF3,YBX1,1
ATF3,ZNRD1,1
ATF3,XRCC5,1
ATF3,BRCA2,1
ATF3,TEX10,1
ATF3,HINFP,1
ATF3,CHEK1,1
ATF3,DCAF13,1
ATF3,AATF,1
ATF3,KAT7,1
ATF3,PHF5A,1
ATF3,MMS19,1
ATF3,GTF2E1,1
ATF3,HMGCL,1
ATF3,HNRNPD,1
ATF3,CKS2,1
ATF3,SCAPER,1
ATF3,MCM7,1
ATF3,TNFAIP3,1
ATF3,ATIC,1
ATF3,AMZ2,1
ATF3,ENO1,1
ATF3,EHMT2,1
ATF3,HMGN2,1
ATF3,CENPN,1
ATF3,TIMM21,1
ATF3,MTTP,1
ATF3,PPFIBP2,1
ATF3,FOSL2,1
ATF3,YAF2,1
ATF3,SMARCA4,1
ATF3,GEMIN8,1
ATF3,MED4,1
ATF3,POU2F1,1
ATF3,ZNF354A,1
ATF3,LAPTM4B,1
ATF3,FOXM1,1
ATF3,NCOA6,1
ATF3,HTATSF1,1
ATF3,PPP1R7,1
ATF3,MTERF3,1
ATF3,CHAF1A,1
ATF3,SUPT16H,1
ATF3,GYG1,1
ATF3,SRSF1,1
ATF3,YEATS4,1
ATF3,PPT1,1
ATF3,CDCA3,1
ATF3,CHEK2,1
ATF3,MPC1,1
ATF3,MAPK1,1
ATF3,NPRL2,1
ATF3,EHMT1,1
ATF3,ZNF398,1
ATF3,NUP93,1
ATF3,ASNSD1,1
ATF3,MCM2,1
ATF3,XPO5,1
ATF3,SMAD5,1
ATF3,DDX54,1
ATF3,CCNB1,1
ATF3,HMGN1,1
ATF3,ZNF638,1
ATF3,MCM8,1
ATF3,ZNF202,1
ATF3,COMMD3,1
ATF3,AIMP2,1
ATF3,TRIM25,1
ATF3,DEPDC7,1
ATF3,ZBTB24,1
ATF3,THAP11,1
ATF3,ORC4,1
ATF3,ACY1,1
ATF3,BIRC5,1
ATF3,RBBP4,1
ATF3,TOPORS,1
ATF3,POLR1B,1
ATF3,TMEM69,1
ATF3,PIAS2,1
ATF3,DPAGT1,1
ATF3,TBX3,1
ATF3,TCF25,1
ATF3,CREB3L4,1
ATF3,SRSF3,1
ATF3,GMPR2,1
ATF3,GATA4,1
BRCA1,SRSF10,1
BRCA1,ASNSD1,1
BRCA1,NPM1,1
BRCA1,SKA3,1
BRCA1,SMARCC1,1
BRCA1,NCAPG,1
BRCA1,CSDE1,1
BRCA1,CHAF1A,1
BRCA1,TIPIN,1
BRCA1,FASTKD2,1
BRCA1,ASXL1,1
BRCA1,MATR3,1
BRCA1,MMS22L,1
BRCA1,RBM39,1
BRCA1,MCM4,1
BRCA1,RBPJ,1
BRCA1,THAP1,1
BRCA1,COQ3,1
BRCA1,GTF2H3,1
BRCA1,ACADSB,1
BRCA1,CDC20,1
BRCA1,POLR1C,1
BRCA1,NOP16,1
BRCA1,NIF3L1,1
BRCA1,SMARCA5,1
BRCA1,SMARCD2,1
BRCA1,EIF5B,1
BRCA1,SMC4,1
BRCA1,DDX20,1
BRCA1,ATG5,1
BRCA1,FUBP1,1
BRCA1,HNRNPK,1
BRCA1,ASPH,1
BRCA1,POLR2B,1
BRCA1,TARDBP,1
BRCA1,CPSF3,1
BRCA1,PRC1,1
BRCA1,KPNA2,1
BRCA1,RNPS1,1
BRCA1,BUB1B,1
BRCA1,FANCD2,1
BRCA1,ZNRD1,1
BRCA1,ZWILCH,1
BRCA1,MAFF,1
BRCA1,ANAPC4,1
BRCA1,CAMK2D,1
BRCA1,TCF3,1
BRCA1,SUPT16H,1
BRCA1,PRMT5,1
BRCA1,HIBCH,1
BRCA1,LRR1,1
BRCA1,MTF2,1
CEBPD,RBM39,1
CEBPD,ABT1,1
CEBPD,NUP35,1
CEBPD,ATF3,1
CEBPD,ZNF766,1
CEBPD,RSU1,1
CEBPD,AURKA,1
CEBPD,BDP1,1
CEBPD,HSD17B11,1
CEBPD,PDGFRA,1
CEBPD,MST1,1
CEBPD,XBP1,1
CEBPD,XRCC5,1
CEBPD,DTWD1,1
CEBPD,BTG1,1
CEBPD,ANLN,1
CEBPD,DDIT3,1
CEBPD,SGK1,1
CEBPD,NFKBIZ,1
CEBPD,HERPUD1,1
CEBPD,DDIT4,1
CEBPD,UGP2,1
CEBPD,SRSF2,1
CEBPD,TFRC,1
CEBPD,TBL1X,1
CEBPD,YARS,1
CEBPD,SRSF3,1
CEBPD,HIST1H1C,1
CEBPD,SLC38A2,1
CEBPD,SHMT2,1
CEBPD,LCMT1,1
CEBPD,EEF1A1,1
CEBPD,NR1H3,1
CEBPD,ING3,1
CEBPD,DAB2,1
CEBPD,ZNF202,1
CEBPD,BST2,1
CEBPD,C19ORF48,1
CEBPD,PRMT5,1
CEBPD,HIST1H1E,1
CEBPD,CEP70,1
CEBPD,TDP2,1
CEBPD,TSFM,1
CEBPD,PDLIM7,1
CEBPD,BRCA1,1
CEBPD,HMGB2,1
CEBPD,MPHOSPH9,1
CEBPD,PLRG1,1
CEBPD,C1GALT1,1
CEBPD,APOB,1
CEBPD,HMGN4,1
CEBPD,E2F3,1
CEBPD,ASNS,1
CEBPD,CBX3,1
CEBPD,JUN,1
CEBPD,PCNA,1
CEBPD,TMEM69,1
CEBPD,MTF2,1
CEBPD,HNRNPAB,1
CEBPD,CTSC,1
CEBPD,RUVBL1,1
CEBPD,CAMK2D,1
CEBPD,TP53,1
CEBPD,CETN3,1
CEBPD,HNRNPUL1,1
CEBPD,ASNSD1,1
CEBPD,TF,1
CEBPD,CNOT7,1
CEBPD,SLC38A1,1
CEBPD,TK1,1
CEBPD,ALG8,1
CEBPD,TRIM28,1
CEBPD,POLR3D,1
CEBPD,SRSF1,1
CEBPD,APOA2,1
CEBPD,CEBPA,1
CEBPD,RBMX,1
CEBPD,DDX5,1
CEBPD,RBP4,1
CEBPD,ZNF638,1
CEBPD,ING1,1
CEBPD,C17ORF75,1
CEBPD,MIS18BP1,1
CEBPD,GATM,1
CEBPD,MTHFD2,1
CEBPD,ID2,1
CEBPD,NPM1,1
CEBPD,RNPS1,1
CEBPD,AFF4,1
CEBPD,NUP54,1
CEBPD,CDK5RAP1,1
CEBPD,NUF2,1
CEBPD,EFNA1,1
CEBPD,MAPK1,1
CEBPD,STMN1,1
CEBPD,CCND1,1
CEBPD,MYC,1
CEBPD,HDGF,1
CEBPD,BTG2,1
CEBPD,TRIM25,1
CEBPD,DNMT3B,1
CEBPD,NUSAP1,1
CEBPD,ANKRD1,1
CEBPD,JUND,1
CEBPD,CEBPZ,1
CEBPD,XPO5,1
CEBPD,TNFAIP3,1
CEBPD,TATDN3,1
CEBPD,DCTPP1,1
CEBPD,SIRT1,1
CEBPD,ZFP36,1
CEBPD,PLAGL2,1
CEBPD,MAZ,1
CEBPD,BUB1,1
CEBPD,MRPL1,1
CEBPD,PHB2,1
CEBPD,MXD1,1
CEBPD,GTF2H3,1
CEBPD,ZNF770,1
CEBPD,IQCB1,1
CEBPD,HMGN1,1
CEBPD,DNAJC2,1
CEBPD,ETV5,1
CEBPD,PSAT1,1
CEBPD,SIL1,1
CEBPD,EIF5B,1
CEBPD,DDX20,1
CEBPD,CKS2,1
CEBPD,HMGA1,1
CEBPD,DGAT1,1
CEBPD,RNASE4,1
CEBPD,FABP1,1
CEBPD,POLR2G,1
CEBPD,TGIF1,1
CEBPD,CXXC1,1
CEBPD,RUVBL2,1
CEBPD,GGCT,1
CEBPD,ZNRD1,1
CEBPD,KLHL7,1
CEBPD,THRAP3,1
CEBPD,ZNF143,1
CEBPD,KPNA2,1
CEBPD,BZW2,1
CEBPD,ASGR1,1
CEBPD,TCFL5,1
CEBPD,NIF3L1,1
CEBPD,MTERF3,1
CEBPD,CNBP,1
CEBPD,UBE2T,1
CEBPD,IRF9,1
CEBPD,ZWILCH,1
CEBPD,SNRPB,1
CEBPD,RAD51,1
CEBPD,ACADSB,1
CEBPD,DRAP1,1
CEBPD,JAG1,1
CEBPD,TAF11,1
CEBPD,DNMT3A,1
CEBPD,GTF2H2,1
CEBPD,NCAPG,1
CEBPD,HMGCL,1
CEBPD,DR1,1
CEBPD,PA2G4,1
CEBPD,CMC1,1
CEBPD,MLXIPL,1
CEBPD,VTN,1
CEBPD,LEAP2,1
CEBPD,ADNP,1
CEBPD,ETV4,1
CEBPD,THOC1,1
CEBPD,HNRNPD,1
CEBPD,B4GALT3,1
CEBPD,ATP1B3,1
CEBPD,SSB,1
CEBPD,SRRM1,1
CEBPD,FGA,1
CEBPD,FBL,1
CEBPD,ORC4,1
CEBPD,IVNS1ABP,1
CEBPD,ASL,1
CEBPD,FANCD2,1
CEBPD,EZH2,1
CEBPD,POLR2D,1
CEBPD,ANXA4,1
CEBPD,PTMA,1
CEBPD,TIMM9,1
CEBPD,NOL10,1
CEBPD,KAT7,1
CEBPD,DPH5,1
CEBPD,MTTP,1
CEBPD,COPS2,1
CEBPD,CDK4,1
CEBPD,TAF7,1
CEBPD,XRCC6,1
CEBPD,WDR43,1
CEBPD,ICE2,1
CEBPD,JARID2,1
CEBPD,GEMIN2,1
CEBPD,TBRG4,1
CEBPD,RRM2,1
CEBPD,RNF19A,1
CEBPD,SF3B3,1
CEBPD,ATL2,1
CEBPD,AHSG,1
CEBPD,APOA1,1
CEBPD,KNTC1,1
CEBPD,ING5,1
CEBPD,TEX10,1
CEBPD,ENO1,1
CEBPD,TFE3,1
CEBPD,MATR3,1
CEBPD,FANCL,1
CEBPD,ECD,1
CEBPD,BCOR,1
CEBPD,FGG,1
CEBPD,CDKN1A,1
CEBPD,AGT,1
CEBPD,ACY1,1
CEBPD,TCF25,1
CEBPD,FOXA2,1
CEBPD,COPS5,1
CEBPD,PAK1IP1,1
CEBPD,TGIF2,1
CEBPD,RFXANK,1
CEBPD,HNF4A,1
CEBPD,CDKN3,1
CEBPD,MRPS27,1
CEBPD,FASTKD2,1
CEBPD,SRF,1
CEBPD,BPTF,1
CEBPD,ILF2,1
CEBPD,HP,1
CEBPD,NOP16,1
CEBPD,GEMIN8,1
CEBPD,CREB1,1
CEBPD,ZNF397,1
CEBPD,ACTL6A,1
CEBPD,SMARCD2,1
CEBPD,EXOSC3,1
CEBPD,MED20,1
CEBPD,G2E3,1
CEBPD,ANP32E,1
CEBPD,ZBTB24,1
CEBPD,PARPBP,1
CEBPD,NUP37,1
CEBPD,GTF3C5,1
CEBPD,POLR2L,1
CEBPD,BRIP1,1
CEBPD,SUV39H2,1
CEBPD,RBPJ,1
CEBPD,CHD8,1
CEBPD,HNRNPR,1
CEBPD,CENPN,1
CEBPD,TAF5,1
CEBPD,NIP7,1
CEBPD,YBX1,1
CEBPD,TRIM27,1
CEBPD,SMAD3,1
CEBPD,TOP2B,1
CEBPD,THAP1,1
CEBPD,H1F0,1
CEBPD,THRB,1
CEBPD,DNAH14,1
CEBPD,ZNF581,1
CEBPD,BPHL,1
CEBPD,SMARCA4,1
CEBPD,POLB,1
CEBPD,GTF3C2,1
CEBPD,TMEM37,1
CEBPD,RFC4,1
CEBPD,POU2F1,1
CEBPD,ACAA1,1
CEBPD,DDB2,1
CEBPD,GMNN,1
CEBPD,RAB28,1
CEBPD,MED4,1
CEBPD,FOXP1,1
CEBPD,NUDT15,1
CEBPD,TMEM177,1
CEBPD,POLR1C,1
CEBPD,ZNF33A,1
CEBPD,GSN,1
CEBPD,TIPIN,1
CEBPD,HIF1AN,1
CEBPD,SERTAD3,1
CEBPD,ARID2,1
CEBPD,JMJD1C,1
CEBPD,HIST1H1B,1
CEBPD,CNTRL,1
CEBPD,VEZF1,1
CEBPD,TAF1B,1
CEBPD,PHGDH,1
CEBPD,AEBP2,1
CEBPD,ARID3B,1
CEBPD,PEMT,1
CEBPD,ATG5,1
CEBPD,EHMT2,1
CEBPD,MTMR2,1
CEBPD,SKIL,1
CEBPD,STAT2,1
CEBPD,ZNF675,1
CEBPD,GALM,1
CEBPD,IL6ST,1
CEBPD,UQCC1,1
CEBPD,SMOX,1
CEBPD,KIF20B,1
CEBPD,DNPEP,1
CEBPD,HMMR,1
CEBPD,POLR1B,1
CEBPD,ZNF589,1
CEBPD,TERF1,1
CEBPD,GNPNAT1,1
CEBPD,ANAPC4,1
CEBPD,AHR,1
CEBPD,NDUFAF4,1
CEBPD,FOXA1,1
CEBPD,SKA3,1
CEBPD,PEG3,1
CEBPD,NUDT1,1
CEBPD,GMPR2,1
CEBPD,CCS,1
CEBPD,ASXL1,1
CEBPD,PPIL1,1
CEBPD,TBX3,1
CEBPD,TBPL1,1
CEBPD,NUP85,1
CEBPD,ISY1,1
CEBPD,PIM2,1
CEBPD,MED30,1
CEBPD,BBS9,1
CEBPD,AMZ2,1
CEBPD,PPT1,1
CEBPD,F2,1
CEBPD,DSN1,1
CEBPD,PON2,1
CEBPD,MTUS1,1
CEBPD,PMS1,1
CEBPD,MED14,1
CEBPD,GSTK1,1
CEBPD,GALK1,1
CEBPD,F10,1
CEBPD,TAF1A,1
CEBPD,EEF1E1,1
CEBPD,NDUFAF5,1
CEBPD,LITAF,1
CEBPD,FXR1,1
CEBPD,PUS7L,1
CEBPD,FUBP1,1
CEBPD,GMEB1,1
CEBPD,APOC3,1
CEBPD,ID3,1
CEBPD,MYBBP1A,1
CEBPD,AIMP2,1
CEBPD,NEDD1,1
CEBPD,GATA4,1
CEBPD,DERA,1
CEBPD,DEPDC7,1
CEBPD,ZFP64,1
CEBPD,ATIC,1
CEBPD,POLR1E,1
CEBPD,RNF4,1
CEBPD,FMO5,1
CEBPD,EWSR1,1
CEBPD,NT5DC2,1
CEBPD,HAUS1,1
CEBPD,TRIP13,1
CEBPD,PAWR,1
CEBPD,EPAS1,1
CEBPD,TTR,1
CEBPD,MTAP,1
CEBPD,TFDP2,1
CEBPD,COQ3,1
CEBPD,SCAPER,1
CEBPD,OAZ2,1
CEBPD,SUPT16H,1
CEBPD,PSIP1,1
CEBPD,HDAC1,1
CEBPD,TAF6,1
CEBPD,FOXO1,1
CEBPD,NCOA6,1
CEBPD,TPX2,1
CEBPD,RHOBTB3,1
CEBPD,CUTC,1
CEBPD,AMBP,1
CEBPD,NUPR1,1
CEBPD,FOSL2,1
CEBPD,ASPH,1
CEBPD,MSH2,1
CEBPD,ERCC8,1
CEBPD,LAMC1,1
CEBPD,ALB,1
CEBPD,VPS72,1
CEBPD,WDYHV1,1
CEBPD,LAMB2,1
CEBPD,GMPS,1
CEBPD,GTF2I,1
CEBPD,EFTUD2,1
CEBPD,DUT,1
CEBPD,DECR1,1
CEBPD,CTPS1,1
CEBPD,APEX1,1
CEBPD,SMAD2,1
CEBPD,EHMT1,1
CEBPD,GABPB1,1
CEBPD,ELL2,1
CEBPD,E2F5,1
CEBPD,ZNF101,1
CEBPD,MPC1,1
CEBPD,COMMD10,1
CEBPD,THYN1,1
CEBPD,HELLS,1
CEBPD,C12ORF45,1
CEBPD,ZNF567,1
CEBPD,PYGL,1
CEBPD,PAPOLA,1
CEBPD,MELK,1
CEBPD,LMO7,1
CEBPD,G6PC3,1
CEBPD,TMEM120A,1
CEBPD,CDCA3,1
CEBPD,ZFYVE21,1
CEBPD,SULT1A2,1
CEBPD,EBNA1BP2,1
CEBPD,NR2F2,1
CEBPD,PIAS3,1
CEBPD,F3,1
CEBPD,RGN,1
CEBPD,TCF19,1
CEBPD,RRM1,1
CEBPD,KNG1,1
CEBPD,IMP4,1
CEBPD,POLR1D,1
CEBPD,KNSTRN,1
CEBPD,MORN2,1
CEBPD,ALDH9A1,1
CEBPZ,TCERG1,1
CEBPZ,ZBTB3,1
CEBPZ,TCF3,1
CEBPZ,ANP32E,1
CEBPZ,ZFYVE21,1
CEBPZ,GATAD2B,1
CEBPZ,TOP2A,1
CEBPZ,ZNF143,1
CEBPZ,HNRNPUL1,1
CEBPZ,WBP11,1
CEBPZ,GTF3C5,1
CEBPZ,ZNF91,1
CEBPZ,KAT7,1
CREB1,FANCD2,1
CREB1,ECD,1
CREB1,RRM1,1
CREB1,GTF2H3,1
CREB1,BDP1,1
CREB1,PWP1,1
CREB1,ZFAND2A,1
CREB1,CENPK,1
CREB1,ABT1,1
CREB1,RNPS1,1
CREB1,SUPV3L1,1
CREB1,POLR2K,1
CREB1,C11ORF1,1
CREB1,TBRG4,1
CREB1,MED20,1
CREB1,CNOT7,1
CREB1,U2AF1,1
CREB1,NOL10,1
CREB1,EXOSC9,1
CREB1,PAK1IP1,1
CREB1,THOC1,1
CREB1,ATG5,1
CREB1,TAF11,1
CREB1,KLHL7,1
CREB1,ZNRD1,1
CREB1,C9ORF72,1
CREB1,WDHD1,1
CREB1,RFC1,1
CREB1,WDR74,1
CREB1,EFTUD2,1
CREB1,PHF5A,1
CREB1,BRCA1,1
CREB1,MED30,1
CREB1,GTF3C2,1
CREB1,ING3,1
CREB1,PRC1,1
CREB1,PEF1,1
CREB1,TOP2B,1
CREB1,GTF2E1,1
CREB1,MTTP,1
CREB1,CACYBP,1
CREB1,PHB2,1
CREB1,BTG1,1
CREB1,CENPE,1
CREB1,TCF3,1
CREB1,KAT7,1
CREB1,JARID2,1
CREB1,SIRT2,1
CREB1,THRAP3,1
CREB1,POLR3D,1
CREB1,ICE2,1
CREB1,AURKA,1
CREB1,TSFM,1
CREB1,GTF2F2,1
CREB1,HTATSF1,1
CREB1,HAT1,1
CREB1,XRCC6,1
CREB1,ELL2,1
CREB1,ZNF143,1
CREB1,TFRC,1
CREB1,ARG2,1
CREB1,ZNF589,1
CREB1,ISY1,1
CREB1,ATP1B3,1
CREB1,ZNF561,1
CREB1,APOC1,1
CREB1,ZNF146,1
CREB1,POLB,1
CREB1,ASCC3,1
CREB1,PCNA,1
CREB1,ATL2,1
CREB1,RFC4,1
CREB1,GEMIN8,1
CREB1,TARBP2,1
CREB1,ZSCAN21,1
CREB1,WBP11,1
CREB1,AATF,1
CREB1,TF,1
CREB1,CKS2,1
CREB1,BRCA2,1
CREB1,RFC2,1
CREB1,SMC4,1
CREB1,SKIL,1
CREB1,NEDD1,1
CREB1,RBM39,1
CREB1,TRIM28,1
CREB1,PAPOLA,1
CREB1,RNASEH2A,1
CREB1,ING5,1
CREB1,FOSB,1
CREB1,NIF3L1,1
CREB1,AEBP2,1
CREB1,CREB3L2,1
CREB1,TIMM21,1
CREB1,CENPN,1
CREB1,CBX3,1
CREB1,HERPUD1,1
CREB1,WDR43,1
CREB1,ANP32E,1
CREB1,MLF1,1
CREB1,MRPS27,1
CREB1,ZNF644,1
CREB1,NUDT15,1
CREB1,MCM6,1
CREB1,SRSF3,1
CREB1,RNF138,1
CREB1,SUV39H2,1
CREB1,NUP35,1
CREB1,FOSL1,1
CREB1,ZDHHC4,1
CREB1,EEF1A1,1
CREB1,MCM7,1
CREB1,ATG4C,1
CREB1,LCMT1,1
CREB1,PEMT,1
CREB1,CEBPZ,1
CREB1,AIMP2,1
CREB1,WARS,1
CREB1,NPRL2,1
CREB1,MCM2,1
CREB1,VRK1,1
CREB1,NUP54,1
CREB1,TIPIN,1
CREB1,BUB1B,1
CREB1,EGR1,1
CREB1,NCAPG,1
CREB1,NIP7,1
CREB1,SERTAD3,1
CREB1,HNRNPH2,1
CREB1,ILF3,1
CREB1,TCF25,1
CREB1,CHAF1A,1
CREB1,DDX20,1
CREB1,NUF2,1
CREB1,MIS18BP1,1
CREB1,JUND,1
CREB1,PIGH,1
CREB1,SRRM1,1
CREB1,NDUFAF5,1
CREB1,RNF19A,1
CREB1,SUB1,1
CREB1,SP4,1
CREB1,CHEK1,1
CREB1,KIF23,1
CREB1,MED14,1
CREB1,RAB28,1
CREB1,CHD8,1
CREB1,MXD1,1
CREB1,UBE2T,1
CREB1,DCAF13,1
CREB1,HIBCH,1
CREB1,RUVBL1,1
CREB1,HNRNPK,1
CREB1,CHEK2,1
CREB1,ATF3,1
CREB1,TMEM69,1
CREB1,DDX5,1
CREB1,SNRPB,1
CREB1,AASS,1
CREB1,MTF2,1
CREB1,RAD51,1
CREB1,PDCD11,1
CREB1,GATM,1
CREB1,CDCA3,1
CREB1,SRSF1,1
CREB1,MAD2L1,1
CREB1,TRIP13,1
CREB1,PUS7L,1
CREB1,ZWILCH,1
CREB1,FBL,1
CREB1,FOXP1,1
CREB1,B4GALT3,1
CREB1,NUP93,1
CREB1,PRKCE,1
CREB1,TFDP1,1
CREB1,ASL,1
CREB1,IVNS1ABP,1
CREB1,HNRNPUL1,1
CREB1,AHR,1
CREB1,AMZ2,1
CREB1,DNAJC2,1
CREB1,ZNF766,1
CREB1,MCM8,1
CREB1,XBP1,1
CREB1,E2F3,1
CREB1,TAF7,1
CREB1,LAPTM4B,1
CREB1,DRAP1,1
CREB1,SLC38A2,1
CREB1,ADNP,1
CREB1,CRYZL1,1
CREB1,DPH6,1
CREB1,C1GALT1,1
CREB1,RFX5,1
CREB1,DSN1,1
CREB1,YEATS4,1
CREB1,CENPU,1
CREB1,HNRNPD,1
CREB1,GLI1,1
CREB1,MED4,1
CREB1,SRF,1
CREB1,GMPR2,1
CREB1,MCM3,1
CREB1,PMS1,1
CREB1,GPN3,1
CREB1,ARID3B,1
CREB1,AURKB,1
CREB1,CCNB1,1
CREB1,ILF2,1
CREB1,THYN1,1
CREB1,ORC4,1
CREB1,COPS2,1
CREB1,MAFF,1
CREB1,SNAPC1,1
CREB1,ACADSB,1
CREB1,SMARCA5,1
CREB1,PRMT5,1
CREB1,POLR2B,1
CREB1,SNRPD1,1
CREB1,POLR1E,1
CREB1,DPAGT1,1
CREB1,ZNF74,1
CREB1,CUEDC2,1
CREB1,SLC7A6,1
CREB1,KPNA2,1
CREB1,CXXC1,1
CREB1,CDK5RAP1,1
CREB1,UTP18,1
CREB1,HCFC1,1
CREB1,CCND1,1
CREB1,TFE3,1
CREB1,NR1H3,1
CREB1,DDIT3,1
CREB1,E2F5,1
CREB1,HNRNPR,1
CREB1,MYBL2,1
CREB1,TPX2,1
CREB1,ACTL6A,1
CREB1,HDGF,1
CREB1,PPP1R7,1
CREB1,CEP70,1
CREB1,DGAT1,1
CREB1,TFDP2,1
CREB1,TNFAIP3,1
CREB1,SIL1,1
CREB1,HMGN1,1
CREB1,DTWD1,1
CREB1,TATDN3,1
CREB1,ESPL1,1
CREB1,FOSL2,1
CREB1,BPTF,1
CREB1,ZNF567,1
CREB1,IQCB1,1
CREB1,ZNF354A,1
CREB1,FEN1,1
CREB1,PARPBP,1
CREB1,NUP37,1
CREB1,BTF3,1
CREB1,SSBP3,1
CREB1,MPC1,1
CREB1,THAP1,1
CREB1,PARP1,1
CREB1,ZNHIT3,1
CREB1,HMGB2,1
CREB1,DCTPP1,1
CREB1,BTG2,1
CREB1,ZWINT,1
CREB1,JMJD1C,1
CREB1,MCM4,1
CREB1,POLR2F,1
CREB1,EEF1E1,1
CREB1,BLM,1
CREB1,TCERG1,1
CREB1,CAMK2D,1
CREB1,BCS1L,1
CREB1,PLRG1,1
CREB1,RUVBL2,1
CREB1,BIRC5,1
CREB1,CDK4,1
CREB1,KIF22,1
CREB1,DLGAP5,1
CREB1,IL6ST,1
CREB1,CDKN3,1
CREB1,TBPL1,1
CREB1,SDAD1,1
CREB1,GTF2H2,1
CREB1,SMARCD2,1
CREB1,NOP16,1
CREB1,ASNS,1
CREB1,MORN2,1
CREB1,SRSF2,1
CREB1,POLR1D,1
CREB1,IMP4,1
CREB1,TCFL5,1
CREB1,DROSHA,1
CREB1,PLK1,1
CREB1,RBBP4,1
CREB1,TGIF2,1
CREB1,VPS72,1
CREB1,APEX1,1
CREB1,CSDE1,1
CREB1,ZNF33A,1
CREB1,COMMD10,1
CREB1,AFF4,1
CREB1,ZNF670,1
CREB1,HMGA1,1
CREB1,HMMR,1
CREB1,TOP2A,1
CREB1,CKAP2,1
CREB1,NUP88,1
CREB1,HMGN4,1
CREB1,KIFAP3,1
CREB1,RNF4,1
CREB1,EIF5B,1
CREB1,POLR1B,1
CREB1,YARS,1
CREB1,TAF1A,1
CREB1,DOT1L,1
CREB1,PMAIP1,1
CREB1,SSRP1,1
CREB1,SEC11C,1
CREB1,STAT2,1
CREB1,MRPL1,1
CREB1,EED,1
CREB1,ENO1,1
CREB1,STMN1,1
CREB1,E2F4,1
CREB1,MTHFD2,1
CREB1,UGP2,1
CREB1,PA2G4,1
CREB1,ACADVL,1
CREB1,ISG15,1
CREB1,UBE2C,1
CREB1,ZFYVE21,1
CREB1,NEK2,1
CREB1,IRF1,1
CREB1,ALG8,1
CREB1,CPSF3,1
CREB1,JUN,1
CREB1,BRIX1,1
CREB1,SMARCC1,1
CREB1,SPTLC3,1
CREB1,ACY1,1
CREB1,TDP2,1
CREB1,DNPEP,1
CREB1,THAP11,1
CREB1,TOPORS,1
CREB1,KIF20B,1
CREB1,ACOT7,1
CREB1,MAZ,1
CREB1,GMNN,1
CREB1,MSH2,1
CREB1,ZNF232,1
CREB1,TAF5,1
CREB1,RAD51AP1,1
CREB1,EHMT1,1
CREB1,SKA3,1
CREB1,FANCI,1
CREB1,GTF3C5,1
CREB1,C17ORF75,1
CREB1,GGCT,1
CREB1,C11ORF74,1
CREB1,PTMA,1
CREB1,MPHOSPH9,1
CREB1,C19ORF48,1
CREB1,TCF19,1
CREB1,CNBP,1
CREB1,POLR2D,1
CREB1,MST1,1
CREB1,TBL1X,1
CREB1,CDC20,1
CREB1,ZNF397,1
CREB1,MCM5,1
CREB1,FUBP1,1
CREB1,TEX10,1
CREB1,DDIT4,1
CREB1,SIRT1,1
CREB1,NUSAP1,1
CREB1,CENPF,1
CREB1,TBX3,1
CREB1,BBS9,1
CREB1,NUDT1,1
CREB1,NPM1,1
CREB1,SMAD5,1
CREB1,TTF2,1
CREB1,GTF2I,1
CREB1,TP53,1
CREB1,DR1,1
CREB1,RSU1,1
CREB1,UQCC1,1
CREB1,ZBTB3,1
CREB1,HINFP,1
CREB1,GATAD2B,1
CREB1,RBPJ,1
CREB1,UBL7,1
CREB1,FOXA1,1
CREB1,NFYB,1
CREB1,MAPK1,1
CREB1,RBMX,1
CREB1,TK1,1
CREB1,MMS19,1
CREB1,FLRT3,1
CREB1,CCS,1
CREB1,ECT2,1
CREB1,ING1,1
CREB1,BRIP1,1
CREB1,CCNB2,1
CREB1,E2F8,1
CREB1,CTBP1,1
CREB1,PPIL1,1
CREB1,ZNF770,1
CREB1,CETN3,1
CREB1,SMAD2,1
CREB1,MATR3,1
CREB1,ARID2,1
CREB1,BCL11B,1
CREB1,IRF9,1
CREB1,USP7,1
CREB1,MEST,1
CREB1,CCDC82,1
CREB1,HMGN3,1
CREB1,PLAGL2,1
CREB1,SAAL1,1
CREB1,TCOF1,1
CREB1,EZH2,1
CREB1,ASXL1,1
CREB1,SLC38A1,1
CREB1,DNAH14,1
CREB1,ID2,1
CREB1,IRF3,1
CREB1,DEDD,1
CREB1,XPO5,1
CREB1,FAM13A,1
CREB1,GNPNAT1,1
CREB1,HNRNPAB,1
CREB1,PRIM1,1
CREB1,ZFHX3,1
CREB1,DAXX,1
CREB1,G6PC3,1
CREB1,ZNF160,1
CREB1,PIH1D1,1
CREB1,NONO,1
CREB1,TIMM9,1
CREB1,POLR2G,1
CREB1,DNMT1,1
CREB1,APEH,1
CREB1,AKR1B1,1
CREB1,CEBPA,1
CREB1,EYA3,1
CREB1,TMEM120A,1
CREB1,NVL,1
CREB1,ZFP64,1
CREB1,ZRANB2,1
CREB1,POLR2L,1
CREB1,ASPH,1
CREB1,ZNF91,1
CREB1,YBX1,1
CREB1,CMC1,1
CREB1,RBBP7,1
CREB1,FXR1,1
CREB1,XRCC5,1
CREB1,HPN,1
CREB1,DDB2,1
CREB1,ZNF398,1
CREB1,WDR12,1
CREB1,POLR1C,1
CREB1,CTPS1,1
CREB1,DCLRE1C,1
CREB1,SSBP2,1
CREB1,TRIM27,1
CREB1,GABPB1,1
CREB1,EXOSC3,1
CREB1,COPS5,1
CREB1,DPH5,1
CREB1,FASTKD2,1
CREB1,PSIP1,1
CREB1,ZNF202,1
CREB1,RFXANK,1
CREB1,CRAT,1
CREB1,PSMG1,1
CREB1,FOXM1,1
CREB1,POLR2I,1
CREB1,NFKBIZ,1
CREB1,CNTRL,1
CREB1,BPHL,1
CREB1,HMGCL,1
CREB1,KNTC1,1
CREB1,DDX54,1
CREB1,CDK1,1
CREB1,POP5,1
CREB1,GSN,1
CREB1,DECR1,1
CREB1,RNF2,1
CREB1,MAF,1
CREB1,CREB3L4,1
CREB1,ZNF300,1
CREB1,FHL2,1
CREB1,ANAPC4,1
CREB1,LRR1,1
CREB1,PIAS2,1
CREB1,SUPT16H,1
CREB1,HDAC1,1
CREB1,BZW2,1
CREB1,UCP2,1
CREB1,AXL,1
CREB1,COMMD3,1
CREB1,NDUFAF4,1
CREB1,PSAT1,1
CREB1,HMGN2,1
CREB1,MTERF3,1
CREB1,IL32,1
CREB1,RAD54B,1
CREB1,E2F7,1
CREB1,KDELR3,1
CREB1,BSCL2,1
CREB1,FAM114A1,1
CREB1,TERF1,1
CREB1,IQGAP2,1
CREB1,NME2,1
CREB1,WDYHV1,1
CREB1,ZNF675,1
CREB1,TAF1B,1
CREB1,SGK1,1
CREB1,DUT,1
CREB1,SMARCA4,1
CREB1,PDLIM7,1
CREB1,DPCD,1
CREB1,HAUS1,1
CREB1,FUCA1,1
CREB1,HIF1AN,1
CREB1,PAFAH1B3,1
CREB1,COQ3,1
CREB1,PCGF6,1
CREB1,CUTC,1
CREB1,EPHX2,1
CREB1,NAA15,1
CREB1,ECHDC2,1
CREB1,TAF6,1
CREB1,NR3C1,1
CREB1,HIST1H1E,1
CREB1,TRIM25,1
CREB1,ZNF227,1
CREB1,TARDBP,1
CREB1,MMS22L,1
CREB1,C12ORF10,1
CREB1,USP44,1
CREB1,ETV5,1
CREB1,PIAS3,1
CREB1,G2E3,1
CREB1,JAG1,1
CREB1,ZBTB24,1
CREB1,TAF9B,1
CREB1,ATIC,1
CREB1,APOC2,1
CREB1,EWSR1,1
CREB1,MT1X,1
CREB1,BUB1,1
CREB1,PPT1,1
CREB1,GSTK1,1
CREB1,ZNF638,1
CREB1,ACAA1,1
CREB1,NUP85,1
CREB1,MTUS1,1
CREB1,SSB,1
CREB1,ASNSD1,1
CREB1,CREG1,1
CREB1,GEMIN2,1
CREB1,REST,1
CREB1,THRB,1
CREB1,KNSTRN,1
CREB1,ALDH9A1,1
CREB1,GYG1,1
CREB1,MYBBP1A,1
CREB1,FANCL,1
CREB1,HIST1H1C,1
CREB1,EFNA1,1
CREB1,NR2F2,1
CREB1,YAF2,1
CREB1,MTHFD1,1
CREB1,TMEM177,1
CREB1,GALM,1
CREB1,NRIP1,1
CREB1,TTC39C,1
CREB1,RAI14,1
CREB1,TRIM59,1
CREB1,KLF5,1
CREB1,DEK,1
CREB1,ANXA4,1
CREB1,ANLN,1
CREB1,PON2,1
CREB1,PIM2,1
CREB1,UHRF1,1
CREB1,HSD17B11,1
CREB1,EBNA1BP2,1
CREB1,MTMR2,1
CREB1,SMAD3,1
CREB1,DNMT3A,1
CREB1,ZNF581,1
CREB1,ANAPC7,1
CREB1,DNMT3B,1
CREB1,VEZF1,1
CREB1,TGIF1,1
CREB1,ETS1,1
CREB1,POU2F1,1
CREB1,LMO7,1
CREB1,STX8,1
CREB1,SF3B3,1
CREB1,ACAD11,1
CREB1,TPD52L1,1
CREB1,SCAPER,1
CREB1,FOXO1,1
CREB1,RBP4,1
CREB1,GRHL1,1
CREB1,CTSC,1
CREB1,WDR54,1
CREB1,PTTG1,1
CREB1,SRSF10,1
CREB1,PEG3,1
CREB1,MTAP,1
CREB1,FGA,1
CREB1,GRPR,1
CREB1,WDR5,1
CREB1,FOXA2,1
CREB1,HIPK2,1
CREB1,HELLS,1
CREB1,OAZ2,1
CREB1,HPRT1,1
CREB1,F10,1
CREB1,DEPDC7,1
CREB1,PAWR,1
CREB1,P4HA2,1
CREB1,HGD,1
CREB1,RNASE4,1
CREB1,ANG,1
CREB1,C12ORF45,1
CREB1,ZNF101,1
CREB1,ALG6,1
CREB1,CA2,1
CREB1,EHMT2,1
CREB1,EPAS1,1
CREB1,MELK,1
CREB1,PYGL,1
CREB1,DPYSL2,1
CREB1,ERCC8,1
CREB1,NCOA6,1
CREB1,DAB2,1
CREB1,F2RL1,1
CREB1,CEBPD,1
CREB1,RAMP1,1
CREB1,GALK1,1
CREB1,GMPS,1
CREB1,LAMB2,1
CREB1,LAMC1,1
CREB1,DDAH1,1
CREB1,ITGB5,1
CREB1,GMEB1,1
CREB1,HIF3A,1
CREB1,S100A16,1
CREB1,SMARCE1,1
CREB1,ETV1,1
CREB1,AGT,1
CREB1,PHGDH,1
CREB1,CREB3L3,1
CREB1,ANKRD1,1
CREB1,APOB,1
CREB1,RRM2,1
CREB1,DERA,1
CREB1,SMOX,1
CREB1,SHMT2,1
CREB1,TEAD4,1
CREB1,SLC25A20,1
CREB1,RREB1,1
CREB1,ETV4,1
CREB1,BLVRA,1
CREB1,CDKN1A,1
CREB1,SLC35D2,1
CREB1,F2,1
CREB1,NR2F6,1
CREB1,HP,1
CREB1,VTN,1
CREB1,TCF7L1,1
CREB1,FABP1,1
CREB1,MGST2,1
CREB1,RHOBTB3,1
CREB1,DPF2,1
CREB1,AGTRAP,1
CREB1,DNASE1,1
CREB1,MLXIPL,1
CREB1,H1F0,1
CREB1,APOA2,1
CREB1,PITX1,1
CREB1,NCOA1,1
CREB1,AMBP,1
CREB1,CAPG,1
CREB1,F3,1
CREB1,NT5DC2,1
CREB1,BMPR1A,1
CREB1,PDGFRA,1
CREB1,GATA6,1
CREB1,NUPR1,1
CREB1,AHSG,1
CREB1,ASGR1,1
CREB1,MYC,1
CREB1,FGG,1
CREB1,MTFP1,1
CREB1,HPX,1
CREB1,BST2,1
CREB1,HNF4A,1
CREB1,TEAD2,1
CREB1,SERPIND1,1
CREB1,GATA4,1
CREB1,DDC,1
CREB1,SP100,1
CREB1,NR1I3,1
CREB1,LEAP2,1
CREB1,APOC3,1
CREB1,ALB,1
CREB1,APOA1,1
CREB1,SOX2,1
CREB1,SALL2,1
CREB1,TM4SF4,1
CREB1,TTR,1
CREB1,CSRP2,1
CREB1,SULF2,1
CREB1,SPP1,1
CREB1,PRAP1,1
CREB1,ACOX2,1
CREB1,NODAL,1
CREB1,MYCN,1
CREB1,ARSE,1
CREB1,PRPS2,1
CREB1,PDZK1,1
CREB1,TUBB6,1
CREB1,LGALS1,1
CREB1,LITAF,1
CREB1,ZFP36,1
CREB1,SULT1A2,1
CREB1,MEP1A,1
CREB1,HMGA2,1
ELF1,ZBTB24,1
ELF1,AURKA,1
ELF1,BRCA2,1
ELF1,ATG4C,1
ELF1,AATF,1
ELF1,RSU1,1
ELF1,ZNF766,1
ELF1,TOPORS,1
ELF1,MCM4,1
ELF1,NOL10,1
ELF1,TF,1
ELF1,FANCD2,1
ELF1,IMP4,1
ELF1,GTF2H3,1
ELF1,DR1,1
ELF1,ZNF160,1
ELF1,MCM8,1
ELF1,ANXA4,1
ELF1,WDHD1,1
ELF1,DCAF13,1
ELF1,DDIT3,1
ELF1,UGP2,1
ELF1,E2F4,1
ELF1,WDYHV1,1
ELF1,DCLRE1C,1
ELF1,DNAJC2,1
ELF1,ID2,1
ELF1,EBNA1BP2,1
ELF1,UBL7,1
ELF1,ATG5,1
ELF1,MED4,1
ELF1,NPRL2,1
ELF1,RNF4,1
ELF1,CUTC,1
ELF1,ING5,1
ELF1,KNTC1,1
ELF1,ZNF398,1
ELF1,XPO5,1
ELF1,TAF1A,1
ELF1,EFTUD2,1
ELF1,ORC4,1
ELF1,ZFAND2A,1
ELF1,PHB2,1
ELF1,TBRG4,1
ELF1,ZNF397,1
ELF1,TMEM120A,1
ELF1,TAF1B,1
ELF1,BRCA1,1
ELF1,PARPBP,1
ELF1,NUP37,1
ELF1,RBBP4,1
ELF1,MYBBP1A,1
ELF1,VPS72,1
ELF1,TAF11,1
ELF1,ZRANB2,1
ELF1,KAT7,1
ELF1,BRIX1,1
ELF1,ARID3B,1
ELF1,GSN,1
ELF1,G6PC3,1
ELF1,POLR2K,1
ELF1,PHF5A,1
ELF1,ZSCAN21,1
ELF1,GTF3C5,1
ELF1,G2E3,1
ELF1,NUDT1,1
ELF1,PIGH,1
ELF1,TBPL1,1
ELF1,WDR43,1
ELF1,ANAPC4,1
ELF1,POLR2F,1
ELF1,TPX2,1
ELF1,SMARCD2,1
ELF1,WDR74,1
ELF1,STX8,1
ELF1,ISY1,1
ELF1,KIF23,1
ELF1,XRCC5,1
ELF1,TCOF1,1
ELF1,CEBPZ,1
ELF1,SDAD1,1
ELF1,HINFP,1
ELF1,FEN1,1
ELF1,SNRPD1,1
ELF1,NUF2,1
ELF1,POLR3D,1
ELF1,PWP1,1
ELF1,RNPS1,1
ELF1,RAD51,1
ELF1,ALG6,1
ELF1,C12ORF10,1
ELF1,SIRT2,1
ELF1,ALG8,1
ELF1,SF3B3,1
ELF1,ZNF202,1
ELF1,EXOSC3,1
ELF1,TTF2,1
ELF1,ENO1,1
ELF1,CKS2,1
ELF1,ZNF227,1
ELF1,GEMIN8,1
ELF1,ZNF33A,1
ELF1,SNRPB,1
ELF1,LCMT1,1
ELF1,ANLN,1
ELF1,APEH,1
ELF1,DAXX,1
ELF1,RUVBL1,1
ELF1,MCM7,1
ELF1,CDCA3,1
ELF1,MIS18BP1,1
ELF1,THAP1,1
ELF1,GTF2H2,1
ELF1,HNRNPR,1
ELF1,TRIP13,1
ELF1,SUPT16H,1
ELF1,CCDC82,1
ELF1,MCM5,1
ELF1,MED30,1
ELF1,SP100,1
ELF1,ZNF670,1
ELF1,ZBTB3,1
ELF1,UTP18,1
ELF1,SMARCC1,1
ELF1,ZNF675,1
ELF1,DEDD,1
ELF1,TAF7,1
ELF1,EXOSC9,1
ELF1,GSTK1,1
ELF1,RFXANK,1
ELF1,ATIC,1
ELF1,NIP7,1
ELF1,BTF3,1
ELF1,AIMP2,1
ELF1,DDX5,1
ELF1,PUS7L,1
ELF1,VEZF1,1
ELF1,DNMT1,1
ELF1,DLGAP5,1
ELF1,ASXL1,1
ELF1,ZNF101,1
ELF1,SLC25A20,1
ELF1,NOP16,1
ELF1,ID3,1
ELF1,CCNB1,1
ELF1,FANCI,1
ELF1,CACYBP,1
ELF1,ILF3,1
ELF1,BSCL2,1
ELF1,POLR1C,1
ELF1,C9ORF72,1
ELF1,POLR1B,1
ELF1,EED,1
ELF1,HIBCH,1
ELF1,GTF3C2,1
ELF1,PIH1D1,1
ELF1,PPP1R7,1
ELF1,NUP54,1
ELF1,SUB1,1
ELF1,TEX10,1
ELF1,MTMR2,1
ELF1,ZNF91,1
ELF1,NUP88,1
ELF1,PDCD11,1
ELF1,YARS,1
ELF1,MTTP,1
ELF1,ICE2,1
ELF1,TP53,1
ELF1,HDAC1,1
ELF1,HMGN4,1
ELF1,E2F8,1
ELF1,KIF20B,1
ELF1,COPS2,1
ELF1,SRSF1,1
ELF1,MORN2,1
ELF1,ING1,1
ELF1,TAF5,1
ELF1,SAAL1,1
ELF1,UQCC1,1
ELF1,EYA3,1
ELF1,PMS1,1
ELF1,ECD,1
ELF1,POP5,1
ELF1,GTF2E1,1
ELF1,NUDT15,1
ELF1,CPSF3,1
ELF1,PRKCE,1
ELF1,ACAA1,1
ELF1,CENPF,1
ELF1,ZNF143,1
ELF1,NEDD1,1
ELF1,IRF3,1
ELF1,POLR2B,1
ELF1,COPS5,1
ELF1,TDP2,1
ELF1,PPARA,1
ELF1,ZFP64,1
ELF1,ZNHIT3,1
ELF1,NIF3L1,1
ELF1,HMGCL,1
ELF1,YEATS4,1
ELF1,FUCA1,1
ELF1,DTWD1,1
ELF1,MCM6,1
ELF1,HIF1AN,1
ELF1,DROSHA,1
ELF1,GMPR2,1
ELF1,WDR12,1
ELF1,ZNF354A,1
ELF1,CXXC1,1
ELF1,GMEB1,1
ELF1,IQCB1,1
ELF1,E2F7,1
ELF1,POLR2G,1
ELF1,ABT1,1
ELF1,TMEM69,1
ELF1,GMPS,1
ELF1,NUP35,1
ELF1,EIF5B,1
ELF1,DNPEP,1
ELF1,HNRNPD,1
ELF1,THAP11,1
ELF1,STAT2,1
ELF1,TSFM,1
ELF1,POLR2I,1
ELF1,PLRG1,1
ELF1,JAG1,1
ELF1,RAD51AP1,1
ELF1,CMC1,1
ELF1,HAT1,1
ELF1,ZDHHC4,1
ELF1,RFC1,1
ELF1,NUP93,1
ELF1,GATM,1
ELF1,ZNF567,1
ELF1,ZNF232,1
ELF1,NR1H3,1
ELF1,PAK1IP1,1
ELF1,DPAGT1,1
ELF1,PA2G4,1
ELF1,PPIL1,1
ELF1,BCS1L,1
ELF1,CRYZL1,1
ELF1,FANCL,1
ELF1,CHEK2,1
ELF1,CDK5RAP1,1
ELF1,CNOT7,1
ELF1,GABPB1,1
ELF1,WBP11,1
ELF1,MCM3,1
ELF1,MAZ,1
ELF1,NR3C1,1
ELF1,SRSF2,1
ELF1,SH3BGRL,1
ELF1,CTSC,1
ELF1,YBX1,1
ELF1,ZNF74,1
ELF1,TGIF2,1
ELF1,COMMD10,1
ELF1,SMARCE1,1
ELF1,DEK,1
ELF1,DDX20,1
ELF1,FBL,1
ELF1,TEAD4,1
ELF1,HMGN1,1
ELF1,WARS,1
ELF1,IVNS1ABP,1
ELF1,TATDN3,1
ELF1,CHD8,1
ELF1,RFC2,1
ELF1,NDUFAF5,1
ELF1,C12ORF45,1
ELF1,RNASEH2A,1
ELF1,CENPU,1
ELF1,ARID2,1
ELF1,ING3,1
ELF1,POLR1D,1
ELF1,U2AF1,1
ELF1,PEMT,1
ELF1,C11ORF74,1
ELF1,SP4,1
ELF1,TRERF1,1
ELF1,SMARCA4,1
ELF1,NCAPG,1
ELF1,SSRP1,1
ELF1,HNRNPUL1,1
ELF1,NME2,1
ELF1,LGALS1,1
ELF1,RFC4,1
ELF1,BST2,1
ELF1,POLR2D,1
ELF1,MELK,1
ELF1,MED14,1
ELF1,FOXP1,1
ELF1,RNF2,1
ELF1,EHMT1,1
ELF1,CNTRL,1
ELF1,MRPL1,1
ELF1,MTF2,1
ELF1,NVL,1
ELF1,KNSTRN,1
ELF1,CUEDC2,1
ELF1,C1GALT1,1
ELF1,XRCC6,1
ELF1,HCFC1,1
ELF1,CBX3,1
ELF1,RRM1,1
ELF1,POLR1E,1
ELF1,C17ORF75,1
ELF1,TFRC,1
ELF1,CSDE1,1
ELF1,DRAP1,1
ELF1,ZWINT,1
ELF1,MST1,1
ELF1,PEF1,1
ELF1,BLM,1
ELF1,ZFYVE21,1
ELF1,GTF2F2,1
ELF1,ACADSB,1
ELF1,UCP2,1
ELF1,VRK1,1
ELF1,YAF2,1
ELF1,SRRM1,1
ELF1,ZWILCH,1
ELF1,TRIM27,1
ELF1,ZNF300,1
ELF1,SLC35D2,1
ELF1,CREG1,1
ELF1,RUVBL2,1
ELF1,DCTPP1,1
ELF1,MAPK1,1
ELF1,HNRNPH2,1
ELF1,GATAD2B,1
ELF1,JUN,1
ELF1,SSBP2,1
ELF1,ARG2,1
ELF1,THYN1,1
ELF1,MGST2,1
ELF1,MEST,1
ELF1,TFDP1,1
ELF1,HMGA1,1
ELF1,TIMM9,1
ELF1,PPFIBP2,1
ELF1,CREB3L4,1
ELF1,SMAD5,1
ELF1,PARP1,1
ELF1,MAD2L1,1
ELF1,EZH2,1
ELF1,SOX4,1
ELF1,SLC7A6,1
ELF1,DGAT1,1
ELF1,TCERG1,1
ELF1,ACAD11,1
ELF1,ASPH,1
ELF1,RBBP7,1
ELF1,ACOT7,1
ELF1,PLAGL2,1
ELF1,CDC20,1
ELF1,LITAF,1
ELF1,AFF4,1
ELF1,DECR1,1
ELF1,DERA,1
ELF1,CENPK,1
ELF1,TERF1,1
ELF1,THRAP3,1
ELF1,TFPI,1
ELF1,MXD1,1
ELF1,RBPJ,1
ELF1,PSMG1,1
ELF1,DNAH14,1
ELF1,CEBPD,1
ELF1,TIMM21,1
ELF1,PAPOLA,1
ELF1,PIM2,1
ELF1,DPCD,1
ELF1,ACTL6A,1
ELF1,ZNRD1,1
ELF1,HIST1H1E,1
ELF1,ADNP,1
ELF1,ASCC3,1
ELF1,CTPS1,1
ELF1,MED20,1
ELF1,REST,1
ELF1,ECT2,1
ELF1,EGR1,1
ELF1,C11ORF1,1
ELF1,ZFP36,1
ELF1,CTBP1,1
ELF1,ECHDC2,1
ELF1,KIFAP3,1
ELF1,RNF19A,1
ELF1,ZNF589,1
ELF1,ITLN2,1
ELF1,GALK1,1
ELF1,DDX54,1
ELF1,TIPIN,1
ELF1,ZNF770,1
ELF1,TRIM25,1
ELF1,TTC39C,1
ELF1,HDGF,1
ELF1,HSD17B11,1
ELF1,S100A6,1
ELF1,C19ORF48,1
ELF1,CDK1,1
ELF1,IRF1,1
ELF1,PCNA,1
ELF1,SMAD2,1
ELF1,KIF22,1
ELF1,BTG1,1
ELF1,MPC1,1
ELF1,IRF9,1
ELF1,DPH6,1
ELF1,HERPUD1,1
ELF1,ZNF146,1
ELF1,E2F3,1
ELF1,GPN3,1
ELF1,BUB1,1
ELF1,PIAS2,1
ELF1,PRMT5,1
ELF1,BUB1B,1
ELF1,FOSL1,1
ELF1,FOSL2,1
ELF1,RBM39,1
ELF1,MTAP,1
ELF1,RHOBTB3,1
ELF1,HAUS1,1
ELF1,PRC1,1
ELF1,DDB2,1
ELF1,SERTAD3,1
ELF1,MTHFD1,1
ELF1,COQ3,1
ELF1,FMO5,1
ELF1,ZNF581,1
ELF1,CDK4,1
ELF1,BDP1,1
ELF1,RNF138,1
ELF1,THOC1,1
ELF1,SLC38A1,1
ELF1,MMS22L,1
ELF1,ETV1,1
ELF1,SIRT1,1
ELF1,EEF1E1,1
ELF1,PAFAH1B3,1
ELF1,BBS9,1
ELF1,SUPV3L1,1
ELF1,TCF25,1
ELF1,FASTKD2,1
ELF1,BPTF,1
ELF1,ZNF561,1
ELF1,TRIM28,1
ELF1,CDKN1A,1
ELF1,ACY1,1
ELF1,ZNF638,1
ELF1,LRR1,1
ELF1,CDKN3,1
ELF1,HNRNPAB,1
ELF1,SRSF10,1
ELF1,AKR1B1,1
ELF1,CAMK2D,1
ELF1,UBE2C,1
ELF1,CENPN,1
ELF1,BIRC5,1
ELF1,NDUFAF4,1
ELF1,JMJD1C,1
ELF1,CREB1,1
ELF1,GGCT,1
ELF1,ACADVL,1
ELF1,KDELR3,1
ELF1,GALM,1
ELF1,ILF2,1
ELF1,IL6ST,1
ELF1,AMZ2,1
ELF1,USP7,1
ELF1,PRIM1,1
ELF1,CEP70,1
ELF1,SRF,1
ELF1,SSB,1
ELF1,CHAF1A,1
ELF1,UBE2T,1
ELF1,CNBP,1
ELF1,MATR3,1
ELF1,CREB3L2,1
ELF1,POU2F1,1
ELF1,SIL1,1
ELF1,RFX5,1
ELF1,ATL2,1
ELF1,DUT,1
ELF1,CEBPA,1
ELF1,NEK2,1
ELF1,SUV39H2,1
ELF1,ITGB5,1
ELF1,PYGL,1
ELF1,ASL,1
ELF1,TFE3,1
ELF1,MSH2,1
ELF1,WDR54,1
ELF1,MAP1B,1
ELF1,HMMR,1
ELF1,MTERF3,1
ELF1,BCOR,1
ELF1,SRSF3,1
ELF1,MCM2,1
ELF1,MRPS27,1
ELF1,COMMD3,1
ELF1,HMGB2,1
ELF1,SMC4,1
ELF1,WDR5,1
ELF1,STMN1,1
ELF1,ESPL1,1
ELF1,APEX1,1
ELF1,PPT1,1
ELF1,E2F5,1
ELF1,ELL2,1
ELF1,NUP85,1
ELF1,MPHOSPH9,1
ELF1,AEBP2,1
ELF1,ISG15,1
ELF1,BZW2,1
ELF1,TARBP2,1
ELF1,KLHL7,1
ELF1,RAI14,1
ELF1,NPM1,1
ELF1,MAFF,1
ELF1,SLC38A2,1
ELF1,TBL1X,1
ELF1,BRIP1,1
ELF1,HNF4A,1
ELF1,F2,1
ELF1,IFITM2,1
ELF1,SEC11C,1
ELF1,NAA15,1
ELF1,TCF3,1
ELF1,SHMT2,1
ELF1,AXL,1
ELF1,CHEK1,1
ELF1,DNASE1,1
ELF1,GNPNAT1,1
ELF1,NFYB,1
ELF1,JARID2,1
ELF1,TOP2B,1
ELF1,GMNN,1
ELF1,DPH5,1
ELF1,TGIF1,1
ELF1,SKA3,1
ELF1,EEF1A1,1
ELF1,ANP32E,1
ELF1,DEPDC7,1
ELF1,HNRNPK,1
ELF1,UHRF1,1
ELF1,TPD52L1,1
ELF1,SNAPC1,1
ELF1,AHR,1
ELF1,CCNB2,1
ELF1,TK1,1
ELF1,ZNF644,1
ELF1,CETN3,1
ELF1,PLK1,1
ELF1,DNMT3A,1
ELF1,AURKB,1
ELF1,TCF19,1
ELF1,HPN,1
ELF1,ANAPC7,1
ELF1,RBMX,1
ELF1,LAPTM4B,1
ELF1,NONO,1
ELF1,TOP2A,1
ELF1,ETV4,1
ELF1,IQGAP2,1
ELF1,HMGN3,1
ELF1,SKIL,1
ELF1,MT1X,1
ELF1,CENPE,1
ELF1,DSN1,1
ELF1,PCGF6,1
ELF1,TARDBP,1
ELF1,HIST1H1C,1
ELF1,PTMA,1
ELF1,ASNSD1,1
ELF1,ANKRD1,1
ELF1,GEMIN2,1
ELF1,H1F0,1
ELF1,APOC2,1
ELF1,CCS,1
ELF1,B4GALT3,1
ELF1,MAF,1
ELF1,SULF2,1
ELF1,CAPG,1
ELF1,NT5DC2,1
ELF1,EPHX2,1
ELF1,LAMB2,1
ELF1,SULT1A2,1
ELF1,DAB2,1
ELF1,PDZK1,1
ELF1,FGA,1
ELF1,AASS,1
ELF1,FOXA1,1
ELF1,AGT,1
ELF1,EFNA1,1
ELF1,VTN,1
ELF1,APOB,1
ELF1,FOXA2,1
ELF1,SLC7A7,1
ELF1,HNF1B,1
ELF1,APOA2,1
ELF1,ASGR1,1
ELF1,IL32,1
ELF1,APOC3,1
ELF1,FABP1,1
ELF1,LEAP2,1
ELF1,AHSG,1
ELF1,NUPR1,1
EPAS1,ENO1,1
EPAS1,TFRC,1
EPAS1,FOSL2,1
EPAS1,RBPJ,1
EPAS1,DDIT4,1
EPAS1,FAM13A,1
EPAS1,GPN3,1
EPAS1,MAFF,1
EPAS1,HNRNPK,1
EPAS1,P4HA2,1
EPAS1,BTG1,1
EPAS1,SRSF3,1
EPAS1,HMGCL,1
EPAS1,CDK4,1
EPAS1,HIF3A,1
EPAS1,TIMM21,1
EPAS1,AXL,1
EPAS1,AURKA,1
EPAS1,ZNF770,1
EPAS1,DOT1L,1
EPAS1,ASPH,1
EPAS1,WDR54,1
EPAS1,RNF19A,1
EPAS1,HPN,1
EPAS1,POU2F1,1
EPAS1,SLC7A6,1
EPAS1,ACAD11,1
EPAS1,FBL,1
EPAS1,EED,1
EPAS1,JARID2,1
EPAS1,EEF1A1,1
EPAS1,MTERF3,1
EPAS1,GTF2E1,1
EPAS1,RUVBL2,1
EPAS1,F2,1
EPAS1,SMARCC1,1
EPAS1,TCFL5,1
EPAS1,ZNF581,1
EPAS1,ZNF33A,1
EPAS1,DPCD,1
EPAS1,WARS,1
EPAS1,ARID2,1
EPAS1,KNTC1,1
EPAS1,ASGR1,1
EPAS1,ZFHX3,1
EPAS1,ETV4,1
EPAS1,ZFP64,1
EPAS1,C17ORF75,1
EPAS1,SRSF1,1
EPAS1,NUF2,1
EPAS1,MCM2,1
EPAS1,MCM8,1
EPAS1,APOA1,1
EPAS1,RBM39,1
EPAS1,ABT1,1
EPAS1,NEK2,1
EPAS1,HMMR,1
EPAS1,MT1X,1
EPAS1,ZNF589,1
EPAS1,ZNF160,1
EPAS1,PMS1,1
EPAS1,CSRP2,1
EPAS1,CNOT7,1
EPAS1,MTF2,1
EPAS1,ZNF398,1
EPAS1,ASCC3,1
EPAS1,XPO5,1
EPAS1,SRRM1,1
EPAS1,PWP1,1
EPAS1,HPRT1,1
EPAS1,CPSF3,1
EPAS1,GNPNAT1,1
EPAS1,TK1,1
EZH2,ATF3,1
EZH2,ERBB4,1
EZH2,SOX2,1
EZH2,RFX6,1
EZH2,PAX6,1
EZH2,TMEM150C,1
EZH2,CDX2,1
EZH2,RAMP1,1
EZH2,MYCN,1
EZH2,LIN28A,1
EZH2,GLIS3,1
EZH2,WDR12,1
EZH2,DDAH1,1
EZH2,MAF,1
EZH2,SULF2,1
EZH2,E2F4,1
EZH2,CRABP2,1
EZH2,SALL2,1
EZH2,BMP2,1
EZH2,ICA1,1
EZH2,WFDC2,1
EZH2,SNRPB,1
EZH2,JARID2,1
EZH2,TCF7L1,1
EZH2,GATA6,1
EZH2,TCF4,1
EZH2,BPTF,1
EZH2,RARG,1
EZH2,ACTC1,1
EZH2,SOX4,1
EZH2,BIN1,1
EZH2,JAZF1,1
EZH2,KLF5,1
EZH2,TUBB6,1
EZH2,TRERF1,1
FOSL2,GSN,1
FOSL2,F3,1
FOSL2,AXL,1
FOSL2,ANKRD1,1
FOSL2,CRABP2,1
FOSL2,NFATC2,1
FOSL2,TNFAIP3,1
FOSL2,NEK2,1
FOSL2,ANLN,1
FOSL2,ACADVL,1
FOSL2,DDIT3,1
FOSL2,RAI14,1
FOSL2,CHEK2,1
FOSL2,PRMT5,1
FOSL2,ITIH4,1
FOSL2,TUBB6,1
FOSL2,S100A16,1
FOSL2,CYP3A5,1
FOSL2,SRSF2,1
FOSL2,ZNF227,1
FOSL2,LAMC1,1
FOSL2,TTC39C,1
FOSL2,BZW2,1
FOSL2,ANXA4,1
FOSL2,ILF2,1
FOSL2,ELF1,1
FOSL2,ZNF217,1
FOSL2,MAFF,1
FOSL2,ATG5,1
FOSL2,SLC7A6,1
FOSL2,RBPJ,1
FOSL2,JMJD1C,1
FOSL2,ENO1,1
FOSL2,DEDD,1
FOSL2,VEZF1,1
FOSL2,ANXA3,1
FOSL2,TFE3,1
FOSL2,HMGN4,1
FOSL2,DNPEP,1
FOSL2,ETS1,1
FOSL2,ABT1,1
FOSL2,MXD1,1
FOSL2,NUF2,1
FOSL2,COPS5,1
FOSL2,POLR1D,1
FOSL2,TBL1X,1
FOSL2,PPFIBP2,1
FOSL2,TFF1,1
FOSL2,FOSL1,1
FOSL2,RAB34,1
FOSL2,SP100,1
FOSL2,EWSR1,1
FOSL2,ETV5,1
FOSL2,TP53,1
FOSL2,PSAT1,1
FOSL2,MAP1B,1
FOSL2,GYG1,1
FOSL2,ARG2,1
FOSL2,ZNF589,1
FOSL2,CDK5RAP1,1
FOSL2,AURKA,1
FOSL2,ELL2,1
FOSL2,PRC1,1
FOSL2,MCM4,1
FOSL2,MTF2,1
FOSL2,CMC1,1
FOSL2,NDUFAF5,1
FOSL2,C9ORF72,1
FOSL2,PDZK1,1
FOSL2,RNASE4,1
FOSL2,ANG,1
FOSL2,CAMK2D,1
FOSL2,TDP2,1
FOSL2,TGIF1,1
FOSL2,KIF20B,1
FOSL2,PRAP1,1
FOSL2,ACY1,1
FOSL2,MAZ,1
FOSL2,FOXA1,1
FOSL2,DTWD1,1
FOSL2,GABPB1,1
FOSL2,TFRC,1
FOSL2,MTMR2,1
FOSL2,IRF9,1
FOSL2,FASTKD2,1
FOSL2,HERPUD1,1
FOSL2,NCOA1,1
FOSL2,G6PC3,1
FOSL2,TAF11,1
FOSL2,GTF2H2,1
FOSL2,TSFM,1
FOSL2,PA2G4,1
FOSL2,TCF4,1
FOSL2,BDP1,1
FOSL2,FANCD2,1
FOSL2,ATF3,1
FOSL2,RRM1,1
FOSL2,COPS2,1
FOSL2,ARSE,1
FOSL2,FLRT3,1
FOSL2,ZNRD1,1
FOSL2,GATM,1
FOSL2,SMARCD2,1
FOSL2,CHD8,1
FOSL2,DDX5,1
FOSL2,TF,1
FOSL2,NUP54,1
FOSL2,GNPNAT1,1
FOSL2,GTF2H3,1
FOSL2,RBP4,1
FOSL2,MED4,1
FOSL2,C11ORF1,1
FOSL2,ACOT7,1
FOSL2,SNRPB,1
FOSL2,YARS,1
FOSL2,LMO7,1
FOSL2,CREB3L2,1
FOSL2,TATDN3,1
FOSL2,C17ORF75,1
FOSL2,CKS2,1
FOSL2,HIBCH,1
FOSL2,PCNA,1
FOSL2,JUN,1
FOSL2,IL32,1
FOSL2,EEF1A1,1
FOSL2,DNAJC2,1
FOSL2,NR1H3,1
FOSL2,C11ORF74,1
FOSL2,RBM39,1
FOSL2,PRKCE,1
FOSL2,PARPBP,1
FOSL2,NUP37,1
FOSL2,NUP35,1
FOSL2,BTG2,1
FOSL2,BRIX1,1
FOSL2,NR1I3,1
FOSL2,CENPU,1
FOSL2,ARID3B,1
FOSL2,ADNP,1
FOSL2,SAAL1,1
FOSL2,NIF3L1,1
FOSL2,UQCC1,1
FOSL2,TBPL1,1
FOSL2,CRAT,1
FOSL2,TAF5,1
FOSL2,GPN3,1
FOSL2,C12ORF10,1
FOSL2,PHB2,1
FOSL2,PDLIM7,1
FOSL2,VPS72,1
FOSL2,BPTF,1
FOSL2,APOA2,1
FOSL2,NUDT15,1
FOSL2,NOL10,1
FOSL2,BRCA2,1
FOSL2,UBL7,1
FOSL2,RNF19A,1
FOSL2,CEBPZ,1
FOSL2,DDX20,1
FOSL2,TBX3,1
FOSL2,SRRM1,1
FOSL2,GTF3C2,1
FOSL2,ILF3,1
FOSL2,BTG1,1
FOSL2,KAT7,1
FOSL2,ACADSB,1
FOSL2,ZSCAN21,1
FOSL2,TEX10,1
FOSL2,TK1,1
FOSL2,MATR3,1
FOSL2,DAB2,1
FOSL2,NIP7,1
FOSL2,SGK1,1
FOSL2,HNRNPD,1
FOSL2,MGST2,1
FOSL2,SUPV3L1,1
FOSL2,NAA15,1
FOSL2,FAM13A,1
FOSL2,KNTC1,1
FOSL2,AMZ2,1
FOSL2,POLR1B,1
FOSL2,ETV4,1
FOSL2,HNRNPR,1
FOSL2,BRIP1,1
FOSL2,BSCL2,1
FOSL2,ANP32E,1
FOSL2,SSRP1,1
FOSL2,BBS9,1
FOSL2,MTTP,1
FOSL2,DCAF13,1
FOSL2,MST1,1
FOSL2,ZNF770,1
FOSL2,RFXANK,1
FOSL2,DPCD,1
FOSL2,ING1,1
FOSL2,POLR2K,1
FOSL2,FGA,1
FOSL2,ASXL1,1
FOSL2,ECD,1
FOSL2,TRIM28,1
FOSL2,F2,1
FOSL2,DPH6,1
FOSL2,WDR43,1
FOSL2,NOP16,1
FOSL2,JUND,1
FOSL2,APEX1,1
FOSL2,AFF4,1
FOSL2,ECT2,1
FOSL2,ORC4,1
FOSL2,MRPL1,1
FOSL2,RUVBL1,1
FOSL2,THOC1,1
FOSL2,MT1X,1
FOSL2,DGAT1,1
FOSL2,ZRANB2,1
FOSL2,HIST1H1C,1
FOSL2,NEDD1,1
FOSL2,SMARCC1,1
FOSL2,RUVBL2,1
FOSL2,EIF5B,1
FOSL2,SIL1,1
FOSL2,GMNN,1
FOSL2,AHSG,1
FOSL2,BRCA1,1
FOSL2,AEBP2,1
FOSL2,RRM2,1
FOSL2,APOB,1
FOSL2,DSN1,1
FOSL2,ATIC,1
FOSL2,CSDE1,1
FOSL2,POLR2I,1
FOSL2,CENPN,1
FOSL2,DCTPP1,1
FOSL2,ASNSD1,1
FOSL2,PAK1IP1,1
FOSL2,AATF,1
FOSL2,ZNF398,1
FOSL2,C19ORF48,1
FOSL2,GALM,1
FOSL2,SRSF1,1
FOSL2,CEP70,1
FOSL2,RSU1,1
FOSL2,HAT1,1
FOSL2,POLR3D,1
FOSL2,CACYBP,1
FOSL2,HNRNPUL1,1
FOSL2,CBX3,1
FOSL2,HMGCL,1
FOSL2,EFNA1,1
FOSL2,ZNF143,1
FOSL2,KPNA2,1
FOSL2,HNRNPK,1
FOSL2,SNRPD1,1
FOSL2,BUB1B,1
FOSL2,CXXC1,1
FOSL2,SP4,1
FOSL2,DCLRE1C,1
FOSL2,SUB1,1
FOSL2,BIRC5,1
FOSL2,GTF3C5,1
FOSL2,WARS,1
FOSL2,EEF1E1,1
FOSL2,DR1,1
FOSL2,ACTC1,1
FOSL2,CUEDC2,1
FOSL2,CDK4,1
FOSL2,VRK1,1
FOSL2,QPCT,1
FOSL2,PEMT,1
FOSL2,SDAD1,1
FOSL2,MED20,1
FOSL2,HIF1AN,1
FOSL2,HGD,1
FOSL2,BLM,1
FOSL2,MIS18BP1,1
FOSL2,HNF4A,1
FOSL2,TAF9B,1
FOSL2,RBBP4,1
FOSL2,MTHFD2,1
FOSL2,WDHD1,1
FOSL2,TIMM9,1
FOSL2,B4GALT3,1
FOSL2,PSMG1,1
FOSL2,RNPS1,1
FOSL2,SKIL,1
FOSL2,THAP1,1
FOSL2,POLB,1
FOSL2,COQ3,1
FOSL2,SIRT2,1
FOSL2,CDCA3,1
FOSL2,PIGH,1
FOSL2,PPIL1,1
FOSL2,HMGN1,1
FOSL2,STX8,1
FOSL2,ZNF561,1
FOSL2,ZNF670,1
FOSL2,TIPIN,1
FOSL2,UBE2T,1
FOSL2,TPD52L1,1
FOSL2,CUTC,1
FOSL2,EFTUD2,1
FOSL2,DRAP1,1
FOSL2,ING3,1
FOSL2,SSB,1
FOSL2,BCS1L,1
FOSL2,WDR12,1
FOSL2,CENPK,1
FOSL2,TBRG4,1
FOSL2,SUPT16H,1
FOSL2,SRSF3,1
FOSL2,IMP4,1
FOSL2,FOXP1,1
FOSL2,DDIT4,1
FOSL2,ATL2,1
FOSL2,C1GALT1,1
FOSL2,TMEM69,1
FOSL2,ATG4C,1
FOSL2,HDAC1,1
FOSL2,HCFC1,1
FOSL2,FANCL,1
FOSL2,IQCB1,1
FOSL2,HMGB2,1
FOSL2,NME2,1
FOSL2,HSD17B11,1
FOSL2,ASCC3,1
FOSL2,ZNF232,1
FOSL2,THRAP3,1
FOSL2,PHF5A,1
FOSL2,GMPR2,1
FOSL2,XPO5,1
FOSL2,PDCD11,1
FOSL2,PIM2,1
FOSL2,MRPS27,1
FOSL2,SERPIND1,1
FOSL2,SIRT1,1
FOSL2,CDKN3,1
FOSL2,PAPOLA,1
FOSL2,MYBBP1A,1
FOSL2,DEPDC7,1
FOSL2,ZNF397,1
FOSL2,ZNF146,1
FOSL2,KIF23,1
FOSL2,DNASE1,1
FOSL2,KLHL7,1
FOSL2,ZNF581,1
FOSL2,AGT,1
FOSL2,ZNHIT3,1
FOSL2,MORN2,1
FOSL2,PIH1D1,1
FOSL2,EXOSC9,1
FOSL2,USP7,1
FOSL2,PLK1,1
FOSL2,ICE2,1
FOSL2,MCM3,1
FOSL2,ID2,1
FOSL2,MCM2,1
FOSL2,TCERG1,1
FOSL2,NVL,1
FOSL2,ZNF354A,1
FOSL2,ING5,1
FOSL2,ACOX2,1
FOSL2,ZNF160,1
FOSL2,EYA3,1
FOSL2,LAPTM4B,1
FOSL2,TAF1A,1
FOSL2,UGP2,1
FOSL2,NUP85,1
FOSL2,FUBP1,1
FOSL2,VTN,1
FOSL2,RFC2,1
FOSL2,UBE2C,1
FOSL2,MSH2,1
FOSL2,KIFAP3,1
FOSL2,FABP1,1
FOSL2,GTF2F2,1
FOSL2,SLC38A2,1
FOSL2,ZDHHC4,1
FOSL2,CNTRL,1
FOSL2,LEAP2,1
FOSL2,RFC4,1
FOSL2,EXOSC3,1
FOSL2,E2F4,1
FOSL2,TGIF2,1
FOSL2,KIF22,1
FOSL2,HIST1H1E,1
FOSL2,G2E3,1
FOSL2,MPHOSPH9,1
FOSL2,FBL,1
FOSL2,F10,1
FOSL2,TPX2,1
FOSL2,GEMIN8,1
FOSL2,XRCC5,1
FOSL2,RBMX,1
FOSL2,RFC1,1
FOSL2,AIMP2,1
FOSL2,CRYZL1,1
FOSL2,FANCI,1
FOSL2,ASPH,1
FOSL2,PLAGL2,1
FOSL2,MEST,1
FOSL2,CNBP,1
FOSL2,TMEM37,1
FOSL2,SERTAD3,1
FOSL2,ARID2,1
FOSL2,GATAD2B,1
FOSL2,OAZ2,1
FOSL2,NUSAP1,1
FOSL2,NUP93,1
FOSL2,SMARCA5,1
FOSL2,FOSB,1
FOSL2,WBP11,1
FOSL2,ESPL1,1
FOSL2,ZNF300,1
FOSL2,GEMIN2,1
FOSL2,DPH5,1
FOSL2,CENPE,1
FOSL2,ASNS,1
FOSL2,HPN,1
FOSL2,TOPORS,1
FOSL2,PMS1,1
FOSL2,TTR,1
FOSL2,NCOA6,1
FOSL2,MCM8,1
FOSL2,NUDT1,1
FOSL2,CETN3,1
FOSL2,POP5,1
FOSL2,EPAS1,1
FOSL2,TMEM120A,1
FOSL2,NDUFAF4,1
FOSL2,PDGFA,1
FOSL2,BUB1,1
FOSL2,JARID2,1
FOSL2,RAD51,1
FOSL2,PPP1R7,1
FOSL2,DNMT3A,1
FOSL2,ZNF91,1
FOSL2,ZNF33A,1
FOSL2,IL6ST,1
FOSL2,ALG8,1
FOSL2,ZNF675,1
FOSL2,TCFL5,1
FOSL2,POLR1E,1
FOSL2,FMO5,1
FOSL2,CDKN1A,1
FOSL2,DECR1,1
FOSL2,APOA1,1
FOSL2,FOXA2,1
FOSL2,PYGL,1
FOSL2,HMGN2,1
FOSL2,SRSF10,1
FOSL2,PDGFRA,1
FOSL2,PUS7L,1
FOSL2,AMBP,1
FOSL2,AASS,1
FOSL2,CREB3L3,1
FOSL2,POLR2D,1
FOSL2,DDC,1
FOSL2,XRCC6,1
FOSL2,CCND1,1
FOSL2,FUCA1,1
FOSL2,ZFYVE21,1
FOSL2,RAMP1,1
FOSL2,MED30,1
FOSL2,ZFP64,1
FOSL2,ZFHX3,1
FOSL2,EPHX2,1
FOSL2,NPM1,1
FOSL2,GALK1,1
FOSL2,DEK,1
FOSL2,MPC1,1
FOSL2,ZNF638,1
FOSL2,THAP11,1
FOSL2,TAF7,1
FOSL2,DNMT1,1
FOSL2,AHR,1
FOSL2,H1F0,1
FOSL2,POLR2B,1
FOSL2,HNRNPAB,1
FOSL2,GATA4,1
FOSL2,SKA3,1
FOSL2,ACTL6A,1
FOSL2,PRIM1,1
FOSL2,FGG,1
FOSL2,ASGR1,1
FOSL2,APOC3,1
FOSL2,GGCT,1
FOSL2,NUP88,1
FOSL2,MAD2L1,1
FOSL2,HNRNPH2,1
FOSL2,TAF1B,1
FOSL2,FOXM1,1
FOSL2,POLR1C,1
FOSL2,CNOT7,1
FOSL2,MCM7,1
FOSL2,RNASEH2A,1
FOSL2,F2RL1,1
FOSL2,TOP2B,1
FOSL2,U2AF1,1
FOSL2,ANAPC4,1
FOSL2,MED14,1
FOSL2,ZNF101,1
FOSL2,TRIM25,1
FOSL2,COMMD3,1
FOSL2,NFYB,1
FOSL2,JAG1,1
FOSL2,DAXX,1
FOSL2,CREB1,1
FOSL2,NCAPG,1
FOSL2,EBNA1BP2,1
FOSL2,SNAPC1,1
FOSL2,ZFP36,1
FOSL2,WDYHV1,1
FOSL2,TRIM27,1
FOSL2,HP,1
FOSL2,APOC2,1
FOSL2,CEBPA,1
FOSL2,LCMT1,1
FOSL2,TRIP13,1
FOSL2,SLC35D2,1
FOSL2,LITAF,1
FOSL2,ZNF202,1
FOSL2,PPT1,1
FOSL2,MLXIPL,1
FOSL2,TOP2A,1
FOSL2,CHEK1,1
FOSL2,SMOX,1
FOSL2,SMC4,1
FOSL2,SRF,1
FOSL2,BMPR1A,1
FOSL2,GMPS,1
FOSL2,BST2,1
FOXA1,DNPEP,1
FOXA1,ECT2,1
FOXA1,ANP32E,1
FOXA1,ETV5,1
FOXA1,TBL1X,1
FOXA1,PIH1D1,1
FOXA1,NR2F2,1
FOXA1,BTG1,1
FOXA1,TGIF1,1
FOXA1,ITGB5,1
FOXA1,TBX3,1
FOXA1,MCM7,1
FOXA1,PAX6,1
FOXA1,UGT2B11,1
FOXA1,DECR1,1
FOXA1,ZWILCH,1
FOXA1,CDCA7L,1
FOXA1,MSH2,1
FOXA1,HERPUD1,1
FOXA1,COMMD3,1
FOXA1,HGD,1
FOXA1,RNF19A,1
FOXA1,MAZ,1
FOXA1,EFNA1,1
FOXA1,TFF1,1
FOXA1,UBL7,1
FOXA1,HTATSF1,1
FOXA1,DEK,1
FOXA1,FOXP1,1
FOXA1,FAM13A,1
FOXA1,GATA6,1
FOXA1,HMGB2,1
FOXA1,NFIB,1
FOXA1,ING3,1
FOXA1,ABT1,1
FOXA1,TIMM9,1
FOXA1,ASNSD1,1
FOXA1,DPAGT1,1
FOXA1,KLF5,1
FOXA1,CREB3L4,1
FOXA1,AURKB,1
FOXA1,GTF3C2,1
FOXA1,G2E3,1
FOXA1,PMAIP1,1
FOXA1,RHOBTB3,1
FOXA1,NEDD1,1
FOXA1,ANG,1
FOXA1,RNASE4,1
FOXA1,YAF2,1
FOXA1,PPFIBP2,1
FOXA1,NR1H3,1
FOXA1,CSDE1,1
FOXA1,ANKRD1,1
FOXA1,TMEM177,1
FOXA1,MCM4,1
FOXA1,DGAT1,1
FOXA1,MPHOSPH9,1
FOXA1,F2,1
FOXA1,TFDP2,1
FOXA1,FOXA2,1
FOXA1,NUPR1,1
FOXA1,IQGAP2,1
FOXA1,BUB1B,1
FOXA1,NFATC2,1
FOXA1,ALB,1
FOXA1,HPN,1
FOXA1,MTUS1,1
FOXA1,BRIP1,1
FOXA1,TTR,1
FOXA1,MCM6,1
FOXA1,ASPH,1
FOXA1,SLC38A2,1
FOXA1,MED30,1
FOXA1,SLC7A6,1
FOXA1,IL6ST,1
FOXA1,CNBP,1
FOXA1,VEZF1,1
FOXA1,ZNF397,1
FOXA1,POLR2I,1
FOXA1,SMAD2,1
FOXA1,KPNA2,1
FOXA1,TTF2,1
FOXA1,TSFM,1
FOXA1,ILF3,1
FOXA1,ASCC3,1
FOXA1,SKIL,1
FOXA1,BBS9,1
FOXA1,S100A16,1
FOXA1,PDZK1,1
FOXA1,FMO5,1
FOXA1,JMJD1C,1
FOXA1,DLGAP5,1
FOXA1,ATF3,1
FOXA1,ACOT7,1
FOXA1,FXR1,1
FOXA1,POLR1C,1
FOXA1,SRF,1
FOXA1,TPD52L1,1
FOXA1,NFKBIZ,1
FOXA1,RAD51AP1,1
FOXA1,RFX5,1
FOXA1,RAI14,1
FOXA1,YEATS4,1
FOXA1,JUND,1
FOXA1,NIF3L1,1
FOXA1,SRSF3,1
FOXA1,SUPT16H,1
FOXA1,TTC39C,1
FOXA1,ETV4,1
FOXA1,CREB3L2,1
FOXA1,PSIP1,1
FOXA1,NODAL,1
FOXA1,MRPL1,1
FOXA1,LMO7,1
FOXA1,CENPU,1
FOXA1,CENPF,1
FOXA1,FOSB,1
FOXA1,E2F3,1
FOXA1,PAFAH1B3,1
FOXA1,RBPJ,1
FOXA1,TK1,1
FOXA1,NUP35,1
FOXA1,NUF2,1
FOXA1,CEP70,1
FOXA1,CKAP2,1
FOXA1,MAFF,1
FOXA1,WBP11,1
FOXA1,HAUS1,1
FOXA1,HMGN3,1
FOXA1,QPCT,1
FOXA1,UTP18,1
FOXA1,PPIL1,1
FOXA1,ACOX2,1
FOXA1,HNRNPUL1,1
FOXA1,AEBP2,1
FOXA1,F2RL1,1
FOXA1,DTWD1,1
FOXA1,CUTC,1
FOXA1,MGST2,1
FOXA1,NCAPG,1
FOXA1,PMS1,1
FOXA1,THRB,1
FOXA1,RBP4,1
FOXA1,MYC,1
FOXA1,PHF5A,1
FOXA1,MIS18BP1,1
FOXA1,JARID2,1
FOXA1,DDX5,1
FOXA1,INMT,1
FOXA1,VPS72,1
FOXA1,ZNF770,1
FOXA1,SUPV3L1,1
FOXA1,ZNF567,1
FOXA1,HSD17B11,1
FOXA1,COPS5,1
FOXA1,PIM2,1
FOXA1,CACYBP,1
FOXA1,TF,1
FOXA1,RBM39,1
FOXA1,TCF25,1
FOXA1,BPTF,1
FOXA1,MTF2,1
FOXA1,DAB2,1
FOXA1,NDUFAF5,1
FOXA1,BZW2,1
FOXA1,CHAF1A,1
FOXA1,PEMT,1
FOXA1,SMARCD2,1
FOXA1,THYN1,1
FOXA1,TOP2B,1
FOXA1,HMGN4,1
FOXA1,APEX1,1
FOXA1,THAP1,1
FOXA1,AXL,1
FOXA1,C11ORF74,1
FOXA1,KNTC1,1
FOXA1,AASS,1
FOXA1,BTF3,1
FOXA1,RUVBL2,1
FOXA1,TBPL1,1
FOXA1,SGK1,1
FOXA1,PLK1,1
FOXA1,GSN,1
FOXA1,EEF1E1,1
FOXA1,TRIM27,1
FOXA1,PYGL,1
FOXA1,HMGCS2,1
FOXA1,AHSG,1
FOXA1,ORC4,1
FOXA1,ILF2,1
FOXA1,FGA,1
FOXA1,FABP1,1
FOXA1,TIPIN,1
FOXA1,HNRNPD,1
FOXA1,DDX54,1
FOXA1,FOXM1,1
FOXA1,VTN,1
FOXA1,PWP1,1
FOXA1,TM4SF4,1
FOXA1,CDK5RAP1,1
FOXA1,FANCD2,1
FOXA1,KIF20B,1
FOXA1,EEF1A1,1
FOXA1,DCLRE1C,1
FOXA1,SNAPC1,1
FOXA1,ZNF670,1
FOXA1,BDP1,1
FOXA1,TFRC,1
FOXA1,AURKA,1
FOXA1,TP53,1
FOXA1,FOXO1,1
FOXA1,THRAP3,1
FOXA1,TPX2,1
FOXA1,GATAD2B,1
FOXA1,PRKCE,1
FOXA1,SIRT2,1
FOXA1,NUP88,1
FOXA1,WDR74,1
FOXA1,SERPIND1,1
FOXA1,HPX,1
FOXA1,ICE2,1
FOXA1,ALG8,1
FOXA1,PA2G4,1
FOXA1,ATIC,1
FOXA1,ZNF143,1
FOXA1,TERF1,1
FOXA1,SERTAD3,1
FOXA1,G6PC3,1
FOXA1,GTF2H2,1
FOXA1,DNAH14,1
FOXA1,CDCA3,1
FOXA1,TATDN3,1
FOXA1,TAF1B,1
FOXA1,KAT7,1
FOXA1,KNG1,1
FOXA1,GALM,1
FOXA1,ING5,1
FOXA1,CEBPZ,1
FOXA1,SP100,1
FOXA1,HNRNPK,1
FOXA1,XRCC5,1
FOXA1,DRAP1,1
FOXA1,AMZ2,1
FOXA1,GTF2H3,1
FOXA1,SHMT2,1
FOXA1,SRSF2,1
FOXA1,NEK2,1
FOXA1,FANCI,1
FOXA1,MCM3,1
FOXA1,SPINK1,1
FOXA1,GEMIN2,1
FOXA1,GMPR2,1
FOXA1,FANCL,1
FOXA1,PCNA,1
FOXA1,RBBP4,1
FOXA1,NCOA6,1
FOXA1,ZNF644,1
FOXA1,NOP16,1
FOXA1,GNPNAT1,1
FOXA1,DCTPP1,1
FOXA1,RAD51,1
FOXA1,DNMT3B,1
FOXA1,NVL,1
FOXA1,NIP7,1
FOXA1,CREG1,1
FOXA1,EFTUD2,1
FOXA1,ATG4C,1
FOXA1,SP4,1
FOXA1,RAB28,1
FOXA1,DSN1,1
FOXA1,UGP2,1
FOXA1,NUP54,1
FOXA1,AFF4,1
FOXA1,ACTL6A,1
FOXA1,RRM1,1
FOXA1,SIRT1,1
FOXA1,HAT1,1
FOXA1,KIF22,1
FOXA1,WDR43,1
FOXA1,E2F4,1
FOXA1,MAF,1
FOXA1,APOA1,1
FOXA1,MMS22L,1
FOXA1,HNF4A,1
FOXA1,POLR2D,1
FOXA1,RFC4,1
FOXA1,MEP1A,1
FOXA1,FOSL2,1
FOXA1,NUP93,1
FOXA1,SMARCA5,1
FOXA1,TAF11,1
FOXA1,CENPK,1
FOXA1,MTERF3,1
FOXA1,CNTRL,1
FOXA1,ZNF354A,1
FOXA1,TDP2,1
FOXA1,ING1,1
FOXA1,SOX2,1
FOXA1,EED,1
FOXA1,APOA2,1
FOXA1,SNRPB,1
FOXA1,PARPBP,1
FOXA1,NUP37,1
FOXA1,KIFAP3,1
FOXA1,APOB,1
FOXA1,DEDD,1
FOXA1,ZNRD1,1
FOXA1,ASNS,1
FOXA1,C11ORF1,1
FOXA1,TAF1A,1
FOXA1,POLR2K,1
FOXA1,EIF5B,1
FOXA1,NR5A2,1
FOXA1,MXD1,1
FOXA1,PRMT5,1
FOXA1,DDX20,1
FOXA1,CXXC1,1
FOXA1,HMGA2,1
FOXA1,PLAGL2,1
FOXA1,UCP2,1
FOXA1,TEX10,1
FOXA1,BIRC5,1
FOXA1,DCAF13,1
FOXA1,VCAN,1
FOXA1,KLHL7,1
FOXA1,COPS2,1
FOXA1,ZFP64,1
FOXA1,CHEK2,1
FOXA1,MAPK1,1
FOXA1,SDAD1,1
FOXA1,WDR12,1
FOXA1,XPO5,1
FOXA1,LEAP2,1
FOXA1,ELF1,1
FOXA1,RFC1,1
FOXA1,IRF3,1
FOXA1,SLC7A7,1
FOXA1,IFITM2,1
FOXA1,IRF1,1
FOXA1,THOC1,1
FOXA1,IMP4,1
FOXA1,ZNF146,1
FOXA1,RSU1,1
FOXA1,GGCT,1
FOXA1,HMGN2,1
FOXA1,ARSE,1
FOXA1,UQCC1,1
FOXA1,CTDSPL,1
FOXA1,HP,1
FOXA1,BRCA1,1
FOXA1,MED20,1
FOXA1,C17ORF75,1
FOXA1,POLR1B,1
FOXA1,CCND1,1
FOXA1,SAAL1,1
FOXA1,ECD,1
FOXA1,IRF9,1
FOXA1,CCNB2,1
FOXA1,ACADSB,1
FOXA1,DOT1L,1
FOXA1,CENPN,1
FOXA1,MRPS27,1
FOXA1,PHB2,1
FOXA1,HDAC1,1
FOXA1,ASXL1,1
FOXA1,ATL2,1
FOXA1,FASTKD2,1
FOXA1,YARS,1
FOXA1,DNMT1,1
FOXA1,CENPE,1
FOXA1,DNAJC2,1
FOXA1,ZNF74,1
FOXA1,HIBCH,1
FOXA1,FAM114A1,1
FOXA1,CDKN1A,1
FOXA1,CDC20,1
FOXA1,ASGR1,1
FOXA1,ZNF398,1
FOXA1,AMBP,1
FOXA1,ZNF300,1
FOXA1,PLA2G12B,1
FOXA1,PAK1IP1,1
FOXA1,KIF23,1
FOXA1,CDK4,1
FOXA1,ZNF766,1
FOXA1,PUS7L,1
FOXA1,CHD8,1
FOXA1,TMEM150C,1
FOXA1,LCMT1,1
FOXA1,FUBP1,1
FOXA1,HIF1AN,1
FOXA1,TARDBP,1
FOXA1,GYG1,1
FOXA1,ANXA4,1
FOXA1,PDCD11,1
FOXA1,DDC,1
FOXA1,ZNF217,1
FOXA1,RUVBL1,1
FOXA1,ESPL1,1
FOXA1,MTHFD2,1
FOXA1,MST1,1
FOXA1,TCFL5,1
FOXA1,PIGH,1
FOXA1,ZRANB2,1
FOXA1,CAPG,1
FOXA1,MCM8,1
FOXA1,CETN3,1
FOXA1,NDUFAF4,1
FOXA1,EYA3,1
FOXA1,COQ3,1
FOXA1,C1GALT1,1
FOXA1,NOL10,1
FOXA1,POLR2L,1
FOXA1,CEBPA,1
FOXA1,BMPR1A,1
FOXA1,TMEM69,1
FOXA1,TNFAIP3,1
FOXA1,AGT,1
FOXA1,EWSR1,1
FOXA1,MT1X,1
FOXA1,ECHDC2,1
FOXA1,C12ORF10,1
FOXA1,CTSE,1
FOXA1,HMGCL,1
FOXA1,B4GALT3,1
FOXA1,ZNF101,1
FOXA1,HIST1H1C,1
FOXA1,DNMT3A,1
FOXA1,TRERF1,1
FOXA1,ZNF638,1
FOXA1,GTF2E1,1
FOXA1,GATA4,1
FOXA1,HIST1H1E,1
FOXA1,MORN2,1
FOXA1,CAMK2D,1
FOXA1,ACY1,1
FOXA1,CTPS1,1
FOXA1,FGG,1
FOXA1,ENO1,1
FOXA1,F10,1
FOXA1,MYCN,1
FOXA1,SULT1A2,1
FOXA1,APOC3,1
FOXA1,IFITM3,1
FOXA1,CNOT10,1
FOXA1,NR1I3,1
FOXA1,TGIF2,1
FOXA1,APOC1,1
FOXA1,IL32,1
FOXA1,AFP,1
FOXA1,PEG3,1
FOXA1,APOC2,1
FOXA2,ECT2,1
FOXA2,ETV5,1
FOXA2,DNPEP,1
FOXA2,MSH2,1
FOXA2,MCM7,1
FOXA2,TBL1X,1
FOXA2,ITGB5,1
FOXA2,TBX3,1
FOXA2,PAX6,1
FOXA2,KLF5,1
FOXA2,PIH1D1,1
FOXA2,BTG1,1
FOXA2,HERPUD1,1
FOXA2,TGIF1,1
FOXA2,DEK,1
FOXA2,AXL,1
FOXA2,GATA6,1
FOXA2,EFNA1,1
FOXA2,ANKRD1,1
FOXA2,MAZ,1
FOXA2,FAM13A,1
FOXA2,HMGB2,1
FOXA2,MCM6,1
FOXA2,UBL7,1
FOXA2,ABT1,1
FOXA2,G2E3,1
FOXA2,NEDD1,1
FOXA2,COMMD3,1
FOXA2,FOXP1,1
FOXA2,ANP32E,1
FOXA2,ASNSD1,1
FOXA2,GTF3C2,1
FOXA2,ZWILCH,1
FOXA2,TCF4,1
FOXA2,VEZF1,1
FOXA2,RHOBTB3,1
FOXA2,HNF4A,1
FOXA2,MPHOSPH9,1
FOXA2,SRF,1
FOXA2,F2,1
FOXA2,YAF2,1
FOXA2,AURKB,1
FOXA2,MGST2,1
FOXA2,SLC7A6,1
FOXA2,HTATSF1,1
FOXA2,NODAL,1
FOXA2,DGAT1,1
FOXA2,MCM4,1
FOXA2,TFDP2,1
FOXA2,MED30,1
FOXA2,HGD,1
FOXA2,APOB,1
FOXA2,SLC38A2,1
FOXA2,ING3,1
FOXA2,POLR1C,1
FOXA2,CREB3L4,1
FOXA2,APOA1,1
FOXA2,SLC35D2,1
FOXA2,POLR2I,1
FOXA2,CDCA7L,1
FOXA2,NR1H3,1
FOXA2,VTN,1
FOXA2,MTUS1,1
FOXA2,DECR1,1
FOXA2,PBX1,1
FOXA2,SMAD2,1
FOXA2,NR2F2,1
FOXA2,SAAL1,1
FOXA2,TIMM9,1
FOXA2,PMAIP1,1
FOXA2,CNBP,1
FOXA2,FGA,1
FOXA2,ZNF397,1
FOXA2,QPCT,1
FOXA2,NFATC2,1
FOXA2,JARID2,1
FOXA2,RAD51AP1,1
FOXA2,CSDE1,1
FOXA2,CENPU,1
FOXA2,JMJD1C,1
FOXA2,RNASE4,1
FOXA2,ANG,1
FOXA2,ASCC3,1
FOXA2,ACOT7,1
FOXA2,LMO7,1
FOXA2,MTF2,1
FOXA2,BBS9,1
FOXA2,FXR1,1
FOXA2,FABP1,1
FOXA2,WBP11,1
FOXA2,SRSF3,1
FOXA2,TK1,1
FOXA2,TCF25,1
FOXA2,SMAD3,1
FOXA2,UTP18,1
FOXA2,COMMD10,1
FOXA2,HSD17B11,1
FOXA2,BTF3,1
FOXA2,CEP70,1
FOXA2,CREB3L2,1
FOXA2,CHAF1A,1
FOXA2,DERA,1
FOXA2,DTWD1,1
FOXA2,TOP2B,1
FOXA2,TTC39C,1
FOXA2,UGT2B11,1
FOXA2,FOXM1,1
FOXA2,ILF3,1
FOXA2,DDX5,1
FOXA2,KPNA2,1
FOXA2,THAP1,1
FOXA2,HDGF,1
FOXA2,NDUFAF5,1
FOXA2,BZW2,1
FOXA2,HPN,1
FOXA2,ZNF770,1
FOXA2,ACOX2,1
FOXA2,AASS,1
FOXA2,TF,1
FOXA2,FOXA1,1
FOXA2,UGP2,1
FOXA2,IL6ST,1
FOXA2,HNRNPUL1,1
FOXA2,FOSB,1
FOXA2,ZNF567,1
FOXA2,NCOA6,1
FOXA2,F2RL1,1
FOXA2,SUPT16H,1
FOXA2,PSIP1,1
FOXA2,HNRNPK,1
FOXA2,DCAF13,1
FOXA2,HMGN3,1
FOXA2,DAB2,1
FOXA2,ZNF644,1
FOXA2,NR5A2,1
FOXA2,BRIP1,1
FOXA2,TFF1,1
FOXA2,NFKBIZ,1
FOXA2,NUF2,1
FOXA2,GSN,1
FOXA2,PPFIBP2,1
FOXA2,DDX54,1
FOXA2,BUB1B,1
FOXA2,NIF3L1,1
FOXA2,HPX,1
FOXA2,TRIM59,1
FOXA2,MIS18BP1,1
FOXA2,RBM39,1
FOXA2,NUPR1,1
FOXA2,ZNF143,1
FOXA2,NCAPG,1
FOXA2,ZFP64,1
FOXA2,RBPJ,1
FOXA2,SRSF2,1
FOXA2,MAFF,1
FOXA2,PMS1,1
FOXA2,ADNP,1
FOXA2,PEMT,1
FOXA2,EEF1A1,1
FOXA2,DPAGT1,1
FOXA2,SCAPER,1
FOXA2,MXD1,1
FOXA2,SUPV3L1,1
FOXA2,SSBP2,1
FOXA2,TSFM,1
FOXA2,PWP1,1
FOXA2,TATDN3,1
FOXA2,RNF19A,1
FOXA2,MRPL1,1
FOXA2,LRR1,1
FOXA2,FMO5,1
FOXA2,AHSG,1
FOXA2,CDK5RAP1,1
FOXA2,APOA2,1
FOXA2,PPIL1,1
FOXA2,ZNF561,1
FOXA2,ERCC8,1
FOXA2,CDCA3,1
FOXA2,HMGN4,1
FOXA2,ORC4,1
FOXA2,PRMT5,1
FOXA2,YEATS4,1
FOXA2,DUT,1
FOXA2,ZNF670,1
FOXA2,RBBP4,1
FOXA2,BDP1,1
FOXA2,TP53,1
FOXA2,NUDT15,1
FOXA2,ICE2,1
FOXA2,CACYBP,1
FOXA2,CUTC,1
FOXA2,CKAP2,1
FOXA2,CEBPZ,1
FOXA2,RBP4,1
FOXA2,AEBP2,1
FOXA2,KIF20B,1
FOXA2,FANCD2,1
FOXA2,ZNF227,1
FOXA2,ZNF638,1
FOXA2,GABPB1,1
FOXA2,PIM2,1
FOXA2,COPS5,1
FOXA2,ACADSB,1
FOXA2,AURKA,1
FOXA2,ACTL6A,1
FOXA2,KNG1,1
FOXA2,EIF5B,1
FOXA2,ETV1,1
FOXA2,POU2F1,1
FOXA2,FANCL,1
FOXA2,HNRNPD,1
FOXA2,ETV4,1
FOXA2,ATL2,1
FOXA2,NUP54,1
FOXA2,DDIT4,1
FOXA2,RFX5,1
FOXA2,RAD54B,1
FOXA2,VPS72,1
FOXA2,ASGR1,1
FOXA2,WDR43,1
FOXA2,JUN,1
FOXA2,VCAN,1
FOXA2,KAT7,1
FOXA2,FLRT3,1
FOXA2,TAF1B,1
FOXA2,DLGAP5,1
FOXA2,EFTUD2,1
FOXA2,PHF5A,1
FOXA2,TTF2,1
FOXA2,KNTC1,1
FOXA2,ATF3,1
FOXA2,AHR,1
FOXA2,THRB,1
FOXA2,RFC1,1
FOXA2,MEP1A,1
FOXA2,NUP88,1
FOXA2,POLR3D,1
FOXA2,SGK1,1
FOXA2,HAUS1,1
FOXA2,PCNA,1
FOXA2,MTMR2,1
FOXA2,ASPH,1
FOXA2,PARPBP,1
FOXA2,NUP37,1
FOXA2,SNRPB,1
FOXA2,TERF1,1
FOXA2,ATG5,1
FOXA2,TBPL1,1
FOXA2,PDZK1,1
FOXA2,POLR1D,1
FOXA2,HIST1H1C,1
FOXA2,ATG4C,1
FOXA2,AATF,1
FOXA2,PON2,1
FOXA2,GATA4,1
FOXA2,CENPK,1
FOXA2,PYGL,1
FOXA2,SERPIND1,1
FOXA2,SMARCC1,1
FOXA2,CMC1,1
FOXA2,ANXA4,1
FOXA2,SKIL,1
FOXA2,WDHD1,1
FOXA2,AIMP2,1
FOXA2,IQGAP2,1
FOXA2,SRSF1,1
FOXA2,CHD8,1
FOXA2,AMZ2,1
FOXA2,ZNF766,1
FOXA2,NOP16,1
FOXA2,TEX10,1
FOXA2,DDX20,1
FOXA2,SIRT1,1
FOXA2,TBRG4,1
FOXA2,ECD,1
FOXA2,CNOT7,1
FOXA2,TIPIN,1
FOXA2,SIRT2,1
FOXA2,EED,1
FOXA2,ANXA3,1
FOXA2,E2F7,1
FOXA2,SMARCD2,1
FOXA2,KLHL7,1
FOXA2,RUVBL2,1
FOXA2,CBX3,1
FOXA2,MAD2L1,1
FOXA2,GMPS,1
FOXA2,EXOSC3,1
FOXA2,DEDD,1
FOXA2,MLF1,1
FOXA2,CHEK2,1
FOXA2,NUP93,1
FOXA2,AFF4,1
FOXA2,CTSC,1
FOXA2,HP,1
FOXA2,GTF2H2,1
FOXA2,WDR12,1
FOXA2,RAB28,1
FOXA2,COPS2,1
FOXA2,PRKCE,1
FOXA2,ZNHIT3,1
FOXA2,CHEK1,1
FOXA2,CTDSPL,1
FOXA2,RRM1,1
FOXA2,MTHFD2,1
FOXA2,ING1,1
FOXA2,MED20,1
FOXA2,ANLN,1
FOXA2,PRC1,1
FOXA2,C11ORF74,1
FOXA2,RAD51,1
FOXA2,U2AF1,1
FOXA2,TTR,1
FOXA2,TPD52L1,1
FOXA2,TDP2,1
FOXA2,PSMG1,1
FOXA2,SMARCA5,1
FOXA2,TAF7,1
FOXA2,E2F3,1
FOXA2,ZNF160,1
FOXA2,HMGN2,1
FOXA2,ASXL1,1
FOXA2,CCDC82,1
FOXA2,NDUFAF4,1
FOXA2,TRERF1,1
FOXA2,HMGA2,1
FOXA2,FOXO1,1
FOXA2,C11ORF1,1
FOXA2,RAI14,1
FOXA2,JUND,1
FOXA2,SMARCE1,1
FOXA2,HCFC1,1
FOXA2,ICA1,1
FOXA2,IVNS1ABP,1
FOXA2,XRCC5,1
FOXA2,THYN1,1
FOXA2,DR1,1
FOXA2,GALM,1
FOXA2,MMS22L,1
FOXA2,PA2G4,1
FOXA2,ZNF398,1
FOXA2,CKS2,1
FOXA2,SNAPC1,1
FOXA2,POLR1B,1
FOXA2,MYC,1
FOXA2,S100A16,1
FOXA2,GTF2H3,1
FOXA2,RNF4,1
FOXA2,AMBP,1
FOXA2,GMPR2,1
FOXA2,MED14,1
FOXA2,MCM8,1
FOXA2,GNPNAT1,1
FOXA2,MTERF3,1
FOXA2,IQCB1,1
FOXA2,SLC7A7,1
FOXA2,HAT1,1
FOXA2,C9ORF72,1
FOXA2,MCM3,1
FOXA2,AKR1B1,1
FOXA2,COQ3,1
FOXA2,GMNN,1
FOXA2,ALG8,1
FOXA2,PDCD11,1
FOXA2,INMT,1
FOXA2,RNF138,1
FOXA2,NR3C1,1
FOXA2,CA2,1
FOXA2,GTF2E1,1
FOXA2,ZFHX3,1
FOXA2,ZNF146,1
FOXA2,BPTF,1
FOXA2,THRAP3,1
FOXA2,ING5,1
FOXA2,DNAJC2,1
FOXA2,ALDH9A1,1
FOXA2,GTF3C5,1
FOXA2,ATIC,1
FOXA2,ASNS,1
FOXA2,TRIM25,1
FOXA2,SRRM1,1
FOXA2,ZNF33A,1
FOXA2,KIFAP3,1
FOXA2,ID2,1
FOXA2,SSB,1
FOXA2,CENPN,1
FOXA2,CAMK2D,1
FOXA2,MATR3,1
FOXA2,PEF1,1
FOXA2,HIST1H1E,1
FOXA2,RSU1,1
FOXA2,ATP1B3,1
FOXA2,DNAH14,1
FOXA2,HNRNPAB,1
FOXA2,CDKN1A,1
FOXA2,NIP7,1
FOXA2,APEX1,1
FOXA2,PAK1IP1,1
FOXA2,CPSF3,1
FOXA2,STAT2,1
FOXA2,FASTKD2,1
FOXA2,KIF22,1
FOXA2,DDC,1
FOXA2,SMAD5,1
FOXA2,RUVBL1,1
FOXA2,MAF,1
FOXA2,MED4,1
FOXA2,RNF2,1
FOXA2,PSAT1,1
FOXA2,CDK1,1
FOXA2,DNASE1,1
FOXA2,GGCT,1
FOXA2,HMGCS2,1
FOXA2,C1GALT1,1
FOXA2,YARS,1
FOXA2,GATM,1
FOXA2,CENPE,1
FOXA2,ZNF202,1
FOXA2,MORN2,1
FOXA2,ACAD11,1
FOXA2,LEAP2,1
FOXA2,ELF1,1
FOXA2,EEF1E1,1
FOXA2,NEK2,1
FOXA2,G6PC3,1
FOXA2,SKA3,1
FOXA2,CCNB2,1
FOXA2,AGTRAP,1
FOXA2,EZH2,1
FOXA2,REST,1
FOXA2,C17ORF75,1
FOXA2,KIF23,1
FOXA2,SERTAD3,1
FOXA2,PLAGL2,1
FOXA2,DPH6,1
FOXA2,SP4,1
FOXA2,SPINK1,1
FOXA2,MAPK1,1
FOXA2,TCERG1,1
FOXA2,TAF11,1
FOXA2,HDAC1,1
FOXA2,TPX2,1
FOXA2,BRIX1,1
FOXA2,PUS7L,1
FOXA2,DNMT3A,1
FOXA2,CREB1,1
FOXA2,SUV39H2,1
FOXA2,CENPF,1
FOXA2,PAPOLA,1
FOXA2,IRF9,1
FOXA2,DCLRE1C,1
FOXA2,ZNF675,1
FOXA2,B4GALT3,1
FOXA2,SOX2,1
FOXA2,SSRP1,1
FOXA2,CBR1,1
FOXA2,ERBB4,1
FOXA2,BRCA2,1
FOXA2,ARG2,1
FOXA2,SALL4,1
FOXA2,CDK4,1
FOXA2,TRIM27,1
FOXA2,PHB2,1
FOXA2,CSRP2,1
FOXA2,STMN1,1
FOXA2,ZNF91,1
FOXA2,NUSAP1,1
FOXA2,LAMC1,1
FOXA2,ELL2,1
FOXA2,GPN3,1
FOXA2,NVL,1
FOXA2,HNRNPR,1
FOXA2,POLB,1
FOXA2,GATAD2B,1
FOXA2,E2F5,1
FOXA2,TFRC,1
FOXA2,FOSL2,1
FOXA2,SNRPD1,1
FOXA2,PPP1R7,1
FOXA2,GYG1,1
FOXA2,SOX4,1
FOXA2,CXXC1,1
FOXA2,TIMM21,1
FOXA2,NPM1,1
FOXA2,F3,1
FOXA2,EWSR1,1
FOXA2,SUB1,1
FOXA2,DCTPP1,1
FOXA2,NOL10,1
FOXA2,HIBCH,1
FOXA2,BPHL,1
FOXA2,FANCI,1
FOXA2,ZNF300,1
FOXA2,CEBPA,1
FOXA2,CAPG,1
FOXA2,RFX6,1
FOXA2,NRIP1,1
FOXA2,TMEM177,1
FOXA2,UHRF1,1
FOXA2,F10,1
FOXA2,ZNF354A,1
FOXA2,RNPS1,1
FOXA2,E2F4,1
FOXA2,UQCC1,1
FOXA2,TNFAIP3,1
FOXA2,POLR2K,1
FOXA2,OAZ2,1
FOXA2,ALG6,1
FOXA2,HNRNPH2,1
FOXA2,PLRG1,1
FOXA2,TARBP2,1
FOXA2,SCD5,1
FOXA2,UCHL1,1
FOXA2,PIGH,1
FOXA2,WARS,1
FOXA2,CCNB1,1
FOXA2,SRSF10,1
FOXA2,BLM,1
FOXA2,YBX1,1
FOXA2,PPT1,1
FOXA2,C19ORF48,1
FOXA2,TOP2A,1
FOXA2,SIL1,1
FOXA2,LITAF,1
FOXA2,DNMT1,1
FOXA2,NAA15,1
FOXA2,HMGCL,1
FOXA2,DRAP1,1
FOXA2,PLK1,1
FOXA2,C12ORF10,1
FOXA2,BUB1,1
FOXA2,SULF2,1
FOXA2,BMPR1A,1
FOXA2,FAM114A1,1
FOXA2,HIF1AN,1
FOXA2,DROSHA,1
FOXA2,MMS19,1
FOXA2,UCP2,1
FOXA2,ENO1,1
FOXA2,ALB,1
FOXA2,IMP4,1
FOXA2,XPO5,1
FOXA2,VRK1,1
FOXA2,FXYD5,1
FOXA2,SHMT2,1
FOXA2,DDAH1,1
FOXA2,CCND1,1
FOXA2,KNSTRN,1
FOXA2,IFITM2,1
FOXA2,ZWINT,1
FOXA2,PARP1,1
FOXA2,MCM2,1
FOXA2,PRIM1,1
FOXA2,CTPS1,1
FOXA2,EYA3,1
FOXA2,ACY1,1
FOXA2,CREG1,1
FOXA2,GEMIN2,1
FOXA2,MPC1,1
FOXA2,ANAPC4,1
FOXA2,ZNF239,1
FOXA2,PAFAH1B3,1
FOXA2,ANAPC7,1
FOXA2,KLF3,1
FOXA2,BTG2,1
FOXA2,CUEDC2,1
FOXA2,TMEM150C,1
FOXA2,ZDHHC4,1
FOXA2,SMARCA4,1
FOXA2,DSN1,1
FOXA2,NCOA1,1
FOXA2,XBP1,1
FOXA2,TCOF1,1
FOXA2,RREB1,1
FOXA2,DNMT3B,1
FOXA2,ZNF101,1
FOXA2,ZNF589,1
FOXA2,ECHDC2,1
FOXA2,MELK,1
FOXA2,ASL,1
FOXA2,NPRL2,1
FOXA2,RBBP7,1
FOXA2,NUP85,1
FOXA2,POLR2D,1
FOXA2,PIAS2,1
FOXA2,GSTK1,1
FOXA2,FHL2,1
FOXA2,FGG,1
FOXA2,ARSE,1
FOXA2,POLR2G,1
FOXA2,E2F8,1
FOXA2,DEPDC7,1
FOXA2,TGIF2,1
FOXA2,WDR5,1
FOXA2,USP7,1
FOXA2,TCF7L1,1
FOXA2,ZNF287,1
FOXA2,RFXANK,1
FOXA2,HIPK2,1
FOXA2,ZNF232,1
FOXA2,MST1,1
FOXA2,DPYSL2,1
FOXA2,APOC1,1
FOXA2,ZFP42,1
FOXA2,PIAS3,1
FOXA2,GLIS3,1
FOXA2,POLR2B,1
FOXA2,BCS1L,1
FOXA2,POLR1E,1
FOXA2,TRIP13,1
FOXA2,GALK1,1
FOXA2,TCF19,1
FOXA2,DPCD,1
FOXA2,CDC20,1
FOXA2,PLA2G12B,1
FOXA2,FUCA1,1
FOXA2,PDGFA,1
FOXA2,APEH,1
FOXA2,DDB2,1
FOXA2,WDYHV1,1
FOXA2,ZNF74,1
FOXA2,TFE3,1
FOXA2,SULT1A2,1
FOXA2,SP100,1
FOXA2,RRM2,1
FOXA2,AGT,1
FOXA2,DAXX,1
FOXA2,LAPTM4B,1
FOXA2,BRCA1,1
FOXA2,MT1X,1
FOXA2,TCFL5,1
FOXA2,TDGF1,1
FOXA2,NME2,1
FOXA2,EPHX2,1
FOXA2,LCMT1,1
FOXA2,JAG1,1
FOXA2,NT5DC2,1
FOXA2,CTSE,1
FOXA2,TAF9B,1
FOXA2,SH3BGRL,1
FOXA2,EPAS1,1
FOXA2,CNOT10,1
FOXA2,BMP2,1
FOXA2,TMEM37,1
FOXA2,ANPEP,1
FOXA2,P4HA2,1
FOXA2,MYBL2,1
FOXA2,SSBP3,1
FOXA2,EOMES,1
FOXA2,PEG3,1
FOXA2,MT1G,1
FOXA2,WFDC2,1
FOXA2,SMOX,1
FOXA2,CIDEB,1
FOXA2,APOC3,1
FOXA2,FOSL1,1
FOXA2,NR1I3,1
FOXA2,PITX1,1
FOXA2,POU5F1,1
HDAC2,GSN,1
HDAC2,NUF2,1
HDAC2,BIRC5,1
HDAC2,FANCD2,1
HDAC2,DTWD1,1
HDAC2,NEK2,1
HDAC2,DNPEP,1
HDAC2,FANCI,1
HDAC2,RFC1,1
HDAC2,RRM2,1
HDAC2,CENPU,1
HDAC2,TSFM,1
HDAC2,KIF20B,1
HDAC2,AURKB,1
HDAC2,SKA3,1
HDAC2,CCNB1,1
HDAC2,CENPF,1
HDAC2,DLGAP5,1
HDAC2,NUP35,1
HDAC2,TRIP13,1
HDAC2,BUB1B,1
HDAC2,NUDT15,1
HDAC2,GTF2H3,1
HDAC2,RAD51,1
HDAC2,EIF5B,1
HDAC2,BRCA2,1
HDAC2,AURKA,1
HDAC2,PARPBP,1
HDAC2,NUP37,1
HDAC2,MIS18BP1,1
HDAC2,AEBP2,1
HDAC2,CDK5RAP1,1
HDAC2,NUP54,1
HDAC2,MYBL2,1
HDAC2,YARS,1
HDAC2,RAD51AP1,1
HDAC2,BLM,1
HDAC2,CDK1,1
HDAC2,EBNA1BP2,1
HDAC2,AMZ2,1
HDAC2,MAD2L1,1
HDAC2,NOP16,1
HDAC2,CDC20,1
HDAC2,RUVBL1,1
HDAC2,WDR74,1
HDAC2,NDUFAF4,1
HDAC2,NUSAP1,1
HDAC2,TBRG4,1
HDAC2,MTF2,1
HDAC2,WDYHV1,1
HDAC2,VRK1,1
HDAC2,C17ORF75,1
HDAC2,MCM8,1
HDAC2,GTF2H2,1
HDAC2,ANP32E,1
HDAC2,DNMT3A,1
HDAC2,GTF3C5,1
HDAC2,G6PC3,1
HDAC2,IQGAP2,1
HDAC2,CCNB2,1
HDAC2,PLK1,1
HDAC2,ASNS,1
HDAC2,BPTF,1
HDAC2,JUND,1
HDAC2,POLR1B,1
HDAC2,SDAD1,1
HDAC2,ZNF398,1
HDAC2,NIF3L1,1
HDAC2,MCM7,1
HDAC2,SMARCD2,1
HDAC2,NPM1,1
HDAC2,TATDN3,1
HDAC2,EXOSC3,1
HDAC2,DRAP1,1
HDAC2,ATG5,1
HDAC2,ASXL1,1
HDAC2,RSU1,1
HDAC2,TPD52L1,1
HDAC2,PCNA,1
HDAC2,DNAJC2,1
HDAC2,DCTPP1,1
HDAC2,XPO5,1
HDAC2,PAK1IP1,1
HDAC2,HNRNPD,1
HDAC2,SSBP2,1
HDAC2,NDUFAF5,1
HDAC2,MAF,1
HDAC2,TIMM9,1
HDAC2,SUPV3L1,1
HDAC2,NR1H3,1
HDAC2,KLF3,1
HDAC2,IMP4,1
HDAC2,NCAPG,1
HDAC2,POLR1C,1
HDAC2,ABT1,1
HDAC2,U2AF1,1
HDAC2,ICE2,1
HDAC2,PWP1,1
HDAC2,AIMP2,1
HDAC2,NME2,1
HDAC2,MRPL1,1
HDAC2,UBE2C,1
HDAC2,KIF22,1
HDAC2,SMC4,1
HDAC2,ZWINT,1
HDAC2,PARP1,1
HDAC2,BRIX1,1
HDAC2,PPIL1,1
HDAC2,PHF5A,1
HDAC2,MMS22L,1
HDAC2,WDHD1,1
HDAC2,ECD,1
HDAC2,PPT1,1
HDAC2,NR3C1,1
HDAC2,SRF,1
HDAC2,TK1,1
HDAC2,DDIT4,1
HDAC2,EEF1E1,1
HDAC2,KPNA2,1
HDAC2,BUB1,1
HDAC2,KIF23,1
HDAC2,ING3,1
HDAC2,RHOBTB3,1
HDAC2,RBPJ,1
HDAC2,BRIP1,1
HDAC2,BCS1L,1
HDAC2,TEX10,1
HDAC2,IRF9,1
HDAC2,HMGB2,1
HDAC2,CKS2,1
HDAC2,JMJD1C,1
HDAC2,TCF19,1
HDAC2,NOL10,1
HDAC2,MPC1,1
HDAC2,VPS72,1
HDAC2,MSH2,1
HDAC2,ZNRD1,1
HDAC2,HSD17B11,1
HDAC2,E2F5,1
HDAC2,MCM4,1
HDAC2,TPX2,1
HDAC2,MED4,1
HDAC2,DEK,1
HDAC2,E2F8,1
HDAC2,BRCA1,1
HDAC2,TBPL1,1
HDAC2,GALK1,1
HDAC2,NVL,1
HDAC2,BDP1,1
HDAC2,PHB2,1
HDAC2,UBL7,1
HDAC2,STX8,1
HDAC2,PRKCE,1
HDAC2,MTUS1,1
HDAC2,TIMM21,1
HDAC2,SAAL1,1
HDAC2,CREG1,1
HDAC2,CHEK2,1
HDAC2,COPS2,1
HDAC2,CENPE,1
HDAC2,WDR12,1
HDAC2,COMMD10,1
HDAC2,PPP1R7,1
HDAC2,RFXANK,1
HDAC2,TF,1
HDAC2,ECT2,1
HDAC2,GMNN,1
HDAC2,SLC25A20,1
HDAC2,HMGA1,1
HDAC2,MST1,1
HDAC2,ASPH,1
HDAC2,BBS9,1
HDAC2,ATL2,1
HDAC2,RNF19A,1
HDAC2,PDCD11,1
HDAC2,DNMT3B,1
HDAC2,ANXA4,1
HDAC2,NUDT1,1
HDAC2,ARID2,1
HDAC2,DPCD,1
HDAC2,TFRC,1
HDAC2,DOT1L,1
HDAC2,MED30,1
HDAC2,ING5,1
HDAC2,MORN2,1
HDAC2,MEST,1
HDAC2,DCLRE1C,1
HDAC2,HNRNPUL1,1
HDAC2,HAT1,1
HDAC2,WDR43,1
HDAC2,MED20,1
HDAC2,BTF3,1
HDAC2,G2E3,1
HDAC2,SIRT1,1
HDAC2,KLHL7,1
HDAC2,IVNS1ABP,1
HDAC2,CA2,1
HDAC2,AKR1B1,1
HDAC2,POLR2D,1
HDAC2,FASTKD2,1
HDAC2,ECHDC2,1
HDAC2,AATF,1
HDAC2,ZNF202,1
HDAC2,DECR1,1
HDAC2,EFTUD2,1
HDAC2,DAXX,1
HDAC2,TBL1X,1
HDAC2,NIP7,1
HDAC2,ACADSB,1
HDAC2,FANCL,1
HDAC2,MTERF3,1
HDAC2,DDX20,1
HDAC2,ATIC,1
HDAC2,MTMR2,1
HDAC2,ISY1,1
HDAC2,GPN3,1
HDAC2,SUV39H2,1
HDAC2,CMC1,1
HDAC2,SNRPD1,1
HDAC2,HIBCH,1
HDAC2,KAT7,1
HDAC2,TDP2,1
HDAC2,ZNF770,1
HDAC2,YEATS4,1
HDAC2,FOXP1,1
HDAC2,EXOSC9,1
HDAC2,TAF1B,1
HDAC2,PLAGL2,1
HDAC2,HIF1AN,1
HDAC2,HNRNPR,1
HDAC2,RUVBL2,1
HDAC2,DSN1,1
HDAC2,PDZK1,1
HDAC2,MAPK1,1
HDAC2,TMEM177,1
HDAC2,SMAD5,1
HDAC2,DDX5,1
HDAC2,SLC7A6,1
HDAC2,E2F4,1
HDAC2,RNASE4,1
HDAC2,ANG,1
HDAC2,HMMR,1
HDAC2,CUEDC2,1
HDAC2,DGAT1,1
HDAC2,DPAGT1,1
HDAC2,POLR2K,1
HDAC2,CAPG,1
HDAC2,PMS1,1
HDAC2,NUP85,1
HDAC2,PRMT5,1
HDAC2,PAPOLA,1
HDAC2,GTF3C2,1
HDAC2,ZNF33A,1
HDAC2,CCS,1
HDAC2,TAF11,1
HDAC2,UQCC1,1
HDAC2,VTN,1
HDAC2,TCERG1,1
HDAC2,HMGCL,1
HDAC2,ACOT7,1
HDAC2,TGIF2,1
HDAC2,CNTRL,1
HDAC2,FAM13A,1
HDAC2,SRSF1,1
HDAC2,NPRL2,1
HDAC2,CPSF3,1
HDAC2,NFKBIZ,1
HDAC2,EZH2,1
HDAC2,TCFL5,1
HDAC2,SLC38A1,1
HDAC2,MCM3,1
HDAC2,SIRT2,1
HDAC2,POLR2I,1
HDAC2,SULF2,1
HDAC2,THOC1,1
HDAC2,AXL,1
HDAC2,ALG8,1
HDAC2,HMGA2,1
HDAC2,EEF1A1,1
HDAC2,RRM1,1
HDAC2,MATR3,1
HDAC2,DR1,1
HDAC2,MAZ,1
HDAC2,CEBPZ,1
HDAC2,ZWILCH,1
HDAC2,GMPR2,1
HDAC2,E2F3,1
HDAC2,C11ORF1,1
HDAC2,CNBP,1
HDAC2,LAMC1,1
HDAC2,CUTC,1
HDAC2,ASCC3,1
HDAC2,ENO1,1
HDAC2,MMS19,1
HDAC2,SSB,1
HDAC2,ALG6,1
HDAC2,CNOT7,1
HDAC2,HMGN2,1
HDAC2,SKIL,1
HDAC2,ZFP64,1
HDAC2,TMEM120A,1
HDAC2,SNAPC1,1
HDAC2,NUP93,1
HDAC2,ILF2,1
HDAC2,APEX1,1
HDAC2,CCDC82,1
HDAC2,ZNHIT3,1
HDAC2,GGCT,1
HDAC2,ITGB5,1
HDAC2,FGA,1
HDAC2,PDGFRA,1
HDAC2,RNPS1,1
HDAC2,UGP2,1
HDAC2,PIGH,1
HDAC2,TCF3,1
HDAC2,SCD5,1
HDAC2,MXD1,1
HDAC2,CEBPA,1
HDAC2,CDKN1A,1
HDAC2,PUS7L,1
HDAC2,AGTRAP,1
HDAC2,RBP4,1
HDAC2,ACOX2,1
HDAC2,NUP88,1
HDAC2,FBL,1
HDAC2,ZSCAN21,1
HDAC2,NAA15,1
HDAC2,S100A16,1
HDAC2,ASNSD1,1
HDAC2,HMGN4,1
HDAC2,HERPUD1,1
HDAC2,GTF2F2,1
HDAC2,IRF1,1
HDAC2,APEH,1
HDAC2,GATM,1
HDAC2,DPH5,1
HDAC2,SNRPB,1
HDAC2,SRRM1,1
HDAC2,ETV4,1
HDAC2,CDCA3,1
HDAC2,C11ORF74,1
HDAC2,ACY1,1
HDAC2,GEMIN2,1
HDAC2,ELL2,1
HDAC2,GTF2I,1
HDAC2,SGK1,1
HDAC2,FXR1,1
HDAC2,PAFAH1B3,1
HDAC2,F2RL1,1
HDAC2,MED14,1
HDAC2,DPF2,1
HDAC2,MTAP,1
HDAC2,TRIM27,1
HDAC2,ZNF589,1
HDAC2,WDR54,1
HDAC2,SSRP1,1
HDAC2,AHSG,1
HDAC2,UCP2,1
HDAC2,TNFAIP3,1
HDAC2,HMGN3,1
HDAC2,ATF3,1
HDAC2,SRSF2,1
HDAC2,IL6ST,1
HDAC2,TAF1A,1
HDAC2,PEF1,1
HDAC2,NFATC2,1
HDAC2,YBX1,1
HDAC2,EFNA1,1
HDAC2,HP,1
HDAC2,TTC39C,1
HDAC2,PRIM1,1
HDAC2,DNMT1,1
HDAC2,ZFHX3,1
HDAC2,HPX,1
HDAC2,CHD8,1
HDAC2,ZNF146,1
HDAC2,GYG1,1
HDAC2,SLC35D2,1
HDAC2,CREB3L4,1
HDAC2,AASS,1
HDAC2,PIAS3,1
HDAC2,BMP2,1
HDAC2,ZNF397,1
HDAC2,HDGF,1
HDAC2,APOA2,1
HDAC2,THAP1,1
HDAC2,NFYB,1
HDAC2,CBX3,1
HDAC2,MGST2,1
HDAC2,ZNF561,1
HDAC2,ZNF638,1
HDAC2,SMAD2,1
HDAC2,NEDD1,1
HDAC2,RBM39,1
HDAC2,RAI14,1
HDAC2,ORC4,1
HDAC2,GABPB1,1
HDAC2,DERA,1
HDAC2,TGIF1,1
HDAC2,HPN,1
HDAC2,DAB2,1
HDAC2,PEMT,1
HDAC2,C1GALT1,1
HDAC2,BLVRA,1
HDAC2,ZNF232,1
HDAC2,ZNF581,1
HDAC2,AGT,1
HDAC2,AFF4,1
HDAC2,HNRNPAB,1
HDAC2,FHL2,1
HDAC2,ANKRD1,1
HDAC2,IQCB1,1
HDAC2,POLR2F,1
HDAC2,SALL2,1
HDAC2,GEMIN8,1
HDAC2,LGALS2,1
HDAC2,RNF2,1
HDAC2,FOXA1,1
HDAC2,PCGF6,1
HDAC2,TOP2B,1
HDAC2,APOB,1
HDAC2,JARID2,1
HDAC2,RBBP4,1
HDAC2,USP7,1
HDAC2,PON2,1
HDAC2,FOXA2,1
HDAC2,THRAP3,1
HDAC2,LMO7,1
HDAC2,MT1X,1
HDAC2,YAF2,1
HDAC2,HINFP,1
HDAC2,TEAD4,1
HDAC2,FOSL2,1
HDAC2,TDGF1,1
HDAC2,F3,1
HDAC2,SUPT16H,1
HDAC2,SIL1,1
HDAC2,CDK4,1
HDAC2,FAM114A1,1
HDAC2,HNRNPK,1
HDAC2,POLR2L,1
HDAC2,TBX3,1
HDAC2,AMBP,1
HDAC2,COQ3,1
HDAC2,HNF4A,1
HDAC2,GATAD2B,1
HDAC2,FABP1,1
HDAC2,APOA1,1
HDAC2,HGD,1
HDAC2,DDC,1
HDAC2,LAMB2,1
HDAC2,DNASE1,1
HDAC2,NR1I3,1
HDAC2,TTR,1
HDAC2,F2,1
HDAC2,XRCC5,1
HDAC2,SERPIND1,1
HDAC2,EPHX2,1
HDAC2,PRAP1,1
HDAC2,NODAL,1
HDAC2,ASGR1,1
HDAC2,IL32,1
HDAC2,F10,1
HDAC2,FLRT3,1
HDAC2,CAMK2D,1
HDAC2,ZBTB24,1
HDAC2,CXXC1,1
HDAC2,ELF1,1
HDAC2,GALM,1
HDAC2,FGG,1
HDAC2,C9ORF72,1
HDAC2,RGN,1
HDAC2,APOC3,1
HDAC2,CREB3L3,1
HDAC2,APOC2,1
HDAC2,LEAP2,1
HDAC2,MT1G,1
HDAC2,KNG1,1
HDAC2,ZNF101,1
HDAC2,DDB2,1
HDAC2,SULT1A2,1
HDAC2,CCND1,1
HDAC2,GATA4,1
HDAC2,SPP1,1
HDAC2,AKR1D1,1
HDAC2,SP100,1
HDAC2,MEP1A,1
HDAC2,ARSE,1
HDAC2,PLA2G12B,1
HDAC2,ILF3,1
HDAC2,APOC1,1
HDAC2,CRAT,1
HDAC2,BZW2,1
HNF4A,AURKA,1
HNF4A,NEK2,1
HNF4A,ACY1,1
HNF4A,SLC7A7,1
HNF4A,NR1I3,1
HNF4A,TATDN3,1
HNF4A,ZNF567,1
HNF4A,ACOX2,1
HNF4A,CREB3L3,1
HNF4A,MGST2,1
HNF4A,F10,1
HNF4A,ZNF232,1
HNF4A,AHSG,1
HNF4A,TDP2,1
HNF4A,APOB,1
HNF4A,TMEM177,1
HNF4A,APOA1,1
HNF4A,TK1,1
HNF4A,S100A16,1
HNF4A,HGD,1
HNF4A,IL32,1
HNF4A,PRAP1,1
HNF4A,APOC3,1
HNF4A,CMC1,1
HNF4A,C1GALT1,1
HNF4A,DNMT3A,1
HNF4A,HSD17B11,1
HNF4A,MST1,1
HNF4A,BRCA1,1
HNF4A,VTN,1
HNF4A,JMJD1C,1
HNF4A,AGT,1
HNF4A,DDC,1
HNF4A,GALM,1
HNF4A,GALK1,1
HNF4A,GSTK1,1
HNF4A,SMARCD2,1
HNF4A,EPHX2,1
HNF4A,BRIP1,1
HNF4A,MAF,1
HNF4A,CDK5RAP1,1
HNF4A,RBBP4,1
HNF4A,F2,1
HNF4A,RNF19A,1
HNF4A,LEAP2,1
HNF4A,DCLRE1C,1
HNF4A,PYGL,1
HNF4A,NR2F2,1
HNF4A,ZNRD1,1
HNF4A,PEF1,1
HNF4A,CDCA3,1
HNF4A,LGALS2,1
HNF4A,FABP1,1
HNF4A,PWP1,1
HNF4A,TF,1
HNF4A,ASGR1,1
HNF4A,BPHL,1
HNF4A,AXL,1
HNF4A,APOC2,1
HNF4A,ETV4,1
HNF4A,CRAT,1
HNF4A,EFNA1,1
HNF4A,GATA4,1
HNF4A,ETV5,1
HNF4A,TFDP2,1
HNF4A,NODAL,1
HNF4A,YEATS4,1
HNF4A,HP,1
HNF4A,PDZK1,1
HNF4A,APOA2,1
HNF4A,ACOT7,1
HNF4A,ZNF101,1
HNF4A,SERPIND1,1
HNF4A,MEP1A,1
HNF4A,LMO7,1
HNF4A,RREB1,1
HNF4A,PLA2G12B,1
HNF4A,AASS,1
HNF4A,RBP4,1
HNF4A,GMNN,1
HNF4A,GMPR2,1
HNF4A,NR1H3,1
HNF4A,SNRPB,1
HNF4A,PHF5A,1
HNF4A,NR2F6,1
HNF4A,ZNF146,1
HNF4A,RBM39,1
HNF4A,E2F5,1
HNF4A,NOP16,1
HNF4A,SLC35D2,1
HNF4A,WDR12,1
HNF4A,HNF1B,1
HNF4A,RAD51AP1,1
HNF4A,C12ORF10,1
HNF4A,SUPV3L1,1
HNF4A,NUF2,1
HNF4A,LGALS1,1
HNF4A,TCOF1,1
HNF4A,KAT7,1
HNF4A,NDUFAF5,1
HNF4A,FGA,1
HNF4A,ASXL1,1
HNF4A,TMEM120A,1
HNF4A,DNASE1,1
HNF4A,FANCL,1
HNF4A,ZNF770,1
HNF4A,NIP7,1
HNF4A,AGTRAP,1
HNF4A,ECD,1
HNF4A,C17ORF75,1
HNF4A,MED20,1
HNF4A,C11ORF1,1
HNF4A,DNPEP,1
HNF4A,CCND1,1
HNF4A,TCF19,1
HNF4A,COPS2,1
HNF4A,BUB1B,1
HNF4A,CDKN1A,1
HNF4A,MTUS1,1
HNF4A,HMGCL,1
HNF4A,COMMD3,1
HNF4A,HIPK2,1
HNF4A,CAPG,1
HNF4A,DECR1,1
HNF4A,HPN,1
HNF4A,MTF2,1
HNF4A,PHB2,1
HNF4A,EIF5B,1
HNF4A,ACADVL,1
HNF4A,NFKBIZ,1
HNF4A,DPPA4,1
HNF4A,PRMT5,1
HNF4A,TRIM27,1
HNF4A,RBP2,1
HNF4A,BZW2,1
HNF4A,UHRF1,1
HNF4A,GTF3C2,1
HNF4A,ABT1,1
HNF4A,GTF2H2,1
HNF4A,ZNF354A,1
HNF4A,XBP1,1
HNF4A,HNRNPD,1
HNF4A,PRIM1,1
HNF4A,ANPEP,1
HNF4A,DCTPP1,1
HNF4A,GTF2H3,1
HNF4A,AMBP,1
HNF4A,TRIP13,1
HNF4A,PPIL1,1
HNF4A,POLR1B,1
HNF4A,PON2,1
HNF4A,ZNF398,1
HNF4A,ZNF638,1
HNF4A,YARS,1
HNF4A,PCNA,1
HNF4A,FOXP1,1
HNF4A,AATF,1
HNF4A,TTC39C,1
HNF4A,TPX2,1
HNF4A,IRF9,1
HNF4A,RGN,1
HNF4A,WDR43,1
HNF4A,DTWD1,1
HNF4A,RUVBL1,1
HNF4A,AIMP2,1
HNF4A,TNFAIP3,1
HNF4A,SLC7A6,1
HNF4A,APOA4,1
HNF4A,HPX,1
HNF4A,VPS72,1
HNF4A,SFRP1,1
HNF4A,KPNA2,1
HNF4A,AURKB,1
HNF4A,ING1,1
HNF4A,MCM3,1
HNF4A,CENPU,1
HNF4A,TCFL5,1
HNF4A,PMS1,1
HNF4A,CUTC,1
HNF4A,TTR,1
HNF4A,UQCC1,1
HNF4A,ATL2,1
HNF4A,FANCD2,1
HNF4A,NUP35,1
HNF4A,DRAP1,1
HNF4A,DDX5,1
HNF4A,CHEK2,1
HNF4A,NUP54,1
HNF4A,ZNHIT3,1
HNF4A,HMGN4,1
HNF4A,TMEM37,1
HNF4A,TGIF2,1
HNF4A,MORN2,1
HNF4A,ECHDC2,1
HNF4A,RFC2,1
HNF4A,ANKRD1,1
HNF4A,FOXA1,1
HNF4A,ATG5,1
HNF4A,BPTF,1
HNF4A,MRPL1,1
HNF4A,DDX54,1
HNF4A,PLAGL2,1
HNF4A,ZNF589,1
HNF4A,GSN,1
HNF4A,MCM7,1
HNF4A,TBPL1,1
HNF4A,ZNF670,1
HNF4A,BTG2,1
HNF4A,TGIF1,1
HNF4A,NFATC2,1
HNF4A,BIRC5,1
HNF4A,HERPUD1,1
HNF4A,ATIC,1
HNF4A,NOL10,1
HNF4A,ILF3,1
HNF4A,DDIT4,1
HNF4A,MCM8,1
HNF4A,PLK1,1
HNF4A,LAMB2,1
HNF4A,HNRNPR,1
HNF4A,SAAL1,1
HNF4A,EFTUD2,1
HNF4A,DPH6,1
HNF4A,SNRPD1,1
HNF4A,EZH2,1
HNF4A,DAXX,1
HNF4A,DR1,1
HNF4A,NIF3L1,1
HNF4A,CEBPA,1
HNF4A,HIBCH,1
HNF4A,ASNSD1,1
HNF4A,SRF,1
HNF4A,DPCD,1
HNF4A,NT5DC2,1
HNF4A,MATR3,1
HNF4A,RFC1,1
HNF4A,ATG4C,1
HNF4A,MCM4,1
HNF4A,ASPH,1
HNF4A,TBX3,1
HNF4A,HMGN3,1
HNF4A,POP5,1
HNF4A,CSDE1,1
HNF4A,CHD8,1
HNF4A,JAG1,1
HNF4A,MAFF,1
HNF4A,ANXA4,1
HNF4A,SERTAD3,1
HNF4A,DSN1,1
HNF4A,TFRC,1
HNF4A,HIF3A,1
HNF4A,BCS1L,1
HNF4A,MT1G,1
HNF4A,TBL1X,1
HNF4A,NEDD1,1
HNF4A,CETN3,1
HNF4A,SKIL,1
HNF4A,CPSF3,1
HNF4A,SKA3,1
HNF4A,EEF1E1,1
HNF4A,GEMIN2,1
HNF4A,FOXA2,1
HNF4A,RAD51,1
HNF4A,ELF1,1
HNF4A,DDIT3,1
HNF4A,OAZ2,1
HNF4A,TFE3,1
HNF4A,SULT1A2,1
HNF4A,MAZ,1
HNF4A,EPAS1,1
HNF4A,DERA,1
HNF4A,IQGAP2,1
HNF4A,FAM13A,1
HNF4A,RAMP1,1
HNF4A,GMEB1,1
HNF4A,AEBP2,1
HNF4A,GRHL1,1
HNF4A,DNMT3B,1
HNF4A,HMGA1,1
HNF4A,STX8,1
HNF4A,ILF2,1
HNF4A,G6PC3,1
HNF4A,POLR3D,1
HNF4A,CBX3,1
HNF4A,PRKCE,1
HNF4A,XRCC6,1
HNF4A,HIF1AN,1
HNF4A,DGAT1,1
HNF4A,SRSF2,1
HNF4A,CAMK2D,1
HNF4A,MT1X,1
HNF4A,UGP2,1
HNF4A,NUDT15,1
HNF4A,CKAP2,1
HNF4A,ZFHX3,1
HNF4A,WARS,1
HNF4A,FOXO1,1
HNF4A,ZNF397,1
HNF4A,SUB1,1
HNF4A,EYA3,1
HNF4A,PIGH,1
HNF4A,ENO1,1
HNF4A,POLR2D,1
HNF4A,MTERF3,1
HNF4A,BST2,1
IRF3,E2F4,1
IRF3,TOP2A,1
IRF3,ZFYVE21,1
JUN,GSN,1
JUN,BZW2,1
JUN,ANKRD1,1
JUN,JUND,1
JUN,ATF3,1
JUN,RAI14,1
JUN,AXL,1
JUN,ATG5,1
JUN,FOSL2,1
JUN,NFATC2,1
JUN,MAFF,1
JUN,S100A16,1
JUN,ARG2,1
JUN,PRC1,1
JUN,JMJD1C,1
JUN,ANXA4,1
JUN,BDP1,1
JUN,PPFIBP2,1
JUN,TBL1X,1
JUN,NEK2,1
JUN,MXD1,1
JUN,CENPN,1
JUN,CAMK2D,1
JUN,ZNRD1,1
JUN,ELF1,1
JUN,CYP3A5,1
JUN,KIF20B,1
JUN,FOSB,1
JUN,CENPE,1
JUN,CHEK2,1
JUN,SMARCD2,1
JUN,TTC39C,1
JUN,DPCD,1
JUN,ZNF217,1
JUN,AURKA,1
JUN,TAF11,1
JUN,ANXA3,1
JUN,MTMR2,1
JUN,RNPS1,1
JUN,FLRT3,1
JUN,HCFC1,1
JUN,ZNF561,1
JUN,CKS2,1
JUN,POLR1D,1
JUN,IL32,1
JUN,CREB3L2,1
JUN,EXOSC9,1
JUN,MRPL1,1
JUN,LAPTM4B,1
JUN,POP5,1
JUN,BTG1,1
JUN,PRMT5,1
JUN,PEF1,1
JUN,RNF19A,1
JUN,FOXA1,1
JUN,SLC7A6,1
JUN,HNRNPH2,1
JUN,C11ORF74,1
JUN,AGTRAP,1
JUN,RFC1,1
JUN,CHAF1A,1
JUN,NIF3L1,1
JUN,KPNA2,1
JUN,MTTP,1
JUN,SUPV3L1,1
JUN,BMPR1A,1
JUN,CXXC1,1
JUN,BRCA1,1
JUN,CENPK,1
JUN,PMS1,1
JUN,ETV4,1
JUN,SPTLC3,1
JUN,APOB,1
JUN,GEMIN2,1
JUN,FGG,1
JUN,AHSG,1
JUN,HGD,1
JUND,GSN,1
JUND,ZNRD1,1
JUND,BZW2,1
JUND,NEK2,1
JUND,FOSL2,1
JUND,ARG2,1
JUND,F3,1
JUND,PRC1,1
JUND,ATG5,1
JUND,BDP1,1
JUND,MCM4,1
JUND,TAF11,1
JUND,SMARCD2,1
JUND,CENPE,1
JUND,ABT1,1
JUND,NUF2,1
JUND,DNMT1,1
JUND,ANKRD1,1
JUND,CENPU,1
JUND,CENPN,1
JUND,NFATC2,1
JUND,COPS5,1
JUND,SSBP2,1
JUND,CHEK2,1
JUND,NFYB,1
JUND,CAMK2D,1
JUND,ATF3,1
JUND,AXL,1
JUND,MAFF,1
JUND,TSFM,1
JUND,ELF1,1
JUND,RAI14,1
JUND,TARDBP,1
JUND,EED,1
JUND,EXOSC9,1
JUND,TBL1X,1
JUND,ANLN,1
JUND,BRIX1,1
JUND,MTMR2,1
JUND,TUBB6,1
JUND,CENPK,1
JUND,ISY1,1
JUND,RBPJ,1
JUND,JUN,1
JUND,NUP54,1
JUND,POLR1D,1
JUND,C11ORF74,1
JUND,CDK5RAP1,1
JUND,TATDN3,1
JUND,MED4,1
JUND,CYP3A5,1
JUND,WDR74,1
JUND,FASTKD2,1
JUND,KIF20B,1
JUND,MRPS27,1
JUND,MXD1,1
JUND,UTP18,1
JUND,DDIT3,1
JUND,FANCI,1
JUND,PAFAH1B3,1
JUND,FOSB,1
JUND,MTF2,1
JUND,MTERF3,1
JUND,RNPS1,1
JUND,TIMM21,1
JUND,TP53,1
JUND,DEDD,1
JUND,EFTUD2,1
JUND,COPS2,1
JUND,SUPV3L1,1
JUND,ANXA4,1
JUND,EWSR1,1
JUND,GTF2H3,1
JUND,PSIP1,1
JUND,MRPL1,1
JUND,JMJD1C,1
JUND,LAMC1,1
JUND,THOC1,1
JUND,ILF2,1
JUND,ZNF143,1
JUND,RAB28,1
JUND,FOSL1,1
JUND,HDAC1,1
JUND,TTC39C,1
JUND,PEF1,1
JUND,TNFAIP3,1
JUND,NDUFAF5,1
JUND,ZNF300,1
JUND,YARS,1
JUND,TGIF1,1
JUND,AURKA,1
JUND,RRM1,1
JUND,SAAL1,1
JUND,HCFC1,1
JUND,ZNF561,1
JUND,PPFIBP2,1
JUND,CACYBP,1
JUND,RFC1,1
JUND,ZNF227,1
JUND,FANCD2,1
JUND,ACADVL,1
JUND,NOL10,1
JUND,TBRG4,1
JUND,POLR2K,1
JUND,C11ORF1,1
JUND,SRSF2,1
JUND,CDCA3,1
JUND,DNAJC2,1
JUND,MED20,1
JUND,DOT1L,1
JUND,UQCC1,1
JUND,CREB3L2,1
JUND,CNOT7,1
JUND,RFXANK,1
JUND,ECD,1
JUND,GTF3C5,1
JUND,POLR1B,1
JUND,LAPTM4B,1
JUND,PAK1IP1,1
JUND,ITIH4,1
JUND,ZNF217,1
JUND,POP5,1
JUND,BRCA1,1
JUND,DUT,1
JUND,NIP7,1
JUND,EEF1E1,1
JUND,SNRPB,1
JUND,DDX5,1
JUND,DDX54,1
JUND,SF3B3,1
JUND,RAD51AP1,1
JUND,MAZ,1
JUND,FLRT3,1
JUND,PHF5A,1
JUND,NOP16,1
JUND,POLR2L,1
JUND,ZFP64,1
JUND,ANXA3,1
JUND,DTWD1,1
JUND,ZNF770,1
JUND,S100A16,1
JUND,ERCC8,1
JUND,ENO1,1
JUND,DPCD,1
JUND,RAD54B,1
JUND,PHB2,1
JUND,MTTP,1
JUND,ARID3B,1
JUND,C17ORF75,1
JUND,NIF3L1,1
JUND,POLR3D,1
JUND,ELL2,1
JUND,ZNF581,1
JUND,TFE3,1
JUND,PARPBP,1
JUND,NUP37,1
JUND,SNRPD1,1
JUND,C12ORF10,1
JUND,BTG1,1
JUND,KNTC1,1
JUND,DDX20,1
JUND,CKS2,1
JUND,PWP1,1
JUND,GTF2H2,1
JUND,FAM13A,1
JUND,GTF3C2,1
JUND,MST1,1
JUND,TDP2,1
JUND,CHEK1,1
JUND,HERPUD1,1
JUND,PRMT5,1
JUND,NR1H3,1
JUND,ING3,1
JUND,TIMM9,1
JUND,CPSF3,1
JUND,NVL,1
JUND,ADNP,1
JUND,RBM39,1
JUND,SKIL,1
JUND,HIF1AN,1
JUND,SDAD1,1
JUND,CRABP2,1
JUND,VPS72,1
JUND,ILF3,1
JUND,TBPL1,1
JUND,BSCL2,1
JUND,SRSF1,1
JUND,C19ORF48,1
JUND,C9ORF72,1
JUND,NEDD1,1
JUND,GABPB1,1
JUND,TMEM69,1
JUND,NUDT15,1
JUND,SSRP1,1
JUND,VRK1,1
JUND,G6PC3,1
JUND,PA2G4,1
JUND,GTF2F2,1
JUND,THAP1,1
JUND,ZNF589,1
JUND,BRCA2,1
JUND,LAMB2,1
JUND,RFC4,1
JUND,TF,1
JUND,HNRNPD,1
JUND,RUVBL1,1
JUND,WARS,1
JUND,CHAF1A,1
JUND,ANP32E,1
JUND,HMGCL,1
JUND,IRF9,1
JUND,ATL2,1
JUND,HAT1,1
JUND,GPN3,1
JUND,RUVBL2,1
JUND,KPNA2,1
JUND,KLHL7,1
JUND,EXOSC3,1
JUND,HMGA1,1
JUND,MAP1B,1
JUND,CDK4,1
JUND,MORN2,1
JUND,MCM8,1
JUND,ZSCAN21,1
JUND,TBX3,1
JUND,THRAP3,1
JUND,CEBPZ,1
JUND,ALG8,1
JUND,WDHD1,1
JUND,KAT7,1
JUND,TARBP2,1
JUND,MCM7,1
JUND,PPIL1,1
JUND,EEF1A1,1
JUND,ZNF398,1
JUND,IL32,1
JUND,NUP85,1
JUND,VEZF1,1
JUND,ZNHIT3,1
JUND,POLR1C,1
JUND,HMGN4,1
JUND,SRRM1,1
JUND,TAF5,1
JUND,UBL7,1
JUND,DR1,1
JUND,DCAF13,1
JUND,TCF3,1
JUND,ACOT7,1
JUND,NUP35,1
JUND,EIF5B,1
JUND,NUP93,1
JUND,SLC7A6,1
JUND,ASXL1,1
JUND,DDIT4,1
JUND,CSDE1,1
JUND,BTG2,1
JUND,DRAP1,1
JUND,NAA15,1
JUND,PRKCE,1
JUND,DPH5,1
JUND,BIRC5,1
JUND,WBP11,1
JUND,GATM,1
JUND,WDR43,1
JUND,RAB34,1
JUND,SIRT2,1
JUND,XRCC6,1
JUND,TFRC,1
JUND,TRIM28,1
JUND,HIST1H1C,1
JUND,PLK1,1
JUND,SLC38A1,1
JUND,PPT1,1
JUND,BCS1L,1
JUND,ING5,1
JUND,E2F4,1
JUND,ZRANB2,1
JUND,NCOA1,1
JUND,FOXA1,1
JUND,MED30,1
JUND,ORC4,1
JUND,HNRNPH2,1
JUND,CHD8,1
JUND,XBP1,1
JUND,PCNA,1
JUND,ICE2,1
JUND,U2AF1,1
JUND,HIBCH,1
JUND,ASNSD1,1
JUND,AFF4,1
JUND,DGAT1,1
JUND,ETV4,1
JUND,ACADSB,1
JUND,DCTPP1,1
JUND,CAPG,1
JUND,GLI1,1
JUND,CUEDC2,1
JUND,TPX2,1
JUND,HIST1H1E,1
JUND,ICA1,1
JUND,CXXC1,1
JUND,SRSF3,1
JUND,ATG4C,1
JUND,PSAT1,1
JUND,SKA3,1
JUND,ZDHHC4,1
JUND,MLF1,1
JUND,GYG1,1
JUND,BUB1B,1
JUND,APEX1,1
JUND,GTF2E1,1
JUND,RNF19A,1
JUND,MATR3,1
JUND,ETV5,1
JUND,CMC1,1
JUND,LRR1,1
JUND,COQ3,1
JUND,PLAGL2,1
JUND,ING1,1
JUND,EYA3,1
JUND,MIS18BP1,1
JUND,CETN3,1
JUND,PDCD11,1
JUND,SHMT2,1
JUND,ECT2,1
JUND,BUB1,1
JUND,SUPT16H,1
JUND,SMAD5,1
JUND,UBE2T,1
JUND,ETV1,1
JUND,STAT2,1
JUND,THYN1,1
JUND,IQGAP2,1
JUND,POLB,1
JUND,NUDT1,1
JUND,PLRG1,1
JUND,DROSHA,1
JUND,RFC2,1
JUND,ZNF644,1
JUND,NDUFAF4,1
JUND,FXR1,1
JUND,BPTF,1
JUND,KIF22,1
JUND,PDZK1,1
JUND,DSN1,1
JUND,SUB1,1
JUND,HNRNPK,1
JUND,RBBP4,1
JUND,GNPNAT1,1
JUND,IMP4,1
JUND,TERF1,1
JUND,CBX3,1
JUND,XRCC5,1
JUND,DNPEP,1
JUND,ASL,1
JUND,WDR12,1
JUND,CDKN1A,1
JUND,DNAH14,1
JUND,SMC4,1
JUND,ASNS,1
JUND,SUV39H2,1
JUND,SGK1,1
JUND,IVNS1ABP,1
JUND,ZNF397,1
JUND,HNRNPAB,1
JUND,KIF23,1
JUND,TK1,1
JUND,BTF3,1
JUND,TOPORS,1
JUND,AMZ2,1
JUND,NFKBIZ,1
JUND,CEP70,1
JUND,BMPR1A,1
JUND,SMARCA5,1
JUND,ZNF202,1
JUND,SP100,1
JUND,ZNF146,1
JUND,TFF1,1
JUND,BRIP1,1
JUND,ID2,1
JUND,KNSTRN,1
JUND,DPH6,1
JUND,ASCC3,1
JUND,HMGA2,1
JUND,SIRT1,1
JUND,KIFAP3,1
JUND,GEMIN2,1
JUND,VTN,1
JUND,EBNA1BP2,1
JUND,NPM1,1
JUND,NUP88,1
JUND,ZBTB3,1
JUND,POLR2I,1
JUND,ACY1,1
JUND,MAD2L1,1
JUND,CDK1,1
JUND,XPO5,1
JUND,LMO7,1
JUND,TEX10,1
JUND,MTHFD2,1
JUND,CNBP,1
JUND,CUTC,1
JUND,ZNF766,1
JUND,B4GALT3,1
JUND,SERTAD3,1
JUND,PMS1,1
JUND,PARP1,1
JUND,ZWINT,1
JUND,MGST2,1
JUND,ZNF354A,1
JUND,TIPIN,1
JUND,SSB,1
JUND,GMNN,1
JUND,AGTRAP,1
JUND,SLC38A2,1
JUND,AIMP2,1
JUND,ANAPC7,1
JUND,TAF7,1
JUND,MYBBP1A,1
JUND,RAD51,1
JUND,STX8,1
JUND,POLR2D,1
JUND,HMGB2,1
JUND,PAPOLA,1
JUND,ARID2,1
JUND,ACTC1,1
JUND,G2E3,1
JUND,GALM,1
JUND,FOXP1,1
JUND,FUBP1,1
JUND,JARID2,1
JUND,CRAT,1
JUND,PRAP1,1
JUND,CCDC82,1
JUND,UGP2,1
JUND,TAF1B,1
JUND,AEBP2,1
JUND,HNRNPR,1
JUND,AATF,1
JUND,MCM3,1
JUND,RSU1,1
JUND,DCLRE1C,1
JUND,HSD17B11,1
JUND,YBX1,1
JUND,NCAPG,1
JUND,SRF,1
JUND,MSH2,1
JUND,COMMD10,1
JUND,RBP4,1
JUND,POLR2G,1
JUND,CCS,1
JUND,HPN,1
JUND,MED14,1
JUND,HDGF,1
JUND,IQCB1,1
JUND,ZNF567,1
JUND,DLGAP5,1
JUND,PAWR,1
JUND,ATIC,1
JUND,SMARCC1,1
JUND,PUS7L,1
JUND,HMMR,1
JUND,TRIM25,1
JUND,DEK,1
JUND,TPD52L1,1
JUND,GMPR2,1
JUND,MYC,1
JUND,MYBL2,1
JUND,FANCL,1
JUND,SP4,1
JUND,PIGH,1
JUND,NUPR1,1
JUND,COMMD3,1
JUND,APOB,1
JUND,TFDP2,1
JUND,HINFP,1
JUND,RRM2,1
JUND,ZNF670,1
JUND,MPHOSPH9,1
JUND,CCND1,1
JUND,PIH1D1,1
JUND,IL6ST,1
JUND,ZNF33A,1
JUND,CRYZL1,1
JUND,DAXX,1
JUND,TCFL5,1
JUND,CCNB1,1
JUND,BPHL,1
JUND,POLR2B,1
JUND,CREB1,1
JUND,NR2F2,1
JUND,MT1X,1
JUND,RNF138,1
JUND,SPTLC3,1
JUND,ATP1B3,1
JUND,ACTL6A,1
JUND,DNMT3A,1
JUND,STMN1,1
JUND,FUCA1,1
JUND,TTF2,1
JUND,GSTK1,1
JUND,ESPL1,1
JUND,ZNF232,1
JUND,CNTRL,1
JUND,MCM2,1
JUND,FOXM1,1
JUND,C1GALT1,1
JUND,FGA,1
JUND,HNF4A,1
JUND,E2F3,1
JUND,MPC1,1
JUND,SIL1,1
JUND,TRIM27,1
JUND,EFNA1,1
JUND,CEBPA,1
JUND,GMPS,1
JUND,APOA2,1
JUND,ZNF638,1
JUND,GGCT,1
JUND,MEST,1
JUND,SALL2,1
JUND,TMEM177,1
JUND,AGT,1
JUND,DEPDC7,1
JUND,THAP11,1
JUND,FBL,1
JUND,TMEM37,1
JUND,GATAD2B,1
JUND,WDYHV1,1
JUND,DPF2,1
JUND,AKR1B1,1
JUND,ASPH,1
JUND,NME2,1
JUND,HMGN2,1
JUND,TAF9B,1
JUND,IRF3,1
JUND,QPCT,1
JUND,F2RL1,1
JUND,ZNF91,1
JUND,TOP2B,1
JUND,RAMP1,1
JUND,HGD,1
JUND,CDKN3,1
JUND,BBS9,1
JUND,C12ORF45,1
JUND,PTMA,1
JUND,NCOA6,1
JUND,OAZ2,1
JUND,F2,1
JUND,ZFP36,1
JUND,AHR,1
JUND,SNAPC1,1
JUND,ACAA1,1
JUND,POLR1E,1
JUND,ZFHX3,1
JUND,SMARCA4,1
JUND,DERA,1
JUND,DPYSL2,1
JUND,ANAPC4,1
JUND,MTAP,1
JUND,APOC1,1
JUND,GALK1,1
JUND,LEAP2,1
JUND,H1F0,1
JUND,JAG1,1
JUND,EPHX2,1
JUND,NR1I3,1
JUND,AHSG,1
JUND,PYGL,1
JUND,FGG,1
JUND,FOXA2,1
JUND,ZNF101,1
JUND,YAF2,1
JUND,KLF5,1
JUND,SULT1A2,1
JUND,ARSE,1
JUND,SPINK1,1
JUND,LDB2,1
JUND,ITGB5,1
JUND,TCF25,1
JUND,FAM151A,1
JUND,TGIF2,1
JUND,DDC,1
JUND,PEG3,1
JUND,SMOX,1
JUND,SLC35D2,1
JUND,MAF,1
JUND,AMBP,1
JUND,F10,1
JUND,FABP1,1
JUND,TTR,1
JUND,HMGN3,1
JUND,EPAS1,1
JUND,HP,1
JUND,FMO5,1
JUND,EHMT2,1
JUND,MTUS1,1
JUND,ACOX2,1
JUND,SERPIND1,1
JUND,MLXIPL,1
JUND,FOXO1,1
JUND,APOC2,1
JUND,HPX,1
JUND,ALB,1
JUND,APOA1,1
JUND,NRIP1,1
JUND,ASGR1,1
JUND,APOC3,1
JUND,NFIB,1
JUND,NR5A2,1
MAFF,TTR,1
MAFF,SULT1A2,1
MAFF,GSTA1,1
MAFF,GSTA2,1
MAFF,CNOT7,1
MAFF,PARP1,1
MAFF,AMBP,1
MAFF,TMEM37,1
MAFF,NDUFAF4,1
MAFF,AHSG,1
MAFF,TCF4,1
MAFF,MAPK1,1
MAFF,RBM39,1
MAFF,NUF2,1
MAFF,MTMR2,1
MAFF,SERPIND1,1
MAFF,ASXL1,1
MAFF,ANXA4,1
MAFF,NCAPG,1
MAFF,TIPIN,1
MAFF,CHAF1A,1
MAFF,RRM1,1
MAFF,EED,1
MAFF,PLAGL2,1
MAFF,TARDBP,1
MAFF,SKA3,1
MAFF,PRMT5,1
MAFF,C12ORF10,1
MAFF,ANKRD1,1
MAFF,APOC1,1
MAFF,LAMC1,1
MAFF,POLB,1
MAFF,TAF11,1
MAFF,ITIH4,1
MAFF,ETV5,1
MAFF,BRIP1,1
MAFF,USP7,1
MAFF,TBL1X,1
MAFF,MCM2,1
MAFF,ZRANB2,1
MAFF,GSN,1
MAFF,FHL2,1
MAFF,UTP18,1
MAFF,DNAJC2,1
MAFF,EWSR1,1
MAFF,AMZ2,1
MAFF,HNRNPK,1
MAFF,BZW2,1
MAFF,LMO7,1
MAFF,SMARCA5,1
MAFF,ACY1,1
MAFF,TRIP13,1
MAFF,TAF1A,1
MAFF,SRSF2,1
MAFF,NUSAP1,1
MAFF,WDHD1,1
MAFF,TTC39C,1
MAFF,SPP1,1
MAFF,NUP85,1
MAFF,RAD51AP1,1
MAFF,PHB2,1
MAFF,ILF2,1
MAFF,SPTLC3,1
MAFF,NIF3L1,1
MAFF,ASNSD1,1
MAFF,CSDE1,1
MAFF,MEP1A,1
MAFF,MTAP,1
MAFF,DDX5,1
MAFF,TMEM69,1
MAFF,PAPOLA,1
MAFF,MRPL1,1
MAFF,C11ORF74,1
MAFF,ZNHIT3,1
MAFF,POLR2B,1
MAFF,GPC3,1
MAFF,TNFAIP3,1
MAFF,HMGN4,1
MAFF,IRF9,1
MAFF,TDP2,1
MAFF,RAD54B,1
MAFF,DDX20,1
MAFF,MYCN,1
MAFF,PAK1IP1,1
MAFF,NOP16,1
MAFF,COPS2,1
MAFF,SIRT2,1
MAFF,ZFAND2A,1
MAFF,AURKA,1
MAFF,YARS,1
MAFF,STMN1,1
MAFF,FGG,1
MAFF,ALG8,1
MAFF,IQCB1,1
MAFF,GALM,1
MAFF,PEG3,1
MAFF,BRCA1,1
MAFF,SUPT16H,1
MAFF,NUDT15,1
MAFF,CCND1,1
MAFF,PYGL,1
MAFF,ETV4,1
MAFF,NAA15,1
MAFF,CEBPZ,1
MAFF,CAMK2D,1
MAFF,EEF1A1,1
MAFF,SMARCC1,1
MAFF,NDUFAF5,1
MAFF,ATG4C,1
MAFF,SNRPB,1
MAFF,AGTRAP,1
MAFF,GMEB1,1
MAFF,WDR12,1
MAFF,PCNA,1
MAFF,UTRN,1
MAFF,SLC7A6,1
MAFF,ZNF589,1
MAFF,ATG5,1
MAFF,IL32,1
MAFF,CREB3L3,1
MAFF,ZNRD1,1
MAFF,NUP54,1
MAFF,SLC35D2,1
MAFF,SMARCD2,1
MAFF,RUVBL1,1
MAFF,TOPORS,1
MAFF,MAD2L1,1
MAFF,CDK5RAP1,1
MAFF,TK1,1
MAFF,GTF2F2,1
MAFF,CACYBP,1
MAFF,NIP7,1
MAFF,MTF2,1
MAFF,MST1,1
MAFF,NR1I3,1
MAFF,CENPU,1
MAFF,VPS72,1
MAFF,TATDN3,1
MAFF,STAT2,1
MAFF,HERPUD1,1
MAFF,MT1X,1
MAFF,LEAP2,1
MAFF,PPIL1,1
MAFF,APOA2,1
MAFF,DNMT3A,1
MAFF,ALDH1A1,1
MAFF,PHF5A,1
MAFF,DNPEP,1
MAFF,SGK1,1
MAFF,FGA,1
MAFF,EFTUD2,1
MAFF,CKAP2,1
MAFF,CENPK,1
MAFF,EIF5B,1
MAFF,ID2,1
MAFF,DDC,1
MAFF,FOXA1,1
MAFF,CEP70,1
MAFF,XRCC5,1
MAFF,NEK2,1
MAFF,BDP1,1
MAFF,THOC1,1
MAFF,HSD17B11,1
MAFF,BTF3,1
MAFF,ZNF770,1
MAFF,TCERG1,1
MAFF,PAWR,1
MAFF,C11ORF1,1
MAFF,PEMT,1
MAFF,CREB3L4,1
MAFF,ILF3,1
MAFF,POLR2K,1
MAFF,HNRNPUL1,1
MAZ,TGIF2,1
MAZ,POU2F1,1
MAZ,DRAP1,1
MAZ,NDUFAF4,1
MAZ,G2E3,1
MAZ,MTF2,1
MAZ,EEF1A1,1
MAZ,ZBTB24,1
MAZ,SIL1,1
MAZ,HDGF,1
MAZ,SRSF2,1
MAZ,DDX20,1
MAZ,TFRC,1
MAZ,CNOT7,1
MAZ,UTP18,1
MAZ,NPM1,1
MAZ,SMAD5,1
MAZ,SSBP2,1
MAZ,WDR43,1
MAZ,GTF3C2,1
MAZ,NOP16,1
MAZ,JARID2,1
MAZ,KLHL7,1
MAZ,TMEM69,1
MAZ,KPNA2,1
MAZ,DNAJC2,1
MAZ,DPH5,1
MAZ,ACADSB,1
MAZ,CHD8,1
MAZ,AFF4,1
MAZ,JMJD1C,1
MAZ,COPS2,1
MAZ,ARID3B,1
MAZ,NUF2,1
MAZ,EHMT2,1
MAZ,TCF3,1
MAZ,CENPU,1
MAZ,SLC38A2,1
MAZ,HNRNPUL1,1
MAZ,CDK4,1
MAZ,DDB2,1
MAZ,HNRNPD,1
MAZ,GPN3,1
MAZ,NCOA6,1
MAZ,YARS,1
MAZ,USP7,1
MAZ,ZNF143,1
MAZ,THRAP3,1
MAZ,EGR1,1
MAZ,DR1,1
MAZ,AEBP2,1
MAZ,KNTC1,1
MAZ,SMARCD2,1
MAZ,GSN,1
MAZ,VPS72,1
MAZ,ORC4,1
MAZ,ZNF398,1
MAZ,CRYZL1,1
MAZ,ECD,1
MAZ,GTF2H3,1
MAZ,HMGN1,1
MAZ,SIRT1,1
MAZ,TATDN3,1
MAZ,DNMT1,1
MAZ,RUVBL2,1
MAZ,NUP85,1
MAZ,TSFM,1
MAZ,TCF19,1
MAZ,RUVBL1,1
MAZ,ATF3,1
MAZ,SRSF1,1
MAZ,ASCC3,1
MAZ,DTWD1,1
MAZ,HNRNPR,1
MAZ,CAMK2D,1
MAZ,ANLN,1
MAZ,ANAPC4,1
MAZ,GEMIN8,1
MAZ,SERTAD3,1
MAZ,RBM39,1
MAZ,TARDBP,1
MAZ,GTF2I,1
MAZ,TAF6,1
MAZ,EHMT1,1
MAZ,C17ORF75,1
MAZ,MATR3,1
MAZ,TBX3,1
MAZ,ZNF33A,1
MAZ,HMGN2,1
MAZ,PIAS3,1
MAZ,ATL2,1
MAZ,SMARCE1,1
MAZ,AMZ2,1
MAZ,GTF2H2,1
MAZ,TBPL1,1
MAZ,ASXL1,1
MAZ,PEMT,1
MAZ,TEX10,1
MAZ,PHB2,1
MAZ,PAFAH1B3,1
MAZ,FOSL2,1
MAZ,RNF19A,1
MAZ,DNMT3A,1
MAZ,UBL7,1
MAZ,SEC11C,1
MAZ,RBPJ,1
MAZ,TGIF1,1
MAZ,SRF,1
MAZ,CDK5RAP1,1
MAZ,BPTF,1
MAZ,NUP54,1
MAZ,ENO1,1
MAZ,DNPEP,1
MAZ,ZNF581,1
MAZ,IRF9,1
MAZ,ILF3,1
MAZ,PWP1,1
MAZ,GTF2E1,1
MAZ,NR3C1,1
MAZ,RAI14,1
MAZ,NUP93,1
MAZ,DDX5,1
MAZ,MYBBP1A,1
MAZ,CCDC82,1
MAZ,TEAD4,1
MAZ,BZW2,1
MAZ,CPSF3,1
MAZ,MCM7,1
MAZ,DAB2,1
MAZ,HDAC1,1
MAZ,GMPS,1
MAZ,ING3,1
MAZ,CSDE1,1
MAZ,PBX1,1
MAZ,PLAGL2,1
MAZ,TAF5,1
MAZ,RNF138,1
MAZ,PRKCE,1
MAZ,RFXANK,1
MAZ,RBBP4,1
MAZ,STAT2,1
MAZ,OAZ2,1
MAZ,SKIL,1
MAZ,DDIT3,1
MAZ,RBBP7,1
MAZ,POLB,1
MAZ,APEH,1
MAZ,IVNS1ABP,1
MAZ,BTG2,1
MAZ,HIF1AN,1
MAZ,PTMA,1
MAZ,HMGN3,1
MAZ,ING1,1
MAZ,ARID2,1
MAZ,G6PC3,1
MAZ,PARPBP,1
MAZ,NUP37,1
MAZ,CREB1,1
MAZ,ATP1B3,1
MAZ,TAF11,1
MAZ,MAPK1,1
MAZ,CDCA3,1
MAZ,C1GALT1,1
MAZ,VTN,1
MAZ,ZNF770,1
MAZ,E2F3,1
MAZ,NR1H3,1
MAZ,ZNF354A,1
MAZ,VRK1,1
MAZ,JAG1,1
MAZ,NT5DC2,1
MAZ,TNFAIP3,1
MAZ,MED14,1
MAZ,DSN1,1
MAZ,SGK1,1
MAZ,HNRNPK,1
MAZ,VEZF1,1
MAZ,ABT1,1
MAZ,DEDD,1
MAZ,NCOA1,1
MAZ,PRC1,1
MAZ,HIPK2,1
MAZ,NEDD1,1
MAZ,DCTPP1,1
MAZ,CTBP1,1
MAZ,CENPN,1
MAZ,IL6ST,1
MAZ,TOPORS,1
MAZ,EED,1
MAZ,CBX3,1
MAZ,RBMX,1
MAZ,NFKBIZ,1
MAZ,LAMB2,1
MAZ,GTF3C5,1
MAZ,BMPR1A,1
MAZ,TRIM25,1
MAZ,SUB1,1
MAZ,WDR5,1
MAZ,SMARCA4,1
MAZ,HIBCH,1
MAZ,XRCC6,1
MAZ,MPHOSPH9,1
MAZ,MST1,1
MAZ,ADNP,1
MAZ,SUV39H2,1
MAZ,GATAD2B,1
MAZ,PHGDH,1
MAZ,CUEDC2,1
MAZ,HERPUD1,1
MAZ,RAB28,1
MAZ,EFTUD2,1
MAZ,PA2G4,1
MAZ,ETV4,1
MAZ,DGAT1,1
MAZ,TIPIN,1
MAZ,EBNA1BP2,1
MAZ,POLR3D,1
MAZ,AHR,1
MAZ,SNRPB,1
MAZ,JUN,1
MAZ,ZFP64,1
MAZ,TDP2,1
MAZ,BRIX1,1
MAZ,RNF2,1
MAZ,WDR54,1
MAZ,TK1,1
MAZ,RNPS1,1
MAZ,SP4,1
MAZ,C19ORF48,1
MAZ,UGP2,1
MAZ,HMGCL,1
MAZ,ZDHHC4,1
MAZ,MPC1,1
MAZ,ACOT7,1
MAZ,SMARCC1,1
MAZ,DCLRE1C,1
MAZ,PCNA,1
MAZ,TOP2B,1
MAZ,POLR2I,1
MAZ,MCM4,1
MAZ,PRMT5,1
MAZ,ANP32E,1
MAZ,ALG6,1
MAZ,TRIM27,1
MAZ,NOL10,1
MAZ,MTTP,1
MAZ,SMAD2,1
MAZ,RARG,1
MAZ,POLR2D,1
MAZ,MED20,1
MAZ,AATF,1
MAZ,BIRC5,1
MAZ,DNMT3B,1
MAZ,SMAD3,1
MAZ,MRPL1,1
MAZ,ZNF397,1
MAZ,POLR1D,1
MAZ,MCM3,1
MAZ,JUND,1
MAZ,NVL,1
MAZ,UQCC1,1
MAZ,LAMC1,1
MAZ,CRABP2,1
MAZ,MCM8,1
MAZ,PRIM1,1
MAZ,TBRG4,1
MAZ,RAD51AP1,1
MAZ,DOT1L,1
MAZ,SLC25A20,1
MAZ,ING5,1
MAZ,PSMG1,1
MAZ,CSRP2,1
MAZ,PDLIM7,1
MAZ,SRRM1,1
MAZ,REST,1
MAZ,TCF7L1,1
MAZ,RNF4,1
MAZ,PPIL1,1
MAZ,ATG5,1
MAZ,DUT,1
MAZ,SIRT2,1
MAZ,TAF7,1
MAZ,SALL2,1
MAZ,DROSHA,1
MAZ,GALK1,1
MAZ,MMS22L,1
MAZ,PIGH,1
MAZ,GNPNAT1,1
MAZ,TCF25,1
MAZ,DPYSL2,1
MAZ,ZNRD1,1
MAZ,MYC,1
MAZ,TMEM120A,1
MAZ,CDKN3,1
MAZ,CUTC,1
MAZ,CEBPA,1
MAZ,CREB3L2,1
MAZ,CEP70,1
MAZ,NUDT15,1
MAZ,KIF22,1
MAZ,GRHL1,1
MAZ,POLR1C,1
MAZ,EZH2,1
MAZ,NFYB,1
MAZ,C11ORF1,1
MAZ,ZNF146,1
MAZ,KAT7,1
MAZ,MMS19,1
MAZ,HMGA1,1
MAZ,BRCA1,1
MAZ,COQ3,1
MAZ,WDYHV1,1
MAZ,HAUS1,1
MAZ,MXD1,1
MAZ,ASPH,1
MAZ,B4GALT3,1
MAZ,WARS,1
MAZ,EIF5B,1
MAZ,ZNF561,1
MAZ,SCAPER,1
MAZ,MTHFD2,1
MAZ,ANXA4,1
MAZ,SUPT16H,1
MAZ,HNRNPH2,1
MAZ,ATIC,1
MAZ,CXXC1,1
MAZ,BBS9,1
MAZ,FOXA2,1
MAZ,TIMM21,1
MAZ,ACY1,1
MAZ,TRIM28,1
MAZ,MRPS27,1
MAZ,MAFF,1
MAZ,AIMP2,1
MAZ,GMPR2,1
MAZ,KLF3,1
MAZ,DPCD,1
MAZ,PAK1IP1,1
MAZ,BPHL,1
MAZ,PEF1,1
MAZ,CHAF1A,1
MAZ,FANCD2,1
MAZ,NIF3L1,1
MAZ,AURKA,1
MAZ,SRSF3,1
MAZ,WDR12,1
MAZ,TAF1B,1
MAZ,EWSR1,1
MAZ,TCERG1,1
MAZ,FHL2,1
MAZ,TMEM37,1
MAZ,ILF2,1
MAZ,DEK,1
MAZ,ETV5,1
MAZ,XPO5,1
MAZ,ID2,1
MAZ,ISY1,1
MAZ,AKR1B1,1
MAZ,GMNN,1
MAZ,NME2,1
MAZ,NDUFAF5,1
MAZ,DAXX,1
MAZ,PDCD11,1
MAZ,THYN1,1
MAZ,PHF5A,1
MAZ,HIST1H1C,1
MAZ,S100A16,1
MAZ,BCOR,1
MAZ,TFE3,1
MAZ,HMGB2,1
MAZ,NRIP1,1
MAZ,NIP7,1
MAZ,PSAT1,1
MAZ,FANCL,1
MAZ,ZRANB2,1
MAZ,HSD17B11,1
MAZ,EFNA1,1
MAZ,PMS1,1
MAZ,POLR2L,1
MAZ,CCND1,1
MAZ,CACYBP,1
MAZ,ZNF638,1
MAZ,TCFL5,1
MAZ,IQGAP2,1
MAZ,BUB1,1
MAZ,APEX1,1
MAZ,E2F8,1
MAZ,GYG1,1
MAZ,FOXP1,1
MAZ,SF3B3,1
MAZ,KIF20B,1
MAZ,DPAGT1,1
MAZ,PPP1R7,1
MAZ,HIST1H1E,1
MAZ,NUP35,1
MAZ,EPAS1,1
MAZ,CDC20,1
MAZ,UCP2,1
MAZ,IMP4,1
MAZ,ZWILCH,1
MAZ,MIS18BP1,1
MAZ,SUPV3L1,1
MAZ,TFDP2,1
MAZ,NEK2,1
MAZ,DDX54,1
MAZ,TF,1
MAZ,C12ORF45,1
MAZ,C11ORF74,1
MAZ,SMOX,1
MAZ,PPFIBP2,1
MAZ,SOX2,1
MAZ,PAWR,1
MAZ,GALM,1
MAZ,APOA1,1
MAZ,IL32,1
MAZ,MTUS1,1
MAZ,RREB1,1
MAZ,FOXA1,1
MAZ,THRB,1
MAZ,HPN,1
MAZ,RBP4,1
MAZ,APOA2,1
MAZ,APOB,1
MAZ,APOC3,1
MAZ,TTR,1
MAZ,NONO,1
MAZ,CREB3L3,1
MAZ,APOC2,1
MAZ,AGT,1
MAZ,F2,1
MAZ,GATA4,1
MAZ,DDC,1
MAZ,F10,1
MAZ,ASGR1,1
MAZ,HP,1
MAZ,FGG,1
MAZ,NR1I3,1
MAZ,PEG3,1
MYBL2,EZH2,1
MYBL2,PLK1,1
MYBL2,HMGB2,1
MYBL2,AURKA,1
MYBL2,G2E3,1
MYBL2,PRMT5,1
MYBL2,ILF2,1
MYBL2,BUB1B,1
MYBL2,CENPF,1
MYBL2,CDC20,1
MYBL2,BUB1,1
MYBL2,BIRC5,1
MYBL2,PRC1,1
MYBL2,TPX2,1
MYBL2,HMGN4,1
MYBL2,SMC4,1
MYBL2,MAZ,1
MYBL2,ECT2,1
MYBL2,TOP2A,1
MYBL2,CCNB1,1
MYBL2,UBE2C,1
MYBL2,NUF2,1
MYBL2,CENPE,1
MYBL2,IRF9,1
MYBL2,CKS2,1
MYBL2,KPNA2,1
MYBL2,UBE2T,1
MYBL2,HIST1H1E,1
MYBL2,NCAPG,1
MYBL2,KIF20B,1
MYBL2,ANLN,1
MYBL2,HMMR,1
MYBL2,NUP35,1
MYBL2,XPO5,1
MYBL2,CDK1,1
MYBL2,KIF23,1
MYBL2,MTF2,1
MYBL2,CBX3,1
MYBL2,TAF6,1
MYBL2,COPS2,1
MYBL2,NDUFAF5,1
MYBL2,KNSTRN,1
MYBL2,TGIF1,1
MYBL2,ATL2,1
MYBL2,MPHOSPH9,1
MYBL2,AURKB,1
MYBL2,TIMM9,1
MYBL2,MIS18BP1,1
MYBL2,PHF5A,1
MYBL2,TK1,1
MYBL2,CDK5RAP1,1
MYBL2,TBL1X,1
MYBL2,CEP70,1
MYBL2,NUSAP1,1
MYBL2,DLGAP5,1
MYBL2,MRPL1,1
MYBL2,FGA,1
MYBL2,ANP32E,1
MYBL2,ETV4,1
MYBL2,SMARCD2,1
MYBL2,RBM39,1
MYBL2,TAF5,1
MYBL2,APOB,1
MYBL2,HP,1
MYBL2,HIST1H1C,1
MYBL2,SNRPB,1
MYBL2,ZNRD1,1
MYBL2,CENPU,1
MYBL2,NUP54,1
MYBL2,RBMX,1
MYBL2,AHSG,1
MYBL2,GALM,1
MYBL2,ZNF232,1
MYBL2,RNASE4,1
MYBL2,ANG,1
MYBL2,TSFM,1
MYBL2,TATDN3,1
MYBL2,DTWD1,1
MYBL2,KIF22,1
MYBL2,NIF3L1,1
MYBL2,ASNSD1,1
MYBL2,CDCA3,1
MYBL2,HMGN2,1
MYBL2,CKAP2,1
MYBL2,GTF2H2,1
MYBL2,GEMIN2,1
MYBL2,G6PC3,1
MYBL2,NEK2,1
MYBL2,NIP7,1
MYBL2,CDKN3,1
MYBL2,CHD8,1
MYBL2,PAK1IP1,1
MYBL2,AASS,1
MYBL2,UQCC1,1
MYBL2,XRCC5,1
MYBL2,SLC7A6,1
MYBL2,FOXM1,1
MYBL2,DCTPP1,1
MYBL2,DCLRE1C,1
MYBL2,MGST2,1
MYBL2,TAF11,1
MYBL2,SRSF3,1
MYBL2,ESPL1,1
MYBL2,SDAD1,1
MYBL2,FASTKD2,1
MYBL2,PA2G4,1
MYBL2,MCM4,1
MYBL2,FANCL,1
MYBL2,SRSF2,1
MYBL2,ANKRD1,1
MYBL2,BRIP1,1
MYBL2,SRSF1,1
MYBL2,EIF5B,1
MYBL2,HIBCH,1
MYBL2,IMP4,1
MYBL2,DRAP1,1
MYBL2,PCNA,1
MYBL2,NOP16,1
MYBL2,DNAJC2,1
MYBL2,ZWINT,1
MYBL2,CENPN,1
MYBL2,CCNB2,1
MYBL2,CAPG,1
MYBL2,HIF1AN,1
MYBL2,FANCD2,1
MYBL2,BPTF,1
MYBL2,CHEK2,1
MYBL2,TCERG1,1
MYBL2,PTTG1,1
MYBL2,MAD2L1,1
MYBL2,UTP18,1
MYBL2,AGT,1
MYBL2,KAT7,1
MYBL2,CXXC1,1
MYBL2,NR1I3,1
MYBL2,ABT1,1
MYBL2,HDAC1,1
MYBL2,MST1,1
MYBL2,SUPV3L1,1
MYBL2,EFTUD2,1
MYBL2,MCM8,1
MYBL2,HSD17B11,1
MYBL2,DCAF13,1
MYBL2,CENPK,1
MYBL2,ZNF300,1
MYBL2,ILF3,1
MYBL2,MTTP,1
MYBL2,HGD,1
MYBL2,ZRANB2,1
MYBL2,APEX1,1
MYBL2,CUEDC2,1
MYBL2,TBPL1,1
MYBL2,SRRM1,1
MYBL2,SKA3,1
MYBL2,POLR1C,1
MYBL2,ZNF398,1
MYBL2,DNMT1,1
MYBL2,YEATS4,1
MYBL2,TARDBP,1
MYBL2,PHB2,1
MYBL2,PARPBP,1
MYBL2,NUP37,1
MYBL2,EWSR1,1
MYBL2,NR1H3,1
MYBL2,ZNF101,1
MYBL2,DR1,1
MYBL2,BRCA1,1
MYBL2,ORC4,1
MYBL2,VPS72,1
MYBL2,TCFL5,1
MYBL2,AIMP2,1
MYBL2,PPIL1,1
MYBL2,CCND1,1
MYBL2,YARS,1
MYBL2,TDP2,1
MYBL2,CETN3,1
MYBL2,POLR1B,1
MYBL2,E2F3,1
MYBL2,ASPH,1
MYBL2,GTF2H3,1
MYBL2,TTC39C,1
MYBL2,RBPJ,1
MYBL2,NOL10,1
MYBL2,RFC4,1
MYBL2,HNRNPK,1
MYBL2,E2F8,1
MYBL2,F10,1
MYBL2,C11ORF1,1
MYBL2,MXD1,1
MYBL2,ATIC,1
MYBL2,F2,1
MYBL2,C11ORF74,1
MYBL2,UCP2,1
MYBL2,GTF2E1,1
MYBL2,THAP1,1
MYBL2,CEBPZ,1
MYBL2,SNRPD1,1
MYBL2,KNTC1,1
MYBL2,BLM,1
MYBL2,GTF2F2,1
MYBL2,GMPR2,1
MYBL2,COPS5,1
MYBL2,BRIX1,1
MYBL2,VTN,1
MYBL2,SRSF10,1
MYBL2,SIRT1,1
MYBL2,HPN,1
MYBL2,NUDT15,1
MYBL2,ING5,1
MYBL2,PRIM1,1
MYBL2,FOXA2,1
MYBL2,BCS1L,1
MYBL2,RRM1,1
MYBL2,LMO7,1
MYBL2,FABP1,1
MYBL2,EEF1A1,1
MYBL2,EFNA1,1
MYBL2,GSN,1
MYBL2,DGAT1,1
MYBL2,AMBP,1
MYBL2,SF3B3,1
MYBL2,TRIM59,1
MYBL2,C9ORF72,1
MYBL2,EED,1
MYBL2,COMMD10,1
MYBL2,MCM3,1
MYBL2,POLR2K,1
MYBL2,ZNF397,1
MYBL2,WDR12,1
MYBL2,GTF3C5,1
MYBL2,ARID3B,1
MYBL2,SUPT16H,1
MYBL2,CNTRL,1
MYBL2,TAF1B,1
MYBL2,GMNN,1
MYBL2,GPN3,1
MYBL2,POLR3D,1
MYBL2,ING3,1
MYBL2,ING1,1
MYBL2,CHEK1,1
MYBL2,APOC2,1
MYBL2,POLR2B,1
MYBL2,DSN1,1
MYBL2,ASXL1,1
MYBL2,COQ3,1
MYBL2,C17ORF75,1
MYBL2,DNMT3A,1
MYBL2,CRAT,1
MYBL2,ARID2,1
MYBL2,ACOX2,1
MYBL2,TNFAIP3,1
MYBL2,RSU1,1
MYBL2,HNRNPD,1
MYBL2,DDX5,1
MYBL2,CAMK2D,1
MYBL2,CACYBP,1
MYBL2,ATG5,1
MYBL2,ZBTB3,1
MYBL2,EBNA1BP2,1
MYBL2,MRPS27,1
MYBL2,AATF,1
MYBL2,MTERF3,1
MYBL2,MELK,1
MYBL2,HNRNPUL1,1
MYBL2,TGIF2,1
MYBL2,RAB28,1
MYBL2,IL32,1
MYBL2,PSIP1,1
MYBL2,GATM,1
MYBL2,GATAD2B,1
MYBL2,FOSL2,1
MYBL2,BZW2,1
MYBL2,ZNF770,1
MYBL2,TTF2,1
MYBL2,EXOSC9,1
MYBL2,RAD51AP1,1
MYBL2,LEAP2,1
MYBL2,CMC1,1
MYBL2,STX8,1
MYBL2,RUVBL2,1
MYBL2,NCOA6,1
MYBL2,ALG8,1
MYBL2,ZNF670,1
MYBL2,ZNF227,1
MYBL2,RUVBL1,1
MYBL2,CSDE1,1
MYBL2,APOA2,1
MYBL2,WBP11,1
MYBL2,TF,1
MYBL2,NFATC2,1
MYBL2,PAFAH1B3,1
MYBL2,E2F4,1
MYBL2,CDK4,1
MYBL2,BTG1,1
MYBL2,PMS1,1
MYBL2,IRF3,1
MYBL2,WDR43,1
MYBL2,TIMM21,1
MYBL2,HMGCL,1
MYBL2,HMGN3,1
MYBL2,DPAGT1,1
MYBL2,DAXX,1
MYBL2,ACY1,1
MYBL2,TRIM27,1
MYBL2,FXR1,1
MYBL2,POLR2I,1
MYBL2,MED4,1
MYBL2,DECR1,1
MYBL2,MED20,1
MYBL2,HNRNPR,1
MYBL2,TMEM69,1
MYBL2,EXOSC3,1
MYBL2,CUTC,1
MYBL2,NEDD1,1
MYBL2,MORN2,1
MYBL2,IL6ST,1
MYBL2,HNF4A,1
MYBL2,ZNF146,1
MYBL2,MATR3,1
MYBL2,CREB1,1
MYBL2,RNF4,1
MYBL2,MMS22L,1
MYBL2,WARS,1
MYBL2,AKR1B1,1
MYBL2,AEBP2,1
MYBL2,UBL7,1
MYBL2,TIPIN,1
MYBL2,MEST,1
MYBL2,ICE2,1
MYBL2,CA2,1
MYBL2,ALB,1
MYBL2,RNF19A,1
MYBL2,MSH2,1
MYBL2,NUP85,1
MYBL2,ZNF581,1
MYBL2,DDX54,1
MYBL2,TBRG4,1
MYBL2,NUP93,1
MYBL2,FAM13A,1
MYBL2,SERPIND1,1
MYBL2,NAA15,1
MYBL2,MTAP,1
MYBL2,GTF3C2,1
MYBL2,ACADSB,1
MYBL2,TEX10,1
MYBL2,LRR1,1
MYBL2,GMPS,1
MYBL2,AMZ2,1
MYBL2,ACTL6A,1
MYBL2,RNPS1,1
MYBL2,PLAGL2,1
MYBL2,EHMT2,1
MYBL2,ID2,1
MYBL2,UGP2,1
MYBL2,TP53,1
MYBL2,NFYB,1
MYBL2,HINFP,1
MYBL2,FOXA1,1
MYBL2,EEF1E1,1
MYBL2,E2F5,1
MYBL2,DNPEP,1
MYBL2,CRYZL1,1
MYBL2,ZNF589,1
MYBL2,JAG1,1
MYBL2,MYBBP1A,1
MYBL2,C1GALT1,1
MYBL2,ANXA4,1
MYBL2,VRK1,1
MYBL2,TERF1,1
MYBL2,KNG1,1
MYBL2,ECD,1
MYBL2,ZNF638,1
MYBL2,THOC1,1
MYBL2,DPH6,1
MYBL2,NDUFAF4,1
MYBL2,CREB3L4,1
MYBL2,CREB3L2,1
MYBL2,ZNF561,1
MYBL2,ZFP64,1
MYBL2,TTR,1
MYBL2,HERPUD1,1
MYBL2,POU2F1,1
MYBL2,NUDT1,1
MYBL2,C12ORF10,1
MYBL2,PYGL,1
MYBL2,MAF,1
MYBL2,FGG,1
MYBL2,ZNF143,1
MYBL2,RRM2,1
MYBL2,RBBP4,1
MYBL2,MEP1A,1
MYBL2,SGK1,1
MYBL2,C19ORF48,1
MYBL2,SIL1,1
MYBL2,JMJD1C,1
MYBL2,DEDD,1
MYBL2,CEBPA,1
MYBL2,HNRNPH2,1
MYBL2,ATF3,1
MYBL2,SLC38A1,1
MYBL2,RFXANK,1
MYBL2,MED30,1
MYBL2,DNASE1,1
MYBL2,CYP3A5,1
MYBL2,BDP1,1
MYBL2,TFRC,1
MYBL2,B4GALT3,1
MYBL2,PDCD11,1
MYBL2,CDKN1A,1
MYBL2,DPH5,1
MYBL2,RAD54B,1
MYBL2,APOA1,1
MYBL2,SSB,1
MYBL2,ANAPC7,1
MYBL2,DDX20,1
MYBL2,ITGB5,1
MYBL2,GNPNAT1,1
MYBL2,E2F7,1
MYBL2,ZNF91,1
MYBL2,ACOT7,1
MYBL2,THYN1,1
MYBL2,HAT1,1
MYBL2,SCAPER,1
MYBL2,RAD51,1
MYBL2,PPT1,1
MYBL2,POLR2D,1
MYBL2,CTPS1,1
MYBL2,CCS,1
MYBL2,BRCA2,1
MYBL2,TOP2B,1
MYBL2,RFC1,1
MYBL2,PUS7L,1
MYBL2,PRKCE,1
MYBL2,ZNF354A,1
MYBL2,TAF1A,1
MYBL2,STAT2,1
MYBL2,MYCN,1
MYBL2,MTMR2,1
MYBL2,IVNS1ABP,1
MYBL2,ARSE,1
MYBL2,RBP4,1
MYBL2,POLB,1
MYBL2,YBX1,1
MYBL2,NODAL,1
MYBL2,MYC,1
MYBL2,ISY1,1
MYBL2,CPSF3,1
MYBL2,PRAP1,1
MYBL2,ASGR1,1
MYBL2,ASCC3,1
MYBL2,SMARCC1,1
MYBL2,NUP88,1
MYBL2,MTHFD2,1
MYBL2,LAMB1,1
MYBL2,GMEB1,1
MYBL2,DDB2,1
MYBL2,SMAD5,1
MYBL2,PARP1,1
MYBL2,COMMD3,1
MYBL2,SRF,1
MYBL2,ECHDC2,1
MYBL2,AHR,1
MYBL2,SULF2,1
MYBL2,STMN1,1
MYBL2,NVL,1
MYBL2,HNRNPAB,1
MYBL2,DDIT4,1
MYBL2,TBX3,1
MYBL2,SERTAD3,1
MYBL2,NR3C1,1
MYBL2,MCM7,1
MYBL2,FLRT3,1
MYBL2,BST2,1
MYBL2,SSBP2,1
MYBL2,PSAT1,1
MYBL2,ATG4C,1
MYBL2,TCF25,1
MYBL2,MCM2,1
MYBL2,IRF1,1
MYBL2,ASNS,1
MYBL2,POLR2G,1
MYBL2,PDZK1,1
MYBL2,NPM1,1
MYBL2,GSTK1,1
MYBL2,GALK1,1
MYBL2,BTG2,1
MYBL2,AXL,1
MYBL2,S100A16,1
MYBL2,PON2,1
MYBL2,NFKBIZ,1
MYBL2,SUV39H2,1
MYBL2,KLHL7,1
MYBL2,CNBP,1
MYBL2,THRAP3,1
MYBL2,SMARCA5,1
MYBL2,PIAS3,1
MYBL2,DDC,1
MYBL2,HMGN1,1
MYBL2,FUBP1,1
MYBL2,TPD52L1,1
MYBL2,SSRP1,1
MYBL2,MPC1,1
MYBL2,DPF2,1
MYBL2,AFF4,1
MYBL2,LAPTM4B,1
MYBL2,TCF3,1
MYBL2,NME2,1
MYBL2,ENO1,1
MYBL2,ZWILCH,1
MYBL2,DAB2,1
MYBL2,GGCT,1
MYBL2,DDIT3,1
MYBL2,FMO5,1
MYBL2,SUB1,1
MYBL2,RFX5,1
MYBL2,POLR2L,1
MYBL2,PEMT,1
MYBL2,NPRL2,1
MYBL2,LAMB2,1
MYBL2,FANCI,1
MYBL2,DPCD,1
MYBL2,PSMG1,1
MYBL2,FUCA1,1
MYBL2,DEPDC7,1
MYBL2,WDR74,1
MYBL2,TRIM25,1
MYBL2,POP5,1
MYBL2,GABPB1,1
MYBL2,ZNF766,1
MYBL2,TFDP2,1
MYBL2,IQCB1,1
MYBL2,EPHX2,1
MYBL2,SPINK1,1
MYBL2,GATA4,1
MYBL2,DROSHA,1
MYBL2,WDHD1,1
MYBL2,POLR1E,1
MYBL2,ZNF567,1
MYBL2,SAAL1,1
MYBL2,CCDC82,1
MYBL2,ZDHHC4,1
MYBL2,TRIM28,1
MYBL2,FOXP1,1
MYBL2,ZNHIT3,1
MYBL2,ZNF33A,1
MYBL2,TAF7,1
MYBL2,GYG1,1
MYBL2,BPHL,1
MYBL2,ZNF74,1
MYBL2,RHOBTB3,1
MYBL2,PAPOLA,1
MYBL2,TAF9B,1
MYBL2,SP100,1
MYBL2,PIGH,1
MYBL2,ETV5,1
MYBL2,TMEM177,1
MYBL2,PWP1,1
MYBL2,ZSCAN21,1
MYBL2,DNAH14,1
MYBL2,HELLS,1
MYBL2,CNOT7,1
MYBL2,APEH,1
MYBL2,SNAPC1,1
MYBL2,PIH1D1,1
MYBL2,CREB3L3,1
MYBL2,PLRG1,1
MYBL2,KIFAP3,1
MYBL2,DEK,1
MYC,G6PC3,1
MYC,YARS,1
MYC,TBL1X,1
MYC,NPM1,1
MYC,GABPB1,1
MYC,NOP16,1
MYC,AIMP2,1
MYC,WDR43,1
MYC,PEMT,1
MYC,TBRG4,1
MYC,NOL10,1
MYC,SUPV3L1,1
MYC,MTHFD2,1
MYC,NME2,1
MYC,ATIC,1
MYC,RNPS1,1
MYC,POLR2I,1
MYC,SNRPD1,1
MYC,GPN3,1
MYC,POLR1B,1
MYC,MATR3,1
MYC,YBX1,1
MYC,EBNA1BP2,1
MYC,PWP1,1
MYC,PAK1IP1,1
MYC,APEX1,1
MYC,POLR1C,1
MYC,DTWD1,1
MYC,DPAGT1,1
MYC,HNRNPK,1
MYC,ZNF202,1
MYC,PDCD11,1
MYC,GTF3C2,1
MYC,NDUFAF5,1
MYC,ZNF146,1
MYC,WDR12,1
MYC,HMGA1,1
MYC,HERPUD1,1
MYC,HNRNPAB,1
MYC,SF3B3,1
MYC,MED20,1
MYC,WDR74,1
MYC,POLR3D,1
MYC,PPIL1,1
MYC,ING5,1
MYC,ALG8,1
MYC,ENO1,1
MYC,TCERG1,1
MYC,DNAJC2,1
MYC,GTF2H3,1
MYC,DPH5,1
MYC,GEMIN8,1
MYC,CNBP,1
MYC,ZWILCH,1
MYC,RUVBL1,1
MYC,NUP35,1
MYC,RBM39,1
MYC,MCM8,1
MYC,TP53,1
MYC,B4GALT3,1
MYC,TFRC,1
MYC,IMP4,1
MYC,SRSF1,1
MYC,EEF1E1,1
MYC,AEBP2,1
MYC,FBL,1
MYC,MXD1,1
MYC,CENPF,1
MYC,PRMT5,1
MYC,CTSC,1
MYC,BCS1L,1
MYC,ANAPC7,1
MYC,DR1,1
MYC,DDX54,1
MYC,MCM7,1
MYC,MTHFD1,1
MYC,CTPS1,1
MYC,AURKA,1
MYC,BRIX1,1
MYC,TIMM9,1
MYC,DCAF13,1
MYC,CDK4,1
MYC,SDAD1,1
MYC,POLR1E,1
MYC,NAA15,1
MYC,HNRNPR,1
MYC,NIP7,1
MYC,NUP88,1
MYC,HNRNPUL1,1
MYC,MYBBP1A,1
MYC,C19ORF48,1
MYC,SNRPB,1
MYC,THOC1,1
MYC,ICE2,1
MYC,PA2G4,1
MYC,ACOT7,1
MYC,BIRC5,1
MYC,ACY1,1
MYC,EFTUD2,1
MYC,MTF2,1
MYC,CENPU,1
MYC,MAZ,1
MYC,PARP1,1
MYC,PAPOLA,1
MYC,GTF2H2,1
MYC,ATL2,1
MYC,TRIM27,1
MYC,ILF3,1
MYC,NUF2,1
MYC,BTF3,1
MYC,PSMG1,1
MYC,TMEM177,1
MYC,TEX10,1
MYC,ZBTB24,1
MYC,FOSL2,1
MYC,TK1,1
MYC,ATG5,1
MYC,WDHD1,1
MYC,PHB2,1
MYC,ILF2,1
MYC,SRSF2,1
MYC,BZW2,1
MYC,NDUFAF4,1
MYC,SMARCC1,1
MYC,AATF,1
MYC,TARBP2,1
MYC,DDX5,1
MYC,MCM2,1
MYC,SMAD5,1
MYC,PLK1,1
MYC,TSFM,1
MYC,SMARCA4,1
MYC,MTERF3,1
MYC,DPH6,1
MYC,E2F5,1
MYC,TRIP13,1
MYC,CKS2,1
MYC,MCM4,1
MYC,HDGF,1
MYC,EEF1A1,1
MYC,CBX3,1
MYC,MRPL1,1
MYC,ZNF589,1
MYC,XPO5,1
MYC,ASNS,1
MYC,FANCI,1
MYC,HNRNPD,1
MYC,CACYBP,1
MYC,SSB,1
MYC,GNPNAT1,1
MYC,HMMR,1
MYC,AMZ2,1
MYC,TRIM28,1
MYC,MCM3,1
MYC,TIPIN,1
MYC,EIF5B,1
MYC,CUTC,1
MYC,SIRT1,1
MYC,DCTPP1,1
MYC,IVNS1ABP,1
MYC,SLC38A1,1
MYC,SSRP1,1
MYC,NUDT15,1
MYC,PMS1,1
MYC,HMGN4,1
MYC,SLC38A2,1
MYC,MMS19,1
MYC,GYG1,1
MYC,ASPH,1
MYC,XRCC5,1
MYC,CMC1,1
MYC,MIS18BP1,1
MYC,THRAP3,1
MYC,PAFAH1B3,1
MYC,PLAGL2,1
MYC,COMMD10,1
MYC,EZH2,1
MYC,HTATSF1,1
MYC,BUB1B,1
MYC,UTP18,1
MYC,ING3,1
MYC,C12ORF45,1
MYC,TCF25,1
MYC,MEST,1
MYC,CCNB1,1
MYC,STMN1,1
MYC,ZNF770,1
MYC,TCOF1,1
MYC,HINFP,1
MYC,CEBPZ,1
MYC,KNTC1,1
MYC,ASCC3,1
MYC,ASXL1,1
MYC,ZNF33A,1
MYC,ZNF143,1
MYC,ZNF644,1
MYC,MAD2L1,1
MYC,POLR2D,1
MYC,MRPS27,1
MYC,SUPT16H,1
MYC,UQCC1,1
MYC,KPNA2,1
MYC,SUV39H2,1
MYC,NFKBIZ,1
MYC,C17ORF75,1
MYC,SRF,1
MYC,MAPK1,1
MYC,NUP54,1
MYC,ZNF766,1
MYC,ZNF232,1
MYC,TAF1B,1
MYC,TGIF2,1
MYC,SRRM1,1
MYC,VPS72,1
MYC,RAI14,1
MYC,RBMX,1
MYC,SMAD2,1
MYC,CDK5RAP1,1
MYC,MPHOSPH9,1
MYC,FOSL1,1
MYC,TAF5,1
MYC,C11ORF1,1
MYC,NR1H3,1
MYC,RFC4,1
MYC,GTF2I,1
MYC,E2F3,1
MYC,ABT1,1
MYC,IQCB1,1
MYC,ZNF398,1
MYC,FUBP1,1
MYC,PON2,1
MYC,RNF138,1
MYC,TATDN3,1
MYC,ATF3,1
MYC,GGCT,1
MYC,ACADSB,1
MYC,MTAP,1
MYC,IRF9,1
MYC,SRSF3,1
MYC,MED4,1
MYC,GTF2F2,1
MYC,ANP32E,1
MYC,DNAH14,1
MYC,DCLRE1C,1
MYC,COMMD3,1
MYC,CPSF3,1
MYC,BDP1,1
MYC,NR2F2,1
MYC,TCFL5,1
MYC,TMEM69,1
MYC,DNPEP,1
MYC,NUP85,1
MYC,RUVBL2,1
MYC,CHEK2,1
MYC,APEH,1
MYC,FASTKD2,1
MYC,LRR1,1
MYC,BPTF,1
MYC,YEATS4,1
MYC,ACTL6A,1
MYC,CNOT7,1
MYC,AURKB,1
MYC,PRKCE,1
MYC,CDCA3,1
MYC,RFC1,1
MYC,GMPS,1
MYC,PCNA,1
MYC,ISY1,1
MYC,ZNRD1,1
MYC,RBPJ,1
MYC,TTF2,1
MYC,MPC1,1
MYC,RHOBTB3,1
MYC,C12ORF10,1
MYC,SMAD3,1
MYC,ANXA4,1
MYC,ASNSD1,1
MYC,POLR1D,1
MYC,G2E3,1
MYC,SHMT2,1
MYC,RNF19A,1
MYC,PHF5A,1
MYC,MTTP,1
MYC,UCP2,1
MYC,WDR5,1
MYC,BRCA2,1
MYC,TIMM21,1
MYC,USP7,1
MYC,LAMC1,1
MYC,KIF22,1
MYC,PUS7L,1
MYC,NUP93,1
MYC,SMARCD2,1
MYC,ZNF581,1
MYC,COPS2,1
MYC,TRIM25,1
MYC,AFF4,1
MYC,TPX2,1
MYC,PARPBP,1
MYC,NUP37,1
MYC,RSU1,1
MYC,PIGH,1
MYC,JMJD1C,1
MYC,CEBPA,1
MYC,GMNN,1
MYC,NR3C1,1
MYC,SLC7A6,1
MYC,PSAT1,1
MYC,SIRT2,1
MYC,DECR1,1
MYC,CETN3,1
MYC,NPRL2,1
MYC,GTF3C5,1
MYC,MST1,1
MYC,ZNF561,1
MYC,ZNF567,1
MYC,IQGAP2,1
MYC,ZFP64,1
MYC,NCOA6,1
MYC,ZRANB2,1
MYC,JARID2,1
MYC,KIF20B,1
MYC,UBL7,1
MYC,HPRT1,1
MYC,MT1X,1
MYC,UGP2,1
MYC,FOXP1,1
MYC,RFC2,1
MYC,THAP1,1
MYC,TGIF1,1
MYC,E2F7,1
MYC,C1GALT1,1
MYC,DNMT3A,1
MYC,HMGA2,1
MYC,SKIL,1
MYC,DNMT3B,1
MYC,AXL,1
MYC,MSH2,1
MYC,AGTRAP,1
MYC,GMPR2,1
MYC,HSD17B11,1
MYC,HMGB2,1
MYC,CENPN,1
MYC,E2F8,1
MYC,NIF3L1,1
MYC,MYBL2,1
MYC,PTMA,1
MYC,EPHX2,1
MYC,NEK2,1
MYC,ZNF638,1
MYC,ORC4,1
MYC,TMEM120A,1
MYC,DAXX,1
MYC,GEMIN2,1
MYC,ECD,1
MYC,S100A16,1
MYC,CRAT,1
MYC,CDKN1A,1
MYC,NFIB,1
MYC,CAMK2D,1
MYC,NT5DC2,1
MYC,ZNF300,1
MYC,ETV4,1
MYC,TOP2A,1
MYC,EFNA1,1
MYC,FOXA1,1
MYC,ETV5,1
MYC,DNASE1,1
MYC,HPN,1
MYC,CTDSPL,1
MYC,MAF,1
MYC,APOA2,1
MYC,DDC,1
MYC,RBP4,1
MYC,MT1G,1
MYC,APOB,1
MYC,ASGR1,1
MYC,AGT,1
MYC,F2,1
MYC,FOXA2,1
MYC,APOA1,1
MYC,LEAP2,1
NR2F2,SMARCD2,1
NR2F2,GMNN,1
NR2F2,TPD52L1,1
NR2F2,NEK2,1
NR2F2,VTN,1
NR2F2,PRIM1,1
NR2F2,SMARCA5,1
NR2F2,PDZK1,1
NR2F2,AIMP2,1
NR2F2,FAM13A,1
NR2F2,DCTPP1,1
NR2F2,HPN,1
NR2F2,CHAF1A,1
NR2F2,ASXL1,1
NR2F2,NUDT15,1
NR2F2,EHMT1,1
NR2F2,AURKA,1
NR2F2,MGST2,1
NR2F2,SKIL,1
NR2F2,WDR12,1
NR2F2,DDX5,1
NR2F2,PCNA,1
NR2F2,UBE2T,1
NR2F2,BZW2,1
NR2F2,ZFHX3,1
NR2F2,YEATS4,1
NR2F2,FXR1,1
NR2F2,TFF1,1
NR2F2,S100A16,1
NR2F2,BRIP1,1
NR2F2,SULF2,1
NR2F2,DDIT4,1
NR2F2,COMMD3,1
NR2F2,APOB,1
NR2F2,TBL1X,1
NR2F2,AASS,1
NR2F2,DDIT3,1
NR2F2,ANXA4,1
NR2F2,THAP1,1
NR2F2,FOXA1,1
NR2F2,IVNS1ABP,1
NR2F2,IRF9,1
NR2F2,BMPR1A,1
NR2F2,TP53,1
NR2F2,MST1,1
NR2F2,DTWD1,1
NR2F2,MATR3,1
NR2F2,LAMC1,1
NR2F2,WDHD1,1
NR2F2,FOXP1,1
NR2F2,PHB2,1
NR2F2,PA2G4,1
NR2F2,MPHOSPH9,1
NR2F2,MEST,1
NR2F2,TTF2,1
NR2F2,ASNSD1,1
NR2F2,ZFYVE21,1
NR2F2,DNPEP,1
NR2F2,HMGN3,1
NR2F2,NR1H3,1
NR2F2,ZNF397,1
NR2F2,CACYBP,1
NR2F2,GTF2H2,1
NR2F2,CDK5RAP1,1
NR2F2,BTG1,1
NR2F2,MAF,1
NR2F2,TMEM120A,1
NR2F2,DSN1,1
NR2F2,AGT,1
NR2F2,GALK1,1
NR2F2,MTF2,1
NR2F2,NEDD1,1
NR2F2,SMARCA4,1
NR2F2,GABPB1,1
NR2F2,PRAP1,1
NR2F2,CREB3L4,1
NR2F2,DNMT3A,1
NR2F2,SSBP2,1
NR2F2,B4GALT3,1
NR2F2,PRMT5,1
NR2F2,XRCC5,1
NR2F2,MTERF3,1
NR2F2,F2,1
NR2F2,NUF2,1
NR2F2,POLR2B,1
NR2F2,HMGB2,1
NR2F2,KIFAP3,1
NR2F2,TATDN3,1
NR2F2,RBM39,1
NR2F2,ACY1,1
NR2F2,DEDD,1
NR2F2,CREB3L3,1
NR2F2,NOP16,1
NR2F2,ILF2,1
NR2F2,TAF1A,1
NR2F2,DPH5,1
NR2F2,MORN2,1
NR2F2,EWSR1,1
NR2F2,PPFIBP2,1
NR2F2,UQCC1,1
NR2F2,CENPU,1
NR2F2,TF,1
NR2F2,EED,1
NR2F2,MRPS27,1
NR2F2,SAAL1,1
NR2F2,BRCA1,1
NR2F2,ZWILCH,1
NR2F2,DECR1,1
NR2F2,POLR1B,1
NR2F2,VEZF1,1
NR2F2,ZNF227,1
NR2F2,C1GALT1,1
NR2F2,MTTP,1
NR2F2,DNASE1,1
NR2F2,NFKBIZ,1
NR2F2,TCFL5,1
NR2F2,TSFM,1
NR2F2,TBRG4,1
NR2F2,E2F3,1
NR2F2,ABT1,1
NR2F2,PARPBP,1
NR2F2,NUP37,1
NR2F2,HDAC1,1
NR2F2,ITGB5,1
NR2F2,HIF1AN,1
NR2F2,CSDE1,1
NR2F2,DGAT1,1
NR2F2,NUP54,1
NR2F2,PHF5A,1
NR2F2,RNF19A,1
NR2F2,ASNS,1
NR2F2,DPAGT1,1
NR2F2,UCP2,1
NR2F2,VPS72,1
NR2F2,FUCA1,1
NR2F2,FANCD2,1
NR2F2,DNAH14,1
NR2F2,AMBP,1
NR2F2,DNAJC2,1
NR2F2,HNRNPD,1
NR2F2,RUVBL1,1
NR2F2,ZNF354A,1
NR2F2,FABP1,1
NR2F2,ZNRD1,1
NR2F2,RBPJ,1
NR2F2,BDP1,1
NR2F2,FASTKD2,1
NR2F2,ECD,1
NR2F2,EGR1,1
NR2F2,NFATC2,1
NR2F2,GGCT,1
NR2F2,AMZ2,1
NR2F2,APOA1,1
NR2F2,DLGAP5,1
NR2F2,HSD17B11,1
NR2F2,BTG2,1
NR2F2,CEBPZ,1
NR2F2,C12ORF10,1
NR2F2,C11ORF74,1
NR2F2,ZNF567,1
NR2F2,NIF3L1,1
NR2F2,CHD8,1
NR2F2,ATG5,1
NR2F2,CCNB1,1
NR2F2,ASPH,1
NR2F2,ANP32E,1
NR2F2,SRSF2,1
NR2F2,SLC38A1,1
NR2F2,MAD2L1,1
NR2F2,G6PC3,1
NR2F2,THYN1,1
NR2F2,COQ3,1
NR2F2,ZNF146,1
NR2F2,CEP70,1
NR2F2,GSTK1,1
NR2F2,PAPOLA,1
NR2F2,GTF2H3,1
NR2F2,ALG8,1
NR2F2,C17ORF75,1
NR2F2,TGIF2,1
NR2F2,WDR43,1
NR2F2,UBL7,1
NR2F2,NDUFAF5,1
NR2F2,GSN,1
NR2F2,RHOBTB3,1
NR2F2,THRAP3,1
NR2F2,ACTL6A,1
NR2F2,MAZ,1
NR2F2,GTF2E1,1
NR2F2,YARS,1
NR2F2,NAA15,1
NR2F2,SNRPB,1
NR2F2,SRSF1,1
NR2F2,POLR1C,1
NR2F2,TBX3,1
NR2F2,SULT1A2,1
NR2F2,TDP2,1
NR2F2,ZFP64,1
NR2F2,CDCA3,1
NR2F2,NR2F6,1
NR2F2,BRIX1,1
NR2F2,BRCA2,1
NR2F2,SUPT16H,1
NR2F2,TNFAIP3,1
NR2F2,TAF11,1
NR2F2,FGA,1
NR2F2,PEMT,1
NR2F2,RFXANK,1
NR2F2,ZNF101,1
NR2F2,CETN3,1
NR2F2,RFC4,1
NR2F2,GNPNAT1,1
NR2F2,U2AF1,1
NR2F2,SIRT2,1
NR2F2,IMP4,1
NR2F2,UGP2,1
NR2F2,KPNA2,1
NR2F2,ZNF770,1
NR2F2,CRAT,1
NR2F2,PLAGL2,1
NR2F2,GPN3,1
NR2F2,DCAF13,1
NR2F2,MCM7,1
NR2F2,KAT7,1
NR2F2,PAK1IP1,1
NR2F2,PPP1R7,1
NR2F2,JMJD1C,1
NR2F2,CDK1,1
NR2F2,ANKRD1,1
NR2F2,IL6ST,1
NR2F2,SPINK1,1
NR2F2,ING5,1
NR2F2,TARBP2,1
NR2F2,NUP35,1
NR2F2,MCM4,1
NR2F2,DERA,1
NR2F2,AKR1B1,1
NR2F2,ACOX2,1
NR2F2,C11ORF1,1
NR2F2,APOC3,1
NR2F2,RFC1,1
NR2F2,HMGN4,1
NR2F2,SLC7A6,1
NR2F2,TIMM9,1
NR2F2,NR1I3,1
NR2F2,ZNF644,1
NR2F2,VRK1,1
NR2F2,ETV4,1
NR2F2,NOL10,1
NR2F2,CENPN,1
NR2F2,DPH6,1
NR2F2,FANCL,1
NR2F2,OAZ2,1
NR2F2,DCLRE1C,1
NR2F2,AFF4,1
NR2F2,ZNF561,1
NR2F2,XPO5,1
NR2F2,EIF5B,1
NR2F2,HIST1H1E,1
NR2F2,HIBCH,1
NR2F2,BPTF,1
NR2F2,SUPV3L1,1
NR2F2,TFRC,1
NR2F2,SRSF3,1
NR2F2,MIS18BP1,1
NR2F2,KIF20B,1
NR2F2,BUB1,1
NR2F2,LMO7,1
NR2F2,POLR2D,1
NR2F2,ARG2,1
NR2F2,ANLN,1
NR2F2,EEF1A1,1
NR2F2,BPHL,1
NR2F2,CMC1,1
NR2F2,POU2F1,1
NR2F2,APOA2,1
NR2F2,ECT2,1
NR2F2,ATL2,1
NR2F2,ATIC,1
NR2F2,COPS2,1
NR2F2,ZNF589,1
NR2F2,DRAP1,1
NR2F2,ASCC3,1
NR2F2,MAPK1,1
NR2F2,UTP18,1
NR2F2,NCAPG,1
NR2F2,BCS1L,1
NR2F2,GEMIN2,1
NR2F2,ZNF143,1
NR2F2,DROSHA,1
NR2F2,AGTRAP,1
NR2F2,ZBTB3,1
NR2F2,ICE2,1
NR2F2,ZNF670,1
NR2F2,POLR2K,1
NR2F2,EXOSC9,1
NR2F2,G2E3,1
NR2F2,ISY1,1
NR2F2,GMPR2,1
NR2F2,MRPL1,1
NR2F2,PAFAH1B3,1
NR2F2,MED4,1
NR2F2,RNASE4,1
NR2F2,ANG,1
NR2F2,PEF1,1
NR2F2,FANCI,1
NR2F2,CKS2,1
NR2F2,RRM1,1
NR2F2,RFX5,1
NR2F2,NUDT1,1
NR2F2,HMGN1,1
NR2F2,DAB2,1
NR2F2,PPIL1,1
NR2F2,GTF3C5,1
NR2F2,RSU1,1
NR2F2,HNRNPK,1
NR2F2,YAF2,1
NR2F2,GTF3C2,1
NR2F2,NDUFAF4,1
NR2F2,PSMG1,1
NR2F2,HMMR,1
NR2F2,DPCD,1
NR2F2,WBP11,1
NR2F2,C19ORF48,1
NR2F2,SERTAD3,1
NR2F2,FAM114A1,1
NR2F2,RFC2,1
NR2F2,POLR3D,1
NR2F2,DAXX,1
NR2F2,MCM3,1
NR2F2,EXOSC3,1
NR2F2,ZNF766,1
NR2F2,ADNP,1
NR2F2,TCF3,1
NR2F2,TAF1B,1
NR2F2,SRRM1,1
NR2F2,MYBBP1A,1
NR2F2,PLK1,1
NR2F2,NODAL,1
NR2F2,HIST1H1C,1
NR2F2,TAF5,1
NR2F2,KIF22,1
NR2F2,GALM,1
NR2F2,CENPK,1
NR2F2,KIF23,1
NR2F2,NIP7,1
NR2F2,GATAD2B,1
NR2F2,TMEM69,1
NR2F2,ZSCAN21,1
NR2F2,HP,1
NR2F2,HNRNPUL1,1
NR2F2,KLHL7,1
NR2F2,ZNF581,1
NR2F2,SSB,1
NR2F2,TRIM27,1
NR2F2,ATG4C,1
NR2F2,GATM,1
NR2F2,SDAD1,1
NR2F2,PWP1,1
NR2F2,MXD1,1
NR2F2,WARS,1
NR2F2,RNPS1,1
NR2F2,ACADSB,1
NR2F2,EFTUD2,1
NR2F2,DDX20,1
NR2F2,RAD51,1
NR2F2,PCGF6,1
NR2F2,ILF3,1
NR2F2,CHEK1,1
NR2F2,SMAD5,1
NR2F2,SKA3,1
NR2F2,RBBP4,1
NR2F2,ZRANB2,1
NR2F2,ZNF202,1
NR2F2,HPX,1
NR2F2,ZNF398,1
NR2F2,SP4,1
NR2F2,RAD51AP1,1
NR2F2,COMMD10,1
NR2F2,CPSF3,1
NR2F2,TARDBP,1
NR2F2,PRKCE,1
NR2F2,EEF1E1,1
NR2F2,APEX1,1
NR2F2,DDC,1
NR2F2,HNF4A,1
NR2F2,SF3B3,1
NR2F2,CDK4,1
NR2F2,CDC20,1
NR2F2,TEX10,1
NR2F2,ATF3,1
NR2F2,PMS1,1
NR2F2,HELLS,1
NR2F2,BTF3,1
NR2F2,ASGR1,1
NR2F2,ZNF638,1
NR2F2,RNF138,1
NR2F2,TCF25,1
NR2F2,MED30,1
NR2F2,NME2,1
NR2F2,MTHFD1,1
NR2F2,RUVBL2,1
NR2F2,IL32,1
NR2F2,FBL,1
NR2F2,CENPF,1
NR2F2,BUB1B,1
NR2F2,TK1,1
NR2F2,EBNA1BP2,1
NR2F2,HNRNPR,1
NR2F2,NUP93,1
NR2F2,APOC2,1
NR2F2,TPX2,1
NR2F2,MCM2,1
NR2F2,CDKN3,1
NR2F2,ANAPC7,1
NR2F2,TMEM177,1
NR2F2,TBPL1,1
NR2F2,PLA2G12B,1
NR2F2,STX8,1
NR2F2,MED20,1
NR2F2,ING3,1
NR2F2,ZNF74,1
NR2F2,EFNA1,1
NR2F2,KNG1,1
NR2F2,THOC1,1
NR2F2,KNTC1,1
NR2F2,BIRC5,1
NR2F2,CTSC,1
NR2F2,PDCD11,1
NR2F2,CXXC1,1
NR2F2,CENPE,1
NR2F2,AHSG,1
NR2F2,RBMX,1
NR2F2,NVL,1
NR2F2,LRR1,1
NR2F2,ORC4,1
NR2F2,ZNF232,1
NR2F2,TERF1,1
NR2F2,CNOT7,1
NR2F2,NPM1,1
NR2F2,YBX1,1
NR2F2,TTC39C,1
NR2F2,MTUS1,1
NR2F2,HERPUD1,1
NR2F2,ZNHIT3,1
NR2F2,RAMP1,1
NR2F2,POLB,1
NR2F2,SLC38A2,1
NR2F2,HNRNPH2,1
NR2F2,FOSL2,1
NR2F2,CDKN1A,1
NR2F2,RARG,1
NR2F2,GATA4,1
NR2F2,CNBP,1
NR2F2,NUP88,1
NR2F2,SSRP1,1
NR2F2,HINFP,1
NR2F2,DUT,1
NR2F2,ZNF91,1
NR2F2,HNRNPAB,1
NR2F2,POLR2I,1
NR2F2,CCDC82,1
NR2F2,CCND1,1
NR2F2,SMARCE1,1
NR2F2,SERPIND1,1
NR2F2,TTR,1
NR2F2,E2F5,1
NR2F2,RBP4,1
NR2F2,LEAP2,1
NR2F2,ZNF300,1
NR2F2,CCNB2,1
NR2F2,MEP1A,1
NR2F2,SNRPD1,1
NR2F2,MT1X,1
NR2F2,ID2,1
NR2F2,PLRG1,1
NR2F2,MMS22L,1
NR2F2,SIL1,1
NR2F2,RGN,1
NR2F2,ING1,1
NR2F2,SP100,1
NR2F2,ZNF33A,1
NR2F2,FGG,1
NR2F2,UBE2C,1
NR2F2,HGD,1
NR2F2,CAPG,1
NR2F2,MSH2,1
NR2F2,TOP2A,1
NR2F2,CKAP2,1
NR2F2,KNSTRN,1
NR2F2,DNMT1,1
NR2F2,NUP85,1
NR2F2,ALG6,1
NR2F2,ERCC8,1
NR2F2,CEBPA,1
NR2F2,MCM8,1
NR2F2,CAMK2D,1
NR2F2,FOXA2,1
NR2F2,NUSAP1,1
NR2F2,PSIP1,1
NR2F2,FLRT3,1
NR2F2,TIMM21,1
NR2F2,RRM2,1
NR2F2,MTHFD2,1
NR2F2,AATF,1
NR2F2,SUV39H2,1
NR2F2,NCOA6,1
NR2F2,ETV5,1
NR2F2,COPS5,1
NR2F2,XRCC6,1
NR2F2,JUN,1
NR2F2,MYCN,1
NR2F2,E2F4,1
NR2F2,CREB1,1
NR2F2,DR1,1
NR2F2,ARID3B,1
NR2F2,STMN1,1
NR2F2,MTMR2,1
NR2F2,TDGF1,1
NR2F2,ATP1B3,1
NR2F2,TOPORS,1
NR2F2,BBS9,1
NR2F2,CUTC,1
NR2F2,TCF19,1
NR2F2,TRIM28,1
NR2F2,AEBP2,1
NR2F2,F10,1
NR2F2,ENO1,1
NR2F2,AURKB,1
NR2F2,MTAP,1
NR2F2,SNAPC1,1
NR2F2,GTF2F2,1
NR2F2,BST2,1
NR2F2,THAP11,1
NR2F2,NPRL2,1
NR2F2,TAF6,1
NR2F2,HMGCL,1
NR2F2,EZH2,1
NR2F2,CUEDC2,1
NR2F2,PRC1,1
NR2F2,TCERG1,1
NR2F2,PPT1,1
NR2F2,SEC11C,1
NR2F2,PON2,1
NR3C1,SMARCD2,1
NR3C1,RBM39,1
NR3C1,RBPJ,1
NR3C1,CENPU,1
NR3C1,ASXL1,1
NR3C1,FANCD2,1
NR3C1,GTF2H3,1
NR3C1,ECD,1
NR3C1,RRM1,1
NR3C1,CXXC1,1
REST,DAXX,1
REST,C3ORF14,1
REST,DNMT3A,1
REST,EXOSC3,1
REST,DUT,1
REST,HMGN2,1
REST,SEC11C,1
REST,DPYSL2,1
REST,PIGH,1
REST,KLHL7,1
REST,HIST1H1E,1
REST,TFRC,1
REST,MAD2L1,1
REST,NRIP1,1
REST,ANP32E,1
REST,CDK5RAP1,1
REST,RAB28,1
REST,BTF3,1
REST,TAF5,1
REST,PMAIP1,1
REST,HNRNPD,1
REST,MORN2,1
REST,POLR2B,1
REST,LHX1,1
REST,ID2,1
REST,BTG1,1
REST,NUP35,1
REST,SRSF2,1
REST,NUF2,1
REST,ZFP64,1
REST,RBM39,1
REST,NIF3L1,1
REST,EPAS1,1
REST,DTWD1,1
REST,MTF2,1
REST,EEF1A1,1
REST,DDX5,1
REST,NDUFAF5,1
REST,TATDN3,1
REST,THYN1,1
REST,IRF9,1
REST,POLR3D,1
REST,SF3B3,1
REST,CBX3,1
REST,ASXL1,1
REST,SKA3,1
REST,TAF6,1
REST,TSFM,1
REST,DCAF13,1
REST,SNRPB,1
REST,ZWILCH,1
REST,NUDT15,1
REST,NUP54,1
REST,MATR3,1
REST,NR1H3,1
REST,SLC38A2,1
REST,MRPL1,1
REST,XPO5,1
REST,BZW2,1
REST,YARS,1
REST,CHEK1,1
REST,SRSF1,1
REST,NPM1,1
REST,POLR1B,1
REST,SUB1,1
REST,PCNA,1
REST,TOPORS,1
REST,CETN3,1
REST,ATF3,1
REST,ZNHIT3,1
REST,GTF2H3,1
REST,GTF3C5,1
REST,DDIT4,1
REST,G6PC3,1
REST,TBRG4,1
REST,DGAT1,1
REST,SRSF3,1
REST,JUN,1
REST,MPHOSPH9,1
REST,ZNF397,1
REST,FASTKD2,1
REST,C17ORF75,1
REST,MTHFD2,1
REST,BRIX1,1
REST,HMGCL,1
REST,CSDE1,1
REST,TIPIN,1
REST,MTERF3,1
REST,VEZF1,1
REST,GTF2H2,1
REST,NOL10,1
REST,KNTC1,1
REST,ZNF770,1
REST,SNRPD1,1
REST,WDR43,1
REST,EED,1
REST,NCAPG,1
REST,ZNRD1,1
REST,MRPS27,1
REST,JMJD1C,1
REST,MCM8,1
REST,VPS72,1
REST,ACADSB,1
REST,HERPUD1,1
REST,ZNF143,1
REST,THOC1,1
REST,SMARCD2,1
REST,DR1,1
REST,ADNP,1
REST,NCOA6,1
REST,ECD,1
REST,ATP1B3,1
REST,CKS2,1
REST,MED4,1
REST,ICE2,1
REST,MST1,1
REST,HNRNPK,1
REST,DNAJC2,1
REST,SRRM1,1
REST,ABT1,1
REST,IVNS1ABP,1
REST,ATG5,1
REST,TNNI3,1
REST,FANCD2,1
REST,UGP2,1
REST,ZNF398,1
REST,GABPB1,1
REST,UQCC1,1
REST,GTF2I,1
REST,UBL7,1
REST,PRMT5,1
REST,MTMR2,1
REST,SAAL1,1
REST,NIP7,1
REST,CENPK,1
REST,NFKBIZ,1
REST,RBPJ,1
REST,XRCC5,1
REST,MAZ,1
REST,THAP1,1
REST,CEBPZ,1
REST,GSN,1
REST,RFXANK,1
REST,ENO1,1
REST,BPTF,1
REST,SSBP2,1
REST,GPN3,1
REST,TRIM25,1
REST,HIBCH,1
REST,TAF11,1
REST,TARDBP,1
REST,DPH5,1
REST,ILF2,1
REST,RNPS1,1
REST,HIST1H1C,1
REST,AIMP2,1
REST,HMGB2,1
REST,SGK1,1
REST,PHB2,1
REST,ILF3,1
REST,TAF7,1
REST,C19ORF48,1
REST,GTF3C2,1
REST,HNRNPAB,1
REST,PWP1,1
REST,PARPBP,1
REST,NUP37,1
REST,NOP16,1
REST,HMGN4,1
REST,MXD1,1
REST,ASNS,1
REST,C1GALT1,1
REST,PPT1,1
REST,ATG4C,1
REST,TBL1X,1
REST,CACYBP,1
REST,EIF5B,1
REST,TP53,1
REST,PLAGL2,1
REST,KIF20B,1
REST,KPNA2,1
REST,RUVBL1,1
REST,KAT7,1
REST,ZNF91,1
REST,GATM,1
REST,CMC1,1
REST,CRYZL1,1
REST,DDIT3,1
REST,AURKA,1
REST,AMZ2,1
REST,NUDT1,1
REST,CNOT7,1
REST,AFF4,1
REST,CNBP,1
REST,SIRT1,1
REST,POLB,1
REST,TF,1
REST,AEBP2,1
REST,ASNSD1,1
REST,TBPL1,1
REST,WDR74,1
REST,COPS2,1
REST,ATIC,1
REST,E2F3,1
REST,POLR2I,1
REST,CCND1,1
REST,ETV5,1
REST,PDCD11,1
REST,EEF1E1,1
REST,FXR1,1
REST,CENPU,1
REST,TK1,1
REST,SUPV3L1,1
REST,FUBP1,1
REST,COPS5,1
REST,EXOSC9,1
REST,NUP85,1
REST,YEATS4,1
REST,APEX1,1
REST,RFC1,1
REST,NUP88,1
REST,ASPH,1
REST,PPIL1,1
REST,PMS1,1
REST,POLR2D,1
REST,ING3,1
REST,TRIM28,1
REST,POLR1C,1
REST,HNRNPR,1
REST,BDP1,1
REST,ING1,1
REST,SIL1,1
REST,CUTC,1
REST,XRCC6,1
REST,ATL2,1
REST,ZNF638,1
REST,FANCL,1
REST,POLR2K,1
REST,RFC2,1
REST,KIF22,1
REST,TDP2,1
REST,DDX54,1
REST,MCM4,1
REST,SDAD1,1
REST,MCM2,1
REST,OAZ2,1
REST,LRR1,1
REST,ORC4,1
REST,GMNN,1
REST,TBX3,1
REST,YBX1,1
REST,MMS19,1
REST,COQ3,1
REST,U2AF1,1
REST,TMEM69,1
REST,WDR12,1
REST,EFTUD2,1
REST,XBP1,1
REST,PSMG1,1
REST,BBS9,1
REST,STX8,1
REST,ASCC3,1
REST,ZRANB2,1
REST,NFYB,1
REST,ALG8,1
REST,ISY1,1
REST,NDUFAF4,1
REST,ING5,1
REST,ARID2,1
REST,GTF2F2,1
REST,PSIP1,1
REST,BTG2,1
REST,COMMD3,1
REST,STMN1,1
REST,CRAT,1
REST,AATF,1
REST,MYC,1
REST,RNF19A,1
REST,CCNB2,1
REST,PA2G4,1
REST,HMMR,1
REST,TRIM27,1
REST,IRF1,1
REST,ZNF202,1
REST,PSAT1,1
REST,GSTK1,1
REST,ZNF766,1
REST,FEN1,1
REST,ZNF589,1
REST,EBNA1BP2,1
REST,NUSAP1,1
REST,KNSTRN,1
REST,ASL,1
REST,RHOBTB3,1
REST,G2E3,1
REST,SMARCA5,1
REST,COMMD10,1
REST,PHF5A,1
REST,PIM2,1
REST,MYBBP1A,1
REST,IQCB1,1
REST,ZNF561,1
REST,PAPOLA,1
REST,EWSR1,1
REST,ZNF232,1
REST,DNAH14,1
REST,RRM1,1
REST,TAF1B,1
REST,TEX10,1
REST,ELL2,1
REST,ACTL6A,1
REST,SERTAD3,1
REST,IL6ST,1
REST,SMC4,1
REST,HIF1AN,1
REST,SLC38A1,1
REST,PRIM1,1
REST,BRIP1,1
REST,CREB1,1
REST,TCERG1,1
REST,RFC4,1
REST,DRAP1,1
REST,BUB1,1
REST,DSN1,1
REST,DPH6,1
REST,GTF2E1,1
REST,FLRT3,1
REST,CPSF3,1
REST,BLM,1
REST,TERF1,1
REST,CREB3L2,1
REST,FANCI,1
REST,RSU1,1
REST,PTMA,1
REST,SMARCC1,1
REST,ANAPC7,1
REST,RAD54B,1
REST,ZNF33A,1
REST,GGCT,1
REST,POLR2L,1
REST,NAA15,1
REST,SSRP1,1
REST,MCM7,1
REST,CCS,1
REST,POLR1E,1
REST,SSB,1
REST,PON2,1
REST,MTTP,1
REST,DEDD,1
REST,MSH2,1
REST,BIRC5,1
REST,THRAP3,1
REST,ACAD11,1
REST,WDYHV1,1
REST,TIMM9,1
REST,UTP18,1
REST,UCP2,1
REST,CDKN1A,1
REST,ZNF644,1
REST,PAK1IP1,1
REST,SUPT16H,1
REST,SMAD5,1
REST,HSD17B11,1
REST,GEMIN2,1
REST,FOSL2,1
REST,MPC1,1
REST,WBP11,1
REST,ZNF300,1
REST,HINFP,1
REST,LAMB2,1
REST,HMGN1,1
REST,ETV4,1
REST,ZNF74,1
REST,MED20,1
REST,AHR,1
REST,SMARCE1,1
REST,SMARCA4,1
REST,POP5,1
REST,HDGF,1
REST,MIS18BP1,1
REST,SP100,1
REST,TPX2,1
REST,CEBPA,1
REST,GNPNAT1,1
REST,E2F5,1
REST,BPHL,1
REST,CCDC82,1
REST,ACAA1,1
REST,PLK1,1
REST,ZNF567,1
REST,TFDP2,1
REST,ANXA4,1
REST,DNPEP,1
REST,C12ORF10,1
REST,RNF138,1
REST,TCF25,1
REST,GMPS,1
REST,TCFL5,1
REST,ACOT7,1
REST,HDAC1,1
REST,IMP4,1
REST,DCLRE1C,1
REST,HMGA1,1
REST,MT1X,1
REST,MAPK1,1
REST,DCTPP1,1
REST,HMGN3,1
REST,NPRL2,1
REST,STAT2,1
REST,DEPDC7,1
REST,CREG1,1
REST,TFDP1,1
REST,TNFAIP3,1
REST,NUP93,1
REST,CXXC1,1
REST,SUV39H2,1
REST,RRM2,1
REST,ACY1,1
REST,MCM3,1
REST,PPP1R7,1
REST,ALG6,1
REST,EPHX2,1
REST,USP7,1
REST,TGIF1,1
REST,CHD8,1
REST,E2F4,1
REST,BRCA1,1
REST,MELK,1
REST,CENPN,1
REST,NEDD1,1
REST,FHL2,1
REST,DERA,1
REST,ANAPC4,1
REST,SNAPC1,1
REST,HELLS,1
REST,MGST2,1
REST,TMEM177,1
REST,PYGL,1
REST,LAMC1,1
REST,PIAS2,1
REST,DECR1,1
REST,FAM13A,1
REST,APOA2,1
REST,CBR1,1
REST,NME2,1
REST,NEK2,1
REST,CTPS1,1
REST,SMAD3,1
REST,APOB,1
REST,CDKN3,1
REST,MTUS1,1
REST,EFNA1,1
REST,JAG1,1
REST,NCOA1,1
REST,H1F0,1
REST,PLA2G12B,1
REST,RNF2,1
REST,JUND,1
REST,VRK1,1
REST,SMOX,1
REST,LCMT1,1
REST,BSCL2,1
REST,TMEM120A,1
REST,MAFF,1
REST,FABP1,1
REST,MED30,1
REST,TEAD4,1
REST,DDAH1,1
REST,DDC,1
REST,FGA,1
REST,F2,1
REST,NR2F2,1
REST,SLC7A6,1
REST,BLVRA,1
REST,LMO7,1
REST,DEK,1
REST,F10,1
REST,JARID2,1
REST,HPN,1
REST,TGIF2,1
REST,MLXIPL,1
REST,GALM,1
REST,PAWR,1
REST,GMPR2,1
REST,HGD,1
REST,FOXA1,1
REST,IQGAP2,1
REST,ZFYVE21,1
REST,MYCN,1
REST,SERPIND1,1
REST,ZNF101,1
REST,ITGB5,1
REST,SLC35D2,1
REST,GATA4,1
REST,TTR,1
REST,FOXA2,1
REST,RBP4,1
REST,GRHL1,1
REST,ALB,1
REST,FOXO1,1
REST,AMBP,1
REST,AHSG,1
REST,AGT,1
REST,BCOR,1
REST,FMO5,1
REST,APOC2,1
REST,FGG,1
REST,ASGR1,1
REST,TFE3,1
REST,LEAP2,1
REST,HP,1
REST,ZFHX3,1
REST,APOA1,1
REST,KDELR3,1
REST,MAF,1
REST,PEG3,1
REST,HNF4A,1
REST,ACOX2,1
REST,GPC3,1
REST,VTN,1
REST,HPX,1
REST,MYBL2,1
REST,ANXA3,1
REST,QPCT,1
RFX5,MXD1,1
RFX5,CKS2,1
RFX5,TOP2B,1
RFX5,DDB2,1
RFX5,DPCD,1
RFX5,APOC1,1
RFX5,HNRNPH2,1
RFX5,CKAP2,1
RFX5,DDIT4,1
RFX5,SRSF3,1
RFX5,CCND1,1
RFX5,CDK4,1
RFX5,ILF2,1
RFX5,RUVBL1,1
RFX5,SOX4,1
RFX5,UCP2,1
RFX5,AIMP2,1
RFX5,SMARCD2,1
RFX5,AASS,1
RFX5,CENPU,1
RFX5,TFDP2,1
RFX5,BTG1,1
RFX5,CCNB1,1
RFX5,MTHFD2,1
RFX5,FOXA1,1
RFX5,TARBP2,1
RFX5,ZNRD1,1
RFX5,HMGN3,1
RFX5,PEF1,1
RFX5,CENPK,1
RFX5,XBP1,1
RFX5,PRMT5,1
RFX5,GTF2I,1
RFX5,GTF2E1,1
RFX5,COPS2,1
RFX5,CREB3L2,1
RFX5,TMEM69,1
RFX5,PSAT1,1
RFX5,ZNHIT3,1
RFX5,MLF1,1
RFX5,BDP1,1
RFX5,BRCA1,1
RFX5,UBE2T,1
RFX5,NFYB,1
RFX5,DCTPP1,1
RFX5,PCNA,1
RFX5,E2F3,1
RFX5,AKR1B1,1
RFX5,TCERG1,1
RFX5,SIRT2,1
RFX5,YARS,1
RFX5,POLR2I,1
RFX5,KAT7,1
RFX5,HMGB2,1
RFX5,CCNB2,1
RFX5,ING3,1
RFX5,AURKB,1
RFX5,NUF2,1
RFX5,TATDN3,1
RFX5,ACTL6A,1
RFX5,GMPR2,1
RFX5,HMGN4,1
RFX5,ZFYVE21,1
RFX5,HNRNPUL1,1
RFX5,DTWD1,1
RFX5,KLF5,1
RFX5,SSBP2,1
RFX5,ZNF143,1
RFX5,MED30,1
RFX5,PDCD11,1
RFX5,ASL,1
RFX5,ATG5,1
RFX5,VEZF1,1
RFX5,NUP88,1
RFX5,XRCC6,1
RFX5,MCM3,1
RFX5,CDK5RAP1,1
RFX5,CXXC1,1
RFX5,ZNF675,1
RFX5,ACAD11,1
RFX5,NOP16,1
RFX5,IQCB1,1
RFX5,ABT1,1
RFX5,ECD,1
RFX5,BRIP1,1
RFX5,TRIM28,1
RFX5,FANCD2,1
RFX5,MTF2,1
RFX5,ZBTB3,1
RFX5,RRM1,1
RFX5,C12ORF10,1
RFX5,RUVBL2,1
RFX5,ECT2,1
RFX5,CREB3L4,1
RFX5,GGCT,1
RFX5,VPS72,1
RFX5,MCM7,1
RFX5,CDKN3,1
RFX5,GTF2H3,1
RFX5,NIP7,1
RFX5,TOP2A,1
RFX5,AURKA,1
RFX5,RSU1,1
RFX5,RBPJ,1
RFX5,ETV5,1
RFX5,WARS,1
RFX5,STAT2,1
RFX5,TERF1,1
RFX5,TK1,1
RFX5,PRC1,1
RFX5,SNRPB,1
RFX5,CHAF1A,1
RFX5,C11ORF1,1
RFX5,SRRM1,1
RFX5,TPX2,1
RFX5,CDK1,1
RFX5,SMARCA5,1
RFX5,DROSHA,1
RFX5,TMEM120A,1
RFX5,CNTRL,1
RFX5,MRPS27,1
RFX5,IRF9,1
RFX5,NIF3L1,1
RFX5,ZNF766,1
RFX5,ZNF397,1
RFX5,LCMT1,1
RFX5,RNPS1,1
RFX5,MED14,1
RFX5,SERTAD3,1
RFX5,NR1H3,1
RFX5,ARG2,1
RFX5,HERPUD1,1
RFX5,MSH2,1
RFX5,NEK2,1
RFX5,PAK1IP1,1
RFX5,POLR1E,1
RFX5,MPHOSPH9,1
RFX5,BLM,1
RFX5,KIFAP3,1
RFX5,HIBCH,1
RFX5,GTF3C5,1
RFX5,MCM5,1
RFX5,MRPL1,1
RFX5,RFC2,1
RFX5,WDHD1,1
RFX5,THOC1,1
RFX5,NUP54,1
RFX5,CCDC82,1
RFX5,ILF3,1
RFX5,JARID2,1
RFX5,TIMM9,1
RFX5,NDUFAF5,1
RFX5,SP4,1
RFX5,BPTF,1
RFX5,MPC1,1
RFX5,GTF2H2,1
RFX5,KLHL7,1
RFX5,ID2,1
RFX5,DCLRE1C,1
RFX5,CENPE,1
RFX5,ZNF770,1
RFX5,UQCC1,1
RFX5,C11ORF74,1
RFX5,KIF23,1
RFX5,RBBP4,1
RFX5,KIF22,1
RFX5,PPIL1,1
RFX5,CRYZL1,1
RFX5,ZNF91,1
RFX5,LAPTM4B,1
RFX5,ISY1,1
RFX5,RBM39,1
RFX5,C17ORF75,1
RFX5,EXOSC9,1
RFX5,U2AF1,1
RFX5,PHB2,1
RFX5,MMS22L,1
RFX5,EIF5B,1
RFX5,FOSB,1
RFX5,EEF1A1,1
RFX5,RFC1,1
RFX5,F10,1
RFX5,MED20,1
RFX5,POLB,1
RFX5,HNRNPR,1
RFX5,ING5,1
RFX5,DDX5,1
RFX5,HAT1,1
RFX5,MCM8,1
RFX5,ATF3,1
RFX5,APEX1,1
RFX5,EFTUD2,1
RFX5,SOX2,1
RFX5,PRKCE,1
RFX5,PPP1R7,1
RFX5,CPSF3,1
RFX5,ZNF33A,1
RFX5,DSN1,1
RFX5,TBPL1,1
RFX5,NUP35,1
RFX5,CEBPZ,1
RFX5,CENPN,1
RFX5,ATL2,1
RFX5,NR2F2,1
RFX5,NEDD1,1
RFX5,NUDT15,1
RFX5,NOL10,1
RFX5,CNOT7,1
RFX5,NUDT1,1
RFX5,HIST1H1C,1
RFX5,TTC39C,1
RFX5,ELL2,1
RFX5,FASTKD2,1
RFX5,TDP2,1
RFX5,MAD2L1,1
RFX5,PHF5A,1
RFX5,MST1,1
RFX5,GTF3C2,1
RFX5,GATA4,1
RFX5,POLR1C,1
RFX5,AATF,1
RFX5,SRSF2,1
RFX5,CBX3,1
RFX5,SRSF1,1
RFX5,GRHL1,1
RFX5,CHD8,1
RFX5,SKIL,1
RFX5,E2F8,1
RFX5,GPC3,1
RFX5,MAZ,1
RFX5,SLC7A6,1
RFX5,CREB1,1
RFX5,KNSTRN,1
RFX5,ASCC3,1
RFX5,GMNN,1
RFX5,DNMT3A,1
RFX5,RFC4,1
RFX5,SUV39H2,1
RFX5,PAPOLA,1
RFX5,JUND,1
RFX5,ZNF638,1
RFX5,BRCA2,1
RFX5,UGP2,1
RFX5,SPTLC3,1
RFX5,APOB,1
RFX5,TCFL5,1
RFX5,TMEM37,1
RFX5,SERPIND1,1
RFX5,AFF4,1
RFX5,GNPNAT1,1
RFX5,MAF,1
RFX5,POLR1B,1
RUVBL1,PRMT5,1
RUVBL1,ILF2,1
RUVBL1,RNASE4,1
RUVBL1,ANG,1
RUVBL1,SRSF3,1
RUVBL1,RBM39,1
RUVBL1,SF3B3,1
RUVBL1,KNTC1,1
SMARCA4,GSN,1
SMARCA4,EEF1A1,1
SMARCA4,RNF19A,1
SMARCA4,TEX10,1
SMARCA4,TCERG1,1
SMARCA4,REST,1
SMARCA4,ANP32E,1
SMARCA4,DTWD1,1
SMARCA4,ZFP64,1
SMARCA4,NEDD1,1
SMARCA4,ELL2,1
SMARCA4,F3,1
SMARCA4,RNF2,1
SMARCA4,GYG1,1
SMARCA4,PSAT1,1
SMARCA4,BZW2,1
SMARCA4,NFKBIZ,1
SMARCA4,RUVBL1,1
SMARCA4,TRERF1,1
SMARCA4,RHOBTB3,1
SMARCA4,MPC1,1
SMARCA4,TGIF2,1
SMARCA4,MTHFD2,1
SMARCA4,BPHL,1
SMARCA4,THYN1,1
SMARCA4,ATIC,1
SMARCA4,MTMR2,1
SMARCA4,PCNA,1
SMARCA4,CREB1,1
SMARCA4,ATL2,1
SMARCA4,RBBP4,1
SMARCA4,SGK1,1
SMARCA4,GLIPR2,1
SMARCA4,AATF,1
SMARCA4,ANXA4,1
SMARCA4,TFDP2,1
SMARCA4,AHR,1
SMARCA4,ZNF638,1
SMARCA4,MXD1,1
SMARCA4,TOP2B,1
SMARCA4,JMJD1C,1
SMARCA4,PLAGL2,1
SMARCA4,VEZF1,1
SMARCA4,DERA,1
SMARCA4,HIST1H1C,1
SMARCA4,TRIM27,1
SMARCA4,HERPUD1,1
SMARCA4,DPH6,1
SMARCA4,TFRC,1
SMARCA4,SMARCE1,1
SMARCA4,FAM114A1,1
SMARCA4,NFATC2,1
SMARCA4,PRC1,1
SMARCA4,SMAD5,1
SMARCA4,GATM,1
SMARCA4,SRSF2,1
SMARCA4,KLHL7,1
SMARCA4,ZNF143,1
SMARCA4,PSMG1,1
SMARCA4,NRIP1,1
SMARCA4,MATR3,1
SMARCA4,BMPR1A,1
SMARCA4,PPIL1,1
SMARCA4,HMGN2,1
SMARCA4,HNRNPR,1
SMARCA4,CPSF3,1
SMARCA4,C1GALT1,1
SMARCA4,CNOT7,1
SMARCA4,HIST1H1E,1
SMARCA4,SMARCA5,1
SMARCA4,GMPS,1
SMARCA4,SCAPER,1
SMARCA4,CENPF,1
SMARCA4,PSIP1,1
SMARCA4,SLC7A6,1
SMARCA4,AFF4,1
SMARCA4,AEBP2,1
SMARCA4,MTERF3,1
SMARCA4,EWSR1,1
SMARCA4,SOX4,1
SMARCA4,USP7,1
SMARCA4,NCOA6,1
SMARCA4,SMARCC1,1
SMARCA4,ING5,1
SMARCA4,GABPB1,1
SMARCA4,RBM39,1
SMARCA4,ASNSD1,1
SMARCA4,ECHDC2,1
SMARCA4,G2E3,1
SMARCA4,ASPH,1
SMARCA4,SUV39H2,1
SMARCA4,MED14,1
SMARCA4,KPNA2,1
SMARCA4,PLK1,1
SMARCA4,TRIP13,1
SMARCA4,ZBTB24,1
SMARCA4,KIF23,1
SMARCA4,DDX5,1
SMARCA4,ZNF770,1
SMARCA4,CDK1,1
SMARCA4,MCM4,1
SMARCA4,XBP1,1
SMARCA4,LGALS3,1
SMARCA4,ZFHX3,1
SMARCA4,NUP93,1
SMARCA4,WDR43,1
SMARCA4,NOL10,1
SMARCA4,BMP2,1
SMARCA4,E2F8,1
SMARCA4,CNBP,1
SMARCA4,SMC4,1
SMARCA4,TARDBP,1
SMARCA4,APOB,1
SMARCA4,ETV5,1
SMARCC1,CDCA3,1
SMARCC1,DRAP1,1
SMARCC1,PEMT,1
SMARCC1,GSN,1
SMARCC1,TBL1X,1
SMARCC1,SMARCD2,1
SMARCC1,TCF3,1
SMARCC1,MTF2,1
SMARCC1,ING3,1
SMARCC1,SIRT2,1
SMARCC1,THAP1,1
SMARCC1,NR3C1,1
SMARCC1,MTERF3,1
SMARCC1,ASXL1,1
SMARCC1,POLR2L,1
SMARCC1,C12ORF10,1
SMARCC1,NUF2,1
SMARCC1,RBM39,1
SMARCC1,BZW2,1
SMARCC1,BUB1B,1
SMARCC1,C11ORF74,1
SMARCC1,NPRL2,1
SMARCC1,ZNF143,1
SMARCC1,THRAP3,1
SMARCC1,IRF9,1
SMARCC1,ZNF567,1
SMARCC1,CENPN,1
SMARCC1,ILF3,1
SMARCC1,MRPL1,1
SMARCC1,TIMM21,1
SMARCC1,DGAT1,1
SMARCC1,TARDBP,1
SMARCC1,TATDN3,1
SMARCC1,SUPT16H,1
SMARCC1,SSBP2,1
SMARCC1,MCM7,1
SMARCC1,GALM,1
SMARCC1,TSFM,1
SMARCC1,BIRC5,1
SMARCC1,IQGAP2,1
SMARCC1,RNF19A,1
SMARCC1,NUP54,1
SMARCC1,UTP18,1
SMARCC1,HNRNPUL1,1
SMARCC1,PON2,1
SMARCC1,C19ORF48,1
SMARCC1,CENPU,1
SMARCC1,GMPR2,1
SMARCC1,UBL7,1
SMARCC1,TP53,1
SMARCC1,PSIP1,1
SMARCC1,KAT7,1
SMARCC1,ATL2,1
SMARCC1,TBPL1,1
SMARCC1,RFXANK,1
SMARCC1,EED,1
SMARCC1,SP100,1
SMARCC1,YARS,1
SMARCC1,PRMT5,1
SMARCC1,VRK1,1
SMARCC1,NR1H3,1
SMARCC1,JMJD1C,1
SMARCC1,PPFIBP2,1
SMARCC1,PA2G4,1
SMARCC1,PAFAH1B3,1
SMARCC1,DEDD,1
SMARCC1,HDAC1,1
SMARCC1,RUVBL1,1
SMARCC1,MCM4,1
SMARCC1,AURKA,1
SMARCC1,AXL,1
SMARCC1,TDP2,1
SMARCC1,F3,1
SMARCC1,CUEDC2,1
SMARCC1,ATF3,1
SMARCC1,SPTLC3,1
SMARCC1,TAF7,1
SMARCC1,EWSR1,1
SMARCC1,DOT1L,1
SMARCC1,DEK,1
SMARCC1,ILF2,1
SMARCC1,BRCA2,1
SMARCC1,DNPEP,1
SMARCC1,DAXX,1
SMARCC1,BRIX1,1
SMARCC1,BPTF,1
SMARCC1,MST1,1
SMARCC1,ING5,1
SMARCC1,TOP2A,1
SMARCC1,SIRT1,1
SMARCC1,ETV4,1
SMARCC1,GABPB1,1
SMARCC1,RBBP4,1
SMARCC1,CXXC1,1
SMARCC1,ATG4C,1
SMARCC1,HELLS,1
SMARCC1,SNRPB,1
SMARCC1,NIP7,1
SMARCC1,DECR1,1
SMARCC1,SMAD3,1
SMARCC1,SSRP1,1
SMARCC1,NOP16,1
SMARCC1,ASNS,1
SMARCC1,ZNF398,1
SMARCC1,JUND,1
SMARCC1,SRSF1,1
SMARCC1,NCOA6,1
SMARCC1,DNMT3A,1
SMARCC1,ASGR1,1
SMARCC1,HIBCH,1
SMARCC1,SUPV3L1,1
SMARCC1,MORN2,1
SMARCC1,EIF5B,1
SMARCC1,ABT1,1
SMARCC1,DTWD1,1
SMARCC1,PHB2,1
SMARCC1,ALG8,1
SMARCC1,HERPUD1,1
SMARCC1,SRF,1
SMARCC1,POLR1B,1
SMARCC1,TGIF2,1
SMARCC1,BDP1,1
SMARCC1,ANXA4,1
SMARCC1,TNFAIP3,1
SMARCC1,ACADVL,1
SMARCC1,ZNRD1,1
SMARCC1,ECD,1
SMARCC1,CPSF3,1
SMARCC1,ZNF146,1
SMARCC1,CDK5RAP1,1
SMARCC1,CDK4,1
SMARCC1,HNRNPD,1
SMARCC1,WDR43,1
SMARCC1,PLAGL2,1
SMARCC1,TIMM9,1
SMARCC1,DDX20,1
SMARCC1,CSDE1,1
SMARCC1,GTF2H2,1
SMARCC1,NDUFAF5,1
SMARCC1,ELF1,1
SMARCC1,GTF3C5,1
SMARCC1,WDR5,1
SMARCC1,DDX5,1
SMARCC1,RAB28,1
SMARCC1,ZFP64,1
SMARCC1,RAD51,1
SMARCC1,DCAF13,1
SMARCC1,TRIP13,1
SMARCC1,SKIL,1
SMARCC1,VTN,1
SMARCC1,ANLN,1
SMARCC1,DDX54,1
SMARCC1,EEF1A1,1
SMARCC1,CNTRL,1
SMARCC1,CENPE,1
SMARCC1,ECT2,1
SMARCC1,TCERG1,1
SMARCC1,EGR1,1
SMARCC1,DNMT3B,1
SMARCC1,SNRPD1,1
SMARCC1,GMNN,1
SMARCC1,NEK2,1
SMARCC1,SP4,1
SMARCC1,PRIM1,1
SMARCC1,HDGF,1
SMARCC1,TEX10,1
SMARCC1,DR1,1
SMARCC1,AIMP2,1
SMARCC1,EFTUD2,1
SMARCC1,ZNF770,1
SMARCC1,KIF22,1
SMARCC1,GTF2H3,1
SMARCC1,E2F4,1
SMARCC1,HMGN2,1
SMARCC1,LMO7,1
SMARCC1,SERTAD3,1
SMARCC1,TMEM69,1
SMARCC1,FEN1,1
SMARCC1,GTF2I,1
SMARCC1,GNPNAT1,1
SMARCC1,HP,1
SMARCC1,HSD17B11,1
SMARCC1,NUP85,1
SMARCC1,ASCC3,1
SMARCC1,HMGCL,1
SMARCC1,UBE2C,1
SMARCC1,SGK1,1
SMARCC1,ZNF202,1
SMARCC1,AKR1B1,1
SMARCC1,LAMC1,1
SMARCC1,RSU1,1
SMARCC1,RBPJ,1
SMARCC1,NUP35,1
SMARCC1,RNPS1,1
SMARCC1,UQCC1,1
SMARCC1,DCTPP1,1
SMARCC1,RHOBTB3,1
SMARCC1,CMC1,1
SMARCC1,PEF1,1
SMARCC1,APOC2,1
SMARCC1,AMZ2,1
SMARCC1,JARID2,1
SMARCC1,ZFYVE21,1
SMARCC1,RRM1,1
SMARCC1,TAF11,1
SMARCC1,FOXP1,1
SMARCC1,ESPL1,1
SMARCC1,ZNF638,1
SMARCC1,EFNA1,1
SMARCC1,DPH5,1
SMARCC1,PRKCE,1
SMARCC1,THOC1,1
SMARCC1,EHMT1,1
SMARCC1,GSTK1,1
SMARCC1,ASNSD1,1
SMARCC1,RFC2,1
SMARCC1,MTTP,1
SMARCC1,SRSF2,1
SMARCC1,ACTL6A,1
SMARCC1,CUTC,1
SMARCC1,WDHD1,1
SMARCC1,PAPOLA,1
SMARCC1,DERA,1
SMARCC1,CACYBP,1
SMARCC1,SMARCE1,1
SMARCC1,POLR3D,1
SMARCC1,GTF3C2,1
SMARCC1,PHF5A,1
SMARCC1,ZWILCH,1
SMARCC1,GPN3,1
SMARCC1,DPAGT1,1
SMARCC1,FANCI,1
SMARCC1,SRSF3,1
SMARCC1,CNOT7,1
SMARCC1,ORC4,1
SMARCC1,CEBPA,1
SMARCC1,SRRM1,1
SMARCC1,HMGN3,1
SMARCC1,HMGA1,1
SMARCC1,ATG5,1
SMARCC1,PAK1IP1,1
SMARCC1,DNMT1,1
SMARCC1,FOXA1,1
SMARCC1,FOSL2,1
SMARCC1,RUVBL2,1
SMARCC1,C11ORF1,1
SMARCC1,MAZ,1
SMARCC1,PCNA,1
SMARCC1,ZNF644,1
SMARCC1,ZNF561,1
SMARCC1,ZNHIT3,1
SMARCC1,CAPG,1
SMARCC1,ANP32E,1
SMARCC1,SMAD5,1
SMARCC1,ATIC,1
SMARCC1,ZDHHC4,1
SMARCC1,POU2F1,1
SMARCC1,TIPIN,1
SMARCC1,MMS22L,1
SMARCC1,HNRNPR,1
SMARCC1,TMEM37,1
SMARCC1,DPH6,1
SMARCC1,DPYSL2,1
SMARCC1,CREB1,1
SMARCC1,ICE2,1
SMARCC1,POLR2G,1
SMARCC1,IQCB1,1
SMARCC1,CCNB2,1
SMARCC1,RAD54B,1
SMARCC1,IMP4,1
SMARCC1,ZNF397,1
SMARCC1,SDAD1,1
SMARCC1,GYG1,1
SMARCC1,MED20,1
SMARCC1,TBRG4,1
SMARCC1,BPHL,1
SMARCC1,TAF5,1
SMARCC1,VPS72,1
SMARCC1,NDUFAF4,1
SMARCC1,GATAD2B,1
SMARCC1,ARID2,1
SMARCC1,G6PC3,1
SMARCC1,DSN1,1
SMARCC1,DCLRE1C,1
SMARCC1,TCF19,1
SMARCC1,PPIL1,1
SMARCC1,RBP4,1
SMARCC1,ZBTB3,1
SMARCC1,COMMD10,1
SMARCC1,RFC4,1
SMARCC1,PPT1,1
SMARCC1,CBX3,1
SMARCC1,SLC38A2,1
SMARCC1,PTMA,1
SMARCC1,SMAD2,1
SMARCC1,DROSHA,1
SMARCC1,PIAS3,1
SMARCC1,NUDT15,1
SMARCC1,NME2,1
SMARCC1,HMGN1,1
SMARCC1,TFRC,1
SMARCC1,MTHFD2,1
SMARCC1,GGCT,1
SMARCC1,THAP11,1
SMARCC1,PUS7L,1
SMARCC1,CTPS1,1
SMARCC1,FANCD2,1
SMARCC1,NAA15,1
SMARCC1,E2F3,1
SMARCC1,BCS1L,1
SMARCC1,ZNF670,1
SMARCC1,NFYB,1
SMARCC1,WARS,1
SMARCC1,NOL10,1
SMARCC1,PPP1R7,1
SMARCC1,STAT2,1
SMARCC1,POLR2I,1
SMARCC1,GEMIN8,1
SMARCC1,ADNP,1
SMARCC1,PARPBP,1
SMARCC1,NUP37,1
SMARCC1,HNRNPK,1
SMARCC1,TPX2,1
SMARCC1,TMEM177,1
SMARCC1,MCM3,1
SMARCC1,EEF1E1,1
SMARCC1,STX8,1
SMARCC1,ZNF766,1
SMARCC1,TAF6,1
SMARCC1,SUB1,1
SMARCC1,CENPK,1
SMARCC1,VEZF1,1
SMARCC1,KIF23,1
SMARCC1,DDIT4,1
SMARCC1,ACADSB,1
SMARCC1,CRYZL1,1
SMARCC1,IL6ST,1
SMARCC1,E2F5,1
SMARCC1,TARBP2,1
SMARCC1,TOP2B,1
SMARCC1,TK1,1
SMARCC1,ZRANB2,1
SMARCC1,ISY1,1
SMARCC1,ENO1,1
SMARCC1,C1GALT1,1
SMARCC1,ZNF33A,1
SMARCC1,TBX3,1
SMARCC1,UGP2,1
SMARCC1,MTUS1,1
SMARCC1,ACOT7,1
SMARCC1,TOPORS,1
SMARCC1,CHD8,1
SMARCC1,ZBTB24,1
SMARCC1,B4GALT3,1
SMARCC1,RAD51AP1,1
SMARCC1,LCMT1,1
SMARCC1,FASTKD2,1
SMARCC1,CHEK2,1
SMARCC1,STMN1,1
SMARCC1,EBNA1BP2,1
SMARCC1,FUBP1,1
SMARCC1,UCP2,1
SMARCC1,MXD1,1
SMARCC1,TFDP2,1
SMARCC1,SMARCA4,1
SMARCC1,ZSCAN21,1
SMARCC1,NIF3L1,1
SMARCC1,C17ORF75,1
SMARCC1,IRF3,1
SMARCC1,IVNS1ABP,1
SMARCC1,TUBB6,1
SMARCC1,NFKBIZ,1
SMARCC1,MIS18BP1,1
SMARCC1,CETN3,1
SMARCC1,POLR2D,1
SMARCC1,KNSTRN,1
SMARCC1,TTC39C,1
SMARCC1,ZNF232,1
SMARCC1,MYBBP1A,1
SMARCC1,BRIP1,1
SMARCC1,NVL,1
SMARCC1,ZNF101,1
SMARCC1,HAUS1,1
SMARCC1,ELL2,1
SMARCC1,SIL1,1
SMARCC1,PARP1,1
SMARCC1,MRPS27,1
SMARCC1,MMS19,1
SMARCC1,FAM114A1,1
SMARCC1,GALK1,1
SMARCC1,AFF4,1
SMARCC1,BLM,1
SMARCC1,KNTC1,1
SMARCC1,CREG1,1
SMARCC1,AGT,1
SMARCC1,POLR1D,1
SMARCC1,NR2F6,1
SMARCC1,MED30,1
SMARCC1,MAPK1,1
SMARCC1,ZNF74,1
SMARCC1,BST2,1
SMARCC1,MPC1,1
SMARCC1,ACY1,1
SMARCC1,S100A16,1
SMARCC1,PRC1,1
SMARCC1,LEAP2,1
SMARCC1,CENPF,1
SMARCC1,BRCA1,1
SMARCC1,SLC38A1,1
SMARCC1,WDR12,1
SMARCC1,PYGL,1
SMARCC1,MLXIPL,1
SMARCC1,SLC7A6,1
SMARCC1,TAF1B,1
SMARCC1,TRIM27,1
SMARCC1,APEX1,1
SMARCC1,AHR,1
SMARCC1,SF3B3,1
SMARCC1,MAFF,1
SMARCC1,CREB3L4,1
SMARCC1,CEBPZ,1
SMARCC1,NUP88,1
SMARCC1,GTF2E1,1
SMARCC1,U2AF1,1
SMARCC1,MPHOSPH9,1
SMARCC1,EZH2,1
SMARCC1,CNBP,1
SMARCC1,GATM,1
SMARCC1,FOSL1,1
SMARCC1,TERF1,1
SMARCC1,YAF2,1
SMARCC1,MCM5,1
SMARCC1,FANCL,1
SMARCC1,DUT,1
SMARCC1,SMOX,1
SMARCC1,MATR3,1
SMARCC1,COQ3,1
SMARCC1,EXOSC9,1
SMARCC1,ETV5,1
SMARCC1,CDKN1A,1
SMARCC1,IRF1,1
SMARCC1,MCM8,1
SMARCC1,LRR1,1
SMARCC1,HIST1H1C,1
SMARCC1,MTHFD1,1
SMARCC1,CTBP1,1
SMARCC1,TRIM25,1
SMARCC1,CKAP2,1
SMARCC1,AHSG,1
SMARCC1,TCF25,1
SMARCC1,HNRNPAB,1
SMARCC1,CEP70,1
SMARCC1,RFX5,1
SMARCC1,CREB3L2,1
SMARCC1,ZNF589,1
SMARCC1,RNF4,1
SMARCC1,MT1X,1
SMARCC1,MCM2,1
SMARCC1,ASL,1
SMARCC1,TAF1A,1
SMARCC1,POLR1C,1
SMARCC1,NFATC2,1
SMARCC1,LAPTM4B,1
SMARCC1,MYBL2,1
SMARCC1,OAZ2,1
SMARCC1,REST,1
SMARCC1,PWP1,1
SMARCC1,PMS1,1
SMARCC1,JUN,1
SMARCC1,TMEM120A,1
SMARCC1,ZFAND2A,1
SMARCC1,MCM6,1
SMARCC1,CDCA7L,1
SMARCC1,BUB1,1
SMARCC1,APEH,1
SMARCC1,KPNA2,1
SMARCC1,BTG2,1
SMARCC1,PIAS2,1
SMARCC1,HMMR,1
SMARCC1,NUP93,1
SMARCC1,XPO5,1
SMARCC1,RNF138,1
SMARCC1,PSAT1,1
SMARCC1,ZNF300,1
SMARCC1,WDYHV1,1
SMARCC1,PDCD11,1
SMARCC1,POLR1E,1
SMARCC1,MYC,1
SMARCC1,AEBP2,1
SMARCC1,APOA2,1
SMARCC1,BMPR1A,1
SMARCC1,TRIM28,1
SMARCC1,E2F7,1
SMARCC1,DDB2,1
SMARCC1,RAI14,1
SMARCC1,PHGDH,1
SMARCC1,EPHX2,1
SMARCC1,MTMR2,1
SMARCC1,RNF2,1
SMARCC1,TPM2,1
SMARCC1,CDKN3,1
SMARCC1,XRCC5,1
SMARCC1,ASPH,1
SMARCC1,FOSB,1
SMARCC1,E2F8,1
SMARCC1,APOB,1
SMARCC1,YEATS4,1
SMARCC1,ZFHX3,1
SMARCC1,GMPS,1
SMARCC1,EXOSC3,1
SMARCC1,ANKRD1,1
SMARCC1,TF,1
SMARCC1,YBX1,1
SMARCC1,PSMG1,1
SMARCC1,FOXM1,1
SMARCC1,NONO,1
SMARCC1,SNAPC1,1
SMARCC1,CHEK1,1
SMARCC1,CCDC82,1
SMARCC1,MEST,1
SMARCC1,LAMB2,1
SMARCC1,KLF3,1
SMARCC1,PLK1,1
SMARCC1,HIPK2,1
SMARCC1,AATF,1
SMARCC1,UBE2T,1
SMARCC1,SRSF10,1
SMARCC1,GMEB1,1
SMARCC1,CKS2,1
SMARCC1,CEBPD,1
SMARCC1,HMGN4,1
SMARCC1,ETS1,1
SMARCC1,DLGAP5,1
SMARCC1,UHRF1,1
SMARCC1,ITGB5,1
SMARCC1,ING1,1
SMARCC1,EHMT2,1
SMARCC1,NEDD1,1
SMARCC1,PIGH,1
SMARCC1,SSB,1
SMARCC1,XBP1,1
SMARCC1,MGST2,1
SMARCC1,APOA1,1
SMARCC1,ANAPC7,1
SMARCC1,MSH2,1
SMARCC1,NFIB,1
SMARCC1,SKA3,1
SMARCC1,LAMB1,1
SMARCC1,RFC1,1
SMARCC1,NUSAP1,1
SMARCC1,THRB,1
SMARCC1,BTF3,1
SMARCC1,RRM2,1
SMARCC1,JAG1,1
SMARCC1,FABP1,1
SMARCC1,GATA4,1
SMARCC1,ARID3B,1
SMARCC1,HTATSF1,1
SMARCC1,TTF2,1
SMARCC1,HIST1H1E,1
SMARCC1,LGALS1,1
SMARCC1,HNRNPH2,1
SMARCC1,CCNB1,1
SMARCC1,SUV39H2,1
SMARCC1,KLF5,1
SMARCC1,HAT1,1
SMARCC1,RREB1,1
SMARCC1,RARG,1
SMARCC1,CDC20,1
SMARCC1,GTF2F2,1
SMARCC1,GLI1,1
SMARCC1,HMGB2,1
SMARCC1,ARSE,1
SMARCC1,POLB,1
SMARCC1,MAD2L1,1
SMARCC1,ATP1B3,1
SMARCC1,NR2F2,1
SMARCC1,CDK1,1
SMARCC1,BLVRA,1
SMARCC1,SCAPER,1
SMARCC1,G2E3,1
SMARCC1,RBMX,1
SMARCC1,CAMK2D,1
SMARCC1,NUDT1,1
SMARCC1,SMARCA5,1
SMARCC1,HPX,1
SMARCC1,MELK,1
SMARCC1,SULF2,1
SMARCC1,LITAF,1
SMARCC1,C12ORF45,1
SMARCC1,FBL,1
SMARCC1,CRAT,1
SMARCC1,MED14,1
SMARCC1,DDIT3,1
SMARCC1,HPN,1
SMARCC1,F10,1
SMARCC1,BTG1,1
SMARCC1,AURKB,1
SMARCC1,NRIP1,1
SMARCC1,ALG6,1
SMARCC1,TEAD2,1
SMARCC1,F2,1
SMARCC1,SMC4,1
SMARCC1,CHAF1A,1
SMARCC1,NPM1,1
SMARCC1,POP5,1
SMARCC1,P4HA2,1
SMARCC1,GRHL1,1
SMARCC1,CREB3L3,1
SMARCC1,BSCL2,1
SMARCC1,TEAD4,1
SMARCC1,EPAS1,1
SMARCC1,KLHL7,1
SMARCC1,POLR2B,1
SMARCC1,FXR1,1
SMARCC1,HINFP,1
SMARCC1,FOXO1,1
SMARCC1,CSRP2,1
SMARCC1,AGTRAP,1
SMARCC1,NCAPG,1
SMARCC1,PDLIM7,1
SMARCC1,XRCC6,1
SMARCC1,DDC,1
SMARCC1,SHMT2,1
SMARCC1,TCFL5,1
SMARCC1,SLC35D2,1
SMARCC1,PITX1,1
SMARCC1,ZNF675,1
SMARCC1,RGN,1
SMARCC1,HCFC1,1
SMARCC1,FGA,1
SMARCC1,AASS,1
SMARCC1,FOXA2,1
SMARCC1,MAF,1
SMARCC1,ZWINT,1
SMARCC1,GEMIN2,1
SMARCC1,PLA2G12B,1
SMARCC1,SERPIND1,1
SMARCC1,ZNF91,1
SMARCC1,BMP2,1
SMARCC1,MTAP,1
SMARCC1,ACOX2,1
SMARCC1,ANPEP,1
SMARCC1,APOC3,1
SMARCC1,ECHDC2,1
SMARCC1,TTR,1
SMARCC1,HGD,1
SMARCC1,TFF1,1
SMARCC1,KNG1,1
SMARCC1,ANXA3,1
SMARCC1,IL32,1
SMARCC1,DNASE1,1
SMARCC1,CCND1,1
SMARCC1,NR1I3,1
SMARCC1,SULT1A2,1
SMARCC1,TDGF1,1
SMARCC1,HPRT1,1
SMARCC1,NODAL,1
SMARCC1,PAWR,1
SMARCC1,HMGA2,1
SMARCC1,F2RL1,1
SMARCC1,NUPR1,1
SMARCC1,HNF4A,1
SMARCC1,PRAP1,1
SMARCC1,ERCC8,1
SMARCC1,MUSTN1,1
SMARCC1,MT1G,1
SRF,EGR1,1
SRF,IRF3,1
SRF,FOSB,1
SRF,RSU1,1
SRF,NR2F2,1
SRF,FOSL2,1
SRF,FHL2,1
SRF,FOSL1,1
SRF,YARS,1
SRF,ZNF644,1
SRF,VPS72,1
SRF,ZNHIT3,1
SRF,NR2F6,1
SRF,ANXA3,1
SRF,FANCD2,1
SRF,AURKA,1
SRF,ISG15,1
SRF,GTF2H3,1
SRF,HDGF,1
SRF,GLIPR2,1
SRF,ELL2,1
SRF,SRRM1,1
SRF,HIPK2,1
SRF,ECD,1
SRF,BDP1,1
SRF,PDLIM7,1
SRF,PWP1,1
SRF,MED20,1
SRF,WDR12,1
SRF,C11ORF1,1
SRF,ATF3,1
SRF,U2AF1,1
SRF,UBE2T,1
SRF,ABT1,1
SRF,GTF2H2,1
SRF,RRM1,1
SRF,TBRG4,1
SRF,NUF2,1
SRF,PARP1,1
SRF,EXOSC9,1
SRF,EFTUD2,1
SRF,TF,1
SRF,TSFM,1
SRF,SUPV3L1,1
SRF,NOL10,1
SRF,DGAT1,1
SRF,TPM2,1
SRF,CEP70,1
SRF,PHF5A,1
SRF,E2F8,1
SRF,ISY1,1
SRF,CDK5RAP1,1
SRF,MTTP,1
SRF,WDR74,1
SRF,TAF11,1
SRF,EIF5B,1
SRF,RNPS1,1
SRF,ZRANB2,1
SRF,SIRT2,1
SRF,CKS2,1
SRF,ZNF398,1
SRF,NUP54,1
SRF,COPS2,1
SRF,NR1H3,1
SRF,PHB2,1
SRF,TATDN3,1
SRF,C17ORF75,1
SRF,ATG5,1
SRF,YEATS4,1
SRF,POLR2K,1
SRF,RFC1,1
SRF,CENPK,1
SRF,THOC1,1
SRF,PAK1IP1,1
SRF,ZFP36,1
SRF,WDHD1,1
SRF,DTWD1,1
SRF,RFC4,1
SRF,IRF9,1
SRF,CDKN1A,1
SRF,KIF22,1
SRF,GTF2E1,1
SRF,RUVBL1,1
SRF,SGK1,1
SRF,HNRNPUL1,1
SRF,ING1,1
SRF,SNRPB,1
SRF,CMC1,1
SRF,DDAH1,1
SRF,PCNA,1
SRF,RBM39,1
SRF,HERPUD1,1
SRF,TDP2,1
SRF,APOB,1
SRF,ZNRD1,1
SRF,RFXANK,1
SRF,NIP7,1
SRF,ARID3B,1
SRF,BRCA1,1
SRF,SERTAD3,1
SRF,GTF3C2,1
SRF,BIRC5,1
SRF,KLHL7,1
SRF,ZNF91,1
SRF,ORC4,1
SRF,NIF3L1,1
SRF,ATL2,1
SRF,DNAJC2,1
SRF,TAF5,1
SRF,NOP16,1
SRF,ZNF561,1
SRF,IQGAP2,1
SRF,ZNF770,1
SRF,MYC,1
SRF,ICE2,1
SRF,MRPL1,1
SRF,HNRNPD,1
SRF,IMP4,1
SRF,C11ORF74,1
SRF,THAP11,1
SRF,PEMT,1
SRF,SMARCD2,1
SRF,PPIL1,1
SRF,UBL7,1
SRF,DRAP1,1
SRF,FLRT3,1
SRF,ENO1,1
SRF,ZFYVE21,1
SRF,MTF2,1
SRF,PRMT5,1
SRF,TOP2A,1
SRF,BRIX1,1
SRF,C12ORF45,1
SRF,DDX5,1
SRF,GTF3C5,1
SRF,MCM8,1
SRF,BCS1L,1
SRF,FOXP1,1
SRF,ILF3,1
SRF,G6PC3,1
SRF,PA2G4,1
SRF,KIF20B,1
SRF,UQCC1,1
SRF,CENPU,1
SRF,POLR1B,1
SRF,TMEM69,1
SRF,FEN1,1
SRF,NDUFAF5,1
SRF,KNSTRN,1
SRF,CDKN3,1
SRF,TBPL1,1
SRF,TIMM21,1
SRF,TBL1X,1
SRF,ANLN,1
SRF,E2F3,1
SRF,AURKB,1
SRF,RAI14,1
SRF,CRYZL1,1
SRF,POLR1C,1
SRF,UGP2,1
SRF,CAMK2D,1
SRF,E2F4,1
SRF,ACADSB,1
SRF,ASXL1,1
SRF,BUB1B,1
SRF,TIMM9,1
SRF,C19ORF48,1
SRF,CETN3,1
SRF,ZNF227,1
SRF,DPAGT1,1
SRF,HNRNPR,1
SRF,CHD8,1
SRF,FOXA1,1
SRF,TFRC,1
SRF,MXD1,1
SRF,XRCC5,1
SRF,SP100,1
SRF,G2E3,1
SRF,ZNF143,1
SRF,VTN,1
SRF,GALM,1
SRF,GMPR2,1
SRF,HMGN4,1
SRF,RBPJ,1
SRF,CHAF1A,1
SRF,EPHX2,1
SRF,CREG1,1
SRF,NEK2,1
SRF,DAXX,1
SRF,QPCT,1
SRF,LEAP2,1
SRF,KNG1,1
SRF,NODAL,1
SRF,MGST2,1
SRF,ASGR1,1
SRF,HPX,1
SRF,AHSG,1
TEAD4,TK1,1
TEAD4,PRMT5,1
TEAD4,ANKRD1,1
TEAD4,ILF2,1
TEAD4,HMGN4,1
TEAD4,CREB3L2,1
TEAD4,KNTC1,1
TEAD4,ETV4,1
TEAD4,WBP11,1
TEAD4,DPAGT1,1
TEAD4,RNASE4,1
TEAD4,ANG,1
TEAD4,LAMB2,1
TEAD4,SRSF3,1
TEAD4,CENPU,1
TEAD4,SMARCD2,1
TEAD4,RNF19A,1
TEAD4,ANLN,1
TEAD4,TGIF2,1
TEAD4,C11ORF74,1
TEAD4,S100A16,1
TEAD4,ILF3,1
TEAD4,DCTPP1,1
TEAD4,CNTRL,1
TEAD4,LMO7,1
TEAD4,ATG4C,1
TEAD4,HNRNPD,1
TEAD4,TSFM,1
TEAD4,CENPF,1
TEAD4,UBL7,1
TEAD4,VTN,1
TEAD4,HMGB2,1
TEAD4,TCF19,1
TEAD4,SLC7A6,1
TEAD4,TBL1X,1
TEAD4,CSDE1,1
TEAD4,MTF2,1
TEAD4,NUF2,1
TEAD4,PPIL1,1
TEAD4,RBM39,1
TEAD4,CXXC1,1
TEAD4,IRF9,1
TEAD4,ASNSD1,1
TEAD4,DAB2,1
TEAD4,MCM7,1
TEAD4,HIF1AN,1
TEAD4,PAWR,1
TEAD4,MRPL1,1
TEAD4,GTF2H2,1
TEAD4,PPFIBP2,1
TEAD4,UGP2,1
TEAD4,XRCC5,1
TEAD4,ATG5,1
TEAD4,ING1,1
TEAD4,CHEK1,1
TEAD4,IFITM2,1
TEAD4,NDUFAF5,1
TEAD4,NR1H3,1
TEAD4,GPN3,1
TEAD4,IQGAP2,1
TEAD4,KIF22,1
TEAD4,APEH,1
TEAD4,TGIF1,1
TEAD4,PRKCE,1
TEAD4,BMPR1A,1
TEAD4,TATDN3,1
TEAD4,IFITM3,1
TEAD4,CDK5RAP1,1
TEAD4,GMPR2,1
TEAD4,SDAD1,1
TEAD4,FGA,1
TEAD4,SULT1A2,1
TEAD4,NFKBIZ,1
TEAD4,NUP54,1
TEAD4,ANP32E,1
TEAD4,CCNB1,1
TEAD4,TCFL5,1
TEAD4,FUBP1,1
TEAD4,MST1,1
TEAD4,NUDT15,1
TEAD4,SRSF1,1
TEAD4,C11ORF1,1
TEAD4,COPS2,1
TEAD4,IL6ST,1
TEAD4,HIST1H1C,1
TEAD4,MED20,1
TEAD4,IMP4,1
TEAD4,ING3,1
TEAD4,SNRPB,1
TEAD4,FOXP1,1
TEAD4,BRIX1,1
TEAD4,HIST1H1E,1
TEAD4,AURKA,1
TEAD4,BRIP1,1
TEAD4,RAB28,1
TEAD4,ZNRD1,1
TEAD4,ELL2,1
TEAD4,HMMR,1
TEAD4,RBPJ,1
TEAD4,SUPT16H,1
TEAD4,HIBCH,1
TEAD4,AURKB,1
TEAD4,CRYZL1,1
TEAD4,SRF,1
TEAD4,KIF20B,1
TEAD4,RAD51AP1,1
TEAD4,PPP1R7,1
TEAD4,HMGN3,1
TEAD4,POLR1C,1
TEAD4,AKR1B1,1
TEAD4,KAT7,1
TEAD4,TIMM9,1
TEAD4,ZNF770,1
TEAD4,ORC4,1
TEAD4,ISY1,1
TEAD4,SIRT2,1
TEAD4,BZW2,1
TEAD4,NIF3L1,1
TEAD4,NUP35,1
TEAD4,PYGL,1
TEAD4,TDGF1,1
TEAD4,UTP18,1
TEAD4,GTF2H3,1
TEAD4,UQCC1,1
TEAD4,AIMP2,1
TEAD4,SUPV3L1,1
TEAD4,MGST2,1
TEAD4,TFE3,1
TEAD4,GEMIN2,1
TEAD4,NOL10,1
TEAD4,AGTRAP,1
TEAD4,EFTUD2,1
TEAD4,TBX3,1
TEAD4,FABP1,1
TEAD4,FASTKD2,1
TEAD4,PAK1IP1,1
TEAD4,EHMT2,1
TEAD4,NEK2,1
TEAD4,HSD17B11,1
TEAD4,TDP2,1
TEAD4,WARS,1
TEAD4,GALM,1
TEAD4,PON2,1
TEAD4,DCLRE1C,1
TEAD4,MCM4,1
TEAD4,APOA1,1
TEAD4,ZNF638,1
TEAD4,ZNF581,1
TEAD4,RSU1,1
TEAD4,LEAP2,1
TEAD4,TPX2,1
TEAD4,CAMK2D,1
TEAD4,DNPEP,1
TEAD4,ACOX2,1
TEAD4,APOA2,1
TEAD4,AHSG,1
TEAD4,CHD8,1
TEAD4,HMGA2,1
TEAD4,BDP1,1
TEAD4,PIH1D1,1
TEAD4,BRCA1,1
TEAD4,RFXANK,1
TEAD4,TTC39C,1
TEAD4,APEX1,1
TEAD4,SERPIND1,1
TEAD4,DNASE1,1
TEAD4,SSRP1,1
TEAD4,LAMB1,1
TEAD4,CAPG,1
TEAD4,HPX,1
TEAD4,EFNA1,1
TEAD4,DDC,1
TEAD4,MAF,1
TEAD4,APOB,1
TEAD4,KNG1,1
TEAD4,HP,1
TEAD4,SLC35D2,1
TEAD4,IL32,1
TEAD4,FOXA2,1
TEAD4,ASGR1,1
TEAD4,NODAL,1
TEAD4,F2,1
TEAD4,CTBP1,1
TEAD4,SPINK1,1
TEAD4,NR1I3,1
RFX5,ZNF670,1
RFX5,APOA1,1
RFX5,DGAT1,1
RFX5,SMAD5,1
RFX5,TCEA1,1
RFX5,CUEDC2,1
RFX5,ATG4C,1
RFX5,NUP85,1
RFX5,MED4,1
RFX5,FANCL,1
RFX5,MYBL2,1
RFX5,POLR3D,1
RFX5,FLRT3,1
RFX5,MYCBP,1
RFX5,UMPS,1
RFX5,ZNF581,1
RFX5,ZNF589,1
RFX5,SRF,1
RFX5,FOXO1,1
RFX5,EYA3,1
RFX5,PIGH,1
RFX5,MAFF,1
RFX5,ZSCAN21,1
RFX5,TBRG4,1
RFX5,POLR2B,1
RFX5,BTG2,1
RFX5,HIST1H1B,1
RFX5,BUB1B,1
RFX5,CETN3,1
RFX5,GEMIN8,1
RFX5,ZNF300,1
RFX5,FUCA1,1
RFX5,LEAP2,1
RFX5,DEPDC7,1
RFX5,EEF1E1,1
RFX5,TAF9B,1
RFX5,THRAP3,1
RFX5,WBP11,1
RFX5,TARDBP,1
RFX5,CUTC,1
RFX5,BIRC5,1
RFX5,MCM4,1
RFX5,RNF4,1
RFX5,ZNF217,1
RFX5,HAUS1,1
RFX5,SDAD1,1
RFX5,CDC20,1
RFX5,NPM1,1
RFX5,ESPL1,1
RFX5,POP5,1
RFX5,CENPW,1
RFX5,ZNF160,1
RFX5,WDYHV1,1
RFX5,CNBP,1
RFX5,VRK1,1
RFX5,MORN2,1
RFX5,ZBTB24,1
RFX5,XRCC5,1
RFX5,TFRC,1
RFX5,MELK,1
RFX5,RAD51C,1
RFX5,HMGXB4,1
RFX5,SIRT1,1
RFX5,DPH6,1
RFX5,C1GALT1,1
RFX5,RFXANK,1
RFX5,UBL7,1
RFX5,ISG15,1
RFX5,TAF11,1
RFX5,BRIX1,1
RFX5,F2,1
RFX5,ACAA1,1
RFX5,MIS18BP1,1
RFX5,ASNSD1,1
RFX5,CNOT10,1
RFX5,FABP1,1
RFX5,MED21,1
RFX5,RAD51,1
RFX5,ATIC,1
RFX5,SNRPD1,1
RFX5,BST2,1
RFX5,ZFAND2A,1
RFX5,FBL,1
RFX5,NUSAP1,1
RFX5,FOSL1,1
RFX5,TPD52L1,1
RFX5,PEG3,1
RFX5,AMBP,1
RFX5,ETV1,1
RFX5,TAF5,1
RFX5,ARL6IP6,1
RFX5,CACYBP,1
RFX5,ODF2L,1
RFX5,BBS9,1
MYBL2,TCEA1,1
MYBL2,UMPS,1
MYBL2,BTF3,1
MYBL2,ZNF107,1
MYBL2,ITGB3BP,1
MYBL2,PPP1R7,1
MYBL2,DDX39A,1
MYBL2,IFITM2,1
MYBL2,CENPW,1
MYBL2,ADSL,1
MYBL2,LCMT1,1
MYBL2,RAD51C,1
MYBL2,PREB,1
MYBL2,HMGXB4,1
MYBL2,ZNF644,1
MYBL2,RNASEH2A,1
MYBL2,HDAC2,1
MYBL2,RFC2,1
MYBL2,ERCC8,1
MYBL2,FOSL1,1
SRF,TADA3,1
SRF,TCEA1,1
SRF,UHRF1,1
SRF,HIST1H1E,1
SRF,HMGXB4,1
SRF,ID2,1
HNF4A,CUEDC2,1
HNF4A,POLR3E,1
HNF4A,UMPS,1
HNF4A,CKS1B,1
HNF4A,JUND,1
HNF4A,KLF6,1
HNF4A,OCIAD2,1
HNF4A,RRM2,1
HNF4A,GNRH2,1
HNF4A,IFITM1,1
HNF4A,ZHX1,1
HNF4A,SERPINB1,1
HNF4A,ASL,1
HNF4A,MLXIPL,1
HNF4A,ZDHHC4,1
HNF4A,USP7,1
HNF4A,SLC25A20,1
HNF4A,TFDP1,1
HNF4A,FOSL2,1
HNF4A,TEAD4,1
HNF4A,ARL6IP6,1
HNF4A,ORC2,1
NR3C1,PTMA,1
NR3C1,KAT7,1
NR3C1,PEF1,1
NR3C1,GTF3C2,1
NR3C1,THAP1,1
NR3C1,AURKA,1
NR3C1,PHF5A,1
IRF3,ANP32E,1
IRF3,DDX54,1
IRF3,YBX1,1
IRF3,GTF3C5,1
IRF3,CSDE1,1
IRF3,BLM,1
IRF3,ING1,1
IRF3,KNTC1,1
IRF3,SMC4,1
IRF3,HMGB2,1
IRF3,AIMP2,1
IRF3,CHAF1A,1
IRF3,CDCA3,1
IRF3,KLF5,1
IRF3,E2F3,1
IRF3,DDX39A,1
IRF3,PLAGL2,1
IRF3,FUBP1,1
IRF3,GGCT,1
IRF3,GTF2E1,1
IRF3,RUVBL1,1
IRF3,RUVBL2,1
IRF3,MXD1,1
IRF3,BUB1,1
IRF3,TCF3,1
IRF3,ARID2,1
IRF3,DROSHA,1
IRF3,MTHFD2,1
IRF3,TCERG1,1
IRF3,GMNN,1
IRF3,DPAGT1,1
IRF3,AURKA,1
IRF3,ARL6IP6,1
IRF3,EWSR1,1
IRF3,DLGAP5,1
IRF3,KAT7,1
IRF3,SRSF6,1
IRF3,TPX2,1
IRF3,UBE2C,1
IRF3,CTPS1,1
IRF3,ZNF101,1
IRF3,WBP11,1
IRF3,GATAD2B,1
IRF3,JARID2,1
IRF3,DCTPP1,1
IRF3,MCM5,1
IRF3,MCM3,1
IRF3,MTFP1,1
IRF3,KLF6,1
IRF3,UGP2,1
IRF3,ZNF143,1
IRF3,ZBTB3,1
IRF3,CHD8,1
IRF3,SIRT2,1
IRF3,ETV5,1
IRF3,CKS1B,1
IRF3,HNRNPR,1
IRF3,HNRNPUL1,1
IRF3,ID2,1
IRF3,RRM2,1
IRF3,XBP1,1
IRF3,CDKN3,1
IRF3,ORC2,1
IRF3,EED,1
IRF3,CREB3L2,1
IRF3,CREB3L3,1
IRF3,ACTL6A,1
IRF3,CREB3L4,1
MAZ,SPTLC3,1
MAZ,AASS,1
MAZ,MED4,1
MAZ,PAPOLA,1
MAZ,DLGAP5,1
MAZ,FOXO1,1
MAZ,EYA3,1
MAZ,ZSCAN21,1
MAZ,POLR2F,1
MAZ,HIST1H1B,1
MAZ,PIAS2,1
MAZ,BUB1B,1
MAZ,FAM114A1,1
MAZ,GTF2F2,1
MAZ,CETN3,1
MAZ,GEMIN2,1
MAZ,ZNF300,1
MAZ,PIH1D1,1
MAZ,EXOSC3,1
MAZ,DEPDC7,1
MAZ,BRIP1,1
MAZ,FANCI,1
MAZ,TAF9B,1
MAZ,MAP1B,1
MAZ,UBE2C,1
MAZ,SP100,1
MAZ,GABPB1,1
MAZ,POP5,1
MAZ,PTTG1,1
MAZ,SKA3,1
MAZ,WIPI1,1
MAZ,E2F5,1
MAZ,IFITM2,1
MAZ,CENPK,1
MAZ,CENPE,1
MAZ,CENPW,1
MAZ,ZNF766,1
MAZ,MTHFD1,1
MAZ,ADSL,1
MAZ,WDHD1,1
MAZ,ZBTB3,1
MAZ,BRCA2,1
MAZ,SAAL1,1
MAZ,MELK,1
MAZ,LCMT1,1
MAZ,PREB,1
MAZ,STMN1,1
MAZ,PIM2,1
MAZ,MLXIPL,1
MAZ,SDAD1,1
MAZ,FGA,1
MAZ,MORN2,1
MAZ,CNOT10,1
MAZ,NEIL2,1
MAZ,CRAT,1
MAZ,ZFP36,1
MAZ,RAD54B,1
MAZ,ICE2,1
MAZ,TPD52L1,1
MAZ,AMBP,1
MAZ,ARL6IP6,1
MAZ,TADA3,1
MAZ,XBP1,1
MAZ,PRPS2,1
MAZ,ANKRD1,1
MAZ,GSTK1,1
CREB1,GTF3C4,1
CREB1,DDX39A,1
CREB1,CENPW,1
CREB1,CNOT10,1
CREB1,KDM4C,1
CREB1,SRSF6,1
CREB1,RAD51C,1
FOSL2,KLF6,1
JUN,PDCD11,1
JUN,AGT,1
JUN,GTF3C2,1
JUN,APOA2,1
JUN,RAB25,1
JUN,EEF1E1,1
JUN,VEZF1,1
JUN,TCF3,1
JUN,MLF1,1
JUN,ASGR1,1
JUN,SKIL,1
JUN,ACADSB,1
JUN,UMPS,1
JUN,GALM,1
JUN,PLIN2,1
JUN,RBPJ,1
JUN,DDIT3,1
JUN,RBP4,1
JUN,BUB1B,1
JUN,OCIAD2,1
JUN,ING3,1
JUN,ELL2,1
JUN,HERPUD1,1
JUN,KLF6,1
JUN,FUBP1,1
JUN,ENO1,1
JUN,CDK4,1
JUN,NAA15,1
JUN,TP53,1
JUN,RRM2,1
JUN,MCM4,1
JUN,TPX2,1
JUN,DDX5,1
JUN,TNFAIP3,1
JUN,ANLN,1
JUN,ZNF227,1
JUN,WIPI1,1
JUN,CENPW,1
JUN,PLA2G12B,1
JUN,VTN,1
JUN,SAAL1,1
JUN,LAMC1,1
JUN,RAD51C,1
JUN,PREB,1
JUN,MED30,1
JUN,DCAF13,1
JUN,EFTUD2,1
JUN,ZDHHC4,1
JUN,TFPI,1
JUN,F2,1
JUN,F3,1
JUN,ZNF644,1
JUN,ITIH4,1
JUN,APOC1,1
JUN,TSFM,1
JUN,FOSL1,1
JUN,FGB,1
JUN,XBP1,1
JUN,TDP2,1
JUN,TAF7,1
JUN,AKR1D1,1
TEAD4,DDIT3,1
TEAD4,PTMA,1
TEAD4,KPNA2,1
TEAD4,KDM4C,1
MYC,ANAPC4,1
MYC,F10,1
MYC,TCEA1,1
MYC,RBBP4,1
MYC,NFYB,1
MYC,POLR3E,1
MYC,ZNF227,1
MYC,PLIN2,1
MYC,ZSCAN21,1
MYC,NR1I3,1
MYC,POLR2F,1
MYC,HIST1H1B,1
MYC,JUND,1
MYC,FAM114A1,1
MYC,APOC1,1
MYC,ZNF354A,1
MYC,POLR2K,1
MYC,KLF3,1
MYC,MTMR2,1
MYC,EXOSC9,1
MYC,GTF2E1,1
MYC,FANCL,1
MYC,TAF9B,1
MYC,ITGB3BP,1
MYC,RGN,1
MYC,RRM2,1
MYC,TMEM37,1
MYC,MCM5,1
MYC,ANLN,1
MYC,PRIM1,1
MYC,ARSE,1
MYC,CENPK,1
MYC,CENPE,1
MYC,WDYHV1,1
MYC,STX8,1
MYC,ACADVL,1
MYC,VRK1,1
MYC,SAAL1,1
MYC,RAD51C,1
MYC,HMGXB4,1
MYC,SMOX,1
MYC,KLHL7,1
MYC,PCGF6,1
MYC,CREB3L4,1
MYC,TFE3,1
MYC,CCND1,1
MYC,HMGCL,1
MYC,FGG,1
MYC,CNOT10,1
MYC,APOC2,1
MYC,SLC25A20,1
MYC,TFDP1,1
MYC,TPD52L1,1
MYC,PEG3,1
MYC,BMPR1A,1
MYC,ZNF101,1
MYC,PRPS2,1
MYC,PEF1,1
MYC,ORC2,1
MYC,GPC3,1
MYC,BBS9,1
FOXA1,TCEA1,1
FOXA1,HDGF,1
FOXA1,POLR3E,1
FOXA1,UMPS,1
FOXA1,PLIN2,1
FOXA1,DKC1,1
FOXA1,KLF6,1
FOXA1,ARID2,1
FOXA1,TADA3,1
FOXA1,ZHX1,1
FOXA1,SLC35D2,1
FOXA1,HDAC2,1
FOXA1,ID2,1
FOXA1,ORC2,1
FOXA2,KLF6,1
FOXA2,GSTA1,1
FOXA2,RGN,1
FOXA2,AFP,1
MAFF,APOA1,1
MAFF,AGT,1
MAFF,CUEDC2,1
MAFF,THAP1,1
MAFF,FABP1,1
MAFF,COPS5,1
MAFF,MED4,1
MAFF,SSB,1
MAFF,ZNF33A,1
MAFF,POLR3D,1
MAFF,ECD,1
MAFF,TRIM25,1
MAFF,CREB1,1
MAFF,KAT7,1
MAFF,PIH1D1,1
MAFF,SRSF3,1
MAFF,SRF,1
MAFF,G2E3,1
MAFF,PA2G4,1
MAFF,FEN1,1
MAFF,BTG1,1
MAFF,KIF20B,1
MAFF,GTF2H3,1
MAFF,CHD8,1
MAFF,POLR1C,1
MAFF,CETN3,1
MAFF,ING1,1
MAFF,ELL2,1
MAFF,ZNF300,1
MAFF,FUCA1,1
MAFF,NOL10,1
MAFF,ZNF143,1
MAFF,EXOSC9,1
MAFF,EXOSC3,1
MAFF,GTF2E1,1
MAFF,F10,1
MAFF,FANCL,1
MAFF,ENO1,1
MAFF,MSH2,1
MAFF,SF3B3,1
MAFF,TP53,1
MAFF,THRAP3,1
MAFF,CUTC,1
MAFF,MCM8,1
MAFF,TPX2,1
MAFF,GGCT,1
MAFF,NPM1,1
MAFF,POP5,1
MAFF,HINFP,1
MAFF,APOB,1
MAFF,ZNF227,1
MAFF,ABT1,1
MAFF,CENPW,1
MAFF,BUB1,1
MAFF,MTHFD1,1
MAFF,VTN,1
MAFF,DPAGT1,1
MAFF,ZBTB3,1
MAFF,ACADVL,1
MAFF,VRK1,1
MAFF,XRCC6,1
MAFF,JUN,1
MAFF,TFRC,1
MAFF,MRPS27,1
MAFF,APEH,1
MAFF,RAD51C,1
MAFF,ATL2,1
MAFF,PREB,1
MAFF,HMGXB4,1
MAFF,AIMP2,1
MAFF,CCS,1
MAFF,DDX39A,1
MAFF,KLHL7,1
MAFF,SNAPC1,1
MAFF,SERPINB1,1
MAFF,HNRNPH2,1
MAFF,TF,1
MAFF,PIM2,1
MAFF,UBL7,1
MAFF,F2,1
MAFF,ISG15,1
MAFF,TAF1B,1
MAFF,PRC1,1
MAFF,MIS18BP1,1
MAFF,FLRT3,1
MAFF,ZNF644,1
MAFF,ZWILCH,1
MAFF,RFC4,1
MAFF,ASL,1
MAFF,ACADSB,1
MAFF,SERTAD3,1
MAFF,ATIC,1
MAFF,SNRPD1,1
MAFF,KPNA2,1
MAFF,UMPS,1
MAFF,FOSL2,1
MAFF,EFNA1,1
MAFF,TPD52L1,1
MAFF,ETV1,1
MAFF,TAF5,1
CEBPZ,BUB1B,1
CEBPZ,PDCD11,1
CEBPZ,SP4,1
CEBPZ,SMARCD2,1
CEBPZ,HINFP,1
CEBPZ,CETN3,1
CEBPZ,HMMR,1
CEBPZ,CRYZL1,1
CEBPZ,CKS1B,1
CEBPZ,SPTLC3,1
CEBPZ,MCM3,1
CEBPZ,F2,1
CEBPZ,FANCB,1
CEBPZ,YBX1,1
CEBPZ,CDCA3,1
CEBPZ,CA2,1
CEBPZ,ZNF398,1
CEBPZ,DDX39A,1
CEBPZ,PLAGL2,1
CEBPZ,NUP88,1
CEBPZ,FUBP1,1
CEBPZ,RUVBL2,1
CEBPZ,MXD1,1
CEBPZ,APOC2,1
CEBPZ,DLGAP5,1
CEBPZ,ZNF202,1
CEBPZ,DCTPP1,1
CEBPZ,TPX2,1
CEBPZ,NAA15,1
CEBPZ,UBE2C,1
CEBPZ,SEC14L2,1
CEBPZ,TBX3,1
CEBPZ,STAT2,1
CEBPZ,ZNF101,1
CEBPZ,HMGCS2,1
CEBPZ,HMGXB4,1
CEBPZ,KLF6,1
CEBPZ,POLR2K,1
CEBPZ,DROSHA,1
CEBPZ,GABPB1,1
CEBPZ,CDKN3,1
CEBPZ,PEF1,1
CEBPZ,RFXANK,1
CEBPZ,CREB3L2,1
CEBPZ,CREB3L4,1
JUND,TCEA1,1
JUND,AASS,1
JUND,SRSF6,1
JUND,UMPS,1
JUND,PLIN2,1
JUND,KDM4C,1
JUND,RAB25,1
JUND,POLR3E,1
JUND,ITGB3BP,1
JUND,MCM5,1
JUND,CENPW,1
JUND,ADSL,1
JUND,DPAGT1,1
JUND,AURKB,1
JUND,LCMT1,1
JUND,RAD51C,1
JUND,PREB,1
JUND,SERPINB1,1
JUND,HNRNPUL1,1
JUND,HDAC2,1
JUND,TRIP13,1
JUND,ZFAND2A,1
JUND,ARL6IP6,1
JUND,TADA3,1
NR2F2,FGB,1
NR2F2,CYP3A5,1
NR2F2,LAMB2,1
NR2F2,ZDHHC4,1
NR2F2,GPC3,1
REST,ELAVL2,1
REST,LIN28A,1
REST,POLR3E,1
REST,SRSF6,1
ATF3,CENPW,1
ATF3,KDM4C,1
ATF3,PLIN2,1
CEBPD,ZDHHC4,1
CEBPD,FANCB,1
CEBPD,ADSL,1
CEBPD,POLR3E,1
CEBPD,PREB,1
CEBPD,KDM4C,1
CEBPD,PLK1,1
CEBPD,POLR2B,1
ELF1,TCEA1,1
ELF1,ZNF107,1
ELF1,DDX39A,1
ELF1,CENPW,1
ELF1,RAD51C,1
ELF1,PREB,1
ELF1,TIMELESS,1
ELF1,MED21,1
RUVBL1,PRPS2,0
ARID2,AURKA,0
BRCA1,KLF5,0
FOSL2,NFKBIZ,0
EZH2,S100A16,0
EZH2,PLIN2,0
ELF1,BIN1,0
FOXA2,RFC2,0
SMARCA4,POU2F1,0
ARID2,ZNF101,0
IRF3,YEATS4,0
FOSL2,HNF1B,0
FOXA1,NUDT15,0
NR3C1,MYCBP,0
ARID2,C1GALT1,0
RUVBL1,NONO,0
JUN,PRKCE,0
BRCA1,PPT1,0
BRCA1,HAUS1,0
ARID2,C11ORF74,0
ELF1,ZFHX3,0
EZH2,XRCC6,0
NR3C1,TPD52L1,0
RUVBL1,TDGF1,0
BRCA1,TPM2,0
ATF3,MYBBP1A,0
EPAS1,ZNF638,0
SMARCA4,CIDEB,0
IRF3,LAMC1,0
SMARCA4,TPD52L1,0
NR3C1,PIM2,0
JUN,PEG3,0
ELF1,AMBP,0
HNF4A,GSTA1,0
ATF3,SOX4,0
EZH2,EEF1A1,0
CEBPD,CDCA7L,0
NR2F2,TCF7L1,0
MYBL2,CDX2,0
FOSL2,GRHL1,0
CEBPD,C11ORF74,0
MYC,ZNHIT3,0
SMARCA4,DNMT3A,0
JUN,ACY1,0
MAFF,ZBTB24,0
EZH2,HNF4A,0
MYC,ARG2,0
EPAS1,MYCBP,0
CEBPZ,TAF1B,0
SMARCC1,EOMES,0
MAFF,S100A16,0
ARID2,TFRC,0
ARID2,CBR1,0
TEAD4,CNOT7,0
ARID2,MTHFD2,0
TEAD4,FANCB,0
SRF,ZNF397,0
TEAD4,BMP2,0
RUVBL1,TCERG1,0
EZH2,NME2,0
CEBPD,WFDC2,0
BRCA1,BLM,0
SMARCA4,GNPNAT1,0
HNF4A,ESPL1,0
NR3C1,DNASE1,0
CREB1,WFDC2,0
HDAC2,MTTP,0
CEBPZ,PAX6,0
TEAD4,MMS22L,0
ARID2,RUVBL2,0
ATF3,ATG4C,0
MAZ,BCS1L,0
SRF,TCERG1,0
RUVBL1,INMT,0
RUVBL1,DPCD,0
FOXA1,U2AF1,0
NR2F2,SSBP3,0
TEAD4,CBR1,0
ATF3,ZNF567,0
EPAS1,UCHL1,0
SMARCA4,RBPJ,0
ARID2,UGT2B11,0
BRCA1,USP7,0
IRF3,ENO1,0
ELF1,ACTC1,0
REST,EHMT2,0
MAZ,HMMR,0
HDAC2,ANAPC7,0
ARID2,ZNF581,0
SRF,UTP18,0
EZH2,DDX54,0
NR2F2,VCAN,0
ARID2,TMEM177,0
TEAD4,ESPL1,0
EZH2,SPP1,0
HNF4A,CTBP1,0
RUVBL1,ASL,0
SRF,SLC38A1,0
TEAD4,MED4,0
MYC,RREB1,0
TEAD4,PRC1,0
TEAD4,DGAT1,0
EPAS1,HNRNPH2,0
IRF3,TFDP2,0
EZH2,TCEA1,0
SMARCA4,DNAH14,0
CEBPZ,SALL4,0
IRF3,NEIL2,0
IRF3,ZNF300,0
ARID2,SLC7A7,0
RUVBL1,GSTA2,0
RUVBL1,LAMB2,0
EPAS1,MYBL2,0
NR3C1,BDP1,0
SMARCA4,ZHX1,0
EZH2,HMGA2,0
MYC,HIBCH,0
RFX5,ZNF146,0
TEAD4,PLK1,0
EZH2,TNFAIP3,0
CEBPZ,CHD8,0
RUVBL1,ZBTB24,0
IRF3,CUTC,0
ATF3,BBS9,0
ELF1,WIPI1,0
IRF3,MTF2,0
MAFF,SULF2,0
SRF,PARPBP,0
SMARCC1,POLR2K,0
REST,RFX5,0
BRCA1,PON2,0
ELF1,ZHX1,0
SRF,SSBP3,0
BRCA1,PPIL1,0
CEBPD,BCS1L,0
MAFF,TBPL1,0
JUN,DOT1L,0
EZH2,HIF1AN,0
BRCA1,HDGF,0
EPAS1,MED14,0
JUND,DDB2,0
CEBPZ,WDR74,0
ATF3,GTF2F2,0
NR2F2,ELF1,0
SMARCA4,POLR2B,0
MAFF,HAUS1,0
EPAS1,TAF7,0
IRF3,IRF9,0
NR3C1,AFP,0
JUN,ARID2,0
FOXA1,ATP1B3,0
JUND,TOP2A,0
RUVBL1,SCD5,0
HNF4A,NUP37,0
MYC,PAX6,0
EZH2,SUPT16H,0
FOXA2,SPP1,0
EZH2,KDELR3,0
FOSL2,FXR1,0
ATF3,EPAS1,0
NR3C1,ACY1,0
EZH2,GRPR,0
FOSL2,DPYSL2,0
ATF3,ZDHHC4,0
JUN,PDGFA,0
FOXA1,FGB,0
ATF3,GGCT,0
JUN,DEDD,0
TEAD4,WDR74,0
ELF1,SALL2,0
FOXA2,CKS1B,0
NR3C1,DERA,0
RFX5,TOPORS,0
ARID2,SIL1,0
FOSL2,CTSC,0
BRCA1,RFC4,0
NR2F2,E2F8,0
ARID2,MPHOSPH9,0
MYC,HIST1H1E,0
RUVBL1,CKAP2,0
MYC,RNF2,0
REST,MYCBP,0
IRF3,SMAD2,0
JUN,PMAIP1,0
RUVBL1,C12ORF45,0
BRCA1,MPC1,0
JUN,DDX54,0
TEAD4,HIF3A,0
RUVBL1,HNF1B,0
RFX5,MTTP,0
NR3C1,DPAGT1,0
EZH2,HMGA1,0
HDAC2,LITAF,0
ATF3,FANCI,0
NR2F2,HIPK2,0
CEBPZ,ETV1,0
MYBL2,TEAD4,0
IRF3,TGIF1,0
SMARCA4,NUP35,0
ARID2,MED14,0
IRF3,G6PC3,0
FOXA1,DDIT3,0
NR3C1,GNPNAT1,0
FOSL2,GLIPR2,0
EZH2,ZFP36,0
SMARCC1,IFITM3,0
RUVBL1,POU2F1,0
MAFF,DPPA4,0
ARID2,STX8,0
MAZ,TUBB6,0
HNF4A,WDR5,0
MYC,DKC1,0
HNF4A,TRIM59,0
MYBL2,TFF1,0
CEBPZ,ZNHIT3,0
SMARCA4,PLRG1,0
NR2F2,ANPEP,0
SMARCA4,POLR1B,0
EZH2,LDB2,0
HDAC2,RAB28,0
NR3C1,SRF,0
SMARCC1,KDELR3,0
EPAS1,BBS9,0
NR3C1,PLIN2,0
JUND,PTTG1,0
ARID2,INMT,0
NR2F2,POLR2L,0
RUVBL1,DPAGT1,0
MAZ,RAB34,0
SRF,C9ORF72,0
RUVBL1,CHEK2,0
HDAC2,NRIP1,0
RUVBL1,EBNA1BP2,0
EPAS1,NME2,0
HDAC2,POLR1E,0
TEAD4,HDAC1,0
SMARCC1,GLIS3,0
MYC,HDAC1,0
NR3C1,ASL,0
CEBPZ,GMEB1,0
REST,NFIB,0
CEBPZ,PSAT1,0
NR3C1,PAK1IP1,0
JUND,SOX4,0
MYBL2,UGT2B11,0
RUVBL1,AEBP2,0
MAFF,CDC20,0
RFX5,CTDSPL,0
BRCA1,GLI1,0
ARID2,RARG,0
CEBPZ,NVL,0
TEAD4,RAMP1,0
NR2F2,PIM2,0
SRF,BTG2,0
CEBPD,MCM7,0
MAFF,HIPK2,0
EZH2,PRAP1,0
BRCA1,CDKN3,0
EZH2,SRSF3,0
NR2F2,PRPS2,0
ATF3,FOXA2,0
CEBPZ,ECT2,0
ARID2,WIPI1,0
ARID2,DAB2,0
SMARCA4,ERBB4,0
RFX5,POLR3E,0
CEBPD,RFC2,0
ARID2,MATR3,0
SMARCC1,FMO5,0
NR3C1,ATG5,0
SMARCC1,USP44,0
CREB1,ID3,0
CREB1,SCD5,0
IRF3,PAPOLA,0
RFX5,IFITM1,0
CEBPZ,USP44,0
ATF3,SLC7A7,0
MYC,ZNF160,0
EZH2,TFRC,0
NR3C1,SIRT1,0
NR2F2,LDB2,0
RUVBL1,HNRNPK,0
JUN,FXYD5,0
CEBPZ,RNF19A,0
EPAS1,SPP1,0
CEBPZ,RGN,0
NR3C1,ERBB4,0
FOSL2,E2F5,0
SMARCA4,ZNF561,0
IRF3,TTR,0
EPAS1,TCEA1,0
SMARCA4,BCS1L,0
MAFF,EGR1,0
JUN,TRIP13,0
IRF3,HIST1H1C,0
HDAC2,MYC,0
TEAD4,TIPIN,0
HNF4A,ALG8,0
FOXA1,RREB1,0
NR3C1,RAB25,0
HNF4A,CRYZL1,0
CREB1,BMP2,0
EZH2,HNRNPK,0
ELF1,F3,0
BRCA1,NIP7,0
MAFF,MED14,0
BRCA1,SLC7A7,0
ATF3,HIF3A,0
ATF3,EGR1,0
ELF1,FOXO1,0
ATF3,TTR,0
ELF1,KNG1,0
MYBL2,FBL,0
ARID2,PAX6,0
SMARCA4,VCAN,0
RUVBL1,HDAC1,0
BRCA1,ELF1,0
ELF1,RBP4,0
BRCA1,BPTF,0
JUND,SLC7A7,0
BRCA1,POLR1D,0
SRF,BPTF,0
MAFF,CRYZL1,0
ARID2,E2F8,0
NR3C1,ENO1,0
EZH2,SRF,0
EZH2,MTHFD1,0
IRF3,CEBPA,0
RFX5,TNFAIP3,0
EPAS1,TTR,0
NR3C1,ZDHHC4,0
FOXA2,MYBBP1A,0
SMARCA4,ZFP36,0
CEBPZ,CACYBP,0
FOXA1,COMMD10,0
ATF3,WFDC2,0
ATF3,NUSAP1,0
RFX5,NCOA1,0
EZH2,ZBTB3,0
REST,MLF1,0
RFX5,FOXP1,0
CEBPD,C9ORF72,0
JUN,UCHL1,0
EPAS1,HNRNPUL1,0
ARID2,TAF6,0
ARID2,POLR2F,0
IRF3,FOXP1,0
HNF4A,CXXC1,0
TEAD4,KDELR3,0
JUN,IVNS1ABP,0
JUN,CDK1,0
RFX5,APOC2,0
NR2F2,SALL2,0
SMARCA4,ANPEP,0
BRCA1,IFITM3,0
IRF3,TMEM177,0
IRF3,HPN,0
IRF3,MYBL2,0
ARID2,ECD,0
BRCA1,LGALS2,0
JUN,EOMES,0
SMARCA4,ITGB5,0
MAFF,RNF19A,0
CEBPD,ZNF398,0
NR2F2,EHMT2,0
ARID2,PEG3,0
EZH2,EPAS1,0
EPAS1,MAPK1,0
EPAS1,ODF2L,0
NR3C1,RBP4,0
HNF4A,THOC1,0
FOXA2,MEST,0
HDAC2,COMMD3,0
EPAS1,TRIP13,0
EZH2,CKS2,0
RFX5,FUBP1,0
EZH2,AGT,0
NR2F2,INMT,0
CEBPZ,ING3,0
ARID2,DNMT3A,0
HNF4A,NRIP1,0
CEBPD,THAP11,0
NR2F2,POLR2G,0
SRF,RBP2,0
ATF3,ING3,0
ARID2,ZFP42,0
BRCA1,CCDC82,0
IRF3,HGD,0
NR3C1,MMS22L,0
SRF,NRIP1,0
MYBL2,PMAIP1,0
ARID2,ATIC,0
CEBPZ,DNMT3A,0
FOSL2,INMT,0
SRF,SKA3,0
EZH2,PBX1,0
MYC,TTR,0
JUN,HMGCL,0
RFX5,TIMM21,0
RFX5,GLIPR2,0
EPAS1,ZBTB24,0
NR2F2,ZNF239,0
JUN,GMPS,0
FOXA1,MTAP,0
BRCA1,DR1,0
MYC,FOXO1,0
TEAD4,HNF4A,0
MYBL2,SKIL,0
JUN,NFKBIZ,0
EZH2,ALDH9A1,0
CEBPZ,ISG15,0
REST,GSTA1,0
REST,ID3,0
HNF4A,HTATSF1,0
MAZ,ANXA3,0
JUN,ASL,0
SMARCA4,ZFYVE21,0
CEBPZ,P4HA2,0
SMARCA4,NEIL2,0
REST,USP44,0
ATF3,RGN,0
IRF3,F2RL1,0
SMARCA4,TIMELESS,0
RFX5,HDAC1,0
MYC,CIDEB,0
EPAS1,FOXA2,0
MAZ,KNSTRN,0
ELF1,NR1I3,0
BRCA1,CTDSPL,0
ATF3,FGB,0
SMARCA4,ZNF589,0
NR3C1,CNOT7,0
BRCA1,MLXIPL,0
FOSL2,ETV1,0
MAFF,HELLS,0
BRCA1,DPF2,0
BRCA1,WDYHV1,0
ATF3,ICE2,0
RFX5,ACOX2,0
NR3C1,THRAP3,0
CEBPZ,LHX1,0
SRF,MAZ,0
NR3C1,ZNHIT3,0
MYC,LDB2,0
BRCA1,MPHOSPH9,0
CEBPZ,FUCA1,0
NR3C1,ARID2,0
ARID2,HPRT1,0
SRF,RBP4,0
EPAS1,GYG1,0
ARID2,DDX54,0
RUVBL1,PPARA,0
ARID2,LHX1,0
IRF3,UTRN,0
NR2F2,ZNF287,0
EZH2,POLR2G,0
JUN,TATDN3,0
ARID2,GTF2I,0
CEBPZ,GMNN,0
FOXA1,RAD54B,0
ATF3,SULF2,0
EZH2,GTF2H3,0
ATF3,CTBP1,0
RUVBL1,MCM4,0
BRCA1,RAB25,0
RUVBL1,RBBP4,0
ARID2,BRIX1,0
JUN,SMAD3,0
IRF3,ZFP64,0
ATF3,FUCA1,0
ATF3,MCM6,0
NR3C1,ATF3,0
MAFF,ASGR1,0
CEBPZ,ITGB3BP,0
EZH2,ZFP42,0
EPAS1,ACTC1,0
IRF3,POLR2F,0
SMARCA4,SDAD1,0
MAFF,ZNF581,0
EZH2,LCMT1,0
EZH2,NUSAP1,0
JUN,E2F4,0
FOXA2,WIPI1,0
HDAC2,RFX5,0
IRF3,NR5A2,0
MAZ,HCFC1,0
HNF4A,HNRNPH2,0
MAFF,EPHX2,0
CEBPZ,FASTKD2,0
FOSL2,ALDH9A1,0
CEBPZ,AKR1B1,0
ARID2,KLF3,0
MYBL2,ZNF675,0
HNF4A,POLR2I,0
RUVBL1,PARPBP,0
ATF3,PLA2G12B,0
ARID2,DDB2,0
ARID2,ZNF300,0
NR3C1,ELF1,0
EPAS1,C12ORF10,0
NR3C1,DDIT3,0
CEBPZ,FHL2,0
FOXA2,ISY1,0
CEBPZ,TM4SF4,0
TEAD4,MT1X,0
FOXA1,AHR,0
ARID2,LIN28A,0
NR2F2,RAI14,0
EZH2,HAUS1,0
TEAD4,SOX2,0
MAZ,AFP,0
MYC,THRB,0
HNF4A,WDHD1,0
SRF,CSDE1,0
NR3C1,ZNF107,0
SMARCA4,PIAS3,0
MAZ,LGALS2,0
RUVBL1,FBL,0
HDAC2,HNRNPH2,0
IRF3,UHRF1,0
NR3C1,SOX2,0
MYBL2,YAF2,0
IRF3,ASNS,0
CEBPD,PWP1,0
ATF3,ACADSB,0
MAZ,POLR2K,0
CEBPZ,PIAS3,0
IRF3,POLR3D,0
ARID2,GSTK1,0
CEBPZ,HSD17B11,0
NR2F2,MYC,0
FOXA2,WDR74,0
HDAC2,BSCL2,0
ARID2,SPP1,0
FOXA1,NFYB,0
ARID2,WDR43,0
FOSL2,FAM151A,0
HDAC2,CNOT10,0
MYC,POU5F1,0
EZH2,CHEK1,0
EZH2,TAF5,0
RUVBL1,TF,0
EPAS1,SSRP1,0
SMARCA4,RNASEH2A,0
TEAD4,MCM8,0
EPAS1,ATG5,0
IRF3,CKS2,0
RUVBL1,GATA6,0
SRF,GGCT,0
EZH2,FAM13A,0
NR3C1,ZWINT,0
RFX5,ZNF561,0
EZH2,DOT1L,0
JUND,HMGCS2,0
JUND,TCERG1,0
SRF,ZFAND2A,0
BRCA1,PEF1,0
ARID2,ODF2L,0
RUVBL1,PRKCE,0
HDAC2,ARL6IP6,0
HDAC2,CDKN3,0
EZH2,CENPK,0
BRCA1,F3,0
MYBL2,ALG6,0
MAFF,PTMA,0
SMARCC1,PIM2,0
FOXA2,FAM151A,0
RUVBL1,SRSF1,0
EZH2,RFC4,0
MYC,TAF11,0
FOSL2,S100A6,0
HNF4A,PHGDH,0
ATF3,EWSR1,0
SMARCA4,GEMIN8,0
JUN,TAF5,0
ATF3,RBBP7,0
MYBL2,ARG2,0
HDAC2,UBE2T,0
ARID2,FANCI,0
CEBPZ,CNOT10,0
FOXA1,LAMC1,0
IRF3,SOX4,0
FOXA1,REST,0
MYC,DGAT1,0
NR3C1,DDIT4,0
BRCA1,LAPTM4B,0
SRF,BCL11B,0
TEAD4,ZNF101,0
ATF3,GNPNAT1,0
ATF3,PARP1,0
MYC,ADNP,0
HNF4A,TEAD2,0
CREB1,MED21,0
BRCA1,ADSL,0
MAFF,HMGCS2,0
TEAD4,POU5F1,0
FOXA1,SMAD3,0
CEBPZ,WDHD1,0
CEBPD,ZFHX3,0
NR2F2,TEAD2,0
BRCA1,RAD54B,0
FOXA1,EHMT1,0
TEAD4,ENO1,0
EPAS1,GSN,0
IRF3,FOSL2,0
EZH2,VCAN,0
IRF3,POLR1C,0
ARID2,SOX2,0
TEAD4,DEK,0
REST,TAF9B,0
ATF3,ASGR1,0
FOXA1,ALG6,0
NR2F2,ACTC1,0
CEBPZ,TOPORS,0
RUVBL1,PTTG1,0
FOSL2,POU5F1,0
MYC,PREB,0
CEBPZ,TFPI,0
CEBPZ,DDIT3,0
EZH2,AFP,0
NR2F2,ECHDC2,0
MYC,CDKN3,0
CEBPD,PLIN2,0
CEBPD,TCEA1,0
EPAS1,BRCA1,0
FOXA1,CREB1,0
JUN,ZRANB2,0
BRCA1,LAMC1,0
EPAS1,ZNF239,0
SMARCA4,ICA1,0
CEBPZ,HNF1B,0
MAFF,PIAS2,0
REST,CNOT10,0
CEBPZ,TEX10,0
JUN,DDB2,0
CEBPD,SMAD5,0
IRF3,ARID3B,0
NR2F2,RNF4,0
SMARCA4,C12ORF10,0
HDAC2,RAD54B,0
EZH2,ITGB3BP,0
HDAC2,CBR1,0
MYC,RAB34,0
REST,ETS1,0
SMARCA4,RUVBL2,0
ARID2,BDP1,0
TEAD4,HDGF,0
NR2F2,PAWR,0
BRCA1,NRIP1,0
SRF,TOPORS,0
RFX5,G2E3,0
ELF1,IFITM1,0
EPAS1,DKC1,0
CEBPD,BIRC5,0
JUND,HMGN1,0
HNF4A,TMEM150C,0
TEAD4,KLHL7,0
MAZ,SOX4,0
SRF,TTC39C,0
CEBPD,PBX1,0
NR2F2,RNASEH2A,0
ELF1,FGB,0
ELF1,NRIP1,0
BRCA1,NR2F2,0
IRF3,CTSE,0
EPAS1,EZH2,0
JUN,ITGB3BP,0
MAFF,TCF25,0
EZH2,TBX3,0
NR2F2,APEH,0
ARID2,DDAH1,0
REST,RFX6,0
EZH2,MPC1,0
TEAD4,WIPI1,0
RUVBL1,HDGF,0
NR3C1,EPHX2,0
JUN,B4GALT3,0
IRF3,CBX3,0
SRF,PAWR,0
HDAC2,GATA6,0
MAFF,YEATS4,0
CEBPZ,HP,0
BRCA1,EED,0
ARID2,HNF4A,0
NR2F2,MLXIPL,0
EZH2,PTTG1,0
EPAS1,TDGF1,0
ATF3,SMAD2,0
EZH2,TMEM120A,0
BRCA1,XBP1,0
ARID2,RNPS1,0
RUVBL1,ATG4C,0
HNF4A,TMEM69,0
TEAD4,RHOBTB3,0
SMARCA4,G6PC3,0
REST,DLGAP5,0
MAFF,ATP1B3,0
HNF4A,APEX1,0
RUVBL1,GEMIN8,0
NR3C1,TRIP13,0
ARID2,EEF1A1,0
JUN,MCM5,0
FOXA1,E2F5,0
ATF3,SMOX,0
EPAS1,DNAJC2,0
EZH2,HIST1H1E,0
BRCA1,DPCD,0
SMARCA4,LAPTM4B,0
HNF4A,EXOSC9,0
MYBL2,KLF3,0
NR3C1,C11ORF74,0
CEBPZ,S100A6,0
CEBPD,CDC20,0
NR3C1,PMAIP1,0
IRF3,CENPE,0
SMARCA4,ZNF91,0
CEBPZ,DECR1,0
FOSL2,CREG1,0
SMARCA4,TAF5,0
IRF3,ZFP42,0
EPAS1,ZNF74,0
TEAD4,ZNF675,0
HNF4A,AFF4,0
ARID2,TEAD2,0
IRF3,BIN1,0
CEBPZ,ACADVL,0
MAFF,CCDC82,0
RUVBL1,PCGF6,0
MAFF,TDGF1,0
CEBPZ,HERPUD1,0
SRF,PIAS2,0
CREB1,MAP1B,0
SMARCA4,DDB2,0
FOXA1,FUCA1,0
MAZ,P4HA2,0
NR3C1,ANAPC4,0
MAFF,PPARA,0
IRF3,FLRT3,0
JUN,CETN3,0
MAFF,USP44,0
JUN,ZNF670,0
SMARCA4,FMO5,0
MAZ,THAP11,0
ATF3,IQCB1,0
CREB1,PPFIBP2,0
EPAS1,STAT2,0
JUN,ANPEP,0
IRF3,LGALS1,0
CEBPZ,NFYB,0
TEAD4,SPP1,0
IRF3,ANLN,0
FOSL2,MEP1A,0
FOXA1,ZNF589,0
EPAS1,FMO5,0
RUVBL1,NDUFAF5,0
ATF3,TAF6,0
MAZ,BLVRA,0
JUN,NDUFAF5,0
ATF3,DDAH1,0
SRF,SMARCC1,0
MYBL2,MCM5,0
MAZ,SNRPD1,0
MAZ,IQCB1,0
EPAS1,AGTRAP,0
HNF4A,AHR,0
REST,APOC3,0
ATF3,HCFC1,0
RUVBL1,CRABP2,0
IRF3,U2AF1,0
MAFF,GMNN,0
RFX5,PPARA,0
HNF4A,CDX2,0
HNF4A,FOSB,0
IRF3,SMOX,0
EPAS1,DPPA4,0
NR3C1,GLIS3,0
RFX5,PIH1D1,0
CEBPD,UGT2B11,0
FOXA1,MED14,0
CEBPD,SP4,0
SMARCA4,TMEM37,0
EPAS1,TTC39C,0
IRF3,EPAS1,0
ARID2,BTG2,0
MAZ,NFATC2,0
NR3C1,ZNF670,0
IRF3,FOXM1,0
RUVBL1,CDKN3,0
RUVBL1,POLR2F,0
MAFF,ZHX1,0
ARID2,ADSL,0
CEBPD,RAI14,0
FOSL2,LDB2,0
EZH2,TGIF2,0
IRF3,TCF25,0
MAFF,RAB28,0
ELF1,CIDEB,0
CEBPD,SULF2,0
EPAS1,COPS5,0
MYC,ZNF239,0
BRCA1,MTMR2,0
BRCA1,THAP11,0
EZH2,RNASE4,0
RFX5,BCL11B,0
RUVBL1,HSD17B11,0
SRF,SCAPER,0
SMARCC1,INMT,0
ARID2,TRERF1,0
HNF4A,CHEK1,0
JUN,DPAGT1,0
FOXA1,VRK1,0
RUVBL1,CBX3,0
ATF3,TFRC,0
EPAS1,EYA3,0
SMARCA4,THOC1,0
SMARCA4,ZNF300,0
JUN,MT1G,0
NR3C1,MT1G,0
JUN,SRSF6,0
EZH2,MSH2,0
MYC,SEC11C,0
IRF3,POLR1D,0
IRF3,RNF19A,0
MYBL2,KDM4C,0
FOXA1,DPCD,0
FOSL2,TCF25,0
NR2F2,UGT2B11,0
SMARCC1,UMPS,0
HDAC2,ANPEP,0
ARID2,SF3B3,0
REST,SALL4,0
JUN,BIRC5,0
ELF1,C3ORF14,0
EPAS1,THRAP3,0
CEBPD,DPYSL2,0
SMARCA4,AFP,0
NR3C1,FAM114A1,0
RFX5,NR1I3,0
BRCA1,DNMT3B,0
ATF3,MSH2,0
EZH2,SRSF6,0
JUND,RBP2,0
SRF,FGB,0
CREB1,ARL6IP6,0
HNF4A,CNTRL,0
FOXA2,FBL,0
CEBPD,CACYBP,0
RFX5,SSBP3,0
IRF3,KPNA2,0
NR3C1,ITIH4,0
ATF3,DEK,0
RUVBL1,TRERF1,0
MAFF,JAZF1,0
HDAC2,HPRT1,0
FOXA1,TBRG4,0
HNF4A,FBL,0
RUVBL1,DECR1,0
CEBPD,AGTRAP,0
SMARCA4,NR2F6,0
FOXA1,RAMP1,0
NR3C1,EED,0
JUN,TMEM150C,0
SRF,PYGL,0
JUND,ACAD11,0
ATF3,THYN1,0
HNF4A,KIF23,0
FOXA1,ZNHIT3,0
MYC,ZFP36,0
FOSL2,BTF3,0
NR2F2,PSAT1,0
RFX5,ENO1,0
HNF4A,ZRANB2,0
EZH2,DPCD,0
FOSL2,DNMT3B,0
EZH2,HPX,0
SRF,BST2,0
RUVBL1,SPP1,0
EZH2,FOXO1,0
HDAC2,ITGB3BP,0
REST,KDM4C,0
NR3C1,NUDT15,0
RFX5,RNF2,0
RUVBL1,YEATS4,0
EZH2,NPRL2,0
EZH2,MAZ,0
HNF4A,CACYBP,0
ARID2,JARID2,0
SMARCA4,CBR1,0
MAZ,NR2F2,0
EZH2,TCFL5,0
EZH2,SMAD3,0
MAFF,ZNF561,0
MAFF,HMGA1,0
FOXA1,ARG2,0
NR3C1,TCF4,0
ARID2,HAUS1,0
FOXA2,POLR3E,0
MYC,DOT1L,0
ELF1,KLF6,0
TEAD4,SPTLC3,0
SMARCA4,ZNRD1,0
MYC,RAD54B,0
SMARCA4,ITGB3BP,0
EPAS1,TMEM150C,0
BRCA1,MEST,0
JUN,NUF2,0
JUN,BLM,0
MAFF,NUP88,0
NR3C1,CEP70,0
RFX5,COMMD10,0
JUN,TOP2A,0
BRCA1,HNF4A,0
EPAS1,RBMX,0
SRF,PAPOLA,0
JUN,SNAPC1,0
JUN,RAB28,0
JUND,DDAH1,0
SMARCC1,LGALS2,0
ATF3,CNBP,0
SMARCA4,ZNF227,0
BRCA1,TTC39C,0
SRF,ESPL1,0
FOXA1,GLI1,0
SMARCC1,ARG2,0
ATF3,WDYHV1,0
TEAD4,SNRPD1,0
RFX5,NODAL,0
MYBL2,SRSF6,0
TEAD4,DNAH14,0
MAZ,YEATS4,0
FOSL2,MELK,0
JUN,S100A6,0
SRF,ARSE,0
FOXA1,AKR1D1,0
SRF,DDC,0
JUN,DCLRE1C,0
NR3C1,MXD1,0
FOSL2,NODAL,0
SMARCA4,ESPL1,0
NR3C1,FOXA1,0
CEBPZ,ITIH4,0
RUVBL1,TSFM,0
HDAC2,ZNF217,0
ELF1,ANG,0
RFX5,IFITM2,0
ELF1,HGD,0
EZH2,RBMX,0
HNF4A,DNAH14,0
CEBPZ,TAF5,0
BRCA1,ZNF581,0
JUN,ZFYVE21,0
MAFF,ELF1,0
IRF3,JUN,0
IRF3,TTF2,0
CEBPD,ALG6,0
JUN,RAD54B,0
SMARCA4,POP5,0
MYC,RBP2,0
SRF,JUN,0
RFX5,MT1X,0
CEBPZ,AATF,0
CREB1,LAMB1,0
RUVBL1,DDB2,0
HDAC2,ITIH4,0
BRCA1,DPH6,0
JUND,CREG1,0
JUN,DNAH14,0
RUVBL1,ANXA4,0
ATF3,BMPR1A,0
IRF3,MCM6,0
BRCA1,TARBP2,0
ARID2,PMS1,0
RUVBL1,TCF3,0
JUN,BPTF,0
FOXA2,PTTG1,0
NR2F2,LAPTM4B,0
HNF4A,BRCA2,0
EPAS1,PPIL1,0
BRCA1,ALDH9A1,0
EZH2,C9ORF72,0
CEBPZ,ATF3,0
MAFF,HIST1H1C,0
EPAS1,RFC2,0
HNF4A,P4HA2,0
MAFF,TIMELESS,0
MAFF,LGALS2,0
SMARCC1,FAM151A,0
FOXA1,MT1G,0
CEBPZ,TBPL1,0
EZH2,RBP2,0
FOSL2,PLRG1,0
SRF,MYBBP1A,0
JUN,KAT7,0
EZH2,HSD17B11,0
SRF,HSD17B11,0
ARID2,NDUFAF4,0
RFX5,PIAS3,0
BRCA1,NFATC2,0
FOSL2,CNOT10,0
HDAC2,HMGXB4,0
BRCA1,ZNF567,0
TEAD4,ZNF232,0
ELF1,TAF6,0
IRF3,ISG15,0
ARID2,SERTAD3,0
REST,MUSTN1,0
IRF3,C11ORF1,0
BRCA1,GMNN,0
FOSL2,SCAPER,0
BRCA1,NDUFAF4,0
EZH2,DPH5,0
EPAS1,WDYHV1,0
SRF,RAMP1,0
BRCA1,JUND,0
RUVBL1,HIST1H1C,0
MYC,FOXM1,0
EZH2,S100A6,0
CREB1,ITLN2,0
RFX5,VCAN,0
IRF3,TFE3,0
ARID2,IVNS1ABP,0
ATF3,KIF20B,0
ELF1,RFX6,0
RFX5,KLF3,0
SMARCA4,SALL2,0
EZH2,THAP1,0
SMARCC1,LDB2,0
TEAD4,F10,0
EPAS1,ZNF146,0
RUVBL1,ASGR1,0
RUVBL1,GLIS3,0
CEBPZ,PRPS2,0
CEBPZ,ZSCAN21,0
HDAC2,TAF6,0
REST,TRIP13,0
SRF,LHX1,0
MYC,WBP11,0
MAFF,C3ORF14,0
CEBPZ,QPCT,0
ATF3,KIFAP3,0
BRCA1,MT1X,0
MAFF,JAG1,0
ATF3,DNMT3B,0
CEBPZ,WFDC2,0
JUND,SEC11C,0
TEAD4,E2F5,0
JUN,GTF2H3,0
SMARCA4,UCHL1,0
EPAS1,NUP35,0
ARID2,EGR1,0
RUVBL1,ACADVL,0
IRF3,HDGF,0
CEBPZ,NUP35,0
RUVBL1,ZNHIT3,0
EZH2,HELLS,0
ARID2,COPS5,0
SMARCA4,SP4,0
REST,AASS,0
MAZ,CNTRL,0
SRF,HTATSF1,0
IRF3,HIBCH,0
RUVBL1,TRIM28,0
CEBPD,CBR1,0
CREB1,NFATC2,0
CEBPD,HDAC2,0
ATF3,DTWD1,0
REST,F3,0
BRCA1,HNRNPUL1,0
TEAD4,SKIL,0
NR3C1,IL32,0
JUN,MTFP1,0
IRF3,HMGA1,0
TEAD4,RAB34,0
ARID2,GTF3C2,0
NR3C1,TDGF1,0
IRF3,LITAF,0
MAFF,HMGN1,0
MYBL2,APOC1,0
SRF,TIPIN,0
JUN,BLVRA,0
SRF,RFX6,0
RFX5,ANKRD1,0
ARID2,APOC1,0
HNF4A,ZNF766,0
TEAD4,TBRG4,0
RUVBL1,ERBB4,0
FOXA1,STAT2,0
SRF,TEX10,0
HNF4A,PRPS2,0
SMARCA4,PIH1D1,0
MYC,LGALS1,0
HNF4A,HELLS,0
EPAS1,TFF1,0
SMARCA4,SPP1,0
NR3C1,PLAGL2,0
IRF3,ZNF766,0
EZH2,ETS1,0
RUVBL1,TBL1X,0
CEBPD,PTTG1,0
CEBPZ,FANCD2,0
NR3C1,FUCA1,0
REST,HIST1H1B,0
RFX5,DRAP1,0
RFX5,ZNF227,0
HNF4A,ATP1B3,0
SRF,APOA1,0
SMARCA4,S100A16,0
RUVBL1,AASS,0
EZH2,ANAPC7,0
MAFF,LGALS1,0
SRF,FGG,0
EZH2,G2E3,0
SRF,ZFP64,0
ARID2,E2F7,0
EZH2,CNOT7,0
FOXA1,ZNF227,0
HNF4A,RFXANK,0
EZH2,APEX1,0
FOSL2,ORC2,0
RFX5,ZNF287,0
ATF3,PREB,0
RUVBL1,CCNB2,0
IRF3,PREB,0
CEBPZ,COMMD3,0
MAFF,GATA6,0
BRCA1,TDGF1,0
NR3C1,PRIM1,0
SRF,BLVRA,0
MAFF,CEBPA,0
EPAS1,CENPF,0
RFX5,AMZ2,0
EPAS1,DUT,0
TEAD4,GEMIN8,0
CEBPD,UBE2C,0
EZH2,BLM,0
MAFF,TADA3,0
EZH2,ZNF770,0
FOXA1,MATR3,0
RUVBL1,EWSR1,0
SMARCA4,WIPI1,0
FOXA1,LIN28A,0
EZH2,AGTRAP,0
ATF3,FASTKD2,0
MYBL2,ACAA1,0
NR3C1,DECR1,0
EPAS1,NDUFAF5,0
ARID2,AKR1B1,0
EZH2,C11ORF1,0
SMARCA4,XPO5,0
CEBPZ,NOL10,0
CEBPZ,CHEK1,0
ATF3,DPH6,0
FOSL2,FHL2,0
EZH2,APOA1,0
IRF3,PIM2,0
RFX5,CREB3L3,0
IRF3,PAX6,0
SMARCA4,GTF3C4,0
RFX5,HNF4A,0
HNF4A,XRCC5,0
CEBPD,LHX1,0
MYBL2,PDGFA,0
ARID2,THAP1,0
MAZ,UCHL1,0
ELF1,GSTA2,0
JUN,HIST1H1E,0
IRF3,SCD5,0
EZH2,HPN,0
MAFF,E2F3,0
IRF3,TATDN3,0
ATF3,SNAPC1,0
TEAD4,DNMT3B,0
RFX5,DAB2,0
ATF3,KLF5,0
NR3C1,POP5,0
TEAD4,DDAH1,0
JUN,CEP70,0
FOSL2,HMGA1,0
ATF3,RHOBTB3,0
MAFF,DRAP1,0
TEAD4,HPN,0
SMARCA4,ZNF239,0
HNF4A,CDK4,0
EZH2,BDP1,0
MAFF,GTF3C2,0
EZH2,CCNB2,0
ELF1,MYC,0
ARID2,SCD5,0
SMARCA4,NME2,0
EPAS1,MED20,0
MAFF,ADNP,0
ARID2,KLF6,0
FOSL2,ZBTB3,0
NR3C1,BLVRA,0
SMARCC1,SEC14L2,0
IRF3,POU2F1,0
EPAS1,MGST2,0
EPAS1,C11ORF74,0
ELF1,LHX1,0
FOSL2,LGALS3,0
RFX5,ITIH4,0
EZH2,MLXIPL,0
SMARCA4,CKAP2,0
ATF3,REST,0
SMARCC1,AFP,0
NR3C1,THOC1,0
RUVBL1,NR2F2,0
MAZ,MAD2L1,0
ARID2,LDB2,0
SRF,MAFF,0
EPAS1,BCOR,0
MAZ,CDK1,0
ELF1,INMT,0
TEAD4,SH3BGRL,0
EPAS1,HAUS1,0
MAZ,BSCL2,0
MYBL2,ANPEP,0
SMARCA4,ACTL6A,0
CEBPZ,IL32,0
CREB1,CKS1B,0
EZH2,STX8,0
BRCA1,C9ORF72,0
BRCA1,WDR43,0
ATF3,DNMT3A,0
MAZ,NUPR1,0
SMARCA4,HDAC2,0
CEBPZ,GTF2E1,0
RUVBL1,EEF1A1,0
NR2F2,DPYSL2,0
FOSL2,TCF19,0
RFX5,SPP1,0
ARID2,PLRG1,0
NR2F2,THRB,0
MYBL2,APOC3,0
ATF3,GLIPR2,0
MAZ,HMGCS2,0
RFX5,RNF138,0
RFX5,RAMP1,0
HNF4A,TRIM25,0
MAFF,ICA1,0
EPAS1,VCAN,0
BRCA1,NUF2,0
EZH2,CCNB1,0
HDAC2,RBMX,0
RFX5,TUBB6,0
ARID2,CENPK,0
SRF,MCM4,0
BRCA1,TTR,0
JUN,SMAD5,0
RFX5,CEP70,0
ARID2,SRF,0
ATF3,ETV4,0
RUVBL1,PPP1R7,0
IRF3,SRSF1,0
BRCA1,ITLN2,0
MYC,HP,0
MYC,JAZF1,0
CEBPD,ITIH4,0
ATF3,NFIB,0
CEBPZ,EEF1E1,0
ARID2,EPAS1,0
EZH2,RBBP7,0
ARID2,TTR,0
ATF3,PIAS3,0
SMARCC1,WDR74,0
JUN,KIF22,0
RUVBL1,HMMR,0
RUVBL1,NCOA6,0
REST,MTHFD1,0
RUVBL1,DCTPP1,0
ELF1,ORC2,0
REST,DDX20,0
NR3C1,ZNF675,0
CEBPZ,PDGFRA,0
HNF4A,NME2,0
JUND,CENPF,0
HNF4A,EOMES,0
MAZ,FAM13A,0
NR2F2,LGALS3,0
ATF3,ZNF644,0
HNF4A,TAF1A,0
MAZ,PDGFA,0
ATF3,FLRT3,0
RUVBL1,ZNF217,0
BRCA1,UCP2,0
RUVBL1,SMARCC1,0
FOSL2,RFX6,0
ARID2,HMGN3,0
SMARCC1,DAB2,0
EPAS1,PUS7L,0
RUVBL1,SMARCA4,0
EPAS1,UMPS,0
EZH2,ASNSD1,0
IRF3,MGST2,0
ARID2,PLIN2,0
MYC,DDB2,0
EZH2,ANP32E,0
EPAS1,SRF,0
ATF3,NUP54,0
ARID2,C3ORF14,0
MYC,TNNI3,0
MYBL2,TFPI,0
JUN,HMGN2,0
JUND,DKC1,0
IRF3,TADA3,0
RUVBL1,PSAT1,0
RFX5,TSFM,0
MAZ,CA2,0
BRCA1,DPH5,0
ELF1,GTF2I,0
MAZ,MSH2,0
SMARCA4,EPAS1,0
EZH2,CRAT,0
SMARCA4,ANAPC4,0
SRF,TCF3,0
HNF4A,TIMM21,0
ARID2,ACOT7,0
IRF3,MTHFD1,0
EZH2,MATR3,0
EZH2,ID3,0
REST,SMAD2,0
REST,MTAP,0
RUVBL1,SOX2,0
ATF3,FOXA1,0
IRF3,DOT1L,0
CEBPD,NRIP1,0
EPAS1,MLF1,0
CEBPZ,YAF2,0
ARID2,FOXO1,0
NR3C1,ICA1,0
ELF1,HMGN2,0
IRF3,TRERF1,0
MYC,SEC14L2,0
JUND,KDELR3,0
EZH2,UTRN,0
SRF,RNF4,0
MYC,TTC39C,0
HDAC2,P4HA2,0
BRCA1,PMAIP1,0
MYC,TADA3,0
CEBPD,MAD2L1,0
MAFF,SAAL1,0
CEBPZ,PDZK1,0
FOSL2,SULF2,0
SRF,SERPINB1,0
ATF3,RSU1,0
MAZ,PLIN2,0
HNF4A,SEC14L2,0
CREB1,CBR1,0
RFX5,WIPI1,0
IRF3,MTAP,0
MAZ,MEST,0
SMARCA4,ASCC3,0
JUN,FBL,0
EZH2,ITGB5,0
NR3C1,NUP54,0
NR3C1,CENPK,0
RFX5,REST,0
HNF4A,ADNP,0
ARID2,ECHDC2,0
RUVBL1,APOC2,0
CEBPZ,IFITM3,0
FOXA1,POLR3D,0
HNF4A,COMMD10,0
SMARCA4,COQ3,0
CEBPZ,ANXA3,0
HDAC2,ZDHHC4,0
EZH2,C1GALT1,0
BRCA1,AEBP2,0
ARID2,RAD54B,0
HDAC2,KLF5,0
IRF3,COPS5,0
SRF,CCS,0
NR2F2,BMP2,0
ATF3,NME2,0
ATF3,CEP70,0
BRCA1,HMGCS2,0
SMARCC1,CENPW,0
IRF3,ZNF91,0
SRF,ACOT7,0
EZH2,IL32,0
ATF3,SOX2,0
CEBPZ,RNF138,0
SMARCC1,CDX2,0
FOSL2,FXYD5,0
EPAS1,KLF5,0
RFX5,E2F4,0
NR3C1,ETV1,0
IRF3,ASCC3,0
HNF4A,BCL11B,0
HDAC2,CEP70,0
EPAS1,PPT1,0
ATF3,MED14,0
HNF4A,TDGF1,0
RUVBL1,HIBCH,0
CEBPD,GATA6,0
JUND,SMAD2,0
ARID2,RAB25,0
RFX5,SEC11C,0
TEAD4,TFPI,0
JUN,DCTPP1,0
MAFF,CBX3,0
MAFF,SUV39H2,0
IRF3,ECT2,0
ARID2,TCF19,0
SRF,TMEM37,0
MYC,SKA3,0
MAFF,DNMT3B,0
JUN,POLR1B,0
SMARCA4,AASS,0
NR3C1,LIN28A,0
MAZ,ZNF239,0
IRF3,ZNF670,0
JUN,GSTA2,0
CEBPD,IFITM2,0
SMARCC1,H1F0,0
ATF3,CREB1,0
BRCA1,CDX2,0
HNF4A,HDAC1,0
ARID2,HMGA1,0
MAFF,ECHDC2,0
EZH2,SIRT2,0
MAFF,ADSL,0
ARID2,MTHFD1,0
REST,TEAD2,0
JUN,YAF2,0
NR2F2,PLIN2,0
NR3C1,GMPR2,0
SRF,DNMT3A,0
MYBL2,PAX6,0
IRF3,PMS1,0
NR2F2,CBR1,0
NR3C1,CHEK2,0
HNF4A,SCD5,0
JUN,ID3,0
BRCA1,SF3B3,0
EPAS1,XBP1,0
NR3C1,SRRM1,0
TEAD4,MEP1A,0
RUVBL1,XPO5,0
FOSL2,IVNS1ABP,0
NR3C1,MCM4,0
RUVBL1,CRYZL1,0
HNF4A,HMGXB4,0
SMARCC1,RFX6,0
BRCA1,BTG1,0
CEBPZ,DPF2,0
EZH2,PAK1IP1,0
ATF3,E2F8,0
FOXA2,ZBTB3,0
MAZ,FEN1,0
HNF4A,EXOSC3,0
FOXA1,CMC1,0
SMARCA4,KLF5,0
RFX5,ITLN2,0
CREB1,ZNF287,0
BRCA1,SP100,0
RUVBL1,PSIP1,0
RUVBL1,CTSE,0
CEBPD,UHRF1,0
EZH2,LAMC1,0
SMARCA4,F2RL1,0
MYC,NUSAP1,0
MAFF,S100A6,0
ATF3,KLF3,0
MYBL2,EHMT1,0
ATF3,SP4,0
JUN,MCM7,0
ARID2,MMS19,0
HDAC2,TMEM69,0
SRF,MED4,0
ARID2,WBP11,0
HNF4A,SPTLC3,0
ARID2,STMN1,0
IRF3,APOA4,0
SRF,PDGFRA,0
MYC,KIF23,0
NR3C1,GATA4,0
SMARCA4,CETN3,0
MAZ,FBL,0
NR3C1,EXOSC3,0
SMARCA4,PYGL,0
EZH2,POLR2D,0
JUN,ZNF567,0
SRF,BMPR1A,0
RFX5,TEAD4,0
RFX5,HNRNPK,0
EZH2,UHRF1,0
HNF4A,GGCT,0
ATF3,CCND1,0
MYC,FMO5,0
TEAD4,CRAT,0
EPAS1,TCF7L1,0
RUVBL1,MCM3,0
NR3C1,G2E3,0
FOSL2,IFITM1,0
NR2F2,MTFP1,0
FOXA2,SFRP1,0
CEBPZ,ZFP36,0
ARID2,GLI1,0
CEBPZ,LMO7,0
REST,NR5A2,0
REST,TCF4,0
SRF,ANKRD1,0
JUN,QPCT,0
MAFF,PRPS2,0
REST,CAMK2D,0
NR3C1,TCERG1,0
EZH2,NPM1,0
CEBPZ,TMEM120A,0
MYBL2,SERPINB1,0
EZH2,TCF3,0
SMARCA4,CDK4,0
MAZ,ZNF567,0
SRF,FOXA2,0
ATF3,TAF7,0
ATF3,CBX3,0
IRF3,PEMT,0
RFX5,ZDHHC4,0
NR2F2,KDELR3,0
MYC,AMBP,0
HNF4A,PREB,0
NR3C1,CNBP,0
RFX5,ANLN,0
TEAD4,PSAT1,0
MAFF,TRIM27,0
ATF3,H1F0,0
SMARCC1,VCAN,0
NR3C1,SRSF2,0
TEAD4,HNRNPH2,0
HNF4A,ITGB5,0
MAFF,SHMT2,0
NR2F2,MMS19,0
EPAS1,FOSL1,0
SMARCA4,S100A6,0
EZH2,CDKN1A,0
ATF3,TFDP2,0
TEAD4,DDIT4,0
EZH2,ANXA4,0
CEBPZ,CRAT,0
REST,RGN,0
JUN,HIST1H1C,0
BRCA1,MYCN,0
MAFF,B4GALT3,0
FOSL2,KDM4C,0
HDAC2,BST2,0
SMARCA4,EPHX2,0
CEBPD,APOC1,0
TEAD4,ZNF589,0
JUN,HIPK2,0
IRF3,DTWD1,0
REST,MTFP1,0
SRF,SAAL1,0
IRF3,TMEM69,0
MYC,CCS,0
NR3C1,DROSHA,0
BRCA1,GMPR2,0
JUND,FXYD5,0
NR3C1,BZW2,0
RUVBL1,PRIM1,0
MAFF,RNF2,0
NR2F2,TOP2B,0
ARID2,XPO5,0
NR2F2,RNF2,0
SRF,TEAD4,0
HNF4A,B4GALT3,0
ARID2,ZNF91,0
NR3C1,FANCL,0
HNF4A,CTSC,0
MYBL2,TCF4,0
SMARCA4,PEF1,0
MYC,HNF1B,0
JUN,THAP11,0
NR2F2,POU5F1,0
IRF3,SEC11C,0
MYC,MAP1B,0
ARID2,TFPI,0
RFX5,UHRF1,0
REST,MEP1A,0
HDAC2,POLR1D,0
MAFF,MED21,0
RUVBL1,NUP35,0
SMARCA4,DDX54,0
JUN,PYGL,0
IRF3,NPRL2,0
ARID2,MSH2,0
SRF,IFITM2,0
MAFF,PDLIM7,0
SRF,STX8,0
IRF3,F2,0
SRF,MTFP1,0
NR3C1,CKS1B,0
TEAD4,TAF7,0
MAFF,GEMIN8,0
RUVBL1,TCF19,0
SMARCA4,NR1H3,0
FOXA1,PDGFRA,0
SMARCC1,SAAL1,0
RFX5,ZHX1,0
HDAC2,POLB,0
NR3C1,BUB1,0
BRCA1,SMAD5,0
RUVBL1,GEMIN2,0
ARID2,E2F3,0
EZH2,ING1,0
RUVBL1,SMAD3,0
IRF3,ICE2,0
MAZ,FAM151A,0
JUND,DPPA4,0
FOSL2,NUPR1,0
ARID2,NFYB,0
HNF4A,SALL2,0
HDAC2,DEPDC7,0
SMARCC1,APOA4,0
RUVBL1,STX8,0
SMARCA4,IRF9,0
NR2F2,OCIAD2,0
ARID2,MLF1,0
HNF4A,LRR1,0
MYC,GALM,0
SMARCA4,HIPK2,0
MAZ,ITLN2,0
BRCA1,EXOSC9,0
BRCA1,JMJD1C,0
MAFF,GEMIN2,0
CEBPD,PARP1,0
BRCA1,HDAC1,0
MAZ,ETV1,0
TEAD4,PITX1,0
TEAD4,SNAPC1,0
HNF4A,ING3,0
MYC,CREG1,0
EZH2,NEK2,0
CEBPZ,CCS,0
JUN,XPO5,0
CEBPZ,ZNF766,0
IRF3,BLVRA,0
REST,TCF3,0
EPAS1,TCERG1,0
EPAS1,ZNRD1,0
EPAS1,DNMT3A,0
ARID2,ZWINT,0
RUVBL1,PLA2G12B,0
NR2F2,TFE3,0
CEBPZ,NUF2,0
RUVBL1,ECT2,0
IRF3,ZNF561,0
EZH2,DNMT1,0
NR3C1,HMGCS2,0
ATF3,NEIL2,0
MYC,EHMT2,0
EZH2,NONO,0
HNF4A,TAF5,0
RUVBL1,RBP2,0
EZH2,FOXM1,0
HNF4A,CEP70,0
EZH2,BCS1L,0
IRF3,MAPK1,0
MYBL2,BCOR,0
CEBPD,RAD54B,0
RFX5,LITAF,0
MAZ,HELLS,0
IRF3,ANAPC7,0
ATF3,MT1G,0
MYC,COPS5,0
ARID2,H1F0,0
HNF4A,CCNB2,0
TEAD4,GATA4,0
ATF3,PRPS2,0
MAZ,APOC1,0
HDAC2,EOMES,0
JUN,RFC2,0
IRF3,DCAF13,0
EZH2,E2F7,0
HNF4A,FUCA1,0
SRF,F10,0
MAZ,CNBP,0
EPAS1,SUPT16H,0
JUN,MCM8,0
SRF,LAMB2,0
RFX5,SMARCA4,0
ARID2,ATG5,0
EZH2,ZNF300,0
TEAD4,TMEM150C,0
ATF3,USP7,0
HDAC2,ASL,0
ATF3,OCIAD2,0
MAZ,ACAA1,0
SMARCA4,PIGH,0
MAZ,ECT2,0
BRCA1,CXXC1,0
SRF,EXOSC3,0
IRF3,CEBPZ,0
CEBPZ,SSRP1,0
EZH2,KAT7,0
MYBL2,SH3BGRL,0
FOXA1,MAP1B,0
NR2F2,DEK,0
IRF3,RFC1,0
REST,PEMT,0
FOSL2,JAZF1,0
BRCA1,NUP35,0
RUVBL1,PMS1,0
FOSL2,CTSE,0
NR3C1,ZNRD1,0
SRF,VCAN,0
MAZ,CDKN1A,0
REST,WIPI1,0
CEBPD,TDGF1,0
HDAC2,SRSF3,0
RUVBL1,JAZF1,0
CEBPD,SALL4,0
TEAD4,FEN1,0
ELF1,LAMC1,0
RUVBL1,IVNS1ABP,0
EPAS1,ZSCAN21,0
RUVBL1,GPN3,0
EZH2,NIF3L1,0
IRF3,RNF2,0
FOSL2,NEIL2,0
SMARCA4,TCOF1,0
SMARCC1,DKC1,0
IRF3,PIH1D1,0
IRF3,SMAD3,0
SRF,ADSL,0
FOXA2,PCGF6,0
RUVBL1,PIAS2,0
ARID2,ARID3B,0
HDAC2,ARID3B,0
IRF3,EHMT2,0
BRCA1,GTF3C4,0
MAFF,MCM4,0
REST,RREB1,0
HNF4A,SALL4,0
BRCA1,SNRPB,0
ATF3,SKA3,0
HDAC2,TRIM59,0
SMARCA4,PPFIBP2,0
FOXA2,NUDT1,0
ARID2,NRIP1,0
MAZ,C9ORF72,0
MAFF,CPSF3,0
FOSL2,RAD54B,0
FOXA1,SSBP2,0
EPAS1,EGR1,0
EPAS1,PRC1,0
FOXA2,JAZF1,0
REST,ANLN,0
CEBPZ,ECHDC2,0
NR2F2,NEIL2,0
TEAD4,THAP11,0
NR3C1,CTPS1,0
NR3C1,NPRL2,0
EZH2,G6PC3,0
SRF,DERA,0
MYC,UMPS,0
EZH2,C11ORF74,0
SRF,NFKBIZ,0
RFX5,CDCA7L,0
CEBPZ,HIST1H1C,0
FOXA1,TCERG1,0
FOSL2,EOMES,0
NR2F2,CIDEB,0
MAFF,CENPE,0
CEBPD,FOSL1,0
ARID2,BUB1,0
RFX5,FAM151A,0
ARID2,NPRL2,0
FOXA2,MYCBP,0
FOSL2,PTMA,0
ELF1,NR2F6,0
JUND,ID3,0
IRF3,NUP88,0
SMARCA4,SRSF10,0
IRF3,SUPT16H,0
JUN,RUVBL1,0
SRF,TMEM120A,0
CEBPD,ACOX2,0
ATF3,HPRT1,0
TEAD4,POLR2B,0
ARID2,DECR1,0
REST,ZNF160,0
JUN,UHRF1,0
MYBL2,PEG3,0
EZH2,ZNF638,0
NR3C1,RAD51,0
CREB1,NFIB,0
JUND,PAX6,0
TEAD4,ELAVL2,0
CEBPZ,TBL1X,0
FOSL2,PREB,0
IRF3,FANCL,0
EZH2,HMGN4,0
HDAC2,HIST1H1C,0
TEAD4,SRSF2,0
SRF,TARDBP,0
RUVBL1,BIRC5,0
TEAD4,APOC1,0
ARID2,SCAPER,0
IRF3,DKC1,0
EZH2,NFATC2,0
RFX5,EPHX2,0
BRCA1,PRAP1,0
RUVBL1,GATAD2B,0
ATF3,PDGFRA,0
MAFF,DDB2,0
RUVBL1,DOT1L,0
ELF1,FXR1,0
IRF3,UBL7,0
BRCA1,GNRH2,0
RUVBL1,UCP2,0
SRF,RAB28,0
RFX5,HMGCS2,0
SMARCA4,ZNF33A,0
MAZ,TIMM9,0
IRF3,LCMT1,0
JUN,CEBPA,0
ARID2,CUTC,0
FOXA2,GNRH2,0
BRCA1,ARID3B,0
BRCA1,FOSB,0
MAZ,TMEM150C,0
RFX5,CYP3A5,0
ARID2,PDZK1,0
ARID2,POLR1E,0
FOXA1,WARS,0
NR3C1,CNTRL,0
FOXA2,THAP11,0
JUN,GALK1,0
HNF4A,SF3B3,0
TEAD4,CTPS1,0
IRF3,JMJD1C,0
FOSL2,APEH,0
SMARCA4,DDX39A,0
NR3C1,RFC1,0
JUN,EHMT1,0
ATF3,LAMB1,0
FOSL2,ALG6,0
SMARCA4,CKS1B,0
MYC,SULF2,0
CEBPZ,CTSE,0
IRF3,NUDT1,0
ARID2,HIST1H1C,0
CEBPZ,SDAD1,0
RFX5,LAMB2,0
RUVBL1,ATIC,0
JUN,ILF2,0
EZH2,PRPS2,0
BRCA1,CENPN,0
IRF3,COMMD3,0
TEAD4,NUP88,0
ELF1,JUND,0
HNF4A,FOSL1,0
HNF4A,HNRNPUL1,0
EZH2,ING3,0
SRF,BUB1,0
TEAD4,WDR54,0
ARID2,HMGN4,0
IRF3,SSRP1,0
TEAD4,DDB2,0
NR3C1,FHL2,0
IRF3,TTC39C,0
TEAD4,ALDH1A1,0
BRCA1,GSN,0
JUN,CRABP2,0
EZH2,BSCL2,0
EPAS1,LGALS1,0
CREB1,S100A6,0
SRF,VEZF1,0
SRF,S100A6,0
HNF4A,EHMT1,0
ARID2,FAM114A1,0
IRF3,HAT1,0
CEBPZ,SSBP3,0
RUVBL1,DNPEP,0
RUVBL1,MTAP,0
RUVBL1,HDAC2,0
BRCA1,ARL6IP6,0
CEBPZ,MTFP1,0
REST,ITLN2,0
CEBPZ,DCLRE1C,0
EZH2,ZNF581,0
CREB1,QPCT,0
REST,FGB,0
ATF3,HSD17B11,0
EPAS1,RNPS1,0
CEBPZ,HPRT1,0
SRF,APOA2,0
SMARCC1,CIDEB,0
ATF3,AEBP2,0
EPAS1,PA2G4,0
ATF3,RBP2,0
EPAS1,FOXA1,0
CEBPD,CAPG,0
FOXA1,GSTK1,0
EZH2,DROSHA,0
FOXA1,MLF1,0
REST,HDAC2,0
CEBPZ,SH3BGRL,0
REST,PAFAH1B3,0
RUVBL1,DDX39A,0
MYBL2,LAMC1,0
EZH2,POLR2I,0
SRF,TP53,0
MYC,ZFHX3,0
FOXA2,SERPINB1,0
FOXA1,AATF,0
FOXA1,BTG2,0
CEBPD,WIPI1,0
EPAS1,TFPI,0
ARID2,DPF2,0
IRF3,AHSG,0
NR2F2,TRIM25,0
BRCA1,THRAP3,0
FOXA2,GEMIN8,0
MYBL2,ERBB4,0
TEAD4,HMGXB4,0
FOXA1,HNRNPR,0
REST,ZHX1,0
EZH2,ATG4C,0
ATF3,ING5,0
MAFF,SMC4,0
MYBL2,ZNF160,0
EPAS1,HDAC2,0
EZH2,ZNF101,0
BRCA1,GMEB1,0
CREB1,ZHX1,0
FOSL2,ISG15,0
JUN,GNPNAT1,0
NR3C1,POLR1B,0
ARID2,AGTRAP,0
FOSL2,SMARCE1,0
BRCA1,CUTC,0
RFX5,DPYSL2,0
HNF4A,RAD51C,0
REST,AKR1B1,0
TEAD4,MMS19,0
NR3C1,MGST2,0
RUVBL1,HMGCS2,0
ARID2,HTATSF1,0
HNF4A,NUP88,0
NR3C1,ZNF232,0
ELF1,SALL4,0
RUVBL1,CBR1,0
BRCA1,PREB,0
SMARCA4,TGIF1,0
REST,GATAD2B,0
NR2F2,GMPS,0
IRF3,PDGFRA,0
NR3C1,BLM,0
CEBPZ,IQCB1,0
HNF4A,IVNS1ABP,0
IRF3,LHX1,0
BRCA1,BRIX1,0
BRCA1,CSRP2,0
RFX5,GEMIN2,0
SRF,ITIH4,0
JUN,GMPR2,0
JUN,SRSF2,0
IRF3,UMPS,0
ARID2,POLR3E,0
RFX5,HINFP,0
SMARCA4,RAD54B,0
HNF4A,SIL1,0
ARID2,NCOA6,0
ARID2,U2AF1,0
MAFF,NODAL,0
RUVBL1,FXR1,0
MYC,PPT1,0
BRCA1,ICA1,0
CREB1,SPINK1,0
EZH2,MXD1,0
RUVBL1,RFXANK,0
RUVBL1,RREB1,0
JUND,EGR1,0
ATF3,TTC39C,0
SMARCA4,SHMT2,0
MAFF,DPCD,0
TEAD4,STMN1,0
RUVBL1,TFPI,0
NR3C1,FGA,0
MAZ,WFDC2,0
HDAC2,MRPS27,0
NR3C1,HELLS,0
RUVBL1,KDELR3,0
HNF4A,HMGCS2,0
ARID2,GSTA1,0
CEBPD,MCM8,0
SMARCA4,GTF2E1,0
CEBPZ,HELLS,0
SRF,GATA6,0
CEBPZ,BLM,0
IRF3,IQCB1,0
SMARCC1,PEG3,0
ATF3,GALK1,0
SMARCA4,FAM13A,0
NR2F2,CEBPD,0
EPAS1,HDGF,0
HNF4A,E2F8,0
HNF4A,SMARCA4,0
ELF1,MTUS1,0
JUN,DNMT3B,0
MAFF,PLK1,0
SRF,DDX20,0
HNF4A,FGB,0
JUN,BTG2,0
JUN,SRSF10,0
SMARCA4,IFITM2,0
ARID2,NUDT15,0
MAFF,UBE2C,0
JUN,TMEM37,0
NR2F2,ETV1,0
IRF3,BCS1L,0
EZH2,MRPS27,0
TEAD4,SGK1,0
MYC,YAF2,0
IRF3,HNF4A,0
RFX5,CSDE1,0
BRCA1,MTFP1,0
JUND,C3ORF14,0
SRF,GLIS3,0
ARID2,CACYBP,0
FOXA1,SNRPD1,0
HNF4A,ZFYVE21,0
ARID2,ATF3,0
FOSL2,RBBP7,0
FOSL2,DDAH1,0
TEAD4,EIF5B,0
CEBPD,PIAS2,0
FOXA2,C3ORF14,0
ATF3,SLC38A2,0
BRCA1,ARSE,0
ATF3,PLK1,0
ATF3,DEDD,0
ATF3,PIH1D1,0
MAFF,TEAD4,0
IRF3,C9ORF72,0
CREB1,SERPINB1,0
CEBPZ,CEBPD,0
TEAD4,ADNP,0
IRF3,DNAJC2,0
FOSL2,HMGN3,0
JUN,WBP11,0
SMARCA4,GPC3,0
BRCA1,QPCT,0
FOXA1,LGALS1,0
CEBPZ,AEBP2,0
MAFF,ZNF232,0
TEAD4,ZBTB3,0
CEBPZ,SUB1,0
ATF3,HIF1AN,0
NR3C1,APOB,0
EPAS1,MPC1,0
MYC,MYCN,0
IRF3,KDELR3,0
RFX5,TCOF1,0
ELF1,UCHL1,0
SRF,HIF1AN,0
ARID2,DDX5,0
TEAD4,JARID2,0
SRF,WDYHV1,0
ATF3,TPD52L1,0
TEAD4,TCF25,0
ARID2,SRSF1,0
SMARCC1,PDGFRA,0
CEBPZ,TEAD4,0
ATF3,SFRP1,0
ELF1,RRM2,0
CEBPD,POU5F1,0
HNF4A,E2F3,0
SRF,F2,0
ATF3,JAZF1,0
SMARCC1,ALDH9A1,0
CEBPZ,MAPK1,0
RUVBL1,C17ORF75,0
RUVBL1,RAB25,0
IRF3,TMEM120A,0
RUVBL1,GRHL1,0
ATF3,DDIT3,0
BRCA1,KLHL7,0
HDAC2,ALDH1A1,0
IRF3,CEBPD,0
SRF,PIAS3,0
SMARCA4,UGT2B11,0
EZH2,TOP2A,0
FOXA1,WFDC2,0
EPAS1,TBPL1,0
EZH2,PA2G4,0
SMARCA4,MSH2,0
SMARCC1,KDM4C,0
MAFF,ING3,0
MAFF,LAMB1,0
TEAD4,ZNF33A,0
MYBL2,SALL4,0
EPAS1,VRK1,0
MYC,CREB1,0
ATF3,NUP85,0
IRF3,DPH5,0
JUN,SMARCC1,0
ARID2,BMP2,0
MYC,THYN1,0
FOSL2,RAB28,0
RUVBL1,GNPNAT1,0
BRCA1,E2F4,0
ARID2,GTF2F2,0
FOSL2,HMGXB4,0
NR3C1,NPM1,0
EPAS1,TOPORS,0
TEAD4,DR1,0
JUN,CHEK1,0
FOXA1,LGALS3,0
MAFF,ING5,0
MYC,MLF1,0
TEAD4,QPCT,0
MAFF,ACAD11,0
SMARCA4,SUPT16H,0
FOXA1,ZNF675,0
REST,KNG1,0
ATF3,ZSCAN21,0
RUVBL1,MTERF3,0
ARID2,NCOA1,0
BRCA1,HIF1AN,0
MYC,GATAD2B,0
CEBPZ,MPC1,0
FOSL2,PON2,0
RUVBL1,MYCN,0
BRCA1,TEAD4,0
IRF3,ZNF638,0
ARID2,TBPL1,0
EZH2,ZNF202,0
HNF4A,CCS,0
IRF3,FOSB,0
JUN,UTP18,0
RFX5,ACTC1,0
FOXA1,AKR1B1,0
FOXA1,GTF2I,0
JUN,CCDC82,0
EZH2,ZHX1,0
EPAS1,GTF2I,0
FOSL2,CAPG,0
NR3C1,TRIM25,0
ARID2,CSRP2,0
TEAD4,MYBL2,0
CEBPZ,MYCN,0
ARID2,RREB1,0
MAZ,FUBP1,0
IRF3,CTBP1,0
IRF3,IFITM3,0
RUVBL1,NR5A2,0
RFX5,EHMT1,0
NR3C1,CDCA7L,0
IRF3,AKR1D1,0
MAFF,PSAT1,0
BRCA1,GATAD2B,0
ELF1,HPX,0
JUN,SEC11C,0
RUVBL1,ACADSB,0
BRCA1,ETS1,0
MYBL2,GTF3C4,0
EPAS1,CBX3,0
MAZ,CTDSPL,0
EPAS1,FOXO1,0
SMARCC1,COPS5,0
FOXA2,TMEM120A,0
SMARCC1,ETV1,0
EZH2,DNAJC2,0
MAZ,ANG,0
MAFF,TFDP1,0
ARID2,PSMG1,0
MYBL2,BIN1,0
NR3C1,E2F8,0
HDAC2,RFC4,0
HNF4A,ZNF287,0
EPAS1,NAA15,0
FOXA2,ZNRD1,0
TEAD4,CUTC,0
NR3C1,IFITM3,0
SMARCA4,KNG1,0
FOXA1,SRSF6,0
NR3C1,SKIL,0
ATF3,BRIX1,0
SRF,GSTA2,0
IRF3,NUDT15,0
CEBPD,SMC4,0
TEAD4,PDCD11,0
ARID2,ING3,0
JUN,ZNF398,0
FOSL2,SALL2,0
BRCA1,MAF,0
HNF4A,RNF138,0
BRCA1,LGALS3,0
CEBPZ,PARP1,0
ARID2,TMEM69,0
MAFF,WDR5,0
CEBPZ,RNF4,0
HNF4A,LIN28A,0
ATF3,C17ORF75,0
JUN,NODAL,0
SMARCA4,PHGDH,0
RUVBL1,TADA3,0
JUN,EIF5B,0
MAZ,CEBPD,0
ARID2,SULT1A2,0
JUN,SRRM1,0
BRCA1,ACOT7,0
MAFF,EEF1E1,0
EPAS1,ING3,0
CEBPD,GLIS3,0
RUVBL1,SDAD1,0
HNF4A,ZBTB24,0
SRF,TRIP13,0
IRF3,RRM1,0
TEAD4,C19ORF48,0
ARID2,PHGDH,0
HNF4A,ANAPC4,0
SRF,TCOF1,0
ARID2,KIFAP3,0
CEBPZ,THYN1,0
HNF4A,ZBTB3,0
ATF3,PIM2,0
JUN,UBE2T,0
NR3C1,MIS18BP1,0
ARID2,ZNF33A,0
FOXA1,HMGA1,0
MAFF,C12ORF45,0
FOSL2,CCNB2,0
MAFF,COQ3,0
CEBPZ,UGT2B11,0
MAFF,TIMM21,0
REST,F2RL1,0
EPAS1,AATF,0
ARID2,AEBP2,0
NR3C1,SERPIND1,0
RUVBL1,PAFAH1B3,0
ARID2,HINFP,0
NR3C1,YEATS4,0
NR3C1,ZFP64,0
EPAS1,DCTPP1,0
REST,APEH,0
TEAD4,TFF1,0
TEAD4,DDX20,0
SMARCA4,TAF1B,0
SRF,PRIM1,0
IRF3,AHR,0
CEBPZ,XBP1,0
MYC,RNASE4,0
EZH2,ZNF227,0
CEBPZ,VEZF1,0
MYC,NVL,0
EZH2,ETV1,0
EPAS1,GRPR,0
EPAS1,SKIL,0
RUVBL1,APEH,0
HDAC2,BMPR1A,0
JUND,MYCBP,0
SMARCC1,LGALS3,0
IRF3,EFNA1,0
ARID2,LAMC1,0
EPAS1,TMEM69,0
REST,HMGCS2,0
RUVBL1,HNRNPAB,0
RFX5,TCF3,0
RFX5,ING1,0
NR2F2,LITAF,0
ATF3,CDX2,0
SMARCC1,ARL6IP6,0
ATF3,TRIM59,0
HNF4A,ZNF217,0
IRF3,MTUS1,0
ATF3,IFITM1,0
IRF3,PRIM1,0
RUVBL1,ACY1,0
RUVBL1,DNMT3B,0
MAFF,MMS19,0
CEBPZ,DNMT1,0
MAFF,ZNF398,0
MYC,CCNB2,0
HNF4A,PDGFRA,0
ARID2,FANCD2,0
RFX5,HELLS,0
JUND,UBE2C,0
RUVBL1,MTUS1,0
MAZ,TCF4,0
CEBPD,SERPINB1,0
EZH2,NCAPG,0
RUVBL1,LIN28A,0
BRCA1,SMAD3,0
TEAD4,BBS9,0
NR3C1,BTF3,0
ARID2,NR2F2,0
CEBPZ,HMGCL,0
HNF4A,RAI14,0
HNF4A,ZFP36,0
BRCA1,HSD17B11,0
BRCA1,ALB,0
TEAD4,ID3,0
HDAC2,ACTL6A,0
MAZ,ZNF232,0
ARID2,ACADSB,0
IRF3,NT5DC2,0
FOXA1,ISG15,0
RUVBL1,TCF7L1,0
RUVBL1,PCNA,0
NR3C1,HAUS1,0
JUN,ORC4,0
RFX5,DAXX,0
ATF3,PTMA,0
ATF3,APOA1,0
REST,POU2F1,0
FOSL2,BMP2,0
CEBPZ,ILF3,0
HNF4A,TCF25,0
CEBPD,NME2,0
ATF3,USP44,0
IRF3,RNF4,0
EPAS1,DECR1,0
MAFF,FOSL1,0
RUVBL1,GTF2H3,0
RFX5,EOMES,0
NR3C1,CDKN1A,0
CEBPZ,C1GALT1,0
BRCA1,SRSF1,0
JUND,USP44,0
ARID2,NUF2,0
CEBPD,POP5,0
SRF,LGALS1,0
TEAD4,AXL,0
SMARCA4,C11ORF74,0
ARID2,SEC14L2,0
NR3C1,ALG6,0
IRF3,PSAT1,0
EPAS1,LITAF,0
BRCA1,DPYSL2,0
EZH2,CEBPD,0
SMARCA4,B4GALT3,0
JUND,PDGFRA,0
HNF4A,JAZF1,0
NR3C1,RAD51C,0
NR3C1,WFDC2,0
RUVBL1,SMARCE1,0
MYC,APOC3,0
TEAD4,JUN,0
TEAD4,ETS1,0
HDAC2,WIPI1,0
JUN,ARL6IP6,0
JUN,MTHFD2,0
REST,S100A6,0
MAFF,GABPB1,0
IRF3,CDK4,0
RUVBL1,NPRL2,0
BRCA1,TOP2A,0
REST,FUCA1,0
RUVBL1,PON2,0
IRF3,PPARA,0
MAFF,MPHOSPH9,0
BRCA1,YARS,0
MAFF,RFXANK,0
ARID2,UCHL1,0
ATF3,RNASE4,0
IRF3,INMT,0
JUN,E2F8,0
MAZ,NR5A2,0
EZH2,PITX1,0
SMARCA4,NPM1,0
IRF3,PDCD11,0
RUVBL1,APEX1,0
MYC,GSTA2,0
MAFF,HCFC1,0
ARID2,POLB,0
ATF3,CTDSPL,0
IRF3,NFYB,0
MYC,LHX1,0
TEAD4,TPM2,0
MAFF,SKIL,0
CEBPZ,LGALS1,0
SMARCA4,ISG15,0
IRF3,BMPR1A,0
JUN,SALL2,0
FOXA2,ACADVL,0
JUND,PITX1,0
SMARCA4,NIF3L1,0
ARID2,KDM4C,0
MAFF,LITAF,0
CEBPZ,POLR3D,0
TEAD4,GGCT,0
IRF3,AATF,0
REST,TMEM37,0
MAFF,MLF1,0
CEBPD,BLVRA,0
CREB1,DPPA4,0
JUND,ZWILCH,0
CEBPZ,MCM8,0
SRF,ANAPC4,0
NR2F2,NUPR1,0
IRF3,PPFIBP2,0
NR3C1,GLIPR2,0
ARID2,TBRG4,0
IRF3,POLR2G,0
IRF3,MIS18BP1,0
JUN,TCF4,0
NR3C1,AURKB,0
SRF,CUTC,0
BRCA1,MCM8,0
TEAD4,AKR1D1,0
MAFF,ZNF287,0
EPAS1,E2F4,0
EPAS1,CYP3A5,0
MAFF,MTFP1,0
SMARCC1,PTTG1,0
RFX5,SCAPER,0
EPAS1,KIF23,0
ELF1,GPC3,0
FOXA2,RAB34,0
MYC,JUN,0
ARID2,BRIP1,0
MAZ,TIMELESS,0
REST,CAPG,0
ARID2,FAM13A,0
HDAC2,ZNF670,0
SMARCC1,CYP3A5,0
NR3C1,PPFIBP2,0
SRF,ZNF670,0
JUND,REST,0
NR3C1,XPO5,0
BRCA1,SIRT2,0
NR2F2,ARL6IP6,0
MAFF,HIBCH,0
SMARCC1,ZNF217,0
RUVBL1,CIDEB,0
FOXA2,DDIT3,0
RUVBL1,SERPINB1,0
TEAD4,FUCA1,0
MYC,UCHL1,0
MYC,DPF2,0
EPAS1,BRIX1,0
SRF,SEC14L2,0
SMARCA4,SERTAD3,0
SMARCC1,COMMD3,0
RUVBL1,ZNF101,0
CEBPD,TFDP1,0
MYC,ESPL1,0
SMARCA4,ELAVL2,0
HNF4A,G2E3,0
FOXA1,CTBP1,0
JUN,RFC4,0
TEAD4,HMGN2,0
IRF3,RAB34,0
SMARCA4,FANCL,0
EZH2,EWSR1,0
HNF4A,GTF2F2,0
RUVBL1,CA2,0
MAZ,YBX1,0
FOSL2,SMARCA4,0
FOSL2,AKR1D1,0
REST,WARS,0
HNF4A,PARPBP,0
EZH2,TTC39C,0
NR3C1,POLR3E,0
EZH2,FANCI,0
MAFF,AFF4,0
CEBPD,HMGN3,0
REST,GRPR,0
RFX5,DNAH14,0
SRF,CDCA7L,0
EPAS1,ZNF675,0
TEAD4,LDB2,0
IRF3,CENPU,0
ATF3,ILF2,0
HNF4A,PAPOLA,0
CEBPZ,G2E3,0
SMARCC1,GATA6,0
CEBPZ,RBP4,0
REST,DAB2,0
TEAD4,ZNF644,0
NR3C1,AEBP2,0
NR3C1,THRB,0
JUN,TGIF1,0
MYC,ALB,0
CEBPD,C12ORF10,0
EPAS1,PLRG1,0
CEBPD,JAZF1,0
RUVBL1,APOA2,0
CEBPZ,SMAD5,0
EZH2,EBNA1BP2,0
BRCA1,FGA,0
RUVBL1,YARS,0
RFX5,PTTG1,0
TEAD4,ZNHIT3,0
ATF3,PIGH,0
JUND,CTSC,0
SMARCA4,DECR1,0
NR3C1,XBP1,0
CREB1,PREB,0
MAZ,LITAF,0
ARID2,ATL2,0
JUND,HELLS,0
MYC,MELK,0
EZH2,AMZ2,0
HNF4A,ZNF74,0
NR3C1,SMAD5,0
CEBPZ,MMS19,0
SRF,ANG,0
HNF4A,KNG1,0
ARID2,GMNN,0
ELF1,CA2,0
CEBPD,CHEK2,0
HNF4A,NUSAP1,0
TEAD4,MCM3,0
BRCA1,ASCC3,0
FOXA1,MAD2L1,0
BRCA1,ANAPC7,0
JUN,DEK,0
NR3C1,APOC2,0
HDAC2,PITX1,0
EZH2,ARL6IP6,0
JUN,TCFL5,0
ARID2,IRF9,0
TEAD4,DPF2,0
ELF1,CNOT10,0
BRCA1,ZWINT,0
MAFF,E2F7,0
ARID2,RFC4,0
SMARCA4,AKR1D1,0
IRF3,DNMT3A,0
MAFF,RAD51,0
REST,ZNF107,0
MYC,UBE2C,0
FOXA2,TCEA1,0
BRCA1,MCM6,0
CEBPZ,CIDEB,0
SRF,ADNP,0
RFX5,RBBP7,0
SMARCA4,APOA4,0
SRF,CEBPD,0
FOXA2,ZHX1,0
HDAC2,MTHFD1,0
SMARCA4,DPH5,0
RFX5,DDIT3,0
HNF4A,PTTG1,0
RUVBL1,C19ORF48,0
MYBL2,CRABP2,0
ARID2,ZBTB3,0
BRCA1,ANXA4,0
SRF,TCF4,0
EPAS1,REST,0
SRF,ALDH1A1,0
MYC,EPAS1,0
ATF3,TCFL5,0
NR2F2,ALDH9A1,0
FOXA1,TMEM37,0
NR3C1,NME2,0
JUN,MLXIPL,0
ARID2,PUS7L,0
REST,ZNF581,0
JUND,MYCN,0
EZH2,COMMD10,0
MAZ,ANPEP,0
CREB1,APOA4,0
BRCA1,CDCA3,0
EZH2,PARP1,0
NR2F2,LCMT1,0
FOXA1,GTF3C4,0
CEBPD,GLI1,0
RUVBL1,LDB2,0
HNF4A,ICE2,0
BRCA1,DUT,0
NR2F2,DEPDC7,0
NR3C1,HNF1B,0
RUVBL1,RAB28,0
NR3C1,AMZ2,0
MYBL2,FHL2,0
RUVBL1,ALB,0
NR3C1,SIRT2,0
ATF3,GPC3,0
EZH2,WDR5,0
SMARCA4,ACAA1,0
MYC,PBX1,0
MAZ,HMGXB4,0
HNF4A,DROSHA,0
MYBL2,PBX1,0
RUVBL1,HNRNPUL1,0
TEAD4,SEC11C,0
EZH2,PIGH,0
ATF3,CEBPA,0
JUN,NOL10,0
EPAS1,HP,0
IRF3,YAF2,0
IRF3,CNOT10,0
CEBPZ,ING1,0
NR3C1,GATAD2B,0
TEAD4,FAM114A1,0
ARID2,MT1G,0
NR3C1,GRPR,0
NR3C1,SLC7A6,0
SRF,DR1,0
CEBPZ,PAWR,0
NR3C1,RNASE4,0
ATF3,CREG1,0
CEBPZ,HPN,0
JUN,FANCI,0
RFX5,HMGA2,0
BRCA1,BST2,0
RUVBL1,WBP11,0
JUN,POLR2G,0
TEAD4,PSIP1,0
EZH2,CREB3L3,0
FOSL2,YAF2,0
MYBL2,TMEM150C,0
TEAD4,NFIB,0
REST,IFITM2,0
ARID2,MAD2L1,0
TEAD4,E2F8,0
EZH2,ZNF232,0
SMARCA4,MED30,0
IRF3,AMBP,0
FOXA1,GEMIN8,0
ARID2,CHAF1A,0
SMARCC1,SCD5,0
ATF3,ANPEP,0
SMARCA4,PRPS2,0
FOSL2,SSBP2,0
MAFF,INMT,0
FOXA2,FANCB,0
BRCA1,DCTPP1,0
FOXA1,EPAS1,0
NR3C1,MTFP1,0
FOXA1,GPC3,0
CEBPD,ZHX1,0
RUVBL1,BPTF,0
FOXA1,SMC4,0
SRF,CENPF,0
SRF,NUP37,0
IRF3,ACY1,0
CEBPZ,AIMP2,0
SMARCA4,ING3,0
RFX5,TAF6,0
RUVBL1,CAPG,0
EPAS1,CENPN,0
CEBPD,ANAPC7,0
FOXA2,PREB,0
BRCA1,PDZK1,0
HDAC2,DPPA4,0
SRF,SSBP2,0
HNF4A,CSRP2,0
BRCA1,KIF20B,0
MAZ,CBR1,0
EPAS1,TOP2A,0
BRCA1,MCM7,0
REST,LAMB1,0
EPAS1,ALDH9A1,0
BRCA1,TBRG4,0
MAFF,BRIX1,0
MAFF,MTERF3,0
NR3C1,CCNB1,0
JUN,SEC14L2,0
CEBPD,SSRP1,0
NR3C1,PRPS2,0
RFX5,FXR1,0
EZH2,SUV39H2,0
BRCA1,DSN1,0
FOSL2,RNF2,0
IRF3,ING3,0
EPAS1,MMS19,0
MAZ,SERPINB1,0
TEAD4,UBE2T,0
REST,LGALS1,0
BRCA1,FANCL,0
IRF3,ADNP,0
MAFF,HNRNPAB,0
EZH2,E2F5,0
CREB1,AKR1D1,0
CEBPD,HPRT1,0
TEAD4,RRM2,0
HNF4A,BTF3,0
JUN,PAPOLA,0
FOSL2,HPRT1,0
HNF4A,MYBBP1A,0
JUN,IQGAP2,0
MAFF,ZNF160,0
EPAS1,PHB2,0
NR3C1,BMP2,0
SMARCA4,TAF1A,0
NR3C1,LMO7,0
NR2F2,TMEM150C,0
CEBPD,CREG1,0
NR3C1,MEP1A,0
EZH2,ETV4,0
CEBPD,RBBP7,0
ARID2,WDHD1,0
SMARCA4,PTMA,0
JUN,NR3C1,0
FOXA1,WDR54,0
SRF,BRCA2,0
RUVBL1,RNF138,0
CEBPZ,MTMR2,0
EPAS1,IRF9,0
NR3C1,SOX4,0
MAZ,TBL1X,0
MAFF,DECR1,0
SRF,EZH2,0
ARID2,UHRF1,0
MAFF,GRPR,0
IRF3,SMARCE1,0
MAZ,CREB3L4,0
MAFF,LIN28A,0
CEBPZ,SIRT2,0
RUVBL1,HPRT1,0
SMARCA4,XRCC5,0
JUN,ZNF107,0
MYC,IRF3,0
IRF3,CYP3A5,0
HNF4A,RAB25,0
TEAD4,ATP1B3,0
HNF4A,ZNF675,0
SRF,COMMD3,0
SMARCA4,NOP16,0
TEAD4,ZNF239,0
SRF,HMGA1,0
HNF4A,FASTKD2,0
EZH2,NEIL2,0
NR2F2,SPP1,0
REST,ZBTB24,0
BRCA1,RBMX,0
JUND,CREB3L4,0
IRF3,TIMELESS,0
RUVBL1,HNF4A,0
JUN,ATIC,0
TEAD4,PREB,0
NR3C1,GSTA2,0
CEBPD,ITGB3BP,0
FOSL2,CPSF3,0
IRF3,ACTC1,0
HDAC2,ARG2,0
NR2F2,TCOF1,0
MYC,LMO7,0
RUVBL1,EPAS1,0
IRF3,VEZF1,0
REST,ETV1,0
CEBPZ,PRKCE,0
BRCA1,FXR1,0
FOXA1,NPM1,0
BRCA1,FOXA1,0
EZH2,MCM4,0
REST,UBE2T,0
IRF3,HIPK2,0
TEAD4,ACAA1,0
TEAD4,ADSL,0
TEAD4,HMGN1,0
ATF3,LGALS1,0
BRCA1,RUVBL1,0
RUVBL1,EXOSC3,0
MYC,TUBB6,0
IRF3,EIF5B,0
HNF4A,LDB2,0
TEAD4,GMEB1,0
TEAD4,MELK,0
HNF4A,RAD54B,0
SRF,NUDT15,0
ARID2,KLHL7,0
ATF3,KNSTRN,0
FOXA2,GMEB1,0
NR3C1,SMOX,0
TEAD4,ZNF74,0
JUN,SERPIND1,0
MAFF,HPRT1,0
IRF3,C3ORF14,0
EZH2,RNF19A,0
EZH2,PAPOLA,0
FOXA1,CNOT7,0
BRCA1,APOA1,0
SMARCA4,IMP4,0
EPAS1,CDX2,0
NR3C1,KLF3,0
NR3C1,HIST1H1E,0
JUN,PSAT1,0
NR2F2,IFITM1,0
ARID2,ZBTB24,0
EZH2,PARPBP,0
REST,DNMT1,0
EZH2,ECT2,0
SMARCA4,ASXL1,0
HNF4A,UCHL1,0
EPAS1,COMMD3,0
RUVBL1,FANCB,0
MAZ,COMMD10,0
FOXA1,POU5F1,0
RFX5,DUT,0
EPAS1,DPAGT1,0
CREB1,RGN,0
CEBPZ,ADNP,0
JUND,SCAPER,0
HNF4A,RAB34,0
EPAS1,TRERF1,0
SMARCA4,HNRNPUL1,0
HNF4A,C19ORF48,0
ARID2,ENO1,0
CEBPD,CHAF1A,0
IRF3,DPF2,0
MAFF,CCNB2,0
IRF3,MED20,0
TEAD4,SP4,0
SMARCA4,CA2,0
BRCA1,TMEM150C,0
ATF3,ARL6IP6,0
NR3C1,BIRC5,0
MAZ,CTSE,0
MAZ,CKS1B,0
MYC,PDLIM7,0
CEBPZ,TEAD2,0
SRF,AHR,0
SMARCA4,TARBP2,0
RUVBL1,NUP37,0
EPAS1,CHD8,0
CEBPD,ACADVL,0
TEAD4,ZNF143,0
NR3C1,TF,0
CEBPZ,FEN1,0
CEBPZ,DTWD1,0
EPAS1,ZFP36,0
HDAC2,POU5F1,0
FOXA2,STX8,0
CEBPZ,UGP2,0
REST,SULT1A2,0
RFX5,CRAT,0
NR2F2,PIAS3,0
JUND,ZNF107,0
ATF3,ZNF766,0
ATF3,OAZ2,0
TEAD4,TFRC,0
CEBPZ,KDELR3,0
CEBPD,EOMES,0
CEBPZ,DDX5,0
FOXA2,H1F0,0
RUVBL1,MCM6,0
ARID2,EFTUD2,0
BRCA1,COMMD3,0
HDAC2,CACYBP,0
NR2F2,ZNF107,0
SMARCA4,EYA3,0
SMARCA4,TNNI3,0
RFX5,KPNA2,0
NR3C1,NR2F6,0
NR2F2,F2RL1,0
SMARCC1,ZHX1,0
JUN,ECT2,0
ATF3,TCOF1,0
ARID2,SKIL,0
CREB1,GLIPR2,0
MAFF,SEC14L2,0
RUVBL1,RAI14,0
SRF,CTDSPL,0
HNF4A,PDLIM7,0
RFX5,MTERF3,0
IRF3,BDP1,0
NR3C1,LRR1,0
TEAD4,CMC1,0
CREB1,PDGFA,0
REST,CREB3L3,0
ATF3,ZWILCH,0
RUVBL1,SRSF2,0
ATF3,MYC,0
EPAS1,AMBP,0
SMARCC1,QPCT,0
FOXA2,TEAD2,0
HNF4A,TFPI,0
CEBPZ,SNRPD1,0
BRCA1,POLR3E,0
CREB1,SH3BGRL,0
NR3C1,GTF2F2,0
MYC,SH3BGRL,0
JUND,GSTA2,0
CEBPZ,DCAF13,0
MYC,CAPG,0
MAFF,ZSCAN21,0
SMARCA4,CCNB2,0
ELF1,TNNI3,0
TEAD4,KLF3,0
NR3C1,ZNF143,0
MAZ,IRF1,0
ARID2,TPD52L1,0
EZH2,LAPTM4B,0
EPAS1,NR1H3,0
RUVBL1,ICE2,0
FOXA1,MEST,0
EZH2,ELF1,0
CREB1,TNNI3,0
JUND,MMS19,0
SRF,NEIL2,0
RUVBL1,NUP93,0
NR3C1,ACTC1,0
CEBPZ,FLRT3,0
NR3C1,NAA15,0
HDAC2,ETV1,0
EPAS1,DROSHA,0
RUVBL1,ETV5,0
ATF3,P4HA2,0
MYC,CENPW,0
EPAS1,SLC7A7,0
IRF3,MYBBP1A,0
RUVBL1,WDYHV1,0
SMARCA4,KNTC1,0
RUVBL1,WDHD1,0
MAFF,CSRP2,0
ATF3,DSN1,0
BRCA1,ETV1,0
BRCA1,ATP1B3,0
JUND,NR2F6,0
CEBPZ,NODAL,0
RUVBL1,IRF3,0
SMARCC1,ICA1,0
ATF3,QPCT,0
EZH2,TEAD4,0
IRF3,KLHL7,0
EPAS1,ZNF354A,0
SMARCC1,PCGF6,0
ATF3,RAD51C,0
HDAC2,TTF2,0
SRF,C12ORF10,0
RUVBL1,CEP70,0
BRCA1,RNASE4,0
NR3C1,EHMT2,0
RUVBL1,HIF1AN,0
CEBPZ,HNRNPD,0
MAZ,SEC14L2,0
RUVBL1,SOX4,0
FOXA1,NRIP1,0
RFX5,PLRG1,0
HDAC2,SPTLC3,0
CEBPD,NODAL,0
CEBPD,POLR2F,0
IRF3,ERBB4,0
CEBPZ,JUN,0
MAZ,GPC3,0
NR2F2,WDR74,0
ARID2,APOA4,0
IRF3,PRPS2,0
BRCA1,ICE2,0
MYC,RFXANK,0
HNF4A,NCOA1,0
JUN,FGA,0
JUND,PSMG1,0
RFX5,SLC7A7,0
EPAS1,TNFAIP3,0
HDAC2,ZNF143,0
CEBPZ,PSIP1,0
MYC,CXXC1,0
MAFF,MTTP,0
CEBPZ,EED,0
MAFF,GMPS,0
SMARCA4,CKS2,0
TEAD4,SSBP3,0
NR2F2,ELL2,0
FOXA2,TRIM28,0
SMARCC1,HDAC2,0
NR2F2,MYCBP,0
NR3C1,BMPR1A,0
SRF,PBX1,0
ARID2,MELK,0
MAFF,LAPTM4B,0
EZH2,HGD,0
RFX5,SERPINB1,0
CREB1,TPM2,0
EZH2,GMEB1,0
HNF4A,PAWR,0
HDAC2,TRIM28,0
FOXA2,SPTLC3,0
ARID2,POU5F1,0
BRCA1,NUSAP1,0
MAZ,FXR1,0
JUN,TAF1A,0
RUVBL1,THAP1,0
JUN,CKS1B,0
EZH2,KDM4C,0
MYC,ITIH4,0
MAFF,HMGN3,0
ATF3,GMEB1,0
SMARCA4,GTF2H2,0
MAFF,DPH6,0
EPAS1,SH3BGRL,0
SRF,MTERF3,0
MYC,TCF19,0
NR3C1,ARL6IP6,0
NR3C1,F2RL1,0
RFX5,FANCI,0
NR3C1,RFX6,0
MAFF,SLC7A7,0
NR3C1,TGIF2,0
BRCA1,COMMD10,0
ARID2,CCS,0
JUN,FASTKD2,0
NR3C1,SLC38A2,0
CEBPZ,CSRP2,0
EZH2,KLHL7,0
NR2F2,C3ORF14,0
ATF3,NCAPG,0
TEAD4,BTF3,0
BRCA1,ZRANB2,0
NR2F2,UMPS,0
EZH2,DCAF13,0
NR3C1,ORC4,0
RUVBL1,MORN2,0
IRF3,TEX10,0
IRF3,DDB2,0
RFX5,ASXL1,0
CEBPZ,GMPS,0
NR3C1,FGG,0
MYBL2,ODF2L,0
ARID2,HNRNPD,0
HNF4A,ZNF227,0
FOXA2,LGALS1,0
CEBPZ,IFITM2,0
SMARCA4,P4HA2,0
FOXA1,ACAD11,0
SMARCC1,RAB25,0
JUN,NRIP1,0
TEAD4,OAZ2,0
BRCA1,RBBP4,0
JUN,MGST2,0
BRCA1,SMARCA4,0
ATF3,CIDEB,0
ATF3,DAB2,0
EPAS1,MED4,0
TEAD4,STAT2,0
CEBPZ,E2F5,0
JUND,PHGDH,0
NR2F2,GRPR,0
JUN,NR5A2,0
NR3C1,BRCA1,0
HNF4A,GPC3,0
SMARCC1,MEP1A,0
ATF3,PCNA,0
EZH2,NIP7,0
FOXA1,TCOF1,0
IRF3,RNPS1,0
RUVBL1,BMPR1A,0
ARID2,ICA1,0
FOXA2,FUBP1,0
HDAC2,FXYD5,0
JUN,ZBTB3,0
TEAD4,HCFC1,0
CEBPD,SSBP3,0
MAFF,DUT,0
ATF3,NUDT1,0
TEAD4,RAD51C,0
FOSL2,ALB,0
MYC,ZFYVE21,0
EPAS1,TEAD4,0
SRF,WIPI1,0
NR3C1,PDCD11,0
JUN,CDX2,0
NR3C1,EWSR1,0
JUND,RFX5,0
FOXA1,POU2F1,0
BRCA1,DECR1,0
FOXA2,ID3,0
SMARCA4,TUBB6,0
SRF,NR3C1,0
CEBPD,CREB3L3,0
RFX5,CTSE,0
NR3C1,C19ORF48,0
HNF4A,PMAIP1,0
MYC,CRABP2,0
CEBPZ,DDB2,0
NR3C1,HP,0
CEBPZ,HIBCH,0
MAFF,POLR1B,0
RUVBL1,TATDN3,0
MAFF,CTSE,0
CEBPZ,KIF22,0
JUN,FAM151A,0
RUVBL1,KIF23,0
FOSL2,E2F8,0
MAZ,ANAPC7,0
RUVBL1,POLR2G,0
HDAC2,LHX1,0
NR3C1,SEC11C,0
NR3C1,ASGR1,0
NR3C1,CTBP1,0
RFX5,LGALS2,0
SMARCA4,PLA2G12B,0
ATF3,MGST2,0
MAZ,TTF2,0
RFX5,PHGDH,0
MYBL2,HDGF,0
TEAD4,TCOF1,0
MAFF,TOP2A,0
IRF3,GTF2H2,0
ARID2,CHEK1,0
JUN,ANAPC7,0
ATF3,MXD1,0
MAFF,TCFL5,0
CEBPD,PRAP1,0
SMARCA4,MELK,0
IRF3,ESPL1,0
RUVBL1,EIF5B,0
SRF,KIF23,0
RUVBL1,FMO5,0
RFX5,DOT1L,0
EZH2,CCDC82,0
IRF3,G2E3,0
REST,POU5F1,0
CEBPZ,REST,0
ATF3,APOC1,0
ATF3,TOP2A,0
CEBPZ,ALDH9A1,0
SMARCA4,TEAD4,0
JUND,DNASE1,0
HDAC2,ACAA1,0
RFX5,THAP11,0
EPAS1,JUND,0
NR3C1,CREB3L4,0
RUVBL1,TRIM59,0
HDAC2,QPCT,0
CEBPZ,TAF9B,0
CEBPZ,MTERF3,0
SRF,GTF2I,0
MYC,ARID2,0
IRF3,EHMT1,0
EZH2,FASTKD2,0
BRCA1,EXOSC3,0
ATF3,TIMELESS,0
SMARCA4,SSB,0
ARID2,SNAPC1,0
EPAS1,ELL2,0
BRCA1,ETV5,0
HNF4A,UBE2T,0
CEBPZ,KNSTRN,0
JUN,TAF1B,0
MYC,IFITM1,0
JUN,GTF2H2,0
IRF3,ING5,0
EPAS1,WDR43,0
JUN,THOC1,0
FOXA1,EXOSC9,0
SRF,RHOBTB3,0
RUVBL1,CCNB1,0
RFX5,DERA,0
SMARCA4,TADA3,0
SRF,FOXO1,0
CEBPZ,VCAN,0
SMARCA4,PMS1,0
FOXA2,SF3B3,0
NR3C1,SLC25A20,0
EPAS1,FGG,0
CEBPZ,PTMA,0
CEBPZ,GATA4,0
IRF3,PHB2,0
RFX5,AKR1D1,0
NR3C1,HMGN4,0
TEAD4,MXD1,0
MAFF,RFX5,0
EPAS1,DDX39A,0
HNF4A,LAMB1,0
NR3C1,EIF5B,0
TEAD4,NEDD1,0
NR3C1,TCF3,0
HDAC2,CREB1,0
IRF3,GSTK1,0
REST,MCM5,0
FOXA1,RBBP7,0
CEBPD,AKR1B1,0
IRF3,NONO,0
SMARCA4,DDAH1,0
EZH2,SIRT1,0
CEBPZ,AFF4,0
RFX5,HIF1AN,0
HDAC2,CHEK1,0
EZH2,PDCD11,0
EZH2,TAF7,0
JUND,CKAP2,0
MAZ,TCEA1,0
ELF1,WFDC2,0
MAZ,ASNSD1,0
CEBPZ,PON2,0
MAZ,KDELR3,0
SMARCA4,PPT1,0
EPAS1,POLR2D,0
IRF3,ICA1,0
SMARCA4,PDCD11,0
RFX5,RARG,0
CEBPD,KLF6,0
RFX5,POU5F1,0
TEAD4,ACAD11,0
ATF3,CRABP2,0
CEBPD,PPARA,0
SMARCA4,RFXANK,0
EZH2,FGG,0
MAZ,TDGF1,0
SRF,NUPR1,0
ATF3,NR2F6,0
IRF3,NPM1,0
NR3C1,MEST,0
TEAD4,CKS2,0
CEBPZ,NOP16,0
FOXA1,PON2,0
HDAC2,HDAC1,0
SRF,ZNF354A,0
MAZ,SALL4,0
BRCA1,TOP2B,0
NR2F2,GYG1,0
SMARCA4,TBRG4,0
ARID2,SLC38A2,0
TEAD4,TRERF1,0
HNF4A,BMPR1A,0
IRF3,DEK,0
EZH2,NDUFAF5,0
SRF,TRIM25,0
RFX5,EZH2,0
CEBPZ,EBNA1BP2,0
EPAS1,KIF22,0
CEBPZ,CUEDC2,0
EZH2,SCAPER,0
ATF3,FXR1,0
SMARCA4,CCND1,0
EZH2,HDAC1,0
FOXA2,UTRN,0
ARID2,SGK1,0
RUVBL1,SMARCD2,0
FOSL2,COMMD10,0
ATF3,GNRH2,0
FOXA1,ZBTB24,0
EZH2,DDX20,0
BRCA1,UTRN,0
IRF3,RBBP4,0
NR3C1,HIF1AN,0
JUND,UTRN,0
RUVBL1,PLK1,0
HDAC2,TIPIN,0
BRCA1,POP5,0
ARID2,PAWR,0
JUN,ASNSD1,0
MAFF,PEF1,0
SMARCA4,GATAD2B,0
RFX5,ITGB3BP,0
JUND,FHL2,0
IRF3,SGK1,0
SMARCC1,TMEM150C,0
FOXA2,ZFP36,0
MYBL2,GEMIN8,0
CEBPZ,FOXA1,0
MYC,TEAD4,0
JUN,SMC4,0
IRF3,WIPI1,0
RFX5,FANCB,0
RFX5,DNAJC2,0
IRF3,MT1X,0
EPAS1,DNMT3B,0
FOSL2,LAMB2,0
MAZ,HGD,0
SRF,RGN,0
MAZ,ZFYVE21,0
CEBPZ,CDK5RAP1,0
BRCA1,GATA6,0
SMARCC1,ACTC1,0
ARID2,FANCB,0
IRF3,WDR5,0
NR2F2,RBBP7,0
FOXA1,CBR1,0
NR3C1,ERCC8,0
FOSL2,MCM5,0
SMARCA4,DRAP1,0
BRCA1,PITX1,0
SRF,CEBPZ,0
JUN,ETS1,0
EPAS1,CREG1,0
BRCA1,GYG1,0
JUN,KDELR3,0
REST,EHMT1,0
NR3C1,UQCC1,0
EPAS1,KIF20B,0
FOXA1,PARP1,0
HDAC2,LCMT1,0
BRCA1,PHB2,0
MYBL2,JUN,0
MAZ,NUP88,0
ATF3,TCF7L1,0
RUVBL1,FEN1,0
ARID2,ETS1,0
MAFF,RBP4,0
MAZ,SSBP3,0
HNF4A,BDP1,0
RUVBL1,ING5,0
NR3C1,STMN1,0
NR3C1,THAP11,0
RFX5,MTFP1,0
FOXA2,MUSTN1,0
CEBPZ,ELF1,0
HDAC2,JUN,0
EZH2,FOSL2,0
EPAS1,GEMIN2,0
ARID2,HNRNPR,0
MAFF,QPCT,0
FOXA1,NAA15,0
SMARCA4,CTSC,0
HNF4A,NR3C1,0
IRF3,COMMD10,0
EZH2,AKR1D1,0
SMARCA4,ZNF217,0
EPAS1,PHGDH,0
MYBL2,BLVRA,0
SMARCA4,COMMD3,0
MAFF,TIMM9,0
MAZ,ARG2,0
ATF3,MUSTN1,0
FOXA1,SALL2,0
FOSL2,LAMB1,0
CEBPZ,F10,0
EPAS1,ILF3,0
RUVBL1,BCL11B,0
RUVBL1,TAF7,0
JUN,ZNF143,0
CEBPZ,BDP1,0
NR3C1,ALDH1A1,0
SRF,WDR5,0
ARID2,GSTA2,0
JUN,CSDE1,0
IRF3,BCOR,0
ARID2,BST2,0
EPAS1,SALL4,0
FOXA2,IRF3,0
CEBPD,NFATC2,0
MAFF,AKR1D1,0
EZH2,CEBPZ,0
MYBL2,BCL11B,0
CEBPZ,UMPS,0
FOXA1,MLXIPL,0
EZH2,EHMT2,0
HNF4A,MYCN,0
FOSL2,SF3B3,0
HDAC2,MELK,0
NR2F2,PITX1,0
MAZ,CTSC,0
CEBPZ,PPP1R7,0
SMARCA4,NUF2,0
ATF3,PARPBP,0
MYBL2,ID3,0
EZH2,ZNF217,0
IRF3,EXOSC9,0
TEAD4,NRIP1,0
SMARCA4,FUBP1,0
SRF,MED30,0
BRCA1,BUB1,0
SRF,DEPDC7,0
ARID2,RRM1,0
RFX5,ANXA3,0
MAFF,MCM5,0
CEBPD,CRYZL1,0
JUN,HNRNPUL1,0
IRF3,MED14,0
NR3C1,EGR1,0
SMARCA4,ARID2,0
SMARCC1,FXYD5,0
MAFF,MORN2,0
NR2F2,SOX4,0
ARID2,ZNF107,0
REST,PPFIBP2,0
REST,MED21,0
TEAD4,GLIPR2,0
RUVBL1,ODF2L,0
ELF1,JAZF1,0
ELF1,PRAP1,0
FOXA2,NFYB,0
RFX5,HMGCL,0
MYC,MUSTN1,0
CEBPZ,TTR,0
FOSL2,SH3BGRL,0
RUVBL1,DERA,0
TEAD4,RNPS1,0
JUN,GMEB1,0
SMARCA4,TDGF1,0
FOXA1,MYCBP,0
RFX5,APOA2,0
FOSL2,PRPS2,0
NR3C1,STX8,0
IRF3,NUP85,0
ELF1,NCOA6,0
SMARCC1,TM4SF4,0
EZH2,GEMIN8,0
IRF3,SCAPER,0
FOSL2,MTUS1,0
RUVBL1,GALK1,0
CEBPZ,ANAPC4,0
CEBPD,SEC11C,0
REST,CTDSPL,0
NR3C1,SUPT16H,0
SMARCA4,POLB,0
FOXA1,PDGFA,0
ARID2,SSB,0
ATF3,FOSB,0
ARID2,TDP2,0
BRCA1,FOXO1,0
ATF3,MCM5,0
CEBPD,ZRANB2,0
EPAS1,CKAP2,0
ATF3,ZNF217,0
NR3C1,POLR2D,0
MYC,DAB2,0
FOXA1,ZBTB3,0
JUND,BLM,0
NR3C1,KIF23,0
CEBPZ,TGIF1,0
ARID2,GNRH2,0
HDAC2,UCHL1,0
EPAS1,PON2,0
SMARCA4,TFE3,0
FOXA1,ELL2,0
RFX5,STX8,0
HDAC2,ZFP42,0
NR3C1,ANG,0
HNF4A,TOP2B,0
BRCA1,TGIF1,0
HNF4A,INMT,0
FOXA2,CEBPD,0
NR3C1,C1GALT1,0
JUN,PAK1IP1,0
FOXA1,CREB3L3,0
ATF3,CA2,0
BRCA1,PA2G4,0
ATF3,AURKB,0
RFX5,LHX1,0
IRF3,GLIPR2,0
MAFF,PAX6,0
SMARCA4,VPS72,0
BRCA1,RFX6,0
JUN,IRF9,0
EZH2,YAF2,0
MYBL2,ACAD11,0
SRF,PLK1,0
ELF1,ZNF287,0
ATF3,ZNF397,0
ARID2,ANXA3,0
CEBPD,TUBB6,0
JUN,MMS22L,0
CEBPD,ZNF644,0
SMARCA4,HGD,0
BRCA1,SNRPD1,0
NR3C1,RFC2,0
BRCA1,BSCL2,0
ARID2,LGALS3,0
RFX5,ANG,0
BRCA1,VRK1,0
SRF,POLR2D,0
JUN,EYA3,0
EPAS1,RNASE4,0
NR2F2,PREB,0
FOXA2,ARID3B,0
CEBPZ,PHGDH,0
CEBPZ,ELAVL2,0
SMARCA4,PA2G4,0
CEBPD,LGALS3,0
JUN,DNASE1,0
TEAD4,SMARCA5,0
TEAD4,IRF3,0
HNF4A,THAP11,0
TEAD4,ZDHHC4,0
TEAD4,CDKN3,0
ARID2,FEN1,0
IRF3,IFITM2,0
IRF3,GMPR2,0
HDAC2,FEN1,0
FOXA2,HMGA1,0
IRF3,SP100,0
TEAD4,S100A6,0
ARID2,GALM,0
EPAS1,DDIT3,0
NR3C1,ZNF561,0
JUN,EED,0
NR3C1,CCDC82,0
CREB1,TCF4,0
SMARCA4,TAF11,0
ELF1,FANCB,0
MYBL2,JARID2,0
FOSL2,AGTRAP,0
BRCA1,ZNF300,0
REST,KLF6,0
RFX5,ANXA4,0
IRF3,OCIAD2,0
SMARCA4,MRPL1,0
NR2F2,TADA3,0
JUN,MED21,0
NR3C1,KIFAP3,0
TEAD4,EEF1A1,0
ELF1,ERBB4,0
EZH2,HMMR,0
HNF4A,FHL2,0
TEAD4,AFF4,0
MYC,ZNF675,0
EZH2,MTF2,0
EPAS1,DPYSL2,0
SMARCA4,HNRNPAB,0
SMARCC1,EYA3,0
ARID2,ICE2,0
BRCA1,CENPF,0
IRF3,E2F7,0
CEBPZ,MED21,0
RUVBL1,ZNF143,0
SMARCC1,ZFP42,0
MYBL2,SPP1,0
EZH2,MCM3,0
EPAS1,ZNF202,0
BRCA1,CRAT,0
ARID2,KNTC1,0
RUVBL1,SLC7A7,0
BRCA1,RBBP7,0
HNF4A,ASNS,0
RUVBL1,FANCI,0
IRF3,CDK1,0
SMARCA4,NUDT1,0
CEBPD,GRPR,0
EZH2,NUDT1,0
FOSL2,APOA4,0
BRCA1,POLR2L,0
JUN,SIRT2,0
HNF4A,ANG,0
EZH2,HIPK2,0
SRF,PCGF6,0
NR2F2,KLF6,0
FOSL2,P4HA2,0
REST,TDGF1,0
BRCA1,MTUS1,0
FOXA2,MTAP,0
NR3C1,UBE2C,0
MAZ,PYGL,0
EZH2,CDK5RAP1,0
SMARCA4,MTF2,0
ATF3,TMEM120A,0
MAFF,MGST2,0
ATF3,FGA,0
RUVBL1,LAMC1,0
JUND,BMP2,0
SRF,USP44,0
MAFF,EOMES,0
EZH2,APOA4,0
MAZ,GATA6,0
NR2F2,JARID2,0
HDAC2,CDX2,0
CEBPZ,CDX2,0
ELF1,GLIS3,0
JUN,RFXANK,0
MAZ,ERCC8,0
EZH2,PMAIP1,0
CEBPZ,MTAP,0
NR2F2,ARID2,0
RUVBL1,AXL,0
SRF,SNRPD1,0
EPAS1,APOC2,0
RUVBL1,DRAP1,0
IRF3,CUEDC2,0
JUN,POU2F1,0
ATF3,NVL,0
NR3C1,AXL,0
BRCA1,PARPBP,0
TEAD4,HIPK2,0
JUND,GATA6,0
IRF3,ZNF217,0
TEAD4,DPPA4,0
NR3C1,CPSF3,0
MAFF,UBE2T,0
SMARCA4,GALK1,0
JUN,UGP2,0
JUN,POLR2L,0
JUND,FGB,0
MAZ,ACTC1,0
TEAD4,RARG,0
EPAS1,PIH1D1,0
SRF,ZDHHC4,0
NR3C1,GATA6,0
CEBPZ,RFX5,0
EZH2,BRIP1,0
ELF1,PTTG1,0
MAZ,CAPG,0
SMARCA4,MAFF,0
MYC,H1F0,0
RFX5,THYN1,0
BRCA1,E2F5,0
ATF3,PEMT,0
JUN,FAM13A,0
CEBPD,ALDH1A1,0
ATF3,UHRF1,0
NR3C1,ETV4,0
FOXA2,ODF2L,0
JUN,UBL7,0
CEBPZ,KLHL7,0
EZH2,FAM114A1,0
EPAS1,INMT,0
CEBPD,ACOT7,0
IRF3,ZNF287,0
ARID2,HELLS,0
HNF4A,XPO5,0
TEAD4,POP5,0
ARID2,MUSTN1,0
NR3C1,CHEK1,0
HDAC2,TERF1,0
EPAS1,ZNF143,0
BRCA1,DRAP1,0
EZH2,NOL10,0
TEAD4,ARSE,0
IRF3,THRB,0
RUVBL1,ALG8,0
RUVBL1,ECHDC2,0
BRCA1,SIL1,0
ARID2,LITAF,0
EPAS1,AIMP2,0
SMARCC1,SEC11C,0
FOXA1,SIL1,0
SMARCA4,ZNHIT3,0
IRF3,NR1H3,0
ATF3,APOA2,0
ELF1,TEAD2,0
RFX5,JUN,0
EPAS1,MXD1,0
MAFF,ETS1,0
MAZ,RFC2,0
FOXA1,NUSAP1,0
HDAC2,HAUS1,0
EPAS1,NUP93,0
FOSL2,HIST1H1B,0
ARID2,MEST,0
FOSL2,SUV39H2,0
FOSL2,SMAD2,0
RFX5,SULF2,0
EZH2,RUVBL2,0
SMARCA4,CXXC1,0
RUVBL1,NDUFAF4,0
REST,ALDH9A1,0
EPAS1,HCFC1,0
CEBPZ,MTTP,0
EZH2,DNMT3A,0
ATF3,SRF,0
MAFF,SIL1,0
MAZ,MT1G,0
TEAD4,PRPS2,0
RFX5,PARP1,0
NR3C1,CBX3,0
IRF3,RAB28,0
TEAD4,NUPR1,0
CEBPZ,DPH6,0
REST,RBMX,0
TEAD4,DECR1,0
NR3C1,CTSE,0
NR3C1,JUND,0
RFX5,H1F0,0
ARID2,GPN3,0
FOXA1,CCDC82,0
FOXA1,ID3,0
SMARCC1,ANAPC4,0
MAFF,BMPR1A,0
EPAS1,CTBP1,0
TEAD4,ZNF567,0
MAFF,TRIM28,0
JUN,DKC1,0
BRCA1,RNASEH2A,0
ATF3,SALL4,0
ELF1,SRSF6,0
CEBPZ,SCAPER,0
MYC,TPM2,0
MYBL2,TADA3,0
REST,NEIL2,0
ATF3,LAMC1,0
ATF3,HNRNPR,0
ATF3,INMT,0
SMARCA4,TCF25,0
JUN,SKA3,0
MAZ,USP44,0
MYC,GTF3C4,0
EPAS1,ZNF217,0
MAFF,ALDH9A1,0
ELF1,TCF4,0
TEAD4,BIRC5,0
ATF3,GEMIN2,0
EZH2,AURKB,0
NR3C1,LITAF,0
ATF3,PBX1,0
IRF3,TSFM,0
IRF3,BSCL2,0
MAFF,FXYD5,0
EZH2,KIF23,0
SMARCC1,BCL11B,0
HDAC2,NFIB,0
SMARCA4,TCEA1,0
NR2F2,NR3C1,0
FOSL2,POLR2G,0
RFX5,GABPB1,0
HNF4A,TP53,0
EPAS1,FANCD2,0
SMARCA4,RFC1,0
TEAD4,UHRF1,0
EPAS1,DDAH1,0
FOXA2,LAMB1,0
SMARCA4,PDLIM7,0
ATF3,PRIM1,0
RFX5,RREB1,0
EPAS1,SRSF6,0
SRF,IRF1,0
RUVBL1,MYCBP,0
BRCA1,STX8,0
SRF,TBX3,0
BRCA1,GLIS3,0
ARID2,FMO5,0
SRF,GMPS,0
BRCA1,MLF1,0
SMARCC1,CBR1,0
MYBL2,SMARCE1,0
JUN,CDCA7L,0
CEBPD,SAAL1,0
RUVBL1,TAF1B,0
ELF1,SPTLC3,0
CEBPZ,CKS2,0
SMARCA4,IL6ST,0
MYC,CDX2,0
MYBL2,CIDEB,0
ELF1,HDAC2,0
NR3C1,ZBTB3,0
HNF4A,CDKN3,0
CEBPD,RAMP1,0
BRCA1,WBP11,0
NR2F2,AFP,0
SRF,BMP2,0
IRF3,C11ORF74,0
RUVBL1,WDR54,0
FOXA1,TAF9B,0
IRF3,AKR1B1,0
RFX5,ANPEP,0
MYBL2,RBP2,0
MYBL2,PHGDH,0
NR3C1,VEZF1,0
SRF,NEDD1,0
JUN,ZNF74,0
MYBL2,SOX2,0
MYBL2,KLF6,0
NR3C1,SMARCA4,0
SMARCA4,CCDC82,0
EZH2,PRKCE,0
NR3C1,ALB,0
MAZ,NAA15,0
MYBL2,RAI14,0
NR3C1,ISG15,0
SMARCA4,C3ORF14,0
IRF3,NME2,0
HNF4A,CREB1,0
EPAS1,ECHDC2,0
CEBPZ,RAD51,0
ARID2,ZNF675,0
NR3C1,OAZ2,0
MYC,SERPIND1,0
REST,SKIL,0
EPAS1,AKR1D1,0
RUVBL1,TFDP2,0
NR3C1,TCF25,0
JUND,IRF1,0
TEAD4,DERA,0
EZH2,YEATS4,0
JUN,PPT1,0
CEBPD,C3ORF14,0
TEAD4,CBX3,0
JUN,RBM39,0
HNF4A,ZNF160,0
ATF3,EOMES,0
EZH2,DDIT3,0
CEBPZ,RBBP4,0
ELF1,GLIPR2,0
SRF,AASS,0
IRF3,S100A16,0
CEBPZ,PLA2G12B,0
IRF3,ZNF581,0
HDAC2,ATP1B3,0
SMARCC1,PAX6,0
REST,WDR54,0
SRF,ZNF101,0
JUN,SLC25A20,0
TEAD4,NR3C1,0
REST,GLI1,0
ATF3,SERPINB1,0
RFX5,CCS,0
FOXA1,JUN,0
RUVBL1,MED14,0
MYBL2,WFDC2,0
SRF,SOX2,0
EPAS1,NR1I3,0
ARID2,VRK1,0
SRF,HP,0
HNF4A,DNMT1,0
IRF3,TEAD2,0
CEBPD,ZNF670,0
ATF3,DECR1,0
REST,ARSE,0
REST,DKC1,0
BRCA1,WDR54,0
ELF1,AGTRAP,0
EPAS1,UTP18,0
SMARCA4,SUPV3L1,0
ATF3,HIST1H1E,0
RFX5,ALDH1A1,0
EZH2,TGIF1,0
BRCA1,THOC1,0
ARID2,ZFHX3,0
FOXA1,OAZ2,0
EZH2,IMP4,0
SRF,SH3BGRL,0
ATF3,DOT1L,0
IRF3,SNRPB,0
BRCA1,ATL2,0
HDAC2,PHGDH,0
MAFF,TEX10,0
CEBPZ,RAB25,0
NR2F2,GATA6,0
ATF3,ESPL1,0
MYC,DDX39A,0
FOSL2,PEF1,0
SMARCA4,LGALS1,0
JUN,SNRPB,0
ARID2,DNMT1,0
MAZ,HNRNPAB,0
MYC,RAD51,0
CEBPZ,TMEM37,0
EZH2,IQCB1,0
ATF3,ACOX2,0
JUN,COMMD10,0
IRF3,HIF1AN,0
CEBPZ,BRCA2,0
MAFF,ZNF397,0
TEAD4,SCD5,0
FOXA1,JAZF1,0
FOSL2,SLC7A7,0
FOXA2,ESPL1,0
IRF3,ZNF589,0
CEBPZ,CENPF,0
ARID2,PHF5A,0
NR3C1,SP4,0
FOSL2,SMAD5,0
TEAD4,ZNF227,0
BRCA1,PIAS2,0
ARID2,XRCC5,0
HNF4A,HMGA2,0
EZH2,ZNF146,0
CEBPZ,BRIP1,0
MAFF,CYP3A5,0
RUVBL1,VRK1,0
RUVBL1,TPX2,0
RUVBL1,ANXA3,0
JUN,EXOSC3,0
MAFF,RNASEH2A,0
BRCA1,ECHDC2,0
RUVBL1,MAZ,0
EZH2,RAD51,0
SRF,EHMT1,0
RFX5,UTP18,0
ELF1,SCAPER,0
TEAD4,TRIP13,0
ATF3,MTMR2,0
TEAD4,PA2G4,0
NR2F2,NFYB,0
EPAS1,AHSG,0
IRF3,NOP16,0
ATF3,BUB1,0
IRF3,LAPTM4B,0
HDAC2,HCFC1,0
ARID2,SRSF6,0
RUVBL1,ZNF675,0
MAZ,XRCC5,0
EZH2,PPT1,0
SMARCA4,ZSCAN21,0
NR2F2,SEC14L2,0
ARID2,AURKB,0
EZH2,DLGAP5,0
CEBPD,FXYD5,0
TEAD4,COQ3,0
SMARCA4,FOSL1,0
RUVBL1,ELF1,0
SRF,FANCL,0
FOSL2,MYBL2,0
JUN,SP4,0
FOXA1,DDB2,0
TEAD4,GMNN,0
ARID2,IFITM3,0
ARID2,TPX2,0
MYBL2,CEBPD,0
CEBPZ,SKA3,0
HNF4A,ZNF143,0
TEAD4,FOXM1,0
EZH2,CDK4,0
HDAC2,MLXIPL,0
CEBPZ,LAMB2,0
ARID2,CSDE1,0
EPAS1,EOMES,0
HNF4A,PBX1,0
HNF4A,ACAA1,0
HDAC2,BTG1,0
ATF3,DNMT1,0
NR3C1,VCAN,0
JUN,CIDEB,0
ARID2,SMARCA4,0
SRF,DDX54,0
ARID2,MCM6,0
TEAD4,EXOSC3,0
NR2F2,PMAIP1,0
CEBPZ,NFATC2,0
RUVBL1,ZFHX3,0
JUND,JAZF1,0
MAFF,BLM,0
CEBPZ,FANCL,0
MYBL2,CHAF1A,0
FOXA1,SPP1,0
NR2F2,SLC35D2,0
JUN,RFX6,0
ARID2,JAZF1,0
SMARCA4,SPINK1,0
ATF3,PPIL1,0
EZH2,SLC38A2,0
FOXA1,FBL,0
NR3C1,ASNS,0
EPAS1,NT5DC2,0
IRF3,CSRP2,0
TEAD4,MTAP,0
EPAS1,NFATC2,0
FOXA2,CDKN3,0
EZH2,VEZF1,0
MAZ,DNASE1,0
CEBPZ,CCND1,0
RFX5,COMMD3,0
SMARCC1,CKS1B,0
BRCA1,BIRC5,0
MYC,MTFP1,0
HNF4A,ALG6,0
EZH2,ZDHHC4,0
JUN,SUB1,0
CEBPD,TAF9B,0
CEBPD,PPP1R7,0
SMARCC1,DDAH1,0
TEAD4,DNAJC2,0
EZH2,GMPR2,0
HDAC2,ZNF91,0
CEBPD,EXOSC9,0
CEBPD,MMS22L,0
NR3C1,ETV5,0
RUVBL1,ACOT7,0
RUVBL1,TAF6,0
EPAS1,RAD51C,0
HNF4A,CENPK,0
ARID2,CDK4,0
FOXA2,USP44,0
MAZ,MCM2,0
MYBL2,FOSB,0
JUN,KNG1,0
MAFF,VEZF1,0
RUVBL1,ZFP42,0
HDAC2,CSRP2,0
MAFF,ID3,0
HNF4A,SRSF6,0
MAFF,G6PC3,0
SRF,RUVBL2,0
IRF3,PIGH,0
RUVBL1,GATA4,0
FOXA2,NR2F6,0
MAZ,HTATSF1,0
REST,HPRT1,0
CEBPZ,SERPIND1,0
SMARCA4,ZNF287,0
EPAS1,DRAP1,0
RFX5,PREB,0
CEBPZ,ZNF354A,0
EPAS1,PHF5A,0
SRF,DEK,0
CEBPD,CKAP2,0
MAZ,BCL11B,0
SMARCA4,SNRPD1,0
SMARCA4,EHMT2,0
RUVBL1,FGG,0
RFX5,NR3C1,0
ATF3,DKC1,0
EZH2,ZNF33A,0
MAFF,RBBP4,0
TEAD4,ZNF561,0
EZH2,ZBTB24,0
JUN,WDR5,0
TEAD4,POLR1E,0
ARID2,PPFIBP2,0
ATF3,PHGDH,0
EPAS1,CCDC82,0
RUVBL1,NFATC2,0
NR3C1,SPTLC3,0
EPAS1,HMGA2,0
HDAC2,STAT2,0
HDAC2,C3ORF14,0
BRCA1,JARID2,0
SMARCA4,CAMK2D,0
HNF4A,REST,0
SMARCA4,EBNA1BP2,0
EPAS1,TIMM9,0
HNF4A,TM4SF4,0
MAZ,F2RL1,0
SRF,CDK1,0
HDAC2,KDM4C,0
JUN,ARID3B,0
IRF3,MLF1,0
CEBPD,DPPA4,0
FOXA2,BSCL2,0
RUVBL1,HERPUD1,0
CEBPD,UMPS,0
EZH2,EED,0
EZH2,FBL,0
IRF3,NCOA1,0
MYC,TAF6,0
SMARCA4,MED20,0
HDAC2,SEC11C,0
TEAD4,HNRNPR,0
ARID2,NUP54,0
HNF4A,HIST1H1C,0
REST,HAUS1,0
RFX5,PLAGL2,0
ATF3,FGG,0
NR2F2,PIGH,0
NR3C1,SCAPER,0
NR3C1,APEX1,0
IRF3,GRHL1,0
JUN,NOP16,0
NR3C1,IMP4,0
BRCA1,HMGA1,0
SRF,OCIAD2,0
SMARCA4,RFX5,0
NR3C1,RREB1,0
JUND,POU5F1,0
RUVBL1,MTHFD1,0
ARID2,HMGB2,0
ARID2,ZNF202,0
CEBPD,QPCT,0
IRF3,ATL2,0
IRF3,NODAL,0
TEAD4,CEBPD,0
CEBPZ,NIF3L1,0
IRF3,RFX6,0
RUVBL1,NFYB,0
BRCA1,CEBPA,0
ATF3,CSDE1,0
IRF3,IRF1,0
IRF3,SPINK1,0
IRF3,MCM4,0
CEBPZ,BCS1L,0
MAFF,DLGAP5,0
HNF4A,EHMT2,0
ARID2,POLR2K,0
MYBL2,GRPR,0
SMARCC1,CTSC,0
EZH2,ILF2,0
SRF,CENPW,0
NR3C1,SEC14L2,0
NR3C1,MUSTN1,0
ATF3,TCERG1,0
ATF3,TAF1B,0
CEBPZ,GTF2F2,0
JUND,HAUS1,0
HDAC2,SMARCA4,0
HNF4A,STAT2,0
TEAD4,HTATSF1,0
JUN,ZNF766,0
REST,TRERF1,0
CEBPZ,THRB,0
ATF3,GALM,0
IRF3,TP53,0
JUND,PEMT,0
MYC,SMARCE1,0
TEAD4,HMGCS2,0
BRCA1,HIST1H1B,0
RFX5,ALDH9A1,0
ARID2,YEATS4,0
MAZ,RAD51C,0
NR2F2,TUBB6,0
ARID2,B4GALT3,0
ARID2,TBX3,0
SMARCA4,DR1,0
MYC,DROSHA,0
TEAD4,NPRL2,0
MAFF,AEBP2,0
TEAD4,SERTAD3,0
FOXA1,CBX3,0
EPAS1,DNASE1,0
FOSL2,ANAPC7,0
CEBPD,SNAPC1,0
TEAD4,FANCI,0
RFX5,DECR1,0
ARID2,USP7,0
FOXA1,ICA1,0
SMARCA4,ZNF101,0
SMARCA4,C12ORF45,0
HNF4A,SRSF10,0
MAFF,C1GALT1,0
BRCA1,PDGFA,0
MAZ,BDP1,0
BRCA1,WFDC2,0
SMARCA4,FANCB,0
ARID2,MED21,0
BRCA1,CCND1,0
FOSL2,UHRF1,0
IRF3,GALK1,0
FOSL2,PITX1,0
IRF3,ITIH4,0
MYC,TCF4,0
FOSL2,TRERF1,0
EZH2,FEN1,0
NR3C1,ASPH,0
NR2F2,P4HA2,0
FOXA1,RNPS1,0
MYC,ITLN2,0
MAFF,RAB34,0
ATF3,RUVBL1,0
JUN,MYC,0
RFX5,PRIM1,0
EZH2,MAD2L1,0
SRF,STMN1,0
RUVBL1,CKS1B,0
EPAS1,EFTUD2,0
EPAS1,GMPR2,0
RUVBL1,HIF3A,0
HDAC2,SLC7A7,0
HNF4A,H1F0,0
JUN,PIAS3,0
BRCA1,WDR12,0
SMARCA4,DDIT4,0
RUVBL1,GTF2F2,0
SRF,SSRP1,0
HNF4A,KNSTRN,0
RUVBL1,BMP2,0
HNF4A,DDAH1,0
JUN,DDX39A,0
MYBL2,HAUS1,0
SMARCA4,EXOSC3,0
EPAS1,ING5,0
EPAS1,HTATSF1,0
EZH2,ZNF160,0
SMARCC1,DPPA4,0
BRCA1,EEF1A1,0
HDAC2,MPHOSPH9,0
ARID2,ASNSD1,0
FOSL2,CCNB1,0
EPAS1,HSD17B11,0
TEAD4,CREB3L4,0
MAFF,ARID3B,0
CEBPZ,THOC1,0
HNF4A,WBP11,0
ARID2,ANKRD1,0
EZH2,NR2F6,0
IRF3,POLR2B,0
RFX5,ARSE,0
NR3C1,ZNF638,0
RUVBL1,ID2,0
MAFF,WIPI1,0
FOSL2,CKS1B,0
FOXA1,MCM5,0
CEBPZ,C19ORF48,0
JUN,RNF4,0
SMARCC1,DEPDC7,0
ARID2,TCF4,0
JUND,S100A6,0
SRF,SLC35D2,0
FOSL2,THRB,0
RUVBL1,SULF2,0
EPAS1,AFP,0
IRF3,TCOF1,0
SMARCA4,SERPIND1,0
CEBPD,HTATSF1,0
RUVBL1,SRRM1,0
FOXA1,ZFP36,0
SRF,BTG1,0
IRF3,C17ORF75,0
CEBPZ,C12ORF45,0
MAFF,RGN,0
ARID2,ZNF589,0
CEBPZ,DNAH14,0
JUND,THRB,0
ARID2,LAMB1,0
EPAS1,JAZF1,0
CEBPZ,ISY1,0
NR2F2,HAUS1,0
MYC,NONO,0
NR3C1,CEBPZ,0
JUN,APOA4,0
JUN,ABT1,0
HDAC2,TFE3,0
FOXA2,ITLN2,0
FOXA1,ALDH1A1,0
TEAD4,TCF3,0
JUN,LGALS2,0
FOSL2,UTP18,0
CEBPZ,IMP4,0
RUVBL1,ZDHHC4,0
NR3C1,DR1,0
SMARCA4,KLF6,0
IRF3,SAAL1,0
EPAS1,ZFYVE21,0
ATF3,BRIP1,0
MYC,MYCBP,0
FOXA1,BLVRA,0
MAZ,ALG8,0
FOXA2,DPPA4,0
EPAS1,SIRT2,0
MAFF,ZNF239,0
HNF4A,PLRG1,0
RUVBL1,ARID3B,0
JUND,TRIM59,0
TEAD4,XBP1,0
MYBL2,POU5F1,0
CEBPZ,CCNB2,0
FOXA1,ERBB4,0
EPAS1,ECT2,0
JUN,PRIM1,0
ATF3,IL6ST,0
REST,CDCA7L,0
IRF3,SLC38A2,0
NR3C1,XRCC6,0
CEBPZ,BCOR,0
IRF3,TIMM9,0
JUND,HIST1H1B,0
CEBPD,ETS1,0
SMARCA4,IFITM1,0
SRF,ZNF232,0
RFX5,DR1,0
MYC,PDGFA,0
CEBPZ,PLIN2,0
ATF3,DDC,0
BRCA1,IRF9,0
CEBPZ,ANG,0
MAZ,MCM6,0
BRCA1,ZFP64,0
EZH2,TDP2,0
JUND,LGALS1,0
CEBPZ,MTF2,0
MAZ,KNG1,0
EPAS1,ORC4,0
HNF4A,TIMM9,0
ATF3,CCS,0
FOXA1,TOP2A,0
ATF3,MYBL2,0
SMARCA4,TOPORS,0
ARID2,UCP2,0
REST,LDB2,0
FOSL2,DROSHA,0
EZH2,KIF22,0
NR3C1,MTAP,0
TEAD4,NR2F6,0
NR3C1,RNF19A,0
BRCA1,WDR74,0
SMARCA4,GSTA1,0
HNF4A,TERF1,0
NR3C1,BPTF,0
ELF1,RAB28,0
JUND,SLC25A20,0
ARID2,ALDH9A1,0
REST,DPF2,0
REST,BCL11B,0
MAZ,COPS5,0
BRCA1,DERA,0
SRF,CHEK1,0
EZH2,POLR1B,0
TEAD4,KLF5,0
ARID2,SMAD5,0
HNF4A,HNRNPK,0
REST,CUEDC2,0
EZH2,ANXA3,0
EPAS1,ERBB4,0
ATF3,IMP4,0
IRF3,DPPA4,0
TEAD4,SSB,0
SMARCA4,EOMES,0
RUVBL1,DSN1,0
RUVBL1,RAD51,0
JUN,PSMG1,0
MYC,TMEM150C,0
RUVBL1,FLRT3,0
FOXA2,LGALS2,0
EPAS1,SNAPC1,0
EPAS1,RBP4,0
BRCA1,TDP2,0
ATF3,EZH2,0
TEAD4,EED,0
NR3C1,MELK,0
EZH2,GALM,0
RUVBL1,SP4,0
NR3C1,ARSE,0
EPAS1,E2F3,0
MAFF,KIF23,0
SMARCA4,NDUFAF4,0
MAZ,LRR1,0
MAZ,HPX,0
SMARCA4,MED21,0
EZH2,TCF19,0
NR3C1,PHGDH,0
IRF3,ETS1,0
ARID2,BLM,0
FOXA2,RAD51C,0
JUN,GRPR,0
BRCA1,GGCT,0
CEBPZ,KIF20B,0
IRF3,APOA2,0
CREB1,CTDSPL,0
SMARCA4,SLC38A2,0
FOXA2,NFIB,0
EZH2,EFTUD2,0
MYC,ALG6,0
CEBPZ,F2RL1,0
NR2F2,GSTA1,0
SMARCA4,CENPK,0
IRF3,ZFP36,0
JUN,TRIM28,0
FOSL2,GLI1,0
MYC,GLI1,0
ATF3,NPM1,0
RUVBL1,DNASE1,0
EZH2,POLR2K,0
RUVBL1,ANAPC7,0
JUN,NUSAP1,0
TEAD4,RBP4,0
NR2F2,CRYZL1,0
ARID2,KLF5,0
RUVBL1,DR1,0
ARID2,WDR74,0
JUN,TAF9B,0
NR3C1,FBL,0
CEBPZ,NUDT1,0
SMARCA4,POLR2G,0
CEBPZ,MCM5,0
CEBPZ,KNG1,0
RFX5,PA2G4,0
MAFF,TNNI3,0
ATF3,ZHX1,0
MYBL2,ZFHX3,0
ARID2,NDUFAF5,0
HNF4A,SSBP2,0
RUVBL1,HNRNPR,0
IRF3,SIL1,0
SMARCA4,CHD8,0
NR2F2,HCFC1,0
BRCA1,CNOT7,0
NR3C1,RNPS1,0
JUN,GEMIN8,0
ELF1,ARL6IP6,0
HNF4A,BMP2,0
SMARCC1,MYCBP,0
NR3C1,SUPV3L1,0
EZH2,HNRNPAB,0
MAFF,MUSTN1,0
MAZ,ACADVL,0
MAFF,MLXIPL,0
ATF3,UQCC1,0
NR2F2,GSTA2,0
FOXA2,UBE2C,0
ATF3,FOSL1,0
RFX5,SKA3,0
TEAD4,THYN1,0
IRF3,RAD51,0
BRCA1,SFRP1,0
BRCA1,MIS18BP1,0
ARID2,ORC2,0
RUVBL1,VPS72,0
FOXA1,SLC25A20,0
SRF,FXR1,0
CREB1,ODF2L,0
CEBPZ,NR3C1,0
HNF4A,SMARCC1,0
HNF4A,NEIL2,0
MYBL2,NT5DC2,0
JUN,DNPEP,0
EPAS1,ANLN,0
IRF3,NIP7,0
REST,ZFP42,0
IRF3,APOC2,0
MAZ,GGCT,0
MYC,PRC1,0
EZH2,ZNF561,0
ARID2,SMARCD2,0
IRF3,ANAPC4,0
TEAD4,RAB25,0
JUND,BIN1,0
ARID2,ALG8,0
TEAD4,ITLN2,0
IRF3,ACOX2,0
IRF3,FMO5,0
MYC,TAF7,0
BRCA1,ZFP36,0
JUN,BRIX1,0
RUVBL1,SMOX,0
MAFF,PRIM1,0
SMARCA4,DNMT1,0
NR2F2,H1F0,0
SRF,CA2,0
SRF,FXYD5,0
NR2F2,GTF3C4,0
SMARCA4,E2F4,0
ARID2,PREB,0
MYBL2,IQGAP2,0
EPAS1,MEST,0
RFX5,RAD54B,0
ARID2,TRIM28,0
HDAC2,CTSC,0
NR2F2,QPCT,0
NR2F2,ITGB3BP,0
NR3C1,NDUFAF5,0
IRF3,TIPIN,0
HNF4A,ELL2,0
CEBPZ,ERBB4,0
FOXA1,SLC38A1,0
SMARCA4,PBX1,0
TEAD4,ETV5,0
ARID2,BPTF,0
JUN,CNBP,0
SMARCA4,SAAL1,0
FOXA1,FEN1,0
RFX5,CBR1,0
HDAC2,S100A6,0
ELF1,ANPEP,0
TEAD4,GTF2I,0
ARID2,HAT1,0
ARID2,DKC1,0
ARID2,CRYZL1,0
MAFF,NVL,0
NR2F2,NCOA1,0
CEBPD,BIN1,0
FOXA2,TEAD4,0
TEAD4,KLF6,0
FOXA2,BCL11B,0
RUVBL1,TAF5,0
FOSL2,ZNF766,0
HDAC2,KNSTRN,0
ARID2,MCM8,0
NR2F2,HIST1H1B,0
ATF3,TERF1,0
MYBL2,CBR1,0
CEBPZ,TARDBP,0
SMARCA4,INMT,0
MYC,CSRP2,0
HNF4A,AKR1B1,0
CEBPZ,SIRT1,0
EPAS1,ID2,0
RUVBL1,KIFAP3,0
MYC,PITX1,0
CEBPZ,PAK1IP1,0
RUVBL1,C11ORF74,0
IRF3,UTP18,0
HNF4A,ALDH1A1,0
REST,ANG,0
ARID2,UBE2T,0
FOXA1,MED4,0
SMARCC1,SFRP1,0
CREB1,ITGB3BP,0
CEBPZ,UTRN,0
CEBPZ,SRRM1,0
SRF,ASCC3,0
HNF4A,MCM5,0
SMARCC1,SLC7A7,0
CEBPD,GTF2F2,0
SRF,FABP1,0
EZH2,IVNS1ABP,0
IRF3,NFATC2,0
ARID2,CRABP2,0
CEBPZ,BTG1,0
JUND,MMS22L,0
RUVBL1,FASTKD2,0
RUVBL1,JARID2,0
JUND,LIN28A,0
SRF,POLR2B,0
FOSL2,CENPF,0
BRCA1,MTTP,0
IRF3,JAZF1,0
MAZ,ELF1,0
EPAS1,DCLRE1C,0
SRF,PPARA,0
RUVBL1,CEBPZ,0
HDAC2,THAP11,0
FOXA1,TIMM21,0
JUN,MCM3,0
MAZ,POLR2B,0
SRF,PTMA,0
BRCA1,TNFAIP3,0
SMARCC1,ID2,0
CEBPD,ORC2,0
JUN,TEAD2,0
ARID2,LAMB2,0
EZH2,ASCC3,0
NR3C1,CCND1,0
RUVBL1,DUT,0
RUVBL1,MYBL2,0
HDAC2,EGR1,0
NR3C1,F10,0
MYBL2,ZFAND2A,0
FOSL2,CCDC82,0
MAFF,DPH5,0
FOXA2,CRABP2,0
JUN,HMGCS2,0
ATF3,SMARCD2,0
JUN,IFITM2,0
TEAD4,RNASEH2A,0
SMARCA4,IVNS1ABP,0
IRF3,SUB1,0
EPAS1,APOA4,0
RFX5,TF,0
CEBPD,P4HA2,0
MYBL2,TOPORS,0
ATF3,C12ORF10,0
SRF,SRSF6,0
MYBL2,SMAD3,0
FOXA1,H1F0,0
EPAS1,BRCA2,0
BRCA1,ACOX2,0
SMARCC1,MYCN,0
JUN,CEBPD,0
FOSL2,CCS,0
MAZ,KLF5,0
RUVBL1,CENPU,0
SMARCA4,GMNN,0
NR3C1,HDAC2,0
REST,RNASEH2A,0
CEBPZ,HTATSF1,0
HDAC2,VEZF1,0
REST,ITGB3BP,0
REST,CDX2,0
RUVBL1,SLC7A6,0
FOXA1,C3ORF14,0
SMARCA4,RBP2,0
FOXA1,NR2F6,0
MYC,RAB25,0
EZH2,SSBP2,0
ARID2,DPH5,0
MAFF,HNF1B,0
SMARCC1,SRSF6,0
NR3C1,HMGB2,0
EPAS1,TRIM27,0
MYC,EYA3,0
NR3C1,ZHX1,0
MAFF,WARS,0
JUN,KLF5,0
NR2F2,HAT1,0
CEBPZ,ERCC8,0
FOXA1,RRM2,0
IRF3,ERCC8,0
IRF3,TAF1A,0
BRCA1,IRF3,0
MAFF,COMMD10,0
SMARCA4,NAA15,0
SRF,KPNA2,0
EZH2,SERPINB1,0
BRCA1,FGG,0
EZH2,U2AF1,0
SRF,MAD2L1,0
HNF4A,TARBP2,0
ARID2,CKS2,0
HDAC2,ACTC1,0
RUVBL1,SUV39H2,0
SRF,NFYB,0
BRCA1,CKS1B,0
CEBPD,TCF3,0
IRF3,WDR74,0
IRF3,SEC14L2,0
FOXA1,ANAPC4,0
ARID2,TOPORS,0
CEBPZ,NFKBIZ,0
SMARCA4,PAPOLA,0
NR2F2,NONO,0
SMARCA4,HELLS,0
MYBL2,GPC3,0
MYC,ASL,0
NR3C1,TTC39C,0
TEAD4,ZNF300,0
NR3C1,EYA3,0
NR3C1,SIL1,0
EZH2,CETN3,0
MYC,SOX4,0
SMARCA4,ANAPC7,0
CREB1,ELF1,0
EZH2,ITLN2,0
ARID2,TMEM37,0
BRCA1,HPRT1,0
MAFF,DNASE1,0
HNF4A,LGALS3,0
EZH2,SGK1,0
NR3C1,USP7,0
BRCA1,LAMB1,0
EZH2,KNSTRN,0
SMARCA4,ACOX2,0
ATF3,APOC3,0
RUVBL1,UGP2,0
ARID2,SRSF3,0
NR3C1,UGT2B11,0
HNF4A,PEG3,0
NR3C1,DGAT1,0
TEAD4,SIL1,0
BRCA1,PTMA,0
REST,RBP2,0
ATF3,NODAL,0
MYC,HMGN1,0
TEAD4,SFRP1,0
MYC,SFRP1,0
EZH2,GTF2F2,0
ARID2,UTRN,0
ATF3,TFDP1,0
IRF3,ID3,0
CEBPZ,KNTC1,0
ELF1,ERCC8,0
NR3C1,ALG8,0
FOXA1,SUB1,0
BRCA1,SDAD1,0
MYBL2,QPCT,0
EZH2,SEC11C,0
FOXA1,BCOR,0
RFX5,HPX,0
TEAD4,POLR2L,0
FOXA1,TRIM59,0
MYC,FXR1,0
EPAS1,UHRF1,0
BRCA1,CTSE,0
ATF3,CDKN1A,0
SRF,BTF3,0
JUN,ERCC8,0
SRF,THAP1,0
FOXA1,CKS1B,0
FOSL2,BCL11B,0
JUN,DLGAP5,0
MAFF,GMPR2,0
EZH2,TAF1B,0
SMARCA4,YEATS4,0
ATF3,GATAD2B,0
SRF,TNFAIP3,0
SMARCA4,SMARCD2,0
NR3C1,KLF5,0
IRF3,PCGF6,0
BRCA1,ZNHIT3,0
SMARCC1,SSBP3,0
ELF1,GTF3C4,0
NR3C1,FANCB,0
SMARCA4,ETS1,0
JUN,TERF1,0
CEBPZ,DDIT4,0
RFX5,YBX1,0
EZH2,PSMG1,0
MAFF,HDAC2,0
SMARCA4,MTUS1,0
ARID2,PEMT,0
ATF3,C3ORF14,0
FOXA1,TCF4,0
MYBL2,FAM114A1,0
SRF,NONO,0
EPAS1,GSTK1,0
MAZ,IFITM1,0
ATF3,HMGA1,0
MAZ,LAMB1,0
RUVBL1,SFRP1,0
SMARCC1,HIF3A,0
RFX5,NR5A2,0
TEAD4,OCIAD2,0
RUVBL1,MCM5,0
RFX5,IRF3,0
EPAS1,MIS18BP1,0
SMARCC1,TFDP1,0
EZH2,KNG1,0
MYC,LAPTM4B,0
SMARCC1,RNASEH2A,0
JUN,OAZ2,0
BRCA1,CHD8,0
NR2F2,CTDSPL,0
NR3C1,RBP2,0
TEAD4,APOA4,0
RUVBL1,FXYD5,0
SMARCA4,GALM,0
SMARCA4,PWP1,0
HDAC2,DNAH14,0
MYBL2,ZNF287,0
FOSL2,MTERF3,0
TEAD4,STX8,0
HDAC2,TRIM25,0
ARID2,VPS72,0
EPAS1,SCAPER,0
NR3C1,PRC1,0
EZH2,SP4,0
SRF,ASPH,0
RFX5,ZNF107,0
CEBPD,CKS1B,0
MYC,TEAD2,0
EZH2,MTAP,0
FOSL2,PSIP1,0
BRCA1,EEF1E1,0
JUND,CIDEB,0
NR3C1,HMGCL,0
JUN,SIRT1,0
SMARCA4,PHF5A,0
TEAD4,SKA3,0
SMARCA4,SMAD3,0
NR2F2,HNF1B,0
ATF3,DCLRE1C,0
ARID2,PLAGL2,0
CEBPZ,MPHOSPH9,0
FOXA2,CREB3L3,0
RUVBL1,UTP18,0
JUN,APEH,0
ARID2,CDKN1A,0
CEBPZ,RBPJ,0
ATF3,HNRNPUL1,0
CEBPD,WDHD1,0
SRF,PIGH,0
IRF3,ALDH1A1,0
FOXA2,TMEM69,0
EZH2,LITAF,0
MAZ,ALDH1A1,0
EZH2,OAZ2,0
MAFF,HMGA2,0
CEBPD,RAB25,0
SMARCA4,EED,0
MAFF,ECT2,0
MAFF,DAB2,0
HNF4A,SPINK1,0
EZH2,MTUS1,0
EZH2,THYN1,0
ARID2,SERPINB1,0
EPAS1,RNF2,0
FOSL2,GRPR,0
ATF3,WBP11,0
ARID2,TAF11,0
CEBPZ,ZHX1,0
ARID2,NOL10,0
MYC,MED30,0
FOSL2,YBX1,0
SMARCC1,PMAIP1,0
MAFF,SP100,0
JUN,MAPK1,0
CREB1,LHX1,0
NR3C1,SNAPC1,0
TEAD4,F2RL1,0
EPAS1,PAFAH1B3,0
SRF,PAFAH1B3,0
MAFF,POLR2G,0
RFX5,NFATC2,0
EZH2,F10,0
CEBPZ,RBP2,0
ARID2,DTWD1,0
MYC,OCIAD2,0
REST,ACTC1,0
MAZ,DPPA4,0
SMARCA4,NUP54,0
RUVBL1,U2AF1,0
BRCA1,GTF2F2,0
NR2F2,SMC4,0
MAFF,ZNF91,0
NR2F2,ZNF217,0
FOXA1,TPM2,0
JUND,ITLN2,0
TEAD4,MYBBP1A,0
JUN,ADNP,0
NR3C1,LAPTM4B,0
BRCA1,TMEM177,0
HDAC2,RAB25,0
MAZ,SRSF10,0
CEBPZ,IRF9,0
EPAS1,RAB28,0
BRCA1,ADNP,0
CEBPZ,OAZ2,0
HNF4A,PAK1IP1,0
ATF3,VTN,0
ATF3,ZNF287,0
EZH2,PEMT,0
ARID2,MAP1B,0
SMARCC1,POLR3E,0
CEBPZ,ACADSB,0
SMARCA4,ZRANB2,0
FOXA1,CYP3A5,0
MYBL2,UTRN,0
BRCA1,POLR2I,0
ELF1,BCL11B,0
SMARCA4,ZNF398,0
EPAS1,CDCA7L,0
CEBPD,RNASEH2A,0
TEAD4,FGB,0
IRF3,FOXO1,0
RUVBL1,PTMA,0
SRF,E2F5,0
ARID2,ANG,0
ATF3,CDKN3,0
ATF3,CENPE,0
EZH2,SDAD1,0
ARID2,MTMR2,0
BRCA1,ZNF227,0
BRCA1,SRSF2,0
EPAS1,TCF25,0
IRF3,HMGCS2,0
HNF4A,GTF3C4,0
FOXA2,LGALS3,0
ARID2,FOXA2,0
FOSL2,NFIB,0
JUND,INMT,0
BRCA1,RSU1,0
HNF4A,PIM2,0
CEBPZ,ETV4,0
EPAS1,SUPV3L1,0
SMARCA4,DPYSL2,0
HNF4A,CREB3L2,0
JUN,ZNF239,0
SMARCA4,MRPS27,0
BRCA1,MSH2,0
SMARCA4,NUSAP1,0
IRF3,CTDSPL,0
JUN,TADA3,0
EPAS1,ANXA3,0
TEAD4,WDHD1,0
EPAS1,YARS,0
EPAS1,CCNB1,0
NR2F2,PTTG1,0
EZH2,MEST,0
HNF4A,SMC4,0
MYC,PYGL,0
BRCA1,DAB2,0
FOSL2,ACAD11,0
RUVBL1,ARG2,0
RUVBL1,RAMP1,0
SMARCC1,ZFP36,0
SRF,TRIM27,0
FOXA1,ZNF33A,0
NR3C1,ZNF227,0
JUN,TCF25,0
ATF3,CXXC1,0
FOSL2,GSTA1,0
BRCA1,ANKRD1,0
ARID2,SLC38A1,0
NR2F2,GTF2I,0
CEBPZ,NFIB,0
SMARCA4,WDR74,0
REST,GSTA2,0
CEBPZ,MAP1B,0
FOXA1,SMARCE1,0
NR3C1,ZNF74,0
CEBPZ,FOXM1,0
RUVBL1,SMAD2,0
FOSL2,MCM6,0
HDAC2,GSTA2,0
REST,SLC25A20,0
TEAD4,MCM6,0
RFX5,WFDC2,0
NR3C1,POU2F1,0
RFX5,POLR2K,0
TEAD4,NFATC2,0
SMARCA4,CENPE,0
NR3C1,ILF3,0
SMARCC1,PDZK1,0
REST,ZNF287,0
EZH2,ABT1,0
EPAS1,NUDT1,0
BRCA1,TFF1,0
REST,RNASE4,0
NR2F2,MED21,0
FOXA1,TRIP13,0
SMARCA4,SRRM1,0
EZH2,TTR,0
BRCA1,AURKA,0
RFX5,PYGL,0
SRF,HNF1B,0
TEAD4,TERF1,0
SMARCC1,FGB,0
EZH2,E2F3,0
HDAC2,ZNF160,0
ARID2,KNSTRN,0
EZH2,SERPIND1,0
IRF3,EPHX2,0
EZH2,UBE2C,0
EZH2,PRC1,0
SMARCC1,MED21,0
HDAC2,CRYZL1,0
ELF1,TPM2,0
CEBPZ,FOXP1,0
CEBPZ,HIF3A,0
CEBPZ,NR1I3,0
EPAS1,ATG4C,0
CEBPZ,NR2F2,0
EZH2,KLF3,0
CEBPZ,ZWILCH,0
MAFF,AKR1B1,0
TEAD4,FBL,0
RUVBL1,LGALS3,0
BRCA1,SLC38A2,0
CEBPZ,NDUFAF4,0
ATF3,ODF2L,0
CEBPD,HNRNPH2,0
MYC,NFATC2,0
ATF3,NIF3L1,0
SRF,ZNF202,0
RFX5,MYC,0
SMARCC1,GSTA1,0
MAFF,RHOBTB3,0
EPAS1,ANP32E,0
RFX5,ZNF354A,0
BRCA1,HP,0
ARID2,CREB3L3,0
FOXA1,SFRP1,0
HDAC2,CYP3A5,0
RUVBL1,ATP1B3,0
ELF1,SERPINB1,0
BRCA1,SAAL1,0
CEBPD,CCDC82,0
RFX5,WDR74,0
SMARCA4,IL32,0
FOSL2,REST,0
SMARCA4,ACAD11,0
EPAS1,YEATS4,0
FOXA2,SALL2,0
JUND,ZHX1,0
EPAS1,WDR5,0
REST,PRKCE,0
BRCA1,S100A16,0
FOXA1,HMGXB4,0
MYC,PIAS3,0
ATF3,MTHFD1,0
MYC,SERTAD3,0
ARID2,GNPNAT1,0
NR3C1,KNSTRN,0
TEAD4,RBBP4,0
CEBPZ,ASL,0
TEAD4,SCAPER,0
SRF,NPM1,0
HDAC2,TAF5,0
ATF3,HNF4A,0
ARID2,NUP35,0
HDAC2,CENPK,0
CEBPZ,SALL2,0
MAFF,SRRM1,0
FOXA2,GLIPR2,0
FOXA1,ZNF561,0
HNF4A,U2AF1,0
RUVBL1,C12ORF10,0
RFX5,CHEK1,0
IRF3,SERPINB1,0
CEBPZ,NUPR1,0
HDAC2,XRCC6,0
ATF3,B4GALT3,0
RUVBL1,HIST1H1E,0
TEAD4,EBNA1BP2,0
HDAC2,SOX4,0
IRF3,MUSTN1,0
ATF3,IRF3,0
EPAS1,CREB3L2,0
TEAD4,MED14,0
FOXA1,NEIL2,0
IRF3,ZNF770,0
MAZ,BST2,0
REST,NUPR1,0
EPAS1,FASTKD2,0
MYBL2,LITAF,0
ATF3,NR1H3,0
JUN,IQCB1,0
ATF3,SRRM1,0
SRF,ZFHX3,0
EPAS1,PYGL,0
FOXA1,CTSC,0
FOXA1,MELK,0
RUVBL1,ALDH1A1,0
ELF1,KDM4C,0
RUVBL1,ZNF107,0
ATF3,SUV39H2,0
ARID2,NUP88,0
SRF,BBS9,0
FOXA2,TAF5,0
CEBPZ,OCIAD2,0
ARID2,TARBP2,0
HDAC2,SP4,0
TEAD4,DDX39A,0
MAFF,SLC38A1,0
EPAS1,NONO,0
RUVBL1,ANKRD1,0
ARID2,PHB2,0
NR2F2,BCL11B,0
SRF,ALB,0
MAFF,SUB1,0
HNF4A,BLM,0
MYBL2,ELAVL2,0
CEBPZ,ICE2,0
EPAS1,UCP2,0
CEBPZ,CTBP1,0
ARID2,TAF1A,0
TEAD4,HGD,0
EZH2,ADSL,0
ARID2,PTMA,0
MYBL2,SLC7A7,0
BRCA1,KNSTRN,0
JUN,CDK5RAP1,0
SRF,FANCI,0
JUN,SMARCA5,0
CEBPZ,UQCC1,0
JUN,PLRG1,0
RFX5,ICA1,0
TEAD4,GABPB1,0
TEAD4,RUVBL2,0
NR3C1,PDGFA,0
CEBPZ,JARID2,0
ARID2,GTF2H2,0
RFX5,POLR2L,0
ATF3,ITIH4,0
IRF3,TFF1,0
IRF3,RBP2,0
ELF1,GSTA1,0
HDAC2,SF3B3,0
HNF4A,UTRN,0
ARID2,COMMD10,0
BRCA1,DGAT1,0
FOXA1,ALDH9A1,0
BRCA1,CMC1,0
SRF,TUBB6,0
EZH2,WARS,0
ARID2,GMEB1,0
CEBPD,IRF3,0
MAFF,CRAT,0
EPAS1,SAAL1,0
TEAD4,RAD51,0
MYC,PPP1R7,0
REST,SULF2,0
ATF3,XRCC6,0
CEBPZ,GLIPR2,0
MAFF,ZNF354A,0
RUVBL1,EHMT2,0
RUVBL1,ACOX2,0
FOSL2,PIAS3,0
BRCA1,G2E3,0
CEBPZ,PTTG1,0
SMARCA4,SSRP1,0
MYC,SPP1,0
RUVBL1,NCOA1,0
HNF4A,ASCC3,0
JUND,GSTA1,0
BRCA1,POLR2K,0
ARID2,THRB,0
MAFF,ZNF567,0
EPAS1,EHMT1,0
EPAS1,BCS1L,0
JUN,GATAD2B,0
ATF3,MT1X,0
CEBPZ,LAPTM4B,0
EZH2,DKC1,0
IRF3,PLA2G12B,0
EZH2,ING5,0
MAZ,TCOF1,0
SRF,CPSF3,0
ARID2,F3,0
BRCA1,NME2,0
FOSL2,POLR2L,0
ATF3,ECT2,0
ATF3,PSAT1,0
RFX5,NUP37,0
MYC,ADSL,0
JUND,MED21,0
TEAD4,LGALS1,0
MYBL2,WIPI1,0
JUN,IRF3,0
ARID2,GYG1,0
CEBPZ,ZNRD1,0
IRF3,BCL11B,0
RUVBL1,UTRN,0
RUVBL1,RNF4,0
RFX5,JMJD1C,0
SRF,POLR2L,0
ARID2,MED4,0
BRCA1,CREG1,0
SMARCA4,HIBCH,0
EPAS1,PAX6,0
RUVBL1,CKS2,0
FOSL2,IFITM3,0
ARID2,ADNP,0
REST,C12ORF45,0
ARID2,NUP37,0
MAFF,ACOT7,0
FOXA1,PCGF6,0
RFX5,DEK,0
RFX5,GATA6,0
NR2F2,SCAPER,0
CEBPZ,WDR5,0
ARID2,YAF2,0
RUVBL1,HMGN1,0
SRF,PLA2G12B,0
JUN,GATA4,0
EPAS1,E2F7,0
FOXA1,DAXX,0
TEAD4,TMEM37,0
TEAD4,CCDC82,0
EPAS1,FOSB,0
FOSL2,ITGB3BP,0
BRCA1,BCOR,0
EZH2,SFRP1,0
SRF,HPRT1,0
CEBPZ,TPD52L1,0
HDAC2,BIN1,0
ELF1,CDCA7L,0
EZH2,RNF2,0
ATF3,BCL11B,0
BRCA1,UMPS,0
MYC,CA2,0
IRF3,CENPW,0
FOXA1,WIPI1,0
FOXA1,BRCA2,0
IRF3,GEMIN2,0
CEBPZ,DAXX,0
NR3C1,EEF1A1,0
JUN,ZNF101,0
ATF3,PDGFA,0
FOXA1,POLR2B,0
ATF3,CREB3L2,0
SMARCA4,HIST1H1B,0
JUN,SLC7A7,0
JUND,NUSAP1,0
JUN,PTMA,0
NR3C1,ITGB5,0
RFX5,HMGA1,0
SMARCA4,KAT7,0
EZH2,NR1I3,0
RFX5,FOXM1,0
SMARCA4,BBS9,0
SRF,TPD52L1,0
JUN,MSH2,0
BRCA1,SRSF6,0
NR3C1,PRAP1,0
ATF3,EYA3,0
NR3C1,LEAP2,0
ATF3,POLR1E,0
IRF3,APOC1,0
RUVBL1,POLR2B,0
MYC,HAUS1,0
ARID2,PDGFA,0
FOSL2,SHMT2,0
EPAS1,CCND1,0
MYC,REST,0
EPAS1,NUP37,0
EPAS1,SULF2,0
NR2F2,TIMELESS,0
SMARCA4,ZNF232,0
JUN,SSRP1,0
ARID2,RGN,0
HNF4A,ZWINT,0
EPAS1,ZNHIT3,0
SRF,S100A16,0
MYC,KNG1,0
SRF,NUP88,0
EZH2,CDC20,0
CEBPZ,SMARCC1,0
BRCA1,BRCA2,0
SMARCA4,FXYD5,0
JUN,YBX1,0
NR2F2,FANCB,0
JUN,AMBP,0
HDAC2,RREB1,0
MAFF,C9ORF72,0
EZH2,LGALS2,0
NR3C1,TBRG4,0
HNF4A,MED14,0
REST,PUS7L,0
RUVBL1,CDCA7L,0
REST,LGALS3,0
IRF3,DCLRE1C,0
JUN,ZNF202,0
ARID2,PMAIP1,0
CEBPZ,TCF7L1,0
MYC,IL6ST,0
MYC,TF,0
ATF3,RAB25,0
HDAC2,NCOA1,0
ATF3,ZNF561,0
CEBPD,SLC7A7,0
ARID2,ANAPC7,0
ATF3,UBE2T,0
HDAC2,PSIP1,0
SRF,PLIN2,0
FOXA1,LAMB2,0
TEAD4,ACADVL,0
JUN,GSTA1,0
EZH2,THRB,0
SMARCA4,CDKN1A,0
IRF3,BTF3,0
RFX5,ETS1,0
ATF3,JMJD1C,0
CEBPZ,MAFF,0
RFX5,IL6ST,0
REST,SOX4,0
EPAS1,CXXC1,0
EZH2,LAMB2,0
JUN,NUPR1,0
MYC,LITAF,0
RUVBL1,JUN,0
RUVBL1,ACTL6A,0
JUN,HMGXB4,0
BRCA1,AIMP2,0
SRF,DUT,0
MAFF,KIF22,0
EZH2,MTERF3,0
BRCA1,THRB,0
RFX5,PITX1,0
IRF3,ALB,0
SMARCA4,CRABP2,0
BRCA1,DEPDC7,0
MAFF,RFC1,0
MAZ,MED21,0
MAFF,CDKN1A,0
SMARCC1,PBX1,0
RFX5,TAF7,0
ARID2,CPSF3,0
ELF1,CKS1B,0
FOXA2,ADSL,0
REST,TPD52L1,0
CEBPZ,DUT,0
MAFF,ASPH,0
EZH2,ATG5,0
JUN,KIFAP3,0
REST,NFATC2,0
IRF3,DEPDC7,0
ARID2,FBL,0
EPAS1,POLR3D,0
FOXA1,LRR1,0
HDAC2,JAZF1,0
JUN,MAP1B,0
RFX5,ANAPC7,0
NR3C1,AIMP2,0
SRF,TOP2B,0
SMARCA4,TTC39C,0
REST,AGTRAP,0
SMARCA4,CTBP1,0
BRCA1,POU2F1,0
MAFF,HIST1H1B,0
NR3C1,TEX10,0
JUN,DECR1,0
HDAC2,GMPS,0
CEBPD,GSTA2,0
ATF3,POLR1C,0
CEBPZ,CKAP2,0
SMARCA4,SLC7A7,0
EPAS1,NUDT15,0
EPAS1,CHAF1A,0
REST,LITAF,0
EZH2,TRIM25,0
BRCA1,ANG,0
CEBPZ,TFE3,0
CEBPD,ZNF91,0
TEAD4,YAF2,0
CEBPZ,ATIC,0
EZH2,PUS7L,0
CEBPD,HAT1,0
RFX5,PAX6,0
NR3C1,ZNF33A,0
JUN,TM4SF4,0
FOXA1,ARL6IP6,0
CREB1,ALDH1A1,0
BRCA1,ARID2,0
FOXA1,SRSF1,0
IRF3,GATM,0
REST,ZNF217,0
SMARCA4,TSFM,0
HNF4A,TAF6,0
EPAS1,RGN,0
CEBPD,CA2,0
ATF3,COQ3,0
NR2F2,MAP1B,0
TEAD4,SALL2,0
TEAD4,TEAD2,0
MYC,HNRNPH2,0
EZH2,CIDEB,0
FOXA1,RAD51C,0
SRF,PREB,0
BRCA1,SSB,0
SRF,RNF2,0
HDAC2,CHAF1A,0
MYC,KAT7,0
ATF3,POLR2B,0
EPAS1,ZNF644,0
FOXA1,RFX6,0
IRF3,KLF3,0
ELF1,USP44,0
EPAS1,AMZ2,0
EZH2,TRIM27,0
IRF3,ZNF232,0
JUN,TFDP2,0
REST,RAD51C,0
CEBPZ,PARPBP,0
MYBL2,UCHL1,0
RFX5,MGST2,0
HDAC2,EWSR1,0
IRF3,THAP11,0
CEBPD,NEK2,0
RUVBL1,ZNF33A,0
SMARCA4,WDYHV1,0
ELF1,CBR1,0
SMARCC1,GSTA2,0
RUVBL1,ISY1,0
MAZ,SCD5,0
CEBPZ,AURKB,0
EZH2,CNBP,0
JUN,FOXO1,0
TEAD4,MAZ,0
TEAD4,ISG15,0
NR2F2,KDM4C,0
SRF,ANAPC7,0
ELF1,APOA4,0
RFX5,C3ORF14,0
MAZ,ARSE,0
NR3C1,CENPW,0
RUVBL1,GTF2H2,0
JUN,PPIL1,0
ATF3,BSCL2,0
ARID2,DNMT3B,0
MYBL2,XBP1,0
NR3C1,EPAS1,0
IRF3,HSD17B11,0
TEAD4,MTUS1,0
FOXA1,PPARA,0
IRF3,USP44,0
FOSL2,ID3,0
RUVBL1,E2F7,0
EZH2,FOXA1,0
CEBPD,PHF5A,0
CEBPZ,TRIM28,0
RFX5,ZRANB2,0
BRCA1,ID2,0
MAFF,RARG,0
EZH2,PPFIBP2,0
RUVBL1,CYP3A5,0
NR2F2,USP44,0
EZH2,ZNF354A,0
IRF3,RFC2,0
IRF3,TF,0
IRF3,BRIP1,0
MAZ,CTPS1,0
EPAS1,DTWD1,0
MYC,SRSF6,0
NR3C1,BIN1,0
CEBPZ,HIPK2,0
BRCA1,CHEK1,0
SMARCA4,KNSTRN,0
JUN,LRR1,0
IRF3,SMAD5,0
SRF,JUND,0
FOSL2,MYCBP,0
BRCA1,EGR1,0
HDAC2,PDLIM7,0
CEBPD,FAM13A,0
SRF,ALG6,0
EZH2,BCOR,0
JUN,TIPIN,0
JUN,FAM114A1,0
JUN,LITAF,0
BRCA1,PEMT,0
ATF3,CNTRL,0
IRF3,PAK1IP1,0
CEBPZ,DPPA4,0
TEAD4,LIN28A,0
ELF1,BMPR1A,0
NR3C1,P4HA2,0
RUVBL1,PDZK1,0
RFX5,MCM6,0
FOXA1,CIDEB,0
CEBPD,FOXM1,0
MAZ,POLR3E,0
FOXA1,TAF6,0
NR2F2,KLF5,0
ATF3,E2F4,0
EPAS1,TF,0
SRF,FASTKD2,0
FOSL2,RFX5,0
RFX5,ADNP,0
CREB1,TMEM37,0
REST,TFF1,0
ATF3,TF,0
SMARCA4,HMGN1,0
MAFF,PAFAH1B3,0
IRF3,ZNF239,0
SMARCA4,COPS2,0
SMARCA4,DDX20,0
HDAC2,FGB,0
ELF1,ACOX2,0
MAFF,BMP2,0
JUN,ZHX1,0
MAFF,CTPS1,0
TEAD4,RNF2,0
EZH2,MIS18BP1,0
ATF3,POLR2I,0
MAZ,KIF23,0
RFX5,CMC1,0
FOXA1,ZFYVE21,0
RFX5,EFNA1,0
FOSL2,HIF3A,0
RUVBL1,GGCT,0
ATF3,TDP2,0
ATF3,TIPIN,0
CEBPZ,ANAPC7,0
JUND,CDC20,0
CEBPZ,RAMP1,0
EPAS1,ARG2,0
FOSL2,KDELR3,0
ARID2,SPTLC3,0
TEAD4,CYP3A5,0
SMARCA4,MYBBP1A,0
REST,FBL,0
JUN,ZNF638,0
BRCA1,INMT,0
MYC,AHSG,0
FOXA2,ZFAND2A,0
EPAS1,CRYZL1,0
TEAD4,AATF,0
JUN,POLR1E,0
ATF3,MAP1B,0
FOSL2,NR5A2,0
MYC,ARL6IP6,0
CEBPZ,POLR2I,0
EPAS1,POLB,0
ARID2,SEC11C,0
CEBPZ,ARL6IP6,0
MAFF,IFITM3,0
RUVBL1,EHMT1,0
EPAS1,DPH6,0
FOSL2,UGT2B11,0
RUVBL1,FUCA1,0
BRCA1,IFITM2,0
MYBL2,PLIN2,0
SRF,PSAT1,0
EZH2,CDKN3,0
EPAS1,ICE2,0
CEBPD,HINFP,0
JUND,TDGF1,0
MYC,SOX2,0
RFX5,BSCL2,0
JUND,E2F8,0
FOXA2,PPARA,0
SMARCA4,GRHL1,0
HNF4A,IQCB1,0
RUVBL1,CTDSPL,0
SMARCA4,CDCA7L,0
REST,CCNB1,0
HNF4A,ORC4,0
RFX5,NUP93,0
TEAD4,RAI14,0
MYBL2,HMGA2,0
SRF,MLF1,0
NR3C1,HCFC1,0
SMARCA4,SERPINB1,0
JUND,GLIPR2,0
REST,SPP1,0
CEBPZ,PREB,0
CEBPD,MCM4,0
FOXA1,CSRP2,0
BRCA1,SUPV3L1,0
MYBL2,RNF138,0
RUVBL1,FGA,0
EZH2,CACYBP,0
ELF1,TMEM177,0
TEAD4,IRF1,0
MAFF,PIGH,0
SRF,RAB34,0
ARID2,CCDC82,0
REST,ELF1,0
NR3C1,MCM3,0
ATF3,FHL2,0
MAFF,FANCD2,0
MYC,DDIT4,0
BRCA1,CYP3A5,0
SMARCC1,ALB,0
MAZ,GATM,0
MAZ,PLA2G12B,0
HNF4A,PA2G4,0
NR3C1,AKR1D1,0
RUVBL1,SKIL,0
NR3C1,ZFP42,0
IRF3,PEF1,0
JUND,CBR1,0
FOXA2,MRPS27,0
TEAD4,FANCD2,0
CEBPZ,MORN2,0
TEAD4,TAF9B,0
EPAS1,LEAP2,0
MYC,SULT1A2,0
IRF3,GMPS,0
BRCA1,DDAH1,0
SMARCA4,CDKN3,0
ELF1,KPNA2,0
FOXA2,ZNF581,0
NR2F2,DDX54,0
SMARCA4,E2F3,0
ATF3,MTFP1,0
NR3C1,SSB,0
EPAS1,MCM5,0
HDAC2,CENPW,0
TEAD4,RFC4,0
CEBPD,BMP2,0
BRCA1,BMPR1A,0
TEAD4,ANPEP,0
RUVBL1,BPHL,0
EZH2,MUSTN1,0
NR3C1,DCLRE1C,0
CEBPZ,POLR2B,0
BRCA1,PDLIM7,0
SMARCA4,GPN3,0
BRCA1,POLR1B,0
SRF,DNPEP,0
IRF3,BBS9,0
BRCA1,CDK5RAP1,0
BRCA1,GLIPR2,0
ARID2,ZNF160,0
IRF3,F10,0
HNF4A,NUP93,0
TEAD4,CHEK2,0
FOXA1,MTMR2,0
ATF3,DROSHA,0
EZH2,HAT1,0
RFX5,GMPS,0
MYC,ODF2L,0
CEBPZ,NR1H3,0
RUVBL1,BDP1,0
SMARCA4,NUP88,0
JUND,UCP2,0
HDAC2,KNTC1,0
SRF,MRPS27,0
IRF3,CACYBP,0
EZH2,TTF2,0
RUVBL1,MLF1,0
RUVBL1,EPHX2,0
FOXA2,DKC1,0
JUN,SMAD2,0
ARID2,SRSF10,0
NR3C1,PDGFRA,0
RUVBL1,BST2,0
ARID2,DPPA4,0
CEBPZ,RFX6,0
FOSL2,HIPK2,0
ARID2,TRIM27,0
NR3C1,POLR2G,0
EPAS1,GTF2H2,0
IRF3,TCEA1,0
EPAS1,TMEM120A,0
SMARCA4,WFDC2,0
NR3C1,POLR2F,0
EPAS1,CTPS1,0
TEAD4,CCNB2,0
JUN,MIS18BP1,0
FOSL2,CSRP2,0
MYC,CTBP1,0
FOXA1,KDELR3,0
ATF3,BMP2,0
NR3C1,GLI1,0
EPAS1,SUB1,0
RFX5,GPN3,0
MAFF,APOC3,0
EZH2,CMC1,0
MYBL2,C3ORF14,0
MYBL2,RNF2,0
ARID2,SIRT2,0
ARID2,E2F5,0
NR2F2,ZNF675,0
SRF,WBP11,0
MYC,RBBP7,0
CEBPD,PCGF6,0
NR3C1,CACYBP,0
SRF,AEBP2,0
FOXA1,JAG1,0
EZH2,ZNF143,0
IRF3,THYN1,0
ELF1,ICA1,0
SMARCA4,CSDE1,0
MAZ,RFC4,0
HDAC2,TOPORS,0
FOXA1,EHMT2,0
BRCA1,TFRC,0
ARID2,FANCL,0
EPAS1,C3ORF14,0
BRCA1,NUP85,0
MAZ,UBE2T,0
TEAD4,BIN1,0
CEBPD,UTRN,0
JUN,MTAP,0
ARID2,DUT,0
ARID2,SULF2,0
BRCA1,XRCC5,0
CEBPZ,TIPIN,0
SRF,SDAD1,0
IRF3,PBX1,0
CEBPD,NFIB,0
MAFF,RRM2,0
TEAD4,SMARCE1,0
HNF4A,NDUFAF4,0
RUVBL1,NR2F6,0
EZH2,SPINK1,0
ARID2,MEP1A,0
NR2F2,TAF9B,0
FOSL2,LGALS1,0
EPAS1,CEBPZ,0
FOSL2,MYCN,0
FOXA1,PAWR,0
JUN,SALL4,0
SMARCA4,CUEDC2,0
EZH2,HTATSF1,0
JUN,NT5DC2,0
RFX5,TBL1X,0
JUN,MAZ,0
IRF3,SP4,0
MYC,KLF6,0
ARID2,ACY1,0
FOXA2,EBNA1BP2,0
CEBPZ,YARS,0
MYC,GMEB1,0
ARID2,PRC1,0
JUN,HIF1AN,0
RUVBL1,AATF,0
RFX5,DNMT3B,0
ATF3,KIF23,0
FOSL2,ATP1B3,0
EPAS1,GTF2H3,0
CEBPZ,GLI1,0
TEAD4,PDZK1,0
TEAD4,IFITM1,0
IRF3,MCM2,0
FOXA1,HIF3A,0
FOXA2,MTTP,0
RFX5,DPAGT1,0
RFX5,POLR2D,0
ARID2,HNRNPH2,0
JUN,ORC2,0
HNF4A,PEMT,0
SMARCA4,DDC,0
CEBPD,CPSF3,0
EZH2,BUB1B,0
MAFF,RNF138,0
IRF3,ITLN2,0
NR3C1,ACAA1,0
SMARCA4,TPX2,0
ATF3,FANCB,0
ELF1,MMS19,0
MAFF,FOXO1,0
NR3C1,CBR1,0
NR3C1,ARG2,0
IRF3,DRAP1,0
SMARCA4,SLC35D2,0
HNF4A,HIST1H1B,0
EZH2,TRIP13,0
RFX5,PCGF6,0
TEAD4,RFX6,0
RUVBL1,PIM2,0
JUN,SERTAD3,0
SMARCA4,EGR1,0
ATF3,POLB,0
RUVBL1,DPYSL2,0
SMARCA4,UMPS,0
MYBL2,DNMT3B,0
IRF3,SUPV3L1,0
MYC,ZNF91,0
NR3C1,ATP1B3,0
RFX5,SP100,0
FOSL2,TEAD4,0
MYC,GNRH2,0
SRF,TPX2,0
RFX5,CHEK2,0
CEBPZ,CXXC1,0
HDAC2,SRSF6,0
CEBPZ,AGT,0
JUND,TPM2,0
BRCA1,DKC1,0
NR3C1,NEK2,0
REST,MCM6,0
ATF3,TARDBP,0
HDAC2,GLI1,0
TEAD4,FOXO1,0
JUN,AIMP2,0
EZH2,IQGAP2,0
HDAC2,GNPNAT1,0
HNF4A,DUT,0
SRF,OAZ2,0
ATF3,HIST1H1C,0
HNF4A,RNASEH2A,0
IRF3,DSN1,0
NR3C1,ZNF287,0
HNF4A,POLR2L,0
MAFF,KDELR3,0
ARID2,FHL2,0
IRF3,HMGCL,0
BRCA1,NONO,0
ARID2,TMEM120A,0
IRF3,RBBP7,0
CEBPZ,POP5,0
BRCA1,C1GALT1,0
ATF3,RNF138,0
ATF3,JUND,0
MYBL2,LHX1,0
REST,TIMELESS,0
RUVBL1,EFNA1,0
RUVBL1,EYA3,0
SRF,MT1X,0
MAZ,CYP3A5,0
NR3C1,NDUFAF4,0
ATF3,AGT,0
FOXA1,DROSHA,0
HNF4A,PAFAH1B3,0
MAFF,DCAF13,0
TEAD4,BLM,0
BRCA1,IL32,0
CEBPZ,DNMT3B,0
HNF4A,SCAPER,0
FOXA1,PRC1,0
ATF3,ATL2,0
SMARCC1,CA2,0
RUVBL1,MTTP,0
RFX5,DEDD,0
SRF,NAA15,0
HNF4A,KIF22,0
SRF,SULT1A2,0
ARID2,ECT2,0
ELF1,GYG1,0
CEBPZ,ICA1,0
MAFF,DDIT4,0
TEAD4,CRABP2,0
SMARCA4,BLVRA,0
MAZ,EOMES,0
ATF3,MATR3,0
NR3C1,ILF2,0
TEAD4,EHMT1,0
IRF3,PLIN2,0
HDAC2,ERCC8,0
MYC,PPFIBP2,0
RFX5,TADA3,0
FOXA2,HIF3A,0
IRF3,FBL,0
FOSL2,TCOF1,0
EZH2,SIL1,0
RUVBL1,FOSB,0
EPAS1,PTTG1,0
EPAS1,PRMT5,0
FOSL2,IRF3,0
IRF3,HNRNPH2,0
EPAS1,PSMG1,0
HNF4A,CNBP,0
IRF3,UBE2T,0
NR2F2,SFRP1,0
ARID2,NOP16,0
FOXA1,GTF2F2,0
BRCA1,ECD,0
RUVBL1,SUB1,0
NR2F2,ETS1,0
CREB1,JAZF1,0
FOSL2,MTHFD1,0
HNF4A,UCP2,0
ATF3,DDIT4,0
NR3C1,RNF4,0
FOXA2,TAF6,0
NR3C1,TARDBP,0
MYBL2,ZNF239,0
HDAC2,SMARCE1,0
BRCA1,LDB2,0
NR2F2,CNTRL,0
IRF3,ATG4C,0
ATF3,SSRP1,0
FOSL2,DNAH14,0
SMARCA4,ZNF644,0
EPAS1,TRIM28,0
ATF3,HNRNPAB,0
EPAS1,NUP54,0
HDAC2,CRABP2,0
ARID2,QPCT,0
SRF,CDK4,0
RUVBL1,ALG6,0
RUVBL1,CENPN,0
MAFF,YAF2,0
NR3C1,C11ORF1,0
JUND,SEC14L2,0
SRF,DPCD,0
NR2F2,SCD5,0
SMARCA4,ALDH1A1,0
EZH2,IFITM2,0
JUN,ATL2,0
CEBPZ,AMZ2,0
MAZ,RSU1,0
HNF4A,ANAPC7,0
SRF,NCOA1,0
FOXA2,IL32,0
JUN,TCOF1,0
RUVBL1,WDR12,0
NR3C1,ISY1,0
MAZ,ZNHIT3,0
ATF3,ANXA4,0
CEBPZ,ZFP42,0
ATF3,PRAP1,0
RUVBL1,ZHX1,0
ELF1,LMO7,0
EPAS1,VPS72,0
CEBPD,HCFC1,0
RUVBL1,F2,0
IRF3,NVL,0
TEAD4,PCNA,0
FOXA2,GSTA2,0
EPAS1,VTN,0
REST,POLR1D,0
NR3C1,CUTC,0
RUVBL1,MMS22L,0
MAFF,SH3BGRL,0
ARID2,CENPE,0
TEAD4,HPRT1,0
ATF3,ACTL6A,0
RFX5,ZFP42,0
ATF3,AURKA,0
SRF,DSN1,0
JUN,CUEDC2,0
NR3C1,PSIP1,0
MAZ,PARP1,0
JUN,LAMB2,0
MYBL2,ITLN2,0
SRF,ACTC1,0
ARID2,FGB,0
BRCA1,ACAD11,0
NR2F2,C9ORF72,0
MYC,CREB3L2,0
BRCA1,ZNF397,0
BRCA1,ZNF202,0
EPAS1,SOX2,0
NR2F2,IFITM2,0
IRF3,GABPB1,0
MAZ,ISG15,0
CEBPD,CENPE,0
CEBPD,BMPR1A,0
BRCA1,MED21,0
SMARCA4,APOC2,0
CEBPD,TRIM59,0
REST,MAP1B,0
BRCA1,AMBP,0
NR2F2,DPPA4,0
HNF4A,DLGAP5,0
HDAC2,KLF6,0
RUVBL1,MAPK1,0
ATF3,SRSF6,0
IRF3,DGAT1,0
HDAC2,TMEM150C,0
CEBPZ,HPX,0
CEBPZ,TK1,0
NR3C1,ITGB3BP,0
CEBPD,NPRL2,0
BRCA1,TNNI3,0
TEAD4,RRM1,0
IRF3,PA2G4,0
CEBPD,CTDSPL,0
MAFF,JARID2,0
ATF3,RAB28,0
BRCA1,MELK,0
MYBL2,CTBP1,0
EZH2,DSN1,0
EPAS1,MELK,0
RUVBL1,WARS,0
IRF3,DNMT3B,0
IRF3,PLK1,0
FOXA1,C9ORF72,0
TEAD4,MLF1,0
ATF3,CYP3A5,0
FOXA1,GMNN,0
RUVBL1,SEC11C,0
EPAS1,TNNI3,0
EPAS1,ILF2,0
RUVBL1,TMEM37,0
FOSL2,ERCC8,0
EPAS1,SSB,0
ARID2,PARP1,0
FOSL2,HMGCS2,0
JUND,TIMELESS,0
NR3C1,GMPS,0
ARID2,TAF5,0
FOXA1,HCFC1,0
BRCA1,NUP93,0
JUN,CRAT,0
EZH2,ESPL1,0
ATF3,ZBTB3,0
EZH2,GTF2H2,0
NR2F2,XBP1,0
RUVBL1,CENPE,0
SMARCA4,KLF3,0
EZH2,GMNN,0
MYBL2,NCOA1,0
MAFF,SMOX,0
RFX5,HDAC2,0
CEBPZ,ZBTB24,0
BRCA1,HIST1H1E,0
MYC,C11ORF74,0
IRF3,BPTF,0
CEBPD,HMGXB4,0
BRCA1,ZFAND2A,0
FOXA1,PSMG1,0
CEBPZ,CTSC,0
SRF,SUV39H2,0
SMARCC1,TCOF1,0
ATF3,ACAA1,0
SMARCA4,ZBTB3,0
TEAD4,HMGA1,0
ARID2,UBL7,0
MAFF,FOXP1,0
NR3C1,MRPL1,0
ELF1,ZNF239,0
REST,PARP1,0
NR3C1,RSU1,0
ARID2,ORC4,0
NR3C1,DDX20,0
IRF3,CREG1,0
JUN,CTPS1,0
SMARCC1,ZNF227,0
NR3C1,PAFAH1B3,0
SRF,NPRL2,0
SMARCA4,JARID2,0
SRF,SRSF1,0
ELF1,PDGFRA,0
EPAS1,MTAP,0
MAFF,ANAPC7,0
FOSL2,SPINK1,0
IRF3,PMAIP1,0
MAZ,ELL2,0
ELF1,EWSR1,0
CEBPZ,HIST1H1E,0
SMARCA4,ALDH9A1,0
CEBPD,MCM6,0
ATF3,TRIP13,0
MYBL2,WDR54,0
ARID2,POLR2I,0
TEAD4,PPARA,0
HNF4A,FLRT3,0
NR2F2,NT5DC2,0
RUVBL1,RAD54B,0
RUVBL1,NR1H3,0
EZH2,HPRT1,0
JUND,RBBP7,0
MAFF,TAF9B,0
FOXA1,EOMES,0
ARID2,ERBB4,0
SMARCA4,PARPBP,0
EZH2,ATIC,0
NR3C1,ZNF354A,0
EZH2,GRHL1,0
BRCA1,FANCI,0
NR3C1,DPYSL2,0
TEAD4,AMZ2,0
NR3C1,CDX2,0
SRF,ANXA4,0
HNF4A,MAPK1,0
RFX5,HTATSF1,0
BRCA1,CIDEB,0
MAZ,ZNF74,0
EPAS1,CDC20,0
MAFF,CCNB1,0
NR3C1,AHSG,0
ARID2,RBPJ,0
ARID2,JUN,0
MYC,TCF3,0
NR3C1,PRKCE,0
NR3C1,TTF2,0
IRF3,ILF2,0
RUVBL1,GMEB1,0
BRCA1,ZNF644,0
CEBPD,ELF1,0
CEBPZ,HNRNPH2,0
JUN,SULT1A2,0
ARID2,ETV4,0
EPAS1,HDAC1,0
NR3C1,RARG,0
HNF4A,WIPI1,0
ARID2,RHOBTB3,0
MYC,FLRT3,0
BRCA1,FMO5,0
HNF4A,CKS2,0
MAFF,ANLN,0
BRCA1,ZNF670,0
ARID2,GMPS,0
CEBPZ,ACY1,0
IRF3,AASS,0
EPAS1,TPD52L1,0
EZH2,BCL11B,0
CEBPD,NVL,0
ARID2,AHR,0
ATF3,THRB,0
ELF1,IFITM3,0
IRF3,SH3BGRL,0
CEBPZ,PEMT,0
JUN,KLF3,0
SRF,SMC4,0
JUND,TRERF1,0
HNF4A,LAMC1,0
FOXA1,RNF2,0
MYBL2,SOX4,0
CEBPZ,B4GALT3,0
ARID2,SLC7A6,0
NR3C1,EHMT1,0
CEBPZ,TRIP13,0
RUVBL1,CEBPA,0
FOSL2,CHAF1A,0
ATF3,FOXO1,0
JUND,SPP1,0
ARID2,YBX1,0
TEAD4,DOT1L,0
CEBPD,MEST,0
ARID2,VEZF1,0
MAZ,JAZF1,0
MAZ,PUS7L,0
RUVBL1,SERPIND1,0
ARID2,SALL4,0
SMARCC1,SOX2,0
SRF,ZNF217,0
IRF3,ANPEP,0
JUN,ANAPC4,0
BRCA1,TBPL1,0
RFX5,GSTA2,0
MYC,TIMELESS,0
CEBPD,RFC1,0
ELF1,HPRT1,0
FOXA2,PAWR,0
JUN,ANP32E,0
NR3C1,PSMG1,0
MAZ,POU5F1,0
MYC,GALK1,0
MAZ,UTRN,0
TEAD4,ABT1,0
MYBL2,OCIAD2,0
CEBPZ,LGALS3,0
ATF3,UBE2C,0
SMARCA4,DNPEP,0
CREB1,GLIS3,0
BRCA1,ATIC,0
MYBL2,DERA,0
IRF3,TAF1B,0
RUVBL1,SRF,0
JUN,TDGF1,0
NR3C1,HERPUD1,0
ATF3,LGALS3,0
ARID2,TRIP13,0
MAZ,ZNF644,0
CEBPZ,CENPU,0
IRF3,GMEB1,0
EPAS1,CENPE,0
JUN,NUP35,0
NR3C1,EFTUD2,0
MYC,IRF1,0
MYC,ETS1,0
EPAS1,DAB2,0
ELF1,ITGB3BP,0
RUVBL1,KPNA2,0
IRF3,WDHD1,0
EPAS1,TFE3,0
ARID2,UMPS,0
EPAS1,WDHD1,0
ATF3,SH3BGRL,0
BRCA1,TRIM59,0
ATF3,CMC1,0
HNF4A,MYCBP,0
SMARCC1,PPARA,0
ARID2,ZWILCH,0
MAZ,NFIB,0
BRCA1,GRHL1,0
EZH2,SMARCC1,0
ARID2,OAZ2,0
EPAS1,DDB2,0
CEBPZ,ZRANB2,0
IRF3,RAI14,0
MAFF,ZFP36,0
TEAD4,C1GALT1,0
CREB1,MYCBP,0
IRF3,HPRT1,0
ARID2,TFDP1,0
MAZ,TRERF1,0
FOXA1,KLF3,0
FOXA1,BSCL2,0
RUVBL1,MTF2,0
MAFF,PDGFRA,0
RFX5,HCFC1,0
HNF4A,COPS5,0
MAFF,XPO5,0
RUVBL1,STAT2,0
MAFF,ZNF146,0
CEBPZ,LAMB1,0
CEBPZ,ANLN,0
ATF3,POLR3D,0
SMARCA4,SIL1,0
TEAD4,ATF3,0
MAFF,DERA,0
JUN,BRCA2,0
IRF3,PHGDH,0
MYBL2,POLR1D,0
SMARCA4,RAI14,0
CEBPZ,SPP1,0
NR2F2,UTRN,0
HNF4A,ZNF581,0
CEBPZ,SMAD3,0
TEAD4,CCS,0
CEBPZ,RREB1,0
SMARCA4,MTTP,0
RFX5,ARID3B,0
RFX5,AXL,0
HNF4A,ADSL,0
TEAD4,ZNF670,0
IRF3,ARG2,0
RFX5,SGK1,0
JUND,SRSF10,0
ARID2,HDAC1,0
EPAS1,ZNF766,0
HDAC2,PLIN2,0
CEBPZ,BUB1,0
EZH2,BPHL,0
SMARCA4,OCIAD2,0
CEBPD,DDX39A,0
SRF,HIBCH,0
EZH2,XPO5,0
ARID2,APOA1,0
HDAC2,NONO,0
BRCA1,DAXX,0
NR3C1,TSFM,0
BRCA1,AURKB,0
SRF,EPAS1,0
ATF3,MELK,0
JUN,DNAJC2,0
ATF3,SCD5,0
NR2F2,SALL4,0
BRCA1,CCNB2,0
ATF3,ZFYVE21,0
CEBPZ,CPSF3,0
NR3C1,MYC,0
NR3C1,CSRP2,0
REST,CENPW,0
IRF3,MTERF3,0
FOSL2,PAX6,0
JUN,C11ORF1,0
ELF1,RAB25,0
ATF3,RAI14,0
MAZ,AHSG,0
FOXA2,GTF2F2,0
CEBPZ,PBX1,0
NR3C1,S100A6,0
NR3C1,CEBPD,0
ARID2,DPYSL2,0
JUN,WDHD1,0
TEAD4,F3,0
NR3C1,CREB3L2,0
MYBL2,TFDP1,0
EZH2,MORN2,0
RUVBL1,GMNN,0
MYC,DPPA4,0
HDAC2,FMO5,0
FOXA2,ZBTB24,0
HNF4A,CENPW,0
CEBPZ,PRC1,0
EPAS1,MSH2,0
ATF3,SIL1,0
SMARCC1,C3ORF14,0
MYC,HGD,0
CEBPZ,EWSR1,0
SMARCA4,PAX6,0
BRCA1,SH3BGRL,0
CEBPZ,SHMT2,0
RFX5,FOSL2,0
ELF1,GRHL1,0
SRF,HAT1,0
CEBPD,GTF2E1,0
IRF3,RBP4,0
EZH2,AASS,0
BRCA1,UCHL1,0
CEBPZ,TIMELESS,0
NR3C1,MRPS27,0
TEAD4,ODF2L,0
IRF3,FGB,0
RFX5,TEX10,0
HNF4A,SMAD2,0
BRCA1,PTTG1,0
SMARCA4,ZNF146,0
MAFF,MAP1B,0
ARID2,COPS2,0
NR3C1,PREB,0
CEBPD,PIGH,0
EZH2,MLF1,0
ATF3,RNF2,0
NR3C1,ZNF644,0
ATF3,MYCN,0
SMARCA4,HPN,0
SRF,APOC3,0
HDAC2,SUB1,0
TEAD4,TFDP2,0
ATF3,MEST,0
SRF,TTR,0
NR3C1,NFYB,0
EZH2,CA2,0
TEAD4,ELF1,0
ELF1,DDC,0
NR3C1,CCS,0
JUN,C19ORF48,0
SRF,HIST1H1C,0
TEAD4,ACOT7,0
RFX5,ERCC8,0
RFX5,OCIAD2,0
CEBPZ,MLXIPL,0
SMARCC1,FLRT3,0
NR3C1,LAMC1,0
FOXA2,CNTRL,0
HNF4A,IL6ST,0
MYC,CEP70,0
SMARCC1,HIF1AN,0
ARID2,TPM2,0
NR3C1,KIF20B,0
EZH2,SLC7A6,0
EPAS1,BUB1,0
MYC,SALL4,0
EPAS1,RAD51AP1,0
NR2F2,HDAC2,0
CEBPZ,LCMT1,0
HDAC2,BPHL,0
RUVBL1,DLGAP5,0
ELF1,TBX3,0
JUN,COPS2,0
MAFF,SOX2,0
ARID2,ZDHHC4,0
RFX5,SFRP1,0
RFX5,MAP1B,0
SMARCA4,FANCI,0
EPAS1,RFC1,0
RUVBL1,ORC4,0
MYC,PSIP1,0
IRF3,TCF19,0
BRCA1,UBL7,0
EZH2,RNF138,0
BRCA1,TK1,0
CREB1,TMEM150C,0
ATF3,ORC2,0
RUVBL1,GLI1,0
MYC,CKS1B,0
FOXA2,RAMP1,0
NR3C1,AGT,0
BRCA1,FOXM1,0
CEBPZ,SSB,0
MYC,RFX5,0
SMARCA4,GATA4,0
IRF3,TAF7,0
EZH2,PREB,0
EPAS1,PLIN2,0
CEBPZ,TGIF2,0
REST,CKS1B,0
NR2F2,MCM5,0
SMARCA4,DEPDC7,0
RUVBL1,XRCC5,0
MAZ,MCM5,0
IRF3,ZNF202,0
ELF1,LGALS3,0
HDAC2,LAMB1,0
RUVBL1,NPM1,0
RFX5,ZNF398,0
RFX5,PDLIM7,0
EPAS1,TGIF2,0
SMARCA4,ARL6IP6,0
CEBPD,BRCA2,0
RUVBL1,RGN,0
MYC,ING1,0
IRF3,CKAP2,0
CEBPZ,CREB1,0
SMARCA4,SULT1A2,0
CEBPD,WARS,0
EPAS1,NEDD1,0
NR2F2,ZNF160,0
REST,CREB3L4,0
RUVBL1,NUP54,0
RUVBL1,SUPV3L1,0
CEBPZ,PMAIP1,0
ELF1,FXYD5,0
TEAD4,ZNF354A,0
JUN,DDAH1,0
FOXA2,KDM4C,0
ARID2,SMAD2,0
MYBL2,PIM2,0
EPAS1,ZNF397,0
FOSL2,RAD51AP1,0
NR3C1,TMEM69,0
JUN,CAPG,0
MYC,PDGFRA,0
RUVBL1,ZNF398,0
ARID2,CETN3,0
CEBPD,MED21,0
RFX5,DDC,0
RUVBL1,ZNF232,0
BRCA1,DTWD1,0
NR3C1,UGP2,0
IRF3,ISY1,0
ARID2,PWP1,0
CEBPZ,ITLN2,0
RFX5,THRB,0
FOXA2,ISG15,0
RUVBL1,APOB,0
REST,NODAL,0
MYBL2,HMGCS2,0
HNF4A,TRERF1,0
NR3C1,SDAD1,0
JUN,RAD51,0
TEAD4,VPS72,0
HDAC2,PMAIP1,0
IRF3,DDC,0
HNF4A,GTF3C5,0
ELF1,S100A16,0
RFX5,FAM13A,0
FOXA1,ANAPC7,0
IRF3,C12ORF10,0
ATF3,HDGF,0
ATF3,CCDC82,0
FOSL2,BPHL,0
CEBPZ,LIN28A,0
RUVBL1,BCOR,0
EZH2,RAB25,0
RFX5,LGALS1,0
EZH2,ORC4,0
ARID2,HMMR,0
MAZ,LIN28A,0
RUVBL1,ISG15,0
NR3C1,ZNF589,0
JUN,WFDC2,0
EZH2,KPNA2,0
EPAS1,LRR1,0
MYBL2,JAZF1,0
MYBL2,SIRT2,0
ATF3,ZNHIT3,0
FOXA1,KDM4C,0
ARID2,IMP4,0
SMARCA4,DGAT1,0
HDAC2,ZNF766,0
TEAD4,FOSL2,0
REST,CDK1,0
MAFF,PPT1,0
REST,AKR1D1,0
TEAD4,HMGCL,0
CEBPZ,ACOX2,0
NR2F2,CTSE,0
JUN,MEST,0
NR2F2,USP7,0
FOXA1,SALL4,0
EZH2,THOC1,0
NR3C1,FOSL2,0
FOXA1,NR3C1,0
ATF3,ALDH1A1,0
CEBPD,WDR54,0
EZH2,ARSE,0
FOXA1,IQCB1,0
EPAS1,CUEDC2,0
FOXA1,SCD5,0
SMARCC1,GNRH2,0
ATF3,HAUS1,0
RFX5,ID3,0
EPAS1,EXOSC9,0
HDAC2,IFITM3,0
ATF3,RBPJ,0
SMARCA4,TTR,0
RFX5,ZNF567,0
EZH2,NFYB,0
MAFF,LGALS3,0
CEBPD,ZFAND2A,0
IRF3,AGT,0
JUN,HNRNPK,0
CEBPD,AURKB,0
ARID2,ING5,0
CEBPD,KIFAP3,0
IRF3,ZNF107,0
MYC,SGK1,0
ARID2,GLIPR2,0
EPAS1,FHL2,0
IRF3,SKIL,0
JUN,NFIB,0
MAFF,SRSF1,0
ATF3,ZNF227,0
BRCA1,PAK1IP1,0
MYC,TRIM59,0
FOSL2,TCF3,0
SRF,YAF2,0
ARID2,SHMT2,0
FOXA1,ETV1,0
RFX5,ASGR1,0
RUVBL1,BRCA1,0
IRF3,WDR43,0
ARID2,CA2,0
HDAC2,TARBP2,0
EZH2,GLIPR2,0
IRF3,AXL,0
TEAD4,YEATS4,0
SRF,FAM151A,0
FOSL2,MMS22L,0
JUN,LHX1,0
JUN,C1GALT1,0
NR3C1,MED20,0
CEBPZ,ZNF644,0
RUVBL1,CDKN1A,0
BRCA1,RBP4,0
EPAS1,PRAP1,0
CEBPZ,NUP93,0
HNF4A,CEBPD,0
MYBL2,GLIPR2,0
NR2F2,CNOT10,0
NR3C1,LGALS1,0
MAZ,HDAC2,0
EPAS1,RBBP4,0
NR2F2,TCEA1,0
RUVBL1,DNMT1,0
NR3C1,HNRNPK,0
NR3C1,PRMT5,0
ELF1,CRAT,0
EPAS1,BMP2,0
CEBPZ,ACTC1,0
TEAD4,NFYB,0
CEBPZ,ENO1,0
MYBL2,LIN28A,0
NR2F2,TRERF1,0
ARID2,NFIB,0
HDAC2,PIH1D1,0
JUN,PIH1D1,0
TEAD4,PIAS3,0
JUN,U2AF1,0
RUVBL1,DDC,0
CEBPD,NCOA1,0
IRF3,EOMES,0
SMARCA4,ZNF74,0
SMARCC1,SOX4,0
NR2F2,ERBB4,0
ARID2,AIMP2,0
ATF3,ACOT7,0
MAZ,SLC7A7,0
RUVBL1,GMPS,0
ATF3,SLC35D2,0
TEAD4,MTMR2,0
TEAD4,FMO5,0
JUND,GTF2I,0
FOXA1,DPF2,0
IRF3,CCS,0
NR2F2,TAF7,0
JUN,SIL1,0
CEBPD,SPTLC3,0
IRF3,NIF3L1,0
EZH2,CPSF3,0
EPAS1,LAMC1,0
JUN,RAMP1,0
NR3C1,ZNF581,0
SRF,PITX1,0
ATF3,NDUFAF4,0
ARID2,PBX1,0
NR3C1,TFF1,0
MAZ,RAMP1,0
MAFF,ZNF107,0
ARID2,C12ORF10,0
IRF3,XRCC5,0
EZH2,UCHL1,0
REST,SRF,0
NR2F2,WDYHV1,0
EZH2,UBE2T,0
HNF4A,FANCB,0
TEAD4,ICE2,0
ATF3,SMARCC1,0
RFX5,ZFP36,0
EZH2,TDGF1,0
MAFF,MPC1,0
HDAC2,PAWR,0
HNF4A,ICA1,0
CEBPD,DNMT1,0
BRCA1,ALG6,0
RFX5,KNTC1,0
REST,ORC2,0
EZH2,MAP1B,0
CEBPD,HMGCS2,0
TEAD4,TOPORS,0
ELF1,TM4SF4,0
ELF1,MLXIPL,0
MAFF,DEK,0
JUN,PCGF6,0
SMARCA4,NT5DC2,0
NR2F2,PPARA,0
NR3C1,MPHOSPH9,0
MYBL2,POLR2F,0
SRF,MCM6,0
SMARCA4,POLR2L,0
CEBPD,DDAH1,0
ARID2,C19ORF48,0
JUN,MYBBP1A,0
MAFF,BPTF,0
FOSL2,ZBTB24,0
SRF,MYCN,0
REST,GTF3C4,0
RFX5,LRR1,0
MAFF,DDIT3,0
TEAD4,NDUFAF4,0
SMARCA4,ZNF354A,0
ATF3,FANCL,0
IRF3,RAD51C,0
EPAS1,SNRPB,0
FOXA1,NCOA1,0
NR3C1,PPARA,0
IRF3,RARG,0
EZH2,JUND,0
FOSL2,ODF2L,0
EZH2,PLRG1,0
RUVBL1,UCHL1,0
ELF1,CTDSPL,0
EPAS1,KIFAP3,0
EZH2,ACTL6A,0
TEAD4,DEDD,0
MYC,ZFP42,0
FOXA1,XBP1,0
SMARCA4,BTF3,0
ARID2,FASTKD2,0
CEBPZ,IL6ST,0
SRF,MCM3,0
CEBPZ,BTG2,0
BRCA1,FLRT3,0
RUVBL1,MGST2,0
SRF,PLAGL2,0
MAFF,E2F4,0
RFX5,IMP4,0
ATF3,CDCA7L,0
SMARCC1,ODF2L,0
CEBPZ,AASS,0
IRF3,ITGB5,0
NR3C1,BTG2,0
EZH2,DPPA4,0
RUVBL1,RRM1,0
ELF1,HMGXB4,0
ATF3,NUF2,0
CREB1,SOX4,0
HDAC2,POLR2G,0
NR3C1,ORC2,0
JUN,CSRP2,0
RFX5,MAPK1,0
NR3C1,GABPB1,0
BRCA1,HPX,0
NR3C1,ANP32E,0
TEAD4,C12ORF45,0
JUN,HELLS,0
EPAS1,HIST1H1B,0
HNF4A,ARSE,0
ARID2,CRAT,0
NR3C1,SH3BGRL,0
HNF4A,MYC,0
MAFF,AURKB,0
MYBL2,TCF7L1,0
MYBL2,TMEM120A,0
RUVBL1,SHMT2,0
HDAC2,TOP2A,0
ATF3,MTUS1,0
ARID2,RRM2,0
MAFF,WFDC2,0
TEAD4,TCF7L1,0
EZH2,POU5F1,0
SMARCA4,CREG1,0
ATF3,CDK5RAP1,0
EZH2,DDB2,0
EZH2,GALK1,0
EZH2,SF3B3,0
RFX5,KDELR3,0
TEAD4,DROSHA,0
CEBPD,RAD51C,0
EPAS1,AKR1B1,0
CEBPD,GPC3,0
JUN,SRSF1,0
EPAS1,CENPK,0
FOXA1,GTF3C5,0
TEAD4,SF3B3,0
TEAD4,GATAD2B,0
SMARCA4,NVL,0
CEBPZ,MYBL2,0
HNF4A,SUPT16H,0
FOSL2,CDC20,0
ATF3,POLR2F,0
FOXA2,EXOSC9,0
FOSL2,USP44,0
ELF1,SGK1,0
ARID2,GRPR,0
HDAC2,ZNF567,0
EZH2,CREB1,0
ATF3,TARBP2,0
HNF4A,RAB28,0
CEBPD,ARL6IP6,0
EPAS1,TIMELESS,0
MYC,SALL2,0
RUVBL1,AHSG,0
FOXA1,ITLN2,0
RUVBL1,DNMT3A,0
EPAS1,BRIP1,0
CEBPZ,SEC11C,0
SMARCA4,BIN1,0
FOXA2,WDR54,0
NR3C1,FOSL1,0
NR3C1,FABP1,0
RUVBL1,FOXP1,0
CEBPZ,SF3B3,0
CEBPZ,PPFIBP2,0
EZH2,GMPS,0
ATF3,VCAN,0
FOXA1,BUB1,0
BRCA1,ZNF91,0
JUN,CEBPZ,0
ARID2,TNNI3,0
MYC,PMAIP1,0
BRCA1,HNRNPH2,0
EPAS1,SPTLC3,0
SMARCA4,CDC20,0
NR2F2,POLR1E,0
SRF,ETS1,0
HNF4A,MLF1,0
MAFF,ALB,0
EZH2,POLR2F,0
TEAD4,NUP93,0
TEAD4,SHMT2,0
ATF3,CEBPD,0
ATF3,ECHDC2,0
RUVBL1,SALL2,0
TEAD4,GLI1,0
BRCA1,IRF1,0
JUN,TFDP1,0
CREB1,HMGCS2,0
SRF,GABPB1,0
EPAS1,ID3,0
ATF3,DRAP1,0
FOSL2,KLF3,0
CEBPZ,TNNI3,0
EPAS1,CDKN1A,0
MAZ,ZNF287,0
IRF3,DAXX,0
MAFF,DCTPP1,0
SRF,HNF4A,0
RFX5,DPF2,0
HNF4A,F3,0
FOSL2,ICA1,0
TEAD4,MYC,0
MAZ,PRAP1,0
IRF3,GTF3C4,0
MYC,S100A6,0
EPAS1,PRIM1,0
MAFF,ERBB4,0
JUN,GATA6,0
ATF3,C9ORF72,0
JUN,LGALS1,0
ARID2,MYBL2,0
ARID2,ATP1B3,0
MYC,CHEK1,0
SMARCA4,ETV4,0
ELF1,PON2,0
MAFF,ZWINT,0
MAFF,ANG,0
FOSL2,ADSL,0
CEBPD,ZNHIT3,0
JUN,RNASE4,0
SMARCA4,CUTC,0
HNF4A,CBR1,0
TEAD4,ASNS,0
FOXA1,DNASE1,0
NR3C1,CDC20,0
HNF4A,THRB,0
CEBPZ,DGAT1,0
MYC,GRHL1,0
RUVBL1,POLR2D,0
BRCA1,MTERF3,0
CREB1,TIMELESS,0
EZH2,NR5A2,0
EZH2,KIF20B,0
HDAC2,SPINK1,0
CEBPZ,RBMX,0
SMARCA4,NUP85,0
NR2F2,BLVRA,0
ARID2,ZFAND2A,0
SMARCA4,ANG,0
IRF3,TK1,0
CEBPZ,CDC20,0
ATF3,AASS,0
RUVBL1,CSRP2,0
BRCA1,DNMT1,0
FOXA1,UCHL1,0
SMARCC1,ACAA1,0
ARID2,DERA,0
RUVBL1,CDK4,0
EZH2,ZNF74,0
MYC,WFDC2,0
CEBPZ,MEP1A,0
JUN,PARP1,0
MAFF,KLF3,0
ELF1,RARG,0
EZH2,CENPN,0
SRF,HNRNPAB,0
CEBPZ,SCD5,0
CREB1,IFITM3,0
FOXA2,HPRT1,0
NR3C1,PDLIM7,0
EPAS1,E2F8,0
BRCA1,DNAH14,0
BRCA1,EFTUD2,0
IRF3,DDIT4,0
MAFF,ZNF675,0
CEBPZ,MT1G,0
RFX5,ANP32E,0
FOSL2,MTFP1,0
EZH2,MPHOSPH9,0
RUVBL1,E2F8,0
HNF4A,TCF7L1,0
FOXA2,SDAD1,0
RUVBL1,UBE2T,0
CEBPZ,HIF1AN,0
HNF4A,RARG,0
CEBPZ,SLC38A2,0
SMARCA4,AMBP,0
SRF,TERF1,0
IRF3,ZDHHC4,0
MAFF,TRERF1,0
CEBPZ,ACAD11,0
RUVBL1,ZNF670,0
NR3C1,FXYD5,0
ELF1,QPCT,0
ARID2,XBP1,0
REST,CDCA3,0
MAFF,DEPDC7,0
CEBPZ,BPTF,0
JUN,LDB2,0
ATF3,TCF3,0
MYC,USP44,0
MAZ,CKS2,0
FOSL2,SALL4,0
MYBL2,NONO,0
NR3C1,ARID3B,0
FOXA2,TFDP1,0
TEAD4,UGT2B11,0
MAZ,MT1X,0
RFX5,HPN,0
CEBPD,SUPV3L1,0
MYBL2,ETV1,0
RFX5,MTAP,0
RFX5,GTF2F2,0
MAZ,FGB,0
SMARCC1,TFE3,0
FOSL2,GSTA2,0
MAZ,NODAL,0
CEBPZ,MGST2,0
MYBL2,EOMES,0
ATF3,NFATC2,0
REST,ITIH4,0
EPAS1,FOXM1,0
SMARCA4,SIRT1,0
ATF3,SEC14L2,0
FOSL2,TMEM150C,0
JUN,FEN1,0
EZH2,CTSE,0
MYC,FUCA1,0
JUN,ZFHX3,0
IRF3,TOPORS,0
ELF1,SERPIND1,0
CEBPD,NAA15,0
ARID2,RFX5,0
JUN,HIBCH,0
EZH2,CREB3L2,0
RUVBL1,NUPR1,0
EZH2,ERCC8,0
MAZ,RHOBTB3,0
REST,IFITM1,0
EZH2,PIAS2,0
CEBPD,SERPIND1,0
EPAS1,CCS,0
FOXA1,PTTG1,0
EPAS1,ATL2,0
FOXA2,PDLIM7,0
MAZ,SERPIND1,0
ARID2,ZHX1,0
FOSL2,RNF138,0
HNF4A,APOC1,0
NR2F2,RFX6,0
RFX5,MEST,0
EPAS1,DDC,0
IRF3,AFF4,0
CEBPZ,ZNF239,0
FOXA1,GMEB1,0
IRF3,ECD,0
NR3C1,SMAD3,0
BRCA1,YBX1,0
EPAS1,DSN1,0
ARID2,WDYHV1,0
EZH2,DDIT4,0
EZH2,INMT,0
RUVBL1,CREG1,0
FOSL2,MAPK1,0
MYBL2,SLC25A20,0
CEBPD,UCHL1,0
IRF3,POLR1E,0
MYC,TERF1,0
CEBPZ,PSMG1,0
RFX5,DNPEP,0
ELF1,NR5A2,0
MAFF,GRHL1,0
JUN,AMZ2,0
MAFF,CREB3L2,0
FOXA1,RBP2,0
TEAD4,CKAP2,0
RFX5,SAAL1,0
HDAC2,FOXM1,0
IRF3,SPTLC3,0
REST,SH3BGRL,0
MYC,RNF4,0
BRCA1,EHMT1,0
SMARCA4,MST1,0
JUN,DPH6,0
JUND,MCM6,0
CEBPD,EGR1,0
SRF,SALL4,0
EPAS1,TM4SF4,0
EPAS1,RSU1,0
CEBPZ,POLR2D,0
RUVBL1,CENPK,0
MYBL2,ITIH4,0
CREB1,HNF1B,0
EZH2,DEDD,0
HDAC2,BCOR,0
HNF4A,NUPR1,0
EZH2,PYGL,0
BRCA1,ITGB3BP,0
FOXA1,CCS,0
SMARCC1,FAM13A,0
ARID2,MAF,0
NR3C1,TK1,0
EPAS1,MAZ,0
RFX5,TRIP13,0
SRF,MORN2,0
IRF3,EFTUD2,0
MAFF,C19ORF48,0
MYC,GATM,0
BRCA1,MAPK1,0
RUVBL1,VTN,0
NR3C1,MAP1B,0
NR2F2,CHEK2,0
SRF,EFNA1,0
RFX5,TFDP1,0
IRF3,RSU1,0
EPAS1,ELAVL2,0
SMARCA4,POLR2K,0
CEBPZ,ZNF567,0
SMARCA4,RNPS1,0
IRF3,HIST1H1B,0
SRF,MTMR2,0
IRF3,HINFP,0
MAFF,CNOT10,0
MYBL2,AGTRAP,0
RUVBL1,HNRNPD,0
EZH2,ASL,0
ARID2,HMGN1,0
IRF3,NUF2,0
EZH2,GTF2E1,0
MYBL2,RAMP1,0
BRCA1,TBL1X,0
RFX5,BMPR1A,0
MYC,POLR2L,0
RUVBL1,TP53,0
ARID2,PRMT5,0
EZH2,FOXP1,0
MYC,FAM13A,0
NR3C1,DDX39A,0
ARID2,HIST1H1E,0
RUVBL1,ADNP,0
RUVBL1,ZNF146,0
BRCA1,CNBP,0
TEAD4,JAZF1,0
MYC,AKR1D1,0
NR3C1,ANPEP,0
ARID2,TIMM21,0
CREB1,DKC1,0
RFX5,RBP4,0
EZH2,MCM8,0
MAFF,HMMR,0
ATF3,TBPL1,0
TEAD4,H1F0,0
HNF4A,ZFP64,0
EPAS1,BLM,0
NR2F2,FOXO1,0
TEAD4,FXYD5,0
TEAD4,CA2,0
RUVBL1,DTWD1,0
RUVBL1,OCIAD2,0
IRF3,VTN,0
CEBPZ,RNASE4,0
HNF4A,E2F4,0
CEBPZ,MTHFD2,0
MAZ,EEF1E1,0
NR3C1,ID2,0
RFX5,PPFIBP2,0
NR2F2,LAMB1,0
FOSL2,SCD5,0
EPAS1,BCL11B,0
NR3C1,ZBTB24,0
TEAD4,HDAC2,0
MAFF,WDR54,0
RFX5,EED,0
EZH2,HNRNPR,0
CEBPD,NR2F6,0
IRF3,MRPS27,0
ARID2,DAXX,0
HDAC2,IRF3,0
ATF3,GTF2H2,0
HNF4A,ZNF91,0
CEBPZ,MED4,0
FOSL2,LRR1,0
NR3C1,PLK1,0
TEAD4,CDCA3,0
HNF4A,ACTC1,0
SMARCA4,AXL,0
CEBPZ,LAMC1,0
TEAD4,CENPE,0
EPAS1,CSDE1,0
BRCA1,GTF3C2,0
TEAD4,DPCD,0
FOXA1,PPP1R7,0
MAFF,FANCB,0
IRF3,CDKN1A,0
HDAC2,NR2F6,0
JUN,CREB1,0
CEBPD,SOX2,0
SRF,CKS1B,0
SRF,TDGF1,0
ATF3,HNF1B,0
FOSL2,FAM114A1,0
MAZ,TAF1A,0
RUVBL1,SLC35D2,0
JUN,ZFP42,0
MAFF,HIST1H1E,0
IRF3,APEH,0
SMARCA4,CRAT,0
NR3C1,MED4,0
BRCA1,DDIT4,0
SRF,TM4SF4,0
SRF,MT1G,0
EPAS1,SP100,0
BRCA1,APOA2,0
CEBPD,ATG4C,0
HDAC2,TCF4,0
RFX5,WDR43,0
HDAC2,DDAH1,0
ARID2,ZNF217,0
BRCA1,PDCD11,0
JUN,ZWILCH,0
RFX5,AGTRAP,0
NR3C1,ZNF91,0
SRF,BIN1,0
BRCA1,OCIAD2,0
TEAD4,ZNF217,0
ELF1,SEC14L2,0
ARID2,IQGAP2,0
MYBL2,FGB,0
EPAS1,GGCT,0
RFX5,RNF19A,0
ARID2,WDR12,0
JUND,MAPK1,0
BRCA1,AGTRAP,0
TEAD4,BCS1L,0
FOSL2,AKR1B1,0
RUVBL1,ANPEP,0
HDAC2,HIPK2,0
BRCA1,HERPUD1,0
EZH2,DPAGT1,0
NR3C1,UTRN,0
BRCA1,SRRM1,0
ARID2,CMC1,0
SMARCA4,GSTA2,0
SMARCA4,PHB2,0
EPAS1,PDGFA,0
NR3C1,MMS19,0
FOXA1,DPH5,0
ARID2,TCOF1,0
ELF1,CYP3A5,0
NR3C1,APOC1,0
JUN,ETV5,0
EPAS1,TPX2,0
REST,ZNF354A,0
NR3C1,TFDP1,0
RUVBL1,KLHL7,0
EPAS1,WDR12,0
ATF3,EFNA1,0
ATF3,ARID2,0
JUN,ZFP36,0
ARID2,SPINK1,0
SMARCC1,UTRN,0
HNF4A,CENPE,0
JUN,MCM2,0
IRF3,HIF3A,0
SMARCA4,CYP3A5,0
NR2F2,FEN1,0
ATF3,SSBP3,0
JUN,CA2,0
NR3C1,WDR5,0
CEBPZ,PUS7L,0
HDAC2,LGALS1,0
RUVBL1,RNF19A,0
HNF4A,SUV39H2,0
CEBPZ,APOA4,0
MAFF,PLIN2,0
FOSL2,CENPW,0
MAFF,MCM7,0
TEAD4,KIFAP3,0
IRF3,LMO7,0
SMARCC1,TAF9B,0
MAFF,TOP2B,0
REST,CTSE,0
RUVBL1,TFF1,0
JUND,BCL11B,0
EPAS1,TADA3,0
TEAD4,RBMX,0
ATF3,MST1,0
EZH2,FOSL1,0
TEAD4,GTF3C4,0
FOSL2,WIPI1,0
HNF4A,POU5F1,0
SMARCA4,SULF2,0
MYBL2,XRCC6,0
SMARCA4,ILF3,0
MAZ,MYBL2,0
MYBL2,TMEM37,0
NR3C1,ACOX2,0
ATF3,MTF2,0
SMARCA4,CENPU,0
MYBL2,HMGA1,0
CEBPZ,RNASEH2A,0
ELF1,CDX2,0
FOSL2,RHOBTB3,0
MAFF,SEC11C,0
BRCA1,RHOBTB3,0
FOSL2,DPAGT1,0
ATF3,ISG15,0
NR3C1,NCOA1,0
ATF3,ZWINT,0
MYC,BST2,0
ARID2,SMC4,0
RUVBL1,BTF3,0
HNF4A,RRM1,0
TEAD4,NCOA1,0
MYC,THAP11,0
CEBPZ,RAI14,0
SRF,HMGA2,0
ATF3,MIS18BP1,0
FOXA1,RGN,0
SMARCA4,FXR1,0
CEBPZ,DDX20,0
ATF3,FBL,0
ARID2,SH3BGRL,0
JUN,ISY1,0
ELF1,HMGCS2,0
SRF,TAF7,0
NR2F2,TPM2,0
FOXA1,GABPB1,0
IRF3,HNRNPD,0
CEBPZ,PMS1,0
SMARCC1,TFPI,0
MAZ,PON2,0
IRF3,HMMR,0
FOSL2,MYC,0
HDAC2,TCF25,0
RUVBL1,NRIP1,0
MAFF,ZNF202,0
FOSL2,DDX54,0
HNF4A,MTTP,0
REST,PPARA,0
ARID2,TCF3,0
ELF1,DNMT3B,0
REST,DNASE1,0
SMARCA4,NR2F2,0
BRCA1,FGB,0
MAZ,ICA1,0
SMARCC1,IFITM1,0
CEBPD,ARSE,0
CEBPD,CENPU,0
NR3C1,HINFP,0
SMARCA4,LMO7,0
MAFF,PTTG1,0
SMARCA4,SKIL,0
RUVBL1,NIP7,0
REST,SPINK1,0
BRCA1,TMEM120A,0
JUN,SSB,0
RUVBL1,TIPIN,0
NR3C1,FAM151A,0
REST,YAF2,0
RUVBL1,KLF3,0
HNF4A,NCOA6,0
MAZ,ITGB3BP,0
JUN,ZNF581,0
MYC,TBPL1,0
SMARCA4,GSTK1,0
CEBPZ,PYGL,0
ARID2,EXOSC3,0
RUVBL1,CSDE1,0
IRF3,SMARCA4,0
IRF3,ECHDC2,0
JUN,FOXP1,0
EZH2,ZNF91,0
ARID2,MYBBP1A,0
JUN,RBBP7,0
CEBPD,EPHX2,0
SMARCA4,STAT2,0
FOXA2,EGR1,0
SRF,CENPN,0
RFX5,NR2F6,0
ATF3,VRK1,0
EPAS1,RRM2,0
SMARCC1,WDR54,0
JUN,BTF3,0
SMARCA4,CTSE,0
HDAC2,HMGCS2,0
EZH2,EXOSC3,0
EZH2,VTN,0
ARID2,SSBP3,0
EZH2,NUF2,0
NR2F2,WDR54,0
MAFF,HMGCL,0
CEBPZ,TCEA1,0
IRF3,NOL10,0
JUN,F10,0
CEBPD,SH3BGRL,0
TEAD4,ECT2,0
FOSL2,GTF2E1,0
REST,ZNF239,0
ATF3,ARID3B,0
REST,PREB,0
BRCA1,LCMT1,0
MAZ,COMMD3,0
SMARCC1,MLF1,0
TEAD4,DNMT1,0
CEBPZ,CHEK2,0
REST,NVL,0
JUND,E2F5,0
BRCA1,MTHFD2,0
EZH2,ETV5,0
SMARCA4,GGCT,0
TEAD4,P4HA2,0
RUVBL1,COMMD10,0
ARID2,MAFF,0
ARID2,S100A16,0
CEBPZ,APOA1,0
ATF3,TEAD4,0
SRF,MED14,0
MAZ,RFX5,0
SMARCA4,POLR1E,0
TEAD4,GTF3C2,0
ARID2,CTDSPL,0
MAZ,MYCBP,0
CEBPZ,BMPR1A,0
RFX5,EXOSC3,0
REST,HAT1,0
RUVBL1,BLVRA,0
EPAS1,CTSC,0
RUVBL1,ACTC1,0
IRF3,TIMM21,0
EPAS1,SKA3,0
NR3C1,SCD5,0
NR3C1,RBBP4,0
SRF,ASL,0
SRF,FOXM1,0
RFX5,UTRN,0
MYC,TAF1A,0
BRCA1,SERTAD3,0
TEAD4,GATA6,0
NR3C1,ZRANB2,0
BRCA1,CNOT10,0
EZH2,SRRM1,0
EPAS1,NR5A2,0
BRCA1,ACY1,0
CEBPD,NR3C1,0
IRF3,LDB2,0
ATF3,ZNF770,0
JUND,LGALS2,0
RFX5,PBX1,0
ATF3,PAFAH1B3,0
BRCA1,SOX4,0
FOSL2,THYN1,0
EZH2,SMAD2,0
IRF3,FASTKD2,0
ARID2,FABP1,0
BRCA1,THYN1,0
MAZ,GTF3C4,0
JUN,TGIF2,0
IRF3,ATP1B3,0
FOSL2,CKAP2,0
NR2F2,EPAS1,0
SMARCA4,PPP1R7,0
HDAC2,DKC1,0
SMARCA4,HAUS1,0
NR3C1,SPINK1,0
IRF3,PCNA,0
EPAS1,HMGXB4,0
HDAC2,IFITM1,0
NR3C1,RAB28,0
HNF4A,TCF4,0
BRCA1,ZNF287,0
CEBPZ,RFC2,0
RUVBL1,CEBPD,0
NR2F2,MT1G,0
MAZ,DCAF13,0
MAFF,TGIF1,0
RFX5,FXYD5,0
JUN,DDX20,0
MYC,GRPR,0
ATF3,ATP1B3,0
TEAD4,HNF1B,0
TEAD4,SP100,0
TEAD4,ITGB3BP,0
MAZ,ERBB4,0
EZH2,RHOBTB3,0
NR3C1,LCMT1,0
EZH2,UCP2,0
BRCA1,UTP18,0
EZH2,CENPW,0
JUN,EHMT2,0
BRCA1,FEN1,0
EZH2,MYC,0
SRF,AGT,0
JUND,IFITM3,0
MAFF,PDGFA,0
IRF3,MYCN,0
SMARCA4,TFPI,0
SRF,PAX6,0
TEAD4,YARS,0
NR3C1,UCHL1,0
ELF1,APOC1,0
JUN,IFITM3,0
EZH2,JAG1,0
MYC,ACOX2,0
JUN,ZBTB24,0
MAFF,ASCC3,0
MAFF,ELAVL2,0
RUVBL1,HAT1,0
CEBPZ,MEST,0
FOXA2,DPH5,0
CEBPZ,SFRP1,0
FOXA2,BLVRA,0
NR3C1,SPP1,0
SMARCA4,SF3B3,0
SRF,MTUS1,0
NR2F2,ZWINT,0
SMARCC1,NT5DC2,0
FOXA2,CETN3,0
ATF3,PDCD11,0
MYC,C3ORF14,0
CEBPD,ACTC1,0
MAFF,GLIS3,0
ARID2,ZNF146,0
NR3C1,CDK4,0
ARID2,CYP3A5,0
EPAS1,B4GALT3,0
MAFF,HMGB2,0
MYC,EGR1,0
SMARCA4,ACADSB,0
NR2F2,RAB25,0
IRF3,COQ3,0
JUN,NR2F6,0
MAZ,RBP2,0
ATF3,SHMT2,0
EZH2,PAFAH1B3,0
MYC,XBP1,0
CEBPZ,SMARCA5,0
ARID2,CUEDC2,0
FOXA2,ARID2,0
EPAS1,CTSE,0
BRCA1,MCM3,0
EZH2,NUP88,0
ELF1,HIF3A,0
CEBPD,AATF,0
IRF3,TBPL1,0
CEBPZ,DNAJC2,0
SMARCC1,ZNF354A,0
ARID2,TDGF1,0
RFX5,SHMT2,0
CEBPZ,NME2,0
NR3C1,ACAD11,0
RFX5,ZWINT,0
IRF3,SIRT1,0
RUVBL1,SUPT16H,0
ATF3,POU5F1,0
JUND,CA2,0
RFX5,EBNA1BP2,0
SRF,GPC3,0
CEBPZ,ALG6,0
EPAS1,PLAGL2,0
RUVBL1,WDR5,0
SMARCA4,ANKRD1,0
JUN,BCOR,0
MYBL2,LGALS2,0
EZH2,EIF5B,0
SMARCA4,SNRPB,0
ELF1,HP,0
EPAS1,POLR2K,0
EPAS1,NOP16,0
SMARCA4,MAP1B,0
EPAS1,TARBP2,0
HNF4A,ITGB3BP,0
IRF3,GSN,0
MAFF,F3,0
JUND,RHOBTB3,0
EZH2,EPHX2,0
SMARCC1,ITGB3BP,0
JUN,FOXA2,0
CEBPZ,CDK4,0
JUND,TMEM120A,0
CEBPD,REST,0
JUN,HPN,0
NR3C1,RBMX,0
NR3C1,RFC4,0
BRCA1,NUPR1,0
HDAC2,GTF3C4,0
CEBPZ,ACAA1,0
HNF4A,SMOX,0
HNF4A,MXD1,0
BRCA1,STAT2,0
EZH2,BRIX1,0
CEBPD,BRIX1,0
NR3C1,NCAPG,0
SRF,HPN,0
BRCA1,FOSL1,0
RUVBL1,ICA1,0
NR3C1,DDC,0
ATF3,SNRPB,0
SMARCC1,ID3,0
MAZ,CDX2,0
HNF4A,GLIS3,0
SRF,GALK1,0
MAZ,SLC7A6,0
IRF3,TUBB6,0
HNF4A,HMGN1,0
MYC,POU2F1,0
JUN,ICE2,0
MAZ,SULF2,0
CEBPZ,SMARCA4,0
RUVBL1,FUBP1,0
JUND,CREB3L3,0
RFX5,IRF1,0
HNF4A,QPCT,0
SMARCA4,SEC11C,0
CEBPZ,CTDSPL,0
SMARCA4,BUB1,0
EPAS1,APOB,0
FOXA2,BCOR,0
JUN,RGN,0
REST,ZWINT,0
ATF3,DPYSL2,0
HNF4A,ALDH9A1,0
BRCA1,APOC2,0
EPAS1,RNF138,0
NR2F2,EYA3,0
SRF,IL32,0
SMARCA4,ZNF202,0
CEBPZ,ELL2,0
ATF3,CTPS1,0
RUVBL1,POLR1B,0
MYC,LGALS2,0
IRF3,PPT1,0
SMARCA4,HPRT1,0
ARID2,SSRP1,0
IRF3,WARS,0
TEAD4,UCHL1,0
ARID2,FOXP1,0
RUVBL1,ECD,0
JUN,NEDD1,0
HDAC2,PAX6,0
MYC,ZNF397,0
IRF3,BIRC5,0
TEAD4,NIP7,0
CEBPZ,E2F7,0
EPAS1,HMGCS2,0
CEBPZ,POLR1C,0
MYC,VCAN,0
MYC,BLVRA,0
FOXA1,HINFP,0
NR3C1,TAF5,0
BRCA1,APOC3,0
IRF3,HNRNPAB,0
MAFF,E2F8,0
MAFF,AFP,0
JUND,EHMT1,0
MAZ,AURKB,0
EPAS1,NDUFAF4,0
ARID2,SRSF2,0
CEBPD,IRF1,0
ATF3,UCP2,0
MYBL2,TARBP2,0
EZH2,ASPH,0
JUND,RARG,0
HNF4A,BUB1,0
FOXA1,C19ORF48,0
NR3C1,ING3,0
MYBL2,EPAS1,0
RFX5,HDGF,0
EZH2,NUP54,0
ELF1,NFATC2,0
IRF3,CBR1,0
CEBPZ,XRCC6,0
JUN,CPSF3,0
ATF3,PRKCE,0
ARID2,DNAH14,0
ATF3,HAT1,0
CEBPZ,HMGA1,0
EZH2,NR3C1,0
CEBPZ,MAZ,0
BRCA1,KNTC1,0
EPAS1,EBNA1BP2,0
MYC,EXOSC3,0
BRCA1,CBX3,0
CEBPZ,HNRNPR,0
CEBPZ,ITGB5,0
RUVBL1,POLB,0
BRCA1,ASGR1,0
HDAC2,XBP1,0
RUVBL1,G6PC3,0
ARID2,DOT1L,0
FOXA1,GSTA2,0
ARID2,SMAD3,0
JUN,PIAS2,0
EPAS1,ATP1B3,0
MYC,SCAPER,0
MAZ,POLR2G,0
RUVBL1,TERF1,0
FOXA1,ITIH4,0
ATF3,ALG6,0
IRF3,IQGAP2,0
IRF3,MMS22L,0
SMARCC1,THYN1,0
SMARCA4,TIPIN,0
FOXA1,SERPINB1,0
TEAD4,RFC2,0
NR2F2,PDGFA,0
JUN,COMMD3,0
SRF,TCFL5,0
MAZ,RAB25,0
NR2F2,ODF2L,0
FOXA2,SMC4,0
CREB1,FMO5,0
CEBPD,SSBP2,0
MAFF,THRB,0
NR3C1,KNTC1,0
FOSL2,FGB,0
JUND,KLF6,0
SMARCA4,WBP11,0
EPAS1,PMAIP1,0
BRCA1,PAFAH1B3,0
HDAC2,UGT2B11,0
CEBPZ,STX8,0
NR3C1,SULT1A2,0
RFX5,RAB34,0
MAZ,TARBP2,0
JUN,TTR,0
SMARCA4,WARS,0
RUVBL1,LMO7,0
CEBPZ,AKR1D1,0
TEAD4,ALG8,0
FOXA2,C12ORF45,0
CEBPD,CDK1,0
SRF,LAMC1,0
IRF3,RNASE4,0
RFX5,BPHL,0
IRF3,HNF1B,0
SMARCC1,CRABP2,0
MAZ,E2F7,0
EPAS1,SDAD1,0
SRF,PHGDH,0
JUND,AKR1D1,0
BRCA1,PARP1,0
CEBPZ,NCOA6,0
ARID2,TADA3,0
CEBPD,TARBP2,0
RUVBL1,NODAL,0
CEBPD,UTP18,0
RUVBL1,POP5,0
MAFF,SMAD2,0
CEBPZ,NUSAP1,0
EPAS1,TBX3,0
SMARCA4,C19ORF48,0
EPAS1,PAK1IP1,0
EZH2,IRF3,0
EZH2,SHMT2,0
CEBPD,SLC7A6,0
MAFF,AHR,0
CEBPZ,PA2G4,0
NR3C1,FEN1,0
MAFF,UCHL1,0
NR2F2,WDR5,0
IRF3,TPM2,0
JUND,DDX39A,0
IRF3,GTF3C2,0
JUN,EFNA1,0
BRCA1,RNF138,0
SMARCA4,ADSL,0
SRF,RBBP4,0
RUVBL1,NEIL2,0
RUVBL1,CRAT,0
CEBPZ,ATG5,0
RFX5,GYG1,0
BRCA1,E2F7,0
FOXA2,THOC1,0
RFX5,XPO5,0
SMARCA4,BLM,0
REST,FOSB,0
MAFF,ANPEP,0
RFX5,ORC4,0
ATF3,CUTC,0
BRCA1,DCLRE1C,0
FOSL2,TDGF1,0
MAZ,KIFAP3,0
CEBPZ,TAF1A,0
ATF3,TMEM37,0
EPAS1,KAT7,0
HDAC2,PA2G4,0
NR2F2,HMGXB4,0
HDAC2,ID3,0
MYC,BTG2,0
EZH2,TADA3,0
SRF,KLF5,0
MAFF,CKS2,0
IRF3,GEMIN8,0
NR3C1,DDX5,0
SMARCA4,HNRNPH2,0
JUN,NR2F2,0
FOSL2,PEG3,0
ARID2,SNRPD1,0
FOSL2,ZHX1,0
SMARCA4,RRM2,0
BRCA1,WDHD1,0
EZH2,DCLRE1C,0
JUN,ALDH9A1,0
RUVBL1,GTF2E1,0
NR3C1,AHR,0
SRF,POLR3D,0
TEAD4,HNRNPAB,0
SMARCA4,PLIN2,0
MAZ,FXYD5,0
EPAS1,TCF3,0
NR3C1,TNNI3,0
FOXA1,SUV39H2,0
RUVBL1,KNG1,0
REST,TCOF1,0
IRF3,MCM7,0
CEBPD,DDC,0
EPAS1,DLGAP5,0
ARID2,ETV1,0
HNF4A,SHMT2,0
NR3C1,HPN,0
NR3C1,TOPORS,0
RFX5,SUPT16H,0
NR3C1,NCOA6,0
MYC,SMC4,0
HDAC2,THYN1,0
MAFF,MYC,0
RUVBL1,PREB,0
NR3C1,ECT2,0
MAFF,H1F0,0
CEBPZ,POLB,0
CEBPD,GYG1,0
NR2F2,POLR1D,0
ATF3,ZNF146,0
SMARCA4,FGA,0
JUND,EZH2,0
BRCA1,ENO1,0
HNF4A,TAF7,0
JUN,ZNF287,0
NR3C1,DCTPP1,0
IRF3,ZNF398,0
IRF3,EBNA1BP2,0
REST,CDK4,0
SMARCA4,CCS,0
ARID2,PLA2G12B,0
HDAC2,TRERF1,0
RFX5,NPRL2,0
BRCA1,ZFP42,0
ARID2,GATM,0
SMARCA4,ACY1,0
NR2F2,SMARCC1,0
BRCA1,APOA4,0
MAFF,MCM3,0
FOXA1,UHRF1,0
IRF3,WDYHV1,0
EPAS1,APOC3,0
RUVBL1,NOP16,0
IRF3,CMC1,0
EZH2,HINFP,0
FOSL2,PTTG1,0
HNF4A,NFIB,0
ARID2,MYC,0
EZH2,SNAPC1,0
NR3C1,TAF11,0
IRF3,CRAT,0
EZH2,RREB1,0
ARID2,MED30,0
MYBL2,PPFIBP2,0
NR3C1,SLC38A1,0
SMARCA4,TCF4,0
EPAS1,BLVRA,0
TEAD4,TARBP2,0
FOXA1,BCS1L,0
EZH2,DDX5,0
MYC,XRCC6,0
RUVBL1,CACYBP,0
HDAC2,THRB,0
EPAS1,PCNA,0
ARID2,PSAT1,0
MAFF,APOC2,0
FOXA1,WDR5,0
HNF4A,BIN1,0
CEBPD,TARDBP,0
SMARCA4,TK1,0
CEBPZ,DPH5,0
RFX5,NDUFAF4,0
BRCA1,PLRG1,0
FOSL2,E2F7,0
IRF3,TRIM25,0
RUVBL1,ZWINT,0
ARID2,VCAN,0
ATF3,ZFHX3,0
SRF,ZNF567,0
SMARCA4,UCP2,0
HNF4A,AKR1D1,0
TEAD4,GLIS3,0
NR3C1,DLGAP5,0
MAFF,MELK,0
SMARCA4,VTN,0
ARID2,NVL,0
RFX5,DDX39A,0
NR2F2,TIPIN,0
IRF3,MTTP,0
RFX5,WDR5,0
ARID2,GATAD2B,0
HNF4A,BLVRA,0
SRF,PUS7L,0
REST,SCAPER,0
IRF3,FOSL1,0
RUVBL1,ASNS,0
CEBPD,RFX6,0
MYC,PPARA,0
EZH2,ASNS,0
TEAD4,CNOT10,0
JUN,TPM2,0
EPAS1,HMGB2,0
MAFF,GATM,0
MAFF,CIDEB,0
HNF4A,VEZF1,0
ATF3,TP53,0
BRCA1,HMGA2,0
JUND,PON2,0
HDAC2,CENPN,0
ARID2,ARSE,0
TEAD4,HELLS,0
CEBPD,MTFP1,0
HNF4A,TOPORS,0
IRF3,STX8,0
EZH2,GTF2I,0
SMARCA4,CSRP2,0
CREB1,UMPS,0
NR3C1,E2F4,0
ARID2,PEF1,0
JUN,CBR1,0
IRF3,ZNF146,0
CEBPZ,APOC1,0
ARID2,LMO7,0
CEBPD,DPF2,0
JUND,E2F7,0
IRF3,SRSF3,0
JUN,COPS5,0
SMARCA4,GTF2I,0
RUVBL1,GTF3C4,0
MYC,DRAP1,0
RFX5,NME2,0
FOSL2,GTF2I,0
BRCA1,PIM2,0
SMARCA4,DROSHA,0
EPAS1,ELF1,0
HNF4A,PPARA,0
HNF4A,TPD52L1,0
TEAD4,PRIM1,0
FOXA1,CRABP2,0
EPAS1,ZNF300,0
ATF3,RBM39,0
RUVBL1,MCM8,0
ARID2,ZNF354A,0
RFX5,MATR3,0
MAFF,BCOR,0
IRF3,NUP93,0
HNF4A,WDR74,0
EPAS1,PIGH,0
MAFF,TGIF2,0
JUN,MEP1A,0
NR2F2,IQCB1,0
ARID2,DCLRE1C,0
NR2F2,SGK1,0
CEBPD,DPAGT1,0
CEBPZ,MCM4,0
BRCA1,MED30,0
HDAC2,ZHX1,0
ELF1,EHMT2,0
RUVBL1,SLC25A20,0
ATF3,TAF9B,0
MYC,ZWINT,0
REST,SERPINB1,0
HNF4A,RNF2,0
SRF,BZW2,0
CEBPZ,GLIS3,0
HNF4A,HMGN2,0
EPAS1,POLR2B,0
EPAS1,SMAD3,0
MAFF,CENPN,0
MAZ,TRIM59,0
ATF3,HPN,0
HNF4A,SSB,0
REST,NONO,0
FOXA1,GLIPR2,0
CEBPD,ZNF217,0
RUVBL1,CETN3,0
JUND,UGT2B11,0
CREB1,RBP2,0
RUVBL1,HNRNPH2,0
BRCA1,SPP1,0
CEBPZ,ETS1,0
BRCA1,SPINK1,0
MYBL2,TEAD2,0
IRF3,BTG2,0
ARID2,ALB,0
EZH2,SPTLC3,0
NR3C1,HDAC1,0
EZH2,ACOT7,0
HNF4A,ZNF300,0
JUN,BBS9,0
MAFF,SRSF6,0
TEAD4,MYCBP,0
SMARCC1,PIH1D1,0
JUND,CTBP1,0
RUVBL1,CUEDC2,0
CEBPD,FANCI,0
EPAS1,COMMD10,0
RUVBL1,SMARCA5,0
FOXA2,RARG,0
EPAS1,CREB3L3,0
JUN,XRCC6,0
TEAD4,LRR1,0
JUN,CENPU,0
FOSL2,GATA6,0
MAZ,HMGA2,0
CREB1,CDCA7L,0
CEBPZ,BSCL2,0
SRF,DCAF13,0
ARID2,CREB1,0
SMARCC1,AKR1D1,0
MYC,ANXA3,0
RFX5,SMAD3,0
CEBPZ,DEDD,0
NR3C1,DPF2,0
FOSL2,CTBP1,0
SMARCA4,FBL,0
REST,SRSF10,0
SMARCC1,DPCD,0
JUN,LAMB1,0
SRF,RBBP7,0
SRF,SMARCA4,0
CEBPZ,GTF2H2,0
REST,RAD51AP1,0
FOXA1,EGR1,0
JUN,E2F3,0
TEAD4,CEBPZ,0
ELF1,GRPR,0
CEBPZ,GNRH2,0
JUN,ZNF160,0
MYBL2,MCM6,0
NR3C1,NR1I3,0
SRF,LIN28A,0
NR3C1,FANCI,0
EZH2,FGB,0
SRF,GPN3,0
SRF,ZNF300,0
BRCA1,CEBPZ,0
SMARCA4,ATF3,0
RFX5,SMOX,0
RUVBL1,RNPS1,0
ATF3,NFYB,0
IRF3,MED30,0
SMARCA4,XRCC6,0
MYC,BMP2,0
EZH2,ID2,0
CEBPZ,IQGAP2,0
NR3C1,FOXM1,0
ARID2,FAM151A,0
ARID2,FOSB,0
EZH2,POLB,0
SRF,P4HA2,0
CEBPZ,MCM2,0
NR3C1,DNMT3B,0
BRCA1,KIF22,0
TEAD4,MATR3,0
MYBL2,SFRP1,0
RFX5,SLC38A2,0
JUND,SULF2,0
REST,DPCD,0
RUVBL1,IFITM1,0
IRF3,APOC3,0
FOXA1,SMARCA4,0
TEAD4,NUDT1,0
MAZ,CIDEB,0
MAZ,DERA,0
EPAS1,MAD2L1,0
IRF3,NDUFAF5,0
MAZ,MTAP,0
EZH2,USP7,0
BRCA1,IVNS1ABP,0
ATF3,NUP37,0
EPAS1,ETV5,0
FOXA1,DDIT4,0
MAZ,ZNF670,0
BRCA1,HGD,0
MAZ,CREG1,0
RFX5,PIAS2,0
ARID2,GTF2H3,0
CREB1,IFITM2,0
IRF3,ANXA3,0
SRF,EWSR1,0
HDAC2,UTP18,0
EZH2,BMPR1A,0
IRF3,AEBP2,0
EZH2,MCM2,0
EZH2,HIBCH,0
EZH2,TOP2B,0
MYBL2,ZHX1,0
HDAC2,MUSTN1,0
EPAS1,MORN2,0
IRF3,CAPG,0
CEBPZ,DNASE1,0
TEAD4,GATM,0
EPAS1,ISG15,0
EZH2,ECD,0
NR3C1,PARPBP,0
RFX5,TRIM27,0
SRF,ZNF74,0
BRCA1,CEBPD,0
IRF3,CENPN,0
ARID2,SNRPB,0
MYC,TFPI,0
ATF3,BCOR,0
NR3C1,THYN1,0
ATF3,PON2,0
TEAD4,PSMG1,0
CEBPZ,HNRNPAB,0
HNF4A,DAB2,0
JUND,ANG,0
EPAS1,IVNS1ABP,0
NR2F2,SOX2,0
BRCA1,CUEDC2,0
RUVBL1,CDC20,0
SMARCA4,MAF,0
CEBPD,NR1I3,0
ATF3,SLC7A6,0
RFX5,TGIF2,0
JUN,GLIS3,0
NR2F2,CTPS1,0
IRF3,SALL4,0
REST,DPAGT1,0
EZH2,ACADVL,0
TEAD4,GNRH2,0
JUN,SERPINB1,0
IRF3,RFC4,0
EZH2,CDCA3,0
HDAC2,HNF1B,0
NR3C1,POU5F1,0
SMARCC1,USP7,0
CEBPZ,PHF5A,0
RUVBL1,ARSE,0
TEAD4,POU2F1,0
RUVBL1,E2F3,0
SRF,MPHOSPH9,0
ARID2,USP44,0
NR3C1,LAMB2,0
HNF4A,DDX39A,0
EZH2,BLVRA,0
HDAC2,TCEA1,0
EZH2,CBX3,0
FOXA1,HMGN1,0
ARID2,WARS,0
FOXA1,ODF2L,0
FOSL2,CEBPD,0
HNF4A,HDGF,0
EZH2,ALG6,0
EPAS1,GATAD2B,0
MAFF,WBP11,0
NR3C1,S100A16,0
MAFF,FASTKD2,0
SRF,PMS1,0
CEBPZ,RAB34,0
HDAC2,ZFYVE21,0
CEBPZ,GSTK1,0
ATF3,PPARA,0
RUVBL1,MAFF,0
ATF3,MED21,0
HNF4A,WDR54,0
SMARCA4,PCGF6,0
RUVBL1,SIRT2,0
NR3C1,CHAF1A,0
SRF,IL6ST,0
EPAS1,BST2,0
BRCA1,MYBBP1A,0
BRCA1,SP4,0
RUVBL1,FOSL2,0
CEBPZ,ESPL1,0
ELF1,BMP2,0
CREB1,TRERF1,0
SRF,GRHL1,0
SMARCA4,AHSG,0
FOXA2,S100A6,0
TEAD4,HERPUD1,0
REST,CTSC,0
SRF,FBL,0
EPAS1,ISY1,0
ATF3,UTRN,0
MAZ,MYCN,0
RFX5,LAMC1,0
ARID2,ISG15,0
RUVBL1,F2RL1,0
EZH2,CSRP2,0
JUN,HIF3A,0
ATF3,PYGL,0
FOXA1,ITGB3BP,0
CEBPZ,ZFAND2A,0
ARID2,ATG4C,0
HDAC2,UHRF1,0
RUVBL1,BTG2,0
NR3C1,MCM7,0
SMARCC1,RAB34,0
MAFF,TRIM59,0
ATF3,WIPI1,0
EZH2,GEMIN2,0
CEBPD,RARG,0
EPAS1,WIPI1,0
SRF,POU5F1,0
CEBPZ,ID3,0
SMARCA4,CEP70,0
JUND,TCF7L1,0
JUN,TARBP2,0
EPAS1,DNAH14,0
SMARCA4,GLIS3,0
CEBPZ,MLF1,0
MYC,TRERF1,0
HNF4A,YBX1,0
REST,PRC1,0
ARID2,CTBP1,0
HNF4A,GYG1,0
EZH2,POLR2L,0
REST,GEMIN8,0
BRCA1,ISY1,0
NR2F2,RAD51C,0
ATF3,ADSL,0
RUVBL1,RFC2,0
SRF,TRIM28,0
SRF,POU2F1,0
ATF3,KLF6,0
MYC,CEBPD,0
MYBL2,HIPK2,0
BRCA1,CCNB1,0
SRF,EBNA1BP2,0
EZH2,CHAF1A,0
MYC,ALDH1A1,0
JUND,AFP,0
JUN,THRAP3,0
MYBL2,FAM151A,0
RFX5,BUB1,0
RFX5,ADSL,0
CEBPZ,MRPL1,0
JUN,NUP85,0
ARID2,IRF1,0
SMARCC1,JAZF1,0
MYBL2,SALL2,0
JUN,AATF,0
RUVBL1,ETV1,0
CREB1,PAX6,0
TEAD4,EOMES,0
MAFF,POLR3E,0
FOSL2,SLC25A20,0
RUVBL1,TEAD2,0
BRCA1,HCFC1,0
ARID2,FOSL1,0
CEBPD,AFP,0
MAFF,PWP1,0
ARID2,NEK2,0
HNF4A,ID2,0
MAZ,GLIS3,0
RUVBL1,LGALS2,0
SRF,CNTRL,0
BRCA1,TATDN3,0
JUN,ZNF146,0
EPAS1,WDR74,0
REST,NR2F6,0
JUN,LCMT1,0
CEBPZ,SERTAD3,0
CEBPD,SDAD1,0
RFX5,P4HA2,0
ARID2,GLIS3,0
HNF4A,POLR1D,0
IRF3,NAA15,0
SMARCC1,MAP1B,0
BRCA1,GSTA2,0
NR3C1,MYBBP1A,0
BRCA1,ILF3,0
EZH2,HDAC2,0
RFX5,CTSC,0
JUN,HNF1B,0
BRCA1,TBX3,0
MAFF,CMC1,0
NR3C1,ZWILCH,0
SRF,ASNS,0
MYBL2,HIF3A,0
FOXA1,TCF19,0
MAFF,PDZK1,0
ATF3,CKAP2,0
SMARCA4,FABP1,0
RUVBL1,COPS5,0
REST,CSRP2,0
ATF3,ZNF581,0
EPAS1,HNF4A,0
HNF4A,GABPB1,0
HDAC2,PLRG1,0
ATF3,CCNB2,0
SRF,ING5,0
BRCA1,CA2,0
IRF3,PRC1,0
RFX5,NEIL2,0
ATF3,TRIM28,0
RFX5,PPT1,0
IRF3,ORC4,0
EZH2,ZWINT,0
FOXA2,TPM2,0
MYBL2,SLC35D2,0
EPAS1,PPARA,0
BRCA1,RFXANK,0
MAFF,AASS,0
ARID2,C9ORF72,0
NR2F2,SRSF10,0
EPAS1,IQGAP2,0
BRCA1,C12ORF10,0
ARID2,CENPU,0
SMARCA4,ATG4C,0
NR3C1,DEPDC7,0
SMARCA4,TBX3,0
CEBPZ,TRERF1,0
EPAS1,HNRNPAB,0
JUN,PWP1,0
HDAC2,NEIL2,0
JUN,IFITM1,0
MAFF,ASNS,0
CREB1,LIN28A,0
IRF3,FANCB,0
MAFF,GTF3C4,0
EPAS1,NIP7,0
BRCA1,USP44,0
NR3C1,CNOT10,0
MAFF,IFITM2,0
CEBPZ,SRSF10,0
IRF3,MAD2L1,0
EZH2,HERPUD1,0
MYC,NEDD1,0
JUN,VPS72,0
EPAS1,GTF3C5,0
TEAD4,SMOX,0
NR2F2,TMEM37,0
SMARCA4,SRSF3,0
EZH2,APEH,0
ATF3,TOP2B,0
SRF,ZNF589,0
ARID2,POLR1B,0
TEAD4,CTDSPL,0
CEBPZ,GGCT,0
SMARCC1,HMGCS2,0
RUVBL1,THOC1,0
ARID2,TSFM,0
HDAC2,ACAD11,0
ATF3,PA2G4,0
JUND,PRPS2,0
ARID2,ZNF670,0
MAZ,BMP2,0
SMARCA4,HSD17B11,0
SMARCC1,ZNF239,0
SMARCA4,ODF2L,0
EPAS1,SMARCA5,0
FOXA1,TUBB6,0
EZH2,CAMK2D,0
HNF4A,ELAVL2,0
SMARCA4,LAMC1,0
RUVBL1,FAM114A1,0
SRF,GATAD2B,0
ARID2,SMARCC1,0
MAZ,DDIT4,0
FOSL2,ZNF644,0
BRCA1,AXL,0
MAZ,ZFAND2A,0
ARID2,POLR3D,0
CEBPD,MCM3,0
EZH2,SALL4,0
MAFF,AATF,0
CEBPZ,THAP1,0
NR3C1,ANAPC7,0
MAFF,SLC38A2,0
CEBPZ,AGTRAP,0
JUN,CREG1,0
MYC,CSDE1,0
EPAS1,NR2F2,0
IRF3,CA2,0
MYBL2,H1F0,0
EZH2,BIRC5,0
RUVBL1,KDM4C,0
FOSL2,NR2F2,0
SRF,TCF25,0
RFX5,PIM2,0
EZH2,WDYHV1,0
RFX5,PAFAH1B3,0
SRF,NUDT1,0
SRF,ECT2,0
EPAS1,APOA2,0
HNF4A,AFP,0
NR3C1,BPHL,0
SMARCA4,PEMT,0
ATF3,SAAL1,0
RUVBL1,PDCD11,0
HDAC2,USP44,0
EZH2,TAF1A,0
JUN,LGALS3,0
RUVBL1,MRPL1,0
NR2F2,MPC1,0
ARID2,ZFP36,0
FOXA2,ETS1,0
HDAC2,TMEM37,0
CEBPD,YEATS4,0
BRCA1,ERCC8,0
SMARCC1,UGT2B11,0
ARID2,S100A6,0
TEAD4,GTF3C5,0
HDAC2,LIN28A,0
RFX5,DLGAP5,0
HNF4A,DPF2,0
FOXA1,FANCB,0
SMARCA4,ING1,0
RUVBL1,PIAS3,0
ARID2,APEH,0
REST,CYP3A5,0
CEBPZ,HMGN2,0
BRCA1,MST1,0
BRCA1,C11ORF1,0
MAFF,FOXA2,0
IRF3,FHL2,0
MYC,AHR,0
ARID2,CTPS1,0
RUVBL1,MEST,0
CREB1,ELAVL2,0
SRF,CREB3L2,0
IRF3,HERPUD1,0
JUN,HAT1,0
SMARCA4,RAB34,0
TEAD4,NUP37,0
ELF1,ELAVL2,0
BRCA1,ING3,0
BRCA1,YEATS4,0
RUVBL1,PPIL1,0
ATF3,MCM4,0
RFX5,SUPV3L1,0
SMARCA4,DNASE1,0
ARID2,CCNB2,0
SMARCA4,EZH2,0
REST,TCF7L1,0
MYBL2,RARG,0
EZH2,WIPI1,0
EZH2,SMC4,0
CEBPZ,TADA3,0
BRCA1,SALL4,0
HNF4A,ARG2,0
NR2F2,ICA1,0
FOSL2,PAFAH1B3,0
IRF3,MEP1A,0
MAZ,ORC2,0
MAZ,KDM4C,0
MYC,NEIL2,0
HDAC2,INMT,0
ARID2,CDK1,0
SMARCA4,NONO,0
ATF3,TMEM177,0
ATF3,NR2F2,0
MYC,ELF1,0
ARID2,UTP18,0
FOXA1,DERA,0
SRF,PSIP1,0
MYC,RARG,0
CEBPD,BUB1B,0
FOXA1,ACAA1,0
ARID2,ZNF644,0
CEBPZ,VTN,0
EPAS1,CAPG,0
RUVBL1,NCAPG,0
CEBPZ,TIMM9,0
ATF3,NOP16,0
HNF4A,POLR1C,0
ARID2,ANPEP,0
FOSL2,XBP1,0
REST,CNTRL,0
MAZ,BIN1,0
CEBPD,PIH1D1,0
BRCA1,TMEM69,0
NR3C1,PTTG1,0
CEBPZ,EGR1,0
ARID2,PPARA,0
IRF3,SNRPD1,0
SRF,ERBB4,0
SRF,GSTA1,0
IRF3,TAF11,0
IRF3,RNF138,0
EPAS1,JUN,0
EPAS1,BMPR1A,0
RUVBL1,PA2G4,0
ELF1,DPF2,0
FOSL2,DPF2,0
ARID2,RBBP4,0
MAFF,TM4SF4,0
SMARCC1,FANCB,0
RFX5,DNASE1,0
ATF3,HMMR,0
ARID2,OCIAD2,0
EPAS1,LHX1,0
BRCA1,CHEK2,0
MYBL2,PRPS2,0
TEAD4,YBX1,0
JUND,CTDSPL,0
HDAC2,POU2F1,0
CEBPZ,UCHL1,0
FOXA1,FAM151A,0
BRCA1,DDX5,0
JUN,ZNF770,0
SMARCA4,PPARA,0
ELF1,NEIL2,0
EPAS1,HIBCH,0
SRF,SMARCE1,0
TEAD4,MPC1,0
EPAS1,MST1,0
NR2F2,SMAD2,0
HNF4A,NFYB,0
NR2F2,RREB1,0
CEBPZ,DDAH1,0
IRF3,FXR1,0
ATF3,DPF2,0
JUN,DERA,0
MAFF,SMAD5,0
RFX5,SIL1,0
MAFF,NONO,0
ATF3,POLR3E,0
FOXA1,LGALS2,0
CEBPZ,AMBP,0
RFX5,IFITM3,0
NR3C1,ATL2,0
JUN,PIM2,0
ARID2,GABPB1,0
BRCA1,NUDT15,0
EPAS1,ERCC8,0
RUVBL1,MXD1,0
EZH2,CREB3L4,0
EZH2,BTF3,0
ATF3,AXL,0
NR2F2,PIH1D1,0
SRF,FAM13A,0
NR3C1,WDR74,0
JUN,POLR3E,0
ELF1,DDIT4,0
HDAC2,HMGN1,0
NR3C1,NR2F2,0
FOSL2,CIDEB,0
EPAS1,BPHL,0
TEAD4,CDCA7L,0
HNF4A,HPRT1,0
CREB1,VCAN,0
CREB1,EOMES,0
MYC,ZDHHC4,0
ELF1,TCFL5,0
MAZ,CEBPZ,0
SRF,AIMP2,0
NR3C1,IRF9,0
ATF3,ANAPC7,0
FOXA1,IFITM1,0
IRF3,ACADVL,0
HDAC2,ANLN,0
IRF3,VRK1,0
CEBPZ,DPCD,0
HNF4A,RFC4,0
MYBL2,S100A6,0
FOXA1,DUT,0
ATF3,TTF2,0
IRF3,USP7,0
EZH2,PSAT1,0
TEAD4,CDK1,0
RUVBL1,TIMM9,0
EZH2,PHB2,0
MYBL2,MYCBP,0
EPAS1,CHEK2,0
CEBPD,CDX2,0
EPAS1,CDCA3,0
EZH2,BZW2,0
CEBPZ,F3,0
HDAC2,ZBTB3,0
SRF,GSTK1,0
JUN,PARPBP,0
SMARCA4,ZNF581,0
FOSL2,UCHL1,0
EZH2,PMS1,0
IRF3,ABT1,0
BRCA1,C19ORF48,0
EZH2,CHEK2,0
TEAD4,NCAPG,0
MYBL2,GSTA2,0
TEAD4,ZWILCH,0
FOXA1,APEH,0
REST,NR1I3,0
RFX5,CA2,0
SMARCA4,BRIX1,0
BRCA1,DNPEP,0
EPAS1,TEX10,0
MYC,E2F4,0
CEBPZ,NEDD1,0
MAFF,TAF6,0
BRCA1,POLR1E,0
SRF,ETV4,0
EZH2,EGR1,0
MAFF,CAPG,0
SMARCC1,APOC1,0
ARID2,BTF3,0
SMARCA4,JUND,0
REST,PITX1,0
RUVBL1,EFTUD2,0
MAZ,APOA4,0
SMARCA4,ERCC8,0
IRF3,DR1,0
MYBL2,SMOX,0
ATF3,S100A6,0
EZH2,PRIM1,0
SMARCA4,DCLRE1C,0
ARID2,ANXA4,0
ATF3,RBMX,0
TEAD4,RFX5,0
NR2F2,BSCL2,0
ARID2,HNRNPUL1,0
JUN,ECHDC2,0
HNF4A,GTF2E1,0
EPAS1,C1GALT1,0
IRF3,PRKCE,0
FOSL2,TADA3,0
FOSL2,E2F3,0
FOSL2,CTDSPL,0
ATF3,RNASEH2A,0
NR2F2,BCOR,0
CEBPZ,NIP7,0
SMARCA4,HAT1,0
EPAS1,RAMP1,0
REST,PLRG1,0
NR2F2,MCM6,0
NR3C1,GRHL1,0
CEBPZ,PDLIM7,0
ATF3,XBP1,0
SMARCA4,HMGCL,0
EPAS1,CEP70,0
NR2F2,SUB1,0
FOXA2,BST2,0
HDAC2,CETN3,0
SRF,PTTG1,0
MAFF,DDX54,0
EZH2,RNPS1,0
RUVBL1,TCF4,0
JUN,CENPF,0
RUVBL1,COMMD3,0
JUN,RFX5,0
SRF,ZNF239,0
BRCA1,FOXA2,0
SRF,GMEB1,0
HNF4A,ISY1,0
IRF3,ZBTB24,0
TEAD4,PDLIM7,0
RFX5,RAB28,0
SRF,THRAP3,0
NR3C1,CENPN,0
HDAC2,ANXA3,0
FOXA1,HPRT1,0
MAFF,ZDHHC4,0
CEBPD,TADA3,0
HNF4A,HIST1H1E,0
NR2F2,PTMA,0
BRCA1,BDP1,0
EPAS1,TOP2B,0
RUVBL1,CHD8,0
CEBPZ,MMS22L,0
REST,TADA3,0
BRCA1,TGIF2,0
FOSL2,SRSF6,0
EPAS1,BTG2,0
IRF3,FUCA1,0
NR3C1,YARS,0
EZH2,SNRPD1,0
TEAD4,TEX10,0
NR2F2,BLM,0
IRF3,NUSAP1,0
TEAD4,DPH5,0
SMARCA4,THAP11,0
NR3C1,ZFP36,0
FOSL2,WDR74,0
MYC,SCD5,0
ARID2,HDGF,0
EZH2,WDR43,0
IRF3,STAT2,0
SMARCA4,SSBP3,0
NR3C1,ZFYVE21,0
TEAD4,NME2,0
RFX5,HPRT1,0
SMARCA4,BCOR,0
MAZ,PDGFRA,0
CEBPZ,YEATS4,0
RFX5,CEBPA,0
TEAD4,SLC38A2,0
SMARCA4,HIF1AN,0
RFX5,TAF1B,0
TEAD4,CDK4,0
TEAD4,ID2,0
ARID2,CNBP,0
MYC,VEZF1,0
EPAS1,KLHL7,0
SRF,MIS18BP1,0
FOXA2,BIN1,0
EZH2,F2RL1,0
CEBPZ,BZW2,0
EPAS1,MED21,0
HDAC2,POLR3D,0
BRCA1,TRIM28,0
CEBPD,SMARCE1,0
FOSL2,SMAD3,0
JUND,UHRF1,0
CEBPZ,TCF19,0
EZH2,DNAH14,0
RUVBL1,FOXM1,0
CEBPD,SLC35D2,0
JUN,SMOX,0
BRCA1,ZNF354A,0
EZH2,LMO7,0
TEAD4,ATL2,0
EZH2,CRYZL1,0
RUVBL1,KIF22,0
REST,KLF3,0
FOXA1,STX8,0
SMARCA4,MLXIPL,0
MYC,BRCA1,0
ELF1,MLF1,0
MAFF,NR2F2,0
SMARCC1,ORC2,0
JUN,VCAN,0
MAFF,CTSC,0
RFX5,TMEM177,0
RFX5,TGIF1,0
SMARCA4,DDIT3,0
RFX5,KNG1,0
NR3C1,APOA2,0
BRCA1,GEMIN8,0
ARID2,KIF23,0
NR3C1,CYP3A5,0
HNF4A,KIF20B,0
JUND,PIAS3,0
SRF,ACAA1,0
BRCA1,TPX2,0
EPAS1,XRCC5,0
RFX5,F3,0
ARID2,EOMES,0
SMARCC1,NR5A2,0
RUVBL1,TMEM120A,0
BRCA1,TTF2,0
CEBPZ,MUSTN1,0
FOXA2,FGB,0
NR3C1,CAPG,0
TEAD4,APOC2,0
NR3C1,DPH5,0
CEBPZ,NR5A2,0
CEBPZ,FABP1,0
SMARCA4,CENPW,0
ARID2,F10,0
EZH2,TFDP2,0
RFX5,FGA,0
NR3C1,CTDSPL,0
MYC,DDX20,0
NR3C1,SGK1,0
CEBPZ,FANCI,0
EZH2,POLR3E,0
CEBPD,COMMD3,0
BRCA1,ING5,0
SMARCA4,ASL,0
EPAS1,EWSR1,0
RUVBL1,DKC1,0
ELF1,PHGDH,0
CEBPZ,CENPE,0
RUVBL1,CUTC,0
RUVBL1,MSH2,0
MYC,DNMT1,0
CEBPZ,JMJD1C,0
BRCA1,TF,0
MYBL2,CDCA7L,0
CEBPZ,ZNF670,0
JUN,SMARCE1,0
ARID2,RNF19A,0
RUVBL1,GNRH2,0
CEBPD,ODF2L,0
ATF3,RARG,0
RFX5,F2RL1,0
IRF3,AFP,0
IRF3,CCNB2,0
CEBPZ,BPHL,0
EPAS1,SSBP3,0
MAFF,CDCA3,0
MAFF,TUBB6,0
SRF,AATF,0
MYC,GATA6,0
ATF3,APOB,0
MAZ,TFDP1,0
MAFF,PPP1R7,0
TEAD4,LAMC1,0
FOXA1,EPHX2,0
JUN,RREB1,0
EZH2,SLC35D2,0
ELF1,EOMES,0
SMARCA4,APOC3,0
MYC,NUPR1,0
SMARCA4,POLR3E,0
BRCA1,TP53,0
ATF3,MLF1,0
JUN,APEX1,0
MYC,ETV1,0
FOSL2,SEC11C,0
JUN,HPRT1,0
NR2F2,PEG3,0
RUVBL1,P4HA2,0
EZH2,RGN,0
ATF3,EIF5B,0
RUVBL1,NUF2,0
JUND,TCF19,0
JUN,UCP2,0
CEBPZ,WDYHV1,0
IRF3,MED21,0
EPAS1,TPM2,0
HDAC2,SRSF10,0
IRF3,PLRG1,0
ARID2,CENPF,0
SMARCA4,TBL1X,0
SMARCA4,THAP1,0
JUND,GLIS3,0
TEAD4,PDGFRA,0
EZH2,SRSF10,0
MYC,NR5A2,0
IRF3,FGG,0
NR3C1,UCP2,0
CEBPD,BCL11B,0
TEAD4,VRK1,0
REST,GALK1,0
HNF4A,CTPS1,0
MAFF,HNRNPD,0
IRF3,IVNS1ABP,0
SRF,RAD51,0
CEBPZ,MAD2L1,0
ARID2,DCAF13,0
BRCA1,ZNF561,0
BRCA1,LMO7,0
MYC,CCDC82,0
REST,FOXP1,0
JUND,GATA4,0
HDAC2,C12ORF10,0
FOXA2,APOC2,0
NR3C1,ZNF160,0
ARID2,ZSCAN21,0
SRF,EED,0
EZH2,POU2F1,0
SRF,DDB2,0
MYBL2,SCD5,0
MAFF,WDR43,0
MYC,UTRN,0
EPAS1,RHOBTB3,0
CEBPZ,FAM114A1,0
RFX5,ASNS,0
SRF,ETV5,0
RUVBL1,DDAH1,0
ARID2,TCERG1,0
CEBPZ,DRAP1,0
IRF3,PRMT5,0
BRCA1,FXYD5,0
HNF4A,TADA3,0
MYBL2,RAB34,0
ATF3,C12ORF45,0
RFX5,GALK1,0
SMARCA4,IRF3,0
JUN,NONO,0
ARID2,AFF4,0
HDAC2,ZFAND2A,0
FOSL2,STAT2,0
CEBPD,WDR5,0
ARID2,ALG6,0
IRF3,LGALS3,0
NR3C1,CETN3,0
EZH2,ANPEP,0
EZH2,DECR1,0
RUVBL1,ZSCAN21,0
SMARCA4,NCAPG,0
TEAD4,U2AF1,0
CEBPD,SRSF6,0
RFX5,RAD51AP1,0
HNF4A,USP44,0
MYC,SERPINB1,0
RUVBL1,PIGH,0
FOSL2,TFPI,0
NR3C1,MSH2,0
FOSL2,LGALS2,0
ATF3,AHSG,0
EZH2,PDGFA,0
SRF,TIMELESS,0
NR3C1,PMS1,0
FOXA1,TCF7L1,0
NR2F2,CCS,0
EPAS1,ACADVL,0
TEAD4,AHR,0
IRF3,ELAVL2,0
SRF,MMS22L,0
HDAC2,B4GALT3,0
HNF4A,CDCA7L,0
IRF3,IFITM1,0
ARID2,NT5DC2,0
SRF,APEH,0
EZH2,ICE2,0
IRF3,PAFAH1B3,0
MYC,WDR54,0
MYBL2,ZFP36,0
NR2F2,PHGDH,0
MAFF,ARL6IP6,0
CEBPZ,EYA3,0
ARID2,DNASE1,0
ELF1,CREB3L3,0
HDAC2,DPYSL2,0
CEBPZ,RBM39,0
REST,TOP2A,0
BRCA1,WDR5,0
NR3C1,NUP85,0
CEBPZ,BST2,0
ARID2,RNASEH2A,0
MAZ,CCNB1,0
RUVBL1,RAD51C,0
ARID2,SUB1,0
JUN,APOC2,0
NR3C1,BSCL2,0
NR3C1,MCM2,0
ARID2,RAD51C,0
MYBL2,THRB,0
RUVBL1,ZFAND2A,0
ATF3,CUEDC2,0
JUN,PLK1,0
ELF1,XBP1,0
SRF,JAZF1,0
MAFF,PUS7L,0
CEBPZ,EPAS1,0
IRF3,DNAH14,0
EPAS1,FANCL,0
FOXA1,BMP2,0
NR3C1,FOXA2,0
MYC,CHAF1A,0
NR2F2,SIRT1,0
CEBPZ,RARG,0
CEBPZ,UTP18,0
BRCA1,RUVBL2,0
HNF4A,PSIP1,0
MAFF,PSIP1,0
EPAS1,EFNA1,0
EPAS1,SIRT1,0
JUND,WFDC2,0
TEAD4,CDX2,0
JUN,RRM1,0
EPAS1,IMP4,0
JUND,WDR5,0
NR3C1,WIPI1,0
RFX5,ANAPC4,0
MYBL2,CTSE,0
MYC,AASS,0
EPAS1,AFF4,0
SRF,REST,0
CEBPD,ELAVL2,0
ELF1,TAF9B,0
HNF4A,RNASE4,0
ATF3,ETS1,0
SRF,ARG2,0
ARID2,PSIP1,0
SRF,TTF2,0
CEBPZ,SNRPB,0
ELF1,F2RL1,0
TEAD4,NPM1,0
JUND,TFDP1,0
JUN,BCL11B,0
RUVBL1,DPF2,0
MYC,EWSR1,0
REST,UTRN,0
SMARCA4,ALB,0
SMARCA4,MCM6,0
SRF,HNRNPH2,0
EPAS1,NR3C1,0
RFX5,DNMT1,0
HNF4A,MIS18BP1,0
EPAS1,E2F5,0
RUVBL1,TCF25,0
JUN,TTF2,0
MAZ,MEP1A,0
MAZ,ITIH4,0
BRCA1,ASNS,0
ARID2,GATA4,0
NR3C1,IL6ST,0
MYC,ZNF670,0
EZH2,DDX39A,0
HNF4A,TFF1,0
EZH2,FANCL,0
REST,ANKRD1,0
IRF3,XPO5,0
MAZ,RNASEH2A,0
TEAD4,TCF4,0
EPAS1,SUV39H2,0
REST,RBBP7,0
SRF,DNASE1,0
EPAS1,POLR3E,0
MAFF,DOT1L,0
RUVBL1,CREB1,0
FOXA2,ZRANB2,0
EPAS1,RAD51,0
ARID2,SMARCE1,0
EZH2,CENPE,0
ELF1,TTR,0
IRF3,MYCBP,0
MAZ,TEAD2,0
TEAD4,ASL,0
HNF4A,BSCL2,0
IRF3,HPX,0
ARID2,ZNF74,0
RUVBL1,NFKBIZ,0
JUND,CTPS1,0
EPAS1,C19ORF48,0
MYC,CHD8,0
SMARCA4,LDB2,0
EZH2,TBPL1,0
BRCA1,EHMT2,0
JUN,ZNF91,0
IRF3,ASPH,0
CEBPZ,G6PC3,0
JUN,INMT,0
SMARCA4,RARG,0
FOSL2,CDX2,0
EZH2,RUVBL1,0
SMARCA4,CAPG,0
NR3C1,MTMR2,0
HDAC2,ADNP,0
ARID2,FUCA1,0
MYBL2,HCFC1,0
ATF3,GTF3C5,0
IRF3,CEP70,0
ARID2,SALL2,0
FOXA2,FEN1,0
FOXA1,NONO,0
MAFF,IFITM1,0
JUN,TRIM27,0
MAFF,FXR1,0
REST,HTATSF1,0
REST,PDGFA,0
MAFF,GPN3,0
SMARCC1,PDGFA,0
HNF4A,MAP1B,0
IRF3,BTG1,0
EPAS1,GATA6,0
ARID2,ASPH,0
EZH2,POLR1D,0
SMARCA4,POLR1C,0
RUVBL1,CNOT7,0
NR3C1,HNRNPR,0
CREB1,C3ORF14,0
MYBL2,RREB1,0
JUND,FANCB,0
TEAD4,ING5,0
RUVBL1,YAF2,0
EZH2,TM4SF4,0
FOXA1,EXOSC3,0
FOXA1,TFE3,0
TEAD4,TTF2,0
EPAS1,AURKB,0
RUVBL1,ZNF770,0
EZH2,AEBP2,0
RUVBL1,SCAPER,0
ELF1,PBX1,0
SRF,SLC7A6,0
HDAC2,CEBPD,0
MAFF,HPN,0
TEAD4,E2F3,0
JUND,POLR2F,0
TEAD4,COMMD10,0
SMARCA4,ID2,0
ATF3,PCGF6,0
REST,ANPEP,0
RUVBL1,ASPH,0
TEAD4,PARPBP,0
RFX5,DKC1,0
MYBL2,AKR1D1,0
HDAC2,RFC2,0
ATF3,EEF1E1,0
ARID2,E2F4,0
IRF3,DEDD,0
BRCA1,UHRF1,0
ARID2,CCND1,0
MYC,CKAP2,0
ELF1,PRPS2,0
JUND,CDX2,0
TEAD4,GALK1,0
ARID2,NEDD1,0
RFX5,S100A6,0
SRF,ATIC,0
BRCA1,SRSF3,0
ATF3,DR1,0
EPAS1,ASXL1,0
EPAS1,BSCL2,0
NR3C1,CIDEB,0
RUVBL1,VEZF1,0
BRCA1,MORN2,0
RFX5,ALG6,0
ATF3,PAWR,0
EZH2,F2,0
IRF3,IMP4,0
BRCA1,DDC,0
FOSL2,KLF5,0
ARID2,ARG2,0
TEAD4,REST,0
FOXA1,UTRN,0
NR2F2,GNRH2,0
HNF4A,PPFIBP2,0
BRCA1,MRPL1,0
CEBPZ,ZNF561,0
CEBPD,PRC1,0
SMARCA4,MCM7,0
ATF3,ERCC8,0
MYC,FABP1,0
SRF,ICA1,0
MYC,ALDH9A1,0
JUND,CSRP2,0
JUN,ARSE,0
TEAD4,NONO,0
SMARCA4,QPCT,0
SMARCA4,NDUFAF5,0
SRF,SLC7A7,0
JUND,RNF4,0
TEAD4,ZNF766,0
RUVBL1,ATF3,0
IRF3,BZW2,0
SRF,DEDD,0
FOXA1,DR1,0
MAZ,TRIP13,0
JUND,ALDH1A1,0
JUND,KLF3,0
ARID2,ZNF287,0
MYBL2,DOT1L,0
HNF4A,CYP3A5,0
EZH2,CEBPA,0
FOXA2,TOPORS,0
EPAS1,F2RL1,0
JUN,ATG4C,0
CEBPD,ZNF227,0
EPAS1,PEG3,0
IRF3,SSBP2,0
NR2F2,PDLIM7,0
BRCA1,SMOX,0
NR3C1,MED21,0
ARID2,ZNF232,0
CEBPZ,APOB,0
ARID2,RAD51,0
CEBPZ,PAPOLA,0
ARID2,WDR54,0
JUN,HPX,0
REST,ODF2L,0
EZH2,CEP70,0
MAFF,AXL,0
SRF,DAB2,0
JUN,YEATS4,0
RUVBL1,TGIF2,0
SMARCA4,DCAF13,0
EZH2,COPS2,0
TEAD4,FXR1,0
RUVBL1,DPH5,0
ATF3,SPTLC3,0
TEAD4,RFC1,0
JUN,DSN1,0
BRCA1,G6PC3,0
EPAS1,PRKCE,0
ELF1,RBP2,0
BRCA1,FANCB,0
BRCA1,SUB1,0
JUN,USP44,0
REST,NT5DC2,0
MYBL2,MAPK1,0
EZH2,ILF3,0
SRF,UGT2B11,0
MYC,ECT2,0
FOXA1,BIN1,0
EPAS1,EXOSC3,0
ARID2,ACADVL,0
JUND,RNASEH2A,0
ELF1,BTG2,0
ATF3,TIMM9,0
HDAC2,ZNF300,0
REST,TTF2,0
TEAD4,MCM2,0
EPAS1,PSAT1,0
CEBPD,CYP3A5,0
TEAD4,PMS1,0
MYC,DPYSL2,0
NR3C1,KLHL7,0
SMARCA4,FASTKD2,0
JUN,CDC20,0
SMARCA4,CTDSPL,0
SMARCC1,GRPR,0
BRCA1,STMN1,0
HDAC2,TNNI3,0
IRF3,HELLS,0
IRF3,DECR1,0
SMARCA4,H1F0,0
RUVBL1,TAF11,0
CEBPZ,SERPINB1,0
BRCA1,RBP2,0
ARID2,HIF1AN,0
BRCA1,RRM1,0
ATF3,LHX1,0
EPAS1,GNRH2,0
TEAD4,ARL6IP6,0
TEAD4,BPHL,0
JUN,SRSF3,0
BRCA1,P4HA2,0
BRCA1,CREB3L3,0
SMARCC1,DNAH14,0
JUN,SSBP3,0
EZH2,PHF5A,0
NR3C1,HIF3A,0
SRF,ITGB3BP,0
BRCA1,SSBP3,0
HDAC2,VCAN,0
BRCA1,TRIM27,0
SMARCC1,DDX39A,0
JUN,TF,0
SMARCC1,ITIH4,0
EZH2,TBRG4,0
MAZ,POLR1B,0
REST,TCEA1,0
SRF,FANCB,0
BRCA1,MXD1,0
CREB1,ACTC1,0
REST,UBE2C,0
CEBPD,CCNB1,0
SRF,SMAD3,0
REST,RAB34,0
CEBPD,HIPK2,0
TEAD4,ACY1,0
IRF3,PPIL1,0
JUN,MT1X,0
BRCA1,SSBP2,0
MAZ,ALB,0
IRF3,VCAN,0
IRF3,SRRM1,0
CEBPD,RREB1,0
ARID2,SLC25A20,0
SRF,MUSTN1,0
RUVBL1,GSN,0
MYBL2,GATA6,0
CEBPZ,ZFP64,0
REST,ACADVL,0
NR2F2,HMGA1,0
IRF3,C1GALT1,0
FOXA2,RBMX,0
NR3C1,TAF1A,0
NR3C1,PBX1,0
SMARCA4,MYBL2,0
FOXA1,PDLIM7,0
ATF3,ACADVL,0
EZH2,MGST2,0
CEBPZ,POU2F1,0
CEBPZ,ALDH1A1,0
SRF,HGD,0
CREB1,UGT2B11,0
JUND,RBMX,0
SMARCA4,UBE2T,0
BRCA1,EPAS1,0
BRCA1,SIRT1,0
ATF3,DPCD,0
MAZ,EPHX2,0
HDAC2,ZNF675,0
MYBL2,IFITM1,0
FOXA1,HIST1H1B,0
ARID2,TAF1B,0
TEAD4,DSN1,0
ARID2,ILF2,0
CEBPD,TOP2A,0
ARID2,FXR1,0
FOSL2,RAB25,0
IRF3,CRYZL1,0
ATF3,POLR2G,0
NR2F2,FHL2,0
BRCA1,GPC3,0
REST,GNRH2,0
RFX5,G6PC3,0
JUN,ID2,0
NR3C1,UBE2T,0
SRF,SUB1,0
EPAS1,GLIS3,0
TEAD4,CREG1,0
ATF3,HMGN3,0
ARID2,ZNF143,0
ELF1,TDGF1,0
SRF,XPO5,0
CEBPZ,KIF23,0
RUVBL1,GSTK1,0
JUN,SF3B3,0
NR3C1,FOXO1,0
IRF3,SSBP3,0
EPAS1,PLK1,0
ARID2,TNFAIP3,0
EZH2,FLRT3,0
NR2F2,IQGAP2,0
EPAS1,TRIM59,0
REST,TM4SF4,0
ATF3,JARID2,0
MYC,KNSTRN,0
BRCA1,GABPB1,0
EZH2,SERTAD3,0
BRCA1,ABT1,0
EZH2,MED4,0
NR3C1,DAB2,0
SRF,PON2,0
REST,EGR1,0
EPAS1,G2E3,0
TEAD4,MSH2,0
FOXA1,TMEM120A,0
NR2F2,JAZF1,0
TEAD4,SRRM1,0
BRCA1,ING1,0
BRCA1,ZNF143,0
MYC,FXYD5,0
EZH2,CENPF,0
BRCA1,POLR2D,0
NR3C1,TIMM9,0
MYC,LGALS3,0
NR2F2,STAT2,0
IRF3,HMGN1,0
RFX5,SLC35D2,0
ATF3,AKR1D1,0
CEBPZ,NUP85,0
JUN,E2F5,0
IRF3,COPS2,0
ATF3,MYCBP,0
RUVBL1,NR1I3,0
EPAS1,IL32,0
MYC,PRAP1,0
REST,FXYD5,0
CEBPZ,KPNA2,0
ARID2,RSU1,0
CEBPZ,GALM,0
FOXA1,HELLS,0
SRF,GYG1,0
JUN,SLC38A1,0
EZH2,H1F0,0
MAFF,TAF7,0
EPAS1,IL6ST,0
CEBPZ,APEH,0
FOSL2,POU2F1,0
MAFF,ARSE,0
EZH2,APOA2,0
MAFF,STX8,0
NR2F2,ANXA3,0
EPAS1,PCGF6,0
CEBPD,ANXA3,0
RUVBL1,ATL2,0
MAFF,GTF2H2,0
CEBPZ,NCOA1,0
BRCA1,KIF23,0
BRCA1,CTSC,0
ARID2,ARL6IP6,0
RUVBL1,TMEM177,0
RUVBL1,TPD52L1,0
RUVBL1,EED,0
FOXA1,BCL11B,0
RUVBL1,AURKA,0
SMARCC1,FGG,0
NR3C1,RAD51AP1,0
JUND,SCD5,0
RUVBL1,PHB2,0
ARID2,NR2F6,0
RFX5,AEBP2,0
REST,ARG2,0
SMARCA4,TCF3,0
JUN,FUCA1,0
NR3C1,PPP1R7,0
RFX5,WDR54,0
ARID2,COQ3,0
CEBPZ,RBBP7,0
EPAS1,PDZK1,0
NR2F2,CENPW,0
SMARCA4,IFITM3,0
SMARCA4,ICE2,0
TEAD4,PIM2,0
TEAD4,CTSE,0
SMARCA4,PRMT5,0
RUVBL1,WFDC2,0
MAZ,SFRP1,0
SMARCA4,ZNF107,0
RUVBL1,APOC1,0
RFX5,TCF4,0
JUND,ZNF287,0
MAFF,RAB25,0
EPAS1,ZFAND2A,0
EPAS1,ZWINT,0
NR3C1,ESPL1,0
SRF,DLGAP5,0
RFX5,RHOBTB3,0
EPAS1,UGP2,0
EZH2,NVL,0
EZH2,SLC25A20,0
FOXA2,UMPS,0
IRF3,NR3C1,0
CEBPD,ERBB4,0
ELF1,CKAP2,0
CEBPZ,POLR1D,0
BRCA1,HINFP,0
CEBPD,MYCBP,0
EZH2,APOB,0
HDAC2,ACADVL,0
RUVBL1,MPC1,0
FOSL2,TNNI3,0
REST,VCAN,0
NR2F2,POLR3E,0
NR2F2,KLF3,0
CEBPZ,HMGN4,0
BRCA1,SALL2,0
NR3C1,HIST1H1B,0
BRCA1,TRIP13,0
EZH2,AKR1B1,0
CEBPD,CENPW,0
RUVBL1,FGB,0
ATF3,EXOSC3,0
EPAS1,ADSL,0
JUND,LAMB1,0
MAFF,ESPL1,0
MYC,LAMB2,0
SRF,CENPE,0
CEBPZ,NONO,0
NR3C1,NOL10,0
NR2F2,FMO5,0
BRCA1,PAWR,0
FOSL2,UMPS,0
CEBPZ,LDB2,0
HDAC2,ETV5,0
TEAD4,PAFAH1B3,0
EZH2,ARID3B,0
TEAD4,BPTF,0
EZH2,ALG8,0
JUN,AURKB,0
NR3C1,JARID2,0
SMARCA4,PUS7L,0
MYC,HELLS,0
MAFF,TCEA1,0
REST,HMGA2,0
SMARCA4,EFTUD2,0
IRF3,MED4,0
CEBPZ,RRM1,0
RFX5,ZNF101,0
RFX5,SULT1A2,0
ATF3,TMEM150C,0
HNF4A,IRF1,0
EZH2,CKS1B,0
NR2F2,HPRT1,0
RUVBL1,PEG3,0
RUVBL1,TPM2,0
NR2F2,IFITM3,0
EPAS1,DNPEP,0
FOXA1,OCIAD2,0
EPAS1,MAF,0
ELF1,POU5F1,0
MYC,GLIPR2,0
JUN,DPPA4,0
CEBPD,APEH,0
SMARCC1,TGIF1,0
SRF,CREB3L4,0
BRCA1,GTF3C5,0
SRF,NUP85,0
ARID2,F2RL1,0
FOSL2,ARL6IP6,0
NR3C1,PAX6,0
RFX5,YEATS4,0
JUN,FMO5,0
MYC,RAD51AP1,0
TEAD4,TCERG1,0
FOSL2,ASL,0
SMARCA4,PRAP1,0
EPAS1,HMGN1,0
SRF,C3ORF14,0
MYC,WARS,0
HNF4A,MUSTN1,0
RUVBL1,SSB,0
FOXA1,IVNS1ABP,0
HNF4A,CREG1,0
BRCA1,PPP1R7,0
CEBPZ,SRSF1,0
ATF3,RAD54B,0
HNF4A,STMN1,0
MAFF,PLRG1,0
IRF3,RAMP1,0
IRF3,NEDD1,0
EZH2,SKA3,0
IRF3,SRSF10,0
CEBPZ,TOP2B,0
NR3C1,FOSB,0
SMARCA4,TDP2,0
JUN,FHL2,0
ARID2,WDR5,0
IRF3,GALM,0
BRCA1,VTN,0
EPAS1,CREB3L4,0
FOXA2,KDELR3,0
EZH2,ZFP64,0
MAZ,ZFP42,0
EPAS1,SIL1,0
SMARCC1,TCF4,0
MAFF,POLR2I,0
REST,MT1G,0
SMARCC1,RAMP1,0
NR3C1,RAI14,0
CEBPZ,SNAPC1,0
BRCA1,POLB,0
JUND,ORC2,0
HNF4A,CRABP2,0
BRCA1,ANXA3,0
BRCA1,PRPS2,0
IRF3,GNPNAT1,0
CEBPZ,PRAP1,0
EPAS1,LCMT1,0
HNF4A,KLHL7,0
IRF3,ZHX1,0
IRF3,UQCC1,0
MYBL2,POLR3E,0
TEAD4,TAF5,0
CEBPD,FGB,0
ATF3,CSRP2,0
EPAS1,SLC25A20,0
REST,GLIS3,0
IRF3,HMGN4,0
CEBPZ,HIST1H1B,0
NR3C1,ASNSD1,0
EPAS1,SGK1,0
SMARCA4,PREB,0
SMARCA4,IQGAP2,0
IRF3,APEX1,0
CREB1,HDAC2,0
CREB1,IFITM1,0
SRF,HMGN3,0
RFX5,CDCA3,0
MYC,POLR2B,0
MAZ,NR2F6,0
BRCA1,AKR1D1,0
HNF4A,TNNI3,0
NR2F2,SPTLC3,0
ATF3,BST2,0
BRCA1,AMZ2,0
EPAS1,DAXX,0
CEBPZ,RFC4,0
MYBL2,USP7,0
SRF,DECR1,0
JUND,DAB2,0
NR3C1,PEG3,0
ELF1,LAMB1,0
MAFF,TMEM177,0
NR3C1,BST2,0
ATF3,DDX20,0
IRF3,ZNF227,0
ATF3,DUT,0
CEBPZ,ZNF217,0
MYBL2,ZNF217,0
TEAD4,CDKN1A,0
JUND,PIM2,0
MAZ,AKR1D1,0
HDAC2,GPC3,0
MYC,PLRG1,0
SMARCA4,CBX3,0
ATF3,NUDT15,0
EPAS1,TFDP2,0
RUVBL1,BIN1,0
MAZ,MTMR2,0
BRCA1,PCGF6,0
JUN,SHMT2,0
FOXA1,PREB,0
BRCA1,F10,0
HNF4A,PRC1,0
SMARCC1,PLRG1,0
SMARCA4,GTF3C5,0
SMARCA4,TPM2,0
EZH2,NCOA1,0
CEBPZ,CNBP,0
JUN,TUBB6,0
ATF3,PAPOLA,0
MAFF,RNPS1,0
EPAS1,AASS,0
ARID2,RUVBL1,0
MAFF,TEAD2,0
MYC,PIH1D1,0
EPAS1,KDELR3,0
CEBPZ,ZWINT,0
ARID2,PCGF6,0
EZH2,MYBBP1A,0
MAFF,EPAS1,0
CEBPZ,NPM1,0
JUN,ZWINT,0
BRCA1,ALDH1A1,0
JUN,DPF2,0
SMARCA4,SSBP2,0
HNF4A,MRPS27,0
NR3C1,GTF2H2,0
FOXA2,UBE2T,0
RUVBL1,IFITM3,0
RUVBL1,POU5F1,0
NR2F2,SRSF6,0
EPAS1,NUP88,0
JUN,CCNB1,0
SRF,ACAD11,0
MAFF,SALL2,0
TEAD4,ZNF397,0
IRF3,MORN2,0
TEAD4,HAT1,0
JUN,CTSC,0
SMARCA4,C9ORF72,0
BRCA1,CDK1,0
MAZ,ZNF217,0
EPAS1,DDX54,0
NR3C1,CDCA3,0
BRCA1,JAZF1,0
NR2F2,NR5A2,0
CEBPD,CRAT,0
RFX5,CAPG,0
RUVBL1,DDX54,0
EPAS1,STMN1,0
RFX5,TFE3,0
SRF,CIDEB,0
JUN,HMMR,0
BRCA1,TAF9B,0
MAFF,ARG2,0
JUN,PAWR,0
MYC,DSN1,0
EZH2,ALDH1A1,0
JUN,RAD51AP1,0
IRF3,WDR54,0
ELF1,FUBP1,0
SMARCA4,GTF3C2,0
IRF3,BRIX1,0
MYC,GSTA1,0
SMARCA4,HP,0
SMARCC1,AMBP,0
HDAC2,DDIT3,0
CREB1,GPC3,0
CEBPD,LAMB1,0
SMARCC1,ITLN2,0
NR3C1,MCM5,0
RFX5,AFP,0
TEAD4,TTR,0
SMARCC1,TADA3,0
SRF,ZHX1,0
IRF3,UCHL1,0
RUVBL1,PWP1,0
RFX5,TRIM59,0
EZH2,TK1,0
CEBPZ,GTF2I,0
MAZ,NUDT1,0
SRF,TRERF1,0
RUVBL1,DPH6,0
HDAC2,SERPINB1,0
JUN,GLIPR2,0
TEAD4,SRSF10,0
RUVBL1,ABT1,0
SMARCA4,MTFP1,0
FOSL2,RGN,0
EZH2,GSTK1,0
RUVBL1,SPINK1,0
MAFF,NT5DC2,0
JUN,FANCD2,0
NR3C1,TAF7,0
SMARCC1,ZNF160,0
IRF3,DDAH1,0
CEBPD,RFX5,0
BRCA1,U2AF1,0
CEBPZ,NRIP1,0
ARID2,TCF25,0
EPAS1,HPX,0
ATF3,RAD51,0
FOXA1,RAB25,0
ARID2,MTFP1,0
CEBPZ,IRF1,0
NR2F2,ARSE,0
HNF4A,LITAF,0
CEBPZ,BIN1,0
RUVBL1,PDGFRA,0
CEBPZ,SRSF2,0
EPAS1,TGIF1,0
CEBPD,DKC1,0
CEBPZ,PHB2,0
REST,LAPTM4B,0
MAFF,CRABP2,0
FOSL2,RARG,0
EPAS1,ITGB5,0
FOXA2,CCS,0
JUN,KNSTRN,0
MYC,TARDBP,0
SMARCA4,TTF2,0
RUVBL1,ERCC8,0
RUVBL1,PDLIM7,0
SRF,SMAD2,0
MAZ,SMARCA5,0
SMARCA4,DNAJC2,0
EPAS1,ITLN2,0
ARID2,IRF3,0
RUVBL1,COQ3,0
SMARCA4,SEC14L2,0
JUND,MT1G,0
MYBL2,HTATSF1,0
CREB1,TDGF1,0
JUND,MEP1A,0
SMARCA4,PAWR,0
MYC,BCOR,0
NR3C1,ACOT7,0
NR3C1,SALL2,0
EZH2,ZNF107,0
SRF,EOMES,0
JUND,GRPR,0
NR3C1,KLF6,0
BRCA1,UQCC1,0
HNF4A,RNF4,0
ARID2,BBS9,0
RUVBL1,PRC1,0
SMARCA4,CHAF1A,0
NR3C1,E2F3,0
SRF,PSMG1,0
IRF3,CAMK2D,0
JUN,F2RL1,0
SRF,LGALS3,0
FOXA1,PRPS2,0
IRF3,EYA3,0
ARID2,CDX2,0
MAFF,FAM114A1,0
HNF4A,ZNF107,0
RUVBL1,RSU1,0
EZH2,RFX5,0
RUVBL1,TFRC,0
MYBL2,THAP11,0
BRCA1,RGN,0
BRCA1,HMGCL,0
IRF3,CCND1,0
MAZ,CHEK1,0
JUND,NODAL,0
HDAC2,ICA1,0
EPAS1,SF3B3,0
CEBPZ,ASXL1,0
CEBPZ,CSDE1,0
MAFF,CDCA7L,0
BRCA1,POLR2F,0
EPAS1,TCOF1,0
TEAD4,ATIC,0
ARID2,SAAL1,0
ARID2,TMEM150C,0
IRF3,ZNHIT3,0
MAZ,MTERF3,0
TEAD4,GRPR,0
FOXA1,FXYD5,0
BRCA1,ZDHHC4,0
EZH2,THAP11,0
MAFF,ITLN2,0
JUN,GATM,0
CEBPD,RAB34,0
RUVBL1,HINFP,0
NR3C1,CSDE1,0
CREB1,UTRN,0
SMARCA4,UHRF1,0
CEBPZ,RAD51AP1,0
ARID2,TP53,0
SRF,TRIM59,0
BRCA1,CENPK,0
IRF3,THOC1,0
JUN,CREB3L3,0
MYC,HMGN3,0
CEBPD,ESPL1,0
JUND,TCF4,0
TEAD4,SIRT1,0
EPAS1,C9ORF72,0
JUN,DDC,0
TEAD4,ERCC8,0
TEAD4,VEZF1,0
NR3C1,MAZ,0
REST,PCGF6,0
HDAC2,GLIS3,0
RUVBL1,IL32,0
BRCA1,RNF2,0
ARID2,AHSG,0
JUN,MTHFD1,0
CEBPD,UBL7,0
ELF1,ATP1B3,0
EPAS1,ETS1,0
CREB1,LGALS2,0
MAZ,F3,0
BRCA1,WIPI1,0
IRF3,POLR2I,0
EZH2,VPS72,0
EPAS1,HAT1,0
SRF,CTPS1,0
BRCA1,SGK1,0
RFX5,LMO7,0
REST,PRPS2,0
FOSL2,HTATSF1,0
EZH2,NCOA6,0
SMARCA4,JUN,0
RUVBL1,REST,0
JUND,CKS1B,0
JUN,BRIP1,0
RFX5,TTR,0
CEBPZ,GTF2H3,0
JUN,ZNF354A,0
CEBPZ,INMT,0
ATF3,ID2,0
RUVBL1,POLR3E,0
NR3C1,TRIM59,0
IRF3,RBM39,0
MAFF,ODF2L,0
MAZ,RFC1,0
BRCA1,MAD2L1,0
TEAD4,ZFAND2A,0
RUVBL1,SSBP2,0
RUVBL1,RFX5,0
NR3C1,DTWD1,0
RFX5,ETV4,0
SMARCA4,CENPN,0
CEBPZ,GSTA1,0
IRF3,SUV39H2,0
HNF4A,BCOR,0
EZH2,FXYD5,0
EPAS1,KPNA2,0
MYC,BLM,0
HNF4A,SMAD3,0
REST,ZNF227,0
FOXA1,ZDHHC4,0
CEBPD,SMARCA5,0
NR3C1,NR5A2,0
IRF3,HDAC1,0
CEBPZ,PIM2,0
REST,MEST,0
JUND,OCIAD2,0
EPAS1,ATF3,0
MYBL2,ATP1B3,0
EPAS1,HIST1H1C,0
SRF,PEF1,0
MYC,MGST2,0
SRF,AKR1D1,0
TEAD4,MED30,0
IRF3,POLB,0
MYC,HPX,0
ARID2,DLGAP5,0
CEBPZ,CNOT7,0
CEBPZ,ATL2,0
NR2F2,ZFP36,0
IRF3,HDAC2,0
NR3C1,ELL2,0
TEAD4,MTFP1,0
IRF3,NFIB,0
SMARCC1,IFITM2,0
RUVBL1,GTF3C2,0
MYBL2,SPTLC3,0
FOXA2,ELAVL2,0
RFX5,HIST1H1E,0
ATF3,ALB,0
HNF4A,DEDD,0
EZH2,PCNA,0
TEAD4,GPC3,0
EPAS1,ALB,0
RUVBL1,CCS,0
RUVBL1,GABPB1,0
RFX5,GSN,0
CEBPZ,TATDN3,0
ARID2,APEX1,0
TEAD4,AEBP2,0
SMARCA4,UQCC1,0
EZH2,TAF9B,0
BRCA1,SERPIND1,0
EPAS1,AEBP2,0
EPAS1,ANKRD1,0
MAZ,DPF2,0
TEAD4,EYA3,0
JUN,STAT2,0
EZH2,SUB1,0
FOSL2,TCF7L1,0
HDAC2,DCAF13,0
ELF1,F10,0
TEAD4,PARP1,0
CEBPZ,TP53,0
HDAC2,DDX39A,0
BRCA1,IQCB1,0
NR2F2,DNMT3B,0
MAFF,XBP1,0
FOXA1,SPTLC3,0
MAFF,RNASE4,0
ELF1,PLA2G12B,0
JUN,TCERG1,0
MAFF,FBL,0
ARID2,SUPV3L1,0
NR3C1,GGCT,0
EPAS1,COPS2,0
HNF4A,TTF2,0
NR3C1,NODAL,0
CEBPZ,UBE2T,0
MYC,ZNF74,0
MAZ,UHRF1,0
CEBPZ,NUDT15,0
CEBPD,PRPS2,0
CEBPD,SPP1,0
CREB1,BCOR,0
NR3C1,CENPF,0
TEAD4,SALL4,0
REST,SOX2,0
MAFF,EZH2,0
NR3C1,MYCN,0
BRCA1,BPHL,0
MAZ,RRM2,0
NR3C1,HSD17B11,0
SMARCC1,ADSL,0
SMARCA4,UGP2,0
REST,HCFC1,0
NR3C1,HIBCH,0
SRF,TFDP2,0
SMARCC1,FUCA1,0
BRCA1,SPTLC3,0
RUVBL1,NFIB,0
REST,ERBB4,0
SMARCA4,HNRNPD,0
MAZ,GRPR,0
IRF3,TGIF2,0
JUN,FXR1,0
HNF4A,ZSCAN21,0
NR2F2,HIF3A,0
CEBPZ,ORC2,0
HNF4A,ING5,0
EPAS1,DEDD,0
ARID2,BIN1,0
EPAS1,MRPL1,0
EPAS1,TATDN3,0
NR2F2,MUSTN1,0
RUVBL1,BTG1,0
MYBL2,GSTA1,0
HDAC2,RAMP1,0
RFX5,SMAD2,0
REST,ERCC8,0
NR3C1,TRERF1,0
SMARCA4,ZFAND2A,0
IRF3,S100A6,0
BRCA1,CETN3,0
ATF3,ITLN2,0
NR2F2,HMGN2,0
CEBPZ,CENPK,0
SMARCA4,BSCL2,0
REST,SEC14L2,0
BRCA1,DNMT3A,0
NR3C1,SRSF10,0
ATF3,COMMD10,0
SRF,F3,0
SRF,PIH1D1,0
NR3C1,CRYZL1,0
NR3C1,CREG1,0
BRCA1,ZNF675,0
ATF3,PAX6,0
ATF3,SERPIND1,0
SRF,KDM4C,0
BRCA1,SLC35D2,0
MYBL2,ALDH1A1,0
NR3C1,RFX5,0
EZH2,TFDP1,0
ELF1,MYBL2,0
JUN,LMO7,0
ELF1,DKC1,0
MAFF,HNRNPR,0
EZH2,ASGR1,0
BRCA1,PRKCE,0
JUN,MRPS27,0
JUN,ADSL,0
ARID2,ZNF638,0
IRF3,SRF,0
JUN,EGR1,0
FOXA2,HMGXB4,0
MYC,APOA4,0
JUN,G6PC3,0
JUND,SALL4,0
CEBPZ,ARSE,0
HNF4A,TIMELESS,0
SRF,SIL1,0
NR3C1,BRIX1,0
RUVBL1,XRCC6,0
RUVBL1,FOXA1,0
MYC,FANCD2,0
SMARCC1,ISG15,0
MAFF,RFC2,0
SMARCA4,ATP1B3,0
IRF3,LAMB2,0
NR3C1,ING5,0
CEBPZ,MED14,0
JUN,NDUFAF4,0
SMARCA4,ECT2,0
SMARCA4,EFNA1,0
MYC,MORN2,0
JUN,GTF3C4,0
CEBPZ,ETV5,0
SRF,COPS5,0
CEBPD,MTHFD1,0
SRF,CEBPA,0
NR3C1,DSN1,0
NR3C1,C9ORF72,0
TEAD4,MAD2L1,0
RFX5,RGN,0
ELF1,FGG,0
BRCA1,RAMP1,0
ATF3,ICA1,0
CEBPZ,SMARCE1,0
ATF3,FAM151A,0
MYC,ERCC8,0
TEAD4,CCND1,0
RFX5,POLR2G,0
JUN,P4HA2,0
FOXA1,GRPR,0
TEAD4,PEMT,0
EPAS1,POLR1C,0
TEAD4,TM4SF4,0
CEBPZ,E2F4,0
SMARCA4,TRIM59,0
CEBPZ,HMGB2,0
CREB1,KLF6,0
NR3C1,PIAS2,0
BRCA1,ZNF74,0
HDAC2,NR2F2,0
BRCA1,APEX1,0
JUN,NUDT15,0
MYC,FHL2,0
SMARCA4,LGALS2,0
EZH2,SLC7A7,0
SRF,LGALS2,0
SMARCC1,MTFP1,0
MAFF,CDKN3,0
MAZ,SPINK1,0
TEAD4,CENPN,0
FOSL2,SEC14L2,0
ATF3,WDR12,0
JUND,USP7,0
RUVBL1,KLF5,0
CEBPZ,U2AF1,0
MAFF,GALK1,0
REST,ZNF146,0
MYC,FOSB,0
EPAS1,POLR1B,0
MAFF,GNPNAT1,0
EPAS1,NIF3L1,0
ATF3,SPP1,0
SMARCA4,MORN2,0
BRCA1,IQGAP2,0
MAZ,VCAN,0
HNF4A,MMS22L,0
FOXA2,HIST1H1B,0
SMARCA4,BPTF,0
EZH2,FOSB,0
JUND,WIPI1,0
FOSL2,APOC1,0
SMARCA4,CREB3L2,0
SMARCA4,PEG3,0
BRCA1,TFE3,0
MYC,CRYZL1,0
HNF4A,POU2F1,0
JUND,PLA2G12B,0
CEBPD,PAX6,0
ATF3,RAMP1,0
FOSL2,NT5DC2,0
NR3C1,ZNF397,0
JUN,MTF2,0
BRCA1,KLF3,0
NR3C1,APOA1,0
JUN,CNTRL,0
IRF3,RHOBTB3,0
ATF3,HMGCS2,0
FOXA1,CRYZL1,0
EPAS1,TAF5,0
SRF,POP5,0
FOXA2,TM4SF4,0
RUVBL1,ACAA1,0
TEAD4,MEST,0
FOXA2,HMMR,0
EZH2,PLAGL2,0
JUND,ZFP42,0
ELF1,GATA4,0
NR3C1,CREB3L3,0
NR3C1,PARP1,0
TEAD4,THRB,0
EZH2,ADNP,0
SRF,BCOR,0
ARID2,CREB3L2,0
NR3C1,POLR3D,0
CEBPZ,ATG4C,0
MAFF,ISY1,0
ELF1,HMGA2,0
BRCA1,BRIP1,0
ARID2,CENPW,0
SRF,NME2,0
SMARCA4,AURKA,0
ARID2,SSBP2,0
ARID2,MRPS27,0
REST,CENPF,0
EZH2,HMGCS2,0
JUN,CRYZL1,0
ARID2,ASXL1,0
TEAD4,PLIN2,0
FOXA1,CUEDC2,0
IRF3,ZNF675,0
CEBPD,PDGFA,0
CEBPZ,EZH2,0
CEBPZ,HDGF,0
IRF3,HP,0
NR3C1,SSBP2,0
TEAD4,AMBP,0
EZH2,ZNF589,0
SMARCA4,E2F7,0
RFX5,PWP1,0
CEBPD,TPD52L1,0
BRCA1,TAF11,0
RFX5,STMN1,0
NR3C1,NUP88,0
CEBPZ,ASPH,0
FOSL2,DDB2,0
BRCA1,ZNF217,0
ARID2,TEAD4,0
NR3C1,ODF2L,0
SRF,RNASEH2A,0
ARID2,SERPIND1,0
RUVBL1,CAMK2D,0
EZH2,LRR1,0
HDAC2,SMOX,0
NR3C1,PUS7L,0
FOXA1,CPSF3,0
RUVBL1,UMPS,0
CEBPD,SPINK1,0
IRF3,POLR3E,0
MYBL2,HNF1B,0
EZH2,PAWR,0
TEAD4,PDGFA,0
MAZ,DDX39A,0
REST,FOXM1,0
NR3C1,GSTA1,0
FOXA1,TFPI,0
CREB1,SEC14L2,0
CEBPD,NUP88,0
NR3C1,CMC1,0
MAFF,SSBP2,0
BRCA1,GSTA1,0
FOSL2,EGR1,0
SMARCA4,SRSF6,0
SMARCA4,NR5A2,0
MAFF,POU2F1,0
MAFF,IMP4,0
JUN,TNNI3,0
EPAS1,ZNF91,0
SRF,ZNF581,0
SMARCC1,KIFAP3,0
BRCA1,ANLN,0
RUVBL1,POLR1D,0
RUVBL1,MEP1A,0
MYBL2,ELF1,0
BRCA1,BCS1L,0
SRF,SOX4,0
RFX5,ACADVL,0
MAFF,WDYHV1,0
RFX5,TTF2,0
ELF1,UTRN,0
JUN,WDR54,0
FOXA2,CENPW,0
MAZ,CDCA7L,0
MAFF,OCIAD2,0
MYBL2,KLF5,0
MYC,SSBP2,0
IRF3,CRABP2,0
REST,DDB2,0
MAFF,NFKBIZ,0
SRF,ELAVL2,0
SRF,CSRP2,0
CEBPD,GLIPR2,0
TEAD4,FANCL,0
REST,HIF3A,0
BRCA1,ZBTB24,0
SMARCA4,MAZ,0
BRCA1,CDKN1A,0
SMARCA4,SIRT2,0
NR3C1,PA2G4,0
CEBPZ,RNPS1,0
BRCA1,PHF5A,0
TEAD4,PIAS2,0
RUVBL1,TM4SF4,0
CEBPD,KLF3,0
SRF,TCF19,0
EPAS1,TUBB6,0
BRCA1,OAZ2,0
HDAC2,PYGL,0
CREB1,GNRH2,0
IRF3,ZWILCH,0
ARID2,REST,0
RUVBL1,HMGA1,0
FOXA1,MYBBP1A,0
BRCA1,HMGN2,0
MYBL2,TNNI3,0
ATF3,GMNN,0
HNF4A,GNPNAT1,0
JUN,GPN3,0
REST,FOSL1,0
MYC,HIPK2,0
JUN,ACOX2,0
SMARCA4,CACYBP,0
MAFF,ZNF217,0
NR2F2,TFDP1,0
REST,RAMP1,0
MYC,KDM4C,0
EZH2,ASXL1,0
NR3C1,ABT1,0
TEAD4,ZRANB2,0
MYC,DPCD,0
RUVBL1,PPFIBP2,0
MAZ,NCAPG,0
RUVBL1,TFDP1,0
EPAS1,TSFM,0
MAFF,CDK4,0
BRCA1,TFDP1,0
HDAC2,TUBB6,0
EZH2,WDR74,0
FOSL2,HINFP,0
HDAC2,POP5,0
RFX5,TRERF1,0
EPAS1,HMGN2,0
SMARCA4,HMGB2,0
FOXA2,TUBB6,0
RUVBL1,PAK1IP1,0
MAZ,FABP1,0
RUVBL1,FOXA2,0
JUN,WARS,0
TEAD4,IVNS1ABP,0
EPAS1,GABPB1,0
ATF3,APOA4,0
MAFF,THYN1,0
RUVBL1,C1GALT1,0
ELF1,HIPK2,0
MAFF,KNG1,0
EPAS1,SNRPD1,0
RUVBL1,MTFP1,0
IRF3,ZFAND2A,0
IRF3,LAMB1,0
NR3C1,TMEM150C,0
ELF1,SCD5,0
FOSL2,GTF3C4,0
ARID2,PRKCE,0
HDAC2,NT5DC2,0
NR2F2,IRF1,0
ATF3,GSN,0
ARID2,DPH6,0
