TF,Target,label
AR,RGPD2,1
BCL11A,RGPD2,1
BCL11A,HESX1,1
CTNNB1,RGPD2,1
CTNNB1,CER1,1
CTNNB1,MCC,1
CTNNB1,AK4,1
CTNNB1,TLE3,1
CTNNB1,RGMB,1
CTNNB1,DKK1,1
CTNNB1,CDC14B,1
CTNNB1,CXXC1,1
CTNNB1,SFRP2,1
CTNNB1,PRICKLE1,1
CTNNB1,DCLK1,1
CTNNB1,ETV4,1
CTNNB1,OTX2,1
CTNNB1,DKK4,1
CTNNB1,NEDD9,1
CTNNB1,ZSWIM6,1
CTNNB1,TNC,1
CTNNB1,ODF2,1
CTNNB1,NIN,1
CTNNB1,DUSP4,1
CTNNB1,SLC7A5,1
CTNNB1,SYT1,1
CTNNB1,WLS,1
CTNNB1,CYP1B1,1
CTNNB1,HESX1,1
CTNNB1,PDE4D,1
CTNNB1,UNC5D,1
CTNNB1,FAM169A,1
CTNNB1,ASXL1,1
CTNNB1,ETV1,1
CTNNB1,PODXL,1
CTNNB1,LIX1,1
CTNNB1,ZNF202,1
CTNNB1,NUP54,1
CTNNB1,USP44,1
CTNNB1,RXRG,1
CTNNB1,ENC1,1
CTNNB1,PHLDB2,1
CTNNB1,RGS5,1
CTNNB1,ETV3,1
CTNNB1,GCNT2,1
CTNNB1,UBL7,1
CTNNB1,SMAD2,1
CTNNB1,PDPN,1
CTNNB1,KLHL4,1
CTNNB1,PRDM14,1
CTNNB1,CRABP2,1
CTNNB1,VPS13C,1
CTNNB1,RABGAP1L,1
CTNNB1,MMP2,1
CTNNB1,WWTR1,1
CTNNB1,BTBD10,1
CTNNB1,COL4A2,1
CTNNB1,COL4A1,1
CTNNB1,PAM,1
CTNNB1,NCAM1,1
CTNNB1,RBPJ,1
CTNNB1,SVEP1,1
CTNNB1,LPIN1,1
CTNNB1,LIN28A,1
CTNNB1,TNFRSF11B,1
CTNNB1,GPR83,1
CTNNB1,CD200,1
CTNNB1,CYP26A1,1
CTNNB1,CDH2,1
CTNNB1,BAMBI,1
CTNNB1,CHD9,1
CTNNB1,NAV2,1
CTNNB1,RHOBTB3,1
CTNNB1,PMAIP1,1
CTNNB1,PBX1,1
CTNNB1,PALLD,1
CTNNB1,PRDM1,1
CTNNB1,PLAGL1,1
CTNNB1,CENPK,1
CTNNB1,PLEKHA6,1
CTNNB1,PITX2,1
CTNNB1,RBM47,1
CTNNB1,FBXO28,1
CTNNB1,FOXN3,1
CTNNB1,ADD2,1
CTNNB1,SAMD3,1
CTNNB1,UTP14A,1
CTNNB1,HOMER1,1
CTNNB1,EPHA2,1
CTNNB1,POLDIP3,1
CTNNB1,SLC29A1,1
CTNNB1,EPCAM,1
CTNNB1,TCF4,1
CTNNB1,MATN3,1
CTNNB1,FOXP1,1
CTNNB1,TSPAN13,1
CTNNB1,DCAF6,1
CTNNB1,SH3BGRL2,1
CTNNB1,ZNF142,1
CTNNB1,ANXA3,1
CTNNB1,SEMA3E,1
CTNNB1,POU2F1,1
CTNNB1,MRPL1,1
CTNNB1,TTC27,1
CTNNB1,E2F7,1
CTNNB1,MT1X,1
CTNNB1,ECHDC1,1
CTNNB1,NCAPG,1
CTNNB1,HMGA1,1
CTNNB1,NREP,1
CTNNB1,PHB2,1
CTNNB1,SKA3,1
CTNNB1,ABCA1,1
CTNNB1,TTC4,1
CTNNB1,SNAI2,1
CTNNB1,GATA4,1
CTNNB1,ASNS,1
CTNNB1,NAT10,1
CTNNB1,AKAP1,1
CTNNB1,SNRPB,1
CTNNB1,MIA3,1
CTNNB1,MICU1,1
DNMT3B,CBX3,1
DNMT3B,MAFG,1
DNMT3B,OXTR,1
DNMT3B,ALDH18A1,1
EGR1,U2AF1,1
EGR1,MICU1,1
EGR1,WDHD1,1
EGR1,UCHL3,1
EGR1,NOL11,1
EGR1,SIRT1,1
EGR1,PDCD11,1
EGR1,KAT7,1
EGR1,TMEM131,1
EGR1,NIPSNAP1,1
EGR1,ARID4B,1
EGR1,KDELR3,1
EGR1,POLR1C,1
EGR1,ZFC3H1,1
EGR1,LCMT1,1
EGR1,ZNF764,1
EGR1,SMYD5,1
EGR1,LAP3,1
EGR1,AFF4,1
EGR1,DNAJC2,1
EGR1,KIF13B,1
EGR1,COL1A1,1
EGR1,PTGR1,1
EGR1,DCAF6,1
EGR1,CREB3L2,1
EGR1,EEF1A1,1
EGR1,KIF15,1
EGR1,IMPAD1,1
EGR1,TRIM37,1
EGR1,HNRNPD,1
EGR1,CRABP2,1
EGR1,ESPL1,1
EGR1,SFPQ,1
EGR1,TMEM87B,1
EGR1,CTNNB1,1
EGR1,MAK16,1
EGR1,ANKMY2,1
EGR1,SLC39A8,1
EGR1,RNF19A,1
EGR1,SNAI1,1
EGR1,ENOPH1,1
EGR1,HMGN2,1
EGR1,SNX18,1
EGR1,ZSWIM6,1
EGR1,ZNF3,1
EGR1,ASXL1,1
EGR1,PGM2,1
EGR1,NUP54,1
EGR1,PRIM1,1
EGR1,CASD1,1
EGR1,SENP7,1
EGR1,GXYLT1,1
EGR1,HNRNPAB,1
EGR1,MEX3C,1
EGR1,DPY19L1,1
EGR1,UBL3,1
EGR1,SALL2,1
EGR1,SMARCD3,1
EGR1,POLR3G,1
EGR1,TRIM33,1
EGR1,SSX2IP,1
EGR1,TGFB1,1
EGR1,SKIL,1
EGR1,AHNAK,1
EGR1,PNRC1,1
EGR1,YBX1,1
EGR1,DNAJC11,1
EGR1,GPR108,1
EGR1,BOD1,1
EGR1,PNPLA8,1
EGR1,SPRY2,1
EGR1,ANKZF1,1
EGR1,ANKRD26,1
EGR1,PLAGL1,1
EGR1,GGCT,1
EGR1,CXXC1,1
EGR1,CNBP,1
EGR1,DSE,1
EGR1,NUCB2,1
EGR1,MND1,1
EGR1,APEX1,1
EGR1,PAK1,1
EGR1,SH3BP5,1
EGR1,TDRD7,1
EGR1,NUMB,1
EGR1,KLF8,1
EGR1,NEDD4,1
EGR1,MED14,1
EGR1,ETV4,1
EGR1,VPS13C,1
EGR1,NOP16,1
EGR1,URB2,1
EGR1,CBX3,1
EGR1,NUP35,1
EGR1,DNAAF2,1
EGR1,NAGA,1
EGR1,TEX10,1
EGR1,POLA1,1
EGR1,ECI2,1
EGR1,TRIAP1,1
EGR1,NFXL1,1
EGR1,PLAGL2,1
EGR1,B4GALT4,1
EGR1,CCDC82,1
EGR1,FTSJ3,1
EGR1,NOG,1
EGR1,FOXJ1,1
EGR1,KIF22,1
EGR1,REL,1
EGR1,PSIP1,1
EGR1,TCF19,1
EGR1,TIMM21,1
EGR1,EARS2,1
EGR1,ZNF160,1
EGR1,SH2B3,1
EGR1,ATG4C,1
EGR1,ARHGAP42,1
EGR1,THYN1,1
EGR1,ACAD8,1
EGR1,METTL1,1
EGR1,RHOBTB3,1
EGR1,SAMD8,1
EGR1,ARFGAP3,1
EGR1,CHD9,1
EGR1,ZCCHC24,1
EGR1,HOMER1,1
EGR1,MIA3,1
EGR1,JMJD1C,1
EGR1,ACTL6A,1
EGR1,PCK2,1
EGR1,RGPD2,1
EGR1,MAN2A1,1
EGR1,RBPJ,1
EGR1,XRCC6,1
EGR1,NONO,1
EGR1,CALCOCO2,1
EGR1,BBIP1,1
EGR1,POLDIP3,1
EGR1,NDUFC2-KCTD14,1
EGR1,TRAPPC8,1
EGR1,ZFP62,1
EGR1,CUX1,1
EGR1,ZFYVE16,1
EGR1,TCF4,1
EGR1,RMI1,1
EGR1,HNRNPK,1
EGR1,WDR35,1
EGR1,FARSB,1
EGR1,POLR2M,1
EGR1,LTV1,1
EGR1,CPSF3,1
EGR1,GALNT11,1
EGR1,TGFBR1,1
EGR1,NIF3L1,1
EGR1,MCM7,1
EGR1,ETV3,1
EGR1,ZNF24,1
EGR1,HIF1A,1
EGR1,KHSRP,1
EGR1,ZNF8,1
EGR1,COX10,1
EGR1,PRICKLE1,1
EGR1,ANXA3,1
EGR1,SLC2A1,1
EGR1,RNF24,1
EGR1,RAD50,1
EGR1,FOXN2,1
EGR1,PARP1,1
EGR1,TFE3,1
EGR1,ZNF280B,1
EGR1,RABEPK,1
EGR1,RFESD,1
EGR1,KIAA1324L,1
EGR1,SECISBP2L,1
EGR1,SRGAP1,1
EGR1,SLC36A4,1
EGR1,BEX2,1
EGR1,KIAA1841,1
EGR1,TJP2,1
EGR1,EIF5A2,1
EGR1,KIF16B,1
EGR1,MIF,1
EGR1,ATP2B4,1
EGR1,POU2F1,1
EGR1,RAI14,1
EGR1,MDM4,1
EGR1,PUS7,1
EGR1,REV3L,1
EGR1,C18ORF21,1
EGR1,MAN1A1,1
EGR1,YAF2,1
EGR1,RABGAP1L,1
EGR1,METAP1,1
EGR1,ZNF142,1
EGR1,CDC25C,1
EGR1,DOK4,1
EGR1,RUVBL1,1
EGR1,MEF2D,1
EGR1,LIG4,1
EGR1,UBL7,1
EGR1,BBS4,1
EGR1,GCNT1,1
EGR1,MFN2,1
EGR1,RCAN2,1
EGR1,TIPARP,1
EGR1,PRKACB,1
EGR1,PTDSS1,1
EGR1,WDR75,1
EGR1,ANKRD13A,1
EGR1,RUVBL2,1
EGR1,FRMD6,1
EGR1,PHB2,1
EGR1,CDCA5,1
EGR1,KLF5,1
EGR1,HCFC1,1
EGR1,GLDC,1
EGR1,SLC39A11,1
EGR1,NXF1,1
EGR1,HOOK1,1
EGR1,ZKSCAN1,1
EGR1,ALG6,1
EGR1,PRTG,1
EGR1,ALDH2,1
EGR1,LBH,1
EGR1,RBFOX2,1
EGR1,ANKRD50,1
EGR1,CDCA7,1
EGR1,ELOVL2,1
EGR1,GATAD2A,1
EGR1,ADAMTS3,1
EGR1,TMEM177,1
EGR1,MYOF,1
EGR1,TP53,1
EGR1,SEMA6A,1
EGR1,NIP7,1
EGR1,ZNF398,1
EGR1,WWTR1,1
EGR1,ZDHHC2,1
EGR1,ST8SIA4,1
EGR1,LRP12,1
EGR1,MCM4,1
EGR1,ZNF202,1
EGR1,PPARGC1B,1
EGR1,GRHL2,1
EGR1,GTF2H2,1
EGR1,COMMD3-BMI1,1
EGR1,COMMD3,1
EGR1,HDGF,1
EGR1,CCDC6,1
EGR1,CAD,1
EGR1,TRIM35,1
EGR1,PDGFA,1
EGR1,TTC39C,1
EGR1,ODC1,1
EGR1,CDC7,1
EGR1,CA2,1
EGR1,STAT3,1
EGR1,FBXO36,1
EGR1,TMEM126B,1
EGR1,FBXO28,1
EGR1,LIFR,1
EGR1,FNDC3B,1
EGR1,TTC4,1
EGR1,SNUPN,1
EGR1,CCDC90B,1
EGR1,PDE3B,1
EGR1,SLC43A3,1
EGR1,CCNG2,1
EGR1,ACBD3,1
EGR1,ZNF165,1
EGR1,CITED2,1
EGR1,JUND,1
EGR1,ABLIM1,1
EGR1,ZRANB2,1
EGR1,ARNT2,1
EGR1,ELL2,1
EGR1,DDX54,1
EGR1,ZNF219,1
EGR1,TRIP11,1
EGR1,XRCC5,1
EGR1,ENC1,1
EGR1,SYT1,1
EGR1,PER3,1
EGR1,PREX1,1
EGR1,MXI1,1
EGR1,LEF1,1
EGR1,CSPP1,1
EGR1,IRF1,1
EGR1,EPHA1,1
EGR1,ARID3B,1
EGR1,SMAD5,1
EGR1,LHX1,1
EGR1,PITX2,1
EGR1,UTP18,1
EGR1,MBTD1,1
EGR1,AGL,1
EGR1,E2F4,1
EGR1,MAML3,1
EGR1,TSR2,1
EGR1,TADA1,1
EGR1,MECOM,1
EGR1,ARID3A,1
EGR1,SPPL2A,1
EGR1,WDFY1,1
EGR1,SNRPB,1
EGR1,TFB2M,1
EGR1,PELI2,1
EGR1,ZNF518B,1
EGR1,PLXNA2,1
EGR1,DNMT3A,1
EGR1,RFXANK,1
EGR1,RPP40,1
EGR1,FER,1
EGR1,SPRED2,1
EGR1,PPP1R9A,1
EGR1,PHF21A,1
EGR1,PALB2,1
EGR1,DNMT1,1
EGR1,MAEA,1
EGR1,PLK2,1
EGR1,NR2C1,1
EGR1,ARHGAP29,1
EGR1,SAAL1,1
EGR1,NECAP2,1
EGR1,TRAF6,1
EGR1,ZFYVE21,1
EGR1,TBX3,1
EGR1,ETS1,1
EGR1,SNRPD1,1
EGR1,FBXO34,1
EGR1,PLS1,1
EGR1,SEC11C,1
EGR1,NFIC,1
EGR1,NCOA6,1
EGR1,MYO5B,1
EGR1,UTP14A,1
EGR1,PPIL1,1
EGR1,SCO1,1
EGR1,LPGAT1,1
EGR1,SMARCD1,1
EGR1,RAE1,1
EGR1,GALNT7,1
EGR1,ALDOC,1
EGR1,PPIC,1
EGR1,NOC3L,1
EGR1,GPATCH4,1
EGR1,E2F7,1
EGR1,TFAP2A,1
EGR1,ST3GAL6,1
EGR1,SOX2,1
EGR1,CCDC50,1
EGR1,TATDN1,1
EGR1,PPM1K,1
EGR1,SLC35A3,1
EGR1,GATA6,1
EGR1,POLQ,1
EGR1,OPTN,1
EGR1,MCM2,1
EGR1,FIG4,1
EGR1,EXOSC3,1
EGR1,RRN3,1
EGR1,PDCD2,1
EGR1,BAMBI,1
EGR1,PALLD,1
EGR1,XRN1,1
EGR1,CDCA7L,1
EGR1,HS3ST3A1,1
EGR1,MMP16,1
EGR1,BCAT2,1
EGR1,FOXN3,1
EGR1,SATB1,1
EGR1,FAM126B,1
EGR1,MYBBP1A,1
EGR1,RTKN2,1
EGR1,PHLDB2,1
EGR1,FLVCR2,1
EGR1,WDR3,1
EGR1,MSX1,1
EGR1,EOMES,1
EGR1,CDH2,1
EGR1,NCAM1,1
EGR1,WWP1,1
EGR1,COBLL1,1
EGR1,BMP4,1
EGR1,CALB1,1
EGR1,COL11A1,1
EGR1,PDGFRA,1
EGR1,DUSP4,1
EGR1,AR,1
EGR1,PLAU,1
EGR1,CLDN10,1
EGR1,MITF,1
EGR1,IFI16,1
EGR1,AP1M2,1
EGR1,AEBP1,1
EGR1,PAM,1
EGR1,MEIS2,1
EGR1,TEAD4,1
EGR1,WLS,1
EGR1,GALM,1
EGR1,EHD3,1
EGR1,SCG3,1
EGR1,GABRB3,1
EGR1,ZFHX3,1
EGR1,FOXK1,1
EGR1,APBB2,1
EGR1,PROSER1,1
EGR1,FOXF1,1
EGR1,ALCAM,1
EGR1,LRRN1,1
EGR1,ACSS3,1
EGR1,HIST1H1B,1
EGR1,DCLK1,1
EGR1,CCDC80,1
EGR1,COL5A1,1
EGR1,ZNF521,1
EGR1,GPX7,1
EGR1,SLC29A1,1
EGR1,LDB2,1
EGR1,FLI1,1
EGR1,ZFP42,1
EGR1,SPIB,1
EGR1,RORB,1
EGR1,TRERF1,1
EGR1,ARMC4,1
EGR1,DAB1,1
EGR1,ITGA4,1
EGR1,FBN2,1
EOMES,CER1,1
EOMES,HESX1,1
EOMES,DCLK1,1
EOMES,SAMD3,1
EOMES,TIAM1,1
EOMES,KLHL4,1
EOMES,SLC7A5,1
EOMES,HNRNPD,1
EOMES,KIAA1324L,1
EOMES,RIPPLY1,1
EOMES,OTX2,1
EOMES,PODXL,1
EOMES,RASGRP3,1
EOMES,NCAM1,1
EOMES,ACSS3,1
EOMES,SMARCD3,1
EOMES,SNUPN,1
EOMES,MATN3,1
EOMES,PALB2,1
EOMES,FLVCR2,1
EOMES,ANKRD13A,1
EOMES,TNC,1
EOMES,ANGPT2,1
EOMES,VWA5A,1
EOMES,LIN28A,1
EOMES,CBX3,1
EOMES,DNAJC2,1
EOMES,TLE2,1
EOMES,S100A10,1
EOMES,POLQ,1
EOMES,SERINC3,1
EOMES,PDE4D,1
EOMES,SVIL,1
EOMES,ZNF202,1
EOMES,CA14,1
EOMES,BTF3,1
EOMES,CLGN,1
EOMES,RND3,1
EOMES,MAMLD1,1
EOMES,TTC39B,1
EOMES,SIPA1L2,1
EOMES,GATA4,1
EOMES,CREB3L4,1
EOMES,SEMA3E,1
EOMES,ALPK2,1
EOMES,LIX1,1
EOMES,MECOM,1
EOMES,PIP4K2A,1
EOMES,POU2F1,1
EOMES,ODF2,1
EOMES,PLAGL1,1
EOMES,UNC5D,1
EOMES,BCAR3,1
EOMES,C4ORF46,1
EOMES,NUP54,1
EOMES,NANOG,1
EOMES,TWISTNB,1
EOMES,ETV4,1
EOMES,RABGAP1L,1
EOMES,DAAM1,1
EOMES,PCDH17,1
EOMES,GLRX,1
EOMES,GYPB,1
EOMES,SYT1,1
EOMES,DDX54,1
EOMES,FAM117B,1
EOMES,PLOD2,1
EOMES,JMJD1C,1
EOMES,POLDIP3,1
EOMES,ARMC4,1
EOMES,DAB1,1
EOMES,FOXH1,1
EOMES,MGST2,1
EOMES,ETV7,1
EOMES,AFF1,1
EOMES,PRICKLE1,1
EOMES,KLHL6,1
EOMES,TNFRSF11B,1
EOMES,RAI1,1
EOMES,DYNC1I1,1
EOMES,DKK4,1
EOMES,CEP85L,1
EOMES,PLAU,1
EOMES,ATG4C,1
EOMES,WDR3,1
EOMES,UPF2,1
EOMES,ZNF521,1
EOMES,SLC39A8,1
EOMES,CPD,1
EOMES,ETV3,1
EOMES,SDC2,1
EOMES,FXR1,1
EOMES,IFI16,1
EOMES,ETV1,1
EOMES,DPY19L1,1
EOMES,CDC7,1
EOMES,IFRD2,1
EOMES,SLITRK2,1
EOMES,TTK,1
EOMES,SLC7A3,1
EOMES,HOPX,1
EOMES,CCDC50,1
EOMES,GSC,1
EOMES,PRIM1,1
EOMES,ZFP62,1
EOMES,TRIM37,1
EOMES,PAM,1
EOMES,ARHGAP28,1
EOMES,CPE,1
EOMES,ATP2B4,1
EOMES,CCDC90B,1
EOMES,RAD51,1
EOMES,RGS5,1
EOMES,ENC1,1
EOMES,MFAP4,1
EOMES,SNAPC3,1
EOMES,USP1,1
EOMES,ARRB1,1
EOMES,MITF,1
EOMES,TFAP4,1
EOMES,SMG6,1
EOMES,COL4A6,1
EOMES,EEF1A1,1
EOMES,ESCO2,1
EOMES,TMEM177,1
EOMES,TEAD4,1
EOMES,NCOA6,1
EOMES,TP53,1
EOMES,WDHD1,1
EOMES,DKK1,1
EOMES,SH2B3,1
EOMES,MDM4,1
EOMES,SEMA6A,1
EOMES,SPRY2,1
EOMES,CCNG2,1
EOMES,BAMBI,1
EOMES,ZNF589,1
EOMES,MAP7,1
EOMES,TMEM64,1
EOMES,TLE1,1
EOMES,RNF138,1
EOMES,GYPE,1
EOMES,NAA15,1
EOMES,ZNF3,1
EOMES,SALL2,1
EOMES,CALB1,1
EOMES,KDELR3,1
EOMES,GATA6,1
EOMES,NPFFR2,1
EOMES,ARID5B,1
EOMES,GCNT2,1
EOMES,NRIP1,1
EOMES,NDUFC2-KCTD14,1
EOMES,NFKBIA,1
EOMES,BOD1,1
EOMES,CALCOCO1,1
EOMES,SLC39A14,1
EOMES,CDCA7,1
EOMES,CLCN3,1
EOMES,ALDOC,1
EOMES,SLC39A7,1
EOMES,ZSWIM6,1
EOMES,CRABP2,1
EOMES,PREPL,1
EOMES,UPF3B,1
EOMES,MXI1,1
EOMES,CD9,1
EOMES,COPS3,1
EOMES,ECI2,1
EOMES,OPTN,1
EOMES,ISL1,1
EOMES,AK4,1
EOMES,RXRG,1
EOMES,PPM1H,1
EOMES,NOL11,1
EOMES,MIA3,1
EOMES,ZNF83,1
EOMES,NUAK1,1
EOMES,RCOR3,1
EOMES,PPM1K,1
EOMES,RAD51AP1,1
EOMES,FBN2,1
EOMES,TMEM38B,1
EOMES,ARL4D,1
EOMES,HEATR1,1
EOMES,SRSF2,1
EOMES,PGM2,1
EOMES,SLC39A11,1
EOMES,LGALSL,1
EOMES,RBPJ,1
EOMES,CAMK2D,1
EOMES,POLR2A,1
EOMES,HIF1A,1
EOMES,FLRT2,1
EOMES,CA2,1
EOMES,NAA25,1
EOMES,SRSF1,1
EOMES,ST8SIA1,1
EOMES,SKA3,1
EOMES,OAS1,1
EOMES,SIRT1,1
EOMES,TLE3,1
EOMES,STIM2,1
EOMES,NAT10,1
EOMES,INSIG2,1
EOMES,DCAF5,1
EOMES,GALM,1
EOMES,TP53INP1,1
EOMES,ADAMTS3,1
EOMES,TRIAP1,1
EOMES,SFPQ,1
EOMES,TRIB1,1
EOMES,NOC3L,1
EOMES,SH3BP5,1
EOMES,HDAC9,1
EOMES,EARS2,1
EOMES,ANKRD13C,1
EOMES,DNMT1,1
EOMES,WLS,1
EOMES,RMI1,1
EOMES,HNRNPK,1
EOMES,RGPD2,1
EOMES,PAK1,1
EOMES,POLR3G,1
EOMES,KAT7,1
EOMES,PMP22,1
EOMES,PALLD,1
EOMES,NAV2,1
EOMES,DUSP4,1
EOMES,RAI14,1
EOMES,KLF8,1
EOMES,PPT2,1
EOMES,MRPL1,1
EOMES,ILF3,1
EOMES,GPSM2,1
EOMES,SDCCAG8,1
EOMES,YPEL5,1
EOMES,BRWD1,1
EOMES,NUMB,1
EOMES,DNMT3A,1
EOMES,TCF7L1,1
EOMES,SERTAD2,1
EOMES,POLA1,1
EOMES,ASH2L,1
EOMES,UTP18,1
EOMES,MBTD1,1
EOMES,CTNNB1,1
EOMES,CCKBR,1
EOMES,C18ORF21,1
EOMES,DENND1A,1
EOMES,CNKSR3,1
EOMES,ZRANB2,1
EOMES,SMYD5,1
EOMES,XPO5,1
EOMES,PRCP,1
EOMES,PGM1,1
EOMES,BTBD10,1
EOMES,TRDN,1
EOMES,KDM6A,1
EOMES,RAD50,1
EOMES,FNDC3B,1
EOMES,TMEM131,1
EOMES,PIM2,1
EOMES,MRPS35,1
EOMES,KIF16B,1
EOMES,CEP55,1
EOMES,MAGI3,1
EOMES,ZWILCH,1
EOMES,NTN4,1
EOMES,ADSS,1
EOMES,NUFIP1,1
EOMES,FOXP1,1
EOMES,ELAVL2,1
EOMES,ANKRD50,1
EOMES,KIF2C,1
EOMES,JAKMIP2,1
EOMES,PHLDB2,1
EOMES,MYBBP1A,1
EOMES,FN1,1
EOMES,SMAD5,1
EOMES,SEMA3A,1
EOMES,DDAH1,1
EOMES,DCAF6,1
EOMES,TSPAN12,1
EOMES,MAD2L1,1
EOMES,PHLDA1,1
EOMES,FREM1,1
EOMES,DNAJC9,1
EOMES,RAD54L,1
EOMES,PCDH7,1
EOMES,TCN2,1
EOMES,TMEM237,1
EOMES,SLC18B1,1
EOMES,RPF2,1
EOMES,PDE3B,1
EOMES,CDCA2,1
EOMES,TIPIN,1
EOMES,EDEM3,1
EOMES,CUX1,1
EOMES,ZEB1,1
EOMES,CRX,1
EOMES,ANKRD1,1
EOMES,NEDD4,1
EOMES,UBTF,1
EOMES,RBFOX2,1
EOMES,HAS2,1
EOMES,TIPARP,1
EOMES,KLF7,1
EOMES,C3ORF14,1
EOMES,ZNF219,1
EOMES,GPC4,1
EOMES,STAT3,1
EOMES,CITED2,1
EOMES,TIMM21,1
EOMES,KLHL28,1
EOMES,CDC25C,1
EOMES,TMEM126B,1
EOMES,KIF21A,1
EOMES,MAPRE2,1
EOMES,ASXL1,1
EOMES,AARS,1
EOMES,MORC4,1
EOMES,CCDC138,1
EOMES,SEMA6D,1
EOMES,TMEM87A,1
EOMES,CCDC141,1
EOMES,VEZT,1
EOMES,FGD6,1
EOMES,SLC6A15,1
EOMES,KAT6A,1
EOMES,FAM135A,1
EOMES,MAML3,1
EOMES,MAFF,1
EOMES,ACBD6,1
EOMES,VRK1,1
EOMES,SNRPB,1
EOMES,CSDE1,1
EOMES,TRIP11,1
EOMES,TJP2,1
EOMES,LIG4,1
EOMES,FBN1,1
EOMES,EIF5A2,1
EOMES,DNAJC11,1
EOMES,CYYR1,1
EOMES,AFF4,1
EOMES,TATDN1,1
EOMES,SPIB,1
EOMES,NPM1,1
EOMES,EMB,1
EOMES,ARFGAP3,1
EOMES,MOB3B,1
EOMES,FAM126B,1
EOMES,CCDC112,1
EOMES,NREP,1
EOMES,FOXN3,1
EOMES,SECISBP2L,1
EOMES,POLR2G,1
EOMES,HELZ,1
EOMES,FOXN2,1
EOMES,ATF6,1
EOMES,VIM,1
EOMES,FAM20A,1
EOMES,PTMA,1
EOMES,HPS5,1
EOMES,GALNT11,1
EOMES,FUBP1,1
EOMES,WDR75,1
EOMES,PA2G4,1
EOMES,NFAT5,1
EOMES,ARID3A,1
EOMES,SLFN5,1
EOMES,PRKACB,1
EOMES,MED16,1
EOMES,REV3L,1
EOMES,PHF21A,1
EOMES,OSBPL10,1
EOMES,BUB1B,1
EOMES,ARHGAP42,1
EOMES,PAK1IP1,1
EOMES,SNAI2,1
EOMES,LRP12,1
EOMES,HSD17B11,1
EOMES,SCD5,1
EOMES,TCF19,1
EOMES,METAP1,1
EOMES,MEIS2,1
EOMES,CREB3L2,1
EOMES,CAP2,1
EOMES,NFKBIB,1
EOMES,SLC35F1,1
EOMES,NBEAL1,1
EOMES,COL4A5,1
EOMES,PRSS35,1
EOMES,HOMER1,1
EOMES,FBXO36,1
EOMES,ESRP1,1
EOMES,REL,1
EOMES,CCPG1,1
EOMES,VHL,1
EOMES,P4HA1,1
EOMES,FARSB,1
EOMES,EXO1,1
EOMES,ERRFI1,1
EOMES,ANKRD28,1
EOMES,KIF15,1
EOMES,ERLEC1,1
EOMES,ARID3B,1
EOMES,NIF3L1,1
EOMES,JUND,1
EOMES,NECAP2,1
EOMES,NAP1L3,1
EOMES,MED14,1
EOMES,THYN1,1
EOMES,HMGA1,1
EOMES,ACAD8,1
EOMES,ZFHX3,1
EOMES,IQGAP2,1
EOMES,CSPP1,1
EOMES,BCL11A,1
EOMES,TEX10,1
EOMES,MCM7,1
EOMES,MCM4,1
EOMES,CXXC1,1
EOMES,RPA2,1
EOMES,KIFAP3,1
EOMES,EWSR1,1
EOMES,TDP2,1
EOMES,NTS,1
EOMES,HOOK1,1
EOMES,VANGL1,1
EOMES,LRRN1,1
EOMES,UTP14A,1
EOMES,KLF5,1
EOMES,EPCAM,1
EOMES,RRAGD,1
EOMES,PBX1,1
EOMES,SNX14,1
EOMES,RFC3,1
EOMES,GYPA,1
EOMES,BCLAF1,1
EOMES,AGL,1
EOMES,PNRC1,1
EOMES,HMGN2,1
EOMES,TSR1,1
EOMES,MAFG,1
EOMES,DEPDC1B,1
EOMES,TGFBR3,1
EOMES,PPP3CA,1
EOMES,NEK7,1
EOMES,HCFC1,1
EZH2,RGPD2,1
EZH2,POU3F1,1
EZH2,RSPO3,1
EZH2,ELOVL2,1
EZH2,GRP,1
EZH2,PLAGL1,1
EZH2,PGR,1
EZH2,LGR5,1
EZH2,ZFPM2,1
EZH2,HOPX,1
EZH2,PLCE1,1
EZH2,SEMA6D,1
EZH2,CRHBP,1
EZH2,NFIA,1
EZH2,DOK6,1
EZH2,SVEP1,1
EZH2,ST8SIA1,1
EZH2,ERBB4,1
EZH2,LIMCH1,1
EZH2,NAV2,1
EZH2,CPVL,1
EZH2,SOX17,1
EZH2,SATB2,1
EZH2,ANKRD18B,1
EZH2,PLXNA2,1
EZH2,PDE4D,1
EZH2,GPR83,1
EZH2,DAB1,1
EZH2,CYP26A1,1
EZH2,ROR2,1
EZH2,PRTG,1
EZH2,TMOD1,1
EZH2,CCKBR,1
EZH2,ETV7,1
EZH2,EPHB2,1
EZH2,DUSP4,1
EZH2,EPB41L3,1
EZH2,MYO5B,1
EZH2,HTRA1,1
EZH2,FAM89A,1
EZH2,BMPER,1
EZH2,CYP1B1,1
EZH2,GATA4,1
EZH2,HECW2,1
EZH2,COLEC12,1
EZH2,LMO2,1
EZH2,SETD7,1
EZH2,GATM,1
EZH2,PDGFRA,1
EZH2,NTN4,1
EZH2,TWIST1,1
EZH2,MAMLD1,1
EZH2,CLSTN2,1
EZH2,SIX6,1
EZH2,LZTS1,1
EZH2,SCD5,1
EZH2,PDE3B,1
EZH2,HDAC9,1
EZH2,LEF1,1
EZH2,TUBA4A,1
EZH2,NFIC,1
EZH2,HOXB3,1
EZH2,NKX3-1,1
EZH2,FAM20A,1
EZH2,SMAD6,1
EZH2,MECOM,1
EZH2,ARHGAP29,1
EZH2,TGFBR3,1
EZH2,PMP22,1
EZH2,GSC,1
EZH2,ESRRG,1
EZH2,RORB,1
EZH2,PENK,1
EZH2,OXTR,1
EZH2,FBN2,1
EZH2,RAI1,1
EZH2,YAF2,1
EZH2,SLCO2A1,1
EZH2,ITGA4,1
EZH2,NOG,1
EZH2,NFATC1,1
EZH2,CD1D,1
EZH2,SOX7,1
EZH2,CHL1,1
EZH2,UNC5C,1
EZH2,FBN1,1
EZH2,PPARA,1
EZH2,DDAH1,1
EZH2,TRPA1,1
EZH2,NR0B1,1
EZH2,ZEB1,1
EZH2,FLI1,1
EZH2,GABRB2,1
EZH2,GATA2,1
EZH2,HAND2,1
EZH2,TRIM2,1
EZH2,MEIS1,1
EZH2,SLC39A8,1
EZH2,MLLT3,1
EZH2,LBH,1
EZH2,RBM24,1
EZH2,BMP4,1
EZH2,CPE,1
EZH2,E2F4,1
EZH2,LMX1B,1
EZH2,MCC,1
EZH2,ST3GAL6,1
EZH2,PLCB1,1
EZH2,DACH1,1
EZH2,CLDN11,1
EZH2,RFPL2,1
EZH2,HS3ST3A1,1
EZH2,BTG2,1
EZH2,TDRD7,1
EZH2,HAND1,1
EZH2,DCLK1,1
EZH2,FYTTD1,1
EZH2,MXI1,1
EZH2,B3GNT5,1
EZH2,SERPINE2,1
EZH2,RAB31,1
EZH2,MEIS2,1
EZH2,GAD1,1
EZH2,ANKRD44,1
EZH2,BMP2,1
EZH2,EIF5A2,1
EZH2,DYNC1I1,1
EZH2,SLITRK2,1
EZH2,HOXB7,1
EZH2,TGFB1,1
EZH2,HS3ST1,1
EZH2,FLRT2,1
EZH2,FRZB,1
EZH2,TBX20,1
EZH2,DLC1,1
EZH2,PCDH17,1
EZH2,PPIC,1
EZH2,CDH11,1
EZH2,GPX7,1
EZH2,ELAVL2,1
EZH2,SH3BP5,1
EZH2,CA12,1
EZH2,GLIPR2,1
EZH2,BHLHE40,1
EZH2,EOMES,1
EZH2,MPHOSPH6,1
EZH2,OTX2,1
EZH2,F3,1
EZH2,GRHL1,1
EZH2,LAMB1,1
EZH2,MITF,1
EZH2,PGM2,1
EZH2,LMO3,1
EZH2,MXRA5,1
EZH2,MMP2,1
EZH2,ELK3,1
FOXH1,SNX18,1
FOXH1,NPFFR2,1
FOXH1,CER1,1
FOXH1,ACSS3,1
FOXH1,SLC7A5,1
FOXH1,MECOM,1
FOXH1,MANEA,1
FOXH1,AFF1,1
FOXH1,FYTTD1,1
FOXH1,SPRY2,1
FOXH1,TTC39B,1
FOXH1,ARHGAP28,1
FOXH1,FLVCR2,1
FOXH1,MXI1,1
FOXH1,PSIP1,1
FOXH1,ZNF3,1
FOXH1,SEMA3E,1
FOXH1,CBX3,1
FOXH1,LGR4,1
FOXH1,ANGPT2,1
FOXH1,DEK,1
FOXH1,SVIL,1
FOXH1,RGMB,1
FOXH1,MCM4,1
FOXH1,KIAA1324L,1
FOXH1,PRDM1,1
FOXH1,PIP4K2A,1
FOXH1,ZNF202,1
FOXH1,HIF3A,1
FOXH1,OXTR,1
FOXH1,ACTC1,1
FOXH1,NANOG,1
FOXH1,GPM6B,1
FOXH1,KLHL4,1
FOXH1,RFPL2,1
FOXH1,EPHA4,1
FOXH1,AK4,1
FOXH1,ELAVL2,1
FOXH1,NEDD4,1
FOXH1,MPP6,1
FOXH1,CA14,1
FOXH1,MATN3,1
FOXH1,STAT2,1
FOXH1,OSBPL10,1
FOXH1,PAM,1
FOXH1,SLITRK2,1
FOXH1,TP53INP1,1
FOXH1,TLE2,1
FOXH1,CYP26A1,1
FOXH1,ROR2,1
FOXH1,GSC,1
FOXH1,KLF7,1
FOXH1,PIM2,1
FOXH1,BOD1,1
FOXH1,DDX54,1
FOXH1,ARID3B,1
FOXH1,PTDSS1,1
FOXH1,ABLIM1,1
FOXH1,ATP11B,1
FOXH1,ARID5B,1
FOXH1,BAMBI,1
FOXH1,FOXJ1,1
FOXH1,RIPPLY1,1
FOXH1,TLE3,1
FOXH1,NRP2,1
FOXH1,SKIL,1
FOXH1,ANKRD1,1
FOXH1,RGPD2,1
FOXH1,RAI1,1
FOXH1,CALB1,1
FOXH1,ADSS,1
FOXH1,PDE4D,1
FOXH1,PDPN,1
FOXH1,TMEM39A,1
FOXH1,TRIAP1,1
FOXH1,ESRRG,1
FOXH1,DNAJC2,1
FOXH1,SLC35F1,1
FOXH1,OIP5,1
FOXH1,NUSAP1,1
FOXH1,SRC,1
FOXH1,AARS,1
FOXH1,CCNE2,1
FOXH1,WDHD1,1
FOXH1,MEIS1,1
FOXH1,TIAM1,1
FOXH1,LIMCH1,1
FOXH1,OTX2,1
FOXH1,SMARCD3,1
FOXH1,HNRNPD,1
FOXH1,FRMD6,1
FOXH1,ETV1,1
FOXH1,RASGRP3,1
FOXH1,ALPK2,1
FOXH1,RGS5,1
FOXH1,TNC,1
FOXH1,WDFY1,1
FOXH1,C4ORF46,1
FOXH1,NFIA,1
FOXH1,CNKSR3,1
FOXH1,BTF3,1
FOXH1,BCAR3,1
FOXH1,TMEM126B,1
FOXH1,KLF8,1
FOXH1,FREM1,1
FOXH1,SEMA6D,1
FOXH1,RNF13,1
FOXH1,MAML3,1
FOXH1,SLC46A3,1
FOXH1,EWSR1,1
FOXH1,RXRG,1
FOXH1,APC,1
FOXH1,KLHL6,1
FOXH1,JMJD1C,1
FOXH1,PLS1,1
FOXH1,FAM117B,1
FOXH1,TLR4,1
FOXH1,ID1,1
FOXH1,CCNA2,1
FOXH1,LGR5,1
FOXH1,ANKRD28,1
FOXH1,LIPG,1
FOXH1,ITM2A,1
FOXH1,ITGAV,1
FOXH1,SLC7A3,1
FOXH1,POLR2G,1
FOXH1,MAGI3,1
FOXH1,SNX14,1
FOXH1,SERPINB6,1
FOXH1,ZNF219,1
FOXH1,RBFOX2,1
FOXH1,CLDN10,1
FOXH1,CDK6,1
FOXH1,HECA,1
FOXH1,PRICKLE1,1
FOXH1,GPC4,1
FOXH1,TJP2,1
FOXH1,XRCC6,1
FOXP1,RGPD2,1
FOXP1,KIFAP3,1
FOXP1,TCF4,1
FOXP1,TRIB1,1
FOXP1,PHLPP1,1
FOXP1,SLC39A7,1
FOXP1,UBL7,1
FOXP1,CITED2,1
FOXP1,EXO1,1
FOXP1,POU2F1,1
FOXP1,RABGAP1L,1
FOXP1,ANKRD28,1
FOXP1,SUPT16H,1
FOXP1,MCM7,1
FOXP1,PSIP1,1
FOXP1,KLHL12,1
FOXP1,GTF2H2,1
FOXP1,MECOM,1
FOXP1,MAML3,1
FOXP1,ZNF521,1
FOXP1,STIM2,1
FOXP1,NFIA,1
FOXP1,ZNF3,1
FOXP1,MCM3,1
FOXP1,FUBP1,1
FOXP1,SLC36A4,1
FOXP1,SETBP1,1
FOXP1,ARID5B,1
FOXP1,ZNF585B,1
FOXP1,DAAM1,1
FOXP1,TIPARP,1
FOXP1,CXXC1,1
FOXP1,PA2G4,1
FOXP1,MRPL1,1
FOXP1,CADM1,1
FOXP1,SYT1,1
FOXP1,PAIP2B,1
FOXP1,CSDE1,1
FOXP1,PDE4D,1
FOXP1,CCNG2,1
FOXP1,CDC25C,1
FOXP1,DNAJC11,1
FOXP1,HNRNPD,1
FOXP1,CREB3L4,1
FOXP1,POLDIP3,1
FOXP1,CASD1,1
FOXP1,ELOVL2,1
FOXP1,TDP2,1
FOXP1,RIN2,1
FOXP1,ARL4A,1
FOXP1,CCDC50,1
FOXP1,CNBP,1
FOXP1,POLA1,1
FOXP1,TRAF6,1
FOXP1,DTL,1
FOXP1,MND1,1
FOXP1,VEZT,1
FOXP1,TRAPPC8,1
FOXP1,FGD6,1
FOXP1,BCAR3,1
FOXP1,CCPG1,1
FOXP1,TRIAP1,1
FOXP1,METAP1,1
FOXP1,FXR1,1
FOXP1,STAT2,1
FOXP1,EARS2,1
FOXP1,OPTN,1
FOXP1,RNF19A,1
FOXP1,TADA1,1
FOXP1,SNRPB,1
FOXP1,DNAJC9,1
FOXP1,NOP16,1
FOXP1,NOC3L,1
FOXP1,TMEM39A,1
FOXP1,ZFC3H1,1
FOXP1,MAT2B,1
FOXP1,LRP12,1
FOXP1,TTC4,1
FOXP1,DNMT3A,1
FOXP1,NIP7,1
FOXP1,ZFP62,1
FOXP1,TDRD7,1
FOXP1,SNRPD1,1
FOXP1,ZNF398,1
FOXP1,XRN1,1
FOXP1,NOL11,1
FOXP1,MDM4,1
FOXP1,ASNS,1
FOXP1,SNX18,1
FOXP1,PUS7,1
FOXP1,UTP15,1
FOXP1,AFF1,1
FOXP1,ASXL1,1
FOXP1,CCNA2,1
FOXP1,CHD9,1
FOXP1,IQGAP2,1
FOXP1,NUP54,1
FOXP1,NAT10,1
FOXP1,ANKZF1,1
FOXP1,TFB2M,1
FOXP1,TBX3,1
FOXP1,MICU1,1
FOXP1,FAM162A,1
FOXP1,IFRD2,1
FOXP1,KLHL28,1
FOXP1,MPHOSPH6,1
FOXP1,TMEM126B,1
FOXP1,TRIM37,1
FOXP1,OTUD6B,1
FOXP1,AMN1,1
FOXP1,NECAP2,1
FOXP1,RBFOX2,1
FOXP1,PLAGL1,1
FOXP1,MAFF,1
FOXP1,CLCN3,1
FOXP1,PCNA,1
FOXP1,KAT6A,1
FOXP1,SECISBP2L,1
FOXP1,ST5,1
FOXP1,SNAPC3,1
FOXP1,NFAT5,1
FOXP1,DEPDC1B,1
FOXP1,TP53,1
FOXP1,BUB1B,1
FOXP1,APC,1
FOXP1,SKIL,1
FOXP1,YPEL5,1
FOXP1,DEK,1
FOXP1,CTNNB1,1
FOXP1,ANKRD6,1
FOXP1,TIMM21,1
FOXP1,NPM1,1
FOXP1,SAAL1,1
FOXP1,NOP2,1
FOXP1,PRMT3,1
FOXP1,SSB,1
FOXP1,BBIP1,1
FOXP1,POLR2A,1
FOXP1,CEP290,1
FOXP1,WDR35,1
FOXP1,COL1A1,1
FOXP1,OXTR,1
FOXP1,POLR2K,1
FOXP1,NXF1,1
FOXP1,C4ORF46,1
FOXP1,AFF4,1
FOXP1,VPS13C,1
FOXP1,PDCD11,1
FOXP1,PHB2,1
FOXP1,UCHL3,1
FOXP1,RBM14,1
FOXP1,ITGA4,1
FOXP1,PNPLA8,1
FOXP1,ALG6,1
FOXP1,FOXN3,1
FOXP1,CALCOCO1,1
FOXP1,ENC1,1
FOXP1,LIG4,1
FOXP1,WWP1,1
FOXP1,DBF4,1
FOXP1,MFN2,1
FOXP1,KIF15,1
FOXP1,DAXX,1
FOXP1,SEC11C,1
FOXP1,ZNF219,1
FOXP1,TMEM87A,1
FOXP1,RNF138,1
FOXP1,PROSER1,1
FOXP1,METTL1,1
FOXP1,PATZ1,1
FOXP1,HPS5,1
FOXP1,TMEM87B,1
FOXP1,SERINC3,1
FOXP1,SCG3,1
FOXP1,PMP22,1
FOXP1,ZFYVE16,1
FOXP1,TFAP4,1
FOXP1,SPRY2,1
FOXP1,SIRT1,1
FOXP1,CCDC82,1
FOXP1,MCM4,1
FOXP1,ERLEC1,1
FOXP1,C18ORF21,1
FOXP1,STAT3,1
FOXP1,RPA2,1
FOXP1,FBXO36,1
FOXP1,KLHL7,1
FOXP1,KLHL4,1
FOXP1,CCDC90B,1
FOXP1,THYN1,1
FOXP1,GCA,1
FOXP1,ACAD8,1
FOXP1,PREPL,1
FOXP1,KIAA1324L,1
FOXP1,ITPR2,1
FOXP1,LAP3,1
FOXP1,TNFRSF21,1
FOXP1,EHD3,1
FOXP1,SRGAP1,1
FOXP1,RNF14,1
FOXP1,BTF3,1
FOXP1,ADSS,1
FOXP1,PARP1,1
FOXP1,RTKN2,1
FOXP1,GCNT1,1
FOXP1,PLCB1,1
FOXP1,NDUFC2-KCTD14,1
FOXP1,PRCP,1
FOXP1,HMGN2,1
FOXP1,SMARCD1,1
FOXP1,DKK1,1
FOXP1,XPO5,1
FOXP1,BCLAF1,1
FOXP1,SMAD5,1
FOXP1,SEMA6A,1
FOXP1,MMP16,1
FOXP1,TSPAN12,1
FOXP1,MCM10,1
FOXP1,AKAP1,1
FOXP1,TMEM177,1
FOXP1,PTMA,1
FOXP1,FNDC3B,1
FOXP1,PLS1,1
FOXP1,CLU,1
FOXP1,RAI1,1
FOXP1,MAK16,1
FOXP1,PPM1H,1
FOXP1,GATAD2A,1
FOXP1,LPGAT1,1
FOXP1,MIA3,1
FOXP1,TMEM237,1
FOXP1,PRICKLE1,1
FOXP1,E2F4,1
FOXP1,SVIL,1
FOXP1,CNKSR3,1
FOXP1,FBXO34,1
FOXP1,SNUPN,1
FOXP1,NOG,1
FOXP1,PLAGL2,1
FOXP1,GEMIN4,1
FOXP1,KIF22,1
FOXP1,TCOF1,1
FOXP1,GALNT11,1
FOXP1,MAP7,1
FOXP1,ZNF165,1
FOXP1,ROR2,1
FOXP1,DNAAF2,1
FOXP1,ACOX3,1
FOXP1,MAPRE2,1
FOXP1,TTC39B,1
FOXP1,SCO1,1
FOXP1,ALCAM,1
FOXP1,STK38L,1
FOXP1,C1GALT1,1
FOXP1,U2AF1,1
FOXP1,GLMN,1
FOXP1,NR2C1,1
FOXP1,F3,1
FOXP1,ZNF30,1
FOXP1,TBC1D4,1
FOXP1,P4HA1,1
FOXP1,TWISTNB,1
FOXP1,SRSF2,1
FOXP1,TEAD1,1
FOXP1,CEP55,1
FOXP1,UPF1,1
FOXP1,MAP4K3,1
FOXP1,DCAF5,1
FOXP1,HDGF,1
FOXP1,TEX10,1
FOXP1,TK1,1
FOXP1,PTPRM,1
FOXP1,MOB3B,1
FOXP1,ST8SIA1,1
FOXP1,POU2F2,1
FOXP1,INSIG2,1
FOXP1,KIF21A,1
FOXP1,KLF5,1
FOXP1,CDCA5,1
FOXP1,POLR2M,1
FOXP1,ZNF764,1
FOXP1,UBL3,1
FOXP1,IL6ST,1
FOXP1,ESCO2,1
FOXP1,TCF7L1,1
FOXP1,ANKRD44,1
FOXP1,DCAF6,1
FOXP1,USP1,1
FOXP1,RCOR3,1
FOXP1,PALB2,1
FOXP1,NFKBIB,1
FOXP1,JUND,1
FOXP1,ARFGAP3,1
FOXP1,SDCCAG8,1
FOXP1,RNPS1,1
FOXP1,BOD1,1
FOXP1,YTHDF3,1
FOXP1,PRKACB,1
FOXP1,FOXN2,1
FOXP1,CAMK2D,1
FOXP1,E2F7,1
FOXP1,CCDC138,1
FOXP1,BRWD1,1
FOXP1,AADAT,1
FOXP1,TEAD4,1
FOXP1,NREP,1
FOXP1,SORL1,1
FOXP1,RALB,1
FOXP1,CPSF3,1
FOXP1,TRIM27,1
FOXP1,PPAT,1
FOXP1,KAT7,1
FOXP1,GXYLT1,1
FOXP1,SLC5A6,1
FOXP1,TP53INP1,1
FOXP1,KLHL24,1
FOXP1,BCAS2,1
FOXP1,JMJD1C,1
FOXP1,RPP40,1
FOXP1,BAMBI,1
FOXP1,WDHD1,1
FOXP1,HIF1A,1
FOXP1,GALC,1
FOXP1,NRP2,1
FOXP1,NCAPG,1
FOXP1,FIG4,1
FOXP1,RUVBL2,1
FOXP1,JAKMIP2,1
FOXP1,CTBP1,1
FOXP1,CDC7,1
FOXP1,ETV1,1
FOXP1,WEE1,1
FOXP1,NAV2,1
FOXP1,PMAIP1,1
FOXP1,KIF16B,1
FOXP1,CALB1,1
FOXP1,UNC5D,1
FOXP1,EEF1A1,1
FOXP1,CLDN10,1
FOXP1,RBPJ,1
FOXP1,STX12,1
FOXP1,MPP6,1
FOXP1,REL,1
FOXP1,PPM1K,1
FOXP1,HEATR1,1
FOXP1,LBH,1
FOXP1,DUSP4,1
FOXP1,ANKRD18B,1
FOXP1,ALDH18A1,1
FOXP1,ZNF83,1
FOXP1,MIF,1
FOXP1,DPY19L1,1
FOXP1,NDC80,1
FOXP1,FOXK1,1
FOXP1,CLGN,1
FOXP1,TMF1,1
FOXP1,LDB2,1
FOXP1,TGFBR1,1
FOXP1,SSX2IP,1
FOXP1,PDGFRA,1
FOXP1,EDEM3,1
FOXP1,WDFY1,1
FOXP1,TTK,1
FOXP1,POLR2H,1
FOXP1,MXI1,1
FOXP1,MEIS1,1
FOXP1,TRIM33,1
FOXP1,ARHGAP28,1
FOXP1,ANKMY2,1
FOXP1,TMEM47,1
FOXP1,CSPP1,1
FOXP1,SALL2,1
FOXP1,ADD2,1
FOXP1,ZNF160,1
FOXP1,TXLNG,1
FOXP1,FAM83D,1
FOXP1,PNRC1,1
FOXP1,PARN,1
FOXP1,DAB2,1
FOXP1,THAP9,1
FOXP1,TUBE1,1
FOXP1,NEK7,1
FOXP1,RUVBL1,1
FOXP1,COL4A2,1
FOXP1,COL4A1,1
FOXP1,GABRB3,1
FOXP1,RAD51AP1,1
FOXP1,RFC3,1
FOXP1,SLC39A11,1
FOXP1,TTC27,1
FOXP1,BEND3,1
FOXP1,PURA,1
FOXP1,IL13RA1,1
FOXP1,VAMP7,1
FOXP1,RBM12,1
FOXP1,MSX1,1
FOXP1,LIX1,1
FOXP1,CCDC112,1
FOXP1,VHL,1
FOXP1,NEDD9,1
FOXP1,KLF7,1
FOXP1,RND3,1
FOXP1,CAPN2,1
FOXP1,BTBD10,1
FOXP1,IRF1,1
FOXP1,CPE,1
FOXP1,HECA,1
FOXP1,HESX1,1
FOXP1,ETS1,1
FOXP1,PLK2,1
FOXP1,FLRT3,1
FOXP1,CLSTN2,1
FOXP1,PREX1,1
FOXP1,MYO5B,1
FOXP1,CUL1,1
FOXP1,S1PR3,1
FOXP1,POLR2D,1
FOXP1,PGAP1,1
FOXP1,ARID3B,1
FOXP1,MITF,1
FOXP1,KIAA1841,1
FOXP1,CDCA8,1
FOXP1,ZNF202,1
FOXP1,GAD1,1
FOXP1,TNC,1
FOXP1,PRSS35,1
FOXP1,IFT80,1
FOXP1,DPYSL3,1
FOXP1,ZIC2,1
FOXP1,TRIM35,1
FOXP1,STEAP1B,1
FOXP1,C2ORF69,1
FOXP1,ERRFI1,1
FOXP1,BARX2,1
FOXP1,ARID4B,1
FOXP1,ANKRD13C,1
FOXP1,CHAC2,1
FOXP1,APBB2,1
FOXP1,URB2,1
FOXP1,PRIM1,1
FOXP1,BNIP3,1
FOXP1,ACSS3,1
FOXP1,COG6,1
FOXP1,CDH2,1
FOXP1,ZNF146,1
FOXP1,SLC39A14,1
FOXP1,GLDC,1
FOXP1,ZNF488,1
FOXP1,ESRRG,1
FOXP1,ZNF589,1
FOXP1,SH3RF1,1
FOXP1,SAMD8,1
FOXP1,GULP1,1
FOXP1,TMSB15B,1
FOXP1,RMI1,1
FOXP1,PDE3B,1
FOXP1,NUAK1,1
FOXP1,HNRNPK,1
FOXP1,GPSM2,1
FOXP1,SLC29A1,1
FOXP1,PPARGC1B,1
FOXP1,MCM5,1
FOXP1,DNMT3B,1
FOXP1,COL5A1,1
FOXP1,UCK2,1
FOXP1,BMPR1A,1
FOXP1,SKA3,1
FOXP1,PHC1,1
FOXP1,LTBP1,1
FOXP1,RGMB,1
FOXP1,PTPRZ1,1
FOXP1,DSE,1
FOXP1,MAPKAPK3,1
FOXP1,ID3,1
FOXP1,MED14,1
FOXP1,ATP11C,1
GATA2,TLE3,1
GATA2,GATA6,1
GATA2,MAPK10,1
GATA2,COLEC12,1
GATA2,ANKRD1,1
GATA2,ANXA3,1
GATA2,IQGAP2,1
GATA2,DLC1,1
GATA2,PPP1R9A,1
GATA2,NIPSNAP1,1
GATA2,BMP4,1
GATA2,MORC4,1
GATA2,CA12,1
GATA3,RFESD,1
GATA3,MPHOSPH9,1
GATA3,MAPK10,1
GATA3,TBX3,1
GATA3,POU5F1,1
GATA3,TLE3,1
GATA3,RBBP4,1
GATA3,ATF6,1
GATA3,COLEC12,1
GATA3,MITF,1
GATA3,IQGAP2,1
GATA3,NIPSNAP1,1
GATA3,ANXA3,1
GATA3,CD9,1
GATA3,NIF3L1,1
GATA3,TRIM37,1
GATA3,ELMOD2,1
GATA3,GATA6,1
GATA3,TEAD4,1
GATA3,MME,1
GATA3,BMP4,1
GATA3,CLCN3,1
GATA3,BTBD10,1
GATA3,DLC1,1
GATA3,BTG2,1
GATA3,ZNF165,1
GATA3,DAB2,1
GATA3,ANKRD1,1
GATA3,S100A10,1
GATA3,RASGRP3,1
GATA3,RBM47,1
GATA3,POLR2G,1
GATA3,RABEPK,1
GATA3,VWA5A,1
GATA3,MECOM,1
GATA3,NR3C1,1
GATA3,NHLH2,1
GATA3,WEE1,1
GATA3,BMPR1A,1
GATA3,TCF4,1
GATA3,PLS1,1
GATA3,BCAR3,1
GATA3,GPR108,1
GATA3,SH2B3,1
GATA3,SYNE2,1
GATA3,PLAGL1,1
GATA3,EIF5A2,1
GATA3,SMAD5,1
GATA3,CAMK2D,1
GATA3,RNF19A,1
GATA3,ST8SIA1,1
GATA3,PPP1R9A,1
GATA3,HSD17B11,1
GATA3,TRIM22,1
GATA3,CREB3L2,1
GATA3,TLE2,1
GATA3,ST3GAL6,1
GATA3,SVEP1,1
GATA3,ANKRD44,1
GATA3,P4HA1,1
GATA3,JMJD1C,1
GATA3,SEMA3E,1
GATA3,PALLD,1
GATA3,ZNF587,1
GATA3,RALB,1
GATA3,HMGA1,1
GATA3,MYBL2,1
GATA3,MORC4,1
GATA3,RGS5,1
GATA3,MGST2,1
GATA3,CLCN4,1
GATA3,ZNF202,1
GATA3,MCCC1,1
GATA3,BAMBI,1
GATA3,ZFHX3,1
GATA3,LMO2,1
GATA3,CCKBR,1
GATA3,MAP7,1
GATA3,CCDC141,1
GATA3,SERPINE2,1
GATA3,B4GALT4,1
GATA3,HECW2,1
GATA3,KLHL4,1
GATA3,DNMT3A,1
GATA3,EPHA4,1
GATA3,SERPINB6,1
GATA3,CDC14B,1
GATA3,NHSL1,1
GATA3,CA12,1
GATA3,SIPA1L2,1
GATA3,CLDN10,1
GATA3,NTS,1
GATA4,CCDC141,1
GATA4,RASGRP3,1
GATA4,ANKRD1,1
GATA4,VWA5A,1
GATA4,SH2B3,1
GATA4,C4ORF46,1
GATA4,MORC4,1
GATA4,COLEC12,1
GATA4,RGS5,1
GATA4,MPHOSPH9,1
GATA4,SRSF1,1
GATA4,PDE4D,1
GATA4,ILF3,1
GATA4,ALPK2,1
GATA4,TEAD4,1
GATA4,CLCN3,1
GATA4,RAI14,1
GATA4,SMAD5,1
GATA4,GATA6,1
GATA4,SMARCD3,1
GATA4,MAPKAPK3,1
GATA4,DAB2,1
GATA4,BTBD10,1
GATA4,P4HA1,1
GATA4,CEP85L,1
GATA4,SERINC3,1
GATA4,KHSRP,1
GATA4,NIF3L1,1
GATA4,ANXA3,1
GATA4,HIF1A,1
GATA4,TNC,1
GATA4,MECOM,1
GATA4,ALCAM,1
GATA4,TCF4,1
GATA4,GPR108,1
GATA4,CHD9,1
GATA4,BTF3,1
GATA4,PAM,1
GATA4,ST8SIA1,1
GATA4,LIX1,1
GATA4,SLC39A8,1
GATA4,ANGPT2,1
GATA4,PAIP2B,1
GATA4,TMEM39A,1
GATA4,CDCA7,1
GATA4,PLAGL1,1
GATA4,RPA2,1
GATA4,TTK,1
GATA4,RGMB,1
GATA4,AIP,1
GATA4,KIAA1324L,1
GATA4,PGAP2,1
GATA4,NCOA6,1
GATA4,DMBX1,1
GATA4,TRIAP1,1
GATA4,NOC3L,1
GATA4,ODC1,1
GATA4,EARS2,1
GATA4,FLVCR2,1
GATA4,ZNF202,1
GATA4,CALB1,1
GATA4,VRK1,1
GATA4,FRYL,1
GATA4,ST3GAL6,1
GATA4,FAM208A,1
GATA4,CYB5A,1
GATA4,RIN2,1
GATA4,SAMD3,1
GATA4,UNG,1
GATA4,HESX1,1
GATA4,PER3,1
GATA6,RASGRP3,1
GATA6,RGS5,1
GATA6,C4ORF46,1
GATA6,SH2B3,1
GATA6,TEAD4,1
GATA6,PALB2,1
GATA6,RGPD2,1
GATA6,CCDC141,1
GATA6,CLCN3,1
GATA6,CEP85L,1
GATA6,ANKRD1,1
GATA6,MAPKAPK3,1
GATA6,TAOK3,1
GATA6,VWA5A,1
GATA6,COLEC12,1
GATA6,SERINC3,1
GATA6,PLAGL1,1
GATA6,BTBD10,1
GATA6,RAD54L,1
GATA6,SLC39A8,1
GATA6,HIF1A,1
GATA6,TNC,1
GATA6,ST8SIA1,1
GATA6,SMARCD3,1
GATA6,FOXP1,1
GATA6,CALB1,1
GATA6,DMBX1,1
GATA6,NCOA6,1
GATA6,ZNF202,1
GATA6,ALPK2,1
HAND2,CBFA2T2,1
HAND2,MAPRE2,1
HAND2,ALPK2,1
HAND2,TUBE1,1
HAND2,SVEP1,1
HAND2,CDK6,1
HAND2,KIFAP3,1
HAND2,NR3C1,1
JUND,TRIB1,1
JUND,SPRED2,1
JUND,MAPRE2,1
JUND,STAT3,1
JUND,STX12,1
JUND,PAK1,1
JUND,CLU,1
JUND,ZNF165,1
JUND,TEAD1,1
JUND,F3,1
JUND,TRIP6,1
JUND,VIM,1
JUND,MCM4,1
JUND,NFAT5,1
JUND,ZKSCAN1,1
JUND,TMEM39A,1
JUND,KAT6A,1
JUND,RGPD2,1
JUND,CLCN3,1
JUND,CAP2,1
JUND,HECA,1
JUND,HPS5,1
JUND,CDC25C,1
JUND,DNMT1,1
JUND,NBEAL1,1
JUND,ANKRD1,1
JUND,CHEK2,1
JUND,NFYB,1
JUND,ZNF219,1
JUND,KLHL12,1
JUND,CAMK2D,1
JUND,ANKRD13A,1
JUND,MIA3,1
JUND,PRCP,1
JUND,MAFF,1
JUND,SUPT7L,1
JUND,TRIAP1,1
JUND,RAI14,1
JUND,DNAJC11,1
JUND,POLR1A,1
JUND,EPCAM,1
JUND,NAT10,1
JUND,NDC80,1
JUND,MFN2,1
JUND,GPR108,1
JUND,CENPK,1
JUND,METTL1,1
JUND,RBPJ,1
JUND,FRMD6,1
JUND,POLDIP3,1
JUND,ID1,1
JUND,FAM126B,1
JUND,NUP54,1
JUND,ACOX3,1
JUND,ZNF3,1
JUND,C4ORF46,1
JUND,UTP18,1
JUND,MBTD1,1
JUND,PNPLA8,1
JUND,PTDSS1,1
JUND,NOL11,1
JUND,RNPS1,1
JUND,UCHL3,1
JUND,TP53,1
JUND,TTC4,1
JUND,ANKMY2,1
JUND,ZNF512,1
JUND,EWSR1,1
JUND,PSIP1,1
JUND,MRPL1,1
JUND,MRPS30,1
JUND,JMJD1C,1
JUND,PLS1,1
JUND,MCC,1
JUND,ILF2,1
JUND,PPT2,1
JUND,CDCA5,1
JUND,BET1,1
JUND,FAM162A,1
JUND,LAP3,1
JUND,KIF15,1
JUND,SAAL1,1
JUND,HCFC1,1
JUND,ABLIM1,1
JUND,FBXO34,1
JUND,NUFIP1,1
JUND,TWISTNB,1
JUND,CAPN2,1
JUND,VWA5A,1
JUND,RFC3,1
JUND,BCAS2,1
JUND,SRSF2,1
JUND,NDUFC2-KCTD14,1
JUND,DNAJC2,1
JUND,TRUB1,1
JUND,MRPS35,1
JUND,HOMER1,1
JUND,CREB3L2,1
JUND,RFXANK,1
JUND,ZNF764,1
JUND,PGAP2,1
JUND,AFF1,1
JUND,MBIP,1
JUND,POLR1B,1
JUND,NUAK1,1
JUND,PAK1IP1,1
JUND,POLR2A,1
JUND,TJP2,1
JUND,NIP7,1
JUND,C18ORF21,1
JUND,SNRPB,1
JUND,TFB2M,1
JUND,DDX54,1
JUND,RAD51AP1,1
JUND,C3ORF14,1
JUND,FLRT3,1
JUND,NOP16,1
JUND,CTNNB1,1
JUND,ANXA3,1
JUND,STX6,1
JUND,VAMP7,1
JUND,MEIS1,1
JUND,LGALSL,1
JUND,ENO1,1
JUND,PHB2,1
JUND,ARID3B,1
JUND,CDCA7L,1
JUND,NIF3L1,1
JUND,ELL2,1
JUND,SLC39A7,1
JUND,TFE3,1
JUND,SNRPD1,1
JUND,CCDC90B,1
JUND,PALB2,1
JUND,ASB9,1
JUND,GTF2H2,1
JUND,SF1,1
JUND,TDP2,1
JUND,TSR1,1
JUND,GALNT11,1
JUND,SERINC3,1
JUND,MDM4,1
JUND,FBXO28,1
JUND,TATDN1,1
JUND,SART3,1
JUND,BAG3,1
JUND,DAAM1,1
JUND,CPSF3,1
JUND,GPATCH4,1
JUND,KIF16B,1
JUND,MAML3,1
JUND,SLC36A4,1
JUND,LTV1,1
JUND,YTHDF3,1
JUND,SKIL,1
JUND,NECAP2,1
JUND,FER,1
JUND,YPEL5,1
JUND,CRABP2,1
JUND,FTSJ3,1
JUND,ILF3,1
JUND,EPHA2,1
JUND,UTP15,1
JUND,SRSF1,1
JUND,PROSER1,1
JUND,DLC1,1
JUND,ANKRD13C,1
JUND,MAFG,1
JUND,TNFRSF21,1
JUND,TRIP11,1
JUND,SECISBP2L,1
JUND,PA2G4,1
JUND,TNC,1
JUND,RAD54L,1
JUND,ZNF589,1
JUND,WDR75,1
JUND,RFC4,1
JUND,ZDHHC2,1
JUND,HNRNPD,1
JUND,SLC35A3,1
JUND,RUVBL1,1
JUND,RAE1,1
JUND,TMF1,1
JUND,ERLEC1,1
JUND,CHAF1A,1
JUND,RUVBL2,1
JUND,ZBTB10,1
JUND,KLHL7,1
JUND,TCF4,1
JUND,PNRC1,1
JUND,HMGA1,1
JUND,TRAPPC8,1
JUND,TBX3,1
JUND,POLR2M,1
JUND,XRN1,1
JUND,ITGA5,1
JUND,RRN3,1
JUND,WDHD1,1
JUND,KAT7,1
JUND,KIF2C,1
JUND,EARS2,1
JUND,METAP1,1
JUND,MCM7,1
JUND,AKAP1,1
JUND,GATA3,1
JUND,PPIL1,1
JUND,EEF1A1,1
JUND,ZNF398,1
JUND,PAM,1
JUND,SAP18,1
JUND,AHNAK,1
JUND,TRAF6,1
JUND,PALLD,1
JUND,CITED2,1
JUND,AARS,1
JUND,DNAJC9,1
JUND,WWP1,1
JUND,UBL7,1
JUND,SCO1,1
JUND,PREPL,1
JUND,NUP35,1
JUND,IFI16,1
JUND,CPE,1
JUND,RABGAP1L,1
JUND,ASXL1,1
JUND,APBB2,1
JUND,ZFC3H1,1
JUND,CSDE1,1
JUND,BTG2,1
JUND,STK38L,1
JUND,NAA15,1
JUND,FBXO36,1
JUND,GATM,1
JUND,TMEM237,1
JUND,PHLDB2,1
JUND,TMEM126B,1
JUND,COX10,1
JUND,CCNG2,1
JUND,NOC3L,1
JUND,TRIM28,1
JUND,ACBD6,1
JUND,MCCC1,1
JUND,ZNF142,1
JUND,MCM10,1
JUND,LIG4,1
JUND,E2F4,1
JUND,ZRANB2,1
JUND,RBFOX2,1
JUND,NXF1,1
JUND,DCLK1,1
JUND,PCNA,1
JUND,DTL,1
JUND,REV3L,1
JUND,U2AF1,1
JUND,PDLIM3,1
JUND,CCNA2,1
JUND,AFF4,1
JUND,GOLGB1,1
JUND,NREP,1
JUND,CALCOCO2,1
JUND,ETV4,1
JUND,ETV3,1
JUND,PRMT3,1
JUND,RCOR3,1
JUND,BBIP1,1
JUND,RTKN2,1
JUND,ZWILCH,1
JUND,CXXC1,1
JUND,SRSF3,1
JUND,FARSB,1
JUND,VSNL1,1
JUND,ARID5B,1
JUND,ZNF24,1
JUND,GDAP1,1
JUND,SEMA6A,1
JUND,APEX1,1
JUND,KIF21A,1
JUND,CCDC138,1
JUND,RNF19A,1
JUND,SSX2IP,1
JUND,GCNT1,1
JUND,CEP55,1
JUND,CCPG1,1
JUND,PLAGL2,1
JUND,CCDC50,1
JUND,MAK16,1
JUND,CHD9,1
JUND,BBS4,1
JUND,SNUPN,1
JUND,ENOPH1,1
JUND,SMAD5,1
JUND,TRIM37,1
JUND,FN1,1
JUND,STAT2,1
JUND,ALCAM,1
JUND,DOK4,1
JUND,RBM14,1
JUND,ZNF83,1
JUND,POLB,1
JUND,FAM135A,1
JUND,MXI1,1
JUND,ARL4A,1
JUND,FXR1,1
JUND,KIF22,1
JUND,TRIM2,1
JUND,FOXK1,1
JUND,RMI1,1
JUND,HNRNPK,1
JUND,BCAR3,1
JUND,CLCN4,1
JUND,SFPQ,1
JUND,SVIL,1
JUND,NCAM1,1
JUND,IMP4,1
JUND,LYAR,1
JUND,CBX3,1
JUND,XRCC5,1
JUND,URB2,1
JUND,WDR12,1
JUND,SLC19A2,1
JUND,IFT80,1
JUND,ZNF587,1
JUND,MEF2D,1
JUND,ASNS,1
JUND,PPAT,1
JUND,ERRFI1,1
JUND,CDCA2,1
JUND,HIF1A,1
JUND,GPC6,1
JUND,CDC6,1
JUND,AMN1,1
JUND,SLC39A11,1
JUND,WDFY1,1
JUND,NFKBIA,1
JUND,SNX18,1
JUND,KLF7,1
JUND,BRWD1,1
JUND,TDRD7,1
JUND,HNRNPAB,1
JUND,ZFP62,1
JUND,TK1,1
JUND,ZNF521,1
JUND,P4HA1,1
JUND,ARID3A,1
JUND,ZNF202,1
JUND,NOP2,1
JUND,DCAF6,1
JUND,SIRT1,1
JUND,STT3B,1
JUND,ACSS3,1
JUND,SEC11C,1
JUND,PPM1K,1
JUND,KIFAP3,1
JUND,RNF14,1
JUND,NPM1,1
JUND,MAP7,1
JUND,RAD50,1
JUND,XPO5,1
JUND,SLC39A14,1
JUND,PARN,1
JUND,BCLAF1,1
JUND,TEX10,1
JUND,PHLPP1,1
JUND,CNBP,1
JUND,WDR35,1
JUND,ELAVL2,1
JUND,PHF21A,1
JUND,SLC46A3,1
JUND,TFAP4,1
JUND,VEZT,1
JUND,FGD6,1
JUND,TIPIN,1
JUND,SSB,1
JUND,MED16,1
JUND,CUX1,1
JUND,SEMA3A,1
JUND,SLC7A5,1
JUND,SOS2,1
JUND,MECOM,1
JUND,ACTC1,1
JUND,FOXP1,1
JUND,BLM,1
JUND,ATRNL1,1
JUND,GCA,1
JUND,UNC5D,1
JUND,CSPP1,1
JUND,CCDC82,1
JUND,PPM1H,1
JUND,LRP12,1
JUND,SCG3,1
JUND,TOP2A,1
JUND,YBX1,1
JUND,KLHL4,1
JUND,MEIS2,1
JUND,ZNF92,1
JUND,GPC4,1
JUND,ZNF8,1
JUND,LMX1B,1
JUND,HDGF,1
JUND,DCAF5,1
JUND,RFPL2,1
JUND,MAT2B,1
JUND,CDCA7,1
JUND,ESRRG,1
JUND,SRGAP1,1
JUND,PAWR,1
JUND,TRIM25,1
JUND,FOXN3,1
JUND,EPHB2,1
JUND,MYBL2,1
JUND,ALDOC,1
JUND,PKIG,1
JUND,ARL4D,1
JUND,SOX5,1
JUND,PUS7,1
JUND,UPF1,1
JUND,MAPKAPK3,1
JUND,DAB2,1
JUND,DNAJB14,1
JUND,DECR1,1
JUND,FAM83D,1
JUND,OIP5,1
JUND,NUSAP1,1
JUND,TMEM131,1
JUND,CCND1,1
JUND,BCAT2,1
JUND,PRICKLE1,1
JUND,ELOVL2,1
JUND,ST5,1
JUND,SNAI1,1
JUND,SETD7,1
JUND,FAM117B,1
JUND,HELZ,1
JUND,OSBPL10,1
JUND,MT1X,1
JUND,OXTR,1
JUND,RBMX,1
JUND,RNF138,1
JUND,DNMT3A,1
JUND,PCK2,1
JUND,CAD,1
JUND,BHLHB9,1
JUND,RPP40,1
JUND,ANKRD50,1
JUND,PLOD2,1
JUND,PITX2,1
JUND,PDE4D,1
JUND,ESPL1,1
JUND,CLDN7,1
JUND,ZNF160,1
JUND,MCM2,1
JUND,CPVL,1
JUND,SOX4,1
JUND,POU2F2,1
JUND,MND1,1
JUND,E2F3,1
JUND,FLI1,1
JUND,PRMT6,1
JUND,FOXD3,1
JUND,COL1A1,1
JUND,BEX2,1
JUND,SOX13,1
JUND,SERTAD2,1
JUND,HIST1H1B,1
JUND,CDC7,1
JUND,SALL2,1
JUND,B4GALT4,1
JUND,AURKB,1
JUND,CALB1,1
JUND,SLC2A1,1
JUND,ITPR2,1
JUND,RARG,1
JUND,VHL,1
JUND,GPSM2,1
JUND,ZNF124,1
JUND,GALC,1
JUND,GLMN,1
JUND,EHD3,1
JUND,HMGN2,1
JUND,NIPSNAP1,1
JUND,MIF,1
JUND,PHLDA1,1
JUND,KIAA1324L,1
JUND,DNA2,1
JUND,GATAD2A,1
JUND,ADAMTS3,1
JUND,STX17,1
JUND,SH3BP5,1
JUND,PTMA,1
JUND,NCOA6,1
JUND,PRKACB,1
JUND,TP53INP1,1
JUND,MAN2A1,1
JUND,PMAIP1,1
JUND,ZSWIM6,1
JUND,SRC,1
JUND,TMSB15B,1
JUND,ESRP1,1
JUND,MSX1,1
JUND,PDGFRA,1
JUND,ZFYVE21,1
JUND,SYT1,1
JUND,ARFGAP3,1
JUND,RNF24,1
JUND,SATB1,1
JUND,SH3BGRL2,1
JUND,PTPRM,1
JUND,E2F7,1
JUND,RCAN2,1
JUND,H1F0,1
JUND,JAKMIP2,1
JUND,DSE,1
JUND,NTS,1
JUND,CASK,1
JUND,NAV2,1
JUND,SORL1,1
JUND,GABRB3,1
JUND,CER1,1
JUND,RRAS2,1
JUND,SLC39A8,1
JUND,BEND3,1
JUND,COL1A2,1
JUND,GULP1,1
JUND,CYB5A,1
JUND,PRSS35,1
JUND,ANKRD44,1
JUND,HS3ST3A1,1
JUND,SLFN5,1
JUND,CDK6,1
JUND,ENC1,1
JUND,ANKRD18B,1
JUND,LDB2,1
JUND,AADAT,1
JUND,NFIC,1
JUND,COBLL1,1
JUND,SMYD2,1
JUND,ARHGAP28,1
JUND,CADM1,1
JUND,DNMT3B,1
JUND,CCDC112,1
JUND,VANGL1,1
JUND,CUL1,1
JUND,DPYSL3,1
JUND,RBMS3,1
JUND,MALT1,1
JUND,GALNT7,1
JUND,TIMP3,1
JUND,SLC29A1,1
JUND,CCKBR,1
JUND,LRRN1,1
JUND,USP44,1
JUND,ANKRD6,1
JUND,JPH1,1
JUND,SHOX2,1
JUND,CSRP2,1
JUND,FAT1,1
JUND,DAB1,1
JUND,PREX1,1
JUND,SDC2,1
JUND,RGS5,1
JUND,HEG1,1
JUND,OPTN,1
JUND,KDR,1
JUND,TCN2,1
JUND,PDPN,1
JUND,KIF1A,1
JUND,MYOCD,1
JUND,PTPRZ1,1
JUND,NANOG,1
JUND,CYYR1,1
JUND,SETBP1,1
JUND,TRPC4,1
JUND,SLITRK2,1
JUND,LIX1,1
JUND,TGFBR1,1
JUND,ROR2,1
JUND,MOB3B,1
KLF5,TRIM37,1
KLF5,BTBD10,1
KLF5,SNAPC3,1
KLF5,ASXL1,1
KLF5,SKA3,1
KLF5,TIPIN,1
KLF5,CPSF3,1
KLF5,ZFC3H1,1
KLF5,CDC20,1
KLF5,MAK16,1
KLF5,STK17B,1
KLF5,NCAPG,1
KLF5,BCLAF1,1
KLF5,STK38L,1
KLF5,NOL11,1
KLF5,POLDIP3,1
KLF5,DCAF6,1
KLF5,FUBP1,1
KLF5,RMI1,1
KLF5,HNRNPK,1
KLF5,CSDE1,1
KLF5,LTV1,1
KLF5,FAM135A,1
KLF5,AKAP1,1
KLF5,BUB1B,1
KLF5,PURA,1
KLF5,CHAF1A,1
KLF5,DDHD2,1
KLF5,SMARCC1,1
KLF5,IFT80,1
KLF5,SUPT16H,1
KLF5,SF1,1
KLF5,SLC39A7,1
KLF5,GCA,1
KLF5,POLR1C,1
KLF5,RBPJ,1
KLF5,MAFF,1
KLF5,SRSF10,1
KLF5,ASH2L,1
KLF5,NFATC3,1
KLF5,FZD6,1
KLF5,NPM1,1
KLF5,MCM4,1
KLF5,PFKFB2,1
KLF5,AGL,1
KLF5,ANKRD13C,1
KLF5,ZNF219,1
KLF5,MAD2L1,1
KLF5,SAP18,1
KLF5,REV3L,1
KLF5,RFC3,1
KLF5,EDEM3,1
KLF5,ZNF317,1
KLF5,NOC3L,1
KLF5,SAMD8,1
KLF5,COPS3,1
KLF5,PLOD2,1
KLF5,PRTG,1
LEF1,ETV4,1
LEF1,TLE3,1
LEF1,PRICKLE1,1
LEF1,RGMB,1
LEF1,SLC7A5,1
LEF1,DKK4,1
LEF1,DCLK1,1
LEF1,SUPT7L,1
LEF1,SVEP1,1
LEF1,CER1,1
LEF1,VPS13C,1
LEF1,NOG,1
LEF1,FAM126B,1
LEF1,ZWINT,1
LEF1,CDC14B,1
LEF1,TNC,1
LEF1,UBL7,1
LEF1,NEDD9,1
LEF1,TRIAP1,1
LEF1,POLR1B,1
LEF1,NIN,1
LEF1,WWTR1,1
LEF1,RFESD,1
LEF1,NXF1,1
LEF1,ETV3,1
LEF1,SEC11C,1
LEF1,CYB5A,1
LEF1,UPF2,1
LEF1,CTNNB1,1
LEF1,DUSP4,1
LEF1,DKK1,1
LEF1,TFDP1,1
LEF1,MDM4,1
LEF1,ANKRD26,1
LEF1,ARHGAP28,1
LEF1,LRIG3,1
LEF1,LAP3,1
LEF1,RFXANK,1
LEF1,AK4,1
LEF1,RBM14,1
LEF1,OTX2,1
LEF1,MIA3,1
LEF1,ARFGAP3,1
LEF1,KLHL4,1
LEF1,DCAF6,1
LEF1,PDE4D,1
MLLT3,RGPD2,1
MXI1,GPATCH4,1
MXI1,METTL1,1
MXI1,MAK16,1
MXI1,TTC27,1
MXI1,NOP16,1
MXI1,AURKB,1
MXI1,KIF23,1
MXI1,URB2,1
MXI1,NAT10,1
MXI1,PAK1IP1,1
MXI1,NUP35,1
MXI1,PRCP,1
MXI1,HEATR1,1
MXI1,DPH2,1
MXI1,UTP15,1
MXI1,CDC20,1
MXI1,TFB2M,1
MXI1,SLC39A11,1
MXI1,MYBBP1A,1
MXI1,TWISTNB,1
MXI1,SMYD5,1
MXI1,FARSB,1
MXI1,NPM1,1
MXI1,EARS2,1
MXI1,POLR1C,1
MXI1,CAD,1
MXI1,IMP4,1
MXI1,PDCD11,1
MXI1,NOC3L,1
MXI1,NUFIP1,1
MXI1,WDR12,1
MXI1,POLR1B,1
MXI1,RPF2,1
MXI1,MAD2L1,1
MXI1,NOP2,1
MXI1,FOXJ1,1
MXI1,NUP54,1
MXI1,PHB2,1
MXI1,CCNA2,1
MXI1,LYAR,1
MXI1,NT5DC3,1
MXI1,DYNC2LI1,1
MXI1,KIF15,1
MXI1,LTV1,1
MXI1,PPAT,1
MXI1,WDR3,1
MXI1,SKA3,1
MXI1,TRIM37,1
MXI1,TNFRSF21,1
MXI1,POLR2I,1
MXI1,RABEPK,1
MXI1,BUB1B,1
MXI1,TRIAP1,1
MXI1,RUVBL1,1
MXI1,RIOK1,1
MXI1,BOD1,1
MXI1,TSR1,1
MXI1,ACOX3,1
MXI1,NAA25,1
MXI1,SNRPD1,1
MXI1,STAT3,1
MXI1,MAPRE2,1
MXI1,ZNF146,1
MXI1,PRMT3,1
MXI1,UCHL3,1
MXI1,PUS7,1
MXI1,CCNE2,1
MXI1,APEX1,1
MXI1,ZNF202,1
MXI1,DNAJC2,1
MXI1,LAP3,1
MXI1,GEMIN6,1
MXI1,RGPD2,1
MXI1,MRPL1,1
MXI1,AKAP1,1
MXI1,ALDH18A1,1
MXI1,UNG,1
MXI1,ZNF587,1
MXI1,RPP40,1
MXI1,HIF1A,1
MXI1,MBTD1,1
MXI1,ODF2,1
MXI1,ELMOD2,1
MXI1,ZNF142,1
MXI1,COX10,1
MXI1,HMGN2,1
MXI1,NCAPG,1
MXI1,SLC19A2,1
MXI1,IFRD2,1
MXI1,NAA15,1
MXI1,POLR2K,1
MXI1,UHRF1,1
MXI1,XPO5,1
MXI1,ARL4A,1
MXI1,NOL11,1
MXI1,ZNF3,1
MXI1,E2F3,1
MXI1,PPIL1,1
MXI1,ZBTB10,1
MXI1,NIP7,1
MXI1,YBX1,1
MXI1,CHD9,1
MXI1,CREB3L4,1
MXI1,ZNF124,1
MXI1,WDR35,1
MXI1,YPEL5,1
MXI1,TMEM177,1
MXI1,PALB2,1
MXI1,AGPAT5,1
MXI1,GTF2H2,1
MXI1,PREPL,1
MXI1,PA2G4,1
MXI1,JUND,1
MXI1,BTBD10,1
MXI1,HNRNPAB,1
MXI1,TIMM21,1
MXI1,HPS5,1
MXI1,FAM117B,1
MXI1,WDHD1,1
MXI1,MXD4,1
MXI1,SLC39A8,1
MXI1,KLHL7,1
MXI1,CEP112,1
MXI1,DAXX,1
MXI1,TP53,1
MXI1,PGAP2,1
MXI1,TTC4,1
MXI1,NECAP2,1
MXI1,SLC7A5,1
MXI1,TIPIN,1
MXI1,TMF1,1
MXI1,DNAAF2,1
MXI1,UTP14A,1
MXI1,HNRNPD,1
MXI1,TUBE1,1
MXI1,FOXN2,1
MXI1,ZNF317,1
MXI1,KIF22,1
MXI1,GOLGB1,1
MXI1,COPS3,1
MXI1,C18ORF21,1
MXI1,VEZT,1
MXI1,FGD6,1
MXI1,KAT6A,1
MXI1,MCCC1,1
MXI1,DTL,1
MXI1,PKIG,1
MXI1,RALB,1
MXI1,SRGAP1,1
MXI1,DCAF6,1
MXI1,CDCA8,1
MXI1,CEP290,1
MXI1,MCM7,1
MXI1,CCDC138,1
MXI1,ZRANB2,1
MXI1,RAD51AP1,1
MXI1,KLHL12,1
MXI1,ABLIM1,1
MXI1,OTUD6B,1
MXI1,POLB,1
MXI1,KLHL28,1
MXI1,ENOPH1,1
MXI1,ASH2L,1
MXI1,ADAMTS3,1
MXI1,ILF3,1
MXI1,POP5,1
MXI1,MIA3,1
MXI1,CCPG1,1
MXI1,ASXL1,1
MXI1,WDR75,1
MXI1,MAT2B,1
MXI1,FAM126B,1
MXI1,SSB,1
MXI1,ESPL1,1
MXI1,TRAPPC8,1
MXI1,ZNF165,1
MXI1,KIAA1841,1
MXI1,NUCB2,1
MXI1,IFT80,1
MXI1,FOXN3,1
MXI1,NFXL1,1
MXI1,GALNT7,1
MXI1,PPT2,1
MXI1,SERINC3,1
MXI1,SLC35A3,1
MXI1,MFN2,1
MXI1,FUBP1,1
MXI1,SF1,1
MXI1,BBIP1,1
MXI1,POLR2F,1
MXI1,SCO1,1
MXI1,ANKRD13A,1
MXI1,RFESD,1
MXI1,FAM135A,1
MXI1,CXXC1,1
MXI1,SMARCD1,1
MXI1,C4ORF46,1
MXI1,RNF138,1
MXI1,PGM2,1
MXI1,CALCOCO1,1
MXI1,ILF2,1
MXI1,CCDC90B,1
MXI1,PURA,1
MXI1,KIFAP3,1
MXI1,SNRPB,1
MXI1,DDX54,1
MXI1,CHAF1A,1
MXI1,NFKBIB,1
MXI1,MITF,1
MXI1,ANKMY2,1
MXI1,CREB3L2,1
MXI1,ID1,1
MXI1,CDK6,1
MXI1,GDAP1,1
MXI1,ANKRD28,1
MXI1,MAP7,1
MXI1,ATG4C,1
MXI1,SECISBP2L,1
MXI1,PFKFB2,1
MXI1,DNMT3A,1
MXI1,NR2C1,1
MXI1,POLDIP3,1
MXI1,POLR2M,1
MXI1,SAP18,1
MXI1,METAP1,1
MXI1,E2F7,1
MXI1,MAFF,1
MXI1,EDEM3,1
MXI1,CSDE1,1
MXI1,SSX2IP,1
MXI1,SRSF10,1
MXI1,BCAS2,1
MXI1,NFIA,1
MXI1,CTNNB1,1
MXI1,RBPJ,1
MXI1,SENP7,1
MXI1,TXLNG,1
MXI1,PAWR,1
MXI1,RGMB,1
MXI1,ZFC3H1,1
MXI1,RBFOX2,1
MXI1,CALB1,1
MXI1,KAT7,1
MXI1,CYB5A,1
MXI1,PPARGC1B,1
MXI1,SLC39A7,1
MXI1,UBL3,1
MXI1,CCDC112,1
MXI1,RMI1,1
MXI1,HNRNPK,1
MXI1,MAPK10,1
MXI1,REL,1
MXI1,SUPT7L,1
MXI1,CDC7,1
MXI1,ANKRD13C,1
MXI1,TUBA4A,1
MXI1,SCG3,1
MXI1,ARHGAP28,1
MXI1,PDE4D,1
MXI1,TIAM1,1
MXI1,SLC6A15,1
MXI1,LIMCH1,1
MXI1,LDB2,1
MXI1,NAGA,1
MXI1,TCF4,1
MXI1,FZD7,1
MXI1,GCA,1
MXI1,PPM1H,1
MXI1,COBLL1,1
MXI1,ZNF219,1
MXI1,SOX2,1
MXI1,TRIM2,1
MXI1,IFI16,1
MXI1,GCNT2,1
MXI1,NUMB,1
MXI1,NCAM1,1
MXI1,APBB1,1
MXI1,GABRB3,1
MXI1,TFDP1,1
MXI1,TMEM64,1
MXI1,HESX1,1
MXI1,JAKMIP2,1
MXI1,SIX6,1
MXI1,CCDC81,1
MXI1,SPP1,1
MXI1,SLC35F1,1
NANOG,OTX2,1
NANOG,HESX1,1
NANOG,PRICKLE1,1
NANOG,CER1,1
NANOG,AK4,1
NANOG,DNMT3B,1
NANOG,ZNF202,1
NANOG,SLC7A5,1
NANOG,DCLK1,1
NANOG,ETV1,1
NANOG,ODF2,1
NANOG,TNC,1
NANOG,CDC14B,1
NANOG,SFRP2,1
NANOG,PRDM14,1
NANOG,SMAD6,1
NANOG,RGS5,1
NANOG,PDPN,1
NANOG,WDHD1,1
NANOG,RBM47,1
NANOG,PPM1K,1
NANOG,IAH1,1
NANOG,RGMB,1
NANOG,ST8SIA4,1
NANOG,RGPD2,1
NANOG,ETV4,1
NANOG,SYT1,1
NANOG,KLHL4,1
NANOG,PLAGL1,1
NANOG,IFI16,1
NANOG,AKAP2,1
NANOG,GRHL2,1
NANOG,WLS,1
NANOG,HDAC9,1
NANOG,GOLGB1,1
NANOG,IGDCC4,1
NANOG,CD200,1
NANOG,TFAP2A,1
NANOG,USP44,1
NANOG,ZNF3,1
NANOG,TLE2,1
NANOG,PAM,1
NANOG,KHSRP,1
NANOG,TLE3,1
NANOG,PHLDB2,1
NANOG,RBM14,1
NANOG,CNBP,1
NANOG,PPM1H,1
NANOG,FOXP1,1
NANOG,MECOM,1
NANOG,SALL2,1
NANOG,ASXL1,1
NANOG,SFPQ,1
NANOG,PDE4D,1
NANOG,FAM126B,1
NANOG,ZNF589,1
NANOG,ADAMTS3,1
NANOG,TTC39B,1
NANOG,NEDD9,1
NANOG,LPIN1,1
NANOG,ID1,1
NANOG,ANXA3,1
NANOG,PALLD,1
NANOG,TRIM22,1
NANOG,VIM,1
NANOG,USP1,1
NANOG,GCNT2,1
NANOG,PBX1,1
NANOG,KLF5,1
NANOG,FAM169A,1
NANOG,BAMBI,1
NANOG,ATP2B4,1
NANOG,FOXD3,1
NANOG,MMP2,1
NANOG,ELAVL2,1
NANOG,LIX1,1
NANOG,FOXN3,1
NANOG,SRSF1,1
NANOG,PFKFB2,1
NANOG,RABGAP1L,1
NANOG,C4ORF46,1
NANOG,CCDC50,1
NANOG,SNAPC3,1
NANOG,TCF4,1
NANOG,POU2F1,1
NANOG,EHMT2,1
NANOG,MDM4,1
NANOG,PTMA,1
NANOG,NUP54,1
NANOG,POLR1B,1
NANOG,SAMD3,1
NANOG,PPIL1,1
NANOG,RNF19A,1
NANOG,VEZT,1
NANOG,FGD6,1
NANOG,TFB2M,1
NANOG,PHB2,1
NANOG,PRCP,1
NANOG,ILF2,1
NANOG,HNRNPD,1
NANOG,UNC5D,1
NANOG,GTF2H2,1
NANOG,DKK1,1
NANOG,NIN,1
NANOG,MAT2B,1
NANOG,THY1,1
NANOG,GPR108,1
NANOG,PITX2,1
NANOG,NFIA,1
NANOG,ASNS,1
NANOG,SUPT7L,1
NANOG,PODXL,1
NANOG,CLCN3,1
NANOG,RBMX,1
NANOG,SEL1L,1
NANOG,CCNE2,1
NANOG,STX6,1
NANOG,EPCAM,1
NANOG,PHLPP1,1
NANOG,NIF3L1,1
NANOG,FN1,1
NANOG,SOX5,1
NANOG,CDC7,1
NANOG,LRP12,1
NANOG,ESRP1,1
NANOG,GALM,1
NANOG,IFRD2,1
NANOG,CCNA2,1
NANOG,SCO1,1
NANOG,PALB2,1
NANOG,DSCC1,1
NANOG,MED16,1
NANOG,JMJD1C,1
NANOG,CAD,1
NANOG,CHD9,1
NANOG,CCDC90B,1
NANOG,ZRANB2,1
NANOG,RPE,1
NANOG,TMEM126B,1
NANOG,PREPL,1
NANOG,GSC,1
NANOG,FTSJ3,1
NANOG,SART3,1
NANOG,SPRY2,1
NANOG,TYRO3,1
NANOG,LIN28A,1
NANOG,CREB3L4,1
NANOG,ARHGAP42,1
NANOG,ENC1,1
NANOG,NCAM1,1
NANOG,CALCOCO1,1
NANOG,RMI1,1
NANOG,KIF2C,1
NANOG,HNRNPK,1
NANOG,KLHL12,1
NANOG,PDCD11,1
NANOG,CNTRL,1
NANOG,CCDC6,1
NANOG,ATG4C,1
NANOG,NECAP2,1
NANOG,ZFP62,1
NANOG,NHSL1,1
NANOG,KLHL28,1
NANOG,RPF2,1
NANOG,ANKRD28,1
NANOG,MAPRE2,1
NANOG,RBBP4,1
NANOG,EARS2,1
NANOG,ZWINT,1
NANOG,CXXC1,1
NANOG,PMAIP1,1
NANOG,ARL4A,1
NANOG,POLDIP3,1
NANOG,GEMIN6,1
NANOG,ILF3,1
NANOG,TBX3,1
NANOG,BCLAF1,1
NANOG,RPA2,1
NANOG,MBIP,1
NANOG,EXOSC3,1
NANOG,BBS4,1
NANOG,RXRG,1
NANOG,SCG3,1
NANOG,NFKBIB,1
NANOG,UBL7,1
NANOG,BUB1B,1
NANOG,ANKZF1,1
NANOG,RHOBTB3,1
NANOG,KIF15,1
NANOG,DNAJC9,1
NANOG,BCAS2,1
NANOG,AFF1,1
NANOG,SLC18B1,1
NANOG,MCM3,1
NANOG,ZNF92,1
NANOG,MIA3,1
NANOG,BET1,1
NANOG,KIF22,1
NANOG,PROM1,1
NANOG,RBPJ,1
NANOG,RAD54L,1
NANOG,PRDM1,1
NANOG,PDCD2,1
NANOG,CHEK2,1
NANOG,RBFOX2,1
NANOG,EEF1A1,1
NANOG,FXR1,1
NANOG,NIP7,1
NANOG,ZNF521,1
NANOG,NCAPG,1
NANOG,RUVBL1,1
NANOG,RAE1,1
NANOG,FNDC3B,1
NANOG,TWISTNB,1
NANOG,PRIM1,1
NANOG,CDC25C,1
NANOG,PAIP2B,1
NANOG,MFAP4,1
NANOG,RAD51AP1,1
NANOG,MCM6,1
NANOG,MXD4,1
NANOG,GGCT,1
NANOG,XRCC6,1
NANOG,PNPLA8,1
NANOG,SKIL,1
NANOG,NUCB2,1
NANOG,RRAS2,1
NANOG,FAM117B,1
NANOG,STAT3,1
NANOG,PHLDA1,1
NANOG,NUMB,1
NANOG,NPM1,1
NANOG,ISL1,1
NANOG,FIG4,1
NANOG,ADD2,1
NANOG,MEX3C,1
NANOG,SNRPD1,1
NANOG,ZNF146,1
NANOG,VRK1,1
NANOG,CCNG2,1
NANOG,HAS2,1
NANOG,YBX1,1
NANOG,POLQ,1
NANOG,NPFFR2,1
NANOG,ZNF764,1
NANOG,CRABP2,1
NANOG,KAT7,1
NANOG,KIAA1324L,1
NANOG,ARHGAP28,1
NANOG,SNUPN,1
NANOG,HPS5,1
NANOG,SNAI2,1
NANOG,CCND1,1
NANOG,SLC35A3,1
NANOG,ZNF585B,1
NANOG,EIF5A2,1
NANOG,GXYLT1,1
NANOG,MRPL1,1
NANOG,KIFAP3,1
NANOG,TRIAP1,1
NANOG,ELMOD2,1
NANOG,EXO1,1
NANOG,CYYR1,1
NANOG,MXI1,1
NANOG,ZNF30,1
NANOG,POLR2A,1
NANOG,ZWILCH,1
NANOG,NAA15,1
NANOG,STT3B,1
NANOG,FBXO34,1
NANOG,SEMA3E,1
NANOG,CCDC82,1
NANOG,SOX4,1
NANOG,KAT6A,1
NANOG,FER,1
NANOG,ARID5B,1
NANOG,LRAT,1
NANOG,IQGAP2,1
NANOG,BOD1,1
NANOG,ZNF24,1
NANOG,TMEM39A,1
NANOG,LTV1,1
NANOG,OSBPL3,1
NANOG,RAD51,1
NANOG,TRIM37,1
NANOG,POLR2M,1
NANOG,PGAP2,1
NANOG,ELL2,1
NANOG,CREB3L2,1
NANOG,COPS3,1
NANOG,NUP35,1
NANOG,TJP2,1
NANOG,KIF23,1
NANOG,SATB1,1
NANOG,CCDC138,1
NANOG,MRPS30,1
NANOG,SEMA6A,1
NANOG,PGAP1,1
NANOG,VASH2,1
NANOG,SRSF2,1
NANOG,ZSWIM6,1
NANOG,NBPF10,1
NANOG,ANKRD50,1
NANOG,NUFIP1,1
NANOG,HECW2,1
NANOG,NXF1,1
NANOG,CYP1B1,1
NANOG,SECISBP2L,1
NANOG,PA2G4,1
NANOG,DNAAF2,1
NANOG,TIMM21,1
NANOG,CSPP1,1
NANOG,NOP16,1
NANOG,TP53,1
NANOG,CEP85L,1
NANOG,CDC6,1
NANOG,TUBE1,1
NANOG,GPR83,1
NANOG,MRPS35,1
NANOG,BLM,1
NANOG,SSB,1
NANOG,TRUB1,1
NANOG,WDR35,1
NANOG,ZNF8,1
NANOG,MYOCD,1
NANOG,GPC6,1
NANOG,ZNF83,1
NANOG,SMAD2,1
NANOG,SNX18,1
NANOG,S100A10,1
NANOG,RNPS1,1
NANOG,TOP2A,1
NANOG,KLHL24,1
NANOG,ZNF691,1
NANOG,PLAGL2,1
NANOG,PCNA,1
NANOG,NDC80,1
NANOG,NOL11,1
NANOG,CDKN3,1
NANOG,ACTL6A,1
NANOG,UPF2,1
NANOG,FAM83D,1
NANOG,THYN1,1
NANOG,ACAD8,1
NANOG,URB2,1
NANOG,JAKMIP2,1
NANOG,TRIM2,1
NANOG,POLR1A,1
NANOG,SF1,1
NANOG,WDFY1,1
NANOG,IMP4,1
NANOG,AGPAT5,1
NANOG,CALCOCO2,1
NANOG,C18ORF21,1
NANOG,GATM,1
NANOG,ECHDC1,1
NANOG,CENPK,1
NANOG,BARX2,1
NANOG,SMARCC1,1
NANOG,RAD50,1
NANOG,FARSB,1
NANOG,DNAJC11,1
NANOG,KIF21A,1
NANOG,AARS,1
NANOG,MSX1,1
NANOG,ITPR2,1
NANOG,SNX14,1
NANOG,FAM135A,1
NANOG,NAV2,1
NANOG,SKA3,1
NANOG,PKIG,1
NANOG,ACBD3,1
NANOG,OIP5,1
NANOG,NUSAP1,1
NANOG,MAP7,1
NANOG,CLGN,1
NANOG,ZNF587,1
NANOG,ETV3,1
NANOG,TEAD1,1
NANOG,COL1A2,1
NANOG,TGFBR3,1
NANOG,CD9,1
NANOG,EHD3,1
NANOG,CDH2,1
NANOG,CAMK2D,1
NANOG,HDGF,1
NANOG,METTL1,1
NANOG,CCNB2,1
NANOG,TRIP6,1
NANOG,POLA1,1
NANOG,ESRRG,1
NANOG,LCMT1,1
NANOG,TRIM35,1
NANOG,PLK1,1
NANOG,JPH1,1
NANOG,ACOX3,1
NANOG,TDRD7,1
NANOG,DUSP4,1
NANOG,ZNF518B,1
NANOG,ZFP42,1
NANOG,AIP,1
NANOG,VWA5A,1
NANOG,TCOF1,1
NANOG,MITF,1
NANOG,LGR5,1
NANOG,SUPT16H,1
NANOG,NAT10,1
NANOG,ATP11C,1
NANOG,TK1,1
NANOG,ANKRD1,1
NANOG,KLF8,1
NANOG,FRYL,1
NANOG,CEBPZ,1
NANOG,MND1,1
NANOG,DNMT1,1
NANOG,DLGAP5,1
NANOG,CYB5A,1
NANOG,ZNF317,1
NANOG,POU2F2,1
NANOG,MAFG,1
NANOG,CAPN2,1
NANOG,ZNF142,1
NANOG,BTF3,1
NANOG,HEATR1,1
NANOG,BHLHB9,1
NANOG,XRCC5,1
NANOG,MAK16,1
NANOG,COL4A2,1
NANOG,COL4A1,1
NANOG,SH3PXD2A,1
NANOG,SAP18,1
NANOG,DCAF6,1
NANOG,TDP2,1
NANOG,SLC39A14,1
NANOG,SIRT1,1
NANOG,PLOD2,1
NANOG,ASB9,1
NANOG,XPO5,1
NANOG,THAP9,1
NANOG,NREP,1
NANOG,TATDN1,1
NANOG,ITGA4,1
NANOG,FBXO36,1
NANOG,POLR1C,1
NANOG,C2ORF69,1
NANOG,TBC1D4,1
NANOG,UTP15,1
NANOG,TCN2,1
NANOG,LRRCC1,1
NANOG,DNAJC2,1
NANOG,WDR12,1
NANOG,TRIP11,1
NANOG,TFE3,1
NANOG,SLC46A3,1
NANOG,MFN2,1
NANOG,DEPDC1B,1
NANOG,RCAN2,1
NANOG,DCAF5,1
NANOG,RBM12,1
NANOG,SEMA6D,1
NANOG,NOC3L,1
NANOG,TMEM64,1
NANOG,PSIP1,1
NANOG,PLS1,1
NANOG,DMXL2,1
NANOG,CDK6,1
NANOG,ARID3B,1
NANOG,SOS2,1
NANOG,NFAT5,1
NANOG,DAAM1,1
NANOG,GLDC,1
NANOG,ERLEC1,1
NANOG,EPHA2,1
NANOG,CLDN10,1
NANOG,PJA2,1
NANOG,LAMB1,1
NANOG,IRF1,1
NANOG,DAXX,1
NANOG,CEP55,1
NANOG,APC,1
NANOG,SERTAD2,1
NANOG,LBH,1
NANOG,UTP14A,1
NANOG,NTS,1
NANOG,KLHL7,1
NANOG,ITGAV,1
NANOG,TMEM237,1
NANOG,RRN3,1
NANOG,NFKBIA,1
NANOG,RFC3,1
NANOG,DPH2,1
NANOG,NFYB,1
NANOG,FOXH1,1
NANOG,DNA2,1
NANOG,CDCA2,1
NANOG,CBFA2T2,1
NANOG,RIOK1,1
NANOG,BRWD1,1
NANOG,TRIM33,1
NANOG,ARID4B,1
NANOG,CPVL,1
NANOG,ARHGAP29,1
NANOG,CBX3,1
NANOG,ACBD6,1
NANOG,TIAM1,1
NANOG,RALB,1
NANOG,CITED2,1
NANOG,UTP18,1
NANOG,TIPIN,1
NANOG,MBTD1,1
NANOG,JUND,1
NANOG,SDCCAG8,1
NANOG,PRMT3,1
NANOG,KLF7,1
NANOG,WWTR1,1
NANOG,SNRPB,1
NANOG,SH3RF1,1
NANOG,PABPC4L,1
NANOG,LAP3,1
NANOG,GRPR,1
NANOG,MICU1,1
NANOG,DYNC2LI1,1
NANOG,NOP2,1
NANOG,RASGRP3,1
NANOG,NBPF14,1
NANOG,INSIG2,1
NANOG,ELOVL2,1
NANOG,CUX1,1
NANOG,CSDE1,1
NANOG,TXLNG,1
NANOG,NR2C1,1
NANOG,IFT80,1
NANOG,BTBD10,1
OTX2,POU2F1,1
OTX2,HNRNPD,1
OTX2,MLLT3,1
OTX2,PLAGL1,1
OTX2,TCOF1,1
OTX2,ECHDC1,1
OTX2,TMEM177,1
OTX2,CCNA2,1
OTX2,KHSRP,1
OTX2,RABGAP1L,1
OTX2,SDC2,1
OTX2,PCNA,1
OTX2,PALLD,1
OTX2,POLQ,1
OTX2,ZNF124,1
OTX2,GOLGB1,1
OTX2,SRSF2,1
OTX2,CCPG1,1
OTX2,HIF1A,1
OTX2,ATF6,1
OTX2,USP1,1
OTX2,ZNF202,1
OTX2,C4ORF46,1
OTX2,JMJD1C,1
OTX2,SNX18,1
OTX2,ESRRG,1
OTX2,ZNF93,1
OTX2,EMB,1
OTX2,MIA3,1
OTX2,COL1A2,1
OTX2,CCNG2,1
OTX2,GSC,1
OTX2,RUVBL1,1
OTX2,RBBP4,1
OTX2,AFF1,1
OTX2,PA2G4,1
OTX2,HESX1,1
OTX2,EIF5A2,1
OTX2,ELAVL2,1
OTX2,CDC25C,1
OTX2,SF1,1
OTX2,CLCN3,1
OTX2,DPYSL3,1
OTX2,PHB2,1
OTX2,RNF19A,1
OTX2,CBFA2T2,1
OTX2,HMGA1,1
OTX2,TK1,1
OTX2,CTNNB1,1
OTX2,NHSL1,1
OTX2,SYT1,1
OTX2,TNC,1
OTX2,SETD7,1
OTX2,ARHGAP28,1
OTX2,E2F3,1
OTX2,CALCOCO1,1
OTX2,TWISTNB,1
OTX2,TMEM87A,1
OTX2,TP53,1
OTX2,PRMT3,1
OTX2,GPR108,1
OTX2,RBM47,1
OTX2,TADA1,1
OTX2,RAD51AP1,1
OTX2,CEP290,1
OTX2,CNKSR3,1
OTX2,CD9,1
OTX2,PRIM1,1
OTX2,CDC20,1
OTX2,SNRPB,1
OTX2,CDCA2,1
OTX2,RPF2,1
OTX2,SOX4,1
OTX2,CRX,1
OTX2,WDR3,1
OTX2,RGPD2,1
OTX2,FLRT3,1
OTX2,UNC5D,1
OTX2,MRPL1,1
OTX2,YBX1,1
OTX2,MAPKAPK3,1
OTX2,KIFAP3,1
OTX2,PLCE1,1
OTX2,NUP54,1
OTX2,ILF2,1
OTX2,RND3,1
OTX2,PRCP,1
OTX2,CHN1,1
OTX2,EARS2,1
OTX2,TMEM39A,1
OTX2,STAT3,1
OTX2,SEL1L,1
OTX2,SRSF1,1
OTX2,SUPT7L,1
OTX2,BTF3,1
OTX2,NAV2,1
OTX2,NEDD4,1
OTX2,RBPJ,1
OTX2,BCLAF1,1
OTX2,PFKFB2,1
OTX2,BET1,1
OTX2,PLXNA2,1
OTX2,RNF138,1
OTX2,ZNF691,1
OTX2,EWSR1,1
OTX2,APEX1,1
OTX2,ANKRD28,1
OTX2,TIPIN,1
OTX2,KIF2C,1
OTX2,NAGA,1
OTX2,XRN1,1
OTX2,ATP11B,1
OTX2,TCN2,1
OTX2,CBX3,1
OTX2,PDE4D,1
OTX2,APC,1
OTX2,IQGAP2,1
OTX2,TRIP11,1
OTX2,ZWILCH,1
OTX2,DNMT3A,1
OTX2,ZNF24,1
OTX2,ISL1,1
OTX2,WDR12,1
OTX2,FIG4,1
OTX2,TCF4,1
OTX2,AARS,1
OTX2,SAMD8,1
OTX2,SNUPN,1
OTX2,TFB2M,1
OTX2,RFXANK,1
OTX2,AADAT,1
OTX2,STX6,1
OTX2,CER1,1
OTX2,TRIM2,1
OTX2,PDCD11,1
OTX2,IFRD2,1
OTX2,SLC39A11,1
OTX2,AFF4,1
OTX2,ZNF589,1
OTX2,BOD1,1
OTX2,FUBP1,1
OTX2,ACOX3,1
OTX2,NCAPG,1
OTX2,PALB2,1
OTX2,PAK1IP1,1
OTX2,CDCA5,1
OTX2,ATP11C,1
OTX2,WDR5,1
OTX2,PNPLA8,1
OTX2,OTUD6B,1
OTX2,BUB1B,1
OTX2,MCM6,1
OTX2,NOP16,1
OTX2,ZFC3H1,1
OTX2,NBEAL1,1
OTX2,CDC6,1
OTX2,PIP4K2A,1
OTX2,NRIP1,1
OTX2,LGR4,1
OTX2,REV3L,1
OTX2,LCMT1,1
OTX2,POLR2M,1
OTX2,POLR2A,1
OTX2,EXO1,1
OTX2,BCAS2,1
OTX2,CSDE1,1
OTX2,RPA2,1
OTX2,BBS4,1
OTX2,SECISBP2L,1
OTX2,KLHL12,1
OTX2,NOL11,1
OTX2,ATG4C,1
OTX2,BCL11B,1
OTX2,PHLPP1,1
OTX2,CHAF1A,1
OTX2,SDCCAG8,1
OTX2,ZNF165,1
OTX2,KLHL28,1
OTX2,KLHL4,1
OTX2,ST5,1
OTX2,FAM126B,1
OTX2,FOXN3,1
OTX2,CREB3L2,1
OTX2,DOK6,1
OTX2,NIPSNAP1,1
OTX2,RBM12,1
OTX2,SAP18,1
OTX2,PELI2,1
OTX2,SKIL,1
OTX2,TLE2,1
OTX2,FAM135A,1
OTX2,HPS5,1
OTX2,NANOG,1
OTX2,METTL1,1
OTX2,RFPL2,1
OTX2,KIF15,1
OTX2,TMEM126B,1
OTX2,SNAPC3,1
OTX2,ANKZF1,1
OTX2,ARL4D,1
OTX2,TBC1D4,1
OTX2,DTL,1
OTX2,GATM,1
OTX2,EHMT2,1
OTX2,PBXIP1,1
OTX2,PLK1,1
OTX2,CALB1,1
OTX2,STX12,1
OTX2,MCCC1,1
OTX2,ARL4A,1
OTX2,ZWINT,1
OTX2,NUFIP1,1
OTX2,OPTN,1
OTX2,NAT10,1
OTX2,STAT2,1
OTX2,RORB,1
OTX2,SPRED2,1
OTX2,WLS,1
OTX2,NUP35,1
OTX2,FNDC3B,1
OTX2,SEMA3A,1
OTX2,ZNF585B,1
OTX2,GALM,1
OTX2,IFT80,1
OTX2,MAFG,1
OTX2,PGAP1,1
OTX2,POLR2K,1
OTX2,PAM,1
OTX2,PPP1R9A,1
OTX2,MFN2,1
OTX2,ELL2,1
OTX2,UBL7,1
OTX2,DNAAF2,1
OTX2,FBXO5,1
OTX2,SUPT16H,1
OTX2,KLF5,1
OTX2,SLC39A7,1
OTX2,NR2C1,1
OTX2,ATP2B4,1
OTX2,DCAF6,1
OTX2,SVIL,1
OTX2,PTMA,1
OTX2,WDHD1,1
OTX2,WWP1,1
OTX2,ID1,1
OTX2,CHD9,1
OTX2,SLC19A2,1
OTX2,SPRY2,1
OTX2,CXXC1,1
OTX2,LTBP1,1
OTX2,NUMB,1
OTX2,SIRT1,1
OTX2,AIP,1
OTX2,ETV4,1
OTX2,SLC39A8,1
OTX2,CHEK2,1
OTX2,MXI1,1
OTX2,EPB41L3,1
OTX2,GPM6B,1
OTX2,VEZT,1
OTX2,NIP7,1
OTX2,NFKBIB,1
OTX2,FGD6,1
OTX2,TOP2A,1
OTX2,PROM1,1
OTX2,RUVBL2,1
OTX2,HSD17B11,1
OTX2,KLF7,1
OTX2,RTKN2,1
OTX2,NFIA,1
OTX2,ZNF317,1
OTX2,MAD2L1,1
OTX2,RFC4,1
OTX2,ZNF764,1
OTX2,GPR83,1
OTX2,PAIP2B,1
OTX2,BBIP1,1
OTX2,PPIC,1
OTX2,ALG6,1
OTX2,YPEL5,1
OTX2,FBXO36,1
OTX2,VWA5A,1
OTX2,TSR2,1
OTX2,OIP5,1
OTX2,NUSAP1,1
OTX2,HNRNPAB,1
OTX2,UNC13B,1
OTX2,ACTL6A,1
OTX2,SATB1,1
OTX2,ATRX,1
OTX2,ENC1,1
OTX2,DMXL2,1
OTX2,STC1,1
OTX2,CDKN3,1
OTX2,MBIP,1
OTX2,FBN1,1
OTX2,DDHD2,1
OTX2,ESPL1,1
OTX2,RAD54L,1
OTX2,BRWD1,1
OTX2,SKA3,1
OTX2,KIF22,1
OTX2,TGFB1,1
OTX2,ZNF587,1
OTX2,ARID4B,1
OTX2,SLA2,1
OTX2,CEP55,1
OTX2,CEP85L,1
OTX2,ZNF92,1
OTX2,PDPN,1
OTX2,ZNF3,1
OTX2,DEPDC1B,1
OTX2,ALDOC,1
OTX2,TIAM1,1
OTX2,FAM126A,1
OTX2,DLGAP5,1
OTX2,SNRPD1,1
OTX2,NEDD9,1
OTX2,S100A10,1
OTX2,ASXL1,1
OTX2,SLC18B1,1
OTX2,NOC3L,1
OTX2,NONO,1
OTX2,HDAC9,1
OTX2,TTC39B,1
OTX2,MAT2B,1
OTX2,CPD,1
OTX2,PPM1H,1
OTX2,PREPL,1
OTX2,CCDC90B,1
OTX2,TUBE1,1
OTX2,SRSF10,1
OTX2,NIF3L1,1
OTX2,RGMB,1
OTX2,CA14,1
OTX2,ZNF146,1
OTX2,LIX1,1
OTX2,CEBPZ,1
OTX2,TLE3,1
OTX2,GDAP1,1
OTX2,FBXO28,1
OTX2,VPS13C,1
OTX2,NPM1,1
OTX2,MCM7,1
OTX2,FER,1
OTX2,POLR1A,1
OTX2,MEX3C,1
OTX2,SLC35F1,1
OTX2,MRPS35,1
OTX2,COMMD10,1
OTX2,ALPK2,1
OTX2,GCNT2,1
OTX2,KRCC1,1
OTX2,RASGRP3,1
OTX2,MCM3,1
OTX2,FXR1,1
OTX2,HELZ,1
OTX2,CCDC82,1
OTX2,COL5A2,1
OTX2,WEE1,1
OTX2,RAD51,1
OTX2,FOXP1,1
OTX2,NLGN4X,1
OTX2,LRRCC1,1
OTX2,PPP3CA,1
OTX2,ITPR2,1
OTX2,HAS2,1
OTX2,FAM83D,1
OTX2,RABEPK,1
OTX2,ZNF83,1
OTX2,PRICKLE1,1
OTX2,NOP2,1
OTX2,RBFOX2,1
OTX2,KIF23,1
OTX2,BBS2,1
OTX2,TRAF6,1
OTX2,SALL2,1
OTX2,MAPRE2,1
OTX2,RAD50,1
OTX2,METAP1,1
OTX2,NCAM1,1
OTX2,C2ORF69,1
OTX2,SART3,1
OTX2,FBN2,1
OTX2,LMO2,1
OTX2,SATB2,1
OTX2,DAXX,1
OTX2,DENND1A,1
OTX2,FOXN2,1
OTX2,TMSB15B,1
OTX2,LRR1,1
OTX2,MIF,1
OTX2,CALCOCO2,1
OTX2,ST8SIA1,1
OTX2,CDC14B,1
OTX2,NR3C1,1
OTX2,SLC29A1,1
OTX2,NAA15,1
OTX2,C3ORF14,1
OTX2,USP44,1
OTX2,DCLK1,1
OTX2,LAP3,1
OTX2,ADAMTS3,1
OTX2,TSPAN12,1
OTX2,SCG3,1
OTX2,ZNF30,1
OTX2,CRABP2,1
OTX2,U2AF1,1
OTX2,ANKRD50,1
OTX2,SEMA6D,1
OTX2,ACBD3,1
OTX2,SMAD5,1
OTX2,RNF13,1
OTX2,KLHL24,1
OTX2,RGS5,1
OTX2,ODF2,1
OTX2,THAP9,1
OTX2,DKK4,1
OTX2,GULP1,1
OTX2,RBMX,1
OTX2,ARHGAP42,1
OTX2,HECA,1
OTX2,BCAT2,1
OTX2,KIAA1324L,1
OTX2,TRAPPC8,1
OTX2,PARP1,1
OTX2,IFI16,1
OTX2,AGL,1
OTX2,MPHOSPH6,1
OTX2,PGAP2,1
OTX2,CCDC6,1
OTX2,MYCN,1
OTX2,VSNL1,1
OTX2,PGM2,1
OTX2,CCNE2,1
OTX2,CLDN11,1
OTX2,HEATR1,1
OTX2,RBMS3,1
OTX2,TJP2,1
OTX2,AHNAK,1
OTX2,NECAP2,1
OTX2,MED12L,1
OTX2,ZCCHC24,1
OTX2,UTP14A,1
OTX2,PBX1,1
OTX2,P4HA1,1
OTX2,CAP2,1
OTX2,GRPR,1
OTX2,CPVL,1
OTX2,CDK6,1
OTX2,EPHA1,1
OTX2,CCDC80,1
OTX2,ALCAM,1
OTX2,PHF21A,1
OTX2,MAN1A1,1
OTX2,ITGA6,1
OTX2,C1GALT1,1
OTX2,MORC4,1
OTX2,EZH2,1
OTX2,AURKB,1
OTX2,COL5A1,1
OTX2,BMP4,1
OTX2,SH3BGRL2,1
OTX2,GRHL2,1
OTX2,COL1A1,1
OTX2,RCAN2,1
OTX2,PLOD2,1
OTX2,ENOPH1,1
OTX2,ZEB1,1
OTX2,PLCB4,1
OTX2,MSX1,1
OTX2,GPC4,1
OTX2,DAB1,1
OTX2,AK4,1
OTX2,RHOBTB3,1
OTX2,CSRP2,1
OTX2,DBF4,1
OTX2,SLC7A5,1
OTX2,EHD3,1
OTX2,DSE,1
OTX2,NFATC1,1
OTX2,CDCA7L,1
OTX2,CD200,1
OTX2,PIM2,1
OTX2,ZFP62,1
OTX2,SGCE,1
OTX2,JPH1,1
OTX2,ZNF488,1
OTX2,TXLNG,1
OTX2,SEMA5A,1
OTX2,ST8SIA4,1
OTX2,IAH1,1
OTX2,BAMBI,1
OTX2,UNG,1
OTX2,OSBPL10,1
OTX2,DPY19L1,1
OTX2,ESRP1,1
OTX2,KIF1A,1
OTX2,TFAP2A,1
OTX2,PTPRZ1,1
OTX2,ZNF142,1
OTX2,COL4A6,1
OTX2,COL4A5,1
OTX2,ZNF518B,1
OTX2,RIOK1,1
OTX2,MAEA,1
OTX2,TEAD4,1
OTX2,SRGAP1,1
OTX2,SH3PXD2A,1
OTX2,RRAS2,1
OTX2,ISCA1,1
OTX2,PGM1,1
OTX2,MXRA5,1
OTX2,FLVCR2,1
OTX2,DNMT3B,1
OTX2,FAM169A,1
OTX2,MECOM,1
OTX2,DLC1,1
OTX2,ADD2,1
OTX2,PIK3R5,1
OTX2,MATN3,1
OTX2,NLRP2,1
OTX2,TUBA4A,1
OTX2,MMP16,1
OTX2,NFATC3,1
OTX2,TMEM64,1
OTX2,RBM24,1
OTX2,ZKSCAN1,1
OTX2,FRZB,1
OTX2,ANKRD6,1
OTX2,GCA,1
OTX2,ITGAV,1
OTX2,QPCT,1
OTX2,DSCC1,1
OTX2,BHLHB9,1
OTX2,PHLDB2,1
OTX2,PDCD2,1
OTX2,NTN4,1
OTX2,TRPC4,1
OTX2,SLC39A14,1
OTX2,SERPINE2,1
OTX2,ETV1,1
OTX2,VIM,1
POU5F1,STAT3,1
POU5F1,PRICKLE1,1
POU5F1,NANOG,1
POU5F1,HDAC9,1
POU5F1,POLR2A,1
POU5F1,CD200,1
POU5F1,RGPD2,1
POU5F1,USP44,1
POU5F1,E2F7,1
POU5F1,OTX2,1
POU5F1,FOXP1,1
POU5F1,PLAGL1,1
POU5F1,HESX1,1
POU5F1,AFF1,1
POU5F1,ETV1,1
POU5F1,PHLDB2,1
POU5F1,ARHGAP42,1
POU5F1,CHD9,1
POU5F1,KAT6A,1
POU5F1,AK4,1
POU5F1,DCLK1,1
POU5F1,POU2F1,1
POU5F1,KLF5,1
POU5F1,NFAT5,1
POU5F1,TRIM22,1
POU5F1,RABGAP1L,1
POU5F1,GCNT2,1
POU5F1,ZNF589,1
POU5F1,CDC14B,1
POU5F1,ANKRD26,1
POU5F1,CER1,1
POU5F1,ZNF202,1
POU5F1,PITX2,1
POU5F1,FOXN3,1
POU5F1,ETV4,1
POU5F1,ENC1,1
POU5F1,FAT1,1
POU5F1,PDPN,1
POU5F1,PDE4D,1
POU5F1,GPC6,1
POU5F1,SUPT7L,1
POU5F1,AKAP2,1
POU5F1,PBX1,1
POU5F1,SFRP2,1
POU5F1,GTF2H2,1
POU5F1,POLDIP3,1
POU5F1,SECISBP2L,1
POU5F1,ESRP1,1
POU5F1,ASXL1,1
POU5F1,CDC7,1
POU5F1,ANKRD28,1
POU5F1,NFIA,1
POU5F1,RRAS2,1
POU5F1,TNC,1
POU5F1,MRPL1,1
POU5F1,CCNG2,1
POU5F1,HNRNPD,1
POU5F1,CASD1,1
POU5F1,WLS,1
POU5F1,TCF4,1
POU5F1,LIPG,1
POU5F1,KLF7,1
POU5F1,LPIN1,1
POU5F1,PIM2,1
POU5F1,SEMA6D,1
POU5F1,RUVBL1,1
POU5F1,SLC35A3,1
POU5F1,FOXH1,1
POU5F1,RGMB,1
POU5F1,PHLPP1,1
POU5F1,PGAP2,1
POU5F1,PAK1IP1,1
POU5F1,SCG3,1
POU5F1,NCAM1,1
POU5F1,MMP16,1
POU5F1,LGR4,1
POU5F1,ODF2,1
POU5F1,DKK1,1
POU5F1,PHB2,1
POU5F1,E2F3,1
POU5F1,EARS2,1
POU5F1,PAM,1
POU5F1,CTNNB1,1
POU5F1,ZNF165,1
POU5F1,ARHGAP28,1
POU5F1,NFYB,1
POU5F1,DNAJC11,1
POU5F1,CDCA2,1
POU5F1,RBM47,1
POU5F1,CLCN3,1
POU5F1,NIN,1
POU5F1,TLE1,1
POU5F1,FOXN2,1
POU5F1,NXF1,1
POU5F1,CCNB2,1
POU5F1,TDP2,1
POU5F1,SLC39A11,1
POU5F1,WWTR1,1
POU5F1,SALL2,1
POU5F1,NDUFC2-KCTD14,1
POU5F1,ZCCHC24,1
POU5F1,GALM,1
POU5F1,MIA3,1
POU5F1,GCA,1
POU5F1,MAT2B,1
POU5F1,HMGA1,1
POU5F1,TLE3,1
POU5F1,TGFB1,1
POU5F1,IQGAP2,1
POU5F1,LIG4,1
POU5F1,NUP54,1
POU5F1,SNAPC3,1
POU5F1,C18ORF21,1
POU5F1,RND3,1
POU5F1,PSIP1,1
POU5F1,TWISTNB,1
POU5F1,NCAPG,1
POU5F1,NOC3L,1
PRDM1,SP110,1
PRDM1,MIA3,1
PRDM1,EEF1A1,1
PRDM1,PCNA,1
PRDM1,FOXP1,1
PRDM1,NKX3-1,1
PRDM1,RGPD2,1
PRDM1,NR2C1,1
PRDM1,MECOM,1
PRDM1,RND3,1
PRDM1,CNKSR3,1
PRDM1,SH2B3,1
PRDM1,HOOK1,1
PRDM1,PREPL,1
PRDM1,CDCA7,1
PRDM1,CER1,1
PRDM1,CLGN,1
PRDM1,SEMA3E,1
PRDM1,ANGPT2,1
SMAD2,CER1,1
SMAD2,SKIL,1
SMAD2,RGPD2,1
SMAD2,SNX18,1
SMAD2,NPFFR2,1
SMAD2,SLC7A5,1
SMAD2,SMAD6,1
SMAD2,ID1,1
SMAD2,AFF1,1
SMAD2,LRP12,1
SMAD2,NANOG,1
SMAD2,ACSS3,1
SMAD2,KIAA1324L,1
SMAD2,CBX3,1
SMAD2,ABLIM1,1
SMAD2,SMARCD3,1
SMAD2,BAMBI,1
SMAD2,ENC1,1
SMAD2,FYTTD1,1
SMAD2,JMJD1C,1
SMAD2,PCK2,1
SMAD2,TSPAN12,1
SMAD2,MANEA,1
SMAD2,MCM7,1
SMAD2,PMAIP1,1
SMAD2,MMP2,1
SMAD2,KAT6A,1
SMAD2,EMB,1
SMAD2,MND1,1
SMAD2,MAP7,1
SMAD2,TTC39B,1
SMAD2,SEMA3E,1
SMAD2,PURA,1
SMAD2,ARHGAP28,1
SMAD2,RTKN2,1
SMAD2,SPRY2,1
SMAD2,BRWD1,1
SMAD2,ZNF202,1
SMAD2,SNX14,1
SMAD2,CTNNB1,1
SMAD2,XPO5,1
SMAD2,TRIAP1,1
SMAD2,AFF4,1
SMAD2,MAML3,1
SMAD2,TIPARP,1
SMAD2,CCPG1,1
SMAD2,FBN2,1
SMAD2,HNRNPD,1
SMAD2,MATN3,1
SMAD2,DCLK1,1
SMAD2,POLDIP3,1
SMAD2,E2F3,1
SMAD2,CCDC50,1
SMAD2,SLC35A3,1
SMAD2,PRDM1,1
SMAD2,SIRT1,1
SMAD2,WDFY1,1
SMAD2,RNF14,1
SMAD2,PHLDB2,1
SMAD2,RBM47,1
SMAD2,ETS1,1
SMAD2,MECOM,1
SMAD2,TMEM39A,1
SMAD2,EHD3,1
SMAD2,PSIP1,1
SMAD2,C18ORF21,1
SMAD2,ZNF521,1
SMAD2,PRICKLE1,1
SMAD2,FOXN3,1
SMAD2,OIP5,1
SMAD2,NUSAP1,1
SMAD2,SCG3,1
SMAD2,FAM162A,1
SMAD2,ARL4A,1
SMAD2,GTF2H2,1
SMAD2,SORL1,1
SMAD2,SEMA6A,1
SMAD2,PAK1,1
SMAD2,ANKRD50,1
SMAD2,PPM1H,1
SMAD2,MCM4,1
SMAD2,ELAVL2,1
SMAD2,SKA3,1
SMAD2,RAI1,1
SMAD2,MXI1,1
SMAD2,DPYSL3,1
SMAD2,FXR1,1
SMAD2,ZFHX3,1
SMAD2,HEATR1,1
SMAD2,RIPPLY1,1
SMAD2,PPM1K,1
SMAD2,OSBPL10,1
SMAD2,ITCH,1
SMAD2,NFAT5,1
SMAD2,DNMT3A,1
SMAD2,RCOR3,1
SMAD2,ADAMTS3,1
SMAD2,SOS2,1
SMAD2,TMEM87A,1
SMAD2,TRIM2,1
SMAD2,FER,1
SMAD2,VSIG10,1
SMAD2,PDE4D,1
SMAD2,MRPS35,1
SMAD2,SAAL1,1
SMAD2,GXYLT1,1
SMAD2,NUAK1,1
SMAD2,STAT2,1
SMAD2,NFYB,1
SMAD2,OTX2,1
SMAD2,NCAM1,1
SMAD2,ETV1,1
SMAD2,PLOD2,1
SMAD2,PROSER1,1
SMAD2,SLC6A15,1
SMAD2,RXRG,1
SMAD2,ANGPT2,1
SMAD2,AK4,1
SMAD2,RBPJ,1
SMAD2,RCAN2,1
SMAD2,NRIP1,1
SMAD2,CADM1,1
SMAD2,FUBP1,1
SMAD2,FLVCR2,1
SMAD2,MFAP4,1
SMAD2,SPPL2A,1
SMAD2,KLHL4,1
SMAD2,UCHL3,1
SMAD2,NFIA,1
SMAD2,KDR,1
SMAD2,CA2,1
SMAD2,TFB2M,1
SMAD2,TP53INP1,1
SMAD2,MCC,1
SMAD2,IL13RA1,1
SMAD2,U2AF1,1
SMAD2,FAM117B,1
SMAD2,F3,1
SMAD2,ZSWIM6,1
SMAD2,BMPR1A,1
SMAD2,PDPN,1
SMAD2,DKK1,1
SMAD2,ZEB1,1
SMAD2,TLE3,1
SMAD2,WDR35,1
SMAD2,NDUFC2-KCTD14,1
SMAD2,ERLEC1,1
SMAD2,TLE2,1
SMAD2,INPP4A,1
SMAD2,ANKRD6,1
SMAD2,ZNF398,1
SMAD2,TADA1,1
SMAD2,CASD1,1
SMAD2,GSC,1
SMAD2,CLU,1
SMAD2,ERRFI1,1
SMAD2,GCA,1
SMAD2,ESRRG,1
SMAD2,CALB1,1
SMAD2,SRSF3,1
SMAD2,PREPL,1
SMAD2,FZD5,1
SMAD2,DAB1,1
SMAD2,AARS,1
SMAD2,ZNF165,1
SMAD2,GGCT,1
SMAD2,H1F0,1
SMAD2,FIG4,1
SMAD2,AMN1,1
SMAD2,PHF21A,1
SMAD2,HIF1A,1
SMAD2,TEAD4,1
SMAD2,PDCD2,1
SMAD2,PAWR,1
SMAD2,NECAP2,1
SMAD2,ARHGAP42,1
SMAD2,GPC4,1
SMAD2,CA14,1
SMAD2,STIM2,1
SMAD2,MEIS2,1
SMAD2,ARID5B,1
SMAD2,ZFYVE16,1
SMAD2,TRAF6,1
SMAD2,SATB1,1
SMAD2,OXTR,1
SMAD2,DEK,1
SMAD2,SNAI1,1
SMAD2,RRAS2,1
SMAD2,EPCAM,1
SMAD2,PALLD,1
SMAD2,SYT1,1
SMAD2,ANKRD44,1
SMAD2,ADD2,1
SMAD2,NFKBIA,1
SMAD2,LAP3,1
SMAD2,KLHL12,1
SMAD2,DCAF5,1
SMAD2,TRIB1,1
SMAD2,HEG1,1
SMAD2,GOLGB1,1
SMAD2,ASNS,1
SMAD2,PGM2,1
SMAD2,MOB3B,1
SMAD2,MED14,1
SMAD2,KIF21A,1
SMAD2,ARHGAP29,1
SMAD2,TNC,1
SMAD2,LMX1B,1
SMAD2,TMEM126B,1
SMAD2,NEK7,1
SMAD2,AGL,1
SMAD2,ZNF471,1
SMAD2,ZFP36L2,1
SMAD2,SCO1,1
SMAD2,PRSS35,1
SMAD2,ZFP62,1
SMAD2,GATA4,1
SMAD2,ELMO1,1
SMAD2,TWISTNB,1
SMAD2,MAPRE2,1
SMAD2,MAD2L1,1
SMAD2,RFESD,1
SMAD2,MXRA5,1
SMAD2,MED12L,1
SMAD2,VRK1,1
SMAD2,ZNF8,1
SMAD2,TMEM87B,1
SMAD2,HNRNPAB,1
SMAD2,BCAR3,1
SNAI2,ACOX3,1
SNAI2,KLHL7,1
SNAI2,SLC35F1,1
SNAI2,MYO5B,1
SNAI2,CLDN7,1
SNAI2,RBPJ,1
SNAI2,ARL4A,1
SNAI2,SSX2IP,1
SNAI2,RIOK1,1
SNAI2,SORT1,1
SNAI2,SEC11C,1
SNAI2,GCA,1
SNAI2,COBLL1,1
SNAI2,ARID3B,1
SNAI2,TDRD7,1
SNAI2,LIPG,1
SNAI2,PRDM1,1
SNAI2,FIG4,1
SNAI2,GRHL1,1
SNAI2,ODC1,1
SNAI2,PLXNA2,1
SNAI2,SNAI1,1
SNAI2,CCDC112,1
SNAI2,GLDC,1
SNAI2,KIF13B,1
SNAI2,TRIM35,1
SNAI2,CYB5A,1
SNAI2,DCAF6,1
SNAI2,PARP1,1
SNAI2,UNC13B,1
SNAI2,ENO2,1
SNAI2,POU2F1,1
SNAI2,ZDHHC2,1
SNAI2,ZDHHC21,1
SNAI2,CLGN,1
SNAI2,SKIL,1
SNAI2,MAGI3,1
SNAI2,OSBPL3,1
SNAI2,PDCD2,1
SNAI2,BCAR3,1
SNAI2,MYBL2,1
SNAI2,PDE4D,1
SNAI2,PRMT6,1
SNAI2,EPCAM,1
SNAI2,CDKN3,1
SNAI2,INSIG2,1
SNAI2,CITED2,1
SNAI2,FGF2,1
SNAI2,VPS13C,1
SNAI2,KIF16B,1
SNAI2,ALDH18A1,1
SNAI2,C1GALT1,1
SNAI2,KIAA1324L,1
SNAI2,PAWR,1
SNAI2,ARHGAP29,1
SNAI2,VEZT,1
SNAI2,FGD6,1
SNAI2,MAPRE2,1
SNAI2,AKAP1,1
SNAI2,SFMBT1,1
SNAI2,SALL2,1
SNAI2,PIP5K1B,1
SNAI2,STAT3,1
SNAI2,AGPAT5,1
SNAI2,PPP1R9A,1
SNAI2,PSIP1,1
SNAI2,TIPARP,1
SNAI2,FAM169A,1
SNAI2,CHN1,1
SNAI2,TTC39C,1
SNAI2,SEMA6D,1
SNAI2,PPIC,1
SNAI2,GATA2,1
SNAI2,PODXL,1
SNAI2,SATB1,1
SNAI2,CDH2,1
SNAI2,HS3ST3A1,1
SNAI2,PLAU,1
SNAI2,ASNS,1
SNAI2,POLA1,1
SNAI2,RCAN2,1
SNAI2,TRIM2,1
SNAI2,KIF1A,1
SNAI2,EPB41L3,1
SNAI2,ELMO1,1
SNAI2,GABRB2,1
SOX17,CXXC1,1
SOX17,PREPL,1
SOX17,IMP4,1
SOX17,DAXX,1
SOX17,KAT7,1
SOX17,NR3C1,1
SOX17,FTSJ3,1
SOX17,NUP35,1
SOX17,SNAPC3,1
SOX17,KIF15,1
SOX17,TMEM131,1
SOX17,ALPK2,1
SOX17,TTC39B,1
SOX17,C4ORF46,1
SOX17,ARSE,1
SOX17,ZFC3H1,1
SOX17,SLC39A7,1
SOX17,RASGRP3,1
SOX17,POLB,1
SOX17,PTMA,1
SOX17,OTX2,1
SOX17,LIN28A,1
SOX17,THY1,1
SOX17,SLC39A8,1
SOX17,ILF2,1
SOX17,PHB2,1
SOX17,FBXO28,1
SOX17,CSDE1,1
SOX17,AIP,1
SOX17,MAPRE2,1
SOX2,HDAC9,1
SOX2,OTX2,1
SOX2,PDPN,1
SOX2,TNC,1
SOX2,DNMT3B,1
SOX2,PTMA,1
SOX2,ZFC3H1,1
SOX2,PRICKLE1,1
SOX2,HESX1,1
SOX2,USP44,1
SOX2,NANOG,1
SOX2,ETV4,1
SOX2,LIMCH1,1
SOX2,TCN2,1
SOX2,RGPD2,1
SOX2,AKAP2,1
SOX2,NEDD9,1
SOX2,SFRP2,1
SOX2,SLC7A5,1
SOX2,KIF21A,1
SOX2,CER1,1
SOX2,SDCCAG8,1
SOX2,IMPAD1,1
SOX2,SNAPC3,1
SOX2,PTPRZ1,1
SOX2,FOXP1,1
SOX2,ETV1,1
SOX2,C4ORF46,1
SOX2,GRHL2,1
SOX2,CD200,1
SOX2,VASH2,1
SOX2,IFI16,1
SOX2,MCCC1,1
SOX2,WLS,1
SOX2,RRAGD,1
SOX2,RNF19A,1
SOX2,PDE4D,1
SOX2,FAT1,1
SOX2,ANKRD6,1
SOX2,POLB,1
SOX2,AFF1,1
SOX2,CHD9,1
SOX2,ARHGAP42,1
SOX2,LRIG3,1
SOX2,GPM6B,1
SOX2,POLR1C,1
SOX2,GCNT2,1
SOX2,ESRP1,1
SOX2,ENOPH1,1
SOX2,ZHX3,1
SOX2,SFPQ,1
SOX2,TNFRSF21,1
SOX2,SALL2,1
SOX2,ILF2,1
SOX2,CDK6,1
SOX2,MCM10,1
SOX2,PLAGL1,1
SOX2,POLDIP3,1
SOX2,VEZT,1
SOX2,GOLGB1,1
SOX2,FGD6,1
SOX2,MAPK10,1
SOX2,EEF1A1,1
SOX2,TRIM22,1
SOX2,CDC14B,1
SOX2,MRPS30,1
SOX2,PBXIP1,1
SOX2,TJP2,1
SOX2,SMAD6,1
SOX2,CITED2,1
SOX2,ZNF202,1
SOX2,TLE3,1
SOX2,PALLD,1
SOX2,ZNF3,1
SOX2,GALM,1
SOX2,ABLIM1,1
SOX2,APEX1,1
SOX2,RBBP4,1
SOX2,RAI14,1
SOX2,PNRC1,1
SOX2,TCF4,1
SOX2,NIN,1
SOX2,DMBX1,1
SOX2,TRIM2,1
SOX2,ABCA1,1
SOX2,RBPJ,1
SOX2,KIF2C,1
SOX2,TP53,1
SOX2,KHSRP,1
SOX2,NREP,1
SOX2,EPHA2,1
SOX2,BCL11B,1
SOX2,SOX5,1
SOX2,RABGAP1L,1
SOX2,LIX1,1
SOX2,CCNG2,1
SOX2,TXLNG,1
SOX2,RBMX,1
SOX2,KLF7,1
SOX2,ZNF8,1
SOX2,ZNF589,1
SOX2,NONO,1
SOX2,ARID4B,1
SOX2,FOXN3,1
SOX2,NFIA,1
SOX2,KLHL24,1
SOX2,COPS3,1
SOX2,RPA2,1
SOX2,KLHL4,1
SOX2,TMEM237,1
SOX2,CDH2,1
SOX2,ISCA1,1
SOX2,ID1,1
SOX2,ZNF92,1
SOX2,KLF5,1
SOX2,POU2F1,1
SOX2,KAT7,1
SOX2,PROSER1,1
SOX2,ESRRG,1
SOX2,SH3PXD2A,1
SOX2,TMF1,1
SOX2,ACOX3,1
SOX2,MAT2B,1
SOX2,C1GALT1,1
SOX2,ADD2,1
SOX2,LTBP1,1
SOX2,SEL1L,1
SOX2,CDC7,1
SOX2,APC,1
SOX2,MCM7,1
SOX2,TSPAN13,1
SOX2,RGMB,1
SOX2,RGS5,1
SOX2,OIP5,1
SOX2,NUSAP1,1
SOX2,EGF,1
SOX2,TRIB1,1
SOX2,ZNF24,1
SOX2,NHSL1,1
SOX2,BLM,1
SOX2,ILF3,1
SOX2,TTC39B,1
SOX2,E2F7,1
SOX2,TRIM28,1
SOX2,GPR108,1
SOX2,NFATC3,1
SOX2,PGAP2,1
SOX2,ARSE,1
SOX2,SLC39A14,1
SOX2,BAMBI,1
SOX2,IFRD2,1
SOX2,FUBP1,1
SOX2,PHB2,1
SOX2,ANKRD28,1
SOX2,CALCOCO1,1
SOX2,ITGAV,1
SOX2,CLCN3,1
SOX2,ENC1,1
SOX2,LZTS1,1
SOX2,FXR1,1
SOX2,NOP16,1
SOX2,FEZ1,1
SOX2,ST8SIA1,1
SOX2,ARL4D,1
SOX2,RBFOX2,1
SOX2,ATP2B4,1
SOX2,BCAS2,1
SOX2,DCLK1,1
SOX2,STAT3,1
SOX2,GPC6,1
SOX2,TUBE1,1
SOX2,ZNF764,1
SOX2,E2F3,1
SOX2,USP1,1
SOX2,ELAVL2,1
SOX2,MXI1,1
SOX2,CAP2,1
SOX2,HNRNPD,1
SOX2,ZWINT,1
SOX2,UBL7,1
SOX2,RND3,1
SOX2,HSD17B11,1
SOX2,PHLDB2,1
SOX2,AFF4,1
SOX2,ZNF146,1
SOX2,BCAR3,1
SOX2,ZNF90,1
SOX2,CCNB2,1
SOX2,UCHL3,1
SOX2,STAT2,1
SOX2,TIAM1,1
SOX2,TFAP2A,1
SOX2,ZNF521,1
SOX2,PAK1IP1,1
SOX2,NCAM1,1
SOX2,FAM83D,1
SOX2,NRIP1,1
SOX2,NUFIP1,1
SOX2,PJA2,1
SOX2,CAMK2D,1
SOX2,POLR2H,1
SOX2,NIP7,1
SOX2,MAFG,1
SOX2,NIF3L1,1
SOX2,FRYL,1
SOX2,TRAF6,1
SOX2,PSIP1,1
SOX2,MAPRE2,1
SOX2,PAM,1
SOX2,MIA3,1
SOX2,HNRNPAB,1
SOX2,BET1,1
SOX2,CSDE1,1
SOX2,AADAT,1
SOX2,AK4,1
SOX2,POLR2M,1
SOX2,INSIG2,1
SOX2,DEPDC1B,1
SOX2,ZBTB10,1
SOX2,DTL,1
SOX2,KIF23,1
SOX2,LGALSL,1
SOX2,PAIP2B,1
SOX2,DAB1,1
SOX2,TTC39C,1
SOX2,SMARCD3,1
SOX2,ANKRD50,1
SOX2,STX6,1
SOX2,FAM169A,1
SOX2,UPF3B,1
SOX2,SF1,1
SOX2,RAD51AP1,1
SOX2,PHLPP1,1
SOX2,RBM24,1
SOX2,SOX4,1
SOX2,MYCN,1
SOX2,DAB2,1
SOX2,SPRY2,1
SOX2,CDC25C,1
SOX2,GDAP1,1
SOX2,NUMB,1
SOX2,HEG1,1
SOX2,YPEL5,1
SOX2,SCD5,1
SOX2,NIPSNAP1,1
SOX2,BTBD10,1
SOX2,UNC13B,1
SOX2,ELMO1,1
SOX2,KAT6A,1
SOX2,DNMT1,1
SOX2,SRGAP1,1
SOX2,SLC36A4,1
SOX2,DUSP4,1
SOX2,ZNF142,1
SOX2,TRPC4,1
SOX2,COMMD3-BMI1,1
SOX2,COMMD3,1
SOX2,ARID5B,1
SOX2,LMO2,1
SOX2,TMSB15B,1
SOX2,RUVBL2,1
SOX2,MCM4,1
SOX2,CA14,1
SOX2,JPH1,1
SOX2,GLRX,1
SOX2,DLGAP5,1
SOX2,ZNF93,1
SOX2,LRP12,1
SOX2,STX12,1
SOX2,BOD1,1
SOX2,FTSJ3,1
SOX2,GULP1,1
SOX2,EPHA4,1
SOX2,PREPL,1
SOX2,LUM,1
SOX2,ZBTB38,1
SOX2,OPTN,1
SOX2,ECHDC1,1
SOX2,MIB1,1
SOX2,RUNX1,1
SOX2,MEIS1,1
SOX2,PRSS35,1
SOX2,CCPG1,1
SOX2,SIRT1,1
SOX2,ASXL1,1
SOX2,RFXANK,1
SOX2,SEMA6A,1
SOX2,FN1,1
SOX2,BBS4,1
SOX2,TRERF1,1
SOX2,MAD2L1,1
SOX2,WDR75,1
SOX2,XRCC5,1
SOX2,CDC6,1
SOX2,LIFR,1
SOX2,JMJD1C,1
SOX2,IFT80,1
SOX2,CCNA2,1
SOX2,ANKRD13C,1
SOX2,ZNF30,1
SOX2,ZNF219,1
SOX2,ERRFI1,1
SOX2,THAP9,1
SOX2,SRSF1,1
SOX2,CHAC2,1
SOX2,BUB1B,1
SOX2,SEPHS1,1
SOX2,PPP3CA,1
SOX2,TAOK3,1
SOX2,IMP4,1
SOX2,KIAA1841,1
SOX2,DOK6,1
SOX2,PARP1,1
SOX2,ASNS,1
SOX2,MAFF,1
SOX2,DNAJC11,1
SOX2,CAPN2,1
SOX2,ESCO2,1
SOX2,SCO1,1
SOX2,ZFP62,1
SOX2,MICU1,1
SOX2,SETD7,1
SOX2,MYOF,1
SOX2,HAS2,1
SOX2,PHC1,1
SOX2,SRSF3,1
SOX2,DKK1,1
SOX2,CNKSR3,1
SOX2,SLC39A8,1
SOX2,ACTL6A,1
SOX2,TMEM39A,1
SOX2,CHAF1A,1
SOX2,CSRP2,1
SOX2,UHRF1,1
SOX2,TSPAN12,1
SOX2,POLA1,1
SOX2,MEF2D,1
SOX2,KIAA1324L,1
SOX2,CBX3,1
SOX2,TRUB1,1
SOX2,POLQ,1
SOX2,PAK1,1
SOX2,OTUD6B,1
SOX2,APBB2,1
SOX2,TMEM87A,1
SOX2,ATRNL1,1
SOX2,FIG4,1
SOX2,PRTG,1
SOX2,PLK1,1
SOX2,SEMA3A,1
SOX2,NAP1L3,1
SOX2,LIPG,1
SOX2,MITF,1
SOX2,BMPR1A,1
SOX2,WWTR1,1
SOX2,EARS2,1
SOX2,MATN3,1
SOX2,MAPKAPK3,1
SOX2,TADA1,1
SOX2,RAD54L,1
SOX2,PPT2,1
SOX2,POLR2K,1
SOX2,TLE2,1
SOX2,SAP18,1
SOX2,RORB,1
SOX2,LCMT1,1
SOX2,NR2C1,1
SOX2,CPSF3,1
SOX2,ZNF124,1
SOX2,TWISTNB,1
SOX2,UPF2,1
SOX2,MDM4,1
SOX2,EDEM3,1
SOX2,SORT1,1
SOX2,STC1,1
SOX2,TK1,1
SOX2,ODF2,1
SOX2,MYBBP1A,1
SOX2,AIP,1
SOX2,ST5,1
SOX2,LTV1,1
SOX2,CXXC1,1
SOX2,TCOF1,1
SOX2,SUPT16H,1
SOX2,HIF3A,1
SOX2,SH3BGRL,1
SOX2,FAM117B,1
SOX2,SLC39A7,1
SOX2,TFB2M,1
SOX2,PPIL1,1
SOX2,WDR12,1
SOX2,SYNE2,1
SOX2,COL5A2,1
SOX2,SNAI2,1
SOX2,ATF6,1
SOX2,PRDM14,1
SOX2,NXF1,1
STAT3,RGPD2,1
STAT3,ANKRD13C,1
STAT3,PGAP2,1
STAT3,ODC1,1
STAT3,CDC25C,1
STAT3,ALG6,1
STAT3,APEX1,1
STAT3,FNDC3B,1
STAT3,ILF2,1
STAT3,POLR2H,1
STAT3,TMEM87A,1
STAT3,UPF2,1
STAT3,PAK1IP1,1
STAT3,ZFYVE16,1
STAT3,USP1,1
STAT3,RBPJ,1
STAT3,PROSER1,1
STAT3,CCNG2,1
STAT3,CLCN3,1
STAT3,ZNF146,1
STAT3,PHLPP1,1
STAT3,ZRANB2,1
STAT3,NFKBIB,1
STAT3,FAM126B,1
STAT3,FBXO34,1
STAT3,PCNA,1
STAT3,MCM6,1
STAT3,HOMER1,1
STAT3,SEC11C,1
STAT3,BBIP1,1
STAT3,PLK1,1
STAT3,CCPG1,1
STAT3,LRR1,1
STAT3,HNRNPAB,1
STAT3,BCAS2,1
STAT3,VRK1,1
STAT3,CDC20,1
STAT3,YTHDF3,1
STAT3,STK38L,1
STAT3,HMGN2,1
STAT3,MCM10,1
STAT3,CDC14B,1
STAT3,XRCC6,1
STAT3,ZNF202,1
STAT3,PAK1,1
STAT3,CAD,1
STAT3,HECA,1
STAT3,AGPAT5,1
STAT3,NBEAL1,1
STAT3,ELL2,1
STAT3,SEMA6A,1
STAT3,ZSWIM6,1
STAT3,SSX2IP,1
STAT3,SLC29A1,1
STAT3,SART3,1
STAT3,THYN1,1
STAT3,ACAD8,1
STAT3,CLGN,1
STAT3,FAM169A,1
STAT3,TEAD1,1
STAT3,TRPS1,1
STAT3,FAM20A,1
TCF4,DUSP4,1
TEAD4,TEAD1,1
TEAD4,TK1,1
TEAD4,ANKRD1,1
TEAD4,ILF2,1
TEAD4,TRIP6,1
TEAD4,BCAR3,1
TEAD4,SERTAD2,1
TEAD4,CREB3L2,1
TEAD4,MED16,1
TEAD4,SORL1,1
TEAD4,MCCC1,1
TEAD4,ETV4,1
TEAD4,RGPD2,1
TEAD4,POLDIP3,1
TEAD4,CLU,1
TEAD4,CCDC90B,1
TEAD4,SRSF3,1
TEAD4,CDK6,1
TEAD4,HEATR1,1
TEAD4,RAI14,1
TEAD4,TRUB1,1
TEAD4,HELZ,1
TEAD4,RNF19A,1
TEAD4,DUSP4,1
TEAD4,TCF4,1
TEAD4,PHLPP1,1
TEAD4,MCC,1
TEAD4,ILF3,1
TEAD4,EPHA2,1
TEAD4,RGS5,1
TEAD4,ANXA3,1
TEAD4,AHNAK,1
TEAD4,COBLL1,1
TEAD4,TWISTNB,1
TEAD4,CNTRL,1
TEAD4,GCNT2,1
TEAD4,ATG4C,1
TEAD4,HNRNPD,1
TEAD4,HIF3A,1
TEAD4,STAT3,1
TEAD4,UBL7,1
TEAD4,MATN3,1
TEAD4,RARG,1
TEAD4,TRIM37,1
TEAD4,KIF15,1
TEAD4,TCF19,1
TEAD4,FTSJ3,1
TEAD4,MCM5,1
TEAD4,SIRT1,1
TEAD4,GXYLT1,1
TEAD4,CALB1,1
TEAD4,TMEM64,1
TEAD4,CSDE1,1
TEAD4,ANKRD13C,1
TEAD4,PLS1,1
TEAD4,ZNF165,1
TEAD4,PPIL1,1
TEAD4,RBM12,1
TEAD4,C3ORF14,1
TEAD4,CTNNB1,1
TEAD4,ATF6,1
TEAD4,PDE4D,1
TEAD4,DLC1,1
TEAD4,RBFOX2,1
TEAD4,CXXC1,1
TEAD4,RBM47,1
TEAD4,ZFHX3,1
TEAD4,ETS1,1
TEAD4,SFPQ,1
TEAD4,MPHOSPH6,1
TEAD4,PLK2,1
TEAD4,DAB2,1
TEAD4,MBIP,1
TEAD4,MCM7,1
TEAD4,PAWR,1
TEAD4,SRSF2,1
TEAD4,MRPL1,1
TEAD4,GTF2H2,1
TEAD4,SCG3,1
TEAD4,REV3L,1
TEAD4,RPP40,1
TEAD4,XRCC5,1
TEAD4,RAD54L,1
TEAD4,IFI16,1
TEAD4,PREPL,1
TEAD4,GDAP1,1
TEAD4,GPATCH4,1
TEAD4,FNDC3B,1
TEAD4,CCNG2,1
TEAD4,RABGAP1L,1
TEAD4,NOL11,1
TEAD4,SLC39A8,1
TEAD4,IQGAP2,1
TEAD4,CITED2,1
TEAD4,TMF1,1
TEAD4,SLC35A3,1
TEAD4,KIF22,1
TEAD4,SUPT7L,1
TEAD4,STAT2,1
TEAD4,MCM10,1
TEAD4,DNAJC9,1
TEAD4,BMPR1A,1
TEAD4,SLC18B1,1
TEAD4,FAM169A,1
TEAD4,ZNF219,1
TEAD4,AFF1,1
TEAD4,CSPP1,1
TEAD4,MICU1,1
TEAD4,FAM83D,1
TEAD4,ECHDC1,1
TEAD4,ANKRD50,1
TEAD4,FZD7,1
TEAD4,ASXL1,1
TEAD4,NUP54,1
TEAD4,NDUFC2-KCTD14,1
TEAD4,AGL,1
TEAD4,FUBP1,1
TEAD4,SRSF1,1
TEAD4,ZNF589,1
TEAD4,TRIAP1,1
TEAD4,LIMCH1,1
TEAD4,BUB1B,1
TEAD4,DCAF5,1
TEAD4,KLHL7,1
TEAD4,KAT6A,1
TEAD4,TMEM39A,1
TEAD4,PNRC1,1
TEAD4,MAML3,1
TEAD4,ZNF3,1
TEAD4,CEP290,1
TEAD4,RUNX1,1
TEAD4,ID1,1
TEAD4,PNPLA8,1
TEAD4,IL6ST,1
TEAD4,DMXL2,1
TEAD4,AIP,1
TEAD4,TJP2,1
TEAD4,IMP4,1
TEAD4,BCAS2,1
TEAD4,COL4A6,1
TEAD4,COL4A5,1
TEAD4,SNRPB,1
TEAD4,KIF23,1
TEAD4,RRAS2,1
TEAD4,IFRD2,1
TEAD4,TUBE1,1
TEAD4,PAK1,1
TEAD4,MAPRE2,1
TEAD4,POLR2M,1
TEAD4,UTP14A,1
TEAD4,BBIP1,1
TEAD4,EEF1A1,1
TEAD4,ACBD6,1
TEAD4,ARL4A,1
TEAD4,BCLAF1,1
TEAD4,GRHL1,1
TEAD4,ELL2,1
TEAD4,CLCN3,1
TEAD4,RBPJ,1
TEAD4,NFAT5,1
TEAD4,SUPT16H,1
TEAD4,PDCD11,1
TEAD4,POLR2H,1
TEAD4,FER,1
TEAD4,SRGAP1,1
TEAD4,ANKRD18B,1
TEAD4,TDRD7,1
TEAD4,PJA2,1
TEAD4,PHB2,1
TEAD4,CDCA7L,1
TEAD4,HPS5,1
TEAD4,PALLD,1
TEAD4,ZRANB2,1
TEAD4,FXR1,1
TEAD4,ZFYVE16,1
TEAD4,MEIS1,1
TEAD4,OPTN,1
TEAD4,DNMT3A,1
TEAD4,CHD9,1
TEAD4,FBXO28,1
TEAD4,OTUD6B,1
TEAD4,KLHL12,1
TEAD4,FOXN2,1
TEAD4,TTC27,1
TEAD4,XPO5,1
TEAD4,ARID5B,1
TEAD4,SVIL,1
TEAD4,CAP2,1
TEAD4,NDC80,1
TEAD4,CDC7,1
TEAD4,SAAL1,1
TEAD4,RAD51AP1,1
TEAD4,LRP12,1
TEAD4,NFXL1,1
TEAD4,TFAP4,1
TEAD4,ESCO2,1
TEAD4,NXF1,1
TEAD4,POLQ,1
TEAD4,ITM2A,1
TEAD4,ZFP62,1
TEAD4,REL,1
TEAD4,NBEAL1,1
TEAD4,PARN,1
TEAD4,FAM126B,1
TEAD4,RCOR3,1
TEAD4,TIAM1,1
TEAD4,GULP1,1
TEAD4,SLC19A2,1
TEAD4,TCN2,1
TEAD4,STIM2,1
TEAD4,DNAJC2,1
TEAD4,CCDC138,1
TEAD4,OSBPL3,1
TEAD4,NECAP2,1
TEAD4,DSE,1
TEAD4,ELMO1,1
TEAD4,PAM,1
TEAD4,C18ORF21,1
TEAD4,SLC35F1,1
TEAD4,RRN3,1
TEAD4,PPM1H,1
TEAD4,POLR1C,1
TEAD4,BRWD1,1
TEAD4,PPIC,1
TEAD4,SNUPN,1
TEAD4,MIA3,1
TEAD4,SNRPD1,1
TEAD4,WDFY1,1
TEAD4,TFAP2A,1
TEAD4,RMI1,1
TEAD4,HNRNPK,1
TEAD4,JMJD1C,1
TEAD4,KAT7,1
TEAD4,DNAJC11,1
TEAD4,UCHL3,1
TEAD4,TTK,1
TEAD4,ETV1,1
TEAD4,TRIM35,1
TEAD4,RAD51,1
TEAD4,NAT10,1
TEAD4,ATP2B4,1
TEAD4,NUMB,1
TEAD4,LPGAT1,1
TEAD4,NFKBIB,1
TEAD4,TNFRSF21,1
TEAD4,FAM208A,1
TEAD4,TRAF6,1
TEAD4,DKK1,1
TEAD4,RFC4,1
TEAD4,MRPS35,1
TEAD4,NFYB,1
TEAD4,PPM1K,1
TEAD4,SART3,1
TEAD4,NIF3L1,1
TEAD4,SLC39A11,1
TEAD4,NUP35,1
TEAD4,HNRNPAB,1
TEAD4,WWP1,1
TEAD4,IFT80,1
TEAD4,ZBTB38,1
TEAD4,SSB,1
TEAD4,PPAT,1
TEAD4,GGCT,1
TEAD4,RUVBL1,1
TEAD4,WWTR1,1
TEAD4,SEMA6A,1
TEAD4,PGM2,1
TEAD4,MAK16,1
TEAD4,SCO1,1
TEAD4,NFIA,1
TEAD4,SLC46A3,1
TEAD4,SECISBP2L,1
TEAD4,LTBP1,1
TEAD4,VEZT,1
TEAD4,FGD6,1
TEAD4,BET1,1
TEAD4,TMEM126B,1
TEAD4,APBB2,1
TEAD4,SNAI1,1
TEAD4,MAT2B,1
TEAD4,NUFIP1,1
TEAD4,ADSS,1
TEAD4,TCF7L1,1
TEAD4,NR2C1,1
TEAD4,RBBP4,1
TEAD4,CAD,1
TEAD4,PLAGL2,1
TEAD4,SMARCC1,1
TEAD4,COL1A2,1
TEAD4,MEF2D,1
TEAD4,STEAP1B,1
TEAD4,ZNF398,1
TEAD4,TTC4,1
TEAD4,GEMIN6,1
TEAD4,E2F4,1
TEAD4,MGST2,1
TEAD4,TADA1,1
TEAD4,TFE3,1
TEAD4,RFESD,1
TEAD4,METTL1,1
TEAD4,DAB1,1
TEAD4,ACOX3,1
TEAD4,C4ORF46,1
TEAD4,LPIN1,1
TEAD4,USP44,1
TEAD4,FBXO34,1
TEAD4,VIM,1
TEAD4,NOC3L,1
TEAD4,NCAM1,1
TEAD4,ERLEC1,1
TEAD4,ALCAM,1
TEAD4,NOP2,1
TEAD4,LIN28A,1
TEAD4,FOXN3,1
TEAD4,PDGFRA,1
TEAD4,PDCD4,1
TEAD4,ASNS,1
TEAD4,TRIP11,1
TEAD4,TRIM2,1
TEAD4,RPA2,1
TEAD4,TP53,1
TEAD4,SERPINE2,1
TEAD4,OSBPL10,1
TEAD4,TBX3,1
TEAD4,TIPARP,1
TEAD4,VRK1,1
TEAD4,SDC2,1
TEAD4,PITX2,1
TEAD4,GALC,1
TEAD4,DNA2,1
TEAD4,RGMB,1
TEAD4,GPC4,1
TEAD4,EHMT2,1
TEAD4,ZNF30,1
TEAD4,SEC11C,1
TEAD4,MAPKAPK3,1
TEAD4,TMEM87A,1
TEAD4,GCA,1
TEAD4,URB2,1
TEAD4,VHL,1
TEAD4,INSIG2,1
TEAD4,PRMT3,1
TEAD4,APBB1,1
TEAD4,TNC,1
TEAD4,C1GALT1,1
TEAD4,MXI1,1
TEAD4,ANKZF1,1
TEAD4,AKAP2,1
TEAD4,NIPSNAP1,1
TEAD4,SH2B3,1
TEAD4,PGAP2,1
TEAD4,ESRP1,1
TEAD4,CA2,1
TEAD4,GAD1,1
TEAD4,DTL,1
TEAD4,CCPG1,1
TEAD4,DYNC2LI1,1
TEAD4,RND3,1
TEAD4,E2F3,1
TEAD4,ZNF317,1
TEAD4,MEX3C,1
TEAD4,ST8SIA1,1
TEAD4,RHOBTB3,1
TEAD4,KIAA1324L,1
TEAD4,FOXD3,1
TEAD4,NR3C1,1
TEAD4,GALM,1
TEAD4,FLVCR2,1
TEAD4,PA2G4,1
TEAD4,OXTR,1
TEAD4,MCM4,1
TEAD4,VWA5A,1
TEAD4,SORT1,1
TEAD4,NBPF10,1
TEAD4,LAP3,1
TEAD4,TEX10,1
TEAD4,SLC39A7,1
TEAD4,KIFAP3,1
TEAD4,CSRP2,1
TEAD4,PROSER1,1
TEAD4,MLLT3,1
TEAD4,ZFC3H1,1
TEAD4,TIMM21,1
TEAD4,KLF5,1
TEAD4,MRPS30,1
TEAD4,PLSCR4,1
TEAD4,DNMT1,1
TEAD4,DEPDC1B,1
TEAD4,DOCK1,1
TEAD4,CYB5A,1
TEAD4,CPSF3,1
TEAD4,COMMD3-BMI1,1
TEAD4,COMMD3,1
TEAD4,CCNA2,1
TEAD4,SNAPC3,1
TEAD4,SOX5,1
TEAD4,UNC5D,1
TEAD4,SNX18,1
TEAD4,CPVL,1
TEAD4,APC,1
TEAD4,MAP7,1
TEAD4,PTDSS1,1
TEAD4,ALDH2,1
TEAD4,MRPS9,1
TEAD4,LRR1,1
TEAD4,SVEP1,1
TEAD4,SMYD5,1
TEAD4,FLRT3,1
TEAD4,NAA15,1
TEAD4,CCNE2,1
TEAD4,U2AF1,1
TEAD4,JPH1,1
TEAD4,LIG4,1
TEAD4,CDC20,1
TEAD4,PLOD2,1
TEAD4,EWSR1,1
TEAD4,RNPS1,1
TEAD4,KIF16B,1
TEAD4,RPF2,1
TEAD4,CDC6,1
TEAD4,GATM,1
TEAD4,TRPC4,1
TEAD4,ACSS3,1
TEAD4,SMG6,1
TEAD4,ISCA1,1
TEAD4,PLCB1,1
TEAD4,SLC29A1,1
TEAD4,TAOK3,1
TEAD4,OTX2,1
TEAD4,SAMD8,1
TEAD4,PDCD2,1
TEAD4,GABRB3,1
TEAD4,CDH11,1
TEAD4,POLR2D,1
TEAD4,NBPF14,1
TEAD4,FEZ1,1
TEAD4,HLA-DRB1,1
TEAD4,KLF7,1
TEAD4,NEK7,1
TEAD4,KIF13B,1
TEAD4,PMP22,1
TEAD4,CCDC112,1
TEAD4,PHF21A,1
TEAD4,WDHD1,1
TEAD4,XRCC6,1
TEAD4,EHD3,1
TEAD4,CER1,1
TEAD4,S1PR3,1
TEAD4,FBXO36,1
TEAD4,CYP26A1,1
TEAD4,HS3ST3A1,1
TEAD4,PPARA,1
TEAD4,SKA3,1
TEAD4,SLC6A15,1
TEAD4,MECOM,1
TEAD4,SH3BGRL,1
TEAD4,MMP16,1
TEAD4,ZNF521,1
TEAD4,SALL2,1
TEAD4,FBN1,1
TEAD4,CLGN,1
TEAD4,SYT1,1
TEAD4,EPHA4,1
TEAD4,ALG6,1
TEAD4,PENK,1
TEAD4,SH3BP5,1
TEAD4,TMEM131,1
TEAD4,BMP4,1
TEAD4,FOXK1,1
TEAD4,CGNL1,1
TEAD4,YTHDF3,1
TEAD4,ZNF585B,1
TEAD4,TYRO3,1
TEAD4,SIX6,1
TEAD4,JAKMIP2,1
TEAD4,SNAI2,1
TEAD4,COL4A2,1
TEAD4,COL4A1,1
TEAD4,RBM24,1
TEAD4,PIP5K1B,1
TEAD4,KDR,1
TEAD4,EPB41L3,1
TEAD4,FYTTD1,1
TEAD4,EMB,1
TEAD4,NANOG,1
TEAD4,TFDP1,1
TEAD4,FOXJ1,1
TEAD4,PDPN,1
TEAD4,DKK3,1
TEAD4,TGFBR1,1
TEAD4,SLFN5,1
TEAD4,SATB1,1
TEAD4,SCD5,1
TEAD4,AMN1,1
TEAD4,DPYSL3,1
TEAD4,ARHGAP28,1
TEAD4,ETV7,1
TEAD4,MXD4,1
TEAD4,ZIC2,1
TEAD4,HESX1,1
TEAD4,MAPK10,1
TEAD4,HDGF,1
TFAP2A,BAG3,1
TFAP2A,AADAT,1
TFAP2A,CEP112,1
TFAP2A,NOC3L,1
TFAP2A,THYN1,1
TFAP2A,ACAD8,1
TFAP2A,CDC7,1
TFAP2A,GCNT2,1
TFAP2A,MED16,1
TFAP2A,ANKMY2,1
TFAP2A,GALM,1
TFAP2A,MCM2,1
TFAP2A,PA2G4,1
TFAP2A,MIB1,1
TFAP2A,SLC39A14,1
TFAP2A,CCNG2,1
TFAP2A,SETBP1,1
TFAP2A,TEAD1,1
TFAP2A,SRSF1,1
TFAP2A,FRMD6,1
TFAP2A,DEPDC1B,1
TFAP2A,AKAP2,1
TFAP2A,ZNF24,1
TFAP2A,CDCA7,1
TFAP2A,ZNF280B,1
TFAP2A,TRIB1,1
TFAP2A,CDC25C,1
TFAP2A,GXYLT1,1
TFAP2A,FZD5,1
TFAP2A,ALG6,1
TFAP2A,EHD3,1
TFAP2A,BBS4,1
TFAP2A,HNRNPD,1
TFAP2A,TRIM27,1
TFAP2A,PRKACB,1
TFAP2A,DDHD2,1
TFAP2A,PROSER1,1
TFAP2A,UTP18,1
TFAP2A,MBTD1,1
TFAP2A,MAEA,1
TFAP2A,DAB2,1
TFAP2A,ADAMTS3,1
TFAP2A,FUBP1,1
TFAP2A,MSX1,1
TFAP2A,LIN28A,1
TFAP2A,MIF,1
TFAP2A,TMEM237,1
TFAP2A,SNAPC3,1
TFAP2A,MCM3,1
TFAP2A,SH2B3,1
TFAP2A,SKIL,1
TFAP2A,DSE,1
TFAP2A,KIF22,1
TFAP2A,NFIA,1
TFAP2A,PRTG,1
TFAP2A,SCO1,1
TFAP2A,IRF1,1
TFAP2A,TRIM37,1
TFAP2A,SH3PXD2A,1
TFAP2A,HPRT1,1
TFAP2A,CA2,1
TFAP2A,FBXO36,1
TFAP2A,DLC1,1
TFAP2A,DCAF6,1
TFAP2A,ZFHX3,1
TFAP2A,SLC5A6,1
TFAP2A,CEP290,1
TFAP2A,MCM6,1
TFAP2A,SPRY2,1
TFAP2A,REL,1
TFAP2A,VEZT,1
TFAP2A,FGD6,1
TFAP2A,DDX54,1
TFAP2A,RABEPK,1
TFAP2A,BCAT2,1
TFAP2A,MCC,1
TFAP2A,VSNL1,1
TFAP2A,CHEK2,1
TFAP2A,CCND1,1
TFAP2A,NUAK1,1
TFAP2A,GLIPR2,1
TFAP2A,GPSM2,1
TFAP2A,PARP1,1
TFAP2A,PLOD2,1
TFAP2A,SERTAD2,1
TFAP2A,PRMT3,1
TFAP2A,C1GALT1,1
TFAP2A,TBC1D4,1
TFAP2A,SLC19A2,1
TFAP2A,SH3RF1,1
TFAP2A,UNG,1
TFAP2A,DDAH1,1
TFAP2A,SLC29A1,1
TFAP2A,WDHD1,1
TFAP2A,ESPL1,1
TFAP2A,BCLAF1,1
TFAP2A,TOP2A,1
TFAP2A,ZNF8,1
TFAP2A,ANKRD6,1
TFAP2A,FUT8,1
TFAP2A,ARID3B,1
TFAP2A,PGAP1,1
TFAP2A,KLHL12,1
TFAP2A,PGAP2,1
TFAP2A,ENO1,1
TFAP2A,CDCA7L,1
TFAP2A,GATAD2A,1
TFAP2A,ISCA1,1
TFAP2A,PJA2,1
TFAP2A,ZDHHC21,1
TFAP2A,SNX14,1
TFAP2A,TNC,1
TFAP2A,COL5A1,1
TFAP2A,NOG,1
TFAP2A,RALB,1
TFAP2A,WEE1,1
TFAP2A,ITPR2,1
TFAP2A,UTP15,1
TFAP2A,CCDC82,1
TFAP2A,PPM1K,1
TFAP2A,ARHGAP28,1
TFAP2A,P4HA1,1
TFAP2A,GALNT11,1
TFAP2A,ODC1,1
TFAP2A,TDRD7,1
TFAP2A,DNAAF2,1
TFAP2A,ZSWIM6,1
TFAP2A,CD99L2,1
TFAP2A,LIFR,1
TFAP2A,FNDC3B,1
TFAP2A,ANKRD50,1
TFAP2A,ZNF3,1
TFAP2A,RUVBL2,1
TFAP2A,FER,1
TFAP2A,TGFBR1,1
TFAP2A,MXD4,1
TFAP2A,MYOCD,1
TFAP2A,ZNF488,1
TFAP2A,CDCA5,1
TFAP2A,ASNS,1
TFAP2A,KIF21A,1
TFAP2A,PHLDB2,1
TFAP2A,LRP12,1
TFAP2A,EPHA4,1
TFAP2A,TRIM25,1
TFAP2A,XRN1,1
TFAP2A,IQGAP2,1
TFAP2A,RHOBTB3,1
TFAP2A,APBB2,1
TFAP2A,PPP1R9A,1
TFAP2A,METAP1,1
TFAP2A,NCAPG,1
TFAP2A,BAMBI,1
TFAP2A,SMYD2,1
TFAP2A,SYNE2,1
TFAP2A,TIPIN,1
TFAP2A,PDCD4,1
TFAP2A,SSX2IP,1
TFAP2A,KHSRP,1
TFAP2A,TIMP3,1
TFAP2A,DENND1A,1
TFAP2A,VPS13C,1
TFAP2A,NFKBIB,1
TFAP2A,RARG,1
TFAP2A,NAV2,1
TFAP2A,PHC1,1
TFAP2A,TSPAN12,1
TFAP2A,TCF7L1,1
TFAP2A,CRABP2,1
TFAP2A,GGCT,1
TFAP2A,PPARA,1
TFAP2A,NOL11,1
TFAP2A,SAMD8,1
TFAP2A,ACSS3,1
TFAP2A,MRPS35,1
TFAP2A,FOXN2,1
TFAP2A,VASH2,1
TFAP2A,CTNNB1,1
TFAP2A,ARL4A,1
TFAP2A,LDB2,1
TFAP2A,HEG1,1
TFAP2A,RNF138,1
TFAP2A,MAPRE2,1
TFAP2A,VSIG10,1
TFAP2A,IGSF3,1
TFAP2A,DPY19L1,1
TFAP2A,RNPS1,1
TFAP2A,RMI1,1
TFAP2A,HNRNPK,1
TFAP2A,TUBE1,1
TFAP2A,CCDC90B,1
TFAP2A,MFAP4,1
TFAP2A,MAFG,1
TFAP2A,ZFP62,1
TFAP2A,FOXJ1,1
TFAP2A,AFF1,1
TFAP2A,PDE4D,1
TFAP2A,YAF2,1
TFAP2A,BBIP1,1
TFAP2A,VHL,1
TFAP2A,FAM117B,1
TFAP2A,TADA1,1
TFAP2A,ACTL6A,1
TFAP2A,ERRFI1,1
TFAP2A,ENC1,1
TFAP2A,EGF,1
TFAP2A,PGM1,1
TFAP2A,TRIM2,1
TFAP2A,CDK6,1
TFAP2A,ZBTB10,1
TFAP2A,CCDC50,1
TFAP2A,ATG4C,1
TFAP2A,GTF2H2,1
TFAP2A,ARID3A,1
TFAP2A,NUCB2,1
TFAP2A,MMP2,1
TFAP2A,RNF14,1
TFAP2A,HELZ,1
TFAP2A,BUB1B,1
TFAP2A,DCAF5,1
TFAP2A,PPT2,1
TFAP2A,CSPP1,1
TFAP2A,SMYD5,1
TFAP2A,CDCA2,1
TFAP2A,COPS3,1
TFAP2A,MEF2D,1
TFAP2A,SLC36A4,1
TFAP2A,C3ORF14,1
TFAP2A,CBFA2T2,1
TFAP2A,CHD9,1
TFAP2A,TP53INP1,1
TFAP2A,PARN,1
TFAP2A,CDH11,1
TFAP2A,ZNF239,1
TFAP2A,ANKRD18B,1
TFAP2A,KAT6A,1
TFAP2A,COL1A2,1
TFAP2A,CHAF1A,1
TFAP2A,POLR1C,1
TFAP2A,TGFBR3,1
TFAP2A,LIMD1,1
TFAP2A,KLHL24,1
TFAP2A,ZNF585B,1
TFAP2A,RGPD2,1
TFAP2A,HMGN2,1
TFAP2A,DNMT1,1
TFAP2A,TMEM47,1
TFAP2A,ARID5B,1
TFAP2A,SPRED2,1
TFAP2A,TMEM38B,1
TFAP2A,DEDD2,1
TFAP2A,HMGA1,1
TFAP2A,HAS2,1
TFAP2A,AKAP1,1
TFAP2A,PNRC1,1
TFAP2A,SNAI1,1
TFAP2A,KIF23,1
TFAP2A,FOXP1,1
TFAP2A,ELMOD2,1
TFAP2A,SH3BGRL2,1
TFAP2A,ANKRD28,1
TFAP2A,ANKRD1,1
TFAP2A,FAM20A,1
TFAP2A,COL5A2,1
TFAP2A,AFF4,1
TFAP2A,TDP2,1
TFAP2A,DNMT3A,1
TFAP2A,MIA3,1
TFAP2A,SLC39A11,1
TFAP2A,POLR2D,1
TFAP2A,SERPINE2,1
TFAP2A,SUPT16H,1
TFAP2A,GATA2,1
TFAP2A,TRERF1,1
TFAP2A,THY1,1
TFAP2A,ZDHHC2,1
TFAP2A,SUPT7L,1
TFAP2A,MATN3,1
TFAP2A,CPD,1
TFAP2A,APC,1
TFAP2A,TIAM1,1
TFAP2A,NT5DC3,1
TFAP2A,CITED2,1
TFAP2A,ACBD6,1
TFAP2A,PER3,1
TFAP2A,SART3,1
TFAP2A,IFI16,1
TFAP2A,NREP,1
TFAP2A,SRGAP1,1
TFAP2A,TGFB1,1
TFAP2A,CEP85L,1
TFAP2A,ROR2,1
TFAP2A,SATB2,1
TFAP2A,TMEM126B,1
TFAP2A,VWA5A,1
TFAP2A,PLCB4,1
TFAP2A,MED12L,1
TFAP2A,LPIN1,1
TFAP2A,TEAD4,1
TFAP2A,KIF2C,1
TFAP2A,RCOR3,1
TFAP2A,COBLL1,1
TFAP2A,DUSP4,1
TFAP2A,TIPARP,1
TFAP2A,RPF2,1
TFAP2A,RAB31,1
TFAP2A,PDGFRA,1
TFAP2A,CLDN11,1
TFAP2A,NDC80,1
TFAP2A,MYOF,1
TFAP2A,STX6,1
TFAP2A,NBEAL1,1
TFAP2A,FAM208A,1
TFAP2A,ZBTB38,1
TFAP2A,PLSCR4,1
TFAP2A,RAD50,1
TFAP2A,FAM126A,1
TFAP2A,CHN1,1
TFAP2A,ZCCHC24,1
TFAP2A,DNMT3B,1
TFAP2A,RBFOX2,1
TFAP2A,CPE,1
TFAP2A,MME,1
TFAP2A,ZNF398,1
TFAP2A,KLF7,1
TFAP2A,HOMER1,1
TFAP2A,RNF170,1
TFAP2A,INPP4A,1
TFAP2A,LIX1,1
TFAP2A,ABLIM1,1
TFAP2A,CUL1,1
TFAP2A,STT3B,1
TFAP2A,RTKN2,1
TFAP2A,RPP40,1
TFAP2A,ETV1,1
TFAP2A,PLAGL2,1
TFAP2A,SPPL2A,1
TFAP2A,MGST2,1
TFAP2A,TMEM87B,1
TFAP2A,FIG4,1
TFAP2A,MALT1,1
TFAP2A,CTBP1,1
TFAP2A,EPB41L3,1
TFAP2A,FAM162A,1
TFAP2A,RBM12,1
TFAP2A,PSIP1,1
TFAP2A,REV3L,1
TFAP2A,BMPR1A,1
TFAP2A,CASD1,1
TFAP2A,NR3C1,1
TFAP2A,LAMB1,1
TFAP2A,ARHGAP29,1
TFAP2A,SMAD6,1
TFAP2A,BLM,1
TFAP2A,UNC5D,1
TFAP2A,MEIS2,1
TFAP2A,S1PR3,1
TFAP2A,SNUPN,1
TFAP2A,IAH1,1
TFAP2A,LGR4,1
TFAP2A,PTPRM,1
TFAP2A,CYP2S1,1
TFAP2A,FXR1,1
TFAP2A,AIP,1
TFAP2A,IL6ST,1
TFAP2A,CAD,1
TFAP2A,MANEA,1
TFAP2A,TATDN1,1
TFAP2A,GPM6B,1
TFAP2A,FAM89A,1
TFAP2A,RRAS2,1
TFAP2A,RAI14,1
TFAP2A,PHLPP1,1
TFAP2A,MCCC1,1
TFAP2A,PRICKLE1,1
TFAP2A,ANXA3,1
TFAP2A,GABRB2,1
TFAP2A,CBX3,1
TFAP2A,PPAT,1
TFAP2A,WDFY1,1
TFAP2A,PDE3B,1
TFAP2A,LTBP1,1
TFAP2A,CXXC1,1
TFAP2A,ZNF589,1
TFAP2A,TXLNG,1
TFAP2A,GCNT1,1
TFAP2A,ZFP36L2,1
TFAP2A,EPHA2,1
TFAP2A,COMMD3-BMI1,1
TFAP2A,COMMD3,1
TFAP2A,ECI2,1
TFAP2A,MECOM,1
TFAP2A,FBN1,1
TFAP2A,POLA1,1
TFAP2A,PPIL1,1
TFAP2A,RGMB,1
TFAP2A,BCAR3,1
TFAP2A,FAM135A,1
TFAP2A,PDLIM3,1
TFAP2A,ANKZF1,1
TFAP2A,KIF13B,1
TFAP2A,CGNL1,1
TFAP2A,JMJD1C,1
TFAP2A,RAD51,1
TFAP2A,ANKRD13A,1
TFAP2A,RNF19A,1
TFAP2A,KDM6A,1
TFAP2A,ZFYVE21,1
TFAP2A,TLE3,1
TFAP2A,POLR1B,1
TFAP2A,PDCD2,1
TFAP2A,NXF1,1
TFAP2A,E2F7,1
TFAP2A,SEMA6D,1
TFAP2A,LTV1,1
TFAP2A,FN1,1
TFAP2A,TEX10,1
TFAP2A,MAPKAPK3,1
TFAP2A,MXI1,1
TFAP2A,CPVL,1
TFAP2A,TK1,1
TFAP2A,PHLDA1,1
TFAP2A,KIFAP3,1
TFAP2A,OSBPL3,1
TFAP2A,CLGN,1
TFAP2A,DLGAP5,1
TFAP2A,SERHL2,1
TFAP2A,ITGA6,1
TFAP2A,NFKBIA,1
TFAP2A,MND1,1
TFAP2A,POLR2H,1
TFAP2A,ZBTB2,1
TFAP2A,CUX1,1
TFAP2A,DNAJB14,1
TFAP2A,PRDM14,1
TFAP2A,NFAT5,1
TFAP2A,ITGA5,1
TFAP2A,RUVBL1,1
TFAP2A,FBXO5,1
TFAP2A,TCF4,1
TFAP2A,POU5F1,1
TFAP2A,LIG4,1
TFAP2A,HCFC1,1
TFAP2A,DOCK1,1
TFAP2A,E2F4,1
TFAP2A,FZD7,1
TFAP2A,SSB,1
TFAP2A,PCNA,1
TFAP2A,FARSB,1
TFAP2A,SECISBP2L,1
TFAP2A,DAXX,1
TFAP2A,PKIG,1
TFAP2A,PDPN,1
TFAP2A,SIRT1,1
TFAP2A,SERPINB6,1
TFAP2A,CDC6,1
TFAP2A,ARFGAP3,1
TFAP2A,SMAD2,1
TFAP2A,MAFF,1
TFAP2A,GDAP1,1
TFAP2A,XRCC5,1
TFAP2A,STX12,1
TFAP2A,MPP6,1
TFAP2A,APBB1,1
TFAP2A,SH3BP4,1
TFAP2A,CLCN4,1
TFAP2A,SYNC,1
TFAP2A,DSCC1,1
TFAP2A,CAPN2,1
TFAP2A,ASH2L,1
TFAP2A,UBTF,1
TFAP2A,PTMA,1
TFAP2A,NFATC1,1
TFAP2A,NEDD4,1
TFAP2A,FLRT2,1
TFAP2A,SRC,1
TFAP2A,ZNF521,1
TFAP2A,AHNAK,1
TFAP2A,CADM1,1
TFAP2A,LRIG3,1
TFAP2A,SLC35A3,1
TFAP2A,JUND,1
TFAP2A,OIP5,1
TFAP2A,NUSAP1,1
TFAP2A,CCNB2,1
TFAP2A,TFAP4,1
TFAP2A,ZFPM2,1
TFAP2A,STC1,1
TFAP2A,HECA,1
TFAP2A,PALLD,1
TFAP2A,RBBP8,1
TFAP2A,POLR2I,1
TFAP2A,PUS7,1
TFAP2A,GLMN,1
TFAP2A,VIM,1
TFAP2A,TMEM64,1
TFAP2A,E2F3,1
TFAP2A,DCLK1,1
TFAP2A,ST5,1
TFAP2A,SFPQ,1
TFAP2A,PNPLA8,1
TFAP2A,WDR35,1
TFAP2A,NRP2,1
TFAP2A,SOS2,1
TFAP2A,AEBP1,1
TFAP2A,SLC2A1,1
TFAP2A,POU3F1,1
TFAP2A,TRAF6,1
TFAP2A,LRRN1,1
TFAP2A,POU2F1,1
TFAP2A,CDC20,1
TFAP2A,MYBL2,1
TFAP2A,DPYSL3,1
TFAP2A,SKA3,1
TFAP2A,CNKSR3,1
TFAP2A,ADSS,1
TFAP2A,TJP2,1
TFAP2A,FBN2,1
TFAP2A,LPGAT1,1
TFAP2A,NFE2L3,1
TFAP2A,RBM14,1
TFAP2A,CCPG1,1
TFAP2A,ELK3,1
TFAP2A,SLC6A15,1
TFAP2A,ATP11B,1
TFAP2A,ETS1,1
TFAP2A,LEF1,1
TFAP2A,TRIP6,1
TFAP2A,COLEC12,1
TFAP2A,NTN4,1
TFAP2A,MCM4,1
TFAP2A,POLR2K,1
TFAP2A,SEMA3A,1
TFAP2A,WDR12,1
TFAP2A,IL13RA1,1
TFAP2A,SEL1L,1
TFAP2A,TRIP13,1
TFAP2A,TLE2,1
TFAP2A,TWIST1,1
TFAP2A,TFDP1,1
TFAP2A,IFRD2,1
TFAP2A,GNG11,1
TFAP2A,EEF1A1,1
TFAP2A,ZNF124,1
TFAP2A,AK4,1
TFAP2A,PURA,1
TFAP2A,ARMC4,1
TFAP2A,ARHGAP42,1
TFAP2A,MEX3C,1
TFAP2A,TSPAN13,1
TFAP2A,NFIC,1
TFAP2A,BMP4,1
TFAP2A,SMG6,1
TFAP2A,SFRP2,1
TFAP2A,PAM,1
TFAP2A,RSPO3,1
TFAP2A,SGCE,1
TFAP2A,ITGAV,1
TFAP2A,INSIG2,1
TFAP2A,KLHL28,1
TFAP2A,BHLHE40,1
TFAP2A,PLCB1,1
TFAP2A,AES,1
TFAP2A,POLR2A,1
TFAP2A,TYRO3,1
TFAP2A,ZNF764,1
TFAP2A,TTC4,1
TFAP2A,ZNF160,1
TFAP2A,RRN3,1
TFAP2A,SLC39A7,1
TFAP2A,NR0B1,1
TFAP2A,RPE,1
TFAP2A,COL4A2,1
TFAP2A,RAVER2,1
TFAP2A,RBPJ,1
TFAP2A,ZNF142,1
TFAP2A,LGALSL,1
TFAP2A,PABPC4L,1
TFAP2A,EZH2,1
TFAP2A,PLS1,1
TFAP2A,URB2,1
TFAP2A,ETV4,1
TFAP2A,MYCN,1
TFAP2A,MXRA5,1
TFAP2A,BEND3,1
TFAP2A,CRIM1,1
TFAP2A,COL4A1,1
TFAP2A,HS3ST3A1,1
TFAP2A,DNAJC9,1
TFAP2A,UBL3,1
TFAP2A,RBM47,1
TFAP2A,SMARCC1,1
TFAP2A,CLCN3,1
TFAP2A,PRSS35,1
TFAP2A,MRPS9,1
TFAP2A,MCM7,1
TFAP2A,ZNF83,1
TFAP2A,CSRP2,1
TFAP2A,CYP1B1,1
TFAP2A,GATM,1
TFAP2A,UPF1,1
TFAP2A,ESCO2,1
TFAP2A,CCDC138,1
TFAP2A,RAI1,1
TFAP2A,APEX1,1
TFAP2A,BRWD1,1
TFAP2A,USP44,1
TFAP2A,TTC39B,1
TFAP2A,NECAP2,1
TFAP2A,MAN1A1,1
TFAP2A,ZFYVE16,1
TFAP2A,MPHOSPH9,1
TFAP2A,TRIM28,1
TFAP2A,SENP7,1
TFAP2A,PTPRZ1,1
TFAP2A,TBX3,1
TFAP2A,STAT3,1
TFAP2A,SVEP1,1
TFAP2A,CCNA2,1
TFAP2A,PCK2,1
TFAP2A,ETV3,1
TFAP2A,CDH2,1
TFAP2A,SULF2,1
TFAP2A,SLC39A8,1
TFAP2A,DAB1,1
TFAP2A,ASXL1,1
TFAP2A,PLAGL1,1
TFAP2A,KIF16B,1
TFAP2A,STIM2,1
TFAP2A,RNF13,1
TFAP2A,CD200,1
TFAP2A,SOX5,1
TFAP2A,SAAL1,1
TFAP2A,PPP3CA,1
TFAP2A,DPF2,1
TFAP2A,KIF11,1
TFAP2A,WWTR1,1
TFAP2A,VANGL1,1
TFAP2A,OPTN,1
TFAP2A,ITCH,1
TFAP2A,ARNT2,1
TFAP2A,CEP55,1
TFAP2A,KIF15,1
TFAP2A,EDEM3,1
TFAP2A,ZNF317,1
TFAP2A,ALYREF,1
TFAP2A,SNAI2,1
TFAP2A,MFN2,1
TFAP2A,GALNT7,1
TFAP2A,TSR1,1
TFAP2A,CLSTN2,1
TFAP2A,ACBD3,1
TFAP2A,ODF2,1
TFAP2A,PPARGC1B,1
TFAP2A,RFESD,1
TFAP2A,PAWR,1
TFAP2A,GEMIN4,1
TFAP2A,NIP7,1
TFAP2A,STK17B,1
TFAP2A,VPS54,1
TFAP2A,NUP54,1
TFAP2A,HTRA1,1
TFAP2A,BNIP3,1
TFAP2A,ZNF30,1
TFAP2A,MICU1,1
TFAP2A,HECW2,1
TFAP2A,POU2F2,1
TFAP2A,TMEM177,1
TFAP2A,STK38L,1
TFAP2A,UCK2,1
TFAP2A,LZTS1,1
TFAP2A,YTHDF3,1
TFAP2A,STX17,1
TFAP2A,SCD5,1
TFAP2A,TTK,1
TFAP2A,POLDIP3,1
TFAP2A,PRPS2,1
TFAP2A,FBXO28,1
TFAP2A,USP1,1
TFAP2A,GALC,1
TFAP2A,DAAM1,1
TFAP2A,NCAM1,1
TFAP2A,CCNE2,1
TFAP2A,VRK1,1
TFAP2A,LAP3,1
TFAP2A,YBX1,1
TFAP2A,HDGF,1
TFAP2A,PIM2,1
TFAP2A,NAA15,1
TFAP2A,SOX3,1
TFAP2A,GINS2,1
TFAP2A,SVIL,1
TFAP2A,DEK,1
TFAP2A,RBM24,1
TFAP2A,SMAD5,1
TFAP2A,MCM10,1
TFAP2A,ZEB1,1
TFAP2A,KIAA1841,1
TFAP2A,CAMK2D,1
TFAP2A,SLCO2A1,1
TFAP2A,NONO,1
TFAP2A,MPHOSPH6,1
TFAP2A,PIP5K1B,1
TFAP2A,WLS,1
TFAP2A,UBL7,1
TFAP2A,PATZ1,1
TFAP2A,ENOPH1,1
TFAP2A,GATA4,1
TFAP2A,ADD2,1
TFAP2A,PHB2,1
TFAP2A,TTC39C,1
TFAP2A,NOP2,1
TFAP2A,MLLT3,1
TFAP2A,NFYB,1
TFAP2A,WDR3,1
TFAP2A,MRPL1,1
TFAP2A,CYYR1,1
TFAP2A,TAOK3,1
TFAP2A,MRPS30,1
TFAP2A,FRYL,1
TFAP2A,RBMS3,1
TFAP2A,MYBBP1A,1
TFAP2A,DBF4,1
TFAP2A,STAT2,1
TFAP2A,RIN2,1
TFAP2A,CALCOCO2,1
TFAP2A,ATP2B4,1
TFAP2A,SETD7,1
TFAP2A,QPCT,1
TFAP2A,ZNF219,1
TFAP2A,PREX1,1
TFAP2A,FLI1,1
TFAP2A,TIMM21,1
TFAP2A,WWP1,1
TFAP2A,SORT1,1
TFAP2A,ASS1,1
TFAP2A,YPEL5,1
TFAP2A,MYO5B,1
TFAP2A,SF1,1
TFAP2A,HNRNPAB,1
TFAP2A,NUMB,1
TFAP2A,GPR108,1
TFAP2A,CPSF3,1
TFAP2A,RGS5,1
TFAP2A,MED14,1
TFAP2A,HIF1A,1
TFAP2A,F3,1
TFAP2A,ASB9,1
TFAP2A,RCAN2,1
TFAP2A,PRCP,1
TFAP2A,CAP2,1
TFAP2A,PLCE1,1
TFAP2A,B4GALT4,1
TFAP2A,RABGAP1L,1
TFAP2A,MAN2A1,1
TFAP2A,U2AF1,1
TFAP2A,HIF3A,1
TFAP2A,SEMA6A,1
TFAP2A,PLK1,1
TFAP2A,CDC14B,1
TFAP2A,RNF24,1
TFAP2A,NAA25,1
TFAP2A,AMN1,1
TFAP2A,ANKRD26,1
TFAP2A,COL11A1,1
TFAP2A,OSBPL10,1
TFAP2A,JPH1,1
TFAP2A,SLC7A8,1
TFAP2A,TRPA1,1
TFAP2A,RFC3,1
TFAP2A,SNRPD1,1
TFAP2A,FOXN3,1
TFAP2A,ARRB1,1
TFAP2A,CLU,1
TFAP2A,DNAJC11,1
TFAP2A,PIK3R5,1
TFAP2A,SEPHS1,1
TFAP2A,PGM2,1
TFAP2A,POLR2M,1
TFAP2A,LIMCH1,1
TFAP2A,TMSB15B,1
TFAP2A,CEP192,1
TFAP2A,AURKB,1
TFAP2A,MAP7,1
TFAP2A,GCA,1
TFAP2A,WDR75,1
TFAP2A,SMARCD1,1
TFAP2A,LMX1B,1
TFAP2A,ATRNL1,1
TFAP2A,PTDSS1,1
TFAP2A,EXO1,1
TFAP2A,MAT2B,1
TFAP2A,COG6,1
TFAP2A,DNA2,1
TFAP2A,MAGI3,1
TFAP2A,ACOX3,1
TFAP2A,EPHB2,1
TFAP2A,C18ORF21,1
TFAP2A,ETV7,1
TFAP2A,ANKRD13C,1
TFAP2A,TRIM33,1
TFAP2A,NCOA6,1
TFAP2A,RFC4,1
TFAP2A,GOLGB1,1
TFAP2A,SNRPB,1
TFAP2A,PITX2,1
TFAP2A,HDAC9,1
TFAP2A,BMP2,1
TFAP2A,ID1,1
TFAP2A,CLDN10,1
TFAP2A,KIAA1324L,1
TFAP2A,ZNF471,1
TFAP2A,SRSF3,1
TFAP2A,SNX18,1
TFAP2A,HPS5,1
TFAP2A,NKX3-1,1
TFAP2A,ELOVL2,1
TFAP2A,NRIP1,1
TFAP2A,BBS2,1
TFAP2A,UCHL3,1
TFAP2A,RAE1,1
TFAP2A,SERINC3,1
TFAP2A,LRR1,1
TFAP2A,WDR5,1
TFAP2A,EHMT2,1
TFAP2A,ESRRG,1
TFAP2A,TBX20,1
TFAP2A,KAT7,1
TFAP2A,KIF1A,1
TFAP2A,ESRP1,1
TFAP2A,SFMBT1,1
TFAP2A,ARID4B,1
TFAP2A,DMXL2,1
TFAP2A,EWSR1,1
TFAP2A,STK3,1
TFAP2A,PPM1H,1
TFAP2A,ZNF516,1
TFAP2A,GPC4,1
TFAP2A,HS3ST1,1
TFAP2A,PIP4K2A,1
TFAP2A,MOB3B,1
TFAP2A,PPIC,1
TFAP2A,NFATC3,1
TFAP2A,FRMD4B,1
TFAP2A,APOBEC3C,1
TFAP2A,TP53,1
TFAP2A,NHSL1,1
TFAP2A,BMPER,1
TFAP2A,KLHL7,1
TFAP2A,AMIGO2,1
TFAP2A,ANKRD44,1
TFAP2A,POLR3G,1
TFAP2A,NR2C1,1
TFAP2A,PAK1IP1,1
TFAP2A,PLK2,1
TFAP2A,RBBP4,1
TFAP2A,FYTTD1,1
TFAP2A,PHF21A,1
TFAP2A,NIN,1
TFAP2A,FRZB,1
TFAP2A,ILF3,1
TFAP2A,UPF3B,1
TFAP2A,ISL1,1
TFAP2A,ALDOC,1
TFAP2A,TRPC4,1
TFAP2A,COX10,1
TFAP2A,UPF2,1
TFAP2A,TRIAP1,1
TFAP2A,SOX17,1
TFAP2A,ITGA4,1
TFAP2A,PRIM1,1
TFAP2A,NIPSNAP1,1
TFAP2A,BET1,1
TFAP2A,FZD6,1
TFAP2A,RUNX1,1
TFAP2A,ELMO1,1
TFAP2A,ATP11C,1
TFAP2A,SLC7A3,1
TFAP2A,RAD54L,1
TFAP2A,ELAVL2,1
TFAP2A,TFB2M,1
TFAP2A,CREB3L2,1
TFAP2A,NIF3L1,1
TFAP2A,CDCA8,1
TFAP2A,SRSF10,1
TFAP2A,DECR1,1
TFAP2A,ZNF93,1
TFAP2A,CSDE1,1
TFAP2A,SLITRK2,1
TFAP2A,CRHBP,1
TFAP2A,MAP4K3,1
TFAP2A,EPCAM,1
TFAP2A,GATA6,1
TFAP2A,TNFRSF11B,1
TFAP2A,MAK16,1
TFAP2A,SDCCAG8,1
TFAP2A,CNTRL,1
TFAP2A,NAT10,1
TFAP2A,COL1A1,1
TFAP2A,EXOSC3,1
TFAP2A,SLC16A2,1
TFAP2A,LBH,1
TFAP2A,BOD1,1
TFAP2A,ALDH2,1
TFAP2A,EARS2,1
TFAP2A,CYB5A,1
TFAP2A,C2ORF69,1
TFAP2A,SATB1,1
TFAP2A,PALB2,1
TFAP2A,IMPAD1,1
TFAP2A,FOXK1,1
TFAP2A,BTF3,1
TFAP2A,SDC2,1
TFAP2A,SLC7A5,1
TFAP2A,C4ORF46,1
TFAP2A,SH3BGRL,1
TFAP2A,ZNF146,1
TFAP2A,NAGA,1
TFAP2A,TGFB1I1,1
TFAP2A,KDR,1
TFAP2A,FAT1,1
TFAP2A,SAMD3,1
TFAP2A,DTL,1
TFAP2A,FST,1
TFAP2A,FAM169A,1
TFAP2A,INO80D,1
TFAP2A,SRSF2,1
TFAP2A,SAP18,1
TFAP2A,FAM83D,1
TFAP2A,AGL,1
TFAP2A,S100A10,1
TFAP2A,PTGR1,1
TFAP2A,HEATR1,1
TFAP2A,MAML3,1
TFAP2A,RIOK1,1
TFAP2A,GRHL1,1
TFAP2A,CCDC112,1
TFAP2A,ZNF512,1
TFAP2A,MMP16,1
TFAP2A,TMEM87A,1
TFAP2A,FEZ1,1
TFAP2A,PREPL,1
TFAP2A,FAM126B,1
TFAP2A,SORL1,1
TFAP2A,NDUFC2-KCTD14,1
TFAP2A,AGPAT5,1
TFAP2A,TWISTNB,1
TFAP2A,FOXJ2,1
TFAP2A,FLVCR2,1
TFAP2A,SOX13,1
TFAP2A,SMARCD3,1
TFAP2A,GPC3,1
TFAP2A,TSR2,1
TFAP2A,AR,1
TFAP2A,SLC46A3,1
TFAP2A,NLGN4X,1
TFAP2A,TRAF5,1
TFAP2A,LMO2,1
TFAP2A,EIF5A2,1
TFAP2A,MDM4,1
TFAP2A,TLE1,1
TFAP2A,NOP16,1
TFAP2A,NUDT11,1
TFAP2A,SP110,1
TFAP2A,KLHL4,1
TFAP2A,PCDH7,1
TFAP2A,EMB,1
TFAP2A,PRMT6,1
TFAP2A,TNFRSF21,1
TFAP2A,SEMA3E,1
TFAP2A,DKK1,1
TFAP2A,SALL2,1
TFAP2A,THAP9,1
TFAP2A,NEDD9,1
TFAP2A,ZWINT,1
TFAP2A,CDKN3,1
TFAP2A,TTC27,1
TFAP2A,SEC11C,1
TFAP2A,EGR1,1
TFAP2A,STEAP1B,1
TFAP2A,DOK6,1
TFAP2A,PMAIP1,1
TFAP2A,ERLEC1,1
TFAP2A,ARSE,1
TFAP2A,ALDH18A1,1
TFAP2A,LIPG,1
TFAP2A,IMP4,1
TFAP2A,POLQ,1
TFAP2A,MITF,1
TFAP2A,COMMD10,1
TFAP2A,SEMA5A,1
TFAP2A,TMEM39A,1
TFAP2A,TCOF1,1
TFAP2A,NFIB,1
TFAP2A,METTL1,1
TFAP2A,CD9,1
TFAP2A,RPA2,1
TFAP2A,SH3BP5,1
TFAP2A,ZNF691,1
TFAP2A,UHRF1,1
TFAP2A,CHAC2,1
TFAP2A,DOK4,1
TFAP2A,PFKFB2,1
TFAP2A,PELI2,1
TFAP2A,ZNF202,1
TFAP2A,ZRANB2,1
TFAP2A,FBXO34,1
TFAP2A,TMLHE,1
TFAP2A,ZNF518B,1
TFAP2A,ST3GAL6,1
TFAP2A,SLC43A3,1
TFAP2A,KRCC1,1
TFAP2A,ENO2,1
TFAP2A,RAD51AP1,1
TFAP2A,DKK3,1
TFAP2A,NEK7,1
TFAP2A,RXRG,1
TFAP2A,HSD17B11,1
TFAP2A,LYAR,1
TFAP2A,RRAGD,1
TFAP2A,DYNC1I1,1
TFAP2A,CCDC6,1
TFAP2A,SYT1,1
TFAP2A,NFXL1,1
TFAP2A,KLF5,1
TFAP2A,EOMES,1
TFAP2A,AARS,1
TFAP2A,STXBP5,1
TFAP2A,ARL4D,1
TFAP2A,ID3,1
TFAP2A,MAD2L1,1
TFAP2A,GLDC,1
TFAP2A,BCAS2,1
TFAP2A,ZNF90,1
TFAP2A,DNAJC2,1
TFAP2A,OXTR,1
TFAP2A,BEX2,1
TFAP2A,SLC35F1,1
TFAP2A,ILF2,1
TFAP2A,FREM1,1
TFAP2A,TRPS1,1
TFAP2A,TMF1,1
TFAP2A,ZNF92,1
TFAP2A,PMP22,1
TFAP2A,PROM1,1
TFAP2A,SLC18B1,1
TFAP2A,NLRP2,1
TFAP2A,XRCC6,1
TFAP2A,GLRX,1
TFAP2A,RFPL2,1
TFAP2A,NUP35,1
TFAP2A,LHX1,1
TFAP2A,CENPK,1
TFAP2A,ELL2,1
TFAP2A,UTP14A,1
TFAP2A,CALCOCO1,1
TFAP2A,GPATCH4,1
TFAP2A,TFE3,1
TFAP2A,KLF8,1
TFAP2A,HOPX,1
TFAP2A,TCF19,1
TFAP2A,IFT80,1
TFAP2A,ATF6,1
TFAP2A,WNT5A,1
TFAP2A,PAK1,1
TFAP2A,GULP1,1
TFAP2A,CTSK,1
TFAP2A,CNBP,1
TFAP2A,ZNF165,1
TFAP2A,NPFFR2,1
TFAP2A,RFXANK,1
TFAP2A,FOXD3,1
TFAP2A,ABCA1,1
TFAP2A,ERCC6L,1
TFAP2A,GATA3,1
TFAP2A,CBR1,1
TFAP2A,ZKSCAN1,1
TFAP2A,PCDH10,1
TFAP2A,ALCAM,1
TFAP2A,SLFN5,1
TFAP2A,CA12,1
TFAP2A,ZEB2,1
TFAP2A,LMO3,1
TFAP2A,GABRB3,1
TFAP2A,HAPLN1,1
TFAP2A,HIST1H1B,1
TFAP2A,ECHDC1,1
TFAP2A,LRRCC1,1
TFAP2A,GSC,1
TFAP2A,ANGPT2,1
TFAP2A,GRP,1
TFAP2A,PLXNA2,1
TFAP2A,FGF2,1
TFAP2A,CEBPZ,1
TFAP2A,JAKMIP2,1
TFAP2A,NIPSNAP3A,1
TFAP2A,ZFC3H1,1
TFAP2A,IGDCC4,1
TFAP2A,MLLT6,1
TFAP2A,SOX7,1
TFAP2A,MAGEH1,1
TFAP2A,TRIP11,1
TFAP2A,ITM2A,1
TFAP2A,SOX2,1
TFAP2A,CHL1,1
TFAP2A,PCDH17,1
TFAP2A,MBIP,1
TFAP2A,BTG2,1
TFAP2A,UNC5C,1
TFAP2A,MAPK10,1
TFAP2A,NBPF10,1
TFAP2A,TRIM35,1
TFAP2A,PODXL,1
TFAP2A,LUM,1
TFAP2A,SFRP1,1
TFAP2A,SIX6,1
TFAP2A,CYP26A1,1
TFAP2A,NUFIP1,1
TFAP2A,MCM5,1
TFAP2A,GPC6,1
TFAP2A,CALB1,1
TFAP2A,COL4A6,1
TFAP2A,COL4A5,1
TFAP2A,ZNF587,1
TFAP2A,B3GNT5,1
TFAP2A,XPO5,1
TFAP2A,FTSJ3,1
TFAP2A,BCL11A,1
TFAP2A,PBXIP1,1
TFAP2A,ST8SIA4,1
TFAP2A,BCL11B,1
TFAP2A,UNC13B,1
TFAP2A,NXT2,1
TFAP2A,BHLHB9,1
TP53,REV3L,1
TP53,TRIAP1,1
TP53,PRDM1,1
TP53,PCNA,1
TP53,TRIM22,1
TP53,TP53INP1,1
TP53,E2F7,1
TP53,XPO5,1
TP53,BTG2,1
TP53,PMAIP1,1
TP53,CCDC90B,1
TP53,UTP15,1
TP53,FLRT2,1
TP53,SYT1,1
TP53,WDHD1,1
TP53,ABLIM1,1
TP53,TMEM131,1
TP53,GTF2H2,1
TP53,KLHL12,1
TP53,SLA2,1
TP53,TMF1,1
TP53,ETV7,1
TP53,SECISBP2L,1
TP53,SUPT7L,1
TP53,TMEM237,1
TP53,RAD51AP1,1
TP53,FAM126B,1
TP53,HEATR1,1
TP53,TRAF6,1
TP53,ZNF764,1
TP53,BCAS2,1
TP53,POU3F1,1
TP53,TIPIN,1
TP53,NTN4,1
TP53,FAM83D,1
TP53,THAP9,1
TP53,DEPDC1B,1
TRIM28,ZNF280B,1
TRIM28,RABGAP1L,1
TRIM28,JMJD1C,1
TRIM28,GTF2H2,1
TRIM28,C3ORF14,1
TRIM28,STC1,1
TRIM28,ACOX3,1
TRIM28,TDP2,1
TRIM28,SLC35A3,1
TRIM28,BCAR3,1
TRIM28,POLDIP3,1
TRIM28,UCHL3,1
TRIM28,ASNS,1
TRIM28,FAM83D,1
TRIM28,RBBP4,1
TRIM28,PHF21A,1
TRIM28,NEK7,1
TRIM28,NFAT5,1
TRIM28,EIF5A2,1
TRIM28,MEX3C,1
TRIM28,ITGA4,1
TRIM28,BBS4,1
TRIM28,ABLIM1,1
TRIM28,HNRNPD,1
TRIM28,POLR3G,1
TRIM28,AMN1,1
TRIM28,ELOVL2,1
TRIM28,LIG4,1
TRIM28,TADA1,1
TRIM28,KAT6A,1
TRIM28,CBR1,1
TRIM28,PAM,1
TRIM28,PRDM1,1
TRIM28,MAP7,1
TRIM28,PDE4D,1
TRIM28,RBMS3,1
TRIM28,ELMO1,1
TRIM28,WDHD1,1
TRIM28,SYT1,1
TRIM28,PKIG,1
TRIM28,PJA2,1
TRIM28,ZFPM2,1
TRIM28,PRICKLE1,1
TRIM28,JAKMIP2,1
TRIM28,CADM1,1
TRIM28,VANGL1,1
TRIM28,TCF4,1
TRIM28,CALB1,1
TRIM28,SLC39A8,1
TRIM28,TRIM25,1
TRIM28,FOXN2,1
TRIM28,GCA,1
TRIM28,DACH1,1
TRIM28,DAB1,1
TRIM28,KIAA1324L,1
TRIM28,ST8SIA1,1
TRIM28,DDHD2,1
TRIM28,ZNF160,1
TRIM28,SATB1,1
TRIM28,ITGAV,1
TRIM28,TMEM131,1
TRIM28,POLR2D,1
TRIM28,TMEM237,1
TRIM28,CCDC112,1
TRIM28,AFF1,1
TRIM28,NHSL1,1
TRIM28,NAP1L3,1
TRIM28,PURA,1
TRIM28,TEX10,1
TRIM28,GLRX,1
TRIM28,MCC,1
TRIM28,OSBPL10,1
TRIM28,ALDOC,1
TRIM28,PLOD2,1
TRIM28,ODC1,1
TRIM28,ADAMTS3,1
TRIM28,FIG4,1
TRIM28,COBLL1,1
TRIM28,IQGAP2,1
TRIM28,SRSF10,1
TRIM28,CSRP2,1
TRIM28,SSB,1
TRIM28,MLLT3,1
TRIM28,TCN2,1
TRIM28,SPP1,1
TRIM28,OXTR,1
TRIM28,SSX2IP,1
TRIM28,FAM126A,1
TRIM28,MAP4K3,1
TRIM28,PER3,1
TRIM28,STIM2,1
TRIM28,AADAT,1
TRIM28,PMP22,1
TRIM28,ODF2,1
TRIM28,PAWR,1
TRIM28,RBPJ,1
TRIM28,TTC39B,1
TRIM28,ZNF521,1
TRIM28,PRSS35,1
TRIM28,SH3BGRL2,1
TRIM28,MXD4,1
TRIM28,RTKN2,1
TRIM28,SETD7,1
TRIM28,WDR35,1
TRIM28,SEMA6D,1
TRIM28,ZFYVE21,1
TRIM28,PCK2,1
TRIM28,NPFFR2,1
TRIM28,LBH,1
TRIM28,SDC2,1
TRIM28,MAEA,1
TRIM28,PPIC,1
TRIM28,HOOK1,1
TRIM28,SLC7A8,1
TRIM28,CLSTN2,1
TRIM28,SULF2,1
TRIM28,TAOK3,1
TRIM28,TGFB1I1,1
TRIM28,FRZB,1
TRIM28,TEAD4,1
TRIM28,CCND1,1
TRIM28,LRAT,1
TRIM28,CCKBR,1
TRIM28,BMP4,1
TRIM28,SHISA6,1
ZFP42,TRIAP1,1
ZFP42,ACOX3,1
ZFP42,TMEM39A,1
ZFP42,MFN2,1
ZFP42,TRUB1,1
ZFP42,WDR75,1
ZFP42,CENPK,1
ZFP42,NUFIP1,1
ZFP42,CCNA2,1
ZFP42,RNPS1,1
ZFP42,POLR2K,1
ZFP42,FNDC3B,1
ZFP42,WDFY1,1
ZFP42,TWISTNB,1
ZFP42,U2AF1,1
ZFP42,NDC80,1
ZFP42,MIA3,1
ZFP42,UTP15,1
ZFP42,KIF15,1
ZFP42,TMEM237,1
ZFP42,MBIP,1
ZFP42,NAT10,1
ZFP42,BET1,1
ZFP42,CDCA5,1
ZFP42,KLHL7,1
ZFP42,UBL3,1
ZFP42,BOD1,1
ZFP42,METTL1,1
ZFP42,OTUD6B,1
ZFP42,DOK4,1
ZFP42,KLHL12,1
ZFP42,PROSER1,1
ZFP42,POLA1,1
ZFP42,WDHD1,1
ZFP42,DAB1,1
ZFP42,NXF1,1
ZFP42,PRMT3,1
ZFP42,PAK1IP1,1
ZFP42,XRN1,1
ZFP42,EXO1,1
ZFP42,C2ORF69,1
ZFP42,DYNC2LI1,1
ZFP42,SLC2A1,1
ZFP42,PPT2,1
ZFP42,PHLDB2,1
ZFP42,SCG3,1
ZFP42,NAV2,1
ZFP42,ZSWIM6,1
ZFP42,HPS5,1
ZFP42,ATRNL1,1
ZFP42,PHC1,1
ZFP42,TLE1,1
ZFP42,DEPDC1B,1
ZFP42,NUP54,1
ZFP42,TIMM21,1
ZFP42,RNF138,1
ZFP42,FOXJ2,1
ZFP42,HECW2,1
ZFP42,TTK,1
ZFP42,ZNF160,1
ZFP42,POLB,1
ZFP42,NFAT5,1
ZFP42,ZNF165,1
ZFP42,SSX2IP,1
ZFP42,PALLD,1
ZFP42,JUND,1
ZFP42,FBN2,1
ZFP42,RCOR3,1
ZFP42,CCDC50,1
TEAD4,ITGAV,1
TEAD4,HOMER1,1
TEAD4,MND1,1
TEAD4,EPCAM,1
TEAD4,TRIM33,1
TEAD4,POLR2A,1
TEAD4,POLK,1
TEAD4,BCAT2,1
TEAD4,RCHY1,1
TEAD4,HSPA14,1
TEAD4,NOB1,1
TEAD4,DBF4,1
TEAD4,TPD52L2,1
EGR1,FAM120AOS,1
EGR1,ITGB3BP,1
EGR1,SFRP2,1
EGR1,SERPINB1,1
EGR1,POLR2A,1
EGR1,FUS,1
NANOG,NFE2L3,1
NANOG,TCF7L1,1
NANOG,PSMD9,1
NANOG,KLF6,1
JUND,AGL,1
JUND,GTF3C4,1
JUND,SMAD6,1
JUND,TCEA1,1
JUND,CDCA8,1
JUND,STEAP1B,1
JUND,PPP1R9A,1
JUND,CEBPZ,1
JUND,POLR3E,1
JUND,SRSF6,1
JUND,EGR1,1
JUND,SFRP2,1
JUND,GCNT2,1
JUND,BMP4,1
JUND,POLR2D,1
JUND,ZNF90,1
JUND,AP1M2,1
JUND,PTGR1,1
JUND,IFRD2,1
JUND,POLR1C,1
JUND,IMPAD1,1
JUND,ANKRD26,1
JUND,ASH2L,1
JUND,RGMB,1
JUND,TRIP13,1
JUND,TTC27,1
JUND,ENO2,1
JUND,THAP9,1
JUND,PFKFB2,1
JUND,RABEPK,1
JUND,CCDC81,1
JUND,MED12L,1
JUND,ISCA1,1
JUND,PAQR3,1
JUND,UBL3,1
JUND,MBOAT1,1
JUND,NEDD4,1
JUND,AIP,1
JUND,RIOK1,1
JUND,SKA3,1
JUND,CDH2,1
JUND,ADSS,1
JUND,DSCC1,1
JUND,EZH2,1
JUND,RPE,1
JUND,TCF7L1,1
JUND,XRCC6,1
JUND,TYRO3,1
JUND,NT5DC3,1
JUND,TTC39B,1
JUND,S100A10,1
JUND,ODF2,1
JUND,EPHA4,1
JUND,DSCAM,1
JUND,GRHL2,1
JUND,CDKN3,1
JUND,PIM2,1
JUND,WLS,1
JUND,SRSF10,1
JUND,NOB1,1
JUND,HSD17B11,1
JUND,INSIG2,1
JUND,PRDM1,1
JUND,RBM12,1
JUND,EGF,1
JUND,ALG6,1
JUND,CCNE2,1
JUND,FIG4,1
JUND,SMYD5,1
JUND,IRF1,1
JUND,LRAT,1
JUND,PDCD4,1
JUND,ALDH2,1
JUND,TNFRSF11B,1
JUND,MAN1A1,1
JUND,CRX,1
JUND,PSMC3IP,1
JUND,RHOBTB3,1
JUND,ATP2B4,1
JUND,TADA1,1
JUND,ACTL6A,1
MXI1,PHLDA1,1
MXI1,COL4A1,1
MXI1,ITGAV,1
MXI1,CDCA2,1
MXI1,CDCA5,1
MXI1,HDGF,1
MXI1,DPYSL3,1
MXI1,TEX10,1
MXI1,BET1,1
MXI1,MYBL2,1
MXI1,CLU,1
MXI1,TIPARP,1
MXI1,SRC,1
MXI1,CEP55,1
MXI1,FBXO36,1
MXI1,AADAT,1
MXI1,DNAJC16,1
MXI1,SLC39A14,1
MXI1,POLR2D,1
MXI1,ITPR2,1
MXI1,POLR2H,1
MXI1,TRAF6,1
MXI1,AP1M2,1
MXI1,CAMK2D,1
MXI1,IMPAD1,1
MXI1,ANKRD26,1
MXI1,WDFY1,1
MXI1,ECHDC1,1
MXI1,KLF7,1
MXI1,CPVL,1
MXI1,OSBPL10,1
MXI1,NFATC3,1
MXI1,EXOSC3,1
MXI1,EXO1,1
MXI1,MYOCD,1
MXI1,SEMA6D,1
MXI1,SEMA6A,1
MXI1,DDHD2,1
MXI1,EOMES,1
MXI1,ZNF92,1
MXI1,ERLEC1,1
MXI1,SETD7,1
MXI1,AFF4,1
MXI1,FAM162A,1
MXI1,RCHY1,1
MXI1,TFAP2A,1
MXI1,RBMX,1
MXI1,ANXA3,1
MXI1,GPR108,1
MXI1,BAMBI,1
MXI1,RRAGD,1
MXI1,PHF21A,1
MXI1,PIM2,1
MXI1,TOP2A,1
MXI1,SDC2,1
MXI1,PAQR3,1
MXI1,UPF3B,1
MXI1,STK38L,1
MXI1,TMSB15B,1
MXI1,TCN2,1
MXI1,BRWD1,1
MXI1,DYNC1I1,1
MXI1,NRP2,1
MXI1,E2F4,1
MXI1,CER1,1
MXI1,PLEKHA6,1
MXI1,ZNF764,1
MXI1,MCM5,1
MXI1,ZNF239,1
MXI1,SPRY2,1
MXI1,ARHGAP42,1
MXI1,ANKRD44,1
MXI1,VRK1,1
MXI1,PARP1,1
MXI1,MOB3B,1
MXI1,GPSM2,1
MXI1,DNA2,1
MXI1,MLLT3,1
MXI1,TRIP13,1
MXI1,S100A10,1
MXI1,EPHA2,1
MXI1,SEMA3A,1
MXI1,BHLHB9,1
MXI1,VHL,1
MXI1,CDKN3,1
MXI1,DPY19L1,1
MXI1,TMEM39A,1
MXI1,WLS,1
MXI1,CPD,1
MXI1,NOB1,1
MXI1,INSIG2,1
MXI1,KLHL24,1
MXI1,TLE3,1
MXI1,CDC6,1
MXI1,RRN3,1
MXI1,ZNF398,1
MXI1,TSPAN12,1
MXI1,KIAA1324L,1
MXI1,SMYD2,1
MXI1,CNKSR3,1
MXI1,NDC80,1
MXI1,RAD51,1
MXI1,SOX4,1
MXI1,CEBPZ,1
MXI1,EGR1,1
MXI1,MDM4,1
MXI1,MAN1A1,1
MXI1,MAML3,1
MXI1,NONO,1
MXI1,HECA,1
MXI1,FNDC3B,1
MXI1,STAT2,1
MXI1,SNX18,1
MXI1,MICU1,1
MXI1,TEAD4,1
MXI1,RHOBTB3,1
MXI1,LIG4,1
MXI1,ZKSCAN1,1
MXI1,XRN1,1
MXI1,ETV3,1
MXI1,EHD3,1
MXI1,GPC6,1
MXI1,BBS4,1
MXI1,ACTL6A,1
BCL11A,PAM,1
BCL11A,KLF6,1
BCL11A,TJP2,1
BCL11A,NUP54,1
BCL11A,TCF7L1,1
BCL11A,USP44,1
BCL11A,LIN28A,1
BCL11A,TYRO3,1
BCL11A,SNX16,1
BCL11A,HIST1H1B,1
BCL11A,SFRP2,1
BCL11A,PSMD9,1
BCL11A,CER1,1
BCL11A,ZNF3,1
BCL11A,KAT6A,1
TRIM28,PGAP1,0
MLLT3,TTC39C,0
STAT3,LMO2,0
ZFP42,TRPC4,0
EOMES,ZNF124,0
FOXH1,TPD52L2,0
LEF1,ODF2,0
SMAD2,CCNE2,0
GATA2,OAS1,0
NANOG,PPARGC1B,0
NANOG,TLR4,0
LEF1,ELOVL2,0
TCF4,ABLIM1,0
EOMES,SRSF6,0
DNMT3B,ZNF317,0
MLLT3,SHOX2,0
HAND2,MYOF,0
GATA2,CADM1,0
TCF4,MYBL2,0
SNAI2,CA14,0
STAT3,LIPG,0
JUND,NR3C1,0
KLF5,E2F7,0
GATA2,TBX3,0
GATA4,TXLNG,0
STAT3,NTS,0
KLF5,BMP4,0
TCF4,TBX20,0
GATA4,S100A10,0
LEF1,MAGEH1,0
LEF1,DKK3,0
GATA6,RAD51,0
LEF1,DAB1,0
FOXP1,FBXO5,0
GATA4,CREB3L4,0
GATA3,SPIB,0
BCL11A,ACTL6A,0
TP53,TBX3,0
AR,CCDC81,0
FOXH1,POLQ,0
GATA6,RND3,0
SMAD2,BTF3,0
CTNNB1,UHRF1,0
FOXP1,GEMIN6,0
HAND2,COL5A2,0
MXI1,NBPF10,0
BCL11A,ID3,0
EOMES,MANEA,0
CTNNB1,NFAT5,0
SMAD2,CCDC81,0
EOMES,URB2,0
LEF1,SLC7A8,0
GATA6,TCF4,0
STAT3,SMAD5,0
TP53,DAB2,0
GATA6,TRERF1,0
KLF5,ITM2A,0
GATA6,TRIM33,0
FOXP1,LRAT,0
TCF4,NUP35,0
GATA3,FAM126B,0
SMAD2,FLI1,0
KLF5,FAM208A,0
AR,HAS2,0
ZFP42,NCOA6,0
KLF5,CGNL1,0
TP53,FXR1,0
GATA6,CLDN7,0
STAT3,IGDCC4,0
TCF4,ANKRD13C,0
POU5F1,SAMD8,0
BCL11A,AMN1,0
EOMES,IGSF3,0
NANOG,LMO2,0
TEAD4,PODXL,0
EGR1,CPVL,0
GATA3,CRABP2,0
MXI1,SERTAD2,0
TCF4,XRCC6,0
TEAD4,PDLIM3,0
TCF4,NFATC3,0
DNMT3B,NFIB,0
EZH2,RUVBL1,0
TP53,MFN2,0
SOX2,GCNT1,0
GATA3,RPA2,0
FOXH1,CASD1,0
ZFP42,SPIB,0
AR,RABEPK,0
GATA3,MAD2L1,0
GATA2,GATM,0
EZH2,ZNF317,0
FOXP1,PHLDA1,0
TCF4,NOG,0
FOXH1,ST8SIA1,0
SOX17,WDFY1,0
DNMT3B,SRSF1,0
LEF1,MAML3,0
BCL11A,ZFC3H1,0
TRIM28,ACTC1,0
SOX2,CASD1,0
KLF5,BRWD1,0
GATA2,STXBP5,0
MXI1,TMEM87A,0
EZH2,SNRPD1,0
GATA6,UCK2,0
TP53,ANKRD13C,0
AR,RFC4,0
GATA3,LTBP1,0
MLLT3,SOX13,0
TRIM28,TIPARP,0
AR,VPS13C,0
GATA3,DNMT1,0
GATA4,SEL1L,0
TRIM28,CD200,0
CTNNB1,SMARCC1,0
SNAI2,LAMB1,0
KLF5,ANKRD1,0
TP53,ACBD6,0
JUND,TGFB1I1,0
GATA3,TK1,0
DNMT3B,C1GALT1,0
OTX2,DOCK1,0
SOX17,MAP4K3,0
TRIM28,HSPA14,0
CTNNB1,NCOA6,0
SOX17,PRDM1,0
HAND2,POLR2I,0
AR,BHLHB9,0
GATA6,TRIM28,0
KLF5,BTF3,0
AR,HESX1,0
AR,YBX1,0
JUND,PATZ1,0
POU5F1,CCND1,0
DNMT3B,BTG2,0
MLLT3,FLVCR2,0
TRIM28,FZD6,0
FOXP1,LIMD1,0
TEAD4,SYNE2,0
ZFP42,DCAF5,0
BCL11A,ZNF585B,0
ZFP42,DDHD2,0
SMAD2,ITGA4,0
SMAD2,TRAF5,0
PRDM1,SRGAP1,0
MXI1,RTKN2,0
AR,GCA,0
FOXH1,RHOBTB3,0
FOXH1,MXD4,0
PRDM1,B4GALT4,0
KLF5,MPP6,0
GATA3,ARFGAP3,0
AR,POLR1A,0
GATA2,LIPG,0
TCF4,HCFC1,0
AR,GEMIN4,0
HAND2,GALNT11,0
TEAD4,CEP85L,0
EZH2,ETV1,0
GATA6,MCM2,0
SNAI2,ETV3,0
SOX17,CEP192,0
TP53,SCG3,0
TRIM28,FAM126B,0
ZFP42,TRDN,0
EOMES,SPRED2,0
MXI1,ZNF90,0
GATA4,SMARCD1,0
MLLT3,ADAMTS3,0
EOMES,ZNF764,0
TCF4,SRSF6,0
JUND,CD99L2,0
MXI1,ELMO1,0
MXI1,INO80D,0
EOMES,SLC5A6,0
MXI1,PLCB1,0
NANOG,ALYREF,0
POU5F1,GPR83,0
MXI1,CCDC50,0
SOX17,POLR3E,0
ZFP42,DTL,0
STAT3,DAB1,0
PRDM1,GPC6,0
TCF4,SVEP1,0
AR,TMEM38B,0
FOXH1,HDGF,0
PRDM1,UNC5C,0
ZFP42,FRMD6,0
PRDM1,TCEA1,0
EGR1,CTBP1,0
HAND2,AKAP1,0
LEF1,PAQR3,0
LEF1,FLVCR2,0
GATA2,RNF138,0
FOXP1,SLCO2A1,0
GATA2,MCM2,0
EGR1,LYAR,0
TP53,EHMT2,0
BCL11A,DLC1,0
LEF1,FBXO5,0
MXI1,ZNF24,0
EGR1,RAD54L,0
GATA4,TDP2,0
TRIM28,ACTL6A,0
ZFP42,NAA15,0
HAND2,OXTR,0
HAND2,SERHL2,0
AR,YPEL5,0
SNAI2,PLSCR4,0
SOX2,SLITRK2,0
GATA2,LPGAT1,0
HAND2,PALB2,0
STAT3,SATB1,0
TP53,CSRP2,0
ZFP42,ANKRD13A,0
SMAD2,NUDT11,0
SNAI2,DBF4,0
LEF1,CREB3L4,0
BCL11A,FREM1,0
AR,OIP5,0
MLLT3,TRIM37,0
LEF1,ANKMY2,0
ZFP42,ZEB2,0
KLF5,WDR3,0
EGR1,MRPL1,0
PRDM1,TGFB1,0
PRDM1,SEMA5A,0
TCF4,ZSWIM6,0
EGR1,BCLAF1,0
MXI1,KDR,0
KLF5,SLC16A2,0
GATA6,AKAP2,0
JUND,FAM169A,0
EZH2,POLR3E,0
GATA3,KIF2C,0
TP53,MALT1,0
STAT3,RAB31,0
GATA2,B3GNT5,0
PRDM1,PCK2,0
KLF5,ZNF516,0
HAND2,RRAS2,0
CTNNB1,GLDC,0
TCF4,NAP1L3,0
MXI1,BCLAF1,0
MXI1,TFAP4,0
TEAD4,TRIM27,0
BCL11A,NBEAL1,0
BCL11A,CGNL1,0
PRDM1,RUVBL2,0
DNMT3B,RABGAP1L,0
AR,FAM20A,0
KLF5,ANKRD50,0
BCL11A,RNF138,0
SOX17,CEBPZ,0
SMAD2,MRPS9,0
HAND2,RNPS1,0
MXI1,PROM1,0
MXI1,TBX20,0
ZFP42,LAMB1,0
EGR1,COG6,0
TRIM28,METTL1,0
ZFP42,CDCA7L,0
BCL11A,COX10,0
SMAD2,RUVBL1,0
GATA2,LRR1,0
SOX17,OSBPL10,0
POU5F1,UTP14A,0
GATA3,ZNF398,0
TCF4,MDM4,0
TEAD4,CLSTN2,0
ZFP42,MAEA,0
GATA3,GOLGB1,0
EZH2,TK1,0
FOXH1,CCND1,0
CTNNB1,WEE1,0
TP53,FZD6,0
POU5F1,SSX2IP,0
SMAD2,HLA-DRB1,0
MLLT3,CTSK,0
TP53,CTNNB1,0
LEF1,EPCAM,0
SMAD2,POLQ,0
AR,TP53INP1,0
TCF4,ARL4D,0
DNMT3B,CRABP2,0
AR,FOXJ1,0
FOXH1,CASK,0
GATA4,MYOF,0
MXI1,FBN2,0
ZFP42,PDGFA,0
GATA6,CENPK,0
STAT3,EPHB2,0
KLF5,DPF2,0
SNAI2,ENO1,0
CTNNB1,DNMT1,0
AR,ETV4,0
JUND,UPF3B,0
CTNNB1,UBL3,0
LEF1,ABLIM1,0
FOXH1,IFRD2,0
GATA3,SNUPN,0
TRIM28,PA2G4,0
TRIM28,COL4A6,0
KLF5,WDFY1,0
STAT3,NRIP1,0
STAT3,SIRT1,0
TCF4,MCC,0
GATA4,SATB1,0
TCF4,SETBP1,0
GATA3,POLR2M,0
DNMT3B,CBFA2T2,0
DNMT3B,PRDM1,0
GATA3,PITX2,0
BCL11A,COL4A1,0
LEF1,SLC35F1,0
AR,POU5F1,0
STAT3,FRYL,0
BCL11A,RNF13,0
JUND,RBBP8,0
GATA4,ISL1,0
FOXH1,ITGA4,0
GATA3,MAN2A1,0
KLF5,CCND1,0
SNAI2,NUAK1,0
GATA2,ERLEC1,0
MLLT3,CSDE1,0
AR,NTN4,0
SMAD2,COBLL1,0
SOX2,TMEM38B,0
NANOG,POLB,0
GATA6,NHSL1,0
SOX2,METAP1,0
GATA2,BTBD10,0
FOXH1,RSPO3,0
BCL11A,SYT1,0
TEAD4,RBM14,0
GATA6,DNAJC9,0
BCL11A,UTP14A,0
FOXP1,SATB1,0
TCF4,ZWILCH,0
ZFP42,TRIP6,0
LEF1,GEMIN6,0
FOXP1,EZH2,0
EGR1,VASH2,0
KLF5,GALC,0
ZFP42,THYN1,0
KLF5,TIPARP,0
OTX2,STK38L,0
EGR1,PKIG,0
MLLT3,FBXO34,0
OTX2,PENK,0
POU5F1,BEX2,0
EGR1,STEAP1B,0
ZFP42,HNRNPK,0
GATA3,ETV1,0
KLF5,ACSS3,0
TRIM28,TIMP3,0
TFAP2A,HOXB3,0
NANOG,SERINC3,0
PRDM1,COL4A6,0
EOMES,GNG11,0
HAND2,RNF24,0
TP53,ITM2A,0
GATA4,ITGB3BP,0
TEAD4,ZNF512,0
EOMES,GALNT7,0
EOMES,AADAT,0
MLLT3,SAMD3,0
HAND2,ZBTB10,0
EZH2,CLDN7,0
POU5F1,SIRT1,0
STAT3,PTPRZ1,0
MXI1,SLC7A3,0
STAT3,MRPS9,0
GATA4,FUS,0
SOX17,NFAT5,0
EZH2,ZRANB2,0
AR,COL1A2,0
POU5F1,AMN1,0
MLLT3,MAN1A1,0
TRIM28,ITPR2,0
GATA3,PPP3CA,0
OTX2,LPIN1,0
GATA3,NAV2,0
NANOG,CCDC141,0
TRIM28,FOXK1,0
SNAI2,NUMB,0
GATA4,TLE1,0
TEAD4,YAF2,0
SNAI2,SIX6,0
SOX17,TGFBR1,0
TRIM28,ESPL1,0
EZH2,PCDH10,0
HAND2,DSCAM,0
GATA3,PIP5K1B,0
BCL11A,COLEC12,0
SNAI2,MEF2D,0
JUND,DNAJC16,0
SOX17,ECI2,0
AR,AARS,0
HAND2,PROM1,0
GATA6,TMEM177,0
GATA2,SOX4,0
MXI1,ZNF8,0
POU5F1,DNMT3A,0
TEAD4,MAGEH1,0
FOXH1,DMBX1,0
CTNNB1,DMXL2,0
DNMT3B,H1F0,0
TEAD4,RIPPLY1,0
EGR1,NT5DC3,0
POU5F1,MAPKAPK3,0
EGR1,CYP2S1,0
CTNNB1,NTS,0
FOXH1,FARSB,0
HAND2,SEPHS1,0
GATA2,SMAD6,0
GATA6,HNRNPK,0
OTX2,NFYB,0
CTNNB1,ZNF587,0
EGR1,CHEK2,0
JUND,EIF5A2,0
CTNNB1,MBTD1,0
STAT3,FAM208A,0
TCF4,GLIPR2,0
GATA2,TCOF1,0
POU5F1,NFATC1,0
TP53,DLC1,0
SNAI2,STK38L,0
SNAI2,GCNT2,0
TCF4,U2AF1,0
SOX17,RGPD2,0
PRDM1,GINS2,0
KLF5,TSR2,0
SMAD2,TCOF1,0
STAT3,PLXNA2,0
SOX17,EPB41L3,0
GATA4,VHL,0
LEF1,UHRF1,0
ZFP42,FUBP1,0
TEAD4,LIPG,0
EOMES,SAAL1,0
HAND2,SECISBP2L,0
SOX2,CLDN11,0
MLLT3,KIF2C,0
BCL11A,HELZ,0
ZFP42,AARS,0
PRDM1,GULP1,0
SMAD2,PER3,0
TP53,DOK6,0
GATA2,CDCA2,0
HAND2,OSBPL3,0
TFAP2A,SRSF6,0
DNMT3B,PIK3R5,0
EZH2,SERPINB1,0
ZFP42,TRIP11,0
SOX2,MANEA,0
JUND,COMMD3,0
TRIM28,MME,0
GATA2,PPIC,0
TCF4,ZNF317,0
OTX2,GXYLT1,0
SOX17,RBBP4,0
TP53,EMB,0
BCL11A,IL6ST,0
ZFP42,RAB31,0
TRIM28,ACBD3,0
TP53,ASNS,0
FOXH1,PPIC,0
TP53,MBOAT1,0
AR,RORB,0
POU5F1,SOX3,0
SNAI2,CLCN3,0
DNMT3B,RAD51,0
GATA2,RBPJ,0
SNAI2,TRAF6,0
KLF5,PGAP1,0
PRDM1,FST,0
SNAI2,VSNL1,0
GATA3,GLIPR2,0
ZFP42,ARFGAP3,0
STAT3,ZNF691,0
SOX17,GTF2H2,0
PRDM1,TRDN,0
ZFP42,CD200,0
STAT3,SAAL1,0
SNAI2,ZFC3H1,0
SMAD2,POLA1,0
STAT3,TRAF5,0
ZFP42,HOOK1,0
STAT3,PMAIP1,0
GATA4,CHAC2,0
POU5F1,DNAAF2,0
SMAD2,ESPL1,0
FOXH1,TRIP6,0
SOX2,GPR83,0
EOMES,NBPF10,0
TFAP2A,SIPA1L2,0
SOX2,RFPL2,0
TCF4,NCOA6,0
MXI1,MATN3,0
GATA2,CALB1,0
EGR1,FYTTD1,0
POU5F1,BTBD10,0
TP53,CDCA8,0
GATA2,SOX13,0
MXI1,PTPRM,0
TCF4,NPM1,0
GATA2,MXI1,0
EZH2,SFMBT1,0
MLLT3,HCFC1,0
GATA6,RNF24,0
PRDM1,POLR2A,0
JUND,MGST2,0
FOXP1,KDR,0
CTNNB1,MIB1,0
EZH2,ELMOD2,0
GATA2,KLHL4,0
TCF4,SSB,0
DNMT3B,ERBB4,0
TCF4,MCM6,0
STAT3,GINS2,0
SNAI2,DNAJC16,0
PRDM1,PHC1,0
NANOG,ANKRD44,0
EZH2,BCL11A,0
GATA4,IFT80,0
EGR1,RBM24,0
KLF5,C1GALT1,0
TP53,CDC7,0
FOXH1,AES,0
AR,MRPS30,0
MLLT3,ANKRD13A,0
EZH2,NFIB,0
MLLT3,BEX2,0
SMAD2,NAV2,0
GATA2,ZNF587,0
FOXH1,SAMD3,0
TP53,NAGA,0
OTX2,DNA2,0
BCL11A,RBBP4,0
GATA3,TNFRSF21,0
GATA6,TJP2,0
POU5F1,SLC46A3,0
TCF4,MCM2,0
TP53,TGFBR1,0
POU5F1,MAPK10,0
GATA4,SHISA6,0
GATA6,OSBPL10,0
STAT3,TFB2M,0
GATA2,SLC6A15,0
GATA3,PATZ1,0
SMAD2,IGSF3,0
PRDM1,DNAJC9,0
MLLT3,PTPRZ1,0
BCL11A,RIN2,0
GATA4,TRAF5,0
EOMES,NXT2,0
MXI1,RPA2,0
BCL11A,SNRPD1,0
NANOG,MXRA5,0
ZFP42,EGR1,0
HAND2,EHMT2,0
MLLT3,MAPKAPK3,0
SOX2,SVIL,0
ZFP42,DKK3,0
FOXH1,MEF2D,0
PRDM1,PPAT,0
TRIM28,TNFRSF21,0
TCF4,CEP55,0
TP53,MCCC1,0
GATA3,SART3,0
GATA6,SERPINB6,0
KLF5,GYPB,0
TRIM28,CCDC90B,0
KLF5,CREB3L4,0
TEAD4,ASS1,0
AR,RXRG,0
MLLT3,STEAP1B,0
TEAD4,KDELR3,0
GATA6,RBM47,0
EZH2,TRIM25,0
HAND2,LAP3,0
SMAD2,MAFF,0
ZFP42,NAA25,0
LEF1,YAF2,0
CTNNB1,TAOK3,0
TRIM28,FOXN3,0
BCL11A,PER3,0
GATA4,PLS1,0
AR,DCAF5,0
GATA2,C18ORF21,0
GATA6,LTV1,0
MXI1,POU3F1,0
DNMT3B,NBEAL1,0
GATA4,ZBTB2,0
MLLT3,ACBD6,0
GATA2,MMP2,0
DNMT3B,GATA2,0
TRIM28,NANOG,0
SNAI2,IGDCC4,0
FOXP1,ZNF317,0
TP53,PAIP2B,0
SOX2,CCNE2,0
SNAI2,FLRT2,0
OTX2,TCF7L1,0
SOX17,RFC3,0
STAT3,ALDOC,0
PRDM1,MBOAT1,0
TP53,CAPN2,0
SNAI2,CHD9,0
GATA3,UCK2,0
POU5F1,TRIM33,0
ZFP42,MED14,0
SMAD2,PDE3B,0
STAT3,ANGPT2,0
TP53,CPVL,0
ZFP42,ADD2,0
TP53,OIP5,0
GATA6,KLHL24,0
GATA4,WNT5A,0
NANOG,STX17,0
DNMT3B,B4GALT4,0
POU5F1,NUAK1,0
OTX2,DNAJB14,0
PRDM1,PDE3B,0
TCF4,HDGF,0
FOXP1,RSPO3,0
GATA3,UNC13B,0
GATA4,EPHA4,0
STAT3,CREB3L4,0
STAT3,ERCC6L,0
MLLT3,HSPA14,0
SOX17,HIST1H1B,0
HAND2,PTDSS1,0
SMAD2,ACBD3,0
ZFP42,AHNAK,0
EGR1,CRIM1,0
DNMT3B,KLHL28,0
ZFP42,DSCAM,0
PRDM1,SCO1,0
DNMT3B,TEAD4,0
SNAI2,DPY19L1,0
MLLT3,UBL7,0
LEF1,SFRP2,0
CTNNB1,ERCC6L,0
EOMES,SUPT16H,0
EGR1,IL13RA1,0
ZFP42,CGNL1,0
TEAD4,PRDM14,0
GATA6,TLE2,0
PRDM1,KLHL6,0
AR,CLGN,0
GATA4,VPS13C,0
GATA2,RBM47,0
POU5F1,TRIM35,0
FOXP1,PRDM1,0
TP53,EZH2,0
STAT3,FUBP1,0
TEAD4,TOP2A,0
GATA3,MT1X,0
EOMES,CD99L2,0
TRIM28,NUP54,0
HAND2,GRHL1,0
TEAD4,DENND1A,0
TRIM28,NIP7,0
HAND2,MDM4,0
HAND2,PURA,0
TCF4,ATF6,0
PRDM1,POU3F1,0
STAT3,FN1,0
SOX17,BEX2,0
STAT3,EARS2,0
LEF1,TDRD7,0
HAND2,PPIC,0
CTNNB1,CEP112,0
EOMES,MYO5B,0
FOXP1,HIF3A,0
OTX2,CAMK2D,0
CTNNB1,C2ORF69,0
MLLT3,WDHD1,0
AR,MITF,0
FOXH1,YTHDF3,0
STAT3,AMIGO2,0
BCL11A,FAM117B,0
BCL11A,KLF5,0
CTNNB1,SLC35F1,0
FOXH1,MICU1,0
DNMT3B,PMAIP1,0
LEF1,POU5F1,0
MLLT3,ZHX3,0
STAT3,POU5F1,0
PRDM1,LTBP1,0
PRDM1,ZNF83,0
SNAI2,NIPSNAP1,0
GATA4,UNC13B,0
HAND2,CNKSR3,0
BCL11A,TMEM64,0
GATA3,MAGI3,0
PRDM1,STXBP5,0
TRIM28,ZFP62,0
MXI1,GSC,0
EZH2,ILF2,0
DNMT3B,CD1D,0
SMAD2,RHOBTB3,0
BCL11A,SNUPN,0
SOX2,TSR2,0
SOX2,UBL3,0
CTNNB1,MAN1A1,0
SMAD2,TCF4,0
ZFP42,SLC39A7,0
TRIM28,FLRT3,0
GATA2,SEMA3E,0
EOMES,TMSB15B,0
SOX17,METTL1,0
AR,DBF4,0
TP53,KIF16B,0
SNAI2,CGNL1,0
CTNNB1,CHL1,0
GATA2,NLRP2,0
TEAD4,LIFR,0
MXI1,GNG11,0
LEF1,MIB1,0
TCF4,ANXA3,0
TCF4,PAIP2B,0
GATA3,NDUFC2-KCTD14,0
SMAD2,ZNF142,0
KLF5,DNAAF2,0
ZFP42,OPTN,0
OTX2,KLHL6,0
SMAD2,COG6,0
KLF5,RFXANK,0
JUND,AR,0
EGR1,SNAI2,0
AR,RNF170,0
PRDM1,EIF5A2,0
CTNNB1,SHISA6,0
NANOG,CYP26A1,0
EOMES,C2ORF69,0
CTNNB1,DNAJC11,0
STAT3,EMB,0
TP53,MEF2D,0
MXI1,PSMC3IP,0
ZFP42,UTP14A,0
GATA3,SAMD3,0
HAND2,TSR1,0
GATA2,SOS2,0
TRIM28,GRHL1,0
EOMES,MXD4,0
SOX2,ALDH2,0
GATA3,LYAR,0
SOX2,DDAH1,0
AR,SH3BGRL,0
MXI1,CA2,0
KLF5,UBL3,0
TEAD4,RSPO3,0
CTNNB1,PCDH7,0
SNAI2,XRCC5,0
FOXH1,TRIM2,0
TP53,RFPL2,0
CTNNB1,SDCCAG8,0
EGR1,LAMB1,0
STAT3,TOP2A,0
DNMT3B,NCOA6,0
DNMT3B,LRR1,0
SNAI2,RAVER2,0
SMAD2,VPS13C,0
BCL11A,CYP1B1,0
GATA2,ELMO1,0
POU5F1,SMARCC1,0
ZFP42,CDK6,0
MLLT3,ZNF146,0
LEF1,SHISA6,0
EOMES,OTUD6B,0
MLLT3,COL4A1,0
STAT3,PHB2,0
BCL11A,INO80D,0
OTX2,GPSM2,0
PRDM1,CCNA2,0
SOX17,PLK2,0
SNAI2,CCDC81,0
STAT3,ARRB1,0
OTX2,ZDHHC21,0
SNAI2,EPHA1,0
DNMT3B,ANKZF1,0
LEF1,MCM10,0
PRDM1,BCAT2,0
GATA4,NLRP2,0
EGR1,DBF4,0
POU5F1,LRIG3,0
POU5F1,KLHL4,0
LEF1,SPP1,0
KLF5,FRYL,0
POU5F1,ZEB1,0
EGR1,HOPX,0
DNMT3B,TMSB15B,0
CTNNB1,TYRO3,0
EZH2,UCK2,0
NANOG,ZFYVE16,0
TP53,FAM169A,0
LEF1,NOP16,0
TEAD4,MCM3,0
GATA3,HLA-DRB1,0
POU5F1,FN1,0
TRIM28,SENP7,0
EGR1,XPO5,0
SOX17,SULF2,0
JUND,POLQ,0
TP53,WLS,0
EGR1,SETD7,0
BCL11A,RFC3,0
HAND2,NPFFR2,0
SOX17,SENP7,0
FOXP1,POLR2I,0
DNMT3B,ANGPT2,0
SNAI2,ZFHX3,0
BCL11A,HNRNPAB,0
TCF4,TTC39B,0
GATA3,ABLIM1,0
FOXH1,LRP12,0
CTNNB1,BCAT2,0
SNAI2,SLA2,0
PRDM1,MAK16,0
TRIM28,HPS5,0
NANOG,STIM2,0
ZFP42,ELMOD2,0
KLF5,PPM1H,0
TEAD4,BOD1,0
MLLT3,ACTC1,0
EGR1,SCD5,0
LEF1,TDP2,0
AR,POLR2I,0
TRIM28,PTDSS1,0
TP53,FREM1,0
TRIM28,PRKACB,0
KLF5,CDCA2,0
DNMT3B,NAA25,0
CTNNB1,DOK6,0
SOX17,ZNF516,0
STAT3,MALT1,0
GATA2,CA2,0
PRDM1,OTX2,0
PRDM1,TLE3,0
ZFP42,FREM1,0
TP53,GPSM2,0
SOX2,ETS1,0
TFAP2A,GTF3C4,0
HAND2,NOC3L,0
SOX17,MME,0
FOXH1,TRIM27,0
MXI1,TGFB1,0
STAT3,DSCAM,0
GATA2,CCNA2,0
GATA4,ZNF160,0
SOX17,BTG2,0
GATA3,SHOX2,0
JUND,ZFP36L2,0
STAT3,RPP40,0
CTNNB1,C1GALT1,0
DNMT3B,HOOK1,0
SOX2,SOX7,0
SNAI2,C18ORF21,0
PRDM1,NLRP2,0
GATA4,MAD2L1,0
POU5F1,ANKRD13C,0
GATA6,TRIP13,0
TP53,SMARCD1,0
POU5F1,MED16,0
HAND2,ANXA3,0
ZFP42,BNIP3,0
TFAP2A,DKK4,0
ZFP42,PHB2,0
EGR1,FAM83D,0
BCL11A,RPE,0
POU5F1,PLK1,0
AR,NBPF10,0
GATA6,TWISTNB,0
EZH2,TMEM126B,0
SOX2,CRABP2,0
DNMT3B,MED12L,0
NANOG,SOX17,0
FOXH1,CD1D,0
DNMT3B,ERLEC1,0
POU5F1,RNF138,0
LEF1,POLR2M,0
SNAI2,MSX1,0
LEF1,GYPA,0
AR,ZNF202,0
TP53,MLLT3,0
MLLT3,ITCH,0
SOX2,GPX7,0
EGR1,LGR5,0
KLF5,CALB1,0
SMAD2,DOK4,0
PRDM1,EWSR1,0
GATA3,C18ORF21,0
GATA4,RAVER2,0
EZH2,KIF2C,0
SMAD2,ASS1,0
POU5F1,POLR2M,0
GATA6,LBH,0
POU5F1,TMEM177,0
PRDM1,PAWR,0
NANOG,RAI1,0
MXI1,DMXL2,0
ZFP42,TMOD1,0
CTNNB1,LDB2,0
AR,PLCE1,0
LEF1,RNPS1,0
SNAI2,XRN1,0
LEF1,ADAMTS3,0
LEF1,CDCA7L,0
SNAI2,DNAJC2,0
KLF5,CAMK2D,0
CTNNB1,DEK,0
NANOG,PMP22,0
BCL11A,MLLT3,0
POU5F1,DUSP4,0
BCL11A,DNMT1,0
CTNNB1,GCA,0
FOXP1,ENOPH1,0
GATA6,BBS2,0
GATA2,SHOX2,0
SOX2,NUP35,0
ZFP42,ADAMTS3,0
EGR1,ZNF471,0
OTX2,GLRX,0
KLF5,RNF138,0
OTX2,B4GALT4,0
SMAD2,COL4A2,0
AR,PLAU,0
ZFP42,MSX1,0
DNMT3B,MND1,0
SOX2,PPAT,0
EOMES,BEX2,0
TP53,EXOSC3,0
GATA3,NIN,0
TP53,MEX3C,0
GATA3,ANKRD50,0
MLLT3,LDB2,0
TP53,KRCC1,0
CTNNB1,GPM6B,0
KLF5,E2F4,0
SMAD2,PARN,0
SNAI2,RCOR3,0
GATA4,ARHGAP42,0
CTNNB1,HDAC9,0
GATA2,ASS1,0
ZFP42,NKX3-1,0
TP53,ETS1,0
CTNNB1,NFE2L3,0
HAND2,ETV1,0
EZH2,TIPIN,0
PRDM1,PIM2,0
TRIM28,RGMB,0
ZFP42,ANKRD50,0
GATA6,CDK6,0
FOXP1,SOS2,0
CTNNB1,B3GNT5,0
CTNNB1,SIPA1L2,0
MLLT3,OTUD6B,0
EZH2,MED14,0
STAT3,LIX1,0
JUND,ZNF471,0
BCL11A,RCOR3,0
DNMT3B,PTDSS1,0
STAT3,RBM12,0
EOMES,SLC7A8,0
FOXP1,STK17B,0
TCF4,ACBD3,0
HAND2,CAP2,0
ZFP42,NONO,0
FOXH1,GOLGB1,0
LEF1,TMEM131,0
BCL11A,HECA,0
TEAD4,APEX1,0
SNAI2,AHNAK,0
NANOG,APBB1,0
GATA6,MAGI3,0
FOXH1,CCPG1,0
LEF1,PROSER1,0
CTNNB1,STXBP5,0
POU5F1,JUND,0
GATA2,RIOK1,0
OTX2,SCO1,0
HAND2,FZD7,0
FOXH1,MEIS2,0
GATA6,PSMD9,0
DNMT3B,LGR4,0
STAT3,MPHOSPH6,0
KLF5,DSCC1,0
GATA3,PSIP1,0
PRDM1,ARHGAP42,0
CTNNB1,AHNAK,0
GATA4,PTPRM,0
TRIM28,CNTRL,0
TP53,CREB3L2,0
SMAD2,PAM,0
SOX2,IGDCC4,0
EOMES,PNPLA8,0
EZH2,FAM83D,0
GATA6,IMP4,0
LEF1,TOP2A,0
EZH2,NCAPG,0
MLLT3,MALT1,0
GATA3,NEDD9,0
FOXH1,ZNF93,0
TP53,CDC14B,0
GATA6,NXT2,0
GATA3,POU2F2,0
GATA6,MCM6,0
GATA6,HAS2,0
TRIM28,POLR2K,0
ZFP42,STIM2,0
PRDM1,HPRT1,0
MLLT3,TWIST1,0
POU5F1,ALDH2,0
EOMES,TYRO3,0
MXI1,TRIM22,0
TP53,FLRT3,0
CTNNB1,MYOF,0
EGR1,VRK1,0
TRIM28,SNX16,0
FOXH1,MYBL2,0
BCL11A,ENO1,0
NANOG,CD99L2,0
CTNNB1,ILF2,0
DNMT3B,FOXH1,0
TRIM28,JUND,0
LEF1,GLDC,0
ZFP42,CA2,0
FOXH1,GRP,0
EZH2,IL13RA1,0
TP53,DDAH1,0
GATA6,CHEK2,0
GATA2,NIPSNAP3A,0
KLF5,ZNF239,0
GATA2,MCM7,0
LEF1,KDELR3,0
DNMT3B,STK17B,0
EGR1,RBBP4,0
STAT3,LUM,0
NANOG,SULF2,0
GATA6,SEL1L,0
TCF4,METTL1,0
SNAI2,TRIP11,0
SNAI2,ASB9,0
ZFP42,HOXB3,0
FOXP1,PIP4K2A,0
LEF1,WDR35,0
GATA6,HMGN2,0
FOXP1,LUM,0
MXI1,PROSER1,0
EZH2,ARID5B,0
STAT3,TXLNG,0
HAND2,TMSB15B,0
TRIM28,MAN1A1,0
TP53,SLCO2A1,0
LEF1,FUT8,0
TCF4,CEP192,0
MLLT3,FXR1,0
BCL11A,GABRB2,0
GATA4,RALB,0
ZFP42,CPE,0
FOXH1,ACBD6,0
TCF4,MEF2D,0
AR,GALNT7,0
TCF4,FST,0
TCF4,EMB,0
ZFP42,HECA,0
AR,SLC35F1,0
SOX2,VPS13C,0
JUND,MORC4,0
STAT3,STXBP5,0
SOX2,ELMOD2,0
FOXH1,CNBP,0
ZFP42,S1PR3,0
OTX2,ANKRD1,0
TRIM28,JPH1,0
MLLT3,GPC6,0
FOXH1,ZNF521,0
MLLT3,WDR5,0
FOXP1,MRPS9,0
ZFP42,ANKRD1,0
POU5F1,PBXIP1,0
MLLT3,UHRF1,0
OTX2,FARSB,0
GATA3,GYPB,0
BCL11A,PRKACB,0
FOXH1,COG6,0
GATA2,PAQR3,0
AR,BCLAF1,0
TRIM28,BTF3,0
MXI1,GXYLT1,0
PRDM1,SEL1L,0
SNAI2,CPD,0
FOXP1,SLC39A8,0
SOX17,ITGAV,0
TRIM28,ZNF124,0
TP53,COL4A6,0
DNMT3B,MAK16,0
EOMES,CCNA2,0
BCL11A,HMGN2,0
SOX17,GABRB3,0
CTNNB1,SMYD2,0
TP53,RIPPLY1,0
NANOG,KIF11,0
MXI1,ARMC4,0
PRDM1,CEP112,0
EGR1,IGDCC4,0
GATA2,VSIG10,0
TRIM28,SEMA3E,0
DNMT3B,CYP2S1,0
SNAI2,ADAMTS3,0
SMAD2,TLR4,0
SMAD2,TFDP1,0
POU5F1,MLLT3,0
SOX2,SLC16A2,0
MXI1,UPF1,0
FOXH1,MPHOSPH6,0
STAT3,PREPL,0
POU5F1,GSC,0
GATA6,ILF3,0
CTNNB1,OAS1,0
TP53,GATA6,0
DNMT3B,LCMT1,0
GATA2,SECISBP2L,0
LEF1,SOX7,0
TRIM28,STK38L,0
TCF4,PRIM1,0
GATA2,SH3BGRL2,0
TP53,ANKRD44,0
EOMES,PLK2,0
GATA2,STC1,0
GATA4,SAAL1,0
TP53,PRTG,0
EZH2,POLR2I,0
GATA2,PSMD9,0
LEF1,DDX54,0
TEAD4,PUS7,0
GATA2,ANKRD26,0
TEAD4,GEMIN4,0
GATA3,JAKMIP2,0
GATA6,UCHL3,0
SOX2,ZFPM2,0
PRDM1,IL13RA1,0
MXI1,HAND2,0
LEF1,COG6,0
SMAD2,EEF1A1,0
LEF1,ACSS3,0
GATA2,FNDC3B,0
LEF1,TMEM47,0
GATA6,NTS,0
FOXH1,LZTS1,0
MXI1,PLK1,0
POU5F1,GATM,0
TRIM28,CCDC80,0
EGR1,GLRX,0
FOXP1,HOXB3,0
GATA2,PAIP2B,0
BCL11A,PGR,0
AR,MXRA5,0
TEAD4,BMPER,0
FOXP1,SLITRK2,0
LEF1,BAMBI,0
SOX17,SSX2IP,0
TCF4,ZKSCAN1,0
KLF5,PHLDB2,0
PRDM1,RUNX1,0
EOMES,PARP1,0
TRIM28,MPHOSPH9,0
GATA4,FGF2,0
GATA6,KLHL6,0
TRIM28,NUFIP1,0
STAT3,RCHY1,0
EOMES,CHN1,0
GATA2,MAGEH1,0
MLLT3,MOB3B,0
GATA3,BHLHB9,0
AR,RBM24,0
OTX2,CDCA8,0
STAT3,PPAT,0
TEAD4,MED12L,0
GATA4,TRIM33,0
GATA4,KIF22,0
JUND,TMLHE,0
OTX2,HEG1,0
SOX2,MALT1,0
EZH2,HMGA1,0
MXI1,TRIM35,0
SOX2,SEMA3E,0
NANOG,DOK4,0
LEF1,SYNE2,0
TCF4,PLAGL1,0
GATA6,RUVBL1,0
GATA2,PREPL,0
TP53,HOXB3,0
GATA4,POLR2A,0
KLF5,CDC14B,0
GATA6,HEATR1,0
TEAD4,WLS,0
AR,INPP4A,0
SMAD2,TIAM1,0
BCL11A,ATP11B,0
KLF5,CHAC2,0
KLF5,GYPE,0
BCL11A,TMEM131,0
SMAD2,CSRP2,0
STAT3,TRAPPC8,0
SNAI2,VRK1,0
GATA2,CEP192,0
PRDM1,RAD51,0
AR,MYOCD,0
GATA2,TRPA1,0
STAT3,SLCO2A1,0
TCF4,SNAI1,0
SOX17,DTL,0
TRIM28,IMPAD1,0
GATA4,CCNG2,0
GATA2,MYOF,0
TRIM28,TMEM87B,0
STAT3,CER1,0
PRDM1,UNC5D,0
TEAD4,PIK3R5,0
BCL11A,RBM14,0
TCF4,FOXJ2,0
EZH2,TRPC4,0
BCL11A,FOXJ1,0
JUND,NAP1L3,0
TCF4,MBIP,0
CTNNB1,SRSF10,0
TCF4,ZNF83,0
FOXH1,KAT6A,0
GATA3,NUDT11,0
CTNNB1,HPRT1,0
POU5F1,TMEM38B,0
TRIM28,GPR83,0
JUND,ANKRD28,0
DNMT3B,NTS,0
GATA2,SPRY2,0
OTX2,SOX5,0
FOXH1,HOMER1,0
GATA6,FAM126B,0
AR,MYOF,0
DNMT3B,ZSWIM6,0
FOXP1,TFE3,0
SMAD2,INO80D,0
EZH2,RNF19A,0
BCL11A,MPHOSPH9,0
SNAI2,PJA2,0
MLLT3,MAP7,0
TP53,TNFRSF11B,0
SMAD2,UNC13B,0
TEAD4,KIF1A,0
GATA2,CDCA8,0
EGR1,NXT2,0
GATA2,IAH1,0
CTNNB1,WDFY1,0
TRIM28,CLDN11,0
EGR1,BNIP3,0
MLLT3,BBS2,0
POU5F1,CCPG1,0
OTX2,COL11A1,0
TP53,TMEM47,0
FOXP1,EPHB2,0
LEF1,SCG3,0
SNAI2,YBX1,0
TRIM28,ASXL1,0
AR,OXTR,0
SNAI2,DDAH1,0
EZH2,POLR1C,0
SOX17,PLSCR4,0
SMAD2,STXBP5,0
EZH2,PRKACB,0
TEAD4,SMAD5,0
GATA4,ETS1,0
EOMES,TRERF1,0
POU5F1,FUS,0
KLF5,MAGEH1,0
SMAD2,ETV3,0
SOX17,CDCA7,0
TRIM28,NTS,0
SOX17,CYB5A,0
HAND2,SH3BP5,0
GATA4,ETV1,0
GATA4,SRSF6,0
SOX2,CREB3L4,0
ZFP42,EPHA2,0
LEF1,ZNF92,0
SOX2,ATRX,0
GATA3,CCDC138,0
HAND2,MCCC1,0
OTX2,POLR1B,0
SOX2,FAM208A,0
SMAD2,CCDC6,0
OTX2,SOX2,0
DNMT3B,SFMBT1,0
TP53,POLR2M,0
SNAI2,TNC,0
POU5F1,SMYD5,0
POU5F1,ERBB4,0
SOX2,PPM1K,0
SNAI2,PDGFRA,0
MXI1,NEDD9,0
TP53,MYCN,0
SNAI2,COL1A2,0
CTNNB1,SPRY2,0
STAT3,SPRED2,0
BCL11A,CXXC1,0
FOXP1,LRRN1,0
SOX17,BCLAF1,0
SMAD2,ZNF518B,0
TEAD4,FAM162A,0
TP53,SNAI2,0
TP53,ZNF239,0
NANOG,SFRP1,0
BCL11A,NFIC,0
GATA6,MAFF,0
STAT3,CCNE2,0
SMAD2,LMO2,0
LEF1,AADAT,0
DNMT3B,HNRNPD,0
EZH2,UTP14A,0
TP53,C1GALT1,0
BCL11A,HOOK1,0
SNAI2,MBTD1,0
HAND2,LRAT,0
POU5F1,PGM1,0
PRDM1,TGFB1I1,0
DNMT3B,GEMIN4,0
SOX2,POP5,0
MXI1,FAM20A,0
TP53,ENO2,0
LEF1,PHLDA1,0
GATA4,MRPS9,0
SMAD2,SMYD2,0
DNMT3B,SH3RF1,0
OTX2,TMOD1,0
NANOG,FUS,0
ZFP42,PLXNA2,0
AR,TMSB15B,0
SNAI2,SOX5,0
SOX17,SHOX2,0
SOX17,SMYD2,0
KLF5,NHSL1,0
GATA6,CSDE1,0
GATA6,CCPG1,0
STAT3,FGD6,0
EZH2,STX6,0
EGR1,UPF2,0
GATA4,ALYREF,0
BCL11A,SNAPC3,0
GATA4,MCM7,0
MXI1,IL6ST,0
POU5F1,FAM83D,0
LEF1,TRPS1,0
EZH2,TIMP3,0
STAT3,POP5,0
GATA3,HSPA14,0
SOX2,ZEB1,0
GATA4,NANOG,0
SMAD2,SLC46A3,0
SOX2,RIOK1,0
GATA4,PKIG,0
TEAD4,ZWINT,0
EZH2,SLC29A1,0
FOXH1,DCAF5,0
SMAD2,STEAP1B,0
TEAD4,DDX54,0
GATA6,SYNC,0
POU5F1,SERPINE2,0
FOXH1,GPATCH4,0
LEF1,MMP2,0
GATA2,FOXP1,0
SOX17,HLA-DRB1,0
FOXP1,TGFB1,0
MLLT3,CBR1,0
FOXP1,TGFBR3,0
TEAD4,TRIM22,0
OTX2,LYAR,0
TCF4,OTUD6B,0
GATA4,AFF1,0
PRDM1,CBFA2T2,0
HAND2,MFAP4,0
EOMES,AHNAK,0
FOXH1,NAA15,0
KLF5,NFKBIB,0
SMAD2,FZD6,0
CTNNB1,MAP7,0
LEF1,OIP5,0
AR,EEF1A1,0
NANOG,PRSS35,0
GATA4,PAK1IP1,0
FOXH1,COL4A2,0
GATA6,PRIM1,0
KLF5,RGMB,0
KLF5,MND1,0
OTX2,MYOF,0
KLF5,ZNF30,0
SNAI2,GPATCH4,0
BCL11A,COG6,0
EGR1,KRCC1,0
GATA6,STIM2,0
ZFP42,DPF2,0
SNAI2,MAD2L1,0
STAT3,TGFB1,0
SNAI2,COMMD10,0
ZFP42,IGDCC4,0
ZFP42,GPSM2,0
TEAD4,UNG,0
TP53,LRIG3,0
HAND2,ELL2,0
GATA6,FAM169A,0
SNAI2,PBXIP1,0
TP53,SH3BP5,0
STAT3,UBL3,0
GATA6,TUBA4A,0
DNMT3B,CALCOCO2,0
GATA2,FAM20A,0
KLF5,SEPHS1,0
HAND2,ST8SIA1,0
FOXH1,ESCO2,0
ZFP42,TGFBR3,0
BCL11A,BMPR1A,0
PRDM1,MAN2A1,0
GATA6,DKK4,0
AR,SFPQ,0
SOX17,VPS54,0
FOXH1,FAM135A,0
STAT3,LBH,0
SMAD2,NIP7,0
KLF5,GXYLT1,0
STAT3,GDAP1,0
SNAI2,NBEAL1,0
SOX17,PIK3R5,0
AR,ZNF488,0
SNAI2,NOL11,0
LEF1,DPF2,0
EOMES,CEP290,0
TP53,FTSJ3,0
GATA4,FOXN3,0
MLLT3,TRIP6,0
GATA2,ASH2L,0
BCL11A,TDRD7,0
EZH2,TRIP13,0
DNMT3B,TDRD7,0
GATA6,KIAA1841,0
ZFP42,PARN,0
EZH2,IMP4,0
SMAD2,ATP2B4,0
GATA6,TP53INP1,0
EOMES,PPARGC1B,0
MLLT3,MYBL2,0
POU5F1,ZHX3,0
LEF1,MAD2L1,0
GATA4,FUBP1,0
SOX2,TTC4,0
FOXH1,MYOF,0
NANOG,TSR2,0
STAT3,CASD1,0
PRDM1,TOP2A,0
FOXH1,BEX2,0
PRDM1,SH3PXD2A,0
SNAI2,COMMD3-BMI1,0
JUND,NFATC3,0
SMAD2,SEPHS1,0
MLLT3,TNFRSF21,0
GATA3,INPP4A,0
TCF4,ZFYVE16,0
SOX2,LGR5,0
GATA2,WWTR1,0
TRIM28,BNIP3,0
AR,SERHL2,0
ZFP42,XPO5,0
CTNNB1,YAF2,0
TRIM28,PIP4K2A,0
BCL11A,PNRC1,0
ZFP42,LRR1,0
GATA2,ACSS3,0
TP53,HELZ,0
MXI1,VANGL1,0
TRIM28,CLU,0
DNMT3B,MAPK10,0
MLLT3,APEX1,0
SOX17,ARHGAP28,0
ZFP42,PFKFB2,0
SOX2,NDC80,0
CTNNB1,ACTC1,0
GATA2,SFRP1,0
JUND,TLE3,0
FOXP1,ODC1,0
ZFP42,FN1,0
GATA2,POLR2K,0
HAND2,SKA3,0
AR,ZWINT,0
FOXP1,SLC7A8,0
MXI1,PRIM1,0
SOX17,FZD5,0
SOX17,UTP14A,0
MLLT3,SEMA6D,0
EZH2,DCAF6,0
PRDM1,IGDCC4,0
BCL11A,TFE3,0
EZH2,ALCAM,0
GATA6,GSC,0
GATA3,POU2F1,0
MLLT3,ACAD8,0
FOXP1,PTDSS1,0
MXI1,TMEM38B,0
GATA4,FXR1,0
ZFP42,HSD17B11,0
LEF1,SDC2,0
POU5F1,CDCA5,0
FOXH1,NCAPG,0
BCL11A,CLGN,0
FOXP1,PCDH10,0
AR,SART3,0
OTX2,ANXA3,0
TP53,DMXL2,0
PRDM1,IFI16,0
OTX2,SSB,0
FOXH1,TIMM21,0
MXI1,FZD6,0
TP53,CYP26A1,0
NANOG,CLCN4,0
CTNNB1,ELOVL2,0
TCF4,HECW2,0
BCL11A,SHISA6,0
HAND2,ABLIM1,0
BCL11A,RAD54L,0
TEAD4,ZFPM2,0
TEAD4,POLR2G,0
SOX17,NIPSNAP1,0
EZH2,SLC7A3,0
PRDM1,RAE1,0
GATA3,NREP,0
NANOG,SNAI1,0
HAND2,STXBP5,0
STAT3,SLC39A11,0
FOXP1,HSD17B11,0
BCL11A,GRHL2,0
POU5F1,SERPINB1,0
STAT3,ACTC1,0
FOXH1,MAT2B,0
GATA6,MALT1,0
SNAI2,MALT1,0
EZH2,VIM,0
SNAI2,ELK3,0
EZH2,CYB5A,0
GATA4,SFMBT1,0
HAND2,ACTC1,0
DNMT3B,CHN1,0
DNMT3B,MAP7,0
GATA6,THYN1,0
SOX17,ENC1,0
GATA3,RAD51,0
SMAD2,ECHDC1,0
GATA2,SEMA6D,0
SMAD2,VAMP7,0
GATA2,SDC2,0
OTX2,ARID5B,0
CTNNB1,OPTN,0
POU5F1,BCAR3,0
SOX17,NAA15,0
SMAD2,CNTRL,0
POU5F1,ZNF30,0
CTNNB1,MEX3C,0
TEAD4,FRZB,0
AR,POU2F2,0
GATA2,SLC5A6,0
KLF5,STX12,0
SNAI2,DLGAP5,0
FOXP1,ENO2,0
SNAI2,DNMT3A,0
BCL11A,PARN,0
FOXP1,POLR1A,0
SNAI2,NLGN4X,0
STAT3,NHSL1,0
BCL11A,MITF,0
SMAD2,RPE,0
EGR1,AKAP1,0
FOXP1,MAMLD1,0
SOX17,RBM14,0
AR,HPS5,0
NANOG,SYNE2,0
SOX2,DNAAF2,0
AR,METTL1,0
NANOG,MANEA,0
AR,TMEM131,0
MXI1,VSIG10,0
ZFP42,RHOBTB3,0
GATA6,IFT80,0
FOXP1,CCDC141,0
TFAP2A,ALPK2,0
NANOG,HELZ,0
KLF5,ARID3A,0
SNAI2,DYNC1I1,0
GATA6,TRPS1,0
GATA6,TTC4,0
SNAI2,U2AF1,0
SMAD2,CD200,0
FOXH1,ZNF146,0
GATA6,ARMC4,0
EZH2,MAK16,0
TEAD4,MYOF,0
STAT3,RBFOX2,0
ZFP42,COMMD10,0
TRIM28,GLIPR2,0
MLLT3,MCM3,0
HAND2,PAK1IP1,0
DNMT3B,ENOPH1,0
SOX17,CASK,0
EZH2,WNT5A,0
TRIM28,HESX1,0
GATA3,ADD2,0
GATA3,COL5A2,0
SNAI2,PROM1,0
TCF4,SNAPC3,0
STAT3,CBFA2T2,0
DNMT3B,PRTG,0
HAND2,BEX2,0
TRIM28,URB2,0
FOXH1,EMB,0
SMAD2,PRTG,0
TP53,FIG4,0
OTX2,HS3ST1,0
SNAI2,HESX1,0
LEF1,TIPIN,0
POU5F1,THYN1,0
GATA4,DLC1,0
MXI1,ZWINT,0
CTNNB1,NRIP1,0
CTNNB1,WDR12,0
KLF5,LHX1,0
OTX2,ZFP42,0
FOXP1,OSBPL10,0
SOX17,FIG4,0
EOMES,AES,0
AR,PLK2,0
HAND2,TPD52L2,0
FOXH1,NBEAL1,0
AR,ECHDC1,0
DNMT3B,ENO1,0
MLLT3,EHMT2,0
FOXP1,FOXD3,0
GATA6,ZNF219,0
TP53,ESCO2,0
FOXH1,APOBEC3C,0
SMAD2,SPP1,0
MXI1,CLDN11,0
AR,NFIA,0
EZH2,OSBPL10,0
PRDM1,RMI1,0
EGR1,TMF1,0
EGR1,PBX1,0
SMAD2,GALM,0
FOXH1,MDM4,0
POU5F1,ALDOC,0
SMAD2,DDAH1,0
SNAI2,S1PR3,0
TP53,AKAP2,0
SOX17,PRPS2,0
GATA4,NCAPG,0
FOXH1,ITCH,0
OTX2,UCK2,0
FOXH1,TRIM33,0
SNAI2,CTSK,0
DNMT3B,SOX17,0
BCL11A,GLMN,0
FOXH1,PCDH7,0
SOX17,MAPKAPK3,0
SOX2,PCDH17,0
CTNNB1,ELMO1,0
KLF5,PGR,0
KLF5,MEX3C,0
POU5F1,LTV1,0
EOMES,TRIM22,0
GATA4,EPCAM,0
SOX17,ZNF142,0
STAT3,KLHL24,0
SMAD2,CBR1,0
ZFP42,DYNC1I1,0
HAND2,CDCA7L,0
STAT3,TMEM87B,0
FOXH1,E2F3,0
SOX17,MAN1A1,0
LEF1,ETS1,0
DNMT3B,MBOAT1,0
KLF5,KIF23,0
KLF5,PALB2,0
KLF5,NBPF14,0
GATA4,NFYB,0
BCL11A,HIF1A,0
NANOG,HECA,0
SMAD2,PLK2,0
BCL11A,GULP1,0
GATA3,PDE4D,0
TCF4,CTBP1,0
GATA2,DAAM1,0
NANOG,EZH2,0
DNMT3B,DAB1,0
CTNNB1,DYNC2LI1,0
CTNNB1,STEAP1B,0
PRDM1,UBTF,0
ZFP42,ATP2B4,0
EGR1,CAP2,0
CTNNB1,ZKSCAN1,0
TP53,RHOBTB3,0
SMAD2,GAD1,0
MXI1,NFAT5,0
KLF5,CCDC138,0
SNAI2,BBS4,0
GATA2,TTC39B,0
PRDM1,CLDN10,0
TP53,NEDD9,0
TCF4,RAD54L,0
GATA4,BRWD1,0
SOX2,NOL11,0
TEAD4,SYNC,0
POU5F1,ANKZF1,0
GATA4,SLC5A6,0
EZH2,SNX14,0
FOXH1,AHNAK,0
AR,PRTG,0
SOX17,POLR2A,0
TRIM28,TUBE1,0
POU5F1,NRIP1,0
ZFP42,DUSP4,0
TP53,CEP55,0
TRIM28,VSNL1,0
GATA3,ANKRD18B,0
SNAI2,SVIL,0
ZFP42,MAGEH1,0
SOX2,ALDOC,0
LEF1,RCHY1,0
BCL11A,DBF4,0
CTNNB1,HOXB3,0
EZH2,ZNF202,0
GATA2,FAM120AOS,0
ZFP42,PRSS35,0
KLF5,TCF19,0
POU5F1,MAD2L1,0
TEAD4,ITGA5,0
HAND2,CYP26A1,0
KLF5,VANGL1,0
DNMT3B,RBFOX2,0
SOX17,ERCC6L,0
TP53,NHLH2,0
DNMT3B,ZBTB10,0
TEAD4,VANGL1,0
DNMT3B,MEX3C,0
MLLT3,TSPAN12,0
LEF1,FOXK1,0
EZH2,ZDHHC2,0
DNMT3B,CDC7,0
TP53,SMAD6,0
ZFP42,FRYL,0
TCF4,PLAGL2,0
FOXP1,SOX13,0
BCL11A,ATRX,0
BCL11A,ZKSCAN1,0
STAT3,RABEPK,0
DNMT3B,E2F7,0
PRDM1,XRN1,0
STAT3,HPS5,0
JUND,RAB31,0
TRIM28,HS3ST1,0
GATA2,LCMT1,0
FOXH1,KDELR3,0
AR,PDE4D,0
AR,TFAP4,0
EGR1,EZH2,0
GATA6,GATAD2A,0
BCL11A,NHSL1,0
EZH2,ZNF585B,0
BCL11A,POU2F2,0
HAND2,LPIN1,0
FOXP1,CA14,0
CTNNB1,ZNF239,0
SMAD2,RAD54L,0
EZH2,E2F3,0
DNMT3B,UTP15,0
SNAI2,SSB,0
STAT3,DBF4,0
TRIM28,RPP40,0
FOXH1,GPSM2,0
LEF1,FOXP1,0
EZH2,MANEA,0
GATA6,CCDC90B,0
GATA4,BNIP3,0
GATA6,CEP290,0
SOX2,PGM1,0
HAND2,DPY19L1,0
SOX17,FUBP1,0
EGR1,TRPA1,0
DNMT3B,UPF2,0
AR,UPF1,0
BCL11A,SAAL1,0
NANOG,DENND1A,0
FOXH1,GPR83,0
POU5F1,RFPL2,0
PRDM1,GATA4,0
TP53,PPT2,0
SOX2,GYPA,0
SOX17,HSD17B11,0
AR,NRIP1,0
POU5F1,PRKACB,0
POU5F1,PMAIP1,0
AR,POLR2M,0
EZH2,SLC18B1,0
CTNNB1,ARHGAP29,0
GATA4,TRAPPC8,0
SOX17,RALB,0
SOX17,SEMA3E,0
DNMT3B,PPARA,0
CTNNB1,FER,0
PRDM1,DKK3,0
MLLT3,NXF1,0
GATA6,GGCT,0
POU5F1,CPD,0
TRIM28,SLCO2A1,0
GATA2,ZHX3,0
TEAD4,RORB,0
MLLT3,CBFA2T2,0
PRDM1,COL5A1,0
GATA3,FOXJ1,0
EOMES,SLC35A3,0
BCL11A,OSBPL3,0
PRDM1,CPSF3,0
KLF5,SPP1,0
GATA6,PHLDA1,0
SOX2,DBF4,0
ZFP42,HIST1H1B,0
NANOG,ZNF219,0
TRIM28,RNF13,0
HAND2,NIPSNAP1,0
MLLT3,FAM162A,0
SNAI2,ELAVL2,0
TEAD4,NLRP2,0
GATA2,PARP1,0
SOX2,CPD,0
EGR1,CDK6,0
TCF4,PLK1,0
EGR1,EMB,0
DNMT3B,TBX20,0
PRDM1,RAD54L,0
MXI1,LRR1,0
FOXH1,FAM126B,0
TCF4,CRX,0
POU5F1,SOX2,0
PRDM1,PFKFB2,0
GATA6,PLAGL2,0
TEAD4,DACH1,0
OTX2,NIN,0
TP53,FAM126A,0
GATA4,MAP7,0
FOXP1,RAE1,0
GATA3,SORL1,0
PRDM1,KLF5,0
HAND2,SOX2,0
ZFP42,ERLEC1,0
STAT3,RCAN2,0
CTNNB1,CCNG2,0
EOMES,ITGAV,0
CTNNB1,SEC11C,0
CTNNB1,NFKBIB,0
TCF4,TMEM87B,0
DNMT3B,PMP22,0
POU5F1,ZBTB38,0
PRDM1,CGNL1,0
GATA4,TRIM35,0
STAT3,RNF13,0
CTNNB1,TUBE1,0
TRIM28,VIM,0
GATA6,SH3RF1,0
EZH2,ADAMTS3,0
AR,BCAS2,0
SOX2,NTS,0
CTNNB1,UNC5C,0
BCL11A,DYNC2LI1,0
AR,CCNA2,0
SMAD2,POLR2G,0
GATA4,LGR4,0
SNAI2,TMEM131,0
GATA3,PTPRM,0
PRDM1,ITM2A,0
TCF4,CSRP2,0
TCF4,PHB2,0
STAT3,SOX13,0
STAT3,GATA3,0
FOXH1,GLMN,0
TRIM28,MAML3,0
ZFP42,TGFB1I1,0
ZFP42,CCDC90B,0
BCL11A,SEC11C,0
EOMES,EPHA4,0
EOMES,MYBL2,0
BCL11A,MED14,0
LEF1,PLAGL1,0
EGR1,NBPF14,0
POU5F1,LRRCC1,0
PRDM1,HOXB3,0
LEF1,UBTF,0
FOXH1,BTBD10,0
JUND,RNF170,0
KLF5,COLEC12,0
EGR1,ESRRG,0
PRDM1,MXI1,0
PRDM1,LPGAT1,0
HAND2,FOXN3,0
CTNNB1,CDH11,0
POU5F1,FST,0
STAT3,EEF1A1,0
MXI1,PATZ1,0
LEF1,SYT1,0
EOMES,SOX4,0
NANOG,TRIM27,0
AR,XPO5,0
GATA2,TGFBR1,0
OTX2,EPHA4,0
NANOG,WWP1,0
EZH2,GABRB3,0
DNMT3B,SH2B3,0
HAND2,GDAP1,0
CTNNB1,PLK1,0
NANOG,SLC36A4,0
MLLT3,TRIAP1,0
CTNNB1,KDELR3,0
TRIM28,TMOD1,0
GATA4,RAD50,0
STAT3,CALCOCO1,0
TP53,NECAP2,0
DNMT3B,GPX7,0
FOXH1,OTUD6B,0
DNMT3B,CLSTN2,0
TP53,RBM12,0
STAT3,JAKMIP2,0
HAND2,MEIS2,0
TRIM28,SERHL2,0
POU5F1,GLMN,0
SOX17,GLDC,0
TP53,PTDSS1,0
GATA3,TGFB1I1,0
HAND2,TFAP4,0
MLLT3,DECR1,0
GATA4,JAKMIP2,0
CTNNB1,APBB1,0
HAND2,FBN1,0
OTX2,ZNF160,0
EGR1,HEATR1,0
GATA2,F3,0
SOX17,CRIM1,0
POU5F1,POLB,0
SMAD2,FUS,0
EZH2,SSB,0
LEF1,APBB1,0
HAND2,PLK1,0
SOX2,SNRPD1,0
SOX17,MIA3,0
POU5F1,ZNF90,0
ZFP42,GPR83,0
JUND,WDR3,0
GATA3,MYO5B,0
TFAP2A,SPIB,0
ZFP42,PDPN,0
SNAI2,ZEB1,0
GATA3,RAB31,0
POU5F1,ARFGAP3,0
CTNNB1,ANKRD28,0
MLLT3,POLQ,0
GATA3,CREB3L4,0
FOXP1,TRPC4,0
ZFP42,CDH2,0
MXI1,COL5A1,0
TRIM28,STK3,0
TP53,RND3,0
TEAD4,ZEB2,0
KLF5,ZNF160,0
EGR1,ELMOD2,0
DNMT3B,NDUFC2-KCTD14,0
TEAD4,CASK,0
TRIM28,ZNF30,0
CTNNB1,SMG6,0
GATA6,GCNT1,0
EOMES,LTBP1,0
TCF4,HEG1,0
FOXH1,NEK7,0
PRDM1,TBX3,0
KLF5,KIF16B,0
TP53,ZFP42,0
GATA6,NAA25,0
GATA2,LIN28A,0
PRDM1,RAD50,0
TCF4,DNMT1,0
ZFP42,MIF,0
SMAD2,RIN2,0
SNAI2,ZNF587,0
AR,TATDN1,0
SMAD2,SEMA3A,0
TRIM28,PNPLA8,0
MXI1,FBXO28,0
DNMT3B,TNC,0
TCF4,CEBPZ,0
SOX2,GRP,0
AR,THYN1,0
AR,MT1X,0
AR,WEE1,0
TRIM28,NCAPG,0
TCF4,SALL2,0
DNMT3B,RASGRP3,0
LEF1,NECAP2,0
SOX17,DDAH1,0
SNAI2,POLR2M,0
BCL11A,INSIG2,0
TP53,FOXK1,0
FOXH1,PRMT3,0
SOX17,CENPK,0
GATA2,RRN3,0
TP53,VANGL1,0
BCL11A,ATG4C,0
TP53,CRHBP,0
TEAD4,ALPK2,0
MLLT3,ATP2B4,0
EZH2,PUS7,0
GATA3,RFXANK,0
JUND,PGM1,0
TCF4,BTBD10,0
SMAD2,TMOD1,0
BCL11A,BCAS2,0
GATA2,CCDC81,0
GATA4,WLS,0
MXI1,SERHL2,0
MXI1,TIMP3,0
MXI1,RND3,0
PRDM1,SLC19A2,0
NANOG,LRR1,0
STAT3,FOXJ2,0
EGR1,DLGAP5,0
OTX2,FOXD3,0
FOXH1,ANKRD6,0
GATA2,SMARCC1,0
GATA6,CREB3L4,0
TFAP2A,TLR4,0
SNAI2,SLC39A8,0
GATA6,TRAF6,0
GATA6,DOCK1,0
SMAD2,ITPR2,0
FOXH1,NT5DC3,0
GATA4,MIF,0
TRIM28,SNUPN,0
OTX2,PGR,0
EZH2,ITM2A,0
FOXH1,CLGN,0
EOMES,IRF1,0
JUND,SEL1L,0
MLLT3,SYNC,0
CTNNB1,MGST2,0
TP53,VSIG10,0
GATA2,KIAA1841,0
GATA6,POU5F1,0
EOMES,POLR2M,0
ZFP42,TRIM27,0
TP53,BOD1,0
GATA4,PABPC4L,0
KLF5,ODC1,0
STAT3,APBB2,0
HAND2,GULP1,0
TRIM28,LZTS1,0
NANOG,UHRF1,0
GATA2,TMEM87B,0
MLLT3,LMO2,0
ZFP42,CTNNB1,0
TCF4,PAM,0
MXI1,ECI2,0
LEF1,KAT7,0
NANOG,PPP1R9A,0
SNAI2,ATF6,0
BCL11A,NTS,0
ZFP42,MGST2,0
BCL11A,RBMX,0
EGR1,CNKSR3,0
SNAI2,NFKBIA,0
ZFP42,FOXF1,0
AR,TNC,0
BCL11A,EEF1A1,0
SOX2,ERBB4,0
DNMT3B,CDCA8,0
CTNNB1,PDCD11,0
ZFP42,LIFR,0
POU5F1,WNT5A,0
POU5F1,CCDC138,0
ZFP42,TFE3,0
CTNNB1,SEMA6A,0
AR,PPIL1,0
EOMES,HOXB7,0
GATA2,ZNF202,0
CTNNB1,ZFYVE21,0
STAT3,UHRF1,0
AR,GYPB,0
OTX2,TDP2,0
GATA2,TBX20,0
DNMT3B,SULF2,0
BCL11A,IQGAP2,0
GATA4,COMMD3,0
GATA6,RBM12,0
POU5F1,DAB2,0
GATA2,TIMP3,0
EGR1,CHL1,0
SOX2,SMAD2,0
CTNNB1,SNAI1,0
GATA6,ARSE,0
HAND2,PCDH7,0
PRDM1,ANKRD50,0
ZFP42,USP44,0
EOMES,ZNF160,0
CTNNB1,FOXD3,0
SOX2,BNIP3,0
TP53,BMPR1A,0
BCL11A,CCDC50,0
EGR1,NBEAL1,0
GATA2,ETV4,0
FOXH1,C1GALT1,0
EZH2,WDHD1,0
AR,PGAP2,0
GATA3,DAXX,0
TCF4,GAD1,0
POU5F1,TRDN,0
SMAD2,USP1,0
SNAI2,DENND1A,0
GATA6,UNC13B,0
LEF1,SERPINB6,0
HAND2,NAT10,0
BCL11A,CRHBP,0
GATA3,S1PR3,0
GATA6,TDRD7,0
BCL11A,FLI1,0
SMAD2,COL4A6,0
HAND2,TMEM87B,0
TCF4,DACH1,0
PRDM1,BOD1,0
TCF4,POLA1,0
POU5F1,TPD52L2,0
CTNNB1,ZRANB2,0
MLLT3,SFMBT1,0
TCF4,ZDHHC2,0
HAND2,REL,0
TRIM28,ASB9,0
PRDM1,TIPARP,0
ZFP42,ZFHX3,0
TCF4,ZHX3,0
EZH2,STT3B,0
ZFP42,MLLT3,0
POU5F1,GULP1,0
STAT3,CAPN2,0
GATA6,BHLHB9,0
TP53,NBPF10,0
FOXP1,DLGAP5,0
AR,UTP14A,0
SOX17,UBL7,0
FOXP1,AP1M2,0
DNMT3B,POLR2G,0
TP53,HNRNPK,0
LEF1,PRMT6,0
AR,GPATCH4,0
POU5F1,GATA4,0
TCF4,PER3,0
GATA6,EPHA4,0
TEAD4,TRIP13,0
GATA2,EWSR1,0
BCL11A,PREPL,0
EOMES,PPIL1,0
SOX2,MFN2,0
MLLT3,FZD6,0
SOX17,FRYL,0
GATA2,SIX6,0
CTNNB1,ARID3B,0
SOX2,FZD5,0
HAND2,ALG6,0
POU5F1,POU3F1,0
EOMES,KIF1A,0
GATA6,TIAM1,0
ZFP42,SYNC,0
DNMT3B,FREM1,0
GATA4,ANKRD50,0
GATA3,MXI1,0
DNMT3B,PHB2,0
DNMT3B,NLGN4X,0
TP53,CNTRL,0
KLF5,SFRP1,0
FOXP1,IGDCC4,0
KLF5,VEZT,0
SOX2,CDH11,0
DNMT3B,LTBP1,0
HAND2,CITED2,0
MXI1,CA12,0
NANOG,TNFRSF11B,0
SMAD2,S100A10,0
BCL11A,TBX3,0
JUND,HDAC9,0
EGR1,COMMD10,0
FOXH1,INSIG2,0
EOMES,GPC6,0
MXI1,ALG6,0
SOX2,GLMN,0
JUND,PCDH17,0
TCF4,EEF1A1,0
DNMT3B,ANKRD13A,0
TP53,TLE2,0
GATA6,TIPARP,0
MXI1,DAB2,0
AR,LHX1,0
PRDM1,CCNE2,0
MLLT3,RBMS3,0
JUND,PABPC4L,0
EGR1,ARID5B,0
MLLT3,CHAC2,0
MLLT3,BBS4,0
STAT3,ITCH,0
STAT3,NONO,0
MLLT3,NUCB2,0
DNMT3B,STX12,0
GATA2,PLSCR4,0
OTX2,PABPC4L,0
TRIM28,RRAGD,0
LEF1,PGM2,0
SOX2,RABEPK,0
SOX17,TMEM87B,0
HAND2,IFI16,0
GATA3,CCDC82,0
FOXP1,NFYB,0
GATA3,POLR2D,0
EZH2,GTF3C4,0
SMAD2,CDKN3,0
GATA6,TFB2M,0
EGR1,TRPS1,0
TP53,ZNF691,0
ZFP42,ZBTB10,0
EOMES,APOBEC3C,0
CTNNB1,ZFYVE16,0
SMAD2,CREB3L4,0
NANOG,FOXN2,0
LEF1,KHSRP,0
EGR1,RBMS3,0
GATA6,PPM1K,0
SOX17,BCL11A,0
PRDM1,SMAD6,0
AR,NDC80,0
MLLT3,SSX2IP,0
KLF5,PAWR,0
SMAD2,STK3,0
DNMT3B,WLS,0
SNAI2,TRERF1,0
POU5F1,LBH,0
LEF1,ARID4B,0
BCL11A,RFC4,0
EOMES,CDCA7L,0
TCF4,CCDC90B,0
PRDM1,ID3,0
STAT3,CEP290,0
BCL11A,OPTN,0
SMAD2,EPHA2,0
STAT3,PLK2,0
NANOG,UNC13B,0
AR,PENK,0
TEAD4,ZNF146,0
MLLT3,ANKMY2,0
AR,RARG,0
SOX2,SLA2,0
EZH2,PPM1K,0
SMAD2,MLLT3,0
CTNNB1,ATP11B,0
KLF5,SOX2,0
ZFP42,SMYD5,0
EZH2,CLU,0
POU5F1,ST8SIA1,0
TFAP2A,SHOX2,0
SOX2,HECA,0
SMAD2,EPB41L3,0
DNMT3B,TMLHE,0
GATA4,RUNX1,0
BCL11A,GTF2H2,0
LEF1,RBBP4,0
SNAI2,DPF2,0
EOMES,AGPAT5,0
SMAD2,SART3,0
GATA4,TRPS1,0
EZH2,PIM2,0
POU5F1,LUM,0
NANOG,SGCE,0
STAT3,PAM,0
TP53,FLI1,0
DNMT3B,GATAD2A,0
EOMES,ZIC2,0
FOXP1,MYOCD,0
GATA6,U2AF1,0
GATA2,LMO3,0
HAND2,AADAT,0
GATA6,PDLIM3,0
SMAD2,SERPINB1,0
CTNNB1,MEIS1,0
ZFP42,TRIM25,0
SMAD2,BMP4,0
SMAD2,SNAPC3,0
GATA3,BAG3,0
KLF5,ALDOC,0
GATA6,ZNF471,0
KLF5,DNAJC9,0
EZH2,CENPK,0
POU5F1,DEDD2,0
FOXP1,PROM1,0
TRIM28,SCG3,0
LEF1,FAM120AOS,0
JUND,VPS13C,0
AR,TDRD7,0
SNAI2,TMEM39A,0
FOXP1,HDAC9,0
STAT3,STIM2,0
LEF1,LRRCC1,0
FOXH1,ITPR2,0
LEF1,STC1,0
HAND2,FBXO28,0
GATA2,BHLHB9,0
SNAI2,TRIP6,0
EGR1,PPP3CA,0
LEF1,CPD,0
MLLT3,NTN4,0
LEF1,CHAC2,0
FOXP1,CD1D,0
LEF1,ITGAV,0
POU5F1,CDKN3,0
EZH2,CALB1,0
MLLT3,IRF1,0
CTNNB1,INPP4A,0
AR,MAT2B,0
EZH2,KLHL6,0
SMAD2,BTBD10,0
ZFP42,FLVCR2,0
KLF5,EEF1A1,0
GATA6,ZRANB2,0
KLF5,BAMBI,0
FOXH1,TGFBR3,0
GATA3,H1F0,0
CTNNB1,NIP7,0
GATA3,DYNC1I1,0
DNMT3B,NDC80,0
SOX17,RBMX,0
MXI1,OPTN,0
KLF5,CCKBR,0
SNAI2,TMEM126B,0
STAT3,RBBP8,0
GATA2,PDGFRA,0
CTNNB1,TSPAN12,0
PRDM1,CBX3,0
SMAD2,KHSRP,0
FOXP1,YAF2,0
GATA3,PHB2,0
ZFP42,GRP,0
DNMT3B,CAP2,0
HAND2,HDAC9,0
TP53,ELK3,0
TRIM28,GALC,0
FOXH1,WEE1,0
TEAD4,FLI1,0
JUND,LGR4,0
EZH2,ZNF30,0
POU5F1,ST8SIA4,0
GATA6,TGFB1,0
POU5F1,DLC1,0
SNAI2,UNG,0
GATA4,FOXF1,0
SOX17,SPIB,0
FOXH1,CALCOCO2,0
CTNNB1,PLS1,0
SOX17,DPYSL3,0
HAND2,UCK2,0
PRDM1,GSC,0
AR,C18ORF21,0
OTX2,KIAA1841,0
EZH2,P4HA1,0
POU5F1,EPHA2,0
CTNNB1,NUDT11,0
DNMT3B,ETV4,0
ZFP42,SOX2,0
POU5F1,ITPR2,0
GATA6,NFIA,0
STAT3,EHD3,0
EZH2,CHAF1A,0
GATA6,COL4A6,0
TRIM28,TBX3,0
HAND2,COMMD10,0
OTX2,KIF13B,0
MLLT3,RNF138,0
TP53,SEC11C,0
TCF4,FRYL,0
SNAI2,MED16,0
CTNNB1,PPAT,0
MXI1,PLXNA2,0
EGR1,CYYR1,0
SOX17,GATA4,0
FOXH1,PODXL,0
CTNNB1,CCDC141,0
ZFP42,XRCC6,0
GATA3,FIG4,0
KLF5,SCG3,0
AR,PHC1,0
GATA6,TBX20,0
SMAD2,DAB2,0
SNAI2,ZRANB2,0
PRDM1,COL1A2,0
EZH2,CCNE2,0
DNMT3B,NONO,0
GATA2,EDEM3,0
NANOG,KIF1A,0
FOXP1,ATP2B4,0
SMAD2,TGFB1,0
TRIM28,GINS2,0
ZFP42,P4HA1,0
FOXP1,SORT1,0
KLF5,STK3,0
BCL11A,XPO5,0
EZH2,HPS5,0
POU5F1,EEF1A1,0
GATA2,FAM126B,0
TRIM28,KDR,0
MLLT3,CALB1,0
SOX17,GGCT,0
GATA3,MRPS30,0
EOMES,GATA2,0
EOMES,CA12,0
SNAI2,ZFYVE16,0
GATA6,TP53,0
EZH2,DKK4,0
TP53,ZNF165,0
AR,PREX1,0
SOX2,LRRCC1,0
GATA4,SNX16,0
MLLT3,CBX3,0
PRDM1,POLR2M,0
LEF1,DNA2,0
CTNNB1,SAMD8,0
GATA2,SYT1,0
SMAD2,AGPAT5,0
TRIM28,BBS2,0
SOX2,NFAT5,0
GATA4,KLHL24,0
TEAD4,SNX16,0
GATA4,HCFC1,0
TP53,GGCT,0
TCF4,SORT1,0
PRDM1,TDRD7,0
GATA4,TWIST1,0
PRDM1,POLR3E,0
LEF1,IL6ST,0
SNAI2,ALPK2,0
TP53,ZNF280B,0
POU5F1,NUSAP1,0
MXI1,RIN2,0
CTNNB1,SLC7A8,0
BCL11A,DTL,0
TRIM28,RCAN2,0
MLLT3,GEMIN4,0
SOX17,STX17,0
SOX17,SCG3,0
KLF5,POU2F2,0
ZFP42,COL4A1,0
OTX2,NPFFR2,0
KLF5,EPHA4,0
POU5F1,TCOF1,0
GATA2,ASB9,0
TP53,EHD3,0
EOMES,APC,0
EGR1,DPYSL3,0
HAND2,SGCE,0
HAND2,JAKMIP2,0
GATA2,VSNL1,0
EZH2,ZNF165,0
NANOG,TRERF1,0
HAND2,C18ORF21,0
SNAI2,CDCA5,0
GATA2,CAD,0
EZH2,MAFF,0
JUND,ZWINT,0
TCF4,TMEM38B,0
TCF4,PDCD2,0
STAT3,SOX2,0
MXI1,ITCH,0
LEF1,KLF5,0
HAND2,PAM,0
GATA6,HPRT1,0
POU5F1,IL6ST,0
HAND2,ZFYVE21,0
TP53,PNPLA8,0
TRIM28,BARX2,0
GATA3,DSCC1,0
DNMT3B,MAGI3,0
TEAD4,RFC3,0
EZH2,NOL11,0
EZH2,PAIP2B,0
TRIM28,PGM2,0
GATA4,MMP16,0
FOXP1,TIPIN,0
SOX17,RIOK1,0
OTX2,RRN3,0
CTNNB1,VRK1,0
SMAD2,CEP55,0
FOXH1,SEMA5A,0
TEAD4,SLC7A8,0
TRIM28,NOP2,0
ZFP42,NHSL1,0
AR,SLC6A15,0
TRIM28,C1GALT1,0
HAND2,LRRN1,0
SOX17,POU3F1,0
SOX2,VHL,0
EZH2,ARL4A,0
GATA2,RNF13,0
FOXH1,CPD,0
TFAP2A,GPR83,0
GATA2,MFAP4,0
HAND2,TOP2A,0
AR,NAV2,0
OTX2,FOXK1,0
KLF5,SAMD3,0
AR,MAEA,0
CTNNB1,KLF6,0
SOX2,CYP1B1,0
HAND2,GATA4,0
TEAD4,PHC1,0
TP53,STX17,0
AR,NCAM1,0
FOXP1,WLS,0
MLLT3,NRP2,0
PRDM1,MAGEH1,0
FOXH1,POLR2H,0
HAND2,TMLHE,0
TFAP2A,CCDC80,0
SOX17,WDR75,0
DNMT3B,BUB1B,0
SOX17,ASH2L,0
AR,POLR3E,0
SOX17,AFF4,0
SNAI2,FXR1,0
DNMT3B,TUBE1,0
KLF5,RPA2,0
SMAD2,LGR5,0
NANOG,SHISA6,0
TCF4,PCDH17,0
CTNNB1,ALYREF,0
NANOG,PAQR3,0
STAT3,SFRP2,0
EOMES,SFRP2,0
CTNNB1,RRAGD,0
KLF5,AKAP2,0
TP53,SCO1,0
DNMT3B,LTV1,0
TRIM28,PNRC1,0
TRIM28,CCPG1,0
GATA3,PIP4K2A,0
GATA6,S100A10,0
BCL11A,POLQ,0
SNAI2,NTS,0
TCF4,PHLDA1,0
AR,RBM47,0
LEF1,SMYD2,0
ZFP42,CLDN10,0
CTNNB1,TRIP11,0
NANOG,PDCD4,0
SOX17,VIM,0
GATA3,ATP2B4,0
GATA4,SEMA6A,0
SMAD2,SSB,0
SNAI2,BUB1B,0
TRIM28,TLE1,0
ZFP42,GCNT1,0
TCF4,ZBTB2,0
GATA4,HTRA1,0
GATA2,CCKBR,0
KLF5,NOP2,0
FOXH1,MBTD1,0
TCF4,DOK6,0
TCF4,SART3,0
MXI1,PCDH7,0
GATA4,LMO3,0
STAT3,TMLHE,0
KLF5,LAP3,0
POU5F1,SRC,0
CTNNB1,BCAS2,0
CTNNB1,SOX13,0
GATA3,TNC,0
LEF1,EPB41L3,0
FOXH1,ERLEC1,0
EGR1,CLDN7,0
MXI1,TRERF1,0
STAT3,AHNAK,0
FOXH1,CDC14B,0
FOXH1,ENOPH1,0
ZFP42,TRAF5,0
SOX2,PPP1R9A,0
POU5F1,KHSRP,0
ZFP42,POLR2H,0
EZH2,LIPG,0
DNMT3B,FOXF1,0
SOX2,RHOBTB3,0
GATA3,ILF2,0
GATA2,CEBPZ,0
GATA6,AFF4,0
TP53,RRAGD,0
SMAD2,ARNT2,0
LEF1,CDC20,0
EGR1,PMAIP1,0
STAT3,RCOR3,0
GATA6,LRR1,0
TP53,RAE1,0
DNMT3B,ZNF202,0
POU5F1,HNRNPAB,0
JUND,INPP4A,0
LEF1,PSIP1,0
TP53,PLOD2,0
FOXP1,CLDN11,0
MXI1,PNPLA8,0
EZH2,CDC6,0
TCF4,GEMIN6,0
GATA2,ANKRD28,0
TCF4,YPEL5,0
DNMT3B,MYOCD,0
GATA3,PDE3B,0
POU5F1,BBS4,0
STAT3,CBX3,0
GATA4,PHLPP1,0
FOXH1,ZWILCH,0
PRDM1,CEP55,0
GATA4,RNF170,0
BCL11A,SAMD8,0
BCL11A,MMP2,0
LEF1,ASB9,0
TP53,NTS,0
MLLT3,APBB2,0
FOXH1,COL4A6,0
AR,RNF13,0
SNAI2,BARX2,0
TP53,CDC20,0
JUND,MAGI3,0
GATA2,C4ORF46,0
TCF4,STIM2,0
FOXH1,PTPRZ1,0
CTNNB1,GLMN,0
KLF5,BNIP3,0
STAT3,DTL,0
LEF1,ID3,0
FOXP1,SNAI1,0
ZFP42,PODXL,0
SMAD2,QPCT,0
GATA6,MATN3,0
KLF5,TLE1,0
BCL11A,AARS,0
EZH2,WDR3,0
TEAD4,SOX3,0
ZFP42,DNAJC9,0
SOX17,FOXJ1,0
LEF1,PDCD2,0
LEF1,SRC,0
JUND,ODC1,0
TCF4,EHD3,0
PRDM1,RIPPLY1,0
SMAD2,NUCB2,0
DNMT3B,ESCO2,0
EOMES,MSX1,0
SNAI2,ANKRD26,0
MLLT3,KIF16B,0
JUND,NHLH2,0
GATA4,ITPR2,0
TRIM28,POLR2I,0
GATA2,SIPA1L2,0
FOXH1,ST5,0
PRDM1,ATP11C,0
MXI1,PODXL,0
EOMES,HAND2,0
TFAP2A,VAMP7,0
LEF1,LIN28A,0
LEF1,TJP2,0
LEF1,TGFB1,0
TEAD4,CAPN2,0
AR,PATZ1,0
CTNNB1,TMEM38B,0
FOXH1,SLC39A7,0
TFAP2A,RBMX,0
FOXH1,SH3BP5,0
SOX2,VWA5A,0
MXI1,NDUFC2-KCTD14,0
JUND,ETV7,0
KLF5,FAM89A,0
SNAI2,UBL7,0
GATA4,TUBA4A,0
TCF4,SRSF3,0
SOX2,RAD51,0
EGR1,INSIG2,0
SNAI2,ANGPT2,0
TCF4,LRRCC1,0
SMAD2,SRSF6,0
LEF1,TSPAN12,0
SOX2,ENO2,0
FOXH1,STAT3,0
TFAP2A,NBPF14,0
SOX17,WEE1,0
GATA2,LAP3,0
TEAD4,PRICKLE1,0
FOXH1,MYCN,0
ZFP42,SKIL,0
STAT3,SRC,0
SMAD2,SFRP1,0
AR,AK4,0
STAT3,DPY19L1,0
MLLT3,HPS5,0
CTNNB1,TJP2,0
TCF4,TFAP2A,0
AR,DKK3,0
EZH2,MATN3,0
CTNNB1,POLR2G,0
BCL11A,CBX3,0
ZFP42,MYOCD,0
DNMT3B,ELOVL2,0
EZH2,ZNF280B,0
TRIM28,DKK4,0
ZFP42,GRHL2,0
DNMT3B,TRIP11,0
MXI1,TPD52L2,0
MLLT3,RARG,0
FOXP1,CBX3,0
POU5F1,STX17,0
FOXH1,GRHL1,0
EZH2,DAB2,0
GATA2,NXF1,0
GATA6,FUBP1,0
OTX2,LIN28A,0
PRDM1,NFKBIB,0
SMAD2,DEPDC1B,0
MLLT3,CYP26A1,0
MXI1,ARSE,0
MLLT3,NFYB,0
GATA3,SLC7A5,0
TCF4,SORL1,0
BCL11A,STAT3,0
MXI1,IRF1,0
EZH2,METTL1,0
STAT3,CREB3L2,0
DNMT3B,RABEPK,0
SOX17,LTV1,0
AR,F3,0
EGR1,FUBP1,0
DNMT3B,C2ORF69,0
SOX2,S1PR3,0
STAT3,CCND1,0
SMAD2,FAM83D,0
TEAD4,VPS54,0
SOX17,GDAP1,0
TCF4,PHLDB2,0
KLF5,HPRT1,0
POU5F1,COMMD3,0
EZH2,BBS4,0
MXI1,NFIB,0
TEAD4,ATRX,0
SNAI2,IL13RA1,0
ZFP42,SAAL1,0
BCL11A,TPD52L2,0
ZFP42,TMEM64,0
SOX17,ZNF165,0
SNAI2,RAI14,0
TRIM28,NAGA,0
TP53,POLR2K,0
BCL11A,TTC39C,0
SOX17,ARHGAP42,0
OTX2,TRIM22,0
TRIM28,KLF5,0
MLLT3,EZH2,0
FOXH1,POU5F1,0
MLLT3,SETBP1,0
KLF5,FREM1,0
DNMT3B,ZBTB2,0
GATA4,ANKRD6,0
GATA3,STXBP5,0
KLF5,PDE4D,0
GATA6,SFPQ,0
FOXH1,FAM169A,0
GATA3,PSMC3IP,0
TRIM28,SERPINE2,0
NANOG,COL4A6,0
GATA4,PHLDB2,0
GATA2,TJP2,0
STAT3,FOXK1,0
MXI1,POLR2A,0
GATA3,BCL11B,0
SMAD2,HELZ,0
DNMT3B,NAT10,0
TP53,SYNE2,0
FOXP1,QPCT,0
BCL11A,CLSTN2,0
DNMT3B,FAM89A,0
KLF5,GTF2H2,0
GATA6,AEBP1,0
KLF5,RAE1,0
GATA3,DSE,0
LEF1,STEAP1B,0
TRIM28,SCD5,0
EOMES,NCAPG,0
AR,CADM1,0
BCL11A,MALT1,0
MLLT3,POLR2K,0
ZFP42,PGR,0
BCL11A,KHSRP,0
PRDM1,GPR108,0
GATA6,MAP4K3,0
AR,CRX,0
SOX2,SNRPB,0
OTX2,POLB,0
NANOG,PRMT6,0
GATA2,NHSL1,0
EOMES,LRR1,0
POU5F1,PGAP1,0
SOX17,SRSF3,0
GATA2,ALDH18A1,0
POU5F1,AEBP1,0
STAT3,IMP4,0
SMAD2,SMYD5,0
GATA6,TNFRSF11B,0
TRIM28,NR2C1,0
BCL11A,PUS7,0
OTX2,ITGA5,0
EOMES,AURKB,0
BCL11A,CD200,0
EGR1,HECA,0
MXI1,MIF,0
TP53,FOXD3,0
STAT3,TRIP13,0
TEAD4,YPEL5,0
DNMT3B,BAMBI,0
SMAD2,CREB3L2,0
TP53,RBMS3,0
JUND,MCM3,0
GATA6,WDR5,0
HAND2,MBTD1,0
CTNNB1,DPF2,0
CTNNB1,CCDC80,0
ZFP42,LIG4,0
TP53,LEF1,0
GATA6,XPO5,0
DNMT3B,DTL,0
HAND2,SNAPC3,0
ZFP42,IFRD2,0
SOX2,DACH1,0
JUND,ST3GAL6,0
EGR1,PLCB4,0
MLLT3,PLS1,0
AR,TEAD4,0
GATA4,ECHDC1,0
DNMT3B,CCDC80,0
DNMT3B,PDE4D,0
JUND,TEAD4,0
GATA6,SNAPC3,0
AR,ZNF8,0
LEF1,FEZ1,0
TCF4,ANKZF1,0
ZFP42,SRSF1,0
SOX17,BLM,0
DNMT3B,MAML3,0
MXI1,REV3L,0
SOX2,DNAJC16,0
STAT3,TFDP1,0
LEF1,MXD4,0
BCL11A,PPAT,0
EOMES,POLR2I,0
EGR1,ZFPM2,0
GATA6,OXTR,0
TP53,NOC3L,0
SMAD2,NUP54,0
LEF1,SLC29A1,0
FOXH1,CEP85L,0
EZH2,SNAI2,0
SMAD2,ACTL6A,0
SOX17,COL5A2,0
SNAI2,E2F3,0
FOXH1,STXBP5,0
ZFP42,NECAP2,0
CTNNB1,WDHD1,0
GATA3,HDGF,0
TEAD4,SERPINB1,0
SOX17,ANGPT2,0
POU5F1,NFIB,0
POU5F1,TMEM126B,0
TP53,LAMB1,0
STAT3,DAB2,0
ZFP42,TRPA1,0
SMAD2,EOMES,0
TCF4,PATZ1,0
FOXH1,ATF6,0
TRIM28,CD1D,0
KLF5,SUPT7L,0
TRIM28,CTSK,0
KLF5,SLC7A5,0
SNAI2,SPP1,0
TP53,ODF2,0
TEAD4,POP5,0
EGR1,EPB41L3,0
TRIM28,PHC1,0
FOXP1,CASK,0
TCF4,BNIP3,0
SOX17,SVIL,0
TEAD4,BNIP3,0
TP53,MED14,0
GATA3,HIF3A,0
TRIM28,TWIST1,0
LEF1,NRIP1,0
KLF5,NUDT11,0
CTNNB1,SRSF6,0
BCL11A,BCAT2,0
AR,RRN3,0
POU5F1,IGSF3,0
SOX2,RBM47,0
LEF1,EXO1,0
ZFP42,SLC7A3,0
FOXP1,MMP2,0
EZH2,AK4,0
BCL11A,MND1,0
CTNNB1,NFIA,0
GATA3,TFB2M,0
OTX2,COG6,0
NANOG,ISCA1,0
AR,CDKN3,0
TP53,HIF1A,0
ZFP42,AGPAT5,0
LEF1,NUCB2,0
TP53,DNAJC2,0
AR,PRMT3,0
FOXH1,HMGA1,0
TRIM28,SERPINB1,0
MLLT3,PDPN,0
MXI1,DPF2,0
EOMES,GATAD2A,0
DNMT3B,POLB,0
HAND2,AKAP2,0
SOX17,VPS13C,0
GATA6,KLHL12,0
SMAD2,PLXNA2,0
GATA3,DDHD2,0
SMAD2,KLHL6,0
MLLT3,SOX7,0
MXI1,AFF1,0
HAND2,YAF2,0
SNAI2,MAN2A1,0
FOXH1,ELMOD2,0
LEF1,RSPO3,0
POU5F1,PLSCR4,0
SOX17,COMMD3,0
BCL11A,DDAH1,0
TP53,KLF8,0
MLLT3,SEMA6A,0
SMAD2,DACH1,0
SOX17,ERBB4,0
STAT3,POLDIP3,0
TCF4,FBN2,0
EGR1,ITGA6,0
FOXP1,PKIG,0
HAND2,KIF2C,0
ZFP42,CDCA8,0
MLLT3,PPM1H,0
HAND2,CBR1,0
GATA4,TTC4,0
TCF4,NCAPG,0
SMAD2,CCDC80,0
OTX2,ARRB1,0
TRIM28,RIOK1,0
TP53,PIP5K1B,0
LEF1,PPT2,0
SOX17,ACTC1,0
SOX2,PITX2,0
EOMES,EPHA2,0
SNAI2,ZNF83,0
SMAD2,DNAJC16,0
MLLT3,SEMA3A,0
TEAD4,IAH1,0
TEAD4,ZNF90,0
TEAD4,RBMS3,0
FOXH1,ENO2,0
DNMT3B,SERPINB1,0
AR,GNG11,0
ZFP42,APC,0
TCF4,FAM169A,0
SNAI2,PFKFB2,0
STAT3,PPT2,0
ZFP42,E2F7,0
NANOG,CD1D,0
BCL11A,ANKRD50,0
FOXH1,LRIG3,0
HAND2,IMPAD1,0
AR,GALM,0
TCF4,NAT10,0
LEF1,PRKACB,0
POU5F1,LIX1,0
SNAI2,BOD1,0
EZH2,NFE2L3,0
GATA3,MIB1,0
FOXH1,NFKBIB,0
TEAD4,SPP1,0
DNMT3B,PPP1R9A,0
EGR1,FRMD4B,0
STAT3,IFT80,0
EZH2,TMF1,0
MLLT3,ZNF3,0
DNMT3B,MLLT3,0
HAND2,AFF1,0
EZH2,CAP2,0
FOXP1,FRYL,0
OTX2,STT3B,0
ZFP42,APEX1,0
STAT3,GATA6,0
DNMT3B,MCCC1,0
ZFP42,STK38L,0
OTX2,IGDCC4,0
TP53,RBM14,0
STAT3,MBOAT1,0
GATA3,TRIAP1,0
KLF5,SLC6A15,0
HAND2,MAPK10,0
FOXH1,STK3,0
LEF1,MBIP,0
MLLT3,STX6,0
KLF5,TGFB1I1,0
AR,PGM1,0
TRIM28,PDCD2,0
MLLT3,COL1A1,0
SNAI2,NFE2L3,0
EGR1,UHRF1,0
EZH2,DKK3,0
SOX2,BMP2,0
NANOG,PCDH7,0
AR,UCHL3,0
DNMT3B,ERCC6L,0
ZFP42,DAAM1,0
GATA3,THY1,0
OTX2,MIB1,0
TFAP2A,GRPR,0
CTNNB1,ANKRD1,0
TRIM28,PRMT6,0
PRDM1,DNA2,0
SMAD2,HCFC1,0
BCL11A,CASK,0
FOXH1,PATZ1,0
POU5F1,RXRG,0
TRIM28,SNX14,0
FOXH1,ELL2,0
GATA3,VEZT,0
EGR1,MANEA,0
EZH2,COL4A5,0
TP53,ARHGAP28,0
GATA6,NPFFR2,0
MLLT3,ZNF585B,0
GATA6,MAMLD1,0
DNMT3B,PRMT3,0
PRDM1,SYNE2,0
TRIM28,FAM169A,0
CTNNB1,COL11A1,0
SOX17,AKAP2,0
DNMT3B,ZNF24,0
EZH2,GPC6,0
HAND2,NCAPG,0
OTX2,MYO5B,0
TP53,ZRANB2,0
GATA2,DPYSL3,0
DNMT3B,PALLD,0
AR,RFPL2,0
SMAD2,PSMC3IP,0
LEF1,PPIL1,0
TRIM28,CDCA7L,0
CTNNB1,DAB1,0
KLF5,FAM117B,0
EGR1,TLE3,0
GATA6,CLU,0
SOX17,TNFRSF11B,0
OTX2,TBX20,0
SOX17,GALNT7,0
CTNNB1,SMAD5,0
MLLT3,SYNE2,0
FOXP1,CPVL,0
GATA4,CRABP2,0
OTX2,MLLT6,0
PRDM1,MXRA5,0
STAT3,SKIL,0
STAT3,SMAD2,0
MXI1,SRSF6,0
STAT3,BMPER,0
PRDM1,FAM20A,0
LEF1,SOX5,0
GATA2,ARNT2,0
DNMT3B,SAAL1,0
EGR1,TDP2,0
AR,GCNT1,0
PRDM1,TRIM35,0
ZFP42,WDR3,0
STAT3,PDCD11,0
KLF5,PCDH7,0
LEF1,COL11A1,0
ZFP42,VSIG10,0
MLLT3,ZNF83,0
BCL11A,TMEM87B,0
MLLT3,FAM208A,0
TRIM28,DNAJC2,0
CTNNB1,TMF1,0
TRIM28,IAH1,0
MLLT3,TIPIN,0
GATA3,COL4A5,0
ZFP42,PGAP1,0
JUND,TMEM177,0
KLF5,HESX1,0
TP53,GPC4,0
DNMT3B,KAT7,0
LEF1,STT3B,0
EGR1,TOP2A,0
MXI1,NUAK1,0
KLF5,SERINC3,0
AR,E2F4,0
LEF1,TRIM2,0
TP53,COL4A2,0
EGR1,KDR,0
GATA2,GPC4,0
SNAI2,POLR2F,0
KLF5,DUSP4,0
NANOG,HPRT1,0
MLLT3,POLR1A,0
AR,GATA4,0
CTNNB1,TATDN1,0
FOXP1,HLA-DRB1,0
TP53,USP44,0
DNMT3B,NBPF10,0
EZH2,EPHA2,0
BCL11A,NBPF10,0
GATA2,ABCA1,0
GATA3,VSIG10,0
GATA2,CSPP1,0
HAND2,KIF16B,0
PRDM1,WDR75,0
NANOG,PUS7,0
HAND2,YBX1,0
FOXP1,ZBTB38,0
PRDM1,DEPDC1B,0
POU5F1,C2ORF69,0
HAND2,NAV2,0
CTNNB1,ACSS3,0
BCL11A,NFIB,0
KLF5,CDCA8,0
SOX2,OSBPL10,0
KLF5,GLIPR2,0
MXI1,TRIM25,0
PRDM1,LRIG3,0
AR,PDLIM3,0
GATA6,TIMP3,0
PRDM1,DTL,0
TCF4,PDLIM3,0
EZH2,ANKRD26,0
POU5F1,NECAP2,0
PRDM1,NT5DC3,0
ZFP42,MAPKAPK3,0
POU5F1,EGF,0
KLF5,PAK1,0
LEF1,KIF16B,0
FOXP1,DDAH1,0
PRDM1,NAV2,0
STAT3,BCL11B,0
GATA4,STT3B,0
SNAI2,SNAPC3,0
TP53,F3,0
TEAD4,COPS3,0
EZH2,CEP192,0
OTX2,SP110,0
TRIM28,MXI1,0
POU5F1,FNDC3B,0
CTNNB1,TCF7L1,0
EGR1,TNFRSF11B,0
LEF1,HOXB7,0
HAND2,NFATC1,0
KLF5,LTBP1,0
GATA6,PHF21A,0
GATA4,NAGA,0
SOX2,RCAN2,0
MXI1,ERCC6L,0
LEF1,MAT2B,0
GATA6,PMP22,0
JUND,SATB2,0
PRDM1,SORT1,0
GATA4,ELMO1,0
DNMT3B,SIPA1L2,0
STAT3,CDK6,0
HAND2,SIRT1,0
GATA2,PRMT6,0
EZH2,ZNF239,0
PRDM1,PLAU,0
STAT3,TSR1,0
MLLT3,HAND1,0
LEF1,RGPD2,0
CTNNB1,PCNA,0
KLF5,ANXA3,0
TP53,ZDHHC2,0
DNMT3B,SLC46A3,0
PRDM1,RABGAP1L,0
TEAD4,RAD50,0
TRIM28,PARP1,0
POU5F1,KLHL6,0
STAT3,GTF3C4,0
BCL11A,TMLHE,0
TP53,CCDC50,0
ZFP42,POP5,0
MXI1,TRAF5,0
KLF5,PRKACB,0
GATA6,EGF,0
NANOG,CCDC80,0
TRIM28,CAPN2,0
OTX2,DNAJC16,0
DNMT3B,RFC4,0
KLF5,SMAD6,0
AR,PELI2,0
POU5F1,LIN28A,0
SNAI2,FBN1,0
PRDM1,RAD51AP1,0
BCL11A,FBXO28,0
DNMT3B,PDGFA,0
FOXP1,FOXH1,0
DNMT3B,UBL3,0
POU5F1,TFAP2A,0
AR,FER,0
SNAI2,COL4A1,0
KLF5,CDC6,0
EOMES,ACTL6A,0
JUND,OSBPL3,0
FOXH1,PELI2,0
LEF1,CCDC80,0
FOXH1,ODC1,0
GATA4,TDRD7,0
NANOG,ARRB1,0
OTX2,PDCD4,0
SOX17,SLC5A6,0
EZH2,HDGF,0
BCL11A,CLCN4,0
FOXP1,SERPINE2,0
JUND,HLA-DRB1,0
MLLT3,RABGAP1L,0
HAND2,GALNT7,0
TCF4,ANKRD18B,0
GATA6,MPHOSPH9,0
TCF4,DDX54,0
PRDM1,MRPS35,0
SMAD2,THY1,0
SNAI2,YPEL5,0
TCF4,PPM1H,0
ZFP42,TRAF6,0
SNAI2,ITGA4,0
HAND2,FZD6,0
OTX2,PTGR1,0
STAT3,KLHL6,0
HAND2,AES,0
BCL11A,TFDP1,0
GATA2,ZNF512,0
ZFP42,TRIM22,0
EZH2,BBS2,0
AR,RBBP8,0
CTNNB1,CA2,0
POU5F1,PRPS2,0
AR,ZBTB10,0
DNMT3B,TRIM35,0
TRIM28,POLR2A,0
SMAD2,SLC16A2,0
EOMES,RBBP8,0
NANOG,EMB,0
EZH2,TRAF5,0
GATA2,SEPHS1,0
MLLT3,PREX1,0
SOX2,ASS1,0
MLLT3,INO80D,0
KLF5,UHRF1,0
FOXH1,HSD17B11,0
PRDM1,NFKBIA,0
SOX17,RNF138,0
NANOG,HIF3A,0
KLF5,NONO,0
SMAD2,NHLH2,0
SNAI2,MCM4,0
HAND2,ALYREF,0
SMAD2,ENOPH1,0
GATA6,CHAC2,0
NANOG,DNMT3A,0
STAT3,EDEM3,0
PRDM1,SATB2,0
SNAI2,HEG1,0
DNMT3B,DNAJC11,0
BCL11A,APEX1,0
KLF5,ZNF146,0
CTNNB1,SCD5,0
DNMT3B,PRCP,0
TEAD4,POLR1B,0
SNAI2,FBN2,0
ZFP42,PLCE1,0
FOXP1,ALDOC,0
MLLT3,CDC20,0
SOX17,MAK16,0
PRDM1,ODC1,0
POU5F1,METAP1,0
SMAD2,ITGA5,0
CTNNB1,MITF,0
SNAI2,ST3GAL6,0
TCF4,SKIL,0
SMAD2,ARID4B,0
MLLT3,FEZ1,0
BCL11A,LUM,0
KLF5,POLB,0
LEF1,TRIM35,0
PRDM1,MAN1A1,0
LEF1,NOC3L,0
TCF4,TLE3,0
GATA4,PRSS35,0
STAT3,TBC1D4,0
FOXP1,KIF2C,0
TP53,BCL11B,0
GATA6,MCM5,0
STAT3,PALB2,0
FOXH1,EXOSC3,0
SOX17,VAMP7,0
AR,SLFN5,0
SOX2,WDR35,0
TRIM28,NDUFC2-KCTD14,0
BCL11A,APBB1,0
MLLT3,SLC36A4,0
HAND2,ANKRD6,0
STAT3,ANKRD13A,0
STAT3,ASNS,0
GATA2,RBMS3,0
ZFP42,HDAC9,0
SMAD2,RBMS3,0
MLLT3,NKX3-1,0
AR,TYRO3,0
JUND,THYN1,0
TCF4,GPC3,0
BCL11A,ACTC1,0
SOX2,UPF1,0
EGR1,TIAM1,0
POU5F1,SH3RF1,0
TEAD4,ANKRD26,0
CTNNB1,ERLEC1,0
ZFP42,RGS5,0
LEF1,BMPER,0
BCL11A,DUSP4,0
MLLT3,ZEB2,0
LEF1,NTN4,0
SMAD2,SHOX2,0
POU5F1,DNAJC16,0
SOX2,ZWILCH,0
AR,GRP,0
BCL11A,KIF15,0
DNMT3B,SNAPC3,0
AR,CDCA8,0
BCL11A,ZFPM2,0
KLF5,MME,0
EZH2,ZWINT,0
HAND2,INSIG2,0
ZFP42,POU2F1,0
AR,ATP2B4,0
SNAI2,ARID5B,0
POU5F1,OSBPL10,0
SOX17,DKK1,0
BCL11A,CENPK,0
POU5F1,COL1A1,0
STAT3,PRTG,0
HAND2,SERTAD2,0
LEF1,COL5A1,0
HAND2,FLRT2,0
SNAI2,PPP3CA,0
HAND2,NCAM1,0
HAND2,NFAT5,0
LEF1,BBIP1,0
EOMES,HOXB3,0
MLLT3,SNAPC3,0
FOXH1,ABCA1,0
TCF4,MBTD1,0
EOMES,UCK2,0
FOXH1,SOX2,0
TRIM28,NCAM1,0
GATA2,SMARCD1,0
AR,DMXL2,0
STAT3,POLR2M,0
NANOG,AEBP1,0
SMAD2,RBMX,0
GATA6,PBX1,0
GATA4,TRDN,0
GATA4,NRP2,0
BCL11A,MEIS1,0
BCL11A,DNAJC16,0
GATA4,LRRN1,0
OTX2,INO80D,0
EGR1,ISCA1,0
STAT3,MAT2B,0
TCF4,SRSF1,0
PRDM1,CUL1,0
GATA6,EGR1,0
CTNNB1,EPB41L3,0
TRIM28,ROR2,0
STAT3,VASH2,0
DNMT3B,ZIC2,0
GATA2,ZNF160,0
HAND2,CHL1,0
EGR1,MPP6,0
GATA3,PELI2,0
TCF4,UNC13B,0
PRDM1,WDR3,0
GATA3,ST8SIA4,0
GATA4,FBN1,0
SNAI2,AGL,0
TP53,HTRA1,0
ZFP42,GATA4,0
STAT3,ESRP1,0
SNAI2,PLCE1,0
TRIM28,SYNC,0
ZFP42,BCL11A,0
SOX2,PENK,0
BCL11A,TRIAP1,0
HAND2,FBN2,0
TP53,DNAJC11,0
GATA2,OTX2,0
FOXP1,AHNAK,0
MLLT3,SLC6A15,0
ZFP42,SSB,0
STAT3,CDC7,0
SNAI2,NBPF14,0
GATA3,SMYD5,0
EZH2,SRSF2,0
SOX17,CHL1,0
GATA4,TMEM87B,0
DNMT3B,ZNF518B,0
TEAD4,CTBP1,0
SMAD2,TIMP3,0
MXI1,DKK1,0
PRDM1,WDR5,0
GATA6,YAF2,0
EOMES,TMEM87B,0
SMAD2,LMO3,0
PRDM1,PPM1H,0
DNMT3B,GINS2,0
SMAD2,EGR1,0
PRDM1,PLSCR4,0
SOX17,AGL,0
EGR1,KIF11,0
LEF1,MND1,0
MXI1,HAND1,0
MLLT3,RBM47,0
TCF4,PGAP2,0
NANOG,SETD7,0
GATA4,ATP11C,0
TCF4,GLMN,0
LEF1,GTF2H2,0
EGR1,GPR83,0
AR,RND3,0
SMAD2,POLR2K,0
GATA2,C3ORF14,0
CTNNB1,LUM,0
SOX17,CDC7,0
KLF5,JMJD1C,0
TP53,INPP4A,0
GATA6,CTSK,0
TP53,NFKBIA,0
EGR1,IAH1,0
NANOG,ERRFI1,0
BCL11A,DAXX,0
HAND2,JUND,0
STAT3,FAM162A,0
HAND2,HOPX,0
STAT3,CYP26A1,0
KLF5,LGALSL,0
GATA2,MAPRE2,0
FOXH1,RAB31,0
GATA3,ZWINT,0
EOMES,VSIG10,0
TP53,NCAM1,0
SNAI2,SHISA6,0
JUND,NFIA,0
EZH2,YPEL5,0
GATA4,PCK2,0
TEAD4,JUND,0
CTNNB1,SEL1L,0
DNMT3B,SMARCD1,0
EZH2,POLR3G,0
TCF4,MRPL1,0
BCL11A,PHLDA1,0
TCF4,TLE2,0
AR,SRSF1,0
SMAD2,TRAPPC8,0
STAT3,ARFGAP3,0
CTNNB1,EPHA4,0
CTNNB1,NFYB,0
GATA6,ODF2,0
PRDM1,UBL3,0
PRDM1,COL11A1,0
BCL11A,KLF8,0
TP53,HNRNPAB,0
BCL11A,PABPC4L,0
SOX17,NFIB,0
EZH2,PREPL,0
BCL11A,UTP18,0
EZH2,SOX2,0
SOX2,YBX1,0
SNAI2,LIFR,0
GATA3,NBEAL1,0
SNAI2,POLR2A,0
OTX2,ZNF512,0
SNAI2,NFATC1,0
DNMT3B,DNMT3A,0
FOXH1,NUFIP1,0
HAND2,LRP12,0
POU5F1,DOCK1,0
ZFP42,CCDC81,0
STAT3,CRABP2,0
CTNNB1,FOXJ2,0
ZFP42,AURKB,0
MLLT3,SMAD5,0
SMAD2,VIM,0
FOXH1,NUP54,0
TCF4,ZNF202,0
SMAD2,BMP2,0
TEAD4,PAQR3,0
CTNNB1,FAM208A,0
GATA4,MLLT6,0
GATA4,SORL1,0
SOX17,POLR1A,0
AR,TRIM28,0
HAND2,SLC36A4,0
SNAI2,ZNF30,0
SNAI2,NR0B1,0
KLF5,TMEM38B,0
GATA4,CYYR1,0
TRIM28,DMXL2,0
MLLT3,MMP16,0
GATA6,B3GNT5,0
ZFP42,FARSB,0
TP53,GRHL1,0
DNMT3B,SLC35F1,0
SNAI2,RAB31,0
HAND2,MECOM,0
MLLT3,ZNF93,0
KLF5,C2ORF69,0
EGR1,PRMT6,0
EZH2,SAMD3,0
SOX2,NTN4,0
AR,ZNF585B,0
AR,POP5,0
GATA2,POLR2A,0
ZFP42,OTX2,0
AR,ALDOC,0
GATA4,SLC36A4,0
GATA4,MFAP4,0
BCL11A,POLK,0
PRDM1,ST8SIA1,0
SNAI2,FAM135A,0
TRIM28,CTBP1,0
MXI1,GRPR,0
SOX2,ARFGAP3,0
PRDM1,ESRP1,0
DNMT3B,GABRB3,0
AR,LIN28A,0
EZH2,ZNF24,0
EGR1,ESRP1,0
KLF5,ERCC6L,0
FOXH1,ARSE,0
GATA6,AGL,0
TCF4,HELZ,0
CTNNB1,ZNF471,0
POU5F1,RBBP8,0
BCL11A,NXT2,0
LEF1,JMJD1C,0
EOMES,COX10,0
TRIM28,HECW2,0
TP53,STAT2,0
EGR1,PHC1,0
AR,C4ORF46,0
GATA6,RPF2,0
ZFP42,RMI1,0
GATA6,KIF21A,0
GATA3,TRPS1,0
SNAI2,TYRO3,0
DNMT3B,PAWR,0
EGR1,SLC39A14,0
MLLT3,GALNT11,0
GATA3,SMAD6,0
EZH2,GYPA,0
SMAD2,WWTR1,0
NANOG,TRPS1,0
KLF5,THAP9,0
FOXP1,COLEC12,0
GATA3,LAMB1,0
TCF4,SSX2IP,0
MXI1,RXRG,0
EZH2,ZNF160,0
GATA2,ZSWIM6,0
GATA3,NCAPG,0
SNAI2,RGS5,0
AR,ZWILCH,0
MLLT3,NOL11,0
SMAD2,MYBL2,0
LEF1,RMI1,0
SNAI2,ALYREF,0
GATA2,MBIP,0
AR,AMIGO2,0
GATA2,KIF11,0
NANOG,TMEM177,0
FOXH1,HS3ST1,0
MLLT3,SOX5,0
EOMES,COL4A1,0
MLLT3,ODF2,0
TP53,PLCE1,0
OTX2,TSR1,0
AR,MCM10,0
LEF1,ECI2,0
FOXH1,MAK16,0
HAND2,MAT2B,0
EGR1,CEP55,0
EOMES,FGF2,0
GATA3,PCDH7,0
HAND2,HAPLN1,0
POU5F1,TMOD1,0
TP53,SERTAD2,0
MXI1,ANKRD1,0
GATA4,APOBEC3C,0
MLLT3,SPRED2,0
TRIM28,NTN4,0
DNMT3B,ZHX3,0
ZFP42,PLK2,0
DNMT3B,GCA,0
EOMES,RFXANK,0
LEF1,KLF6,0
PRDM1,DBF4,0
SNAI2,DNMT3B,0
ZFP42,PAM,0
CTNNB1,NFKBIA,0
STAT3,SCO1,0
OTX2,ETV3,0
OTX2,ZBTB38,0
SMAD2,AP1M2,0
GATA2,ALYREF,0
SNAI2,LRRCC1,0
FOXH1,DCAF6,0
GATA6,ZKSCAN1,0
DNMT3B,GLRX,0
GATA4,SOS2,0
BCL11A,CRX,0
SOX2,CD1D,0
MLLT3,ANKRD50,0
HAND2,ASS1,0
DNMT3B,CDC20,0
SMAD2,ZNF488,0
GATA2,PRIM1,0
STAT3,NKX3-1,0
EZH2,UHRF1,0
PRDM1,PRIM1,0
TRIM28,KLF6,0
GATA2,ITGA6,0
TRIM28,KLHL4,0
POU5F1,EPB41L3,0
TRIM28,CHEK2,0
GATA4,DKK3,0
LEF1,VEZT,0
FOXH1,POLB,0
POU5F1,PALLD,0
TCF4,FRZB,0
GATA3,BCAS2,0
DNMT3B,APBB2,0
GATA2,PSMC3IP,0
EZH2,NFKBIA,0
PRDM1,OIP5,0
TFAP2A,BTBD10,0
GATA4,MSX1,0
SOX17,ZNF202,0
ZFP42,MCM10,0
TP53,BCL11A,0
MXI1,DBF4,0
DNMT3B,ZBTB38,0
SMAD2,S1PR3,0
CTNNB1,RPA2,0
EZH2,ATG4C,0
JUND,SIPA1L2,0
TRIM28,SMAD6,0
AR,FAM135A,0
CTNNB1,TPD52L2,0
EGR1,PLK1,0
PRDM1,SUPT7L,0
SOX2,TPD52L2,0
FOXP1,ELK3,0
PRDM1,RPP40,0
FOXP1,ARNT2,0
POU5F1,DKK3,0
SOX17,SERPINE2,0
TCF4,MYO5B,0
SNAI2,ANKRD28,0
SOX17,SERINC3,0
GATA2,SLC46A3,0
OTX2,E2F4,0
EOMES,DEK,0
FOXH1,NRIP1,0
TRIM28,SLFN5,0
ZFP42,EWSR1,0
SOX2,UTP15,0
GATA4,ZNF219,0
GATA3,TIPARP,0
EGR1,PHLDA1,0
TEAD4,SLC16A2,0
HAND2,UTP15,0
CTNNB1,PPM1H,0
SOX17,RNF170,0
JUND,ELK3,0
GATA3,SKA3,0
POU5F1,PHC1,0
PRDM1,F3,0
GATA2,HAS2,0
GATA2,ITGAV,0
HAND2,RNF13,0
STAT3,SLC46A3,0
POU5F1,LPGAT1,0
CTNNB1,CLDN11,0
CTNNB1,HNRNPD,0
SOX2,GAD1,0
SOX2,PRIM1,0
GATA4,NTS,0
BCL11A,CAPN2,0
AR,CSPP1,0
NANOG,PGM1,0
KLF5,LRRCC1,0
FOXH1,RNF24,0
POU5F1,EDEM3,0
KLF5,DAB1,0
GATA2,TSR2,0
FOXH1,COMMD10,0
FOXH1,PBXIP1,0
POU5F1,BMPER,0
FOXP1,CDC20,0
AR,ATRX,0
SNAI2,GABRB3,0
POU5F1,TRIM28,0
SOX2,SERPINE2,0
LEF1,NR0B1,0
SMAD2,VWA5A,0
GATA3,SEMA3A,0
TFAP2A,RORB,0
TRIM28,SEMA6A,0
SNAI2,FNDC3B,0
NANOG,CDH11,0
EGR1,SEMA3E,0
GATA2,KLF5,0
EGR1,NRP2,0
EGR1,GULP1,0
CTNNB1,STT3B,0
TCF4,BTG2,0
SOX17,SERPINB6,0
KLF5,HOMER1,0
GATA4,PREX1,0
AR,ECI2,0
FOXP1,MBOAT1,0
MLLT3,NRIP1,0
POU5F1,WDR35,0
ZFP42,MYOF,0
SOX2,NT5DC3,0
FOXH1,POLR3G,0
TP53,ALCAM,0
TCF4,ZFC3H1,0
TCF4,EIF5A2,0
HAND2,KIAA1324L,0
GATA6,SMARCD1,0
MLLT3,SRC,0
CTNNB1,MXRA5,0
FOXP1,PJA2,0
DNMT3B,ACBD6,0
EGR1,ITPR2,0
LEF1,HAS2,0
OTX2,FRMD4B,0
FOXP1,MYBL2,0
DNMT3B,CPE,0
SOX17,TWIST1,0
GATA4,ZNF398,0
GATA3,ESCO2,0
POU5F1,EPHA1,0
EZH2,ZFP62,0
ZFP42,RORB,0
TP53,MBIP,0
PRDM1,PATZ1,0
GATA4,DYNC2LI1,0
OTX2,SMAD2,0
SOX17,KLF5,0
SOX2,ZFYVE21,0
GATA2,BARX2,0
SMAD2,PHC1,0
GATA2,HELZ,0
POU5F1,SNAI1,0
SNAI2,CADM1,0
AR,TIMM21,0
LEF1,PAK1IP1,0
SOX2,LIG4,0
BCL11A,SMAD5,0
ZFP42,GATAD2A,0
MXI1,PLOD2,0
GATA6,DCLK1,0
DNMT3B,MYCN,0
FOXP1,SOX4,0
EGR1,SKA3,0
STAT3,SEMA6D,0
GATA6,CCDC50,0
TP53,SPRED2,0
LEF1,CCDC6,0
PRDM1,SHISA6,0
GATA4,TCF19,0
SOX17,RAVER2,0
KLF5,MMP16,0
POU5F1,MCM4,0
BCL11A,AES,0
TRIM28,RBM14,0
SOX17,CITED2,0
TRIM28,NOB1,0
GATA6,ARID3B,0
SNAI2,AADAT,0
KLF5,UTP14A,0
TCF4,STXBP5,0
EZH2,ZKSCAN1,0
SOX17,CLCN3,0
KLF5,HDAC9,0
HAND2,DNAJC16,0
FOXH1,PLOD2,0
CTNNB1,SFMBT1,0
SOX2,FLVCR2,0
EOMES,TSR2,0
GATA2,U2AF1,0
MXI1,EIF5A2,0
ZFP42,SUPT7L,0
MLLT3,BHLHB9,0
SNAI2,LRRN1,0
POU5F1,HLA-DRB1,0
CTNNB1,SMARCD1,0
CTNNB1,WNT5A,0
PRDM1,DAB2,0
TEAD4,CD9,0
NANOG,KDELR3,0
AR,ALCAM,0
SNAI2,COL4A5,0
LEF1,UPF1,0
ZFP42,MITF,0
SOX17,NEK7,0
SNAI2,TEAD1,0
GATA4,TMSB15B,0
HAND2,LPGAT1,0
GATA3,SOX17,0
SOX2,SNX18,0
TCF4,SMARCD1,0
MLLT3,CCDC112,0
SNAI2,DAAM1,0
GATA2,AK4,0
AR,KLHL24,0
MXI1,CALCOCO2,0
LEF1,DEK,0
KLF5,SSB,0
TCF4,FOXK1,0
STAT3,TCOF1,0
SNAI2,SOX17,0
TP53,ETV4,0
EOMES,DOCK1,0
SMAD2,ASXL1,0
KLF5,AES,0
GATA2,PCK2,0
FOXP1,RCHY1,0
LEF1,TRAPPC8,0
AR,LUM,0
BCL11A,DNAJC11,0
ZFP42,NT5DC3,0
AR,SRSF10,0
TEAD4,CCDC50,0
LEF1,CCDC82,0
KLF5,MICU1,0
POU5F1,FOXF1,0
NANOG,TTK,0
JUND,ARNT2,0
EOMES,NUCB2,0
FOXH1,RTKN2,0
LEF1,FZD5,0
GATA6,ACBD3,0
EZH2,ZHX3,0
SMAD2,CDCA8,0
CTNNB1,NOP16,0
TFAP2A,HOXB7,0
SMAD2,FAM126A,0
ZFP42,DOCK1,0
EZH2,CCPG1,0
GATA6,SRSF6,0
EZH2,ID3,0
BCL11A,ZFP42,0
MXI1,LRP12,0
TEAD4,CDC14B,0
TCF4,POLR2H,0
POU5F1,STIM2,0
TCF4,HDAC9,0
DNMT3B,POLQ,0
TCF4,TMEM39A,0
PRDM1,AK4,0
ZFP42,PGM1,0
HAND2,USP1,0
JUND,EDEM3,0
MLLT3,MFAP4,0
GATA3,CXXC1,0
AR,ZNF219,0
GATA6,NFKBIB,0
HAND2,TFE3,0
PRDM1,MAEA,0
JUND,DMXL2,0
SNAI2,C4ORF46,0
KLF5,EPB41L3,0
GATA6,MIF,0
GATA2,IRF1,0
GATA3,DACH1,0
LEF1,HSD17B11,0
JUND,ELMO1,0
SOX17,NFIC,0
JUND,COG6,0
DNMT3B,KAT6A,0
GATA6,CDCA7,0
FOXH1,KLF6,0
TRIM28,ZBTB2,0
GATA4,WEE1,0
SNAI2,TDP2,0
OTX2,LIFR,0
KLF5,DAB2,0
MXI1,ITGA4,0
SOX17,PGAP2,0
HAND2,EGF,0
GATA3,KLHL28,0
CTNNB1,RIPPLY1,0
SOX2,PAWR,0
SMAD2,MCCC1,0
AR,SMYD5,0
EGR1,MCM3,0
MLLT3,PLAGL1,0
SOX2,GEMIN4,0
PRDM1,ZFP36L2,0
SOX2,RIPPLY1,0
EOMES,MAPKAPK3,0
GATA6,UTP14A,0
GATA3,RCOR3,0
CTNNB1,SLC16A2,0
GATA3,PPIC,0
KLF5,POLR2I,0
TCF4,CLDN10,0
SNAI2,ZSWIM6,0
GATA4,CNTRL,0
MXI1,SEMA5A,0
KLF5,LRIG3,0
TP53,SLITRK2,0
ZFP42,WDR35,0
OTX2,F3,0
GATA6,NCAPG,0
LEF1,RBBP8,0
SMAD2,WWP1,0
PRDM1,COLEC12,0
PRDM1,FUS,0
TP53,AFF1,0
EGR1,ELK3,0
PRDM1,TIAM1,0
MLLT3,ARID3A,0
DNMT3B,SERINC3,0
TRIM28,MED12L,0
GATA6,HECW2,0
MXI1,ANGPT2,0
TRIM28,CDH11,0
GATA6,MPHOSPH6,0
DNMT3B,ATRX,0
CTNNB1,LPGAT1,0
GATA3,ZNF589,0
SMAD2,NAP1L3,0
MXI1,GATA4,0
HAND2,DPH2,0
DNMT3B,CDH11,0
POU5F1,FYTTD1,0
EZH2,SMAD2,0
MLLT3,FAM126A,0
HAND2,ZFP36L2,0
SNAI2,ITCH,0
POU5F1,CCDC6,0
FOXH1,WDR5,0
EZH2,POLR1A,0
GATA3,ACBD3,0
TEAD4,SOS2,0
MLLT3,EGR1,0
CTNNB1,KLF7,0
MLLT3,ZFYVE21,0
AR,MCM7,0
AR,ESPL1,0
POU5F1,KIAA1324L,0
GATA2,NFYB,0
MLLT3,TRPA1,0
MLLT3,ATF6,0
GATA4,TTC27,0
DNMT3B,ATF6,0
DNMT3B,THAP9,0
EOMES,PLK1,0
AR,EXO1,0
MXI1,GGCT,0
STAT3,WDHD1,0
FOXH1,SLFN5,0
AR,PPAT,0
GATA4,UCK2,0
SMAD2,MXD4,0
LEF1,KIF23,0
GATA4,FAM83D,0
GATA4,ZFHX3,0
TEAD4,CA14,0
JUND,TMEM47,0
SOX2,TSR1,0
TCF4,VPS54,0
POU5F1,HOPX,0
BCL11A,ESPL1,0
SOX17,ZDHHC2,0
AR,CGNL1,0
FOXH1,QPCT,0
TEAD4,PLEKHA6,0
SOX17,MGST2,0
GATA4,ADSS,0
MXI1,CAPN2,0
TCF4,NUCB2,0
GATA2,ZNF516,0
SOX17,UPF3B,0
BCL11A,ALDH2,0
GATA3,ARL4A,0
FOXP1,BET1,0
TEAD4,PTGR1,0
MXI1,RASGRP3,0
SOX2,RRN3,0
BCL11A,CCDC112,0
EZH2,NTS,0
BCL11A,WDR3,0
ZFP42,DPY19L1,0
LEF1,SLC5A6,0
CTNNB1,PCDH17,0
LEF1,ARHGAP29,0
EZH2,SERPINB6,0
FOXH1,MND1,0
GATA2,CEP290,0
GATA3,ZKSCAN1,0
LEF1,F3,0
DNMT3B,ANKRD6,0
SOX17,PGR,0
TCF4,TOP2A,0
SOX2,NFIB,0
SMAD2,CASK,0
MLLT3,TMEM131,0
STAT3,SORT1,0
ZFP42,LAP3,0
TP53,DECR1,0
LEF1,CBFA2T2,0
GATA4,TRUB1,0
TP53,SH3RF1,0
ZFP42,ERCC6L,0
KLF5,RAI1,0
TRIM28,ARHGAP42,0
JUND,POU2F1,0
DNMT3B,OTX2,0
GATA4,THAP9,0
BCL11A,RBM24,0
SOX17,TXLNG,0
BCL11A,OSBPL10,0
GATA2,DNAAF2,0
SOX17,TWISTNB,0
GATA4,ALDOC,0
ZFP42,RABGAP1L,0
SMAD2,MICU1,0
PRDM1,FOXN2,0
BCL11A,BCAR3,0
EZH2,ACSS3,0
GATA3,GGCT,0
NANOG,SRSF10,0
SOX17,TMEM87A,0
FOXP1,SH3BGRL2,0
BCL11A,PLEKHA6,0
TP53,RFESD,0
FOXH1,MORC4,0
POU5F1,PPT2,0
TRIM28,CPE,0
EOMES,FBXO5,0
SOX2,JUND,0
FOXH1,ZDHHC2,0
SOX17,RFC4,0
MLLT3,AKAP2,0
BCL11A,CEP192,0
EGR1,ZWILCH,0
LEF1,COX10,0
SNAI2,EDEM3,0
MLLT3,ANGPT2,0
GATA2,HAND2,0
SOX2,ELK3,0
OTX2,TRIM27,0
EZH2,MYCN,0
GATA4,SORT1,0
KLF5,GATA6,0
TCF4,COL4A1,0
GATA6,SAAL1,0
BCL11A,SRSF6,0
BCL11A,CHN1,0
GATA2,MCM4,0
AR,ITPR2,0
SNAI2,UBL3,0
MLLT3,ITGA5,0
JUND,FLVCR2,0
GATA2,RAD51AP1,0
MXI1,SKIL,0
POU5F1,SLC43A3,0
SOX17,MRPS30,0
SMAD2,RAB31,0
KLF5,MAPK10,0
OTX2,SLC5A6,0
SNAI2,METTL1,0
TCF4,ST8SIA1,0
PRDM1,PBXIP1,0
TEAD4,CEP192,0
FOXH1,TCN2,0
SNAI2,TRIM22,0
GATA6,RFC4,0
BCL11A,SF1,0
SOX17,STXBP5,0
EGR1,COL5A2,0
PRDM1,CDCA8,0
LEF1,NFYB,0
BCL11A,FGF2,0
HAND2,CUX1,0
HAND2,ILF3,0
PRDM1,U2AF1,0
EOMES,FAM89A,0
FOXH1,RNF19A,0
GATA2,AEBP1,0
HAND2,ANGPT2,0
GATA4,LPIN1,0
GATA2,ZNF142,0
ZFP42,SAP18,0
EZH2,SPPL2A,0
TCF4,NTS,0
SOX17,PSMD9,0
SNAI2,NFIB,0
AR,UBL3,0
SMAD2,RABGAP1L,0
BCL11A,SLC43A3,0
MXI1,CPSF3,0
DNMT3B,GALM,0
FOXP1,FAM208A,0
NANOG,MCM5,0
PRDM1,GATA2,0
GATA2,TTC4,0
SMAD2,PRMT3,0
BCL11A,C1GALT1,0
TCF4,GPSM2,0
TP53,DTL,0
SOX17,MPHOSPH9,0
ZFP42,ZNF691,0
EGR1,MT1X,0
STAT3,KIF23,0
GATA4,CENPK,0
TCF4,BHLHB9,0
LEF1,CD1D,0
TEAD4,PHLDB2,0
HAND2,BBS4,0
EZH2,ASNS,0
OTX2,PLAGL2,0
TEAD4,POLR1A,0
MLLT3,FAM20A,0
GATA2,ST8SIA4,0
GATA4,EGF,0
SNAI2,TEX10,0
GATA2,PPARGC1B,0
GATA6,ISL1,0
SNAI2,ERLEC1,0
MXI1,DAB1,0
ZFP42,CBR1,0
TP53,FOXP1,0
ZFP42,ELL2,0
BCL11A,RNF24,0
SNAI2,DSCC1,0
TCF4,RGPD2,0
TCF4,GALNT11,0
MLLT3,NEDD4,0
NANOG,BCAR3,0
FOXH1,SLC29A1,0
POU5F1,TRPC4,0
KLF5,TFE3,0
DNMT3B,TFAP2A,0
FOXP1,LIFR,0
SNAI2,POLR1A,0
GATA4,MAEA,0
GATA3,FXR1,0
TFAP2A,GEMIN6,0
GATA6,PBXIP1,0
CTNNB1,PATZ1,0
FOXP1,CPD,0
STAT3,SORL1,0
TRIM28,TRIM22,0
PRDM1,SIPA1L2,0
GATA4,HOOK1,0
SNAI2,DSE,0
KLF5,SECISBP2L,0
GATA3,ESRRG,0
SOX17,NDC80,0
GATA4,TFDP1,0
GATA4,ST8SIA4,0
DNMT3B,NUSAP1,0
BCL11A,MRPL1,0
TCF4,MAPRE2,0
POU5F1,UPF3B,0
FOXP1,MYCN,0
FOXH1,FIG4,0
ZFP42,ZBTB2,0
OTX2,WDFY1,0
POU5F1,FEZ1,0
GATA4,INPP4A,0
POU5F1,RORB,0
HAND2,LIG4,0
SOX17,FAM169A,0
AR,GALNT11,0
EGR1,VSNL1,0
STAT3,ZBTB10,0
SNAI2,GTF2H2,0
TEAD4,TLE3,0
MLLT3,SERINC3,0
JUND,CRHBP,0
POU5F1,ASNS,0
TP53,EEF1A1,0
SMAD2,TBC1D4,0
GATA3,RAD50,0
GATA2,RNF170,0
ZFP42,ZNF516,0
GATA2,TRPC4,0
SOX17,ARL4D,0
SNAI2,REV3L,0
SMAD2,CAMK2D,0
NANOG,FOXJ1,0
GATA6,CCNG2,0
ZFP42,DEK,0
SOX17,INSIG2,0
TRIM28,STEAP1B,0
KLF5,ASB9,0
FOXH1,SH3BGRL,0
MLLT3,SMYD2,0
GATA3,SYT1,0
TRIM28,PIK3R5,0
STAT3,ELMOD2,0
POU5F1,FAM117B,0
HAND2,ZNF160,0
TCF4,LDB2,0
EGR1,BBS2,0
TRIM28,ST3GAL6,0
AR,LIMCH1,0
EOMES,PLAGL2,0
EOMES,BHLHE40,0
EZH2,FUS,0
STAT3,CCDC80,0
EOMES,GGCT,0
PRDM1,EPHB2,0
GATA2,CALCOCO2,0
ZFP42,SLC39A8,0
EOMES,MCM10,0
KLF5,INPP4A,0
MXI1,SOX3,0
PRDM1,TUBA4A,0
GATA6,ATRX,0
POU5F1,ELL2,0
JUND,UCK2,0
BCL11A,SP110,0
TCF4,SLITRK2,0
TCF4,NUDT11,0
MLLT3,PTDSS1,0
AR,RGMB,0
STAT3,GPX7,0
JUND,ISL1,0
SOX17,ZNF521,0
BCL11A,ITCH,0
EZH2,RBPJ,0
SOX17,FXR1,0
TEAD4,VASH2,0
POU5F1,FOXK1,0
SOX2,RBM12,0
DNMT3B,HOPX,0
GATA3,FRZB,0
STAT3,IGSF3,0
LEF1,TCF4,0
DNMT3B,LEF1,0
GATA4,TLR4,0
EOMES,TRUB1,0
PRDM1,FAM117B,0
KLF5,BAG3,0
OTX2,CUX1,0
EGR1,TGFBR3,0
MLLT3,ST8SIA4,0
EGR1,CREB3L4,0
TRIM28,SAP18,0
AR,TRAF5,0
EOMES,COL5A2,0
KLF5,PABPC4L,0
STAT3,COMMD3,0
DNMT3B,ELMO1,0
TEAD4,SIPA1L2,0
SOX17,MECOM,0
ZFP42,TFAP4,0
FOXP1,SCD5,0
POU5F1,ALG6,0
OTX2,NKX3-1,0
FOXP1,CCDC81,0
EOMES,ZBTB2,0
BCL11A,PCK2,0
BCL11A,EGF,0
GATA6,MYOF,0
POU5F1,RPA2,0
TRIM28,LRR1,0
DNMT3B,NFE2L3,0
KLF5,DNAJB14,0
OTX2,HDGF,0
AR,GULP1,0
POU5F1,DPH2,0
PRDM1,RUVBL1,0
SOX2,PTDSS1,0
STAT3,DOK6,0
DNMT3B,TLE1,0
HAND2,LHX1,0
GATA4,TPD52L2,0
BCL11A,LGR5,0
MLLT3,PLAU,0
SNAI2,MOB3B,0
SMAD2,PRKACB,0
AR,HS3ST3A1,0
MXI1,ESCO2,0
EGR1,TRIM27,0
FOXP1,EXOSC3,0
GATA6,POLR2A,0
FOXP1,KIF13B,0
TCF4,ALCAM,0
BCL11A,STX12,0
FOXH1,JPH1,0
TEAD4,ASH2L,0
LEF1,GABRB2,0
LEF1,TCF19,0
MXI1,PARN,0
TP53,ARFGAP3,0
GATA2,OTUD6B,0
DNMT3B,CENPK,0
TRIM28,WDFY1,0
EOMES,DSCC1,0
EGR1,ZNF317,0
EZH2,MLLT6,0
PRDM1,STEAP1B,0
FOXP1,PELI2,0
DNMT3B,TRIB1,0
BCL11A,FGD6,0
GATA6,MMP16,0
TCF4,PTPRM,0
MLLT3,UBTF,0
TP53,TK1,0
POU5F1,COL11A1,0
GATA2,IL13RA1,0
GATA4,PMAIP1,0
CTNNB1,TEX10,0
MXI1,MXRA5,0
EZH2,CCNB2,0
PRDM1,MAD2L1,0
EOMES,GCA,0
EOMES,GPC3,0
POU5F1,RPP40,0
CTNNB1,PLOD2,0
PRDM1,MCC,0
GATA3,IGDCC4,0
MXI1,COL4A5,0
ZFP42,SHOX2,0
JUND,LHX1,0
GATA3,CD99L2,0
GATA6,FUT8,0
MLLT3,GATM,0
STAT3,NFXL1,0
TP53,ANKRD13A,0
TCF4,DLC1,0
GATA2,BCAS2,0
CTNNB1,LRAT,0
ZFP42,SIPA1L2,0
TP53,DSCC1,0
PRDM1,CASK,0
EZH2,MED12L,0
TP53,PRPS2,0
TP53,JPH1,0
LEF1,MCM5,0
GATA4,TMEM38B,0
CTNNB1,POLQ,0
SMAD2,URB2,0
GATA6,SATB2,0
EGR1,PTPRZ1,0
MXI1,HSD17B11,0
SOX17,ST8SIA4,0
HAND2,WDR75,0
POU5F1,TRIP13,0
SOX17,EWSR1,0
CTNNB1,LCMT1,0
SNAI2,MEX3C,0
KLF5,MRPL1,0
GATA3,DNAJC11,0
SNAI2,SMG6,0
HAND2,CHAF1A,0
TCF4,RIPPLY1,0
PRDM1,PDE4D,0
TP53,ERCC6L,0
GATA4,RXRG,0
GATA6,ANKRD13C,0
FOXH1,SOX3,0
FOXH1,LYAR,0
HAND2,KIF21A,0
OTX2,CDH11,0
SOX2,ZDHHC2,0
EOMES,MFN2,0
AR,GRPR,0
MXI1,PGR,0
MXI1,NLRP2,0
TCF4,SYNE2,0
CTNNB1,FBXO34,0
GATA4,SERPINB1,0
SNAI2,SERTAD2,0
GATA6,EXOSC3,0
GATA3,NPM1,0
SOX2,LEF1,0
GATA2,SEMA3A,0
GATA4,MBTD1,0
STAT3,NPFFR2,0
GATA2,CXXC1,0
KLF5,JAKMIP2,0
FOXP1,TCF19,0
GATA6,NDC80,0
TP53,ILF3,0
STAT3,MSX1,0
POU5F1,NRP2,0
TRIM28,GATA6,0
LEF1,STK3,0
LEF1,DENND1A,0
TEAD4,MPP6,0
FOXP1,SIPA1L2,0
PRDM1,RXRG,0
GATA4,SLC35A3,0
OTX2,SETBP1,0
TP53,ZNF398,0
GATA4,ZHX3,0
MXI1,FAM89A,0
FOXP1,MORC4,0
SOX17,NUAK1,0
LEF1,DEPDC1B,0
GATA3,ZNF93,0
STAT3,LAMB1,0
GATA4,FGD6,0
POU5F1,GATA3,0
KLF5,PBXIP1,0
FOXP1,NIPSNAP3A,0
BCL11A,FNDC3B,0
GATA6,SPRY2,0
OTX2,FN1,0
STAT3,GRPR,0
ZFP42,TMEM87A,0
CTNNB1,FAM120AOS,0
STAT3,ABLIM1,0
PRDM1,CCNB2,0
GATA4,FRMD4B,0
FOXP1,BCL11A,0
TCF4,OPTN,0
GATA4,NECAP2,0
GATA6,MRPS9,0
SNAI2,MMP16,0
GATA2,SEL1L,0
GATA3,EHMT2,0
SOX2,COG6,0
SNAI2,MMP2,0
GATA2,FLVCR2,0
TCF4,ARRB1,0
EGR1,RBMX,0
SOX17,GYPE,0
GATA3,ENOPH1,0
BCL11A,CDCA7L,0
MLLT3,GATA6,0
HAND2,CTNNB1,0
SMAD2,XRN1,0
MLLT3,CCDC141,0
GATA4,SATB2,0
MLLT3,SSB,0
LEF1,GEMIN4,0
FOXH1,ZNF142,0
GATA6,SLC7A5,0
EZH2,TFB2M,0
SMAD2,SH3BP4,0
SOX2,MXRA5,0
GATA4,ARID3B,0
FOXH1,ALDH18A1,0
SMAD2,GATA2,0
DNMT3B,ARID3A,0
NANOG,RNF13,0
GATA4,TCN2,0
EZH2,IMPAD1,0
AR,PGR,0
LEF1,DACH1,0
GATA6,QPCT,0
STAT3,CITED2,0
MLLT3,TCF19,0
DNMT3B,CAMK2D,0
EGR1,POLR2G,0
EOMES,NIPSNAP1,0
BCL11A,CEP85L,0
TEAD4,PPARGC1B,0
SNAI2,GALC,0
DNMT3B,CSPP1,0
GATA6,STAT2,0
STAT3,MIB1,0
GATA2,PCDH17,0
PRDM1,BLM,0
SOX17,TCOF1,0
POU5F1,DDHD2,0
STAT3,SNX16,0
HAND2,UPF2,0
TRIM28,MBOAT1,0
GATA3,PRCP,0
EZH2,SAMD8,0
EZH2,UTP15,0
AR,ANKRD13A,0
GATA4,FBXO34,0
SOX2,SART3,0
GATA4,LGR5,0
POU5F1,TGFBR3,0
MLLT3,KIF1A,0
TP53,PRKACB,0
SOX17,ZFHX3,0
HAND2,TRUB1,0
TCF4,TRIB1,0
PRDM1,CRABP2,0
GATA4,TNFRSF21,0
KLF5,TOP2A,0
STAT3,BBS4,0
MLLT3,ZRANB2,0
JUND,TMEM38B,0
GATA6,ZWILCH,0
FOXH1,ALCAM,0
LEF1,EGR1,0
SOX17,FAM208A,0
SNAI2,CNKSR3,0
EZH2,APEX1,0
GATA2,CPD,0
SNAI2,DYNC2LI1,0
EOMES,CCDC82,0
GATA2,MAGI3,0
TRIM28,TCF7L1,0
TP53,SART3,0
POU5F1,NOP16,0
DNMT3B,RRN3,0
FOXP1,FBXO28,0
POU5F1,SFPQ,0
SOX17,PPARGC1B,0
GATA6,KAT7,0
CTNNB1,APOBEC3C,0
STAT3,LHX1,0
GATA6,ETV3,0
CTNNB1,HNRNPK,0
LEF1,SNAI2,0
EZH2,PPAT,0
FOXP1,ANKRD13A,0
LEF1,LIG4,0
PRDM1,TTC4,0
EOMES,SERPINB6,0
LEF1,PTMA,0
GATA4,EPB41L3,0
NANOG,KRCC1,0
LEF1,ELMOD2,0
SMAD2,HMGA1,0
SOX17,UNC13B,0
GATA3,ITGAV,0
MXI1,ZNF280B,0
HAND2,CENPK,0
MLLT3,SH3BP4,0
TCF4,WDR35,0
FOXH1,PDE3B,0
STAT3,WWTR1,0
FOXH1,PRPS2,0
MXI1,TNFRSF11B,0
PRDM1,SULF2,0
DNMT3B,TRIM28,0
AR,PCNA,0
FOXH1,RBM24,0
JUND,FST,0
KLF5,RIN2,0
ZFP42,ISL1,0
FOXP1,DOK6,0
TP53,SETD7,0
SMAD2,SOX5,0
MLLT3,PALLD,0
SMAD2,UHRF1,0
TP53,STT3B,0
DNMT3B,MIA3,0
AR,ITGB3BP,0
MLLT3,GLMN,0
DNMT3B,NIP7,0
TP53,CAD,0
TEAD4,PLAU,0
TEAD4,AR,0
GATA2,FRYL,0
POU5F1,CEP55,0
SOX2,FOXJ1,0
ZFP42,ECI2,0
EZH2,MCM4,0
STAT3,HTRA1,0
STAT3,SAP18,0
OTX2,ALDH2,0
NANOG,LGR4,0
EZH2,NIF3L1,0
FOXP1,ZEB2,0
KLF5,SFMBT1,0
GATA3,SEMA5A,0
TRIM28,ISCA1,0
LEF1,SMARCD1,0
GATA3,CCDC90B,0
NANOG,CHAF1A,0
EZH2,PGAP2,0
GATA3,GALC,0
SMAD2,MCM2,0
TCF4,SAP18,0
STAT3,PRDM14,0
GATA3,TPD52L2,0
PRDM1,RBBP4,0
BCL11A,ELMOD2,0
OTX2,NIPSNAP3A,0
TRIM28,BCL11A,0
SNAI2,FAM162A,0
TRIM28,PATZ1,0
PRDM1,HESX1,0
KLF5,SMAD2,0
SOX17,VEZT,0
OTX2,TAOK3,0
SOX2,NUAK1,0
SOX17,OXTR,0
GATA6,PLCB1,0
TEAD4,SULF2,0
GATA3,NR2C1,0
ZFP42,RNF13,0
STAT3,ENC1,0
EGR1,SNX14,0
SOX17,MCM5,0
POU5F1,SEPHS1,0
JUND,CTBP1,0
SOX17,FAT1,0
GATA4,MME,0
OTX2,DYNC2LI1,0
EOMES,FRZB,0
TRIM28,PPM1K,0
TP53,SATB2,0
POU5F1,WDR5,0
TEAD4,CD1D,0
TP53,VAMP7,0
TEAD4,FOXP1,0
TRIM28,RBM12,0
MLLT3,CLCN3,0
GATA4,NIPSNAP1,0
SNAI2,KDM6A,0
KLF5,CAP2,0
HAND2,CRIM1,0
TP53,CHEK2,0
EZH2,SMYD2,0
PRDM1,EZH2,0
BCL11A,TNC,0
HAND2,RCAN2,0
FOXH1,CADM1,0
STAT3,RGMB,0
AR,FGF2,0
SOX2,CA2,0
MLLT3,FOXK1,0
TP53,SORT1,0
GATA3,ZCCHC24,0
EGR1,TSR1,0
EZH2,MCM7,0
HAND2,NDC80,0
GATA3,ID3,0
EGR1,BMP2,0
GATA3,DNAJC16,0
EOMES,CHD9,0
ZFP42,PELI2,0
MLLT3,AP1M2,0
SOX2,PRMT6,0
SNAI2,ANKRD13A,0
POU5F1,MRPS9,0
LEF1,IFI16,0
KLF5,CYP26A1,0
GATA3,CDC20,0
BCL11A,ZNF516,0
BCL11A,GLIPR2,0
SMAD2,KRCC1,0
EZH2,AIP,0
STAT3,TRIAP1,0
GATA3,MCM3,0
DNMT3B,KDR,0
TEAD4,GLRX,0
NANOG,POLR3G,0
LEF1,MAMLD1,0
GATA4,RRN3,0
TEAD4,RAB31,0
EZH2,NIN,0
AR,FXR1,0
GATA2,LRIG3,0
GATA4,COL5A2,0
AR,MBIP,0
GATA2,MCM10,0
BCL11A,AP1M2,0
AR,STK3,0
GATA3,LRIG3,0
GATA2,SNRPD1,0
GATA4,FOXJ2,0
SNAI2,APEX1,0
GATA6,NXF1,0
EZH2,MAML3,0
TCF4,PPM1K,0
AR,E2F7,0
EGR1,PLEKHA6,0
PRDM1,DEDD2,0
NANOG,PRKACB,0
GATA6,PGAP2,0
GATA4,RBFOX2,0
SOX17,NEDD4,0
MLLT3,POU2F1,0
EOMES,PENK,0
FOXP1,RBBP4,0
KLF5,TIMM21,0
SOX17,LIG4,0
BCL11A,TGFBR1,0
NANOG,FAT1,0
PRDM1,HDGF,0
LEF1,RIOK1,0
EZH2,SNRPB,0
FOXH1,CDCA7,0
STAT3,CEP192,0
NANOG,ARL4D,0
CTNNB1,LTBP1,0
AR,SUPT16H,0
AR,KLHL28,0
TP53,NPFFR2,0
PRDM1,SPP1,0
TCF4,NFAT5,0
SOX17,AMN1,0
EOMES,MED12L,0
TEAD4,ZDHHC21,0
TCF4,TIPIN,0
TCF4,FOXD3,0
PRDM1,ITGB3BP,0
JUND,TRAF5,0
HAND2,MGST2,0
GATA4,CDH2,0
MXI1,DNAJC9,0
GATA3,TRAF5,0
JUND,NHSL1,0
POU5F1,NPFFR2,0
FOXP1,PLAU,0
TEAD4,APOBEC3C,0
NANOG,NIPSNAP3A,0
GATA6,RPA2,0
GATA6,FAM162A,0
CTNNB1,GULP1,0
MLLT3,PRIM1,0
GATA4,VIM,0
SOX17,KHSRP,0
NANOG,SYNC,0
OTX2,RAI1,0
TP53,STK3,0
AR,POLR2D,0
BCL11A,LEF1,0
SOX2,ZNF160,0
EZH2,SLC35A3,0
GATA4,FYTTD1,0
SOX2,LYAR,0
CTNNB1,ZDHHC21,0
BCL11A,SLFN5,0
DNMT3B,MED16,0
TFAP2A,SHISA6,0
DNMT3B,AP1M2,0
AR,TMEM64,0
HAND2,ZNF90,0
HAND2,NR2C1,0
EGR1,DACH1,0
POU5F1,KLHL24,0
MLLT3,FAM117B,0
ZFP42,DSE,0
SMAD2,CHN1,0
GATA3,EPHB2,0
AR,SEMA3E,0
MXI1,WEE1,0
GATA6,RCHY1,0
HAND2,ST3GAL6,0
EZH2,NAP1L3,0
AR,ZNF516,0
GATA2,WDR75,0
STAT3,DOK4,0
SOX2,IL6ST,0
SOX17,RIN2,0
SMAD2,DEDD2,0
SOX2,BMPER,0
GATA4,NIPSNAP3A,0
SNAI2,TP53INP1,0
DNMT3B,IAH1,0
EZH2,ZNF587,0
SNAI2,SCG3,0
GATA6,PATZ1,0
POU5F1,TTC4,0
HAND2,IAH1,0
JUND,FBXO5,0
STAT3,PLOD2,0
SNAI2,RBM24,0
STAT3,PPP1R9A,0
MXI1,RBM12,0
MXI1,JPH1,0
MLLT3,ELL2,0
JUND,RBM24,0
DNMT3B,SKA3,0
CTNNB1,ZNF488,0
HAND2,SNRPB,0
GATA3,VSNL1,0
STAT3,SMARCD1,0
BCL11A,PRTG,0
SOX2,SPP1,0
LEF1,S1PR3,0
GATA6,PA2G4,0
GATA6,TMSB15B,0
TP53,HLA-DRB1,0
FOXP1,LMO3,0
DNMT3B,EPHA2,0
TRIM28,ARID3A,0
TCF4,DPF2,0
TP53,PSMD9,0
POU5F1,POLR3G,0
GATA2,HNRNPAB,0
GATA3,GPATCH4,0
MXI1,MYCN,0
SMAD2,SEMA6D,0
LEF1,INPP4A,0
TRIM28,IL13RA1,0
TEAD4,LMO2,0
GATA2,EOMES,0
PRDM1,EGR1,0
AR,DSE,0
BCL11A,RBM12,0
LEF1,AURKB,0
GATA4,SOX13,0
EZH2,CA14,0
STAT3,NIP7,0
PRDM1,TADA1,0
MLLT3,NBEAL1,0
GATA2,GPC3,0
GATA6,ENC1,0
TP53,HAPLN1,0
STAT3,PTPRM,0
EOMES,POU3F1,0
POU5F1,TCF19,0
DNMT3B,SFRP2,0
NANOG,CDCA7L,0
SOX2,APOBEC3C,0
GATA4,E2F3,0
NANOG,PURA,0
FOXH1,TEAD4,0
BCL11A,STK38L,0
LEF1,TMEM64,0
FOXP1,ESRP1,0
CTNNB1,ACBD6,0
DNMT3B,ERRFI1,0
KLF5,ECI2,0
AR,ARHGAP29,0
MXI1,LPGAT1,0
GATA4,PLK1,0
POU5F1,IFRD2,0
TRIM28,PBX1,0
BCL11A,PALLD,0
SOX2,TFAP4,0
TEAD4,GLIPR2,0
NANOG,ESPL1,0
AR,MAPK10,0
PRDM1,STAT2,0
KLF5,CADM1,0
ZFP42,ST5,0
EOMES,TRIM33,0
KLF5,ARL4D,0
SOX17,APEX1,0
POU5F1,TMF1,0
AR,BAMBI,0
GATA4,FLRT3,0
DNMT3B,SH3BGRL,0
SMAD2,FST,0
STAT3,NDUFC2-KCTD14,0
STAT3,CD99L2,0
OTX2,FOXJ2,0
EGR1,CDC14B,0
AR,APC,0
TCF4,MPP6,0
SMAD2,POP5,0
JUND,COLEC12,0
KLF5,POLR1B,0
FOXH1,LTBP1,0
EZH2,WWTR1,0
TRIM28,WDR5,0
FOXP1,RPF2,0
GATA6,TGFB1I1,0
POU5F1,FARSB,0
TCF4,SH3RF1,0
FOXH1,PKIG,0
AR,FOXP1,0
OTX2,NDUFC2-KCTD14,0
MXI1,SVEP1,0
GATA4,E2F7,0
GATA6,ALCAM,0
KLF5,ATP11B,0
DNMT3B,S100A10,0
ZFP42,SH2B3,0
EOMES,MYOF,0
EOMES,DAB2,0
OTX2,LEF1,0
EZH2,MICU1,0
DNMT3B,TMEM177,0
ZFP42,ENOPH1,0
STAT3,LTV1,0
BCL11A,ITGA6,0
LEF1,SNRPD1,0
SOX17,ZFP42,0
CTNNB1,CCDC112,0
BCL11A,RRAGD,0
GATA2,TMSB15B,0
SOX2,UTP14A,0
GATA2,OSBPL10,0
PRDM1,PPIC,0
MXI1,EHMT2,0
SNAI2,UBTF,0
STAT3,EWSR1,0
LEF1,TRIP11,0
FOXH1,STK38L,0
GATA6,ACBD6,0
SNAI2,LUM,0
TEAD4,CLCN4,0
NANOG,SDC2,0
GATA6,STC1,0
NANOG,SLC39A7,0
SNAI2,EMB,0
AR,KIF13B,0
GATA2,SERTAD2,0
GATA3,THAP9,0
TEAD4,MYBL2,0
MLLT3,TDP2,0
EGR1,CHN1,0
CTNNB1,DNAAF2,0
AR,LTBP1,0
TCF4,TTK,0
EZH2,PHB2,0
SOX17,USP44,0
TRIM28,CDCA2,0
TP53,TIMP3,0
MLLT3,SAMD8,0
STAT3,OPTN,0
FOXH1,NOC3L,0
STAT3,DNMT3B,0
SNAI2,NAV2,0
STAT3,HSPA14,0
ZFP42,WNT5A,0
POU5F1,CEP85L,0
PRDM1,DAXX,0
DNMT3B,MAN2A1,0
HAND2,KLHL28,0
HAND2,CAMK2D,0
TRIM28,PPT2,0
SNAI2,BEND3,0
PRDM1,TNFRSF11B,0
CTNNB1,NIPSNAP1,0
GATA6,TRAPPC8,0
GATA2,KRCC1,0
SOX2,NUCB2,0
MXI1,CSRP2,0
EOMES,CDCA5,0
ZFP42,ZFPM2,0
GATA3,AEBP1,0
BCL11A,SLA2,0
HAND2,P4HA1,0
OTX2,ZFPM2,0
ZFP42,PAWR,0
JUND,CREB3L4,0
POU5F1,CSPP1,0
DNMT3B,ZFYVE21,0
GATA2,UPF1,0
EGR1,RNPS1,0
TEAD4,DNAAF2,0
GATA4,POLR2G,0
SMAD2,TRIM25,0
GATA6,NLRP2,0
GATA3,ANKMY2,0
MXI1,ST8SIA1,0
EOMES,MPHOSPH6,0
SMAD2,CEP112,0
LEF1,GATAD2A,0
STAT3,DLC1,0
STAT3,OIP5,0
SOX17,ESPL1,0
SNAI2,MICU1,0
SMAD2,CNKSR3,0
GATA6,FAM120AOS,0
GATA6,DKK1,0
ZFP42,TBX3,0
OTX2,LGR5,0
MLLT3,EXOSC3,0
TRIM28,VWA5A,0
SOX17,NREP,0
ZFP42,TFDP1,0
TRIM28,TFDP1,0
NANOG,SORT1,0
DNMT3B,ANKRD28,0
HAND2,BHLHE40,0
TRIM28,MPP6,0
MLLT3,DLGAP5,0
GATA4,DPH2,0
LEF1,PDLIM3,0
GATA3,ARHGAP28,0
TP53,CDH2,0
EZH2,POLB,0
OTX2,NAP1L3,0
DNMT3B,DAXX,0
ZFP42,RFESD,0
DNMT3B,IFI16,0
EOMES,FYTTD1,0
SNAI2,STXBP5,0
MLLT3,FER,0
MLLT3,KIAA1841,0
POU5F1,ESRRG,0
KLF5,FAM126A,0
AR,MLLT3,0
FOXP1,HOXB7,0
GATA3,ZDHHC2,0
POU5F1,ZNF93,0
GATA2,ZNF589,0
FOXH1,SLC36A4,0
GATA2,GDAP1,0
GATA6,APOBEC3C,0
FOXH1,WWTR1,0
CTNNB1,CYP2S1,0
STAT3,DDAH1,0
STAT3,DNMT1,0
SMAD2,MYCN,0
HAND2,BCAS2,0
POU5F1,ADAMTS3,0
HAND2,TRIM33,0
HAND2,MT1X,0
CTNNB1,SOX5,0
POU5F1,MAN2A1,0
SNAI2,ETV7,0
GATA2,KLHL6,0
SOX17,TRIM28,0
GATA3,RUVBL2,0
FOXH1,FRZB,0
SOX17,COL1A1,0
TP53,ZNF24,0
TRIM28,STAT2,0
GATA3,ELK3,0
TCF4,MAGI3,0
OTX2,PTDSS1,0
EGR1,MAPK10,0
SNAI2,HLA-DRB1,0
DNMT3B,POLDIP3,0
ZFP42,EXOSC3,0
EZH2,ALG6,0
ZFP42,LPGAT1,0
SNAI2,MAPK10,0
SOX17,IFI16,0
JUND,HEATR1,0
ZFP42,NBPF14,0
SNAI2,CBR1,0
MXI1,POU5F1,0
TCF4,LMO3,0
SMAD2,ACOX3,0
TRIM28,MEIS2,0
NANOG,CCDC112,0
SOX17,PNRC1,0
POU5F1,CDC20,0
SOX2,BTG2,0
TRIM28,ISL1,0
SMAD2,TGFBR1,0
SOX17,ZNF317,0
SMAD2,ZNF691,0
OTX2,RAB31,0
CTNNB1,POU3F1,0
FOXP1,FREM1,0
EGR1,ADD2,0
SOX17,SIPA1L2,0
POU5F1,SLC39A7,0
AR,SALL2,0
TCF4,PPARGC1B,0
EGR1,HELZ,0
KLF5,TCN2,0
DNMT3B,C4ORF46,0
BCL11A,ESCO2,0
ZFP42,CHN1,0
GATA4,PPAT,0
ZFP42,HEATR1,0
DNMT3B,ADD2,0
LEF1,MYBL2,0
CTNNB1,ESRRG,0
SOX17,PIP5K1B,0
POU5F1,NIPSNAP1,0
GATA2,RFC4,0
DNMT3B,NRIP1,0
MLLT3,RFESD,0
TRIM28,NKX3-1,0
MLLT3,HNRNPAB,0
MXI1,MRPS30,0
STAT3,KLHL7,0
CTNNB1,TIPARP,0
SMAD2,CHL1,0
MXI1,SNAPC3,0
TEAD4,ABLIM1,0
GATA3,RAVER2,0
MLLT3,NAA25,0
SNAI2,SERPINE2,0
STAT3,PIP4K2A,0
SMAD2,HPRT1,0
DNMT3B,MEIS2,0
DNMT3B,CYP26A1,0
FOXH1,FZD6,0
TP53,MANEA,0
LEF1,DAB2,0
GATA3,ZFC3H1,0
TCF4,LIFR,0
CTNNB1,ALG6,0
DNMT3B,CHAF1A,0
POU5F1,RFC4,0
PRDM1,CA12,0
SNAI2,JMJD1C,0
FOXP1,ECI2,0
GATA6,ZNF3,0
AR,ZIC2,0
EGR1,DLC1,0
SOX2,SUPT7L,0
BCL11A,NRIP1,0
TRIM28,SLC19A2,0
EOMES,NHSL1,0
CTNNB1,ANKRD13A,0
ZFP42,CYB5A,0
SNAI2,ANKRD44,0
AR,FARSB,0
SMAD2,SLC39A8,0
TRIM28,ANKRD50,0
GATA2,FIG4,0
TCF4,PJA2,0
CTNNB1,SLC39A14,0
SMAD2,KIF16B,0
EZH2,MCCC1,0
SOX17,CCDC82,0
EGR1,TRIM25,0
TFAP2A,CLDN7,0
SOX17,POLA1,0
TEAD4,ADAMTS3,0
POU5F1,ZNF587,0
GATA3,LHX1,0
FOXH1,RCAN2,0
SMAD2,GYPB,0
FOXP1,ITGB3BP,0
GATA4,FOXP1,0
PRDM1,APC,0
TP53,RNF170,0
EOMES,SAMD8,0
CTNNB1,CRHBP,0
CTNNB1,CCND1,0
NANOG,ST5,0
TRIM28,YPEL5,0
HAND2,NOB1,0
HAND2,YPEL5,0
DNMT3B,RFC3,0
BCL11A,ARFGAP3,0
JUND,SLC43A3,0
LEF1,PLS1,0
PRDM1,ZFC3H1,0
GATA2,INSIG2,0
TP53,AEBP1,0
GATA3,TYRO3,0
GATA4,MEX3C,0
TCF4,USP44,0
EGR1,TUBA4A,0
SMAD2,HMGN2,0
CTNNB1,ITGB3BP,0
BCL11A,ARID3B,0
PRDM1,LMO2,0
AR,THAP9,0
AR,FAM162A,0
TEAD4,MALT1,0
CTNNB1,FAT1,0
MLLT3,CCDC81,0
SNAI2,NOB1,0
EZH2,AHNAK,0
GATA3,MAGEH1,0
PRDM1,NAP1L3,0
AR,CDCA2,0
MXI1,HOXB7,0
BCL11A,BRWD1,0
SOX17,KRCC1,0
SOX17,ANKRD18B,0
MXI1,ZNF83,0
DNMT3B,LIMD1,0
CTNNB1,SLC7A3,0
STAT3,COL11A1,0
GATA2,FRMD4B,0
JUND,PCDH10,0
SNAI2,PHLDA1,0
EZH2,ZNF124,0
GATA4,PIK3R5,0
POU5F1,ZFP62,0
TCF4,KIF1A,0
GATA3,TRIM28,0
TCF4,SLC29A1,0
HAND2,RARG,0
SNAI2,FAM20A,0
MLLT3,CSRP2,0
GATA4,GEMIN6,0
PRDM1,POLR2D,0
TCF4,COL4A5,0
TRIM28,PRMT3,0
EGR1,LTBP1,0
ZFP42,EPB41L3,0
EZH2,DSCC1,0
EZH2,MT1X,0
HAND2,MSX1,0
OTX2,ETS1,0
CTNNB1,LZTS1,0
EGR1,TTC39B,0
AR,CCNG2,0
TP53,UNC5C,0
GATA6,ETV7,0
GATA2,INPP4A,0
GATA4,MAK16,0
CTNNB1,DPH2,0
BCL11A,TNFRSF11B,0
AR,CALB1,0
PRDM1,FLI1,0
FOXH1,RBMX,0
ZFP42,GPX7,0
TFAP2A,PAQR3,0
TRIM28,WLS,0
TP53,GATA4,0
GATA2,KAT6A,0
SOX17,CALCOCO2,0
SOX2,LIN28A,0
CTNNB1,TK1,0
SNAI2,ITGAV,0
STAT3,ETV4,0
TCF4,GALM,0
FOXH1,HEATR1,0
SOX17,SERPINB1,0
JUND,COL5A1,0
FOXP1,GATA4,0
PRDM1,DLGAP5,0
EZH2,AFF4,0
JUND,CYP26A1,0
CTNNB1,TMOD1,0
GATA3,IL6ST,0
MXI1,ZNF512,0
GATA3,FAM126A,0
JUND,IQGAP2,0
HAND2,DOK6,0
POU5F1,GPC3,0
LEF1,UTP15,0
GATA4,TMEM237,0
EGR1,SATB2,0
KLF5,GGCT,0
AR,NRP2,0
OTX2,ABLIM1,0
BCL11A,TRIP13,0
SMAD2,LTV1,0
TCF4,NAGA,0
POU5F1,KIAA1841,0
CTNNB1,ENO1,0
FOXH1,TGFBR1,0
FOXH1,APBB1,0
GATA2,FAT1,0
GATA3,CDCA5,0
TCF4,CCDC81,0
STAT3,ACOX3,0
HAND2,CSDE1,0
TEAD4,CYP2S1,0
FOXH1,TGFB1,0
GATA4,RBBP8,0
HAND2,BTBD10,0
GATA6,F3,0
LEF1,RND3,0
TCF4,INPP4A,0
STAT3,MLLT6,0
EZH2,TTC4,0
STAT3,YPEL5,0
ZFP42,SMG6,0
LEF1,NFAT5,0
HAND2,GATA3,0
STAT3,NFATC3,0
STAT3,VPS54,0
ZFP42,MAFG,0
DNMT3B,POLR2D,0
KLF5,FRMD4B,0
CTNNB1,RAD50,0
PRDM1,KIF23,0
EZH2,ACBD6,0
FOXP1,FAM135A,0
SOX17,ZBTB10,0
GATA6,LHX1,0
MXI1,GYPB,0
GATA2,BEND3,0
GATA2,ATG4C,0
AR,XRN1,0
MXI1,ZNF516,0
AR,ABLIM1,0
AR,DNAJC9,0
EOMES,DOK4,0
EZH2,ZBTB2,0
AR,OTX2,0
SMAD2,NAGA,0
BCL11A,ITPR2,0
TRIM28,SATB2,0
PRDM1,OXTR,0
HAND2,ADSS,0
EZH2,SATB1,0
KLF5,LBH,0
DNMT3B,ZNF512,0
STAT3,MYOCD,0
SOX17,DPY19L1,0
GATA4,SLC39A7,0
GATA4,FAM126A,0
FOXP1,SLC19A2,0
MLLT3,RAD51,0
SMAD2,KDM6A,0
HAND2,MYBBP1A,0
POU5F1,ODC1,0
JUND,ALYREF,0
EGR1,VHL,0
BCL11A,ASNS,0
EGR1,ZNF92,0
PRDM1,DSCAM,0
ZFP42,NIN,0
TP53,RIN2,0
CTNNB1,F3,0
DNMT3B,AEBP1,0
BCL11A,GATA4,0
NANOG,CDC20,0
FOXH1,FAM162A,0
PRDM1,HCFC1,0
HAND2,POLR2K,0
BCL11A,PHB2,0
CTNNB1,SSB,0
MLLT3,HIST1H1B,0
FOXP1,TRIP6,0
HAND2,TFB2M,0
HAND2,NKX3-1,0
TEAD4,DOK4,0
POU5F1,ARSE,0
GATA3,FYTTD1,0
SOX2,NUDT11,0
FOXP1,MLLT3,0
CTNNB1,WDR35,0
NANOG,CA12,0
EZH2,POLR2K,0
EGR1,BEND3,0
LEF1,PHB2,0
POU5F1,FAM120AOS,0
ZFP42,CER1,0
TCF4,SLC39A11,0
JUND,FREM1,0
LEF1,TRAF6,0
GATA2,PDGFA,0
DNMT3B,RCAN2,0
EGR1,GALC,0
GATA3,PBXIP1,0
SOX2,RAE1,0
LEF1,MRPS9,0
MLLT3,TMEM87A,0
EZH2,ARID3B,0
SOX17,SGCE,0
GATA3,YBX1,0
GATA3,SOX5,0
GATA4,DPY19L1,0
TRIM28,SERTAD2,0
TEAD4,SMARCD1,0
SMAD2,NFE2L3,0
GATA4,TCEA1,0
MLLT3,PLCE1,0
OTX2,CCKBR,0
TRIM28,CDC6,0
POU5F1,SOX7,0
JUND,LTBP1,0
SMAD2,SLC29A1,0
BCL11A,NECAP2,0
FOXH1,CSPP1,0
EZH2,SAP18,0
HAND2,PKIG,0
OTX2,CCND1,0
GATA4,PCDH7,0
HAND2,MIF,0
TP53,VEZT,0
CTNNB1,LMO2,0
PRDM1,ZNF317,0
GATA3,DDX54,0
AR,EWSR1,0
GATA6,RBM24,0
AR,SAMD8,0
NANOG,ZDHHC2,0
DNMT3B,CPD,0
BCL11A,PTPRM,0
STAT3,FAM117B,0
SOX2,HOXB3,0
FOXP1,NONO,0
AR,WNT5A,0
STAT3,MAPKAPK3,0
TP53,MED12L,0
CTNNB1,MALT1,0
OTX2,LHX1,0
OTX2,SIX6,0
EGR1,NAA25,0
FOXH1,CCDC141,0
TRIM28,USP44,0
SOX17,NPM1,0
PRDM1,TRAF5,0
EOMES,PGAP2,0
TCF4,PRDM1,0
CTNNB1,SLITRK2,0
PRDM1,ZNF146,0
FOXH1,TBC1D4,0
LEF1,KIFAP3,0
AR,KHSRP,0
GATA3,SGCE,0
PRDM1,CAP2,0
STAT3,ASS1,0
NANOG,TMEM38B,0
GATA3,UTP14A,0
SOX2,ZNF398,0
AR,ARL4A,0
MXI1,ERBB4,0
EGR1,DEDD2,0
DNMT3B,SCG3,0
FOXH1,TATDN1,0
SNAI2,DKK3,0
STAT3,SH3PXD2A,0
EGR1,PBXIP1,0
EZH2,KIF1A,0
TP53,ZSWIM6,0
FOXH1,PSMD9,0
GATA4,MBOAT1,0
EOMES,MME,0
HAND2,MXD4,0
STAT3,ARSE,0
ZFP42,CDC25C,0
EZH2,TSPAN13,0
TRIM28,ILF3,0
GATA6,PLXNA2,0
KLF5,ACBD3,0
SOX17,LAMB1,0
EOMES,UBL3,0
GATA4,TEX10,0
EOMES,SOX17,0
SNAI2,NHLH2,0
CTNNB1,NFATC1,0
GATA2,ANKRD18B,0
AR,RBMS3,0
ZFP42,ARHGAP28,0
BCL11A,NBPF14,0
FOXH1,GCA,0
NANOG,FAM126A,0
HAND2,MIA3,0
PRDM1,GCNT2,0
EZH2,SRSF3,0
TRIM28,GGCT,0
GATA4,SART3,0
GATA4,CDCA5,0
TRIM28,MYO5B,0
EZH2,ANKRD13C,0
KLF5,XPO5,0
TCF4,GATA4,0
OTX2,VPS54,0
DNMT3B,IMP4,0
GATA3,ADSS,0
JUND,PRPS2,0
GATA4,NKX3-1,0
GATA2,GATAD2A,0
FOXH1,NUAK1,0
PRDM1,ERRFI1,0
SOX2,NPFFR2,0
BCL11A,DCLK1,0
SOX17,DLC1,0
GATA4,COPS3,0
GATA6,CHL1,0
EGR1,PROM1,0
KLF5,PDE3B,0
NANOG,EPHB2,0
AR,ALDH18A1,0
LEF1,CEP290,0
ZFP42,ZNF219,0
KLF5,THYN1,0
OTX2,POLR2G,0
AR,LAP3,0
SNAI2,LYAR,0
STAT3,FUS,0
DNMT3B,MME,0
LEF1,FAM169A,0
GATA6,POLK,0
DNMT3B,RAE1,0
TP53,CCDC6,0
AR,RAD50,0
ZFP42,PKIG,0
GATA6,NOL11,0
DNMT3B,ALPK2,0
TRIM28,SNAPC3,0
GATA6,TGFBR1,0
TRIM28,RAB31,0
SNAI2,ACTL6A,0
DNMT3B,UPF3B,0
TP53,ELMO1,0
TRIM28,FOXP1,0
LEF1,ATF6,0
GATA2,HMGN2,0
FOXH1,CYP2S1,0
GATA2,NUDT11,0
TEAD4,SERHL2,0
OTX2,PLEKHA6,0
SMAD2,TCF7L1,0
PRDM1,ABLIM1,0
BCL11A,SNAI1,0
MXI1,LAMB1,0
SOX17,FOXJ2,0
NANOG,PSMC3IP,0
GATA4,SYNE2,0
POU5F1,TSR2,0
ZFP42,BEND3,0
TEAD4,ZNF124,0
JUND,NFATC1,0
GATA6,HNRNPD,0
DNMT3B,DNAJC9,0
STAT3,SATB2,0
MLLT3,PDGFA,0
GATA2,GALNT7,0
ZFP42,PBXIP1,0
HAND2,RHOBTB3,0
TEAD4,B3GNT5,0
KLF5,JPH1,0
ZFP42,TSPAN12,0
DNMT3B,NFKBIA,0
SNAI2,PNRC1,0
SNAI2,FAM126B,0
CTNNB1,TRIAP1,0
SNAI2,CA2,0
FOXH1,CLDN7,0
ZFP42,PRKACB,0
PRDM1,TK1,0
GATA6,LRIG3,0
TP53,ZFC3H1,0
GATA3,GATA4,0
AR,LAMB1,0
PRDM1,AHNAK,0
TRIM28,SAAL1,0
GATA6,POU2F2,0
CTNNB1,LIFR,0
MXI1,EPB41L3,0
MLLT3,NOG,0
GATA3,CYYR1,0
EZH2,BHLHB9,0
TCF4,SATB1,0
ZFP42,ID3,0
STAT3,SOX3,0
DNMT3B,NHLH2,0
GATA3,CTSK,0
OTX2,PJA2,0
HAND2,PDE4D,0
AR,NFKBIB,0
PRDM1,POLR1C,0
EZH2,YBX1,0
LEF1,CPVL,0
EOMES,DLGAP5,0
MXI1,PRDM14,0
GATA4,NUP54,0
GATA3,MATN3,0
EOMES,F3,0
KLF5,FARSB,0
GATA4,EHD3,0
JUND,PLCE1,0
JUND,KDELR3,0
GATA4,HMGN2,0
LEF1,HMGA1,0
HAND2,SH2B3,0
CTNNB1,POLR1B,0
BCL11A,SH3BP4,0
KLF5,MCM2,0
OTX2,STEAP1B,0
TEAD4,POLR2K,0
GATA2,FEZ1,0
FOXH1,CAP2,0
DNMT3B,COMMD3,0
STAT3,ZNF219,0
FOXH1,B3GNT5,0
TRIM28,ERLEC1,0
FOXH1,RUNX1,0
ZFP42,DNMT3B,0
TEAD4,ZNF24,0
OTX2,LDB2,0
HAND2,PHB2,0
LEF1,E2F4,0
ZFP42,SPRY2,0
TCF4,TMEM131,0
LEF1,GALNT11,0
TCF4,AKAP1,0
GATA4,NBEAL1,0
GATA6,BMPR1A,0
HAND2,AURKB,0
HAND2,BCLAF1,0
GATA2,PENK,0
HAND2,SPPL2A,0
FOXH1,MAMLD1,0
EOMES,HAND1,0
LEF1,PARN,0
STAT3,FEZ1,0
MXI1,ST5,0
CTNNB1,EIF5A2,0
GATA4,GCNT2,0
TRIM28,MND1,0
EGR1,ATRX,0
BCL11A,CNTRL,0
FOXP1,UBTF,0
FOXH1,PABPC4L,0
EGR1,TRIM2,0
TRIM28,OTX2,0
STAT3,LRP12,0
TCF4,GABRB3,0
GATA2,CLCN4,0
PRDM1,ERCC6L,0
LEF1,PLEKHA6,0
SMAD2,PPARA,0
SOX17,FGD6,0
PRDM1,DEK,0
DNMT3B,RIN2,0
ZFP42,COPS3,0
EGR1,RARG,0
JUND,MYO5B,0
LEF1,ZNF589,0
TCF4,CDC25C,0
ZFP42,FGF2,0
SOX17,CAMK2D,0
SNAI2,FAM83D,0
GATA2,GABRB2,0
TEAD4,CUX1,0
GATA3,FN1,0
SOX17,NFXL1,0
FOXP1,TBX20,0
SOX17,FOXF1,0
EZH2,RMI1,0
SOX17,MYBL2,0
SOX2,THY1,0
FOXH1,MBIP,0
STAT3,WDR35,0
GATA2,TAOK3,0
STAT3,BLM,0
MLLT3,FGD6,0
HAND2,LBH,0
BCL11A,PGAP2,0
GATA4,RAD51AP1,0
SMAD2,CYYR1,0
NANOG,SLC19A2,0
TRIM28,HPRT1,0
SOX17,CBR1,0
PRDM1,CCDC90B,0
TP53,MAPKAPK3,0
GATA2,PGM1,0
TEAD4,COMMD10,0
TP53,LAP3,0
EOMES,ANXA3,0
GATA6,ELAVL2,0
KLF5,CALCOCO2,0
FOXH1,UNC13B,0
OTX2,SLC7A3,0
OTX2,GYPB,0
STAT3,ADAMTS3,0
STAT3,HCFC1,0
EGR1,ITCH,0
TP53,SP110,0
OTX2,TTK,0
MLLT3,CEBPZ,0
TCF4,TGFBR1,0
AR,SLC7A3,0
OTX2,SMAD6,0
SNAI2,ZBTB38,0
PRDM1,TYRO3,0
CTNNB1,EEF1A1,0
LEF1,VSIG10,0
CTNNB1,MCM7,0
AR,POLR1C,0
POU5F1,RCOR3,0
POU5F1,NTS,0
STAT3,LTBP1,0
LEF1,SSX2IP,0
EZH2,E2F7,0
SOX2,ACBD6,0
OTX2,CEP192,0
KLF5,FOXP1,0
AR,TPD52L2,0
GATA3,RAE1,0
ZFP42,DBF4,0
EZH2,COPS3,0
GATA6,SKA3,0
EOMES,DSE,0
SNAI2,POLB,0
NANOG,FAM208A,0
HAND2,UNG,0
TEAD4,PAK1IP1,0
SOX17,ITCH,0
PRDM1,AGPAT5,0
TEAD4,MAMLD1,0
SMAD2,DNAJC9,0
SNAI2,PTMA,0
SMAD2,TRIM27,0
POU5F1,FUT8,0
EGR1,GYPE,0
KLF5,ZNF92,0
TCF4,ZWINT,0
TEAD4,SDCCAG8,0
TEAD4,CHAC2,0
STAT3,RNF138,0
TCF4,BCAT2,0
GATA2,ENOPH1,0
TP53,CHD9,0
NANOG,MAD2L1,0
BCL11A,HECW2,0
SMAD2,ARL4D,0
OTX2,TRPA1,0
TRIM28,XRCC6,0
KLF5,ZNF124,0
KLF5,SERPINB6,0
POU5F1,SEC11C,0
SOX2,CHN1,0
FOXP1,TLE2,0
FOXH1,MYBBP1A,0
CTNNB1,SLC39A8,0
AR,POLA1,0
HAND2,MMP16,0
FOXH1,NEDD9,0
SNAI2,RBM47,0
EOMES,TIMP3,0
EZH2,OPTN,0
GATA2,NKX3-1,0
OTX2,BEX2,0
SOX17,GLMN,0
CTNNB1,HELZ,0
GATA3,ITM2A,0
EOMES,MMP2,0
DNMT3B,NPFFR2,0
SMAD2,CD99L2,0
PRDM1,NIPSNAP3A,0
GATA2,ITGA5,0
MLLT3,LIN28A,0
MXI1,CADM1,0
GATA6,CYP1B1,0
SOX17,NXT2,0
DNMT3B,SPRED2,0
FOXH1,ZNF24,0
GATA6,GLIPR2,0
TP53,ATP2B4,0
GATA6,ELL2,0
BCL11A,CA12,0
LEF1,ILF2,0
SMAD2,CALCOCO2,0
HAND2,NAP1L3,0
BCL11A,U2AF1,0
BCL11A,EPB41L3,0
NANOG,MAEA,0
SNAI2,OPTN,0
ZFP42,MECOM,0
STAT3,KLHL4,0
SOX17,MAGI3,0
MLLT3,TCEA1,0
EZH2,KIF15,0
HAND2,GLMN,0
GATA3,ARL4D,0
TFAP2A,DYNC2LI1,0
BCL11A,CEP290,0
PRDM1,LIMCH1,0
FOXH1,PFKFB2,0
TEAD4,RBBP8,0
SMAD2,RGS5,0
BCL11A,MDM4,0
POU5F1,NCOA6,0
DNMT3B,SERPINB6,0
HAND2,TRPC4,0
KLF5,PTMA,0
TRIM28,RCHY1,0
FOXH1,DNAJC11,0
GATA6,SRSF1,0
SOX2,DAAM1,0
EOMES,FOXF1,0
TEAD4,OIP5,0
AR,C3ORF14,0
MXI1,LGALSL,0
GATA3,ALDH2,0
GATA2,PAK1,0
SMAD2,COMMD3-BMI1,0
MLLT3,SMARCD1,0
MLLT3,ZNF90,0
POU5F1,TRIP6,0
DNMT3B,MFN2,0
GATA2,EPHB2,0
KLF5,LIG4,0
GATA2,SRSF6,0
ZFP42,SLC35F1,0
ZFP42,HOXB7,0
SNAI2,IRF1,0
STAT3,CCDC82,0
FOXH1,C18ORF21,0
STAT3,SERPINB6,0
EOMES,GATA3,0
SOX17,ZNF587,0
DNMT3B,ITM2A,0
TP53,TRDN,0
LEF1,XRN1,0
CTNNB1,VAMP7,0
CTNNB1,GRPR,0
EOMES,BBS2,0
TEAD4,CCDC80,0
SOX17,SMARCC1,0
POU5F1,HS3ST1,0
SNAI2,GPSM2,0
STAT3,TADA1,0
TCF4,HNRNPK,0
GATA3,TRUB1,0
POU5F1,EXO1,0
POU5F1,IAH1,0
GATA3,ZNF8,0
KLF5,PPARA,0
TP53,RGPD2,0
OTX2,PIP5K1B,0
ZFP42,NOC3L,0
STAT3,BCAT2,0
TRIM28,PLCE1,0
EGR1,HS3ST1,0
BCL11A,COL1A1,0
EOMES,CYP1B1,0
KLF5,ZNF512,0
HAND2,MAP4K3,0
TCF4,PRCP,0
FOXH1,SERHL2,0
AR,SERPINB6,0
SOX2,POLR2D,0
JUND,CHL1,0
JUND,HECW2,0
GATA3,LUM,0
EGR1,COL1A2,0
AR,SVEP1,0
GATA2,RCAN2,0
MXI1,FLRT3,0
OTX2,HSPA14,0
SOX2,FARSB,0
ZFP42,POLR1A,0
GATA3,ETV7,0
JUND,ATP11C,0
TP53,EARS2,0
ZFP42,AK4,0
GATA6,RPP40,0
ZFP42,LRAT,0
SOX2,ERLEC1,0
JUND,ARRB1,0
TFAP2A,DSCAM,0
TCF4,AK4,0
EZH2,ZNF471,0
SOX2,MEX3C,0
SOX17,MND1,0
TRIM28,MAPKAPK3,0
PRDM1,MPHOSPH9,0
JUND,TMEM87A,0
STAT3,SLC35F1,0
SOX17,DMXL2,0
LEF1,MLLT6,0
TCF4,RAE1,0
SNAI2,ESRRG,0
STAT3,DNAJC2,0
TCF4,FAM126B,0
HAND2,EGR1,0
FOXH1,NFAT5,0
SMAD2,SOX7,0
FOXP1,SEPHS1,0
TP53,PELI2,0
POU5F1,REL,0
HAND2,CSRP2,0
GATA2,TUBE1,0
DNMT3B,HSD17B11,0
TRIM28,RBM24,0
PRDM1,SLC7A8,0
BCL11A,LDB2,0
TCF4,PGM2,0
TEAD4,QPCT,0
TRIM28,DNMT3A,0
GATA3,CAP2,0
TFAP2A,HSPA14,0
EZH2,PIP4K2A,0
SOX17,TRPS1,0
TEAD4,AADAT,0
EGR1,MCM10,0
GATA4,KAT7,0
SOX17,TNFRSF21,0
FOXH1,PROM1,0
SOX2,CDCA7,0
POU5F1,MEIS1,0
AR,PAK1IP1,0
GATA3,HNRNPK,0
EGR1,ANKRD1,0
FOXH1,ZNF165,0
TCF4,ARL4A,0
LEF1,POLR3E,0
AR,SLC7A5,0
NANOG,MCM2,0
DNMT3B,ATP2B4,0
MXI1,SNUPN,0
SOX2,DCAF5,0
BCL11A,SMYD2,0
PRDM1,UNG,0
EOMES,CLDN11,0
SOX17,RNF24,0
EOMES,PBXIP1,0
FOXH1,RABGAP1L,0
GATA4,CA14,0
TEAD4,LUM,0
ZFP42,NEDD4,0
LEF1,HOMER1,0
PRDM1,ADD2,0
MLLT3,KIFAP3,0
SMAD2,TRIM37,0
DNMT3B,CALB1,0
SOX17,TP53INP1,0
MLLT3,SATB2,0
LEF1,GULP1,0
BCL11A,WLS,0
SOX2,SOX3,0
FOXH1,PLCB1,0
TP53,JMJD1C,0
FOXP1,HIST1H1B,0
TCF4,ANKRD13A,0
DNMT3B,VWA5A,0
JUND,ARID4B,0
TRIM28,PLK2,0
BCL11A,CLU,0
SMAD2,FAM120AOS,0
JUND,GYPB,0
ZFP42,MBOAT1,0
TRIM28,ZNF24,0
KLF5,KIF22,0
TCF4,ARID4B,0
KLF5,TIMP3,0
EZH2,TMEM47,0
EZH2,ANKRD13A,0
AR,NEK7,0
HAND2,DDAH1,0
SOX17,ISL1,0
GATA4,ARID5B,0
EZH2,SNAPC3,0
MLLT3,TGFB1I1,0
AR,SECISBP2L,0
BCL11A,CEBPZ,0
GATA2,ZNF90,0
GATA6,UPF2,0
SMAD2,NFKBIB,0
MLLT3,FUS,0
FOXH1,MAN2A1,0
EZH2,RPE,0
HAND2,WDR3,0
NANOG,TRPC4,0
STAT3,ALDH18A1,0
ZFP42,CEP290,0
LEF1,PJA2,0
LEF1,NTS,0
SNAI2,BTBD10,0
GATA2,TXLNG,0
FOXH1,SUPT7L,0
TP53,ADSS,0
PRDM1,HAND1,0
GATA2,BTG2,0
JUND,ZNF30,0
MXI1,MECOM,0
TFAP2A,H1F0,0
FOXP1,POLR2G,0
SOX17,PLS1,0
HAND2,DAB1,0
EZH2,PHLDB2,0
EOMES,TEAD1,0
AR,COPS3,0
GATA6,PPM1H,0
MLLT3,RRAS2,0
LEF1,COL4A5,0
EOMES,MCCC1,0
GATA6,MCM10,0
EZH2,RRAGD,0
BCL11A,ELK3,0
GATA3,PGAP2,0
POU5F1,ZNF585B,0
LEF1,PCK2,0
ZFP42,POLR1B,0
TP53,RXRG,0
GATA4,RIPPLY1,0
KLF5,IRF1,0
KLF5,NIF3L1,0
SMAD2,IFI16,0
DNMT3B,FNDC3B,0
GATA6,BMP2,0
MLLT3,POU2F2,0
GATA6,SAMD8,0
STAT3,DPYSL3,0
GATA3,SATB1,0
MXI1,DOK4,0
FOXH1,IAH1,0
ZFP42,NUP35,0
POU5F1,PHF21A,0
SOX2,NEDD4,0
AR,IRF1,0
OTX2,FOXJ1,0
SNAI2,NEK7,0
MLLT3,EPHB2,0
GATA2,DENND1A,0
GATA4,PITX2,0
TRIM28,POLR1B,0
PRDM1,SLC46A3,0
TRIM28,PLAU,0
POU5F1,KLHL28,0
TCF4,SLC36A4,0
SOX17,CSPP1,0
JUND,TWIST1,0
SMAD2,KIF2C,0
EZH2,RPA2,0
FOXH1,EHMT2,0
CTNNB1,AMIGO2,0
MXI1,SOX13,0
DNMT3B,PROSER1,0
AR,STX6,0
TRIM28,ETV7,0
JUND,FAM126A,0
MLLT3,FBXO5,0
CTNNB1,MPHOSPH6,0
EZH2,ZWILCH,0
SOX17,WLS,0
AR,PLOD2,0
GATA4,CPSF3,0
CTNNB1,DSCC1,0
SMAD2,RBBP8,0
TP53,MAML3,0
EZH2,XRN1,0
BCL11A,AR,0
FOXH1,PHLDB2,0
SMAD2,MIA3,0
ZFP42,CRABP2,0
BCL11A,ACSS3,0
GATA4,PRMT3,0
TEAD4,RNF14,0
TP53,TBX20,0
GATA6,NUP54,0
TEAD4,UBL3,0
TP53,TBC1D4,0
NANOG,CHAC2,0
OTX2,KDM6A,0
POU5F1,HELZ,0
SMAD2,MYOCD,0
GATA4,SRSF2,0
GATA3,PODXL,0
TP53,SDCCAG8,0
SOX17,CHD9,0
MXI1,TATDN1,0
SOX17,MT1X,0
TRIM28,ZNF142,0
KLF5,SRSF1,0
STAT3,KLF7,0
EZH2,CPSF3,0
TP53,POLA1,0
GATA6,KIF2C,0
OTX2,TCEA1,0
EGR1,PDPN,0
SNAI2,F3,0
TCF4,BEX2,0
GATA6,RHOBTB3,0
LEF1,TFB2M,0
MLLT3,MAGI3,0
GATA4,ZNF142,0
HAND2,GPSM2,0
OTX2,RUNX1,0
FOXP1,TSR2,0
TP53,BAMBI,0
PRDM1,GAD1,0
SNAI2,ADSS,0
MLLT3,GLDC,0
ZFP42,FYTTD1,0
FOXP1,ID1,0
TCF4,SPRY2,0
PRDM1,MITF,0
SOX2,MRPS9,0
STAT3,BMP4,0
GATA4,LAP3,0
ZFP42,SLC5A6,0
LEF1,SLC6A15,0
STAT3,FBN2,0
LEF1,SAP18,0
STAT3,MBIP,0
OTX2,LIMCH1,0
KLF5,CDKN3,0
GATA6,GALM,0
ZFP42,ZNF589,0
FOXH1,C2ORF69,0
SNAI2,MCM7,0
GATA2,HS3ST1,0
CTNNB1,TIMM21,0
GATA2,ETV1,0
STAT3,GPC4,0
SMAD2,KLF7,0
NANOG,TMEM131,0
GATA3,SLC36A4,0
SMAD2,NXF1,0
AR,BBIP1,0
SOX2,TFDP1,0
EGR1,GEMIN4,0
TP53,LUM,0
STAT3,VHL,0
HAND2,RGMB,0
EOMES,HIST1H1B,0
JUND,DEDD2,0
EZH2,SHISA6,0
POU5F1,TOP2A,0
GATA3,CA2,0
HAND2,POLR3E,0
GATA6,DNAJC16,0
LEF1,GPX7,0
SNAI2,SEPHS1,0
MLLT3,RALB,0
TEAD4,ITGA4,0
GATA2,ARFGAP3,0
OTX2,TPD52L2,0
EZH2,GYPE,0
TEAD4,CDC25C,0
TRIM28,ZNF587,0
KLF5,ELK3,0
FOXP1,TRIM25,0
PRDM1,ENC1,0
POU5F1,EMB,0
STAT3,STX17,0
EGR1,SNAPC3,0
HAND2,NT5DC3,0
LEF1,CHN1,0
GATA3,COMMD3,0
DNMT3B,ADAMTS3,0
ZFP42,ZNF146,0
TFAP2A,NOB1,0
STAT3,POLR3E,0
DNMT3B,EMB,0
TEAD4,NUSAP1,0
SOX2,PDCD11,0
KLF5,SMG6,0
TCF4,ACBD6,0
POU5F1,XPO5,0
KLF5,USP44,0
BCL11A,HNRNPK,0
BCL11A,SLC29A1,0
GATA3,GABRB2,0
POU5F1,ATRNL1,0
NANOG,PBXIP1,0
MLLT3,MPP6,0
GATA2,YTHDF3,0
MXI1,MEX3C,0
LEF1,NREP,0
SNAI2,ACTC1,0
MLLT3,PREPL,0
LEF1,NDUFC2-KCTD14,0
BCL11A,KIF1A,0
ZFP42,MCM2,0
LEF1,ESRRG,0
BCL11A,ZFHX3,0
MLLT3,MYOCD,0
STAT3,APC,0
POU5F1,ALYREF,0
GATA2,CCDC6,0
HAND2,EHD3,0
POU5F1,SORL1,0
ZFP42,RAD51AP1,0
GATA3,TCN2,0
TEAD4,NCOA6,0
GATA4,FZD5,0
AR,GDAP1,0
FOXH1,FOXN2,0
MLLT3,TRIM27,0
HAND2,EIF5A2,0
TRIM28,ZFP36L2,0
CTNNB1,TRIP6,0
FOXP1,ARL4D,0
NANOG,PGR,0
JUND,TIMM21,0
LEF1,NBEAL1,0
POU5F1,COL4A5,0
ZFP42,SNX18,0
DNMT3B,CD200,0
GATA2,LMX1B,0
BCL11A,STX17,0
ZFP42,TYRO3,0
EZH2,S1PR3,0
POU5F1,MECOM,0
NANOG,C3ORF14,0
SOX17,GRP,0
STAT3,UPF1,0
GATA6,EPB41L3,0
SNAI2,NOP2,0
PRDM1,RAVER2,0
EGR1,NAV2,0
HAND2,NUMB,0
EZH2,EARS2,0
FOXP1,KLHL6,0
NANOG,MCM7,0
EGR1,SH3RF1,0
TEAD4,ANKMY2,0
FOXH1,GABRB2,0
GATA3,KAT7,0
SOX17,RND3,0
GATA6,STX6,0
NANOG,BBS2,0
GATA2,CD1D,0
SOX2,ETV7,0
NANOG,FZD7,0
TRIM28,POU2F1,0
GATA3,BARX2,0
BCL11A,POLR2G,0
SOX17,BBS2,0
PRDM1,SH3BGRL,0
TRIM28,RNF170,0
GATA3,SFRP1,0
HAND2,CCDC81,0
LEF1,CNBP,0
AR,KIF15,0
GATA3,RAI1,0
TP53,POLB,0
FOXH1,POLR1A,0
STAT3,NHLH2,0
TP53,ARL4A,0
SOX17,AFF1,0
STAT3,FBN1,0
GATA6,NT5DC3,0
STAT3,CNTRL,0
TCF4,SFMBT1,0
SOX17,TCEA1,0
BCL11A,SYNC,0
TFAP2A,PAIP2B,0
SOX17,POU2F2,0
CTNNB1,ALDOC,0
OTX2,GYPA,0
GATA4,GINS2,0
EOMES,GEMIN4,0
GATA4,PSMC3IP,0
POU5F1,PODXL,0
TCF4,DSCC1,0
SNAI2,ZWINT,0
DNMT3B,SEMA3A,0
SMAD2,SOX17,0
EZH2,ITGA5,0
LEF1,WNT5A,0
STAT3,TDP2,0
HAND2,FNDC3B,0
GATA3,STK17B,0
KLF5,INSIG2,0
POU5F1,FBXO36,0
SMAD2,CTBP1,0
PRDM1,ZCCHC24,0
CTNNB1,FLRT3,0
EOMES,STK17B,0
OTX2,AKAP1,0
KLF5,FAM120AOS,0
STAT3,ANKMY2,0
KLF5,RCOR3,0
GATA2,ELAVL2,0
HAND2,NRIP1,0
PRDM1,EXOSC3,0
GATA6,PCDH17,0
PRDM1,PGM2,0
TCF4,LEF1,0
EGR1,UCK2,0
FOXP1,CCDC80,0
KLF5,VAMP7,0
CTNNB1,ZNF585B,0
TRIM28,ZNF92,0
TP53,SLC7A5,0
STAT3,MAML3,0
TRIM28,PCDH7,0
HAND2,CCDC138,0
SOX17,ALG6,0
STAT3,GPSM2,0
DNMT3B,CDC25C,0
FOXH1,CCDC6,0
OTX2,ARFGAP3,0
EOMES,VASH2,0
EOMES,FAM120AOS,0
HAND2,CLSTN2,0
JUND,ERBB4,0
FOXP1,RFPL2,0
DNMT3B,BBS2,0
AR,REL,0
CTNNB1,KIAA1324L,0
JUND,EHMT2,0
GATA3,VASH2,0
MXI1,ARHGAP29,0
SNAI2,SYNC,0
SOX2,LAP3,0
JUND,MLLT3,0
SOX2,CALCOCO2,0
TRIM28,LIX1,0
TRIM28,FUBP1,0
GATA2,ZNF764,0
KLF5,FAM169A,0
MLLT3,POLR2F,0
EZH2,NFKBIB,0
EGR1,GYPB,0
GATA4,MYBBP1A,0
EGR1,MAGEH1,0
FOXH1,CXXC1,0
STAT3,MRPL1,0
GATA3,EDEM3,0
AR,DCAF6,0
STAT3,BAMBI,0
STAT3,HEG1,0
SMAD2,OPTN,0
BCL11A,UNC13B,0
PRDM1,KIF21A,0
EOMES,RPP40,0
OTX2,SH3BP4,0
SMAD2,AKAP1,0
AR,ETV1,0
DNMT3B,BCAR3,0
HAND2,ZBTB38,0
TP53,SMYD5,0
CTNNB1,DSE,0
FOXH1,REV3L,0
TRIM28,RBM47,0
FOXH1,DKK3,0
EGR1,DCAF5,0
SOX2,KIF13B,0
BCL11A,TGFB1I1,0
STAT3,PHLDA1,0
HAND2,BHLHB9,0
STAT3,ZNF92,0
TRIM28,CDCA7,0
GATA6,AURKB,0
NANOG,CA14,0
PRDM1,TSPAN12,0
KLF5,TNFRSF21,0
EZH2,UBTF,0
ZFP42,PTDSS1,0
SMAD2,LIMD1,0
ZFP42,PPIC,0
EGR1,SH3BGRL,0
SOX17,ZEB1,0
GATA4,HNRNPD,0
SOX17,TTC39C,0
EGR1,SYNC,0
BCL11A,NCAM1,0
SOX17,MFAP4,0
PRDM1,NDC80,0
SOX2,RFC3,0
PRDM1,CDC6,0
GATA6,CNKSR3,0
PRDM1,TWISTNB,0
PRDM1,DNMT1,0
HAND2,ARHGAP28,0
TP53,HDGF,0
EZH2,NOB1,0
TP53,MOB3B,0
EZH2,GALC,0
KLF5,CLCN4,0
OTX2,SHISA6,0
SNAI2,RIPPLY1,0
EGR1,TP53INP1,0
TCF4,LYAR,0
TCF4,HEATR1,0
SNAI2,FOXF1,0
MXI1,RARG,0
SNAI2,BMP4,0
AR,PRKACB,0
TRIM28,SFPQ,0
GATA6,UPF1,0
POU5F1,PLEKHA6,0
PRDM1,CYB5A,0
SOX17,LRRCC1,0
JUND,UPF2,0
POU5F1,TTK,0
EZH2,PARP1,0
POU5F1,BCLAF1,0
DNMT3B,MAPKAPK3,0
MLLT3,ILF3,0
SOX2,HTRA1,0
DNMT3B,NR2C1,0
MLLT3,PLEKHA6,0
AR,FUS,0
STAT3,SLC2A1,0
STAT3,STT3B,0
SMAD2,THYN1,0
KLF5,PPP3CA,0
DNMT3B,EXOSC3,0
GATA4,UPF3B,0
TRIM28,ANKRD1,0
SMAD2,ITGAV,0
MLLT3,SLC39A7,0
GATA4,MEF2D,0
DNMT3B,LRIG3,0
HAND2,BEND3,0
EOMES,RHOBTB3,0
GATA6,BMPER,0
CTNNB1,TRUB1,0
CTNNB1,KIFAP3,0
GATA3,CALB1,0
SOX17,RBM47,0
TP53,MCM2,0
TCF4,ZNF764,0
SOX2,SMARCC1,0
EZH2,RBFOX2,0
HAND2,RABGAP1L,0
SMAD2,ALCAM,0
MXI1,UTP18,0
KLF5,MRPS35,0
BCL11A,DEPDC1B,0
ZFP42,IL13RA1,0
STAT3,LCMT1,0
GATA6,PFKFB2,0
DNMT3B,FOXK1,0
PRDM1,NEDD9,0
HAND2,SPRY2,0
FOXH1,ZFP62,0
BCL11A,TLE3,0
HAND2,PDLIM3,0
ZFP42,URB2,0
SOX17,SFRP2,0
EZH2,RFC4,0
GATA4,NFE2L3,0
MXI1,POLK,0
AR,MPHOSPH6,0
MXI1,ALDH2,0
ZFP42,RNF14,0
AR,SMAD5,0
LEF1,DOCK1,0
ZFP42,SH3BP5,0
HAND2,CLDN10,0
POU5F1,UCHL3,0
STAT3,COMMD10,0
LEF1,NT5DC3,0
STAT3,MCM4,0
TEAD4,MORC4,0
SOX17,TIAM1,0
GATA3,ADAMTS3,0
FOXH1,ASXL1,0
TRIM28,SPRY2,0
NANOG,SLC5A6,0
FOXH1,COL4A1,0
EZH2,RBMX,0
TCF4,NOP2,0
KLF5,ESRRG,0
GATA4,CD9,0
CTNNB1,ZNF93,0
BCL11A,MAFF,0
DNMT3B,PIP5K1B,0
GATA4,DKK1,0
TCF4,AES,0
TCF4,COL1A2,0
HAND2,STC1,0
OTX2,FUT8,0
LEF1,GRHL2,0
KLF5,REL,0
OTX2,TRERF1,0
CTNNB1,ZBTB10,0
PRDM1,FAM208A,0
MLLT3,DNMT3B,0
EZH2,CDCA2,0
SOX17,ISCA1,0
SMAD2,ZNF92,0
OTX2,GPX7,0
TEAD4,GPX7,0
SOX17,NFIA,0
PRDM1,MALT1,0
EOMES,CEBPZ,0
TEAD4,METAP1,0
SMAD2,ZNF516,0
TCF4,VSNL1,0
MLLT3,HDAC9,0
EGR1,AARS,0
TRIM28,ZNF488,0
LEF1,RUNX1,0
GATA4,TMEM47,0
HAND2,PPAT,0
TP53,CLCN3,0
GATA6,SRSF10,0
GATA6,INO80D,0
GATA2,COL4A5,0
BCL11A,EPHA2,0
BCL11A,TCF4,0
GATA6,ID3,0
MLLT3,PIP4K2A,0
TRIM28,NFIC,0
TEAD4,TMEM47,0
SMAD2,IFT80,0
TP53,HCFC1,0
GATA2,GPR108,0
EGR1,TRIP13,0
SOX2,BCL11A,0
JUND,TSPAN12,0
OTX2,COX10,0
GATA4,TRAF6,0
TP53,SNRPB,0
SOX17,PNPLA8,0
SOX2,LMO3,0
EOMES,STAT2,0
ZFP42,MDM4,0
MLLT3,ODC1,0
KLF5,SYNC,0
LEF1,RBM12,0
GATA6,TATDN1,0
STAT3,KIF16B,0
TRIM28,STAT3,0
DNMT3B,ENC1,0
SOX17,RNF19A,0
GATA3,DBF4,0
DNMT3B,SHOX2,0
PRDM1,MEF2D,0
STAT3,TLE2,0
ZFP42,VPS54,0
TEAD4,ARL4D,0
GATA6,KIF15,0
MXI1,CUX1,0
GATA4,ARFGAP3,0
SOX17,TPD52L2,0
GATA4,TMEM177,0
MLLT3,NANOG,0
HAND2,ETV3,0
CTNNB1,RNF13,0
POU5F1,CBFA2T2,0
GATA3,HDAC9,0
MLLT3,AARS,0
FOXH1,AR,0
SMAD2,CXXC1,0
NANOG,POLR2K,0
SOX2,CYB5A,0
LEF1,TBX20,0
EZH2,POU2F2,0
GATA4,LRRCC1,0
AR,SCG3,0
FOXH1,SNUPN,0
AR,ILF2,0
EOMES,LIMD1,0
POU5F1,SEMA5A,0
JUND,STXBP5,0
NANOG,OAS1,0
HAND2,CEP85L,0
AR,ZNF165,0
AR,AADAT,0
POU5F1,SLC39A8,0
GATA2,MPP6,0
POU5F1,TSR1,0
DNMT3B,MRPL1,0
SOX17,HECW2,0
BCL11A,RNF19A,0
MLLT3,ASXL1,0
DNMT3B,TRIP6,0
SNAI2,DNAJC9,0
PRDM1,SART3,0
POU5F1,MAP7,0
HAND2,TP53,0
PRDM1,ALG6,0
HAND2,TCF7L1,0
GATA3,ZNF518B,0
PRDM1,CADM1,0
BCL11A,GLDC,0
KLF5,FUT8,0
SOX17,QPCT,0
SNAI2,CDCA2,0
CTNNB1,SOX7,0
GATA3,AKAP2,0
PRDM1,TMEM237,0
AR,STAT2,0
LEF1,RAI1,0
ZFP42,SMARCD3,0
EOMES,TMLHE,0
STAT3,AFF4,0
FOXP1,EPHA4,0
MLLT3,PCDH7,0
MLLT3,CNTRL,0
TP53,UHRF1,0
GATA3,RPP40,0
SOX2,MAN1A1,0
KLF5,SNUPN,0
ZFP42,MIB1,0
HAND2,GRP,0
GATA6,VPS54,0
SMAD2,PBXIP1,0
SNAI2,LGR5,0
OTX2,RNPS1,0
GATA4,MAFG,0
OTX2,APOBEC3C,0
OTX2,SCD5,0
TEAD4,PRIM1,0
SOX2,NFE2L3,0
TRIM28,LGR4,0
AR,PDCD2,0
FOXH1,VEZT,0
EGR1,RGS5,0
NANOG,GATA4,0
TEAD4,PLCB4,0
FOXH1,MYOCD,0
SOX17,MRPS35,0
HAND2,UTP18,0
EGR1,ABCA1,0
MLLT3,SRSF1,0
DNMT3B,EGR1,0
SOX2,LDB2,0
DNMT3B,RPF2,0
SMAD2,AES,0
KLF5,SDCCAG8,0
HAND2,FAT1,0
POU5F1,ITGA5,0
MXI1,RABGAP1L,0
BCL11A,COBLL1,0
GATA6,GALC,0
SOX17,CLCN4,0
GATA3,SLC18B1,0
GATA4,SPRED2,0
TEAD4,GPR108,0
SNAI2,NECAP2,0
TEAD4,LGR4,0
GATA4,GLDC,0
TRIM28,PPP1R9A,0
TCF4,DCLK1,0
TRIM28,POU5F1,0
STAT3,MAN1A1,0
SOX17,RFPL2,0
TCF4,PPIC,0
KLF5,TRAPPC8,0
CTNNB1,SRGAP1,0
SOX17,SOX7,0
EOMES,GPX7,0
STAT3,CYP2S1,0
MXI1,PPP3CA,0
TP53,SCD5,0
POU5F1,UTP18,0
MXI1,LRRCC1,0
CTNNB1,PAK1IP1,0
STAT3,ZNF516,0
GATA4,DUSP4,0
EZH2,RBM12,0
LEF1,SLC39A14,0
AR,ASB9,0
MXI1,MMP16,0
KLF5,XRN1,0
GATA4,SRSF3,0
SOX17,WDR12,0
GATA3,SNAI2,0
MXI1,EPCAM,0
SNAI2,KIF2C,0
EZH2,TTK,0
SMAD2,CCNA2,0
SOX17,CYP26A1,0
STAT3,WDR12,0
DNMT3B,FOXD3,0
SOX17,AGPAT5,0
NANOG,FAM162A,0
STAT3,GCNT2,0
GATA3,SH3RF1,0
FOXP1,IGSF3,0
MXI1,TEAD1,0
LEF1,FAM20A,0
KLF5,SAAL1,0
GATA2,MED16,0
SNAI2,DSCAM,0
SMAD2,RRAGD,0
GATA6,ENO2,0
DNMT3B,NCAPG,0
TFAP2A,ZFP42,0
AR,PPT2,0
DNMT3B,EPHA1,0
TCF4,TRIM37,0
TCF4,DAXX,0
SOX2,SHOX2,0
DNMT3B,GRPR,0
DNMT3B,CDCA7L,0
EGR1,KIF2C,0
POU5F1,ALDH18A1,0
GATA6,LRAT,0
FOXH1,LRRCC1,0
SMAD2,COL1A1,0
EZH2,FAM117B,0
DNMT3B,LMX1B,0
BCL11A,ANKRD6,0
MXI1,CLCN3,0
LEF1,GPATCH4,0
MLLT3,MECOM,0
GATA6,MITF,0
TEAD4,NREP,0
TEAD4,SAP18,0
FOXH1,WLS,0
CTNNB1,RNF24,0
STAT3,NR2C1,0
TEAD4,POU2F1,0
TRIM28,PELI2,0
PRDM1,LAP3,0
TRIM28,ELL2,0
SNAI2,NFATC3,0
GATA4,PELI2,0
DNMT3B,ASS1,0
OTX2,GRP,0
AR,TMF1,0
GATA4,NT5DC3,0
DNMT3B,TEAD1,0
ZFP42,AMIGO2,0
MXI1,C1GALT1,0
GATA3,SH3PXD2A,0
GATA2,MND1,0
CTNNB1,DPY19L1,0
ZFP42,SOX3,0
FOXP1,HOMER1,0
POU5F1,B3GNT5,0
HAND2,FOXH1,0
LEF1,NDC80,0
GATA2,BCL11B,0
HAND2,PLEKHA6,0
ZFP42,SIRT1,0
ZFP42,VWA5A,0
MXI1,ARFGAP3,0
SMAD2,GRPR,0
LEF1,TIPARP,0
PRDM1,GEMIN6,0
MLLT3,TRIM33,0
TCF4,TIMP3,0
TP53,RBMX,0
JUND,LRRCC1,0
FOXH1,SMAD2,0
TCF4,COLEC12,0
TRIM28,B4GALT4,0
GATA6,NUCB2,0
GATA4,SUPT7L,0
LEF1,DLC1,0
GATA6,TRDN,0
LEF1,AKAP2,0
NANOG,NFXL1,0
LEF1,ZNF239,0
TCF4,MITF,0
PRDM1,GATA3,0
TEAD4,GPSM2,0
SNAI2,ZNF165,0
GATA4,UTP18,0
SOX17,ZNF518B,0
SNAI2,TK1,0
EOMES,SEMA5A,0
FOXH1,TUBE1,0
TCF4,SNX16,0
TCF4,AGL,0
EZH2,PAM,0
MLLT3,JUND,0
CTNNB1,LIMD1,0
AR,VAMP7,0
DNMT3B,GPM6B,0
HAND2,RIPPLY1,0
FOXP1,PABPC4L,0
KLF5,S100A10,0
DNMT3B,SSB,0
TEAD4,SATB2,0
GATA6,TCF7L1,0
STAT3,NOG,0
CTNNB1,MRPS9,0
GATA3,SVIL,0
GATA3,ENC1,0
PRDM1,ADAMTS3,0
SNAI2,FOXN2,0
FOXP1,ZNF512,0
EZH2,RCAN2,0
MLLT3,CEP112,0
DNMT3B,DKK3,0
BCL11A,MMP16,0
EOMES,GXYLT1,0
EOMES,EHD3,0
GATA2,PITX2,0
AR,TFDP1,0
MLLT3,AFF4,0
SNAI2,HEATR1,0
FOXH1,CDH11,0
GATA3,SLC29A1,0
STAT3,PITX2,0
HAND2,PCNA,0
GATA6,DSE,0
MLLT3,ZNF398,0
STAT3,MYO5B,0
PRDM1,MEIS1,0
GATA3,MLLT6,0
TFAP2A,EPHA1,0
TP53,AHNAK,0
SNAI2,MRPS35,0
TP53,NOP16,0
SOX2,AKAP1,0
TCF4,FZD5,0
HAND2,SH3BGRL2,0
SOX2,VIM,0
PRDM1,ETV3,0
SOX17,HPRT1,0
SOX2,EXO1,0
EOMES,POLR2H,0
SMAD2,RNF19A,0
AR,ARID3A,0
SOX2,GLDC,0
TEAD4,HOXB3,0
SNAI2,SLC7A8,0
GATA4,GPC3,0
GATA3,DKK4,0
MXI1,CASD1,0
EOMES,ITGB3BP,0
PRDM1,FLVCR2,0
POU5F1,DSCAM,0
SOX17,SLFN5,0
BCL11A,DKK3,0
FOXP1,MAGEH1,0
SNAI2,BAMBI,0
BCL11A,ST8SIA1,0
LEF1,AIP,0
EZH2,ALPK2,0
CTNNB1,PGM1,0
PRDM1,APBB2,0
STAT3,SHISA6,0
MXI1,SYNC,0
HAND2,STX12,0
TCF4,NXT2,0
KLF5,MCC,0
EOMES,PTGR1,0
MLLT3,CHD9,0
LEF1,PLK1,0
EOMES,CDKN3,0
CTNNB1,PLCE1,0
FOXP1,RRAS2,0
DNMT3B,MCM10,0
EOMES,MCM2,0
TP53,TFE3,0
TP53,MPHOSPH6,0
TP53,DENND1A,0
SOX17,RHOBTB3,0
AR,SERINC3,0
DNMT3B,AARS,0
SOX17,PER3,0
SMAD2,RABEPK,0
FOXP1,UPF2,0
GATA6,FRZB,0
MXI1,COLEC12,0
BCL11A,B4GALT4,0
BCL11A,BEX2,0
FOXP1,RAD54L,0
TP53,SUPT16H,0
SOX17,CD9,0
OTX2,FGF2,0
BCL11A,WNT5A,0
SNAI2,EHD3,0
FOXP1,GATA6,0
HAND2,MND1,0
GATA6,NANOG,0
EZH2,BMPR1A,0
GATA3,FBXO28,0
TEAD4,HPRT1,0
SMAD2,TMEM131,0
HAND2,HAND1,0
STAT3,PDCD4,0
HAND2,CNBP,0
MLLT3,SLC5A6,0
EZH2,SH3PXD2A,0
SMAD2,APC,0
KLF5,ITGA6,0
STAT3,SLC7A8,0
SNAI2,NUSAP1,0
POU5F1,ITGA6,0
GATA2,NBEAL1,0
SMAD2,EXO1,0
SMAD2,FBXO5,0
SNAI2,RFESD,0
SMAD2,TSPAN13,0
SNAI2,KLHL12,0
EZH2,KLHL28,0
FOXP1,PTGR1,0
MLLT3,INSIG2,0
TCF4,DDHD2,0
KLF5,PMP22,0
KLF5,RAD50,0
GATA6,PER3,0
EZH2,STC1,0
EOMES,ANKZF1,0
SOX2,MXD4,0
TEAD4,THY1,0
LEF1,EZH2,0
MXI1,BMP2,0
MXI1,PALLD,0
LEF1,MAPRE2,0
JUND,ZEB2,0
TEAD4,NFIB,0
TFAP2A,FAM120AOS,0
FOXH1,ACTL6A,0
AR,IGDCC4,0
EOMES,ARHGAP29,0
ZFP42,SH3BGRL2,0
GATA2,TRAF6,0
ZFP42,ITGB3BP,0
STAT3,ID1,0
EGR1,LIMCH1,0
JUND,LRR1,0
CTNNB1,FZD7,0
ZFP42,GTF3C4,0
TRIM28,PROM1,0
TRIM28,FLRT2,0
CTNNB1,NUCB2,0
POU5F1,GLRX,0
PRDM1,FNDC3B,0
EOMES,CTBP1,0
TCF4,RFXANK,0
EOMES,GPM6B,0
BCL11A,STC1,0
CTNNB1,KIF13B,0
CTNNB1,SORL1,0
SNAI2,TRAF5,0
TRIM28,UCK2,0
STAT3,XPO5,0
FOXH1,TWISTNB,0
PRDM1,GLDC,0
TEAD4,NFE2L3,0
STAT3,NUFIP1,0
EGR1,UBTF,0
EGR1,CA14,0
LEF1,ST8SIA1,0
MLLT3,ZEB1,0
LEF1,TRIM37,0
SMAD2,WNT5A,0
MLLT3,FZD5,0
POU5F1,FAM89A,0
OTX2,NXT2,0
MLLT3,IMPAD1,0
SMAD2,ZNF239,0
DNMT3B,PCDH10,0
SOX17,SYNE2,0
AR,CYB5A,0
CTNNB1,RIOK1,0
AR,NFIB,0
DNMT3B,LYAR,0
SOX17,LRAT,0
DNMT3B,GPSM2,0
BCL11A,GYPE,0
MLLT3,KLF5,0
BCL11A,KRCC1,0
TCF4,HAND1,0
LEF1,SGCE,0
SMAD2,FREM1,0
GATA4,GALM,0
SOX2,TRAPPC8,0
TEAD4,PCDH7,0
POU5F1,SMYD2,0
GATA4,PRKACB,0
GATA4,ACBD3,0
CTNNB1,FREM1,0
TP53,PHLDA1,0
EZH2,CASK,0
DNMT3B,HEG1,0
SOX17,SMARCD1,0
TP53,PPAT,0
GATA6,ADD2,0
CTNNB1,SUPT7L,0
OTX2,POU3F1,0
PRDM1,KDM6A,0
SOX17,EPHA1,0
EZH2,LDB2,0
SOX2,SNAI1,0
KLF5,AHNAK,0
HAND2,NFKBIB,0
HAND2,TRIM22,0
EGR1,ANKRD6,0
NANOG,CCPG1,0
GATA6,P4HA1,0
TCF4,DLGAP5,0
GATA2,PLOD2,0
STAT3,TGFB1I1,0
NANOG,HOMER1,0
SOX2,BARX2,0
ZFP42,THAP9,0
MXI1,PBX1,0
MXI1,PJA2,0
GATA4,CAPN2,0
GATA2,GEMIN6,0
DNMT3B,SNRPB,0
KLF5,RBM47,0
GATA3,RBPJ,0
TCF4,AR,0
GATA3,NEK7,0
LEF1,ATG4C,0
GATA4,NIP7,0
LEF1,ANKRD13C,0
TEAD4,LAMB1,0
NANOG,LIFR,0
BCL11A,NIP7,0
STAT3,ACBD3,0
AR,IAH1,0
SOX17,RNPS1,0
SOX17,SEMA6D,0
BCL11A,CDC14B,0
ZFP42,USP1,0
AR,IMP4,0
GATA4,BBS2,0
CTNNB1,PHC1,0
EZH2,DBF4,0
TP53,AK4,0
SOX2,INPP4A,0
TCF4,SP110,0
CTNNB1,MYBL2,0
GATA2,ANGPT2,0
KLF5,ALYREF,0
FOXH1,CHEK2,0
PRDM1,MORC4,0
CTNNB1,STAT3,0
TEAD4,NCAPG,0
OTX2,HIST1H1B,0
MXI1,MAFG,0
TEAD4,AEBP1,0
STAT3,RUVBL1,0
AR,DDHD2,0
DNMT3B,JAKMIP2,0
GATA6,ANKRD44,0
TEAD4,H1F0,0
AR,ABCA1,0
ZFP42,UBTF,0
EGR1,PHLPP1,0
LEF1,SLC19A2,0
TEAD4,LDB2,0
TRIM28,CEP85L,0
SOX17,RCOR3,0
SOX2,SULF2,0
LEF1,SATB1,0
JUND,COL4A6,0
MXI1,MME,0
MLLT3,GATA3,0
EOMES,CCDC80,0
TEAD4,AK4,0
EZH2,GLMN,0
MXI1,HSPA14,0
SOX17,SH3BGRL,0
GATA2,HDGF,0
SOX17,KIF2C,0
EZH2,CCDC112,0
TEAD4,FAM20A,0
TP53,COMMD10,0
DNMT3B,ZFC3H1,0
MLLT3,SMAD2,0
KLF5,EMB,0
OTX2,LRAT,0
STAT3,NCAPG,0
EGR1,NIN,0
POU5F1,IRF1,0
TRIM28,BMP2,0
JUND,PLK2,0
DNMT3B,HECW2,0
LEF1,ACOX3,0
GATA4,HNRNPAB,0
SOX2,TYRO3,0
FOXH1,DPF2,0
EZH2,SLC46A3,0
SNAI2,METAP1,0
KLF5,EIF5A2,0
SOX2,SOX17,0
GATA3,REV3L,0
STAT3,ACSS3,0
SOX17,TRPC4,0
TFAP2A,PENK,0
JUND,BNIP3,0
PRDM1,ALDH2,0
GATA4,RCHY1,0
SOX17,STX12,0
SOX17,ZBTB38,0
HAND2,SRSF10,0
TP53,CA2,0
STAT3,ANKRD28,0
SNAI2,TRIM27,0
MLLT3,DTL,0
GATA2,TLR4,0
LEF1,DEDD2,0
LEF1,ZDHHC2,0
KLF5,IFRD2,0
GATA2,ACBD6,0
PRDM1,FAM162A,0
GATA4,DAAM1,0
ZFP42,SMARCC1,0
ZFP42,PPAT,0
EZH2,CUL1,0
MLLT3,PBXIP1,0
POU5F1,CYP26A1,0
MXI1,SERPINE2,0
ZFP42,UNG,0
SMAD2,ELK3,0
DNMT3B,EXO1,0
