TF,Target,label
AES,ARL6IP5,1
AES,CUBN,1
AES,DKK1,1
AES,ELF4,1
AES,EPAS1,1
AES,FRMD4A,1
AES,GATA6,1
AES,HIST1H1B,1
AES,MYBL2,1
AES,POU4F2,1
AES,POU5F1,1
AES,RIAN,1
AES,SOX17,1
AES,SRGN,1
AES,TBX18,1
CBX8,ADAMTS9,1
CBX8,AQP8,1
CBX8,BARX1,1
CBX8,BMI1,1
CBX8,COMMD3,1
CBX8,CUBN,1
CBX8,DAB2,1
CBX8,DIDO1,1
CBX8,DKK1,1
CBX8,DMRT1,1
CBX8,EBF1,1
CBX8,EBF4,1
CBX8,EED,1
CBX8,FGF10,1
CBX8,FOXQ1,1
CBX8,FRMD4A,1
CBX8,GATA3,1
CBX8,GATA4,1
CBX8,GATA6,1
CBX8,HEY2,1
CBX8,HIVEP2,1
CBX8,HKDC1,1
CBX8,HOXD13,1
CBX8,ID3,1
CBX8,ID4,1
CBX8,LDHB,1
CBX8,LHX2,1
CBX8,LMO4,1
CBX8,MEF2C,1
CBX8,MEIS1,1
CBX8,MSX2,1
CBX8,MT1,1
CBX8,NPAS2,1
CBX8,PAX6,1
CBX8,PITX2,1
CBX8,PROX1,1
CBX8,RAB3IL1,1
CBX8,SATB2,1
CBX8,SIX1,1
CBX8,SP8,1
CBX8,SRGN,1
CBX8,TBX18,1
CBX8,TEAD4,1
CBX8,THBD,1
CBX8,TWIST1,1
CBX8,ZEB2,1
CBX8,ZFHX3,1
EOMES,2200002D01RIK,1
EOMES,ADAM19,1
EOMES,ADAM23,1
EOMES,AKR1B8,1
EOMES,AKT1,1
EOMES,AMOT,1
EOMES,ANKRD6,1
EOMES,ARNT2,1
EOMES,ASS1,1
EOMES,ATF3,1
EOMES,ATF5,1
EOMES,AU018091,1
EOMES,BARX1,1
EOMES,BASP1,1
EOMES,BCAM,1
EOMES,BEND5,1
EOMES,BEX1,1
EOMES,BMI1,1
EOMES,BMP4,1
EOMES,BMPER,1
EOMES,BRWD1,1
EOMES,CALCOCO2,1
EOMES,CBX8,1
EOMES,CCND1,1
EOMES,CD63,1
EOMES,CHCHD10,1
EOMES,CHD5,1
EOMES,CITED1,1
EOMES,CITED2,1
EOMES,CLCN5,1
EOMES,CMKLR1,1
EOMES,COBL,1
EOMES,COL27A1,1
EOMES,COTL1,1
EOMES,CRABP2,1
EOMES,CREB3L2,1
EOMES,CSF1,1
EOMES,CSRP2,1
EOMES,CST3,1
EOMES,CTSZ,1
EOMES,CUBN,1
EOMES,CUX2,1
EOMES,DCXR,1
EOMES,DDX54,1
EOMES,DDX58,1
EOMES,DMRT1,1
EOMES,DPP4,1
EOMES,DPPA2,1
EOMES,E2F2,1
EOMES,EBF1,1
EOMES,EBF4,1
EOMES,EFEMP2,1
EOMES,EGR1,1
EOMES,EIF4A-PS4,1
EOMES,ELF2,1
EOMES,ELF3,1
EOMES,ELL2,1
EOMES,EPAS1,1
EOMES,EPHA2,1
EOMES,ESRRA,1
EOMES,ETS1,1
EOMES,ETV1,1
EOMES,ETV4,1
EOMES,EYA1,1
EOMES,FABP3,1
EOMES,FBLIM1,1
EOMES,FGF10,1
EOMES,FGF3,1
EOMES,FGF4,1
EOMES,FHL2,1
EOMES,FN1,1
EOMES,FOSL2,1
EOMES,FOXA2,1
EOMES,FOXD3,1
EOMES,FOXJ3,1
EOMES,FOXP1,1
EOMES,FOXQ1,1
EOMES,FST,1
EOMES,GAS6,1
EOMES,GATA3,1
EOMES,GATA4,1
EOMES,GATA6,1
EOMES,GBX2,1
EOMES,GJB3,1
EOMES,GLI1,1
EOMES,GLI2,1
EOMES,GLIPR2,1
EOMES,GLUL,1
EOMES,GNRH1,1
EOMES,GPX3,1
EOMES,GRB10,1
EOMES,GRHL1,1
EOMES,GTF2A1L,1
EOMES,HES6,1
EOMES,HIP1,1
EOMES,HKDC1,1
EOMES,HOPX,1
EOMES,HOXD13,1
EOMES,HS3ST1,1
EOMES,HSF2BP,1
EOMES,HTRA1,1
EOMES,ID2,1
EOMES,ID3,1
EOMES,ID4,1
EOMES,IFITM3,1
EOMES,IL33,1
EOMES,IRF1,1
EOMES,JAM2,1
EOMES,KAT2B,1
EOMES,KDM3A,1
EOMES,KLF6,1
EOMES,KRT42,1
EOMES,KRT8,1
EOMES,L1TD1,1
EOMES,LAMA1,1
EOMES,LAMA5,1
EOMES,LAMC1,1
EOMES,LDLRAP1,1
EOMES,LEFTY1,1
EOMES,LEFTY2,1
EOMES,LGMN,1
EOMES,LMO4,1
EOMES,LRP2,1
EOMES,LTBP4,1
EOMES,LY6G6E,1
EOMES,MAPK11,1
EOMES,MED12,1
EOMES,MEF2C,1
EOMES,MKRN1,1
EOMES,MORC4,1
EOMES,MRAS,1
EOMES,MSX2,1
EOMES,MT1,1
EOMES,MYD88,1
EOMES,MYH9,1
EOMES,MYLPF,1
EOMES,MYO7A,1
EOMES,NANOG,1
EOMES,NDN,1
EOMES,NDRG1,1
EOMES,NFATC1,1
EOMES,NFATC4,1
EOMES,NFIL3,1
EOMES,NFKB2,1
EOMES,NME2,1
EOMES,NOTCH1,1
EOMES,NOTUM,1
EOMES,NPHS1,1
EOMES,NR0B1,1
EOMES,NR2C1,1
EOMES,NR3C1,1
EOMES,NR5A2,1
EOMES,NRG1,1
EOMES,OPLAH,1
EOMES,OVOL1,1
EOMES,PAWR,1
EOMES,PAX6,1
EOMES,PAX8,1
EOMES,PBXIP1,1
EOMES,PCBD1,1
EOMES,PCOLCE,1
EOMES,PDK1,1
EOMES,PDPN,1
EOMES,PGA5,1
EOMES,PHC1,1
EOMES,PHLDB2,1
EOMES,PIAS2,1
EOMES,PITX1,1
EOMES,PITX2,1
EOMES,PODXL,1
EOMES,PRDM5,1
EOMES,PRSS35,1
EOMES,PTH1R,1
EOMES,RAI14,1
EOMES,RARG,1
EOMES,RBPMS2,1
EOMES,RCOR2,1
EOMES,RHOX5,1
EOMES,RHOX6,1
EOMES,RRBP1,1
EOMES,RUNX1,1
EOMES,SAP30,1
EOMES,SATB2,1
EOMES,SCMH1,1
EOMES,SGK1,1
EOMES,SIX1,1
EOMES,SKIL,1
EOMES,SLC25A4,1
EOMES,SLC5A11,1
EOMES,SLC7A6,1
EOMES,SLC9A6,1
EOMES,SMAD3,1
EOMES,SMURF1,1
EOMES,SNAI1,1
EOMES,SNURF,1
EOMES,SOX4,1
EOMES,SP8,1
EOMES,SPRY4,1
EOMES,STARD10,1
EOMES,STARD8,1
EOMES,STAT4,1
EOMES,TAGLN2,1
EOMES,TBX18,1
EOMES,TBX3,1
EOMES,TCEA3,1
EOMES,TCF7L2,1
EOMES,TDGF1,1
EOMES,TDH,1
EOMES,TEAD1,1
EOMES,TEAD4,1
EOMES,TET2,1
EOMES,TGFB1,1
EOMES,TINAGL1,1
EOMES,TMEM144,1
EOMES,TOX3,1
EOMES,TRH,1
EOMES,TRIM13,1
EOMES,TRIM24,1
EOMES,TRPS1,1
EOMES,TUBB6,1
EOMES,TWIST1,1
EOMES,UBQLN2,1
EOMES,UCHL1,1
EOMES,ULK1,1
EOMES,UPP1,1
EOMES,USF1,1
EOMES,VEGFA,1
EOMES,VEZF1,1
EOMES,VIM,1
EOMES,WDR45,1
EOMES,ZBTB10,1
EOMES,ZBTB39,1
EOMES,ZEB1,1
EOMES,ZEB2,1
EOMES,ZFP219,1
EOMES,ZFP276,1
EOMES,ZFP423,1
EOMES,ZFP57,1
EOMES,ZFPM1,1
EOMES,ZHX3,1
ESRRB,2200002D01RIK,1
ESRRB,ABHD5,1
ESRRB,AES,1
ESRRB,AIRE,1
ESRRB,AKR1B8,1
ESRRB,AKT1,1
ESRRB,AMOTL2,1
ESRRB,ANP32A,1
ESRRB,ANXA5,1
ESRRB,APP,1
ESRRB,ARHGAP29,1
ESRRB,ASNS,1
ESRRB,B2M,1
ESRRB,BASP1,1
ESRRB,BCAT1,1
ESRRB,BMP4,1
ESRRB,BTBD11,1
ESRRB,CALD1,1
ESRRB,CAR2,1
ESRRB,CCNG1,1
ESRRB,CITED2,1
ESRRB,CLDN6,1
ESRRB,COBL,1
ESRRB,COMMD3,1
ESRRB,CREB3,1
ESRRB,CSF1,1
ESRRB,DAB2,1
ESRRB,DDAH2,1
ESRRB,DDIT3,1
ESRRB,DKK1,1
ESRRB,E2F2,1
ESRRB,E2F6,1
ESRRB,EDA2R,1
ESRRB,EFEMP2,1
ESRRB,EPHA4,1
ESRRB,ETV4,1
ESRRB,FABP3,1
ESRRB,FBLIM1,1
ESRRB,FGF4,1
ESRRB,FOXP1,1
ESRRB,FST,1
ESRRB,FXYD6,1
ESRRB,GATA3,1
ESRRB,GATA6,1
ESRRB,GBX2,1
ESRRB,GJA1,1
ESRRB,GJB3,1
ESRRB,GLI2,1
ESRRB,GLIPR2,1
ESRRB,GRB10,1
ESRRB,HES6,1
ESRRB,ID2,1
ESRRB,ID3,1
ESRRB,IFITM1,1
ESRRB,IFITM3,1
ESRRB,ILK,1
ESRRB,IRF1,1
ESRRB,JAM2,1
ESRRB,JUN,1
ESRRB,KDELR3,1
ESRRB,KDM3A,1
ESRRB,KIT,1
ESRRB,KLF4,1
ESRRB,KLF6,1
ESRRB,KRT42,1
ESRRB,KRT8,1
ESRRB,LAMA1,1
ESRRB,LAPTM5,1
ESRRB,LDHB,1
ESRRB,LEFTY1,1
ESRRB,LMO4,1
ESRRB,LRP2,1
ESRRB,LRPAP1,1
ESRRB,LRRK1,1
ESRRB,LY6G6E,1
ESRRB,MEG3,1
ESRRB,MORC4,1
ESRRB,MRAS,1
ESRRB,MSC,1
ESRRB,MXD4,1
ESRRB,MYBL2,1
ESRRB,MYH9,1
ESRRB,MYLPF,1
ESRRB,NDN,1
ESRRB,NFATC2IP,1
ESRRB,NFIB,1
ESRRB,NID1,1
ESRRB,NOTCH2,1
ESRRB,NOTCH4,1
ESRRB,NPHS1,1
ESRRB,NR0B1,1
ESRRB,NUPR1,1
ESRRB,OTX2,1
ESRRB,PAWR,1
ESRRB,PCOLCE,1
ESRRB,PFKP,1
ESRRB,PHLDA3,1
ESRRB,PITX2,1
ESRRB,PKNOX2,1
ESRRB,PLOD1,1
ESRRB,PODXL,1
ESRRB,POU4F2,1
ESRRB,PTPN14,1
ESRRB,RAPGEF3,1
ESRRB,RARG,1
ESRRB,RASGRP2,1
ESRRB,RFX2,1
ESRRB,RHOX6,1
ESRRB,RIAN,1
ESRRB,RLIM,1
ESRRB,SEMA4C,1
ESRRB,SERPINE2,1
ESRRB,SERPINH1,1
ESRRB,SIRT1,1
ESRRB,SLC6A8,1
ESRRB,SOAT1,1
ESRRB,SPARC,1
ESRRB,SPP1,1
ESRRB,SPRY4,1
ESRRB,STARD10,1
ESRRB,TAX1BP3,1
ESRRB,TBX3,1
ESRRB,TCL1,1
ESRRB,TDGF1,1
ESRRB,TEAD1,1
ESRRB,TEAD3,1
ESRRB,TINAGL1,1
ESRRB,TPM4,1
ESRRB,TRH,1
ESRRB,TRIB3,1
ESRRB,TRP53BP1,1
ESRRB,TUBB6,1
ESRRB,TXNIP,1
ESRRB,UBQLN2,1
ESRRB,UPP1,1
ESRRB,UTF1,1
ESRRB,VEGFA,1
ESRRB,WWTR1,1
ESRRB,ZEB1,1
ESRRB,ZFAND3,1
ESRRB,ZFHX3,1
ESRRB,ZFP42,1
ESRRB,ZFP57,1
ESRRB,ZYX,1
ETV3,BMP6,1
ETV3,CALCOCO2,1
ETV3,DIDO1,1
ETV3,DKK1,1
ETV3,E2F2,1
ETV3,EPHA4,1
ETV3,EYA1,1
ETV3,FRMD4A,1
ETV3,GATA6,1
ETV3,HKDC1,1
ETV3,HOXD13,1
ETV3,IRF1,1
ETV3,KIT,1
ETV3,KLF2,1
ETV3,MRAS,1
ETV3,NID1,1
ETV3,NOTCH4,1
ETV3,NOTUM,1
ETV3,NR0B1,1
ETV3,NR5A2,1
ETV3,OVOL1,1
ETV3,PARVB,1
ETV3,PAX6,1
ETV3,PCOLCE,1
ETV3,PGA5,1
ETV3,PITX2,1
ETV3,PRSS35,1
ETV3,RHOX6,1
ETV3,SPP1,1
ETV3,STARD8,1
ETV3,STAT4,1
ETV3,TDGF1,1
ETV3,ULK1,1
ETV3,VEGFA,1
ETV3,ZFP42,1
FOXJ2,DKK1,1
FOXJ2,ELF4,1
FOXJ2,FRMD4A,1
FOXJ2,GRIN1,1
FOXJ2,IRF2,1
FOXJ2,KRT8,1
FOXJ2,LRRK1,1
FOXJ2,LY6G6E,1
FOXJ2,OBSL1,1
FOXJ2,POU4F2,1
FOXJ2,POU6F1,1
FOXJ2,RHOX6,1
FOXJ2,TAGLN2,1
FOXJ2,TBX18,1
FOXJ2,TNS4,1
GATA3,2200002D01RIK,1
GATA3,ABHD5,1
GATA3,ADAM19,1
GATA3,ADAM23,1
GATA3,AIRE,1
GATA3,AKT1,1
GATA3,ALPL,1
GATA3,AMOT,1
GATA3,AMOTL2,1
GATA3,ANKRD6,1
GATA3,ANP32A,1
GATA3,ANXA2,1
GATA3,ANXA5,1
GATA3,APBB1,1
GATA3,APOBEC3,1
GATA3,APOE,1
GATA3,APP,1
GATA3,AQP8,1
GATA3,ARHGAP29,1
GATA3,ARID1A,1
GATA3,ARNT2,1
GATA3,ASNS,1
GATA3,ASXL1,1
GATA3,ATF6,1
GATA3,ATP13A3,1
GATA3,ATP6V0A1,1
GATA3,BACH2,1
GATA3,BARX1,1
GATA3,BEND5,1
GATA3,BMI1,1
GATA3,BMP6,1
GATA3,BMPER,1
GATA3,BNIP3,1
GATA3,CALCOCO2,1
GATA3,CBX4,1
GATA3,CBX7,1
GATA3,CBX8,1
GATA3,CCND1,1
GATA3,CD63,1
GATA3,CHCHD10,1
GATA3,CHD7,1
GATA3,CHST15,1
GATA3,CIC,1
GATA3,CITED1,1
GATA3,CITED2,1
GATA3,CKB,1
GATA3,COBL,1
GATA3,COL27A1,1
GATA3,COL4A1,1
GATA3,COL4A2,1
GATA3,COMMD3,1
GATA3,CRABP2,1
GATA3,CREB3,1
GATA3,CREB3L2,1
GATA3,CST3,1
GATA3,CTBP2,1
GATA3,CTSD,1
GATA3,CTSL,1
GATA3,CTSZ,1
GATA3,CUBN,1
GATA3,D230025D16RIK,1
GATA3,DAB2,1
GATA3,DDIT3,1
GATA3,DDX58,1
GATA3,DIDO1,1
GATA3,DKK1,1
GATA3,DNMT3A,1
GATA3,DPP4,1
GATA3,DTX1,1
GATA3,DUSP9,1
GATA3,EGR1,1
GATA3,ELAVL2,1
GATA3,ELF3,1
GATA3,ELL2,1
GATA3,ELL3,1
GATA3,EMP2,1
GATA3,EPAS1,1
GATA3,EPHA2,1
GATA3,EPHA4,1
GATA3,ERF,1
GATA3,ERP29,1
GATA3,ETS1,1
GATA3,ETV4,1
GATA3,ETV5,1
GATA3,EYA1,1
GATA3,FABP3,1
GATA3,FAM129B,1
GATA3,FBLIM1,1
GATA3,FGF10,1
GATA3,FGF3,1
GATA3,FGF4,1
GATA3,FHL2,1
GATA3,FLRT3,1
GATA3,FN1,1
GATA3,FOXA2,1
GATA3,FOXD3,1
GATA3,FOXJ2,1
GATA3,FOXP1,1
GATA3,FOXQ1,1
GATA3,FRMD4A,1
GATA3,FXYD3,1
GATA3,GABARAPL2,1
GATA3,GAS6,1
GATA3,GATA4,1
GATA3,GATA6,1
GATA3,GBX2,1
GATA3,GDPD5,1
GATA3,GJB3,1
GATA3,GLI1,1
GATA3,GLI2,1
GATA3,GLIPR2,1
GATA3,GNRH1,1
GATA3,GSTA4,1
GATA3,GTF2A1L,1
GATA3,GTF2I,1
GATA3,H1F0,1
GATA3,HDAC11,1
GATA3,HES1,1
GATA3,HEY2,1
GATA3,HIP1,1
GATA3,HIST1H2BB,1
GATA3,HIST1H2BK,1
GATA3,HIST1H2BN,1
GATA3,HIST1H4K,1
GATA3,HKDC1,1
GATA3,HMGA2,1
GATA3,HNF1B,1
GATA3,HS3ST1,1
GATA3,HSF2BP,1
GATA3,HSPA5,1
GATA3,HSPB1,1
GATA3,HTRA1,1
GATA3,ID3,1
GATA3,IFI30,1
GATA3,IFITM1,1
GATA3,IFITM3,1
GATA3,IGFBP2,1
GATA3,IRF1,1
GATA3,IRF2,1
GATA3,JUN,1
GATA3,KANK3,1
GATA3,KAT2B,1
GATA3,KDELR3,1
GATA3,KDM3A,1
GATA3,KDM5B,1
GATA3,KEAP1,1
GATA3,KIT,1
GATA3,KLF2,1
GATA3,KLF6,1
GATA3,KLF8,1
GATA3,KRT8,1
GATA3,L1TD1,1
GATA3,LAMA1,1
GATA3,LAMC1,1
GATA3,LAPTM5,1
GATA3,LDLRAP1,1
GATA3,LEFTY2,1
GATA3,LGMN,1
GATA3,LHX2,1
GATA3,LMO4,1
GATA3,LOXL2,1
GATA3,LRP2,1
GATA3,LRPAP1,1
GATA3,LRRK1,1
GATA3,LY6G6E,1
GATA3,MAML3,1
GATA3,MAPK11,1
GATA3,MAPK8,1
GATA3,MBD2,1
GATA3,ME1,1
GATA3,MEG3,1
GATA3,MEIS1,1
GATA3,MEIS3,1
GATA3,MGST3,1
GATA3,MLXIPL,1
GATA3,MME,1
GATA3,MORC4,1
GATA3,MSC,1
GATA3,MSX2,1
GATA3,MT1,1
GATA3,MYCN,1
GATA3,MYD88,1
GATA3,MYH9,1
GATA3,MYLPF,1
GATA3,MYO6,1
GATA3,MYO7A,1
GATA3,NANOG,1
GATA3,NCOA6,1
GATA3,NDRG1,1
GATA3,NFATC1,1
GATA3,NFATC2IP,1
GATA3,NFIB,1
GATA3,NFXL1,1
GATA3,NID1,1
GATA3,NKRF,1
GATA3,NOTCH4,1
GATA3,NOTUM,1
GATA3,NPHS1,1
GATA3,NR0B1,1
GATA3,NR1D1,1
GATA3,NR1D2,1
GATA3,NR3C1,1
GATA3,NRG1,1
GATA3,NUP210,1
GATA3,NUPR1,1
GATA3,NXF7,1
GATA3,OPLAH,1
GATA3,OTX2,1
GATA3,P4HA1,1
GATA3,P4HA2,1
GATA3,P4HB,1
GATA3,PARVB,1
GATA3,PATZ1,1
GATA3,PAX6,1
GATA3,PAX8,1
GATA3,PBXIP1,1
GATA3,PCBD1,1
GATA3,PCOLCE,1
GATA3,PDGFRA,1
GATA3,PDK1,1
GATA3,PDPN,1
GATA3,PFKP,1
GATA3,PGA5,1
GATA3,PHC1,1
GATA3,PHLDB2,1
GATA3,PIAS3,1
GATA3,PITX1,1
GATA3,PLA2G1B,1
GATA3,PLOD1,1
GATA3,PLOD2,1
GATA3,PLTP,1
GATA3,PODXL,1
GATA3,POU5F1,1
GATA3,PRDM1,1
GATA3,PRDM14,1
GATA3,PRDM5,1
GATA3,PRSS35,1
GATA3,PTH1R,1
GATA3,RAB3IL1,1
GATA3,RANBP17,1
GATA3,RARA,1
GATA3,RARG,1
GATA3,RASGRP2,1
GATA3,RBBP7,1
GATA3,RBPMS2,1
GATA3,RCN3,1
GATA3,RCOR2,1
GATA3,RERE,1
GATA3,REST,1
GATA3,RFX5,1
GATA3,RHOX5,1
GATA3,RHOX6,1
GATA3,RIAN,1
GATA3,RRBP1,1
GATA3,RUNX1,1
GATA3,SALL1,1
GATA3,SAP30,1
GATA3,SATB2,1
GATA3,SDC4,1
GATA3,SEMA4C,1
GATA3,SERPINH1,1
GATA3,SHKBP1,1
GATA3,SKIL,1
GATA3,SLC25A4,1
GATA3,SLC5A11,1
GATA3,SLC6A8,1
GATA3,SLC7A3,1
GATA3,SLC7A6,1
GATA3,SLC9A6,1
GATA3,SMAD3,1
GATA3,SMARCA2,1
GATA3,SMARCD1,1
GATA3,SNAI1,1
GATA3,SNAPC3,1
GATA3,SNURF,1
GATA3,SOCS2,1
GATA3,SOX17,1
GATA3,SOX2,1
GATA3,SOX4,1
GATA3,SOX7,1
GATA3,SP8,1
GATA3,SPARC,1
GATA3,SPEN,1
GATA3,SPRY4,1
GATA3,SRGN,1
GATA3,SRI,1
GATA3,STARD10,1
GATA3,STARD8,1
GATA3,STAT4,1
GATA3,SUB1,1
GATA3,SURF4,1
GATA3,TAGLN2,1
GATA3,TAX1BP3,1
GATA3,TBX18,1
GATA3,TBX3,1
GATA3,TCEA3,1
GATA3,TCF7,1
GATA3,TCF7L2,1
GATA3,TDGF1,1
GATA3,TDH,1
GATA3,TEAD1,1
GATA3,TEAD4,1
GATA3,TET1,1
GATA3,TET2,1
GATA3,TFRC,1
GATA3,TGIF1,1
GATA3,THBD,1
GATA3,TINAGL1,1
GATA3,TMED2,1
GATA3,TMEM144,1
GATA3,TMEM150A,1
GATA3,TNS4,1
GATA3,TOX3,1
GATA3,TRH,1
GATA3,TRIM25,1
GATA3,TRPS1,1
GATA3,TXNDC12,1
GATA3,USF1,1
GATA3,VEGFA,1
GATA3,WDR45,1
GATA3,WWTR1,1
GATA3,XBP1,1
GATA3,ZBTB10,1
GATA3,ZBTB39,1
GATA3,ZC3H7A,1
GATA3,ZEB2,1
GATA3,ZFAND3,1
GATA3,ZFP219,1
GATA3,ZFP281,1
GATA3,ZFP42,1
GATA3,ZFP423,1
GATA3,ZFPM1,1
GATA3,ZIC3,1
GATA3,ZSWIM4,1
JARID2,ADAM23,1
JARID2,AKR1B8,1
JARID2,ALG13,1
JARID2,ALPL,1
JARID2,AMOT,1
JARID2,ANXA5,1
JARID2,APBB1,1
JARID2,APOBEC3,1
JARID2,APOE,1
JARID2,APP,1
JARID2,AQP8,1
JARID2,ARHGAP29,1
JARID2,ARID3B,1
JARID2,ARNT2,1
JARID2,ASNS,1
JARID2,ASS1,1
JARID2,ATP13A3,1
JARID2,AU018091,1
JARID2,BACH2,1
JARID2,BCAT1,1
JARID2,BIN1,1
JARID2,BMP4,1
JARID2,BRCA1,1
JARID2,BRCA2,1
JARID2,BTG1,1
JARID2,CALCOCO2,1
JARID2,CAR2,1
JARID2,CCNB1,1
JARID2,CEBPZ,1
JARID2,CKB,1
JARID2,COBL,1
JARID2,CRABP2,1
JARID2,CTBP1,1
JARID2,CTH,1
JARID2,CUBN,1
JARID2,CUX2,1
JARID2,DAB2,1
JARID2,DDX20,1
JARID2,DDX58,1
JARID2,DKC1,1
JARID2,DMRT1,1
JARID2,DPP4,1
JARID2,DPPA2,1
JARID2,DPPA4,1
JARID2,DUSP9,1
JARID2,EBF1,1
JARID2,EBF4,1
JARID2,ECT2,1
JARID2,EDA2R,1
JARID2,ELAVL2,1
JARID2,ELF3,1
JARID2,ELL2,1
JARID2,EOMES,1
JARID2,EPHA2,1
JARID2,ERF,1
JARID2,ESPL1,1
JARID2,ESRRB,1
JARID2,ETV1,1
JARID2,ETV4,1
JARID2,ETV5,1
JARID2,FABP3,1
JARID2,FGF4,1
JARID2,FGFR3,1
JARID2,FN1,1
JARID2,FOXH1,1
JARID2,FOXQ1,1
JARID2,FRMD4A,1
JARID2,FRRS1,1
JARID2,GABBR1,1
JARID2,GABPA,1
JARID2,GJB3,1
JARID2,GLDC,1
JARID2,GNPDA1,1
JARID2,GSR,1
JARID2,GSTA4,1
JARID2,HIST1H2AK,1
JARID2,HNF1B,1
JARID2,HSF2BP,1
JARID2,HSPB1,1
JARID2,HSPG2,1
JARID2,HTRA1,1
JARID2,ID4,1
JARID2,IFI30,1
JARID2,IFITM1,1
JARID2,IFITM2,1
JARID2,IFITM3,1
JARID2,IRF1,1
JARID2,ITGA6,1
JARID2,ITPK1,1
JARID2,JUN,1
JARID2,KANK3,1
JARID2,KAT2B,1
JARID2,KLF2,1
JARID2,KLF9,1
JARID2,KNTC1,1
JARID2,L1TD1,1
JARID2,L3MBTL2,1
JARID2,LAPTM5,1
JARID2,LEFTY1,1
JARID2,LEFTY2,1
JARID2,LMO4,1
JARID2,LRP2,1
JARID2,MCM3,1
JARID2,MCM4,1
JARID2,MCM5,1
JARID2,MCM6,1
JARID2,MEG3,1
JARID2,MEIS1,1
JARID2,MEIS3,1
JARID2,MME,1
JARID2,MORC4,1
JARID2,MOV10,1
JARID2,MSH6,1
JARID2,MT1,1
JARID2,MTA3,1
JARID2,MTF2,1
JARID2,MYBBP1A,1
JARID2,MYBL2,1
JARID2,MYH9,1
JARID2,MYLPF,1
JARID2,NANOG,1
JARID2,NCOA3,1
JARID2,NDN,1
JARID2,NDRG1,1
JARID2,NDRG4,1
JARID2,NFATC2IP,1
JARID2,NFE2L2,1
JARID2,NFIA,1
JARID2,NFIB,1
JARID2,NOTCH1,1
JARID2,NOTUM,1
JARID2,NR0B1,1
JARID2,NR2F2,1
JARID2,NR5A2,1
JARID2,NXF7,1
JARID2,ODC1,1
JARID2,OTX2,1
JARID2,PA2G4,1
JARID2,PAX6,1
JARID2,PAX8,1
JARID2,PCBD1,1
JARID2,PDGFRA,1
JARID2,PDPN,1
JARID2,PHF20,1
JARID2,PKNOX2,1
JARID2,PLA2G1B,1
JARID2,PLAT,1
JARID2,PLTP,1
JARID2,POLR1A,1
JARID2,POLR1B,1
JARID2,POU4F1,1
JARID2,POU5F1,1
JARID2,POU6F1,1
JARID2,PRDM5,1
JARID2,PROX1,1
JARID2,RAD51,1
JARID2,RAD54B,1
JARID2,RANBP17,1
JARID2,RARG,1
JARID2,RBPMS2,1
JARID2,REST,1
JARID2,RHOX6,1
JARID2,RRM2,1
JARID2,RYBP,1
JARID2,SALL4,1
JARID2,SATB1,1
JARID2,SDC4,1
JARID2,SEC24D,1
JARID2,SGK1,1
JARID2,SIRT1,1
JARID2,SIX1,1
JARID2,SLC16A1,1
JARID2,SLC7A3,1
JARID2,SMAD7,1
JARID2,SMARCC2,1
JARID2,SNORD87,1
JARID2,SOX4,1
JARID2,SPOCK1,1
JARID2,SPP1,1
JARID2,SPRY2,1
JARID2,SPRY4,1
JARID2,SRGN,1
JARID2,SRM,1
JARID2,STARD8,1
JARID2,STAT4,1
JARID2,SUZ12,1
JARID2,TAF5,1
JARID2,TBX3,1
JARID2,TCEA3,1
JARID2,TCF12,1
JARID2,TCF7,1
JARID2,TCL1,1
JARID2,TCOF1,1
JARID2,TDGF1,1
JARID2,TDH,1
JARID2,TET1,1
JARID2,TGIF1,1
JARID2,TIMP2,1
JARID2,TNS4,1
JARID2,TOP2A,1
JARID2,TOP2B,1
JARID2,TOX3,1
JARID2,TPD52,1
JARID2,TRIM13,1
JARID2,TRIM25,1
JARID2,TRP53,1
JARID2,TSHZ3,1
JARID2,TTF2,1
JARID2,TUBA4A,1
JARID2,TUBB2B,1
JARID2,UCHL1,1
JARID2,UHRF1,1
JARID2,UNG,1
JARID2,UPP1,1
JARID2,UTF1,1
JARID2,VEZF1,1
JARID2,VIM,1
JARID2,XRCC5,1
JARID2,XRCC6,1
JARID2,ZBTB20,1
JARID2,ZEB1,1
JARID2,ZEB2,1
JARID2,ZFP296,1
JARID2,ZFP42,1
JARID2,ZFP423,1
JARID2,ZFP768,1
JARID2,ZIC3,1
JARID2,ZMYND11,1
JARID2,ZSCAN10,1
JARID2,ZSWIM4,1
KLF4,2200002D01RIK,1
KLF4,ABHD5,1
KLF4,ABTB1,1
KLF4,ADAM19,1
KLF4,AES,1
KLF4,AIRE,1
KLF4,AKR1B8,1
KLF4,ALG13,1
KLF4,AMOT,1
KLF4,AMOTL2,1
KLF4,ANKRD6,1
KLF4,ANP32A,1
KLF4,ANXA2,1
KLF4,APOBEC3,1
KLF4,APOE,1
KLF4,APP,1
KLF4,AQP8,1
KLF4,ARHGAP29,1
KLF4,ARID3B,1
KLF4,ARID5B,1
KLF4,ARNT2,1
KLF4,ASS1,1
KLF4,ASXL1,1
KLF4,ATF3,1
KLF4,BACH2,1
KLF4,BARX1,1
KLF4,BASP1,1
KLF4,BAZ1A,1
KLF4,BCAT1,1
KLF4,BCL3,1
KLF4,BEND5,1
KLF4,BEX1,1
KLF4,BMP4,1
KLF4,BNIP3,1
KLF4,BRCA2,1
KLF4,BRWD1,1
KLF4,CALCOCO2,1
KLF4,CALD1,1
KLF4,CAR2,1
KLF4,CBX4,1
KLF4,CBX7,1
KLF4,CBX8,1
KLF4,CCNG1,1
KLF4,CD63,1
KLF4,CDC20,1
KLF4,CDC42SE2,1
KLF4,CDKN1A,1
KLF4,CHD5,1
KLF4,CHD7,1
KLF4,CHST15,1
KLF4,CITED1,1
KLF4,CKB,1
KLF4,CLDN6,1
KLF4,CNOT6,1
KLF4,CNOT6L,1
KLF4,COBL,1
KLF4,COL4A1,1
KLF4,COTL1,1
KLF4,CRABP2,1
KLF4,CREB3,1
KLF4,CRIP2,1
KLF4,CTH,1
KLF4,CTNNBIP1,1
KLF4,CTSD,1
KLF4,CUBN,1
KLF4,CUX2,1
KLF4,DAB2,1
KLF4,DDAH2,1
KLF4,DDX54,1
KLF4,DDX58,1
KLF4,DKK1,1
KLF4,DMRT1,1
KLF4,DNAJC10,1
KLF4,DNMT3A,1
KLF4,DPP4,1
KLF4,DTX1,1
KLF4,DUSP9,1
KLF4,E2F2,1
KLF4,EBF1,1
KLF4,EBF4,1
KLF4,EGR1,1
KLF4,EHMT2,1
KLF4,ELAVL2,1
KLF4,ELK4,1
KLF4,ELL3,1
KLF4,EMP2,1
KLF4,EOMES,1
KLF4,EPAS1,1
KLF4,EPHA2,1
KLF4,EPHA4,1
KLF4,EPS8,1
KLF4,ESRRB,1
KLF4,ETV4,1
KLF4,ETV5,1
KLF4,ETV6,1
KLF4,EYA1,1
KLF4,FAM129B,1
KLF4,FBLIM1,1
KLF4,FDPS,1
KLF4,FGF10,1
KLF4,FGF3,1
KLF4,FGF4,1
KLF4,FHL2,1
KLF4,FLRT3,1
KLF4,FN1,1
KLF4,FOSL2,1
KLF4,FOXA2,1
KLF4,FOXP1,1
KLF4,FOXQ1,1
KLF4,FRMD4A,1
KLF4,FRRS1,1
KLF4,FXYD6,1
KLF4,GABARAPL2,1
KLF4,GAS6,1
KLF4,GATA4,1
KLF4,GATA6,1
KLF4,GBX2,1
KLF4,GDPD5,1
KLF4,GJA1,1
KLF4,GJB3,1
KLF4,GLI2,1
KLF4,GLIPR2,1
KLF4,GLIS2,1
KLF4,GLUL,1
KLF4,GNAS,1
KLF4,GRB10,1
KLF4,GRIN1,1
KLF4,GSTA4,1
KLF4,GTF2A1L,1
KLF4,GTF2I,1
KLF4,H1F0,1
KLF4,HDAC11,1
KLF4,HES1,1
KLF4,HES6,1
KLF4,HEXIM1,1
KLF4,HIF1A,1
KLF4,HIP1,1
KLF4,HIST1H2BB,1
KLF4,HIST1H2BK,1
KLF4,HIST1H2BN,1
KLF4,HIVEP2,1
KLF4,HKDC1,1
KLF4,HMGA2,1
KLF4,HMGXB3,1
KLF4,HOPX,1
KLF4,HSF2,1
KLF4,HSF2BP,1
KLF4,HSPB1,1
KLF4,HSPG2,1
KLF4,HTRA1,1
KLF4,ID2,1
KLF4,ID3,1
KLF4,IFITM1,1
KLF4,IFITM3,1
KLF4,IGFBP2,1
KLF4,IL33,1
KLF4,ILF3,1
KLF4,ING3,1
KLF4,IRF1,1
KLF4,IRF2,1
KLF4,IRF6,1
KLF4,ITPK1,1
KLF4,JAM2,1
KLF4,JDP2,1
KLF4,JUN,1
KLF4,JUND,1
KLF4,KANK2,1
KLF4,KAT2B,1
KLF4,KDELR3,1
KLF4,KDM3A,1
KLF4,KLF10,1
KLF4,KLF15,1
KLF4,KLF2,1
KLF4,KLF3,1
KLF4,KLF8,1
KLF4,KRT42,1
KLF4,KRT8,1
KLF4,LAMA1,1
KLF4,LAMA5,1
KLF4,LAMC1,1
KLF4,LAPTM5,1
KLF4,LDB1,1
KLF4,LDHB,1
KLF4,LEFTY1,1
KLF4,LEFTY2,1
KLF4,LGMN,1
KLF4,LMO4,1
KLF4,LRP2,1
KLF4,LRPAP1,1
KLF4,LTBP4,1
KLF4,MAPK11,1
KLF4,MAPK13,1
KLF4,MAPK8,1
KLF4,MATR3,1
KLF4,MCM6,1
KLF4,ME1,1
KLF4,MEG3,1
KLF4,MEIS1,1
KLF4,MEIS3,1
KLF4,MLLT1,1
KLF4,MLXIP,1
KLF4,MME,1
KLF4,MORC4,1
KLF4,MOV10,1
KLF4,MRAS,1
KLF4,MSC,1
KLF4,MSH6,1
KLF4,MTF2,1
KLF4,MXD4,1
KLF4,MYC,1
KLF4,MYCN,1
KLF4,MYLPF,1
KLF4,MYO6,1
KLF4,MYO7A,1
KLF4,NANOG,1
KLF4,NCOA6,1
KLF4,NDN,1
KLF4,NDRG1,1
KLF4,NFATC2IP,1
KLF4,NFATC3,1
KLF4,NFATC4,1
KLF4,NFE2L1,1
KLF4,NFE2L2,1
KLF4,NFIB,1
KLF4,NFIC,1
KLF4,NFKBIA,1
KLF4,NID1,1
KLF4,NME2,1
KLF4,NOTCH4,1
KLF4,NOTUM,1
KLF4,NPAS2,1
KLF4,NR0B1,1
KLF4,NR1D2,1
KLF4,NR2F6,1
KLF4,NR4A1,1
KLF4,NR5A2,1
KLF4,NSD1,1
KLF4,NUPR1,1
KLF4,NXF7,1
KLF4,OBSL1,1
KLF4,OTX2,1
KLF4,P4HA2,1
KLF4,PARVB,1
KLF4,PATZ1,1
KLF4,PAX1,1
KLF4,PAX6,1
KLF4,PAX8,1
KLF4,PBXIP1,1
KLF4,PCBD1,1
KLF4,PCOLCE,1
KLF4,PDGFRA,1
KLF4,PDK1,1
KLF4,PDPN,1
KLF4,PER1,1
KLF4,PFKP,1
KLF4,PGA5,1
KLF4,PHC1,1
KLF4,PHF12,1
KLF4,PHF20,1
KLF4,PHLDA3,1
KLF4,PITX1,1
KLF4,PITX2,1
KLF4,PLAG1,1
KLF4,PLOD1,1
KLF4,PLTP,1
KLF4,PODXL,1
KLF4,POLR1B,1
KLF4,POU4F2,1
KLF4,POU5F1,1
KLF4,POU6F1,1
KLF4,PRDM1,1
KLF4,PRDM5,1
KLF4,PROX1,1
KLF4,PRRX2,1
KLF4,PRSS35,1
KLF4,PTPN14,1
KLF4,RAB11A,1
KLF4,RAB3IL1,1
KLF4,RAD54B,1
KLF4,RAI14,1
KLF4,RANBP17,1
KLF4,RAPGEF3,1
KLF4,RARG,1
KLF4,RASGRP2,1
KLF4,RB1,1
KLF4,RBPJ,1
KLF4,RBPMS2,1
KLF4,RCN3,1
KLF4,REST,1
KLF4,RFX2,1
KLF4,RFXAP,1
KLF4,RIAN,1
KLF4,RLIM,1
KLF4,RNF19A,1
KLF4,RNF2,1
KLF4,RNF6,1
KLF4,RUNX3,1
KLF4,SAP30,1
KLF4,SATB1,1
KLF4,SATB2,1
KLF4,SEMA4C,1
KLF4,SERPINE2,1
KLF4,SERPINH1,1
KLF4,SFI1,1
KLF4,SFPQ,1
KLF4,SIX1,1
KLF4,SKIL,1
KLF4,SLC16A1,1
KLF4,SLC25A4,1
KLF4,SLC26A10,1
KLF4,SLC5A11,1
KLF4,SLC6A6,1
KLF4,SLC6A8,1
KLF4,SLC7A3,1
KLF4,SLCO3A1,1
KLF4,SMAD7,1
KLF4,SMARCAD1,1
KLF4,SMARCD1,1
KLF4,SMURF1,1
KLF4,SNAI1,1
KLF4,SNAPC3,1
KLF4,SNURF,1
KLF4,SOAT1,1
KLF4,SOCS2,1
KLF4,SOX15,1
KLF4,SOX17,1
KLF4,SOX4,1
KLF4,SP8,1
KLF4,SPARC,1
KLF4,SPP1,1
KLF4,SPRY4,1
KLF4,SRF,1
KLF4,SRGN,1
KLF4,SSB,1
KLF4,SSBP4,1
KLF4,STARD10,1
KLF4,STARD8,1
KLF4,STAT4,1
KLF4,SURF4,1
KLF4,TADA3,1
KLF4,TAF5,1
KLF4,TAGLN2,1
KLF4,TAX1BP3,1
KLF4,TBX18,1
KLF4,TBX3,1
KLF4,TCEA3,1
KLF4,TCF20,1
KLF4,TCF7L2,1
KLF4,TCL1,1
KLF4,TEAD1,1
KLF4,TEAD3,1
KLF4,TEAD4,1
KLF4,TET2,1
KLF4,TGFB1,1
KLF4,TGFB1I1,1
KLF4,TGIF1,1
KLF4,THBD,1
KLF4,TINAGL1,1
KLF4,TMEM150A,1
KLF4,TNS4,1
KLF4,TOP2B,1
KLF4,TOX3,1
KLF4,TPD52,1
KLF4,TRH,1
KLF4,TRIM13,1
KLF4,TRIM25,1
KLF4,TRPS1,1
KLF4,TUBA4A,1
KLF4,TUBB2B,1
KLF4,TXNIP,1
KLF4,TYRO3,1
KLF4,UPP1,1
KLF4,UTF1,1
KLF4,VEGFA,1
KLF4,VEZF1,1
KLF4,VILL,1
KLF4,WDR45,1
KLF4,WWTR1,1
KLF4,XBP1,1
KLF4,XRCC6,1
KLF4,ZBTB10,1
KLF4,ZBTB20,1
KLF4,ZBTB24,1
KLF4,ZBTB32,1
KLF4,ZBTB38,1
KLF4,ZBTB43,1
KLF4,ZBTB7A,1
KLF4,ZDHHC15,1
KLF4,ZEB1,1
KLF4,ZEB2,1
KLF4,ZFHX3,1
KLF4,ZFP219,1
KLF4,ZFP275,1
KLF4,ZFP277,1
KLF4,ZFP281,1
KLF4,ZFP296,1
KLF4,ZFP42,1
KLF4,ZFP423,1
KLF4,ZFP57,1
KLF4,ZFP768,1
KLF4,ZFPM1,1
KLF4,ZFYVE21,1
KLF4,ZHX3,1
KLF4,ZIC3,1
KLF4,ZYX,1
MEF2C,ADAM23,1
MEF2C,ALG13,1
MEF2C,ANXA5,1
MEF2C,ARID5B,1
MEF2C,ARL6IP5,1
MEF2C,ARNTL,1
MEF2C,BACH2,1
MEF2C,BMP6,1
MEF2C,CALCOCO2,1
MEF2C,CAR2,1
MEF2C,CCND1,1
MEF2C,CHST15,1
MEF2C,COTL1,1
MEF2C,CRABP2,1
MEF2C,CREB3L2,1
MEF2C,CST3,1
MEF2C,DAB2,1
MEF2C,DDAH2,1
MEF2C,DIDO1,1
MEF2C,DNMT3A,1
MEF2C,DUSP9,1
MEF2C,EMP2,1
MEF2C,EPAS1,1
MEF2C,ETS1,1
MEF2C,EYA1,1
MEF2C,FABP3,1
MEF2C,FGF10,1
MEF2C,FHL2,1
MEF2C,FOXP1,1
MEF2C,FRMD4A,1
MEF2C,GJB3,1
MEF2C,HOPX,1
MEF2C,HTRA1,1
MEF2C,IRF2,1
MEF2C,JAM2,1
MEF2C,JDP2,1
MEF2C,KIT,1
MEF2C,KLF2,1
MEF2C,KLF8,1
MEF2C,LAMA1,1
MEF2C,LRP2,1
MEF2C,LRPAP1,1
MEF2C,LY6G6E,1
MEF2C,MAFK,1
MEF2C,MEF2D,1
MEF2C,MEIS1,1
MEF2C,MSC,1
MEF2C,MYC,1
MEF2C,MYLPF,1
MEF2C,NDRG4,1
MEF2C,NFATC4,1
MEF2C,NFIL3,1
MEF2C,NFKBIA,1
MEF2C,NOTCH1,1
MEF2C,NOTUM,1
MEF2C,NPAS2,1
MEF2C,NR5A2,1
MEF2C,NRG1,1
MEF2C,OVOL1,1
MEF2C,PAX8,1
MEF2C,PGA5,1
MEF2C,PITX2,1
MEF2C,POU4F2,1
MEF2C,POU6F1,1
MEF2C,PRDM1,1
MEF2C,PROX1,1
MEF2C,PRSS35,1
MEF2C,PTH1R,1
MEF2C,RAPGEF3,1
MEF2C,RFX2,1
MEF2C,SATB2,1
MEF2C,SERPINH1,1
MEF2C,SERTAD2,1
MEF2C,SHROOM3,1
MEF2C,SLC6A8,1
MEF2C,SMARCA2,1
MEF2C,SOAT1,1
MEF2C,SP8,1
MEF2C,SPP1,1
MEF2C,STARD8,1
MEF2C,STAT4,1
MEF2C,TAF6L,1
MEF2C,TBX18,1
MEF2C,TBX3,1
MEF2C,TCEA3,1
MEF2C,TCL1,1
MEF2C,TDGF1,1
MEF2C,TDH,1
MEF2C,TET2,1
MEF2C,ULK1,1
MEF2C,ZEB2,1
MEF2C,ZFP42,1
MSC,2410141K09RIK,1
MSC,AMOT,1
MSC,ANKRD6,1
MSC,APOE,1
MSC,APP,1
MSC,B2M,1
MSC,BARX1,1
MSC,BASP1,1
MSC,BMI1,1
MSC,BMPER,1
MSC,CHCHD10,1
MSC,CLDN6,1
MSC,COTL1,1
MSC,CRABP2,1
MSC,CUBN,1
MSC,CUX2,1
MSC,DAB2,1
MSC,DDIT3,1
MSC,DKK1,1
MSC,DMRT1,1
MSC,E2F2,1
MSC,EBF1,1
MSC,EBF4,1
MSC,ELF4,1
MSC,EPAS1,1
MSC,FHL2,1
MSC,FOXA2,1
MSC,GABBR1,1
MSC,GATA3,1
MSC,GATA6,1
MSC,GJB3,1
MSC,GLIPR2,1
MSC,GLS,1
MSC,GRIN1,1
MSC,HIST1H2AF,1
MSC,HIST1H2AI,1
MSC,HIST1H4K,1
MSC,HOXD13,1
MSC,HSPB1,1
MSC,HTRA1,1
MSC,ID2,1
MSC,ID3,1
MSC,ID4,1
MSC,IRF1,1
MSC,KLF13,1
MSC,KRT42,1
MSC,LAMA1,1
MSC,LAPTM5,1
MSC,LDHB,1
MSC,LEFTY1,1
MSC,MEIS1,1
MSC,MKX,1
MSC,MRAS,1
MSC,NFATC1,1
MSC,NOTCH1,1
MSC,NOTCH4,1
MSC,NOTUM,1
MSC,PAX6,1
MSC,PAX8,1
MSC,PBXIP1,1
MSC,PDGFRA,1
MSC,PDPN,1
MSC,PKNOX2,1
MSC,POU5F1,1
MSC,POU6F1,1
MSC,PRDM1,1
MSC,PTH1R,1
MSC,RAPGEF3,1
MSC,RHOX6,1
MSC,SHROOM3,1
MSC,SORD,1
MSC,SOX17,1
MSC,SP8,1
MSC,SPEN,1
MSC,SRGN,1
MSC,STAT4,1
MSC,STAT5B,1
MSC,TBX18,1
MSC,TBX3,1
MSC,TCEA3,1
MSC,TCL1,1
MSC,TINAGL1,1
MSC,TNS4,1
MSC,VIM,1
MSC,ZDHHC15,1
MYBL2,ARL6IP5,1
MYBL2,BMI1,1
MYBL2,CRABP2,1
MYBL2,CUBN,1
MYBL2,CUX2,1
MYBL2,DAB2,1
MYBL2,DDIT3,1
MYBL2,DKK1,1
MYBL2,EMX2,1
MYBL2,EP300,1
MYBL2,FABP3,1
MYBL2,FGF3,1
MYBL2,FHL2,1
MYBL2,FOXA2,1
MYBL2,FRMD4A,1
MYBL2,GATA4,1
MYBL2,GATA6,1
MYBL2,GRIN1,1
MYBL2,HIST1H1D,1
MYBL2,KRT8,1
MYBL2,LAPTM5,1
MYBL2,LHX2,1
MYBL2,LY6G6E,1
MYBL2,MED12,1
MYBL2,MYO6,1
MYBL2,NUPR1,1
MYBL2,OVOL1,1
MYBL2,PAX8,1
MYBL2,SERPINH1,1
MYBL2,SRGN,1
MYBL2,TAGLN2,1
MYBL2,TBX18,1
MYBL2,TBX3,1
MYBL2,TEAD1,1
MYBL2,THBD,1
MYBL2,ZBTB32,1
MYC,AATF,1
MYC,ADAM23,1
MYC,ADAMTS9,1
MYC,AIRE,1
MYC,AKR1B8,1
MYC,AKT1,1
MYC,ALPL,1
MYC,AMOTL2,1
MYC,APOE,1
MYC,ARNT2,1
MYC,ARNTL,1
MYC,ATF7,1
MYC,BARX1,1
MYC,BASP1,1
MYC,BAZ1A,1
MYC,BCAM,1
MYC,BEND5,1
MYC,BMP6,1
MYC,CALD1,1
MYC,CAR2,1
MYC,COMMD3,1
MYC,DDAH2,1
MYC,DDX58,1
MYC,DPP4,1
MYC,DTX1,1
MYC,EBF1,1
MYC,EBF4,1
MYC,EGR1,1
MYC,ELAVL2,1
MYC,ELF1,1
MYC,EPAS1,1
MYC,EPHA4,1
MYC,ETV1,1
MYC,FGF10,1
MYC,FOXD3,1
MYC,FST,1
MYC,FXYD6,1
MYC,GABBR1,1
MYC,GATA3,1
MYC,GBX2,1
MYC,GJB3,1
MYC,GLS,1
MYC,HIVEP2,1
MYC,HSPB1,1
MYC,HTRA1,1
MYC,IFI30,1
MYC,IMPDH1,1
MYC,ISYNA1,1
MYC,KAT2B,1
MYC,LAPTM5,1
MYC,LEFTY1,1
MYC,LEFTY2,1
MYC,LMO4,1
MYC,LRP2,1
MYC,MAFK,1
MYC,MATR3,1
MYC,MEG3,1
MYC,MEIS1,1
MYC,MLXIPL,1
MYC,MOV10,1
MYC,MRAS,1
MYC,MT1,1
MYC,MYCN,1
MYC,MYO6,1
MYCN,ADAM23,1
MYCN,AIRE,1
MYCN,ARNTL,1
MYCN,BMP6,1
MYCN,CMKLR1,1
MYCN,EBF1,1
MYCN,ELAVL2,1
MYCN,EP300,1
MYC,NFATC4,1
MYCN,FOXA2,1
MYCN,FOXJ3,1
MYCN,FRMD4A,1
MYCN,GATA3,1
MYCN,GATA6,1
MYCN,GDPD5,1
MYCN,GRHL1,1
MYCN,HIST1H2BN,1
MYCN,HSPG2,1
MYCN,INSIG1,1
MYCN,LEFTY1,1
MYCN,LEFTY2,1
MYCN,MAML3,1
MYC,NME2,1
MYCN,MKX,1
MYCN,NFATC4,1
MYCN,NR1D1,1
MYCN,NR1D2,1
MYCN,NR1H2,1
MYC,NOTUM,1
MYC,NR0B1,1
MYC,NR1D1,1
MYC,NR1D2,1
MYCN,RAPGEF3,1
MYC,NRG1,1
MYCN,RUNX1,1
MYCN,SLC16A1,1
MYCN,SLC7A6,1
MYCN,STAT5A,1
MYCN,TCL1,1
MYCN,TINAGL1,1
MYCN,TNS4,1
MYCN,UNG,1
MYC,PAX8,1
MYC,PHC1,1
MYC,PHLDB2,1
MYC,PIAS3,1
MYC,PITX1,1
MYC,PITX2,1
MYC,PODXL,1
MYC,PRSS35,1
MYC,PTH1R,1
MYC,RIAN,1
MYC,SDC4,1
MYC,SGK1,1
MYC,SLC16A1,1
MYC,SLC7A6,1
MYC,SNURF,1
MYC,SP8,1
MYC,SPP1,1
MYC,SRM,1
MYC,SSBP4,1
MYC,TBX18,1
MYC,TDGF1,1
MYC,TEAD3,1
MYC,TEAD4,1
MYC,TGFB1,1
MYC,TGFB1I1,1
MYC,TIMP3,1
MYC,TMSB4X,1
MYC,TNS4,1
MYC,TOX3,1
MYC,VIM,1
MYC,WWTR1,1
MYC,ZBTB20,1
MYC,ZEB2,1
MYC,ZFP423,1
MYC,ZIC3,1
MYC,ZYX,1
NANOG,2200002D01RIK,1
NANOG,ABHD5,1
NANOG,ABTB1,1
NANOG,ADAMTS9,1
NANOG,AES,1
NANOG,AIRE,1
NANOG,AKT1,1
NANOG,AMOTL2,1
NANOG,ANKRD6,1
NANOG,ANP32A,1
NANOG,ANXA5,1
NANOG,APOBEC3,1
NANOG,APP,1
NANOG,ARHGAP29,1
NANOG,ARL6IP5,1
NANOG,ASH1L,1
NANOG,ASXL1,1
NANOG,B2M,1
NANOG,BACH2,1
NANOG,BASP1,1
NANOG,BIN1,1
NANOG,BMI1,1
NANOG,BMP4,1
NANOG,BNIP3,1
NANOG,BRD7,1
NANOG,BTAF1,1
NANOG,BTG1,1
NANOG,BTG2,1
NANOG,CALCOCO2,1
NANOG,CALD1,1
NANOG,CAR2,1
NANOG,CBX4,1
NANOG,CCND1,1
NANOG,CITED2,1
NANOG,CLDN6,1
NANOG,CMKLR1,1
NANOG,CNOT6,1
NANOG,COBL,1
NANOG,COL4A1,1
NANOG,COL4A2,1
NANOG,COMMD3,1
NANOG,CRABP2,1
NANOG,CREB3,1
NANOG,CSRP2,1
NANOG,D230025D16RIK,1
NANOG,DAB2,1
NANOG,DDAH2,1
NANOG,DDB2,1
NANOG,DKK1,1
NANOG,DMRT1,1
NANOG,DPP4,1
NANOG,DTX1,1
NANOG,DUSP9,1
NANOG,E2F2,1
NANOG,E2F6,1
NANOG,EBF4,1
NANOG,EGR1,1
NANOG,EIF4A-PS4,1
NANOG,ELF3,1
NANOG,ELL3,1
NANOG,EOMES,1
NANOG,ESPL1,1
NANOG,ESRRB,1
NANOG,ETV4,1
NANOG,ETV5,1
NANOG,FBLIM1,1
NANOG,FGF3,1
NANOG,FGF4,1
NANOG,FN1,1
NANOG,FOXO3,1
NANOG,FXYD6,1
NANOG,GATA3,1
NANOG,GATA4,1
NANOG,GATA6,1
NANOG,GBX2,1
NANOG,GJA1,1
NANOG,GJB3,1
NANOG,GLI1,1
NANOG,GLI2,1
NANOG,GLIS2,1
NANOG,GM13597,1
NANOG,GNPDA1,1
NANOG,GRIN1,1
NANOG,GSTA4,1
NANOG,GTF2I,1
NANOG,H1F0,1
NANOG,HDAC11,1
NANOG,HIF1A,1
NANOG,HIST1H2BB,1
NANOG,HIST1H4K,1
NANOG,HKDC1,1
NANOG,HMGXB4,1
NANOG,HS3ST1,1
NANOG,HSF2BP,1
NANOG,HSPA5,1
NANOG,HSPG2,1
NANOG,HSPH1,1
NANOG,ID2,1
NANOG,IFITM1,1
NANOG,IFITM2,1
NANOG,IGFBP2,1
NANOG,ILK,1
NANOG,ISYNA1,1
NANOG,JAM2,1
NANOG,KANK2,1
NANOG,KANK3,1
NANOG,KDELR3,1
NANOG,KIT,1
NANOG,KLF10,1
NANOG,KLF2,1
NANOG,KLF4,1
NANOG,KLF6,1
NANOG,KRT42,1
NANOG,KRT8,1
NANOG,LDB1,1
NANOG,LDHB,1
NANOG,LDLRAP1,1
NANOG,LEFTY1,1
NANOG,LOXL2,1
NANOG,LRP2,1
NANOG,LRPAP1,1
NANOG,MAFK,1
NANOG,MCM6,1
NANOG,MDM2,1
NANOG,MEIS1,1
NANOG,MKRN1,1
NANOG,MORC4,1
NANOG,MOV10,1
NANOG,MRAS,1
NANOG,MTA3,1
NANOG,MYBL2,1
NANOG,MYC,1
NANOG,MYCN,1
NANOG,MYH9,1
NANOG,MYLPF,1
NANOG,NAA15,1
NANOG,NOTCH2,1
NANOG,NOTCH4,1
NANOG,NOTUM,1
NANOG,NR0B1,1
NANOG,NRG1,1
NANOG,NUPR1,1
NANOG,NXF7,1
NANOG,OTX2,1
NANOG,PARVB,1
NANOG,PCOLCE,1
NANOG,PDK1,1
NANOG,PFKP,1
NANOG,PHC1,1
NANOG,PHLDA3,1
NANOG,PHLDB2,1
NANOG,PITX2,1
NANOG,PKNOX2,1
NANOG,PLA2G1B,1
NANOG,PLAT,1
NANOG,PLOD1,1
NANOG,PODXL,1
NANOG,POLR3B,1
NANOG,POU4F2,1
NANOG,POU5F1,1
NANOG,PROX1,1
NANOG,PRRX2,1
NANOG,PRSS35,1
NANOG,PSIP1,1
NANOG,RAB3IL1,1
NANOG,RAPGEF3,1
NANOG,RARA,1
NANOG,RASGRP2,1
NANOG,RCN3,1
NANOG,REST,1
NANOG,RHOX5,1
NANOG,RHOX6,1
NANOG,RRBP1,1
NANOG,RUNX3,1
NANOG,SALL1,1
NANOG,SAP30,1
NANOG,SATB1,1
NANOG,SATB2,1
NANOG,SDC4,1
NANOG,SEMA4C,1
NANOG,SERPINE2,1
NANOG,SGK1,1
NANOG,SHROOM3,1
NANOG,SIN3B,1
NANOG,SLC7A3,1
NANOG,SLC9A6,1
NANOG,SNAI1,1
NANOG,SOS2,1
NANOG,SOX17,1
NANOG,SOX2,1
NANOG,SOX7,1
NANOG,SP8,1
NANOG,SPARC,1
NANOG,SPP1,1
NANOG,SPRY4,1
NANOG,SRGN,1
NANOG,SRI,1
NANOG,SSBP4,1
NANOG,STARD10,1
NANOG,STARD8,1
NANOG,TAF9,1
NANOG,TAGLN2,1
NANOG,TAX1BP3,1
NANOG,TBL1X,1
NANOG,TCEA3,1
NANOG,TCF12,1
NANOG,TCL1,1
NANOG,TDGF1,1
NANOG,TDH,1
NANOG,TEAD3,1
NANOG,TEAD4,1
NANOG,TET2,1
NANOG,TGIF1,1
NANOG,TINAGL1,1
NANOG,TMED2,1
NANOG,TNS4,1
NANOG,TPM4,1
NANOG,TRH,1
NANOG,TRIB3,1
NANOG,TRPS1,1
NANOG,TUBB2B,1
NANOG,TUBB6,1
NANOG,TULP3,1
NANOG,TXNIP,1
NANOG,TYRO3,1
NANOG,UTF1,1
NANOG,VEGFA,1
NANOG,VIM,1
NANOG,WWTR1,1
NANOG,XRCC5,1
NANOG,YAF2,1
NANOG,ZBTB10,1
NANOG,ZBTB32,1
NANOG,ZBTB43,1
NANOG,ZBTB7A,1
NANOG,ZFAND3,1
NANOG,ZFP296,1
NANOG,ZFP423,1
NANOG,ZFP57,1
NANOG,ZYX,1
NR0B1,ASS1,1
NR0B1,CALCOCO2,1
NR0B1,CHCHD10,1
NR0B1,CNOT6,1
NR0B1,COBL,1
NR0B1,D230025D16RIK,1
NR0B1,DDIT3,1
NR0B1,DPP4,1
NR0B1,ELAVL2,1
NR0B1,EMX2,1
NR0B1,GABARAPL2,1
NR0B1,GJB3,1
NR0B1,ITPK1,1
NR0B1,JAM2,1
NR0B1,KDELR3,1
NR0B1,KIT,1
NR0B1,KLF4,1
NR0B1,MSC,1
NR0B1,MSX2,1
NR0B1,MT1,1
NR0B1,MYLPF,1
NR0B1,NOTCH4,1
NR0B1,NR2C1,1
NR0B1,OTX2,1
NR0B1,RFX2,1
NR0B1,RHOX6,1
NR0B1,SERPINH1,1
NR0B1,SGK1,1
NR0B1,SP8,1
NR0B1,SSBP4,1
NR0B1,TBX3,1
NR0B1,TMEM144,1
NR0B1,ZFP36L1,1
NR5A2,2200002D01RIK,1
NR5A2,2410141K09RIK,1
NR5A2,AES,1
NR5A2,AMOT,1
NR5A2,ANP32A,1
NR5A2,ARL6IP5,1
NR5A2,ARNT2,1
NR5A2,ATF3,1
NR5A2,ATF5,1
NR5A2,BASP1,1
NR5A2,BMPER,1
NR5A2,BTG1,1
NR5A2,CDKN1A,1
NR5A2,CHCHD10,1
NR5A2,CITED1,1
NR5A2,CLDN6,1
NR5A2,CRABP2,1
NR5A2,CTSD,1
NR5A2,CUBN,1
NR5A2,DAB2,1
NR5A2,DDAH2,1
NR5A2,DDIT3,1
NR5A2,DKK1,1
NR5A2,DPP4,1
NR5A2,EBF1,1
NR5A2,EBF4,1
NR5A2,ELF1,1
NR5A2,ELF4,1
NR5A2,ELL2,1
NR5A2,ETV3,1
NR5A2,EYA1,1
NR5A2,FGF4,1
NR5A2,FHL2,1
NR5A2,FLRT3,1
NR5A2,FOXA2,1
NR5A2,GABARAPL2,1
NR5A2,GBX2,1
NR5A2,GLI1,1
NR5A2,GLIPR2,1
NR5A2,HIP1,1
NR5A2,HIST1H2BN,1
NR5A2,HOPX,1
NR5A2,HS3ST1,1
NR5A2,HSP90B1,1
NR5A2,ID3,1
NR5A2,ID4,1
NR5A2,IRF4,1
NR5A2,JAM2,1
NR5A2,KLF15,1
NR5A2,KLF4,1
NR5A2,KRT42,1
NR5A2,LAPTM5,1
NR5A2,LY6G6E,1
NR5A2,ME1,1
NR5A2,MSC,1
NR5A2,MYO6,1
NR5A2,NDRG4,1
NR5A2,NOTCH4,1
NR5A2,NPHS1,1
NR5A2,NR0B1,1
NR5A2,NUPR1,1
NR5A2,OTX2,1
NR5A2,PAX6,1
NR5A2,PBXIP1,1
NR5A2,PDK1,1
NR5A2,PITX2,1
NR5A2,PLOD1,1
NR5A2,POLR2A,1
NR5A2,POU5F1,1
NR5A2,PROX1,1
NR5A2,PRRX2,1
NR5A2,PTH1R,1
NR5A2,RAPGEF3,1
NR5A2,SEMA4C,1
NR5A2,SERPINH1,1
NR5A2,SGK1,1
NR5A2,SIX1,1
NR5A2,SKIL,1
NR5A2,SMAD3,1
NR5A2,SOX17,1
NR5A2,SOX4,1
NR5A2,SOX7,1
NR5A2,SPEN,1
NR5A2,SRGN,1
NR5A2,STAT4,1
NR5A2,TBX18,1
NR5A2,TCEA3,1
NR5A2,TEAD4,1
NR5A2,THBD,1
NR5A2,TNS4,1
NR5A2,TRH,1
NR5A2,TRIB3,1
NR5A2,TRPS1,1
NR5A2,VILL,1
NR5A2,VIM,1
NR5A2,ZBTB38,1
NR5A2,ZBTB7A,1
NRIP1,2200002D01RIK,1
NRIP1,2410141K09RIK,1
NRIP1,ADAM23,1
NRIP1,AES,1
NRIP1,AIRE,1
NRIP1,AMOT,1
NRIP1,AMOTL2,1
NRIP1,APBB1,1
NRIP1,APP,1
NRIP1,ARHGAP29,1
NRIP1,ARID5B,1
NRIP1,ARNT2,1
NRIP1,AU018091,1
NRIP1,B2M,1
NRIP1,BACH2,1
NRIP1,BARX1,1
NRIP1,BAZ1A,1
NRIP1,BCAT1,1
NRIP1,BIN1,1
NRIP1,BNIP3,1
NRIP1,BRWD1,1
NRIP1,BTBD11,1
NRIP1,CALD1,1
NRIP1,CD63,1
NRIP1,CDC5L,1
NRIP1,CDKN1A,1
NRIP1,CHCHD10,1
NRIP1,CHST15,1
NRIP1,CITED1,1
NRIP1,CITED2,1
NRIP1,CLDN6,1
NRIP1,COBL,1
NRIP1,COL27A1,1
NRIP1,COMMD3,1
NRIP1,CREB3L2,1
NRIP1,CRIP2,1
NRIP1,CST3,1
NRIP1,CTSL,1
NRIP1,CUBN,1
NRIP1,CUX2,1
NRIP1,D230025D16RIK,1
NRIP1,DAB2,1
NRIP1,DCXR,1
NRIP1,DDAH2,1
NRIP1,DDX58,1
NRIP1,DKK1,1
NRIP1,DMRT1,1
NRIP1,DPP4,1
NRIP1,E2F2,1
NRIP1,E2F6,1
NRIP1,EDEM1,1
NRIP1,EED,1
NRIP1,EFEMP2,1
NRIP1,EGR1,1
NRIP1,EMP2,1
NRIP1,EPHA4,1
NRIP1,ESRRB,1
NRIP1,ETS1,1
NRIP1,EYA1,1
NRIP1,FBLIM1,1
NRIP1,FGF3,1
NRIP1,FGF4,1
NRIP1,FHL2,1
NRIP1,FLRT3,1
NRIP1,FOSL2,1
NRIP1,FOXA2,1
NRIP1,FOXD3,1
NRIP1,FOXJ2,1
NRIP1,FRMD4A,1
NRIP1,FRRS1,1
NRIP1,FST,1
NRIP1,FXYD6,1
NRIP1,GABARAPL2,1
NRIP1,GABBR1,1
NRIP1,GATA3,1
NRIP1,GJA1,1
NRIP1,GLI2,1
NRIP1,GLIPR2,1
NRIP1,GNAS,1
NRIP1,GRIN1,1
NRIP1,HDAC11,1
NRIP1,HDAC7,1
NRIP1,HES1,1
NRIP1,HES6,1
NRIP1,HIP1,1
NRIP1,HIST1H2AI,1
NRIP1,HIST1H2BB,1
NRIP1,HIST1H2BK,1
NRIP1,HIST1H2BN,1
NRIP1,HIST1H4K,1
NRIP1,HIVEP2,1
NRIP1,HMGA2,1
NRIP1,HOPX,1
NRIP1,HOXD13,1
NRIP1,HSF2BP,1
NRIP1,ID2,1
NRIP1,ID3,1
NRIP1,ID4,1
NRIP1,IGFBP2,1
NRIP1,IL33,1
NRIP1,ILK,1
NRIP1,IRF1,1
NRIP1,IRF6,1
NRIP1,ITPK1,1
NRIP1,JAM2,1
NRIP1,JARID2,1
NRIP1,JUN,1
NRIP1,JUND,1
NRIP1,KANK3,1
NRIP1,KAT2B,1
NRIP1,KDM3A,1
NRIP1,KDM5B,1
NRIP1,KIT,1
NRIP1,KLF15,1
NRIP1,KLF2,1
NRIP1,KLF4,1
NRIP1,KLF6,1
NRIP1,KLF8,1
NRIP1,KLF9,1
NRIP1,KRT42,1
NRIP1,KRT8,1
NRIP1,LAMA5,1
NRIP1,LAPTM5,1
NRIP1,LDHB,1
NRIP1,LEFTY1,1
NRIP1,LHX2,1
NRIP1,LRP2,1
NRIP1,LRRK1,1
NRIP1,LY6G6E,1
NRIP1,MAFK,1
NRIP1,MAGED1,1
NRIP1,MAML3,1
NRIP1,ME1,1
NRIP1,MED12,1
NRIP1,MED21,1
NRIP1,MEF2C,1
NRIP1,MEIS1,1
NRIP1,MEIS3,1
NRIP1,MKX,1
NRIP1,MOV10,1
NRIP1,MRAS,1
NRIP1,MSC,1
NRIP1,MSH6,1
NRIP1,MSX2,1
NRIP1,MTF2,1
NRIP1,MXD4,1
NRIP1,MYBL2,1
NRIP1,MYH9,1
NRIP1,MYLPF,1
NRIP1,NCOA3,1
NRIP1,NDN,1
NRIP1,NFATC1,1
NRIP1,NFATC2IP,1
NRIP1,NFIA,1
NRIP1,NFIB,1
NRIP1,NFIL3,1
NRIP1,NFXL1,1
NRIP1,NID1,1
NRIP1,NME2,1
NRIP1,NOTCH2,1
NRIP1,NOTCH4,1
NRIP1,NOTUM,1
NRIP1,NPHS1,1
NRIP1,NR0B1,1
NRIP1,NR1D1,1
NRIP1,NR5A2,1
NRIP1,NXF7,1
NRIP1,OTX2,1
NRIP1,OVOL1,1
NRIP1,PARVB,1
NRIP1,PAWR,1
NRIP1,PAX8,1
NRIP1,PCBD1,1
NRIP1,PCOLCE,1
NRIP1,PDCD4,1
NRIP1,PDK1,1
NRIP1,PFKP,1
NRIP1,PGA5,1
NRIP1,PHLDA3,1
NRIP1,PHLDB2,1
NRIP1,PITX2,1
NRIP1,PKNOX2,1
NRIP1,PLA2G1B,1
NRIP1,PODXL,1
NRIP1,POU6F1,1
NRIP1,PRDM14,1
NRIP1,PROX1,1
NRIP1,PRRX2,1
NRIP1,PTH1R,1
NRIP1,PTPN14,1
NRIP1,PURA,1
NRIP1,RARG,1
NRIP1,RASGRP2,1
NRIP1,RBPJ,1
NRIP1,RCOR2,1
NRIP1,REST,1
NRIP1,RFX2,1
NRIP1,RFX5,1
NRIP1,RHOX5,1
NRIP1,RNF19A,1
NRIP1,RUNX3,1
NRIP1,SALL1,1
NRIP1,SEMA4C,1
NRIP1,SERPINH1,1
NRIP1,SHROOM3,1
NRIP1,SIRT1,1
NRIP1,SLC5A11,1
NRIP1,SLC6A8,1
NRIP1,SLC7A3,1
NRIP1,SLCO3A1,1
NRIP1,SMAD3,1
NRIP1,SNAI1,1
NRIP1,SOAT1,1
NRIP1,SOCS2,1
NRIP1,SORD,1
NRIP1,SOS2,1
NRIP1,SOX15,1
NRIP1,SOX2,1
NRIP1,SOX7,1
NRIP1,SP8,1
NRIP1,SPARC,1
NRIP1,SPP1,1
NRIP1,SPRY4,1
NRIP1,STARD10,1
NRIP1,STAT5B,1
NRIP1,TAGLN2,1
NRIP1,TAX1BP3,1
NRIP1,TBX3,1
NRIP1,TCF12,1
NRIP1,TCF7L2,1
NRIP1,TCL1,1
NRIP1,TDH,1
NRIP1,TEAD1,1
NRIP1,TEAD3,1
NRIP1,TET1,1
NRIP1,TET2,1
NRIP1,TGFB1I1,1
NRIP1,TNFAIP3,1
NRIP1,TOP2B,1
NRIP1,TOX3,1
NRIP1,TPM4,1
NRIP1,TRIM25,1
NRIP1,TRPS1,1
NRIP1,TUBB2B,1
NRIP1,TUBB6,1
NRIP1,TWIST1,1
NRIP1,TXNDC5,1
NRIP1,ULK1,1
NRIP1,UPP1,1
NRIP1,VILL,1
NRIP1,WWTR1,1
NRIP1,YAF2,1
NRIP1,ZBTB32,1
NRIP1,ZDHHC15,1
NRIP1,ZEB1,1
NRIP1,ZEB2,1
NRIP1,ZFAND3,1
NRIP1,ZFP296,1
NRIP1,ZFP42,1
NRIP1,ZFP57,1
NRIP1,ZFP768,1
NRIP1,ZFPM1,1
NRIP1,ZYX,1
OTX2,AIRE,1
OTX2,AMOT,1
OTX2,AMOTL2,1
OTX2,APBB1,1
OTX2,APP,1
OTX2,ARID5B,1
OTX2,ATF3,1
OTX2,BARX1,1
OTX2,BMP6,1
OTX2,CALD1,1
OTX2,CHST15,1
OTX2,CITED1,1
OTX2,CLDN6,1
OTX2,COBL,1
OTX2,COL27A1,1
OTX2,COL4A1,1
OTX2,CRABP2,1
OTX2,CTSL,1
OTX2,CUBN,1
OTX2,DAB2,1
OTX2,DDAH2,1
OTX2,DDX58,1
OTX2,DIDO1,1
OTX2,DKK1,1
OTX2,DUSP9,1
OTX2,EGR1,1
OTX2,EMX2,1
OTX2,EOMES,1
OTX2,EPAS1,1
OTX2,EPS8,1
OTX2,ESRRB,1
OTX2,ETV4,1
OTX2,FABP3,1
OTX2,FBLIM1,1
OTX2,FGF3,1
OTX2,FHL2,1
OTX2,FOSL2,1
OTX2,FST,1
OTX2,GABBR1,1
OTX2,GAS6,1
OTX2,GATA3,1
OTX2,GBX2,1
OTX2,GJB3,1
OTX2,HDAC7,1
OTX2,HIP1,1
OTX2,HMGA2,1
OTX2,HOPX,1
OTX2,HS3ST1,1
OTX2,ID2,1
OTX2,ID3,1
OTX2,IGFBP2,1
OTX2,IL33,1
OTX2,IRF1,1
OTX2,KIT,1
OTX2,KLF2,1
OTX2,KLF4,1
OTX2,KRT42,1
OTX2,KRT8,1
OTX2,LAMA1,1
OTX2,LAPTM5,1
OTX2,LDHB,1
OTX2,LEFTY2,1
OTX2,LHX2,1
OTX2,LOXL2,1
OTX2,MRAS,1
OTX2,MSC,1
OTX2,MYLPF,1
OTX2,NANOG,1
OTX2,NFATC1,1
OTX2,NID1,1
OTX2,NOTUM,1
OTX2,NR0B1,1
OTX2,NR5A2,1
OTX2,NXF7,1
OTX2,PAX6,1
OTX2,PDPN,1
OTX2,PGA5,1
OTX2,PITX2,1
OTX2,PKNOX2,1
OTX2,PODXL,1
OTX2,POU6F1,1
OTX2,PRDM1,1
OTX2,PTH1R,1
OTX2,RASGRP2,1
OTX2,RBPMS2,1
OTX2,RRBP1,1
OTX2,SEMA4C,1
OTX2,SFI1,1
OTX2,SIX1,1
OTX2,SLCO3A1,1
OTX2,SNAI1,1
OTX2,SOCS2,1
OTX2,SOX7,1
OTX2,SPARC,1
OTX2,SPRY4,1
OTX2,TBX18,1
OTX2,TCL1,1
OTX2,TDH,1
OTX2,TEAD1,1
OTX2,TET2,1
OTX2,TIMP3,1
OTX2,TINAGL1,1
OTX2,TNFAIP3,1
OTX2,TNS4,1
OTX2,TOX3,1
OTX2,TRH,1
OTX2,TRPS1,1
OTX2,UPP1,1
OTX2,WWTR1,1
OTX2,YAF2,1
OTX2,ZFP36L1,1
OTX2,ZFP42,1
POU5F1,2200002D01RIK,1
POU5F1,2810025M15RIK,1
POU5F1,ABHD5,1
POU5F1,ADAM19,1
POU5F1,ADAM23,1
POU5F1,ADAMTS9,1
POU5F1,AES,1
POU5F1,AIRE,1
POU5F1,AKR1B8,1
POU5F1,AKT1,1
POU5F1,AMOT,1
POU5F1,AMOTL2,1
POU5F1,ANKRD6,1
POU5F1,ANXA2,1
POU5F1,ANXA5,1
POU5F1,APOBEC3,1
POU5F1,APOE,1
POU5F1,APP,1
POU5F1,ARID5B,1
POU5F1,ARL6IP5,1
POU5F1,ASNS,1
POU5F1,ASS1,1
POU5F1,ASXL1,1
POU5F1,ATF3,1
POU5F1,ATF4,1
POU5F1,AY036118,1
POU5F1,B2M,1
POU5F1,BACH2,1
POU5F1,BARX1,1
POU5F1,BASP1,1
POU5F1,BAZ1A,1
POU5F1,BCAT1,1
POU5F1,BCL3,1
POU5F1,BEND5,1
POU5F1,BIN1,1
POU5F1,BMP4,1
POU5F1,BNIP3,1
POU5F1,BTBD11,1
POU5F1,BTG2,1
POU5F1,CALCOCO2,1
POU5F1,CALD1,1
POU5F1,CAR2,1
POU5F1,CBX4,1
POU5F1,CCND1,1
POU5F1,CD63,1
POU5F1,CDKN1A,1
POU5F1,CEBPZ,1
POU5F1,CHCHD10,1
POU5F1,CHST15,1
POU5F1,CITED1,1
POU5F1,CITED2,1
POU5F1,CKB,1
POU5F1,CLCN5,1
POU5F1,CLDN6,1
POU5F1,COBL,1
POU5F1,COL4A1,1
POU5F1,COL4A2,1
POU5F1,COMMD3,1
POU5F1,COTL1,1
POU5F1,CRABP2,1
POU5F1,CREB3,1
POU5F1,CRIP2,1
POU5F1,CSF1,1
POU5F1,CSRP2,1
POU5F1,CST3,1
POU5F1,CTBP2,1
POU5F1,CTH,1
POU5F1,CTSZ,1
POU5F1,CUBN,1
POU5F1,DAB2,1
POU5F1,DDAH2,1
POU5F1,DDX58,1
POU5F1,DIDO1,1
POU5F1,DKC1,1
POU5F1,DKK1,1
POU5F1,DMRT1,1
POU5F1,DNMT3A,1
POU5F1,DPP4,1
POU5F1,DPPA2,1
POU5F1,DPPA4,1
POU5F1,DTX1,1
POU5F1,DUSP9,1
POU5F1,E2F2,1
POU5F1,EBF1,1
POU5F1,EFEMP2,1
POU5F1,EGR1,1
POU5F1,ELAVL2,1
POU5F1,ELF1,1
POU5F1,ELF3,1
POU5F1,ELF4,1
POU5F1,ELK4,1
POU5F1,ELL2,1
POU5F1,ELL3,1
POU5F1,EMX2,1
POU5F1,EOMES,1
POU5F1,EPHA2,1
POU5F1,EPHA4,1
POU5F1,EPS8,1
POU5F1,ESRRB,1
POU5F1,ETV1,1
POU5F1,ETV3,1
POU5F1,ETV4,1
POU5F1,ETV5,1
POU5F1,F3,1
POU5F1,FABP3,1
POU5F1,FAM129B,1
POU5F1,FBLIM1,1
POU5F1,FGF10,1
POU5F1,FGF4,1
POU5F1,FGFR3,1
POU5F1,FHL2,1
POU5F1,FLRT3,1
POU5F1,FN1,1
POU5F1,FOSL2,1
POU5F1,FOXA2,1
POU5F1,FOXD3,1
POU5F1,FOXH1,1
POU5F1,FOXJ2,1
POU5F1,FOXJ3,1
POU5F1,FOXP1,1
POU5F1,FOXQ1,1
POU5F1,FRRS1,1
POU5F1,FST,1
POU5F1,FXR2,1
POU5F1,FXYD6,1
POU5F1,GAS6,1
POU5F1,GATA3,1
POU5F1,GATA4,1
POU5F1,GATA6,1
POU5F1,GBX2,1
POU5F1,GDPD5,1
POU5F1,GJB3,1
POU5F1,GLDC,1
POU5F1,GLI1,1
POU5F1,GLI2,1
POU5F1,GLIPR2,1
POU5F1,GLUL,1
POU5F1,GM13597,1
POU5F1,GNAS,1
POU5F1,GNPDA1,1
POU5F1,GRB10,1
POU5F1,GRHL1,1
POU5F1,GRIN1,1
POU5F1,GSR,1
POU5F1,GSTA4,1
POU5F1,GTF2A1L,1
POU5F1,HDAC11,1
POU5F1,HDGF,1
POU5F1,HES1,1
POU5F1,HES6,1
POU5F1,HIP1,1
POU5F1,HIST1H1A,1
POU5F1,HIST1H1B,1
POU5F1,HIST1H2AC,1
POU5F1,HIST1H2AI,1
POU5F1,HIST1H2BB,1
POU5F1,HIST1H2BN,1
POU5F1,HIST1H4K,1
POU5F1,HIVEP2,1
POU5F1,HMGA2,1
POU5F1,HOXD13,1
POU5F1,HSF2BP,1
POU5F1,HSPB1,1
POU5F1,ID2,1
POU5F1,ID3,1
POU5F1,ID4,1
POU5F1,IFITM1,1
POU5F1,IFITM2,1
POU5F1,IFITM3,1
POU5F1,IGFBP2,1
POU5F1,IKBKB,1
POU5F1,ILF2,1
POU5F1,ILK,1
POU5F1,IRF1,1
POU5F1,IRF6,1
POU5F1,ISYNA1,1
POU5F1,ITGA6,1
POU5F1,ITPK1,1
POU5F1,JAM2,1
POU5F1,JARID2,1
POU5F1,JDP2,1
POU5F1,JUN,1
POU5F1,JUND,1
POU5F1,KANK2,1
POU5F1,KAT2B,1
POU5F1,KDELR2,1
POU5F1,KDELR3,1
POU5F1,KDM3A,1
POU5F1,KIT,1
POU5F1,KLF10,1
POU5F1,KLF15,1
POU5F1,KLF2,1
POU5F1,KLF4,1
POU5F1,KLF6,1
POU5F1,KLF9,1
POU5F1,KRT42,1
POU5F1,KRT8,1
POU5F1,L1TD1,1
POU5F1,LAMA1,1
POU5F1,LAMA5,1
POU5F1,LAMB1,1
POU5F1,LAPTM5,1
POU5F1,LDLRAP1,1
POU5F1,LEFTY1,1
POU5F1,LEFTY2,1
POU5F1,LHX2,1
POU5F1,LMO4,1
POU5F1,LOXL2,1
POU5F1,LTBP4,1
POU5F1,LY6G6E,1
POU5F1,MAFK,1
POU5F1,MAGED1,1
POU5F1,MAML3,1
POU5F1,MAPK13,1
POU5F1,MBD2,1
POU5F1,MCM2,1
POU5F1,MCM3,1
POU5F1,MCM4,1
POU5F1,MCM5,1
POU5F1,MCM6,1
POU5F1,MCM7,1
POU5F1,MDM2,1
POU5F1,ME1,1
POU5F1,MEF2A,1
POU5F1,MEF2C,1
POU5F1,MEG3,1
POU5F1,MEIS1,1
POU5F1,MEIS3,1
POU5F1,MKRN1,1
POU5F1,MLXIP,1
POU5F1,MORC4,1
POU5F1,MOV10,1
POU5F1,MRAS,1
POU5F1,MSC,1
POU5F1,MSH6,1
POU5F1,MSX2,1
POU5F1,MT1,1
POU5F1,MTA3,1
POU5F1,MTF2,1
POU5F1,MXD4,1
POU5F1,MYBL2,1
POU5F1,MYC,1
POU5F1,MYCN,1
POU5F1,MYD88,1
POU5F1,MYH9,1
POU5F1,MYLPF,1
POU5F1,NACC1,1
POU5F1,NANOG,1
POU5F1,NCOA6,1
POU5F1,NDN,1
POU5F1,NDRG1,1
POU5F1,NDRG4,1
POU5F1,NEDD4,1
POU5F1,NFIB,1
POU5F1,NFKBIA,1
POU5F1,NID1,1
POU5F1,NOTCH4,1
POU5F1,NOTUM,1
POU5F1,NPHS1,1
POU5F1,NR0B1,1
POU5F1,NR1D2,1
POU5F1,NR3C1,1
POU5F1,NR5A2,1
POU5F1,NRG1,1
POU5F1,NRIP1,1
POU5F1,NUP210,1
POU5F1,NUPR1,1
POU5F1,NXF7,1
POU5F1,ODC1,1
POU5F1,OPLAH,1
POU5F1,OTX2,1
POU5F1,P4HA2,1
POU5F1,PARP1,1
POU5F1,PARVB,1
POU5F1,PAX6,1
POU5F1,PAX8,1
POU5F1,PBXIP1,1
POU5F1,PCOLCE,1
POU5F1,PDK1,1
POU5F1,PFKP,1
POU5F1,PGA5,1
POU5F1,PHC1,1
POU5F1,PHLDA3,1
POU5F1,PHLDB2,1
POU5F1,PITX1,1
POU5F1,PITX2,1
POU5F1,PKNOX2,1
POU5F1,PLA2G1B,1
POU5F1,PLOD2,1
POU5F1,PODXL,1
POU5F1,POU4F1,1
POU5F1,POU4F2,1
POU5F1,POU6F1,1
POU5F1,PRDM1,1
POU5F1,PRDM14,1
POU5F1,PRDM5,1
POU5F1,PROX1,1
POU5F1,PRSS35,1
POU5F1,PTH1R,1
POU5F1,PTPN14,1
POU5F1,PURA,1
POU5F1,RAB3IL1,1
POU5F1,RAPGEF3,1
POU5F1,RARA,1
POU5F1,RARG,1
POU5F1,RASGRP2,1
POU5F1,RBMXL2,1
POU5F1,RBPJ,1
POU5F1,RBPMS2,1
POU5F1,RCC2,1
POU5F1,RCN3,1
POU5F1,RCOR2,1
POU5F1,RELA,1
POU5F1,REST,1
POU5F1,RFX2,1
POU5F1,RHOX5,1
POU5F1,RHOX6,1
POU5F1,RIAN,1
POU5F1,RNF14,1
POU5F1,RNF19A,1
POU5F1,RUNX1,1
POU5F1,RUNX3,1
POU5F1,RUVBL1,1
POU5F1,SALL1,1
POU5F1,SALL4,1
POU5F1,SAP30,1
POU5F1,SAT1,1
POU5F1,SDC4,1
POU5F1,SEMA4C,1
POU5F1,SERPINE2,1
POU5F1,SERPINH1,1
POU5F1,SERTAD2,1
POU5F1,SGK1,1
POU5F1,SHROOM3,1
POU5F1,SIN3B,1
POU5F1,SIRT3,1
POU5F1,SKIL,1
POU5F1,SLC6A8,1
POU5F1,SLC7A3,1
POU5F1,SLCO3A1,1
POU5F1,SMAD2,1
POU5F1,SMAD3,1
POU5F1,SMAD7,1
POU5F1,SMARCA2,1
POU5F1,SMARCD1,1
POU5F1,SNAI1,1
POU5F1,SNURF,1
POU5F1,SOCS2,1
POU5F1,SOS2,1
POU5F1,SOX15,1
POU5F1,SOX17,1
POU5F1,SOX2,1
POU5F1,SP8,1
POU5F1,SPARC,1
POU5F1,SPOCK1,1
POU5F1,SPP1,1
POU5F1,SPRY2,1
POU5F1,SPRY4,1
POU5F1,SRGN,1
POU5F1,SRI,1
POU5F1,SSBP4,1
POU5F1,STARD10,1
POU5F1,STARD8,1
POU5F1,STAT4,1
POU5F1,STAT5A,1
POU5F1,TAGLN2,1
POU5F1,TAX1BP3,1
POU5F1,TBX18,1
POU5F1,TBX3,1
POU5F1,TCEA3,1
POU5F1,TCF12,1
POU5F1,TCF7L2,1
POU5F1,TCL1,1
POU5F1,TDGF1,1
POU5F1,TDH,1
POU5F1,TEAD1,1
POU5F1,TEAD3,1
POU5F1,TEAD4,1
POU5F1,TET1,1
POU5F1,TET2,1
POU5F1,TFAP4,1
POU5F1,TGFB1I1,1
POU5F1,TGIF1,1
POU5F1,TIMP2,1
POU5F1,TIMP3,1
POU5F1,TINAGL1,1
POU5F1,TLE1,1
POU5F1,TMEM144,1
POU5F1,TMSB4X,1
POU5F1,TOX3,1
POU5F1,TOX4,1
POU5F1,TPM4,1
POU5F1,TRH,1
POU5F1,TRIM13,1
POU5F1,TRIM25,1
POU5F1,TRIM28,1
POU5F1,TRIP11,1
POU5F1,TRP53,1
POU5F1,TRPS1,1
POU5F1,TSHZ3,1
POU5F1,TSPAN9,1
POU5F1,TUBA4A,1
POU5F1,TUBB2B,1
POU5F1,TUBB6,1
POU5F1,TWIST1,1
POU5F1,TXNIP,1
POU5F1,TYRO3,1
POU5F1,UBTF,1
POU5F1,UCHL1,1
POU5F1,ULK1,1
POU5F1,UNG,1
POU5F1,UPP1,1
POU5F1,UTF1,1
POU5F1,VEGFA,1
POU5F1,VIM,1
POU5F1,WWTR1,1
POU5F1,XRCC5,1
POU5F1,YAF2,1
POU5F1,ZBTB10,1
POU5F1,ZBTB3,1
POU5F1,ZBTB38,1
POU5F1,ZC3H7A,1
POU5F1,ZEB1,1
POU5F1,ZEB2,1
POU5F1,ZFAND3,1
POU5F1,ZFHX3,1
POU5F1,ZFP219,1
POU5F1,ZFP296,1
POU5F1,ZFP42,1
POU5F1,ZFP423,1
POU5F1,ZFP462,1
POU5F1,ZFP57,1
POU5F1,ZFPM1,1
POU5F1,ZIC3,1
POU5F1,ZMYND11,1
POU5F1,ZSCAN10,1
POU5F1,ZSWIM4,1
POU5F1,ZYX,1
PRDM14,AATF,1
PRDM14,ADAMTS9,1
PRDM14,AMOT,1
PRDM14,ANXA2,1
PRDM14,ARID5B,1
PRDM14,ARNTL,1
PRDM14,ASS1,1
PRDM14,ASXL1,1
PRDM14,BACH2,1
PRDM14,BASP1,1
PRDM14,BIN1,1
PRDM14,BMP4,1
PRDM14,BTG2,1
PRDM14,CALD1,1
PRDM14,CLDN6,1
PRDM14,CNOT6,1
PRDM14,COBL,1
PRDM14,COL4A1,1
PRDM14,COL4A2,1
PRDM14,COTL1,1
PRDM14,DDAH2,1
PRDM14,DNMT1,1
PRDM14,DR1,1
PRDM14,EDEM1,1
PRDM14,ELL2,1
PRDM14,ETV4,1
PRDM14,ETV5,1
PRDM14,FABP3,1
PRDM14,FOSL2,1
PRDM14,FOXD3,1
PRDM14,FOXO1,1
PRDM14,FXR2,1
PRDM14,GDPD5,1
PRDM14,GLDC,1
PRDM14,HDGF,1
PRDM14,HKDC1,1
PRDM14,HMGA2,1
PRDM14,HSF2BP,1
PRDM14,ID3,1
PRDM14,IGFBP2,1
PRDM14,ITPK1,1
PRDM14,JARID2,1
PRDM14,JDP2,1
PRDM14,JUND,1
PRDM14,KHDRBS1,1
PRDM14,KLF13,1
PRDM14,KLF9,1
PRDM14,KRT8,1
PRDM14,LAMB1,1
PRDM14,LAMC1,1
PRDM14,LHX2,1
PRDM14,LRP2,1
PRDM14,MAGED1,1
PRDM14,MEF2D,1
PRDM14,MEIS1,1
PRDM14,MGST3,1
PRDM14,MKX,1
PRDM14,MSC,1
PRDM14,MTA3,1
PRDM14,MYCN,1
PRDM14,MYH9,1
PRDM14,NCOA6,1
PRDM14,NFATC1,1
PRDM14,NFIC,1
PRDM14,NFKB2,1
PRDM14,PHF14,1
PRDM14,PHLDB2,1
PRDM14,PIAS2,1
PRDM14,PITX2,1
PRDM14,PKNOX2,1
PRDM14,POU2F1,1
PRDM14,POU5F1,1
PRDM14,PTPN14,1
PRDM14,PURA,1
PRDM14,RAB11A,1
PRDM14,RARA,1
PRDM14,RCOR2,1
PRDM14,RUNX1,1
PRDM14,RUNX3,1
PRDM14,SERTAD2,1
PRDM14,SMAD3,1
PRDM14,SOAT1,1
PRDM14,SOX2,1
PRDM14,SOX4,1
PRDM14,SP8,1
PRDM14,SPP1,1
PRDM14,SRF,1
PRDM14,TCEA3,1
PRDM14,TCF12,1
PRDM14,TDGF1,1
PRDM14,TEAD3,1
PRDM14,TFRC,1
PRDM14,TGIF1,1
PRDM14,TIMP3,1
PRDM14,TMEM144,1
PRDM14,TOX3,1
PRDM14,TRH,1
PRDM14,TSPAN9,1
PRDM14,TUBA4A,1
PRDM14,ZEB2,1
PRDM14,ZFHX3,1
RHOX6,COMMD3,1
RHOX6,DCXR,1
RHOX6,DKK1,1
RHOX6,ESRRB,1
RHOX6,FST,1
RHOX6,GLI1,1
RHOX6,HIVEP2,1
RHOX6,HKDC1,1
RHOX6,KRT8,1
RHOX6,MYO6,1
RHOX6,PAX6,1
RHOX6,PAX8,1
RHOX6,PHLDA3,1
RHOX6,PHLDB2,1
RHOX6,RB1,1
RHOX6,SDC4,1
RHOX6,SERPINH1,1
RHOX6,SIX1,1
RHOX6,TEAD1,1
RHOX6,ZEB2,1
SALL4,2200002D01RIK,1
SALL4,ADAM19,1
SALL4,AIRE,1
SALL4,AKR1B8,1
SALL4,ALG13,1
SALL4,ANXA2,1
SALL4,ANXA5,1
SALL4,APP,1
SALL4,ATF3,1
SALL4,AU018091,1
SALL4,BACH2,1
SALL4,BARX1,1
SALL4,BCAT1,1
SALL4,BMI1,1
SALL4,BTG1,1
SALL4,BTG2,1
SALL4,CALD1,1
SALL4,CCND1,1
SALL4,CDKN1A,1
SALL4,CITED2,1
SALL4,CKB,1
SALL4,CLCN5,1
SALL4,COBL,1
SALL4,COMMD3,1
SALL4,CSF1,1
SALL4,CUBN,1
SALL4,DMRT1,1
SALL4,DPP4,1
SALL4,EBF1,1
SALL4,EBF4,1
SALL4,EGR1,1
SALL4,EMX2,1
SALL4,EOMES,1
SALL4,ETS1,1
SALL4,FABP3,1
SALL4,FGF10,1
SALL4,FGF4,1
SALL4,FOSL2,1
SALL4,FOXH1,1
SALL4,FST,1
SALL4,FXYD6,1
SALL4,GATA3,1
SALL4,GBX2,1
SALL4,GJB3,1
SALL4,GLDC,1
SALL4,GTF2A1L,1
SALL4,HDAC7,1
SALL4,HIP1,1
SALL4,HMGA2,1
SALL4,HS3ST1,1
SALL4,ID2,1
SALL4,IFITM1,1
SALL4,JUN,1
SALL4,KDM3A,1
SALL4,KLF2,1
SALL4,KLF6,1
SALL4,KRT42,1
SALL4,LAMA1,1
SALL4,LDHB,1
SALL4,LEFTY1,1
SALL4,LEFTY2,1
SALL4,LOXL2,1
SALL4,LRP2,1
SALL4,LRRK1,1
SALL4,LY6G6E,1
SALL4,MAML3,1
SALL4,MEF2C,1
SALL4,MEIS1,1
SALL4,MORC4,1
SALL4,MRAS,1
SALL4,MSX2,1
SALL4,NFIB,1
SALL4,NOTCH4,1
SALL4,NOTUM,1
SALL4,NR0B1,1
SALL4,NR2C1,1
SALL4,NR4A1,1
SALL4,NR5A2,1
SALL4,NRIP1,1
SALL4,OTX2,1
SALL4,PARVB,1
SALL4,PAX6,1
SALL4,PDPN,1
SALL4,PFKP,1
SALL4,PGA5,1
SALL4,PHLDB2,1
SALL4,PITX2,1
SALL4,PKNOX2,1
SALL4,PLAG1,1
SALL4,PLAT,1
SALL4,PLTP,1
SALL4,PODXL,1
SALL4,POU4F2,1
SALL4,POU6F1,1
SALL4,PRSS35,1
SALL4,RAB3IL1,1
SALL4,RASGRP2,1
SALL4,RFX2,1
SALL4,RHOX5,1
SALL4,RHOX6,1
SALL4,RIAN,1
SALL4,RUNX1,1
SALL4,SALL1,1
SALL4,SDC4,1
SALL4,SEMA4C,1
SALL4,SERPINE2,1
SALL4,SERPINH1,1
SALL4,SIX1,1
SALL4,SIX5,1
SALL4,SKIL,1
SALL4,SLC25A4,1
SALL4,SLC5A11,1
SALL4,SMARCC2,1
SALL4,SORD,1
SALL4,SOX15,1
SALL4,SOX17,1
SALL4,SOX4,1
SALL4,SOX7,1
SALL4,SP8,1
SALL4,SRGN,1
SALL4,STARD8,1
SALL4,STAT4,1
SALL4,TAX1BP3,1
SALL4,TBX18,1
SALL4,TBX3,1
SALL4,TCF12,1
SALL4,TCL1,1
SALL4,TDH,1
SALL4,TEAD4,1
SALL4,TGFB1I1,1
SALL4,TIMP2,1
SALL4,TIMP3,1
SALL4,TINAGL1,1
SALL4,TOX3,1
SALL4,TRH,1
SALL4,TRIB3,1
SALL4,TRPS1,1
SALL4,TXNIP,1
SALL4,VEGFA,1
SALL4,VILL,1
SALL4,VIM,1
SALL4,XRCC5,1
SALL4,ZDHHC15,1
SALL4,ZEB2,1
SALL4,ZFHX3,1
SALL4,ZFP296,1
SALL4,ZFP398,1
SALL4,ZFP423,1
SALL4,ZYX,1
SMAD4,ATF7,1
SMAD4,BARX1,1
SMAD4,CLCN5,1
SMAD4,CUX2,1
SMAD4,ELF4,1
SMAD4,ESRRB,1
SMAD4,GATA4,1
SMAD4,GLS,1
SMAD4,GTF2A1L,1
SMAD4,HIST1H1D,1
SMAD4,NXF7,1
SMAD4,PARVB,1
SMAD4,THBD,1
SMAD4,TINAGL1,1
SMAD7,BASP1,1
SMAD7,BMPER,1
SMAD7,CHST15,1
SMAD7,CRABP2,1
SMAD7,DMRT1,1
SMAD7,DPP4,1
SMAD7,DUSP9,1
SMAD7,EMX2,1
SMAD7,EPHA2,1
SMAD7,EYA1,1
SMAD7,FGF3,1
SMAD7,FLRT3,1
SMAD7,FXYD6,1
SMAD7,GJB3,1
SMAD7,GLIPR2,1
SMAD7,HIP1,1
SMAD7,HMGA2,1
SMAD7,HOPX,1
SMAD7,ID4,1
SMAD7,IGFBP2,1
SMAD7,IL33,1
SMAD7,IRF1,1
SMAD7,KIT,1
SMAD7,KRT42,1
SMAD7,LEFTY1,1
SMAD7,LEFTY2,1
SMAD7,LHX2,1
SMAD7,MEIS1,1
SMAD7,MKX,1
SMAD7,MT1,1
SMAD7,NFATC4,1
SMAD7,NFKBIA,1
SMAD7,NOTCH4,1
SMAD7,NPHS1,1
SMAD7,OVOL1,1
SMAD7,PAX8,1
SMAD7,PITX2,1
SMAD7,PKNOX2,1
SMAD7,PRDM1,1
SMAD7,SDC4,1
SMAD7,SHROOM3,1
SMAD7,SKIL,1
SMAD7,SMAD3,1
SMAD7,SNAI1,1
SMAD7,SOX17,1
SMAD7,SP8,1
SMAD7,TBX18,1
SMAD7,TDGF1,1
SMAD7,TINAGL1,1
SMAD7,TOX3,1
SMAD7,TRH,1
SMAD7,ZBTB10,1
SMAD7,ZEB1,1
SMAD7,ZEB2,1
SOX17,ADAM19,1
SOX17,AMOT,1
SOX17,BTG1,1
SOX17,CALU,1
SOX17,CLDN6,1
SOX17,COL4A1,1
SOX17,COL4A2,1
SOX17,CRIP2,1
SOX17,DDIT3,1
SOX17,EIF4A2,1
SOX17,EZH2,1
SOX17,GATA6,1
SOX17,GNPDA1,1
SOX17,GRIN1,1
SOX17,HIST1H1B,1
SOX17,HIST1H2BK,1
SOX17,HIST1H3H,1
SOX17,HIST1H4K,1
SOX17,HSBP1,1
SOX17,IGFBP2,1
SOX17,LAMA1,1
SOX17,LAMC1,1
SOX17,MLXIP,1
SOX17,MTF2,1
SOX17,MYC,1
SOX17,MYLPF,1
SOX17,MYO6,1
SOX17,NUPR1,1
SOX17,NXF7,1
SOX17,OTX2,1
SOX17,PAX8,1
SOX17,PFKP,1
SOX17,PITX2,1
SOX17,PLA2G1B,1
SOX17,RAI14,1
SOX17,RNF14,1
SOX17,SREBF1,1
SOX17,TBX18,1
SOX17,TGFB1,1
SOX17,TPD52,1
SOX17,UBE2C,1
SOX17,UPP1,1
SOX2,2200002D01RIK,1
SOX2,ABHD5,1
SOX2,ABTB1,1
SOX2,ADAM19,1
SOX2,ADAM23,1
SOX2,ADAMTS9,1
SOX2,AES,1
SOX2,AIRE,1
SOX2,AKT1,1
SOX2,ALG13,1
SOX2,ALPL,1
SOX2,AMOT,1
SOX2,AMOTL2,1
SOX2,ANKRD49,1
SOX2,ANKRD6,1
SOX2,ANP32A,1
SOX2,ANXA2,1
SOX2,ANXA5,1
SOX2,APOBEC3,1
SOX2,APOE,1
SOX2,APP,1
SOX2,ARHGAP29,1
SOX2,ARID3B,1
SOX2,ARID5B,1
SOX2,ARNTL,1
SOX2,ASNS,1
SOX2,ASS1,1
SOX2,ATF3,1
SOX2,ATF5,1
SOX2,AY036118,1
SOX2,B2M,1
SOX2,BACH2,1
SOX2,BASP1,1
SOX2,BAZ1A,1
SOX2,BCAM,1
SOX2,BCAT1,1
SOX2,BCL3,1
SOX2,BMI1,1
SOX2,BMP4,1
SOX2,BMP6,1
SOX2,BMPER,1
SOX2,BNIP3,1
SOX2,BRWD1,1
SOX2,BTBD11,1
SOX2,BTG1,1
SOX2,BTG2,1
SOX2,CALCOCO2,1
SOX2,CALD1,1
SOX2,CAR2,1
SOX2,CBX4,1
SOX2,CCND1,1
SOX2,CCNG1,1
SOX2,CDKN1A,1
SOX2,CHD7,1
SOX2,CHST15,1
SOX2,CIC,1
SOX2,CITED1,1
SOX2,CITED2,1
SOX2,CLCN5,1
SOX2,CLDN6,1
SOX2,CMKLR1,1
SOX2,COBL,1
SOX2,COL4A1,1
SOX2,COL4A2,1
SOX2,COMMD3,1
SOX2,COTL1,1
SOX2,CRABP2,1
SOX2,CRAMP1L,1
SOX2,CREB3,1
SOX2,CREB3L2,1
SOX2,CSF1,1
SOX2,CTBP2,1
SOX2,CTH,1
SOX2,CTSL,1
SOX2,CUBN,1
SOX2,CUX2,1
SOX2,D230025D16RIK,1
SOX2,DAB2,1
SOX2,DDAH2,1
SOX2,DDX58,1
SOX2,DKK1,1
SOX2,DMRT1,1
SOX2,DNMT3A,1
SOX2,DPP4,1
SOX2,DPPA2,1
SOX2,DPPA4,1
SOX2,DTX1,1
SOX2,DUSP9,1
SOX2,EBF1,1
SOX2,EFEMP2,1
SOX2,EGR1,1
SOX2,EHMT2,1
SOX2,ELF3,1
SOX2,ELL3,1
SOX2,EMP2,1
SOX2,EMX2,1
SOX2,EOMES,1
SOX2,EP300,1
SOX2,EPAS1,1
SOX2,EPHA2,1
SOX2,EPHA4,1
SOX2,ESPL1,1
SOX2,ESRRB,1
SOX2,ETV3,1
SOX2,ETV4,1
SOX2,ETV5,1
SOX2,ETV6,1
SOX2,EYA1,1
SOX2,FABP3,1
SOX2,FAM129B,1
SOX2,FBLIM1,1
SOX2,FGF10,1
SOX2,FGF3,1
SOX2,FGF4,1
SOX2,FHL2,1
SOX2,FLRT3,1
SOX2,FOXA2,1
SOX2,FOXD3,1
SOX2,FOXO1,1
SOX2,FOXP1,1
SOX2,FOXQ1,1
SOX2,FRMD4A,1
SOX2,FST,1
SOX2,FXYD6,1
SOX2,GABARAPL2,1
SOX2,GAS6,1
SOX2,GATA3,1
SOX2,GATA6,1
SOX2,GBX2,1
SOX2,GJA1,1
SOX2,GJB3,1
SOX2,GLDC,1
SOX2,GLI2,1
SOX2,GLIPR2,1
SOX2,GLIS2,1
SOX2,GLUL,1
SOX2,GNAS,1
SOX2,GPX3,1
SOX2,GRB10,1
SOX2,GSTA4,1
SOX2,GTF2A1L,1
SOX2,H1F0,1
SOX2,HDAC11,1
SOX2,HDAC4,1
SOX2,HES6,1
SOX2,HEY2,1
SOX2,HIST1H1A,1
SOX2,HIST1H2BN,1
SOX2,HIVEP2,1
SOX2,HKDC1,1
SOX2,HOPX,1
SOX2,HS3ST1,1
SOX2,HSF2,1
SOX2,HSF2BP,1
SOX2,HSPB1,1
SOX2,ID2,1
SOX2,ID3,1
SOX2,ID4,1
SOX2,IFI30,1
SOX2,IFITM1,1
SOX2,IFITM2,1
SOX2,IFITM3,1
SOX2,IGFBP2,1
SOX2,ILK,1
SOX2,IRF1,1
SOX2,IRF6,1
SOX2,ISYNA1,1
SOX2,ITGA6,1
SOX2,JAM2,1
SOX2,JARID2,1
SOX2,JUN,1
SOX2,JUND,1
SOX2,KANK3,1
SOX2,KDM3A,1
SOX2,KHDRBS1,1
SOX2,KIT,1
SOX2,KLF10,1
SOX2,KLF2,1
SOX2,KLF4,1
SOX2,KLF6,1
SOX2,KRT42,1
SOX2,KRT8,1
SOX2,LAMA1,1
SOX2,LAMA5,1
SOX2,LAMC1,1
SOX2,LAPTM5,1
SOX2,LDB1,1
SOX2,LDHB,1
SOX2,LDLRAP1,1
SOX2,LEFTY1,1
SOX2,LEFTY2,1
SOX2,LGMN,1
SOX2,LMO4,1
SOX2,LOXL2,1
SOX2,LRP2,1
SOX2,LRRK1,1
SOX2,LTBP4,1
SOX2,LY6G6E,1
SOX2,MAFK,1
SOX2,MAML1,1
SOX2,MAML3,1
SOX2,MAPK11,1
SOX2,MDM2,1
SOX2,MED12,1
SOX2,MEG3,1
SOX2,MEIS1,1
SOX2,MKRN1,1
SOX2,MKX,1
SOX2,MLXIPL,1
SOX2,MORC4,1
SOX2,MOV10,1
SOX2,MRAS,1
SOX2,MSC,1
SOX2,MSX2,1
SOX2,MT1,1
SOX2,MTA3,1
SOX2,MYBL2,1
SOX2,MYC,1
SOX2,MYCN,1
SOX2,MYH9,1
SOX2,MYLPF,1
SOX2,MYO7A,1
SOX2,NCOA6,1
SOX2,NDRG4,1
SOX2,NFATC4,1
SOX2,NFIB,1
SOX2,NID1,1
SOX2,NME2,1
SOX2,NOTCH2,1
SOX2,NOTCH4,1
SOX2,NOTUM,1
SOX2,NPHS1,1
SOX2,NR0B1,1
SOX2,NR4A1,1
SOX2,NR5A2,1
SOX2,NRG1,1
SOX2,NRIP1,1
SOX2,NXF7,1
SOX2,OBSL1,1
SOX2,OTX2,1
SOX2,OVOL1,1
SOX2,PARP1,1
SOX2,PARVB,1
SOX2,PAWR,1
SOX2,PAX6,1
SOX2,PBXIP1,1
SOX2,PCOLCE,1
SOX2,PDGFRA,1
SOX2,PDK1,1
SOX2,PDPN,1
SOX2,PFKP,1
SOX2,PGA5,1
SOX2,PHC1,1
SOX2,PHLDB2,1
SOX2,PITX2,1
SOX2,PKNOX2,1
SOX2,PLA2G1B,1
SOX2,PLAT,1
SOX2,PLTP,1
SOX2,PODXL,1
SOX2,POLR3B,1
SOX2,POU4F2,1
SOX2,POU5F1,1
SOX2,POU6F1,1
SOX2,PRDM5,1
SOX2,PROX1,1
SOX2,PRRX2,1
SOX2,PTH1R,1
SOX2,PTPN14,1
SOX2,RAB3IL1,1
SOX2,RAI14,1
SOX2,RAPGEF3,1
SOX2,RARA,1
SOX2,RARG,1
SOX2,RASGRP2,1
SOX2,RB1,1
SOX2,RBBP4,1
SOX2,RBL1,1
SOX2,RCOR2,1
SOX2,REST,1
SOX2,RFX2,1
SOX2,RHOX5,1
SOX2,RHOX6,1
SOX2,RIAN,1
SOX2,RNF157,1
SOX2,RUNX1,1
SOX2,RUVBL1,1
SOX2,SAP30,1
SOX2,SATB1,1
SOX2,SATB2,1
SOX2,SCMH1,1
SOX2,SEMA4C,1
SOX2,SERPINE2,1
SOX2,SERPINH1,1
SOX2,SERTAD2,1
SOX2,SFI1,1
SOX2,SHROOM3,1
SOX2,SIX1,1
SOX2,SIX5,1
SOX2,SKIL,1
SOX2,SLC25A4,1
SOX2,SLC26A10,1
SOX2,SLC5A11,1
SOX2,SLC6A8,1
SOX2,SLC7A3,1
SOX2,SLC9A6,1
SOX2,SMAD3,1
SOX2,SMAD7,1
SOX2,SNAI1,1
SOX2,SNHG12,1
SOX2,SOAT1,1
SOX2,SOCS2,1
SOX2,SOX15,1
SOX2,SOX17,1
SOX2,SOX4,1
SOX2,SOX7,1
SOX2,SP8,1
SOX2,SPARC,1
SOX2,SPP1,1
SOX2,SPRY2,1
SOX2,SPRY4,1
SOX2,SRGN,1
SOX2,SRI,1
SOX2,SRM,1
SOX2,SSBP4,1
SOX2,STARD8,1
SOX2,STAT4,1
SOX2,STAT5B,1
SOX2,TAGLN2,1
SOX2,TAX1BP3,1
SOX2,TBX3,1
SOX2,TCEA3,1
SOX2,TCF12,1
SOX2,TCF20,1
SOX2,TCL1,1
SOX2,TDGF1,1
SOX2,TDH,1
SOX2,TEAD1,1
SOX2,TEAD3,1
SOX2,TEAD4,1
SOX2,TET2,1
SOX2,TGIF1,1
SOX2,THBD,1
SOX2,TINAGL1,1
SOX2,TLE1,1
SOX2,TMEM144,1
SOX2,TMEM150A,1
SOX2,TMSB4X,1
SOX2,TOX3,1
SOX2,TPD52,1
SOX2,TPM4,1
SOX2,TRH,1
SOX2,TRIB3,1
SOX2,TRIM13,1
SOX2,TRIP11,1
SOX2,TRPS1,1
SOX2,TUBA4A,1
SOX2,TUBB6,1
SOX2,TULP3,1
SOX2,TXNDC12,1
SOX2,TXNIP,1
SOX2,TYRO3,1
SOX2,UBQLN2,1
SOX2,UCHL1,1
SOX2,ULK1,1
SOX2,UPP1,1
SOX2,UTF1,1
SOX2,VEGFA,1
SOX2,VEZF1,1
SOX2,VILL,1
SOX2,VIM,1
SOX2,WWTR1,1
SOX2,XRCC5,1
SOX2,ZBTB10,1
SOX2,ZDHHC15,1
SOX2,ZFAND3,1
SOX2,ZFHX3,1
SOX2,ZFP296,1
SOX2,ZFP36L1,1
SOX2,ZFP42,1
SOX2,ZFP423,1
SOX2,ZFP91,1
SOX2,ZFPM1,1
SOX2,ZHX3,1
SOX2,ZIC3,1
SOX2,ZSWIM4,1
SOX2,ZYX,1
SUZ12,AIRE,1
SUZ12,AKT1,1
SUZ12,AMOT,1
SUZ12,AMOTL2,1
SUZ12,ANXA2,1
SUZ12,ANXA5,1
SUZ12,APP,1
SUZ12,ASS1,1
SUZ12,AY036118,1
SUZ12,B2M,1
SUZ12,BACH2,1
SUZ12,BARX1,1
SUZ12,BAZ1A,1
SUZ12,BMP4,1
SUZ12,BMPER,1
SUZ12,BTG2,1
SUZ12,CALCOCO2,1
SUZ12,CALD1,1
SUZ12,CDC5L,1
SUZ12,CDKN1A,1
SUZ12,CHCHD10,1
SUZ12,CITED2,1
SUZ12,COBL,1
SUZ12,CSF1,1
SUZ12,CUBN,1
SUZ12,DAB2,1
SUZ12,DKK1,1
SUZ12,ELF4,1
SUZ12,ESRRB,1
SUZ12,ETS1,1
SUZ12,FABP3,1
SUZ12,FLRT3,1
SUZ12,FN1,1
SUZ12,FOSL2,1
SUZ12,FOXP1,1
SUZ12,GABARAPL2,1
SUZ12,GATA6,1
SUZ12,GJB3,1
SUZ12,GLIPR2,1
SUZ12,GLS,1
SUZ12,GNAS,1
SUZ12,GRB10,1
SUZ12,HIST1H2AI,1
SUZ12,HIST1H2BN,1
SUZ12,HKDC1,1
SUZ12,HMGA2,1
SUZ12,HS3ST1,1
SUZ12,HSF2BP,1
SUZ12,HTRA1,1
SUZ12,ID2,1
SUZ12,IFITM1,1
SUZ12,ILK,1
SUZ12,IRF4,1
SUZ12,JAM2,1
SUZ12,JUN,1
SUZ12,KLF2,1
SUZ12,KLF4,1
SUZ12,KLF6,1
SUZ12,KRT8,1
SUZ12,LAMA1,1
SUZ12,LAPTM5,1
SUZ12,LOXL2,1
SUZ12,LY6G6E,1
SUZ12,MAML3,1
SUZ12,MEG3,1
SUZ12,MOV10,1
SUZ12,MSC,1
SUZ12,MT1,1
SUZ12,MYBL2,1
SUZ12,MYC,1
SUZ12,MYLPF,1
SUZ12,NANOG,1
SUZ12,NFATC2IP,1
SUZ12,NME2,1
SUZ12,NPHS1,1
SUZ12,NR0B1,1
SUZ12,NR1H2,1
SUZ12,OTX2,1
SUZ12,PAWR,1
SUZ12,PFKP,1
SUZ12,PHLDB2,1
SUZ12,PITX2,1
SUZ12,PLAG1,1
SUZ12,PLOD2,1
SUZ12,POU4F1,1
SUZ12,RAPGEF3,1
SUZ12,RHOX5,1
SUZ12,RHOX6,1
SUZ12,RIAN,1
SUZ12,SALL4,1
SUZ12,SATB2,1
SUZ12,SERPINH1,1
SUZ12,SKIL,1
SUZ12,SOAT1,1
SUZ12,SORD,1
SUZ12,SOX4,1
SUZ12,SOX7,1
SUZ12,SPP1,1
SUZ12,SRGN,1
SUZ12,STAT5A,1
SUZ12,TAGLN2,1
SUZ12,TBX3,1
SUZ12,TCF12,1
SUZ12,TCL1,1
SUZ12,TET2,1
SUZ12,TGFB1I1,1
SUZ12,TIMP2,1
SUZ12,TPM4,1
SUZ12,TRIB3,1
SUZ12,TSPAN9,1
SUZ12,TUBB6,1
SUZ12,ULK1,1
SUZ12,UPP1,1
SUZ12,VIM,1
SUZ12,WWTR1,1
SUZ12,YAF2,1
SUZ12,ZEB1,1
SUZ12,ZYX,1
TBX3,ADAM23,1
TBX3,AES,1
TBX3,AIRE,1
TBX3,AKR1B8,1
TBX3,AKT1,1
TBX3,AMOTL2,1
TBX3,ANXA2,1
TBX3,ANXA5,1
TBX3,APP,1
TBX3,B2M,1
TBX3,BASP1,1
TBX3,BMP4,1
TBX3,BTG2,1
TBX3,CALCOCO2,1
TBX3,CALD1,1
TBX3,CAR2,1
TBX3,CITED2,1
TBX3,CLDN6,1
TBX3,COBL,1
TBX3,COL4A2,1
TBX3,COMMD3,1
TBX3,CSF1,1
TBX3,CTH,1
TBX3,DDAH2,1
TBX3,DEK,1
TBX3,E2F2,1
TBX3,EGR1,1
TBX3,ELL2,1
TBX3,ELL3,1
TBX3,EMP2,1
TBX3,EPHA4,1
TBX3,ETV4,1
TBX3,FABP3,1
TBX3,FXYD6,1
TBX3,GBX2,1
TBX3,GJA1,1
TBX3,GJB3,1
TBX3,GLIPR2,1
TBX3,GPX3,1
TBX3,GRB10,1
TBX3,H1F0,1
TBX3,HES1,1
TBX3,HES6,1
TBX3,HMGXB4,1
TBX3,ID2,1
TBX3,ID3,1
TBX3,IGFBP2,1
TBX3,KDELR3,1
TBX3,KIT,1
TBX3,KRT42,1
TBX3,KRT8,1
TBX3,LEFTY1,1
TBX3,LEFTY2,1
TBX3,LMO4,1
TBX3,LY6G6E,1
TBX3,MAPK13,1
TBX3,MME,1
TBX3,MRAS,1
TBX3,MSC,1
TBX3,MYH9,1
TBX3,MYLPF,1
TBX3,NFATC3,1
TBX3,NOTCH2,1
TBX3,NOTCH4,1
TBX3,NUPR1,1
TBX3,OTX2,1
TBX3,PA2G4,1
TBX3,PCOLCE,1
TBX3,PDPN,1
TBX3,PFKP,1
TBX3,PGA5,1
TBX3,PHF20,1
TBX3,PITX2,1
TBX3,PLA2G1B,1
TBX3,PLOD1,1
TBX3,POLR3F,1
TBX3,PRSS35,1
TBX3,RAPGEF3,1
TBX3,RASGRP2,1
TBX3,RHOX5,1
TBX3,RHOX6,1
TBX3,RNF157,1
TBX3,RNF6,1
TBX3,SATB1,1
TBX3,SCMH1,1
TBX3,SIRT1,1
TBX3,SKIL,1
TBX3,SOX15,1
TBX3,SPARC,1
TBX3,SPP1,1
TBX3,TAF9,1
TBX3,TCL1,1
TBX3,TEAD3,1
TBX3,TET2,1
TBX3,TPM4,1
TBX3,TUBB2B,1
TBX3,TUBB6,1
TBX3,UBQLN2,1
TBX3,VEGFA,1
TBX3,ZFP423,1
TBX3,ZFP57,1
TCEA3,AY036118,1
TCEA3,CMKLR1,1
TCEA3,CRABP2,1
TCEA3,CUBN,1
TCEA3,CUX2,1
TCEA3,DKK1,1
TCEA3,EIF4A-PS4,1
TCEA3,EMX2,1
TCEA3,EOMES,1
TCEA3,EPAS1,1
TCEA3,ESRRB,1
TCEA3,FOXA2,1
TCEA3,GTF3C1,1
TCEA3,HEY2,1
TCEA3,HIF3A,1
TCEA3,HIST1H1D,1
TCEA3,HSPG2,1
TCEA3,NME2,1
TCEA3,POU4F2,1
TCEA3,SALL4,1
TCEA3,SOX7,1
TCEA3,TAF1,1
TCEA3,TEAD1,1
TCEA3,TINAGL1,1
TCEA3,ZBTB38,1
TCEA3,ZDHHC15,1
TCF7L2,2200002D01RIK,1
TCF7L2,AIRE,1
TCF7L2,AMOT,1
TCF7L2,APBB1,1
TCF7L2,APP,1
TCF7L2,CDKN1A,1
TCF7L2,DDAH2,1
TCF7L2,DMRT1,1
TCF7L2,ETS1,1
TCF7L2,FGF10,1
TCF7L2,FOXA2,1
TCF7L2,FRMD4A,1
TCF7L2,FXYD6,1
TCF7L2,GABBR1,1
TCF7L2,GATA6,1
TCF7L2,GJB3,1
TCF7L2,GLIPR2,1
TCF7L2,GLS,1
TCF7L2,GTF2A1L,1
TCF7L2,HES1,1
TCF7L2,ID2,1
TCF7L2,ID3,1
TCF7L2,ID4,1
TCF7L2,IRF1,1
TCF7L2,LAMA1,1
TCF7L2,LAPTM5,1
TCF7L2,LDHB,1
TCF7L2,LHX2,1
TCF7L2,LY6G6E,1
TCF7L2,NFKBIA,1
TCF7L2,NR5A2,1
TCF7L2,PDPN,1
TCF7L2,POU6F1,1
TCF7L2,PRDM1,1
TCF7L2,PROX1,1
TCF7L2,RLIM,1
TCF7L2,SFI1,1
TCF7L2,SNAI1,1
TCF7L2,THBD,1
TCF7L2,TNS4,1
TCF7L2,TOX3,1
TCF7L2,TRH,1
TCF7L2,VIM,1
TCF7L2,WWTR1,1
TCF7L2,ZFP36L1,1
ZFAND3,CREB5,1
ZFAND3,ELF4,1
ZFAND3,ESRRB,1
ZFAND3,GATA6,1
ZFAND3,HEY2,1
ZFAND3,HKDC1,1
ZFAND3,POU4F2,1
ZFAND3,RUNX3,1
ZFAND3,THBD,1
ZFAND3,TNS4,1
ZFP281,AMOTL2,1
ZFP281,APP,1
ZFP281,ARHGAP29,1
ZFP281,ARNTL,1
ZFP281,ASS1,1
ZFP281,ATF4,1
ZFP281,CALD1,1
ZFP281,CALR,1
ZFP281,CBX7,1
ZFP281,CHD7,1
ZFP281,CITED2,1
ZFP281,CLDN6,1
ZFP281,COBL,1
ZFP281,COL4A2,1
ZFP281,COTL1,1
ZFP281,CRABP2,1
ZFP281,CTH,1
ZFP281,DPPA2,1
ZFP281,DPPA4,1
ZFP281,FOXJ3,1
ZFP281,FXYD6,1
ZFP281,GJA1,1
ZFP281,GNAS,1
ZFP281,HMGA2,1
ZFP281,HNF4A,1
ZFP281,HNRNPAB,1
ZFP281,HSPB1,1
ZFP281,IGFBP2,1
ZFP281,ITPK1,1
ZFP281,JAM2,1
ZFP281,JARID2,1
ZFP281,KHDRBS1,1
ZFP281,KLF4,1
ZFP281,LDHB,1
ZFP281,MAPK11,1
ZFP281,MCM2,1
ZFP281,MCM3,1
ZFP281,MCM6,1
ZFP281,MEG3,1
ZFP281,MRAS,1
ZFP281,MYBBP1A,1
ZFP281,MYH9,1
ZFP281,MYLPF,1
ZFP281,NR0B1,1
ZFP281,NUPR1,1
ZFP281,PARP1,1
ZFP281,PAWR,1
ZFP281,PCBP2,1
ZFP281,PDCD4,1
ZFP281,PDPN,1
ZFP281,PFKP,1
ZFP281,PIAS3,1
ZFP281,PLA2G1B,1
ZFP281,PMM1,1
ZFP281,POLR1C,1
ZFP281,PURA,1
ZFP281,RRM2,1
ZFP281,RUVBL1,1
ZFP281,SATB1,1
ZFP281,SLC6A8,1
ZFP281,SOAT1,1
ZFP281,SOX4,1
ZFP281,TADA3,1
ZFP281,TAF6,1
ZFP281,TAX1BP3,1
ZFP281,TCEA3,1
ZFP281,TINAGL1,1
ZFP281,TPM4,1
ZFP281,UCHL1,1
ZFP281,UPP1,1
ZFP281,UTF1,1
ZFP281,VEZF1,1
ZFP281,VILL,1
ZFP281,XRCC5,1
ZFP281,ZFHX3,1
ZFP281,ZYX,1
ZFP42,CLCN5,1
ZFP42,EPHA4,1
ZFP42,ETS1,1
ZFP42,FLRT3,1
ZFP42,FOSL2,1
ZFP42,FXYD6,1
ZFP42,KRT8,1
ZFP42,LRRK1,1
ZFP42,MBD2,1
ZFP42,MDM2,1
ZFP42,NFIA,1
ZFP42,NFKB2,1
ZFP42,NRIP1,1
ZFP42,OBSL1,1
ZFP42,PAX6,1
ZFP42,RAB3IL1,1
ZFP42,SHROOM3,1
ZFP42,SOX4,1
ZFP42,TGFB1I1,1
ZFP42,TOX3,1
ZFP42,TWIST1,1
ZFP42,ZEB2,1
ZFP42,ZFHX3,1
NRIP1,BTG2,0
PRDM14,TAGLN2,0
SMAD7,CTH,0
SOX2,HIP1,0
ZFAND3,TGIF1,0
ZFAND3,MME,0
ESRRB,PCBD1,0
PRDM14,ATF7,0
MEF2C,TEAD3,0
MYC,GJA1,0
NR0B1,NFKB2,0
GATA3,TNFAIP3,0
SMAD7,CREB3,0
SMAD7,SFPQ,0
MYC,HDAC4,0
SMAD4,FLRT3,0
ZFAND3,GLI1,0
FOXJ2,SP8,0
TCF7L2,TRPS1,0
SMAD7,SCMH1,0
RHOX6,MLLT1,0
SOX17,PHLDA3,0
NRIP1,SMARCA2,0
MEF2C,HSPH1,0
NANOG,RBMXL2,0
SMAD4,LDHB,0
MSC,DCXR,0
NR0B1,HKDC1,0
SOX2,HIST1H1B,0
POU5F1,CNOT6,0
MYBL2,MCM5,0
GATA3,HIF3A,0
OTX2,H1F0,0
SOX2,SMURF1,0
MYBL2,JDP2,0
SMAD4,STAT5B,0
OTX2,NOTCH4,0
PRDM14,RLIM,0
MYC,SNAPC3,0
SALL4,TMEM144,0
MYC,ELK4,0
SUZ12,MORC4,0
SUZ12,FOXO1,0
TCF7L2,RUNX1,0
CBX8,E2F6,0
TCEA3,SMARCAD1,0
TBX3,MSH6,0
MEF2C,KANK3,0
JARID2,ZDHHC15,0
SALL4,HDAC4,0
MYC,JDP2,0
MEF2C,MXD4,0
AES,TAF6L,0
EOMES,ZBTB20,0
TCF7L2,UHRF1,0
SUZ12,ARHGAP29,0
NR0B1,PODXL,0
SOX17,AY036118,0
ZFP42,RUNX3,0
TCEA3,KIT,0
ETV3,POU6F1,0
ZFAND3,MCM5,0
AES,RAPGEF3,0
MYC,BMPER,0
ZFAND3,RASGRP2,0
PRDM14,PATZ1,0
SALL4,TRIM28,0
SOX2,KAT2B,0
MSC,HIST1H1B,0
EOMES,TADA3,0
SALL4,FOXA2,0
MYBL2,NR2F2,0
SALL4,KLF9,0
SUZ12,TMSB4X,0
SMAD4,MEF2A,0
ETV3,COL27A1,0
CBX8,JAM2,0
NRIP1,SEC24D,0
ZFP42,PBXIP1,0
TCF7L2,SEMA4C,0
EOMES,HIST1H1B,0
MYBL2,SNAPC3,0
MEF2C,KLF4,0
ZFAND3,RRBP1,0
MYBL2,ESRRB,0
TBX3,ZFPM1,0
SALL4,FLRT3,0
SOX2,CTSD,0
NRIP1,RBBP4,0
RHOX6,DNAJC10,0
SMAD4,ABTB1,0
OTX2,GSTA4,0
ZFP42,DPPA4,0
ZFAND3,EED,0
SMAD7,BMP4,0
NR5A2,NDRG1,0
MYCN,STAT4,0
CBX8,RYBP,0
ZFP42,GNAS,0
SMAD4,EDEM1,0
RHOX6,ELL3,0
NR5A2,TAF6L,0
SMAD4,TMSB4X,0
ETV3,MCM4,0
FOXJ2,ZFP276,0
MYCN,MYBBP1A,0
NRIP1,BCAM,0
TBX3,TIMP2,0
ESRRB,PDK1,0
CBX8,KAT2B,0
ESRRB,COL4A2,0
CBX8,UPP1,0
RHOX6,GLS,0
MEF2C,IRF6,0
CBX8,NFE2L2,0
NR0B1,IGFBP2,0
GATA3,MEF2D,0
NR0B1,TCOF1,0
MYCN,KLF6,0
SUZ12,LDHB,0
SMAD4,NR1D1,0
ESRRB,MDM2,0
FOXJ2,CDC20,0
ZFP281,MAFK,0
MYC,ZBTB3,0
TCEA3,RAB3IL1,0
PRDM14,SLC7A3,0
ESRRB,ESPL1,0
EOMES,KDM5B,0
MYBL2,HSPG2,0
GATA3,EDA2R,0
NR0B1,HSBP1,0
ZFP42,GLS,0
MYCN,POLR1B,0
SALL4,MYBL2,0
NR0B1,ANKRD6,0
TBX3,HIP1,0
KLF4,ARID1A,0
CBX8,CHD7,0
RHOX6,FXYD6,0
SMAD7,PDPN,0
PRDM14,POU4F2,0
MEF2C,L3MBTL2,0
CBX8,AKR1B8,0
NRIP1,CHD7,0
OTX2,RFXAP,0
PRDM14,STAT5A,0
AES,WWTR1,0
GATA3,ZBTB43,0
MYBL2,NEDD4,0
MSC,ARHGAP29,0
POU5F1,OBSL1,0
CBX8,GPX3,0
FOXJ2,NSD1,0
SOX17,JUND,0
FOXJ2,PTPN14,0
PRDM14,TOX4,0
EOMES,POLR2A,0
AES,GABBR1,0
NRIP1,RUVBL1,0
TCF7L2,CMKLR1,0
SOX17,FABP3,0
SALL4,MCM6,0
MYBL2,ZFP91,0
MEF2C,KNTC1,0
KLF4,NFIL3,0
POU5F1,ARNTL,0
TCF7L2,RAD51,0
OTX2,PLTP,0
ZFP281,TAF6L,0
SMAD7,MATR3,0
PRDM14,PDGFRA,0
SUZ12,ELF3,0
NR5A2,MCM5,0
ZFAND3,NR2C1,0
ZFP42,MAML3,0
ZFAND3,MSC,0
RHOX6,RUNX3,0
MYC,PLTP,0
MYC,TUBB2B,0
ZFP281,CST3,0
ZFP42,TYRO3,0
MEF2C,MME,0
JARID2,MYO6,0
JARID2,HDAC7,0
ETV3,PFKP,0
TBX3,HIST1H2BB,0
MEF2C,RBMXL2,0
MYBL2,ECT2,0
CBX8,HES6,0
KLF4,SHROOM3,0
TCF7L2,LTBP4,0
GATA3,NSD1,0
SMAD4,ANKRD49,0
MEF2C,PCOLCE,0
SMAD4,VIM,0
NR5A2,TTF2,0
MYCN,NR2C1,0
ETV3,KAT2B,0
SALL4,CDC20,0
MSC,BTG2,0
FOXJ2,KAT2B,0
MSC,COL27A1,0
JARID2,PATZ1,0
CBX8,PLOD1,0
ZFAND3,PRDM1,0
ZFP42,JARID2,0
OTX2,SLC26A10,0
SMAD7,FRMD4A,0
NR0B1,ALG13,0
RHOX6,NRG1,0
ZFAND3,BTAF1,0
NR0B1,SPRY2,0
SMAD4,STARD10,0
POU5F1,TGFB1,0
ZFP42,ING3,0
EOMES,THBD,0
ZFP42,TRPS1,0
ZFAND3,RNF2,0
ZFP42,RHOX6,0
SMAD7,ELF3,0
OTX2,RAB11A,0
ZFP42,ID4,0
FOXJ2,RCN3,0
ZFAND3,PAWR,0
SOX2,TBX18,0
ETV3,TIMP3,0
ZFP281,MT1,0
SMAD4,CNOT6,0
MEF2C,TOP2A,0
JARID2,GTF3C1,0
RHOX6,COTL1,0
NR0B1,FXYD6,0
TBX3,SALL1,0
ZFAND3,ANP32A,0
TBX3,HMGXB3,0
NANOG,ZBTB39,0
SOX17,OVOL1,0
MYC,PA2G4,0
MYC,PRDM5,0
ETV3,HSF2,0
GATA3,MKRN1,0
SUZ12,FOXQ1,0
GATA3,EZH2,0
NANOG,ALPL,0
TBX3,GLDC,0
TCEA3,TGIF1,0
ETV3,KDM3A,0
ETV3,JDP2,0
NRIP1,TAF6,0
PRDM14,SFI1,0
ZFP42,SLC6A8,0
MYCN,TPM4,0
OTX2,HDAC4,0
PRDM14,ANKRD49,0
CBX8,NSD1,0
SOX17,BTBD11,0
SOX17,AKT1,0
MEF2C,ELAVL2,0
MSC,HIST1H2BK,0
ESRRB,IL33,0
GATA3,SLC16A1,0
SOX17,POLR2A,0
SOX2,UHRF1,0
TBX3,MTA3,0
CBX8,EPHA2,0
ZFP42,ANKRD6,0
MSC,ETV5,0
MEF2C,SOX7,0
MYC,MAPK11,0
TCEA3,TBL1X,0
NRIP1,CIC,0
MEF2C,PLAT,0
SMAD7,ELAVL2,0
MYC,TFAP4,0
ZFAND3,WWTR1,0
MYBL2,ATP6V0A1,0
NANOG,ZFP276,0
ZFP281,RASGRP2,0
ZFP281,IL33,0
SMAD4,ELL3,0
MYCN,CBX4,0
ZFP42,CDKN1A,0
MYBL2,SOX17,0
SALL4,BCL3,0
POU5F1,KANK3,0
MYCN,CREB3L2,0
CBX8,RFX2,0
MSC,JAM2,0
AES,ARID3B,0
GATA3,EIF4A-PS4,0
RHOX6,MAML3,0
ETV3,NFIC,0
ZFP281,VEGFA,0
MYBL2,NFATC3,0
SOX17,P4HB,0
AES,MEIS1,0
SMAD4,ID2,0
ZFP42,ADAM19,0
NR0B1,NAA15,0
MEF2C,PHF20,0
ZFP42,TRIM24,0
NR5A2,MKX,0
ZFP42,SPARC,0
TCEA3,MYCN,0
NR0B1,ASNS,0
ZFP281,RBBP7,0
FOXJ2,NR1D2,0
KLF4,AU018091,0
MYBL2,TXNIP,0
ZFP42,ZFP768,0
FOXJ2,ASXL1,0
MYC,EIF4A-PS4,0
SOX17,RARA,0
ZFP42,ZBTB24,0
NR0B1,AMOTL2,0
ZFP42,SLC7A3,0
ZFAND3,MCM6,0
MYCN,LRRK1,0
JARID2,ETS1,0
RHOX6,SNAPC3,0
CBX8,FXYD6,0
NR0B1,MCM3,0
NR0B1,NUPR1,0
TCEA3,MED12,0
TCF7L2,ELF1,0
MYC,SPEN,0
NANOG,EP300,0
ETV3,GNPDA1,0
NR0B1,CREB3L2,0
RHOX6,CNOT6L,0
KLF4,FOXD3,0
NR5A2,NFKB2,0
CBX8,PDGFRA,0
SMAD4,GNPDA1,0
ETV3,ELF4,0
NR5A2,PMM1,0
ZFAND3,ING3,0
CBX8,ANKRD6,0
MYCN,ZFP57,0
JARID2,MEF2C,0
NRIP1,MCM6,0
AES,RRM2,0
TBX3,CBX8,0
NR5A2,TAGLN2,0
ZFP42,TAX1BP3,0
POU5F1,ARHGAP29,0
TBX3,SOCS2,0
EOMES,PARP1,0
RHOX6,SRM,0
PRDM14,LEFTY2,0
ZFP42,GPX3,0
MEF2C,ZYX,0
SMAD4,CAR2,0
FOXJ2,ASH1L,0
JARID2,RFXAP,0
SUZ12,EBF4,0
ZFP42,CAR2,0
ZFAND3,LRRK1,0
SALL4,OBSL1,0
AES,LY6G6E,0
MYBL2,OPLAH,0
MSC,NEDD4,0
MEF2C,LAMB1,0
AES,CIC,0
TCF7L2,OVOL1,0
ETV3,ZFP276,0
KLF4,HNF1B,0
POU5F1,SIX1,0
ETV3,KEAP1,0
RHOX6,VILL,0
AES,NFIL3,0
ETV3,LAMA1,0
PRDM14,BTG1,0
JARID2,EIF4A2,0
CBX8,HIST1H1D,0
PRDM14,TGFB1I1,0
PRDM14,GLI1,0
MYBL2,PITX1,0
SOX2,HIST1H2AC,0
AES,HIF3A,0
TCF7L2,ELL2,0
SMAD4,VEGFA,0
OTX2,SIRT1,0
SMAD4,EPS8,0
EOMES,FLRT3,0
CBX8,KLF2,0
FOXJ2,B2M,0
ZFP281,TMSB4X,0
CBX8,MCM7,0
TCEA3,TET1,0
MYC,CCNG1,0
EOMES,HMGXB3,0
SOX2,2410141K09RIK,0
TCEA3,AIRE,0
POU5F1,NFATC4,0
OTX2,ARL6IP5,0
JARID2,SLC26A10,0
NRIP1,SUB1,0
CBX8,ZFP277,0
MYBL2,BRCA1,0
MSC,IMPDH1,0
MEF2C,CTBP1,0
GATA3,ECT2,0
RHOX6,RAB11A,0
POU5F1,PSIP1,0
ZFP42,TPM4,0
ESRRB,DIDO1,0
MEF2C,NOTCH4,0
TCEA3,ZBTB10,0
SALL4,TEAD1,0
NR0B1,ZBTB38,0
MEF2C,ME1,0
ESRRB,RAB3IL1,0
GATA3,SHROOM3,0
JARID2,ZFP275,0
TCEA3,MATR3,0
NR5A2,SLCO3A1,0
SALL4,NRG1,0
TCEA3,ALPL,0
SUZ12,DIDO1,0
SMAD4,ECT2,0
CBX8,MYD88,0
ETV3,TAGLN2,0
PRDM14,LY6G6E,0
SUZ12,MGST3,0
RHOX6,OBSL1,0
NANOG,ODC1,0
EOMES,TCF7,0
MYBL2,UNG,0
ZFAND3,HIP1,0
MYBL2,HIST1H2BN,0
SOX17,GLIPR2,0
NANOG,BEX1,0
SMAD7,EHMT2,0
SOX17,HIST1H2AF,0
OTX2,TRIM25,0
NANOG,LTBP4,0
ETV3,MAML1,0
CBX8,XBP1,0
CBX8,ELF1,0
MYBL2,ATF7,0
PRDM14,CMKLR1,0
SALL4,ZEB1,0
TCEA3,SUZ12,0
TBX3,NFIA,0
SMAD4,UBE2C,0
SMAD4,ATF4,0
TBX3,NR1D2,0
SUZ12,ZBTB38,0
NR5A2,L1TD1,0
ZFAND3,GNPDA1,0
ZFAND3,BMI1,0
SMAD7,ZFYVE21,0
ETV3,MED12,0
SOX17,IRF4,0
MYCN,MKRN1,0
OTX2,ARNT2,0
SOX2,KLF15,0
ZFP42,PURA,0
SOX2,CTBP1,0
SUZ12,LTBP4,0
NRIP1,WDR45,0
FOXJ2,RIAN,0
MYCN,TXNDC12,0
MEF2C,MSX2,0
OTX2,CTBP2,0
SMAD7,COTL1,0
PRDM14,ERF,0
CBX8,ING3,0
SOX17,ETS1,0
NR0B1,COL4A2,0
CBX8,TPM4,0
TCEA3,BTG1,0
PRDM14,ZFP296,0
NR0B1,PSIP1,0
GATA3,MCM2,0
SUZ12,HIST1H2AF,0
NR5A2,FOXH1,0
MSC,TDH,0
TCF7L2,ASH1L,0
FOXJ2,AKT1,0
PRDM14,UCHL1,0
MYCN,TXNDC5,0
NR0B1,SLC16A1,0
SOX17,ZFP57,0
CBX8,TOX4,0
TCEA3,FBLIM1,0
MSC,CALD1,0
POU5F1,EZH2,0
FOXJ2,ELF3,0
MEF2C,MBD2,0
ETV3,P4HA2,0
SOX17,KDELR3,0
SALL4,FGF3,0
GATA3,IRF4,0
ZFP42,THBD,0
ETV3,MEF2D,0
OTX2,KLF9,0
EOMES,HSP90B1,0
NR5A2,TRP53BP1,0
JARID2,PCOLCE,0
AES,SOX7,0
FOXJ2,CHD5,0
NR5A2,PHC1,0
ETV3,TEAD3,0
NANOG,ZSWIM4,0
OTX2,NAA15,0
MYCN,RFX2,0
AES,AY036118,0
RHOX6,MTF2,0
JARID2,MRAS,0
SOX17,DPPA2,0
NANOG,ELK4,0
ETV3,POU5F1,0
SALL4,P4HA2,0
MYBL2,NR1D1,0
TCF7L2,BRCA2,0
RHOX6,SEC24D,0
AES,HSBP1,0
NANOG,RBPJ,0
MEF2C,TMED2,0
POU5F1,RAD51,0
NR5A2,NRG1,0
AES,ATF5,0
SMAD4,SOX15,0
GATA3,PURA,0
NR0B1,EPS8,0
TCF7L2,NRIP1,0
ETV3,BMPER,0
NR5A2,ZFP219,0
TBX3,CST3,0
MSC,MED12,0
MSC,NCOA3,0
SMAD4,SIN3B,0
FOXJ2,ESRRA,0
TBX3,NR1H2,0
MYBL2,PDGFRA,0
ETV3,EED,0
MYC,NCOA3,0
AES,POU2F1,0
FOXJ2,NFE2L2,0
ETV3,SATB1,0
EOMES,LDB1,0
TCF7L2,MYBL2,0
OTX2,MYBBP1A,0
MYC,TMED2,0
ZFAND3,FOXQ1,0
ETV3,UHRF1,0
NR5A2,NRIP1,0
ZFAND3,TAF5,0
SOX17,RYBP,0
ESRRB,INSIG1,0
SMAD7,HIST1H2BK,0
TCEA3,ZFYVE21,0
ZFAND3,SIRT1,0
TBX3,CTSL,0
TCF7L2,ZBTB24,0
ZFP42,SSB,0
MSC,CREB3,0
NANOG,TMEM150A,0
EOMES,NPAS2,0
RHOX6,ZBTB43,0
SOX17,MAML1,0
MYCN,ASS1,0
ZFP281,CDC5L,0
MYCN,MYC,0
ZFAND3,CSRP2,0
ESRRB,BACH2,0
ETV3,PTH1R,0
POU5F1,ANKRD49,0
PRDM14,CHD5,0
GATA3,BASP1,0
SMAD4,TGFB1I1,0
MYBL2,ELF1,0
FOXJ2,CEBPZ,0
TBX3,PTPN14,0
TCEA3,FGFR3,0
RHOX6,KANK3,0
CBX8,SERPINE2,0
JARID2,ADAM19,0
TBX3,SLC16A1,0
JARID2,RFX2,0
TBX3,TTF2,0
ETV3,FOXO3,0
KLF4,PSIP1,0
RHOX6,CHCHD10,0
NR0B1,RRM2,0
NR5A2,DIDO1,0
MSC,TRP53,0
TCF7L2,DDB2,0
FOXJ2,ATF5,0
GATA3,TUBB2B,0
MEF2C,PAX6,0
MSC,ADAMTS9,0
MYBL2,NR4A1,0
TBX3,TADA3,0
MSC,SLC26A10,0
CBX8,GLIS2,0
CBX8,BRWD1,0
NRIP1,MEG3,0
SOX2,ZEB2,0
KLF4,EDA2R,0
ZFP281,TUBB2B,0
EOMES,POU6F1,0
ZFAND3,PLAG1,0
SOX2,TAF6L,0
MSC,MCM7,0
ZFP42,FABP3,0
AES,IRF2,0
ZFAND3,CDC20,0
SOX2,SMAD2,0
OTX2,LRPAP1,0
NR5A2,SMARCA2,0
MEF2C,CTBP2,0
MYC,KLF10,0
ESRRB,BTG2,0
ESRRB,CUX2,0
ZFAND3,ASNS,0
MYCN,BMI1,0
ESRRB,HMGA2,0
SMAD4,RUNX3,0
ZFP42,RARA,0
NANOG,RERE,0
NANOG,TFRC,0
OTX2,LTBP4,0
MEF2C,ZBTB20,0
TBX3,RBPMS2,0
NANOG,HOXD13,0
ZFP42,RNF14,0
SMAD4,BTAF1,0
NANOG,ZC3H7A,0
MYCN,GM13597,0
NR0B1,GLS,0
SMAD7,KHDRBS1,0
RHOX6,UBE2C,0
SALL4,ANP32A,0
ZFP281,FGF3,0
POU5F1,P4HB,0
SUZ12,ITGA6,0
AES,GTF3C1,0
MYCN,SP8,0
NANOG,HMGXB3,0
MEF2C,TEAD1,0
MEF2C,CTH,0
TCF7L2,SLC7A6,0
SMAD4,TADA3,0
ZFP281,CHST15,0
SMAD4,ILF2,0
SOX2,MYO6,0
MSC,NR0B1,0
SMAD7,TMEM144,0
MYCN,SUZ12,0
OTX2,ADAM23,0
ETV3,SNAPC3,0
MYCN,SIRT1,0
MYBL2,2200002D01RIK,0
TBX3,TMSB4X,0
JARID2,ZHX3,0
EOMES,CALU,0
SMAD7,TAX1BP3,0
MYCN,SLC25A4,0
NR0B1,TOX3,0
RHOX6,SATB1,0
ETV3,2200002D01RIK,0
SMAD7,ELF4,0
MYC,SMAD2,0
NRIP1,MLLT1,0
GATA3,LAMB1,0
ESRRB,RBBP7,0
TBX3,TSHZ3,0
SOX17,RARG,0
TCEA3,FOXP1,0
CBX8,TEAD3,0
SALL4,PA2G4,0
OTX2,NCOA6,0
SMAD4,FBLIM1,0
MSC,MYBL2,0
OTX2,ZSWIM4,0
OTX2,IKBKB,0
SOX2,SFPQ,0
GATA3,TCL1,0
CBX8,WDR45,0
MYC,MSX2,0
TBX3,IFI30,0
SMAD7,ZFP281,0
MEF2C,NCOA3,0
TCEA3,NXF7,0
SUZ12,BRCA1,0
ZFAND3,ETS1,0
NRIP1,HMGXB3,0
ZFP42,HDAC7,0
NRIP1,IFITM1,0
TCEA3,CREB3L2,0
SMAD7,HIST1H2BB,0
CBX8,ODC1,0
SMAD4,UNG,0
SMAD7,SSBP4,0
EOMES,GSTA4,0
ESRRB,DTX1,0
ZFAND3,ID4,0
JARID2,SKIL,0
TBX3,NR1D1,0
ETV3,2410141K09RIK,0
PRDM14,COL27A1,0
RHOX6,TCEA3,0
SMAD4,GABBR1,0
TBX3,TCF12,0
CBX8,ECT2,0
SALL4,ZSCAN10,0
MYBL2,ZBTB24,0
TCF7L2,KLF9,0
TCF7L2,KDELR2,0
MYBL2,DDX20,0
NR5A2,PLAT,0
NR0B1,TXNIP,0
SMAD7,SEC24D,0
NR5A2,ANXA5,0
NR0B1,MLXIP,0
SALL4,USF1,0
MYCN,PURA,0
SOX17,IFITM1,0
ZFP42,AU018091,0
NR0B1,SLC26A10,0
EOMES,NFIC,0
ZFAND3,EFEMP2,0
PRDM14,APOE,0
AES,HIST1H2BB,0
TCF7L2,KLF4,0
JARID2,KLF10,0
RHOX6,NPAS2,0
TCEA3,POU6F1,0
SUZ12,APOE,0
MEF2C,AMOT,0
GATA3,TWIST1,0
ETV3,BAZ1A,0
SALL4,REST,0
ZFP42,OVOL1,0
FOXJ2,ZDHHC15,0
NRIP1,RNF157,0
OTX2,ABTB1,0
SMAD7,CRIP2,0
NANOG,KLF3,0
ZFP281,RAB3IL1,0
PRDM14,ZDHHC15,0
GATA3,SFPQ,0
SUZ12,CSRP2,0
EOMES,TUBA4A,0
TBX3,CCNB1,0
ESRRB,ZC3H7A,0
MSC,MME,0
MYBL2,LEFTY1,0
KLF4,HIST1H2AI,0
NRIP1,TRIM28,0
SOX2,PCBP2,0
TCF7L2,CUX2,0
MEF2C,TSHZ3,0
ZFP281,PCOLCE,0
TBX3,NDN,0
MSC,SLC16A1,0
NR0B1,DR1,0
SOX2,JDP2,0
NR5A2,MYBL2,0
ZFAND3,CUBN,0
MYC,VEZF1,0
SOX2,EIF4A2,0
MSC,LOXL2,0
ZFAND3,TADA3,0
TBX3,VEZF1,0
RHOX6,ETV3,0
TCF7L2,TRP53BP1,0
ETV3,MKRN1,0
OTX2,TEAD3,0
SMAD7,HIST1H1D,0
ZFP281,ERF,0
OTX2,TAF5,0
SOX17,SLC7A6,0
ZFP281,MKX,0
SMAD4,IRF1,0
SUZ12,ZFP42,0
CBX8,CHST15,0
OTX2,FLRT3,0
SOX2,UBE2C,0
NR0B1,STARD10,0
SOX2,ILF3,0
RHOX6,TXNIP,0
POU5F1,RYBP,0
FOXJ2,SMARCA2,0
SOX17,RUNX3,0
MYC,CD63,0
ZFAND3,ZEB2,0
ZFP281,RCC2,0
RHOX6,ETV4,0
ZFAND3,MORC4,0
TBX3,MAPK11,0
NRIP1,NPAS2,0
ZFP281,RNF157,0
MSC,ADAM23,0
SMAD7,RNF14,0
MYC,SCMH1,0
AES,ELL3,0
SMAD4,TGIF1,0
MYCN,MXD4,0
ZFAND3,ANKRD6,0
NR5A2,GATA4,0
ETV3,EDEM1,0
NR0B1,DDAH2,0
SALL4,HDGF,0
TBX3,ITPK1,0
RHOX6,AMOT,0
KLF4,SAT1,0
SUZ12,TCF7,0
GATA3,ZFP91,0
MEF2C,SFPQ,0
OTX2,TRP53,0
SUZ12,KDELR2,0
MSC,TOP2B,0
SOX2,HSPG2,0
NR5A2,PLA2G1B,0
CBX8,ARNT2,0
ZFAND3,SMARCD1,0
JARID2,TXNDC5,0
SOX17,DIDO1,0
NR5A2,INSIG1,0
JARID2,NRG1,0
MEF2C,ANXA2,0
SOX17,GLS,0
SOX17,SOAT1,0
SMAD4,SRGN,0
ZFP281,TRIP11,0
SOX2,FRRS1,0
NR0B1,TYRO3,0
KLF4,ALPL,0
NR0B1,LRP2,0
AES,RNF6,0
PRDM14,CALU,0
SOX17,TAX1BP3,0
AES,SEC24D,0
ZFAND3,HIST1H3H,0
SUZ12,RBMXL2,0
SOX17,HIST1H2AI,0
AES,PDCD4,0
SMAD7,APOE,0
JARID2,DEK,0
SOX2,POU4F1,0
TCEA3,TULP3,0
TCEA3,PHLDA3,0
RHOX6,PRRX2,0
AES,FOXH1,0
JARID2,SLC9A6,0
NRIP1,EBF1,0
ZFP281,AY036118,0
PRDM14,HIST1H3H,0
SMAD7,ATF3,0
RHOX6,CSRP2,0
AES,LMO4,0
TBX3,PDGFRA,0
ZFP281,MAPK13,0
MSC,ZYX,0
OTX2,SMURF1,0
SOX17,MTA3,0
TCEA3,CDC5L,0
CBX8,ZBTB38,0
ZFP281,ETS1,0
PRDM14,FGF4,0
ZFP42,SKIL,0
MYCN,MAFK,0
ZFP281,SLC26A10,0
ZFP42,EGR1,0
NR0B1,EDA2R,0
EOMES,HDAC11,0
TCEA3,CTSL,0
ESRRB,NR5A2,0
ESRRB,SEC24D,0
RHOX6,TTF2,0
NR5A2,RBPJ,0
MYC,MLLT1,0
CBX8,HIST1H2AF,0
PRDM14,MAPK11,0
RHOX6,RCOR2,0
NANOG,SNURF,0
TCF7L2,ZDHHC15,0
NR0B1,RBL1,0
TCF7L2,STARD10,0
ZFAND3,KLF10,0
KLF4,SERTAD2,0
MSC,TRIM13,0
MSC,NRIP1,0
AES,LDB1,0
NR0B1,KANK2,0
GATA3,SRF,0
NR5A2,MAML3,0
RHOX6,ID4,0
EOMES,PRRX2,0
ZFP42,RCOR2,0
TCF7L2,MRAS,0
PRDM14,NRG1,0
SMAD4,TEAD4,0
EOMES,GM13597,0
SMAD4,RIAN,0
CBX8,ITPK1,0
ETV3,NCOA3,0
MYC,MYD88,0
MYBL2,CALU,0
ZFAND3,TRIM13,0
MYBL2,ELF2,0
MEF2C,TGIF1,0
ZFP42,ABTB1,0
MYBL2,TAF5,0
POU5F1,HSPG2,0
NANOG,RBBP4,0
NR0B1,MAFK,0
TBX3,GABPA,0
AES,SEMA4C,0
TCEA3,BMI1,0
ZFAND3,CTBP2,0
AES,HOPX,0
AES,SOCS2,0
MSC,KLF15,0
ZFP42,TRIB3,0
ZFAND3,DPP4,0
CBX8,NFIL3,0
EOMES,EED,0
NR0B1,ELL3,0
ETV3,SLC6A6,0
SOX17,KDM3A,0
GATA3,HDGF,0
PRDM14,P4HA2,0
MEF2C,FOXJ2,0
ZFAND3,POLR1B,0
NRIP1,KEAP1,0
ESRRB,GABPA,0
CBX8,KDELR3,0
ESRRB,RAB11A,0
ZFP42,ARID5B,0
MYBL2,ZBTB20,0
NR5A2,COBL,0
RHOX6,RCN3,0
AES,ETV1,0
MSC,NR4A1,0
JARID2,BTAF1,0
TBX3,SDC4,0
NR5A2,ATF6,0
MYCN,HIST1H1B,0
SOX2,RAB11A,0
FOXJ2,DDIT3,0
MEF2C,E2F2,0
ZFP281,P4HA2,0
MSC,MCM3,0
MYC,MAML3,0
NR0B1,MAPK11,0
TCEA3,B2M,0
GATA3,BRCA2,0
CBX8,NCOA6,0
SMAD7,HNF1B,0
MYC,STAT5A,0
ETV3,PDCD4,0
RHOX6,PDCD4,0
NR0B1,EDEM1,0
SMAD7,TCF7L2,0
ETV3,TPM4,0
SOX2,PATZ1,0
NR0B1,RBBP7,0
TCEA3,RAB11A,0
MYBL2,HSBP1,0
TBX3,IRF4,0
FOXJ2,PSIP1,0
NRIP1,POLR1C,0
MSC,RAB11A,0
SOX2,CEBPZ,0
SOX17,ATF7,0
NR0B1,KHDRBS1,0
MSC,RBPJ,0
EOMES,RRM2,0
ZFP281,NME2,0
MYC,SOAT1,0
TBX3,TRIB3,0
SUZ12,HIST1H3H,0
NANOG,MSH6,0
OTX2,AQP8,0
NR5A2,GSR,0
ETV3,FOXP1,0
PRDM14,ZFP91,0
MYBL2,ZSCAN10,0
OTX2,SMAD7,0
NANOG,TRP53,0
ZFP281,KDELR3,0
AES,HIST1H2AC,0
ETV3,SOX17,0
MYCN,FOXP1,0
MEF2C,ZFHX3,0
TCEA3,LMO4,0
MSC,ELF1,0
MYC,EDEM1,0
NR5A2,MEIS3,0
CBX8,ELL2,0
NR5A2,RYBP,0
PRDM14,DTX1,0
MYCN,HSF2BP,0
FOXJ2,GABARAPL2,0
POU5F1,XBP1,0
ETV3,MCM5,0
MEF2C,SATB1,0
TBX3,ATF5,0
NANOG,GTF2A1L,0
TCEA3,ELF3,0
SOX17,PHF20,0
FOXJ2,ARHGAP29,0
SUZ12,STARD10,0
EOMES,MCM4,0
FOXJ2,PARP1,0
EOMES,MBD2,0
MSC,PCOLCE,0
TCEA3,SMURF1,0
SMAD4,ANXA2,0
CBX8,LEFTY1,0
MEF2C,FLRT3,0
JARID2,SNAPC3,0
AES,ASH1L,0
MSC,CDKN1A,0
ZFP281,BAZ1A,0
JARID2,EZH2,0
SMAD7,ITPK1,0
EOMES,P4HB,0
TCF7L2,EMX2,0
ZFAND3,ILF3,0
MYBL2,POU2F1,0
NR5A2,IGFBP2,0
MEF2C,ABHD5,0
SMAD7,EZH2,0
MEF2C,MCM2,0
NANOG,HSP90B1,0
MYC,LOXL2,0
PRDM14,SCMH1,0
TBX3,EED,0
PRDM14,PRDM5,0
NRIP1,IKBKB,0
ESRRB,HIST1H4K,0
FOXJ2,AMOT,0
AES,AIRE,0
FOXJ2,CMKLR1,0
SOX2,DEK,0
NANOG,GLUL,0
ZFP281,ELL2,0
TBX3,POU4F2,0
ZFAND3,TUBA4A,0
TBX3,GSTA4,0
MEF2C,ELK4,0
ESRRB,EMX2,0
MYCN,PITX1,0
SOX17,NDRG1,0
TCF7L2,RBPJ,0
FOXJ2,SPRY4,0
ESRRB,ODC1,0
ZFP42,HOXD13,0
NANOG,TMSB4X,0
OTX2,P4HA2,0
FOXJ2,GLI1,0
CBX8,MXD4,0
POU5F1,TCF20,0
AES,MCM4,0
AES,P4HA2,0
NR0B1,ZFP296,0
NR0B1,ZSWIM4,0
ETV3,BTAF1,0
ZFP281,BACH2,0
ESRRB,DNMT3A,0
MSC,ALG13,0
MEF2C,MAPK8,0
ZFP281,DUSP9,0
SUZ12,JUND,0
OTX2,NDN,0
MEF2C,LEFTY1,0
MEF2C,ANKRD49,0
SALL4,GABPA,0
MSC,MYLPF,0
NR5A2,PSIP1,0
SOX17,ZFP275,0
ZFAND3,GNRH1,0
RHOX6,SOX4,0
MYCN,FOXO1,0
ZFAND3,GTF2A1L,0
NANOG,F3,0
TCEA3,SATB1,0
NR5A2,UBTF,0
SALL4,PSIP1,0
MYCN,BTG2,0
ETV3,SMARCAD1,0
NRIP1,LAMC1,0
ESRRB,ELF2,0
ZFP281,SOX7,0
TCEA3,NKRF,0
FOXJ2,SATB2,0
NR0B1,SDC4,0
OTX2,KHDRBS1,0
PRDM14,XBP1,0
MSC,NID1,0
PRDM14,TDH,0
KLF4,CST3,0
TBX3,NFKBIA,0
SMAD7,MCM5,0
ESRRB,SORD,0
NANOG,SLCO3A1,0
ETV3,KLF8,0
ESRRB,RYBP,0
ZFP42,DTX1,0
TBX3,APBB1,0
CBX8,DTX1,0
OTX2,KLF6,0
EOMES,CTSD,0
MYCN,HIF1A,0
NRIP1,CBX4,0
MYC,PRDM14,0
OTX2,ZYX,0
ETV3,MYLPF,0
MEF2C,JUND,0
SALL4,RBMXL2,0
NR5A2,EHMT2,0
EOMES,TUBB2B,0
ZFP281,TMEM150A,0
MEF2C,KDM5B,0
TCEA3,NEDD4,0
TCF7L2,KAT2B,0
ZFP42,TULP3,0
ZFAND3,HMGXB4,0
EOMES,RAB3IL1,0
AES,BTAF1,0
MYC,TYRO3,0
GATA3,PSIP1,0
PRDM14,GAS6,0
EOMES,GABBR1,0
PRDM14,ZBTB7A,0
MSC,CTNNBIP1,0
MYBL2,ZFP275,0
AES,EP300,0
SMAD7,AMOTL2,0
TCEA3,GRIN1,0
OTX2,MEG3,0
ZFP42,RBPJ,0
AES,ZFP57,0
SUZ12,FRRS1,0
SALL4,TAF6,0
GATA3,DCXR,0
ESRRB,ADAMTS9,0
ZFAND3,KDM3A,0
KLF4,CSRP2,0
NANOG,UBQLN2,0
SOX17,MCM3,0
MYBL2,AY036118,0
MYBL2,FDPS,0
MYC,PDPN,0
TCF7L2,RIAN,0
TCF7L2,ELF3,0
ZFAND3,FGFR3,0
FOXJ2,MLXIP,0
NR0B1,IRF6,0
ESRRB,IGFBP2,0
ZFAND3,SIX5,0
TBX3,BTG1,0
NRIP1,ODC1,0
CBX8,MLLT1,0
TBX3,RBBP4,0
CBX8,BEND5,0
ETV3,SDC4,0
POU5F1,KLF3,0
TBX3,SNORD87,0
AES,MTA3,0
MEF2C,TRIB3,0
MYBL2,MDM2,0
ZFP42,KLF2,0
MSC,IRF6,0
SUZ12,SNHG12,0
NR0B1,ADAMTS9,0
AES,NR5A2,0
NRIP1,KLF10,0
GATA3,NFE2L1,0
CBX8,FOXD3,0
TBX3,NRG1,0
AES,RHOX5,0
SOX17,ZEB1,0
MYCN,FOSL2,0
ZFP281,MED12,0
PRDM14,RAPGEF3,0
ZFAND3,EYA1,0
SALL4,ELK4,0
RHOX6,EGR1,0
SUZ12,FGF10,0
RHOX6,JAM2,0
AES,ING3,0
AES,MLXIPL,0
SMAD7,FOXH1,0
ETV3,FST,0
SOX2,MAGED1,0
POU5F1,AATF,0
TCEA3,FRRS1,0
TCF7L2,HIST1H2AC,0
ZFP281,IFITM1,0
AES,RNF2,0
TCF7L2,UBQLN2,0
SUZ12,KDM5B,0
SMAD4,SMURF1,0
EOMES,RB1,0
SOX17,HDAC7,0
EOMES,RBBP7,0
CBX8,GNPDA1,0
ETV3,TEAD1,0
ESRRB,VIM,0
EOMES,PHF20,0
MYC,CTBP1,0
NRIP1,NR3C1,0
TCEA3,F3,0
NR5A2,GM13597,0
MSC,IFITM2,0
TCEA3,NRG1,0
NR0B1,ZBTB10,0
SALL4,ATF6,0
JARID2,TFAP4,0
MYC,OVOL1,0
AES,NOTCH1,0
OTX2,PCBP2,0
NANOG,PURA,0
MYBL2,CTSL,0
SMAD4,ATF6,0
JARID2,BCL3,0
SALL4,LDLRAP1,0
KLF4,GSR,0
FOXJ2,EPHA2,0
SOX2,ETV1,0
MYBL2,RASGRP2,0
CBX8,ARL6IP5,0
ZFP281,KRT42,0
AES,HIF1A,0
OTX2,CLCN5,0
PRDM14,H1F0,0
TBX3,GLUL,0
ZFP42,LAPTM5,0
ESRRB,ZSCAN10,0
ZFAND3,EMP2,0
ETV3,PHLDA3,0
MYCN,DNMT1,0
RHOX6,LMO4,0
SALL4,EIF4A-PS4,0
MYC,NDRG1,0
MYCN,ZHX3,0
SMAD7,CTSD,0
CBX8,TGFB1I1,0
MEF2C,GNPDA1,0
JARID2,EED,0
MSC,CTBP1,0
SALL4,TRIM24,0
ETV3,ABHD5,0
ETV3,LAPTM5,0
CBX8,ETV3,0
NR0B1,TUBB2B,0
SALL4,FDPS,0
NRIP1,ZBTB7A,0
SALL4,RARA,0
PRDM14,FRMD4A,0
ETV3,UBE2C,0
ZFAND3,GNAS,0
TBX3,TAX1BP3,0
SMAD7,NFXL1,0
TCF7L2,JAM2,0
RHOX6,TRIP11,0
OTX2,ARID3B,0
TCF7L2,FBLIM1,0
SMAD4,PHF14,0
NRIP1,ZFP398,0
ZFP42,HOPX,0
EOMES,KLF3,0
TBX3,GLI2,0
AES,HEXIM1,0
NRIP1,HDAC4,0
NANOG,APOE,0
PRDM14,KLF3,0
ESRRB,P4HA1,0
TCEA3,TPD52,0
TCEA3,HSPA5,0
NR5A2,ZIC3,0
ZFP281,2410141K09RIK,0
PRDM14,CEBPZ,0
MYC,PHF14,0
ZFAND3,ZFP275,0
MEF2C,BTG1,0
ESRRB,BMI1,0
MYCN,SOX2,0
MSC,KDELR3,0
SALL4,ETV1,0
ETV3,TBL1X,0
MEF2C,CD63,0
NANOG,TGFB1I1,0
NR0B1,CKB,0
MYBL2,MLXIP,0
ETV3,CRIP2,0
PRDM14,UPP1,0
ZFP281,NDRG1,0
TCF7L2,HDAC4,0
NANOG,CTSD,0
AES,MLXIP,0
TCEA3,KRT8,0
SALL4,ASH1L,0
SMAD4,ERP29,0
MSC,LAMA5,0
MSC,SNORD87,0
ZFAND3,MYBBP1A,0
SUZ12,SOS2,0
PRDM14,NFKBIA,0
SALL4,CCNB1,0
MEF2C,WWTR1,0
NRIP1,RBPMS2,0
SUZ12,SCMH1,0
ZFP42,SMAD3,0
MYCN,STAT5B,0
SOX2,KEAP1,0
SOX17,TMSB4X,0
JARID2,RLIM,0
MSC,HIST1H2BB,0
MYC,APBB1,0
ETV3,PIAS3,0
NRIP1,HSPB1,0
NRIP1,NEDD4,0
NR0B1,SOS2,0
SMAD7,RIAN,0
OTX2,CTSZ,0
ZFAND3,TBX18,0
JARID2,PGA5,0
RHOX6,ZBTB32,0
SMAD4,NID1,0
RHOX6,ATF6,0
SMAD4,KLF9,0
NR0B1,GTF2A1L,0
SMAD4,PLAG1,0
ZFAND3,SKIL,0
NR0B1,ESPL1,0
POU5F1,IRF2,0
SOX2,PA2G4,0
ESRRB,PHF20,0
JARID2,DKK1,0
CBX8,TSPAN9,0
MYBL2,EPAS1,0
PRDM14,TMSB4X,0
ETV3,DUSP9,0
SMAD7,RCN3,0
JARID2,2810025M15RIK,0
SMAD7,ATF7,0
SUZ12,MEF2C,0
ZFAND3,HIF1A,0
NR0B1,TULP3,0
OTX2,BMI1,0
SMAD7,FST,0
MYBL2,EFEMP2,0
CBX8,NOTCH2,0
TCEA3,TPM4,0
JARID2,TCF7L2,0
NANOG,HEXIM1,0
KLF4,NPHS1,0
PRDM14,LDB1,0
ZFP42,LTBP4,0
TBX3,ZEB1,0
MSC,SNAI1,0
SUZ12,HSBP1,0
FOXJ2,FOXO3,0
NR0B1,COTL1,0
PRDM14,FOXQ1,0
MSC,SMARCA2,0
FOXJ2,KRT42,0
SMAD4,LEFTY1,0
TCF7L2,TXNDC12,0
TCEA3,AQP8,0
ETV3,NFIB,0
KLF4,TDH,0
AES,SOS2,0
TBX3,EIF4A-PS4,0
NRIP1,PLAT,0
SMAD7,AKR1B8,0
ZFP42,CALR,0
ZFP281,MAML3,0
MYCN,HMGXB3,0
GATA3,HIST1H2AC,0
PRDM14,EMX2,0
ZFP281,NFKB2,0
MSC,ZFP281,0
ZFP42,GABBR1,0
MYC,OPLAH,0
NR5A2,STARD8,0
TCF7L2,SKIL,0
ESRRB,DPPA2,0
ZFP42,2200002D01RIK,0
JARID2,SORD,0
SOX2,USF1,0
EOMES,HNF4A,0
EOMES,TAX1BP3,0
NR0B1,BEND5,0
MEF2C,NANOG,0
OTX2,KLF8,0
SALL4,STARD10,0
NR0B1,RRBP1,0
KLF4,RBMXL2,0
AES,NOTCH4,0
FOXJ2,KLF9,0
TCF7L2,CITED2,0
GATA3,DDB2,0
PRDM14,GSTA4,0
PRDM14,ID2,0
NRIP1,TNS4,0
MEF2C,KDM3A,0
SMAD4,CTH,0
GATA3,ZBTB3,0
MSC,ZMYND11,0
ZFAND3,NID1,0
NANOG,RIAN,0
OTX2,MORC4,0
MSC,TPM4,0
MYCN,TOX3,0
NANOG,DNMT1,0
MYC,NFIL3,0
NR5A2,PHF20,0
GATA3,ESRRB,0
NR5A2,LAMA1,0
ETV3,SLC7A3,0
CBX8,LAMA5,0
SALL4,CHST15,0
ESRRB,GSR,0
TBX3,ARHGAP29,0
ZFP42,ZFP275,0
MYC,E2F2,0
GATA3,2410141K09RIK,0
MYC,GATA6,0
SALL4,ECT2,0
JARID2,DCXR,0
RHOX6,EZH2,0
ZFP42,TSPAN9,0
NR0B1,LAMA1,0
RHOX6,PDK1,0
RHOX6,CTBP2,0
OTX2,RNF14,0
ETV3,MYCN,0
JARID2,SPEN,0
NANOG,RNF14,0
SUZ12,SMARCAD1,0
ETV3,MAGED1,0
GATA3,HIST1H2AI,0
TCEA3,TGFB1I1,0
NR5A2,EMX2,0
SUZ12,JARID2,0
NR0B1,PLOD1,0
FOXJ2,MATR3,0
SMAD4,MYBBP1A,0
MYBL2,GAS6,0
ETV3,RBBP4,0
ZFP281,NFIB,0
ZFAND3,TDH,0
PRDM14,AQP8,0
SUZ12,LGMN,0
RHOX6,NAA15,0
SALL4,ATF7,0
PRDM14,NOTUM,0
SOX2,FDPS,0
RHOX6,FN1,0
ZFAND3,MDM2,0
GATA3,TPD52,0
RHOX6,HIST1H2BN,0
EOMES,ZFP768,0
TCF7L2,FHL2,0
NRIP1,HIST1H2AC,0
RHOX6,PER1,0
SMAD7,ARID1A,0
TCF7L2,GNAS,0
ETV3,ARID3B,0
CBX8,PHLDA3,0
SOX17,CDKN1A,0
SOX2,NDN,0
NR5A2,MAPK8,0
OTX2,PA2G4,0
SUZ12,MLLT1,0
POU5F1,GLIS2,0
SOX17,ELAVL2,0
ESRRB,ITGA6,0
RHOX6,ZBTB24,0
ETV3,COL4A2,0
MYCN,BCL3,0
ZFP42,HIST1H1A,0
ESRRB,SP8,0
EOMES,NFATC2IP,0
SMAD7,EIF4A2,0
MYC,DNMT3A,0
KLF4,ELF2,0
SMAD4,RNF157,0
SALL4,HIST1H2BK,0
NANOG,EPAS1,0
MSC,HMGA2,0
OTX2,SAP30,0
MYBL2,MAML3,0
SALL4,IMPDH1,0
NR5A2,MT1,0
RHOX6,HOXD13,0
NR0B1,UHRF1,0
MYC,ASH1L,0
TCEA3,TNS4,0
MYBL2,NRG1,0
TCF7L2,CEBPZ,0
TCEA3,PAX1,0
ETV3,LEFTY1,0
MYC,ZSWIM4,0
SOX2,SMARCD1,0
MSC,UBQLN2,0
ETV3,ZFP281,0
GATA3,CCNB1,0
ZFP281,MEF2A,0
NANOG,MKX,0
SOX2,ASXL1,0
SMAD4,DIDO1,0
FOXJ2,SNAI1,0
PRDM14,MORC4,0
SUZ12,VILL,0
GATA3,CDC42SE2,0
PRDM14,SHROOM3,0
AES,SERPINE2,0
NR0B1,NFE2L2,0
ZFP281,PROX1,0
KLF4,PMM1,0
ETV3,SOAT1,0
NR5A2,ZSCAN10,0
TCEA3,TAF6L,0
SMAD4,HSBP1,0
MYCN,RANBP17,0
TCF7L2,NR0B1,0
TCEA3,JUN,0
POU5F1,NFIA,0
SMAD4,NR1D2,0
AES,LRRK1,0
SMAD4,SALL4,0
ESRRB,BMPER,0
CBX8,GLI1,0
AES,NFIC,0
OTX2,CREB5,0
JARID2,PRSS35,0
POU5F1,SNAPC3,0
ZFP281,ME1,0
GATA3,CTH,0
MYBL2,RNF19A,0
JARID2,RUNX3,0
SALL4,ILF2,0
MEF2C,HIVEP2,0
FOXJ2,ZBTB7A,0
RHOX6,DDAH2,0
ETV3,IKBKB,0
SUZ12,HMGXB4,0
ZFP42,KLF6,0
MYCN,CNOT6,0
TCEA3,RASGRP2,0
MSC,ZFP276,0
SMAD7,CD63,0
TBX3,MSX2,0
MYC,GTF2I,0
NR5A2,RIAN,0
NR0B1,PIAS2,0
GATA3,TULP3,0
RHOX6,HMGA2,0
MYCN,HIST1H4K,0
NRIP1,SATB2,0
NANOG,BCAT1,0
AES,ZFP281,0
PRDM14,NUPR1,0
MYCN,BMP4,0
SMAD7,PHF12,0
OTX2,ZIC3,0
MYBL2,TAX1BP3,0
TCF7L2,SFPQ,0
TBX3,HIST1H3H,0
SUZ12,UHRF1,0
MYC,SLC25A4,0
MSC,ATF3,0
PRDM14,LTBP4,0
MSC,PLTP,0
NR0B1,ESRRA,0
MYCN,MSC,0
KLF4,HDGF,0
MYC,TNFAIP3,0
MYCN,ZBTB24,0
NR5A2,GLS,0
OTX2,CUX2,0
SMAD4,SIRT1,0
OTX2,MED21,0
MYBL2,GLIS2,0
ZFP42,POLR1C,0
FOXJ2,IRF1,0
EOMES,ELF4,0
PRDM14,BRCA2,0
KLF4,NR1D1,0
FOXJ2,MKX,0
SOX17,LDB1,0
SUZ12,HDGF,0
SUZ12,TRP53,0
NRIP1,ANKRD49,0
ESRRB,RUNX3,0
ZFAND3,SPOCK1,0
ESRRB,MAGED1,0
CBX8,GJA1,0
SOX17,STARD10,0
MYBL2,CDC5L,0
TCF7L2,RBBP4,0
ESRRB,TOP2B,0
ETV3,KLF10,0
ZFP42,SAT1,0
SOX17,TCL1,0
EOMES,D230025D16RIK,0
ZFP281,RFXAP,0
TBX3,RARA,0
RHOX6,MYO7A,0
NR0B1,MYD88,0
MSC,MLXIPL,0
RHOX6,RIAN,0
NRIP1,DUSP9,0
EOMES,ESPL1,0
EOMES,HSPG2,0
NR5A2,RB1,0
EOMES,KLF13,0
NR5A2,CNOT6,0
ESRRB,ZMYND11,0
MSC,COBL,0
ZFP42,TMSB4X,0
TBX3,RAB3IL1,0
EOMES,ILK,0
NR5A2,GTF2I,0
SOX2,MYBBP1A,0
NR0B1,ING3,0
ZFP42,MEG3,0
SUZ12,CHD5,0
FOXJ2,GLI2,0
ZFP42,CDC5L,0
TBX3,TEAD1,0
MSC,CBX4,0
TCEA3,ARID3B,0
ZFP42,ZFP36L1,0
SALL4,SLCO3A1,0
AES,BRCA1,0
ZFP42,AKR1B8,0
NRIP1,MGST3,0
MYC,TET2,0
TCF7L2,DKC1,0
NR0B1,ZEB2,0
FOXJ2,LAMA5,0
MYCN,ZFP36L1,0
TBX3,NFATC4,0
NR0B1,SPEN,0
RHOX6,ODC1,0
TCEA3,DMRT1,0
MSC,PHLDB2,0
RHOX6,SALL1,0
NRIP1,TGIF1,0
SOX17,GRB10,0
NR5A2,ABHD5,0
TCF7L2,NR2F6,0
TBX3,ELF3,0
FOXJ2,PTH1R,0
ESRRB,COL27A1,0
ZFP42,POLR2A,0
PRDM14,FOXJ3,0
OTX2,JUN,0
MYC,LGMN,0
FOXJ2,POLR2A,0
NRIP1,TULP3,0
MYBL2,ZMYND11,0
TCEA3,MBD2,0
CBX8,TAF9,0
MSC,TSPAN9,0
KLF4,ELL2,0
KLF4,PLA2G1B,0
TCF7L2,ATP6V0A1,0
MYBL2,PLA2G1B,0
SALL4,NFATC3,0
SALL4,TCF7L2,0
AES,PATZ1,0
MYCN,PARVB,0
NANOG,SPEN,0
OTX2,SNAPC3,0
NR0B1,CREB3,0
TCEA3,NOTCH2,0
EOMES,NDRG4,0
NRIP1,MLXIPL,0
OTX2,ULK1,0
ZFP42,DEK,0
OTX2,ZFPM1,0
MYC,STAT4,0
RHOX6,LY6G6E,0
MYCN,EPHA2,0
AES,RBBP4,0
CBX8,ZFP423,0
ETV3,DNAJC10,0
TCF7L2,SPEN,0
ESRRB,TMED2,0
OTX2,SMARCAD1,0
MYC,EPHA2,0
NR0B1,MAPK8,0
ETV3,AQP8,0
ESRRB,ZFP91,0
SUZ12,ATF5,0
NR5A2,TRP53,0
ETV3,BEND5,0
MYCN,MYO6,0
JARID2,LRPAP1,0
MYC,TCOF1,0
NR5A2,ALPL,0
SALL4,MOV10,0
NRIP1,KLF13,0
OTX2,TUBB6,0
JARID2,SRF,0
KLF4,EDEM1,0
MYC,PAX1,0
NRIP1,RCC2,0
ETV3,RFX5,0
GATA3,SREBF1,0
FOXJ2,DPP4,0
SUZ12,ZC3H7A,0
SMAD7,HIST1H2AK,0
SUZ12,ZFP219,0
NR5A2,MBD2,0
SOX17,NAA15,0
SMAD4,HOXD13,0
OTX2,ZC3H7A,0
ZFP281,SOX15,0
SOX17,MOV10,0
ZFAND3,PER1,0
ESRRB,MAPK13,0
MYBL2,RBBP7,0
ZFP42,CRABP2,0
AES,STAT5B,0
PRDM14,RAD54B,0
MEF2C,TRP53,0
KLF4,HMGXB4,0
TCEA3,IL33,0
OTX2,DNMT1,0
TCF7L2,GSR,0
JARID2,ARID1A,0
NR0B1,AKR1B8,0
SALL4,FOXO3,0
ESRRB,RB1,0
MYBL2,PCOLCE,0
SOX17,APOE,0
EOMES,DDAH2,0
MYBL2,TCEA3,0
MSC,RUVBL1,0
TCEA3,ZBTB20,0
NANOG,LGMN,0
SALL4,AMOT,0
ZFAND3,CNOT6,0
MSC,SKIL,0
TCF7L2,ZFP42,0
AES,RARG,0
MSC,DPPA2,0
ZFAND3,SEMA4C,0
MEF2C,SPARC,0
ZFAND3,TOX3,0
NR5A2,GRHL1,0
TBX3,NFKB2,0
SOX17,FGF10,0
SALL4,RARG,0
RHOX6,PAX1,0
MSC,RNF2,0
AES,LEFTY2,0
SALL4,RRBP1,0
FOXJ2,SLC7A6,0
KLF4,NR3C1,0
NANOG,P4HA2,0
MYBL2,B2M,0
SMAD4,CITED1,0
TCF7L2,BASP1,0
ESRRB,PTH1R,0
CBX8,ETV6,0
TCEA3,ZFHX3,0
NRIP1,EBF4,0
ZFP281,ARID5B,0
SALL4,TUBB2B,0
RHOX6,JUND,0
FOXJ2,FOXP1,0
JARID2,RAB11A,0
AES,SLC7A6,0
MYC,NR2F6,0
MYBL2,DDAH2,0
SOX2,CHD5,0
MSC,KEAP1,0
FOXJ2,DNMT3A,0
MSC,MAML3,0
MYC,NFXL1,0
SMAD4,CREB3,0
MSC,BRCA2,0
SUZ12,POLR2A,0
SMAD7,MYC,0
NANOG,TPD52,0
TCEA3,CSRP2,0
MYCN,HSPH1,0
FOXJ2,ETV6,0
SALL4,TRP53BP1,0
ZFAND3,SURF4,0
MYCN,CDKN1A,0
MYC,ANXA2,0
SALL4,SPOCK1,0
ZFAND3,HIF3A,0
SMAD7,SMARCA2,0
NR5A2,NFATC2IP,0
PRDM14,DPPA4,0
NRIP1,RFXAP,0
OTX2,TAF6,0
ESRRB,POU5F1,0
ESRRB,LDLRAP1,0
TCEA3,KRT42,0
AES,SMAD2,0
TBX3,GTF3C1,0
ESRRB,SHKBP1,0
TBX3,DNMT1,0
MSC,RAB3IL1,0
TCF7L2,TAX1BP3,0
POU5F1,MEF2D,0
MYC,CBX8,0
SMAD7,ITGA6,0
CBX8,PIAS3,0
SMAD4,XRCC5,0
ESRRB,MEF2C,0
MEF2C,P4HA2,0
KLF4,HIST1H1A,0
GATA3,RUVBL1,0
PRDM14,NDRG4,0
ZFAND3,PKNOX2,0
AES,FN1,0
JARID2,SHKBP1,0
TCEA3,NFXL1,0
ZFAND3,ATP13A3,0
NANOG,HIST1H1B,0
EOMES,MCM3,0
TBX3,ODC1,0
ZFP42,KLF9,0
PRDM14,LRPAP1,0
FOXJ2,FOSL2,0
NR0B1,COMMD3,0
MEF2C,FXYD3,0
SMAD7,EED,0
EOMES,IKBKB,0
FOXJ2,TMED2,0
RHOX6,RHOX5,0
ZFAND3,FLRT3,0
ESRRB,SIX5,0
AES,SMARCAD1,0
GATA3,MYBBP1A,0
POU5F1,RNF6,0
TCF7L2,KLF6,0
SUZ12,GJA1,0
ZFAND3,ERP29,0
RHOX6,SSB,0
NANOG,STAT5B,0
SOX17,DPP4,0
ETV3,ZFP275,0
ETV3,XRCC5,0
KLF4,SMAD3,0
SUZ12,EP300,0
ZFP42,TMEM150A,0
KLF4,ECT2,0
MEF2C,TPD52,0
FOXJ2,APP,0
RHOX6,ASS1,0
SMAD7,TCF12,0
MYCN,ASH1L,0
TBX3,PHLDB2,0
TCEA3,MGST3,0
EOMES,HSBP1,0
MYCN,FXYD3,0
SALL4,RBPMS2,0
CBX8,RAB11A,0
SMAD7,ZFAND3,0
SUZ12,MLXIPL,0
ZFP42,MCM6,0
SUZ12,FOXA2,0
ZFAND3,MAFK,0
ETV3,ARID5B,0
PRDM14,KRT42,0
NR0B1,ZFAND3,0
OTX2,ANXA5,0
JARID2,ANP32A,0
TCEA3,LAMB1,0
MEF2C,PDGFRA,0
NRIP1,TRP53,0
MYBL2,TUBA4A,0
TBX3,TRIM25,0
ZFP281,CRIP2,0
EOMES,RNF157,0
SOX17,SLC6A8,0
JARID2,HEXIM1,0
ZFP42,CREB3L2,0
TBX3,POLR1B,0
TCEA3,ATF7,0
AES,HDAC7,0
SMAD4,SPARC,0
TCEA3,GRB10,0
SMAD4,TCL1,0
TCEA3,BEND5,0
NR5A2,LRPAP1,0
NR5A2,NR2F2,0
FOXJ2,TAX1BP3,0
MYCN,ING3,0
MEF2C,HMGXB4,0
TBX3,TMEM144,0
CBX8,ALPL,0
TCEA3,SLC5A11,0
NRIP1,NDRG4,0
SOX17,SNAI1,0
AES,SLCO3A1,0
SUZ12,BTBD11,0
TCEA3,DCXR,0
ETV3,PAX8,0
OTX2,MATR3,0
SOX2,MEF2A,0
JARID2,GRHL1,0
SALL4,HNF4A,0
MSC,KLF8,0
MYCN,NFE2L2,0
MSC,NFE2L1,0
MYCN,DNAJC10,0
OTX2,PAX1,0
SOX17,SRM,0
ZFP281,EIF4A2,0
ZFP281,ZEB1,0
SALL4,LMO4,0
FOXJ2,STARD8,0
CBX8,HIST1H2BB,0
MYC,L3MBTL2,0
GATA3,HSPG2,0
MYC,EDA2R,0
GATA3,FOXO3,0
TCF7L2,FOXD3,0
SOX17,NEDD4,0
MEF2C,THBD,0
AES,OVOL1,0
NR5A2,KDELR3,0
MYC,ZBTB7A,0
OTX2,HNF4A,0
ETV3,LTBP4,0
AES,ATP13A3,0
NR5A2,ANXA2,0
TCF7L2,MSX2,0
GATA3,RAB11A,0
MYBL2,RHOX6,0
MSC,PTPN14,0
SUZ12,CD63,0
MSC,ESRRA,0
TCEA3,MEF2A,0
SUZ12,ASXL1,0
TCF7L2,TRIM13,0
MSC,CRAMP1L,0
SOX2,RERE,0
ZFP42,ETV4,0
ZFP42,CEBPZ,0
ETV3,CDC5L,0
NRIP1,PITX1,0
NANOG,NFKBIA,0
SUZ12,LAMC1,0
FOXJ2,DPPA2,0
ESRRB,NRIP1,0
TCF7L2,SIX5,0
TCEA3,CALU,0
ZFP42,MKX,0
ZFAND3,RCC2,0
NRIP1,ADAMTS9,0
SALL4,MCM3,0
SUZ12,DDX54,0
MYCN,GAS6,0
RHOX6,BACH2,0
TCEA3,TCL1,0
TCF7L2,ATF5,0
ESRRB,EIF4A2,0
MSC,PLAG1,0
SALL4,E2F2,0
SALL4,SRI,0
MSC,TRIM25,0
ZFP42,JAM2,0
RHOX6,AU018091,0
ESRRB,BMP6,0
KLF4,TFAP4,0
SALL4,EPHA2,0
MYCN,AY036118,0
NR5A2,SPRY2,0
NRIP1,ZMYND11,0
SOX2,AU018091,0
CBX8,ZBTB10,0
SMAD7,NME2,0
SOX17,BEX1,0
FOXJ2,ASS1,0
FOXJ2,HES6,0
MYCN,CCNB1,0
RHOX6,SLC6A6,0
PRDM14,AKR1B8,0
CBX8,HNF1B,0
CBX8,NOTCH4,0
MSC,TRP53BP1,0
SMAD4,DNMT1,0
TCF7L2,NDRG1,0
AES,ARNT2,0
ZFP281,GABPA,0
SMAD4,PARP1,0
JARID2,LY6G6E,0
ESRRB,TAF1,0
ZFP42,UTF1,0
MSC,SALL1,0
MYBL2,POU4F2,0
MSC,VEGFA,0
MYC,SMARCAD1,0
NR5A2,CBX4,0
ETV3,AY036118,0
SUZ12,PLA2G1B,0
ZFP42,MT1,0
MEF2C,NXF7,0
MEF2C,MED21,0
AES,GJA1,0
AES,ILF2,0
MYBL2,PATZ1,0
NRIP1,PDPN,0
MYBL2,DTX1,0
SUZ12,SAT1,0
FOXJ2,MED21,0
SMAD4,MTF2,0
ESRRB,APOE,0
ZFP281,SALL1,0
SMAD7,FRRS1,0
RHOX6,PDPN,0
RHOX6,EP300,0
SALL4,EED,0
MEF2C,SOS2,0
JARID2,DNMT1,0
TCF7L2,INSIG1,0
MYC,ZFP281,0
ZFP42,ECT2,0
ZFP281,EIF4A-PS4,0
KLF4,MT1,0
NANOG,MCM7,0
RHOX6,SIRT1,0
ZFP42,BNIP3,0
JARID2,UBQLN2,0
NR5A2,AY036118,0
NRIP1,MTA3,0
ZFP42,HMGXB3,0
MSC,HNF1B,0
TBX3,CTSZ,0
FOXJ2,SMURF1,0
SUZ12,JDP2,0
JARID2,ZBTB24,0
MEF2C,EIF4A2,0
NRIP1,EPHA2,0
NR0B1,ZHX3,0
SOX17,NFE2L1,0
JARID2,GLUL,0
GATA3,RFXAP,0
ZFP42,CITED1,0
JARID2,RNF14,0
FOXJ2,EPAS1,0
ESRRB,UHRF1,0
NR5A2,BRWD1,0
MYBL2,SORD,0
MYBL2,GRHL1,0
NR5A2,SIRT1,0
ZFAND3,NSD1,0
SUZ12,PRDM14,0
FOXJ2,DDX54,0
AES,ANXA2,0
MYC,RBPJ,0
CBX8,PARVB,0
SOX17,KAT2B,0
EOMES,TPM4,0
SOX2,NPAS2,0
JARID2,PDK1,0
EOMES,ZSCAN10,0
TCF7L2,NR2C1,0
MEF2C,PODXL,0
MYC,TAX1BP3,0
FOXJ2,NKRF,0
MYBL2,ELL3,0
NR0B1,PBXIP1,0
NR0B1,GNPDA1,0
ESRRB,SIRT3,0
MYBL2,FRRS1,0
ETV3,RNF2,0
EOMES,TCF20,0
TCF7L2,GM13597,0
OTX2,TRIB3,0
RHOX6,SNORD87,0
TCEA3,JARID2,0
SMAD7,SOX4,0
MYC,SERTAD2,0
TCEA3,P4HB,0
NRIP1,HTRA1,0
NR0B1,ARNTL,0
CBX8,SMURF1,0
NRIP1,ABHD5,0
SMAD4,ZFP296,0
RHOX6,TGFB1I1,0
NRIP1,TFRC,0
SMAD7,LDHB,0
FOXJ2,CITED1,0
EOMES,DDX20,0
AES,KHDRBS1,0
NRIP1,MAPK8,0
ZFP281,RNF14,0
AES,PAX6,0
MSC,SOX7,0
ZFP42,MYCN,0
ZFP42,PARVB,0
MYBL2,PTH1R,0
MSC,PLOD2,0
NANOG,HIST1H1A,0
ZFP281,ASNS,0
TBX3,BEND5,0
SMAD4,ARID5B,0
OTX2,SERPINH1,0
ESRRB,MATR3,0
NR5A2,TCF7L2,0
NR5A2,BCL3,0
SUZ12,ATF3,0
JARID2,ILF3,0
FOXJ2,SCMH1,0
PRDM14,DMRT1,0
NR5A2,COL27A1,0
ZFAND3,SERPINH1,0
TBX3,FBLIM1,0
JARID2,TSPAN9,0
CBX8,LAMC1,0
MSC,TRIB3,0
ESRRB,HSF2,0
MYC,POLR1C,0
TCEA3,GABBR1,0
AES,NDN,0
MYCN,PODXL,0
TCF7L2,PAX1,0
NANOG,SSB,0
CBX8,HIST1H2AI,0
MYBL2,NFE2L1,0
OTX2,PCBD1,0
NR0B1,YAF2,0
NR5A2,VEGFA,0
SOX17,RCC2,0
MYBL2,PARVB,0
FOXJ2,FGF3,0
FOXJ2,FRRS1,0
TBX3,POU5F1,0
FOXJ2,RBPJ,0
NR5A2,IFITM2,0
ZFP281,CUBN,0
SMAD7,SPOCK1,0
MYC,GLIS2,0
MYCN,GTF2A1L,0
FOXJ2,ALPL,0
ZFAND3,NANOG,0
NR0B1,MTA3,0
SUZ12,CST3,0
TCEA3,HNF1B,0
TCEA3,RFX5,0
AES,PODXL,0
ZFP281,TRIM28,0
NR0B1,ELF3,0
ETV3,VILL,0
ETV3,HMGA2,0
TBX3,ZFP277,0
AES,NID1,0
MEF2C,RARG,0
POU5F1,ERP29,0
PRDM14,OTX2,0
GATA3,IKBKB,0
JARID2,FDPS,0
MYCN,LDHB,0
SALL4,PRDM14,0
TCEA3,MAGED1,0
MYCN,ID2,0
TCEA3,NUPR1,0
RHOX6,2410141K09RIK,0
RHOX6,TUBB2B,0
SOX17,FOXP1,0
SUZ12,PRDM5,0
AES,DUSP9,0
ZFP42,CCND1,0
MYCN,ZBTB10,0
FOXJ2,IFITM2,0
MSC,FRRS1,0
MEF2C,NR1D1,0
AES,PIAS2,0
TCF7L2,TMSB4X,0
JARID2,CRAMP1L,0
JARID2,GRIN1,0
MYC,FN1,0
MYCN,RBPMS2,0
SALL4,CTSZ,0
OTX2,NFATC2IP,0
RHOX6,HSPA5,0
SALL4,ZBTB39,0
ESRRB,CST3,0
SOX17,CUBN,0
FOXJ2,SMARCAD1,0
MYCN,SOX4,0
FOXJ2,ETV4,0
TCEA3,RERE,0
TCEA3,TSHZ3,0
ESRRB,ATF3,0
TBX3,EFEMP2,0
FOXJ2,PRDM5,0
TBX3,FOXA2,0
ESRRB,IKBKB,0
TCF7L2,REST,0
FOXJ2,AATF,0
OTX2,NFE2L1,0
TCF7L2,MLXIPL,0
NR5A2,MORC4,0
MYCN,SSBP4,0
TCF7L2,STAT4,0
AES,CDC5L,0
NR0B1,GPX3,0
OTX2,HOXD13,0
FOXJ2,ZFP281,0
FOXJ2,TBX3,0
MEF2C,FOXO1,0
ZFP281,SNAI1,0
RHOX6,VEZF1,0
AES,SAP30,0
TBX3,FN1,0
SMAD7,WDR45,0
SALL4,ARNT2,0
OTX2,TUBB2B,0
ETV3,IFITM1,0
PRDM14,ALG13,0
NANOG,FHL2,0
NR0B1,HIST1H2BN,0
NR5A2,ARID3B,0
EOMES,MCM6,0
NR0B1,LRRK1,0
TBX3,LDHB,0
CBX8,LAPTM5,0
ETV3,RNF6,0
NR0B1,L1TD1,0
NR0B1,PRSS35,0
ZFAND3,PARVB,0
TCEA3,HMGXB3,0
NR0B1,SMARCD1,0
ZFP281,MSX2,0
MYBL2,TDGF1,0
KLF4,GM13597,0
EOMES,ADAMTS9,0
TCF7L2,MXD4,0
ESRRB,SNAI1,0
ZFAND3,NFIL3,0
SMAD7,HEXIM1,0
RHOX6,KAT2B,0
PRDM14,TPD52,0
SOX17,SHROOM3,0
SMAD7,BAZ1A,0
MSC,ELL2,0
NR5A2,FBLIM1,0
NANOG,SMARCA2,0
ESRRB,SMARCA2,0
NANOG,NDN,0
SMAD4,MSX2,0
NANOG,ELL2,0
FOXJ2,APOE,0
TCF7L2,KIT,0
TBX3,AATF,0
ESRRB,RAD54B,0
FOXJ2,FDPS,0
SMAD4,NCOA3,0
OTX2,PLOD1,0
ETV3,APP,0
ZFP281,KLF8,0
KLF4,PLAT,0
SALL4,NFXL1,0
NR5A2,RHOX6,0
MYBL2,KLF2,0
TBX3,SLC5A11,0
MEF2C,CLDN6,0
OTX2,STARD8,0
MEF2C,AY036118,0
NRIP1,KDELR2,0
CBX8,HMGXB3,0
TCF7L2,FOXH1,0
ZFP281,LTBP4,0
CBX8,CSF1,0
SOX2,ZFP219,0
RHOX6,MCM5,0
AES,PA2G4,0
ZFAND3,BMPER,0
AES,NFE2L2,0
AES,ETV5,0
SMAD4,TCOF1,0
ZFP281,CAR2,0
ZFP281,ZBTB10,0
SUZ12,IRF2,0
RHOX6,IMPDH1,0
SOX2,MED21,0
AES,SMARCD1,0
JARID2,PCBP2,0
RHOX6,ARHGAP29,0
MEF2C,MKX,0
SALL4,NR1H2,0
MYCN,FBLIM1,0
ESRRB,MEIS3,0
AES,CST3,0
TCEA3,MT1,0
MYC,ASS1,0
SUZ12,TFRC,0
MSC,HOPX,0
ETV3,MDM2,0
CBX8,MYO7A,0
ZFP281,MCM4,0
SMAD4,HIST1H1A,0
SMAD4,MAPK13,0
SOX2,BARX1,0
RHOX6,ITGA6,0
SOX2,ZBTB38,0
ESRRB,XBP1,0
PRDM14,CNOT6L,0
TCF7L2,MAML1,0
NR0B1,FRMD4A,0
ZFAND3,HNF1B,0
ZFAND3,NFATC1,0
TCEA3,CBX4,0
ETV3,SSB,0
KLF4,UHRF1,0
ZFAND3,PATZ1,0
NRIP1,CBX8,0
ZFAND3,MEF2A,0
TCEA3,SAT1,0
PRDM14,POLR1B,0
NANOG,EMX2,0
OTX2,TCOF1,0
TBX3,ZEB2,0
ESRRB,CALU,0
POU5F1,SLC25A4,0
MYBL2,TIMP2,0
NANOG,SNHG12,0
ETV3,RBBP7,0
TBX3,HIST1H4K,0
ZFP281,FOXA2,0
NRIP1,ILF2,0
SMAD4,TCF7,0
AES,CITED2,0
NR5A2,ANKRD6,0
AES,SMAD3,0
ZFP42,ZSWIM4,0
MYC,MAGED1,0
NRIP1,ZBTB43,0
RHOX6,ELK4,0
ZFAND3,ZFP281,0
MEF2C,SERPINE2,0
TCEA3,NR1D2,0
NANOG,FGF10,0
MYBL2,HIST1H2BB,0
TCEA3,DNAJC10,0
MYCN,SDC4,0
ZFP281,SFPQ,0
SOX17,KHDRBS1,0
AES,SIX5,0
TCEA3,MCM5,0
POU5F1,TNS4,0
AES,RFX5,0
RHOX6,BTBD11,0
TCF7L2,ELAVL2,0
PRDM14,NDN,0
OTX2,TPD52,0
AES,NCOA6,0
MSC,EIF4A2,0
NRIP1,SUZ12,0
MEF2C,FBLIM1,0
KLF4,BRCA1,0
ZFP281,NOTUM,0
JARID2,LHX2,0
FOXJ2,SUZ12,0
TBX3,EOMES,0
SOX2,KLF13,0
SOX17,PBXIP1,0
PRDM14,SEC24D,0
OTX2,HIST1H2AC,0
TBX3,EZH2,0
NRIP1,NR2C1,0
CBX8,MRAS,0
SOX17,ZFP281,0
SMAD7,SHKBP1,0
OTX2,FOXO3,0
AES,BTBD11,0
RHOX6,RAB3IL1,0
SOX17,MEF2C,0
MYBL2,LRP2,0
TCF7L2,MEIS3,0
NRIP1,DDIT3,0
NANOG,FOXO1,0
FOXJ2,PAX6,0
MYC,SOX17,0
MYCN,TBL1X,0
ETV3,CLCN5,0
MYC,SAP30,0
SOX17,ASH1L,0
ESRRB,EBF4,0
OTX2,CRAMP1L,0
CBX8,KLF4,0
POU5F1,EHMT2,0
CBX8,MOV10,0
MYCN,DPPA4,0
ZFAND3,ZFP42,0
MSC,SURF4,0
AES,SIRT1,0
NR0B1,POLR2A,0
RHOX6,ZFHX3,0
SMAD7,CLDN6,0
CBX8,SEC24D,0
ETV3,PDPN,0
SUZ12,COTL1,0
ZFAND3,HDAC7,0
ZFP42,MAPK8,0
ETV3,ATP13A3,0
PRDM14,PDCD4,0
TBX3,LAMA1,0
NR5A2,LMO4,0
NANOG,ATF4,0
FOXJ2,ATF7,0
NR5A2,RARA,0
PRDM14,LRRK1,0
SALL4,NCOA6,0
TCF7L2,SRGN,0
SMAD4,EIF4A2,0
SMAD4,NFATC1,0
JARID2,SOX7,0
ZFP281,FOSL2,0
ESRRB,TADA3,0
MSC,ISYNA1,0
TCF7L2,IMPDH1,0
SALL4,ADAMTS9,0
NANOG,HIST1H2BK,0
MEF2C,ERF,0
TBX3,FRRS1,0
MEF2C,BARX1,0
ETV3,CDC20,0
SMAD4,SMARCC2,0
CBX8,ZIC3,0
NR0B1,LAPTM5,0
MYC,CCNB1,0
KLF4,DDX20,0
MSC,KANK2,0
KLF4,PAWR,0
MYC,SFI1,0
RHOX6,SMARCAD1,0
PRDM14,KEAP1,0
ZFP42,TSHZ3,0
MEF2C,DKC1,0
FOXJ2,MTA3,0
SMAD4,DDIT3,0
RHOX6,DTX1,0
MEF2C,P4HA1,0
ESRRB,TIMP3,0
FOXJ2,FABP3,0
PRDM14,HIST1H1B,0
SMAD4,CHCHD10,0
ZFP281,HDAC7,0
MYC,CBX7,0
FOXJ2,TMEM150A,0
MSC,EDEM1,0
ZFP42,RAD51,0
MSC,NOTCH2,0
JARID2,COL27A1,0
FOXJ2,APBB1,0
NANOG,ZFYVE21,0
TBX3,RBPJ,0
RHOX6,CMKLR1,0
ZFP42,L1TD1,0
RHOX6,FOXJ3,0
TBX3,BTAF1,0
ETV3,ZC3H7A,0
NR5A2,TUBB6,0
SMAD7,ZFP275,0
MYCN,AKT1,0
CBX8,CD63,0
POU5F1,SUZ12,0
SMAD4,RFX5,0
NR0B1,CALU,0
ZFP42,FGFR3,0
GATA3,NEDD4,0
ZFP42,XRCC6,0
MEF2C,PTPN14,0
ZFP42,MCM5,0
ZFP42,USF1,0
TBX3,COL27A1,0
SMAD7,PHLDA3,0
AES,RELA,0
NANOG,NCOA6,0
SOX17,RUVBL1,0
ESRRB,TCF7,0
NRIP1,TSHZ3,0
NANOG,AU018091,0
SALL4,NPAS2,0
SALL4,RYBP,0
MSC,DDB2,0
SALL4,RCN3,0
SALL4,ELL3,0
MYC,L1TD1,0
ETV3,BEX1,0
JARID2,ELF2,0
ETV3,NRG1,0
SUZ12,ELAVL2,0
PRDM14,ZBTB43,0
SOX17,ZFP276,0
MEF2C,ARNT2,0
MYCN,ECT2,0
KLF4,TDGF1,0
JARID2,MEF2D,0
ZFAND3,SFI1,0
POU5F1,IMPDH1,0
SMAD7,NPAS2,0
AES,BCL3,0
TBX3,REST,0
ETV3,RNF19A,0
MEF2C,COL4A1,0
GATA3,ATF7,0
KLF4,UBE2C,0
SALL4,SMARCA2,0
ZFAND3,ATF5,0
CBX8,VIM,0
TBX3,TCF20,0
SUZ12,SOCS2,0
MYBL2,MME,0
SOX2,NOTCH1,0
SOX17,MEF2D,0
PRDM14,HNF1B,0
TCEA3,PIAS2,0
ETV3,MTA3,0
TCF7L2,UBTF,0
SMAD7,SLC6A8,0
ZFAND3,MAML1,0
SMAD4,HNRNPAB,0
ZFP42,LAMB1,0
PRDM14,TXNIP,0
NR0B1,TBL1X,0
TCEA3,GBX2,0
MSC,MYH9,0
NR0B1,MCM2,0
ETV3,ZFHX3,0
TCEA3,ILF3,0
ZFAND3,ISYNA1,0
TCEA3,POLR3B,0
MYCN,NXF7,0
MSC,LMO4,0
ZFAND3,EDEM1,0
MEF2C,TEAD4,0
ZFP42,ATF6,0
ESRRB,TCF20,0
FOXJ2,DAB2,0
AES,LAMA5,0
ZFAND3,CTSZ,0
NR0B1,SUB1,0
NR5A2,2810025M15RIK,0
NR0B1,TDH,0
NR0B1,FABP3,0
NR5A2,DTX1,0
ZFAND3,INSIG1,0
AES,IFITM1,0
KLF4,NRG1,0
SMAD4,PRDM5,0
NANOG,SMARCAD1,0
AES,TNS4,0
SOX2,HSPH1,0
RHOX6,TRPS1,0
NR0B1,XRCC5,0
MYBL2,LDHB,0
EOMES,TOP2A,0
GATA3,KLF13,0
RHOX6,MCM4,0
ZFP281,RBL1,0
TCEA3,HOXD13,0
SUZ12,PLTP,0
ETV3,NFIL3,0
SALL4,TADA3,0
KLF4,BTAF1,0
NR5A2,BRCA2,0
NANOG,DNMT3A,0
NANOG,PCBP2,0
ESRRB,PBXIP1,0
AES,DTX1,0
SALL4,ILK,0
SOX17,RELA,0
MEF2C,EED,0
TBX3,SAP30,0
ZFAND3,COTL1,0
ZFAND3,DDIT3,0
AES,ZC3H7A,0
ESRRB,SSBP4,0
TBX3,HOPX,0
ZFP42,TXNDC5,0
RHOX6,SIX5,0
NANOG,MT1,0
NANOG,ID4,0
RHOX6,CCNB1,0
KLF4,GABBR1,0
JARID2,DDX54,0
MYCN,BTG1,0
CBX8,BEX1,0
SMAD4,POU2F1,0
OTX2,SMARCD1,0
NRIP1,SIN3B,0
MYC,FOXA2,0
MSC,SEC24D,0
SALL4,XRCC6,0
MYC,HNF1B,0
MEF2C,POU2F1,0
SOX17,USF1,0
TCEA3,NR1H2,0
SOX2,EDA2R,0
SALL4,TGFB1,0
ETV3,SOS2,0
TCF7L2,HSPB1,0
TCF7L2,NKRF,0
TCEA3,CITED2,0
ZFP42,ERP29,0
SOX17,RBPMS2,0
ETV3,SMURF1,0
RHOX6,BARX1,0
SMAD4,MORC4,0
ZFP281,SERPINE2,0
SMAD4,SIX5,0
OTX2,DEK,0
NR5A2,FOXO1,0
SOX17,TAF6,0
PRDM14,KDM3A,0
ZFP281,NSD1,0
ZFAND3,SAP30,0
TCF7L2,ZFP423,0
SMAD4,SLC7A6,0
MYCN,ELL3,0
ZFAND3,NME2,0
MEF2C,HIST1H4K,0
NR5A2,LDHB,0
AES,RAD54B,0
SALL4,ANKRD6,0
TBX3,ZFP275,0
MEF2C,VIM,0
NRIP1,CLCN5,0
SUZ12,SSB,0
SUZ12,TRH,0
FOXJ2,NFKB2,0
ZFP281,SIRT3,0
TBX3,SLC25A4,0
PRDM14,FXYD6,0
NR5A2,EP300,0
SMAD4,MYD88,0
SALL4,HIST1H2AK,0
NR5A2,CTSZ,0
NANOG,CKB,0
TCEA3,COL4A1,0
RHOX6,CTNNBIP1,0
SMAD4,CTBP1,0
ESRRB,MCM6,0
SMAD7,SLCO3A1,0
RHOX6,TAF1,0
NR0B1,TRP53,0
NR0B1,SERPINE2,0
NANOG,SIX1,0
AES,ILK,0
ESRRB,ILF2,0
SOX17,ELF2,0
OTX2,IRF6,0
ZFAND3,LGMN,0
SALL4,AMOTL2,0
RHOX6,FRRS1,0
CBX8,GTF2I,0
FOXJ2,CBX8,0
MEF2C,TOP2B,0
ETV3,SPARC,0
OTX2,GABPA,0
CBX8,SALL4,0
ZFP281,P4HB,0
ZFP281,DKK1,0
TBX3,ARNT2,0
MYBL2,USF1,0
SUZ12,MATR3,0
MYBL2,HIST1H2BK,0
ESRRB,HNF4A,0
MEF2C,GNRH1,0
ZFP281,SURF4,0
SOX17,PHC1,0
MEF2C,EMX2,0
NRIP1,SMAD2,0
ZFP42,MYD88,0
KLF4,IFITM2,0
TCEA3,MTF2,0
ZFP42,NFIL3,0
TCEA3,EPHA4,0
POU5F1,EYA1,0
NANOG,SIX5,0
ESRRB,EIF4A-PS4,0
EOMES,ELL3,0
ZFAND3,XRCC6,0
ZFP42,CHST15,0
ESRRB,BCL3,0
POU5F1,NOTCH2,0
SMAD4,HMGXB3,0
FOXJ2,NCOA3,0
TBX3,SFI1,0
SALL4,ARL6IP5,0
ZFP42,MCM7,0
NRIP1,NFKBIA,0
ETV3,NDRG4,0
TCF7L2,SMARCA2,0
ETV3,SGK1,0
ZFP281,TRP53BP1,0
SMAD7,CHD7,0
POU5F1,SOAT1,0
MEF2C,GAS6,0
NANOG,RAB11A,0
SMAD7,CBX8,0
SMAD7,TEAD1,0
KLF4,TXNDC12,0
SOX2,TAF6,0
MEF2C,APOE,0
AES,POLR2A,0
SMAD7,ZFP91,0
FOXJ2,CCNB1,0
ETV3,TGIF1,0
GATA3,MOV10,0
SOX17,KLF8,0
PRDM14,MT1,0
MYC,FDPS,0
KLF4,RNF14,0
ESRRB,ING3,0
SOX17,DKK1,0
TCF7L2,HIST1H4K,0
KLF4,TWIST1,0
CBX8,POLR2A,0
SUZ12,ZHX3,0
CBX8,HEXIM1,0
MYCN,NDRG4,0
SALL4,SMARCAD1,0
NANOG,PITX1,0
TBX3,HSP90B1,0
RHOX6,POLR3B,0
ZFAND3,LAPTM5,0
ZFAND3,RAD54B,0
AES,NXF7,0
MYC,RUVBL1,0
ETV3,CALD1,0
SMAD7,MYLPF,0
MYC,NFE2L2,0
NANOG,CRAMP1L,0
SALL4,BNIP3,0
MEF2C,ZBTB43,0
TBX3,SIRT3,0
EOMES,ZBTB43,0
POU5F1,UHRF1,0
MYBL2,SIX1,0
MYC,MCM7,0
FOXJ2,PLOD1,0
GATA3,AU018091,0
NRIP1,SLC25A4,0
OTX2,JARID2,0
RHOX6,SPRY2,0
MYC,RBMXL2,0
KLF4,ILK,0
TCEA3,SLC9A6,0
ZFAND3,MAPK8,0
SMAD4,HMGXB4,0
RHOX6,USF1,0
TBX3,ISYNA1,0
SOX2,FOXJ3,0
TCEA3,CDC42SE2,0
ZFP42,NR1H2,0
AES,FGF3,0
RHOX6,ECT2,0
ETV3,GJB3,0
TCEA3,MME,0
NR5A2,MAGED1,0
SMAD7,RUNX1,0
NR0B1,SATB1,0
ESRRB,SKIL,0
MYCN,TGFB1,0
ZFP42,LEFTY1,0
AES,GDPD5,0
MYBL2,CREB3L2,0
RHOX6,GNAS,0
ZFAND3,NFATC2IP,0
RHOX6,GRIN1,0
MYCN,TEAD1,0
OTX2,KLF13,0
MYCN,EDA2R,0
ESRRB,MCM5,0
MYC,TAF1,0
FOXJ2,PATZ1,0
SUZ12,TXNDC5,0
TCEA3,ZFP219,0
MYC,MYLPF,0
MSC,CRIP2,0
ZFAND3,KLF13,0
OTX2,NFIL3,0
TCF7L2,MAPK8,0
TCF7L2,TRIB3,0
NR0B1,ANP32A,0
MYCN,CDC42SE2,0
OTX2,CDKN1A,0
SMAD7,NOTCH2,0
EOMES,SERPINH1,0
SOX2,CST3,0
MSC,SIX1,0
ZFP281,PDGFRA,0
ZFAND3,IL33,0
SUZ12,GRIN1,0
RHOX6,GAS6,0
SALL4,ZFYVE21,0
GATA3,TFAP4,0
SOX17,BAZ1A,0
NR0B1,SORD,0
ETV3,NR2F2,0
SALL4,NR1D1,0
MYC,ESRRB,0
TCF7L2,TUBA4A,0
AES,PDGFRA,0
CBX8,MME,0
MYC,NCOA6,0
SOX2,MLXIP,0
ESRRB,CIC,0
SALL4,KAT2B,0
EOMES,TET1,0
ESRRB,MAPK11,0
MYCN,F3,0
SUZ12,UCHL1,0
PRDM14,DDX20,0
MYC,DPPA2,0
POU5F1,ZBTB32,0
MSC,DEK,0
SUZ12,ZEB2,0
SOX2,NAA15,0
JARID2,SERPINH1,0
MYC,DEK,0
SOX17,SOX15,0
GATA3,GABPA,0
MSC,ILK,0
RHOX6,ZSWIM4,0
RHOX6,YAF2,0
FOXJ2,CBX7,0
NANOG,NEDD4,0
PRDM14,CHD7,0
MYC,TAF6L,0
SUZ12,SLC25A4,0
NR0B1,CTSL,0
OTX2,EDA2R,0
MYCN,MAPK13,0
SMAD7,PLOD1,0
MYCN,L3MBTL2,0
MYC,SMARCD1,0
RHOX6,WDR45,0
ZFAND3,ILF2,0
RHOX6,FLRT3,0
KLF4,CSF1,0
MYBL2,MLXIPL,0
SALL4,TNS4,0
MYBL2,ILK,0
ESRRB,EPHA2,0
SOX2,FOSL2,0
AES,LHX2,0
SOX2,RBPJ,0
ZFP281,2810025M15RIK,0
ZFP42,NR2F2,0
MYBL2,SLC7A3,0
GATA3,RYBP,0
SOX2,ING3,0
NANOG,FABP3,0
AES,RBMXL2,0
ZFP42,RRBP1,0
SUZ12,RRM2,0
CBX8,TUBB6,0
CBX8,PARP1,0
ZFP281,FDPS,0
NR0B1,TRH,0
TCF7L2,SERPINH1,0
SOX17,SERPINH1,0
TBX3,HIST1H2AF,0
PRDM14,APP,0
ESRRB,GAS6,0
NR5A2,PRDM1,0
POU5F1,PAWR,0
MYCN,ESRRA,0
OTX2,TTF2,0
TCF7L2,CIC,0
SALL4,NFATC1,0
OTX2,BRCA1,0
MSC,CALR,0
OTX2,GLDC,0
NRIP1,TBX18,0
NR0B1,SMARCC2,0
ESRRB,ARNTL,0
AES,ANKRD6,0
TCF7L2,PLOD2,0
SMAD4,BRWD1,0
ZFP281,TXNIP,0
SOX17,FGF3,0
NR5A2,COTL1,0
AES,ZBTB20,0
EOMES,TXNDC12,0
ZFP281,STAT5B,0
NR0B1,CRAMP1L,0
ZFAND3,ELF2,0
OTX2,RUVBL1,0
SALL4,TEAD3,0
AES,NUP210,0
MYCN,TCF12,0
SALL4,CBX8,0
PRDM14,TAX1BP3,0
RHOX6,PHF20,0
SMAD4,KRT8,0
NR0B1,HEY2,0
MEF2C,NFKB2,0
SOX17,PATZ1,0
SMAD7,MORC4,0
TBX3,HTRA1,0
SMAD4,NDN,0
MSC,SHKBP1,0
AES,MGST3,0
ZFP42,ZFYVE21,0
NANOG,NR1D2,0
ETV3,HSBP1,0
ESRRB,FXYD3,0
EOMES,HDAC4,0
NR5A2,PIAS2,0
ZFAND3,HMGXB3,0
CBX8,OBSL1,0
ETV3,ZFAND3,0
ESRRB,MCM2,0
SALL4,KEAP1,0
ZFP42,SERPINH1,0
MSC,APBB1,0
NR0B1,SIRT3,0
ZFP281,RAD54B,0
NR0B1,HDGF,0
MYCN,RFX5,0
MEF2C,CALU,0
FOXJ2,DMRT1,0
NANOG,MSC,0
MEF2C,POU5F1,0
TCEA3,SATB2,0
MEF2C,NFE2L1,0
NRIP1,TAF9,0
MYC,REST,0
PRDM14,TRP53BP1,0
CBX8,CRIP2,0
ETV3,SLC7A6,0
ETV3,CNOT6L,0
SUZ12,RANBP17,0
MYBL2,HMGXB4,0
NRIP1,SDC4,0
TCF7L2,PKNOX2,0
TCEA3,MKX,0
RHOX6,PIAS3,0
NRIP1,MEF2D,0
NRIP1,GLUL,0
MYCN,CLCN5,0
OTX2,LAMA5,0
GATA3,ILK,0
PRDM14,NRIP1,0
SMAD7,NFATC3,0
CBX8,MYBBP1A,0
SMAD4,LAMC1,0
FOXJ2,SLC7A3,0
FOXJ2,KLF15,0
RHOX6,PLOD2,0
NR0B1,NKRF,0
RHOX6,MCM2,0
SMAD4,CTSL,0
MSC,AIRE,0
SALL4,MYH9,0
MYCN,SLC6A6,0
TBX3,ZDHHC15,0
NR0B1,MAGED1,0
ESRRB,MYCN,0
SUZ12,ZFP276,0
SMAD7,STAT5A,0
ZFP281,GM13597,0
PRDM14,GM13597,0
AES,FOXO3,0
NANOG,STAT5A,0
MYC,ITGA6,0
PRDM14,EFEMP2,0
ESRRB,SMAD7,0
SUZ12,L3MBTL2,0
NR5A2,SORD,0
OTX2,IFITM3,0
SMAD4,IRF6,0
ZFP281,F3,0
SUZ12,NFE2L1,0
TBX3,ME1,0
MYC,PDCD4,0
MSC,HSP90B1,0
MSC,HMGXB3,0
NR5A2,NANOG,0
ZFP42,POLR3B,0
AES,TPM4,0
TCEA3,POU4F1,0
PRDM14,RFXAP,0
SMAD7,RANBP17,0
NRIP1,CCNG1,0
MYBL2,ID3,0
ZFAND3,DDX54,0
FOXJ2,COTL1,0
MYBL2,NOTCH2,0
MEF2C,RRBP1,0
MYBL2,CHD7,0
OTX2,NRIP1,0
RHOX6,ATF5,0
GATA3,TRP53,0
TBX3,GM13597,0
ZFAND3,RARA,0
EOMES,KANK2,0
SOX17,NFATC4,0
SOX17,KDM5B,0
NRIP1,HSPA5,0
ETV3,HIST1H3H,0
GATA3,2810025M15RIK,0
MYCN,TAF6L,0
SMAD7,NR1D1,0
TCF7L2,EPHA4,0
SOX17,ZC3H7A,0
MSC,DIDO1,0
NR0B1,MEIS1,0
GATA3,GRIN1,0
MYCN,NFIB,0
POU5F1,KDM5B,0
SMAD4,EHMT2,0
SMAD4,NFIB,0
SOX2,TNS4,0
ZFP42,MED12,0
PRDM14,TRPS1,0
MEF2C,HNF4A,0
SOX17,SLC9A6,0
SALL4,TXNDC5,0
OTX2,MCM3,0
SOX17,TNS4,0
TBX3,ATF3,0
PRDM14,NFATC2IP,0
CBX8,BCAT1,0
ETV3,CBX4,0
ZFP281,LRPAP1,0
KLF4,PURA,0
NRIP1,TLE1,0
NR5A2,AIRE,0
NR0B1,PRDM5,0
MYCN,ZFAND3,0
TCF7L2,ZFP57,0
MYCN,SRM,0
NR0B1,ARL6IP5,0
PRDM14,NANOG,0
SUZ12,NKRF,0
SUZ12,BEX1,0
TCF7L2,NFATC1,0
MYBL2,GPX3,0
ETV3,MYBL2,0
TCF7L2,MEIS1,0
NR0B1,CBX7,0
MYC,KNTC1,0
ETV3,ABTB1,0
JARID2,LDHB,0
NR5A2,CDC20,0
PRDM14,RRBP1,0
ZFAND3,FHL2,0
PRDM14,KLF15,0
SOX17,ZSCAN10,0
ESRRB,GM13597,0
FOXJ2,KANK2,0
MYCN,KRT42,0
NANOG,2810025M15RIK,0
ESRRB,MCM4,0
MYCN,RBPJ,0
GATA3,TXNDC5,0
EOMES,ABHD5,0
MEF2C,CALR,0
NRIP1,LAMB1,0
MYBL2,RFXAP,0
RHOX6,PRDM1,0
MYBL2,SRF,0
AES,CD63,0
ESRRB,ARNT2,0
SOX17,CST3,0
NR5A2,TPD52,0
MSC,PAX1,0
TCF7L2,AKR1B8,0
SUZ12,TMED2,0
POU5F1,AU018091,0
SOX17,PA2G4,0
MYCN,GBX2,0
RHOX6,ETV1,0
ETV3,FGF3,0
ZFP281,ILF2,0
MSC,MT1,0
ZFP281,ESRRA,0
MYBL2,CHST15,0
MYC,ARID3B,0
RHOX6,SRF,0
SMAD7,PRDM5,0
AES,LAMB1,0
TCEA3,RBBP7,0
SOX2,HDAC7,0
ZFAND3,SNHG12,0
MEF2C,KRT42,0
AES,XRCC6,0
MYBL2,BIN1,0
TBX3,ZIC3,0
RHOX6,PMM1,0
MEF2C,DDX58,0
PRDM14,SRGN,0
PRDM14,2810025M15RIK,0
SOX2,GTF2I,0
MEF2C,ADAMTS9,0
SALL4,POU2F1,0
MEF2C,DEK,0
TCEA3,RAPGEF3,0
MSC,ZFP91,0
MEF2C,ID4,0
SMAD4,NUPR1,0
PRDM14,SPEN,0
CBX8,VILL,0
AES,BRCA2,0
TCEA3,MLXIP,0
CBX8,AATF,0
SUZ12,SLC6A8,0
MYC,SPRY4,0
MSC,ARID5B,0
PRDM14,STARD8,0
ZFAND3,LRPAP1,0
SMAD4,CST3,0
NR0B1,MCM6,0
SUZ12,TCOF1,0
TCF7L2,APOBEC3,0
EOMES,UBTF,0
GATA3,ZBTB20,0
MYBL2,EDEM1,0
TCF7L2,RFX5,0
ESRRB,CCNB1,0
SMAD4,RNF14,0
SMAD4,GRHL1,0
ZFP42,FXYD3,0
RHOX6,CLCN5,0
SUZ12,REST,0
MEF2C,NFATC3,0
AES,CALD1,0
NR0B1,POLR1C,0
MEF2C,PFKP,0
MYBL2,ZFYVE21,0
OTX2,ATF4,0
AES,ZFP42,0
AES,CHD5,0
RHOX6,HES6,0
CBX8,PDCD4,0
FOXJ2,MEF2C,0
MYC,UCHL1,0
ESRRB,SUB1,0
NANOG,MLLT1,0
ZFP42,RBBP4,0
SOX2,P4HA2,0
ETV3,ADAM19,0
JARID2,VEGFA,0
JARID2,GDPD5,0
CBX8,PER1,0
ESRRB,CHST15,0
MYCN,SLC9A6,0
ZFP281,HSPH1,0
ESRRB,NCOA3,0
NR0B1,ETS1,0
EOMES,ZFP277,0
SOX2,ZFP768,0
EOMES,ANXA5,0
NANOG,FOXH1,0
SALL4,GLIS2,0
MSC,BNIP3,0
ZFP42,ESPL1,0
EOMES,POU4F2,0
MYC,BCAT1,0
MYCN,HMGA2,0
FOXJ2,FGF4,0
SOX2,GSR,0
SALL4,BASP1,0
ZFP281,IRF1,0
OTX2,SPEN,0
NR0B1,RNF2,0
POU5F1,NFE2L1,0
MYC,CLCN5,0
TBX3,KLF10,0
EOMES,RFX2,0
ETV3,CKB,0
ZFP42,HIST1H2AC,0
MEF2C,TXNDC5,0
MYCN,PDGFRA,0
SMAD4,MAFK,0
GATA3,EOMES,0
SMAD4,APOBEC3,0
ZFP281,TMEM144,0
SOX2,ODC1,0
NR5A2,HEXIM1,0
AES,MYD88,0
OTX2,PHLDB2,0
MEF2C,ARID1A,0
JARID2,PHLDB2,0
RHOX6,TAF6L,0
ZFP281,KDM5B,0
SUZ12,CRAMP1L,0
TCEA3,TDGF1,0
TCEA3,GLIS2,0
PRDM14,ZFP276,0
EOMES,RAB11A,0
SMAD7,SOX2,0
JARID2,CITED2,0
MSC,GM13597,0
TBX3,PARP1,0
POU5F1,BRWD1,0
GATA3,EMX2,0
SMAD4,SOCS2,0
JARID2,FOXP1,0
NRIP1,H1F0,0
AES,JAM2,0
MYBL2,SATB2,0
SOX2,ATP6V0A1,0
MYC,PAX6,0
ETV3,PLOD1,0
SUZ12,ERF,0
MYC,LY6G6E,0
SALL4,MYO6,0
ETV3,MKX,0
NRIP1,PAX6,0
MYBL2,GNAS,0
TCEA3,TMEM144,0
MYCN,TET2,0
EOMES,BRCA1,0
NR5A2,PATZ1,0
ZFAND3,ZFP296,0
ETV3,PATZ1,0
MYC,HIST1H2BK,0
MYC,ITPK1,0
POU5F1,BMPER,0
SMAD4,HIP1,0
ZFP281,KRT8,0
MYC,MLXIP,0
ZFAND3,EZH2,0
FOXJ2,MYBL2,0
MSC,PROX1,0
POU5F1,ESPL1,0
POU5F1,NFATC2IP,0
OTX2,UBE2C,0
JARID2,CALU,0
GATA3,BRWD1,0
JARID2,RFX5,0
ZFP281,CBX8,0
ZFP42,KEAP1,0
ZFAND3,AES,0
MYCN,FXYD6,0
MYC,SPRY2,0
PRDM14,ELAVL2,0
PRDM14,SLC6A8,0
NR5A2,MEF2D,0
ESRRB,FOSL2,0
MYCN,GLIPR2,0
JARID2,NR1D1,0
NRIP1,ELL2,0
ZFP42,MYBBP1A,0
KLF4,NFATC1,0
RHOX6,OTX2,0
POU5F1,GABBR1,0
TCF7L2,MCM6,0
MYBL2,KHDRBS1,0
MSC,ARNT2,0
SUZ12,TRIP11,0
SMAD4,AKT1,0
EOMES,ECT2,0
ESRRB,BNIP3,0
NANOG,GLS,0
TCF7L2,MAFK,0
MSC,NR2F2,0
SMAD4,BRCA2,0
MYC,RASGRP2,0
PRDM14,HIST1H2AI,0
ESRRB,NFE2L1,0
JARID2,NID1,0
MYCN,ATF6,0
GATA3,ZFP57,0
ESRRB,NR1D2,0
CBX8,ATF3,0
SOX2,SSB,0
NRIP1,SMARCAD1,0
MYC,PFKP,0
RHOX6,FGF3,0
TCF7L2,NSD1,0
TCF7L2,ZFP768,0
TCF7L2,ZFP281,0
SMAD7,2410141K09RIK,0
ETV3,TUBB6,0
AES,CTBP1,0
SMAD4,ZYX,0
TCF7L2,CD63,0
MYCN,CHD5,0
AES,DNMT3A,0
NRIP1,ESRRA,0
TCEA3,CREB3,0
MYCN,SREBF1,0
PRDM14,RCN3,0
ZFAND3,ZMYND11,0
FOXJ2,ZFP36L1,0
NRIP1,ZFP36L1,0
NR0B1,RFX5,0
KLF4,FOXO3,0
SMAD7,PRSS35,0
SUZ12,NXF7,0
NR5A2,NOTCH1,0
JARID2,COTL1,0
MYCN,PLA2G1B,0
RHOX6,APBB1,0
NANOG,PHF14,0
SALL4,SNHG12,0
MEF2C,STAT5B,0
MYBL2,GABBR1,0
TBX3,SIX1,0
SMAD7,TSHZ3,0
NR0B1,SALL4,0
ZFP42,APOBEC3,0
SMAD7,CDKN1A,0
CBX8,DR1,0
SMAD4,TDGF1,0
TCEA3,IMPDH1,0
ZFP42,TCF20,0
MYCN,RNF157,0
AES,BASP1,0
EOMES,ARL6IP5,0
FOXJ2,PAX8,0
NRIP1,NR1D2,0
TCF7L2,ZMYND11,0
ESRRB,SFPQ,0
SOX2,SMARCC2,0
MYC,HSF2,0
NR5A2,RAB11A,0
FOXJ2,SPOCK1,0
SMAD4,CTSD,0
MYBL2,DPPA4,0
MEF2C,ATF7,0
OTX2,EPHA2,0
MYCN,TEAD4,0
NR0B1,MED21,0
NRIP1,UBQLN2,0
ZFP42,TCF7L2,0
NR5A2,HIST1H2AK,0
ZFAND3,ZFP398,0
ZFP42,SOCS2,0
ZFAND3,HIST1H2BB,0
GATA3,HEXIM1,0
PRDM14,ILF2,0
MSC,ANP32A,0
TCF7L2,ADAM23,0
TCF7L2,MYO7A,0
ZFP42,MLXIP,0
ETV3,USF1,0
ETV3,RUNX1,0
JARID2,ARNTL,0
SMAD7,HIST1H2AI,0
SMAD7,RBPJ,0
MYBL2,BEX1,0
ZFP281,RNF19A,0
SUZ12,ADAM19,0
KLF4,NKRF,0
FOXJ2,NFIL3,0
CBX8,OVOL1,0
MYBL2,HDAC11,0
SALL4,MATR3,0
JARID2,SMARCAD1,0
SOX2,YAF2,0
PRDM14,RHOX5,0
SMAD7,NXF7,0
OTX2,RERE,0
GATA3,TAF6,0
SOX2,GRHL1,0
KLF4,ZSCAN10,0
ZFP42,DMRT1,0
CBX8,SSB,0
NR0B1,PARP1,0
EOMES,APP,0
ZFP42,MXD4,0
ZFP281,ELK4,0
MSC,RHOX5,0
FOXJ2,SURF4,0
SUZ12,STAT4,0
ZFP42,BMI1,0
FOXJ2,YAF2,0
RHOX6,TET2,0
MYBL2,POU4F1,0
SALL4,COL4A2,0
MYBL2,POLR3F,0
CBX8,SIX5,0
PRDM14,MCM5,0
RHOX6,TADA3,0
ETV3,HIST1H4K,0
ZFAND3,FST,0
FOXJ2,TCF7L2,0
TCEA3,TBX3,0
SMAD7,TAF5,0
ZFAND3,CTBP1,0
TCEA3,HKDC1,0
TBX3,SSB,0
SALL4,FOXO1,0
ESRRB,DKC1,0
SOX17,ATF3,0
TCEA3,TFRC,0
RHOX6,GLIPR2,0
ETV3,OPLAH,0
NANOG,ELF2,0
ZFAND3,YAF2,0
NANOG,APBB1,0
NR5A2,EGR1,0
SOX2,RNF2,0
MYC,PIAS2,0
RHOX6,NOTUM,0
SALL4,PHF20,0
JARID2,PARP1,0
FOXJ2,RBBP4,0
ETV3,LRP2,0
TCEA3,ESPL1,0
SOX17,XBP1,0
ZFAND3,RAD51,0
FOXJ2,NANOG,0
TCEA3,FOXJ2,0
MYCN,PA2G4,0
ZFP42,GRIN1,0
TBX3,2200002D01RIK,0
AES,CRIP2,0
NR5A2,CD63,0
MYC,PGA5,0
RHOX6,NFATC3,0
TBX3,NR0B1,0
POU5F1,TMED2,0
SMAD4,CALD1,0
AES,SLC25A4,0
RHOX6,MED21,0
NR5A2,MEG3,0
EOMES,RUVBL1,0
ZFAND3,RBMXL2,0
TBX3,ITGA6,0
SALL4,SMAD3,0
NR0B1,CCNG1,0
ZFP281,COL27A1,0
SOX17,SALL1,0
ZFAND3,GATA3,0
ESRRB,ERP29,0
POU5F1,CDC42SE2,0
NANOG,ZSCAN10,0
SMAD7,PURA,0
MEF2C,SKIL,0
SUZ12,MCM3,0
EOMES,CTSL,0
POU5F1,NSD1,0
SALL4,NFKB2,0
PRDM14,EED,0
SMAD4,IRF2,0
KLF4,COL27A1,0
ZFAND3,PDGFRA,0
ZFP281,SNAPC3,0
ZFP42,COL4A2,0
ESRRB,HOPX,0
AES,CRAMP1L,0
MYC,UBTF,0
TCEA3,CDC20,0
ZFAND3,SLC6A6,0
FOXJ2,JAM2,0
NANOG,FAM129B,0
SALL4,SPRY4,0
MYC,HIST1H2BN,0
NR0B1,RARG,0
MYC,EFEMP2,0
JARID2,EPAS1,0
NRIP1,TAF1,0
MYCN,ZFP275,0
ZFP42,HES6,0
RHOX6,NOTCH4,0
MSC,TCF7,0
ETV3,ASXL1,0
JARID2,PLAG1,0
ZFAND3,TET2,0
AES,MRAS,0
CBX8,RNF157,0
NR5A2,WWTR1,0
OTX2,TIMP2,0
NR5A2,TIMP3,0
MSC,SMURF1,0
SOX2,FXR2,0
ZFAND3,MYO7A,0
ZFP42,RBMXL2,0
SMAD4,OPLAH,0
NR0B1,ETV5,0
PRDM14,HMGXB4,0
MYBL2,ARNTL,0
PRDM14,HIST1H2AK,0
MYBL2,GLI1,0
TBX3,ZBTB32,0
NR5A2,HDAC11,0
NANOG,ETS1,0
JARID2,DDIT3,0
MEF2C,ETV6,0
SUZ12,ZFP277,0
SMAD4,NR2F2,0
NR5A2,ZFAND3,0
TBX3,GLS,0
CBX8,TRIM28,0
JARID2,JUND,0
MYC,INSIG1,0
MYBL2,TFRC,0
NR5A2,PODXL,0
TCF7L2,MCM5,0
TCEA3,ASH1L,0
OTX2,PLOD2,0
CBX8,ZBTB39,0
SUZ12,CAR2,0
MYCN,USF1,0
FOXJ2,AY036118,0
TCEA3,SNAPC3,0
AES,KLF2,0
CBX8,CNOT6,0
MYBL2,TMEM144,0
SMAD7,CTBP1,0
MSC,SOX4,0
RHOX6,RUVBL1,0
MEF2C,CEBPZ,0
CBX8,MSH6,0
MYC,SOX4,0
JARID2,BTG2,0
SMAD7,ZIC3,0
ZFP42,BASP1,0
SMAD4,JUN,0
SOX17,HIST1H2BB,0
SALL4,ASXL1,0
EOMES,KIT,0
NRIP1,CTSZ,0
MYC,GM13597,0
NR0B1,WDR45,0
NR0B1,CST3,0
CBX8,TAF6,0
ZFP42,RFX2,0
SMAD7,ADAMTS9,0
ZFP42,RAPGEF3,0
SOX17,ELK4,0
NRIP1,TMSB4X,0
MSC,CHD5,0
JARID2,TET2,0
MYC,FHL2,0
OTX2,SPP1,0
TCEA3,CST3,0
TBX3,IRF2,0
TCEA3,CCND1,0
MYBL2,AKT1,0
GATA3,HES6,0
MYCN,IRF1,0
SMAD7,CEBPZ,0
GATA3,SLC6A6,0
MYBL2,CCND1,0
SUZ12,ZBTB32,0
SMAD4,PAWR,0
SOX17,TCF12,0
SOX2,BIN1,0
AES,TCF7,0
MSC,LAMB1,0
ESRRB,DCXR,0
TCEA3,HIST1H2AF,0
TCF7L2,RNF19A,0
TCF7L2,GDPD5,0
CBX8,PIAS2,0
FOXJ2,EDA2R,0
NANOG,CD63,0
MEF2C,KLF3,0
ZFP42,FOXJ3,0
MYC,VEGFA,0
AES,UNG,0
MYCN,CITED1,0
NRIP1,ZFP462,0
KLF4,SRM,0
CBX8,TINAGL1,0
EOMES,BACH2,0
SMAD7,CTNNBIP1,0
SUZ12,NFE2L2,0
ZFP281,NEDD4,0
MEF2C,AKT1,0
ZFP281,UBQLN2,0
SUZ12,FXYD6,0
FOXJ2,ARID5B,0
MYCN,BARX1,0
SOX2,NKRF,0
SOX17,TXNIP,0
SMAD7,ZFP277,0
NR5A2,MAML1,0
NR0B1,HIST1H2BB,0
SMAD7,ILF2,0
AES,MEG3,0
ZFP42,BTG2,0
TBX3,ERP29,0
KLF4,LOXL2,0
SUZ12,RNF157,0
NR0B1,TEAD4,0
ZFAND3,VEZF1,0
MYBL2,RCOR2,0
PRDM14,PLOD1,0
CBX8,PRDM1,0
ETV3,RLIM,0
ZFAND3,BCL3,0
CBX8,CTSL,0
MEF2C,VILL,0
SMAD4,HES6,0
MYBL2,SMURF1,0
MYBL2,RRBP1,0
ZFAND3,GLIS2,0
NR0B1,KLF6,0
NR5A2,ARID1A,0
SUZ12,CLCN5,0
NR0B1,DIDO1,0
SMAD7,SALL1,0
SUZ12,UBQLN2,0
RHOX6,CNOT6,0
ESRRB,TCOF1,0
RHOX6,NDN,0
ZFP281,KLF6,0
NR5A2,RELA,0
MYBL2,POLR1C,0
ZFP281,HIF1A,0
TCEA3,POLR1A,0
MYC,HIP1,0
ZFAND3,ID3,0
TCF7L2,MDM2,0
SMAD4,GDPD5,0
SMAD7,RASGRP2,0
ZFP281,YAF2,0
SMAD4,TAF5,0
JARID2,DIDO1,0
OTX2,UCHL1,0
SOX17,KRT8,0
ZFP42,SATB2,0
ESRRB,HIST1H1A,0
NR0B1,TCEA3,0
ESRRB,PHC1,0
PRDM14,SIN3B,0
KLF4,MGST3,0
SALL4,BRWD1,0
ZFP42,TMED2,0
SALL4,ZFP275,0
NR0B1,PIAS3,0
PRDM14,KLF10,0
OTX2,RAB3IL1,0
NR5A2,LEFTY1,0
ESRRB,EBF1,0
MSC,POLR1B,0
NRIP1,NAA15,0
ZFP281,CKB,0
NRIP1,ERP29,0
NR5A2,GNRH1,0
MYBL2,RRM2,0
RHOX6,BAZ1A,0
TCF7L2,IKBKB,0
SUZ12,PKNOX2,0
ZFAND3,AMOT,0
ETV3,P4HB,0
NR0B1,ZBTB24,0
MYBL2,CSRP2,0
SALL4,AATF,0
AES,SNAI1,0
SOX17,CSF1,0
POU5F1,PER1,0
RHOX6,RRM2,0
MYCN,KDELR2,0
RHOX6,NDRG4,0
SOX17,MCM7,0
NR5A2,SCMH1,0
TCF7L2,HDAC7,0
SMAD4,KDM3A,0
NRIP1,GATA4,0
RHOX6,MYH9,0
PRDM14,HTRA1,0
ZFP281,COMMD3,0
ESRRB,SLCO3A1,0
ZFP42,ZBTB43,0
SUZ12,HSP90B1,0
NR5A2,ZEB2,0
MYBL2,HDAC7,0
EOMES,PHF14,0
MYC,CNOT6L,0
ETV3,BRD7,0
OTX2,ZFYVE21,0
MSC,CHST15,0
SMAD7,MEG3,0
SMAD4,SKIL,0
ZFP42,IRF1,0
SUZ12,TOP2A,0
CBX8,GNAS,0
PRDM14,PHF20,0
POU5F1,CALU,0
TCEA3,TGFB1,0
MYCN,NAA15,0
MSC,MYD88,0
NANOG,RRM2,0
NANOG,MEF2D,0
ZFP281,MAML1,0
SALL4,FGFR3,0
SUZ12,NRIP1,0
MEF2C,MOV10,0
SALL4,TET2,0
PRDM14,TIMP2,0
ZFP281,TIMP2,0
NR0B1,BMPER,0
NRIP1,ESPL1,0
ZFAND3,TXNIP,0
MSC,MAML1,0
ZFP42,NOTUM,0
TCEA3,MEG3,0
SMAD7,NDN,0
NR5A2,AATF,0
CBX8,FHL2,0
PRDM14,RNF14,0
OTX2,FDPS,0
MYBL2,ZFP398,0
SALL4,INSIG1,0
MYBL2,SUZ12,0
MEF2C,SLC26A10,0
OTX2,IFI30,0
NR0B1,PA2G4,0
TCF7L2,ZFP398,0
ZFP281,OBSL1,0
SMAD7,MYBL2,0
GATA3,MEF2C,0
ETV3,EDA2R,0
MYBL2,TCF12,0
TCF7L2,SPP1,0
GATA3,SOS2,0
MYBL2,EIF4A-PS4,0
TCEA3,STARD8,0
PRDM14,SREBF1,0
OTX2,XRCC6,0
SMAD4,SLCO3A1,0
SOX17,ESRRA,0
NANOG,MCM5,0
RHOX6,GBX2,0
MEF2C,SLC6A6,0
CBX8,ABTB1,0
ETV3,HOPX,0
AES,ZIC3,0
AES,2410141K09RIK,0
MYC,SFPQ,0
TCEA3,FGF10,0
MYCN,D230025D16RIK,0
RHOX6,RFXAP,0
MEF2C,NFATC1,0
ZFP281,ID4,0
ESRRB,RNF19A,0
SUZ12,DDX58,0
POU5F1,NR2F2,0
GATA3,GJA1,0
MYC,PHF12,0
AES,NDRG4,0
ETV3,MATR3,0
EOMES,NFIB,0
TCF7L2,TAF5,0
ZFP281,SLC5A11,0
SMAD4,FOXO1,0
MYC,ZFP219,0
SMAD7,EPHA4,0
MYBL2,NME2,0
NRIP1,ATF3,0
AES,TBX3,0
MYC,SATB2,0
PRDM14,E2F6,0
NR5A2,RNF2,0
TBX3,DR1,0
ZFP281,HKDC1,0
ETV3,NRIP1,0
MYC,RAB3IL1,0
NRIP1,OBSL1,0
MEF2C,TMSB4X,0
MYCN,P4HA1,0
SOX17,NR2F2,0
SALL4,CTSL,0
SALL4,NR2F6,0
SOX17,ID3,0
TCEA3,TRP53BP1,0
CBX8,COL27A1,0
TBX3,SSBP4,0
CBX8,ZMYND11,0
ZFAND3,PTH1R,0
SOX2,ZFP276,0
RHOX6,MGST3,0
ZFP42,HDGF,0
ESRRB,CCND1,0
ETV3,EHMT2,0
ETV3,GNRH1,0
SUZ12,SFI1,0
MEF2C,SOX17,0
NANOG,TWIST1,0
NR0B1,SIN3B,0
ZFAND3,COL4A2,0
RHOX6,PARP1,0
MYCN,KANK3,0
NANOG,ZEB2,0
MEF2C,ZBTB10,0
TBX3,CSRP2,0
ZFAND3,SLC7A3,0
TBX3,ZBTB43,0
MYCN,TRP53BP1,0
TCEA3,CRIP2,0
FOXJ2,FOXD3,0
RHOX6,POU4F2,0
FOXJ2,H1F0,0
RHOX6,CBX4,0
TCF7L2,CUBN,0
ESRRB,SIN3B,0
JARID2,SNHG12,0
MSC,FOXO3,0
MYBL2,ZEB2,0
MYBL2,ALG13,0
SMAD4,TRP53BP1,0
SOX17,PHLDB2,0
JARID2,SOX17,0
TCEA3,SPRY4,0
GATA3,TLE1,0
MYC,RBBP7,0
MSC,HIVEP2,0
SMAD4,HIST1H2AI,0
ESRRB,CBX7,0
CBX8,MCM6,0
NR5A2,SALL1,0
ZFP42,TBX3,0
MYC,CST3,0
MYCN,CHD7,0
RHOX6,MDM2,0
MYCN,NFKB2,0
OTX2,SREBF1,0
SOX2,PLAG1,0
FOXJ2,HSF2BP,0
TBX3,L1TD1,0
SMAD7,SPARC,0
EOMES,EZH2,0
NANOG,HES6,0
PRDM14,TRIB3,0
ESRRB,HEY2,0
ESRRB,DNMT1,0
RHOX6,CAR2,0
NR0B1,OBSL1,0
PRDM14,HIST1H2AC,0
RHOX6,APP,0
AES,EBF4,0
SUZ12,ATF4,0
NANOG,SMAD7,0
CBX8,H1F0,0
ETV3,ETV4,0
ZFP281,TTF2,0
RHOX6,HMGXB3,0
TBX3,GDPD5,0
MYBL2,MAML1,0
SOX2,SDC4,0
MYCN,KLF3,0
ESRRB,SRI,0
TCF7L2,HMGA2,0
TCF7L2,ECT2,0
MYCN,HIST1H1D,0
TCEA3,HSF2,0
OTX2,KDELR2,0
ZFAND3,TAGLN2,0
TCEA3,SCMH1,0
TBX3,RNF19A,0
SALL4,GJA1,0
SMAD7,OTX2,0
OTX2,EPHA4,0
NR5A2,GAS6,0
NR5A2,ITGA6,0
AES,PRRX2,0
ZFP281,PLAG1,0
PRDM14,MLXIP,0
ZFAND3,NFE2L1,0
JARID2,LRRK1,0
NR5A2,RFX2,0
SOX2,POLR3F,0
NANOG,GNRH1,0
NRIP1,SRF,0
MYC,CHST15,0
SOX17,NACC1,0
SMAD4,ATP6V0A1,0
NANOG,TXNDC5,0
ZFP281,SLC6A6,0
FOXJ2,TET1,0
ZFP42,CLDN6,0
ZFP42,TCF12,0
NR5A2,LAMA5,0
FOXJ2,UBQLN2,0
MYCN,DDX54,0
ESRRB,CITED1,0
KLF4,ZFP91,0
RHOX6,STAT5B,0
MYBL2,UCHL1,0
SOX17,TDGF1,0
SMAD4,ASS1,0
CBX8,NEDD4,0
TCEA3,PARP1,0
TBX3,AMOT,0
SUZ12,EGR1,0
SOX17,JUN,0
SOX2,TWIST1,0
TBX3,SIX5,0
FOXJ2,LGMN,0
MYCN,CBX7,0
EOMES,RBL1,0
JARID2,MBD2,0
SMAD7,FN1,0
ZFP281,SPOCK1,0
MSC,ZHX3,0
SOX17,PRRX2,0
NR0B1,NACC1,0
SUZ12,MBD2,0
SUZ12,RAD51,0
MYBL2,BAZ1A,0
CBX8,RCC2,0
AES,RCOR2,0
SMAD7,FGFR3,0
MYBL2,LTBP4,0
RHOX6,NR1H2,0
SMAD4,DDB2,0
NRIP1,SNURF,0
ZFAND3,HIST1H2AI,0
SMAD4,LGMN,0
SOX2,ZBTB39,0
NRIP1,ZFP219,0
NANOG,CREB5,0
FOXJ2,CTH,0
POU5F1,EP300,0
TBX3,SAT1,0
MYBL2,SMARCC2,0
TCF7L2,MCM4,0
ZFAND3,EDA2R,0
TCF7L2,SLC9A6,0
NR5A2,MCM4,0
SOX2,CBX7,0
GATA3,PCBP2,0
SALL4,PAWR,0
SUZ12,POLR1A,0
SMAD4,NOTUM,0
TBX3,TRP53BP1,0
AES,CRABP2,0
FOXJ2,ZEB1,0
EOMES,RBBP4,0
MYCN,DDB2,0
NR0B1,POU6F1,0
PRDM14,MSX2,0
POU5F1,SEC24D,0
FOXJ2,CAR2,0
ETV3,TRIM25,0
SALL4,ZFP42,0
RHOX6,ASNS,0
NRIP1,EHMT2,0
NR0B1,ZMYND11,0
TCF7L2,PHF12,0
AES,POLR3F,0
AES,CCND1,0
ZFP281,TUBB6,0
ZFP42,CTBP2,0
OTX2,ZBTB3,0
SOX2,ARID1A,0
NRIP1,SLC7A6,0
OTX2,BMPER,0
SOX2,ELF4,0
CBX8,STAT5B,0
ETV3,HSP90B1,0
NRIP1,EIF4A2,0
AES,SMARCA2,0
SOX17,MRAS,0
ESRRB,DR1,0
FOXJ2,EP300,0
ZFP42,VIM,0
MYCN,AKR1B8,0
ETV3,ASH1L,0
SMAD7,GNRH1,0
ETV3,EMP2,0
AES,RNF157,0
CBX8,TET2,0
NANOG,GABBR1,0
MYCN,PDCD4,0
MYCN,NID1,0
TCEA3,RUVBL1,0
NR0B1,LGMN,0
SOX17,MYBBP1A,0
OTX2,MCM2,0
SMAD4,ZEB1,0
MEF2C,POLR3F,0
NRIP1,POLR1B,0
TBX3,CRABP2,0
ETV3,HES6,0
SUZ12,TIMP3,0
AES,ANP32A,0
RHOX6,ARID3B,0
SOX17,SLC5A11,0
TBX3,SRGN,0
JARID2,CHST15,0
RHOX6,EBF4,0
OTX2,BIN1,0
ETV3,TAF9,0
MYC,RANBP17,0
SMAD4,ME1,0
ZFAND3,TNFAIP3,0
NR5A2,PCBD1,0
NANOG,EIF4A2,0
OTX2,UBQLN2,0
SALL4,RAPGEF3,0
CBX8,ILK,0
NR0B1,ID3,0
AES,INSIG1,0
TBX3,ESRRB,0
PRDM14,IFITM1,0
TBX3,MEF2C,0
TCEA3,RNF19A,0
EOMES,TGFB1I1,0
NR0B1,KNTC1,0
NR0B1,KANK3,0
ZFP42,MKRN1,0
SOX17,MYCN,0
JARID2,PODXL,0
SALL4,SOS2,0
KLF4,GPX3,0
NANOG,ECT2,0
TCEA3,JAM2,0
ESRRB,BRD7,0
ESRRB,CRIP2,0
SMAD4,ARNTL,0
OTX2,AKR1B8,0
NANOG,PLOD2,0
RHOX6,SLC26A10,0
ESRRB,TOX4,0
NR5A2,BTBD11,0
SOX17,BTG2,0
MYC,SREBF1,0
ZFP281,LAMB1,0
OTX2,CST3,0
EOMES,CNOT6,0
MYBL2,BMP4,0
EOMES,EP300,0
ZFP42,EMP2,0
POU5F1,ECT2,0
SOX2,TCF7L2,0
SMAD4,TTF2,0
MYBL2,GLUL,0
NR0B1,KRT8,0
MYBL2,PCBP2,0
ZFP281,GLUL,0
MYC,RBPMS2,0
JARID2,TEAD3,0
GATA3,UHRF1,0
EOMES,FGFR3,0
GATA3,KANK2,0
ZFP281,NFKBIA,0
MYCN,RAD51,0
POU5F1,GJA1,0
MEF2C,YAF2,0
SMAD4,CRAMP1L,0
SALL4,FRMD4A,0
NR5A2,RNF19A,0
KLF4,ZC3H7A,0
SOX17,TET2,0
SMAD7,CALCOCO2,0
POU5F1,CHD5,0
EOMES,SLC6A6,0
CBX8,PATZ1,0
ZFAND3,CDKN1A,0
SUZ12,TNFAIP3,0
NR5A2,SPRY4,0
JARID2,HSPH1,0
PRDM14,P4HA1,0
FOXJ2,SLC6A8,0
NR0B1,TPD52,0
NR5A2,MYD88,0
MYBL2,MYH9,0
ZFP42,SORD,0
AES,ID2,0
AES,GTF2A1L,0
TBX3,UNG,0
FOXJ2,LAMC1,0
NR0B1,LDHB,0
KLF4,SGK1,0
OTX2,PBXIP1,0
GATA3,RBL1,0
JARID2,STARD10,0
OTX2,IFITM1,0
SUZ12,FGF4,0
SOX17,SALL4,0
MYBL2,OTX2,0
SMAD7,SPP1,0
ZFAND3,JUND,0
JARID2,UBTF,0
SMAD4,CKB,0
NR0B1,SHROOM3,0
FOXJ2,ZBTB38,0
MYBL2,CBX7,0
SALL4,PTH1R,0
TCEA3,PLOD2,0
SALL4,HKDC1,0
NRIP1,NKRF,0
CBX8,SORD,0
MEF2C,TXNIP,0
EOMES,CDKN1A,0
TCEA3,IFI30,0
TCEA3,FHL2,0
ETV3,GLI2,0
ETV3,MEG3,0
SMAD7,PTPN14,0
TCEA3,DIDO1,0
PRDM14,RBMXL2,0
MSC,GJA1,0
SALL4,RRM2,0
MEF2C,SRGN,0
CBX8,MAPK8,0
TBX3,TBX18,0
ESRRB,KLF15,0
SMAD4,DAB2,0
EOMES,CAR2,0
AES,CSRP2,0
NANOG,SIRT1,0
ETV3,PLAT,0
PRDM14,MCM4,0
ETV3,RASGRP2,0
FOXJ2,CREB3,0
SOX2,GATA4,0
EOMES,RNF6,0
TCF7L2,MED12,0
ESRRB,POLR1B,0
NANOG,RFXAP,0
PRDM14,SMAD7,0
FOXJ2,HKDC1,0
TCF7L2,NXF7,0
PRDM14,ELF1,0
AES,NSD1,0
PRDM14,ELF4,0
PRDM14,TUBB2B,0
FOXJ2,GLIPR2,0
SOX17,CRABP2,0
SMAD4,FXYD6,0
CBX8,HDAC4,0
KLF4,HSPA5,0
SMAD4,BMPER,0
SUZ12,TDGF1,0
NANOG,FST,0
MYBL2,FOXJ3,0
MEF2C,BRCA2,0
ZFP281,CTSL,0
SMAD4,HIST1H2AC,0
ZFP281,NR4A1,0
OTX2,NR2F2,0
ZFAND3,MRAS,0
POU5F1,CHD7,0
SMAD7,CALU,0
ETV3,DDX58,0
MYC,HDAC11,0
PRDM14,CAR2,0
ETV3,DR1,0
ZFP281,SMARCC2,0
ESRRB,PHLDB2,0
MYC,HKDC1,0
FOXJ2,EOMES,0
PRDM14,TINAGL1,0
CBX8,SLC9A6,0
NRIP1,MYO7A,0
ZFAND3,GLS,0
AES,DIDO1,0
CBX8,SOX4,0
TCEA3,2810025M15RIK,0
PRDM14,VILL,0
MYBL2,KDELR3,0
TCEA3,RNF14,0
AES,2200002D01RIK,0
SUZ12,SMARCC2,0
NR5A2,AQP8,0
GATA3,TCOF1,0
PRDM14,TRIM28,0
MYC,GDPD5,0
TCEA3,CAR2,0
ETV3,MED21,0
