TF,Target,label
KLF6,JUN,1
JUN,KLF6,1
KLF6,ATF3,1
ATF3,KLF6,1
KLF6,BTG2,1
BTG2,KLF6,1
PA2G4,ACTR2,1
CDC5L,ACTR2,1
DAB2,ACTR2,1
BIN1,ACTR2,1
MAPK1,ACTR2,1
MCM7,PLK2,1
MCM7,MCM5,1
MCM5,MCM7,1
MCM7,BIRC5,1
MCM7,POLR2B,1
POLR2B,MCM7,1
MCM7,HAT1,1
MCM7,RPS27A,1
MCM7,RAD51,1
RAD51,MCM7,1
MCM7,PCNA,1
MCM7,SSRP1,1
SSRP1,MCM7,1
MCM7,MCM4,1
MCM4,MCM7,1
MCM7,UBC,1
MCM7,DNMT1,1
DNMT1,MCM7,1
MCM7,MCM3,1
MCM3,MCM7,1
MCM7,MCM6,1
MCM6,MCM7,1
PA2G4,GM2A,1
MAPK1,GM2A,1
AKT1,HK2,1
TRP53,HK2,1
PA2G4,RPL13,1
RNPS1,RPL13,1
CDC5L,RPL13,1
UPF1,RPL13,1
SMARCB1,ARID1B,1
ARID1B,SMARCB1,1
SMARCB1,CDC5L,1
CDC5L,SMARCB1,1
SMARCB1,ACTG1,1
SMARCB1,SMARCE1,1
SMARCE1,SMARCB1,1
SMARCB1,DPF2,1
DPF2,SMARCB1,1
SMARCB1,CBFB,1
CBFB,SMARCB1,1
SMARCB1,PBRM1,1
PBRM1,SMARCB1,1
SMARCB1,ACTB,1
SMARCB1,RUNX1,1
RUNX1,SMARCB1,1
SMARCB1,SMARCC2,1
SMARCC2,SMARCB1,1
SMARCB1,TRP53,1
TRP53,SMARCB1,1
SMARCB1,YEATS4,1
YEATS4,SMARCB1,1
SMARCB1,BANF1,1
SMARCB1,SMARCA4,1
SMARCA4,SMARCB1,1
SMARCB1,DNMT3A,1
DNMT3A,SMARCB1,1
SMARCB1,ARID1A,1
ARID1A,SMARCB1,1
TNF,CCL3,1
TLR4,CCL3,1
NFKB1,CFP,1
JUP,CFP,1
SP1,POLR2C,1
POLR2C,SP1,1
SP1,CREBBP,1
CREBBP,SP1,1
SP1,TAF6,1
TAF6,SP1,1
SP1,FOS,1
FOS,SP1,1
SP1,SMAD4,1
SMAD4,SP1,1
SP1,POLR2D,1
POLR2D,SP1,1
SP1,POLR2F,1
POLR2F,SP1,1
SP1,TAF9,1
TAF9,SP1,1
SP1,NCOA3,1
NCOA3,SP1,1
SP1,TRP53,1
TRP53,SP1,1
SP1,ELL2,1
ELL2,SP1,1
SP1,POLR2E,1
POLR2E,SP1,1
SP1,GTF2E2,1
GTF2E2,SP1,1
SP1,POLR2K,1
POLR2K,SP1,1
SP1,JUN,1
JUN,SP1,1
SP1,GTF2B,1
GTF2B,SP1,1
SP1,MAPK14,1
MAPK14,SP1,1
SP1,SSU72,1
SP1,MED1,1
MED1,SP1,1
SP1,USF2,1
USF2,SP1,1
SP1,POLR2B,1
POLR2B,SP1,1
SP1,HDAC1,1
HDAC1,SP1,1
SP1,GTF2A2,1
GTF2A2,SP1,1
SP1,GTF2F1,1
GTF2F1,SP1,1
SP1,MDM2,1
MDM2,SP1,1
SP1,GTF2A1,1
GTF2A1,SP1,1
SP1,SMAD2,1
SMAD2,SP1,1
SP1,POLR2J,1
POLR2J,SP1,1
SP1,POLR2G,1
POLR2G,SP1,1
SP1,POLR2H,1
POLR2H,SP1,1
SP1,SRRT,1
SRRT,SP1,1
SP1,SNAPC5,1
SNAPC5,SP1,1
SP1,POLR2I,1
POLR2I,SP1,1
PA2G4,CCT3,1
CDC5L,CCT3,1
SND1,TMEM208,1
SND1,GTF2E2,1
GTF2E2,SND1,1
SND1,SEC61A1,1
TUBA1A,TUBB6,1
PA2G4,TUBB5,1
CDC5L,TUBB5,1
TUBA1A,TUBB5,1
MAPK1,TUBB5,1
ELL2,POLR2C,1
POLR2C,ELL2,1
ELL2,TAF6,1
TAF6,ELL2,1
ELL2,POLR2B,1
POLR2B,ELL2,1
ELL2,POLR2D,1
POLR2D,ELL2,1
ELL2,POLR2F,1
POLR2F,ELL2,1
ELL2,GTF2A2,1
GTF2A2,ELL2,1
ELL2,GTF2F1,1
GTF2F1,ELL2,1
ELL2,TAF9,1
TAF9,ELL2,1
ELL2,GTF2A1,1
GTF2A1,ELL2,1
ELL2,POLR2J,1
POLR2J,ELL2,1
ELL2,POLR2G,1
POLR2G,ELL2,1
ELL2,POLR2E,1
POLR2E,ELL2,1
ELL2,GTF2E2,1
GTF2E2,ELL2,1
ELL2,POLR2H,1
POLR2H,ELL2,1
ELL2,POLR2K,1
POLR2K,ELL2,1
ELL2,SRRT,1
SRRT,ELL2,1
ELL2,GTF2B,1
GTF2B,ELL2,1
ELL2,AFF4,1
AFF4,ELL2,1
ELL2,SNAPC5,1
SNAPC5,ELL2,1
ELL2,POLR2I,1
POLR2I,ELL2,1
ELL2,SSU72,1
JUP,LYZ2,1
JUP,GGH,1
JUP,DNASE1L1,1
JUP,CTSD,1
JUP,NFKB1,1
NFKB1,JUP,1
JUP,CXCL1,1
JUP,B2M,1
JUP,CXCL2,1
JUP,CTNNB1,1
CTNNB1,JUP,1
JUP,LYZ1,1
JUP,RAC1,1
JUP,CTNNA1,1
JUP,TCF7L2,1
TCF7L2,JUP,1
JUP,CTSZ,1
JUP,CNN2,1
FXR1,DNAJC19,1
FXR1,PABPC1,1
AKT1,DNMT1,1
DNMT1,AKT1,1
AKT1,MAP1LC3B,1
AKT1,EIF4E,1
AKT1,CREBBP,1
CREBBP,AKT1,1
AKT1,FOS,1
FOS,AKT1,1
AKT1,CFL1,1
AKT1,SMAD4,1
SMAD4,AKT1,1
AKT1,NFE2L2,1
NFE2L2,AKT1,1
AKT1,MSN,1
AKT1,EZH2,1
EZH2,AKT1,1
AKT1,HSPA5,1
AKT1,ATF4,1
ATF4,AKT1,1
AKT1,FKBP1A,1
AKT1,ZFP36L1,1
ZFP36L1,AKT1,1
AKT1,TNF,1
TNF,AKT1,1
AKT1,SOD2,1
AKT1,PLEK,1
AKT1,CD274,1
AKT1,IQGAP1,1
AKT1,CFLAR,1
AKT1,TRP53,1
TRP53,AKT1,1
AKT1,NRAS,1
AKT1,VIM,1
AKT1,NCOR2,1
NCOR2,AKT1,1
AKT1,KLF4,1
KLF4,AKT1,1
AKT1,ID2,1
ID2,AKT1,1
AKT1,CDC42,1
AKT1,NCF1,1
AKT1,HSP90AA1,1
AKT1,HSP90B1,1
AKT1,STAT3,1
STAT3,AKT1,1
AKT1,CTNNB1,1
CTNNB1,AKT1,1
AKT1,JUN,1
JUN,AKT1,1
AKT1,GNGT2,1
AKT1,RELA,1
RELA,AKT1,1
AKT1,MAPK14,1
MAPK14,AKT1,1
AKT1,ATF2,1
ATF2,AKT1,1
AKT1,ACLY,1
AKT1,NR4A1,1
NR4A1,AKT1,1
AKT1,ANXA5,1
AKT1,HSP90AB1,1
AKT1,RAC1,1
AKT1,PPP2R5C,1
AKT1,RAC2,1
AKT1,YBX1,1
YBX1,AKT1,1
AKT1,RHOA,1
AKT1,CDKN1A,1
AKT1,HIF1A,1
HIF1A,AKT1,1
AKT1,EGR1,1
EGR1,AKT1,1
AKT1,ACTB,1
AKT1,MDM2,1
MDM2,AKT1,1
AKT1,TLR2,1
AKT1,MAPK1,1
MAPK1,AKT1,1
AKT1,GNG10,1
AKT1,TLR4,1
TLR4,AKT1,1
AKT1,SMAD2,1
SMAD2,AKT1,1
AKT1,CD44,1
AKT1,RPS6,1
AKT1,PARP1,1
PARP1,AKT1,1
AKT1,NPM1,1
AKT1,ILK,1
ILK,AKT1,1
AKT1,STAT1,1
STAT1,AKT1,1
AKT1,GNB1,1
AKT1,MAPK3,1
MAPK3,AKT1,1
AKT1,GNG5,1
AKT1,NCOR1,1
NCOR1,AKT1,1
YBX1,PABPC1,1
UPF1,PABPC1,1
MAPK3,BLVRA,1
SNRPD1,HNRNPK,1
HNRNPK,SNRPD1,1
SNRPD1,SNRPE,1
SNRPD1,CWC15,1
SNRPD1,SRSF6,1
SRSF6,SNRPD1,1
SNRPD1,RNPS1,1
RNPS1,SNRPD1,1
SNRPD1,PAPOLA,1
PAPOLA,SNRPD1,1
SNRPD1,POLR2C,1
POLR2C,SNRPD1,1
SNRPD1,DDX5,1
DDX5,SNRPD1,1
SNRPD1,TCERG1,1
TCERG1,SNRPD1,1
SNRPD1,CDC5L,1
CDC5L,SNRPD1,1
SNRPD1,POLR2B,1
POLR2B,SNRPD1,1
SNRPD1,HNRNPC,1
SNRPD1,NHP2,1
SNRPD1,SNRPG,1
SNRPD1,LSM3,1
SNRPD1,SRSF2,1
SRSF2,SNRPD1,1
SNRPD1,HNRNPA2B1,1
SNRPD1,PRPF40A,1
SNRPD1,SNRPB,1
SNRPB,SNRPD1,1
SNRPD1,POLR2D,1
POLR2D,SNRPD1,1
SNRPD1,POLR2F,1
POLR2F,SNRPD1,1
SNRPD1,HNRNPD,1
HNRNPD,SNRPD1,1
SNRPD1,SRSF3,1
SRSF3,SNRPD1,1
SNRPD1,TRA2B,1
SNRPD1,DNAJC8,1
SNRPD1,YBX1,1
YBX1,SNRPD1,1
SNRPD1,SF3B5,1
SNRPD1,GTF2F1,1
GTF2F1,SNRPD1,1
SNRPD1,SRRM1,1
SRRM1,SNRPD1,1
SNRPD1,SRSF5,1
SRSF5,SNRPD1,1
SNRPD1,NHP2L1,1
SNRPD1,WBP11,1
WBP11,SNRPD1,1
SNRPD1,HSPA8,1
SNRPD1,SNRPD2,1
SNRPD1,BUD31,1
SNRPD1,SNRNP25,1
SNRPD1,POLR2J,1
POLR2J,SNRPD1,1
SNRPD1,SRSF9,1
SRSF9,SNRPD1,1
SNRPD1,POLR2G,1
POLR2G,SNRPD1,1
SNRPD1,POLR2E,1
POLR2E,SNRPD1,1
SNRPD1,POLR2H,1
POLR2H,SNRPD1,1
SNRPD1,POLR2K,1
POLR2K,SNRPD1,1
SNRPD1,SRRT,1
SRRT,SNRPD1,1
SNRPD1,SF1,1
SF1,SNRPD1,1
SNRPD1,ERH,1
SNRPD1,HNRNPF,1
SNRPD1,POLR2I,1
POLR2I,SNRPD1,1
SNRPD1,LSM7,1
GTF2F1,HNRNPK,1
HNRNPK,GTF2F1,1
GTF2F1,CWC15,1
GTF2F1,TAF7,1
TAF7,GTF2F1,1
GTF2F1,SRSF6,1
SRSF6,GTF2F1,1
GTF2F1,RNPS1,1
RNPS1,GTF2F1,1
GTF2F1,PAPOLA,1
PAPOLA,GTF2F1,1
GTF2F1,POLR2C,1
POLR2C,GTF2F1,1
GTF2F1,DDX5,1
DDX5,GTF2F1,1
GTF2F1,TAF6,1
TAF6,GTF2F1,1
GTF2F1,CDC5L,1
CDC5L,GTF2F1,1
GTF2F1,POLR2B,1
POLR2B,GTF2F1,1
GTF2F1,HNRNPC,1
GTF2F1,LSM3,1
GTF2F1,SRSF2,1
SRSF2,GTF2F1,1
GTF2F1,HNRNPA2B1,1
GTF2F1,PRPF40A,1
GTF2F1,SNRPB,1
SNRPB,GTF2F1,1
GTF2F1,POLR2D,1
POLR2D,GTF2F1,1
GTF2F1,POLR2F,1
POLR2F,GTF2F1,1
GTF2F1,HNRNPD,1
HNRNPD,GTF2F1,1
GTF2F1,SRSF3,1
SRSF3,GTF2F1,1
GTF2F1,TAF12,1
TAF12,GTF2F1,1
GTF2F1,TCEA1,1
TCEA1,GTF2F1,1
GTF2F1,GTF2A2,1
GTF2A2,GTF2F1,1
GTF2F1,TRA2B,1
GTF2F1,DNAJC8,1
GTF2F1,TCEB3,1
TCEB3,GTF2F1,1
GTF2F1,TBPL1,1
TBPL1,GTF2F1,1
GTF2F1,YBX1,1
YBX1,GTF2F1,1
GTF2F1,POLR2A,1
POLR2A,GTF2F1,1
GTF2F1,SF3B5,1
GTF2F1,SRRM1,1
SRRM1,GTF2F1,1
GTF2F1,TAF9,1
TAF9,GTF2F1,1
GTF2F1,SRSF5,1
SRSF5,GTF2F1,1
GTF2F1,TCEB2,1
TCEB2,GTF2F1,1
GTF2F1,WBP11,1
WBP11,GTF2F1,1
GTF2F1,HSPA8,1
GTF2F1,TCEB1,1
TCEB1,GTF2F1,1
GTF2F1,GTF2A1,1
GTF2A1,GTF2F1,1
GTF2F1,MED21,1
MED21,GTF2F1,1
GTF2F1,TIAL1,1
TIAL1,GTF2F1,1
GTF2F1,SSRP1,1
SSRP1,GTF2F1,1
GTF2F1,SNRPD2,1
GTF2F1,BUD31,1
GTF2F1,SNRNP25,1
GTF2F1,POLR2J,1
POLR2J,GTF2F1,1
GTF2F1,SRSF9,1
SRSF9,GTF2F1,1
GTF2F1,POLR2G,1
POLR2G,GTF2F1,1
GTF2F1,POLR2E,1
POLR2E,GTF2F1,1
GTF2F1,GTF2E2,1
GTF2E2,GTF2F1,1
GTF2F1,POLR2H,1
POLR2H,GTF2F1,1
GTF2F1,POLR2K,1
POLR2K,GTF2F1,1
GTF2F1,SRRT,1
SRRT,GTF2F1,1
GTF2F1,GTF2B,1
GTF2B,GTF2F1,1
GTF2F1,SF1,1
SF1,GTF2F1,1
GTF2F1,AFF4,1
AFF4,GTF2F1,1
GTF2F1,SNAPC5,1
SNAPC5,GTF2F1,1
GTF2F1,HNRNPF,1
GTF2F1,POLR2I,1
POLR2I,GTF2F1,1
GTF2F1,LSM7,1
GTF2F1,YEATS4,1
YEATS4,GTF2F1,1
GTF2F1,SSU72,1
EIF5B,RPS11,1
RNPS1,RPS11,1
POLR2C,RPS11,1
POLR2B,RPS11,1
POLR2F,RPS11,1
POLR2A,RPS11,1
UPF1,RPS11,1
BTF3,RPS11,1
TNF,IER3,1
MAPK1,IER3,1
MAPK3,IER3,1
FOSB,FOS,1
FOS,FOSB,1
FOSB,EGR2,1
EGR2,FOSB,1
FOSB,JUN,1
JUN,FOSB,1
FOSB,MAPK14,1
MAPK14,FOSB,1
FOSB,NR4A1,1
NR4A1,FOSB,1
FOSB,JUNB,1
JUNB,FOSB,1
FOSB,HDAC1,1
HDAC1,FOSB,1
FOSB,FOSL2,1
FOSL2,FOSB,1
FOSB,EGR1,1
EGR1,FOSB,1
FOSB,DUSP1,1
XBP1,CALR,1
ATF6,CALR,1
DAB2,IL7R,1
BIN1,IL7R,1
STAT3,IL7R,1
PA2G4,RPL8,1
POLR2C,RPL8,1
NME2,RPL8,1
EIF5B,RPL8,1
RNPS1,RPL8,1
POLR2B,RPL8,1
UPF1,RPL8,1
BTF3,RPL8,1
HNRNPK,CWC15,1
SRSF6,CWC15,1
RNPS1,CWC15,1
PAPOLA,CWC15,1
POLR2C,CWC15,1
DDX5,CWC15,1
TCERG1,CWC15,1
CDC5L,CWC15,1
POLR2B,CWC15,1
SRSF2,CWC15,1
SNRPB,CWC15,1
POLR2D,CWC15,1
POLR2F,CWC15,1
HNRNPD,CWC15,1
SRSF3,CWC15,1
YBX1,CWC15,1
SRRM1,CWC15,1
SRSF5,CWC15,1
WBP11,CWC15,1
POLR2J,CWC15,1
SRSF9,CWC15,1
POLR2G,CWC15,1
POLR2E,CWC15,1
POLR2H,CWC15,1
POLR2K,CWC15,1
SRRT,CWC15,1
SF1,CWC15,1
POLR2I,CWC15,1
DNMT1,RBBP4,1
RBBP4,DNMT1,1
DNMT1,UBC,1
DNMT1,EZH2,1
EZH2,DNMT1,1
DNMT1,TRP53,1
TRP53,DNMT1,1
DNMT1,CTCF,1
CTCF,DNMT1,1
DNMT1,AEBP2,1
AEBP2,DNMT1,1
DNMT1,PCNA,1
DNMT1,STAT3,1
STAT3,DNMT1,1
DNMT1,RPS27A,1
DNMT1,RBBP7,1
RBBP7,DNMT1,1
DNMT1,HDAC1,1
HDAC1,DNMT1,1
DNMT1,H2AFV,1
DNMT1,MCM5,1
MCM5,DNMT1,1
DNMT1,SUMO1,1
DNMT1,UBB,1
DNMT1,SMARCA5,1
SMARCA5,DNMT1,1
DNMT1,SUZ12,1
SUZ12,DNMT1,1
DNMT1,RBL2,1
RBL2,DNMT1,1
DNMT1,EHMT2,1
EHMT2,DNMT1,1
DNMT1,PARP1,1
PARP1,DNMT1,1
DNMT1,DNMT3A,1
DNMT3A,DNMT1,1
DNMT1,MBD2,1
MBD2,DNMT1,1
DNMT1,H3F3B,1
DNMT1,H3F3A,1
PHB2,UQCRC1,1
PHB2,CCDC109B,1
PHB2,NDUFB8,1
PHB2,DNAJC19,1
PHB2,HDAC1,1
HDAC1,PHB2,1
IRF5,CCL4,1
IRF5,MYD88,1
MYD88,IRF5,1
IRF5,ITGAX,1
SIN3B,RBBP4,1
RBBP4,SIN3B,1
SIN3B,CREBBP,1
CREBBP,SIN3B,1
SIN3B,CHD4,1
CHD4,SIN3B,1
SIN3B,CBFB,1
CBFB,SIN3B,1
SIN3B,RUNX1,1
RUNX1,SIN3B,1
SIN3B,ING1,1
ING1,SIN3B,1
SIN3B,NCOR2,1
NCOR2,SIN3B,1
SIN3B,MED1,1
MED1,SIN3B,1
SIN3B,RBBP7,1
RBBP7,SIN3B,1
SIN3B,HDAC1,1
HDAC1,SIN3B,1
SIN3B,H2AFV,1
SIN3B,MORF4L1,1
SIN3B,KDM5A,1
KDM5A,SIN3B,1
SIN3B,H3F3B,1
SIN3B,H3F3A,1
SIN3B,HBP1,1
HBP1,SIN3B,1
SIN3B,NCOR1,1
NCOR1,SIN3B,1
EIF5B,RPS5,1
RNPS1,RPS5,1
POLR2C,RPS5,1
POLR2B,RPS5,1
POLR2F,RPS5,1
UPF1,RPS5,1
NFKB1,CNN2,1
POLR2E,HNRNPK,1
HNRNPK,POLR2E,1
POLR2E,SNRPE,1
POLR2E,TAF7,1
TAF7,POLR2E,1
POLR2E,DDB1,1
DDB1,POLR2E,1
POLR2E,MED1,1
MED1,POLR2E,1
POLR2E,SRSF6,1
SRSF6,POLR2E,1
POLR2E,RNPS1,1
RNPS1,POLR2E,1
POLR2E,PAPOLA,1
PAPOLA,POLR2E,1
POLR2E,POLR2C,1
POLR2C,POLR2E,1
POLR2E,DDX5,1
DDX5,POLR2E,1
POLR2E,RBBP4,1
RBBP4,POLR2E,1
POLR2E,CREBBP,1
CREBBP,POLR2E,1
POLR2E,TAF6,1
TAF6,POLR2E,1
POLR2E,RBBP7,1
RBBP7,POLR2E,1
POLR2E,CDC5L,1
CDC5L,POLR2E,1
POLR2E,POLR2B,1
POLR2B,POLR2E,1
POLR2E,HNRNPC,1
POLR2E,NHP2,1
POLR2E,NME2,1
NME2,POLR2E,1
POLR2E,LSM3,1
POLR2E,COPS5,1
COPS5,POLR2E,1
POLR2E,POLR1D,1
POLR1D,POLR2E,1
POLR2E,SRSF2,1
SRSF2,POLR2E,1
POLR2E,UBC,1
POLR2E,HNRNPA2B1,1
POLR2E,H2AFV,1
POLR2E,RUVBL2,1
RUVBL2,POLR2E,1
POLR2E,PRPF40A,1
POLR2E,COPS6,1
POLR2E,DEK,1
DEK,POLR2E,1
POLR2E,COPS2,1
COPS2,POLR2E,1
POLR2E,SNRPB,1
SNRPB,POLR2E,1
POLR2E,POLR2D,1
POLR2D,POLR2E,1
POLR2E,POLR2F,1
POLR2F,POLR2E,1
POLR2E,EZH2,1
EZH2,POLR2E,1
POLR2E,HNRNPD,1
HNRNPD,POLR2E,1
POLR2E,SRSF3,1
SRSF3,POLR2E,1
POLR2E,TAF12,1
TAF12,POLR2E,1
POLR2E,UBTF,1
UBTF,POLR2E,1
POLR2E,TCEA1,1
TCEA1,POLR2E,1
POLR2E,GTF2A2,1
GTF2A2,POLR2E,1
POLR2E,TRA2B,1
POLR2E,EGR2,1
EGR2,POLR2E,1
POLR2E,DNAJC8,1
POLR2E,TCEB3,1
TCEB3,POLR2E,1
POLR2E,MED10,1
POLR2E,TBPL1,1
TBPL1,POLR2E,1
POLR2E,YBX1,1
YBX1,POLR2E,1
POLR2E,POLR2A,1
POLR2A,POLR2E,1
POLR2E,POLR3K,1
POLR3K,POLR2E,1
POLR2E,SF3B5,1
POLR2E,SRRM1,1
SRRM1,POLR2E,1
POLR2E,TAF9,1
TAF9,POLR2E,1
POLR2E,RFC1,1
RFC1,POLR2E,1
POLR2E,ACTB,1
POLR2E,SMARCA5,1
SMARCA5,POLR2E,1
POLR2E,SRSF5,1
SRSF5,POLR2E,1
POLR2E,TCEB2,1
TCEB2,POLR2E,1
POLR2E,NCOA3,1
NCOA3,POLR2E,1
POLR2E,WBP11,1
WBP11,POLR2E,1
POLR2E,SUZ12,1
SUZ12,POLR2E,1
POLR2E,RPS17,1
POLR2E,HSPA8,1
POLR2E,TCEB1,1
TCEB1,POLR2E,1
POLR2E,GTF2A1,1
GTF2A1,POLR2E,1
POLR2E,MED21,1
MED21,POLR2E,1
POLR2E,TIAL1,1
TIAL1,POLR2E,1
POLR2E,SSRP1,1
SSRP1,POLR2E,1
POLR2E,SNRPD2,1
POLR2E,PCNA,1
POLR2E,BUD31,1
POLR2E,SNRNP25,1
POLR2E,POLR2J,1
POLR2J,POLR2E,1
POLR2E,SRSF9,1
SRSF9,POLR2E,1
POLR2E,POLR2G,1
POLR2G,POLR2E,1
POLR2E,ZNRD1,1
ZNRD1,POLR2E,1
POLR2E,GTF2E2,1
GTF2E2,POLR2E,1
POLR2E,POLR2H,1
POLR2H,POLR2E,1
POLR2E,POLR2K,1
POLR2K,POLR2E,1
POLR2E,JUN,1
JUN,POLR2E,1
POLR2E,SRRT,1
SRRT,POLR2E,1
POLR2E,GTF2B,1
GTF2B,POLR2E,1
POLR2E,H3F3B,1
POLR2E,H3F3A,1
POLR2E,SF1,1
SF1,POLR2E,1
POLR2E,AFF4,1
AFF4,POLR2E,1
POLR2E,SNAPC5,1
SNAPC5,POLR2E,1
POLR2E,HNRNPF,1
POLR2E,POLR2I,1
POLR2I,POLR2E,1
POLR2E,RPS27A,1
POLR2E,LSM7,1
POLR2E,SSU72,1
POLR2E,NCOR1,1
NCOR1,POLR2E,1
MAPK14,CDC5L,1
CDC5L,MAPK14,1
MAPK14,FOS,1
FOS,MAPK14,1
MAPK14,SMAD4,1
SMAD4,MAPK14,1
MAPK14,TNF,1
TNF,MAPK14,1
MAPK14,SOD2,1
MAPK14,NCF4,1
MAPK14,MITF,1
MITF,MAPK14,1
MAPK14,NCOA3,1
NCOA3,MAPK14,1
MAPK14,TRP53,1
TRP53,MAPK14,1
MAPK14,CYBA,1
MAPK14,TCF12,1
TCF12,MAPK14,1
MAPK14,CDC42,1
MAPK14,MEF2A,1
MEF2A,MAPK14,1
MAPK14,NCF1,1
MAPK14,STAT3,1
STAT3,MAPK14,1
MAPK14,CTNNB1,1
CTNNB1,MAPK14,1
MAPK14,JUN,1
JUN,MAPK14,1
MAPK14,GNGT2,1
MAPK14,CYBB,1
MAPK14,ATF2,1
ATF2,MAPK14,1
MAPK14,JUNB,1
JUNB,MAPK14,1
MAPK14,H2AFV,1
MAPK14,RAC1,1
MAPK14,FOSL2,1
FOSL2,MAPK14,1
MAPK14,RHOA,1
MAPK14,IL1B,1
MAPK14,MAPK1,1
MAPK1,MAPK14,1
MAPK14,GNG10,1
MAPK14,NCK1,1
MAPK14,CTNNA1,1
MAPK14,TLR4,1
TLR4,MAPK14,1
MAPK14,SMAD2,1
SMAD2,MAPK14,1
MAPK14,MYD88,1
MYD88,MAPK14,1
MAPK14,STAT1,1
STAT1,MAPK14,1
MAPK14,GNB1,1
MAPK14,H3F3B,1
MAPK14,H3F3A,1
MAPK14,MAPK3,1
MAPK3,MAPK14,1
MAPK14,GNG5,1
MAPK14,DUSP1,1
TNF,CD44,1
TRP53,CD44,1
KLF4,CD44,1
STAT3,CD44,1
JUN,CD44,1
TLR4,CD44,1
UBE2K,WDR1,1
HTATIP2,NDUFS3,1
TRIM28,CDC5L,1
CDC5L,TRIM28,1
TRIM28,SMARCA4,1
SMARCA4,TRIM28,1
TRIM28,CCT5,1
TRIM28,CCT8,1
TRIM28,ZWINT,1
TRIM28,CCT2,1
TRIM28,CBX3,1
CBX3,TRIM28,1
TSG101,CHMP2A,1
CTCF,POLR2F,1
POLR2F,CTCF,1
CTCF,UBTF,1
UBTF,CTCF,1
CTCF,SUZ12,1
SUZ12,CTCF,1
REL,PSMB4,1
COPS2,PSMB4,1
HNRNPD,PSMB4,1
NFKB1,PSMB4,1
TNF,PSMB4,1
BUB3,PSMB4,1
HIF1A,PSMB4,1
TCEB2,PSMB4,1
TRP53,PSMB4,1
TCEB1,PSMB4,1
NFKBIB,PSMB4,1
NFKBIA,PSMB4,1
CTNNB1,PSMB4,1
RELA,PSMB4,1
BIN1,ARPC2,1
DAB2,ARPC2,1
PA2G4,RPS9,1
EIF5B,RPS9,1
RNPS1,RPS9,1
POLR2C,RPS9,1
POLR2B,RPS9,1
POLR2F,RPS9,1
UPF1,RPS9,1
BTF3,RPS9,1
CBFB,CRIP1,1
TAF9,APRT,1
NFE2L2,SOD2,1
TNF,SOD2,1
TRP53,SOD2,1
STAT3,SOD2,1
JUN,SOD2,1
CTNNB1,PSMD7,1
CTNNB1,PSMB6,1
CTNNB1,PSME1,1
CTNNB1,PSMB3,1
CTNNB1,CREBBP,1
CREBBP,CTNNB1,1
CTNNB1,PSMC6,1
CTNNB1,UBC,1
CTNNB1,SMAD4,1
SMAD4,CTNNB1,1
CTNNB1,CSNK2B,1
CTNNB1,PSMA3,1
CTNNB1,IQGAP1,1
CTNNB1,PSMB10,1
CTNNB1,PSMB7,1
CTNNB1,SKP1A,1
CTNNB1,TRP53,1
TRP53,CTNNB1,1
CTNNB1,PSMA5,1
CTNNB1,PSMD6,1
CTNNB1,KLF4,1
KLF4,CTNNB1,1
CTNNB1,CTBP1,1
CTBP1,CTNNB1,1
CTNNB1,SMARCA4,1
SMARCA4,CTNNB1,1
CTNNB1,MEF2A,1
MEF2A,CTNNB1,1
CTNNB1,PSMB5,1
CTNNB1,STAT3,1
STAT3,CTNNB1,1
CTNNB1,PSMC3,1
CTNNB1,JUN,1
JUN,CTNNB1,1
CTNNB1,PSMD8,1
CTNNB1,RPS27A,1
CTNNB1,PSME2,1
CTNNB1,HDAC1,1
HDAC1,CTNNB1,1
CTNNB1,H2AFV,1
CTNNB1,RAC1,1
CTNNB1,PSMC5,1
CTNNB1,PPP2R5C,1
CTNNB1,LDB1,1
LDB1,CTNNB1,1
CTNNB1,PSMA7,1
CTNNB1,CACYBP,1
CTNNB1,PSMD14,1
CTNNB1,PSMA6,1
CTNNB1,CTNNA1,1
CTNNB1,PSMA4,1
CTNNB1,PSMC1,1
CTNNB1,TCF7L2,1
TCF7L2,CTNNB1,1
CTNNB1,PSMB1,1
CTNNB1,PSMB9,1
CTNNB1,PSMB8,1
CTNNB1,H3F3B,1
CTNNB1,H3F3A,1
CTNNB1,PSMB2,1
CTNNB1,PSMC4,1
DAB2,AP2M1,1
BIN1,AP2M1,1
MAPK1,AP2M1,1
DAB2,M6PR,1
BIN1,M6PR,1
JUN,RHOA,1
MAPK1,RHOA,1
TAX1BP3,RHOA,1
MAPK3,RHOA,1
RNPS1,RPLP1,1
UPF1,RPLP1,1
EIF5B,RPS18,1
RNPS1,RPS18,1
POLR2C,RPS18,1
POLR2F,RPS18,1
UPF1,RPS18,1
PA2G4,RPL10,1
EIF5B,RPL10,1
SRSF6,NXF1,1
RNPS1,NXF1,1
SRSF2,NXF1,1
SRSF3,NXF1,1
SRRM1,NXF1,1
SRSF5,NXF1,1
UPF1,NXF1,1
SRSF9,NXF1,1
DDB1,NEDD8,1
TCEB2,NEDD8,1
RBBP7,NEDD8,1
COPS5,NEDD8,1
HSBP1,NEDD8,1
COPS2,NEDD8,1
GTF2A2,NEDD8,1
HIF1A,NEDD8,1
TCEB1,NEDD8,1
POLR2J,NEDD8,1
MED15,MED1,1
MED1,MED15,1
MED15,THRAP3,1
THRAP3,MED15,1
MED15,CREBBP,1
CREBBP,MED15,1
MED15,MED8,1
MED8,MED15,1
MED15,FABP4,1
MED15,MED10,1
MED15,NCOA3,1
NCOA3,MED15,1
MED15,NCOR2,1
NCOR2,MED15,1
MED15,MED21,1
MED21,MED15,1
MED15,MED27,1
MED27,MED15,1
MED15,NCOR1,1
NCOR1,MED15,1
EHMT2,RBBP4,1
RBBP4,EHMT2,1
EHMT2,GATAD2A,1
GATAD2A,EHMT2,1
EHMT2,UBC,1
EHMT2,CHD4,1
CHD4,EHMT2,1
EHMT2,TRP53,1
TRP53,EHMT2,1
EHMT2,MTA2,1
MTA2,EHMT2,1
EHMT2,RPS27A,1
EHMT2,RBBP7,1
RBBP7,EHMT2,1
EHMT2,HDAC1,1
HDAC1,EHMT2,1
EHMT2,H2AFV,1
EHMT2,TFDP1,1
TFDP1,EHMT2,1
EHMT2,DOT1L,1
DOT1L,EHMT2,1
EHMT2,UBTF,1
UBTF,EHMT2,1
EHMT2,EHMT1,1
EHMT1,EHMT2,1
EHMT2,SUZ12,1
SUZ12,EHMT2,1
EHMT2,DNMT3A,1
DNMT3A,EHMT2,1
EHMT2,CBX3,1
CBX3,EHMT2,1
EHMT2,H3F3B,1
EHMT2,H3F3A,1
TCEB2,NDUFA2,1
TSG101,CDC5L,1
CDC5L,TSG101,1
TSG101,VPS25,1
TSG101,UBC,1
TSG101,CD63,1
TSG101,UBB,1
TSG101,PDCD6,1
TSG101,VTA1,1
TSG101,CHMP5,1
TSG101,CD9,1
TSG101,RAB7,1
TSG101,CD81,1
TSG101,RPS27A,1
TSG101,VPS28,1
REL,PSMB1,1
HNRNPD,PSMB1,1
NFKB1,PSMB1,1
TNF,PSMB1,1
TCEB2,PSMB1,1
TRP53,PSMB1,1
NFKBIB,PSMB1,1
NFKBIA,PSMB1,1
RELA,PSMB1,1
BUB3,PSMB1,1
HIF1A,PSMB1,1
TCEB1,PSMB1,1
EDF1,HSP90AB1,1
EDF1,PTGES3,1
EDF1,TCEB2,1
TCEB2,EDF1,1
EDF1,HSP90AA1,1
TRP53,GADD45B,1
TLR4,CYBB,1
TNF,CD83,1
TNF,LPL,1
HNRNPK,HSPA8,1
SRSF6,HSPA8,1
PAPOLA,HSPA8,1
POLR2C,HSPA8,1
CREBBP,HSPA8,1
CDC5L,HSPA8,1
SRSF2,HSPA8,1
POLR2D,HSPA8,1
POLR2F,HSPA8,1
HNRNPD,HSPA8,1
NR3C1,HSPA8,1
SRSF5,HSPA8,1
WBP11,HSPA8,1
DAB2,HSPA8,1
POLR2K,HSPA8,1
DNAJC2,HSPA8,1
RNPS1,HSPA8,1
DDX5,HSPA8,1
POLR2B,HSPA8,1
BIN1,HSPA8,1
SNRPB,HSPA8,1
SRSF3,HSPA8,1
YBX1,HSPA8,1
SRRM1,HSPA8,1
POLR2J,HSPA8,1
SRSF9,HSPA8,1
POLR2G,HSPA8,1
POLR2H,HSPA8,1
SRRT,HSPA8,1
SF1,HSPA8,1
POLR2I,HSPA8,1
NR3C1,CAPZA2,1
PCBD2,QDPR,1
FLI1,RUNX1,1
RUNX1,FLI1,1
PREB,CTSZ,1
NFKB1,CTSZ,1
TNF,CD274,1
TRP53,CD274,1
TLR4,CD274,1
IRF1,CD274,1
STAT3,CD274,1
STAT1,CD274,1
TNF,SERPINB6A,1
PA2G4,RPL19,1
EIF5B,RPL19,1
RNPS1,RPL19,1
UPF1,RPL19,1
BTF3,RPL19,1
TOP2B,MCM3,1
MCM3,TOP2B,1
TOP2B,MCM4,1
MCM4,TOP2B,1
TOP2B,SMARCE1,1
SMARCE1,TOP2B,1
TOP2B,SMARCC2,1
SMARCC2,TOP2B,1
TOP2B,SMARCA4,1
SMARCA4,TOP2B,1
TOP2B,SUMO1,1
SUZ12,POLR2C,1
POLR2C,SUZ12,1
SUZ12,RBBP4,1
RBBP4,SUZ12,1
SUZ12,CREBBP,1
CREBBP,SUZ12,1
SUZ12,RBBP7,1
RBBP7,SUZ12,1
SUZ12,POLR2B,1
POLR2B,SUZ12,1
SUZ12,HDAC1,1
HDAC1,SUZ12,1
SUZ12,H2AFV,1
SUZ12,TFDP1,1
TFDP1,SUZ12,1
SUZ12,KDM2B,1
KDM2B,SUZ12,1
SUZ12,POLR2D,1
POLR2D,SUZ12,1
SUZ12,POLR2F,1
POLR2F,SUZ12,1
SUZ12,EZH2,1
EZH2,SUZ12,1
SUZ12,SUMO1,1
SUZ12,POLR2A,1
POLR2A,SUZ12,1
SUZ12,NCOA3,1
NCOA3,SUZ12,1
SUZ12,AEBP2,1
AEBP2,SUZ12,1
SUZ12,DNMT3A,1
DNMT3A,SUZ12,1
SUZ12,POLR2J,1
POLR2J,SUZ12,1
SUZ12,POLR2G,1
POLR2G,SUZ12,1
SUZ12,STAT3,1
STAT3,SUZ12,1
SUZ12,POLR2H,1
POLR2H,SUZ12,1
SUZ12,POLR2K,1
POLR2K,SUZ12,1
SUZ12,KDM6B,1
KDM6B,SUZ12,1
SUZ12,H3F3B,1
SUZ12,H3F3A,1
SUZ12,POLR2I,1
POLR2I,SUZ12,1
SUZ12,NCOR1,1
NCOR1,SUZ12,1
REL,PSMB6,1
COPS2,PSMB6,1
POLR2F,PSMB6,1
HNRNPD,PSMB6,1
NFKB1,PSMB6,1
TNF,PSMB6,1
BUB3,PSMB6,1
HIF1A,PSMB6,1
TCEB2,PSMB6,1
TRP53,PSMB6,1
TCEB1,PSMB6,1
NFKBIB,PSMB6,1
NFKBIA,PSMB6,1
RELA,PSMB6,1
KPNA2,CDC5L,1
CDC5L,KPNA2,1
KPNA2,CKS2,1
KPNA2,PCNA,1
KPNA2,CKS1B,1
KPNA2,BIRC5,1
KPNA2,MCM5,1
MCM5,KPNA2,1
KPNA2,RAN,1
TNF,CXCL16,1
TNF,CCL4,1
MED8,MED1,1
MED1,MED8,1
MED8,THRAP3,1
THRAP3,MED8,1
MED8,CREBBP,1
CREBBP,MED8,1
MED8,FABP4,1
MED8,MED10,1
MED8,NCOA3,1
NCOA3,MED8,1
MED8,NCOR2,1
NCOR2,MED8,1
MED8,MED21,1
MED21,MED8,1
MED8,MED27,1
MED27,MED8,1
MED8,NCOR1,1
NCOR1,MED8,1
NFKB1,DNASE1L1,1
DDB1,COPS6,1
POLR2C,COPS6,1
POLR2D,COPS6,1
POLR2F,COPS6,1
TCEB2,COPS6,1
POLR2K,COPS6,1
RBBP7,COPS6,1
POLR2B,COPS6,1
COPS5,COPS6,1
COPS2,COPS6,1
TCEB1,COPS6,1
POLR2J,COPS6,1
POLR2G,COPS6,1
POLR2H,COPS6,1
POLR2I,COPS6,1
UBE2K,UBB,1
PER1,UBB,1
TNFAIP3,UBB,1
TCERG1,CCDC12,1
CDC5L,CCDC12,1
POLR2I,HNRNPK,1
HNRNPK,POLR2I,1
POLR2I,TAF7,1
TAF7,POLR2I,1
POLR2I,DDB1,1
DDB1,POLR2I,1
POLR2I,SRSF6,1
SRSF6,POLR2I,1
POLR2I,RNPS1,1
RNPS1,POLR2I,1
POLR2I,PAPOLA,1
PAPOLA,POLR2I,1
POLR2I,POLR2C,1
POLR2C,POLR2I,1
POLR2I,DDX5,1
DDX5,POLR2I,1
POLR2I,RBBP4,1
RBBP4,POLR2I,1
POLR2I,CREBBP,1
CREBBP,POLR2I,1
POLR2I,TAF6,1
TAF6,POLR2I,1
POLR2I,RBBP7,1
RBBP7,POLR2I,1
POLR2I,CDC5L,1
CDC5L,POLR2I,1
POLR2I,POLR2B,1
POLR2B,POLR2I,1
POLR2I,HNRNPC,1
POLR2I,NME2,1
NME2,POLR2I,1
POLR2I,LSM3,1
POLR2I,COPS5,1
COPS5,POLR2I,1
POLR2I,POLR1D,1
POLR1D,POLR2I,1
POLR2I,UBC,1
POLR2I,SRSF2,1
SRSF2,POLR2I,1
POLR2I,HNRNPA2B1,1
POLR2I,H2AFV,1
POLR2I,PRPF40A,1
POLR2I,COPS2,1
COPS2,POLR2I,1
POLR2I,SNRPB,1
SNRPB,POLR2I,1
POLR2I,POLR2D,1
POLR2D,POLR2I,1
POLR2I,POLR2F,1
POLR2F,POLR2I,1
POLR2I,EZH2,1
EZH2,POLR2I,1
POLR2I,HNRNPD,1
HNRNPD,POLR2I,1
POLR2I,SRSF3,1
SRSF3,POLR2I,1
POLR2I,TAF12,1
TAF12,POLR2I,1
POLR2I,GTF2A2,1
GTF2A2,POLR2I,1
POLR2I,TCEA1,1
TCEA1,POLR2I,1
POLR2I,TRA2B,1
POLR2I,EGR2,1
EGR2,POLR2I,1
POLR2I,DNAJC8,1
POLR2I,TCEB3,1
TCEB3,POLR2I,1
POLR2I,TBPL1,1
TBPL1,POLR2I,1
POLR2I,YBX1,1
YBX1,POLR2I,1
POLR2I,POLR2A,1
POLR2A,POLR2I,1
POLR2I,SF3B5,1
POLR2I,SRRM1,1
SRRM1,POLR2I,1
POLR2I,TAF9,1
TAF9,POLR2I,1
POLR2I,RFC1,1
RFC1,POLR2I,1
POLR2I,SRSF5,1
SRSF5,POLR2I,1
POLR2I,TCEB2,1
TCEB2,POLR2I,1
POLR2I,NCOA3,1
NCOA3,POLR2I,1
POLR2I,WBP11,1
WBP11,POLR2I,1
POLR2I,TCEB1,1
TCEB1,POLR2I,1
POLR2I,GTF2A1,1
GTF2A1,POLR2I,1
POLR2I,MED21,1
MED21,POLR2I,1
POLR2I,TIAL1,1
TIAL1,POLR2I,1
POLR2I,SSRP1,1
SSRP1,POLR2I,1
POLR2I,SNRPD2,1
POLR2I,PCNA,1
POLR2I,BUD31,1
POLR2I,SNRNP25,1
POLR2I,POLR2J,1
POLR2J,POLR2I,1
POLR2I,SRSF9,1
SRSF9,POLR2I,1
POLR2I,POLR2G,1
POLR2G,POLR2I,1
POLR2I,ZNRD1,1
ZNRD1,POLR2I,1
POLR2I,GTF2E2,1
GTF2E2,POLR2I,1
POLR2I,POLR2H,1
POLR2H,POLR2I,1
POLR2I,POLR2K,1
POLR2K,POLR2I,1
POLR2I,JUN,1
JUN,POLR2I,1
POLR2I,SRRT,1
SRRT,POLR2I,1
POLR2I,GTF2B,1
GTF2B,POLR2I,1
POLR2I,H3F3B,1
POLR2I,H3F3A,1
POLR2I,SF1,1
SF1,POLR2I,1
POLR2I,AFF4,1
AFF4,POLR2I,1
POLR2I,SNAPC5,1
SNAPC5,POLR2I,1
POLR2I,HNRNPF,1
POLR2I,RPS27A,1
POLR2I,LSM7,1
POLR2I,SSU72,1
POLR2I,NCOR1,1
NCOR1,POLR2I,1
TNFAIP3,UBC,1
TNFAIP3,NFKB1,1
NFKB1,TNFAIP3,1
TNFAIP3,TNF,1
TNF,TNFAIP3,1
TNFAIP3,IL1B,1
TNFAIP3,TNIP3,1
TNFAIP3,NFKBIA,1
NFKBIA,TNFAIP3,1
TNFAIP3,NFKBIZ,1
NFKBIZ,TNFAIP3,1
TNFAIP3,UBE2D3,1
TNFAIP3,RPS27A,1
CDC5L,HSP90B1,1
XBP1,HSP90B1,1
ATF4,HSP90B1,1
ATF6,HSP90B1,1
TLR4,HSP90B1,1
HSBP1,CCDC53,1
TCEB2,UQCR11,1
YEATS4,RUVBL2,1
RUVBL2,YEATS4,1
YEATS4,CFDP1,1
YEATS4,MORF4L1,1
YEATS4,TAF12,1
TAF12,YEATS4,1
YEATS4,ACTB,1
YEATS4,MORF4L2,1
MDM2,UBC,1
MDM2,EZH2,1
EZH2,MDM2,1
MDM2,TRP53,1
TRP53,MDM2,1
MDM2,SGK1,1
MDM2,UBE2D3,1
MDM2,RPS27A,1
MDM2,RPL26,1
MDM2,RPL23,1
MDM2,RPL11,1
MDM2,PPP2R5C,1
MDM2,RPL5,1
MDM2,SUMO1,1
MDM2,CDKN1A,1
HMG20B,HDAC1,1
HDAC1,HMG20B,1
HMG20B,HMG20A,1
HMG20A,HMG20B,1
RBBP4,HINT1,1
RBBP7,HINT1,1
GATAD2A,HINT1,1
NME2,HINT1,1
HDAC1,HINT1,1
CHD4,HINT1,1
NCOR2,HINT1,1
MTA2,HINT1,1
MBD2,HINT1,1
XBP1,CANX,1
ATF6,CANX,1
PA2G4,GNB2L1,1
TNF,GNB2L1,1
PCBP2,GNB2L1,1
EIF5B,GNB2L1,1
TCEB1,GNB2L1,1
STAT1,GNB2L1,1
CDC5L,SAR1B,1
PREB,SAR1B,1
BTG2,CNOT8,1
CNOT8,BTG2,1
BTG2,CNOT6,1
CNOT6,BTG2,1
BTG2,FOS,1
FOS,BTG2,1
BTG2,EGR1,1
EGR1,BTG2,1
BTG2,ZFP36,1
ZFP36,BTG2,1
BTG2,CNOT2,1
CNOT2,BTG2,1
BTG2,TRP53,1
TRP53,BTG2,1
BTG2,CNOT6L,1
CNOT6L,BTG2,1
BTG2,ATF3,1
ATF3,BTG2,1
BTG2,JUN,1
JUN,BTG2,1
BTG2,DUSP1,1
BTG2,NR4A1,1
NR4A1,BTG2,1
ID2,TCF12,1
TCF12,ID2,1
ID2,NFIL3,1
NFIL3,ID2,1
ID2,BATF3,1
BATF3,ID2,1
DNMT3A,ARID1B,1
ARID1B,DNMT3A,1
DNMT3A,RBBP4,1
RBBP4,DNMT3A,1
DNMT3A,RBBP7,1
RBBP7,DNMT3A,1
DNMT3A,HDAC1,1
HDAC1,DNMT3A,1
DNMT3A,H2AFV,1
DNMT3A,EZH2,1
EZH2,DNMT3A,1
DNMT3A,SMARCE1,1
SMARCE1,DNMT3A,1
DNMT3A,EHMT1,1
EHMT1,DNMT3A,1
DNMT3A,SUMO1,1
DNMT3A,PBRM1,1
PBRM1,DNMT3A,1
DNMT3A,SMARCC2,1
SMARCC2,DNMT3A,1
DNMT3A,TRP53,1
TRP53,DNMT3A,1
DNMT3A,SMARCA4,1
SMARCA4,DNMT3A,1
DNMT3A,AEBP2,1
AEBP2,DNMT3A,1
DNMT3A,ARID1A,1
ARID1A,DNMT3A,1
DNMT3A,IDH1,1
DNMT3A,H3F3B,1
DNMT3A,H3F3A,1
CDC5L,PSMC5,1
REL,PSMC5,1
HNRNPD,PSMC5,1
NFKB1,PSMC5,1
TNF,PSMC5,1
TCEB2,PSMC5,1
TRP53,PSMC5,1
NFKBIB,PSMC5,1
NFKBIA,PSMC5,1
RELA,PSMC5,1
BUB3,PSMC5,1
HIF1A,PSMC5,1
TCEB1,PSMC5,1
DDX5,HNRNPK,1
HNRNPK,DDX5,1
DDX5,PA2G4,1
PA2G4,DDX5,1
DDX5,SRSF6,1
SRSF6,DDX5,1
DDX5,PAPOLA,1
PAPOLA,DDX5,1
DDX5,POLR2C,1
POLR2C,DDX5,1
DDX5,CDC5L,1
CDC5L,DDX5,1
DDX5,HNRNPC,1
DDX5,SRSF2,1
SRSF2,DDX5,1
DDX5,POLR2D,1
POLR2D,DDX5,1
DDX5,POLR2F,1
POLR2F,DDX5,1
DDX5,HNRNPD,1
HNRNPD,DDX5,1
DDX5,TRA2B,1
DDX5,SF3B5,1
DDX5,SRSF5,1
SRSF5,DDX5,1
DDX5,NCOA3,1
NCOA3,DDX5,1
DDX5,TRP53,1
TRP53,DDX5,1
DDX5,WBP11,1
WBP11,DDX5,1
DDX5,SNRPD2,1
DDX5,BUD31,1
DDX5,POLR2K,1
POLR2K,DDX5,1
DDX5,LSM7,1
DDX5,RNPS1,1
RNPS1,DDX5,1
DDX5,POLR2B,1
POLR2B,DDX5,1
DDX5,LSM3,1
DDX5,HNRNPA2B1,1
DDX5,PRPF40A,1
DDX5,SNRPB,1
SNRPB,DDX5,1
DDX5,SRSF3,1
SRSF3,DDX5,1
DDX5,GTF2A2,1
GTF2A2,DDX5,1
DDX5,SUMO1,1
DDX5,DNAJC8,1
DDX5,YBX1,1
YBX1,DDX5,1
DDX5,ZWINT,1
DDX5,SRRM1,1
SRRM1,DDX5,1
DDX5,KHDRBS1,1
KHDRBS1,DDX5,1
DDX5,GTF2A1,1
GTF2A1,DDX5,1
DDX5,MBNL1,1
DDX5,CLTA,1
DDX5,POLR2J,1
POLR2J,DDX5,1
DDX5,SRSF9,1
SRSF9,DDX5,1
DDX5,POLR2G,1
POLR2G,DDX5,1
DDX5,POLR2H,1
POLR2H,DDX5,1
DDX5,SRRT,1
SRRT,DDX5,1
DDX5,SF1,1
SF1,DDX5,1
DDX5,HNRNPF,1
NME2,POLR2C,1
POLR2C,NME2,1
NME2,POLR2F,1
POLR2F,NME2,1
NME2,FKBP1A,1
NME2,TAF9,1
TAF9,NME2,1
NME2,POLR2B,1
POLR2B,NME2,1
NME2,NME1,1
NME2,GUK1,1
NME2,RPS17,1
NME2,AK2,1
NME2,POLR2H,1
POLR2H,NME2,1
NME2,GNB1,1
PER1,UBC,1
PER1,NFIL3,1
NFIL3,PER1,1
PER1,RPS27A,1
GTF2A1,TAF7,1
TAF7,GTF2A1,1
GTF2A1,POLR2C,1
POLR2C,GTF2A1,1
GTF2A1,TAF6,1
TAF6,GTF2A1,1
GTF2A1,POLR2B,1
POLR2B,GTF2A1,1
GTF2A1,POLR2D,1
POLR2D,GTF2A1,1
GTF2A1,POLR2F,1
POLR2F,GTF2A1,1
GTF2A1,TAF12,1
TAF12,GTF2A1,1
GTF2A1,GTF2A2,1
GTF2A2,GTF2A1,1
GTF2A1,TCEA1,1
TCEA1,GTF2A1,1
GTF2A1,TBPL1,1
TBPL1,GTF2A1,1
GTF2A1,POLR2A,1
POLR2A,GTF2A1,1
GTF2A1,TAF9,1
TAF9,GTF2A1,1
GTF2A1,NCOA3,1
NCOA3,GTF2A1,1
GTF2A1,POLR2J,1
POLR2J,GTF2A1,1
GTF2A1,POLR2G,1
POLR2G,GTF2A1,1
GTF2A1,GTF2E2,1
GTF2E2,GTF2A1,1
GTF2A1,POLR2H,1
POLR2H,GTF2A1,1
GTF2A1,POLR2K,1
POLR2K,GTF2A1,1
GTF2A1,SRRT,1
SRRT,GTF2A1,1
GTF2A1,GTF2B,1
GTF2B,GTF2A1,1
GTF2A1,SNAPC5,1
SNAPC5,GTF2A1,1
GTF2A1,SSU72,1
POLR2H,HNRNPK,1
HNRNPK,POLR2H,1
POLR2H,TAF7,1
TAF7,POLR2H,1
POLR2H,DDB1,1
DDB1,POLR2H,1
POLR2H,SRSF6,1
SRSF6,POLR2H,1
POLR2H,RNPS1,1
RNPS1,POLR2H,1
POLR2H,PAPOLA,1
PAPOLA,POLR2H,1
POLR2H,POLR2C,1
POLR2C,POLR2H,1
POLR2H,RBBP4,1
RBBP4,POLR2H,1
POLR2H,CREBBP,1
CREBBP,POLR2H,1
POLR2H,TAF6,1
TAF6,POLR2H,1
POLR2H,RBBP7,1
RBBP7,POLR2H,1
POLR2H,CDC5L,1
CDC5L,POLR2H,1
POLR2H,POLR2B,1
POLR2B,POLR2H,1
POLR2H,HNRNPC,1
POLR2H,NHP2,1
POLR2H,LSM3,1
POLR2H,COPS5,1
COPS5,POLR2H,1
POLR2H,POLR1D,1
POLR1D,POLR2H,1
POLR2H,UBC,1
POLR2H,SRSF2,1
SRSF2,POLR2H,1
POLR2H,HNRNPA2B1,1
POLR2H,H2AFV,1
POLR2H,PRPF40A,1
POLR2H,DEK,1
DEK,POLR2H,1
POLR2H,COPS2,1
COPS2,POLR2H,1
POLR2H,SNRPB,1
SNRPB,POLR2H,1
POLR2H,NME1,1
POLR2H,POLR2D,1
POLR2D,POLR2H,1
POLR2H,POLR2F,1
POLR2F,POLR2H,1
POLR2H,EZH2,1
EZH2,POLR2H,1
POLR2H,HNRNPD,1
HNRNPD,POLR2H,1
POLR2H,SRSF3,1
SRSF3,POLR2H,1
POLR2H,TAF12,1
TAF12,POLR2H,1
POLR2H,UBTF,1
UBTF,POLR2H,1
POLR2H,TCEA1,1
TCEA1,POLR2H,1
POLR2H,GTF2A2,1
GTF2A2,POLR2H,1
POLR2H,TRA2B,1
POLR2H,EGR2,1
EGR2,POLR2H,1
POLR2H,DNAJC8,1
POLR2H,TCEB3,1
TCEB3,POLR2H,1
POLR2H,MED10,1
POLR2H,TBPL1,1
TBPL1,POLR2H,1
POLR2H,YBX1,1
YBX1,POLR2H,1
POLR2H,POLR2A,1
POLR2A,POLR2H,1
POLR2H,POLR3K,1
POLR3K,POLR2H,1
POLR2H,SF3B5,1
POLR2H,SRRM1,1
SRRM1,POLR2H,1
POLR2H,TAF9,1
TAF9,POLR2H,1
POLR2H,RFC1,1
RFC1,POLR2H,1
POLR2H,ACTB,1
POLR2H,SMARCA5,1
SMARCA5,POLR2H,1
POLR2H,SRSF5,1
SRSF5,POLR2H,1
POLR2H,TCEB2,1
TCEB2,POLR2H,1
POLR2H,NCOA3,1
NCOA3,POLR2H,1
POLR2H,NHP2L1,1
POLR2H,WBP11,1
WBP11,POLR2H,1
POLR2H,TCEB1,1
TCEB1,POLR2H,1
POLR2H,MED21,1
MED21,POLR2H,1
POLR2H,TIAL1,1
TIAL1,POLR2H,1
POLR2H,SSRP1,1
SSRP1,POLR2H,1
POLR2H,SNRPD2,1
POLR2H,PCNA,1
POLR2H,BUD31,1
POLR2H,SNRNP25,1
POLR2H,POLR2J,1
POLR2J,POLR2H,1
POLR2H,SRSF9,1
SRSF9,POLR2H,1
POLR2H,POLR2G,1
POLR2G,POLR2H,1
POLR2H,ZNRD1,1
ZNRD1,POLR2H,1
POLR2H,GTF2E2,1
GTF2E2,POLR2H,1
POLR2H,POLR2K,1
POLR2K,POLR2H,1
POLR2H,JUN,1
JUN,POLR2H,1
POLR2H,SRRT,1
SRRT,POLR2H,1
POLR2H,GTF2B,1
GTF2B,POLR2H,1
POLR2H,H3F3B,1
POLR2H,H3F3A,1
POLR2H,SF1,1
SF1,POLR2H,1
POLR2H,AFF4,1
AFF4,POLR2H,1
POLR2H,SNAPC5,1
SNAPC5,POLR2H,1
POLR2H,HNRNPF,1
POLR2H,RPS27A,1
POLR2H,LSM7,1
POLR2H,SSU72,1
POLR2H,NCOR1,1
NCOR1,POLR2H,1
REL,PSMA6,1
HNRNPD,PSMA6,1
NFKB1,PSMA6,1
TNF,PSMA6,1
TCEB2,PSMA6,1
TRP53,PSMA6,1
NFKBIB,PSMA6,1
NFKBIA,PSMA6,1
RELA,PSMA6,1
BUB3,PSMA6,1
HIF1A,PSMA6,1
TCEB1,PSMA6,1
NFKBIA,PSMD7,1
NFKBIA,PSME1,1
NFKBIA,PSMB3,1
NFKBIA,PSMC6,1
NFKBIA,UBC,1
NFKBIA,REL,1
REL,NFKBIA,1
NFKBIA,NFKB1,1
NFKB1,NFKBIA,1
NFKBIA,TNF,1
TNF,NFKBIA,1
NFKBIA,CSNK2B,1
NFKBIA,PSMA3,1
NFKBIA,PSMB10,1
NFKBIA,PSMB7,1
NFKBIA,SKP1A,1
NFKBIA,TRP53,1
TRP53,NFKBIA,1
NFKBIA,PSMA5,1
NFKBIA,PSMD6,1
NFKBIA,NFKBIB,1
NFKBIB,NFKBIA,1
NFKBIA,PSMB5,1
NFKBIA,PSMC3,1
NFKBIA,PSMD8,1
NFKBIA,RELA,1
RELA,NFKBIA,1
NFKBIA,RPS27A,1
NFKBIA,PSME2,1
NFKBIA,PSMA7,1
NFKBIA,SUMO1,1
NFKBIA,IL1B,1
NFKBIA,PSMD14,1
NFKBIA,PSMA4,1
NFKBIA,SQSTM1,1
NFKBIA,PSMC1,1
NFKBIA,MYD88,1
MYD88,NFKBIA,1
NFKBIA,PSMB9,1
NFKBIA,PSMB8,1
NFKBIA,PSMB2,1
NFKBIA,PSMC4,1
HIF1A,PSMD7,1
HIF1A,PSME1,1
HIF1A,PSMB3,1
HIF1A,CREBBP,1
CREBBP,HIF1A,1
HIF1A,PSMC6,1
HIF1A,UBC,1
HIF1A,COMMD1,1
HIF1A,TNF,1
TNF,HIF1A,1
HIF1A,GPNMB,1
HIF1A,PSMA3,1
HIF1A,PSMB10,1
HIF1A,PSMB7,1
HIF1A,TCEB2,1
TCEB2,HIF1A,1
HIF1A,TRP53,1
TRP53,HIF1A,1
HIF1A,PSMA5,1
HIF1A,LDHA,1
HIF1A,PSMD6,1
HIF1A,HSP90AA1,1
HIF1A,PSMB5,1
HIF1A,STAT3,1
STAT3,HIF1A,1
HIF1A,PSMC3,1
HIF1A,PSMD8,1
HIF1A,UBE2D3,1
HIF1A,RPS27A,1
HIF1A,PSME2,1
HIF1A,COMMD4,1
HIF1A,PSMA7,1
HIF1A,COMMD6,1
HIF1A,MAPK1,1
MAPK1,HIF1A,1
HIF1A,PSMD14,1
HIF1A,PSMA4,1
HIF1A,COMMD3,1
HIF1A,TCEB1,1
TCEB1,HIF1A,1
HIF1A,PSMC1,1
HIF1A,PSMB9,1
HIF1A,PSMB8,1
HIF1A,MAPK3,1
MAPK3,HIF1A,1
HIF1A,PSMB2,1
HIF1A,PSMC4,1
ZFP36L1,HNRNPD,1
HNRNPD,ZFP36L1,1
TARDBP,ERH,1
SNRPB,ERH,1
SSB,ERH,1
CDC5L,PSMC1,1
REL,PSMC1,1
HNRNPD,PSMC1,1
NFKB1,PSMC1,1
TNF,PSMC1,1
TCEB2,PSMC1,1
TRP53,PSMC1,1
NFKBIB,PSMC1,1
RELA,PSMC1,1
BUB3,PSMC1,1
TCEB1,PSMC1,1
RBL2,PSMC1,1
PA2G4,NPC2,1
MAPK1,NPC2,1
POLR1D,FCF1,1
FOS,CREBBP,1
CREBBP,FOS,1
FOS,ATF4,1
ATF4,FOS,1
FOS,TNF,1
TNF,FOS,1
FOS,EGR2,1
EGR2,FOS,1
FOS,NR3C1,1
NR3C1,FOS,1
FOS,NCOA3,1
NCOA3,FOS,1
FOS,TRP53,1
TRP53,FOS,1
FOS,STAT3,1
STAT3,FOS,1
FOS,JUN,1
JUN,FOS,1
FOS,ATF2,1
ATF2,FOS,1
FOS,NR4A1,1
NR4A1,FOS,1
FOS,MED1,1
MED1,FOS,1
FOS,JUNB,1
JUNB,FOS,1
FOS,HDAC1,1
HDAC1,FOS,1
FOS,H2AFV,1
FOS,FOSL2,1
FOSL2,FOS,1
FOS,EGR1,1
EGR1,FOS,1
FOS,IL1B,1
FOS,MAPK1,1
MAPK1,FOS,1
FOS,ATF3,1
ATF3,FOS,1
FOS,STAT1,1
STAT1,FOS,1
FOS,H3F3B,1
FOS,H3F3A,1
FOS,MAPK3,1
MAPK3,FOS,1
FOS,DUSP1,1
FOS,CREM,1
CREM,FOS,1
IRF4,REL,1
REL,IRF4,1
IRF4,STAT6,1
STAT6,IRF4,1
IRF4,BATF3,1
BATF3,IRF4,1
IRF4,MYD88,1
MYD88,IRF4,1
IRF4,STAT3,1
STAT3,IRF4,1
IRF4,H3F3B,1
IRF4,H3F3A,1
DEK,H2AFV,1
DEK,POLR2F,1
POLR2F,DEK,1
DEK,ACTB,1
DEK,SMARCA5,1
SMARCA5,DEK,1
DEK,UPF1,1
UPF1,DEK,1
DEK,ZNRD1,1
ZNRD1,DEK,1
DEK,POLR2K,1
POLR2K,DEK,1
DEK,H3F3B,1
DEK,H3F3A,1
TLR4,LY86,1
NCOA3,MED10,1
MED1,MED10,1
THRAP3,MED10,1
POLR2C,MED10,1
CREBBP,MED10,1
POLR2B,MED10,1
NCOR2,MED10,1
MED21,MED10,1
POLR2D,MED10,1
POLR2F,MED10,1
POLR2J,MED10,1
POLR2G,MED10,1
GTF2A2,MED10,1
POLR2K,MED10,1
GTF2B,MED10,1
POLR2A,MED10,1
MED27,MED10,1
NCOR1,MED10,1
POLR2C,MRPL36,1
TAF9,TAF7,1
TAF7,TAF9,1
TAF9,TMEM179B,1
TAF9,POLR2C,1
POLR2C,TAF9,1
TAF9,TAF6,1
TAF6,TAF9,1
TAF9,POLR2B,1
POLR2B,TAF9,1
TAF9,NHP2,1
TAF9,POLR1D,1
POLR1D,TAF9,1
TAF9,RUVBL2,1
RUVBL2,TAF9,1
TAF9,NME1,1
TAF9,POLR2D,1
POLR2D,TAF9,1
TAF9,POLR2F,1
POLR2F,TAF9,1
TAF9,TAF12,1
TAF12,TAF9,1
TAF9,GTF2A2,1
GTF2A2,TAF9,1
TAF9,TCEA1,1
TCEA1,TAF9,1
TAF9,TRP53,1
TRP53,TAF9,1
TAF9,AK2,1
TAF9,POLR2J,1
POLR2J,TAF9,1
TAF9,POLR2G,1
POLR2G,TAF9,1
TAF9,GTF2E2,1
GTF2E2,TAF9,1
TAF9,POLR2K,1
POLR2K,TAF9,1
TAF9,SRRT,1
SRRT,TAF9,1
TAF9,GTF2B,1
GTF2B,TAF9,1
TAF9,RPS14,1
TAF9,HCFC1,1
HCFC1,TAF9,1
TAF9,SNAPC5,1
SNAPC5,TAF9,1
TAF9,SSU72,1
BTF3,RPL15,1
BTF3,RPS3,1
BTF3,RPS21,1
BTF3,RPL38,1
BTF3,RPL23,1
BTF3,RPL37A,1
BTF3,RPL36AL,1
BTF3,RPL36A,1
BTF3,RPL5,1
BTF3,RPS20,1
BTF3,RPL14,1
BTF3,RPS24,1
BTF3,RPS8,1
BTF3,RPS17,1
BTF3,RPS19,1
BTF3,RPS13,1
BTF3,RPS6,1
BTF3,RPL35A,1
BTF3,RPS16,1
BTF3,NACA,1
BTF3,RPS14,1
BTF3,RPS27A,1
BTF3,RPS25,1
CDC5L,PLK2,1
COPS5,PSMD6,1
REL,PSMD6,1
COPS2,PSMD6,1
HNRNPD,PSMD6,1
NFKB1,PSMD6,1
TNF,PSMD6,1
BUB3,PSMD6,1
TCEB2,PSMD6,1
TRP53,PSMD6,1
TCEB1,PSMD6,1
NFKBIB,PSMD6,1
RELA,PSMD6,1
CDC5L,PSMC6,1
REL,PSMC6,1
HNRNPD,PSMC6,1
NFKB1,PSMC6,1
TNF,PSMC6,1
TCEB2,PSMC6,1
TRP53,PSMC6,1
NFKBIB,PSMC6,1
RELA,PSMC6,1
COPS2,PSMC6,1
BUB3,PSMC6,1
TCEB1,PSMC6,1
CDC5L,ARF4,1
TOX4,STARD3NL,1
TOX4,PPP2R5C,1
TOX4,NCK1,1
REL,PSMB5,1
HNRNPD,PSMB5,1
NFKB1,PSMB5,1
TNF,PSMB5,1
TCEB2,PSMB5,1
TRP53,PSMB5,1
NFKBIB,PSMB5,1
RELA,PSMB5,1
BUB3,PSMB5,1
TCEB1,PSMB5,1
PA2G4,CCT5,1
CDC5L,CCT5,1
NAP1L4,EIF3E,1
CDC5L,EIF3E,1
COPS5,EIF3E,1
CDC5L,TWF1,1
VDR,MED1,1
MED1,VDR,1
CIITA,CD74,1
CIITA,CREBBP,1
CREBBP,CIITA,1
CIITA,H2-AB1,1
CIITA,H2-K1,1
CIITA,STAT1,1
STAT1,CIITA,1
CREBBP,ARID1B,1
ARID1B,CREBBP,1
CREBBP,POLR2C,1
POLR2C,CREBBP,1
CREBBP,RBBP4,1
RBBP4,CREBBP,1
CREBBP,NFE2L2,1
NFE2L2,CREBBP,1
CREBBP,FABP4,1
CREBBP,POLR2D,1
POLR2D,CREBBP,1
CREBBP,POLR2F,1
POLR2F,CREBBP,1
CREBBP,EZH2,1
EZH2,CREBBP,1
CREBBP,NFKB1,1
NFKB1,CREBBP,1
CREBBP,ATF4,1
ATF4,CREBBP,1
CREBBP,CBFB,1
CBFB,CREBBP,1
CREBBP,POLR2A,1
POLR2A,CREBBP,1
CREBBP,NR3C1,1
NR3C1,CREBBP,1
CREBBP,RUNX1,1
RUNX1,CREBBP,1
CREBBP,NCOA3,1
NCOA3,CREBBP,1
CREBBP,TRP53,1
TRP53,CREBBP,1
CREBBP,NOTCH2,1
NOTCH2,CREBBP,1
CREBBP,NCOR2,1
NCOR2,CREBBP,1
CREBBP,TCF12,1
TCF12,CREBBP,1
CREBBP,SMARCA4,1
SMARCA4,CREBBP,1
CREBBP,MEF2A,1
MEF2A,CREBBP,1
CREBBP,ETS2,1
ETS2,CREBBP,1
CREBBP,STAT3,1
STAT3,CREBBP,1
CREBBP,POLR2K,1
POLR2K,CREBBP,1
CREBBP,JUN,1
JUN,CREBBP,1
CREBBP,GTF2B,1
GTF2B,CREBBP,1
CREBBP,RELA,1
RELA,CREBBP,1
CREBBP,ATF2,1
ATF2,CREBBP,1
CREBBP,MED1,1
MED1,CREBBP,1
CREBBP,THRAP3,1
THRAP3,CREBBP,1
CREBBP,RBBP7,1
RBBP7,CREBBP,1
CREBBP,POLR2B,1
POLR2B,CREBBP,1
CREBBP,CREB3,1
CREB3,CREBBP,1
CREBBP,HDAC1,1
HDAC1,CREBBP,1
CREBBP,H2AFV,1
CREBBP,SUMO1,1
CREBBP,ASH1L,1
ASH1L,CREBBP,1
CREBBP,EGR1,1
EGR1,CREBBP,1
CREBBP,RBPJ,1
RBPJ,CREBBP,1
CREBBP,MED21,1
MED21,CREBBP,1
CREBBP,STAT6,1
STAT6,CREBBP,1
CREBBP,SMAD2,1
SMAD2,CREBBP,1
CREBBP,TCF7L2,1
TCF7L2,CREBBP,1
CREBBP,PTMA,1
CREBBP,POLR2J,1
POLR2J,CREBBP,1
CREBBP,POLR2G,1
POLR2G,CREBBP,1
CREBBP,STAT1,1
STAT1,CREBBP,1
CREBBP,H3F3B,1
CREBBP,H3F3A,1
CREBBP,MAPK3,1
MAPK3,CREBBP,1
CREBBP,MED27,1
MED27,CREBBP,1
CREBBP,CREM,1
CREM,CREBBP,1
CREBBP,NCOR1,1
NCOR1,CREBBP,1
PA2G4,RPL24,1
EIF5B,RPL24,1
MCM4,MCM6,1
MCM6,MCM4,1
MCM4,MCM3,1
MCM3,MCM4,1
MCM4,CDC5L,1
CDC5L,MCM4,1
MCM4,UBC,1
MCM4,TRP53,1
TRP53,MCM4,1
MCM4,SSRP1,1
SSRP1,MCM4,1
MCM4,PCNA,1
MCM4,RAD51,1
RAD51,MCM4,1
MCM4,RPS27A,1
MCM4,HAT1,1
MCM4,BIRC5,1
MCM4,MCM5,1
MCM5,MCM4,1
MCM4,RFC1,1
RFC1,MCM4,1
HCLS1,RAC2,1
HCLS1,HAX1,1
HAX1,HCLS1,1
ETS2,RUNX1,1
RUNX1,ETS2,1
ETS2,TRP53,1
TRP53,ETS2,1
ETS2,JUN,1
JUN,ETS2,1
ETS2,MAPK1,1
MAPK1,ETS2,1
ETS2,MAPK3,1
MAPK3,ETS2,1
RUNX1,ARID1B,1
ARID1B,RUNX1,1
RUNX1,ELF1,1
ELF1,RUNX1,1
RUNX1,HDAC1,1
HDAC1,RUNX1,1
RUNX1,H2AFV,1
RUNX1,SMARCE1,1
SMARCE1,RUNX1,1
RUNX1,ELF2,1
ELF2,RUNX1,1
RUNX1,CEBPA,1
CEBPA,RUNX1,1
RUNX1,LDB1,1
LDB1,RUNX1,1
RUNX1,CBFB,1
CBFB,RUNX1,1
RUNX1,PBRM1,1
PBRM1,RUNX1,1
RUNX1,CSNK2B,1
RUNX1,SMARCC2,1
SMARCC2,RUNX1,1
RUNX1,TCF12,1
TCF12,RUNX1,1
RUNX1,CTBP1,1
CTBP1,RUNX1,1
RUNX1,SMARCA4,1
SMARCA4,RUNX1,1
RUNX1,DPY30,1
RUNX1,ARID1A,1
ARID1A,RUNX1,1
RUNX1,H3F3B,1
RUNX1,H3F3A,1
COPS5,ATP5O,1
KDM5A,ATP5O,1
KDM5C,ATP5O,1
KDM6B,ATP5O,1
NFE2L2,SOD1,1
TARDBP,SOD1,1
NR4A1,MED1,1
MED1,NR4A1,1
NR4A1,EGR2,1
EGR2,NR4A1,1
NR4A1,EGR1,1
EGR1,NR4A1,1
NR4A1,MAPK1,1
MAPK1,NR4A1,1
NR4A1,MAPK3,1
MAPK3,NR4A1,1
NR4A1,DUSP1,1
TARBP2,HSD17B10,1
SMAD4,CDKN1A,1
EZH2,CDKN1A,1
TRP53,CDKN1A,1
KLF4,CDKN1A,1
HDAC1,CDKN1A,1
TFDP1,CDKN1A,1
RBL2,CDKN1A,1
TLR4,CLEC4N,1
CHD1,SSRP1,1
SSRP1,CHD1,1
CHD1,ASH1L,1
ASH1L,CHD1,1
CHD1,H3F3B,1
CHD1,H3F3A,1
CDC5L,HNRNPK,1
HNRNPK,CDC5L,1
CDC5L,SRA1,1
CDC5L,SNRPE,1
CDC5L,RPS3,1
CDC5L,ARID1B,1
ARID1B,CDC5L,1
CDC5L,SRSF6,1
SRSF6,CDC5L,1
CDC5L,ATP6AP2,1
CDC5L,PAPOLA,1
PAPOLA,CDC5L,1
CDC5L,POLR2C,1
POLR2C,CDC5L,1
CDC5L,SFPQ,1
SFPQ,CDC5L,1
CDC5L,TCERG1,1
TCERG1,CDC5L,1
CDC5L,RBBP4,1
RBBP4,CDC5L,1
CDC5L,GATAD2A,1
GATAD2A,CDC5L,1
CDC5L,HNRNPC,1
CDC5L,SRSF2,1
SRSF2,CDC5L,1
CDC5L,RUVBL2,1
RUVBL2,CDC5L,1
CDC5L,POLR2D,1
POLR2D,CDC5L,1
CDC5L,POLR2F,1
POLR2F,CDC5L,1
CDC5L,SMARCE1,1
SMARCE1,CDC5L,1
CDC5L,HSPA5,1
CDC5L,HNRNPD,1
HNRNPD,CDC5L,1
CDC5L,NONO,1
NONO,CDC5L,1
CDC5L,TRA2B,1
CDC5L,BAZ1A,1
BAZ1A,CDC5L,1
CDC5L,PCBP2,1
PCBP2,CDC5L,1
CDC5L,SF3B5,1
CDC5L,TUBA1C,1
CDC5L,IQGAP1,1
CDC5L,TUBA1B,1
CDC5L,SRSF5,1
SRSF5,CDC5L,1
CDC5L,TCP1,1
CDC5L,SMARCC2,1
SMARCC2,CDC5L,1
CDC5L,SLC25A4,1
CDC5L,WBP11,1
WBP11,CDC5L,1
CDC5L,VIM,1
CDC5L,NCOR2,1
NCOR2,CDC5L,1
CDC5L,TIAL1,1
TIAL1,CDC5L,1
CDC5L,SMARCA4,1
SMARCA4,CDC5L,1
CDC5L,MTA2,1
MTA2,CDC5L,1
CDC5L,SNRPD2,1
CDC5L,BUD31,1
CDC5L,BZW1,1
CDC5L,HSP90AA1,1
CDC5L,PSMC3,1
CDC5L,POLR2K,1
POLR2K,CDC5L,1
CDC5L,ARID1A,1
ARID1A,CDC5L,1
CDC5L,CAPG,1
CDC5L,LSM7,1
CDC5L,EIF5B,1
EIF5B,CDC5L,1
CDC5L,THRAP3,1
THRAP3,CDC5L,1
CDC5L,RNPS1,1
RNPS1,CDC5L,1
CDC5L,RBBP7,1
RBBP7,CDC5L,1
CDC5L,POLR2B,1
POLR2B,CDC5L,1
CDC5L,SNRPG,1
CDC5L,LSM3,1
CDC5L,COPS5,1
COPS5,CDC5L,1
CDC5L,HDAC1,1
HDAC1,CDC5L,1
CDC5L,HSP90AB1,1
CDC5L,EIF3I,1
CDC5L,DYNC1LI1,1
CDC5L,HNRNPA2B1,1
CDC5L,TARDBP,1
TARDBP,CDC5L,1
CDC5L,PRPF40A,1
CDC5L,MCM5,1
MCM5,CDC5L,1
CDC5L,SNRPB,1
SNRPB,CDC5L,1
CDC5L,BCLAF1,1
BCLAF1,CDC5L,1
CDC5L,EEF1A1,1
CDC5L,SRSF3,1
SRSF3,CDC5L,1
CDC5L,ZFML,1
ZFML,CDC5L,1
CDC5L,CCT8,1
CDC5L,MORF4L1,1
CDC5L,DNAJC8,1
CDC5L,YBX1,1
YBX1,CDC5L,1
CDC5L,BUB3,1
BUB3,CDC5L,1
CDC5L,GTF2I,1
GTF2I,CDC5L,1
CDC5L,CAPZA1,1
CDC5L,SRRM1,1
SRRM1,CDC5L,1
CDC5L,ACTB,1
CDC5L,SMARCA5,1
SMARCA5,CDC5L,1
CDC5L,EIF4A1,1
CDC5L,CCT2,1
CDC5L,UPF1,1
UPF1,CDC5L,1
CDC5L,CTNNA1,1
CDC5L,KHDRBS1,1
KHDRBS1,CDC5L,1
CDC5L,RPLP0,1
CDC5L,ILF3,1
ILF3,CDC5L,1
CDC5L,MATR3,1
MATR3,CDC5L,1
CDC5L,RBM39,1
RBM39,CDC5L,1
CDC5L,SUGT1,1
CDC5L,SEPT7,1
CDC5L,POLR2J,1
POLR2J,CDC5L,1
CDC5L,SRSF9,1
SRSF9,CDC5L,1
CDC5L,POLR2G,1
POLR2G,CDC5L,1
CDC5L,CCT4,1
CDC5L,SRRT,1
SRRT,CDC5L,1
CDC5L,SF1,1
SF1,CDC5L,1
CDC5L,HNRNPF,1
CDC5L,PSMC4,1
CDC5L,NCOR1,1
NCOR1,CDC5L,1
NR3C1,HSP90AB1,1
TRP53,HSP90AB1,1
AHR,HSP90AB1,1
STAT3,HSP90AB1,1
MAPK1,HSP90AB1,1
MAPK3,HSP90AB1,1
TLR4,TREM2,1
CNOT6L,VAPA,1
TNF,DUSP1,1
ZFP36,DUSP1,1
JUN,DUSP1,1
EGR1,DUSP1,1
MAPK1,DUSP1,1
MAPK3,DUSP1,1
POLR2D,HNRNPK,1
HNRNPK,POLR2D,1
POLR2D,TAF7,1
TAF7,POLR2D,1
POLR2D,DDB1,1
DDB1,POLR2D,1
POLR2D,SRSF6,1
SRSF6,POLR2D,1
POLR2D,RNPS1,1
RNPS1,POLR2D,1
POLR2D,PAPOLA,1
PAPOLA,POLR2D,1
POLR2D,POLR2C,1
POLR2C,POLR2D,1
POLR2D,RBBP4,1
RBBP4,POLR2D,1
POLR2D,TAF6,1
TAF6,POLR2D,1
POLR2D,RBBP7,1
RBBP7,POLR2D,1
POLR2D,POLR2B,1
POLR2B,POLR2D,1
POLR2D,HNRNPC,1
POLR2D,LSM3,1
POLR2D,COPS5,1
COPS5,POLR2D,1
POLR2D,POLR1D,1
POLR1D,POLR2D,1
POLR2D,UBC,1
POLR2D,SRSF2,1
SRSF2,POLR2D,1
POLR2D,HNRNPA2B1,1
POLR2D,H2AFV,1
POLR2D,PRPF40A,1
POLR2D,COPS2,1
COPS2,POLR2D,1
POLR2D,SNRPB,1
SNRPB,POLR2D,1
POLR2D,POLR2F,1
POLR2F,POLR2D,1
POLR2D,EZH2,1
EZH2,POLR2D,1
POLR2D,HNRNPD,1
HNRNPD,POLR2D,1
POLR2D,SRSF3,1
SRSF3,POLR2D,1
POLR2D,TAF12,1
TAF12,POLR2D,1
POLR2D,TCEA1,1
TCEA1,POLR2D,1
POLR2D,GTF2A2,1
GTF2A2,POLR2D,1
POLR2D,TRA2B,1
POLR2D,EGR2,1
EGR2,POLR2D,1
POLR2D,DNAJC8,1
POLR2D,TCEB3,1
TCEB3,POLR2D,1
POLR2D,TBPL1,1
TBPL1,POLR2D,1
POLR2D,YBX1,1
YBX1,POLR2D,1
POLR2D,POLR2A,1
POLR2A,POLR2D,1
POLR2D,POLR3K,1
POLR3K,POLR2D,1
POLR2D,SF3B5,1
POLR2D,SRRM1,1
SRRM1,POLR2D,1
POLR2D,RFC1,1
RFC1,POLR2D,1
POLR2D,SRSF5,1
SRSF5,POLR2D,1
POLR2D,TCEB2,1
TCEB2,POLR2D,1
POLR2D,NCOA3,1
NCOA3,POLR2D,1
POLR2D,WBP11,1
WBP11,POLR2D,1
POLR2D,TCEB1,1
TCEB1,POLR2D,1
POLR2D,MED21,1
MED21,POLR2D,1
POLR2D,TIAL1,1
TIAL1,POLR2D,1
POLR2D,SSRP1,1
SSRP1,POLR2D,1
POLR2D,SNRPD2,1
POLR2D,PCNA,1
POLR2D,BUD31,1
POLR2D,SNRNP25,1
POLR2D,POLR2J,1
POLR2J,POLR2D,1
POLR2D,SRSF9,1
SRSF9,POLR2D,1
POLR2D,POLR2G,1
POLR2G,POLR2D,1
POLR2D,ZNRD1,1
ZNRD1,POLR2D,1
POLR2D,GTF2E2,1
GTF2E2,POLR2D,1
POLR2D,POLR2K,1
POLR2K,POLR2D,1
POLR2D,JUN,1
JUN,POLR2D,1
POLR2D,SRRT,1
SRRT,POLR2D,1
POLR2D,GTF2B,1
GTF2B,POLR2D,1
POLR2D,H3F3B,1
POLR2D,H3F3A,1
POLR2D,SF1,1
SF1,POLR2D,1
POLR2D,AFF4,1
AFF4,POLR2D,1
POLR2D,SNAPC5,1
SNAPC5,POLR2D,1
POLR2D,HNRNPF,1
POLR2D,RPS27A,1
POLR2D,LSM7,1
POLR2D,SSU72,1
POLR2D,NCOR1,1
NCOR1,POLR2D,1
TNF,H2-K1,1
REL,PSMB8,1
HNRNPD,PSMB8,1
NFKB1,PSMB8,1
TNF,PSMB8,1
TCEB2,PSMB8,1
TRP53,PSMB8,1
NFKBIB,PSMB8,1
RELA,PSMB8,1
BUB3,PSMB8,1
TCEB1,PSMB8,1
IRF1,PSMB8,1
STAT1,PSMB8,1
BIN1,TRF,1
BIN1,UBC,1
BIN1,ARPC4,1
BIN1,AP2S1,1
BIN1,ACTR3,1
BIN1,DAB2,1
DAB2,BIN1,1
BIN1,CLTA,1
BIN1,ARPC5,1
BIN1,RPS27A,1
CBFB,CSNK2B,1
TRP53,CSNK2B,1
SSRP1,CSNK2B,1
HCFC1,CSNK2B,1
TNF,AIF1,1
TNF,PSMD7,1
TNF,PSME1,1
TNF,PSMB3,1
TNF,CD14,1
TNF,UBC,1
TNF,REL,1
REL,TNF,1
TNF,FCGR2B,1
TNF,HMGB1,1
TNF,NFKB1,1
NFKB1,TNF,1
TNF,CEBPA,1
CEBPA,TNF,1
TNF,CD68,1
TNF,MRC1,1
TNF,CXCL1,1
TNF,PTPRC,1
TNF,PSMA3,1
TNF,PSMB10,1
TNF,ZFP36,1
ZFP36,TNF,1
TNF,PSMB7,1
TNF,CFLAR,1
TNF,TRP53,1
TRP53,TNF,1
TNF,PSMA5,1
TNF,IL1RN,1
TNF,NFKBIB,1
NFKBIB,TNF,1
TNF,CXCL2,1
TNF,STAT3,1
STAT3,TNF,1
TNF,PSMC3,1
TNF,JUN,1
JUN,TNF,1
TNF,PSMD8,1
TNF,RELA,1
RELA,TNF,1
TNF,RPS27A,1
TNF,PSME2,1
TNF,ANXA5,1
TNF,PSMA7,1
TNF,CCR2,1
TNF,IL1B,1
TNF,ACTB,1
TNF,TLR2,1
TNF,MAPK1,1
MAPK1,TNF,1
TNF,PSMD14,1
TNF,TLR4,1
TLR4,TNF,1
TNF,PSMA4,1
TNF,CCRL2,1
TNF,IL1A,1
TNF,IRF1,1
IRF1,TNF,1
TNF,TNFRSF1B,1
TNF,MYD88,1
MYD88,TNF,1
TNF,ITGAX,1
TNF,PSMB9,1
TNF,STAT1,1
STAT1,TNF,1
TNF,LAMP1,1
TNF,MAPK3,1
MAPK3,TNF,1
TNF,PSMB2,1
TNF,CLEC4E,1
TNF,PSMC4,1
TNF,CASP1,1
TCERG1,SNRPG,1
TCERG1,SNRPB,1
SNRPB,TCERG1,1
TCERG1,RBM39,1
RBM39,TCERG1,1
TCERG1,SNRPD2,1
SMAD4,UBC,1
SMAD4,SKI,1
SKI,SMAD4,1
SMAD4,CBFB,1
CBFB,SMAD4,1
SMAD4,TRP53,1
TRP53,SMAD4,1
SMAD4,TGIF1,1
TGIF1,SMAD4,1
SMAD4,NCOR2,1
NCOR2,SMAD4,1
SMAD4,UBE2D3,1
SMAD4,RPS27A,1
SMAD4,HDAC1,1
HDAC1,SMAD4,1
SMAD4,TFDP1,1
TFDP1,SMAD4,1
SMAD4,HOPX,1
HOPX,SMAD4,1
SMAD4,SKIL,1
SKIL,SMAD4,1
SMAD4,SMAD2,1
SMAD2,SMAD4,1
SMAD4,TCF7L2,1
TCF7L2,SMAD4,1
SMAD4,PARP1,1
PARP1,SMAD4,1
SMAD4,MAPK3,1
MAPK3,SMAD4,1
SMAD4,NCOR1,1
NCOR1,SMAD4,1
CXXC1,DPY30,1
CXXC1,HCFC1,1
HCFC1,CXXC1,1
EIF5B,RPS14,1
RNPS1,RPS14,1
POLR2C,RPS14,1
POLR2B,RPS14,1
POLR2F,RPS14,1
UPF1,RPS14,1
TRP53,RPS14,1
SRSF9,RPS14,1
NCOA4,FTH1,1
DDB1,POLR2C,1
POLR2C,DDB1,1
DDB1,UBC,1
DDB1,POLR2F,1
POLR2F,DDB1,1
DDB1,COMMD1,1
DDB1,TCEA1,1
TCEA1,DDB1,1
DDB1,SKP1A,1
DDB1,RNF7,1
DDB1,TRP53,1
TRP53,DDB1,1
DDB1,PCNA,1
DDB1,POLR2K,1
POLR2K,DDB1,1
DDB1,RPS27A,1
DDB1,RBBP7,1
RBBP7,DDB1,1
DDB1,POLR2B,1
POLR2B,DDB1,1
DDB1,COPS5,1
COPS5,DDB1,1
DDB1,COMMD4,1
DDB1,COPS2,1
COPS2,DDB1,1
DDB1,SUMO1,1
DDB1,COMMD6,1
DDB1,RFC1,1
RFC1,DDB1,1
DDB1,ACTB,1
DDB1,COMMD3,1
DDB1,PARP1,1
PARP1,DDB1,1
DDB1,POLR2J,1
POLR2J,DDB1,1
DDB1,POLR2G,1
POLR2G,DDB1,1
RELA,PSMD7,1
RELA,RPS3,1
RELA,PSME1,1
RELA,PSMB3,1
RELA,UBC,1
RELA,REL,1
REL,RELA,1
RELA,HMGB1,1
RELA,NFKB1,1
NFKB1,RELA,1
RELA,CXCL1,1
RELA,PSMA3,1
RELA,PSMB10,1
RELA,PSMB7,1
RELA,SKP1A,1
RELA,TRP53,1
TRP53,RELA,1
RELA,PSMA5,1
RELA,NRAS,1
RELA,NFKBIB,1
NFKBIB,RELA,1
RELA,CXCL2,1
RELA,STAT3,1
STAT3,RELA,1
RELA,PSMC3,1
RELA,JUN,1
JUN,RELA,1
RELA,PSMD8,1
RELA,RPS27A,1
RELA,PSME2,1
RELA,HDAC1,1
HDAC1,RELA,1
RELA,RAC1,1
RELA,RAC2,1
RELA,PSMA7,1
RELA,IL1B,1
RELA,TLR2,1
RELA,PSMD14,1
RELA,TLR4,1
TLR4,RELA,1
RELA,PSMA4,1
RELA,IL1A,1
RELA,SQSTM1,1
RELA,IRF1,1
IRF1,RELA,1
RELA,MYD88,1
MYD88,RELA,1
RELA,PSMB9,1
RELA,NFKBIZ,1
NFKBIZ,RELA,1
RELA,PSMB2,1
RELA,PSMC4,1
HHEX,JUN,1
JUN,HHEX,1
XBP1,P4HB,1
ATF6,P4HB,1
EIF5B,RPS26,1
PA2G4,LYZ2,1
PA2G4,RPL27A,1
PA2G4,GRN,1
PA2G4,GGH,1
PA2G4,CREG1,1
PA2G4,NHP2,1
PA2G4,RPL7,1
PA2G4,RPL37A,1
PA2G4,RPL27,1
PA2G4,RPL6,1
PA2G4,RPL39,1
PA2G4,PYCARD,1
PA2G4,RPL23A,1
PA2G4,RPL9,1
PA2G4,RPL35,1
PA2G4,FABP5,1
PA2G4,RPL14,1
PA2G4,SDCBP,1
PA2G4,TCP1,1
PA2G4,GDI2,1
PA2G4,RPS13,1
PA2G4,RPL4,1
PA2G4,ANXA2,1
PA2G4,RPL32,1
PA2G4,RPL22L1,1
PA2G4,PRDX6,1
PA2G4,ZNRD1,1
ZNRD1,PA2G4,1
PA2G4,RPL10A,1
PA2G4,EIF3K,1
PA2G4,ACLY,1
PA2G4,RPL15,1
PA2G4,RPL26,1
PA2G4,EAR2,1
PA2G4,RPL34,1
PA2G4,RPL38,1
PA2G4,RPL23,1
PA2G4,EIF3I,1
PA2G4,LYZ1,1
PA2G4,FTL1,1
PA2G4,RPL11,1
PA2G4,RPL5,1
PA2G4,CCT8,1
PA2G4,GUSB,1
PA2G4,EEF1G,1
PA2G4,MAPK1,1
MAPK1,PA2G4,1
PA2G4,RPS24,1
PA2G4,CCT2,1
PA2G4,RPL21,1
PA2G4,RPL30,1
PA2G4,RPLP0,1
PA2G4,RPS8,1
PA2G4,CTSC,1
PA2G4,RPL3,1
PA2G4,PRKCD,1
PA2G4,RPS6,1
PA2G4,RNASET2A,1
PA2G4,TRAPPC1,1
PA2G4,CTSA,1
PA2G4,RPL12,1
PA2G4,RPL35A,1
PA2G4,RPS16,1
PA2G4,CCT4,1
PA2G4,RPL18A,1
KDM5C,ATP5A1,1
KDM6B,ATP5A1,1
POLR2B,ATP5A1,1
KDM5A,ATP5A1,1
POLR2G,ATP5A1,1
MAPK1,GUSB,1
BACH1,TRP53,1
TRP53,BACH1,1
MAPK1,CCT8,1
SSB,CCT8,1
POLR1D,SEC11A,1
TLR4,CASP1,1
MYD88,CASP1,1
COPS5,PSMD7,1
COPS5,MYEOV2,1
COPS5,POLR2C,1
POLR2C,COPS5,1
COPS5,UBC,1
COPS5,CISH,1
COPS5,POLR2F,1
POLR2F,COPS5,1
COPS5,COMMD1,1
COPS5,TCEB2,1
TCEB2,COPS5,1
COPS5,SKP1A,1
COPS5,RNF7,1
COPS5,POLR2K,1
POLR2K,COPS5,1
COPS5,JUN,1
JUN,COPS5,1
COPS5,RPS27A,1
COPS5,PSMA2,1
COPS5,RBBP7,1
RBBP7,COPS5,1
COPS5,POLR2B,1
POLR2B,COPS5,1
COPS5,COMMD4,1
COPS5,COPS2,1
COPS2,COPS5,1
COPS5,COMMD6,1
COPS5,EIF3M,1
COPS5,ACTB,1
COPS5,COMMD3,1
COPS5,TCEB1,1
TCEB1,COPS5,1
COPS5,POLR2J,1
POLR2J,COPS5,1
COPS5,POLR2G,1
POLR2G,COPS5,1
EIF5B,RPS3,1
EIF5B,EIF4E,1
EIF5B,NHP2,1
EIF5B,RPL37A,1
EIF5B,RPL36AL,1
EIF5B,RPL36A,1
EIF5B,RPL27,1
EIF5B,RPL39,1
EIF5B,RPL23A,1
EIF5B,RPL35,1
EIF5B,RPS28,1
EIF5B,MRPS16,1
EIF5B,EIF1,1
EIF5B,RPS12,1
EIF5B,RPS19,1
EIF5B,RPS13,1
EIF5B,RPS10,1
EIF5B,RPL32,1
EIF5B,RPL37,1
EIF5B,RPS27A,1
EIF5B,RPL15,1
EIF5B,RPL26,1
EIF5B,RPS21,1
EIF5B,RPL34,1
EIF5B,RPL38,1
EIF5B,RPL23,1
EIF5B,RPL11,1
EIF5B,RPL5,1
EIF5B,RPS20,1
EIF5B,ATPIF1,1
EIF5B,RPS27L,1
EIF5B,EIF4A1,1
EIF5B,RPS24,1
EIF5B,RPL30,1
EIF5B,RPS8,1
EIF5B,RPL3,1
EIF5B,RPS27,1
EIF5B,RPS6,1
EIF5B,RPS29,1
EIF5B,RPL35A,1
EIF5B,RPS16,1
EIF5B,RPL18A,1
EIF5B,RPS25,1
EIF5B,RPS15,1
RNF4,SEPT2,1
TUBA1A,SEPT2,1
MCM6,MCM3,1
MCM3,MCM6,1
MCM6,UBC,1
MCM6,SSRP1,1
SSRP1,MCM6,1
MCM6,PCNA,1
MCM6,RAD51,1
RAD51,MCM6,1
MCM6,RPS27A,1
MCM6,BIRC5,1
MCM6,MCM5,1
MCM5,MCM6,1
MCM6,SMARCA5,1
SMARCA5,MCM6,1
PARP1,UBC,1
PARP1,TRP53,1
TRP53,PARP1,1
PARP1,SMARCA4,1
SMARCA4,PARP1,1
PARP1,SSRP1,1
SSRP1,PARP1,1
PARP1,PCNA,1
PARP1,APEX1,1
APEX1,PARP1,1
PARP1,HSP90AA1,1
PARP1,RPS27A,1
PARP1,ANXA5,1
PARP1,SUMO1,1
PARP1,RFC1,1
RFC1,PARP1,1
PARP1,MAPK1,1
MAPK1,PARP1,1
PARP1,SMAD2,1
SMAD2,PARP1,1
PARP1,MAPK3,1
MAPK3,PARP1,1
ATF3,XBP1,1
XBP1,ATF3,1
ATF3,ATF4,1
ATF4,ATF3,1
ATF3,TRP53,1
TRP53,ATF3,1
ATF3,STAT3,1
STAT3,ATF3,1
ATF3,JUN,1
JUN,ATF3,1
ATF3,ATF2,1
ATF2,ATF3,1
ATF3,JUNB,1
JUNB,ATF3,1
ATF3,EGR1,1
EGR1,ATF3,1
ATF3,ATF6,1
ATF6,ATF3,1
ATF3,STAT1,1
STAT1,ATF3,1
ATF3,CREM,1
CREM,ATF3,1
BATF3,JUNB,1
JUNB,BATF3,1
BATF3,NFIL3,1
NFIL3,BATF3,1
BATF3,ITGAX,1
ATF6,XBP1,1
XBP1,ATF6,1
ATF6,HSPA5,1
ATF6,ATF4,1
ATF4,ATF6,1
ATF6,CTNNA1,1
ILK,RSU1,1
ZEB2,VIM,1
REL,PSMB7,1
HNRNPD,PSMB7,1
NFKB1,PSMB7,1
TCEB2,PSMB7,1
TRP53,PSMB7,1
NFKBIB,PSMB7,1
BUB3,PSMB7,1
TCEB1,PSMB7,1
MED27,NCOA3,1
NCOA3,MED27,1
MED27,MED1,1
MED1,MED27,1
MED27,THRAP3,1
THRAP3,MED27,1
MED27,NCOR2,1
NCOR2,MED27,1
MED27,MED21,1
MED21,MED27,1
MED27,FABP4,1
MED27,NCOR1,1
NCOR1,MED27,1
REL,PSMD14,1
HNRNPD,PSMD14,1
NFKB1,PSMD14,1
TCEB2,PSMD14,1
TRP53,PSMD14,1
UBE2K,PSMD14,1
NFKBIB,PSMD14,1
BUB3,PSMD14,1
TCEB1,PSMD14,1
TUBA1A,SSNA1,1
POLR1D,NOP10,1
POLR2F,NOP10,1
ZNRD1,NOP10,1
POLR2K,NOP10,1
COPS2,EIF3M,1
XBP1,PDIA3,1
RAD51,MCM3,1
MCM3,RAD51,1
RAD51,TRP53,1
TRP53,RAD51,1
RAD51,PCNA,1
RAD51,BIRC5,1
RAD51,MCM5,1
MCM5,RAD51,1
RAD51,SUMO2,1
MCM3,PCNA,1
POLR2C,PCNA,1
POLR2F,PCNA,1
TCEA1,PCNA,1
APEX1,PCNA,1
POLR2K,PCNA,1
POLR2B,PCNA,1
MCM5,PCNA,1
BUB3,PCNA,1
RFC1,PCNA,1
SMARCA5,PCNA,1
POLR2J,PCNA,1
POLR2G,PCNA,1
NFKB1,IL1B,1
NFKBIB,IL1B,1
JUN,IL1B,1
EGR1,IL1B,1
TLR4,IL1B,1
MYD88,IL1B,1
NFKB1,IL1A,1
MYD88,IL1A,1
CEBPA,FABP4,1
NCOA3,FABP4,1
NCOR2,FABP4,1
MED1,FABP4,1
THRAP3,FABP4,1
MED21,FABP4,1
NCOR1,FABP4,1
MAPK1,FABP5,1
REL,PSMA7,1
HNRNPD,PSMA7,1
NFKB1,PSMA7,1
TCEB2,PSMA7,1
TRP53,PSMA7,1
NFKBIB,PSMA7,1
BUB3,PSMA7,1
TCEB1,PSMA7,1
TRP53,ANXA5,1
STAT3,ANXA5,1
MAPK3,ANXA5,1
ATF4,SLC7A11,1
MCM5,CCNL1,1
NFKB1,NRAS,1
TRP53,NRAS,1
MAPK1,NRAS,1
MAPK3,NRAS,1
CSDE1,YBX1,1
YBX1,CSDE1,1
NFKB1,TLR2,1
STAT3,TLR2,1
TLR4,TLR2,1
MYD88,TLR2,1
STAT1,TLR2,1
UPF1,EIF4E,1
MAPK3,EIF4E,1
NFKB1,PSMD7,1
NFKB1,LYZ2,1
NFKB1,PSME1,1
NFKB1,PSMB3,1
NFKB1,GGH,1
NFKB1,UBC,1
NFKB1,REL,1
REL,NFKB1,1
NFKB1,CTSD,1
NFKB1,HMGB1,1
NFKB1,CXCL1,1
NFKB1,PSMA3,1
NFKB1,PSMB10,1
NFKB1,SKP1A,1
NFKB1,TRP53,1
TRP53,NFKB1,1
NFKB1,PSMA5,1
NFKB1,MTPN,1
NFKB1,NFKBIB,1
NFKBIB,NFKB1,1
NFKB1,B2M,1
NFKB1,CXCL2,1
NFKB1,PSMC3,1
NFKB1,JUN,1
JUN,NFKB1,1
NFKB1,PSMD8,1
NFKB1,RPS27A,1
NFKB1,TXN1,1
NFKB1,PSME2,1
NFKB1,HDAC1,1
HDAC1,NFKB1,1
NFKB1,LYZ1,1
NFKB1,RAC1,1
NFKB1,RAC2,1
NFKB1,TLR4,1
TLR4,NFKB1,1
NFKB1,PSMA4,1
NFKB1,SQSTM1,1
NFKB1,MYD88,1
MYD88,NFKB1,1
NFKB1,PSMB9,1
NFKB1,NFKBIZ,1
NFKBIZ,NFKB1,1
NFKB1,PSMB2,1
NFKB1,PSMC4,1
MAPK1,SDCBP,1
GTF2B,TAF7,1
TAF7,GTF2B,1
GTF2B,POLR2C,1
POLR2C,GTF2B,1
GTF2B,TAF6,1
TAF6,GTF2B,1
GTF2B,POLR2F,1
POLR2F,GTF2B,1
GTF2B,TAF12,1
TAF12,GTF2B,1
GTF2B,TCEA1,1
TCEA1,GTF2B,1
GTF2B,TBPL1,1
TBPL1,GTF2B,1
GTF2B,POLR2A,1
POLR2A,GTF2B,1
GTF2B,GTF2E2,1
GTF2E2,GTF2B,1
GTF2B,POLR2K,1
POLR2K,GTF2B,1
GTF2B,SSU72,1
GTF2B,POLR2B,1
POLR2B,GTF2B,1
GTF2B,GTF2A2,1
GTF2A2,GTF2B,1
GTF2B,MED21,1
MED21,GTF2B,1
GTF2B,POLR2J,1
POLR2J,GTF2B,1
GTF2B,POLR2G,1
POLR2G,GTF2B,1
GTF2B,SRRT,1
SRRT,GTF2B,1
GTF2B,SNAPC5,1
SNAPC5,GTF2B,1
TRP53,TXN1,1
UBE2K,TXN1,1
APEX1,TXN1,1
TCEB3,POLR2C,1
POLR2C,TCEB3,1
TCEB3,POLR2B,1
POLR2B,TCEB3,1
TCEB3,POLR2F,1
POLR2F,TCEB3,1
TCEB3,TCEA1,1
TCEA1,TCEB3,1
TCEB3,POLR2A,1
POLR2A,TCEB3,1
TCEB3,TCEB2,1
TCEB2,TCEB3,1
TCEB3,TCEB1,1
TCEB1,TCEB3,1
TCEB3,SSRP1,1
SSRP1,TCEB3,1
TCEB3,POLR2J,1
POLR2J,TCEB3,1
TCEB3,POLR2G,1
POLR2G,TCEB3,1
TCEB3,POLR2K,1
POLR2K,TCEB3,1
TCEB3,AFF4,1
AFF4,TCEB3,1
SFPQ,HNRNPK,1
HNRNPK,SFPQ,1
SFPQ,HNRNPA2B1,1
SFPQ,NONO,1
NONO,SFPQ,1
SFPQ,WBP11,1
WBP11,SFPQ,1
SFPQ,MATR3,1
MATR3,SFPQ,1
SFPQ,HNRNPF,1
TRP53,STMN1,1
STAT3,STMN1,1
TUBA1A,STMN1,1
MAPK1,STMN1,1
MAPK3,STMN1,1
REL,PSMB2,1
HNRNPD,PSMB2,1
TCEB2,PSMB2,1
TRP53,PSMB2,1
NFKBIB,PSMB2,1
BUB3,PSMB2,1
TCEB1,PSMB2,1
TAF12,TAF7,1
TAF7,TAF12,1
TAF12,TMEM179B,1
TAF12,POLR2C,1
POLR2C,TAF12,1
TAF12,TAF6,1
TAF6,TAF12,1
TAF12,POLR2B,1
POLR2B,TAF12,1
TAF12,POLR2F,1
POLR2F,TAF12,1
TAF12,GTF2A2,1
GTF2A2,TAF12,1
TAF12,TCEA1,1
TCEA1,TAF12,1
TAF12,TBPL1,1
TBPL1,TAF12,1
TAF12,TRP53,1
TRP53,TAF12,1
TAF12,POLR2J,1
POLR2J,TAF12,1
TAF12,POLR2G,1
POLR2G,TAF12,1
TAF12,GTF2E2,1
GTF2E2,TAF12,1
TAF12,POLR2K,1
POLR2K,TAF12,1
DNAJC2,HSPA5,1
DNAJC2,SSB,1
SSB,DNAJC2,1
NFE2L2,PARK7,1
TRP53,PARK7,1
POLR2C,SSU72,1
TAF6,SSU72,1
POLR2B,SSU72,1
POLR2F,SSU72,1
POLR2J,SSU72,1
POLR2G,SSU72,1
GTF2A2,SSU72,1
GTF2E2,SSU72,1
POLR2K,SSU72,1
SRRT,SSU72,1
POLR2A,SSU72,1
SNAPC5,SSU72,1
SKI,NCOR2,1
NCOR2,SKI,1
SKI,UBC,1
SKI,SMAD2,1
SMAD2,SKI,1
SKI,RPS27A,1
SKI,SKIL,1
SKIL,SKI,1
SKI,NCOR1,1
NCOR1,SKI,1
MAPK1,GNB1,1
MAPK3,GNB1,1
FOSL2,JUN,1
JUN,FOSL2,1
FOSL2,JUNB,1
JUNB,FOSL2,1
RFC1,POLR2C,1
POLR2C,RFC1,1
RFC1,POLR2B,1
POLR2B,RFC1,1
RFC1,UBC,1
RFC1,MCM5,1
MCM5,RFC1,1
RFC1,POLR2F,1
POLR2F,RFC1,1
RFC1,TCEA1,1
TCEA1,RFC1,1
RFC1,2810417H13RIK,1
RFC1,APEX1,1
APEX1,RFC1,1
RFC1,POLR2J,1
POLR2J,RFC1,1
RFC1,UBE2L6,1
RFC1,POLR2G,1
POLR2G,RFC1,1
RFC1,POLR2K,1
POLR2K,RFC1,1
RFC1,RPS27A,1
POLR2B,HNRNPK,1
HNRNPK,POLR2B,1
POLR2B,RPS3,1
POLR2B,TAF7,1
TAF7,POLR2B,1
POLR2B,SRSF6,1
SRSF6,POLR2B,1
POLR2B,PAPOLA,1
PAPOLA,POLR2B,1
POLR2B,POLR2C,1
POLR2C,POLR2B,1
POLR2B,RBBP4,1
RBBP4,POLR2B,1
POLR2B,TAF6,1
TAF6,POLR2B,1
POLR2B,HNRNPC,1
POLR2B,UBC,1
POLR2B,SRSF2,1
SRSF2,POLR2B,1
POLR2B,POLR2F,1
POLR2F,POLR2B,1
POLR2B,EZH2,1
EZH2,POLR2B,1
POLR2B,HNRNPD,1
HNRNPD,POLR2B,1
POLR2B,TCEA1,1
TCEA1,POLR2B,1
POLR2B,TRA2B,1
POLR2B,EGR2,1
EGR2,POLR2B,1
POLR2B,TBPL1,1
TBPL1,POLR2B,1
POLR2B,POLR2A,1
POLR2A,POLR2B,1
POLR2B,SF3B5,1
POLR2B,SRSF5,1
SRSF5,POLR2B,1
POLR2B,TCEB2,1
TCEB2,POLR2B,1
POLR2B,MRPS16,1
POLR2B,NCOA3,1
NCOA3,POLR2B,1
POLR2B,WBP11,1
WBP11,POLR2B,1
POLR2B,TIAL1,1
TIAL1,POLR2B,1
POLR2B,SSRP1,1
SSRP1,POLR2B,1
POLR2B,SNRPD2,1
POLR2B,BUD31,1
POLR2B,SNRNP25,1
POLR2B,GTF2E2,1
GTF2E2,POLR2B,1
POLR2B,POLR2K,1
POLR2K,POLR2B,1
POLR2B,JUN,1
JUN,POLR2B,1
POLR2B,AFF4,1
AFF4,POLR2B,1
POLR2B,RPS27A,1
POLR2B,LSM7,1
POLR2B,RNPS1,1
RNPS1,POLR2B,1
POLR2B,RBBP7,1
RBBP7,POLR2B,1
POLR2B,LSM3,1
POLR2B,RPL23,1
POLR2B,POLR1D,1
POLR1D,POLR2B,1
POLR2B,HNRNPA2B1,1
POLR2B,H2AFV,1
POLR2B,PRPF40A,1
POLR2B,COPS2,1
COPS2,POLR2B,1
POLR2B,SNRPB,1
SNRPB,POLR2B,1
POLR2B,NME1,1
POLR2B,EEF1A1,1
POLR2B,SRSF3,1
SRSF3,POLR2B,1
POLR2B,GTF2A2,1
GTF2A2,POLR2B,1
POLR2B,RPS20,1
POLR2B,DNAJC8,1
POLR2B,YBX1,1
YBX1,POLR2B,1
POLR2B,POLR3K,1
POLR3K,POLR2B,1
POLR2B,SRRM1,1
SRRM1,POLR2B,1
POLR2B,TCEB1,1
TCEB1,POLR2B,1
POLR2B,MED21,1
MED21,POLR2B,1
POLR2B,POLR2J,1
POLR2J,POLR2B,1
POLR2B,SRSF9,1
SRSF9,POLR2B,1
POLR2B,POLR2G,1
POLR2G,POLR2B,1
POLR2B,SRRT,1
SRRT,POLR2B,1
POLR2B,H3F3B,1
POLR2B,H3F3A,1
POLR2B,SF1,1
SF1,POLR2B,1
POLR2B,SNAPC5,1
SNAPC5,POLR2B,1
POLR2B,HNRNPF,1
POLR2B,RPS15,1
POLR2B,NCOR1,1
NCOR1,POLR2B,1
TLR4,CXCL1,1
STAT3,CXCL1,1
NFKBIZ,CXCL1,1
JUN,CXCL1,1
SRSF9,HNRNPK,1
HNRNPK,SRSF9,1
SRSF9,SRSF6,1
SRSF6,SRSF9,1
SRSF9,PAPOLA,1
PAPOLA,SRSF9,1
SRSF9,POLR2C,1
POLR2C,SRSF9,1
SRSF9,HNRNPC,1
SRSF9,SRSF2,1
SRSF2,SRSF9,1
SRSF9,POLR2F,1
POLR2F,SRSF9,1
SRSF9,HNRNPD,1
HNRNPD,SRSF9,1
SRSF9,TRA2B,1
SRSF9,SF3B5,1
SRSF9,SRSF5,1
SRSF5,SRSF9,1
SRSF9,WBP11,1
WBP11,SRSF9,1
SRSF9,SNRPD2,1
SRSF9,BUD31,1
SRSF9,POLR2K,1
POLR2K,SRSF9,1
SRSF9,LSM7,1
SRSF9,RNPS1,1
RNPS1,SRSF9,1
SRSF9,LSM3,1
SRSF9,HNRNPA2B1,1
SRSF9,POLDIP3,1
SRSF9,PRPF40A,1
SRSF9,SNRPB,1
SNRPB,SRSF9,1
SRSF9,SRSF3,1
SRSF3,SRSF9,1
SRSF9,DNAJC8,1
SRSF9,YBX1,1
YBX1,SRSF9,1
SRSF9,SRRM1,1
SRRM1,SRSF9,1
SRSF9,EEF1G,1
SRSF9,KHDRBS1,1
KHDRBS1,SRSF9,1
SRSF9,SARNP,1
SRSF9,POLR2J,1
POLR2J,SRSF9,1
SRSF9,POLR2G,1
POLR2G,SRSF9,1
SRSF9,SRRT,1
SRRT,SRSF9,1
SRSF9,SF1,1
SF1,SRSF9,1
SRSF9,HNRNPF,1
RNPS1,RPL6,1
UPF1,RPL6,1
CBX3,HIST1H1C,1
HIST1H1C,CBX3,1
CBX3,HNRNPA2B1,1
CBX3,H2AFV,1
CBX3,TFDP1,1
TFDP1,CBX3,1
CBX3,EHMT1,1
EHMT1,CBX3,1
CBX3,H3F3B,1
CBX3,H3F3A,1
HNRNPK,CNBP,1
BHLHE40,NFIL3,1
NFIL3,BHLHE40,1
MED21,MED1,1
MED1,MED21,1
MED21,THRAP3,1
THRAP3,MED21,1
MED21,POLR2C,1
POLR2C,MED21,1
MED21,POLR2F,1
POLR2F,MED21,1
MED21,POLR2A,1
POLR2A,MED21,1
MED21,NCOA3,1
NCOA3,MED21,1
MED21,NCOR2,1
NCOR2,MED21,1
MED21,POLR2J,1
POLR2J,MED21,1
MED21,POLR2G,1
POLR2G,MED21,1
MED21,POLR2K,1
POLR2K,MED21,1
MED21,NCOR1,1
NCOR1,MED21,1
PREB,SEC13,1
BUB3,SEC13,1
PREB,CTSC,1
MAPK1,CTSC,1
NFKBIB,PSMD7,1
NFKBIB,PSME1,1
NFKBIB,PSMB3,1
NFKBIB,UBC,1
NFKBIB,REL,1
REL,NFKBIB,1
NFKBIB,PSMA3,1
NFKBIB,PSMB10,1
NFKBIB,SKP1A,1
NFKBIB,PSMA5,1
NFKBIB,PSMC3,1
NFKBIB,PSMD8,1
NFKBIB,RPS27A,1
NFKBIB,PSME2,1
NFKBIB,PSMA4,1
NFKBIB,MYD88,1
MYD88,NFKBIB,1
NFKBIB,PSMB9,1
NFKBIB,PSMC4,1
REL,PSMC4,1
HNRNPD,PSMC4,1
TCEB2,PSMC4,1
TRP53,PSMC4,1
BUB3,PSMC4,1
TCEB1,PSMC4,1
ARL6IP5,ARL6IP1,1
POLR2C,RPS3,1
POLR2F,RPS3,1
POLR2A,RPS3,1
RNPS1,RPS3,1
UPF1,RPS3,1
TLR4,ITGAX,1
MYD88,ITGAX,1
MAPK1,PYCARD,1
HTATIP2,NDUFAB1,1
ILK,TMSB4X,1
STAT6,IL2RG,1
STAT3,IL2RG,1
STAT1,IL2RG,1
NONO,HNRNPK,1
HNRNPK,NONO,1
RBBP7,HNRNPK,1
HNRNPK,RBBP7,1
RBBP7,STRA13,1
RBBP7,POLR2C,1
POLR2C,RBBP7,1
RBBP7,RBBP4,1
RBBP4,RBBP7,1
RBBP7,ETV3,1
ETV3,RBBP7,1
RBBP7,GATAD2A,1
GATAD2A,RBBP7,1
RBBP7,POLR2F,1
POLR2F,RBBP7,1
RBBP7,EZH2,1
EZH2,RBBP7,1
RBBP7,COMMD1,1
RBBP7,CHD4,1
CHD4,RBBP7,1
RBBP7,POLR2A,1
POLR2A,RBBP7,1
RBBP7,NCOA3,1
NCOA3,RBBP7,1
RBBP7,TRP53,1
TRP53,RBBP7,1
RBBP7,NCOR2,1
NCOR2,RBBP7,1
RBBP7,MTA2,1
MTA2,RBBP7,1
RBBP7,AEBP2,1
AEBP2,RBBP7,1
RBBP7,SSRP1,1
SSRP1,RBBP7,1
RBBP7,POLR2K,1
POLR2K,RBBP7,1
RBBP7,KDM6B,1
KDM6B,RBBP7,1
RBBP7,HAT1,1
RBBP7,COMMD4,1
RBBP7,HDAC1,1
HDAC1,RBBP7,1
RBBP7,H2AFV,1
RBBP7,TFDP1,1
TFDP1,RBBP7,1
RBBP7,COPS2,1
COPS2,RBBP7,1
RBBP7,MORF4L1,1
RBBP7,UBTF,1
UBTF,RBBP7,1
RBBP7,COMMD6,1
RBBP7,SMARCA5,1
SMARCA5,RBBP7,1
RBBP7,COMMD3,1
RBBP7,KDM5A,1
KDM5A,RBBP7,1
RBBP7,POLR2J,1
POLR2J,RBBP7,1
RBBP7,POLR2G,1
POLR2G,RBBP7,1
RBBP7,MBD2,1
MBD2,RBBP7,1
RBBP7,H3F3B,1
RBBP7,H3F3A,1
RBBP7,NCOR1,1
NCOR1,RBBP7,1
HCFC1,TAF7,1
TAF7,HCFC1,1
HCFC1,TAF6,1
TAF6,HCFC1,1
HCFC1,CREB3,1
CREB3,HCFC1,1
HCFC1,UBC,1
HCFC1,RUVBL2,1
RUVBL2,HCFC1,1
HCFC1,DPY30,1
HCFC1,ARID1A,1
ARID1A,HCFC1,1
HCFC1,RPS27A,1
RUVBL2,MORF4L2,1
IRF2,STAT1,1
STAT1,IRF2,1
RBL2,RBBP4,1
RBBP4,RBL2,1
RBL2,UBC,1
RBL2,SKP1A,1
RBL2,RPS27A,1
RBL2,HDAC1,1
HDAC1,RBL2,1
RBL2,TFDP1,1
TFDP1,RBL2,1
TRP53,MAP1LC3B,1
REL,PSMB10,1
HNRNPD,PSMB10,1
TCEB2,PSMB10,1
TRP53,PSMB10,1
BUB3,PSMB10,1
TCEB1,PSMB10,1
IRF1,PSMB10,1
RUVBL2,CFDP1,1
STAT3,PTS,1
SMARCA4,ARID1B,1
ARID1B,SMARCA4,1
SMARCA4,EZH2,1
EZH2,SMARCA4,1
SMARCA4,SMARCE1,1
SMARCE1,SMARCA4,1
SMARCA4,DPF2,1
DPF2,SMARCA4,1
SMARCA4,CBFB,1
CBFB,SMARCA4,1
SMARCA4,POLR2A,1
POLR2A,SMARCA4,1
SMARCA4,SMARCC2,1
SMARCC2,SMARCA4,1
SMARCA4,TRP53,1
TRP53,SMARCA4,1
SMARCA4,KLF4,1
KLF4,SMARCA4,1
SMARCA4,KDM6B,1
KDM6B,SMARCA4,1
SMARCA4,ARID1A,1
ARID1A,SMARCA4,1
SMARCA4,HDAC1,1
HDAC1,SMARCA4,1
SMARCA4,ACTG1,1
SMARCA4,PBRM1,1
PBRM1,SMARCA4,1
SMARCA4,ACTB,1
SMARCA4,BANF1,1
SMARCA4,TCF7L2,1
TCF7L2,SMARCA4,1
TRP53,ANXA2,1
MAPK1,ANXA2,1
REL,PSMA4,1
HNRNPD,PSMA4,1
TCEB2,PSMA4,1
TRP53,PSMA4,1
BUB3,PSMA4,1
TCEB1,PSMA4,1
SRSF5,CLK1,1
SNAPC5,POLR3K,1
POLR3K,SNAPC5,1
SNAPC5,POLR2F,1
POLR2F,SNAPC5,1
SNAPC5,POLR2J,1
POLR2J,SNAPC5,1
SNAPC5,POLR2C,1
POLR2C,SNAPC5,1
SNAPC5,POLR2G,1
POLR2G,SNAPC5,1
SNAPC5,GTF2A2,1
GTF2A2,SNAPC5,1
SNAPC5,GTF2E2,1
GTF2E2,SNAPC5,1
SNAPC5,POLR2K,1
POLR2K,SNAPC5,1
SNAPC5,TAF6,1
TAF6,SNAPC5,1
SNAPC5,SRRT,1
SRRT,SNAPC5,1
RNPS1,RPL4,1
UPF1,RPL4,1
MYD88,CD14,1
MYD88,HMGB1,1
MYD88,TLR4,1
TLR4,MYD88,1
MYD88,SQSTM1,1
MYD88,IRF1,1
IRF1,MYD88,1
MYD88,STAT1,1
STAT1,MYD88,1
POLR2C,RPSA,1
POLR2F,RPSA,1
DAB2,TRF,1
BUB3,DYNC1LI1,1
NR3C1,DYNC1LI1,1
STAT1,LGALS3BP,1
TOB1,CNOT8,1
CNOT8,TOB1,1
TOB1,CNOT6,1
CNOT6,TOB1,1
TOB1,CNOT2,1
CNOT2,TOB1,1
TOB1,CNOT6L,1
CNOT6L,TOB1,1
SSB,CCT2,1
GTF2I,CCT2,1
MAPK1,CCT2,1
HNRNPK,SNRPD2,1
SRSF6,SNRPD2,1
RNPS1,SNRPD2,1
PAPOLA,SNRPD2,1
POLR2C,SNRPD2,1
SRSF2,SNRPD2,1
TARDBP,SNRPD2,1
SNRPB,SNRPD2,1
POLR2F,SNRPD2,1
HNRNPD,SNRPD2,1
SRSF3,SNRPD2,1
YBX1,SNRPD2,1
SRRM1,SNRPD2,1
SRSF5,SNRPD2,1
TCEB2,SNRPD2,1
WBP11,SNRPD2,1
POLR2J,SNRPD2,1
POLR2G,SNRPD2,1
POLR2K,SNRPD2,1
SRRT,SNRPD2,1
SSB,SNRPD2,1
SF1,SNRPD2,1
DENND4A,GDI2,1
KDM2B,EZH2,1
EZH2,KDM2B,1
KDM2B,SKP1A,1
KDM2B,KDM5C,1
KDM5C,KDM2B,1
KDM2B,KDM6B,1
KDM6B,KDM2B,1
KDM2B,JUN,1
JUN,KDM2B,1
KDM2B,KDM5A,1
KDM5A,KDM2B,1
POLR2C,RPS29,1
POLR2J,HNRNPK,1
HNRNPK,POLR2J,1
POLR2J,SNRPE,1
POLR2J,TAF7,1
TAF7,POLR2J,1
POLR2J,SRSF6,1
SRSF6,POLR2J,1
POLR2J,RNPS1,1
RNPS1,POLR2J,1
POLR2J,PAPOLA,1
PAPOLA,POLR2J,1
POLR2J,POLR2C,1
POLR2C,POLR2J,1
POLR2J,RBBP4,1
RBBP4,POLR2J,1
POLR2J,TAF6,1
TAF6,POLR2J,1
POLR2J,HNRNPC,1
POLR2J,LSM3,1
POLR2J,UBC,1
POLR2J,SRSF2,1
SRSF2,POLR2J,1
POLR2J,HNRNPA2B1,1
POLR2J,H2AFV,1
POLR2J,PRPF40A,1
POLR2J,COPS2,1
COPS2,POLR2J,1
POLR2J,SNRPB,1
SNRPB,POLR2J,1
POLR2J,POLR2F,1
POLR2F,POLR2J,1
POLR2J,EZH2,1
EZH2,POLR2J,1
POLR2J,HNRNPD,1
HNRNPD,POLR2J,1
POLR2J,SRSF3,1
SRSF3,POLR2J,1
POLR2J,TCEA1,1
TCEA1,POLR2J,1
POLR2J,GTF2A2,1
GTF2A2,POLR2J,1
POLR2J,TRA2B,1
POLR2J,EGR2,1
EGR2,POLR2J,1
POLR2J,DNAJC8,1
POLR2J,YBX1,1
YBX1,POLR2J,1
POLR2J,POLR2A,1
POLR2A,POLR2J,1
POLR2J,POLR3K,1
POLR3K,POLR2J,1
POLR2J,SF3B5,1
POLR2J,SRRM1,1
SRRM1,POLR2J,1
POLR2J,SRSF5,1
SRSF5,POLR2J,1
POLR2J,TCEB2,1
TCEB2,POLR2J,1
POLR2J,NCOA3,1
NCOA3,POLR2J,1
POLR2J,WBP11,1
WBP11,POLR2J,1
POLR2J,TCEB1,1
TCEB1,POLR2J,1
POLR2J,TIAL1,1
TIAL1,POLR2J,1
POLR2J,SSRP1,1
SSRP1,POLR2J,1
POLR2J,BUD31,1
POLR2J,SNRNP25,1
POLR2J,POLR2G,1
POLR2G,POLR2J,1
POLR2J,ZNRD1,1
ZNRD1,POLR2J,1
POLR2J,GTF2E2,1
GTF2E2,POLR2J,1
POLR2J,POLR2K,1
POLR2K,POLR2J,1
POLR2J,JUN,1
JUN,POLR2J,1
POLR2J,SRRT,1
SRRT,POLR2J,1
POLR2J,H3F3B,1
POLR2J,H3F3A,1
POLR2J,SF1,1
SF1,POLR2J,1
POLR2J,AFF4,1
AFF4,POLR2J,1
POLR2J,HNRNPF,1
POLR2J,RPS27A,1
POLR2J,LSM7,1
POLR2J,NCOR1,1
NCOR1,POLR2J,1
REL,SKP1A,1
TCEB2,SKP1A,1
UBE2K,SKP1A,1
RNF4,SKP1A,1
RLIM,SKP1A,1
TFDP1,SKP1A,1
COPS2,SKP1A,1
TCEB1,SKP1A,1
SMAD2,SKP1A,1
BTG1,CNOT8,1
CNOT8,BTG1,1
HNRNPK,SNRPE,1
HNRNPK,SRSF6,1
SRSF6,HNRNPK,1
HNRNPK,RNPS1,1
RNPS1,HNRNPK,1
HNRNPK,PAPOLA,1
PAPOLA,HNRNPK,1
HNRNPK,POLR2C,1
POLR2C,HNRNPK,1
HNRNPK,HNRNPC,1
HNRNPK,LSM3,1
HNRNPK,SRSF2,1
SRSF2,HNRNPK,1
HNRNPK,HNRNPA2B1,1
HNRNPK,TARDBP,1
TARDBP,HNRNPK,1
HNRNPK,PRPF40A,1
HNRNPK,SNRPB,1
SNRPB,HNRNPK,1
HNRNPK,POLR2F,1
POLR2F,HNRNPK,1
HNRNPK,HNRNPD,1
HNRNPD,HNRNPK,1
HNRNPK,SRSF3,1
SRSF3,HNRNPK,1
HNRNPK,TRA2B,1
HNRNPK,DNAJC8,1
HNRNPK,YBX1,1
YBX1,HNRNPK,1
HNRNPK,SF3B5,1
HNRNPK,SRRM1,1
SRRM1,HNRNPK,1
HNRNPK,SRSF5,1
SRSF5,HNRNPK,1
HNRNPK,TRP53,1
TRP53,HNRNPK,1
HNRNPK,KHDRBS1,1
KHDRBS1,HNRNPK,1
HNRNPK,WBP11,1
WBP11,HNRNPK,1
HNRNPK,ILF3,1
ILF3,HNRNPK,1
HNRNPK,MATR3,1
MATR3,HNRNPK,1
HNRNPK,BUD31,1
HNRNPK,POLR2G,1
POLR2G,HNRNPK,1
HNRNPK,POLR2K,1
POLR2K,HNRNPK,1
HNRNPK,SRRT,1
SRRT,HNRNPK,1
HNRNPK,SSB,1
SSB,HNRNPK,1
HNRNPK,SF1,1
SF1,HNRNPK,1
HNRNPK,HNRNPF,1
HNRNPK,LSM7,1
TCEB2,NDUFA7,1
BAZ1A,RBBP4,1
RBBP4,BAZ1A,1
BAZ1A,SMARCA5,1
SMARCA5,BAZ1A,1
RBPJ,HDAC1,1
HDAC1,RBPJ,1
RBPJ,TRP53,1
TRP53,RBPJ,1
RBPJ,NOTCH2,1
NOTCH2,RBPJ,1
RBPJ,NCOR2,1
NCOR2,RBPJ,1
RBPJ,CTBP1,1
CTBP1,RBPJ,1
COPS2,SHFM1,1
EGR2,POLR2C,1
POLR2C,EGR2,1
EGR2,POLR2F,1
POLR2F,EGR2,1
EGR2,POLR2A,1
POLR2A,EGR2,1
EGR2,POLR2K,1
POLR2K,EGR2,1
EGR2,JUN,1
JUN,EGR2,1
EGR2,H2AFV,1
EGR2,EGR1,1
EGR1,EGR2,1
EGR2,POLR2G,1
POLR2G,EGR2,1
EGR2,H3F3B,1
EGR2,H3F3A,1
TRP53,MIF,1
REL,PSMD7,1
HNRNPD,PSMD7,1
TCEB2,PSMD7,1
TRP53,PSMD7,1
BUB3,PSMD7,1
TCEB1,PSMD7,1
APEX1,TRP53,1
TRP53,APEX1,1
RNPS1,RPL22L1,1
UPF1,RPL22L1,1
SRRT,SRSF6,1
SRSF6,SRRT,1
SRRT,RNPS1,1
RNPS1,SRRT,1
SRRT,PAPOLA,1
PAPOLA,SRRT,1
SRRT,POLR2C,1
POLR2C,SRRT,1
SRRT,TAF6,1
TAF6,SRRT,1
SRRT,HNRNPC,1
SRRT,LSM3,1
SRRT,SRSF2,1
SRSF2,SRRT,1
SRRT,HNRNPA2B1,1
SRRT,POLDIP3,1
SRRT,PRPF40A,1
SRRT,SNRPB,1
SNRPB,SRRT,1
SRRT,POLR2F,1
POLR2F,SRRT,1
SRRT,HNRNPD,1
HNRNPD,SRRT,1
SRRT,SRSF3,1
SRSF3,SRRT,1
SRRT,GTF2A2,1
GTF2A2,SRRT,1
SRRT,TRA2B,1
SRRT,DNAJC8,1
SRRT,YBX1,1
YBX1,SRRT,1
SRRT,SF3B5,1
SRRT,SRRM1,1
SRRM1,SRRT,1
SRRT,SRSF5,1
SRSF5,SRRT,1
SRRT,WBP11,1
WBP11,SRRT,1
SRRT,BUD31,1
SRRT,POLR2G,1
POLR2G,SRRT,1
SRRT,GTF2E2,1
GTF2E2,SRRT,1
SRRT,POLR2K,1
POLR2K,SRRT,1
SRRT,SF1,1
SF1,SRRT,1
SRRT,HNRNPF,1
SRRT,LSM7,1
POLR2F,SNRPE,1
POLR2F,TAF7,1
TAF7,POLR2F,1
POLR2F,SRSF6,1
SRSF6,POLR2F,1
POLR2F,PAPOLA,1
PAPOLA,POLR2F,1
POLR2F,POLR2C,1
POLR2C,POLR2F,1
POLR2F,RBBP4,1
RBBP4,POLR2F,1
POLR2F,TAF6,1
TAF6,POLR2F,1
POLR2F,PFDN5,1
POLR2F,HNRNPC,1
POLR2F,NHP2,1
POLR2F,SRSF2,1
SRSF2,POLR2F,1
POLR2F,UBC,1
POLR2F,EZH2,1
EZH2,POLR2F,1
POLR2F,HNRNPD,1
HNRNPD,POLR2F,1
POLR2F,TCEA1,1
TCEA1,POLR2F,1
POLR2F,TRA2B,1
POLR2F,TBPL1,1
TBPL1,POLR2F,1
POLR2F,POLR2A,1
POLR2A,POLR2F,1
POLR2F,SF3B5,1
POLR2F,SRSF5,1
SRSF5,POLR2F,1
POLR2F,TCEB2,1
TCEB2,POLR2F,1
POLR2F,MRPS16,1
POLR2F,NCOA3,1
NCOA3,POLR2F,1
POLR2F,WBP11,1
WBP11,POLR2F,1
POLR2F,RPS13,1
POLR2F,TIAL1,1
TIAL1,POLR2F,1
POLR2F,SSRP1,1
SSRP1,POLR2F,1
POLR2F,BUD31,1
POLR2F,SNRNP25,1
POLR2F,ZNRD1,1
ZNRD1,POLR2F,1
POLR2F,GTF2E2,1
GTF2E2,POLR2F,1
POLR2F,POLR2K,1
POLR2K,POLR2F,1
POLR2F,JUN,1
JUN,POLR2F,1
POLR2F,AFF4,1
AFF4,POLR2F,1
POLR2F,RPS27A,1
POLR2F,LSM7,1
POLR2F,MED1,1
MED1,POLR2F,1
POLR2F,RNPS1,1
RNPS1,POLR2F,1
POLR2F,LSM3,1
POLR2F,POLR1D,1
POLR1D,POLR2F,1
POLR2F,HNRNPA2B1,1
POLR2F,H2AFV,1
POLR2F,PRPF40A,1
POLR2F,COPS2,1
COPS2,POLR2F,1
POLR2F,SNRPB,1
SNRPB,POLR2F,1
POLR2F,NME1,1
POLR2F,SRSF3,1
SRSF3,POLR2F,1
POLR2F,UBTF,1
UBTF,POLR2F,1
POLR2F,GTF2A2,1
GTF2A2,POLR2F,1
POLR2F,RPS20,1
POLR2F,DNAJC8,1
POLR2F,YBX1,1
YBX1,POLR2F,1
POLR2F,POLR3K,1
POLR3K,POLR2F,1
POLR2F,SRRM1,1
SRRM1,POLR2F,1
POLR2F,ACTB,1
POLR2F,SMARCA5,1
SMARCA5,POLR2F,1
POLR2F,TCEB1,1
TCEB1,POLR2F,1
POLR2F,POLR2G,1
POLR2G,POLR2F,1
POLR2F,H3F3B,1
POLR2F,H3F3A,1
POLR2F,SF1,1
SF1,POLR2F,1
POLR2F,HNRNPF,1
POLR2F,RPS15,1
POLR2F,NCOR1,1
NCOR1,POLR2F,1
SRSF6,LSM3,1
RNPS1,LSM3,1
PAPOLA,LSM3,1
POLR2C,LSM3,1
SRSF2,LSM3,1
SNRPB,LSM3,1
HNRNPD,LSM3,1
SRSF3,LSM3,1
GTF2A2,LSM3,1
YBX1,LSM3,1
SRRM1,LSM3,1
SRSF5,LSM3,1
WBP11,LSM3,1
POLR2G,LSM3,1
POLR2K,LSM3,1
SF1,LSM3,1
SMARCA5,MCM3,1
MCM3,SMARCA5,1
SMARCA5,STRA13,1
SMARCA5,RBBP4,1
RBBP4,SMARCA5,1
SMARCA5,ETV3,1
ETV3,SMARCA5,1
SMARCA5,GATAD2A,1
GATAD2A,SMARCA5,1
SMARCA5,CHD4,1
CHD4,SMARCA5,1
SMARCA5,SMARCC2,1
SMARCC2,SMARCA5,1
SMARCA5,MTA2,1
MTA2,SMARCA5,1
SMARCA5,ZNRD1,1
ZNRD1,SMARCA5,1
SMARCA5,POLR2K,1
POLR2K,SMARCA5,1
SMARCA5,HDAC1,1
HDAC1,SMARCA5,1
SMARCA5,H2AFV,1
SMARCA5,PBRM1,1
PBRM1,SMARCA5,1
SMARCA5,ACTB,1
SMARCA5,H3F3B,1
SMARCA5,H3F3A,1
POLR3K,POLR2C,1
POLR2C,POLR3K,1
POLR3K,POLR1D,1
POLR1D,POLR3K,1
POLR3K,GTF2A2,1
GTF2A2,POLR3K,1
POLR3K,SNRNP25,1
POLR3K,POLR2G,1
POLR2G,POLR3K,1
POLR3K,ZNRD1,1
ZNRD1,POLR3K,1
POLR3K,POLR2K,1
POLR2K,POLR3K,1
NOTCH2,PSENEN,1
YBX1,PSENEN,1
MITF,SUMO1,1
MITF,MAPK1,1
MAPK1,MITF,1
MITF,MAPK3,1
MAPK3,MITF,1
MCM5,UQCRFS1,1
HAX1,PARL,1
ZFP410,VTA1,1
TLR4,CD14,1
TLR4,UBC,1
TLR4,HMGB1,1
TLR4,TANK,1
TLR4,PTPRC,1
TLR4,CXCL2,1
TLR4,STAT3,1
STAT3,TLR4,1
TLR4,JUN,1
JUN,TLR4,1
TLR4,S100A1,1
TLR4,UBE2D3,1
TLR4,RPS27A,1
TLR4,RAC1,1
TLR4,IRF1,1
IRF1,TLR4,1
TLR4,STAT1,1
STAT1,TLR4,1
TLR4,CD36,1
TLR4,MAPK3,1
MAPK3,TLR4,1
HIST1H1C,HMGB2,1
HMGB2,HIST1H1C,1
HIST1H1C,H1F0,1
H1F0,HIST1H1C,1
HIST1H1C,HMGB1,1
HIST1H1C,TRP53,1
TRP53,HIST1H1C,1
RNPS1,RPS27L,1
UPF1,RPS27L,1
TRP53,RPS27L,1
TARDBP,GRN,1
MAPK1,GRN,1
RNPS1,RPL37,1
UPF1,RPL37,1
ELF1,CBFB,1
CBFB,ELF1,1
SRSF6,SNRNP25,1
POLR2C,SNRNP25,1
SRSF2,SNRNP25,1
SNRPB,SNRNP25,1
POLR2G,SNRNP25,1
POLR2K,SNRNP25,1
YBX1,SNRNP25,1
TRP53,DAP,1
TAF6,TAF7,1
TAF7,TAF6,1
TAF6,TMEM179B,1
TAF6,POLR2C,1
POLR2C,TAF6,1
TAF6,RUVBL2,1
RUVBL2,TAF6,1
TAF6,GTF2A2,1
GTF2A2,TAF6,1
TAF6,TCEA1,1
TCEA1,TAF6,1
TAF6,TBPL1,1
TBPL1,TAF6,1
TAF6,TRP53,1
TRP53,TAF6,1
TAF6,POLR2G,1
POLR2G,TAF6,1
TAF6,GTF2E2,1
GTF2E2,TAF6,1
TAF6,POLR2K,1
POLR2K,TAF6,1
MAPK1,PEBP1,1
MAPK3,PEBP1,1
RNPS1,RPL10A,1
UPF1,RPL10A,1
MEF2A,CTNNA1,1
GTF2I,TCP1,1
TCEB2,COMMD3,1
TCEB1,COMMD3,1
COPS2,COMMD3,1
NR3C1,PTGES3,1
AHR,PTGES3,1
MAPK1,PTGES3,1
MAPK3,PTGES3,1
RBBP4,STRA13,1
POLR2A,POLR2C,1
POLR2C,POLR2A,1
POLR2A,RBBP4,1
RBBP4,POLR2A,1
POLR2A,EZH2,1
EZH2,POLR2A,1
POLR2A,TCEA1,1
TCEA1,POLR2A,1
POLR2A,TBPL1,1
TBPL1,POLR2A,1
POLR2A,NCOA3,1
NCOA3,POLR2A,1
POLR2A,GTF2E2,1
GTF2E2,POLR2A,1
POLR2A,POLR2K,1
POLR2K,POLR2A,1
POLR2A,JUN,1
JUN,POLR2A,1
POLR2A,MED1,1
MED1,POLR2A,1
POLR2A,H2AFV,1
POLR2A,GTF2A2,1
GTF2A2,POLR2A,1
POLR2A,POLR2G,1
POLR2G,POLR2A,1
POLR2A,H3F3B,1
POLR2A,H3F3A,1
POLR2A,NCOR1,1
NCOR1,POLR2A,1
AFF4,POLR2C,1
POLR2C,AFF4,1
AFF4,TCEA1,1
TCEA1,AFF4,1
AFF4,TCEB2,1
TCEB2,AFF4,1
AFF4,TCEB1,1
TCEB1,AFF4,1
AFF4,SSRP1,1
SSRP1,AFF4,1
AFF4,POLR2G,1
POLR2G,AFF4,1
AFF4,POLR2K,1
POLR2K,AFF4,1
MAPK3,RAP1B,1
MAPK3,ATF4,1
ATF4,MAPK3,1
MAPK3,IQGAP1,1
MAPK3,TRP53,1
TRP53,MAPK3,1
MAPK3,KLF4,1
KLF4,MAPK3,1
MAPK3,CDC42,1
MAPK3,HSP90AA1,1
MAPK3,UBE2L6,1
MAPK3,STAT3,1
STAT3,MAPK3,1
MAPK3,JUN,1
JUN,MAPK3,1
MAPK3,ATF2,1
ATF2,MAPK3,1
MAPK3,RAC1,1
MAPK3,PPP2R5C,1
MAPK3,UBTF,1
UBTF,MAPK3,1
MAPK3,EGR1,1
EGR1,MAPK3,1
MAPK3,MAPK1,1
MAPK1,MAPK3,1
MAPK3,SQSTM1,1
MAPK3,SMAD2,1
SMAD2,MAPK3,1
MAPK3,STAT1,1
STAT1,MAPK3,1
REL,PSMD8,1
COPS2,PSMD8,1
HNRNPD,PSMD8,1
BUB3,PSMD8,1
TCEB2,PSMD8,1
TRP53,PSMD8,1
TCEB1,PSMD8,1
STAT1,BST2,1
POLR2K,TAF7,1
TAF7,POLR2K,1
POLR2K,SRSF6,1
SRSF6,POLR2K,1
POLR2K,RNPS1,1
RNPS1,POLR2K,1
POLR2K,PAPOLA,1
PAPOLA,POLR2K,1
POLR2K,POLR2C,1
POLR2C,POLR2K,1
POLR2K,RBBP4,1
RBBP4,POLR2K,1
POLR2K,HNRNPC,1
POLR2K,POLR1D,1
POLR1D,POLR2K,1
POLR2K,UBC,1
POLR2K,SRSF2,1
SRSF2,POLR2K,1
POLR2K,HNRNPA2B1,1
POLR2K,H2AFV,1
POLR2K,PRPF40A,1
POLR2K,COPS2,1
COPS2,POLR2K,1
POLR2K,SNRPB,1
SNRPB,POLR2K,1
POLR2K,EZH2,1
EZH2,POLR2K,1
POLR2K,HNRNPD,1
HNRNPD,POLR2K,1
POLR2K,SRSF3,1
SRSF3,POLR2K,1
POLR2K,UBTF,1
UBTF,POLR2K,1
POLR2K,GTF2A2,1
GTF2A2,POLR2K,1
POLR2K,TCEA1,1
TCEA1,POLR2K,1
POLR2K,TRA2B,1
POLR2K,DNAJC8,1
POLR2K,TBPL1,1
TBPL1,POLR2K,1
POLR2K,YBX1,1
YBX1,POLR2K,1
POLR2K,SF3B5,1
POLR2K,SRRM1,1
SRRM1,POLR2K,1
POLR2K,ACTB,1
POLR2K,SRSF5,1
SRSF5,POLR2K,1
POLR2K,TCEB2,1
TCEB2,POLR2K,1
POLR2K,NCOA3,1
NCOA3,POLR2K,1
POLR2K,WBP11,1
WBP11,POLR2K,1
POLR2K,TCEB1,1
TCEB1,POLR2K,1
POLR2K,TIAL1,1
TIAL1,POLR2K,1
POLR2K,SSRP1,1
SSRP1,POLR2K,1
POLR2K,BUD31,1
POLR2K,POLR2G,1
POLR2G,POLR2K,1
POLR2K,ZNRD1,1
ZNRD1,POLR2K,1
POLR2K,GTF2E2,1
GTF2E2,POLR2K,1
POLR2K,JUN,1
JUN,POLR2K,1
POLR2K,H3F3B,1
POLR2K,H3F3A,1
POLR2K,SF1,1
SF1,POLR2K,1
POLR2K,HNRNPF,1
POLR2K,RPS27A,1
POLR2K,LSM7,1
POLR2K,NCOR1,1
NCOR1,POLR2K,1
RNF4,RNF7,1
RLIM,RNF7,1
COPS2,RNF7,1
TCEB2,RNF7,1
TCEB1,RNF7,1
UBE2K,RNF7,1
SRSF6,POLDIP3,1
RNPS1,POLDIP3,1
PAPOLA,POLDIP3,1
SRSF2,POLDIP3,1
SRSF3,POLDIP3,1
SRRM1,POLDIP3,1
SRSF5,POLDIP3,1
PREB,TMED2,1
NOTCH2,TMED2,1
XBP1,HSPA5,1
XBP1,ATF4,1
ATF4,XBP1,1
XBP1,ATF2,1
ATF2,XBP1,1
XBP1,CREM,1
CREM,XBP1,1
POLR2C,MRPS16,1
ZFP36,HNRNPD,1
HNRNPD,ZFP36,1
ZFP36,JUNB,1
JUNB,ZFP36,1
TRP53,CD24A,1
STAT3,CD24A,1
POLR1D,POLR2C,1
POLR2C,POLR1D,1
POLR1D,NHP2,1
POLR1D,TCEA1,1
TCEA1,POLR1D,1
POLR1D,GTF2A2,1
GTF2A2,POLR1D,1
POLR1D,NHP2L1,1
POLR1D,POLR2G,1
POLR2G,POLR1D,1
POLR1D,ZNRD1,1
ZNRD1,POLR1D,1
RNPS1,RPL18A,1
UPF1,RPL18A,1
RNPS1,RPS21,1
UPF1,RPS21,1
RNPS1,RPL37A,1
UPF1,RPL37A,1
CHD7,SSRP1,1
SSRP1,CHD7,1
MCM3,UBC,1
MCM3,SSRP1,1
SSRP1,MCM3,1
MCM3,RPS27A,1
MCM3,HAT1,1
MCM3,BIRC5,1
MCM3,MCM5,1
MCM5,MCM3,1
CBFB,TCEB2,1
TCEB2,CBFB,1
CBFB,ARID1B,1
ARID1B,CBFB,1
CBFB,SMARCC2,1
SMARCC2,CBFB,1
CBFB,TCEB1,1
TCEB1,CBFB,1
CBFB,HDAC1,1
HDAC1,CBFB,1
CBFB,H2AFV,1
CBFB,TCF12,1
TCF12,CBFB,1
CBFB,SMARCE1,1
SMARCE1,CBFB,1
CBFB,ELF2,1
ELF2,CBFB,1
CBFB,DPY30,1
CBFB,LDB1,1
LDB1,CBFB,1
CBFB,ARID1A,1
ARID1A,CBFB,1
CBFB,PBRM1,1
PBRM1,CBFB,1
CBFB,H3F3B,1
CBFB,H3F3A,1
ZMYND11,H3F3B,1
ZMYND11,H3F3A,1
ZMYND11,NCOR1,1
NCOR1,ZMYND11,1
CHD4,RBBP4,1
RBBP4,CHD4,1
CHD4,ETV3,1
ETV3,CHD4,1
CHD4,GATAD2A,1
GATAD2A,CHD4,1
CHD4,EZH2,1
EZH2,CHD4,1
CHD4,TRP53,1
TRP53,CHD4,1
CHD4,NCOR2,1
NCOR2,CHD4,1
CHD4,MTA2,1
MTA2,CHD4,1
CHD4,HDAC1,1
HDAC1,CHD4,1
CHD4,MORF4L1,1
CHD4,UBTF,1
UBTF,CHD4,1
CHD4,MBD2,1
MBD2,CHD4,1
CHD4,NCOR1,1
NCOR1,CHD4,1
STAT1,GBP6,1
ING1,HDAC1,1
HDAC1,ING1,1
MAPK1,GDI2,1
JUNB,JUN,1
JUN,JUNB,1
JUNB,ATF2,1
ATF2,JUNB,1
JUNB,EGR1,1
EGR1,JUNB,1
TAF7,TMEM179B,1
TAF7,POLR2C,1
POLR2C,TAF7,1
TAF7,RUVBL2,1
RUVBL2,TAF7,1
TAF7,TCEA1,1
TCEA1,TAF7,1
TAF7,GTF2A2,1
GTF2A2,TAF7,1
TAF7,TRP53,1
TRP53,TAF7,1
TAF7,POLR2G,1
POLR2G,TAF7,1
TAF7,GTF2E2,1
GTF2E2,TAF7,1
ILF3,HNRNPA2B1,1
ILF3,SRSF3,1
SRSF3,ILF3,1
ILF3,MATR3,1
MATR3,ILF3,1
HMGB2,H1F0,1
H1F0,HMGB2,1
HMGB2,TRP53,1
TRP53,HMGB2,1
HMGB2,SSRP1,1
SSRP1,HMGB2,1
HMGB2,BIRC5,1
MAPK1,LYZ2,1
MAPK1,GGH,1
MAPK1,CREG1,1
MAPK1,RAP1B,1
MAPK1,AP2S1,1
MAPK1,IQGAP1,1
MAPK1,TRP53,1
TRP53,MAPK1,1
MAPK1,HSP90AA1,1
MAPK1,PRDX6,1
MAPK1,STAT3,1
STAT3,MAPK1,1
MAPK1,JUN,1
JUN,MAPK1,1
MAPK1,ATF2,1
ATF2,MAPK1,1
MAPK1,ACLY,1
MAPK1,EAR2,1
MAPK1,LYZ1,1
MAPK1,FTL1,1
MAPK1,RAC1,1
MAPK1,PPP2R5C,1
MAPK1,EGR1,1
EGR1,MAPK1,1
MAPK1,CLTA,1
MAPK1,PRKCD,1
MAPK1,RNASET2A,1
MAPK1,TRAPPC1,1
MAPK1,CTSA,1
MAPK1,STAT1,1
STAT1,MAPK1,1
TCEB2,PSME2,1
TCEB2,PSME1,1
TCEB2,PSMB3,1
TCEB2,POLR2C,1
POLR2C,TCEB2,1
TCEB2,RNF4,1
RNF4,TCEB2,1
TCEB2,COMMD4,1
TCEB2,UBC,1
TCEB2,CISH,1
TCEB2,RLIM,1
RLIM,TCEB2,1
TCEB2,COPS2,1
COPS2,TCEB2,1
TCEB2,COMMD1,1
TCEB2,TCEA1,1
TCEA1,TCEB2,1
TCEB2,COMMD6,1
TCEB2,PSMA3,1
TCEB2,PSMA5,1
TCEB2,TCEB1,1
TCEB1,TCEB2,1
TCEB2,UBE2K,1
UBE2K,TCEB2,1
TCEB2,SSRP1,1
SSRP1,TCEB2,1
TCEB2,PSMB9,1
TCEB2,UBE2L6,1
TCEB2,POLR2G,1
POLR2G,TCEB2,1
TCEB2,PSMC3,1
TCEB2,UBE2D3,1
TCEB2,RPS27A,1
KHDRBS1,HNRNPC,1
KHDRBS1,WBP11,1
WBP11,KHDRBS1,1
KHDRBS1,HNRNPA2B1,1
KHDRBS1,SRSF3,1
SRSF3,KHDRBS1,1
KHDRBS1,HNRNPF,1
STAT1,CISH,1
STAT1,TRP53,1
TRP53,STAT1,1
STAT1,AHR,1
AHR,STAT1,1
STAT1,PTPN2,1
STAT1,UBE2L6,1
STAT1,STAT3,1
STAT3,STAT1,1
STAT1,JUN,1
JUN,STAT1,1
STAT1,SUMO1,1
STAT1,STAT6,1
STAT6,STAT1,1
STAT1,PRKCD,1
STAT1,IRF1,1
IRF1,STAT1,1
STAT1,PSMB9,1
STAT1,TRIM30A,1
NCOR1,POLR2C,1
POLR2C,NCOR1,1
NCOR1,RBBP4,1
RBBP4,NCOR1,1
NCOR1,EZH2,1
EZH2,NCOR1,1
NCOR1,SMARCE1,1
SMARCE1,NCOR1,1
NCOR1,NR3C1,1
NR3C1,NCOR1,1
NCOR1,NCOA3,1
NCOA3,NCOR1,1
NCOR1,TRP53,1
TRP53,NCOR1,1
NCOR1,NCOR2,1
NCOR2,NCOR1,1
NCOR1,JUN,1
JUN,NCOR1,1
NCOR1,MED1,1
MED1,NCOR1,1
NCOR1,THRAP3,1
THRAP3,NCOR1,1
NCOR1,HDAC1,1
HDAC1,NCOR1,1
NCOR1,H2AFV,1
NCOR1,SKIL,1
SKIL,NCOR1,1
NCOR1,SMAD2,1
SMAD2,NCOR1,1
NCOR1,POLR2G,1
POLR2G,NCOR1,1
NCOR1,H3F3B,1
NCOR1,H3F3A,1
POLR2C,RPS15,1
TCEB1,COMMD4,1
COPS2,COMMD4,1
EGR1,TRP53,1
TRP53,EGR1,1
EGR1,STAT3,1
STAT3,EGR1,1
EGR1,JUN,1
JUN,EGR1,1
ZEB2,TRP53,1
TRP53,ZEB2,1
ZEB2,SMAD2,1
SMAD2,ZEB2,1
GATAD2A,TRP53,1
TRP53,GATAD2A,1
GATAD2A,RBBP4,1
RBBP4,GATAD2A,1
GATAD2A,ETV3,1
ETV3,GATAD2A,1
GATAD2A,NCOR2,1
NCOR2,GATAD2A,1
GATAD2A,HDAC1,1
HDAC1,GATAD2A,1
GATAD2A,MTA2,1
MTA2,GATAD2A,1
GATAD2A,MORF4L1,1
GATAD2A,UBTF,1
UBTF,GATAD2A,1
GATAD2A,MBD2,1
MBD2,GATAD2A,1
TUBA1A,YWHAE,1
REL,PSMC3,1
HNRNPD,PSMC3,1
TRP53,PSMC3,1
BUB3,PSMC3,1
TCEB1,PSMC3,1
ARID1B,ACTG1,1
RUVBL2,ACTG1,1
SMARCE1,ACTG1,1
SMARCC2,ACTG1,1
ARID1A,ACTG1,1
PBRM1,ACTG1,1
NAP1L4,NPM1,1
NAP1L4,NAP1L1,1
SRSF6,LSM7,1
RNPS1,LSM7,1
PAPOLA,LSM7,1
POLR2C,LSM7,1
SRSF2,LSM7,1
SNRPB,LSM7,1
HNRNPD,LSM7,1
SRSF3,LSM7,1
YBX1,LSM7,1
SRRM1,LSM7,1
SRSF5,LSM7,1
WBP11,LSM7,1
POLR2G,LSM7,1
SF1,LSM7,1
SIRT2,TRP53,1
TRP53,SIRT2,1
RNPS1,RPL26,1
UPF1,RPL26,1
TRP53,RPL26,1
MBD2,RBBP4,1
RBBP4,MBD2,1
MBD2,HDAC1,1
HDAC1,MBD2,1
MBD2,H2AFV,1
MBD2,MORF4L1,1
MBD2,UBTF,1
UBTF,MBD2,1
MBD2,NCOR2,1
NCOR2,MBD2,1
MBD2,MTA2,1
MTA2,MBD2,1
MBD2,H3F3B,1
MBD2,H3F3A,1
RNPS1,RPS7,1
UPF1,RPS7,1
NFKBIZ,CXCL2,1
JUN,CXCL2,1
SRSF2,NPM1,1
TRP53,NPM1,1
UPF1,RPL27A,1
UPF1,FAU,1
UPF1,RPS28,1
UPF1,RPL14,1
UPF1,RPLP2,1
UPF1,RPL41,1
UPF1,RPS19,1
UPF1,RPS13,1
UPF1,RPL32,1
UPF1,RPS27A,1
UPF1,RNPS1,1
RNPS1,UPF1,1
UPF1,RPL34,1
UPF1,RPL38,1
UPF1,RPL23,1
UPF1,RPL11,1
UPF1,RPL36,1
UPF1,SRRM1,1
SRRM1,UPF1,1
UPF1,RPL30,1
UPF1,RPS8,1
UPF1,RPL3,1
UPF1,RPS27,1
UPF1,RPS6,1
UPF1,RPL35A,1
UPF1,RPS25,1
SRSF6,PRPF40A,1
RNPS1,PRPF40A,1
PAPOLA,PRPF40A,1
POLR2C,PRPF40A,1
SRSF2,PRPF40A,1
SNRPB,PRPF40A,1
HNRNPD,PRPF40A,1
SRSF3,PRPF40A,1
YBX1,PRPF40A,1
SRRM1,PRPF40A,1
SRSF5,PRPF40A,1
WBP11,PRPF40A,1
POLR2G,PRPF40A,1
SF1,PRPF40A,1
PCBP2,SRSF3,1
SRSF3,PCBP2,1
PCBP2,TIAL1,1
TIAL1,PCBP2,1
TUBA1A,TUBA1B,1
DAB2,ARPC5,1
SSRP1,POLR2C,1
POLR2C,SSRP1,1
SSRP1,RBBP4,1
RBBP4,SSRP1,1
SSRP1,HMGB1,1
SSRP1,TCEA1,1
TCEA1,SSRP1,1
SSRP1,TRP53,1
TRP53,SSRP1,1
SSRP1,MCM5,1
MCM5,SSRP1,1
SSRP1,TCEB1,1
TCEB1,SSRP1,1
SSRP1,POLR2G,1
POLR2G,SSRP1,1
YBX1,SRSF6,1
SRSF6,YBX1,1
YBX1,PAPOLA,1
PAPOLA,YBX1,1
YBX1,POLR2C,1
POLR2C,YBX1,1
YBX1,HNRNPC,1
YBX1,SRSF2,1
SRSF2,YBX1,1
YBX1,HNRNPD,1
HNRNPD,YBX1,1
YBX1,TRA2B,1
YBX1,SF3B5,1
YBX1,SRSF5,1
SRSF5,YBX1,1
YBX1,TRP53,1
TRP53,YBX1,1
YBX1,WBP11,1
WBP11,YBX1,1
YBX1,EWSR1,1
EWSR1,YBX1,1
YBX1,BUD31,1
YBX1,RNPS1,1
RNPS1,YBX1,1
YBX1,HNRNPA2B1,1
YBX1,SNRPB,1
SNRPB,YBX1,1
YBX1,SRSF3,1
SRSF3,YBX1,1
YBX1,DNAJC8,1
YBX1,SRRM1,1
SRRM1,YBX1,1
YBX1,POLR2G,1
POLR2G,YBX1,1
YBX1,SF1,1
SF1,YBX1,1
YBX1,HNRNPF,1
CTBP1,HDAC1,1
HDAC1,CTBP1,1
CTBP1,SUMO1,1
CTBP1,TCF7L2,1
TCF7L2,CTBP1,1
EWSR1,TARDBP,1
TARDBP,EWSR1,1
SIRT7,TRP53,1
TRP53,SIRT7,1
MCM5,BIRC5,1
BUB3,BIRC5,1
RNPS1,RPS25,1
RNPS1,RPL36,1
DAB2,UBC,1
DAB2,ARPC4,1
DAB2,AP2S1,1
DAB2,ACTR3,1
DAB2,CLTA,1
DAB2,RPS27A,1
THRAP3,NCOA3,1
NCOA3,THRAP3,1
THRAP3,MED1,1
MED1,THRAP3,1
THRAP3,NCOR2,1
NCOR2,THRAP3,1
POLR2C,RPL3,1
RNPS1,RPL3,1
EZH2,POLR2C,1
POLR2C,EZH2,1
EZH2,RBBP4,1
RBBP4,EZH2,1
EZH2,SRSF2,1
SRSF2,EZH2,1
EZH2,NCOA3,1
NCOA3,EZH2,1
EZH2,TRP53,1
TRP53,EZH2,1
EZH2,AEBP2,1
AEBP2,EZH2,1
EZH2,STAT3,1
STAT3,EZH2,1
EZH2,KDM6B,1
KDM6B,EZH2,1
EZH2,HDAC1,1
HDAC1,EZH2,1
EZH2,H2AFV,1
EZH2,TFDP1,1
TFDP1,EZH2,1
EZH2,DOT1L,1
DOT1L,EZH2,1
EZH2,POLR2G,1
POLR2G,EZH2,1
EZH2,H3F3B,1
EZH2,H3F3A,1
RNPS1,RPL32,1
POLR2C,RPL5,1
TRP53,RPL5,1
TARDBP,SNRPE,1
TARDBP,SNRPG,1
TARDBP,HNRNPA2B1,1
TARDBP,SRSF3,1
SRSF3,TARDBP,1
TARDBP,TRA2B,1
TARDBP,MATR3,1
MATR3,TARDBP,1
TARDBP,SSB,1
SSB,TARDBP,1
TARDBP,HNRNPF,1
RNPS1,RPLP2,1
BUB3,PSME2,1
BUB3,PSME1,1
BUB3,PSMB3,1
BUB3,RNPS1,1
RNPS1,BUB3,1
BUB3,UBC,1
BUB3,H2AFV,1
BUB3,PPP2R5C,1
BUB3,MORF4L1,1
BUB3,ZWINT,1
BUB3,PSMA3,1
BUB3,PSMA5,1
BUB3,RPS27,1
BUB3,PSMB9,1
BUB3,RPS27A,1
COPS2,CISH,1
TCEB1,CISH,1
STAT6,CISH,1
STAT3,CISH,1
RBBP4,MORF4L1,1
HDAC1,MORF4L1,1
RUVBL2,MORF4L1,1
NCOR2,MORF4L1,1
KDM5A,MORF4L1,1
MTA2,MORF4L1,1
H1F0,HMGB1,1
TRP53,HMGB1,1
AEBP2,RBBP4,1
RBBP4,AEBP2,1
AEBP2,H2AFV,1
AEBP2,H3F3B,1
AEBP2,H3F3A,1
NCOA3,NCOR2,1
NCOR2,NCOA3,1
NCOA3,MED1,1
MED1,NCOA3,1
NCOA3,POLR2C,1
POLR2C,NCOA3,1
NCOA3,RBBP4,1
RBBP4,NCOA3,1
NCOA3,USF2,1
USF2,NCOA3,1
NCOA3,H2AFV,1
NCOA3,POLR2G,1
POLR2G,NCOA3,1
NCOA3,JUN,1
JUN,NCOA3,1
NCOA3,H3F3B,1
NCOA3,H3F3A,1
NCOA3,GTF2A2,1
GTF2A2,NCOA3,1
RNPS1,RPL34,1
REL,PSMA5,1
HNRNPD,PSMA5,1
TRP53,PSMA5,1
TCEB1,PSMA5,1
SSB,SNRPE,1
SSB,NHP2,1
SSB,SNRPG,1
SSB,HNRNPA2B1,1
SSB,SRSF3,1
SRSF3,SSB,1
SSB,NHP2L1,1
SSB,MATR3,1
MATR3,SSB,1
NR3C1,SUMO1,1
TRP53,SUMO1,1
NCOR2,SUMO1,1
UBE2K,SUMO1,1
RNF4,SUMO1,1
HDAC1,SUMO1,1
STAT6,PTPN2,1
STAT6,STAT3,1
STAT3,STAT6,1
SRSF2,SRSF6,1
SRSF6,SRSF2,1
SRSF2,RNPS1,1
RNPS1,SRSF2,1
SRSF2,PAPOLA,1
PAPOLA,SRSF2,1
SRSF2,POLR2C,1
POLR2C,SRSF2,1
SRSF2,HNRNPC,1
SRSF2,HNRNPA2B1,1
SRSF2,SNRPB,1
SNRPB,SRSF2,1
SRSF2,HNRNPD,1
HNRNPD,SRSF2,1
SRSF2,SRSF3,1
SRSF3,SRSF2,1
SRSF2,TRA2B,1
SRSF2,DNAJC8,1
SRSF2,SF3B5,1
SRSF2,HNRNPAB,1
HNRNPAB,SRSF2,1
SRSF2,SRRM1,1
SRRM1,SRSF2,1
SRSF2,SRSF5,1
SRSF5,SRSF2,1
SRSF2,WBP11,1
WBP11,SRSF2,1
SRSF2,BUD31,1
SRSF2,SARNP,1
SRSF2,POLR2G,1
POLR2G,SRSF2,1
SRSF2,SF1,1
SF1,SRSF2,1
SRSF2,HNRNPF,1
RNF4,UBA52,1
KDM6B,RBBP4,1
RBBP4,KDM6B,1
KDM6B,TRP53,1
TRP53,KDM6B,1
KDM6B,NCOR2,1
NCOR2,KDM6B,1
KDM6B,ATP5C1,1
KDM6B,HDAC1,1
HDAC1,KDM6B,1
KDM6B,H2AFV,1
KDM6B,ATP5D,1
KDM6B,KDM5A,1
KDM5A,KDM6B,1
KDM6B,H3F3B,1
KDM6B,H3F3A,1
KDM6B,ATP5F1,1
SNRPB,NHP2L1,1
NR3C1,HSP90AA1,1
TRP53,HSP90AA1,1
AHR,HSP90AA1,1
STAT3,HSP90AA1,1
TUBA1A,HSP90AA1,1
NCOA4,FTL1,1
SRSF5,DNAJC8,1
SRSF6,DNAJC8,1
RNPS1,DNAJC8,1
PAPOLA,DNAJC8,1
POLR2C,DNAJC8,1
WBP11,DNAJC8,1
SNRPB,DNAJC8,1
HNRNPD,DNAJC8,1
SRSF3,DNAJC8,1
POLR2G,DNAJC8,1
SF1,DNAJC8,1
SRRM1,DNAJC8,1
SRSF6,EEF1G,1
SRSF5,EEF1G,1
GTF2E2,EEF1G,1
MTA2,RBBP4,1
RBBP4,MTA2,1
MTA2,ETV3,1
ETV3,MTA2,1
MTA2,HDAC1,1
HDAC1,MTA2,1
MTA2,UBTF,1
UBTF,MTA2,1
MTA2,TRP53,1
TRP53,MTA2,1
MTA2,NCOR2,1
NCOR2,MTA2,1
POLR2G,SRSF6,1
SRSF6,POLR2G,1
POLR2G,RNPS1,1
RNPS1,POLR2G,1
POLR2G,PAPOLA,1
PAPOLA,POLR2G,1
POLR2G,POLR2C,1
POLR2C,POLR2G,1
POLR2G,RBBP4,1
RBBP4,POLR2G,1
POLR2G,HNRNPC,1
POLR2G,UBC,1
POLR2G,HNRNPA2B1,1
POLR2G,H2AFV,1
POLR2G,COPS2,1
COPS2,POLR2G,1
POLR2G,SNRPB,1
SNRPB,POLR2G,1
POLR2G,HNRNPD,1
HNRNPD,POLR2G,1
POLR2G,SRSF3,1
SRSF3,POLR2G,1
POLR2G,TCEA1,1
TCEA1,POLR2G,1
POLR2G,GTF2A2,1
GTF2A2,POLR2G,1
POLR2G,TRA2B,1
POLR2G,TBPL1,1
TBPL1,POLR2G,1
POLR2G,SF3B5,1
POLR2G,SRRM1,1
SRRM1,POLR2G,1
POLR2G,SRSF5,1
SRSF5,POLR2G,1
POLR2G,WBP11,1
WBP11,POLR2G,1
POLR2G,TCEB1,1
TCEB1,POLR2G,1
POLR2G,TIAL1,1
TIAL1,POLR2G,1
POLR2G,BUD31,1
POLR2G,ZNRD1,1
ZNRD1,POLR2G,1
POLR2G,GTF2E2,1
GTF2E2,POLR2G,1
POLR2G,JUN,1
JUN,POLR2G,1
POLR2G,H3F3B,1
POLR2G,H3F3A,1
POLR2G,SF1,1
SF1,POLR2G,1
POLR2G,HNRNPF,1
POLR2G,RPS27A,1
TUBA1A,RAB11A,1
NR3C1,NCOR2,1
NCOR2,NR3C1,1
NR3C1,SGK1,1
NR3C1,JUN,1
JUN,NR3C1,1
NR3C1,CAPZB,1
NR3C1,MED1,1
MED1,NR3C1,1
COPS2,MYEOV2,1
TRP53,IDH1,1
CEBPA,JUN,1
JUN,CEBPA,1
ATF4,HSPA5,1
TCEB1,COMMD6,1
COPS2,COMMD6,1
ARID1B,ACTB,1
RUVBL2,ACTB,1
SMARCE1,ACTB,1
SMARCC2,ACTB,1
TRP53,ACTB,1
ZNRD1,ACTB,1
ARID1A,ACTB,1
COPS2,ACTB,1
PBRM1,ACTB,1
KDM5A,ATP5C1,1
KDM5A,ATP5D,1
SMARCE1,ARID1B,1
ARID1B,SMARCE1,1
SMARCE1,DPF2,1
DPF2,SMARCE1,1
SMARCE1,PBRM1,1
PBRM1,SMARCE1,1
SMARCE1,SMARCC2,1
SMARCC2,SMARCE1,1
SMARCE1,BANF1,1
SMARCE1,ARID1A,1
ARID1A,SMARCE1,1
RNPS1,RPL23,1
POLR2C,RPL23,1
REL,PSMB3,1
HNRNPD,PSMB3,1
TRP53,PSMB3,1
TCEB1,PSMB3,1
SNRPB,SNRPE,1
SNRPB,SRSF6,1
SRSF6,SNRPB,1
SNRPB,PAPOLA,1
PAPOLA,SNRPB,1
SNRPB,POLR2C,1
POLR2C,SNRPB,1
SNRPB,HNRNPC,1
SNRPB,NHP2,1
SNRPB,HNRNPD,1
HNRNPD,SNRPB,1
SNRPB,TRA2B,1
SNRPB,SF3B5,1
SNRPB,SRSF5,1
SRSF5,SNRPB,1
SNRPB,WBP11,1
WBP11,SNRPB,1
SNRPB,BUD31,1
SNRPB,RNPS1,1
RNPS1,SNRPB,1
SNRPB,SNRPG,1
SNRPB,HNRNPA2B1,1
SNRPB,SRSF3,1
SRSF3,SNRPB,1
SNRPB,SRRM1,1
SRRM1,SNRPB,1
SNRPB,SF1,1
SF1,SNRPB,1
SNRPB,HNRNPF,1
RNPS1,RPL11,1
TRP53,RPL11,1
HDAC1,RBBP4,1
RBBP4,HDAC1,1
HDAC1,ETV3,1
ETV3,HDAC1,1
HDAC1,TRP53,1
TRP53,HDAC1,1
HDAC1,TGIF1,1
TGIF1,HDAC1,1
HDAC1,NCOR2,1
NCOR2,HDAC1,1
HDAC1,STAT3,1
STAT3,HDAC1,1
HDAC1,JUN,1
JUN,HDAC1,1
HDAC1,ATF2,1
ATF2,HDAC1,1
HDAC1,H2AFV,1
HDAC1,TFDP1,1
TFDP1,HDAC1,1
HDAC1,UBTF,1
UBTF,HDAC1,1
HDAC1,IRF1,1
IRF1,HDAC1,1
HDAC1,SMAD2,1
SMAD2,HDAC1,1
HDAC1,TCF7L2,1
TCF7L2,HDAC1,1
HDAC1,H3F3B,1
HDAC1,H3F3A,1
RBBP4,POLR2C,1
POLR2C,RBBP4,1
RBBP4,ETV3,1
ETV3,RBBP4,1
RBBP4,TRP53,1
TRP53,RBBP4,1
RBBP4,NCOR2,1
NCOR2,RBBP4,1
RBBP4,HAT1,1
RBBP4,H2AFV,1
RBBP4,TFDP1,1
TFDP1,RBBP4,1
RBBP4,UBTF,1
UBTF,RBBP4,1
RBBP4,H3F3B,1
RBBP4,H3F3A,1
UBE2K,UBE2L6,1
RNF4,UBE2L6,1
RLIM,UBE2L6,1
TCEB1,UBE2L6,1
NFE2L2,AHR,1
AHR,NFE2L2,1
RNPS1,RPS8,1
RNPS1,RPS6,1
POLR2C,RPS27A,1
REL,RPS27A,1
HNRNPD,RPS27A,1
TCEA1,RPS27A,1
TRP53,RPS27A,1
UBE2K,RPS27A,1
JUN,RPS27A,1
RNPS1,RPS27A,1
RNF4,RPS27A,1
RLIM,RPS27A,1
MCM5,RPS27A,1
COPS2,RPS27A,1
EHMT1,RPS27A,1
SKIL,RPS27A,1
TCEB1,RPS27A,1
SMAD2,RPS27A,1
REL,PSME1,1
REL,UBC,1
REL,PSMA3,1
REL,PSME2,1
REL,PSMB9,1
EHMT1,UBC,1
EHMT1,TRP53,1
TRP53,EHMT1,1
EHMT1,H2AFV,1
EHMT1,TFDP1,1
TFDP1,EHMT1,1
EHMT1,H3F3B,1
EHMT1,H3F3A,1
CREB3,ATF4,1
ATF4,CREB3,1
CREB3,ATF2,1
ATF2,CREB3,1
NFAT5,AKR1B3,1
HMGA1,TRP53,1
TRP53,HMGA1,1
SRSF6,SF3B5,1
RNPS1,SF3B5,1
PAPOLA,SF3B5,1
POLR2C,SF3B5,1
HNRNPD,SF3B5,1
SRSF3,SF3B5,1
SRRM1,SF3B5,1
SRSF5,SF3B5,1
WBP11,SF3B5,1
SF1,SF3B5,1
SMARCC2,ARID1B,1
ARID1B,SMARCC2,1
SMARCC2,DPF2,1
DPF2,SMARCC2,1
SMARCC2,ARID1A,1
ARID1A,SMARCC2,1
SMARCC2,PBRM1,1
PBRM1,SMARCC2,1
SMARCC2,BANF1,1
CNOT2,CNOT8,1
CNOT8,CNOT2,1
CNOT2,CNOT6,1
CNOT6,CNOT2,1
CNOT2,CNOT6L,1
CNOT6L,CNOT2,1
KDM5C,ATP5D,1
TIAL1,POLR2C,1
POLR2C,TIAL1,1
TIAL1,HNRNPC,1
TIAL1,HNRNPF,1
RNPS1,RPL38,1
JUN,POLR2C,1
POLR2C,JUN,1
JUN,ATF4,1
ATF4,JUN,1
JUN,TRP53,1
TRP53,JUN,1
JUN,STAT3,1
STAT3,JUN,1
JUN,ATF2,1
ATF2,JUN,1
JUN,MED1,1
MED1,JUN,1
JUN,H2AFV,1
JUN,H3F3B,1
JUN,H3F3A,1
MED1,USF2,1
USF2,MED1,1
MED1,NCOR2,1
NCOR2,MED1,1
KLF4,TRP53,1
TRP53,KLF4,1
RUVBL2,NHP2,1
RNPS1,RPS19,1
TRP53,PSME1,1
TRP53,UBC,1
TRP53,H1F0,1
H1F0,TRP53,1
TRP53,TBPL1,1
TBPL1,TRP53,1
TRP53,PSMA3,1
TRP53,CFLAR,1
TRP53,STAT3,1
STAT3,TRP53,1
TRP53,ARID1A,1
ARID1A,TRP53,1
TRP53,SPP1,1
TRP53,PSME2,1
TRP53,SUMO2,1
TRP53,SKIL,1
SKIL,TRP53,1
TRP53,IRF1,1
IRF1,TRP53,1
TRP53,SMAD2,1
SMAD2,TRP53,1
TRP53,TPT1,1
TRP53,PSMB9,1
CNOT8,CNOT6,1
CNOT6,CNOT8,1
CNOT8,CNOT6L,1
CNOT6L,CNOT8,1
IRF1,PSMB9,1
IRF1,STAT3,1
STAT3,IRF1,1
HNRNPAB,SNRPE,1
HNRNPAB,HNRNPD,1
HNRNPD,HNRNPAB,1
HNRNPAB,HNRNPA2B1,1
HNRNPAB,EIF4A1,1
POLR2C,SRSF6,1
SRSF6,POLR2C,1
POLR2C,PAPOLA,1
PAPOLA,POLR2C,1
POLR2C,HNRNPC,1
POLR2C,UBC,1
POLR2C,HNRNPD,1
HNRNPD,POLR2C,1
POLR2C,TCEA1,1
TCEA1,POLR2C,1
POLR2C,TRA2B,1
POLR2C,TBPL1,1
TBPL1,POLR2C,1
POLR2C,SRSF5,1
SRSF5,POLR2C,1
POLR2C,WBP11,1
WBP11,POLR2C,1
POLR2C,BUD31,1
POLR2C,ZNRD1,1
ZNRD1,POLR2C,1
POLR2C,GTF2E2,1
GTF2E2,POLR2C,1
POLR2C,RNPS1,1
RNPS1,POLR2C,1
POLR2C,HNRNPA2B1,1
POLR2C,H2AFV,1
POLR2C,COPS2,1
COPS2,POLR2C,1
POLR2C,NME1,1
POLR2C,SRSF3,1
SRSF3,POLR2C,1
POLR2C,GTF2A2,1
GTF2A2,POLR2C,1
POLR2C,RPS20,1
POLR2C,SRRM1,1
SRRM1,POLR2C,1
POLR2C,TCEB1,1
TCEB1,POLR2C,1
POLR2C,COX7C,1
POLR2C,H3F3B,1
POLR2C,H3F3A,1
POLR2C,SF1,1
SF1,POLR2C,1
POLR2C,HNRNPF,1
ATF4,ATF2,1
ATF2,ATF4,1
ATF4,CREM,1
CREM,ATF4,1
ZNRD1,H2AFV,1
ATF2,H2AFV,1
UBTF,H2AFV,1
TCF7L2,H2AFV,1
PAPOLA,SRSF6,1
SRSF6,PAPOLA,1
PAPOLA,HNRNPC,1
PAPOLA,HNRNPD,1
HNRNPD,PAPOLA,1
PAPOLA,TRA2B,1
PAPOLA,SRSF5,1
SRSF5,PAPOLA,1
PAPOLA,WBP11,1
WBP11,PAPOLA,1
PAPOLA,BUD31,1
PAPOLA,RNPS1,1
RNPS1,PAPOLA,1
PAPOLA,HNRNPA2B1,1
PAPOLA,SRSF3,1
SRSF3,PAPOLA,1
PAPOLA,SRRM1,1
SRRM1,PAPOLA,1
PAPOLA,SARNP,1
PAPOLA,HNRNPF,1
SRSF5,SRSF6,1
SRSF6,SRSF5,1
SRSF5,HNRNPC,1
SRSF5,HNRNPD,1
HNRNPD,SRSF5,1
SRSF5,TRA2B,1
SRSF5,WBP11,1
WBP11,SRSF5,1
SRSF5,BUD31,1
SRSF5,RNPS1,1
RNPS1,SRSF5,1
SRSF5,HNRNPA2B1,1
SRSF5,SRSF3,1
SRSF3,SRSF5,1
SRSF5,SRRM1,1
SRRM1,SRSF5,1
SRSF5,SARNP,1
SRSF5,SF1,1
SF1,SRSF5,1
SRSF5,HNRNPF,1
RNPS1,RPL30,1
COPS2,UBC,1
COPS2,COMMD1,1
COPS2,TCEB1,1
TCEB1,COPS2,1
NCOR2,SKIL,1
SKIL,NCOR2,1
NCOR2,SMAD2,1
SMAD2,NCOR2,1
SRSF6,HNRNPC,1
HNRNPD,HNRNPC,1
WBP11,HNRNPC,1
RNPS1,HNRNPC,1
SRSF3,HNRNPC,1
SRRM1,HNRNPC,1
SF1,HNRNPC,1
TCF7L2,LDB1,1
LDB1,TCF7L2,1
TCF7L2,H3F3B,1
TCF7L2,H3F3A,1
ATF2,H3F3B,1
ATF2,H3F3A,1
ATF2,CREM,1
CREM,ATF2,1
PBRM1,ARID1B,1
ARID1B,PBRM1,1
PBRM1,DPF2,1
DPF2,PBRM1,1
PBRM1,ARID1A,1
ARID1A,PBRM1,1
PBRM1,BANF1,1
PBRM1,H3F3B,1
PBRM1,H3F3A,1
MCM5,HAT1,1
KDM5C,ATP5C1,1
ZNRD1,NHP2,1
ZNRD1,UBTF,1
UBTF,ZNRD1,1
ZNRD1,H3F3B,1
ZNRD1,H3F3A,1
RNPS1,RPS28,1
SRSF6,HNRNPA2B1,1
HNRNPD,HNRNPA2B1,1
WBP11,HNRNPA2B1,1
RNPS1,HNRNPA2B1,1
SRSF3,HNRNPA2B1,1
SRRM1,HNRNPA2B1,1
MATR3,HNRNPA2B1,1
SF1,HNRNPA2B1,1
RNPS1,RPL35A,1
ARID1B,DPF2,1
DPF2,ARID1B,1
ARID1B,BANF1,1
ARID1B,ARID1A,1
ARID1A,ARID1B,1
WBP11,SRSF6,1
SRSF6,WBP11,1
WBP11,RNPS1,1
RNPS1,WBP11,1
WBP11,HNRNPD,1
HNRNPD,WBP11,1
WBP11,BUD31,1
WBP11,SRSF3,1
SRSF3,WBP11,1
WBP11,TRA2B,1
WBP11,SF1,1
SF1,WBP11,1
WBP11,HNRNPF,1
WBP11,SRRM1,1
SRRM1,WBP11,1
STAT3,PTPN2,1
RLIM,UBC,1
RLIM,UBE2K,1
UBE2K,RLIM,1
RLIM,UBE2D3,1
RLIM,RNF4,1
RNF4,RLIM,1
RLIM,LDB1,1
LDB1,RLIM,1
RLIM,TCEB1,1
TCEB1,RLIM,1
SKIL,UBC,1
SKIL,SMAD2,1
SMAD2,SKIL,1
GTF2A2,TMEM179B,1
GTF2A2,TCEA1,1
TCEA1,GTF2A2,1
GTF2A2,TBPL1,1
TBPL1,GTF2A2,1
GTF2A2,GTF2E2,1
GTF2E2,GTF2A2,1
LMO4,LDB1,1
LDB1,LMO4,1
TBPL1,GTF2E2,1
GTF2E2,TBPL1,1
TBPL1,TMEM179B,1
UBE2K,SUMO2,1
RNF4,SUMO2,1
WHSC1L1,ASH1L,1
ASH1L,WHSC1L1,1
HNRNPD,UBC,1
TCEA1,UBC,1
UBE2K,UBC,1
RNF4,UBC,1
MCM5,UBC,1
TCEB1,UBC,1
SMAD2,UBC,1
SRSF3,SNRPE,1
SRSF3,SRSF6,1
SRSF6,SRSF3,1
SRSF3,RNPS1,1
RNPS1,SRSF3,1
SRSF3,HNRNPD,1
HNRNPD,SRSF3,1
SRSF3,TRA2B,1
SRSF3,SRRM1,1
SRRM1,SRSF3,1
SRSF3,MATR3,1
MATR3,SRSF3,1
SRSF3,BUD31,1
SRSF3,SARNP,1
SRSF3,SF1,1
SF1,SRSF3,1
SRSF3,HNRNPF,1
MEF2A,TCF12,1
TCF12,MEF2A,1
LDB1,CBFA2T3,1
CBFA2T3,LDB1,1
LDB1,TCF12,1
TCF12,LDB1,1
CBFA2T3,TCF12,1
TCF12,CBFA2T3,1
SRSF6,HNRNPD,1
HNRNPD,SRSF6,1
SRSF6,TRA2B,1
SRSF6,BUD31,1
SRSF6,RNPS1,1
RNPS1,SRSF6,1
SRSF6,SRRM1,1
SRRM1,SRSF6,1
SRSF6,SARNP,1
SRSF6,SF1,1
SF1,SRSF6,1
SRSF6,HNRNPF,1
CNOT6L,CNOT6,1
CNOT6,CNOT6L,1
DPF2,ARID1A,1
ARID1A,DPF2,1
DPF2,H3F3B,1
DPF2,H3F3A,1
STAT3,PTPRC,1
STAT3,SMAD2,1
SMAD2,STAT3,1
SF1,RNPS1,1
RNPS1,SF1,1
SF1,HNRNPD,1
HNRNPD,SF1,1
SF1,SRRM1,1
SRRM1,SF1,1
SF1,BUD31,1
SF1,HNRNPF,1
ARID1A,BANF1,1
UBE2K,UBE2D3,1
UBE2K,RNF4,1
RNF4,UBE2K,1
UBE2K,TCEB1,1
TCEB1,UBE2K,1
RNPS1,RPL27A,1
HNRNPD,PSME2,1
TCEB1,PSME2,1
JMJD1C,H3F3B,1
JMJD1C,H3F3A,1
UBTF,H3F3B,1
UBTF,H3F3A,1
TCEB1,COMMD1,1
HNRNPD,TRA2B,1
RNPS1,TRA2B,1
SRRM1,TRA2B,1
MATR3,TRA2B,1
SRRM1,RNPS1,1
RNPS1,SRRM1,1
SRRM1,HNRNPD,1
HNRNPD,SRRM1,1
SRRM1,BUD31,1
SRRM1,SARNP,1
SRRM1,HNRNPF,1
HNRNPD,PSMA3,1
TCEB1,PSMA3,1
RNPS1,BUD31,1
HNRNPD,BUD31,1
MATR3,SNRPE,1
MATR3,SNRPG,1
MATR3,HNRNPF,1
GTF2E2,TCEA1,1
TCEA1,GTF2E2,1
RNPS1,RPS13,1
RNPS1,FAU,1
RNPS1,HNRNPD,1
HNRNPD,RNPS1,1
RNPS1,RPL14,1
RNPS1,RPL41,1
RNPS1,RPS27,1
RNPS1,SARNP,1
RNPS1,HNRNPF,1
TFDP1,SMAD2,1
SMAD2,TFDP1,1
TCEA1,TCEB1,1
TCEB1,TCEA1,1
HNRNPD,HNRNPF,1
RNF4,UBE2D3,1
TCEB1,UBE2D3,1
SMAD2,UBE2D3,1
SMAD2,TGIF1,1
TGIF1,SMAD2,1
HNRNPD,PSME1,1
HNRNPD,PSMB9,1
TCEB1,PSMB9,1
TCEB1,PSME1,1
RNF4,TCEB1,1
TCEB1,RNF4,1
CXXC1,HSP90AB1,0
TOP2B,PSMA7,0
TOX4,RPL35A,0
AEBP2,AP2S1,0
ZEB2,RPS17,0
MDM2,LDB1,0
ETV3,PTGES3,0
NR3C1,ATP5C1,0
JMJD1C,QDPR,0
BTG1,SEPT2,0
ATF2,EIF3I,0
HMGA1,H3F3B,0
ELF2,ACTB,0
KDM2B,GM2A,0
POLR2G,MBNL1,0
TCF7L2,ARID1B,0
TAF7,UBE2K,0
NCOR1,RAC1,0
NFAT5,RPS16,0
BCLAF1,LYZ2,0
JUN,PLK2,0
SRSF5,SMARCA5,0
ING1,CXCL1,0
JMJD1C,BST2,0
KDM6B,CTSZ,0
XBP1,SRSF6,0
TOB1,CTNNA1,0
ATF2,CSNK2B,0
CTBP1,MITF,0
POLR3K,CBFB,0
KDM5C,ATF4,0
AKT1,BST2,0
GTF2A1,HSP90AA1,0
CTBP1,CBX3,0
IRF4,SMAD4,0
CHD1,PSMD14,0
NCOR2,SMARCC2,0
NR3C1,RPS24,0
POLR2G,SSNA1,0
CSDE1,SRSF2,0
SP1,MED27,0
SMARCE1,CCNL1,0
KPNA2,RPL15,0
NFAT5,CREM,0
MCM4,NR3C1,0
RBBP4,TNFRSF1B,0
CBX3,TCERG1,0
NONO,MCM6,0
BIN1,CNBP,0
ZFML,TCF12,0
ATF3,SMARCA5,0
SND1,EIF3K,0
POLR2C,RPL10A,0
EDF1,PEBP1,0
CREBBP,DNAJC19,0
NFKBIZ,DNASE1L1,0
HMGB2,PDIA3,0
BATF3,CREB3,0
POLR2I,RPL41,0
ILK,SNAPC5,0
HHEX,PARL,0
PARP1,RPL21,0
RBBP7,GNB2L1,0
ATF3,PSMB5,0
TAF7,FTL1,0
POLR1D,HNRNPK,0
CSDE1,HSP90AB1,0
CTBP1,HBP1,0
CIITA,HSP90AB1,0
ZNRD1,CEBPA,0
COPS5,HSP90B1,0
RBM39,CBFA2T3,0
MCM7,RPL8,0
SNRPD1,TUBB6,0
MED1,UBE2L6,0
MBD2,VIM,0
ING1,RPSA,0
CNOT6,SMARCA5,0
NFIL3,PARP1,0
AFF4,MTPN,0
TCERG1,TPT1,0
SKI,MSN,0
ZEB2,CD24A,0
RBM39,RPS8,0
ETS2,NME2,0
CSDE1,IL7R,0
PAPOLA,PARL,0
CXXC1,PSMB9,0
JUNB,SRSF9,0
TCF7L2,CLK1,0
SRRT,STAT3,0
TAF9,ZFML,0
PARP1,B2M,0
ELF2,RPS16,0
CBFB,ATP5D,0
CREM,SNRPD1,0
MBD2,NCF1,0
RBPJ,PSMA5,0
FLI1,STRA13,0
MEF2A,NHP2,0
CBFB,RPS29,0
FLI1,DNAJC19,0
ZFP410,RPL14,0
SSB,SMAD2,0
NCOA3,LPL,0
EWSR1,GTF2B,0
DOT1L,RPS6,0
HTATIP2,GTF2A2,0
MCM4,RHOA,0
ETV3,FTH1,0
ZEB2,PSMB9,0
JUN,SRSF3,0
TLR4,JUP,0
NAP1L4,PSENEN,0
COPS2,TRP53,0
KLF4,CREBBP,0
YEATS4,PSMB5,0
REL,CLTA,0
NFKBIZ,CFP,0
TCF7L2,PSMC6,0
POLR2F,ZMYND11,0
DDB1,ARID1B,0
ELL2,COPS5,0
NR4A1,HNRNPF,0
PCBD2,UQCRC1,0
TOP2B,POLR2H,0
MITF,GATAD2A,0
MAPK3,TWF1,0
KDM5C,RPS12,0
HMGA1,SNRPE,0
HIST1H1C,PABPC1,0
APEX1,RPL14,0
NFKBIA,RPS28,0
SIN3B,S100A1,0
HIST1H1C,RPS18,0
NME2,VDR,0
TCF12,NDUFAB1,0
HNRNPK,PCNA,0
TNF,ELF1,0
HNRNPD,COPS6,0
POLR2A,TMEM179B,0
NONO,SNRPD2,0
MCM4,RPL18A,0
EWSR1,GRN,0
GTF2A1,RPL36AL,0
TOP2B,CREM,0
POLR2C,ING1,0
TUBA1A,DNASE1L1,0
SSRP1,RPL15,0
CIITA,BUD31,0
SMAD4,WHSC1L1,0
NAP1L4,RPL8,0
SSB,RPS9,0
TARDBP,PHB2,0
GTF2A2,GUK1,0
YBX1,NDUFB8,0
RNF4,RAB7,0
CHD7,PSMA3,0
CXXC1,TIAL1,0
GTF2A2,CIITA,0
NFIL3,CSNK2B,0
SRSF5,CKS2,0
MITF,ARF4,0
PBRM1,MRPS16,0
RBM39,TGIF1,0
TLR4,PSMB6,0
SRSF9,CEBPA,0
RAD51,RPS16,0
EHMT2,DNAJC19,0
SRRT,RBBP7,0
ARID1B,LY86,0
STAT1,CD44,0
SKIL,STMN1,0
NFKBIZ,HMG20B,0
ZMYND11,ZFP36L1,0
UBTF,ZFML,0
PCBP2,DDB1,0
THRAP3,RPS27,0
MEF2A,ATP5C1,0
ATF3,AK2,0
BTG1,PDIA3,0
MED8,UBB,0
POLR2I,FOS,0
SKI,TCERG1,0
BIN1,HMG20B,0
DNMT3A,HIST1H1C,0
LMO4,IRF1,0
NFKB1,POLDIP3,0
MCM6,RPS25,0
MAPK14,EIF4E,0
MCM4,STAT6,0
RUNX1,ING1,0
CHD4,TPT1,0
AKT1,CNBP,0
FLI1,PSMC5,0
TLR4,HIST1H1C,0
JUP,CFDP1,0
SIRT2,IQGAP1,0
REL,SEPT7,0
ING1,DYNC1LI1,0
TCEB3,ZFML,0
SIRT7,TCEB1,0
GATAD2A,NDUFA7,0
SMARCA4,BZW1,0
MATR3,HIF1A,0
TSG101,NHP2L1,0
MDM2,MCM7,0
PA2G4,GPNMB,0
IRF5,GUSB,0
STAT1,COMMD6,0
CNOT2,EGR1,0
TNF,SKI,0
PER1,MDM2,0
CNOT2,PSMB5,0
XBP1,SQSTM1,0
POLR3K,GDI2,0
CNOT6,CCT3,0
POLR2D,UBE2K,0
RLIM,EIF3M,0
PARP1,TWF1,0
RBPJ,JUP,0
KDM2B,COMMD1,0
TRIM28,RPL23A,0
CNOT6,UBA52,0
GTF2B,VAPA,0
UBTF,CTSC,0
CTBP1,CREB3,0
MED8,FCGR2B,0
POLR2J,ID2,0
TLR4,DDB1,0
MCM5,UBE2D3,0
SMAD2,DDB1,0
HBP1,PCNA,0
BACH1,NME1,0
FOS,ITGAX,0
BACH1,MEF2A,0
UPF1,MTA2,0
GTF2I,RPL14,0
POLR2G,UBTF,0
SP1,PSMB2,0
LMO4,CKS2,0
MAPK1,HNRNPK,0
SNRPD1,GTF2E2,0
AKT1,DNAJC2,0
SRSF6,CTSC,0
NME2,MRPS16,0
TAF9,NCOA3,0
ZFP410,EEF1G,0
ZFP36,TFDP1,0
RFC1,CYBA,0
RLIM,POLR2G,0
CREM,RNF4,0
IRF5,TXN1,0
LDB1,ING1,0
TSG101,CBFB,0
BATF3,TRAPPC1,0
GTF2I,RNF7,0
NONO,DPY30,0
TOB1,MSN,0
ETV3,RPS29,0
HMGA1,RPL37,0
CEBPA,POLR2A,0
CTBP1,PARK7,0
ETS2,HSP90AA1,0
HNRNPK,MRPS16,0
EZH2,NRAS,0
PREB,RPS21,0
SND1,RHOA,0
RFC1,PSME1,0
HOPX,HMGB2,0
DENND4A,MED15,0
NFKBIB,HDAC1,0
HDAC1,TPT1,0
POLR2G,ZEB2,0
SUZ12,PBRM1,0
NCOA4,CASP1,0
UPF1,PCBP2,0
MED8,ATF2,0
CREB3,PSMA2,0
POLR2J,GNG5,0
CREM,PARP1,0
PCBP2,RPL4,0
MAPK14,ELL2,0
CSDE1,PSMD14,0
RAD51,CTNNB1,0
ILF3,SNRPD2,0
MCM4,TARDBP,0
TCEB2,CCL4,0
RBL2,RAB11A,0
AKT1,BLVRA,0
JUNB,GUSB,0
HHEX,MEF2A,0
ARID1B,PSMD6,0
IRF4,NAP1L1,0
GTF2I,NDUFA7,0
CHD7,CFDP1,0
TCF7L2,EIF3M,0
PCBP2,RPL30,0
HMGB2,RPL18A,0
NFKBIB,HCLS1,0
RLIM,MED10,0
CBFB,PSMC1,0
PCBP2,PTMA,0
HOPX,TUBB6,0
YEATS4,ATP5A1,0
TCEB1,RPS24,0
HCLS1,CIITA,0
SRSF9,FTH1,0
SSRP1,EIF3E,0
PCBP2,HNRNPAB,0
GTF2A2,CXXC1,0
ATF3,RPS6,0
CEBPA,RPL4,0
POLR2I,TOP2B,0
HIST1H1C,SUZ12,0
RBPJ,GTF2I,0
SUZ12,SLC7A11,0
MYD88,CD36,0
MATR3,CCT5,0
SMAD2,PSMD6,0
ZEB2,CSDE1,0
HMGB2,CAPZA2,0
HIST1H1C,LGALS3BP,0
SF1,CCR2,0
ARID1A,RPS14,0
RNPS1,CAPZA1,0
KDM6B,GUK1,0
VDR,RUNX1,0
YEATS4,SNRPD2,0
SMARCB1,HSP90AA1,0
DNAJC2,POLR2I,0
TRP53,NCOR2,0
BTG2,RPL24,0
TCEA1,CYBA,0
CBFB,HMGA1,0
UBTF,RPL8,0
MCM4,CCL3,0
NCOA3,PSMB2,0
EGR2,CXCL1,0
FOSL2,SKP1A,0
CTNNB1,ACLY,0
DOT1L,RPL7,0
TRP53,LDB1,0
CNOT6,SNRPD2,0
BHLHE40,CD83,0
DOT1L,CXCL16,0
SRSF2,RPSA,0
TBPL1,RPS13,0
POLR1D,GRN,0
EZH2,ETV3,0
TLR4,VIM,0
POLR2J,COMMD4,0
NCOR1,GTF2B,0
MCM4,RPL36AL,0
MCM5,ELF1,0
TIAL1,SEC13,0
POLR2I,CD44,0
FOS,CREG1,0
MCM7,RPS5,0
RBL2,PSMA4,0
SSRP1,COPS6,0
SIRT7,IL1RN,0
ATF6,PSMA4,0
EIF5B,AIF1,0
TARBP2,HSPA5,0
ZFP410,SSU72,0
TCF12,CHD4,0
BHLHE40,NFKBIZ,0
HIF1A,DNAJC19,0
JUNB,ILK,0
CTNNB1,RPL23,0
KHDRBS1,IDH1,0
NR3C1,GTF2F1,0
TAX1BP3,UBE2K,0
MCM4,CD9,0
POLR2A,JUNB,0
LDB1,MDM2,0
IRF4,PRKCD,0
FXR1,LYZ1,0
NFE2L2,P4HB,0
TAF12,SSU72,0
FLI1,RPL35,0
KPNA2,PSMB1,0
TCEA1,CHMP5,0
AFF4,MEF2A,0
NAP1L4,RPS27A,0
NCOR1,DYNC1LI1,0
ARID1B,SPP1,0
HNRNPK,CAPZA1,0
HOPX,RBM39,0
NR4A1,HCLS1,0
AFF4,CREBBP,0
AKT1,CLEC4N,0
AEBP2,RPS10,0
ILK,POLR2H,0
SMAD4,IQGAP1,0
ELF1,HCFC1,0
EGR2,PLK2,0
ZNRD1,GTF2F1,0
NAP1L4,CNOT6,0
RBM39,ATF6,0
CNOT6L,WBP11,0
SND1,PSMC6,0
KLF4,SSB,0
JUN,TLR2,0
BHLHE40,RPS27L,0
SKIL,BTG1,0
EZH2,GTF2A1,0
SMARCA5,SLC7A11,0
JMJD1C,MATR3,0
USF2,ATP5F1,0
MCM7,BACH1,0
YEATS4,CCT5,0
TNF,CCT4,0
WHSC1L1,SP1,0
MAPK1,POLR2A,0
DNMT3A,NCF1,0
RBBP4,DUSP1,0
GTF2E2,EZH2,0
COPS5,KDM5A,0
SF1,ELF1,0
ID2,NACA,0
MED1,RPL30,0
TSG101,RPS25,0
HIF1A,APEX1,0
NR3C1,RPL12,0
CBFA2T3,ZMYND11,0
JUN,CFLAR,0
UPF1,BHLHE40,0
ARID1A,KDM5C,0
IRF4,RPLP0,0
SUZ12,SUGT1,0
RBM39,HSP90AB1,0
TNFAIP3,CD74,0
SRSF6,TCEA1,0
TOX4,UBE2D3,0
TARDBP,CTBP1,0
ELF1,CD24A,0
SRSF6,RPS12,0
TSG101,AKT1,0
MCM4,ATP5A1,0
KDM5C,CNBP,0
LDB1,FABP5,0
SIN3B,ASH1L,0
DNMT1,RPS27L,0
AHR,MAPK14,0
XBP1,RPL4,0
SRSF5,CBFB,0
CBX3,CYBB,0
POLR2H,RPS15,0
TGIF1,RBM39,0
PARP1,PHB2,0
MDM2,NXF1,0
STAT6,CTNNA1,0
LMO4,TREM2,0
PHB2,CNOT6,0
REL,VIM,0
HCFC1,FABP5,0
CTBP1,DYNC1LI1,0
POLR2I,ARID1B,0
CTBP1,NRAS,0
POLR2H,EIF1,0
EWSR1,CAPZB,0
DDB1,FTH1,0
REL,DNMT1,0
NONO,ARPC5,0
TRIM28,TCEB2,0
BCLAF1,FOSB,0
POLR2A,SARNP,0
BTG2,RAB7,0
TARDBP,COX7C,0
H1F0,CXCL2,0
MCM4,GNG5,0
DNMT1,DDB1,0
LDB1,PBRM1,0
HIST1H1C,NCK1,0
TUBA1A,CSNK2B,0
HAX1,RPS3,0
CBFB,SFPQ,0
TUBA1A,RPL11,0
TAF12,KLF4,0
SFPQ,H1F0,0
POLR2A,GGH,0
NFKBIA,PBRM1,0
HBP1,RPS8,0
GTF2I,RBM39,0
ARL6IP5,TRP53,0
ILK,ELF2,0
TUBA1A,HCFC1,0
RAD51,TCEB2,0
POLR2B,CCDC53,0
TLR4,PTGES3,0
BAZ1A,MAPK14,0
COPS5,RPS15,0
MAPK1,BUD31,0
POLR2I,NFKBIB,0
KHDRBS1,PSMB1,0
TRIM28,MATR3,0
SRSF2,MED27,0
CBFB,GM2A,0
BIN1,RHOA,0
CTNNB1,SRSF3,0
GTF2A2,RAB11A,0
GTF2E2,TCEB1,0
HIF1A,CD81,0
GTF2F1,RPL35,0
MED15,GUK1,0
CREM,IRF1,0
MED27,RBBP7,0
TNF,VPS25,0
DNMT3A,PCBP2,0
BATF3,MAPK3,0
HMGA1,VPS28,0
KHDRBS1,POLR2B,0
CSDE1,RPL7,0
CTCF,RPS16,0
DPF2,MSN,0
MEF2A,UPF1,0
EIF5B,CSNK2B,0
UPF1,TRP53,0
MCM6,CCRL2,0
RAD51,COMMD4,0
TGIF1,HNRNPAB,0
UBE2K,RPL10,0
MED1,NCK1,0
MAPK1,FLI1,0
H1F0,PSMD8,0
CHD4,PARP1,0
ZFP410,PBRM1,0
SRRT,COX7C,0
KLF6,PSMD8,0
CNOT6L,STAT3,0
PREB,P4HB,0
POLR2J,RPL19,0
SFPQ,RPS7,0
BACH1,TUBA1B,0
CNOT8,PYCARD,0
LMO4,TAF6,0
SRSF3,PABPC1,0
NFE2L2,EIF3K,0
GTF2B,CAPZA2,0
KHDRBS1,CNBP,0
POLR2D,PSMC3,0
ARID1A,COPS2,0
NCOR2,UQCRFS1,0
POLR2G,REL,0
SUZ12,SOD2,0
GTF2E2,MED10,0
MDM2,IL2RG,0
SRSF5,RPS20,0
WHSC1L1,IL1RN,0
TOX4,MYEOV2,0
ILK,POLR2D,0
ZEB2,ACTB,0
NFKB1,CLEC4E,0
NFIL3,SRSF9,0
CNOT6,SMARCC2,0
TCEB2,HSP90B1,0
SNRPB,FOSL2,0
EDF1,RPL6,0
HBP1,TLR2,0
PHB2,TUBB6,0
NFKBIA,KPNA2,0
WBP11,RAD51,0
REL,FABP5,0
FOS,BUB3,0
WHSC1L1,RPL6,0
VDR,MYEOV2,0
POLR3K,CCDC12,0
YBX1,ARPC2,0
STAT3,POLR2H,0
TCF7L2,RLIM,0
CTCF,PSMC4,0
GATAD2A,TNFRSF1B,0
KLF6,HSPA5,0
HOPX,IRF4,0
IRF2,PSMD6,0
TSG101,RPL10A,0
MATR3,RPS27L,0
TCEB2,CTNNA1,0
MCM5,FOSL2,0
KLF6,EEF1G,0
HIF1A,BZW1,0
SRSF9,RPL19,0
IRF2,DYNC1LI1,0
HIST1H1C,LMO4,0
TRP53,XBP1,0
PREB,TBPL1,0
TARBP2,CREBBP,0
NCOR1,RPS27,0
STAT3,PSMA7,0
MCM6,SSB,0
FOSB,DEK,0
KDM5C,H2AFV,0
NFKB1,CD44,0
SMARCA4,H1F0,0
NOTCH2,GDI2,0
TSG101,ETV3,0
ZNRD1,CDC5L,0
CTBP1,ATF6,0
SRRM1,RPL39,0
MED8,EGR2,0
MAPK3,FABP4,0
UBTF,2810417H13RIK,0
AEBP2,RPS7,0
CNOT6L,ATP6AP2,0
HNRNPAB,SHFM1,0
RBL2,CSDE1,0
TAF7,EIF5B,0
PAPOLA,ACTG1,0
NCOR2,DEK,0
SMARCC2,RPS11,0
NFKBIB,LSM3,0
RNPS1,TCP1,0
POLR2F,TNFRSF1B,0
SMARCA5,RPL32,0
PER1,ASH1L,0
SIN3B,CD83,0
MITF,GUK1,0
POLR2J,CD81,0
PA2G4,EDF1,0
SNRPB,KLF4,0
UPF1,SHFM1,0
TRIM28,MITF,0
ATF6,TAF7,0
KLF6,EIF4E,0
RUVBL2,UQCRFS1,0
APEX1,CD74,0
KDM5A,SUMO1,0
HMGA1,ETV3,0
ILF3,RPL23A,0
YEATS4,VPS25,0
STAT1,GRN,0
HBP1,TNFAIP3,0
CSDE1,GUK1,0
TCEB1,TNIP3,0
POLR3K,ELF1,0
CBFA2T3,TAF7,0
CTNNB1,BTG1,0
ILF3,EIF4A1,0
KDM6B,SUMO1,0
TLR4,PCBP2,0
JMJD1C,VTA1,0
NFAT5,PLK2,0
XBP1,TRF,0
ARID1B,RSU1,0
TCF7L2,SRSF3,0
FXR1,TNF,0
TUBA1A,POLR1D,0
MED8,ZFP36L1,0
KDM2B,RAP1B,0
ILF3,KPNA2,0
NCOR2,CISH,0
MYD88,REL,0
MAPK14,RPL36A,0
NME2,EDF1,0
DNMT3A,HSP90B1,0
SRSF2,RPS27,0
SKI,RPL36A,0
BCLAF1,RHOA,0
NCOA3,SSB,0
ZFP36L1,ACTB,0
SMARCB1,ZWINT,0
HHEX,NFKB1,0
BCLAF1,CCDC12,0
SRSF3,TUBB6,0
EWSR1,TCEB3,0
KLF4,MAPK14,0
TAX1BP3,CIITA,0
CBX3,RPL4,0
MED21,BAZ1A,0
HOPX,SUMO1,0
BTG2,RPL37A,0
CSDE1,SRSF6,0
HCFC1,GPNMB,0
FLI1,RPL24,0
TCEB2,PARP1,0
MED15,TCF12,0
IRF5,SGK1,0
CSDE1,NDUFS3,0
CTBP1,CHD1,0
HMGA1,RBL2,0
DAB2,LGALS3BP,0
RNPS1,FCGR2B,0
AHR,PSMB1,0
STAT1,SSNA1,0
TLR4,SP1,0
TFDP1,RPL36AL,0
POLR2H,AK2,0
MDM2,SKI,0
ING1,EIF1,0
POLR2I,UBA52,0
DENND4A,GUSB,0
SF1,CXCL2,0
KDM2B,CNOT8,0
TSG101,POLR2K,0
SRSF5,APEX1,0
STAT1,POLR1D,0
SRSF2,IDH1,0
MITF,RPLP2,0
UBTF,DNMT1,0
BIN1,NDUFB8,0
BACH1,RAC1,0
POLR2A,YBX1,0
TBPL1,NDUFB8,0
TCF7L2,MYEOV2,0
KLF6,SMARCA5,0
ARL6IP5,DYNC1LI1,0
MCM7,CCT4,0
NCOA4,CAPG,0
TAF12,ATP5F1,0
CHD4,POLR2J,0
POLR2A,PARP1,0
MAPK14,SQSTM1,0
SIRT2,MCM3,0
LDB1,HHEX,0
HMGB2,SP1,0
TOX4,TCEB2,0
SIRT2,CHMP2A,0
HBP1,CBFB,0
PBRM1,EIF4E,0
EGR1,CCT5,0
SRSF5,TMSB4X,0
HNRNPAB,SIRT7,0
ZFP36L1,TNIP3,0
MAPK3,EIF3I,0
FOS,STRA13,0
POLR1D,RPS10,0
EIF5B,HSD17B10,0
RELA,EIF3E,0
MATR3,RSU1,0
SMARCB1,HCFC1,0
SF1,IL2RG,0
TIAL1,ANXA5,0
SKI,LSM3,0
KLF4,GUSB,0
HHEX,PSME1,0
MCM7,HIF1A,0
POLR2I,PARL,0
NCOR1,RPL18A,0
ZFP36,PSMB9,0
GTF2A1,POLR3K,0
BUB3,SIRT7,0
HMGA1,CNOT6,0
HSBP1,CYBA,0
YBX1,UQCR11,0
EHMT1,H2-K1,0
NFKBIZ,DAP,0
ZNRD1,VIM,0
CBX3,CNOT6L,0
MITF,PTS,0
TUBA1A,TRAPPC1,0
TNFAIP3,CCT4,0
SRRM1,MED21,0
ING1,NDUFA2,0
PAPOLA,CCT5,0
DPF2,TRIM30A,0
TLR4,CANX,0
ATF4,CHD7,0
KLF6,PDIA3,0
TUBA1A,SARNP,0
ZFP36L1,VAPA,0
MBD2,HNRNPK,0
SRRT,RPLP1,0
ZEB2,CLEC4E,0
BTG1,IRF1,0
CTBP1,EIF5B,0
SMARCA4,CHMP2A,0
FOS,SKI,0
KLF6,SRSF6,0
SMAD2,SSB,0
NFIL3,TLR2,0
CSDE1,RPS7,0
NCOR2,RPL5,0
BCLAF1,CTSA,0
WBP11,SMARCB1,0
MED15,BLVRA,0
MED21,HNRNPF,0
ARID1B,NCF4,0
FLI1,NFIL3,0
SNRPD1,SOD1,0
NOTCH2,NACA,0
GTF2A1,HAX1,0
DDX5,CRIP1,0
HIST1H1C,SUGT1,0
AEBP2,CTSZ,0
JUNB,NCF4,0
HNRNPD,RPS24,0
GATAD2A,UQCRC1,0
BATF3,GRN,0
BTG1,RPS16,0
THRAP3,B2M,0
UPF1,CHMP5,0
ARID1B,UPF1,0
JUNB,LYZ1,0
THRAP3,CANX,0
NFKB1,ATP5F1,0
ZFP36,GPNMB,0
HSBP1,RPL5,0
TOB1,HK2,0
POLR2E,SLC7A11,0
POLR2G,USF2,0
MED27,NR4A1,0
XBP1,ID2,0
MYD88,UBC,0
FOS,IRF2,0
ZMYND11,SSB,0
KHDRBS1,CTSC,0
H1F0,KLF4,0
MCM7,PEBP1,0
BACH1,CHD1,0
TNF,CHD4,0
SRSF9,CTSC,0
KPNA2,RPL11,0
STAT3,MATR3,0
SND1,BLVRA,0
TRIM28,RLIM,0
CBFA2T3,CFLAR,0
CIITA,PLK2,0
PAPOLA,HMG20B,0
ZMYND11,NPM1,0
HNRNPK,MTPN,0
PER1,CWC15,0
MATR3,PSMB7,0
BATF3,RBM39,0
CBFB,ANXA2,0
MATR3,SLC7A11,0
NONO,BAZ1A,0
CEBPA,PARK7,0
BATF3,NCOR2,0
CHD1,MTA2,0
MED8,RPL35,0
AEBP2,RPL32,0
ATF2,MCM3,0
DNAJC2,PTS,0
EHMT2,POLR2A,0
NFE2L2,HSPA8,0
POLR1D,IER3,0
PHB2,REL,0
CHD7,TMSB4X,0
PARP1,VIM,0
SMARCE1,SLC25A4,0
TARDBP,TRAPPC1,0
EIF5B,HNRNPK,0
BUB3,AP2M1,0
SKI,MRC1,0
BIN1,ANXA2,0
AEBP2,LYZ2,0
ILK,AIF1,0
TAF9,CCR2,0
TNF,CBX3,0
POLR2C,ACTR3,0
BIN1,UBB,0
ZNRD1,NCK1,0
HSBP1,BATF3,0
NR3C1,SEPT7,0
BUB3,TCP1,0
BTF3,CCT2,0
RBL2,FLI1,0
AHR,SSRP1,0
TCEB1,WBP11,0
CNOT6L,RPL23A,0
GTF2A1,RPS3,0
CEBPA,SIN3B,0
TFDP1,BTG1,0
DAB2,SMAD2,0
TCEB1,DPY30,0
SKIL,RPL30,0
PA2G4,DYNC1LI1,0
REL,NDUFA2,0
ELL2,CRIP1,0
EZH2,SIN3B,0
HMGB2,MCM4,0
EDF1,DOT1L,0
TFDP1,NFKB1,0
MITF,EWSR1,0
SMARCA5,SND1,0
TBPL1,NCOR2,0
TGIF1,CWC15,0
BTG1,CDKN1A,0
TSG101,CD74,0
MTA2,RAC1,0
IRF2,SIN3B,0
RUVBL2,UBC,0
TAF12,CDC42,0
HIST1H1C,CCDC53,0
CREBBP,LPL,0
SNAPC5,MATR3,0
SRRM1,NFKB1,0
CSDE1,CISH,0
SMARCA4,ILF3,0
PREB,ATF3,0
CHD7,RLIM,0
CNOT2,RPL37,0
KLF4,KDM6B,0
TGIF1,CREG1,0
MEF2A,RAC1,0
ARID1A,CD274,0
RLIM,RBL2,0
NFIL3,RPL37A,0
RFC1,SPP1,0
KDM5A,DPF2,0
RNF4,PSMA7,0
FLI1,LDB1,0
MCM4,FLI1,0
LMO4,MED10,0
RNPS1,AK2,0
SSRP1,RPL39,0
THRAP3,CCT4,0
CTCF,LGALS3BP,0
SND1,CFL1,0
EZH2,SLC25A4,0
SSRP1,PSMC1,0
SMAD4,EIF3M,0
GTF2F1,RPL7,0
SMARCA4,TRAPPC1,0
ZFP36L1,CTNNB1,0
AHR,ELF2,0
RBBP7,GTF2B,0
ELF2,CBX3,0
PER1,PSMB8,0
UBE2K,TSG101,0
NFE2L2,CBX3,0
CIITA,PTPRC,0
CNOT6,JUN,0
TAF7,MAPK1,0
MCM4,SRA1,0
RNF4,TWF1,0
ATF2,PDIA3,0
HHEX,SFPQ,0
BAZ1A,TNFRSF1B,0
STAT3,KPNA2,0
POLR2A,NME2,0
ATF6,APRT,0
MDM2,GTF2B,0
ZFP36,CD63,0
SMARCA5,TRP53,0
MCM4,SNRNP25,0
HTATIP2,MORF4L1,0
CNOT6,GM2A,0
RLIM,SRRT,0
NCOA4,STAT1,0
ZMYND11,RBBP4,0
HIST1H1C,ZEB2,0
MEF2A,CTSD,0
UBE2K,NEDD8,0
SIRT7,CTNNB1,0
BIN1,LSM3,0
NME2,RPL22L1,0
TGIF1,PTGES3,0
CREM,UBE2L6,0
FXR1,BACH1,0
SSB,NFIL3,0
NFKBIB,ILK,0
WBP11,RNASET2A,0
SIRT7,GM2A,0
ATF3,EHMT2,0
EHMT2,POLR2F,0
SF1,NME1,0
EHMT1,LYZ2,0
SRRT,TPT1,0
NFAT5,PABPC1,0
HNRNPK,CKS2,0
TOX4,CD83,0
NR4A1,POLR1D,0
PARP1,SEC61A1,0
HBP1,IRF5,0
CNOT2,TNIP3,0
STAT1,RUNX1,0
PAPOLA,CDKN1A,0
HBP1,CTSZ,0
SF1,CD81,0
CTCF,GTF2A2,0
AHR,PYCARD,0
POLR2B,KDM5A,0
DENND4A,ELF1,0
PREB,RPS26,0
CTBP1,HSPA8,0
MED21,H1F0,0
COPS2,SARNP,0
TUBA1A,GGH,0
AFF4,PSMB5,0
ELL2,COMMD4,0
NR4A1,VTA1,0
AHR,GBP6,0
TIAL1,UBC,0
GTF2F1,RPS17,0
ELF1,RLIM,0
CDC5L,DNAJC2,0
YBX1,RPLP1,0
KDM5C,ARPC2,0
TRIM28,RPL35,0
SRSF6,MTA2,0
WBP11,CNOT2,0
UBE2K,PBRM1,0
HHEX,RSU1,0
REL,CHD7,0
SND1,RPS24,0
DNMT1,ETV3,0
TCEB2,NFKBIZ,0
TAF6,ATP5C1,0
CBFB,MCM5,0
DAB2,RPL7,0
SRRT,IL1RN,0
POLR2A,COPS6,0
MYD88,BTG2,0
GTF2B,VDR,0
RAD51,CLEC4N,0
VDR,GTF2I,0
ATF6,MDM2,0
ETS2,RPS26,0
SNRPB,SMAD2,0
TAF9,PSMC1,0
POLR2K,MTPN,0
POLR2B,TMSB4X,0
NFKBIZ,VPS28,0
SRSF2,PSMB8,0
HMG20A,NFKB1,0
RNF4,M6PR,0
PREB,TAF9,0
TFDP1,PSMD14,0
TCEA1,CFP,0
MBD2,COMMD3,0
MCM6,CXXC1,0
EGR2,RPL5,0
UBE2K,IRF4,0
SIRT7,MED8,0
MED8,UQCRC1,0
MATR3,LY86,0
BCLAF1,GTF2B,0
EDF1,RPL13,0
NFIL3,HNRNPD,0
UBTF,RPS6,0
SSRP1,GTF2B,0
SIRT2,PSME2,0
SND1,RPL39,0
BUB3,CXCL16,0
SND1,PSMC3,0
UPF1,NONO,0
POLR2G,PSENEN,0
SKIL,CAPZA1,0
CBX3,CREG1,0
MTA2,RPL36AL,0
ZFP36,CREG1,0
IRF4,LGALS3BP,0
HMG20A,GTF2A1,0
POLR2C,ATF6,0
DDB1,RHOA,0
FXR1,EIF4E,0
RUVBL2,FTL1,0
ATF4,MORF4L2,0
BACH1,TNIP3,0
FOS,CSDE1,0
DOT1L,POLR2I,0
SND1,MCM5,0
DEK,CAPZB,0
SIN3B,GNGT2,0
BATF3,CD9,0
RELA,THRAP3,0
GTF2A2,RAC2,0
TAX1BP3,PSMA2,0
POLR2I,FCGR2B,0
AEBP2,SUMO2,0
SNRPB,CTSD,0
GTF2A1,CD36,0
GTF2A2,PSMB5,0
MBD2,THRAP3,0
SMAD4,TCP1,0
NFE2L2,SNRNP25,0
CTNNB1,ILK,0
CNOT2,MCM4,0
H1F0,TFDP1,0
LMO4,CNOT2,0
HSBP1,RPL12,0
WHSC1L1,GNGT2,0
FOSB,2810417H13RIK,0
TLR4,PSMB1,0
MED8,BACH1,0
HAX1,CCR2,0
ELF1,CNOT6L,0
SND1,BATF3,0
ATF6,RPS20,0
ZFML,AKT1,0
TCEB2,SRRT,0
CDC5L,TCEA1,0
GTF2I,LYZ1,0
UBTF,PSMB8,0
BTF3,KDM2B,0
SIN3B,RAB7,0
TAF7,HBP1,0
SRSF6,MYEOV2,0
RBBP4,NDUFA2,0
SMARCC2,ATF6,0
SIN3B,POLR2I,0
MCM3,EZH2,0
KHDRBS1,SSB,0
DENND4A,DNAJC8,0
MITF,CAPZB,0
WBP11,RPL38,0
DNMT1,NDUFS3,0
BIN1,RPL15,0
HCLS1,MED8,0
ATF2,RPL19,0
ELF1,TAF9,0
POLR1D,PSME1,0
CNOT6L,NHP2L1,0
POLR1D,SRSF5,0
RUNX1,NR4A1,0
DOT1L,BANF1,0
HDAC1,RPS5,0
DEK,SSB,0
GTF2F1,XBP1,0
ZFP410,CIITA,0
IRF4,EGR2,0
EZH2,RAC1,0
AHR,TMSB4X,0
MCM4,PDIA3,0
IRF5,CAPZA1,0
SRSF2,TCEB3,0
EGR1,PSMB8,0
ING1,CNOT2,0
ATF3,EEF1A1,0
HCFC1,ID2,0
SKI,MAPK1,0
CSDE1,APEX1,0
TRP53,LMO4,0
MAPK3,SOD1,0
ARID1B,NFKBIA,0
NFKBIB,FOSB,0
USF2,DYNC1LI1,0
CREBBP,MORF4L2,0
RBPJ,YWHAE,0
TAF7,RPL4,0
POLR2D,LGALS3BP,0
UBE2K,WHSC1L1,0
PARP1,BTG1,0
NR4A1,RPS15,0
EHMT1,TRIM30A,0
RFC1,GGH,0
AFF4,RPS14,0
POLR1D,FTH1,0
PREB,CAPZA1,0
NCOA4,SRSF6,0
CTNNB1,PTMA,0
BCLAF1,EHMT2,0
ILK,TCEB3,0
SRRT,COMMD1,0
TAF9,RELA,0
POLR2C,DNAJC19,0
ID2,RPS6,0
PBRM1,IRF2,0
MAPK1,RPS13,0
DEK,POLR2G,0
FOS,RPL10A,0
SRSF9,RUVBL2,0
SRSF6,ATF2,0
SMARCB1,MED15,0
TARDBP,NFKBIA,0
CNOT8,CXCL16,0
CTCF,IRF1,0
ATF3,TRIM28,0
NFIL3,PARL,0
ARID1A,CLTA,0
THRAP3,RAB11A,0
HMG20A,HNRNPK,0
YEATS4,MCM5,0
HTATIP2,PCNA,0
PER1,VPS25,0
CBX3,PSMB6,0
ZNRD1,RELA,0
DAB2,RPS6,0
CBX3,GTF2E2,0
ARL6IP5,POLR2C,0
HIF1A,CHD4,0
BHLHE40,SKIL,0
KLF6,SIN3B,0
UBE2K,ILF3,0
JMJD1C,DDB1,0
SSRP1,SP1,0
EZH2,HMGB1,0
CNOT6L,RPS27L,0
HAX1,YEATS4,0
CNOT2,HNRNPC,0
CTNNB1,USF2,0
CXXC1,IRF5,0
AKT1,ATP5F1,0
HNRNPK,TBPL1,0
DOT1L,BST2,0
EIF5B,EIF3I,0
SRSF5,JUNB,0
NFKBIA,RPS20,0
ATF4,CXXC1,0
YBX1,NRAS,0
SUZ12,ZNRD1,0
SIN3B,POLR2K,0
BTF3,SRA1,0
SMARCE1,RFC1,0
HBP1,CCL4,0
MED27,CD274,0
MED27,UBE2L6,0
STAT6,RHOA,0
LMO4,BST2,0
NCOA3,SRSF9,0
AEBP2,IDH1,0
BHLHE40,CNBP,0
HOPX,THRAP3,0
TAF12,YWHAE,0
HMG20A,TRA2B,0
RBL2,PER1,0
PER1,MRPS16,0
CHD4,USF2,0
CBFA2T3,RPL12,0
TCF7L2,PSMC5,0
ZNRD1,ARID1B,0
GTF2I,TCEA1,0
ARID1A,COPS5,0
HNRNPK,ARID1B,0
LMO4,CYBB,0
POLR2F,CFLAR,0
MAPK3,NDUFA2,0
RFC1,YBX1,0
MAPK3,MED15,0
ZFP36,PSENEN,0
SF1,NDUFS3,0
GTF2E2,GBP6,0
CNOT6L,SF1,0
ELF2,RNF4,0
H1F0,PSMD14,0
COPS5,RUVBL2,0
EGR2,PSMC3,0
NR4A1,SSRP1,0
MED27,CBFA2T3,0
MED15,TCEB3,0
RUVBL2,NXF1,0
CTCF,SEC13,0
JUP,GNB2L1,0
MCM5,STAT6,0
TLR4,SRSF3,0
COPS5,PER1,0
SRSF9,ATF3,0
HCLS1,BHLHE40,0
FXR1,SMARCA5,0
MAPK14,ILF3,0
NOTCH2,EZH2,0
ATF4,CNOT6L,0
MED27,HMG20B,0
IRF5,PSMC6,0
POLR2A,NPM1,0
NME2,MED15,0
EZH2,GDI2,0
ETV3,SNRPE,0
SNAPC5,CWC15,0
EGR1,AEBP2,0
IRF2,MDM2,0
COPS5,TRIM30A,0
NR4A1,CFLAR,0
NCOA3,FOSB,0
BUB3,PLK2,0
MCM4,HOPX,0
NONO,MBD2,0
ASH1L,IL1B,0
TCEB2,KPNA2,0
IRF1,NRAS,0
NAP1L4,PARP1,0
COPS2,RPL10,0
CSDE1,SEC11A,0
CXXC1,TRA2B,0
TCEB3,HSPA5,0
LDB1,SEC61A1,0
TAF7,EIF4A1,0
AHR,TNFRSF1B,0
TOX4,CYBB,0
ARID1A,HSP90AA1,0
JUN,PCNA,0
HCFC1,REL,0
NFIL3,GUSB,0
XBP1,ASH1L,0
ZFP36,RNF7,0
APEX1,SLC25A4,0
AFF4,NONO,0
KLF6,RAP1B,0
EIF5B,RPL6,0
ING1,HBP1,0
GTF2F1,MDM2,0
POLR2A,YWHAE,0
ETV3,CLEC4N,0
ILK,IRF1,0
DNMT1,USF2,0
TGIF1,IRF2,0
ELL2,SF1,0
POLR2A,SNRPD2,0
RFC1,SRA1,0
TAF7,RPL3,0
NONO,PSMA2,0
TAX1BP3,ATP5O,0
ILF3,CDKN1A,0
CIITA,SMARCA4,0
MCM7,ETS2,0
NFKBIB,TMSB4X,0
KDM6B,CNN2,0
CNOT2,BIRC5,0
IRF4,HNRNPC,0
SNRPB,EEF1A1,0
ZFP410,ARID1A,0
RFC1,TRIM30A,0
HSBP1,BLVRA,0
DPF2,NCOR1,0
GTF2F1,CD9,0
DDX5,TGIF1,0
ELF2,RPS27,0
MCM7,ARID1A,0
CHD1,HINT1,0
PREB,EIF3E,0
FOSB,CEBPA,0
SUZ12,APEX1,0
NFKBIZ,RLIM,0
RFC1,RPL14,0
IRF1,FOSB,0
ATF6,CFL1,0
FOSL2,NFIL3,0
ID2,RAC2,0
RLIM,SMAD4,0
EGR1,TCEB3,0
AEBP2,PBRM1,0
GTF2I,DDB1,0
ASH1L,QDPR,0
TCEB2,MCM4,0
NR4A1,GUK1,0
HHEX,RPS6,0
FLI1,HIST1H1C,0
EWSR1,NCF4,0
CXXC1,MBD2,0
EHMT2,CNOT6L,0
STAT1,COMMD1,0
HOPX,CALR,0
ELF1,CXCL16,0
FOS,MED21,0
BIN1,HMGB2,0
SMARCB1,SQSTM1,0
TCEA1,ATP5D,0
POLR2I,CD24A,0
TNF,NDUFB8,0
KDM5A,NFIL3,0
COPS2,PTPN2,0
CHD1,HAT1,0
TAF7,BHLHE40,0
HCFC1,CNN2,0
WHSC1L1,DEK,0
HIST1H1C,NDUFA7,0
SMAD4,ANXA5,0
CTBP1,RPL21,0
DEK,CYBB,0
EGR2,TRIM28,0
NFKBIB,THRAP3,0
HNRNPK,HK2,0
CTCF,REL,0
TOP2B,HDAC1,0
HHEX,SLC7A11,0
TOX4,HMGB2,0
MCM5,CD68,0
HDAC1,UBE2K,0
ID2,POLR3K,0
UBTF,ATF3,0
CNOT2,IL2RG,0
SRRT,DDB1,0
HDAC1,ZFP36,0
CTCF,CCR2,0
MCM4,NCOR2,0
TFDP1,RPS21,0
DNMT3A,SRA1,0
HMGA1,SRRT,0
RUNX1,ACTR3,0
SKIL,PSMB10,0
APEX1,CD274,0
NFKB1,DDX5,0
TOB1,SRSF2,0
NFKBIZ,STRA13,0
SFPQ,COMMD1,0
ZFP36L1,CNOT8,0
LDB1,UPF1,0
CIITA,SOD2,0
NCOR1,BANF1,0
XBP1,RPS29,0
DPF2,IRF2,0
RBBP4,RPL15,0
LMO4,WHSC1L1,0
SRRM1,RAB11A,0
EIF5B,BAZ1A,0
DOT1L,CD81,0
FOSL2,TRP53,0
KDM2B,NOTCH2,0
RLIM,RBBP7,0
CREB3,POLR2A,0
CREM,PSENEN,0
STAT3,SEC61A1,0
LDB1,RPS28,0
HSBP1,LAMP1,0
PREB,H2-K1,0
EZH2,CASP1,0
RNPS1,RPS17,0
CDC5L,ANXA2,0
CHD4,RSU1,0
WHSC1L1,EIF3K,0
PA2G4,APRT,0
BIN1,TUBB5,0
AEBP2,CCT5,0
RNF4,RPL12,0
AFF4,HOPX,0
COPS2,ELL2,0
MCM6,CAPZB,0
MED15,HNRNPAB,0
CSDE1,APRT,0
EHMT2,PSMD8,0
SRSF9,SLC7A11,0
MED27,GNG10,0
CIITA,TLR4,0
NCOR1,KDM5C,0
TAF12,ERH,0
MAPK1,CCRL2,0
RFC1,ZMYND11,0
POLR2A,BIN1,0
ZFP410,NFKBIA,0
DENND4A,CCT3,0
SND1,PFDN5,0
CHD1,ILK,0
MAPK1,CD44,0
SMARCA4,SNAPC5,0
PARP1,CBX3,0
SNRPB,RPS28,0
IRF5,PSMB9,0
CIITA,NFE2L2,0
REL,KPNA2,0
RUVBL2,HNRNPF,0
SP1,MYEOV2,0
SIRT2,H3F3B,0
STAT3,RPS27A,0
SIRT2,CD83,0
KHDRBS1,M6PR,0
ARL6IP5,KLF6,0
PBRM1,BHLHE40,0
MITF,RBL2,0
BACH1,ING1,0
RBPJ,CCL3,0
NR4A1,LSM7,0
BTG1,SIRT2,0
POLR2G,CKS2,0
MAPK1,COMMD1,0
SP1,SUMO2,0
TCEB3,PFDN5,0
EGR2,MAPK1,0
JUNB,ZFP36L1,0
RLIM,LMO4,0
COPS2,LY86,0
JUN,EIF5B,0
JUN,CREM,0
TRIM28,BANF1,0
ASH1L,COPS2,0
SRSF6,RPL7,0
CBFA2T3,RPS11,0
KHDRBS1,EIF5B,0
AKT1,TUBA1C,0
TFDP1,P4HB,0
RELA,RPL24,0
SIRT2,ATF2,0
CBFA2T3,P4HB,0
NR3C1,ATP5O,0
HMGB2,MCM6,0
GTF2A2,TLR2,0
FLI1,GNGT2,0
IRF4,UBC,0
VDR,TCEB1,0
ATF4,PSENEN,0
MDM2,PARK7,0
LDB1,MITF,0
POLR2H,CLEC4E,0
JUNB,COPS6,0
IRF1,BCLAF1,0
POLR2A,SEPT7,0
CTBP1,ATF2,0
BTF3,TCF12,0
SNAPC5,RPL27,0
KLF4,M6PR,0
JUN,ERH,0
SRSF2,RPL27A,0
TARBP2,CTNNB1,0
EWSR1,CDC5L,0
JUNB,EIF3K,0
TOX4,CREM,0
NFIL3,PSME2,0
VDR,PTPN2,0
MBD2,PRDX6,0
BCLAF1,GNGT2,0
TARDBP,SUMO2,0
FXR1,HNRNPK,0
GTF2E2,UBE2D3,0
GTF2A1,VPS28,0
POLR2H,CCDC53,0
POLR3K,ARPC5,0
MED21,BACH1,0
HTATIP2,RPL10A,0
SMARCB1,AKR1B3,0
VDR,RPS18,0
CREM,STAT1,0
POLR2I,BCLAF1,0
HTATIP2,CCT5,0
AFF4,BIN1,0
KDM2B,EGR1,0
NR4A1,PLK2,0
SRSF9,PSMD14,0
CHD1,BIN1,0
ZFML,LDHA,0
KDM6B,DNAJC19,0
CIITA,TCEB2,0
GTF2A1,PPP2R5C,0
SSRP1,RPS3,0
MCM7,RNPS1,0
SIRT2,CAPZB,0
SRRT,CDC42,0
MEF2A,GBP6,0
HIST1H1C,RPS27A,0
SRSF3,PSMA3,0
TFDP1,SF1,0
IRF4,ATP5F1,0
SSRP1,RNPS1,0
CREBBP,RPS29,0
HOPX,TIAL1,0
RNPS1,NAP1L1,0
FXR1,KPNA2,0
PREB,SARNP,0
HHEX,ZFP36,0
AKT1,SNRPB,0
MED8,NDUFA7,0
CHD4,CNBP,0
PREB,CD9,0
SNRPB,FCGR2B,0
FXR1,DEK,0
CHD1,SMAD2,0
SFPQ,ERH,0
SKIL,PSMB9,0
HAX1,VAPA,0
MAPK1,ACTB,0
TOP2B,CBFA2T3,0
NFE2L2,GTF2F1,0
ZFP36L1,SAR1B,0
ARID1B,PEBP1,0
RUNX1,GTF2A2,0
HIF1A,NFE2L2,0
GTF2E2,CD24A,0
ILK,RPL13,0
XBP1,QDPR,0
NCOA3,HIST1H1C,0
RELA,NPC2,0
TAF9,GNG5,0
BHLHE40,TAF7,0
TCEA1,NFE2L2,0
EIF5B,COPS2,0
FLI1,HAT1,0
POLR2F,NCF1,0
ARL6IP5,UBC,0
RBBP7,SLC7A11,0
HCFC1,ARPC5,0
MATR3,CKS2,0
BHLHE40,RPL10,0
HMG20A,SNRNP25,0
MAPK1,EHMT1,0
CTCF,COPS5,0
EGR2,PSME2,0
CSDE1,CXCL16,0
SKI,LYZ2,0
PER1,TMSB4X,0
SSB,PSMD7,0
IRF2,SNRPB,0
SNRPD1,RPLP1,0
CNOT6,LAMP1,0
EGR1,TNF,0
RBBP4,CAPZB,0
TUBA1A,GATAD2A,0
POLR2E,RPL15,0
CBX3,CD36,0
HNRNPAB,HCLS1,0
SIRT2,NCK1,0
HBP1,AEBP2,0
KLF4,NDUFB8,0
BTF3,ATP5O,0
MYD88,MORF4L2,0
CXXC1,ZMYND11,0
KDM6B,P4HB,0
RBBP7,CNOT6L,0
POLR2A,PAPOLA,0
MYD88,PARK7,0
STAT1,SMAD4,0
MED15,CD68,0
TCERG1,CTBP1,0
CREBBP,SEPT2,0
CBX3,NCF1,0
NFKBIZ,SSB,0
TAF6,RPL26,0
TUBA1A,RPL32,0
YBX1,AEBP2,0
FOS,NOP10,0
TUBA1A,NOP10,0
CNOT2,LPL,0
REL,MED27,0
DNAJC2,YEATS4,0
ATF3,SEPT7,0
NCOA3,SEC11A,0
GTF2E2,SNRPE,0
GTF2A1,COX7C,0
XBP1,MED15,0
ELF1,SARNP,0
NCOA4,CTNNA1,0
HNRNPAB,ITGAX,0
DDB1,RPL15,0
AFF4,BANF1,0
SKIL,RPL32,0
SRSF9,PSMC1,0
DDB1,ACLY,0
PHB2,RPL12,0
POLR2H,LDHA,0
POLR2H,AP2M1,0
FOSL2,GNGT2,0
WHSC1L1,NFE2L2,0
SUZ12,TSG101,0
NR3C1,KDM5A,0
WHSC1L1,RPS17,0
ARL6IP5,TWF1,0
BAZ1A,TMEM208,0
CTCF,POLR2I,0
NFAT5,SRRT,0
MITF,PSMB5,0
ZFP410,ATP5A1,0
EZH2,NFKB1,0
TNFAIP3,RPS27,0
MAPK3,RPS6,0
WBP11,LGALS3BP,0
ETS2,CREG1,0
TBPL1,CXXC1,0
H1F0,IDH1,0
TOB1,BUB3,0
SMARCB1,BIN1,0
EWSR1,SKP1A,0
AFF4,ARPC2,0
RNF4,ILF3,0
SRRT,MED8,0
MAPK3,DNMT1,0
TRP53,PCBP2,0
SMARCA5,PSMB2,0
CNOT6L,TAF7,0
RBPJ,ATP5D,0
NME2,CAPZA2,0
PREB,LSM3,0
POLR2D,PARL,0
EIF5B,NDUFB8,0
AEBP2,COMMD4,0
ATF2,ARPC2,0
PCBP2,HNRNPD,0
CBFA2T3,NXF1,0
GTF2A2,MAP1LC3B,0
EZH2,RPS13,0
GTF2E2,GDI2,0
CBX3,SKP1A,0
SMARCA4,ANXA2,0
DNMT1,GNG5,0
PCBP2,TAF6,0
MCM7,RPSA,0
UBE2K,SIRT7,0
HNRNPAB,NOP10,0
FOSL2,CAPZA1,0
NR4A1,GTF2E2,0
DPF2,CD74,0
ZFP36L1,PSMC4,0
GTF2A2,EHMT1,0
NFKBIA,UQCRC1,0
ETS2,ELF1,0
H1F0,H3F3A,0
TNF,PTPN2,0
SF1,SNRPE,0
SMARCA4,RPS26,0
SMAD2,CTSD,0
DENND4A,VTA1,0
GTF2I,TPT1,0
CDC5L,GTF2A2,0
TAF12,POLDIP3,0
NFKB1,MAPK14,0
HCLS1,RPS26,0
SMARCA5,GDI2,0
APEX1,CFDP1,0
SMARCA4,RPL35A,0
NR3C1,RPS29,0
KPNA2,IRF1,0
SRSF3,SKI,0
NCOR1,RPLP0,0
ZFP36,RPL27A,0
TCERG1,ID2,0
SF1,STARD3NL,0
TSG101,BHLHE40,0
SIRT7,PSMC4,0
DNAJC2,DNMT1,0
DNAJC2,RPSA,0
NFIL3,NPM1,0
KDM5C,CD24A,0
COPS5,CNOT6,0
TCEB3,B2M,0
NFE2L2,RPL41,0
MCM3,NDUFAB1,0
GTF2F1,EGR2,0
IRF5,PFDN5,0
EHMT2,PYCARD,0
TFDP1,MAPK1,0
POLR2D,LYZ2,0
ZFP36,HMGB2,0
NCOR2,CCT4,0
PA2G4,SKP1A,0
TRIM28,TCF7L2,0
POLR2G,AHR,0
IRF2,ZEB2,0
MCM3,PDCD6,0
RBL2,TAF9,0
DAB2,RFC1,0
VDR,TRIM28,0
NFAT5,PYCARD,0
SMARCA5,NFKBIB,0
ELF1,DNMT3A,0
RNPS1,FOSB,0
YEATS4,HAX1,0
KHDRBS1,S100A1,0
HTATIP2,PEBP1,0
POLR2H,CCRL2,0
GTF2E2,PER1,0
VDR,NXF1,0
HHEX,PFDN5,0
HMG20B,HAT1,0
DNMT3A,TCF12,0
HIST1H1C,FOS,0
SRSF3,ZMYND11,0
GTF2E2,MITF,0
ZFML,PRDX6,0
FOSL2,RPL7,0
HCFC1,ACTR2,0
DNMT3A,GUSB,0
RUNX1,TNF,0
POLR2G,CBX3,0
ZFP36,TGIF1,0
AKT1,ELF1,0
DDB1,LDHA,0
NFKBIZ,DUSP1,0
POLR2E,CXCL16,0
NFKBIZ,PYCARD,0
GTF2E2,RBPJ,0
TARDBP,ARID1A,0
POLR2J,CBFB,0
GTF2A1,TXN1,0
MED8,RELA,0
BATF3,MITF,0
SNAPC5,IRF1,0
POLR2F,DPY30,0
IRF4,RLIM,0
HNRNPAB,EGR1,0
MED27,KLF4,0
POLR1D,KDM6B,0
GTF2A2,IL1A,0
TLR4,EEF1A1,0
RUNX1,SF1,0
DNMT1,HBP1,0
HHEX,LSM7,0
NCOR2,SRRM1,0
CREBBP,CALR,0
EGR2,NEDD8,0
EHMT2,CCRL2,0
ZFML,H1F0,0
IRF4,RAD51,0
RBM39,IL1RN,0
TARDBP,RPS10,0
RNF4,PYCARD,0
MAPK14,RPS6,0
SIRT7,CFDP1,0
RBBP4,FCF1,0
SRSF6,BLVRA,0
COPS5,CNOT6L,0
UBTF,PEBP1,0
PREB,IL2RG,0
NFIL3,CISH,0
RBL2,RPL12,0
TOB1,RBBP4,0
TAF7,CAPZA1,0
SKI,MED21,0
UBTF,MTPN,0
GTF2E2,HHEX,0
NME2,GDI2,0
PHB2,RPLP0,0
IRF1,CBFA2T3,0
SMAD2,DOT1L,0
CNOT6L,SARNP,0
CBX3,PSMC4,0
NFE2L2,RPLP1,0
SIN3B,RBPJ,0
HCLS1,ARF4,0
RUNX1,UPF1,0
KDM6B,ELL2,0
RBM39,RPL19,0
SRSF5,COPS6,0
TAF12,UQCRFS1,0
POLR2F,PABPC1,0
HNRNPK,TNIP3,0
TFDP1,SSU72,0
EWSR1,CFDP1,0
CREB3,RPS18,0
TCEB3,RPSA,0
TNF,MIF,0
NR3C1,EDF1,0
GATAD2A,CDKN1A,0
BIN1,ATP5C1,0
RBL2,ELF1,0
SRSF3,AFF4,0
KDM5C,AIF1,0
FXR1,CLTA,0
TOB1,RPL30,0
GTF2B,RAP1B,0
WHSC1L1,NOP10,0
SIRT7,KLF6,0
NR4A1,POLR2B,0
XBP1,AP2M1,0
SMARCA4,RPL38,0
POLR2H,RPL10,0
BCLAF1,CEBPA,0
SNRPB,AHR,0
TFDP1,ATP5F1,0
EGR1,TRF,0
HCLS1,ITGAX,0
PBRM1,PEBP1,0
SUZ12,GNB1,0
MCM3,P4HB,0
RNPS1,CCL3,0
PBRM1,MAPK3,0
MDM2,SNAPC5,0
BCLAF1,RPL13,0
SMARCC2,HMGA1,0
RFC1,PTPRC,0
ING1,RPL11,0
NCOR2,PSENEN,0
DEK,ATP5A1,0
POLR2F,RPLP2,0
DNMT1,CALR,0
UBE2K,THRAP3,0
BACH1,STRA13,0
ETV3,CCT4,0
NME2,PSMB2,0
TOB1,MED15,0
DPF2,MITF,0
POLR3K,RPL10,0
ATF3,HBP1,0
POLR2E,RPL18A,0
ARL6IP5,PSMB7,0
CHD1,STAT6,0
SMARCA5,FOS,0
MCM6,HSP90AB1,0
NFIL3,RAP1B,0
TCF12,BTG1,0
AKT1,IL7R,0
TOP2B,PSMB6,0
UBTF,MCM3,0
EIF5B,PEBP1,0
ASH1L,NPC2,0
PCBD2,CHD1,0
UBTF,HBP1,0
KDM6B,ETS2,0
CXXC1,RPL39,0
SRSF2,RAC1,0
DOT1L,SNRPD1,0
APEX1,NFKBIA,0
TOP2B,TWF1,0
SSB,JUNB,0
EHMT2,TCP1,0
NONO,PRPF40A,0
HDAC1,SUGT1,0
POLR2D,PYCARD,0
GTF2B,RPS6,0
HBP1,FABP4,0
THRAP3,CREM,0
HTATIP2,RPL18A,0
RBBP7,CTSD,0
KLF4,COMMD6,0
RAD51,TWF1,0
DPF2,ZEB2,0
CBFA2T3,POLR2E,0
THRAP3,HSP90AA1,0
SMAD2,MAP1LC3B,0
RUVBL2,PSMB7,0
POLR2K,EGR1,0
KHDRBS1,IRF2,0
BTG1,CCRL2,0
DNAJC2,EGR2,0
SMARCE1,SKI,0
RBPJ,SKI,0
RUNX1,VAPA,0
ATF6,DDB1,0
GTF2A2,RNPS1,0
GTF2A2,RPL38,0
TNF,NEDD8,0
STAT1,CHMP2A,0
ILF3,SHFM1,0
AHR,FOS,0
RBBP4,RAC2,0
ZNRD1,TCERG1,0
MCM3,SUZ12,0
TCEB3,SNRPE,0
DAB2,TLR4,0
HDAC1,CALR,0
ID2,PSMD8,0
RBPJ,GTF2F1,0
HAX1,TUBA1C,0
THRAP3,NACA,0
VDR,SAR1B,0
MAPK3,RPS10,0
NR3C1,IL1A,0
YEATS4,SRA1,0
ELF1,PDCD6,0
MCM5,SNRPD2,0
ILK,PARL,0
CBFA2T3,NHP2L1,0
JMJD1C,ARPC5,0
IRF5,RPL38,0
EWSR1,RPL30,0
CTCF,RPL36,0
KLF6,LGALS3BP,0
TCEB1,MED27,0
POLR2D,FTH1,0
MED21,GNG10,0
TAX1BP3,ITGAX,0
APEX1,RSU1,0
DOT1L,POLR2C,0
DNMT1,S100A1,0
POLR2C,NDUFA2,0
JUP,ARID1B,0
ILK,BTG1,0
SRSF5,TNFAIP3,0
RBBP4,SMARCB1,0
TRP53,RAP1B,0
GTF2E2,RPL11,0
GTF2B,EIF1,0
EGR1,RPL14,0
ATF6,CHMP5,0
BACH1,NFKBIA,0
DAB2,NDUFAB1,0
DNMT1,LDHA,0
ZFP36,MBNL1,0
BATF3,SFPQ,0
RBL2,RBM39,0
ID2,PARL,0
PCBD2,NFE2L2,0
VDR,BIN1,0
TRIM28,POLR2D,0
FXR1,DNAJC8,0
BIN1,SSNA1,0
IRF1,RAC1,0
TUBA1A,ZNRD1,0
REL,CIITA,0
CNOT6L,RPS24,0
MCM3,CANX,0
IRF5,SNRPE,0
POLR2K,MAPK1,0
HMG20A,EZH2,0
HMG20A,RPL24,0
IRF1,DOT1L,0
POLR2B,MEF2A,0
MCM4,NFKB1,0
RNPS1,NONO,0
AKT1,CAPZA2,0
ATF3,HNRNPC,0
MAPK1,HSP90B1,0
NFAT5,CAPZB,0
TARDBP,PSMB9,0
JMJD1C,EDF1,0
MED27,MDM2,0
CDC5L,DNMT1,0
NR3C1,CANX,0
ATF3,BATF3,0
HCFC1,ELF1,0
HHEX,TAF7,0
MED27,SNRPE,0
ZMYND11,TARDBP,0
FOSB,GGH,0
NFAT5,RPS28,0
STAT3,ASH1L,0
NCOA4,NR4A1,0
PREB,TREM2,0
CBFA2T3,SOD2,0
TOB1,POLR2A,0
RBBP4,HMGA1,0
CBFA2T3,GNG5,0
DPF2,CTBP1,0
TUBA1A,RHOA,0
AEBP2,CD68,0
CXXC1,ERH,0
PCBP2,JUNB,0
EZH2,CTSZ,0
ZNRD1,BATF3,0
UPF1,RHOA,0
NFKBIZ,SKIL,0
SFPQ,COPS5,0
KDM5C,HSP90AB1,0
KDM2B,RPL15,0
HTATIP2,GTF2F1,0
CHD4,TNF,0
SIRT7,NAP1L1,0
USF2,GBP6,0
BIN1,RPL10A,0
RBPJ,CHMP2A,0
SUZ12,HBP1,0
FOSL2,UBB,0
IRF1,SERPINB6A,0
NFKBIZ,NHP2L1,0
SIN3B,CIITA,0
MEF2A,MCM3,0
ELF2,ACTR3,0
TAF12,DNAJC2,0
MITF,WBP11,0
SMARCA4,CRIP1,0
MCM7,GDI2,0
TCEB3,RPL12,0
PREB,RPL11,0
HNRNPAB,MAP1LC3B,0
BTF3,CREG1,0
POLR2F,MCM5,0
TCF12,AIF1,0
IRF1,RPS14,0
EGR1,CHD7,0
CBFB,RPL34,0
ING1,AEBP2,0
CTBP1,RPL11,0
HNRNPK,TAF9,0
SKIL,KDM6B,0
TOX4,SRSF3,0
POLR2K,IDH1,0
SSB,EEF1G,0
GATAD2A,SUGT1,0
MCM3,CKS1B,0
JUN,ZFML,0
MTA2,CD74,0
BTG2,SRRM1,0
BTG2,ZEB2,0
FOSB,BUD31,0
POLR2J,RBM39,0
TARBP2,GRN,0
RBL2,PFDN5,0
HSBP1,CD274,0
SRSF5,LPL,0
ASH1L,GNB1,0
TAX1BP3,UBE2L6,0
EZH2,IRF5,0
CIITA,NR3C1,0
TCERG1,CISH,0
FOSB,RPL26,0
TAF6,TCF7L2,0
SMARCC2,ATP5F1,0
HIF1A,RPL30,0
TIAL1,CCRL2,0
PA2G4,TUBA1B,0
SND1,EAR2,0
NFKBIB,RPL30,0
RBBP7,HSPA8,0
CTNNB1,DAB2,0
SSRP1,RPS12,0
ZNRD1,RPL32,0
CTCF,CANX,0
NFKBIZ,P4HB,0
DDB1,RPL35,0
MDM2,AIF1,0
MATR3,RPS19,0
JUP,ATP5C1,0
ETV3,PARP1,0
SUZ12,RPL5,0
WBP11,TAF7,0
TOX4,KLF4,0
SMARCE1,AP2M1,0
TNF,TREM2,0
BTF3,CD36,0
MCM7,TPT1,0
NME2,RAD51,0
SND1,CALR,0
EGR2,TAF6,0
TARBP2,PDCD6,0
BTG1,RPS28,0
PA2G4,LY86,0
GTF2E2,UBC,0
EGR1,ATPIF1,0
TCEB1,STAT3,0
RUNX1,MYEOV2,0
SRSF6,RHOA,0
GTF2F1,CHD1,0
HBP1,CNBP,0
EZH2,CFP,0
BIN1,IRF2,0
TRP53,FKBP1A,0
EWSR1,CXCL1,0
EZH2,EHMT1,0
SMARCA4,GRN,0
KLF6,TWF1,0
GATAD2A,ID2,0
HAX1,POLR2K,0
DNMT3A,RUNX1,0
SND1,NACA,0
CXXC1,NFIL3,0
CNOT2,TCEB1,0
MED21,GNG5,0
DNMT3A,MIF,0
EHMT1,CANX,0
HCLS1,PSMB4,0
TAF9,GUK1,0
BIN1,KDM2B,0
GATAD2A,PSMB2,0
MITF,PA2G4,0
TGIF1,TRIM28,0
MAPK14,HK2,0
RBM39,PAPOLA,0
SRRT,SND1,0
SNAPC5,ATP5C1,0
HAX1,B2M,0
POLR2B,HSD17B10,0
NFE2L2,RELA,0
ATF3,KDM5A,0
HNRNPK,CBX3,0
BAZ1A,HNRNPAB,0
AFF4,2810417H13RIK,0
AEBP2,EIF3M,0
BIN1,ILF3,0
RNF4,PPP2R5C,0
EIF5B,RPL10A,0
DPF2,RPL21,0
SKI,POLR2C,0
POLR2G,EHMT1,0
HCLS1,TUBA1B,0
EWSR1,RPL21,0
CNOT8,PHB2,0
ZFP36L1,CEBPA,0
H1F0,GNG10,0
IRF4,TRA2B,0
TCERG1,MRPS16,0
LMO4,LYZ1,0
RNF4,RPL39,0
TAF12,NOP10,0
IRF5,UQCRFS1,0
TBPL1,GATAD2A,0
SF1,VPS25,0
BCLAF1,RPL37,0
RNPS1,SMARCA5,0
ILK,RPS18,0
EWSR1,RPL23A,0
HMGB2,ZWINT,0
MCM4,TCF7L2,0
DENND4A,H1F0,0
FLI1,SFPQ,0
BTF3,ANXA5,0
RUVBL2,NFE2L2,0
CREBBP,CXXC1,0
CXXC1,HSP90B1,0
KDM2B,RPL34,0
HMG20A,CD83,0
MAPK3,ZFP36,0
JMJD1C,CCT8,0
RBBP7,RAD51,0
EWSR1,RPL6,0
EIF5B,BCLAF1,0
ATF4,PSMB8,0
ZEB2,DNASE1L1,0
UPF1,RPL35,0
CHD7,TUBA1B,0
CIITA,MRC1,0
CNOT6,RPL14,0
RLIM,RPL27,0
SSRP1,PSMA7,0
CNOT6L,CCNL1,0
RUVBL2,SMARCB1,0
MED8,SLC7A11,0
KLF6,POLR2K,0
TCEA1,ARID1B,0
GTF2A1,RPS5,0
DEK,CCDC109B,0
SIRT2,POLR2G,0
SMARCC2,TCEB2,0
HAX1,RPL35A,0
REL,NHP2,0
EGR2,NCOR1,0
MCM7,PRKCD,0
GTF2B,TOB1,0
JUN,RPS27L,0
YBX1,CXXC1,0
SMARCC2,SAR1B,0
THRAP3,COMMD6,0
KLF6,SMARCC2,0
ASH1L,PSMA4,0
MBD2,SMAD2,0
SMARCA4,STMN1,0
TSG101,FABP4,0
ETV3,HINT1,0
SP1,MCM7,0
HOPX,HIST1H1C,0
RBBP7,YEATS4,0
NFKBIA,HMG20A,0
DPF2,DNAJC8,0
KDM6B,LYZ1,0
TSG101,UQCR11,0
KDM5C,UQCR11,0
HCFC1,SIRT7,0
HMGB2,SRRT,0
SIRT2,MED1,0
GTF2I,TLR4,0
KDM5C,BAZ1A,0
HMG20A,EIF1,0
GTF2B,MITF,0
NME2,CD9,0
SSB,SERPINB6A,0
GTF2E2,ANXA5,0
HMG20A,CCL3,0
STAT6,PSMB4,0
NR4A1,H2-AB1,0
HMG20B,TNFRSF1B,0
NCOR1,SEPT2,0
DOT1L,CD36,0
THRAP3,REL,0
CHD1,EAR2,0
YEATS4,HCFC1,0
CBFA2T3,HSPA8,0
PCBD2,SRSF9,0
HOPX,GATAD2A,0
DDX5,RPL32,0
WBP11,TNF,0
EHMT2,ITGAX,0
ZFP410,MCM6,0
AHR,CXCL2,0
RBL2,SNRPB,0
NONO,EGR1,0
BHLHE40,RPL37A,0
LDB1,HNRNPAB,0
MAPK1,MTA2,0
MCM5,RPL4,0
MCM4,LYZ2,0
COPS5,KDM5C,0
CREM,MIF,0
COPS5,SEC13,0
ILK,HNRNPK,0
REL,GADD45B,0
HOPX,ATP5D,0
SMAD2,ARL6IP1,0
JUN,NCK1,0
PHB2,TWF1,0
NFKBIZ,MCM6,0
UBE2K,BZW1,0
EZH2,CRIP1,0
MCM3,PSMD6,0
NCOR1,EWSR1,0
SMARCA4,PSME1,0
SND1,STAT1,0
DDX5,BACH1,0
SRSF2,COPS5,0
NFIL3,CTNNB1,0
MTA2,CHD7,0
DNMT3A,RPS11,0
SP1,UBTF,0
NCOA3,GPNMB,0
TCEB3,PSMB9,0
IRF5,CTSA,0
IRF2,AP2S1,0
COPS5,ARID1A,0
DEK,SEPT7,0
SRSF5,RPL19,0
NFAT5,TRAPPC1,0
DDB1,UQCRFS1,0
CREM,LYZ1,0
SSB,MITF,0
SF1,DNMT1,0
ILK,TWF1,0
DNMT1,PSMC4,0
POLR2F,RPL27A,0
ELF1,H3F3A,0
BACH1,CCDC53,0
POLR2B,VTA1,0
DOT1L,MRPS16,0
SMARCA5,HSPA5,0
TAF12,RPL14,0
GTF2B,RPS27L,0
ETV3,DNAJC2,0
HCFC1,CAPZB,0
TARBP2,CAPZA1,0
SMARCC2,RPL23,0
HMG20B,M6PR,0
CREBBP,BST2,0
CTNNB1,EGR2,0
ZFP36L1,PTPRC,0
NCOR2,CCDC53,0
GTF2A2,RLIM,0
DDB1,BCLAF1,0
SRSF9,ARPC2,0
HSBP1,IER3,0
TBPL1,CYBB,0
CTNNB1,APEX1,0
NFKB1,ELF2,0
HDAC1,PTPN2,0
IRF1,CFL1,0
TRIM28,CALR,0
TOP2B,SSNA1,0
RUVBL2,ERH,0
YEATS4,RPS9,0
ZMYND11,ATP5F1,0
EDF1,NPM1,0
BCLAF1,P4HB,0
EHMT2,RPS24,0
NFKB1,SIRT2,0
MCM4,ATF4,0
ZFP410,SKP1A,0
HMGB2,RPS18,0
HMGB2,BTG2,0
PARP1,EAR2,0
TFDP1,SOD2,0
YEATS4,NFKBIB,0
CREB3,RPL36A,0
CNOT8,MED1,0
DNAJC2,SUMO1,0
EDF1,RPL9,0
ARID1A,GNG5,0
CSDE1,ACTR2,0
WHSC1L1,NFKBIA,0
FOS,ILK,0
ELF2,CNOT6,0
BTF3,IL7R,0
TOP2B,RPL27A,0
BATF3,NPC2,0
POLR2E,NRAS,0
CNOT6L,CXCL16,0
CBFB,PRDX6,0
KDM6B,SRSF2,0
MITF,TRP53,0
SNRPB,THRAP3,0
TCEA1,GNB1,0
SRSF6,RPSA,0
HCLS1,CWC15,0
TARBP2,SERPINB6A,0
AHR,RPS8,0
APEX1,MORF4L1,0
POLR2F,FOSL2,0
POLR2B,QDPR,0
KDM5A,KDM5C,0
JUN,NDUFAB1,0
MED15,SMAD2,0
HHEX,ACLY,0
TCEB1,SKIL,0
RUNX1,UBA52,0
ZFML,RPL9,0
CBFB,SGK1,0
TCERG1,COPS5,0
CBX3,COMMD4,0
SKI,CCL4,0
KPNA2,CD36,0
JMJD1C,NDUFAB1,0
SNRPD1,RPS17,0
FOSL2,RPS17,0
NAP1L4,GNGT2,0
NFIL3,IRF2,0
MED8,RPS7,0
BATF3,SMARCA4,0
ZEB2,RPL11,0
CTBP1,RPL32,0
IRF2,TRAPPC1,0
CHD7,POLR2D,0
MDM2,ATP5A1,0
CHD7,MSN,0
UBE2K,RPL18A,0
KDM5A,SP1,0
HSBP1,PHB2,0
TRP53,RUNX1,0
CREB3,POLR2C,0
TIAL1,PCNA,0
JUN,RPL23A,0
FXR1,TCEB2,0
UBE2K,IRF2,0
ASH1L,TCF7L2,0
BTF3,GTF2A2,0
ATF6,ITGAX,0
CSDE1,IER3,0
NCOA3,RUVBL2,0
HAX1,RPL36AL,0
WHSC1L1,TRP53,0
RBBP7,SAR1B,0
RBBP4,LDB1,0
ATF3,TRAPPC1,0
HAX1,CNOT8,0
PREB,CCT3,0
VDR,CCT3,0
ARL6IP5,PSMA7,0
CREB3,SQSTM1,0
POLR2J,APEX1,0
JUP,PBRM1,0
TLR4,HMGA1,0
PAPOLA,RPL37,0
TBPL1,TOP2B,0
PAPOLA,CTSD,0
POLR2F,FOS,0
LDB1,TAF12,0
DPF2,TLR4,0
CNOT2,CCT4,0
UBTF,CD14,0
FOS,HSPA5,0
HOPX,ATP5F1,0
SRSF9,RAN,0
SNAPC5,CCT8,0
ZNRD1,PSMA2,0
TAF7,GRN,0
TFDP1,MEF2A,0
POLR1D,STRA13,0
SNRPB,EDF1,0
TRIM28,NCF1,0
BACH1,BHLHE40,0
POLR1D,CYBB,0
POLR2F,ATF4,0
POLR3K,RPS24,0
SND1,BACH1,0
SSRP1,PSMB6,0
UPF1,IL1RN,0
DENND4A,DNAJC19,0
NFKB1,ACTR2,0
TCEB1,SRRT,0
ING1,YWHAE,0
SRSF5,LAMP1,0
UBE2K,RAD51,0
CDC5L,RPL34,0
RBL2,HHEX,0
ZFP36,CASP1,0
RLIM,SIRT7,0
TAF6,MTPN,0
DENND4A,NCOR1,0
BTF3,NDUFA2,0
PER1,SEC11A,0
NONO,CCNL1,0
DNMT1,EGR2,0
CTCF,ID2,0
KDM6B,RPL35,0
CTCF,NFKB1,0
USF2,STAT3,0
EGR1,MORF4L1,0
WBP11,CISH,0
POLR2K,KLF6,0
RBBP7,S100A1,0
DNMT1,NPM1,0
BHLHE40,RNF4,0
CHD7,PSMB2,0
MEF2A,RPS21,0
NFAT5,SF1,0
LDB1,SSB,0
NCOR2,RPS16,0
RBL2,MYEOV2,0
CIITA,SRSF9,0
EWSR1,KDM5A,0
ATF6,ARL6IP1,0
DNAJC2,RPL36A,0
WBP11,CDKN1A,0
TAX1BP3,SRSF5,0
NCOR1,CCL4,0
NME2,MAPK3,0
FXR1,IQGAP1,0
BATF3,COPS5,0
SKIL,CKS2,0
TRIM28,SNRNP25,0
RBM39,LAMP1,0
DOT1L,UBB,0
ING1,PSMA5,0
NOTCH2,RPL35,0
POLR2K,EEF1G,0
BUB3,MRPL36,0
IRF5,SQSTM1,0
MED27,DAB2,0
MEF2A,RPLP0,0
PHB2,RFC1,0
CTCF,SLC25A4,0
NFIL3,TUBB5,0
CXXC1,AP2S1,0
MYD88,RPL32,0
KLF4,SFPQ,0
GTF2B,SUGT1,0
HCFC1,NCOR2,0
BTG1,TOB1,0
CREM,CNOT6,0
SP1,HSD17B10,0
CEBPA,TUBA1B,0
ETV3,RPL5,0
TCEB1,TRIM28,0
SRRT,ACLY,0
TSG101,SRRT,0
POLR3K,SF3B5,0
BTG2,GNG10,0
SIN3B,PSMC4,0
SUZ12,PSMD8,0
FOSB,RPS19,0
MBD2,CSNK2B,0
TRIM28,CCT4,0
EIF5B,HK2,0
YEATS4,CHMP5,0
BTF3,TCEB1,0
HNRNPD,RPL38,0
BTG2,RBBP7,0
ZFP410,SGK1,0
SMARCE1,CHMP5,0
SUZ12,NFE2L2,0
APEX1,SRRT,0
HIF1A,MCM7,0
MTA2,RPS29,0
KLF6,MED8,0
ZMYND11,DOT1L,0
KDM5C,RPS27,0
MYD88,ZMYND11,0
HCLS1,POLR1D,0
SIRT2,ANXA5,0
MTA2,LDB1,0
CXXC1,CCT5,0
MED27,AEBP2,0
IRF1,HHEX,0
DPF2,ATF3,0
XBP1,PSME1,0
TCF7L2,NFKBIA,0
MCM5,XBP1,0
TCEB1,ARF4,0
MITF,SNAPC5,0
TCEB2,JUN,0
TAF12,RAB7,0
TCEB3,ANXA2,0
RUVBL2,RPL36AL,0
MCM6,CD83,0
AHR,RPL36A,0
NONO,FCF1,0
KHDRBS1,CLEC4E,0
TCF7L2,RAN,0
TSG101,LGALS3BP,0
HIST1H1C,RPL38,0
RNPS1,PPP2R5C,0
RUNX1,PSMA5,0
FOSB,MCM7,0
TCF12,CNOT6L,0
NFKBIZ,SRSF6,0
ATF3,TCP1,0
TBPL1,RPL30,0
SKIL,PLEK,0
APEX1,CCL4,0
MCM6,HSPA5,0
NCOR1,M6PR,0
JUP,CREB3,0
BTF3,CTBP1,0
NONO,ID2,0
SMARCA5,NCF4,0
MAPK14,RPL19,0
HCFC1,HK2,0
POLR2B,FCF1,0
CNOT6L,CCT2,0
POLR2A,SLC25A4,0
KDM5A,LDHA,0
YEATS4,DNMT3A,0
HSBP1,RNASET2A,0
NR4A1,IRF5,0
DDB1,TRIM30A,0
FOSB,RPL23A,0
TAF9,RPS9,0
CIITA,RPL8,0
MCM5,FTL1,0
SFPQ,CDC42,0
RUVBL2,ATP6AP2,0
DOT1L,LDHA,0
TBPL1,PSMA7,0
PCBP2,SEC61A1,0
IRF2,IL1A,0
ETS2,EDF1,0
ZMYND11,FCF1,0
STAT6,PEBP1,0
EGR1,ZWINT,0
ARL6IP5,STMN1,0
SMAD4,BLVRA,0
TCF7L2,CASP1,0
HMGB2,ACLY,0
CNOT6,TXN1,0
ILK,SEC61A1,0
AKT1,RPL41,0
HAX1,PHB2,0
PA2G4,RFC1,0
NFKBIB,TMED2,0
RLIM,TWF1,0
POLR2I,BIRC5,0
BACH1,RPL10,0
ELF2,IDH1,0
UBE2K,DUSP1,0
GTF2F1,CKS2,0
TARDBP,SEC61A1,0
TAX1BP3,RPL6,0
EWSR1,MYD88,0
ZFP36,CCT3,0
HMGA1,KPNA2,0
PBRM1,NHP2L1,0
SIN3B,CHMP2A,0
TOB1,ACTR2,0
ZFML,RNPS1,0
PBRM1,CTSZ,0
ATF3,COPS5,0
HHEX,ATF4,0
TLR4,RAB7,0
MCM5,ERH,0
ZFP410,TNIP3,0
TIAL1,PAPOLA,0
MTA2,CCDC53,0
TARDBP,CCDC109B,0
NONO,SMARCC2,0
HMG20B,SLC25A4,0
TCF12,ELL2,0
DNMT3A,MATR3,0
MDM2,SRSF5,0
SMAD4,PRPF40A,0
STAT6,MAPK3,0
CHD7,CCT2,0
ETS2,PYCARD,0
ATF6,RPL10A,0
AKT1,PSMB5,0
SRSF9,HIF1A,0
CSDE1,RPL27A,0
PARP1,RAC2,0
TSG101,COMMD4,0
CBX3,CYBA,0
HAX1,HIST1H1C,0
IRF4,ACTR2,0
AEBP2,ASH1L,0
GTF2I,CRIP1,0
SKIL,RUVBL2,0
ELF2,CHMP5,0
LMO4,BATF3,0
KDM6B,RPS18,0
DPF2,CAPZB,0
HDAC1,MED8,0
THRAP3,TIAL1,0
KDM5A,MATR3,0
RBPJ,MTA2,0
POLR1D,DEK,0
ZFP36L1,ARPC2,0
ELF2,PSMA7,0
FOSB,SP1,0
EHMT2,ELL2,0
PCBD2,NCK1,0
ZEB2,SSRP1,0
ILK,SSB,0
CREM,EIF4A1,0
SIRT7,ATP5F1,0
TAF7,RBM39,0
TLR4,KLF4,0
PCBP2,TAF7,0
ETV3,DAB2,0
NCOR1,MDM2,0
RBBP7,IDH1,0
TAF7,ARID1A,0
HBP1,POLR3K,0
SMARCC2,RPL34,0
HMGB2,LDB1,0
EHMT2,ZFP36,0
CDC5L,TFDP1,0
SUZ12,EIF5B,0
EIF5B,TRIM28,0
HTATIP2,CLK1,0
LMO4,MED1,0
SRRM1,PTGES3,0
XBP1,PSMB1,0
SNRPB,BTG2,0
CTNNB1,CLK1,0
AEBP2,FOS,0
JUNB,UBB,0
ZFP36L1,HOPX,0
CTCF,B2M,0
MAPK3,ZWINT,0
KLF4,RNASET2A,0
JUNB,VTA1,0
WBP11,MTPN,0
PCBD2,H2AFV,0
HAX1,BTG1,0
FOSL2,GTF2E2,0
CSDE1,ACTG1,0
DNAJC2,UBE2L6,0
SMARCC2,MORF4L1,0
RUVBL2,RPLP2,0
GTF2F1,NPC2,0
SMARCA5,SMAD2,0
CTNNB1,NACA,0
ZFML,SSNA1,0
CEBPA,SSB,0
TLR4,CCT3,0
BACH1,GATAD2A,0
THRAP3,RPLP2,0
SNAPC5,NFKBIZ,0
CTNNB1,CTSD,0
DEK,ATF3,0
ETS2,ZFP36,0
PCBP2,TLR2,0
TBPL1,NME2,0
SRSF6,DPF2,0
RUVBL2,ARPC4,0
IRF2,RPS26,0
TCF12,RAC2,0
TAX1BP3,BST2,0
MCM3,RPS10,0
FOS,HNRNPAB,0
ARL6IP5,SGK1,0
TCEA1,FTL1,0
TRIM28,UBE2D3,0
ZFP36,NOP10,0
ATF3,RUVBL2,0
SMARCA4,HSPA5,0
MCM7,TCF12,0
NR4A1,SKP1A,0
NONO,COPS2,0
GTF2I,NDUFA2,0
TFDP1,TMSB4X,0
MBD2,RPL36A,0
ZFML,ILF3,0
TAF12,CLTA,0
NFAT5,MED21,0
SF1,COPS2,0
CNOT6,RBBP7,0
GTF2I,COX7C,0
CNOT2,NPM1,0
IRF2,BUD31,0
CHD1,CTSZ,0
CREB3,HMG20A,0
MED1,EHMT1,0
ELF1,SIN3B,0
TGIF1,RPSA,0
HDAC1,TARDBP,0
FLI1,DAB2,0
GTF2I,SHFM1,0
MTA2,H2AFV,0
CREB3,LDHA,0
FOS,CRIP1,0
TAF12,TNIP3,0
TCEA1,RPL36,0
EGR1,UQCRFS1,0
UBTF,SNRPE,0
SND1,GTF2A1,0
CDC5L,PSMB10,0
NFE2L2,HSP90AB1,0
CSDE1,SUMO2,0
KLF6,MRPL36,0
SKI,DOT1L,0
ING1,STRA13,0
SMARCE1,NFKBIZ,0
GTF2E2,FLI1,0
BTG2,CTNNB1,0
SMARCE1,GM2A,0
SFPQ,MTPN,0
HMG20A,UBC,0
KLF6,DDB1,0
RFC1,FCGR2B,0
CDC5L,CDKN1A,0
TCEA1,SQSTM1,0
MCM7,RBM39,0
SIRT2,GDI2,0
SNRPB,LMO4,0
ILK,MRPL36,0
TBPL1,BHLHE40,0
XBP1,RPL41,0
DEK,STAT3,0
HDAC1,TLR4,0
BTG2,MTA2,0
TNF,HMGA1,0
YEATS4,UPF1,0
HMGB2,COMMD1,0
KDM6B,TAF9,0
MED27,TOB1,0
MITF,KHDRBS1,0
BAZ1A,RPL26,0
TRIM28,MCM3,0
PER1,P4HB,0
CSDE1,UQCR11,0
SMAD2,MYEOV2,0
ZEB2,RAB11A,0
SSB,H2AFV,0
SND1,CCR2,0
ZFP410,MBD2,0
IRF5,TFDP1,0
NOTCH2,MCM3,0
ARID1B,VPS25,0
EWSR1,HBP1,0
HSBP1,NFKBIB,0
CBX3,RPL36A,0
NCOA4,KLF4,0
CBFA2T3,BIRC5,0
CNOT8,FABP4,0
ETV3,RLIM,0
JMJD1C,SMARCA4,0
ARID1B,KDM5C,0
CEBPA,RPL9,0
NFKBIB,UPF1,0
EWSR1,SF1,0
RLIM,LYZ2,0
DNAJC2,IL1RN,0
ELF2,STAT3,0
EZH2,LSM7,0
PCBD2,MCM7,0
POLR3K,HSP90AB1,0
SRSF6,CTNNB1,0
POLR2F,DNAJC2,0
EDF1,GTF2B,0
PER1,H2-K1,0
RBPJ,2810417H13RIK,0
SMARCA5,GNGT2,0
BHLHE40,CISH,0
TCF7L2,CCL3,0
NCOR1,CREG1,0
TCEB2,CAPZA1,0
TCEB3,SLC25A4,0
RLIM,BUD31,0
CREBBP,SEC61A1,0
ZNRD1,UPF1,0
HIF1A,MORF4L2,0
CREBBP,PSME2,0
ATF4,RPL37,0
LMO4,MORF4L2,0
ARID1B,AEBP2,0
HDAC1,NCF4,0
POLR3K,RPL13,0
SRSF9,CTNNB1,0
SRSF6,REL,0
HNRNPD,CD63,0
HDAC1,RAC2,0
TCF12,GTF2A2,0
AEBP2,RHOA,0
NONO,CHMP5,0
UBE2K,BTG1,0
POLR2E,SDCBP,0
HCLS1,GNG5,0
MAPK1,TIAL1,0
TARDBP,VAPA,0
LDB1,CD24A,0
SP1,RPS18,0
DNAJC2,SNRPB,0
SMARCA5,RPS24,0
BATF3,EIF3I,0
ARID1A,MORF4L1,0
RUNX1,PYCARD,0
DAB2,NME2,0
SNRPD1,RHOA,0
MBD2,NCOA3,0
EGR1,SIN3B,0
ATF3,CAPZB,0
TCEB3,SEPT2,0
UPF1,SDCBP,0
DOT1L,RPL32,0
SMARCB1,STAT6,0
FOS,IQGAP1,0
SNAPC5,PTGES3,0
CTNNB1,FAU,0
RNPS1,TOP2B,0
ZFP410,CFP,0
ING1,PSMB10,0
ELF2,STARD3NL,0
POLR2G,RPS28,0
MYD88,PSMB9,0
CSDE1,CCDC12,0
TNF,SMARCE1,0
NFKB1,POLR3K,0
TAF9,GNGT2,0
ZNRD1,LSM7,0
BHLHE40,CNOT8,0
TCERG1,FTL1,0
RNPS1,ING1,0
SSB,MEF2A,0
EHMT1,POLR2G,0
FOSL2,SF3B5,0
TRIM28,RAB7,0
SMARCB1,TSG101,0
SP1,MATR3,0
TCF12,TUBA1C,0
RBBP4,MAPK3,0
PARP1,CDC42,0
FLI1,UBC,0
SMARCB1,RPS25,0
NFKB1,CD81,0
PAPOLA,NFIL3,0
PCBD2,GTF2E2,0
EZH2,VTA1,0
DDX5,TNF,0
TBPL1,RPL36,0
VDR,ING1,0
ELF2,EIF3E,0
TARDBP,NPM1,0
CBFB,EIF3E,0
HDAC1,MORF4L2,0
CNOT2,ATP6AP2,0
DEK,ATF6,0
EGR1,ATP5A1,0
HNRNPAB,DEK,0
CTNNB1,IL7R,0
RBM39,POLR2F,0
TBPL1,RPS11,0
THRAP3,CTSC,0
SMARCB1,ATP5D,0
ILF3,CFP,0
NFKBIB,EDF1,0
TRIM28,GDI2,0
NFKBIA,SRSF5,0
ETV3,DNMT1,0
ATF3,RPS15,0
SSB,CHD7,0
HAX1,DAB2,0
TFDP1,NDUFA2,0
RFC1,H2AFV,0
SIRT7,TOP2B,0
PER1,GDI2,0
HNRNPAB,CD36,0
GTF2A1,RPL27,0
TAF12,DPY30,0
TARBP2,RPS25,0
HIST1H1C,RPS12,0
EGR1,TARDBP,0
MED15,SF3B5,0
KDM2B,PDIA3,0
AFF4,CD74,0
FXR1,CBFB,0
SMARCA4,GNG5,0
HSBP1,PSMB5,0
PARP1,EGR2,0
SNRPD1,M6PR,0
TNF,CCT5,0
PBRM1,CALR,0
MAPK1,PSMB2,0
CEBPA,PSMB2,0
COPS2,RPL38,0
HHEX,RNASET2A,0
CSDE1,MCM5,0
BTG1,CFP,0
CREBBP,RPL18A,0
MED27,SMAD4,0
ZEB2,PSMB10,0
EZH2,SLC7A11,0
RNPS1,UBE2L6,0
MBD2,MAPK1,0
IRF4,PARL,0
CSDE1,DNMT1,0
AFF4,UQCRC1,0
IRF4,CWC15,0
ILF3,TCEB1,0
TRP53,POLR2E,0
SMARCE1,PSMB10,0
YBX1,TCEB3,0
NR4A1,SEC61A1,0
POLR3K,MRPS16,0
GTF2E2,H2-AB1,0
FOSB,IDH1,0
SMARCE1,HMGA1,0
PAPOLA,NCOA3,0
NR3C1,PSMA5,0
MCM5,PRPF40A,0
BTG1,RPL32,0
POLR2K,FKBP1A,0
MAPK1,IRF4,0
TOB1,NDUFA7,0
JUNB,RPS10,0
JUNB,STARD3NL,0
SFPQ,PSMB8,0
UPF1,ANXA2,0
NR3C1,APEX1,0
TOX4,GDI2,0
TAF6,NOTCH2,0
CBFA2T3,NCK1,0
TNF,UBTF,0
POLR2G,BIRC5,0
EHMT2,PARP1,0
EHMT2,GGH,0
SRRT,RPL4,0
NFKBIA,CAPZA1,0
BUB3,P4HB,0
POLR2C,BLVRA,0
SNRPB,ARPC5,0
MCM3,CNOT2,0
SRSF3,CHD7,0
IRF2,RPL4,0
FOS,TRA2B,0
BTF3,RPLP1,0
SRRM1,HMGB1,0
CNOT8,ELL2,0
CSDE1,COMMD6,0
CNOT8,PSMB1,0
ETV3,RPS26,0
MBD2,PSMA7,0
EIF5B,SDCBP,0
MBD2,PSMB7,0
ELL2,RNF4,0
DEK,LY86,0
APEX1,SNAPC5,0
NCOA4,VTA1,0
TUBA1A,LSM3,0
AEBP2,COPS6,0
HMGA1,RPS20,0
CTNNB1,FABP5,0
MED8,SMARCE1,0
HNRNPAB,HSPA8,0
SMARCE1,MED10,0
HNRNPK,ATPIF1,0
ZEB2,SUGT1,0
RNF4,NFE2L2,0
WBP11,MED27,0
ZFP36L1,RBBP7,0
CREBBP,HSPA5,0
PHB2,ANXA2,0
DOT1L,RPS21,0
LDB1,EIF3M,0
TAX1BP3,JUP,0
TGIF1,EIF4A1,0
POLR3K,DYNC1LI1,0
NCOA3,GDI2,0
ELF1,PARP1,0
ARID1A,ACTR2,0
CSDE1,NCF4,0
TRIM28,SERPINB6A,0
CNOT6L,UQCRFS1,0
NCOR2,ACTB,0
MAPK1,RPL35A,0
DENND4A,DUSP1,0
HIST1H1C,UBA52,0
TAX1BP3,UBTF,0
CTNNB1,AP2M1,0
NFAT5,POLR2B,0
JUP,NFKBIZ,0
CREB3,SSRP1,0
TNFAIP3,RPL13,0
EGR1,NRAS,0
SMARCC2,HNRNPK,0
POLR2C,TCP1,0
POLR2D,CCT2,0
HSBP1,SEC13,0
HBP1,KDM6B,0
FOS,PARP1,0
MED15,GGH,0
PBRM1,PSMA3,0
DDX5,DOT1L,0
HMG20B,SNRPD2,0
COPS5,MEF2A,0
SKIL,EIF1,0
TBPL1,AKR1B3,0
SRSF5,ZFP36L1,0
ZFP36L1,CCL4,0
JMJD1C,CTSC,0
TARDBP,CHD1,0
SND1,TMSB4X,0
BCLAF1,TANK,0
CBX3,CTSD,0
MED1,CXXC1,0
SIRT7,PFDN5,0
RBBP7,RPL18A,0
POLR2I,RPL12,0
GTF2F1,HK2,0
SSB,RAD51,0
ETV3,PDCD6,0
AFF4,PEBP1,0
EIF5B,CLK1,0
THRAP3,RPS8,0
DAB2,WHSC1L1,0
LMO4,HMG20A,0
IRF4,HMG20A,0
AKT1,USF2,0
ZFML,POLR2J,0
EZH2,HSP90AA1,0
TOB1,BATF3,0
EHMT2,VDR,0
CREB3,ATP6AP2,0
YEATS4,SIRT7,0
CREM,RNASET2A,0
SKI,NDUFA7,0
GTF2A2,RPL27A,0
KDM6B,WHSC1L1,0
ATF6,KHDRBS1,0
DNMT1,SRSF5,0
SMARCE1,TFDP1,0
NONO,CXCL1,0
ZFP36L1,ZMYND11,0
CXXC1,RPS26,0
SRSF3,TAF12,0
TOP2B,BTG1,0
TSG101,ARID1B,0
VDR,MRPL36,0
KHDRBS1,ACTR2,0
SNRPD1,H3F3A,0
NCOA4,PLEK,0
ZFP36,SUMO1,0
TARBP2,ZFP36,0
ILK,RPS16,0
TBPL1,APEX1,0
FOSL2,PSMB9,0
ZFP36,DPY30,0
REL,AFF4,0
TRIM28,RNF7,0
MAPK1,CKS2,0
YBX1,ID2,0
HNRNPD,USF2,0
NOTCH2,PSMC6,0
XBP1,CNOT8,0
DDB1,DNAJC19,0
POLR2B,STAT6,0
IRF2,PTGES3,0
H1F0,MAPK3,0
HBP1,FTH1,0
XBP1,CYBB,0
FOSB,ZFP36,0
PBRM1,TUBA1C,0
HMG20B,POLR2A,0
ETS2,POLR2E,0
CNOT2,RPL11,0
SSB,PSMC6,0
SMARCA5,DDX5,0
HAX1,CANX,0
TOX4,CCL4,0
ATF4,RPL6,0
YBX1,TOP2B,0
MED27,RPL11,0
RUVBL2,NPM1,0
BTG1,RPS5,0
POLR2A,CAPG,0
HTATIP2,SND1,0
TIAL1,ERH,0
SIRT2,CREBBP,0
KPNA2,PSMA6,0
TCEB2,HNRNPF,0
KDM5A,AEBP2,0
SRRM1,CTSC,0
ATF4,RPL36A,0
TIAL1,ARPC4,0
NFKB1,COMMD6,0
RFC1,CCRL2,0
SIRT7,RPS27,0
CIITA,BACH1,0
SMARCC2,VTA1,0
RBPJ,MAPK3,0
CTNNB1,RPL37,0
ILK,TRIM28,0
POLR2A,RPL12,0
STAT6,CBX3,0
KPNA2,TMED2,0
ZFP36,RPS25,0
TOP2B,STMN1,0
MAPK14,RPL12,0
FOS,HIST1H1C,0
GATAD2A,FLI1,0
CTCF,GNB1,0
SND1,2810417H13RIK,0
KDM5C,CNN2,0
TRIM28,PPP2R5C,0
JUN,HSPA5,0
STAT3,ATP5O,0
ETS2,UBE2K,0
PER1,ATP5F1,0
MYD88,HMGB2,0
EDF1,TUBA1B,0
CEBPA,EHMT1,0
POLR2K,CCL4,0
EWSR1,HNRNPD,0
VDR,CIITA,0
EHMT1,SSRP1,0
NCOA3,UBB,0
KDM2B,POLR2K,0
DPF2,TPT1,0
BAZ1A,UBE2L6,0
SMARCA4,CNOT6,0
ZFP36L1,SMARCB1,0
KLF4,CD274,0
ILF3,TRP53,0
SMAD4,RBM39,0
POLR2J,GDI2,0
KDM5A,SRSF6,0
CTBP1,MED15,0
APEX1,GNG10,0
HMGB2,PARL,0
POLR1D,GDI2,0
NONO,RNF4,0
POLR2K,DPY30,0
COPS5,BZW1,0
MED15,HNRNPK,0
BAZ1A,PFDN5,0
DOT1L,UBE2D3,0
SKIL,ZMYND11,0
NAP1L4,SRSF6,0
HSBP1,TFDP1,0
TCF12,ILK,0
CXXC1,MED8,0
CBFB,MRPS16,0
EHMT2,PEBP1,0
ILF3,ETV3,0
NFIL3,RPS10,0
HMG20B,PSMB7,0
CNOT2,GNB2L1,0
SKIL,TAF12,0
TIAL1,RPS20,0
CBFA2T3,DUSP1,0
CREBBP,RPL35A,0
TCERG1,RPL36A,0
CHD7,MITF,0
DPF2,SMAD2,0
ATF2,PRPF40A,0
SRSF3,LPL,0
MCM5,ANXA2,0
CBFB,ZWINT,0
MTA2,IRF2,0
UBTF,TUBB6,0
MTA2,THRAP3,0
MED21,EIF3K,0
TCEB3,RNF7,0
HTATIP2,UBA52,0
DDB1,ZNRD1,0
MCM3,MIF,0
KDM6B,ATF3,0
HIST1H1C,CREM,0
POLR2F,PSMB8,0
HBP1,H1F0,0
NFKBIA,LDHA,0
AKT1,CCRL2,0
CEBPA,TCF12,0
AFF4,SKP1A,0
NONO,AHR,0
FOSL2,ZFML,0
TCERG1,ARPC2,0
JUNB,TRP53,0
NCOA4,HNRNPF,0
UBE2K,HINT1,0
ETV3,CACYBP,0
POLR2K,GGH,0
CBFB,MED21,0
SMARCA4,ACTR2,0
ARID1A,LDB1,0
SMARCE1,RPLP1,0
BHLHE40,MED27,0
MED8,AP2S1,0
POLR2F,RNASET2A,0
PHB2,GTF2I,0
NFKBIA,GTF2E2,0
JUN,UBB,0
NCOR1,POLR3K,0
ZFP410,HNRNPD,0
WBP11,CREBBP,0
GTF2F1,CLEC4N,0
RUVBL2,CCRL2,0
PREB,PRKCD,0
ARID1B,SRSF9,0
NCOA4,SF1,0
RNPS1,FCF1,0
SMARCB1,MYD88,0
KDM2B,DYNC1LI1,0
XBP1,HMG20A,0
POLR2C,NHP2L1,0
ELF2,ARPC5,0
AEBP2,TRA2B,0
MDM2,SRSF9,0
TLR4,CNOT6,0
UBE2K,RPS11,0
NCOA4,UPF1,0
DOT1L,TRA2B,0
SMARCB1,CD81,0
WBP11,RPL36,0
MCM6,SRRM1,0
DDB1,DPF2,0
SKIL,TUBA1B,0
BTF3,RPLP0,0
SKIL,PSMA3,0
MBD2,PTMA,0
ATF6,WHSC1L1,0
IRF1,SEPT7,0
NFKBIB,EIF3K,0
RBBP4,ACTB,0
CNOT6L,HIF1A,0
JMJD1C,ERH,0
TCF7L2,CLTA,0
STAT3,ATP6AP2,0
NR3C1,SRSF6,0
ZFP410,RPL26,0
TSG101,CD44,0
CHD7,SMARCA4,0
ELF2,ATF3,0
NAP1L4,RPL23,0
TIAL1,GATAD2A,0
BTG1,SRSF3,0
SIRT7,XBP1,0
MTA2,RPS14,0
SUZ12,LPL,0
MED1,RPS6,0
CNOT2,SRSF2,0
POLR2H,ACTR2,0
NFIL3,MTA2,0
POLR2D,IL2RG,0
KLF4,CKS1B,0
NCOA4,LDHA,0
DPF2,RPL32,0
ETV3,PARL,0
KDM5A,RPLP2,0
KDM5A,CNN2,0
RLIM,CWC15,0
SMAD2,EGR2,0
POLR2H,IL1A,0
SRSF9,RPS19,0
DDX5,SKIL,0
EHMT2,TPT1,0
TLR4,LSM7,0
NCOA4,GNGT2,0
SRRT,IRF1,0
POLR2C,TNFAIP3,0
RBBP7,SDCBP,0
BTF3,NCOR2,0
MBD2,VPS28,0
GTF2B,MORF4L1,0
SP1,RPL26,0
TAX1BP3,MED15,0
SRSF6,CHMP2A,0
RLIM,RPL26,0
CTBP1,JUN,0
VDR,DNASE1L1,0
DNMT3A,TAF7,0
MCM5,GUSB,0
HNRNPK,CCNL1,0
WHSC1L1,YBX1,0
CDC5L,TAF12,0
TSG101,MYEOV2,0
HMG20B,TOB1,0
HSBP1,BHLHE40,0
HTATIP2,REL,0
HMGB2,RBPJ,0
POLR2D,NFKBIB,0
MBD2,RNF4,0
MAPK3,SKIL,0
SNRPB,PSMD7,0
PBRM1,MBD2,0
CIITA,CD9,0
EZH2,SKP1A,0
AFF4,COPS2,0
POLR2G,ATF3,0
CREM,TCEA1,0
GTF2B,CCT2,0
CTBP1,TNFAIP3,0
MCM7,RPL35,0
TCEB2,MRPS16,0
ARID1B,RPS18,0
HCFC1,SIRT2,0
YEATS4,TPT1,0
RAD51,ZNRD1,0
POLR2G,AP2S1,0
DOT1L,COPS6,0
AFF4,NDUFA7,0
KHDRBS1,IRF5,0
ID2,CAPG,0
APEX1,MED27,0
SKI,BUB3,0
EGR1,ARID1A,0
TCF7L2,PSMD14,0
KLF4,FCF1,0
FLI1,SEC61A1,0
WBP11,SIN3B,0
MBD2,RPL38,0
SRRT,HSD17B10,0
NFE2L2,SUMO2,0
IRF5,PSME1,0
JMJD1C,RPL4,0
HMGB2,IRF2,0
EGR2,ACLY,0
SMARCB1,ATF2,0
MED8,ERH,0
KPNA2,RBBP4,0
PCBD2,DDX5,0
ILK,CDC5L,0
POLR1D,H2-AB1,0
MAPK3,RPS26,0
CBX3,SSNA1,0
HDAC1,ARID1A,0
BIN1,RFC1,0
SSRP1,IL1B,0
CNOT6L,CALR,0
TCEB2,ZFML,0
RAD51,RPL9,0
KLF4,EDF1,0
JUP,CD83,0
MCM5,SLC7A11,0
ING1,WDR1,0
EIF5B,POLDIP3,0
KDM5C,MYEOV2,0
FXR1,TCEB3,0
POLR2G,PTMA,0
ZFP410,PSMC5,0
SMARCE1,FCGR2B,0
HNRNPK,HSP90AA1,0
RNPS1,EIF5B,0
TCEB3,CFP,0
KHDRBS1,DNMT1,0
ING1,FOS,0
MAPK14,CD14,0
TFDP1,DUSP1,0
EGR1,NCOA3,0
RNF4,NOTCH2,0
TGIF1,DNAJC19,0
TAF7,HIST1H1C,0
KLF4,AP2M1,0
ZFP410,SRSF9,0
NR4A1,DPY30,0
SP1,ATF6,0
RAD51,CD74,0
POLR2J,STRA13,0
TCEB1,ACTB,0
HNRNPAB,NCK1,0
MCM5,IL1RN,0
ZFP36L1,PSMB9,0
SNAPC5,SRSF2,0
POLR2B,NDUFAB1,0
FOSB,ATF6,0
BHLHE40,CAPG,0
BHLHE40,H2AFV,0
KPNA2,ARF4,0
MATR3,DNAJC8,0
HMGA1,ARPC2,0
MCM5,CWC15,0
TCEB1,MEF2A,0
CNOT6,SRSF5,0
PARP1,RPL36A,0
SIN3B,PA2G4,0
TAF6,ARID1A,0
NR3C1,PSMC1,0
NR3C1,PYCARD,0
CBFB,HNRNPA2B1,0
IRF1,SF1,0
CTNNB1,HMGB1,0
POLR2F,UQCRFS1,0
SIN3B,RPS29,0
MCM5,RPL38,0
EWSR1,FOSB,0
HTATIP2,IL1A,0
RBPJ,ING1,0
SRSF9,GNB2L1,0
TBPL1,TUBA1B,0
BHLHE40,CYBB,0
NFIL3,IRF4,0
ING1,MRPL36,0
MAPK14,CCL4,0
CNOT6L,CCDC12,0
POLR2H,UBB,0
POLR2J,UBE2K,0
MAPK3,RPS27L,0
MITF,MCM4,0
SRSF6,LAMP1,0
DPF2,CTNNB1,0
PREB,SNRPD1,0
CHD1,COPS5,0
BTG1,HMG20B,0
POLR1D,IRF5,0
ETV3,HSPA8,0
ASH1L,ACTR2,0
ATF2,NFKBIZ,0
NFKBIA,MCM3,0
CBFA2T3,LYZ2,0
KLF4,LPL,0
CBFB,DNMT3A,0
ETV3,IL1RN,0
TSG101,RPL9,0
CTBP1,LSM3,0
FOSL2,PBRM1,0
SRSF3,B2M,0
TNF,CLEC4N,0
RELA,BZW1,0
RELA,POLR2C,0
CHD4,GUSB,0
RBL2,BAZ1A,0
BCLAF1,SIRT2,0
LMO4,MCM4,0
EIF5B,KDM5A,0
KDM5A,CCNL1,0
GATAD2A,TRIM30A,0
CHD4,ATP5C1,0
DDB1,ATF4,0
GTF2I,COPS2,0
HMG20B,MATR3,0
MED27,SLC25A4,0
ZFP36,ELF2,0
TAF9,PSENEN,0
UBTF,DDX5,0
WBP11,UQCR11,0
NFKBIA,SEC11A,0
SKIL,SRRT,0
THRAP3,MBNL1,0
SSB,POLR2C,0
CXXC1,POLR2A,0
ZFP36L1,GADD45B,0
CNOT6,CASP1,0
TCF12,COPS2,0
HNRNPD,SEC11A,0
SMARCE1,ZFML,0
TRP53,IQGAP1,0
MCM5,SIRT7,0
MCM3,KDM5A,0
MEF2A,NFE2L2,0
HMGA1,CKS2,0
COPS5,IRF1,0
JMJD1C,PSMC5,0
TCERG1,PSMC6,0
AHR,TLR4,0
CNOT6,ATP5D,0
HDAC1,UPF1,0
CNOT2,CFDP1,0
RBPJ,PSMD7,0
BUB3,EIF4E,0
NAP1L4,MCM4,0
CHD1,LDB1,0
SF1,HSP90AA1,0
RLIM,RAC1,0
EGR1,RPS11,0
GTF2A2,PDIA3,0
RBL2,PSMC3,0
EDF1,UBA52,0
SSB,NCK1,0
RUVBL2,EEF1G,0
CREM,CHD1,0
RNPS1,ZMYND11,0
EWSR1,EZH2,0
NONO,DAB2,0
TLR4,BST2,0
DPF2,SNRPE,0
MITF,MRC1,0
CTBP1,ATF3,0
SRSF3,HAX1,0
GTF2E2,SKI,0
ATF3,PRPF40A,0
SFPQ,TNIP3,0
TCEA1,DNASE1L1,0
IRF4,BUD31,0
NONO,RLIM,0
MED15,STAT3,0
ILF3,APRT,0
COPS2,UPF1,0
AFF4,LSM7,0
ING1,ATF2,0
FOSL2,P4HB,0
RBPJ,BANF1,0
GTF2E2,NEDD8,0
SIRT7,TGIF1,0
UBTF,MITF,0
PCBP2,UBE2L6,0
FOS,NONO,0
TUBA1A,KDM2B,0
POLR2A,PSMB5,0
CIITA,TUBA1B,0
TARBP2,RPL23,0
CHD4,ANXA2,0
TAF9,KHDRBS1,0
HIF1A,VPS28,0
VDR,RPL18A,0
CTCF,IL2RG,0
MATR3,DNASE1L1,0
BUB3,DUSP1,0
POLR2F,BAZ1A,0
HNRNPD,SEC61A1,0
MAPK14,SDCBP,0
HMG20A,TAF7,0
HAX1,GTF2B,0
DNAJC2,TAF7,0
GATAD2A,ARPC4,0
NOTCH2,NFKB1,0
NCOA4,REL,0
TCEB3,PCBP2,0
DNMT3A,GTF2E2,0
MBD2,CD83,0
MTA2,DNMT3A,0
KDM2B,GNB2L1,0
NCOR2,TRF,0
KLF4,RNF7,0
FXR1,TCF7L2,0
DNAJC2,RPS13,0
PA2G4,LSM3,0
NAP1L4,CLTA,0
HBP1,ATP5A1,0
MAPK3,ATP5O,0
HNRNPAB,NFE2L2,0
HMG20A,RAP1B,0
TCEB2,CCR2,0
DDB1,EHMT2,0
SMARCE1,MAPK3,0
TAF9,DDB1,0
SSB,ARL6IP1,0
MEF2A,SOD2,0
NCOA4,TRIM28,0
IRF1,RPS12,0
SSRP1,PSMA6,0
ARL6IP5,CCT8,0
NR3C1,HAT1,0
BTF3,CTSA,0
POLR2A,RPS20,0
PARP1,TRAPPC1,0
DDB1,CD44,0
SMAD4,STMN1,0
ILK,PSMD14,0
BUB3,CSNK2B,0
FOS,MIF,0
ILK,RPL32,0
BACH1,RAP1B,0
COPS5,BIN1,0
SIN3B,NFIL3,0
SMARCA5,PFDN5,0
TARDBP,RPL21,0
USF2,POLR2E,0
TNF,SMARCB1,0
VDR,BST2,0
KDM6B,CAPG,0
MDM2,TCEA1,0
CDC5L,SNAPC5,0
TSG101,ARPC5,0
RUVBL2,HBP1,0
SMARCC2,DNAJC19,0
PAPOLA,TRIM30A,0
HNRNPAB,GTF2B,0
SMAD2,MCM7,0
TCEB3,RPL36,0
MATR3,MRPS16,0
HCLS1,ZEB2,0
TFDP1,GNG10,0
TARDBP,CLEC4E,0
MDM2,RPS14,0
GATAD2A,KDM2B,0
ILK,IL2RG,0
CREM,EAR2,0
POLR2I,RPS16,0
KLF6,KDM5A,0
NFE2L2,CFDP1,0
SIRT2,H2-AB1,0
HCFC1,PSMD6,0
BTG1,RLIM,0
TNF,NHP2L1,0
DOT1L,KDM2B,0
BHLHE40,ATF6,0
MCM7,PHB2,0
JUP,NPC2,0
POLR2C,MDM2,0
TBPL1,SP1,0
TGIF1,MATR3,0
SRSF2,SMARCA4,0
FOS,PLEK,0
ETS2,ZMYND11,0
IRF1,2810417H13RIK,0
ZFP36L1,EZH2,0
ELL2,PTPRC,0
PHB2,WBP11,0
JMJD1C,PSMB4,0
ZEB2,PRDX6,0
SMARCA5,MTPN,0
POLR3K,LAMP1,0
GTF2F1,RNF7,0
STAT6,RELA,0
TAF7,RAD51,0
NFKBIB,SNRPB,0
HAX1,TUBB5,0
ZNRD1,NXF1,0
BHLHE40,UBB,0
NCOR2,PRDX6,0
RAD51,ARPC4,0
VDR,SMARCA4,0
ZFML,EAR2,0
NR3C1,RBM39,0
TCEA1,SEC11A,0
TCF12,CFL1,0
UBTF,RPLP0,0
KDM6B,EEF1A1,0
ELL2,ATF3,0
RLIM,HBP1,0
HTATIP2,PSMA6,0
DDX5,CCDC12,0
POLR2G,CANX,0
ILK,CEBPA,0
PER1,MSN,0
POLR2B,AIF1,0
SNRPB,ATP6AP2,0
TCEB3,KHDRBS1,0
DOT1L,GUK1,0
SRSF3,NRAS,0
H1F0,HNRNPK,0
SP1,HAX1,0
NCOR1,RPL37,0
MCM5,BZW1,0
ZNRD1,ARF4,0
NCOA3,ITGAX,0
EZH2,PLK2,0
MEF2A,TIAL1,0
APEX1,DOT1L,0
TUBA1A,SSB,0
HHEX,AIF1,0
EGR2,RPL13,0
SUZ12,SLC25A4,0
POLR2C,GNB2L1,0
BTG2,MRC1,0
CBFB,RSU1,0
MED15,PARK7,0
SMARCC2,CD44,0
CIITA,SNRPG,0
FXR1,NPC2,0
TAF7,MAPK3,0
EZH2,HMG20B,0
JUP,GADD45B,0
TAX1BP3,RPS6,0
COPS2,RHOA,0
LDB1,IL2RG,0
IRF4,CNOT2,0
YBX1,CD81,0
MAPK14,POLR2J,0
SMARCA4,LYZ2,0
KLF6,RAC1,0
CBFB,BTG2,0
UPF1,GM2A,0
MATR3,CBFA2T3,0
NONO,SUZ12,0
ID2,RSU1,0
KDM5A,LY86,0
SMARCA4,FCF1,0
GTF2E2,CCNL1,0
ETS2,MSN,0
MCM4,LYZ1,0
MATR3,WHSC1L1,0
NR4A1,FTL1,0
SSRP1,RPS29,0
TGIF1,MYD88,0
NFAT5,DYNC1LI1,0
SF1,TUBA1B,0
CHD1,RNASET2A,0
HCFC1,VAPA,0
WHSC1L1,ZMYND11,0
NR4A1,PYCARD,0
TSG101,RPS21,0
SNRPD1,CAPG,0
EGR1,SSNA1,0
GTF2B,PSME2,0
HOPX,POLR2K,0
CTNNB1,RPS7,0
BTG2,HSD17B10,0
CTCF,PLEK,0
KDM2B,RPS27A,0
MYD88,RPS13,0
CIITA,MRPS16,0
JUNB,ASH1L,0
SND1,PSMA5,0
HNRNPK,UBE2K,0
SP1,TCP1,0
ETS2,HSPA5,0
POLR1D,RPL18A,0
ETV3,RPS28,0
MATR3,DNAJC19,0
HNRNPD,RPS19,0
APEX1,KLF6,0
XBP1,RAC2,0
EGR2,SMARCA4,0
SRSF5,ZWINT,0
TCEB3,HMGA1,0
EDF1,RPL22L1,0
FOSL2,TOB1,0
SRSF3,HSP90AB1,0
YEATS4,PDCD6,0
COPS2,RPL11,0
NOTCH2,H3F3B,0
EZH2,WDR1,0
STAT6,RPS7,0
PA2G4,ZEB2,0
BAZ1A,MED27,0
ZFP36,SIRT7,0
PREB,TUBA1B,0
DNMT3A,SPP1,0
NR4A1,CTSZ,0
TRIM28,RPS11,0
ASH1L,FOS,0
RBBP4,RPL6,0
CBX3,ARF4,0
HOPX,FOSL2,0
NCOA4,BATF3,0
BTF3,UBB,0
EHMT1,RPS27,0
NCOA3,CXCL16,0
WBP11,ING1,0
KDM2B,NDUFS3,0
SIN3B,TWF1,0
STAT3,MTPN,0
TCERG1,PSMB10,0
CBFA2T3,GNGT2,0
POLR2J,EIF3K,0
POLR2K,PFDN5,0
AEBP2,RPS14,0
DDX5,CANX,0
FOSB,HNRNPK,0
WHSC1L1,POLR2D,0
USF2,SGK1,0
ARID1A,NME2,0
CREBBP,SGK1,0
ZEB2,NOP10,0
ZFP36,BUD31,0
MED27,CNN2,0
SSB,CD24A,0
SRSF6,DDB1,0
SND1,VAPA,0
CREB3,CCT4,0
RLIM,RAC2,0
TAF6,TCERG1,0
DDX5,SND1,0
SIN3B,RPL37,0
KDM6B,IL1A,0
EWSR1,UBB,0
RUNX1,CCRL2,0
TSG101,COMMD6,0
EDF1,NCK1,0
ATF6,BCLAF1,0
STAT1,CNOT6L,0
SIN3B,RLIM,0
SMARCE1,MDM2,0
CREB3,BAZ1A,0
ATF6,SEC13,0
MED8,VAPA,0
KPNA2,LPL,0
SMARCB1,FABP5,0
HCLS1,PSMA6,0
CDC5L,PRKCD,0
MCM3,PSMC3,0
PAPOLA,ATF4,0
TARDBP,ASH1L,0
TOX4,PTPRC,0
SMARCC2,PYCARD,0
EHMT2,NXF1,0
TCF7L2,ACTR2,0
KDM2B,CD68,0
DDX5,PLK2,0
PCBP2,NCK1,0
AHR,RPL18A,0
TCF12,GATAD2A,0
ID2,GNG5,0
YEATS4,APRT,0
TAF7,MCM3,0
KDM5C,FOSB,0
POLR1D,CANX,0
TSG101,AP2S1,0
VDR,TMED2,0
THRAP3,ARPC4,0
MCM4,CFL1,0
SKI,MORF4L2,0
TAF9,RPS27L,0
TCF7L2,RSU1,0
HBP1,MED21,0
MCM3,PSMC4,0
SNRPD1,DAP,0
CTCF,ACTB,0
TNFAIP3,SRA1,0
SUZ12,CNOT2,0
ZFP36L1,SUZ12,0
SMARCC2,CCT3,0
ID2,NDUFA2,0
ATF2,RPL18A,0
BCLAF1,COPS6,0
CBFA2T3,BANF1,0
MEF2A,RPS5,0
TBPL1,NCOR1,0
HTATIP2,HAX1,0
TBPL1,RPL27,0
GTF2I,EIF3M,0
ELL2,CLEC4E,0
NFKBIB,ZFML,0
GTF2E2,PSMA4,0
CTCF,RPS6,0
HSBP1,ID2,0
DNMT1,MAPK14,0
NR4A1,TMEM179B,0
TAF9,YWHAE,0
TAF7,MRPS16,0
NFAT5,RPS26,0
TCF7L2,HHEX,0
STAT1,SSU72,0
RUNX1,PSMA6,0
TCEB1,DAB2,0
RAD51,CHMP5,0
TRIM28,GADD45B,0
DPF2,IDH1,0
JUP,FTH1,0
EGR2,TNFAIP3,0
GTF2A1,HSPA8,0
TNFAIP3,PSMC5,0
SRRT,RBL2,0
RLIM,SOD1,0
STAT6,SRSF6,0
WHSC1L1,ACLY,0
COPS2,TAF12,0
HTATIP2,SFPQ,0
TOP2B,HMG20B,0
RUNX1,IQGAP1,0
COPS5,MAPK1,0
CNOT6,H3F3B,0
TCEB3,PSMC4,0
HHEX,RPL8,0
NCOA3,CAPZA2,0
COPS2,RAB7,0
POLR1D,FAU,0
NCOR2,EIF5B,0
SRRT,CD36,0
TAX1BP3,EHMT2,0
SSRP1,LAMP1,0
TUBA1A,NONO,0
CXXC1,LMO4,0
ARID1B,SOD1,0
ING1,CLEC4N,0
TRP53,TCEA1,0
CTCF,CCT5,0
TBPL1,STMN1,0
TARBP2,LY86,0
ID2,TUBA1C,0
MDM2,HSD17B10,0
KHDRBS1,ATP5D,0
CNOT2,MED10,0
CTCF,TREM2,0
ZFML,RPS27L,0
ZMYND11,TCEB1,0
MED27,CAPZB,0
TNFAIP3,POLR2B,0
RAD51,CNOT2,0
BTF3,POLDIP3,0
HMG20B,CCL4,0
MEF2A,HDAC1,0
ELF2,ITGAX,0
MED21,JUNB,0
NFAT5,HNRNPF,0
SMARCC2,CCL4,0
NFIL3,SKP1A,0
XBP1,NME1,0
CXXC1,B2M,0
SMARCB1,GUSB,0
NR3C1,ZMYND11,0
HMG20A,CD9,0
ETV3,CTCF,0
TRIM28,CREB3,0
HNRNPAB,ATPIF1,0
UBTF,WHSC1L1,0
HAX1,ANXA2,0
SMARCC2,H3F3B,0
NCOA4,SHFM1,0
ZNRD1,CHMP5,0
TAF6,MEF2A,0
CXXC1,ATF4,0
NCOR2,HHEX,0
FOSB,CFL1,0
HNRNPD,CBFA2T3,0
MCM4,NHP2L1,0
MED1,PSMB6,0
TSG101,FCF1,0
RBPJ,SMAD4,0
POLR2H,APEX1,0
ARL6IP5,TCEB3,0
LDB1,PSMA6,0
RAD51,RPLP2,0
PCBD2,SEPT2,0
NFKBIA,NCK1,0
SIRT7,PSMA6,0
KDM6B,DDX5,0
SNRPB,MBNL1,0
ELL2,PLK2,0
CSDE1,SOD2,0
POLR2H,LPL,0
JMJD1C,UQCR11,0
PBRM1,CISH,0
POLR1D,IL1B,0
CREB3,EDF1,0
HMGB2,KHDRBS1,0
DENND4A,NCOA3,0
SNAPC5,H2AFV,0
RBM39,ID2,0
SMARCA4,PSMC6,0
EZH2,SGK1,0
ELF2,CD83,0
MED27,MBNL1,0
STAT1,REL,0
SMARCC2,EHMT1,0
BTG2,FKBP1A,0
YBX1,RPL10,0
EZH2,UBC,0
GTF2A1,ZNRD1,0
CNOT8,ATP5O,0
PBRM1,PSMC6,0
KDM5C,CD274,0
EZH2,ATP5F1,0
JMJD1C,CTSA,0
POLR2G,NR4A1,0
IRF5,GNG5,0
ZFP36L1,SRRM1,0
TARBP2,RPS19,0
ATF4,DNMT3A,0
KDM2B,ATP5F1,0
MAPK1,HMGB2,0
ZFP410,JUN,0
MAPK14,PPP2R5C,0
CHD4,CLEC4E,0
EHMT1,RPS27L,0
SSRP1,IER3,0
TFDP1,ATPIF1,0
POLR1D,PSMB5,0
TRIM28,EGR1,0
KDM5A,NPC2,0
GTF2I,SNRPD2,0
GTF2F1,CHMP2A,0
TNF,SUMO2,0
NFKBIB,CEBPA,0
MCM4,ACTR3,0
LMO4,RPL4,0
DDX5,PSMA3,0
CHD7,ASH1L,0
UBTF,PSMD14,0
SP1,CHMP2A,0
HOPX,ITGAX,0
HMG20B,CD83,0
SMAD2,RPL3,0
MCM6,VPS25,0
HSBP1,RPL15,0
MITF,ING1,0
TAF9,HMGB1,0
SMARCE1,AKR1B3,0
SMAD4,TUBB6,0
KLF4,S100A1,0
TAF6,STMN1,0
MED27,CLTA,0
HHEX,MAP1LC3B,0
RNF4,CNN2,0
RELA,DNAJC2,0
CREB3,TNFAIP3,0
SRSF5,B2M,0
SP1,RPS10,0
TOX4,POLR2B,0
KDM5A,IRF1,0
CNOT8,PSMC3,0
CXXC1,FLI1,0
POLR2C,CD36,0
RNPS1,CBFA2T3,0
BACH1,HMGB2,0
POLR2A,LSM7,0
GTF2E2,P4HB,0
EGR1,MED15,0
AHR,TCEB2,0
HSBP1,HSPA5,0
HHEX,SMARCE1,0
MCM4,RPL26,0
NR4A1,UQCR11,0
EWSR1,ASH1L,0
ATF6,RAC1,0
MCM3,AEBP2,0
CEBPA,DAB2,0
MCM7,DNAJC19,0
SIN3B,ACTB,0
MCM7,RBPJ,0
POLR2K,SNRPG,0
FOSB,RPL34,0
ILK,ZEB2,0
NAP1L4,GNG10,0
CNOT6L,TMSB4X,0
KLF6,SNRPG,0
NAP1L4,SAR1B,0
SNAPC5,KHDRBS1,0
MBD2,B2M,0
TBPL1,TCF12,0
APEX1,RHOA,0
MITF,TAF9,0
HIF1A,RBBP4,0
SP1,SNRPE,0
BTG1,CWC15,0
KPNA2,WDR1,0
NFKBIB,FAU,0
SNRPB,POLR1D,0
ATF2,SND1,0
PARP1,COX7C,0
TNF,ASH1L,0
RLIM,EEF1A1,0
MCM3,MORF4L1,0
SRRM1,CCT2,0
KDM6B,CBX3,0
NONO,NDUFS3,0
NFKB1,H1F0,0
SUZ12,ITGAX,0
NFKB1,UBB,0
CTNNB1,RPL35,0
ATF3,HNRNPF,0
NCOA3,CXCL2,0
USF2,RPL9,0
HCLS1,HAT1,0
SMAD2,PA2G4,0
GATAD2A,PSMB1,0
SMAD2,CREG1,0
ARID1A,CBFA2T3,0
WHSC1L1,CD81,0
MATR3,CLEC4N,0
TOB1,NEDD8,0
TCERG1,M6PR,0
NCOA4,PSMA6,0
FLI1,MSN,0
BATF3,CHD7,0
BIN1,TCEA1,0
RBBP4,MCM5,0
AKT1,PAPOLA,0
ATF3,RPS7,0
TUBA1A,PTGES3,0
JUP,MED21,0
MAPK3,RLIM,0
WHSC1L1,FKBP1A,0
HIST1H1C,SSU72,0
NOTCH2,HAX1,0
SMARCC2,NOTCH2,0
RBPJ,FOSB,0
BTG1,CCDC53,0
MCM3,NDUFB8,0
JUNB,HMGB2,0
EGR1,PFDN5,0
SND1,IL2RG,0
MED15,ATP5O,0
AEBP2,RPS9,0
POLR2B,TOB1,0
DOT1L,GGH,0
BUB3,CEBPA,0
SRSF2,2810417H13RIK,0
CNOT2,CLEC4E,0
SRRM1,ETS2,0
KDM6B,SNAPC5,0
SKIL,CCT8,0
SMARCA5,PRPF40A,0
WHSC1L1,2810417H13RIK,0
SMARCB1,CREM,0
CNOT2,AFF4,0
YEATS4,HNRNPC,0
POLR1D,CFDP1,0
YBX1,ZFP36,0
TBPL1,NHP2L1,0
POLR1D,PSMC5,0
RBL2,SUMO2,0
KPNA2,PSMA7,0
SRSF6,SMARCB1,0
NAP1L4,GTF2A1,0
SIN3B,BUB3,0
ZFP410,COPS6,0
MED8,POLR2B,0
BTF3,UBA52,0
NFIL3,RFC1,0
BACH1,VTA1,0
TCERG1,CREBBP,0
AEBP2,MORF4L2,0
CREM,IL2RG,0
DEK,SRSF5,0
CREBBP,BZW1,0
CHD4,MED10,0
CREM,POLR2C,0
DNMT1,KLF4,0
NCOA3,CD274,0
TRIM28,GTF2I,0
UBTF,NHP2,0
HOPX,TGIF1,0
NFKB1,GNB1,0
MBD2,COPS6,0
TCEB3,SRSF2,0
STAT1,MEF2A,0
IRF5,RPL23A,0
EIF5B,CD274,0
SIRT2,PSMD14,0
DDX5,CLEC4N,0
ELL2,UBE2K,0
RFC1,MCM6,0
PARP1,SMARCB1,0
TAX1BP3,GPNMB,0
CTNNB1,RPS6,0
PREB,FOSB,0
CDC5L,NME1,0
PAPOLA,CNOT6,0
RUVBL2,GTF2A2,0
TAF12,MYD88,0
ZFP36,POLR2I,0
TAF6,RAC1,0
POLR2K,CTSD,0
CNOT6L,TNFRSF1B,0
FLI1,SARNP,0
UPF1,SUMO1,0
MED8,PDIA3,0
GATAD2A,LDB1,0
PBRM1,MDM2,0
PCBP2,HOPX,0
GTF2B,AKR1B3,0
KDM5C,NXF1,0
PA2G4,CHD7,0
SIRT2,BACH1,0
GTF2A2,SNRPG,0
MYD88,NR3C1,0
TAX1BP3,GTF2F1,0
DNAJC2,RBL2,0
MEF2A,RNF4,0
CTCF,HSPA5,0
BATF3,IL2RG,0
JUP,THRAP3,0
PCBP2,LAMP1,0
TSG101,NDUFA2,0
ELF2,CXCL16,0
TCEB2,SEC13,0
HOPX,NFKBIB,0
SMARCE1,DAB2,0
SRSF5,H3F3A,0
FXR1,LPL,0
IRF1,RPL15,0
ETS2,FCF1,0
NCOR1,RBL2,0
EGR1,MYD88,0
AFF4,TXN1,0
ASH1L,APRT,0
KDM2B,NFE2L2,0
TCEB3,RPLP2,0
ARID1B,RPL3,0
ZFP36L1,SRSF9,0
FOSB,CNN2,0
TNFAIP3,CSDE1,0
NFKB1,CFLAR,0
CNOT2,RPS26,0
SND1,ARPC4,0
POLR2H,RPL21,0
KPNA2,PSMA3,0
RBM39,FCF1,0
NOTCH2,ARF4,0
NR4A1,COMMD4,0
RBL2,NCOR2,0
BCLAF1,HAT1,0
HOPX,SOD1,0
RBM39,PSMB10,0
BTF3,SIRT7,0
POLR2J,CISH,0
XBP1,POLR1D,0
ZFP36,HIF1A,0
SNAPC5,COMMD3,0
KDM5A,HSPA8,0
MBD2,PTPN2,0
DENND4A,RPL35A,0
GTF2F1,CBFB,0
SFPQ,GNGT2,0
STAT1,TRAPPC1,0
BHLHE40,MED21,0
BACH1,ETS2,0
MCM5,RPS5,0
ZFP36,RPL37,0
TCERG1,ZFML,0
RELA,ZMYND11,0
BHLHE40,CLTA,0
MDM2,FABP5,0
DAB2,CNOT6L,0
CHD4,SKIL,0
TGIF1,ATPIF1,0
EWSR1,MCM7,0
AEBP2,CBX3,0
AKT1,DEK,0
ZFML,PSMD6,0
TIAL1,SEPT2,0
TCF7L2,CFDP1,0
KLF6,PSMC4,0
EIF5B,CYBA,0
SRRM1,HSPA5,0
RNF4,CCNL1,0
EGR1,RPL34,0
COPS2,UBA52,0
NR3C1,GNB2L1,0
POLR3K,PSMC4,0
SFPQ,TFDP1,0
HHEX,CIITA,0
PBRM1,CCRL2,0
JUN,NEDD8,0
ZFP36,ARID1A,0
ZFP36L1,CD63,0
NFIL3,CCT4,0
NFE2L2,H3F3A,0
CHD7,RPL4,0
LDB1,KHDRBS1,0
ATF4,POLR2H,0
PA2G4,TCERG1,0
NCOR2,HIF1A,0
AEBP2,APRT,0
EWSR1,PSME2,0
MED15,CFP,0
CTBP1,PSME2,0
BTG2,GATAD2A,0
VDR,SSB,0
DENND4A,CLEC4E,0
CTNNB1,MCM4,0
GTF2I,RPL10,0
SMARCA5,FABP5,0
GATAD2A,NFE2L2,0
THRAP3,PARL,0
PCBP2,LYZ1,0
RELA,ARL6IP1,0
MYD88,RPS5,0
LMO4,PSMC3,0
SMARCC2,CCDC53,0
ETV3,HHEX,0
TOX4,ARPC4,0
ZFP410,RAC2,0
HMG20A,NCF4,0
MED27,RPS6,0
BTG2,STAT1,0
KDM6B,MYD88,0
MYD88,SF1,0
MCM3,GADD45B,0
USF2,AFF4,0
YEATS4,AFF4,0
BTF3,PARP1,0
GTF2I,FOSL2,0
KPNA2,APEX1,0
XBP1,TCF12,0
SKI,NDUFB8,0
CXXC1,ANXA5,0
NFKB1,RPS29,0
ID2,CFL1,0
CTNNB1,PARK7,0
VDR,RPL5,0
IRF2,UQCR11,0
MED21,SQSTM1,0
MED27,PSMA5,0
RFC1,JUN,0
AHR,AEBP2,0
DNMT3A,RNPS1,0
NOTCH2,NCOR1,0
IRF2,IL1B,0
MED21,SMARCC2,0
NCOR2,RPS27,0
ZFP410,EIF3I,0
TAF6,CNOT2,0
XBP1,GDI2,0
SNRPD1,RPL24,0
MDM2,ACTR3,0
ZMYND11,ASH1L,0
HMGA1,NDUFS3,0
TRIM28,RPL37,0
TCEB3,BACH1,0
BTG2,HK2,0
COPS2,RNPS1,0
MED27,BLVRA,0
ETS2,RBM39,0
MTA2,CBX3,0
AHR,RPLP2,0
TFDP1,NONO,0
AFF4,MTA2,0
YEATS4,RAB7,0
H1F0,PSMB1,0
ARID1A,SUGT1,0
CNOT6,COPS2,0
PHB2,TNFAIP3,0
SSB,ARID1A,0
MATR3,CNBP,0
SIN3B,GRN,0
TCF12,CHD7,0
CHD7,HCLS1,0
SNRPB,CD44,0
TAF9,PEBP1,0
SMARCA5,SEC13,0
POLR2F,FTH1,0
SRSF5,DNAJC19,0
KPNA2,KDM5A,0
GTF2F1,MEF2A,0
SMAD2,LDHA,0
DOT1L,PSENEN,0
HTATIP2,CD14,0
TRP53,TIAL1,0
TARDBP,M6PR,0
RNPS1,SIRT2,0
ARID1B,TMED2,0
ELF1,USF2,0
POLR2D,CD24A,0
TNFAIP3,PSME1,0
CBFB,ACTB,0
AFF4,EIF4A1,0
PCBP2,NDUFA7,0
SMAD4,ATPIF1,0
CIITA,CCNL1,0
FXR1,TLR4,0
MED1,PSMB8,0
CNOT8,TCERG1,0
HBP1,2810417H13RIK,0
SSRP1,ATP5A1,0
HSBP1,AP2S1,0
TAF6,NME2,0
EGR2,GNB2L1,0
DPF2,TBPL1,0
EHMT1,NCOR1,0
AFF4,MYEOV2,0
KLF4,RPS27L,0
MYD88,CCNL1,0
KLF4,FOSL2,0
TCEB1,BTG2,0
SIN3B,CAPZA2,0
SMAD4,RPS27L,0
DNMT1,IRF2,0
SKI,PSMA6,0
SRSF5,MCM5,0
TCEB3,M6PR,0
BUB3,CCDC53,0
SRRT,STMN1,0
SRSF9,BTG2,0
BATF3,RAP1B,0
POLR2E,RPS28,0
SMAD4,TMEM208,0
MAPK3,AP2S1,0
TSG101,GTF2A2,0
SNAPC5,RLIM,0
HAX1,CCDC109B,0
SIRT2,HSP90AB1,0
DNMT3A,ATP5D,0
NR3C1,MATR3,0
SIN3B,CDC42,0
HCLS1,ZMYND11,0
CNOT2,KDM5C,0
ZMYND11,NCOA3,0
NCOA4,FOSB,0
PA2G4,PARK7,0
CHD7,EIF3K,0
RBBP7,TREM2,0
TCEB2,TWF1,0
POLR2B,CDC42,0
HIST1H1C,LPL,0
DNAJC2,CYBA,0
IRF5,RPLP0,0
EHMT1,CIITA,0
MCM5,RAC2,0
KPNA2,NME1,0
HSBP1,TUBB6,0
SMARCE1,GPNMB,0
GTF2I,ATP6AP2,0
MAPK14,GGH,0
MYD88,YBX1,0
STAT1,LDHA,0
PARP1,IER3,0
MDM2,PSMB10,0
EGR2,SEC13,0
FLI1,RAN,0
ATF2,TGIF1,0
NCOR1,RPL35A,0
CNOT8,ATF6,0
ASH1L,PSMB7,0
IRF1,ANXA5,0
DENND4A,HNRNPD,0
DNMT1,BAZ1A,0
PBRM1,FAU,0
CXXC1,SEC11A,0
ARL6IP5,HSPA8,0
SKI,SMARCC2,0
SRSF2,RPL15,0
PCBD2,ETS2,0
ZFP36L1,GDI2,0
PCBD2,COPS6,0
HHEX,KHDRBS1,0
LDB1,BCLAF1,0
ZFP410,DUSP1,0
STAT1,STRA13,0
PCBD2,CCDC53,0
POLR2A,RPS29,0
RUVBL2,NCOR1,0
PREB,RPL30,0
CSDE1,MED15,0
ASH1L,SHFM1,0
JMJD1C,PSMA3,0
DAB2,VAPA,0
NFKB1,TOP2B,0
MITF,PSMB9,0
KDM5A,COMMD3,0
EDF1,CCDC53,0
BHLHE40,SMAD4,0
EIF5B,TAF7,0
HMGA1,ACTR3,0
HHEX,PRPF40A,0
POLR1D,CHD1,0
HHEX,RAB7,0
POLR2B,PSMC4,0
PAPOLA,H2AFV,0
SRSF2,PSMB5,0
TAF12,CISH,0
POLR2F,AP2S1,0
KDM6B,FABP5,0
YBX1,RPL21,0
SFPQ,LDB1,0
CREBBP,DEK,0
MTA2,GNG5,0
NFE2L2,SARNP,0
SKIL,APRT,0
YBX1,WDR1,0
HMG20A,MED15,0
SRSF5,H1F0,0
NFIL3,PSMB3,0
SRSF5,RUNX1,0
NAP1L4,IQGAP1,0
DNAJC2,MCM3,0
JUP,CCL3,0
ID2,H2-K1,0
GTF2F1,PRKCD,0
MED27,FOSL2,0
KDM5C,PRKCD,0
SF1,NXF1,0
MCM6,CCR2,0
HMG20A,NPC2,0
KDM5A,GTF2B,0
CREB3,CNOT2,0
TRIM28,CLEC4N,0
TAF7,EIF3K,0
SMAD4,MDM2,0
BUB3,RPS16,0
TAF6,CHD1,0
TOP2B,RAB11A,0
BTF3,EHMT2,0
WBP11,RPL35,0
SMARCA5,BACH1,0
NR4A1,BST2,0
SFPQ,PSME1,0
EZH2,BZW1,0
POLR1D,ATF2,0
ARL6IP5,SUMO1,0
FOSL2,RLIM,0
PER1,RPLP2,0
DOT1L,RPSA,0
CHD7,CCDC109B,0
NAP1L4,CDC5L,0
KLF6,CCDC109B,0
HOPX,LMO4,0
POLR1D,RPS17,0
CTCF,CHD4,0
SF1,DUSP1,0
RBBP7,IRF1,0
SMARCE1,EIF3I,0
SIRT2,TCEA1,0
STAT3,SRSF2,0
POLR2A,CACYBP,0
SP1,KPNA2,0
ILK,CHD7,0
BHLHE40,RPS19,0
POLR2F,MCM7,0
KHDRBS1,CEBPA,0
ZFP36,CIITA,0
HCFC1,PSMB4,0
ID2,HK2,0
SIRT7,MATR3,0
SRSF2,CFDP1,0
MBD2,RPL6,0
POLR2G,PRDX6,0
TCEB3,LAMP1,0
KPNA2,SSU72,0
MED21,SUGT1,0
SKIL,2810417H13RIK,0
REL,YWHAE,0
REL,SP1,0
TCEB2,ATPIF1,0
FXR1,SERPINB6A,0
NFKBIA,EIF3K,0
TCEB1,RAB7,0
HMGA1,UBE2L6,0
ING1,FABP4,0
NCOA4,ITGAX,0
SKIL,LSM7,0
MCM5,TRAPPC1,0
PCBP2,ANXA2,0
KDM5C,SOD1,0
NR3C1,BUD31,0
RUVBL2,RPL23A,0
ATF2,ID2,0
ATF4,DNMT1,0
MEF2A,NDUFB8,0
SIRT7,JUNB,0
MED21,NHP2,0
NFIL3,GNGT2,0
CSDE1,EHMT1,0
ID2,RPS27L,0
NFIL3,POLR2D,0
BCLAF1,RAC2,0
EGR2,CSDE1,0
ATF4,GTF2A2,0
ARID1B,ZFP36L1,0
SKIL,RAB11A,0
SRSF6,RPL39,0
CNOT6L,IRF2,0
ILK,RPS19,0
APEX1,RBBP7,0
BTG2,GTF2A1,0
ZFP410,SEPT2,0
CBFB,CBX3,0
BUB3,CCT4,0
DNAJC2,TUBB5,0
SMARCB1,USF2,0
MDM2,MBD2,0
IRF5,DEK,0
POLR2B,TRAPPC1,0
DNAJC2,CCT3,0
CREBBP,CTSZ,0
SP1,PDIA3,0
EHMT1,UQCRC1,0
HHEX,HMGA1,0
TSG101,JUP,0
ATF4,SMARCB1,0
HAX1,DEK,0
KHDRBS1,HMG20A,0
EWSR1,PAPOLA,0
NFKBIA,RPLP2,0
WHSC1L1,SKP1A,0
IRF2,AFF4,0
TARBP2,HNRNPK,0
HNRNPD,BUB3,0
FOSL2,RPS15,0
SSRP1,CKS2,0
NCOR1,BZW1,0
AHR,LYZ2,0
WBP11,SEC13,0
MAPK14,SKIL,0
EZH2,NDUFA7,0
ELL2,SIRT2,0
CDC5L,CANX,0
THRAP3,IL1RN,0
TRIM28,TLR2,0
HOPX,ACLY,0
GTF2A2,HAT1,0
MDM2,CD24A,0
SND1,BHLHE40,0
ZFML,RPL3,0
CREM,PSMA2,0
SUZ12,PHB2,0
ATF3,NHP2L1,0
DOT1L,WBP11,0
PREB,CAPZA2,0
BTF3,ZFP36,0
TOB1,EHMT1,0
TAF6,GRN,0
HMG20A,KLF4,0
TOB1,LDHA,0
TRP53,LYZ1,0
MTA2,2810417H13RIK,0
ZFP410,UBE2K,0
POLR2E,CAPZB,0
NR3C1,BIRC5,0
MYD88,P4HB,0
SRSF6,EIF1,0
USF2,AIF1,0
IRF2,H2-AB1,0
MCM6,ARF4,0
RAD51,TCERG1,0
NR4A1,NPM1,0
TAF12,TMSB4X,0
ARID1A,RPS15,0
ZNRD1,PTPRC,0
TGIF1,NDUFAB1,0
GTF2A2,CDC42,0
TBPL1,MYEOV2,0
KDM5A,HNRNPK,0
ZFP410,HNRNPK,0
TCEB2,RBBP4,0
GTF2A1,CHD1,0
NFKBIZ,SUGT1,0
TAF9,SFPQ,0
MDM2,VPS28,0
CIITA,YWHAE,0
ELF1,RPSA,0
JUN,PDIA3,0
ARID1A,IQGAP1,0
RELA,HSP90AA1,0
BACH1,RPL24,0
VDR,H2-K1,0
NFKBIZ,IL1B,0
CIITA,H1F0,0
SKIL,COPS5,0
RFC1,GPNMB,0
LMO4,CTSC,0
XBP1,RUNX1,0
RAD51,SMARCC2,0
GTF2A1,RBM39,0
SNRPD1,NOP10,0
AFF4,EDF1,0
POLR2C,RBPJ,0
MCM6,SIRT2,0
SRRM1,CREB3,0
PBRM1,FLI1,0
YBX1,CNOT8,0
ILK,PSMA7,0
MAPK14,EDF1,0
ELL2,RPS13,0
ETV3,NDUFA7,0
GTF2F1,DPY30,0
LDB1,CCT4,0
DAB2,ATP5A1,0
NFIL3,MTPN,0
BAZ1A,SIRT2,0
POLR2K,RSU1,0
MATR3,IRF1,0
HMG20B,POLR3K,0
CHD1,CCL4,0
DOT1L,RPL10,0
BATF3,KDM2B,0
IRF5,CYBB,0
LDB1,RPL23A,0
SNRPB,SMAD4,0
PCBD2,MRPS16,0
AFF4,SRSF5,0
CNOT2,MED27,0
ASH1L,MED15,0
SMARCA4,RPL19,0
DOT1L,HDAC1,0
LMO4,SIRT2,0
ATF2,EAR2,0
NCOR1,RPS16,0
TAX1BP3,BHLHE40,0
SSB,COMMD3,0
SMAD4,TREM2,0
SRSF9,TPT1,0
PCBD2,RPL30,0
EHMT1,PSENEN,0
COPS2,ZEB2,0
ATF4,MED15,0
GTF2A2,TXN1,0
TNFAIP3,CHD4,0
HMGB2,ZFP36L1,0
CTCF,HNRNPA2B1,0
DNMT3A,CNOT2,0
NR3C1,IRF1,0
MCM3,GGH,0
VDR,H3F3B,0
RELA,HNRNPK,0
TAF12,MCM7,0
CDC5L,CFL1,0
NCOR1,CNOT6L,0
NFKBIA,GNG5,0
KDM6B,RAB11A,0
TSG101,ELL2,0
FXR1,ARID1A,0
EGR1,SUMO2,0
KPNA2,CLTA,0
MED27,CFP,0
CIITA,ZEB2,0
MCM5,POLR3K,0
POLR2F,AKR1B3,0
SNRPB,ZWINT,0
NFAT5,H3F3A,0
SFPQ,LAMP1,0
CTNNB1,MCM3,0
MCM6,NXF1,0
CBFB,SMARCA5,0
TNF,POLR1D,0
POLR2D,MRPL36,0
CHD1,WBP11,0
JUP,S100A1,0
MED1,RPL11,0
RNF4,TFDP1,0
RBBP7,CSDE1,0
HAX1,TRIM28,0
MCM5,TNF,0
ING1,AP2M1,0
TNFAIP3,CAPG,0
NCOR1,TMSB4X,0
ATF6,EAR2,0
ZNRD1,MCM5,0
SRRT,ACTB,0
POLR2A,HK2,0
CBFA2T3,CCT5,0
TBPL1,NFKBIZ,0
CREB3,PSMC5,0
YEATS4,REL,0
SMAD2,CXCL2,0
HIF1A,TWF1,0
RUVBL2,EHMT2,0
SKI,MAP1LC3B,0
RBL2,NFIL3,0
HMGA1,ATP5D,0
BUB3,COPS2,0
SRRM1,YWHAE,0
YBX1,EIF5B,0
TOX4,RPL41,0
CSDE1,CTNNA1,0
DEK,CIITA,0
TFDP1,AIF1,0
PCBP2,CRIP1,0
SRSF5,RSU1,0
KDM5C,CDC42,0
UBE2K,KDM2B,0
HNRNPK,POLDIP3,0
WHSC1L1,CD68,0
APEX1,ACTR3,0
TCEA1,MORF4L1,0
NFKBIB,MAPK3,0
ELF2,CTSC,0
ID2,VPS25,0
CIITA,RAD51,0
NR3C1,RPL21,0
DPF2,CREG1,0
JUN,RPL3,0
MDM2,DYNC1LI1,0
ZFP36,IRF1,0
JUN,PSMC6,0
ILF3,CASP1,0
UBTF,CCT3,0
SFPQ,VIM,0
UBE2K,RPL35A,0
KHDRBS1,CHMP2A,0
PCBD2,PSMD8,0
SIN3B,RPS15,0
MCM3,RPS29,0
SIRT2,RBM39,0
SND1,HINT1,0
TAF9,RNASET2A,0
BUB3,RPL36AL,0
HNRNPK,TREM2,0
TCEA1,CEBPA,0
ARID1A,SF3B5,0
PREB,RUVBL2,0
SNAPC5,CCDC12,0
AFF4,EGR2,0
ZFP36,CLK1,0
IRF1,PSMC5,0
CNOT2,IL1A,0
JMJD1C,RUNX1,0
NFAT5,RPL11,0
BAZ1A,SUZ12,0
PHB2,NCOA3,0
MED27,ELF2,0
TOB1,HMGB2,0
TNFAIP3,ARPC4,0
EZH2,TUBA1B,0
POLR2K,TMED2,0
CTCF,GNB2L1,0
GTF2B,QDPR,0
MATR3,LSM3,0
ZFML,HMGA1,0
SF1,GTF2A2,0
KLF4,DNMT1,0
CTBP1,SEC11A,0
JUNB,SLC25A4,0
NAP1L4,ETS2,0
EGR2,IER3,0
KDM5C,NONO,0
YEATS4,SPP1,0
ARL6IP5,EDF1,0
POLR3K,CFDP1,0
TRIM28,RPS13,0
KLF6,TCEA1,0
IRF4,NOP10,0
SF1,CAPZB,0
IRF4,NR3C1,0
SRRT,QDPR,0
EHMT2,NPC2,0
HOPX,RPS27A,0
RNF4,TREM2,0
DPF2,TCEB2,0
HHEX,RPL27,0
EIF5B,RPS17,0
HSBP1,UBE2L6,0
BTF3,RAN,0
SND1,RPS17,0
ID2,CREB3,0
CNOT6,TCEB3,0
SMARCC2,RPS26,0
RUNX1,CDKN1A,0
TCF7L2,FCF1,0
CEBPA,NME2,0
SRRM1,MRPS16,0
RBPJ,ZFML,0
NCOR1,ACLY,0
KDM5C,POLR2J,0
RUVBL2,SUZ12,0
ATF6,CCT5,0
NONO,PCNA,0
MYD88,BIN1,0
NR4A1,PCNA,0
POLR2H,CSNK2B,0
XBP1,HBP1,0
POLR2J,SEPT7,0
KHDRBS1,COMMD3,0
TRIM28,RPL18A,0
TRIM28,IRF1,0
SMARCE1,SHFM1,0
MED27,SOD2,0
TCF7L2,RPLP0,0
CREBBP,BATF3,0
SRSF9,TRP53,0
NFKB1,PDIA3,0
JUN,TREM2,0
ING1,RPL34,0
BHLHE40,EIF3E,0
POLR2A,MYEOV2,0
HAX1,EIF4E,0
FOSB,HK2,0
THRAP3,CFP,0
EWSR1,PSMB5,0
TARBP2,ARPC2,0
ARID1A,RPL3,0
FOS,UBE2L6,0
SF1,PAPOLA,0
CDC5L,TRAPPC1,0
SIN3B,TPT1,0
SKIL,RPL36A,0
NFKBIA,CCT2,0
ARL6IP5,CTSA,0
NFKBIB,CD68,0
NFE2L2,NCF4,0
TOX4,PSMD8,0
GATAD2A,CBX3,0
PBRM1,HHEX,0
GTF2B,CAPZB,0
DDB1,SSNA1,0
FOSB,RUVBL2,0
ARID1B,SIRT7,0
ILK,PSMB3,0
CHD7,CRIP1,0
DENND4A,RPL23A,0
BATF3,POLR2G,0
CDC5L,MDM2,0
GTF2B,RPS16,0
RNPS1,PTPRC,0
SP1,MAP1LC3B,0
NCOA4,MED21,0
TLR4,NCOA3,0
SKI,USF2,0
POLR3K,NCK1,0
MAPK3,RPL19,0
PA2G4,AKR1B3,0
FLI1,KLF6,0
EDF1,MCM6,0
POLR2J,CRIP1,0
AKT1,CXXC1,0
NR3C1,AKR1B3,0
KDM5A,RPS24,0
TLR4,HNRNPA2B1,0
TUBA1A,AP2S1,0
ZFP36,RUVBL2,0
CNOT6,SAR1B,0
IRF4,CDKN1A,0
STAT6,MED10,0
DOT1L,POLR2D,0
TRIM28,HINT1,0
DNMT1,EIF3I,0
BTG1,FCF1,0
EZH2,PSMB3,0
TAF9,ATP5C1,0
TNFAIP3,SLC25A4,0
DAB2,HNRNPD,0
IRF2,FTH1,0
POLR2I,KLF4,0
HBP1,AK2,0
PARP1,TMSB4X,0
NOTCH2,GTF2A2,0
UPF1,SUMO2,0
MCM3,SLC25A4,0
SMARCA4,SNRPB,0
EDF1,POLR3K,0
MYD88,UQCR11,0
EHMT1,REL,0
TRP53,SIN3B,0
HDAC1,ZNRD1,0
ILF3,SIN3B,0
MTA2,GTF2F1,0
SKI,LY86,0
POLR3K,ARL6IP1,0
EWSR1,HAT1,0
CREBBP,RPL15,0
APEX1,COMMD6,0
COPS2,GNG10,0
CNOT6,WDR1,0
ID2,DNMT1,0
HCLS1,B2M,0
YBX1,RAB7,0
RBBP7,BAZ1A,0
EIF5B,QDPR,0
CHD4,STARD3NL,0
BTG1,HSP90AB1,0
DDX5,NDUFA2,0
SIRT7,HNRNPAB,0
SIN3B,FLI1,0
NCOA3,RPL38,0
HHEX,TCP1,0
KDM2B,ATF2,0
BACH1,PTPN2,0
SSRP1,FLI1,0
SKI,NPM1,0
TCF7L2,CTSD,0
TAX1BP3,PSMB2,0
ILF3,ING1,0
JMJD1C,HSP90AA1,0
MED27,ARPC4,0
AFF4,TRAPPC1,0
DEK,S100A1,0
CHD7,PSMB9,0
ZFP36,RPS10,0
TCEB3,SKIL,0
HNRNPD,DNMT1,0
TNF,FABP5,0
JUNB,DUSP1,0
HTATIP2,MDM2,0
ASH1L,PSMB8,0
RBBP4,S100A1,0
POLR3K,RFC1,0
BTF3,HAT1,0
HIST1H1C,PSMA2,0
NCOA3,CCRL2,0
NONO,PER1,0
MCM6,STARD3NL,0
BTG1,CSNK2B,0
TGIF1,HNRNPK,0
MED1,ATPIF1,0
KPNA2,CTCF,0
FLI1,TLR2,0
SRSF6,EHMT2,0
ZFP36,NCOA3,0
SFPQ,CISH,0
HTATIP2,CHMP2A,0
KDM5C,PSMC4,0
CEBPA,EWSR1,0
XBP1,SNRPG,0
CREBBP,RPL21,0
DAB2,KDM5A,0
PHB2,PYCARD,0
POLR2A,NHP2,0
MED21,NXF1,0
MEF2A,TNIP3,0
TAF9,RAD51,0
MCM6,PSMC5,0
CBX3,CNOT8,0
FOSL2,CACYBP,0
MCM6,ETS2,0
EZH2,RPSA,0
RBBP7,PSMB4,0
RBPJ,LAMP1,0
HNRNPK,NAP1L1,0
RFC1,HK2,0
BAZ1A,HIST1H1C,0
H1F0,RLIM,0
ARID1B,PSME1,0
TRIM28,MBNL1,0
ID2,WHSC1L1,0
DNMT3A,RPL36,0
ZFP410,SRRM1,0
TAF7,CDC5L,0
POLR1D,ATF6,0
RBL2,IER3,0
ARID1A,DAP,0
POLR2I,TWF1,0
SMARCC2,CDKN1A,0
MED8,CTCF,0
SMARCA4,HK2,0
HCFC1,GNG10,0
DPF2,RPL18A,0
LMO4,RPLP2,0
TGIF1,ING1,0
YEATS4,CDC42,0
MITF,LMO4,0
SMARCB1,NOP10,0
MEF2A,HOPX,0
COPS5,BIRC5,0
TRP53,PAPOLA,0
KLF4,ATF4,0
CNOT8,HNRNPA2B1,0
SMAD4,COMMD1,0
CBFB,EZH2,0
ZEB2,HCFC1,0
XBP1,CXCL16,0
EWSR1,KPNA2,0
TUBA1A,RPL38,0
AEBP2,PSMA3,0
SMARCE1,EWSR1,0
TAX1BP3,GTF2E2,0
TRIM28,EIF1,0
CREB3,EHMT1,0
ETS2,RPS20,0
FOSB,POLR2J,0
ID2,CTSD,0
TGIF1,STAT3,0
ARID1B,BHLHE40,0
SND1,HIST1H1C,0
LDB1,2810417H13RIK,0
CTCF,VPS25,0
ZFP36,LYZ2,0
CHD4,RPS26,0
RNPS1,KDM6B,0
DDX5,RPS12,0
ETV3,ASH1L,0
TLR4,SARNP,0
BAZ1A,NCF1,0
NAP1L4,BCLAF1,0
MAPK3,RBPJ,0
HNRNPAB,HNRNPF,0
EZH2,CD274,0
POLR2E,SUGT1,0
GTF2A2,GUSB,0
POLR2D,SOD1,0
KDM2B,EIF3K,0
YEATS4,POLR2A,0
HMGB2,RBBP7,0
MYD88,SEPT2,0
ATF2,SOD1,0
FLI1,DPF2,0
DNMT1,BST2,0
SND1,NCOR1,0
BTG2,CCL3,0
ATF6,MED8,0
TLR4,PTPN2,0
BACH1,NHP2,0
ZFP410,PSENEN,0
WHSC1L1,ACTG1,0
COPS5,AP2M1,0
HMG20B,EIF4A1,0
MDM2,KDM5A,0
ATF2,CD44,0
RBBP7,XBP1,0
MCM5,NONO,0
KLF6,FTL1,0
SSB,RPL3,0
DDB1,PSMA7,0
NR4A1,RPS16,0
EGR1,SUZ12,0
COPS5,CCDC109B,0
HCLS1,RPL19,0
HNRNPD,RPS14,0
HHEX,CTSZ,0
UBTF,CACYBP,0
DPF2,TOP2B,0
MAPK14,RPS10,0
GTF2B,RPS5,0
ETV3,POLR2B,0
FOSB,UBE2L6,0
KDM5C,CFDP1,0
TARDBP,CFDP1,0
SMARCB1,CTCF,0
SMARCB1,MED21,0
LMO4,ZFP36,0
WHSC1L1,LDHA,0
ATF4,UBB,0
ID2,RPL18A,0
SF1,TSG101,0
TCF7L2,CHMP2A,0
ARID1B,POLR2E,0
PER1,HIF1A,0
APEX1,RPL13,0
NAP1L4,EHMT2,0
MCM7,UQCRFS1,0
TAF7,RPL13,0
RBBP4,FAU,0
KDM5A,MAPK14,0
GATAD2A,RNF7,0
SMARCE1,NCK1,0
MCM3,RPS6,0
AHR,CD44,0
TCEB2,LSM3,0
PCBD2,BANF1,0
SF1,NCOR2,0
ING1,BACH1,0
SRRT,RPS27A,0
NR3C1,RPL34,0
SRRM1,PSMB1,0
AFF4,HMG20A,0
FXR1,GTF2A2,0
NAP1L4,POLR2F,0
HMGB2,BUB3,0
ATF6,CTSZ,0
SMAD2,NCF1,0
CTCF,RPS15,0
ZFML,ATP5C1,0
ZFP410,LYZ1,0
ZFML,PSMB2,0
COPS5,ERH,0
CNOT2,RPL19,0
ZFP410,PSMA5,0
HNRNPAB,RAC2,0
GATAD2A,RAN,0
HNRNPK,UBB,0
ZFML,PHB2,0
MDM2,NCOA3,0
GATAD2A,SGK1,0
UPF1,NR3C1,0
CBFA2T3,MBNL1,0
HAX1,STRA13,0
ARID1B,HMG20A,0
ATF4,EGR2,0
TAF12,MRPS16,0
POLR3K,CAPZA1,0
HCLS1,RPL9,0
ETV3,NHP2,0
CNOT6L,NFKBIZ,0
MAPK14,EIF5B,0
PER1,POLR2A,0
HNRNPAB,ACLY,0
GTF2B,SNRNP25,0
FOSL2,RHOA,0
DDX5,EIF4E,0
FLI1,YEATS4,0
SMARCA5,RPL36,0
POLR2K,MCM6,0
SSRP1,VDR,0
NFKBIZ,SUZ12,0
NFAT5,CCRL2,0
MTA2,CAPZA1,0
HHEX,MYEOV2,0
PER1,SIRT7,0
SNRPB,PSMB9,0
TRIM28,WHSC1L1,0
SKIL,NFE2L2,0
ATF4,EAR2,0
TCEB1,RPS25,0
CREB3,STARD3NL,0
FLI1,NCOA3,0
ATF2,KDM6B,0
RBM39,IDH1,0
ZFP36,POLR2B,0
SRSF6,RPS16,0
STAT6,RPL23A,0
FOS,ACLY,0
RBBP4,PTS,0
DNMT3A,RPL41,0
BTF3,ARF4,0
ZFP36L1,ATF3,0
RBM39,NR3C1,0
TAX1BP3,PSMD8,0
EDF1,NOP10,0
SFPQ,HMGB2,0
SF1,CD24A,0
BTF3,GRN,0
WHSC1L1,NR4A1,0
NCOA4,TANK,0
NOTCH2,RNPS1,0
TARDBP,ID2,0
GATAD2A,PSMA4,0
MYD88,LPL,0
RELA,TMSB4X,0
TBPL1,FKBP1A,0
ZNRD1,CTNNB1,0
POLR2E,SUMO2,0
HHEX,EHMT1,0
NFE2L2,CXCL1,0
BTG1,ATF3,0
CHD1,MRC1,0
TOB1,CTSA,0
CHD4,PSME2,0
AHR,UBB,0
ATF4,UBE2K,0
CNOT8,RPL15,0
TCF7L2,RPL37,0
SRSF6,FTL1,0
RELA,FOSL2,0
HTATIP2,RPL36A,0
YEATS4,PSMA4,0
MED21,RPL39,0
SRSF2,LPL,0
LMO4,HNRNPK,0
NCOA4,RAC1,0
KPNA2,NCF1,0
CIITA,DAB2,0
HIST1H1C,CTSD,0
ATF2,DNAJC8,0
POLR2I,CNOT6L,0
PARP1,RPS25,0
ZFML,BATF3,0
NFKBIA,RBBP4,0
MCM5,ATF3,0
LDB1,RAC1,0
HDAC1,RPL15,0
JUP,RBBP4,0
SRRM1,ZNRD1,0
NCOR1,LDB1,0
KDM6B,STAT3,0
SMARCA5,PAPOLA,0
TAF12,MED15,0
SP1,GUK1,0
TNFAIP3,MED21,0
NFKB1,CREB3,0
DPF2,PSENEN,0
RELA,CCT8,0
SF1,SOD2,0
SRSF9,RLIM,0
HCLS1,CTNNB1,0
MTA2,DAP,0
POLR2G,UBE2D3,0
ATF4,SUZ12,0
LMO4,CREBBP,0
EGR2,VDR,0
NFAT5,CNOT8,0
TLR4,CNOT2,0
RAD51,IL1RN,0
ING1,IL1RN,0
MAPK1,AKR1B3,0
SRRM1,AIF1,0
HMGA1,CNBP,0
MCM7,CACYBP,0
RBBP4,LPL,0
TCF12,NOTCH2,0
KLF4,AIF1,0
PARP1,CFL1,0
ATF4,AP2S1,0
SIN3B,CNOT6,0
POLR2H,GNG10,0
CNOT2,TCF12,0
HBP1,BUB3,0
RFC1,CWC15,0
STAT3,CCT8,0
ARL6IP5,SRA1,0
TCEB1,SEPT7,0
TAF7,ETV3,0
SRSF3,IL1RN,0
NFE2L2,EIF4E,0
EHMT2,ATP5O,0
ATF6,HSPA8,0
GTF2F1,SEPT7,0
NOTCH2,SSU72,0
GTF2I,ARL6IP1,0
POLR3K,SFPQ,0
POLR3K,CTNNA1,0
HMGB2,CHD4,0
SRRM1,KLF4,0
MTA2,HK2,0
POLR2B,PARK7,0
PBRM1,MTA2,0
ZFP410,TNFAIP3,0
KDM5A,BTG1,0
TRP53,SLC7A11,0
GTF2F1,RPL12,0
NFKBIZ,NPM1,0
YBX1,STAT3,0
IRF4,MCM6,0
STAT3,APEX1,0
DENND4A,HSP90B1,0
COPS2,MORF4L2,0
DAB2,GATAD2A,0
BTG2,H3F3B,0
NONO,HMGA1,0
AKT1,ELL2,0
SMARCB1,GTF2E2,0
COPS5,HIF1A,0
TARBP2,RPL7,0
AEBP2,VDR,0
EGR1,TWF1,0
TCEA1,RPL36AL,0
SNRPB,SND1,0
SND1,COPS5,0
IRF2,CD36,0
ATF4,RPS13,0
TARDBP,TAF7,0
MCM7,HNRNPK,0
IRF2,CTSZ,0
JUNB,RPS7,0
ATF4,NDUFA2,0
DAB2,TREM2,0
ZMYND11,TRIM28,0
HMGB2,HNRNPC,0
HAX1,RNASET2A,0
EGR1,MCM7,0
POLR2F,ARID1A,0
MTA2,GNGT2,0
PARP1,ATP5A1,0
FOSB,PER1,0
RBM39,GBP6,0
POLR1D,SMARCA5,0
POLR2J,RPL37,0
GTF2A2,ATP5A1,0
REL,ZFML,0
IRF5,NFE2L2,0
SND1,UQCRFS1,0
DPF2,CCNL1,0
TFDP1,HSD17B10,0
KDM5C,CDC5L,0
ILF3,CCDC12,0
ZNRD1,SMARCE1,0
POLR3K,NHP2,0
NR4A1,UBC,0
AHR,NDUFA2,0
RELA,IRF2,0
TUBA1A,RAN,0
TAF6,SGK1,0
PA2G4,NXF1,0
NAP1L4,MCM6,0
XBP1,AIF1,0
MCM7,RNF7,0
ATF3,CTCF,0
NFIL3,P4HB,0
DNMT1,NCF4,0
NFKBIA,HNRNPAB,0
REL,RPL14,0
DPF2,POLR2I,0
VDR,SMAD2,0
SRRM1,TFDP1,0
RBL2,PSMB2,0
EHMT2,UBE2D3,0
PCBP2,RPLP2,0
CTCF,HIST1H1C,0
CXXC1,ETS2,0
WBP11,EWSR1,0
SIRT7,MRPL36,0
HNRNPD,VAPA,0
JUP,TMED2,0
VDR,AFF4,0
GATAD2A,NDUFA2,0
RBL2,PSMB6,0
PHB2,EIF4E,0
ELF2,PTPRC,0
RELA,NCOA3,0
DDB1,CREG1,0
GATAD2A,POLR2I,0
PER1,RAC1,0
DPF2,RPL34,0
CNOT8,REL,0
USF2,RBM39,0
SMARCE1,SUZ12,0
UBTF,COMMD6,0
ZFP410,SRSF3,0
RAD51,HSPA5,0
SSRP1,ASH1L,0
BTG1,RAC1,0
AEBP2,B2M,0
REL,MAPK1,0
CBFA2T3,NFKBIA,0
NCOA3,TOB1,0
MYD88,CDC5L,0
COPS2,SEPT2,0
SRSF5,RPL14,0
HDAC1,VAPA,0
NR4A1,EIF3M,0
MCM6,RPL32,0
RBL2,SMARCE1,0
IRF2,PSMB9,0
YEATS4,MCM6,0
TIAL1,MAPK3,0
TIAL1,EDF1,0
AEBP2,PABPC1,0
SNAPC5,RPL24,0
TAF12,RPS25,0
PHB2,TLR2,0
TCEB2,SIRT2,0
MYD88,TFDP1,0
HBP1,PCBP2,0
SMAD4,GTF2A1,0
BTG2,CISH,0
CTCF,RPL36A,0
UPF1,HSP90AB1,0
GTF2A2,CD24A,0
YBX1,CTNNB1,0
IRF2,H2-K1,0
CNOT6,RUNX1,0
HCLS1,KDM5C,0
MED27,AK2,0
GTF2A1,CCL4,0
MTA2,RPS7,0
SFPQ,TAF12,0
NOTCH2,SMARCA5,0
TLR4,NHP2,0
HBP1,CWC15,0
HNRNPK,PARL,0
PREB,GBP6,0
ZFML,HNRNPF,0
TBPL1,RPL41,0
ATF4,STAT3,0
FOS,CLEC4N,0
GTF2A1,THRAP3,0
DOT1L,PER1,0
CBX3,PFDN5,0
CNOT2,RPLP1,0
BCLAF1,POLR2J,0
ATF4,SGK1,0
POLR2A,TUBB5,0
NOTCH2,RAN,0
RBPJ,HMG20B,0
SIN3B,HNRNPK,0
XBP1,SMARCE1,0
PER1,LDHA,0
TRP53,CEBPA,0
SRSF6,CTNNA1,0
CBFA2T3,MSN,0
GATAD2A,MATR3,0
NONO,SGK1,0
BHLHE40,MED10,0
NAP1L4,NACA,0
TSG101,HK2,0
UBE2K,RPL9,0
POLR2G,PDIA3,0
REL,TBPL1,0
KPNA2,STARD3NL,0
HNRNPAB,NME2,0
TNF,ZNRD1,0
TARDBP,ZWINT,0
NFKB1,ING1,0
CBFB,AK2,0
CBFA2T3,PSMB9,0
TCF7L2,PSMB1,0
BTF3,CCDC53,0
MBD2,CDC5L,0
MED21,SF3B5,0
GTF2I,RPS6,0
SSB,RPS7,0
SRSF5,TMEM208,0
SUZ12,LYZ2,0
THRAP3,PSMC3,0
MCM4,CAPZB,0
KDM5A,NACA,0
PARP1,DYNC1LI1,0
JUP,CCT2,0
HNRNPK,PSMB3,0
CREBBP,ATP5A1,0
SNRPD1,UBB,0
IRF4,COMMD1,0
YBX1,TXN1,0
MATR3,AK2,0
ATF3,PSMC1,0
KHDRBS1,MDM2,0
ELL2,RPL24,0
TARBP2,NDUFA2,0
POLR3K,CIITA,0
NFKBIB,CBFB,0
RBBP4,ELF1,0
ATF4,CTBP1,0
MCM7,YWHAE,0
ARID1A,CTSZ,0
CBFB,DNAJC19,0
ELL2,CLTA,0
HBP1,UBE2K,0
AEBP2,TUBA1C,0
HSBP1,PCNA,0
SFPQ,CD68,0
DDX5,H3F3A,0
EGR1,SUGT1,0
XBP1,RPL10A,0
HBP1,PSMC4,0
DNMT3A,EIF4E,0
TAF9,NFKBIZ,0
RUNX1,CD36,0
AKT1,RPS14,0
TCEB1,SF3B5,0
NFKBIB,VAPA,0
ELF2,CLTA,0
HCLS1,CHMP2A,0
TIAL1,VPS28,0
NCOA3,HNRNPA2B1,0
CTCF,APEX1,0
DOT1L,TNIP3,0
MATR3,DPY30,0
GATAD2A,POLR2D,0
CBX3,RPS5,0
TRP53,VIM,0
BHLHE40,PTMA,0
HNRNPD,RPS11,0
FLI1,RHOA,0
CSDE1,HSD17B10,0
H1F0,ARF4,0
POLR1D,TMED2,0
MED15,ELF1,0
NFKBIZ,ACTB,0
TARBP2,CYBA,0
BTG2,TMEM179B,0
MCM6,HBP1,0
NAP1L4,HNRNPF,0
SUZ12,CDC42,0
PAPOLA,TAF9,0
AHR,RPS11,0
TARBP2,RPL13,0
KPNA2,AFF4,0
COPS5,EIF5B,0
CEBPA,ATF6,0
SSB,BST2,0
AKT1,CBFB,0
FLI1,MRPS16,0
KDM6B,CBFB,0
TCEB3,UBC,0
COPS5,RPL34,0
REL,STAT3,0
DDX5,NFKBIZ,0
SMARCA4,PSMA6,0
TARDBP,HSP90AB1,0
SMAD2,CD63,0
EGR2,CLK1,0
HBP1,EIF4E,0
PARP1,RPS27,0
POLR1D,ATP6AP2,0
SUZ12,HSP90B1,0
JUNB,HSD17B10,0
EHMT1,UBA52,0
CSDE1,LPL,0
BAZ1A,NDUFS3,0
DEK,LPL,0
SMARCA5,CLEC4E,0
BACH1,NCF4,0
BHLHE40,RPL30,0
TNFAIP3,BHLHE40,0
HMGA1,TSG101,0
SSB,SRRT,0
TAX1BP3,CNOT6L,0
EDF1,RAC2,0
GATAD2A,CREBBP,0
SKI,NACA,0
ARID1B,CD68,0
CTNNB1,CBFA2T3,0
HNRNPK,DAB2,0
TBPL1,TMSB4X,0
MEF2A,GNB1,0
PCBD2,RPS12,0
REL,RPSA,0
RFC1,SHFM1,0
RBM39,KLF4,0
RLIM,TUBB6,0
CHD1,NDUFS3,0
NFKB1,MIF,0
EDF1,MBD2,0
SMARCA4,KPNA2,0
NCOR2,POLR2K,0
BTG2,NHP2,0
SMARCE1,CLK1,0
SMARCE1,LAMP1,0
JUN,RPL12,0
IRF2,CD44,0
NOTCH2,TARDBP,0
KPNA2,VPS25,0
STAT1,RPL36AL,0
SRSF6,ERH,0
MATR3,NDUFB8,0
POLR2H,PSMA7,0
TAF12,KDM6B,0
SRSF5,BTG2,0
HMGB2,CCNL1,0
HBP1,CAPZA1,0
ING1,ARID1A,0
ING1,MORF4L1,0
TLR4,NME1,0
CTCF,IQGAP1,0
RBL2,KLF6,0
SNRPD1,UQCR11,0
MED15,PARL,0
DDB1,CD14,0
ARID1B,ARPC5,0
FOSB,PSMC4,0
ATF3,SNRPD1,0
CSDE1,COMMD1,0
TARBP2,TCEB3,0
RBL2,PSMA3,0
ETS2,SUGT1,0
POLR2D,RPL39,0
DEK,MEF2A,0
NCOA4,GTF2F1,0
EWSR1,BST2,0
IRF5,CD36,0
HMGA1,HMGB2,0
POLR2D,RPL7,0
TARBP2,CLEC4E,0
SMAD2,RPS8,0
MYD88,TSG101,0
CNOT6,NR4A1,0
ATF3,RPS20,0
RBM39,ARL6IP1,0
KPNA2,HMGB2,0
PARP1,RPL12,0
CBFB,SIRT2,0
TRP53,H2-K1,0
DENND4A,TAF12,0
RBBP7,ANXA2,0
TAF12,DNAJC8,0
FOSL2,GTF2F1,0
NCOA3,BZW1,0
PAPOLA,RPL5,0
FOSB,SNRPD1,0
NFKBIZ,RAB7,0
CNOT2,ACTB,0
SRRM1,LYZ1,0
SMARCA4,TARDBP,0
NCOA4,DNMT3A,0
CEBPA,QDPR,0
STAT6,NFKBIA,0
BIN1,BTG2,0
TAF7,RPL30,0
HHEX,POLR1D,0
HNRNPK,SPP1,0
ATF3,AP2M1,0
FLI1,DNASE1L1,0
NCOA4,RPL39,0
EGR1,DNAJC2,0
NR3C1,PSMB1,0
SP1,HAT1,0
PA2G4,TOP2B,0
MCM6,MAPK1,0
TAF9,SOD2,0
TOX4,CD274,0
EGR1,TCEB1,0
DNAJC2,CHD4,0
SRSF3,COPS2,0
NR3C1,SUMO2,0
NAP1L4,PRDX6,0
CREBBP,PSMB10,0
IRF4,TMEM208,0
SRSF3,NCOR1,0
ZFP410,ARF4,0
ILF3,APEX1,0
GTF2E2,MEF2A,0
PARP1,SUGT1,0
TSG101,DNASE1L1,0
RBL2,LDHA,0
PREB,RAB11A,0
MAPK3,ATF6,0
BIN1,KLF4,0
EGR2,TCEB3,0
RUNX1,PPP2R5C,0
CNOT8,CTNNB1,0
BCLAF1,COMMD6,0
USF2,DOT1L,0
KHDRBS1,ATP6AP2,0
ID2,CNOT6L,0
MED15,NR4A1,0
NFKB1,AP2M1,0
NME2,CD44,0
NFKBIB,BHLHE40,0
FXR1,USF2,0
MCM6,NAP1L1,0
FOSB,SSNA1,0
TAX1BP3,RPS13,0
TLR4,ATF2,0
TNFAIP3,H3F3A,0
ATF2,SMARCA4,0
EHMT2,PAPOLA,0
TCEB2,MED10,0
POLR2D,RPS24,0
ZNRD1,ANXA5,0
TBPL1,CLK1,0
TUBA1A,NME2,0
DNAJC2,UQCRFS1,0
CXXC1,RAB7,0
CXXC1,SEC61A1,0
SKI,CHD4,0
GTF2E2,PSMC5,0
TIAL1,CFLAR,0
ATF4,MCM4,0
TLR4,SMARCC2,0
SNAPC5,SPP1,0
TAF6,RPS27A,0
CNOT6L,ATP5D,0
ZMYND11,CTNNB1,0
COPS5,RBM39,0
SRSF6,CCDC53,0
BTG2,SMARCE1,0
IRF4,UBTF,0
TGIF1,RPS15,0
HNRNPD,CNBP,0
RAD51,SERPINB6A,0
DNAJC2,TRA2B,0
TAX1BP3,STAT3,0
KPNA2,COMMD6,0
UBE2K,COMMD3,0
NME2,RPS25,0
NONO,SOD2,0
BHLHE40,SSU72,0
ELL2,PARL,0
TCEB1,ATF6,0
CTNNB1,CLEC4N,0
BHLHE40,COPS6,0
MAPK1,VAPA,0
POLR2C,HMGB2,0
EHMT2,RPS7,0
PER1,RLIM,0
POLR3K,LY86,0
MCM6,ACTR3,0
TCEB3,RPL3,0
GTF2I,TGIF1,0
SRSF6,RPL8,0
JUN,REL,0
SIRT7,BIN1,0
NCOA3,ZFP36,0
HNRNPK,GNB2L1,0
RBM39,SPP1,0
ZFP36,CNOT6L,0
ILF3,NCF4,0
ZFML,SMARCC2,0
XBP1,RPL26,0
NAP1L4,AKT1,0
ATF3,GUSB,0
HMGA1,GTF2A1,0
RNF4,DYNC1LI1,0
UBTF,PSMB2,0
GATAD2A,CKS2,0
TARBP2,ZFP36L1,0
FXR1,PSME2,0
RBL2,SMAD2,0
ING1,S100A1,0
SRSF9,POLR3K,0
MBD2,IL1B,0
SNRPB,IDH1,0
POLR2K,RELA,0
POLR2I,LYZ2,0
MED21,ACTR2,0
POLR2F,SRA1,0
RBBP7,JUN,0
TOP2B,H3F3A,0
ZNRD1,RPL6,0
CREBBP,TLR2,0
CIITA,RPS5,0
FXR1,CASP1,0
SRSF2,RPS18,0
ELL2,CNBP,0
POLR2K,CREG1,0
CDC5L,RAD51,0
STAT1,PSMD6,0
MITF,CYBB,0
HOPX,CKS2,0
SKI,EHMT2,0
STAT6,USF2,0
POLR2K,STMN1,0
NR3C1,RPS17,0
NFE2L2,RPL21,0
MBD2,DNAJC19,0
SIRT7,MAPK14,0
BHLHE40,CTSC,0
TAF7,PSMC1,0
NR4A1,IDH1,0
SMARCA5,CD14,0
HDAC1,COMMD3,0
ELL2,LY86,0
CHD1,SEC13,0
KPNA2,BTG1,0
HMGA1,TCF7L2,0
SIRT2,RPLP0,0
HMG20A,RPS19,0
TCEB3,NPC2,0
ETS2,M6PR,0
TRIM28,RPL36AL,0
ATF3,PTPN2,0
DEK,RPS25,0
TAF9,ATP5D,0
MCM4,EIF1,0
HMG20B,POLR2F,0
CNOT6,AP2S1,0
AHR,BTG2,0
MED21,CHMP5,0
BATF3,PBRM1,0
HNRNPK,PRDX6,0
SIN3B,GPNMB,0
BUB3,FTL1,0
ASH1L,SSNA1,0
TSG101,SMAD4,0
NFKBIA,NOP10,0
PREB,SRRT,0
TSG101,LDHA,0
ELF2,PCNA,0
SRSF5,RAB11A,0
CBX3,HCFC1,0
POLR2G,TOB1,0
SRRM1,SNRPG,0
HIF1A,LGALS3BP,0
MED1,EDF1,0
BACH1,GNG5,0
ILF3,SEPT7,0
SIRT2,ARPC4,0
SRRT,CKS1B,0
KDM5C,CSNK2B,0
EDF1,FABP4,0
RBBP4,UQCRC1,0
MCM6,RPS27L,0
SRRM1,CCL4,0
ASH1L,KLF6,0
CREB3,ATP5D,0
CXXC1,JUN,0
CTNNB1,PEBP1,0
SRSF5,ELF2,0
SMARCE1,ACLY,0
TFDP1,TARDBP,0
HIF1A,EHMT1,0
TCF7L2,TMEM179B,0
SKIL,MED8,0
SUZ12,RPS27,0
POLR2D,SEC11A,0
EHMT1,IL2RG,0
MED15,HOPX,0
HDAC1,NME2,0
NCOA4,IRF4,0
AEBP2,RNF4,0
COPS2,TNIP3,0
MATR3,BACH1,0
FOS,TRIM28,0
BHLHE40,SUMO1,0
RBBP4,ELF2,0
H1F0,PSMC6,0
NFKB1,HMGA1,0
HIST1H1C,BATF3,0
IRF4,GNG10,0
TAF6,AKR1B3,0
TSG101,HMG20B,0
SSRP1,SNRPB,0
SSB,AFF4,0
NR4A1,NACA,0
CREBBP,FCF1,0
IRF5,AEBP2,0
RNF4,GTF2F1,0
RLIM,EIF3E,0
RLIM,EHMT1,0
SNRPD1,PSMD7,0
FOSL2,FCGR2B,0
IRF4,RPL10,0
NONO,CD81,0
LDB1,CCDC12,0
BIN1,COPS6,0
ARID1B,ACTR2,0
TAF7,PSMD14,0
TRP53,HSPA8,0
IRF2,ZFP36,0
FOSL2,SNRPB,0
TIAL1,RHOA,0
SIRT7,GTF2A2,0
BATF3,SRSF9,0
STAT1,SRSF9,0
ZFML,PSMD7,0
ID2,HMGB2,0
TAX1BP3,LDB1,0
HNRNPK,NOP10,0
SF1,HMG20A,0
MED8,TNFAIP3,0
SIRT7,HMG20A,0
IRF2,SP1,0
MED27,NOP10,0
ATF6,GPNMB,0
HSBP1,AFF4,0
GTF2I,CISH,0
SMARCB1,CTSD,0
POLR2K,CKS2,0
