TF,Target,label
CBFB,MSH6,1
CBFB,CLTC,1
CBFB,SLC2A3,1
CBFB,NFE2,1
CBFB,ARID5A,1
CBFB,TMEM229B,1
CBFB,TIMM29,1
CBFB,IDH1,1
CBFB,OTUD6B,1
CBFB,WDR5,1
CBFB,DOCK10,1
CBFB,NOP2,1
CBFB,NSUN2,1
CBFB,CLPTM1L,1
CBFB,HJURP,1
CBFB,DNAJC11,1
CBFB,SEH1L,1
CBFB,DDX21,1
CBFB,SZT2,1
CBFB,TES,1
CBFB,DNAJC10,1
CBFB,SNRNP200,1
CBFB,MTMR4,1
CBFB,ACSS2,1
CBFB,NUS1,1
CBFB,F2R,1
CBFB,GARS,1
CBFB,NUF2,1
CBFB,RANGAP1,1
CBFB,ARL6IP6,1
CBFB,ECT2,1
CBFB,RPRD1B,1
CBFB,IRF9,1
CBFB,ARMT1,1
CBFB,RCOR1,1
CBFB,MGAT1,1
CBFB,DCAF13,1
CBFB,SPNS2,1
CBFB,OSBPL8,1
CBFB,NFAT5,1
CBFB,HSPA4,1
CBFB,PPAT,1
CBFB,CTPS,1
CBFB,PRKCH,1
CBFB,MORC3,1
CBFB,PGLYRP2,1
CBFB,ATAD2,1
CBFB,TACC3,1
CBFB,DDX20,1
CBFB,ZFAND5,1
CBFB,EIF1AD,1
CBFB,TFR2,1
CBFB,LY9,1
CBFB,MIS12,1
CBFB,FAM76B,1
CBFB,MIS18BP1,1
CBFB,EPRS,1
CBFB,NCEH1,1
CBFB,CSTF2,1
CBFB,HAT1,1
CBFB,RABGGTB,1
CBFB,GMFB,1
CBFB,POLE3,1
CBFB,EYA2,1
CBFB,PWP2,1
CBFB,INCENP,1
CBFB,BIRC5,1
CBFB,DUS1L,1
CBFB,LRRC59,1
CBFB,RAD51AP1,1
CBFB,REXO4,1
CBFB,FIGNL1,1
CBFB,EIF2S1,1
CBFB,POR,1
CBFB,9430015G10RIK,1
CBFB,COLGALT1,1
CBFB,PHF5A,1
CBFB,MED16,1
CBFB,API5,1
CBFB,SLBP,1
CBFB,FAR1,1
CBFB,MRPL20,1
CBFB,1700017B05RIK,1
CBFB,PIK3R2,1
CBFB,GALNT6,1
CBFB,XRCC6,1
CBFB,SERP1,1
CBFB,GTF2H1,1
CBFB,HDAC7,1
CBFB,SERPINB9,1
CBFB,HCFC1,1
CBFB,PTPRE,1
CBFB,AP1S2,1
CBFB,TNPO1,1
CBFB,CSGALNACT2,1
CBFB,PNO1,1
CBFB,CIPC,1
CBFB,CENPE,1
CBFB,RPTOR,1
CBFB,FEM1B,1
CBFB,DHX33,1
CBFB,NDC80,1
CBFB,CKS2,1
CBFB,PPM1G,1
CBFB,POLD1,1
CBFB,CHORDC1,1
CBFB,GNL3,1
CBFB,UBAC1,1
CBFB,LONP2,1
CBFB,RUVBL2,1
CBFB,GYS1,1
CBFB,TESPA1,1
CBFB,CDC45,1
CBFB,XPC,1
CBFB,MTMR6,1
CBFB,ELF1,1
CBFB,CDCA5,1
CBFB,YPEL3,1
CBFB,ZDHHC6,1
CBFB,CDK1,1
CBFB,KAT7,1
CBFB,ACSS1,1
CBFB,TEX10,1
CBFB,TAB1,1
CBFB,RGS18,1
CBFB,HMBS,1
CBFB,ZBTB20,1
CBFB,SHISA5,1
CBFB,METAP1,1
CBFB,TOMM70A,1
CBFB,TCP11L2,1
CBFB,HDGF,1
CBFB,SUPV3L1,1
CBFB,FGFR1OP,1
CBFB,NDUFS1,1
CBFB,ELAC2,1
CBFB,CKAP5,1
CBFB,PDE4B,1
CBFB,ZHX1,1
CBFB,IFRD2,1
CBFB,EZR,1
CBFB,ZFP24,1
CBFB,MCM7,1
CBFB,ST8SIA4,1
CBFB,TMEM33,1
CBFB,TOP3B,1
CBFB,ISG20,1
CBFB,KIF11,1
CBFB,AURKA,1
CBFB,PTDSS1,1
CBFB,AHCYL1,1
CBFB,RAD21,1
CBFB,IPO9,1
CBFB,ATP8B4,1
CBFB,PRMT5,1
CBFB,ADK,1
CBFB,MCM4,1
CBFB,GPR65,1
CBFB,ITGAL,1
CBFB,SRSF1,1
CBFB,MGAT5,1
CBFB,NOL9,1
CBFB,SRM,1
CBFB,DEK,1
CBFB,ARHGAP15,1
CBFB,PRMT7,1
CBFB,CS,1
CBFB,NOLC1,1
CBFB,HARS,1
CBFB,FASTKD2,1
CBFB,THADA,1
CBFB,PSME3,1
CBFB,MOGS,1
CBFB,NARS,1
CBFB,CDCA3,1
CBFB,CTR9,1
CBFB,SLC31A1,1
CBFB,MARS,1
CBFB,TFRC,1
CBFB,HASPIN,1
CBFB,PTCD3,1
CBFB,FAM102B,1
CBFB,SLA2,1
CBFB,STIP1,1
CBFB,NUDCD1,1
CBFB,PSMD1,1
CBFB,RFC4,1
CBFB,CUL3,1
CBFB,CDCA8,1
CBFB,NCAPH,1
CBFB,EFTUD2,1
CBFB,ZFP422,1
CBFB,CEP55,1
CBFB,UBR7,1
CBFB,CDCA4,1
CBFB,DHRS3,1
CBFB,MDN1,1
CBFB,ELOVL5,1
CBFB,MEMO1,1
CBFB,MPZL1,1
CBFB,VKORC1L1,1
CBFB,STAT2,1
CBFB,DUSP1,1
CBFB,TBL3,1
CBFB,OTULINL,1
CBFB,SPTBN1,1
CBFB,ITSN1,1
CBFB,GLRX5,1
CBFB,CENPO,1
CBFB,SATB1,1
CBFB,NDC1,1
CBFB,HACD3,1
CBFB,ABL2,1
CBFB,UAP1,1
CBFB,SHMT1,1
CBFB,FAM136A,1
CBFB,EIF2B1,1
CBFB,SPNS3,1
CBFB,MIEF1,1
CBFB,MTREX,1
CBFB,GLB1,1
CBFB,DUT,1
CBFB,DOK2,1
CBFB,TMEM43,1
CBFB,PRODH,1
CBFB,CCNE2,1
CBFB,PLD3,1
CBFB,NECAP2,1
CBFB,JPT1,1
CBFB,PLIN3,1
CBFB,CTC1,1
CBFB,FARSB,1
CBFB,SF3B3,1
CBFB,GBP3,1
CBFB,NFKBIA,1
CBFB,PDIA4,1
CBFB,DENND1C,1
CBFB,SARAF,1
CBFB,KPNA3,1
CBFB,CBX5,1
CBFB,NDUFV1,1
CBFB,RRM1,1
CBFB,KCTD12,1
CBFB,USP37,1
CBFB,BCL2,1
CBFB,SLC35A4,1
CBFB,ABCB8,1
CBFB,H2AFX,1
CBFB,FBXW11,1
CBFB,AKAP8L,1
CBFB,NCAPD2,1
CBFB,EAF1,1
CBFB,NUBP2,1
CBFB,RNF38,1
CBFB,D1ERTD622E,1
CBFB,FOXRED1,1
CBFB,CKS1B,1
CBFB,GPRASP1,1
CBFB,DEF8,1
CBFB,PSMD9,1
CBFB,SETD2,1
CBFB,RARS,1
CBFB,HDAC2,1
CBFB,UBASH3A,1
CBFB,BYSL,1
CBFB,PPP1CB,1
CBFB,EIF3B,1
CBFB,TIMM50,1
CBFB,ATRN,1
CBFB,TPM4,1
CBFB,ZDHHC13,1
CBFB,TUBGCP2,1
CBFB,CAPG,1
CBFB,PSTPIP1,1
CBFB,TSPAN3,1
CBFB,PANX1,1
CBFB,TMX4,1
CBFB,NUP155,1
CBFB,SGO1,1
CBFB,PBK,1
CBFB,SMC2,1
CBFB,PSMD6,1
CBFB,ATF7,1
CBFB,MXD3,1
CBFB,SLC35E1,1
CBFB,PHB2,1
CBFB,TMEM184C,1
CBFB,FASTKD3,1
CBFB,TOMM40,1
CBFB,E2F8,1
CBFB,TPX2,1
CBFB,DCK,1
CBFB,TSPAN14,1
CBFB,CST7,1
CBFB,CTSL,1
CBFB,LAX1,1
CBFB,ABHD17B,1
CBFB,POLR1B,1
CBFB,SHCBP1,1
CBFB,CIP2A,1
CBFB,MFSD1,1
CBFB,RPN1,1
CBFB,MOB3C,1
CBFB,ZFP35,1
CBFB,RORC,1
CBFB,PSMC2,1
CBFB,ITIH5,1
CBFB,TRMT6,1
CBFB,CD69,1
CBFB,VPS35,1
CBFB,ORC6,1
CBFB,CISH,1
CBFB,MAD2L1,1
CBFB,DPP8,1
CBFB,TGFBR1,1
CBFB,DTL,1
CBFB,NCAPG2,1
CBFB,NUP93,1
CBFB,ANXA5,1
CBFB,GTF2F1,1
CBFB,ATP13A1,1
CBFB,HERPUD1,1
CBFB,ATP1B3,1
CBFB,MAPK1,1
CBFB,WDR4,1
CBFB,RMND5A,1
CBFB,LAP3,1
CBFB,OASL2,1
CBFB,NDUFA10,1
CBFB,NWD1,1
CBFB,RGCC,1
CBFB,SERPINB6A,1
CBFB,SEC24D,1
CBFB,ABCE1,1
CBFB,SAMD9L,1
CBFB,SLC20A1,1
CBFB,RPA2,1
CBFB,SNAP47,1
CBFB,PIK3R1,1
CBFB,NUP85,1
CBFB,4833439L19RIK,1
CBFB,PLA2G15,1
CBFB,CENPK,1
CBFB,RAP1B,1
CBFB,ZFP367,1
CBFB,GOLT1B,1
CBFB,HSPH1,1
CBFB,ME2,1
CBFB,DNAJC9,1
CBFB,MCM6,1
CBFB,SLC35B4,1
CBFB,ARL8B,1
CBFB,ZFP322A,1
CBFB,WDR43,1
CBFB,RNF4,1
CBFB,SLC18A2,1
CBFB,CNIH1,1
CBFB,PCMTD1,1
CBFB,NUP107,1
CBFB,ACAA2,1
CBFB,RCC1,1
CBFB,WDHD1,1
CBFB,TRIM35,1
CBFB,AURKB,1
CBFB,FEM1A,1
CBFB,FDFT1,1
CBFB,LONP1,1
CBFB,F13A1,1
CBFB,CENPF,1
CBFB,TOPORS,1
CBFB,XRCC3,1
CBFB,CCNA2,1
CBFB,PLAG1,1
CBFB,IMMT,1
CBFB,KCTD20,1
CBFB,HNRNPLL,1
CBFB,TARS,1
CBFB,CLEC12A,1
CBFB,KIF20B,1
CBFB,FBXO5,1
CBFB,ETF1,1
CBFB,ATG12,1
CBFB,AP3S1,1
CBFB,RB1,1
CBFB,ODC1,1
CBFB,COPB1,1
CBFB,FTSJ3,1
CBFB,ADO,1
CBFB,SLC25A38,1
CBFB,NCLN,1
CBFB,GOLPH3,1
CBFB,ACLY,1
CBFB,STXBP4,1
CBFB,ARCN1,1
CBFB,UQCRFS1,1
CBFB,INO80D,1
CBFB,PATL1,1
CBFB,MTHFD1,1
CBFB,CENPA,1
CBFB,RANBP3,1
CBFB,VSIR,1
CBFB,PLAA,1
CBFB,CDT1,1
CBFB,DNAJC5,1
CBFB,MFSD10,1
CBFB,ART4,1
CBFB,TEC,1
CBFB,HUS1,1
CBFB,PRSS57,1
CBFB,MCM3,1
CBFB,FCHO2,1
CBFB,SESN1,1
CBFB,COQ8A,1
CBFB,USP14,1
CBFB,DNM1L,1
CBFB,CREBRF,1
CBFB,ZFP451,1
CBFB,NASP,1
CBFB,HNRNPAB,1
CBFB,UHRF1,1
CBFB,SLC19A1,1
CBFB,TTF2,1
CBFB,TCF19,1
CBFB,NEDD1,1
CBFB,RCSD1,1
CBFB,HYOU1,1
CBFB,ELMO2,1
CBFB,PSMG2,1
CBFB,PRELID3B,1
CBFB,GFM1,1
CBFB,SMARCA2,1
CBFB,WSB1,1
CBFB,CCNF,1
CBFB,JPT2,1
CBFB,REL,1
CBFB,PSME4,1
CBFB,SLCO4A1,1
CBFB,OTUD4,1
CBFB,RTEL1,1
CBFB,AGPS,1
CBFB,CKAP2L,1
CBFB,MRPL37,1
CBFB,SNRPB,1
CBFB,USP42,1
CBFB,GPD1L,1
CBFB,PPID,1
CBFB,CYFIP2,1
CBFB,LDHB,1
CBFB,TXNDC11,1
CBFB,MCM5,1
CBFB,PITPNC1,1
CBFB,NCAPG,1
CBFB,MYCN,1
CBFB,LACTB,1
CBFB,PIP4K2A,1
CBFB,LIG1,1
CBFB,TSC22D1,1
CBFB,GMCL1,1
CBFB,CAMK2D,1
CBFB,APLP2,1
CBFB,PA2G4,1
CBFB,B230219D22RIK,1
CBFB,IL21R,1
CBFB,CD44,1
CBFB,SLC30A5,1
CBFB,NAA50,1
CBFB,ZNRF2,1
CBFB,TNFRSF21,1
CBFB,DHFR,1
CBFB,ACOX1,1
CBFB,REXO2,1
CBFB,CD274,1
CBFB,GNG2,1
CBFB,ALDH18A1,1
CBFB,SPC25,1
CBFB,SLC39A6,1
CBFB,ELP2,1
CBFB,NDRG2,1
CBFB,VAV1,1
CBFB,RHOF,1
CBFB,HMGB2,1
CBFB,FAM189B,1
CBFB,ZBTB38,1
CBFB,BCAP29,1
CBFB,STT3B,1
CBFB,STT3A,1
CBFB,NUSAP1,1
CBFB,MKI67,1
CBFB,SDF2L1,1
CBFB,BUB1B,1
CBFB,IL27RA,1
CBFB,EML4,1
CBFB,TTLL12,1
CBFB,DLST,1
CBFB,RRM2,1
CBFB,NADK,1
CBFB,RELB,1
CBFB,GEMIN5,1
CBFB,NRROS,1
CBFB,SPCS3,1
CBFB,INTS8,1
CBFB,UBA7,1
CBFB,ADSL,1
CBFB,CTLA2A,1
CBFB,PRIM2,1
CBFB,POLR2B,1
CBFB,FRRS1,1
CBFB,BUB1,1
CBFB,MTO1,1
CBFB,CBX7,1
CBFB,STAG2,1
CBFB,USP10,1
CBFB,EEF1E1,1
CBFB,RETREG1,1
CBFB,DDX39,1
CBFB,PFKP,1
CBFB,LCP2,1
CBFB,IL6ST,1
CBFB,BTAF1,1
CBFB,TM7SF3,1
CBFB,TFG,1
CBFB,MYO1F,1
CBFB,PLEKHO2,1
CBFB,MLLT3,1
CBFB,CKAP2,1
CBFB,GABBR1,1
CBFB,ORC2,1
CBFB,ZFP53,1
CBFB,ITPR1,1
CBFB,LSP1,1
CBFB,ALDH9A1,1
CBFB,MTCH2,1
CBFB,ANXA2,1
CBFB,CDCA7,1
CBFB,SEC23IP,1
CBFB,NPLOC4,1
CBFB,RGS2,1
CBFB,DDX1,1
CBFB,RFC5,1
CBFB,TBC1D10C,1
CBFB,SLC25A46,1
CBFB,LMAN2L,1
CBFB,ZFP467,1
CBFB,TUBGCP3,1
CBFB,MTOR,1
CBFB,GMIP,1
CBFB,CSE1L,1
CBFB,RGS19,1
CBFB,NUDT19,1
CBFB,SLC16A1,1
CBFB,CDC20,1
CBFB,NEIL3,1
CBFB,ARID2,1
CBFB,CDC7,1
CBFB,SPC24,1
CBFB,PTPN7,1
CBFB,ACOX3,1
CBFB,RORA,1
CBFB,RPAP1,1
CBFB,ASF1B,1
CBFB,PLXDC2,1
CBFB,RPP40,1
CBFB,PPM1F,1
CBFB,WDR55,1
CBFB,RGS1,1
CBFB,PSAT1,1
CBFB,RAB37,1
CBFB,TMEM97,1
CBFB,ATP6AP2,1
CBFB,CD48,1
CBFB,BC005561,1
CBFB,OSTM1,1
CBFB,JARID2,1
CBFB,MYO5A,1
CBFB,UBE2C,1
CBFB,SYNJ1,1
CBFB,LRRC8B,1
CBFB,TRIM59,1
CBFB,TNFAIP2,1
CBFB,ABCG3,1
CBFB,SLC26A2,1
CBFB,INTS13,1
CBFB,GCLC,1
CBFB,TXNIP,1
CBFB,TOP2A,1
CBFB,SOAT1,1
CBFB,GALNS,1
CBFB,ABL1,1
CBFB,PHKB,1
CBFB,CPA3,1
CBFB,RAD51,1
CBFB,TMEM173,1
CBFB,PRC1,1
CBFB,MTR,1
CBFB,RACGAP1,1
CBFB,ARFGEF2,1
CBFB,YBX3,1
CBFB,PRPF4,1
CBFB,PSEN1,1
CBFB,BPIFC,1
CBFB,YBX1,1
CBFB,QARS,1
CBFB,NPTN,1
CBFB,TMEM50B,1
CBFB,PARVG,1
CBFB,SYTL1,1
CBFB,UTP4,1
CBFB,SLCO3A1,1
CBFB,DENND2D,1
CBFB,TMEM206,1
CBFB,SLC44A2,1
CBFB,SPPL2B,1
CBFB,CYBC1,1
CBFB,CFP,1
CBFB,CCDC137,1
CBFB,STRAP,1
CBFB,CTSO,1
CBFB,SNX30,1
CBFB,NUP88,1
CBFB,PCMTD2,1
CBFB,BTG2,1
CBFB,PREP,1
CBFB,CCL4,1
CBFB,PTPRS,1
CBFB,MSMO1,1
CBFB,METTL27,1
CBFB,GIMAP5,1
CBFB,EIF4ENIF1,1
CBFB,TCIRG1,1
CBFB,ATP10A,1
CBFB,GANAB,1
CBFB,RPS6KA5,1
CBFB,TIPIN,1
CBFB,IARS2,1
CBFB,KPNA1,1
CBFB,EDEM1,1
CBFB,G6PDX,1
CBFB,ERLIN1,1
CBFB,TBC1D9B,1
CBFB,E2F4,1
CBFB,ZMIZ1,1
CBFB,UBA2,1
CBFB,TBC1D5,1
CBFB,SERPINB6B,1
CBFB,PFKFB3,1
CBFB,GMNN,1
CBFB,LMO4,1
CBFB,H2-DMA,1
CBFB,SGPP1,1
CBFB,SGMS1,1
CBFB,CERS4,1
CBFB,MAML3,1
CBFB,EPSTI1,1
CBFB,KIF13A,1
CBFB,LTB,1
CBFB,PLXNC1,1
CBFB,ERCC8,1
CBFB,CAD,1
CBFB,CYC1,1
CBFB,PPP1R15A,1
CBFB,PARP8,1
CBFB,NDRG1,1
CBFB,SYK,1
CBFB,RIN3,1
CBFB,SORT1,1
CBFB,RPA1,1
CBFB,CNN3,1
CBFB,MPL,1
CBFB,MCM2,1
CBFB,ATAD1,1
CBFB,NMD3,1
CBFB,DOCK11,1
CBFB,MCOLN2,1
CBFB,CYB5R1,1
CBFB,MYB,1
CBFB,ACOT9,1
CBFB,EMID1,1
CBFB,ST6GALNAC4,1
CBFB,ANKRD44,1
CBFB,CCNB1,1
CBFB,KLF6,1
CBFB,FLOT2,1
CBFB,ATP11C,1
CBFB,GRIA3,1
CBFB,SFXN1,1
CBFB,MPO,1
CBFB,SLA,1
CBFB,METTL7A1,1
CBFB,HSPA1A,1
CBFB,KNSTRN,1
CBFB,GNG12,1
CBFB,MCM10,1
CBFB,CCDC50,1
CBFB,FLT3,1
CBFB,ADSSL1,1
CBFB,TMEM176A,1
CBFB,GFI1B,1
CBFB,EPAS1,1
CBFB,SALL2,1
CBFB,GIMAP6,1
CBFB,TYMS,1
CBFB,CCNB2,1
CBFB,TIMP2,1
CBFB,SLC28A2,1
CBFB,SMPD4,1
CBFB,ISYNA1,1
CBFB,HEXA,1
CBFB,TM6SF1,1
CBFB,STOM,1
CBFB,SOCS2,1
CBFB,GNS,1
CBFB,XPNPEP1,1
CBFB,HLF,1
CBFB,GBP7,1
CBFB,IKZF1,1
CBFB,JUN,1
CBFB,MAPKAPK3,1
CBFB,CLEC4E,1
CBFB,CLN5,1
CBFB,PTTG1IP,1
CBFB,MNS1,1
CBFB,UMPS,1
CBFB,SELENOP,1
CBFB,9530068E07RIK,1
CBFB,MTFR1,1
CBFB,NDE1,1
CBFB,GIMAP8,1
CBFB,GSR,1
CBFB,TRIB3,1
CBFB,BID,1
CBFB,FAM91A1,1
CBFB,TECPR1,1
CBFB,TBC1D2B,1
CBFB,GOLIM4,1
CBFB,S100A6,1
CBFB,NAMPT,1
CBFB,LAPTM4B,1
CBFB,ERGIC1,1
CBFB,USP11,1
CBFB,TNFRSF13C,1
CBFB,PUS7,1
CBFB,GIMAP1,1
CBFB,MFNG,1
CBFB,TRPS1,1
CBFB,UNC93B1,1
CBFB,CDC6,1
CBFB,ZFP945,1
CBFB,MICU1,1
CBFB,IARS,1
CBFB,HDGFL3,1
CBFB,CERS6,1
CBFB,TMX3,1
CBFB,GUSB,1
CBFB,TGTP2,1
CBFB,NFATC2,1
CBFB,AKNA,1
CBFB,SLC29A1,1
CBFB,MR1,1
CBFB,GLIPR2,1
CBFB,HELLS,1
CBFB,SLC37A1,1
CBFB,RPS6KA3,1
CBFB,FOXO1,1
CBFB,PHF10,1
CBFB,PRKCD,1
CBFB,SORL1,1
CBFB,SLFN2,1
CBFB,EGR1,1
CBFB,TAF12,1
CBFB,TMEM154,1
CBFB,MFSD14B,1
CBFB,CHRNB1,1
CBFB,MTMR1,1
CBFB,IDH3A,1
CBFB,FUT7,1
CBFB,EPB41L4B,1
CBFB,INPP5B,1
CBFB,IRF6,1
CBFB,PHF6,1
CBFB,SELL,1
CBFB,UBE2L6,1
CBFB,TRMT11,1
CBFB,NFAM1,1
CBFB,MBNL3,1
CBFB,PLSCR4,1
CBFB,MAP4K2,1
CBFB,HACD4,1
CBFB,TUBA4A,1
CBFB,FLNB,1
CBFB,FAM171A1,1
CBFB,ALAS1,1
CBFB,HMGB3,1
CBFB,GP9,1
CBFB,ITCH,1
CBFB,GCNT2,1
CBFB,IGFBP4,1
CBFB,KIF22,1
CBFB,CD82,1
CBFB,ARHGEF39,1
CBFB,PADI4,1
CBFB,CTTN,1
CBFB,SPIDR,1
CBFB,HID1,1
CBFB,DDX58,1
CBFB,KCNK5,1
CBFB,FUCA2,1
CBFB,FAM111A,1
CBFB,TSPAN2,1
CBFB,TRIM16,1
CBFB,APBB1,1
CBFB,ICAM1,1
CBFB,NUDT4,1
CBFB,ATP6AP1,1
CBFB,ZEB2,1
CBFB,HIF3A,1
CBFB,POLE,1
CBFB,OSBPL1A,1
CBFB,NUAK2,1
CBFB,IGTP,1
CBFB,SLC43A3,1
CBFB,ANGPT1,1
CBFB,ABCG2,1
CBFB,GPR160,1
CBFB,TK1,1
CBFB,CSGALNACT1,1
CBFB,CTSZ,1
CBFB,POLA2,1
CBFB,ARRDC4,1
CBFB,PIM2,1
CBFB,FCGR3,1
CBFB,EMB,1
CBFB,FGGY,1
CBFB,VAV3,1
CBFB,CSAD,1
CBFB,SCARB1,1
CBFB,PCLAF,1
CBFB,GK,1
CBFB,ADORA2A,1
CBFB,PAK1,1
CBFB,IRGM2,1
CBFB,LYN,1
CBFB,PEAR1,1
CBFB,CALCRL,1
CBFB,RUNX1T1,1
CBFB,PLA2G12A,1
CBFB,GBP2,1
CBFB,H1F0,1
CBFB,TCN2,1
CBFB,CDK6,1
CBFB,RASA4,1
CBFB,NKG7,1
CBFB,MYO1G,1
CBFB,ENPP5,1
CBFB,RTP4,1
CBFB,VIPR2,1
CBFB,PRPS2,1
CBFB,TYROBP,1
CBFB,CTLA2B,1
CBFB,RP2,1
CBFB,HAAO,1
CBFB,SIRPA,1
CBFB,IL17RA,1
CBFB,EBF1,1
CBFB,NAPSA,1
CBFB,MYL10,1
CBFB,CAND2,1
CBFB,SMPDL3A,1
CBFB,SSH3,1
CBFB,GGTA1,1
CBFB,MAN2A2,1
CBFB,PIK3IP1,1
CBFB,RNF122,1
CBFB,RAB44,1
CBFB,UBL4A,1
CBFB,PRKCQ,1
CBFB,MYC,1
CBFB,GEM,1
CBFB,APOE,1
CBFB,KIF17,1
CBFB,PRIM1,1
CBFB,XAF1,1
CBFB,IFI203,1
CBFB,FCER1G,1
CBFB,ABCB10,1
CBFB,NPDC1,1
CBFB,TENT5A,1
CBFB,EMILIN1,1
CBFB,SH3BGRL,1
CBFB,TOR3A,1
CBFB,VDR,1
CBFB,TMEM246,1
CBFB,THSD1,1
CBFB,DDX60,1
CBFB,B3GNT5,1
CBFB,ARL11,1
CBFB,CD53,1
CBFB,PTGR1,1
CBFB,NEURL3,1
CBFB,NAP1L3,1
CBFB,LGALS1,1
CBFB,SUSD3,1
CBFB,RARB,1
CBFB,SCARF1,1
CBFB,RASSF4,1
CBFB,TLE2,1
CBFB,CTSG,1
CBFB,TNIP3,1
CBFB,NUPR1,1
CBFB,MCPT8,1
CBFB,ENG,1
CBFB,CNRIP1,1
CBFB,SPI1,1
CBFB,ZFP36,1
CBFB,SH2D5,1
CBFB,PTGS1,1
CBFB,GNG11,1
CBFB,IFI30,1
CBFB,BDH2,1
CBFB,MEIS1,1
CBFB,IL12A,1
CBFB,HDAC11,1
CBFB,PECAM1,1
CBFB,MAGED2,1
CBFB,MC5R,1
CBFB,ZBTB16,1
CBFB,MYCT1,1
CBFB,PLEK,1
CBFB,CD9,1
CBFB,IRF8,1
CBFB,SVIP,1
CBFB,IFI209,1
CBFB,SHISA8,1
CBFB,ANXA1,1
CBFB,PNCK,1
CBFB,FLNA,1
CBFB,CSF2RB,1
CBFB,GRINA,1
CBX7,DOCK10,1
CBX7,OBSCN,1
CBX7,MECOM,1
CBX7,RUNX1T1,1
CBX7,SOX18,1
CBX7,HDGFL3,1
CBX7,SHISA8,1
CBX7,HSPA1A,1
CBX7,CDKN1C,1
CBX7,CREB5,1
CBX7,PRKCH,1
CBX7,MAML3,1
CBX7,PLXNC1,1
CBX7,CSGALNACT1,1
CBX7,SATB1,1
CBX7,EYA2,1
CBX7,FLT3,1
CBX7,SLCO3A1,1
CBX7,NAV1,1
CBX7,EFCC1,1
CBX7,NFIA,1
CBX7,TENT5A,1
CBX7,KCTD12,1
CBX7,ZFP467,1
CBX7,LYN,1
CBX7,VAV3,1
CBX7,PFKFB3,1
CBX7,BCL2,1
CBX7,H2-Q6,1
CBX7,TM6SF1,1
CBX7,PARP8,1
CBX7,ZBTB16,1
CBX7,TMEM229B,1
CBX7,COL4A2,1
CBX7,COL4A1,1
CBX7,ADORA2A,1
CBX7,EPB41L4B,1
CBX7,IGFBP4,1
CBX7,ATP10A,1
CBX7,CAMK2D,1
CBX7,IKZF1,1
CBX7,TRIM47,1
CBX7,RGCC,1
CBX7,TNFRSF21,1
CBX7,SGPP1,1
CBX7,NUAK2,1
CBX7,ZMIZ1,1
CBX7,TRPC6,1
CBX7,MYB,1
CBX7,ZEB2,1
CBX7,DHRS3,1
CBX7,RCSD1,1
CBX7,RORA,1
CBX7,EPAS1,1
CBX7,TSC22D3,1
CBX7,EBF1,1
CBX7,PIP4K2A,1
CBX7,MLLT3,1
CBX7,HLF,1
CBX7,RIN3,1
CBX7,SPNS2,1
CBX7,VIPR2,1
CBX7,JUN,1
CBX7,SLC22A3,1
CBX7,GRIA3,1
CBX7,REL,1
CBX7,OBSL1,1
CBX7,FAM102B,1
CBX7,NFATC2,1
CBX7,HDAC7,1
CBX7,RAB31,1
CBX7,GOLIM4,1
CBX7,SLC18A2,1
CBX7,ST8SIA4,1
CBX7,SIRPA,1
CBX7,SUSD3,1
CBX7,CYP4V3,1
CBX7,CDK6,1
CBX7,NDN,1
CBX7,PEAR1,1
CBX7,GALNT6,1
CBX7,ZHX1,1
CBX7,SMARCA2,1
CBX7,NDRG1,1
CBX7,PTPRE,1
CBX7,TEC,1
CBX7,NR3C2,1
CBX7,IRF8,1
CBX7,ANKRD44,1
CBX7,TGFBR1,1
CBX7,SALL2,1
CBX7,RARB,1
CBX7,GATM,1
CBX7,TIMP2,1
CBX7,VDR,1
CBX7,PLSCR4,1
CBX7,PRDM16,1
CBX7,TSPAN2,1
CBX7,GNG12,1
CBX7,ADSSL1,1
CBX7,PRKCQ,1
CBX7,SLCO4A1,1
CBX7,MFSD1,1
CBX7,RGS2,1
CBX7,CERK,1
CBX7,PKIB,1
CBX7,MCOLN2,1
CBX7,GEM,1
CBX7,LPCAT2,1
CBX7,ACSS1,1
CBX7,CD44,1
CBX7,RAB38,1
CBX7,TNFAIP2,1
CBX7,CDKN1A,1
CBX7,TXNIP,1
CBX7,ANGPT1,1
CBX7,CD82,1
CBX7,GUCY1A1,1
CBX7,MEIS1,1
CBX7,OTULINL,1
CBX7,CDCA7,1
CBX7,PLPPR3,1
CBX7,D1ERTD622E,1
CBX7,ANXA5,1
CBX7,MAPK12,1
CBX7,ARID5A,1
CBX7,SH2D5,1
CBX7,HASPIN,1
CBX7,PRKCD,1
CBX7,ANXA2,1
CBX7,CD34,1
CBX7,FSTL1,1
CBX7,B3GNT5,1
CBX7,CERS6,1
CBX7,F2R,1
CBX7,ZFP422,1
CBX7,SDC4,1
CBX7,AFAP1L1,1
CBX7,UPP1,1
CBX7,PBX1,1
CBX7,TNFRSF13C,1
CBX7,HDAC2,1
CBX7,MYC,1
CBX7,SGMS1,1
CBX7,PTGS1,1
CBX7,PLXDC2,1
CBX7,SMPDL3A,1
CBX7,CLTC,1
CBX7,TLE2,1
CBX7,TMEM37,1
CBX7,MBNL3,1
CBX7,GATA2,1
CBX7,THSD1,1
CBX7,RASSF4,1
CBX7,TES,1
CBX7,FGL2,1
CBX7,KRT18,1
CBX7,HJURP,1
CBX7,PANX1,1
CBX7,GGTA1,1
CBX7,IL17RA,1
CBX7,MLKL,1
CBX7,FLNB,1
CBX7,SLC43A3,1
CBX7,GRK3,1
CBX7,SORL1,1
CBX7,E2F8,1
CBX7,ADA,1
CBX7,NRROS,1
CBX7,HSPA4,1
CBX7,FEM1A,1
CBX7,UNC93B1,1
CBX7,NCEH1,1
CBX7,CD63,1
CBX7,ABCE1,1
CBX7,TMEM246,1
CBX7,DENND2D,1
CBX7,EMID1,1
CBX7,VSIR,1
CBX7,FAM171A1,1
CBX7,RETREG1,1
CBX7,LDHB,1
CBX7,HMGB3,1
CBX7,PLAG1,1
CBX7,ERLIN1,1
CBX7,TRPS1,1
CBX7,JAM3,1
CBX7,EIF2B1,1
CBX7,NCAPG2,1
CBX7,GLIPR2,1
CBX7,9430015G10RIK,1
CBX7,PRPS2,1
CBX7,TBC1D5,1
CBX7,PPM1F,1
CBX7,RRM1,1
CBX7,LRRC59,1
CBX7,APBB1,1
CBX7,SYK,1
CBX7,SPPL2B,1
CBX7,GMFB,1
CBX7,GBP7,1
CBX7,PPP1CB,1
CBX7,WDHD1,1
CBX7,STXBP4,1
CBX7,SARAF,1
CBX7,DOCK11,1
CBX7,MGAT5,1
CBX7,MDN1,1
CBX7,SLC20A1,1
CBX7,XRCC6,1
CBX7,IFRD2,1
CBX7,IRF6,1
CBX7,CHRNB1,1
CBX7,CDK18,1
CBX7,PRC1,1
CBX7,LRRC8B,1
CBX7,GPD1L,1
CBX7,RORC,1
CBX7,NEDD1,1
CBX7,TUBA4A,1
CBX7,EGR1,1
CBX7,RNF122,1
CBX7,NUF2,1
CBX7,DDX60,1
CBX7,CLN5,1
CBX7,ZFP53,1
CBX7,NFAT5,1
CBX7,UBA2,1
CBX7,RASA4,1
CBX7,ALAS1,1
CBX7,GMCL1,1
CBX7,PFKP,1
CBX7,SLC19A1,1
CBX7,PTDSS1,1
CBX7,SERP1,1
CBX7,AKAP8L,1
CBX7,SDF2L1,1
CBX7,PRELID3B,1
CBX7,B230219D22RIK,1
CBX7,YPEL3,1
CBX7,STOM,1
CBX7,GNL3,1
CBX7,EPRS,1
CBX7,WSB1,1
CBX7,H1F0,1
CBX7,DUS1L,1
CBX7,CTSL,1
CBX7,TPM4,1
CBX7,CENPK,1
CBX7,TOPORS,1
CBX7,HID1,1
CBX7,SNAP23,1
CBX7,DNAJC5,1
CBX7,ME2,1
CBX7,HERPUD1,1
CBX7,NDC80,1
CBX7,DLST,1
CBX7,RPA1,1
CBX7,RNF4,1
CBX7,STRAP,1
CBX7,ARL8B,1
CBX7,NDRG2,1
CBX7,ELF1,1
CBX7,ATAD2,1
CBX7,SLC30A5,1
CBX7,RAB37,1
CBX7,PTTG1IP,1
CBX7,CAD,1
CBX7,ARRDC4,1
CBX7,PREP,1
CBX7,POLD1,1
CBX7,IARS,1
CBX7,DPP8,1
CBX7,TXNDC11,1
CBX7,TFRC,1
CBX7,PCMTD2,1
CBX7,NUSAP1,1
CBX7,TMX4,1
CBX7,OSBPL8,1
CBX7,TMEM97,1
CBX7,TIMM50,1
CBX7,RPS6KA5,1
CBX7,ZFP24,1
CBX7,XPC,1
CBX7,TIPIN,1
CBX7,SZT2,1
CBX7,KIF17,1
CBX7,JPT1,1
CBX7,PNCK,1
CBX7,FES,1
CBX7,SIGLECG,1
CBX7,PROCR,1
CBX7,NOLC1,1
CBX7,ZFAND5,1
CBX7,CENPF,1
CBX7,CDCA3,1
CBX7,H2AFX,1
CBX7,AHCYL1,1
CBX7,SEH1L,1
CBX7,PRMT5,1
CBX7,GARS,1
CBX7,ELAC2,1
CBX7,DUSP1,1
CBX7,FDFT1,1
CBX7,DNAJC11,1
CBX7,COQ8A,1
CBX7,CIPC,1
CBX7,PRMT7,1
CBX7,MSMO1,1
CBX7,MARS,1
CBX7,FCHO2,1
CBX7,CSE1L,1
CBX7,WDR43,1
EBF1,PPM1F,1
EBF1,MORC3,1
EBF1,POLD1,1
EBF1,GFI1B,1
EBF1,DHRS3,1
EBF1,SDC4,1
EBF1,IL27RA,1
EBF1,FIGNL1,1
EBF1,CDT1,1
EBF1,EZR,1
EBF1,DHX33,1
EBF1,VSIR,1
EBF1,SHISA5,1
EBF1,F2R,1
EBF1,MAPK1,1
EBF1,CKAP2L,1
EBF1,TRIM16,1
EBF1,ADORA2A,1
EBF1,IL17RA,1
EBF1,IL6ST,1
EBF1,APBB1,1
EBF1,CBX5,1
EBF1,NFE2,1
EBF1,RHOF,1
EBF1,TFR2,1
EBF1,RASSF4,1
EBF1,FAM111A,1
EBF1,PIK3R2,1
EBF1,WDHD1,1
EBF1,PPP1CB,1
EBF1,PKIB,1
EBF1,ZDHHC13,1
EBF1,CD69,1
EBF1,GLIPR2,1
EBF1,NAPSA,1
EBF1,ACLY,1
EBF1,PFKFB3,1
EBF1,SLC30A5,1
EBF1,TK1,1
EBF1,AURKB,1
EBF1,OSBPL1A,1
EBF1,JPT2,1
EBF1,FARSB,1
EBF1,IFITM1,1
EBF1,OASL2,1
EBF1,NAA50,1
EBF1,AKAP8L,1
EBF1,RAB37,1
EBF1,H2-DMA,1
EBF1,CSGALNACT1,1
EBF1,FOXO1,1
EBF1,RUVBL2,1
EBF1,GYS1,1
EBF1,PSME3,1
EBF1,ADK,1
EBF1,SELENOP,1
EBF1,NUPR1,1
EBF1,PATL1,1
EBF1,CD82,1
EBF1,SERPINB6B,1
EBF1,DENND1C,1
EBF1,MIS12,1
EBF1,GEM,1
EBF1,MAP4K2,1
EBF1,GGTA1,1
EBF1,1700017B05RIK,1
EBF1,TSPAN2,1
EBF1,PRMT5,1
EBF1,ZFP36,1
EBF1,PPM1G,1
EBF1,EIF1AD,1
EBF1,HID1,1
EBF1,RRM1,1
EBF1,GIMAP6,1
EBF1,CSGALNACT2,1
EBF1,ACAA2,1
EBF1,ADSL,1
EBF1,LRRC59,1
EBF1,LYN,1
EBF1,SLC35B4,1
EBF1,BID,1
EBF1,GOLPH3,1
EBF1,EAF1,1
EBF1,SUSD3,1
EBF1,PRKCD,1
EBF1,DLST,1
EBF1,ARID5A,1
EBF1,LONP1,1
EBF1,XRCC3,1
EBF1,TSPAN3,1
EBF1,CREBRF,1
EBF1,CYFIP2,1
EBF1,SGO1,1
EBF1,INO80D,1
EBF1,HSPA1A,1
EBF1,FUCA2,1
EBF1,SLC25A46,1
EBF1,MPZL1,1
EBF1,IFI30,1
EBF1,MARS,1
EBF1,CDC7,1
EBF1,FAM171A1,1
EBF1,NFKBIA,1
EBF1,NPTN,1
EBF1,NFAT5,1
EBF1,RCSD1,1
EBF1,SLC37A1,1
EBF1,MXD3,1
EBF1,RETREG1,1
EBF1,TIFAB,1
EBF1,INTS13,1
EBF1,IRF7,1
EBF1,VAV3,1
EBF1,CLPTM1L,1
EBF1,GTF2F1,1
EBF1,MGAT5,1
EBF1,ARL6IP6,1
EBF1,HJURP,1
EBF1,RGS19,1
EBF1,GRK3,1
EBF1,TGTP2,1
EBF1,TGTP1,1
EBF1,ITIH5,1
EBF1,FES,1
EBF1,TRMT11,1
EBF1,CDC20,1
EBF1,EMID1,1
EBF1,UHRF1,1
EBF1,SYNJ1,1
EBF1,BIRC5,1
EBF1,SALL2,1
EBF1,NDRG1,1
EBF1,ATAD1,1
EBF1,ACSS1,1
EBF1,IL21R,1
EBF1,SERPINA3G,1
EBF1,GNG11,1
EBF1,GPR160,1
EBF1,SCARB1,1
EBF1,HAT1,1
EBF1,CLTC,1
EBF1,DHFR,1
EBF1,PSEN1,1
EBF1,NUP107,1
EBF1,APLP2,1
EBF1,MFSD1,1
EBF1,ABHD17B,1
EBF1,CIP2A,1
EBF1,GSR,1
EBF1,SDF2L1,1
EBF1,TRIB3,1
EBF1,CCDC50,1
EBF1,TIMM50,1
EBF1,COL4A2,1
EBF1,COL4A1,1
EBF1,MIS18BP1,1
EBF1,PRKCH,1
EBF1,SLBP,1
EBF1,NRROS,1
EBF1,PANX1,1
EBF1,NEDD1,1
EBF1,TINAGL1,1
EBF1,FDFT1,1
EBF1,ABCB8,1
EBF1,SLC39A6,1
EBF1,NUSAP1,1
EBF1,GNL3,1
EBF1,C1RL,1
EBF1,SPTBN1,1
EBF1,NUF2,1
EBF1,SMPDL3A,1
EBF1,ZEB2,1
EBF1,NDUFV1,1
EBF1,TOR3A,1
EBF1,PIK3R1,1
EBF1,HACD3,1
EBF1,CNN3,1
EBF1,SOCS2,1
EBF1,CYP2J9,1
EBF1,UTP4,1
EBF1,NUP85,1
EBF1,ASF1B,1
EBF1,RARB,1
EBF1,DUSP1,1
EBF1,FCHO2,1
EBF1,TCP11L2,1
EBF1,EMILIN1,1
EBF1,CKS2,1
EBF1,TAB1,1
EBF1,MCM7,1
EBF1,PRTN3,1
EBF1,TCIRG1,1
EBF1,NOL9,1
EBF1,PLA2G15,1
EBF1,COQ8A,1
EBF1,MAN2A2,1
EBF1,ATP13A1,1
EBF1,PRODH,1
EBF1,MAGED2,1
EBF1,UMPS,1
EBF1,SARAF,1
EBF1,MCPT8,1
EBF1,VAV1,1
EBF1,ARRDC4,1
EBF1,SPC24,1
EBF1,NFAM1,1
EBF1,DDX20,1
EBF1,HSPA4,1
EBF1,CSF1R,1
EBF1,HIF3A,1
EBF1,CISH,1
EBF1,PLA2G12A,1
EBF1,RCOR1,1
EBF1,SEH1L,1
EBF1,EIF3B,1
EBF1,RIN3,1
EBF1,GMIP,1
EBF1,TRIM35,1
EBF1,PTGS1,1
EBF1,H2-Q6,1
EBF1,NDC1,1
EBF1,DEK,1
EBF1,PRC1,1
EBF1,MECOM,1
EBF1,GRIA3,1
EBF1,STAG2,1
EBF1,RPAP1,1
EBF1,CD63,1
EBF1,TMEM229B,1
EBF1,DNAJC5,1
EBF1,RAD51AP1,1
EBF1,BC035044,1
EBF1,ZFP422,1
EBF1,CAD,1
EBF1,ZFP467,1
EBF1,ZFP53,1
EBF1,PSMG2,1
EBF1,IKZF1,1
EBF1,SPNS2,1
EBF1,CDK6,1
EBF1,CCL9,1
EBF1,HP,1
EBF1,SYTL1,1
EBF1,TMEM43,1
EBF1,NOLC1,1
EBF1,PHF11B,1
EBF1,SGPP1,1
EBF1,CSAD,1
EBF1,HAAO,1
EBF1,MIEF1,1
EBF1,DOCK10,1
EBF1,RB1,1
EBF1,RORC,1
EBF1,E2F8,1
EBF1,CD74,1
EBF1,TSPAN14,1
EBF1,TACC3,1
EBF1,MYO5A,1
EBF1,DNAJC10,1
ELF1,EIF2S1,1
ELF1,TAF12,1
ELF1,GTF2F1,1
ELF1,NUF2,1
ELF1,TRMT6,1
ELF1,CENPO,1
ELF1,SEC23IP,1
ELF1,GTF2H1,1
ELF1,GARS,1
ELF1,CDCA5,1
ELF1,E2F4,1
ELF1,RNF38,1
ELF1,WDHD1,1
ELF1,TFG,1
ELF1,NUP107,1
ELF1,STT3A,1
ELF1,AURKA,1
ELF1,NECAP2,1
ELF1,DCAF13,1
ELF1,CDCA3,1
ELF1,CYBC1,1
ELF1,HJURP,1
ELF1,NUBP2,1
ELF1,SLC25A46,1
ELF1,TACC3,1
ELF1,PNO1,1
ELF1,MDN1,1
ELF1,MOGS,1
ELF1,SERPINB6A,1
ELF1,EAF1,1
ELF1,ZFP53,1
ELF1,PSMC2,1
ELF1,LONP2,1
ELF1,CREBRF,1
ELF1,PRELID3B,1
ELF1,TXNDC11,1
ELF1,AP1S2,1
ELF1,HSPA4,1
ELF1,FEM1A,1
ELF1,ZDHHC6,1
ELF1,TOP3B,1
ELF1,CHORDC1,1
ELF1,PIK3R2,1
ELF1,GMIP,1
ELF1,INCENP,1
ELF1,OSTM1,1
ELF1,MIEF1,1
ELF1,GOLT1B,1
ELF1,ELAC2,1
ELF1,FOXRED1,1
ELF1,GMCL1,1
ELF1,SYNJ1,1
ELF1,TRIM35,1
ELF1,EIF2B1,1
ELF1,RANGAP1,1
ELF1,MAPKAPK3,1
ELF1,ITSN1,1
ELF1,PHB2,1
ELF1,SLC35E1,1
ELF1,RAD21,1
ELF1,SF3B3,1
ELF1,HSPH1,1
ELF1,SZT2,1
ELF1,ZFP24,1
ELF1,MAD2L1,1
ELF1,ETF1,1
ELF1,MEIS1,1
ELF1,MTMR4,1
ELF1,TMEM184C,1
ELF1,TUBGCP3,1
ELF1,UBR7,1
ELF1,MCM7,1
ELF1,RNF4,1
ELF1,IDH3A,1
ELF1,WDR43,1
ELF1,WDR55,1
ELF1,HAT1,1
ELF1,NCEH1,1
ELF1,ATP13A1,1
ELF1,PRKCH,1
ELF1,MORC3,1
ELF1,G6PDX,1
ELF1,TMEM229B,1
ELF1,NDUFA10,1
ELF1,CLPTM1L,1
ELF1,MARS,1
ELF1,TXNIP,1
ELF1,EEF1E1,1
ELF1,IRF9,1
ELF1,RFC5,1
ELF1,GFM1,1
ELF1,MYO1G,1
ELF1,PIP4K2A,1
ELF1,TOMM40,1
ELF1,MTMR6,1
ELF1,SNRNP200,1
ELF1,CCDC137,1
ELF1,CDC20,1
ELF1,RAD51,1
ELF1,PLAA,1
ELF1,ACOX3,1
ELF1,INTS13,1
ELF1,NDUFV1,1
ELF1,LRRC59,1
ELF1,NEDD1,1
ELF1,SERP1,1
ELF1,OTUD4,1
ELF1,NASP,1
ELF1,PPM1G,1
ELF1,TEX10,1
ELF1,ZNRF2,1
ELF1,NARS,1
ELF1,PANX1,1
ELF1,DPP8,1
ELF1,NUDCD1,1
ELF1,IMMT,1
ELF1,FBXW11,1
ELF1,FTSJ3,1
ELF1,ZDHHC13,1
ELF1,CDC45,1
ELF1,SNRPB,1
ELF1,SLC26A2,1
ELF1,TOPORS,1
ELF1,ACOX1,1
ELF1,HARS,1
ELF1,WDR4,1
ELF1,HYOU1,1
ELF1,CLTC,1
ELF1,COLGALT1,1
ELF1,RRM1,1
ELF1,CIP2A,1
ELF1,NUP155,1
ELF1,UTP4,1
ELF1,PLIN3,1
ELF1,ZFP36,1
ELF1,SAMD9L,1
ELF1,LYN,1
ELF1,CENPK,1
ELF1,CD48,1
ELF1,GLRX5,1
ELF1,FUCA2,1
ELF1,MIS12,1
ELF1,TMEM33,1
ELF1,GMFB,1
ELF1,NSUN2,1
ELF1,KAT7,1
ELF1,PSMD9,1
ELF1,RELB,1
ELF1,SEH1L,1
ELF1,MIS18BP1,1
ELF1,THADA,1
ELF1,NDC80,1
ELF1,NOL9,1
ELF1,1700017B05RIK,1
ELF1,FCER1G,1
ELF1,CENPA,1
ELF1,CCL9,1
ELF1,RPA2,1
ELF1,NOLC1,1
ELF1,ARL8B,1
ELF1,SLC31A1,1
ELF1,CTR9,1
ELF1,TM6SF1,1
ELF1,TTF2,1
ELF1,TMEM154,1
ELF1,TOMM70A,1
ELF1,CD274,1
ELF1,TIMM29,1
ELF1,STRAP,1
ELF1,GLB1,1
ELF1,QARS,1
ELF1,ARMT1,1
ELF1,MCM4,1
ELF1,RTP4,1
ELF1,TCF19,1
ELF1,ABL1,1
ELF1,CD82,1
ELF1,IDH1,1
ELF1,MCM3,1
ELF1,REXO4,1
ELF1,MSH6,1
ELF1,PLD3,1
ELF1,ARHGEF39,1
ELF1,LY9,1
ELF1,TCP11L2,1
ELF1,SLFN2,1
ELF1,MTCH2,1
ELF1,PPAT,1
ELF1,ME2,1
ELF1,FAM102B,1
ELF1,FRRS1,1
ELF1,DDX39,1
ELF1,TRMT11,1
ELF1,ZFP35,1
ELF1,ASF1B,1
ELF1,DDX20,1
ELF1,PPP1R15A,1
ELF1,PHKB,1
ELF1,NCAPG,1
ELF1,ANKRD44,1
ELF1,TLR4,1
ELF1,NCLN,1
ELF1,DOCK10,1
ELF1,DNAJC5,1
ELF1,NOP2,1
ELF1,CKAP2L,1
ELF1,CDC6,1
ELF1,AHCYL1,1
ELF1,TESPA1,1
ELF1,GIMAP6,1
ELF1,OASL2,1
ELF1,RANBP3,1
ELF1,ATAD2,1
ELF1,CKS1B,1
ELF1,TENT5A,1
ELF1,EPAS1,1
ELF1,NFAT5,1
ELF1,PRMT7,1
ELF1,MRPL20,1
ELF1,ALDH18A1,1
ELF1,KNSTRN,1
ELF1,PPM1F,1
ELF1,RIN3,1
ELF1,SIRPA,1
ELF1,ATP8B4,1
ELF1,ABHD17B,1
ELF1,TMEM206,1
ELF1,JUN,1
ELF1,WDR5,1
ELF1,DNAJC11,1
ELF1,SPCS3,1
ELF1,PWP2,1
ELF1,MTHFD1,1
ELF1,STT3B,1
ELF1,RARS,1
ELF1,CUL3,1
ELF1,TPX2,1
ELF1,CLN5,1
ELF1,REL,1
ELF1,BYSL,1
ELF1,PPP1CB,1
ELF1,PSEN1,1
ELF1,HNRNPAB,1
ELF1,ATG12,1
ELF1,AP3S1,1
ELF1,PRODH,1
ELF1,TBC1D5,1
ELF1,SLC25A38,1
ELF1,COPB1,1
ELF1,ATAD1,1
ELF1,GOLPH3,1
ELF1,SHISA5,1
ELF1,MAPK1,1
ELF1,PFKFB3,1
ELF1,ARHGAP15,1
ELF1,IFI209,1
ELF1,MGAT1,1
ELF1,RPRD1B,1
ELF1,GBP7,1
ELF1,PPID,1
ELF1,KIF22,1
ELF1,ICAM1,1
ELF1,EFTUD2,1
ELF1,OTUD6B,1
ELF1,FAM76B,1
ELF1,MFSD10,1
ELF1,MCM6,1
ELF1,SMARCA2,1
ELF1,TBC1D9B,1
ELF1,GIMAP8,1
ELF1,UMPS,1
ELF1,ARL6IP6,1
ELF1,ADSL,1
ELF1,NAA50,1
ELF1,VKORC1L1,1
ELF1,CYP4V3,1
ELF1,NUP93,1
ELF1,NDUFS1,1
ELF1,IKZF1,1
ELF1,NDC1,1
ELF1,EDEM1,1
ELF1,SDF2L1,1
ELF1,E2F8,1
ELF1,RGS19,1
ELF1,BID,1
ELF1,HNRNPLL,1
ELF1,TES,1
ELF1,PFKP,1
ELF1,NFAM1,1
ELF1,DUS1L,1
ELF1,TECPR1,1
ELF1,GALNT6,1
ELF1,ZFP322A,1
ELF1,ZFAND5,1
ELF1,CENPE,1
ELF1,KIF20B,1
ELF1,PRKCD,1
ELF1,ABCE1,1
ELF1,MLKL,1
ELF1,YPEL3,1
ELF1,TOR3A,1
ELF1,PHF5A,1
ELF1,CDK18,1
ELF1,HASPIN,1
ELF1,GPR160,1
ELF1,CBFB,1
ELF1,SGO1,1
ELF1,ACLY,1
ELF1,GPRASP1,1
ELF1,SLC35A4,1
ELF1,PRPS2,1
ELF1,PDIA4,1
ELF1,PSME4,1
ELF1,PIDD1,1
ELF1,ECT2,1
ELF1,PRIM2,1
ELF1,TBC1D10C,1
ELF1,FASTKD2,1
ELF1,FBXO5,1
ELF1,MFSD1,1
ELF1,RGS1,1
ELF1,MCM10,1
ELF1,ISYNA1,1
ELF1,UAP1,1
ELF1,9430015G10RIK,1
ELF1,MR1,1
ELF1,SPIDR,1
ELF1,PTDSS1,1
ELF1,CEP55,1
ELF1,SLC39A6,1
ELF1,PRPF4,1
ELF1,ELP2,1
ELF1,PTPN7,1
ELF1,PSME3,1
ELF1,NCAPD2,1
ELF1,TARS,1
ELF1,SRSF1,1
ELF1,XRCC6,1
ELF1,GALNS,1
ELF1,CENPF,1
ELF1,SELENBP1,1
ELF1,STAT2,1
ELF1,SSH3,1
ELF1,OSBPL8,1
ELF1,XPC,1
ELF1,UBA2,1
ELF1,RPAP1,1
ELF1,AKNA,1
ELF1,CSF2RB,1
ELF1,SLC28A2,1
ELF1,MKI67,1
ELF1,GPR65,1
ELF1,NUSAP1,1
ELF1,DDX21,1
ELF1,RTEL1,1
ELF1,TMEM173,1
ELF1,FES,1
ELF1,PSMD6,1
ELF1,YBX1,1
ELF1,SLC30A5,1
ELF1,RPS6KA3,1
ELF1,CNRIP1,1
ELF1,DHFR,1
ELF1,EIF1AD,1
ELF1,PREP,1
ELF1,CCNB2,1
ELF1,MCM2,1
ELF1,FAM91A1,1
ELF1,ZFP945,1
ELF1,HCFC1,1
ELF1,SPI1,1
ELF1,IFRD2,1
ELF1,SERPINB9,1
ELF1,ANXA3,1
ELF1,ARL11,1
ELF1,API5,1
ELF1,ABCB8,1
ELF1,HACD3,1
ELF1,DDX1,1
ELF1,GUSB,1
ELF1,ARCN1,1
ELF1,STIP1,1
ELF1,SLC35B4,1
ELF1,PATL1,1
ELF1,SNX30,1
ELF1,CDT1,1
ELF1,LAX1,1
ELF1,SH3BGRL,1
ELF1,RAD51AP1,1
ELF1,JPT1,1
ELF1,TAB1,1
ELF1,UHRF1,1
ELF1,NADK,1
ELF1,KCTD12,1
ELF1,DNAJC10,1
ELF1,SUPV3L1,1
ELF1,NPTN,1
ELF1,GIMAP1,1
ELF1,ITPR1,1
ELF1,SPTBN1,1
ELF1,ATP1B3,1
ELF1,FGL2,1
ELF1,KIF13A,1
ELF1,FDFT1,1
ELF1,PARP8,1
ELF1,EIF3B,1
ELF1,H2-DMA,1
ELF1,EBI3,1
ELF1,TMX4,1
ELF1,VAV3,1
ELF1,TYROBP,1
ELF1,ALDH9A1,1
ELF1,IARS,1
ELF1,GMNN,1
ELF1,SLC44A2,1
ELF1,STAG2,1
ELF1,MTOR,1
ELF1,4833439L19RIK,1
ELF1,DNM1L,1
ELF1,CREB5,1
ELF1,CCL4,1
ELF1,IFI30,1
ELF1,MS4A6C,1
ELF1,SLBP,1
ELF1,B230219D22RIK,1
ELF1,USP42,1
ELF1,LSP1,1
ELF1,CTLA2B,1
ELF1,AURKB,1
ELF1,CALCRL,1
ELF1,RCOR1,1
ELF1,CBX7,1
ELF1,SEC24D,1
ELF1,GANAB,1
ELF1,ZBTB38,1
ELF1,NRROS,1
ELF1,RUVBL2,1
ELF1,GYS1,1
ELF1,TEC,1
ELF1,ATF7,1
ELF1,LAP3,1
ELF1,CDCA8,1
ELF1,BIRC5,1
ELF1,DHX33,1
ELF1,VPS35,1
ELF1,ORC6,1
ELF1,ADO,1
ELF1,TYMS,1
ELF1,RPP40,1
ELF1,OSGIN1,1
ELF1,SPC25,1
ELF1,SMC2,1
ELF1,GNS,1
ELF1,ABCB10,1
ELF1,GOLIM4,1
ELF1,POLD1,1
ELF1,NCAPH,1
ELF1,MOB3C,1
ELF1,ARID2,1
ELF1,UNC93B1,1
ELF1,GPD1L,1
ELF1,SYK,1
ELF1,FUT7,1
ELF1,RAP1B,1
ELF1,USP11,1
ELF1,GSR,1
ELF1,SARAF,1
ELF1,PHF11B,1
ELF1,CERS6,1
ELF1,CDCA4,1
ELF1,NEURL3,1
ELF1,FAR1,1
ELF1,PA2G4,1
ELF1,RCC1,1
ELF1,PSTPIP1,1
ELF1,HSPA1A,1
ELF1,ACSS1,1
ELF1,CDK1,1
ELF1,GNG2,1
ELF1,DOK2,1
ELF1,TGTP2,1
ELF1,FARSB,1
ELF1,UBA7,1
ELF1,POLE3,1
ELF1,CTC1,1
ELF1,TRPS1,1
ELF1,NDE1,1
ELF1,DLST,1
ELF1,CDKN1A,1
ELF1,ITGAL,1
ELF1,CASP1,1
ELF1,BATF2,1
ELF1,EYA2,1
ELF1,HK3,1
ELF1,CD69,1
ELF1,TMEM50B,1
ELF1,REXO2,1
ELF1,ELOVL5,1
ELF1,DENND1C,1
ELF1,ZFP451,1
ELF1,TIMM50,1
ELF1,PIK3R1,1
ELF1,NDRG2,1
ELF1,FIGNL1,1
ELF1,CSTF2,1
ELF1,NFATC2,1
ELF1,TCIRG1,1
ELF1,FASTKD3,1
ELF1,TRIM47,1
ELF1,ORC2,1
ELF1,CYB5R1,1
ELF1,SPPL2B,1
ELF1,MAP4K2,1
ELF1,UQCRFS1,1
ELF1,PTPRE,1
ELF1,CD244A,1
ELF1,TUBGCP2,1
ELF1,TBL3,1
ELF1,KLF6,1
ELF1,MCM5,1
ELF1,MPI,1
ELF1,NWD1,1
ELF1,JARID2,1
ELF1,CCDC50,1
ELF1,IARS2,1
ELF1,THEMIS2,1
ELF1,LIG1,1
ELF1,CS,1
ELF1,TMEM43,1
ELF1,TRIM30D,1
ELF1,ZFP367,1
ELF1,RACGAP1,1
ELF1,POLR2B,1
ELF1,PDE4B,1
ELF1,JPT2,1
ELF1,FGFR1OP,1
ELF1,EGR1,1
ELF1,BCAP29,1
ELF1,IL17RA,1
ELF1,SLCO4A1,1
ELF1,PLEKHO2,1
ELF1,GCLC,1
ELF1,MGAT5,1
ELF1,CD300A,1
ELF1,RFC4,1
ELF1,LCP2,1
ELF1,CD68,1
ELF1,GM1966,1
ELF1,H1F0,1
ELF1,CYFIP2,1
ELF1,CBX5,1
ELF1,CAPG,1
ELF1,HACD4,1
ELF1,TSC22D1,1
ELF1,RPTOR,1
ELF1,DUT,1
ELF1,LTB,1
ELF1,DOCK11,1
ELF1,GNL3,1
ELF1,DENND2D,1
ELF1,SLA2,1
ELF1,SLCO3A1,1
ELF1,MICU1,1
ELF1,H2-AA,1
ELF1,TMX3,1
ELF1,ELMO2,1
ELF1,MFSD14B,1
ELF1,RRM2,1
ELF1,NAMPT,1
ELF1,SLC37A1,1
ELF1,SRM,1
ELF1,ANXA5,1
ELF1,MTREX,1
ELF1,BUB1B,1
ELF1,TSPAN14,1
ELF1,CISH,1
ELF1,HDGF,1
ELF1,NUDT19,1
ELF1,UBL4A,1
ELF1,STXBP4,1
ELF1,PEAR1,1
ELF1,CTPS,1
ELF1,PGLYRP2,1
ELF1,PITPNC1,1
ELF1,ADK,1
ELF1,SPNS3,1
ELF1,IGSF6,1
ELF1,ENG,1
ELF1,MNS1,1
ELF1,IRGM2,1
ELF1,CST7,1
ELF1,XPNPEP1,1
ELF1,POLR1B,1
ELF1,BUB1,1
ELF1,ISG20,1
ELF1,HEXA,1
ELF1,FAM189B,1
ELF1,CSE1L,1
ELF1,EPRS,1
ELF1,PARVG,1
ELF1,RPA1,1
ELF1,RAB37,1
ELF1,PIM2,1
ELF1,PSAT1,1
ELF1,CD53,1
ELF1,NCAPG2,1
ELF1,DTL,1
ELF1,CFP,1
ELF1,ATRN,1
ELF1,CSGALNACT2,1
ELF1,CCNF,1
ELF1,CIPC,1
ELF1,ANXA1,1
ELF1,DDX58,1
ELF1,XAF1,1
ELF1,NUP88,1
ELF1,UBASH3A,1
ELF1,SLC20A1,1
ELF1,POLA2,1
FOXO1,TXNIP,1
FOXO1,PCMTD2,1
FOXO1,STAG2,1
FOXO1,YPEL3,1
FOXO1,CCNE2,1
FOXO1,NADK,1
FOXO1,LTB,1
FOXO1,COQ8A,1
FOXO1,RMND5A,1
FOXO1,RNF38,1
FOXO1,NUF2,1
FOXO1,RORA,1
FOXO1,TCP11L2,1
FOXO1,MAML3,1
FOXO1,NFAT5,1
FOXO1,FCHO2,1
FOXO1,HJURP,1
FOXO1,GMCL1,1
FOXO1,CREBRF,1
FOXO1,POLA2,1
FOXO1,ANKRD44,1
FOXO1,INTS13,1
FOXO1,ACSS1,1
FOXO1,CENPA,1
FOXO1,RAD21,1
FOXO1,ALAS1,1
FOXO1,CENPK,1
FOXO1,SPPL2B,1
FOXO1,KPNA1,1
FOXO1,NAA50,1
FOXO1,DHFR,1
FOXO1,ST8SIA4,1
FOXO1,PPP1R15A,1
FOXO1,FASTKD3,1
FOXO1,ECT2,1
FOXO1,TEX10,1
FOXO1,VKORC1L1,1
FOXO1,MCM7,1
FOXO1,PLAA,1
FOXO1,ATP1B3,1
FOXO1,FGFR1OP,1
FOXO1,ARL6IP6,1
FOXO1,RPS6KA5,1
FOXO1,SESN1,1
FOXO1,NSUN2,1
FOXO1,SELENOP,1
FOXO1,SGO1,1
FOXO1,ZHX1,1
FOXO1,OTUD4,1
FOXO1,ADO,1
FOXO1,ARMT1,1
FOXO1,H2AFX,1
FOXO1,NDRG2,1
FOXO1,ATF7,1
FOXO1,ACSS2,1
FOXO1,SNAP23,1
FOXO1,NDC80,1
FOXO1,CBFB,1
FOXO1,SRSF1,1
FOXO1,REXO2,1
FOXO1,TMEM206,1
FOXO1,LONP2,1
FOXO1,CDCA3,1
FOXO1,RGS1,1
FOXO1,9430015G10RIK,1
FOXO1,DNAJC11,1
FOXO1,MSH6,1
FOXO1,NFKBIA,1
FOXO1,CHORDC1,1
FOXO1,IL21R,1
FOXO1,RGS2,1
FOXO1,GRIA3,1
FOXO1,RCC1,1
FOXO1,MTCH2,1
FOXO1,TMEM43,1
FOXO1,DHX33,1
FOXO1,DEK,1
FOXO1,NDC1,1
FOXO1,NDRG1,1
FOXO1,B230219D22RIK,1
FOXO1,TXNDC11,1
FOXO1,AURKA,1
FOXO1,LIG1,1
FOXO1,MORC3,1
FOXO1,NCAPG2,1
FOXO1,ITCH,1
FOXO1,CTPS,1
FOXO1,PCMTD1,1
FOXO1,XRCC6,1
FOXO1,GARS,1
FOXO1,PIK3IP1,1
FOXO1,ABCB8,1
FOXO1,USP10,1
FOXO1,ADK,1
FOXO1,WDHD1,1
FOXO1,EIF2B1,1
FOXO1,FBXW11,1
FOXO1,NCLN,1
FOXO1,USP37,1
FOXO1,HDAC7,1
FOXO1,PPAT,1
FOXO1,TIMM29,1
FOXO1,NUDCD1,1
FOXO1,PDE4B,1
FOXO1,SEH1L,1
FOXO1,MCM4,1
FOXO1,ABCE1,1
FOXO1,SERP1,1
FOXO1,CALCRL,1
FOXO1,MAPK1,1
FOXO1,POLR1B,1
FOXO1,INPP5B,1
FOXO1,TMEM229B,1
FOXO1,JARID2,1
FOXO1,SLC35B4,1
FOXO1,RANGAP1,1
FOXO1,GMNN,1
FOXO1,EIF2S1,1
FOXO1,CDC45,1
FOXO1,HDGF,1
FOXO1,TNPO1,1
FOXO1,NDUFV1,1
FOXO1,RPA1,1
FOXO1,MTHFD1,1
FOXO1,HSPH1,1
FOXO1,PLAG1,1
FOXO1,FIGNL1,1
FOXO1,FEM1A,1
FOXO1,PATL1,1
FOXO1,PA2G4,1
FOXO1,TMX3,1
FOXO1,PTTG1IP,1
FOXO1,GMFB,1
FOXO1,RAD51,1
FOXO1,DNM1L,1
FOXO1,PLSCR4,1
FOXO1,IFRD2,1
FOXO1,FBXO5,1
FOXO1,GPD1L,1
FOXO1,ITSN1,1
FOXO1,SERPINB9,1
FOXO1,MFSD1,1
FOXO1,ANXA5,1
FOXO1,MYCT1,1
FOXO1,MGAT1,1
FOXO1,ODC1,1
FOXO1,SATB1,1
FOXO1,KIF13A,1
FOXO1,HDAC2,1
FOXO1,TACC3,1
FOXO1,METAP1,1
FOXO1,ATRN,1
FOXO1,GIMAP8,1
FOXO1,COLGALT1,1
FOXO1,TRIM35,1
FOXO1,NAMPT,1
FOXO1,MIS18BP1,1
FOXO1,CDC20,1
FOXO1,WDR43,1
FOXO1,TMEM33,1
FOXO1,KPNA3,1
FOXO1,BUB1B,1
FOXO1,DNAJC5,1
FOXO1,CLTC,1
FOXO1,PRIM1,1
FOXO1,SPC25,1
FOXO1,LRRC8B,1
FOXO1,TFG,1
FOXO1,KCTD12,1
FOXO1,GOLPH3,1
FOXO1,NUP107,1
FOXO1,KLF6,1
FOXO1,IKZF1,1
FOXO1,RGCC,1
FOXO1,CDCA5,1
FOXO1,HASPIN,1
FOXO1,CSE1L,1
FOXO1,RAD51AP1,1
FOXO1,MTMR6,1
FOXO1,IPO9,1
FOXO1,CNRIP1,1
FOXO1,SLBP,1
FOXO1,SETD2,1
FOXO1,RHOF,1
FOXO1,PRMT5,1
FOXO1,RPP40,1
FOXO1,ATP8B4,1
FOXO1,LRRC59,1
FOXO1,CCNF,1
FOXO1,NFATC2,1
FOXO1,CTC1,1
FOXO1,SUPV3L1,1
FOXO1,RCOR1,1
FOXO1,OASL2,1
FOXO1,MRPL20,1
FOXO1,FAM76B,1
FOXO1,EPRS,1
FOXO1,SPCS3,1
FOXO1,RPTOR,1
FOXO1,ZFP451,1
FOXO1,REXO4,1
FOXO1,INCENP,1
FOXO1,MYC,1
FOXO1,CDKN1C,1
GATA2,IRF9,1
GATA2,XRCC6,1
GATA2,WSB1,1
GATA2,NFE2,1
GATA2,ITSN1,1
GATA2,MTO1,1
GATA2,TNPO1,1
GATA2,PADI4,1
GATA2,MFSD1,1
GATA2,PIK3R2,1
GATA2,CSF2RB,1
GATA2,CLTC,1
GATA2,TSPOAP1,1
GATA2,TXNIP,1
GATA2,PSAT1,1
GATA2,RASSF4,1
GATA2,RPTOR,1
GATA2,TOR3A,1
GATA2,STXBP4,1
GATA2,ART4,1
GATA2,TMEM229B,1
GATA2,EFTUD2,1
GATA2,BTG2,1
GATA2,HEXA,1
GATA2,SLC2A3,1
GATA2,TESPA1,1
GATA2,TMX4,1
GATA2,POR,1
GATA2,GCLC,1
GATA2,TECPR1,1
GATA2,HDAC7,1
GATA2,SPI1,1
GATA2,RAB37,1
GATA2,HYOU1,1
GATA2,CENPO,1
GATA2,ZDHHC6,1
GATA2,CD274,1
GATA2,SGMS1,1
GATA2,SRSF1,1
GATA2,SGO1,1
GATA2,DNAJC11,1
GATA2,HMBS,1
GATA2,PNO1,1
GATA2,ASF1B,1
GATA2,CD63,1
GATA2,IFRD2,1
GATA2,CST7,1
GATA2,RAB44,1
GATA2,NUP85,1
GATA2,DNAJC10,1
GATA2,GMFB,1
GATA2,RRM1,1
GATA2,TRPS1,1
GATA2,ISYNA1,1
GATA2,NEURL3,1
GATA2,LONP2,1
GATA2,PSMD9,1
GATA2,ALDH9A1,1
GATA2,PTPN7,1
GATA2,NUF2,1
GATA2,SLBP,1
GATA2,SLC18A2,1
GATA2,CISH,1
GATA2,AURKA,1
GATA2,PCMTD1,1
GATA2,D1ERTD622E,1
GATA2,PLA2G15,1
GATA2,NRROS,1
GATA2,ST8SIA4,1
GATA2,TFR2,1
GATA2,DPP8,1
GATA2,KAT7,1
GATA2,CYP4V3,1
GATA2,PRMT5,1
GATA2,CEP55,1
GATA2,CS,1
GATA2,FCER1G,1
GATA2,BTK,1
GATA2,DNM1L,1
GATA2,SPNS2,1
GATA2,IGFBP4,1
GATA2,YPEL3,1
GATA2,JUN,1
GATA2,FRRS1,1
GATA2,MARS,1
GATA2,SLA2,1
GATA2,NUPR1,1
GATA2,MAPKAPK3,1
GATA2,AHCYL1,1
GATA2,NARS,1
GATA2,NMD3,1
GATA2,MICU1,1
GATA2,RANGAP1,1
GATA2,ELMO2,1
GATA2,DCAF13,1
GATA2,SPNS3,1
GATA2,PHF5A,1
GATA2,RUNX1T1,1
GATA2,GLRX5,1
GATA2,MKI67,1
GATA2,FAM189B,1
GATA2,CTLA2A,1
GATA2,MCM7,1
GATA2,HERPUD1,1
GATA2,OTUD6B,1
GATA2,INCENP,1
GATA2,NAPSA,1
GATA2,ELF1,1
GATA2,SEC23IP,1
GATA2,UBE2L6,1
GATA2,MLLT3,1
GATA2,GNG12,1
GATA2,IDH1,1
GATA2,USP10,1
GATA2,GFI1B,1
GATA2,ATP10A,1
GATA2,ANGPT1,1
GATA2,SLC35A4,1
GATA2,ARMT1,1
GATA2,CBX5,1
GATA2,WDR43,1
GATA2,RCOR1,1
GATA2,EIF4ENIF1,1
GATA2,TMX3,1
GATA2,TARS,1
GATA2,PLIN3,1
GATA2,MTMR6,1
GATA2,CDKN1A,1
GATA2,FBXO5,1
GATA2,COPB1,1
GATA2,PPP1R15A,1
GATA2,H1F0,1
GATA2,TOP3B,1
GATA2,TIMM50,1
GATA2,RACGAP1,1
GATA2,FCGR3,1
GATA2,PTPRE,1
GATA2,TSPAN14,1
GATA2,HACD4,1
GATA2,HJURP,1
GATA2,API5,1
GATA2,ARL6IP6,1
GATA2,TNFAIP2,1
GATA2,NFATC2,1
GATA2,VKORC1L1,1
GATA2,RHOF,1
GATA2,POLE3,1
GATA2,STOM,1
GATA2,RGS18,1
GATA2,ELOVL5,1
GATA2,GTF2H1,1
GATA2,EEF1E1,1
GATA2,ADSSL1,1
GATA2,CALCRL,1
GATA2,GTF2F1,1
GATA2,RPA2,1
GATA2,IPO9,1
GATA2,EZR,1
GATA2,RCC1,1
GATA2,MGAT1,1
GATA2,MAD2L1,1
GATA2,IMMT,1
GATA2,EBF1,1
GATA2,CERS4,1
GATA2,STT3A,1
GATA2,H2AFX,1
GATA2,FBXW11,1
GATA2,CHORDC1,1
GATA2,H2-DMA,1
GATA2,TMEM184C,1
GATA2,MAML3,1
GATA2,TCP11L2,1
GATA2,HACD3,1
GATA2,ZEB2,1
GATA2,PRMT7,1
GATA2,XPC,1
GATA2,FASTKD3,1
GATA2,TES,1
GATA2,DUS1L,1
GATA2,LAX1,1
GATA2,ATRN,1
GATA2,PLA2G12A,1
GATA2,FUCA2,1
GATA2,TNFRSF21,1
GATA2,MCM6,1
GATA2,WDR5,1
GATA2,LAPTM4B,1
GATA2,MTREX,1
GATA2,SLFN2,1
GATA2,TOP2A,1
GATA2,TUBGCP2,1
GATA2,CDCA5,1
GATA2,ACSS1,1
GATA2,GEM,1
GATA2,MORC3,1
GATA2,FARSB,1
GATA2,EPRS,1
GATA2,CAMK2D,1
GATA2,GNS,1
GATA2,RIN3,1
GATA2,RAD51,1
GATA2,MTFR1,1
GATA2,LONP1,1
GATA2,RBPMS,1
GATA2,SOAT1,1
GATA2,GEMIN5,1
GATA2,SPTBN1,1
GATA2,NFAT5,1
GATA2,MRPL20,1
GATA2,EYA2,1
GATA2,OSTM1,1
GATA2,ATP11C,1
GATA2,NDUFS1,1
GATA2,GBP3,1
GATA2,CREBRF,1
GATA2,TEX10,1
GATA2,SHMT1,1
GATA2,PSME3,1
GATA2,PHB2,1
GATA2,C1RL,1
GATA2,PBK,1
GATA2,MIS18BP1,1
GATA2,DTL,1
GATA2,MYO1G,1
GATA2,SLC25A46,1
GATA2,EIF3B,1
GATA2,SLC16A1,1
GATA2,HSPA4,1
GATA2,SLC29A1,1
GATA2,STAT2,1
GATA2,NUP88,1
GATA2,SCARB1,1
GATA2,SLC20A1,1
GATA2,TRMT11,1
GATA2,B230219D22RIK,1
GATA2,UNC93B1,1
GATA2,UBE2C,1
GATA2,MED16,1
GATA2,STX3,1
GATA2,SUPV3L1,1
GATA2,CDT1,1
GATA2,FASTKD2,1
GATA2,EML4,1
GATA2,NPTN,1
GATA2,ZFP53,1
GATA2,SLC26A2,1
GATA2,HNRNPLL,1
GATA2,SLC25A38,1
GATA2,DUSP1,1
GATA2,CD244A,1
GATA2,ABHD17B,1
GATA2,GUSB,1
GATA2,RPA1,1
GATA2,PTDSS1,1
GATA2,ABL1,1
GATA2,CENPK,1
GATA2,FIGNL1,1
GATA2,NOLC1,1
GATA2,CCNA2,1
GATA2,IL27RA,1
GATA2,CIPC,1
GATA2,TSC22D3,1
GATA2,HSPA1A,1
GATA2,RFC4,1
GATA2,DDX20,1
GATA2,CIP2A,1
GATA2,TIPIN,1
GATA2,TBC1D5,1
GATA2,ABCB8,1
GATA2,NKG7,1
GATA2,PLEKHO2,1
GATA2,GMCL1,1
GATA2,FGGY,1
GATA2,DUT,1
GATA2,ADK,1
GATA2,PRELID3B,1
GATA2,USP37,1
GATA2,POLE,1
GATA2,CDC45,1
GATA2,FEM1B,1
GATA2,ARL8B,1
GATA2,CCDC137,1
GATA2,NCAPD2,1
GATA2,CNN3,1
GATA2,TXNDC11,1
GATA2,TIMM29,1
GATA2,DOCK11,1
GATA2,ARID5A,1
GATA2,TRIM35,1
GATA2,HUS1,1
GATA2,CKS2,1
GATA2,WDR4,1
GATA2,CENPA,1
GATA2,LRRC8B,1
GATA2,HNRNPAB,1
GATA2,TCN2,1
GATA2,GOLIM4,1
GATA2,LRRC59,1
GATA2,CTSF,1
GATA2,EIF2B1,1
GATA2,OSBPL8,1
GATA2,CLPTM1L,1
GATA2,NOP2,1
GATA2,AKAP8L,1
GATA2,CERS6,1
GATA2,CBFB,1
GATA2,POLR1B,1
GATA2,TSC22D1,1
GATA2,RMND5A,1
GATA2,S100A6,1
GATA2,SLC7A4,1
GATA2,BTAF1,1
GATA2,OSBPL1A,1
GATA2,UBA7,1
GATA2,NCEH1,1
GATA2,JPT1,1
GATA2,IL6ST,1
GATA2,PPP1CB,1
GATA2,CD44,1
GATA2,PPAT,1
GATA2,MIS12,1
GATA2,SMARCA2,1
GATA2,CFP,1
GATA2,MTCH2,1
GATA2,DHX33,1
GATA2,FOXRED1,1
GATA2,ABCE1,1
GATA2,NASP,1
GATA2,TYROBP,1
GATA2,QARS,1
GATA2,NADK,1
GATA2,EIF2S1,1
GATA2,IL21R,1
GATA2,SNRNP200,1
GATA2,SHISA5,1
GATA2,METTL27,1
GATA2,BID,1
GATA2,PIK3R1,1
GATA2,ATF7,1
GATA2,MSH6,1
GATA2,PLD3,1
GATA2,MCM4,1
GATA2,ERLIN1,1
GATA2,ITPR1,1
GATA2,ACOX1,1
GATA2,TMEM97,1
GATA2,ATAD2,1
GATA2,NOL9,1
GATA2,ATP6AP1,1
GATA2,MOB3C,1
GATA2,SNAP23,1
GATA2,SLC30A5,1
GATA2,COQ8A,1
GATA2,REL,1
GATA2,UPP1,1
GATA2,FEM1A,1
GATA2,E2F4,1
GATA2,MAPK1,1
GATA2,DEF8,1
GATA2,SHCBP1,1
GATA2,ADO,1
GATA2,THADA,1
GATA2,PLSCR4,1
GATA2,EFCC1,1
GATA2,NEDD1,1
GATA2,PLAG1,1
GATA2,TUBA4A,1
GATA2,PECAM1,1
GATA2,GCNT2,1
GATA2,CDK1,1
GATA2,POLR2B,1
GATA2,IRGM2,1
GATA2,THEMIS2,1
GATA2,FTSJ3,1
GATA2,STT3B,1
GATA2,TRMT6,1
GATA2,ME2,1
GATA2,INTS13,1
GATA2,GSR,1
GATA2,MDN1,1
GATA2,KLF6,1
GATA2,ARFGEF2,1
GATA2,RABGGTB,1
GATA2,9430015G10RIK,1
GATA2,LAP3,1
GATA2,CDCA7,1
GATA2,CD9,1
GATA2,NECAP2,1
GATA2,LY9,1
GATA2,NDUFA10,1
GATA2,PTPRS,1
GATA2,ELAC2,1
GATA2,TRIB3,1
GATA2,SEH1L,1
GATA2,PSMG2,1
GATA2,MYCT1,1
GATA2,IL12A,1
GATA2,REXO4,1
GATA2,DLST,1
GATA2,HIF3A,1
GATA2,4833439L19RIK,1
GATA2,ISG20,1
GATA2,XAF1,1
GATA2,STRAP,1
GATA2,NUDT4,1
GATA2,TOMM70A,1
GATA2,EAF1,1
GATA2,AURKB,1
GATA2,ICAM1,1
GATA2,CREB5,1
GATA2,GGTA1,1
GATA2,ARRDC4,1
GATA2,ALAS1,1
GATA2,DDX21,1
GATA2,RTEL1,1
GATA2,NAMPT,1
GATA2,SMC2,1
GATA2,CPA3,1
GATA2,CLN5,1
GATA2,NDE1,1
GATA2,UAP1,1
GATA2,ZBTB38,1
GATA2,KCTD12,1
GATA2,ANXA5,1
GATA2,MTMR4,1
GATA2,MC5R,1
GATA2,ABCG3,1
GATA2,ACAA2,1
GATA2,TOPORS,1
GATA2,TM7SF3,1
GATA2,CD34,1
GATA2,GFM1,1
GATA2,EMILIN1,1
GATA2,MECOM,1
GATA2,LACTB,1
GATA2,NUS1,1
GATA2,MPZL1,1
GATA2,CLEC4E,1
GATA2,CENPE,1
GATA2,TAF12,1
GATA2,PFKFB3,1
GATA2,PATL1,1
GATA2,ZFP367,1
GATA2,POLD1,1
GATA2,NSUN2,1
GATA2,TM6SF1,1
GATA2,NUP155,1
GATA2,TRIM16,1
GATA2,SORL1,1
GATA2,TBL3,1
GATA2,BYSL,1
GATA2,CCDC50,1
GATA2,IARS2,1
GATA2,APLP2,1
GATA2,ZFP322A,1
GATA2,GNL3,1
GATA2,TMEM206,1
GATA2,NUSAP1,1
GATA2,HLF,1
GATA2,NAA50,1
GATA2,PCMTD2,1
GATA2,NCAPG2,1
GATA2,ACLY,1
GATA2,RELB,1
GATA2,NAPRT,1
GATA2,HASPIN,1
GATA2,WDHD1,1
GATA2,BIRC5,1
GATA2,HARS,1
GATA2,ODC1,1
GATA2,CD48,1
GATA2,SARAF,1
GATA2,ATP13A1,1
GATA2,FAM91A1,1
GATA2,NDC80,1
GATA2,PLAA,1
GATA2,XPNPEP1,1
GATA2,GARS,1
GATA2,CUL3,1
GATA2,ADGRG3,1
GATA2,SLC39A6,1
GATA2,ELP2,1
GATA2,MR1,1
GATA2,IARS,1
GATA2,ZFP945,1
GATA2,RNF4,1
GATA2,KIF17,1
GATA2,DHRS3,1
GATA2,COLGALT1,1
GATA2,PSMD6,1
GATA2,CKAP2,1
GATA2,RPS6KA5,1
GATA2,ZFP24,1
GATA2,SIRPA,1
GATA2,CNRIP1,1
GATA2,AP1S2,1
GATA2,IDH3A,1
GATA2,ATG12,1
GATA2,AP3S1,1
GATA2,SLC35B4,1
GATA2,IGTP,1
GATA2,PTCD3,1
GATA2,CTPS,1
GATA2,SGPP1,1
GATA2,OTUD4,1
GATA2,NUDCD1,1
GATA2,DDX39,1
GATA2,SH2D5,1
GATA2,GBP7,1
GATA2,ATP1B3,1
GATA2,SLC31A1,1
GATA2,ZNRF2,1
GATA2,MTR,1
GATA2,ALDOC,1
GATA2,SELENOP,1
GATA2,VPS35,1
GATA2,ORC6,1
GATA2,MNS1,1
GATA2,RPAP1,1
GATA2,RORA,1
GATA2,ALDH18A1,1
GATA2,KIF11,1
GATA2,UBR7,1
GATA2,MFSD14B,1
GATA2,MCM10,1
GATA2,NUBP2,1
GATA2,AKNA,1
GATA2,MCM2,1
GATA2,INPP5B,1
GATA2,NUP107,1
GATA2,NAP1L3,1
GATA2,HDAC2,1
GATA2,SLC44A2,1
GATA2,JPT2,1
GATA2,PLXDC2,1
GATA2,HSPH1,1
GATA2,CTC1,1
GATA2,SPPL2B,1
GATA2,SERPINB9,1
GATA2,PPM1G,1
GATA2,SESN1,1
GATA2,BDH2,1
GATA2,FGL2,1
GATA2,BACE1,1
GATA2,PSEN1,1
GATA2,SPC25,1
GATA2,FLNB,1
GATA2,SFXN1,1
GATA2,NUDT19,1
GATA2,TFRC,1
GATA2,ORC2,1
GATA2,MTOR,1
GATA2,FDFT1,1
GATA2,PPID,1
GATA2,TOMM40,1
GATA2,FAM171A1,1
GATA2,METAP1,1
GATA2,RFC5,1
GATA2,RAB31,1
GATA2,TACC3,1
GATA2,CAD,1
GATA2,RAD51AP1,1
GATA2,HDC,1
GATA2,SOCS2,1
GATA2,CKAP5,1
GATA2,CYBC1,1
GATA2,CTSZ,1
GATA2,USP14,1
GATA2,RAD21,1
GATA2,NCLN,1
GATA2,OSGIN1,1
GATA2,BCAP29,1
GATA2,ETF1,1
GATA2,F2R,1
GATA2,SERP1,1
GATA2,SERPINB6A,1
GATA2,DCK,1
GATA2,PIP4K2A,1
GATA2,SORT1,1
GATA2,CCL4,1
GATA2,MCM5,1
GATA2,MEIS1,1
GATA2,ANKRD44,1
GATA2,ARHGEF39,1
GATA2,LYN,1
GATA2,USP42,1
GATA2,DNAJC5,1
GATA2,TLR4,1
GATA2,DDX1,1
GATA2,CD93,1
GATA2,CSGALNACT2,1
GATA2,NUP93,1
GATA2,G6PDX,1
GATA2,EIF1AD,1
GATA2,MYB,1
GATA2,GM4951,1
GATA2,RAP1B,1
GATA2,ABL2,1
GATA2,GPD1L,1
GATA2,CNIH1,1
GATA2,TYMS,1
GATA2,SLC35E1,1
GATA2,TFG,1
GATA2,PHKB,1
GATA2,HDGF,1
GATA2,ZFAND5,1
GATA2,TUBGCP3,1
GATA2,EMB,1
GATA2,PRSS57,1
GATA2,KIF22,1
GATA2,CSE1L,1
GATA2,ACOT9,1
GATA2,PRKCQ,1
GATA2,RETREG1,1
GATA2,MGAT5,1
GATA2,SYNJ1,1
GATA2,GNG2,1
GATA2,RNF122,1
GATA2,PSME4,1
GATA2,ZFP451,1
GATA2,JAM3,1
GATA2,UBA2,1
GATA2,UQCRFS1,1
GATA2,FGFR1OP,1
GATA2,SF3B3,1
GATA2,GMNN,1
GATA2,NFAM1,1
GATA2,SALL2,1
GATA2,MCM3,1
GATA2,FAR1,1
GATA2,RNF38,1
GATA2,PREP,1
GATA2,PA2G4,1
GATA2,RGCC,1
GATA2,LCP2,1
GATA2,FAM136A,1
GATA2,NCAPG,1
GATA2,BC005561,1
GATA2,PHF10,1
GATA2,NPLOC4,1
GATA2,TMEM154,1
GATA2,NDUFV1,1
GATA2,GOLT1B,1
GATA2,IRF6,1
GATA2,SZT2,1
GATA2,CDC7,1
GATA2,PSMC2,1
GATA2,KCTD20,1
GATA2,PSMD1,1
GATA2,PRPF4,1
GATA2,CCNB2,1
GATA2,BUB1,1
GATA2,TENT5A,1
GATA2,PRODH,1
GATA2,CDC20,1
GATA2,ZBTB16,1
GATA2,GALNS,1
GATA2,KNSTRN,1
GATA2,APBB1,1
GATA2,MIEF1,1
GATA2,MTHFD1,1
GATA2,MYO1F,1
GATA2,RPN1,1
GATA2,FCGRT,1
GATA2,NR3C2,1
GATA2,FAM102B,1
GATA2,SNRPB,1
GATA2,PANX1,1
GATA2,CSTF2,1
GATA2,MPI,1
GATA2,KIF20B,1
GATA2,E2F8,1
GATA2,UTP4,1
GATA2,NFIA,1
GATA2,CYP2J9,1
GATA2,HCFC1,1
GATA2,EGR1,1
GATA2,FSTL1,1
GATA2,MEMO1,1
GATA2,NDRG1,1
GATA2,LIG1,1
GATA2,HDGFL3,1
GATA2,TGTP2,1
GATA2,TGTP1,1
GATA2,PRKCD,1
GATA2,PRIM1,1
GATA2,9530068E07RIK,1
GATA2,ZFP35,1
GATA2,TEC,1
GATA2,LDHB,1
GATA2,CDC6,1
GATA2,CD52,1
GATA2,INTS8,1
GATA2,RAB38,1
GATA2,MAN2A2,1
GATA2,DHFR,1
GATA2,CTTN,1
GATA2,HDAC11,1
GATA2,PRPS2,1
GATA2,ENPP5,1
GATA2,SATB1,1
GATA2,BUB1B,1
GATA2,NDRG2,1
GATA2,SPCS3,1
GATA2,TBC1D10C,1
GATA2,SDF2L1,1
GATA2,KIF13A,1
GATA2,SH3BGRL,1
GATA2,SMPDL3A,1
GATA2,SERPINA3G,1
GATA2,ECT2,1
GATA2,SYK,1
GATA2,ANXA2,1
GATA2,RGS2,1
GATA2,MYC,1
GATA2,CD82,1
GATA2,ZDHHC13,1
GATA2,STIP1,1
GATA2,JARID2,1
GATA2,PSTPIP1,1
GATA2,SNAP47,1
GATA2,LY6A,1
GATA2,ZFP36,1
GATA2,PITPNC1,1
GATA2,DOCK10,1
GATA2,ATAD1,1
GATA2,IKZF1,1
GATA2,PRIM2,1
GATA2,TPX2,1
GATA2,SEC24D,1
GATA2,PBX1,1
GATA2,CYB5R1,1
GATA2,LGALS1,1
GATA2,TBC1D9B,1
GATA2,TAB1,1
GATA2,SETD2,1
GATA2,IIGP1,1
GATA2,DENND2D,1
GATA2,ZBTB20,1
GATA2,NFKBIA,1
GATA2,YBX1,1
GATA2,SERPINB1A,1
GATA2,PTTG1IP,1
GATA2,ARHGEF18,1
GATA2,SLCO4A1,1
GATA2,ACSS2,1
GATA2,GPRASP1,1
GATA2,RGS19,1
GATA2,ARCN1,1
GATA2,IFI30,1
GATA2,CASP12,1
GATA2,VAV3,1
GATA2,METTL7A1,1
GATA2,PIK3IP1,1
GATA2,MAP4K2,1
GATA2,PDIA4,1
GATA2,ZMIZ1,1
GATA2,CDCA3,1
GATA2,RPP40,1
GATA2,RUVBL2,1
GATA2,GYS1,1
GATA2,GLB1,1
GATA2,CDKN1C,1
GATA2,TIMP2,1
GATA2,SPC24,1
GATA2,MTUS1,1
GATA2,FCHO2,1
GATA2,WDR55,1
GATA2,PWP2,1
GATA2,USP11,1
GATA2,KPNA3,1
GATA2,MMRN1,1
GATA2,IFI27L2A,1
GATA2,TMEM33,1
GATA2,CTSL,1
GATA2,ANXA1,1
GATA2,CTR9,1
GATA2,MOGS,1
GATA2,LSP1,1
GATA2,LMAN2L,1
GATA2,HMGB2,1
GATA2,CSAD,1
GATA2,SELENBP1,1
GATA2,TRIM30D,1
GATA2,PRKCH,1
GATA2,CDCA8,1
GATA2,ABCG2,1
GATA2,TMEM50B,1
GATA2,MFSD10,1
GATA2,SNX30,1
GATA2,RPRD1B,1
GATA2,FLNA,1
GATA2,CKAP2L,1
GATA2,FOXO1,1
GATA2,PPM1F,1
GATA2,IRF7,1
GATA2,GMIP,1
GATA2,ERCC8,1
GATA2,ABCB10,1
GATA2,PYGM,1
GATA2,ZFP422,1
GATA2,CTLA2B,1
GATA2,GANAB,1
GATA2,PDE4D,1
GATA2,EMCN,1
GATA2,TCIRG1,1
GATA2,RANBP3,1
GATA2,OASL2,1
GATA2,PDE4B,1
GATA2,COL4A2,1
GATA2,COL4A1,1
GATA2,APOE,1
GATA2,RARB,1
GATA2,GBP2,1
GATA2,NDC1,1
GATA2,HELLS,1
GATA2,CYC1,1
GATA2,ZFP467,1
GATA2,TMEM43,1
GATA2,PFKP,1
GATA2,INO80D,1
GATA2,EPAS1,1
GATA2,VSIR,1
GATA2,ADSL,1
GATA2,KCNK5,1
GATA2,ACOX3,1
GATA2,RASA4,1
GATA2,CCNF,1
GATA2,SRM,1
GATA2,SAMD9L,1
GFI1B,MPZL1,1
GFI1B,ITSN1,1
GFI1B,ASF1B,1
GFI1B,HMGB2,1
GFI1B,D1ERTD622E,1
GFI1B,PCLAF,1
GFI1B,TNPO1,1
GFI1B,TCF19,1
GFI1B,SMARCA2,1
GFI1B,ABHD17B,1
GFI1B,CHORDC1,1
GFI1B,GMIP,1
GFI1B,ARID5A,1
GFI1B,SPI1,1
GFI1B,SEC23IP,1
GFI1B,REL,1
GFI1B,HK3,1
GFI1B,PDIA4,1
GFI1B,NFAT5,1
GFI1B,EGR1,1
GFI1B,HNRNPAB,1
GFI1B,TCP11L2,1
GFI1B,YPEL3,1
GFI1B,FIGNL1,1
GFI1B,USP42,1
GFI1B,TMEM97,1
GFI1B,MYCT1,1
GFI1B,TECPR1,1
GFI1B,CEP55,1
GFI1B,BIRC5,1
GFI1B,MTMR6,1
GFI1B,NUF2,1
GFI1B,ELOVL5,1
GFI1B,DNAJC10,1
GFI1B,PATL1,1
GFI1B,GTF2H1,1
GFI1B,JUN,1
GFI1B,CLEC12A,1
GFI1B,COPB1,1
GFI1B,DOCK10,1
GFI1B,ATP10A,1
GFI1B,MBNL3,1
GFI1B,CLEC4E,1
GFI1B,MRPL20,1
GFI1B,GMFB,1
GFI1B,NFE2,1
GFI1B,HJURP,1
GFI1B,MEIS1,1
GFI1B,TMEM43,1
GFI1B,RGS19,1
GFI1B,CFP,1
GFI1B,CSGALNACT1,1
GFI1B,PROCR,1
GFI1B,CLTC,1
GFI1B,NASP,1
GFI1B,NEURL3,1
GFI1B,CCDC50,1
GFI1B,SUPV3L1,1
GFI1B,TRIM16,1
GFI1B,IDH1,1
GFI1B,TIMM29,1
GFI1B,TMEM173,1
GFI1B,TOP3B,1
GFI1B,SNRNP200,1
GFI1B,UQCRFS1,1
GFI1B,PARP8,1
GFI1B,LRRC59,1
GFI1B,CD274,1
GFI1B,MYO5A,1
GFI1B,SRSF1,1
GFI1B,ZFP53,1
GFI1B,PLAA,1
GFI1B,CALCRL,1
GFI1B,EIF2S1,1
GFI1B,POLR1B,1
GFI1B,CSF2RB,1
GFI1B,CLPTM1L,1
GFI1B,MSH6,1
GFI1B,POR,1
GFI1B,WDR5,1
GFI1B,MAP4K2,1
GFI1B,ADO,1
GFI1B,TXNDC11,1
GFI1B,LIG1,1
GFI1B,CDCA3,1
GFI1B,DHRS3,1
GFI1B,CKS1B,1
GFI1B,LRRC8B,1
GFI1B,RTP4,1
GFI1B,FEM1B,1
GFI1B,NOLC1,1
GFI1B,ALDH18A1,1
GFI1B,MAMDC2,1
GFI1B,VAV3,1
GFI1B,PTPRS,1
GFI1B,USP37,1
GFI1B,RFC4,1
GFI1B,PLPPR3,1
GFI1B,PIK3R2,1
GFI1B,NUS1,1
GFI1B,MYB,1
GFI1B,SZT2,1
GFI1B,MCM4,1
GFI1B,DPP8,1
GFI1B,CD244A,1
GFI1B,ARFGEF2,1
GFI1B,9430015G10RIK,1
GFI1B,TYMS,1
GFI1B,ATAD2,1
GFI1B,PIM2,1
GFI1B,RRM1,1
GFI1B,PBK,1
GFI1B,ZNRF2,1
GFI1B,RACGAP1,1
GFI1B,ADK,1
GFI1B,POLE3,1
GFI1B,MC5R,1
GFI1B,CDK6,1
GFI1B,TSPAN14,1
GFI1B,HDGF,1
GFI1B,NCEH1,1
GFI1B,RGS2,1
GFI1B,CDC7,1
GFI1B,CNRIP1,1
GFI1B,TBC1D2B,1
GFI1B,GCNT2,1
GFI1B,DEF8,1
GFI1B,HSPH1,1
GFI1B,FOXO1,1
GFI1B,SGO1,1
GFI1B,FLOT2,1
GFI1B,SMPD4,1
GFI1B,MTHFD1,1
GFI1B,UBE2C,1
GFI1B,DNAJC11,1
GFI1B,MCM7,1
GFI1B,MIS18BP1,1
GFI1B,ZDHHC6,1
GFI1B,TESPA1,1
GFI1B,TOMM70A,1
GFI1B,FRRS1,1
GFI1B,ACSS2,1
GFI1B,NUDCD1,1
GFI1B,GLB1,1
GFI1B,RBPMS,1
GFI1B,EEF1E1,1
GFI1B,SERPINB1A,1
GFI1B,FUT7,1
GFI1B,CD44,1
GFI1B,NDC80,1
GFI1B,IKZF1,1
GFI1B,DUT,1
GFI1B,RTEL1,1
GFI1B,SERPINB6A,1
GFI1B,METTL7A1,1
GFI1B,CTC1,1
GFI1B,PPID,1
GFI1B,MYCN,1
GFI1B,CD82,1
GFI1B,RARS,1
GFI1B,TEX10,1
GFI1B,OTUD6B,1
GFI1B,HACD3,1
GFI1B,TACC3,1
GFI1B,GMNN,1
GFI1B,USP14,1
GFI1B,NCAPG,1
GFI1B,DNM1L,1
GFI1B,OSBPL8,1
GFI1B,RUVBL2,1
GFI1B,GYS1,1
GFI1B,RPRD1B,1
GFI1B,CSTF2,1
GFI1B,EIF2B1,1
GFI1B,PSME4,1
GFI1B,DDX20,1
GFI1B,ECT2,1
GFI1B,BUB1,1
GFI1B,WDR43,1
GFI1B,FASTKD3,1
GFI1B,SLC18A2,1
GFI1B,ICAM1,1
GFI1B,TRMT11,1
GFI1B,CDT1,1
GFI1B,RNF4,1
GFI1B,ACOX3,1
GFI1B,MTCH2,1
GFI1B,IRF8,1
GFI1B,RANGAP1,1
GFI1B,PHF5A,1
GFI1B,OTUD4,1
GFI1B,NDUFA10,1
GFI1B,MGAT1,1
GFI1B,CTSL,1
GFI1B,AKAP8L,1
GFI1B,SERP1,1
GFI1B,RMND5A,1
GFI1B,WDR4,1
GFI1B,TNFRSF21,1
GFI1B,ATP1B3,1
GFI1B,CDCA5,1
GFI1B,SCARB1,1
GFI1B,RPTOR,1
GFI1B,SLC44A2,1
GFI1B,HUS1,1
GFI1B,CIP2A,1
GFI1B,API5,1
GFI1B,ITPR1,1
GFI1B,CENPK,1
GFI1B,DTL,1
GFI1B,NPLOC4,1
GFI1B,ITGAL,1
GFI1B,ADSSL1,1
GFI1B,CKAP2,1
GFI1B,MAD2L1,1
GFI1B,CD68,1
GFI1B,PECAM1,1
GFI1B,DUS1L,1
GFI1B,SLCO4A1,1
GFI1B,PCMTD1,1
GFI1B,DLST,1
GFI1B,TYROBP,1
GFI1B,FCGRT,1
GFI1B,FCGR2B,1
GFI1B,NUP155,1
GFI1B,IRF9,1
GFI1B,MDN1,1
GFI1B,HSPA1A,1
GFI1B,CDC45,1
GFI1B,ATF7,1
GFI1B,IMMT,1
GFI1B,CDCA4,1
GFI1B,SATB1,1
GFI1B,TMEM50B,1
GFI1B,PLIN3,1
GFI1B,DHX33,1
GFI1B,TPX2,1
GFI1B,SFXN1,1
GFI1B,PLAG1,1
GFI1B,INO80D,1
GFI1B,HELLS,1
GFI1B,ACOT9,1
GFI1B,PPP1R15A,1
GFI1B,SLC2A3,1
GFI1B,NDC1,1
GFI1B,TBC1D5,1
GFI1B,MCM10,1
GFI1B,CTSZ,1
GFI1B,BYSL,1
GFI1B,ZFP367,1
GFI1B,CENPE,1
GFI1B,ITCH,1
GFI1B,SF3B3,1
GFI1B,AHCYL1,1
GFI1B,TFRC,1
GFI1B,SETD2,1
GFI1B,MICU1,1
GFI1B,FUCA2,1
GFI1B,IFI203,1
GFI1B,EFTUD2,1
GFI1B,TARS,1
GFI1B,ARCN1,1
GFI1B,RAD21,1
GFI1B,MTFR1,1
GFI1B,ATP6AP1,1
GFI1B,ARL6IP6,1
GFI1B,NUP85,1
GFI1B,KIF11,1
GFI1B,FBXW11,1
GFI1B,CDC6,1
GFI1B,CCNB2,1
GFI1B,TMEM229B,1
GFI1B,ERLIN1,1
GFI1B,RAD51,1
GFI1B,RAB38,1
GFI1B,LACTB,1
GFI1B,HDAC7,1
GFI1B,SLC35B4,1
GFI1B,CYB5R1,1
GFI1B,SEH1L,1
GFI1B,MAML3,1
GFI1B,FAM76B,1
GFI1B,MTOR,1
GFI1B,EIF3B,1
GFI1B,NOP2,1
GFI1B,GOLIM4,1
GFI1B,UBE2L6,1
GFI1B,SYK,1
GFI1B,REXO2,1
GFI1B,ODC1,1
GFI1B,TCIRG1,1
GFI1B,DCAF13,1
GFI1B,MIEF1,1
GFI1B,DDX1,1
GFI1B,SLBP,1
GFI1B,GBP3,1
GFI1B,DHFR,1
GFI1B,PTGR1,1
GFI1B,HEXA,1
GFI1B,FAM136A,1
GFI1B,TXNIP,1
GFI1B,RPP40,1
GFI1B,BCAP29,1
GFI1B,AURKA,1
GFI1B,TOR3A,1
GFI1B,PRMT5,1
GFI1B,FAM189B,1
GFI1B,TAF12,1
GFI1B,NAMPT,1
GFI1B,KCTD12,1
GFI1B,OSTM1,1
GFI1B,DNAJC5,1
GFI1B,OSBPL1A,1
GFI1B,HARS,1
GFI1B,FES,1
GFI1B,ART4,1
GFI1B,TMEM246,1
GFI1B,RGS18,1
GFI1B,NARS,1
GFI1B,FARSB,1
GFI1B,TK1,1
GFI1B,NDUFS1,1
GFI1B,FEM1A,1
GFI1B,RFC5,1
GFI1B,MTREX,1
GFI1B,HASPIN,1
GFI1B,ATRN,1
GFI1B,PLA2G12A,1
GFI1B,IPO9,1
GFI1B,IARS,1
GFI1B,VAV1,1
GFI1B,SLC16A1,1
GFI1B,RABGGTB,1
GFI1B,MIS12,1
GFI1B,IL27RA,1
GFI1B,HDAC2,1
GFI1B,EPRS,1
GFI1B,EAF1,1
GFI1B,MFSD10,1
GFI1B,CCNE2,1
GFI1B,TMEM184C,1
GFI1B,RGCC,1
GFI1B,PTPRE,1
GFI1B,PPP1CB,1
GFI1B,NAPRT,1
GFI1B,PRELID3B,1
GFI1B,LONP1,1
GFI1B,WSB1,1
GFI1B,TEC,1
GFI1B,SYNJ1,1
GFI1B,NUPR1,1
GFI1B,GFM1,1
GFI1B,TIFAB,1
GFI1B,PSME3,1
GFI1B,TMX4,1
GFI1B,CCNA2,1
GFI1B,TES,1
GFI1B,LAP3,1
GFI1B,TUBGCP3,1
GFI1B,FGL2,1
GFI1B,FAM102B,1
GFI1B,WDHD1,1
GFI1B,UPP1,1
GFI1B,GM1966,1
GFI1B,CD69,1
GFI1B,CD48,1
GFI1B,TMEM33,1
GFI1B,SLC25A38,1
GFI1B,SELENBP1,1
GFI1B,PHF10,1
GFI1B,MR1,1
GFI1B,H2AFX,1
GFI1B,GNL3,1
GFI1B,ABCE1,1
GFI1B,PSMD9,1
GFI1B,MFSD14B,1
GFI1B,FAR1,1
GFI1B,CUL3,1
GFI1B,CS,1
GFI1B,SHMT1,1
GFI1B,CTLA2A,1
GFI1B,NCAPG2,1
GFI1B,INTS13,1
GFI1B,GTF2F1,1
GFI1B,CTR9,1
GFI1B,CREB5,1
GFI1B,NECAP2,1
GFI1B,KIF20B,1
GFI1B,CYBC1,1
GFI1B,TOMM40,1
GFI1B,RAD51AP1,1
GFI1B,LONP2,1
GFI1B,HYOU1,1
GFI1B,NDUFV1,1
GFI1B,CKS2,1
GFI1B,CCL9,1
GFI1B,ZFP35,1
GFI1B,ZFP322A,1
GFI1B,BTAF1,1
GFI1B,TMX3,1
GFI1B,SLC25A46,1
GFI1B,SESN1,1
GFI1B,IFRD2,1
GFI1B,NSUN2,1
GFI1B,AGPS,1
GFI1B,PPAT,1
GFI1B,HAT1,1
GFI1B,ZMIZ1,1
GFI1B,ABCB8,1
GFI1B,PFKFB3,1
GFI1B,DCK,1
GFI1B,SEC24D,1
GFI1B,ME2,1
GFI1B,INTS8,1
GFI1B,XRCC6,1
GFI1B,SDF2L1,1
GFI1B,CD53,1
GFI1B,ACLY,1
GFI1B,SLC20A1,1
GFI1B,ATAD1,1
GFI1B,MTR,1
GFI1B,ETF1,1
GFI1B,EDEM1,1
GFI1B,CSE1L,1
GFI1B,CKAP2L,1
GFI1B,SPC24,1
GFI1B,PSMG2,1
GFI1B,PPM1G,1
GFI1B,PPM1F,1
GFI1B,TFG,1
GFI1B,PREP,1
GFI1B,METAP1,1
GFI1B,KIF22,1
GFI1B,ALDH9A1,1
GFI1B,PRKCQ,1
GFI1B,KAT7,1
GFI1B,ABCB10,1
GFI1B,RNF38,1
HCFC1,PRIM1,1
HCFC1,POLR1B,1
HCFC1,TMEM206,1
HCFC1,SPC25,1
HCFC1,ATP11C,1
HCFC1,AHCYL1,1
HCFC1,KPNA3,1
HCFC1,RPP40,1
HCFC1,4833439L19RIK,1
HCFC1,MTR,1
HCFC1,SLC35B4,1
HCFC1,NDUFV1,1
HCFC1,CDCA5,1
HCFC1,KNSTRN,1
HCFC1,NDUFA10,1
HCFC1,ITPR1,1
HCFC1,REXO2,1
HCFC1,ZFP451,1
HCFC1,TMEM33,1
HCFC1,SNRNP200,1
HCFC1,DHX33,1
HCFC1,INPP5B,1
HCFC1,CDCA8,1
HCFC1,MRPL20,1
HCFC1,DUS1L,1
HCFC1,EIF2B1,1
HCFC1,PA2G4,1
HCFC1,TIMM29,1
HCFC1,MPI,1
HCFC1,RPA2,1
HCFC1,NARS,1
HCFC1,IFRD2,1
HCFC1,ABL1,1
HCFC1,LIG1,1
HCFC1,CENPO,1
HCFC1,DNM1L,1
HCFC1,ABCE1,1
HCFC1,ITCH,1
HCFC1,TMEM43,1
HCFC1,RANGAP1,1
HCFC1,9430015G10RIK,1
HCFC1,NUF2,1
HCFC1,OTUD4,1
HCFC1,MCM3,1
HCFC1,NUDCD1,1
HCFC1,NDC1,1
HCFC1,PSMD6,1
HCFC1,SESN1,1
HCFC1,RRM1,1
HCFC1,SLC35E1,1
HCFC1,ZFP24,1
HCFC1,PHB2,1
HCFC1,ARID5A,1
HCFC1,JARID2,1
HCFC1,BUB1B,1
HCFC1,DDX1,1
HCFC1,RAD51,1
HCFC1,DNAJC11,1
HCFC1,UBAC1,1
HCFC1,ITSN1,1
HCFC1,AURKA,1
HCFC1,ADO,1
HCFC1,RPTOR,1
HCFC1,MARS,1
HCFC1,CLPTM1L,1
HCFC1,DDX20,1
HCFC1,WDR4,1
HCFC1,PRPF4,1
HCFC1,FBXW11,1
HCFC1,ACLY,1
HCFC1,LONP1,1
HCFC1,CDC6,1
HCFC1,MDN1,1
HCFC1,TOP3B,1
HCFC1,RPRD1B,1
HCFC1,SEC23IP,1
HCFC1,HARS,1
HCFC1,NCLN,1
HCFC1,TPX2,1
HCFC1,NPLOC4,1
HCFC1,TBL3,1
HCFC1,ABCB8,1
HCFC1,RACGAP1,1
HCFC1,PLAA,1
HCFC1,CDC45,1
HCFC1,LRRC59,1
HCFC1,GFM1,1
HCFC1,NECAP2,1
HCFC1,HUS1,1
HCFC1,NUP155,1
HCFC1,ACOX3,1
HCFC1,ZFP35,1
HCFC1,NOLC1,1
HCFC1,EPRS,1
HCFC1,FEM1A,1
HCFC1,MIEF1,1
HCFC1,ARMT1,1
HCFC1,API5,1
HCFC1,BYSL,1
HCFC1,IMMT,1
HCFC1,NSUN2,1
HCFC1,RFC4,1
HCFC1,EFTUD2,1
HCFC1,CHORDC1,1
HCFC1,SLC19A1,1
HCFC1,NDUFS1,1
HCFC1,SMPD4,1
HCFC1,RTEL1,1
HCFC1,FTSJ3,1
HCFC1,HASPIN,1
HCFC1,WDR5,1
HCFC1,HSPH1,1
HCFC1,MIS18BP1,1
HCFC1,TIMM50,1
HCFC1,RUVBL2,1
HCFC1,GYS1,1
HCFC1,GTF2F1,1
HCFC1,CDCA3,1
HCFC1,SHCBP1,1
HCFC1,MTREX,1
HCFC1,PLD3,1
HCFC1,NUP107,1
HCFC1,UQCRFS1,1
HCFC1,PSMD9,1
HCFC1,MTMR6,1
HCFC1,STRAP,1
HCFC1,XPC,1
HCFC1,TRMT6,1
HCFC1,SUPV3L1,1
HCFC1,NOL9,1
HCFC1,ELAC2,1
HCFC1,DPP8,1
HCFC1,TACC3,1
HCFC1,PWP2,1
HCFC1,SZT2,1
HCFC1,KAT7,1
HCFC1,FEM1B,1
HCFC1,TUBGCP2,1
HCFC1,GMFB,1
HCFC1,CENPE,1
HCFC1,CCNA2,1
HCFC1,FARSB,1
HCFC1,SLC39A6,1
HCFC1,MFSD1,1
HCFC1,ELP2,1
HCFC1,GARS,1
HCFC1,ARL8B,1
HCFC1,MFSD14B,1
HCFC1,E2F4,1
HCFC1,FOXRED1,1
HCFC1,CENPK,1
HCFC1,SNAP47,1
HCFC1,KIF11,1
HCFC1,NUP88,1
HCFC1,GTF2H1,1
HCFC1,WDR43,1
HCFC1,REXO4,1
HCFC1,ATP13A1,1
HCFC1,EIF1AD,1
HCFC1,RARS,1
HCFC1,EAF1,1
HCFC1,DCAF13,1
HCFC1,ZHX1,1
HCFC1,9530068E07RIK,1
HCFC1,NUP93,1
HCFC1,PIK3R2,1
HCFC1,ABHD17B,1
HCFC1,ERCC8,1
HCFC1,CIPC,1
HCFC1,OTUD6B,1
HCFC1,MTOR,1
HCFC1,PHF5A,1
HCFC1,TAB1,1
HCFC1,PSMD1,1
HCFC1,UBA2,1
HCFC1,POLE3,1
HCFC1,DLST,1
HCFC1,IARS,1
HCFC1,TBC1D2B,1
HCFC1,CYC1,1
HCFC1,STXBP4,1
HCFC1,TUBGCP3,1
HCFC1,PPID,1
HCFC1,COPB1,1
HCFC1,NUBP2,1
HCFC1,MRPL37,1
HCFC1,PRMT7,1
HCFC1,NUS1,1
HCFC1,UBR7,1
HCFC1,SPPL2B,1
HCFC1,RAD21,1
HCFC1,PSMC2,1
HCFC1,SMC2,1
HCFC1,CCDC137,1
HCFC1,PNO1,1
HCFC1,TOMM70A,1
HCFC1,HDGF,1
HCFC1,CTR9,1
HCFC1,SERP1,1
HCFC1,ZDHHC6,1
HCFC1,NDC80,1
HCFC1,GPRASP1,1
HCFC1,SLC35A4,1
HCFC1,GOLT1B,1
HCFC1,SLC31A1,1
HCFC1,GUSB,1
HCFC1,EIF2S1,1
HCFC1,GPD1L,1
HCFC1,HSPA4,1
HCFC1,IDH1,1
HCFC1,BIRC5,1
HCFC1,MORC3,1
HCFC1,PRMT5,1
HCFC1,PSME3,1
HCFC1,SF3B3,1
HCFC1,ORC2,1
HCFC1,MTMR4,1
HCFC1,DDX21,1
HCFC1,G6PDX,1
HCFC1,NOP2,1
HCFC1,KIF20B,1
HCFC1,IPO9,1
HCFC1,SLC25A46,1
HCFC1,CKAP5,1
HCFC1,STT3A,1
HCFC1,HNRNPAB,1
HCFC1,NUP85,1
HCFC1,B230219D22RIK,1
HCFC1,SNRPB,1
HCFC1,RAD51AP1,1
HCFC1,COLGALT1,1
HCFC1,HJURP,1
HCFC1,GMCL1,1
HCFC1,CLTC,1
HCFC1,PSME4,1
HCFC1,DNAJC9,1
HCFC1,PTCD3,1
HCFC1,THADA,1
HCFC1,ETF1,1
HCFC1,WDHD1,1
HCFC1,PPAT,1
HCFC1,GLRX5,1
HCFC1,TARS,1
HCFC1,NUDT19,1
HCFC1,GNL3,1
HCFC1,NCAPD2,1
HCFC1,NFAT5,1
HCFC1,ADK,1
HCFC1,MOGS,1
HCFC1,SYNJ1,1
HCFC1,ARCN1,1
HCFC1,ATAD1,1
HCFC1,ATG12,1
HCFC1,AP3S1,1
HCFC1,FAM189B,1
HCFC1,MTHFD1,1
HCFC1,BTAF1,1
HCFC1,RABGGTB,1
HCFC1,LONP2,1
HCFC1,PCMTD2,1
HCFC1,ARFGEF2,1
HCFC1,FASTKD2,1
HCFC1,MIS12,1
HCFC1,MCM10,1
HCFC1,CREBRF,1
HCFC1,ATRN,1
HCFC1,MCM5,1
HCFC1,TRMT11,1
HCFC1,USP37,1
HCFC1,KCTD20,1
HCFC1,GANAB,1
HCFC1,SARAF,1
HCFC1,CDCA4,1
HCFC1,ARL6IP6,1
HCFC1,TXNDC11,1
HCFC1,SERPINB6A,1
HCFC1,POLR2B,1
HCFC1,NASP,1
HCFC1,RNF4,1
HCFC1,CIP2A,1
HCFC1,TOMM40,1
HCFC1,MCM4,1
HCFC1,SRSF1,1
HCFC1,NEDD1,1
HCFC1,TEX10,1
HCFC1,RPAP1,1
HCFC1,NAA50,1
HCFC1,SLC30A5,1
HCFC1,KIF22,1
HCFC1,YBX1,1
HCFC1,USP42,1
HCFC1,RNF38,1
HCFC1,ELF1,1
HCFC1,USP14,1
HCFC1,MGAT1,1
HCFC1,PSEN1,1
HCFC1,UTP4,1
HCFC1,SLC25A38,1
HCFC1,CDC20,1
HCFC1,RFC5,1
HCFC1,OSBPL8,1
HCFC1,TMEM184C,1
HCFC1,CTC1,1
HCFC1,KPNA1,1
HCFC1,DNAJC5,1
HCFC1,PLA2G15,1
HCFC1,PSMG2,1
HCFC1,RPN1,1
HCFC1,CKAP2L,1
HCFC1,PHKB,1
HCFC1,MTO1,1
HCFC1,EIF3B,1
HCFC1,PLIN3,1
HCFC1,ELOVL5,1
HCFC1,MED16,1
HCFC1,PBK,1
HCFC1,PATL1,1
HCFC1,TFG,1
HCFC1,FAM91A1,1
HCFC1,AP1S2,1
HCFC1,ZFP367,1
HCFC1,PTDSS1,1
HCFC1,TMX3,1
HCFC1,MTCH2,1
HCFC1,QARS,1
HCFC1,AGPS,1
HCFC1,NADK,1
HCFC1,PPM1G,1
HCFC1,CDT1,1
HCFC1,SLBP,1
HCFC1,TOPORS,1
HCFC1,SRM,1
HCFC1,MICU1,1
HCFC1,ADSL,1
HCFC1,CNIH1,1
HCFC1,FASTKD3,1
HCFC1,MAD2L1,1
HCFC1,UMPS,1
HCFC1,ABL2,1
HCFC1,GMNN,1
HCFC1,ERGIC1,1
HCFC1,IRF9,1
HCFC1,PRIM2,1
HCFC1,HAT1,1
HCFC1,EIF4ENIF1,1
HCFC1,TAF12,1
HCFC1,HMBS,1
HCFC1,TRIM35,1
HCFC1,HYOU1,1
HCFC1,RANBP3,1
HCFC1,POR,1
HCFC1,MCM7,1
HCFC1,LACTB,1
HCFC1,NCAPG2,1
HCFC1,ATAD2,1
HCFC1,INCENP,1
HCFC1,H2AFX,1
HCFC1,DEF8,1
HCFC1,NCEH1,1
HCFC1,IARS2,1
HCFC1,TOP2A,1
HCFC1,TYMS,1
HCFC1,PHF6,1
HCFC1,STIP1,1
HCFC1,DNAJC10,1
HCFC1,TNPO1,1
HCFC1,ERLIN1,1
HCFC1,DDX39,1
HCFC1,SHMT1,1
HCFC1,WSB1,1
HCFC1,POLD1,1
HCFC1,SGO1,1
HCFC1,NMD3,1
HCFC1,TFRC,1
HCFC1,HEXA,1
HCFC1,NCAPG,1
HCFC1,HELLS,1
HCFC1,OSTM1,1
HCFC1,GEMIN5,1
HCFC1,RCOR1,1
HCFC1,BCAP29,1
HCFC1,USP11,1
HCFC1,MOB3C,1
HCFC1,ELMO2,1
HCFC1,ME2,1
HCFC1,CENPF,1
HCFC1,TCF19,1
HCFC1,ATF7,1
HCFC1,PLAG1,1
HCFC1,DUT,1
HCFC1,ZFP53,1
HCFC1,PRODH,1
HCFC1,WDR55,1
HCFC1,TIFAB,1
HCFC1,IDH3A,1
HCFC1,CDC7,1
HCFC1,RMND5A,1
HCFC1,CS,1
HCFC1,FAM76B,1
HCFC1,SEH1L,1
HCFC1,PPM1F,1
HCFC1,TTLL12,1
HCFC1,CEP55,1
HCFC1,CKS1B,1
HCFC1,RPA1,1
HCFC1,SPC24,1
HCFC1,INTS13,1
HCFC1,XRCC3,1
HCFC1,LMO4,1
HCFC1,POLA2,1
HCFC1,TK1,1
HCFC1,ZMIZ1,1
HCFC1,VPS35,1
HCFC1,TIPIN,1
HCFC1,ORC6,1
HCFC1,EEF1E1,1
HCFC1,CENPA,1
HCFC1,FUCA2,1
HCFC1,ZFP422,1
HCFC1,TBC1D5,1
HCFC1,BACE1,1
HCFC1,SAMD9L,1
HCFC1,FIGNL1,1
HCFC1,APLP2,1
HCFC1,MAPK1,1
HCFC1,ZDHHC13,1
HCFC1,CCDC50,1
HCFC1,CSE1L,1
HCFC1,CCNB2,1
HCFC1,MSMO1,1
HCFC1,DTL,1
HCFC1,PREP,1
HCFC1,MEIS1,1
HCFC1,XPNPEP1,1
HCFC1,CSTF2,1
HCFC1,TXNIP,1
HCFC1,ODC1,1
HCFC1,TMEM97,1
HCFC1,FDFT1,1
HCFC1,ECT2,1
HCFC1,PPP1CB,1
HCFC1,MNS1,1
HCFC1,ISYNA1,1
HCFC1,PSAT1,1
HCFC1,ZFP322A,1
HCFC1,SLC2A3,1
HCFC1,PLA2G12A,1
HCFC1,TTF2,1
HCFC1,ALAS1,1
HCFC1,HDAC2,1
HCFC1,AKAP8L,1
HCFC1,PCMTD1,1
HCFC1,HMGB2,1
HCFC1,SETD2,1
HCFC1,GALNS,1
HCFC1,INO80D,1
HCFC1,CAD,1
HCFC1,JPT1,1
HCFC1,HERPUD1,1
HCFC1,ASF1B,1
HCFC1,MFSD10,1
HCFC1,NRROS,1
HCFC1,CDCA7,1
HCFC1,NCAPH,1
HCFC1,NPTN,1
HCFC1,ACOX1,1
HCFC1,FGFR1OP,1
HCFC1,IL27RA,1
HCFC1,GIMAP1,1
HCFC1,CBX5,1
HCFC1,SPCS3,1
HCFC1,SHISA5,1
HCFC1,CCNB1,1
HCFC1,TSPAN3,1
HCFC1,SH3BGRL,1
HCFC1,PTTG1IP,1
HCFC1,CUL3,1
HCFC1,TBC1D10C,1
HCFC1,TMEM229B,1
HCFC1,CKAP2,1
HCFC1,MGAT5,1
HCFC1,DEK,1
HCFC1,CAMK2D,1
HCFC1,CYBC1,1
HCFC1,BID,1
HCFC1,YPEL3,1
HCFC1,UBE2C,1
HCFC1,SVIP,1
HCFC1,RB1,1
HCFC1,FBXO5,1
HCFC1,POLE,1
HCFC1,METAP1,1
HCFC1,ATP6AP2,1
HCFC1,TECPR1,1
HCFC1,SPTBN1,1
HCFC1,MCM6,1
HCFC1,PRELID3B,1
HCFC1,PIP4K2A,1
HCFC1,NUSAP1,1
HCFC1,PTPN7,1
HCFC1,FAM136A,1
HCFC1,GLB1,1
HCFC1,SLC26A2,1
HCFC1,CDK1,1
HCFC1,OSBPL1A,1
HCFC1,XRCC6,1
HCFC1,BC005561,1
HCFC1,FLNA,1
HCFC1,CLN5,1
HCFC1,GCLC,1
HCFC1,JPT2,1
HCFC1,CSGALNACT2,1
HCFC1,TBC1D9B,1
HCFC1,LAP3,1
HCFC1,SLC37A1,1
HCFC1,NPDC1,1
HCFC1,H2-DMA,1
HCFC1,BUB1,1
HCFC1,ICAM1,1
HCFC1,PARVG,1
HCFC1,USP10,1
HCFC1,IRGM2,1
HCFC1,ARID2,1
HCFC1,INTS8,1
HCFC1,MSH6,1
HCFC1,ALDH18A1,1
HCFC1,PRC1,1
HCFC1,ZFAND5,1
HCFC1,RRM2,1
HCFC1,DCK,1
HCFC1,C1RL,1
HCFC1,TCP11L2,1
HCFC1,ABCB10,1
HCFC1,PTPRS,1
HCFC1,GOLPH3,1
HCFC1,PPP1R15A,1
HCFC1,MAML3,1
HCFC1,GNS,1
HCFC1,MTMR1,1
HCFC1,CCNF,1
HCFC1,SGMS1,1
HCFC1,DHFR,1
HCFC1,SMARCA2,1
HCFC1,MEMO1,1
HCFC1,ZFP36,1
HCFC1,PDIA4,1
HCFC1,SDF2L1,1
HCFC1,RCC1,1
HCFC1,CD48,1
HCFC1,RGS19,1
HCFC1,RAB37,1
HCFC1,NAMPT,1
HCFC1,ATP6AP1,1
HCFC1,FAM102B,1
HCFC1,BTG2,1
HCFC1,RAP1B,1
HCFC1,SOCS2,1
HCFC1,UHRF1,1
HCFC1,MXD3,1
HCFC1,CTTN,1
HCFC1,BDH2,1
HCFC1,SPIDR,1
HCFC1,CTPS,1
HCFC1,MCM2,1
HCFC1,HACD3,1
HCFC1,EDEM1,1
HCFC1,TESPA1,1
HCFC1,NR3C2,1
HCFC1,IGTP,1
HCFC1,GBP7,1
HCFC1,PLEKHO2,1
HCFC1,FAM111A,1
HCFC1,FCHO2,1
HCFC1,UNC93B1,1
HCFC1,DENND1C,1
HCFC1,ACAA2,1
HCFC1,MAPKAPK3,1
HCFC1,PTPRE,1
HCFC1,HNRNPLL,1
HCFC1,ZBTB38,1
HCFC1,AURKB,1
HCFC1,COQ8A,1
HCFC1,MYC,1
HCFC1,RPS6KA3,1
HCFC1,CKS2,1
HCFC1,PIM2,1
HCFC1,KLF6,1
HCFC1,CYB5R1,1
HCFC1,VSIR,1
HCFC1,GSR,1
HCFC1,H1F0,1
HCFC1,RELB,1
HCFC1,YBX3,1
HCFC1,SLC20A1,1
HCFC1,MR1,1
HCFC1,UBL4A,1
HCFC1,CCNE2,1
HCFC1,GMIP,1
HCFC1,METTL7A1,1
HCFC1,TRIB3,1
HCFC1,ACOT9,1
HCFC1,LYN,1
HCFC1,STT3B,1
HCFC1,MPZL1,1
HCFC1,MYO5A,1
HCFC1,FGGY,1
HCFC1,PANX1,1
HCFC1,ALDH9A1,1
HCFC1,FAR1,1
HCFC1,GBP3,1
HCFC1,PIK3IP1,1
HCFC1,SPNS3,1
HCFC1,DUSP1,1
HCFC1,ATP1B3,1
HCFC1,RPS6KA5,1
HCFC1,KCNK5,1
HCFC1,UBA7,1
HCFC1,LY9,1
HCFC1,CD274,1
HCFC1,ANXA5,1
HCFC1,IL17RA,1
HCFC1,UAP1,1
HCFC1,ARHGAP15,1
HCFC1,GIMAP6,1
HCFC1,JUN,1
HCFC1,ADSSL1,1
HCFC1,STAT2,1
HCFC1,LY86,1
HCFC1,ZNRF2,1
HCFC1,GEM,1
HCFC1,LMAN2L,1
HCFC1,RGCC,1
HCFC1,FOXO1,1
HCFC1,MLLT3,1
HCFC1,NFKBIA,1
HCFC1,LAX1,1
HCFC1,PFKFB3,1
HCFC1,HLF,1
HCFC1,MYO1G,1
HCFC1,GGTA1,1
HCFC1,SERPINB9,1
HCFC1,SPI1,1
HCFC1,SLC16A1,1
HCFC1,VAV1,1
HCFC1,TMX4,1
HCFC1,TCN2,1
HCFC1,CYFIP2,1
HCFC1,REL,1
HCFC1,CBFB,1
HCFC1,1700017B05RIK,1
HCFC1,ST6GALNAC4,1
HCFC1,TRIM59,1
HCFC1,TSC22D1,1
HCFC1,EML4,1
HCFC1,SOAT1,1
HCFC1,ZFP467,1
HCFC1,MAP4K2,1
HCFC1,PHF11B,1
HCFC1,TEC,1
HCFC1,CISH,1
HCFC1,GLIPR2,1
HCFC1,SORT1,1
HCFC1,MC5R,1
HCFC1,TUBA4A,1
HCFC1,DOCK10,1
HCFC1,MTFR1,1
HCFC1,HDAC7,1
HCFC1,SNX30,1
HCFC1,STOM,1
HCFC1,NDE1,1
HCFC1,TENT5A,1
HCFC1,ACSS2,1
HCFC1,UBE2L6,1
HCFC1,FLNB,1
HCFC1,SLC44A2,1
HCFC1,SNAP23,1
HCFC1,PIDD1,1
HCFC1,RGS1,1
HCFC1,CAPG,1
HCFC1,CD53,1
HCFC1,CALCRL,1
HCFC1,ZFP945,1
HCFC1,TLR4,1
HCFC1,FLOT2,1
HCFC1,SLC43A3,1
HCFC1,TRIM30D,1
HCFC1,H2-AA,1
HCFC1,ST8SIA4,1
HCFC1,DHRS3,1
HCFC1,AKNA,1
HCFC1,EPB41L4B,1
HCFC1,GK,1
HCFC1,RP2,1
HCFC1,E2F8,1
HCFC1,NDRG1,1
HCFC1,CERS4,1
HCFC1,CD82,1
HCFC1,ZBTB16,1
HCFC1,SSH3,1
HCFC1,PGLYRP2,1
HCFC1,GPR160,1
HCFC1,PLEK,1
HCFC1,EGR1,1
HCFC1,MLKL,1
HCFC1,PAK1,1
HCFC1,SPNS2,1
HCFC1,GOLIM4,1
HCFC1,XAF1,1
HCFC1,ANKRD44,1
HCFC1,NEIL3,1
HCFC1,SEC24D,1
HCFC1,FRRS1,1
HCFC1,GABBR1,1
HCFC1,IL6ST,1
HCFC1,TMEM154,1
HCFC1,NFATC2,1
HCFC1,PTGR1,1
HCFC1,SYK,1
HCFC1,PCLAF,1
HCFC1,ITGAL,1
HCFC1,CD44,1
HCFC1,TMEM173,1
HCFC1,ISG20,1
HCFC1,SIRPA,1
HCFC1,SERPINB1A,1
HCFC1,SFXN1,1
HCFC1,H2-Q6,1
HCFC1,CTSZ,1
HCFC1,MBNL3,1
HCFC1,SCARB1,1
HCFC1,NAPSA,1
HCFC1,LGALS1,1
HCFC1,RAB38,1
HCFC1,CD69,1
HCFC1,PRKCD,1
HCFC1,CHRNB1,1
HCFC1,ABCG2,1
HCFC1,PITPNC1,1
HCFC1,HDAC11,1
HCFC1,SLCO4A1,1
HCFC1,CD68,1
HCFC1,ACSS1,1
HCFC1,GFI1B,1
HCFC1,MKI67,1
HCFC1,TCIRG1,1
HCFC1,GIMAP8,1
HCFC1,HIF3A,1
HCFC1,NFE2,1
HCFC1,GIMAP5,1
HCFC1,IFI27L2A,1
HCFC1,ALDOC,1
HCFC1,LRRC8B,1
HCFC1,TFR2,1
HCFC1,CST7,1
HCFC1,CYP4V3,1
HCFC1,CLEC12A,1
HCFC1,STAG2,1
HCFC1,LCP2,1
HCFC1,EBI3,1
HCFC1,LSP1,1
HCFC1,CDKN1A,1
HCFC1,NUDT4,1
HCFC1,HMGB3,1
HCFC1,RORA,1
HCFC1,SELENBP1,1
HCFC1,ARHGEF39,1
HCFC1,TSC22D3,1
HCFC1,RETREG1,1
HCFC1,TRIM16,1
HCFC1,NFAM1,1
HCFC1,LAPTM4B,1
HCFC1,HACD4,1
HCFC1,PHF10,1
HCFC1,DOK2,1
HCFC1,MFNG,1
HCFC1,VKORC1L1,1
HCFC1,PRKCH,1
HCFC1,SLC7A4,1
HCFC1,PIK3R1,1
HCFC1,TOR3A,1
HCFC1,OSGIN1,1
HCFC1,TGFBR1,1
HCFC1,PEAR1,1
HCFC1,GBP2,1
HCFC1,F2R,1
HCFC1,TYROBP,1
HCFC1,ENPP5,1
HCFC1,BC035044,1
HCFC1,TSPOAP1,1
HCFC1,SDC4,1
HCFC1,IRF7,1
HCFC1,GPR65,1
HCFC1,TNFAIP2,1
HCFC1,RUNX1T1,1
HCFC1,IGFBP4,1
HCFC1,NCF1,1
HCFC1,CDK18,1
HCFC1,HSPA1A,1
HCFC1,HAAO,1
HCFC1,SGPP1,1
HCFC1,ADORA2A,1
HCFC1,CFP,1
HCFC1,RGS18,1
HCFC1,KIF17,1
HCFC1,TMEM37,1
HCFC1,NDRG2,1
HCFC1,SH2D5,1
HCFC1,CBX7,1
HCFC1,ANXA2,1
HCFC1,MAGED2,1
HCFC1,ATP8B4,1
HCFC1,FCER1G,1
HCFC1,PRSS57,1
HCFC1,MYB,1
HCFC1,GATM,1
HCFC1,GRINA,1
HCFC1,EZR,1
HCFC1,SYTL1,1
HCFC1,DDX58,1
HCFC1,CTSO,1
HCFC1,CTSL,1
HCFC1,S100A6,1
HCFC1,KCTD12,1
HCFC1,CD74,1
HCFC1,ANXA3,1
HCFC1,BCL2,1
HCFC1,RNF122,1
HCFC1,SIGLECG,1
HCFC1,RIN3,1
HCFC1,PTGS1,1
HCFC1,DOCK11,1
HCFC1,FGL2,1
HCFC1,CASP1,1
HCFC1,FCGR2B,1
HCFC1,RGS2,1
HCFC1,SLFN2,1
HCFC1,PDE4B,1
HCFC1,APBB1,1
HCFC1,TNIP3,1
HCFC1,OAS3,1
HCFC1,NUPR1,1
HCFC1,IFI209,1
HCFC1,METTL27,1
HCFC1,GALNT6,1
HCFC1,CSGALNACT1,1
HCFC1,TNFRSF21,1
HCFC1,SLCO3A1,1
HCFC1,PPP1R9A,1
HCFC1,CAND2,1
HCFC1,BTK,1
HCFC1,SLC22A3,1
HCFC1,NWD1,1
HCFC1,5430427O19RIK,1
HCFC1,PLXNC1,1
HCFC1,GNG2,1
HCFC1,EBF1,1
HCFC1,TMEM176A,1
HCFC1,CERS6,1
HCFC1,ADA,1
HCFC1,RASA4,1
HCFC1,IL21R,1
HCFC1,CREB5,1
HCFC1,PRPS2,1
HCFC1,MAN2A2,1
HCFC1,STX3,1
HCFC1,CD63,1
HCFC1,CD9,1
HCFC1,CSF2RB,1
HCFC1,RBPMS,1
HCFC1,RHOF,1
HCFC1,NAPRT,1
HCFC1,D1ERTD622E,1
HCFC1,TMEM50B,1
HCFC1,TPM4,1
HCFC1,EPSTI1,1
HCFC1,PUS7,1
HDAC2,HJURP,1
HDAC2,NUP107,1
HDAC2,EIF2B1,1
HDAC2,NOLC1,1
HDAC2,NDUFV1,1
HDAC2,CDCA5,1
HDAC2,NUF2,1
HDAC2,EPRS,1
HDAC2,DDX20,1
HDAC2,MIS18BP1,1
HDAC2,HSPA4,1
HDAC2,RAP1B,1
HDAC2,MSH6,1
HDAC2,NDC80,1
HDAC2,MIEF1,1
HDAC2,SNRNP200,1
HDAC2,HYOU1,1
HDAC2,TPX2,1
HDAC2,CLPTM1L,1
HDAC2,TOP3B,1
HDAC2,TRMT6,1
HDAC2,MTREX,1
HDAC2,SLC35E1,1
HDAC2,CDC6,1
HDAC2,KIF20B,1
HDAC2,OTUD6B,1
HDAC2,ARMT1,1
HDAC2,PSME3,1
HDAC2,SYNJ1,1
HDAC2,MCM7,1
HDAC2,POLR1B,1
HDAC2,RTEL1,1
HDAC2,RFC4,1
HDAC2,MDN1,1
HDAC2,PA2G4,1
HDAC2,ABCE1,1
HDAC2,ATF7,1
HDAC2,CCNA2,1
HDAC2,NUP155,1
HDAC2,CENPK,1
HDAC2,ATAD2,1
HDAC2,ASF1B,1
HDAC2,LONP1,1
HDAC2,CLTC,1
HDAC2,NFAT5,1
HDAC2,MSMO1,1
HDAC2,MTMR6,1
HDAC2,SHCBP1,1
HDAC2,TFRC,1
HDAC2,WDR4,1
HDAC2,SHMT1,1
HDAC2,BIRC5,1
HDAC2,TOMM40,1
HDAC2,RANGAP1,1
HDAC2,PLD3,1
HDAC2,FOXRED1,1
HDAC2,NCEH1,1
HDAC2,GMFB,1
HDAC2,MAD2L1,1
HDAC2,CKAP2L,1
HDAC2,HAT1,1
HDAC2,TBL3,1
HDAC2,FAM136A,1
HDAC2,TFG,1
HDAC2,PSMD9,1
HDAC2,IFRD2,1
HDAC2,TACC3,1
HDAC2,XPC,1
HDAC2,POLD1,1
HDAC2,BYSL,1
HDAC2,CENPA,1
HDAC2,PRMT7,1
HDAC2,CHORDC1,1
HDAC2,PDIA4,1
HDAC2,CKS2,1
HDAC2,NDUFA10,1
HDAC2,FASTKD2,1
HDAC2,PPAT,1
HDAC2,SMPD4,1
HDAC2,THADA,1
HDAC2,TXNDC11,1
HDAC2,USP42,1
HDAC2,TMEM184C,1
HDAC2,KIF11,1
HDAC2,XRCC6,1
HDAC2,RRM1,1
HDAC2,POR,1
HDAC2,CENPF,1
HDAC2,KNSTRN,1
HDAC2,UHRF1,1
HDAC2,PBK,1
HDAC2,IARS,1
HDAC2,WDR55,1
HDAC2,KPNA3,1
HDAC2,PHB2,1
HDAC2,UAP1,1
HDAC2,PHF5A,1
HDAC2,MTHFD1,1
HDAC2,DCAF13,1
HDAC2,PPP1CB,1
HDAC2,RAD51,1
HDAC2,ELOVL5,1
HDAC2,CKAP2,1
HDAC2,ECT2,1
HDAC2,LAP3,1
HDAC2,NCAPG,1
HDAC2,SZT2,1
HDAC2,DNAJC5,1
HDAC2,RAD51AP1,1
HDAC2,ACOX3,1
HDAC2,CEP55,1
HDAC2,TAB1,1
HDAC2,BUB1,1
HDAC2,NUP93,1
HDAC2,NOP2,1
HDAC2,MCM5,1
HDAC2,NCAPG2,1
HDAC2,GOLT1B,1
HDAC2,CDCA8,1
HDAC2,WDHD1,1
HDAC2,COLGALT1,1
HDAC2,UQCRFS1,1
HDAC2,MRPL20,1
HDAC2,GFM1,1
HDAC2,ZHX1,1
HDAC2,MARS,1
HDAC2,RPA2,1
HDAC2,DUS1L,1
HDAC2,TMEM229B,1
HDAC2,INCENP,1
HDAC2,MORC3,1
HDAC2,MCM10,1
HDAC2,SMC2,1
HDAC2,SLC35A4,1
HDAC2,ADK,1
HDAC2,TIMM50,1
HDAC2,SGO1,1
HDAC2,CIPC,1
HDAC2,SERP1,1
HDAC2,USP14,1
HDAC2,ZFP53,1
HDAC2,SAMD9L,1
HDAC2,ADSL,1
HDAC2,TIMM29,1
HDAC2,AURKA,1
HDAC2,HARS,1
HDAC2,FIGNL1,1
HDAC2,IDH1,1
HDAC2,FBXO5,1
HDAC2,DDX21,1
HDAC2,OSBPL8,1
HDAC2,SEH1L,1
HDAC2,RFC5,1
HDAC2,VKORC1L1,1
HDAC2,CDC20,1
HDAC2,SLC39A6,1
HDAC2,ELP2,1
HDAC2,RELB,1
HDAC2,DTL,1
HDAC2,SDF2L1,1
HDAC2,PATL1,1
HDAC2,NUP85,1
HDAC2,ZDHHC6,1
HDAC2,HDGF,1
HDAC2,LRRC59,1
HDAC2,NCAPH,1
HDAC2,COQ8A,1
HDAC2,ZFP451,1
HDAC2,9430015G10RIK,1
HDAC2,NEDD1,1
HDAC2,PRMT5,1
HDAC2,CDK1,1
HDAC2,SARAF,1
HDAC2,MGAT1,1
HDAC2,GMCL1,1
HDAC2,SLC20A1,1
HDAC2,ELAC2,1
HDAC2,SEC23IP,1
HDAC2,SLC30A5,1
HDAC2,REXO4,1
HDAC2,SPC25,1
HDAC2,CREBRF,1
HDAC2,AHCYL1,1
HDAC2,STRAP,1
HDAC2,CYBC1,1
HDAC2,UBE2C,1
HDAC2,GBP3,1
HDAC2,PTPRS,1
HDAC2,IMMT,1
HDAC2,LONP2,1
HDAC2,TEX10,1
HDAC2,NECAP2,1
HDAC2,NUBP2,1
HDAC2,QARS,1
HDAC2,MFSD1,1
HDAC2,HSPH1,1
HDAC2,ME2,1
HDAC2,PWP2,1
HDAC2,ABHD17B,1
HDAC2,PFKFB3,1
HDAC2,SRSF1,1
HDAC2,TMEM43,1
HDAC2,SMARCA2,1
HDAC2,DEF8,1
HDAC2,RPS6KA5,1
HDAC2,DHX33,1
HDAC2,OSBPL1A,1
HDAC2,ACAA2,1
HDAC2,NARS,1
HDAC2,HMGB2,1
HDAC2,TUBGCP3,1
HDAC2,EFTUD2,1
HDAC2,WDR43,1
HDAC2,GTF2H1,1
HDAC2,UBR7,1
HDAC2,RPRD1B,1
HDAC2,RAD21,1
HDAC2,YPEL3,1
HDAC2,GTF2F1,1
HDAC2,ARID5A,1
HDAC2,SLBP,1
HDAC2,ALDH9A1,1
HDAC2,LRRC8B,1
HDAC2,TARS,1
HDAC2,MCM3,1
HDAC2,DPP8,1
HDAC2,PRC1,1
HDAC2,DNAJC9,1
HDAC2,9530068E07RIK,1
HDAC2,SERPINB6A,1
HDAC2,ATP1B3,1
HDAC2,USP37,1
HDAC2,SLC35B4,1
HDAC2,CAD,1
HDAC2,RUVBL2,1
HDAC2,GYS1,1
HDAC2,CCDC137,1
HDAC2,F2R,1
HDAC2,TUBGCP2,1
HDAC2,PLA2G15,1
HDAC2,DNAJC11,1
HDAC2,RPTOR,1
HDAC2,BUB1B,1
HDAC2,CDT1,1
HDAC2,ETF1,1
HDAC2,PTTG1IP,1
HDAC2,IPO9,1
HDAC2,TOMM70A,1
HDAC2,OSTM1,1
HDAC2,PSMG2,1
HDAC2,PCMTD1,1
HDAC2,CBFB,1
HDAC2,DHFR,1
HDAC2,HUS1,1
HDAC2,TCF19,1
HDAC2,BCAP29,1
HDAC2,CENPO,1
HDAC2,MCM4,1
HDAC2,IRF9,1
HDAC2,POLE3,1
HDAC2,ANXA5,1
HDAC2,FARSB,1
HDAC2,TMEM33,1
HDAC2,PRPF4,1
HDAC2,CSE1L,1
HDAC2,STXBP4,1
HDAC2,RANBP3,1
HDAC2,RABGGTB,1
HDAC2,MTCH2,1
HDAC2,CCNF,1
HDAC2,OTUD4,1
HDAC2,SLC31A1,1
HDAC2,SLC26A2,1
HDAC2,RARS,1
HDAC2,PSEN1,1
HDAC2,NSUN2,1
HDAC2,CKS1B,1
HDAC2,RPAP1,1
HDAC2,CTR9,1
HDAC2,SGMS1,1
HDAC2,DNM1L,1
HDAC2,TXNIP,1
HDAC2,METAP1,1
HDAC2,INTS13,1
HDAC2,NDRG1,1
HDAC2,RPA1,1
HDAC2,SERPINB9,1
HDAC2,RPP40,1
HDAC2,NWD1,1
HDAC2,ZFP35,1
HDAC2,CTC1,1
HDAC2,SPCS3,1
HDAC2,ZFAND5,1
HDAC2,ABL2,1
HDAC2,NCAPD2,1
HDAC2,GUSB,1
HDAC2,GLRX5,1
HDAC2,ACSS2,1
HDAC2,TIPIN,1
HDAC2,FEM1B,1
HDAC2,EIF1AD,1
HDAC2,ITPR1,1
HDAC2,REL,1
HDAC2,FDFT1,1
HDAC2,MPZL1,1
HDAC2,PNO1,1
HDAC2,GNL3,1
HDAC2,EAF1,1
HDAC2,NUS1,1
HDAC2,FGFR1OP,1
HDAC2,NUSAP1,1
HDAC2,DCK,1
HDAC2,CLN5,1
HDAC2,TMEM97,1
HDAC2,EIF3B,1
HDAC2,MICU1,1
HDAC2,PRELID3B,1
HDAC2,LIG1,1
HDAC2,PLIN3,1
HDAC2,POLA2,1
HDAC2,CCNE2,1
HDAC2,HMBS,1
HDAC2,STT3B,1
HDAC2,SUPV3L1,1
HDAC2,SESN1,1
HDAC2,BTAF1,1
HDAC2,KAT7,1
HDAC2,HELLS,1
HDAC2,TOPORS,1
HDAC2,TMX4,1
HDAC2,API5,1
HDAC2,RPN1,1
HDAC2,GANAB,1
HDAC2,PPID,1
HDAC2,SPPL2B,1
HDAC2,TSPAN14,1
HDAC2,SLC25A46,1
HDAC2,NUDCD1,1
HDAC2,ORC2,1
HDAC2,MAPK1,1
HDAC2,DOCK10,1
HDAC2,PPP1R15A,1
HDAC2,STT3A,1
HDAC2,ATAD1,1
HDAC2,SLC25A38,1
HDAC2,ABL1,1
HDAC2,PSMD6,1
HDAC2,RMND5A,1
HDAC2,PLAA,1
HDAC2,SF3B3,1
HDAC2,RNF4,1
HDAC2,CENPE,1
HDAC2,EDEM1,1
HDAC2,EEF1E1,1
HDAC2,GALNS,1
HDAC2,MIS12,1
HDAC2,NDC1,1
HDAC2,XPNPEP1,1
HDAC2,RGS2,1
HDAC2,ZFP24,1
HDAC2,ZFP367,1
HDAC2,EIF2S1,1
HDAC2,ERLIN1,1
HDAC2,PHKB,1
HDAC2,TTLL12,1
HDAC2,WDR5,1
HDAC2,ABCB8,1
HDAC2,AGPS,1
HDAC2,FAM91A1,1
HDAC2,ATP13A1,1
HDAC2,PSMD1,1
HDAC2,TES,1
HDAC2,TYMS,1
HDAC2,PTCD3,1
HDAC2,CSTF2,1
HDAC2,TECPR1,1
HDAC2,GSR,1
HDAC2,FCHO2,1
HDAC2,PPM1F,1
HDAC2,CD82,1
HDAC2,TOP2A,1
HDAC2,FAM76B,1
HDAC2,WSB1,1
HDAC2,TBC1D10C,1
HDAC2,GPD1L,1
HDAC2,SEC24D,1
HDAC2,ALDH18A1,1
HDAC2,NUDT19,1
HDAC2,CCNB1,1
HDAC2,MOGS,1
HDAC2,CTSL,1
HDAC2,HASPIN,1
HDAC2,MTMR4,1
HDAC2,CYB5R1,1
HDAC2,FBXW11,1
HDAC2,MNS1,1
HDAC2,ELF1,1
HDAC2,MXD3,1
HDAC2,PSAT1,1
HDAC2,PTDSS1,1
HDAC2,ARL8B,1
HDAC2,REXO2,1
HDAC2,STAT2,1
HDAC2,RCC1,1
HDAC2,TESPA1,1
HDAC2,NFE2,1
HDAC2,UMPS,1
HDAC2,CSGALNACT2,1
HDAC2,GARS,1
HDAC2,PSMC2,1
HDAC2,MCM6,1
HDAC2,ZFP322A,1
HDAC2,POLR2B,1
HDAC2,PIP4K2A,1
HDAC2,EML4,1
HDAC2,TMEM206,1
HDAC2,DDX1,1
HDAC2,RGS19,1
HDAC2,NPDC1,1
HDAC2,ADO,1
HDAC2,TM7SF3,1
HDAC2,TRMT11,1
HDAC2,LMAN2L,1
HDAC2,CHRNB1,1
HDAC2,AKAP8L,1
HDAC2,FTSJ3,1
HDAC2,ERCC8,1
HDAC2,DNAJC10,1
HDAC2,JPT2,1
HDAC2,KPNA1,1
HDAC2,POLE,1
HDAC2,CIP2A,1
HDAC2,GMNN,1
HDAC2,4833439L19RIK,1
HDAC2,NOL9,1
HDAC2,TMX3,1
HDAC2,GOLIM4,1
HDAC2,XAF1,1
HDAC2,DDX39,1
HDAC2,TNFRSF21,1
HDAC2,NDUFS1,1
HDAC2,CNIH1,1
HDAC2,PIK3R2,1
HDAC2,GLB1,1
HDAC2,SLC19A1,1
HDAC2,RORA,1
HDAC2,MCM2,1
HDAC2,TNPO1,1
HDAC2,CBX5,1
HDAC2,CERS6,1
HDAC2,IDH3A,1
HDAC2,PPM1G,1
HDAC2,FAM102B,1
HDAC2,TOR3A,1
HDAC2,SPIDR,1
HDAC2,B230219D22RIK,1
HDAC2,STIP1,1
HDAC2,CYC1,1
HDAC2,GNS,1
HDAC2,AP1S2,1
HDAC2,HEXA,1
HDAC2,DUT,1
HDAC2,ACLY,1
HDAC2,CALCRL,1
HDAC2,FASTKD3,1
HDAC2,ARHGAP15,1
HDAC2,SETD2,1
HDAC2,HERPUD1,1
HDAC2,ZNRF2,1
HDAC2,ATRN,1
HDAC2,TRIM59,1
HDAC2,NAMPT,1
HDAC2,CDC45,1
HDAC2,PCMTD2,1
HDAC2,UTP4,1
HDAC2,FAR1,1
HDAC2,E2F4,1
HDAC2,SPC24,1
HDAC2,E2F8,1
HDAC2,STOM,1
HDAC2,CDC7,1
HDAC2,CD274,1
HDAC2,TBC1D9B,1
HDAC2,RACGAP1,1
HDAC2,ERGIC1,1
HDAC2,UBAC1,1
HDAC2,NAA50,1
HDAC2,FCGRT,1
HDAC2,ITSN1,1
HDAC2,FEM1A,1
HDAC2,RB1,1
HDAC2,BID,1
HDAC2,ACOX1,1
HDAC2,CUL3,1
HDAC2,CKAP5,1
HDAC2,ATG12,1
HDAC2,AP3S1,1
HDAC2,ARL6IP6,1
HDAC2,ZDHHC13,1
HDAC2,GBP7,1
HDAC2,CDCA3,1
HDAC2,PSME4,1
HDAC2,HACD3,1
HDAC2,KIF22,1
HDAC2,GEMIN5,1
HDAC2,IRGM2,1
HDAC2,PRIM1,1
HDAC2,ST6GALNAC4,1
HDAC2,PRIM2,1
HDAC2,YBX1,1
HDAC2,TBC1D5,1
HDAC2,SFXN1,1
HDAC2,MYO5A,1
HDAC2,SPTBN1,1
HDAC2,ABCB10,1
HDAC2,PANX1,1
HDAC2,CDCA7,1
HDAC2,MRPL37,1
HDAC2,MTFR1,1
HDAC2,USP10,1
HDAC2,ISYNA1,1
HDAC2,CDCA4,1
HDAC2,TCP11L2,1
HDAC2,SLC16A1,1
HDAC2,GLIPR2,1
HDAC2,EMILIN1,1
HDAC2,PRKCD,1
HDAC2,ARFGEF2,1
HDAC2,KCTD20,1
HDAC2,S100A6,1
HDAC2,MED16,1
HDAC2,H2AFX,1
HDAC2,LACTB,1
HDAC2,CAMK2D,1
HDAC2,UBA2,1
HDAC2,VPS35,1
HDAC2,ORC6,1
HDAC2,COPB1,1
HDAC2,NFATC2,1
HDAC2,MGAT5,1
HDAC2,PBX1,1
HDAC2,SCARB1,1
HDAC2,SNAP47,1
HDAC2,MTR,1
HDAC2,SOAT1,1
HDAC2,SHISA5,1
HDAC2,IL6ST,1
HDAC2,PITPNC1,1
HDAC2,LAX1,1
HDAC2,HNRNPLL,1
HDAC2,TIMP2,1
HDAC2,MTOR,1
HDAC2,CTPS,1
HDAC2,TRIM35,1
HDAC2,GMIP,1
HDAC2,TTF2,1
HDAC2,RNF38,1
HDAC2,MFSD14B,1
HDAC2,XRCC3,1
HDAC2,DLST,1
HDAC2,METTL7A1,1
HDAC2,MOB3C,1
HDAC2,RGCC,1
HDAC2,NUP88,1
HDAC2,AURKB,1
HDAC2,SNRPB,1
HDAC2,IGTP,1
HDAC2,PREP,1
HDAC2,ELMO2,1
HDAC2,OTULINL,1
HDAC2,ODC1,1
HDAC2,PLA2G12A,1
HDAC2,HNRNPAB,1
HDAC2,UBA7,1
HDAC2,LGALS1,1
HDAC2,MFSD10,1
HDAC2,FAM111A,1
HDAC2,BTG2,1
HDAC2,GOLPH3,1
HDAC2,NFKBIA,1
HDAC2,EPSTI1,1
HDAC2,AKNA,1
HDAC2,TSC22D1,1
HDAC2,CCNB2,1
HDAC2,ATP6AP2,1
HDAC2,SRM,1
HDAC2,SNAP23,1
HDAC2,TSPAN3,1
HDAC2,NADK,1
HDAC2,ACOT9,1
HDAC2,GEM,1
HDAC2,NCLN,1
HDAC2,PUS7,1
HDAC2,PCLAF,1
HDAC2,MAN2A2,1
HDAC2,NMD3,1
HDAC2,SLC2A3,1
HDAC2,SLCO4A1,1
HDAC2,JPT1,1
HDAC2,ARCN1,1
HDAC2,TMEM154,1
HDAC2,H2-DMA,1
HDAC2,MTO1,1
HDAC2,PIK3R1,1
HDAC2,NEIL3,1
HDAC2,RASA4,1
HDAC2,LAPTM4B,1
HDAC2,FLNB,1
HDAC2,RGS18,1
HDAC2,DENND1C,1
HDAC2,UNC93B1,1
HDAC2,RNF122,1
HDAC2,PSTPIP1,1
HDAC2,MLLT3,1
HDAC2,SH3BGRL,1
HDAC2,CCDC50,1
HDAC2,ACSS1,1
HDAC2,PFKP,1
HDAC2,EIF4ENIF1,1
HDAC2,1700017B05RIK,1
HDAC2,CS,1
HDAC2,ITGAL,1
HDAC2,PLAG1,1
HDAC2,ST8SIA4,1
HDAC2,NASP,1
HDAC2,MAPKAPK3,1
HDAC2,SLC29A1,1
HDAC2,CSGALNACT1,1
HDAC2,TRIB3,1
HDAC2,EZR,1
HDAC2,CTSO,1
HDAC2,PHF10,1
HDAC2,MEMO1,1
HDAC2,INPP5B,1
HDAC2,TGFBR1,1
HDAC2,ALAS1,1
HDAC2,DHRS3,1
HDAC2,TAF12,1
HDAC2,MAP4K2,1
HDAC2,TMEM173,1
HDAC2,DEK,1
HDAC2,TRIM16,1
HDAC2,UBL4A,1
HDAC2,ITCH,1
HDAC2,RRM2,1
HDAC2,EYA2,1
HDAC2,PLEKHO2,1
HDAC2,IL27RA,1
HDAC2,BC005561,1
HDAC2,TMEM50B,1
HDAC2,LSP1,1
HDAC2,CAPG,1
HDAC2,ATP6AP1,1
HDAC2,TEC,1
HDAC2,KIF13A,1
HDAC2,FLT3,1
HDAC2,RCOR1,1
HDAC2,ANKRD44,1
HDAC2,INTS8,1
HDAC2,HP,1
HDAC2,ARID2,1
HDAC2,BCL2,1
HDAC2,APLP2,1
HDAC2,ATP8B4,1
HDAC2,NDE1,1
HDAC2,ARHGEF18,1
HDAC2,CD63,1
HDAC2,GGTA1,1
HDAC2,RIN3,1
HDAC2,DUSP1,1
HDAC2,UBE2L6,1
HDAC2,STAG2,1
HDAC2,TCIRG1,1
HDAC2,NUAK2,1
HDAC2,HDAC7,1
HDAC2,CD44,1
HDAC2,ISG20,1
HDAC2,PHF6,1
HDAC2,INO80D,1
HDAC2,C1RL,1
HDAC2,SLC44A2,1
HDAC2,FGGY,1
HDAC2,USP11,1
HDAC2,KIF17,1
HDAC2,OASL2,1
HDAC2,MLKL,1
HDAC2,NPLOC4,1
HDAC2,EPAS1,1
HDAC2,IL17RA,1
HDAC2,SGPP1,1
HDAC2,CSAD,1
HDAC2,ZFP945,1
HDAC2,YBX3,1
HDAC2,LY9,1
HDAC2,ATP10A,1
HDAC2,JUN,1
HDAC2,CTSZ,1
HDAC2,TLR4,1
HDAC2,GPRASP1,1
HDAC2,NAPSA,1
HDAC2,CYFIP2,1
HDAC2,D1ERTD622E,1
HDAC2,SDC4,1
HDAC2,PTGS1,1
HDAC2,PEAR1,1
HDAC2,ZFP422,1
HDAC2,MAML3,1
HDAC2,PTPN7,1
HDAC2,PHF11B,1
HDAC2,ZMIZ1,1
HDAC2,PTPRE,1
HDAC2,RAB37,1
HDAC2,PRKCH,1
HDAC2,CNN3,1
HDAC2,NPTN,1
HDAC2,GNG12,1
HDAC2,RGS1,1
HDAC2,ZEB2,1
HDAC2,TUBA4A,1
HDAC2,EGR1,1
HDAC2,PARP8,1
HDAC2,CERS4,1
HDAC2,SNX30,1
HDAC2,CYP4V3,1
HDAC2,VDR,1
HDAC2,FUCA2,1
HDAC2,KLF6,1
HDAC2,RTP4,1
HDAC2,MFNG,1
HDAC2,DDX60,1
HDAC2,MTMR1,1
HDAC2,FLOT2,1
HDAC2,NRROS,1
HDAC2,METTL27,1
HDAC2,FRRS1,1
HDAC2,CST7,1
HDAC2,MAGED2,1
HDAC2,ANGPT1,1
HDAC2,CLEC12A,1
HDAC2,MPI,1
HDAC2,DOCK11,1
HDAC2,TK1,1
HDAC2,SOCS2,1
HDAC2,MC5R,1
HDAC2,KCNK5,1
HDAC2,CD69,1
HDAC2,CTLA2A,1
HDAC2,CISH,1
HDAC2,TM6SF1,1
HDAC2,GK,1
HDAC2,TNFRSF13C,1
HDAC2,GABBR1,1
HDAC2,SLC43A3,1
HDAC2,IARS2,1
HDAC2,RETREG1,1
HDAC2,SPNS3,1
HDAC2,DENND2D,1
HDAC2,RPS6KA3,1
HDAC2,CREB5,1
HDAC2,GBP2,1
HDAC2,ATP11C,1
HDAC2,APBB1,1
HDAC2,NUDT4,1
HDAC2,VAV3,1
HDAC2,PIK3IP1,1
HDAC2,G6PDX,1
HDAC2,RORC,1
HDAC2,FSTL1,1
HDAC2,NUPR1,1
HDAC2,PLSCR4,1
HDAC2,HSPA1A,1
HDAC2,HAAO,1
HDAC2,ZBTB38,1
HDAC2,CBX7,1
HDAC2,RP2,1
HDAC2,ARRDC4,1
HDAC2,LDHB,1
HDAC2,PAK1,1
HDAC2,PDE4B,1
HDAC2,TENT5A,1
HDAC2,PRODH,1
HDAC2,MR1,1
HDAC2,IFI203,1
HDAC2,CDK6,1
HDAC2,ANXA2,1
HDAC2,PRPS2,1
HDAC2,FOXO1,1
HDAC2,PIDD1,1
HDAC2,PGLYRP2,1
HDAC2,HMGB3,1
HDAC2,GFI1B,1
HDAC2,MYC,1
HDAC2,MEIS1,1
HDAC2,LMO4,1
HDAC2,FGL2,1
HDAC2,GIMAP5,1
HDAC2,SLA2,1
HDAC2,GIMAP6,1
HDAC2,TCN2,1
HDAC2,TRPS1,1
HDAC2,TMEM176A,1
HDAC2,BDH2,1
HDAC2,OSGIN1,1
HDAC2,BACE1,1
HDAC2,JAM3,1
HDAC2,MYCN,1
HDAC2,NR3C2,1
HDAC2,KCTD12,1
HDAC2,EMID1,1
HDAC2,NEURL3,1
HDAC2,SALL2,1
HDAC2,OBSL1,1
HDAC2,SORT1,1
HDAC2,MKI67,1
HDAC2,JARID2,1
HDAC2,H1F0,1
HDAC2,CD53,1
HDAC2,TBC1D2B,1
HDAC2,SERPINB6B,1
HDAC2,TRIM30D,1
HDAC2,CTTN,1
HDAC2,ADA,1
HDAC2,MCOLN2,1
HDAC2,HDAC11,1
HDAC2,EBF1,1
HDAC2,GNG11,1
HDAC2,ZFP467,1
HDAC2,RUNX1T1,1
HDAC2,ICAM1,1
HDAC2,SYK,1
HDAC2,SLCO3A1,1
HDAC2,EPB41L4B,1
HDAC2,GCLC,1
HDAC2,CD93,1
HDAC2,FAM171A1,1
HDAC2,PTGR1,1
HDAC2,IRF7,1
HDAC2,ZBTB20,1
HDAC2,PRR5,1
HDAC2,DDX58,1
HDAC2,SSH3,1
HDAC2,SPNS2,1
HDAC2,GIMAP8,1
HDAC2,UBASH3A,1
HDAC2,GCNT2,1
HDAC2,TRIM47,1
HDAC2,PIM2,1
HDAC2,CAND2,1
HDAC2,TGTP2,1
HDAC2,GRINA,1
HDAC2,SELENOP,1
HDAC2,LYN,1
HDAC2,H2-Q6,1
HDAC2,PRSS57,1
HDAC2,CCL9,1
HDAC2,TMEM37,1
HDAC2,PROCR,1
HDAC2,FES,1
HDAC2,H2-OB,1
HDAC2,RAB31,1
HDAC2,SERPINA3G,1
HDAC2,TEAD2,1
HDAC2,TNFAIP2,1
HDAC2,SIRPA,1
HDAC2,CERK,1
HDAC2,IFI30,1
HDAC2,PARVG,1
HDAC2,GRIA3,1
HDAC2,CTLA2B,1
HDAC2,HCFC1,1
HDAC2,HACD4,1
HDAC2,LPCAT2,1
HDAC2,MTUS1,1
HDAC2,CDKN1A,1
HDAC2,CDK18,1
HDAC2,MYB,1
HDAC2,ZBTB16,1
HDAC2,COL4A2,1
HDAC2,COL4A1,1
HDAC2,SYTL1,1
HDAC2,CD9,1
HDAC2,FAM189B,1
HDAC2,ARHGEF39,1
HDAC2,MYO1F,1
HDAC2,ANXA1,1
HDAC2,SLC22A3,1
HDAC2,NAPRT,1
HDAC2,IFI27L2A,1
HDAC2,MYO1G,1
HDAC2,SIGLECG,1
HDAC2,SLC28A2,1
HDAC2,IL21R,1
HDAC2,GIMAP1,1
HDAC2,PKIB,1
HDAC2,GATA2,1
HDAC2,ANXA3,1
HDAC2,ITIH5,1
HDAC2,CFP,1
HDAC2,RASSF4,1
HDAC2,SELL,1
HDAC2,CD48,1
HDAC2,IIGP1,1
HDAC2,RBPMS,1
HDAC2,SGCE,1
HDAC2,MBNL3,1
HDAC2,BC035044,1
HDAC2,TYROBP,1
HDAC2,IGFBP4,1
HDAC2,SATB1,1
HDAC2,TPM4,1
HDAC2,SERPINB1A,1
HDAC2,HDGFL3,1
HDAC2,GPR65,1
HDAC2,UPP1,1
HDAC2,SORL1,1
HDAC2,MAMDC2,1
HDAC2,ADSSL1,1
HDAC2,NDRG2,1
HDAC2,EBI3,1
HDAC2,FCGR2B,1
HDAC2,GNG2,1
HDAC2,PRKCQ,1
HDAC2,SLFN2,1
HDAC2,APOE,1
HDAC2,CNRIP1,1
HDAC2,FLNA,1
HDAC2,CHCHD10,1
HDAC2,SLC37A1,1
HDAC2,RHOF,1
HDAC2,ABCG3,1
HDAC2,SPI1,1
HDAC2,PLEK,1
HDAC2,DOK2,1
HDAC2,ZFP36,1
HDAC2,GM1966,1
HDAC2,HID1,1
HDAC2,PLXDC2,1
HDAC2,IFITM1,1
HDAC2,EMB,1
HDAC2,VSIR,1
HDAC2,ARID3B,1
HDAC2,CASP4,1
HDAC2,LY86,1
HDAC2,IKZF1,1
HDAC2,ABCG2,1
HDAC2,PADI4,1
HDAC2,5430427O19RIK,1
HDAC2,CASP1,1
HDAC2,NCF1,1
HDAC2,GPR160,1
HDAC2,CYP2J6,1
HDAC2,STX3,1
HDAC2,F13A1,1
HDAC2,EFCC1,1
HDAC2,NFAM1,1
HDAC2,THSD1,1
HDAC2,SLPI,1
HDAC2,CYP2J9,1
HDAC2,IL12A,1
HDAC2,SUSD3,1
HDAC2,MECOM,1
HDAC2,RCSD1,1
HDAC2,SULT1A1,1
HDAC2,VAV1,1
HDAC2,FUT7,1
HDAC2,IRF8,1
HDAC2,NFIA,1
HDAC2,LCP2,1
HDAC2,IFI209,1
HDAC2,TGTP1,1
HDAC2,GM4951,1
HDAC2,CCL4,1
HDAC2,ENPP5,1
HDAC2,LTB,1
HDAC2,PLXNC1,1
HDAC2,SLC18A2,1
HDAC2,CD74,1
HDAC2,THEMIS2,1
HDAC2,TINAGL1,1
HDAC2,NKG7,1
HDAC2,FCER1G,1
HDAC2,CTSF,1
HDAC2,TSC22D3,1
HDAC2,VIPR2,1
HDAC2,B3GNT5,1
HDAC2,TSPOAP1,1
HDAC2,TGM2,1
HDAC2,CD300A,1
HDAC2,MAPK12,1
HDAC2,RARB,1
HDAC2,LY6A,1
HDAC2,GM5111,1
HDAC2,ALDOC,1
HDAC2,CD52,1
HDAC2,CLEC4E,1
HDAC2,SELENBP1,1
HDAC2,CPA3,1
HDAC2,TLE2,1
HDAC2,TBXAS1,1
HDAC2,GATM,1
HDAC2,TMEM246,1
HDAC2,MUC13,1
HDAC2,MS4A6C,1
HDAC2,ARL11,1
HDAC2,ART4,1
HDAC2,CASP12,1
HDAC2,PLPPR3,1
HDAC2,CSF2RB,1
HDAC2,SHISA8,1
HDAC2,H2-AA,1
HDAC2,GUCY1A1,1
HDAC2,SMPDL3A,1
HDAC2,PRDM16,1
HDAC2,NAP1L3,1
HDAC2,GRK3,1
HDAC2,CD68,1
HDAC2,TIFAB,1
HDAC2,PDZK1IP1,1
HDAC2,SH2D5,1
HDAC2,TSPAN2,1
HDAC2,RAB38,1
HDAC2,SOX18,1
HDAC2,NDN,1
HDAC2,FCGR3,1
HDAC2,CD244A,1
HDAC2,SCARF1,1
HDAC2,NSD2,1
HDAC2,BPIFC,1
HDAC2,HIF3A,1
HDAC2,PPP1R9A,1
HDAC2,CDKN1C,1
HDAC2,ITM2A,1
HDAC2,IRF6,1
IKZF1,DDX20,1
IKZF1,HJURP,1
IKZF1,PA2G4,1
IKZF1,ATAD2,1
IKZF1,TCF19,1
IKZF1,MIS18BP1,1
IKZF1,NADK,1
IKZF1,FARSB,1
IKZF1,HSPA4,1
IKZF1,FASTKD3,1
IKZF1,NFAT5,1
IKZF1,IDH1,1
IKZF1,TFG,1
IKZF1,ELF1,1
IKZF1,UBR7,1
IKZF1,TMEM229B,1
IKZF1,TRMT11,1
IKZF1,MCM3,1
IKZF1,PPP1CB,1
IKZF1,CLTC,1
IKZF1,ASF1B,1
IKZF1,NFE2,1
IKZF1,NCEH1,1
IKZF1,TOPORS,1
IKZF1,TYMS,1
IKZF1,PRMT5,1
IKZF1,CISH,1
IKZF1,TOMM40,1
IKZF1,CHORDC1,1
IKZF1,TRIM35,1
IKZF1,GBP7,1
IKZF1,MIS12,1
IKZF1,HASPIN,1
IKZF1,NUP93,1
IKZF1,IL6ST,1
IKZF1,CLPTM1L,1
IKZF1,NCAPG,1
IKZF1,NUP155,1
IKZF1,HNRNPLL,1
IKZF1,OASL2,1
IKZF1,NUDCD1,1
IKZF1,SERPINB9,1
IKZF1,SLC25A38,1
IKZF1,ETF1,1
IKZF1,PPP1R15A,1
IKZF1,EIF2S1,1
IKZF1,F2R,1
IKZF1,SLC31A1,1
IKZF1,ZFP35,1
IKZF1,TLR4,1
IKZF1,UNC93B1,1
IKZF1,FAR1,1
IKZF1,PLA2G12A,1
IKZF1,MTMR6,1
IKZF1,FAM136A,1
IKZF1,ARID5A,1
IKZF1,POLD1,1
IKZF1,TOP3B,1
IKZF1,PLEKHO2,1
IKZF1,SNAP47,1
IKZF1,ZDHHC6,1
IKZF1,NUF2,1
IKZF1,XRCC6,1
IKZF1,ACSS2,1
IKZF1,LONP2,1
IKZF1,CTC1,1
IKZF1,STXBP4,1
IKZF1,MAD2L1,1
IKZF1,NUS1,1
IKZF1,PIK3R2,1
IKZF1,TAB1,1
IKZF1,ELAC2,1
IKZF1,CSGALNACT1,1
IKZF1,NPTN,1
IKZF1,CDC20,1
IKZF1,EAF1,1
IKZF1,MSH6,1
IKZF1,ACOX1,1
IKZF1,RB1,1
IKZF1,FCGR2B,1
IKZF1,CENPO,1
IKZF1,TRIM16,1
IKZF1,TMEM154,1
IKZF1,TMX3,1
IKZF1,DTL,1
IKZF1,RPRD1B,1
IKZF1,ISG20,1
IKZF1,PATL1,1
IKZF1,VSIR,1
IKZF1,TBC1D5,1
IKZF1,NDC80,1
IKZF1,SDC4,1
IKZF1,ZFP24,1
IKZF1,B230219D22RIK,1
IKZF1,RPA2,1
IKZF1,PRMT7,1
IKZF1,NAPSA,1
IKZF1,TBL3,1
IKZF1,CKAP2L,1
IKZF1,OTUD6B,1
IKZF1,XPC,1
IKZF1,GLB1,1
IKZF1,ACAA2,1
IKZF1,BIRC5,1
IKZF1,GMFB,1
IKZF1,ARL6IP6,1
IKZF1,CCNA2,1
IKZF1,ME2,1
IKZF1,PSTPIP1,1
IKZF1,KAT7,1
IKZF1,CCNB1,1
IKZF1,PBK,1
IKZF1,MORC3,1
IKZF1,MAP4K2,1
IKZF1,CAPG,1
IKZF1,NUP107,1
IKZF1,FUCA2,1
IKZF1,PLIN3,1
IKZF1,RPS6KA3,1
IKZF1,CKS2,1
IKZF1,PIDD1,1
IKZF1,PIK3R1,1
IKZF1,ARMT1,1
IKZF1,SLC16A1,1
IKZF1,DOCK10,1
IKZF1,ACSS1,1
IKZF1,GNL3,1
IKZF1,CSTF2,1
IKZF1,IRF9,1
IKZF1,PPAT,1
IKZF1,PSMG2,1
IKZF1,FAM76B,1
IKZF1,DNAJC10,1
IKZF1,NDUFV1,1
IKZF1,SF3B3,1
IKZF1,SYK,1
IKZF1,GFM1,1
IKZF1,RAP1B,1
IKZF1,ABCB8,1
IKZF1,UBA7,1
IKZF1,CYBC1,1
IKZF1,INTS13,1
IKZF1,NAA50,1
IKZF1,TIPIN,1
IKZF1,JUN,1
IKZF1,TIMM50,1
IKZF1,GOLIM4,1
IKZF1,SEC23IP,1
IKZF1,CIP2A,1
IKZF1,NOL9,1
IKZF1,POLE3,1
IKZF1,NEDD1,1
IKZF1,CDT1,1
IKZF1,PGLYRP2,1
IKZF1,CDC7,1
IKZF1,SDF2L1,1
IKZF1,PPM1F,1
IKZF1,CSF2RB,1
IKZF1,HSPA1A,1
IKZF1,SNRPB,1
IKZF1,TNPO1,1
IKZF1,SGMS1,1
IKZF1,GBP3,1
IKZF1,METTL7A1,1
IKZF1,TYROBP,1
IKZF1,UBA2,1
IKZF1,SERPINB6A,1
IKZF1,SLCO4A1,1
IKZF1,SLA2,1
IKZF1,RPTOR,1
IKZF1,SLBP,1
IKZF1,KIF20B,1
IKZF1,MTREX,1
IKZF1,1700017B05RIK,1
IKZF1,TMEM33,1
IKZF1,LAX1,1
IKZF1,SERPINA3G,1
IKZF1,B3GNT5,1
IKZF1,MGAT1,1
IKZF1,SUSD3,1
IKZF1,4833439L19RIK,1
IKZF1,TTLL12,1
IKZF1,ECT2,1
IKZF1,FCHO2,1
IKZF1,AKNA,1
IKZF1,EIF2B1,1
IKZF1,ZBTB20,1
IKZF1,TSPAN14,1
IKZF1,GIMAP6,1
IKZF1,NCAPG2,1
IKZF1,MRPL20,1
IKZF1,METAP1,1
IKZF1,SAMD9L,1
IKZF1,PANX1,1
IKZF1,ATAD1,1
IKZF1,SHISA5,1
IKZF1,DCAF13,1
IKZF1,TXNIP,1
IKZF1,ATF7,1
IKZF1,CDK1,1
IKZF1,SH3BGRL,1
IKZF1,GTF2F1,1
IKZF1,SOCS2,1
IKZF1,TARS,1
IKZF1,SUPV3L1,1
IKZF1,SERP1,1
IKZF1,RAD51,1
IKZF1,MCM4,1
IKZF1,KCTD12,1
IKZF1,CYP2J9,1
IKZF1,ARL8B,1
IKZF1,NRROS,1
IKZF1,CD93,1
IKZF1,SLC25A46,1
IKZF1,ZDHHC13,1
IKZF1,TBC1D10C,1
IKZF1,DHRS3,1
IKZF1,PRKCH,1
IKZF1,PRKCD,1
IKZF1,TIMM29,1
IKZF1,CD69,1
IKZF1,MAML3,1
IKZF1,ZFAND5,1
IKZF1,MFSD1,1
IKZF1,ZBTB38,1
IKZF1,CAMK2D,1
IKZF1,SNAP23,1
IKZF1,RANBP3,1
IKZF1,ZNRF2,1
IKZF1,TUBGCP3,1
IKZF1,DHX33,1
IKZF1,CENPE,1
IKZF1,CSGALNACT2,1
IKZF1,GIMAP5,1
IKZF1,DENND1C,1
IKZF1,ZFP945,1
IKZF1,ADORA2A,1
IKZF1,PLA2G15,1
IKZF1,PRC1,1
IKZF1,HAT1,1
IKZF1,GLIPR2,1
IKZF1,SMC2,1
IKZF1,TCP11L2,1
IKZF1,PKIB,1
IKZF1,OSBPL8,1
IKZF1,LAPTM4B,1
IKZF1,GUSB,1
IKZF1,ANXA5,1
IKZF1,PTPN7,1
IKZF1,PARVG,1
IKZF1,ABL1,1
IKZF1,OSBPL1A,1
IKZF1,RFC4,1
IKZF1,EYA2,1
IKZF1,CBX5,1
IKZF1,DEK,1
IKZF1,ACOX3,1
IKZF1,RRM1,1
IKZF1,TMEM173,1
IKZF1,USP37,1
IKZF1,FIGNL1,1
IKZF1,GFI1B,1
IKZF1,PTDSS1,1
IKZF1,CTLA2A,1
IKZF1,ELOVL5,1
IKZF1,BTAF1,1
IKZF1,REL,1
IKZF1,DCK,1
IKZF1,MFNG,1
IKZF1,WDHD1,1
IKZF1,CTLA2B,1
IKZF1,NAMPT,1
IKZF1,SALL2,1
IKZF1,TFRC,1
IKZF1,ITGAL,1
IKZF1,LONP1,1
IKZF1,SPTBN1,1
IKZF1,MFSD14B,1
IKZF1,NDUFA10,1
IKZF1,TK1,1
IKZF1,TES,1
IKZF1,GEMIN5,1
IKZF1,TEX10,1
IKZF1,DPP8,1
IKZF1,HUS1,1
IKZF1,ITPR1,1
IKZF1,CLN5,1
IKZF1,DNAJC5,1
IKZF1,COPB1,1
IKZF1,PRIM2,1
IKZF1,PFKFB3,1
IKZF1,DUT,1
IKZF1,ZHX1,1
IKZF1,FOXRED1,1
IKZF1,MLKL,1
IKZF1,CIPC,1
IKZF1,CTSO,1
IKZF1,WSB1,1
IKZF1,FEM1B,1
IKZF1,BC035044,1
IKZF1,PREP,1
IKZF1,MCM6,1
IKZF1,SHCBP1,1
IKZF1,NUDT19,1
IKZF1,MOB3C,1
IKZF1,CDCA5,1
IKZF1,DNAJC11,1
IKZF1,SLC30A5,1
IKZF1,PDIA4,1
IKZF1,MAPK1,1
IKZF1,API5,1
IKZF1,XAF1,1
IKZF1,TESPA1,1
IKZF1,PIP4K2A,1
IKZF1,RCSD1,1
IKZF1,FAM111A,1
IKZF1,TTF2,1
IKZF1,ZFP53,1
IKZF1,JARID2,1
IKZF1,HYOU1,1
IKZF1,SEH1L,1
IKZF1,ANXA1,1
IKZF1,STAT2,1
IKZF1,SGO1,1
IKZF1,DUS1L,1
IKZF1,RIN3,1
IKZF1,ATP10A,1
IKZF1,ATG12,1
IKZF1,AP3S1,1
IKZF1,MTMR4,1
IKZF1,ARCN1,1
IKZF1,PHB2,1
IKZF1,CREBRF,1
IKZF1,SPI1,1
IKZF1,CLEC12A,1
IKZF1,SLFN2,1
IKZF1,PHF5A,1
IKZF1,DDX1,1
IKZF1,TUBA4A,1
IKZF1,EEF1E1,1
IKZF1,REXO4,1
IKZF1,9430015G10RIK,1
IKZF1,H1F0,1
IKZF1,CDCA8,1
IKZF1,PSMD9,1
IKZF1,RTP4,1
IKZF1,IPO9,1
IKZF1,THADA,1
IKZF1,MXD3,1
IKZF1,MICU1,1
IKZF1,PPM1G,1
IKZF1,MKI67,1
IKZF1,NOP2,1
IKZF1,ABCE1,1
IKZF1,EDEM1,1
IKZF1,IRGM2,1
IKZF1,JPT2,1
IKZF1,UQCRFS1,1
IKZF1,WDR43,1
IKZF1,CKAP2,1
IKZF1,AURKA,1
IKZF1,RARS,1
IKZF1,CUL3,1
IKZF1,CNN3,1
IKZF1,USP11,1
IKZF1,E2F8,1
IKZF1,RGS19,1
IKZF1,MARS,1
IKZF1,KLF6,1
IKZF1,ZFP322A,1
IKZF1,EZR,1
IKZF1,RAD51AP1,1
IKZF1,SYNJ1,1
IKZF1,FEM1A,1
IKZF1,EML4,1
IKZF1,IFRD2,1
IKZF1,PCMTD1,1
IKZF1,TOR3A,1
IKZF1,IFI30,1
IKZF1,SELENOP,1
IKZF1,RELB,1
IKZF1,EPRS,1
IKZF1,FBXW11,1
IKZF1,MMRN1,1
IKZF1,INO80D,1
IKZF1,RUVBL2,1
IKZF1,GYS1,1
IKZF1,ABCG3,1
IKZF1,TRMT6,1
IKZF1,UHRF1,1
IKZF1,KIF22,1
IKZF1,NDRG1,1
IKZF1,EPB41L4B,1
IKZF1,MYC,1
IKZF1,FAM102B,1
IKZF1,RABGGTB,1
IKZF1,LRRC59,1
IKZF1,MYO1G,1
IKZF1,SHMT1,1
IKZF1,UTP4,1
IKZF1,SEC24D,1
IKZF1,RGS2,1
IKZF1,PNO1,1
IKZF1,LY9,1
IKZF1,SRSF1,1
IKZF1,PLSCR4,1
IKZF1,CKS1B,1
IKZF1,PLXDC2,1
IKZF1,MCM2,1
IKZF1,LCP2,1
IKZF1,GNS,1
IKZF1,SMARCA2,1
IKZF1,RNF38,1
IKZF1,CENPK,1
IKZF1,ATRN,1
IKZF1,MDN1,1
IKZF1,GNG2,1
IKZF1,LSP1,1
IKZF1,ZFP367,1
IKZF1,UBASH3A,1
IKZF1,MYCN,1
IKZF1,VKORC1L1,1
IKZF1,PSMD6,1
IKZF1,SERPINB6B,1
IKZF1,GIMAP1,1
IKZF1,ATP11C,1
IKZF1,BCL2,1
IKZF1,POLR2B,1
IKZF1,IL17RA,1
IKZF1,DLST,1
IKZF1,TMX4,1
IKZF1,TEC,1
IKZF1,NSUN2,1
IKZF1,SNRNP200,1
IKZF1,GSR,1
IKZF1,TECPR1,1
IKZF1,LYN,1
IKZF1,PSMD1,1
IKZF1,HMGB2,1
IKZF1,AHCYL1,1
IKZF1,CD53,1
IKZF1,ITSN1,1
IKZF1,CCNB2,1
IKZF1,IARS,1
IKZF1,VPS35,1
IKZF1,PRPF4,1
IKZF1,ORC6,1
IKZF1,FLT3,1
IKZF1,TRPS1,1
IKZF1,PLAA,1
IKZF1,MC5R,1
IKZF1,TOP2A,1
IKZF1,PRKCQ,1
IKZF1,HELLS,1
IKZF1,CBFB,1
IKZF1,GK,1
IKZF1,EPSTI1,1
IKZF1,LRRC8B,1
IKZF1,IL27RA,1
IKZF1,FBXO5,1
IKZF1,PCLAF,1
IKZF1,CYB5R1,1
IKZF1,PHKB,1
IKZF1,5430427O19RIK,1
IKZF1,MNS1,1
IKZF1,MCM7,1
IKZF1,NFKBIA,1
IKZF1,NOLC1,1
IKZF1,GPRASP1,1
IKZF1,F13A1,1
IKZF1,NEIL3,1
IKZF1,NWD1,1
IKZF1,RTEL1,1
IKZF1,PFKP,1
IKZF1,ST8SIA4,1
IKZF1,CENPA,1
IKZF1,UAP1,1
IKZF1,TM6SF1,1
IKZF1,PDE4B,1
IKZF1,ATP13A1,1
IKZF1,BID,1
IKZF1,HDAC7,1
IKZF1,OSTM1,1
IKZF1,ZFP451,1
IKZF1,EIF3B,1
IKZF1,APLP2,1
IKZF1,CEP55,1
IKZF1,EBF1,1
IKZF1,RMND5A,1
IKZF1,NARS,1
IKZF1,CYP2J6,1
IKZF1,NDC1,1
IKZF1,GLRX5,1
IKZF1,CKAP5,1
IKZF1,SMPD4,1
IKZF1,LIG1,1
IKZF1,WDR4,1
IKZF1,TIFAB,1
IKZF1,PITPNC1,1
IKZF1,GPD1L,1
IKZF1,D1ERTD622E,1
IKZF1,CDCA4,1
IKZF1,PSMC2,1
IKZF1,MLLT3,1
IKZF1,GMCL1,1
IKZF1,NUP85,1
IKZF1,INCENP,1
IKZF1,GMNN,1
IKZF1,TNFRSF21,1
IKZF1,RANGAP1,1
IKZF1,HAAO,1
IKZF1,DNM1L,1
IKZF1,GTF2H1,1
IKZF1,COLGALT1,1
IKZF1,ITIH5,1
IKZF1,SPC25,1
IKZF1,HDAC2,1
IKZF1,TCIRG1,1
IKZF1,FOXO1,1
IKZF1,QARS,1
IKZF1,EFTUD2,1
IKZF1,POR,1
IKZF1,NCAPH,1
IKZF1,ATP1B3,1
IKZF1,TACC3,1
IKZF1,STIP1,1
IKZF1,PRODH,1
IKZF1,MCM5,1
IKZF1,MTCH2,1
IKZF1,DNAJC9,1
IKZF1,NCAPD2,1
IKZF1,RNF4,1
IKZF1,RGS18,1
IKZF1,CALCRL,1
IKZF1,TPM4,1
IKZF1,TXNDC11,1
IKZF1,APBB1,1
IKZF1,PSME4,1
IKZF1,RGCC,1
IKZF1,PRSS57,1
IKZF1,GALNT6,1
IKZF1,SLC35B4,1
IKZF1,PTPRS,1
IKZF1,E2F4,1
IKZF1,PWP2,1
IKZF1,PTTG1IP,1
IKZF1,CAND2,1
IKZF1,RETREG1,1
IKZF1,OTUD4,1
IKZF1,H2-DMA,1
IKZF1,ABHD17B,1
IKZF1,KIF11,1
IKZF1,IFITM1,1
IKZF1,H2AFX,1
IKZF1,TUBGCP2,1
IKZF1,MBNL3,1
IKZF1,XPNPEP1,1
IKZF1,GARS,1
IKZF1,PARP8,1
IKZF1,CD48,1
IKZF1,ENG,1
IKZF1,UBE2L6,1
IKZF1,RCOR1,1
IKZF1,MOGS,1
IKZF1,BTG2,1
IKZF1,COQ8A,1
IKZF1,NASP,1
IKZF1,GGTA1,1
IKZF1,VIPR2,1
IKZF1,CNIH1,1
IKZF1,GIMAP8,1
IKZF1,NDE1,1
IKZF1,STAG2,1
IKZF1,CCDC137,1
IKZF1,MYB,1
IKZF1,SIGLECG,1
IKZF1,ADO,1
IKZF1,INTS8,1
IKZF1,TMEM43,1
IKZF1,CDC45,1
IKZF1,NMD3,1
IKZF1,RRM2,1
IKZF1,HSPH1,1
IKZF1,ORC2,1
IKZF1,PRPS2,1
IKZF1,BUB1B,1
IKZF1,ERCC8,1
IKZF1,PHF10,1
IKZF1,AGPS,1
IKZF1,ZEB2,1
IKZF1,ADSSL1,1
IKZF1,HARS,1
IKZF1,ACOT9,1
IKZF1,GALNS,1
IKZF1,PPID,1
IKZF1,ODC1,1
IKZF1,IFI203,1
IKZF1,BYSL,1
IKZF1,ARHGEF18,1
IKZF1,WDR5,1
IKZF1,NDUFS1,1
IKZF1,ACLY,1
IKZF1,CDCA7,1
IKZF1,CTPS,1
IKZF1,ICAM1,1
IKZF1,HNRNPAB,1
IKZF1,CENPF,1
IKZF1,TMEM184C,1
IKZF1,RCC1,1
IKZF1,PSAT1,1
IKZF1,SETD2,1
IKZF1,DDX39,1
IKZF1,PUS7,1
IKZF1,PTPRE,1
IKZF1,DUSP1,1
IKZF1,CDK6,1
IKZF1,DOCK11,1
IKZF1,RPS6KA5,1
IKZF1,CCNE2,1
IKZF1,PCMTD2,1
IKZF1,H2-Q6,1
IKZF1,CD274,1
IKZF1,MIEF1,1
IKZF1,YBX3,1
IKZF1,SLC37A1,1
IKZF1,MPZL1,1
IKZF1,BCAP29,1
IKZF1,MTHFD1,1
IKZF1,SZT2,1
IKZF1,CS,1
IKZF1,SLC35A4,1
IKZF1,NFATC2,1
IKZF1,ATP8B4,1
IKZF1,ADK,1
IKZF1,YPEL3,1
IKZF1,MYO5A,1
IKZF1,PIK3IP1,1
IKZF1,PRIM1,1
IKZF1,FASTKD2,1
IKZF1,RFC5,1
IKZF1,HMBS,1
IKZF1,GABBR1,1
IKZF1,SNX30,1
IKZF1,RAD21,1
IKZF1,CCNF,1
IKZF1,SATB1,1
IKZF1,CERS4,1
IKZF1,CAD,1
IKZF1,ZFP422,1
IKZF1,DDX21,1
IKZF1,MTR,1
IKZF1,9530068E07RIK,1
IKZF1,VAV3,1
IKZF1,IGTP,1
IKZF1,THSD1,1
IKZF1,ALDH18A1,1
IKZF1,TMEM206,1
IKZF1,CSE1L,1
IKZF1,TRIM47,1
IKZF1,POLR1B,1
IKZF1,POLE,1
IKZF1,MPI,1
IKZF1,MTO1,1
IKZF1,BUB1,1
IKZF1,PSME3,1
IKZF1,TNFRSF13C,1
IKZF1,NUBP2,1
IKZF1,NCLN,1
IKZF1,SLC2A3,1
IKZF1,CCL4,1
IKZF1,TSC22D1,1
IKZF1,TOMM70A,1
IKZF1,EGR1,1
IKZF1,NECAP2,1
IKZF1,FGFR1OP,1
IKZF1,USP14,1
IKZF1,ZMIZ1,1
IKZF1,RASSF4,1
IKZF1,CD300A,1
IKZF1,SCARB1,1
IKZF1,HDGF,1
IKZF1,SLC28A2,1
IKZF1,FES,1
IKZF1,MCOLN2,1
IKZF1,KPNA3,1
IKZF1,OTULINL,1
IKZF1,GMIP,1
IKZF1,BC005561,1
IKZF1,TRIB3,1
IKZF1,HLF,1
IKZF1,UBE2C,1
IKZF1,SLC35E1,1
IKZF1,SESN1,1
IKZF1,TMEM176A,1
IKZF1,IL21R,1
IKZF1,CYP4V3,1
IKZF1,ABL2,1
IKZF1,ANGPT1,1
IKZF1,PAK1,1
IKZF1,LAP3,1
IKZF1,GEM,1
IKZF1,HACD3,1
IKZF1,ABCG2,1
IKZF1,MGAT5,1
IKZF1,H2-OB,1
IKZF1,AURKB,1
IKZF1,CD244A,1
IKZF1,HDAC11,1
IKZF1,STT3A,1
IKZF1,NUSAP1,1
IKZF1,SPPL2B,1
IKZF1,ALDH9A1,1
IKZF1,MR1,1
IKZF1,ATP6AP2,1
IKZF1,AP1S2,1
IKZF1,TGTP2,1
IKZF1,TGTP1,1
IKZF1,RPA1,1
IKZF1,ARHGAP15,1
IKZF1,ZFP467,1
IKZF1,ERLIN1,1
IKZF1,HERPUD1,1
IKZF1,SLC43A3,1
IKZF1,PSEN1,1
IKZF1,HCFC1,1
IKZF1,GOLT1B,1
IKZF1,TBC1D9B,1
IKZF1,PTGS1,1
IKZF1,USP42,1
IKZF1,HID1,1
IKZF1,ARFGEF2,1
IKZF1,SLC20A1,1
IKZF1,CDC6,1
IKZF1,RPAP1,1
IKZF1,EIF1AD,1
IKZF1,SPC24,1
IKZF1,FTSJ3,1
IKZF1,FRRS1,1
IKZF1,IDH3A,1
IKZF1,SELL,1
IKZF1,RAB37,1
IKZF1,KCTD20,1
IKZF1,ELMO2,1
IKZF1,S100A6,1
IKZF1,LMO4,1
IKZF1,CASP1,1
IKZF1,PRELID3B,1
IKZF1,CD82,1
IKZF1,VAV1,1
IKZF1,TAF12,1
IKZF1,MYO1F,1
IKZF1,POLA2,1
IKZF1,MCM10,1
IKZF1,SARAF,1
IKZF1,MFSD10,1
IKZF1,CDCA3,1
IKZF1,ISYNA1,1
IKZF1,TSPAN3,1
IKZF1,STT3B,1
IKZF1,NPDC1,1
IKZF1,PHF6,1
IKZF1,IMMT,1
IKZF1,TRIM59,1
IKZF1,SORT1,1
IKZF1,CYFIP2,1
IKZF1,PTCD3,1
IKZF1,STRAP,1
IKZF1,TSC22D3,1
IKZF1,LGALS1,1
IKZF1,FAM91A1,1
IKZF1,WDR55,1
IKZF1,SPCS3,1
IKZF1,UBAC1,1
IKZF1,KNSTRN,1
IKZF1,G6PDX,1
IKZF1,IRF8,1
IKZF1,CDKN1A,1
IKZF1,CD44,1
IKZF1,GOLPH3,1
IKZF1,LMAN2L,1
IKZF1,IFI209,1
IKZF1,CTR9,1
IKZF1,IARS2,1
IKZF1,SGPP1,1
IKZF1,LTB,1
IKZF1,EPAS1,1
IKZF1,ARHGEF39,1
IKZF1,DHFR,1
IKZF1,SFXN1,1
IKZF1,CERS6,1
IKZF1,UMPS,1
IKZF1,NPLOC4,1
IKZF1,PIM2,1
IKZF1,CTSZ,1
IKZF1,FUT7,1
IKZF1,RHOF,1
IKZF1,CNRIP1,1
IKZF1,TM7SF3,1
IKZF1,LACTB,1
IKZF1,GBP2,1
IKZF1,ARL11,1
IKZF1,FAM171A1,1
IKZF1,MED16,1
IKZF1,SYTL1,1
IKZF1,SLA,1
IKZF1,CST7,1
IKZF1,REXO2,1
IKZF1,INPP5B,1
IKZF1,ANKRD44,1
IKZF1,CERK,1
IKZF1,PRR5,1
IKZF1,FDFT1,1
IKZF1,SPIDR,1
IKZF1,LDHB,1
IKZF1,ITCH,1
IKZF1,BDH2,1
IKZF1,SLC39A6,1
IKZF1,ELP2,1
IKZF1,GCLC,1
IKZF1,DEF8,1
IKZF1,TFR2,1
IKZF1,MAGED2,1
IKZF1,RNF122,1
IKZF1,TGFBR1,1
IKZF1,RPN1,1
IKZF1,DOK2,1
IKZF1,NUP88,1
IKZF1,DENND2D,1
IKZF1,TINAGL1,1
IKZF1,CYC1,1
IKZF1,FLNB,1
IKZF1,NAP1L3,1
IKZF1,GCNT2,1
IKZF1,TPX2,1
IKZF1,IGFBP4,1
IKZF1,RGS1,1
IKZF1,ARID2,1
IKZF1,GNG12,1
IKZF1,MEMO1,1
IKZF1,SLC19A1,1
IKZF1,CSF1R,1
IKZF1,GM5111,1
IKZF1,TCN2,1
IKZF1,ALAS1,1
IKZF1,RORC,1
IKZF1,JPT1,1
IKZF1,HEXA,1
IKZF1,ZFP36,1
IKZF1,KIF13A,1
IKZF1,CFP,1
IKZF1,UBL4A,1
IKZF1,CBX7,1
IKZF1,NUPR1,1
IKZF1,DDX60,1
IKZF1,MAN2A2,1
IKZF1,CCDC50,1
IKZF1,PLD3,1
IKZF1,CREB5,1
IKZF1,PTGR1,1
IKZF1,KPNA1,1
IKZF1,EBI3,1
IKZF1,RASA4,1
IKZF1,GRIA3,1
IKZF1,RPP40,1
IKZF1,PLXNC1,1
IKZF1,PLAG1,1
IKZF1,RORA,1
IKZF1,YBX1,1
IKZF1,DDX58,1
IKZF1,MSMO1,1
IKZF1,SMPDL3A,1
IKZF1,RACGAP1,1
IKZF1,THEMIS2,1
IKZF1,TIMP2,1
IKZF1,TNFAIP2,1
IKZF1,EMB,1
IKZF1,GPR65,1
IKZF1,AKAP8L,1
IKZF1,FGL2,1
IKZF1,SOAT1,1
IKZF1,TMEM50B,1
IKZF1,FAM189B,1
IKZF1,EIF4ENIF1,1
IKZF1,TGM2,1
IKZF1,MTMR1,1
IKZF1,ADSL,1
IKZF1,GPR160,1
IKZF1,SLCO3A1,1
IKZF1,SLC26A2,1
IKZF1,GANAB,1
IKZF1,HDGFL3,1
IKZF1,PADI4,1
IKZF1,SERPINB1A,1
IKZF1,RAB31,1
IKZF1,SGCE,1
IKZF1,USP10,1
IKZF1,APOE,1
IKZF1,ST6GALNAC4,1
IKZF1,GRK3,1
IKZF1,NUDT4,1
IKZF1,ERGIC1,1
IKZF1,MTFR1,1
IKZF1,MRPL37,1
IKZF1,TSPAN2,1
IKZF1,MS4A6C,1
IKZF1,TENT5A,1
IKZF1,SLC29A1,1
IKZF1,MTUS1,1
IKZF1,KCNK5,1
IKZF1,NDRG2,1
IKZF1,MTOR,1
IKZF1,STOM,1
IKZF1,TRIM30D,1
IKZF1,MEIS1,1
IKZF1,TLE2,1
IKZF1,TMEM97,1
IKZF1,GRINA,1
IKZF1,METTL27,1
IKZF1,F11R,1
IKZF1,PLEK,1
IKZF1,IFI27L2A,1
IKZF1,SRM,1
IKZF1,SPNS2,1
IKZF1,NFAM1,1
IKZF1,BACE1,1
IKZF1,H2-AA,1
IKZF1,NEURL3,1
IKZF1,FLNA,1
IKZF1,PEAR1,1
IKZF1,PBX1,1
IKZF1,HMGB3,1
IKZF1,TSPOAP1,1
IKZF1,OSGIN1,1
IKZF1,IRF7,1
IKZF1,HACD4,1
IKZF1,RAB44,1
IKZF1,EMILIN1,1
IKZF1,KIF17,1
IKZF1,FLOT2,1
IKZF1,RAB38,1
IKZF1,CASP4,1
IKZF1,PYGM,1
IKZF1,PRTN3,1
IKZF1,SLC44A2,1
IKZF1,NSD2,1
IKZF1,SVIP,1
IKZF1,MAPKAPK3,1
IKZF1,NFIA,1
IKZF1,IRF6,1
IKZF1,RP2,1
IKZF1,ABCB10,1
IKZF1,SPNS3,1
IKZF1,XRCC3,1
IKZF1,SORL1,1
IKZF1,ADA,1
IKZF1,SLC18A2,1
IKZF1,SELENBP1,1
IKZF1,FGGY,1
IKZF1,ARRDC4,1
IKZF1,HIF3A,1
IKZF1,LY6A,1
IKZF1,SIRPA,1
IKZF1,IL12A,1
IKZF1,BATF2,1
IKZF1,CTTN,1
IKZF1,BTK,1
IKZF1,CASP12,1
IKZF1,TNIP3,1
IKZF1,IFI44,1
IRF8,CYBC1,1
IRF8,H2-Q6,1
IRF8,TLR4,1
IRF8,GBP7,1
IRF8,GBP3,1
IRF8,PHF11B,1
IRF8,ZEB2,1
IRF8,IRGM2,1
IRF8,CD53,1
IRF8,IGTP,1
IRF8,CD274,1
IRF8,CASP1,1
IRF8,GNS,1
IRF8,RTP4,1
IRF8,NAPSA,1
IRF8,CD68,1
IRF8,DDX60,1
IRF8,RBPMS,1
IRF8,ICAM1,1
IRF8,SAMD9L,1
IRF8,LSP1,1
IRF8,GATM,1
IRF8,TMEM229B,1
IRF8,FOXRED1,1
IRF8,OASL2,1
IRF8,CLEC12A,1
IRF8,CFP,1
IRF8,ZFP945,1
IRF8,FES,1
IRF8,CENPA,1
IRF8,TGTP2,1
IRF8,GIMAP6,1
IRF8,ISG20,1
IRF8,NCEH1,1
IRF8,ARID3B,1
IRF8,LY86,1
IRF8,GBP2,1
IRF8,ARID5A,1
IRF8,METTL7A1,1
IRF8,ARL8B,1
IRF8,FCER1G,1
IRF8,PHKB,1
IRF8,HJURP,1
IRF8,SNX30,1
IRF8,XAF1,1
IRF8,ELF1,1
IRF8,UBA7,1
IRF8,PFKP,1
IRF8,UNC93B1,1
IRF8,SYNJ1,1
IRF8,BC035044,1
IRF8,DEK,1
IRF8,CTSZ,1
IRF8,TRIM35,1
IRF8,CD74,1
IRF8,TRIM30D,1
IRF8,NAMPT,1
IRF8,DNAJC10,1
IRF8,H2-AA,1
IRF8,RIN3,1
IRF8,E2F8,1
IRF8,SLFN2,1
IRF8,STAT2,1
IRF8,OAS3,1
IRF8,EPSTI1,1
IRF8,RGS18,1
IRF8,VAV3,1
IRF8,CLTC,1
IRF8,CD300A,1
IRF8,CLN5,1
IRF8,CSF2RB,1
IRF8,ACOX3,1
IRF8,ELMO2,1
IRF8,GRK3,1
IRF8,FTSJ3,1
IRF8,ACOT9,1
IRF8,ATAD1,1
IRF8,ATP8B4,1
IRF8,MLKL,1
IRF8,PARVG,1
IRF8,SELENOP,1
IRF8,IL12A,1
IRF8,TM6SF1,1
IRF8,APOE,1
IRF8,TMEM33,1
IRF8,TUBA4A,1
IRF8,TNFRSF21,1
IRF8,EBI3,1
IRF8,HSPA4,1
IRF8,MS4A6C,1
IRF8,SERPINB9,1
IRF8,NFAM1,1
IRF8,RAD51AP1,1
IRF8,SIRPA,1
IRF8,ME2,1
IRF8,TGTP1,1
IRF8,HELLS,1
IRF8,IKZF1,1
IRF8,CYP4V3,1
IRF8,ANGPT1,1
IRF8,GNG2,1
IRF8,FCGR2B,1
IRF8,IFI203,1
IRF8,EDEM1,1
IRF8,CD48,1
IRF8,NSD2,1
IRF8,ST6GALNAC4,1
IRF8,UPP1,1
IRF8,TCIRG1,1
IRF8,RARB,1
IRF8,HUS1,1
IRF8,LMAN2L,1
IRF8,NCF1,1
IRF8,CTSO,1
IRF8,SYK,1
IRF8,NFATC2,1
IRF8,INTS13,1
IRF8,CTTN,1
IRF8,BID,1
IRF8,NUBP2,1
IRF8,MIS12,1
IRF8,WDR43,1
IRF8,TBC1D10C,1
IRF8,NDRG1,1
IRF8,HNRNPLL,1
IRF8,CDCA4,1
IRF8,GOLIM4,1
IRF8,DOCK10,1
IRF8,UBE2L6,1
IRF8,GMIP,1
IRF8,CTLA2B,1
IRF8,GALNT6,1
IRF8,CD82,1
IRF8,NCLN,1
IRF8,H2-OB,1
IRF8,TMX3,1
IRF8,ITGAL,1
IRF8,ARRDC4,1
IRF8,DDX20,1
IRF8,SF3B3,1
IRF8,DENND2D,1
IRF8,IRF9,1
IRF8,LY6C2,1
IRF8,NUDT19,1
IRF8,HAAO,1
IRF8,TESPA1,1
IRF8,CDCA5,1
IRF8,IGSF6,1
IRF8,TBC1D5,1
IRF8,TMEM154,1
IRF8,NDUFA10,1
IRF8,CNRIP1,1
IRF8,TMEM173,1
IRF8,PSEN1,1
IRF8,FUT7,1
IRF8,EIF4ENIF1,1
IRF8,NFAT5,1
IRF8,WDR5,1
IRF8,ELAC2,1
IRF8,DPP8,1
IRF8,ZDHHC13,1
IRF8,MRPL20,1
IRF8,SHISA5,1
IRF8,FAM76B,1
IRF8,TYROBP,1
IRF8,RACGAP1,1
IRF8,TMEM206,1
IRF8,BTK,1
IRF8,ZDHHC6,1
IRF8,TFG,1
IRF8,ZFP367,1
IRF8,KCTD12,1
IRF8,CLEC4E,1
IRF8,XRCC6,1
IRF8,PIK3R1,1
IRF8,PLEK,1
IRF8,CERS6,1
IRF8,EIF1AD,1
IRF8,MGAT1,1
IRF8,SCARB1,1
IRF8,IDH1,1
IRF8,RAP1B,1
IRF8,QARS,1
IRF8,LCP2,1
IRF8,MTOR,1
IRF8,GFI1B,1
IRF8,MYO1G,1
IRF8,EZR,1
IRF8,EML4,1
IRF8,CDKN1A,1
IRF8,LDHB,1
IRF8,ABCB8,1
IRF8,SERPINA3G,1
IRF8,CST7,1
IRF8,FGFR1OP,1
IRF8,DUS1L,1
IRF8,PSMC2,1
IRF8,TXNIP,1
IRF8,DHRS3,1
IRF8,CYB5R1,1
IRF8,CCDC137,1
IRF8,NUF2,1
IRF8,SRSF1,1
IRF8,HARS,1
IRF8,ABL1,1
IRF8,ARL11,1
IRF8,UMPS,1
IRF8,TCF19,1
IRF8,TES,1
IRF8,METAP1,1
IRF8,IFI209,1
IRF8,HACD4,1
IRF8,ZFP53,1
IRF8,TIMM29,1
IRF8,MCM7,1
IRF8,PLIN3,1
IRF8,RPRD1B,1
IRF8,REXO4,1
IRF8,PRIM2,1
IRF8,BCAP29,1
IRF8,ZFP35,1
IRF8,CREB5,1
IRF8,RTEL1,1
IRF8,ARHGAP15,1
IRF8,KIF22,1
IRF8,SZT2,1
IRF8,GUSB,1
IRF8,HACD3,1
IRF8,MCM4,1
IRF8,GIMAP5,1
IRF8,ETF1,1
IRF8,MORC3,1
IRF8,SNRNP200,1
IRF8,TBXAS1,1
IRF8,PTGS1,1
IRF8,TMEM184C,1
IRF8,RP2,1
IRF8,SIGLECG,1
IRF8,ENG,1
IRF8,ALDH18A1,1
IRF8,BUB1B,1
IRF8,TIFAB,1
IRF8,SGMS1,1
IRF8,CNIH1,1
IRF8,MARS,1
IRF8,LONP2,1
IRF8,B230219D22RIK,1
IRF8,PLEKHO2,1
IRF8,DENND1C,1
IRF8,CCNE2,1
IRF8,RETREG1,1
IRF8,GM4951,1
IRF8,CENPK,1
IRF8,STT3A,1
IRF8,LRRC59,1
IRF8,ARHGEF39,1
IRF8,OTUD6B,1
IRF8,NUDCD1,1
IRF8,DNAJC9,1
IRF8,PIK3IP1,1
IRF8,TRMT6,1
IRF8,SMC2,1
IRF8,IIGP1,1
IRF8,CBFB,1
IRF8,KIF20B,1
IRF8,S100A6,1
IRF8,CSF1R,1
IRF8,BTAF1,1
IRF8,NOP2,1
IRF8,BATF2,1
IRF8,NUS1,1
IRF8,H2-DMA,1
IRF8,GMFB,1
IRF8,TOP3B,1
IRF8,CKAP2L,1
IRF8,OSGIN1,1
IRF8,D1ERTD622E,1
IRF8,ATP10A,1
IRF8,UBR7,1
IRF8,NDUFS1,1
IRF8,DNM1L,1
IRF8,TBL3,1
IRF8,E2F4,1
IRF8,DOK2,1
IRF8,NAP1L3,1
IRF8,TEC,1
IRF8,NAA50,1
IRF8,MTMR1,1
IRF8,ATAD2,1
IRF8,NUP155,1
IRF8,KNSTRN,1
IRF8,ATP6AP2,1
IRF8,PSAT1,1
IRF8,MIS18BP1,1
IRF8,HASPIN,1
IRF8,GTF2H1,1
IRF8,CD244A,1
IRF8,CENPO,1
IRF8,1700017B05RIK,1
IRF8,SULT1A1,1
IRF8,XPC,1
IRF8,GCNT2,1
IRF8,EIF2S1,1
IRF8,CENPF,1
IRF8,SCARF1,1
IRF8,CIPC,1
IRF8,BUB1,1
IRF8,RANGAP1,1
IRF8,NARS,1
IRF8,CCL4,1
IRF8,STT3B,1
IRF8,USP10,1
IRF8,FAM111A,1
IRF8,CHORDC1,1
IRF8,RPP40,1
IRF8,ADSL,1
IRF8,TSPAN14,1
IRF8,PSME4,1
IRF8,HAT1,1
IRF8,CDCA3,1
IRF8,PRMT5,1
IRF8,MDN1,1
IRF8,INO80D,1
IRF8,VSIR,1
IRF8,ABCE1,1
IRF8,AURKA,1
IRF8,HSPH1,1
IRF8,SVIP,1
IRF8,GM1966,1
IRF8,MEIS1,1
IRF8,ACSS2,1
IRF8,PRPF4,1
IRF8,HIF3A,1
IRF8,CALCRL,1
IRF8,VAV1,1
IRF8,TNPO1,1
IRF8,BIRC5,1
IRF8,PSMD6,1
IRF8,FEM1B,1
IRF8,NEDD1,1
IRF8,NUP107,1
IRF8,MYO5A,1
IRF8,DHX33,1
IRF8,HDGF,1
IRF8,SERP1,1
IRF8,SMARCA2,1
IRF8,MS4A3,1
IRF8,ZBTB20,1
IRF8,IMMT,1
IRF8,CLPTM1L,1
IRF8,TRPS1,1
IRF8,KAT7,1
IRF8,EIF2B1,1
IRF8,FCGR3,1
IRF8,CASP4,1
IRF8,RNF4,1
IRF8,FAM102B,1
IRF8,INPP5B,1
IRF8,PHB2,1
IRF8,CENPE,1
IRF8,GPD1L,1
IRF8,ATP1B3,1
IRF8,PLD3,1
IRF8,NUPR1,1
IRF8,GFM1,1
IRF8,SPC25,1
IRF8,MYC,1
JUN,CREB5,1
JUN,CDT1,1
JUN,COLGALT1,1
JUN,TMX4,1
JUN,SLC35A4,1
JUN,BTG2,1
JUN,GUSB,1
JUN,CAPG,1
JUN,CD63,1
JUN,ABCB8,1
JUN,CD68,1
JUN,TRIM47,1
JUN,ATP8B4,1
JUN,CLEC12A,1
JUN,CCL4,1
JUN,NEURL3,1
JUN,HSPA1A,1
JUN,MTMR4,1
JUN,PPP1R15A,1
JUN,CISH,1
JUN,SHISA5,1
JUN,PLEK,1
JUN,SLFN2,1
JUN,LRRC8B,1
JUN,SPI1,1
JUN,TMEM229B,1
JUN,PRC1,1
JUN,TGM2,1
JUN,ACSS2,1
JUN,UBA7,1
JUN,GBP3,1
JUN,ATAD1,1
JUN,CSE1L,1
JUN,CLTC,1
JUN,TNPO1,1
JUN,LACTB,1
JUN,NFKBIA,1
JUN,TCIRG1,1
JUN,OSGIN1,1
JUN,KLF6,1
JUN,PLD3,1
JUN,ETF1,1
JUN,NCAPG2,1
JUN,HK3,1
JUN,CD44,1
JUN,LSP1,1
JUN,NARS,1
JUN,TPM4,1
JUN,TRIB3,1
JUN,SLC30A5,1
JUN,SIRPA,1
JUN,HAT1,1
JUN,EBI3,1
JUN,EZR,1
JUN,XAF1,1
JUN,DUSP1,1
JUN,ELMO2,1
JUN,NDUFA10,1
JUN,QARS,1
JUN,CAMK2D,1
JUN,RTP4,1
JUN,ELF1,1
JUN,PLIN3,1
JUN,SMARCA2,1
JUN,NAMPT,1
JUN,SLCO4A1,1
JUN,BPIFC,1
JUN,GBP7,1
JUN,PDE4B,1
JUN,H2-Q6,1
JUN,TUBGCP2,1
JUN,LRRC59,1
JUN,CLEC4E,1
JUN,ANXA2,1
JUN,CYP4V3,1
JUN,CFP,1
JUN,NOLC1,1
JUN,SLPI,1
JUN,UBE2L6,1
JUN,TXNIP,1
JUN,TMEM154,1
JUN,MARS,1
JUN,F2R,1
JUN,SYNJ1,1
JUN,RUVBL2,1
JUN,GYS1,1
JUN,TFG,1
JUN,TMEM33,1
JUN,CTLA2B,1
JUN,DEF8,1
JUN,RANGAP1,1
JUN,HJURP,1
JUN,SLC31A1,1
JUN,UAP1,1
JUN,GBP2,1
JUN,TNIP3,1
JUN,ZEB2,1
JUN,ZFAND5,1
JUN,CD244A,1
JUN,TXNDC11,1
JUN,REL,1
JUN,BTAF1,1
JUN,PHF11B,1
JUN,RFC4,1
JUN,ARL11,1
JUN,FIGNL1,1
JUN,RAD51AP1,1
JUN,SGMS1,1
JUN,RBPMS,1
JUN,OAS3,1
JUN,UPP1,1
JUN,PTPRS,1
JUN,ISG20,1
JUN,FEM1B,1
JUN,PTPRE,1
JUN,E2F8,1
JUN,DHX33,1
JUN,CTC1,1
JUN,ELOVL5,1
JUN,SLC25A38,1
JUN,CDCA5,1
JUN,HSPA4,1
JUN,NDC80,1
JUN,GOLPH3,1
JUN,KCTD20,1
JUN,TOR3A,1
JUN,NUBP2,1
JUN,MIEF1,1
JUN,PAK1,1
JUN,RETREG1,1
JUN,BIRC5,1
JUN,CENPA,1
JUN,IGSF6,1
JUN,PATL1,1
JUN,GALNT6,1
JUN,IFI203,1
JUN,NUP107,1
JUN,TMEM43,1
JUN,RGCC,1
JUN,TNFRSF21,1
JUN,DCK,1
JUN,HERPUD1,1
JUN,SMPDL3A,1
JUN,PPM1F,1
JUN,CBX5,1
JUN,KPNA3,1
JUN,ARID3B,1
JUN,LONP1,1
JUN,LY9,1
JUN,TYROBP,1
JUN,ZFP367,1
JUN,GIMAP6,1
JUN,SHCBP1,1
JUN,GEM,1
JUN,RGS1,1
JUN,DDX20,1
JUN,ABCE1,1
JUN,NFE2,1
JUN,CALCRL,1
JUN,PCMTD1,1
JUN,CASP4,1
JUN,CLPTM1L,1
JUN,STAT2,1
JUN,AHCYL1,1
JUN,IDH1,1
JUN,GNS,1
JUN,OSBPL8,1
JUN,ARID5A,1
JUN,ENG,1
JUN,KAT7,1
JUN,ADORA2A,1
JUN,UHRF1,1
JUN,NAA50,1
JUN,TBXAS1,1
JUN,MICU1,1
JUN,DNAJC10,1
JUN,TLR4,1
JUN,S100A6,1
JUN,VDR,1
JUN,RAB44,1
JUN,GTF2F1,1
JUN,FOXRED1,1
JUN,FAM111A,1
JUN,ZFP945,1
JUN,AKNA,1
JUN,NECAP2,1
JUN,FAM136A,1
JUN,CS,1
JUN,NEDD1,1
JUN,NUPR1,1
JUN,AURKA,1
JUN,NCAPH,1
JUN,SLC35E1,1
JUN,ACOX3,1
JUN,TMEM184C,1
JUN,RCC1,1
JUN,RARB,1
JUN,CTSZ,1
JUN,RELB,1
JUN,TBL3,1
JUN,TSC22D1,1
JUN,LDHB,1
JUN,SNRNP200,1
JUN,KCTD12,1
JUN,ERLIN1,1
JUN,ADSSL1,1
JUN,CD53,1
JUN,CD69,1
JUN,PRMT5,1
JUN,POR,1
JUN,WSB1,1
JUN,RGS18,1
JUN,ARL8B,1
JUN,LY6A,1
JUN,ANKRD44,1
JUN,MTREX,1
JUN,ME2,1
JUN,TIMM50,1
JUN,TIMM29,1
JUN,XRCC6,1
JUN,NADK,1
JUN,DOCK10,1
JUN,DPP8,1
JUN,PHF5A,1
JUN,XPNPEP1,1
JUN,CST7,1
JUN,ARL6IP6,1
JUN,DENND1C,1
JUN,RNF38,1
JUN,PHB2,1
JUN,UQCRFS1,1
JUN,BCL2,1
JUN,VKORC1L1,1
JUN,ATF7,1
JUN,CENPE,1
JUN,GCNT2,1
JUN,SEC23IP,1
JUN,CHORDC1,1
JUN,PSMD1,1
JUN,EPRS,1
JUN,MAPKAPK3,1
JUN,IFRD2,1
JUN,TARS,1
JUN,STX3,1
JUN,ARRDC4,1
JUN,TES,1
JUN,PSEN1,1
JUN,RMND5A,1
JUN,WDR43,1
JUN,MR1,1
JUN,MTMR6,1
JUN,MGAT1,1
JUN,SDF2L1,1
JUN,STRAP,1
JUN,ANXA5,1
JUN,CDCA4,1
JUN,9530068E07RIK,1
JUN,STIP1,1
JUN,SESN1,1
JUN,RIN3,1
JUN,NDUFV1,1
JUN,ZDHHC13,1
JUN,DOK2,1
JUN,NAPSA,1
JUN,HDGF,1
JUN,KIF11,1
JUN,PSME4,1
JUN,CDCA3,1
JUN,METTL7A1,1
JUN,CUL3,1
JUN,PLAA,1
JUN,PROCR,1
JUN,FCGR3,1
JUN,NUF2,1
JUN,CERS6,1
JUN,SERPINA3G,1
JUN,NOL9,1
JUN,TBC1D10C,1
JUN,SAMD9L,1
JUN,MYO5A,1
JUN,YPEL3,1
JUN,FEM1A,1
JUN,PLEKHO2,1
JUN,CSF1R,1
JUN,GALNS,1
JUN,CD82,1
JUN,PTPN7,1
JUN,TOMM40,1
JUN,BYSL,1
JUN,MKI67,1
JUN,NDRG1,1
JUN,PIK3R2,1
JUN,ITSN1,1
JUN,ZFP35,1
JUN,RRM1,1
JUN,GTF2H1,1
JUN,FAM76B,1
JUN,TRPS1,1
JUN,PPP1CB,1
JUN,ZFP451,1
JUN,CD274,1
JUN,TNFAIP2,1
JUN,INCENP,1
JUN,DCAF13,1
JUN,RAP1B,1
JUN,HMBS,1
JUN,CYB5R1,1
JUN,PARVG,1
JUN,CD300A,1
JUN,NUP155,1
JUN,CKS2,1
JUN,FGFR1OP,1
JUN,MTCH2,1
JUN,CKAP2L,1
JUN,ADO,1
JUN,SLBP,1
JUN,HP,1
JUN,MS4A6C,1
JUN,ACOX1,1
JUN,MSMO1,1
JUN,RORA,1
JUN,KPNA1,1
JUN,LPCAT2,1
JUN,B230219D22RIK,1
JUN,TOPORS,1
JUN,USP14,1
JUN,CCNF,1
JUN,SDC4,1
JUN,MAD2L1,1
JUN,OSTM1,1
JUN,HACD4,1
JUN,D1ERTD622E,1
JUN,RASA4,1
JUN,RTEL1,1
JUN,ALDH18A1,1
JUN,PA2G4,1
JUN,RAD51,1
JUN,WDR4,1
JUN,FDFT1,1
JUN,POLR2B,1
JUN,THADA,1
JUN,NMD3,1
JUN,WDHD1,1
JUN,CCNA2,1
JUN,PSAT1,1
JUN,MED16,1
JUN,INTS13,1
JUN,CLN5,1
JUN,DENND2D,1
JUN,HAAO,1
JUN,DLST,1
JUN,BCAP29,1
JUN,SPCS3,1
JUN,NOP2,1
JUN,CREBRF,1
JUN,GMFB,1
JUN,EIF2S1,1
JUN,MDN1,1
JUN,USP37,1
JUN,TOP3B,1
JUN,UMPS,1
JUN,TBC1D5,1
JUN,CASP1,1
JUN,GSR,1
JUN,TFRC,1
JUN,LAPTM4B,1
JUN,DNAJC5,1
JUN,FAM102B,1
JUN,NUSAP1,1
JUN,NUP93,1
JUN,TSPAN14,1
JUN,DDX39,1
JUN,XPC,1
JUN,TRIM16,1
JUN,PPM1G,1
JUN,CCDC137,1
JUN,PFKFB3,1
JUN,IRF9,1
JUN,SUPV3L1,1
JUN,DUS1L,1
JUN,METAP1,1
JUN,SARAF,1
JUN,BC005561,1
JUN,PIP4K2A,1
JUN,PDIA4,1
JUN,SEC24D,1
JUN,SLC26A2,1
JUN,PARP8,1
JUN,ICAM1,1
JUN,TMEM97,1
JUN,NUDCD1,1
JUN,GRK3,1
JUN,TAB1,1
JUN,ODC1,1
JUN,ACAA2,1
JUN,MOGS,1
JUN,SCARB1,1
JUN,TRMT6,1
JUN,CIPC,1
JUN,VAV3,1
JUN,ELAC2,1
JUN,RARS,1
JUN,LONP2,1
JUN,CDC45,1
JUN,PRPF4,1
JUN,INO80D,1
JUN,CEP55,1
JUN,FUCA2,1
JUN,ORC2,1
JUN,GARS,1
JUN,EIF3B,1
JUN,MORC3,1
JUN,CSF3R,1
JUN,MCM4,1
JUN,ATP1B3,1
JUN,RPTOR,1
JUN,PIK3R1,1
JUN,USP42,1
JUN,SETD2,1
JUN,HARS,1
JUN,POLD1,1
JUN,CHRNB1,1
JUN,POLR1B,1
JUN,SRSF1,1
JUN,H2-DMA,1
JUN,MLKL,1
JUN,HLF,1
JUN,PRMT7,1
JUN,ABHD17B,1
JUN,RAD21,1
JUN,HUS1,1
JUN,PSMD9,1
JUN,ITGAL,1
JUN,DDX21,1
JUN,MIS18BP1,1
JUN,PDZK1IP1,1
JUN,APOE,1
JUN,CDKN1A,1
JUN,GNL3,1
JUN,CBFB,1
JUN,TRIM35,1
JUN,NCEH1,1
JUN,CTSL,1
JUN,AKAP8L,1
JUN,SEH1L,1
JUN,ANXA3,1
JUN,OTUD4,1
JUN,ZHX1,1
JUN,EIF2B1,1
JUN,ARFGEF2,1
JUN,EML4,1
JUN,DEK,1
JUN,CCDC50,1
JUN,PLA2G15,1
JUN,IMMT,1
JUN,GLRX5,1
JUN,SLC20A1,1
JUN,NSUN2,1
JUN,IPO9,1
JUN,MYO1F,1
JUN,IDH3A,1
JUN,IARS2,1
JUN,PTTG1IP,1
JUN,TRIM30D,1
JUN,IARS,1
JUN,EFTUD2,1
JUN,ARHGEF39,1
JUN,VAV1,1
JUN,LCP2,1
JUN,CYBC1,1
JUN,REXO2,1
JUN,TACC3,1
JUN,PRIM2,1
JUN,PSME3,1
JUN,GABBR1,1
JUN,E2F4,1
JUN,APBB1,1
JUN,ALAS1,1
JUN,ADK,1
JUN,PLAG1,1
JUN,9430015G10RIK,1
JUN,COPB1,1
JUN,OASL2,1
JUN,H2AFX,1
JUN,TCF19,1
JUN,DNAJC11,1
JUN,BATF2,1
JUN,IKZF1,1
JUN,CDC6,1
JUN,SNX30,1
JUN,PITPNC1,1
JUN,HYOU1,1
JUN,RABGGTB,1
JUN,PTCD3,1
JUN,DDX58,1
JUN,GLB1,1
JUN,FASTKD2,1
JUN,GNG2,1
JUN,BID,1
JUN,PIM2,1
JUN,HNRNPLL,1
JUN,GANAB,1
JUN,CENPO,1
JUN,CD74,1
JUN,PHKB,1
JUN,CSGALNACT2,1
JUN,SHMT1,1
JUN,RPA2,1
JUN,MFSD14B,1
JUN,ATAD2,1
JUN,SGO1,1
JUN,DUT,1
JUN,EDEM1,1
JUN,FCER1G,1
JUN,RGS19,1
JUN,ATRN,1
JUN,NRROS,1
JUN,NEIL3,1
JUN,ANXA1,1
JUN,CKS1B,1
JUN,OTUD6B,1
JUN,CTR9,1
JUN,ZNRF2,1
JUN,DTL,1
JUN,GMCL1,1
JUN,NCLN,1
JUN,RANBP3,1
JUN,PRELID3B,1
JUN,CNRIP1,1
JUN,SLC39A6,1
JUN,IFI30,1
JUN,UBR7,1
JUN,MCM5,1
JUN,TMEM206,1
JUN,1700017B05RIK,1
JUN,SLC35B4,1
JUN,MRPL20,1
JUN,CENPK,1
JUN,IL6ST,1
JUN,RCSD1,1
JUN,NWD1,1
JUN,HSPH1,1
JUN,STT3A,1
JUN,METTL27,1
JUN,SFXN1,1
JUN,DHRS3,1
JUN,RGS2,1
JUN,NPTN,1
JUN,CSF2RB,1
JUN,NFAT5,1
JUN,OSBPL1A,1
JUN,DNAJC9,1
JUN,TEX10,1
JUN,SLC2A3,1
JUN,EGR1,1
JUN,CD52,1
JUN,SLC43A3,1
JUN,SRM,1
JUN,ACLY,1
JUN,F11R,1
JUN,SERP1,1
JUN,PTDSS1,1
JUN,FBXO5,1
JUN,EMILIN1,1
JUN,MCM2,1
JUN,MAPK1,1
JUN,MTOR,1
JUN,CD93,1
JUN,TCP11L2,1
JUN,PSMC2,1
JUN,SZT2,1
JUN,PBX1,1
JUN,GPD1L,1
JUN,MFSD1,1
JUN,C1RL,1
JUN,ST6GALNAC4,1
JUN,FGL2,1
JUN,EIF4ENIF1,1
JUN,TIPIN,1
JUN,STOM,1
JUN,SERPINB9,1
JUN,PWP2,1
JUN,API5,1
JUN,HDAC2,1
JUN,NFAM1,1
JUN,STAG2,1
JUN,CDCA8,1
JUN,TPX2,1
JUN,RFC5,1
JUN,HEXA,1
JUN,BUB1,1
JUN,RPN1,1
JUN,H2-AA,1
JUN,NDUFS1,1
JUN,SELENOP,1
JUN,SPC24,1
JUN,ZFP322A,1
JUN,POLA2,1
JUN,ZFP24,1
JUN,PPAT,1
JUN,NCAPG,1
JUN,ELP2,1
JUN,RNF4,1
JUN,FCGRT,1
JUN,CCL9,1
JUN,ANGPT1,1
JUN,ARMT1,1
JUN,BC035044,1
JUN,MCM10,1
JUN,ITPR1,1
JUN,HASPIN,1
JUN,SF3B3,1
JUN,RPA1,1
JUN,GFM1,1
JUN,THSD1,1
JUN,MCM7,1
JUN,FES,1
JUN,ADSL,1
JUN,USP10,1
JUN,ZDHHC6,1
JUN,TMX3,1
JUN,PRKCD,1
JUN,LIG1,1
JUN,RPRD1B,1
JUN,FRRS1,1
JUN,CSTF2,1
JUN,ACOT9,1
JUN,POLE3,1
JUN,UBAC1,1
JUN,LYN,1
JUN,SH3BGRL,1
JUN,ALDH9A1,1
JUN,FAM91A1,1
JUN,MIS12,1
JUN,HNRNPAB,1
JUN,SERPINB6A,1
JUN,AP1S2,1
JUN,ASF1B,1
JUN,IL21R,1
JUN,EYA2,1
JUN,TTLL12,1
JUN,LMO4,1
JUN,APLP2,1
JUN,PFKP,1
JUN,MAP4K2,1
JUN,PREP,1
JUN,RPS6KA5,1
JUN,DHFR,1
JUN,ABL1,1
JUN,HMGB2,1
JUN,NCF1,1
JUN,B3GNT5,1
JUN,SATB1,1
JUN,IRGM2,1
JUN,OTULINL,1
JUN,RB1,1
JUN,TUBGCP3,1
JUN,NAPRT,1
JUN,ATP13A1,1
JUN,UBA2,1
JUN,EAF1,1
JUN,IL27RA,1
JUN,SPTBN1,1
JUN,TBC1D9B,1
JUN,WDR5,1
JUN,LAP3,1
JUN,EEF1E1,1
JUN,DDX60,1
JUN,ATG12,1
JUN,AP3S1,1
JUN,NPLOC4,1
JUN,WDR55,1
JUN,IFI209,1
JUN,INPP5B,1
JUN,FGGY,1
JUN,MEIS1,1
JUN,NUS1,1
JUN,MXD3,1
JUN,ALDOC,1
JUN,ZMIZ1,1
JUN,TMEM37,1
JUN,ATP6AP2,1
JUN,FARSB,1
JUN,PSMG2,1
JUN,ERCC8,1
JUN,SLC19A1,1
JUN,BDH2,1
JUN,PBK,1
JUN,MRPL37,1
JUN,TTF2,1
JUN,SYK,1
JUN,ERGIC1,1
JUN,NDE1,1
JUN,PRKCH,1
JUN,MPZL1,1
JUN,MOB3C,1
JUN,JARID2,1
JUN,MTHFD1,1
JUN,FTSJ3,1
JUN,NCAPD2,1
JUN,TSC22D3,1
JUN,ECT2,1
JUN,YBX3,1
JUN,GMNN,1
JUN,SMC2,1
JUN,TYMS,1
JUN,JPT2,1
JUN,PRODH,1
JUN,KIF20B,1
JUN,GOLIM4,1
JUN,UNC93B1,1
JUN,TRMT11,1
JUN,SNAP47,1
JUN,STT3B,1
JUN,TMEM50B,1
JUN,CYP2J6,1
JUN,ABL2,1
JUN,STXBP4,1
JUN,BUB1B,1
JUN,FLNA,1
JUN,FAR1,1
JUN,GFI1B,1
JUN,DDX1,1
JUN,TECPR1,1
JUN,ISYNA1,1
JUN,CRISPLD1,1
JUN,GEMIN5,1
JUN,CDK1,1
JUN,TIFAB,1
JUN,ZFP53,1
JUN,DOCK11,1
JUN,TEC,1
JUN,SLC29A1,1
JUN,PSMD6,1
JUN,HDAC7,1
JUN,KIF13A,1
JUN,SOCS2,1
JUN,KIF17,1
JUN,YBX1,1
JUN,PNO1,1
JUN,IGTP,1
JUN,CYFIP2,1
JUN,PTGS1,1
JUN,PADI4,1
JUN,PCMTD2,1
JUN,TRIM59,1
JUN,PANX1,1
JUN,REXO4,1
JUN,ABCB10,1
JUN,MSH6,1
JUN,CDC20,1
JUN,FLNB,1
JUN,FASTKD3,1
JUN,SMPD4,1
JUN,5430427O19RIK,1
JUN,F13A1,1
JUN,MYC,1
JUN,DNM1L,1
JUN,MAML3,1
JUN,TAF12,1
JUN,PUS7,1
JUN,GATM,1
JUN,CDC7,1
JUN,MLLT3,1
JUN,TOMM70A,1
JUN,CCNB2,1
JUN,SSH3,1
JUN,RACGAP1,1
JUN,PCLAF,1
JUN,GRINA,1
JUN,FCHO2,1
JUN,SERPINB6B,1
JUN,MEMO1,1
JUN,CTSO,1
JUN,NUP88,1
JUN,PPID,1
JUN,SPIDR,1
JUN,FUT7,1
JUN,SERPINB1A,1
JUN,H1F0,1
JUN,CNN3,1
JUN,PLSCR4,1
JUN,GPRASP1,1
JUN,IRF8,1
JUN,GPR65,1
JUN,NUDT19,1
JUN,INTS8,1
JUN,ATP10A,1
JUN,NASP,1
JUN,TGFBR1,1
JUN,SLC16A1,1
JUN,MTMR1,1
JUN,CNIH1,1
JUN,CIP2A,1
JUN,FBXW11,1
JUN,PEAR1,1
JUN,MAMDC2,1
JUN,GOLT1B,1
JUN,TM6SF1,1
JUN,RCOR1,1
JUN,MCOLN2,1
JUN,MTUS1,1
JUN,FAM189B,1
JUN,TUBA4A,1
JUN,MFSD10,1
JUN,CAD,1
JUN,CENPF,1
JUN,CERK,1
JUN,ATP11C,1
JUN,MCM3,1
JUN,KIF22,1
JUN,SNRPB,1
JUN,ATP6AP1,1
JUN,SPPL2B,1
JUN,COQ8A,1
JUN,VSIR,1
JUN,ZBTB38,1
JUN,CSRP3,1
JUN,GLIPR2,1
JUN,VPS35,1
JUN,RAB31,1
JUN,ORC6,1
JUN,MTR,1
JUN,CKAP5,1
JUN,GPR160,1
JUN,TSPOAP1,1
JUN,NPDC1,1
JUN,UTP4,1
JUN,TOP2A,1
JUN,SLA2,1
JUN,CTPS,1
JUN,MNS1,1
JUN,NUP85,1
JUN,RPS6KA3,1
JUN,TENT5A,1
JUN,NUDT4,1
JUN,JPT1,1
JUN,NR3C2,1
JUN,SELENBP1,1
JUN,IFI44,1
JUN,RPP40,1
JUN,HMGB3,1
JUN,ABCG2,1
JUN,RORC,1
JUN,XRCC3,1
JUN,BTK,1
JUN,AGPS,1
JUN,MTO1,1
JUN,ST8SIA4,1
JUN,CSAD,1
JUN,NAV1,1
JUN,ENPP5,1
JUN,ARHGAP15,1
JUN,MCM6,1
JUN,TIMP2,1
JUN,OBSL1,1
JUN,RPAP1,1
JUN,EBF1,1
JUN,SLC25A46,1
JUN,SNAP23,1
JUN,TSPAN3,1
JUN,SIGLECG,1
JUN,HDGFL3,1
JUN,4833439L19RIK,1
JUN,CKAP2,1
JUN,SLC44A2,1
JUN,TSPAN2,1
JUN,EPAS1,1
JUN,GK,1
JUN,CYC1,1
JUN,SCARF1,1
JUN,HELLS,1
JUN,PSTPIP1,1
JUN,ARID2,1
JUN,RAB37,1
JUN,ZBTB20,1
JUN,MYO1G,1
JUN,PLA2G12A,1
JUN,SORL1,1
JUN,NDRG2,1
JUN,HCFC1,1
JUN,IL17RA,1
JUN,GCLC,1
JUN,IL12A,1
JUN,PRDM16,1
JUN,CDK6,1
JUN,PRIM1,1
JUN,SOAT1,1
JUN,CDCA7,1
JUN,KNSTRN,1
JUN,ARCN1,1
JUN,RP2,1
JUN,TK1,1
JUN,HID1,1
JUN,MYCN,1
JUN,GNG12,1
JUN,MTFR1,1
JUN,MGAT5,1
JUN,IGFBP4,1
JUN,FCGR2B,1
JUN,FAM171A1,1
JUN,LMAN2L,1
JUN,TESPA1,1
JUN,SGPP1,1
JUN,SUSD3,1
JUN,SPC25,1
JUN,SLC37A1,1
JUN,CCNB1,1
JUN,LY86,1
JUN,KRT18,1
JUN,TBC1D2B,1
JUN,JAM3,1
JUN,IRF6,1
JUN,TM7SF3,1
JUN,PHF10,1
JUN,TFR2,1
JUN,H2-OB,1
JUN,FOXO1,1
JUN,UBE2C,1
JUN,GIMAP8,1
JUN,CDKN1C,1
JUN,SPNS2,1
JUN,SH2D5,1
JUN,EPSTI1,1
JUN,CSGALNACT1,1
JUN,PIK3IP1,1
JUN,MFNG,1
JUN,NFATC2,1
JUN,KCNK5,1
JUN,IRF7,1
JUN,SHISA8,1
JUN,GIMAP5,1
JUN,CTTN,1
JUN,RRM2,1
JUN,CD48,1
JUN,RUNX1T1,1
JUN,ITM2A,1
JUN,LGALS1,1
JUN,SLC28A2,1
JUN,GMIP,1
JUN,TMEM176A,1
JUN,MAN2A2,1
JUN,ITCH,1
JUN,EIF1AD,1
JUN,NDC1,1
JUN,MECOM,1
JUN,CERS4,1
JUN,CBX7,1
JUN,CCNE2,1
JUN,ARHGEF18,1
JUN,SGCE,1
JUN,ART4,1
JUN,ZBTB16,1
JUN,ITIH5,1
JUN,TMEM246,1
JUN,PPP1R9A,1
JUN,PLXNC1,1
JUN,MPI,1
JUN,CD9,1
JUN,CD34,1
JUN,EMB,1
JUN,VIPR2,1
JUN,EFCC1,1
JUN,MAGED2,1
JUN,TGTP2,1
JUN,TGTP1,1
JUN,COL4A2,1
JUN,COL4A1,1
JUN,FLOT2,1
JUN,ZFP36,1
JUN,PGLYRP2,1
MEIS1,ZFP945,1
MEIS1,NEURL3,1
MEIS1,NUP107,1
MEIS1,FRRS1,1
MEIS1,JARID2,1
MEIS1,PTGS1,1
MEIS1,BPIFC,1
MEIS1,SELENBP1,1
MEIS1,SLC25A46,1
MEIS1,ACOX1,1
MEIS1,NPDC1,1
MEIS1,DCAF13,1
MEIS1,ACSS2,1
MEIS1,ITCH,1
MEIS1,TMEM97,1
MEIS1,ERLIN1,1
MEIS1,MR1,1
MEIS1,MTMR6,1
MEIS1,ZHX1,1
MEIS1,GRINA,1
MEIS1,OSBPL8,1
MEIS1,ARID5A,1
MEIS1,CD69,1
MEIS1,CTLA2A,1
MEIS1,BYSL,1
MEIS1,ADO,1
MEIS1,TBC1D10C,1
MEIS1,GALNS,1
MEIS1,ITIH5,1
MEIS1,SNX30,1
MEIS1,SIRPA,1
MEIS1,SMARCA2,1
MEIS1,ELAC2,1
MEIS1,METTL7A1,1
MEIS1,SPC24,1
MEIS1,ASF1B,1
MEIS1,ANXA1,1
MEIS1,PCMTD1,1
MEIS1,ABCG2,1
MEIS1,TES,1
MEIS1,PHKB,1
MEIS1,LONP2,1
MEIS1,FUT7,1
MEIS1,PTDSS1,1
MEIS1,GTF2H1,1
MEIS1,SPI1,1
MEIS1,HJURP,1
MEIS1,OTULINL,1
MEIS1,CDC6,1
MEIS1,OTUD4,1
MEIS1,SLC31A1,1
MEIS1,DDX20,1
MEIS1,PLAA,1
MEIS1,CYC1,1
MEIS1,EIF2B1,1
MEIS1,PSMG2,1
MEIS1,ANGPT1,1
MEIS1,STT3B,1
MEIS1,ATP6AP2,1
MEIS1,SERPINB6A,1
MEIS1,CENPK,1
MEIS1,CDCA4,1
MEIS1,UBAC1,1
MEIS1,CKAP2L,1
MEIS1,PHF5A,1
MEIS1,HACD4,1
MEIS1,HERPUD1,1
MEIS1,LACTB,1
MEIS1,TMEM154,1
MEIS1,EMB,1
MEIS1,SESN1,1
MEIS1,CIP2A,1
MEIS1,SARAF,1
MEIS1,NDUFV1,1
MEIS1,NFAT5,1
MEIS1,ADGRG3,1
MEIS1,ELANE,1
MEIS1,NFE2,1
MEIS1,NR3C2,1
MEIS1,UAP1,1
MEIS1,PCLAF,1
MEIS1,MORC3,1
MEIS1,RFC5,1
MEIS1,CCNA2,1
MEIS1,CD82,1
MEIS1,RRM1,1
MEIS1,SGO1,1
MEIS1,TXNDC11,1
MEIS1,RPRD1B,1
MEIS1,MAPK1,1
MEIS1,TXNIP,1
MEIS1,MCPT8,1
MEIS1,STT3A,1
MEIS1,ZFP367,1
MEIS1,TRPS1,1
MEIS1,ZFP451,1
MEIS1,TESPA1,1
MEIS1,HARS,1
MEIS1,FBXW11,1
MEIS1,REL,1
MEIS1,VAV3,1
MEIS1,NFATC2,1
MEIS1,MTMR1,1
MEIS1,PLAG1,1
MEIS1,MECOM,1
MEIS1,SFXN1,1
MEIS1,ELMO2,1
MEIS1,IRGM2,1
MEIS1,SHCBP1,1
MEIS1,ZNRF2,1
MEIS1,GOLPH3,1
MEIS1,VAV1,1
MEIS1,ATP8B4,1
MEIS1,FGL2,1
MEIS1,MARS,1
MEIS1,H2-DMA,1
MEIS1,RFC4,1
MEIS1,PTPN7,1
MEIS1,UBA2,1
MEIS1,ZDHHC13,1
MEIS1,SLC26A2,1
MEIS1,NDRG1,1
MEIS1,PATL1,1
MEIS1,GPD1L,1
MEIS1,CD68,1
MEIS1,SYK,1
MEIS1,XRCC6,1
MEIS1,MTO1,1
MEIS1,RAD51AP1,1
MEIS1,SPIDR,1
MEIS1,CREBRF,1
MEIS1,SGMS1,1
MEIS1,NUBP2,1
MEIS1,MPO,1
MEIS1,GNL3,1
MEIS1,CAD,1
MEIS1,INPP5B,1
MEIS1,OSTM1,1
MEIS1,MIEF1,1
MEIS1,GSR,1
MEIS1,MYO5A,1
MEIS1,SELENOP,1
MEIS1,WDR4,1
MEIS1,CDCA7,1
MEIS1,CLEC12A,1
MEIS1,PTPRE,1
MEIS1,TNFRSF21,1
MEIS1,IL12A,1
MEIS1,RAB44,1
MEIS1,PRMT7,1
MEIS1,ARFGEF2,1
MEIS1,SERP1,1
MEIS1,PRELID3B,1
MEIS1,GP9,1
MEIS1,ANXA5,1
MEIS1,ABCB8,1
MEIS1,AHCYL1,1
MEIS1,METAP1,1
MEIS1,GOLT1B,1
MEIS1,MCM2,1
MEIS1,DNAJC5,1
MEIS1,CLEC4E,1
MEIS1,INTS13,1
MEIS1,MTUS1,1
MEIS1,MCM7,1
MEIS1,ZBTB38,1
MEIS1,RABGGTB,1
MEIS1,SEC24D,1
MEIS1,TINAGL1,1
MEIS1,NWD1,1
MEIS1,PSAT1,1
MEIS1,CEP55,1
MEIS1,XPNPEP1,1
MEIS1,GUSB,1
MEIS1,COLGALT1,1
MEIS1,MLKL,1
MEIS1,STRAP,1
MEIS1,IFRD2,1
MEIS1,EPRS,1
MEIS1,SLC35E1,1
MEIS1,RGS18,1
MEIS1,KCTD20,1
MEIS1,KIF20B,1
MEIS1,MTFR1,1
MEIS1,CS,1
MEIS1,STAT2,1
MEIS1,CALCRL,1
MEIS1,FUCA2,1
MEIS1,GCNT2,1
MEIS1,CKS2,1
MEIS1,TSPAN3,1
MEIS1,HP,1
MEIS1,CDC45,1
MEIS1,FAM76B,1
MEIS1,PSEN1,1
MEIS1,ISG20,1
MEIS1,FOXO1,1
MEIS1,MPZL1,1
MEIS1,CLTC,1
MEIS1,MOB3C,1
MEIS1,DOCK10,1
MEIS1,SLBP,1
MEIS1,CD63,1
MEIS1,PARP8,1
MEIS1,CHRNB1,1
MEIS1,NUP155,1
MEIS1,KIF22,1
MEIS1,IDH1,1
MEIS1,ITSN1,1
MEIS1,NADK,1
MEIS1,ISYNA1,1
MEIS1,TIMM29,1
MEIS1,SPNS2,1
MEIS1,HSPA4,1
MEIS1,DPP8,1
MEIS1,TMX4,1
MEIS1,PLD3,1
MEIS1,UQCRFS1,1
MEIS1,ABHD17B,1
MEIS1,TCN2,1
MEIS1,PLEKHO2,1
MEIS1,CYFIP2,1
MEIS1,TRIM16,1
MEIS1,GM1966,1
MEIS1,CSF3R,1
MEIS1,RACGAP1,1
MEIS1,SLC35B4,1
MEIS1,TAB1,1
MEIS1,SDF2L1,1
MEIS1,CDCA5,1
MEIS1,SGPP1,1
MEIS1,AKNA,1
MEIS1,ACOX3,1
MEIS1,LONP1,1
MEIS1,EBI3,1
MEIS1,NUDT19,1
MEIS1,TAF12,1
MEIS1,CBX5,1
MEIS1,ATAD1,1
MEIS1,VDR,1
MEIS1,PBX1,1
MEIS1,EEF1E1,1
MEIS1,MTCH2,1
MEIS1,NSUN2,1
MEIS1,RARB,1
MEIS1,ACAA2,1
MEIS1,ECT2,1
MEIS1,RARS,1
MEIS1,SERPINA3G,1
MEIS1,ME2,1
MEIS1,RUVBL2,1
MEIS1,GYS1,1
MEIS1,SLCO3A1,1
MEIS1,CNRIP1,1
MEIS1,CTSL,1
MEIS1,PPM1F,1
MEIS1,IDH3A,1
MEIS1,USP37,1
MEIS1,POLD1,1
MEIS1,ZFP24,1
MEIS1,TMEM184C,1
MEIS1,TFR2,1
MEIS1,PLA2G15,1
MEIS1,MGAT1,1
MEIS1,TOP3B,1
MEIS1,ALDOC,1
MEIS1,RTEL1,1
MEIS1,TNIP3,1
MEIS1,ZFP322A,1
MEIS1,CISH,1
MEIS1,CTR9,1
MEIS1,PREP,1
MEIS1,PPP1CB,1
MEIS1,RANGAP1,1
MEIS1,ICAM1,1
MEIS1,CDK6,1
MEIS1,MRPL20,1
MEIS1,LMO4,1
MEIS1,POLR2B,1
MEIS1,NUP85,1
MEIS1,FAM91A1,1
MEIS1,SLC30A5,1
MEIS1,TSC22D3,1
MEIS1,MTHFD1,1
MEIS1,TFRC,1
MEIS1,SH2D5,1
MEIS1,CDT1,1
MEIS1,TUBGCP2,1
MEIS1,SLC35A4,1
MEIS1,NUP93,1
MEIS1,GFM1,1
MEIS1,DUSP1,1
MEIS1,PIDD1,1
MEIS1,RAD51,1
MEIS1,SLC37A1,1
MEIS1,CTLA2B,1
MEIS1,S100A6,1
MEIS1,HID1,1
MEIS1,ATP1B3,1
MEIS1,NMD3,1
MEIS1,NRROS,1
MEIS1,LRRC59,1
MEIS1,CDCA3,1
MEIS1,PRIM2,1
MEIS1,MDN1,1
MEIS1,CDCA8,1
MEIS1,CKS1B,1
MEIS1,PPAT,1
MEIS1,FCER1G,1
MEIS1,RNF4,1
MEIS1,MFSD1,1
MEIS1,NOP2,1
MEIS1,ELF1,1
MEIS1,RPA1,1
MEIS1,HCFC1,1
MEIS1,PRMT5,1
MEIS1,CTSG,1
MEIS1,PSMD6,1
MEIS1,HASPIN,1
MEIS1,FARSB,1
MEIS1,HMGB2,1
MEIS1,TFG,1
MEIS1,CCL4,1
MEIS1,IARS,1
MEIS1,NEDD1,1
MEIS1,USP14,1
MEIS1,EIF2S1,1
MEIS1,CIPC,1
MEIS1,PA2G4,1
MEIS1,NUSAP1,1
MEIS1,PLEK,1
MEIS1,NUPR1,1
MEIS1,XRCC3,1
MEIS1,RRM2,1
MEIS1,NDC80,1
MEIS1,ABCE1,1
MEIS1,COPB1,1
MEIS1,ARL6IP6,1
MEIS1,TOMM40,1
MEIS1,SCARB1,1
MEIS1,PARVG,1
MEIS1,PLA2G12A,1
MEIS1,GMCL1,1
MEIS1,RAP1B,1
MEIS1,NAMPT,1
MEIS1,MOGS,1
MEIS1,UBR7,1
MEIS1,SORT1,1
MEIS1,IMMT,1
MEIS1,GOLIM4,1
MEIS1,VKORC1L1,1
MEIS1,POR,1
MEIS1,MAML3,1
MEIS1,GALNT6,1
MEIS1,USP42,1
MEIS1,UPP1,1
MEIS1,TBL3,1
MEIS1,LYN,1
MEIS1,SHISA5,1
MEIS1,MTR,1
MEIS1,RHOF,1
MEIS1,ADSSL1,1
MEIS1,FOXRED1,1
MEIS1,GPR160,1
MEIS1,MIS12,1
MEIS1,TACC3,1
MEIS1,TARS,1
MEIS1,TMEM206,1
MEIS1,RGCC,1
MEIS1,OSBPL1A,1
MEIS1,CTPS,1
MEIS1,ARL11,1
MEIS1,TMEM43,1
MEIS1,PHF10,1
MEIS1,PEAR1,1
MEIS1,PFKFB3,1
MEIS1,NFAM1,1
MEIS1,DNM1L,1
MEIS1,CKAP2,1
MEIS1,TNPO1,1
MEIS1,KAT7,1
MEIS1,STOM,1
MEIS1,TRIM35,1
MEIS1,SPCS3,1
MEIS1,SLC20A1,1
MEIS1,DHRS3,1
MEIS1,FASTKD2,1
MEIS1,SPTBN1,1
MEIS1,WDHD1,1
MEIS1,RGS2,1
MEIS1,MICU1,1
MEIS1,CYP4V3,1
MEIS1,PFKP,1
MEIS1,PLIN3,1
MEIS1,ARCN1,1
MEIS1,PITPNC1,1
MEIS1,CD244A,1
MEIS1,SPC25,1
MEIS1,DCK,1
MEIS1,D1ERTD622E,1
MEIS1,ARL8B,1
MEIS1,RPS6KA3,1
MEIS1,ST8SIA4,1
MEIS1,FEM1A,1
MEIS1,CASP4,1
MEIS1,HYOU1,1
MEIS1,ITGAL,1
MEIS1,NAA50,1
MEIS1,LMAN2L,1
MEIS1,KIF17,1
MEIS1,IPO9,1
MEIS1,TIFAB,1
MEIS1,ADK,1
MEIS1,KCTD12,1
MEIS1,TRIB3,1
MEIS1,ATF7,1
MEIS1,LSP1,1
MEIS1,METTL27,1
MEIS1,TMEM37,1
MEIS1,ARHGEF39,1
MEIS1,SVIP,1
MEIS1,PRIM1,1
MEIS1,PRC1,1
MEIS1,SSH3,1
MEIS1,ZFAND5,1
MEIS1,TSPAN14,1
MEIS1,SLC44A2,1
MEIS1,DENND2D,1
MEIS1,DDX39,1
MEIS1,RANBP3,1
MEIS1,MSH6,1
MEIS1,SUPV3L1,1
MEIS1,RAB37,1
MEIS1,GNS,1
MEIS1,ANKRD44,1
MEIS1,OBSL1,1
MEIS1,LY6C2,1
MEIS1,ABL1,1
MEIS1,KPNA1,1
MEIS1,BID,1
MEIS1,EML4,1
MEIS1,NUDCD1,1
MEIS1,BTG2,1
MEIS1,RELB,1
MEIS1,PAK1,1
MEIS1,MXD3,1
MEIS1,CKAP5,1
MEIS1,TECPR1,1
MEIS1,E2F8,1
MEIS1,AKAP8L,1
MEIS1,RETREG1,1
MEIS1,PSME4,1
MEIS1,AGPS,1
MEIS1,RNF38,1
MEIS1,GLIPR2,1
MEIS1,CCNE2,1
MEIS1,TCIRG1,1
MEIS1,CENPA,1
MEIS1,HACD3,1
MEIS1,CHORDC1,1
MEIS1,FEM1B,1
MEIS1,PDIA4,1
MEIS1,MFSD14B,1
MEIS1,CTTN,1
MEIS1,TBC1D5,1
MEIS1,NDRG2,1
MEIS1,NCAPG,1
MEIS1,TYROBP,1
MEIS1,RB1,1
MEIS1,RCOR1,1
MEIS1,9430015G10RIK,1
MEIS1,TMEM33,1
MEIS1,CLN5,1
MEIS1,CBFB,1
MEIS1,CYBC1,1
MEIS1,PPM1G,1
MEIS1,BUB1,1
MEIS1,NCAPD2,1
MEIS1,ALDH18A1,1
MEIS1,CTSO,1
MEIS1,DNAJC10,1
MEIS1,NUP88,1
MEIS1,PCMTD2,1
MEIS1,EAF1,1
MEIS1,CBX7,1
MEIS1,JUN,1
MEIS1,RNF122,1
MEIS1,SLC25A38,1
MEIS1,API5,1
MEIS1,PHB2,1
MEIS1,KLF6,1
MEIS1,SRM,1
MEIS1,INCENP,1
MEIS1,DHFR,1
MEIS1,PIK3R1,1
MEIS1,FAM111A,1
MEIS1,SPNS3,1
MEIS1,NCAPG2,1
MEIS1,EIF1AD,1
MEIS1,SLFN2,1
MEIS1,PSME3,1
MEIS1,TCP11L2,1
MEIS1,FAR1,1
MEIS1,TTF2,1
MEIS1,RGS19,1
MEIS1,BC035044,1
MEIS1,UBASH3A,1
MEIS1,NCEH1,1
MEIS1,DTL,1
MEIS1,MSMO1,1
MEIS1,CD300A,1
MEIS1,FAM189B,1
MEIS1,IRF7,1
MEIS1,WSB1,1
MEIS1,BCAP29,1
MEIS1,RPS6KA5,1
MEIS1,CAMK2D,1
MEIS1,PDE4B,1
MEIS1,TEC,1
MEIS1,SLCO4A1,1
MEIS1,TOMM70A,1
MEIS1,NUF2,1
MEIS1,EBF1,1
MEIS1,CYB5R1,1
MEIS1,GFI1B,1
MEIS1,TPX2,1
MEIS1,NOL9,1
MEIS1,RASSF4,1
MEIS1,BIRC5,1
MEIS1,SNAP23,1
MEIS1,SLC16A1,1
MEIS1,ERCC8,1
MEIS1,AP1S2,1
MEIS1,DHX33,1
MEIS1,GIMAP6,1
MEIS1,CSGALNACT1,1
MEIS1,CAPG,1
MEIS1,FES,1
MEIS1,DLST,1
MEIS1,UNC93B1,1
MEIS1,PANX1,1
MEIS1,LAPTM4B,1
MEIS1,NCAPH,1
MEIS1,CENPO,1
MEIS1,ARRDC4,1
MEIS1,POLE,1
MEIS1,PSMD1,1
MEIS1,TOR3A,1
MEIS1,RAD21,1
MEIS1,NASP,1
MEIS1,NARS,1
MEIS1,MTMR4,1
MEIS1,IKZF1,1
MEIS1,CDKN1A,1
MEIS1,KNSTRN,1
MEIS1,INTS8,1
MEIS1,MTREX,1
MEIS1,YPEL3,1
MEIS1,FASTKD3,1
MEIS1,ACSS1,1
MEIS1,SLC19A1,1
MEIS1,ZFP53,1
MEIS1,TSC22D1,1
MEIS1,SEH1L,1
MEIS1,RPP40,1
MEIS1,POLE3,1
MEIS1,HUS1,1
MEIS1,HSPA1A,1
MEIS1,DEF8,1
MEIS1,ST6GALNAC4,1
MEIS1,E2F4,1
MEIS1,ODC1,1
MEIS1,HNRNPLL,1
MEIS1,G6PDX,1
MEIS1,RPN1,1
MEIS1,IFI30,1
MEIS1,ATAD2,1
MEIS1,TRMT11,1
MEIS1,MAD2L1,1
MEIS1,TUBGCP3,1
MEIS1,ANXA2,1
MEIS1,HAT1,1
MEIS1,FDFT1,1
MEIS1,ERGIC1,1
MEIS1,MCM3,1
MEIS1,CD44,1
MEIS1,PIP4K2A,1
MEIS1,GMFB,1
MEIS1,HDAC7,1
MEIS1,TRMT6,1
MEIS1,ATG12,1
MEIS1,AP3S1,1
MEIS1,SLC39A6,1
MEIS1,ELP2,1
MEIS1,TGM2,1
MEIS1,SLPI,1
MEIS1,ZFP36,1
MEIS1,ARHGAP15,1
MEIS1,AFAP1L1,1
MEIS1,TIPIN,1
MEIS1,CCDC50,1
MEIS1,POLR1B,1
MEIS1,GLRX5,1
MEIS1,NECAP2,1
MEIS1,EFTUD2,1
MEIS1,PSTPIP1,1
MEIS1,CSTF2,1
MEIS1,ELOVL5,1
MEIS1,MRPL37,1
MEIS1,CCNF,1
MEIS1,TM6SF1,1
MEIS1,MLLT3,1
MEIS1,MCM4,1
MEIS1,FBXO5,1
MEIS1,APLP2,1
MEIS1,CCNB1,1
MEIS1,ETF1,1
MEIS1,PWP2,1
MEIS1,B230219D22RIK,1
MEIS1,XAF1,1
MEIS1,SNRPB,1
MEIS1,NDUFA10,1
MEIS1,EZR,1
MEIS1,GNG11,1
MEIS1,THADA,1
MEIS1,TBC1D9B,1
MEIS1,FIGNL1,1
MEIS1,SMC2,1
MEIS1,NAPSA,1
MEIS1,ADSL,1
MEIS1,DNAJC11,1
MEIS1,VPS35,1
MEIS1,ORC6,1
MEIS1,C1RL,1
MEIS1,OTUD6B,1
MEIS1,TMEM229B,1
MEIS1,CD53,1
MEIS1,FTSJ3,1
MEIS1,GABBR1,1
MEIS1,TENT5A,1
MEIS1,TLR4,1
MEIS1,SMPD4,1
MEIS1,GTF2F1,1
MEIS1,RAB31,1
MEIS1,CTC1,1
MEIS1,DDX21,1
MEIS1,EDEM1,1
MEIS1,USP10,1
MEIS1,TRIM59,1
MEIS1,SERPINB9,1
MEIS1,BTAF1,1
MEIS1,FCHO2,1
MEIS1,MYO1F,1
MEIS1,RORA,1
MEIS1,GLB1,1
MEIS1,FCGRT,1
MEIS1,MYC,1
MEIS1,MCM5,1
MEIS1,MCM6,1
MEIS1,CSF2RB,1
MEIS1,BUB1B,1
MEIS1,ORC2,1
MEIS1,TUBA4A,1
MEIS1,ATRN,1
MEIS1,ACLY,1
MEIS1,KPNA3,1
MEIS1,FAM102B,1
MEIS1,GNG12,1
MEIS1,APBB1,1
MEIS1,GARS,1
MEIS1,DDX1,1
MEIS1,UMPS,1
MEIS1,IL6ST,1
MEIS1,TEX10,1
MEIS1,DENND1C,1
MEIS1,QARS,1
MEIS1,PIK3R2,1
MEIS1,NDUFS1,1
MEIS1,SYNJ1,1
MEIS1,EYA2,1
MEIS1,MAPKAPK3,1
MEIS1,TOPORS,1
MEIS1,SALL2,1
MEIS1,HDGF,1
MEIS1,NCLN,1
MEIS1,MFNG,1
MEIS1,ANXA3,1
MEIS1,HELLS,1
MEIS1,SLC2A3,1
MEIS1,MIS18BP1,1
MEIS1,PSMD9,1
MEIS1,LY6A,1
MEIS1,GMIP,1
MEIS1,PRKCD,1
MEIS1,HDC,1
MEIS1,FGFR1OP,1
MEIS1,EIF4ENIF1,1
MEIS1,EIF3B,1
MEIS1,WDR43,1
MEIS1,KIF11,1
MEIS1,TCF19,1
MEIS1,ATP6AP1,1
MEIS1,SZT2,1
MEIS1,PNO1,1
MEIS1,SATB1,1
MEIS1,LAX1,1
MEIS1,4833439L19RIK,1
MEIS1,NUS1,1
MEIS1,NDC1,1
MEIS1,REXO2,1
MEIS1,INO80D,1
MEIS1,ALDH9A1,1
MEIS1,STIP1,1
MEIS1,CREB5,1
MEIS1,ATP13A1,1
MEIS1,SETD2,1
MEIS1,HNRNPAB,1
MEIS1,RUNX1T1,1
MEIS1,DNAJC9,1
MEIS1,LIG1,1
MEIS1,GGTA1,1
MEIS1,PPP1R9A,1
MEIS1,CDC20,1
MEIS1,SNRNP200,1
MEIS1,RPAP1,1
MEIS1,GMNN,1
MEIS1,THEMIS2,1
MEIS1,PTCD3,1
MEIS1,LTB,1
MEIS1,LAP3,1
MEIS1,SPPL2B,1
MEIS1,SIGLECG,1
MEIS1,CSAD,1
MEIS1,XPC,1
MEIS1,JPT2,1
MEIS1,CST7,1
MEIS1,EPAS1,1
MEIS1,PRPF4,1
MEIS1,OSGIN1,1
MEIS1,UHRF1,1
MEIS1,PRKCH,1
MEIS1,RIN3,1
MEIS1,GBP3,1
MEIS1,OAS3,1
MEIS1,ARMT1,1
MEIS1,NUAK2,1
MEIS1,DDX58,1
MEIS1,TIMP2,1
MEIS1,STX3,1
MEIS1,PTTG1IP,1
MEIS1,H2-OB,1
MEIS1,CD74,1
MEIS1,JPT1,1
MEIS1,GK,1
MEIS1,GATM,1
MEIS1,SLC29A1,1
MEIS1,FLOT2,1
MEIS1,CUL3,1
MEIS1,NPLOC4,1
MEIS1,H2-AA,1
MEIS1,HMBS,1
MEIS1,DUS1L,1
MEIS1,RASA4,1
MEIS1,MGAT5,1
MEIS1,LCP2,1
MEIS1,MS4A6C,1
MEIS1,GANAB,1
MEIS1,HDAC11,1
MEIS1,SLC22A3,1
MEIS1,NEIL3,1
MEIS1,SLA2,1
MEIS1,ENPP5,1
MEIS1,H2AFX,1
MEIS1,TBXAS1,1
MEIS1,IGTP,1
MEIS1,COQ8A,1
MEIS1,TYMS,1
MEIS1,PHF6,1
MEIS1,PRKCQ,1
MEIS1,HDAC2,1
MEIS1,RBPMS,1
MEIS1,CDKN1C,1
MEIS1,PRODH,1
MEIS1,HSPH1,1
MEIS1,TNFAIP2,1
MEIS1,SOCS2,1
MEIS1,PTPRS,1
MEIS1,NPTN,1
MEIS1,ZDHHC6,1
MEIS1,CERS6,1
MEIS1,CD93,1
MEIS1,CCNB2,1
MEIS1,UTP4,1
MEIS1,HAAO,1
MEIS1,ZEB2,1
MEIS1,PBK,1
MEIS1,DEK,1
MEIS1,TTLL12,1
MEIS1,HIF3A,1
MEIS1,SRSF1,1
MEIS1,MYB,1
MEIS1,MUC13,1
MEIS1,SHMT1,1
MEIS1,RPTOR,1
MEIS1,CSGALNACT2,1
MEIS1,FAM136A,1
MYC,PSME3,1
MYC,WDR4,1
MYC,EEF1E1,1
MYC,SUPV3L1,1
MYC,NOLC1,1
MYC,ABCE1,1
MYC,POLR1B,1
MYC,IFRD2,1
MYC,TARS,1
MYC,ALDH18A1,1
MYC,HDGF,1
MYC,EIF3B,1
MYC,GNL3,1
MYC,IARS,1
MYC,DDX21,1
MYC,AURKA,1
MYC,NSUN2,1
MYC,ATF7,1
MYC,SLC19A1,1
MYC,GOLIM4,1
MYC,WDR43,1
MYC,CAD,1
MYC,TAF12,1
MYC,NOP2,1
MYC,MCM7,1
MYC,YBX3,1
MYC,CBX5,1
MYC,SFXN1,1
MYC,SRM,1
MYC,BYSL,1
MYC,GMFB,1
MYC,SLC29A1,1
MYC,SLC20A1,1
MYC,DHX33,1
MYC,CDCA7,1
MYC,CTPS,1
MYC,PSAT1,1
MYC,SHMT1,1
MYC,THADA,1
MYC,ZFP451,1
MYC,PRMT5,1
MYC,SF3B3,1
MYC,ADK,1
MYC,PTPRS,1
MYC,PPAT,1
MYC,MTHFD1,1
MYC,SRSF1,1
MYC,WDR55,1
MYC,EIF1AD,1
MYC,NOL9,1
MYC,TFRC,1
MYC,PA2G4,1
MYC,ODC1,1
MYC,NDUFS1,1
MYC,EIF2S1,1
MYC,TRMT6,1
MYC,MDN1,1
MYC,PPID,1
MYC,XRCC6,1
MYC,LAP3,1
MYC,REXO2,1
MYC,CKS1B,1
MYC,TOMM70A,1
MYC,ATAD1,1
MYC,SEH1L,1
MYC,FASTKD3,1
MYC,CCNE2,1
MYC,PRMT7,1
MYC,ST6GALNAC4,1
MYC,NUDCD1,1
MYC,EPRS,1
MYC,NUP85,1
MYC,UBE2C,1
MYC,PUS7,1
MYC,YBX1,1
MYC,PTCD3,1
MYC,TMEM43,1
MYC,MTMR6,1
MYC,SMARCA2,1
MYC,ELAC2,1
MYC,LRRC8B,1
MYC,H2-DMA,1
MYC,CD63,1
MYC,HJURP,1
MYC,FARSB,1
MYC,TMEM97,1
MYC,FAM91A1,1
MYC,HNRNPAB,1
MYC,SPPL2B,1
MYC,STRAP,1
MYC,EIF2B1,1
MYC,RANGAP1,1
MYC,RFC5,1
MYC,RNF4,1
MYC,GTF2H1,1
MYC,STT3B,1
MYC,TBL3,1
MYC,NCLN,1
MYC,CLPTM1L,1
MYC,UTP4,1
MYC,DCAF13,1
MYC,XPC,1
MYC,RABGGTB,1
MYC,BIRC5,1
MYC,PSMG2,1
MYC,PNO1,1
MYC,SLC30A5,1
MYC,FASTKD2,1
MYC,POR,1
MYC,FTSJ3,1
MYC,PSMC2,1
MYC,PFKFB3,1
MYC,ATAD2,1
MYC,MYO5A,1
MYC,ME2,1
MYC,HYOU1,1
MYC,HDAC2,1
MYC,RUVBL2,1
MYC,GYS1,1
MYC,BCAP29,1
MYC,DPP8,1
MYC,USP14,1
MYC,COLGALT1,1
MYC,JPT2,1
MYC,METAP1,1
MYC,SNRPB,1
MYC,ARL6IP6,1
MYC,FEM1A,1
MYC,RPP40,1
MYC,PDIA4,1
MYC,NCAPD2,1
MYC,GARS,1
MYC,BUB1B,1
MYC,LONP1,1
MYC,OTUD4,1
MYC,CLTC,1
MYC,NUP155,1
MYC,UBL4A,1
MYC,STT3A,1
MYC,NMD3,1
MYC,CENPO,1
MYC,SLC39A6,1
MYC,ELP2,1
MYC,POLR2B,1
MYC,NDRG1,1
MYC,PSEN1,1
MYC,CDT1,1
MYC,ITPR1,1
MYC,DDX39,1
MYC,NASP,1
MYC,FAM136A,1
MYC,NUDT19,1
MYC,GLRX5,1
MYC,ZNRF2,1
MYC,CIPC,1
MYC,KPNA3,1
MYC,WDR5,1
MYC,TEX10,1
MYC,COQ8A,1
MYC,EFTUD2,1
MYC,KPNA1,1
MYC,PHB2,1
MYC,DTL,1
MYC,NADK,1
MYC,MFSD10,1
MYC,MRPL20,1
MYC,MTOR,1
MYC,RAD51AP1,1
MYC,IRF9,1
MYC,IMMT,1
MYC,CKS2,1
MYC,ERLIN1,1
MYC,ADSL,1
MYC,TRMT11,1
MYC,CKAP2,1
MYC,POLA2,1
MYC,CDK6,1
MYC,RCC1,1
MYC,GPD1L,1
MYC,PRODH,1
MYC,NARS,1
MYC,HSPH1,1
MYC,TIMM50,1
MYC,PIK3R2,1
MYC,MARS,1
MYC,PRPF4,1
MYC,AHCYL1,1
MYC,PPM1G,1
MYC,REXO4,1
MYC,SERP1,1
MYC,CSE1L,1
MYC,RMND5A,1
MYC,NUP107,1
MYC,MFSD1,1
MYC,H2AFX,1
MYC,RPTOR,1
MYC,ARID2,1
MYC,BTAF1,1
MYC,MTREX,1
MYC,TAB1,1
MYC,RTEL1,1
MYC,PREP,1
MYC,NUP93,1
MYC,ERGIC1,1
MYC,PLA2G12A,1
MYC,IDH3A,1
MYC,GLB1,1
MYC,NAMPT,1
MYC,SPTBN1,1
MYC,NCEH1,1
MYC,TOPORS,1
MYC,GEMIN5,1
MYC,TXNIP,1
MYC,ORC2,1
MYC,SLC16A1,1
MYC,TMX4,1
MYC,TNFRSF21,1
MYC,MAPK1,1
MYC,SLC35E1,1
MYC,FGFR1OP,1
MYC,FOXRED1,1
MYC,NDUFA10,1
MYC,AKAP8L,1
MYC,FIGNL1,1
MYC,1700017B05RIK,1
MYC,CCNB1,1
MYC,PBK,1
MYC,CERS6,1
MYC,CS,1
MYC,POLE3,1
MYC,FBXO5,1
MYC,RRM1,1
MYC,USP10,1
MYC,MCM6,1
MYC,GSR,1
MYC,EAF1,1
MYC,DNAJC5,1
MYC,GUSB,1
MYC,TBC1D5,1
MYC,XPNPEP1,1
MYC,MIEF1,1
MYC,RPN1,1
MYC,DUS1L,1
MYC,DDX20,1
MYC,MOGS,1
MYC,PHF5A,1
MYC,LRRC59,1
MYC,OSBPL1A,1
MYC,LIG1,1
MYC,GNG12,1
MYC,PTDSS1,1
MYC,HUS1,1
MYC,HARS,1
MYC,RPA1,1
MYC,ARMT1,1
MYC,HERPUD1,1
MYC,TTF2,1
MYC,WDHD1,1
MYC,MTFR1,1
MYC,ETF1,1
MYC,SLC26A2,1
MYC,CCDC137,1
MYC,BCL2,1
MYC,TXNDC11,1
MYC,HMBS,1
MYC,TNPO1,1
MYC,PWP2,1
MYC,DUT,1
MYC,RORC,1
MYC,ATP13A1,1
MYC,MOB3C,1
MYC,INCENP,1
MYC,NDC1,1
MYC,SESN1,1
MYC,TSC22D1,1
MYC,FEM1B,1
MYC,DNAJC11,1
MYC,HAT1,1
MYC,MTCH2,1
MYC,CLN5,1
MYC,TRIM47,1
MYC,BID,1
MYC,SNRNP200,1
MYC,CDCA3,1
MYC,UMPS,1
MYC,TMEM206,1
MYC,NEDD1,1
MYC,UHRF1,1
MYC,NUSAP1,1
MYC,RPS6KA5,1
MYC,HEXA,1
MYC,GMIP,1
MYC,CDK1,1
MYC,EIF4ENIF1,1
MYC,DDX1,1
MYC,TTLL12,1
MYC,DLST,1
MYC,CYB5R1,1
MYC,PLAA,1
MYC,ZDHHC6,1
MYC,RGS19,1
MYC,9430015G10RIK,1
MYC,TMEM33,1
MYC,ERCC8,1
MYC,SLC35A4,1
MYC,HSPA4,1
MYC,NDUFV1,1
MYC,GOLT1B,1
MYC,POLD1,1
MYC,EZR,1
MYC,MCM3,1
MYC,ADO,1
MYC,OSBPL8,1
MYC,NAA50,1
MYC,MIS18BP1,1
MYC,ABL2,1
MYC,TPX2,1
MYC,USP37,1
MYC,EMILIN1,1
MYC,OTUD6B,1
MYC,KCNK5,1
MYC,RGS2,1
MYC,ZFP53,1
MYC,MXD3,1
MYC,SCARB1,1
MYC,SGO1,1
MYC,GFM1,1
MYC,SGMS1,1
MYC,TRPS1,1
MYC,ABL1,1
MYC,RARS,1
MYC,ACAA2,1
MYC,PFKP,1
MYC,FAM76B,1
MYC,CCNA2,1
MYC,GNS,1
MYC,HCFC1,1
MYC,ALDH9A1,1
MYC,PPM1F,1
MYC,AURKB,1
MYC,IDH1,1
MYC,CD44,1
MYC,TUBGCP2,1
MYC,GCLC,1
MYC,TOMM40,1
MYC,SLC25A46,1
MYC,LONP2,1
MYC,TCP11L2,1
MYC,JPT1,1
MYC,NUS1,1
MYC,FAM102B,1
MYC,CTSL,1
MYC,ZFP35,1
MYC,TACC3,1
MYC,KAT7,1
MYC,PLD3,1
MYC,CDCA4,1
MYC,ATP1B3,1
MYC,ECT2,1
MYC,DEF8,1
MYC,MTUS1,1
MYC,EPB41L4B,1
MYC,MPZL1,1
MYC,MTO1,1
MYC,SGPP1,1
MYC,UQCRFS1,1
MYC,TOP3B,1
MYC,ABHD17B,1
MYC,KIF20B,1
MYC,CSTF2,1
MYC,NDE1,1
MYC,ZHX1,1
MYC,TRIM59,1
MYC,SDF2L1,1
MYC,PRC1,1
MYC,ELOVL5,1
MYC,MRPL37,1
MYC,RANBP3,1
MYC,FRRS1,1
MYC,FDFT1,1
MYC,CD274,1
MYC,TIMM29,1
MYC,KCTD20,1
MYC,NFAT5,1
MYC,VKORC1L1,1
MYC,CHORDC1,1
MYC,MEMO1,1
MYC,ANXA5,1
MYC,D1ERTD622E,1
MYC,PLAG1,1
MYC,PCMTD2,1
MYC,GMCL1,1
MYC,MGAT1,1
MYC,CDCA8,1
MYC,NUPR1,1
MYC,IGFBP4,1
MYC,UBA2,1
MYC,INTS13,1
MYC,ARL8B,1
MYC,TRIM35,1
MYC,SPCS3,1
MYC,ZDHHC13,1
MYC,SNAP47,1
MYC,DNM1L,1
MYC,SMC2,1
MYC,TYMS,1
MYC,TUBGCP3,1
MYC,RPA2,1
MYC,MSH6,1
MYC,DUSP1,1
MYC,TFG,1
MYC,PPP1CB,1
MYC,PLA2G15,1
MYC,TOP2A,1
MYC,RFC4,1
MYC,TIPIN,1
MYC,CEP55,1
MYC,CREBRF,1
MYC,C1RL,1
MYC,PRELID3B,1
MYC,SLBP,1
MYC,CKAP5,1
MYC,GALNS,1
MYC,RPRD1B,1
MYC,NCAPG2,1
MYC,PSMD9,1
MYC,RACGAP1,1
MYC,ATRN,1
MYC,MORC3,1
MYC,CCNF,1
MYC,SYNJ1,1
MYC,SERPINB6A,1
MYC,HIF3A,1
MYC,ISYNA1,1
MYC,NUF2,1
MYC,PSMD1,1
MYC,ARRDC4,1
MYC,CDCA5,1
MYC,CTSZ,1
MYC,MTMR4,1
MYC,CCDC50,1
MYC,INTS8,1
MYC,FCHO2,1
MYC,EML4,1
MYC,ST8SIA4,1
MYC,ZFP322A,1
MYC,NFIA,1
MYC,SLCO4A1,1
MYC,CTC1,1
MYC,CSAD,1
MYC,IARS2,1
MYC,ACLY,1
MYC,ELF1,1
MYC,SZT2,1
MYC,E2F8,1
MYC,SLC35B4,1
MYC,TM7SF3,1
MYC,FBXW11,1
MYC,CENPF,1
MYC,DHFR,1
MYC,SEC24D,1
MYC,PATL1,1
MYC,B230219D22RIK,1
MYC,NUDT4,1
MYC,E2F4,1
MYC,FGGY,1
MYC,HNRNPLL,1
MYC,API5,1
MYC,HASPIN,1
MYC,USP42,1
MYC,PHF10,1
MYC,TSPAN3,1
MYC,9530068E07RIK,1
MYC,REL,1
MYC,CNIH1,1
MYC,PHKB,1
MYC,NCAPG,1
MYC,GTF2F1,1
MYC,KNSTRN,1
MYC,SPNS2,1
MYC,CCNB2,1
MYC,HLF,1
MYC,TMEM229B,1
MYC,UBR7,1
MYC,SARAF,1
MYC,MAML3,1
MYC,CNN3,1
MYC,TIMP2,1
MYC,RPAP1,1
MYC,RUNX1T1,1
MYC,GANAB,1
MYC,FCGRT,1
MYC,RCOR1,1
MYC,OSTM1,1
MYC,ABCB10,1
MYC,CDC20,1
MYC,MCM2,1
MYC,TRIM16,1
MYC,ABCB8,1
MYC,TEC,1
MYC,RAD51,1
MYC,KIF11,1
MYC,IRF8,1
MYC,ACSS2,1
MYC,DCK,1
MYC,MAD2L1,1
MYC,PITPNC1,1
MYC,EDEM1,1
MYC,HACD3,1
MYC,STIP1,1
MYC,NCAPH,1
MYC,OBSL1,1
MYC,UAP1,1
MYC,PRIM1,1
MYC,RAP1B,1
MYC,PRPS2,1
MYC,RNF38,1
MYC,NRROS,1
MYC,XRCC3,1
MYC,CDC6,1
MYC,ARCN1,1
MYC,PSMD6,1
MYC,SLC44A2,1
MYC,TGFBR1,1
MYC,ATP6AP1,1
MYC,CD82,1
MYC,MCM4,1
MYC,RIN3,1
MYC,MEIS1,1
MYC,RRM2,1
MYC,ZFP422,1
MYC,CBX7,1
MYC,NPTN,1
MYC,SETD2,1
MYC,SLC31A1,1
MYC,VPS35,1
MYC,ORC6,1
MYC,ZFP24,1
MYC,AP1S2,1
MYC,PRKCD,1
MYC,ZFP367,1
MYC,SOAT1,1
MYC,IL17RA,1
MYC,ARID5A,1
MYC,CENPA,1
MYC,IPO9,1
MYC,MSMO1,1
MYC,PRR5,1
MYC,CDC7,1
MYC,CYP4V3,1
MYC,JARID2,1
MYC,SEC23IP,1
MYC,SPC25,1
MYC,CYC1,1
MYC,MIS12,1
MYC,NFKBIA,1
MYC,PCMTD1,1
MYC,UBAC1,1
MYC,WSB1,1
MYC,NUAK2,1
MYC,MTR,1
MYC,PPP1R15A,1
MYC,ITSN1,1
MYC,CUL3,1
MYC,SNX30,1
MYC,MED16,1
MYC,NFE2,1
MYC,NDC80,1
MYC,NUBP2,1
MYC,STXBP4,1
MYC,TK1,1
MYC,CTR9,1
MYC,MNS1,1
MYC,MYB,1
MYC,SELENBP1,1
MYC,BTG2,1
MYC,MTMR1,1
MYC,F2R,1
MYC,HMGB2,1
MYC,PRIM2,1
MYC,LMO4,1
MYC,HELLS,1
MYC,STOM,1
MYC,CKAP2L,1
MYC,AGPS,1
MYC,FLNA,1
MYC,TSPAN14,1
MYC,CBFB,1
MYC,CAMK2D,1
MYC,CIP2A,1
MYC,IGTP,1
MYC,OTULINL,1
MYC,CTTN,1
MYC,ICAM1,1
MYC,MLLT3,1
MYC,POLE,1
MYC,TMX3,1
MYC,FLT3,1
MYC,SLC25A38,1
MYC,CYBC1,1
MYC,CHRNB1,1
MYC,FAR1,1
MYC,CDK18,1
MYC,PTTG1IP,1
MYC,TBC1D9B,1
MYC,ARHGEF18,1
MYC,GBP3,1
MYC,KIF13A,1
MYC,TMEM176A,1
MYC,THSD1,1
MYC,TYROBP,1
MYC,H1F0,1
MYC,MCM10,1
MYC,GMNN,1
MYC,DNAJC10,1
MYC,ADSSL1,1
MYC,MICU1,1
MYC,ALAS1,1
MYC,TMEM184C,1
MYC,GLIPR2,1
MYC,APLP2,1
MYC,QARS,1
MYC,SOCS2,1
MYC,PDE4B,1
MYC,CD9,1
MYC,HAAO,1
MYC,CENPK,1
MYC,ZEB2,1
MYC,TPM4,1
MYC,RGCC,1
MYC,ASF1B,1
MYC,TCF19,1
MYC,ISG20,1
MYC,DEK,1
MYC,MCM5,1
MYC,ARFGEF2,1
MYC,LAPTM4B,1
MYC,CSGALNACT2,1
MYC,PAK1,1
MYC,RAD21,1
MYC,HMGB3,1
MYC,DENND2D,1
MYC,FAM111A,1
MYC,LDHB,1
MYC,GCNT2,1
MYC,SMPD4,1
MYC,ATP6AP2,1
MYC,CREB5,1
MYC,RETREG1,1
MYC,IL6ST,1
MYC,HDAC11,1
MYC,DNAJC9,1
MYC,SGCE,1
MYC,NUP88,1
MYC,IFI30,1
MYC,PIM2,1
MYC,MAN2A2,1
MYC,ANGPT1,1
MYC,UNC93B1,1
MYC,MAPK12,1
MYC,TECPR1,1
MYC,SERPINB9,1
MYC,TRIB3,1
MYC,TGM2,1
MYC,MAPKAPK3,1
MYC,PSME4,1
MYC,ZFAND5,1
MYC,INPP5B,1
MYC,GPRASP1,1
MYC,MFNG,1
MYC,NEIL3,1
MYC,TUBA4A,1
MYC,SVIP,1
MYC,PTPRE,1
MYC,RAB31,1
MYC,PRDM16,1
MYC,SPIDR,1
MYC,LGALS1,1
MYC,DHRS3,1
MYC,GK,1
MYC,EMB,1
MYC,LY9,1
MYC,TMEM37,1
MYC,SPC24,1
MYC,APBB1,1
MYC,COPB1,1
MYC,PLIN3,1
MYC,AKNA,1
MYC,FLNB,1
MYC,CDC45,1
MYC,FAM189B,1
MYC,SELENOP,1
MYC,MKI67,1
MYC,H2-Q6,1
MYC,4833439L19RIK,1
MYC,GRK3,1
MYC,PHF6,1
MYC,G6PDX,1
MYC,PLEKHO2,1
MYC,PANX1,1
MYC,NDRG2,1
MYC,GOLPH3,1
MYC,JAM3,1
MYC,ITIH5,1
MYC,ZBTB38,1
MYC,PPP1R9A,1
MYC,TENT5A,1
MYC,ACOX1,1
MYC,TEAD2,1
MYC,TFR2,1
MYC,YPEL3,1
MYC,INO80D,1
MYC,PTGS1,1
MYC,EBF1,1
MYC,CYP2J6,1
MYC,PIK3R1,1
MYC,RORA,1
MYC,RELB,1
MYC,FOXO1,1
MYC,STAG2,1
MYC,SHISA8,1
MYC,LMAN2L,1
MYC,ELMO2,1
MYC,CENPE,1
MYC,MGAT5,1
MYC,ATP10A,1
MYC,LACTB,1
MYC,ZBTB16,1
MYC,METTL7A1,1
MYC,PTPN7,1
MYC,STAT2,1
MYC,DDX58,1
MYC,NFATC2,1
MYC,GEM,1
MYC,MCOLN2,1
MYC,SLC37A1,1
MYC,SHISA5,1
MYC,ACSS1,1
MYC,RPS6KA3,1
MYC,PIP4K2A,1
MYC,TES,1
MYC,TNFRSF13C,1
MYC,ITCH,1
MYC,BC005561,1
MYC,NPLOC4,1
MYC,USP11,1
MYC,S100A6,1
MYC,F11R,1
MYC,GRINA,1
MYC,JUN,1
MYC,NWD1,1
MYC,SLC7A4,1
MYC,METTL27,1
MYC,BDH2,1
MYC,GATM,1
MYC,IRGM2,1
MYC,NAPRT,1
MYC,KIF22,1
MYC,LYN,1
MYC,TCIRG1,1
MYC,KLF6,1
MYC,FES,1
MYC,LAX1,1
MYC,ATP11C,1
MYC,TMEM246,1
MYC,SORT1,1
MYC,KCTD12,1
MYC,CSF2RB,1
MYC,NPDC1,1
MYC,TLR4,1
MYC,RARB,1
MYC,ALDOC,1
MYC,APOE,1
MYC,ATG12,1
MYC,AP3S1,1
MYC,MPI,1
MYC,PBX1,1
MYC,CD68,1
MYC,RB1,1
MYC,ACOT9,1
MYC,SLPI,1
MYC,FLOT2,1
MYC,ADA,1
MYC,SHCBP1,1
MYC,CAPG,1
MYC,MFSD14B,1
MYC,CAND2,1
MYC,SSH3,1
MYC,HDGFL3,1
MYC,IKZF1,1
MYC,LSP1,1
MYC,IRF6,1
MYC,FAM171A1,1
MYC,PCLAF,1
MYC,CTSF,1
MYC,PHF11B,1
MYC,HDAC7,1
MYC,TBC1D2B,1
MYC,CCL9,1
MYC,SDC4,1
MYC,HID1,1
MYC,CISH,1
MYC,LY6A,1
MYC,MBNL3,1
MYC,BUB1,1
MYC,NAV1,1
MYC,ZMIZ1,1
MYC,LY86,1
MYC,RNF122,1
MYC,SNAP23,1
MYC,KIF17,1
MYC,DOCK10,1
MYC,SYK,1
MYC,ANKRD44,1
MYC,SALL2,1
MYC,NR3C2,1
MYC,PSTPIP1,1
MYC,MLKL,1
MYC,PLEK,1
MYC,CALCRL,1
MYC,KRT18,1
MYC,COL4A2,1
MYC,COL4A1,1
MYC,SPI1,1
MYC,TBC1D10C,1
MYC,VDR,1
MYC,NECAP2,1
MYC,CASP12,1
MYC,NAPSA,1
MYC,CD48,1
MYC,BC035044,1
MYC,TBXAS1,1
MYC,EGR1,1
MYC,GBP7,1
MYC,MECOM,1
MYC,GBP2,1
MYC,SH2D5,1
MYC,PARP8,1
MYC,UBASH3A,1
MYC,CD93,1
MYC,ATP8B4,1
MYC,MYO1G,1
MYC,IL27RA,1
MYC,CFP,1
MYC,TNFAIP2,1
MYC,CHCHD10,1
MYC,UBE2L6,1
MYC,ACOX3,1
MYC,GIMAP6,1
MYC,PIK3IP1,1
MYC,RASSF4,1
MYC,SAMD9L,1
MYC,PARVG,1
MYC,ZFP36,1
MYC,CD74,1
MYC,CSGALNACT1,1
MYC,SIRPA,1
MYC,RBPMS,1
MYC,TMEM173,1
MYC,TESPA1,1
MYC,UPP1,1
MYC,TMEM50B,1
MYC,SORL1,1
MYC,EPAS1,1
MYC,ADORA2A,1
MYC,PEAR1,1
MYC,GPR160,1
MYC,GGTA1,1
MYC,PRKCH,1
MYC,IFI27L2A,1
MYC,CD53,1
MYC,SH3BGRL,1
MYC,TOR3A,1
MYC,MAP4K2,1
MYC,CD244A,1
MYC,GATA2,1
MYC,PIDD1,1
MYC,PROCR,1
MYC,CLEC12A,1
MYC,CASP1,1
MYC,GIMAP5,1
MYC,GPR65,1
MYC,CERS4,1
MYC,GIMAP8,1
MYC,GNG2,1
MYC,ZFP945,1
MYC,NEURL3,1
MYC,SUSD3,1
MYC,GABBR1,1
MYC,VAV1,1
MYC,CDKN1A,1
MYC,FUCA2,1
MYC,SLCO3A1,1
MYC,ANXA2,1
MYC,PADI4,1
MYC,GIMAP1,1
MYC,TCN2,1
MYC,HSPA1A,1
MYC,VSIR,1
MYC,SELL,1
MYC,GALNT6,1
MYC,ARHGAP15,1
MYC,PKIB,1
MYC,SLFN2,1
MYC,RASA4,1
MYC,DOCK11,1
MYC,CD69,1
MYC,CNRIP1,1
MYC,CST7,1
MYC,EPSTI1,1
MYC,SATB1,1
MYC,PGLYRP2,1
MYC,TMEM154,1
MYC,OSGIN1,1
MYC,PRKCQ,1
MYC,CTSO,1
MYC,ZFP467,1
MYC,ARHGEF39,1
MYC,ITGAL,1
MYC,ENPP5,1
MYC,IGSF6,1
MYC,SLA2,1
MYC,BTK,1
MYC,ABCG2,1
MYC,MC5R,1
MYC,PNCK,1
MYC,RCSD1,1
MYC,RAB37,1
MYC,SLC2A3,1
MYC,PRSS57,1
MYC,FCGR2B,1
MYC,OASL2,1
MYC,XAF1,1
MYC,RP2,1
MYC,PLPPR3,1
MYC,SMPDL3A,1
MYC,CTLA2B,1
MYC,CDKN1C,1
MYC,SIGLECG,1
MYC,BACE1,1
MYC,OBSCN,1
MYC,TSC22D3,1
MYC,H2-AA,1
MYC,UBA7,1
MYC,CSRP3,1
MYC,GFI1B,1
MYC,PTGR1,1
MYC,RGS1,1
MYC,ZBTB20,1
MYC,PLXNC1,1
MYC,FCER1G,1
MYC,SERPINB1A,1
MYC,IFI203,1
MYC,SLC22A3,1
MYC,DOK2,1
MYC,FUT7,1
MYC,VAV3,1
MYC,TSPAN2,1
MYC,TRIM30D,1
MYC,ELANE,1
MYC,EYA2,1
MYC,HP,1
MYC,EMID1,1
MYC,RGS18,1
MYC,SERPINA3G,1
MYC,LY6C2,1
MYC,PLAC8,1
MYC,NCF1,1
MYC,MAGED2,1
MYC,MAMDC2,1
MYC,IRF7,1
MYC,HACD4,1
MYC,GM1966,1
MYC,STX3,1
MYC,MR1,1
MYC,FGL2,1
MYC,5430427O19RIK,1
MYC,TNIP3,1
MYC,HK3,1
MYC,DENND1C,1
MYC,LTB,1
MYC,JCHAIN,1
MYC,NAP1L3,1
MYC,TGTP2,1
MYC,TGTP1,1
MYC,TIFAB,1
MYC,DDX60,1
MYC,SPNS3,1
MYC,AFAP1L1,1
MYC,RHOF,1
MYC,ADGRG3,1
MYC,TSPOAP1,1
MYC,EBI3,1
MYC,FSTL1,1
MYC,ART4,1
MYC,THEMIS2,1
MYC,ANXA1,1
MYC,MYCT1,1
MYC,PRTN3,1
MYC,ARL11,1
MYC,TM6SF1,1
MYC,H2-OB,1
MYC,CYFIP2,1
MYC,SYTL1,1
MYC,MYCN,1
MYC,CSF1R,1
MYC,BATF2,1
MYC,NFAM1,1
MYC,GRIA3,1
MYC,ARID3B,1
MYC,ANXA3,1
MYC,SOX18,1
MYC,SULT1A1,1
MYC,VIPR2,1
MYC,GNG11,1
NFAT5,HSPA4,1
NFAT5,STXBP4,1
NFAT5,ATP1B3,1
NFAT5,SEC23IP,1
NFAT5,TIPIN,1
NFAT5,TRPC6,1
RAD21,AHCYL1,1
RAD21,DDX20,1
RAD21,RAB37,1
RAD21,MCM5,1
RAD21,FLNB,1
RAD21,RHOF,1
RAD21,NCEH1,1
RAD21,HJURP,1
RAD21,BDH2,1
RAD21,PTPRE,1
RAD21,GBP3,1
RAD21,POLD1,1
RAD21,RCC1,1
RAD21,TBC1D9B,1
RAD21,PLEKHO2,1
RAD21,EPB41L4B,1
RAD21,TNFRSF21,1
RAD21,ASF1B,1
RAD21,FAM136A,1
RAD21,HASPIN,1
RAD21,MYCN,1
RAD21,PFKFB3,1
RAD21,SAMD9L,1
RAD21,TRIB3,1
RAD21,ANKRD44,1
RAD21,TK1,1
RAD21,MC5R,1
RAD21,GBP2,1
RAD21,GFI1B,1
RAD21,PRSS57,1
RAD21,FEM1A,1
RAD21,SELL,1
RAD21,TSC22D3,1
RAD21,FAM171A1,1
RAD21,STAG2,1
RAD21,TSC22D1,1
RAD21,SETD2,1
RAD21,NDUFV1,1
RAD21,SERPINB9,1
RAD21,CDK6,1
RAD21,C1RL,1
RAD21,ADORA2A,1
RAD21,SOCS2,1
RAD21,TGM2,1
RAD21,ATP11C,1
RAD21,SERPINB1A,1
RAD21,IDH1,1
RAD21,GLIPR2,1
RAD21,DUSP1,1
RAD21,USP42,1
RAD21,PEAR1,1
RAD21,SLC30A5,1
RAD21,POLA2,1
RAD21,VSIR,1
RAD21,NUF2,1
RAD21,IRF9,1
RAD21,RGCC,1
RAD21,SLC25A38,1
RAD21,FUT7,1
RAD21,UBE2L6,1
RAD21,BUB1,1
RAD21,PLIN3,1
RAD21,TENT5A,1
RAD21,CAMK2D,1
RAD21,JUN,1
RAD21,GIMAP8,1
RAD21,MOGS,1
RAD21,GPR160,1
RAD21,CSGALNACT1,1
RAD21,CTSO,1
RAD21,MGAT5,1
RAD21,PREP,1
RAD21,NPDC1,1
RAD21,LRRC59,1
RAD21,DEF8,1
RAD21,RPS6KA5,1
RAD21,TBC1D10C,1
RAD21,SORL1,1
RAD21,MARS,1
RAD21,METTL27,1
RAD21,IPO9,1
RAD21,PPM1F,1
RAD21,TIMP2,1
RAD21,FCHO2,1
RAD21,EGR1,1
RAD21,ALDH18A1,1
RAD21,API5,1
RAD21,DTL,1
RAD21,IGFBP4,1
RAD21,SERPINB6B,1
RAD21,ACOT9,1
RAD21,CCNA2,1
RAD21,ACSS2,1
RAD21,TRIM30D,1
RAD21,ABCB8,1
RAD21,MIS18BP1,1
RAD21,PLXNC1,1
RAD21,NADK,1
RAD21,MAPKAPK3,1
RAD21,PTPN7,1
RAD21,KCTD12,1
RAD21,MGAT1,1
RAD21,ANXA5,1
RAD21,SLCO3A1,1
RAD21,STT3B,1
RAD21,SPNS2,1
RAD21,MYO5A,1
RAD21,PIK3R1,1
RAD21,H2AFX,1
RAD21,KLF6,1
RAD21,STX3,1
RAD21,GNG2,1
RAD21,MFSD10,1
RAD21,DPP8,1
RAD21,DHFR,1
RAD21,ABHD17B,1
RAD21,1700017B05RIK,1
RAD21,4833439L19RIK,1
RAD21,RFC5,1
RAD21,MAN2A2,1
RAD21,SMARCA2,1
RAD21,RARS,1
RAD21,RUVBL2,1
RAD21,GYS1,1
RAD21,ZMIZ1,1
RAD21,IL27RA,1
RAD21,DNAJC11,1
RAD21,DOCK10,1
RAD21,TMEM176A,1
RAD21,CNN3,1
RAD21,ARHGAP15,1
RAD21,IRF7,1
RAD21,RETREG1,1
RAD21,RAB31,1
RAD21,RAP1B,1
RAD21,PSMD6,1
RAD21,NOL9,1
RAD21,NAA50,1
RAD21,CCNB1,1
RAD21,SGMS1,1
RAD21,GIMAP5,1
RAD21,ZNRF2,1
RAD21,MYC,1
RAD21,CLN5,1
RAD21,GFM1,1
RAD21,RFC4,1
RAD21,EIF1AD,1
RAD21,FEM1B,1
RAD21,TNPO1,1
RAD21,NUS1,1
RAD21,SATB1,1
RAD21,PIP4K2A,1
RAD21,SOAT1,1
RAD21,PIK3IP1,1
RAD21,SPTBN1,1
RAD21,EYA2,1
RAD21,FAM102B,1
RAD21,SGCE,1
RAD21,CLTC,1
RAD21,UAP1,1
RAD21,KIF20B,1
RAD21,SPC24,1
RAD21,PIDD1,1
RAD21,PAK1,1
RAD21,DNM1L,1
RAD21,FES,1
RAD21,APLP2,1
RAD21,ARL8B,1
RAD21,9430015G10RIK,1
RAD21,PPP1R15A,1
RAD21,BYSL,1
RAD21,GMFB,1
RAD21,SGO1,1
RAD21,ZFAND5,1
RAD21,SHCBP1,1
RAD21,RPRD1B,1
RAD21,MTMR6,1
RAD21,CERS6,1
RAD21,LYN,1
RAD21,RMND5A,1
RAD21,SLC37A1,1
RAD21,SLC26A2,1
RAD21,TMEM229B,1
RAD21,ODC1,1
RAD21,SLC44A2,1
RAD21,EEF1E1,1
RAD21,MECOM,1
RAD21,COLGALT1,1
RAD21,DENND2D,1
RAD21,OSBPL8,1
RAD21,NAPRT,1
RAD21,MICU1,1
RAD21,MNS1,1
RAD21,PRKCQ,1
RAD21,PRPF4,1
RAD21,WDHD1,1
RAD21,ARID2,1
RAD21,NFKBIA,1
RAD21,MAP4K2,1
RAD21,ELF1,1
RAD21,ZEB2,1
RAD21,ADO,1
RAD21,B230219D22RIK,1
RAD21,NECAP2,1
RAD21,WDR5,1
RAD21,NFAT5,1
RAD21,TAB1,1
RAD21,TOP3B,1
RAD21,GLB1,1
RAD21,TYMS,1
RAD21,GEM,1
RAD21,MORC3,1
RAD21,STIP1,1
RAD21,SESN1,1
RAD21,PCMTD1,1
RAD21,SLC20A1,1
RAD21,MIEF1,1
RAD21,ITPR1,1
RAD21,ATRN,1
RAD21,RRM2,1
RAD21,EML4,1
RAD21,ARID5A,1
RAD21,HUS1,1
RAD21,ME2,1
RAD21,TBC1D5,1
RAD21,RPTOR,1
RAD21,NFE2,1
RAD21,LRRC8B,1
RAD21,TMX3,1
RAD21,NUP85,1
RAD21,SNAP47,1
RAD21,HSPA4,1
RAD21,TFRC,1
RAD21,ATP10A,1
RAD21,ELMO2,1
RAD21,GALNS,1
RAD21,GCLC,1
RAD21,ELOVL5,1
RAD21,MAML3,1
RAD21,PNO1,1
RAD21,ATP1B3,1
RAD21,KIF17,1
RAD21,PKIB,1
RAD21,IKZF1,1
RAD21,PHKB,1
RAD21,TMX4,1
RAD21,AKAP8L,1
RAD21,ERGIC1,1
RAD21,PRKCH,1
RAD21,CSTF2,1
RAD21,VAV3,1
RAD21,FGGY,1
RAD21,PPP1CB,1
RAD21,ZFP24,1
RAD21,SERP1,1
RAD21,REL,1
RAD21,NEDD1,1
RAD21,POR,1
RAD21,BTG2,1
RAD21,MXD3,1
RAD21,ATP13A1,1
RAD21,ALDH9A1,1
RAD21,DEK,1
RAD21,RIN3,1
RAD21,IL6ST,1
RAD21,CD53,1
RAD21,CERK,1
RAD21,SPC25,1
RAD21,TSPOAP1,1
RAD21,PDE4B,1
RAD21,NUP107,1
RAD21,ZDHHC6,1
RAD21,CKAP2L,1
RAD21,STXBP4,1
RAD21,GNG12,1
RAD21,ZBTB16,1
RAD21,INTS8,1
RAD21,S100A6,1
RAD21,AP1S2,1
RAD21,TXNDC11,1
RAD21,BC005561,1
RAD21,TIMM29,1
RAD21,SERPINB6A,1
RAD21,SYNJ1,1
RAD21,KPNA3,1
RAD21,SHISA8,1
RAD21,KNSTRN,1
RAD21,ACLY,1
RAD21,CCDC50,1
RAD21,GARS,1
RAD21,TEC,1
RAD21,ATG12,1
RAD21,AP3S1,1
RAD21,RTEL1,1
RAD21,POLR1B,1
RAD21,PSEN1,1
RAD21,NCAPG2,1
RAD21,ADSL,1
RAD21,AURKA,1
RAD21,CEP55,1
RAD21,TRIM59,1
RAD21,JPT2,1
RAD21,ZBTB38,1
RAD21,PRDM16,1
RAD21,GMIP,1
RAD21,KIF13A,1
RAD21,INO80D,1
RAD21,RNF38,1
RAD21,RNF122,1
RAD21,SDC4,1
RAD21,ACAA2,1
RAD21,SEH1L,1
RAD21,LMAN2L,1
RAD21,TRMT6,1
RAD21,CNIH1,1
RAD21,WSB1,1
RAD21,D1ERTD622E,1
RAD21,NDRG1,1
RAD21,DCAF13,1
RAD21,INTS13,1
RAD21,TMEM97,1
RAD21,HARS,1
RAD21,SIRPA,1
RAD21,MFSD1,1
RAD21,SMPD4,1
RAD21,HYOU1,1
RAD21,KIF11,1
RAD21,FAR1,1
RAD21,METAP1,1
RAD21,XRCC6,1
RAD21,HERPUD1,1
RAD21,CSGALNACT2,1
RAD21,EDEM1,1
RAD21,FTSJ3,1
RAD21,MSH6,1
RAD21,WDR4,1
RAD21,SZT2,1
RAD21,SYK,1
RAD21,FOXRED1,1
RAD21,MAPK1,1
RAD21,TLR4,1
RAD21,NDC80,1
RAD21,NAMPT,1
RAD21,RB1,1
RAD21,NRROS,1
RAD21,MBNL3,1
RAD21,ZFP451,1
RAD21,ZDHHC13,1
RAD21,RPN1,1
RAD21,TM7SF3,1
RAD21,GM1966,1
RAD21,RARB,1
RAD21,GRINA,1
RAD21,LTB,1
RAD21,LAPTM4B,1
RAD21,GANAB,1
RAD21,RAD51AP1,1
RAD21,CUL3,1
RAD21,IRF8,1
RAD21,RPAP1,1
RAD21,SLC35A4,1
RAD21,TBL3,1
RAD21,SLC35E1,1
RAD21,CYC1,1
RAD21,ARFGEF2,1
RAD21,ARMT1,1
RAD21,GMNN,1
RAD21,PPP1R9A,1
RAD21,RGS18,1
RAD21,CD44,1
RAD21,TRPS1,1
RAD21,LACTB,1
RAD21,OTUD6B,1
RAD21,CCNF,1
RAD21,LAP3,1
RAD21,NPLOC4,1
RAD21,EAF1,1
RAD21,CTSL,1
RAD21,ATAD2,1
RAD21,ANGPT1,1
RAD21,KAT7,1
RAD21,PHF11B,1
RAD21,RPS6KA3,1
RAD21,RPA1,1
RAD21,SUPV3L1,1
RAD21,MPZL1,1
RAD21,PPM1G,1
RAD21,AGPS,1
RAD21,ADK,1
RAD21,NOP2,1
RAD21,PSME4,1
RAD21,TEX10,1
RAD21,JARID2,1
RAD21,DDX39,1
RAD21,PHF10,1
RAD21,PHF5A,1
RAD21,PANX1,1
RAD21,JPT1,1
RAD21,NUP93,1
RAD21,BUB1B,1
RAD21,9530068E07RIK,1
RAD21,CYB5R1,1
RAD21,OSTM1,1
RAD21,TSPAN14,1
RAD21,CDT1,1
RAD21,ABL1,1
RAD21,ZFP53,1
RAD21,ABL2,1
RAD21,NDUFA10,1
RAD21,XPNPEP1,1
RAD21,EPAS1,1
RAD21,NUDT4,1
RAD21,GALNT6,1
RAD21,PLA2G12A,1
RAD21,MRPL20,1
RAD21,USP14,1
RAD21,ESAM,1
RAD21,GTF2H1,1
RAD21,PTTG1IP,1
RAD21,HDAC2,1
RAD21,MRPL37,1
RAD21,GSR,1
RAD21,CREBRF,1
RAD21,FOXO1,1
RAD21,CD68,1
RAD21,GBP7,1
RAD21,OSBPL1A,1
RAD21,ERLIN1,1
RAD21,PRELID3B,1
RAD21,TSPAN3,1
RAD21,CLPTM1L,1
RAD21,RPA2,1
RAD21,MFSD14B,1
RAD21,TUBGCP2,1
RAD21,STOM,1
RAD21,REXO4,1
RAD21,TUBA4A,1
RAD21,PSMG2,1
RAD21,TRMT11,1
RAD21,OSGIN1,1
RAD21,TOPORS,1
RAD21,CDC7,1
RAD21,ZFP35,1
RAD21,FBXW11,1
RAD21,EFCC1,1
RAD21,ZHX1,1
RAD21,BCAP29,1
RAD21,PLD3,1
RAD21,SNRPB,1
RAD21,HNRNPLL,1
RAD21,MCM6,1
RAD21,RORA,1
RAD21,IRGM2,1
RAD21,RABGGTB,1
RAD21,KCTD20,1
RAD21,DDX1,1
RAD21,TSPAN2,1
RAD21,HSPH1,1
RAD21,PATL1,1
RAD21,CBFB,1
RAD21,NOLC1,1
RAD21,IFRD2,1
RAD21,GIMAP6,1
RAD21,SCARB1,1
RAD21,MTFR1,1
RAD21,OTULINL,1
RAD21,MOB3C,1
RAD21,MTCH2,1
RAD21,GNS,1
RAD21,OTUD4,1
RAD21,CDCA4,1
RAD21,HEXA,1
RAD21,CENPA,1
RAD21,EZR,1
RAD21,HNRNPAB,1
RAD21,TESPA1,1
RAD21,TPM4,1
RAD21,SLC16A1,1
RAD21,CREB5,1
RAD21,FGFR1OP,1
RAD21,KIF22,1
RAD21,THADA,1
RAD21,DHX33,1
RAD21,ITCH,1
RAD21,EIF3B,1
RAD21,GMCL1,1
RAD21,NMD3,1
RAD21,FRRS1,1
RAD21,NFATC2,1
RAD21,RGS19,1
RAD21,DCK,1
RAD21,COPB1,1
RAD21,PRC1,1
RAD21,CD69,1
RAD21,POLR2B,1
RAD21,SLBP,1
RAD21,DENND1C,1
RAD21,SLC25A46,1
RAD21,HAT1,1
RAD21,CDCA5,1
RAD21,PARP8,1
RAD21,TAF12,1
RAD21,SLC39A6,1
RAD21,ELP2,1
RAD21,REXO2,1
RAD21,ITGAL,1
RAD21,HDAC7,1
RAD21,EIF2B1,1
RAD21,INPP5B,1
RAD21,LONP2,1
RAD21,DOCK11,1
RAD21,PWP2,1
RAD21,ATF7,1
RAD21,PSAT1,1
RAD21,FGL2,1
RAD21,SHISA5,1
RAD21,RUNX1T1,1
RAD21,SLC31A1,1
RAD21,HACD3,1
RAD21,SLCO4A1,1
RAD21,CAD,1
RAD21,NCAPG,1
RAD21,TMEM206,1
RAD21,FUCA2,1
RAD21,IGTP,1
RAD21,CDCA7,1
RAD21,NAPSA,1
RAD21,KCNK5,1
RAD21,MTUS1,1
RAD21,ICAM1,1
RAD21,CSE1L,1
RAD21,DNAJC10,1
RAD21,ALAS1,1
RAD21,NCAPD2,1
RAD21,MTREX,1
RAD21,PBK,1
RAD21,PA2G4,1
RAD21,ITSN1,1
RAD21,PRODH,1
RAD21,MEMO1,1
RAD21,FCGR2B,1
RAD21,PSME3,1
RAD21,LAX1,1
RAD21,CENPO,1
RAD21,POLE3,1
RAD21,NUP155,1
RAD21,CYP2J9,1
RAD21,SGPP1,1
RAD21,F2R,1
RAD21,IDH3A,1
RAD21,BACE1,1
RAD21,SERPINA3G,1
RAD21,CYBC1,1
RAD21,IFI203,1
RAD21,EPRS,1
RAD21,RGS1,1
RAD21,GIMAP1,1
RAD21,RCSD1,1
RAD21,MAD2L1,1
RAD21,CYFIP2,1
RAD21,RELB,1
RAD21,TACC3,1
RAD21,BCL2,1
RAD21,HSPA1A,1
RAD21,MTMR4,1
RAD21,GTF2F1,1
RAD21,PRMT5,1
RAD21,GOLPH3,1
RAD21,WDR43,1
RAD21,MCM7,1
RAD21,YBX3,1
RAD21,TGFBR1,1
RAD21,CHRNB1,1
RAD21,MIS12,1
RAD21,UBA7,1
RAD21,TRIM35,1
RAD21,ZFP467,1
RAD21,SPCS3,1
RAD21,FIGNL1,1
RAD21,MTO1,1
RAD21,HDGF,1
RAD21,DNAJC5,1
RAD21,PLSCR4,1
RAD21,PHB2,1
RAD21,GOLIM4,1
RAD21,USP37,1
RAD21,GEMIN5,1
RAD21,EPSTI1,1
RAD21,XPC,1
RAD21,KPNA1,1
RAD21,IL17RA,1
RAD21,DLST,1
RAD21,TMEM154,1
RAD21,TBC1D2B,1
RAD21,PARVG,1
RAD21,PTDSS1,1
RAD21,CENPK,1
RAD21,SRSF1,1
RAD21,NFAM1,1
RAD21,SLC35B4,1
RAD21,DNAJC9,1
RAD21,ABCB10,1
RAD21,CCL9,1
RAD21,GNG11,1
RAD21,PCMTD2,1
RAD21,GABBR1,1
RAD21,PUS7,1
RAD21,HMGB3,1
RAD21,CKS2,1
RAD21,IIGP1,1
RAD21,MKI67,1
RAD21,PPAT,1
RAD21,CHORDC1,1
RAD21,NSUN2,1
RAD21,EIF2S1,1
RAD21,CENPE,1
RAD21,EFTUD2,1
RAD21,ORC2,1
RAD21,TECPR1,1
RAD21,TXNIP,1
RAD21,CDKN1A,1
RAD21,UHRF1,1
RAD21,TCP11L2,1
RAD21,NUDCD1,1
RAD21,ZFP322A,1
RAD21,MSMO1,1
RAD21,IMMT,1
RAD21,CASP1,1
RAD21,GCNT2,1
RAD21,SIGLECG,1
RAD21,GNL3,1
RAD21,SHMT1,1
RAD21,HLF,1
RAD21,SEC24D,1
RAD21,MAMDC2,1
RAD21,CSAD,1
RAD21,TTLL12,1
RAD21,SMC2,1
RAD21,NCF1,1
RAD21,CTPS,1
RAD21,MCM3,1
RAD21,TFG,1
RAD21,CDK18,1
RAD21,NARS,1
RAD21,PRMT7,1
RAD21,RGS2,1
RAD21,CTR9,1
RAD21,SLC29A1,1
RAD21,NASP,1
RAD21,CBX5,1
RAD21,LONP1,1
RAD21,TES,1
RAD21,LY86,1
RAD21,MCM4,1
RAD21,BTAF1,1
RAD21,GOLT1B,1
RAD21,NFIA,1
RAD21,PIK3R2,1
RAD21,SPPL2B,1
RAD21,CD9,1
RAD21,TMEM50B,1
RAD21,UTP4,1
RAD21,FLOT2,1
RAD21,BIRC5,1
RAD21,UMPS,1
RAD21,ZFP945,1
RAD21,ISYNA1,1
RAD21,UNC93B1,1
RAD21,ABCE1,1
RAD21,GGTA1,1
RAD21,FAM76B,1
RAD21,DUT,1
RAD21,RNF4,1
RAD21,HELLS,1
RAD21,ACOX1,1
RAD21,TUBGCP3,1
RAD21,MDN1,1
RAD21,PTPRS,1
RAD21,STRAP,1
RAD21,CERS4,1
RAD21,NPTN,1
RAD21,LIG1,1
RAD21,TOMM40,1
RAD21,VKORC1L1,1
RAD21,STAT2,1
RAD21,CTC1,1
RAD21,NUBP2,1
RAD21,B3GNT5,1
RAD21,TMEM33,1
RAD21,TIMM50,1
RAD21,E2F4,1
RAD21,NDC1,1
RAD21,PFKP,1
RAD21,HAAO,1
RAD21,TMEM43,1
RAD21,CKAP5,1
RAD21,TMEM184C,1
RAD21,CD82,1
RAD21,MFNG,1
RAD21,ST8SIA4,1
RAD21,SDF2L1,1
RAD21,CD274,1
RAD21,TMEM246,1
RAD21,SF3B3,1
RAD21,CDC45,1
RAD21,ARRDC4,1
RAD21,CLEC12A,1
RAD21,COQ8A,1
RAD21,RPP40,1
RAD21,TCIRG1,1
RAD21,RRM1,1
RAD21,MED16,1
RAD21,CDC20,1
RAD21,RCOR1,1
RAD21,STT3A,1
RAD21,ARL6IP6,1
RAD21,CNRIP1,1
RAD21,XRCC3,1
RAD21,PBX1,1
RAD21,ARCN1,1
RAD21,UBA2,1
RAD21,SMPDL3A,1
RAD21,CASP4,1
RAD21,SLC2A3,1
RAD21,CIPC,1
RAD21,SELENOP,1
RAD21,TNFRSF13C,1
RAD21,INCENP,1
RAD21,TOMM70A,1
RAD21,GK,1
RAD21,UBE2C,1
RAD21,MTMR1,1
RAD21,ISG20,1
RAD21,FDFT1,1
RAD21,SH3BGRL,1
RAD21,NUSAP1,1
RAD21,SSH3,1
RAD21,YPEL3,1
RAD21,APBB1,1
RAD21,HDGFL3,1
RAD21,RAB38,1
RAD21,CD93,1
RAD21,SFXN1,1
RAD21,IARS2,1
RAD21,IFI209,1
RAD21,ZFP422,1
RAD21,SPO11,1
RAD21,H1F0,1
RAD21,GLRX5,1
RAD21,HMGB2,1
RAD21,PRKCD,1
RAD21,QARS,1
RAD21,SNX30,1
RAD21,PDIA4,1
RAD21,UBL4A,1
RAD21,BC035044,1
RAD21,PLAG1,1
RAD21,SPIDR,1
RAD21,FASTKD3,1
RAD21,PIM2,1
RAD21,RAD51,1
RAD21,RP2,1
RAD21,F11R,1
RAD21,SYTL1,1
RAD21,CCNE2,1
RAD21,TMEM173,1
RAD21,CCNB2,1
RAD21,UQCRFS1,1
RAD21,CIP2A,1
RAD21,ATP6AP1,1
RAD21,SLC19A1,1
RAD21,E2F8,1
RAD21,FAM111A,1
RAD21,POLE,1
RAD21,PLAA,1
RAD21,CAPG,1
RAD21,ANXA2,1
RAD21,ZBTB20,1
RAD21,USP10,1
RAD21,RANGAP1,1
RAD21,EBF1,1
RAD21,LSP1,1
RAD21,CDK1,1
RAD21,LMO4,1
RAD21,SPI1,1
RAD21,SARAF,1
RAD21,PSMD9,1
RAD21,WDR55,1
RAD21,MS4A6C,1
RAD21,RANBP3,1
RAD21,LCP2,1
RAD21,SNAP23,1
RAD21,THSD1,1
RAD21,ADA,1
RAD21,UBR7,1
RAD21,ECT2,1
RAD21,NEIL3,1
RAD21,CKAP2,1
RAD21,DDX21,1
RAD21,EBI3,1
RAD21,TM6SF1,1
RAD21,ACSS1,1
RAD21,NCAPH,1
RAD21,RBPMS,1
RAD21,XAF1,1
RAD21,MTHFD1,1
RAD21,YBX1,1
RAD21,IL12A,1
RAD21,PLA2G15,1
RAD21,GATA2,1
RAD21,SUSD3,1
RAD21,TBXAS1,1
RAD21,MEIS1,1
RAD21,VPS35,1
RAD21,ORC6,1
RAD21,HMBS,1
RAD21,ATP8B4,1
RAD21,UBAC1,1
RAD21,FARSB,1
RAD21,DUS1L,1
RAD21,CALCRL,1
RAD21,GATM,1
RAD21,TPX2,1
RAD21,PLEK,1
RAD21,HIF3A,1
RAD21,SEC23IP,1
RAD21,MR1,1
RAD21,NCLN,1
RAD21,MPI,1
RAD21,NUDT19,1
RAD21,NUP88,1
RAD21,CTSF,1
RAD21,COL4A2,1
RAD21,COL4A1,1
RAD21,CD300A,1
RAD21,TMEM37,1
RAD21,IL21R,1
RAD21,IFITM1,1
RAD21,IFI27L2A,1
RAD21,ETF1,1
RAD21,CSF2RB,1
RAD21,NSD2,1
RAD21,CKS1B,1
RAD21,CFP,1
RAD21,5430427O19RIK,1
RAD21,TFR2,1
RAD21,CTSZ,1
RAD21,PTCD3,1
RAD21,CD48,1
RAD21,USP11,1
RAD21,FAM189B,1
RAD21,RASSF4,1
RAD21,MAPK12,1
RAD21,TRIM47,1
RAD21,FASTKD2,1
RAD21,ANXA3,1
RAD21,TEAD2,1
RAD21,PSMC2,1
RAD21,DDX58,1
RAD21,MCM10,1
RAD21,SRM,1
RAD21,TIPIN,1
RAD21,CYP4V3,1
RAD21,FBXO5,1
RAD21,ZFP367,1
RAD21,ATAD1,1
RAD21,ABCG2,1
RAD21,PPID,1
RAD21,RTP4,1
RAD21,CBX7,1
RAD21,H2-DMA,1
RAD21,MYB,1
RAD21,PTGS1,1
RAD21,AKNA,1
RAD21,TOR3A,1
RAD21,BID,1
RAD21,CCDC137,1
RAD21,MPL,1
RAD21,TARS,1
RAD21,ELAC2,1
RAD21,TRIM16,1
RAD21,VIPR2,1
RAD21,H2-OB,1
RAD21,EIF4ENIF1,1
RAD21,ARHGEF18,1
RAD21,MLLT3,1
RAD21,CTLA2B,1
RAD21,TNFAIP2,1
RAD21,HACD4,1
RAD21,PRPS2,1
RAD21,TYROBP,1
RAD21,APOE,1
RAD21,CDCA8,1
RAD21,FAM91A1,1
RAD21,GRK3,1
RAD21,H2-Q6,1
RAD21,VDR,1
RAD21,IARS,1
RAD21,AURKB,1
RAD21,CDCA3,1
RAD21,GPD1L,1
RAD21,HID1,1
RAD21,PSTPIP1,1
RAD21,CENPF,1
RAD21,MTR,1
RAD21,PITPNC1,1
RAD21,NEURL3,1
RAD21,PSMD1,1
RAD21,VAV1,1
RAD21,CSF3R,1
RAD21,CD74,1
RAD21,NAV1,1
RAD21,ACOX3,1
RAD21,SLFN2,1
RAD21,OBSL1,1
RAD21,SOX18,1
RAD21,SVIP,1
RAD21,MCOLN2,1
RAD21,ANXA1,1
RAD21,MYO1G,1
RAD21,HDAC11,1
RAD21,CTTN,1
RAD21,RAB44,1
RAD21,PGLYRP2,1
RAD21,FCGRT,1
RAD21,NDRG2,1
RAD21,MYO1F,1
RAD21,ATP6AP2,1
RAD21,ERCC8,1
RAD21,IRF6,1
RAD21,CD63,1
RAD21,ITIH5,1
RAD21,RACGAP1,1
RAD21,PRIM1,1
RAD21,ARHGEF39,1
RAD21,CDC6,1
RAD21,EMB,1
RAD21,RASA4,1
RAD21,ALDOC,1
RAD21,TCN2,1
RAD21,TLE2,1
RAD21,CD244A,1
RAD21,TOP2A,1
RAD21,GPR65,1
RAD21,HCFC1,1
RAD21,DHRS3,1
RAD21,NUPR1,1
RAD21,DOK2,1
RAD21,DDX60,1
RAD21,ARID3B,1
RAD21,TRPC6,1
RAD21,PRR5,1
RAD21,UPP1,1
RAD21,CLEC4E,1
RAD21,KRT18,1
RAD21,G6PDX,1
RAD21,OBSCN,1
RAD21,BATF2,1
RAD21,PRIM2,1
RAD21,CST7,1
RAD21,SPNS3,1
RAD21,SLC28A2,1
RAD21,MCM2,1
RAD21,CSF1R,1
RAD21,SH2D5,1
RAD21,ARL11,1
RAD21,GUSB,1
RAD21,METTL7A1,1
RAD21,GPRASP1,1
RAD21,ENG,1
RAD21,CTLA2A,1
RAD21,FLT3,1
RAD21,NR3C2,1
RAD21,NDE1,1
RAD21,CHCHD10,1
RAD21,LDHB,1
RAD21,CSRP3,1
RAD21,ART4,1
RAD21,CCL4,1
RAD21,PCLAF,1
RAD21,CS,1
RAD21,TIE1,1
RAD21,NDN,1
RAD21,LPCAT2,1
RAD21,AFAP1L1,1
RAD21,SALL2,1
RAD21,CISH,1
RAD21,LGALS1,1
RAD21,H2-AA,1
RAD21,FLNA,1
RAD21,HP,1
RAD21,JAM3,1
RAD21,SLC43A3,1
RAD21,CYP2J6,1
RAD21,MTOR,1
RAD21,ST6GALNAC4,1
RAD21,PLXDC2,1
RAD21,TIFAB,1
RAD21,TCF19,1
RAD21,OASL2,1
RAD21,LY9,1
RAD21,NDUFS1,1
RAD21,HK3,1
RAD21,NKG7,1
RAD21,TNIP3,1
RAD21,MPO,1
RAD21,PHF6,1
RAD21,FCGR3,1
RAD21,OAS3,1
RAD21,SNRNP200,1
RAD21,RORC,1
RAD21,IFI30,1
RAD21,THEMIS2,1
RAD21,NUAK2,1
RAD21,SORT1,1
RAD21,ZFP36,1
RAD21,PLPPR3,1
RAD21,ITM2A,1
RAD21,FCER1G,1
RAD21,IGSF6,1
RAD21,MLKL,1
RAD21,SLA2,1
RAD21,CD52,1
RAD21,ABCG3,1
RAD21,TTF2,1
RAD21,ADSSL1,1
RAD21,TINAGL1,1
RAD21,ENPP5,1
RAD21,SELENBP1,1
RAD21,MAGED2,1
RAD21,CD34,1
RAD21,TGTP2,1
RAD21,PROCR,1
RAD21,SLA,1
RAD21,NWD1,1
RAD21,F13A1,1
RAD21,SCARF1,1
RAD21,SLC7A4,1
RAD21,SLC22A3,1
RAD21,SULT1A1,1
RAD21,CAND2,1
RAD21,GRIA3,1
RAD51,SPTBN1,1
RAD51,OSTM1,1
RAD51,FCER1G,1
RAD51,DUT,1
RAD51,CYFIP2,1
RAD51,HDGF,1
RAD51,IFI203,1
RAD51,DUS1L,1
RAD51,SLC25A38,1
RAD51,CHORDC1,1
RAD51,SLC39A6,1
RAD51,ELP2,1
RAD51,DLST,1
RAD51,PHKB,1
RPA1,EMID1,1
RPA1,LAX1,1
RPA1,OSTM1,1
RPA1,RPN1,1
RPA1,SLC25A38,1
RPA1,HDGF,1
RPA1,DDX1,1
RPA1,EBF1,1
RPA1,OSGIN1,1
RPA1,PRIM2,1
RPA1,CDK1,1
RPA1,GIMAP1,1
RPA1,GMFB,1
RPA1,SIGLECG,1
RPA1,RPTOR,1
RPA1,NUF2,1
RPA2,EGR1,1
RPA2,IFI203,1
RPA2,OSTM1,1
RPA2,RPTOR,1
RPA2,HJURP,1
RPA2,TMX3,1
SATB1,HJURP,1
SATB1,CLTC,1
SATB1,DDX20,1
SATB1,ARHGAP15,1
SATB1,CAPG,1
SATB1,ARMT1,1
SATB1,SMARCA2,1
SATB1,TESPA1,1
SATB1,DHRS3,1
SATB1,DOCK10,1
SATB1,NUF2,1
SATB1,CHORDC1,1
SATB1,FARSB,1
SATB1,EIF1AD,1
SATB1,TES,1
SATB1,RAD51AP1,1
SATB1,MIS18BP1,1
SATB1,PSMD1,1
SATB1,MSH6,1
SATB1,SAMD9L,1
SATB1,DUS1L,1
SATB1,HSPA4,1
SATB1,MTMR6,1
SATB1,EIF2S1,1
SATB1,MTREX,1
SATB1,SF3B3,1
SATB1,SHCBP1,1
SATB1,NFAT5,1
SATB1,LCP2,1
SATB1,SNRNP200,1
SATB1,SLC2A3,1
SATB1,CLEC12A,1
SATB1,LAX1,1
SATB1,RANGAP1,1
SATB1,SLC25A38,1
SATB1,SPTBN1,1
SATB1,MAD2L1,1
SATB1,TMEM229B,1
SATB1,IDH1,1
SATB1,HACD3,1
SATB1,SNRPB,1
SATB1,GALNT6,1
SATB1,CENPA,1
SATB1,RUVBL2,1
SATB1,GYS1,1
SATB1,NDUFS1,1
SATB1,SRSF1,1
SATB1,TOP3B,1
SATB1,REXO4,1
SATB1,LY9,1
SATB1,ACOX3,1
SATB1,ZFP35,1
SATB1,PGLYRP2,1
SATB1,NECAP2,1
SATB1,MGAT1,1
SATB1,RPTOR,1
SATB1,CENPO,1
SATB1,EIF3B,1
SATB1,TIMM29,1
SATB1,LMAN2L,1
SATB1,SEC23IP,1
SATB1,ADK,1
SATB1,TAB1,1
SATB1,ALDH18A1,1
SATB1,PRMT5,1
SATB1,TOMM40,1
SATB1,INO80D,1
SATB1,TARS,1
SATB1,METTL7A1,1
SATB1,FAM102B,1
SATB1,ECT2,1
SATB1,RCOR1,1
SATB1,NDUFA10,1
SATB1,DCAF13,1
SATB1,OTUD6B,1
SATB1,LRRC59,1
SATB1,ITGAL,1
SATB1,FEM1B,1
SATB1,GMFB,1
SATB1,SUPV3L1,1
SATB1,ABHD17B,1
SATB1,MORC3,1
SATB1,DPP8,1
SATB1,RGS18,1
SATB1,NSUN2,1
SATB1,OASL2,1
SATB1,DHX33,1
SATB1,F13A1,1
SATB1,NAA50,1
SATB1,CBX5,1
SATB1,MCM7,1
SATB1,DNAJC11,1
SATB1,PHF5A,1
SATB1,GBP3,1
SATB1,TSPAN14,1
SATB1,PNO1,1
SATB1,IRF9,1
SATB1,TMX3,1
SATB1,MARS,1
SATB1,SMC2,1
SATB1,PTPRE,1
SATB1,NCEH1,1
SATB1,CKS2,1
SATB1,CD274,1
SATB1,RPN1,1
SATB1,GPRASP1,1
SATB1,ACSS1,1
SATB1,COLGALT1,1
SATB1,DEF8,1
SATB1,BYSL,1
SATB1,MLLT3,1
SATB1,ELOVL5,1
SATB1,EYA2,1
SATB1,EPRS,1
SATB1,POR,1
SATB1,TACC3,1
SATB1,PLA2G15,1
SATB1,CS,1
SATB1,CCNA2,1
SATB1,ATAD2,1
SATB1,RELB,1
SATB1,DENND1C,1
SATB1,PLEKHO2,1
SATB1,PLIN3,1
SATB1,FAM136A,1
SATB1,FEM1A,1
SATB1,KIF20B,1
SATB1,GIMAP6,1
SATB1,IMMT,1
SATB1,CIPC,1
SATB1,KAT7,1
SATB1,MRPL20,1
SATB1,RAD21,1
SATB1,CLPTM1L,1
SATB1,ABCB8,1
SATB1,PRPF4,1
SATB1,API5,1
SATB1,CAMK2D,1
SATB1,IFRD2,1
SATB1,AHCYL1,1
SATB1,MIEF1,1
SATB1,FOXRED1,1
SATB1,XPC,1
SATB1,BIRC5,1
SATB1,UAP1,1
SATB1,TBC1D9B,1
SATB1,PSMD6,1
SATB1,KIF11,1
SATB1,TMEM173,1
SATB1,E2F4,1
SATB1,TCP11L2,1
SATB1,PPID,1
SATB1,PIK3R2,1
SATB1,NUS1,1
SATB1,TECPR1,1
SATB1,TNPO1,1
SATB1,ARL8B,1
SATB1,TMEM184C,1
SATB1,ARID5A,1
SATB1,YPEL3,1
SATB1,TBC1D10C,1
SATB1,HSPH1,1
SATB1,DOK2,1
SATB1,FASTKD2,1
SATB1,ZBTB20,1
SATB1,HARS,1
SATB1,OSBPL8,1
SATB1,TPX2,1
SATB1,ZDHHC6,1
SATB1,PPAT,1
SATB1,RRM1,1
SATB1,GFM1,1
SATB1,PSMC2,1
SATB1,PPP1R15A,1
SATB1,NEDD1,1
SATB1,ZFP53,1
SATB1,PLD3,1
SATB1,PSTPIP1,1
SATB1,CSTF2,1
SATB1,MDN1,1
SATB1,WDR43,1
SATB1,CALCRL,1
SATB1,ADO,1
SATB1,PDE4B,1
SATB1,DTL,1
SATB1,GPR65,1
SATB1,CDK1,1
SATB1,EFTUD2,1
SATB1,FIGNL1,1
SATB1,POLE3,1
SATB1,TEX10,1
SATB1,GTF2F1,1
SATB1,ANXA5,1
SATB1,ADSL,1
SATB1,RGS1,1
SATB1,FAM111A,1
SATB1,TMEM33,1
SATB1,HUS1,1
SATB1,INCENP,1
SATB1,SLA,1
SATB1,CD52,1
SATB1,CTSO,1
SATB1,GABBR1,1
SATB1,TMEM206,1
SATB1,NWD1,1
SATB1,9530068E07RIK,1
SATB1,TXNIP,1
SATB1,NDUFV1,1
SATB1,RABGGTB,1
SATB1,TXNDC11,1
SATB1,EIF4ENIF1,1
SATB1,LONP2,1
SATB1,MCM4,1
SATB1,PPP1CB,1
SATB1,TMEM154,1
SATB1,SOAT1,1
SATB1,GEMIN5,1
SATB1,TRPS1,1
SATB1,MED16,1
SATB1,PTPN7,1
SATB1,IDH3A,1
SATB1,WDR5,1
SATB1,ATP1B3,1
SATB1,ABCE1,1
SATB1,SHISA5,1
SATB1,SGO1,1
SATB1,CD69,1
SATB1,PA2G4,1
SATB1,ATP13A1,1
SATB1,ATP8B4,1
SATB1,SLC35A4,1
SATB1,MAML3,1
SATB1,OTUD4,1
SATB1,MYC,1
SATB1,COPB1,1
SATB1,PHB2,1
SATB1,NOP2,1
SATB1,PATL1,1
SATB1,SLA2,1
SATB1,SYK,1
SATB1,ABL2,1
SATB1,EEF1E1,1
SATB1,IPO9,1
SATB1,GRIA3,1
SATB1,PSMD9,1
SATB1,DUT,1
SATB1,WSB1,1
SATB1,RARS,1
SATB1,PSMG2,1
SATB1,ME2,1
SATB1,SLC30A5,1
SATB1,STXBP4,1
SATB1,CTLA2A,1
SATB1,NUP155,1
SATB1,RFC4,1
SATB1,DHFR,1
SATB1,KCTD12,1
SATB1,CD53,1
SATB1,H2-OB,1
SATB1,AKNA,1
SATB1,ZFP422,1
SATB1,FGFR1OP,1
SATB1,AURKA,1
SATB1,SERPINB9,1
SATB1,TFG,1
SATB1,ATF7,1
SATB1,POLR1B,1
SATB1,HIF3A,1
SATB1,TEC,1
SATB1,KCTD20,1
SATB1,JPT1,1
SATB1,CDCA7,1
SATB1,MKI67,1
SATB1,LAP3,1
SATB1,NCAPG2,1
SATB1,NRROS,1
SATB1,STT3A,1
SATB1,IIGP1,1
SATB1,UBA7,1
SATB1,NFE2,1
SATB1,TIPIN,1
SATB1,SLC31A1,1
SATB1,MCM3,1
SATB1,DNAJC10,1
SATB1,CKAP2L,1
SATB1,GNL3,1
SATB1,RORA,1
SATB1,LTB,1
SATB1,CDC6,1
SATB1,MAPK1,1
SATB1,ALDH9A1,1
SATB1,CBFB,1
SATB1,SEH1L,1
SATB1,ISG20,1
SATB1,TOPORS,1
SATB1,NUP107,1
SATB1,RMND5A,1
SATB1,CTC1,1
SATB1,NUP93,1
SATB1,IFI203,1
SATB1,BCL2,1
SATB1,NUP85,1
SATB1,NARS,1
SATB1,HASPIN,1
SATB1,SERPINB6A,1
SATB1,RGCC,1
SATB1,ASF1B,1
SATB1,RTEL1,1
SATB1,EPSTI1,1
SATB1,MOGS,1
SATB1,ATRN,1
SATB1,ATAD1,1
SATB1,CDCA5,1
SATB1,PRKCH,1
SATB1,UBASH3A,1
SATB1,CSGALNACT2,1
SATB1,PCMTD1,1
SATB1,CCL9,1
SATB1,GBP7,1
SATB1,RORC,1
SATB1,RTP4,1
SATB1,GIMAP1,1
SATB1,DNAJC5,1
SATB1,CLN5,1
SATB1,CENPE,1
SATB1,PUS7,1
SATB1,UBE2L6,1
SATB1,SERP1,1
SATB1,IL27RA,1
SATB1,MAPKAPK3,1
SATB1,CNIH1,1
SATB1,CTR9,1
SATB1,MTMR4,1
SATB1,POLD1,1
SATB1,NOLC1,1
SATB1,PFKP,1
SATB1,TSPOAP1,1
SATB1,SPC24,1
SATB1,GARS,1
SATB1,ELF1,1
SATB1,STAT2,1
SATB1,RGS19,1
SATB1,PRELID3B,1
SATB1,HAT1,1
SATB1,ARFGEF2,1
SATB1,4833439L19RIK,1
SATB1,BUB1,1
SATB1,SERPINB6B,1
SATB1,HDAC7,1
SATB1,DUSP1,1
SATB1,SYNJ1,1
SATB1,MFSD1,1
SATB1,JARID2,1
SATB1,ST8SIA4,1
SATB1,CST7,1
SATB1,TOMM70A,1
SATB1,RANBP3,1
SATB1,NUDCD1,1
SATB1,PPM1F,1
SATB1,EIF2B1,1
SATB1,TRIM35,1
SATB1,ZHX1,1
SATB1,HMGB2,1
SATB1,GALNS,1
SATB1,CENPK,1
SATB1,PBK,1
SATB1,FCHO2,1
SATB1,TSC22D1,1
SATB1,MGAT5,1
SATB1,ARL6IP6,1
SATB1,ZNRF2,1
SATB1,VSIR,1
SATB1,MIS12,1
SATB1,BDH2,1
SATB1,TUBGCP2,1
SATB1,MR1,1
SATB1,TRMT6,1
SATB1,MSMO1,1
SATB1,TMX4,1
SATB1,NDRG2,1
SATB1,VKORC1L1,1
SATB1,SLBP,1
SATB1,KPNA3,1
SATB1,PTTG1IP,1
SATB1,PRC1,1
SATB1,UNC93B1,1
SATB1,TLR4,1
SATB1,MTCH2,1
SATB1,STIP1,1
SATB1,RPAP1,1
SATB1,FBXO5,1
SATB1,ZFP24,1
SATB1,SLC35B4,1
SATB1,METAP1,1
SATB1,SMPD4,1
SATB1,COQ8A,1
SATB1,SLC39A6,1
SATB1,ELP2,1
SATB1,MFNG,1
SATB1,SGPP1,1
SATB1,PANX1,1
SATB1,HDAC2,1
SATB1,TYMS,1
SATB1,PWP2,1
SATB1,PIP4K2A,1
SATB1,CHRNB1,1
SATB1,ITIH5,1
SATB1,RB1,1
SATB1,CDC45,1
SATB1,SPCS3,1
SATB1,DNAJC9,1
SATB1,OSTM1,1
SATB1,GLB1,1
SATB1,UBR7,1
SATB1,BUB1B,1
SATB1,SELL,1
SATB1,PLA2G12A,1
SATB1,NUBP2,1
SATB1,FTSJ3,1
SATB1,RPS6KA5,1
SATB1,MTO1,1
SATB1,JUN,1
SATB1,FASTKD3,1
SATB1,SLC35E1,1
SATB1,EAF1,1
SATB1,GMIP,1
SATB1,GTF2H1,1
SATB1,PREP,1
SATB1,DDX1,1
SATB1,LSP1,1
SATB1,ZFP451,1
SATB1,TFRC,1
SATB1,PDIA4,1
SATB1,TIMM50,1
SATB1,DDX60,1
SATB1,MS4A6C,1
SATB1,CDT1,1
SATB1,TBC1D5,1
SATB1,SFXN1,1
SATB1,HDGF,1
SATB1,SEC24D,1
SATB1,SH3BGRL,1
SATB1,MEMO1,1
SATB1,NDC80,1
SATB1,PFKFB3,1
SATB1,ANKRD44,1
SATB1,RPRD1B,1
SATB1,UHRF1,1
SATB1,UQCRFS1,1
SATB1,CKAP2,1
SATB1,FCGR2B,1
SATB1,CKS1B,1
SATB1,FBXW11,1
SATB1,SETD2,1
SATB1,CBX7,1
SATB1,PRMT7,1
SATB1,PSEN1,1
SATB1,CREBRF,1
SATB1,AP1S2,1
SATB1,THADA,1
SATB1,IFI27L2A,1
SATB1,NFKBIA,1
SATB1,CSRP3,1
SATB1,SLC44A2,1
SATB1,POLR2B,1
SATB1,QARS,1
SATB1,PLAA,1
SATB1,AURKB,1
SATB1,GPD1L,1
SATB1,PHKB,1
SATB1,RACGAP1,1
SATB1,NAMPT,1
SATB1,USP37,1
SATB1,1700017B05RIK,1
SATB1,FRRS1,1
SATB1,KIF22,1
SATB1,HACD4,1
SATB1,SHMT1,1
SATB1,CSE1L,1
SATB1,USP42,1
SATB1,PTDSS1,1
SATB1,SZT2,1
SATB1,RCC1,1
SATB1,IGSF6,1
SATB1,NCAPD2,1
SATB1,NDC1,1
SATB1,GANAB,1
SATB1,EDEM1,1
SATB1,MYO1F,1
SATB1,MPZL1,1
SATB1,GMCL1,1
SATB1,GGTA1,1
SATB1,TTLL12,1
SATB1,OTULINL,1
SATB1,NUAK2,1
SATB1,FCGR3,1
SATB1,CENPF,1
SATB1,CYFIP2,1
SATB1,RPA2,1
SATB1,HYOU1,1
SATB1,MCM5,1
SATB1,LIG1,1
SATB1,AGPS,1
SATB1,TRMT11,1
SATB1,PTPRS,1
SATB1,ERGIC1,1
SATB1,BCAP29,1
SATB1,STRAP,1
SATB1,PRSS57,1
SATB1,9430015G10RIK,1
SATB1,MXD3,1
SATB1,ELMO2,1
SATB1,MCOLN2,1
SATB1,HMBS,1
SATB1,TCF19,1
SATB1,MTMR1,1
SATB1,MTR,1
SATB1,PSAT1,1
SATB1,ACOT9,1
SATB1,USP11,1
SATB1,TYROBP,1
SATB1,ETF1,1
SATB1,EGR1,1
SATB1,TBL3,1
SATB1,SLC20A1,1
SATB1,CDCA3,1
SATB1,BACE1,1
SATB1,MTFR1,1
SATB1,GBP2,1
SATB1,G6PDX,1
SATB1,BTG2,1
SATB1,ACLY,1
SATB1,SESN1,1
SATB1,SERPINB1A,1
SATB1,ATP11C,1
SATB1,REL,1
SATB1,XRCC6,1
SATB1,WDR55,1
SATB1,CYB5R1,1
SATB1,ELAC2,1
SATB1,CYBC1,1
SATB1,MOB3C,1
SATB1,FAM91A1,1
SATB1,ZFP322A,1
SATB1,HCFC1,1
SATB1,ABCG3,1
SATB1,CUL3,1
SATB1,ARHGEF18,1
SATB1,SLC25A46,1
SATB1,PTCD3,1
SATB1,OSBPL1A,1
SATB1,LDHB,1
SATB1,INTS8,1
SATB1,ORC2,1
SATB1,TMEM50B,1
SATB1,RRM2,1
SATB1,NADK,1
SATB1,ARHGEF39,1
SATB1,UBA2,1
SATB1,SRM,1
SATB1,DDX39,1
SATB1,CD244A,1
SATB1,ACAA2,1
SATB1,UBE2C,1
SATB1,ITSN1,1
SATB1,PSME3,1
SATB1,TM7SF3,1
SATB1,MTHFD1,1
SATB1,TNFRSF21,1
SATB1,CSF2RB,1
SATB1,NDRG1,1
SATB1,RNF4,1
SATB1,OSGIN1,1
SATB1,ATP10A,1
SATB1,ZFP467,1
SATB1,SNX30,1
SATB1,AKAP8L,1
SATB1,NCLN,1
SATB1,NAPSA,1
SATB1,MFSD14B,1
SATB1,D1ERTD622E,1
SATB1,SELENOP,1
SATB1,NFATC2,1
SATB1,PARVG,1
SATB1,CFP,1
SATB1,ANGPT1,1
SATB1,SLC28A2,1
SATB1,SLC26A2,1
SATB1,DDX21,1
SATB1,ZFAND5,1
SATB1,NCF1,1
SATB1,CDC20,1
SATB1,YBX1,1
SATB1,SARAF,1
SATB1,ARCN1,1
SATB1,5430427O19RIK,1
SATB1,TCIRG1,1
SATB1,PRIM2,1
SATB1,H2AFX,1
SATB1,RPS6KA3,1
SATB1,E2F8,1
SATB1,DENND2D,1
SATB1,USP14,1
SATB1,LACTB,1
SATB1,FLNB,1
SATB1,SORL1,1
SATB1,NCAPG,1
SATB1,EML4,1
SATB1,LONP1,1
SATB1,SLC16A1,1
SATB1,KLF6,1
SATB1,BTAF1,1
SATB1,IGTP,1
SATB1,CEP55,1
SATB1,ACOX1,1
SATB1,TUBA4A,1
SATB1,PADI4,1
SATB1,CTSZ,1
SATB1,TRIM59,1
SATB1,DDX58,1
SATB1,CD48,1
SATB1,ZMIZ1,1
SATB1,LRRC8B,1
SATB1,TGTP2,1
SATB1,CKAP5,1
SATB1,TUBGCP3,1
SATB1,SGMS1,1
SATB1,SDF2L1,1
SATB1,PITPNC1,1
SATB1,PARP8,1
SATB1,GK,1
SATB1,CDC7,1
SATB1,ZBTB38,1
SATB1,CIP2A,1
SATB1,CCL4,1
SATB1,LAPTM4B,1
SATB1,PLEK,1
SATB1,IRGM2,1
SATB1,PCLAF,1
SATB1,TRIB3,1
SATB1,DEK,1
SATB1,ZFP945,1
SATB1,WDHD1,1
SATB1,XPNPEP1,1
SATB1,IL6ST,1
SATB1,MYL10,1
SATB1,UMPS,1
SATB1,NEIL3,1
SATB1,FAR1,1
SATB1,ITCH,1
SATB1,GNG2,1
SATB1,GSR,1
SATB1,MYB,1
SATB1,ITPR1,1
SATB1,METTL27,1
SATB1,HELLS,1
SATB1,CISH,1
SATB1,HERPUD1,1
SATB1,ACSS2,1
SATB1,IARS2,1
SATB1,RGS2,1
SATB1,HAAO,1
SATB1,GLRX5,1
SATB1,MYCN,1
SATB1,UBAC1,1
SATB1,CD68,1
SATB1,GOLT1B,1
SATB1,CAND2,1
SATB1,NEURL3,1
SATB1,GCNT2,1
SATB1,FAM76B,1
SATB1,MUC13,1
SATB1,GIMAP5,1
SATB1,RAB37,1
SATB1,CAD,1
SATB1,RAD51,1
SATB1,ANXA1,1
SATB1,VPS35,1
SATB1,ORC6,1
SATB1,SPC25,1
SATB1,SLC37A1,1
SATB1,CCDC50,1
SATB1,STOM,1
SATB1,POLE,1
SATB1,FCER1G,1
SATB1,GUSB,1
SATB1,MC5R,1
SATB1,MPI,1
SATB1,GM4951,1
SATB1,IFI209,1
SATB1,TGTP1,1
SATB1,ATG12,1
SATB1,AP3S1,1
SATB1,S100A6,1
SATB1,MCM10,1
SATB1,TOR3A,1
SATB1,NDE1,1
SATB1,GNS,1
SATB1,RIN3,1
SATB1,STT3B,1
SATB1,INTS13,1
SATB1,UTP4,1
SATB1,NUDT19,1
SATB1,KCNK5,1
SATB1,GOLIM4,1
SATB1,MCM6,1
SATB1,CERS6,1
SATB1,RPA1,1
SATB1,HEXA,1
SATB1,RAP1B,1
SATB1,PRIM1,1
SATB1,FLT3,1
SATB1,LPCAT2,1
SATB1,HNRNPAB,1
SATB1,XAF1,1
SATB1,SLFN2,1
SATB1,RETREG1,1
SATB1,NMD3,1
SATB1,ITM2A,1
SATB1,PHF11B,1
SATB1,KPNA1,1
SATB1,CPA3,1
SATB1,ATP6AP2,1
SATB1,TM6SF1,1
SATB1,B230219D22RIK,1
SATB1,TSPAN3,1
SATB1,NOL9,1
SATB1,CDCA4,1
SATB1,CCNF,1
SATB1,GOLPH3,1
SATB1,TRIM30D,1
SATB1,SLCO4A1,1
SATB1,NCAPH,1
SATB1,IKZF1,1
SATB1,GMNN,1
SATB1,ARID3B,1
SATB1,ARID2,1
SATB1,TK1,1
SATB1,STAG2,1
SATB1,MFSD10,1
SATB1,NFAM1,1
SATB1,MICU1,1
SATB1,GNG12,1
SATB1,MLKL,1
SATB1,TMEM43,1
SATB1,FDFT1,1
SPI1,CD53,1
SPI1,WDR43,1
SPI1,TMEM229B,1
SPI1,TMEM206,1
SPI1,NCEH1,1
SPI1,SYNJ1,1
SPI1,TLR4,1
SPI1,SAMD9L,1
SPI1,TFG,1
SPI1,CENPA,1
SPI1,RGS18,1
SPI1,E2F8,1
SPI1,SYK,1
SPI1,FCGR2B,1
SPI1,FCER1G,1
SPI1,CFP,1
SPI1,DOCK10,1
SPI1,PHF11B,1
SPI1,RAD51AP1,1
SPI1,ADSL,1
SPI1,ICAM1,1
SPI1,H2-Q6,1
SPI1,TM6SF1,1
SPI1,DNAJC10,1
SPI1,HACD3,1
SPI1,NUBP2,1
SPI1,GUSB,1
SPI1,CYB5R1,1
SPI1,ELF1,1
SPI1,GMIP,1
SPI1,ARID5A,1
SPI1,DENND1C,1
SPI1,HSPA4,1
SPI1,CLEC12A,1
SPI1,CD300A,1
SPI1,RGS19,1
SPI1,CBFB,1
SPI1,IGSF6,1
SPI1,VAV1,1
SPI1,TMEM184C,1
SPI1,NFAM1,1
SPI1,SIRPA,1
SPI1,KIF20B,1
SPI1,VAV3,1
SPI1,NCF1,1
SPI1,DTL,1
SPI1,TESPA1,1
SPI1,TCIRG1,1
SPI1,APOE,1
SPI1,RIN3,1
SPI1,ATP8B4,1
SPI1,CDCA5,1
SPI1,CYBC1,1
SPI1,GIMAP6,1
SPI1,HSPA1A,1
SPI1,CD68,1
SPI1,MYO5A,1
SPI1,TBC1D5,1
SPI1,SHISA5,1
SPI1,XRCC6,1
SPI1,REL,1
SPI1,API5,1
SPI1,EDEM1,1
SPI1,RBPMS,1
SPI1,CERS6,1
SPI1,SZT2,1
SPI1,MTMR6,1
SPI1,SLC39A6,1
SPI1,ELP2,1
SPI1,NAA50,1
SPI1,FGFR1OP,1
SPI1,LCP2,1
SPI1,SMC2,1
SPI1,GOLIM4,1
SPI1,SGMS1,1
SPI1,GRK3,1
SPI1,CYP4V3,1
SPI1,DPP8,1
SPI1,MYO1G,1
SPI1,OSGIN1,1
SPI1,EBI3,1
SPI1,HAT1,1
SPI1,FES,1
SPI1,FAM111A,1
SPI1,MAGED2,1
SPI1,HJURP,1
SPI1,CD82,1
SPI1,IRGM2,1
SPI1,ZFP53,1
SPI1,ARHGAP15,1
SPI1,CAD,1
SPI1,ARL11,1
SPI1,MIS18BP1,1
SPI1,PLEKHO2,1
SPI1,ETF1,1
SPI1,ALDH18A1,1
SPI1,PARVG,1
SPI1,GFI1B,1
SPI1,E2F4,1
SPI1,TMEM154,1
SPI1,GBP7,1
SPI1,ARRDC4,1
SPI1,INCENP,1
SPI1,ME2,1
SPI1,TRMT6,1
SPI1,RARS,1
SPI1,PA2G4,1
SPI1,DDX20,1
SPI1,LYN,1
SPI1,UMPS,1
SPI1,ZFP24,1
SPI1,EIF4ENIF1,1
SPI1,MS4A6C,1
SPI1,RTP4,1
SPI1,CDKN1A,1
SPI1,HSPH1,1
SPI1,GBP3,1
SPI1,H2-DMA,1
SPI1,HK3,1
SPI1,KCTD12,1
SPI1,CLEC4E,1
SPI1,ITSN1,1
SPI1,INO80D,1
SPI1,ARL8B,1
SPI1,BC035044,1
SPI1,TYROBP,1
SPI1,METTL7A1,1
SPI1,PSAT1,1
SPI1,CCDC137,1
SPI1,HACD4,1
SPI1,RELB,1
SPI1,CD274,1
SPI1,OAS3,1
SPI1,PAK1,1
SPI1,PPM1G,1
SPI1,GNS,1
SPI1,HMGB2,1
SPI1,NADK,1
SPI1,MIS12,1
SPI1,MR1,1
SPI1,TRIM35,1
SPI1,ELMO2,1
SPI1,CNRIP1,1
SPI1,LACTB,1
SPI1,CCL4,1
SPI1,LONP2,1
SPI1,SLC31A1,1
SPI1,CKAP2L,1
SPI1,SRSF1,1
SPI1,NDUFS1,1
SPI1,MYO1F,1
SPI1,BTK,1
SPI1,POLR2B,1
SPI1,PLIN3,1
SPI1,TRPS1,1
SPI1,PROCR,1
SPI1,TFRC,1
SPI1,TIMM29,1
SPI1,RPS6KA3,1
SPI1,DDX21,1
SPI1,ITIH5,1
SPI1,CTSZ,1
SPI1,TUBA4A,1
SPI1,HNRNPLL,1
SPI1,CSF1R,1
SPI1,MORC3,1
SPI1,OASL2,1
SPI1,ITGAL,1
SPI1,MAD2L1,1
SPI1,CNIH1,1
SPI1,METAP1,1
SPI1,NUDCD1,1
SPI1,PSMC2,1
SPI1,MKI67,1
SPI1,ZEB2,1
SPI1,LPCAT2,1
SPI1,RAP1B,1
SPI1,EIF2S1,1
SPI1,MCM7,1
SPI1,MICU1,1
SPI1,GFM1,1
SPI1,RNF4,1
SPI1,RPAP1,1
SPI1,COPB1,1
SPI1,IGTP,1
SPI1,MDN1,1
SPI1,RAD21,1
SPI1,STT3B,1
SPI1,ISG20,1
SPI1,GNG2,1
SPI1,COLGALT1,1
SPI1,TACC3,1
SPI1,NFE2,1
SPI1,TAB1,1
SPI1,ATP1B3,1
SPI1,PIK3IP1,1
SPI1,FAM102B,1
SPI1,PRIM2,1
SPI1,PRPF4,1
SPI1,MSH6,1
SPI1,CSF2RB,1
SPI1,CENPF,1
SPI1,DOK2,1
SPI1,SLC26A2,1
SPI1,TEC,1
SPI1,GTF2H1,1
SPI1,CD244A,1
SPI1,TRIM47,1
SPI1,PHF10,1
SPI1,RTEL1,1
SPI1,H2-AA,1
SPI1,CHORDC1,1
SPI1,NUDT19,1
SPI1,IKZF1,1
SPI1,VSIR,1
SPI1,PTDSS1,1
SPI1,ZNRF2,1
SPI1,LSP1,1
SPI1,ANKRD44,1
SPI1,NWD1,1
SPI1,TMEM33,1
SPI1,NARS,1
SPI1,CCL9,1
SPI1,NUP155,1
SPI1,PIK3R2,1
SPI1,PIK3R1,1
SPI1,ATAD2,1
SPI1,EAF1,1
SPI1,GSR,1
SPI1,PPM1F,1
SPI1,TMEM173,1
SPI1,PTPN7,1
SPI1,GMFB,1
SPI1,SMARCA2,1
SPI1,RPP40,1
SPI1,NPTN,1
SPI1,TOR3A,1
SPI1,PSEN1,1
SPI1,DEK,1
SPI1,MAP4K2,1
SPI1,DNAJC5,1
SPI1,RGS1,1
SPI1,TBC1D10C,1
SPI1,CLN5,1
SPI1,SEC24D,1
SPI1,NAPSA,1
SPI1,ASF1B,1
SPI1,ABL1,1
SPI1,DLST,1
SPI1,NECAP2,1
SPI1,ACOX3,1
SPI1,RCSD1,1
SPI1,RANGAP1,1
SPI1,FOXRED1,1
SPI1,NOP2,1
SPI1,RAD51,1
SPI1,ANXA1,1
SPI1,SF3B3,1
SPI1,FCHO2,1
SPI1,PHB2,1
SPI1,NDUFV1,1
SPI1,MCM4,1
SPI1,PFKP,1
SPI1,ST6GALNAC4,1
SPI1,UBR7,1
SPI1,BUB1B,1
SPI1,OSTM1,1
SPI1,4833439L19RIK,1
SPI1,STT3A,1
SPI1,1700017B05RIK,1
SPI1,HYOU1,1
SPI1,CREB5,1
SPI1,CENPK,1
SPI1,UNC93B1,1
SPI1,DNAJC9,1
SPI1,NDRG1,1
SPI1,CD48,1
SPI1,RACGAP1,1
SPI1,SERP1,1
SPI1,CLTC,1
SPI1,TSPAN14,1
SPI1,PREP,1
SPI1,IDH3A,1
SPI1,PRMT7,1
SPI1,ABCG3,1
SPI1,VKORC1L1,1
SPI1,FEM1A,1
SPI1,SEC23IP,1
SPI1,LMAN2L,1
SPI1,CDCA4,1
SPI1,RANBP3,1
SPI1,DHX33,1
SPI1,CDC6,1
SPI1,CASP1,1
SPI1,FASTKD2,1
SPI1,GATM,1
SPI1,ANXA5,1
SPI1,ADK,1
SPI1,NFAT5,1
SPI1,NDUFA10,1
SPI1,DOCK11,1
SPI1,CTTN,1
SPI1,PHKB,1
SPI1,PGLYRP2,1
SPI1,LDHB,1
SPI1,CAPG,1
SPI1,ST8SIA4,1
SPI1,ENG,1
SPI1,XPC,1
SPI1,NUP107,1
SPI1,ERLIN1,1
SPI1,NRROS,1
SPI1,NUDT4,1
SPI1,B230219D22RIK,1
SPI1,CST7,1
SPI1,FUT7,1
SPI1,PTGS1,1
SPI1,MLKL,1
SPI1,NFATC2,1
SPI1,CDT1,1
SPI1,GARS,1
SPI1,CTC1,1
SPI1,SLC43A3,1
SPI1,ATP13A1,1
SPI1,DHRS3,1
SPI1,VPS35,1
SPI1,ORC6,1
SPI1,MRPL20,1
SPI1,CENPO,1
SPI1,CCDC50,1
SPI1,SLC28A2,1
SPI1,RORA,1
SPI1,ADORA2A,1
SPI1,PLEK,1
SPI1,MGAT1,1
SPI1,GLRX5,1
SPI1,TIFAB,1
SPI1,WDHD1,1
SPI1,UAP1,1
SPI1,EML4,1
SPI1,DENND2D,1
SPI1,IRF9,1
SPI1,INTS13,1
SPI1,ATF7,1
SPI1,H2-OB,1
SPI1,IDH1,1
SPI1,PPP1CB,1
SPI1,ARL6IP6,1
SPI1,SPCS3,1
SPI1,PLD3,1
SPI1,SLCO4A1,1
SPI1,MTMR4,1
SPI1,KIF13A,1
SPI1,CKS2,1
SPI1,SLC35B4,1
SPI1,TES,1
SPI1,CALCRL,1
SPI1,ARMT1,1
SPI1,MTREX,1
SPI1,ABCG2,1
SPI1,UHRF1,1
SPI1,PANX1,1
SPI1,MIEF1,1
SPI1,FAR1,1
SPI1,ZBTB38,1
SPI1,SERPINB9,1
SPI1,ELOVL5,1
SPI1,LRRC59,1
SPI1,WDR55,1
SPI1,KIF22,1
SPI1,GCNT2,1
SPI1,HCFC1,1
SPI1,PSMD6,1
SPI1,ZDHHC13,1
SPI1,SDF2L1,1
SPI1,ZFP367,1
SPI1,ZFP35,1
SPI1,TOP3B,1
SPI1,NFKBIA,1
SPI1,PHF5A,1
SPI1,SELL,1
SPI1,MFNG,1
SPI1,SLC25A46,1
SPI1,SARAF,1
SPI1,DUT,1
SPI1,TBXAS1,1
SPI1,ALDH9A1,1
SPI1,ACAA2,1
SPI1,TSC22D1,1
SPI1,LY6C2,1
SPI1,OTUD4,1
SPI1,CDC7,1
SPI1,PLAA,1
SPI1,FAM76B,1
SPI1,EPSTI1,1
SPI1,9530068E07RIK,1
SPI1,SLC35E1,1
SPI1,ZHX1,1
SPI1,PDE4B,1
SPI1,HARS,1
SPI1,ZFP451,1
SPI1,ANXA3,1
SPI1,STRAP,1
SPI1,NUF2,1
SPI1,D1ERTD622E,1
SPI1,SELENOP,1
SPI1,USP14,1
SPI1,BID,1
SPI1,KAT7,1
SPI1,AP1S2,1
SPI1,JARID2,1
SPI1,ARID3B,1
SPI1,TRIM30D,1
SPI1,SNX30,1
SPI1,SUPV3L1,1
SPI1,HDC,1
SPI1,PFKFB3,1
SPI1,RNF38,1
SPI1,PITPNC1,1
SPI1,CLPTM1L,1
SPI1,CS,1
SPI1,GLB1,1
SPI1,ARCN1,1
SPI1,SFXN1,1
SPI1,BTG2,1
SPI1,FAM91A1,1
SPI1,TMEM97,1
SPI1,IFI30,1
SPI1,SLC35A4,1
SPI1,BCL2,1
SPI1,SULT1A1,1
SPI1,TNFAIP2,1
SPI1,NEDD1,1
SPI1,FCGR3,1
SPI1,METTL27,1
SPI1,SGO1,1
SPI1,GIMAP5,1
SPI1,BIRC5,1
SPI1,CD69,1
SPI1,ARHGEF39,1
SPI1,SLC2A3,1
SPI1,LMO4,1
SPI1,BUB1,1
SPI1,SERPINA3G,1
SPI1,NASP,1
SPI1,MAPK1,1
SPI1,KNSTRN,1
SPI1,FBXW11,1
SPI1,ERGIC1,1
SPI1,MCM2,1
SPI1,ITPR1,1
SPI1,GBP2,1
SPI1,TOPORS,1
SPI1,NUS1,1
SPI1,PSTPIP1,1
SPI1,KCTD20,1
SPI1,NOL9,1
SPI1,GALNS,1
SPI1,MFSD14B,1
SPI1,PNO1,1
SPI1,SLBP,1
SPI1,ANXA2,1
SPI1,RPTOR,1
SPI1,ELAC2,1
SPI1,GIMAP1,1
SPI1,SERPINB6B,1
SPI1,EIF2B1,1
SPI1,TM7SF3,1
SPI1,NDC1,1
SPI1,BCAP29,1
SPI1,ECT2,1
SPI1,9430015G10RIK,1
SPI1,PLXNC1,1
SPI1,FRRS1,1
SPI1,CSE1L,1
SPI1,OTUD6B,1
SPI1,VDR,1
SPI1,LY86,1
SPI1,PWP2,1
SPI1,SCARF1,1
SPI1,ITCH,1
SPI1,SERPINB6A,1
SPI1,RPA2,1
SPI1,POLR1B,1
SPI1,EPAS1,1
SPI1,TFR2,1
SPI1,RP2,1
SPI1,CREBRF,1
SPI1,TRMT11,1
SPI1,SNRPB,1
SPI1,UBA7,1
SPI1,RETREG1,1
SPI1,MCM3,1
SPI1,MPO,1
SPI1,WSB1,1
SPI1,EIF1AD,1
SPI1,MARS,1
SPI1,SCARB1,1
SPI1,MED16,1
SPI1,RUVBL2,1
SPI1,GYS1,1
SPI1,SLC29A1,1
SPI1,UBASH3A,1
SPI1,S100A6,1
SPI1,PPP1R15A,1
SPI1,PPID,1
SPI1,FARSB,1
SPI1,MFSD10,1
SPI1,MCM6,1
SPI1,TOMM40,1
SPI1,CKS1B,1
SPI1,MUC13,1
SPI1,EIF3B,1
SPI1,SATB1,1
SPI1,CASP4,1
SPI1,PRELID3B,1
SPI1,HMBS,1
SPI1,STAG2,1
SPI1,TUBGCP3,1
SPI1,ALDOC,1
SPI1,ZFP945,1
SPI1,PSME4,1
SPI1,RRM1,1
SPI1,TMX3,1
SPI1,MOB3C,1
SPI1,SPIDR,1
SPI1,TARS,1
SPI1,FAM189B,1
SPI1,HELLS,1
SPI1,GOLPH3,1
SPI1,CAMK2D,1
SPI1,CUL3,1
SPI1,SPNS3,1
SPI1,NUP88,1
SPI1,CSF3R,1
SPI1,WDR4,1
SPI1,MS4A3,1
SPI1,SLC37A1,1
SPI1,APLP2,1
SPI1,CDC20,1
SPI1,DCAF13,1
SPI1,BATF2,1
SPI1,REXO4,1
SPI1,CD74,1
SPI1,GABBR1,1
SPI1,TUBGCP2,1
SPI1,UTP4,1
SPI1,TOMM70A,1
SPI1,MTOR,1
SPI1,USP42,1
SPI1,IARS2,1
SPI1,TMEM246,1
SPI1,HDAC2,1
SPI1,XPNPEP1,1
SPI1,FCGRT,1
SPI1,HASPIN,1
SPI1,HUS1,1
SPI1,IL27RA,1
SPI1,SPTBN1,1
SPI1,HAAO,1
SPI1,AURKA,1
SPI1,EFTUD2,1
SPI1,PRKCD,1
SPI1,PRC1,1
SPI1,RB1,1
SPI1,UBA2,1
SPI1,CBX5,1
SPI1,BPIFC,1
SPI1,CD63,1
SPI1,SLFN2,1
SPI1,IFRD2,1
SPI1,NUP93,1
SPI1,ACOT9,1
SPI1,GTF2F1,1
SPI1,DDX39,1
SPI1,AKNA,1
SPI1,FAM136A,1
SPI1,TNPO1,1
SPI1,SLCO3A1,1
SPI1,DNM1L,1
SPI1,FEM1B,1
SPI1,TEX10,1
SPI1,GPR65,1
SPI1,PDIA4,1
SPI1,ZFP467,1
SPI1,MXD3,1
SPI1,FBXO5,1
SPI1,DDX60,1
SPI1,NAMPT,1
SPI1,MCOLN2,1
SPI1,ORC2,1
SPI1,GPR160,1
SPI1,EEF1E1,1
SPI1,CDK1,1
SPI1,MOGS,1
SPI1,FLT3,1
SPI1,ABCE1,1
SPI1,TTF2,1
SPI1,ATG12,1
SPI1,AP3S1,1
SPI1,SLA2,1
SPI1,RAB38,1
SPI1,FUCA2,1
SPI1,CD52,1
SPI1,GMCL1,1
SPI1,FTSJ3,1
SPI1,NSD2,1
SPI1,CSGALNACT2,1
SPI1,SLC44A2,1
SPI1,NCAPD2,1
SPI1,CDK18,1
SPI1,PRODH,1
SPI1,LY6A,1
SPI1,OTULINL,1
SPI1,ZDHHC6,1
SPI1,SLC30A5,1
SPI1,TYMS,1
SPI1,GLIPR2,1
SPI1,SORL1,1
SPI1,WDR5,1
SPI1,GALNT6,1
SPI1,GMNN,1
SPI1,PIP4K2A,1
SPI1,CDCA7,1
SPI1,MCM5,1
SPI1,ELANE,1
SPI1,USP37,1
SPI1,SHCBP1,1
SPI1,STIP1,1
SPI1,RPRD1B,1
SPI1,MTO1,1
SPI1,NCAPG,1
SPI1,IMMT,1
SPI1,TRIM16,1
SPI1,RABGGTB,1
SPI1,NUSAP1,1
SPI1,TIMM50,1
SPI1,INPP5B,1
SPI1,CASP12,1
SPI1,NDC80,1
SPI1,CENPE,1
SPI1,DEF8,1
SPI1,CDCA3,1
SPI1,ACSS2,1
SPI1,TOP2A,1
SPI1,SOCS2,1
SPI1,EZR,1
SPI1,NSUN2,1
SPI1,RCC1,1
SPI1,PDZK1IP1,1
SPI1,IFI209,1
SPI1,EYA2,1
SPI1,PTPRS,1
SPI1,NEURL3,1
SPI1,PSMD9,1
SPI1,MEIS1,1
SPI1,PLA2G12A,1
SPI1,CERS4,1
SPI1,ANGPT1,1
SPI1,TBC1D9B,1
SPI1,TMX4,1
SPI1,RARB,1
SPI1,SPNS2,1
SPI1,NCAPG2,1
SPI1,CSTF2,1
SPI1,TXNIP,1
SPI1,SPC25,1
SPI1,RAB31,1
SPI1,HNRNPAB,1
SPI1,GNG11,1
SPI1,HERPUD1,1
SPI1,ATP10A,1
SPI1,CYP2J6,1
SPI1,TAF12,1
SPI1,PTPRE,1
SPI1,PRKCH,1
SPI1,HDGF,1
SPI1,ZFP322A,1
SPI1,NCLN,1
SPI1,USP11,1
SPI1,PIDD1,1
SPI1,RRM2,1
SPI1,SMPDL3A,1
SPI1,DNAJC11,1
SPI1,CIP2A,1
SPI1,JPT2,1
SPI1,TPX2,1
SPI1,NUAK2,1
SPI1,UBE2C,1
SPI1,RFC5,1
SPI1,PLSCR4,1
SPI1,5430427O19RIK,1
SPI1,TCF19,1
SPI1,PRSS57,1
SPI1,TNIP3,1
SPI1,CTR9,1
SPI1,CIPC,1
SPI1,ZFAND5,1
SPI1,NOLC1,1
SPI1,MYB,1
SPI1,ADGRG3,1
SPI1,QARS,1
SPI1,GCLC,1
SPI1,PEAR1,1
SPI1,XAF1,1
SPI1,DCK,1
SPI1,CAND2,1
SPI1,POLD1,1
SPI1,ERCC8,1
SPI1,FIGNL1,1
SPI1,AGPS,1
SPI1,CCNF,1
SPI1,TRIB3,1
SPI1,UBL4A,1
SPI1,ARFGEF2,1
SPI1,YBX1,1
SPI1,MCM10,1
SPI1,GPD1L,1
SPI1,RGS2,1
SPI1,FLNB,1
SPI1,FASTKD3,1
SPI1,LONP1,1
SPI1,LAP3,1
SPI1,STX3,1
SPI1,RFC4,1
SPI1,TCP11L2,1
SPI1,ACSS1,1
SPI1,TBL3,1
SPI1,SIGLECG,1
SPI1,UPP1,1
SPI1,OSBPL8,1
SPI1,RGCC,1
SPI1,MTHFD1,1
SPI1,RAB37,1
SPI1,RPS6KA5,1
SPI1,PRTN3,1
SPI1,F13A1,1
SPI1,TIMP2,1
SPI1,MEMO1,1
SPI1,MFSD1,1
SPI1,RAB44,1
SPI1,KPNA3,1
SPI1,INTS8,1
SPI1,SLC16A1,1
SPI1,EGR1,1
SPI1,ACLY,1
SPI1,SEH1L,1
SPI1,PBX1,1
SPI1,GM5111,1
SPI1,ABHD17B,1
SPI1,POLE3,1
SPI1,KIF17,1
SPI1,PLAG1,1
SPI1,OSBPL1A,1
SPI1,TMEM176A,1
SPI1,CD9,1
SPI1,SH2D5,1
SPI1,CYC1,1
SPI1,TNFRSF21,1
SPI1,UBE2L6,1
SPI1,ATRN,1
SPI1,AKAP8L,1
SPI1,CDCA8,1
SPI1,IFI44,1
SPI1,SLC25A38,1
SPI1,IL21R,1
SPI1,CYP2J9,1
SPI1,TENT5A,1
SPI1,ABCB8,1
SPI1,IL6ST,1
SPI1,TXNDC11,1
SPI1,SHMT1,1
SPI1,FDFT1,1
SPI1,STAT2,1
SPI1,PUS7,1
SPI1,TK1,1
SPI1,CISH,1
SPI1,PATL1,1
SPI1,TGFBR1,1
SPI1,HIF3A,1
SPI1,NKG7,1
SPI1,PLA2G15,1
SPI1,CCNB1,1
SPI1,G6PDX,1
SPI1,NR3C2,1
SPI1,GRIA3,1
SPI1,CTSG,1
SPI1,CPA3,1
SPI1,LY9,1
SPI1,EMILIN1,1
SPI1,CCR2,1
SPI1,ZFP422,1
SPI1,DHFR,1
SPI1,NPLOC4,1
SPI1,THADA,1
SPI1,H2AFX,1
SPI1,GNL3,1
SPI1,NMD3,1
SPI1,LAX1,1
SPI1,TMEM50B,1
SPI1,MLLT3,1
SPI1,TSC22D3,1
SPI1,YPEL3,1
SPI1,GNG12,1
SPI1,ATP11C,1
SPI1,CCNA2,1
SPI1,MTCH2,1
SPI1,COQ8A,1
SPI1,AHCYL1,1
SPI1,PIM2,1
SPI1,SNRNP200,1
SPI1,TRIM59,1
SPI1,NEIL3,1
SPI1,PLXDC2,1
SPI1,POR,1
SPI1,C1RL,1
SPI1,FGL2,1
SPI1,SOAT1,1
SPI1,VIPR2,1
SPI1,ZFP36,1
SPI1,PSME3,1
SPI1,RPN1,1
SPI1,PPAT,1
SPI1,MPI,1
SPI1,ARID2,1
SPI1,DDX1,1
SPI1,ADSSL1,1
SPI1,BDH2,1
SPI1,JUN,1
SPI1,CCNE2,1
SPI1,SLC22A3,1
SPI1,KLF6,1
SPI1,DUS1L,1
SPI1,SRM,1
SPI1,IFI203,1
SPI1,POLA2,1
SPI1,LAPTM4B,1
SPI1,ARHGEF18,1
SPI1,PBK,1
SPI1,BTAF1,1
SPI1,F2R,1
SPI1,BC005561,1
SPI1,CHRNB1,1
SPI1,MRPL37,1
SPI1,CD44,1
SPI1,CTLA2B,1
SPI1,CCNB2,1
SPI1,MTR,1
SPI1,GATA2,1
SPI1,NAP1L3,1
SPI1,GPRASP1,1
SPI1,IRF8,1
SPI1,EPRS,1
SPI1,HDAC7,1
SPI1,UQCRFS1,1
SPI1,MSMO1,1
SPI1,GANAB,1
SPI1,ACOX1,1
SPI1,TIPIN,1
SPI1,NUPR1,1
SPI1,NDN,1
SPI1,RCOR1,1
SPI1,GOLT1B,1
SPI1,REXO2,1
SPI1,CEP55,1
SPI1,RPA1,1
SPI1,CSAD,1
SPI1,SLC19A1,1
SPI1,PTCD3,1
SPI1,ZBTB20,1
SPI1,PCLAF,1
SPI1,MYL10,1
SPI1,TTLL12,1
SPI1,SELENBP1,1
SPI1,CKAP2,1
SPI1,GM1966,1
SPI1,SGPP1,1
SPI1,IIGP1,1
SPI1,ABL2,1
SPI1,SH3BGRL,1
SPI1,RMND5A,1
SPI1,ADO,1
SPI1,IARS,1
SPI1,ZMIZ1,1
SPI1,PRR5,1
SPI1,SESN1,1
SPI1,MGAT5,1
SPI1,ATP6AP2,1
SPI1,CDC45,1
SPI1,ODC1,1
SPI1,SNAP23,1
SPI1,MPZL1,1
SPI1,FGGY,1
SPI1,USP10,1
SPI1,TGM2,1
SPI1,BYSL,1
SPI1,ATAD1,1
SPI1,CTPS,1
SPI1,MTFR1,1
SPI1,LIG1,1
SPI1,IFI27L2A,1
SPI1,PYGM,1
SPI1,NDE1,1
SPI1,ITM2A,1
SPI1,STOM,1
SPI1,DDX58,1
SPI1,POLE,1
SPI1,TMEM43,1
SPI1,MYC,1
SPI1,HP,1
SPI1,SDC4,1
SPI1,CTSL,1
SPI1,SVIP,1
SPI1,JPT1,1
SPI1,CBX7,1
SPI1,PRMT5,1
SPI1,PRKCQ,1
SPI1,TECPR1,1
SPI1,PCMTD1,1
SPI1,UBAC1,1
SPI1,IFITM1,1
SPI1,MECOM,1
SPI1,TMEM37,1
SPI1,KPNA1,1
SPI1,CKAP5,1
SPI1,TIE1,1
SPI1,GP9,1
SPI1,IGFBP4,1
SPI1,CYFIP2,1
SPI1,ABCB10,1
SPI1,PCMTD2,1
SPI1,H1F0,1
SPI1,AURKB,1
SPI1,HDGFL3,1
SPI1,ROBO4,1
SPI1,SERPINB1A,1
SPI1,IL12A,1
SPI1,MAMDC2,1
SPI1,PTTG1IP,1
SPI1,ISYNA1,1
SPI1,LTB,1
SPI1,SPO11,1
SPI1,APBB1,1
SPI1,CTLA2A,1
SPI1,IPO9,1
SPI1,CTSF,1
SPI1,PTGR1,1
SPI1,EBF1,1
SPI1,SMPD4,1
SPI1,LGALS1,1
SPI1,YBX3,1
SPI1,SNAP47,1
SPI1,THSD1,1
SPI1,HEXA,1
SPI1,SPPL2B,1
SPI1,XRCC3,1
SPI1,CD93,1
SPI1,LZTS1,1
SPI1,NUP85,1
SPI1,GM4951,1
SPI1,BACE1,1
SPI1,MBNL3,1
SPI1,LRRC8B,1
SPI1,MYCT1,1
SPI1,ZBTB16,1
SPI1,PKIB,1
SPI1,TCN2,1
SPI1,SLPI,1
SPI1,KIF11,1
SPI1,DUSP1,1
SPI1,SLC20A1,1
SPI1,TSPAN3,1
SPI1,FLOT2,1
SPI1,STXBP4,1
SPI1,CDK6,1
SPI1,EMID1,1
SPI1,PRIM1,1
SPI1,NCAPH,1
SPI1,B3GNT5,1
SPI1,ART4,1
SPI1,IL17RA,1
SPI1,PSMD1,1
SPI1,RASA4,1
SPI1,JCHAIN,1
SPI1,PSMG2,1
SPI1,NDRG2,1
SPI1,FAM171A1,1
SPI1,MTMR1,1
SPI1,GEMIN5,1
SPI1,SETD2,1
SPI1,ADGRL4,1
SPI1,CTSO,1
SPI1,RASSF4,1
SPI1,NPDC1,1
SPI1,GK,1
SPI1,PARP8,1
SPI1,FOXO1,1
SPI1,MAN2A2,1
SPI1,PHF6,1
SPI1,NAPRT,1
SPI1,EFCC1,1
SPI1,CD34,1
SPI1,MCPT8,1
SPI1,GEM,1
SPI1,TSPOAP1,1
SPI1,HID1,1
SPI1,MNS1,1
SPI1,GIMAP8,1
SPI1,SPC24,1
SPI1,KCNK5,1
SPI1,TSPAN2,1
SPI1,SALL2,1
SPI1,MC5R,1
SPI1,SLC18A2,1
SPI1,MTUS1,1
SPI1,TBC1D2B,1
SPI1,JAM3,1
SPI1,TPM4,1
SPI1,GGTA1,1
SPI1,ALAS1,1
SPI1,TEAD2,1
SPI1,SUSD3,1
SPI1,MAPKAPK3,1
SPI1,ENPP5,1
SPI1,CERK,1
SPI1,AFAP1L1,1
SPI1,MYCN,1
SPI1,PECAM1,1
SPI1,IRF6,1
SPI1,SYTL1,1
SPI1,PNCK,1
SPI1,PRPS2,1
SPI1,NAV1,1
SPI1,ADA,1
SPI1,RHOF,1
SPI1,RNF122,1
SPI1,CSGALNACT1,1
SPI1,F11R,1
SPI1,SLC7A4,1
SPI1,KRT18,1
SPI1,FLNA,1
SPI1,CNN3,1
SPI1,COL4A2,1
SPI1,COL4A1,1
SPI1,RORC,1
SPI1,NFIA,1
SPI1,PLPPR3,1
SPI1,CSRP3,1
SPI1,TRPC6,1
SPI1,RUNX1T1,1
SPI1,EMB,1
SPI1,THEMIS2,1
SPI1,IRF7,1
SPI1,PADI4,1
SPI1,HDAC11,1
STAT2,IRF9,1
STAT2,RTP4,1
STAT2,TRIM30D,1
STAT2,TXNIP,1
STAT2,TGTP2,1
STAT2,OASL2,1
STAT2,TOR3A,1
STAT2,OAS3,1
STAT2,IRGM2,1
STAT2,IGTP,1
STAT2,SHISA5,1
STAT2,XAF1,1
STAT2,EIF2B1,1
STAT2,CDCA5,1
STAT2,IRF7,1
STAT2,NAMPT,1
STAT2,SLC35E1,1
STAT2,BYSL,1
STAT2,GBP7,1
STAT2,DDX60,1
STAT2,ARRDC4,1
STAT2,SAMD9L,1
STAT2,IFI203,1
STAT2,GBP3,1
STAT2,CLPTM1L,1
STAT2,FOXRED1,1
STAT2,LONP1,1
STAT2,CD274,1
STAT2,SNRNP200,1
STAT2,ARID5A,1
STAT2,SNRPB,1
STAT2,ISG20,1
STAT2,PHF11B,1
STAT2,NDUFA10,1
STAT2,EPSTI1,1
STAT2,PLAA,1
STAT2,EPRS,1
STAT2,NDUFV1,1
STAT2,KCTD20,1
STAT2,RFC4,1
STAT2,MFSD1,1
STAT2,PHB2,1
STAT2,ABCE1,1
STAT2,MDN1,1
STAT2,WDR4,1
STAT2,CENPK,1
STAT2,SUPV3L1,1
STAT2,DUS1L,1
STAT2,TIMM29,1
STAT2,RRM1,1
STAT2,TGTP1,1
STAT2,OTUD6B,1
STAT2,UBA7,1
STAT2,HELLS,1
STAT2,MRPL20,1
STAT2,SERPINA3G,1
STAT2,SF3B3,1
STAT2,CCDC50,1
STAT2,GM4951,1
STAT2,PHF5A,1
STAT2,CENPE,1
STAT2,RPRD1B,1
STAT2,NOLC1,1
STAT2,COQ8A,1
STAT2,IFI209,1
STAT2,GTF2H1,1
STAT2,AHCYL1,1
STAT2,DDX58,1
STAT2,RARS,1
STAT2,IFI44,1
STAT2,ATP10A,1
STAT2,ARMT1,1
STAT2,UQCRFS1,1
STAT2,TENT5A,1
STAT2,NUP155,1
STAT2,SARAF,1
STAT2,UBA2,1
STAT2,DLST,1
STAT2,ATP1B3,1
STAT2,TBL3,1
STAT2,DHX33,1
STAT2,TOP3B,1
STAT2,IIGP1,1
STAT2,ELF1,1
STAT2,TRMT6,1
STAT2,TMEM229B,1
STAT2,CHORDC1,1
STAT2,HSPH1,1
STAT2,BATF2,1
STAT2,ODC1,1
STAT2,HJURP,1
STAT2,SMPD4,1
STAT2,CD69,1
STAT2,EFTUD2,1
STAT2,PSMD6,1
STAT2,DEK,1
STAT2,GTF2F1,1
STAT2,WDHD1,1
STAT2,H2AFX,1
STAT2,NSUN2,1
STAT2,MGAT1,1
STAT2,HSPA1A,1
STAT2,OSBPL8,1
STAT2,CDCA8,1
STAT2,USP14,1
STAT2,PPID,1
STAT2,PSME3,1
STAT2,MORC3,1
STAT2,SLBP,1
STAT2,NUDT19,1
STAT2,STRAP,1
STAT2,IMMT,1
STAT2,CLTC,1
STAT2,NUF2,1
STAT2,JUN,1
STAT2,NFKBIA,1
STAT2,IRF8,1
STAT2,DHFR,1
STAT2,ATP13A1,1
STAT2,GBP2,1
STAT2,GNS,1
STAT2,RGCC,1
STAT2,ZEB2,1
STAT2,RTEL1,1
STAT2,MCM10,1
STAT2,PWP2,1
STAT2,CASP4,1
STAT2,NPLOC4,1
STAT2,EAF1,1
STAT2,ZFP367,1
STAT2,HASPIN,1
STAT2,HSPA4,1
STAT2,JPT1,1
STAT2,APLP2,1
STAT2,TOPORS,1
STAT2,MARS,1
STAT2,TFRC,1
STAT2,SLC39A6,1
STAT2,ELP2,1
STAT2,RPA2,1
STAT2,PLD3,1
STAT2,HARS,1
STAT2,NARS,1
STAT2,NUP107,1
STAT2,SLC16A1,1
STAT2,SZT2,1
STAT2,BCAP29,1
STAT2,FAM91A1,1
STAT2,NFAT5,1
STAT2,NOP2,1
STAT2,CCNA2,1
STAT2,TOMM70A,1
STAT2,H2-Q6,1
STAT2,UBAC1,1
STAT2,HUS1,1
STAT2,RABGGTB,1
STAT2,ATAD1,1
STAT2,SLC20A1,1
STAT2,ELOVL5,1
STAT2,MIEF1,1
STAT2,MFSD14B,1
STAT2,DDX21,1
STAT2,9530068E07RIK,1
STAT2,SLC25A46,1
STAT2,USP42,1
STAT2,PRPF4,1
STAT2,MTMR4,1
STAT2,UBR7,1
STAT2,PSEN1,1
STAT2,HEXA,1
STAT2,SEC23IP,1
STAT2,CD52,1
STAT2,RAP1B,1
STAT2,WSB1,1
STAT2,GOLT1B,1
STAT2,TEX10,1
STAT2,ATF7,1
STAT2,DPP8,1
STAT2,ACOX3,1
STAT2,TCIRG1,1
STAT2,DDX20,1
STAT2,DTL,1
STAT2,DDX1,1
STAT2,ATAD2,1
STAT2,WDR43,1
STAT2,FASTKD2,1
STAT2,LCP2,1
STAT2,GMFB,1
STAT2,TACC3,1
STAT2,EIF2S1,1
STAT2,DNAJC9,1
STAT2,FEM1B,1
STAT2,B230219D22RIK,1
STAT2,PPM1G,1
STAT2,SRSF1,1
STAT2,ARL8B,1
STAT2,PA2G4,1
STAT2,EIF1AD,1
STAT2,KLF6,1
STAT2,CBX5,1
STAT2,TIPIN,1
STAT2,LONP2,1
STAT2,GARS,1
STAT2,MTOR,1
STAT2,NDRG1,1
STAT2,H1F0,1
STAT2,NOL9,1
STAT2,MTCH2,1
STAT2,RASA4,1
STAT2,NDUFS1,1
STAT2,RELB,1
STAT2,CCDC137,1
STAT2,NEDD1,1
STAT2,ZDHHC13,1
STAT2,TNPO1,1
STAT2,STIP1,1
STAT2,RPAP1,1
STAT2,PSME4,1
STAT2,BTAF1,1
STAT2,RUVBL2,1
STAT2,GYS1,1
STAT2,FEM1A,1
STAT2,HYOU1,1
STAT2,TMEM33,1
STAT2,HERPUD1,1
STAT2,SLC35A4,1
STAT2,NDC80,1
STAT2,DUT,1
STAT2,CDT1,1
STAT2,NECAP2,1
STAT2,ITPR1,1
STAT2,DNM1L,1
STAT2,RAD51AP1,1
STAT2,PTTG1IP,1
STAT2,PSMC2,1
STAT2,SEH1L,1
STAT2,TXNDC11,1
STAT2,SGO1,1
STAT2,POR,1
STAT2,SERP1,1
STAT2,LY86,1
STAT2,DUSP1,1
STAT2,DNAJC10,1
STAT2,CDCA4,1
STAT2,DNAJC5,1
STAT2,CKS2,1
STAT2,E2F4,1
STAT2,CALCRL,1
STAT2,RPTOR,1
STAT2,PHKB,1
STAT2,CDCA7,1
STAT2,NCAPG,1
STAT2,MAPK1,1
STAT2,CIPC,1
STAT2,BIRC5,1
STAT2,CSE1L,1
STAT2,9430015G10RIK,1
STAT2,TAF12,1
STAT2,MYC,1
STAT2,MCM6,1
STAT2,EGR1,1
STAT2,ORC2,1
STAT2,DDX39,1
STAT2,HNRNPAB,1
STAT2,RFC5,1
STAT2,GFM1,1
STAT2,DCAF13,1
STAT2,CISH,1
STAT2,MLKL,1
STAT2,TRIB3,1
STAT2,DNAJC11,1
STAT2,BTG2,1
STAT2,API5,1
STAT2,ZHX1,1
STAT2,TUBGCP3,1
STAT2,AURKA,1
STAT2,SELL,1
STAT2,SLC30A5,1
STAT2,GANAB,1
STAT2,PRMT7,1
STAT2,FIGNL1,1
STAT2,ARL6IP6,1
STAT2,TUBGCP2,1
STAT2,ABHD17B,1
STAT2,ADSL,1
STAT2,NUBP2,1
STAT2,NCLN,1
STAT2,NCAPD2,1
STAT2,REL,1
STAT2,PPP1R15A,1
STAT2,EIF3B,1
STAT2,EDEM1,1
STAT2,ACLY,1
STAT2,CIP2A,1
STAT2,LRRC8B,1
STAT2,TRMT11,1
STAT2,MCM3,1
STAT2,PTDSS1,1
STAT2,STXBP4,1
STAT2,RGS2,1
STAT2,SPC24,1
STAT2,SERPINB6A,1
STAT2,ATG12,1
STAT2,AP3S1,1
STAT2,NASP,1
STAT2,UTP4,1
STAT2,CENPO,1
STAT2,RNF4,1
STAT2,NUP93,1
STAT2,ABCB10,1
STAT2,XPC,1
STAT2,RCC1,1
STAT2,NCAPG2,1
STAT2,FCHO2,1
STAT2,CTR9,1
STAT2,ZFP53,1
STAT2,PSMG2,1
STAT2,POLR1B,1
STAT2,UAP1,1
STAT2,TAB1,1
STAT2,TFG,1
STAT2,YBX1,1
STAT2,SESN1,1
STAT2,MCM5,1
STAT2,SYNJ1,1
STAT2,HNRNPLL,1
STAT2,ETF1,1
STAT2,CKAP2,1
STAT2,FAR1,1
STAT2,PPAT,1
STAT2,ICAM1,1
STAT2,TSC22D1,1
STAT2,INTS8,1
STAT2,PLAG1,1
STAT2,INO80D,1
STAT2,RMND5A,1
STAT2,PIM2,1
STAT2,RGS1,1
STAT2,VSIR,1
STAT2,ALAS1,1
STAT2,MIS12,1
STAT2,SLC25A38,1
STAT2,ADK,1
STAT2,MIS18BP1,1
STAT2,ZDHHC6,1
STAT2,KIF22,1
STAT2,CKS1B,1
STAT2,OTUD4,1
STAT2,CUL3,1
STAT2,MYO5A,1
STAT2,PIP4K2A,1
STAT2,INTS13,1
STAT2,MCM4,1
STAT2,INCENP,1
STAT2,SLC31A1,1
STAT2,SLC26A2,1
STAT2,USP10,1
STAT2,REXO4,1
STAT2,ARCN1,1
STAT2,JPT2,1
STAT2,TRIM59,1
STAT2,STT3A,1
STAT2,TMEM97,1
STAT2,MAD2L1,1
STAT2,DCK,1
STAT2,ZNRF2,1
STAT2,TUBA4A,1
STAT2,USP37,1
STAT2,IARS,1
STAT2,KAT7,1
STAT2,NMD3,1
STAT2,FAM136A,1
STAT2,TMEM43,1
STAT2,FAM76B,1
STAT2,COLGALT1,1
STAT2,GNL3,1
STAT2,HMGB2,1
STAT2,RANBP3,1
STAT2,ZFAND5,1
STAT2,CREBRF,1
STAT2,IFRD2,1
STAT2,PFKP,1
STAT2,MOGS,1
STAT2,LRRC59,1
STAT2,FASTKD3,1
STAT2,ACOX1,1
STAT2,KIF11,1
STAT2,TMX4,1
STAT2,BID,1
STAT2,RAD51,1
STAT2,FBXW11,1
STAT2,PIK3R1,1
STAT2,IPO9,1
STAT2,ELAC2,1
STAT2,ME2,1
STAT2,THADA,1
STAT2,STT3B,1
STAT2,GMNN,1
STAT2,CNIH1,1
STAT2,CERS6,1
STAT2,UBE2L6,1
STAT2,BCL2,1
STAT2,RRM2,1
STAT2,MED16,1
STAT2,TMEM206,1
STAT2,PLIN3,1
STAT2,ZFP24,1
STAT2,ABL2,1
STAT2,CDKN1A,1
STAT2,METAP1,1
STAT2,CLN5,1
STAT2,PRMT5,1
STAT2,OSTM1,1
STAT2,UNC93B1,1
STAT2,PTCD3,1
STAT2,IFI27L2A,1
STAT2,FARSB,1
STAT2,SETD2,1
STAT2,TIMP2,1
STAT2,NADK,1
STAT2,PSAT1,1
STAT2,TOP2A,1
STAT2,IL17RA,1
STAT2,GIMAP5,1
STAT2,CCNB1,1
STAT2,POLA2,1
STAT2,IRF6,1
STAT2,FAM102B,1
STAT2,5430427O19RIK,1
STAT2,MTREX,1
STAT2,SPCS3,1
STAT2,TYMS,1
STAT2,HDAC2,1
STAT2,GNG12,1
STAT2,FTSJ3,1
STAT2,ACAA2,1
STAT2,PSTPIP1,1
STAT2,AKAP8L,1
STAT2,MSH6,1
STAT2,SLFN2,1
STAT2,EMB,1
STAT2,HAT1,1
STAT2,ZFP422,1
STAT2,REXO2,1
STAT2,F2R,1
STAT2,MOB3C,1
STAT2,EZR,1
STAT2,RPS6KA5,1
STAT2,PREP,1
STAT2,ZFP322A,1
STAT2,EEF1E1,1
STAT2,NUSAP1,1
STAT2,CTC1,1
STAT2,CAMK2D,1
STAT2,RNF38,1
STAT2,ANXA1,1
STAT2,CKAP2L,1
STAT2,TRIM35,1
STAT2,PSMD1,1
STAT2,NUP88,1
STAT2,NCAPH,1
STAT2,GMCL1,1
STAT2,VPS35,1
STAT2,ORC6,1
STAT2,TOMM40,1
STAT2,RANGAP1,1
STAT2,POLR2B,1
STAT2,FCER1G,1
STAT2,ABL1,1
STAT2,NUS1,1
STAT2,FLNB,1
STAT2,XPNPEP1,1
STAT2,CSGALNACT2,1
STAT2,NCEH1,1
STAT2,NAPSA,1
STAT2,TMEM154,1
STAT2,TIMM50,1
STAT2,ATRN,1
STAT2,SNX30,1
STAT2,SPTBN1,1
STAT2,RPN1,1
STAT2,CENPF,1
STAT2,IDH1,1
STAT2,NAA50,1
STAT2,CASP1,1
STAT2,MTMR6,1
STAT2,XRCC6,1
STAT2,QARS,1
STAT2,ZFP36,1
STAT2,GOLPH3,1
STAT2,CDCA3,1
STAT2,RPA1,1
STAT2,TCF19,1
STAT2,NPTN,1
STAT2,MCM7,1
STAT2,CTPS,1
STAT2,MSMO1,1
STAT2,PPP1CB,1
STAT2,GLRX5,1
STAT2,GCNT2,1
STAT2,KPNA3,1
STAT2,YPEL3,1
STAT2,UMPS,1
STAT2,BC005561,1
STAT2,ANGPT1,1
STAT2,LAP3,1
STAT2,DOCK10,1
STAT2,SPPL2B,1
STAT2,NUP85,1
STAT2,CYC1,1
STAT2,PRELID3B,1
STAT2,4833439L19RIK,1
STAT2,CDC45,1
STAT2,RORA,1
STAT2,PLEK,1
STAT2,SHMT1,1
STAT2,FBXO5,1
STAT2,DENND1C,1
STAT2,ARFGEF2,1
STAT2,RAD21,1
STAT2,GIMAP6,1
STAT2,TGFBR1,1
STAT2,ITCH,1
STAT2,COPB1,1
STAT2,ZBTB20,1
STAT2,HMBS,1
STAT2,SDF2L1,1
STAT2,NDE1,1
STAT2,CDC20,1
STAT2,TES,1
STAT2,CKAP5,1
STAT2,MEMO1,1
STAT2,VKORC1L1,1
STAT2,ZFP451,1
STAT2,ST8SIA4,1
STAT2,SDC4,1
STAT2,SPC25,1
STAT2,FGFR1OP,1
STAT2,FDFT1,1
STAT2,PIK3R2,1
STAT2,ZFP35,1
STAT2,MTHFD1,1
STAT2,MFSD10,1
STAT2,UBL4A,1
STAT2,FOXO1,1
STAT2,OTULINL,1
STAT2,AGPS,1
STAT2,KCNK5,1
STAT2,RB1,1
STAT2,RGS19,1
STAT2,NEIL3,1
STAT2,LY6A,1
STAT2,TBC1D5,1
STAT2,TEC,1
STAT2,GUSB,1
STAT2,MICU1,1
STAT2,SLCO4A1,1
STAT2,PDIA4,1
STAT2,PARP8,1
STAT2,PFKFB3,1
STAT2,FAM111A,1
STAT2,SLC43A3,1
STAT2,PCMTD1,1
STAT2,MTO1,1
STAT2,NDC1,1
STAT2,SNAP47,1
STAT2,CST7,1
STAT2,TMX3,1
STAT2,PANX1,1
STAT2,SGMS1,1
STAT2,TPX2,1
STAT2,PBK,1
STAT2,WDR55,1
STAT2,NUDT4,1
STAT2,MCM2,1
STAT2,BUB1B,1
STAT2,TPM4,1
STAT2,MNS1,1
STAT2,PRKCD,1
STAT2,MXD3,1
STAT2,PHF6,1
STAT2,GLB1,1
STAT2,PTPRE,1
STAT2,HACD3,1
STAT2,CDC7,1
STAT2,ERCC8,1
STAT2,ABCB8,1
STAT2,ATP8B4,1
STAT2,KNSTRN,1
STAT2,PRIM2,1
STAT2,PRIM1,1
STAT2,CDC6,1
STAT2,TARS,1
STAT2,PPM1F,1
STAT2,POLD1,1
STAT2,NCF1,1
STAT2,LMO4,1
STAT2,PRODH,1
STAT2,CSTF2,1
STAT2,CAD,1
STAT2,JARID2,1
STAT2,HDGFL3,1
STAT2,HMGB3,1
STAT2,NUDCD1,1
STAT2,PCMTD2,1
STAT2,WDR5,1
STAT2,PCLAF,1
STAT2,CBFB,1
STAT2,SLC19A1,1
STAT2,MKI67,1
STAT2,UHRF1,1
STAT2,UBE2C,1
STAT2,ANXA5,1
STAT2,TTLL12,1
STAT2,CS,1
STAT2,HDGF,1
STAT2,MPZL1,1
STAT2,TK1,1
STAT2,ARID2,1
STAT2,SCARF1,1
STAT2,CEP55,1
STAT2,SLC37A1,1
STAT2,1700017B05RIK,1
STAT2,PLEKHO2,1
STAT2,ASF1B,1
STAT2,POLE3,1
STAT2,PITPNC1,1
STAT2,MTR,1
STAT2,CCNE2,1
STAT2,CCNB2,1
STAT2,AURKB,1
STAT2,SATB1,1
STAT2,MRPL37,1
STAT2,GPD1L,1
STAT2,DENND2D,1
STAT2,TMEM184C,1
STAT2,PATL1,1
STAT2,SMC2,1
STAT2,GEMIN5,1
STAT2,GALNS,1
STAT2,SRM,1
STAT2,NRROS,1
STAT2,ACOT9,1
STAT2,CDK1,1
STAT2,ACSS2,1
STAT2,PNO1,1
STAT2,KIF20B,1
STAT2,NDRG2,1
STAT2,PRKCH,1
STAT2,PDE4B,1
STAT2,POLE,1
STAT2,CTSO,1
STAT2,AP1S2,1
STAT2,EML4,1
STAT2,CD82,1
STAT2,CCNF,1
STAT2,ZBTB38,1
STAT2,RIN3,1
STAT2,ALDH9A1,1
STAT2,KPNA1,1
STAT2,LDHB,1
STAT2,RACGAP1,1
STAT2,G6PDX,1
STAT2,SOAT1,1
STAT2,PSMD9,1
STAT2,OSBPL1A,1
STAT2,MAP4K2,1
STAT2,FUCA2,1
STAT2,MTMR1,1
STAT2,CYB5R1,1
STAT2,PRC1,1
STAT2,CYBC1,1
STAT2,SLCO3A1,1
STAT2,PTPN7,1
STAT2,XRCC3,1
STAT2,CD53,1
STAT2,SLC35B4,1
STAT2,DEF8,1
STAT2,ADO,1
STAT2,TMEM173,1
STAT2,PLA2G12A,1
STAT2,ECT2,1
STAT2,FRRS1,1
STAT2,CENPA,1
STAT2,IDH3A,1
STAT2,LACTB,1
STAT2,CD44,1
STAT2,ANKRD44,1
STAT2,TBC1D9B,1
STAT2,GEM,1
STAT2,PLA2G15,1
STAT2,ISYNA1,1
STAT2,KCTD12,1
STAT2,TESPA1,1
STAT2,LMAN2L,1
STAT2,LAPTM4B,1
STAT2,ERGIC1,1
STAT2,PBX1,1
STAT2,PAK1,1
STAT2,ATP6AP1,1
STAT2,GRINA,1
STAT2,MYCN,1
STAT2,TECPR1,1
STAT2,ITSN1,1
STAT2,IKZF1,1
STAT2,PRKCQ,1
STAT2,SORL1,1
STAT2,E2F8,1
STAT2,CHRNB1,1
STAT2,PIDD1,1
STAT2,CAPG,1
STAT2,HDAC7,1
STAT2,GOLIM4,1
STAT2,GM1966,1
STAT2,AKNA,1
STAT2,IL27RA,1
STAT2,SCARB1,1
STAT2,GMIP,1
STAT2,SHCBP1,1
STAT2,ALDH18A1,1
STAT2,MTFR1,1
STAT2,LIG1,1
STAT2,LAX1,1
STAT2,PEAR1,1
STAT2,ANXA2,1
STAT2,TBC1D10C,1
STAT2,ELMO2,1
STAT2,EPAS1,1
STAT2,CCL9,1
STAT2,CNN3,1
STAT2,SMARCA2,1
STAT2,BUB1,1
STAT2,GGTA1,1
STAT2,SFXN1,1
STAT2,PARVG,1
STAT2,SPIDR,1
STAT2,CTSZ,1
STAT2,IARS2,1
STAT2,GCLC,1
STAT2,SLC29A1,1
STAT2,HCFC1,1
STAT2,RPP40,1
STAT2,STAG2,1
STAT2,IL6ST,1
STAT2,USP11,1
STAT2,STOM,1
STAT2,NUAK2,1
STAT2,MGAT5,1
STAT2,CD74,1
STAT2,RETREG1,1
STAT2,CD68,1
STAT2,ST6GALNAC4,1
STAT2,RCOR1,1
STAT2,CERS4,1
STAT2,SOCS2,1
STAT2,PLXNC1,1
STAT2,CASP12,1
STAT2,ERLIN1,1
STAT2,FGGY,1
STAT2,CBX7,1
STAT2,VAV1,1
STAT2,TRPS1,1
STAT2,LY9,1
STAT2,HLF,1
STAT2,PUS7,1
STAT2,MLLT3,1
STAT2,NFATC2,1
STAT2,MYO1G,1
STAT2,GLIPR2,1
STAT2,MS4A6C,1
STAT2,ALDOC,1
STAT2,FES,1
STAT2,TSPAN14,1
STAT2,GSR,1
STAT2,FLNA,1
STAT2,PIK3IP1,1
STAT2,EYA2,1
STAT2,MAML3,1
STAT2,GIMAP8,1
STAT2,MBNL3,1
STAT2,SGPP1,1
STAT2,MAPKAPK3,1
STAT2,ADORA2A,1
STAT2,PLXDC2,1
STAT2,NFE2,1
STAT2,GRK3,1
STAT2,SALL2,1
STAT2,CYP4V3,1
STAT2,MFNG,1
STAT2,CD48,1
STAT2,IFI30,1
STAT2,RPS6KA3,1
STAT2,GIMAP1,1
STAT2,SERPINB6B,1
STAT2,PTPRS,1
STAT2,ITGAL,1
STAT2,SLC44A2,1
STAT2,RCSD1,1
STAT2,TLR4,1
STAT2,ITM2A,1
STAT2,IL21R,1
STAT2,ZMIZ1,1
STAT2,TSPAN3,1
STAT2,CCL4,1
STAT2,ADSSL1,1
WDR5,SF3B3,1
WDR5,SNRPB,1
WDR5,TOMM70A,1
WDR5,9430015G10RIK,1
WDR5,MIS12,1
WDR5,IFRD2,1
WDR5,SNRNP200,1
WDR5,MCM3,1
WDR5,XRCC3,1
WDR5,NUBP2,1
WDR5,TOP2A,1
WDR5,UBE2C,1
WDR5,STT3A,1
WDR5,NUDCD1,1
WDR5,CKAP2L,1
WDR5,STIP1,1
WDR5,CDCA3,1
WDR5,GLRX5,1
WDR5,FDFT1,1
WDR5,SLC35B4,1
WDR5,RPA2,1
WDR5,TOMM40,1
WDR5,NCLN,1
WDR5,TMEM43,1
WDR5,CDCA8,1
WDR5,FEM1A,1
WDR5,TPX2,1
WDR5,MRPL37,1
WDR5,ELAC2,1
WDR5,CENPF,1
WDR5,RANGAP1,1
WDR5,RRM1,1
WDR5,FAM76B,1
WDR5,FOXRED1,1
WDR5,MSMO1,1
WDR5,MTOR,1
WDR5,ELMO2,1
WDR5,SPC25,1
WDR5,TCF19,1
WDR5,RUVBL2,1
WDR5,GYS1,1
WDR5,MCM5,1
WDR5,CDCA5,1
WDR5,TRMT6,1
WDR5,DHX33,1
WDR5,AURKA,1
WDR5,TIMM29,1
WDR5,NARS,1
WDR5,KAT7,1
WDR5,TMEM97,1
WDR5,PRMT5,1
WDR5,MCM10,1
WDR5,TACC3,1
WDR5,INCENP,1
WDR5,YBX1,1
WDR5,CKS1B,1
WDR5,NAA50,1
WDR5,BUB1B,1
WDR5,PHB2,1
WDR5,SZT2,1
WDR5,PLAG1,1
WDR5,PRPF4,1
WDR5,AKAP8L,1
WDR5,IMMT,1
WDR5,SPC24,1
WDR5,HSPH1,1
WDR5,RNF4,1
WDR5,REXO4,1
WDR5,NUSAP1,1
WDR5,NDC1,1
WDR5,SEC23IP,1
WDR5,NDUFV1,1
WDR5,ITSN1,1
WDR5,ABL1,1
WDR5,ARL6IP6,1
WDR5,TMEM33,1
WDR5,MARS,1
WDR5,CDC45,1
WDR5,RPTOR,1
WDR5,RACGAP1,1
WDR5,NUF2,1
WDR5,MTMR4,1
WDR5,PLAA,1
WDR5,JPT2,1
WDR5,EIF2B1,1
WDR5,POLR1B,1
WDR5,TMEM184C,1
WDR5,MTR,1
WDR5,FBXW11,1
WDR5,DDX39,1
WDR5,PRIM1,1
WDR5,GOLT1B,1
WDR5,CCNF,1
WDR5,KIF22,1
WDR5,ADO,1
WDR5,ORC2,1
WDR5,PLD3,1
WDR5,DNAJC11,1
WDR5,ASF1B,1
WDR5,HJURP,1
WDR5,JPT1,1
WDR5,MTHFD1,1
WDR5,POLE3,1
WDR5,RAD51,1
WDR5,GANAB,1
WDR5,RPP40,1
WDR5,CENPA,1
WDR5,REXO2,1
WDR5,EIF2S1,1
WDR5,CISH,1
WDR5,PHF5A,1
WDR5,FTSJ3,1
WDR5,CREBRF,1
WDR5,SLC35E1,1
WDR5,ITPR1,1
WDR5,TARS,1
WDR5,CHORDC1,1
WDR5,MRPL20,1
WDR5,SRM,1
WDR5,MIS18BP1,1
WDR5,NDUFS1,1
WDR5,EIF1AD,1
WDR5,HNRNPAB,1
WDR5,ABCE1,1
WDR5,ABHD17B,1
WDR5,LMAN2L,1
WDR5,FASTKD2,1
WDR5,NOLC1,1
WDR5,SLC25A46,1
WDR5,KNSTRN,1
WDR5,HARS,1
WDR5,ATF7,1
WDR5,RAD51AP1,1
WDR5,OTUD4,1
WDR5,ZFP367,1
WDR5,DNM1L,1
WDR5,PA2G4,1
WDR5,ECT2,1
WDR5,ABCB8,1
WDR5,FAR1,1
WDR5,H2AFX,1
WDR5,PNO1,1
WDR5,CENPO,1
WDR5,KPNA3,1
WDR5,TMEM206,1
WDR5,TTF2,1
WDR5,HDGF,1
WDR5,CBX5,1
WDR5,NDUFA10,1
WDR5,MTMR6,1
WDR5,CDC6,1
WDR5,MFSD1,1
WDR5,KIF11,1
WDR5,TUBGCP2,1
WDR5,RAD21,1
WDR5,AHCYL1,1
WDR5,SMARCA2,1
WDR5,CLPTM1L,1
WDR5,E2F8,1
WDR5,EAF1,1
WDR5,BUB1,1
WDR5,MIEF1,1
WDR5,DUS1L,1
WDR5,LRRC59,1
WDR5,ACLY,1
WDR5,NDC80,1
WDR5,BYSL,1
WDR5,SUPV3L1,1
WDR5,PSMD6,1
WDR5,LIG1,1
WDR5,SESN1,1
WDR5,SHCBP1,1
WDR5,HMBS,1
WDR5,HAT1,1
WDR5,RCOR1,1
WDR5,SERP1,1
WDR5,PSME3,1
WDR5,ETF1,1
WDR5,NECAP2,1
WDR5,UBR7,1
WDR5,TIMM50,1
WDR5,GTF2F1,1
WDR5,UQCRFS1,1
WDR5,API5,1
WDR5,KLF6,1
WDR5,ME2,1
WDR5,CENPK,1
WDR5,RPRD1B,1
WDR5,ATP6AP1,1
WDR5,RPN1,1
WDR5,RFC4,1
WDR5,ZFP24,1
WDR5,JUN,1
WDR5,DNAJC10,1
WDR5,ZDHHC6,1
WDR5,NUP155,1
WDR5,HERPUD1,1
WDR5,OTUD6B,1
WDR5,RARS,1
WDR5,RTEL1,1
WDR5,MCM4,1
WDR5,MCM7,1
WDR5,ATG12,1
WDR5,AP3S1,1
WDR5,NEDD1,1
WDR5,TMX4,1
WDR5,INPP5B,1
WDR5,HMGB2,1
WDR5,MTREX,1
WDR5,GMFB,1
WDR5,PTPRS,1
WDR5,NUP88,1
WDR5,ZFP451,1
WDR5,PSMD1,1
WDR5,CDC20,1
WDR5,GARS,1
WDR5,MDN1,1
WDR5,PTDSS1,1
WDR5,SDF2L1,1
WDR5,WDR43,1
WDR5,SGO1,1
WDR5,HDAC2,1
WDR5,MPZL1,1
WDR5,RMND5A,1
WDR5,PRC1,1
WDR5,UHRF1,1
WDR5,NSUN2,1
WDR5,KIF20B,1
WDR5,ATP11C,1
WDR5,DCAF13,1
WDR5,APLP2,1
WDR5,4833439L19RIK,1
WDR5,GK,1
WDR5,DPP8,1
WDR5,SHMT1,1
WDR5,LONP1,1
WDR5,ATP6AP2,1
WDR5,VPS35,1
WDR5,ORC6,1
WDR5,QARS,1
WDR5,DHFR,1
WDR5,ZFP35,1
WDR5,NUP107,1
WDR5,CKAP5,1
WDR5,TOP3B,1
WDR5,MPI,1
WDR5,ACOX1,1
WDR5,DDX20,1
WDR5,RFC5,1
WDR5,NOL9,1
WDR5,STRAP,1
WDR5,GFM1,1
WDR5,ARMT1,1
WDR5,DTL,1
WDR5,IRF8,1
WDR5,SMC2,1
WDR5,SPPL2B,1
WDR5,PIK3R2,1
WDR5,IARS,1
WDR5,BIRC5,1
WDR5,IDH1,1
WDR5,CIPC,1
WDR5,HSPA4,1
WDR5,EFTUD2,1
WDR5,CTR9,1
WDR5,ATP13A1,1
WDR5,NUP85,1
WDR5,ADSL,1
WDR5,MNS1,1
WDR5,ACOX3,1
WDR5,CLTC,1
WDR5,MORC3,1
WDR5,TEX10,1
WDR5,PSMD9,1
WDR5,PSMC2,1
WDR5,MGAT1,1
WDR5,STAT2,1
WDR5,CIP2A,1
WDR5,ATAD2,1
WDR5,STXBP4,1
WDR5,SYNJ1,1
WDR5,RPS6KA5,1
WDR5,E2F4,1
WDR5,SLC26A2,1
WDR5,SRSF1,1
WDR5,EPRS,1
WDR5,CKS2,1
WDR5,ERCC8,1
WDR5,NOP2,1
WDR5,MTFR1,1
WDR5,WDR4,1
WDR5,HUS1,1
WDR5,UMPS,1
WDR5,CTPS,1
WDR5,USP37,1
WDR5,GTF2H1,1
WDR5,NAPSA,1
WDR5,H2-Q6,1
WDR5,PHKB,1
WDR5,YBX3,1
WDR5,PPID,1
WDR5,DDX21,1
WDR5,DDX1,1
WDR5,NCAPD2,1
WDR5,CCNB2,1
WDR5,HSPA1A,1
WDR5,ATAD1,1
WDR5,PRMT7,1
WDR5,COQ8A,1
WDR5,FOXO1,1
WDR5,MAD2L1,1
WDR5,HYOU1,1
WDR5,GPD1L,1
WDR5,CCDC137,1
WDR5,FBXO5,1
WDR5,RPA1,1
WDR5,FAM111A,1
WDR5,PLA2G15,1
WDR5,ARHGAP15,1
WDR5,MCM6,1
WDR5,ELOVL5,1
WDR5,PSEN1,1
WDR5,EIF3B,1
WDR5,TXNIP,1
WDR5,H2-OB,1
WDR5,ARL8B,1
WDR5,HASPIN,1
WDR5,CCNA2,1
WDR5,MED16,1
WDR5,PPM1G,1
WDR5,IPO9,1
WDR5,CDK1,1
WDR5,XPC,1
WDR5,ELF1,1
WDR5,TAB1,1
WDR5,9530068E07RIK,1
WDR5,UBAC1,1
WDR5,ARID5A,1
WDR5,TBL3,1
WDR5,PSAT1,1
WDR5,TECPR1,1
WDR5,SLBP,1
WDR5,NUS1,1
WDR5,COLGALT1,1
WDR5,NASP,1
WDR5,TXNDC11,1
WDR5,PHF11B,1
WDR5,SMPD4,1
WDR5,IRF9,1
WDR5,CDCA7,1
WDR5,WDR55,1
WDR5,USP42,1
WDR5,PPAT,1
WDR5,TFG,1
WDR5,SERPINB6A,1
WDR5,PCLAF,1
WDR5,IDH3A,1
WDR5,OTULINL,1
WDR5,MTO1,1
WDR5,ZDHHC13,1
WDR5,TRIM35,1
WDR5,ZFP322A,1
WDR5,USP14,1
WDR5,SLC20A1,1
WDR5,FIGNL1,1
WDR5,NCEH1,1
WDR5,TAF12,1
WDR5,SLC31A1,1
WDR5,MOGS,1
WDR5,MTCH2,1
WDR5,ZHX1,1
WDR5,MSH6,1
WDR5,RPAP1,1
WDR5,PTCD3,1
WDR5,CCNE2,1
WDR5,PBK,1
WDR5,CDT1,1
WDR5,POLD1,1
WDR5,PPM1F,1
WDR5,GEM,1
WDR5,TUBGCP3,1
WDR5,ERGIC1,1
WDR5,THADA,1
WDR5,NFAT5,1
WDR5,PRIM2,1
WDR5,CSE1L,1
WDR5,PWP2,1
WDR5,NUP93,1
WDR5,ZFP53,1
WDR5,SEH1L,1
WDR5,DLST,1
WDR5,COPB1,1
WDR5,SLC35A4,1
WDR5,SLC25A38,1
WDR5,SLC30A5,1
WDR5,CD74,1
WDR5,UAP1,1
WDR5,SLC19A1,1
WDR5,CS,1
WDR5,GMCL1,1
WDR5,GOLIM4,1
WDR5,POLR2B,1
WDR5,HAAO,1
WDR5,EEF1E1,1
WDR5,FARSB,1
WDR5,WDHD1,1
WDR5,RANBP3,1
WDR5,NCAPG,1
WDR5,GBP3,1
WDR5,UBA2,1
WDR5,NCAPG2,1
WDR5,PPP1CB,1
WDR5,TLR4,1
WDR5,PDIA4,1
WDR5,LONP2,1
WDR5,METAP1,1
WDR5,CD69,1
WDR5,WSB1,1
WDR5,GMNN,1
WDR5,REL,1
WDR5,DOCK10,1
WDR5,PIM2,1
WDR5,HNRNPLL,1
WDR5,TMEM229B,1
WDR5,PLEK,1
WDR5,ODC1,1
WDR5,CNIH1,1
WDR5,CD53,1
WDR5,PRELID3B,1
WDR5,JARID2,1
WDR5,RGS19,1
WDR5,GNL3,1
WDR5,ADK,1
WDR5,RABGGTB,1
WDR5,F11R,1
WDR5,TESPA1,1
WDR5,LAP3,1
WDR5,ALDH18A1,1
WDR5,BTAF1,1
WDR5,MFSD14B,1
WDR5,GFI1B,1
WDR5,INTS8,1
WDR5,GUSB,1
WDR5,RRM2,1
WDR5,TOPORS,1
WDR5,SLC39A6,1
WDR5,ELP2,1
WDR5,MICU1,1
WDR5,FGFR1OP,1
WDR5,LACTB,1
WDR5,G6PDX,1
WDR5,SPNS2,1
WDR5,SPCS3,1
WDR5,GPRASP1,1
WDR5,TNPO1,1
WDR5,TFRC,1
WDR5,INO80D,1
WDR5,FAM91A1,1
WDR5,CAMK2D,1
WDR5,ITCH,1
WDR5,GIMAP6,1
WDR5,CAPG,1
WDR5,POR,1
WDR5,INTS13,1
WDR5,SAMD9L,1
WDR5,FEM1B,1
WDR5,TCP11L2,1
WDR5,CENPE,1
WDR5,SARAF,1
WDR5,CYBC1,1
WDR5,PLIN3,1
WDR5,SNAP47,1
WDR5,NUAK2,1
WDR5,ARCN1,1
WDR5,LAX1,1
WDR5,PSMG2,1
WDR5,METTL27,1
WDR5,STT3B,1
WDR5,TMEM50B,1
WDR5,POLA2,1
WDR5,NCAPH,1
WDR5,HEXA,1
WDR5,NRROS,1
WDR5,TRMT11,1
WDR5,DCK,1
WDR5,RGS1,1
WDR5,PANX1,1
WDR5,RNF38,1
WDR5,MAPK1,1
WDR5,CEP55,1
WDR5,CDCA4,1
WDR5,CCNB1,1
WDR5,PARP8,1
WDR5,GLB1,1
WDR5,CCDC50,1
WDR5,CYC1,1
WDR5,YPEL3,1
WDR5,CDC7,1
WDR5,FASTKD3,1
WDR5,DNAJC5,1
WDR5,AURKB,1
WDR5,NUDT19,1
WDR5,MR1,1
WDR5,XRCC6,1
WDR5,SPI1,1
WDR5,ITGAL,1
WDR5,DEF8,1
WDR5,ANXA5,1
WDR5,PTTG1IP,1
WDR5,RP2,1
WDR5,KCTD20,1
WDR5,PHF6,1
WDR5,IL6ST,1
WDR5,LMO4,1
WDR5,CYP4V3,1
WDR5,PSME4,1
WDR5,OSTM1,1
WDR5,MYO5A,1
WDR5,TUBA4A,1
WDR5,NDE1,1
WDR5,DNAJC9,1
WDR5,TMX3,1
WDR5,ZEB2,1
WDR5,UBA7,1
WDR5,LY86,1
WDR5,STOM,1
WDR5,PCMTD2,1
WDR5,KIF13A,1
WDR5,ACSS2,1
WDR5,METTL7A1,1
WDR5,AP1S2,1
WDR5,H2-AA,1
WDR5,ST6GALNAC4,1
WDR5,TIPIN,1
WDR5,CTC1,1
WDR5,PPP1R15A,1
WDR5,BTG2,1
WDR5,GNS,1
WDR5,ZBTB20,1
WDR5,LY9,1
WDR5,IGTP,1
WDR5,XPNPEP1,1
WDR5,CALCRL,1
WDR5,ATRN,1
WDR5,ST8SIA4,1
WDR5,SLCO4A1,1
WDR5,CLN5,1
WDR5,NCF1,1
WDR5,ICAM1,1
WDR5,SPTBN1,1
WDR5,RGS2,1
WDR5,MXD3,1
WDR5,PDE4B,1
WDR5,POLE,1
WDR5,GIMAP5,1
WDR5,IFI27L2A,1
WDR5,KIF17,1
WDR5,ISYNA1,1
WDR5,NADK,1
WDR5,RCC1,1
WDR5,MYCN,1
WDR5,HELLS,1
WDR5,IRGM2,1
WDR5,B230219D22RIK,1
WDR5,GBP7,1
WDR5,TRIM30D,1
WDR5,PTPN7,1
WDR5,RELB,1
WDR5,ACOT9,1
WDR5,GEMIN5,1
WDR5,ABL2,1
WDR5,CD82,1
WDR5,CAD,1
WDR5,MCM2,1
WDR5,OSBPL8,1
WDR5,BC035044,1
WDR5,TES,1
WDR5,LGALS1,1
WDR5,UNC93B1,1
WDR5,RETREG1,1
WDR5,RGS18,1
WDR5,SHISA5,1
WDR5,NEIL3,1
WDR5,CSTF2,1
WDR5,CHRNB1,1
WDR5,EBI3,1
WDR5,NMD3,1
WDR5,BCAP29,1
WDR5,NFKBIA,1
WDR5,PKIB,1
WDR5,PATL1,1
WDR5,UBE2L6,1
WDR5,SIGLECG,1
WDR5,SERPINA3G,1
WDR5,ARRDC4,1
WDR5,KCNK5,1
WDR5,UTP4,1
WDR5,CKAP2,1
WDR5,TBC1D10C,1
WDR5,NEURL3,1
WDR5,ZFP422,1
WDR5,FGGY,1
WDR5,FCHO2,1
WDR5,TYMS,1
WDR5,CERS6,1
WDR5,MAP4K2,1
WDR5,CYB5R1,1
WDR5,PCMTD1,1
WDR5,ZNRF2,1
WDR5,MAPKAPK3,1
WDR5,EIF4ENIF1,1
WDR5,USP10,1
WDR5,CBFB,1
WDR5,IARS2,1
WDR5,GIMAP1,1
WDR5,MFSD10,1
WDR5,IFI30,1
WDR5,MGAT5,1
WDR5,RGCC,1
WDR5,HMGB3,1
WDR5,CFP,1
WDR5,TOR3A,1
WDR5,GALNS,1
WDR5,IL21R,1
WDR5,SVIP,1
WDR5,BID,1
WDR5,TSPAN3,1
WDR5,1700017B05RIK,1
WDR5,PARVG,1
WDR5,NPDC1,1
WDR5,HCFC1,1
WDR5,ARID2,1
WDR5,SH2D5,1
WDR5,ALDH9A1,1
WDR5,DUT,1
WDR5,EZR,1
WDR5,LSP1,1
WDR5,KPNA1,1
WDR5,IFI209,1
WDR5,5430427O19RIK,1
WDR5,CTSO,1
WDR5,TNFRSF13C,1
WDR5,PFKFB3,1
WDR5,ACSS1,1
WDR5,NFATC2,1
WDR5,DENND1C,1
WDR5,FAM136A,1
WDR5,ARID3B,1
WDR5,CD274,1
WDR5,TBC1D5,1
WDR5,SNX30,1
WDR5,RASSF4,1
WDR5,KCTD12,1
WDR5,ISG20,1
WDR5,CERS4,1
WDR5,ZFP36,1
WDR5,EYA2,1
WDR5,DUSP1,1
WDR5,TMEM173,1
WDR5,IRF7,1
WDR5,CUL3,1
WDR5,FAM102B,1
WDR5,NAMPT,1
WDR5,CDKN1C,1
WDR5,TRIM59,1
WDR5,ATP1B3,1
WDR5,EML4,1
WDR5,IFI203,1
WDR5,PREP,1
WDR5,IL27RA,1
WDR5,PLEKHO2,1
WDR5,SPIDR,1
WDR5,PIK3R1,1
WDR5,EPSTI1,1
WDR5,DHRS3,1
WDR5,CTSL,1
WDR5,SCARB1,1
WDR5,TSC22D1,1
WDR5,PRKCD,1
WDR5,GM1966,1
WDR5,SLC44A2,1
WDR5,GMIP,1
WDR5,EBF1,1
WDR5,NPLOC4,1
WDR5,CASP1,1
WDR5,FLNB,1
WDR5,ZMIZ1,1
WDR5,SETD2,1
WDR5,SLFN2,1
WDR5,GIMAP8,1
WDR5,DEK,1
WDR5,RB1,1
WDR5,CD48,1
WDR5,CASP4,1
WDR5,VAV1,1
WDR5,MOB3C,1
WDR5,TBC1D9B,1
WDR5,CNRIP1,1
WDR5,VKORC1L1,1
WDR5,TENT5A,1
WDR5,TEC,1
WDR5,PITPNC1,1
WDR5,RASA4,1
WDR5,SGMS1,1
WDR5,PTPRE,1
WDR5,GOLPH3,1
WDR5,RNF122,1
WDR5,SYK,1
WDR5,XAF1,1
WDR5,TNFRSF21,1
WDR5,GNG2,1
WDR5,USP11,1
WDR5,SIRPA,1
WDR5,UBL4A,1
WDR5,ALAS1,1
WDR5,NFE2,1
WDR5,FCGR2B,1
WDR5,CSGALNACT2,1
WDR5,EPAS1,1
WDR5,PFKP,1
WDR5,DDX58,1
WDR5,HACD3,1
WDR5,SOAT1,1
WDR5,RAB37,1
WDR5,ZFAND5,1
WDR5,FRRS1,1
WDR5,SUSD3,1
WDR5,MLKL,1
WDR5,TM6SF1,1
WDR5,EDEM1,1
WDR5,TSPAN14,1
WDR5,SH3BGRL,1
WDR5,SLC2A3,1
WDR5,NR3C2,1
WDR5,SATB1,1
WDR5,RIN3,1
WDR5,VAV3,1
WDR5,IL17RA,1
WDR5,SNAP23,1
WDR5,ZFP945,1
WDR5,ZBTB38,1
WDR5,S100A6,1
WDR5,GBP2,1
WDR5,RHOF,1
WDR5,PIP4K2A,1
WDR5,AKNA,1
WDR5,HP,1
WDR5,CD68,1
WDR5,TCN2,1
WDR5,ANXA1,1
WDR5,GGTA1,1
WDR5,SORT1,1
WDR5,ITIH5,1
WDR5,PLA2G12A,1
WDR5,TBC1D2B,1
WDR5,ADSSL1,1
WDR5,CDK6,1
WDR5,TRIB3,1
WDR5,CLEC12A,1
WDR5,PIK3IP1,1
WDR5,GPR65,1
WDR5,SLC43A3,1
WDR5,FUCA2,1
WDR5,ENPP5,1
WDR5,CST7,1
WDR5,ATP10A,1
WDR5,ALDOC,1
WDR5,STAG2,1
WDR5,PEAR1,1
WDR5,LCP2,1
WDR5,CNN3,1
WDR5,SERPINB9,1
WDR5,SELENOP,1
WDR5,MLLT3,1
WDR5,TMEM154,1
WDR5,SLC28A2,1
WDR5,DENND2D,1
WDR5,PGLYRP2,1
WDR5,FLNA,1
WDR5,ABCB10,1
WDR5,TGFBR1,1
WDR5,SLC37A1,1
WDR5,TTLL12,1
WDR5,IKZF1,1
WDR5,SLC16A1,1
WDR5,CD44,1
WDR5,CD93,1
WDR5,IL12A,1
WDR5,CBX7,1
WDR5,NPTN,1
WDR5,MKI67,1
WDR5,LYN,1
WDR5,GATM,1
WDR5,BCL2,1
WDR5,TK1,1
WDR5,OSBPL1A,1
WDR5,ERLIN1,1
WDR5,ACAA2,1
WDR5,SERPINB1A,1
WDR5,PSTPIP1,1
WDR5,SORL1,1
WDR5,SLC29A1,1
WDR5,SFXN1,1
WDR5,RPS6KA3,1
WDR5,JAM3,1
WDR5,ADGRG3,1
WDR5,SELL,1
WDR5,MYO1G,1
CBX7,PIK3R1,0
EBF1,CENPF,0
STAT2,BC035044,0
RPA1,COLGALT1,0
RPA1,OTUD4,0
GFI1B,CENPA,0
EBF1,TYMS,0
EBF1,IFI27L2A,0
RAD51,CENPA,0
NFAT5,RTP4,0
WDR5,GNG11,0
FOXO1,IFI209,0
NFAT5,STOM,0
NFAT5,TNFAIP2,0
EBF1,HMBS,0
GFI1B,MYL10,0
GFI1B,STRAP,0
RAD51,MTMR4,0
CBX7,MAPKAPK3,0
NFAT5,F2R,0
RAD51,MTO1,0
GFI1B,IRF6,0
GATA2,FES,0
RAD51,SLPI,0
FOXO1,DCAF13,0
GFI1B,ELP2,0
FOXO1,DOK2,0
WDR5,OBSCN,0
RPA1,SLC30A5,0
CBFB,OSGIN1,0
IRF8,DDX1,0
FOXO1,TRMT6,0
RPA2,CASP1,0
RPA1,MFSD1,0
IRF8,TACC3,0
GFI1B,TNIP3,0
RPA2,CD48,0
EBF1,GPRASP1,0
EBF1,CSRP3,0
RPA2,CD34,0
EBF1,TFG,0
RPA2,STIP1,0
RPA2,MFSD10,0
CBX7,UBAC1,0
RPA1,LTB,0
NFAT5,CNRIP1,0
ELF1,BDH2,0
RAD51,JCHAIN,0
EBF1,TMX3,0
RPA2,NUP107,0
NFAT5,ZDHHC13,0
RAD51,ART4,0
RPA1,HYOU1,0
CBX7,CPA3,0
CBX7,PAK1,0
RPA2,RAD21,0
SATB1,IL17RA,0
IRF8,TSPAN3,0
NFAT5,NDC80,0
NFAT5,NUSAP1,0
GFI1B,NUBP2,0
RPA1,ERGIC1,0
NFAT5,SELL,0
GFI1B,ELF1,0
EBF1,EEF1E1,0
RPA2,KLF6,0
RPA1,POLA2,0
FOXO1,ADSL,0
CBX7,TIFAB,0
RPA2,HARS,0
IRF8,PSTPIP1,0
RPA2,METTL7A1,0
RPA2,RMND5A,0
GFI1B,ST8SIA4,0
RPA1,GMIP,0
CBX7,ZBTB20,0
NFAT5,H2-OB,0
CBX7,KAT7,0
CBX7,MYO1F,0
IRF8,THEMIS2,0
RAD51,POLR1B,0
RPA1,KCTD20,0
IRF8,MTR,0
ELF1,OTULINL,0
RPA2,TMEM97,0
RPA1,MYC,0
CBX7,MFSD14B,0
RAD51,EFCC1,0
GFI1B,POLA2,0
RPA2,LDHB,0
NFAT5,SPO11,0
GFI1B,SNAP47,0
NFAT5,F11R,0
MEIS1,YBX1,0
FOXO1,IDH1,0
RPA1,IARS2,0
NFAT5,NDUFV1,0
GFI1B,CSF3R,0
SATB1,DCK,0
MEIS1,TK1,0
GFI1B,CLN5,0
GATA2,MS4A3,0
RAD51,ACOX1,0
HCFC1,JCHAIN,0
CBX7,FOXRED1,0
ELF1,ERLIN1,0
EBF1,CTTN,0
RPA1,TNPO1,0
EBF1,AFAP1L1,0
RPA1,SERPINB6B,0
RAD51,STRAP,0
RAD51,ZFP945,0
RPA1,MYCT1,0
WDR5,NDRG1,0
FOXO1,PSME4,0
SATB1,VIPR2,0
HCFC1,MECOM,0
RPA2,HID1,0
GFI1B,GP9,0
EBF1,SPC25,0
RAD51,SPCS3,0
JUN,POLE,0
NFAT5,RPS6KA5,0
NFAT5,OBSCN,0
EBF1,PLEK,0
IRF8,TNFAIP2,0
CBX7,NPTN,0
IRF8,MCM5,0
FOXO1,RELB,0
WDR5,IFITM1,0
NFAT5,RPTOR,0
HDAC2,CSRP3,0
RPA2,TSPAN3,0
WDR5,CDKN1A,0
ELF1,IRF8,0
RAD51,MR1,0
RPA1,FGL2,0
RAD51,DPP8,0
STAT2,SEC24D,0
EBF1,WDR4,0
RAD51,IRF9,0
RPA1,SFXN1,0
CBX7,PRIM1,0
RPA2,MAMDC2,0
EBF1,SLC43A3,0
RPA1,B230219D22RIK,0
FOXO1,TNFRSF21,0
IRF8,SPCS3,0
FOXO1,ZBTB20,0
CBFB,ANXA3,0
RPA1,TMEM50B,0
RAD51,TMEM246,0
IRF8,PRTN3,0
RAD51,GLRX5,0
EBF1,PRDM16,0
CBX7,AGPS,0
RPA1,TSPAN3,0
CBX7,SEC23IP,0
GATA2,UHRF1,0
CBX7,MKI67,0
GFI1B,SPIDR,0
GATA2,SUSD3,0
RPA2,GSR,0
IRF8,EMILIN1,0
RAD51,VAV1,0
RAD51,FEM1A,0
CBFB,FES,0
WDR5,PYGM,0
RPA2,RFC5,0
JUN,ESAM,0
STAT2,CHCHD10,0
EBF1,LY6C2,0
RPA2,CKAP2L,0
MEIS1,PNCK,0
RPA1,NASP,0
NFAT5,ARL11,0
RPA1,PDE4B,0
SATB1,TRPC6,0
NFAT5,COL4A1,0
NFAT5,ACSS2,0
ELF1,D1ERTD622E,0
NFAT5,NDC1,0
RAD51,PLAG1,0
EBF1,ADGRL4,0
EBF1,GNG2,0
ELF1,IFI44,0
RAD51,PREP,0
IRF8,NDE1,0
RPA1,PLAA,0
RAD51,OASL2,0
CBX7,PLAC8,0
FOXO1,UBE2L6,0
GFI1B,GK,0
RAD51,FLT3,0
GFI1B,BTG2,0
MEIS1,TGTP1,0
HCFC1,MAPK12,0
GATA2,DOK2,0
RPA2,ELMO2,0
FOXO1,TLE2,0
RAD51,CYB5R1,0
FOXO1,TENT5A,0
EBF1,TNFRSF13C,0
RPA1,GANAB,0
GFI1B,ABCG2,0
NFAT5,CDCA8,0
RPA2,CD274,0
STAT2,THSD1,0
WDR5,RORC,0
RAD51,PTCD3,0
GFI1B,SPC25,0
WDR5,PRDM16,0
GFI1B,ADGRL4,0
CBFB,CD244A,0
NFAT5,CTSZ,0
CBX7,USP14,0
NFAT5,HERPUD1,0
GFI1B,ZEB2,0
NFAT5,TM6SF1,0
NFAT5,XPNPEP1,0
RPA2,ARFGEF2,0
NFAT5,CKAP2L,0
RAD51,ATAD1,0
RPA1,PLPPR3,0
RPA1,FCGR2B,0
ELF1,MTO1,0
GFI1B,MAGED2,0
RAD51,MTOR,0
EBF1,MFSD14B,0
SATB1,HLF,0
SATB1,BID,0
ELF1,METTL27,0
RPA1,SLC2A3,0
ELF1,RMND5A,0
FOXO1,PSEN1,0
IRF8,ITM2A,0
EBF1,AKNA,0
EBF1,RFC5,0
FOXO1,TCIRG1,0
RPA2,GATA2,0
FOXO1,IDH3A,0
FOXO1,GNS,0
ELF1,CSF1R,0
NFAT5,ANXA1,0
CBX7,TGTP2,0
EBF1,TOMM70A,0
NFAT5,SDC4,0
FOXO1,PNO1,0
RPA2,H2-DMA,0
EBF1,EFTUD2,0
RPA1,TOP2A,0
IRF8,TENT5A,0
IRF8,PFKFB3,0
RAD51,AHCYL1,0
FOXO1,MECOM,0
EBF1,ANGPT1,0
GATA2,VIPR2,0
IRF8,TRIB3,0
RPA1,TCN2,0
ELF1,DCK,0
RPA1,EMCN,0
NFAT5,SELENOP,0
FOXO1,ATP6AP1,0
RAD51,MAML3,0
EBF1,OTUD6B,0
NFAT5,ANXA3,0
RAD51,TCN2,0
STAT2,VDR,0
EBF1,ACOX1,0
RPA1,MEMO1,0
IRF8,BYSL,0
FOXO1,ORC2,0
ELF1,HUS1,0
ELF1,PRIM1,0
GFI1B,RPS6KA3,0
HCFC1,TM7SF3,0
NFAT5,AGPS,0
IRF8,DCAF13,0
RPA2,ARID5A,0
CBFB,PRDM16,0
HCFC1,OTULINL,0
RPA1,GK,0
FOXO1,PRIM2,0
RPA1,CENPE,0
FOXO1,DUSP1,0
RAD51,SNAP47,0
JUN,TINAGL1,0
IRF8,CISH,0
IRF8,PRPS2,0
RPA1,CD34,0
GFI1B,TAB1,0
NFAT5,ANXA2,0
SATB1,C1RL,0
RAD51,CTSZ,0
NFAT5,NFKBIA,0
MEIS1,TIE1,0
NFAT5,H2-Q6,0
NFAT5,SLC19A1,0
SATB1,SHISA8,0
ELF1,CTSZ,0
RAD51,RFC4,0
RAD51,XRCC6,0
IRF8,TPX2,0
NFAT5,PRR5,0
RAD51,NFAT5,0
NFAT5,MGAT5,0
IRF8,YBX1,0
NFAT5,DDX39,0
WDR5,ADGRL4,0
NFAT5,MTOR,0
SPI1,TGTP1,0
FOXO1,SH3BGRL,0
EBF1,MTUS1,0
SATB1,LYN,0
RPA1,KAT7,0
SATB1,NUPR1,0
WDR5,OAS3,0
NFAT5,FCER1G,0
CBX7,CYBC1,0
NFAT5,CIPC,0
FOXO1,ATAD2,0
SATB1,FCGRT,0
SATB1,F11R,0
RAD51,CYBC1,0
MEIS1,LY86,0
RPA1,IFI209,0
GFI1B,EMILIN1,0
MEIS1,PIM2,0
RPA1,EBI3,0
RPA1,TBC1D10C,0
HCFC1,TBXAS1,0
EBF1,SELENBP1,0
RPA1,POLE,0
RAD21,CASP12,0
MEIS1,RP2,0
NFAT5,PHB2,0
STAT2,FLOT2,0
ELF1,ZFP467,0
CBX7,PADI4,0
RAD51,SSH3,0
EBF1,CCL4,0
NFAT5,TIFAB,0
RAD51,IFRD2,0
GFI1B,ISYNA1,0
RAD51,CD93,0
CBX7,TMEM206,0
EBF1,TMEM173,0
RPA2,FAM91A1,0
NFAT5,CTLA2B,0
RPA1,HEXA,0
RPA2,PPM1G,0
RPA1,OSBPL8,0
IRF8,EEF1E1,0
FOXO1,PHB2,0
RAD51,THSD1,0
MEIS1,NFIA,0
CBX7,FCER1G,0
RAD51,SORL1,0
CBFB,LY86,0
RAD51,PIDD1,0
RPA1,RAB31,0
EBF1,TRPC6,0
EBF1,SOAT1,0
GATA2,CERK,0
EBF1,SLCO4A1,0
EBF1,ATP8B4,0
GATA2,LZTS1,0
IRF8,CKAP2,0
RPA1,MIS18BP1,0
RPA1,TRIM47,0
CBX7,RFC4,0
GFI1B,ARHGAP15,0
RPA2,PNCK,0
GFI1B,CBX7,0
CBX7,FASTKD2,0
RPA1,GTF2H1,0
RAD51,ABCB8,0
JUN,RASSF4,0
RPA1,ARRDC4,0
NFAT5,SGMS1,0
NFAT5,SGPP1,0
CBX7,CASP12,0
GATA2,ROBO4,0
RPA1,TAF12,0
NFAT5,CD48,0
CBFB,CTSF,0
RPA2,PRELID3B,0
EBF1,GRINA,0
CBX7,MTREX,0
RPA1,DLST,0
IRF8,CKAP5,0
FOXO1,GRINA,0
RAD51,RNF38,0
FOXO1,KRT18,0
RAD51,IGTP,0
STAT2,FUT7,0
GATA2,SLC19A1,0
NFAT5,ENG,0
IKZF1,HDC,0
RAD51,SLC29A1,0
NFAT5,GLRX5,0
RPA2,SELENBP1,0
SATB1,EFCC1,0
RAD51,CENPK,0
IKZF1,SLPI,0
FOXO1,CSGALNACT1,0
EBF1,MYO1F,0
NFAT5,MAN2A2,0
MEIS1,UBE2L6,0
RPA2,RPRD1B,0
NFAT5,5430427O19RIK,0
RPA2,H2AFX,0
GFI1B,GPR160,0
RPA1,TUBGCP2,0
EBF1,ANXA5,0
RPA2,RIN3,0
RAD51,4833439L19RIK,0
GATA2,RB1,0
CBX7,UBE2L6,0
IRF8,ORC2,0
RPA1,MAPKAPK3,0
IRF8,FLNA,0
IRF8,MOGS,0
FOXO1,GM5111,0
STAT2,GPR65,0
IRF8,TOPORS,0
RPA2,FCER1G,0
FOXO1,TOP2A,0
RPA1,OTULINL,0
GATA2,YBX3,0
IRF8,IPO9,0
EBF1,GMCL1,0
RPA2,STRAP,0
NFAT5,CDK18,0
ELF1,SFXN1,0
GFI1B,PCMTD2,0
GFI1B,PLXNC1,0
ELF1,SPC24,0
RPA2,TBL3,0
MEIS1,GM5111,0
GFI1B,HDC,0
GFI1B,GNG12,0
STAT2,PPP1R9A,0
IRF8,NCAPG,0
HCFC1,NUAK2,0
RPA2,ANKRD44,0
RPA1,PRTN3,0
NFAT5,BTK,0
RPA1,ELP2,0
RPA2,RAB37,0
RAD51,TGFBR1,0
HCFC1,SERPINA3G,0
GATA2,NDN,0
RPA2,CDK18,0
NFAT5,HDAC11,0
EBF1,CRISPLD1,0
RPA1,SNX30,0
IRF8,NDC1,0
SATB1,APBB1,0
RPA1,CRISPLD1,0
NFAT5,GIMAP8,0
EBF1,YPEL3,0
WDR5,GNG12,0
FOXO1,IFI44,0
RPA2,MYCT1,0
MEIS1,THSD1,0
FOXO1,PHF5A,0
CBX7,RANGAP1,0
RAD51,DDX1,0
EBF1,SMPD4,0
HDAC2,PLAC8,0
SATB1,POLA2,0
IRF8,CDC7,0
RPA1,FLNA,0
NFAT5,MCM6,0
FOXO1,HDGFL3,0
CBFB,EMCN,0
RAD51,TFRC,0
RAD51,NMD3,0
GFI1B,PDE4B,0
RPA2,CD69,0
FOXO1,CPA3,0
NFAT5,HDGFL3,0
RPA2,MYO1G,0
CBX7,SPO11,0
MEIS1,CNIH1,0
EBF1,TNFRSF21,0
RPA1,FCHO2,0
RAD51,MPL,0
MEIS1,OASL2,0
FOXO1,KCTD20,0
RPA2,JUN,0
FOXO1,NEURL3,0
RPA1,ITM2A,0
RAD51,DDX60,0
EBF1,HDGF,0
IRF8,4833439L19RIK,0
FOXO1,EDEM1,0
RPA2,ATP1B3,0
IRF8,LY9,0
CBX7,HIF3A,0
SATB1,RASSF4,0
RPA1,BCAP29,0
FOXO1,TMEM154,0
RAD51,FGGY,0
CBFB,NFIA,0
MEIS1,IRF6,0
RPA1,CD244A,0
GFI1B,IDH3A,0
FOXO1,ARL8B,0
SATB1,REXO2,0
CBX7,SLC2A3,0
RPA2,PTPRS,0
ELF1,MMRN1,0
FOXO1,FGGY,0
FOXO1,PPM1G,0
GFI1B,HERPUD1,0
RAD51,RPN1,0
ELF1,TNFRSF13C,0
IRF8,MCM2,0
NFAT5,REXO4,0
RPA1,SPPL2B,0
RAD51,PARVG,0
CBX7,EIF1AD,0
RPA2,EML4,0
EBF1,MCM10,0
SPI1,EPB41L4B,0
MEIS1,SDC4,0
GFI1B,GRINA,0
GFI1B,MPL,0
IKZF1,MYL10,0
STAT2,STX3,0
NFAT5,ODC1,0
RPA1,CNN3,0
ELF1,MYL10,0
CBX7,JPT2,0
NFAT5,TMEM229B,0
RAD21,GM5111,0
FOXO1,XPC,0
CBX7,ALDH9A1,0
SATB1,CHCHD10,0
GFI1B,F2R,0
RPA2,RRM2,0
MYC,B3GNT5,0
HCFC1,ITM2A,0
RPA1,PITPNC1,0
IKZF1,CD9,0
CBFB,IFI44,0
EBF1,FSTL1,0
FOXO1,EMB,0
GFI1B,TM6SF1,0
IRF8,AHCYL1,0
RAD51,GMCL1,0
ELF1,KPNA3,0
NFAT5,SCARB1,0
RAD51,HJURP,0
RPA1,FCER1G,0
EBF1,GABBR1,0
RAD21,CDKN1C,0
EBF1,RBPMS,0
ELF1,PRC1,0
RAD51,PLSCR4,0
RAD51,KLF6,0
WDR5,TSPOAP1,0
MEIS1,CDC7,0
FOXO1,PCLAF,0
CBX7,TMEM184C,0
RAD51,TYROBP,0
FOXO1,PRPF4,0
RAD51,ARL6IP6,0
FOXO1,CIPC,0
IRF8,ACSS1,0
ELF1,RETREG1,0
FOXO1,ARID5A,0
RPA1,MS4A6C,0
RPA1,GRK3,0
RPA1,TNFRSF21,0
RAD51,MS4A6C,0
ELF1,GGTA1,0
CBX7,NFKBIA,0
RPA1,UBAC1,0
RPA1,ALDH9A1,0
FOXO1,TRPS1,0
NFAT5,MCM7,0
RPA1,CLTC,0
SPI1,EMCN,0
RPA1,METTL27,0
RPA2,KNSTRN,0
RPA2,MPZL1,0
RAD51,CDCA5,0
NFAT5,RNF38,0
EBF1,ITM2A,0
IRF8,EMID1,0
GFI1B,CYP2J9,0
RPA2,EPRS,0
IRF8,ORC6,0
GFI1B,EPAS1,0
NFAT5,FBXO5,0
FOXO1,CBX7,0
FOXO1,CD93,0
RPA2,B3GNT5,0
RAD51,PLA2G12A,0
ELF1,MTR,0
FOXO1,GALNT6,0
NFAT5,METTL27,0
GFI1B,NAP1L3,0
FOXO1,DHRS3,0
HCFC1,CD93,0
SATB1,TSPAN2,0
STAT2,TEAD2,0
SATB1,APLP2,0
RPA2,TGTP2,0
ELF1,ITCH,0
CBFB,OBSL1,0
RPA2,NUDCD1,0
RPA1,DOCK11,0
HCFC1,GM1966,0
FOXO1,GALNS,0
RAD51,LY6A,0
RAD51,HAT1,0
CBX7,NUDT4,0
GFI1B,NKG7,0
JUN,PKIB,0
GFI1B,DDX39,0
RPA1,CCR2,0
FOXO1,ADGRL4,0
CBX7,MSH6,0
NFAT5,TMEM246,0
HCFC1,BATF2,0
RPA2,CAD,0
FOXO1,NUP155,0
IRF8,HP,0
ELF1,BACE1,0
EBF1,TLE2,0
CBX7,MXD3,0
GATA2,H2-OB,0
NFAT5,GTF2F1,0
HCFC1,PRR5,0
WDR5,GCNT2,0
SATB1,CD63,0
NFAT5,MAPKAPK3,0
NFAT5,SERPINB9,0
FOXO1,SOCS2,0
EBF1,ELAC2,0
ELF1,ADA,0
IRF8,SLPI,0
NFAT5,MIS12,0
RPA1,CENPF,0
CBX7,ITCH,0
RPA2,ITSN1,0
GFI1B,INCENP,0
FOXO1,LACTB,0
RPA2,ISG20,0
RPA2,ATP8B4,0
CBX7,XAF1,0
RPA1,DNM1L,0
FOXO1,SLC43A3,0
RPA1,CBFB,0
NFAT5,PPP1R9A,0
ELF1,SMPD4,0
STAT2,TBXAS1,0
GATA2,IFI209,0
NFAT5,PSME3,0
RPA2,GMIP,0
GFI1B,GOLPH3,0
NFAT5,MFSD1,0
NFAT5,OSBPL1A,0
NFAT5,IRGM2,0
RPA1,FOXO1,0
GFI1B,ANKRD44,0
STAT2,BTK,0
CBX7,TTF2,0
IRF8,PECAM1,0
RPA1,TMEM246,0
EBF1,PHF5A,0
ELF1,GABBR1,0
EBF1,LTB,0
SATB1,TINAGL1,0
GFI1B,IL12A,0
ELF1,NAV1,0
RPA1,UBE2C,0
RPA2,JPT1,0
IRF8,IL6ST,0
CBX7,NDUFA10,0
CBX7,TACC3,0
GATA2,MYCN,0
IRF8,LYN,0
MEIS1,RAB38,0
CBX7,FAM136A,0
SATB1,ZBTB16,0
STAT2,MUC13,0
MEIS1,CHCHD10,0
SATB1,LY6A,0
RPA2,UQCRFS1,0
HCFC1,HID1,0
GFI1B,SLCO3A1,0
NFAT5,TK1,0
WDR5,ARL11,0
RPA1,ABCE1,0
EBF1,GIMAP8,0
MEIS1,MEMO1,0
WDR5,ANGPT1,0
EBF1,CCR2,0
SATB1,UPP1,0
NFAT5,PRELID3B,0
RPA2,PLA2G15,0
RAD51,RIN3,0
FOXO1,EPAS1,0
RPA2,ATP6AP1,0
NFAT5,SLC30A5,0
RAD51,TFR2,0
RPA2,CUL3,0
STAT2,CLEC12A,0
FOXO1,CEP55,0
JUN,CAND2,0
EBF1,ACOT9,0
FOXO1,RUVBL2,0
RPA2,NKG7,0
ELF1,SLA,0
IRF8,NASP,0
FOXO1,TCN2,0
IRF8,ALDH9A1,0
RAD51,MIS12,0
RPA1,CREB5,0
CBX7,SLC7A4,0
RAD51,APLP2,0
ELF1,EFCC1,0
ELF1,FSTL1,0
FOXO1,PRTN3,0
WDR5,SOCS2,0
RPA1,RPS6KA3,0
RPA2,BDH2,0
RPA1,UPP1,0
NFAT5,ITM2A,0
RPA1,UBR7,0
FOXO1,CD34,0
RPA1,CD93,0
ELF1,PRDM16,0
SATB1,CASP1,0
CBX7,ARFGEF2,0
CBX7,ICAM1,0
RPA2,PSMD6,0
NFAT5,NUDT4,0
MYC,CTSG,0
RPA2,EIF4ENIF1,0
IRF8,CBX5,0
JUN,SORT1,0
GFI1B,TBC1D10C,0
RPA2,RARB,0
RPA1,NCAPG2,0
RPA2,ASF1B,0
RPA1,SOX18,0
WDR5,TLE2,0
RPA1,TEAD2,0
RAD51,PLEKHO2,0
STAT2,NFIA,0
RAD51,ATP8B4,0
IRF8,KLF6,0
NFAT5,HELLS,0
RPA1,STOM,0
CBX7,RCOR1,0
CBX7,SOAT1,0
RAD51,FAM102B,0
RPA1,PIP4K2A,0
ELF1,ADGRL4,0
JUN,CPA3,0
FOXO1,TECPR1,0
STAT2,H2-AA,0
EBF1,NUP88,0
RPA1,MECOM,0
GFI1B,TIE1,0
FOXO1,TRIM30D,0
RPA1,MTMR4,0
MEIS1,IFI203,0
SATB1,TPM4,0
RPA2,ARL6IP6,0
ELF1,CCR2,0
RAD51,NPDC1,0
RAD51,PSME4,0
RPA2,IFI209,0
FOXO1,GK,0
RAD51,YBX1,0
RPA2,GNS,0
RPA2,PSME4,0
FOXO1,SZT2,0
RPA1,SNRNP200,0
MEIS1,LPCAT2,0
RPA1,1700017B05RIK,0
GFI1B,BC035044,0
EBF1,DDX21,0
IRF8,DEF8,0
MEIS1,TMEM173,0
EBF1,ZFP367,0
RAD51,SPNS2,0
IRF8,LRRC8B,0
IRF8,GGTA1,0
GFI1B,CPA3,0
ELF1,GM4951,0
RPA1,PRKCD,0
WDR5,TSC22D3,0
RAD51,GPR160,0
WDR5,ZBTB16,0
RPA1,SERPINB1A,0
EBF1,SLC20A1,0
IRF8,MAP4K2,0
RPA1,CSGALNACT2,0
GFI1B,AP3S1,0
RPA2,COQ8A,0
IRF8,LMO4,0
MEIS1,NUDT4,0
STAT2,H2-DMA,0
CBX7,PSME4,0
EBF1,ITGAL,0
RPA1,NAPRT,0
NFAT5,STT3B,0
NFAT5,NOLC1,0
RAD51,MTHFD1,0
RPA1,TPM4,0
CBX7,OASL2,0
JUN,MPO,0
EBF1,TOP2A,0
STAT2,SGCE,0
SATB1,ZFP367,0
RPA1,ENG,0
ELF1,MS4A3,0
ELF1,CTSO,0
FOXO1,ENG,0
RPA2,DNAJC10,0
IRF8,SEC23IP,0
NFAT5,IFI209,0
RPA1,NCLN,0
ELF1,BC005561,0
EBF1,EPB41L4B,0
NFAT5,ALDH9A1,0
HCFC1,RAB31,0
JUN,CASP12,0
NFAT5,CBX5,0
SATB1,ADGRL4,0
NFAT5,IL6ST,0
IRF8,PLPPR3,0
IKZF1,TBC1D2B,0
RAD51,RRM2,0
CBX7,TSPOAP1,0
NFAT5,CD44,0
RPA1,HSPA4,0
EBF1,HNRNPLL,0
RAD51,ECT2,0
FOXO1,MCM6,0
CBX7,ITPR1,0
WDR5,RAB44,0
GFI1B,SYTL1,0
RAD51,MARS,0
CBX7,ADGRG3,0
FOXO1,PBX1,0
FOXO1,EGR1,0
RPA1,CYP2J9,0
WDR5,FSTL1,0
FOXO1,BIRC5,0
MEIS1,EMCN,0
SATB1,PKIB,0
NFAT5,SARAF,0
CBX7,TOR3A,0
EBF1,EPSTI1,0
GFI1B,ZBTB38,0
GFI1B,EPB41L4B,0
RPA1,WDR4,0
NFAT5,NAPSA,0
IRF8,MKI67,0
RPA1,SHCBP1,0
IRF8,CD52,0
RAD51,CTPS,0
NFAT5,FIGNL1,0
IRF8,MPL,0
CBFB,SNAP23,0
FOXO1,SHMT1,0
CBX7,DNAJC9,0
WDR5,HDAC7,0
ELF1,GK,0
RPA1,TARS,0
NFAT5,ORC2,0
GFI1B,TENT5A,0
RPA1,TBC1D9B,0
RPA1,GNG12,0
FOXO1,TIMM50,0
NFAT5,ITCH,0
GFI1B,TIMM50,0
RPA1,USP11,0
WDR5,MS4A6C,0
GFI1B,EIF4ENIF1,0
GATA2,OTULINL,0
EBF1,TNPO1,0
RAD51,SYK,0
GFI1B,IIGP1,0
IKZF1,PPP1R9A,0
RPA1,OASL2,0
EBF1,CAPG,0
GATA2,THSD1,0
NFAT5,XRCC6,0
IRF8,SLC37A1,0
MEIS1,ARHGEF18,0
CBX7,MYO5A,0
SATB1,NUSAP1,0
RPA1,STT3A,0
FOXO1,GNG12,0
EBF1,IFI44,0
ELF1,FCGR3,0
MEIS1,MKI67,0
FOXO1,NARS,0
RPA1,MCOLN2,0
RAD51,RRM1,0
RAD51,POLA2,0
MYC,PECAM1,0
FOXO1,THSD1,0
NFAT5,RAP1B,0
WDR5,RBPMS,0
CBX7,ATP6AP1,0
FOXO1,PGLYRP2,0
CBX7,HACD3,0
GATA2,SELL,0
RPA1,CDT1,0
STAT2,MEIS1,0
NFAT5,POLE3,0
GATA2,CD74,0
SATB1,SPNS2,0
WDR5,SERPINB6B,0
STAT2,TSPOAP1,0
RPA1,GPD1L,0
SATB1,MTOR,0
CBX7,PRR5,0
IRF8,CAMK2D,0
ELF1,NUP85,0
RAD51,USP37,0
FOXO1,IIGP1,0
GATA2,PIDD1,0
IRF8,HNRNPAB,0
WDR5,CD63,0
FOXO1,HID1,0
CBX7,GBP3,0
NFAT5,SZT2,0
ELF1,SLC22A3,0
RPA2,LAPTM4B,0
FOXO1,SEC24D,0
RPA2,CLEC12A,0
RPA2,CD63,0
EBF1,TGM2,0
IRF8,MAN2A2,0
RPA2,CTSG,0
FOXO1,IFI27L2A,0
MYC,SPO11,0
RPA1,KCNK5,0
HCFC1,MUC13,0
RAD51,SYTL1,0
NFAT5,ERCC8,0
FOXO1,SGPP1,0
NFAT5,MYB,0
MEIS1,ENG,0
RPA1,GBP3,0
RPA2,SLA,0
EBF1,LZTS1,0
FOXO1,BDH2,0
RAD51,NCLN,0
CBFB,TLR4,0
RAD51,H2-OB,0
ELF1,ARFGEF2,0
FOXO1,DNAJC9,0
NFAT5,CERS4,0
IRF8,DTL,0
RAD51,H2-DMA,0
RPA2,ALDOC,0
RAD51,GTF2F1,0
FOXO1,ABCG2,0
NFAT5,RELB,0
CBX7,ARHGEF39,0
RPA1,GCNT2,0
RAD51,HMGB2,0
EBF1,ABCG2,0
RPA1,ATG12,0
FOXO1,RPRD1B,0
ELF1,PBK,0
EBF1,CDCA8,0
NFAT5,CD63,0
RPA1,ORC6,0
IRF8,GIMAP8,0
MEIS1,CD52,0
RAD51,UBA2,0
STAT2,HIF3A,0
RAD51,NAPSA,0
FOXO1,HEXA,0
EBF1,HDAC11,0
GATA2,PTGS1,0
EBF1,PADI4,0
ELF1,ERCC8,0
EBF1,HERPUD1,0
IRF8,SETD2,0
RAD51,CSRP3,0
RPA1,PANX1,0
RAD51,SF3B3,0
RPA1,CAMK2D,0
FOXO1,CAD,0
ELF1,DDX60,0
ELF1,PLAG1,0
RPA1,CKAP2,0
RAD21,TGTP1,0
RAD51,PTTG1IP,0
IKZF1,CSAD,0
RPA2,POLE3,0
IRF8,ECT2,0
WDR5,EFCC1,0
RAD51,SLC20A1,0
EBF1,HYOU1,0
NFAT5,HID1,0
CBX7,SCARB1,0
FOXO1,EML4,0
RPA2,JARID2,0
RAD51,MAD2L1,0
RPA1,THEMIS2,0
CBFB,SLC7A4,0
RPA1,INTS8,0
RPA1,PTPRE,0
WDR5,UPP1,0
SATB1,ATP6AP1,0
JUN,LTB,0
IKZF1,ATP6AP1,0
FOXO1,NUBP2,0
RAD51,SNRPB,0
ELF1,MYB,0
RPA2,GNG11,0
RPA2,SGCE,0
RAD51,BUB1,0
RAD51,PSMD9,0
RPA2,MECOM,0
RAD21,CTSG,0
RPA2,ADSSL1,0
IRF8,PARP8,0
RPA1,PECAM1,0
SATB1,WDR4,0
RPA2,TSPAN2,0
GFI1B,EYA2,0
FOXO1,ARFGEF2,0
NFAT5,CAD,0
MEIS1,DOCK11,0
GATA2,PLAC8,0
RPA2,ENPP5,0
HDAC2,LY6C2,0
IRF8,AKNA,0
MYC,CSF3R,0
NFAT5,SORT1,0
CBX7,INO80D,0
RAD51,FES,0
WDR5,MFNG,0
RPA2,FARSB,0
EBF1,PLXNC1,0
FOXO1,PDE4D,0
EBF1,SERP1,0
RAD51,NOLC1,0
RAD21,IFI44,0
STAT2,SMPDL3A,0
IKZF1,TRPC6,0
FOXO1,TOR3A,0
IRF8,ARID2,0
NFAT5,RAD51AP1,0
ELF1,MXD3,0
GATA2,LPCAT2,0
RPA2,CERS6,0
HCFC1,RAB44,0
NFAT5,RBPMS,0
RPA2,MKI67,0
RAD51,NPTN,0
RPA2,ABL1,0
MEIS1,PYGM,0
JUN,ACSS1,0
RAD51,HID1,0
NFAT5,UPP1,0
NFAT5,TMX3,0
SPI1,OBSCN,0
RPA1,NUAK2,0
CBX7,FLNA,0
NFAT5,RAB31,0
FOXO1,NMD3,0
GATA2,SLC28A2,0
EBF1,KAT7,0
FOXO1,MFSD14B,0
IRF8,MFSD10,0
RPA1,ICAM1,0
NFAT5,AKNA,0
NFAT5,CYB5R1,0
RPA2,F11R,0
NFAT5,TMEM43,0
RPA1,MTFR1,0
RPA2,IL12A,0
RPA2,PANX1,0
FOXO1,CYC1,0
IKZF1,MYCT1,0
RPA1,ISG20,0
CBX7,IL21R,0
FOXO1,DDX1,0
CBX7,CERS4,0
IRF8,CASP12,0
IRF8,TMEM43,0
IRF8,ADORA2A,0
NFAT5,TBC1D9B,0
CBX7,TRIB3,0
RPA1,RFC4,0
MYC,RTP4,0
SATB1,H1F0,0
EBF1,PRIM2,0
GFI1B,IGTP,0
ELF1,CNN3,0
RPA1,ME2,0
ELF1,TIPIN,0
RPA1,LPCAT2,0
STAT2,EMID1,0
ELF1,GEMIN5,0
RPA1,REXO2,0
RAD51,CTSO,0
IRF8,HCFC1,0
NFAT5,SERPINB1A,0
FOXO1,FAM136A,0
RPA2,GPR160,0
WDR5,FCER1G,0
RPA1,RORA,0
FOXO1,CERS4,0
RPA1,IRF7,0
RAD21,LY6A,0
MEIS1,PLPPR3,0
GFI1B,WDR55,0
RPA2,TRIM16,0
ELF1,STX3,0
EBF1,IFI203,0
RPA1,ACOX1,0
RPA2,VIPR2,0
SATB1,PTGR1,0
GATA2,TMEM176A,0
SATB1,CCR2,0
RPA1,ARID5A,0
RPA1,UBASH3A,0
STAT2,ZBTB16,0
CBX7,SLC25A38,0
RPA1,RAD51,0
CBFB,GATM,0
WDR5,LRRC8B,0
NFAT5,MAPK1,0
MYC,TIE1,0
RPA1,HDAC2,0
GATA2,GM5111,0
RPA2,MAGED2,0
GFI1B,ZFP945,0
IRF8,EFCC1,0
RPA1,TMEM184C,0
EBF1,B230219D22RIK,0
EBF1,LDHB,0
NFAT5,JPT2,0
MEIS1,MS4A3,0
FOXO1,LGALS1,0
NFAT5,ATP10A,0
SATB1,EZR,0
GATA2,IFITM1,0
EBF1,EGR1,0
NFAT5,RORA,0
RPA1,GOLIM4,0
RPA2,PITPNC1,0
CBX7,SH3BGRL,0
IRF8,POR,0
GFI1B,GNS,0
EBF1,TBC1D9B,0
CBX7,PRPF4,0
RPA2,HNRNPAB,0
RAD51,NUDCD1,0
RAD51,TRIM30D,0
RPA1,RAB38,0
IRF8,TFRC,0
RPA1,MGAT1,0
ELF1,TMEM37,0
CBX7,ZFP451,0
RPA2,ATRN,0
EBF1,SLC22A3,0
ELF1,GNG11,0
NFAT5,ITIH5,0
EBF1,MEIS1,0
GFI1B,TBC1D9B,0
HCFC1,MYO1F,0
RAD51,PHF10,0
RPA2,SYK,0
NFAT5,STRAP,0
HCFC1,EPAS1,0
STAT2,ESAM,0
RPA1,ACAA2,0
RAD51,ALDH9A1,0
EBF1,USP14,0
CBX7,OTUD6B,0
RPA2,TEX10,0
RPA1,GNG11,0
GATA2,CYP2J6,0
RPA2,PBK,0
RPA2,YBX1,0
EBF1,UBE2C,0
GFI1B,CTTN,0
ELF1,PLSCR4,0
STAT2,CD300A,0
RAD51,RAB31,0
RPA2,UTP4,0
GFI1B,CASP12,0
NFAT5,RAB38,0
ELF1,ARID3B,0
MEIS1,PUS7,0
FOXO1,SRM,0
EBF1,KIF20B,0
EBF1,TENT5A,0
NFAT5,POLR2B,0
NFAT5,SF3B3,0
MEIS1,SF3B3,0
JUN,AURKB,0
EBF1,TBL3,0
EBF1,F11R,0
WDR5,HK3,0
RAD51,CTC1,0
EBF1,TPM4,0
HCFC1,SLC28A2,0
FOXO1,RNF122,0
RPA2,ZDHHC13,0
RAD51,SLC30A5,0
FOXO1,NOL9,0
WDR5,GRK3,0
IRF8,PRSS57,0
CBX7,RMND5A,0
EBF1,ISG20,0
JUN,ELANE,0
FOXO1,XRCC3,0
RPA1,DEK,0
NFAT5,EIF4ENIF1,0
RPA2,MIEF1,0
GFI1B,PGLYRP2,0
FOXO1,ZDHHC13,0
FOXO1,RAP1B,0
RPA1,F2R,0
RPA2,DEK,0
EBF1,SPIDR,0
RPA2,MTREX,0
RAD51,OSGIN1,0
RPA2,RETREG1,0
NFAT5,SUSD3,0
HCFC1,SELENOP,0
RPA1,RUVBL2,0
IRF8,STX3,0
EBF1,SH2D5,0
FOXO1,S100A6,0
NFAT5,D1ERTD622E,0
CBX7,SLC37A1,0
STAT2,HAAO,0
CBX7,RTEL1,0
CBX7,CD53,0
RPA1,GCLC,0
EBF1,HDGFL3,0
SATB1,NFIA,0
GFI1B,GEMIN5,0
CBX7,NUP85,0
RAD51,UQCRFS1,0
GFI1B,E2F4,0
WDR5,TYROBP,0
GFI1B,PHKB,0
GFI1B,RPS6KA5,0
WDR5,PHF10,0
CBX7,TEAD2,0
CBFB,CASP1,0
RPA1,FLT3,0
IKZF1,CLEC4E,0
EBF1,LGALS1,0
WDR5,ANXA3,0
CBX7,ATP1B3,0
IRF8,DDX21,0
EBF1,CUL3,0
STAT2,DOCK11,0
EBF1,REXO2,0
STAT2,PNCK,0
RPA2,TOP3B,0
RPA1,FUT7,0
RPA2,VKORC1L1,0
STAT2,ARHGAP15,0
IRF8,MCOLN2,0
RPA1,SPO11,0
NFAT5,ST8SIA4,0
EBF1,CTSZ,0
FOXO1,MCM3,0
RAD51,GMNN,0
EBF1,SLC16A1,0
NFAT5,TNFRSF13C,0
ELF1,OBSL1,0
FOXO1,STXBP4,0
RPA2,OBSL1,0
RAD51,PTGS1,0
EBF1,CHORDC1,0
FOXO1,FAR1,0
RAD51,TMEM154,0
GFI1B,GRIA3,0
NFAT5,KNSTRN,0
RAD51,PAK1,0
CBX7,CSF3R,0
ELF1,CSRP3,0
NFAT5,RABGGTB,0
NFAT5,DDX58,0
ELF1,C1RL,0
FOXO1,FLOT2,0
FOXO1,SDF2L1,0
EBF1,ODC1,0
JUN,GUCY1A1,0
FOXO1,SYTL1,0
NFAT5,SPTBN1,0
NFAT5,CD53,0
RPA2,ABCG3,0
IKZF1,C1RL,0
NFAT5,IRF9,0
EBF1,LMO4,0
RPA1,IRF9,0
RAD51,PPM1G,0
RPA2,RANGAP1,0
RPA2,KIF17,0
RAD51,MCM4,0
RPA1,TSC22D1,0
GATA2,LTB,0
RAD51,JUN,0
FOXO1,NPTN,0
EBF1,HEXA,0
CBX7,TMEM43,0
RAD51,RBPMS,0
GFI1B,SPNS3,0
FOXO1,ADGRG3,0
FOXO1,KIF17,0
GFI1B,PIDD1,0
FOXO1,PTGS1,0
RPA2,MTR,0
FOXO1,HUS1,0
HCFC1,SELL,0
FOXO1,PRDM16,0
EBF1,UBAC1,0
MEIS1,TMX3,0
FOXO1,SFXN1,0
WDR5,SELENBP1,0
RPA1,PSTPIP1,0
RPA2,DTL,0
IRF8,ADSSL1,0
ELF1,TGTP1,0
NFAT5,UAP1,0
CBX7,CD93,0
NFAT5,STX3,0
CBX7,PATL1,0
FOXO1,ATP11C,0
EBF1,XPNPEP1,0
RPA2,APBB1,0
EBF1,SMARCA2,0
RAD51,PRKCQ,0
NFAT5,MAGED2,0
RAD51,ELF1,0
RAD51,NCAPG,0
RPA2,TES,0
EBF1,JCHAIN,0
WDR5,SHISA8,0
RPA2,PLAG1,0
FOXO1,GNG11,0
NFAT5,LY6C2,0
WDR5,SLPI,0
MEIS1,CD9,0
RPA2,DHX33,0
CBX7,NUBP2,0
SATB1,THSD1,0
RAD51,SEH1L,0
GFI1B,TBL3,0
IRF8,ITPR1,0
ELF1,MAPK12,0
GFI1B,C1RL,0
EBF1,SNAP23,0
RPA2,THEMIS2,0
RAD51,CD44,0
RPA2,SELENOP,0
EBF1,PLAA,0
CBX7,NUPR1,0
SATB1,CSGALNACT1,0
GFI1B,SELL,0
FOXO1,SDC4,0
RAD51,CCNB1,0
RAD51,ACSS2,0
STAT2,CTTN,0
RPA1,KIF20B,0
WDR5,GSR,0
IRF8,TIE1,0
RPA1,ADORA2A,0
MEIS1,USP11,0
RPA2,USP37,0
RPA2,CS,0
CBFB,H2-OB,0
IRF8,GNG12,0
IKZF1,PLPPR3,0
SATB1,ADA,0
HCFC1,TSPAN2,0
NFAT5,ALDOC,0
EBF1,POLE,0
NFAT5,FES,0
NFAT5,RRM2,0
RAD51,GUCY1A1,0
GFI1B,CDKN1C,0
RPA2,HYOU1,0
FOXO1,BCL2,0
WDR5,LY6C2,0
RPA2,PLEK,0
IRF8,ERCC8,0
RPA2,PCLAF,0
MEIS1,JCHAIN,0
WDR5,ART4,0
SATB1,SIRPA,0
NFAT5,UMPS,0
NFAT5,MTMR1,0
IRF8,TFR2,0
CBX7,TYMS,0
NFAT5,MS4A6C,0
NFAT5,TMEM37,0
RPA1,CYC1,0
FOXO1,MIEF1,0
FOXO1,TMEM50B,0
ELF1,RPS6KA5,0
CBX7,SVIP,0
FOXO1,MAN2A2,0
RPA1,CYP2J6,0
GFI1B,ADGRG3,0
RAD51,IRF7,0
EBF1,ARHGAP15,0
RPA2,DUSP1,0
CBX7,LIG1,0
EBF1,BACE1,0
RPA1,API5,0
JUN,HDAC11,0
RAD51,ABHD17B,0
MEIS1,CLPTM1L,0
NFAT5,PSTPIP1,0
GFI1B,HDGFL3,0
HCFC1,MCOLN2,0
NFAT5,MS4A3,0
CBFB,HDC,0
GFI1B,PSMD6,0
RPA1,TM7SF3,0
GFI1B,PLA2G15,0
EBF1,SLC44A2,0
RPA1,SLC7A4,0
RPA1,RBPMS,0
RPA2,SEH1L,0
EBF1,CD52,0
CBFB,IGSF6,0
MYC,HDC,0
FOXO1,LY9,0
IRF8,ELOVL5,0
EBF1,CENPA,0
RPA2,PPP1R15A,0
RAD51,CDKN1C,0
WDR5,GP9,0
RAD51,NUDT4,0
RAD51,CD34,0
RPA2,DNAJC5,0
NFAT5,CD69,0
HCFC1,CASP12,0
NFAT5,RASA4,0
FOXO1,LMO4,0
STAT2,MPO,0
CBX7,GOLT1B,0
NFAT5,RCOR1,0
MEIS1,IL17RA,0
FOXO1,DDX58,0
SATB1,MAGED2,0
FOXO1,SHCBP1,0
FOXO1,CERS6,0
RPA1,TMEM176A,0
EBF1,SPO11,0
FOXO1,TMX4,0
STAT2,GRIA3,0
RPA2,NDUFA10,0
IRF8,HERPUD1,0
ELF1,LDHB,0
RPA2,UBR7,0
NFAT5,TYMS,0
FOXO1,CHRNB1,0
EBF1,CNRIP1,0
CBX7,PLEK,0
FOXO1,ALDOC,0
HCFC1,VIPR2,0
RAD51,TRMT6,0
NFAT5,RGCC,0
WDR5,OBSL1,0
MEIS1,MNS1,0
RPA2,OBSCN,0
CBX7,DCAF13,0
RPA2,SIRPA,0
IRF8,SLC16A1,0
NFAT5,TEX10,0
RAD51,CDK18,0
EBF1,CSF3R,0
RAD51,CCNA2,0
RAD51,CD74,0
IRF8,EYA2,0
RPA2,CLN5,0
RPA2,PCMTD1,0
IKZF1,ADGRL4,0
RPA1,LAP3,0
CBX7,NCAPH,0
IKZF1,CDKN1C,0
RPA1,IL27RA,0
GFI1B,NWD1,0
IRF8,DNAJC5,0
GATA2,IRF8,0
NFAT5,GNL3,0
IRF8,APLP2,0
MYC,MPL,0
ELF1,EML4,0
SATB1,EMID1,0
FOXO1,PRKCQ,0
SATB1,EBI3,0
RPA2,TMX4,0
MEIS1,IGSF6,0
IRF8,9430015G10RIK,0
FOXO1,CD68,0
NFAT5,MBNL3,0
ELF1,ELANE,0
CBX7,TIMM29,0
MEIS1,TRIM30D,0
RPA1,TBXAS1,0
NFAT5,TBC1D10C,0
RPA2,KIF13A,0
RAD51,UTP4,0
NFAT5,MPI,0
CBX7,SERPINB6A,0
ELF1,CTSG,0
FOXO1,ENPP5,0
NFAT5,GRK3,0
NFAT5,NUP85,0
RPA2,TRIB3,0
RPA1,AP1S2,0
NFAT5,ZFP24,0
WDR5,GUCY1A1,0
RAD51,SHMT1,0
RPA2,S100A6,0
ELF1,GM5111,0
RAD51,PDIA4,0
CBX7,ANXA1,0
FOXO1,E2F8,0
IRF8,UQCRFS1,0
RPA2,PECAM1,0
ELF1,GP9,0
RAD51,TNFAIP2,0
CBX7,USP42,0
NFAT5,ATP6AP2,0
CBX7,NAMPT,0
EBF1,TUBGCP2,0
RPA2,WDHD1,0
NFAT5,B230219D22RIK,0
RAD51,ITPR1,0
IRF8,SARAF,0
NFAT5,NAMPT,0
RPA1,GIMAP8,0
CBX7,RGS19,0
FOXO1,SERPINB1A,0
RAD51,HLF,0
RAD51,BYSL,0
IRF8,CDK18,0
RPA2,ZFP36,0
RPA2,GFI1B,0
CBX7,NADK,0
HDAC2,BTK,0
FOXO1,NDUFS1,0
RPA2,ESAM,0
NFAT5,RCC1,0
RPA2,XPC,0
NFAT5,NUP93,0
RPA2,ADA,0
EBF1,EBI3,0
RAD51,ATP1B3,0
HDAC2,CRISPLD1,0
RPA1,FIGNL1,0
RPA1,RORC,0
IKZF1,SSH3,0
RPA2,DNAJC9,0
NFAT5,SOAT1,0
EBF1,ICAM1,0
RPA2,RHOF,0
MEIS1,MAGED2,0
HCFC1,CLEC4E,0
EBF1,API5,0
NFAT5,PLEKHO2,0
MEIS1,H2-Q6,0
CBX7,NUP93,0
RPA2,TECPR1,0
RPA2,RGS19,0
EBF1,PHB2,0
RAD51,MXD3,0
EBF1,NADK,0
FOXO1,CLPTM1L,0
RAD51,COPB1,0
SATB1,NPLOC4,0
STAT2,MTUS1,0
RPA2,SOX18,0
MEIS1,CTSF,0
IRF8,MICU1,0
GFI1B,SOCS2,0
RPA2,NDE1,0
ELF1,SGPP1,0
IRF8,FAR1,0
GFI1B,TMEM176A,0
EBF1,KPNA1,0
IRF8,SLC2A3,0
NFAT5,LONP1,0
RPA1,MC5R,0
EBF1,ADA,0
GATA2,GPR160,0
RAD51,DDX39,0
RAD51,LTB,0
NFAT5,TGFBR1,0
RPA2,PKIB,0
EBF1,IIGP1,0
RPA2,ZEB2,0
IRF8,SLC18A2,0
IRF8,TRIM59,0
IRF8,RAB44,0
IRF8,HSPA1A,0
FOXO1,LSP1,0
WDR5,D1ERTD622E,0
FOXO1,SIGLECG,0
RPA2,THSD1,0
RPA1,TINAGL1,0
FOXO1,IGFBP4,0
RPA1,CYP4V3,0
FOXO1,STX3,0
GFI1B,TM7SF3,0
RAD51,LY9,0
RPA1,SH3BGRL,0
MEIS1,PRR5,0
ELF1,SLC16A1,0
IRF8,SHISA8,0
RPA2,LGALS1,0
FOXO1,GNL3,0
GATA2,ARHGAP15,0
CBX7,DTL,0
RPA2,MEIS1,0
RAD51,PDE4B,0
RAD51,ST6GALNAC4,0
FOXO1,STAT2,0
IRF8,MMRN1,0
GFI1B,IFI30,0
CBX7,RPTOR,0
RPA1,SIRPA,0
NFAT5,ETF1,0
ELF1,ALAS1,0
RPA2,SYTL1,0
RAD51,AKAP8L,0
CBX7,KPNA3,0
RAD51,PKIB,0
EBF1,MBNL3,0
RPA1,CCNB2,0
NFAT5,ZDHHC6,0
IRF8,JAM3,0
RPA1,EIF2B1,0
FOXO1,CDC7,0
RAD51,CD82,0
CBX7,CD9,0
FOXO1,ZFP36,0
NFAT5,EYA2,0
GFI1B,RAB44,0
FOXO1,TGTP2,0
RPA2,TCP11L2,0
NFAT5,NDRG1,0
WDR5,PAK1,0
NFAT5,SMPDL3A,0
HCFC1,CTLA2B,0
RAD51,TIPIN,0
GATA2,PHF11B,0
SPI1,MAML3,0
HDAC2,HLF,0
NFAT5,GUSB,0
RPA2,NUBP2,0
GFI1B,ZFP24,0
NFAT5,HMBS,0
MEIS1,TM7SF3,0
EBF1,TIMM29,0
RPA2,CBFB,0
IKZF1,SLC22A3,0
EBF1,PRPS2,0
NFAT5,CD74,0
CBX7,PHF5A,0
ELF1,GATA2,0
EBF1,TMEM97,0
ELF1,MCPT8,0
FOXO1,UMPS,0
CBFB,CHCHD10,0
NFAT5,MAML3,0
STAT2,ATP11C,0
SATB1,ANXA2,0
GFI1B,NPTN,0
IKZF1,MECOM,0
RAD51,CD244A,0
RAD51,FAM189B,0
FOXO1,GOLT1B,0
EBF1,ARHGEF18,0
CBX7,BTG2,0
RPA1,NEURL3,0
RPA1,MAP4K2,0
EBF1,SLC26A2,0
NFAT5,MAMDC2,0
RPA1,RRM1,0
SATB1,CCNB2,0
RAD21,BTK,0
NFAT5,MCOLN2,0
SATB1,RCSD1,0
RAD51,CDCA4,0
RAD51,ELOVL5,0
STAT2,CRISPLD1,0
RAD51,EMILIN1,0
RPA1,GYS1,0
IKZF1,ROBO4,0
RPA1,DTL,0
FOXO1,TTLL12,0
CBFB,SGCE,0
RPA2,WDR43,0
RPA1,SLA,0
FOXO1,TRIM59,0
IRF8,CTR9,0
CBX7,MS4A6C,0
RAD51,HACD3,0
RPA2,CD9,0
NFAT5,OAS3,0
RAD51,GTF2H1,0
RAD51,CNIH1,0
SATB1,EPB41L4B,0
RAD51,ANKRD44,0
RAD51,GEM,0
CBX7,MYCN,0
HCFC1,GM5111,0
ELF1,ST6GALNAC4,0
NFAT5,MTMR6,0
HDAC2,CCR2,0
RPA2,9530068E07RIK,0
RPA1,PRC1,0
STAT2,GK,0
RPA2,SH2D5,0
NFAT5,EIF2S1,0
RPA2,ST8SIA4,0
RPA1,TFG,0
EBF1,EMCN,0
RPA2,METAP1,0
EBF1,TMEM176A,0
NFAT5,INO80D,0
WDR5,MBNL3,0
RAD51,FAM76B,0
WDR5,RTP4,0
WDR5,CD244A,0
CBX7,TOP3B,0
ELF1,ITIH5,0
IRF8,SPPL2B,0
EBF1,DTL,0
NFAT5,NPLOC4,0
RAD21,BPIFC,0
NFAT5,SERPINB6B,0
RPA1,GATM,0
GFI1B,JPT2,0
NFAT5,CKAP5,0
GFI1B,MKI67,0
NFAT5,1700017B05RIK,0
MEIS1,ALAS1,0
MEIS1,KIF13A,0
RAD51,CKAP5,0
HCFC1,PDZK1IP1,0
RAD51,SYNJ1,0
ELF1,USP10,0
RPA1,PARVG,0
NFAT5,SLC20A1,0
IRF8,H1F0,0
RPA1,GRINA,0
RPA2,ELOVL5,0
NFAT5,CASP1,0
RPA2,GIMAP1,0
RPA1,GABBR1,0
EBF1,MTOR,0
RPA2,CYP4V3,0
FOXO1,RCSD1,0
HCFC1,GM4951,0
FOXO1,MPI,0
HDAC2,LZTS1,0
RPA2,SNAP23,0
IRF8,PRIM1,0
MYC,IL21R,0
MYC,EFCC1,0
WDR5,ESAM,0
RAD51,MAMDC2,0
RPA1,TBL3,0
NFAT5,TBC1D2B,0
FOXO1,EPB41L4B,0
WDR5,GLIPR2,0
SATB1,VAV1,0
IRF8,ZFP36,0
RAD51,ZFAND5,0
RPA1,STXBP4,0
RPA2,AKNA,0
CBX7,CRISPLD1,0
NFAT5,CDCA7,0
RPA2,WDR55,0
RPA1,SHISA5,0
MEIS1,PLXDC2,0
CBX7,APOE,0
FOXO1,MYCN,0
IRF8,ADK,0
FOXO1,STT3A,0
RPA2,CCNA2,0
FOXO1,FOXRED1,0
CBX7,EIF2S1,0
RPA2,SARAF,0
FOXO1,MBNL3,0
RPA1,POLD1,0
NFAT5,PRPF4,0
CBX7,GIMAP1,0
FOXO1,GYS1,0
RPA2,RCSD1,0
RAD51,DENND1C,0
GATA2,TCF19,0
CBX7,NCAPD2,0
EBF1,RTEL1,0
CBX7,PYGM,0
NFAT5,XRCC3,0
WDR5,PRKCH,0
NFAT5,MYL10,0
SPI1,SHISA8,0
RPA2,API5,0
RPA2,HDGFL3,0
RPA2,NCAPG,0
NFAT5,LONP2,0
IRF8,PIP4K2A,0
FOXO1,GPR65,0
RPA2,COL4A1,0
RPA2,IGFBP4,0
FOXO1,CERK,0
NFAT5,ARL6IP6,0
EBF1,NFATC2,0
RAD51,KIF20B,0
RPA2,RAD51AP1,0
HCFC1,ENG,0
MEIS1,ZBTB16,0
RPA1,RAD21,0
RPA1,MCM5,0
CBX7,TRIM30D,0
STAT2,RAB31,0
IRF8,FLNB,0
RAD51,MPZL1,0
RAD51,FDFT1,0
HDAC2,ADORA2A,0
EBF1,CCNA2,0
RPA1,RCC1,0
RPA1,CDC6,0
FOXO1,NPDC1,0
GFI1B,INPP5B,0
RPA1,PDZK1IP1,0
JUN,MYL10,0
GFI1B,HCFC1,0
EBF1,H2AFX,0
CBX7,CS,0
CBX7,PSMD1,0
FOXO1,VIPR2,0
IRF8,FRRS1,0
FOXO1,KIF11,0
NFAT5,ABL1,0
RPA2,LCP2,0
RPA2,LTB,0
NFAT5,JCHAIN,0
RAD51,TBC1D9B,0
RAD51,SCARF1,0
RPA1,NAPSA,0
RPA1,RPS6KA5,0
IRF8,COPB1,0
IRF8,CYC1,0
RPA2,TCN2,0
RAD51,TOR3A,0
CBX7,LZTS1,0
CBX7,NDUFV1,0
GFI1B,HSPA4,0
EBF1,CD300A,0
GATA2,ELANE,0
MYC,SLC18A2,0
SATB1,CERK,0
CBX7,NUDT19,0
RPA2,ZFP24,0
CBX7,FTSJ3,0
EBF1,MTREX,0
NFAT5,UBASH3A,0
NFAT5,COLGALT1,0
CBX7,HDGF,0
WDR5,HIF3A,0
ELF1,NUPR1,0
RAD51,CERS4,0
SATB1,GATM,0
FOXO1,KAT7,0
NFAT5,INTS8,0
EBF1,FCGR2B,0
MEIS1,REXO4,0
SATB1,CSF3R,0
FOXO1,MC5R,0
ELF1,IL27RA,0
RAD51,NUSAP1,0
RPA2,PSME3,0
EBF1,OSGIN1,0
IRF8,MPI,0
EBF1,CD68,0
FOXO1,ALDH9A1,0
CBX7,CYP2J9,0
NFAT5,INCENP,0
EBF1,APOE,0
RAD51,MTR,0
IRF8,PTPRS,0
CBX7,ERCC8,0
CBX7,CENPO,0
IRF8,CCDC50,0
RPA2,TIPIN,0
GFI1B,ZDHHC13,0
RPA2,PADI4,0
RAD51,GIMAP5,0
RPA1,PDE4D,0
NFAT5,ATG12,0
RPA1,PFKP,0
GFI1B,BDH2,0
RPA1,TGTP1,0
EBF1,CDCA5,0
SATB1,EMB,0
RAD51,INTS13,0
CBX7,CTLA2B,0
RAD51,SLA,0
IRF8,EPB41L4B,0
IRF8,RFC5,0
IRF8,F13A1,0
RPA2,NUDT19,0
NFAT5,TMEM184C,0
NFAT5,PNO1,0
CBX7,RANBP3,0
SATB1,NKG7,0
RPA1,EMB,0
GFI1B,CERS4,0
RAD51,PPID,0
NFAT5,SHCBP1,0
MYC,MUC13,0
CBX7,STT3A,0
RPA1,APBB1,0
WDR5,THSD1,0
ELF1,MECOM,0
GATA2,CAPG,0
CBX7,ITGAL,0
RPA1,NCF1,0
SATB1,KIF17,0
NFAT5,PCMTD2,0
NFAT5,SOCS2,0
IRF8,FOXO1,0
FOXO1,CBX5,0
FOXO1,CKAP5,0
CBX7,RPA2,0
ELF1,EMILIN1,0
GFI1B,CASP4,0
GATA2,ST6GALNAC4,0
IKZF1,PLAC8,0
MEIS1,POLA2,0
RPA2,GIMAP6,0
RPA2,UBE2L6,0
SATB1,TENT5A,0
EBF1,FGGY,0
WDR5,NDRG2,0
RAD51,KNSTRN,0
EBF1,PSMD6,0
RPA2,HASPIN,0
RPA1,ARID2,0
ELF1,MAMDC2,0
EBF1,ALDH9A1,0
RPA1,ISYNA1,0
FOXO1,UBASH3A,0
GATA2,TGM2,0
EBF1,IGTP,0
EBF1,NWD1,0
NFAT5,SLC37A1,0
RPA1,KIF11,0
RPA2,BCAP29,0
FOXO1,UBE2C,0
RPA1,GPRASP1,0
IRF8,RANBP3,0
RPA2,SEC24D,0
MEIS1,FCGR2B,0
IRF8,KPNA1,0
IRF8,JPT2,0
RAD51,LAP3,0
RAD51,ARID3B,0
ELF1,TSC22D3,0
RAD51,FLOT2,0
MEIS1,PADI4,0
MYC,CERK,0
STAT2,TMEM176A,0
NFAT5,TIMP2,0
HCFC1,PADI4,0
RAD51,FGFR1OP,0
CBX7,KPNA1,0
RPA1,RABGGTB,0
SATB1,PDZK1IP1,0
RPA2,MYC,0
NFAT5,DCAF13,0
WDR5,EMILIN1,0
RPA1,RB1,0
MYC,ESAM,0
ELF1,H2-Q6,0
CBX7,CDCA8,0
RAD51,TAB1,0
CBFB,MECOM,0
EBF1,PLXDC2,0
FOXO1,DDX21,0
EBF1,KIF11,0
CBX7,RP2,0
WDR5,PLSCR4,0
FOXO1,AKNA,0
RPA2,INTS8,0
NFAT5,FLNA,0
HCFC1,TIMP2,0
NFAT5,EIF1AD,0
GFI1B,GIMAP6,0
RPA2,PHF5A,0
CBX7,SERPINB6B,0
WDR5,ZFP467,0
HDAC2,MCPT8,0
RAD51,ORC2,0
FOXO1,BPIFC,0
RPA1,TSPOAP1,0
EBF1,MYC,0
EBF1,PIM2,0
GATA2,CD53,0
HCFC1,OASL2,0
RPA2,KIF11,0
RPA2,CKS2,0
RPA2,GNG2,0
IKZF1,COL4A2,0
GFI1B,CNN3,0
RAD51,CTSG,0
FOXO1,GTF2F1,0
RAD51,PROCR,0
CBX7,SPIDR,0
WDR5,ELANE,0
NFAT5,PPAT,0
EBF1,SNAP47,0
SATB1,SPNS3,0
ELF1,HDAC7,0
RAD51,CASP1,0
RAD21,GP9,0
IKZF1,TMEM37,0
RAD51,PSMD6,0
WDR5,MCPT8,0
RPA2,NDUFS1,0
MEIS1,TIMM50,0
CBX7,MCM7,0
HCFC1,GNG11,0
RPA1,MTO1,0
CBX7,MC5R,0
RAD51,NDUFS1,0
RAD51,ARFGEF2,0
RAD51,SESN1,0
JUN,SLC22A3,0
RPA1,TSPAN2,0
ELF1,APLP2,0
STAT2,PRR5,0
RPA2,C1RL,0
RPA2,UBL4A,0
EBF1,TFRC,0
FOXO1,NAV1,0
MEIS1,ABL2,0
RAD51,RTEL1,0
ELF1,IL21R,0
RPA1,TMEM43,0
CBX7,GOLPH3,0
CBX7,KNSTRN,0
ELF1,KCNK5,0
IRF8,SDF2L1,0
RAD51,DUSP1,0
SATB1,IFI44,0
IKZF1,NKG7,0
RPA1,ORC2,0
NFAT5,SETD2,0
EBF1,IMMT,0
IRF8,BPIFC,0
STAT2,SULT1A1,0
FOXO1,OSBPL8,0
CBX7,SLPI,0
FOXO1,CASP1,0
IRF8,TINAGL1,0
FOXO1,SIRPA,0
GFI1B,ARID3B,0
FOXO1,KIF22,0
WDR5,MCOLN2,0
ELF1,MAGED2,0
CBX7,CIP2A,0
EBF1,GOLIM4,0
RAD51,PPP1CB,0
GFI1B,MAPK1,0
CBX7,MFNG,0
ELF1,SLC29A1,0
RAD51,ARHGAP15,0
RPA2,STXBP4,0
MEIS1,TLE2,0
IRF8,ZFP422,0
ELF1,ROBO4,0
RAD51,NOP2,0
RPA2,LMAN2L,0
GATA2,SLA,0
RPA1,MXD3,0
ELF1,MYO5A,0
GATA2,TK1,0
RPA1,COPB1,0
RPA1,HID1,0
RPA1,PRKCH,0
GFI1B,FAM171A1,0
RPA1,MRPL20,0
RPA1,IGFBP4,0
GFI1B,TSC22D3,0
JUN,PNCK,0
RAD51,EGR1,0
ELF1,PCLAF,0
RPA2,YBX3,0
RPA1,HDAC7,0
RPA1,RGCC,0
CBX7,ERGIC1,0
RPA2,PBX1,0
WDR5,AGPS,0
CBX7,GIMAP6,0
SATB1,GUCY1A1,0
RPA1,ELMO2,0
NFAT5,PRODH,0
SATB1,GEM,0
NFAT5,SYTL1,0
RPA2,TMEM50B,0
FOXO1,PEAR1,0
RPA1,MRPL37,0
ELF1,PSMG2,0
CBX7,MIS18BP1,0
GFI1B,TUBGCP2,0
RPA1,ARL8B,0
RPA1,CD52,0
EBF1,CDK1,0
EBF1,NAP1L3,0
CBX7,CSF2RB,0
RPA1,RANGAP1,0
NFAT5,CENPF,0
RAD51,KIF13A,0
CBX7,RACGAP1,0
GATA2,FAM76B,0
NFAT5,DLST,0
EBF1,GLRX5,0
FOXO1,CDT1,0
RPA2,TLR4,0
ELF1,ATP6AP2,0
CBX7,PSTPIP1,0
EBF1,STX3,0
CBFB,TGTP1,0
IRF8,CTSG,0
FOXO1,PLAC8,0
ELF1,CD9,0
ELF1,RB1,0
GFI1B,GLRX5,0
RPA1,NCAPH,0
RAD51,HYOU1,0
RPA1,EIF3B,0
NFAT5,CCNA2,0
NFAT5,PRKCH,0
WDR5,PDZK1IP1,0
NFAT5,ADA,0
SATB1,MMRN1,0
FOXO1,IL27RA,0
IRF8,JCHAIN,0
NFAT5,THADA,0
HCFC1,RCSD1,0
MYC,MS4A3,0
IRF8,CDCA7,0
SATB1,CTLA2B,0
NFAT5,CTSG,0
STAT2,CSRP3,0
RPA1,FCGRT,0
EBF1,PSTPIP1,0
RPA2,DUS1L,0
RPA1,NUPR1,0
FOXO1,BCAP29,0
RAD51,CDC45,0
MYC,ROBO4,0
EBF1,NR3C2,0
RAD51,LIG1,0
GATA2,ARL11,0
RPA1,TNFRSF13C,0
IRF8,RORA,0
EBF1,TRMT6,0
RPA2,CD74,0
RAD51,GP9,0
ELF1,CD63,0
RPA1,NAP1L3,0
IRF8,SELL,0
STAT2,SNAP23,0
RPA2,MMRN1,0
RPA1,EFCC1,0
CBX7,LGALS1,0
IRF8,SPNS2,0
FOXO1,XPNPEP1,0
CBX7,RBPMS,0
RAD51,CAD,0
RAD51,NECAP2,0
NFAT5,MC5R,0
HCFC1,ZBTB20,0
EBF1,PTPRS,0
IRF8,HMGB2,0
EBF1,FCGRT,0
RAD51,TGTP1,0
RPA2,PDE4B,0
RPA1,B3GNT5,0
CBFB,PDE4D,0
CBX7,UBASH3A,0
CBX7,PGLYRP2,0
SPI1,HMGB3,0
FOXO1,LY86,0
GATA2,TLE2,0
SATB1,ZEB2,0
MEIS1,PIK3IP1,0
STAT2,TFR2,0
RPA1,ETF1,0
RPA2,PRKCD,0
SATB1,PSME4,0
NFAT5,MTUS1,0
EBF1,XRCC6,0
ELF1,CLEC4E,0
MEIS1,IL27RA,0
RAD51,HAAO,0
FOXO1,UBA7,0
RAD51,TMX4,0
MEIS1,RMND5A,0
EBF1,PCMTD1,0
RAD51,DHX33,0
RPA2,GNL3,0
GFI1B,TSPOAP1,0
GFI1B,ARMT1,0
EBF1,RNF38,0
ELF1,INTS8,0
IRF8,SHCBP1,0
CBX7,VPS35,0
RPA2,CENPK,0
FOXO1,CD48,0
ELF1,GCNT2,0
GFI1B,LY6A,0
RPA1,SPCS3,0
CBX7,GMIP,0
RAD51,SGO1,0
RAD51,GBP7,0
CBX7,ARID2,0
NFAT5,NCAPH,0
EBF1,GARS,0
NFAT5,ARL8B,0
RAD51,CDKN1A,0
GFI1B,TRPC6,0
IKZF1,CD34,0
WDR5,RARB,0
CBX7,GNG2,0
RAD51,PHF6,0
CBX7,RAP1B,0
EBF1,SFXN1,0
GFI1B,POLR2B,0
JUN,NAP1L3,0
GATA2,DDX58,0
RAD51,HSPA4,0
FOXO1,SOAT1,0
NFAT5,PLAA,0
FOXO1,TSPAN2,0
EBF1,LRRC8B,0
RAD51,TGM2,0
FOXO1,KNSTRN,0
WDR5,MYO1F,0
NFAT5,MR1,0
ELF1,IFI27L2A,0
MEIS1,RPA2,0
STAT2,SERPINB1A,0
HCFC1,LY6A,0
RPA1,NSUN2,0
CBFB,CSF1R,0
GFI1B,IL21R,0
NFAT5,CNIH1,0
RAD51,RGS1,0
FOXO1,IL6ST,0
RAD51,GLIPR2,0
NFAT5,MPO,0
NFAT5,FRRS1,0
NFAT5,DNM1L,0
ELF1,ZFP422,0
NFAT5,NWD1,0
SATB1,GPR160,0
FOXO1,UTP4,0
IRF8,ITCH,0
EBF1,NUBP2,0
FOXO1,MS4A6C,0
RPA2,MTHFD1,0
RPA2,CCL9,0
FOXO1,SLC44A2,0
RPA2,EBF1,0
RPA2,AKAP8L,0
NFAT5,ERGIC1,0
EBF1,IGFBP4,0
RPA2,INCENP,0
EBF1,MNS1,0
IRF8,RPAP1,0
HCFC1,SMPDL3A,0
EBF1,LSP1,0
GFI1B,IFITM1,0
CBFB,ELANE,0
STAT2,METTL7A1,0
RAD51,MYC,0
ELF1,TRPC6,0
FOXO1,ARHGAP15,0
RPA2,PRMT5,0
GFI1B,NFATC2,0
RPA1,TLR4,0
ELF1,SLC2A3,0
RPA2,MLLT3,0
IRF8,MTMR4,0
RPA1,IFRD2,0
IRF8,PIDD1,0
EBF1,RPA2,0
NFAT5,TMEM154,0
CBX7,ITM2A,0
STAT2,TTF2,0
RPA1,CSF2RB,0
GFI1B,FDFT1,0
NFAT5,PRKCD,0
EBF1,SORT1,0
NFAT5,SRSF1,0
FOXO1,TBC1D2B,0
RAD51,SALL2,0
RPA1,SEC24D,0
NFAT5,PRDM16,0
FOXO1,TINAGL1,0
FOXO1,OSGIN1,0
SPI1,SORT1,0
WDR5,NAP1L3,0
NFAT5,YBX3,0
EBF1,4833439L19RIK,0
RAD51,CFP,0
RPA1,MGAT5,0
SPI1,SLA,0
RPA2,NDRG1,0
RPA2,FUT7,0
RPA1,LCP2,0
MEIS1,EMID1,0
SATB1,PEAR1,0
CBX7,ELOVL5,0
GFI1B,CHRNB1,0
FOXO1,TMEM184C,0
RPA1,PRMT7,0
RPA1,NUP93,0
CBX7,4833439L19RIK,0
IRF8,CDCA8,0
FOXO1,TRMT11,0
MYC,F13A1,0
NFAT5,H2-DMA,0
RPA2,HACD3,0
RPA2,ANGPT1,0
RPA2,F2R,0
FOXO1,FSTL1,0
FOXO1,SPIDR,0
CBX7,PSAT1,0
RPA1,HUS1,0
RPA2,GATM,0
IRF8,GRINA,0
CBX7,TBC1D10C,0
RPA1,XPNPEP1,0
GFI1B,NDN,0
RPA1,EYA2,0
IKZF1,ARID3B,0
ELF1,EMCN,0
NFAT5,GCNT2,0
FOXO1,EMCN,0
RAD51,TAF12,0
EBF1,9530068E07RIK,0
HCFC1,FUT7,0
CBX7,GMNN,0
RPA1,STT3B,0
GFI1B,XPC,0
WDR5,UBASH3A,0
NFAT5,KCNK5,0
FOXO1,SHISA5,0
RPA2,ATG12,0
NFAT5,TRIM16,0
IRF8,GPR65,0
NFAT5,MFSD10,0
RPA1,GUCY1A1,0
RPA2,UMPS,0
NFAT5,GIMAP1,0
NFAT5,BC005561,0
IRF8,TPM4,0
GFI1B,SULT1A1,0
ELF1,HDAC2,0
GFI1B,MFNG,0
RPA2,JAM3,0
MEIS1,LDHB,0
WDR5,MYB,0
GATA2,IFI203,0
IRF8,TSC22D1,0
EBF1,CS,0
ELF1,TK1,0
RPA1,FAM111A,0
GFI1B,GALNT6,0
CBX7,CREBRF,0
RPA1,TNFAIP2,0
RPA2,NFIA,0
RPA1,SLPI,0
RPA2,NCF1,0
ELF1,VSIR,0
RPA2,TEAD2,0
SATB1,LMO4,0
RAD51,F13A1,0
RPA2,TM6SF1,0
RAD51,PRELID3B,0
MYC,NDN,0
ELF1,CKS2,0
EBF1,JUN,0
WDR5,CD300A,0
RPA2,TINAGL1,0
GFI1B,MAN2A2,0
RPA2,NDN,0
MEIS1,ADGRL4,0
FOXO1,CD82,0
NFAT5,RASSF4,0
GFI1B,FASTKD2,0
IKZF1,CTSF,0
STAT2,PTGR1,0
RAD51,IARS2,0
FOXO1,CYB5R1,0
RPA1,PLD3,0
IRF8,NFIA,0
GFI1B,TNFAIP2,0
RPA2,KIF22,0
GFI1B,NUP107,0
RPA2,GM4951,0
RPA1,RGS19,0
RAD51,REL,0
RPA2,GEMIN5,0
RPA1,ASF1B,0
GATA2,ANXA3,0
JUN,NSD2,0
ELF1,TFR2,0
IRF8,MCPT8,0
RPA2,MTCH2,0
IRF8,EMB,0
EBF1,PPID,0
JUN,FSTL1,0
IRF8,LONP1,0
NFAT5,PCMTD1,0
NFAT5,FGFR1OP,0
NFAT5,TRPS1,0
NFAT5,PLEK,0
CBFB,IFITM1,0
FOXO1,SGCE,0
RAD51,ADGRG3,0
GFI1B,GGTA1,0
CBX7,LAX1,0
IRF8,MPZL1,0
CBFB,RAB31,0
GFI1B,PRKCD,0
RAD51,SLCO3A1,0
RAD21,ELANE,0
RAD51,ALDOC,0
NFAT5,WDR43,0
WDR5,GRIA3,0
JUN,IFI27L2A,0
STAT2,TMEM50B,0
CBFB,SLPI,0
FOXO1,HSPA4,0
STAT2,SIGLECG,0
STAT2,TCP11L2,0
RPA1,TAB1,0
RPA1,PEAR1,0
STAT2,CAND2,0
RAD51,NFAM1,0
FOXO1,PHKB,0
IRF8,LIG1,0
CBX7,NPDC1,0
EBF1,RABGGTB,0
IKZF1,NR3C2,0
RAD51,LAPTM4B,0
IRF8,ENPP5,0
CBX7,PIM2,0
RPA2,MTUS1,0
RPA1,TRMT11,0
HCFC1,SOX18,0
RAD51,RPTOR,0
RPA2,CTPS,0
FOXO1,ARID2,0
ELF1,PECAM1,0
RPA1,SRSF1,0
GFI1B,STT3A,0
RAD51,CERK,0
CBX7,CCR2,0
RAD51,ELANE,0
CBX7,WDR4,0
FOXO1,RABGGTB,0
RPA2,ECT2,0
RAD51,MGAT1,0
ELF1,BTK,0
WDR5,APBB1,0
STAT2,ZFP467,0
IRF8,CAND2,0
NFAT5,PANX1,0
RAD51,TSPAN3,0
FOXO1,UAP1,0
RAD51,APOE,0
RAD51,PCMTD1,0
NFAT5,DUS1L,0
GFI1B,TSC22D1,0
GFI1B,ACAA2,0
ELF1,VAV1,0
RPA1,NOP2,0
NFAT5,MTR,0
NFAT5,CENPA,0
RPA1,RCSD1,0
NFAT5,ITPR1,0
CBX7,ABCG2,0
MEIS1,PDE4D,0
RAD51,MFSD10,0
WDR5,COL4A2,0
IKZF1,EMCN,0
HCFC1,IIGP1,0
NFAT5,FGGY,0
RPA1,CCL9,0
IRF8,GEMIN5,0
RPA1,ROBO4,0
HCFC1,SLC18A2,0
RPA2,ANXA5,0
RPA2,MLKL,0
EBF1,KIF17,0
NFAT5,ATP6AP1,0
RAD51,SLC28A2,0
RPA2,IDH3A,0
NFAT5,PADI4,0
EBF1,ORC2,0
FOXO1,CASP12,0
GFI1B,STAG2,0
CBX7,MS4A3,0
RPA2,GALNS,0
HCFC1,OBSL1,0
RPA2,SLCO3A1,0
NFAT5,SH3BGRL,0
RPA1,CDCA8,0
SATB1,RUNX1T1,0
JUN,RAB38,0
GFI1B,TPM4,0
RPA2,TNFRSF13C,0
RPA2,PDIA4,0
CBX7,SLC35B4,0
IRF8,MAML3,0
GATA2,CD68,0
NFAT5,SLC25A38,0
RPA1,PHF10,0
RPA1,TPX2,0
RAD51,LMO4,0
NFAT5,TARS,0
RPA1,TESPA1,0
RAD51,TK1,0
RPA2,TUBGCP3,0
SATB1,IFI30,0
HCFC1,CNN3,0
WDR5,DOK2,0
RPA2,DDX39,0
EBF1,ME2,0
NFAT5,TIMM50,0
CBFB,TBXAS1,0
CBX7,ZDHHC13,0
FOXO1,APBB1,0
RPA2,OAS3,0
RPA1,MNS1,0
GATA2,PPP1R9A,0
CBX7,CDC20,0
NFAT5,BC035044,0
IRF8,PPP1R9A,0
FOXO1,RAB38,0
FOXO1,EBF1,0
FOXO1,EPSTI1,0
EBF1,GM5111,0
RAD51,ATG12,0
NFAT5,MEIS1,0
RPA2,ZFP367,0
CBX7,CUL3,0
RPA2,ARID2,0
CBX7,SPTBN1,0
STAT2,EMCN,0
CBX7,ABCG3,0
GATA2,CCR2,0
HDAC2,HDC,0
NFAT5,SNAP47,0
RPA1,TYROBP,0
IRF8,PLAA,0
RPA2,GGTA1,0
IRF8,LAPTM4B,0
EBF1,BPIFC,0
RPA1,PSME4,0
RPA1,CTTN,0
CBX7,CCNF,0
JUN,GM4951,0
RAD51,NUDT19,0
NFAT5,TCIRG1,0
IRF8,GNG11,0
FOXO1,MTOR,0
RPA1,STIP1,0
FOXO1,ARHGEF18,0
RAD51,ARMT1,0
CBX7,CSF1R,0
RAD51,TOP2A,0
RPA2,SLC30A5,0
RPA1,SATB1,0
GATA2,PGLYRP2,0
MYC,CD52,0
GFI1B,PUS7,0
ELF1,F2R,0
EBF1,NSUN2,0
EBF1,MAPK12,0
MEIS1,GIMAP8,0
CBFB,CD68,0
HCFC1,TGTP1,0
RPA2,RANBP3,0
GATA2,CCNE2,0
RPA2,SF3B3,0
FOXO1,CCDC137,0
RPA2,FUCA2,0
RAD51,GATM,0
EBF1,PARP8,0
RPA1,CAPG,0
RAD51,QARS,0
GFI1B,B3GNT5,0
ELF1,PDZK1IP1,0
CBX7,CDC7,0
IRF8,TAF12,0
GATA2,SOX18,0
RAD51,HNRNPAB,0
RPA1,MTHFD1,0
JUN,JCHAIN,0
RPA1,DHFR,0
RPA2,SRSF1,0
RPA2,ZDHHC6,0
RPA1,MED16,0
HCFC1,IRF8,0
RPA2,TMEM229B,0
EBF1,ANXA1,0
GFI1B,GBP2,0
IRF8,RCSD1,0
NFAT5,HASPIN,0
ELF1,SORT1,0
GFI1B,MTMR1,0
FOXO1,BC005561,0
RPA1,DPP8,0
GATA2,PLEK,0
FOXO1,RGS19,0
RAD51,CCDC50,0
EBF1,TUBGCP3,0
RAD51,EIF3B,0
RPA1,TMEM33,0
RPA1,DOCK10,0
IRF8,STOM,0
GATA2,NAV1,0
RPA2,PLEKHO2,0
NFAT5,SLPI,0
FOXO1,HELLS,0
ELF1,FAM136A,0
SATB1,PPM1G,0
FOXO1,LYN,0
NFAT5,TPX2,0
RAD51,THEMIS2,0
NFAT5,MECOM,0
EBF1,HSPH1,0
RAD51,BC005561,0
RPA2,LY9,0
WDR5,PPP1R9A,0
NFAT5,PKIB,0
CBX7,NMD3,0
RPA2,NAMPT,0
FOXO1,RARB,0
EBF1,MTMR6,0
STAT2,ROBO4,0
RAD51,RASSF4,0
RPA1,CSF1R,0
RAD51,LACTB,0
RAD51,BACE1,0
FOXO1,ARHGEF39,0
RPA2,SUPV3L1,0
HCFC1,RORC,0
RAD51,E2F4,0
CBX7,IFI30,0
IRF8,MAPKAPK3,0
RPA2,DLST,0
STAT2,DOK2,0
ELF1,GATM,0
EBF1,SLC35A4,0
RPA1,HJURP,0
SATB1,CYP2J9,0
NFAT5,TSC22D1,0
EBF1,TXNDC11,0
EBF1,EPRS,0
RPA2,ST6GALNAC4,0
MEIS1,WDR5,0
RPA2,SLC37A1,0
CBX7,LAP3,0
HCFC1,LPCAT2,0
EBF1,METAP1,0
RPA1,MFNG,0
RPA1,SVIP,0
IRF8,POLR1B,0
RPA1,PROCR,0
NFAT5,CUL3,0
GFI1B,IFI44,0
RPA2,CTLA2B,0
RAD51,PUS7,0
GFI1B,IGFBP4,0
IRF8,GIMAP1,0
SATB1,H2-DMA,0
IKZF1,MUC13,0
STAT2,C1RL,0
FOXO1,SLA,0
RPA2,NPLOC4,0
NFAT5,SORL1,0
STAT2,CDK6,0
FOXO1,NOLC1,0
IRF8,ANXA2,0
RPA2,NWD1,0
NFAT5,GMNN,0
RPA2,FDFT1,0
HCFC1,CD34,0
NFAT5,DPP8,0
ELF1,IFI203,0
JUN,TLE2,0
RPA2,NCAPH,0
EBF1,POR,0
RPA1,E2F4,0
NFAT5,BPIFC,0
CBX7,ABCB10,0
RAD51,ZDHHC6,0
IRF8,BACE1,0
RPA1,NEDD1,0
CBX7,ACLY,0
WDR5,FCGRT,0
GFI1B,H1F0,0
CBX7,EIF4ENIF1,0
HCFC1,HDC,0
GFI1B,DENND2D,0
MEIS1,FGGY,0
NFAT5,S100A6,0
EBF1,9430015G10RIK,0
RAD51,PLXDC2,0
RPA2,PLXNC1,0
GFI1B,CYC1,0
GFI1B,ORC2,0
STAT2,DHRS3,0
RPA2,PSMG2,0
MEIS1,GIMAP5,0
FOXO1,TRIB3,0
EBF1,GCLC,0
GFI1B,EZR,0
RPA1,ECT2,0
GFI1B,SDC4,0
CBX7,TAF12,0
CBFB,PKIB,0
RPA2,HNRNPLL,0
EBF1,STT3B,0
EBF1,RPN1,0
RAD51,IIGP1,0
CBX7,ENPP5,0
RPA2,TCF19,0
CBX7,E2F4,0
HCFC1,PDE4D,0
NFAT5,PDE4B,0
RPA1,ALAS1,0
NFAT5,CDC6,0
HCFC1,RTP4,0
FOXO1,ELP2,0
RAD51,GMFB,0
RAD51,HACD4,0
IRF8,OSBPL8,0
IRF8,SLC7A4,0
EBF1,FGFR1OP,0
GFI1B,GATM,0
NFAT5,LZTS1,0
EBF1,SEC23IP,0
RPA2,PSMD1,0
CBX7,PHB2,0
CBX7,NFE2,0
RPA1,EPB41L4B,0
CBX7,SPNS3,0
RPA2,NUP88,0
IRF8,UTP4,0
RAD51,POR,0
IRF8,TM7SF3,0
MEIS1,1700017B05RIK,0
GFI1B,ABCG3,0
GATA2,SLC22A3,0
NFAT5,TXNDC11,0
IRF8,CIP2A,0
IRF8,RAD51,0
FOXO1,MTMR1,0
CBX7,OTUD4,0
MEIS1,CERS4,0
NFAT5,NUP107,0
RAD51,DNAJC5,0
RPA2,INO80D,0
RPA2,SDC4,0
HCFC1,SLA2,0
IKZF1,COL4A1,0
ELF1,ABCG3,0
MEIS1,NAP1L3,0
RPA1,PFKFB3,0
NFAT5,PSAT1,0
RPA2,MTMR6,0
NFAT5,LY6A,0
IRF8,PIK3R2,0
NFAT5,FEM1A,0
EBF1,PLAG1,0
IRF8,SH3BGRL,0
CBX7,FAR1,0
RAD51,KAT7,0
IRF8,CSTF2,0
RPA2,UHRF1,0
NFAT5,NEDD1,0
RPA1,ESAM,0
IRF8,SGPP1,0
GFI1B,PHF11B,0
RPA1,VIPR2,0
CBX7,SMPD4,0
GATA2,CENPF,0
CBX7,CCNE2,0
GFI1B,USP11,0
EBF1,ZFP35,0
SATB1,NPTN,0
MEIS1,H1F0,0
RPA1,DHX33,0
JUN,PYGM,0
WDR5,ENG,0
RPA2,PATL1,0
ELF1,HIF3A,0
CBX7,SNX30,0
RPA1,ZFP53,0
NFAT5,AURKB,0
CBX7,MTOR,0
IKZF1,PRDM16,0
NFAT5,TOPORS,0
EBF1,PIK3IP1,0
IRF8,SLC20A1,0
WDR5,PRSS57,0
CBX7,TBXAS1,0
MEIS1,F13A1,0
NFAT5,CSRP3,0
FOXO1,TAB1,0
IRF8,PHF5A,0
ELF1,PRTN3,0
CBFB,RAB38,0
RPA1,SPC24,0
SATB1,SLC22A3,0
EBF1,NDUFA10,0
CBX7,POLR1B,0
SATB1,CDK18,0
ELF1,PPP1R9A,0
RPA1,MICU1,0
RPA1,SLFN2,0
RPA2,TACC3,0
GATA2,ITM2A,0
GFI1B,KPNA3,0
RPA2,PAK1,0
RPA1,MKI67,0
CBX7,SGCE,0
RPA2,CYC1,0
FOXO1,NDE1,0
GFI1B,MYO1F,0
RPA1,EPSTI1,0
NFAT5,PARP8,0
NFAT5,DENND1C,0
RPA1,SYK,0
STAT2,MYCT1,0
HCFC1,SLC29A1,0
RPA2,CYP2J9,0
EBF1,NDE1,0
RAD51,MSH6,0
STAT2,SLC22A3,0
EBF1,PRKCQ,0
EBF1,IRF8,0
RPA1,NUDCD1,0
IKZF1,JAM3,0
NFAT5,CDC20,0
HCFC1,B3GNT5,0
GFI1B,SERPINB9,0
RPA1,HNRNPAB,0
RPA2,KCNK5,0
HDAC2,ELANE,0
WDR5,CTTN,0
RPA1,ARFGEF2,0
RPA1,H2AFX,0
WDR5,MYCT1,0
NFAT5,MOB3C,0
RPA1,ABCG2,0
CBX7,DNM1L,0
RAD51,CHRNB1,0
HDAC2,TIE1,0
RPA1,NPTN,0
CBX7,TOMM40,0
IRF8,PSMG2,0
RPA1,CSGALNACT1,0
FOXO1,OTULINL,0
RPA2,PLD3,0
STAT2,H2-OB,0
RAD51,GBP2,0
RPA2,MYL10,0
GFI1B,LMO4,0
SATB1,TBC1D2B,0
GATA2,PROCR,0
GFI1B,LZTS1,0
RAD51,TSPOAP1,0
SATB1,CCNE2,0
FOXO1,PSMD1,0
RPA2,EAF1,0
RPA2,PIDD1,0
EBF1,UAP1,0
IKZF1,ART4,0
FOXO1,TIE1,0
STAT2,LTB,0
RAD51,PGLYRP2,0
EBF1,AP1S2,0
IRF8,RMND5A,0
FOXO1,USP42,0
CBX7,GCLC,0
NFAT5,MORC3,0
GFI1B,MFSD1,0
RAD51,MCM7,0
NFAT5,CS,0
RAD51,KCTD20,0
FOXO1,LDHB,0
EBF1,GPD1L,0
EBF1,RASA4,0
FOXO1,RFC4,0
RPA2,CLTC,0
RPA1,PLEKHO2,0
RPA2,ETF1,0
IRF8,FBXO5,0
FOXO1,NSD2,0
RAD51,LCP2,0
MEIS1,5430427O19RIK,0
CBX7,NUP107,0
GFI1B,PLSCR4,0
NFAT5,TPM4,0
MEIS1,RCC1,0
WDR5,TGTP1,0
HCFC1,HP,0
SATB1,RP2,0
FOXO1,CISH,0
SATB1,CSF1R,0
FOXO1,PLPPR3,0
NFAT5,UBAC1,0
SATB1,NUP88,0
IRF8,ATP11C,0
RPA1,TRIM35,0
EBF1,MUC13,0
GATA2,TTF2,0
RPA1,MAGED2,0
NFAT5,MTFR1,0
IRF8,PKIB,0
RPA2,XRCC6,0
IKZF1,ANXA2,0
WDR5,ARFGEF2,0
JUN,TRPC6,0
EBF1,CD53,0
WDR5,CSF2RB,0
FOXO1,MNS1,0
RPA1,CASP1,0
FOXO1,SERPINA3G,0
RPA2,ARCN1,0
FOXO1,CKAP2,0
NFAT5,STAT2,0
NFAT5,IFI44,0
ELF1,ART4,0
RPA2,PTCD3,0
HCFC1,CTLA2A,0
GFI1B,NUSAP1,0
ELF1,PTPRS,0
RAD51,TLR4,0
EBF1,RTP4,0
CBX7,MYCT1,0
RAD51,TMX3,0
NFAT5,EIF2B1,0
RPA2,KRT18,0
FOXO1,NUP93,0
NFAT5,IFRD2,0
GATA2,REXO2,0
NFAT5,HMGB3,0
RPA2,TXNIP,0
IRF8,FUCA2,0
FOXO1,1700017B05RIK,0
JUN,G6PDX,0
RAD51,SPIDR,0
FOXO1,BYSL,0
GATA2,DNAJC9,0
GFI1B,TRIM30D,0
RAD51,CASP12,0
NFAT5,MED16,0
RPA1,CERK,0
CBX7,STX3,0
EBF1,TMEM37,0
GATA2,TIE1,0
GFI1B,MSMO1,0
CBX7,CFP,0
GFI1B,CERK,0
SATB1,FAM171A1,0
MEIS1,ABCB10,0
HCFC1,TIE1,0
FOXO1,SLC29A1,0
RPA2,LACTB,0
RAD51,DCK,0
GFI1B,ACSS1,0
RPA1,ATAD2,0
RAD51,PRMT7,0
EBF1,CD34,0
RPA2,ACAA2,0
ELF1,ST8SIA4,0
FOXO1,PTPN7,0
IRF8,RCOR1,0
GFI1B,ARHGEF39,0
CBX7,BID,0
RPA1,NCAPD2,0
IRF8,YPEL3,0
RPA1,ARHGEF39,0
CBFB,CD74,0
FOXO1,ZFP945,0
HDAC2,JCHAIN,0
CBX7,KIF11,0
RPA2,MPI,0
NFAT5,SNAP23,0
RPA2,TIFAB,0
GFI1B,UMPS,0
MEIS1,ITM2A,0
RPA2,DCK,0
RPA2,SLCO4A1,0
IRF8,ELP2,0
FOXO1,WDR4,0
NFAT5,PPM1F,0
HCFC1,TRPS1,0
RPA1,F13A1,0
GATA2,MTMR1,0
EBF1,GMFB,0
GFI1B,TTLL12,0
FOXO1,TUBGCP2,0
RAD51,ABCG3,0
RPA1,TGFBR1,0
EBF1,CENPK,0
IRF8,MTMR6,0
SATB1,RAB44,0
EBF1,RPS6KA5,0
IRF8,PLA2G15,0
RPA1,SULT1A1,0
RPA1,SELL,0
NFAT5,POLD1,0
RAD51,IARS,0
FOXO1,FAM91A1,0
RPA1,OTUD6B,0
HCFC1,SORL1,0
SATB1,TNFRSF13C,0
FOXO1,PDIA4,0
RPA2,PHF6,0
RAD51,CEP55,0
STAT2,SERPINB9,0
STAT2,CERK,0
SATB1,TIFAB,0
SATB1,JCHAIN,0
SATB1,FUCA2,0
FOXO1,OBSCN,0
RAD51,GM5111,0
RAD51,MED16,0
RAD51,GCNT2,0
CBX7,MFSD10,0
CBX7,NUS1,0
RAD51,DNAJC11,0
JUN,PLAC8,0
GFI1B,GEM,0
CBFB,EBI3,0
GFI1B,PA2G4,0
SATB1,TGFBR1,0
RPA2,GARS,0
CBX7,KIF20B,0
NFAT5,IL21R,0
FOXO1,CCNB2,0
RPA2,SPC24,0
IRF8,NUP88,0
NFAT5,ALAS1,0
FOXO1,PLA2G12A,0
ELF1,GIMAP5,0
FOXO1,HARS,0
EBF1,DUT,0
NFAT5,CKS2,0
RPA2,SRM,0
IRF8,SALL2,0
EBF1,DNM1L,0
NFAT5,RACGAP1,0
IRF8,CERK,0
RAD51,PLAC8,0
FOXO1,SMC2,0
CBX7,LSP1,0
NFAT5,NUBP2,0
RAD51,9530068E07RIK,0
GFI1B,MTMR4,0
MEIS1,PRTN3,0
IRF8,UBAC1,0
GATA2,PAK1,0
RPA2,PRPF4,0
RPA2,STX3,0
EBF1,H2-AA,0
GFI1B,MYC,0
RPA2,SHMT1,0
NFAT5,PLXDC2,0
CBX7,STAT2,0
NFAT5,GMFB,0
CBFB,BATF2,0
EBF1,MMRN1,0
RAD51,STAG2,0
NFAT5,IFI27L2A,0
ELF1,AKAP8L,0
RPA1,ABL1,0
EBF1,SLC35E1,0
RPA1,QARS,0
RPA2,GMFB,0
GFI1B,CNIH1,0
CBFB,CD52,0
CBFB,THEMIS2,0
RPA2,TNPO1,0
IRF8,RAB37,0
CBX7,IPO9,0
RAD51,SLC16A1,0
FOXO1,MTUS1,0
GFI1B,MS4A3,0
RPA2,GMNN,0
NFAT5,ALDH18A1,0
RPA1,KCTD12,0
NFAT5,SHMT1,0
EBF1,USP11,0
CBX7,ATRN,0
NFAT5,IFI203,0
RPA2,IFITM1,0
FOXO1,NUDT4,0
NFAT5,BYSL,0
CBX7,RFC5,0
IRF8,WDR55,0
IRF8,FGGY,0
FOXO1,ITIH5,0
IKZF1,EFCC1,0
NFAT5,SERPINB6A,0
IRF8,AFAP1L1,0
HDAC2,TNIP3,0
FOXO1,OTUD6B,0
RPA2,ABCB10,0
ELF1,LMO4,0
NFAT5,NUF2,0
RPA2,PROCR,0
CBX7,F11R,0
NFAT5,PLA2G12A,0
NFAT5,TACC3,0
CBX7,MTFR1,0
RPA1,RPRD1B,0
CBFB,GUCY1A1,0
ELF1,TIMP2,0
ELF1,DEK,0
CBX7,MAMDC2,0
GFI1B,BTK,0
IRF8,PGLYRP2,0
RPA2,RGS1,0
CBX7,FUT7,0
MEIS1,IFITM1,0
RAD51,RARS,0
NFAT5,ZHX1,0
ELF1,STOM,0
GFI1B,LPCAT2,0
MEIS1,IRF8,0
RPA2,CDC6,0
GFI1B,RCSD1,0
FOXO1,ATP6AP2,0
EBF1,ARCN1,0
WDR5,TNFAIP2,0
WDR5,SLA,0
CBX7,H2-AA,0
CBX7,RPRD1B,0
RPA2,CDC20,0
NFAT5,ZFP367,0
RPA1,ACSS2,0
RAD51,SLC18A2,0
JUN,GATA2,0
IRF8,SH2D5,0
GFI1B,SUSD3,0
IRF8,IFI30,0
HCFC1,CYP2J6,0
NFAT5,ELP2,0
EBF1,MYL10,0
EBF1,GPR65,0
CBX7,NDUFS1,0
NFAT5,XPC,0
EBF1,TAF12,0
CBX7,ART4,0
RAD51,LMAN2L,0
CBX7,HELLS,0
RPA2,GP9,0
MEIS1,EPSTI1,0
EBF1,EYA2,0
CBX7,CD52,0
RPA2,CDC45,0
STAT2,PKIB,0
FOXO1,TTF2,0
ELF1,NUAK2,0
RPA2,COPB1,0
FOXO1,MYO1F,0
SATB1,PAK1,0
EBF1,IPO9,0
RPA1,DHRS3,0
MEIS1,PRSS57,0
RPA1,POLR2B,0
GATA2,F11R,0
RAD51,EYA2,0
GFI1B,SLC28A2,0
RAD51,MOGS,0
RPA2,BTAF1,0
NFAT5,NUP88,0
HCFC1,PSTPIP1,0
SATB1,CDK6,0
RAD51,MAPK12,0
EBF1,ARL8B,0
JUN,THEMIS2,0
IRF8,CCL9,0
NFAT5,FAM189B,0
EBF1,OSTM1,0
CBX7,TM7SF3,0
RPA2,CSRP3,0
RPA1,H1F0,0
NFAT5,MPL,0
RPA1,CTSF,0
FOXO1,CDCA7,0
CBFB,TSPOAP1,0
IRF8,THSD1,0
ELF1,HP,0
IRF8,ZNRF2,0
NFAT5,TOP3B,0
IRF8,POLE,0
FOXO1,CIP2A,0
FOXO1,E2F4,0
RPA1,HAT1,0
GFI1B,ELANE,0
IRF8,ATP13A1,0
JUN,PRSS57,0
RPA2,MAPK1,0
NFAT5,HJURP,0
WDR5,RCSD1,0
RAD51,CAND2,0
HDAC2,F11R,0
NFAT5,IKZF1,0
CBFB,ITM2A,0
RPA1,TECPR1,0
NFAT5,ABCB8,0
CBFB,CYP4V3,0
SATB1,ERCC8,0
EBF1,CERS6,0
STAT2,TNFRSF21,0
ELF1,MPL,0
NFAT5,TRIM30D,0
HCFC1,KIF13A,0
GFI1B,KCTD20,0
RAD51,DOK2,0
IKZF1,EMID1,0
MEIS1,MPI,0
RPA2,CDCA8,0
RPA1,PRELID3B,0
RAD51,XAF1,0
GFI1B,RUNX1T1,0
GFI1B,MCM2,0
RPA2,TESPA1,0
GATA2,PRDM16,0
CBX7,NAA50,0
RPA2,PSMC2,0
RPA1,HERPUD1,0
JUN,BACE1,0
ELF1,AGPS,0
NFAT5,EIF3B,0
RAD51,EPRS,0
NFAT5,SLC39A6,0
SATB1,GIMAP8,0
RAD51,JARID2,0
RPA1,FDFT1,0
ELF1,PLAC8,0
EBF1,SPCS3,0
FOXO1,ABCG3,0
NFAT5,GLIPR2,0
RPA1,RAB37,0
IRF8,IL27RA,0
GFI1B,PSMC2,0
RPA1,CDC20,0
MEIS1,PRPS2,0
GATA2,KRT18,0
FOXO1,CD274,0
RPA2,ORC2,0
RPA2,NDRG2,0
RPA2,KCTD12,0
NFAT5,OTUD6B,0
IRF8,TOMM70A,0
RPA2,LZTS1,0
RAD51,ACOT9,0
RPA2,BC005561,0
RAD51,RORA,0
JUN,LAX1,0
SATB1,SYTL1,0
SATB1,ABCB10,0
NFAT5,ARID3B,0
ELF1,BTG2,0
RAD51,CENPF,0
NFAT5,KIF20B,0
GFI1B,PRIM1,0
MEIS1,FSTL1,0
MEIS1,ADA,0
NFAT5,MPZL1,0
IRF8,SPC24,0
GATA2,PEAR1,0
RPA2,RGCC,0
RPA2,GM1966,0
RPA2,HMGB2,0
RAD51,FEM1B,0
NFAT5,PLSCR4,0
CBFB,TRIM47,0
RPA2,CSGALNACT1,0
WDR5,PTGS1,0
ELF1,MTFR1,0
CBFB,PRTN3,0
NFAT5,SUPV3L1,0
CBX7,MAN2A2,0
IRF8,TNIP3,0
RPA1,PSME3,0
RPA1,HP,0
HCFC1,PKIB,0
FOXO1,B3GNT5,0
RPA2,VAV1,0
EBF1,CCDC137,0
NFAT5,AKAP8L,0
ELF1,TCN2,0
GATA2,EPB41L4B,0
ELF1,FEM1B,0
HCFC1,SGCE,0
SATB1,NSD2,0
ELF1,NAPSA,0
RPA2,TRPS1,0
FOXO1,NDN,0
NFAT5,GUCY1A1,0
HDAC2,NAV1,0
RAD51,SUPV3L1,0
STAT2,RUNX1T1,0
IRF8,GPR160,0
FOXO1,PECAM1,0
ELF1,YBX3,0
EBF1,PIDD1,0
CBX7,RNF38,0
NFAT5,SLC18A2,0
EBF1,METTL7A1,0
RPA2,GABBR1,0
RPA1,MFSD14B,0
RAD51,TBXAS1,0
NFAT5,B3GNT5,0
RAD51,H2-AA,0
CBX7,BC005561,0
CBX7,DDX58,0
WDR5,NDN,0
NFAT5,REL,0
ELF1,SGMS1,0
FOXO1,SNRNP200,0
RPA1,TRPS1,0
WDR5,C1RL,0
RAD51,TSC22D3,0
SATB1,RNF38,0
EBF1,PSMD9,0
HDAC2,KRT18,0
SATB1,PIDD1,0
CBX7,PLA2G12A,0
RPA1,PCLAF,0
RPA2,FSTL1,0
RPA2,FCGR2B,0
RAD51,MSMO1,0
EBF1,GMNN,0
RPA2,NUAK2,0
RPA1,CSAD,0
CBFB,CDK18,0
STAT2,PDE4D,0
FOXO1,SPNS3,0
FOXO1,GABBR1,0
SATB1,PIK3R1,0
EBF1,AHCYL1,0
ELF1,PCMTD2,0
SPI1,MAPK12,0
RAD51,PEAR1,0
IRF8,SLA2,0
RAD51,TPM4,0
NFAT5,PTPRE,0
FOXO1,HNRNPLL,0
STAT2,SUSD3,0
RPA1,MYL10,0
FOXO1,MAPKAPK3,0
RAD51,COQ8A,0
RPA2,PLIN3,0
ELF1,B3GNT5,0
RPA2,PIK3R2,0
GFI1B,HLF,0
EBF1,CCNF,0
IRF8,PRODH,0
EBF1,EIF2S1,0
GFI1B,BACE1,0
RPA2,BID,0
IRF8,TUBGCP2,0
WDR5,MTMR1,0
FOXO1,IRF7,0
RAD51,PRKCD,0
RPA1,JPT1,0
IRF8,PTTG1IP,0
ELF1,SIGLECG,0
RPA1,TGM2,0
RPA2,PRC1,0
FOXO1,H1F0,0
STAT2,S100A6,0
NFAT5,STAG2,0
EBF1,MFNG,0
FOXO1,MCM10,0
RPA1,PLEK,0
ELF1,MEMO1,0
GFI1B,TLR4,0
NFAT5,NCAPD2,0
FOXO1,CYFIP2,0
GFI1B,MTO1,0
ELF1,PYGM,0
EBF1,TIMP2,0
ELF1,CD52,0
FOXO1,PSME3,0
IRF8,SLCO3A1,0
ELF1,COL4A1,0
NFAT5,DOCK10,0
CBX7,CYB5R1,0
GFI1B,DDX60,0
CBFB,H2-Q6,0
IRF8,PCLAF,0
EBF1,MKI67,0
IKZF1,MCPT8,0
RPA1,HAAO,0
HCFC1,OBSCN,0
IRF8,ERLIN1,0
RPA2,PEAR1,0
MEIS1,ADORA2A,0
EBF1,CYP2J6,0
GFI1B,TSPAN3,0
IRF8,ABCG2,0
WDR5,SOX18,0
RPA1,SORT1,0
RAD51,TOPORS,0
HDAC2,HK3,0
RAD51,GANAB,0
RPA2,CBX5,0
FOXO1,CSGALNACT2,0
SATB1,COL4A1,0
RAD51,USP14,0
MYC,NSD2,0
EBF1,TBXAS1,0
WDR5,CREB5,0
CBFB,ARHGEF18,0
GFI1B,TRIM59,0
STAT2,B3GNT5,0
EBF1,THEMIS2,0
RPA1,SAMD9L,0
WDR5,CAND2,0
MEIS1,CYP2J9,0
FOXO1,TSC22D3,0
JUN,TIE1,0
ELF1,CERK,0
JUN,CCR2,0
ELF1,EIF4ENIF1,0
CBFB,F11R,0
RPA2,BPIFC,0
MYC,ENG,0
RAD51,ZFP24,0
RAD51,ABCB10,0
CBX7,GALNS,0
RPA2,PLA2G12A,0
IRF8,PDE4B,0
NFAT5,HACD3,0
RAD51,SERPINB9,0
RPA1,ABHD17B,0
EBF1,SPNS3,0
GFI1B,SLC35E1,0
RPA1,THADA,0
NFAT5,NASP,0
CBX7,GNS,0
RAD51,GRK3,0
RAD51,WDR4,0
ELF1,ERGIC1,0
WDR5,HDGFL3,0
EBF1,MOB3C,0
GATA2,EMID1,0
SATB1,RHOF,0
RPA1,PNCK,0
GFI1B,VSIR,0
RPA2,ISYNA1,0
FOXO1,HYOU1,0
IRF8,IGFBP4,0
ELF1,GLIPR2,0
ELF1,SMPDL3A,0
NFAT5,ATAD1,0
RAD51,FBXW11,0
RAD51,DEF8,0
WDR5,TINAGL1,0
NFAT5,STIP1,0
MEIS1,MAP4K2,0
WDR5,CD34,0
GFI1B,XPNPEP1,0
RAD51,SDC4,0
RPA1,SERPINA3G,0
RPA1,RAD51AP1,0
RAD51,PANX1,0
GFI1B,TGTP1,0
RPA2,BTG2,0
CBX7,ACOT9,0
EBF1,MTCH2,0
IKZF1,CSF3R,0
EBF1,PDZK1IP1,0
FOXO1,MCM2,0
RAD51,ALAS1,0
SATB1,ADGRG3,0
GFI1B,TIPIN,0
RPA2,KIF20B,0
FOXO1,PRC1,0
RPA2,ATP13A1,0
IRF8,ODC1,0
IRF8,TOP2A,0
GFI1B,MGAT5,0
EBF1,DDX60,0
EBF1,GBP7,0
RAD51,AURKA,0
EBF1,KIF22,0
NFAT5,TNFRSF21,0
CBX7,TNIP3,0
HDAC2,SVIP,0
RPA1,UQCRFS1,0
NFAT5,EPB41L4B,0
NFAT5,CD244A,0
NFAT5,DUSP1,0
CBX7,NASP,0
MYC,NKG7,0
WDR5,SGCE,0
IRF8,RGS19,0
GFI1B,PRODH,0
NFAT5,INPP5B,0
RAD51,SORT1,0
IRF8,HDGFL3,0
ELF1,USP37,0
EBF1,JAM3,0
ELF1,HELLS,0
RAD51,CENPE,0
GFI1B,ANGPT1,0
RAD51,RGS19,0
ELF1,SLPI,0
SATB1,CD44,0
NFAT5,NUDT19,0
GATA2,NCAPH,0
CBX7,BC035044,0
RAD51,PLPPR3,0
WDR5,TIMP2,0
FOXO1,CLEC12A,0
RAD51,PRMT5,0
RPA2,CRISPLD1,0
MEIS1,CSRP3,0
STAT2,FCGR2B,0
CBX7,SMC2,0
FOXO1,MTR,0
FOXO1,CCNA2,0
IRF8,PPP1CB,0
RAD51,AP1S2,0
ELF1,LY6A,0
RPA2,TCIRG1,0
WDR5,TGTP2,0
IRF8,MBNL3,0
RAD51,RANBP3,0
RPA1,VSIR,0
STAT2,PRPS2,0
ELF1,TNIP3,0
IKZF1,GATM,0
SATB1,PRKCQ,0
FOXO1,EEF1E1,0
GATA2,TSPAN3,0
STAT2,PADI4,0
RAD51,GK,0
FOXO1,ARL11,0
GFI1B,UBA2,0
GATA2,SLPI,0
RPA2,PPP1R9A,0
GATA2,MLKL,0
EBF1,DDX39,0
NFAT5,GIMAP5,0
MYC,ITM2A,0
NFAT5,SLC43A3,0
FOXO1,ZFP467,0
ELF1,CTSL,0
ELF1,SPO11,0
NFAT5,CREB5,0
CBFB,SOX18,0
NFAT5,ROBO4,0
FOXO1,ARID3B,0
RAD51,PPP1R15A,0
EBF1,PNCK,0
ELF1,ITM2A,0
RAD51,SZT2,0
FOXO1,RPN1,0
GFI1B,TGFBR1,0
IRF8,UBA2,0
RPA2,CENPF,0
MEIS1,NDN,0
RPA2,TEC,0
NFAT5,NCEH1,0
RPA1,CIPC,0
RPA1,ZDHHC6,0
EBF1,CKS1B,0
CBX7,CALCRL,0
NFAT5,KIF22,0
STAT2,F11R,0
NFAT5,CFP,0
EBF1,CD93,0
RPA2,FES,0
GFI1B,CDKN1A,0
FOXO1,NRROS,0
NFAT5,ATP11C,0
WDR5,TMEM37,0
FOXO1,FCGR3,0
FOXO1,ATAD1,0
SATB1,SULT1A1,0
IRF8,ARHGEF18,0
NFAT5,PLAG1,0
WDR5,GALNT6,0
GFI1B,BPIFC,0
STAT2,CYP2J9,0
NFAT5,HYOU1,0
ELF1,NUDT4,0
GFI1B,CYP2J6,0
SATB1,IRF6,0
CBX7,GPR160,0
GFI1B,LDHB,0
RAD51,POLD1,0
CBX7,BCAP29,0
GATA2,SLCO3A1,0
RPA2,NAA50,0
GFI1B,XAF1,0
ELF1,TFRC,0
IRF8,STIP1,0
RAD51,WDR43,0
EBF1,PSMC2,0
RAD51,PIM2,0
FOXO1,4833439L19RIK,0
GFI1B,SLPI,0
GATA2,RPS6KA3,0
RAD51,RPP40,0
STAT2,RAB37,0
MYC,MYO1F,0
SATB1,MAN2A2,0
MEIS1,FCGR3,0
EBF1,NUP93,0
RPA2,UBA7,0
WDR5,BC005561,0
RPA1,SGCE,0
GFI1B,CERS6,0
RPA1,ALDH18A1,0
RPA1,PTPRS,0
NFAT5,NRROS,0
NFAT5,PARVG,0
EBF1,MRPL20,0
RAD21,MUC13,0
ELF1,FOXO1,0
RAD51,SETD2,0
WDR5,CYP2J9,0
RPA2,G6PDX,0
HCFC1,COL4A1,0
RPA1,IDH3A,0
CBX7,RB1,0
MEIS1,KCNK5,0
FOXO1,F2R,0
RPA1,CIP2A,0
WDR5,MAGED2,0
STAT2,PLPPR3,0
IRF8,MYB,0
HCFC1,TGM2,0
RPA2,ATP11C,0
CBX7,CD48,0
CBX7,DDX1,0
GATA2,CD69,0
HCFC1,COL4A2,0
RPA1,EIF4ENIF1,0
IRF8,GUCY1A1,0
SATB1,PIK3IP1,0
RPA1,RGS18,0
CBX7,TOMM70A,0
IRF8,LACTB,0
EBF1,IGSF6,0
NFAT5,VPS35,0
STAT2,RORC,0
GATA2,OAS3,0
CBX7,MCM10,0
EBF1,ATAD2,0
ELF1,FAM111A,0
ELF1,POLE,0
HCFC1,F11R,0
EBF1,SPI1,0
NFAT5,PECAM1,0
CBX7,SOCS2,0
ELF1,NDRG1,0
RPA1,PTGR1,0
IRF8,RAD21,0
RPA2,ZBTB20,0
RPA1,PTCD3,0
EBF1,GCNT2,0
GATA2,HAT1,0
NFAT5,HSPA1A,0
EBF1,SNRPB,0
SATB1,TGM2,0
EBF1,NPLOC4,0
EBF1,ERGIC1,0
CBX7,FGGY,0
FOXO1,IRF6,0
HCFC1,SULT1A1,0
RPA2,EIF3B,0
NFAT5,TINAGL1,0
RPA2,IGTP,0
EBF1,MSMO1,0
RPA1,PREP,0
ELF1,COL4A2,0
RAD51,ZFP322A,0
FOXO1,INTS8,0
IRF8,NMD3,0
FOXO1,IMMT,0
GATA2,LY86,0
NFAT5,SERPINA3G,0
CBX7,FAM111A,0
EBF1,PLSCR4,0
CBX7,POLR2B,0
FOXO1,EFCC1,0
FOXO1,CD63,0
FOXO1,DOCK11,0
RAD51,HDAC7,0
CBX7,GEMIN5,0
SATB1,MYO1G,0
CBX7,NSUN2,0
RPA2,EPAS1,0
RPA2,TRMT11,0
RAD51,SPNS3,0
RPA1,ZBTB16,0
RPA1,HARS,0
WDR5,MTUS1,0
RPA1,RAB44,0
EBF1,PUS7,0
ELF1,RAB44,0
FOXO1,IRGM2,0
RPA1,IKZF1,0
CBX7,INTS8,0
WDR5,BACE1,0
ELF1,CD74,0
RPA1,WDR55,0
RAD51,CST7,0
NFAT5,GEMIN5,0
NFAT5,NEURL3,0
EBF1,SORL1,0
RPA1,RRM2,0
EBF1,NDRG2,0
STAT2,EBI3,0
RPA1,MLLT3,0
RPA1,RARS,0
ELF1,CASP12,0
IRF8,ANXA3,0
FOXO1,JPT1,0
EBF1,TPX2,0
RAD51,NEDD1,0
NFAT5,RAD51,0
IRF8,MOB3C,0
WDR5,TMEM176A,0
NFAT5,PPID,0
FOXO1,LAP3,0
GATA2,GUCY1A1,0
FOXO1,PRKCD,0
IRF8,PRDM16,0
NFAT5,ORC6,0
STAT2,CFP,0
WDR5,TIFAB,0
RPA1,FAM102B,0
FOXO1,AURKB,0
GATA2,GRK3,0
HDAC2,OAS3,0
NFAT5,TNPO1,0
FOXO1,SALL2,0
RPA1,ELANE,0
FOXO1,METTL27,0
IRF8,FIGNL1,0
NFAT5,PLXNC1,0
RAD51,REXO4,0
RPA2,SOCS2,0
RPA2,GPRASP1,0
MYC,IFITM1,0
RPA1,NECAP2,0
NFAT5,ARHGEF18,0
IRF8,ANXA1,0
ELF1,TSPOAP1,0
IRF8,RGS2,0
NFAT5,ZFP53,0
GATA2,BCL2,0
RPA2,ZFP322A,0
RAD51,YBX3,0
HCFC1,CHCHD10,0
RAD51,GFM1,0
RPA1,CDK6,0
RPA2,GYS1,0
IRF8,GPRASP1,0
NFAT5,CSGALNACT2,0
SATB1,HK3,0
RPA1,ZFP36,0
RPA2,CSF3R,0
MEIS1,UBE2C,0
HCFC1,CTSF,0
IRF8,RGS1,0
RAD51,GBP3,0
RPA2,EMCN,0
RPA1,STX3,0
FOXO1,MTMR4,0
NFAT5,CD34,0
IRF8,TECPR1,0
RAD51,CIPC,0
RAD51,SOAT1,0
ELF1,MED16,0
IKZF1,CHCHD10,0
NFAT5,CPA3,0
NFAT5,4833439L19RIK,0
RPA2,MYO1F,0
CBFB,UPP1,0
RPA2,AGPS,0
RPA1,EZR,0
GFI1B,G6PDX,0
FOXO1,ZMIZ1,0
HDAC2,CTSG,0
RPA1,CKS1B,0
RAD51,GEMIN5,0
NFAT5,RNF122,0
SATB1,RBPMS,0
IRF8,ZFP451,0
MYC,RAB38,0
MEIS1,RORC,0
EBF1,CALCRL,0
RPA2,ZFP467,0
CBX7,GPRASP1,0
NFAT5,CCNF,0
FOXO1,CD244A,0
NFAT5,PHF5A,0
SATB1,MPL,0
SATB1,STX3,0
RAD51,DNM1L,0
EBF1,DDX58,0
IRF8,CSGALNACT1,0
IRF8,5430427O19RIK,0
CBX7,RPS6KA3,0
MEIS1,PPID,0
RAD51,CSGALNACT2,0
CBX7,CLEC12A,0
WDR5,FES,0
RPA2,RORC,0
MYC,CLEC4E,0
CBX7,REXO2,0
IRF8,PADI4,0
GFI1B,PTDSS1,0
CBFB,BTK,0
EBF1,ALAS1,0
EBF1,XPC,0
EBF1,CD9,0
RPA2,CERS4,0
NFAT5,JUN,0
IRF8,HDAC7,0
RAD51,SEC23IP,0
FOXO1,SULT1A1,0
NFAT5,ARHGAP15,0
RPA2,MTOR,0
CBFB,ROBO4,0
STAT2,PYGM,0
ELF1,LY6C2,0
RAD51,PIK3IP1,0
RAD51,AP3S1,0
GFI1B,GNG11,0
NFAT5,UQCRFS1,0
GFI1B,NOL9,0
RPA1,GBP2,0
IRF8,SNAP47,0
WDR5,CYP2J6,0
RPA1,MPO,0
IRF8,AP3S1,0
NFAT5,ABL2,0
FOXO1,PRODH,0
RPA1,NUP155,0
HCFC1,ARL11,0
RAD51,SLC26A2,0
RPA2,TYROBP,0
CBX7,F13A1,0
RPA2,EIF1AD,0
EBF1,HLF,0
NFAT5,VAV3,0
WDR5,MYC,0
NFAT5,COPB1,0
RAD51,BDH2,0
FOXO1,RPA2,0
STAT2,LZTS1,0
IKZF1,OAS3,0
STAT2,SLC28A2,0
RAD51,RPRD1B,0
EBF1,JPT1,0
SATB1,PLXDC2,0
NFAT5,TOR3A,0
IRF8,RHOF,0
NFAT5,LRRC59,0
IRF8,MTHFD1,0
NFAT5,APBB1,0
RPA2,PIM2,0
RAD51,GSR,0
RPA1,FBXO5,0
FOXO1,PBK,0
IRF8,MXD3,0
RPA1,PPP1R15A,0
RAD51,RHOF,0
CBX7,ZBTB38,0
FOXO1,ALDH18A1,0
STAT2,FCGR3,0
WDR5,LAPTM4B,0
JUN,NFIA,0
NFAT5,IGSF6,0
MEIS1,GCLC,0
GFI1B,ATP11C,0
NFAT5,NDN,0
NFAT5,MEMO1,0
RAD51,PTPN7,0
FOXO1,ZFP367,0
ELF1,PADI4,0
EBF1,SH3BGRL,0
GFI1B,PRC1,0
RPA2,OASL2,0
RPA1,ARMT1,0
RAD51,NADK,0
ELF1,JAM3,0
RPA1,SDC4,0
EBF1,CERK,0
RAD51,HSPH1,0
WDR5,SDC4,0
MYC,LCP2,0
EBF1,WDR43,0
NFAT5,ASF1B,0
CBX7,EZR,0
GFI1B,SHCBP1,0
RPA1,ZFP24,0
RPA1,SGO1,0
JUN,PTGR1,0
RPA1,CCL4,0
NFAT5,FAM136A,0
NFAT5,EMID1,0
SATB1,ZDHHC13,0
CBFB,TGM2,0
CBX7,HUS1,0
CBX7,PSME3,0
ELF1,TM7SF3,0
FOXO1,FARSB,0
RPA2,HSPA4,0
SATB1,CD34,0
RPA1,RNF122,0
RPA1,UNC93B1,0
EBF1,MPL,0
RAD51,MTMR6,0
STAT2,RGS18,0
ELF1,ANGPT1,0
NFAT5,KPNA1,0
RAD51,TMEM33,0
RAD51,EAF1,0
NFAT5,MDN1,0
RPA1,FLOT2,0
GATA2,GIMAP6,0
NFAT5,THEMIS2,0
RAD51,SERPINB6B,0
ELF1,MUC13,0
GFI1B,XRCC3,0
SPI1,TLE2,0
RPA1,SPIDR,0
RPA2,TSPAN14,0
FOXO1,AFAP1L1,0
NFAT5,CLEC4E,0
RPA2,NUDT4,0
RPA1,LY9,0
IRF8,PRMT7,0
CBX7,THADA,0
IRF8,SYTL1,0
IRF8,TMEM97,0
IRF8,NCAPH,0
CBX7,RRM2,0
GFI1B,SPTBN1,0
STAT2,LGALS1,0
EBF1,HMGB2,0
GFI1B,RPAP1,0
GFI1B,RORA,0
EBF1,NUAK2,0
EBF1,GOLT1B,0
FOXO1,VSIR,0
CBX7,TBC1D2B,0
RPA1,PCMTD2,0
NFAT5,BTAF1,0
NFAT5,CTSO,0
RPA2,SERPINB9,0
RPA2,SLC22A3,0
RPA2,RACGAP1,0
NFAT5,ATAD2,0
NFAT5,PSMD1,0
RPA2,CD82,0
IRF8,FEM1A,0
FOXO1,NASP,0
RPA1,RIN3,0
FOXO1,IARS2,0
RPA2,EFCC1,0
CBX7,NCF1,0
EBF1,TMEM50B,0
RPA1,APOE,0
RAD51,RETREG1,0
IRF8,FCHO2,0
FOXO1,MKI67,0
RPA1,GARS,0
GFI1B,GARS,0
GATA2,RGS1,0
RPA2,MFNG,0
RPA1,NADK,0
ELF1,TMEM97,0
EBF1,PA2G4,0
RPA1,PUS7,0
FOXO1,HDC,0
NFAT5,RPN1,0
GFI1B,SVIP,0
RPA2,JCHAIN,0
STAT2,GUCY1A1,0
RPA1,CD82,0
RPA1,PSMG2,0
RPA1,TSC22D3,0
HCFC1,CYP2J9,0
RAD51,ITCH,0
RPA2,IARS,0
MEIS1,PLSCR4,0
NFAT5,HNRNPAB,0
NFAT5,BIRC5,0
RPA2,PHF10,0
RAD51,CAPG,0
NFAT5,E2F8,0
NFAT5,PYGM,0
WDR5,PUS7,0
CBX7,SPC24,0
RAD51,MAN2A2,0
RAD51,ITM2A,0
SATB1,PCMTD2,0
GFI1B,LAPTM4B,0
CBX7,PHF11B,0
RAD51,TXNIP,0
CBX7,SPI1,0
GATA2,CKS1B,0
JUN,ADA,0
CBX7,PBK,0
RAD51,BTAF1,0
RPA1,GGTA1,0
SATB1,PRODH,0
IRF8,SGCE,0
RPA2,H2-OB,0
FOXO1,RARS,0
NFAT5,PSEN1,0
ELF1,S100A6,0
IRF8,SSH3,0
CBX7,ISG20,0
GFI1B,EPSTI1,0
RPA1,MOGS,0
IRF8,FDFT1,0
RAD51,NEIL3,0
FOXO1,NCF1,0
GFI1B,PLEKHO2,0
CBFB,TIE1,0
HCFC1,ELANE,0
RPA2,F13A1,0
MEIS1,PGLYRP2,0
RAD51,CDC20,0
RAD51,RELB,0
HCFC1,DENND2D,0
FOXO1,H2-AA,0
NFAT5,OASL2,0
GFI1B,PHF6,0
WDR5,PBX1,0
NFAT5,API5,0
RPA1,MPI,0
CBX7,FRRS1,0
RAD51,VKORC1L1,0
RPA2,RTP4,0
GATA2,ARID3B,0
GATA2,RORC,0
CBX7,LAPTM4B,0
HCFC1,UPP1,0
FOXO1,IRF9,0
RAD51,RGS2,0
EBF1,TM7SF3,0
RPA1,KRT18,0
FOXO1,HP,0
GFI1B,HIF3A,0
EBF1,PREP,0
WDR5,CHCHD10,0
RAD51,HARS,0
RAD51,ITSN1,0
RPA1,FGGY,0
MEIS1,GRK3,0
RPA1,GTF2F1,0
STAT2,CPA3,0
NFAT5,GOLIM4,0
EBF1,HELLS,0
GFI1B,ANXA5,0
NFAT5,HDGF,0
MEIS1,ZMIZ1,0
WDR5,FCGR3,0
RPA2,EFTUD2,0
RPA2,EPB41L4B,0
RAD51,EIF4ENIF1,0
CBX7,SFXN1,0
GFI1B,FAM111A,0
IRF8,PNCK,0
ELF1,EPB41L4B,0
RAD51,OBSL1,0
STAT2,EFCC1,0
RPA2,PRIM1,0
RPA1,PSMC2,0
FOXO1,LMAN2L,0
RAD51,MAP4K2,0
STAT2,PECAM1,0
IRF8,CREBRF,0
FOXO1,WDR55,0
HCFC1,NKG7,0
IRF8,NEURL3,0
GATA2,RP2,0
GATA2,FLOT2,0
RPA1,NFAT5,0
RPA2,MCM2,0
RPA2,BACE1,0
NFAT5,BCL2,0
EBF1,PWP2,0
NFAT5,NMD3,0
IKZF1,CCL9,0
RPA2,FLNB,0
WDR5,ABCG3,0
CBX7,FARSB,0
IRF8,CDT1,0
EBF1,CIPC,0
RAD51,FLNB,0
GFI1B,ARHGEF18,0
MEIS1,PECAM1,0
RPA2,NRROS,0
ELF1,CPA3,0
EBF1,FUT7,0
RAD51,LZTS1,0
EBF1,SLFN2,0
CBX7,NWD1,0
RPA2,PIK3R1,0
RAD51,STIP1,0
RPA2,LAX1,0
RPA1,PHF6,0
IRF8,KIF11,0
FOXO1,GRK3,0
FOXO1,SERPINB6A,0
RPA1,NOL9,0
RAD51,ATP10A,0
ELF1,SOX18,0
NFAT5,DHFR,0
IRF8,CD93,0
RPA2,CIP2A,0
RPA1,PSMD6,0
GFI1B,GIMAP1,0
NFAT5,ARMT1,0
HCFC1,GRK3,0
RPA1,RPA2,0
CBX7,CKAP5,0
STAT2,HP,0
FOXO1,MED16,0
EBF1,RFC4,0
CBX7,UHRF1,0
CBX7,RABGGTB,0
EBF1,GP9,0
STAT2,FAM189B,0
ELF1,H2-OB,0
FOXO1,NUAK2,0
ELF1,ALDOC,0
FOXO1,APLP2,0
EBF1,KCTD20,0
ELF1,SERPINA3G,0
IRF8,PPM1G,0
GFI1B,DOCK11,0
RPA1,ACOT9,0
GFI1B,TFR2,0
MEIS1,CD34,0
NFAT5,GATA2,0
RAD51,SIGLECG,0
STAT2,GPR160,0
EBF1,RPTOR,0
FOXO1,NUS1,0
RPA1,XRCC3,0
FOXO1,ITM2A,0
GFI1B,CBX5,0
NFAT5,PBK,0
RPA1,REL,0
RAD51,E2F8,0
RAD51,GARS,0
IRF8,MPO,0
IRF8,PA2G4,0
NFAT5,GSR,0
EBF1,ZFAND5,0
RAD51,CLPTM1L,0
RPA2,CCNF,0
FOXO1,HK3,0
EBF1,RRM2,0
CBX7,BTAF1,0
IRF8,EPRS,0
FOXO1,PADI4,0
NFAT5,CENPK,0
RAD51,NFATC2,0
HCFC1,IKZF1,0
EBF1,NUDT19,0
EBF1,EDEM1,0
RPA2,XPNPEP1,0
EBF1,ST8SIA4,0
RPA2,GMCL1,0
EBF1,SGCE,0
EBF1,ARHGEF39,0
RPA2,PSEN1,0
GFI1B,PKIB,0
RPA1,PPP1CB,0
WDR5,PLPPR3,0
HCFC1,CTSG,0
RPA2,TIMM50,0
RPA2,DCAF13,0
CBFB,CDKN1C,0
RPA1,MPZL1,0
NFAT5,WDR5,0
FOXO1,SLC2A3,0
NFAT5,SHISA5,0
RPA1,TIMM50,0
SATB1,ANXA3,0
ELF1,SESN1,0
EBF1,MFSD10,0
WDR5,LZTS1,0
MEIS1,PLXNC1,0
FOXO1,CDCA4,0
ELF1,FLT3,0
RPA2,CAMK2D,0
RPA2,SLBP,0
RPA2,EBI3,0
RAD51,GUSB,0
GFI1B,SLC22A3,0
SATB1,PNCK,0
IRF8,OSTM1,0
GFI1B,KPNA1,0
EBF1,NKG7,0
EBF1,MAMDC2,0
GFI1B,PRMT7,0
IRF8,ZFP467,0
RAD51,GFI1B,0
RPA1,SLC43A3,0
MEIS1,IRF9,0
GFI1B,NCAPD2,0
RPA1,GEM,0
JUN,SLA,0
CBFB,SLC22A3,0
RPA1,ATRN,0
FOXO1,RTP4,0
IRF8,NR3C2,0
RPA1,SALL2,0
CBX7,RGS18,0
RPA1,KLF6,0
MEIS1,TGFBR1,0
EBF1,STRAP,0
IKZF1,MAPK12,0
RPA2,MS4A6C,0
FOXO1,RPS6KA3,0
GATA2,CSF1R,0
NFAT5,SVIP,0
SATB1,CREB5,0
EBF1,UBASH3A,0
RAD51,MEMO1,0
IRF8,POLR2B,0
CBX7,TOP2A,0
FOXO1,MOB3C,0
WDR5,PTGR1,0
FOXO1,MAPK12,0
RPA2,SLC2A3,0
IKZF1,HK3,0
EBF1,NUDT4,0
NFAT5,FAM76B,0
CBX7,NUP155,0
RPA2,CENPO,0
EBF1,PHKB,0
NFAT5,FUT7,0
GATA2,FCGR2B,0
ELF1,ACAA2,0
RAD51,DDX21,0
SATB1,BC005561,0
IRF8,GM5111,0
CBX7,MCM3,0
CBX7,PDZK1IP1,0
RAD51,GGTA1,0
STAT2,PTGS1,0
ELF1,TEAD2,0
RPA1,ZFP451,0
ELF1,DUSP1,0
EBF1,FAM76B,0
GFI1B,SNX30,0
GFI1B,COL4A2,0
CBX7,CTSZ,0
RAD51,OAS3,0
RAD21,PYGM,0
RPA1,HDC,0
RPA2,NOP2,0
FOXO1,SLC39A6,0
EBF1,ADSSL1,0
IRF8,AGPS,0
RPA2,MED16,0
FOXO1,PTDSS1,0
RAD51,TIMP2,0
FOXO1,MGAT5,0
RAD51,SLC35A4,0
RPA2,GTF2F1,0
FOXO1,MFSD10,0
RPA1,PNO1,0
RPA2,CNRIP1,0
IRF8,NKG7,0
SATB1,PRKCD,0
RAD51,ZFP467,0
CBX7,FUCA2,0
RPA2,IKZF1,0
CBX7,ITIH5,0
NFAT5,ELF1,0
IKZF1,MPO,0
RAD51,TINAGL1,0
SPI1,SOX18,0
NFAT5,ADORA2A,0
FOXO1,CD74,0
FOXO1,NCAPD2,0
SATB1,SGCE,0
RPA1,IL17RA,0
RPA2,SPI1,0
JUN,PRPS2,0
CBX7,NEURL3,0
CBX7,PLAA,0
RPA2,SPIDR,0
FOXO1,PSTPIP1,0
FOXO1,CSTF2,0
RAD51,PRSS57,0
EBF1,BYSL,0
RPA2,GFM1,0
IRF8,TMX4,0
GFI1B,FCGR3,0
HCFC1,LZTS1,0
IRF8,MCM3,0
CBX7,TUBGCP3,0
EBF1,CCNB2,0
RPA1,PYGM,0
IKZF1,SH2D5,0
GFI1B,MUC13,0
GATA2,B3GNT5,0
SPI1,CHCHD10,0
RAD51,GYS1,0
ELF1,RASA4,0
RPA1,TBC1D2B,0
RPA1,ART4,0
MEIS1,SUSD3,0
NFAT5,WDR55,0
GATA2,PARP8,0
EBF1,ARID2,0
RPA1,HACD4,0
RAD51,ZBTB16,0
RAD51,SLC43A3,0
IRF8,PBX1,0
FOXO1,MUC13,0
RAD51,NAA50,0
GFI1B,GIMAP5,0
NFAT5,ZFP35,0
CBX7,S100A6,0
NFAT5,COQ8A,0
EBF1,ANKRD44,0
RAD51,EMCN,0
FOXO1,CSF3R,0
RPA1,CTSO,0
MYC,FCGR3,0
NFAT5,GRIA3,0
GATA2,PTGR1,0
CBX7,MIEF1,0
NFAT5,MTO1,0
ELF1,CTSF,0
NFAT5,COL4A2,0
RPA1,TACC3,0
CBX7,POLE3,0
CBX7,UBE2C,0
NFAT5,NCF1,0
MYC,MMRN1,0
MEIS1,DOK2,0
CBX7,BIRC5,0
CBFB,MMRN1,0
GFI1B,FLNB,0
WDR5,APOE,0
EBF1,FGL2,0
RPA2,SLA2,0
CBX7,ZFP945,0
SATB1,TSC22D3,0
RAD51,TMEM206,0
RPA2,TMEM206,0
NFAT5,SLC35B4,0
GATA2,ITCH,0
HCFC1,MS4A6C,0
RPA2,DOCK11,0
HCFC1,IFI30,0
NFAT5,KPNA3,0
NFAT5,ELOVL5,0
GATA2,TNIP3,0
GFI1B,CAMK2D,0
MEIS1,HK3,0
ELF1,PRSS57,0
FOXO1,SF3B3,0
GFI1B,MNS1,0
CBX7,TSC22D1,0
IRF8,KIF17,0
HCFC1,APOE,0
STAT2,GABBR1,0
RPA1,RHOF,0
FOXO1,NUPR1,0
RPA2,HMGB3,0
IRF8,TMEM176A,0
CBFB,SELENBP1,0
IRF8,RASA4,0
RPA2,UBASH3A,0
RAD51,MYL10,0
EBF1,NASP,0
CBFB,MUC13,0
CBX7,SCARF1,0
CBFB,ARID3B,0
MEIS1,CTSZ,0
RPA2,CKS1B,0
EBF1,ARMT1,0
FOXO1,BACE1,0
FOXO1,SLC26A2,0
FOXO1,ISG20,0
IRF8,SPIDR,0
NFAT5,SLC26A2,0
RAD51,UAP1,0
IRF8,PBK,0
GATA2,MAGED2,0
RPA1,CD44,0
RAD51,LONP1,0
NFAT5,PIDD1,0
CBX7,PPAT,0
STAT2,COL4A1,0
CBX7,FBXW11,0
IKZF1,PHF11B,0
GFI1B,MAPK12,0
SATB1,IARS,0
CBX7,IARS2,0
JUN,SELL,0
RPA1,HLF,0
FOXO1,TRPC6,0
HCFC1,NSD2,0
SATB1,HP,0
NFAT5,APLP2,0
HCFC1,GRIA3,0
RPA1,MPL,0
IRF8,SOX18,0
ELF1,KPNA1,0
FOXO1,DDX20,0
NFAT5,NPDC1,0
HCFC1,MTUS1,0
STAT2,TINAGL1,0
ELF1,HMBS,0
EBF1,SNX30,0
FOXO1,CSAD,0
NFAT5,H2AFX,0
EBF1,ARID3B,0
RPA2,CCDC137,0
RAD51,MCM5,0
RPA1,DOK2,0
CBX7,GCNT2,0
NFAT5,TECPR1,0
ELF1,LZTS1,0
IRF8,TEX10,0
FOXO1,ITGAL,0
RPA2,FAM111A,0
RAD51,HIF3A,0
ELF1,KIF11,0
RPA2,PIK3IP1,0
EBF1,HARS,0
HDAC2,MMRN1,0
RPA1,ARL11,0
FOXO1,PSMD6,0
STAT2,MECOM,0
ELF1,ARHGEF18,0
STAT2,TBC1D2B,0
RPA2,OTULINL,0
FOXO1,ADSSL1,0
ELF1,LONP1,0
STAT2,CD63,0
STAT2,HK3,0
RPA2,TRMT6,0
NFAT5,TRMT11,0
FOXO1,CDK18,0
GFI1B,PHB2,0
WDR5,IFI44,0
NFAT5,DNAJC5,0
RAD51,ARID5A,0
EBF1,TSPOAP1,0
WDR5,CASP12,0
ELF1,TRIM59,0
NFAT5,TRIB3,0
RAD51,MYO1F,0
RPA2,EMB,0
CBX7,PPP1R9A,0
ELF1,SLC19A1,0
ELF1,JCHAIN,0
IRF8,MEMO1,0
CBX7,CSRP3,0
RPA2,SLC25A46,0
FOXO1,COL4A1,0
RAD51,TUBGCP2,0
HCFC1,PNCK,0
EBF1,AP3S1,0
FOXO1,RTEL1,0
RAD51,RABGGTB,0
RAD51,TBC1D5,0
ELF1,RARB,0
GFI1B,RCC1,0
NFAT5,TRMT6,0
FOXO1,CNIH1,0
RPA2,NMD3,0
SATB1,GM5111,0
HCFC1,NDN,0
FOXO1,ORC6,0
MYC,CTLA2A,0
NFAT5,GOLT1B,0
RPA1,IPO9,0
WDR5,SLC7A4,0
FOXO1,RGS18,0
EBF1,WDR55,0
ELF1,SVIP,0
RAD51,SLC7A4,0
EBF1,GBP2,0
IRF8,HID1,0
SATB1,IL12A,0
GFI1B,FSTL1,0
SATB1,KIF13A,0
NFAT5,PTTG1IP,0
STAT2,TM6SF1,0
RPA1,PLIN3,0
RAD51,PPM1F,0
EBF1,SIRPA,0
RPA2,FASTKD3,0
CBX7,NDE1,0
IRF8,ZBTB38,0
EBF1,AGPS,0
CBFB,IFI27L2A,0
RAD51,MORC3,0
CBX7,USP10,0
NFAT5,ME2,0
NFAT5,WDR4,0
RAD51,PADI4,0
RPA2,NCEH1,0
RPA1,CTSG,0
NFAT5,SLC29A1,0
NFAT5,NSUN2,0
RPA1,IARS,0
FOXO1,ST6GALNAC4,0
RAD51,TMEM43,0
HDAC2,SLC7A4,0
FOXO1,CTSF,0
EBF1,BC005561,0
RPA2,NASP,0
EBF1,YBX3,0
RAD21,EMID1,0
IKZF1,TIE1,0
FOXO1,NCEH1,0
RAD51,GIMAP8,0
WDR5,SLC22A3,0
NFAT5,LMAN2L,0
NFAT5,CD300A,0
STAT2,APOE,0
IKZF1,ANXA3,0
ELF1,SHCBP1,0
RPA2,CYB5R1,0
IRF8,CNN3,0
GFI1B,THEMIS2,0
RPA2,HDAC2,0
GATA2,VDR,0
NFAT5,MGAT1,0
FOXO1,GMIP,0
STAT2,SYTL1,0
CBFB,CCR2,0
RAD51,XPNPEP1,0
RPA2,IPO9,0
RAD51,ANXA2,0
NFAT5,EBF1,0
IRF8,NDRG2,0
FOXO1,HAAO,0
CBX7,MOGS,0
MEIS1,LY9,0
EBF1,ELMO2,0
RPA2,CENPA,0
NFAT5,IL27RA,0
RAD51,TTLL12,0
CBX7,SLA2,0
NFAT5,PRMT7,0
SATB1,MYCT1,0
GFI1B,SPCS3,0
GFI1B,CTSG,0
FOXO1,IFI30,0
EBF1,FOXRED1,0
RAD51,MTCH2,0
RAD51,EBI3,0
RPA1,ADSSL1,0
GFI1B,PWP2,0
RAD51,ARL8B,0
JUN,ADGRL4,0
NFAT5,MYCN,0
NFAT5,IL12A,0
FOXO1,RANBP3,0
RPA2,CTSZ,0
NFAT5,KCTD12,0
NFAT5,FLNB,0
NFAT5,GARS,0
GFI1B,PAK1,0
RAD51,TES,0
FOXO1,LAPTM4B,0
RPA1,GNL3,0
RPA2,UBE2C,0
FOXO1,TESPA1,0
NFAT5,NCAPG,0
MYC,TRPC6,0
RAD51,PHB2,0
RAD51,FGL2,0
ELF1,TUBA4A,0
STAT2,TSC22D3,0
RPA2,EDEM1,0
FOXO1,PTPRE,0
RAD51,THADA,0
RPA1,SLC18A2,0
ELF1,SYTL1,0
NFAT5,SMPD4,0
GFI1B,PLXDC2,0
GFI1B,OBSL1,0
RAD21,LY6C2,0
RAD51,ARCN1,0
GATA2,CRISPLD1,0
RPA2,KCTD20,0
IRF8,PLXNC1,0
FOXO1,PLD3,0
FOXO1,ABHD17B,0
SATB1,ENPP5,0
RPA1,UBE2L6,0
RPA2,FBXW11,0
ELF1,SETD2,0
RPA2,ADGRL4,0
RPA1,TBC1D5,0
EBF1,RELB,0
RPA2,ATAD1,0
IRF8,USP11,0
RPA1,SLC19A1,0
HDAC2,ADGRL4,0
RPA2,CTLA2A,0
RPA2,ARL11,0
FOXO1,RACGAP1,0
ELF1,CDC7,0
CBX7,ODC1,0
CBX7,HNRNPLL,0
GATA2,SGCE,0
EBF1,ZFP945,0
RPA1,UBA7,0
IRF8,TTLL12,0
RPA2,RPN1,0
RPA2,RASSF4,0
RPA2,PLPPR3,0
IRF8,PTPRE,0
CBX7,ALDOC,0
MYC,TINAGL1,0
MEIS1,FLNA,0
ELF1,HLF,0
CBFB,ADGRL4,0
RPA2,RARS,0
NFAT5,REXO2,0
RPA1,CASP4,0
SPI1,MMRN1,0
RAD51,TIFAB,0
RAD51,TRPC6,0
FOXO1,CD300A,0
JUN,PECAM1,0
FOXO1,5430427O19RIK,0
SATB1,FLOT2,0
EBF1,RMND5A,0
IRF8,PAK1,0
EBF1,GM4951,0
STAT2,MYB,0
RPA1,GALNT6,0
GATA2,SHISA8,0
RPA1,IL21R,0
RPA2,GPR65,0
IRF8,DUT,0
GFI1B,RPN1,0
EBF1,FEM1A,0
WDR5,TEAD2,0
SATB1,USP10,0
GFI1B,TLE2,0
RPA1,IIGP1,0
GFI1B,LGALS1,0
HCFC1,CCR2,0
RPA1,RANBP3,0
GFI1B,ZBTB16,0
RAD51,SPPL2B,0
NFAT5,EPAS1,0
FOXO1,ELMO2,0
RPA2,RAP1B,0
WDR5,ADORA2A,0
CBFB,NCF1,0
NFAT5,CYBC1,0
ELF1,MTMR1,0
GFI1B,GMCL1,0
STAT2,TNIP3,0
SATB1,GFI1B,0
RAD51,TYMS,0
CBFB,TINAGL1,0
RAD51,LGALS1,0
RAD51,MTREX,0
MEIS1,LZTS1,0
RAD51,CSF1R,0
IRF8,SLC28A2,0
RPA1,MMRN1,0
RPA1,LSP1,0
RAD51,OSBPL1A,0
CBX7,HP,0
RPA2,SLFN2,0
RAD51,FOXO1,0
IRF8,FAM91A1,0
IRF8,SERPINB1A,0
CBX7,MCM4,0
EBF1,CDC6,0
GFI1B,GUSB,0
IRF8,ABL2,0
RPA1,CKAP2L,0
MEIS1,IARS2,0
RAD51,CDT1,0
FOXO1,ARRDC4,0
RPA2,ALDH18A1,0
WDR5,GM5111,0
RPA2,AURKB,0
RPA2,IRF9,0
GFI1B,CDCA7,0
NFAT5,CLN5,0
NFAT5,IMMT,0
RPA2,TOR3A,0
RAD51,PRKCH,0
CBFB,GRK3,0
IRF8,LZTS1,0
IRF8,SNRPB,0
ELF1,GFI1B,0
IKZF1,MS4A3,0
RPA1,SPNS2,0
RPA1,RELB,0
IRF8,ART4,0
CBX7,HDAC11,0
HDAC2,IGSF6,0
ELF1,RBPMS,0
ELF1,SUSD3,0
CBX7,ECT2,0
NFAT5,LMO4,0
RPA2,NDUFV1,0
CBX7,CEP55,0
RPA2,MFSD1,0
HCFC1,SALL2,0
NFAT5,IDH3A,0
EBF1,TIE1,0
MEIS1,COL4A2,0
CBX7,CTTN,0
EBF1,NARS,0
ELF1,SORL1,0
RAD51,MCPT8,0
EBF1,SLC7A4,0
GFI1B,PYGM,0
RAD51,SDF2L1,0
RPA2,WDR5,0
CBX7,CASP1,0
NFAT5,TTF2,0
FOXO1,CASP4,0
STAT2,APBB1,0
MEIS1,AURKB,0
RPA2,RPP40,0
RPA1,PRKCQ,0
NFAT5,CSGALNACT1,0
GFI1B,NUAK2,0
JUN,SLC7A4,0
RPA2,GBP2,0
RPA1,NFATC2,0
RPA1,CBX7,0
RAD51,IFI209,0
FOXO1,C1RL,0
CBX7,CCL9,0
RPA1,MCM2,0
RPA2,CCNB2,0
STAT2,GATM,0
RPA1,TM6SF1,0
RPA2,MYO5A,0
RPA1,AURKB,0
RAD51,HMBS,0
RPA2,NECAP2,0
NFAT5,MRPL20,0
RPA2,FCGR3,0
RAD51,ARHGEF18,0
NFAT5,ARID5A,0
RPA2,PTPN7,0
NFAT5,HDAC7,0
NFAT5,SNX30,0
IRF8,CAPG,0
RPA2,IFI30,0
RPA1,SZT2,0
MEIS1,UBA7,0
RAD21,PDE4D,0
RPA1,DUS1L,0
IRF8,PRKCH,0
FOXO1,DNAJC10,0
HDAC2,PDE4D,0
RPA2,SLC16A1,0
CBX7,NUP88,0
EBF1,ABCB10,0
GFI1B,SRM,0
IRF8,IARS2,0
IKZF1,JCHAIN,0
GFI1B,PTTG1IP,0
NFAT5,RUVBL2,0
NFAT5,RGS1,0
GFI1B,LYN,0
RPA1,LACTB,0
RPA2,GCNT2,0
RPA1,CKS2,0
FOXO1,MAMDC2,0
ELF1,GRK3,0
RPA1,PGLYRP2,0
IRF8,MAD2L1,0
RPA2,CPA3,0
RPA2,GLB1,0
RPA1,EIF2S1,0
MEIS1,MAPK12,0
EBF1,GIMAP5,0
EBF1,THADA,0
CBX7,PCMTD1,0
MEIS1,MYL10,0
RPA2,AHCYL1,0
HDAC2,ROBO4,0
ELF1,ANXA2,0
RAD51,MGAT5,0
RPA2,EMILIN1,0
NFAT5,CTC1,0
RPA2,MCOLN2,0
RAD51,NFE2,0
NFAT5,ANGPT1,0
RPA1,ATAD1,0
RPA1,ATP6AP2,0
RPA2,MS4A3,0
MEIS1,ZBTB20,0
IRF8,RORC,0
RAD21,PDZK1IP1,0
RAD51,CTSF,0
CBX7,ACOX3,0
RPA2,HK3,0
RPA1,NFAM1,0
RPA1,AP3S1,0
RPA1,C1RL,0
RPA2,PFKP,0
RAD51,BID,0
GFI1B,SGMS1,0
RAD51,EPAS1,0
RPA1,SORL1,0
EBF1,S100A6,0
SATB1,PRTN3,0
HDAC2,SPO11,0
RPA1,HACD3,0
RAD51,BCAP29,0
CBX7,IL6ST,0
RAD51,ZEB2,0
NFAT5,HARS,0
GATA2,GPR65,0
RPA2,CBX7,0
NFAT5,CDCA4,0
EBF1,NDUFS1,0
EBF1,CSTF2,0
FOXO1,TBC1D10C,0
RAD51,SLC19A1,0
SATB1,TOP2A,0
EBF1,RGS1,0
NFAT5,IFITM1,0
CBX7,TRIM35,0
RPA2,ACOX3,0
FOXO1,GLB1,0
EBF1,GNS,0
RPA1,AURKA,0
SATB1,SOX18,0
RAD51,JPT2,0
RPA2,TBC1D2B,0
ELF1,RAB38,0
ELF1,TSPAN3,0
RPA2,POLR2B,0
RPA1,TIE1,0
HCFC1,MMRN1,0
RPA2,SSH3,0
RPA1,H2-OB,0
MYC,IFI44,0
FOXO1,DENND2D,0
RPA1,CYB5R1,0
RPA2,ZMIZ1,0
IKZF1,GM1966,0
RPA2,MCPT8,0
ELF1,FCGR2B,0
STAT2,NR3C2,0
RAD51,NUF2,0
FOXO1,CENPF,0
GFI1B,MCM3,0
RPA2,SLC19A1,0
GATA2,H2-AA,0
RPA1,USP14,0
RAD51,NWD1,0
GATA2,DDX60,0
EBF1,ALDOC,0
EBF1,MYO1G,0
SATB1,TNIP3,0
FOXO1,JPT2,0
SATB1,ABL1,0
MEIS1,STXBP4,0
FOXO1,TFRC,0
FOXO1,ADA,0
RPA2,TFG,0
ELF1,ADSSL1,0
CBX7,IMMT,0
FOXO1,POLE3,0
GATA2,CHCHD10,0
EBF1,SLC2A3,0
RPA2,IL17RA,0
EBF1,SETD2,0
RPA2,CD244A,0
GFI1B,TRIB3,0
FOXO1,TAF12,0
RPA2,NCAPG2,0
NFAT5,TES,0
CBX7,PSEN1,0
FOXO1,COPB1,0
RPA1,JARID2,0
CBX7,CTSG,0
WDR5,TRIM16,0
STAT2,PRTN3,0
GATA2,PLXNC1,0
GATA2,CCL9,0
RPA1,RGS1,0
EBF1,ATG12,0
NFAT5,NAPRT,0
ELF1,HMGB2,0
FOXO1,TRIM47,0
RAD51,PFKP,0
WDR5,CDK18,0
IRF8,RUNX1T1,0
GFI1B,ZBTB20,0
CBX7,ANXA3,0
NFAT5,IIGP1,0
STAT2,GP9,0
RAD51,CTR9,0
FOXO1,TBXAS1,0
GATA2,RTP4,0
STAT2,KIF17,0
RAD51,TRIM47,0
MEIS1,IFI209,0
HCFC1,TSPAN14,0
IRF8,CSRP3,0
RPA1,NDUFS1,0
FOXO1,ASF1B,0
FOXO1,GUSB,0
IRF8,OBSL1,0
ELF1,NKG7,0
RPA2,SNRNP200,0
IRF8,PPAT,0
GATA2,GABBR1,0
WDR5,PLXNC1,0
NFAT5,SSH3,0
RAD51,PRIM1,0
NFAT5,SLCO3A1,0
RPA1,ARID3B,0
RAD51,MYCT1,0
GFI1B,LMAN2L,0
RPA1,MTUS1,0
RPA1,MCM4,0
SATB1,CD82,0
FOXO1,ATG12,0
IRF8,TNFRSF13C,0
EBF1,MS4A6C,0
WDR5,SALL2,0
RPA2,RTEL1,0
CBX7,SF3B3,0
FOXO1,GTF2H1,0
ELF1,SNAP47,0
IKZF1,CCR2,0
RAD51,MCOLN2,0
RAD51,ABCE1,0
RAD51,MLLT3,0
RPA1,PIK3IP1,0
RPA1,PLA2G12A,0
RPA2,LONP2,0
FOXO1,NDUFA10,0
RAD51,ELAC2,0
RPA2,FGL2,0
IRF8,SESN1,0
GFI1B,GNG2,0
FOXO1,FUT7,0
RPA2,RRM1,0
RAD51,KIF22,0
MEIS1,AURKA,0
EBF1,PGLYRP2,0
CBX7,PHKB,0
ELF1,IFITM1,0
IRF8,PRELID3B,0
FOXO1,ANXA3,0
NFAT5,FAM91A1,0
FOXO1,AGPS,0
EBF1,TBC1D5,0
CBX7,GNG11,0
EBF1,RAB31,0
RAD51,SERP1,0
RPA1,MAPK1,0
IRF8,SUPV3L1,0
RPA1,MAMDC2,0
RPA1,TRIM59,0
RPA2,RUVBL2,0
RPA1,ABCB8,0
FOXO1,PPID,0
IKZF1,ZBTB16,0
ELF1,MTUS1,0
EBF1,CSF2RB,0
IRF8,EMCN,0
RPA2,CDCA3,0
RAD51,CYP4V3,0
NFAT5,EFTUD2,0
NFAT5,SLC31A1,0
RPA1,KIF13A,0
RPA1,TCP11L2,0
SATB1,ICAM1,0
MEIS1,RCSD1,0
CBX7,ESAM,0
EBF1,PSMD1,0
CBX7,CDCA5,0
MEIS1,CENPE,0
CBX7,APLP2,0
RPA2,MIS12,0
GATA2,5430427O19RIK,0
FOXO1,TSPAN3,0
SATB1,EPAS1,0
RAD51,EPSTI1,0
RPA2,RPS6KA3,0
GFI1B,TBXAS1,0
CBX7,DHFR,0
CBX7,TMEM173,0
FOXO1,PYGM,0
GATA2,PDZK1IP1,0
RAD51,PSAT1,0
GFI1B,PRPS2,0
FOXO1,FLT3,0
FOXO1,SLC30A5,0
NFAT5,EMILIN1,0
NFAT5,GM1966,0
RPA2,DDX60,0
NFAT5,ENPP5,0
WDR5,FGL2,0
RAD51,FCGRT,0
NFAT5,CNN3,0
RPA1,MIEF1,0
SATB1,TIE1,0
HCFC1,CD300A,0
GFI1B,NCLN,0
SATB1,RFC5,0
GFI1B,ATG12,0
MEIS1,EGR1,0
GFI1B,EMCN,0
GFI1B,USP10,0
HCFC1,SCARF1,0
CBFB,BC035044,0
GFI1B,MAPKAPK3,0
RAD21,CRISPLD1,0
RAD51,SAMD9L,0
SATB1,ALAS1,0
CBFB,HP,0
RAD51,IRF8,0
MEIS1,SPO11,0
RPA2,4833439L19RIK,0
RPA1,PARP8,0
SATB1,GATA2,0
FOXO1,CYP2J9,0
FOXO1,IL12A,0
IRF8,ALDOC,0
GATA2,H2-Q6,0
NFAT5,SLC35E1,0
IKZF1,OBSCN,0
RPA2,ARHGEF18,0
IRF8,GTF2F1,0
MEIS1,F11R,0
NFAT5,SLFN2,0
FOXO1,SLC16A1,0
RPA2,EYA2,0
RPA2,RNF38,0
GFI1B,F11R,0
RPA2,ZNRF2,0
JUN,MCPT8,0
RPA1,9430015G10RIK,0
NFAT5,HMGB2,0
RPA1,PRPF4,0
RAD51,GM1966,0
ELF1,CTTN,0
GATA2,BPIFC,0
RAD51,SOCS2,0
IKZF1,GP9,0
RAD51,TUBA4A,0
CBX7,ACAA2,0
CBX7,MYO1G,0
RPA2,ODC1,0
RPA2,PPM1F,0
HCFC1,KRT18,0
CBFB,FCGR2B,0
RPA2,FGGY,0
RPA1,GP9,0
JUN,PIDD1,0
RPA2,MGAT5,0
STAT2,TIE1,0
CBFB,ESAM,0
RAD51,GCLC,0
RPA1,MUC13,0
CBX7,HAAO,0
RPA1,CCNA2,0
RPA1,SLC26A2,0
RAD51,SGCE,0
CBX7,YBX3,0
EBF1,PSAT1,0
CBX7,OAS3,0
SATB1,RARB,0
GFI1B,MRPL37,0
WDR5,HDC,0
CBX7,GK,0
ELF1,COQ8A,0
FOXO1,AP1S2,0
NFAT5,RTEL1,0
EBF1,RUNX1T1,0
RAD51,CERS6,0
HCFC1,IRF6,0
WDR5,MYL10,0
NFAT5,TBL3,0
NFAT5,ADSL,0
RPA2,NCLN,0
RPA1,SLC29A1,0
NFAT5,FLOT2,0
RAD51,PDZK1IP1,0
GFI1B,CD300A,0
FOXO1,FEM1B,0
RAD51,TSPAN2,0
SATB1,IGFBP4,0
IKZF1,LY6C2,0
HDAC2,MS4A3,0
NFAT5,TOMM70A,0
RAD51,METTL7A1,0
WDR5,COL4A1,0
EBF1,SLCO3A1,0
RPA1,9530068E07RIK,0
FOXO1,SH2D5,0
FOXO1,CUL3,0
CBX7,CKS1B,0
NFAT5,CAMK2D,0
RPA2,DOCK10,0
FOXO1,HDAC11,0
RAD51,UMPS,0
NFAT5,BACE1,0
CBX7,TRMT6,0
MEIS1,GBP7,0
NFAT5,IRF6,0
FOXO1,NWD1,0
RPA2,VAV3,0
RPA1,ATP10A,0
GFI1B,PIK3R1,0
IRF8,MAMDC2,0
RAD51,SLA2,0
SATB1,CSAD,0
SATB1,ISYNA1,0
FOXO1,STRAP,0
RPA1,LY86,0
NFAT5,C1RL,0
FOXO1,SLPI,0
ELF1,TNFAIP2,0
IRF8,CKS1B,0
RPA2,CD52,0
GFI1B,FTSJ3,0
HCFC1,IL12A,0
CBFB,NAV1,0
JUN,MYB,0
EBF1,WDR5,0
EBF1,LMAN2L,0
RPA2,HMBS,0
GFI1B,RETREG1,0
GATA2,ATP6AP2,0
IRF8,ADO,0
SATB1,PYGM,0
CBX7,NKG7,0
ELF1,CDK6,0
RPA1,TIPIN,0
RAD51,CASP4,0
SATB1,MRPL37,0
RPA2,SPTBN1,0
FOXO1,PPM1F,0
RPA1,JUN,0
RPA1,CHCHD10,0
NFAT5,CSF3R,0
NFAT5,KLF6,0
GATA2,CTSG,0
MEIS1,ARID2,0
FOXO1,CTLA2A,0
EBF1,ENPP5,0
RAD21,PADI4,0
RPA1,SOCS2,0
RPA2,ITCH,0
FOXO1,MIS12,0
RAD51,UBR7,0
CBX7,CD68,0
NFAT5,FOXO1,0
CBX7,UMPS,0
RPA1,CD48,0
MEIS1,IGFBP4,0
STAT2,ELANE,0
RPA1,GSR,0
RAD51,CREB5,0
SATB1,MBNL3,0
RAD51,TXNDC11,0
EBF1,CD48,0
STAT2,RARB,0
RPA1,CST7,0
HCFC1,ART4,0
RPA1,SLBP,0
RPA1,WDR43,0
SPI1,SSH3,0
RPA2,TIMM29,0
JUN,ABCG3,0
RAD51,DDX58,0
MYC,GM5111,0
HCFC1,PARP8,0
HCFC1,CNRIP1,0
IKZF1,CTSL,0
HCFC1,MAMDC2,0
GFI1B,VPS35,0
RAD51,TRIB3,0
RPA1,RASSF4,0
RAD51,CDCA3,0
GFI1B,CD93,0
IRF8,API5,0
FOXO1,PPP1CB,0
SATB1,SNAP47,0
RPA2,PPAT,0
EBF1,TNIP3,0
CBX7,ELANE,0
RPA2,ZBTB38,0
NFAT5,LY86,0
RPA1,STAT2,0
JUN,GP9,0
GFI1B,MPI,0
NFAT5,FBXW11,0
NFAT5,DOCK11,0
RPA1,CBX5,0
RPA1,PIM2,0
RPA2,SPO11,0
NFAT5,PTPN7,0
RAD51,GNG12,0
FOXO1,SOX18,0
STAT2,TCN2,0
FOXO1,GP9,0
RAD51,ABCG2,0
EBF1,PRR5,0
GATA2,SIGLECG,0
WDR5,CPA3,0
RAD51,TACC3,0
EBF1,KRT18,0
STAT2,CYFIP2,0
RPA2,MAN2A2,0
FOXO1,TYROBP,0
RPA1,RUNX1T1,0
IRF8,RB1,0
FOXO1,IFI203,0
SPI1,HLF,0
ELF1,MAML3,0
RPA2,TMEM176A,0
RPA2,CTC1,0
RPA2,SLC18A2,0
IRF8,FSTL1,0
ELF1,NPLOC4,0
RPA1,CYBC1,0
SATB1,PBX1,0
HCFC1,MYL10,0
FOXO1,HSPA1A,0
RPA1,PTTG1IP,0
RPA1,POLR1B,0
CBX7,POR,0
FOXO1,DTL,0
IRF8,PDIA4,0
FOXO1,SPC24,0
IRF8,STXBP4,0
IRF8,GNL3,0
RPA1,DUT,0
RPA2,DUT,0
FOXO1,TNIP3,0
CBX7,ARHGEF18,0
GATA2,MAMDC2,0
FOXO1,DEF8,0
EBF1,SGMS1,0
RPA1,CUL3,0
GFI1B,PTGS1,0
IRF8,COLGALT1,0
IRF8,MAGED2,0
RPA1,FGFR1OP,0
RPA1,VKORC1L1,0
RAD51,FASTKD2,0
CBFB,LY6C2,0
RPA1,PTGS1,0
NFAT5,RAD21,0
GFI1B,TCN2,0
NFAT5,MAPK12,0
EBF1,MCM2,0
SATB1,TBXAS1,0
RAD51,TCF19,0
RPA2,CSE1L,0
EBF1,VIPR2,0
EBF1,CASP4,0
NFAT5,HAT1,0
RPA2,NEDD1,0
NFAT5,PREP,0
IRF8,PCMTD2,0
RPA1,SSH3,0
RPA2,ADGRG3,0
FOXO1,MFNG,0
WDR5,TNIP3,0
RAD51,ATP11C,0
GATA2,ESAM,0
HCFC1,RASSF4,0
RAD51,TIE1,0
RAD51,OSBPL8,0
RPA1,ABCG3,0
ELF1,CHRNB1,0
RPA2,SLC26A2,0
RPA2,TIMP2,0
RAD51,DNAJC9,0
FOXO1,EIF3B,0
RAD51,ZBTB38,0
STAT2,PLAC8,0
RAD51,ADORA2A,0
STAT2,OSGIN1,0
NFAT5,GABBR1,0
RPA1,SEC23IP,0
RPA1,PRMT5,0
NFAT5,CSTF2,0
NFAT5,SNRPB,0
MEIS1,PDZK1IP1,0
RPA1,YPEL3,0
STAT2,MYL10,0
RPA1,SELENBP1,0
NFAT5,GNG2,0
FOXO1,CDKN1A,0
SATB1,FGGY,0
EBF1,TRPS1,0
NFAT5,TMEM206,0
RPA2,NOL9,0
GFI1B,PFKP,0
RPA1,NCAPG,0
MYC,LZTS1,0
RPA2,IDH1,0
RPA2,CLPTM1L,0
CBX7,CYC1,0
EBF1,HUS1,0
FOXO1,CSF1R,0
EBF1,RNF4,0
GFI1B,FGGY,0
RPA2,SPNS3,0
SPI1,ATP6AP1,0
WDR5,IIGP1,0
NFAT5,PRKCQ,0
CBX7,STAG2,0
RAD51,INCENP,0
RAD51,RANGAP1,0
CBX7,KIF22,0
FOXO1,GBP3,0
RAD51,EMB,0
SATB1,PDE4D,0
CBX7,SRSF1,0
JUN,GRIA3,0
EBF1,KCNK5,0
NFAT5,NECAP2,0
ELF1,FLNA,0
ELF1,5430427O19RIK,0
RPA1,SPI1,0
RPA1,NUP107,0
NFAT5,PITPNC1,0
SATB1,CTPS,0
IRF8,ACLY,0
IRF8,VPS35,0
FOXO1,CFP,0
NFAT5,PWP2,0
CBFB,EFCC1,0
ELF1,RCSD1,0
FOXO1,CCR2,0
RPA1,EML4,0
GFI1B,DUSP1,0
FOXO1,SLFN2,0
MEIS1,BDH2,0
NFAT5,NDRG2,0
RPA2,CHRNB1,0
WDR5,SEC24D,0
MEIS1,CSF1R,0
RAD51,BCL2,0
GATA2,PNCK,0
RPA1,SLCO4A1,0
RAD51,MYCN,0
RAD51,SPI1,0
ELF1,METTL7A1,0
RAD51,CD300A,0
RPA2,ABL2,0
NFAT5,TGTP1,0
MEIS1,ZFP35,0
RPA1,SARAF,0
GATA2,SLC43A3,0
FOXO1,PLIN3,0
GFI1B,CD52,0
ELF1,CCNA2,0
GFI1B,PADI4,0
IRF8,RGCC,0
STAT2,SYK,0
HCFC1,IFITM1,0
HCFC1,ADGRG3,0
EBF1,INCENP,0
RPA2,CHORDC1,0
IRF8,CSGALNACT2,0
CBX7,TMEM50B,0
RPA1,KPNA1,0
CBX7,XPNPEP1,0
NFAT5,PHF6,0
SATB1,NPDC1,0
RAD51,DHRS3,0
CBX7,H2-OB,0
CBX7,FAM189B,0
RAD51,TNPO1,0
RAD51,UBASH3A,0
EBF1,NCAPG,0
WDR5,TRIM47,0
RPA1,RARB,0
GFI1B,CKAP5,0
EBF1,ZFP322A,0
SATB1,NAV1,0
CBFB,OBSCN,0
CBX7,BUB1,0
ELF1,PDE4D,0
RAD51,ITIH5,0
RAD51,ISG20,0
FOXO1,PKIB,0
SATB1,SUSD3,0
IRF8,TARS,0
RPA2,PARP8,0
EBF1,NAMPT,0
RAD51,ATP6AP2,0
SATB1,ALDOC,0
RPA2,RNF4,0
NFAT5,MYCT1,0
NFAT5,PPM1G,0
GFI1B,F13A1,0
RPA2,RAD51,0
RPA1,PIDD1,0
EBF1,MED16,0
EBF1,ZFP24,0
RPA1,AGPS,0
ELF1,CSAD,0
RPA1,HMGB3,0
IRF8,ZHX1,0
MEIS1,CD48,0
EBF1,ACSS2,0
FOXO1,ME2,0
EBF1,SIGLECG,0
GFI1B,JARID2,0
FOXO1,CCDC50,0
RPA1,NDC80,0
RPA1,PPM1F,0
NFAT5,TSPAN3,0
IRF8,NDN,0
RPA1,PHF5A,0
JUN,NKG7,0
RPA1,CFP,0
EBF1,ITCH,0
IRF8,NRROS,0
RPA1,FLNB,0
HCFC1,MS4A3,0
RAD51,PRTN3,0
FOXO1,CTTN,0
NFAT5,TCF19,0
WDR5,SLA2,0
ELF1,GRIA3,0
NFAT5,CTPS,0
CBX7,MRPL20,0
EBF1,FLNA,0
RPA2,MFSD14B,0
FOXO1,RBPMS,0
IRF8,WDR4,0
RPA1,TOP3B,0
RPA2,CYBC1,0
STAT2,RNF122,0
NFAT5,TMEM176A,0
GFI1B,MEMO1,0
FOXO1,ICAM1,0
CBX7,ARMT1,0
CBX7,MR1,0
RPA2,SLC29A1,0
SPI1,PPP1R9A,0
RPA1,MSH6,0
FOXO1,CLEC4E,0
CBX7,CTPS,0
NFAT5,LDHB,0
EBF1,NCAPH,0
RPA2,HDC,0
IRF8,ATG12,0
NFAT5,SGCE,0
FOXO1,TNFAIP2,0
HCFC1,PLSCR4,0
IRF8,MUC13,0
GFI1B,MYO1G,0
MEIS1,VSIR,0
RAD51,NARS,0
ELF1,RASSF4,0
RPA1,STAG2,0
CBX7,BYSL,0
NFAT5,GM4951,0
HCFC1,JAM3,0
RPA1,HCFC1,0
ELF1,LACTB,0
CBFB,LY6A,0
SATB1,ESAM,0
RPA1,ZBTB38,0
RPA2,FAM76B,0
EBF1,CFP,0
STAT2,RHOF,0
RAD51,CKAP2,0
RPA1,NUSAP1,0
RAD21,MYCT1,0
EBF1,FAM91A1,0
CBX7,EEF1E1,0
SATB1,FGL2,0
STAT2,ATP6AP2,0
IRF8,MED16,0
EBF1,NOP2,0
CBFB,PLPPR3,0
RPA2,CCNB1,0
GATA2,TMEM173,0
EBF1,TSC22D1,0
GFI1B,ERCC8,0
IRF8,NUP93,0
GFI1B,ARID2,0
RPA2,ME2,0
FOXO1,SELL,0
ELF1,APBB1,0
ELF1,IL6ST,0
CBX7,CBFB,0
NFAT5,TFR2,0
NFAT5,ATP8B4,0
RPA2,SORL1,0
CBX7,HCFC1,0
RPA2,RPA1,0
RAD51,LONP2,0
CBX7,MED16,0
IRF8,NPTN,0
EBF1,PHF10,0
HCFC1,EMB,0
RAD51,LYN,0
SATB1,RNF122,0
GFI1B,PPP1R9A,0
GFI1B,SGCE,0
RPA1,PIK3R1,0
HCFC1,SUSD3,0
ELF1,CASP4,0
NFAT5,LAX1,0
FOXO1,GANAB,0
RPA1,CAD,0
RPA2,ZBTB16,0
RPA1,LIG1,0
NFAT5,RGS19,0
RPA1,PRODH,0
IKZF1,NAPRT,0
WDR5,EGR1,0
JUN,UBASH3A,0
FOXO1,ITPR1,0
RAD51,STX3,0
RPA1,TCF19,0
RPA2,CSF1R,0
EBF1,CTLA2B,0
GFI1B,H2-OB,0
IRF8,PYGM,0
RPA1,TLE2,0
RPA1,TMEM154,0
EBF1,FBXO5,0
IRF8,SLC22A3,0
GFI1B,EBF1,0
GFI1B,SERPINA3G,0
WDR5,RUNX1T1,0
FOXO1,SLCO3A1,0
RAD51,ARRDC4,0
NFAT5,GBP7,0
FOXO1,NUDT19,0
ELF1,MRPL37,0
IRF8,TYMS,0
RPA2,BCL2,0
EBF1,BCL2,0
EBF1,ZMIZ1,0
IRF8,RPA1,0
GFI1B,SNAP23,0
RPA2,ABCE1,0
RAD51,NUAK2,0
RPA1,H2-AA,0
RPA2,MAP4K2,0
RPA2,TSC22D3,0
GATA2,CYFIP2,0
RAD51,CD68,0
RPA2,PRMT7,0
RAD51,NUP107,0
IRF8,SORL1,0
NFAT5,ZNRF2,0
WDR5,B3GNT5,0
NFAT5,MUC13,0
RPA1,NUDT4,0
WDR5,TIE1,0
IRF8,IFRD2,0
JUN,SLC18A2,0
RPA1,GLIPR2,0
ELF1,ENPP5,0
NFAT5,CAPG,0
SATB1,AFAP1L1,0
RPA1,METAP1,0
RAD51,CDK1,0
RAD51,H2-Q6,0
GATA2,1700017B05RIK,0
EBF1,FBXW11,0
ELF1,SATB1,0
EBF1,EMB,0
EBF1,HCFC1,0
CBX7,RARS,0
RAD51,REXO2,0
IRF8,CD9,0
NFAT5,EGR1,0
FOXO1,LZTS1,0
FOXO1,NECAP2,0
NFAT5,ACSS1,0
RPA1,GM1966,0
MEIS1,OBSCN,0
SATB1,BC035044,0
FOXO1,RAB31,0
STAT2,RAB44,0
RPA2,DENND1C,0
IRF8,KCNK5,0
RAD51,ATP6AP1,0
IRF8,TOR3A,0
RPA2,TMEM37,0
RAD51,ZFP367,0
EBF1,CD44,0
RPA1,SEH1L,0
RPA2,FCHO2,0
RPA1,CERS6,0
RAD51,SLC37A1,0
RPA2,RCOR1,0
EBF1,MCM3,0
RPA1,SLC35B4,0
RPA2,SDF2L1,0
NFAT5,GIMAP6,0
RPA1,WSB1,0
GFI1B,EMB,0
CBX7,SPC25,0
RPA1,NFKBIA,0
RAD51,GM4951,0
RPA1,SLC39A6,0
IRF8,ADGRG3,0
GFI1B,ROBO4,0
SATB1,PRR5,0
GFI1B,SLC31A1,0
CBX7,MCM5,0
RPA1,VDR,0
RAD51,MMRN1,0
IRF8,ADA,0
CBFB,H2-AA,0
CBX7,NOP2,0
HDAC2,PECAM1,0
IRF8,PRKCQ,0
RPA1,VAV3,0
NFAT5,MCM3,0
IRF8,PLXDC2,0
WDR5,BTK,0
MEIS1,GEMIN5,0
EBF1,ENG,0
SATB1,TLE2,0
RPA1,AHCYL1,0
WDR5,JCHAIN,0
EBF1,FRRS1,0
EBF1,SUPV3L1,0
RPA2,PARVG,0
MEIS1,CD274,0
RAD51,MAPKAPK3,0
IRF8,CCNB2,0
FOXO1,REL,0
RPA1,GM5111,0
GFI1B,SPO11,0
EBF1,RGS2,0
GFI1B,TRMT6,0
FOXO1,ERGIC1,0
IRF8,MTREX,0
RPA2,LRRC8B,0
SATB1,GRK3,0
RAD51,CUL3,0
CBX7,GBP2,0
RPA1,TRIB3,0
HCFC1,FSTL1,0
RPA1,COL4A1,0
EBF1,CTSF,0
NFAT5,PAK1,0
WDR5,CTLA2A,0
EBF1,EPAS1,0
RPA1,TMX3,0
MYC,PDE4D,0
HCFC1,CRISPLD1,0
EBF1,ABCE1,0
NFAT5,CYFIP2,0
RPA2,PRODH,0
RPA1,HASPIN,0
SATB1,PLAG1,0
NFAT5,CYP2J9,0
RAD51,ATP13A1,0
ELF1,EBF1,0
RAD51,HDC,0
RPA1,BCL2,0
RAD51,ISYNA1,0
RPA2,TNFAIP2,0
JUN,PDE4D,0
IKZF1,NCF1,0
EBF1,BTK,0
RPA1,SYNJ1,0
RAD51,NKG7,0
STAT2,IGSF6,0
GATA2,CAND2,0
NFAT5,DHRS3,0
NFAT5,CTR9,0
NFAT5,PTPRS,0
EBF1,CYB5R1,0
RAD51,TUBGCP3,0
RPA2,NUF2,0
RPA2,MOGS,0
GFI1B,PEAR1,0
IRF8,CDC45,0
EBF1,CTSO,0
IRF8,CD69,0
IRF8,PLA2G12A,0
RPA1,SCARF1,0
RAD51,VAV3,0
RPA2,CSF2RB,0
IRF8,CCNA2,0
STAT2,TMEM246,0
GFI1B,ESAM,0
GATA2,EBI3,0
ELF1,INPP5B,0
HDAC2,MYCT1,0
EBF1,ITSN1,0
RPA1,MAML3,0
MEIS1,CERK,0
RPA1,FTSJ3,0
RAD51,GNL3,0
EBF1,PRMT7,0
RPA2,DPP8,0
FOXO1,G6PDX,0
RPA2,SNX30,0
CBX7,SLC28A2,0
GFI1B,SPPL2B,0
FOXO1,GATA2,0
IRF8,MC5R,0
RPA2,CST7,0
FOXO1,ANXA2,0
ELF1,CYC1,0
NFAT5,TLE2,0
NFAT5,HK3,0
IRF8,NOLC1,0
GFI1B,UHRF1,0
CBX7,DNAJC10,0
RAD21,ADGRG3,0
GFI1B,JAM3,0
NFAT5,NDUFS1,0
NFAT5,FARSB,0
NFAT5,KIF11,0
ELF1,SPNS2,0
CBX7,ARID3B,0
IRF8,SEH1L,0
IRF8,GANAB,0
IKZF1,FCGR3,0
EBF1,BUB1,0
MEIS1,ABCG3,0
GFI1B,PRSS57,0
RAD21,JCHAIN,0
CBX7,TEX10,0
IRF8,PIM2,0
CBX7,MYL10,0
RPA1,MARS,0
GFI1B,AP1S2,0
FOXO1,PHF6,0
JUN,MS4A3,0
MEIS1,TPM4,0
STAT2,MPL,0
NFAT5,NSD2,0
RAD51,UBE2C,0
EBF1,OBSL1,0
RPA2,OTUD4,0
EBF1,CBFB,0
ELF1,UBAC1,0
GFI1B,PITPNC1,0
NFAT5,PHF11B,0
FOXO1,TUBGCP3,0
FOXO1,NFIA,0
RPA1,ZFP35,0
RPA1,JCHAIN,0
SATB1,XRCC3,0
STAT2,CNRIP1,0
MEIS1,SORL1,0
RPA1,MTMR1,0
NFAT5,CD82,0
SATB1,SSH3,0
EBF1,CD244A,0
ELF1,GBP3,0
ELF1,LAPTM4B,0
GFI1B,LCP2,0
IRF8,DHFR,0
EBF1,PTGR1,0
EBF1,TEAD2,0
EBF1,ZBTB20,0
SATB1,CDKN1C,0
WDR5,LTB,0
NFAT5,NFE2,0
GATA2,IFI44,0
FOXO1,SYNJ1,0
STAT2,MAMDC2,0
STAT2,MAGED2,0
FOXO1,TUBA4A,0
GATA2,HMGB3,0
RAD51,PSMC2,0
GFI1B,RRM2,0
RPA1,SESN1,0
EBF1,SLC31A1,0
MEIS1,DUT,0
WDR5,PLXDC2,0
RAD51,LAX1,0
RPA2,ITIH5,0
NFAT5,TENT5A,0
RAD51,PECAM1,0
RPA1,DEF8,0
GFI1B,FOXRED1,0
RPA1,TMEM229B,0
FOXO1,CAPG,0
RAD51,CD53,0
ELF1,SLC7A4,0
CBX7,TSPAN3,0
SATB1,SH2D5,0
RPA2,CKAP5,0
RPA1,INPP5B,0
EBF1,MLLT3,0
NFAT5,ATF7,0
GFI1B,DEK,0
CBX7,PTPRS,0
RPA2,CTSL,0
RAD51,LY6C2,0
RPA2,PGLYRP2,0
SATB1,NAPRT,0
IRF8,PROCR,0
RPA2,PHF11B,0
CBFB,CSRP3,0
RPA1,CTSL,0
NFAT5,VAV1,0
IRF8,RPS6KA3,0
IKZF1,CD63,0
SPI1,FSTL1,0
RPA1,GBP7,0
MEIS1,RTP4,0
RPA1,PLXNC1,0
RPA2,GM5111,0
IKZF1,GM4951,0
CBFB,ADGRG3,0
GFI1B,SAMD9L,0
RAD51,MPO,0
MYC,CASP4,0
CBX7,HNRNPAB,0
CBFB,MS4A3,0
CBX7,SELENBP1,0
FOXO1,WDR5,0
EBF1,ERLIN1,0
ELF1,PCMTD1,0
RAD51,F11R,0
GFI1B,UAP1,0
GFI1B,STOM,0
EBF1,SERPINB6A,0
RAD51,TIMM50,0
GFI1B,NUP88,0
FOXO1,MPO,0
EBF1,CEP55,0
WDR5,PRPS2,0
MEIS1,CPA3,0
GFI1B,CTSF,0
EBF1,GATA2,0
ELF1,PUS7,0
FOXO1,TSC22D1,0
EBF1,MLKL,0
RPA1,MYCN,0
EBF1,GUSB,0
GFI1B,OBSCN,0
EBF1,PLPPR3,0
ELF1,CDKN1C,0
SATB1,TMEM97,0
NFAT5,GP9,0
IKZF1,ESAM,0
FOXO1,D1ERTD622E,0
GFI1B,IGSF6,0
RPA2,GLIPR2,0
EBF1,PYGM,0
WDR5,BATF2,0
EBF1,PNO1,0
RPA2,GOLIM4,0
CBX7,FEM1B,0
NFAT5,GOLPH3,0
FOXO1,GCLC,0
WDR5,LPCAT2,0
STAT2,EIF4ENIF1,0
EBF1,FLOT2,0
NFAT5,MFNG,0
EBF1,TMEM206,0
EBF1,PPP1R9A,0
MEIS1,GUCY1A1,0
GFI1B,BID,0
CBFB,KRT18,0
EBF1,MR1,0
RPA2,CENPE,0
SATB1,ARL11,0
CBFB,CERK,0
RPA1,EEF1E1,0
ELF1,F13A1,0
FOXO1,YBX3,0
GFI1B,SMPDL3A,0
IRF8,EAF1,0
CBX7,IL12A,0
IRF8,SLC35B4,0
GFI1B,VIPR2,0
STAT2,MCPT8,0
RAD51,TMEM229B,0
NFAT5,TUBGCP2,0
RAD51,PIK3R1,0
NFAT5,PSMC2,0
FOXO1,RB1,0
RAD51,NAV1,0
MEIS1,CYP2J6,0
RAD51,EML4,0
SPI1,CDKN1C,0
NFAT5,EPRS,0
EBF1,TMX4,0
EBF1,POLA2,0
FOXO1,FRRS1,0
CBX7,TMEM33,0
NFAT5,SPNS3,0
RAD51,EBF1,0
SATB1,ZFP36,0
GFI1B,SALL2,0
CBX7,CTSF,0
RAD51,RASA4,0
RAD51,UBA7,0
GFI1B,CSGALNACT2,0
NFAT5,MRPL37,0
RPA1,EIF1AD,0
EBF1,PRELID3B,0
RPA1,CSRP3,0
RPA2,MAD2L1,0
FOXO1,GUCY1A1,0
GATA2,LY6C2,0
NFAT5,YBX1,0
STAT2,MYO1F,0
ELF1,SDC4,0
SATB1,CERS4,0
NFAT5,ZFP422,0
EBF1,SCARF1,0
RPA1,IRGM2,0
CBX7,TCN2,0
HDAC2,ENG,0
FOXO1,PLXNC1,0
RPA2,NFAT5,0
ELF1,TRIB3,0
RPA2,FAR1,0
EBF1,PSME4,0
FOXO1,MXD3,0
SATB1,PLXNC1,0
CBFB,TMEM37,0
RAD51,MYO5A,0
EBF1,EFCC1,0
RAD51,UPP1,0
NFAT5,MTCH2,0
CBX7,LONP2,0
EBF1,HDAC7,0
CBFB,GATA2,0
GATA2,CLEC12A,0
RPA1,NR3C2,0
RAD51,VPS35,0
CBX7,FBXO5,0
WDR5,PECAM1,0
CBX7,USP37,0
CBX7,COPB1,0
FOXO1,SLC31A1,0
RPA1,JAM3,0
NFAT5,CD274,0
RPA2,THADA,0
MEIS1,BC005561,0
NFAT5,ABCG3,0
IRF8,ARMT1,0
RAD51,CDK6,0
RPA1,PCMTD1,0
RAD51,GNS,0
NFAT5,RMND5A,0
RPA1,TFR2,0
RAD51,RP2,0
CBX7,IRGM2,0
RPA1,HDGFL3,0
IRF8,MTUS1,0
GATA2,NSD2,0
EBF1,PDE4B,0
STAT2,CSF2RB,0
IRF8,HYOU1,0
ELF1,ABCG2,0
RPA2,FLNA,0
RAD51,CTTN,0
HDAC2,SLA,0
ELF1,SERPINB1A,0
GFI1B,SNRPB,0
RAD51,CALCRL,0
RAD51,TM7SF3,0
RPA1,ADGRG3,0
RPA1,SHMT1,0
EBF1,CSE1L,0
RPA1,CD68,0
FOXO1,PNCK,0
RAD51,CISH,0
IRF8,METTL27,0
CBX7,FIGNL1,0
SPI1,PLAC8,0
RAD51,DENND2D,0
RPA2,TMEM246,0
HDAC2,MYL10,0
RAD21,NAP1L3,0
CBX7,DOK2,0
RPA1,SMC2,0
CBX7,SHCBP1,0
IKZF1,SOX18,0
RPA2,HELLS,0
FOXO1,ELF1,0
IRF8,JPT1,0
GFI1B,NR3C2,0
GATA2,GK,0
RPA1,MORC3,0
IRF8,CDK1,0
GATA2,TMEM37,0
CBX7,CLEC4E,0
IRF8,PTDSS1,0
CBX7,NAP1L3,0
IRF8,IRF7,0
RAD51,FCGR2B,0
CBX7,ITSN1,0
RPA2,TLE2,0
FOXO1,MEMO1,0
HCFC1,VDR,0
RPA1,NAMPT,0
RPA1,RETREG1,0
NFAT5,SELENBP1,0
EBF1,ELF1,0
RPA2,BTK,0
GFI1B,MMRN1,0
ELF1,LY86,0
MEIS1,CFP,0
FOXO1,HIF3A,0
RPA1,IRF8,0
WDR5,TBXAS1,0
STAT2,MPI,0
RAD51,SELL,0
NFAT5,FCGRT,0
RAD51,IPO9,0
EBF1,SF3B3,0
RPA2,NAPSA,0
RPA1,CISH,0
EBF1,BATF2,0
NFAT5,CSF1R,0
STAT2,CSF3R,0
RPA1,TEX10,0
MYC,EMCN,0
RPA1,SERP1,0
CBX7,MTMR6,0
HCFC1,EMCN,0
RAD51,G6PDX,0
IRF8,GLB1,0
RPA2,XAF1,0
ELF1,CYP2J6,0
CBFB,SERPINB1A,0
EBF1,TMEM184C,0
RPA1,MAD2L1,0
MEIS1,CAND2,0
GFI1B,PRIM2,0
NFAT5,PATL1,0
RAD51,MTFR1,0
GATA2,HAAO,0
RPA2,TNFRSF21,0
SATB1,PROCR,0
NFAT5,EBI3,0
EBF1,SELL,0
RAD51,CKAP2L,0
RAD51,MYB,0
NFAT5,KCTD20,0
FOXO1,MAP4K2,0
RAD21,CCR2,0
WDR5,FUT7,0
ELF1,TBXAS1,0
NFAT5,MSMO1,0
ELF1,ATP10A,0
EBF1,FAM189B,0
RPA1,YBX3,0
IRF8,CCNB1,0
EBF1,NFIA,0
SATB1,PRPS2,0
RPA1,PADI4,0
RPA1,PBK,0
CBX7,HK3,0
CBX7,ARHGAP15,0
ELF1,ACOT9,0
RPA1,OBSL1,0
GFI1B,NDE1,0
NFAT5,GNG11,0
JUN,MYCT1,0
HDAC2,PRTN3,0
GFI1B,CDK1,0
GFI1B,H2-AA,0
SATB1,CASP12,0
RAD51,DTL,0
FOXO1,MCM5,0
WDR5,F2R,0
WDR5,MPO,0
RPA1,PSMD1,0
IRF8,GMNN,0
RAD51,EFTUD2,0
RPA2,FIGNL1,0
RPA2,CDKN1A,0
IRF8,TAB1,0
IRF8,SERPINB6B,0
RPA2,CDCA5,0
IRF8,CSAD,0
IRF8,ALAS1,0
RPA2,ACLY,0
GATA2,IGSF6,0
IRF8,PRC1,0
EBF1,POLR1B,0
RPA2,PIP4K2A,0
SATB1,F2R,0
RAD51,SRSF1,0
RPA2,IFI27L2A,0
RPA1,NEIL3,0
EBF1,H2-OB,0
IRF8,FASTKD2,0
SATB1,ADSSL1,0
GFI1B,ENG,0
RPA2,ARL8B,0
RPA2,MTFR1,0
FOXO1,ZFP24,0
ELF1,RGS18,0
RAD51,TESPA1,0
RPA1,CEP55,0
GATA2,EDEM1,0
JUN,SULT1A1,0
GATA2,MXD3,0
IKZF1,FCGRT,0
EBF1,SLC19A1,0
MYC,IL12A,0
SATB1,PIM2,0
STAT2,SLC18A2,0
RPA2,ATP10A,0
ELF1,LMAN2L,0
ELF1,CAD,0
RAD51,NDE1,0
RAD51,CLN5,0
MEIS1,SULT1A1,0
RPA2,RPAP1,0
NFAT5,PPP1CB,0
RPA2,PPID,0
GFI1B,SHISA5,0
IRF8,FLT3,0
NFAT5,METTL7A1,0
RPA2,CTTN,0
FOXO1,MARS,0
FOXO1,FASTKD2,0
FOXO1,TMEM37,0
FOXO1,NCAPG,0
EBF1,PTPN7,0
RPA1,ATP6AP1,0
NFAT5,ESAM,0
CBX7,CCNB1,0
GFI1B,SORT1,0
RPA1,SELENOP,0
EBF1,USP37,0
NFAT5,OTULINL,0
FOXO1,MR1,0
RPA2,HCFC1,0
FOXO1,FDFT1,0
RPA1,EAF1,0
NFAT5,CHORDC1,0
RPA2,NSUN2,0
HCFC1,PFKP,0
RPA1,D1ERTD622E,0
MEIS1,TEAD2,0
RPA2,TRIM59,0
RAD51,PITPNC1,0
MYC,SERPINB6B,0
GFI1B,SLC26A2,0
RPA2,RAB44,0
ELF1,SULT1A1,0
EBF1,FCGR3,0
RAD21,UBASH3A,0
ELF1,TMEM176A,0
RAD51,CD9,0
RPA2,HERPUD1,0
CBX7,PA2G4,0
STAT2,NKG7,0
GATA2,TPM4,0
RPA1,SUSD3,0
RPA1,TIFAB,0
MEIS1,SEC23IP,0
GATA2,RCSD1,0
CBX7,CSGALNACT2,0
FOXO1,TIPIN,0
HCFC1,ATP10A,0
STAT2,AFAP1L1,0
RPA2,BUB1,0
RPA2,TAB1,0
SATB1,ADORA2A,0
HDAC2,PNCK,0
RAD51,FCHO2,0
WDR5,TRPC6,0
IKZF1,SLC7A4,0
RAD51,MYO1G,0
NFAT5,ZFP322A,0
ELF1,ADORA2A,0
IRF8,TTF2,0
NFAT5,DNAJC11,0
RAD51,BUB1B,0
RAD21,CPA3,0
MEIS1,TOP2A,0
GFI1B,THADA,0
WDR5,LY6A,0
NFAT5,RORC,0
GFI1B,UTP4,0
RPA1,SLC35A4,0
ELF1,SGCE,0
ELF1,NDN,0
GATA2,GIMAP8,0
RAD51,UBL4A,0
CBX7,QARS,0
CBX7,GIMAP8,0
RPA1,MYB,0
GFI1B,TMEM154,0
RAD51,BTG2,0
RPA2,CNIH1,0
FOXO1,SORT1,0
EBF1,IL12A,0
EBF1,MPO,0
NFAT5,SEH1L,0
EBF1,CDCA7,0
GFI1B,ZFP422,0
RPA1,FBXW11,0
RPA1,4833439L19RIK,0
RAD51,PLA2G15,0
CBX7,SLBP,0
ELF1,TBC1D2B,0
SATB1,LGALS1,0
RAD51,NEURL3,0
EBF1,ABCG3,0
RAD51,CDC7,0
IRF8,KIF13A,0
STAT2,ACSS1,0
RAD51,TRIM59,0
NFAT5,DUT,0
IRF8,CPA3,0
GFI1B,SCARF1,0
RPA2,MICU1,0
GATA2,GIMAP1,0
STAT2,PDZK1IP1,0
EBF1,ISYNA1,0
RPA2,PNO1,0
FOXO1,CTR9,0
RPA2,REL,0
GATA2,NPDC1,0
SATB1,MS4A3,0
FOXO1,GPR160,0
RAD51,AURKB,0
NFAT5,PIM2,0
RPA2,HAAO,0
ELF1,UBE2C,0
IRF8,CS,0
SATB1,CTSG,0
IRF8,CSE1L,0
GFI1B,GLIPR2,0
SPI1,PDE4D,0
STAT2,CD93,0
RPA2,EIF2S1,0
RAD51,AKNA,0
RAD21,SLPI,0
FOXO1,SLC7A4,0
CBX7,GTF2H1,0
SATB1,EBF1,0
CBX7,ADO,0
RAD51,TOP3B,0
RPA1,BUB1B,0
RPA2,SLC35B4,0
NFAT5,ADO,0
CBFB,MLKL,0
FOXO1,PRSS57,0
RAD51,IFI30,0
WDR5,AFAP1L1,0
EBF1,RPRD1B,0
CBX7,1700017B05RIK,0
NFAT5,BDH2,0
EBF1,MSH6,0
FOXO1,ERCC8,0
MEIS1,SAMD9L,0
RPA2,ZFAND5,0
GFI1B,TIMP2,0
RPA2,STAG2,0
NFAT5,PLAC8,0
RPA1,AKAP8L,0
RPA2,LMO4,0
HDAC2,BATF2,0
NFAT5,SLC16A1,0
HCFC1,CSAD,0
IKZF1,KRT18,0
FOXO1,CDK6,0
HDAC2,EMCN,0
IRF8,PHF10,0
RPA1,ATF7,0
CBX7,SLFN2,0
CBX7,SLC31A1,0
RAD51,CKS1B,0
RPA1,FAM189B,0
RPA2,LRRC59,0
SATB1,PHF10,0
ELF1,PROCR,0
RPA1,DNAJC9,0
GFI1B,STXBP4,0
STAT2,SVIP,0
STAT2,FLT3,0
RAD51,RB1,0
CBX7,API5,0
FOXO1,SPNS2,0
IRF8,PSME3,0
RPA2,MAML3,0
GFI1B,UNC93B1,0
FOXO1,PLA2G15,0
RPA1,ALDOC,0
ELF1,SERPINB6B,0
IRF8,NAPRT,0
IRF8,IFI44,0
IRF8,HDAC11,0
EBF1,TCF19,0
WDR5,ADA,0
EBF1,DOK2,0
NFAT5,SLA,0
EBF1,SLPI,0
FOXO1,PLEK,0
FOXO1,GLIPR2,0
GATA2,GNG11,0
HCFC1,ARHGEF18,0
NFAT5,CYP4V3,0
IRF8,SFXN1,0
CBX7,PTPN7,0
FOXO1,CTSO,0
NFAT5,PSMD6,0
RAD51,HELLS,0
FOXO1,UNC93B1,0
GATA2,UMPS,0
GFI1B,CENPF,0
EBF1,LY9,0
SATB1,SDC4,0
GFI1B,GBP7,0
IRF8,SEC24D,0
RAD51,SELENBP1,0
RPA2,GALNT6,0
CBX7,ETF1,0
SATB1,FLNA,0
RPA2,NEURL3,0
NFAT5,TCN2,0
RPA1,PLAG1,0
RPA2,RASA4,0
HCFC1,PYGM,0
CBX7,PCLAF,0
SATB1,RAB38,0
NFAT5,APOE,0
RPA1,PHB2,0
NFAT5,TRIM47,0
ELF1,SALL2,0
SATB1,SNAP23,0
GATA2,MPO,0
RPA1,TXNDC11,0
RAD51,SLC44A2,0
NFAT5,CTTN,0
IRF8,BTG2,0
CBX7,HEXA,0
RPA1,CTC1,0
FOXO1,ZDHHC6,0
RPA2,SYNJ1,0
GFI1B,STT3B,0
CBX7,ATAD1,0
RPA2,TBC1D9B,0
EBF1,TECPR1,0
NFAT5,CCNB2,0
ELF1,UPP1,0
NFAT5,CLPTM1L,0
RAD51,NDN,0
NFAT5,TM7SF3,0
STAT2,ARID3B,0
EBF1,RAP1B,0
CBX7,IGSF6,0
WDR5,SMPDL3A,0
RPA1,NPLOC4,0
FOXO1,SYK,0
IRF8,TSPOAP1,0
CBX7,SERPINA3G,0
RPA1,ERLIN1,0
NFAT5,TEAD2,0
RPA1,FAM76B,0
SPI1,SGCE,0
FOXO1,ZNRF2,0
RPA2,IARS2,0
RPA1,UMPS,0
CBX7,HDC,0
CBX7,CDC45,0
NFAT5,POLA2,0
RAD51,SLCO4A1,0
EBF1,VKORC1L1,0
RPA2,CFP,0
RAD51,ITGAL,0
WDR5,VIPR2,0
CBFB,NR3C2,0
EBF1,DPP8,0
FOXO1,SLA2,0
EBF1,ABL2,0
MYC,PDZK1IP1,0
EBF1,CDK18,0
ELF1,PTGS1,0
RPA2,SLC39A6,0
GATA2,IL17RA,0
RAD21,HDC,0
RAD51,PPAT,0
CBX7,INTS13,0
EBF1,CHCHD10,0
RAD51,TBL3,0
GFI1B,SIRPA,0
HDAC2,GP9,0
GATA2,CDCA4,0
IRF8,SHMT1,0
RPA2,MCM4,0
RPA1,CS,0
RPA1,GPR160,0
STAT2,JCHAIN,0
RPA1,GFM1,0
RAD51,ZFP35,0
GFI1B,YBX1,0
GFI1B,AURKB,0
STAT2,TLE2,0
EBF1,NEIL3,0
RPA1,PAK1,0
RPA2,IRGM2,0
RAD21,EMILIN1,0
CBX7,TRMT11,0
ELF1,METAP1,0
RPA1,DCAF13,0
RAD51,H2AFX,0
RPA1,SLC44A2,0
WDR5,CERK,0
GFI1B,SLC30A5,0
ELF1,ESAM,0
IRF8,G6PDX,0
RPA2,CD93,0
GFI1B,PBX1,0
NFAT5,PDIA4,0
RPA2,PDE4D,0
IKZF1,TBXAS1,0
MEIS1,SCARF1,0
MEIS1,LGALS1,0
NFAT5,RCSD1,0
GFI1B,ENPP5,0
RAD51,MDN1,0
JUN,ADGRG3,0
RPA1,ZFP945,0
JUN,EMCN,0
NFAT5,CCNB1,0
RAD51,NCF1,0
GFI1B,BATF2,0
GFI1B,CASP1,0
ELF1,NFKBIA,0
GFI1B,COL4A1,0
STAT2,JAM3,0
FOXO1,ABL1,0
GFI1B,9530068E07RIK,0
FOXO1,STT3B,0
RPA2,RUNX1T1,0
MEIS1,PROCR,0
RAD51,IMMT,0
FOXO1,PRMT7,0
CBX7,GPR65,0
HCFC1,MPL,0
FOXO1,PTCD3,0
JUN,GM5111,0
WDR5,GATA2,0
CBX7,EAF1,0
NFAT5,CBX7,0
RPA1,ELOVL5,0
IRF8,VIPR2,0
HDAC2,CSF1R,0
NFAT5,GFM1,0
FOXO1,CAND2,0
IRF8,UBASH3A,0
RPA2,ALDH9A1,0
RAD51,FUT7,0
IRF8,SMPDL3A,0
RAD21,GM4951,0
NFAT5,CCNE2,0
NFAT5,PSMD9,0
ELF1,TNFRSF21,0
CBX7,USP11,0
WDR5,GABBR1,0
IRF8,PPM1F,0
SATB1,HDC,0
HCFC1,NAP1L3,0
RAD51,DCAF13,0
WDR5,DDX60,0
NFAT5,RAB37,0
RPA1,USP42,0
CBX7,JARID2,0
CBFB,COL4A2,0
CBX7,TRIM59,0
ELF1,FLOT2,0
RPA1,CD53,0
RPA1,ACSS1,0
RPA1,5430427O19RIK,0
CBFB,TSC22D3,0
RPA1,TOR3A,0
EBF1,TTLL12,0
CBX7,MPI,0
CBX7,NCLN,0
GFI1B,NAPSA,0
RAD51,ACAA2,0
RPA2,RBPMS,0
NFAT5,DDX1,0
RAD51,TNFRSF13C,0
EBF1,NAPRT,0
RPA2,CDC7,0
FOXO1,ABCB10,0
CBX7,GP9,0
FOXO1,ABL2,0
FOXO1,DOCK10,0
NFAT5,ZFP467,0
IRF8,RAB38,0
SATB1,SALL2,0
RPA2,CCL4,0
RAD51,NASP,0
HCFC1,TRIM47,0
RPA2,TAF12,0
FOXO1,CYP4V3,0
FOXO1,IGSF6,0
FOXO1,CD44,0
GFI1B,ANXA3,0
NFAT5,VIPR2,0
NFAT5,GFI1B,0
EBF1,POLE3,0
RPA2,1700017B05RIK,0
RAD51,EIF2B1,0
GATA2,TBC1D2B,0
ELF1,ADGRG3,0
FOXO1,SLC22A3,0
ELF1,NSD2,0
ELF1,LGALS1,0
IRF8,PEAR1,0
IRF8,MECOM,0
RAD51,RPS6KA3,0
GFI1B,RAB37,0
NFAT5,TMEM33,0
IKZF1,GUCY1A1,0
RAD51,HASPIN,0
RPA2,UBA2,0
FOXO1,F11R,0
SATB1,TCN2,0
IRF8,MSMO1,0
GFI1B,NDRG2,0
ELF1,RNF122,0
RPA1,LMO4,0
NFAT5,G6PDX,0
RAD51,MKI67,0
RPA1,ARHGAP15,0
RAD51,TMEM37,0
RAD51,FAR1,0
RPA1,PRIM1,0
ELF1,VDR,0
MYC,MYL10,0
IRF8,RUVBL2,0
NFAT5,SH2D5,0
HDAC2,MPO,0
RPA2,ZFP451,0
GATA2,MSMO1,0
RPA1,SLC20A1,0
RPA2,SMPDL3A,0
SATB1,UBL4A,0
IKZF1,PNCK,0
ELF1,EZR,0
CBFB,PLAC8,0
NFAT5,MCM4,0
STAT2,GPRASP1,0
JUN,PLXDC2,0
NFAT5,RPS6KA3,0
RAD51,BC035044,0
MYC,ABCG3,0
ELF1,MSMO1,0
RAD51,WDR55,0
IRF8,RCC1,0
RPA1,GRIA3,0
RAD51,INTS8,0
SATB1,MCPT8,0
EBF1,GM1966,0
EBF1,DEF8,0
EBF1,CDKN1A,0
RAD51,TPX2,0
IRF8,VKORC1L1,0
GATA2,TRIM59,0
ELF1,LPCAT2,0
RAD51,GRINA,0
CBFB,MS4A6C,0
RPA2,SZT2,0
CBX7,LY86,0
RPA2,AP3S1,0
GFI1B,PLAC8,0
STAT2,CSF1R,0
FOXO1,FCGR2B,0
EBF1,SVIP,0
GATA2,MCOLN2,0
RPA2,CSTF2,0
RPA2,SLC7A4,0
FOXO1,CD69,0
STAT2,SPNS3,0
NFAT5,BID,0
RAD51,KPNA3,0
HDAC2,AFAP1L1,0
GFI1B,GPR65,0
ELF1,CYP2J9,0
CBX7,TCIRG1,0
RPA1,SGMS1,0
RPA1,GOLPH3,0
IKZF1,ITM2A,0
CBX7,PLIN3,0
RPA2,TRPC6,0
EBF1,MDN1,0
ELF1,TPM4,0
RPA2,ERLIN1,0
NFAT5,CISH,0
NFAT5,SPPL2B,0
EBF1,SMC2,0
WDR5,CYFIP2,0
RAD51,SRM,0
FOXO1,EMILIN1,0
ELF1,DEF8,0
GFI1B,EMID1,0
GATA2,MYO5A,0
NFAT5,H2-AA,0
FOXO1,MTFR1,0
ELF1,CRISPLD1,0
RPA1,TRIM16,0
EBF1,UQCRFS1,0
GFI1B,GALNS,0
FOXO1,ERLIN1,0
RPA1,PPAT,0
RPA2,CYFIP2,0
HCFC1,VAV3,0
FOXO1,GATM,0
IRF8,MCM10,0
EBF1,IARS,0
RPA2,FOXO1,0
RPA2,STOM,0
RAD51,COL4A2,0
RAD51,NSUN2,0
RPA1,GLB1,0
RPA2,OTUD6B,0
NFAT5,ATRN,0
GFI1B,RB1,0
RPA1,MTMR6,0
RPA2,PTPRE,0
RPA1,NWD1,0
SATB1,ERLIN1,0
RPA2,TFRC,0
EBF1,ORC6,0
IRF8,SLCO4A1,0
RPA2,ANXA3,0
IRF8,JUN,0
RAD21,SLC18A2,0
GATA2,MPL,0
RPA2,H2-Q6,0
ELF1,NEIL3,0
FOXO1,FCGRT,0
STAT2,METTL27,0
GFI1B,DOK2,0
IRF8,TIMM50,0
FOXO1,TOMM70A,0
HCFC1,MYCN,0
RAD51,CNRIP1,0
CBX7,SLC44A2,0
SATB1,ARRDC4,0
RPA1,EDEM1,0
CBX7,GANAB,0
STAT2,IGFBP4,0
RAD51,STAT2,0
WDR5,SGPP1,0
STAT2,SLC2A3,0
IRF8,SRM,0
RPA1,TRMT6,0
JUN,UBL4A,0
EBF1,MAD2L1,0
RPA2,TGTP1,0
MEIS1,IL21R,0
RPA2,CREBRF,0
IRF8,DCK,0
CBX7,SESN1,0
RPA1,ST6GALNAC4,0
EBF1,NECAP2,0
FOXO1,TGFBR1,0
FOXO1,POLD1,0
RPA2,AP1S2,0
NFAT5,TCP11L2,0
CBFB,PPP1R9A,0
FOXO1,PREP,0
ELF1,VIPR2,0
RAD51,VDR,0
IRF8,ANXA5,0
EBF1,PTCD3,0
NFAT5,ITGAL,0
CBX7,LONP1,0
EBF1,BUB1B,0
GATA2,PHF6,0
HCFC1,ITIH5,0
IRF8,PITPNC1,0
IRF8,PTGR1,0
GFI1B,THSD1,0
STAT2,SLA2,0
RPA2,LIG1,0
FOXO1,GBP2,0
RPA1,DUSP1,0
RAD51,HNRNPLL,0
NFAT5,ACOX3,0
HCFC1,MCPT8,0
RPA2,NADK,0
NFAT5,ACOT9,0
RAD51,FUCA2,0
GFI1B,NFIA,0
RAD51,SHISA5,0
CBX7,TK1,0
RPA1,FAM171A1,0
RPA1,NAV1,0
IRF8,WDHD1,0
WDR5,VSIR,0
NFAT5,IPO9,0
RAD51,CIP2A,0
RPA2,MR1,0
SATB1,SCARB1,0
RAD51,PNCK,0
NFAT5,E2F4,0
GFI1B,PANX1,0
RPA2,TRIM35,0
GFI1B,RAB31,0
CBX7,CTSO,0
RPA2,FBXO5,0
FOXO1,SVIP,0
NFAT5,SYNJ1,0
EBF1,MPI,0
CBX7,TESPA1,0
GFI1B,SH3BGRL,0
RAD51,S100A6,0
IRF8,CEP55,0
IRF8,NSUN2,0
GFI1B,APBB1,0
MEIS1,APOE,0
STAT2,CTLA2A,0
NFAT5,SPC24,0
RPA1,ENPP5,0
NFAT5,NARS,0
WDR5,NAPRT,0
RAD51,MAGED2,0
CBX7,CCDC137,0
GFI1B,LTB,0
NFAT5,EML4,0
NFAT5,CDCA3,0
ELF1,MYCN,0
FOXO1,POR,0
FOXO1,FES,0
ELF1,TGM2,0
NFAT5,RFC5,0
EBF1,CASP12,0
STAT2,FCGRT,0
RPA1,SLC22A3,0
GFI1B,PARVG,0
RPA2,PRR5,0
WDR5,SPO11,0
FOXO1,MS4A3,0
FOXO1,JUN,0
EBF1,LAX1,0
RPA1,CLEC12A,0
STAT2,CREB5,0
GFI1B,PSEN1,0
NFAT5,ATP13A1,0
EBF1,PTTG1IP,0
EBF1,ST6GALNAC4,0
RAD51,METTL27,0
IKZF1,ALDOC,0
RPA1,RP2,0
WDR5,H2-DMA,0
IRF8,GCLC,0
RAD51,HSPA1A,0
FOXO1,MAD2L1,0
SATB1,HMGB3,0
RPA2,PWP2,0
ELF1,MLLT3,0
EBF1,BTAF1,0
CBX7,TFG,0
CBX7,PRIM2,0
RPA1,GFI1B,0
GFI1B,PSAT1,0
SATB1,KRT18,0
IKZF1,OBSL1,0
MEIS1,TRIM47,0
GFI1B,UBAC1,0
RPA1,ATP1B3,0
EBF1,MGAT1,0
RAD51,MIEF1,0
GFI1B,PIP4K2A,0
NFAT5,NFATC2,0
SATB1,PHF6,0
IRF8,GATA2,0
RAD51,CCNF,0
RPA2,NFKBIA,0
MYC,PYGM,0
IRF8,SLC35E1,0
RPA2,ARRDC4,0
IRF8,NUAK2,0
JUN,EPB41L4B,0
IRF8,GP9,0
IKZF1,PECAM1,0
GFI1B,RELB,0
EBF1,TUBA4A,0
NFAT5,PUS7,0
RAD51,NCEH1,0
RPA2,TENT5A,0
CBX7,SHISA5,0
CBX7,TAB1,0
RAD51,SERPINA3G,0
STAT2,EBF1,0
GFI1B,PSTPIP1,0
RPA1,ZFP367,0
RPA1,BID,0
NFAT5,GRINA,0
FOXO1,VAV1,0
EBF1,TGFBR1,0
STAT2,KIF13A,0
IKZF1,STX3,0
SATB1,VAV3,0
FOXO1,TOPORS,0
GFI1B,RORC,0
RAD51,LDHB,0
RPA2,RPS6KA5,0
GFI1B,NAV1,0
RPA1,SOAT1,0
RPA1,INTS13,0
CBX7,CD69,0
IRF8,CBX7,0
CBX7,MTCH2,0
RAD51,MRPL37,0
STAT2,FAM171A1,0
RPA2,ANXA1,0
CBX7,PLD3,0
NFAT5,EPSTI1,0
CBX7,CASP4,0
IKZF1,VDR,0
RPA1,FRRS1,0
IRF8,HK3,0
FOXO1,CKAP2L,0
GFI1B,IRF7,0
MEIS1,PKIB,0
RPA2,MSMO1,0
RPA2,RAB38,0
RPA2,GIMAP8,0
FOXO1,SLC25A38,0
EBF1,WSB1,0
EBF1,UBA2,0
CBX7,IFI44,0
EBF1,TMEM33,0
RPA1,SCARB1,0
IKZF1,FSTL1,0
EBF1,IFI209,0
NFAT5,NCAPG2,0
RAD51,NSD2,0
FOXO1,OAS3,0
RPA1,TUBGCP3,0
NFAT5,MFSD14B,0
NFAT5,PDE4D,0
RPA2,SMPD4,0
FOXO1,BATF2,0
SATB1,OBSL1,0
IRF8,SPO11,0
NFAT5,CENPE,0
RAD51,ETF1,0
RAD51,PLAA,0
CBX7,ELMO2,0
RPA2,FAM136A,0
IRF8,IL17RA,0
RPA1,ZFP422,0
FOXO1,TGM2,0
FOXO1,QARS,0
RPA2,D1ERTD622E,0
ELF1,WSB1,0
FOXO1,RUNX1T1,0
EBF1,RAB44,0
RPA1,SNAP23,0
FOXO1,CSF2RB,0
SATB1,SLC18A2,0
GFI1B,ARL11,0
RAD51,EEF1E1,0
RPA1,NDRG2,0
CBX7,9530068E07RIK,0
RPA2,CDCA7,0
RPA1,REXO4,0
STAT2,GALNT6,0
CBFB,PROCR,0
FOXO1,NKG7,0
RAD51,SERPINB6A,0
GFI1B,ATP8B4,0
NFAT5,IGTP,0
NFAT5,9430015G10RIK,0
RPA2,NPDC1,0
NFAT5,DEK,0
WDR5,FAM189B,0
CBFB,MAPK12,0
HCFC1,FCGRT,0
RPA1,SUPV3L1,0
MEIS1,BTK,0
RAD51,ADO,0
MYC,MCPT8,0
IRF8,KCTD20,0
NFAT5,CERK,0
RPA1,MFSD10,0
EBF1,SHCBP1,0
RPA2,HDGF,0
RAD51,METAP1,0
EBF1,JARID2,0
EBF1,HK3,0
CBX7,PLEKHO2,0
IRF8,SLC19A1,0
RAD51,SMPD4,0
FOXO1,MLLT3,0
WDR5,MAML3,0
NFAT5,LYN,0
RAD51,KCNK5,0
EBF1,SLA,0
JUN,HIF3A,0
GFI1B,TGTP2,0
RAD51,LSP1,0
GFI1B,GOLT1B,0
EBF1,PFKP,0
ELF1,PHF10,0
NFAT5,THSD1,0
GFI1B,CHCHD10,0
FOXO1,TIMP2,0
RPA2,SCARB1,0
RAD51,HDAC11,0
GATA2,TBXAS1,0
JUN,ROBO4,0
SATB1,YBX3,0
CBFB,LZTS1,0
NFAT5,ANKRD44,0
IRF8,GRIA3,0
ELF1,KRT18,0
RPA1,IFI30,0
IRF8,NOL9,0
EBF1,CASP1,0
NFAT5,GCLC,0
RPA2,EMID1,0
RPA2,DHFR,0
IRF8,DNAJC11,0
FOXO1,SLC35A4,0
EBF1,HACD4,0
RPA2,LONP1,0
FOXO1,DCK,0
GFI1B,SLC29A1,0
GFI1B,VKORC1L1,0
CBX7,MICU1,0
ELF1,CCNB1,0
RAD21,FSTL1,0
GATA2,MCPT8,0
RPA2,TMEM184C,0
NFAT5,CSAD,0
EBF1,TTF2,0
RAD51,RPA2,0
EBF1,CKAP5,0
FOXO1,GNG2,0
SATB1,ART4,0
EBF1,RCC1,0
MEIS1,CCL9,0
RAD51,TGTP2,0
RAD51,ABL2,0
RPA1,NSD2,0
RPA1,ANXA3,0
RPA1,H2-DMA,0
CBFB,IRF7,0
RPA1,TOMM40,0
EBF1,FLT3,0
FOXO1,RASSF4,0
ELF1,PHF6,0
FOXO1,SPO11,0
RPA2,MCM10,0
ELF1,PLXDC2,0
RPA1,FAM136A,0
HCFC1,NFIA,0
FOXO1,FAM102B,0
EBF1,FAM102B,0
IKZF1,FCER1G,0
SATB1,GRINA,0
CBFB,SERPINA3G,0
STAT2,HDAC11,0
FOXO1,PSMG2,0
EBF1,TXNIP,0
IRF8,SGO1,0
NFAT5,MAP4K2,0
FOXO1,FLNB,0
IKZF1,HP,0
EBF1,MCOLN2,0
WDR5,THEMIS2,0
RPA2,NDC80,0
ELF1,PNCK,0
MEIS1,SOAT1,0
GATA2,TGFBR1,0
RPA2,IL6ST,0
RAD51,TCIRG1,0
FOXO1,KIF20B,0
SATB1,TMEM176A,0
NFAT5,OBSL1,0
RPA2,5430427O19RIK,0
EBF1,PTDSS1,0
CBX7,MTUS1,0
WDR5,PRR5,0
ELF1,NAPRT,0
IRF8,RARS,0
STAT2,ITIH5,0
NFAT5,RIN3,0
EBF1,KIF13A,0
RPA2,ZFP35,0
RPA2,SERP1,0
RPA2,HIF3A,0
RPA1,TK1,0
CBX7,ORC6,0
FOXO1,TIFAB,0
MEIS1,MCOLN2,0
EBF1,TARS,0
CBX7,EIF3B,0
RPA2,AURKA,0
RAD51,CRISPLD1,0
IRF8,TIPIN,0
STAT2,EMILIN1,0
GFI1B,ALAS1,0
NFAT5,CDC7,0
MEIS1,NSD2,0
GFI1B,CSRP3,0
RPA2,JPT2,0
EBF1,TESPA1,0
EBF1,ELANE,0
WDR5,CD9,0
SATB1,B3GNT5,0
RPA2,MOB3C,0
IKZF1,TMEM246,0
JUN,CDK18,0
NFAT5,PTCD3,0
MEIS1,TBC1D2B,0
NFAT5,AFAP1L1,0
GFI1B,POLE,0
NFAT5,GNG12,0
CBX7,PRODH,0
RPA2,TRIM47,0
CBFB,CYP2J9,0
RPA2,LY6A,0
GFI1B,LAX1,0
RAD51,ZFP53,0
IRF8,GSR,0
RAD51,TSPAN14,0
CBX7,TFR2,0
RPA2,IRF8,0
RAD51,IFITM1,0
NFAT5,BUB1B,0
CBX7,SYNJ1,0
JUN,FLT3,0
EBF1,FTSJ3,0
IKZF1,NAV1,0
NFAT5,FUCA2,0
RPA2,IRF6,0
STAT2,MAN2A2,0
IRF8,JARID2,0
RAD51,RAD51AP1,0
RAD51,PRPF4,0
CBX7,CNRIP1,0
HCFC1,ANGPT1,0
RAD51,KRT18,0
NFAT5,TIE1,0
WDR5,MMRN1,0
RPA2,VPS35,0
RAD51,CLEC12A,0
RPA2,GBP7,0
STAT2,SH2D5,0
GFI1B,RHOF,0
RPA1,RASA4,0
HCFC1,UBASH3A,0
NFAT5,MIS18BP1,0
RPA1,DNAJC10,0
RAD51,SLC31A1,0
RPA2,SOAT1,0
CBX7,SERPINB9,0
GFI1B,SARAF,0
CBX7,OSTM1,0
RPA2,TOP2A,0
IRF8,COL4A1,0
NFAT5,NADK,0
SATB1,ST6GALNAC4,0
SATB1,SPIDR,0
WDR5,PIDD1,0
IKZF1,CHRNB1,0
RPA2,HSPA1A,0
NFAT5,MYO1G,0
IRF8,PHF6,0
ELF1,TSPAN2,0
CBX7,CTR9,0
GFI1B,GM5111,0
SATB1,CTSL,0
RPA2,MUC13,0
GFI1B,CD63,0
CBX7,XRCC3,0
FOXO1,EYA2,0
EBF1,USP10,0
FOXO1,SERPINB6B,0
GFI1B,SERPINB6B,0
EBF1,NDN,0
GFI1B,GATA2,0
RPA2,PSAT1,0
RAD51,ADA,0
RPA1,ELF1,0
RPA2,TNIP3,0
RAD51,RGS18,0
RPA2,ERGIC1,0
WDR5,TM7SF3,0
GFI1B,CCNF,0
EBF1,TM6SF1,0
IRF8,GEM,0
EBF1,5430427O19RIK,0
CBX7,H2-DMA,0
RPA1,SLC31A1,0
NFAT5,PSME4,0
WDR5,PRODH,0
EBF1,PHF6,0
RPA2,INPP5B,0
IRF8,RPN1,0
CBX7,ATG12,0
NFAT5,RPA2,0
JUN,TCN2,0
FOXO1,MCOLN2,0
GFI1B,MLLT3,0
RAD51,BIRC5,0
STAT2,NAV1,0
RPA1,KIF17,0
FOXO1,CD53,0
RPA1,MYO5A,0
HDAC2,IFI44,0
HCFC1,IFI44,0
MEIS1,CRISPLD1,0
CBX7,TLR4,0
EBF1,CLN5,0
RAD51,CYP2J6,0
EBF1,SESN1,0
RPA2,STAT2,0
GFI1B,KCNK5,0
RPA2,PLSCR4,0
IRF8,PTCD3,0
SATB1,NASP,0
FOXO1,NAPSA,0
RPA1,TOPORS,0
FOXO1,TK1,0
RPA2,NAP1L3,0
RPA1,TOMM70A,0
RAD51,SARAF,0
MEIS1,SMPDL3A,0
GFI1B,NPDC1,0
FOXO1,MAGED2,0
GFI1B,POLD1,0
RPA1,PRSS57,0
RPA2,ATP6AP2,0
NFAT5,RB1,0
GFI1B,CCL4,0
WDR5,MAN2A2,0
EBF1,TEC,0
IRF8,ZMIZ1,0
RAD51,B230219D22RIK,0
EBF1,STT3A,0
IRF8,TXNDC11,0
STAT2,TNFAIP2,0
FOXO1,GFI1B,0
RPA2,TBXAS1,0
SATB1,SOCS2,0
NFAT5,GGTA1,0
FOXO1,STOM,0
FOXO1,AHCYL1,0
SATB1,CD300A,0
WDR5,MEIS1,0
CBX7,TMEM176A,0
MYC,SLC28A2,0
MEIS1,NAPRT,0
RPA1,POR,0
FOXO1,GM4951,0
GFI1B,GIMAP8,0
RPA1,PDIA4,0
NFAT5,USP10,0
IRF8,UBE2C,0
JUN,HACD3,0
EBF1,RANGAP1,0
RPA1,CDK18,0
RPA1,CD9,0
IRF8,CTSF,0
RAD51,KIF17,0
RAD51,CBFB,0
GFI1B,CCNB1,0
IRF8,MLLT3,0
MYC,CRISPLD1,0
GFI1B,TMEM37,0
RPA2,IGSF6,0
WDR5,PNCK,0
NFAT5,ABCB10,0
IRF8,INCENP,0
SATB1,NAP1L3,0
RAD51,NDC80,0
NFAT5,MIEF1,0
EBF1,STXBP4,0
CBX7,ATP13A1,0
IRF8,TMEM50B,0
CBFB,CASP4,0
GFI1B,MS4A6C,0
STAT2,F13A1,0
SATB1,OBSCN,0
CBX7,PDIA4,0
RPA1,GMNN,0
EBF1,PCLAF,0
STAT2,TSPAN2,0
RPA1,KIF22,0
RPA2,FOXRED1,0
RPA1,NUS1,0
NFAT5,PLA2G15,0
IRF8,IFITM1,0
FOXO1,USP14,0
NFAT5,OSTM1,0
NFAT5,NOL9,0
CBFB,CD300A,0
FOXO1,ART4,0
IRF8,PLAC8,0
ELF1,HMGB3,0
STAT2,LYN,0
IKZF1,NUAK2,0
FOXO1,DDX60,0
RAD51,COLGALT1,0
CBX7,GYS1,0
RAD51,MCM2,0
IRF8,FARSB,0
NFAT5,BATF2,0
CBX7,IIGP1,0
FOXO1,FLNA,0
RPA2,CLEC4E,0
ELF1,IGTP,0
RPA1,IDH1,0
NFAT5,NDUFA10,0
RAD51,IL17RA,0
CBX7,ARCN1,0
IRF8,CD34,0
RPA1,BACE1,0
EBF1,CENPO,0
RPA1,RAP1B,0
NFAT5,FDFT1,0
GATA2,SYTL1,0
IRF8,SLBP,0
NFAT5,SLC7A4,0
NFAT5,USP42,0
ELF1,PSMD1,0
RPA1,CASP12,0
SATB1,BTK,0
RPA2,USP42,0
RAD51,SFXN1,0
RPA1,ZHX1,0
NFAT5,RPAP1,0
HCFC1,PBX1,0
CBX7,TGTP1,0
IRF8,NFKBIA,0
RPA1,ABL2,0
IRF8,DOCK11,0
IRF8,STAG2,0
NFAT5,BUB1,0
NFAT5,SULT1A1,0
NFAT5,JAM3,0
GFI1B,NADK,0
STAT2,RAB38,0
CBX7,ATF7,0
FOXO1,GSR,0
HCFC1,EMID1,0
RPA1,PATL1,0
RAD51,ZDHHC13,0
RPA2,NAV1,0
STAT2,LY6C2,0
NFAT5,SPNS2,0
GFI1B,1700017B05RIK,0
GATA2,POLA2,0
NFAT5,CCDC50,0
EBF1,TSC22D3,0
FOXO1,ARCN1,0
EBF1,TOP3B,0
RPA2,SLC20A1,0
WDR5,CSF1R,0
EBF1,ATP10A,0
NFAT5,FSTL1,0
IRF8,PSMD1,0
EBF1,ALDH18A1,0
RPA2,DDX21,0
RPA1,DDX20,0
EBF1,NPDC1,0
ELF1,PTCD3,0
RPA2,CD53,0
NFAT5,GTF2H1,0
IRF8,ROBO4,0
IRF8,FGL2,0
NFAT5,IDH1,0
RAD51,JPT1,0
RPA2,SAMD9L,0
HCFC1,TNFRSF13C,0
CBX7,MPL,0
CBFB,CD34,0
GATA2,HP,0
STAT2,INPP5B,0
GATA2,NEIL3,0
RPA2,RELB,0
NFAT5,LY9,0
GFI1B,NUP93,0
MEIS1,PHF11B,0
HCFC1,SLA,0
HCFC1,SPO11,0
WDR5,PADI4,0
IRF8,IARS,0
IRF8,OSBPL1A,0
RPA2,SHCBP1,0
RAD51,NUS1,0
RPA1,NCEH1,0
EBF1,PRSS57,0
NFAT5,CHCHD10,0
NFAT5,SPCS3,0
IRF8,GABBR1,0
ELF1,TLE2,0
GATA2,GOLPH3,0
RPA2,IRF7,0
CBFB,GM1966,0
MEIS1,SOX18,0
RPA2,ACSS1,0
RAD51,INPP5B,0
RAD51,TMEM176A,0
CBX7,CKS2,0
WDR5,NFAM1,0
HCFC1,TRPC6,0
CBX7,GM5111,0
CBX7,LY6C2,0
GFI1B,PIK3IP1,0
GFI1B,SLC39A6,0
RAD51,PSMG2,0
RPA2,TBC1D5,0
EBF1,MTHFD1,0
RPA1,CCNB1,0
CBFB,CD93,0
FOXO1,CD9,0
IRF8,PLSCR4,0
RAD51,SNAP23,0
GFI1B,ZFP467,0
ELF1,SLC43A3,0
RAD51,SELENOP,0
RPA1,ADA,0
EBF1,CTPS,0
NFAT5,DEF8,0
NFAT5,DDX60,0
RAD51,GOLT1B,0
ELF1,GUCY1A1,0
FOXO1,ZFAND5,0
STAT2,RASSF4,0
RPA2,SLC44A2,0
FOXO1,MYL10,0
STAT2,CD244A,0
CBX7,SHMT1,0
EBF1,PRIM1,0
ELF1,FCHO2,0
STAT2,CTLA2B,0
GFI1B,IL6ST,0
RPA2,TPX2,0
CBX7,OSGIN1,0
GATA2,FUT7,0
NFAT5,RPRD1B,0
RPA2,E2F4,0
SATB1,PLAC8,0
NFAT5,PRC1,0
MYC,PLXDC2,0
HCFC1,TES,0
EBF1,ROBO4,0
GFI1B,ELMO2,0
MYC,CPA3,0
NFAT5,ZBTB16,0
CBX7,REXO4,0
RAD51,API5,0
NFAT5,LAP3,0
WDR5,SSH3,0
IRF8,EPAS1,0
RPA1,FEM1A,0
RPA2,NFAM1,0
RPA1,BIRC5,0
ELF1,POR,0
EBF1,GALNS,0
ELF1,MCOLN2,0
NFAT5,USP37,0
NFAT5,SRM,0
HCFC1,IGSF6,0
FOXO1,SLC25A46,0
RPA1,MLKL,0
RAD51,FCGR3,0
RPA2,POLD1,0
NFAT5,KIF13A,0
WDR5,TMEM246,0
WDR5,GPR160,0
WDR5,TFR2,0
GFI1B,FGFR1OP,0
FOXO1,METTL7A1,0
GFI1B,TNFRSF13C,0
CBX7,HACD4,0
RPA2,PA2G4,0
RPA2,CD68,0
GFI1B,ABL2,0
GFI1B,TGM2,0
EBF1,ETF1,0
CBX7,ATP8B4,0
RAD51,SUSD3,0
CBX7,NDC1,0
STAT2,SLC7A4,0
NFAT5,ACLY,0
GFI1B,SLA,0
GATA2,MBNL3,0
STAT2,NWD1,0
RAD51,PIP4K2A,0
NFAT5,ADSSL1,0
RPA2,SELL,0
GFI1B,FCER1G,0
IRF8,SNAP23,0
IRF8,CTSL,0
GATA2,KPNA1,0
FOXO1,EBI3,0
RAD51,IRF6,0
RAD51,GPRASP1,0
RPA2,ITGAL,0
IRF8,PREP,0
RPA1,CENPA,0
NFAT5,XAF1,0
RPA2,MTMR4,0
SATB1,CCDC137,0
RPA2,FCGRT,0
NFAT5,SERP1,0
RAD51,RCC1,0
RAD51,STXBP4,0
FOXO1,MTO1,0
FOXO1,NAP1L3,0
CBX7,CD244A,0
RAD51,TRMT11,0
RAD51,CDCA7,0
ELF1,RAB31,0
IRF8,NAV1,0
RAD51,GNG11,0
FOXO1,TYMS,0
RPA2,TK1,0
CBX7,DDX21,0
RPA1,TUBA4A,0
FOXO1,SMPDL3A,0
RAD51,FAM111A,0
HDAC2,ADGRG3,0
GFI1B,ZHX1,0
SATB1,INPP5B,0
CBX7,NPLOC4,0
RAD51,ELMO2,0
CBX7,FAM91A1,0
STAT2,EPB41L4B,0
CBX7,FAM76B,0
RPA1,JPT2,0
GFI1B,DDX21,0
NFAT5,PROCR,0
RPA2,CD300A,0
IKZF1,RBPMS,0
RAD51,RFC5,0
RAD51,ESAM,0
NFAT5,USP11,0
GATA2,SSH3,0
CBX7,PSMD9,0
FOXO1,PPP1R9A,0
ELF1,SOCS2,0
RPA2,PTGR1,0
GFI1B,SLC35A4,0
FOXO1,TRIM16,0
RPA1,HSPH1,0
WDR5,IGSF6,0
RPA1,MOB3C,0
NFAT5,NUP155,0
IRF8,MR1,0
IKZF1,CDK18,0
EBF1,SERPINB9,0
RPA1,HMBS,0
CBX7,MAD2L1,0
GFI1B,GCLC,0
RPA2,ACOX1,0
CBX7,EDEM1,0
RPA2,PRSS57,0
IKZF1,PDE4D,0
GATA2,MS4A6C,0
SATB1,LZTS1,0
MEIS1,HDGFL3,0
GFI1B,NUDT19,0
WDR5,MECOM,0
NFAT5,OTUD4,0
RPA1,LZTS1,0
ELF1,SCARB1,0
FOXO1,GFM1,0
RAD51,STT3A,0
NFAT5,PRIM2,0
RPA1,INO80D,0
CBX7,UBR7,0
GATA2,SDC4,0
NFAT5,SESN1,0
FOXO1,TFR2,0
GATA2,GRINA,0
WDR5,RAP1B,0
GATA2,RRM2,0
RPA2,ELANE,0
GATA2,FLT3,0
IRF8,BDH2,0
FOXO1,ACAA2,0
RPA2,PCMTD2,0
SATB1,PECAM1,0
CBX7,TECPR1,0
EBF1,SULT1A1,0
ELF1,TIFAB,0
CBFB,TRPC6,0
CBFB,JAM3,0
NFAT5,NAV1,0
RAD51,VIPR2,0
IRF8,NDUFV1,0
IRF8,ESAM,0
IKZF1,PDZK1IP1,0
NFAT5,SCARF1,0
EBF1,CLEC12A,0
RPA1,LY6A,0
GFI1B,5430427O19RIK,0
FOXO1,RP2,0
RAD51,PA2G4,0
FOXO1,SAMD9L,0
GFI1B,TEAD2,0
CBX7,SORT1,0
RPA2,SGO1,0
RPA2,MCM6,0
CBX7,EBI3,0
NFAT5,ZFP945,0
FOXO1,ATP13A1,0
FOXO1,ATP10A,0
EBF1,DCK,0
NFAT5,FTSJ3,0
NFAT5,RPP40,0
RPA1,SYTL1,0
IRF8,DDX58,0
RPA2,UAP1,0
RAD51,FIGNL1,0
CBX7,NSD2,0
HCFC1,MPO,0
MEIS1,MYO1G,0
CBX7,SLC35E1,0
RPA1,NUDT19,0
RAD51,TCP11L2,0
RPA1,ITPR1,0
FOXO1,POLE,0
RPA2,IMMT,0
HCFC1,TEAD2,0
CBX7,PRSS57,0
EBF1,PPP1R15A,0
RAD51,PTPRS,0
FOXO1,PAK1,0
NFAT5,NFIA,0
SATB1,TMEM37,0
STAT2,RP2,0
CBX7,FOXO1,0
NFAT5,CENPO,0
RPA1,NUP85,0
WDR5,HID1,0
CBX7,SGO1,0
JUN,SPNS3,0
SATB1,TAF12,0
RPA2,FGFR1OP,0
RPA2,WDR4,0
IRF8,NCAPG2,0
ELF1,CTLA2A,0
GATA2,CD300A,0
RPA2,COL4A2,0
NFAT5,TFRC,0
RAD51,POLE3,0
CBX7,TMX3,0
SATB1,MAMDC2,0
IRF8,ISYNA1,0
GFI1B,RCOR1,0
MEIS1,EFCC1,0
GATA2,MFNG,0
NFAT5,GM5111,0
RPA1,G6PDX,0
RPA1,METTL7A1,0
STAT2,MMRN1,0
FOXO1,EIF1AD,0
GATA2,BATF2,0
NFAT5,FASTKD2,0
WDR5,PLAC8,0
RAD51,SMPDL3A,0
RAD51,PTPRE,0
SATB1,CDCA8,0
FOXO1,LY6C2,0
IRF8,CD44,0
EBF1,IDH3A,0
RPA1,HMGB2,0
STAT2,D1ERTD622E,0
RPA2,PYGM,0
WDR5,NSD2,0
ELF1,CD93,0
NFAT5,GALNT6,0
RAD51,PTDSS1,0
ELF1,HDC,0
CBFB,COL4A1,0
HCFC1,THEMIS2,0
EBF1,SERPINB1A,0
HCFC1,TM6SF1,0
RPA1,IFI27L2A,0
RPA1,BTAF1,0
WDR5,HLF,0
CBX7,ADSL,0
IKZF1,CD68,0
FOXO1,PLEKHO2,0
SATB1,CNRIP1,0
EBF1,NCEH1,0
NFAT5,VDR,0
MEIS1,IFI27L2A,0
RPA1,TENT5A,0
FOXO1,ACOT9,0
RAD51,NUP88,0
RPA1,SPC25,0
MYC,LPCAT2,0
MEIS1,NCF1,0
RPA1,LMAN2L,0
MEIS1,TSPOAP1,0
NFAT5,DHX33,0
IRF8,GLIPR2,0
EBF1,FCER1G,0
RPA2,MYCN,0
RPA2,REXO2,0
GFI1B,SLC7A4,0
STAT2,NSD2,0
CBX7,GTF2F1,0
MEIS1,SYTL1,0
EBF1,CPA3,0
RAD51,PRIM2,0
EBF1,STAT2,0
NFAT5,MKI67,0
FOXO1,LAX1,0
RAD51,MNS1,0
RAD51,ENG,0
HDAC2,CSF3R,0
RAD51,HMGB3,0
EBF1,REL,0
RPA2,MBNL3,0
SATB1,TIMP2,0
CBX7,FGFR1OP,0
ELF1,RGCC,0
WDR5,OSGIN1,0
RAD51,TNFRSF21,0
CBX7,CDT1,0
CBX7,LY9,0
ELF1,MPZL1,0
CBX7,MEMO1,0
CBFB,HK3,0
FOXO1,HMBS,0
RPA1,FAR1,0
STAT2,ARHGEF18,0
RPA2,MARS,0
NFAT5,CKAP2,0
NFAT5,MCM10,0
RPA1,LY6C2,0
MEIS1,TMEM50B,0
CBX7,MTMR4,0
NFAT5,CBFB,0
GFI1B,CRISPLD1,0
CBX7,MPO,0
NFAT5,MXD3,0
RAD51,NCAPH,0
RPA1,NDN,0
FOXO1,CSRP3,0
GFI1B,UBR7,0
ELF1,PRR5,0
RPA2,PLAA,0
ELF1,FLNB,0
FOXO1,SLC28A2,0
NFAT5,SFXN1,0
STAT2,GNG2,0
EBF1,GIMAP1,0
EBF1,TEX10,0
CBX7,LMO4,0
NFAT5,MCPT8,0
GFI1B,B230219D22RIK,0
CBX7,BUB1B,0
EBF1,MYCN,0
CBX7,CDCA4,0
MEIS1,GIMAP1,0
SPI1,PRDM16,0
RAD51,1700017B05RIK,0
RAD51,PFKFB3,0
NFAT5,NOP2,0
NFAT5,ADGRG3,0
NFAT5,ARHGEF39,0
EBF1,OBSCN,0
GFI1B,QARS,0
NFAT5,LAPTM4B,0
RPA1,TMEM37,0
GFI1B,PNCK,0
MEIS1,ARID3B,0
ELF1,LRRC8B,0
EBF1,DNAJC11,0
CBX7,SLA,0
FOXO1,EIF4ENIF1,0
EBF1,GUCY1A1,0
IRF8,PDZK1IP1,0
EBF1,LIG1,0
RPA1,DENND1C,0
RAD51,LY86,0
EBF1,FLNB,0
RAD51,ORC6,0
EBF1,ADGRG3,0
RPA1,THSD1,0
RAD51,HEXA,0
RPA1,GATA2,0
EBF1,NMD3,0
FOXO1,GEM,0
JUN,GM1966,0
GATA2,JCHAIN,0
SATB1,MTUS1,0
RPA1,HNRNPLL,0
IRF8,PLAG1,0
MEIS1,GEM,0
EBF1,TLR4,0
RPA1,SLC16A1,0
NFAT5,TYROBP,0
RAD51,SOX18,0
FOXO1,POLR2B,0
FOXO1,JAM3,0
IRF8,MCM6,0
GFI1B,PRR5,0
RAD51,FAM91A1,0
SATB1,CD9,0
IRF8,DUSP1,0
FOXO1,ANXA1,0
GATA2,PKIB,0
RPA2,BC035044,0
EBF1,LAPTM4B,0
EBF1,SHISA8,0
RPA1,NMD3,0
FOXO1,SNX30,0
CBFB,CASP12,0
CBX7,ATP6AP2,0
CBX7,DEF8,0
NFAT5,TIMM29,0
IRF8,SLC44A2,0
GFI1B,EIF1AD,0
CBX7,VAV1,0
EBF1,LAP3,0
HCFC1,GP9,0
RPA2,PLAC8,0
MYC,CCL4,0
CBX7,MTO1,0
CBX7,EPSTI1,0
IRF8,ANKRD44,0
FOXO1,GIMAP6,0
EBF1,IRGM2,0
IRF8,MNS1,0
RPA2,GUCY1A1,0
ELF1,SELL,0
FOXO1,MICU1,0
RPA1,NOLC1,0
EBF1,MCM6,0
NFAT5,TAF12,0
RPA1,CSF3R,0
RAD51,NDRG2,0
EBF1,LY86,0
RPA1,ITGAL,0
RPA2,PREP,0
RAD51,CCNB2,0
HCFC1,LDHB,0
RAD51,ADK,0
GFI1B,NDRG1,0
IRF8,SELENBP1,0
JUN,SALL2,0
WDR5,STX3,0
RPA2,CASP4,0
NFAT5,POLE,0
RPA2,IIGP1,0
GFI1B,FLT3,0
EBF1,TIPIN,0
ELF1,CSGALNACT1,0
IRF8,RRM2,0
RPA2,MSH6,0
STAT2,SH3BGRL,0
JUN,PRKCQ,0
NFAT5,MLKL,0
FOXO1,ACOX3,0
RPA1,MR1,0
EBF1,SLA2,0
SPI1,GUCY1A1,0
RAD51,STT3B,0
CBX7,PPM1G,0
IRF8,UAP1,0
RPA1,EMILIN1,0
NFAT5,ISG20,0
CBX7,SNRNP200,0
FOXO1,NOP2,0
RPA1,ARL6IP6,0
GATA2,TMEM246,0
RPA2,XRCC3,0
WDR5,BDH2,0
RPA2,BATF2,0
RPA2,CALCRL,0
CBX7,SRM,0
HCFC1,TINAGL1,0
ELF1,MFNG,0
CBX7,ABL1,0
NFAT5,TGTP2,0
NFAT5,USP14,0
EBF1,ELP2,0
SATB1,DNM1L,0
RPA2,MRPL37,0
RAD51,PWP2,0
STAT2,CSAD,0
WDR5,CD52,0
FOXO1,PWP2,0
NFAT5,PHF10,0
RPA1,RCOR1,0
RPA1,CHRNB1,0
RPA1,BC035044,0
FOXO1,CRISPLD1,0
SATB1,SELENBP1,0
RPA2,KPNA1,0
IRF8,MYL10,0
RAD51,UBE2L6,0
RPA2,CSGALNACT2,0
RPA1,BTG2,0
CBX7,YBX1,0
EBF1,UBE2L6,0
RPA1,SLC25A46,0
RPA2,MTMR1,0
FOXO1,NFE2,0
RPA1,MBNL3,0
STAT2,SPO11,0
GATA2,TTLL12,0
RAD51,TSC22D1,0
STAT2,SLPI,0
STAT2,CD9,0
CBX7,SLC25A46,0
NFAT5,MMRN1,0
RPA1,SLC28A2,0
RPA2,HUS1,0
CBX7,IFI209,0
SATB1,SMPDL3A,0
RAD51,TTF2,0
RPA1,IMMT,0
ELF1,TRIM16,0
WDR5,DOCK11,0
ELF1,TNPO1,0
SATB1,ELANE,0
NFAT5,MARS,0
EBF1,CYP4V3,0
RPA2,GRK3,0
RPA1,ARHGEF18,0
CBX7,DUT,0
RPA2,GCLC,0
IRF8,NUP85,0
EBF1,TBC1D2B,0
NFAT5,FAM111A,0
ELF1,ZBTB20,0
NFAT5,GPR65,0
CBX7,ENG,0
EBF1,QARS,0
RPA2,SMARCA2,0
RPA2,NCAPD2,0
FOXO1,PTPRS,0
NFAT5,VSIR,0
RAD51,CBX7,0
CBX7,LY6A,0
NFAT5,ISYNA1,0
MEIS1,NAV1,0
MEIS1,ZFP422,0
IRF8,TMEM37,0
IRF8,MTO1,0
ELF1,BPIFC,0
GFI1B,RP2,0
FOXO1,TPM4,0
RPA1,ADSL,0
SATB1,IFITM1,0
GFI1B,MLKL,0
WDR5,CSRP3,0
IRF8,FASTKD3,0
WDR5,SLCO3A1,0
GFI1B,GRK3,0
EBF1,PLEKHO2,0
CBX7,ADK,0
HCFC1,SATB1,0
GFI1B,SLA2,0
RPA1,RFC5,0
RAD51,RAB38,0
NFAT5,CLTC,0
NFAT5,GBP3,0
NFAT5,AHCYL1,0
WDR5,CSGALNACT1,0
CBX7,PWP2,0
MEIS1,SH3BGRL,0
RPA2,GRIA3,0
STAT2,CTSG,0
FOXO1,SMPD4,0
CBX7,PIDD1,0
FOXO1,OBSL1,0
FOXO1,EFTUD2,0
MEIS1,PTGR1,0
ELF1,TOP2A,0
NFAT5,MCM5,0
RPA2,GTF2H1,0
RPA2,PRDM16,0
NFAT5,CASP12,0
RPA2,UPP1,0
MEIS1,BACE1,0
ELF1,MYC,0
FOXO1,CENPO,0
IRF8,GARS,0
NFAT5,GANAB,0
NFAT5,EMCN,0
GATA2,ATP8B4,0
NFAT5,SLC28A2,0
GFI1B,CYP4V3,0
CBX7,RPP40,0
GFI1B,CCDC137,0
RPA1,LRRC59,0
HDAC2,GALNT6,0
FOXO1,NR3C2,0
RAD51,NDUFV1,0
NFAT5,CERS6,0
SATB1,GM1966,0
RAD51,AGPS,0
ELF1,CDCA7,0
GFI1B,NSD2,0
IRF8,RELB,0
SATB1,MECOM,0
NFAT5,EFCC1,0
RAD51,SPC25,0
RPA1,NPDC1,0
EBF1,CTLA2A,0
GATA2,PRTN3,0
NFAT5,IRF7,0
RAD51,TMEM97,0
FOXO1,ZBTB16,0
RAD51,OTUD4,0
CBFB,CDKN1A,0
MEIS1,YBX3,0
RAD51,PBX1,0
RAD51,NFKBIA,0
CBX7,TNPO1,0
MYC,CD34,0
NFAT5,TOP2A,0
FOXO1,PITPNC1,0
ELF1,RP2,0
GFI1B,PTCD3,0
RPA2,GIMAP5,0
RAD51,HK3,0
FOXO1,TEAD2,0
CBX7,CDC6,0
FOXO1,NEDD1,0
HCFC1,CDKN1C,0
IRF8,CCNF,0
RAD51,NRROS,0
FOXO1,MLKL,0
EBF1,ZBTB38,0
RAD51,SEC24D,0
MEIS1,SERPINB1A,0
FOXO1,MYO1G,0
EBF1,ATP6AP2,0
IRF8,CYP2J9,0
RPA2,FAM189B,0
RPA1,TTF2,0
RAD51,CNN3,0
IRF8,SLC30A5,0
RPA2,MEMO1,0
RPA2,MRPL20,0
RAD51,COL4A1,0
WDR5,GM4951,0
NFAT5,LTB,0
GATA2,ITIH5,0
GATA2,GLIPR2,0
STAT2,RBPMS,0
IRF8,MYO1F,0
STAT2,CLEC4E,0
IRF8,CD63,0
MEIS1,SLA,0
HCFC1,TGTP2,0
RAD51,RCOR1,0
ELF1,IIGP1,0
NFAT5,ABHD17B,0
RAD51,GALNS,0
GATA2,CDK6,0
RPA2,ABHD17B,0
RPA1,DDX58,0
FOXO1,GPRASP1,0
RPA2,SLC25A38,0
RAD51,GALNT6,0
FOXO1,SARAF,0
IRF8,EIF3B,0
RPA1,FOXRED1,0
IRF8,TUBGCP3,0
GATA2,ERGIC1,0
SATB1,CYP4V3,0
NFAT5,STT3A,0
IRF8,FLOT2,0
IRF8,REL,0
FOXO1,API5,0
FOXO1,NUP88,0
RPA1,APLP2,0
NFAT5,CCL9,0
EBF1,SRM,0
SATB1,HNRNPLL,0
EBF1,TRIM59,0
CBX7,MIS12,0
EBF1,UBA7,0
ELF1,KCTD20,0
RAD51,UHRF1,0
CBX7,RCC1,0
RAD51,LRRC8B,0
GFI1B,MED16,0
RPA1,RPP40,0
RPA2,HSPH1,0
RPA1,GALNS,0
FOXO1,LY6A,0
RPA1,SERPINB6A,0
RPA1,ZFAND5,0
EBF1,DENND2D,0
RPA2,ZFP945,0
CBX7,DDX39,0
NFAT5,CDT1,0
EBF1,RPP40,0
EBF1,MCM5,0
ELF1,NCF1,0
IKZF1,CPA3,0
GATA2,SULT1A1,0
STAT2,TIFAB,0
WDR5,PRKCQ,0
SATB1,NDN,0
RPA1,WDR5,0
EBF1,INPP5B,0
RPA2,ROBO4,0
RPA2,ACOT9,0
RPA1,ZNRF2,0
FOXO1,MOGS,0
GFI1B,CTLA2B,0
GFI1B,SSH3,0
CBX7,CNIH1,0
EBF1,UBL4A,0
RAD51,PRC1,0
MEIS1,ITPR1,0
SATB1,MAPK12,0
HCFC1,ARRDC4,0
EBF1,PBX1,0
RPA1,CTR9,0
RPA1,NDC1,0
MEIS1,ATP10A,0
NFAT5,EDEM1,0
GATA2,F13A1,0
EBF1,BDH2,0
NFAT5,RAB44,0
FOXO1,TMEM246,0
RAD51,PHF5A,0
SATB1,HSPA1A,0
NFAT5,NUPR1,0
ELF1,BC035044,0
RPA2,BIRC5,0
EBF1,MOGS,0
MEIS1,ART4,0
RPA1,DNAJC11,0
RPA2,ANXA2,0
CBFB,MPI,0
FOXO1,RAB37,0
NFAT5,SLC25A46,0
RAD51,HDGFL3,0
RPA1,FAM91A1,0
IRF8,TRPC6,0
CBX7,RAD51,0
RPA2,NDC1,0
RPA2,SERPINB1A,0
JUN,SPO11,0
MEIS1,MED16,0
FOXO1,DENND1C,0
RAD51,NCAPG2,0
GFI1B,DENND1C,0
RAD51,CPA3,0
RAD51,CKS2,0
NFAT5,AURKA,0
CBFB,IIGP1,0
GATA2,AFAP1L1,0
RAD51,CSF2RB,0
EBF1,IFRD2,0
FOXO1,NUP85,0
IKZF1,BPIFC,0
NFAT5,ICAM1,0
MYC,RAB44,0
RPA2,CHCHD10,0
RPA2,NEIL3,0
RAD51,ACOX3,0
HCFC1,CSF3R,0
FOXO1,SNAP47,0
GFI1B,MCM5,0
RAD51,PDE4D,0
CBX7,SERPINB1A,0
RPA2,ADK,0
RPA1,YBX1,0
CBFB,CREB5,0
ELF1,RORC,0
NFAT5,HACD4,0
FOXO1,PSAT1,0
MYC,TLE2,0
NFAT5,KAT7,0
RPA1,CLN5,0
RPA2,TGM2,0
RPA1,SLC35E1,0
IRF8,CCR2,0
NFAT5,CLEC12A,0
RPA1,MAN2A2,0
RAD51,SIRPA,0
GATA2,XRCC3,0
EBF1,SATB1,0
FOXO1,CD52,0
ELF1,RORA,0
STAT2,GM5111,0
IRF8,POLD1,0
RAD51,NAPRT,0
EBF1,YBX1,0
FOXO1,ZFP422,0
GFI1B,PLD3,0
EBF1,SYK,0
RAD51,MAPK1,0
FOXO1,CYBC1,0
GATA2,CTSO,0
CBX7,CCNB2,0
RPA1,PLSCR4,0
CBX7,CHCHD10,0
MEIS1,MPL,0
FOXO1,CHCHD10,0
GATA2,ENG,0
GFI1B,GANAB,0
FOXO1,DPP8,0
RPA2,DEF8,0
JUN,OBSCN,0
RAD51,PRR5,0
IKZF1,MAMDC2,0
NFAT5,H1F0,0
RAD51,FLNA,0
RAD51,CCDC137,0
IRF8,YBX3,0
EBF1,ZBTB16,0
CBX7,SYTL1,0
SPI1,ESAM,0
FOXO1,GIMAP5,0
CBX7,CTC1,0
FOXO1,FAM189B,0
IRF8,DLST,0
STAT2,SPI1,0
HCFC1,CCL4,0
NFAT5,GPRASP1,0
RPA2,ELAC2,0
NFAT5,EMB,0
ELF1,ZMIZ1,0
CBX7,ASF1B,0
RPA2,EEF1E1,0
RPA2,TIE1,0
EBF1,GFM1,0
CBX7,TIE1,0
NFAT5,PLPPR3,0
RPA2,ICAM1,0
RPA2,IL27RA,0
STAT2,SPNS2,0
FOXO1,ZFP35,0
RAD51,ALDH18A1,0
IRF8,RPA2,0
CBX7,BPIFC,0
NFAT5,PRMT5,0
NFAT5,AP1S2,0
JUN,MPL,0
RAD51,IL27RA,0
CBX7,RHOF,0
RPA2,NOLC1,0
RAD51,MS4A3,0
RPA1,SF3B3,0
RAD51,ACSS1,0
RAD51,ANXA3,0
GATA2,UBL4A,0
ELF1,CD44,0
JUN,NDN,0
RAD51,FASTKD3,0
RAD51,IRGM2,0
IRF8,CHRNB1,0
RPA2,CCR2,0
NFAT5,UBA7,0
RPA2,HACD4,0
NFAT5,PRSS57,0
RPA1,MTCH2,0
EBF1,GALNT6,0
NFAT5,PIK3IP1,0
STAT2,IL12A,0
CBFB,NSD2,0
CBX7,MCPT8,0
GFI1B,MPO,0
RPA1,GM4951,0
MEIS1,IFI44,0
CBX7,NUDCD1,0
CBFB,STX3,0
GATA2,GIMAP5,0
GFI1B,PRDM16,0
STAT2,BACE1,0
GATA2,CASP1,0
WDR5,TPM4,0
RAD51,NCAPD2,0
GFI1B,CISH,0
STAT2,YBX3,0
CBX7,SNRPB,0
CBX7,PIK3IP1,0
HCFC1,SERPINB6B,0
RAD51,USP10,0
IRF8,F2R,0
HCFC1,ANXA1,0
HCFC1,AFAP1L1,0
ELF1,MYO1F,0
RAD51,NOL9,0
IRF8,MTCH2,0
CBX7,IRF9,0
WDR5,CSAD,0
NFAT5,IFI30,0
NFAT5,PRTN3,0
JUN,HDC,0
GFI1B,CD74,0
FOXO1,CTSZ,0
RPA1,SGPP1,0
RAD51,TEX10,0
IRF8,PATL1,0
FOXO1,PRELID3B,0
CBX7,EFTUD2,0
RPA1,TMEM97,0
STAT2,ARL11,0
STAT2,PHF10,0
GFI1B,GM4951,0
CBFB,CSF3R,0
RPA2,ARID3B,0
GFI1B,HID1,0
NFAT5,NAP1L3,0
NFAT5,TSPOAP1,0
RAD51,STOM,0
FOXO1,COL4A2,0
IRF8,NEIL3,0
STAT2,UBASH3A,0
FOXO1,NEIL3,0
HCFC1,H2-OB,0
SATB1,FOXO1,0
CBX7,IRF7,0
MYC,ADGRL4,0
RPA1,MTR,0
RAD51,CHCHD10,0
HCFC1,CD244A,0
GFI1B,LY86,0
RPA1,IL6ST,0
FOXO1,BC035044,0
CBX7,TYROBP,0
NFAT5,FCGR3,0
EBF1,HNRNPAB,0
GFI1B,AFAP1L1,0
RPA1,NKG7,0
RPA1,COL4A2,0
NFAT5,LRRC8B,0
NFAT5,TMX4,0
RPA1,LONP1,0
RPA2,CREB5,0
IRF8,PTPN7,0
RPA1,CDCA4,0
FOXO1,RAB44,0
RAD51,NUP155,0
RAD51,PNO1,0
EBF1,KLF6,0
GFI1B,EML4,0
STAT2,OBSL1,0
CBX7,SETD2,0
EBF1,STIP1,0
NFAT5,RRM1,0
GFI1B,GSR,0
NFAT5,CHRNB1,0
HCFC1,NAV1,0
RPA2,H1F0,0
RAD51,GIMAP1,0
ELF1,XRCC3,0
GFI1B,ANXA2,0
RAD51,CYC1,0
CBX7,RAB44,0
RPA1,PWP2,0
RPA1,TMEM173,0
NFAT5,ARCN1,0
FOXO1,RPAP1,0
RAD51,TFG,0
NFAT5,BCAP29,0
IRF8,UHRF1,0
CBX7,ATP11C,0
FOXO1,PDZK1IP1,0
RAD51,AFAP1L1,0
CBX7,METTL7A1,0
RAD51,CDC6,0
WDR5,SYTL1,0
STAT2,TRIM47,0
RAD51,CSTF2,0
NFAT5,CCL4,0
RPA2,TXNDC11,0
RPA2,TUBGCP2,0
RPA1,CTLA2A,0
RAD51,TMEM173,0
NFAT5,SATB1,0
RPA1,CERS4,0
ELF1,OAS3,0
RPA1,VAV1,0
SATB1,SLCO3A1,0
CBX7,HMBS,0
ELF1,CERS4,0
RPA1,LDHB,0
FOXO1,GLRX5,0
NFAT5,CAND2,0
RPA1,NDRG1,0
FOXO1,FTSJ3,0
ELF1,FCGRT,0
GFI1B,CBFB,0
RAD51,CBX5,0
CBX7,GFI1B,0
EBF1,UPP1,0
SATB1,MEIS1,0
RPA2,ZFP53,0
GATA2,CSRP3,0
EBF1,TES,0
GFI1B,NUDT4,0
EBF1,TRIM47,0
NFAT5,ADGRL4,0
FOXO1,H2-Q6,0
WDR5,SLC18A2,0
WDR5,MC5R,0
NFAT5,UNC93B1,0
GFI1B,MTUS1,0
RPA1,PLA2G15,0
RPA2,ORC6,0
SATB1,ROBO4,0
CBX7,C1RL,0
CBFB,RBPMS,0
STAT2,MC5R,0
RPA1,GPR65,0
HCFC1,CSF1R,0
CBX7,CCDC50,0
CBX7,DCK,0
MYC,PLSCR4,0
GFI1B,COLGALT1,0
GFI1B,RGS1,0
FOXO1,EAF1,0
NFAT5,TSPAN14,0
GFI1B,PRPF4,0
FOXO1,CS,0
STAT2,PGLYRP2,0
GFI1B,BC005561,0
RPA2,USP11,0
CBX7,SAMD9L,0
HCFC1,ABCG3,0
NFAT5,OSGIN1,0
ELF1,EMB,0
FOXO1,RIN3,0
FOXO1,RFC5,0
NFAT5,TBXAS1,0
RPA1,EFTUD2,0
IRF8,POLE3,0
CBX7,G6PDX,0
EBF1,MTFR1,0
RPA2,APLP2,0
CBFB,PIDD1,0
EBF1,CD274,0
FOXO1,PIM2,0
EBF1,PIP4K2A,0
RPA2,LY86,0
ELF1,NFIA,0
EBF1,PROCR,0
SATB1,PLSCR4,0
RPA2,HDAC7,0
CBFB,FCGRT,0
HCFC1,F13A1,0
RAD51,WDHD1,0
MYC,MPO,0
NFAT5,SMARCA2,0
SATB1,SLC43A3,0
CBX7,MTHFD1,0
EBF1,ESAM,0
RPA1,AKNA,0
GFI1B,TSPAN2,0
RPA2,ADSL,0
RPA2,PLXDC2,0
NFAT5,LCP2,0
RAD51,MPI,0
RPA2,UNC93B1,0
RAD51,ZNRF2,0
RAD51,GPR65,0
FOXO1,RASA4,0
CBX7,BDH2,0
IRF8,GOLT1B,0
ELF1,AFAP1L1,0
NFAT5,ZFP451,0
RPA1,STRAP,0
WDR5,ANXA2,0
EBF1,ITPR1,0
NFAT5,NEIL3,0
ELF1,PTGR1,0
HCFC1,TLE2,0
EBF1,G6PDX,0
IRF8,REXO2,0
GATA2,MAPK12,0
CBX7,TSPAN14,0
GFI1B,KLF6,0
FOXO1,THEMIS2,0
RPA2,9430015G10RIK,0
RPA2,DNAJC11,0
GATA2,ADGRL4,0
IRF8,MGAT5,0
NFAT5,TMEM97,0
RPA2,TARS,0
RAD51,SLC2A3,0
RAD51,MCM10,0
RAD51,MCM3,0
RPA1,PSMD9,0
RAD51,SH2D5,0
WDR5,CCR2,0
IRF8,TCN2,0
IRF8,EFTUD2,0
RPA1,CALCRL,0
FOXO1,IL17RA,0
CBX7,PTCD3,0
FOXO1,OSBPL1A,0
ELF1,SHISA8,0
RPA1,MCM7,0
ELF1,EPSTI1,0
FOXO1,UPP1,0
RAD51,ARHGEF39,0
MEIS1,SLC18A2,0
GFI1B,HAAO,0
RAD21,PTGR1,0
CBFB,CYP2J6,0
MEIS1,TMEM246,0
MEIS1,STAG2,0
RPA1,MSMO1,0
SATB1,CYP2J6,0
ELF1,PLXNC1,0
IRF8,SMPD4,0
IRF8,9530068E07RIK,0
FOXO1,TSPOAP1,0
RPA2,SEC23IP,0
CBFB,NAPRT,0
RPA2,CDCA4,0
ELF1,PBX1,0
IRF8,COQ8A,0
IRF8,F11R,0
RPA2,NFATC2,0
RAD51,PRDM16,0
RPA2,LPCAT2,0
IKZF1,CSRP3,0
RPA1,POLE3,0
EBF1,PLIN3,0
RPA2,GNG12,0
WDR5,CTLA2B,0
FOXO1,HMGB2,0
RAD51,EZR,0
EBF1,UBR7,0
NFAT5,SLC44A2,0
NFAT5,ARRDC4,0
NFAT5,CCDC137,0
NFAT5,HUS1,0
GFI1B,PNO1,0
NFAT5,PNCK,0
EBF1,OAS3,0
STAT2,CYP2J6,0
JUN,GIMAP1,0
RPA2,AFAP1L1,0
WDR5,ATP8B4,0
RPA2,GRINA,0
FOXO1,ANGPT1,0
RPA2,RCC1,0
RAD51,SNX30,0
CBX7,ROBO4,0
RAD51,UNC93B1,0
GFI1B,TOPORS,0
STAT2,HDC,0
CBX7,ORC2,0
IRF8,PRR5,0
RPA2,CKAP2,0
RPA1,KNSTRN,0
GFI1B,MCM6,0
RPA1,ARCN1,0
EBF1,ATF7,0
SATB1,CRISPLD1,0
RAD51,NAP1L3,0
ELF1,CAMK2D,0
CBX7,FCGR2B,0
IRF8,NADK,0
FOXO1,PUS7,0
SATB1,NR3C2,0
IRF8,LY6A,0
RAD51,SH3BGRL,0
RAD51,CDCA8,0
CBX7,AURKA,0
RAD51,GLB1,0
ELF1,OBSCN,0
RPA1,SNAP47,0
JUN,IFITM1,0
CBX7,INPP5B,0
FOXO1,CTLA2B,0
GFI1B,ATP6AP2,0
RAD51,FAM171A1,0
ELF1,HID1,0
FOXO1,WSB1,0
RPA2,SETD2,0
EBF1,CAND2,0
JUN,AFAP1L1,0
RPA1,IGSF6,0
RPA2,TMEM173,0
CBX7,TTLL12,0
STAT2,ANXA3,0
CBX7,CBX5,0
MEIS1,BCL2,0
NFAT5,MSH6,0
ELF1,TTLL12,0
FOXO1,CCNB1,0
NFAT5,GPD1L,0
FOXO1,RETREG1,0
IRF8,ACAA2,0
RAD51,MLKL,0
RPA1,PLXDC2,0
RAD51,PCLAF,0
STAT2,MS4A3,0
MYC,GUCY1A1,0
RPA1,MDN1,0
GFI1B,ZFAND5,0
NFAT5,ZFP36,0
IRF8,RPS6KA5,0
MEIS1,SHISA8,0
GFI1B,ELAC2,0
RPA2,DNM1L,0
GATA2,GALNT6,0
RPA2,MAPKAPK3,0
HDAC2,OBSCN,0
CBX7,CAND2,0
CBFB,C1RL,0
NFAT5,SAMD9L,0
NFAT5,PEAR1,0
WDR5,SPNS3,0
RAD51,SLC35B4,0
RAD51,NUPR1,0
IRF8,MYCT1,0
EBF1,NCLN,0
RPA2,RORA,0
IRF8,PNO1,0
NFAT5,RANBP3,0
RPA2,FRRS1,0
GFI1B,CAND2,0
GFI1B,RANBP3,0
NFAT5,PGLYRP2,0
CBX7,SELENOP,0
RPA1,E2F8,0
RPA1,CNIH1,0
IRF8,GK,0
EBF1,CAMK2D,0
CBFB,SULT1A1,0
GFI1B,H2-Q6,0
STAT2,LSP1,0
RPA2,ITM2A,0
NFAT5,ZFAND5,0
RAD51,HUS1,0
EBF1,ARFGEF2,0
MEIS1,F2R,0
STAT2,ABCG2,0
CBX7,METAP1,0
NFAT5,SEC24D,0
RPA1,WDHD1,0
RAD21,MMRN1,0
SATB1,FAM189B,0
MEIS1,HEXA,0
JUN,PRTN3,0
GATA2,GRIA3,0
WDR5,KRT18,0
CBX7,RUVBL2,0
EBF1,ECT2,0
SATB1,SVIP,0
HCFC1,FCGR3,0
WDR5,GRINA,0
NFAT5,MTHFD1,0
GFI1B,CREBRF,0
EBF1,MC5R,0
RAD51,CS,0
IRF8,USP37,0
RPA2,MPO,0
FOXO1,HERPUD1,0
RPA2,CAPG,0
CBX7,AKNA,0
RPA2,ACSS2,0
GFI1B,RASA4,0
EBF1,B3GNT5,0
WDR5,NWD1,0
IRF8,SPNS3,0
RAD51,IL12A,0
IRF8,USP14,0
EBF1,NEURL3,0
JUN,SYTL1,0
MEIS1,MAN2A2,0
GFI1B,CSAD,0
RPA2,SALL2,0
RAD51,RTP4,0
CBX7,ZFP367,0
EBF1,MYB,0
GFI1B,HMBS,0
NFAT5,TSPAN2,0
IKZF1,MPL,0
FOXO1,RNF4,0
RPA1,EGR1,0
CBX7,TRIM16,0
HCFC1,HK3,0
IRF8,EGR1,0
ELF1,GRINA,0
IRF8,SLC39A6,0
MEIS1,FAM171A1,0
NFAT5,EZR,0
RPA1,TEC,0
FOXO1,MSMO1,0
ELF1,PRMT5,0
CBX7,GM1966,0
HCFC1,ROBO4,0
ELF1,ZEB2,0
CBFB,FGL2,0
RAD51,FAM136A,0
NFAT5,CYP2J6,0
CBX7,SELL,0
RPA1,GIMAP6,0
HDAC2,CD34,0
RAD51,FARSB,0
SATB1,SLC29A1,0
NFAT5,METAP1,0
CBX7,MAGED2,0
RPA2,CCDC50,0
WDR5,MS4A3,0
RPA2,NPTN,0
CBX7,GM4951,0
CBX7,CENPE,0
IKZF1,ENPP5,0
GFI1B,AKNA,0
RAD51,HCFC1,0
RPA2,CYP2J6,0
MEIS1,SGCE,0
STAT2,CD34,0
FOXO1,UBL4A,0
RPA1,GNG2,0
RPA2,CERK,0
IRF8,SLC35A4,0
NFAT5,PPP1R15A,0
EBF1,EML4,0
ELF1,9530068E07RIK,0
EBF1,SSH3,0
MYC,CD300A,0
RAD51,MECOM,0
ELF1,EMID1,0
CBX7,HYOU1,0
NFAT5,CDK6,0
RPA1,BYSL,0
RAD51,SHCBP1,0
MEIS1,MFSD10,0
RPA1,CENPO,0
RAD51,ROBO4,0
RPA2,TSPOAP1,0
NFAT5,ACOX1,0
RAD51,CLEC4E,0
NFAT5,CIP2A,0
RPA2,ATF7,0
RPA2,ADORA2A,0
CBX7,SLC29A1,0
NFAT5,IGFBP4,0
EBF1,CDC45,0
IRF8,TBC1D9B,0
RAD51,GIMAP6,0
CBX7,METTL27,0
GATA2,CASP4,0
RPA1,ITSN1,0
RPA1,ATP11C,0
NFAT5,ZBTB38,0
RPA1,FCGR3,0
RAD51,TLE2,0
SATB1,SLPI,0
CBX7,MMRN1,0
EBF1,SRSF1,0
ELF1,MYCT1,0
FOXO1,CCL4,0
RAD51,GATA2,0
CBFB,ALDOC,0
CBX7,PPID,0
STAT2,NUPR1,0
RAD51,DDX20,0
NFAT5,CALCRL,0
NFAT5,TAB1,0
MYC,SLA,0
STAT2,COL4A2,0
WDR5,NUPR1,0
RPA2,KAT7,0
GATA2,GM1966,0
SATB1,RPP40,0
SATB1,SLC7A4,0
IRF8,ZFP24,0
IRF8,TSPAN2,0
WDR5,FAM171A1,0
IRF8,IFI27L2A,0
FOXO1,F13A1,0
CBX7,NFAM1,0
RPA1,SRM,0
FOXO1,SLC37A1,0
MEIS1,SERPINB6B,0
CBX7,NAPSA,0
RAD51,FSTL1,0
RAD51,MTUS1,0
NFAT5,LSP1,0
EBF1,OSBPL8,0
GFI1B,JPT1,0
JUN,SVIP,0
RAD51,PRODH,0
NFAT5,FASTKD3,0
JUN,RNF122,0
RPA1,CNRIP1,0
RAD51,USP11,0
SATB1,MYO5A,0
ELF1,FGGY,0
EBF1,OTULINL,0
RPA2,POLA2,0
FOXO1,H2-DMA,0
CBX7,CDK1,0
RAD51,CCL9,0
IRF8,MFSD14B,0
RPA1,NDUFV1,0
ELF1,THSD1,0
IRF8,SUSD3,0
GFI1B,DNAJC9,0
STAT2,IFITM1,0
RAD51,MOB3C,0
WDR5,ARHGEF39,0
RPA1,CTLA2B,0
GFI1B,STIP1,0
GFI1B,TOP2A,0
CBX7,UTP4,0
EBF1,UNC93B1,0
EBF1,KNSTRN,0
GATA2,DENND1C,0
RPA1,CLEC4E,0
MEIS1,GNG2,0
FOXO1,TBC1D5,0
EBF1,BCAP29,0
JUN,TEAD2,0
CBX7,IGTP,0
EBF1,MCM4,0
RPA2,NR3C2,0
FOXO1,FAM111A,0
ELF1,HDAC11,0
NFAT5,TXNIP,0
EBF1,TOPORS,0
RPA1,CD69,0
NFAT5,LGALS1,0
MYC,SCARF1,0
RPA1,PRPS2,0
RPA1,CDC7,0
IRF8,POLA2,0
FOXO1,CTSG,0
RAD51,D1ERTD622E,0
MEIS1,DDX60,0
RPA2,MIS18BP1,0
EBF1,CTC1,0
ELF1,TINAGL1,0
FOXO1,FCER1G,0
RPA1,CTPS,0
RPA1,CYFIP2,0
IKZF1,RARB,0
RPA1,PA2G4,0
RPA1,ELAC2,0
RPA2,GANAB,0
RPA2,RNF122,0
EBF1,SLC25A38,0
STAT2,PRSS57,0
ELF1,SLC18A2,0
MEIS1,CNN3,0
GFI1B,STX3,0
WDR5,SULT1A1,0
FOXO1,UQCRFS1,0
RAD51,IFI44,0
ELF1,BTAF1,0
ELF1,SCARF1,0
NFAT5,PIK3R1,0
RPA1,VPS35,0
RAD51,WDR5,0
RAD51,CLTC,0
HCFC1,IFI203,0
GFI1B,CDC20,0
CBX7,CD74,0
CBX7,MOB3C,0
STAT2,ARHGEF39,0
STAT2,TNFRSF13C,0
GFI1B,ITM2A,0
RPA2,EPSTI1,0
RPA2,CTR9,0
MYC,SLC43A3,0
CBX7,CKAP2,0
GATA2,CBX7,0
STAT2,ADGRL4,0
WDR5,HDAC11,0
NFAT5,KRT18,0
CBX7,IFI203,0
HCFC1,CASP4,0
RPA1,RACGAP1,0
GFI1B,TRIM47,0
SATB1,VDR,0
IKZF1,CRISPLD1,0
RPA1,ABCB10,0
GFI1B,FBXO5,0
EBF1,LY6A,0
NFAT5,KIF17,0
NFAT5,LIG1,0
RAD51,PSTPIP1,0
RPA1,HSPA1A,0
RPA1,HDAC11,0
WDR5,RAB38,0
RAD51,RNF122,0
RPA2,HAT1,0
WDR5,OASL2,0
CBX7,ST6GALNAC4,0
FOXO1,PTGR1,0
RPA1,OAS3,0
STAT2,SORT1,0
STAT2,ENPP5,0
RAD51,DHFR,0
MEIS1,ACOT9,0
RAD51,RPA1,0
ELF1,RGS2,0
RAD51,H1F0,0
ELF1,MC5R,0
WDR5,CTSG,0
RPA1,CPA3,0
IRF8,MRPL37,0
NFAT5,SOX18,0
HCFC1,HDGFL3,0
FOXO1,SORL1,0
RPA2,SLPI,0
CBX7,THEMIS2,0
FOXO1,PIK3R1,0
CBX7,TARS,0
ELF1,CHCHD10,0
WDR5,GCLC,0
FOXO1,RRM1,0
IRF8,ADGRL4,0
EBF1,IRF9,0
RPA2,SLC28A2,0
EBF1,GK,0
STAT2,NEURL3,0
RAD51,WSB1,0
MEIS1,TSPAN2,0
RAD51,NUP93,0
CBX7,HSPH1,0
CBX7,SULT1A1,0
RPA2,POLR1B,0
NFAT5,PFKP,0
RPA1,CREBRF,0
NFAT5,PIK3R2,0
RAD51,PSME3,0
IRF8,ASF1B,0
STAT2,GNG11,0
NFAT5,NDE1,0
NFAT5,RNF4,0
RPA2,GEM,0
CBX7,AP3S1,0
IRF8,SLA,0
GFI1B,GPRASP1,0
EBF1,RGS18,0
RPA1,GOLT1B,0
HDAC2,TFR2,0
JUN,CYP2J9,0
FOXO1,MDN1,0
FOXO1,PHF10,0
RAD51,ABL1,0
GFI1B,ATP13A1,0
HCFC1,CD52,0
RPA2,HDAC11,0
NFAT5,TRIM35,0
RPA1,UAP1,0
RPA2,PTTG1IP,0
RPA2,GK,0
NFAT5,CD68,0
NFAT5,AP3S1,0
FOXO1,VPS35,0
CBX7,GABBR1,0
CBFB,OAS3,0
WDR5,RAB31,0
NFAT5,PCLAF,0
EBF1,CREB5,0
FOXO1,ZEB2,0
SATB1,THEMIS2,0
CBX7,SLC39A6,0
RPA2,LAP3,0
SPI1,OBSL1,0
ELF1,IRF7,0
EBF1,OTUD4,0
CBX7,LCP2,0
RPA2,ALAS1,0
STAT2,TM7SF3,0
ELF1,SNAP23,0
RPA2,PTDSS1,0
EBF1,FEM1B,0
RPA2,ABCG2,0
FOXO1,KCNK5,0
NFAT5,NUS1,0
EBF1,SHMT1,0
RPA2,LYN,0
FOXO1,APOE,0
GFI1B,4833439L19RIK,0
NFAT5,CD9,0
GFI1B,APOE,0
CBX7,CHORDC1,0
RAD51,GOLIM4,0
IRF8,FAM189B,0
RPA1,ADGRL4,0
RPA2,MGAT1,0
GFI1B,PRTN3,0
FOXO1,ESAM,0
EBF1,MTR,0
IKZF1,LY86,0
STAT2,TYROBP,0
EBF1,GNG12,0
GFI1B,RASSF4,0
RPA1,TMEM206,0
HCFC1,CCL9,0
RPA2,PPP1CB,0
EBF1,LONP2,0
NFAT5,QARS,0
FOXO1,SGMS1,0
GATA2,SCARF1,0
RAD51,IL21R,0
FOXO1,PIDD1,0
GFI1B,ADA,0
CBX7,SPCS3,0
EBF1,FAM136A,0
EBF1,FAR1,0
ELF1,PLA2G12A,0
SATB1,H2-Q6,0
SATB1,ABCG2,0
EBF1,COPB1,0
IKZF1,GATA2,0
NFAT5,BTG2,0
EBF1,ACOX3,0
RAD51,MRPL20,0
RAD51,RAD21,0
RPA2,RAB31,0
NFAT5,TRIM59,0
HCFC1,CPA3,0
HCFC1,PRKCQ,0
MEIS1,SLC43A3,0
CBX7,ALDH18A1,0
EBF1,PCMTD2,0
FOXO1,CENPE,0
GFI1B,HMGB3,0
NFAT5,ZMIZ1,0
GATA2,FAM111A,0
FOXO1,CTSL,0
FOXO1,HACD3,0
NFAT5,TOMM40,0
IRF8,TIMP2,0
SATB1,KNSTRN,0
NFAT5,CDC45,0
IRF8,SATB1,0
EBF1,SLC28A2,0
RPA1,BDH2,0
IRF8,NECAP2,0
RAD51,NUP85,0
SATB1,GNG11,0
STAT2,GFI1B,0
RPA2,MYB,0
RPA1,PPID,0
MEIS1,MBNL3,0
STAT2,UPP1,0
CBFB,JCHAIN,0
RAD51,PPP1R9A,0
RPA2,TGFBR1,0
RPA2,TM7SF3,0
NFAT5,ZEB2,0
RPA2,MCM7,0
NFAT5,ART4,0
NFAT5,DOK2,0
NFAT5,SPI1,0
RAD51,CD52,0
IKZF1,TEAD2,0
MEIS1,VIPR2,0
FOXO1,CREB5,0
FOXO1,ISYNA1,0
MEIS1,FLNB,0
STAT2,NFAM1,0
IRF8,CTC1,0
RPA2,RFC4,0
MEIS1,PRDM16,0
MEIS1,NKG7,0
RAD51,GMIP,0
RAD21,GUCY1A1,0
NFAT5,HCFC1,0
RPA2,RB1,0
JUN,CTSG,0
GATA2,RARS,0
EBF1,CTSL,0
GFI1B,FAM91A1,0
NFAT5,CSF2RB,0
RPA1,LYN,0
NFAT5,WSB1,0
FOXO1,PIP4K2A,0
HCFC1,LTB,0
GFI1B,IL17RA,0
NFAT5,CDCA5,0
RPA1,DDX39,0
RPA2,TMEM33,0
IRF8,ABCB10,0
STAT2,FSTL1,0
GFI1B,TRPS1,0
FOXO1,MYB,0
RPA2,HP,0
MYC,MS4A6C,0
IRF8,HMGB3,0
RAD51,ACLY,0
RPA1,UTP4,0
CBX7,GFM1,0
RPA2,PUS7,0
IRF8,SERPINB6A,0
CBX7,IFITM1,0
GFI1B,BUB1B,0
IKZF1,GNG11,0
IRF8,ERGIC1,0
GFI1B,KRT18,0
EBF1,PLD3,0
HCFC1,CDK6,0
STAT2,OBSCN,0
EBF1,IDH1,0
RAD51,ZFP422,0
NFAT5,F13A1,0
GFI1B,UBASH3A,0
EBF1,TOMM40,0
STAT2,NDN,0
MEIS1,GPR65,0
IRF8,CERS4,0
FOXO1,CAMK2D,0
STAT2,BDH2,0
RPA2,VDR,0
RAD51,EIF2S1,0
RPA1,PKIB,0
RAD51,IFI27L2A,0
ELF1,DHRS3,0
IRF8,HMBS,0
GFI1B,RPA1,0
CBX7,PPP1R15A,0
EBF1,KCTD12,0
SATB1,TRIM47,0
CBX7,PITPNC1,0
RAD51,MEIS1,0
FOXO1,SCARB1,0
RPA2,EIF2B1,0
RAD51,TRIM35,0
EBF1,RPA1,0
STAT2,VAV3,0
SATB1,TMEM246,0
RAD51,CD69,0
STAT2,PROCR,0
GFI1B,HDAC11,0
RPA1,UBL4A,0
RPA1,ACOX3,0
RPA1,USP37,0
ELF1,SOAT1,0
IRF8,UBL4A,0
NFAT5,MOGS,0
MYC,OAS3,0
ELF1,NUS1,0
ELF1,TGFBR1,0
RPA2,TFR2,0
CBX7,MAP4K2,0
IRF8,SORT1,0
FOXO1,SPI1,0
RPA1,ANGPT1,0
IRF8,EBF1,0
FOXO1,UBR7,0
RPA2,GOLT1B,0
EBF1,SAMD9L,0
RAD51,PIK3R2,0
RAD51,ATRN,0
IRF8,CDKN1C,0
WDR5,NUDT4,0
RAD51,SGMS1,0
RPA1,COQ8A,0
RPA1,TTLL12,0
NFAT5,HDAC2,0
RPA1,NUBP2,0
RPA1,ANKRD44,0
RPA2,KPNA3,0
MEIS1,ZFP467,0
RPA2,BUB1B,0
GFI1B,ITIH5,0
EBF1,LACTB,0
CBX7,CCNA2,0
HCFC1,EMILIN1,0
RPA1,SERPINB9,0
STAT2,MR1,0
HCFC1,CSRP3,0
GATA2,CSF3R,0
RPA2,E2F8,0
WDR5,TCIRG1,0
FOXO1,HNRNPAB,0
NFAT5,ECT2,0
STAT2,TMEM37,0
FOXO1,JCHAIN,0
STAT2,SHISA8,0
RPA2,NUS1,0
GFI1B,FLNA,0
STAT2,ADGRG3,0
RAD51,ZHX1,0
ELF1,ODC1,0
SATB1,CD74,0
RAD51,FRRS1,0
EBF1,TCN2,0
ELF1,CKAP5,0
RPA1,CD300A,0
EBF1,PARVG,0
RPA2,SPCS3,0
RPA1,CDC45,0
RPA2,NUP93,0
RPA1,NUP88,0
RPA1,BC005561,0
NFAT5,PA2G4,0
RAD51,NDUFA10,0
FOXO1,SLC19A1,0
GFI1B,CD34,0
CBX7,DDX20,0
MEIS1,TRPC6,0
RPA1,TCIRG1,0
RPA2,GPD1L,0
RPA1,CDCA3,0
RAD51,RGCC,0
ELF1,HDGFL3,0
CBFB,LPCAT2,0
RPA1,CTSZ,0
ELF1,GEM,0
MYC,BPIFC,0
RPA2,TSC22D1,0
GFI1B,CTPS,0
RPA2,H2-AA,0
NFAT5,TSC22D3,0
HCFC1,PRDM16,0
NFAT5,RGS18,0
CBFB,ADA,0
FOXO1,IRF8,0
GFI1B,CDK18,0
FOXO1,ZFP53,0
NFAT5,TMEM50B,0
RPA2,SERPINB6B,0
IRF8,SPI1,0
SPI1,CRISPLD1,0
IRF8,CRISPLD1,0
RPA1,PLAC8,0
CBX7,WDR5,0
CBX7,GLB1,0
RAD51,CTLA2A,0
CBFB,MTUS1,0
RPA1,GNS,0
HCFC1,PRTN3,0
NFAT5,TTLL12,0
GATA2,SPO11,0
RPA1,CDCA7,0
IRF8,BCL2,0
NFAT5,PDZK1IP1,0
RPA1,BUB1,0
MEIS1,CASP1,0
RAD51,KCTD12,0
RAD51,SNRNP200,0
RPA1,CKAP5,0
ELF1,RUNX1T1,0
RPA2,SVIP,0
RPA1,CCNE2,0
IRF8,GLRX5,0
IRF8,MAPK12,0
RPA2,CD44,0
CBFB,PYGM,0
CBX7,CYFIP2,0
MEIS1,CCR2,0
SATB1,NUDT4,0
JUN,TNFRSF13C,0
FOXO1,NAPRT,0
HCFC1,EYA2,0
MEIS1,MMRN1,0
WDR5,EMID1,0
RPA2,TOPORS,0
NFAT5,CRISPLD1,0
CBX7,KCNK5,0
CBX7,TPX2,0
EBF1,IARS2,0
ELF1,NR3C2,0
GFI1B,GABBR1,0
RPA1,SHISA8,0
STAT2,MAPK12,0
CBX7,KIF13A,0
NFAT5,NCLN,0
SATB1,HID1,0
SATB1,H2-AA,0
ELF1,IRF6,0
RAD51,PHF11B,0
RPA2,CSAD,0
MYC,IFI209,0
JUN,GGTA1,0
FOXO1,SEC23IP,0
RAD51,ATF7,0
NFAT5,DTL,0
NFAT5,TESPA1,0
IRF8,MYCN,0
ELF1,CLEC12A,0
CBX7,CENPA,0
RPA2,GOLPH3,0
IRF8,NPLOC4,0
CBX7,TBL3,0
NFAT5,FAM102B,0
IRF8,RPTOR,0
NFAT5,SHISA8,0
MEIS1,CDK18,0
RPA2,SESN1,0
GFI1B,NCF1,0
FOXO1,CDK1,0
ELF1,MBNL3,0
RPA1,DNAJC5,0
IRF8,MFSD1,0
FOXO1,TES,0
RPA1,IFI203,0
RPA1,RNF38,0
NFAT5,MNS1,0
MEIS1,CENPF,0
WDR5,MPL,0
STAT2,BPIFC,0
SATB1,GCLC,0
FOXO1,SLCO4A1,0
NFAT5,SNRNP200,0
STAT2,HACD4,0
EBF1,DDX1,0
RAD51,SPO11,0
NFAT5,TLR4,0
RPA2,MDN1,0
GATA2,PARVG,0
RPA2,PRKCQ,0
MEIS1,MC5R,0
CBFB,FSTL1,0
IRF8,NFE2,0
RAD51,CD274,0
GATA2,TNFRSF13C,0
SATB1,APOE,0
STAT2,ZFP945,0
ELF1,NFE2,0
HCFC1,FLT3,0
ELF1,FAM171A1,0
RPA1,FARSB,0
CBX7,VKORC1L1,0
NFAT5,MLLT3,0
GFI1B,MCOLN2,0
SATB1,SIGLECG,0
RAD51,SMARCA2,0
CBX7,DENND1C,0
FOXO1,PIK3R2,0
IRF8,KRT18,0
FOXO1,TOMM40,0
FOXO1,TMEM173,0
GATA2,SLC37A1,0
EBF1,PAK1,0
RPA2,MC5R,0
WDR5,F13A1,0
NFAT5,SLC2A3,0
RPA2,PSTPIP1,0
RAD51,PLXNC1,0
FOXO1,TBC1D9B,0
SPI1,TNFRSF13C,0
CBX7,SSH3,0
SATB1,PTGS1,0
RPA2,CDKN1C,0
HCFC1,FES,0
NFAT5,CTSF,0
IRF8,RAB31,0
ELF1,RPN1,0
STAT2,LPCAT2,0
RAD51,VSIR,0
ELF1,TIE1,0
HCFC1,CERK,0
FOXO1,ACOX1,0
NFAT5,IL17RA,0
RAD51,IKZF1,0
FOXO1,SNRPB,0
RPA1,OBSCN,0
GFI1B,MXD3,0
RPA2,DOK2,0
RPA2,CASP12,0
RPA1,GUSB,0
FOXO1,TEC,0
RPA1,XAF1,0
CBX7,PARVG,0
RPA1,NFE2,0
ELF1,ARID5A,0
CBX7,ABHD17B,0
RPA2,NAPRT,0
RPA2,SHISA8,0
GFI1B,IRGM2,0
EBF1,HDAC2,0
FOXO1,DDX39,0
IRF8,ARL6IP6,0
RPA2,FAM102B,0
RPA2,GBP3,0
CBX7,PHF6,0
IKZF1,IIGP1,0
RPA2,SATB1,0
NFAT5,CREBRF,0
RAD51,MFSD1,0
RPA1,CCNF,0
RAD51,EIF1AD,0
EBF1,CYC1,0
IRF8,WSB1,0
IRF8,TOMM40,0
NFAT5,DDX21,0
JUN,LZTS1,0
RPA1,ZEB2,0
NFAT5,ABCE1,0
RPA1,CLPTM1L,0
CBX7,UAP1,0
RPA2,MTO1,0
EBF1,NAV1,0
ELF1,H2AFX,0
NFAT5,GEM,0
IRF8,GALNS,0
RPA2,DDX58,0
GFI1B,JCHAIN,0
WDR5,VDR,0
GFI1B,H2-DMA,0
MEIS1,SNAP47,0
CBX7,EML4,0
RAD51,ZMIZ1,0
RPA2,APOE,0
RPA2,USP14,0
MEIS1,MAMDC2,0
RAD51,SERPINB1A,0
SATB1,ODC1,0
RPA2,POR,0
NFAT5,PTGR1,0
GFI1B,RARB,0
GFI1B,ST6GALNAC4,0
RAD21,MCPT8,0
NFAT5,POR,0
ELF1,TMEM246,0
STAT2,SLA,0
CBX7,UBL4A,0
NFAT5,ANXA5,0
CBX7,CST7,0
RPA2,CDK1,0
EBF1,ANXA2,0
SATB1,MAP4K2,0
NFAT5,NAA50,0
RPA1,PPM1G,0
NFAT5,RP2,0
CBX7,DHX33,0
HCFC1,DDX60,0
NFAT5,CDKN1A,0
CBFB,NDN,0
GFI1B,PDZK1IP1,0
EBF1,RANBP3,0
CBX7,KLF6,0
RPA2,TOMM70A,0
FOXO1,INO80D,0
RAD51,PRPS2,0
ELF1,RHOF,0
NFAT5,CDK1,0
RPA2,HEXA,0
EBF1,DOCK11,0
NFAT5,ARFGEF2,0
FOXO1,NFAM1,0
CBX7,ACSS2,0
CBX7,GRINA,0
NFAT5,SPIDR,0
RAD51,ERCC8,0
JUN,MUC13,0
RPA1,UHRF1,0
NFAT5,MYO5A,0
FOXO1,SMARCA2,0
NFAT5,MCM2,0
ELF1,SELENOP,0
GATA2,CHRNB1,0
NFAT5,FLT3,0
GFI1B,S100A6,0
RPA1,UBA2,0
IKZF1,CD52,0
IRF8,OBSCN,0
FOXO1,BID,0
RAD21,ROBO4,0
CBX7,CLPTM1L,0
RPA1,EPRS,0
IRF8,SLC25A46,0
RPA2,WSB1,0
RAD51,MC5R,0
IRF8,NUSAP1,0
RPA2,OSBPL8,0
FOXO1,DLST,0
GFI1B,CYFIP2,0
FOXO1,FAM171A1,0
MEIS1,MTOR,0
RPA1,MCM10,0
EBF1,COLGALT1,0
JUN,LY6C2,0
RAD51,SVIP,0
RPA2,STT3B,0
IRF8,LGALS1,0
RPA2,UBAC1,0
RPA2,PSMD9,0
RPA2,FEM1A,0
HCFC1,TMEM246,0
RPA2,SPC25,0
ELF1,IL12A,0
EBF1,GLB1,0
IRF8,HDC,0
RAD51,ERGIC1,0
NFAT5,GYS1,0
GFI1B,SLFN2,0
SATB1,FES,0
EBF1,MS4A3,0
GFI1B,CSF1R,0
ELF1,IGFBP4,0
RAD51,NPLOC4,0
RPA2,SLC35A4,0
EBF1,CHRNB1,0
RAD51,OTULINL,0
IRF8,RFC4,0
RAD51,TEC,0
MEIS1,ATP11C,0
RPA1,PSEN1,0
NFAT5,NR3C2,0
GFI1B,NEIL3,0
FOXO1,AP3S1,0
IRF8,PPID,0
NFAT5,MICU1,0
GFI1B,NRROS,0
FOXO1,CNN3,0
RPA1,FASTKD2,0
NFAT5,CSE1L,0
NFAT5,HAAO,0
EBF1,NDC80,0
CBX7,NEIL3,0
EBF1,TBC1D10C,0
IKZF1,LZTS1,0
NFAT5,PTDSS1,0
IRF8,AKAP8L,0
ELF1,ABL2,0
NFAT5,RPA1,0
EBF1,EIF2B1,0
GFI1B,SORL1,0
RPA2,CDK6,0
RAD51,PTGR1,0
STAT2,PLSCR4,0
RAD51,MICU1,0
CBX7,LMAN2L,0
FOXO1,GOLIM4,0
JUN,ZFP422,0
RAD51,NDRG1,0
IRF8,ARFGEF2,0
GATA2,CSGALNACT1,0
CBX7,IFI27L2A,0
RAD51,9430015G10RIK,0
NFAT5,SDF2L1,0
CBX7,PSMD6,0
RAD51,ASF1B,0
NFAT5,GPR160,0
IRF8,ST8SIA4,0
RAD51,TOMM70A,0
GATA2,PRR5,0
RPA1,MTREX,0
GFI1B,VDR,0
WDR5,TSPAN2,0
CBX7,ZNRF2,0
FOXO1,IGTP,0
NFAT5,FAR1,0
FOXO1,CKS1B,0
GFI1B,RIN3,0
EBF1,ATP11C,0
EBF1,ARL11,0
FOXO1,TLR4,0
FOXO1,TSPAN14,0
CBX7,RAD51AP1,0
EBF1,XAF1,0
EBF1,CDCA3,0
RPA1,S100A6,0
NFAT5,SLBP,0
RPA1,BATF2,0
GFI1B,MARS,0
NFAT5,ACAA2,0
RPA2,VSIR,0
SPI1,TGTP2,0
GATA2,HK3,0
RAD21,MYL10,0
MEIS1,MYCT1,0
CBX7,SLC26A2,0
WDR5,CLEC4E,0
GFI1B,BCL2,0
EBF1,NCAPG2,0
EBF1,BTG2,0
FOXO1,SUSD3,0
MEIS1,EPB41L4B,0
FOXO1,OSTM1,0
RPA1,FEM1B,0
IRF8,CHCHD10,0
ELF1,SH2D5,0
EBF1,TMEM246,0
RAD51,INO80D,0
RPA2,B230219D22RIK,0
WDR5,CCL4,0
EBF1,POLR2B,0
IRF8,PDE4D,0
IRF8,USP42,0
ELF1,ARRDC4,0
RAD51,ME2,0
CBX7,PECAM1,0
CBX7,ZFP322A,0
RPA2,ENG,0
HDAC2,TRPC6,0
IRF8,NUDT4,0
IRF8,APBB1,0
NFAT5,GMCL1,0
NFAT5,SIGLECG,0
NFAT5,UBE2C,0
EBF1,EIF4ENIF1,0
CBX7,STIP1,0
CBX7,NAPRT,0
GFI1B,HACD4,0
STAT2,CDKN1C,0
FOXO1,PROCR,0
FOXO1,CKS2,0
NFAT5,LACTB,0
FOXO1,SCARF1,0
IRF8,RABGGTB,0
IKZF1,PROCR,0
FOXO1,TOP3B,0
RAD51,MBNL3,0
NFAT5,CDKN1C,0
CBFB,CD63,0
FOXO1,MPL,0
RPA2,FAM171A1,0
ELF1,PTTG1IP,0
EBF1,CTR9,0
WDR5,EPB41L4B,0
NFAT5,IRF8,0
RAD51,ATAD2,0
GFI1B,UBA7,0
CBX7,PSMG2,0
RPA1,SDF2L1,0
RPA2,ELF1,0
GFI1B,ACOX1,0
RPA2,DDX20,0
NFAT5,NUDCD1,0
CBX7,GSR,0
GATA2,BC035044,0
RPA1,ZDHHC13,0
FOXO1,LPCAT2,0
NFAT5,GMIP,0
FOXO1,BTAF1,0
IRF8,ACOX1,0
STAT2,CCR2,0
NFAT5,DENND2D,0
EBF1,ADO,0
EBF1,PBK,0
EBF1,ATP6AP1,0
FOXO1,XAF1,0
RPA2,MAPK12,0
NFAT5,CEP55,0
HDAC2,RAB44,0
RPA2,TPM4,0
RPA1,LGALS1,0
SATB1,TRIM16,0
NFAT5,HEXA,0
FOXO1,FGL2,0
CBX7,SEC24D,0
GATA2,ARID2,0
NFAT5,SALL2,0
FOXO1,NCAPH,0
WDR5,PROCR,0
NFAT5,PLD3,0
FOXO1,9530068E07RIK,0
JUN,IIGP1,0
MEIS1,B3GNT5,0
GFI1B,SLC43A3,0
IRF8,TK1,0
RAD51,RORC,0
RAD51,IL6ST,0
EBF1,ART4,0
MYC,GM4951,0
ELF1,PKIB,0
RPA2,CDT1,0
EBF1,ZNRF2,0
SPI1,TINAGL1,0
NFAT5,CST7,0
STAT2,SELENBP1,0
NFAT5,GLB1,0
RPA2,RGS2,0
RPA1,DCK,0
IRF8,CSF3R,0
GATA2,PRC1,0
RAD51,ZFP451,0
NFAT5,ZBTB20,0
RAD51,PCMTD2,0
IRF8,TRIM47,0
RPA1,ITCH,0
WDR5,FLT3,0
EBF1,DCAF13,0
NFAT5,TNIP3,0
FOXO1,TMEM176A,0
CBX7,MCM2,0
EBF1,MTMR1,0
GATA2,GP9,0
IRF8,SLC31A1,0
FOXO1,RORC,0
RAD51,XRCC3,0
NFAT5,DCK,0
RPA1,OSBPL1A,0
NFAT5,ARID2,0
CBX7,TBC1D9B,0
MEIS1,HLF,0
ELF1,UBE2L6,0
EBF1,GTF2H1,0
JUN,USP11,0
RPA1,RTEL1,0
STAT2,CSGALNACT1,0
RPA2,SLC43A3,0
IRF8,MIEF1,0
ELF1,NPDC1,0
EBF1,CDCA4,0
RPA1,ANXA5,0
FOXO1,VAV3,0
RPA1,NARS,0
MEIS1,PSMC2,0
GATA2,PCLAF,0
FOXO1,GEMIN5,0
CBFB,PHF11B,0
CBX7,LTB,0
RAD51,ERLIN1,0
RAD51,TOMM40,0
RPA2,COLGALT1,0
RPA1,MAPK12,0
IRF8,IL21R,0
GFI1B,LY6C2,0
GFI1B,CST7,0
RPA1,CCDC50,0
FOXO1,GGTA1,0
EBF1,CTSG,0
CBX7,HARS,0
FOXO1,THADA,0
SATB1,TTF2,0
RPA2,SMC2,0
HCFC1,SHISA8,0
EBF1,RAD51,0
RPA1,INCENP,0
MEIS1,NFKBIA,0
STAT2,NAP1L3,0
EBF1,SNRNP200,0
IRF8,IRF6,0
RPA1,CD74,0
FOXO1,MCPT8,0
RAD51,CSGALNACT1,0
RAD21,EMCN,0
SATB1,EMILIN1,0
NFAT5,MYC,0
EBF1,NSD2,0
RPA1,TNIP3,0
RPA1,ANXA2,0
SATB1,PLPPR3,0
GFI1B,SMC2,0
NFAT5,FCGR2B,0
RPA2,SPPL2B,0
IRF8,FBXW11,0
RPA1,TFRC,0
IRF8,SPTBN1,0
GFI1B,TRIM35,0
GATA2,CDK18,0
RPA1,ADK,0
ELF1,NAP1L3,0
EBF1,MAML3,0
MEIS1,SLC28A2,0
SATB1,EMCN,0
IRF8,LAP3,0
EBF1,D1ERTD622E,0
RPA1,LRRC8B,0
RPA2,EZR,0
IRF8,TRMT11,0
SATB1,CYC1,0
RPA1,CSTF2,0
GATA2,ADA,0
RAD51,NAMPT,0
MEIS1,GM4951,0
RPA2,TOMM40,0
NFAT5,JPT1,0
WDR5,IRF6,0
RAD51,BATF2,0
RPA2,OSBPL1A,0
RPA1,MEIS1,0
RPA1,SMARCA2,0
RPA2,BYSL,0
SATB1,TNFAIP2,0
RPA2,SGPP1,0
RAD51,EDEM1,0
IRF8,TSC22D3,0
FOXO1,GBP7,0
RAD51,ENPP5,0
NFAT5,FAM171A1,0
IRF8,NPDC1,0
EBF1,VPS35,0
CBFB,AFAP1L1,0
FOXO1,IARS,0
RPA1,ITIH5,0
EBF1,CKAP2,0
JUN,MBNL3,0
IRF8,GYS1,0
RPA1,SMPD4,0
CBX7,AURKB,0
RAD21,MS4A3,0
IRF8,CDC6,0
ELF1,GNG12,0
CBX7,CYP2J6,0
RPA1,ODC1,0
GATA2,MUC13,0
GFI1B,ADSL,0
NFAT5,PIP4K2A,0
RPA1,PBX1,0
EBF1,LCP2,0
RPA2,FLOT2,0
NFAT5,RHOF,0
RPA1,NRROS,0
GFI1B,NCAPH,0
GFI1B,PTPN7,0
FOXO1,HCFC1,0
JUN,CHCHD10,0
IRF8,ELANE,0
CBFB,SIGLECG,0
RPA2,DENND2D,0
RAD51,ARL11,0
HCFC1,ZEB2,0
EBF1,REXO4,0
EBF1,METTL27,0
MEIS1,ROBO4,0
CBFB,PRR5,0
IRF8,ZFAND5,0
RPA2,SUSD3,0
WDR5,ABCG2,0
CBX7,CSAD,0
RAD51,ARID2,0
CBX7,FCGR3,0
IRF8,TCP11L2,0
IRF8,B3GNT5,0
IRF8,FCGRT,0
IRF8,DDX39,0
IRF8,TGFBR1,0
RPA1,FSTL1,0
GATA2,SMPD4,0
CBX7,CTLA2A,0
IKZF1,UPP1,0
SATB1,TFR2,0
EBF1,ATP1B3,0
IRF8,GOLPH3,0
IRF8,MAPK1,0
RPA1,TIMP2,0
EBF1,GEMIN5,0
CBX7,PDE4D,0
FOXO1,CCL9,0
ELF1,NMD3,0
NFAT5,HIF3A,0
IKZF1,NDN,0
NFAT5,ITSN1,0
RPA2,CIPC,0
GFI1B,NFKBIA,0
FOXO1,NPLOC4,0
HCFC1,GNG12,0
NFAT5,RUNX1T1,0
RPA1,PPP1R9A,0
HDAC2,ESAM,0
IRF8,OTUD4,0
IRF8,LTB,0
FOXO1,NUSAP1,0
ELF1,CNIH1,0
RPA1,PRR5,0
IRF8,PANX1,0
STAT2,CTSF,0
NFAT5,FCHO2,0
CBX7,ADGRL4,0
WDR5,CTSZ,0
CBX7,OSBPL1A,0
NFAT5,CD93,0
EBF1,MEMO1,0
EBF1,GBP3,0
RAD51,RUVBL2,0
RPA2,SULT1A1,0
CBX7,CKAP2L,0
RPA1,TXNIP,0
MEIS1,CCDC137,0
RPA1,IGTP,0
RPA1,AFAP1L1,0
IRF8,ITSN1,0
NFAT5,TUBA4A,0
EBF1,RAB38,0
NFAT5,IARS2,0
EBF1,MYCT1,0
RAD51,OTUD6B,0
EBF1,CDKN1C,0
GFI1B,TMEM206,0
FOXO1,CDCA8,0
IRF8,RASSF4,0
RAD51,SLBP,0
NFAT5,NUAK2,0
FOXO1,GCNT2,0
IRF8,TLE2,0
RPA1,ADO,0
FOXO1,MPZL1,0
RPA2,PHKB,0
CBX7,5430427O19RIK,0
CBFB,BACE1,0
ELF1,PLEK,0
CBX7,CNN3,0
RPA2,PRTN3,0
CBX7,ARL6IP6,0
RPA2,SIGLECG,0
SATB1,CTTN,0
STAT2,TRPC6,0
EBF1,FASTKD2,0
GFI1B,E2F8,0
IRF8,PSMD9,0
GFI1B,GUCY1A1,0
ELF1,MAN2A2,0
IKZF1,IGSF6,0
RAD51,CSF3R,0
IRF8,NWD1,0
SATB1,CLEC4E,0
SPI1,MPL,0
WDR5,SCARF1,0
CBFB,GM5111,0
IRF8,ITIH5,0
RAD51,TEAD2,0
SATB1,COL4A2,0
MEIS1,TMEM176A,0
RAD51,TENT5A,0
RAD51,DNAJC10,0
EBF1,KPNA3,0
GFI1B,IARS2,0
IKZF1,SCARF1,0
IRF8,XRCC3,0
FOXO1,H2-OB,0
EBF1,PDIA4,0
GFI1B,OSGIN1,0
HCFC1,RARB,0
NFAT5,SYK,0
IRF8,COL4A2,0
SATB1,MPO,0
RAD51,SPC24,0
SATB1,IRF7,0
CBX7,SLC16A1,0
RAD21,PNCK,0
CBX7,EMCN,0
RPA1,TIMM29,0
RPA1,ANXA1,0
CBX7,ABCB8,0
CBX7,SNAP47,0
RAD51,5430427O19RIK,0
RPA1,LONP2,0
CBX7,SLC35A4,0
CBX7,CSTF2,0
NFAT5,NKG7,0
SATB1,RASA4,0
IRF8,INTS8,0
CBFB,CRISPLD1,0
HCFC1,PLPPR3,0
GFI1B,LSP1,0
GFI1B,RPA2,0
EBF1,PLAC8,0
RPA1,PHKB,0
NFAT5,UBE2L6,0
RPA2,ATAD2,0
RAD51,ANXA5,0
GFI1B,KNSTRN,0
EBF1,STOM,0
SATB1,BPIFC,0
RAD51,SLFN2,0
RPA1,DDX60,0
CBX7,PIK3R2,0
RAD51,MTMR1,0
IKZF1,LPCAT2,0
IRF8,RRM1,0
CBX7,LACTB,0
RAD51,NFIA,0
HCFC1,NEURL3,0
FOXO1,ETF1,0
RAD51,FOXRED1,0
FOXO1,MRPL37,0
RPA2,FLT3,0
ELF1,ATP11C,0
WDR5,IGFBP4,0
RPA1,NFIA,0
RPA2,SH3BGRL,0
EBF1,CCNE2,0
GATA2,MRPL37,0
IRF8,SDC4,0
IRF8,ATP6AP1,0
NFAT5,SMC2,0
ELF1,MPO,0
RAD51,TMEM50B,0
GATA2,NUAK2,0
NFAT5,HP,0
FOXO1,TGTP1,0
SATB1,CD93,0
RPA1,TYMS,0
RPA1,CENPK,0
RPA1,RPAP1,0
GFI1B,SELENOP,0
GFI1B,NFAM1,0
RPA1,LAPTM4B,0
FOXO1,USP11,0
CBX7,ABL2,0
GFI1B,NAA50,0
FOXO1,LCP2,0
RPA2,NUSAP1,0
NFAT5,FEM1B,0
EBF1,PECAM1,0
RPA1,SNRPB,0
HCFC1,SLPI,0
FOXO1,CDC6,0
RPA2,ADO,0
RAD51,CYP2J9,0
CBX7,CISH,0
STAT2,CDK18,0
GFI1B,PSMD1,0
CBFB,TIFAB,0
RPA1,CAND2,0
IRF8,FAM136A,0
RPA2,TTLL12,0
FOXO1,SLC18A2,0
RPA1,NDUFA10,0
GFI1B,PRKCH,0
ELF1,CCNE2,0
RPA1,CDKN1A,0
FOXO1,EMID1,0
GATA2,HID1,0
IRF8,ABHD17B,0
RAD51,IGFBP4,0
RAD51,GABBR1,0
STAT2,SELENOP,0
RPA2,DDX1,0
GATA2,SERPINB6B,0
RAD51,ANXA1,0
RPA2,TMEM43,0
RPA2,NSD2,0
GFI1B,KIF13A,0
STAT2,CTSL,0
CBFB,PBX1,0
GFI1B,SHISA8,0
CBFB,MAMDC2,0
CBFB,SPO11,0
RPA2,PTGS1,0
GFI1B,CAPG,0
MEIS1,UBL4A,0
RAD51,TIMM29,0
GFI1B,OASL2,0
GATA2,GATM,0
GATA2,STAG2,0
RAD51,KIF11,0
RPA2,NUPR1,0
JUN,ZFP467,0
RPA1,ATP8B4,0
NFAT5,HNRNPLL,0
RAD51,RAB44,0
CBX7,NARS,0
IRF8,C1RL,0
STAT2,NAPRT,0
EBF1,NUP155,0
CBX7,JCHAIN,0
CBX7,PNO1,0
ELF1,PIK3IP1,0
RPA2,TTF2,0
RAD51,TARS,0
RPA1,IFI44,0
RPA2,NARS,0
CBX7,GLRX5,0
CBFB,CCL9,0
RPA2,SNAP47,0
NFAT5,ELMO2,0
GATA2,LMO4,0
IRF8,LPCAT2,0
EBF1,GATM,0
RPA1,HIF3A,0
CBX7,RELB,0
CBX7,PLA2G15,0
SATB1,ENG,0
RPA2,SFXN1,0
STAT2,SIRPA,0
IRF8,SLC29A1,0
RAD51,PSMD1,0
SPI1,GRINA,0
CBFB,SDC4,0
WDR5,NAV1,0
EBF1,ANXA3,0
RPA2,SLC31A1,0
SATB1,MCM2,0
RPA1,GIMAP5,0
RAD51,SLC22A3,0
RAD51,SATB1,0
SATB1,MNS1,0
NFAT5,CASP4,0
RAD51,HP,0
CBX7,IDH1,0
MYC,CYP2J9,0
RPA1,MS4A3,0
CBX7,MGAT1,0
CBX7,NECAP2,0
NFAT5,PRIM1,0
NFAT5,SLC22A3,0
GATA2,VAV1,0
CBX7,MCM6,0
RPA1,SLA2,0
JUN,PLPPR3,0
RAD51,ICAM1,0
HCFC1,ARID3B,0
RPA1,RNF4,0
RAD51,GRIA3,0
GATA2,UBASH3A,0
JUN,PRR5,0
NFAT5,9530068E07RIK,0
CBX7,BACE1,0
IRF8,ATRN,0
HDAC2,PYGM,0
STAT2,PRDM16,0
RAD51,SLC35E1,0
GATA2,PUS7,0
CBX7,ZFP36,0
FOXO1,HMGB3,0
NFAT5,WDHD1,0
RPA1,PTPN7,0
RPA2,PHB2,0
RPA2,FTSJ3,0
EBF1,ABL1,0
RPA1,EPAS1,0
CBX7,DEK,0
MYC,CCR2,0
RPA2,CNN3,0
NFAT5,SGO1,0
IRF8,MTFR1,0
GATA2,DEK,0
RAD51,NUBP2,0
CBX7,EMILIN1,0
RAD51,RCSD1,0
RPA1,IL12A,0
ELF1,IPO9,0
IRF8,SLC43A3,0
SATB1,SPO11,0
SATB1,CASP4,0
RAD51,KPNA1,0
MEIS1,BATF2,0
RPA1,ST8SIA4,0
RAD51,MFNG,0
RPA2,SHISA5,0
NFAT5,TBC1D5,0
RPA1,NDE1,0
SATB1,FUT7,0
RPA1,ZBTB20,0
EBF1,SEC24D,0
CBX7,CD274,0
EBF1,RPS6KA3,0
NFAT5,SLCO4A1,0
IRF8,CDC20,0
EBF1,CYBC1,0
RPA2,RGS18,0
NFAT5,ADK,0
SATB1,FSTL1,0
GFI1B,UBL4A,0
ELF1,USP14,0
CBX7,IL27RA,0
EBF1,THSD1,0
SATB1,IRF8,0
WDR5,ARHGEF18,0
RPA1,RGS2,0
MEIS1,TNFRSF13C,0
FOXO1,HAT1,0
RPA1,PSAT1,0
FOXO1,BTK,0
RPA1,PIK3R2,0
IRF8,BC005561,0
EBF1,RNF122,0
RPA2,IFI44,0
CBX7,PTGR1,0
RPA2,SGMS1,0
GFI1B,IFI209,0
CBX7,PRTN3,0
CBX7,FASTKD3,0
GFI1B,ADORA2A,0
GFI1B,SH2D5,0
WDR5,BPIFC,0
JUN,MC5R,0
CBX7,KCTD20,0
WDR5,CCL9,0
GFI1B,RAP1B,0
RPA1,TRPC6,0
RPA1,ACLY,0
GATA2,EPSTI1,0
RPA1,XPC,0
WDR5,MAMDC2,0
SATB1,CTSF,0
RPA1,TRIM30D,0
WDR5,MAPK12,0
ELF1,PLA2G15,0
CBX7,NOL9,0
HDAC2,MPL,0
CBX7,TMEM154,0
NFAT5,GK,0
WDR5,TGM2,0
RAD51,PLD3,0
FOXO1,PHF11B,0
SATB1,SORT1,0
STAT2,HID1,0
GATA2,CCNB1,0
EBF1,CST7,0
RPA2,MPL,0
RPA2,ARHGAP15,0
RAD51,GPD1L,0
GATA2,NCF1,0
ELF1,HAAO,0
FOXO1,TCF19,0
RPA1,MYO1G,0
RAD51,UBAC1,0
MEIS1,9530068E07RIK,0
NFAT5,PTGS1,0
NFAT5,GNS,0
CBX7,MTR,0
RPA2,QARS,0
EBF1,H1F0,0
RPA2,STT3A,0
CBX7,MTMR1,0
RAD51,C1RL,0
SATB1,RAB31,0
FOXO1,TMEM97,0
GFI1B,SOAT1,0
IRF8,GMCL1,0
RAD51,MCM6,0
GFI1B,YBX3,0
STAT2,ART4,0
NFAT5,RANGAP1,0
RAD51,RAB37,0
GFI1B,ABL1,0
IRF8,ZBTB16,0
RAD51,CCNE2,0
EBF1,ZFP451,0
SATB1,DLST,0
CBX7,CCL4,0
RAD51,RMND5A,0
FOXO1,UBAC1,0
WDR5,CSF3R,0
STAT2,FGL2,0
IRF8,PUS7,0
RPA2,ART4,0
MEIS1,ESAM,0
WDR5,PDE4D,0
IRF8,MFNG,0
RPA2,POLE,0
RPA2,ITPR1,0
IRF8,LAX1,0
IRF8,CDK6,0
NFAT5,UTP4,0
FOXO1,SPTBN1,0
ELF1,OSBPL1A,0
MEIS1,WDR55,0
IRF8,SOAT1,0
ELF1,F11R,0
IRF8,PPP1R15A,0
NFAT5,HLF,0
STAT2,MCOLN2,0
GFI1B,CD9,0
RPA2,PDZK1IP1,0
GFI1B,OTULINL,0
RAD51,MIS18BP1,0
MEIS1,EMILIN1,0
RPA1,FASTKD3,0
FOXO1,TBL3,0
RAD21,ADGRL4,0
NFAT5,UBL4A,0
CBX7,HMGB2,0
CBX7,FLOT2,0
ELF1,CAND2,0
NFAT5,CTSL,0
RPA1,CHORDC1,0
STAT2,VIPR2,0
WDR5,H1F0,0
IRF8,TEAD2,0
EBF1,RP2,0
WDR5,CRISPLD1,0
RAD51,RAP1B,0
RAD51,ANGPT1,0
MEIS1,GPRASP1,0
RAD51,TBC1D2B,0
GFI1B,CCR2,0
GATA2,SPIDR,0
IRF8,CAD,0
RPA1,SPTBN1,0
WDR5,NKG7,0
RAD51,POLR2B,0
NFAT5,UBR7,0
FOXO1,PLXDC2,0
FOXO1,PRKCH,0
RPA2,SNRPB,0
SATB1,SERPINA3G,0
RAD51,ADGRL4,0
RPA1,ZMIZ1,0
GATA2,OBSCN,0
FOXO1,MTREX,0
NFAT5,HSPH1,0
FOXO1,IFITM1,0
NFAT5,LPCAT2,0
RPA1,MCM6,0
RAD51,RACGAP1,0
NFAT5,NPTN,0
NFAT5,INTS13,0
IRF8,PCMTD1,0
RAD51,PATL1,0
STAT2,KRT18,0
GATA2,PIM2,0
CBX7,POLE,0
CBFB,GM4951,0
GATA2,TEAD2,0
JUN,CTLA2A,0
IRF8,ZFP322A,0
ELF1,PRKCQ,0
GFI1B,METTL27,0
IRF8,TMEM246,0
RPA2,YPEL3,0
RAD51,CREBRF,0
FOXO1,ELAC2,0
RAD51,PARP8,0
RAD21,PRTN3,0
CBX7,RGS1,0
SATB1,CCNB1,0
GFI1B,ZFP451,0
EBF1,ERCC8,0
RPA1,PRDM16,0
EBF1,USP42,0
NFAT5,MTREX,0
GFI1B,ERGIC1,0
SATB1,SLC19A1,0
NFAT5,EAF1,0
WDR5,MEMO1,0
FOXO1,GM1966,0
EBF1,DNAJC9,0
RPA2,ZFP422,0
RAD51,IDH3A,0
STAT2,ADA,0
FOXO1,SSH3,0
RAD51,ST8SIA4,0
WDR5,ITM2A,0
RAD51,CTSL,0
RPA1,FES,0
FOXO1,TM6SF1,0
FOXO1,ELANE,0
FOXO1,BTG2,0
MEIS1,PLAC8,0
IRF8,TRIM16,0
NFAT5,IARS,0
GATA2,TRPC6,0
NFAT5,RFC4,0
RPA2,PRPS2,0
GFI1B,MCPT8,0
RPA1,SPNS3,0
STAT2,SSH3,0
NFAT5,TGM2,0
GFI1B,MOB3C,0
IKZF1,AFAP1L1,0
RPA1,SH2D5,0
RPA2,SLC35E1,0
CBFB,5430427O19RIK,0
RPA1,IRF6,0
EBF1,F13A1,0
RPA2,IFRD2,0
STAT2,SOX18,0
ELF1,CD34,0
ELF1,PLPPR3,0
STAT2,TGM2,0
RAD51,ZBTB20,0
GATA2,SVIP,0
JUN,MMRN1,0
RPA1,CD274,0
EBF1,CCNB1,0
ELF1,KIF17,0
HCFC1,FAM171A1,0
RAD51,SHISA8,0
NFAT5,CYC1,0
RAD51,CENPO,0
EBF1,VDR,0
RPA2,ARMT1,0
EBF1,HDC,0
RAD51,RPS6KA5,0
RAD51,RNF4,0
IRF8,NDC80,0
ELF1,SHMT1,0
IRF8,PWP2,0
CBX7,WDR55,0
CBX7,TGM2,0
IRF8,ABCG3,0
CBX7,FCGRT,0
GFI1B,SGPP1,0
GFI1B,ORC6,0
NFAT5,RARB,0
RPA2,SPNS2,0
GATA2,ITGAL,0
CBX7,COLGALT1,0
ELF1,GBP2,0
EBF1,INTS8,0
IRF8,HEXA,0
EBF1,ATRN,0
EBF1,CENPE,0
GFI1B,ARL8B,0
FOXO1,DUT,0
NFAT5,CCR2,0
JUN,CTSF,0
FOXO1,MYO5A,0
CBX7,TUBGCP2,0
EBF1,CLEC4E,0
RAD51,PLIN3,0
GFI1B,PDE4D,0
NFAT5,POLR1B,0
IRF8,CTPS,0
IRF8,FAM171A1,0
MEIS1,HMGB3,0
RAD51,TRPS1,0
IRF8,RNF38,0
EBF1,RAD21,0
RAD51,FTSJ3,0
NFAT5,VKORC1L1,0
IRF8,CYFIP2,0
RAD51,RUNX1T1,0
RPA1,CCDC137,0
RPA2,MCM3,0
EBF1,MAPKAPK3,0
WDR5,RORA,0
MEIS1,RGS1,0
RPA2,INTS13,0
IRF8,CYP2J6,0
CBX7,NCAPG,0
EBF1,PPAT,0
RPA1,GEMIN5,0
WDR5,ANKRD44,0
GFI1B,PLEK,0
CBX7,ACOX1,0
CBX7,SUPV3L1,0
SATB1,GP9,0
RAD51,MUC13,0
RAD51,PSEN1,0
HCFC1,GATA2,0
FOXO1,UBA2,0
RPA2,PRIM2,0
SATB1,GLIPR2,0
HCFC1,GUCY1A1,0
RPA2,PRKCH,0
SATB1,JPT2,0
HCFC1,PLAC8,0
FOXO1,DUS1L,0
WDR5,ROBO4,0
MEIS1,COL4A1,0
RPA1,RTP4,0
IRF8,THADA,0
FOXO1,SLC20A1,0
NFAT5,GBP2,0
IRF8,TGM2,0
RPA2,SORT1,0
WDR5,MUC13,0
MEIS1,KRT18,0
RPA2,TBC1D10C,0
RPA2,PFKFB3,0
RPA1,TGTP2,0
RAD51,DEK,0
NFAT5,OSBPL8,0
NFAT5,GATM,0
RPA2,NUP155,0
RAD51,SGPP1,0
GFI1B,MORC3,0
IRF8,HDAC2,0
GATA2,MYL10,0
FOXO1,EZR,0
GFI1B,STAT2,0
SATB1,HDAC11,0
GFI1B,ISG20,0
FOXO1,BUB1,0
GFI1B,MOGS,0
GATA2,AGPS,0
RPA1,IFITM1,0
EBF1,SLC18A2,0
NFAT5,PRPS2,0
RPA2,CAND2,0
RAD51,SLC25A46,0
RAD51,LPCAT2,0
CBX7,INCENP,0
NFAT5,SPC25,0
HCFC1,ESAM,0
CBX7,MORC3,0
RPA1,TSPAN14,0
FOXO1,FUCA2,0
IKZF1,CTSG,0
RAD51,CSE1L,0
RAD51,POLE,0
MYC,IIGP1,0
IRF8,CUL3,0
MEIS1,NDE1,0
GFI1B,SLC37A1,0
RPA1,MIS12,0
JUN,MAPK12,0
NFAT5,TFG,0
EBF1,AURKA,0
EBF1,ZDHHC6,0
RPA2,REXO4,0
WDR5,PRTN3,0
GFI1B,REXO4,0
EBF1,SOX18,0
GATA2,PLPPR3,0
RPA2,FEM1B,0
GFI1B,MECOM,0
RPA1,GLRX5,0
EBF1,TYROBP,0
MEIS1,MYCN,0
RPA1,ZFP322A,0
RAD51,YPEL3,0
SATB1,JAM3,0
RAD51,OBSCN,0
IRF8,AP1S2,0
RPA2,NUP85,0
EBF1,LPCAT2,0
MEIS1,CASP12,0
RAD51,CCR2,0
RPA2,ELP2,0
RPA2,ARHGEF39,0
HCFC1,LY6C2,0
HCFC1,GCNT2,0
NFAT5,RETREG1,0
FOXO1,PSMD9,0
GATA2,OBSL1,0
FOXO1,PANX1,0
CBX7,RAD21,0
IRF8,HLF,0
FOXO1,HLF,0
CBX7,PDE4B,0
IRF8,AURKB,0
CBX7,UQCRFS1,0
EBF1,PDE4D,0
EBF1,MICU1,0
RAD51,CSAD,0
RAD51,MFSD14B,0
EBF1,ZHX1,0
GFI1B,TUBA4A,0
HCFC1,EFCC1,0
NFAT5,UHRF1,0
FOXO1,ZFP322A,0
NFAT5,MAD2L1,0
NFAT5,SIRPA,0
RAD51,XPC,0
RPA2,TYMS,0
NFAT5,MYO1F,0
RPA2,CISH,0
NFAT5,FGL2,0
RPA1,F11R,0
IKZF1,ELANE,0
EBF1,SLC29A1,0
CBX7,PHF10,0
MEIS1,GRIA3,0
NFAT5,UBA2,0
MEIS1,SELL,0
NFAT5,PHKB,0
RAD51,ADSSL1,0
EBF1,CERS4,0
FOXO1,TM7SF3,0
ELF1,ACSS2,0
RPA1,CSE1L,0
RPA2,TUBA4A,0
IKZF1,SPO11,0
RPA2,ABCB8,0
RPA1,PTDSS1,0
RPA1,ERCC8,0
GFI1B,SOX18,0
WDR5,TRPS1,0
GFI1B,COQ8A,0
MEIS1,GBP2,0
CBX7,TCP11L2,0
WDR5,FLOT2,0
GFI1B,DDX58,0
RPA1,ZFP467,0
GATA2,ADORA2A,0
FOXO1,ELOVL5,0
RAD51,TMEM184C,0
EBF1,NUDCD1,0
WDR5,NFIA,0
EBF1,HMGB3,0
MEIS1,GATA2,0
RPA2,SCARF1,0
NFAT5,DNAJC9,0
GATA2,TIFAB,0
NFAT5,DNAJC10,0
RPA2,RABGGTB,0
CBX7,ZFP35,0
GFI1B,NMD3,0
CBX7,BATF2,0
RPA2,TMEM154,0
EBF1,MRPL37,0
FOXO1,STIP1,0
EBF1,NCF1,0
CBX7,POLA2,0
EBF1,HASPIN,0
RPA2,SERPINA3G,0
GFI1B,GPD1L,0
NFAT5,RARS,0
HCFC1,ADGRL4,0
RAD51,FBXO5,0
ELF1,ZBTB16,0
CBFB,TRIM30D,0
FOXO1,ZBTB38,0
IRF8,RNF122,0
RPA1,HELLS,0
RPA1,DDX21,0
RPA1,HK3,0
CBX7,MUC13,0
ELF1,ATP6AP1,0
EBF1,PRPF4,0
NFAT5,ST6GALNAC4,0
MEIS1,CDK1,0
NFAT5,HDC,0
FOXO1,PFKP,0
RAD51,PLEK,0
CBX7,BTK,0
RAD51,B3GNT5,0
IRF8,OTULINL,0
STAT2,THEMIS2,0
RAD51,TNIP3,0
ELF1,CSF3R,0
GFI1B,HNRNPLL,0
RPA2,IL21R,0
GFI1B,TINAGL1,0
IKZF1,SHISA8,0
RAD51,SCARB1,0
FOXO1,RRM2,0
CBFB,TEAD2,0
SATB1,SPI1,0
IRF8,SLC25A38,0
CBX7,ISYNA1,0
ELF1,PAK1,0
RPA1,BTK,0
RAD51,ZFP36,0
EBF1,PTPRE,0
RAD51,CCL4,0
SATB1,DOCK11,0
MEIS1,MCM10,0
CBX7,ELP2,0
ELF1,CKAP2,0
RAD51,JAM3,0
EBF1,FASTKD3,0
STAT2,TRIM16,0
GFI1B,IFI27L2A,0
NFAT5,CD52,0
CBX7,RPN1,0
WDR5,EMCN,0
NFAT5,EEF1E1,0
RAD51,PYGM,0
MEIS1,NOLC1,0
GFI1B,ALDOC,0
GFI1B,EBI3,0
RPA1,CDCA5,0
EBF1,E2F4,0
EBF1,TMEM154,0
CBX7,GUSB,0
SATB1,TEAD2,0
MEIS1,LRRC8B,0
EBF1,RARS,0
IRF8,CKS2,0
RAD51,F2R,0
HCFC1,PROCR,0
GATA2,TRIM47,0
NFAT5,ELAC2,0
CBX7,RPAP1,0
FOXO1,PFKFB3,0
HCFC1,MYCT1,0
RPA2,MCM5,0
FOXO1,CYP2J6,0
EBF1,RGCC,0
IRF8,ARCN1,0
GFI1B,CAD,0
RPA2,LY6C2,0
RPA1,H2-Q6,0
NFAT5,SLC35A4,0
RAD51,EPB41L4B,0
ELF1,INO80D,0
EBF1,CNIH1,0
EBF1,IRF6,0
RAD51,TBC1D10C,0
ELF1,HERPUD1,0
RAD51,ADSL,0
GFI1B,SPNS2,0
IRF8,SLC26A2,0
GFI1B,FCHO2,0
RPA1,SETD2,0
STAT2,NPDC1,0
RAD51,EMID1,0
IKZF1,ADGRG3,0
FOXO1,CLN5,0
FOXO1,SHISA8,0
NFAT5,RGS2,0
RAD51,TM6SF1,0
SATB1,CNN3,0
NFAT5,SLA2,0
FOXO1,GIMAP1,0
CBX7,MPZL1,0
HCFC1,PLXDC2,0
RAD51,GNG2,0
RAD51,CTLA2B,0
RPA1,MCM3,0
WDR5,CTSF,0
NFAT5,TUBGCP3,0
RPA2,ERCC8,0
FOXO1,MEIS1,0
NFAT5,NFAM1,0
EBF1,SZT2,0
SATB1,BATF2,0
FOXO1,ACLY,0
EBF1,TNFAIP2,0
GFI1B,HP,0
GATA2,TINAGL1,0
RAD51,CAMK2D,0
RAD21,PLAC8,0
CBX7,TCF19,0
IRF8,PRKCD,0
RPA2,MNS1,0
IRF8,KPNA3,0
CBX7,PSMC2,0
RPA1,CDKN1C,0
FOXO1,PSMC2,0
NFAT5,JARID2,0
CBX7,ARL11,0
RAD51,HDAC2,0
CBX7,CD300A,0
NFAT5,DDX20,0
NFAT5,TEC,0
RPA2,HLF,0
HCFC1,BPIFC,0
IRF8,VDR,0
RAD51,NDC1,0
RPA1,MTOR,0
RPA1,FUCA2,0
MYC,GP9,0
IKZF1,CD74,0
RPA1,BPIFC,0
EBF1,TRIM30D,0
EBF1,GANAB,0
RAD51,USP42,0
JUN,RHOF,0
JUN,NUAK2,0
JUN,SOX18,0
JUN,TMEM173,0
FOXO1,SELENBP1,0
RPA1,MCPT8,0
CBX7,ZDHHC6,0
EBF1,PEAR1,0
RPA2,NFE2,0
FOXO1,AKAP8L,0
SATB1,PRDM16,0
EBF1,RORA,0
MEIS1,IIGP1,0
CBX7,PUS7,0
NFAT5,ABCG2,0
RPA1,SLC37A1,0
STAT2,GATA2,0
GATA2,UBAC1,0
IRF8,IDH3A,0
FOXO1,CST7,0
RPA1,MYO1F,0
FOXO1,PRPS2,0
GFI1B,CDCA8,0
CBFB,PDZK1IP1,0
IKZF1,RUNX1T1,0
CBX7,IDH3A,0
RPA2,FASTKD2,0
NFAT5,PFKFB3,0
RPA2,MXD3,0
RAD51,RARB,0
SATB1,OAS3,0
RPA2,GUSB,0
GFI1B,ANXA1,0
IRF8,MSH6,0
RPA2,CCNE2,0
CBX7,HAT1,0
RAD51,SULT1A1,0
EBF1,NCAPD2,0
CBX7,GIMAP5,0
WDR5,HACD4,0
EBF1,CBX7,0
RPA1,XRCC6,0
IRF8,STRAP,0
NFAT5,YPEL3,0
JUN,GNG11,0
RPA1,NAA50,0
NFAT5,ERLIN1,0
RPA2,MORC3,0
WDR5,EMB,0
JUN,SLCO3A1,0
EBF1,MTO1,0
SATB1,IL21R,0
FOXO1,VDR,0
RAD51,CD48,0
RAD51,DOCK10,0
NFAT5,FOXRED1,0
NFAT5,CKS1B,0
GFI1B,SIGLECG,0
RPA1,ATP13A1,0
SATB1,SCARF1,0
RPA2,OSGIN1,0
EBF1,MTMR4,0
ELF1,ZHX1,0
FOXO1,LONP1,0
RPA1,DENND2D,0
GFI1B,ZFP36,0
RPA2,DHRS3,0
GFI1B,ARRDC4,0
RPA1,SLCO3A1,0
FOXO1,ADORA2A,0
CBX7,EMB,0
IKZF1,SULT1A1,0
RPA2,CTSF,0
RPA2,SERPINB6A,0
RAD51,BPIFC,0
IRF8,SOCS2,0
RAD51,NR3C2,0
FOXO1,PRR5,0
FOXO1,HACD4,0
RAD51,HERPUD1,0
FOXO1,UHRF1,0
ELF1,DNAJC9,0
CBX7,MRPL37,0
GFI1B,CENPO,0
RAD51,LRRC59,0
WDR5,LDHB,0
RAD51,RPAP1,0
RAD51,ODC1,0
RPA1,RMND5A,0
GFI1B,RNF122,0
MEIS1,PPP1R15A,0
GATA2,NWD1,0
RAD21,PECAM1,0
RAD21,LZTS1,0
GFI1B,NEDD1,0
SATB1,HDGFL3,0
RPA1,SMPDL3A,0
CBX7,TINAGL1,0
MEIS1,TGTP2,0
RPA2,USP10,0
RPA2,LSP1,0
MEIS1,FLT3,0
GFI1B,SLC19A1,0
GFI1B,EFCC1,0
SATB1,PPP1R9A,0
CBX7,AP1S2,0
FOXO1,SLC35E1,0
GFI1B,APLP2,0
RAD51,APBB1,0
JUN,PHF6,0
MEIS1,SLC7A4,0
RAD51,PBK,0
NFAT5,PSMG2,0
RPA1,CD63,0
FOXO1,TPX2,0
RAD51,BTK,0
RPA2,CEP55,0
RPA1,GMCL1,0
RAD51,IGSF6,0
RAD51,CD63,0
NFAT5,TMEM173,0
IRF8,CTLA2A,0
GFI1B,CIPC,0
RAD51,DOCK11,0
IRF8,ATF7,0
NFAT5,PBX1,0
IRF8,TBC1D2B,0
RPA2,GLRX5,0
GFI1B,OAS3,0
RPA1,TMX4,0
RPA2,CTSO,0
IRF8,XPNPEP1,0
RPA1,KPNA3,0
FOXO1,PARVG,0
SATB1,SPPL2B,0
RPA2,RP2,0
JUN,EMID1,0
EBF1,NUS1,0
GFI1B,TTF2,0
EBF1,SPPL2B,0
EBF1,DUS1L,0
EBF1,ELOVL5,0
NFAT5,PLIN3,0
HCFC1,PECAM1,0
SATB1,LY6C2,0
CBX7,UBA7,0
RAD51,SMC2,0
IRF8,H2AFX,0
FOXO1,ROBO4,0
RAD51,IDH1,0
GATA2,ZHX1,0
ELF1,BCL2,0
RAD51,TRIM16,0
RAD51,TECPR1,0
FOXO1,MMRN1,0
STAT2,ABCG3,0
CBX7,CAPG,0
NFAT5,MTMR4,0
GFI1B,LY9,0
RPA2,TRIM30D,0
NFAT5,ELANE,0
ELF1,RABGGTB,0
RPA2,ZHX1,0
GATA2,TSPAN2,0
FOXO1,PARP8,0
RPA1,USP10,0
MEIS1,JAM3,0
RAD51,GOLPH3,0
CBX7,STT3B,0
FOXO1,TARS,0
RPA1,TES,0
HCFC1,THSD1,0
EBF1,PITPNC1,0
ELF1,APOE,0
IRF8,NCAPD2,0
STAT2,ENG,0
NFAT5,GALNS,0
CBX7,MAPK1,0
CBX7,MNS1,0
EBF1,RACGAP1,0
CBX7,RTP4,0
NFAT5,CTLA2A,0
RPA1,PHF11B,0
GFI1B,KIF17,0
FOXO1,YBX1,0
SATB1,CDKN1A,0
SATB1,LY86,0
MEIS1,CSE1L,0
FOXO1,TNFRSF13C,0
RPA2,METTL27,0
GFI1B,CTSO,0
