TF,Target,label
ARID2,CBX3,1
ARID2,SLC39A10,1
ARID2,RBM39,1
ATF3,TRIAP1,1
ATF3,BDP1,1
ATF3,HERPUD1,1
ATF3,YARS,1
ATF3,S100PBP,1
ATF3,FANCD2,1
ATF3,PYCR1,1
ATF3,GTF2H3,1
ATF3,ABT1,1
ATF3,ATG5,1
ATF3,RPUSD4,1
ATF3,FAM118B,1
ATF3,VPS33A,1
ATF3,ATG3,1
ATF3,ECD,1
ATF3,MRPL2,1
ATF3,KLC4,1
ATF3,TSFM,1
ATF3,THAP4,1
ATF3,AFF4,1
ATF3,NDC80,1
ATF3,NTHL1,1
ATF3,WDR75,1
ATF3,PWP1,1
ATF3,ILF3,1
ATF3,CNOT7,1
ATF3,EFTUD2,1
ATF3,STMN1,1
ATF3,APEX1,1
ATF3,TTI2,1
ATF3,CDK4,1
ATF3,G6PC3,1
ATF3,TMEM147,1
ATF3,SUPV3L1,1
ATF3,EXOSC9,1
ATF3,EED,1
ATF3,RNPS1,1
ATF3,TMEM237,1
ATF3,DPH5,1
ATF3,LRRC40,1
ATF3,MECR,1
ATF3,RRM1,1
ATF3,SRSF2,1
ATF3,U2AF1,1
ATF3,MRRF,1
ATF3,IDH3B,1
ATF3,BRMS1,1
ATF3,MED20,1
ATF3,TBL1X,1
ATF3,THRAP3,1
ATF3,TBRG4,1
ATF3,HNRNPH2,1
ATF3,WDHD1,1
ATF3,HAUS2,1
ATF3,C19ORF48,1
ATF3,TWISTNB,1
ATF3,UTP15,1
ATF3,NOL10,1
ATF3,ZFP64,1
ATF3,NEK2,1
ATF3,ZFAND2A,1
ATF3,VPS26A,1
ATF3,AARS,1
ATF3,RCAN1,1
ATF3,LIAS,1
ATF3,NDUFAF5,1
ATF3,WDR74,1
ATF3,CAMK2D,1
ATF3,SEC11C,1
ATF3,TAF11,1
ATF3,RFC1,1
ATF3,HMGN4,1
ATF3,PEF1,1
ATF3,C1ORF109,1
ATF3,THOC1,1
ATF3,PRC1,1
ATF3,ARMC9,1
ATF3,AGTRAP,1
ATF3,ABCE1,1
ATF3,BPTF,1
ATF3,DNAJB9,1
ATF3,MRPL15,1
ATF3,KLHL7,1
ATF3,ZNF143,1
ATF3,PAK1IP1,1
ATF3,ARL2,1
ATF3,UCHL5,1
ATF3,MYO9A,1
ATF3,TAF5,1
ATF3,C11ORF1,1
ATF3,CCDC77,1
ATF3,TUBE1,1
ATF3,SIRT2,1
ATF3,C9ORF78,1
ATF3,METTL1,1
ATF3,CENPK,1
ATF3,SIRT1,1
ATF3,F3,1
ATF3,UTP18,1
ATF3,ANLN,1
ATF3,SUB1,1
ATF3,WDR43,1
ATF3,ANKRD1,1
ATF3,CACYBP,1
ATF3,IRF9,1
ATF3,POLR2K,1
ATF3,FEN1,1
ATF3,SAE1,1
ATF3,PSME3,1
ATF3,GTF3C2,1
ATF3,BRCA1,1
ATF3,YBX1,1
ATF3,IFRD2,1
ATF3,NME1,1
ATF3,ZNRD1,1
ATF3,XRCC5,1
ATF3,PLAA,1
ATF3,NTMT1,1
ATF3,MBIP,1
ATF3,COPS7B,1
ATF3,CAAP1,1
ATF3,BRCA2,1
ATF3,TEX10,1
ATF3,HINFP,1
ATF3,CHEK1,1
ATF3,NOL11,1
ATF3,DCAF13,1
ATF3,AATF,1
ATF3,KAT7,1
ATF3,MRPL49,1
ATF3,PHF5A,1
ATF3,MMS19,1
ATF3,GTF2E1,1
ATF3,HMGCL,1
ATF3,HNRNPD,1
ATF3,MRPS2,1
ATF3,CKS2,1
ATF3,SCAPER,1
ATF3,MCM7,1
ATF3,TNFAIP3,1
ATF3,USP28,1
ATF3,ATIC,1
ATF3,TMEM126B,1
ATF3,AMZ2,1
ATF3,ENO1,1
ATF3,HEXB,1
ATF3,EHMT2,1
ATF3,HMGN2,1
ATF3,MLST8,1
ATF3,CENPN,1
ATF3,HDAC6,1
ATF3,TIMM21,1
ATF3,PISD,1
ATF3,MTTP,1
ATF3,PPFIBP2,1
ATF3,FOSL2,1
ATF3,YAF2,1
ATF3,SMARCA4,1
ATF3,GEMIN8,1
ATF3,TTLL4,1
ATF3,MED4,1
ATF3,POU2F1,1
ATF3,ZNF354A,1
ATF3,SF3A3,1
ATF3,ZGRF1,1
ATF3,HSD17B14,1
ATF3,LAPTM4B,1
ATF3,FOXM1,1
ATF3,NCOA6,1
ATF3,HTATSF1,1
ATF3,PPP1R7,1
ATF3,MTERF3,1
ATF3,SLC25A26,1
ATF3,PROSER1,1
ATF3,CHAF1A,1
ATF3,SCPEP1,1
ATF3,NUDCD1,1
ATF3,SUPT16H,1
ATF3,GYG1,1
ATF3,SRSF1,1
ATF3,YEATS4,1
ATF3,MAD2L1BP,1
ATF3,PDE6D,1
ATF3,TADA1,1
ATF3,M6PR,1
ATF3,PPT1,1
ATF3,CDCA3,1
ATF3,CHEK2,1
ATF3,MPC1,1
ATF3,MAPK1,1
ATF3,NPRL2,1
ATF3,EHMT1,1
ATF3,PIK3R4,1
ATF3,ZNF398,1
ATF3,NUP93,1
ATF3,ASNSD1,1
ATF3,EXOSC5,1
ATF3,MCM2,1
ATF3,XPO5,1
ATF3,SMAD5,1
ATF3,TRMT1,1
ATF3,MCRS1,1
ATF3,DDX54,1
ATF3,COPS7A,1
ATF3,CCNB1,1
ATF3,HMGN1,1
ATF3,SAMHD1,1
ATF3,ORC6,1
ATF3,GEMIN7,1
ATF3,ZNF638,1
ATF3,MCM8,1
ATF3,ZNF202,1
ATF3,MTX2,1
ATF3,COMMD3,1
ATF3,METTL5,1
ATF3,SH3BGR,1
ATF3,AIMP2,1
ATF3,TRIM25,1
ATF3,DEPDC7,1
ATF3,MRPS12,1
ATF3,ZBTB24,1
ATF3,THAP11,1
ATF3,MAEA,1
ATF3,AAMP,1
ATF3,METTL3,1
ATF3,DHPS,1
ATF3,ORC4,1
ATF3,ACY1,1
ATF3,BIRC5,1
ATF3,RBBP4,1
ATF3,PSMB10,1
ATF3,TOPORS,1
ATF3,NNT,1
ATF3,POLR1B,1
ATF3,SLC39A1,1
ATF3,TMEM69,1
ATF3,PIAS2,1
ATF3,DPAGT1,1
ATF3,TBX3,1
ATF3,TCF25,1
ATF3,FLAD1,1
ATF3,CREB3L4,1
ATF3,SERPINF1,1
ATF3,ESCO2,1
ATF3,SRSF3,1
ATF3,GMPR2,1
ATF3,GATA4,1
BRCA1,SRSF10,1
BRCA1,ASNSD1,1
BRCA1,SPDL1,1
BRCA1,NPM1,1
BRCA1,HNRNPH3,1
BRCA1,SLC25A11,1
BRCA1,SEC22C,1
BRCA1,SKA3,1
BRCA1,SMARCC1,1
BRCA1,NCAPG,1
BRCA1,CSDE1,1
BRCA1,CHAF1A,1
BRCA1,TIPIN,1
BRCA1,CD320,1
BRCA1,NOL11,1
BRCA1,FASTKD2,1
BRCA1,ASXL1,1
BRCA1,MATR3,1
BRCA1,MMS22L,1
BRCA1,RBM39,1
BRCA1,LTV1,1
BRCA1,MCM4,1
BRCA1,RBPJ,1
BRCA1,MGME1,1
BRCA1,THAP1,1
BRCA1,COQ3,1
BRCA1,GTF2H3,1
BRCA1,ACADSB,1
BRCA1,CDC20,1
BRCA1,POLR1C,1
BRCA1,NOP16,1
BRCA1,NIF3L1,1
BRCA1,CCDC77,1
BRCA1,SLC25A4,1
BRCA1,SMARCA5,1
BRCA1,SMARCD2,1
BRCA1,TXNDC9,1
BRCA1,EIF5B,1
BRCA1,SMC4,1
BRCA1,DDX20,1
BRCA1,SLC35B4,1
BRCA1,ATG5,1
BRCA1,FUBP1,1
BRCA1,USP39,1
BRCA1,HNRNPK,1
BRCA1,ASPH,1
BRCA1,COPS3,1
BRCA1,POLR2B,1
BRCA1,C11ORF54,1
BRCA1,TARDBP,1
BRCA1,CPSF3,1
BRCA1,SLC25A26,1
BRCA1,HDAC6,1
BRCA1,PRC1,1
BRCA1,KPNA2,1
BRCA1,RNPS1,1
BRCA1,BUB1B,1
BRCA1,FANCD2,1
BRCA1,ZNRD1,1
BRCA1,ZWILCH,1
BRCA1,MAFF,1
BRCA1,GGH,1
BRCA1,ANAPC4,1
BRCA1,CAMK2D,1
BRCA1,TCF3,1
BRCA1,SUPT16H,1
BRCA1,SEPT10,1
BRCA1,PRMT5,1
BRCA1,ABCE1,1
BRCA1,HIBCH,1
BRCA1,LRR1,1
BRCA1,MTF2,1
BRCA1,CMSS1,1
BRCA1,R3HDM1,1
BRCA1,METTL8,1
CEBPD,RBM39,1
CEBPD,ABT1,1
CEBPD,PTPN12,1
CEBPD,NUP35,1
CEBPD,ATF3,1
CEBPD,ZNF766,1
CEBPD,RSU1,1
CEBPD,AURKA,1
CEBPD,BDP1,1
CEBPD,HSD17B11,1
CEBPD,ISG20,1
CEBPD,PDGFRA,1
CEBPD,CUL2,1
CEBPD,HMBS,1
CEBPD,MST1,1
CEBPD,PYCR1,1
CEBPD,GOT1,1
CEBPD,HSD17B7,1
CEBPD,XBP1,1
CEBPD,XRCC5,1
CEBPD,RABEPK,1
CEBPD,MRPS30,1
CEBPD,DTWD1,1
CEBPD,TXNDC9,1
CEBPD,TTI2,1
CEBPD,DCUN1D5,1
CEBPD,BTG1,1
CEBPD,ANLN,1
CEBPD,DDIT3,1
CEBPD,SGK1,1
CEBPD,NFKBIZ,1
CEBPD,FN1,1
CEBPD,HERPUD1,1
CEBPD,HIST1H4C,1
CEBPD,DDIT4,1
CEBPD,UGP2,1
CEBPD,DHPS,1
CEBPD,SRSF2,1
CEBPD,PCIF1,1
CEBPD,TFRC,1
CEBPD,TBL1X,1
CEBPD,YARS,1
CEBPD,S100PBP,1
CEBPD,SRSF3,1
CEBPD,HIST1H1C,1
CEBPD,SLC38A2,1
CEBPD,CPSF6,1
CEBPD,SHMT2,1
CEBPD,LCMT1,1
CEBPD,NOL11,1
CEBPD,EEF1A1,1
CEBPD,NR1H3,1
CEBPD,ING3,1
CEBPD,DAB2,1
CEBPD,LIAS,1
CEBPD,ZNF202,1
CEBPD,BST2,1
CEBPD,C19ORF48,1
CEBPD,PRMT5,1
CEBPD,HIST1H1E,1
CEBPD,ARL15,1
CEBPD,CEP70,1
CEBPD,TDP2,1
CEBPD,TSFM,1
CEBPD,TUBA1B,1
CEBPD,HNRNPH3,1
CEBPD,PDLIM7,1
CEBPD,BRCA1,1
CEBPD,HMGB2,1
CEBPD,MPHOSPH9,1
CEBPD,MYO9A,1
CEBPD,C3,1
CEBPD,PLRG1,1
CEBPD,HEXB,1
CEBPD,C1GALT1,1
CEBPD,APOB,1
CEBPD,HMGN4,1
CEBPD,E2F3,1
CEBPD,ASNS,1
CEBPD,DNAJB9,1
CEBPD,NCK1,1
CEBPD,CBX3,1
CEBPD,TMEM41A,1
CEBPD,JUN,1
CEBPD,PCNA,1
CEBPD,NME1,1
CEBPD,TMEM69,1
CEBPD,MTF2,1
CEBPD,PMM1,1
CEBPD,HNRNPAB,1
CEBPD,CTSC,1
CEBPD,RUVBL1,1
CEBPD,CAMK2D,1
CEBPD,SF3A3,1
CEBPD,TP53,1
CEBPD,SEC22C,1
CEBPD,MBIP,1
CEBPD,CETN3,1
CEBPD,HNRNPUL1,1
CEBPD,ASNSD1,1
CEBPD,TF,1
CEBPD,CNOT7,1
CEBPD,UNC93A,1
CEBPD,SLC38A1,1
CEBPD,TK1,1
CEBPD,ALG8,1
CEBPD,TRIM28,1
CEBPD,POLR3D,1
CEBPD,SRSF1,1
CEBPD,APOA2,1
CEBPD,CEBPA,1
CEBPD,RBMX,1
CEBPD,PEX19,1
CEBPD,CAT,1
CEBPD,DDX5,1
CEBPD,C11ORF54,1
CEBPD,RBP4,1
CEBPD,ZNF638,1
CEBPD,ING1,1
CEBPD,COPS7B,1
CEBPD,C17ORF75,1
CEBPD,MIS18BP1,1
CEBPD,GATM,1
CEBPD,MTHFD2,1
CEBPD,ID2,1
CEBPD,NPM1,1
CEBPD,MAD2L1BP,1
CEBPD,EPB41L2,1
CEBPD,RNPS1,1
CEBPD,CCDC138,1
CEBPD,AFF4,1
CEBPD,NUP54,1
CEBPD,MLH1,1
CEBPD,CDK5RAP1,1
CEBPD,NUF2,1
CEBPD,EFNA1,1
CEBPD,MAPK1,1
CEBPD,STMN1,1
CEBPD,CCND1,1
CEBPD,RCAN1,1
CEBPD,HIST1H2BC,1
CEBPD,XPO6,1
CEBPD,MYC,1
CEBPD,HDGF,1
CEBPD,BTG2,1
CEBPD,TRIM25,1
CEBPD,DNMT3B,1
CEBPD,PCID2,1
CEBPD,DHCR7,1
CEBPD,NOSIP,1
CEBPD,GEMIN7,1
CEBPD,OIP5,1
CEBPD,NUSAP1,1
CEBPD,ANKRD1,1
CEBPD,BCAS2,1
CEBPD,JUND,1
CEBPD,GGPS1,1
CEBPD,CEBPZ,1
CEBPD,XPO5,1
CEBPD,TNFAIP3,1
CEBPD,TATDN3,1
CEBPD,DCTPP1,1
CEBPD,AARS,1
CEBPD,SIRT1,1
CEBPD,ZFP36,1
CEBPD,PLAGL2,1
CEBPD,GPN1,1
CEBPD,FAM49B,1
CEBPD,MAZ,1
CEBPD,BUB1,1
CEBPD,MRPL1,1
CEBPD,PHB2,1
CEBPD,EMG1,1
CEBPD,MXD1,1
CEBPD,IFT52,1
CEBPD,GTF2H3,1
CEBPD,ZNF770,1
CEBPD,IQCB1,1
CEBPD,HMGN1,1
CEBPD,DNAJC2,1
CEBPD,NEDD4L,1
CEBPD,ETV5,1
CEBPD,PSAT1,1
CEBPD,IDI1,1
CEBPD,PTP4A1,1
CEBPD,SIL1,1
CEBPD,EIF5B,1
CEBPD,EIF3J,1
CEBPD,DDX20,1
CEBPD,CKS2,1
CEBPD,HMGA1,1
CEBPD,DGAT1,1
CEBPD,RNASE4,1
CEBPD,FABP1,1
CEBPD,POLR2G,1
CEBPD,TGIF1,1
CEBPD,CXXC1,1
CEBPD,VPS33A,1
CEBPD,RUVBL2,1
CEBPD,ORC5,1
CEBPD,MTIF2,1
CEBPD,OPA1,1
CEBPD,ZNF253,1
CEBPD,GGCT,1
CEBPD,TWISTNB,1
CEBPD,AAR2,1
CEBPD,ZNRD1,1
CEBPD,MLST8,1
CEBPD,GLUD1,1
CEBPD,PPP1CC,1
CEBPD,KLHL7,1
CEBPD,USP28,1
CEBPD,VIL1,1
CEBPD,FARSA,1
CEBPD,THRAP3,1
CEBPD,TIPARP,1
CEBPD,MRPL2,1
CEBPD,KLC4,1
CEBPD,ACTN1,1
CEBPD,ZNF143,1
CEBPD,MRPL16,1
CEBPD,KPNA2,1
CEBPD,BZW2,1
CEBPD,ASGR1,1
CEBPD,TTC4,1
CEBPD,TCFL5,1
CEBPD,SLC5A6,1
CEBPD,NIF3L1,1
CEBPD,MTERF3,1
CEBPD,HPR,1
CEBPD,CNBP,1
CEBPD,CCDC88A,1
CEBPD,UBE2T,1
CEBPD,IRF9,1
CEBPD,ZWILCH,1
CEBPD,SLC25A4,1
CEBPD,SUGCT,1
CEBPD,SNRPB,1
CEBPD,RAD51,1
CEBPD,ACADSB,1
CEBPD,DRAP1,1
CEBPD,ECI2,1
CEBPD,HAUS4,1
CEBPD,UPP1,1
CEBPD,JAG1,1
CEBPD,TAF11,1
CEBPD,USP10,1
CEBPD,DNMT3A,1
CEBPD,GTF2H2,1
CEBPD,NCAPG,1
CEBPD,HMGCL,1
CEBPD,FGFR1,1
CEBPD,DR1,1
CEBPD,EMP2,1
CEBPD,PA2G4,1
CEBPD,CMC1,1
CEBPD,MLXIPL,1
CEBPD,CCDC66,1
CEBPD,VTN,1
CEBPD,PPCDC,1
CEBPD,LEAP2,1
CEBPD,ADNP,1
CEBPD,ETV4,1
CEBPD,THOC1,1
CEBPD,HNRNPD,1
CEBPD,KATNA1,1
CEBPD,PNPT1,1
CEBPD,ZSWIM7,1
CEBPD,B4GALT3,1
CEBPD,ATP1B3,1
CEBPD,SSB,1
CEBPD,TRIAP1,1
CEBPD,SRRM1,1
CEBPD,FGA,1
CEBPD,NARS2,1
CEBPD,FBL,1
CEBPD,ORC4,1
CEBPD,IVNS1ABP,1
CEBPD,ASL,1
CEBPD,UCHL5,1
CEBPD,KIZ,1
CEBPD,HMCES,1
CEBPD,FANCD2,1
CEBPD,EZH2,1
CEBPD,POLR2D,1
CEBPD,ANXA4,1
CEBPD,PTMA,1
CEBPD,TIMM9,1
CEBPD,MRPS9,1
CEBPD,KIAA0586,1
CEBPD,NOL10,1
CEBPD,KAT7,1
CEBPD,DPH5,1
CEBPD,ZCCHC7,1
CEBPD,PSPH,1
CEBPD,MTTP,1
CEBPD,COPS2,1
CEBPD,CDK4,1
CEBPD,TAF7,1
CEBPD,XRCC6,1
CEBPD,WDR43,1
CEBPD,ICE2,1
CEBPD,NUDCD1,1
CEBPD,NBAS,1
CEBPD,METTL8,1
CEBPD,JARID2,1
CEBPD,TTLL4,1
CEBPD,NIFK,1
CEBPD,GEMIN2,1
CEBPD,TBRG4,1
CEBPD,MTX2,1
CEBPD,RRM2,1
CEBPD,RNF19A,1
CEBPD,CAAP1,1
CEBPD,SF3B3,1
CEBPD,ATL2,1
CEBPD,AHSG,1
CEBPD,APOA1,1
CEBPD,KNTC1,1
CEBPD,ING5,1
CEBPD,IFRD2,1
CEBPD,TEX10,1
CEBPD,ENO1,1
CEBPD,USP39,1
CEBPD,TFE3,1
CEBPD,MATR3,1
CEBPD,FANCL,1
CEBPD,ECD,1
CEBPD,BCOR,1
CEBPD,RIOK1,1
CEBPD,FGG,1
CEBPD,CDKN1A,1
CEBPD,SERPINF1,1
CEBPD,NUP107,1
CEBPD,AGT,1
CEBPD,HMGCR,1
CEBPD,ACY1,1
CEBPD,LTV1,1
CEBPD,TCF25,1
CEBPD,TBC1D31,1
CEBPD,HAUS2,1
CEBPD,FOXA2,1
CEBPD,ATP1B1,1
CEBPD,COPS5,1
CEBPD,PAK1IP1,1
CEBPD,ESYT1,1
CEBPD,ERAL1,1
CEBPD,TGIF2,1
CEBPD,RFXANK,1
CEBPD,HNF4A,1
CEBPD,CDKN3,1
CEBPD,CD320,1
CEBPD,MRPS27,1
CEBPD,FASTKD2,1
CEBPD,SRF,1
CEBPD,BPTF,1
CEBPD,ILF2,1
CEBPD,HP,1
CEBPD,PSMB10,1
CEBPD,NOP16,1
CEBPD,GLMN,1
CEBPD,GEMIN8,1
CEBPD,CREB1,1
CEBPD,CFAP36,1
CEBPD,ZNF397,1
CEBPD,PFKM,1
CEBPD,PDCD4,1
CEBPD,M6PR,1
CEBPD,ACTL6A,1
CEBPD,SMARCD2,1
CEBPD,SS18,1
CEBPD,EXOSC3,1
CEBPD,SLC25A11,1
CEBPD,BBS7,1
CEBPD,MED20,1
CEBPD,FANCA,1
CEBPD,TUBE1,1
CEBPD,G2E3,1
CEBPD,ANP32E,1
CEBPD,ZBTB24,1
CEBPD,PARPBP,1
CEBPD,NUP37,1
CEBPD,METTL21A,1
CEBPD,GTF3C5,1
CEBPD,POLR2L,1
CEBPD,CRELD1,1
CEBPD,BRIP1,1
CEBPD,SUV39H2,1
CEBPD,RBPJ,1
CEBPD,POLE4,1
CEBPD,CHD8,1
CEBPD,HNRNPR,1
CEBPD,CENPN,1
CEBPD,TAF5,1
CEBPD,NIP7,1
CEBPD,ATG3,1
CEBPD,ACAT2,1
CEBPD,YBX1,1
CEBPD,WDR75,1
CEBPD,TRIM27,1
CEBPD,SMAD3,1
CEBPD,ECHDC1,1
CEBPD,MRPS35,1
CEBPD,IFNGR1,1
CEBPD,TOP2B,1
CEBPD,TIMMDC1,1
CEBPD,THAP1,1
CEBPD,H1F0,1
CEBPD,THRB,1
CEBPD,MCRS1,1
CEBPD,SEPT10,1
CEBPD,DNAH14,1
CEBPD,RBBP8,1
CEBPD,ZNF581,1
CEBPD,BPHL,1
CEBPD,SMARCA4,1
CEBPD,TDP1,1
CEBPD,POLB,1
CEBPD,TMEM60,1
CEBPD,GTF3C2,1
CEBPD,TMEM37,1
CEBPD,RFC4,1
CEBPD,POU2F1,1
CEBPD,USP45,1
CEBPD,ACAA1,1
CEBPD,DDB2,1
CEBPD,GMNN,1
CEBPD,RAB28,1
CEBPD,MED4,1
CEBPD,HSDL2,1
CEBPD,FOXP1,1
CEBPD,SLC2A1,1
CEBPD,NUDT15,1
CEBPD,PSME3,1
CEBPD,TMEM177,1
CEBPD,S100A13,1
CEBPD,POLR1C,1
CEBPD,EIF2B3,1
CEBPD,ZNF33A,1
CEBPD,TMEM126B,1
CEBPD,GSN,1
CEBPD,RAD54L,1
CEBPD,TIPIN,1
CEBPD,METTL1,1
CEBPD,HIF1AN,1
CEBPD,SERTAD3,1
CEBPD,ARID2,1
CEBPD,JMJD1C,1
CEBPD,HIST1H1B,1
CEBPD,CNTRL,1
CEBPD,VEZF1,1
CEBPD,TAF1B,1
CEBPD,PHGDH,1
CEBPD,MGME1,1
CEBPD,ARL14EP,1
CEBPD,AEBP2,1
CEBPD,ASF1A,1
CEBPD,HARS,1
CEBPD,ARID3B,1
CEBPD,PEMT,1
CEBPD,ATG5,1
CEBPD,IDH3B,1
CEBPD,METTL5,1
CEBPD,EHMT2,1
CEBPD,MTMR2,1
CEBPD,SKIL,1
CEBPD,DNA2,1
CEBPD,STAT2,1
CEBPD,ZNF675,1
CEBPD,SLC39A10,1
CEBPD,PHKA2,1
CEBPD,GALM,1
CEBPD,CYB5B,1
CEBPD,IL6ST,1
CEBPD,SLC25A17,1
CEBPD,PFN2,1
CEBPD,UQCC1,1
CEBPD,SMOX,1
CEBPD,KIF20B,1
CEBPD,DNPEP,1
CEBPD,TYMS,1
CEBPD,HMMR,1
CEBPD,POLR1B,1
CEBPD,ZNF589,1
CEBPD,TERF1,1
CEBPD,GNPNAT1,1
CEBPD,PAPSS1,1
CEBPD,SMC2,1
CEBPD,ANAPC4,1
CEBPD,AHR,1
CEBPD,TRNT1,1
CEBPD,SH3BGR,1
CEBPD,NDUFAF4,1
CEBPD,NHEJ1,1
CEBPD,FOXA1,1
CEBPD,SKA3,1
CEBPD,ELMOD2,1
CEBPD,SMLR1,1
CEBPD,PEG3,1
CEBPD,NUDT1,1
CEBPD,GMPR2,1
CEBPD,CCS,1
CEBPD,ASXL1,1
CEBPD,TMEM237,1
CEBPD,PPIL1,1
CEBPD,ABCA5,1
CEBPD,TBX3,1
CEBPD,UBE2E3,1
CEBPD,TBPL1,1
CEBPD,NUP85,1
CEBPD,DBF4,1
CEBPD,ISY1,1
CEBPD,PPAT,1
CEBPD,PIM2,1
CEBPD,MED30,1
CEBPD,GALE,1
CEBPD,CFAP97,1
CEBPD,BBS9,1
CEBPD,AMZ2,1
CEBPD,RRM2B,1
CEBPD,PPT1,1
CEBPD,F2,1
CEBPD,DSN1,1
CEBPD,PON2,1
CEBPD,MTUS1,1
CEBPD,THAP4,1
CEBPD,PMS1,1
CEBPD,MED14,1
CEBPD,GSTK1,1
CEBPD,GALK1,1
CEBPD,TSR1,1
CEBPD,F10,1
CEBPD,DTYMK,1
CEBPD,TAF1A,1
CEBPD,PPP1R21,1
CEBPD,ELOF1,1
CEBPD,EEF1E1,1
CEBPD,CLDN4,1
CEBPD,SMC6,1
CEBPD,NDUFAF5,1
CEBPD,LITAF,1
CEBPD,RPUSD4,1
CEBPD,FAM118B,1
CEBPD,FXR1,1
CEBPD,SQLE,1
CEBPD,PUS7L,1
CEBPD,PIK3R1,1
CEBPD,FUBP1,1
CEBPD,GMEB1,1
CEBPD,APOC3,1
CEBPD,ID3,1
CEBPD,MYBBP1A,1
CEBPD,AIMP2,1
CEBPD,PRIM2,1
CEBPD,NEDD1,1
CEBPD,GATA4,1
CEBPD,DERA,1
CEBPD,DEPDC7,1
CEBPD,ZFP64,1
CEBPD,DPP4,1
CEBPD,ATIC,1
CEBPD,SNRNP25,1
CEBPD,POLR1E,1
CEBPD,RNF4,1
CEBPD,NAA50,1
CEBPD,FMO5,1
CEBPD,EWSR1,1
CEBPD,TMEM14A,1
CEBPD,NT5DC2,1
CEBPD,HAUS1,1
CEBPD,CFAP20,1
CEBPD,TRIP13,1
CEBPD,TMEM147,1
CEBPD,PAWR,1
CEBPD,EPAS1,1
CEBPD,TTR,1
CEBPD,MTAP,1
CEBPD,TFDP2,1
CEBPD,PHC1,1
CEBPD,COQ3,1
CEBPD,SCAPER,1
CEBPD,OAZ2,1
CEBPD,SUPT16H,1
CEBPD,PSIP1,1
CEBPD,HDAC1,1
CEBPD,TAF6,1
CEBPD,FOXO1,1
CEBPD,NCOA6,1
CEBPD,CRBN,1
CEBPD,LRRC40,1
CEBPD,TPX2,1
CEBPD,LRRC1,1
CEBPD,RHOBTB3,1
CEBPD,CUTC,1
CEBPD,AMBP,1
CEBPD,YWHAH,1
CEBPD,OGFOD1,1
CEBPD,NUPR1,1
CEBPD,FOSL2,1
CEBPD,MOV10,1
CEBPD,ASPH,1
CEBPD,PISD,1
CEBPD,PSEN1,1
CEBPD,MSH2,1
CEBPD,ERCC8,1
CEBPD,POLR3G,1
CEBPD,NAA16,1
CEBPD,BLMH,1
CEBPD,PRKCI,1
CEBPD,TPGS2,1
CEBPD,LAMC1,1
CEBPD,ALB,1
CEBPD,VPS72,1
CEBPD,WDYHV1,1
CEBPD,HDHD3,1
CEBPD,GRTP1,1
CEBPD,DDHD1,1
CEBPD,LAMB2,1
CEBPD,GMPS,1
CEBPD,APPL2,1
CEBPD,TP53INP2,1
CEBPD,TMEM216,1
CEBPD,GTF2I,1
CEBPD,EFTUD2,1
CEBPD,DUT,1
CEBPD,DECR1,1
CEBPD,CTPS1,1
CEBPD,SLC39A5,1
CEBPD,APEX1,1
CEBPD,USP11,1
CEBPD,SMAD2,1
CEBPD,EHMT1,1
CEBPD,METTL3,1
CEBPD,GABPB1,1
CEBPD,ELL2,1
CEBPD,E2F5,1
CEBPD,ZNF101,1
CEBPD,ORC6,1
CEBPD,MPC1,1
CEBPD,COMMD10,1
CEBPD,THYN1,1
CEBPD,HELLS,1
CEBPD,C12ORF45,1
CEBPD,ZNF567,1
CEBPD,MRPL15,1
CEBPD,PYGL,1
CEBPD,PAPOLA,1
CEBPD,MELK,1
CEBPD,LMO7,1
CEBPD,G6PC3,1
CEBPD,TMEM120A,1
CEBPD,ACSL5,1
CEBPD,CDCA3,1
CEBPD,ZFYVE21,1
CEBPD,SULT1A2,1
CEBPD,EBNA1BP2,1
CEBPD,BCKDK,1
CEBPD,NR2F2,1
CEBPD,PIAS3,1
CEBPD,F3,1
CEBPD,SMIM20,1
CEBPD,RGN,1
CEBPD,WRB,1
CEBPD,TCF19,1
CEBPD,RRM1,1
CEBPD,KNG1,1
CEBPD,SRM,1
CEBPD,SLC25A26,1
CEBPD,IMP4,1
CEBPD,GGH,1
CEBPD,EXOSC1,1
CEBPD,POLR1D,1
CEBPD,MPHOSPH6,1
CEBPD,KNSTRN,1
CEBPD,GDAP1,1
CEBPD,MORN2,1
CEBPD,EXOC5,1
CEBPD,ALDH9A1,1
CEBPZ,TCERG1,1
CEBPZ,FLAD1,1
CEBPZ,TMEM60,1
CEBPZ,ZBTB3,1
CEBPZ,TCF3,1
CEBPZ,HACL1,1
CEBPZ,ANP32E,1
CEBPZ,R3HDM1,1
CEBPZ,ZFYVE21,1
CEBPZ,OGFOD1,1
CEBPZ,GATAD2B,1
CEBPZ,TOP2A,1
CEBPZ,ZNF143,1
CEBPZ,HNRNPUL1,1
CEBPZ,WBP11,1
CEBPZ,GTF3C5,1
CEBPZ,ZNF91,1
CEBPZ,KAT7,1
CREB1,FANCD2,1
CREB1,ECD,1
CREB1,RRM1,1
CREB1,TRIAP1,1
CREB1,GTF2H3,1
CREB1,BDP1,1
CREB1,TWISTNB,1
CREB1,LIAS,1
CREB1,NDC80,1
CREB1,MRPL2,1
CREB1,KLC4,1
CREB1,PWP1,1
CREB1,ZFAND2A,1
CREB1,LRRC40,1
CREB1,CENPK,1
CREB1,ABT1,1
CREB1,RNPS1,1
CREB1,BCAS2,1
CREB1,IDH3B,1
CREB1,SUPV3L1,1
CREB1,POLR2K,1
CREB1,BRMS1,1
CREB1,C11ORF1,1
CREB1,TBRG4,1
CREB1,MED20,1
CREB1,CNOT7,1
CREB1,WDR75,1
CREB1,CCDC77,1
CREB1,U2AF1,1
CREB1,MECR,1
CREB1,NOL10,1
CREB1,EXOSC9,1
CREB1,PISD,1
CREB1,PAK1IP1,1
CREB1,TMEM147,1
CREB1,PLAA,1
CREB1,METTL1,1
CREB1,THOC1,1
CREB1,ATG5,1
CREB1,TAF11,1
CREB1,KLHL7,1
CREB1,ZNRD1,1
CREB1,C9ORF72,1
CREB1,WDHD1,1
CREB1,ZSWIM7,1
CREB1,RFC1,1
CREB1,C1ORF109,1
CREB1,WDR74,1
CREB1,EFTUD2,1
CREB1,PIK3R4,1
CREB1,MRRF,1
CREB1,UTP15,1
CREB1,CAAP1,1
CREB1,PSME3,1
CREB1,ABCE1,1
CREB1,PHF5A,1
CREB1,MBIP,1
CREB1,TMEM237,1
CREB1,BRCA1,1
CREB1,THAP4,1
CREB1,MED30,1
CREB1,HAUS2,1
CREB1,ZGRF1,1
CREB1,GTF3C2,1
CREB1,ING3,1
CREB1,PRC1,1
CREB1,PEF1,1
CREB1,TOP2B,1
CREB1,GTF2E1,1
CREB1,MTTP,1
CREB1,CACYBP,1
CREB1,ELOVL5,1
CREB1,HDAC6,1
CREB1,IFRD2,1
CREB1,MRPL49,1
CREB1,C9ORF78,1
CREB1,PHB2,1
CREB1,EMG1,1
CREB1,UCHL5,1
CREB1,BTG1,1
CREB1,CENPE,1
CREB1,TCF3,1
CREB1,KAT7,1
CREB1,JARID2,1
CREB1,SIRT2,1
CREB1,THRAP3,1
CREB1,POLR3D,1
CREB1,ICE2,1
CREB1,AURKA,1
CREB1,TSFM,1
CREB1,GTF2F2,1
CREB1,HTATSF1,1
CREB1,HAT1,1
CREB1,STARD3NL,1
CREB1,XRCC6,1
CREB1,ELL2,1
CREB1,SLC35B4,1
CREB1,SPAG9,1
CREB1,FTSJ1,1
CREB1,ZNF143,1
CREB1,TFRC,1
CREB1,CDK5RAP2,1
CREB1,ARG2,1
CREB1,ZNF589,1
CREB1,CMSS1,1
CREB1,ISY1,1
CREB1,M6PR,1
CREB1,CFAP20,1
CREB1,BCKDK,1
CREB1,PCID2,1
CREB1,SLC25A37,1
CREB1,ATP1B3,1
CREB1,ZNF561,1
CREB1,APOC1,1
CREB1,MAD2L1BP,1
CREB1,ZNF146,1
CREB1,MLH1,1
CREB1,POLB,1
CREB1,ASCC3,1
CREB1,PTP4A1,1
CREB1,PROSER1,1
CREB1,PCNA,1
CREB1,ATL2,1
CREB1,COPS7A,1
CREB1,RFC4,1
CREB1,METTL3,1
CREB1,GEMIN8,1
CREB1,TARBP2,1
CREB1,IFT52,1
CREB1,ORC5,1
CREB1,ZSCAN21,1
CREB1,WBP11,1
CREB1,MGME1,1
CREB1,ISG20,1
CREB1,TRNT1,1
CREB1,LTV1,1
CREB1,CPSF6,1
CREB1,AATF,1
CREB1,TF,1
CREB1,CKS2,1
CREB1,BRCA2,1
CREB1,RFC2,1
CREB1,SMC4,1
CREB1,HSD17B7,1
CREB1,SKIL,1
CREB1,NEDD1,1
CREB1,S100A13,1
CREB1,BBS7,1
CREB1,RBM39,1
CREB1,TRIM28,1
CREB1,NARS2,1
CREB1,PAPOLA,1
CREB1,DCUN1D5,1
CREB1,RNASEH2A,1
CREB1,ING5,1
CREB1,DTYMK,1
CREB1,FOSB,1
CREB1,NIF3L1,1
CREB1,NTMT1,1
CREB1,AEBP2,1
CREB1,CREB3L2,1
CREB1,TIMM50,1
CREB1,TIMM21,1
CREB1,PSEN1,1
CREB1,HMGCR,1
CREB1,IFNGR1,1
CREB1,TP53INP2,1
CREB1,CENPN,1
CREB1,COPS3,1
CREB1,CBX3,1
CREB1,RNF26,1
CREB1,CDC23,1
CREB1,HERPUD1,1
CREB1,HMBS,1
CREB1,GOT1,1
CREB1,SLC25A26,1
CREB1,WDR43,1
CREB1,ANP32E,1
CREB1,CCDC138,1
CREB1,GALE,1
CREB1,MLF1,1
CREB1,PDE6D,1
CREB1,COPS7B,1
CREB1,MRPS27,1
CREB1,ZNF644,1
CREB1,NUDT15,1
CREB1,MCM6,1
CREB1,PSPH,1
CREB1,RBBP8,1
CREB1,SRSF3,1
CREB1,ZNF260,1
CREB1,RNF138,1
CREB1,SUV39H2,1
CREB1,ATG3,1
CREB1,NUP35,1
CREB1,MRPS12,1
CREB1,FOSL1,1
CREB1,RECQL,1
CREB1,ZDHHC4,1
CREB1,EEF1A1,1
CREB1,MCM7,1
CREB1,ATG4C,1
CREB1,LCMT1,1
CREB1,PEMT,1
CREB1,IDI1,1
CREB1,CEBPZ,1
CREB1,AIMP2,1
CREB1,WARS,1
CREB1,NPRL2,1
CREB1,CRELD1,1
CREB1,MCM2,1
CREB1,TTK,1
CREB1,VRK1,1
CREB1,NUP54,1
CREB1,TMEM97,1
CREB1,NME1,1
CREB1,TIPIN,1
CREB1,BUB1B,1
CREB1,EGR1,1
CREB1,LSM10,1
CREB1,NCAPG,1
CREB1,NIP7,1
CREB1,SERTAD3,1
CREB1,HNRNPH2,1
CREB1,MRPS11,1
CREB1,ILF3,1
CREB1,TCF25,1
CREB1,CHAF1A,1
CREB1,DDX20,1
CREB1,NUF2,1
CREB1,DNAJB9,1
CREB1,MIS18BP1,1
CREB1,NUDCD1,1
CREB1,NAA50,1
CREB1,JUND,1
CREB1,PIGH,1
CREB1,EIF2B3,1
CREB1,SRRM1,1
CREB1,NDUFAF5,1
CREB1,RNF19A,1
CREB1,MTX2,1
CREB1,SUB1,1
CREB1,SP4,1
CREB1,CHEK1,1
CREB1,KIF23,1
CREB1,MED14,1
CREB1,R3HDM1,1
CREB1,RAB28,1
CREB1,CHD8,1
CREB1,MXD1,1
CREB1,UBE2T,1
CREB1,DCAF13,1
CREB1,HIBCH,1
CREB1,TTI2,1
CREB1,RUVBL1,1
CREB1,HNRNPK,1
CREB1,CHEK2,1
CREB1,METTL21A,1
CREB1,ATF3,1
CREB1,ZCCHC7,1
CREB1,USP11,1
CREB1,TMEM69,1
CREB1,DBF4,1
CREB1,DDX5,1
CREB1,SNRPB,1
CREB1,AASS,1
CREB1,MTF2,1
CREB1,DYNLT3,1
CREB1,TIMMDC1,1
CREB1,POLD2,1
CREB1,RAD51,1
CREB1,PDCD11,1
CREB1,GATM,1
CREB1,CDCA3,1
CREB1,AAMP,1
CREB1,SRSF1,1
CREB1,MAD2L1,1
CREB1,WDR3,1
CREB1,TRIP13,1
CREB1,PUS7L,1
CREB1,ESYT1,1
CREB1,GGPS1,1
CREB1,ZWILCH,1
CREB1,FBL,1
CREB1,FOXP1,1
CREB1,AARS,1
CREB1,B4GALT3,1
CREB1,NUP93,1
CREB1,PRKCE,1
CREB1,MRPS30,1
CREB1,TFDP1,1
CREB1,SLC39A1,1
CREB1,ASL,1
CREB1,IVNS1ABP,1
CREB1,NCK1,1
CREB1,SQLE,1
CREB1,HNRNPUL1,1
CREB1,FN1,1
CREB1,AHR,1
CREB1,AMZ2,1
CREB1,DNAJC2,1
CREB1,ZNF766,1
CREB1,MCM8,1
CREB1,XBP1,1
CREB1,PPP1R21,1
CREB1,NTHL1,1
CREB1,E2F3,1
CREB1,C6ORF203,1
CREB1,TAF7,1
CREB1,LAPTM4B,1
CREB1,DRAP1,1
CREB1,SLC38A2,1
CREB1,ADNP,1
CREB1,CRYZL1,1
CREB1,DPH6,1
CREB1,AAR2,1
CREB1,POLD3,1
CREB1,DHCR7,1
CREB1,KLHDC2,1
CREB1,C1GALT1,1
CREB1,RFX5,1
CREB1,MCRS1,1
CREB1,CDC6,1
CREB1,DSN1,1
CREB1,YEATS4,1
CREB1,CENPU,1
CREB1,HNRNPD,1
CREB1,GLI1,1
CREB1,EXTL2,1
CREB1,SEPT10,1
CREB1,MED4,1
CREB1,HMCES,1
CREB1,ELP6,1
CREB1,SRF,1
CREB1,GMPR2,1
CREB1,MCM3,1
CREB1,PSMD10,1
CREB1,PMS1,1
CREB1,GPN3,1
CREB1,ARID3B,1
CREB1,AURKB,1
CREB1,HIST1H2BC,1
CREB1,CCNB1,1
CREB1,ILF2,1
CREB1,THYN1,1
CREB1,ORC4,1
CREB1,COPS2,1
CREB1,MAFF,1
CREB1,SNAPC1,1
CREB1,ACADSB,1
CREB1,WRB,1
CREB1,SMARCA5,1
CREB1,PRMT5,1
CREB1,POLR2B,1
CREB1,SNRPD1,1
CREB1,IMMP1L,1
CREB1,POLR1E,1
CREB1,DPAGT1,1
CREB1,ZNF74,1
CREB1,CUEDC2,1
CREB1,SLC7A6,1
CREB1,KPNA2,1
CREB1,CXXC1,1
CREB1,TM7SF3,1
CREB1,MAT2B,1
CREB1,CDK5RAP1,1
CREB1,UTP18,1
CREB1,HCFC1,1
CREB1,SF3A3,1
CREB1,NIFK,1
CREB1,CCND1,1
CREB1,TFE3,1
CREB1,NR1H3,1
CREB1,DDIT3,1
CREB1,E2F5,1
CREB1,HOOK2,1
CREB1,HNRNPR,1
CREB1,MYBL2,1
CREB1,TPX2,1
CREB1,ACTL6A,1
CREB1,HDGF,1
CREB1,PPP1R7,1
CREB1,TYMS,1
CREB1,ATG101,1
CREB1,CEP70,1
CREB1,DGAT1,1
CREB1,TFDP2,1
CREB1,TNFAIP3,1
CREB1,SIL1,1
CREB1,HMGN1,1
CREB1,DTWD1,1
CREB1,TATDN3,1
CREB1,CD320,1
CREB1,ACAT2,1
CREB1,ESPL1,1
CREB1,TPGS2,1
CREB1,NOL11,1
CREB1,FOSL2,1
CREB1,TUBE1,1
CREB1,BPTF,1
CREB1,ZNF567,1
CREB1,CCDC88A,1
CREB1,MRPL16,1
CREB1,IQCB1,1
CREB1,XPO6,1
CREB1,ZNF354A,1
CREB1,FEN1,1
CREB1,PARPBP,1
CREB1,NUP37,1
CREB1,BTF3,1
CREB1,SSBP3,1
CREB1,GGH,1
CREB1,OGFOD1,1
CREB1,MPC1,1
CREB1,SLC5A6,1
CREB1,SRM,1
CREB1,THAP1,1
CREB1,PARP1,1
CREB1,RAD54L,1
CREB1,ZNHIT3,1
CREB1,MYL6B,1
CREB1,HMGB2,1
CREB1,DCTPP1,1
CREB1,BTG2,1
CREB1,ZWINT,1
CREB1,JMJD1C,1
CREB1,MCM4,1
CREB1,POLR2F,1
CREB1,OPA1,1
CREB1,USP45,1
CREB1,EEF1E1,1
CREB1,BLM,1
CREB1,TCERG1,1
CREB1,PPA2,1
CREB1,CHTF18,1
CREB1,MTIF2,1
CREB1,CAMK2D,1
CREB1,BCS1L,1
CREB1,PLRG1,1
CREB1,RNASEH2B,1
CREB1,PRIM2,1
CREB1,RUVBL2,1
CREB1,BIRC5,1
CREB1,CDK4,1
CREB1,MYO9A,1
CREB1,KIF22,1
CREB1,KIF20A,1
CREB1,DLGAP5,1
CREB1,CHCHD6,1
CREB1,PEX19,1
CREB1,IL6ST,1
CREB1,CDKN3,1
CREB1,ARHGAP26,1
CREB1,UBLCP1,1
CREB1,VPS33A,1
CREB1,TBPL1,1
CREB1,SDAD1,1
CREB1,GTF2H2,1
CREB1,SMARCD2,1
CREB1,NOP16,1
CREB1,ASNS,1
CREB1,MORN2,1
CREB1,GPN1,1
CREB1,HSDL2,1
CREB1,TMEM41A,1
CREB1,SRSF2,1
CREB1,POLR1D,1
CREB1,IMP4,1
CREB1,TDP1,1
CREB1,TCFL5,1
CREB1,CRBN,1
CREB1,DROSHA,1
CREB1,PLK1,1
CREB1,RBBP4,1
CREB1,TGIF2,1
CREB1,ARL14EP,1
CREB1,VPS72,1
CREB1,FLAD1,1
CREB1,APEX1,1
CREB1,CSDE1,1
CREB1,ZNF33A,1
CREB1,COMMD10,1
CREB1,TTC4,1
CREB1,UBAC2,1
CREB1,PYCR1,1
CREB1,CDCA2,1
CREB1,MPHOSPH6,1
CREB1,AFF4,1
CREB1,ZNF670,1
CREB1,HMGA1,1
CREB1,HMMR,1
CREB1,TOP2A,1
CREB1,CKAP2,1
CREB1,NUP88,1
CREB1,HMGN4,1
CREB1,KIFAP3,1
CREB1,TMEM60,1
CREB1,PPP1CC,1
CREB1,RNF4,1
CREB1,SEC22C,1
CREB1,KATNA1,1
CREB1,TXNDC9,1
CREB1,EIF5B,1
CREB1,POLR1B,1
CREB1,ESCO2,1
CREB1,TADA1,1
CREB1,YARS,1
CREB1,S100PBP,1
CREB1,TAF1A,1
CREB1,ELP2,1
CREB1,DOT1L,1
CREB1,EIF3J,1
CREB1,PMAIP1,1
CREB1,SSRP1,1
CREB1,SEC11C,1
CREB1,FANCA,1
CREB1,STAT2,1
CREB1,MRPL1,1
CREB1,EED,1
CREB1,ENO1,1
CREB1,STMN1,1
CREB1,E2F4,1
CREB1,MTHFD2,1
CREB1,UGP2,1
CREB1,PA2G4,1
CREB1,ACADVL,1
CREB1,ISG15,1
CREB1,UBE2C,1
CREB1,AAAS,1
CREB1,ZFYVE21,1
CREB1,NEK2,1
CREB1,IRF1,1
CREB1,ALG8,1
CREB1,CPSF3,1
CREB1,SNRNP25,1
CREB1,JUN,1
CREB1,HACL1,1
CREB1,RAD1,1
CREB1,BRIX1,1
CREB1,SMARCC1,1
CREB1,SPTLC3,1
CREB1,ACY1,1
CREB1,TDP2,1
CREB1,EXOC5,1
CREB1,DNPEP,1
CREB1,THAP11,1
CREB1,TOPORS,1
CREB1,KIF20B,1
CREB1,TSR1,1
CREB1,ACOT7,1
CREB1,MAZ,1
CREB1,GMNN,1
CREB1,YWHAH,1
CREB1,MSH2,1
CREB1,GCHFR,1
CREB1,PTPN12,1
CREB1,HIST1H4C,1
CREB1,ZNF232,1
CREB1,CCDC66,1
CREB1,TAF5,1
CREB1,CMPK1,1
CREB1,C11ORF54,1
CREB1,RAD51AP1,1
CREB1,CCDC169,1
CREB1,ERAL1,1
CREB1,EHMT1,1
CREB1,ECHDC1,1
CREB1,SKA3,1
CREB1,FANCI,1
CREB1,METTL8,1
CREB1,GLMN,1
CREB1,GTF3C5,1
CREB1,C17ORF75,1
CREB1,EXOSC5,1
CREB1,GGCT,1
CREB1,C11ORF74,1
CREB1,PTMA,1
CREB1,CAPRIN1,1
CREB1,NOSIP,1
CREB1,CTSV,1
CREB1,MPHOSPH9,1
CREB1,C19ORF48,1
CREB1,TCF19,1
CREB1,CNBP,1
CREB1,POLR2D,1
CREB1,VPS26A,1
CREB1,MST1,1
CREB1,TBL1X,1
CREB1,RIOK1,1
CREB1,CDC20,1
CREB1,PNPT1,1
CREB1,NBAS,1
CREB1,POLR3G,1
CREB1,ZNF397,1
CREB1,MCM5,1
CREB1,FUBP1,1
CREB1,TEX10,1
CREB1,DDIT4,1
CREB1,SIRT1,1
CREB1,OIP5,1
CREB1,NUSAP1,1
CREB1,CENPF,1
CREB1,TBX3,1
CREB1,BBS9,1
CREB1,NUDT1,1
CREB1,FAM49B,1
CREB1,NPM1,1
CREB1,SMAD5,1
CREB1,BLMH,1
CREB1,TTF2,1
CREB1,GTF2I,1
CREB1,TP53,1
CREB1,DR1,1
CREB1,PRKCI,1
CREB1,RSU1,1
CREB1,RPUSD4,1
CREB1,FAM118B,1
CREB1,UQCC1,1
CREB1,ZBTB3,1
CREB1,HINFP,1
CREB1,NUCB2,1
CREB1,GATAD2B,1
CREB1,SUGCT,1
CREB1,RBPJ,1
CREB1,UBL7,1
CREB1,FOXA1,1
CREB1,NFYB,1
CREB1,TIPARP,1
CREB1,MAPK1,1
CREB1,RBMX,1
CREB1,PCIF1,1
CREB1,TK1,1
CREB1,MMS19,1
CREB1,FLRT3,1
CREB1,TTLL4,1
CREB1,CCS,1
CREB1,ECT2,1
CREB1,ING1,1
CREB1,SLC2A1,1
CREB1,KEAP1,1
CREB1,BRIP1,1
CREB1,IFT22,1
CREB1,CCNB2,1
CREB1,ARL2,1
CREB1,SURF2,1
CREB1,NAA25,1
CREB1,HNRNPH3,1
CREB1,E2F8,1
CREB1,CTBP1,1
CREB1,PPIL1,1
CREB1,ZNF770,1
CREB1,CETN3,1
CREB1,CASP8AP2,1
CREB1,SMAD2,1
CREB1,MATR3,1
CREB1,ARID2,1
CREB1,BCL11B,1
CREB1,RRM2B,1
CREB1,IRF9,1
CREB1,NUP107,1
CREB1,PTPRM,1
CREB1,METTL18,1
CREB1,USP7,1
CREB1,KIZ,1
CREB1,EXOSC1,1
CREB1,MEST,1
CREB1,CCDC82,1
CREB1,HMGN3,1
CREB1,PLAGL2,1
CREB1,ACTN1,1
CREB1,SAAL1,1
CREB1,TCOF1,1
CREB1,EZH2,1
CREB1,DHPS,1
CREB1,ASXL1,1
CREB1,PDCD4,1
CREB1,SLC38A1,1
CREB1,DNAH14,1
CREB1,USP1,1
CREB1,CFAP36,1
CREB1,PAPSS1,1
CREB1,ID2,1
CREB1,IRF3,1
CREB1,DEDD,1
CREB1,XPO5,1
CREB1,MRTO4,1
CREB1,FAM13A,1
CREB1,GNPNAT1,1
CREB1,HNRNPAB,1
CREB1,MLST8,1
CREB1,PRIM1,1
CREB1,ZFHX3,1
CREB1,DAXX,1
CREB1,G6PC3,1
CREB1,ZNF160,1
CREB1,PIH1D1,1
CREB1,NONO,1
CREB1,TIMM9,1
CREB1,POLR2G,1
CREB1,KIAA0586,1
CREB1,GEMIN7,1
CREB1,RCAN1,1
CREB1,DNMT1,1
CREB1,APEH,1
CREB1,AKR1B1,1
CREB1,CEBPA,1
CREB1,EYA3,1
CREB1,TMEM120A,1
CREB1,CYB5B,1
CREB1,METAP1,1
CREB1,TMEM126B,1
CREB1,DDHD1,1
CREB1,NVL,1
CREB1,DEF8,1
CREB1,ZFP64,1
CREB1,NTPCR,1
CREB1,ZRANB2,1
CREB1,POLR2L,1
CREB1,ASPH,1
CREB1,ZNF91,1
CREB1,YBX1,1
CREB1,ELMOD2,1
CREB1,CMC1,1
CREB1,RBBP7,1
CREB1,FARSA,1
CREB1,FXR1,1
CREB1,XRCC5,1
CREB1,HARS,1
CREB1,POLE4,1
CREB1,HPN,1
CREB1,DDB2,1
CREB1,ZNF398,1
CREB1,WDR12,1
CREB1,ABCA5,1
CREB1,POLR1C,1
CREB1,SMIM20,1
CREB1,CTPS1,1
CREB1,DCLRE1C,1
CREB1,SSBP2,1
CREB1,TRIM27,1
CREB1,TBC1D31,1
CREB1,GABPB1,1
CREB1,EXOSC3,1
CREB1,COPS5,1
CREB1,MRPS35,1
CREB1,FBXO6,1
CREB1,DPH5,1
CREB1,FASTKD2,1
CREB1,PSIP1,1
CREB1,ZNF202,1
CREB1,RFXANK,1
CREB1,CRAT,1
CREB1,ASF1A,1
CREB1,PSMG1,1
CREB1,FOXM1,1
CREB1,METTL5,1
CREB1,TBCB,1
CREB1,POLR2I,1
CREB1,NFKBIZ,1
CREB1,CNTRL,1
CREB1,ECSIT,1
CREB1,EXOSC8,1
CREB1,BPHL,1
CREB1,HMGCL,1
CREB1,KNTC1,1
CREB1,DDX54,1
CREB1,CDK1,1
CREB1,PMM1,1
CREB1,PFKM,1
CREB1,MIS18A,1
CREB1,ELOF1,1
CREB1,SLC25A4,1
CREB1,POP5,1
CREB1,USP39,1
CREB1,NEDD4L,1
CREB1,GSN,1
CREB1,DECR1,1
CREB1,RNF2,1
CREB1,ORC6,1
CREB1,MAF,1
CREB1,MRPL15,1
CREB1,CREB3L4,1
CREB1,ZNF300,1
CREB1,RIOK3,1
CREB1,FHL2,1
CREB1,ZFP62,1
CREB1,ANAPC4,1
CREB1,LRR1,1
CREB1,PIAS2,1
CREB1,SUPT16H,1
CREB1,HDAC1,1
CREB1,BZW2,1
CREB1,UCP2,1
CREB1,ZSWIM8,1
CREB1,AXL,1
CREB1,HAUS4,1
CREB1,COMMD3,1
CREB1,NDUFAF4,1
CREB1,EMP2,1
CREB1,HSD17B10,1
CREB1,MRPS2,1
CREB1,PSAT1,1
CREB1,HMGN2,1
CREB1,APPL2,1
CREB1,ZMYM1,1
CREB1,MTERF3,1
CREB1,GDAP1,1
CREB1,IL32,1
CREB1,RAD54B,1
CREB1,E2F7,1
CREB1,CAT,1
CREB1,ECI2,1
CREB1,HEXB,1
CREB1,HJURP,1
CREB1,KDELR3,1
CREB1,BSCL2,1
CREB1,FAM114A1,1
CREB1,TERF1,1
CREB1,IQGAP2,1
CREB1,ARMC9,1
CREB1,NME2,1
CREB1,WDYHV1,1
CREB1,ZNF675,1
CREB1,TAF1B,1
CREB1,SGK1,1
CREB1,DUT,1
CREB1,SMARCA4,1
CREB1,PDCD2L,1
CREB1,PDLIM7,1
CREB1,DPCD,1
CREB1,HAUS1,1
CREB1,FUCA1,1
CREB1,ATP2C1,1
CREB1,CCDC126,1
CREB1,HIF1AN,1
CREB1,PIK3R1,1
CREB1,USP28,1
CREB1,PAFAH1B3,1
CREB1,COQ3,1
CREB1,SUCLA2,1
CREB1,GPATCH4,1
CREB1,FGFR1,1
CREB1,PLAC8,1
CREB1,PCGF6,1
CREB1,CUTC,1
CREB1,EPHX2,1
CREB1,IGF1R,1
CREB1,SMC6,1
CREB1,NAA15,1
CREB1,ECHDC2,1
CREB1,TAF6,1
CREB1,NR3C1,1
CREB1,HIST1H1E,1
CREB1,CUL2,1
CREB1,TRIM25,1
CREB1,EPB41L2,1
CREB1,ZNF227,1
CREB1,TARDBP,1
CREB1,MMS22L,1
CREB1,C12ORF10,1
CREB1,PPAT,1
CREB1,USP44,1
CREB1,ETV5,1
CREB1,PIAS3,1
CREB1,PFN2,1
CREB1,STEAP1,1
CREB1,G2E3,1
CREB1,JAG1,1
CREB1,ZBTB24,1
CREB1,TAF9B,1
CREB1,ATIC,1
CREB1,APOC2,1
CREB1,ARL15,1
CREB1,EWSR1,1
CREB1,CFAP97,1
CREB1,MT1X,1
CREB1,BUB1,1
CREB1,PPT1,1
CREB1,PSMB10,1
CREB1,GSTK1,1
CREB1,ZNF638,1
CREB1,ACAA1,1
CREB1,NUP85,1
CREB1,PHC1,1
CREB1,MTUS1,1
CREB1,SSB,1
CREB1,SHKBP1,1
CREB1,ASNSD1,1
CREB1,DHRS3,1
CREB1,CREG1,1
CREB1,GEMIN2,1
CREB1,REST,1
CREB1,THRB,1
CREB1,KNSTRN,1
CREB1,ALDH9A1,1
CREB1,TUBA1B,1
CREB1,GYG1,1
CREB1,MYBBP1A,1
CREB1,MRPS9,1
CREB1,FANCL,1
CREB1,HIST1H1C,1
CREB1,EFNA1,1
CREB1,NR2F2,1
CREB1,YAF2,1
CREB1,SLC25A11,1
CREB1,ALPL,1
CREB1,MTHFD1,1
CREB1,SLC25A17,1
CREB1,TMEM177,1
CREB1,GALM,1
CREB1,SCPEP1,1
CREB1,NRIP1,1
CREB1,SAE1,1
CREB1,TTC39C,1
CREB1,RAI14,1
CREB1,TRIM59,1
CREB1,KLF5,1
CREB1,DEK,1
CREB1,ANXA4,1
CREB1,DNA2,1
CREB1,ANLN,1
CREB1,PON2,1
CREB1,PIM2,1
CREB1,UHRF1,1
CREB1,SPDL1,1
CREB1,HSD17B11,1
CREB1,SH3BGR,1
CREB1,EBNA1BP2,1
CREB1,MTMR2,1
CREB1,SLC39A10,1
CREB1,SMAD3,1
CREB1,DNMT3A,1
CREB1,SMC2,1
CREB1,ZNF581,1
CREB1,ANAPC7,1
CREB1,DNMT3B,1
CREB1,VEZF1,1
CREB1,HMGB3,1
CREB1,LRRC1,1
CREB1,CENPH,1
CREB1,TRMT1,1
CREB1,TGIF1,1
CREB1,ETS1,1
CREB1,ZDHHC13,1
CREB1,SIAE,1
CREB1,POU2F1,1
CREB1,LMO7,1
CREB1,STX8,1
CREB1,SF3B3,1
CREB1,RANGRF,1
CREB1,ACAD11,1
CREB1,NHEJ1,1
CREB1,TPD52L1,1
CREB1,SS18,1
CREB1,SCAPER,1
CREB1,FOXO1,1
CREB1,TMEM14A,1
CREB1,RBP4,1
CREB1,GRHL1,1
CREB1,ELOVL6,1
CREB1,CTSC,1
CREB1,UBE2L6,1
CREB1,WDR54,1
CREB1,PTTG1,1
CREB1,UCK2,1
CREB1,PPP1R16A,1
CREB1,SLC29A1,1
CREB1,IGF2BP3,1
CREB1,SRSF10,1
CREB1,PEG3,1
CREB1,MTAP,1
CREB1,FGA,1
CREB1,NAA10,1
CREB1,MOV10,1
CREB1,GLUD1,1
CREB1,GRPR,1
CREB1,WDR5,1
CREB1,FOXA2,1
CREB1,HIPK2,1
CREB1,HELLS,1
CREB1,SAMHD1,1
CREB1,NREP,1
CREB1,OAZ2,1
CREB1,ATP11C,1
CREB1,HPRT1,1
CREB1,PHKA2,1
CREB1,PPCDC,1
CREB1,F10,1
CREB1,DEPDC7,1
CREB1,PAWR,1
CREB1,P4HA2,1
CREB1,HGD,1
CREB1,RNASE4,1
CREB1,DPP4,1
CREB1,ANG,1
CREB1,C12ORF45,1
CREB1,ZNF101,1
CREB1,GPRC5C,1
CREB1,ALG6,1
CREB1,CA2,1
CREB1,EHMT2,1
CREB1,EPAS1,1
CREB1,MELK,1
CREB1,PYGL,1
CREB1,TMEM216,1
CREB1,DMKN,1
CREB1,DPYSL2,1
CREB1,SVIL,1
CREB1,ERCC8,1
CREB1,NCOA6,1
CREB1,SLC39A5,1
CREB1,DAB2,1
CREB1,F2RL1,1
CREB1,USP10,1
CREB1,CEBPD,1
CREB1,RAMP1,1
CREB1,GALK1,1
CREB1,PHF11,1
CREB1,GMPS,1
CREB1,USB1,1
CREB1,LAMB2,1
CREB1,UPP1,1
CREB1,LAMC1,1
CREB1,DDAH1,1
CREB1,CNN2,1
CREB1,HDHD3,1
CREB1,SLC44A2,1
CREB1,ITGB5,1
CREB1,GMEB1,1
CREB1,HIF3A,1
CREB1,S100A16,1
CREB1,HSD17B14,1
CREB1,SMARCE1,1
CREB1,ETV1,1
CREB1,RABEPK,1
CREB1,AGT,1
CREB1,PHGDH,1
CREB1,A1CF,1
CREB1,CREB3L3,1
CREB1,ANKRD1,1
CREB1,APOB,1
CREB1,RRM2,1
CREB1,POLE2,1
CREB1,DERA,1
CREB1,SMOX,1
CREB1,NAA16,1
CREB1,SHMT2,1
CREB1,PPP2R1B,1
CREB1,TEAD4,1
CREB1,SLC25A20,1
CREB1,RREB1,1
CREB1,ETV4,1
CREB1,AGO2,1
CREB1,BLVRA,1
CREB1,ZNF253,1
CREB1,CDKN1A,1
CREB1,SLC35D2,1
CREB1,ENO2,1
CREB1,F2,1
CREB1,NR2F6,1
CREB1,EPS8L2,1
CREB1,HP,1
CREB1,CYFIP2,1
CREB1,VTN,1
CREB1,UBE2E3,1
CREB1,CLDN4,1
CREB1,ATP1B1,1
CREB1,TCF7L1,1
CREB1,FABP1,1
CREB1,NPPB,1
CREB1,MGST2,1
CREB1,RHOBTB3,1
CREB1,DPF2,1
CREB1,CDK2AP1,1
CREB1,AGTRAP,1
CREB1,DNASE1,1
CREB1,VIL1,1
CREB1,MLXIPL,1
CREB1,H1F0,1
CREB1,SORBS2,1
CREB1,PLTP,1
CREB1,APOA2,1
CREB1,PITX1,1
CREB1,NCOA1,1
CREB1,AMBP,1
CREB1,ACSL5,1
CREB1,CAPG,1
CREB1,F3,1
CREB1,UNC93A,1
CREB1,NT5DC2,1
CREB1,LIFR,1
CREB1,BMPR1A,1
CREB1,SERPINF1,1
CREB1,PDGFRA,1
CREB1,GATA6,1
CREB1,NUPR1,1
CREB1,AHSG,1
CREB1,TM4SF5,1
CREB1,HPR,1
CREB1,ASGR1,1
CREB1,MYC,1
CREB1,FGG,1
CREB1,MTFP1,1
CREB1,HPX,1
CREB1,NNT,1
CREB1,BST2,1
CREB1,HNF4A,1
CREB1,TEAD2,1
CREB1,SERPIND1,1
CREB1,GATA4,1
CREB1,TBC1D1,1
CREB1,DDC,1
CREB1,MAEA,1
CREB1,SP100,1
CREB1,NR1I3,1
CREB1,DBNDD2,1
CREB1,LEAP2,1
CREB1,GXYLT2,1
CREB1,GRTP1,1
CREB1,APOC3,1
CREB1,ALB,1
CREB1,AKR1C3,1
CREB1,APOA1,1
CREB1,SOX2,1
CREB1,C3,1
CREB1,SALL2,1
CREB1,TM4SF4,1
CREB1,TTR,1
CREB1,SMLR1,1
CREB1,CSRP2,1
CREB1,SULF2,1
CREB1,ASRGL1,1
CREB1,SPP1,1
CREB1,PRAP1,1
CREB1,ACOX2,1
CREB1,NODAL,1
CREB1,MYCN,1
CREB1,HSD17B2,1
CREB1,ARSE,1
CREB1,PRPS2,1
CREB1,PDZK1,1
CREB1,TUBB6,1
CREB1,LGALS1,1
CREB1,LITAF,1
CREB1,ZFP36,1
CREB1,SULT1A2,1
CREB1,MEP1A,1
CREB1,HMGA2,1
ELF1,SHKBP1,1
ELF1,ZBTB24,1
ELF1,AURKA,1
ELF1,VPS33A,1
ELF1,PPP1R21,1
ELF1,BRCA2,1
ELF1,ATG4C,1
ELF1,AATF,1
ELF1,RSU1,1
ELF1,ZNF766,1
ELF1,TOPORS,1
ELF1,MCM4,1
ELF1,NOL10,1
ELF1,BRMS1,1
ELF1,TF,1
ELF1,FANCD2,1
ELF1,IMP4,1
ELF1,GTF2H3,1
ELF1,DR1,1
ELF1,ZNF160,1
ELF1,RABEPK,1
ELF1,GDAP1,1
ELF1,TRNT1,1
ELF1,MCM8,1
ELF1,ANXA4,1
ELF1,ELMOD2,1
ELF1,WDHD1,1
ELF1,DCAF13,1
ELF1,DDIT3,1
ELF1,GALE,1
ELF1,OPA1,1
ELF1,UGP2,1
ELF1,E2F4,1
ELF1,MTIF2,1
ELF1,WDYHV1,1
ELF1,DCLRE1C,1
ELF1,ZCCHC7,1
ELF1,MAT2B,1
ELF1,GPATCH4,1
ELF1,DNAJC2,1
ELF1,APPL2,1
ELF1,HARS,1
ELF1,ID2,1
ELF1,EBNA1BP2,1
ELF1,WDR3,1
ELF1,UBL7,1
ELF1,PMM1,1
ELF1,C9ORF78,1
ELF1,CCDC126,1
ELF1,ATG5,1
ELF1,NOL11,1
ELF1,DNAJB9,1
ELF1,MED4,1
ELF1,TIMMDC1,1
ELF1,NPRL2,1
ELF1,SLC25A26,1
ELF1,RNF4,1
ELF1,ATG3,1
ELF1,SLC35B4,1
ELF1,CUTC,1
ELF1,NNT,1
ELF1,ATP2C1,1
ELF1,ING5,1
ELF1,DTYMK,1
ELF1,M6PR,1
ELF1,RCAN1,1
ELF1,KNTC1,1
ELF1,RECQL,1
ELF1,ZNF398,1
ELF1,XPO5,1
ELF1,TAF1A,1
ELF1,EFTUD2,1
ELF1,ORC4,1
ELF1,ZFAND2A,1
ELF1,PHB2,1
ELF1,EMG1,1
ELF1,TBRG4,1
ELF1,SF3A3,1
ELF1,ZNF397,1
ELF1,EXOC5,1
ELF1,TMEM120A,1
ELF1,TAF1B,1
ELF1,METTL8,1
ELF1,BRCA1,1
ELF1,PARPBP,1
ELF1,NUP37,1
ELF1,RBBP4,1
ELF1,MYBBP1A,1
ELF1,IDH3B,1
ELF1,FAM49B,1
ELF1,VPS72,1
ELF1,TAF11,1
ELF1,ZFP62,1
ELF1,ZRANB2,1
ELF1,CFAP36,1
ELF1,KAT7,1
ELF1,RAD1,1
ELF1,BRIX1,1
ELF1,PPP1R16A,1
ELF1,ARID3B,1
ELF1,GSN,1
ELF1,RNASEH2B,1
ELF1,G6PC3,1
ELF1,MCRS1,1
ELF1,PHF11,1
ELF1,POLR2K,1
ELF1,PHF5A,1
ELF1,ZSCAN21,1
ELF1,GTF3C5,1
ELF1,G2E3,1
ELF1,NUDT1,1
ELF1,PIGH,1
ELF1,TBPL1,1
ELF1,NIFK,1
ELF1,WDR43,1
ELF1,ZGRF1,1
ELF1,NOSIP,1
ELF1,ANAPC4,1
ELF1,POLR2F,1
ELF1,TPX2,1
ELF1,SMARCD2,1
ELF1,SMC6,1
ELF1,NTHL1,1
ELF1,WDR74,1
ELF1,STX8,1
ELF1,ISY1,1
ELF1,KIF23,1
ELF1,XRCC5,1
ELF1,TCOF1,1
ELF1,CEBPZ,1
ELF1,SDAD1,1
ELF1,MAD2L1BP,1
ELF1,HINFP,1
ELF1,FEN1,1
ELF1,C11ORF54,1
ELF1,SNRPD1,1
ELF1,COPS7A,1
ELF1,NUF2,1
ELF1,TTI2,1
ELF1,PRIM2,1
ELF1,POLR3D,1
ELF1,PWP1,1
ELF1,RNPS1,1
ELF1,RAD51,1
ELF1,ALG6,1
ELF1,UBLCP1,1
ELF1,PLAC8,1
ELF1,C12ORF10,1
ELF1,SIRT2,1
ELF1,ALG8,1
ELF1,RIOK3,1
ELF1,SF3B3,1
ELF1,ELP2,1
ELF1,METTL18,1
ELF1,ZNF202,1
ELF1,EXOSC3,1
ELF1,TTF2,1
ELF1,ENO1,1
ELF1,CKS2,1
ELF1,METTL5,1
ELF1,ZNF227,1
ELF1,USP11,1
ELF1,GEMIN8,1
ELF1,RIOK1,1
ELF1,PSMD10,1
ELF1,ZNF33A,1
ELF1,EXOSC5,1
ELF1,SNRPB,1
ELF1,LCMT1,1
ELF1,ANLN,1
ELF1,CCDC77,1
ELF1,APEH,1
ELF1,PNPT1,1
ELF1,DAXX,1
ELF1,ZDHHC13,1
ELF1,AAR2,1
ELF1,METTL3,1
ELF1,RUVBL1,1
ELF1,MCM7,1
ELF1,CDCA3,1
ELF1,SURF2,1
ELF1,MIS18BP1,1
ELF1,THAP1,1
ELF1,GTF2H2,1
ELF1,HNRNPR,1
ELF1,TRIP13,1
ELF1,SUPT16H,1
ELF1,TDP1,1
ELF1,CCDC82,1
ELF1,MCM5,1
ELF1,FLAD1,1
ELF1,MED30,1
ELF1,UCHL5,1
ELF1,HSD17B7,1
ELF1,SP100,1
ELF1,ZNF670,1
ELF1,PFKM,1
ELF1,ZBTB3,1
ELF1,UTP18,1
ELF1,NUP107,1
ELF1,SMARCC1,1
ELF1,ZNF675,1
ELF1,SEPT10,1
ELF1,CUL2,1
ELF1,POLE4,1
ELF1,DEDD,1
ELF1,TAF7,1
ELF1,AAMP,1
ELF1,TIPARP,1
ELF1,EXOSC9,1
ELF1,GSTK1,1
ELF1,RFXANK,1
ELF1,ATIC,1
ELF1,PLAA,1
ELF1,NIP7,1
ELF1,KATNA1,1
ELF1,SLC25A4,1
ELF1,BTF3,1
ELF1,AIMP2,1
ELF1,DHPS,1
ELF1,DDX5,1
ELF1,C1ORF109,1
ELF1,ZSWIM8,1
ELF1,PUS7L,1
ELF1,SS18,1
ELF1,SLC5A6,1
ELF1,VEZF1,1
ELF1,DNMT1,1
ELF1,DLGAP5,1
ELF1,AAAS,1
ELF1,PSMB10,1
ELF1,ASXL1,1
ELF1,RRM2B,1
ELF1,ZNF101,1
ELF1,SLC25A20,1
ELF1,NOP16,1
ELF1,ID3,1
ELF1,CYB5B,1
ELF1,MRPS12,1
ELF1,CCNB1,1
ELF1,FANCI,1
ELF1,DDHD1,1
ELF1,CACYBP,1
ELF1,ILF3,1
ELF1,BSCL2,1
ELF1,GPN1,1
ELF1,POLR1C,1
ELF1,C9ORF72,1
ELF1,PROSER1,1
ELF1,POLR1B,1
ELF1,EED,1
ELF1,HIBCH,1
ELF1,GTF3C2,1
ELF1,TMEM147,1
ELF1,PIH1D1,1
ELF1,PPP1R7,1
ELF1,NME1,1
ELF1,NUP54,1
ELF1,SUB1,1
ELF1,TEX10,1
ELF1,MTMR2,1
ELF1,THAP4,1
ELF1,ZNF91,1
ELF1,TM7SF3,1
ELF1,ABCA5,1
ELF1,NUP88,1
ELF1,PDCD11,1
ELF1,USP39,1
ELF1,NUDCD1,1
ELF1,YARS,1
ELF1,S100PBP,1
ELF1,MTTP,1
ELF1,ICE2,1
ELF1,TP53,1
ELF1,HDAC1,1
ELF1,HMGN4,1
ELF1,E2F8,1
ELF1,KIF20B,1
ELF1,COPS2,1
ELF1,USB1,1
ELF1,SRSF1,1
ELF1,MORN2,1
ELF1,PIK3R1,1
ELF1,ING1,1
ELF1,TAF5,1
ELF1,SAAL1,1
ELF1,MYL6B,1
ELF1,UQCC1,1
ELF1,EXOSC1,1
ELF1,EYA3,1
ELF1,PMS1,1
ELF1,ECD,1
ELF1,POP5,1
ELF1,PSME3,1
ELF1,GTF2E1,1
ELF1,NUDT15,1
ELF1,CPSF3,1
ELF1,PRKCE,1
ELF1,ACAA1,1
ELF1,EXTL2,1
ELF1,CENPF,1
ELF1,ZNF143,1
ELF1,LTV1,1
ELF1,NEDD1,1
ELF1,IRF3,1
ELF1,TTK,1
ELF1,IFT22,1
ELF1,POLR2B,1
ELF1,COPS5,1
ELF1,TDP2,1
ELF1,PPARA,1
ELF1,ZFP64,1
ELF1,ECHDC1,1
ELF1,MTX2,1
ELF1,ZNHIT3,1
ELF1,NIF3L1,1
ELF1,HMGCL,1
ELF1,YEATS4,1
ELF1,NDC80,1
ELF1,FUCA1,1
ELF1,CFAP20,1
ELF1,TRMT1,1
ELF1,DTWD1,1
ELF1,MCM6,1
ELF1,HIF1AN,1
ELF1,DROSHA,1
ELF1,ORC5,1
ELF1,GMPR2,1
ELF1,WDR12,1
ELF1,MRPS11,1
ELF1,ZNF354A,1
ELF1,CXXC1,1
ELF1,GMEB1,1
ELF1,IQCB1,1
ELF1,E2F7,1
ELF1,KLHDC2,1
ELF1,POLR2G,1
ELF1,ABT1,1
ELF1,TMEM69,1
ELF1,METTL21A,1
ELF1,GMPS,1
ELF1,NUP35,1
ELF1,EIF5B,1
ELF1,DNPEP,1
ELF1,ARL14EP,1
ELF1,HNRNPD,1
ELF1,XPO6,1
ELF1,THAP11,1
ELF1,STAT2,1
ELF1,TSFM,1
ELF1,TMEM14A,1
ELF1,TBCB,1
ELF1,POLR2I,1
ELF1,HACL1,1
ELF1,TXNDC9,1
ELF1,TSR1,1
ELF1,PLRG1,1
ELF1,CAAP1,1
ELF1,JAG1,1
ELF1,RAD51AP1,1
ELF1,CMC1,1
ELF1,HAT1,1
ELF1,TRIAP1,1
ELF1,KIZ,1
ELF1,ZDHHC4,1
ELF1,ATG101,1
ELF1,RFC1,1
ELF1,NUP93,1
ELF1,GATM,1
ELF1,ZNF567,1
ELF1,ABCE1,1
ELF1,MRPL49,1
ELF1,ZNF232,1
ELF1,DCUN1D5,1
ELF1,SMIM20,1
ELF1,DBF4,1
ELF1,SLC25A17,1
ELF1,ELP6,1
ELF1,NR1H3,1
ELF1,PAK1IP1,1
ELF1,PPP1CC,1
ELF1,WDR75,1
ELF1,DPAGT1,1
ELF1,OGFOD1,1
ELF1,PA2G4,1
ELF1,PPIL1,1
ELF1,BCS1L,1
ELF1,CRYZL1,1
ELF1,FANCL,1
ELF1,CHEK2,1
ELF1,CDK5RAP1,1
ELF1,IDI1,1
ELF1,MRRF,1
ELF1,CNOT7,1
ELF1,GABPB1,1
ELF1,WBP11,1
ELF1,MCM3,1
ELF1,CDK5RAP2,1
ELF1,MAZ,1
ELF1,NR3C1,1
ELF1,COPS7B,1
ELF1,SRSF2,1
ELF1,SH3BGRL,1
ELF1,HMGN5,1
ELF1,CTSC,1
ELF1,YBX1,1
ELF1,ZNF74,1
ELF1,TGIF2,1
ELF1,COMMD10,1
ELF1,SMARCE1,1
ELF1,MLH1,1
ELF1,NBAS,1
ELF1,ARHGAP26,1
ELF1,GLUD1,1
ELF1,DEK,1
ELF1,NTPCR,1
ELF1,RAD54L,1
ELF1,DDX20,1
ELF1,FBL,1
ELF1,TEAD4,1
ELF1,HMGN1,1
ELF1,WARS,1
ELF1,IVNS1ABP,1
ELF1,TATDN3,1
ELF1,SLC25A11,1
ELF1,CHD8,1
ELF1,RFC2,1
ELF1,NDUFAF5,1
ELF1,C12ORF45,1
ELF1,PTPN12,1
ELF1,ELOF1,1
ELF1,RNASEH2A,1
ELF1,GEMIN7,1
ELF1,CENPU,1
ELF1,ARID2,1
ELF1,ING3,1
ELF1,EXOSC8,1
ELF1,SIAE,1
ELF1,TTC4,1
ELF1,POLR1D,1
ELF1,U2AF1,1
ELF1,PEMT,1
ELF1,C11ORF74,1
ELF1,HIST1H4C,1
ELF1,SP4,1
ELF1,PCID2,1
ELF1,MGME1,1
ELF1,TRERF1,1
ELF1,SMARCA4,1
ELF1,NCAPG,1
ELF1,SSRP1,1
ELF1,HNRNPUL1,1
ELF1,NME2,1
ELF1,LGALS1,1
ELF1,RFC4,1
ELF1,BST2,1
ELF1,POLR2D,1
ELF1,PPAT,1
ELF1,MELK,1
ELF1,MED14,1
ELF1,ARMC9,1
ELF1,TMEM60,1
ELF1,ACAT2,1
ELF1,FOXP1,1
ELF1,RNF2,1
ELF1,EHMT1,1
ELF1,SUGCT,1
ELF1,LRRC1,1
ELF1,CNTRL,1
ELF1,PISD,1
ELF1,MRPL1,1
ELF1,FARSA,1
ELF1,MTF2,1
ELF1,NVL,1
ELF1,KNSTRN,1
ELF1,CUEDC2,1
ELF1,C1GALT1,1
ELF1,XRCC6,1
ELF1,HCFC1,1
ELF1,CBX3,1
ELF1,TMEM41A,1
ELF1,RRM1,1
ELF1,GGPS1,1
ELF1,POLR1E,1
ELF1,C17ORF75,1
ELF1,TFRC,1
ELF1,CSDE1,1
ELF1,HAUS2,1
ELF1,DRAP1,1
ELF1,ZWINT,1
ELF1,MST1,1
ELF1,PEF1,1
ELF1,BLM,1
ELF1,MRPL16,1
ELF1,ZFYVE21,1
ELF1,GTF2F2,1
ELF1,ACADSB,1
ELF1,CHTF18,1
ELF1,PSPH,1
ELF1,UCP2,1
ELF1,HIST1H2BC,1
ELF1,USP1,1
ELF1,TADA1,1
ELF1,VRK1,1
ELF1,YAF2,1
ELF1,SRRM1,1
ELF1,PDE6D,1
ELF1,ZWILCH,1
ELF1,TRIM27,1
ELF1,BCAS2,1
ELF1,CFAP97,1
ELF1,POLD3,1
ELF1,ZNF300,1
ELF1,SLC35D2,1
ELF1,CREG1,1
ELF1,RUVBL2,1
ELF1,DCTPP1,1
ELF1,MAPK1,1
ELF1,HNRNPH2,1
ELF1,GATAD2B,1
ELF1,VPS26A,1
ELF1,JUN,1
ELF1,SRM,1
ELF1,CAPRIN1,1
ELF1,SLC39A1,1
ELF1,SSBP2,1
ELF1,ARG2,1
ELF1,THYN1,1
ELF1,CMPK1,1
ELF1,DBNDD2,1
ELF1,MGST2,1
ELF1,MEST,1
ELF1,TFDP1,1
ELF1,HMGA1,1
ELF1,MRTO4,1
ELF1,TIMM9,1
ELF1,KIAA0586,1
ELF1,TMEM126B,1
ELF1,PRKCI,1
ELF1,EIF2B3,1
ELF1,PPFIBP2,1
ELF1,CREB3L4,1
ELF1,SMAD5,1
ELF1,PARP1,1
ELF1,MAD2L1,1
ELF1,RPUSD4,1
ELF1,FAM118B,1
ELF1,C6ORF203,1
ELF1,SMC2,1
ELF1,PHKA2,1
ELF1,EZH2,1
ELF1,CHCHD6,1
ELF1,PHC1,1
ELF1,SOX4,1
ELF1,SLC7A6,1
ELF1,CCDC88A,1
ELF1,DGAT1,1
ELF1,TCERG1,1
ELF1,ACAD11,1
ELF1,ASPH,1
ELF1,PEX19,1
ELF1,RBBP7,1
ELF1,ACOT7,1
ELF1,UBAC2,1
ELF1,PLAGL2,1
ELF1,HMGCR,1
ELF1,TUBA1B,1
ELF1,TMEM216,1
ELF1,CDC20,1
ELF1,KEAP1,1
ELF1,STARD3NL,1
ELF1,LITAF,1
ELF1,AFF4,1
ELF1,DECR1,1
ELF1,DERA,1
ELF1,CENPK,1
ELF1,TERF1,1
ELF1,THRAP3,1
ELF1,TFPI,1
ELF1,MXD1,1
ELF1,COPS3,1
ELF1,TIMM50,1
ELF1,POLR3G,1
ELF1,RBPJ,1
ELF1,PSMG1,1
ELF1,METAP1,1
ELF1,USP10,1
ELF1,DNAH14,1
ELF1,CEBPD,1
ELF1,TIMM21,1
ELF1,BCKDK,1
ELF1,PAPOLA,1
ELF1,PIM2,1
ELF1,IFRD2,1
ELF1,TYMS,1
ELF1,DPCD,1
ELF1,ACTL6A,1
ELF1,ZNRD1,1
ELF1,HIST1H1E,1
ELF1,ADNP,1
ELF1,ASCC3,1
ELF1,MRPS35,1
ELF1,CTPS1,1
ELF1,MED20,1
ELF1,REST,1
ELF1,LRRC40,1
ELF1,ECT2,1
ELF1,NAA50,1
ELF1,IFT52,1
ELF1,PIK3R4,1
ELF1,EGR1,1
ELF1,C11ORF1,1
ELF1,ZFP36,1
ELF1,NAA10,1
ELF1,IFNGR1,1
ELF1,CTBP1,1
ELF1,ECHDC2,1
ELF1,KIFAP3,1
ELF1,RNF19A,1
ELF1,ZNF589,1
ELF1,SAE1,1
ELF1,ITLN2,1
ELF1,GALK1,1
ELF1,DDX54,1
ELF1,TIPIN,1
ELF1,ZNF770,1
ELF1,TRIM25,1
ELF1,TTC39C,1
ELF1,HDGF,1
ELF1,HSD17B11,1
ELF1,S100A6,1
ELF1,C19ORF48,1
ELF1,CDK1,1
ELF1,IRF1,1
ELF1,TWISTNB,1
ELF1,PCNA,1
ELF1,SMAD2,1
ELF1,KIF22,1
ELF1,BTG1,1
ELF1,NTMT1,1
ELF1,MPC1,1
ELF1,IRF9,1
ELF1,DPH6,1
ELF1,S100A13,1
ELF1,HERPUD1,1
ELF1,ZNF146,1
ELF1,PSEN1,1
ELF1,PAPSS1,1
ELF1,E2F3,1
ELF1,BLMH,1
ELF1,EPS8L2,1
ELF1,CRBN,1
ELF1,TPGS2,1
ELF1,GPN3,1
ELF1,BUB1,1
ELF1,HEXB,1
ELF1,PIAS2,1
ELF1,TBC1D31,1
ELF1,RBBP8,1
ELF1,PRMT5,1
ELF1,BUB1B,1
ELF1,FOSL1,1
ELF1,MECR,1
ELF1,FOSL2,1
ELF1,RBM39,1
ELF1,CENPH,1
ELF1,MTAP,1
ELF1,RHOBTB3,1
ELF1,MRPL2,1
ELF1,KLC4,1
ELF1,HAUS1,1
ELF1,RANGRF,1
ELF1,PRC1,1
ELF1,ACSL5,1
ELF1,DDB2,1
ELF1,SERTAD3,1
ELF1,MTHFD1,1
ELF1,CDC6,1
ELF1,ASF1A,1
ELF1,SPAG9,1
ELF1,COQ3,1
ELF1,FMO5,1
ELF1,ZNF581,1
ELF1,CDK4,1
ELF1,BDP1,1
ELF1,RNF138,1
ELF1,MRPS2,1
ELF1,THOC1,1
ELF1,SLC38A1,1
ELF1,MLST8,1
ELF1,MMS22L,1
ELF1,ETV1,1
ELF1,SIRT1,1
ELF1,EEF1E1,1
ELF1,PAFAH1B3,1
ELF1,BBS9,1
ELF1,LIAS,1
ELF1,CRELD1,1
ELF1,ARL2,1
ELF1,ISG20,1
ELF1,TTLL4,1
ELF1,SUPV3L1,1
ELF1,TCF25,1
ELF1,FASTKD2,1
ELF1,BPTF,1
ELF1,NCK1,1
ELF1,ARL15,1
ELF1,ZNF561,1
ELF1,HAUS4,1
ELF1,TRIM28,1
ELF1,CDKN1A,1
ELF1,ACY1,1
ELF1,HDAC6,1
ELF1,ZNF638,1
ELF1,LRR1,1
ELF1,MRPS30,1
ELF1,USP28,1
ELF1,CDKN3,1
ELF1,EIF3J,1
ELF1,PCIF1,1
ELF1,ERAL1,1
ELF1,HNRNPAB,1
ELF1,PDCD4,1
ELF1,SRSF10,1
ELF1,AKR1B1,1
ELF1,ZSWIM7,1
ELF1,CAMK2D,1
ELF1,UBE2C,1
ELF1,CENPN,1
ELF1,BIRC5,1
ELF1,SLC29A1,1
ELF1,WRB,1
ELF1,NDUFAF4,1
ELF1,JMJD1C,1
ELF1,GGH,1
ELF1,CREB1,1
ELF1,GGCT,1
ELF1,ACADVL,1
ELF1,KDELR3,1
ELF1,IGF1R,1
ELF1,GALM,1
ELF1,ILF2,1
ELF1,IL6ST,1
ELF1,AMZ2,1
ELF1,STEAP1,1
ELF1,USP7,1
ELF1,PPA2,1
ELF1,PRIM1,1
ELF1,SEC22C,1
ELF1,CEP70,1
ELF1,SRF,1
ELF1,SSB,1
ELF1,FTSJ1,1
ELF1,CCDC138,1
ELF1,CHAF1A,1
ELF1,ESCO2,1
ELF1,UBE2T,1
ELF1,FGFR1,1
ELF1,MAEA,1
ELF1,CNBP,1
ELF1,MATR3,1
ELF1,CREB3L2,1
ELF1,POU2F1,1
ELF1,METTL1,1
ELF1,SIL1,1
ELF1,RFX5,1
ELF1,ATL2,1
ELF1,DUT,1
ELF1,CEBPA,1
ELF1,NEK2,1
ELF1,SUV39H2,1
ELF1,R3HDM1,1
ELF1,ITGB5,1
ELF1,PYGL,1
ELF1,ASL,1
ELF1,UTP15,1
ELF1,TFE3,1
ELF1,ELOVL6,1
ELF1,ECSIT,1
ELF1,MSH2,1
ELF1,HDHD3,1
ELF1,WDR54,1
ELF1,MAP1B,1
ELF1,CPSF6,1
ELF1,HMMR,1
ELF1,MTERF3,1
ELF1,GCHFR,1
ELF1,BCOR,1
ELF1,SRSF3,1
ELF1,MCM2,1
ELF1,MRPS27,1
ELF1,COMMD3,1
ELF1,CDCA2,1
ELF1,HMGB2,1
ELF1,SMC4,1
ELF1,WDR5,1
ELF1,SNRNP25,1
ELF1,GOT1,1
ELF1,STMN1,1
ELF1,ESPL1,1
ELF1,APEX1,1
ELF1,YWHAH,1
ELF1,PPT1,1
ELF1,E2F5,1
ELF1,MIS18A,1
ELF1,ELL2,1
ELF1,TUBE1,1
ELF1,NUP85,1
ELF1,MPHOSPH9,1
ELF1,SPDL1,1
ELF1,CASP8AP2,1
ELF1,AEBP2,1
ELF1,ISG15,1
ELF1,BZW2,1
ELF1,TARBP2,1
ELF1,KLHL7,1
ELF1,RAI14,1
ELF1,NPM1,1
ELF1,MAFF,1
ELF1,UBE2E3,1
ELF1,MPHOSPH6,1
ELF1,CMSS1,1
ELF1,SLC38A2,1
ELF1,TBL1X,1
ELF1,BRIP1,1
ELF1,SVIL,1
ELF1,HNF4A,1
ELF1,F2,1
ELF1,TMEM237,1
ELF1,IFITM2,1
ELF1,KIF20A,1
ELF1,SEC11C,1
ELF1,NAA15,1
ELF1,TCF3,1
ELF1,SHMT2,1
ELF1,AXL,1
ELF1,MBIP,1
ELF1,CHEK1,1
ELF1,DNASE1,1
ELF1,GNPNAT1,1
ELF1,NFYB,1
ELF1,JARID2,1
ELF1,HMBS,1
ELF1,TOP2B,1
ELF1,GMNN,1
ELF1,IGF2BP3,1
ELF1,DPH5,1
ELF1,TGIF1,1
ELF1,MOV10,1
ELF1,SKA3,1
ELF1,EEF1A1,1
ELF1,ANP32E,1
ELF1,ESYT1,1
ELF1,ECI2,1
ELF1,DEF8,1
ELF1,DEPDC7,1
ELF1,HNRNPK,1
ELF1,ATP1B1,1
ELF1,PPCDC,1
ELF1,UHRF1,1
ELF1,TPD52L1,1
ELF1,SNAPC1,1
ELF1,MRPL15,1
ELF1,AHR,1
ELF1,CCNB2,1
ELF1,TK1,1
ELF1,ZNF644,1
ELF1,CETN3,1
ELF1,HJURP,1
ELF1,PLK1,1
ELF1,DNMT3A,1
ELF1,AURKB,1
ELF1,NAA25,1
ELF1,TCF19,1
ELF1,B3GNT7,1
ELF1,HPN,1
ELF1,ANAPC7,1
ELF1,ZMYM1,1
ELF1,RBMX,1
ELF1,HNRNPH3,1
ELF1,CMC2,1
ELF1,LAPTM4B,1
ELF1,ZNF260,1
ELF1,NONO,1
ELF1,EPB41L2,1
ELF1,TOP2A,1
ELF1,PFN2,1
ELF1,IMMP1L,1
ELF1,ETV4,1
ELF1,FANCA,1
ELF1,IQGAP2,1
ELF1,HMGN3,1
ELF1,SKIL,1
ELF1,MT1X,1
ELF1,CENPE,1
ELF1,DSN1,1
ELF1,PCGF6,1
ELF1,TARDBP,1
ELF1,HIST1H1C,1
ELF1,CDC23,1
ELF1,UPP1,1
ELF1,PTMA,1
ELF1,CALML4,1
ELF1,ASNSD1,1
ELF1,ANKRD1,1
ELF1,GEMIN2,1
ELF1,PTP4A1,1
ELF1,H1F0,1
ELF1,APOC2,1
ELF1,CCS,1
ELF1,CCDC66,1
ELF1,AARS,1
ELF1,HSD17B2,1
ELF1,B4GALT3,1
ELF1,MRPS9,1
ELF1,GPRC5C,1
ELF1,CDK2AP1,1
ELF1,MAF,1
ELF1,SULF2,1
ELF1,CAPG,1
ELF1,NT5DC2,1
ELF1,EPHX2,1
ELF1,SORBS2,1
ELF1,SUCLA2,1
ELF1,LAMB2,1
ELF1,SULT1A2,1
ELF1,DAB2,1
ELF1,HSD17B14,1
ELF1,PDZK1,1
ELF1,FGA,1
ELF1,A1CF,1
ELF1,AASS,1
ELF1,SAMHD1,1
ELF1,FOXA1,1
ELF1,AGT,1
ELF1,EFNA1,1
ELF1,VTN,1
ELF1,APOB,1
ELF1,RNF26,1
ELF1,FOXA2,1
ELF1,FN1,1
ELF1,SLC7A7,1
ELF1,HNF1B,1
ELF1,APOA2,1
ELF1,ASGR1,1
ELF1,DHRS3,1
ELF1,IL32,1
ELF1,APOC3,1
ELF1,FABP1,1
ELF1,LEAP2,1
ELF1,AHSG,1
ELF1,VIL1,1
ELF1,RIN2,1
ELF1,NUPR1,1
ELF1,C3,1
ELF1,TM4SF5,1
EPAS1,ENO1,1
EPAS1,TFRC,1
EPAS1,FOSL2,1
EPAS1,ENO2,1
EPAS1,RBPJ,1
EPAS1,DDIT4,1
EPAS1,FAM13A,1
EPAS1,GPN3,1
EPAS1,BCKDK,1
EPAS1,NREP,1
EPAS1,MAFF,1
EPAS1,HNRNPK,1
EPAS1,P4HA2,1
EPAS1,BTG1,1
EPAS1,SRSF3,1
EPAS1,HMGCL,1
EPAS1,CDK4,1
EPAS1,HIF3A,1
EPAS1,TIMM21,1
EPAS1,AXL,1
EPAS1,AURKA,1
EPAS1,ZNF770,1
EPAS1,DOT1L,1
EPAS1,ASPH,1
EPAS1,WDR54,1
EPAS1,USP28,1
EPAS1,RNF19A,1
EPAS1,HPN,1
EPAS1,SLC2A1,1
EPAS1,POU2F1,1
EPAS1,RIOK3,1
EPAS1,SLC7A6,1
EPAS1,FGFR1,1
EPAS1,ACAD11,1
EPAS1,FBL,1
EPAS1,EED,1
EPAS1,JARID2,1
EPAS1,EEF1A1,1
EPAS1,MTERF3,1
EPAS1,GTF2E1,1
EPAS1,RUVBL2,1
EPAS1,F2,1
EPAS1,SMARCC1,1
EPAS1,HEXB,1
EPAS1,SLC25A4,1
EPAS1,TCFL5,1
EPAS1,NBAS,1
EPAS1,ZNF581,1
EPAS1,ZNF33A,1
EPAS1,EXOSC5,1
EPAS1,SLC25A26,1
EPAS1,DPCD,1
EPAS1,WARS,1
EPAS1,ARID2,1
EPAS1,KNTC1,1
EPAS1,ASGR1,1
EPAS1,SMC2,1
EPAS1,ZFHX3,1
EPAS1,ETV4,1
EPAS1,PPP1R16A,1
EPAS1,TSR1,1
EPAS1,PPP1R21,1
EPAS1,ABCA5,1
EPAS1,PHF11,1
EPAS1,ZFP64,1
EPAS1,CCDC138,1
EPAS1,MYL6B,1
EPAS1,C17ORF75,1
EPAS1,SRSF1,1
EPAS1,NUF2,1
EPAS1,MCM2,1
EPAS1,MCM8,1
EPAS1,TDP1,1
EPAS1,APOA1,1
EPAS1,RBM39,1
EPAS1,ABT1,1
EPAS1,EXOC5,1
EPAS1,KEAP1,1
EPAS1,NEK2,1
EPAS1,HMMR,1
EPAS1,MT1X,1
EPAS1,ZNF589,1
EPAS1,ZFP62,1
EPAS1,PSME3,1
EPAS1,ZNF160,1
EPAS1,TUBE1,1
EPAS1,PMS1,1
EPAS1,PFN2,1
EPAS1,CFAP20,1
EPAS1,CSRP2,1
EPAS1,ESYT1,1
EPAS1,CNOT7,1
EPAS1,NME1,1
EPAS1,MTF2,1
EPAS1,ZNF398,1
EPAS1,ASCC3,1
EPAS1,XPO5,1
EPAS1,SRRM1,1
EPAS1,CHCHD6,1
EPAS1,PWP1,1
EPAS1,MYO9A,1
EPAS1,HPRT1,1
EPAS1,PPP1CC,1
EPAS1,COPS7A,1
EPAS1,AAAS,1
EPAS1,CPSF3,1
EPAS1,DBF4,1
EPAS1,GNPNAT1,1
EPAS1,COPS7B,1
EPAS1,TK1,1
EPAS1,TMEM41A,1
EZH2,ATF3,1
EZH2,ERBB4,1
EZH2,SOX2,1
EZH2,CXCR4,1
EZH2,RFX6,1
EZH2,PAX6,1
EZH2,TMEM150C,1
EZH2,CDX2,1
EZH2,RAMP1,1
EZH2,MYCN,1
EZH2,LIN28A,1
EZH2,LAMA1,1
EZH2,GLIS3,1
EZH2,WDR12,1
EZH2,PTPRZ1,1
EZH2,DDAH1,1
EZH2,AAR2,1
EZH2,MAF,1
EZH2,SULF2,1
EZH2,E2F4,1
EZH2,CRABP2,1
EZH2,SALL2,1
EZH2,BMP2,1
EZH2,ICA1,1
EZH2,WFDC2,1
EZH2,SNRPB,1
EZH2,MYO10,1
EZH2,JARID2,1
EZH2,TCF7L1,1
EZH2,B3GNT7,1
EZH2,GATA6,1
EZH2,TCF4,1
EZH2,BPTF,1
EZH2,RARG,1
EZH2,ACTC1,1
EZH2,SOX4,1
EZH2,BIN1,1
EZH2,MBIP,1
EZH2,JAZF1,1
EZH2,KLF5,1
EZH2,SLC7A8,1
EZH2,TUBB6,1
EZH2,TRERF1,1
FOSL2,GSN,1
FOSL2,F3,1
FOSL2,ISG20,1
FOSL2,HEXB,1
FOSL2,NME1,1
FOSL2,AXL,1
FOSL2,ANKRD1,1
FOSL2,CRABP2,1
FOSL2,NFATC2,1
FOSL2,TNFAIP3,1
FOSL2,NEK2,1
FOSL2,ANLN,1
FOSL2,EIF3J,1
FOSL2,ACADVL,1
FOSL2,DDIT3,1
FOSL2,RAI14,1
FOSL2,UCHL5,1
FOSL2,CHEK2,1
FOSL2,PRMT5,1
FOSL2,GPN1,1
FOSL2,ITIH4,1
FOSL2,TUBB6,1
FOSL2,CAPN2,1
FOSL2,S100A16,1
FOSL2,CYP3A5,1
FOSL2,SRSF2,1
FOSL2,ZNF227,1
FOSL2,LAMC1,1
FOSL2,TTC39C,1
FOSL2,MYL6B,1
FOSL2,UPP1,1
FOSL2,BZW2,1
FOSL2,PRIM2,1
FOSL2,ANXA4,1
FOSL2,ILF2,1
FOSL2,ELF1,1
FOSL2,ZNF217,1
FOSL2,MAFF,1
FOSL2,DHRS3,1
FOSL2,ATG5,1
FOSL2,SPAG9,1
FOSL2,KEAP1,1
FOSL2,ENO2,1
FOSL2,SLC7A6,1
FOSL2,TDP1,1
FOSL2,PPCDC,1
FOSL2,MAD2L1BP,1
FOSL2,RBPJ,1
FOSL2,NAA16,1
FOSL2,JMJD1C,1
FOSL2,ENO1,1
FOSL2,DEDD,1
FOSL2,VEZF1,1
FOSL2,RCAN1,1
FOSL2,ANXA3,1
FOSL2,TFE3,1
FOSL2,HMGN4,1
FOSL2,SLC25A26,1
FOSL2,DNPEP,1
FOSL2,ETS1,1
FOSL2,ABT1,1
FOSL2,MXD1,1
FOSL2,SVIL,1
FOSL2,NUF2,1
FOSL2,PTP4A1,1
FOSL2,COPS5,1
FOSL2,POLR1D,1
FOSL2,TBL1X,1
FOSL2,PPFIBP2,1
FOSL2,TFF1,1
FOSL2,FOSL1,1
FOSL2,TBC1D1,1
FOSL2,RAB34,1
FOSL2,SP100,1
FOSL2,EWSR1,1
FOSL2,ETV5,1
FOSL2,TP53,1
FOSL2,PSAT1,1
FOSL2,MAP1B,1
FOSL2,BLMH,1
FOSL2,GYG1,1
FOSL2,ARG2,1
FOSL2,ZNF589,1
FOSL2,CDK5RAP1,1
FOSL2,AURKA,1
FOSL2,ELL2,1
FOSL2,PRC1,1
FOSL2,MCM4,1
FOSL2,SLC39A1,1
FOSL2,MTF2,1
FOSL2,HIST1H4C,1
FOSL2,CMC1,1
FOSL2,ATG101,1
FOSL2,NDUFAF5,1
FOSL2,TP53INP2,1
FOSL2,C9ORF72,1
FOSL2,PDZK1,1
FOSL2,RNASE4,1
FOSL2,ANG,1
FOSL2,ABCE1,1
FOSL2,CAMK2D,1
FOSL2,TDP2,1
FOSL2,TGIF1,1
FOSL2,HJURP,1
FOSL2,KIF20B,1
FOSL2,PRAP1,1
FOSL2,ACY1,1
FOSL2,MAZ,1
FOSL2,NUP107,1
FOSL2,FOXA1,1
FOSL2,DTWD1,1
FOSL2,GABPB1,1
FOSL2,MTIF2,1
FOSL2,TFRC,1
FOSL2,MTMR2,1
FOSL2,IRF9,1
FOSL2,OPA1,1
FOSL2,TTI2,1
FOSL2,FASTKD2,1
FOSL2,HERPUD1,1
FOSL2,EIF2B3,1
FOSL2,GALE,1
FOSL2,CCDC138,1
FOSL2,NCOA1,1
FOSL2,G6PC3,1
FOSL2,TAF11,1
FOSL2,MRPL16,1
FOSL2,GTF2H2,1
FOSL2,TSFM,1
FOSL2,PA2G4,1
FOSL2,HSD17B7,1
FOSL2,TCF4,1
FOSL2,BDP1,1
FOSL2,FANCD2,1
FOSL2,SF3A3,1
FOSL2,ATF3,1
FOSL2,ELOVL5,1
FOSL2,LEFTY1,1
FOSL2,AAR2,1
FOSL2,RRM1,1
FOSL2,NEDD4L,1
FOSL2,COPS2,1
FOSL2,ARSE,1
FOSL2,FLRT3,1
FOSL2,ZNRD1,1
FOSL2,COPS7B,1
FOSL2,SQLE,1
FOSL2,GATM,1
FOSL2,SMARCD2,1
FOSL2,CHD8,1
FOSL2,DDX5,1
FOSL2,TF,1
FOSL2,ABCA5,1
FOSL2,NUP54,1
FOSL2,GNPNAT1,1
FOSL2,PLAA,1
FOSL2,GTF2H3,1
FOSL2,RBP4,1
FOSL2,MED4,1
FOSL2,C11ORF1,1
FOSL2,ACOT7,1
FOSL2,NUCB2,1
FOSL2,SNRPB,1
FOSL2,YARS,1
FOSL2,S100PBP,1
FOSL2,VPS33A,1
FOSL2,IDI1,1
FOSL2,CAAP1,1
FOSL2,LMO7,1
FOSL2,AKR1C3,1
FOSL2,EPS8L2,1
FOSL2,CREB3L2,1
FOSL2,TATDN3,1
FOSL2,TTC4,1
FOSL2,C17ORF75,1
FOSL2,CKS2,1
FOSL2,CFAP20,1
FOSL2,HIBCH,1
FOSL2,CMSS1,1
FOSL2,XPO6,1
FOSL2,PCNA,1
FOSL2,NOSIP,1
FOSL2,JUN,1
FOSL2,IL32,1
FOSL2,EEF1A1,1
FOSL2,TMEM41A,1
FOSL2,DNAJC2,1
FOSL2,HAUS2,1
FOSL2,HAVCR1,1
FOSL2,NR1H3,1
FOSL2,LSM10,1
FOSL2,C11ORF74,1
FOSL2,RBM39,1
FOSL2,SUGCT,1
FOSL2,PRKCE,1
FOSL2,PARPBP,1
FOSL2,NUP37,1
FOSL2,TIMM50,1
FOSL2,NUP35,1
FOSL2,CCDC88A,1
FOSL2,BTG2,1
FOSL2,HARS,1
FOSL2,CCDC77,1
FOSL2,ZNF260,1
FOSL2,RAD1,1
FOSL2,PROSER1,1
FOSL2,BRIX1,1
FOSL2,NR1I3,1
FOSL2,CENPU,1
FOSL2,ARID3B,1
FOSL2,LRRC40,1
FOSL2,ADNP,1
FOSL2,SAAL1,1
FOSL2,NIF3L1,1
FOSL2,UQCC1,1
FOSL2,TBPL1,1
FOSL2,ARL14EP,1
FOSL2,CRAT,1
FOSL2,TAF5,1
FOSL2,HMCES,1
FOSL2,GPN3,1
FOSL2,MGME1,1
FOSL2,METTL3,1
FOSL2,C12ORF10,1
FOSL2,ZSWIM7,1
FOSL2,PHB2,1
FOSL2,EMG1,1
FOSL2,PCID2,1
FOSL2,HMGCR,1
FOSL2,PDLIM7,1
FOSL2,CRELD1,1
FOSL2,VPS72,1
FOSL2,BPTF,1
FOSL2,APOA2,1
FOSL2,COPS7A,1
FOSL2,NUDT15,1
FOSL2,UTP15,1
FOSL2,MIS18A,1
FOSL2,NBAS,1
FOSL2,NOL10,1
FOSL2,BRCA2,1
FOSL2,CRBN,1
FOSL2,UBL7,1
FOSL2,IDH3B,1
FOSL2,DNAJB9,1
FOSL2,RNF19A,1
FOSL2,HSD17B2,1
FOSL2,CEBPZ,1
FOSL2,DDX20,1
FOSL2,TBX3,1
FOSL2,SRRM1,1
FOSL2,GTF3C2,1
FOSL2,ATG3,1
FOSL2,ILF3,1
FOSL2,TIMMDC1,1
FOSL2,BTG1,1
FOSL2,RAD54L,1
FOSL2,KAT7,1
FOSL2,ACADSB,1
FOSL2,SLC2A1,1
FOSL2,SLC35B4,1
FOSL2,ZSCAN21,1
FOSL2,TEX10,1
FOSL2,NOL11,1
FOSL2,GLUD1,1
FOSL2,TK1,1
FOSL2,MATR3,1
FOSL2,DAB2,1
FOSL2,NIP7,1
FOSL2,CLDN4,1
FOSL2,SGK1,1
FOSL2,MRPL2,1
FOSL2,KLC4,1
FOSL2,METTL1,1
FOSL2,TSR1,1
FOSL2,HNRNPD,1
FOSL2,DHCR7,1
FOSL2,MGST2,1
FOSL2,SUPV3L1,1
FOSL2,NAA15,1
FOSL2,FAM13A,1
FOSL2,KNTC1,1
FOSL2,HIST1H2BC,1
FOSL2,ESYT1,1
FOSL2,TWISTNB,1
FOSL2,GEMIN7,1
FOSL2,MBIP,1
FOSL2,KIF20A,1
FOSL2,AMZ2,1
FOSL2,POLR1B,1
FOSL2,ETV4,1
FOSL2,HNRNPR,1
FOSL2,BRIP1,1
FOSL2,MDK,1
FOSL2,BSCL2,1
FOSL2,ANP32E,1
FOSL2,SSRP1,1
FOSL2,TRMT1,1
FOSL2,BBS9,1
FOSL2,MTTP,1
FOSL2,DCAF13,1
FOSL2,MST1,1
FOSL2,ZNF770,1
FOSL2,RFXANK,1
FOSL2,DPCD,1
FOSL2,KIZ,1
FOSL2,ING1,1
FOSL2,TIPARP,1
FOSL2,PISD,1
FOSL2,POLR2K,1
FOSL2,PSME3,1
FOSL2,FGA,1
FOSL2,EXOSC8,1
FOSL2,ASXL1,1
FOSL2,TRIAP1,1
FOSL2,TRNT1,1
FOSL2,PNPT1,1
FOSL2,ECD,1
FOSL2,TRIM28,1
FOSL2,CDC6,1
FOSL2,F2,1
FOSL2,EXOSC5,1
FOSL2,DPH6,1
FOSL2,WDR43,1
FOSL2,NOP16,1
FOSL2,JUND,1
FOSL2,HNRNPH3,1
FOSL2,TM7SF3,1
FOSL2,NDC80,1
FOSL2,APEX1,1
FOSL2,AFF4,1
FOSL2,ECT2,1
FOSL2,PIK3R4,1
FOSL2,ORC4,1
FOSL2,MRPL1,1
FOSL2,RUVBL1,1
FOSL2,PLAC8,1
FOSL2,TMEM237,1
FOSL2,SLC39A10,1
FOSL2,THOC1,1
FOSL2,ARMC9,1
FOSL2,PSMB10,1
FOSL2,METTL18,1
FOSL2,MT1X,1
FOSL2,USP39,1
FOSL2,AAAS,1
FOSL2,FAM49B,1
FOSL2,DGAT1,1
FOSL2,ZRANB2,1
FOSL2,HIST1H1C,1
FOSL2,S100A13,1
FOSL2,IFT52,1
FOSL2,NEDD1,1
FOSL2,BCAS2,1
FOSL2,ACAT2,1
FOSL2,IFRD2,1
FOSL2,SMARCC1,1
FOSL2,RUVBL2,1
FOSL2,TXNDC9,1
FOSL2,EIF5B,1
FOSL2,SIL1,1
FOSL2,GMNN,1
FOSL2,AHSG,1
FOSL2,BRCA1,1
FOSL2,MPHOSPH6,1
FOSL2,AEBP2,1
FOSL2,RRM2,1
FOSL2,APOB,1
FOSL2,DSN1,1
FOSL2,ATIC,1
FOSL2,CSDE1,1
FOSL2,TBCB,1
FOSL2,POLR2I,1
FOSL2,CENPN,1
FOSL2,NAA50,1
FOSL2,DCTPP1,1
FOSL2,ASNSD1,1
FOSL2,PAK1IP1,1
FOSL2,AATF,1
FOSL2,ZNF398,1
FOSL2,DCUN1D5,1
FOSL2,C19ORF48,1
FOSL2,GALM,1
FOSL2,TMEM126B,1
FOSL2,SRSF1,1
FOSL2,CEP70,1
FOSL2,RSU1,1
FOSL2,HAT1,1
FOSL2,POLR3D,1
FOSL2,CACYBP,1
FOSL2,HNRNPUL1,1
FOSL2,CBX3,1
FOSL2,HMGCL,1
FOSL2,EFNA1,1
FOSL2,ZNF143,1
FOSL2,ZCCHC7,1
FOSL2,KPNA2,1
FOSL2,HNRNPK,1
FOSL2,SNRPD1,1
FOSL2,BUB1B,1
FOSL2,CXXC1,1
FOSL2,SP4,1
FOSL2,MECR,1
FOSL2,DCLRE1C,1
FOSL2,ARHGAP26,1
FOSL2,SUB1,1
FOSL2,BIRC5,1
FOSL2,POLD3,1
FOSL2,GTF3C5,1
FOSL2,ATP2C1,1
FOSL2,TMEM216,1
FOSL2,WARS,1
FOSL2,EEF1E1,1
FOSL2,NIFK,1
FOSL2,DR1,1
FOSL2,ACTC1,1
FOSL2,CUEDC2,1
FOSL2,CDK4,1
FOSL2,VRK1,1
FOSL2,QPCT,1
FOSL2,PEMT,1
FOSL2,SDAD1,1
FOSL2,MED20,1
FOSL2,HIF1AN,1
FOSL2,PFKM,1
FOSL2,HGD,1
FOSL2,C11ORF54,1
FOSL2,ORC5,1
FOSL2,VPS26A,1
FOSL2,BLM,1
FOSL2,NTHL1,1
FOSL2,MIS18BP1,1
FOSL2,HNF4A,1
FOSL2,SEPT10,1
FOSL2,NUDCD1,1
FOSL2,NREP,1
FOSL2,TAF9B,1
FOSL2,RBBP4,1
FOSL2,WDR75,1
FOSL2,CD320,1
FOSL2,MTHFD2,1
FOSL2,WDHD1,1
FOSL2,TIMM9,1
FOSL2,KIAA0586,1
FOSL2,B4GALT3,1
FOSL2,METTL21A,1
FOSL2,MYO9A,1
FOSL2,PSMG1,1
FOSL2,MOV10,1
FOSL2,GOT1,1
FOSL2,RNPS1,1
FOSL2,DPP4,1
FOSL2,UBAC2,1
FOSL2,SKIL,1
FOSL2,THAP1,1
FOSL2,POLB,1
FOSL2,PEX19,1
FOSL2,SERPINF1,1
FOSL2,COQ3,1
FOSL2,SIRT2,1
FOSL2,CDCA3,1
FOSL2,LIAS,1
FOSL2,PIGH,1
FOSL2,PPIL1,1
FOSL2,HMGN1,1
FOSL2,STX8,1
FOSL2,ZNF561,1
FOSL2,ZNF670,1
FOSL2,TIPIN,1
FOSL2,UBE2T,1
FOSL2,TPD52L1,1
FOSL2,SMC6,1
FOSL2,CUTC,1
FOSL2,EFTUD2,1
FOSL2,DRAP1,1
FOSL2,ING3,1
FOSL2,HSDL2,1
FOSL2,AARS,1
FOSL2,SSB,1
FOSL2,BCS1L,1
FOSL2,WDR12,1
FOSL2,RIOK1,1
FOSL2,CENPK,1
FOSL2,SORBS2,1
FOSL2,TBRG4,1
FOSL2,SUPT16H,1
FOSL2,CPSF6,1
FOSL2,SRSF3,1
FOSL2,PSPH,1
FOSL2,IMP4,1
FOSL2,FOXP1,1
FOSL2,DDIT4,1
FOSL2,ATL2,1
FOSL2,MRRF,1
FOSL2,C1GALT1,1
FOSL2,TMEM97,1
FOSL2,TMEM69,1
FOSL2,CFAP36,1
FOSL2,ATG4C,1
FOSL2,TADA1,1
FOSL2,PYCR1,1
FOSL2,HDAC1,1
FOSL2,HCFC1,1
FOSL2,CTSV,1
FOSL2,C3,1
FOSL2,HACL1,1
FOSL2,FANCL,1
FOSL2,IQCB1,1
FOSL2,HMGB2,1
FOSL2,TUBA1B,1
FOSL2,NME2,1
FOSL2,ELP6,1
FOSL2,HSD17B11,1
FOSL2,KATNA1,1
FOSL2,ASCC3,1
FOSL2,ZNF232,1
FOSL2,PPA2,1
FOSL2,THRAP3,1
FOSL2,PHF5A,1
FOSL2,GMPR2,1
FOSL2,XPO5,1
FOSL2,PDCD11,1
FOSL2,PIM2,1
FOSL2,METAP1,1
FOSL2,MRPS27,1
FOSL2,HSD17B14,1
FOSL2,SERPIND1,1
FOSL2,SIRT1,1
FOSL2,ZGRF1,1
FOSL2,PDE6D,1
FOSL2,CDKN3,1
FOSL2,PAPOLA,1
FOSL2,MYBBP1A,1
FOSL2,DEPDC7,1
FOSL2,CYB5B,1
FOSL2,ELMOD2,1
FOSL2,ZNF397,1
FOSL2,ZNF146,1
FOSL2,KIF23,1
FOSL2,DNASE1,1
FOSL2,CUL2,1
FOSL2,MTX2,1
FOSL2,MRPS30,1
FOSL2,MLH1,1
FOSL2,KLHL7,1
FOSL2,ZNF581,1
FOSL2,LTV1,1
FOSL2,AGT,1
FOSL2,ZNHIT3,1
FOSL2,PPP1R21,1
FOSL2,MORN2,1
FOSL2,PIH1D1,1
FOSL2,EXOSC9,1
FOSL2,USP7,1
FOSL2,PLK1,1
FOSL2,ICE2,1
FOSL2,FN1,1
FOSL2,ERAL1,1
FOSL2,MCM3,1
FOSL2,ID2,1
FOSL2,MCM2,1
FOSL2,TCERG1,1
FOSL2,NVL,1
FOSL2,FARSA,1
FOSL2,ZNF354A,1
FOSL2,CAPRIN1,1
FOSL2,POLE4,1
FOSL2,ING5,1
FOSL2,ACOX2,1
FOSL2,ZNF160,1
FOSL2,PRKCI,1
FOSL2,EYA3,1
FOSL2,SMLR1,1
FOSL2,LAPTM4B,1
FOSL2,ARL2,1
FOSL2,TAF1A,1
FOSL2,UGP2,1
FOSL2,NUP85,1
FOSL2,FUBP1,1
FOSL2,MRPL15,1
FOSL2,VTN,1
FOSL2,RFC2,1
FOSL2,DTYMK,1
FOSL2,UBE2C,1
FOSL2,STARD3NL,1
FOSL2,MSH2,1
FOSL2,KIFAP3,1
FOSL2,FABP1,1
FOSL2,GTF2F2,1
FOSL2,TUBE1,1
FOSL2,SLC38A2,1
FOSL2,EXOC5,1
FOSL2,ZDHHC4,1
FOSL2,GPATCH4,1
FOSL2,CNTRL,1
FOSL2,VIL1,1
FOSL2,DEF8,1
FOSL2,LEAP2,1
FOSL2,RFC4,1
FOSL2,R3HDM1,1
FOSL2,EXOSC3,1
FOSL2,E2F4,1
FOSL2,TGIF2,1
FOSL2,NPPB,1
FOSL2,KIF22,1
FOSL2,HIST1H1E,1
FOSL2,G2E3,1
FOSL2,APPL2,1
FOSL2,MPHOSPH9,1
FOSL2,FBL,1
FOSL2,F10,1
FOSL2,TPX2,1
FOSL2,USP45,1
FOSL2,GEMIN8,1
FOSL2,MRPL49,1
FOSL2,HAUS4,1
FOSL2,XRCC5,1
FOSL2,RBMX,1
FOSL2,RFC1,1
FOSL2,EPB41L2,1
FOSL2,MRTO4,1
FOSL2,AIMP2,1
FOSL2,PMM1,1
FOSL2,CRYZL1,1
FOSL2,FANCI,1
FOSL2,CMPK1,1
FOSL2,ASPH,1
FOSL2,PLAGL2,1
FOSL2,MEST,1
FOSL2,CNBP,1
FOSL2,USP28,1
FOSL2,TMEM37,1
FOSL2,SERTAD3,1
FOSL2,ARID2,1
FOSL2,USP1,1
FOSL2,GATAD2B,1
FOSL2,CCDC66,1
FOSL2,TM4SF5,1
FOSL2,USP10,1
FOSL2,PCIF1,1
FOSL2,OAZ2,1
FOSL2,LRRC1,1
FOSL2,RRM2B,1
FOSL2,OIP5,1
FOSL2,NUSAP1,1
FOSL2,NUP93,1
FOSL2,C9ORF78,1
FOSL2,TMEM14A,1
FOSL2,DBF4,1
FOSL2,SMARCA5,1
FOSL2,FOSB,1
FOSL2,WBP11,1
FOSL2,MRPS2,1
FOSL2,CDCA2,1
FOSL2,ESPL1,1
FOSL2,ZNF300,1
FOSL2,HMBS,1
FOSL2,GEMIN2,1
FOSL2,IFNGR1,1
FOSL2,DPH5,1
FOSL2,CDC23,1
FOSL2,C1ORF109,1
FOSL2,SAE1,1
FOSL2,BBS7,1
FOSL2,CENPE,1
FOSL2,ASNS,1
FOSL2,TMEM60,1
FOSL2,GGH,1
FOSL2,RPUSD4,1
FOSL2,HPN,1
FOSL2,FAM118B,1
FOSL2,UNC93A,1
FOSL2,PTPN12,1
FOSL2,TOPORS,1
FOSL2,PMS1,1
FOSL2,TTR,1
FOSL2,POLR3G,1
FOSL2,NCOA6,1
FOSL2,MCM8,1
FOSL2,NUDT1,1
FOSL2,PSEN1,1
FOSL2,CETN3,1
FOSL2,POP5,1
FOSL2,EPAS1,1
FOSL2,TMEM120A,1
FOSL2,NDUFAF4,1
FOSL2,PDGFA,1
FOSL2,BUB1,1
FOSL2,JARID2,1
FOSL2,RAD51,1
FOSL2,PPP1R7,1
FOSL2,DNMT3A,1
FOSL2,ZNF91,1
FOSL2,ZNF33A,1
FOSL2,NARS2,1
FOSL2,IL6ST,1
FOSL2,ELP2,1
FOSL2,ALG8,1
FOSL2,ZNF675,1
FOSL2,TCFL5,1
FOSL2,POLR1E,1
FOSL2,DHPS,1
FOSL2,SUCLA2,1
FOSL2,FMO5,1
FOSL2,CDKN1A,1
FOSL2,DECR1,1
FOSL2,APOA1,1
FOSL2,METTL5,1
FOSL2,FOXA2,1
FOSL2,ASF1A,1
FOSL2,UBE2E3,1
FOSL2,PYGL,1
FOSL2,POLD2,1
FOSL2,HMGN2,1
FOSL2,SRSF10,1
FOSL2,METTL8,1
FOSL2,ARL15,1
FOSL2,RIN2,1
FOSL2,PDGFRA,1
FOSL2,PUS7L,1
FOSL2,FLAD1,1
FOSL2,SLC25A37,1
FOSL2,AMBP,1
FOSL2,AASS,1
FOSL2,SAMHD1,1
FOSL2,CREB3L3,1
FOSL2,POLR2D,1
FOSL2,DDC,1
FOSL2,BRMS1,1
FOSL2,XRCC6,1
FOSL2,CCND1,1
FOSL2,SCPEP1,1
FOSL2,FUCA1,1
FOSL2,ZFYVE21,1
FOSL2,RAMP1,1
FOSL2,MED30,1
FOSL2,MCRS1,1
FOSL2,ZFP64,1
FOSL2,ZFHX3,1
FOSL2,THAP4,1
FOSL2,NHEJ1,1
FOSL2,EPHX2,1
FOSL2,HOOK2,1
FOSL2,DMKN,1
FOSL2,NPM1,1
FOSL2,TTK,1
FOSL2,MRPS9,1
FOSL2,GALK1,1
FOSL2,DEK,1
FOSL2,TTLL4,1
FOSL2,MPC1,1
FOSL2,ZNF638,1
FOSL2,ELOF1,1
FOSL2,THAP11,1
FOSL2,TAF7,1
FOSL2,NTMT1,1
FOSL2,DNMT1,1
FOSL2,AHR,1
FOSL2,ACSL5,1
FOSL2,H1F0,1
FOSL2,POLR2B,1
FOSL2,HNRNPAB,1
FOSL2,GATA4,1
FOSL2,SKA3,1
FOSL2,SEC22C,1
FOSL2,ACTL6A,1
FOSL2,PRIM1,1
FOSL2,TYMS,1
FOSL2,M6PR,1
FOSL2,FGG,1
FOSL2,ASGR1,1
FOSL2,APOC3,1
FOSL2,PSMD10,1
FOSL2,GGCT,1
FOSL2,NUP88,1
FOSL2,MAD2L1,1
FOSL2,HNRNPH2,1
FOSL2,TAF1B,1
FOSL2,FOXM1,1
FOSL2,POLR1C,1
FOSL2,CNOT7,1
FOSL2,MCM7,1
FOSL2,HPR,1
FOSL2,SLC39A5,1
FOSL2,RNASEH2A,1
FOSL2,RNASEH2B,1
FOSL2,F2RL1,1
FOSL2,USB1,1
FOSL2,TOP2B,1
FOSL2,U2AF1,1
FOSL2,ANAPC4,1
FOSL2,SNRNP25,1
FOSL2,RANGRF,1
FOSL2,MED14,1
FOSL2,ESCO2,1
FOSL2,ZNF101,1
FOSL2,UBE2L6,1
FOSL2,TRIM25,1
FOSL2,OGFOD1,1
FOSL2,COMMD3,1
FOSL2,NFYB,1
FOSL2,JAG1,1
FOSL2,DAXX,1
FOSL2,CREB1,1
FOSL2,RIOK3,1
FOSL2,NCAPG,1
FOSL2,EXTL2,1
FOSL2,EMP2,1
FOSL2,EBNA1BP2,1
FOSL2,SNAPC1,1
FOSL2,ZFP36,1
FOSL2,WDYHV1,1
FOSL2,TRIM27,1
FOSL2,RNF26,1
FOSL2,HP,1
FOSL2,ELOVL6,1
FOSL2,ZNF253,1
FOSL2,SMIM20,1
FOSL2,APOC2,1
FOSL2,CEBPA,1
FOSL2,LCMT1,1
FOSL2,CALML4,1
FOSL2,TRIP13,1
FOSL2,MAEA,1
FOSL2,SLC35D2,1
FOSL2,RECQL,1
FOSL2,LITAF,1
FOSL2,C6ORF203,1
FOSL2,ZNF202,1
FOSL2,PPT1,1
FOSL2,NCK1,1
FOSL2,MLXIPL,1
FOSL2,TOP2A,1
FOSL2,STEAP1,1
FOSL2,CHEK1,1
FOSL2,SMOX,1
FOSL2,SMC4,1
FOSL2,SRF,1
FOSL2,BMPR1A,1
FOSL2,WDR3,1
FOSL2,GMPS,1
FOSL2,FANCA,1
FOSL2,IMMP1L,1
FOSL2,BST2,1
FOSL2,PAPSS1,1
FOXA1,DNPEP,1
FOXA1,ECT2,1
FOXA1,ANP32E,1
FOXA1,HACL1,1
FOXA1,ELOF1,1
FOXA1,ETV5,1
FOXA1,TBL1X,1
FOXA1,PIH1D1,1
FOXA1,TDP1,1
FOXA1,DHRS3,1
FOXA1,NR2F2,1
FOXA1,BTG1,1
FOXA1,TGIF1,1
FOXA1,ITGB5,1
FOXA1,TBX3,1
FOXA1,ZFP62,1
FOXA1,MCM7,1
FOXA1,TP53INP2,1
FOXA1,RNF26,1
FOXA1,PAX6,1
FOXA1,UGT2B11,1
FOXA1,DECR1,1
FOXA1,ZWILCH,1
FOXA1,EPS8L2,1
FOXA1,HK1,1
FOXA1,CDCA7L,1
FOXA1,MSH2,1
FOXA1,NEDD4L,1
FOXA1,HERPUD1,1
FOXA1,ABCA5,1
FOXA1,COMMD3,1
FOXA1,HGD,1
FOXA1,RNF19A,1
FOXA1,MAZ,1
FOXA1,EFNA1,1
FOXA1,TFF1,1
FOXA1,UBL7,1
FOXA1,ISG20,1
FOXA1,HTATSF1,1
FOXA1,DEK,1
FOXA1,FOXP1,1
FOXA1,FAM13A,1
FOXA1,KIZ,1
FOXA1,S100A13,1
FOXA1,GATA6,1
FOXA1,HMGB2,1
FOXA1,NFIB,1
FOXA1,ING3,1
FOXA1,ZSWIM8,1
FOXA1,FAM49B,1
FOXA1,ABT1,1
FOXA1,BCAS2,1
FOXA1,TIMM9,1
FOXA1,KIAA0586,1
FOXA1,ASNSD1,1
FOXA1,DPAGT1,1
FOXA1,KLF5,1
FOXA1,SLC39A1,1
FOXA1,CREB3L4,1
FOXA1,GLUD1,1
FOXA1,AURKB,1
FOXA1,GTF3C2,1
FOXA1,G2E3,1
FOXA1,PMAIP1,1
FOXA1,RHOBTB3,1
FOXA1,NEDD1,1
FOXA1,ANG,1
FOXA1,TIPARP,1
FOXA1,RNASE4,1
FOXA1,YAF2,1
FOXA1,PPFIBP2,1
FOXA1,KLHDC2,1
FOXA1,ZGRF1,1
FOXA1,NR1H3,1
FOXA1,MRPS35,1
FOXA1,CSDE1,1
FOXA1,HMGCR,1
FOXA1,PLAC8,1
FOXA1,ANKRD1,1
FOXA1,TMEM177,1
FOXA1,MCM4,1
FOXA1,DGAT1,1
FOXA1,MPHOSPH9,1
FOXA1,F2,1
FOXA1,CDC23,1
FOXA1,TFDP2,1
FOXA1,FOXA2,1
FOXA1,SLC25A26,1
FOXA1,NUPR1,1
FOXA1,IQGAP2,1
FOXA1,SLC39A10,1
FOXA1,BUB1B,1
FOXA1,NFATC2,1
FOXA1,TUBA1B,1
FOXA1,ALB,1
FOXA1,HPN,1
FOXA1,MTUS1,1
FOXA1,PFKM,1
FOXA1,BRIP1,1
FOXA1,GPRC5C,1
FOXA1,TTR,1
FOXA1,DPP4,1
FOXA1,MYO10,1
FOXA1,CRBN,1
FOXA1,MCM6,1
FOXA1,TTI2,1
FOXA1,IFNGR1,1
FOXA1,RIN2,1
FOXA1,ASPH,1
FOXA1,KEAP1,1
FOXA1,KIF20A,1
FOXA1,SLC38A2,1
FOXA1,MED30,1
FOXA1,SLC7A6,1
FOXA1,IL6ST,1
FOXA1,CNBP,1
FOXA1,VEZF1,1
FOXA1,DEF8,1
FOXA1,TUBE1,1
FOXA1,ZNF397,1
FOXA1,TBCB,1
FOXA1,POLR2I,1
FOXA1,HIST1H4C,1
FOXA1,SMAD2,1
FOXA1,DBF4,1
FOXA1,KPNA2,1
FOXA1,TMEM126B,1
FOXA1,TTF2,1
FOXA1,PPP1CC,1
FOXA1,TSFM,1
FOXA1,CMPK1,1
FOXA1,ILF3,1
FOXA1,SMLR1,1
FOXA1,APPL2,1
FOXA1,ASCC3,1
FOXA1,SKIL,1
FOXA1,SLC5A6,1
FOXA1,BBS9,1
FOXA1,S100A16,1
FOXA1,PDZK1,1
FOXA1,FMO5,1
FOXA1,JMJD1C,1
FOXA1,DLGAP5,1
FOXA1,IGF1R,1
FOXA1,ATF3,1
FOXA1,PDCD4,1
FOXA1,ACOT7,1
FOXA1,MYL6B,1
FOXA1,FXR1,1
FOXA1,POLR1C,1
FOXA1,SRF,1
FOXA1,TPD52L1,1
FOXA1,NFKBIZ,1
FOXA1,RAD51AP1,1
FOXA1,RFX5,1
FOXA1,RAI14,1
FOXA1,YEATS4,1
FOXA1,EPB41L2,1
FOXA1,TADA1,1
FOXA1,JUND,1
FOXA1,NIF3L1,1
FOXA1,PIK3R1,1
FOXA1,SPDL1,1
FOXA1,RCAN1,1
FOXA1,CDCA2,1
FOXA1,SRSF3,1
FOXA1,SUPT16H,1
FOXA1,TTC39C,1
FOXA1,ELMOD2,1
FOXA1,ETV4,1
FOXA1,CREB3L2,1
FOXA1,PSIP1,1
FOXA1,IDI1,1
FOXA1,MPHOSPH6,1
FOXA1,NODAL,1
FOXA1,MCRS1,1
FOXA1,MRPL1,1
FOXA1,LMO7,1
FOXA1,CENPU,1
FOXA1,METTL3,1
FOXA1,CENPF,1
FOXA1,FOSB,1
FOXA1,WDR3,1
FOXA1,E2F3,1
FOXA1,PAFAH1B3,1
FOXA1,RBPJ,1
FOXA1,TK1,1
FOXA1,NUP35,1
FOXA1,TBC1D1,1
FOXA1,EXOSC5,1
FOXA1,NUF2,1
FOXA1,OPA1,1
FOXA1,CEP70,1
FOXA1,RIOK3,1
FOXA1,CKAP2,1
FOXA1,MAFF,1
FOXA1,CMSS1,1
FOXA1,HAVCR1,1
FOXA1,WBP11,1
FOXA1,HAUS1,1
FOXA1,CCDC66,1
FOXA1,HMGN3,1
FOXA1,QPCT,1
FOXA1,SF3A3,1
FOXA1,UTP18,1
FOXA1,PPIL1,1
FOXA1,ACOX2,1
FOXA1,HNRNPUL1,1
FOXA1,AEBP2,1
FOXA1,F2RL1,1
FOXA1,DTWD1,1
FOXA1,NME1,1
FOXA1,CUTC,1
FOXA1,MGST2,1
FOXA1,NCAPG,1
FOXA1,SORBS2,1
FOXA1,PMS1,1
FOXA1,RRM2B,1
FOXA1,THRB,1
FOXA1,RBP4,1
FOXA1,MYC,1
FOXA1,PHF5A,1
FOXA1,MIS18BP1,1
FOXA1,PLAA,1
FOXA1,JARID2,1
FOXA1,DDX5,1
FOXA1,INMT,1
FOXA1,VPS72,1
FOXA1,ZNF770,1
FOXA1,SUPV3L1,1
FOXA1,ZNF567,1
FOXA1,SLC35B4,1
FOXA1,HSD17B11,1
FOXA1,COPS5,1
FOXA1,MRPL49,1
FOXA1,PIM2,1
FOXA1,CACYBP,1
FOXA1,TF,1
FOXA1,MYOF,1
FOXA1,RBM39,1
FOXA1,CCDC77,1
FOXA1,TCF25,1
FOXA1,BPTF,1
FOXA1,MTF2,1
FOXA1,DAB2,1
FOXA1,NDUFAF5,1
FOXA1,BZW2,1
FOXA1,MRPS30,1
FOXA1,CHAF1A,1
FOXA1,PEMT,1
FOXA1,SMARCD2,1
FOXA1,NOL11,1
FOXA1,THYN1,1
FOXA1,TOP2B,1
FOXA1,KATNA1,1
FOXA1,SEC22C,1
FOXA1,TRNT1,1
FOXA1,HMGN4,1
FOXA1,CD320,1
FOXA1,APEX1,1
FOXA1,THAP1,1
FOXA1,SLC25A11,1
FOXA1,AXL,1
FOXA1,C11ORF74,1
FOXA1,KNTC1,1
FOXA1,AASS,1
FOXA1,NUP107,1
FOXA1,BTF3,1
FOXA1,RUVBL2,1
FOXA1,TBPL1,1
FOXA1,SGK1,1
FOXA1,PLK1,1
FOXA1,GSN,1
FOXA1,EEF1E1,1
FOXA1,TRIM27,1
FOXA1,PYGL,1
FOXA1,HMGCS2,1
FOXA1,CTSV,1
FOXA1,AHSG,1
FOXA1,ORC4,1
FOXA1,ILF2,1
FOXA1,FGA,1
FOXA1,ARL14EP,1
FOXA1,GGH,1
FOXA1,FABP1,1
FOXA1,MAD2L1BP,1
FOXA1,TIPIN,1
FOXA1,HNRNPD,1
FOXA1,RNASEH2B,1
FOXA1,DDX54,1
FOXA1,ASF1A,1
FOXA1,FOXM1,1
FOXA1,VTN,1
FOXA1,ZNF260,1
FOXA1,PWP1,1
FOXA1,TM4SF4,1
FOXA1,AARS,1
FOXA1,CDK5RAP1,1
FOXA1,FANCA,1
FOXA1,FANCD2,1
FOXA1,KIF20B,1
FOXA1,UBE2E3,1
FOXA1,PCIF1,1
FOXA1,EEF1A1,1
FOXA1,DCLRE1C,1
FOXA1,SNAPC1,1
FOXA1,ZNF670,1
FOXA1,BDP1,1
FOXA1,TIMM50,1
FOXA1,UCHL5,1
FOXA1,PNPT1,1
FOXA1,TFRC,1
FOXA1,AURKA,1
FOXA1,NBAS,1
FOXA1,WDR75,1
FOXA1,MRPL2,1
FOXA1,KLC4,1
FOXA1,TP53,1
FOXA1,FOXO1,1
FOXA1,UPP1,1
FOXA1,THRAP3,1
FOXA1,NAA25,1
FOXA1,TPX2,1
FOXA1,GATAD2B,1
FOXA1,PRKCE,1
FOXA1,HNRNPH3,1
FOXA1,SAE1,1
FOXA1,SIRT2,1
FOXA1,NUP88,1
FOXA1,USP1,1
FOXA1,CDK5RAP2,1
FOXA1,WDR74,1
FOXA1,SERPIND1,1
FOXA1,HPX,1
FOXA1,ICE2,1
FOXA1,ALG8,1
FOXA1,PA2G4,1
FOXA1,ATIC,1
FOXA1,ZNF143,1
FOXA1,CLDN4,1
FOXA1,TERF1,1
FOXA1,SERTAD3,1
FOXA1,G6PC3,1
FOXA1,GTF2H2,1
FOXA1,MAT2B,1
FOXA1,DNAH14,1
FOXA1,PISD,1
FOXA1,MRRF,1
FOXA1,HIST1H2BC,1
FOXA1,CDCA3,1
FOXA1,TATDN3,1
FOXA1,ARL15,1
FOXA1,TAF1B,1
FOXA1,AKR1C3,1
FOXA1,KAT7,1
FOXA1,KNG1,1
FOXA1,GALM,1
FOXA1,ING5,1
FOXA1,TBC1D31,1
FOXA1,CEBPZ,1
FOXA1,C11ORF54,1
FOXA1,SP100,1
FOXA1,HNRNPK,1
FOXA1,NUDCD1,1
FOXA1,XRCC5,1
FOXA1,TPGS2,1
FOXA1,IFRD2,1
FOXA1,DRAP1,1
FOXA1,AMZ2,1
FOXA1,GTF2H3,1
FOXA1,A1CF,1
FOXA1,HSD17B2,1
FOXA1,DTYMK,1
FOXA1,SHMT2,1
FOXA1,SRSF2,1
FOXA1,NEK2,1
FOXA1,FANCI,1
FOXA1,MCM3,1
FOXA1,SPINK1,1
FOXA1,COPS7B,1
FOXA1,TWISTNB,1
FOXA1,POLD3,1
FOXA1,TSR1,1
FOXA1,GEMIN2,1
FOXA1,GMPR2,1
FOXA1,SS18,1
FOXA1,FANCL,1
FOXA1,PCNA,1
FOXA1,RBBP4,1
FOXA1,NCOA6,1
FOXA1,PEX19,1
FOXA1,ZNF644,1
FOXA1,MBIP,1
FOXA1,NOP16,1
FOXA1,GNPNAT1,1
FOXA1,DCTPP1,1
FOXA1,RAD51,1
FOXA1,DNMT3B,1
FOXA1,TMEM41A,1
FOXA1,NVL,1
FOXA1,NIP7,1
FOXA1,CDK2AP1,1
FOXA1,CREG1,1
FOXA1,EFTUD2,1
FOXA1,NTMT1,1
FOXA1,OGFOD1,1
FOXA1,ATG4C,1
FOXA1,SP4,1
FOXA1,RAB28,1
FOXA1,PROSER1,1
FOXA1,CAAP1,1
FOXA1,MRPL16,1
FOXA1,SPAG9,1
FOXA1,DSN1,1
FOXA1,UGP2,1
FOXA1,NUP54,1
FOXA1,TTLL4,1
FOXA1,AFF4,1
FOXA1,SVIL,1
FOXA1,ACTL6A,1
FOXA1,RRM1,1
FOXA1,MDK,1
FOXA1,C1ORF109,1
FOXA1,IFT52,1
FOXA1,SIRT1,1
FOXA1,HAT1,1
FOXA1,KIF22,1
FOXA1,WDR43,1
FOXA1,E2F4,1
FOXA1,DHPS,1
FOXA1,ATG101,1
FOXA1,COPS7A,1
FOXA1,FLAD1,1
FOXA1,MAF,1
FOXA1,ERAL1,1
FOXA1,APOA1,1
FOXA1,RPUSD4,1
FOXA1,FAM118B,1
FOXA1,MMS22L,1
FOXA1,TTK,1
FOXA1,HNF4A,1
FOXA1,POLR2D,1
FOXA1,ELP2,1
FOXA1,RFC4,1
FOXA1,MEP1A,1
FOXA1,FOSL2,1
FOXA1,NUP93,1
FOXA1,SMARCA5,1
FOXA1,TAF11,1
FOXA1,CENPK,1
FOXA1,MTERF3,1
FOXA1,CNTRL,1
FOXA1,CDC6,1
FOXA1,ZNF354A,1
FOXA1,TDP2,1
FOXA1,ING1,1
FOXA1,SOX2,1
FOXA1,EED,1
FOXA1,APOA2,1
FOXA1,SNRPB,1
FOXA1,MRPL15,1
FOXA1,GCHFR,1
FOXA1,PRKCI,1
FOXA1,PARPBP,1
FOXA1,NUP37,1
FOXA1,GEMIN7,1
FOXA1,AAMP,1
FOXA1,KIFAP3,1
FOXA1,APOB,1
FOXA1,SUGCT,1
FOXA1,DEDD,1
FOXA1,HJURP,1
FOXA1,ZNRD1,1
FOXA1,ASNS,1
FOXA1,C11ORF1,1
FOXA1,TAF1A,1
FOXA1,POLR2K,1
FOXA1,EIF5B,1
FOXA1,NR5A2,1
FOXA1,MXD1,1
FOXA1,PRMT5,1
FOXA1,DDX20,1
FOXA1,CXXC1,1
FOXA1,HMGA2,1
FOXA1,TXNDC9,1
FOXA1,PLAGL2,1
FOXA1,MTIF2,1
FOXA1,GGPS1,1
FOXA1,UCP2,1
FOXA1,TEX10,1
FOXA1,LTV1,1
FOXA1,BIRC5,1
FOXA1,DCAF13,1
FOXA1,VCAN,1
FOXA1,CCDC88A,1
FOXA1,USP45,1
FOXA1,KLHL7,1
FOXA1,COPS2,1
FOXA1,ZFP64,1
FOXA1,CHEK2,1
FOXA1,MAPK1,1
FOXA1,ACSL5,1
FOXA1,SDAD1,1
FOXA1,IDH3B,1
FOXA1,NAA16,1
FOXA1,ZSWIM7,1
FOXA1,WDR12,1
FOXA1,XPO5,1
FOXA1,ELOVL6,1
FOXA1,LEAP2,1
FOXA1,USP28,1
FOXA1,HPR,1
FOXA1,ELF1,1
FOXA1,TMEM237,1
FOXA1,RFC1,1
FOXA1,IRF3,1
FOXA1,SLC7A7,1
FOXA1,CHCHD6,1
FOXA1,IFITM2,1
FOXA1,GALE,1
FOXA1,IRF1,1
FOXA1,THOC1,1
FOXA1,ZNF253,1
FOXA1,IMP4,1
FOXA1,ZNF146,1
FOXA1,M6PR,1
FOXA1,RSU1,1
FOXA1,ATG3,1
FOXA1,METAP1,1
FOXA1,GGCT,1
FOXA1,TTC4,1
FOXA1,HMGN2,1
FOXA1,SEPT10,1
FOXA1,ARSE,1
FOXA1,UQCC1,1
FOXA1,CTDSPL,1
FOXA1,METTL5,1
FOXA1,ESCO2,1
FOXA1,HP,1
FOXA1,PTGR1,1
FOXA1,BRCA1,1
FOXA1,MED20,1
FOXA1,S100PBP,1
FOXA1,C17ORF75,1
FOXA1,POLR1B,1
FOXA1,AAR2,1
FOXA1,CCND1,1
FOXA1,PSME3,1
FOXA1,SAAL1,1
FOXA1,ENO2,1
FOXA1,CUL2,1
FOXA1,ECD,1
FOXA1,PLG,1
FOXA1,VPS33A,1
FOXA1,IRF9,1
FOXA1,CCNB2,1
FOXA1,ACADSB,1
FOXA1,GPN1,1
FOXA1,DOT1L,1
FOXA1,CENPN,1
FOXA1,MRPS27,1
FOXA1,TRMT1,1
FOXA1,PHB2,1
FOXA1,EMG1,1
FOXA1,METTL1,1
FOXA1,HDAC1,1
FOXA1,ASXL1,1
FOXA1,ATL2,1
FOXA1,PDE6D,1
FOXA1,FASTKD2,1
FOXA1,YARS,1
FOXA1,EIF2B3,1
FOXA1,HARS,1
FOXA1,DNMT1,1
FOXA1,CENPE,1
FOXA1,DNAJC2,1
FOXA1,MRPS11,1
FOXA1,ZNF74,1
FOXA1,HIBCH,1
FOXA1,FAM114A1,1
FOXA1,CDKN1A,1
FOXA1,TMEM14A,1
FOXA1,LEFTY1,1
FOXA1,CDC20,1
FOXA1,EXOSC1,1
FOXA1,ASGR1,1
FOXA1,ZNF398,1
FOXA1,PPCDC,1
FOXA1,AMBP,1
FOXA1,ZNF300,1
FOXA1,MECR,1
FOXA1,TIMMDC1,1
FOXA1,PLA2G12B,1
FOXA1,PAK1IP1,1
FOXA1,KIF23,1
FOXA1,POLE2,1
FOXA1,LRRC40,1
FOXA1,UTP15,1
FOXA1,CDK4,1
FOXA1,ZNF766,1
FOXA1,NOSIP,1
FOXA1,PUS7L,1
FOXA1,CHD8,1
FOXA1,TMEM150C,1
FOXA1,PSEN1,1
FOXA1,METTL21A,1
FOXA1,LCMT1,1
FOXA1,FUBP1,1
FOXA1,HIF1AN,1
FOXA1,TARDBP,1
FOXA1,PSPH,1
FOXA1,RIOK1,1
FOXA1,C6ORF203,1
FOXA1,GYG1,1
FOXA1,ARL2,1
FOXA1,MLST8,1
FOXA1,ANXA4,1
FOXA1,PDCD11,1
FOXA1,POLR3G,1
FOXA1,DDC,1
FOXA1,ZNF217,1
FOXA1,RUVBL1,1
FOXA1,ESPL1,1
FOXA1,MTHFD2,1
FOXA1,UNC93A,1
FOXA1,ORC5,1
FOXA1,POLE4,1
FOXA1,MTX2,1
FOXA1,MST1,1
FOXA1,TCFL5,1
FOXA1,PIGH,1
FOXA1,ZRANB2,1
FOXA1,USP39,1
FOXA1,CAPG,1
FOXA1,MCM8,1
FOXA1,XPO6,1
FOXA1,SQLE,1
FOXA1,ECHDC1,1
FOXA1,CETN3,1
FOXA1,STEAP1,1
FOXA1,NDUFAF4,1
FOXA1,EYA3,1
FOXA1,DHCR7,1
FOXA1,NAA50,1
FOXA1,COQ3,1
FOXA1,PPA2,1
FOXA1,C1GALT1,1
FOXA1,SIAE,1
FOXA1,METTL8,1
FOXA1,MRPS2,1
FOXA1,NOL10,1
FOXA1,POLR2L,1
FOXA1,CEBPA,1
FOXA1,BMPR1A,1
FOXA1,TMEM69,1
FOXA1,TNFAIP3,1
FOXA1,AGT,1
FOXA1,EWSR1,1
FOXA1,MT1X,1
FOXA1,LIAS,1
FOXA1,ECHDC2,1
FOXA1,C12ORF10,1
FOXA1,CTSE,1
FOXA1,NNT,1
FOXA1,HMGCL,1
FOXA1,B4GALT3,1
FOXA1,PPAT,1
FOXA1,ZNF101,1
FOXA1,HIST1H1C,1
FOXA1,USP10,1
FOXA1,DNMT3A,1
FOXA1,TRERF1,1
FOXA1,PSMB10,1
FOXA1,ZNF638,1
FOXA1,GTF2E1,1
FOXA1,GATA4,1
FOXA1,DMKN,1
FOXA1,PCID2,1
FOXA1,HIST1H1E,1
FOXA1,FN1,1
FOXA1,MORN2,1
FOXA1,EMP2,1
FOXA1,CAMK2D,1
FOXA1,TM4SF5,1
FOXA1,PPP2R1B,1
FOXA1,TYMS,1
FOXA1,ACY1,1
FOXA1,CTPS1,1
FOXA1,LRRC1,1
FOXA1,BCKDK,1
FOXA1,FGG,1
FOXA1,ENO1,1
FOXA1,CMC2,1
FOXA1,F10,1
FOXA1,MYCN,1
FOXA1,SULT1A2,1
FOXA1,CFAP36,1
FOXA1,APOC3,1
FOXA1,SERPINF1,1
FOXA1,IFITM3,1
FOXA1,CNOT10,1
FOXA1,NR1I3,1
FOXA1,C3,1
FOXA1,TGIF2,1
FOXA1,APOC1,1
FOXA1,IL32,1
FOXA1,AFP,1
FOXA1,PEG3,1
FOXA1,APOC2,1
FOXA1,VIL1,1
FOXA2,ECT2,1
FOXA2,HACL1,1
FOXA2,ETV5,1
FOXA2,DNPEP,1
FOXA2,MSH2,1
FOXA2,TDP1,1
FOXA2,MCM7,1
FOXA2,TBL1X,1
FOXA2,ELOF1,1
FOXA2,ITGB5,1
FOXA2,TBX3,1
FOXA2,PAX6,1
FOXA2,KLF5,1
FOXA2,NEDD4L,1
FOXA2,PIH1D1,1
FOXA2,BTG1,1
FOXA2,HERPUD1,1
FOXA2,TGIF1,1
FOXA2,RNF26,1
FOXA2,DHRS3,1
FOXA2,ABCA5,1
FOXA2,DEK,1
FOXA2,AXL,1
FOXA2,GATA6,1
FOXA2,EFNA1,1
FOXA2,KIZ,1
FOXA2,ANKRD1,1
FOXA2,MAZ,1
FOXA2,FAM13A,1
FOXA2,HMGB2,1
FOXA2,MCM6,1
FOXA2,UBL7,1
FOXA2,ABT1,1
FOXA2,G2E3,1
FOXA2,ISG20,1
FOXA2,ZFP62,1
FOXA2,NEDD1,1
FOXA2,COMMD3,1
FOXA2,FOXP1,1
FOXA2,ANP32E,1
FOXA2,ASNSD1,1
FOXA2,GTF3C2,1
FOXA2,ZWILCH,1
FOXA2,TCF4,1
FOXA2,S100A13,1
FOXA2,SLC39A10,1
FOXA2,VEZF1,1
FOXA2,RHOBTB3,1
FOXA2,ZGRF1,1
FOXA2,HNF4A,1
FOXA2,HIST1H4C,1
FOXA2,MPHOSPH9,1
FOXA2,SRF,1
FOXA2,EPS8L2,1
FOXA2,F2,1
FOXA2,YAF2,1
FOXA2,AURKB,1
FOXA2,PDCD4,1
FOXA2,MGST2,1
FOXA2,TP53INP2,1
FOXA2,SLC7A6,1
FOXA2,HTATSF1,1
FOXA2,GGH,1
FOXA2,RCAN1,1
FOXA2,PLAC8,1
FOXA2,CRBN,1
FOXA2,KLHDC2,1
FOXA2,NODAL,1
FOXA2,DGAT1,1
FOXA2,MCM4,1
FOXA2,TFDP2,1
FOXA2,MED30,1
FOXA2,HGD,1
FOXA2,ZSWIM8,1
FOXA2,APOB,1
FOXA2,SLC38A2,1
FOXA2,SLC39A1,1
FOXA2,ING3,1
FOXA2,POLR1C,1
FOXA2,CREB3L4,1
FOXA2,TIPARP,1
FOXA2,APOA1,1
FOXA2,SLC35D2,1
FOXA2,SLC5A6,1
FOXA2,BCAS2,1
FOXA2,TBCB,1
FOXA2,POLR2I,1
FOXA2,CDCA7L,1
FOXA2,NR1H3,1
FOXA2,TTI2,1
FOXA2,VTN,1
FOXA2,MTUS1,1
FOXA2,DECR1,1
FOXA2,PBX1,1
FOXA2,SMAD2,1
FOXA2,NR2F2,1
FOXA2,SAAL1,1
FOXA2,TIMM9,1
FOXA2,KIAA0586,1
FOXA2,UBE2E3,1
FOXA2,PPP1CC,1
FOXA2,CDCA2,1
FOXA2,PMAIP1,1
FOXA2,CNBP,1
FOXA2,FGA,1
FOXA2,ZNF397,1
FOXA2,MYO10,1
FOXA2,QPCT,1
FOXA2,DEF8,1
FOXA2,IGF1R,1
FOXA2,NFATC2,1
FOXA2,CMSS1,1
FOXA2,JARID2,1
FOXA2,CTSV,1
FOXA2,RAD51AP1,1
FOXA2,DPP4,1
FOXA2,CSDE1,1
FOXA2,TUBE1,1
FOXA2,CENPU,1
FOXA2,JMJD1C,1
FOXA2,RNASE4,1
FOXA2,ANG,1
FOXA2,HAVCR1,1
FOXA2,DBF4,1
FOXA2,ASCC3,1
FOXA2,ACOT7,1
FOXA2,LMO7,1
FOXA2,TUBA1B,1
FOXA2,MTF2,1
FOXA2,GPRC5C,1
FOXA2,BBS9,1
FOXA2,MPHOSPH6,1
FOXA2,FXR1,1
FOXA2,FAM49B,1
FOXA2,TBC1D1,1
FOXA2,APPL2,1
FOXA2,FABP1,1
FOXA2,WBP11,1
FOXA2,SRSF3,1
FOXA2,TK1,1
FOXA2,TCF25,1
FOXA2,GLUD1,1
FOXA2,SMAD3,1
FOXA2,UTP18,1
FOXA2,COMMD10,1
FOXA2,MRPS35,1
FOXA2,EPSTI1,1
FOXA2,HSD17B11,1
FOXA2,BTF3,1
FOXA2,CEP70,1
FOXA2,CREB3L2,1
FOXA2,TPGS2,1
FOXA2,SLC25A26,1
FOXA2,CHAF1A,1
FOXA2,DERA,1
FOXA2,DTWD1,1
FOXA2,HK1,1
FOXA2,TOP2B,1
FOXA2,TTC39C,1
FOXA2,UGT2B11,1
FOXA2,HNRNPH3,1
FOXA2,KIF20A,1
FOXA2,FOXM1,1
FOXA2,ILF3,1
FOXA2,CDC23,1
FOXA2,TADA1,1
FOXA2,DDX5,1
FOXA2,KPNA2,1
FOXA2,THAP1,1
FOXA2,CCDC66,1
FOXA2,HDGF,1
FOXA2,NDUFAF5,1
FOXA2,SH3BGR,1
FOXA2,UBE2L6,1
FOXA2,C11ORF54,1
FOXA2,BZW2,1
FOXA2,HMGCR,1
FOXA2,HPN,1
FOXA2,ZNF770,1
FOXA2,ACOX2,1
FOXA2,SF3A3,1
FOXA2,AASS,1
FOXA2,TF,1
FOXA2,FOXA1,1
FOXA2,UGP2,1
FOXA2,IL6ST,1
FOXA2,HNRNPUL1,1
FOXA2,ELMOD2,1
FOXA2,MAT2B,1
FOXA2,FOSB,1
FOXA2,EPB41L2,1
FOXA2,ZNF567,1
FOXA2,NCOA6,1
FOXA2,OGFOD1,1
FOXA2,GEMIN7,1
FOXA2,F2RL1,1
FOXA2,SUPT16H,1
FOXA2,PIK3R1,1
FOXA2,PFKM,1
FOXA2,PSIP1,1
FOXA2,HNRNPK,1
FOXA2,DCAF13,1
FOXA2,HEXB,1
FOXA2,PTP4A1,1
FOXA2,HMGN3,1
FOXA2,SLC35B4,1
FOXA2,DAB2,1
FOXA2,ZNF644,1
FOXA2,NR5A2,1
FOXA2,NAA16,1
FOXA2,EXOSC5,1
FOXA2,BRIP1,1
FOXA2,TFF1,1
FOXA2,NFKBIZ,1
FOXA2,HIST1H2BC,1
FOXA2,UPP1,1
FOXA2,OPA1,1
FOXA2,NUF2,1
FOXA2,GSN,1
FOXA2,PPFIBP2,1
FOXA2,DDX54,1
FOXA2,BUB1B,1
FOXA2,NME1,1
FOXA2,TMEM237,1
FOXA2,NIF3L1,1
FOXA2,CMPK1,1
FOXA2,HPX,1
FOXA2,TTLL4,1
FOXA2,TRIM59,1
FOXA2,WDR3,1
FOXA2,MIS18BP1,1
FOXA2,TMEM126B,1
FOXA2,ASF1A,1
FOXA2,RBM39,1
FOXA2,NUPR1,1
FOXA2,KEAP1,1
FOXA2,ZNF143,1
FOXA2,IDI1,1
FOXA2,HJURP,1
FOXA2,NCAPG,1
FOXA2,ZNF260,1
FOXA2,ZFP64,1
FOXA2,RBPJ,1
FOXA2,COPS7B,1
FOXA2,SRSF2,1
FOXA2,MAFF,1
FOXA2,PMS1,1
FOXA2,ADNP,1
FOXA2,PEMT,1
FOXA2,PLAA,1
FOXA2,EEF1A1,1
FOXA2,DPAGT1,1
FOXA2,SCAPER,1
FOXA2,MXD1,1
FOXA2,ELOVL5,1
FOXA2,MYL6B,1
FOXA2,SPDL1,1
FOXA2,SUPV3L1,1
FOXA2,SSBP2,1
FOXA2,ARL14EP,1
FOXA2,TSFM,1
FOXA2,PWP1,1
FOXA2,NREP,1
FOXA2,PNPT1,1
FOXA2,TATDN3,1
FOXA2,CCDC77,1
FOXA2,RNF19A,1
FOXA2,MRPL1,1
FOXA2,LRR1,1
FOXA2,ATP2C1,1
FOXA2,ELOVL6,1
FOXA2,FMO5,1
FOXA2,AHSG,1
FOXA2,MYOF,1
FOXA2,CDK5RAP1,1
FOXA2,APOA2,1
FOXA2,METTL3,1
FOXA2,PPIL1,1
FOXA2,ZNF561,1
FOXA2,KATNA1,1
FOXA2,SMLR1,1
FOXA2,SPAG9,1
FOXA2,ERCC8,1
FOXA2,ZSWIM7,1
FOXA2,CDCA3,1
FOXA2,HMGN4,1
FOXA2,ORC4,1
FOXA2,PCIF1,1
FOXA2,PRMT5,1
FOXA2,CCDC88A,1
FOXA2,RNASEH2B,1
FOXA2,YEATS4,1
FOXA2,DUT,1
FOXA2,POLD3,1
FOXA2,ZNF670,1
FOXA2,RBBP4,1
FOXA2,PROSER1,1
FOXA2,NUDCD1,1
FOXA2,BDP1,1
FOXA2,TP53,1
FOXA2,NUDT15,1
FOXA2,ICE2,1
FOXA2,CACYBP,1
FOXA2,PSME3,1
FOXA2,RIOK1,1
FOXA2,SORBS2,1
FOXA2,CUTC,1
FOXA2,CKAP2,1
FOXA2,CEBPZ,1
FOXA2,RBP4,1
FOXA2,ARL15,1
FOXA2,AEBP2,1
FOXA2,NOL11,1
FOXA2,SS18,1
FOXA2,KIF20B,1
FOXA2,FANCD2,1
FOXA2,ECHDC1,1
FOXA2,ZNF227,1
FOXA2,ZNF638,1
FOXA2,RRM2B,1
FOXA2,GABPB1,1
FOXA2,PIM2,1
FOXA2,MRRF,1
FOXA2,SUCLA2,1
FOXA2,COPS5,1
FOXA2,SLC29A1,1
FOXA2,ACADSB,1
FOXA2,AURKA,1
FOXA2,ACTL6A,1
FOXA2,KNG1,1
FOXA2,EIF5B,1
FOXA2,CDK2AP1,1
FOXA2,MRPS30,1
FOXA2,ETV1,1
FOXA2,POU2F1,1
FOXA2,PFN2,1
FOXA2,UCHL5,1
FOXA2,FANCL,1
FOXA2,NUP107,1
FOXA2,HNRNPD,1
FOXA2,ETV4,1
FOXA2,ATL2,1
FOXA2,RPUSD4,1
FOXA2,FAM118B,1
FOXA2,MBIP,1
FOXA2,NUP54,1
FOXA2,DDIT4,1
FOXA2,RFX5,1
FOXA2,TWISTNB,1
FOXA2,SYTL2,1
FOXA2,SEC22C,1
FOXA2,RAD54B,1
FOXA2,VPS72,1
FOXA2,ASGR1,1
FOXA2,WDR43,1
FOXA2,JUN,1
FOXA2,VCAN,1
FOXA2,STARD3NL,1
FOXA2,KAT7,1
FOXA2,FLRT3,1
FOXA2,TAF1B,1
FOXA2,DLGAP5,1
FOXA2,ELP2,1
FOXA2,EFTUD2,1
FOXA2,ARL2,1
FOXA2,MRPL16,1
FOXA2,PHF5A,1
FOXA2,TRIAP1,1
FOXA2,TTF2,1
FOXA2,NBAS,1
FOXA2,KNTC1,1
FOXA2,GPN1,1
FOXA2,ATF3,1
FOXA2,AHR,1
FOXA2,THRB,1
FOXA2,IFNGR1,1
FOXA2,RFC1,1
FOXA2,MEP1A,1
FOXA2,NUP88,1
FOXA2,POLR3D,1
FOXA2,SGK1,1
FOXA2,LIAS,1
FOXA2,HAUS1,1
FOXA2,PCNA,1
FOXA2,ORC5,1
FOXA2,MTMR2,1
FOXA2,ASPH,1
FOXA2,PARPBP,1
FOXA2,NUP37,1
FOXA2,SNRPB,1
FOXA2,TERF1,1
FOXA2,ATG5,1
FOXA2,ACSL5,1
FOXA2,TBPL1,1
FOXA2,USP1,1
FOXA2,PDZK1,1
FOXA2,UBLCP1,1
FOXA2,POLR1D,1
FOXA2,HIST1H1C,1
FOXA2,ATG4C,1
FOXA2,AATF,1
FOXA2,PON2,1
FOXA2,GATA4,1
FOXA2,CENPK,1
FOXA2,PYGL,1
FOXA2,GXYLT2,1
FOXA2,SERPIND1,1
FOXA2,SMARCC1,1
FOXA2,AKR1C3,1
FOXA2,CMC1,1
FOXA2,CAAP1,1
FOXA2,ANXA4,1
FOXA2,SKIL,1
FOXA2,WDHD1,1
FOXA2,AIMP2,1
FOXA2,METTL5,1
FOXA2,IQGAP2,1
FOXA2,LTV1,1
FOXA2,SRSF1,1
FOXA2,LIFR,1
FOXA2,CHD8,1
FOXA2,AMZ2,1
FOXA2,ZNF766,1
FOXA2,NOP16,1
FOXA2,TEX10,1
FOXA2,DDX20,1
FOXA2,SIRT1,1
FOXA2,TBRG4,1
FOXA2,ECD,1
FOXA2,CNOT7,1
FOXA2,TIPIN,1
FOXA2,SIRT2,1
FOXA2,EED,1
FOXA2,ANXA3,1
FOXA2,M6PR,1
FOXA2,E2F7,1
FOXA2,SMARCD2,1
FOXA2,KLHL7,1
FOXA2,RUVBL2,1
FOXA2,TXNDC9,1
FOXA2,TTK,1
FOXA2,CBX3,1
FOXA2,PCID2,1
FOXA2,MAD2L1,1
FOXA2,GMPS,1
FOXA2,EXOSC3,1
FOXA2,DEDD,1
FOXA2,TRNT1,1
FOXA2,MLF1,1
FOXA2,CHEK2,1
FOXA2,NUP93,1
FOXA2,AFF4,1
FOXA2,TMEM41A,1
FOXA2,CTSC,1
FOXA2,AAR2,1
FOXA2,HPR,1
FOXA2,PISD,1
FOXA2,HP,1
FOXA2,NAA25,1
FOXA2,DCUN1D5,1
FOXA2,GTF2H2,1
FOXA2,MRPL15,1
FOXA2,WDR12,1
FOXA2,RAB28,1
FOXA2,POLE4,1
FOXA2,COPS2,1
FOXA2,PRKCE,1
FOXA2,ZNHIT3,1
FOXA2,IDH3B,1
FOXA2,CHEK1,1
FOXA2,TTC4,1
FOXA2,CTDSPL,1
FOXA2,RRM1,1
FOXA2,MTHFD2,1
FOXA2,ING1,1
FOXA2,MDK,1
FOXA2,MED20,1
FOXA2,ANLN,1
FOXA2,PRC1,1
FOXA2,C11ORF74,1
FOXA2,RAD51,1
FOXA2,DNAJB9,1
FOXA2,U2AF1,1
FOXA2,TTR,1
FOXA2,SUGCT,1
FOXA2,TIMMDC1,1
FOXA2,TPD52L1,1
FOXA2,TDP2,1
FOXA2,GDAP1,1
FOXA2,PSMG1,1
FOXA2,SMARCA5,1
FOXA2,TAF7,1
FOXA2,E2F3,1
FOXA2,PEX19,1
FOXA2,NCK1,1
FOXA2,ZNF160,1
FOXA2,NDC80,1
FOXA2,HMGN2,1
FOXA2,ASXL1,1
FOXA2,CCDC82,1
FOXA2,NDUFAF4,1
FOXA2,TRERF1,1
FOXA2,SMC2,1
FOXA2,HMGA2,1
FOXA2,FOXO1,1
FOXA2,CDK5RAP2,1
FOXA2,C11ORF1,1
FOXA2,MGME1,1
FOXA2,RAI14,1
FOXA2,JUND,1
FOXA2,MAD2L1BP,1
FOXA2,SMARCE1,1
FOXA2,HCFC1,1
FOXA2,ICA1,1
FOXA2,IVNS1ABP,1
FOXA2,XRCC5,1
FOXA2,CLDN4,1
FOXA2,THYN1,1
FOXA2,DR1,1
FOXA2,GALM,1
FOXA2,MRPS9,1
FOXA2,MMS22L,1
FOXA2,PA2G4,1
FOXA2,SEPT10,1
FOXA2,ZNF398,1
FOXA2,CKS2,1
FOXA2,SNAPC1,1
FOXA2,POLR1B,1
FOXA2,PDE6D,1
FOXA2,MYC,1
FOXA2,S100A16,1
FOXA2,GTF2H3,1
FOXA2,RNF4,1
FOXA2,AMBP,1
FOXA2,PPP1R21,1
FOXA2,GMPR2,1
FOXA2,MED14,1
FOXA2,MCM8,1
FOXA2,GNPNAT1,1
FOXA2,MTERF3,1
FOXA2,UTP15,1
FOXA2,MRPS11,1
FOXA2,GLMN,1
FOXA2,USP45,1
FOXA2,IQCB1,1
FOXA2,SLC7A7,1
FOXA2,HAT1,1
FOXA2,C9ORF72,1
FOXA2,MCM3,1
FOXA2,AARS,1
FOXA2,AKR1B1,1
FOXA2,MRPL49,1
FOXA2,PPA2,1
FOXA2,COQ3,1
FOXA2,GMNN,1
FOXA2,THAP4,1
FOXA2,ZNF253,1
FOXA2,ALG8,1
FOXA2,PDCD11,1
FOXA2,POLR3G,1
FOXA2,TMEM216,1
FOXA2,EXOC5,1
FOXA2,INMT,1
FOXA2,RNF138,1
FOXA2,WDR75,1
FOXA2,NR3C1,1
FOXA2,MTIF2,1
FOXA2,METTL8,1
FOXA2,CA2,1
FOXA2,GTF2E1,1
FOXA2,ZFHX3,1
FOXA2,XPO6,1
FOXA2,MRTO4,1
FOXA2,ZNF146,1
FOXA2,BPTF,1
FOXA2,THRAP3,1
FOXA2,ORC6,1
FOXA2,ING5,1
FOXA2,DNAJC2,1
FOXA2,ALDH9A1,1
FOXA2,GTF3C5,1
FOXA2,MOV10,1
FOXA2,ECSIT,1
FOXA2,ATIC,1
FOXA2,ASNS,1
FOXA2,TRIM25,1
FOXA2,SRRM1,1
FOXA2,ZNF33A,1
FOXA2,ATG3,1
FOXA2,PRKCI,1
FOXA2,MTX2,1
FOXA2,KIFAP3,1
FOXA2,ID2,1
FOXA2,SSB,1
FOXA2,DHCR7,1
FOXA2,CENPN,1
FOXA2,CAMK2D,1
FOXA2,MATR3,1
FOXA2,CFAP20,1
FOXA2,PEF1,1
FOXA2,CHCHD6,1
FOXA2,HIST1H1E,1
FOXA2,RSU1,1
FOXA2,ATP1B3,1
FOXA2,HAUS2,1
FOXA2,ENO2,1
FOXA2,DNAH14,1
FOXA2,RECQL,1
FOXA2,HNRNPAB,1
FOXA2,CDKN1A,1
FOXA2,TM7SF3,1
FOXA2,NIP7,1
FOXA2,APEX1,1
FOXA2,PAK1IP1,1
FOXA2,CPSF3,1
FOXA2,STAT2,1
FOXA2,MLH1,1
FOXA2,FASTKD2,1
FOXA2,DTYMK,1
FOXA2,KIF22,1
FOXA2,LRRC40,1
FOXA2,NIFK,1
FOXA2,DDC,1
FOXA2,SMAD5,1
FOXA2,AAMP,1
FOXA2,RUVBL1,1
FOXA2,COPS7A,1
FOXA2,MAF,1
FOXA2,MED4,1
FOXA2,UBAC2,1
FOXA2,TBC1D31,1
FOXA2,RNF2,1
FOXA2,PSAT1,1
FOXA2,FANCA,1
FOXA2,CDK1,1
FOXA2,DNASE1,1
FOXA2,HAUS4,1
FOXA2,GGCT,1
FOXA2,HMGCS2,1
FOXA2,MECR,1
FOXA2,C1GALT1,1
FOXA2,YARS,1
FOXA2,S100PBP,1
FOXA2,GATM,1
FOXA2,TIMM50,1
FOXA2,CENPE,1
FOXA2,ZNF202,1
FOXA2,FN1,1
FOXA2,MORN2,1
FOXA2,ACAD11,1
FOXA2,LEAP2,1
FOXA2,ELF1,1
FOXA2,EEF1E1,1
FOXA2,NEK2,1
FOXA2,GOT1,1
FOXA2,G6PC3,1
FOXA2,SLC25A37,1
FOXA2,SKA3,1
FOXA2,CCNB2,1
FOXA2,AGTRAP,1
FOXA2,EZH2,1
FOXA2,REST,1
FOXA2,C17ORF75,1
FOXA2,KIF23,1
FOXA2,SERTAD3,1
FOXA2,ESCO2,1
FOXA2,PLAGL2,1
FOXA2,HARS,1
FOXA2,MYO9A,1
FOXA2,DPH6,1
FOXA2,SP4,1
FOXA2,STEAP1,1
FOXA2,SPINK1,1
FOXA2,MAPK1,1
FOXA2,TCERG1,1
FOXA2,NUCB2,1
FOXA2,SLC25A11,1
FOXA2,TAF11,1
FOXA2,IMMP1L,1
FOXA2,HDAC1,1
FOXA2,COPS3,1
FOXA2,HSD17B7,1
FOXA2,TPX2,1
FOXA2,VPS26A,1
FOXA2,RAD1,1
FOXA2,BRIX1,1
FOXA2,PUS7L,1
FOXA2,BLMH,1
FOXA2,DNMT3A,1
FOXA2,NAA50,1
FOXA2,CREB1,1
FOXA2,MRPL2,1
FOXA2,KLC4,1
FOXA2,SUV39H2,1
FOXA2,CENPF,1
FOXA2,ZMYM1,1
FOXA2,PAPOLA,1
FOXA2,IRF9,1
FOXA2,DCLRE1C,1
FOXA2,ZNF675,1
FOXA2,EXOSC1,1
FOXA2,B4GALT3,1
FOXA2,SIAE,1
FOXA2,SOX2,1
FOXA2,SSRP1,1
FOXA2,CBR1,1
FOXA2,MCRS1,1
FOXA2,ERBB4,1
FOXA2,BRCA2,1
FOXA2,ARG2,1
FOXA2,SALL4,1
FOXA2,CPSF6,1
FOXA2,CDK4,1
FOXA2,TRIM27,1
FOXA2,PHB2,1
FOXA2,EMG1,1
FOXA2,ARHGAP26,1
FOXA2,CSRP2,1
FOXA2,STMN1,1
FOXA2,NARS2,1
FOXA2,CDH2,1
FOXA2,ZNF91,1
FOXA2,OIP5,1
FOXA2,NUSAP1,1
FOXA2,LAMC1,1
FOXA2,ELL2,1
FOXA2,CDC6,1
FOXA2,GPN3,1
FOXA2,NVL,1
FOXA2,HNRNPR,1
FOXA2,ECI2,1
FOXA2,CAT,1
FOXA2,POLB,1
FOXA2,GGPS1,1
FOXA2,METTL21A,1
FOXA2,GATAD2B,1
FOXA2,E2F5,1
FOXA2,TFRC,1
FOXA2,NOSIP,1
FOXA2,FOSL2,1
FOXA2,SNRPD1,1
FOXA2,PPP1R7,1
FOXA2,GYG1,1
FOXA2,SOX4,1
FOXA2,CXXC1,1
FOXA2,TMEM60,1
FOXA2,TIMM21,1
FOXA2,NPM1,1
FOXA2,F3,1
FOXA2,EWSR1,1
FOXA2,SUB1,1
FOXA2,DCTPP1,1
FOXA2,NOL10,1
FOXA2,CCDC138,1
FOXA2,HIBCH,1
FOXA2,TMEM97,1
FOXA2,NTPCR,1
FOXA2,BPHL,1
FOXA2,FANCI,1
FOXA2,ZNF300,1
FOXA2,PPP2R1B,1
FOXA2,CEBPA,1
FOXA2,AAAS,1
FOXA2,CAPG,1
FOXA2,SMC6,1
FOXA2,RFX6,1
FOXA2,NRIP1,1
FOXA2,TMEM177,1
FOXA2,NNT,1
FOXA2,MRPS12,1
FOXA2,UHRF1,1
FOXA2,F10,1
FOXA2,PPAT,1
FOXA2,LRRC1,1
FOXA2,ZNF354A,1
FOXA2,RNPS1,1
FOXA2,E2F4,1
FOXA2,UQCC1,1
FOXA2,IFT52,1
FOXA2,TNFAIP3,1
FOXA2,POLR2K,1
FOXA2,HMCES,1
FOXA2,OAZ2,1
FOXA2,ALG6,1
FOXA2,HNRNPH2,1
FOXA2,PLRG1,1
FOXA2,TARBP2,1
FOXA2,SCD5,1
FOXA2,UCHL1,1
FOXA2,PIGH,1
FOXA2,DHPS,1
FOXA2,WARS,1
FOXA2,CCNB1,1
FOXA2,SRSF10,1
FOXA2,CCDC169,1
FOXA2,BLM,1
FOXA2,ACAT2,1
FOXA2,TMEM14A,1
FOXA2,CCDC126,1
FOXA2,YBX1,1
FOXA2,PPT1,1
FOXA2,NHEJ1,1
FOXA2,TRMT1,1
FOXA2,C1ORF109,1
FOXA2,C19ORF48,1
FOXA2,RBBP8,1
FOXA2,TOP2A,1
FOXA2,SIL1,1
FOXA2,LITAF,1
FOXA2,SMIM20,1
FOXA2,DNMT1,1
FOXA2,NAA15,1
FOXA2,HMGCL,1
FOXA2,PAPSS1,1
FOXA2,EXTL2,1
FOXA2,TSR1,1
FOXA2,DRAP1,1
FOXA2,PLK1,1
FOXA2,C12ORF10,1
FOXA2,BUB1,1
FOXA2,SULF2,1
FOXA2,BMPR1A,1
FOXA2,PSPH,1
FOXA2,FAM114A1,1
FOXA2,HIF1AN,1
FOXA2,UCK2,1
FOXA2,DROSHA,1
FOXA2,MMS19,1
FOXA2,C6ORF203,1
FOXA2,ASRGL1,1
FOXA2,UCP2,1
FOXA2,ENO1,1
FOXA2,ALB,1
FOXA2,SNRNP25,1
FOXA2,PTPRM,1
FOXA2,PHC1,1
FOXA2,IMP4,1
FOXA2,XPO5,1
FOXA2,VRK1,1
FOXA2,FXYD5,1
FOXA2,SHMT2,1
FOXA2,DDAH1,1
FOXA2,CCND1,1
FOXA2,KNSTRN,1
FOXA2,IFITM2,1
FOXA2,BBS7,1
FOXA2,ZWINT,1
FOXA2,HSDL2,1
FOXA2,PARP1,1
FOXA2,CENPH,1
FOXA2,MCM2,1
FOXA2,SAE1,1
FOXA2,PRIM1,1
FOXA2,CTPS1,1
FOXA2,POLE2,1
FOXA2,EIF2B3,1
FOXA2,EYA3,1
FOXA2,ACY1,1
FOXA2,R3HDM1,1
FOXA2,CREG1,1
FOXA2,GEMIN2,1
FOXA2,MPC1,1
FOXA2,ANAPC4,1
FOXA2,PLTP,1
FOXA2,EIF3J,1
FOXA2,ZNF239,1
FOXA2,PAFAH1B3,1
FOXA2,ANAPC7,1
FOXA2,MIS18A,1
FOXA2,KLF3,1
FOXA2,BTG2,1
FOXA2,POLD2,1
FOXA2,SLC7A8,1
FOXA2,PTPN12,1
FOXA2,CUEDC2,1
FOXA2,TMEM150C,1
FOXA2,ZDHHC4,1
FOXA2,SMARCA4,1
FOXA2,RIN2,1
FOXA2,DSN1,1
FOXA2,NCOA1,1
FOXA2,METTL1,1
FOXA2,ATG101,1
FOXA2,XBP1,1
FOXA2,PSMB10,1
FOXA2,TCOF1,1
FOXA2,RREB1,1
FOXA2,DNMT3B,1
FOXA2,ZNF101,1
FOXA2,SAMHD1,1
FOXA2,HMBS,1
FOXA2,ZNF589,1
FOXA2,ECHDC2,1
FOXA2,SLC2A1,1
FOXA2,MELK,1
FOXA2,ASL,1
FOXA2,RAD54L,1
FOXA2,NPRL2,1
FOXA2,RABEPK,1
FOXA2,RBBP7,1
FOXA2,NUP85,1
FOXA2,TMEM147,1
FOXA2,POLR2D,1
FOXA2,PIAS2,1
FOXA2,GSTK1,1
FOXA2,EMP2,1
FOXA2,FHL2,1
FOXA2,FGG,1
FOXA2,USP28,1
FOXA2,SLC25A4,1
FOXA2,ARSE,1
FOXA2,USP10,1
FOXA2,POLR2G,1
FOXA2,E2F8,1
FOXA2,DEPDC7,1
FOXA2,TGIF2,1
FOXA2,WDR5,1
FOXA2,USP7,1
FOXA2,PPCDC,1
FOXA2,TCF7L1,1
FOXA2,PSEN1,1
FOXA2,ZNF287,1
FOXA2,DBNDD2,1
FOXA2,DNA2,1
FOXA2,RFXANK,1
FOXA2,HIPK2,1
FOXA2,ZNF232,1
FOXA2,MST1,1
FOXA2,GALE,1
FOXA2,DPYSL2,1
FOXA2,APOC1,1
FOXA2,RANGRF,1
FOXA2,ZFP42,1
FOXA2,ARMC9,1
FOXA2,PIAS3,1
FOXA2,SCPEP1,1
FOXA2,GLIS3,1
FOXA2,PLG,1
FOXA2,POLR2B,1
FOXA2,ATP1B1,1
FOXA2,TYMS,1
FOXA2,UNC93A,1
FOXA2,BCS1L,1
FOXA2,POLR1E,1
FOXA2,YWHAH,1
FOXA2,TRIP13,1
FOXA2,GALK1,1
FOXA2,TCF19,1
FOXA2,LSM10,1
FOXA2,DPCD,1
FOXA2,CDC20,1
FOXA2,PLA2G12B,1
FOXA2,FUCA1,1
FOXA2,PDGFA,1
FOXA2,HDHD3,1
FOXA2,APEH,1
FOXA2,DDB2,1
FOXA2,WDYHV1,1
FOXA2,ZNF74,1
FOXA2,USP39,1
FOXA2,GCHFR,1
FOXA2,TFE3,1
FOXA2,SULT1A2,1
FOXA2,SP100,1
FOXA2,CYFIP2,1
FOXA2,RRM2,1
FOXA2,AGT,1
FOXA2,SURF2,1
FOXA2,DAXX,1
FOXA2,LAPTM4B,1
FOXA2,BRCA1,1
FOXA2,USP11,1
FOXA2,MT1X,1
FOXA2,DMKN,1
FOXA2,TCFL5,1
FOXA2,TDGF1,1
FOXA2,NME2,1
FOXA2,EPHX2,1
FOXA2,LCMT1,1
FOXA2,JAG1,1
FOXA2,TM4SF5,1
FOXA2,HSD17B2,1
FOXA2,CFAP97,1
FOXA2,MT1E,1
FOXA2,NT5DC2,1
FOXA2,CTSE,1
FOXA2,PDPN,1
FOXA2,SERPINF1,1
FOXA2,TAF9B,1
FOXA2,SH3BGRL,1
FOXA2,HMGN5,1
FOXA2,EPAS1,1
FOXA2,SQLE,1
FOXA2,CNOT10,1
FOXA2,BMP2,1
FOXA2,TMEM37,1
FOXA2,PTGR1,1
FOXA2,ANPEP,1
FOXA2,P4HA2,1
FOXA2,MYBL2,1
FOXA2,SSBP3,1
FOXA2,EOMES,1
FOXA2,PEG3,1
FOXA2,C3,1
FOXA2,MT1G,1
FOXA2,WFDC2,1
FOXA2,CXCR4,1
FOXA2,SMOX,1
FOXA2,CIDEB,1
FOXA2,A1CF,1
FOXA2,APOC3,1
FOXA2,FOSL1,1
FOXA2,NR1I3,1
FOXA2,PITX1,1
FOXA2,CMC2,1
FOXA2,POU5F1,1
HDAC2,GSN,1
HDAC2,ASF1A,1
HDAC2,TIPARP,1
HDAC2,NME1,1
HDAC2,TTLL4,1
HDAC2,NUF2,1
HDAC2,CRBN,1
HDAC2,BIRC5,1
HDAC2,FANCD2,1
HDAC2,DTWD1,1
HDAC2,ESCO2,1
HDAC2,VPS33A,1
HDAC2,MIS18A,1
HDAC2,NEK2,1
HDAC2,COPS7B,1
HDAC2,NPPB,1
HDAC2,DNPEP,1
HDAC2,FANCI,1
HDAC2,RFC1,1
HDAC2,IDH3B,1
HDAC2,KIF20A,1
HDAC2,ZCCHC7,1
HDAC2,RRM2,1
HDAC2,CENPU,1
HDAC2,TSFM,1
HDAC2,TRMT1,1
HDAC2,KIF20B,1
HDAC2,AURKB,1
HDAC2,CCDC88A,1
HDAC2,DBF4,1
HDAC2,SKA3,1
HDAC2,CCNB1,1
HDAC2,CENPF,1
HDAC2,METTL1,1
HDAC2,DLGAP5,1
HDAC2,NUP35,1
HDAC2,TRIP13,1
HDAC2,BUB1B,1
HDAC2,NUDT15,1
HDAC2,GTF2H3,1
HDAC2,RAD51,1
HDAC2,EIF5B,1
HDAC2,BRCA2,1
HDAC2,AURKA,1
HDAC2,RAD54L,1
HDAC2,PARPBP,1
HDAC2,NUP37,1
HDAC2,MIS18BP1,1
HDAC2,AEBP2,1
HDAC2,CDK5RAP1,1
HDAC2,TXNDC9,1
HDAC2,NUP54,1
HDAC2,MYBL2,1
HDAC2,YARS,1
HDAC2,RAD51AP1,1
HDAC2,LTV1,1
HDAC2,GDAP1,1
HDAC2,MRPS35,1
HDAC2,BLM,1
HDAC2,CDK1,1
HDAC2,EBNA1BP2,1
HDAC2,EXOSC5,1
HDAC2,SLC25A26,1
HDAC2,AMZ2,1
HDAC2,MAD2L1,1
HDAC2,CDC6,1
HDAC2,NOP16,1
HDAC2,TMEM237,1
HDAC2,DNA2,1
HDAC2,CCDC77,1
HDAC2,CDC20,1
HDAC2,RUVBL1,1
HDAC2,TMEM41A,1
HDAC2,S100PBP,1
HDAC2,SF3A3,1
HDAC2,WDR74,1
HDAC2,TRIAP1,1
HDAC2,NDUFAF4,1
HDAC2,OIP5,1
HDAC2,NUSAP1,1
HDAC2,MTIF2,1
HDAC2,SMC2,1
HDAC2,TBRG4,1
HDAC2,MTF2,1
HDAC2,WDYHV1,1
HDAC2,VRK1,1
HDAC2,C17ORF75,1
HDAC2,ZSWIM8,1
HDAC2,NUP107,1
HDAC2,MCM8,1
HDAC2,GTF2H2,1
HDAC2,ANP32E,1
HDAC2,DNMT3A,1
HDAC2,CFAP20,1
HDAC2,GTF3C5,1
HDAC2,TTK,1
HDAC2,G6PC3,1
HDAC2,IQGAP2,1
HDAC2,CCNB2,1
HDAC2,PLK1,1
HDAC2,ASNS,1
HDAC2,BPTF,1
HDAC2,JUND,1
HDAC2,POLR1B,1
HDAC2,EIF2B3,1
HDAC2,SDAD1,1
HDAC2,ZNF398,1
HDAC2,PNPT1,1
HDAC2,SUGCT,1
HDAC2,PSME3,1
HDAC2,NIF3L1,1
HDAC2,MCM7,1
HDAC2,SMARCD2,1
HDAC2,POLD3,1
HDAC2,RECQL,1
HDAC2,NPM1,1
HDAC2,TATDN3,1
HDAC2,EXOSC3,1
HDAC2,DRAP1,1
HDAC2,OPA1,1
HDAC2,ATG5,1
HDAC2,ASXL1,1
HDAC2,AAR2,1
HDAC2,ORC6,1
HDAC2,RSU1,1
HDAC2,TPD52L1,1
HDAC2,PCNA,1
HDAC2,UCHL5,1
HDAC2,DNAJC2,1
HDAC2,DCTPP1,1
HDAC2,XPO5,1
HDAC2,PAK1IP1,1
HDAC2,HNRNPD,1
HDAC2,GGH,1
HDAC2,RIOK1,1
HDAC2,SSBP2,1
HDAC2,NDUFAF5,1
HDAC2,MAF,1
HDAC2,TIMM9,1
HDAC2,KIAA0586,1
HDAC2,SUPV3L1,1
HDAC2,GPATCH4,1
HDAC2,NOL11,1
HDAC2,ZGRF1,1
HDAC2,NR1H3,1
HDAC2,KLF3,1
HDAC2,CENPH,1
HDAC2,SH3BGR,1
HDAC2,IMP4,1
HDAC2,NCAPG,1
HDAC2,POLR1C,1
HDAC2,ABT1,1
HDAC2,U2AF1,1
HDAC2,CDCA2,1
HDAC2,POLR3G,1
HDAC2,ICE2,1
HDAC2,PWP1,1
HDAC2,AIMP2,1
HDAC2,NME2,1
HDAC2,MRPL1,1
HDAC2,UBE2C,1
HDAC2,KIF22,1
HDAC2,SMC4,1
HDAC2,ZWINT,1
HDAC2,PARP1,1
HDAC2,RAD1,1
HDAC2,HARS,1
HDAC2,BRIX1,1
HDAC2,PFKM,1
HDAC2,MRPL16,1
HDAC2,PPIL1,1
HDAC2,PHF5A,1
HDAC2,MMS22L,1
HDAC2,WDHD1,1
HDAC2,ECD,1
HDAC2,PPT1,1
HDAC2,TMEM97,1
HDAC2,NR3C1,1
HDAC2,SRF,1
HDAC2,TK1,1
HDAC2,DDIT4,1
HDAC2,EEF1E1,1
HDAC2,KPNA2,1
HDAC2,HIST1H4C,1
HDAC2,BUB1,1
HDAC2,KIF23,1
HDAC2,RIOK3,1
HDAC2,ING3,1
HDAC2,TWISTNB,1
HDAC2,RNASEH2B,1
HDAC2,MRPL2,1
HDAC2,KLC4,1
HDAC2,RHOBTB3,1
HDAC2,HEXB,1
HDAC2,RBPJ,1
HDAC2,BRIP1,1
HDAC2,C6ORF203,1
HDAC2,BCS1L,1
HDAC2,TEX10,1
HDAC2,IRF9,1
HDAC2,HMGB2,1
HDAC2,CKS2,1
HDAC2,JMJD1C,1
HDAC2,TCF19,1
HDAC2,NOL10,1
HDAC2,MPC1,1
HDAC2,VPS72,1
HDAC2,MSH2,1
HDAC2,ZNRD1,1
HDAC2,HSD17B11,1
HDAC2,E2F5,1
HDAC2,MCM4,1
HDAC2,TPX2,1
HDAC2,MED4,1
HDAC2,ATG3,1
HDAC2,DEK,1
HDAC2,KATNA1,1
HDAC2,SEC22C,1
HDAC2,E2F8,1
HDAC2,BRCA1,1
HDAC2,SVIL,1
HDAC2,TBPL1,1
HDAC2,TPGS2,1
HDAC2,SQLE,1
HDAC2,MAD2L1BP,1
HDAC2,GALK1,1
HDAC2,NVL,1
HDAC2,BDP1,1
HDAC2,NDC80,1
HDAC2,METTL18,1
HDAC2,GPN1,1
HDAC2,PHB2,1
HDAC2,EMG1,1
HDAC2,UBL7,1
HDAC2,METTL3,1
HDAC2,STX8,1
HDAC2,RCAN1,1
HDAC2,PRKCE,1
HDAC2,MTUS1,1
HDAC2,TIMM21,1
HDAC2,TTC4,1
HDAC2,SAAL1,1
HDAC2,CREG1,1
HDAC2,CHEK2,1
HDAC2,ABCE1,1
HDAC2,CMSS1,1
HDAC2,COPS2,1
HDAC2,CENPE,1
HDAC2,MRPS2,1
HDAC2,LRRC40,1
HDAC2,WDR12,1
HDAC2,ECI2,1
HDAC2,GEMIN7,1
HDAC2,COMMD10,1
HDAC2,PPP1R7,1
HDAC2,RFXANK,1
HDAC2,TF,1
HDAC2,ECT2,1
HDAC2,GMNN,1
HDAC2,SLC25A20,1
HDAC2,HMGA1,1
HDAC2,MST1,1
HDAC2,HJURP,1
HDAC2,ASPH,1
HDAC2,CDC23,1
HDAC2,BBS9,1
HDAC2,ATL2,1
HDAC2,NBAS,1
HDAC2,RNF19A,1
HDAC2,PDCD11,1
HDAC2,DNMT3B,1
HDAC2,CHCHD6,1
HDAC2,ANXA4,1
HDAC2,NUDT1,1
HDAC2,GALE,1
HDAC2,ARID2,1
HDAC2,DHCR7,1
HDAC2,DPCD,1
HDAC2,TFRC,1
HDAC2,DOT1L,1
HDAC2,MED30,1
HDAC2,ING5,1
HDAC2,MORN2,1
HDAC2,MEST,1
HDAC2,DCLRE1C,1
HDAC2,WDR3,1
HDAC2,PCID2,1
HDAC2,HNRNPUL1,1
HDAC2,CRELD1,1
HDAC2,HAT1,1
HDAC2,WDR43,1
HDAC2,MED20,1
HDAC2,TMEM60,1
HDAC2,BTF3,1
HDAC2,G2E3,1
HDAC2,SIRT1,1
HDAC2,DEF8,1
HDAC2,METTL8,1
HDAC2,IFRD2,1
HDAC2,KLHL7,1
HDAC2,IVNS1ABP,1
HDAC2,CA2,1
HDAC2,AKR1B1,1
HDAC2,POLR2D,1
HDAC2,RRM2B,1
HDAC2,FASTKD2,1
HDAC2,PPCDC,1
HDAC2,ECHDC2,1
HDAC2,ATG101,1
HDAC2,CAAP1,1
HDAC2,ARL14EP,1
HDAC2,AATF,1
HDAC2,ZNF202,1
HDAC2,DHRS3,1
HDAC2,DECR1,1
HDAC2,EFTUD2,1
HDAC2,DAXX,1
HDAC2,SLC25A4,1
HDAC2,TBL1X,1
HDAC2,RABEPK,1
HDAC2,SNRNP25,1
HDAC2,NIP7,1
HDAC2,ACADSB,1
HDAC2,WDR75,1
HDAC2,ISG20,1
HDAC2,FANCL,1
HDAC2,ABCA5,1
HDAC2,MTERF3,1
HDAC2,COPS7A,1
HDAC2,TTI2,1
HDAC2,DDX20,1
HDAC2,ATIC,1
HDAC2,IFT22,1
HDAC2,MTMR2,1
HDAC2,ISY1,1
HDAC2,GPN3,1
HDAC2,PRIM2,1
HDAC2,SUV39H2,1
HDAC2,CMC1,1
HDAC2,ELP2,1
HDAC2,SNRPD1,1
HDAC2,HIBCH,1
HDAC2,KAT7,1
HDAC2,GLUD1,1
HDAC2,TDP2,1
HDAC2,FAM49B,1
HDAC2,ZNF770,1
HDAC2,YEATS4,1
HDAC2,FOXP1,1
HDAC2,EXOSC9,1
HDAC2,STEAP1,1
HDAC2,CD320,1
HDAC2,TAF1B,1
HDAC2,PLAGL2,1
HDAC2,HIF1AN,1
HDAC2,HNRNPR,1
HDAC2,RUVBL2,1
HDAC2,TM7SF3,1
HDAC2,DSN1,1
HDAC2,PSPH,1
HDAC2,PDZK1,1
HDAC2,MAPK1,1
HDAC2,TMEM177,1
HDAC2,SMAD5,1
HDAC2,DDX5,1
HDAC2,SLC7A6,1
HDAC2,KEAP1,1
HDAC2,SMC6,1
HDAC2,E2F4,1
HDAC2,DNAJB9,1
HDAC2,RNASE4,1
HDAC2,ANG,1
HDAC2,HMMR,1
HDAC2,CUEDC2,1
HDAC2,PIK3R1,1
HDAC2,DGAT1,1
HDAC2,DPAGT1,1
HDAC2,POLR2K,1
HDAC2,CAPG,1
HDAC2,PMS1,1
HDAC2,MOV10,1
HDAC2,BRMS1,1
HDAC2,PCIF1,1
HDAC2,ZFP62,1
HDAC2,MLST8,1
HDAC2,PPA2,1
HDAC2,MCRS1,1
HDAC2,NUP85,1
HDAC2,PRMT5,1
HDAC2,S100A13,1
HDAC2,PAPOLA,1
HDAC2,TYMS,1
HDAC2,POLE4,1
HDAC2,PFN2,1
HDAC2,IFT52,1
HDAC2,GTF3C2,1
HDAC2,ZNF33A,1
HDAC2,CCS,1
HDAC2,MRRF,1
HDAC2,LIAS,1
HDAC2,TAF11,1
HDAC2,UQCC1,1
HDAC2,VTN,1
HDAC2,TCERG1,1
HDAC2,HMGCL,1
HDAC2,ACOT7,1
HDAC2,TMEM14A,1
HDAC2,MECR,1
HDAC2,TGIF2,1
HDAC2,CNTRL,1
HDAC2,FAM13A,1
HDAC2,SRSF1,1
HDAC2,NPRL2,1
HDAC2,CPSF3,1
HDAC2,ARL2,1
HDAC2,NFKBIZ,1
HDAC2,KIZ,1
HDAC2,PPP1R21,1
HDAC2,FLAD1,1
HDAC2,EZH2,1
HDAC2,CCDC138,1
HDAC2,TCFL5,1
HDAC2,DPP4,1
HDAC2,SLC38A1,1
HDAC2,MCM3,1
HDAC2,SIRT2,1
HDAC2,POLD2,1
HDAC2,TSR1,1
HDAC2,TBCB,1
HDAC2,POLR2I,1
HDAC2,SULF2,1
HDAC2,THOC1,1
HDAC2,METTL5,1
HDAC2,C9ORF78,1
HDAC2,AXL,1
HDAC2,ALG8,1
HDAC2,HMGA2,1
HDAC2,EEF1A1,1
HDAC2,PDCD4,1
HDAC2,RRM1,1
HDAC2,MATR3,1
HDAC2,DR1,1
HDAC2,ECHDC1,1
HDAC2,TBC1D1,1
HDAC2,MAZ,1
HDAC2,CEBPZ,1
HDAC2,ZWILCH,1
HDAC2,GMPR2,1
HDAC2,E2F3,1
HDAC2,C11ORF1,1
HDAC2,NIFK,1
HDAC2,CNBP,1
HDAC2,LAMC1,1
HDAC2,CUTC,1
HDAC2,ASCC3,1
HDAC2,ENO1,1
HDAC2,MMS19,1
HDAC2,SSB,1
HDAC2,AARS,1
HDAC2,ALG6,1
HDAC2,CNOT7,1
HDAC2,HMGN2,1
HDAC2,SKIL,1
HDAC2,ZFP64,1
HDAC2,TMEM120A,1
HDAC2,SNAPC1,1
HDAC2,SLC29A1,1
HDAC2,METTL21A,1
HDAC2,C11ORF54,1
HDAC2,MRPS12,1
HDAC2,NUP93,1
HDAC2,ILF2,1
HDAC2,GOT1,1
HDAC2,PIK3R4,1
HDAC2,ACSL5,1
HDAC2,APEX1,1
HDAC2,CCDC82,1
HDAC2,ZNHIT3,1
HDAC2,HAUS2,1
HDAC2,PPP1CC,1
HDAC2,GGCT,1
HDAC2,ITGB5,1
HDAC2,FGA,1
HDAC2,PDGFRA,1
HDAC2,RNPS1,1
HDAC2,UGP2,1
HDAC2,PIGH,1
HDAC2,TCF3,1
HDAC2,SCD5,1
HDAC2,MXD1,1
HDAC2,CEBPA,1
HDAC2,CDKN1A,1
HDAC2,PUS7L,1
HDAC2,PPP1R16A,1
HDAC2,AGTRAP,1
HDAC2,NNT,1
HDAC2,RBP4,1
HDAC2,ACOX2,1
HDAC2,NUP88,1
HDAC2,FBL,1
HDAC2,EXOSC1,1
HDAC2,ZSCAN21,1
HDAC2,NAA15,1
HDAC2,HOOK2,1
HDAC2,S100A16,1
HDAC2,ASNSD1,1
HDAC2,HMGN4,1
HDAC2,HPR,1
HDAC2,CUL2,1
HDAC2,ZSWIM7,1
HDAC2,HERPUD1,1
HDAC2,BLMH,1
HDAC2,SEPT10,1
HDAC2,PTPN12,1
HDAC2,GTF2F2,1
HDAC2,IRF1,1
HDAC2,APEH,1
HDAC2,SRM,1
HDAC2,GATM,1
HDAC2,ELMOD2,1
HDAC2,AGO2,1
HDAC2,TIMM50,1
HDAC2,CFAP97,1
HDAC2,DPH5,1
HDAC2,SNRPB,1
HDAC2,SRRM1,1
HDAC2,ETV4,1
HDAC2,SPDL1,1
HDAC2,FBXO6,1
HDAC2,CAT,1
HDAC2,CDCA3,1
HDAC2,C11ORF74,1
HDAC2,ACY1,1
HDAC2,GEMIN2,1
HDAC2,ELL2,1
HDAC2,GTF2I,1
HDAC2,MPHOSPH6,1
HDAC2,SGK1,1
HDAC2,FXR1,1
HDAC2,PAFAH1B3,1
HDAC2,F2RL1,1
HDAC2,MED14,1
HDAC2,MBIP,1
HDAC2,PRKCI,1
HDAC2,DPF2,1
HDAC2,EPB41L2,1
HDAC2,MTAP,1
HDAC2,FANCA,1
HDAC2,TRIM27,1
HDAC2,METAP1,1
HDAC2,SLC39A1,1
HDAC2,ZNF589,1
HDAC2,ZMYM1,1
HDAC2,WDR54,1
HDAC2,SSRP1,1
HDAC2,AHSG,1
HDAC2,NOSIP,1
HDAC2,UCP2,1
HDAC2,NREP,1
HDAC2,USP39,1
HDAC2,TNFAIP3,1
HDAC2,SLC25A37,1
HDAC2,ELP6,1
HDAC2,HMGN3,1
HDAC2,XPO6,1
HDAC2,HAUS4,1
HDAC2,ATF3,1
HDAC2,SRSF2,1
HDAC2,IL6ST,1
HDAC2,TAF1A,1
HDAC2,SIAE,1
HDAC2,PEF1,1
HDAC2,NFATC2,1
HDAC2,ACAT2,1
HDAC2,YBX1,1
HDAC2,CAPRIN1,1
HDAC2,GRTP1,1
HDAC2,LRRC1,1
HDAC2,DTYMK,1
HDAC2,EFNA1,1
HDAC2,HP,1
HDAC2,TTC39C,1
HDAC2,MRPL15,1
HDAC2,IFNGR1,1
HDAC2,PRIM1,1
HDAC2,CPSF6,1
HDAC2,DNMT1,1
HDAC2,ZFHX3,1
HDAC2,MTX2,1
HDAC2,NHEJ1,1
HDAC2,HPX,1
HDAC2,TIMMDC1,1
HDAC2,DBNDD2,1
HDAC2,CHD8,1
HDAC2,ZNF146,1
HDAC2,GYG1,1
HDAC2,SLC35D2,1
HDAC2,CREB3L4,1
HDAC2,ARHGAP26,1
HDAC2,SUCLA2,1
HDAC2,AASS,1
HDAC2,PIAS3,1
HDAC2,BMP2,1
HDAC2,ZNF397,1
HDAC2,HDGF,1
HDAC2,APOA2,1
HDAC2,THAP1,1
HDAC2,NFYB,1
HDAC2,CMPK1,1
HDAC2,SPAG9,1
HDAC2,CBX3,1
HDAC2,MGST2,1
HDAC2,ZNF561,1
HDAC2,ZNF638,1
HDAC2,SMAD2,1
HDAC2,NEDD1,1
HDAC2,RBM39,1
HDAC2,M6PR,1
HDAC2,RAI14,1
HDAC2,ORC4,1
HDAC2,PYCR1,1
HDAC2,PSMB10,1
HDAC2,GABPB1,1
HDAC2,CDK5RAP2,1
HDAC2,ELOVL6,1
HDAC2,SLC5A6,1
HDAC2,DERA,1
HDAC2,TGIF1,1
HDAC2,HPN,1
HDAC2,DAB2,1
HDAC2,TUBE1,1
HDAC2,PEMT,1
HDAC2,C1GALT1,1
HDAC2,TMEM147,1
HDAC2,EMP2,1
HDAC2,BLVRA,1
HDAC2,ARMC9,1
HDAC2,ZNF232,1
HDAC2,DCUN1D5,1
HDAC2,ZNF581,1
HDAC2,AGT,1
HDAC2,AFF4,1
HDAC2,HNRNPAB,1
HDAC2,FHL2,1
HDAC2,ANKRD1,1
HDAC2,IQCB1,1
HDAC2,POLR2F,1
HDAC2,SALL2,1
HDAC2,GEMIN8,1
HDAC2,LGALS2,1
HDAC2,UPP1,1
HDAC2,RNF2,1
HDAC2,RBBP8,1
HDAC2,TMEM126B,1
HDAC2,NTHL1,1
HDAC2,FOXA1,1
HDAC2,PCGF6,1
HDAC2,USP10,1
HDAC2,TOP2B,1
HDAC2,FGFR1,1
HDAC2,APOB,1
HDAC2,JARID2,1
HDAC2,TMEM216,1
HDAC2,RBBP4,1
HDAC2,USP7,1
HDAC2,PON2,1
HDAC2,FOXA2,1
HDAC2,THRAP3,1
HDAC2,HNRNPH3,1
HDAC2,LMO7,1
HDAC2,SMLR1,1
HDAC2,MT1X,1
HDAC2,YAF2,1
HDAC2,HINFP,1
HDAC2,TM4SF5,1
HDAC2,TEAD4,1
HDAC2,ELOF1,1
HDAC2,MGME1,1
HDAC2,MYL6B,1
HDAC2,FOSL2,1
HDAC2,TDGF1,1
HDAC2,MAT2B,1
HDAC2,EIF3J,1
HDAC2,SMIM20,1
HDAC2,THAP4,1
HDAC2,F3,1
HDAC2,SUPT16H,1
HDAC2,CALML4,1
HDAC2,USB1,1
HDAC2,SIL1,1
HDAC2,PHF11,1
HDAC2,CDK4,1
HDAC2,FAM114A1,1
HDAC2,VIL1,1
HDAC2,UNC93A,1
HDAC2,HNRNPK,1
HDAC2,POLR2L,1
HDAC2,GCHFR,1
HDAC2,TBX3,1
HDAC2,AMBP,1
HDAC2,COQ3,1
HDAC2,HNF4A,1
HDAC2,TP53INP2,1
HDAC2,ATP1B1,1
HDAC2,GATAD2B,1
HDAC2,CFAP36,1
HDAC2,FABP1,1
HDAC2,APOA1,1
HDAC2,CDK2AP1,1
HDAC2,HGD,1
HDAC2,C3,1
HDAC2,DDC,1
HDAC2,LAMB2,1
HDAC2,DNASE1,1
HDAC2,NR1I3,1
HDAC2,IGF1R,1
HDAC2,TTR,1
HDAC2,F2,1
HDAC2,XRCC5,1
HDAC2,SERPIND1,1
HDAC2,EPHX2,1
HDAC2,PRAP1,1
HDAC2,NODAL,1
HDAC2,DMKN,1
HDAC2,ASGR1,1
HDAC2,IL32,1
HDAC2,F10,1
HDAC2,FLRT3,1
HDAC2,CAMK2D,1
HDAC2,ZBTB24,1
HDAC2,UBE2E3,1
HDAC2,CXXC1,1
HDAC2,ENO2,1
HDAC2,SORBS2,1
HDAC2,ELF1,1
HDAC2,GALM,1
HDAC2,SLC2A1,1
HDAC2,FGG,1
HDAC2,ESYT1,1
HDAC2,C9ORF72,1
HDAC2,EXOSC8,1
HDAC2,RGN,1
HDAC2,PLTP,1
HDAC2,PPP2R1B,1
HDAC2,SERPINF1,1
HDAC2,PTPRM,1
HDAC2,APOC3,1
HDAC2,CREB3L3,1
HDAC2,APOC2,1
HDAC2,LEAP2,1
HDAC2,AAMP,1
HDAC2,MT1G,1
HDAC2,KNG1,1
HDAC2,ZNF101,1
HDAC2,DDB2,1
HDAC2,SULT1A2,1
HDAC2,FN1,1
HDAC2,BCKDK,1
HDAC2,CCND1,1
HDAC2,GATA4,1
HDAC2,PTP4A1,1
HDAC2,SPP1,1
HDAC2,AKR1D1,1
HDAC2,SP100,1
HDAC2,MEP1A,1
HDAC2,ARSE,1
HDAC2,PLA2G12B,1
HDAC2,EPS8L2,1
HDAC2,MAEA,1
HDAC2,ILF3,1
HDAC2,MT1E,1
HDAC2,APOC1,1
HDAC2,CRAT,1
HDAC2,BZW2,1
HDAC2,USP28,1
HNF4A,AURKA,1
HNF4A,VIL1,1
HNF4A,NEK2,1
HNF4A,ACY1,1
HNF4A,SLC7A7,1
HNF4A,NR1I3,1
HNF4A,TATDN3,1
HNF4A,ZNF567,1
HNF4A,ACOX2,1
HNF4A,CREB3L3,1
HNF4A,MGST2,1
HNF4A,F10,1
HNF4A,ZNF232,1
HNF4A,DHRS3,1
HNF4A,LRRC40,1
HNF4A,SUCLA2,1
HNF4A,AHSG,1
HNF4A,TDP2,1
HNF4A,APOB,1
HNF4A,TMEM177,1
HNF4A,APOA1,1
HNF4A,MRPL2,1
HNF4A,KLC4,1
HNF4A,TK1,1
HNF4A,S100A16,1
HNF4A,HGD,1
HNF4A,IL32,1
HNF4A,IFNGR1,1
HNF4A,PRAP1,1
HNF4A,APOC3,1
HNF4A,HIST1H4C,1
HNF4A,CMC1,1
HNF4A,C1GALT1,1
HNF4A,DNMT3A,1
HNF4A,C3,1
HNF4A,TM4SF5,1
HNF4A,HSD17B11,1
HNF4A,MTIF2,1
HNF4A,MST1,1
HNF4A,BRCA1,1
HNF4A,NUDCD1,1
HNF4A,VTN,1
HNF4A,JMJD1C,1
HNF4A,AGT,1
HNF4A,SMLR1,1
HNF4A,RCAN1,1
HNF4A,DDC,1
HNF4A,SLC39A5,1
HNF4A,GALM,1
HNF4A,GALK1,1
HNF4A,CLDN4,1
HNF4A,GSTK1,1
HNF4A,CMPK1,1
HNF4A,SMARCD2,1
HNF4A,ACSL5,1
HNF4A,PFKM,1
HNF4A,EPHX2,1
HNF4A,BRIP1,1
HNF4A,METTL8,1
HNF4A,MAF,1
HNF4A,CDK5RAP1,1
HNF4A,GRTP1,1
HNF4A,RBBP4,1
HNF4A,NUP107,1
HNF4A,F2,1
HNF4A,RNF19A,1
HNF4A,LEAP2,1
HNF4A,GCHFR,1
HNF4A,DCLRE1C,1
HNF4A,PYGL,1
HNF4A,NR2F2,1
HNF4A,ZNRD1,1
HNF4A,HPR,1
HNF4A,PEF1,1
HNF4A,CDCA3,1
HNF4A,LGALS2,1
HNF4A,FABP1,1
HNF4A,PWP1,1
HNF4A,ZSWIM8,1
HNF4A,TF,1
HNF4A,ASGR1,1
HNF4A,BPHL,1
HNF4A,AXL,1
HNF4A,CALML4,1
HNF4A,TIMMDC1,1
HNF4A,APOC2,1
HNF4A,ETV4,1
HNF4A,CRAT,1
HNF4A,SERPINF1,1
HNF4A,USP10,1
HNF4A,TTI2,1
HNF4A,AAR2,1
HNF4A,EFNA1,1
HNF4A,LTV1,1
HNF4A,GATA4,1
HNF4A,ETV5,1
HNF4A,TFDP2,1
HNF4A,NODAL,1
HNF4A,YEATS4,1
HNF4A,HP,1
HNF4A,PDZK1,1
HNF4A,APOA2,1
HNF4A,ACOT7,1
HNF4A,ZNF101,1
HNF4A,SERPIND1,1
HNF4A,MEP1A,1
HNF4A,LMO7,1
HNF4A,RREB1,1
HNF4A,ACAT2,1
HNF4A,TYMS,1
HNF4A,PLA2G12B,1
HNF4A,MRPS30,1
HNF4A,AASS,1
HNF4A,NME1,1
HNF4A,RBP4,1
HNF4A,GMNN,1
HNF4A,GMPR2,1
HNF4A,NR1H3,1
HNF4A,SNRPB,1
HNF4A,HDHD3,1
HNF4A,PHF5A,1
HNF4A,NR2F6,1
HNF4A,ZNF146,1
HNF4A,RBM39,1
HNF4A,E2F5,1
HNF4A,NOP16,1
HNF4A,SLC35D2,1
HNF4A,ELP2,1
HNF4A,WDR12,1
HNF4A,HNF1B,1
HNF4A,RAD51AP1,1
HNF4A,C12ORF10,1
HNF4A,SUPV3L1,1
HNF4A,NUF2,1
HNF4A,ESCO2,1
HNF4A,LGALS1,1
HNF4A,GALE,1
HNF4A,TCOF1,1
HNF4A,IFRD2,1
HNF4A,KAT7,1
HNF4A,NDUFAF5,1
HNF4A,RAD54L,1
HNF4A,FGA,1
HNF4A,ASXL1,1
HNF4A,TMEM120A,1
HNF4A,MRPL16,1
HNF4A,DNASE1,1
HNF4A,FANCL,1
HNF4A,ZNF770,1
HNF4A,NIP7,1
HNF4A,AGTRAP,1
HNF4A,COPS7B,1
HNF4A,ECD,1
HNF4A,OPA1,1
HNF4A,NTMT1,1
HNF4A,IDH3B,1
HNF4A,C17ORF75,1
HNF4A,MED20,1
HNF4A,C11ORF1,1
HNF4A,DNPEP,1
HNF4A,CCND1,1
HNF4A,SF3A3,1
HNF4A,TCF19,1
HNF4A,COPS2,1
HNF4A,BUB1B,1
HNF4A,CDKN1A,1
HNF4A,MTUS1,1
HNF4A,NOSIP,1
HNF4A,CYB5B,1
HNF4A,HMGCL,1
HNF4A,ATP1B1,1
HNF4A,COMMD3,1
HNF4A,HIPK2,1
HNF4A,CAPG,1
HNF4A,POLD3,1
HNF4A,UPP1,1
HNF4A,DECR1,1
HNF4A,HPN,1
HNF4A,MTF2,1
HNF4A,HSD17B14,1
HNF4A,PHB2,1
HNF4A,EMG1,1
HNF4A,TXNDC9,1
HNF4A,EIF5B,1
HNF4A,ECSIT,1
HNF4A,AKR1C3,1
HNF4A,ACADVL,1
HNF4A,NFKBIZ,1
HNF4A,TMEM14A,1
HNF4A,TBC1D31,1
HNF4A,DPPA4,1
HNF4A,PRMT5,1
HNF4A,TRIM27,1
HNF4A,RBP2,1
HNF4A,BZW2,1
HNF4A,COPS7A,1
HNF4A,UHRF1,1
HNF4A,C11ORF54,1
HNF4A,GTF3C2,1
HNF4A,ABT1,1
HNF4A,A1CF,1
HNF4A,GTF2H2,1
HNF4A,ZNF354A,1
HNF4A,PTGR1,1
HNF4A,XBP1,1
HNF4A,HNRNPD,1
HNF4A,PRIM1,1
HNF4A,ANPEP,1
HNF4A,DCTPP1,1
HNF4A,GTF2H3,1
HNF4A,AMBP,1
HNF4A,TRIP13,1
HNF4A,RABEPK,1
HNF4A,CCDC88A,1
HNF4A,PPP1R21,1
HNF4A,PPIL1,1
HNF4A,POLR1B,1
HNF4A,SUGCT,1
HNF4A,PON2,1
HNF4A,ZNF398,1
HNF4A,ZNF638,1
HNF4A,YARS,1
HNF4A,S100PBP,1
HNF4A,PCNA,1
HNF4A,FOXP1,1
HNF4A,AATF,1
HNF4A,TTC39C,1
HNF4A,TPX2,1
HNF4A,IRF9,1
HNF4A,RGN,1
HNF4A,WDR43,1
HNF4A,DTWD1,1
HNF4A,RUVBL1,1
HNF4A,AIMP2,1
HNF4A,TNFAIP3,1
HNF4A,SLC7A6,1
HNF4A,HMCES,1
HNF4A,APOA4,1
HNF4A,M6PR,1
HNF4A,HPX,1
HNF4A,SORBS2,1
HNF4A,VPS72,1
HNF4A,SFRP1,1
HNF4A,KPNA2,1
HNF4A,AURKB,1
HNF4A,PSEN1,1
HNF4A,USB1,1
HNF4A,CDCA2,1
HNF4A,ING1,1
HNF4A,MCM3,1
HNF4A,CENPU,1
HNF4A,TCFL5,1
HNF4A,PMS1,1
HNF4A,CUTC,1
HNF4A,TTR,1
HNF4A,ECHDC1,1
HNF4A,SEC22C,1
HNF4A,UQCC1,1
HNF4A,KATNA1,1
HNF4A,ATL2,1
HNF4A,FANCD2,1
HNF4A,SVIL,1
HNF4A,NUP35,1
HNF4A,SLC25A4,1
HNF4A,AAMP,1
HNF4A,NTHL1,1
HNF4A,ELMOD2,1
HNF4A,ISG20,1
HNF4A,UNC93A,1
HNF4A,DRAP1,1
HNF4A,EIF2B3,1
HNF4A,DDX5,1
HNF4A,CHEK2,1
HNF4A,PPA2,1
HNF4A,GOT1,1
HNF4A,UCHL5,1
HNF4A,NUP54,1
HNF4A,ZNHIT3,1
HNF4A,HMGN4,1
HNF4A,TMEM37,1
HNF4A,CFAP20,1
HNF4A,TIMM50,1
HNF4A,TGIF2,1
HNF4A,MORN2,1
HNF4A,ECHDC2,1
HNF4A,RFC2,1
HNF4A,ANKRD1,1
HNF4A,FOXA1,1
HNF4A,MAD2L1BP,1
HNF4A,HSD17B7,1
HNF4A,TIPARP,1
HNF4A,ATG5,1
HNF4A,BPTF,1
HNF4A,MRPL1,1
HNF4A,NAA50,1
HNF4A,DDX54,1
HNF4A,PCIF1,1
HNF4A,PLAGL2,1
HNF4A,ZNF589,1
HNF4A,GSN,1
HNF4A,GEMIN7,1
HNF4A,NOL11,1
HNF4A,MCM7,1
HNF4A,TBPL1,1
HNF4A,NREP,1
HNF4A,ZNF670,1
HNF4A,PPCDC,1
HNF4A,GLUD1,1
HNF4A,BTG2,1
HNF4A,LRRC1,1
HNF4A,NHEJ1,1
HNF4A,ENO2,1
HNF4A,TGIF1,1
HNF4A,CUL2,1
HNF4A,NFATC2,1
HNF4A,BIRC5,1
HNF4A,TRIAP1,1
HNF4A,TMEM41A,1
HNF4A,HERPUD1,1
HNF4A,ATIC,1
HNF4A,NOL10,1
HNF4A,ILF3,1
HNF4A,GDAP1,1
HNF4A,DDIT4,1
HNF4A,MCM8,1
HNF4A,CDK5RAP2,1
HNF4A,PLK1,1
HNF4A,LAMB2,1
HNF4A,HAUS4,1
HNF4A,HNRNPR,1
HNF4A,SAAL1,1
HNF4A,EFTUD2,1
HNF4A,DPH6,1
HNF4A,SNRPD1,1
HNF4A,PPAT,1
HNF4A,MBIP,1
HNF4A,EZH2,1
HNF4A,DAXX,1
HNF4A,DR1,1
HNF4A,NIF3L1,1
HNF4A,GGH,1
HNF4A,CEBPA,1
HNF4A,PSME3,1
HNF4A,KIZ,1
HNF4A,HIBCH,1
HNF4A,ASNSD1,1
HNF4A,SRF,1
HNF4A,PCID2,1
HNF4A,DPCD,1
HNF4A,NT5DC2,1
HNF4A,MATR3,1
HNF4A,EXOC5,1
HNF4A,DPP4,1
HNF4A,RFC1,1
HNF4A,ATG4C,1
HNF4A,MCM4,1
HNF4A,METTL3,1
HNF4A,DEF8,1
HNF4A,ASPH,1
HNF4A,HOOK2,1
HNF4A,TBX3,1
HNF4A,HMGN3,1
HNF4A,POP5,1
HNF4A,FN1,1
HNF4A,CSDE1,1
HNF4A,RIOK1,1
HNF4A,CHD8,1
HNF4A,JAG1,1
HNF4A,MAFF,1
HNF4A,ANXA4,1
HNF4A,SERTAD3,1
HNF4A,ASF1A,1
HNF4A,PSPH,1
HNF4A,DSN1,1
HNF4A,EPB41L2,1
HNF4A,PNPT1,1
HNF4A,ZSWIM7,1
HNF4A,TFRC,1
HNF4A,SEPT10,1
HNF4A,HIF3A,1
HNF4A,TTC4,1
HNF4A,PFN2,1
HNF4A,BCS1L,1
HNF4A,VPS33A,1
HNF4A,RBBP8,1
HNF4A,MT1G,1
HNF4A,ECI2,1
HNF4A,TBL1X,1
HNF4A,NEDD1,1
HNF4A,CETN3,1
HNF4A,MRPS2,1
HNF4A,HNRNPH3,1
HNF4A,CAAP1,1
HNF4A,SKIL,1
HNF4A,METTL21A,1
HNF4A,SNRNP25,1
HNF4A,CPSF3,1
HNF4A,PLAC8,1
HNF4A,SKA3,1
HNF4A,EEF1E1,1
HNF4A,SLC25A11,1
HNF4A,ARL2,1
HNF4A,PHKA2,1
HNF4A,GEMIN2,1
HNF4A,FOXA2,1
HNF4A,TUBE1,1
HNF4A,RAD51,1
HNF4A,MPHOSPH6,1
HNF4A,ELF1,1
HNF4A,DDIT3,1
HNF4A,OAZ2,1
HNF4A,TFE3,1
HNF4A,SULT1A2,1
HNF4A,MAZ,1
HNF4A,FAM49B,1
HNF4A,EPAS1,1
HNF4A,DERA,1
HNF4A,IQGAP2,1
HNF4A,FAM13A,1
HNF4A,TBC1D1,1
HNF4A,RAMP1,1
HNF4A,GMEB1,1
HNF4A,ARMC9,1
HNF4A,AEBP2,1
HNF4A,PLTP,1
HNF4A,GRHL1,1
HNF4A,DNMT3B,1
HNF4A,HMGA1,1
HNF4A,TMEM237,1
HNF4A,MECR,1
HNF4A,AARS,1
HNF4A,STX8,1
HNF4A,ILF2,1
HNF4A,G6PC3,1
HNF4A,RRM2B,1
HNF4A,POLR3D,1
HNF4A,CBX3,1
HNF4A,MRPL15,1
HNF4A,GPN1,1
HNF4A,PRKCE,1
HNF4A,XRCC6,1
HNF4A,SLC29A1,1
HNF4A,HIF1AN,1
HNF4A,DGAT1,1
HNF4A,STEAP1,1
HNF4A,SAMHD1,1
HNF4A,CPSF6,1
HNF4A,TTLL4,1
HNF4A,FANCA,1
HNF4A,CMSS1,1
HNF4A,SRSF2,1
HNF4A,HMGCR,1
HNF4A,CAMK2D,1
HNF4A,MT1X,1
HNF4A,UGP2,1
HNF4A,NUDT15,1
HNF4A,CKAP2,1
HNF4A,ZFHX3,1
HNF4A,WARS,1
HNF4A,FOXO1,1
HNF4A,ZNF397,1
HNF4A,SUB1,1
HNF4A,EYA3,1
HNF4A,USP39,1
HNF4A,SCPEP1,1
HNF4A,PIGH,1
HNF4A,ABCA5,1
HNF4A,PIK3R1,1
HNF4A,ENO1,1
HNF4A,PTPN12,1
HNF4A,POLR2D,1
HNF4A,MRTO4,1
HNF4A,MTERF3,1
HNF4A,BST2,1
IRF3,E2F4,1
IRF3,TOP2A,1
IRF3,FLAD1,1
IRF3,GOT1,1
IRF3,ZFYVE21,1
IRF3,SHKBP1,1
JUN,GSN,1
JUN,BZW2,1
JUN,ANKRD1,1
JUN,JUND,1
JUN,ISG20,1
JUN,RCAN1,1
JUN,ATF3,1
JUN,RAI14,1
JUN,AXL,1
JUN,ATG5,1
JUN,FOSL2,1
JUN,NFATC2,1
JUN,MAFF,1
JUN,NME1,1
JUN,S100A16,1
JUN,ARG2,1
JUN,PRC1,1
JUN,JMJD1C,1
JUN,ANXA4,1
JUN,BDP1,1
JUN,ESYT1,1
JUN,PPFIBP2,1
JUN,TBL1X,1
JUN,SPAG9,1
JUN,NEK2,1
JUN,ABCE1,1
JUN,MXD1,1
JUN,CMSS1,1
JUN,PPCDC,1
JUN,CENPN,1
JUN,CAMK2D,1
JUN,ZNRD1,1
JUN,NAA16,1
JUN,ELF1,1
JUN,CYP3A5,1
JUN,HIST1H4C,1
JUN,KIF20B,1
JUN,FOSB,1
JUN,CENPE,1
JUN,CHEK2,1
JUN,BCAS2,1
JUN,MGME1,1
JUN,LIAS,1
JUN,SMARCD2,1
JUN,TTC39C,1
JUN,TRNT1,1
JUN,DPCD,1
JUN,ZNF217,1
JUN,AURKA,1
JUN,NDC80,1
JUN,TAF11,1
JUN,ANXA3,1
JUN,SLC39A1,1
JUN,MTMR2,1
JUN,HAUS2,1
JUN,ELOVL5,1
JUN,METTL1,1
JUN,CRELD1,1
JUN,SH3BGR,1
JUN,RNPS1,1
JUN,FLRT3,1
JUN,DCUN1D5,1
JUN,HCFC1,1
JUN,ZNF561,1
JUN,ZGRF1,1
JUN,CKS2,1
JUN,MRPS30,1
JUN,POLR1D,1
JUN,IL32,1
JUN,CREB3L2,1
JUN,EXOSC9,1
JUN,MRPL1,1
JUN,LAPTM4B,1
JUN,POP5,1
JUN,BTG1,1
JUN,NARS2,1
JUN,PRMT5,1
JUN,SLC25A37,1
JUN,PEF1,1
JUN,RNF19A,1
JUN,GOT1,1
JUN,PYCR1,1
JUN,FOXA1,1
JUN,SLC7A6,1
JUN,HNRNPH2,1
JUN,C11ORF74,1
JUN,AGTRAP,1
JUN,MBIP,1
JUN,RFC1,1
JUN,CHAF1A,1
JUN,NIF3L1,1
JUN,KPNA2,1
JUN,MTTP,1
JUN,HSD17B7,1
JUN,SUPV3L1,1
JUN,BMPR1A,1
JUN,CXXC1,1
JUN,TTI2,1
JUN,BRCA1,1
JUN,NUCB2,1
JUN,GLUD1,1
JUN,CENPK,1
JUN,TTK,1
JUN,PMS1,1
JUN,ETV4,1
JUN,SPTLC3,1
JUN,CENPH,1
JUN,SMIM20,1
JUN,APOB,1
JUN,PIK3R1,1
JUN,SERPINF1,1
JUN,GEMIN2,1
JUN,OGFOD1,1
JUN,FGG,1
JUN,AHSG,1
JUN,HGD,1
JUND,GSN,1
JUND,ISG20,1
JUND,ZNRD1,1
JUND,BZW2,1
JUND,NEK2,1
JUND,FOSL2,1
JUND,ARG2,1
JUND,F3,1
JUND,PRC1,1
JUND,NME1,1
JUND,ATG5,1
JUND,BDP1,1
JUND,MCM4,1
JUND,ABCE1,1
JUND,TAF11,1
JUND,CMSS1,1
JUND,MRPS11,1
JUND,SMARCD2,1
JUND,ESYT1,1
JUND,SPAG9,1
JUND,CENPE,1
JUND,CRBN,1
JUND,ABT1,1
JUND,NUF2,1
JUND,DNMT1,1
JUND,ANKRD1,1
JUND,HEXB,1
JUND,CENPU,1
JUND,NUP107,1
JUND,COPS7B,1
JUND,CENPN,1
JUND,ATG101,1
JUND,NFATC2,1
JUND,COPS5,1
JUND,SF3A3,1
JUND,SSBP2,1
JUND,CHEK2,1
JUND,NFYB,1
JUND,HAUS2,1
JUND,IDH3B,1
JUND,CAMK2D,1
JUND,ATF3,1
JUND,AXL,1
JUND,MAFF,1
JUND,TSFM,1
JUND,ELF1,1
JUND,TTI2,1
JUND,TRIAP1,1
JUND,RAI14,1
JUND,PRKCI,1
JUND,RCAN1,1
JUND,GPN1,1
JUND,EIF3J,1
JUND,TRNT1,1
JUND,NDC80,1
JUND,TARDBP,1
JUND,ERAL1,1
JUND,EED,1
JUND,EXOSC9,1
JUND,TMEM41A,1
JUND,UCHL5,1
JUND,TBL1X,1
JUND,ANLN,1
JUND,RAD1,1
JUND,BRIX1,1
JUND,HIST1H4C,1
JUND,MTMR2,1
JUND,TUBB6,1
JUND,LIAS,1
JUND,OPA1,1
JUND,CENPK,1
JUND,METTL1,1
JUND,ISY1,1
JUND,RBPJ,1
JUND,JUN,1
JUND,NUP54,1
JUND,ZGRF1,1
JUND,POLR1D,1
JUND,PPCDC,1
JUND,C11ORF74,1
JUND,CDK5RAP1,1
JUND,TATDN3,1
JUND,MED4,1
JUND,CYP3A5,1
JUND,WDR74,1
JUND,FASTKD2,1
JUND,KIF20B,1
JUND,MRPS27,1
JUND,MXD1,1
JUND,UTP18,1
JUND,VPS33A,1
JUND,DDIT3,1
JUND,FANCI,1
JUND,NAA16,1
JUND,PAFAH1B3,1
JUND,FOSB,1
JUND,MTF2,1
JUND,MTERF3,1
JUND,NOL11,1
JUND,RNPS1,1
JUND,TIMM21,1
JUND,CUL2,1
JUND,TP53,1
JUND,DEDD,1
JUND,MIS18A,1
JUND,TTC4,1
JUND,UPP1,1
JUND,AAR2,1
JUND,EFTUD2,1
JUND,IFT52,1
JUND,COPS2,1
JUND,SUPV3L1,1
JUND,ANXA4,1
JUND,SUGCT,1
JUND,MGME1,1
JUND,EWSR1,1
JUND,GTF2H3,1
JUND,MTIF2,1
JUND,SS18,1
JUND,PSIP1,1
JUND,MRPL1,1
JUND,MRPS30,1
JUND,JMJD1C,1
JUND,LAMC1,1
JUND,TRMT1,1
JUND,THOC1,1
JUND,MLST8,1
JUND,ILF2,1
JUND,ZNF143,1
JUND,MRPL16,1
JUND,RAB28,1
JUND,FOSL1,1
JUND,AAAS,1
JUND,HDAC1,1
JUND,TTC39C,1
JUND,PEF1,1
JUND,TNFAIP3,1
JUND,DCUN1D5,1
JUND,NDUFAF5,1
JUND,ZNF300,1
JUND,YARS,1
JUND,S100PBP,1
JUND,TGIF1,1
JUND,AURKA,1
JUND,RRM1,1
JUND,SAAL1,1
JUND,MRPL2,1
JUND,KLC4,1
JUND,HCFC1,1
JUND,ZNF561,1
JUND,PPFIBP2,1
JUND,CACYBP,1
JUND,RFC1,1
JUND,PCID2,1
JUND,ZNF227,1
JUND,FANCD2,1
JUND,ACADVL,1
JUND,MYL6B,1
JUND,NOL10,1
JUND,PFKM,1
JUND,TWISTNB,1
JUND,TBRG4,1
JUND,CAPN2,1
JUND,METTL18,1
JUND,POLR2K,1
JUND,C11ORF1,1
JUND,BCAS2,1
JUND,SRSF2,1
JUND,CDCA3,1
JUND,DNAJC2,1
JUND,MRPS35,1
JUND,MED20,1
JUND,DOT1L,1
JUND,UQCC1,1
JUND,CREB3L2,1
JUND,CNOT7,1
JUND,RFXANK,1
JUND,ECD,1
JUND,GTF3C5,1
JUND,LRRC40,1
JUND,MBIP,1
JUND,POLR1B,1
JUND,PISD,1
JUND,YWHAH,1
JUND,LAPTM4B,1
JUND,ARL14EP,1
JUND,BRMS1,1
JUND,PAK1IP1,1
JUND,ITIH4,1
JUND,ZNF217,1
JUND,POP5,1
JUND,GOT1,1
JUND,BRCA1,1
JUND,PSME3,1
JUND,SLC25A26,1
JUND,DUT,1
JUND,NIP7,1
JUND,PRIM2,1
JUND,EEF1E1,1
JUND,MRTO4,1
JUND,SNRPB,1
JUND,DDX5,1
JUND,DDX54,1
JUND,SF3B3,1
JUND,CRELD1,1
JUND,RAD51AP1,1
JUND,MAZ,1
JUND,FLRT3,1
JUND,PHF5A,1
JUND,NOP16,1
JUND,POLR2L,1
JUND,EIF2B3,1
JUND,ZFP64,1
JUND,ANXA3,1
JUND,DTWD1,1
JUND,SLC25A37,1
JUND,ZNF770,1
JUND,NARS2,1
JUND,S100A16,1
JUND,ERCC8,1
JUND,ELP2,1
JUND,ENO1,1
JUND,DPCD,1
JUND,RAD54B,1
JUND,PHB2,1
JUND,EMG1,1
JUND,ELOVL5,1
JUND,MTTP,1
JUND,CCDC77,1
JUND,ARID3B,1
JUND,C17ORF75,1
JUND,IFRD2,1
JUND,NIF3L1,1
JUND,POLR3D,1
JUND,ELL2,1
JUND,MLH1,1
JUND,ZNF581,1
JUND,HNRNPH3,1
JUND,TFE3,1
JUND,PARPBP,1
JUND,NUP37,1
JUND,SNRPD1,1
JUND,C12ORF10,1
JUND,BTG1,1
JUND,TDP1,1
JUND,KNTC1,1
JUND,TIMM50,1
JUND,DDX20,1
JUND,S100A13,1
JUND,CKS2,1
JUND,PTP4A1,1
JUND,PWP1,1
JUND,GTF2H2,1
JUND,FAM13A,1
JUND,GTF3C2,1
JUND,MST1,1
JUND,PNPT1,1
JUND,TP53INP2,1
JUND,MAD2L1BP,1
JUND,TDP2,1
JUND,DHRS3,1
JUND,CHEK1,1
JUND,HERPUD1,1
JUND,PRMT5,1
JUND,NR1H3,1
JUND,GEMIN7,1
JUND,NUDCD1,1
JUND,ING3,1
JUND,PIK3R4,1
JUND,TIMM9,1
JUND,KIAA0586,1
JUND,XPO6,1
JUND,HARS,1
JUND,NOSIP,1
JUND,CPSF3,1
JUND,NVL,1
JUND,ADNP,1
JUND,RBM39,1
JUND,LTV1,1
JUND,CFAP20,1
JUND,NBAS,1
JUND,SLC39A1,1
JUND,CCDC169,1
JUND,SKIL,1
JUND,HIF1AN,1
JUND,SDAD1,1
JUND,PYCR1,1
JUND,CRABP2,1
JUND,VPS72,1
JUND,ILF3,1
JUND,UTP15,1
JUND,TBPL1,1
JUND,BSCL2,1
JUND,SRSF1,1
JUND,PROSER1,1
JUND,C19ORF48,1
JUND,C9ORF72,1
JUND,NEDD1,1
JUND,MRRF,1
JUND,GABPB1,1
JUND,TMEM69,1
JUND,NUDT15,1
JUND,SSRP1,1
JUND,VRK1,1
JUND,METTL3,1
JUND,HIST1H2BC,1
JUND,G6PC3,1
JUND,PA2G4,1
JUND,GTF2F2,1
JUND,THAP1,1
JUND,RAD54L,1
JUND,ZNF589,1
JUND,BRCA2,1
JUND,CAAP1,1
JUND,WDR75,1
JUND,LAMB2,1
JUND,NEDD4L,1
JUND,RFC4,1
JUND,TF,1
JUND,HNRNPD,1
JUND,RUVBL1,1
JUND,CYB5B,1
JUND,WARS,1
JUND,CHAF1A,1
JUND,HK1,1
JUND,ANP32E,1
JUND,C1ORF109,1
JUND,HSD17B7,1
JUND,HMGCL,1
JUND,IRF9,1
JUND,ATL2,1
JUND,HAT1,1
JUND,GPN3,1
JUND,RUVBL2,1
JUND,KPNA2,1
JUND,KLHL7,1
JUND,EXOSC3,1
JUND,HMGA1,1
JUND,MAP1B,1
JUND,CDK4,1
JUND,MORN2,1
JUND,MCM8,1
JUND,ATP2C1,1
JUND,ZSCAN21,1
JUND,TBX3,1
JUND,THRAP3,1
JUND,EXOSC5,1
JUND,PEX19,1
JUND,SLC35B4,1
JUND,CEBPZ,1
JUND,ALG8,1
JUND,COPS7A,1
JUND,WDHD1,1
JUND,USP39,1
JUND,TMEM147,1
JUND,KAT7,1
JUND,KEAP1,1
JUND,TARBP2,1
JUND,RECQL,1
JUND,METAP1,1
JUND,MCM7,1
JUND,CCDC88A,1
JUND,ATG3,1
JUND,PPIL1,1
JUND,EEF1A1,1
JUND,ZNF398,1
JUND,IMMP1L,1
JUND,IL32,1
JUND,NUP85,1
JUND,AKR1C3,1
JUND,VEZF1,1
JUND,ZNHIT3,1
JUND,POLR1C,1
JUND,HMGN4,1
JUND,GALE,1
JUND,MECR,1
JUND,SRRM1,1
JUND,AARS,1
JUND,TAF5,1
JUND,UBL7,1
JUND,DR1,1
JUND,DCAF13,1
JUND,TCF3,1
JUND,ACOT7,1
JUND,RPUSD4,1
JUND,FAM118B,1
JUND,NUP35,1
JUND,TXNDC9,1
JUND,EIF5B,1
JUND,TIMMDC1,1
JUND,NUP93,1
JUND,SLC7A6,1
JUND,ASXL1,1
JUND,THAP4,1
JUND,DDIT4,1
JUND,CSDE1,1
JUND,BTG2,1
JUND,DRAP1,1
JUND,PLAA,1
JUND,EXOSC1,1
JUND,ECSIT,1
JUND,NAA15,1
JUND,PRKCE,1
JUND,DPH5,1
JUND,LRRC1,1
JUND,BIRC5,1
JUND,WBP11,1
JUND,LTA4H,1
JUND,GATM,1
JUND,WDR43,1
JUND,TMEM237,1
JUND,RAB34,1
JUND,HJURP,1
JUND,CHCHD6,1
JUND,FLAD1,1
JUND,EXOC5,1
JUND,TMEM126B,1
JUND,SIRT2,1
JUND,XRCC6,1
JUND,TFRC,1
JUND,DNAJB9,1
JUND,TTK,1
JUND,TRIM28,1
JUND,HIST1H1C,1
JUND,PLK1,1
JUND,SLC38A1,1
JUND,PPT1,1
JUND,BCS1L,1
JUND,ING5,1
JUND,NTHL1,1
JUND,E2F4,1
JUND,ZRANB2,1
JUND,NCOA1,1
JUND,BLMH,1
JUND,KIF20A,1
JUND,POLD3,1
JUND,FOXA1,1
JUND,ZNF260,1
JUND,SLC5A6,1
JUND,MED30,1
JUND,ORC4,1
JUND,HNRNPH2,1
JUND,CHD8,1
JUND,XBP1,1
JUND,MTX2,1
JUND,DTYMK,1
JUND,PCNA,1
JUND,ICE2,1
JUND,U2AF1,1
JUND,RIOK1,1
JUND,HIBCH,1
JUND,ASNSD1,1
JUND,ORC5,1
JUND,AFF4,1
JUND,DGAT1,1
JUND,NREP,1
JUND,MRPS2,1
JUND,ETV4,1
JUND,ACADSB,1
JUND,DCTPP1,1
JUND,CAPG,1
JUND,COPS3,1
JUND,GLI1,1
JUND,C11ORF54,1
JUND,CUEDC2,1
JUND,TPX2,1
JUND,HIST1H1E,1
JUND,ICA1,1
JUND,CXXC1,1
JUND,SRSF3,1
JUND,CENPH,1
JUND,ATG4C,1
JUND,MRPL49,1
JUND,TBC1D1,1
JUND,EXOSC8,1
JUND,ZSWIM7,1
JUND,ESCO2,1
JUND,PSAT1,1
JUND,SKA3,1
JUND,ZDHHC4,1
JUND,MLF1,1
JUND,GYG1,1
JUND,BUB1B,1
JUND,GDAP1,1
JUND,STARD3NL,1
JUND,APEX1,1
JUND,CCDC138,1
JUND,MCRS1,1
JUND,GTF2E1,1
JUND,RNF19A,1
JUND,MRPL15,1
JUND,MATR3,1
JUND,AAMP,1
JUND,ETV5,1
JUND,IGF1R,1
JUND,CMC1,1
JUND,LSM10,1
JUND,LRR1,1
JUND,FAM49B,1
JUND,COQ3,1
JUND,PLAGL2,1
JUND,C9ORF78,1
JUND,ING1,1
JUND,EYA3,1
JUND,MIS18BP1,1
JUND,CETN3,1
JUND,PDCD11,1
JUND,SHMT2,1
JUND,ECT2,1
JUND,BUB1,1
JUND,SUPT16H,1
JUND,SMAD5,1
JUND,CCDC66,1
JUND,HMBS,1
JUND,ASF1A,1
JUND,UBE2T,1
JUND,ETV1,1
JUND,FN1,1
JUND,ENO2,1
JUND,STAT2,1
JUND,PSPH,1
JUND,OGFOD1,1
JUND,THYN1,1
JUND,IQGAP2,1
JUND,POLB,1
JUND,NUDT1,1
JUND,PLRG1,1
JUND,DROSHA,1
JUND,RFC2,1
JUND,ZNF644,1
JUND,HACL1,1
JUND,PCIF1,1
JUND,HMGCR,1
JUND,NDUFAF4,1
JUND,FXR1,1
JUND,WRB,1
JUND,BPTF,1
JUND,KIF22,1
JUND,PDZK1,1
JUND,DSN1,1
JUND,ZCCHC7,1
JUND,METTL5,1
JUND,SUB1,1
JUND,METTL8,1
JUND,HSDL2,1
JUND,HNRNPK,1
JUND,SH3BGR,1
JUND,RBBP4,1
JUND,SVIL,1
JUND,GNPNAT1,1
JUND,DHPS,1
JUND,IMP4,1
JUND,TERF1,1
JUND,CBX3,1
JUND,XRCC5,1
JUND,DNPEP,1
JUND,ELMOD2,1
JUND,ASL,1
JUND,WDR12,1
JUND,CDKN1A,1
JUND,DNAH14,1
JUND,SMC4,1
JUND,ASNS,1
JUND,NAA50,1
JUND,PPAT,1
JUND,SUV39H2,1
JUND,IFNGR1,1
JUND,CDC6,1
JUND,SGK1,1
JUND,RRM2B,1
JUND,IVNS1ABP,1
JUND,NUCB2,1
JUND,POLR3G,1
JUND,ZNF397,1
JUND,HNRNPAB,1
JUND,PSEN1,1
JUND,KIF23,1
JUND,TK1,1
JUND,DBF4,1
JUND,DHCR7,1
JUND,BTF3,1
JUND,BBS7,1
JUND,TOPORS,1
JUND,AMZ2,1
JUND,SMC2,1
JUND,NFKBIZ,1
JUND,CEP70,1
JUND,TADA1,1
JUND,KLHDC2,1
JUND,BMPR1A,1
JUND,SMARCA5,1
JUND,ZNF202,1
JUND,SP100,1
JUND,FARSA,1
JUND,ZNF146,1
JUND,TYMS,1
JUND,TFF1,1
JUND,BRIP1,1
JUND,ID2,1
JUND,KNSTRN,1
JUND,DPH6,1
JUND,ASCC3,1
JUND,TUBE1,1
JUND,HMGA2,1
JUND,SIRT1,1
JUND,TIPARP,1
JUND,KIFAP3,1
JUND,GEMIN2,1
JUND,VTN,1
JUND,EBNA1BP2,1
JUND,ELOF1,1
JUND,NPM1,1
JUND,CAPRIN1,1
JUND,NUP88,1
JUND,ZBTB3,1
JUND,TBCB,1
JUND,POLR2I,1
JUND,ACY1,1
JUND,FANCA,1
JUND,MAD2L1,1
JUND,CDK1,1
JUND,XPO5,1
JUND,LMO7,1
JUND,SEC22C,1
JUND,TEX10,1
JUND,MTHFD2,1
JUND,CNBP,1
JUND,CUTC,1
JUND,ZNF766,1
JUND,B4GALT3,1
JUND,SERTAD3,1
JUND,PMS1,1
JUND,PARP1,1
JUND,HMCES,1
JUND,PPA2,1
JUND,ZWINT,1
JUND,MGST2,1
JUND,ZNF354A,1
JUND,TIPIN,1
JUND,SSB,1
JUND,CPSF6,1
JUND,ZMYM1,1
JUND,GMNN,1
JUND,AGTRAP,1
JUND,SLC38A2,1
JUND,AIMP2,1
JUND,ANAPC7,1
JUND,TAF7,1
JUND,MYBBP1A,1
JUND,RAD51,1
JUND,STX8,1
JUND,M6PR,1
JUND,POLR2D,1
JUND,TUBA1B,1
JUND,CD320,1
JUND,HMGB2,1
JUND,PAPOLA,1
JUND,ARID2,1
JUND,WDR3,1
JUND,USP1,1
JUND,ACTC1,1
JUND,G2E3,1
JUND,HOOK2,1
JUND,SERPINF1,1
JUND,PTPN12,1
JUND,METTL21A,1
JUND,GALM,1
JUND,FOXP1,1
JUND,FUBP1,1
JUND,NTMT1,1
JUND,JARID2,1
JUND,USP28,1
JUND,PIK3R1,1
JUND,CRAT,1
JUND,PRAP1,1
JUND,CCDC82,1
JUND,UGP2,1
JUND,TAF1B,1
JUND,UBAC2,1
JUND,AEBP2,1
JUND,HNRNPR,1
JUND,AATF,1
JUND,MCM3,1
JUND,RSU1,1
JUND,DCLRE1C,1
JUND,ARHGAP26,1
JUND,HSD17B11,1
JUND,PLAC8,1
JUND,IDI1,1
JUND,YBX1,1
JUND,NCAPG,1
JUND,SRF,1
JUND,R3HDM1,1
JUND,MSH2,1
JUND,PPP1R21,1
JUND,EXTL2,1
JUND,COMMD10,1
JUND,RBP4,1
JUND,SMIM20,1
JUND,POLR2G,1
JUND,ORC6,1
JUND,ECHDC1,1
JUND,PPP1CC,1
JUND,CCS,1
JUND,ARL15,1
JUND,EPS8L2,1
JUND,RBBP8,1
JUND,HAUS4,1
JUND,ABCA5,1
JUND,HPN,1
JUND,MED14,1
JUND,HDGF,1
JUND,MYO9A,1
JUND,CAT,1
JUND,MAT2B,1
JUND,SUCLA2,1
JUND,IQCB1,1
JUND,ZNF567,1
JUND,DLGAP5,1
JUND,PAWR,1
JUND,ATIC,1
JUND,SMARCC1,1
JUND,RIOK3,1
JUND,PUS7L,1
JUND,HMMR,1
JUND,VPS26A,1
JUND,TRIM25,1
JUND,DEK,1
JUND,TPD52L1,1
JUND,GLUD1,1
JUND,NIFK,1
JUND,GMPR2,1
JUND,MYC,1
JUND,SLC25A4,1
JUND,MYBL2,1
JUND,GGH,1
JUND,TM7SF3,1
JUND,FANCL,1
JUND,CCDC126,1
JUND,SP4,1
JUND,PIGH,1
JUND,NUPR1,1
JUND,HSD17B2,1
JUND,POLD2,1
JUND,COMMD3,1
JUND,APOB,1
JUND,TFDP2,1
JUND,HINFP,1
JUND,SLC39A10,1
JUND,RRM2,1
JUND,ZNF670,1
JUND,MPHOSPH9,1
JUND,CTSV,1
JUND,CLDN4,1
JUND,MDK,1
JUND,CCND1,1
JUND,MYO10,1
JUND,PIH1D1,1
JUND,IL6ST,1
JUND,CFAP36,1
JUND,STEAP1,1
JUND,ZNF33A,1
JUND,CRYZL1,1
JUND,DAXX,1
JUND,TCFL5,1
JUND,CCNB1,1
JUND,BPHL,1
JUND,POLR2B,1
JUND,CREB1,1
JUND,NR2F2,1
JUND,KATNA1,1
JUND,MT1X,1
JUND,RNF138,1
JUND,SPTLC3,1
JUND,ATP1B3,1
JUND,ACTL6A,1
JUND,DNMT3A,1
JUND,STMN1,1
JUND,TMEM97,1
JUND,FUCA1,1
JUND,BCKDK,1
JUND,TTLL4,1
JUND,PSMB10,1
JUND,KIZ,1
JUND,TTF2,1
JUND,GSTK1,1
JUND,ESPL1,1
JUND,PDE6D,1
JUND,ZNF232,1
JUND,CNTRL,1
JUND,MCM2,1
JUND,FOXM1,1
JUND,C1GALT1,1
JUND,FGA,1
JUND,HNF4A,1
JUND,E2F3,1
JUND,MPC1,1
JUND,FGFR1,1
JUND,SIL1,1
JUND,TRIM27,1
JUND,POLE4,1
JUND,EFNA1,1
JUND,CEBPA,1
JUND,RABEPK,1
JUND,GMPS,1
JUND,APOA2,1
JUND,ZNF253,1
JUND,ZNF638,1
JUND,GGCT,1
JUND,CMPK1,1
JUND,MEST,1
JUND,SALL2,1
JUND,USP45,1
JUND,PAPSS1,1
JUND,ELOVL6,1
JUND,SLC2A1,1
JUND,TMEM177,1
JUND,AGT,1
JUND,DEPDC7,1
JUND,THAP11,1
JUND,FBL,1
JUND,APPL2,1
JUND,TMEM37,1
JUND,GATAD2B,1
JUND,WDYHV1,1
JUND,GLMN,1
JUND,DPF2,1
JUND,AKR1B1,1
JUND,ASPH,1
JUND,NME2,1
JUND,HMGN2,1
JUND,TAF9B,1
JUND,TMEM216,1
JUND,NHEJ1,1
JUND,IRF3,1
JUND,QPCT,1
JUND,F2RL1,1
JUND,ZNF91,1
JUND,TOP2B,1
JUND,RAMP1,1
JUND,HGD,1
JUND,CDKN3,1
JUND,BBS9,1
JUND,ATP1B1,1
JUND,C12ORF45,1
JUND,PTMA,1
JUND,NCOA6,1
JUND,HAVCR1,1
JUND,OAZ2,1
JUND,F2,1
JUND,NCK1,1
JUND,ZFP36,1
JUND,PDCD2L,1
JUND,AHR,1
JUND,SNAPC1,1
JUND,ACAA1,1
JUND,POLR1E,1
JUND,ZFHX3,1
JUND,SMARCA4,1
JUND,DERA,1
JUND,DPYSL2,1
JUND,ANAPC4,1
JUND,MTAP,1
JUND,APOC1,1
JUND,ARMC9,1
JUND,SEPT10,1
JUND,LEFTY1,1
JUND,HDHD3,1
JUND,GALK1,1
JUND,NPPB,1
JUND,PTPRM,1
JUND,LEAP2,1
JUND,H1F0,1
JUND,SCPEP1,1
JUND,JAG1,1
JUND,EPHX2,1
JUND,NR1I3,1
JUND,AHSG,1
JUND,TMEM14A,1
JUND,USP10,1
JUND,PYGL,1
JUND,FGG,1
JUND,FOXA2,1
JUND,ZNF101,1
JUND,LIFR,1
JUND,C3,1
JUND,YAF2,1
JUND,KLF5,1
JUND,SULT1A2,1
JUND,ARSE,1
JUND,SQLE,1
JUND,ACSL5,1
JUND,SORBS2,1
JUND,ACAT2,1
JUND,SPINK1,1
JUND,VIL1,1
JUND,LDB2,1
JUND,ITGB5,1
JUND,TCF25,1
JUND,FAM151A,1
JUND,EPB41L2,1
JUND,GPRC5C,1
JUND,TGIF2,1
JUND,DDC,1
JUND,PEG3,1
JUND,SMOX,1
JUND,SLC35D2,1
JUND,MAF,1
JUND,AMBP,1
JUND,F10,1
JUND,FABP1,1
JUND,HPR,1
JUND,TTR,1
JUND,HMGN3,1
JUND,SRM,1
JUND,EPAS1,1
JUND,PDCD4,1
JUND,HP,1
JUND,TM4SF5,1
JUND,FMO5,1
JUND,EMP2,1
JUND,EHMT2,1
JUND,MTUS1,1
JUND,ACOX2,1
JUND,SERPIND1,1
JUND,MLXIPL,1
JUND,FOXO1,1
JUND,APOC2,1
JUND,HPX,1
JUND,SMLR1,1
JUND,ALB,1
JUND,RIN2,1
JUND,NNT,1
JUND,APOA1,1
JUND,NRIP1,1
JUND,ASGR1,1
JUND,APOC3,1
JUND,IPO5,1
JUND,NFIB,1
JUND,UNC93A,1
JUND,DBNDD2,1
JUND,NR5A2,1
MAFF,TTR,1
MAFF,SULT1A2,1
MAFF,GSTA1,1
MAFF,PIK3R1,1
MAFF,GSTA2,1
MAFF,CNOT7,1
MAFF,PARP1,1
MAFF,SLC7A8,1
MAFF,AMBP,1
MAFF,TMEM37,1
MAFF,NDUFAF4,1
MAFF,AHSG,1
MAFF,TCF4,1
MAFF,MAPK1,1
MAFF,MLH1,1
MAFF,RBM39,1
MAFF,NUF2,1
MAFF,MTMR2,1
MAFF,SERPIND1,1
MAFF,CCDC126,1
MAFF,ASXL1,1
MAFF,SLC25A11,1
MAFF,ANXA4,1
MAFF,NCAPG,1
MAFF,TIPIN,1
MAFF,HNRNPH3,1
MAFF,CHAF1A,1
MAFF,METTL1,1
MAFF,RRM1,1
MAFF,KEAP1,1
MAFF,EED,1
MAFF,TRMT1,1
MAFF,PLAGL2,1
MAFF,TARDBP,1
MAFF,CDH2,1
MAFF,BBS7,1
MAFF,SKA3,1
MAFF,BCAS2,1
MAFF,PRMT5,1
MAFF,HIST1H2BC,1
MAFF,AAAS,1
MAFF,C12ORF10,1
MAFF,BLMH,1
MAFF,ANKRD1,1
MAFF,METTL3,1
MAFF,APOC1,1
MAFF,LAMC1,1
MAFF,POLB,1
MAFF,TAF11,1
MAFF,ITIH4,1
MAFF,ETV5,1
MAFF,BRIP1,1
MAFF,USP7,1
MAFF,GLUD1,1
MAFF,TBL1X,1
MAFF,MCM2,1
MAFF,ZRANB2,1
MAFF,GSN,1
MAFF,FHL2,1
MAFF,RCAN1,1
MAFF,IFT52,1
MAFF,NREP,1
MAFF,UTP18,1
MAFF,DNAJC2,1
MAFF,EWSR1,1
MAFF,DPP4,1
MAFF,NOL11,1
MAFF,AMZ2,1
MAFF,SMLR1,1
MAFF,HNRNPK,1
MAFF,EIF2B3,1
MAFF,BZW2,1
MAFF,LMO7,1
MAFF,SMARCA5,1
MAFF,ACY1,1
MAFF,TRIP13,1
MAFF,TAF1A,1
MAFF,SRSF2,1
MAFF,EPSTI1,1
MAFF,OIP5,1
MAFF,NUSAP1,1
MAFF,WDHD1,1
MAFF,TTC39C,1
MAFF,SPP1,1
MAFF,NUP85,1
MAFF,RAD51AP1,1
MAFF,HIST1H4C,1
MAFF,NME1,1
MAFF,PHB2,1
MAFF,EMG1,1
MAFF,ILF2,1
MAFF,SPTLC3,1
MAFF,SPAG9,1
MAFF,NIF3L1,1
MAFF,ASNSD1,1
MAFF,CSDE1,1
MAFF,MIS18A,1
MAFF,MEP1A,1
MAFF,MYO9A,1
MAFF,MTAP,1
MAFF,DDX5,1
MAFF,CALML4,1
MAFF,TMEM69,1
MAFF,PAPOLA,1
MAFF,SLC35B4,1
MAFF,COPS3,1
MAFF,MRPL1,1
MAFF,CMSS1,1
MAFF,C11ORF74,1
MAFF,METTL18,1
MAFF,ZNHIT3,1
MAFF,POLR2B,1
MAFF,GPC3,1
MAFF,TNFAIP3,1
MAFF,NEDD4L,1
MAFF,HMGN4,1
MAFF,IRF9,1
MAFF,TDP2,1
MAFF,RAD54B,1
MAFF,DDX20,1
MAFF,MYCN,1
MAFF,PAK1IP1,1
MAFF,NOP16,1
MAFF,KIZ,1
MAFF,COPS2,1
MAFF,FARSA,1
MAFF,SIRT2,1
MAFF,ZFAND2A,1
MAFF,AURKA,1
MAFF,YARS,1
MAFF,S100PBP,1
MAFF,ZNF260,1
MAFF,PMM1,1
MAFF,STMN1,1
MAFF,FGG,1
MAFF,ALG8,1
MAFF,IQCB1,1
MAFF,NUP107,1
MAFF,TTI2,1
MAFF,GALM,1
MAFF,ABCE1,1
MAFF,PEG3,1
MAFF,HACL1,1
MAFF,BRCA1,1
MAFF,SUPT16H,1
MAFF,NUDT15,1
MAFF,CCND1,1
MAFF,ARL15,1
MAFF,PYGL,1
MAFF,GOT1,1
MAFF,ETV4,1
MAFF,NAA15,1
MAFF,CEBPZ,1
MAFF,CAMK2D,1
MAFF,EEF1A1,1
MAFF,SMARCC1,1
MAFF,NDUFAF5,1
MAFF,ATG4C,1
MAFF,SNRPB,1
MAFF,AGTRAP,1
MAFF,GMEB1,1
MAFF,WDR12,1
MAFF,PCNA,1
MAFF,TUBA1B,1
MAFF,ZSWIM8,1
MAFF,UTRN,1
MAFF,M6PR,1
MAFF,SLC7A6,1
MAFF,ZNF589,1
MAFF,ATG5,1
MAFF,IL32,1
MAFF,NOSIP,1
MAFF,CREB3L3,1
MAFF,ZNRD1,1
MAFF,NUP54,1
MAFF,SLC35D2,1
MAFF,CLDN4,1
MAFF,SMARCD2,1
MAFF,CCDC138,1
MAFF,RUVBL1,1
MAFF,TSR1,1
MAFF,TOPORS,1
MAFF,MAD2L1,1
MAFF,CDK5RAP1,1
MAFF,PTP4A1,1
MAFF,TK1,1
MAFF,GTF2F2,1
MAFF,SF3A3,1
MAFF,CACYBP,1
MAFF,NIP7,1
MAFF,MTF2,1
MAFF,MST1,1
MAFF,NR1I3,1
MAFF,CENPU,1
MAFF,CENPH,1
MAFF,VPS72,1
MAFF,TATDN3,1
MAFF,HARS,1
MAFF,STAT2,1
MAFF,MAT2B,1
MAFF,LIAS,1
MAFF,HERPUD1,1
MAFF,CFAP20,1
MAFF,MT1X,1
MAFF,LEAP2,1
MAFF,PPIL1,1
MAFF,APOA2,1
MAFF,DNMT3A,1
MAFF,ALDH1A1,1
MAFF,IDH3B,1
MAFF,NBAS,1
MAFF,MBIP,1
MAFF,PHF5A,1
MAFF,RECQL,1
MAFF,DNPEP,1
MAFF,SGK1,1
MAFF,MTIF2,1
MAFF,FGA,1
MAFF,EFTUD2,1
MAFF,CKAP2,1
MAFF,CENPK,1
MAFF,TXNDC9,1
MAFF,EIF5B,1
MAFF,ID2,1
MAFF,DDC,1
MAFF,FOXA1,1
MAFF,CEP70,1
MAFF,XRCC5,1
MAFF,NEK2,1
MAFF,BDP1,1
MAFF,THOC1,1
MAFF,HSD17B11,1
MAFF,BTF3,1
MAFF,NUDCD1,1
MAFF,ZNF770,1
MAFF,TCERG1,1
MAFF,PFKM,1
MAFF,PAWR,1
MAFF,C11ORF1,1
MAFF,SLC39A1,1
MAFF,PEMT,1
MAFF,CREB3L4,1
MAFF,ILF3,1
MAFF,POLR2K,1
MAFF,HNRNPUL1,1
MAZ,TGIF2,1
MAZ,POU2F1,1
MAZ,SUGCT,1
MAZ,DRAP1,1
MAZ,NDUFAF4,1
MAZ,G2E3,1
MAZ,CCDC88A,1
MAZ,MBIP,1
MAZ,TADA1,1
MAZ,MTF2,1
MAZ,EEF1A1,1
MAZ,ZBTB24,1
MAZ,SIL1,1
MAZ,HDGF,1
MAZ,SRSF2,1
MAZ,ELOF1,1
MAZ,DDX20,1
MAZ,TFRC,1
MAZ,CNOT7,1
MAZ,UTP18,1
MAZ,NPM1,1
MAZ,SMAD5,1
MAZ,EPB41L2,1
MAZ,SSBP2,1
MAZ,WDR43,1
MAZ,GTF3C2,1
MAZ,ELMOD2,1
MAZ,NOP16,1
MAZ,RCAN1,1
MAZ,JARID2,1
MAZ,KLHL7,1
MAZ,SVIL,1
MAZ,TMEM126B,1
MAZ,LIAS,1
MAZ,TMEM69,1
MAZ,KPNA2,1
MAZ,DNAJC2,1
MAZ,DPH5,1
MAZ,VPS26A,1
MAZ,ACADSB,1
MAZ,PFKM,1
MAZ,CHD8,1
MAZ,TRIAP1,1
MAZ,AFF4,1
MAZ,JMJD1C,1
MAZ,COPS2,1
MAZ,ARID3B,1
MAZ,NUF2,1
MAZ,METTL1,1
MAZ,EHMT2,1
MAZ,TCF3,1
MAZ,CPSF6,1
MAZ,CENPU,1
MAZ,FAM49B,1
MAZ,SLC38A2,1
MAZ,HNRNPUL1,1
MAZ,CDK4,1
MAZ,TMEM41A,1
MAZ,DDB2,1
MAZ,HNRNPD,1
MAZ,GPN3,1
MAZ,NCOA6,1
MAZ,YARS,1
MAZ,S100PBP,1
MAZ,SF3A3,1
MAZ,USP7,1
MAZ,ZNF143,1
MAZ,THRAP3,1
MAZ,ATP11C,1
MAZ,IFRD2,1
MAZ,EGR1,1
MAZ,USP45,1
MAZ,TIMMDC1,1
MAZ,APPL2,1
MAZ,DR1,1
MAZ,AEBP2,1
MAZ,KNTC1,1
MAZ,SMARCD2,1
MAZ,GSN,1
MAZ,METTL21A,1
MAZ,PCID2,1
MAZ,VPS72,1
MAZ,KEAP1,1
MAZ,ORC4,1
MAZ,ZNF398,1
MAZ,MRPL16,1
MAZ,CRYZL1,1
MAZ,MECR,1
MAZ,ECD,1
MAZ,GTF2H3,1
MAZ,NME1,1
MAZ,HMGN1,1
MAZ,SIRT1,1
MAZ,TATDN3,1
MAZ,CCDC77,1
MAZ,IGF1R,1
MAZ,DNMT1,1
MAZ,RUVBL2,1
MAZ,FGFR1,1
MAZ,NUP85,1
MAZ,PPP1R21,1
MAZ,TSFM,1
MAZ,TCF19,1
MAZ,RUVBL1,1
MAZ,ATF3,1
MAZ,SRSF1,1
MAZ,SEC22C,1
MAZ,ECI2,1
MAZ,ASCC3,1
MAZ,DTWD1,1
MAZ,HNRNPR,1
MAZ,CAMK2D,1
MAZ,TTLL4,1
MAZ,ANLN,1
MAZ,ANAPC4,1
MAZ,CCDC126,1
MAZ,BLMH,1
MAZ,GEMIN8,1
MAZ,SERTAD3,1
MAZ,RBM39,1
MAZ,MLST8,1
MAZ,TARDBP,1
MAZ,ATG3,1
MAZ,GTF2I,1
MAZ,TAF6,1
MAZ,NOL11,1
MAZ,EHMT1,1
MAZ,C17ORF75,1
MAZ,MATR3,1
MAZ,TBX3,1
MAZ,ZNF260,1
MAZ,ZNF33A,1
MAZ,HMGN2,1
MAZ,TMEM237,1
MAZ,PIAS3,1
MAZ,CDCA2,1
MAZ,C6ORF203,1
MAZ,ATL2,1
MAZ,SMARCE1,1
MAZ,AMZ2,1
MAZ,GTF2H2,1
MAZ,GGH,1
MAZ,TBPL1,1
MAZ,ASXL1,1
MAZ,TTC4,1
MAZ,PEMT,1
MAZ,ISG20,1
MAZ,MRPS2,1
MAZ,ACTN1,1
MAZ,TEX10,1
MAZ,PHB2,1
MAZ,EMG1,1
MAZ,EIF3J,1
MAZ,PAFAH1B3,1
MAZ,FOSL2,1
MAZ,RNF19A,1
MAZ,DNMT3A,1
MAZ,UBL7,1
MAZ,SEC11C,1
MAZ,RBPJ,1
MAZ,NAA50,1
MAZ,CCDC138,1
MAZ,COPS7A,1
MAZ,GGPS1,1
MAZ,PPA2,1
MAZ,TMEM147,1
MAZ,MYO9A,1
MAZ,TGIF1,1
MAZ,ATG101,1
MAZ,SRF,1
MAZ,OPA1,1
MAZ,CDK5RAP1,1
MAZ,BPTF,1
MAZ,GALE,1
MAZ,EIF2B3,1
MAZ,NUP54,1
MAZ,GEMIN7,1
MAZ,ENO1,1
MAZ,DNPEP,1
MAZ,ZNF581,1
MAZ,IRF9,1
MAZ,ARL15,1
MAZ,COPS7B,1
MAZ,HNRNPH3,1
MAZ,ILF3,1
MAZ,TM7SF3,1
MAZ,PWP1,1
MAZ,GTF2E1,1
MAZ,TUBA1B,1
MAZ,NHEJ1,1
MAZ,NR3C1,1
MAZ,METAP1,1
MAZ,RAI14,1
MAZ,NUP93,1
MAZ,DDX5,1
MAZ,AGO2,1
MAZ,HMCES,1
MAZ,MPHOSPH6,1
MAZ,MYBBP1A,1
MAZ,EXTL2,1
MAZ,CCDC82,1
MAZ,PROSER1,1
MAZ,TEAD4,1
MAZ,LRRC40,1
MAZ,CAPRIN1,1
MAZ,BZW2,1
MAZ,RAD54L,1
MAZ,CPSF3,1
MAZ,SLC25A4,1
MAZ,MCM7,1
MAZ,DAB2,1
MAZ,MAT2B,1
MAZ,HDAC1,1
MAZ,PHC1,1
MAZ,GMPS,1
MAZ,ING3,1
MAZ,CSDE1,1
MAZ,PBX1,1
MAZ,PCIF1,1
MAZ,PLAGL2,1
MAZ,TAF5,1
MAZ,ZSWIM7,1
MAZ,XPO6,1
MAZ,RNF138,1
MAZ,IGF2BP3,1
MAZ,PRKCE,1
MAZ,RFXANK,1
MAZ,RBBP4,1
MAZ,STAT2,1
MAZ,OAZ2,1
MAZ,SKIL,1
MAZ,DDIT3,1
MAZ,UCHL5,1
MAZ,NOSIP,1
MAZ,RBBP7,1
MAZ,POLB,1
MAZ,PRIM2,1
MAZ,APEH,1
MAZ,IVNS1ABP,1
MAZ,BTG2,1
MAZ,HIF1AN,1
MAZ,MCRS1,1
MAZ,PPCDC,1
MAZ,RIOK1,1
MAZ,PTMA,1
MAZ,HMGN3,1
MAZ,EMP2,1
MAZ,ING1,1
MAZ,ARID2,1
MAZ,G6PC3,1
MAZ,PARPBP,1
MAZ,NUP37,1
MAZ,PPP1CC,1
MAZ,CREB1,1
MAZ,USP1,1
MAZ,ATP1B3,1
MAZ,MAD2L1BP,1
MAZ,TAF11,1
MAZ,MAPK1,1
MAZ,MTIF2,1
MAZ,CDCA3,1
MAZ,C1GALT1,1
MAZ,TIMM50,1
MAZ,NIFK,1
MAZ,VTN,1
MAZ,ZNF770,1
MAZ,E2F3,1
MAZ,HEXB,1
MAZ,NR1H3,1
MAZ,ZNF354A,1
MAZ,VRK1,1
MAZ,JAG1,1
MAZ,NT5DC2,1
MAZ,UBE2E3,1
MAZ,ELP2,1
MAZ,TNFAIP3,1
MAZ,NUP107,1
MAZ,MED14,1
MAZ,ARL2,1
MAZ,DSN1,1
MAZ,SGK1,1
MAZ,TPGS2,1
MAZ,HNRNPK,1
MAZ,VEZF1,1
MAZ,ABT1,1
MAZ,FN1,1
MAZ,DEDD,1
MAZ,NCOA1,1
MAZ,PRC1,1
MAZ,HIPK2,1
MAZ,NEDD1,1
MAZ,USP28,1
MAZ,DCTPP1,1
MAZ,TMEM60,1
MAZ,CTBP1,1
MAZ,SPAG9,1
MAZ,SLC25A26,1
MAZ,CENPN,1
MAZ,IL6ST,1
MAZ,TOPORS,1
MAZ,EED,1
MAZ,CBX3,1
MAZ,HSD17B14,1
MAZ,GDAP1,1
MAZ,AAR2,1
MAZ,RBMX,1
MAZ,SHKBP1,1
MAZ,NFKBIZ,1
MAZ,LAMB2,1
MAZ,CRBN,1
MAZ,GTF3C5,1
MAZ,ZGRF1,1
MAZ,NUCB2,1
MAZ,SLC5A6,1
MAZ,BMPR1A,1
MAZ,TRIM25,1
MAZ,POLD3,1
MAZ,SUB1,1
MAZ,WDR5,1
MAZ,SQLE,1
MAZ,SMARCA4,1
MAZ,TSR1,1
MAZ,HIBCH,1
MAZ,XRCC6,1
MAZ,MPHOSPH9,1
MAZ,ZCCHC7,1
MAZ,MYL6B,1
MAZ,TIPARP,1
MAZ,MST1,1
MAZ,ADNP,1
MAZ,SUV39H2,1
MAZ,GATAD2B,1
MAZ,PHGDH,1
MAZ,MIS18A,1
MAZ,CUEDC2,1
MAZ,THAP4,1
MAZ,HERPUD1,1
MAZ,RAB28,1
MAZ,EFTUD2,1
MAZ,SLC35B4,1
MAZ,PA2G4,1
MAZ,ETV4,1
MAZ,DGAT1,1
MAZ,DBF4,1
MAZ,C9ORF78,1
MAZ,TIPIN,1
MAZ,ABCA5,1
MAZ,EBNA1BP2,1
MAZ,S100A13,1
MAZ,MTX2,1
MAZ,POLR3D,1
MAZ,AHR,1
MAZ,SNRPB,1
MAZ,CRELD1,1
MAZ,JUN,1
MAZ,ZFP64,1
MAZ,MGME1,1
MAZ,TDP2,1
MAZ,RAD1,1
MAZ,BRIX1,1
MAZ,RNF2,1
MAZ,WDR54,1
MAZ,PAPSS1,1
MAZ,TK1,1
MAZ,RNPS1,1
MAZ,SP4,1
MAZ,CUL2,1
MAZ,C19ORF48,1
MAZ,UGP2,1
MAZ,HMGCL,1
MAZ,ZDHHC4,1
MAZ,SLC25A17,1
MAZ,MPC1,1
MAZ,HACL1,1
MAZ,ACOT7,1
MAZ,SMARCC1,1
MAZ,DCLRE1C,1
MAZ,PCNA,1
MAZ,TOP2B,1
MAZ,TBCB,1
MAZ,POLR2I,1
MAZ,MCM4,1
MAZ,PRMT5,1
MAZ,ELP6,1
MAZ,ANP32E,1
MAZ,ALG6,1
MAZ,ZFP62,1
MAZ,SLC2A1,1
MAZ,ASF1A,1
MAZ,TRIM27,1
MAZ,NOL10,1
MAZ,MTTP,1
MAZ,ATP2C1,1
MAZ,MOV10,1
MAZ,NEDD4L,1
MAZ,SMAD2,1
MAZ,RARG,1
MAZ,UPP1,1
MAZ,POLR2D,1
MAZ,MED20,1
MAZ,AATF,1
MAZ,GLUD1,1
MAZ,BIRC5,1
MAZ,DNMT3B,1
MAZ,CHCHD6,1
MAZ,SMAD3,1
MAZ,IFT52,1
MAZ,ACAT2,1
MAZ,TTI2,1
MAZ,MRPL1,1
MAZ,TDP1,1
MAZ,ZNF397,1
MAZ,POLR1D,1
MAZ,HIST1H4C,1
MAZ,MCM3,1
MAZ,CFAP20,1
MAZ,JUND,1
MAZ,POLR3G,1
MAZ,NVL,1
MAZ,UQCC1,1
MAZ,ORC6,1
MAZ,LAMC1,1
MAZ,CRABP2,1
MAZ,MCM8,1
MAZ,HOOK2,1
MAZ,PRIM1,1
MAZ,CMSS1,1
MAZ,RBBP8,1
MAZ,TBRG4,1
MAZ,RAD51AP1,1
MAZ,DOT1L,1
MAZ,UBAC2,1
MAZ,SLC25A20,1
MAZ,ING5,1
MAZ,PSMG1,1
MAZ,PPP1R16A,1
MAZ,IDI1,1
MAZ,CSRP2,1
MAZ,PDLIM7,1
MAZ,SRRM1,1
MAZ,GPN1,1
MAZ,REST,1
MAZ,TCF7L1,1
MAZ,RNF4,1
MAZ,PPIL1,1
MAZ,ATG5,1
MAZ,DUT,1
MAZ,TMEM97,1
MAZ,SIRT2,1
MAZ,METTL8,1
MAZ,SLC39A10,1
MAZ,MRPL15,1
MAZ,TAF7,1
MAZ,PFN2,1
MAZ,PSME3,1
MAZ,SALL2,1
MAZ,NTHL1,1
MAZ,DROSHA,1
MAZ,GLMN,1
MAZ,GALK1,1
MAZ,MMS22L,1
MAZ,PIGH,1
MAZ,GNPNAT1,1
MAZ,TCF25,1
MAZ,TTK,1
MAZ,SMIM20,1
MAZ,CDK2AP1,1
MAZ,DPYSL2,1
MAZ,ZNRD1,1
MAZ,MYC,1
MAZ,TMEM120A,1
MAZ,CDKN3,1
MAZ,CUTC,1
MAZ,CEBPA,1
MAZ,CREB3L2,1
MAZ,CEP70,1
MAZ,PSPH,1
MAZ,NUDT15,1
MAZ,AARS,1
MAZ,VPS33A,1
MAZ,AAMP,1
MAZ,PDCD4,1
MAZ,KIF22,1
MAZ,GRHL1,1
MAZ,POLR1C,1
MAZ,EZH2,1
MAZ,NFYB,1
MAZ,C11ORF1,1
MAZ,HMBS,1
MAZ,ZNF146,1
MAZ,PYCR1,1
MAZ,KAT7,1
MAZ,MMS19,1
MAZ,HMGA1,1
MAZ,BRCA1,1
MAZ,COQ3,1
MAZ,WDYHV1,1
MAZ,HAUS1,1
MAZ,MXD1,1
MAZ,C1ORF109,1
MAZ,USP39,1
MAZ,TRNT1,1
MAZ,ASPH,1
MAZ,B4GALT3,1
MAZ,CAAP1,1
MAZ,WARS,1
MAZ,TXNDC9,1
MAZ,EIF5B,1
MAZ,ZNF561,1
MAZ,SCAPER,1
MAZ,PTP4A1,1
MAZ,POLE4,1
MAZ,MTHFD2,1
MAZ,ANXA4,1
MAZ,RPUSD4,1
MAZ,FAM118B,1
MAZ,PIK3R1,1
MAZ,MRPS12,1
MAZ,SUPT16H,1
MAZ,R3HDM1,1
MAZ,SH3BGR,1
MAZ,HNRNPH2,1
MAZ,ATIC,1
MAZ,SURF2,1
MAZ,CD320,1
MAZ,CXXC1,1
MAZ,BBS9,1
MAZ,FOXA2,1
MAZ,USP11,1
MAZ,TIMM21,1
MAZ,ACY1,1
MAZ,SIAE,1
MAZ,KATNA1,1
MAZ,COPS3,1
MAZ,TRIM28,1
MAZ,MRPS27,1
MAZ,ARL14EP,1
MAZ,MAFF,1
MAZ,AIMP2,1
MAZ,STEAP1,1
MAZ,GMPR2,1
MAZ,KLF3,1
MAZ,DPCD,1
MAZ,PAK1IP1,1
MAZ,BPHL,1
MAZ,PEF1,1
MAZ,USB1,1
MAZ,SMC6,1
MAZ,CHAF1A,1
MAZ,AAAS,1
MAZ,FANCD2,1
MAZ,SEPT10,1
MAZ,NIF3L1,1
MAZ,DEF8,1
MAZ,PHKA2,1
MAZ,AURKA,1
MAZ,SRSF3,1
MAZ,ATP1B1,1
MAZ,WDR12,1
MAZ,TAF1B,1
MAZ,CDK5RAP2,1
MAZ,EWSR1,1
MAZ,DNA2,1
MAZ,TCERG1,1
MAZ,MAEA,1
MAZ,FHL2,1
MAZ,TMEM37,1
MAZ,PMM1,1
MAZ,ILF2,1
MAZ,DEK,1
MAZ,FARSA,1
MAZ,KIZ,1
MAZ,HSDL2,1
MAZ,HMGCR,1
MAZ,ETV5,1
MAZ,XPO5,1
MAZ,DTYMK,1
MAZ,ID2,1
MAZ,RABEPK,1
MAZ,ISY1,1
MAZ,AKR1B1,1
MAZ,GMNN,1
MAZ,RRM2B,1
MAZ,NME2,1
MAZ,LTV1,1
MAZ,NDUFAF5,1
MAZ,DAXX,1
MAZ,PISD,1
MAZ,PDCD11,1
MAZ,THYN1,1
MAZ,PHF5A,1
MAZ,NPPB,1
MAZ,HIST1H1C,1
MAZ,S100A16,1
MAZ,BCOR,1
MAZ,TYMS,1
MAZ,METTL3,1
MAZ,TFE3,1
MAZ,HMGB2,1
MAZ,NRIP1,1
MAZ,NIP7,1
MAZ,IFT22,1
MAZ,SYTL2,1
MAZ,PSAT1,1
MAZ,SLC39A1,1
MAZ,FANCL,1
MAZ,ZRANB2,1
MAZ,HSD17B11,1
MAZ,EFNA1,1
MAZ,PMS1,1
MAZ,POLR2L,1
MAZ,DMKN,1
MAZ,KLHDC2,1
MAZ,CCND1,1
MAZ,NTMT1,1
MAZ,CACYBP,1
MAZ,TMEM14A,1
MAZ,ZNF638,1
MAZ,TCFL5,1
MAZ,MRPS9,1
MAZ,LRRC1,1
MAZ,IQGAP2,1
MAZ,BUB1,1
MAZ,APEX1,1
MAZ,IFNGR1,1
MAZ,E2F8,1
MAZ,TP53INP2,1
MAZ,GYG1,1
MAZ,PPAT,1
MAZ,FOXP1,1
MAZ,SF3B3,1
MAZ,METTL5,1
MAZ,KIF20B,1
MAZ,CDC23,1
MAZ,DPAGT1,1
MAZ,PPP1R7,1
MAZ,HIST1H1E,1
MAZ,NUP35,1
MAZ,EPAS1,1
MAZ,NUDCD1,1
MAZ,CDC20,1
MAZ,UCP2,1
MAZ,USP10,1
MAZ,IMP4,1
MAZ,NCK1,1
MAZ,PDE6D,1
MAZ,ZWILCH,1
MAZ,MIS18BP1,1
MAZ,SUPV3L1,1
MAZ,SAMHD1,1
MAZ,IDH3B,1
MAZ,TFDP2,1
MAZ,NEK2,1
MAZ,DDX54,1
MAZ,TF,1
MAZ,C12ORF45,1
MAZ,C11ORF74,1
MAZ,SMOX,1
MAZ,PPFIBP2,1
MAZ,FANCA,1
MAZ,SOX2,1
MAZ,PAWR,1
MAZ,GALM,1
MAZ,WDR75,1
MAZ,APOA1,1
MAZ,IL32,1
MAZ,MTUS1,1
MAZ,GRTP1,1
MAZ,HDHD3,1
MAZ,RREB1,1
MAZ,FOXA1,1
MAZ,C3,1
MAZ,EPS8L2,1
MAZ,THRB,1
MAZ,HPN,1
MAZ,RBP4,1
MAZ,APOA2,1
MAZ,APOB,1
MAZ,GCHFR,1
MAZ,APOC3,1
MAZ,TTR,1
MAZ,NONO,1
MAZ,CLDN4,1
MAZ,SERPINF1,1
MAZ,CREB3L3,1
MAZ,APOC2,1
MAZ,AGT,1
MAZ,F2,1
MAZ,GATA4,1
MAZ,DDC,1
MAZ,HSD17B2,1
MAZ,F10,1
MAZ,SLC39A5,1
MAZ,VIL1,1
MAZ,ASGR1,1
MAZ,HP,1
MAZ,FGG,1
MAZ,NR1I3,1
MAZ,HPR,1
MAZ,PEG3,1
MAZ,DPP4,1
MCRS1,MBIP,1
MCRS1,IMP4,1
MCRS1,EFTUD2,1
MCRS1,DPH6,1
MCRS1,POLE4,1
MCRS1,RPUSD4,1
MCRS1,FAM118B,1
MCRS1,DEDD,1
MCRS1,PSME3,1
MCRS1,SRSF3,1
MCRS1,TMEM237,1
MCRS1,NUDT15,1
MCRS1,GDAP1,1
MCRS1,PON2,1
MCRS1,RIOK1,1
MCRS1,NUDCD1,1
MCRS1,SNRPB,1
MCRS1,ZFP64,1
MCRS1,ZNF300,1
MCRS1,CCDC138,1
MCRS1,SUGCT,1
MCRS1,SMAD5,1
MCRS1,NME1,1
MCRS1,NDUFAF5,1
MCRS1,ZNF638,1
MCRS1,PCIF1,1
MCRS1,OPA1,1
MCRS1,EEF1E1,1
MCRS1,MTIF2,1
MCRS1,NR1H3,1
MCRS1,RNASEH2B,1
MCRS1,MTX2,1
MCRS1,NUP35,1
MCRS1,AAR2,1
MCRS1,COPS2,1
MCRS1,ZNF770,1
MCRS1,SMARCE1,1
MCRS1,ZNF589,1
MCRS1,RUVBL1,1
MCRS1,TADA1,1
MCRS1,KNTC1,1
MCRS1,SLC25A26,1
MCRS1,MCM8,1
MCRS1,TATDN3,1
MCRS1,MTMR2,1
MCRS1,GTF2E1,1
MCRS1,TTLL4,1
MCRS1,PFKM,1
MCRS1,CSDE1,1
MCRS1,CREB1,1
MCRS1,DTWD1,1
MCRS1,ZNF143,1
MCRS1,GPN1,1
MCRS1,TOPORS,1
MCRS1,MPHOSPH9,1
MCRS1,VPS26A,1
MCRS1,MRPS9,1
MCRS1,ECT2,1
MCRS1,BDP1,1
MCRS1,PPA2,1
MCRS1,WDR43,1
MCRS1,GLMN,1
MCRS1,CENPH,1
MCRS1,APPL2,1
MCRS1,PISD,1
MCRS1,GEMIN7,1
MCRS1,POLB,1
MCRS1,THAP4,1
MCRS1,PMS1,1
MCRS1,WDHD1,1
MCRS1,JMJD1C,1
MCRS1,DUT,1
MCRS1,CDCA2,1
MCRS1,CAAP1,1
MCRS1,SP4,1
MCRS1,PFN2,1
MCRS1,NOL10,1
MCRS1,EXOSC1,1
MCRS1,ECI2,1
MCRS1,DDX20,1
MCRS1,RRM2B,1
MCRS1,KATNA1,1
MCRS1,ATL2,1
MCRS1,RNF19A,1
MCRS1,PPIL1,1
MCRS1,MXD1,1
MCRS1,POLR2D,1
MCRS1,NR3C1,1
MCRS1,MIS18BP1,1
MCRS1,PPT1,1
MCRS1,ING3,1
MCRS1,MRPS30,1
MCRS1,IDH3B,1
MCRS1,ELMOD2,1
MCRS1,MPHOSPH6,1
MCRS1,COMMD3,1
MCRS1,ZSWIM7,1
MCRS1,ZNF644,1
MCRS1,TTC4,1
MCRS1,SUPV3L1,1
MCRS1,R3HDM1,1
MCRS1,PAK1IP1,1
MCRS1,ECD,1
MCRS1,PPP1R21,1
MCRS1,CPSF3,1
MCRS1,TDP1,1
MCRS1,C17ORF75,1
MCRS1,WBP11,1
MCRS1,CBX3,1
MCRS1,ATG5,1
MCRS1,ASF1A,1
MCRS1,ZNF675,1
MCRS1,XRCC5,1
MCRS1,TDP2,1
MCRS1,SMARCC1,1
MCRS1,DDX54,1
MCRS1,CACYBP,1
MCRS1,TRIM27,1
MCRS1,RFXANK,1
MCRS1,METTL8,1
MCRS1,FAM49B,1
MCRS1,CCDC88A,1
MCRS1,ZRANB2,1
MCRS1,UQCC1,1
MCRS1,FANCL,1
MCRS1,ANXA4,1
MCRS1,RNF2,1
MCRS1,ASPH,1
MCRS1,ABCA5,1
MYBL2,HIST1H4C,1
MYBL2,EZH2,1
MYBL2,PLK1,1
MYBL2,HMGB2,1
MYBL2,AURKA,1
MYBL2,G2E3,1
MYBL2,PRMT5,1
MYBL2,ILF2,1
MYBL2,HIST1H2BC,1
MYBL2,BUB1B,1
MYBL2,CENPF,1
MYBL2,CDC20,1
MYBL2,BUB1,1
MYBL2,BIRC5,1
MYBL2,PRC1,1
MYBL2,TPX2,1
MYBL2,HMGN4,1
MYBL2,SMC4,1
MYBL2,NDC80,1
MYBL2,MAZ,1
MYBL2,CDK5RAP2,1
MYBL2,ECT2,1
MYBL2,TOP2A,1
MYBL2,CCNB1,1
MYBL2,UBE2C,1
MYBL2,NUF2,1
MYBL2,CDCA2,1
MYBL2,DBF4,1
MYBL2,CENPE,1
MYBL2,RNF26,1
MYBL2,IRF9,1
MYBL2,NME1,1
MYBL2,CKS2,1
MYBL2,KPNA2,1
MYBL2,UBE2T,1
MYBL2,HIST1H1E,1
MYBL2,NCAPG,1
MYBL2,KIF20B,1
MYBL2,TTI2,1
MYBL2,ANLN,1
MYBL2,HMMR,1
MYBL2,KIF20A,1
MYBL2,NUP35,1
MYBL2,XPO5,1
MYBL2,CDK1,1
MYBL2,KIF23,1
MYBL2,MTF2,1
MYBL2,CBX3,1
MYBL2,TUBA1B,1
MYBL2,TAF6,1
MYBL2,HJURP,1
MYBL2,COPS2,1
MYBL2,NDUFAF5,1
MYBL2,KNSTRN,1
MYBL2,TGIF1,1
MYBL2,ATL2,1
MYBL2,MPHOSPH9,1
MYBL2,AURKB,1
MYBL2,TIMM9,1
MYBL2,KIAA0586,1
MYBL2,MIS18BP1,1
MYBL2,PHF5A,1
MYBL2,TK1,1
MYBL2,CDK5RAP1,1
MYBL2,TBL1X,1
MYBL2,OPA1,1
MYBL2,CEP70,1
MYBL2,OIP5,1
MYBL2,NUSAP1,1
MYBL2,MAD2L1BP,1
MYBL2,DLGAP5,1
MYBL2,MRPL1,1
MYBL2,FGA,1
MYBL2,KATNA1,1
MYBL2,ANP32E,1
MYBL2,ETV4,1
MYBL2,SMARCD2,1
MYBL2,ACSL5,1
MYBL2,RBM39,1
MYBL2,TAF5,1
MYBL2,MTIF2,1
MYBL2,APOB,1
MYBL2,HP,1
MYBL2,HIST1H1C,1
MYBL2,HPR,1
MYBL2,SNRPB,1
MYBL2,PNPT1,1
MYBL2,CCDC88A,1
MYBL2,SF3A3,1
MYBL2,MGME1,1
MYBL2,ZNRD1,1
MYBL2,CENPU,1
MYBL2,NUP54,1
MYBL2,AAR2,1
MYBL2,RBMX,1
MYBL2,AHSG,1
MYBL2,NUP107,1
MYBL2,NOL11,1
MYBL2,GALM,1
MYBL2,VPS33A,1
MYBL2,ZNF232,1
MYBL2,TTK,1
MYBL2,RNASE4,1
MYBL2,MRPL16,1
MYBL2,ANG,1
MYBL2,TSFM,1
MYBL2,TATDN3,1
MYBL2,DTWD1,1
MYBL2,KIF22,1
MYBL2,NIF3L1,1
MYBL2,ASNSD1,1
MYBL2,CYB5B,1
MYBL2,MBIP,1
MYBL2,CDCA3,1
MYBL2,TYMS,1
MYBL2,HMGN2,1
MYBL2,CKAP2,1
MYBL2,GTF2H2,1
MYBL2,GEMIN2,1
MYBL2,G6PC3,1
MYBL2,NEK2,1
MYBL2,NIP7,1
MYBL2,CDKN3,1
MYBL2,NOSIP,1
MYBL2,CHD8,1
MYBL2,PAK1IP1,1
MYBL2,AASS,1
MYBL2,UQCC1,1
MYBL2,XRCC5,1
MYBL2,SLC7A6,1
MYBL2,FOXM1,1
MYBL2,DCTPP1,1
MYBL2,DCLRE1C,1
MYBL2,MGST2,1
MYBL2,TAF11,1
MYBL2,C1ORF109,1
MYBL2,SRSF3,1
MYBL2,ASF1A,1
MYBL2,ESPL1,1
MYBL2,SDAD1,1
MYBL2,FASTKD2,1
MYBL2,USP1,1
MYBL2,PA2G4,1
MYBL2,MCM4,1
MYBL2,FANCL,1
MYBL2,COPS7B,1
MYBL2,SRSF2,1
MYBL2,ANKRD1,1
MYBL2,CUL2,1
MYBL2,IFT52,1
MYBL2,BRIP1,1
MYBL2,SRSF1,1
MYBL2,TXNDC9,1
MYBL2,EIF5B,1
MYBL2,HIBCH,1
MYBL2,IMP4,1
MYBL2,DRAP1,1
MYBL2,CFAP20,1
MYBL2,PCNA,1
MYBL2,NOP16,1
MYBL2,TWISTNB,1
MYBL2,DNAJC2,1
MYBL2,ZWINT,1
MYBL2,CENPN,1
MYBL2,GPATCH4,1
MYBL2,CCNB2,1
MYBL2,CAPG,1
MYBL2,HIF1AN,1
MYBL2,FANCD2,1
MYBL2,BPTF,1
MYBL2,IDH3B,1
MYBL2,CHEK2,1
MYBL2,TCERG1,1
MYBL2,PTTG1,1
MYBL2,MAD2L1,1
MYBL2,UTP18,1
MYBL2,AGT,1
MYBL2,KAT7,1
MYBL2,UCHL5,1
MYBL2,CXXC1,1
MYBL2,NR1I3,1
MYBL2,ABT1,1
MYBL2,LRRC40,1
MYBL2,METTL8,1
MYBL2,HDAC1,1
MYBL2,MST1,1
MYBL2,SUPV3L1,1
MYBL2,EFTUD2,1
MYBL2,MCM8,1
MYBL2,HSD17B11,1
MYBL2,DCAF13,1
MYBL2,CENPK,1
MYBL2,ZMYM1,1
MYBL2,KIZ,1
MYBL2,ZNF300,1
MYBL2,ILF3,1
MYBL2,TMEM41A,1
MYBL2,MTTP,1
MYBL2,HGD,1
MYBL2,ZRANB2,1
MYBL2,POLR3G,1
MYBL2,APEX1,1
MYBL2,CUEDC2,1
MYBL2,TBPL1,1
MYBL2,C3,1
MYBL2,VIL1,1
MYBL2,SRRM1,1
MYBL2,CRBN,1
MYBL2,SKA3,1
MYBL2,POLR1C,1
MYBL2,ZNF398,1
MYBL2,ZGRF1,1
MYBL2,RAD54L,1
MYBL2,DNMT1,1
MYBL2,COPS7A,1
MYBL2,WDR75,1
MYBL2,YEATS4,1
MYBL2,TARDBP,1
MYBL2,PHB2,1
MYBL2,PARPBP,1
MYBL2,NUP37,1
MYBL2,EWSR1,1
MYBL2,EMG1,1
MYBL2,EIF2B3,1
MYBL2,NR1H3,1
MYBL2,ZNF101,1
MYBL2,DR1,1
MYBL2,BRCA1,1
MYBL2,SIAE,1
MYBL2,ORC4,1
MYBL2,VPS72,1
MYBL2,TCFL5,1
MYBL2,AIMP2,1
MYBL2,PRKCI,1
MYBL2,PPIL1,1
MYBL2,PCID2,1
MYBL2,POLE4,1
MYBL2,CCND1,1
MYBL2,NBAS,1
MYBL2,HARS,1
MYBL2,YARS,1
MYBL2,TDP2,1
MYBL2,S100PBP,1
MYBL2,GPN1,1
MYBL2,CETN3,1
MYBL2,ARL14EP,1
MYBL2,POLR1B,1
MYBL2,E2F3,1
MYBL2,ASPH,1
MYBL2,GTF2H3,1
MYBL2,TTC39C,1
MYBL2,RBPJ,1
MYBL2,DNA2,1
MYBL2,NOL10,1
MYBL2,CMSS1,1
MYBL2,RFC4,1
MYBL2,HNRNPK,1
MYBL2,E2F8,1
MYBL2,HNRNPH3,1
MYBL2,F10,1
MYBL2,CDC23,1
MYBL2,C11ORF1,1
MYBL2,ATG101,1
MYBL2,TTLL4,1
MYBL2,SUGCT,1
MYBL2,RIOK1,1
MYBL2,MXD1,1
MYBL2,ATIC,1
MYBL2,ARMC9,1
MYBL2,HAVCR1,1
MYBL2,F2,1
MYBL2,C11ORF74,1
MYBL2,CCDC77,1
MYBL2,TDP1,1
MYBL2,UCP2,1
MYBL2,IFNGR1,1
MYBL2,GTF2E1,1
MYBL2,THAP1,1
MYBL2,CEBPZ,1
MYBL2,SNRPD1,1
MYBL2,KNTC1,1
MYBL2,BLM,1
MYBL2,RAD1,1
MYBL2,METTL3,1
MYBL2,GTF2F2,1
MYBL2,GMPR2,1
MYBL2,COPS5,1
MYBL2,BRIX1,1
MYBL2,VTN,1
MYBL2,NHEJ1,1
MYBL2,SRSF10,1
MYBL2,SIRT1,1
MYBL2,HPN,1
MYBL2,PFKM,1
MYBL2,NUDT15,1
MYBL2,ING5,1
MYBL2,DTYMK,1
MYBL2,TTC4,1
MYBL2,PRIM1,1
MYBL2,FOXA2,1
MYBL2,STARD3NL,1
MYBL2,CD320,1
MYBL2,BCS1L,1
MYBL2,USP39,1
MYBL2,SMLR1,1
MYBL2,RRM1,1
MYBL2,FN1,1
MYBL2,ATG3,1
MYBL2,LMO7,1
MYBL2,TBC1D31,1
MYBL2,FABP1,1
MYBL2,EEF1A1,1
MYBL2,ECHDC1,1
MYBL2,EFNA1,1
MYBL2,LIAS,1
MYBL2,GSN,1
MYBL2,DGAT1,1
MYBL2,AMBP,1
MYBL2,SF3B3,1
MYBL2,TRIM59,1
MYBL2,C9ORF72,1
MYBL2,EED,1
MYBL2,COMMD10,1
MYBL2,MCM3,1
MYBL2,POLR2K,1
MYBL2,LTV1,1
MYBL2,HMBS,1
MYBL2,ZNF397,1
MYBL2,WDR12,1
MYBL2,TIPARP,1
MYBL2,GTF3C5,1
MYBL2,ARID3B,1
MYBL2,AARS,1
MYBL2,SUPT16H,1
MYBL2,METTL21A,1
MYBL2,SMIM20,1
MYBL2,PRIM2,1
MYBL2,PPP1R21,1
MYBL2,CNTRL,1
MYBL2,AAAS,1
MYBL2,TAF1B,1
MYBL2,NUDCD1,1
MYBL2,GMNN,1
MYBL2,RCAN1,1
MYBL2,GPN3,1
MYBL2,ABCE1,1
MYBL2,SORBS2,1
MYBL2,POLR3D,1
MYBL2,ING3,1
MYBL2,ING1,1
MYBL2,ERAL1,1
MYBL2,CHEK1,1
MYBL2,APOC2,1
MYBL2,TSR1,1
MYBL2,SVIL,1
MYBL2,POLD3,1
MYBL2,STEAP1,1
MYBL2,POLR2B,1
MYBL2,MTX2,1
MYBL2,TMEM60,1
MYBL2,DSN1,1
MYBL2,ASXL1,1
MYBL2,FAM49B,1
MYBL2,COQ3,1
MYBL2,C17ORF75,1
MYBL2,METTL18,1
MYBL2,DNMT3A,1
MYBL2,DHPS,1
MYBL2,CRAT,1
MYBL2,ARID2,1
MYBL2,ACOX2,1
MYBL2,TNFAIP3,1
MYBL2,S100A13,1
MYBL2,RSU1,1
MYBL2,MLH1,1
MYBL2,HNRNPD,1
MYBL2,DDX5,1
MYBL2,CAMK2D,1
MYBL2,CACYBP,1
MYBL2,ISG20,1
MYBL2,ATG5,1
MYBL2,ZBTB3,1
MYBL2,SPDL1,1
MYBL2,EBNA1BP2,1
MYBL2,MRPS27,1
MYBL2,AATF,1
MYBL2,MTERF3,1
MYBL2,CDC6,1
MYBL2,MELK,1
MYBL2,MCRS1,1
MYBL2,HNRNPUL1,1
MYBL2,ESCO2,1
MYBL2,TGIF2,1
MYBL2,RAB28,1
MYBL2,PLAA,1
MYBL2,IL32,1
MYBL2,PSIP1,1
MYBL2,METAP1,1
MYBL2,GATM,1
MYBL2,GATAD2B,1
MYBL2,FOSL2,1
MYBL2,BZW2,1
MYBL2,ZNF770,1
MYBL2,TTF2,1
MYBL2,SLC25A26,1
MYBL2,EXOSC9,1
MYBL2,ZSWIM7,1
MYBL2,RAD51AP1,1
MYBL2,PCIF1,1
MYBL2,LEAP2,1
MYBL2,CMC1,1
MYBL2,STX8,1
MYBL2,RUVBL2,1
MYBL2,PPAT,1
MYBL2,NCOA6,1
MYBL2,ALG8,1
MYBL2,ZNF670,1
MYBL2,ZNF227,1
MYBL2,RUVBL1,1
MYBL2,R3HDM1,1
MYBL2,GOT1,1
MYBL2,CSDE1,1
MYBL2,METTL5,1
MYBL2,APOA2,1
MYBL2,WBP11,1
MYBL2,TF,1
MYBL2,NFATC2,1
MYBL2,MRPS35,1
MYBL2,EXOSC5,1
MYBL2,PAFAH1B3,1
MYBL2,ORC5,1
MYBL2,E2F4,1
MYBL2,DHRS3,1
MYBL2,CDK4,1
MYBL2,BTG1,1
MYBL2,SEPT10,1
MYBL2,PMS1,1
MYBL2,IRF3,1
MYBL2,WDR43,1
MYBL2,TIMM21,1
MYBL2,HMGCL,1
MYBL2,GDAP1,1
MYBL2,HMGN3,1
MYBL2,DPAGT1,1
MYBL2,GEMIN7,1
MYBL2,DEF8,1
MYBL2,DAXX,1
MYBL2,ACY1,1
MYBL2,ZNF253,1
MYBL2,USP28,1
MYBL2,TRIM27,1
MYBL2,TMEM237,1
MYBL2,METTL1,1
MYBL2,FXR1,1
MYBL2,FARSA,1
MYBL2,TBCB,1
MYBL2,POLR2I,1
MYBL2,MED4,1
MYBL2,DECR1,1
MYBL2,MED20,1
MYBL2,HNRNPR,1
MYBL2,TMEM69,1
MYBL2,EXOSC3,1
MYBL2,CUTC,1
MYBL2,NEDD1,1
MYBL2,MORN2,1
MYBL2,IL6ST,1
MYBL2,HNF4A,1
MYBL2,TRIAP1,1
MYBL2,TADA1,1
MYBL2,ZNF146,1
MYBL2,MATR3,1
MYBL2,HMGCR,1
MYBL2,CREB1,1
MYBL2,TIMM50,1
MYBL2,SAE1,1
MYBL2,RNF4,1
MYBL2,RECQL,1
MYBL2,MMS22L,1
MYBL2,EXOSC8,1
MYBL2,WARS,1
MYBL2,SMC2,1
MYBL2,AKR1B1,1
MYBL2,AEBP2,1
MYBL2,UBL7,1
MYBL2,TIPIN,1
MYBL2,MEST,1
MYBL2,ICE2,1
MYBL2,CA2,1
MYBL2,IMMP1L,1
MYBL2,HSD17B14,1
MYBL2,ALB,1
MYBL2,RNF19A,1
MYBL2,MSH2,1
MYBL2,NUP85,1
MYBL2,ZNF581,1
MYBL2,DDX54,1
MYBL2,CDK2AP1,1
MYBL2,TBRG4,1
MYBL2,NUP93,1
MYBL2,MRPL2,1
MYBL2,KLC4,1
MYBL2,FAM13A,1
MYBL2,DNAJB9,1
MYBL2,CCDC138,1
MYBL2,SERPIND1,1
MYBL2,NAA15,1
MYBL2,MTAP,1
MYBL2,GTF3C2,1
MYBL2,PSME3,1
MYBL2,DCUN1D5,1
MYBL2,ACADSB,1
MYBL2,TEX10,1
MYBL2,LRR1,1
MYBL2,GMPS,1
MYBL2,AMZ2,1
MYBL2,ACTL6A,1
MYBL2,TM4SF5,1
MYBL2,RNPS1,1
MYBL2,PLAGL2,1
MYBL2,FLAD1,1
MYBL2,EHMT2,1
MYBL2,PPCDC,1
MYBL2,MPHOSPH6,1
MYBL2,ID2,1
MYBL2,ELOVL6,1
MYBL2,UGP2,1
MYBL2,TP53,1
MYBL2,NFYB,1
MYBL2,HINFP,1
MYBL2,FOXA1,1
MYBL2,EEF1E1,1
MYBL2,E2F5,1
MYBL2,DNPEP,1
MYBL2,CRYZL1,1
MYBL2,AKR1C3,1
MYBL2,PDCD2L,1
MYBL2,MYL6B,1
MYBL2,M6PR,1
MYBL2,CAAP1,1
MYBL2,ZNF589,1
MYBL2,SEC22C,1
MYBL2,MRPL15,1
MYBL2,JAG1,1
MYBL2,PTPN12,1
MYBL2,MYBBP1A,1
MYBL2,C1GALT1,1
MYBL2,ANXA4,1
MYBL2,VRK1,1
MYBL2,TERF1,1
MYBL2,KNG1,1
MYBL2,ECD,1
MYBL2,ZNF638,1
MYBL2,TUBE1,1
MYBL2,THOC1,1
MYBL2,DPH6,1
MYBL2,SUCLA2,1
MYBL2,SLC39A1,1
MYBL2,NDUFAF4,1
MYBL2,IGF2BP3,1
MYBL2,CREB3L4,1
MYBL2,CREB3L2,1
MYBL2,ZNF561,1
MYBL2,ZFP64,1
MYBL2,TTR,1
MYBL2,PSMD10,1
MYBL2,HERPUD1,1
MYBL2,BCAS2,1
MYBL2,POU2F1,1
MYBL2,NUDT1,1
MYBL2,EXOSC1,1
MYBL2,C12ORF10,1
MYBL2,XPO6,1
MYBL2,PYGL,1
MYBL2,MAF,1
MYBL2,MIS18A,1
MYBL2,FGG,1
MYBL2,ENO2,1
MYBL2,ELMOD2,1
MYBL2,CFAP36,1
MYBL2,ZNF143,1
MYBL2,RRM2,1
MYBL2,RBBP4,1
MYBL2,PIK3R1,1
MYBL2,MEP1A,1
MYBL2,TRMT1,1
MYBL2,SGK1,1
MYBL2,C6ORF203,1
MYBL2,C19ORF48,1
MYBL2,TIMMDC1,1
MYBL2,SIL1,1
MYBL2,SERPINF1,1
MYBL2,JMJD1C,1
MYBL2,ELOF1,1
MYBL2,DEDD,1
MYBL2,CEBPA,1
MYBL2,SNRNP25,1
MYBL2,HNRNPH2,1
MYBL2,HAUS2,1
MYBL2,ATF3,1
MYBL2,SLC38A1,1
MYBL2,RFXANK,1
MYBL2,MED30,1
MYBL2,DNASE1,1
MYBL2,OGFOD1,1
MYBL2,IFRD2,1
MYBL2,CYP3A5,1
MYBL2,BDP1,1
MYBL2,TFRC,1
MYBL2,HOOK2,1
MYBL2,HAUS4,1
MYBL2,B4GALT3,1
MYBL2,TMEM126B,1
MYBL2,MRPS11,1
MYBL2,PPA2,1
MYBL2,USP10,1
MYBL2,PDE6D,1
MYBL2,PDCD11,1
MYBL2,MRPS30,1
MYBL2,CDKN1A,1
MYBL2,DPH5,1
MYBL2,SMC6,1
MYBL2,RAD54B,1
MYBL2,MRPS12,1
MYBL2,APOA1,1
MYBL2,SSB,1
MYBL2,MLST8,1
MYBL2,FANCA,1
MYBL2,ELP2,1
MYBL2,ANAPC7,1
MYBL2,RPUSD4,1
MYBL2,FAM118B,1
MYBL2,DDX20,1
MYBL2,ITGB5,1
MYBL2,GNPNAT1,1
MYBL2,E2F7,1
MYBL2,ZNF91,1
MYBL2,SLC39A10,1
MYBL2,ACOT7,1
MYBL2,THYN1,1
MYBL2,NAA50,1
MYBL2,MRRF,1
MYBL2,HAT1,1
MYBL2,SCAPER,1
MYBL2,RAD51,1
MYBL2,PPT1,1
MYBL2,POLR2D,1
MYBL2,CTPS1,1
MYBL2,CCS,1
MYBL2,BRCA2,1
MYBL2,ARHGAP26,1
MYBL2,SLC25A11,1
MYBL2,NCK1,1
MYBL2,USB1,1
MYBL2,TOP2B,1
MYBL2,RFC1,1
MYBL2,PUS7L,1
MYBL2,PRKCE,1
MYBL2,NIFK,1
MYBL2,MRPS9,1
MYBL2,ACAT2,1
MYBL2,ZNF354A,1
MYBL2,TAF1A,1
MYBL2,STAT2,1
MYBL2,SLC39A5,1
MYBL2,MYCN,1
MYBL2,MTMR2,1
MYBL2,IVNS1ABP,1
MYBL2,ARSE,1
MYBL2,RBP4,1
MYBL2,POLB,1
MYBL2,PHC1,1
MYBL2,HSD17B7,1
MYBL2,EPB41L2,1
MYBL2,YBX1,1
MYBL2,NODAL,1
MYBL2,MYC,1
MYBL2,ISY1,1
MYBL2,HSD17B2,1
MYBL2,CPSF3,1
MYBL2,PRAP1,1
MYBL2,ASGR1,1
MYBL2,ASCC3,1
MYBL2,UBLCP1,1
MYBL2,TBC1D1,1
MYBL2,SMARCC1,1
MYBL2,PIK3R4,1
MYBL2,LRRC1,1
MYBL2,PLTP,1
MYBL2,NUP88,1
MYBL2,MTHFD2,1
MYBL2,LAMB1,1
MYBL2,GMEB1,1
MYBL2,DDB2,1
MYBL2,C11ORF54,1
MYBL2,SMAD5,1
MYBL2,PARP1,1
MYBL2,NAA16,1
MYBL2,COMMD3,1
MYBL2,SRF,1
MYBL2,ESYT1,1
MYBL2,ECHDC2,1
MYBL2,AHR,1
MYBL2,SULF2,1
MYBL2,STMN1,1
MYBL2,NVL,1
MYBL2,HNRNPAB,1
MYBL2,DDIT4,1
MYBL2,TBX3,1
MYBL2,SERTAD3,1
MYBL2,NR3C1,1
MYBL2,MCM7,1
MYBL2,GGPS1,1
MYBL2,FLRT3,1
MYBL2,EPS8L2,1
MYBL2,BST2,1
MYBL2,SSBP2,1
MYBL2,PSAT1,1
MYBL2,PAPSS1,1
MYBL2,ATG4C,1
MYBL2,UTP15,1
MYBL2,TCF25,1
MYBL2,SS18,1
MYBL2,PROSER1,1
MYBL2,MCM2,1
MYBL2,IRF1,1
MYBL2,ASNS,1
MYBL2,TMEM14A,1
MYBL2,RRM2B,1
MYBL2,POLR2G,1
MYBL2,PDZK1,1
MYBL2,NPM1,1
MYBL2,GSTK1,1
MYBL2,GALK1,1
MYBL2,C9ORF78,1
MYBL2,BTG2,1
MYBL2,AXL,1
MYBL2,S100A16,1
MYBL2,PPP1CC,1
MYBL2,PON2,1
MYBL2,NFKBIZ,1
MYBL2,IFT22,1
MYBL2,CCDC126,1
MYBL2,ZNF260,1
MYBL2,THAP4,1
MYBL2,SUV39H2,1
MYBL2,KLHL7,1
MYBL2,CNBP,1
MYBL2,THRAP3,1
MYBL2,SMARCA5,1
MYBL2,PIAS3,1
MYBL2,NTHL1,1
MYBL2,DDC,1
MYBL2,MRPS2,1
MYBL2,HMGN1,1
MYBL2,FUBP1,1
MYBL2,ELP6,1
MYBL2,CCDC66,1
MYBL2,USP45,1
MYBL2,TPD52L1,1
MYBL2,SSRP1,1
MYBL2,MPC1,1
MYBL2,HACL1,1
MYBL2,DPF2,1
MYBL2,AFF4,1
MYBL2,SLC25A4,1
MYBL2,ZSWIM8,1
MYBL2,TMEM216,1
MYBL2,NAA25,1
MYBL2,LAPTM4B,1
MYBL2,CASP8AP2,1
MYBL2,TCF3,1
MYBL2,NME2,1
MYBL2,HSDL2,1
MYBL2,ENO1,1
MYBL2,UPP1,1
MYBL2,ZWILCH,1
MYBL2,SLC35B4,1
MYBL2,DAB2,1
MYBL2,RIOK3,1
MYBL2,IDI1,1
MYBL2,GGCT,1
MYBL2,DDIT3,1
MYBL2,FMO5,1
MYBL2,TPGS2,1
MYBL2,SUB1,1
MYBL2,RFX5,1
MYBL2,POLR2L,1
MYBL2,PISD,1
MYBL2,PEMT,1
MYBL2,NPRL2,1
MYBL2,LAMB2,1
MYBL2,FANCI,1
MYBL2,DPCD,1
MYBL2,WDR3,1
MYBL2,SLC25A37,1
MYBL2,PSMG1,1
MYBL2,NTPCR,1
MYBL2,FUCA1,1
MYBL2,EXOC5,1
MYBL2,DEPDC7,1
MYBL2,CRELD1,1
MYBL2,ARL2,1
MYBL2,WDR74,1
MYBL2,TRIM25,1
MYBL2,POP5,1
MYBL2,KEAP1,1
MYBL2,HEXB,1
MYBL2,GABPB1,1
MYBL2,ZNF766,1
MYBL2,VPS26A,1
MYBL2,TFDP2,1
MYBL2,IQCB1,1
MYBL2,EPHX2,1
MYBL2,ARL15,1
MYBL2,SPINK1,1
MYBL2,GATA4,1
MYBL2,EXTL2,1
MYBL2,DROSHA,1
MYBL2,WDHD1,1
MYBL2,POLR1E,1
MYBL2,GGH,1
MYBL2,ZNF567,1
MYBL2,SAAL1,1
MYBL2,CCDC82,1
MYBL2,ZDHHC4,1
MYBL2,TRIM28,1
MYBL2,FOXP1,1
MYBL2,CENPH,1
MYBL2,ZNHIT3,1
MYBL2,ZNF33A,1
MYBL2,TAF7,1
MYBL2,GYG1,1
MYBL2,COPS3,1
MYBL2,CMPK1,1
MYBL2,BPHL,1
MYBL2,ZNF74,1
MYBL2,UNC93A,1
MYBL2,RHOBTB3,1
MYBL2,PAPOLA,1
MYBL2,CHCHD6,1
MYBL2,CAPRIN1,1
MYBL2,TAF9B,1
MYBL2,RABEPK,1
MYBL2,MOV10,1
MYBL2,SP100,1
MYBL2,APPL2,1
MYBL2,PSPH,1
MYBL2,PIGH,1
MYBL2,ETV5,1
MYBL2,TMEM177,1
MYBL2,PWP1,1
MYBL2,NEDD4L,1
MYBL2,BCKDK,1
MYBL2,ZSCAN21,1
MYBL2,UBAC2,1
MYBL2,DNAH14,1
MYBL2,TMEM147,1
MYBL2,SH3BGR,1
MYBL2,PTP4A1,1
MYBL2,NTMT1,1
MYBL2,HELLS,1
MYBL2,CNOT7,1
MYBL2,APEH,1
MYBL2,SNAPC1,1
MYBL2,POLE2,1
MYBL2,PIH1D1,1
MYBL2,GLMN,1
MYBL2,CREB3L3,1
MYBL2,AAMP,1
MYBL2,TM7SF3,1
MYBL2,PLRG1,1
MYBL2,KIFAP3,1
MYBL2,DEK,1
MYC,G6PC3,1
MYC,NME1,1
MYC,YARS,1
MYC,S100PBP,1
MYC,TBL1X,1
MYC,METTL1,1
MYC,NPM1,1
MYC,MGME1,1
MYC,GABPB1,1
MYC,PSME3,1
MYC,NOP16,1
MYC,AIMP2,1
MYC,WDR43,1
MYC,PEMT,1
MYC,MRPL15,1
MYC,TBRG4,1
MYC,NOL10,1
MYC,SUPV3L1,1
MYC,MTHFD2,1
MYC,NME2,1
MYC,ATIC,1
MYC,EXOSC5,1
MYC,PNPT1,1
MYC,GEMIN7,1
MYC,RNPS1,1
MYC,TBCB,1
MYC,POLR2I,1
MYC,ZCCHC7,1
MYC,SNRPD1,1
MYC,GPATCH4,1
MYC,ABCE1,1
MYC,GPN3,1
MYC,POLR1B,1
MYC,MATR3,1
MYC,YBX1,1
MYC,LTV1,1
MYC,EBNA1BP2,1
MYC,PWP1,1
MYC,PAK1IP1,1
MYC,PPAT,1
MYC,APEX1,1
MYC,POLR1C,1
MYC,MRTO4,1
MYC,SRM,1
MYC,DTWD1,1
MYC,DPAGT1,1
MYC,HNRNPK,1
MYC,ZNF202,1
MYC,PDCD11,1
MYC,GTF3C2,1
MYC,NDUFAF5,1
MYC,ZNF146,1
MYC,WDR12,1
MYC,NIFK,1
MYC,HMGA1,1
MYC,HERPUD1,1
MYC,HNRNPAB,1
MYC,SF3B3,1
MYC,TSR1,1
MYC,WDR3,1
MYC,MED20,1
MYC,WDR74,1
MYC,POLR3D,1
MYC,PPIL1,1
MYC,ING5,1
MYC,RIOK1,1
MYC,ALG8,1
MYC,LIAS,1
MYC,ENO1,1
MYC,TCERG1,1
MYC,IFRD2,1
MYC,DNAJC2,1
MYC,TRIAP1,1
MYC,GTF2H3,1
MYC,DPH5,1
MYC,GEMIN8,1
MYC,COPS7A,1
MYC,XPO6,1
MYC,CNBP,1
MYC,ZWILCH,1
MYC,RUVBL1,1
MYC,NUP35,1
MYC,RBM39,1
MYC,RPUSD4,1
MYC,MCM8,1
MYC,FAM118B,1
MYC,CMSS1,1
MYC,POLD2,1
MYC,METTL8,1
MYC,TP53,1
MYC,B4GALT3,1
MYC,NAA25,1
MYC,TFRC,1
MYC,IMP4,1
MYC,SRSF1,1
MYC,EEF1E1,1
MYC,AEBP2,1
MYC,FBL,1
MYC,MXD1,1
MYC,TMEM97,1
MYC,CENPF,1
MYC,PRMT5,1
MYC,CTSC,1
MYC,BCS1L,1
MYC,ANAPC7,1
MYC,DR1,1
MYC,DDX54,1
MYC,MCM7,1
MYC,CD320,1
MYC,EIF2B3,1
MYC,DBF4,1
MYC,POLE4,1
MYC,CCDC126,1
MYC,MTHFD1,1
MYC,CTPS1,1
MYC,AURKA,1
MYC,RAD1,1
MYC,BRIX1,1
MYC,TIMM9,1
MYC,KIAA0586,1
MYC,MRRF,1
MYC,NTMT1,1
MYC,DCAF13,1
MYC,MRPS35,1
MYC,CDK4,1
MYC,SDAD1,1
MYC,POLR1E,1
MYC,NAA15,1
MYC,HNRNPR,1
MYC,NIP7,1
MYC,NUP88,1
MYC,HNRNPUL1,1
MYC,MYBBP1A,1
MYC,NUDCD1,1
MYC,UTP15,1
MYC,C19ORF48,1
MYC,SF3A3,1
MYC,MECR,1
MYC,KEAP1,1
MYC,SNRPB,1
MYC,THOC1,1
MYC,TRMT1,1
MYC,ICE2,1
MYC,PA2G4,1
MYC,ACOT7,1
MYC,BIRC5,1
MYC,ACY1,1
MYC,DNA2,1
MYC,EFTUD2,1
MYC,MTF2,1
MYC,CENPU,1
MYC,MAZ,1
MYC,PARP1,1
MYC,PAPOLA,1
MYC,C11ORF54,1
MYC,GTF2H2,1
MYC,ATL2,1
MYC,TRIM27,1
MYC,ILF3,1
MYC,CFAP97,1
MYC,NUF2,1
MYC,BTF3,1
MYC,UCK2,1
MYC,METTL3,1
MYC,PSMG1,1
MYC,NARS2,1
MYC,C1ORF109,1
MYC,RABEPK,1
MYC,GLUD1,1
MYC,TMEM177,1
MYC,TADA1,1
MYC,TEX10,1
MYC,PYCR1,1
MYC,ZBTB24,1
MYC,FOSL2,1
MYC,TK1,1
MYC,SLC2A1,1
MYC,PSPH,1
MYC,ATG5,1
MYC,WDHD1,1
MYC,HNRNPH3,1
MYC,PHB2,1
MYC,EMG1,1
MYC,ILF2,1
MYC,SRSF2,1
MYC,BZW2,1
MYC,TMEM41A,1
MYC,NDUFAF4,1
MYC,SMARCC1,1
MYC,AATF,1
MYC,TWISTNB,1
MYC,TARBP2,1
MYC,CFAP20,1
MYC,DDX5,1
MYC,MCM2,1
MYC,SMAD5,1
MYC,PLK1,1
MYC,WDR75,1
MYC,TSFM,1
MYC,HMBS,1
MYC,SMARCA4,1
MYC,MTERF3,1
MYC,DPH6,1
MYC,E2F5,1
MYC,OPA1,1
MYC,TIPARP,1
MYC,TRIP13,1
MYC,CKS2,1
MYC,MCM4,1
MYC,NCK1,1
MYC,HDGF,1
MYC,SMIM20,1
MYC,NOL11,1
MYC,EEF1A1,1
MYC,CBX3,1
MYC,PDCD2L,1
MYC,MRPL1,1
MYC,ZSWIM7,1
MYC,RNASEH2B,1
MYC,ZNF589,1
MYC,NUP107,1
MYC,XPO5,1
MYC,SLC29A1,1
MYC,LRRC40,1
MYC,MRPS2,1
MYC,FARSA,1
MYC,ASNS,1
MYC,S100A13,1
MYC,DHCR7,1
MYC,FANCI,1
MYC,HNRNPD,1
MYC,FLAD1,1
MYC,CACYBP,1
MYC,SSB,1
MYC,TTC4,1
MYC,MLST8,1
MYC,PFN2,1
MYC,POLR3G,1
MYC,GNPNAT1,1
MYC,HMMR,1
MYC,AMZ2,1
MYC,TRIM28,1
MYC,SLC25A26,1
MYC,MCM3,1
MYC,TIPIN,1
MYC,TXNDC9,1
MYC,EIF5B,1
MYC,TMEM147,1
MYC,CUTC,1
MYC,SIRT1,1
MYC,DCTPP1,1
MYC,SQLE,1
MYC,IVNS1ABP,1
MYC,ECHDC1,1
MYC,CAAP1,1
MYC,SAE1,1
MYC,METTL5,1
MYC,SLC38A1,1
MYC,SNRNP25,1
MYC,TTLL4,1
MYC,TRNT1,1
MYC,SSRP1,1
MYC,NUDT15,1
MYC,DTYMK,1
MYC,PMS1,1
MYC,HMGN4,1
MYC,ELP2,1
MYC,SLC38A2,1
MYC,NAA50,1
MYC,MMS19,1
MYC,GYG1,1
MYC,ASPH,1
MYC,MCRS1,1
MYC,XRCC5,1
MYC,CMC1,1
MYC,MIS18BP1,1
MYC,THRAP3,1
MYC,PAFAH1B3,1
MYC,MTIF2,1
MYC,PLAGL2,1
MYC,TIMMDC1,1
MYC,COMMD10,1
MYC,EZH2,1
MYC,HTATSF1,1
MYC,PISD,1
MYC,NREP,1
MYC,BUB1B,1
MYC,IGF1R,1
MYC,TIMM50,1
MYC,UTP18,1
MYC,ING3,1
MYC,C12ORF45,1
MYC,TCF25,1
MYC,MEST,1
MYC,CCNB1,1
MYC,STMN1,1
MYC,MRPL16,1
MYC,UCHL5,1
MYC,ZNF770,1
MYC,TCOF1,1
MYC,HINFP,1
MYC,CEBPZ,1
MYC,KNTC1,1
MYC,ASCC3,1
MYC,ASXL1,1
MYC,ZNF33A,1
MYC,ZNF143,1
MYC,ZNF644,1
MYC,ARL14EP,1
MYC,KATNA1,1
MYC,METAP1,1
MYC,MAD2L1,1
MYC,POLR2D,1
MYC,MRPS27,1
MYC,PCID2,1
MYC,SUPT16H,1
MYC,UQCC1,1
MYC,KPNA2,1
MYC,SUV39H2,1
MYC,EIF3J,1
MYC,PPA2,1
MYC,NFKBIZ,1
MYC,C17ORF75,1
MYC,AAR2,1
MYC,ARL2,1
MYC,SRF,1
MYC,MAPK1,1
MYC,TUBA1B,1
MYC,NUP54,1
MYC,HMGCR,1
MYC,ZNF766,1
MYC,ZNF232,1
MYC,SLC5A6,1
MYC,TAF1B,1
MYC,TGIF2,1
MYC,YWHAH,1
MYC,METTL21A,1
MYC,USP10,1
MYC,SRRM1,1
MYC,ORC5,1
MYC,VPS72,1
MYC,RAI14,1
MYC,KIF20A,1
MYC,VPS33A,1
MYC,RBMX,1
MYC,SMAD2,1
MYC,CRELD1,1
MYC,CDK5RAP1,1
MYC,MPHOSPH9,1
MYC,FOSL1,1
MYC,TAF5,1
MYC,PPP1R21,1
MYC,C11ORF1,1
MYC,NR1H3,1
MYC,PFKM,1
MYC,RFC4,1
MYC,M6PR,1
MYC,DCUN1D5,1
MYC,PDCD4,1
MYC,GTF2I,1
MYC,E2F3,1
MYC,MPHOSPH6,1
MYC,POLE2,1
MYC,ABT1,1
MYC,COPS3,1
MYC,CCDC77,1
MYC,FANCA,1
MYC,CCDC88A,1
MYC,IQCB1,1
MYC,ZNF398,1
MYC,C6ORF203,1
MYC,LSM10,1
MYC,FUBP1,1
MYC,PON2,1
MYC,PPP1CC,1
MYC,RNF138,1
MYC,TATDN3,1
MYC,ATF3,1
MYC,GGCT,1
MYC,ACADSB,1
MYC,MTAP,1
MYC,IRF9,1
MYC,SRSF3,1
MYC,MED4,1
MYC,ABCA5,1
MYC,GTF2F2,1
MYC,ANP32E,1
MYC,DNAH14,1
MYC,DCLRE1C,1
MYC,FTSJ1,1
MYC,COMMD3,1
MYC,CPSF3,1
MYC,BDP1,1
MYC,CAPRIN1,1
MYC,NR2F2,1
MYC,TCFL5,1
MYC,NDC80,1
MYC,MLH1,1
MYC,TMEM69,1
MYC,DNPEP,1
MYC,NUP85,1
MYC,RUVBL2,1
MYC,CHEK2,1
MYC,APEH,1
MYC,DEF8,1
MYC,FASTKD2,1
MYC,LRR1,1
MYC,BPTF,1
MYC,YEATS4,1
MYC,ACTL6A,1
MYC,CNOT7,1
MYC,MRPL49,1
MYC,SLC39A10,1
MYC,AURKB,1
MYC,PRKCE,1
MYC,NNT,1
MYC,PPCDC,1
MYC,CDCA3,1
MYC,RFC1,1
MYC,R3HDM1,1
MYC,GPN1,1
MYC,GMPS,1
MYC,PCNA,1
MYC,TMEM237,1
MYC,NTHL1,1
MYC,ISY1,1
MYC,ZNRD1,1
MYC,RBPJ,1
MYC,CRBN,1
MYC,TTF2,1
MYC,BLMH,1
MYC,MPC1,1
MYC,RHOBTB3,1
MYC,C12ORF10,1
MYC,SMAD3,1
MYC,ANXA4,1
MYC,MTX2,1
MYC,ASNSD1,1
MYC,SUGCT,1
MYC,MRPL2,1
MYC,KLC4,1
MYC,USP1,1
MYC,COPS7B,1
MYC,POLR1D,1
MYC,G2E3,1
MYC,SHMT2,1
MYC,RNF19A,1
MYC,PHF5A,1
MYC,USP39,1
MYC,DHPS,1
MYC,RAD54L,1
MYC,CHCHD6,1
MYC,MTTP,1
MYC,UCP2,1
MYC,WDR5,1
MYC,BRCA2,1
MYC,TIMM21,1
MYC,AARS,1
MYC,USP7,1
MYC,LAMC1,1
MYC,KIF22,1
MYC,DDHD1,1
MYC,PUS7L,1
MYC,NUP93,1
MYC,MAT2B,1
MYC,MRPS11,1
MYC,SMARCD2,1
MYC,ZNF581,1
MYC,CCDC138,1
MYC,COPS2,1
MYC,ATG3,1
MYC,TRIM25,1
MYC,AFF4,1
MYC,THAP4,1
MYC,HAUS2,1
MYC,TPX2,1
MYC,PARPBP,1
MYC,NUP37,1
MYC,RSU1,1
MYC,PIGH,1
MYC,HAUS4,1
MYC,JMJD1C,1
MYC,CEBPA,1
MYC,ZNF260,1
MYC,GMNN,1
MYC,NR3C1,1
MYC,SLC7A6,1
MYC,PSAT1,1
MYC,SIRT2,1
MYC,DECR1,1
MYC,CETN3,1
MYC,SMC2,1
MYC,NPRL2,1
MYC,STEAP1,1
MYC,GTF3C5,1
MYC,MST1,1
MYC,ZNF561,1
MYC,USP28,1
MYC,ZNF567,1
MYC,PCIF1,1
MYC,IQGAP2,1
MYC,ZNF253,1
MYC,ECSIT,1
MYC,ZFP64,1
MYC,NCOA6,1
MYC,HIST1H4C,1
MYC,ZRANB2,1
MYC,JARID2,1
MYC,SLC25A17,1
MYC,KIF20B,1
MYC,UBL7,1
MYC,AAMP,1
MYC,ATG101,1
MYC,HPRT1,1
MYC,MT1X,1
MYC,IDH3B,1
MYC,OGFOD1,1
MYC,UGP2,1
MYC,EXOSC8,1
MYC,FOXP1,1
MYC,TMEM216,1
MYC,RFC2,1
MYC,THAP1,1
MYC,TGIF1,1
MYC,E2F7,1
MYC,C1GALT1,1
MYC,DNMT3A,1
MYC,CMPK1,1
MYC,ESYT1,1
MYC,HMGA2,1
MYC,SKIL,1
MYC,ELOVL6,1
MYC,DNMT3B,1
MYC,ACAT2,1
MYC,AXL,1
MYC,MSH2,1
MYC,AGTRAP,1
MYC,USB1,1
MYC,ASF1A,1
MYC,GMPR2,1
MYC,HSD17B11,1
MYC,HMGB2,1
MYC,CENPN,1
MYC,SERPINF1,1
MYC,CUL2,1
MYC,TUBE1,1
MYC,E2F8,1
MYC,NIF3L1,1
MYC,MYBL2,1
MYC,PTMA,1
MYC,TTI2,1
MYC,EPHX2,1
MYC,NEK2,1
MYC,CDC6,1
MYC,ZNF638,1
MYC,ORC4,1
MYC,TMEM120A,1
MYC,CDCA2,1
MYC,DAXX,1
MYC,HMCES,1
MYC,GEMIN2,1
MYC,ECD,1
MYC,S100A16,1
MYC,TMEM14A,1
MYC,CRAT,1
MYC,LRRC1,1
MYC,CYB5B,1
MYC,CDKN1A,1
MYC,NBAS,1
MYC,IMMP1L,1
MYC,NFIB,1
MYC,CAMK2D,1
MYC,ESCO2,1
MYC,MBIP,1
MYC,NT5DC2,1
MYC,ZNF300,1
MYC,GPRC5C,1
MYC,ETV4,1
MYC,PHF11,1
MYC,TOP2A,1
MYC,EFNA1,1
MYC,FOXA1,1
MYC,ETV5,1
MYC,DNASE1,1
MYC,HPN,1
MYC,CTDSPL,1
MYC,C3,1
MYC,MAF,1
MYC,APOA2,1
MYC,DDC,1
MYC,VIL1,1
MYC,RBP4,1
MYC,MT1G,1
MYC,SLC39A5,1
MYC,DPP4,1
MYC,APOB,1
MYC,MAEA,1
MYC,TM4SF5,1
MYC,ASGR1,1
MYC,AGT,1
MYC,F2,1
MYC,FOXA2,1
MYC,UNC93A,1
MYC,SMLR1,1
MYC,APOA1,1
MYC,LEAP2,1
NR2F2,SMARCD2,1
NR2F2,MRPS30,1
NR2F2,GMNN,1
NR2F2,TIMMDC1,1
NR2F2,POLD3,1
NR2F2,TPD52L1,1
NR2F2,NEK2,1
NR2F2,VTN,1
NR2F2,PRIM1,1
NR2F2,SMARCA5,1
NR2F2,PDZK1,1
NR2F2,NAA50,1
NR2F2,AIMP2,1
NR2F2,FAM13A,1
NR2F2,DCTPP1,1
NR2F2,HPN,1
NR2F2,CHAF1A,1
NR2F2,ASXL1,1
NR2F2,NUDT15,1
NR2F2,GOT1,1
NR2F2,EHMT1,1
NR2F2,AURKA,1
NR2F2,MGST2,1
NR2F2,KEAP1,1
NR2F2,SKIL,1
NR2F2,WDR12,1
NR2F2,DDX5,1
NR2F2,MRPL2,1
NR2F2,KLC4,1
NR2F2,PCNA,1
NR2F2,UBE2T,1
NR2F2,BZW2,1
NR2F2,IDI1,1
NR2F2,ISG20,1
NR2F2,ZFHX3,1
NR2F2,YEATS4,1
NR2F2,MTIF2,1
NR2F2,SMIM20,1
NR2F2,FXR1,1
NR2F2,TFF1,1
NR2F2,S100A16,1
NR2F2,KATNA1,1
NR2F2,BRIP1,1
NR2F2,SULF2,1
NR2F2,ELOVL6,1
NR2F2,DDIT4,1
NR2F2,COMMD3,1
NR2F2,HK1,1
NR2F2,APOB,1
NR2F2,TBC1D1,1
NR2F2,TBL1X,1
NR2F2,ECSIT,1
NR2F2,AASS,1
NR2F2,DDIT3,1
NR2F2,ANXA4,1
NR2F2,THAP1,1
NR2F2,FOXA1,1
NR2F2,IVNS1ABP,1
NR2F2,IRF9,1
NR2F2,IFNGR1,1
NR2F2,BMPR1A,1
NR2F2,TP53,1
NR2F2,MST1,1
NR2F2,MLST8,1
NR2F2,DTWD1,1
NR2F2,UPP1,1
NR2F2,MATR3,1
NR2F2,LAMC1,1
NR2F2,M6PR,1
NR2F2,HMCES,1
NR2F2,SH3BGR,1
NR2F2,WDHD1,1
NR2F2,FOXP1,1
NR2F2,PHB2,1
NR2F2,EMG1,1
NR2F2,PA2G4,1
NR2F2,TTI2,1
NR2F2,MPHOSPH9,1
NR2F2,PFKM,1
NR2F2,PPCDC,1
NR2F2,MEST,1
NR2F2,TTF2,1
NR2F2,FAM49B,1
NR2F2,ASNSD1,1
NR2F2,ZFYVE21,1
NR2F2,DNPEP,1
NR2F2,TIMM50,1
NR2F2,CMSS1,1
NR2F2,HMGN3,1
NR2F2,NR1H3,1
NR2F2,ZNF397,1
NR2F2,OPA1,1
NR2F2,MRRF,1
NR2F2,CACYBP,1
NR2F2,GTF2H2,1
NR2F2,CDK5RAP1,1
NR2F2,BTG1,1
NR2F2,DHRS3,1
NR2F2,NME1,1
NR2F2,MAF,1
NR2F2,SLC25A4,1
NR2F2,SLC25A26,1
NR2F2,CYB5B,1
NR2F2,TMEM120A,1
NR2F2,DSN1,1
NR2F2,AGT,1
NR2F2,EPS8L2,1
NR2F2,GALK1,1
NR2F2,CENPH,1
NR2F2,MTF2,1
NR2F2,MAD2L1BP,1
NR2F2,USB1,1
NR2F2,NEDD1,1
NR2F2,SMARCA4,1
NR2F2,RIOK3,1
NR2F2,NUP107,1
NR2F2,GDAP1,1
NR2F2,TIPARP,1
NR2F2,GABPB1,1
NR2F2,PRAP1,1
NR2F2,C6ORF203,1
NR2F2,SLC39A1,1
NR2F2,CREB3L4,1
NR2F2,CFAP36,1
NR2F2,DNMT3A,1
NR2F2,SSBP2,1
NR2F2,B4GALT3,1
NR2F2,PRMT5,1
NR2F2,XRCC5,1
NR2F2,CAT,1
NR2F2,SUCLA2,1
NR2F2,MTERF3,1
NR2F2,COPS7B,1
NR2F2,F2,1
NR2F2,NUF2,1
NR2F2,POLR2B,1
NR2F2,COPS7A,1
NR2F2,HMGB2,1
NR2F2,PROSER1,1
NR2F2,KIFAP3,1
NR2F2,MAT2B,1
NR2F2,TATDN3,1
NR2F2,RBM39,1
NR2F2,AAR2,1
NR2F2,ACY1,1
NR2F2,DEDD,1
NR2F2,CREB3L3,1
NR2F2,NOP16,1
NR2F2,ILF2,1
NR2F2,MRPS2,1
NR2F2,CMPK1,1
NR2F2,TAF1A,1
NR2F2,DPH5,1
NR2F2,MORN2,1
NR2F2,EWSR1,1
NR2F2,SLC25A37,1
NR2F2,HSD17B14,1
NR2F2,HMBS,1
NR2F2,CCDC77,1
NR2F2,ELP2,1
NR2F2,HIST1H4C,1
NR2F2,MRPL16,1
NR2F2,PPFIBP2,1
NR2F2,UQCC1,1
NR2F2,PCIF1,1
NR2F2,CENPU,1
NR2F2,AAAS,1
NR2F2,IDH3B,1
NR2F2,TF,1
NR2F2,EED,1
NR2F2,MRPS27,1
NR2F2,SAAL1,1
NR2F2,BRCA1,1
NR2F2,ZWILCH,1
NR2F2,DECR1,1
NR2F2,POLR1B,1
NR2F2,C3,1
NR2F2,VEZF1,1
NR2F2,ZNF227,1
NR2F2,C1GALT1,1
NR2F2,MTTP,1
NR2F2,DNASE1,1
NR2F2,NFKBIZ,1
NR2F2,TCFL5,1
NR2F2,TSFM,1
NR2F2,METTL8,1
NR2F2,PRKCI,1
NR2F2,TBRG4,1
NR2F2,E2F3,1
NR2F2,ABT1,1
NR2F2,PARPBP,1
NR2F2,NUP37,1
NR2F2,HDAC1,1
NR2F2,TUBE1,1
NR2F2,ITGB5,1
NR2F2,HMGCR,1
NR2F2,HIF1AN,1
NR2F2,CSDE1,1
NR2F2,DGAT1,1
NR2F2,NUP54,1
NR2F2,PHF5A,1
NR2F2,RNF19A,1
NR2F2,ASNS,1
NR2F2,DPAGT1,1
NR2F2,ARL14EP,1
NR2F2,UCP2,1
NR2F2,VPS72,1
NR2F2,FUCA1,1
NR2F2,PTPN12,1
NR2F2,METTL3,1
NR2F2,FANCD2,1
NR2F2,NUDCD1,1
NR2F2,DNAH14,1
NR2F2,AMBP,1
NR2F2,S100A13,1
NR2F2,DNAJC2,1
NR2F2,SQLE,1
NR2F2,PPP1R21,1
NR2F2,NOL11,1
NR2F2,SF3A3,1
NR2F2,HNRNPD,1
NR2F2,RUVBL1,1
NR2F2,ZNF354A,1
NR2F2,UCHL5,1
NR2F2,FABP1,1
NR2F2,ZNRD1,1
NR2F2,RBPJ,1
NR2F2,CDCA2,1
NR2F2,HSDL2,1
NR2F2,EIF2B3,1
NR2F2,RAD54L,1
NR2F2,UTP15,1
NR2F2,PSME3,1
NR2F2,BDP1,1
NR2F2,FASTKD2,1
NR2F2,ECD,1
NR2F2,EGR1,1
NR2F2,ZSWIM7,1
NR2F2,NFATC2,1
NR2F2,GGCT,1
NR2F2,SNRNP25,1
NR2F2,DHCR7,1
NR2F2,AMZ2,1
NR2F2,NOSIP,1
NR2F2,APOA1,1
NR2F2,ACAT2,1
NR2F2,DLGAP5,1
NR2F2,PIK3R1,1
NR2F2,HSD17B11,1
NR2F2,TMEM14A,1
NR2F2,LIFR,1
NR2F2,BTG2,1
NR2F2,TMEM41A,1
NR2F2,TBC1D31,1
NR2F2,CEBPZ,1
NR2F2,C12ORF10,1
NR2F2,C11ORF74,1
NR2F2,ZFP62,1
NR2F2,ZNF567,1
NR2F2,EPB41L2,1
NR2F2,MDK,1
NR2F2,NIF3L1,1
NR2F2,CHD8,1
NR2F2,CRBN,1
NR2F2,ATG5,1
NR2F2,CCNB1,1
NR2F2,ASPH,1
NR2F2,ANP32E,1
NR2F2,SRSF2,1
NR2F2,CDK5RAP2,1
NR2F2,ACSL5,1
NR2F2,SLC38A1,1
NR2F2,ELMOD2,1
NR2F2,MAD2L1,1
NR2F2,G6PC3,1
NR2F2,PDCD2L,1
NR2F2,THYN1,1
NR2F2,COQ3,1
NR2F2,ZNF146,1
NR2F2,CEP70,1
NR2F2,GSTK1,1
NR2F2,KIF20A,1
NR2F2,ATP1B1,1
NR2F2,CFAP20,1
NR2F2,CCDC88A,1
NR2F2,PAPOLA,1
NR2F2,GTF2H3,1
NR2F2,ALG8,1
NR2F2,C17ORF75,1
NR2F2,TRIAP1,1
NR2F2,TGIF2,1
NR2F2,ABCA5,1
NR2F2,WDR43,1
NR2F2,UBL7,1
NR2F2,NDUFAF5,1
NR2F2,GSN,1
NR2F2,RHOBTB3,1
NR2F2,PLTP,1
NR2F2,THRAP3,1
NR2F2,USP45,1
NR2F2,ACTL6A,1
NR2F2,MAZ,1
NR2F2,GTF2E1,1
NR2F2,YARS,1
NR2F2,S100PBP,1
NR2F2,NAA15,1
NR2F2,SNRPB,1
NR2F2,GPN1,1
NR2F2,SRSF1,1
NR2F2,POLR1C,1
NR2F2,TBX3,1
NR2F2,SULT1A2,1
NR2F2,TDP2,1
NR2F2,ASF1A,1
NR2F2,ZFP64,1
NR2F2,NTHL1,1
NR2F2,CDCA3,1
NR2F2,RAD1,1
NR2F2,NR2F6,1
NR2F2,LRRC1,1
NR2F2,BRIX1,1
NR2F2,BRCA2,1
NR2F2,SUPT16H,1
NR2F2,TNFAIP3,1
NR2F2,METTL1,1
NR2F2,ZNF260,1
NR2F2,TAF11,1
NR2F2,PRIM2,1
NR2F2,FGA,1
NR2F2,PEMT,1
NR2F2,RFXANK,1
NR2F2,PCID2,1
NR2F2,EXOSC8,1
NR2F2,ZNF101,1
NR2F2,CETN3,1
NR2F2,CAAP1,1
NR2F2,RFC4,1
NR2F2,GNPNAT1,1
NR2F2,U2AF1,1
NR2F2,SIRT2,1
NR2F2,IMP4,1
NR2F2,VPS33A,1
NR2F2,FANCA,1
NR2F2,UGP2,1
NR2F2,KPNA2,1
NR2F2,ZNF770,1
NR2F2,CRAT,1
NR2F2,PLAGL2,1
NR2F2,GPN3,1
NR2F2,DCAF13,1
NR2F2,MCM7,1
NR2F2,KAT7,1
NR2F2,PAK1IP1,1
NR2F2,PPP1R7,1
NR2F2,JMJD1C,1
NR2F2,CDK1,1
NR2F2,ANKRD1,1
NR2F2,MRPS12,1
NR2F2,CUL2,1
NR2F2,ECHDC1,1
NR2F2,IL6ST,1
NR2F2,SPINK1,1
NR2F2,ING5,1
NR2F2,MCRS1,1
NR2F2,TARBP2,1
NR2F2,HEXB,1
NR2F2,C11ORF54,1
NR2F2,NUP35,1
NR2F2,MCM4,1
NR2F2,DERA,1
NR2F2,METTL5,1
NR2F2,AKR1B1,1
NR2F2,SERPINF1,1
NR2F2,ACOX2,1
NR2F2,C11ORF1,1
NR2F2,ELP6,1
NR2F2,PEX19,1
NR2F2,APOC3,1
NR2F2,RFC1,1
NR2F2,DNAJB9,1
NR2F2,HMGN4,1
NR2F2,SLC7A6,1
NR2F2,TIMM9,1
NR2F2,KIAA0586,1
NR2F2,NR1I3,1
NR2F2,CCDC66,1
NR2F2,TTC4,1
NR2F2,SLC29A1,1
NR2F2,ZNF644,1
NR2F2,VRK1,1
NR2F2,ETV4,1
NR2F2,HSD17B7,1
NR2F2,NDC80,1
NR2F2,NOL10,1
NR2F2,CENPN,1
NR2F2,DTYMK,1
NR2F2,DPH6,1
NR2F2,FANCL,1
NR2F2,OAZ2,1
NR2F2,DCLRE1C,1
NR2F2,AFF4,1
NR2F2,ZNF561,1
NR2F2,XPO5,1
NR2F2,MOV10,1
NR2F2,TXNDC9,1
NR2F2,PSPH,1
NR2F2,EIF5B,1
NR2F2,PLAA,1
NR2F2,HIST1H1E,1
NR2F2,SEC22C,1
NR2F2,HIBCH,1
NR2F2,BPTF,1
NR2F2,SUPV3L1,1
NR2F2,TFRC,1
NR2F2,MRPL15,1
NR2F2,SRSF3,1
NR2F2,MIS18BP1,1
NR2F2,KIF20B,1
NR2F2,BUB1,1
NR2F2,LMO7,1
NR2F2,CCDC138,1
NR2F2,POLR2D,1
NR2F2,SMC2,1
NR2F2,HIST1H2BC,1
NR2F2,ARG2,1
NR2F2,C1ORF109,1
NR2F2,DEF8,1
NR2F2,ANLN,1
NR2F2,MRPS11,1
NR2F2,EEF1A1,1
NR2F2,RRM2B,1
NR2F2,RANGRF,1
NR2F2,BPHL,1
NR2F2,CMC1,1
NR2F2,POU2F1,1
NR2F2,APOA2,1
NR2F2,ECT2,1
NR2F2,ATL2,1
NR2F2,ABCE1,1
NR2F2,CCDC126,1
NR2F2,DNA2,1
NR2F2,SUGCT,1
NR2F2,ATIC,1
NR2F2,COPS2,1
NR2F2,ZNF589,1
NR2F2,DRAP1,1
NR2F2,ZMYM1,1
NR2F2,MYO9A,1
NR2F2,HAUS4,1
NR2F2,ASCC3,1
NR2F2,MAPK1,1
NR2F2,WDR3,1
NR2F2,UTP18,1
NR2F2,MIS18A,1
NR2F2,NCAPG,1
NR2F2,BCS1L,1
NR2F2,GEMIN2,1
NR2F2,ZNF143,1
NR2F2,NHEJ1,1
NR2F2,EXOC5,1
NR2F2,DROSHA,1
NR2F2,AGTRAP,1
NR2F2,CDC6,1
NR2F2,RIOK1,1
NR2F2,ZBTB3,1
NR2F2,ICE2,1
NR2F2,ZNF670,1
NR2F2,POLR2K,1
NR2F2,POLE4,1
NR2F2,EXOSC9,1
NR2F2,WDR75,1
NR2F2,G2E3,1
NR2F2,UBAC2,1
NR2F2,LTV1,1
NR2F2,ISY1,1
NR2F2,RECQL,1
NR2F2,GMPR2,1
NR2F2,MRPL1,1
NR2F2,DPP4,1
NR2F2,PAFAH1B3,1
NR2F2,METTL21A,1
NR2F2,MED4,1
NR2F2,RNASE4,1
NR2F2,PPAT,1
NR2F2,ANG,1
NR2F2,PNPT1,1
NR2F2,PEF1,1
NR2F2,SMC6,1
NR2F2,MTX2,1
NR2F2,SLC35B4,1
NR2F2,ORC6,1
NR2F2,GLUD1,1
NR2F2,FANCI,1
NR2F2,CKS2,1
NR2F2,RRM1,1
NR2F2,CDK2AP1,1
NR2F2,RFX5,1
NR2F2,NUDT1,1
NR2F2,MRPS35,1
NR2F2,LRRC40,1
NR2F2,HOOK2,1
NR2F2,HMGN1,1
NR2F2,DAB2,1
NR2F2,PPIL1,1
NR2F2,GTF3C5,1
NR2F2,ZNF253,1
NR2F2,RSU1,1
NR2F2,HARS,1
NR2F2,HNRNPK,1
NR2F2,YAF2,1
NR2F2,GTF3C2,1
NR2F2,NDUFAF4,1
NR2F2,PSMG1,1
NR2F2,HMMR,1
NR2F2,CDC23,1
NR2F2,MGME1,1
NR2F2,DPCD,1
NR2F2,WBP11,1
NR2F2,C19ORF48,1
NR2F2,SERTAD3,1
NR2F2,FAM114A1,1
NR2F2,RFC2,1
NR2F2,POLR3D,1
NR2F2,SVIL,1
NR2F2,DAXX,1
NR2F2,AARS,1
NR2F2,MCM3,1
NR2F2,HNRNPH3,1
NR2F2,EXOSC3,1
NR2F2,TTLL4,1
NR2F2,IFRD2,1
NR2F2,ZNF766,1
NR2F2,ADNP,1
NR2F2,TCF3,1
NR2F2,PIK3R4,1
NR2F2,TAF1B,1
NR2F2,SRRM1,1
NR2F2,THAP4,1
NR2F2,BCAS2,1
NR2F2,MYBBP1A,1
NR2F2,PLK1,1
NR2F2,NODAL,1
NR2F2,HIST1H1C,1
NR2F2,FBXO6,1
NR2F2,TAF5,1
NR2F2,STEAP1,1
NR2F2,KIF22,1
NR2F2,GALM,1
NR2F2,CENPK,1
NR2F2,ATG3,1
NR2F2,METTL18,1
NR2F2,KIF23,1
NR2F2,EXOSC1,1
NR2F2,ORC5,1
NR2F2,NIP7,1
NR2F2,GATAD2B,1
NR2F2,TMEM69,1
NR2F2,MBIP,1
NR2F2,ZSCAN21,1
NR2F2,MLH1,1
NR2F2,LIAS,1
NR2F2,GGH,1
NR2F2,HP,1
NR2F2,HNRNPUL1,1
NR2F2,KLHL7,1
NR2F2,FLAD1,1
NR2F2,ZNF581,1
NR2F2,SSB,1
NR2F2,POLE2,1
NR2F2,SIAE,1
NR2F2,TRIM27,1
NR2F2,ATG4C,1
NR2F2,GATM,1
NR2F2,SDAD1,1
NR2F2,HACL1,1
NR2F2,DCUN1D5,1
NR2F2,PWP1,1
NR2F2,MXD1,1
NR2F2,WARS,1
NR2F2,RNPS1,1
NR2F2,POLR3G,1
NR2F2,NEDD4L,1
NR2F2,ACADSB,1
NR2F2,NBAS,1
NR2F2,EFTUD2,1
NR2F2,DDX20,1
NR2F2,NCK1,1
NR2F2,ARMC9,1
NR2F2,RAD51,1
NR2F2,PCGF6,1
NR2F2,ILF3,1
NR2F2,CHEK1,1
NR2F2,SMAD5,1
NR2F2,TMEM60,1
NR2F2,SKA3,1
NR2F2,RBBP4,1
NR2F2,ZRANB2,1
NR2F2,ZNF202,1
NR2F2,XPO6,1
NR2F2,HPX,1
NR2F2,ZNF398,1
NR2F2,SP4,1
NR2F2,RAD51AP1,1
NR2F2,COMMD10,1
NR2F2,CHCHD6,1
NR2F2,METAP1,1
NR2F2,CPSF3,1
NR2F2,BRMS1,1
NR2F2,TARDBP,1
NR2F2,PRKCE,1
NR2F2,EEF1E1,1
NR2F2,APEX1,1
NR2F2,DDC,1
NR2F2,HPR,1
NR2F2,HNF4A,1
NR2F2,SF3B3,1
NR2F2,CDK4,1
NR2F2,CDC20,1
NR2F2,TEX10,1
NR2F2,ATF3,1
NR2F2,TWISTNB,1
NR2F2,PMS1,1
NR2F2,HELLS,1
NR2F2,BTF3,1
NR2F2,ASGR1,1
NR2F2,ZNF638,1
NR2F2,RNF138,1
NR2F2,TCF25,1
NR2F2,SORBS2,1
NR2F2,STARD3NL,1
NR2F2,MED30,1
NR2F2,HAUS2,1
NR2F2,DBF4,1
NR2F2,NME2,1
NR2F2,MTHFD1,1
NR2F2,VIL1,1
NR2F2,RUVBL2,1
NR2F2,IMMP1L,1
NR2F2,IL32,1
NR2F2,FBL,1
NR2F2,CENPF,1
NR2F2,BUB1B,1
NR2F2,TK1,1
NR2F2,EBNA1BP2,1
NR2F2,MECR,1
NR2F2,HNRNPR,1
NR2F2,PISD,1
NR2F2,IFT52,1
NR2F2,NUP93,1
NR2F2,APOC2,1
NR2F2,ESCO2,1
NR2F2,PDE6D,1
NR2F2,EXTL2,1
NR2F2,TPX2,1
NR2F2,MCM2,1
NR2F2,CDKN3,1
NR2F2,ANAPC7,1
NR2F2,TMEM177,1
NR2F2,ATG101,1
NR2F2,TBPL1,1
NR2F2,PLA2G12B,1
NR2F2,STX8,1
NR2F2,MED20,1
NR2F2,NIFK,1
NR2F2,ING3,1
NR2F2,ZNF74,1
NR2F2,TMEM237,1
NR2F2,EFNA1,1
NR2F2,KNG1,1
NR2F2,THOC1,1
NR2F2,RCAN1,1
NR2F2,KNTC1,1
NR2F2,BIRC5,1
NR2F2,CTSC,1
NR2F2,PDCD11,1
NR2F2,PAPSS1,1
NR2F2,HJURP,1
NR2F2,USP10,1
NR2F2,NAA25,1
NR2F2,PDCD4,1
NR2F2,CXXC1,1
NR2F2,CENPE,1
NR2F2,USP39,1
NR2F2,AHSG,1
NR2F2,RBMX,1
NR2F2,NVL,1
NR2F2,LRR1,1
NR2F2,ORC4,1
NR2F2,MYL6B,1
NR2F2,ZNF232,1
NR2F2,ZCCHC7,1
NR2F2,TERF1,1
NR2F2,CNOT7,1
NR2F2,NPM1,1
NR2F2,ELOF1,1
NR2F2,YBX1,1
NR2F2,TTC39C,1
NR2F2,MTUS1,1
NR2F2,HERPUD1,1
NR2F2,GPATCH4,1
NR2F2,ZNHIT3,1
NR2F2,DHPS,1
NR2F2,CASP8AP2,1
NR2F2,RAMP1,1
NR2F2,POLB,1
NR2F2,ERAL1,1
NR2F2,CAPRIN1,1
NR2F2,ZGRF1,1
NR2F2,SLC38A2,1
NR2F2,USP1,1
NR2F2,TUBA1B,1
NR2F2,HNRNPH2,1
NR2F2,FOSL2,1
NR2F2,CDKN1A,1
NR2F2,RARG,1
NR2F2,FN1,1
NR2F2,EMP2,1
NR2F2,PPA2,1
NR2F2,GATA4,1
NR2F2,CNBP,1
NR2F2,NUP88,1
NR2F2,SSRP1,1
NR2F2,HINFP,1
NR2F2,DUT,1
NR2F2,NREP,1
NR2F2,VPS26A,1
NR2F2,ZNF91,1
NR2F2,HNRNPAB,1
NR2F2,TBCB,1
NR2F2,RPUSD4,1
NR2F2,POLR2I,1
NR2F2,FAM118B,1
NR2F2,PTGR1,1
NR2F2,TRMT1,1
NR2F2,CCDC82,1
NR2F2,TMEM216,1
NR2F2,DMKN,1
NR2F2,CCND1,1
NR2F2,SMARCE1,1
NR2F2,SERPIND1,1
NR2F2,TTR,1
NR2F2,GXYLT2,1
NR2F2,MRPS9,1
NR2F2,E2F5,1
NR2F2,RBP4,1
NR2F2,LEAP2,1
NR2F2,CALML4,1
NR2F2,ZNF300,1
NR2F2,SLC5A6,1
NR2F2,GEMIN7,1
NR2F2,CCNB2,1
NR2F2,MEP1A,1
NR2F2,SNRPD1,1
NR2F2,MT1X,1
NR2F2,USP28,1
NR2F2,SPDL1,1
NR2F2,ID2,1
NR2F2,BBS7,1
NR2F2,UBLCP1,1
NR2F2,PLRG1,1
NR2F2,MMS22L,1
NR2F2,SIL1,1
NR2F2,SCPEP1,1
NR2F2,RGN,1
NR2F2,ING1,1
NR2F2,SP100,1
NR2F2,ZNF33A,1
NR2F2,FGG,1
NR2F2,UBE2C,1
NR2F2,HSD17B10,1
NR2F2,HGD,1
NR2F2,CMC2,1
NR2F2,CAPG,1
NR2F2,ARHGAP26,1
NR2F2,MSH2,1
NR2F2,TOP2A,1
NR2F2,CKAP2,1
NR2F2,KNSTRN,1
NR2F2,EIF3J,1
NR2F2,DNMT1,1
NR2F2,IFT22,1
NR2F2,NUP85,1
NR2F2,ALG6,1
NR2F2,ERCC8,1
NR2F2,ENO2,1
NR2F2,CEBPA,1
NR2F2,MCM8,1
NR2F2,CPSF6,1
NR2F2,CAMK2D,1
NR2F2,SLC39A5,1
NR2F2,FOXA2,1
NR2F2,OIP5,1
NR2F2,NUSAP1,1
NR2F2,UNC93A,1
NR2F2,MPHOSPH6,1
NR2F2,PSIP1,1
NR2F2,TM4SF5,1
NR2F2,FLRT3,1
NR2F2,TIMM21,1
NR2F2,RRM2,1
NR2F2,SMLR1,1
NR2F2,MTHFD2,1
NR2F2,OGFOD1,1
NR2F2,AATF,1
NR2F2,CD320,1
NR2F2,SUV39H2,1
NR2F2,NCOA6,1
NR2F2,ETV5,1
NR2F2,COPS5,1
NR2F2,TSR1,1
NR2F2,R3HDM1,1
NR2F2,XRCC6,1
NR2F2,JUN,1
NR2F2,MYCN,1
NR2F2,E2F4,1
NR2F2,CREB1,1
NR2F2,DR1,1
NR2F2,ARID3B,1
NR2F2,STMN1,1
NR2F2,MTMR2,1
NR2F2,TDGF1,1
NR2F2,KIZ,1
NR2F2,ATP1B3,1
NR2F2,TOPORS,1
NR2F2,BBS9,1
NR2F2,PPP1CC,1
NR2F2,SLC25A17,1
NR2F2,CUTC,1
NR2F2,TCF19,1
NR2F2,TRIM28,1
NR2F2,AEBP2,1
NR2F2,PSEN1,1
NR2F2,F10,1
NR2F2,ENO1,1
NR2F2,AURKB,1
NR2F2,MTAP,1
NR2F2,RARRES2,1
NR2F2,PPP2R1B,1
NR2F2,SNAPC1,1
NR2F2,FARSA,1
NR2F2,MRPL49,1
NR2F2,GTF2F2,1
NR2F2,BLMH,1
NR2F2,EXOSC5,1
NR2F2,TMEM126B,1
NR2F2,BST2,1
NR2F2,THAP11,1
NR2F2,NPRL2,1
NR2F2,TAF6,1
NR2F2,HMGCL,1
NR2F2,EZH2,1
NR2F2,CUEDC2,1
NR2F2,AKR1C3,1
NR2F2,PRC1,1
NR2F2,APPL2,1
NR2F2,TCERG1,1
NR2F2,PPT1,1
NR2F2,PHC1,1
NR2F2,SEC11C,1
NR2F2,PON2,1
NR2F2,CTSV,1
NR3C1,SMARCD2,1
NR3C1,THAP4,1
NR3C1,RBM39,1
NR3C1,RBPJ,1
NR3C1,CENPU,1
NR3C1,ASXL1,1
NR3C1,TRIAP1,1
NR3C1,FANCD2,1
NR3C1,GTF2H3,1
NR3C1,ECD,1
NR3C1,RRM1,1
NR3C1,IDH3B,1
NR3C1,TWISTNB,1
NR3C1,CDK5RAP2,1
NR3C1,METTL3,1
NR3C1,XPO6,1
NR3C1,MRPL2,1
NR3C1,KLC4,1
NR3C1,CXXC1,1
REST,GDAP1,1
REST,NPPB,1
REST,DAXX,1
REST,ECSIT,1
REST,C3ORF14,1
REST,MAD2L1BP,1
REST,DNMT3A,1
REST,EXOSC3,1
REST,DUT,1
REST,PDE6D,1
REST,HMGN2,1
REST,SEC11C,1
REST,DPYSL2,1
REST,ZSWIM8,1
REST,NTPCR,1
REST,PIGH,1
REST,KLHL7,1
REST,HIST1H1E,1
REST,SPAG9,1
REST,TFRC,1
REST,HNRNPH3,1
REST,MAD2L1,1
REST,NRIP1,1
REST,ANP32E,1
REST,CDK5RAP1,1
REST,RAB28,1
REST,BTF3,1
REST,TAF5,1
REST,PMAIP1,1
REST,HNRNPD,1
REST,MORN2,1
REST,POLR2B,1
REST,GOT1,1
REST,HDAC6,1
REST,LHX1,1
REST,ID2,1
REST,BTG1,1
REST,NUP35,1
REST,NME1,1
REST,SRSF2,1
REST,NUF2,1
REST,ZFP64,1
REST,STEAP1,1
REST,RBM39,1
REST,HIST1H4C,1
REST,PCIF1,1
REST,NIF3L1,1
REST,EPAS1,1
REST,OPA1,1
REST,DTWD1,1
REST,MTF2,1
REST,EEF1A1,1
REST,DDX5,1
REST,NDUFAF5,1
REST,TATDN3,1
REST,THYN1,1
REST,MRPS35,1
REST,IRF9,1
REST,POLR3D,1
REST,EXOSC1,1
REST,SF3B3,1
REST,CBX3,1
REST,ASXL1,1
REST,SKA3,1
REST,TAF6,1
REST,TSFM,1
REST,DCAF13,1
REST,SF3A3,1
REST,TMEM41A,1
REST,SNRPB,1
REST,ZWILCH,1
REST,NUDT15,1
REST,NUP54,1
REST,MATR3,1
REST,NR1H3,1
REST,NBAS,1
REST,SLC38A2,1
REST,MRPL1,1
REST,XPO5,1
REST,BZW2,1
REST,YARS,1
REST,S100PBP,1
REST,NOL11,1
REST,CHEK1,1
REST,SRSF1,1
REST,HMGCR,1
REST,COPS7B,1
REST,NUP107,1
REST,NPM1,1
REST,CCDC88A,1
REST,POLR1B,1
REST,SUB1,1
REST,CLDN4,1
REST,PCNA,1
REST,TOPORS,1
REST,CETN3,1
REST,TIPARP,1
REST,ATF3,1
REST,ZNHIT3,1
REST,GPN1,1
REST,SQLE,1
REST,VPS33A,1
REST,SUGCT,1
REST,GTF2H3,1
REST,GTF3C5,1
REST,MTIF2,1
REST,DDIT4,1
REST,G6PC3,1
REST,MRPL16,1
REST,LIAS,1
REST,TBRG4,1
REST,IDH3B,1
REST,DGAT1,1
REST,HIST1H2BC,1
REST,BBS7,1
REST,SRSF3,1
REST,JUN,1
REST,MPHOSPH9,1
REST,ZNF397,1
REST,FASTKD2,1
REST,C17ORF75,1
REST,AAR2,1
REST,MTHFD2,1
REST,RAD1,1
REST,BRIX1,1
REST,FARSA,1
REST,HMGCL,1
REST,CSDE1,1
REST,IMMP1L,1
REST,HARS,1
REST,TIPIN,1
REST,MTERF3,1
REST,VEZF1,1
REST,TRIAP1,1
REST,ARL14EP,1
REST,GTF2H2,1
REST,NOL10,1
REST,UCHL5,1
REST,KNTC1,1
REST,ZNF770,1
REST,CCDC77,1
REST,TIMM50,1
REST,SNRPD1,1
REST,WDR43,1
REST,EED,1
REST,ZSWIM7,1
REST,C11ORF54,1
REST,TTC4,1
REST,NCAPG,1
REST,ZNRD1,1
REST,PNPT1,1
REST,MRPS27,1
REST,JMJD1C,1
REST,MCM8,1
REST,VPS72,1
REST,ACADSB,1
REST,HERPUD1,1
REST,MID1,1
REST,ZNF143,1
REST,CD320,1
REST,THOC1,1
REST,SMARCD2,1
REST,DR1,1
REST,ADNP,1
REST,NCOA6,1
REST,ECD,1
REST,ATP1B3,1
REST,CKS2,1
REST,THAP4,1
REST,WDR75,1
REST,SLC39A10,1
REST,MED4,1
REST,NOSIP,1
REST,ICE2,1
REST,MST1,1
REST,UBAC2,1
REST,ORC5,1
REST,HNRNPK,1
REST,DNAJC2,1
REST,SRRM1,1
REST,ABT1,1
REST,IVNS1ABP,1
REST,EIF2B3,1
REST,ATG5,1
REST,IDI1,1
REST,CRBN,1
REST,TNNI3,1
REST,CAPRIN1,1
REST,METTL1,1
REST,FANCD2,1
REST,TMEM126B,1
REST,DCUN1D5,1
REST,UGP2,1
REST,ZNF398,1
REST,DNAJB9,1
REST,GABPB1,1
REST,UQCC1,1
REST,GTF2I,1
REST,UBL7,1
REST,PRMT5,1
REST,MTMR2,1
REST,SAAL1,1
REST,NIP7,1
REST,CENPK,1
REST,NFKBIZ,1
REST,RBPJ,1
REST,ARL15,1
REST,XRCC5,1
REST,TUBA1B,1
REST,POLD3,1
REST,PCID2,1
REST,MAZ,1
REST,PEX19,1
REST,THAP1,1
REST,GEMIN7,1
REST,CEBPZ,1
REST,GSN,1
REST,RFXANK,1
REST,MRPL49,1
REST,ENO1,1
REST,TTI2,1
REST,RPUSD4,1
REST,FAM118B,1
REST,BPTF,1
REST,SSBP2,1
REST,GPN3,1
REST,PAPSS1,1
REST,SEC22C,1
REST,HSD17B7,1
REST,TXNDC9,1
REST,MRPS11,1
REST,TRIM25,1
REST,PSPH,1
REST,HIBCH,1
REST,MGME1,1
REST,TAF11,1
REST,TWISTNB,1
REST,TARDBP,1
REST,DPH5,1
REST,ILF2,1
REST,CYB5B,1
REST,RNPS1,1
REST,PTPN12,1
REST,CAAP1,1
REST,HIST1H1C,1
REST,AIMP2,1
REST,EXOSC5,1
REST,HMGB2,1
REST,SGK1,1
REST,PHB2,1
REST,EMG1,1
REST,ILF3,1
REST,TAF7,1
REST,C19ORF48,1
REST,SLC25A4,1
REST,GTF3C2,1
REST,HNRNPAB,1
REST,USP1,1
REST,PWP1,1
REST,METTL5,1
REST,PARPBP,1
REST,NUP37,1
REST,LTV1,1
REST,NOP16,1
REST,HMGN4,1
REST,PPP1CC,1
REST,MXD1,1
REST,ASNS,1
REST,C1GALT1,1
REST,PPT1,1
REST,ATG4C,1
REST,ZCCHC7,1
REST,TBL1X,1
REST,CACYBP,1
REST,TIMMDC1,1
REST,EIF5B,1
REST,TP53,1
REST,CDC6,1
REST,TSR1,1
REST,PLAGL2,1
REST,GPATCH4,1
REST,RIOK1,1
REST,KIF20B,1
REST,KPNA2,1
REST,RUVBL1,1
REST,KAT7,1
REST,MRPS30,1
REST,ZNF253,1
REST,ZNF91,1
REST,GATM,1
REST,CMC1,1
REST,CRYZL1,1
REST,TMEM14A,1
REST,SLC2A1,1
REST,DDIT3,1
REST,AURKA,1
REST,MRPL15,1
REST,AMZ2,1
REST,NUDT1,1
REST,CNOT7,1
REST,AFF4,1
REST,PTP4A1,1
REST,CNBP,1
REST,HAUS2,1
REST,POLE4,1
REST,SAE1,1
REST,SIRT1,1
REST,POLB,1
REST,TF,1
REST,UBLCP1,1
REST,AEBP2,1
REST,ASNSD1,1
REST,LRRC40,1
REST,PIK3R1,1
REST,SS18,1
REST,TBPL1,1
REST,RCAN1,1
REST,WDR74,1
REST,M6PR,1
REST,COPS2,1
REST,ATIC,1
REST,E2F3,1
REST,CUL2,1
REST,POLR3G,1
REST,USP39,1
REST,TBCB,1
REST,POLR2I,1
REST,CCND1,1
REST,ETV5,1
REST,PDCD11,1
REST,EEF1E1,1
REST,FXR1,1
REST,CENPU,1
REST,TK1,1
REST,PSME3,1
REST,SUPV3L1,1
REST,FUBP1,1
REST,TUBE1,1
REST,MRPS12,1
REST,COPS5,1
REST,EXOSC9,1
REST,ABCE1,1
REST,NUP85,1
REST,ATG3,1
REST,UTP15,1
REST,YEATS4,1
REST,APEX1,1
REST,SLC5A6,1
REST,RFC1,1
REST,NUP88,1
REST,MLH1,1
REST,ASPH,1
REST,PPIL1,1
REST,PMS1,1
REST,POLR2D,1
REST,ING3,1
REST,TRIM28,1
REST,POLR1C,1
REST,TRMT1,1
REST,HNRNPR,1
REST,MTX2,1
REST,TMEM60,1
REST,BDP1,1
REST,ING1,1
REST,MRPS2,1
REST,SIL1,1
REST,CUTC,1
REST,XRCC6,1
REST,ATL2,1
REST,ZNF638,1
REST,FANCL,1
REST,MRTO4,1
REST,POLR2K,1
REST,RFC2,1
REST,KIF22,1
REST,TDP2,1
REST,DDX54,1
REST,HSDL2,1
REST,MCM4,1
REST,SDAD1,1
REST,MCM2,1
REST,MCRS1,1
REST,OAZ2,1
REST,LRR1,1
REST,ORC4,1
REST,GMNN,1
REST,CFAP20,1
REST,TBX3,1
REST,SLC25A26,1
REST,YBX1,1
REST,MMS19,1
REST,ASF1A,1
REST,COQ3,1
REST,USP28,1
REST,U2AF1,1
REST,EXOC5,1
REST,TMEM69,1
REST,HEXB,1
REST,WDR12,1
REST,TMEM97,1
REST,EFTUD2,1
REST,XBP1,1
REST,PSMG1,1
REST,BBS9,1
REST,STX8,1
REST,ASCC3,1
REST,ZRANB2,1
REST,NFYB,1
REST,ALG8,1
REST,KATNA1,1
REST,ISY1,1
REST,NDUFAF4,1
REST,ING5,1
REST,ARID2,1
REST,PPA2,1
REST,SLC35B4,1
REST,PRIM2,1
REST,GTF2F2,1
REST,PSIP1,1
REST,BTG2,1
REST,COMMD3,1
REST,DBF4,1
REST,STMN1,1
REST,CRAT,1
REST,AATF,1
REST,MYC,1
REST,AARS,1
REST,PPP1R21,1
REST,RNF19A,1
REST,KEAP1,1
REST,CCNB2,1
REST,PA2G4,1
REST,HMMR,1
REST,TRIM27,1
REST,IRF1,1
REST,MRRF,1
REST,PFKM,1
REST,ZNF202,1
REST,PSAT1,1
REST,AAAS,1
REST,OGFOD1,1
REST,GSTK1,1
REST,ZNF766,1
REST,GLMN,1
REST,FEN1,1
REST,ZNF589,1
REST,KIF20A,1
REST,ELP6,1
REST,FGFR1,1
REST,EBNA1BP2,1
REST,OIP5,1
REST,NUSAP1,1
REST,METTL18,1
REST,KNSTRN,1
REST,ELP2,1
REST,RAD54L,1
REST,DEF8,1
REST,ASL,1
REST,NAA16,1
REST,RHOBTB3,1
REST,G2E3,1
REST,SMARCA5,1
REST,COMMD10,1
REST,PHF5A,1
REST,PIM2,1
REST,CCDC66,1
REST,DTYMK,1
REST,NUDCD1,1
REST,MRPL2,1
REST,KLC4,1
REST,CAT,1
REST,MYBBP1A,1
REST,ACAT2,1
REST,METAP1,1
REST,IQCB1,1
REST,COPS7A,1
REST,ZNF561,1
REST,TADA1,1
REST,PAPOLA,1
REST,NHEJ1,1
REST,GGH,1
REST,EWSR1,1
REST,ZNF232,1
REST,FAM49B,1
REST,DNAH14,1
REST,RRM1,1
REST,TAF1B,1
REST,RRM2B,1
REST,DHRS3,1
REST,TEX10,1
REST,ELL2,1
REST,C6ORF203,1
REST,ACTL6A,1
REST,SERTAD3,1
REST,IL6ST,1
REST,ATP2C1,1
REST,SMC4,1
REST,HIF1AN,1
REST,YWHAH,1
REST,SLC38A1,1
REST,PRIM1,1
REST,BRIP1,1
REST,CREB1,1
REST,NTMT1,1
REST,GGPS1,1
REST,TCERG1,1
REST,RFC4,1
REST,PPAT,1
REST,DRAP1,1
REST,BUB1,1
REST,DSN1,1
REST,DPH6,1
REST,ALPL,1
REST,GTF2E1,1
REST,USP45,1
REST,FLRT3,1
REST,PLAA,1
REST,SEPT10,1
REST,APPL2,1
REST,CPSF3,1
REST,BLM,1
REST,TERF1,1
REST,MRPS9,1
REST,CPSF6,1
REST,FANCA,1
REST,CREB3L2,1
REST,NREP,1
REST,FANCI,1
REST,RSU1,1
REST,PPP2R1B,1
REST,PTMA,1
REST,RECQL,1
REST,SMARCC1,1
REST,ECI2,1
REST,ANAPC7,1
REST,RAD54B,1
REST,CCDC138,1
REST,METTL8,1
REST,ZNF33A,1
REST,NCK1,1
REST,FN1,1
REST,GGCT,1
REST,POLR2L,1
REST,NAA15,1
REST,SSRP1,1
REST,MCM7,1
REST,ECHDC1,1
REST,CCS,1
REST,EXOSC8,1
REST,ELMOD2,1
REST,HJURP,1
REST,POLR1E,1
REST,METTL3,1
REST,MLST8,1
REST,SSB,1
REST,PON2,1
REST,MTTP,1
REST,DEDD,1
REST,MSH2,1
REST,VPS26A,1
REST,NDC80,1
REST,BIRC5,1
REST,TMEM237,1
REST,THRAP3,1
REST,ACAD11,1
REST,WDYHV1,1
REST,CMSS1,1
REST,TIMM9,1
REST,KIAA0586,1
REST,ACTN1,1
REST,CDC23,1
REST,UTP18,1
REST,HAUS4,1
REST,SNRNP25,1
REST,UCP2,1
REST,CDKN1A,1
REST,ZNF644,1
REST,PAK1IP1,1
REST,SUPT16H,1
REST,SMAD5,1
REST,HSD17B11,1
REST,KIZ,1
REST,GEMIN2,1
REST,FOSL2,1
REST,SMC2,1
REST,PROSER1,1
REST,MPC1,1
REST,WBP11,1
REST,SCPEP1,1
REST,ZNF300,1
REST,C9ORF78,1
REST,TTLL4,1
REST,COPS3,1
REST,HINFP,1
REST,LAMB2,1
REST,NIFK,1
REST,HMGN1,1
REST,ETV4,1
REST,ZNF74,1
REST,MED20,1
REST,TDP1,1
REST,AHR,1
REST,ELOVL5,1
REST,SMARCE1,1
REST,SMARCA4,1
REST,POP5,1
REST,HDGF,1
REST,MIS18BP1,1
REST,SP100,1
REST,TPX2,1
REST,PISD,1
REST,CEBPA,1
REST,PRKCI,1
REST,GNPNAT1,1
REST,E2F5,1
REST,TMEM147,1
REST,BPHL,1
REST,CCDC82,1
REST,ACAA1,1
REST,PLK1,1
REST,IFNGR1,1
REST,UPP1,1
REST,WDR3,1
REST,NAA50,1
REST,ZNF567,1
REST,MAT2B,1
REST,TFDP2,1
REST,ANXA4,1
REST,IFT52,1
REST,DNPEP,1
REST,C12ORF10,1
REST,RABEPK,1
REST,RNF138,1
REST,TCF25,1
REST,GLUD1,1
REST,GMPS,1
REST,TCFL5,1
REST,ACOT7,1
REST,HDAC1,1
REST,IMP4,1
REST,DCLRE1C,1
REST,ARMC9,1
REST,HMGA1,1
REST,PLAC8,1
REST,MT1X,1
REST,MAPK1,1
REST,CDCA2,1
REST,ATP1B1,1
REST,CMPK1,1
REST,LRRC1,1
REST,ARL2,1
REST,TRNT1,1
REST,DCTPP1,1
REST,ABCA5,1
REST,SH3BGR,1
REST,HMGN3,1
REST,NPRL2,1
REST,STAT2,1
REST,TMEM216,1
REST,SAMHD1,1
REST,TM7SF3,1
REST,DEPDC7,1
REST,CREG1,1
REST,KLHDC2,1
REST,MBIP,1
REST,TFDP1,1
REST,TNFAIP3,1
REST,NUP93,1
REST,CXXC1,1
REST,SUV39H2,1
REST,RRM2,1
REST,ARHGAP26,1
REST,ACY1,1
REST,MCM3,1
REST,PPP1R7,1
REST,ALG6,1
REST,EPHX2,1
REST,USP7,1
REST,TGIF1,1
REST,PSMB10,1
REST,CHD8,1
REST,E2F4,1
REST,CAPN2,1
REST,BRCA1,1
REST,MELK,1
REST,SMC6,1
REST,SIAE,1
REST,CENPN,1
REST,XPO6,1
REST,NEDD1,1
REST,FHL2,1
REST,DERA,1
REST,ANAPC4,1
REST,USP10,1
REST,SNAPC1,1
REST,METTL21A,1
REST,HELLS,1
REST,MGST2,1
REST,ELOVL6,1
REST,ORC6,1
REST,TMEM177,1
REST,PYGL,1
REST,LAMC1,1
REST,PIAS2,1
REST,PFN2,1
REST,DECR1,1
REST,MPHOSPH6,1
REST,FAM13A,1
REST,APOA2,1
REST,CBR1,1
REST,NME2,1
REST,NEK2,1
REST,MOV10,1
REST,CTPS1,1
REST,CRELD1,1
REST,CFAP36,1
REST,SMAD3,1
REST,APOB,1
REST,UCK2,1
REST,CDKN3,1
REST,BLMH,1
REST,MTUS1,1
REST,EFNA1,1
REST,AAMP,1
REST,JAG1,1
REST,NCOA1,1
REST,H1F0,1
REST,EPB41L2,1
REST,SERPINF1,1
REST,SUCLA2,1
REST,PLA2G12B,1
REST,RNF2,1
REST,JUND,1
REST,HOOK2,1
REST,VRK1,1
REST,SMOX,1
REST,UNC93A,1
REST,LCMT1,1
REST,BSCL2,1
REST,HMCES,1
REST,TMEM120A,1
REST,NNT,1
REST,MAFF,1
REST,AKR1C3,1
REST,FABP1,1
REST,MED30,1
REST,TEAD4,1
REST,SMIM20,1
REST,DDAH1,1
REST,DDC,1
REST,FGA,1
REST,DHCR7,1
REST,F2,1
REST,NR2F2,1
REST,FBXO6,1
REST,SLC7A6,1
REST,TP53INP2,1
REST,BLVRA,1
REST,LMO7,1
REST,SMLR1,1
REST,DEK,1
REST,F10,1
REST,JARID2,1
REST,HPN,1
REST,TGIF2,1
REST,MLXIPL,1
REST,GALM,1
REST,PAWR,1
REST,GMPR2,1
REST,HGD,1
REST,ACSL5,1
REST,FOXA1,1
REST,IQGAP2,1
REST,ZFYVE21,1
REST,MYCN,1
REST,SERPIND1,1
REST,ZNF101,1
REST,ITGB5,1
REST,SLC35D2,1
REST,GATA4,1
REST,TTR,1
REST,C3,1
REST,EMP2,1
REST,FOXA2,1
REST,RBP4,1
REST,GRHL1,1
REST,ALB,1
REST,FOXO1,1
REST,AMBP,1
REST,AHSG,1
REST,AGT,1
REST,BCOR,1
REST,FMO5,1
REST,APOC2,1
REST,FGG,1
REST,GCHFR,1
REST,ASGR1,1
REST,GXYLT2,1
REST,TFE3,1
REST,HPR,1
REST,LEAP2,1
REST,HP,1
REST,ZFHX3,1
REST,APOA1,1
REST,KDELR3,1
REST,MAF,1
REST,VIL1,1
REST,PEG3,1
REST,HNF4A,1
REST,ACOX2,1
REST,GPC3,1
REST,TM4SF5,1
REST,SLC39A5,1
REST,VTN,1
REST,DPP4,1
REST,HPX,1
REST,PHF11,1
REST,MYBL2,1
REST,ANXA3,1
REST,QPCT,1
RFX5,MXD1,1
RFX5,CKS2,1
RFX5,TOP2B,1
RFX5,PDCD4,1
RFX5,DDB2,1
RFX5,DPCD,1
RFX5,APOC1,1
RFX5,HNRNPH2,1
RFX5,CKAP2,1
RFX5,DDIT4,1
RFX5,SRSF3,1
RFX5,CCND1,1
RFX5,POLD2,1
RFX5,GOT1,1
RFX5,CDK4,1
RFX5,PPCDC,1
RFX5,SLC39A10,1
RFX5,ILF2,1
RFX5,IDI1,1
RFX5,CRELD1,1
RFX5,RUVBL1,1
RFX5,SOX4,1
RFX5,CDCA2,1
RFX5,HMGCR,1
RFX5,MRPS30,1
RFX5,UCP2,1
RFX5,AIMP2,1
RFX5,ZNF253,1
RFX5,SMARCD2,1
RFX5,AASS,1
RFX5,CENPU,1
RFX5,ACAT2,1
RFX5,HSD17B7,1
RFX5,TFDP2,1
RFX5,BTG1,1
RFX5,CCNB1,1
RFX5,MTHFD2,1
RFX5,FOXA1,1
RFX5,IMMP1L,1
RFX5,TARBP2,1
RFX5,COPS3,1
RFX5,ZNRD1,1
RFX5,ELOVL5,1
RFX5,HMGN3,1
RFX5,CAT,1
RFX5,PEF1,1
RFX5,CENPK,1
RFX5,XBP1,1
RFX5,PRMT5,1
RFX5,GTF2I,1
RFX5,LIAS,1
RFX5,GTF2E1,1
RFX5,ARL15,1
RFX5,COPS2,1
RFX5,USP1,1
RFX5,CREB3L2,1
RFX5,TMEM69,1
RFX5,PSAT1,1
RFX5,CDC23,1
RFX5,SPAG9,1
RFX5,ZNHIT3,1
RFX5,CFAP36,1
RFX5,NME1,1
RFX5,MLF1,1
RFX5,BDP1,1
RFX5,BRCA1,1
RFX5,UBE2T,1
RFX5,SF3A3,1
RFX5,NFYB,1
RFX5,DCTPP1,1
RFX5,PCNA,1
RFX5,E2F3,1
RFX5,HMBS,1
RFX5,CDK2AP1,1
RFX5,AKR1B1,1
RFX5,ELMOD2,1
RFX5,RNF26,1
RFX5,PTP4A1,1
RFX5,TCERG1,1
RFX5,SIRT2,1
RFX5,YARS,1
RFX5,S100PBP,1
RFX5,TBCB,1
RFX5,POLR2I,1
RFX5,KAT7,1
RFX5,HMGB2,1
RFX5,MLH1,1
RFX5,CCNB2,1
RFX5,ING3,1
RFX5,RECQL,1
RFX5,MRRF,1
RFX5,AURKB,1
RFX5,TMEM97,1
RFX5,NUF2,1
RFX5,TATDN3,1
RFX5,ACTL6A,1
RFX5,GMPR2,1
RFX5,PISD,1
RFX5,HMGN4,1
RFX5,ZFYVE21,1
RFX5,ZGRF1,1
RFX5,MRPL2,1
RFX5,KLC4,1
RFX5,HNRNPUL1,1
RFX5,DTWD1,1
RFX5,KLF5,1
RFX5,C9ORF78,1
RFX5,HAUS2,1
RFX5,COPS7A,1
RFX5,SSBP2,1
RFX5,ZNF143,1
RFX5,SQLE,1
RFX5,CDC6,1
RFX5,MED30,1
RFX5,NCK1,1
RFX5,PDCD11,1
RFX5,ASL,1
RFX5,ATG5,1
RFX5,VEZF1,1
RFX5,NUP88,1
RFX5,XRCC6,1
RFX5,MCM3,1
RFX5,CDK5RAP1,1
RFX5,SNRNP25,1
RFX5,SLC25A37,1
RFX5,CXXC1,1
RFX5,MRPL16,1
RFX5,ZNF675,1
RFX5,NOSIP,1
RFX5,ACAD11,1
RFX5,TP53INP2,1
RFX5,FTSJ1,1
RFX5,MRPS12,1
RFX5,NOP16,1
RFX5,IQCB1,1
RFX5,ABT1,1
RFX5,TMEM147,1
RFX5,ECD,1
RFX5,ASF1A,1
RFX5,TTLL4,1
RFX5,BRIP1,1
RFX5,TRIM28,1
RFX5,FANCD2,1
RFX5,CFAP20,1
RFX5,MTF2,1
RFX5,RAD54L,1
RFX5,ZBTB3,1
RFX5,RRM1,1
RFX5,LRRC40,1
RFX5,C12ORF10,1
RFX5,NUP107,1
RFX5,RUVBL2,1
RFX5,ECT2,1
RFX5,MBIP,1
RFX5,PYCR1,1
RFX5,AAR2,1
RFX5,THAP4,1
RFX5,SLC39A1,1
RFX5,CREB3L4,1
RFX5,HIST1H4C,1
RFX5,GGCT,1
RFX5,TWISTNB,1
RFX5,VPS72,1
RFX5,MCM7,1
RFX5,TTK,1
RFX5,M6PR,1
RFX5,CDKN3,1
RFX5,GTF2H3,1
RFX5,NIP7,1
RFX5,TOP2A,1
RFX5,AURKA,1
RFX5,RSU1,1
RFX5,RBPJ,1
RFX5,ETV5,1
RFX5,ESYT1,1
RFX5,WARS,1
RFX5,STAT2,1
RFX5,TERF1,1
RFX5,TK1,1
RFX5,ZSWIM7,1
RFX5,PRC1,1
RFX5,C1ORF109,1
RFX5,SNRPB,1
RFX5,CHAF1A,1
RFX5,C11ORF1,1
RFX5,TUBE1,1
RFX5,SRRM1,1
RFX5,TPX2,1
RFX5,ELP2,1
RFX5,CDK1,1
RFX5,SMARCA5,1
RFX5,DROSHA,1
RFX5,TRNT1,1
RFX5,TMEM120A,1
RFX5,CNTRL,1
RFX5,ARHGAP26,1
RFX5,HIST1H2BC,1
RFX5,AARS,1
RFX5,HDAC6,1
RFX5,ESCO2,1
RFX5,MRPS27,1
RFX5,EIF2B3,1
RFX5,STARD3NL,1
RFX5,IRF9,1
RFX5,NIF3L1,1
RFX5,ZNF766,1
RFX5,BBS7,1
RFX5,ZNF397,1
RFX5,LCMT1,1
RFX5,RNPS1,1
RFX5,MED14,1
RFX5,SERTAD3,1
RFX5,DHCR7,1
RFX5,MTIF2,1
RFX5,NR1H3,1
RFX5,ARG2,1
RFX5,HERPUD1,1
RFX5,CYB5B,1
RFX5,MSH2,1
RFX5,NEK2,1
RFX5,GPN1,1
RFX5,PAK1IP1,1
RFX5,POLR1E,1
RFX5,TMEM41A,1
RFX5,MPHOSPH9,1
RFX5,BLM,1
RFX5,KIFAP3,1
RFX5,HACL1,1
RFX5,HIBCH,1
RFX5,GTF3C5,1
RFX5,MCM5,1
RFX5,DCUN1D5,1
RFX5,SUGCT,1
RFX5,PIK3R4,1
RFX5,MRPL1,1
RFX5,UCHL5,1
RFX5,RFC2,1
RFX5,WDHD1,1
RFX5,PSPH,1
RFX5,THOC1,1
RFX5,NUP54,1
RFX5,CCDC82,1
RFX5,TRIAP1,1
RFX5,ILF3,1
RFX5,PNPT1,1
RFX5,JARID2,1
RFX5,MRPL49,1
RFX5,TIMM9,1
RFX5,KIAA0586,1
RFX5,NDUFAF5,1
RFX5,BRMS1,1
RFX5,BCAS2,1
RFX5,WDR3,1
RFX5,SP4,1
RFX5,CMSS1,1
RFX5,MECR,1
RFX5,BPTF,1
RFX5,MPC1,1
RFX5,GTF2H2,1
RFX5,LTV1,1
RFX5,KLHL7,1
RFX5,ID2,1
RFX5,DCLRE1C,1
RFX5,CENPE,1
RFX5,ABCE1,1
RFX5,ZNF770,1
RFX5,IFT52,1
RFX5,UQCC1,1
RFX5,C11ORF74,1
RFX5,KIF23,1
RFX5,RBBP4,1
RFX5,KIF22,1
RFX5,NDC80,1
RFX5,PPIL1,1
RFX5,PCID2,1
RFX5,CRYZL1,1
RFX5,ZNF91,1
RFX5,LAPTM4B,1
RFX5,ISY1,1
RFX5,RBM39,1
RFX5,C17ORF75,1
RFX5,NAA50,1
RFX5,EXOSC9,1
RFX5,U2AF1,1
RFX5,PHB2,1
RFX5,EMG1,1
RFX5,MMS22L,1
RFX5,USP39,1
RFX5,TXNDC9,1
RFX5,TTI2,1
RFX5,EIF5B,1
RFX5,ECSIT,1
RFX5,NARS2,1
RFX5,FOSB,1
RFX5,FN1,1
RFX5,EEF1A1,1
RFX5,WDR75,1
RFX5,RFC1,1
RFX5,RCAN1,1
RFX5,F10,1
RFX5,IDH3B,1
RFX5,MED20,1
RFX5,POLB,1
RFX5,HNRNPR,1
RFX5,ING5,1
RFX5,DTYMK,1
RFX5,PCIF1,1
RFX5,DDX5,1
RFX5,SEC22C,1
RFX5,COPS7B,1
RFX5,HAT1,1
RFX5,NUDCD1,1
RFX5,MCM8,1
RFX5,ATF3,1
RFX5,APEX1,1
RFX5,METTL3,1
RFX5,EFTUD2,1
RFX5,SOX2,1
RFX5,PRKCE,1
RFX5,PPP1R7,1
RFX5,CPSF3,1
RFX5,ZNF33A,1
RFX5,DSN1,1
RFX5,TBPL1,1
RFX5,NUP35,1
RFX5,FANCA,1
RFX5,CEBPZ,1
RFX5,CENPN,1
RFX5,ATL2,1
RFX5,NR2F2,1
RFX5,NEDD1,1
RFX5,IFRD2,1
RFX5,SLC25A26,1
RFX5,DNAJB9,1
RFX5,NUDT15,1
RFX5,NOL10,1
RFX5,CNOT7,1
RFX5,NUDT1,1
RFX5,HIST1H1C,1
RFX5,TTC39C,1
RFX5,HSDL2,1
RFX5,ELL2,1
RFX5,FASTKD2,1
RFX5,TIMM50,1
RFX5,TDP2,1
RFX5,MAD2L1,1
RFX5,PHF5A,1
RFX5,CCDC66,1
RFX5,MST1,1
RFX5,GTF3C2,1
RFX5,GATA4,1
RFX5,POLR1C,1
RFX5,AATF,1
RFX5,SRSF2,1
RFX5,CBX3,1
RFX5,UTP15,1
RFX5,SRSF1,1
RFX5,GCHFR,1
RFX5,GRHL1,1
RFX5,CHD8,1
RFX5,SKIL,1
RFX5,CAAP1,1
RFX5,AAMP,1
RFX5,E2F8,1
RFX5,RRM2B,1
RFX5,GPC3,1
RFX5,MAZ,1
RFX5,SLC7A6,1
RFX5,MGME1,1
RFX5,CREB1,1
RFX5,KNSTRN,1
RFX5,ASCC3,1
RFX5,GMNN,1
RFX5,MTX2,1
RFX5,DNMT3A,1
RFX5,ATG3,1
RFX5,PSME3,1
RFX5,HNRNPH3,1
RFX5,RFC4,1
RFX5,SUV39H2,1
RFX5,PAPOLA,1
RFX5,JUND,1
RFX5,ZNF638,1
RFX5,BRCA2,1
RFX5,UGP2,1
RFX5,SPTLC3,1
RFX5,CCDC138,1
RFX5,APOB,1
RFX5,TCFL5,1
RFX5,TMEM37,1
RFX5,SERPIND1,1
RFX5,USP10,1
RFX5,AFF4,1
RFX5,GNPNAT1,1
RFX5,MAF,1
RFX5,POLR1B,1
RFX5,GEMIN7,1
RUVBL1,PRMT5,1
RUVBL1,ILF2,1
RUVBL1,RNASE4,1
RUVBL1,ANG,1
RUVBL1,SRSF3,1
RUVBL1,RBM39,1
RUVBL1,SF3B3,1
RUVBL1,KNTC1,1
SMARCA4,GSN,1
SMARCA4,EEF1A1,1
SMARCA4,NME1,1
SMARCA4,HEXB,1
SMARCA4,GDAP1,1
SMARCA4,DDHD1,1
SMARCA4,RNF19A,1
SMARCA4,TEX10,1
SMARCA4,TCERG1,1
SMARCA4,REST,1
SMARCA4,ANP32E,1
SMARCA4,DTWD1,1
SMARCA4,ZFP64,1
SMARCA4,PTP4A1,1
SMARCA4,NEDD1,1
SMARCA4,ELOVL5,1
SMARCA4,MOV10,1
SMARCA4,DBNDD2,1
SMARCA4,CCDC88A,1
SMARCA4,ELMOD2,1
SMARCA4,ELL2,1
SMARCA4,F3,1
SMARCA4,COPS7B,1
SMARCA4,RNF2,1
SMARCA4,GYG1,1
SMARCA4,PSAT1,1
SMARCA4,TMEM41A,1
SMARCA4,BZW2,1
SMARCA4,NFKBIZ,1
SMARCA4,RUVBL1,1
SMARCA4,TRERF1,1
SMARCA4,RHOBTB3,1
SMARCA4,MPC1,1
SMARCA4,TGIF2,1
SMARCA4,MTHFD2,1
SMARCA4,CRELD1,1
SMARCA4,SLC35B4,1
SMARCA4,BPHL,1
SMARCA4,HMGCR,1
SMARCA4,CAAP1,1
SMARCA4,THYN1,1
SMARCA4,TTLL4,1
SMARCA4,ATIC,1
SMARCA4,TRNT1,1
SMARCA4,MTMR2,1
SMARCA4,PCNA,1
SMARCA4,CCDC138,1
SMARCA4,BLMH,1
SMARCA4,NREP,1
SMARCA4,CREB1,1
SMARCA4,ATL2,1
SMARCA4,RBBP4,1
SMARCA4,NAA16,1
SMARCA4,SGK1,1
SMARCA4,GLIPR2,1
SMARCA4,TIPARP,1
SMARCA4,AATF,1
SMARCA4,ANXA4,1
SMARCA4,TFDP2,1
SMARCA4,TBC1D31,1
SMARCA4,AHR,1
SMARCA4,EPB41L2,1
SMARCA4,ZNF638,1
SMARCA4,VPS26A,1
SMARCA4,MXD1,1
SMARCA4,TOP2B,1
SMARCA4,JMJD1C,1
SMARCA4,PLAGL2,1
SMARCA4,APPL2,1
SMARCA4,VEZF1,1
SMARCA4,TMEM60,1
SMARCA4,UCHL5,1
SMARCA4,DERA,1
SMARCA4,HIST1H1C,1
SMARCA4,TRIM27,1
SMARCA4,HERPUD1,1
SMARCA4,DPH6,1
SMARCA4,PPP1CC,1
SMARCA4,HMCES,1
SMARCA4,TFRC,1
SMARCA4,HJURP,1
SMARCA4,SMARCE1,1
SMARCA4,FAM114A1,1
SMARCA4,NFATC2,1
SMARCA4,PRC1,1
SMARCA4,SMAD5,1
SMARCA4,GATM,1
SMARCA4,SRSF2,1
SMARCA4,ASF1A,1
SMARCA4,MTX2,1
SMARCA4,KLHL7,1
SMARCA4,HAUS4,1
SMARCA4,ZNF143,1
SMARCA4,PSMG1,1
SMARCA4,NRIP1,1
SMARCA4,GALE,1
SMARCA4,MATR3,1
SMARCA4,BMPR1A,1
SMARCA4,PPIL1,1
SMARCA4,HMGN2,1
SMARCA4,HNRNPR,1
SMARCA4,CPSF3,1
SMARCA4,PCIF1,1
SMARCA4,C1GALT1,1
SMARCA4,PFKM,1
SMARCA4,CNOT7,1
SMARCA4,HIST1H1E,1
SMARCA4,R3HDM1,1
SMARCA4,SMARCA5,1
SMARCA4,GMPS,1
SMARCA4,SCAPER,1
SMARCA4,CENPF,1
SMARCA4,PSIP1,1
SMARCA4,SLC7A6,1
SMARCA4,PDCD4,1
SMARCA4,AFF4,1
SMARCA4,AEBP2,1
SMARCA4,MTERF3,1
SMARCA4,EWSR1,1
SMARCA4,NNT,1
SMARCA4,CDCA2,1
SMARCA4,SLC39A10,1
SMARCA4,SOX4,1
SMARCA4,USP7,1
SMARCA4,NCOA6,1
SMARCA4,SMARCC1,1
SMARCA4,ING5,1
SMARCA4,GABPB1,1
SMARCA4,RBM39,1
SMARCA4,ASNSD1,1
SMARCA4,PFN2,1
SMARCA4,ATG3,1
SMARCA4,USP10,1
SMARCA4,EIF3J,1
SMARCA4,ECHDC2,1
SMARCA4,G2E3,1
SMARCA4,ASPH,1
SMARCA4,RNASEH2B,1
SMARCA4,CFAP20,1
SMARCA4,SUV39H2,1
SMARCA4,POLE4,1
SMARCA4,MED14,1
SMARCA4,SUCLA2,1
SMARCA4,KPNA2,1
SMARCA4,EMP2,1
SMARCA4,PLK1,1
SMARCA4,TRIP13,1
SMARCA4,ZBTB24,1
SMARCA4,KIF23,1
SMARCA4,DDX5,1
SMARCA4,ZNF770,1
SMARCA4,PDE6D,1
SMARCA4,CDK1,1
SMARCA4,TMEM237,1
SMARCA4,MCM4,1
SMARCA4,UBE2E3,1
SMARCA4,SEPT10,1
SMARCA4,XBP1,1
SMARCA4,LGALS3,1
SMARCA4,ZFHX3,1
SMARCA4,MT1E,1
SMARCA4,DTYMK,1
SMARCA4,METTL8,1
SMARCA4,NUP93,1
SMARCA4,PDCD2L,1
SMARCA4,WDR43,1
SMARCA4,SMC6,1
SMARCA4,NOL10,1
SMARCA4,CHCHD6,1
SMARCA4,MBIP,1
SMARCA4,BMP2,1
SMARCA4,E2F8,1
SMARCA4,CNBP,1
SMARCA4,SMC4,1
SMARCA4,FN1,1
SMARCA4,TARDBP,1
SMARCA4,APOB,1
SMARCA4,ETV5,1
SMARCC1,CDCA3,1
SMARCC1,NUDCD1,1
SMARCC1,DRAP1,1
SMARCC1,PEMT,1
SMARCC1,GSN,1
SMARCC1,IFRD2,1
SMARCC1,TBL1X,1
SMARCC1,MAD2L1BP,1
SMARCC1,NTHL1,1
SMARCC1,SMARCD2,1
SMARCC1,AAMP,1
SMARCC1,TCF3,1
SMARCC1,MTF2,1
SMARCC1,ING3,1
SMARCC1,SLC35B4,1
SMARCC1,NUP107,1
SMARCC1,SIRT2,1
SMARCC1,NME1,1
SMARCC1,ATG101,1
SMARCC1,THAP1,1
SMARCC1,NR3C1,1
SMARCC1,MTERF3,1
SMARCC1,PRKCI,1
SMARCC1,IFT52,1
SMARCC1,ASXL1,1
SMARCC1,POLR2L,1
SMARCC1,C12ORF10,1
SMARCC1,METTL3,1
SMARCC1,NUF2,1
SMARCC1,RBM39,1
SMARCC1,BZW2,1
SMARCC1,PPCDC,1
SMARCC1,RCAN1,1
SMARCC1,BUB1B,1
SMARCC1,C11ORF74,1
SMARCC1,CUL2,1
SMARCC1,NPRL2,1
SMARCC1,ZNF143,1
SMARCC1,THRAP3,1
SMARCC1,TTI2,1
SMARCC1,IRF9,1
SMARCC1,ZNF567,1
SMARCC1,CENPN,1
SMARCC1,ILF3,1
SMARCC1,MRPL1,1
SMARCC1,TIMM21,1
SMARCC1,DGAT1,1
SMARCC1,TARDBP,1
SMARCC1,TATDN3,1
SMARCC1,SUPT16H,1
SMARCC1,SSBP2,1
SMARCC1,MCM7,1
SMARCC1,GALM,1
SMARCC1,TSFM,1
SMARCC1,GDAP1,1
SMARCC1,CCDC88A,1
SMARCC1,BIRC5,1
SMARCC1,IQGAP2,1
SMARCC1,RNF19A,1
SMARCC1,S100A13,1
SMARCC1,NUP54,1
SMARCC1,KEAP1,1
SMARCC1,UTP18,1
SMARCC1,NOSIP,1
SMARCC1,SF3A3,1
SMARCC1,HNRNPUL1,1
SMARCC1,PON2,1
SMARCC1,C19ORF48,1
SMARCC1,CENPU,1
SMARCC1,GMPR2,1
SMARCC1,CFAP20,1
SMARCC1,UBL7,1
SMARCC1,TP53,1
SMARCC1,PSIP1,1
SMARCC1,KAT7,1
SMARCC1,PCIF1,1
SMARCC1,ATL2,1
SMARCC1,TBPL1,1
SMARCC1,RFXANK,1
SMARCC1,ELP2,1
SMARCC1,EED,1
SMARCC1,SP100,1
SMARCC1,YARS,1
SMARCC1,S100PBP,1
SMARCC1,CCDC77,1
SMARCC1,ORC5,1
SMARCC1,PRMT5,1
SMARCC1,VRK1,1
SMARCC1,SVIL,1
SMARCC1,NR1H3,1
SMARCC1,PDE6D,1
SMARCC1,COPS7B,1
SMARCC1,JMJD1C,1
SMARCC1,HEXB,1
SMARCC1,PPFIBP2,1
SMARCC1,PA2G4,1
SMARCC1,PAFAH1B3,1
SMARCC1,DEDD,1
SMARCC1,HDAC1,1
SMARCC1,RUVBL1,1
SMARCC1,FAM49B,1
SMARCC1,CDK5RAP2,1
SMARCC1,MCM4,1
SMARCC1,AURKA,1
SMARCC1,PPP1CC,1
SMARCC1,CDCA2,1
SMARCC1,AXL,1
SMARCC1,TDP2,1
SMARCC1,TIMMDC1,1
SMARCC1,F3,1
SMARCC1,CUEDC2,1
SMARCC1,ATF3,1
SMARCC1,SPTLC3,1
SMARCC1,TAF7,1
SMARCC1,EWSR1,1
SMARCC1,PPP1R21,1
SMARCC1,DOT1L,1
SMARCC1,DEK,1
SMARCC1,ILF2,1
SMARCC1,BRCA2,1
SMARCC1,DNPEP,1
SMARCC1,DAXX,1
SMARCC1,RAD1,1
SMARCC1,BRIX1,1
SMARCC1,TIMM50,1
SMARCC1,BPTF,1
SMARCC1,MST1,1
SMARCC1,ING5,1
SMARCC1,TOP2A,1
SMARCC1,SIRT1,1
SMARCC1,PISD,1
SMARCC1,ETV4,1
SMARCC1,PFKM,1
SMARCC1,GABPB1,1
SMARCC1,RBBP4,1
SMARCC1,CXXC1,1
SMARCC1,ATG4C,1
SMARCC1,HELLS,1
SMARCC1,SNRPB,1
SMARCC1,NIP7,1
SMARCC1,DECR1,1
SMARCC1,MYOF,1
SMARCC1,DHRS3,1
SMARCC1,SMAD3,1
SMARCC1,ARL2,1
SMARCC1,MYL6B,1
SMARCC1,SSRP1,1
SMARCC1,NOP16,1
SMARCC1,ASNS,1
SMARCC1,MTIF2,1
SMARCC1,ZNF398,1
SMARCC1,C6ORF203,1
SMARCC1,JUND,1
SMARCC1,SRSF1,1
SMARCC1,NCOA6,1
SMARCC1,OPA1,1
SMARCC1,DNMT3A,1
SMARCC1,ASGR1,1
SMARCC1,CRBN,1
SMARCC1,HIBCH,1
SMARCC1,SERPINF1,1
SMARCC1,METTL18,1
SMARCC1,ISG20,1
SMARCC1,ARL14EP,1
SMARCC1,SUPV3L1,1
SMARCC1,MORN2,1
SMARCC1,THAP4,1
SMARCC1,TXNDC9,1
SMARCC1,EIF5B,1
SMARCC1,ABT1,1
SMARCC1,DTWD1,1
SMARCC1,CHCHD6,1
SMARCC1,PHB2,1
SMARCC1,EMG1,1
SMARCC1,ALG8,1
SMARCC1,PSMB10,1
SMARCC1,HERPUD1,1
SMARCC1,SRF,1
SMARCC1,CMSS1,1
SMARCC1,POLR1B,1
SMARCC1,GOT1,1
SMARCC1,MRPL15,1
SMARCC1,TGIF2,1
SMARCC1,BDP1,1
SMARCC1,ANXA4,1
SMARCC1,TNFAIP3,1
SMARCC1,ACADVL,1
SMARCC1,ATP2C1,1
SMARCC1,ZNRD1,1
SMARCC1,ECD,1
SMARCC1,CPSF3,1
SMARCC1,HARS,1
SMARCC1,PNPT1,1
SMARCC1,ZNF146,1
SMARCC1,CDK5RAP1,1
SMARCC1,CDK4,1
SMARCC1,HNRNPD,1
SMARCC1,WDR43,1
SMARCC1,TMEM41A,1
SMARCC1,PLAGL2,1
SMARCC1,TIMM9,1
SMARCC1,KIAA0586,1
SMARCC1,AAR2,1
SMARCC1,POLE4,1
SMARCC1,DDX20,1
SMARCC1,CSDE1,1
SMARCC1,GTF2H2,1
SMARCC1,NDUFAF5,1
SMARCC1,ECSIT,1
SMARCC1,ELF1,1
SMARCC1,SPAG9,1
SMARCC1,GTF3C5,1
SMARCC1,EPB41L2,1
SMARCC1,WDR5,1
SMARCC1,DDX5,1
SMARCC1,TUBE1,1
SMARCC1,AAAS,1
SMARCC1,RAB28,1
SMARCC1,ZFP64,1
SMARCC1,RAD51,1
SMARCC1,DCAF13,1
SMARCC1,TRIP13,1
SMARCC1,TTLL4,1
SMARCC1,SUGCT,1
SMARCC1,SKIL,1
SMARCC1,GALE,1
SMARCC1,COPS7A,1
SMARCC1,NOL11,1
SMARCC1,VTN,1
SMARCC1,ANLN,1
SMARCC1,LTV1,1
SMARCC1,DDX54,1
SMARCC1,RRM2B,1
SMARCC1,DHPS,1
SMARCC1,EEF1A1,1
SMARCC1,CNTRL,1
SMARCC1,SLC39A1,1
SMARCC1,CENPE,1
SMARCC1,ECT2,1
SMARCC1,TCERG1,1
SMARCC1,EGR1,1
SMARCC1,TTC4,1
SMARCC1,DNMT3B,1
SMARCC1,SNRPD1,1
SMARCC1,GMNN,1
SMARCC1,NEK2,1
SMARCC1,SP4,1
SMARCC1,MRPS2,1
SMARCC1,PRIM1,1
SMARCC1,GGH,1
SMARCC1,XPO6,1
SMARCC1,TP53INP2,1
SMARCC1,TIPARP,1
SMARCC1,SRM,1
SMARCC1,ZNF260,1
SMARCC1,HDGF,1
SMARCC1,TEX10,1
SMARCC1,DR1,1
SMARCC1,AIMP2,1
SMARCC1,EFTUD2,1
SMARCC1,ZNF770,1
SMARCC1,KIF22,1
SMARCC1,GTF2H3,1
SMARCC1,E2F4,1
SMARCC1,MLST8,1
SMARCC1,HMGN2,1
SMARCC1,LMO7,1
SMARCC1,SERTAD3,1
SMARCC1,TMEM69,1
SMARCC1,ESCO2,1
SMARCC1,PSEN1,1
SMARCC1,FEN1,1
SMARCC1,GTF2I,1
SMARCC1,TADA1,1
SMARCC1,MRTO4,1
SMARCC1,ACAT2,1
SMARCC1,SS18,1
SMARCC1,GNPNAT1,1
SMARCC1,HP,1
SMARCC1,TRIAP1,1
SMARCC1,DNAJB9,1
SMARCC1,PYCR1,1
SMARCC1,ARL15,1
SMARCC1,IDH3B,1
SMARCC1,METTL8,1
SMARCC1,GPN1,1
SMARCC1,HSD17B11,1
SMARCC1,HAUS4,1
SMARCC1,ZFP62,1
SMARCC1,NUP85,1
SMARCC1,ASCC3,1
SMARCC1,MRPS35,1
SMARCC1,NUCB2,1
SMARCC1,MPHOSPH6,1
SMARCC1,HMGCL,1
SMARCC1,UBE2C,1
SMARCC1,SGK1,1
SMARCC1,FLAD1,1
SMARCC1,ZNF202,1
SMARCC1,NAA16,1
SMARCC1,AKR1B1,1
SMARCC1,M6PR,1
SMARCC1,LAMC1,1
SMARCC1,RSU1,1
SMARCC1,RBPJ,1
SMARCC1,NUP35,1
SMARCC1,RNPS1,1
SMARCC1,UQCC1,1
SMARCC1,DCTPP1,1
SMARCC1,UCHL5,1
SMARCC1,RHOBTB3,1
SMARCC1,CMC1,1
SMARCC1,PEF1,1
SMARCC1,APOC2,1
SMARCC1,KLHDC2,1
SMARCC1,CAAP1,1
SMARCC1,AMZ2,1
SMARCC1,JARID2,1
SMARCC1,ZFYVE21,1
SMARCC1,GPATCH4,1
SMARCC1,RRM1,1
SMARCC1,VPS33A,1
SMARCC1,TAF11,1
SMARCC1,FOXP1,1
SMARCC1,ESPL1,1
SMARCC1,ZNF638,1
SMARCC1,EFNA1,1
SMARCC1,DPH5,1
SMARCC1,PRKCE,1
SMARCC1,THOC1,1
SMARCC1,EHMT1,1
SMARCC1,GSTK1,1
SMARCC1,DTYMK,1
SMARCC1,ASNSD1,1
SMARCC1,RFC2,1
SMARCC1,MTTP,1
SMARCC1,RABEPK,1
SMARCC1,USP10,1
SMARCC1,UPP1,1
SMARCC1,SRSF2,1
SMARCC1,ACTL6A,1
SMARCC1,CUTC,1
SMARCC1,CAT,1
SMARCC1,WDHD1,1
SMARCC1,PAPOLA,1
SMARCC1,AARS,1
SMARCC1,DERA,1
SMARCC1,SHKBP1,1
SMARCC1,CACYBP,1
SMARCC1,SMARCE1,1
SMARCC1,POLR3D,1
SMARCC1,MRPL16,1
SMARCC1,GTF3C2,1
SMARCC1,SQLE,1
SMARCC1,PHF5A,1
SMARCC1,ZWILCH,1
SMARCC1,GPN3,1
SMARCC1,DPAGT1,1
SMARCC1,TMEM147,1
SMARCC1,LIAS,1
SMARCC1,FANCI,1
SMARCC1,SRSF3,1
SMARCC1,CNOT7,1
SMARCC1,ORC4,1
SMARCC1,CEBPA,1
SMARCC1,SRRM1,1
SMARCC1,HMGN3,1
SMARCC1,HMGA1,1
SMARCC1,C11ORF54,1
SMARCC1,ATG5,1
SMARCC1,PAK1IP1,1
SMARCC1,DNMT1,1
SMARCC1,FOXA1,1
SMARCC1,ERAL1,1
SMARCC1,METAP1,1
SMARCC1,NHEJ1,1
SMARCC1,FOSL2,1
SMARCC1,RUVBL2,1
SMARCC1,C11ORF1,1
SMARCC1,PSMD10,1
SMARCC1,MAZ,1
SMARCC1,CMPK1,1
SMARCC1,PCNA,1
SMARCC1,ZNF644,1
SMARCC1,ZNF561,1
SMARCC1,SIAE,1
SMARCC1,HMBS,1
SMARCC1,ZNHIT3,1
SMARCC1,MCRS1,1
SMARCC1,CYB5B,1
SMARCC1,CAPG,1
SMARCC1,ANP32E,1
SMARCC1,SMAD5,1
SMARCC1,ATIC,1
SMARCC1,ZDHHC4,1
SMARCC1,TMEM60,1
SMARCC1,POU2F1,1
SMARCC1,TIPIN,1
SMARCC1,MMS22L,1
SMARCC1,HNRNPR,1
SMARCC1,TMEM37,1
SMARCC1,DPH6,1
SMARCC1,MRPS12,1
SMARCC1,DPYSL2,1
SMARCC1,CREB1,1
SMARCC1,ICE2,1
SMARCC1,SLC5A6,1
SMARCC1,POLR2G,1
SMARCC1,PPA2,1
SMARCC1,NTMT1,1
SMARCC1,IQCB1,1
SMARCC1,CCNB2,1
SMARCC1,METTL21A,1
SMARCC1,SMIM20,1
SMARCC1,RAD54B,1
SMARCC1,PLAA,1
SMARCC1,POLD3,1
SMARCC1,IMP4,1
SMARCC1,ZNF397,1
SMARCC1,SDAD1,1
SMARCC1,GYG1,1
SMARCC1,MED20,1
SMARCC1,TBRG4,1
SMARCC1,BPHL,1
SMARCC1,TAF5,1
SMARCC1,VPS72,1
SMARCC1,NDUFAF4,1
SMARCC1,GATAD2B,1
SMARCC1,ARID2,1
SMARCC1,TPGS2,1
SMARCC1,G6PC3,1
SMARCC1,DSN1,1
SMARCC1,DCLRE1C,1
SMARCC1,TCF19,1
SMARCC1,PPIL1,1
SMARCC1,CCDC126,1
SMARCC1,RBP4,1
SMARCC1,ZBTB3,1
SMARCC1,COMMD10,1
SMARCC1,RFC4,1
SMARCC1,PPT1,1
SMARCC1,CBX3,1
SMARCC1,SLC38A2,1
SMARCC1,PTMA,1
SMARCC1,SMAD2,1
SMARCC1,PFN2,1
SMARCC1,DROSHA,1
SMARCC1,PIAS3,1
SMARCC1,NUDT15,1
SMARCC1,RAD54L,1
SMARCC1,USB1,1
SMARCC1,NME2,1
SMARCC1,HMGN1,1
SMARCC1,TFRC,1
SMARCC1,MTHFD2,1
SMARCC1,ASF1A,1
SMARCC1,ATP1B1,1
SMARCC1,GEMIN7,1
SMARCC1,GGCT,1
SMARCC1,THAP11,1
SMARCC1,PUS7L,1
SMARCC1,TRMT1,1
SMARCC1,METTL5,1
SMARCC1,HIST1H4C,1
SMARCC1,EXOC5,1
SMARCC1,CTPS1,1
SMARCC1,FANCD2,1
SMARCC1,ELMOD2,1
SMARCC1,ACSL5,1
SMARCC1,NAA15,1
SMARCC1,E2F3,1
SMARCC1,TDP1,1
SMARCC1,POLR3G,1
SMARCC1,BCS1L,1
SMARCC1,USP39,1
SMARCC1,PTP4A1,1
SMARCC1,ZNF670,1
SMARCC1,NREP,1
SMARCC1,NFYB,1
SMARCC1,TUBA1B,1
SMARCC1,CENPH,1
SMARCC1,WARS,1
SMARCC1,NOL10,1
SMARCC1,PPP1R7,1
SMARCC1,STAT2,1
SMARCC1,TBCB,1
SMARCC1,POLR2I,1
SMARCC1,ATG3,1
SMARCC1,IMMP1L,1
SMARCC1,CDC6,1
SMARCC1,GEMIN8,1
SMARCC1,CCDC138,1
SMARCC1,ADNP,1
SMARCC1,KIZ,1
SMARCC1,MRPS11,1
SMARCC1,YWHAH,1
SMARCC1,BCAS2,1
SMARCC1,PARPBP,1
SMARCC1,NUP37,1
SMARCC1,HNRNPK,1
SMARCC1,SH3BGR,1
SMARCC1,TPX2,1
SMARCC1,TMEM177,1
SMARCC1,LRRC40,1
SMARCC1,MCM3,1
SMARCC1,EEF1E1,1
SMARCC1,STX8,1
SMARCC1,ZNF766,1
SMARCC1,TAF6,1
SMARCC1,SUB1,1
SMARCC1,CENPK,1
SMARCC1,VEZF1,1
SMARCC1,KIF23,1
SMARCC1,GPRC5C,1
SMARCC1,DDIT4,1
SMARCC1,ACADSB,1
SMARCC1,PCID2,1
SMARCC1,TSR1,1
SMARCC1,IFNGR1,1
SMARCC1,CRYZL1,1
SMARCC1,IL6ST,1
SMARCC1,RECQL,1
SMARCC1,E2F5,1
SMARCC1,CFAP36,1
SMARCC1,TARBP2,1
SMARCC1,WDR75,1
SMARCC1,TOP2B,1
SMARCC1,TK1,1
SMARCC1,EXOSC8,1
SMARCC1,NBAS,1
SMARCC1,MRPL2,1
SMARCC1,KLC4,1
SMARCC1,ABCA5,1
SMARCC1,ZRANB2,1
SMARCC1,ISY1,1
SMARCC1,EXOSC1,1
SMARCC1,ENO1,1
SMARCC1,C1GALT1,1
SMARCC1,GCHFR,1
SMARCC1,C3,1
SMARCC1,ZNF33A,1
SMARCC1,TBX3,1
SMARCC1,UGP2,1
SMARCC1,MTUS1,1
SMARCC1,MTX2,1
SMARCC1,ACOT7,1
SMARCC1,TOPORS,1
SMARCC1,GLMN,1
SMARCC1,CHD8,1
SMARCC1,CDK2AP1,1
SMARCC1,CPSF6,1
SMARCC1,ZBTB24,1
SMARCC1,B4GALT3,1
SMARCC1,RAD51AP1,1
SMARCC1,LCMT1,1
SMARCC1,NNT,1
SMARCC1,FASTKD2,1
SMARCC1,CHEK2,1
SMARCC1,STMN1,1
SMARCC1,EBNA1BP2,1
SMARCC1,FUBP1,1
SMARCC1,UCP2,1
SMARCC1,OGFOD1,1
SMARCC1,MXD1,1
SMARCC1,VPS26A,1
SMARCC1,TFDP2,1
SMARCC1,KIF20A,1
SMARCC1,MGME1,1
SMARCC1,SMARCA4,1
SMARCC1,CAPRIN1,1
SMARCC1,ZSCAN21,1
SMARCC1,PIK3R1,1
SMARCC1,NIF3L1,1
SMARCC1,C17ORF75,1
SMARCC1,SNRNP25,1
SMARCC1,IRF3,1
SMARCC1,MRPS30,1
SMARCC1,IVNS1ABP,1
SMARCC1,ECHDC1,1
SMARCC1,TUBB6,1
SMARCC1,IDI1,1
SMARCC1,NFKBIZ,1
SMARCC1,R3HDM1,1
SMARCC1,NAA50,1
SMARCC1,MIS18BP1,1
SMARCC1,COPS3,1
SMARCC1,CETN3,1
SMARCC1,POLR2D,1
SMARCC1,KNSTRN,1
SMARCC1,TTC39C,1
SMARCC1,ZNF232,1
SMARCC1,MYBBP1A,1
SMARCC1,DBF4,1
SMARCC1,USP1,1
SMARCC1,BRIP1,1
SMARCC1,NVL,1
SMARCC1,PSME3,1
SMARCC1,HACL1,1
SMARCC1,ZNF101,1
SMARCC1,HAUS1,1
SMARCC1,ELL2,1
SMARCC1,GLUD1,1
SMARCC1,EXOSC5,1
SMARCC1,SIL1,1
SMARCC1,PARP1,1
SMARCC1,LRRC1,1
SMARCC1,MRPS27,1
SMARCC1,MMS19,1
SMARCC1,FAM114A1,1
SMARCC1,GALK1,1
SMARCC1,AFF4,1
SMARCC1,HMGCR,1
SMARCC1,BLM,1
SMARCC1,EIF3J,1
SMARCC1,KNTC1,1
SMARCC1,CREG1,1
SMARCC1,AGT,1
SMARCC1,POLR1D,1
SMARCC1,METTL1,1
SMARCC1,FGFR1,1
SMARCC1,NR2F6,1
SMARCC1,MED30,1
SMARCC1,TMEM97,1
SMARCC1,MAPK1,1
SMARCC1,CHTF18,1
SMARCC1,SLC39A10,1
SMARCC1,HPR,1
SMARCC1,ZNF74,1
SMARCC1,ELOVL5,1
SMARCC1,BST2,1
SMARCC1,MPC1,1
SMARCC1,ACY1,1
SMARCC1,S100A16,1
SMARCC1,PRC1,1
SMARCC1,LEAP2,1
SMARCC1,CENPF,1
SMARCC1,BRCA1,1
SMARCC1,SLC25A37,1
SMARCC1,SLC38A1,1
SMARCC1,PDCD4,1
SMARCC1,CRELD1,1
SMARCC1,WDR12,1
SMARCC1,PYGL,1
SMARCC1,SEC22C,1
SMARCC1,MLXIPL,1
SMARCC1,SLC7A6,1
SMARCC1,SLC39A5,1
SMARCC1,FANCA,1
SMARCC1,DBNDD2,1
SMARCC1,CD320,1
SMARCC1,TAF1B,1
SMARCC1,MAT2B,1
SMARCC1,FTSJ1,1
SMARCC1,TRIM27,1
SMARCC1,PHF11,1
SMARCC1,BLMH,1
SMARCC1,APEX1,1
SMARCC1,AHR,1
SMARCC1,SF3B3,1
SMARCC1,MAFF,1
SMARCC1,KATNA1,1
SMARCC1,CREB3L4,1
SMARCC1,CEBPZ,1
SMARCC1,NDC80,1
SMARCC1,NUP88,1
SMARCC1,GTF2E1,1
SMARCC1,U2AF1,1
SMARCC1,MPHOSPH9,1
SMARCC1,EZH2,1
SMARCC1,CNBP,1
SMARCC1,UCK2,1
SMARCC1,GATM,1
SMARCC1,PPP1R16A,1
SMARCC1,MRPL49,1
SMARCC1,FOSL1,1
SMARCC1,TERF1,1
SMARCC1,TRNT1,1
SMARCC1,YAF2,1
SMARCC1,ZSWIM7,1
SMARCC1,DDHD1,1
SMARCC1,MCM5,1
SMARCC1,HOOK2,1
SMARCC1,FANCL,1
SMARCC1,PRIM2,1
SMARCC1,DUT,1
SMARCC1,SMOX,1
SMARCC1,STARD3NL,1
SMARCC1,MATR3,1
SMARCC1,COQ3,1
SMARCC1,EXOSC9,1
SMARCC1,ETV5,1
SMARCC1,CDKN1A,1
SMARCC1,ACTN1,1
SMARCC1,PEX19,1
SMARCC1,IRF1,1
SMARCC1,DEF8,1
SMARCC1,PSPH,1
SMARCC1,MCM8,1
SMARCC1,LRR1,1
SMARCC1,SLC2A1,1
SMARCC1,LIFR,1
SMARCC1,HIST1H1C,1
SMARCC1,MTHFD1,1
SMARCC1,CTBP1,1
SMARCC1,TRIM25,1
SMARCC1,RNASEH2B,1
SMARCC1,CKAP2,1
SMARCC1,AHSG,1
SMARCC1,TCF25,1
SMARCC1,HNRNPAB,1
SMARCC1,CEP70,1
SMARCC1,RFX5,1
SMARCC1,CREB3L2,1
SMARCC1,ZNF589,1
SMARCC1,UBE2E3,1
SMARCC1,RNF4,1
SMARCC1,MT1X,1
SMARCC1,MCM2,1
SMARCC1,ASL,1
SMARCC1,TAF1A,1
SMARCC1,POLR1C,1
SMARCC1,NFATC2,1
SMARCC1,LAPTM4B,1
SMARCC1,GGPS1,1
SMARCC1,ENO2,1
SMARCC1,MYBL2,1
SMARCC1,OAZ2,1
SMARCC1,REST,1
SMARCC1,PWP1,1
SMARCC1,PMS1,1
SMARCC1,IFT22,1
SMARCC1,USP45,1
SMARCC1,JUN,1
SMARCC1,ABCE1,1
SMARCC1,TMEM120A,1
SMARCC1,ZFAND2A,1
SMARCC1,MCM6,1
SMARCC1,CDCA7L,1
SMARCC1,BUB1,1
SMARCC1,MECR,1
SMARCC1,APEH,1
SMARCC1,KPNA2,1
SMARCC1,TBC1D31,1
SMARCC1,BTG2,1
SMARCC1,PIAS2,1
SMARCC1,HMMR,1
SMARCC1,HNRNPH3,1
SMARCC1,NUP93,1
SMARCC1,XPO5,1
SMARCC1,RNF138,1
SMARCC1,ECI2,1
SMARCC1,MRRF,1
SMARCC1,APPL2,1
SMARCC1,TMEM216,1
SMARCC1,PSAT1,1
SMARCC1,ZNF300,1
SMARCC1,WDYHV1,1
SMARCC1,PDCD11,1
SMARCC1,MOV10,1
SMARCC1,POLR1E,1
SMARCC1,MYC,1
SMARCC1,ZGRF1,1
SMARCC1,UTP15,1
SMARCC1,AEBP2,1
SMARCC1,APOA2,1
SMARCC1,BMPR1A,1
SMARCC1,TRIM28,1
SMARCC1,SLC29A1,1
SMARCC1,UBE2L6,1
SMARCC1,E2F7,1
SMARCC1,PHKA2,1
SMARCC1,SLC25A4,1
SMARCC1,DDB2,1
SMARCC1,RAI14,1
SMARCC1,PHGDH,1
SMARCC1,HSDL2,1
SMARCC1,HMCES,1
SMARCC1,EPHX2,1
SMARCC1,MTMR2,1
SMARCC1,POLD2,1
SMARCC1,TM4SF5,1
SMARCC1,RNF2,1
SMARCC1,ARMC9,1
SMARCC1,TPM2,1
SMARCC1,CDKN3,1
SMARCC1,USP28,1
SMARCC1,TYMS,1
SMARCC1,CFAP97,1
SMARCC1,XRCC5,1
SMARCC1,HAUS2,1
SMARCC1,SLC25A17,1
SMARCC1,ASPH,1
SMARCC1,FOSB,1
SMARCC1,E2F8,1
SMARCC1,APOB,1
SMARCC1,YEATS4,1
SMARCC1,ZFHX3,1
SMARCC1,TM7SF3,1
SMARCC1,GMPS,1
SMARCC1,EXOSC3,1
SMARCC1,ANKRD1,1
SMARCC1,TF,1
SMARCC1,YBX1,1
SMARCC1,PSMG1,1
SMARCC1,DHCR7,1
SMARCC1,FOXM1,1
SMARCC1,NONO,1
SMARCC1,NAA25,1
SMARCC1,SNAPC1,1
SMARCC1,CHEK1,1
SMARCC1,CCDC82,1
SMARCC1,MEST,1
SMARCC1,LAMB2,1
SMARCC1,KLF3,1
SMARCC1,PLK1,1
SMARCC1,HIPK2,1
SMARCC1,AATF,1
SMARCC1,UBE2T,1
SMARCC1,SRSF10,1
SMARCC1,GMEB1,1
SMARCC1,CKS2,1
SMARCC1,PPAT,1
SMARCC1,ARHGAP26,1
SMARCC1,CDC23,1
SMARCC1,CEBPD,1
SMARCC1,HMGN4,1
SMARCC1,ETS1,1
SMARCC1,DLGAP5,1
SMARCC1,UHRF1,1
SMARCC1,PAPSS1,1
SMARCC1,ITGB5,1
SMARCC1,ING1,1
SMARCC1,MT1E,1
SMARCC1,EHMT2,1
SMARCC1,NEDD1,1
SMARCC1,PIGH,1
SMARCC1,FN1,1
SMARCC1,SSB,1
SMARCC1,XBP1,1
SMARCC1,MGST2,1
SMARCC1,APOA1,1
SMARCC1,SLC25A26,1
SMARCC1,RIOK1,1
SMARCC1,ANAPC7,1
SMARCC1,MSH2,1
SMARCC1,TMEM14A,1
SMARCC1,NFIB,1
SMARCC1,TMEM237,1
SMARCC1,SKA3,1
SMARCC1,LAMB1,1
SMARCC1,DPP4,1
SMARCC1,SAE1,1
SMARCC1,RFC1,1
SMARCC1,OIP5,1
SMARCC1,NUSAP1,1
SMARCC1,ZDHHC13,1
SMARCC1,THRB,1
SMARCC1,RIN2,1
SMARCC1,BTF3,1
SMARCC1,CCDC66,1
SMARCC1,RRM2,1
SMARCC1,JAG1,1
SMARCC1,NEDD4L,1
SMARCC1,FABP1,1
SMARCC1,ZMYM1,1
SMARCC1,GATA4,1
SMARCC1,ARID3B,1
SMARCC1,HTATSF1,1
SMARCC1,TTF2,1
SMARCC1,NIFK,1
SMARCC1,C9ORF78,1
SMARCC1,HIST1H1E,1
SMARCC1,LGALS1,1
SMARCC1,FBXO6,1
SMARCC1,HNRNPH2,1
SMARCC1,CCNB1,1
SMARCC1,SUV39H2,1
SMARCC1,KLF5,1
SMARCC1,HAT1,1
SMARCC1,RREB1,1
SMARCC1,MBIP,1
SMARCC1,RARG,1
SMARCC1,CDC20,1
SMARCC1,MYO9A,1
SMARCC1,GTF2F2,1
SMARCC1,GLI1,1
SMARCC1,HMGB2,1
SMARCC1,GRTP1,1
SMARCC1,TTK,1
SMARCC1,TMEM126B,1
SMARCC1,ARSE,1
SMARCC1,SEPT10,1
SMARCC1,POLB,1
SMARCC1,RANGRF,1
SMARCC1,RPUSD4,1
SMARCC1,IGF1R,1
SMARCC1,FAM118B,1
SMARCC1,SORBS2,1
SMARCC1,MAD2L1,1
SMARCC1,ATP1B3,1
SMARCC1,CASP8AP2,1
SMARCC1,SMC6,1
SMARCC1,NR2F2,1
SMARCC1,EMP2,1
SMARCC1,CDK1,1
SMARCC1,BLVRA,1
SMARCC1,MLH1,1
SMARCC1,SCAPER,1
SMARCC1,SUCLA2,1
SMARCC1,G2E3,1
SMARCC1,RBMX,1
SMARCC1,CAMK2D,1
SMARCC1,NUDT1,1
SMARCC1,UBAC2,1
SMARCC1,SMARCA5,1
SMARCC1,HPX,1
SMARCC1,HIST1H2BC,1
SMARCC1,MELK,1
SMARCC1,SULF2,1
SMARCC1,PROSER1,1
SMARCC1,ORC6,1
SMARCC1,NARS2,1
SMARCC1,PPP2R1B,1
SMARCC1,NCK1,1
SMARCC1,LITAF,1
SMARCC1,C12ORF45,1
SMARCC1,NTPCR,1
SMARCC1,FBL,1
SMARCC1,CRAT,1
SMARCC1,RBBP8,1
SMARCC1,MED14,1
SMARCC1,DDIT3,1
SMARCC1,HPN,1
SMARCC1,F10,1
SMARCC1,BTG1,1
SMARCC1,VIL1,1
SMARCC1,AURKB,1
SMARCC1,HSD17B7,1
SMARCC1,HJURP,1
SMARCC1,NRIP1,1
SMARCC1,ALG6,1
SMARCC1,TEAD2,1
SMARCC1,F2,1
SMARCC1,SMC4,1
SMARCC1,CHAF1A,1
SMARCC1,NPM1,1
SMARCC1,POP5,1
SMARCC1,P4HA2,1
SMARCC1,GRHL1,1
SMARCC1,CREB3L3,1
SMARCC1,BSCL2,1
SMARCC1,TEAD4,1
SMARCC1,SMC2,1
SMARCC1,EPS8L2,1
SMARCC1,PTPRM,1
SMARCC1,EPAS1,1
SMARCC1,SMLR1,1
SMARCC1,KLHL7,1
SMARCC1,POLR2B,1
SMARCC1,CALML4,1
SMARCC1,POLE2,1
SMARCC1,FXR1,1
SMARCC1,HINFP,1
SMARCC1,PTGR1,1
SMARCC1,MRPS9,1
SMARCC1,FOXO1,1
SMARCC1,CSRP2,1
SMARCC1,AGTRAP,1
SMARCC1,NCAPG,1
SMARCC1,PDLIM7,1
SMARCC1,XRCC6,1
SMARCC1,DDC,1
SMARCC1,SLC25A11,1
SMARCC1,PDCD2L,1
SMARCC1,SHMT2,1
SMARCC1,TCFL5,1
SMARCC1,SLC35D2,1
SMARCC1,PITX1,1
SMARCC1,ZNF675,1
SMARCC1,RGN,1
SMARCC1,CYFIP2,1
SMARCC1,DMKN,1
SMARCC1,HCFC1,1
SMARCC1,FGA,1
SMARCC1,ZNF253,1
SMARCC1,ELOF1,1
SMARCC1,AASS,1
SMARCC1,FOXA2,1
SMARCC1,MAF,1
SMARCC1,SPDL1,1
SMARCC1,ZWINT,1
SMARCC1,DNA2,1
SMARCC1,GEMIN2,1
SMARCC1,PLA2G12B,1
SMARCC1,SERPIND1,1
SMARCC1,ZNF91,1
SMARCC1,BMP2,1
SMARCC1,MTAP,1
SMARCC1,ACOX2,1
SMARCC1,ANPEP,1
SMARCC1,RNF26,1
SMARCC1,APOC3,1
SMARCC1,ECHDC2,1
SMARCC1,TTR,1
SMARCC1,HGD,1
SMARCC1,TFF1,1
SMARCC1,UNC93A,1
SMARCC1,KNG1,1
SMARCC1,ANXA3,1
SMARCC1,IL32,1
SMARCC1,DNASE1,1
SMARCC1,CCND1,1
SMARCC1,NR1I3,1
SMARCC1,SULT1A2,1
SMARCC1,TDGF1,1
SMARCC1,HPRT1,1
SMARCC1,NODAL,1
SMARCC1,PAWR,1
SMARCC1,HMGA2,1
SMARCC1,F2RL1,1
SMARCC1,NUPR1,1
SMARCC1,CDH2,1
SMARCC1,HNF4A,1
SMARCC1,AKR1C3,1
SMARCC1,PRAP1,1
SMARCC1,ERCC8,1
SMARCC1,MUSTN1,1
SMARCC1,NAA10,1
SMARCC1,HSD17B2,1
SMARCC1,MT1G,1
SRF,EGR1,1
SRF,IRF3,1
SRF,FOSB,1
SRF,RSU1,1
SRF,NR2F2,1
SRF,FOSL2,1
SRF,FHL2,1
SRF,CNN2,1
SRF,FOSL1,1
SRF,EIF2B3,1
SRF,YARS,1
SRF,S100PBP,1
SRF,ZNF644,1
SRF,TRIAP1,1
SRF,VPS72,1
SRF,ZNHIT3,1
SRF,MLST8,1
SRF,NR2F6,1
SRF,ANXA3,1
SRF,SF3A3,1
SRF,FANCD2,1
SRF,RAD54L,1
SRF,AURKA,1
SRF,ISG15,1
SRF,GTF2H3,1
SRF,HDGF,1
SRF,GLIPR2,1
SRF,ELL2,1
SRF,SRRM1,1
SRF,NME1,1
SRF,HIPK2,1
SRF,ECD,1
SRF,MRPL2,1
SRF,KLC4,1
SRF,BDP1,1
SRF,PDLIM7,1
SRF,NOL11,1
SRF,PWP1,1
SRF,MED20,1
SRF,WDR12,1
SRF,C11ORF1,1
SRF,ATF3,1
SRF,IDH3B,1
SRF,U2AF1,1
SRF,UBE2T,1
SRF,ABT1,1
SRF,MTIF2,1
SRF,SAE1,1
SRF,GTF2H2,1
SRF,RRM1,1
SRF,TWISTNB,1
SRF,TBRG4,1
SRF,SUGCT,1
SRF,NUF2,1
SRF,EXTL2,1
SRF,C1ORF109,1
SRF,PARP1,1
SRF,EXOSC9,1
SRF,EFTUD2,1
SRF,TF,1
SRF,TSFM,1
SRF,THAP4,1
SRF,NDC80,1
SRF,SUPV3L1,1
SRF,NOL10,1
SRF,DGAT1,1
SRF,TPM2,1
SRF,AAR2,1
SRF,CAAP1,1
SRF,COPS7B,1
SRF,MRPL16,1
SRF,CEP70,1
SRF,PHF5A,1
SRF,VIL1,1
SRF,E2F8,1
SRF,ISY1,1
SRF,CDK5RAP1,1
SRF,MTTP,1
SRF,LRRC40,1
SRF,WDR74,1
SRF,TAF11,1
SRF,CCDC77,1
SRF,BRMS1,1
SRF,TXNDC9,1
SRF,EIF5B,1
SRF,MECR,1
SRF,RNPS1,1
SRF,SVIL,1
SRF,OPA1,1
SRF,NUP107,1
SRF,ZRANB2,1
SRF,ZGRF1,1
SRF,SIRT2,1
SRF,CKS2,1
SRF,LIAS,1
SRF,TTC4,1
SRF,NOSIP,1
SRF,ZNF398,1
SRF,NUP54,1
SRF,COPS2,1
SRF,WDR75,1
SRF,DNAJB9,1
SRF,NR1H3,1
SRF,PHB2,1
SRF,EMG1,1
SRF,TATDN3,1
SRF,TMEM237,1
SRF,C17ORF75,1
SRF,ATG5,1
SRF,TMEM41A,1
SRF,YEATS4,1
SRF,POLR2K,1
SRF,CDC23,1
SRF,TMEM147,1
SRF,RFC1,1
SRF,ABCE1,1
SRF,CENPK,1
SRF,THOC1,1
SRF,PAK1IP1,1
SRF,PCID2,1
SRF,ZFP36,1
SRF,WDHD1,1
SRF,DTWD1,1
SRF,NREP,1
SRF,GDAP1,1
SRF,RFC4,1
SRF,GEMIN7,1
SRF,IRF9,1
SRF,CDKN1A,1
SRF,KIF22,1
SRF,METTL5,1
SRF,GTF2E1,1
SRF,PLAC8,1
SRF,RUVBL1,1
SRF,METTL1,1
SRF,MBIP,1
SRF,SGK1,1
SRF,HNRNPUL1,1
SRF,ING1,1
SRF,SNRPB,1
SRF,CMC1,1
SRF,DDAH1,1
SRF,PCNA,1
SRF,UTP15,1
SRF,RBM39,1
SRF,HERPUD1,1
SRF,TDP2,1
SRF,DHPS,1
SRF,PSME3,1
SRF,CCDC88A,1
SRF,APOB,1
SRF,M6PR,1
SRF,ZNRD1,1
SRF,RFXANK,1
SRF,NIP7,1
SRF,ARID3B,1
SRF,PROSER1,1
SRF,BRCA1,1
SRF,SERTAD3,1
SRF,HAUS2,1
SRF,DCUN1D5,1
SRF,GTF3C2,1
SRF,BIRC5,1
SRF,HDAC6,1
SRF,PISD,1
SRF,KLHL7,1
SRF,ZNF91,1
SRF,ORC4,1
SRF,NIF3L1,1
SRF,ATL2,1
SRF,DNAJC2,1
SRF,TAF5,1
SRF,ZCCHC7,1
SRF,NOP16,1
SRF,ZNF561,1
SRF,IQGAP2,1
SRF,PFKM,1
SRF,ZNF770,1
SRF,MYC,1
SRF,ICE2,1
SRF,MRPL1,1
SRF,HNRNPD,1
SRF,IMP4,1
SRF,ASF1A,1
SRF,C11ORF74,1
SRF,THAP11,1
SRF,PEMT,1
SRF,SMARCD2,1
SRF,IFRD2,1
SRF,GPATCH4,1
SRF,PPIL1,1
SRF,GLUD1,1
SRF,UBL7,1
SRF,DRAP1,1
SRF,FLRT3,1
SRF,ENO1,1
SRF,ZFYVE21,1
SRF,MTF2,1
SRF,CAPRIN1,1
SRF,PRMT5,1
SRF,TOP2A,1
SRF,RAD1,1
SRF,BRIX1,1
SRF,KIF20A,1
SRF,C12ORF45,1
SRF,DDX5,1
SRF,GTF3C5,1
SRF,MCM8,1
SRF,BCS1L,1
SRF,FOXP1,1
SRF,ILF3,1
SRF,G6PC3,1
SRF,PA2G4,1
SRF,KIF20B,1
SRF,UQCC1,1
SRF,CENPU,1
SRF,POLR1B,1
SRF,TMEM69,1
SRF,VPS33A,1
SRF,HIST1H4C,1
SRF,BBS7,1
SRF,FEN1,1
SRF,NDUFAF5,1
SRF,KNSTRN,1
SRF,CDKN3,1
SRF,TBPL1,1
SRF,TIMM21,1
SRF,RECQL,1
SRF,TBL1X,1
SRF,ANLN,1
SRF,METTL3,1
SRF,ESYT1,1
SRF,E2F3,1
SRF,XPO6,1
SRF,SQLE,1
SRF,AURKB,1
SRF,RAI14,1
SRF,HARS,1
SRF,CRYZL1,1
SRF,POLR1C,1
SRF,AAMP,1
SRF,PDE6D,1
SRF,UGP2,1
SRF,CAMK2D,1
SRF,ATG3,1
SRF,E2F4,1
SRF,ACADSB,1
SRF,ASXL1,1
SRF,MRPS35,1
SRF,TTI2,1
SRF,BUB1B,1
SRF,TIMM9,1
SRF,KIAA0586,1
SRF,ARL14EP,1
SRF,C19ORF48,1
SRF,CETN3,1
SRF,ZNF227,1
SRF,DPAGT1,1
SRF,HNRNPR,1
SRF,PNPT1,1
SRF,CYB5B,1
SRF,CFAP20,1
SRF,CHD8,1
SRF,FOXA1,1
SRF,TFRC,1
SRF,MXD1,1
SRF,PPP1CC,1
SRF,XRCC5,1
SRF,ZNF253,1
SRF,SP100,1
SRF,SCPEP1,1
SRF,PPAT,1
SRF,PMM1,1
SRF,G2E3,1
SRF,NBAS,1
SRF,ZNF143,1
SRF,CFAP36,1
SRF,HIST1H2BC,1
SRF,VTN,1
SRF,GALM,1
SRF,ZMYM1,1
SRF,PDCD2L,1
SRF,GMPR2,1
SRF,MIS18A,1
SRF,ACAT2,1
SRF,CD320,1
SRF,CASP8AP2,1
SRF,HMGN4,1
SRF,RBPJ,1
SRF,CHAF1A,1
SRF,EPHX2,1
SRF,CREG1,1
SRF,POLE2,1
SRF,NEK2,1
SRF,AKR1C3,1
SRF,DAXX,1
SRF,C3,1
SRF,QPCT,1
SRF,AARS,1
SRF,LEAP2,1
SRF,RABEPK,1
SRF,KNG1,1
SRF,NODAL,1
SRF,MGST2,1
SRF,ASGR1,1
SRF,HPX,1
SRF,AHSG,1
TEAD4,TK1,1
TEAD4,PRMT5,1
TEAD4,ANKRD1,1
TEAD4,ILF2,1
TEAD4,PRKCI,1
TEAD4,HMGN4,1
TEAD4,S100A13,1
TEAD4,DMKN,1
TEAD4,CREB3L2,1
TEAD4,KNTC1,1
TEAD4,RIOK3,1
TEAD4,ETV4,1
TEAD4,WBP11,1
TEAD4,DPAGT1,1
TEAD4,PAPSS1,1
TEAD4,RNASE4,1
TEAD4,ANG,1
TEAD4,LAMB2,1
TEAD4,TTI2,1
TEAD4,SLC39A1,1
TEAD4,SRSF3,1
TEAD4,CENPU,1
TEAD4,SMARCD2,1
TEAD4,RNF19A,1
TEAD4,ANLN,1
TEAD4,TGIF2,1
TEAD4,C11ORF74,1
TEAD4,NAA50,1
TEAD4,S100A16,1
TEAD4,ILF3,1
TEAD4,COPS7B,1
TEAD4,DHRS3,1
TEAD4,MRPS12,1
TEAD4,TWISTNB,1
TEAD4,DCTPP1,1
TEAD4,CNTRL,1
TEAD4,LMO7,1
TEAD4,KIF20A,1
TEAD4,ATG4C,1
TEAD4,HNRNPD,1
TEAD4,TSFM,1
TEAD4,NME1,1
TEAD4,MTIF2,1
TEAD4,CENPF,1
TEAD4,UBL7,1
TEAD4,EIF2B3,1
TEAD4,VTN,1
TEAD4,RCAN1,1
TEAD4,HMGB2,1
TEAD4,CCDC77,1
TEAD4,IDH3B,1
TEAD4,TCF19,1
TEAD4,SLC7A6,1
TEAD4,TBL1X,1
TEAD4,CSDE1,1
TEAD4,SF3A3,1
TEAD4,MTF2,1
TEAD4,NUF2,1
TEAD4,PPIL1,1
TEAD4,RBM39,1
TEAD4,PRIM2,1
TEAD4,HIST1H4C,1
TEAD4,CXXC1,1
TEAD4,IRF9,1
TEAD4,ASNSD1,1
TEAD4,DAB2,1
TEAD4,MBIP,1
TEAD4,MCM7,1
TEAD4,HIF1AN,1
TEAD4,PAWR,1
TEAD4,MRPL1,1
TEAD4,GTF2H2,1
TEAD4,PPFIBP2,1
TEAD4,UGP2,1
TEAD4,CFAP20,1
TEAD4,XRCC5,1
TEAD4,ATG5,1
TEAD4,RAD54L,1
TEAD4,ING1,1
TEAD4,CHEK1,1
TEAD4,IFITM2,1
TEAD4,PDE6D,1
TEAD4,GDAP1,1
TEAD4,SEPT10,1
TEAD4,GPATCH4,1
TEAD4,NDUFAF5,1
TEAD4,NR1H3,1
TEAD4,NOL11,1
TEAD4,GPN3,1
TEAD4,IQGAP2,1
TEAD4,KIF22,1
TEAD4,APEH,1
TEAD4,TGIF1,1
TEAD4,SORBS2,1
TEAD4,PRKCE,1
TEAD4,NUP107,1
TEAD4,HMBS,1
TEAD4,HIST1H2BC,1
TEAD4,BMPR1A,1
TEAD4,TATDN3,1
TEAD4,IFITM3,1
TEAD4,MAD2L1BP,1
TEAD4,CDK5RAP1,1
TEAD4,OPA1,1
TEAD4,GMPR2,1
TEAD4,SDAD1,1
TEAD4,FGA,1
TEAD4,ECHDC1,1
TEAD4,SULT1A2,1
TEAD4,NFKBIZ,1
TEAD4,NUP54,1
TEAD4,ANP32E,1
TEAD4,CCNB1,1
TEAD4,TCFL5,1
TEAD4,FUBP1,1
TEAD4,CCDC88A,1
TEAD4,MST1,1
TEAD4,NUDT15,1
TEAD4,METTL3,1
TEAD4,SRSF1,1
TEAD4,C11ORF1,1
TEAD4,NTPCR,1
TEAD4,VPS33A,1
TEAD4,COPS2,1
TEAD4,IL6ST,1
TEAD4,HIST1H1C,1
TEAD4,MED20,1
TEAD4,KATNA1,1
TEAD4,IMP4,1
TEAD4,ING3,1
TEAD4,SNRPB,1
TEAD4,RAD1,1
TEAD4,FOXP1,1
TEAD4,BRIX1,1
TEAD4,HIST1H1E,1
TEAD4,AURKA,1
TEAD4,BRIP1,1
TEAD4,RAB28,1
TEAD4,ZNRD1,1
TEAD4,CYB5B,1
TEAD4,ELL2,1
TEAD4,PTP4A1,1
TEAD4,HMMR,1
TEAD4,NOSIP,1
TEAD4,RBPJ,1
TEAD4,SUPT16H,1
TEAD4,AAR2,1
TEAD4,HIBCH,1
TEAD4,DCUN1D5,1
TEAD4,AURKB,1
TEAD4,DHPS,1
TEAD4,NUDCD1,1
TEAD4,CRYZL1,1
TEAD4,SRF,1
TEAD4,KIF20B,1
TEAD4,SVIL,1
TEAD4,NDC80,1
TEAD4,NBAS,1
TEAD4,RAD51AP1,1
TEAD4,PPP1R7,1
TEAD4,ESCO2,1
TEAD4,LRRC40,1
TEAD4,HMGN3,1
TEAD4,UNC93A,1
TEAD4,POLR1C,1
TEAD4,NEDD4L,1
TEAD4,IFNGR1,1
TEAD4,AKR1B1,1
TEAD4,KAT7,1
TEAD4,TIMM9,1
TEAD4,KIAA0586,1
TEAD4,ZNF770,1
TEAD4,ORC4,1
TEAD4,ISY1,1
TEAD4,SIRT2,1
TEAD4,BZW2,1
TEAD4,NIF3L1,1
TEAD4,NUP35,1
TEAD4,PYGL,1
TEAD4,TDGF1,1
TEAD4,METTL8,1
TEAD4,UTP18,1
TEAD4,GTF2H3,1
TEAD4,SAE1,1
TEAD4,SLC39A10,1
TEAD4,UQCC1,1
TEAD4,AIMP2,1
TEAD4,SUPV3L1,1
TEAD4,EXOC5,1
TEAD4,MGST2,1
TEAD4,TFE3,1
TEAD4,GEMIN2,1
TEAD4,NOL10,1
TEAD4,AGTRAP,1
TEAD4,EFTUD2,1
TEAD4,EPB41L2,1
TEAD4,TBX3,1
TEAD4,FABP1,1
TEAD4,FASTKD2,1
TEAD4,PAK1IP1,1
TEAD4,EHMT2,1
TEAD4,ATG3,1
TEAD4,M6PR,1
TEAD4,NEK2,1
TEAD4,USP39,1
TEAD4,HSD17B11,1
TEAD4,TDP2,1
TEAD4,WARS,1
TEAD4,GALM,1
TEAD4,PON2,1
TEAD4,DCLRE1C,1
TEAD4,MCM4,1
TEAD4,APOA1,1
TEAD4,ZNF638,1
TEAD4,ZNF581,1
TEAD4,RSU1,1
TEAD4,RIOK1,1
TEAD4,LEAP2,1
TEAD4,POLD3,1
TEAD4,MCRS1,1
TEAD4,TPX2,1
TEAD4,MRPL15,1
TEAD4,CALML4,1
TEAD4,CAMK2D,1
TEAD4,DNPEP,1
TEAD4,ACOX2,1
TEAD4,APOA2,1
TEAD4,AHSG,1
TEAD4,CHD8,1
TEAD4,ACSL5,1
TEAD4,CDK2AP1,1
TEAD4,HMGA2,1
TEAD4,BDP1,1
TEAD4,PIH1D1,1
TEAD4,BRCA1,1
TEAD4,RFXANK,1
TEAD4,TTC39C,1
TEAD4,APEX1,1
TEAD4,SERPIND1,1
TEAD4,SERPINF1,1
TEAD4,DNASE1,1
TEAD4,SSRP1,1
TEAD4,LAMB1,1
TEAD4,CAPG,1
TEAD4,HPX,1
TEAD4,DHCR7,1
TEAD4,EFNA1,1
TEAD4,DDC,1
TEAD4,MAF,1
TEAD4,APOB,1
TEAD4,KNG1,1
TEAD4,HP,1
TEAD4,SLC35D2,1
TEAD4,HPR,1
TEAD4,HSD17B2,1
TEAD4,IL32,1
TEAD4,FOXA2,1
TEAD4,ASGR1,1
TEAD4,NODAL,1
TEAD4,SMLR1,1
TEAD4,F2,1
TEAD4,C3,1
TEAD4,CTBP1,1
TEAD4,A1CF,1
TEAD4,SPINK1,1
TEAD4,NR1I3,1
RFX5,CRBN,1
RFX5,ZNF670,1
RFX5,NTHL1,1
RFX5,APOA1,1
RFX5,UFSP2,1
RFX5,DGAT1,1
RFX5,SMAD5,1
RFX5,TCEA1,1
RFX5,CHTF18,1
RFX5,CUEDC2,1
RFX5,HMGB3,1
RFX5,ATG4C,1
RFX5,AAAS,1
RFX5,NUP85,1
RFX5,MED4,1
RFX5,FANCL,1
RFX5,MYBL2,1
RFX5,CCDC169,1
RFX5,POLR3D,1
RFX5,FLRT3,1
RFX5,MYCBP,1
RFX5,UMPS,1
RFX5,ZNF581,1
RFX5,ZNF589,1
RFX5,SRF,1
RFX5,PEX19,1
RFX5,FOXO1,1
RFX5,EYA3,1
RFX5,PIGH,1
RFX5,PPP1CC,1
RFX5,MAFF,1
RFX5,ZSCAN21,1
RFX5,TBRG4,1
RFX5,TTC4,1
RFX5,POLR2B,1
RFX5,BTG2,1
RFX5,HIST1H1B,1
RFX5,BUB1B,1
RFX5,METTL18,1
RFX5,CETN3,1
RFX5,GEMIN8,1
RFX5,ZNF300,1
RFX5,FUCA1,1
RFX5,LEAP2,1
RFX5,BCKDK,1
RFX5,EXOSC5,1
RFX5,DEPDC7,1
RFX5,EEF1E1,1
RFX5,TAF9B,1
RFX5,SAE1,1
RFX5,GPATCH4,1
RFX5,NAA16,1
RFX5,THRAP3,1
RFX5,WBP11,1
RFX5,TARDBP,1
RFX5,SAT1,1
RFX5,CUTC,1
RFX5,BIRC5,1
RFX5,MCM4,1
RFX5,SAMHD1,1
RFX5,CCDC88A,1
RFX5,RNF4,1
RFX5,ZNF217,1
RFX5,PPP1R21,1
RFX5,HAUS1,1
RFX5,SDAD1,1
RFX5,CDC20,1
RFX5,NAA25,1
RFX5,NIFK,1
RFX5,METTL5,1
RFX5,NPM1,1
RFX5,ESPL1,1
RFX5,POP5,1
RFX5,SLC35B4,1
RFX5,DYNLT3,1
RFX5,CDH2,1
RFX5,CENPW,1
RFX5,ZNF160,1
RFX5,MPHOSPH6,1
RFX5,TIMMDC1,1
RFX5,WDYHV1,1
RFX5,CNBP,1
RFX5,FBXO22,1
RFX5,SLC5A6,1
RFX5,VRK1,1
RFX5,MORN2,1
RFX5,ZBTB24,1
RFX5,XRCC5,1
RFX5,TFRC,1
RFX5,MELK,1
RFX5,APPL2,1
RFX5,RAD51C,1
RFX5,HMGXB4,1
RFX5,SIRT1,1
RFX5,TRMT1,1
RFX5,DPH6,1
RFX5,EMP2,1
RFX5,C1GALT1,1
RFX5,RFXANK,1
RFX5,UBL7,1
RFX5,HSD17B10,1
RFX5,RAD1,1
RFX5,ISG15,1
RFX5,TAF11,1
RFX5,BRIX1,1
RFX5,F2,1
RFX5,CUL2,1
RFX5,ACAA1,1
RFX5,MIS18BP1,1
RFX5,RABGGTB,1
RFX5,ASNSD1,1
RFX5,DBF4,1
RFX5,CNOT10,1
RFX5,FABP1,1
RFX5,PSEN1,1
RFX5,MED21,1
RFX5,RAD51,1
RFX5,USP3,1
RFX5,KIZ,1
RFX5,ATIC,1
RFX5,SNRPD1,1
RFX5,BST2,1
RFX5,SURF2,1
RFX5,ZFAND2A,1
RFX5,POLE4,1
RFX5,FBL,1
RFX5,NUSAP1,1
RFX5,FOSL1,1
RFX5,TPD52L1,1
RFX5,PEG3,1
RFX5,AMBP,1
RFX5,TDP1,1
RFX5,UBE2L6,1
RFX5,ETV1,1
RFX5,TAF5,1
RFX5,POLD3,1
RFX5,ARL6IP6,1
RFX5,CACYBP,1
RFX5,ODF2L,1
RFX5,ORC5,1
RFX5,BBS9,1
MYBL2,RANGRF,1
MYBL2,TCEA1,1
MYBL2,UMPS,1
MYBL2,BTF3,1
MYBL2,ZNF107,1
MYBL2,EXOSC2,1
MYBL2,ITGB3BP,1
MYBL2,PPP1R7,1
MYBL2,BRMS1,1
MYBL2,ELOVL5,1
MYBL2,DDX39A,1
MYBL2,IFITM2,1
MYBL2,CENPW,1
MYBL2,ADSL,1
MYBL2,LCMT1,1
MYBL2,RAD51C,1
MYBL2,PREB,1
MYBL2,HMGXB4,1
MYBL2,UROD,1
MYBL2,ABCA5,1
MYBL2,ZNF644,1
MYBL2,RNASEH2A,1
MYBL2,HDAC2,1
MYBL2,RFC2,1
MYBL2,ERCC8,1
MYBL2,FOSL1,1
MYBL2,LIG1,1
SRF,UROD,1
SRF,TADA3,1
SRF,TCEA1,1
SRF,UHRF1,1
SRF,HIST1H1E,1
SRF,HMGXB4,1
SRF,TRMT1,1
SRF,ID2,1
HNF4A,CUEDC2,1
HNF4A,THAP4,1
HNF4A,EPS8L2,1
HNF4A,TSN,1
HNF4A,POLR3E,1
HNF4A,UMPS,1
HNF4A,CKS1B,1
HNF4A,JUND,1
HNF4A,UCKL1,1
HNF4A,KLF6,1
HNF4A,OCIAD2,1
HNF4A,RRM2,1
HNF4A,CFAP97,1
HNF4A,GNRH2,1
HNF4A,CAT,1
HNF4A,IFITM1,1
HNF4A,TP53INP2,1
HNF4A,ZHX1,1
HNF4A,SERPINB1,1
HNF4A,ASL,1
HNF4A,RIN2,1
HNF4A,MLXIPL,1
HNF4A,ZDHHC4,1
HNF4A,RABGGTB,1
HNF4A,USP3,1
HNF4A,USP7,1
HNF4A,MRPS11,1
HNF4A,SLC25A20,1
HNF4A,TFDP1,1
HNF4A,FOSL2,1
HNF4A,TEAD4,1
HNF4A,ARL6IP6,1
HNF4A,TADA1,1
HNF4A,ORC2,1
NR3C1,PTMA,1
NR3C1,KAT7,1
NR3C1,PEF1,1
NR3C1,GTF3C2,1
NR3C1,SLC25A11,1
NR3C1,NDC80,1
NR3C1,THAP1,1
NR3C1,PCIF1,1
NR3C1,FARSA,1
NR3C1,USP3,1
NR3C1,AURKA,1
NR3C1,PHF5A,1
IRF3,ANP32E,1
IRF3,DDX54,1
IRF3,YBX1,1
IRF3,GTF3C5,1
IRF3,CHCHD6,1
IRF3,CSDE1,1
IRF3,BLM,1
IRF3,SLC39A1,1
IRF3,ING1,1
IRF3,PDE6D,1
IRF3,HIST1H2BC,1
IRF3,CDC6,1
IRF3,KNTC1,1
IRF3,SMC4,1
IRF3,ACAT2,1
IRF3,HMGB2,1
IRF3,AIMP2,1
IRF3,CHAF1A,1
IRF3,CDCA2,1
IRF3,CDCA3,1
IRF3,KLF5,1
IRF3,E2F3,1
IRF3,EXOC5,1
IRF3,CYB5B,1
IRF3,DDX39A,1
IRF3,PLAGL2,1
IRF3,FUBP1,1
IRF3,GGCT,1
IRF3,GTF2E1,1
IRF3,RUVBL1,1
IRF3,RUVBL2,1
IRF3,MXD1,1
IRF3,BUB1,1
IRF3,TCF3,1
IRF3,ARID2,1
IRF3,DROSHA,1
IRF3,MTHFD2,1
IRF3,TCERG1,1
IRF3,GMNN,1
IRF3,HACL1,1
IRF3,AAMP,1
IRF3,DPAGT1,1
IRF3,USP1,1
IRF3,RAD54L,1
IRF3,AURKA,1
IRF3,ARL6IP6,1
IRF3,EWSR1,1
IRF3,GGPS1,1
IRF3,DLGAP5,1
IRF3,R3HDM1,1
IRF3,KAT7,1
IRF3,SRSF6,1
IRF3,TPX2,1
IRF3,IMMP1L,1
IRF3,UBE2C,1
IRF3,CTPS1,1
IRF3,ZNF101,1
IRF3,WBP11,1
IRF3,GATAD2B,1
IRF3,JARID2,1
IRF3,DCTPP1,1
IRF3,MCM5,1
IRF3,MCM3,1
IRF3,SAMHD1,1
IRF3,MTFP1,1
IRF3,KLF6,1
IRF3,UGP2,1
IRF3,ZNF143,1
IRF3,PTP4A1,1
IRF3,ZBTB3,1
IRF3,CHD8,1
IRF3,SIRT2,1
IRF3,RECQL,1
IRF3,ETV5,1
IRF3,TMEM60,1
IRF3,CDC23,1
IRF3,CKS1B,1
IRF3,HNRNPR,1
IRF3,HNRNPUL1,1
IRF3,ID2,1
IRF3,AARS,1
IRF3,RRM2,1
IRF3,XBP1,1
IRF3,CDKN3,1
IRF3,MLH1,1
IRF3,ORC6,1
IRF3,ORC2,1
IRF3,EED,1
IRF3,CREB3L2,1
IRF3,CREB3L3,1
IRF3,ACTL6A,1
IRF3,CREB3L4,1
MAZ,SPTLC3,1
MAZ,KIAA0586,1
MAZ,CYFIP2,1
MAZ,AASS,1
MAZ,MED4,1
MAZ,PAPOLA,1
MAZ,DLGAP5,1
MAZ,OIP5,1
MAZ,TRIT1,1
MAZ,CFAP36,1
MAZ,FOXO1,1
MAZ,EYA3,1
MAZ,DDHD1,1
MAZ,SEC61A2,1
MAZ,ZSCAN21,1
MAZ,POLR2F,1
MAZ,DCUN1D5,1
MAZ,HIST1H1B,1
MAZ,PIAS2,1
MAZ,MRTO4,1
MAZ,BUB1B,1
MAZ,FAM114A1,1
MAZ,GTF2F2,1
MAZ,SNRNP25,1
MAZ,CETN3,1
MAZ,ECHDC1,1
MAZ,SS18,1
MAZ,GEMIN2,1
MAZ,ZNF300,1
MAZ,PIH1D1,1
MAZ,BCKDK,1
MAZ,EXOSC2,1
MAZ,EXOSC3,1
MAZ,DEPDC7,1
MAZ,BRIP1,1
MAZ,FANCI,1
MAZ,ENO2,1
MAZ,TAF9B,1
MAZ,GPATCH4,1
MAZ,MAP1B,1
MAZ,NAA10,1
MAZ,UBE2C,1
MAZ,HARS,1
MAZ,ESCO2,1
MAZ,SP100,1
MAZ,GOT1,1
MAZ,CCDC66,1
MAZ,HAUS4,1
MAZ,HAUS2,1
MAZ,RECQL,1
MAZ,ELOVL6,1
MAZ,GABPB1,1
MAZ,POP5,1
MAZ,PTTG1,1
MAZ,CAT,1
MAZ,SKA3,1
MAZ,WIPI1,1
MAZ,E2F5,1
MAZ,IFITM2,1
MAZ,CENPK,1
MAZ,CENPH,1
MAZ,CENPE,1
MAZ,CENPW,1
MAZ,MRPL49,1
MAZ,ZNF766,1
MAZ,MTHFD1,1
MAZ,ADSL,1
MAZ,WDHD1,1
MAZ,GXYLT2,1
MAZ,ZBTB3,1
MAZ,BRCA2,1
MAZ,SAAL1,1
MAZ,MELK,1
MAZ,LCMT1,1
MAZ,RARRES2,1
MAZ,PREB,1
MAZ,STMN1,1
MAZ,LSM10,1
MAZ,PIM2,1
MAZ,MLXIPL,1
MAZ,PTPRM,1
MAZ,WRB,1
MAZ,SDAD1,1
MAZ,FLAD1,1
MAZ,RABGGTB,1
MAZ,FGA,1
MAZ,MORN2,1
MAZ,SLC29A1,1
MAZ,CNOT10,1
MAZ,NEIL2,1
MAZ,PSEN1,1
MAZ,CRAT,1
MAZ,ZFP36,1
MAZ,RAD54B,1
MAZ,NARS2,1
MAZ,ICE2,1
MAZ,TPD52L1,1
MAZ,AMBP,1
MAZ,UBE2L6,1
MAZ,PIK3R4,1
MAZ,POLD2,1
MAZ,ARL6IP6,1
MAZ,TADA3,1
MAZ,XBP1,1
MAZ,PRPS2,1
MAZ,ANKRD1,1
MAZ,RAB31,1
MAZ,ORC5,1
MAZ,ARMC9,1
MAZ,GSTK1,1
CREB1,DDX55,1
CREB1,GTF3C4,1
CREB1,DDX39A,1
CREB1,CENPW,1
CREB1,CNOT10,1
CREB1,KDM4C,1
CREB1,UFSP2,1
CREB1,SRSF6,1
CREB1,RAD51C,1
CREB1,SAT1,1
FOSL2,UCKL1,1
FOSL2,KLF6,1
FOSL2,MRPS11,1
JUN,PDCD11,1
JUN,AGT,1
JUN,GTF3C2,1
JUN,APOA2,1
JUN,UFSP2,1
JUN,XPO6,1
JUN,GCHFR,1
JUN,RAB25,1
JUN,EEF1E1,1
JUN,VEZF1,1
JUN,TCF3,1
JUN,MLF1,1
JUN,ASGR1,1
JUN,CCDC169,1
JUN,SKIL,1
JUN,HAVCR1,1
JUN,ACADSB,1
JUN,UMPS,1
JUN,GALM,1
JUN,PPP1CC,1
JUN,PLIN2,1
JUN,RBPJ,1
JUN,PTP4A1,1
JUN,DDIT3,1
JUN,RBP4,1
JUN,GPN1,1
JUN,TMEM237,1
JUN,BUB1B,1
JUN,UPP1,1
JUN,OCIAD2,1
JUN,ING3,1
JUN,ELL2,1
JUN,STARD3NL,1
JUN,HERPUD1,1
JUN,KLF6,1
JUN,EIF3J,1
JUN,DHRS3,1
JUN,FN1,1
JUN,FUBP1,1
JUN,ENO1,1
JUN,CDK4,1
JUN,NAA15,1
JUN,TP53,1
JUN,DYNLT3,1
JUN,RRM2,1
JUN,SAT1,1
JUN,MCM4,1
JUN,TPX2,1
JUN,DDX5,1
JUN,RECQL,1
JUN,TNFAIP3,1
JUN,NAA25,1
JUN,ANLN,1
JUN,HSPA14,1
JUN,ZNF195,1
JUN,ZNF227,1
JUN,WIPI1,1
JUN,MRS2,1
JUN,CENPW,1
JUN,PLA2G12B,1
JUN,VTN,1
JUN,YWHAH,1
JUN,SAAL1,1
JUN,TP53INP2,1
JUN,LAMC1,1
JUN,SLC10A1,1
JUN,RAD51C,1
JUN,PREB,1
JUN,S100A13,1
JUN,METAP1,1
JUN,MED30,1
JUN,RIN2,1
JUN,DCAF13,1
JUN,HSD17B10,1
JUN,EFTUD2,1
JUN,ZDHHC4,1
JUN,TFPI,1
JUN,F2,1
JUN,F3,1
JUN,ERAL1,1
JUN,ZNF644,1
JUN,UNC93A,1
JUN,ITIH4,1
JUN,MRPS11,1
JUN,APOC1,1
JUN,TSFM,1
JUN,FOSL1,1
JUN,FGB,1
JUN,XBP1,1
JUN,MAD2L1BP,1
JUN,TDP2,1
JUN,TAF7,1
JUN,AKR1D1,1
JUN,AARS,1
TEAD4,DDIT3,1
TEAD4,PTMA,1
TEAD4,KPNA2,1
TEAD4,EXOSC8,1
TEAD4,KDM4C,1
MYC,ANAPC4,1
MYC,F10,1
MYC,TCEA1,1
MYC,MYL6B,1
MYC,RBBP4,1
MYC,ZFP62,1
MYC,NFYB,1
MYC,POLR3E,1
MYC,ZNF227,1
MYC,PLIN2,1
MYC,ZSCAN21,1
MYC,NR1I3,1
MYC,POLR2F,1
MYC,HIST1H1B,1
MYC,JUND,1
MYC,FAM114A1,1
MYC,APOC1,1
MYC,ZNF354A,1
MYC,POLR2K,1
MYC,ERAL1,1
MYC,KLF3,1
MYC,MTMR2,1
MYC,NTPCR,1
MYC,EXOSC9,1
MYC,BCKDK,1
MYC,EXOSC1,1
MYC,GTF2E1,1
MYC,TBC1D31,1
MYC,FANCL,1
MYC,TAF9B,1
MYC,ITGB3BP,1
MYC,RGN,1
MYC,NAA16,1
MYC,HARS,1
MYC,RRM2,1
MYC,TMEM37,1
MYC,MCM5,1
MYC,BRMS1,1
MYC,BCAS2,1
MYC,RECQL,1
MYC,ANLN,1
MYC,USP11,1
MYC,PRIM1,1
MYC,ARSE,1
MYC,CENPK,1
MYC,CENPE,1
MYC,MT1E,1
MYC,WDYHV1,1
MYC,STX8,1
MYC,ACADVL,1
MYC,VRK1,1
MYC,RBBP8,1
MYC,SAAL1,1
MYC,RAD51C,1
MYC,HMGXB4,1
MYC,SMOX,1
MYC,KLHL7,1
MYC,PCGF6,1
MYC,CREB3L4,1
MYC,IFT22,1
MYC,WRB,1
MYC,TFE3,1
MYC,CCND1,1
MYC,HSD17B10,1
MYC,SUCLA2,1
MYC,HMGCL,1
MYC,SLC25A11,1
MYC,FGG,1
MYC,CNOT10,1
MYC,USP3,1
MYC,TM7SF3,1
MYC,APOC2,1
MYC,EXTL2,1
MYC,SLC25A20,1
MYC,SURF2,1
MYC,TFDP1,1
MYC,TPD52L1,1
MYC,PEG3,1
MYC,BMPR1A,1
MYC,MAD2L1BP,1
MYC,HJURP,1
MYC,TDP1,1
MYC,PIK3R1,1
MYC,ZNF101,1
MYC,PRPS2,1
MYC,PEF1,1
MYC,ORC2,1
MYC,GPC3,1
MYC,BBS9,1
FOXA1,UFSP2,1
FOXA1,TCEA1,1
FOXA1,HDGF,1
FOXA1,POLR3E,1
FOXA1,UMPS,1
FOXA1,PLIN2,1
FOXA1,PTP4A1,1
FOXA1,MRPL10,1
FOXA1,DKC1,1
FOXA1,UCKL1,1
FOXA1,KLF6,1
FOXA1,EXOSC2,1
FOXA1,SAT1,1
FOXA1,ZNF195,1
FOXA1,ARID2,1
FOXA1,TADA3,1
FOXA1,TSN,1
FOXA1,ZHX1,1
FOXA1,SLC35D2,1
FOXA1,HDAC2,1
FOXA1,ID2,1
FOXA1,ORC6,1
FOXA1,ORC2,1
FOXA2,KLF6,1
FOXA2,GSTA1,1
FOXA2,RGN,1
FOXA2,AFP,1
MAFF,ZSWIM7,1
MAFF,OPA1,1
MAFF,APOA1,1
MAFF,AGT,1
MAFF,TTK,1
MAFF,CRBN,1
MAFF,CUEDC2,1
MAFF,THAP1,1
MAFF,FABP1,1
MAFF,COPS5,1
MAFF,MED4,1
MAFF,SSB,1
MAFF,TMEM14A,1
MAFF,UTP15,1
MAFF,ZNF33A,1
MAFF,POLR3D,1
MAFF,ECD,1
MAFF,CUL2,1
MAFF,TRIM25,1
MAFF,CREB1,1
MAFF,SLC25A4,1
MAFF,KAT7,1
MAFF,PIH1D1,1
MAFF,SRSF3,1
MAFF,SRF,1
MAFF,GALE,1
MAFF,G2E3,1
MAFF,TRNT1,1
MAFF,CDC23,1
MAFF,PA2G4,1
MAFF,NUCB2,1
MAFF,FEN1,1
MAFF,TTC4,1
MAFF,BTG1,1
MAFF,KIF20B,1
MAFF,GTF2H3,1
MAFF,CHD8,1
MAFF,POLR1C,1
MAFF,CETN3,1
MAFF,ING1,1
MAFF,ECHDC1,1
MAFF,ELL2,1
MAFF,STARD3NL,1
MAFF,MCRS1,1
MAFF,ZNF300,1
MAFF,FUCA1,1
MAFF,IDI1,1
MAFF,NOL10,1
MAFF,ZNF143,1
MAFF,EXOSC8,1
MAFF,EXOSC9,1
MAFF,BCKDK,1
MAFF,EXOSC3,1
MAFF,GTF2E1,1
MAFF,F10,1
MAFF,FANCL,1
MAFF,ENO1,1
MAFF,MSH2,1
MAFF,SF3B3,1
MAFF,TWISTNB,1
MAFF,GGPS1,1
MAFF,TP53,1
MAFF,THRAP3,1
MAFF,CUTC,1
MAFF,MCM8,1
MAFF,TPX2,1
MAFF,NAA25,1
MAFF,NIFK,1
MAFF,GGCT,1
MAFF,NPM1,1
MAFF,DDX55,1
MAFF,MAEA,1
MAFF,POP5,1
MAFF,HINFP,1
MAFF,APOB,1
MAFF,ZNF227,1
MAFF,ABT1,1
MAFF,CAT,1
MAFF,MRS2,1
MAFF,CENPW,1
MAFF,MPHOSPH6,1
MAFF,BUB1,1
MAFF,MTHFD1,1
MAFF,TIMMDC1,1
MAFF,FBXO22,1
MAFF,VTN,1
MAFF,DPAGT1,1
MAFF,ZBTB3,1
MAFF,ACADVL,1
MAFF,VRK1,1
MAFF,USP39,1
MAFF,XRCC6,1
MAFF,JUN,1
MAFF,TRIAP1,1
MAFF,TFRC,1
MAFF,TP53INP2,1
MAFF,MRPS27,1
MAFF,CCDC88A,1
MAFF,APEH,1
MAFF,RAD51C,1
MAFF,ATL2,1
MAFF,PREB,1
MAFF,HMGXB4,1
MAFF,AIMP2,1
MAFF,UPP1,1
MAFF,CCS,1
MAFF,S100A13,1
MAFF,DDX39A,1
MAFF,KLHL7,1
MAFF,SNAPC1,1
MAFF,SERPINB1,1
MAFF,KLHDC2,1
MAFF,HNRNPH2,1
MAFF,MRPS35,1
MAFF,TF,1
MAFF,PIM2,1
MAFF,UBL7,1
MAFF,WDR3,1
MAFF,F2,1
MAFF,ISG15,1
MAFF,TAF1B,1
MAFF,PRC1,1
MAFF,TMEM41A,1
MAFF,HSD17B2,1
MAFF,MIS18BP1,1
MAFF,COPS7B,1
MAFF,COPS7A,1
MAFF,FLRT3,1
MAFF,RABGGTB,1
MAFF,ZNF644,1
MAFF,DBF4,1
MAFF,ZWILCH,1
MAFF,RFC5,1
MAFF,RFC4,1
MAFF,ASL,1
MAFF,ACADSB,1
MAFF,MRPS11,1
MAFF,SERTAD3,1
MAFF,PSME3,1
MAFF,NARS2,1
MAFF,ATIC,1
MAFF,SNRPD1,1
MAFF,KPNA2,1
MAFF,METTL5,1
MAFF,UMPS,1
MAFF,FOSL2,1
MAFF,EFNA1,1
MAFF,TPD52L1,1
MAFF,UBE2L6,1
MAFF,ETV1,1
MAFF,TAF5,1
MAFF,PCID2,1
MAFF,POLD3,1
MAFF,CRELD1,1
MAFF,SERPINF1,1
MAFF,TADA1,1
MAFF,PLAA,1
CEBPZ,HIST1H4C,1
CEBPZ,IFT22,1
CEBPZ,BUB1B,1
CEBPZ,PDCD11,1
CEBPZ,SP4,1
CEBPZ,SMARCD2,1
CEBPZ,TTI2,1
CEBPZ,HINFP,1
CEBPZ,UROD,1
CEBPZ,CETN3,1
CEBPZ,HMMR,1
CEBPZ,SLC39A1,1
CEBPZ,HMBS,1
CEBPZ,CRYZL1,1
CEBPZ,CKS1B,1
CEBPZ,SPTLC3,1
CEBPZ,MCM3,1
CEBPZ,F2,1
CEBPZ,FANCB,1
CEBPZ,YBX1,1
CEBPZ,CDCA3,1
CEBPZ,CA2,1
CEBPZ,ZNF398,1
CEBPZ,DDX39A,1
CEBPZ,PLAGL2,1
CEBPZ,NUP88,1
CEBPZ,FUBP1,1
CEBPZ,RUVBL2,1
CEBPZ,MXD1,1
CEBPZ,GXYLT2,1
CEBPZ,USP1,1
CEBPZ,MRPS12,1
CEBPZ,RAD54L,1
CEBPZ,CASP8AP2,1
CEBPZ,APOC2,1
CEBPZ,DLGAP5,1
CEBPZ,ASRGL1,1
CEBPZ,ZNF202,1
CEBPZ,DCTPP1,1
CEBPZ,TPX2,1
CEBPZ,NAA15,1
CEBPZ,TADA1,1
CEBPZ,UBE2C,1
CEBPZ,SEC14L2,1
CEBPZ,TBX3,1
CEBPZ,STAT2,1
CEBPZ,ZNF101,1
CEBPZ,HMGCS2,1
CEBPZ,HMGXB4,1
CEBPZ,KLF6,1
CEBPZ,MLH1,1
CEBPZ,PPP1R21,1
CEBPZ,PIK3R1,1
CEBPZ,DCUN1D5,1
CEBPZ,POLR2K,1
CEBPZ,CDC23,1
CEBPZ,DROSHA,1
CEBPZ,TRMT1,1
CEBPZ,GABPB1,1
CEBPZ,CDKN3,1
CEBPZ,PEF1,1
CEBPZ,RFXANK,1
CEBPZ,AARS,1
CEBPZ,CREB3L2,1
CEBPZ,CREB3L4,1
JUND,UFSP2,1
JUND,TCEA1,1
JUND,GCHFR,1
JUND,AASS,1
JUND,SRSF6,1
JUND,UMPS,1
JUND,PLIN2,1
JUND,KDM4C,1
JUND,MAEA,1
JUND,UCKL1,1
JUND,RAB25,1
JUND,POLR3E,1
JUND,ITGB3BP,1
JUND,SAT1,1
JUND,MCM5,1
JUND,NAA25,1
JUND,TSN,1
JUND,CENPW,1
JUND,DDX55,1
JUND,ADSL,1
JUND,FBXO22,1
JUND,DPAGT1,1
JUND,AURKB,1
JUND,LCMT1,1
JUND,RAD51C,1
JUND,PREB,1
JUND,SERPINB1,1
JUND,HNRNPUL1,1
JUND,UROD,1
JUND,RNF26,1
JUND,FTSJ1,1
JUND,HDAC2,1
JUND,TRIP13,1
JUND,USP3,1
JUND,MRPS12,1
JUND,ZFAND2A,1
JUND,ARL6IP6,1
JUND,TADA3,1
NR2F2,FGB,1
NR2F2,LEFTY1,1
NR2F2,CYP3A5,1
NR2F2,LAMB2,1
NR2F2,ZDHHC4,1
NR2F2,GPC3,1
REST,ELAVL2,1
REST,LIN28A,1
REST,CDH2,1
REST,DDX55,1
REST,TKT,1
REST,POLR3E,1
REST,SRSF6,1
REST,RARRES2,1
ATF3,TSN,1
ATF3,CENPW,1
ATF3,KDM4C,1
ATF3,PLIN2,1
CEBPD,NTHL1,1
CEBPD,ZDHHC4,1
CEBPD,FANCB,1
CEBPD,DDX55,1
CEBPD,ADSL,1
CEBPD,FBXO22,1
CEBPD,POLR3E,1
CEBPD,PREB,1
CEBPD,KDM4C,1
CEBPD,SAT1,1
CEBPD,PLK1,1
CEBPD,POLR2B,1
ELF1,TCEA1,1
ELF1,ZNF107,1
ELF1,HSPA14,1
ELF1,DDX39A,1
ELF1,CENPW,1
ELF1,FBXO22,1
ELF1,RAD51C,1
ELF1,PREB,1
ELF1,UROD,1
ELF1,TIMELESS,1
ELF1,RFC5,1
ELF1,MED21,1
REST,DNASE1,0
BRCA1,CDH2,0
CEBPZ,EIF5B,0
RUVBL1,UGP2,0
IRF3,C6ORF203,0
CEBPD,HMGCS2,0
RFX5,FGFR1,0
BRCA1,FBXO22,0
RUVBL1,MED30,0
NR3C1,TTR,0
TEAD4,HSD17B7,0
RUVBL1,MEP1A,0
SRF,RAD51AP1,0
NR3C1,METTL21A,0
EZH2,AASS,0
ATF3,WFDC2,0
CEBPZ,HAT1,0
CEBPZ,HSDL2,0
NR3C1,TOP2B,0
RFX5,ELOVL6,0
CEBPD,SERPIND1,0
HNF4A,FARSA,0
EZH2,GNRH2,0
CEBPZ,C3,0
HDAC2,TFE3,0
JUND,TRIM59,0
RUVBL1,PRAP1,0
REST,FGB,0
TEAD4,MSH2,0
SRF,EOMES,0
ATF3,BRIP1,0
RFX5,SPDL1,0
SMARCA4,HMBS,0
EZH2,MTIF2,0
IRF3,HNRNPAB,0
CEBPZ,PSMD10,0
ARID2,BLM,0
MCRS1,HMMR,0
TEAD4,MRPS11,0
ATF3,TFDP1,0
FOSL2,IGF2BP3,0
IRF3,PMS1,0
MYBL2,NONO,0
RFX5,GALM,0
ARID2,ITGB3BP,0
FOSL2,DYNLT3,0
NR3C1,TRIP13,0
NR3C1,HMBS,0
MAFF,GTF3C4,0
NR3C1,HMGCS2,0
FOXA1,UCK2,0
FOSL2,TCF7L1,0
EZH2,BLVRA,0
IRF3,UCHL5,0
FOXA2,TUBB6,0
RUVBL1,MUSTN1,0
SMARCA4,TXNDC9,0
SRF,ACY1,0
BRCA1,SAMHD1,0
MAFF,HDAC6,0
NR3C1,ASPH,0
SRF,FBL,0
IRF3,CNOT7,0
NR2F2,POLR2G,0
SMARCC1,KIF20B,0
FOXA1,PPP1R7,0
EZH2,RNASEH2A,0
MCRS1,C12ORF10,0
RUVBL1,ZFP62,0
NR3C1,JUND,0
FOXA2,PRPS2,0
MYC,ITIH4,0
RFX5,NTPCR,0
ARID2,PPP1R7,0
IRF3,ATP1B3,0
NR3C1,APEH,0
CEBPD,ELP2,0
NR3C1,BTF3,0
MAFF,IPO5,0
IRF3,ZNF74,0
SMARCA4,UCP2,0
REST,MAEA,0
FOXA1,ELL2,0
MCRS1,RARG,0
MAFF,C11ORF54,0
FOXA1,PDCD2L,0
RFX5,RNASEH2A,0
MYC,COQ3,0
IRF3,DPCD,0
TEAD4,ELOVL5,0
TEAD4,SSBP2,0
REST,TTF2,0
NR3C1,SERPIND1,0
EZH2,PLTP,0
NR2F2,LGALS1,0
MCRS1,TFE3,0
SRF,GRPR,0
RUVBL1,NUPR1,0
CEBPD,ARL2,0
MCRS1,UBAC2,0
SMARCA4,RBP4,0
MAFF,ATG101,0
IRF3,CDK5RAP2,0
REST,TIMELESS,0
TEAD4,SYTL2,0
HDAC2,CNOT10,0
RFX5,MAP1B,0
TEAD4,ATG101,0
JUN,DHCR7,0
ARID2,RFC4,0
ARID2,ZNF202,0
MAZ,SMC2,0
RFX5,ECHDC2,0
CEBPZ,HMGA1,0
JUN,CMC1,0
ATF3,DCLRE1C,0
IRF3,SRSF1,0
MAZ,ZNF232,0
RFX5,SEC14L2,0
HDAC2,TOPORS,0
RUVBL1,ANKRD1,0
JUN,ZNF770,0
RFX5,NDUFAF4,0
MYC,ORC6,0
EPAS1,SLC39A10,0
ATF3,TGIF1,0
REST,GTF3C4,0
SMARCA4,DPF2,0
BRCA1,MAPK1,0
IRF3,TM4SF5,0
BRCA1,CCDC138,0
CEBPD,NFIB,0
ARID2,ZFP62,0
HDAC2,SCAPER,0
SRF,GEMIN8,0
IRF3,PDGFA,0
ARID2,THAP1,0
EZH2,SRRM1,0
SMARCA4,BCAS2,0
EZH2,TIPARP,0
ATF3,S100A16,0
FOXA1,CKS2,0
RFX5,ALPL,0
BRCA1,PSIP1,0
HNF4A,ID2,0
EPAS1,IGF1R,0
NR3C1,EXOSC2,0
ARID2,MTTP,0
FOXA2,TMEM69,0
BRCA1,ECHDC1,0
MYBL2,HIF3A,0
NR2F2,GMEB1,0
MCRS1,HNRNPUL1,0
TEAD4,CREG1,0
ATF3,TMEM120A,0
EZH2,RAI14,0
MAZ,MEST,0
MAFF,ZNF638,0
MAFF,CTSC,0
EZH2,DTWD1,0
EPAS1,GMPS,0
SRF,PLA2G12B,0
ELF1,ETS1,0
SRF,HMGCR,0
CEBPZ,SUCLA2,0
TEAD4,FANCL,0
RUVBL1,ZNF770,0
BRCA1,UNC93A,0
TEAD4,EXOSC3,0
SRF,ELF1,0
ARID2,DCLRE1C,0
IRF3,DEDD,0
ARID2,MCRS1,0
REST,HMGN5,0
FOSL2,DDX54,0
BRCA1,DPH6,0
IRF3,TRMT1,0
SMARCA4,ANAPC4,0
MYBL2,WIPI1,0
SMARCA4,APOA2,0
CEBPZ,FAM118B,0
RUVBL1,IPO5,0
RUVBL1,SIRT2,0
IRF3,ZSWIM8,0
HNF4A,SPINK1,0
ARID2,SUPT16H,0
MCRS1,TBL1X,0
HNF4A,CDC20,0
NR3C1,MCM2,0
NR2F2,TIMELESS,0
IRF3,PPP1R16A,0
REST,JAZF1,0
ARID2,NDUFAF5,0
EZH2,BCS1L,0
JUND,DNASE1,0
ARID2,DPF2,0
MAFF,C12ORF45,0
ARID2,ARID3B,0
MCRS1,NTHL1,0
SRF,ELOVL6,0
SRF,BLMH,0
CEBPZ,EEF1A1,0
EZH2,NIF3L1,0
JUN,MGST2,0
EPAS1,MLST8,0
CEBPZ,HIF3A,0
BRCA1,CRABP2,0
FOXA1,CCDC138,0
JUN,CAAP1,0
CEBPD,STX8,0
MAZ,PRAP1,0
CEBPD,MRTO4,0
HDAC2,TRNT1,0
NR3C1,ACAA1,0
NR3C1,ZNF74,0
RUVBL1,SMOX,0
EPAS1,SEC11C,0
NR3C1,XRCC5,0
ARID2,PARPBP,0
SRF,HSD17B11,0
ARID2,SIRT1,0
BRCA1,ATG101,0
BRCA1,E2F3,0
MYC,ATG4C,0
EPAS1,CENPW,0
SRF,DDIT4,0
MCRS1,CREB3L4,0
IRF3,SHMT2,0
SRF,DPP4,0
EZH2,ZNF232,0
ATF3,FAM13A,0
RFX5,OIP5,0
SRF,APPL2,0
ARID2,ELAVL2,0
RUVBL1,HMGB2,0
TEAD4,TBPL1,0
JUND,GMEB1,0
RUVBL1,ASPH,0
JUN,ACY1,0
ATF3,HOOK2,0
TEAD4,C17ORF75,0
ARID2,AFP,0
MAFF,BPTF,0
SMARCA4,GRPR,0
HNF4A,HAUS1,0
SMARCA4,CNN2,0
BRCA1,CENPW,0
CEBPD,C9ORF78,0
RFX5,DNAJC2,0
MAZ,IRF3,0
FOSL2,ELAVL2,0
CEBPZ,DCAF13,0
EZH2,PDCD2L,0
SRF,CRELD1,0
RFX5,MCM2,0
EZH2,CCDC88A,0
RFX5,FAM114A1,0
CEBPZ,TBCB,0
NR3C1,DCUN1D5,0
RUVBL1,SH3BGR,0
NR2F2,DKC1,0
MAZ,TRERF1,0
RFX5,RGN,0
MAZ,FGB,0
CEBPZ,TRIM28,0
JUN,ECHDC2,0
NR3C1,ASNSD1,0
HNF4A,NME2,0
CEBPD,HMGN5,0
IRF3,NAA15,0
MYC,UBE2C,0
EPAS1,ECSIT,0
RFX5,SMC6,0
SRF,USP28,0
BRCA1,RFC4,0
RUVBL1,HIST1H4C,0
HDAC2,LTA4H,0
EZH2,IFT22,0
EPAS1,METTL3,0
CEBPD,SALL2,0
EPAS1,AFF4,0
ATF3,KIZ,0
MCRS1,TRMT1,0
NR3C1,CETN3,0
NR3C1,MYBL2,0
MYC,PDE6D,0
SMARCA4,EPSTI1,0
FOXA1,FANCB,0
ATF3,FBL,0
ATF3,ESYT1,0
EPAS1,CIDEB,0
RUVBL1,MCM5,0
MAZ,CAPN2,0
TEAD4,SULF2,0
MYC,PHC1,0
REST,CNN2,0
NR3C1,SS18,0
MAZ,FBXO6,0
ATF3,UBE2E3,0
RUVBL1,B3GNT7,0
FOSL2,DNA2,0
BRCA1,NHEJ1,0
CEBPD,LDB2,0
MCRS1,NOSIP,0
MCRS1,TMEM120A,0
SRF,ACSL5,0
SMARCA4,TTC39C,0
BRCA1,IFITM2,0
ATF3,CDX2,0
MCRS1,THRAP3,0
IRF3,ALG6,0
SMARCA4,MAFF,0
CEBPD,RIN2,0
NR3C1,PWP1,0
SMARCA4,DROSHA,0
SRF,WFDC2,0
NR3C1,GNRH2,0
FOXA2,ITLN2,0
MYC,GLIS3,0
SRF,CLDN4,0
CEBPZ,MCM8,0
NR3C1,MLF1,0
ARID2,C11ORF74,0
CEBPD,TKT,0
MCRS1,ZNF766,0
ATF3,MAT2B,0
EPAS1,SALL2,0
EPAS1,PDZK1,0
RFX5,TIMELESS,0
ATF3,TBCB,0
MAZ,BLM,0
MCRS1,RIOK3,0
MAFF,MRRF,0
CEBPZ,PITX1,0
MAFF,BCL11B,0
IRF3,CRABP2,0
SMARCA4,B4GALT3,0
IRF3,ING3,0
ATF3,IL32,0
TEAD4,ATP2C1,0
RUVBL1,NONO,0
SRF,COQ3,0
MYC,SPP1,0
RUVBL1,BLM,0
EPAS1,MATR3,0
MYBL2,NUPR1,0
MCRS1,SAE1,0
IRF3,MTX2,0
RFX5,PARPBP,0
MAZ,SLC38A1,0
EZH2,FN1,0
RUVBL1,SHKBP1,0
SRF,NME2,0
MAZ,H1F0,0
ARID2,ILF3,0
JUN,MYO9A,0
MAZ,CTSV,0
FOXA2,MEST,0
EZH2,BIRC5,0
EPAS1,MCM6,0
HNF4A,MED21,0
SRF,CRBN,0
MYBL2,RARRES2,0
MAZ,NODAL,0
HNF4A,CD320,0
NR3C1,GXYLT2,0
MCRS1,DPYSL2,0
MAZ,COMMD10,0
EZH2,ASXL1,0
MAZ,DNAJB9,0
TEAD4,DAXX,0
CEBPD,TBCB,0
ATF3,NODAL,0
BRCA1,GPN3,0
HDAC2,NFIB,0
CEBPD,SSBP3,0
EZH2,CBX3,0
EZH2,BCKDK,0
CREB1,ELAVL2,0
SMARCC1,PTPRZ1,0
NR3C1,CENPW,0
ATF3,PTPRZ1,0
MYC,PIM2,0
EZH2,DEPDC7,0
HDAC2,RPUSD4,0
HNF4A,ZMYM1,0
JUN,PDZK1,0
ELF1,OAZ2,0
JUND,CHTF18,0
MYC,PYGL,0
RUVBL1,CENPW,0
JUN,PDE6D,0
CEBPD,CMPK1,0
IRF3,MT1X,0
ATF3,LTV1,0
BRCA1,LHX1,0
ARID2,HDAC2,0
REST,B3GNT7,0
JUN,POLE2,0
SMARCA4,KAT7,0
JUN,COPS5,0
ARID2,DEF8,0
NR3C1,CAPN2,0
CEBPZ,SSRP1,0
SMARCA4,CMC2,0
SMARCC1,MEP1A,0
HDAC2,HAVCR1,0
NR3C1,EFTUD2,0
NR3C1,TNFAIP3,0
SRF,SRSF6,0
RFX5,NFKBIZ,0
HNF4A,TRIM59,0
ARID2,EMG1,0
BRCA1,CNTRL,0
FOXA1,ETS1,0
NR3C1,MAEA,0
CEBPD,NDC80,0
MAFF,RNASEH2A,0
IRF3,PEX19,0
MYBL2,HNF1B,0
SMARCA4,CDC20,0
SRF,TDGF1,0
RUVBL1,JUND,0
JUN,FAM118B,0
EZH2,NPRL2,0
MYC,FN1,0
SRF,HPN,0
CEBPZ,ANXA4,0
MYC,DOT1L,0
SRF,MCM2,0
JUN,TCF4,0
MYC,MRPS12,0
NR3C1,AGTRAP,0
BRCA1,ZSCAN21,0
IRF3,PPCDC,0
BRCA1,NUP93,0
NR3C1,PSMB10,0
RUVBL1,PTPN12,0
ARID2,PNPT1,0
MYBL2,ACAD11,0
IRF3,TIMELESS,0
IRF3,PDCD11,0
EZH2,PREB,0
RFX5,RANGRF,0
RUVBL1,EIF3J,0
FOSL2,HELLS,0
JUND,ORC2,0
TEAD4,HMGB3,0
NR2F2,USP7,0
IRF3,TAF9B,0
HNF4A,HPRT1,0
EPAS1,RREB1,0
ELF1,NHEJ1,0
FOXA2,VPS33A,0
NR3C1,USP11,0
NR2F2,ECHDC2,0
ARID2,PHKA2,0
IRF3,CHEK1,0
FOXA2,BRMS1,0
CEBPZ,THAP1,0
FOSL2,SMAD3,0
BRCA1,RFC5,0
REST,GPRC5C,0
IRF3,HNRNPH2,0
MCRS1,KLF6,0
RUVBL1,LGALS3,0
SMARCA4,SLC25A4,0
SRF,CDCA7L,0
RUVBL1,ELP2,0
SMARCA4,HMMR,0
HDAC2,RNF138,0
CEBPZ,POLR1B,0
ARID2,PEF1,0
NR3C1,EFNA1,0
TEAD4,NUPR1,0
MYBL2,RAB25,0
SRF,ORC5,0
CEBPZ,TMEM14A,0
MAFF,AKR1B1,0
EZH2,HSD17B11,0
SRF,TSN,0
MYBL2,CSRP2,0
SMARCA4,DCUN1D5,0
BRCA1,ZFP36,0
CREB1,MUSTN1,0
JUN,LAMA1,0
FOXA1,XRCC6,0
CREB1,GSTA2,0
FOXA1,LIG1,0
RFX5,YEATS4,0
TEAD4,GPN1,0
CEBPD,SEC61A2,0
MYC,HDAC2,0
NR3C1,IL32,0
FOXA1,ZDHHC13,0
HDAC2,RABGGTB,0
ATF3,CRYZL1,0
SMARCC1,STEAP1,0
ARID2,SRSF1,0
MYBL2,B3GNT7,0
CEBPD,MRPS2,0
MCRS1,PIAS3,0
MCRS1,ATG4C,0
ATF3,FAM114A1,0
CEBPZ,MCM5,0
MCRS1,NCK1,0
RUVBL1,KAT7,0
JUN,E2F5,0
ATF3,HIF3A,0
MYC,ELOVL5,0
RUVBL1,CCDC82,0
CEBPD,PMAIP1,0
IRF3,C11ORF54,0
MYBL2,LGALS1,0
TEAD4,NIP7,0
NR3C1,JARID2,0
MAFF,SMAD2,0
CREB1,MED21,0
EPAS1,MT1G,0
RFX5,SEC11C,0
JUND,PEMT,0
SMARCA4,NR3C1,0
FOXA1,RARG,0
JUN,EBNA1BP2,0
RFX5,HMGA1,0
RFX5,HNF4A,0
CEBPZ,ZNF195,0
MYC,FXR1,0
MCRS1,IFITM3,0
ATF3,DHRS3,0
JUN,SRSF3,0
IRF3,ALB,0
NR3C1,POLE2,0
IRF3,METTL21A,0
FOXA1,SEC14L2,0
REST,ANKRD1,0
HNF4A,BMP2,0
ATF3,DEK,0
TEAD4,HDGF,0
SRF,EXOSC3,0
JUN,PSPH,0
CEBPZ,SP100,0
BRCA1,ALDH1A1,0
ELF1,SEC61A2,0
MCRS1,HIF3A,0
EZH2,LAMB1,0
IRF3,PROSER1,0
CREB1,VCAN,0
BRCA1,CTDSPL,0
EZH2,LAMC1,0
SMARCA4,DCLRE1C,0
FOSL2,BTF3,0
RUVBL1,UPP1,0
JUN,FAM49B,0
SMARCA4,VPS72,0
EZH2,TRIP13,0
HNF4A,S100A13,0
BRCA1,LAMB1,0
MAFF,TAF7,0
EZH2,CKS1B,0
MCRS1,RARRES2,0
ELF1,LIFR,0
FOXA2,RNASEH2A,0
RUVBL1,MED14,0
SMARCA4,WDR54,0
CEBPZ,C17ORF75,0
HNF4A,MYOF,0
SRF,ZDHHC4,0
TEAD4,TCF25,0
RUVBL1,LMO7,0
RUVBL1,EPAS1,0
RUVBL1,IFNGR1,0
TEAD4,USP45,0
JUND,PITX1,0
FOXA1,ZNF160,0
SMARCA4,AKR1B1,0
NR3C1,P4HA2,0
MYC,DKC1,0
JUN,DNMT3A,0
NR2F2,CSRP2,0
JUN,HDAC6,0
ARID2,POLE4,0
BRCA1,PLAC8,0
RUVBL1,STX8,0
JUN,LTV1,0
HNF4A,POU5F1,0
JUN,KDELR3,0
MYC,CXCR4,0
ATF3,TRERF1,0
JUN,NFIB,0
ATF3,RABGGTB,0
TEAD4,IDI1,0
IRF3,UHRF1,0
SRF,ATIC,0
BRCA1,ESYT1,0
MCRS1,AMBP,0
ATF3,TBC1D1,0
MYC,SP100,0
MAFF,HAUS4,0
TEAD4,DSN1,0
ARID2,HPN,0
MCRS1,BLM,0
SMARCC1,FANCB,0
HDAC2,CSDE1,0
JUN,NIFK,0
ATF3,PIM2,0
SRF,CPSF3,0
CEBPZ,TNNI3,0
JUN,GSTA1,0
IRF3,FLRT3,0
RFX5,PLA2G12B,0
SMARCA4,TAF9B,0
EZH2,ZNF217,0
EZH2,KNTC1,0
MYC,OIP5,0
JUN,RAD51AP1,0
EPAS1,DCUN1D5,0
SMARCA4,CDKN1A,0
SMARCA4,ACADVL,0
TEAD4,CRAT,0
RFX5,CPSF6,0
HNF4A,PDGFRA,0
EPAS1,APEX1,0
RUVBL1,TRIM28,0
MCRS1,ZNRD1,0
MYC,HDAC6,0
NR3C1,MYCBP,0
IRF3,DTWD1,0
HNF4A,MLF1,0
MYC,CNN2,0
NR2F2,FBXO22,0
SMARCC1,ICA1,0
FOSL2,CCS,0
NR3C1,RFC4,0
ARID2,JAZF1,0
CEBPD,HGD,0
TEAD4,ARL6IP6,0
JUN,ARSE,0
RFX5,GGH,0
JUND,PRPS2,0
MYBL2,PITX1,0
CEBPZ,SKIL,0
FOXA2,GRPR,0
CEBPD,KIFAP3,0
EPAS1,PRAP1,0
EZH2,BSCL2,0
NR3C1,MT1X,0
SMARCA4,HP,0
ATF3,RAI14,0
NR2F2,ZWINT,0
EZH2,HMGN2,0
MCRS1,PAFAH1B3,0
RUVBL1,PDCD2L,0
TEAD4,BTF3,0
MAFF,AARS,0
EPAS1,CTBP1,0
ATF3,HDHD3,0
CEBPD,MT1E,0
MYBL2,RARG,0
MYC,ZNF91,0
TEAD4,TTK,0
CEBPZ,NUP54,0
ARID2,MXD1,0
NR3C1,CDCA2,0
ATF3,PLTP,0
RFX5,GTF3C4,0
MCRS1,BUB1B,0
TEAD4,CCDC82,0
HNF4A,DMKN,0
EPAS1,ZNF143,0
FOXA2,USP44,0
HDAC2,CDH2,0
CEBPD,UBLCP1,0
BRCA1,ZNF581,0
SMARCA4,ATP2C1,0
BRCA1,ZNF638,0
EPAS1,CAPRIN1,0
MYC,CCDC66,0
SRF,MTERF3,0
HDAC2,EXTL2,0
EZH2,OPA1,0
JUN,HNRNPH3,0
ARID2,EXOSC5,0
SMARCA4,C19ORF48,0
SMARCC1,COPS2,0
RUVBL1,WDR43,0
HNF4A,NUP93,0
ATF3,CFAP36,0
SRF,NAA16,0
SMARCA4,CLDN4,0
MYBL2,ZFYVE21,0
ARID2,SLC35B4,0
EPAS1,ARSE,0
SMARCA4,B3GNT7,0
ELF1,TBC1D1,0
ARID2,GLI1,0
CEBPD,SHKBP1,0
REST,PARP1,0
IRF3,ATG3,0
HNF4A,ID3,0
EPAS1,MMS19,0
NR2F2,MELK,0
CEBPD,POLR2F,0
IRF3,PAPSS1,0
SMARCA4,ZNF581,0
NR3C1,USP1,0
RUVBL1,NODAL,0
IRF3,HELLS,0
CEBPD,DAXX,0
IRF3,THRB,0
FOSL2,PWP1,0
JUN,MIS18BP1,0
SRF,TAF1A,0
NR3C1,ADNP,0
BRCA1,VPS33A,0
MYBL2,GRTP1,0
CEBPD,MAEA,0
MAFF,LHX1,0
TEAD4,SMARCE1,0
MYBL2,CFAP97,0
RUVBL1,ETV5,0
RFX5,PHGDH,0
MAZ,TMEM177,0
ATF3,TDGF1,0
ATF3,KLHDC2,0
JUN,UBLCP1,0
SRF,PIGH,0
EPAS1,ZNF260,0
ATF3,TOP2B,0
MAZ,UCKL1,0
JUND,NUSAP1,0
ATF3,E2F8,0
MAFF,RBBP4,0
EZH2,MRPS2,0
TEAD4,NFIB,0
CEBPZ,CLDN4,0
EZH2,SERPIND1,0
MAFF,SUV39H2,0
EPAS1,CMPK1,0
CEBPZ,TPGS2,0
FOXA1,ALDH9A1,0
IRF3,F2RL1,0
ARID2,C12ORF45,0
MAFF,RARRES2,0
ATF3,PTMA,0
SRF,POLB,0
ARID2,CIDEB,0
RUVBL1,XPO5,0
SRF,SEC22C,0
EZH2,SUB1,0
RFX5,RHOBTB3,0
EPAS1,CNN2,0
RFX5,METTL1,0
IRF3,PLG,0
SMARCA4,POLR1E,0
ARID2,ORC4,0
CEBPZ,HEXB,0
MAFF,POLR1D,0
FOSL2,A1CF,0
MYC,ASRGL1,0
TEAD4,AKR1D1,0
ATF3,HDGF,0
RUVBL1,ATL2,0
MCRS1,HDHD3,0
EPAS1,UFSP2,0
BRCA1,ITGB3BP,0
NR2F2,TAF9B,0
ARID2,IDH3B,0
CEBPZ,PLAA,0
MAFF,CFAP36,0
EZH2,PRMT5,0
HDAC2,LIN28A,0
MYC,UBE2T,0
CEBPZ,DNAJC2,0
NR3C1,BPHL,0
REST,IGF2BP3,0
SMARCA4,PBX1,0
BRCA1,WDR75,0
SMARCA4,HDAC1,0
MCRS1,TDGF1,0
FOXA2,TFPI,0
ELF1,PMAIP1,0
MAFF,ALB,0
JUN,CDX2,0
RFX5,FAM151A,0
SMARCA4,KLF5,0
JUN,SERTAD3,0
FOSL2,FEN1,0
ARID2,HMGB3,0
IRF3,CASP8AP2,0
ARID2,MRPS35,0
ATF3,PREB,0
ELF1,CSRP2,0
NR3C1,AAAS,0
EPAS1,NCOA1,0
CEBPZ,KIAA0586,0
ARID2,CREB3L4,0
SRF,ACTN1,0
FOXA2,UBE2C,0
FOXA1,CAPN2,0
RFX5,MEST,0
REST,HIST1H1B,0
NR3C1,HMMR,0
MYC,ZSWIM8,0
CREB1,PLIN2,0
ARID2,ABT1,0
CEBPZ,SURF2,0
CEBPD,ATP2C1,0
JUND,APEH,0
CEBPZ,NCK1,0
SMARCC1,PTPN12,0
MYBL2,IFITM1,0
CEBPD,ATP11C,0
BRCA1,NR1H3,0
EPAS1,HDGF,0
MYC,FANCD2,0
BRCA1,NUDT1,0
HDAC2,IFITM1,0
RFX5,ALB,0
EPAS1,CENPK,0
TEAD4,SLC25A17,0
ELF1,RBP2,0
MAFF,FAM118B,0
MCRS1,GMPR2,0
EZH2,IDI1,0
EZH2,TUBE1,0
ARID2,UFSP2,0
RUVBL1,MCM8,0
ARID2,MTHFD2,0
MCRS1,CIDEB,0
JUN,PPIL1,0
ARID2,TPX2,0
EZH2,GEMIN7,0
CEBPZ,NDC80,0
JUN,POLR3E,0
EZH2,UROD,0
TEAD4,DEF8,0
MAFF,RFC1,0
ATF3,ZNF146,0
RUVBL1,RFC1,0
JUND,A1CF,0
NR3C1,EXOSC8,0
EZH2,SFRP1,0
TEAD4,HNF4A,0
NR2F2,TRERF1,0
CEBPD,AKR1C3,0
NR3C1,MED30,0
TEAD4,MED30,0
JUN,GLIS3,0
TEAD4,AASS,0
EZH2,POLR3D,0
BRCA1,ZNF239,0
HDAC2,BMPR1A,0
CREB1,ITIH4,0
FOSL2,ECHDC2,0
SRF,BZW2,0
SMARCA4,JUND,0
MYC,RAMP1,0
MAFF,GEMIN7,0
NR3C1,E2F4,0
HNF4A,UBE2E3,0
REST,KLF5,0
FOSL2,CCDC169,0
CEBPZ,PCIF1,0
ATF3,TMEM60,0
EPAS1,SP100,0
NR3C1,PSPH,0
SMARCA4,UNC93A,0
FOXA1,E2F8,0
NR2F2,PTPRM,0
SMARCA4,AMZ2,0
RUVBL1,ZNF101,0
MYBL2,SLC35D2,0
SMARCA4,MYCN,0
MCRS1,APOC3,0
RUVBL1,RRM2B,0
HNF4A,UCHL1,0
REST,ELOF1,0
IRF3,DEF8,0
SMARCC1,UTRN,0
SRF,SSBP2,0
EPAS1,ITIH4,0
EPAS1,ZNF146,0
SMARCA4,PCID2,0
RUVBL1,ARL2,0
EZH2,ALPL,0
IRF3,KATNA1,0
JUN,HMGB2,0
CEBPD,MGST2,0
NR3C1,POLR2K,0
IRF3,POLR2K,0
SMARCA4,LITAF,0
CEBPD,CA2,0
ARID2,EXOSC8,0
EPAS1,KLF6,0
HDAC2,TTF2,0
EZH2,PAFAH1B3,0
MYC,AMBP,0
ARID2,NAA16,0
FOSL2,POU2F1,0
CEBPZ,RAD54B,0
EPAS1,TRMT1,0
JUN,RAD54B,0
MCRS1,HMBS,0
EPAS1,MRPS30,0
RFX5,FARSA,0
FOXA1,ACTC1,0
ELF1,APOC1,0
FOSL2,GTF3C4,0
IRF3,ARL14EP,0
EZH2,ZNF33A,0
TEAD4,LGALS3,0
IRF3,HMGA2,0
SRF,SLC25A20,0
CEBPZ,RBPJ,0
HNF4A,MRPL49,0
MCRS1,CENPE,0
NR3C1,HDAC6,0
CEBPD,CCDC169,0
RUVBL1,KLHL7,0
ARID2,RNASEH2B,0
EPAS1,C9ORF72,0
SRF,BSCL2,0
CEBPD,NREP,0
TEAD4,UPP1,0
EPAS1,TAF11,0
REST,EOMES,0
RUVBL1,RABGGTB,0
EPAS1,PIAS2,0
SMARCA4,FMO5,0
CEBPZ,ZNF567,0
NR3C1,TBPL1,0
IRF3,NTPCR,0
RFX5,SPP1,0
ATF3,PEMT,0
TEAD4,ZSCAN21,0
CEBPD,QPCT,0
JUN,CRBN,0
MYC,SAT1,0
EZH2,GLI1,0
MAFF,FANCA,0
EPAS1,POU5F1,0
SRF,PLTP,0
SRF,PLK1,0
FOSL2,NONO,0
ATF3,GATA6,0
ARID2,DR1,0
SRF,TRIM28,0
JUN,ASRGL1,0
FOXA1,NCOA1,0
RUVBL1,NR2F6,0
SMARCA4,PTPRZ1,0
IRF3,OCIAD2,0
JUN,NUF2,0
ELF1,SQLE,0
RFX5,NCAPG,0
BRCA1,NFATC2,0
RUVBL1,IGF2BP3,0
MCRS1,XRCC6,0
JUN,PFKM,0
BRCA1,SRRM1,0
RUVBL1,NUP85,0
SRF,ASCC3,0
TEAD4,GATM,0
MCRS1,USP44,0
MCRS1,MRPS11,0
RFX5,ANKRD1,0
RUVBL1,TSN,0
EPAS1,LGALS2,0
IRF3,ELF1,0
RUVBL1,RNF4,0
EZH2,SIRT2,0
HNF4A,AFP,0
EZH2,CNBP,0
IRF3,EXOSC2,0
NR3C1,TTF2,0
MCRS1,NTMT1,0
IRF3,ELL2,0
RFX5,CTBP1,0
FOXA1,TCF7L1,0
MCRS1,SPDL1,0
JUN,DPP4,0
CEBPZ,GEMIN2,0
RUVBL1,INMT,0
ARID2,DLGAP5,0
BRCA1,ZNHIT3,0
IRF3,DDAH1,0
FOXA2,USB1,0
MAZ,ERCC8,0
SRF,FANCI,0
IRF3,TTF2,0
TEAD4,UCHL1,0
BRCA1,NREP,0
REST,GSTA1,0
ARID2,OCIAD2,0
EPAS1,TRIM25,0
NR3C1,CENPE,0
CEBPZ,RFX5,0
EZH2,PDGFA,0
IRF3,RAI14,0
EPAS1,DDB2,0
EPAS1,PHF5A,0
SMARCA4,MAD2L1BP,0
FOSL2,ALPL,0
MCRS1,REST,0
FOXA2,HMGA1,0
ELF1,PAX6,0
EPAS1,NR1I3,0
BRCA1,WDR74,0
MAZ,KDM4C,0
ATF3,PSAT1,0
EPAS1,DERA,0
NR3C1,XBP1,0
EZH2,ZRANB2,0
NR2F2,LHX1,0
TEAD4,BBS9,0
MAZ,BBS7,0
MYBL2,POLR2F,0
MYBL2,GLI1,0
HDAC2,SRSF6,0
JUN,ARMC9,0
NR3C1,LMO7,0
CEBPD,FAM13A,0
BRCA1,TAF1B,0
HDAC2,ZNF675,0
ATF3,SMC4,0
EZH2,DNMT1,0
EZH2,BMPR1A,0
SMARCC1,ZNF195,0
RFX5,CSDE1,0
HNF4A,WIPI1,0
ARID2,BUB1B,0
SMARCA4,AHSG,0
SMARCA4,HDAC6,0
IRF3,MEP1A,0
EZH2,AGT,0
SMARCA4,HSD17B2,0
JUN,PSMD10,0
HDAC2,PTMA,0
SMARCC1,NR5A2,0
MAZ,ESYT1,0
EZH2,SCPEP1,0
RUVBL1,NARS2,0
NR3C1,ENO1,0
RFX5,PDLIM7,0
NR2F2,HDGF,0
RFX5,EBNA1BP2,0
IRF3,VRK1,0
MYC,WARS,0
NR3C1,IMP4,0
MYBL2,KDM4C,0
CEBPD,NAA15,0
MCRS1,IQGAP2,0
SRF,GATA4,0
NR3C1,HIST1H2BC,0
MYBL2,ERBB4,0
CEBPZ,UCHL5,0
ATF3,F10,0
ARID2,GMPR2,0
TEAD4,ACAT2,0
EZH2,TCF25,0
EPAS1,TBCB,0
IRF3,PHKA2,0
CEBPZ,NDUFAF5,0
CEBPD,SLC35B4,0
IRF3,USP44,0
RUVBL1,RAB34,0
IRF3,COMMD3,0
RUVBL1,HNRNPUL1,0
SMARCA4,TRIM25,0
NR3C1,ISG15,0
TEAD4,TRIAP1,0
CEBPD,AKR1B1,0
IRF3,ELP2,0
NR2F2,THRB,0
EZH2,ZNF74,0
MYC,TTK,0
JUND,INMT,0
ATF3,RBM39,0
BRCA1,CRAT,0
SRF,FOXA2,0
RFX5,STMN1,0
REST,B4GALT3,0
MYBL2,NCOA1,0
IRF3,ING5,0
BRCA1,DPF2,0
ARID2,NARS2,0
MAZ,TMEM150C,0
MCRS1,CRAT,0
JUN,TCEA1,0
ARID2,STMN1,0
ARID2,RANGRF,0
HDAC2,SSBP3,0
IRF3,DMKN,0
SMARCA4,IL6ST,0
BRCA1,LEAP2,0
EPAS1,TPGS2,0
TEAD4,APOA4,0
JUN,GPATCH4,0
TEAD4,FANCI,0
ATF3,NDUFAF4,0
IRF3,CPSF6,0
HNF4A,XRCC5,0
SRF,E2F7,0
EPAS1,TRIM28,0
SMARCA4,CTSV,0
NR3C1,SMC6,0
EZH2,MATR3,0
CREB1,NFATC2,0
SMARCA4,ILF3,0
RUVBL1,EFTUD2,0
ARID2,TP53,0
ARID2,NIP7,0
CEBPD,AXL,0
CEBPZ,RREB1,0
NR3C1,SMAD2,0
ARID2,ERAL1,0
TEAD4,HOOK2,0
EZH2,ZNF146,0
EZH2,RAB31,0
CEBPZ,HMGB3,0
TEAD4,RNF26,0
IRF3,POU2F1,0
EZH2,ZNF260,0
CREB1,ZNF287,0
MCRS1,STX8,0
EPAS1,TADA1,0
HNF4A,ELP6,0
MYC,IRF1,0
SMARCA4,NEDD4L,0
IRF3,KLHL7,0
MCRS1,MST1,0
EZH2,FANCL,0
SMARCA4,CCDC126,0
NR2F2,MTFP1,0
EPAS1,KLF5,0
NR3C1,NME2,0
EPAS1,MMS22L,0
FOSL2,YAF2,0
ATF3,NEDD4L,0
JUN,DDX39A,0
JUN,HELLS,0
MYC,BRCA1,0
NR3C1,RGN,0
MCRS1,PDLIM7,0
JUN,GGPS1,0
ATF3,KIAA0586,0
TEAD4,TMEM126B,0
EPAS1,MTHFD2,0
IRF3,NEK2,0
MYC,RFXANK,0
ATF3,TRIT1,0
SRF,HDAC2,0
CEBPZ,SORBS2,0
SMARCA4,ENO1,0
NR3C1,FXR1,0
JUN,ALG6,0
ELF1,UFSP2,0
JUN,ARL2,0
BRCA1,ALDH9A1,0
ATF3,RNF138,0
HNF4A,ZNF33A,0
CEBPZ,PIK3R4,0
MYC,CYFIP2,0
SRF,RAB28,0
SMARCA4,ESCO2,0
ATF3,ENO2,0
MAZ,FASTKD2,0
MCRS1,HEXB,0
HNF4A,SLC10A1,0
FOXA1,ITLN2,0
NR2F2,RBBP8,0
EPAS1,ELOF1,0
NR2F2,TMEM147,0
SMARCA4,G6PC3,0
FOXA2,FBL,0
JUND,CA2,0
IRF3,ZFP64,0
SRF,POLR1D,0
BRCA1,UGT2B11,0
IRF3,SEC22C,0
SMARCA4,COPS3,0
TEAD4,TUBE1,0
EPAS1,BMPR1A,0
BRCA1,C6ORF203,0
CEBPZ,CKS2,0
NR2F2,B3GNT7,0
EZH2,NAA50,0
CEBPD,C3ORF14,0
RUVBL1,BLMH,0
MYBL2,SLC2A1,0
JUN,PPT1,0
SRF,KAT7,0
CEBPZ,ACY1,0
SRF,ZNF160,0
ATF3,NR1I3,0
NR3C1,RAD54L,0
ARID2,VPS26A,0
BRCA1,DEDD,0
SMARCA4,MSH2,0
BRCA1,BPTF,0
REST,PHKA2,0
MYBL2,MYO10,0
EPAS1,RIN2,0
RUVBL1,C6ORF203,0
IRF3,DNMT3B,0
HNF4A,SSB,0
RUVBL1,SERPIND1,0
IRF3,CD320,0
ATF3,QPCT,0
EPAS1,GRHL1,0
EPAS1,POLR1B,0
CEBPD,EOMES,0
SMARCA4,DRAP1,0
SRF,C9ORF78,0
BRCA1,GTF3C5,0
MAFF,HSD17B14,0
MCRS1,HMGA1,0
EZH2,MUSTN1,0
HNF4A,ARSE,0
BRCA1,GNRH2,0
NR3C1,LTV1,0
ARID2,POLR1C,0
ATF3,CTSE,0
FOSL2,CASP8AP2,0
HNF4A,TARBP2,0
IRF3,PFN2,0
CEBPZ,DR1,0
IRF3,ITIH4,0
RUVBL1,APOA4,0
IRF3,AFP,0
EZH2,NAA25,0
EZH2,KATNA1,0
MYC,SFRP1,0
EPAS1,MYBL2,0
MYBL2,SLC7A8,0
SMARCA4,CYP3A5,0
SRF,ALG6,0
EPAS1,DDX20,0
FOSL2,PHKA2,0
JUN,YAF2,0
SRF,MTHFD2,0
SRF,HSD17B14,0
MAFF,GPN1,0
SMARCA4,TCFL5,0
JUN,FGFR1,0
MCRS1,XPO5,0
TEAD4,ATF3,0
CEBPD,ZNF287,0
HDAC2,HMGCR,0
MAFF,PIGH,0
CEBPD,RAB34,0
ATF3,FXR1,0
FOXA2,PDLIM7,0
JUN,ZWILCH,0
ARID2,MTF2,0
ARID2,VPS33A,0
RUVBL1,CENPH,0
MAFF,KNG1,0
MAFF,EXOSC1,0
MYC,TAF7,0
MYC,ISG15,0
MYBL2,CAT,0
EPAS1,CMC2,0
CEBPZ,CFAP36,0
ARID2,ELF1,0
HNF4A,ZNF260,0
EZH2,GMEB1,0
JUN,LGALS1,0
NR3C1,MORN2,0
SMARCA4,TAF11,0
NR3C1,HSDL2,0
SRF,PBX1,0
SMARCA4,IFITM2,0
CEBPZ,TMEM37,0
RUVBL1,MRPL1,0
BRCA1,ARHGAP26,0
ATF3,APPL2,0
MYC,ALDH9A1,0
MYBL2,SEC11C,0
NR3C1,ZNF253,0
EPAS1,ZNF766,0
IRF3,ARL15,0
FOSL2,HMGN5,0
NR2F2,HIPK2,0
TEAD4,NPM1,0
ATF3,ANP32E,0
REST,PLTP,0
NR3C1,PEMT,0
JUN,ZNF232,0
TEAD4,PAX6,0
SRF,AFF4,0
MAFF,SH3BGRL,0
JUN,RBP2,0
NR2F2,IQGAP2,0
RUVBL1,AGO2,0
EPAS1,TAF7,0
SRF,CCDC169,0
CEBPZ,NTMT1,0
SMARCC1,CTSC,0
MAZ,ZNF227,0
CEBPD,PSMD10,0
NR2F2,USP44,0
TEAD4,APOC3,0
IRF3,HMCES,0
ARID2,TKT,0
NR3C1,HMGB3,0
SMARCA4,KATNA1,0
NR3C1,WDR5,0
NR2F2,YWHAH,0
RUVBL1,PDLIM7,0
NR3C1,CCDC82,0
SMARCA4,S100A13,0
MCRS1,F3,0
TEAD4,PIAS2,0
JUN,DDHD1,0
CEBPZ,FTSJ1,0
FOXA2,TIMELESS,0
JUN,PTPRZ1,0
MAZ,MT1G,0
IRF3,FOSL1,0
FOXA1,GALK1,0
MAFF,HDGF,0
SMARCA4,TM4SF5,0
BRCA1,CFAP36,0
CEBPD,SP4,0
SRF,CREB1,0
ATF3,E2F3,0
ARID2,HIF1AN,0
TEAD4,UTRN,0
MCRS1,ING1,0
MCRS1,ZNF91,0
MCRS1,DLGAP5,0
NR3C1,C12ORF45,0
EZH2,NR3C1,0
ARID2,TIMMDC1,0
SMARCC1,SCD5,0
TEAD4,POLR2F,0
CEBPD,LIN28A,0
EPAS1,PSPH,0
EZH2,C12ORF45,0
BRCA1,PON2,0
CEBPD,CAPRIN1,0
SMARCA4,PAFAH1B3,0
REST,TIMM21,0
ELF1,AKR1D1,0
SMARCA4,SLC25A17,0
ELF1,SRSF6,0
MYC,VPS26A,0
CEBPZ,DDIT3,0
EPAS1,RNF26,0
IRF3,CEBPD,0
TEAD4,RABGGTB,0
SRF,ZFP42,0
MYBL2,UBE2L6,0
NR3C1,GSTA1,0
SMARCA4,BCOR,0
FOSL2,KDM4C,0
EZH2,EIF3J,0
IRF3,MAFF,0
REST,ALDH9A1,0
ATF3,DDX55,0
TEAD4,B3GNT7,0
CEBPD,MCM7,0
SMARCA4,ID3,0
JUN,ANP32E,0
JUND,NODAL,0
MAFF,FOXA2,0
EPAS1,MRPL10,0
NR3C1,NIP7,0
CEBPD,ZDHHC13,0
MAFF,TCF25,0
HDAC2,CTPS1,0
FOXA1,LAMC1,0
EZH2,CXXC1,0
IRF3,OGFOD1,0
TEAD4,OAZ2,0
IRF3,DPF2,0
CEBPZ,FMO5,0
MYC,KLHDC2,0
ARID2,NEK2,0
IRF3,PRAP1,0
CEBPZ,CDK5RAP2,0
RUVBL1,PTPRM,0
TEAD4,IFRD2,0
FOXA2,SPP1,0
EZH2,METTL5,0
EPAS1,PON2,0
IRF3,KIF23,0
ARID2,ECT2,0
EZH2,TMEM41A,0
FOXA1,TRIM59,0
RFX5,GLIPR2,0
REST,TAF9B,0
MCRS1,EHMT2,0
SMARCC1,FGB,0
CEBPD,PTPRM,0
TEAD4,TRIM59,0
RUVBL1,POLR2K,0
MYC,PDGFRA,0
TEAD4,PRAP1,0
BRCA1,POLD3,0
NR2F2,RBP2,0
NR3C1,KEAP1,0
ARID2,SMARCC1,0
REST,C9ORF72,0
CREB1,TCEA1,0
JUN,APEH,0
SMARCA4,KIZ,0
CEBPZ,PNPT1,0
EZH2,SEC14L2,0
FOXA1,GOT1,0
RUVBL1,FGG,0
BRCA1,GGCT,0
NR3C1,SPDL1,0
IRF3,ZNF160,0
JUN,SCD5,0
ATF3,RFC4,0
MCRS1,FOXP1,0
JUND,SNRNP25,0
BRCA1,UCKL1,0
ARID2,AGO2,0
FOXA1,BSCL2,0
SRF,FAM151A,0
HNF4A,ISG15,0
IRF3,MRPS2,0
MCRS1,GSTA1,0
ELF1,SYTL2,0
EPAS1,CDK1,0
IRF3,NEIL2,0
FOSL2,CYFIP2,0
BRCA1,ZNF766,0
EPAS1,NUP54,0
NR3C1,SEC14L2,0
BRCA1,SRSF3,0
RFX5,ACADSB,0
TEAD4,TBCB,0
RUVBL1,NUP107,0
TEAD4,PHC1,0
ATF3,ARL6IP6,0
HDAC2,UROD,0
FOXA1,DNAJB9,0
NR3C1,BCKDK,0
MAFF,SLC25A20,0
CEBPZ,RIOK1,0
IRF3,S100PBP,0
SRF,RNF19A,0
BRCA1,NR1I3,0
SMARCA4,SUB1,0
MAFF,RARG,0
TEAD4,RARG,0
TEAD4,GLIS3,0
IRF3,F2,0
EZH2,CDK2AP1,0
MAFF,KIAA0586,0
REST,DDB2,0
MAFF,PSMD10,0
BRCA1,SMAD5,0
TEAD4,DGAT1,0
CEBPD,ILF3,0
EPAS1,CCDC126,0
CEBPZ,EOMES,0
SMARCC1,SSBP3,0
HDAC2,PEG3,0
JUN,CTBP1,0
EZH2,TMEM14A,0
RFX5,SMAD2,0
REST,TBC1D1,0
MAZ,HCFC1,0
NR2F2,AXL,0
EPAS1,CCDC77,0
TEAD4,DDX5,0
JUN,ZNF260,0
REST,UBE2L6,0
ATF3,POLR2F,0
BRCA1,DEF8,0
BRCA1,EXOSC5,0
FOXA2,SRM,0
CEBPZ,ELOVL5,0
JUN,GEMIN7,0
EPAS1,POLR1D,0
BRCA1,ARID2,0
NR3C1,MAF,0
CEBPD,SLC7A8,0
SRF,TMEM37,0
BRCA1,DPYSL2,0
MAFF,TBC1D31,0
SMARCA4,TMEM126B,0
MAFF,SRSF1,0
TEAD4,HNRNPH2,0
TEAD4,HINFP,0
SRF,MAP1B,0
ATF3,IMMP1L,0
EZH2,UTRN,0
RUVBL1,UGT2B11,0
MYBL2,TCF19,0
ARID2,S100A13,0
MYC,RAB25,0
NR3C1,TMEM60,0
EPAS1,NPM1,0
SMARCC1,ZNF354A,0
ATF3,TATDN3,0
IRF3,ATG4C,0
CEBPZ,HNF1B,0
TEAD4,TOP2B,0
MAFF,PFN2,0
RFX5,C3ORF14,0
SMARCA4,ALG6,0
SMARCA4,ARID3B,0
CEBPD,OCIAD2,0
FOXA1,SCD5,0
NR3C1,PA2G4,0
TEAD4,SIAE,0
MAFF,FLAD1,0
SRF,SMC4,0
REST,PDPN,0
FOXA1,SPP1,0
MAZ,TBL1X,0
ATF3,PTTG1,0
IRF3,POLR3E,0
MCRS1,WFDC2,0
BRCA1,UTRN,0
SMARCA4,M6PR,0
NR3C1,APOA4,0
MYC,GATM,0
ARID2,SCAPER,0
REST,RUVBL2,0
REST,TCEA1,0
EZH2,AATF,0
CEBPZ,SIRT1,0
ARID2,CSDE1,0
FOSL2,HMMR,0
CEBPD,SMC4,0
BRCA1,MRPS27,0
HDAC2,ZNF644,0
JUND,SAE1,0
ARID2,AGT,0
SRF,MTFP1,0
RFX5,NR2F6,0
EZH2,SSB,0
RFX5,ACY1,0
CEBPD,IFT22,0
ARID2,PDGFA,0
ARID2,TAF1A,0
EZH2,MMS19,0
CEBPZ,PHF11,0
IRF3,G6PC3,0
BRCA1,HMGN1,0
BRCA1,RFX6,0
RUVBL1,PNPT1,0
CEBPD,HJURP,0
MCRS1,SLC25A4,0
BRCA1,C17ORF75,0
MYC,RNF4,0
CEBPZ,TM7SF3,0
BRCA1,USP3,0
CEBPZ,CYB5B,0
FOXA1,TOP2A,0
CEBPD,ZNF239,0
EZH2,SLC25A4,0
JUN,WDR75,0
CEBPZ,HAVCR1,0
MCRS1,DNA2,0
IRF3,THAP1,0
FOXA2,LGALS3,0
BRCA1,SFRP1,0
ATF3,CMSS1,0
SRF,P4HA2,0
BRCA1,TWISTNB,0
MAZ,USP44,0
EPAS1,EXOSC3,0
SMARCA4,PPP2R1B,0
FOXA1,SSBP3,0
HNF4A,FAM114A1,0
EZH2,E2F3,0
BRCA1,VCAN,0
SMARCA4,DKC1,0
HNF4A,MED14,0
RFX5,DDX20,0
SMARCC1,CTSV,0
FOXA2,DDHD1,0
RUVBL1,TIMMDC1,0
MYC,ZNF74,0
HNF4A,HAT1,0
JUN,HMGN2,0
SMARCA4,AURKB,0
REST,MAP1B,0
CEBPZ,HDAC2,0
MAZ,CYP3A5,0
EPAS1,PARPBP,0
ATF3,FARSA,0
ATF3,ELOF1,0
TEAD4,MRTO4,0
NR3C1,SLC25A20,0
EPAS1,ATP1B3,0
RUVBL1,ORC6,0
SMARCA4,CAT,0
NR3C1,UFSP2,0
NR3C1,GPN3,0
JUN,ORC2,0
EZH2,XRCC6,0
MYBL2,INMT,0
MAZ,SAE1,0
BRCA1,CMC1,0
IRF3,KIF22,0
NR2F2,ARID2,0
NR2F2,CDX2,0
EZH2,METTL18,0
SRF,TMEM60,0
RUVBL1,CAAP1,0
JUN,UTP15,0
MAFF,BST2,0
EZH2,RABEPK,0
SRF,DAB2,0
IRF3,FBL,0
ARID2,GTF2H2,0
HNF4A,DYNLT3,0
EZH2,DPPA4,0
SMARCA4,UROD,0
NR3C1,DBF4,0
TEAD4,EPAS1,0
BRCA1,LRRC40,0
ARID2,HPX,0
MYC,TCF4,0
SRF,RAD51,0
RUVBL1,APOC3,0
RFX5,NFATC2,0
SMARCA4,MTUS1,0
SMARCA4,ZSCAN21,0
RFX5,DPF2,0
ATF3,DDX20,0
FOSL2,ATP11C,0
SMARCA4,PSEN1,0
ATF3,CFAP20,0
ATF3,ETV1,0
RUVBL1,TRNT1,0
NR3C1,FLRT3,0
JUN,PDCD2L,0
ATF3,BSCL2,0
JUN,KLHDC2,0
MYC,PTPRZ1,0
ELF1,ATP11C,0
MAFF,CPSF6,0
MYBL2,ALPL,0
TEAD4,PDCD11,0
EPAS1,POLD2,0
MAZ,ELL2,0
ARID2,ZFP64,0
NR3C1,DLGAP5,0
ARID2,FANCA,0
SMARCA4,CCS,0
NR3C1,C1GALT1,0
MAFF,ASNS,0
BRCA1,OPA1,0
HDAC2,TNNI3,0
MAZ,GLIPR2,0
EZH2,ZNF354A,0
HDAC2,FANCB,0
HDAC2,CREB3L2,0
JUN,MYC,0
MYC,NUSAP1,0
BRCA1,RIOK1,0
ATF3,SIAE,0
FOXA1,COPS3,0
MYC,BRIP1,0
ATF3,KNTC1,0
RUVBL1,DDX54,0
FOXA2,TFDP1,0
RUVBL1,TYMS,0
ARID2,CYFIP2,0
JUN,BPHL,0
FOXA1,FAM151A,0
ARID2,GLUD1,0
EZH2,HPN,0
HNF4A,HDGF,0
RFX5,CCDC126,0
MYBL2,ASL,0
MYC,SCAPER,0
EPAS1,POLR2D,0
RFX5,USP44,0
NR3C1,HJURP,0
FOXA1,RAB34,0
HDAC2,NR2F6,0
MAFF,HAUS2,0
BRCA1,SLC7A8,0
IRF3,AASS,0
EZH2,LTV1,0
RFX5,MYOF,0
SMARCA4,HNRNPK,0
HDAC2,KDELR3,0
NR2F2,SPAG9,0
SMARCC1,RIOK3,0
TEAD4,HDHD3,0
REST,GEMIN8,0
HDAC2,P4HA2,0
CEBPZ,HAUS1,0
EZH2,FANCI,0
MYC,ID2,0
TEAD4,SLC10A1,0
IRF3,MED14,0
ARID2,KPNA2,0
MCRS1,RFX6,0
IRF3,TARBP2,0
RUVBL1,SMAD5,0
JUN,APEX1,0
FOSL2,PCGF6,0
FOXA1,SRSF1,0
CEBPZ,NBAS,0
MCRS1,TP53INP2,0
BRCA1,TRIM27,0
HDAC2,HSD17B14,0
MYC,HMGN5,0
ATF3,ZNF670,0
NR3C1,BCAS2,0
BRCA1,PNPT1,0
NR2F2,DPPA4,0
CEBPZ,PTGR1,0
NR3C1,PPP2R1B,0
SRF,ZNF766,0
RFX5,FANCB,0
MAFF,ZNF239,0
ATF3,JAG1,0
SMARCA4,IMMP1L,0
FOSL2,CFAP97,0
MYBL2,ID3,0
MAFF,ARMC9,0
JUN,RAB31,0
RUVBL1,ACTN1,0
ARID2,NR2F6,0
HDAC2,SP4,0
EZH2,LHX1,0
NR3C1,SRSF6,0
FOXA2,PPP1R16A,0
MYBL2,TCF7L1,0
ARID2,SMOX,0
SMARCC1,LGALS2,0
FOXA2,TOPORS,0
TEAD4,CSRP2,0
NR3C1,NFATC2,0
IRF3,DEPDC7,0
SMARCA4,GMEB1,0
MYC,PPP2R1B,0
ATF3,ZMYM1,0
EPAS1,HSD17B14,0
RUVBL1,ZFYVE21,0
ARID2,TTLL4,0
ATF3,ZNF33A,0
IRF3,CDC20,0
RFX5,SMIM20,0
HNF4A,SMARCA4,0
BRCA1,HDHD3,0
FOSL2,BLVRA,0
SMARCA4,GTF2I,0
BRCA1,MAD2L1,0
IRF3,GALK1,0
TEAD4,VPS72,0
TEAD4,SERPINB1,0
EZH2,WARS,0
EPAS1,HELLS,0
SRF,CENPH,0
MYC,DRAP1,0
JUN,TAF1B,0
FOXA2,POP5,0
RFX5,POLR2G,0
ATF3,EEF1A1,0
EZH2,MT1E,0
MAZ,PLA2G12B,0
CEBPZ,SMC2,0
JUND,SMARCE1,0
JUN,TFDP2,0
RFX5,TRIT1,0
BRCA1,JAG1,0
ELF1,F10,0
IRF3,PTMA,0
JUN,HMGA1,0
BRCA1,TFE3,0
CEBPZ,RAB25,0
EPAS1,PRKCE,0
SMARCA4,DPP4,0
MCRS1,DROSHA,0
BRCA1,BCKDK,0
MAFF,SFRP1,0
SRF,BPTF,0
RUVBL1,NHEJ1,0
RUVBL1,MCM2,0
HNF4A,HNRNPH2,0
HDAC2,HIST1H2BC,0
MYC,CMC2,0
FOXA1,NT5DC2,0
NR3C1,TM4SF5,0
ATF3,MAD2L1,0
CREB1,PTGR1,0
SMARCA4,MECR,0
CEBPZ,ESYT1,0
SMARCA4,NAA50,0
NR3C1,SF3B3,0
JUN,SLC25A4,0
EZH2,R3HDM1,0
SMARCA4,C17ORF75,0
EZH2,TNNI3,0
ATF3,CDK2AP1,0
RUVBL1,PWP1,0
REST,PHGDH,0
ATF3,NVL,0
IRF3,TMEM126B,0
BRCA1,PSAT1,0
ATF3,POLD2,0
CEBPZ,ACOX2,0
JUN,ITLN2,0
MCRS1,GSTA2,0
SMARCC1,USP11,0
SMARCA4,APOC2,0
TEAD4,SALL2,0
FOXA1,WDHD1,0
NR3C1,SIAE,0
SMARCA4,C12ORF45,0
NR3C1,TIPIN,0
ARID2,PEMT,0
SMARCA4,POP5,0
EZH2,GCHFR,0
ATF3,SLC7A8,0
HNF4A,GTF2E1,0
NR3C1,MLH1,0
ATF3,PBX1,0
JUN,SCAPER,0
FOSL2,CCNB1,0
RFX5,FMO5,0
JUN,THAP4,0
MCRS1,NDUFAF4,0
NR3C1,MMS22L,0
HNF4A,NEDD4L,0
NR2F2,EHMT2,0
BRCA1,MED14,0
SRF,ZNF670,0
HNF4A,KLHDC2,0
MCRS1,HIST1H1B,0
FOXA1,GLIS3,0
FOXA1,SLC44A2,0
REST,CNTRL,0
MYBL2,GPRC5C,0
CEBPD,SERPINB1,0
ARID2,GATM,0
BRCA1,SNRPD1,0
ELF1,GTF3C4,0
JUND,IFT22,0
MCRS1,TSR1,0
EZH2,NAA16,0
MYBL2,BBS9,0
MYC,BTG1,0
NR3C1,C1ORF109,0
MCRS1,ZNHIT3,0
NR2F2,GLIPR2,0
EPAS1,HAT1,0
EPAS1,COPS2,0
HDAC2,TMEM150C,0
EZH2,UNC93A,0
SMARCA4,LAMC1,0
TEAD4,ZNF354A,0
HDAC2,ITGB3BP,0
REST,IPO5,0
NR2F2,F2RL1,0
NR2F2,SRM,0
JUN,C3,0
NR2F2,POLR2F,0
JUN,SUV39H2,0
MYBL2,LIFR,0
SMARCA4,ZNF354A,0
MAZ,NPRL2,0
EPAS1,UNC93A,0
ARID2,HDHD3,0
NR2F2,MYBL2,0
JUN,THAP1,0
IRF3,ZNF239,0
EZH2,SUPT16H,0
MAZ,GLI1,0
FOXA1,POU2F1,0
HNF4A,KDELR3,0
NR3C1,S100A16,0
ARID2,TBL1X,0
SMARCA4,PYGL,0
SMARCA4,ZNF107,0
CEBPZ,AXL,0
MAZ,SALL4,0
MAFF,RBBP8,0
IRF3,HCFC1,0
NR3C1,HSD17B7,0
REST,DDX20,0
NR3C1,RHOBTB3,0
SMARCC1,RNASE4,0
EZH2,NUP107,0
HNF4A,AKR1D1,0
MAFF,LAPTM4B,0
SMARCA4,JARID2,0
EZH2,EYA3,0
SRF,LSM10,0
CREB1,FXYD5,0
SMARCA4,MLF1,0
HDAC2,OAZ2,0
MYC,ETS1,0
MCRS1,PTP4A1,0
JUN,FOXA2,0
EZH2,BTF3,0
EPAS1,KIF22,0
HNF4A,NIFK,0
MYBL2,CBR1,0
MAZ,UGT2B11,0
ARID2,FBXO6,0
NR3C1,AMBP,0
FOSL2,RAD51AP1,0
RUVBL1,KDELR3,0
NR3C1,TMEM69,0
HNF4A,DHPS,0
REST,RAD51AP1,0
MCRS1,CBR1,0
CREB1,ALDH1A1,0
CEBPD,BCL11B,0
RUVBL1,PPFIBP2,0
ARID2,EFNA1,0
SMARCA4,PRAP1,0
HNF4A,ZFYVE21,0
HNF4A,MYC,0
EZH2,TMEM216,0
MYBL2,PYCR1,0
FOXA1,YWHAH,0
MAFF,SLC5A6,0
IRF3,ANXA3,0
MAFF,PPP1R7,0
ATF3,SSBP2,0
FOSL2,RFX5,0
TEAD4,MPHOSPH9,0
EZH2,MCRS1,0
FOXA2,ZFYVE21,0
NR2F2,SAT1,0
REST,WDR5,0
FOSL2,CDH2,0
MAZ,TRMT1,0
JUN,LDB2,0
NR3C1,THRAP3,0
HDAC2,TADA3,0
TEAD4,IFT52,0
MAFF,MYBL2,0
IRF3,LHX1,0
ELF1,ETV5,0
RUVBL1,KNG1,0
MYC,SKA3,0
EZH2,ACADSB,0
MYBL2,TFE3,0
JUN,JARID2,0
NR3C1,RFX5,0
EZH2,DDIT3,0
MYC,CA2,0
BRCA1,CDCA7L,0
FOXA1,BRMS1,0
JUN,METTL18,0
ARID2,ZFP36,0
TEAD4,AMBP,0
MYC,MYO10,0
MAFF,BTG2,0
BRCA1,CUEDC2,0
ARID2,BLMH,0
RUVBL1,WDR74,0
NR3C1,TATDN3,0
JUN,COPS3,0
ARID2,PRIM2,0
MAFF,LIFR,0
REST,BST2,0
JUN,TTR,0
BRCA1,MED20,0
ARID2,GPATCH4,0
RUVBL1,HNRNPH2,0
TEAD4,ARID3B,0
SRF,ZSWIM8,0
NR3C1,GATM,0
REST,MT1E,0
TEAD4,MAEA,0
ATF3,UBE2L6,0
HNF4A,FANCB,0
FOXA1,WDR5,0
CEBPZ,SFRP1,0
FOXA1,STARD3NL,0
JUN,TIMELESS,0
MCRS1,SIRT1,0
RFX5,PEMT,0
FOSL2,TEAD2,0
EPAS1,GATM,0
MCRS1,ZNF160,0
RFX5,MTAP,0
BRCA1,TMEM60,0
MYBL2,BIN1,0
NR3C1,GABPB1,0
IRF3,MAPK1,0
NR3C1,CCDC138,0
ARID2,TTR,0
SRF,FXR1,0
SRF,ETS1,0
CEBPZ,COQ3,0
RUVBL1,C9ORF72,0
FOSL2,SRM,0
SMARCC1,PDPN,0
BRCA1,MIS18BP1,0
EZH2,ZWINT,0
MAFF,HIF1AN,0
MYBL2,CTSE,0
MCRS1,MAD2L1,0
MCRS1,KIF20A,0
TEAD4,RBMX,0
NR2F2,UBE2E3,0
MCRS1,HIST1H2BC,0
RUVBL1,FUBP1,0
SMARCA4,BIRC5,0
FOXA2,FLAD1,0
ATF3,MRPL1,0
FOXA1,DPF2,0
TEAD4,MMS22L,0
RUVBL1,HSD17B10,0
CEBPD,ARSE,0
SMARCA4,CDC6,0
EZH2,FANCD2,0
IRF3,AATF,0
SMARCA4,TUBA1B,0
CEBPD,YEATS4,0
SRF,GTF2F2,0
CEBPD,SRSF6,0
JUN,CDK2AP1,0
EPAS1,SEC14L2,0
MCRS1,TIPIN,0
MAFF,CNOT10,0
TEAD4,ZNF589,0
HDAC2,ID3,0
SMARCA4,GTF2H3,0
ARID2,WDR43,0
IRF3,TCF25,0
MAFF,HMGB3,0
HNF4A,TADA3,0
SRF,ARL6IP6,0
ATF3,MAF,0
MCRS1,C11ORF1,0
JUND,CDC20,0
EZH2,LEFTY1,0
BRCA1,UBL7,0
CEBPD,SORBS2,0
FOXA2,HIST1H1B,0
REST,LIFR,0
EPAS1,ATG4C,0
MAFF,MRPS9,0
SRF,PAFAH1B3,0
ARID2,VPS72,0
RUVBL1,DYNLT3,0
HNF4A,UBE2T,0
BRCA1,PCGF6,0
IRF3,TBPL1,0
NR3C1,CREB3L3,0
MCRS1,POLE2,0
IRF3,GXYLT2,0
SMARCA4,HSD17B14,0
HNF4A,CTSC,0
ARID2,HIF3A,0
SMARCA4,APEH,0
NR3C1,DTWD1,0
RFX5,USP11,0
SMARCA4,MRPL49,0
FOXA1,PHF11,0
CEBPZ,ARL2,0
ATF3,CHCHD6,0
MAZ,P4HA2,0
ATF3,ETS1,0
HNF4A,UROD,0
MAFF,LAMA1,0
CEBPD,MCM4,0
MAFF,SEC22C,0
NR3C1,SRSF10,0
MAFF,SRRM1,0
RFX5,DMKN,0
CEBPZ,PPP1R7,0
JUN,RFX6,0
NR3C1,DERA,0
RUVBL1,PPA2,0
REST,NR3C1,0
FOSL2,UFSP2,0
BRCA1,THAP4,0
BRCA1,KLF5,0
CREB1,PDGFA,0
IRF3,DNPEP,0
EPAS1,THRB,0
TEAD4,ECT2,0
BRCA1,HPR,0
RUVBL1,NUP88,0
EPAS1,CRAT,0
SMARCA4,MYO10,0
SMARCC1,ODF2L,0
CEBPZ,ZFP64,0
NR3C1,TAF1B,0
CEBPZ,MRTO4,0
ELF1,NREP,0
RFX5,MAT2B,0
MYBL2,MECR,0
SRF,PHKA2,0
ARID2,ZRANB2,0
SRF,GPRC5C,0
ATF3,IVNS1ABP,0
BRCA1,VRK1,0
ARID2,NEDD1,0
CEBPD,RFX5,0
JUN,CNOT10,0
BRCA1,TAF11,0
FOXA2,MRPS27,0
CEBPD,RAB31,0
ATF3,SOX4,0
ARID2,RAD51,0
NR2F2,CRABP2,0
SMARCA4,SLC25A26,0
MAZ,ASL,0
BRCA1,SERPIND1,0
EPAS1,SLC39A5,0
EZH2,ACAT2,0
SRF,HIF1AN,0
CEBPZ,SAMHD1,0
NR2F2,SS18,0
HNF4A,RFXANK,0
EZH2,KLF6,0
CEBPD,ANXA3,0
RUVBL1,AGT,0
BRCA1,PLTP,0
IRF3,BLVRA,0
SMARCA4,ZSWIM8,0
CEBPZ,HNRNPK,0
SMARCC1,LAMA1,0
FOXA1,LAMA1,0
CEBPD,IPO5,0
HDAC2,BCL11B,0
ATF3,EIF5B,0
MCRS1,SOX4,0
MYC,PLRG1,0
MYC,EMP2,0
ARID2,SLC7A7,0
HNF4A,NARS2,0
FOXA1,CEBPD,0
MAZ,MEP1A,0
SRF,IRF1,0
SRF,POLR2L,0
RUVBL1,TGIF2,0
HNF4A,COPS3,0
SRF,TIPIN,0
CEBPZ,CTSC,0
MAFF,UCHL1,0
EPAS1,MXD1,0
FOXA2,HSPA14,0
REST,CTDSPL,0
MAFF,SMOX,0
MAFF,DNASE1,0
ELF1,NFKBIZ,0
CEBPZ,PLAC8,0
FOXA1,SUV39H2,0
MAZ,NR5A2,0
FOSL2,RAD54B,0
CEBPD,MID1,0
MYC,PRAP1,0
RUVBL1,LSM10,0
NR3C1,ZNF160,0
EZH2,RABGGTB,0
JUN,PSMB10,0
BRCA1,MRPS12,0
FOXA2,RAB34,0
RUVBL1,RIN2,0
SRF,HAUS1,0
ARID2,PDLIM7,0
REST,PMM1,0
MCRS1,LEAP2,0
TEAD4,ZNF567,0
EPAS1,HMGN4,0
TEAD4,NFYB,0
EPAS1,C19ORF48,0
NR2F2,PTPRZ1,0
MCRS1,RABEPK,0
BRCA1,METAP1,0
MAZ,FLRT3,0
RUVBL1,BRCA2,0
SMARCA4,IFNGR1,0
CEBPZ,NCAPG,0
IRF3,MED30,0
JUND,GLIPR2,0
FOXA2,NTHL1,0
JUND,GXYLT2,0
CREB1,HMGCS2,0
JUN,GTF3C4,0
JUN,POLD2,0
HNF4A,POLR3G,0
ATF3,FABP1,0
SRF,TUBA1B,0
EPAS1,CTSV,0
ELF1,ASNS,0
CEBPZ,MSH2,0
REST,SLC25A37,0
MCRS1,NTPCR,0
IRF3,KIF20B,0
FOXA1,SFRP1,0
FOXA2,ACTN1,0
MYC,THRB,0
JUN,MCM2,0
IRF3,PPA2,0
BRCA1,ACTL6A,0
MAFF,TAF9B,0
SMARCA4,THOC1,0
ATF3,MAZ,0
SMARCA4,HMGN5,0
MAFF,DPYSL2,0
FOSL2,HMGA2,0
MCRS1,PPP1R7,0
EPAS1,STEAP1,0
TEAD4,POLR2I,0
EPAS1,BUB1,0
MAFF,ADSL,0
HNF4A,SOX4,0
IRF3,RIOK3,0
NR3C1,MAT2B,0
ATF3,DNMT3A,0
NR3C1,SERPINF1,0
SMARCA4,ZNF397,0
EZH2,MRPL2,0
MCRS1,NME2,0
SRF,REST,0
IRF3,TRIP13,0
JUN,NUDCD1,0
RUVBL1,TIMM9,0
NR3C1,CTSV,0
JUN,IDI1,0
MYC,GDAP1,0
IRF3,USP7,0
JUN,FARSA,0
ARID2,ZNHIT3,0
EZH2,RNASEH2B,0
ATF3,PAFAH1B3,0
MCRS1,S100A6,0
TEAD4,MIS18A,0
SMARCA4,FUBP1,0
FOXA1,ALDH1A1,0
SMARCA4,TTK,0
CREB1,SCD5,0
FOXA1,OCIAD2,0
SMARCC1,TKT,0
SMARCA4,TADA1,0
IRF3,AAAS,0
RUVBL1,TRIP13,0
MAZ,ZDHHC13,0
NR3C1,SRSF1,0
TEAD4,PDGFA,0
REST,RNASEH2A,0
ATF3,C6ORF203,0
FOXA1,CNOT7,0
HNF4A,CACYBP,0
TEAD4,RNF138,0
ARID2,ABCA5,0
RUVBL1,U2AF1,0
BRCA1,XRCC6,0
EZH2,AGTRAP,0
TEAD4,ORC6,0
ARID2,TM7SF3,0
CEBPZ,HMGCR,0
ARID2,C17ORF75,0
MAZ,CTPS1,0
CEBPD,TCEA1,0
REST,HSD17B14,0
FOXA1,COMMD10,0
FOXA1,TMEM60,0
MAFF,PPP2R1B,0
HDAC2,EOMES,0
CEBPZ,C9ORF78,0
EZH2,HDAC2,0
MYBL2,ANXA3,0
TEAD4,ABT1,0
SMARCA4,TCF19,0
MAFF,TPGS2,0
MAFF,SAAL1,0
SMARCA4,METTL21A,0
NR3C1,ARID2,0
EZH2,EGR1,0
BRCA1,M6PR,0
SRF,METTL8,0
MAFF,HSPA14,0
ATF3,FANCA,0
JUN,DROSHA,0
REST,TSN,0
IRF3,ZNF770,0
CEBPD,ZHX1,0
ARID2,CRABP2,0
CEBPZ,MLST8,0
MCRS1,PRC1,0
EPAS1,PYGL,0
HNF4A,APOC1,0
MAFF,UCP2,0
HDAC2,AAAS,0
BRCA1,SSRP1,0
IRF3,SMAD3,0
ELF1,MTHFD2,0
RUVBL1,ADSL,0
SMARCA4,CACYBP,0
RFX5,TFE3,0
EZH2,BRCA1,0
IRF3,TARDBP,0
TEAD4,MRPL16,0
EPAS1,RNASEH2B,0
JUND,HMGN5,0
BRCA1,ANKRD1,0
BRCA1,SLC25A37,0
NR3C1,C11ORF54,0
SMARCA4,METAP1,0
MCRS1,MAT2B,0
SMARCA4,E2F7,0
NR3C1,ARID3B,0
TEAD4,ATP11C,0
JUN,PDPN,0
MYC,HNF1B,0
FOSL2,FGB,0
RUVBL1,CDK4,0
MAZ,TBC1D31,0
SRF,BTF3,0
SRF,GALK1,0
IRF3,ACADSB,0
JUN,SLC35B4,0
MYBL2,CTBP1,0
RUVBL1,MCM4,0
RUVBL1,ASGR1,0
TEAD4,PSPH,0
REST,UFSP2,0
MCRS1,CYB5B,0
FOXA1,IMMP1L,0
HNF4A,CENPW,0
ARID2,RUVBL2,0
ARID2,MRPL1,0
JUND,HDAC6,0
BRCA1,PRKCI,0
ARID2,UCKL1,0
EPAS1,EHMT2,0
CEBPZ,EXOSC1,0
ARID2,ACADSB,0
SRF,HIST1H1B,0
HDAC2,SEC61A2,0
MAFF,CKS1B,0
ARID2,C19ORF48,0
SRF,FAM13A,0
BRCA1,EHMT1,0
EZH2,ZNF227,0
NR3C1,NAA15,0
MAZ,ID3,0
ARID2,TOP2A,0
RUVBL1,RAD51,0
EPAS1,HDAC6,0
SRF,SPAG9,0
ARID2,SMARCD2,0
ATF3,ZNF770,0
EZH2,ZFP62,0
NR3C1,PHC1,0
BRCA1,ANPEP,0
JUN,AHR,0
REST,DROSHA,0
NR3C1,NOL11,0
SMARCA4,CNTRL,0
EPAS1,ANP32E,0
TEAD4,RFC1,0
HNF4A,ACAD11,0
FOSL2,GNRH2,0
BRCA1,DECR1,0
SRF,TTR,0
REST,C11ORF74,0
EZH2,TSR1,0
MCRS1,HSD17B14,0
BRCA1,POLR2G,0
SMARCA4,NOL11,0
ARID2,MED4,0
MAZ,SLC7A8,0
BRCA1,HAVCR1,0
HNF4A,DPYSL2,0
MYBL2,GRHL1,0
JUN,NOL11,0
MCRS1,INMT,0
MCRS1,TFDP2,0
JUN,MLST8,0
RUVBL1,EFNA1,0
RFX5,WDR5,0
FOSL2,EHMT2,0
HNF4A,PIAS2,0
IRF3,ZNF33A,0
NR3C1,POLR1B,0
CEBPD,SNRPD1,0
JUND,SMAD3,0
NR2F2,PSMB10,0
ARID2,PTTG1,0
IRF3,PPT1,0
BRCA1,NAA15,0
NR2F2,TKT,0
RUVBL1,BMPR1A,0
SMARCC1,DNAH14,0
SRF,DEPDC7,0
NR3C1,ZNF195,0
HNF4A,EPSTI1,0
ARID2,CMC2,0
MCRS1,HSD17B11,0
EZH2,TBRG4,0
EZH2,DCLRE1C,0
MYBL2,ECSIT,0
MCRS1,POLD2,0
MYC,MYO9A,0
NR2F2,GLI1,0
EZH2,CCDC138,0
FOSL2,POU5F1,0
HDAC2,NRIP1,0
CREB1,RFX6,0
CEBPZ,BRIP1,0
NR3C1,MTTP,0
FOXA2,SF3B3,0
REST,CHAF1A,0
EZH2,CAPN2,0
IRF3,PHF11,0
MYC,TNNI3,0
RFX5,TPGS2,0
HDAC2,SCPEP1,0
RUVBL1,CHEK1,0
RUVBL1,TOP2B,0
REST,POU2F1,0
CEBPZ,ATP1B1,0
EPAS1,ZHX1,0
NR2F2,SRSF6,0
ARID2,NUDCD1,0
IRF3,GNRH2,0
REST,ACADVL,0
RUVBL1,MCM7,0
EPAS1,SPDL1,0
ARID2,COMMD10,0
TEAD4,CDC6,0
ARID2,POLR2G,0
IRF3,NUP37,0
SMARCA4,PTMA,0
NR3C1,LAMB2,0
TEAD4,PCNA,0
MAZ,ZNHIT3,0
MYBL2,EMP2,0
SMARCA4,ZNF239,0
ATF3,TCF19,0
EPAS1,TFF1,0
EPAS1,TTI2,0
JUND,TCF7L1,0
FOSL2,ZNF567,0
ARID2,CYP3A5,0
BRCA1,APOC2,0
JUN,MCM8,0
JUN,TGIF2,0
FOSL2,DBNDD2,0
RUVBL1,KLF5,0
BRCA1,BMPR1A,0
RUVBL1,CDCA7L,0
HNF4A,TUBA1B,0
ARID2,APPL2,0
NR3C1,GTF3C5,0
JUN,FMO5,0
CEBPD,COMMD3,0
EPAS1,FANCA,0
BRCA1,GPN1,0
IRF3,NOL10,0
SMARCA4,SEC11C,0
ARID2,CXCR4,0
BRCA1,C9ORF78,0
NR3C1,ZFP42,0
FOXA2,FTSJ1,0
IRF3,WDR5,0
MAFF,MYBBP1A,0
SMARCC1,ZCCHC7,0
ATF3,APOC1,0
CEBPD,CMC2,0
MCRS1,TCF4,0
JUN,GNPNAT1,0
EZH2,PARP1,0
JUN,SRSF2,0
MCRS1,GNPNAT1,0
MYBL2,BSCL2,0
EPAS1,HMGN1,0
HNF4A,MYO10,0
EPAS1,ING5,0
EPAS1,ELMOD2,0
JUN,TIPARP,0
EPAS1,FGB,0
CEBPZ,SALL2,0
NR3C1,NCK1,0
MAFF,GTF3C5,0
HNF4A,ASNS,0
ARID2,ILF2,0
CEBPD,ALPL,0
RUVBL1,TCF7L1,0
EZH2,GSN,0
FOXA1,PRPS2,0
FOXA2,BCKDK,0
FOXA2,ELP6,0
IRF3,CLDN4,0
EPAS1,SIL1,0
EZH2,AARS,0
MYC,TRIT1,0
TEAD4,NUP88,0
EPAS1,ASNS,0
IRF3,UBE2T,0
SRF,TSR1,0
CEBPZ,GLI1,0
NR3C1,NUSAP1,0
SMARCA4,CAMK2D,0
BRCA1,TAF7,0
ARID2,GATAD2B,0
RUVBL1,ELL2,0
ATF3,ACAA1,0
FOXA1,ELOVL5,0
FOXA2,DYNLT3,0
ATF3,ZNF217,0
FOXA2,TRIM28,0
HDAC2,WFDC2,0
HDAC2,HMGN5,0
MCRS1,FANCD2,0
FOXA1,ATP1B1,0
ARID2,ORC2,0
IRF3,ZFP42,0
NR3C1,ILF3,0
MAFF,ARL2,0
HNF4A,C1ORF109,0
SMARCA4,HNF4A,0
SRF,VPS26A,0
IRF3,IFITM1,0
ARID2,IRF1,0
TEAD4,ZCCHC7,0
EZH2,YAF2,0
BRCA1,FEN1,0
BRCA1,FAM114A1,0
NR3C1,KIFAP3,0
MAFF,HDAC1,0
MAFF,POLR1E,0
FOSL2,SLC38A1,0
HDAC2,UBAC2,0
FOXA1,MCM2,0
BRCA1,TMEM216,0
JUND,LAMA1,0
RUVBL1,IL6ST,0
HNF4A,CBR1,0
ATF3,ALDH9A1,0
HNF4A,SMAD3,0
ARID2,CCDC88A,0
FOXA2,MYCN,0
CREB1,GSTA1,0
BRCA1,WDR5,0
RUVBL1,RABEPK,0
EPAS1,SMC6,0
HNF4A,CKS2,0
SMARCA4,HAT1,0
MYBL2,ALDH9A1,0
EZH2,SRSF3,0
HNF4A,QPCT,0
RUVBL1,VEZF1,0
JUN,TRMT1,0
SMARCC1,BRMS1,0
JUN,SIRT1,0
ARID2,RAD54L,0
MAFF,HIST1H1B,0
SMARCC1,PDGFRA,0
IRF3,NUP85,0
EZH2,HNRNPH3,0
FOSL2,SMC2,0
HNF4A,GXYLT2,0
HNF4A,MCM6,0
SRF,SF3B3,0
EPAS1,MAF,0
HDAC2,NEDD4L,0
JUN,RUVBL1,0
EPAS1,NFATC2,0
CEBPZ,PISD,0
MAFF,PPCDC,0
JUN,ARHGAP26,0
TEAD4,FOXO1,0
BRCA1,ADSL,0
ATF3,MRPS30,0
EZH2,ABCE1,0
JUN,BPTF,0
TEAD4,ECI2,0
NR2F2,SPP1,0
RUVBL1,NAA15,0
EZH2,CTSE,0
EPAS1,ANLN,0
IRF3,FABP1,0
MYC,IFT52,0
EZH2,DPCD,0
EZH2,CCS,0
RFX5,CAPG,0
FOXA2,CTBP1,0
EZH2,RBPJ,0
EPAS1,ARL14EP,0
MCRS1,PLG,0
HNF4A,DNAJB9,0
NR2F2,ECI2,0
SMARCC1,LEFTY1,0
ARID2,TBC1D1,0
MYBL2,CRABP2,0
TEAD4,FANCB,0
CEBPD,THAP11,0
CEBPZ,LIAS,0
HDAC2,ZFYVE21,0
TEAD4,SEC61A2,0
BRCA1,ZSWIM8,0
MCRS1,TFDP1,0
CEBPZ,ZFP36,0
SMARCA4,ANKRD1,0
JUN,DLGAP5,0
ATF3,CHTF18,0
MYBL2,PLIN2,0
ATF3,ZWILCH,0
TEAD4,ETV1,0
JUND,NONO,0
ATF3,SH3BGRL,0
HNF4A,CENPH,0
EZH2,ESCO2,0
EPAS1,RCAN1,0
ARID2,IRF9,0
BRCA1,MYOF,0
HNF4A,TMEM126B,0
RFX5,TNNI3,0
ARID2,HTATSF1,0
JUN,SOX4,0
MYC,CDC23,0
EPAS1,FAM49B,0
SRF,TUBB6,0
MAFF,RAB31,0
JUN,SIRT2,0
MCRS1,UTRN,0
SMARCA4,SMLR1,0
SRF,SERPINF1,0
FOSL2,UGT2B11,0
SRF,TCF7L1,0
ARID2,PTP4A1,0
TEAD4,BLMH,0
RUVBL1,HNRNPK,0
REST,TAF1A,0
TEAD4,USP10,0
IRF3,UROD,0
EZH2,MEP1A,0
EPAS1,GLMN,0
ARID2,GTF2E1,0
CEBPD,BLVRA,0
IRF3,XPO6,0
HDAC2,CIDEB,0
IRF3,ELOVL5,0
RFX5,SMOX,0
IRF3,PPP1R21,0
IRF3,STMN1,0
RFX5,USP45,0
TEAD4,PSMG1,0
EPAS1,POLR3D,0
RUVBL1,USP1,0
EPAS1,DDX54,0
FOXA1,P4HA2,0
HDAC2,PRPS2,0
IRF3,GPN3,0
IRF3,NVL,0
BRCA1,CYFIP2,0
EZH2,COPS7B,0
TEAD4,ALDH9A1,0
SRF,ECSIT,0
MAFF,LRRC1,0
MAFF,COQ3,0
ARID2,CENPH,0
BRCA1,NUP85,0
IRF3,ITGB5,0
CREB1,PTPRZ1,0
RUVBL1,TMEM177,0
NR3C1,LAMA1,0
FOSL2,DOT1L,0
SMARCA4,MYO9A,0
MYC,CPSF6,0
ELF1,MRS2,0
EPAS1,GMEB1,0
RFX5,CTSV,0
JUND,MPHOSPH6,0
ARID2,RNF26,0
IRF3,SSRP1,0
HDAC2,LIFR,0
TEAD4,PREB,0
IRF3,LAMA1,0
BRCA1,CKS2,0
BRCA1,TGIF1,0
SMARCC1,PIM2,0
EZH2,TMEM237,0
CEBPD,TRERF1,0
CEBPD,MMS19,0
FOXA2,TM4SF4,0
MYC,EPAS1,0
SRF,NEDD1,0
RFX5,ITGB5,0
REST,INMT,0
CEBPD,VRK1,0
FOXA2,CFAP36,0
NR3C1,ATP1B1,0
ATF3,ECI2,0
JUN,TIMM50,0
EPAS1,C11ORF74,0
ARID2,PRPS2,0
TEAD4,C6ORF203,0
BRCA1,HEXB,0
CEBPZ,ICE2,0
ARID2,SLC39A1,0
MYBL2,CMC2,0
ATF3,RIOK1,0
MYC,DHRS3,0
EPAS1,GRTP1,0
EPAS1,AGT,0
REST,SORBS2,0
JUND,PHGDH,0
IRF3,SP4,0
JUN,ETV1,0
IRF3,MYBBP1A,0
ARID2,TARBP2,0
MAZ,ZNF74,0
NR3C1,MPHOSPH6,0
MYC,ARL6IP6,0
EZH2,COPS2,0
CEBPD,KLF6,0
SRF,FANCB,0
CEBPZ,F2RL1,0
RUVBL1,COMMD10,0
ATF3,SEC22C,0
MCRS1,PDGFRA,0
CEBPZ,DDX5,0
ATF3,MTUS1,0
EPAS1,MTMR2,0
MCRS1,UCP2,0
IRF3,DHCR7,0
CEBPZ,NPRL2,0
CEBPZ,HNRNPD,0
IRF3,CUL2,0
HDAC2,HAUS1,0
EZH2,ITGB5,0
NR3C1,PPP1R16A,0
FOSL2,FOXO1,0
IRF3,UCK2,0
SMARCA4,ACADSB,0
REST,WRB,0
SRF,CTSE,0
HNF4A,DPH5,0
EPAS1,DRAP1,0
BRCA1,CNN2,0
HNF4A,EBNA1BP2,0
EPAS1,ICE2,0
IRF3,GTF2F2,0
MCRS1,RGN,0
BRCA1,ZNF101,0
JUN,SLC25A11,0
RUVBL1,UROD,0
SMARCA4,NR2F2,0
REST,RBBP4,0
ELF1,BMPR1A,0
MCRS1,SMOX,0
CEBPZ,RNF19A,0
FOSL2,NFKBIZ,0
IRF3,WDYHV1,0
HDAC2,ACAD11,0
RUVBL1,GOT1,0
MCRS1,GOT1,0
MCRS1,HNRNPAB,0
EZH2,UGP2,0
REST,SLC29A1,0
ATF3,IL6ST,0
ARID2,SKIL,0
HNF4A,MIS18A,0
RUVBL1,PEG3,0
NR3C1,CDCA3,0
ATF3,ALDH1A1,0
MYC,MEP1A,0
NR3C1,RAD51AP1,0
MCRS1,ACAD11,0
BRCA1,BCL11B,0
TEAD4,PAFAH1B3,0
JUN,FHL2,0
CEBPD,DOT1L,0
CEBPZ,F3,0
ELF1,BTG2,0
MAFF,SALL2,0
CEBPD,MT1G,0
SMARCA4,H1F0,0
ARID2,CRELD1,0
RUVBL1,ELP6,0
JUN,DTYMK,0
EZH2,OCIAD2,0
HDAC2,WBP11,0
CEBPZ,ZDHHC13,0
ELF1,NUSAP1,0
MYC,SULT1A2,0
FOXA1,TCF19,0
TEAD4,KIFAP3,0
CEBPD,LAMA1,0
MAZ,CTSE,0
MYC,SIL1,0
BRCA1,SERPINB1,0
EPAS1,MAD2L1,0
JUN,CDK5RAP2,0
RUVBL1,XBP1,0
ATF3,CENPU,0
TEAD4,TAF1A,0
HNF4A,SULF2,0
JUN,SSB,0
RUVBL1,YWHAH,0
BRCA1,TCEA1,0
TEAD4,XRCC6,0
TEAD4,OGFOD1,0
MAFF,SQLE,0
SMARCC1,TCEA1,0
RFX5,DCAF13,0
RFX5,JUN,0
BRCA1,MRPS30,0
EPAS1,MTIF2,0
MYBL2,CTSC,0
SMARCA4,FOSL2,0
EZH2,POLR2B,0
MAFF,SSRP1,0
ATF3,POLR2L,0
SRF,CMSS1,0
EPAS1,SLC5A6,0
SRF,PAWR,0
MYC,ZNF107,0
RFX5,ZNF567,0
CEBPD,RARRES2,0
TEAD4,MTTP,0
EZH2,SPP1,0
NR3C1,BRCA2,0
SRF,TNNI3,0
SMARCA4,POLR2G,0
SRF,THAP1,0
ARID2,ZNF101,0
NR3C1,RCAN1,0
HDAC2,GLIPR2,0
BRCA1,MT1X,0
MAZ,LHX1,0
SRF,SMARCE1,0
HNF4A,DNAH14,0
JUND,FAM114A1,0
HDAC2,PYGL,0
SRF,MCM6,0
MYBL2,FEN1,0
RUVBL1,PRKCE,0
RUVBL1,MRPS30,0
HNF4A,STARD3NL,0
ARID2,AHSG,0
BRCA1,TADA1,0
ARID2,GATA4,0
JUND,CTBP1,0
RUVBL1,WBP11,0
EPAS1,DKC1,0
NR3C1,EHMT1,0
HNF4A,ATG3,0
SMARCA4,TK1,0
MAZ,A1CF,0
SMARCA4,MGST2,0
BRCA1,ZWINT,0
HNF4A,DPAGT1,0
ATF3,MLF1,0
SMARCA4,LIAS,0
HDAC2,ACTN1,0
MAZ,NFATC2,0
HDAC2,MRPS9,0
SMARCA4,BRCA1,0
TEAD4,PHF11,0
JUN,CENPF,0
CEBPZ,LGALS2,0
ATF3,HSD17B2,0
ELF1,DDAH1,0
CEBPZ,DPP4,0
RFX5,NAA15,0
EZH2,DEDD,0
NR3C1,ZNF675,0
RUVBL1,CDH2,0
ATF3,WDYHV1,0
RUVBL1,S100A13,0
MAZ,MYBL2,0
SRF,CTSC,0
MAZ,PDZK1,0
NR3C1,USP45,0
EPAS1,NFKBIZ,0
CEBPZ,IFITM2,0
IRF3,GLUD1,0
ATF3,POLB,0
MCRS1,ITIH4,0
BRCA1,RBMX,0
REST,HMGA2,0
TEAD4,ATIC,0
ATF3,SMARCA5,0
MAFF,AKR1D1,0
MAFF,SUGCT,0
SMARCA4,LHX1,0
MAFF,ZNF287,0
MAFF,ZCCHC7,0
NR3C1,ZSWIM7,0
TEAD4,RUVBL2,0
MYC,TFF1,0
ARID2,WFDC2,0
BRCA1,SRF,0
MYC,GSTA1,0
FOSL2,PAFAH1B3,0
BRCA1,SALL4,0
MCRS1,KIAA0586,0
SRF,DNA2,0
MAFF,SEC61A2,0
SRF,UFSP2,0
BRCA1,METTL1,0
RFX5,MCRS1,0
CEBPZ,FANCA,0
CEBPZ,TP53INP2,0
IRF3,BSCL2,0
EPAS1,MAEA,0
TEAD4,THAP1,0
SRF,SKIL,0
ATF3,C12ORF10,0
SRF,DEF8,0
MAFF,NRIP1,0
RFX5,TMEM216,0
CEBPD,HAT1,0
SMARCA4,NR5A2,0
FOSL2,PEF1,0
MYBL2,HCFC1,0
IRF3,ACY1,0
MCRS1,UBL7,0
BRCA1,HIPK2,0
CEBPZ,TRIP13,0
MYC,PDZK1,0
ARID2,DMKN,0
SMARCC1,SALL4,0
CEBPZ,NEDD4L,0
CEBPD,SVIL,0
JUND,ECHDC2,0
MAZ,PLTP,0
NR3C1,RBBP4,0
EZH2,CCDC169,0
CEBPZ,AGTRAP,0
SMARCA4,CCDC169,0
EZH2,PSMG1,0
TEAD4,ANAPC7,0
FOXA2,HMGB3,0
CEBPD,TCF7L1,0
FOXA2,ZRANB2,0
ATF3,SOX2,0
SMARCA4,CALML4,0
CEBPD,RANGRF,0
SRF,JUN,0
RUVBL1,FAM13A,0
MAZ,MDK,0
BRCA1,CNOT7,0
HNF4A,ZNF253,0
IRF3,MED4,0
CEBPD,INMT,0
EZH2,PHF11,0
JUN,THAP11,0
EZH2,ERCC8,0
EZH2,TOP2B,0
RUVBL1,TNFAIP3,0
JUN,QPCT,0
CEBPD,GXYLT2,0
JUN,DR1,0
RUVBL1,RBMX,0
TEAD4,WDR5,0
HNF4A,LIAS,0
RFX5,EHMT1,0
ATF3,NME2,0
JUN,HSD17B2,0
IRF3,ASCC3,0
ARID2,IRF3,0
HDAC2,PDLIM7,0
EZH2,ARL14EP,0
MCRS1,SIRT2,0
NR2F2,NT5DC2,0
TEAD4,NAA10,0
ATF3,PTPN12,0
SRF,MAFF,0
EPAS1,DUT,0
FOXA2,POLR3E,0
FOSL2,ATP1B3,0
RUVBL1,EIF2B3,0
TEAD4,PDLIM7,0
MAFF,MID1,0
HNF4A,PPP1CC,0
JUN,SUGCT,0
ATF3,FOXA2,0
ATF3,SRSF6,0
MYBL2,SLC5A6,0
JUN,EEF1A1,0
MAFF,SMIM20,0
MCRS1,CA2,0
SRF,MYO9A,0
EPAS1,GTF2F2,0
CEBPD,ZNF644,0
RFX5,TRIM25,0
JUN,ANG,0
BRCA1,MTFP1,0
EPAS1,HNRNPH2,0
MAZ,ARSE,0
HDAC2,CHAF1A,0
ATF3,POLR2G,0
ATF3,NIF3L1,0
HDAC2,R3HDM1,0
SRF,EFNA1,0
BRCA1,POLE4,0
MAFF,MYOF,0
ARID2,ACY1,0
ELF1,BPHL,0
JUND,PSMG1,0
JUN,SLC25A17,0
REST,KIFAP3,0
NR3C1,C11ORF74,0
SMARCA4,ING3,0
MAFF,LRRC40,0
NR3C1,UCK2,0
SRF,PIM2,0
MCRS1,CTBP1,0
FOXA2,DOT1L,0
IRF3,ZNF217,0
MAFF,GEMIN2,0
TEAD4,MED21,0
EZH2,ZNF202,0
EZH2,FTSJ1,0
CREB1,LAMA1,0
NR3C1,ZRANB2,0
MCRS1,MYOF,0
RUVBL1,PPP1R16A,0
TEAD4,MOV10,0
HDAC2,C1ORF109,0
RFX5,PAWR,0
EPAS1,AASS,0
RFX5,RBBP8,0
JUN,APOA1,0
JUN,LAMB2,0
ARID2,CCDC77,0
ARID2,GNPNAT1,0
MCRS1,LIAS,0
BRCA1,DNASE1,0
EPAS1,PDE6D,0
CEBPD,PDPN,0
EZH2,PRKCI,0
JUND,ELP6,0
ATF3,SMARCD2,0
CEBPD,HAVCR1,0
SRF,DUT,0
JUN,ASL,0
IRF3,ECI2,0
MAFF,LIN28A,0
EPAS1,CKS1B,0
SRF,TIMELESS,0
REST,CTBP1,0
FOXA1,MIS18A,0
RUVBL1,TAF7,0
RUVBL1,DECR1,0
FOXA1,HELLS,0
HNF4A,CDK1,0
EPAS1,RFC2,0
EPAS1,TM4SF5,0
NR3C1,SOX4,0
ARID2,HSD17B2,0
JUN,HSD17B14,0
JUND,TDGF1,0
MAFF,CBX3,0
JUN,BCOR,0
ATF3,APOA4,0
FOXA2,SERPINB1,0
HDAC2,KLHDC2,0
RFX5,NME2,0
BRCA1,TYMS,0
CEBPZ,PHF5A,0
TEAD4,NR2F2,0
SRF,IFITM3,0
EZH2,AKR1D1,0
EZH2,ARG2,0
ATF3,ZNF107,0
IRF3,ABCA5,0
MYBL2,SH3BGRL,0
MCRS1,SNRPD1,0
JUN,SLC2A1,0
RFX5,TCOF1,0
MAFF,CMC1,0
HDAC2,STARD3NL,0
CEBPD,PIAS2,0
EPAS1,AFP,0
SRF,HAT1,0
MYC,LAMB1,0
TEAD4,PMM1,0
FOSL2,APEH,0
ELF1,PDPN,0
EPAS1,POLR2I,0
RUVBL1,ATF3,0
EPAS1,PTPRZ1,0
SMARCA4,ZHX1,0
MCRS1,POLR1E,0
FOXA1,SRM,0
MCRS1,LAMA1,0
BRCA1,DPPA4,0
SRF,RBMX,0
EPAS1,ZSCAN21,0
MCRS1,ORC2,0
SRF,RFX6,0
REST,NR1I3,0
MAZ,CDKN1A,0
HNF4A,GTF3C5,0
CEBPZ,VEZF1,0
NR3C1,ZFP64,0
ARID2,RBP2,0
FOXA2,GRHL1,0
CEBPZ,CDK4,0
ATF3,HPX,0
BRCA1,FOSB,0
NR2F2,MUSTN1,0
CEBPD,TNNI3,0
MAZ,SORBS2,0
MYBL2,BMP2,0
CEBPZ,HSD17B11,0
RFX5,NREP,0
HNF4A,SOX2,0
SMARCA4,ECT2,0
MAFF,UBE2E3,0
MAZ,BST2,0
RUVBL1,THYN1,0
REST,PPFIBP2,0
MYC,SERTAD3,0
SMARCC1,ALB,0
RUVBL1,HDAC1,0
MYC,ALB,0
EPAS1,TRNT1,0
CEBPZ,C3ORF14,0
CEBPZ,BLMH,0
SRF,POP5,0
RUVBL1,UBE2E3,0
ATF3,TK1,0
CEBPZ,FANCL,0
CEBPZ,AASS,0
SRF,GMPS,0
IRF3,SNAPC1,0
SRF,GRTP1,0
IRF3,EOMES,0
CEBPZ,DDX54,0
HNF4A,ANP32E,0
TEAD4,TNFAIP3,0
SMARCA4,ZNF260,0
MCRS1,CYP3A5,0
NR3C1,HDAC1,0
NR3C1,USP44,0
HNF4A,PSMB10,0
MYBL2,FAM151A,0
TEAD4,METAP1,0
MCRS1,AGTRAP,0
SMARCC1,KDM4C,0
SRF,CXXC1,0
ELF1,TPM2,0
FOXA1,AAAS,0
IRF3,NUP54,0
ATF3,ISG15,0
TEAD4,NOP16,0
MAFF,MCM4,0
ATF3,HMGN5,0
SMARCA4,LDB2,0
HDAC2,LIG1,0
CEBPD,SEC11C,0
RFX5,SUB1,0
JUN,SPINK1,0
TEAD4,TAF6,0
NR3C1,TARBP2,0
MYC,DEDD,0
ARID2,FBXO22,0
CEBPZ,EHMT2,0
NR3C1,MYBBP1A,0
ATF3,PEG3,0
MAFF,ISG20,0
TEAD4,MUSTN1,0
SRF,DDX55,0
EPAS1,ACTC1,0
ARID2,HNRNPH2,0
REST,RNF26,0
CEBPZ,NFKBIZ,0
MCRS1,MTTP,0
NR3C1,NAA25,0
EPAS1,DDX39A,0
SMARCA4,TRIT1,0
REST,UGT2B11,0
JUN,ESPL1,0
HDAC2,FMO5,0
NR3C1,POLE4,0
SRF,FASTKD2,0
CREB1,WFDC2,0
RFX5,SEC61A2,0
RFX5,F3,0
HDAC2,UBE2T,0
EPAS1,PPIL1,0
IRF3,USP39,0
FOXA2,FANCB,0
NR3C1,METTL8,0
TEAD4,ISG20,0
IRF3,SVIL,0
RUVBL1,SMIM20,0
HDAC2,PISD,0
MYC,CREB3L3,0
CEBPZ,FAM13A,0
ARID2,RFXANK,0
JUN,MRRF,0
CEBPZ,MTIF2,0
RUVBL1,IDI1,0
EZH2,HIF1AN,0
BRCA1,ESPL1,0
ATF3,MED21,0
NR3C1,TADA1,0
IRF3,PTPRM,0
MCRS1,ELP2,0
HDAC2,GTF3C4,0
CEBPD,SH3BGRL,0
HDAC2,TARDBP,0
MAFF,CCDC82,0
TEAD4,HPRT1,0
ARID2,ITGB5,0
JUN,GTF3C5,0
MAFF,SEC11C,0
BRCA1,YARS,0
NR3C1,BTG1,0
HNF4A,BCAS2,0
FOSL2,CDX2,0
MAZ,RNF26,0
NR3C1,IRF3,0
SMARCA4,NODAL,0
CEBPD,ZFP62,0
ARID2,UTRN,0
FOSL2,FXR1,0
EZH2,SHKBP1,0
SMARCC1,EXTL2,0
EZH2,LGALS2,0
ATF3,BBS7,0
JUN,ATP1B1,0
CEBPZ,TBC1D1,0
NR2F2,TSN,0
IRF3,ZDHHC13,0
SMARCA4,CETN3,0
EPAS1,GNRH2,0
RFX5,YWHAH,0
FOXA1,HSD17B10,0
SRF,TIMM50,0
MAFF,TEAD4,0
SMARCA4,GSTK1,0
MCRS1,ACOT7,0
TEAD4,SMC6,0
EZH2,SRSF10,0
MYC,KNG1,0
MAFF,ARID3B,0
NR3C1,POLB,0
SMARCC1,CA2,0
IRF3,MYC,0
CEBPD,TBC1D1,0
RUVBL1,CMSS1,0
NR3C1,GALM,0
IRF3,EFNA1,0
MYBL2,TDGF1,0
MAFF,TBRG4,0
NR2F2,WIPI1,0
MYBL2,SALL2,0
MAFF,SHKBP1,0
ARID2,EGR1,0
FOXA1,NONO,0
NR3C1,LGALS3,0
NR3C1,PRIM1,0
CEBPZ,DPCD,0
ARID2,TOP2B,0
SMARCA4,SFRP1,0
FOXA1,MCM5,0
IRF3,HPRT1,0
ARID2,SORBS2,0
BRCA1,PSMG1,0
NR3C1,ACTN1,0
MCRS1,CKS2,0
SMARCA4,SULF2,0
SMARCA4,USP11,0
HDAC2,SPTLC3,0
SRF,LGALS3,0
HNF4A,COPS5,0
ATF3,SLC25A4,0
NR3C1,TUBE1,0
RUVBL1,TFPI,0
NR3C1,PDCD11,0
FOXA1,ODF2L,0
RUVBL1,TRMT1,0
ARID2,COPS3,0
EZH2,HERPUD1,0
ARID2,KLC4,0
JUN,GNRH2,0
MAFF,MUSTN1,0
CEBPZ,NFATC2,0
ARID2,SHMT2,0
RUVBL1,M6PR,0
MAFF,JAG1,0
NR3C1,PAWR,0
HDAC2,ANAPC4,0
CEBPD,RAI14,0
HDAC2,ASRGL1,0
HNF4A,EXOSC5,0
MCRS1,METTL3,0
MAFF,MRTO4,0
MCRS1,THOC1,0
BRCA1,MORN2,0
IRF3,S100A6,0
JUN,NTHL1,0
IRF3,BLMH,0
EPAS1,SCD5,0
TEAD4,MLF1,0
MAZ,NDC80,0
MCRS1,POU2F1,0
SMARCA4,JAZF1,0
IRF3,EIF3J,0
ATF3,DNMT3B,0
JUN,COPS7B,0
RUVBL1,TPGS2,0
NR3C1,ANXA4,0
FOXA1,SLC25A37,0
ELF1,MTUS1,0
CEBPD,UBL7,0
ARID2,S100A6,0
EPAS1,NEIL2,0
EZH2,PDCD11,0
SMARCC1,ELOVL6,0
MCRS1,F2RL1,0
SMARCA4,NDUFAF5,0
NR3C1,YAF2,0
BRCA1,DMKN,0
JUN,NOL10,0
CEBPZ,ZNF766,0
ATF3,DDC,0
JUN,MSH2,0
SMARCC1,TFDP1,0
MAFF,ARL14EP,0
JUN,DPF2,0
SMARCA4,LIFR,0
FOSL2,GPRC5C,0
RUVBL1,NFATC2,0
MYC,E2F4,0
EZH2,CCND1,0
BRCA1,UCP2,0
JUN,PDLIM7,0
TEAD4,ICA1,0
EZH2,DBF4,0
JUND,POLR2F,0
EPAS1,CASP8AP2,0
ARID2,ARL2,0
MCRS1,COPS5,0
RUVBL1,TCERG1,0
JUN,PCNA,0
IRF3,VPS33A,0
NR2F2,SURF2,0
EPAS1,NAA16,0
EZH2,S100PBP,0
CEBPD,PPP2R1B,0
JUN,EPB41L2,0
MAFF,PRAP1,0
IRF3,SUV39H2,0
MAFF,ESPL1,0
FOXA1,RFC2,0
BRCA1,CREB3L4,0
HDAC2,PMM1,0
JUND,TEAD4,0
EZH2,FXR1,0
SRF,SAT1,0
MCRS1,FXYD5,0
ARID2,ARMC9,0
CEBPZ,ZFP42,0
SMARCA4,DPH5,0
RFX5,TNFAIP3,0
SMARCA4,SKA3,0
IRF3,NFYB,0
NR3C1,RUVBL1,0
ATF3,ZDHHC4,0
TEAD4,DPP4,0
TEAD4,HERPUD1,0
BRCA1,FOXM1,0
NR2F2,FOSL1,0
JUN,PTTG1,0
CEBPD,EXOSC2,0
ELF1,S100A16,0
MYC,LMO7,0
MYBL2,LAMC1,0
ARID2,TRIM28,0
MAFF,POLR3E,0
NR3C1,RIOK3,0
SMARCA4,GGCT,0
EZH2,POLR2L,0
EPAS1,PISD,0
EZH2,CAAP1,0
ATF3,EXOSC8,0
SRF,CUTC,0
HNF4A,TAF1B,0
ATF3,NUCB2,0
SRF,SEC11C,0
CEBPZ,APOB,0
TEAD4,FBL,0
SRF,CREB3L3,0
ARID2,CREB1,0
REST,MED14,0
NR3C1,ACADVL,0
BRCA1,PBX1,0
CEBPD,LTA4H,0
MYC,HIF1AN,0
MYC,DPYSL2,0
FOXA1,EXOSC3,0
MCRS1,PSAT1,0
REST,ICA1,0
SMARCC1,PIK3R4,0
FOXA2,TADA3,0
HDAC2,PLAC8,0
REST,CHCHD6,0
TEAD4,MYCN,0
REST,HMGCS2,0
ATF3,RANGRF,0
JUN,MEP1A,0
SMARCA4,ARL6IP6,0
NR3C1,NTMT1,0
CEBPZ,RNASE4,0
RUVBL1,CFAP36,0
ELF1,DHCR7,0
RFX5,RAI14,0
HNF4A,DLGAP5,0
HNF4A,PTPRZ1,0
HDAC2,RAB34,0
EZH2,TBCB,0
EZH2,ANAPC7,0
RFX5,EXOSC2,0
SMARCA4,PIH1D1,0
MAFF,RBPJ,0
MAFF,IVNS1ABP,0
EPAS1,NR2F6,0
EZH2,RUVBL2,0
ARID2,EBNA1BP2,0
MYBL2,ZNF239,0
FOSL2,KLF5,0
CEBPZ,KIF23,0
EPAS1,CYP3A5,0
NR3C1,OGFOD1,0
IRF3,LDB2,0
ATF3,TERF1,0
NR3C1,PDE6D,0
BRCA1,POU2F1,0
BRCA1,UBE2L6,0
FOXA1,DDHD1,0
JUN,PPAT,0
FOSL2,ASL,0
ARID2,CENPK,0
JUND,NPRL2,0
TEAD4,MYCBP,0
EPAS1,GDAP1,0
FOXA1,SMAD5,0
EPAS1,BMP2,0
NR3C1,ATP1B3,0
SMARCA4,PUS7L,0
SMARCA4,TCF7L1,0
JUN,GLMN,0
MAZ,BCS1L,0
JUN,PBX1,0
FOXA2,NUDT1,0
BRCA1,HGD,0
CEBPZ,MIS18BP1,0
TEAD4,LAMA1,0
REST,STARD3NL,0
TEAD4,TARBP2,0
TEAD4,GABPB1,0
MCRS1,HPN,0
CEBPD,FLRT3,0
HNF4A,LAPTM4B,0
MCRS1,NR1I3,0
SRF,UBE2L6,0
MCRS1,COPS7B,0
JUN,IDH3B,0
HDAC2,SOX2,0
ATF3,NIP7,0
SMARCA4,F2RL1,0
CEBPD,IRF1,0
RUVBL1,UBE2T,0
NR2F2,USP3,0
MCRS1,HMCES,0
MCRS1,ATP1B3,0
REST,POLD2,0
MYC,SNAPC1,0
SMARCA4,HOOK2,0
ATF3,BCAS2,0
CEBPZ,E2F8,0
SMARCC1,S100A6,0
JUND,DPP4,0
SMARCA4,POLR3G,0
EZH2,JUN,0
SMARCA4,KLF6,0
MAFF,XPO5,0
CEBPZ,UFSP2,0
RFX5,ANLN,0
JUND,NEIL2,0
IRF3,ZDHHC4,0
MAZ,TERF1,0
ARID2,HMGN1,0
NR3C1,HAT1,0
SRF,SLC38A1,0
MCRS1,EMG1,0
FOXA1,TCF3,0
JUN,HSDL2,0
JUND,GTF2I,0
SMARCA4,DNMT1,0
BRCA1,VIL1,0
IRF3,SLC35B4,0
TEAD4,TNNI3,0
EPAS1,RBMX,0
SRF,RBBP8,0
REST,CDK5RAP2,0
JUN,POLR2F,0
EZH2,HMBS,0
MAFF,PSIP1,0
EZH2,CUL2,0
MAFF,RFC2,0
EZH2,LIFR,0
BRCA1,FN1,0
FOSL2,TCF3,0
FOXA1,RAB25,0
TEAD4,MELK,0
SMARCC1,CCDC169,0
MCRS1,TCERG1,0
TEAD4,PROSER1,0
RUVBL1,KLC4,0
SMARCC1,MYCN,0
EZH2,FOXP1,0
NR3C1,TMEM37,0
TEAD4,CENPK,0
BRCA1,MUSTN1,0
JUN,MYCBP,0
BRCA1,NFKBIZ,0
CEBPD,MCM3,0
ARID2,GTF3C4,0
BRCA1,RABGGTB,0
MCRS1,HNF4A,0
RUVBL1,CHAF1A,0
BRCA1,GTF2H2,0
HNF4A,HDAC6,0
MAFF,PHKA2,0
ATF3,KIFAP3,0
ARID2,WIPI1,0
BRCA1,RNF2,0
RUVBL1,SORBS2,0
MAFF,ZWINT,0
ATF3,AURKB,0
TEAD4,GEMIN8,0
ARID2,PAPOLA,0
NR2F2,DDX39A,0
SRF,SNRNP25,0
REST,MIS18A,0
MCRS1,PPAT,0
SRF,SORBS2,0
MCRS1,DCLRE1C,0
ARID2,HMGN2,0
IRF3,DPYSL2,0
BRCA1,FOSL1,0
MCRS1,ITLN2,0
JUN,ALB,0
SMARCA4,UTP18,0
SMARCC1,GNRH2,0
ARID2,UBE2E3,0
FOXA1,ACAT2,0
CEBPZ,ASPH,0
ARID2,NR1H3,0
ARID2,PHF11,0
MCRS1,PSMB10,0
MAFF,MLF1,0
HDAC2,GSTA2,0
RUVBL1,TPM2,0
MYC,CSRP2,0
EPAS1,NDUFAF5,0
RUVBL1,COPS7B,0
ARID2,METTL8,0
RUVBL1,MAZ,0
SMARCA4,GEMIN8,0
EPAS1,ZNF107,0
MCRS1,RAB25,0
NR3C1,SEPT10,0
HDAC2,DCAF13,0
CEBPZ,DDIT4,0
ARID2,PDE6D,0
IRF3,CCDC82,0
CEBPZ,KNTC1,0
IRF3,PPIL1,0
RFX5,ICA1,0
SRF,CCNB1,0
IRF3,FHL2,0
MCRS1,SF3B3,0
SMARCA4,PEF1,0
HDAC2,SYTL2,0
ARID2,CXXC1,0
SRF,FOXM1,0
TEAD4,EXTL2,0
BRCA1,ARMC9,0
TEAD4,RARRES2,0
BRCA1,ARG2,0
IRF3,KLC4,0
SRF,UCK2,0
MAFF,POLE2,0
SRF,EPS8L2,0
CREB1,QPCT,0
SMARCA4,KLHDC2,0
SRF,ARL2,0
RFX5,USP28,0
ARID2,PDZK1,0
NR3C1,C9ORF78,0
TEAD4,DUT,0
CEBPD,TMEM97,0
IRF3,ELOF1,0
CEBPZ,ATF3,0
RUVBL1,GALK1,0
IRF3,LTV1,0
FOXA1,HSPA14,0
NR3C1,IGF2BP3,0
SMARCA4,NT5DC2,0
BRCA1,RCAN1,0
CEBPD,GTF2F2,0
RFX5,PPFIBP2,0
EZH2,MELK,0
FOXA1,GSTA1,0
EZH2,HMGN1,0
NR2F2,FOXM1,0
SMARCA4,SPINK1,0
MCRS1,LRR1,0
SMARCC1,SRSF6,0
BRCA1,SERTAD3,0
JUND,ZFYVE21,0
JUND,DDX39A,0
MAZ,PDGFRA,0
HDAC2,CXCR4,0
FOXA1,PFN2,0
SRF,NDUFAF4,0
IRF3,MED20,0
EZH2,TDGF1,0
SRF,APOC3,0
MCRS1,USB1,0
JUN,ACOT7,0
IRF3,FBXO22,0
IRF3,UCP2,0
HDAC2,BSCL2,0
IRF3,SF3A3,0
HNF4A,KIF20A,0
NR3C1,MUSTN1,0
BRCA1,MYBL2,0
ATF3,HIST1H4C,0
MAZ,HNRNPAB,0
IRF3,CCNB1,0
MYC,DEPDC7,0
BRCA1,JUN,0
BRCA1,UBE2T,0
CEBPD,MEP1A,0
BRCA1,EXOSC9,0
ARID2,CASP8AP2,0
TEAD4,UBAC2,0
MAFF,NR3C1,0
EPAS1,NUCB2,0
BRCA1,NEIL2,0
EZH2,CSRP2,0
NR2F2,MLXIPL,0
IRF3,EXOSC8,0
NR2F2,GTF3C4,0
ATF3,LHX1,0
MAFF,ZDHHC13,0
SMARCA4,NVL,0
NR3C1,EXTL2,0
NR2F2,HNF1B,0
NR3C1,RFXANK,0
ATF3,MDK,0
HNF4A,GATM,0
IRF3,PARPBP,0
MAFF,CAPN2,0
ARID2,G6PC3,0
EPAS1,HCFC1,0
JUN,ATP2C1,0
EZH2,POP5,0
CEBPZ,HMGN2,0
NR3C1,SEC11C,0
SMARCA4,GATA4,0
NR2F2,ZHX1,0
MYC,THYN1,0
RUVBL1,GNPNAT1,0
MAZ,C9ORF72,0
SRF,ELAVL2,0
ATF3,DPH6,0
RFX5,ZDHHC4,0
SMARCA4,SMARCD2,0
RFX5,MTERF3,0
EPAS1,FUCA1,0
IRF3,DHPS,0
JUN,NVL,0
IRF3,PRIM1,0
FOSL2,RNF138,0
SRF,DHCR7,0
RUVBL1,APOA2,0
BRCA1,TGIF2,0
HDAC2,TUBA1B,0
EPAS1,ACAT2,0
FOSL2,THYN1,0
FOXA2,HIF3A,0
FOXA2,ABCE1,0
NR3C1,MYOF,0
NR2F2,CREB3L2,0
RUVBL1,RBP4,0
CEBPZ,POLB,0
BRCA1,FAM49B,0
RUVBL1,AFP,0
SMARCA4,ELF1,0
SMARCA4,CDX2,0
CEBPZ,SPAG9,0
SMARCA4,MAEA,0
JUND,RHOBTB3,0
BRCA1,PEX19,0
REST,UBE2C,0
JUN,UCHL5,0
MYBL2,SEC61A2,0
IRF3,ARSE,0
NR3C1,ING3,0
MYC,FAM151A,0
FOXA1,ZSCAN21,0
ARID2,AARS,0
NR3C1,GRTP1,0
MAFF,SLC29A1,0
MYC,NUCB2,0
REST,DNMT1,0
MCRS1,SRSF1,0
FOXA2,TSN,0
ATF3,EXOC5,0
NR2F2,COPS3,0
JUN,BLMH,0
CEBPD,RIOK3,0
RUVBL1,RUVBL2,0
MYC,OCIAD2,0
NR3C1,SUGCT,0
NR3C1,MT1E,0
CEBPZ,LTV1,0
RFX5,THRB,0
EPAS1,CHAF1A,0
NR3C1,UBE2E3,0
ARID2,WDR74,0
RUVBL1,VPS26A,0
RFX5,EPB41L2,0
HNF4A,RSU1,0
SMARCA4,ALPL,0
CEBPZ,USP39,0
CEBPZ,TDP2,0
FOSL2,RREB1,0
BRCA1,SGK1,0
ATF3,MED30,0
BRCA1,MLF1,0
EPAS1,CDKN1A,0
NR3C1,SPTLC3,0
RFX5,SLC25A17,0
MAFF,PDPN,0
NR3C1,FOXA1,0
NR3C1,METTL5,0
NR3C1,UBE2L6,0
JUN,SRSF6,0
RUVBL1,MGST2,0
ARID2,GPRC5C,0
BRCA1,WDHD1,0
MAFF,FMO5,0
BRCA1,CETN3,0
REST,ELF1,0
ARID2,TXNDC9,0
MAZ,WBP11,0
SRF,PSAT1,0
HDAC2,HMGXB4,0
CEBPZ,MCM4,0
EZH2,TCOF1,0
TEAD4,SMAD5,0
MCRS1,PARP1,0
SMARCA4,MAT2B,0
FOXA1,EBNA1BP2,0
RFX5,SSRP1,0
NR2F2,ESYT1,0
MYBL2,ZNF287,0
ATF3,AURKA,0
SMARCC1,AGO2,0
SMARCA4,F10,0
RFX5,TRERF1,0
NR3C1,S100A13,0
NR3C1,EIF2B3,0
BRCA1,DRAP1,0
BRCA1,CHEK1,0
ARID2,NAA10,0
MAFF,ING3,0
RUVBL1,ODF2L,0
SMARCA4,ZFP62,0
TEAD4,METTL1,0
BRCA1,WFDC2,0
CEBPD,UCHL1,0
IRF3,SNRNP25,0
REST,LGALS2,0
NR3C1,CCDC88A,0
ARID2,HACL1,0
SRF,SLC25A11,0
EZH2,DMKN,0
EZH2,POLR2I,0
EZH2,WIPI1,0
RUVBL1,IFITM1,0
CEBPZ,KIFAP3,0
MYC,HIST1H1C,0
JUN,SERPIND1,0
JUND,UCHL1,0
RUVBL1,SALL4,0
EZH2,CDCA7L,0
ARID2,LDB2,0
ARID2,DCUN1D5,0
MAFF,LDB2,0
IRF3,SLC2A1,0
REST,RBBP7,0
MAZ,CCS,0
TEAD4,CETN3,0
RUVBL1,GSTK1,0
MAFF,ZNF107,0
BRCA1,CCS,0
CEBPD,PIH1D1,0
EPAS1,PTPN12,0
REST,RANGRF,0
EZH2,MRS2,0
ARID2,TTF2,0
SRF,AKR1B1,0
CEBPZ,CALML4,0
FOXA1,DPYSL2,0
JUN,TAF1A,0
BRCA1,TBPL1,0
MAFF,ICA1,0
HDAC2,PRC1,0
ATF3,TCFL5,0
FOXA1,MTFP1,0
SRF,C1GALT1,0
MCRS1,ACTC1,0
EPAS1,MRPS35,0
RUVBL1,SLC44A2,0
CEBPZ,MRRF,0
EZH2,GTF2H3,0
MAZ,ESPL1,0
CEBPZ,ID2,0
IRF3,COPS7B,0
RFX5,LIFR,0
CREB1,CALML4,0
MAZ,ZNF644,0
ATF3,CRABP2,0
TEAD4,POLD2,0
IRF3,NUPR1,0
NR2F2,LIG1,0
HNF4A,FLAD1,0
ARID2,UGP2,0
ARID2,MCM5,0
TEAD4,PTPRZ1,0
RUVBL1,KIAA0586,0
REST,SCAPER,0
RUVBL1,HMGN3,0
ARID2,NONO,0
SMARCC1,PLIN2,0
MYBL2,ZFP36,0
IRF3,NEDD4L,0
NR3C1,CHAF1A,0
JUN,GPN3,0
TEAD4,RNF4,0
HNF4A,ALG6,0
JUND,HSD17B14,0
MYBL2,RREB1,0
SRF,RIOK1,0
JUN,LEFTY1,0
MAFF,CENPE,0
EZH2,PPIL1,0
ARID2,MRPS12,0
ARID2,LTV1,0
REST,IFRD2,0
MAZ,FUCA1,0
JUN,YBX1,0
RUVBL1,HAUS4,0
CEBPD,CHAF1A,0
MAZ,PPT1,0
CEBPD,NONO,0
RUVBL1,NDUFAF4,0
SMARCA4,LAMB1,0
BRCA1,NCOA1,0
SMARCA4,SP100,0
EZH2,HJURP,0
EZH2,ELL2,0
MAZ,WDR74,0
RUVBL1,POP5,0
MYC,MELK,0
RUVBL1,GATA6,0
BRCA1,ZSWIM7,0
CEBPZ,PAPSS1,0
RUVBL1,UTP18,0
CEBPZ,ADNP,0
MCRS1,TSFM,0
EPAS1,BTG2,0
FOSL2,WIPI1,0
HNF4A,MAPK1,0
HNF4A,C9ORF72,0
ELF1,BLVRA,0
MCRS1,CRBN,0
MAFF,EYA3,0
BRCA1,SMARCA4,0
IRF3,ALDH1A1,0
BRCA1,IFT52,0
CEBPZ,RRM2B,0
FOSL2,LAMB2,0
SMARCA4,CXXC1,0
IRF3,TIPARP,0
HNF4A,MTFP1,0
MAZ,TFPI,0
IRF3,P4HA2,0
EZH2,LCMT1,0
NR2F2,ALB,0
NR3C1,HPRT1,0
EPAS1,HNRNPR,0
SMARCA4,NFYB,0
HNF4A,SSBP2,0
FOXA1,EPHX2,0
MAZ,ZNF217,0
EPAS1,BRCA1,0
HDAC2,LAPTM4B,0
MCRS1,G2E3,0
MAFF,ZFP62,0
MYBL2,CDX2,0
ELF1,DNA2,0
NR3C1,GTF2H2,0
EZH2,BCAS2,0
ARID2,LHX1,0
RFX5,NEIL2,0
HNF4A,BDP1,0
ARID2,S100PBP,0
FOXA2,IFT22,0
CEBPZ,SGK1,0
CEBPD,DKC1,0
FOXA2,FEN1,0
EPAS1,OCIAD2,0
FOXA1,IVNS1ABP,0
ARID2,ZNF146,0
MYBL2,GXYLT2,0
MCRS1,PDCD11,0
CEBPZ,PAK1IP1,0
SRF,DNMT3A,0
MYC,TKT,0
ATF3,TMEM177,0
RFX5,ZFP42,0
ARID2,PITX1,0
RUVBL1,DEDD,0
ATF3,CETN3,0
JUN,ACAT2,0
IRF3,NFKBIZ,0
NR3C1,POLR1E,0
HDAC2,GPC3,0
MAFF,GLI1,0
BRCA1,HDGF,0
HNF4A,NUP88,0
FOXA2,EXOSC9,0
MCRS1,CTSC,0
RFX5,LITAF,0
HNF4A,MCRS1,0
FOXA2,ZNRD1,0
ATF3,A1CF,0
NR3C1,KPNA2,0
EPAS1,TFDP2,0
IRF3,POLR2G,0
JUN,GSTA2,0
TEAD4,SQLE,0
NR3C1,HAUS4,0
SRF,SMLR1,0
SMARCA4,DPPA4,0
CEBPZ,ASNS,0
RUVBL1,CCDC126,0
JUND,BLM,0
IRF3,EFTUD2,0
HDAC2,MRPS27,0
JUN,TIMM21,0
NR2F2,SHMT2,0
CEBPD,LHX1,0
EPAS1,LTV1,0
MAFF,UROD,0
EZH2,GTF3C4,0
EPAS1,CXCR4,0
MCRS1,SLC39A10,0
TEAD4,CDC23,0
CEBPD,DPYSL2,0
MYBL2,PEG3,0
CEBPZ,CRAT,0
ATF3,ELOVL6,0
CEBPZ,MCRS1,0
RUVBL1,FOSL1,0
SRF,RPUSD4,0
FOSL2,PMAIP1,0
REST,POLE2,0
TEAD4,RANGRF,0
MYC,DMKN,0
CEBPZ,CCDC77,0
TEAD4,USP1,0
MAFF,ZNF354A,0
ARID2,ZFHX3,0
NR3C1,LDB2,0
JUND,WFDC2,0
SRF,TPGS2,0
CEBPD,ASCC3,0
RUVBL1,CCNB1,0
EPAS1,SMARCA5,0
MAZ,SH3BGRL,0
BRCA1,ZMYM1,0
IRF3,ZNHIT3,0
NR3C1,ZWINT,0
FOXA2,ISG15,0
CEBPD,KLF3,0
HNF4A,RNF2,0
ATF3,ITIH4,0
MAFF,POU2F1,0
TEAD4,ADSL,0
NR3C1,AAR2,0
EZH2,OIP5,0
NR3C1,ZSCAN21,0
ARID2,NIF3L1,0
BRCA1,FGFR1,0
REST,SULF2,0
MAFF,NPRL2,0
NR3C1,SDAD1,0
ARID2,F10,0
HDAC2,ZNF107,0
RUVBL1,DDC,0
SMARCA4,CEBPA,0
BRCA1,RRM1,0
CEBPD,POU5F1,0
IRF3,XPO5,0
ELF1,ASRGL1,0
JUN,ZNF567,0
RUVBL1,R3HDM1,0
JUN,SLC38A2,0
JUN,MRPL10,0
SMARCA4,ZFP42,0
IRF3,RBPJ,0
CEBPD,DHRS3,0
NR3C1,CBX3,0
JUND,SMAD2,0
TEAD4,ACY1,0
EZH2,PUS7L,0
BRCA1,SPAG9,0
MYBL2,CEBPD,0
NR3C1,ARHGAP26,0
MCRS1,PAX6,0
TEAD4,DYNLT3,0
EPAS1,RBBP8,0
JUN,POLB,0
ATF3,ACTC1,0
BRCA1,FANCB,0
SRF,SEPT10,0
FOXA1,RAD51C,0
RFX5,NHEJ1,0
ARID2,PHGDH,0
JUN,TKT,0
EPAS1,XRCC5,0
IRF3,GPRC5C,0
BRCA1,RFC1,0
NR3C1,MRPL10,0
MYBL2,HMGA1,0
JUN,ZFP64,0
EZH2,RRM2B,0
CREB1,TMEM37,0
ARID2,BDP1,0
JUN,HAT1,0
RUVBL1,SLC38A2,0
MYC,NCAPG,0
CEBPD,CDCA7L,0
FOXA1,POLR2F,0
ATF3,MTF2,0
HNF4A,POLR2G,0
FOXA2,THAP11,0
IRF3,NOP16,0
ELF1,FAM13A,0
MCRS1,ELF1,0
CEBPZ,IGF1R,0
ARID2,SRRM1,0
SMARCA4,POLR3D,0
SRF,JARID2,0
SRF,HINFP,0
CEBPD,LGALS1,0
NR3C1,FGFR1,0
TEAD4,PPARA,0
ARID2,EXOSC3,0
RUVBL1,PPCDC,0
BRCA1,GRTP1,0
CEBPZ,MTTP,0
MAZ,PPP2R1B,0
RFX5,SALL2,0
MYC,LIG1,0
JUND,SLC7A8,0
RUVBL1,ING5,0
MAFF,MXD1,0
NR2F2,ASL,0
REST,SPP1,0
NR3C1,KLHDC2,0
EZH2,RCAN1,0
EZH2,AAAS,0
ELF1,GNRH2,0
NR3C1,MAZ,0
CEBPZ,TFF1,0
MAZ,UTP15,0
JUND,YEATS4,0
REST,ORC2,0
SMARCA4,ALB,0
BRCA1,HPX,0
NR3C1,RFC5,0
JUN,LSM10,0
RUVBL1,PFN2,0
CREB1,UCHL1,0
SMARCA4,NUP37,0
FOXA2,MLXIPL,0
MCRS1,SRM,0
MYC,REST,0
SMARCA4,SDAD1,0
ATF3,E2F4,0
MYC,SEC22C,0
CEBPZ,SMARCA5,0
MYC,UBLCP1,0
ATF3,PYGL,0
MCRS1,LIFR,0
FOXA1,YBX1,0
RFX5,MTTP,0
MCRS1,SS18,0
IRF3,ZNF581,0
IRF3,PRMT5,0
SMARCA4,FBXO6,0
MYBL2,TRIT1,0
CEBPZ,SMLR1,0
TEAD4,SLC5A6,0
SMARCC1,DNAJC2,0
SMARCC1,PDZK1,0
CEBPD,POLD3,0
RUVBL1,GDAP1,0
RUVBL1,SCPEP1,0
EPAS1,APOB,0
ATF3,DECR1,0
SRF,POLR2B,0
TEAD4,CYFIP2,0
MAZ,POLR2G,0
NR3C1,PRMT5,0
IRF3,TBRG4,0
MAFF,BMPR1A,0
MYC,ATP1B3,0
TEAD4,SS18,0
TEAD4,HMGN1,0
REST,ATG101,0
SRF,BCAS2,0
CEBPD,APOC2,0
NR2F2,RBBP7,0
RUVBL1,SLC5A6,0
CEBPZ,BBS9,0
RUVBL1,EXOSC3,0
FOXA1,HMBS,0
EPAS1,POLR2K,0
SRF,KIF23,0
EPAS1,PIGH,0
FOSL2,ZFP42,0
TEAD4,CCS,0
HNF4A,ARL15,0
TEAD4,SKIL,0
MAFF,TBC1D1,0
IRF3,TDP1,0
MCRS1,ZWILCH,0
CEBPZ,THYN1,0
JUN,SMAD2,0
EZH2,HACL1,0
RUVBL1,PAFAH1B3,0
CEBPZ,ENO1,0
IRF3,ITGB3BP,0
MAZ,PLIN2,0
EPAS1,MDK,0
SRF,ZFP64,0
FOXA1,CFAP97,0
EZH2,APEH,0
CEBPD,NUP88,0
MYBL2,PTPRM,0
NR3C1,CMSS1,0
CEBPD,DNMT1,0
CEBPD,FBXO6,0
IRF3,YEATS4,0
SRF,RNASE4,0
ARID2,IFITM3,0
RFX5,PDZK1,0
ARID2,ALG6,0
TEAD4,HARS,0
ARID2,NR2F2,0
MCRS1,PHB2,0
MCRS1,CAT,0
CEBPD,ABCE1,0
EZH2,IFRD2,0
JUN,HMGCL,0
FOXA1,ZNF33A,0
EZH2,NREP,0
CEBPZ,MRPL16,0
FOXA1,LAMB1,0
HDAC2,HMCES,0
RUVBL1,DAB2,0
BRCA1,WIPI1,0
HDAC2,C19ORF48,0
RUVBL1,CHD8,0
EPAS1,PTP4A1,0
TEAD4,UGT2B11,0
JUN,TMEM147,0
MCRS1,SAMHD1,0
EPAS1,TMEM126B,0
CEBPZ,SNRPD1,0
NR3C1,RNF4,0
RUVBL1,RAB28,0
CEBPD,HMGN2,0
EZH2,MGST2,0
RFX5,ARL14EP,0
CEBPZ,CACYBP,0
ARID2,EOMES,0
EPAS1,CCNB1,0
RUVBL1,FBL,0
TEAD4,GLIPR2,0
MYC,RAB31,0
JUND,ACTN1,0
BRCA1,APOA4,0
FOSL2,E2F7,0
MCRS1,FXR1,0
TEAD4,LDB2,0
MAZ,TIMM9,0
RUVBL1,MSH2,0
MYBL2,SHMT2,0
EZH2,C6ORF203,0
BRCA1,MTMR2,0
BRCA1,UROD,0
SRF,RRM2,0
FOXA1,BCS1L,0
NR3C1,FANCA,0
MAFF,HNRNPD,0
ARID2,POLR3E,0
EZH2,PPT1,0
NR3C1,IGF1R,0
FOSL2,CDK5RAP2,0
TEAD4,PRC1,0
JUN,C9ORF72,0
BRCA1,APOA2,0
RUVBL1,VPS72,0
SMARCA4,THRB,0
REST,RABGGTB,0
EPAS1,FOXA2,0
REST,LTA4H,0
JUN,SLC35D2,0
MCRS1,RUVBL2,0
HDAC2,NAA25,0
SMARCC1,WDR74,0
FOXA1,ZNHIT3,0
RFX5,TOPORS,0
EZH2,TATDN3,0
MCRS1,PHF5A,0
MAFF,C19ORF48,0
TEAD4,UBE2L6,0
IRF3,YWHAH,0
TEAD4,SUB1,0
MCRS1,ALPL,0
CEBPZ,NIFK,0
HDAC2,ELOVL5,0
MAFF,DPF2,0
HDAC2,HCFC1,0
RUVBL1,GXYLT2,0
MCRS1,MIS18A,0
RUVBL1,TDGF1,0
JUN,COMMD3,0
EZH2,PPP1R16A,0
RFX5,ANXA3,0
REST,CHEK2,0
HDAC2,RAD51C,0
NR3C1,GGPS1,0
EPAS1,GGPS1,0
BRCA1,UCHL1,0
ARID2,MYO10,0
NR3C1,NDUFAF4,0
ARID2,DBNDD2,0
FOSL2,MYC,0
JUN,RFC5,0
MCRS1,MYCN,0
REST,PDLIM7,0
NR3C1,TK1,0
TEAD4,MTERF3,0
FOSL2,WDR74,0
SMARCA4,NCK1,0
CEBPZ,CUTC,0
ARID2,ACAD11,0
RFX5,ZNF101,0
ARID2,TCF19,0
MAZ,MCM2,0
FOXA1,TPM2,0
ELF1,HMGB3,0
NR3C1,DDX39A,0
CEBPZ,HSD17B2,0
FOXA2,IFRD2,0
MAFF,NONO,0
SMARCA4,PPA2,0
ATF3,SS18,0
TEAD4,COPS3,0
ATF3,PPP2R1B,0
EPAS1,PTGR1,0
MAFF,SAMHD1,0
FOXA1,LRR1,0
SRF,EXOSC1,0
MAFF,SLC7A7,0
NR3C1,SAE1,0
EPAS1,ANPEP,0
EZH2,ARMC9,0
MYC,HNRNPH2,0
RFX5,RAD54B,0
ARID2,HIST1H1B,0
SMARCA4,MUSTN1,0
NR3C1,PAX6,0
CEBPZ,AAMP,0
RUVBL1,PHKA2,0
CEBPZ,MRS2,0
JUN,GALK1,0
ELF1,SCPEP1,0
NR3C1,SMLR1,0
RUVBL1,PPP2R1B,0
FOSL2,EXOSC2,0
MCRS1,APEX1,0
MAFF,CENPN,0
MCRS1,FLAD1,0
MYC,C3ORF14,0
SRF,ZFAND2A,0
TEAD4,ZFP62,0
FOSL2,GRPR,0
EZH2,DPAGT1,0
SMARCC1,DPCD,0
EPAS1,HPX,0
CEBPZ,RBBP4,0
SMARCA4,FABP1,0
MCRS1,DGAT1,0
EZH2,TPD52L1,0
SMARCA4,ZNF670,0
MYBL2,CXCR4,0
MAZ,ASNSD1,0
NR3C1,CDX2,0
JUN,UBE2C,0
JUND,HNF1B,0
MCRS1,DRAP1,0
ATF3,ALG6,0
SRF,ETV4,0
SRF,LIN28A,0
IRF3,FANCA,0
IRF3,FOXA1,0
IRF3,ATIC,0
RUVBL1,TBRG4,0
NR3C1,ACAD11,0
FOXA2,SMC4,0
MAFF,ARHGAP26,0
HDAC2,SLC25A17,0
SRF,LEFTY1,0
EPAS1,BRIP1,0
MYBL2,RFX6,0
ARID2,BRIX1,0
FOXA1,USP44,0
CEBPZ,ING5,0
ATF3,NUP85,0
NR3C1,TBRG4,0
IRF3,LTA4H,0
NR2F2,GYG1,0
EZH2,NVL,0
EPAS1,ACTN1,0
JUND,SMC6,0
NR3C1,GGH,0
CEBPZ,ORC5,0
TEAD4,ZNF397,0
MCRS1,TARBP2,0
REST,ARG2,0
IRF3,DBNDD2,0
NR3C1,CREB3L2,0
ARID2,BPHL,0
BRCA1,S100A6,0
JUN,GYG1,0
ARID2,COPS2,0
EPAS1,PLAGL2,0
EPAS1,USP44,0
MYC,PRIM2,0
NR3C1,RFX6,0
REST,MYCBP,0
SRF,HELLS,0
MAFF,NAA16,0
MCRS1,NVL,0
RUVBL1,DUT,0
MAFF,CCDC169,0
MAFF,LAMB2,0
MCRS1,IMMP1L,0
RUVBL1,KNSTRN,0
FOXA2,WDR74,0
IRF3,MTF2,0
RUVBL1,PAPSS1,0
EPAS1,TAF9B,0
IRF3,C17ORF75,0
RFX5,BLVRA,0
IRF3,ZNF766,0
HDAC2,SMARCA4,0
MAZ,KIF20A,0
MYBL2,POLR3E,0
RUVBL1,CKS1B,0
TEAD4,POLR2K,0
FOSL2,DKC1,0
SRF,HMGCL,0
ATF3,DTWD1,0
EZH2,SSBP2,0
RFX5,ZFHX3,0
SRF,UBLCP1,0
MYC,CBR1,0
MAFF,PTMA,0
ARID2,GCHFR,0
ATF3,KEAP1,0
SRF,SNAPC1,0
EPAS1,SGK1,0
RUVBL1,ACAD11,0
CEBPD,DEF8,0
EPAS1,ACY1,0
MYC,TMEM150C,0
RUVBL1,DDX39A,0
ATF3,SMAD3,0
CEBPZ,ECHDC2,0
HNF4A,DTYMK,0
HDAC2,WIPI1,0
HNF4A,HCFC1,0
HDAC2,TSN,0
SMARCC1,PMAIP1,0
MYBL2,MTUS1,0
BRCA1,SCAPER,0
SMARCA4,ACAT2,0
MCRS1,TAF11,0
MCRS1,ANAPC4,0
RFX5,JAZF1,0
MCRS1,DNMT3A,0
BRCA1,ACTN1,0
CREB1,IFITM2,0
ATF3,MTMR2,0
NR3C1,BZW2,0
SMARCA4,DEF8,0
JUND,HIF3A,0
RUVBL1,RAD1,0
MYBL2,MED21,0
RUVBL1,FBXO6,0
ELF1,NCOA6,0
JUN,CDC23,0
MAZ,RGN,0
NR3C1,MRPS27,0
MAFF,KLF5,0
HDAC2,TUBB6,0
ATF3,VRK1,0
ARID2,MCM2,0
JUN,VPS33A,0
IRF3,CEBPZ,0
HNF4A,DBF4,0
SMARCA4,FAM13A,0
CEBPZ,SRSF10,0
NR2F2,ZNF675,0
TEAD4,CA2,0
MYC,SLC7A8,0
ATF3,ITLN2,0
BRCA1,TTLL4,0
ARID2,MED20,0
MYBL2,LAMA1,0
MYBL2,TPM2,0
HDAC2,ZNF195,0
TEAD4,FAM118B,0
EZH2,SSRP1,0
TEAD4,E2F5,0
NR3C1,MYL6B,0
HDAC2,BCOR,0
ARID2,MTFP1,0
IRF3,SKIL,0
TEAD4,POLE4,0
FOSL2,EXOSC1,0
ATF3,COPS5,0
IRF3,C11ORF1,0
ARID2,GEMIN8,0
EPAS1,TIMMDC1,0
HDAC2,FGB,0
ARID2,IFNGR1,0
EPAS1,TIMELESS,0
TEAD4,CRELD1,0
MCRS1,GALM,0
IRF3,LIFR,0
ATF3,BTG1,0
BRCA1,PAK1IP1,0
SMARCC1,USP3,0
EZH2,SMLR1,0
ATF3,WDR3,0
CREB1,RAB34,0
RUVBL1,NIP7,0
JUN,NTMT1,0
CEBPD,CREG1,0
FOXA2,UCKL1,0
EPAS1,CREB3L2,0
REST,RGN,0
MAFF,SMC2,0
CEBPZ,NUP107,0
FOSL2,PLG,0
JUN,MT1X,0
JUN,SNAPC1,0
IRF3,COPS5,0
EPAS1,FOSB,0
NR3C1,EMG1,0
RFX5,HNF1B,0
BRCA1,ORC5,0
TEAD4,DPYSL2,0
RUVBL1,MLST8,0
JUN,CDK5RAP1,0
IRF3,HSD17B7,0
ATF3,FLRT3,0
TEAD4,MT1E,0
REST,ETV1,0
NR3C1,MID1,0
MCRS1,PA2G4,0
RUVBL1,ELOVL5,0
RFX5,DHPS,0
ATF3,GPN1,0
EPAS1,APOA4,0
HNF4A,EOMES,0
ARID2,FUCA1,0
MAZ,MRPS35,0
TEAD4,DDX55,0
TEAD4,SMAD3,0
MAZ,EXOSC5,0
JUN,PIM2,0
HNF4A,ABCE1,0
ATF3,C12ORF45,0
BRCA1,DNAJC2,0
HNF4A,TCF3,0
HDAC2,IMMP1L,0
RUVBL1,DPYSL2,0
MCRS1,SLC38A1,0
MCRS1,DCTPP1,0
JUND,AGO2,0
TEAD4,ZNF107,0
CEBPD,NR5A2,0
CEBPZ,CMC2,0
SMARCA4,SHKBP1,0
RUVBL1,CEP70,0
FOXA1,CNN2,0
JUND,THRB,0
IRF3,CALML4,0
RUVBL1,CENPK,0
EPAS1,CCNB2,0
HNF4A,ALDH9A1,0
ATF3,RNF26,0
NR2F2,IQCB1,0
BRCA1,SRSF6,0
CEBPZ,EIF2B3,0
RUVBL1,BCOR,0
REST,USP44,0
EPAS1,NVL,0
MYC,CCNB2,0
SMARCA4,KNG1,0
MCRS1,MRPL1,0
RUVBL1,KLF6,0
EZH2,MAT2B,0
RUVBL1,RNF2,0
FOXA1,RBBP8,0
FOSL2,ICA1,0
MCRS1,MED21,0
ELF1,SMOX,0
ARID2,ASF1A,0
IRF3,RFXANK,0
CEBPZ,ZFAND2A,0
RUVBL1,BCS1L,0
MYC,HK1,0
MCRS1,BRMS1,0
HDAC2,TIPIN,0
RFX5,PPA2,0
RUVBL1,STEAP1,0
RFX5,JMJD1C,0
JUND,E2F5,0
IRF3,MMS22L,0
ATF3,APOC3,0
HNF4A,CYP3A5,0
MYC,RNF26,0
CEBPZ,USB1,0
EPAS1,SKA3,0
ARID2,HP,0
MCRS1,GTF2H3,0
EZH2,GGH,0
MYC,HMGN3,0
RFX5,REST,0
ARID2,BCKDK,0
EZH2,BTG2,0
JUN,KATNA1,0
ARID2,TRERF1,0
IRF3,ACTC1,0
ATF3,ABCA5,0
MAFF,CBR1,0
FOXA1,PBX1,0
TEAD4,H1F0,0
ARID2,ACTL6A,0
RFX5,S100A13,0
EPAS1,AKR1B1,0
JUN,CDH2,0
HNF4A,KDM4C,0
NR2F2,MED14,0
ATF3,UROD,0
EZH2,PLG,0
NR3C1,TFDP1,0
CEBPZ,G2E3,0
HNF4A,ATG101,0
MAFF,SALL4,0
HDAC2,NT5DC2,0
EZH2,CACYBP,0
EZH2,CTPS1,0
IRF3,ZWILCH,0
IRF3,SLC39A10,0
ARID2,RNF19A,0
EPAS1,CFAP97,0
MAZ,MAF,0
FOSL2,MTERF3,0
IRF3,BPHL,0
REST,CALML4,0
JUN,CSDE1,0
IRF3,TBX3,0
ELF1,HIST1H1B,0
IRF3,THAP4,0
MCRS1,TM4SF4,0
MYBL2,AKR1D1,0
HNF4A,POLR2I,0
ARID2,SFRP1,0
MAZ,LAMA1,0
MYC,RAD51,0
ATF3,PHGDH,0
ARID2,SHKBP1,0
RUVBL1,CDK1,0
CEBPZ,POLE4,0
RUVBL1,PHC1,0
IRF3,DDX55,0
ELF1,TCFL5,0
ATF3,DPYSL2,0
ATF3,PUS7L,0
MAFF,ERBB4,0
CEBPZ,IDH3B,0
EZH2,IFT52,0
REST,IRF3,0
MCRS1,YARS,0
FOSL2,NUPR1,0
RFX5,ZWINT,0
SRF,TEAD4,0
REST,C1ORF109,0
EPAS1,SMIM20,0
FOXA1,NME2,0
RUVBL1,MTUS1,0
JUN,NHEJ1,0
RUVBL1,JARID2,0
HDAC2,CEP70,0
MCRS1,LHX1,0
RUVBL1,CENPU,0
RUVBL1,ELOVL6,0
EPAS1,DYNLT3,0
BRCA1,KIAA0586,0
REST,THAP11,0
HDAC2,ZNF217,0
TEAD4,TRIT1,0
FOSL2,PFN2,0
NR3C1,FBXO6,0
RFX5,CTSE,0
ARID2,ARHGAP26,0
RFX5,BIN1,0
JUN,MYCN,0
ATF3,MYOF,0
JUN,HIST1H1B,0
MAFF,ZNF766,0
ELF1,MYC,0
EZH2,CALML4,0
IRF3,TTR,0
EPAS1,TGIF1,0
BRCA1,VPS72,0
EPAS1,CEBPA,0
MAZ,ISG15,0
NR2F2,SLC25A11,0
EZH2,NODAL,0
EZH2,SLC29A1,0
ARID2,ING3,0
NR3C1,CENPH,0
ARID2,TM4SF5,0
MCRS1,MCM2,0
RUVBL1,CCND1,0
BRCA1,ELAVL2,0
MAFF,GDAP1,0
SRF,MAZ,0
TEAD4,KLF5,0
ATF3,TOP2A,0
MAZ,SHMT2,0
MYBL2,HMGN5,0
BRCA1,FTSJ1,0
JUND,TCERG1,0
FOSL2,RABEPK,0
ATF3,PDGFRA,0
HDAC2,SMARCA5,0
TEAD4,ANAPC4,0
BRCA1,AMZ2,0
JUN,TEX10,0
MCRS1,CHD8,0
NR3C1,SKA3,0
EPAS1,EIF5B,0
JUN,CFAP36,0
NR2F2,ZNF107,0
MCRS1,ACTN1,0
TEAD4,CRBN,0
NR2F2,NR3C1,0
MAZ,SNAPC1,0
CEBPZ,YEATS4,0
RUVBL1,C12ORF45,0
IRF3,RFC1,0
RFX5,RAB34,0
MCRS1,OCIAD2,0
EZH2,ZNF397,0
MYBL2,DDX55,0
EPAS1,PLAA,0
NR3C1,JUN,0
BRCA1,TTK,0
TEAD4,ALDH1A1,0
SMARCA4,PWP1,0
NR2F2,TRIP13,0
MYC,UBE2L6,0
REST,SRF,0
SMARCA4,SNRPB,0
EPAS1,CCDC88A,0
MAFF,AKR1C3,0
CEBPZ,PAX6,0
RUVBL1,SLC7A6,0
SRF,APEX1,0
JUND,POU5F1,0
MAFF,PPARA,0
ARID2,CMPK1,0
JUN,POLE4,0
SRF,DCLRE1C,0
MCRS1,PEF1,0
CEBPZ,ATG4C,0
CEBPZ,TTLL4,0
NR2F2,MCM6,0
CEBPD,USP7,0
RFX5,TM4SF4,0
FOSL2,SLC10A1,0
JUN,HIST1H1E,0
BRCA1,NCK1,0
NR3C1,KNTC1,0
TEAD4,VEZF1,0
HNF4A,PAX6,0
EZH2,AGO2,0
JUN,G2E3,0
MCRS1,MTERF3,0
MAZ,ECT2,0
TEAD4,RFC4,0
IRF3,PYGL,0
IRF3,DBF4,0
SMARCA4,PTGR1,0
HNF4A,MTAP,0
EZH2,UGT2B11,0
HNF4A,ELOF1,0
FOSL2,HDGF,0
SMARCA4,C1ORF109,0
BRCA1,FLRT3,0
FOSL2,ZNF195,0
ARID2,GRTP1,0
FOXA1,AATF,0
MCRS1,TBC1D31,0
MCRS1,ICE2,0
REST,SERPINB1,0
CEBPZ,ITGB3BP,0
ARID2,MPHOSPH6,0
RFX5,C3,0
BRCA1,TP53INP2,0
RFX5,SLC7A8,0
MYC,NCOA1,0
EZH2,PMS1,0
HNF4A,PSAT1,0
MCRS1,ASGR1,0
ARID2,CENPU,0
MAFF,NR2F6,0
CEBPZ,TYMS,0
MAFF,ELAVL2,0
ELF1,NRIP1,0
SRF,YBX1,0
NR2F2,RNASEH2A,0
FOXA2,LIG1,0
MYC,DPPA4,0
FOXA2,IPO5,0
REST,SFRP1,0
CEBPZ,POLR2D,0
FOXA2,ZFP36,0
BRCA1,OIP5,0
MYC,IDI1,0
SMARCA4,CMC1,0
MAFF,PRIM2,0
RUVBL1,SMLR1,0
SRF,PTMA,0
ELF1,SLC44A2,0
EPAS1,FANCL,0
MYBL2,FAM114A1,0
JUND,TFDP1,0
NR2F2,MCM5,0
MYC,ELOF1,0
JUN,CAPRIN1,0
ATF3,SLC38A2,0
NR3C1,ZNF202,0
HNF4A,DBNDD2,0
IRF3,DYNLT3,0
NR2F2,LCMT1,0
EZH2,IFITM2,0
BRCA1,RAD54B,0
ATF3,SLC10A1,0
NR3C1,ELL2,0
HNF4A,FUBP1,0
SMARCC1,RAD51C,0
BRCA1,HNRNPD,0
IRF3,TTK,0
BRCA1,CBX3,0
NR3C1,TCOF1,0
EPAS1,SCPEP1,0
JUND,DYNLT3,0
RUVBL1,MAF,0
JUND,ELAVL2,0
IRF3,HSD17B2,0
HNF4A,IFITM3,0
JUND,ALPL,0
FOXA1,GDAP1,0
ATF3,ZNF567,0
TEAD4,MAP1B,0
MCRS1,VCAN,0
RUVBL1,SEC61A2,0
SRF,ITGB5,0
EPAS1,XRCC6,0
RFX5,PDGFA,0
EPAS1,ZNHIT3,0
JUN,BCS1L,0
CEBPD,ARG2,0
CEBPZ,PIAS3,0
CEBPZ,ZNF239,0
NR3C1,CDK1,0
BRCA1,MRPL15,0
TEAD4,ZHX1,0
EPAS1,TMEM120A,0
MYBL2,DYNLT3,0
NR3C1,CUEDC2,0
HNF4A,PMM1,0
ARID2,SMC2,0
NR3C1,EXOSC5,0
ELF1,ACTN1,0
CEBPD,TCF4,0
MYC,UCKL1,0
IRF3,PON2,0
IRF3,CENPH,0
RUVBL1,C12ORF10,0
FOXA2,DKC1,0
NR3C1,PSIP1,0
MCRS1,CCNB1,0
CREB1,MDK,0
IRF3,RSU1,0
FOXA1,MT1E,0
JUN,CCDC88A,0
ATF3,NUP37,0
BRCA1,CREB1,0
NR3C1,CA2,0
FOXA2,NAA10,0
ARID2,SRF,0
ARID2,METTL21A,0
RUVBL1,EXOC5,0
JUN,KNTC1,0
FOXA1,CDK1,0
SMARCA4,KNSTRN,0
NR2F2,JUND,0
IRF3,SLC7A8,0
NR3C1,AATF,0
RUVBL1,ORC4,0
REST,DHPS,0
MCRS1,MATR3,0
BRCA1,DEK,0
RUVBL1,KIFAP3,0
ATF3,SEC14L2,0
TEAD4,NR2F6,0
IRF3,TAF1B,0
MAFF,C9ORF72,0
EPAS1,C3ORF14,0
ATF3,HDAC2,0
MCRS1,LAMB1,0
BRCA1,HPN,0
BRCA1,CDK5RAP1,0
ARID2,MRPL2,0
MYBL2,PPP1R16A,0
NR3C1,ABCA5,0
ATF3,UPP1,0
EZH2,APOC3,0
EPAS1,DPAGT1,0
HDAC2,SS18,0
TEAD4,MLH1,0
MCRS1,RAD1,0
TEAD4,NEDD1,0
MAFF,CDC6,0
FOXA1,LGALS2,0
EZH2,EPAS1,0
CEBPZ,ITGB5,0
BRCA1,RAB28,0
EPAS1,RNF4,0
EPAS1,POLE4,0
BRCA1,VTN,0
ATF3,MAP1B,0
SMARCA4,RIOK1,0
ARID2,XRCC6,0
TEAD4,IRF1,0
ELF1,NPPB,0
JUN,SAMHD1,0
REST,POLR1D,0
HNF4A,WBP11,0
ARID2,MCM6,0
HDAC2,CTSC,0
RFX5,CEBPD,0
FOSL2,CREG1,0
HNF4A,WDR5,0
HNF4A,ELL2,0
RUVBL1,ZNF581,0
TEAD4,DR1,0
SMARCA4,RANGRF,0
CEBPD,DPF2,0
EPAS1,KIAA0586,0
FOSL2,FBXO22,0
MAFF,NUPR1,0
MYBL2,BLMH,0
HDAC2,PPFIBP2,0
SMARCC1,DCUN1D5,0
MYC,MED30,0
CEBPZ,SLC7A7,0
MYBL2,U2AF1,0
HNF4A,GLI1,0
EPAS1,PIK3R1,0
EPAS1,DPF2,0
MCRS1,ARG2,0
NR3C1,DAXX,0
EPAS1,MPC1,0
JUN,UCKL1,0
CEBPD,MAP1B,0
ARID2,NRIP1,0
ARID2,KATNA1,0
FOXA2,CHTF18,0
HNF4A,TIMELESS,0
TEAD4,DBF4,0
SRF,RARRES2,0
MAFF,HNRNPAB,0
ATF3,BRIX1,0
CEBPD,SLC29A1,0
NR3C1,IFT52,0
SMARCA4,TSN,0
RUVBL1,ATG4C,0
EZH2,HMMR,0
SMARCA4,PRIM1,0
REST,NAA10,0
EPAS1,LGALS1,0
SMARCA4,ACOX2,0
JUN,FXR1,0
BRCA1,MPHOSPH9,0
REST,AASS,0
CEBPZ,NME1,0
NR3C1,NDUFAF5,0
ATF3,SERPINB1,0
ATF3,ATL2,0
CEBPZ,SEC61A2,0
HDAC2,TAF9B,0
SRF,TCFL5,0
CEBPZ,MAEA,0
ARID2,MYC,0
EZH2,MTAP,0
SMARCC1,KIFAP3,0
JUN,CBX3,0
HNF4A,SGK1,0
HDAC2,HIST1H1E,0
TEAD4,C12ORF45,0
SMARCA4,SURF2,0
FOSL2,RBP2,0
FOXA1,TMEM120A,0
MAZ,FABP1,0
ARID2,ACAT2,0
SMARCA4,CKS2,0
ARID2,HAUS2,0
HDAC2,MDK,0
TEAD4,MRPL10,0
EZH2,C9ORF72,0
EPAS1,APEH,0
RUVBL1,ZDHHC13,0
SMARCA4,APOC1,0
RUVBL1,ZWINT,0
NR3C1,SMOX,0
RFX5,MMS19,0
CEBPZ,CENPK,0
FOSL2,LIG1,0
FOXA1,SLC38A1,0
IRF3,PRKCI,0
SRF,PPP1R7,0
HNF4A,SIL1,0
MAFF,CENPF,0
NR3C1,PAFAH1B3,0
FOXA2,TKT,0
MCRS1,UFSP2,0
EPAS1,TBC1D31,0
BRCA1,CTBP1,0
ATF3,NAA15,0
NR3C1,DPH5,0
ELF1,ODF2L,0
EZH2,ELMOD2,0
MCRS1,ZNF227,0
MCRS1,SSBP3,0
MYC,FGA,0
MYC,NR2F6,0
RFX5,CBR1,0
SMARCA4,TMEM97,0
REST,UBE2E3,0
MYC,ANG,0
NR3C1,BRCA1,0
ATF3,CDC23,0
FOXA2,CALML4,0
EZH2,NR1I3,0
BRCA1,CCDC88A,0
RUVBL1,ENO2,0
SMARCA4,BCL11B,0
EZH2,C3ORF14,0
HNF4A,SEC14L2,0
BRCA1,CEBPD,0
EPAS1,TCF3,0
CEBPZ,CEP70,0
ARID2,ATF3,0
FOXA2,CYP3A5,0
RUVBL1,PROSER1,0
SMARCA4,GEMIN7,0
EZH2,TFE3,0
RUVBL1,HPX,0
NR2F2,SSBP3,0
MCRS1,ZNF561,0
EZH2,METTL8,0
MCRS1,MELK,0
BRCA1,MPHOSPH6,0
NR3C1,WDYHV1,0
RUVBL1,TRIAP1,0
EZH2,HIBCH,0
EZH2,UCHL1,0
JUN,EIF5B,0
HNF4A,SLC44A2,0
MAFF,KIF23,0
RUVBL1,MRPS27,0
REST,R3HDM1,0
TEAD4,ADNP,0
IRF3,TEAD4,0
ATF3,LCMT1,0
FOSL2,POLR2L,0
IRF3,ZNF232,0
SMARCA4,FHL2,0
BRCA1,MCM5,0
BRCA1,PTP4A1,0
ATF3,RNF4,0
EZH2,SS18,0
HNF4A,JUN,0
IRF3,AXL,0
SRF,BRIP1,0
ARID2,EXOSC2,0
SRF,APOC2,0
RFX5,HAVCR1,0
JUND,TRERF1,0
RFX5,GSTK1,0
NR2F2,ALDH9A1,0
ARID2,PON2,0
FOSL2,NFIB,0
BRCA1,HELLS,0
MCRS1,FGA,0
TEAD4,ATP1B3,0
SRF,PPP2R1B,0
JUN,SP4,0
BRCA1,EYA3,0
FOXA1,PPARA,0
HDAC2,POLR3E,0
EPAS1,CMC1,0
EZH2,NFKBIZ,0
HDAC2,CTBP1,0
ATF3,C9ORF72,0
SRF,CTSV,0
IRF3,UPP1,0
ATF3,CTBP1,0
CEBPZ,GALM,0
HNF4A,VEZF1,0
NR3C1,DDX5,0
CEBPZ,ORC2,0
MAFF,CFAP97,0
BRCA1,APOB,0
MAZ,SPINK1,0
MAZ,MLH1,0
JUND,CALML4,0
TEAD4,ABCA5,0
MCRS1,ADSL,0
IRF3,NIF3L1,0
CEBPD,DDX39A,0
RUVBL1,HMBS,0
MAZ,CNBP,0
RUVBL1,APOC2,0
JUND,USP44,0
SRF,NCK1,0
CEBPZ,TFDP1,0
RUVBL1,CENPE,0
SMARCA4,TTC4,0
ARID2,SLC25A20,0
SMARCC1,BCOR,0
HDAC2,PIM2,0
REST,MYO9A,0
HDAC2,CENPN,0
MAFF,ATP1B1,0
CEBPD,CENPU,0
HNF4A,PCGF6,0
TEAD4,PTPN12,0
FOXA2,CREB3L3,0
MAFF,LIG1,0
MAFF,ITLN2,0
RUVBL1,TRIT1,0
JUN,CYB5B,0
SRF,EMP2,0
MAZ,MAD2L1,0
CEBPZ,ZNF354A,0
ELF1,RRM2,0
JUND,USP11,0
SMARCC1,DPF2,0
SMARCA4,FOXP1,0
RFX5,RNASEH2B,0
MAFF,CAPRIN1,0
EZH2,CHEK1,0
SRF,DMKN,0
EZH2,PA2G4,0
JUND,TNNI3,0
MCRS1,UBLCP1,0
TEAD4,PCID2,0
SMARCA4,EEF1E1,0
MCRS1,PRIM2,0
NR3C1,RANGRF,0
TEAD4,ARID2,0
MCRS1,CREB3L3,0
HNF4A,DCAF13,0
BRCA1,KDELR3,0
ARID2,TAF9B,0
CREB1,IPO5,0
SMARCA4,NHEJ1,0
IRF3,ZNF567,0
HDAC2,BCAS2,0
IRF3,GLIS3,0
BRCA1,NME2,0
NR2F2,SLC35D2,0
MYC,CDK2AP1,0
ELF1,ZNF287,0
CEBPZ,CBX3,0
JUN,NAA50,0
EPAS1,LCMT1,0
ARID2,GNRH2,0
CREB1,FANCB,0
MYBL2,TFF1,0
MYC,DAB2,0
EZH2,CHCHD6,0
FOXA2,MTAP,0
NR2F2,POU5F1,0
SMARCC1,HMGN5,0
RUVBL1,POLR2F,0
EPAS1,APOA2,0
HDAC2,HDAC1,0
SRF,CCDC138,0
FOXA1,HMGB3,0
NR3C1,TADA3,0
JUN,CCND1,0
SRF,KPNA2,0
RFX5,MID1,0
TEAD4,MEST,0
HNF4A,FOXM1,0
MAZ,AFP,0
HNF4A,JAZF1,0
MYBL2,EPAS1,0
ATF3,MATR3,0
SRF,MST1,0
SRF,KLHDC2,0
NR2F2,PHKA2,0
NR3C1,ZNF33A,0
FOXA1,MAD2L1,0
RFX5,RFX6,0
RFX5,LAMA1,0
JUN,ZFYVE21,0
JUN,NR3C1,0
FOXA1,POLR3D,0
IRF3,ZFHX3,0
RFX5,TMEM150C,0
SMARCC1,MIS18A,0
MYC,ELL2,0
EPAS1,IL6ST,0
HDAC2,MTTP,0
CEBPZ,CCDC126,0
BRCA1,PWP1,0
FOSL2,RARRES2,0
SMARCA4,ZNF644,0
CEBPD,GTF3C4,0
SMARCC1,HDHD3,0
SMARCC1,LSM10,0
CEBPD,EPHX2,0
ARID2,NBAS,0
JUN,MCRS1,0
RUVBL1,APOB,0
BRCA1,SULT1A2,0
MYC,IFITM2,0
ELF1,CYP3A5,0
SRF,EZH2,0
IRF3,DCAF13,0
CEBPZ,THRAP3,0
HNF4A,POLE4,0
MAFF,GRPR,0
HNF4A,TAF5,0
RUVBL1,HSD17B11,0
SMARCA4,CFAP97,0
EPAS1,NUDCD1,0
FOXA2,SPTLC3,0
IRF3,RBM39,0
MCRS1,USP7,0
JUN,AATF,0
HNF4A,TOP2A,0
NR3C1,KIF22,0
NR3C1,THYN1,0
MCRS1,NUF2,0
SRF,FAM49B,0
SRF,TKT,0
ARID2,PIK3R4,0
MAZ,BTF3,0
RFX5,DAXX,0
RFX5,ASGR1,0
ATF3,STEAP1,0
NR3C1,ZMYM1,0
JUND,PMAIP1,0
SRF,NEDD4L,0
SMARCA4,CDK5RAP2,0
NR3C1,DPH6,0
MYBL2,APOA4,0
CEBPZ,TCF19,0
SMARCA4,GPC3,0
JUN,NUP37,0
CEBPZ,COMMD10,0
NR3C1,GTF3C4,0
ARID2,NVL,0
NR2F2,WDR5,0
MCRS1,LIN28A,0
ELF1,CDH2,0
ARID2,MRPS2,0
NR3C1,ZSWIM8,0
EZH2,HMGN4,0
RFX5,UCHL1,0
TEAD4,AKR1C3,0
ATF3,PDCD2L,0
MAFF,MPC1,0
RUVBL1,ALG6,0
RUVBL1,EED,0
SMARCA4,VIL1,0
REST,SLC7A7,0
CEBPZ,SUPV3L1,0
MAFF,SURF2,0
BRCA1,TKT,0
SRF,SCAPER,0
ARID2,MRRF,0
SMARCC1,MLF1,0
MAZ,CNN2,0
EZH2,ARSE,0
ARID2,ASPH,0
NR3C1,FASTKD2,0
FOXA1,MRS2,0
HNF4A,ZRANB2,0
NR3C1,AIMP2,0
IRF3,MRPL16,0
JUN,PITX1,0
EZH2,CENPE,0
NR3C1,IRF9,0
ARID2,AKR1B1,0
RUVBL1,GLIPR2,0
MAFF,AEBP2,0
ATF3,TNNI3,0
CEBPZ,KDM4C,0
EPAS1,ZDHHC13,0
MYBL2,RNASEH2B,0
SRF,SALL4,0
RFX5,CLDN4,0
BRCA1,IMMP1L,0
MAFF,FAM13A,0
SRF,POLR2I,0
IRF3,AMBP,0
BRCA1,SCPEP1,0
IRF3,APOB,0
MAFF,TDP1,0
CEBPZ,GRPR,0
SRF,ASRGL1,0
SRF,PSMB10,0
TEAD4,PSMD10,0
BRCA1,SRSF2,0
CREB1,ORC2,0
CEBPZ,XBP1,0
REST,DOT1L,0
EZH2,UCK2,0
MAFF,EPAS1,0
SRF,SRSF2,0
SRF,GNRH2,0
NR3C1,TRERF1,0
JUN,WDR74,0
ARID2,PSMG1,0
TEAD4,PPA2,0
RFX5,LAMB1,0
ATF3,H1F0,0
HNF4A,METTL1,0
BRCA1,RECQL,0
MCRS1,ECHDC1,0
MCRS1,TRNT1,0
RFX5,TEAD2,0
SMARCC1,COPS5,0
RUVBL1,SUCLA2,0
MCRS1,NUP37,0
BRCA1,MRPS9,0
MCRS1,CDC23,0
HDAC2,BIN1,0
MAZ,DHRS3,0
SRF,PTP4A1,0
SMARCA4,PPP1R21,0
RUVBL1,PA2G4,0
NR3C1,TSFM,0
IRF3,FOSB,0
MAZ,UBLCP1,0
ELF1,SMAD3,0
NR3C1,TRIM25,0
JUND,EPSTI1,0
ARID2,ZNF33A,0
ARID2,ZNF354A,0
JUN,APOC2,0
FOXA1,ALPL,0
BRCA1,FBXO6,0
CEBPD,SLC44A2,0
NR3C1,HP,0
IRF3,SEC11C,0
SMARCC1,SOX4,0
ARID2,VRK1,0
NR2F2,HAVCR1,0
JUN,H1F0,0
EPAS1,ZWINT,0
SMARCA4,THRAP3,0
JUN,FUCA1,0
SMARCC1,HDAC6,0
JUN,ZNF670,0
ARID2,UCP2,0
ARID2,KLHDC2,0
HDAC2,EXOSC2,0
HDAC2,ETV1,0
FOXA1,SLC2A1,0
JUN,FGA,0
SMARCA4,VCAN,0
RUVBL1,FAM151A,0
CEBPZ,PLA2G12B,0
JUN,G6PC3,0
CEBPD,FTSJ1,0
RFX5,PRIM1,0
SMARCA4,MDK,0
ARID2,ZNF638,0
FOXA1,GATM,0
ARID2,HCFC1,0
MYC,FUCA1,0
EPAS1,ZNF567,0
EPAS1,SMAD3,0
SMARCA4,TAF1A,0
FOXA1,MMS19,0
REST,LIG1,0
EPAS1,SKIL,0
ARID2,SMC4,0
BRCA1,ASF1A,0
MCRS1,TAF6,0
EZH2,NDUFAF5,0
ARID2,PLAA,0
IRF3,METTL1,0
TEAD4,ZNF33A,0
SRF,AASS,0
JUND,NR2F6,0
IRF3,SQLE,0
NR3C1,NEDD1,0
ARID2,RSU1,0
CEBPZ,ALPL,0
HNF4A,PHGDH,0
CEBPZ,SHKBP1,0
RUVBL1,ATP11C,0
EZH2,VIL1,0
ATF3,FANCL,0
EZH2,PDE6D,0
RUVBL1,JMJD1C,0
CEBPZ,ELMOD2,0
SRF,IL32,0
ELF1,LDB2,0
SRF,USP3,0
SRF,ALG8,0
EPAS1,MLH1,0
MYC,ACSL5,0
FOXA1,DPH5,0
MAFF,ASRGL1,0
RFX5,UTP18,0
EZH2,C19ORF48,0
IRF3,PA2G4,0
BRCA1,MT1E,0
ARID2,IL6ST,0
HNF4A,MOV10,0
HNF4A,SRSF6,0
NR3C1,TTK,0
ATF3,PITX1,0
FOXA1,HNF1B,0
HNF4A,RARG,0
CEBPZ,AKR1D1,0
CEBPD,PLIN2,0
SMARCC1,ALDH1A1,0
MCRS1,C1ORF109,0
ARID2,DNMT3B,0
BRCA1,IDI1,0
SMARCA4,SLC35D2,0
MYBL2,LGALS3,0
MCRS1,FAM114A1,0
HDAC2,USP3,0
HDAC2,TAF5,0
BRCA1,WBP11,0
ARID2,PCIF1,0
FOXA1,RFC5,0
CREB1,C3ORF14,0
ARID2,ESYT1,0
EPAS1,UTP18,0
CEBPD,DDC,0
MAZ,MCM5,0
RUVBL1,TUBB6,0
MAFF,FOXO1,0
CEBPD,ARMC9,0
CREB1,LTA4H,0
JUND,PPP1R16A,0
HNF4A,RBMX,0
FOXA1,ICA1,0
REST,SCD5,0
EPAS1,ALDH1A1,0
SMARCA4,SSBP3,0
FOXA2,MTTP,0
ARID2,TARDBP,0
JUN,SP100,0
NR3C1,NOSIP,0
HNF4A,EHMT2,0
IRF3,SKA3,0
IRF3,HAUS2,0
EZH2,DGAT1,0
SRF,HNF4A,0
HDAC2,SHKBP1,0
MCRS1,BPHL,0
MAFF,ACTC1,0
ARID2,DDX5,0
FOXA1,HIST1H1B,0
EZH2,GEMIN2,0
NR3C1,TRIM59,0
HNF4A,TRNT1,0
ELF1,PITX1,0
MAFF,ZNF581,0
RFX5,UPP1,0
HNF4A,NUPR1,0
ATF3,PCIF1,0
RUVBL1,HIPK2,0
FOSL2,ERBB4,0
EPAS1,HNF4A,0
EPAS1,MID1,0
NR2F2,KLF5,0
ARID2,PLTP,0
HNF4A,RNF26,0
BRCA1,EIF2B3,0
SMARCA4,KIF22,0
MCRS1,LRRC40,0
RFX5,HMGN1,0
NR3C1,ASNS,0
HNF4A,RRM1,0
IRF3,MRTO4,0
RFX5,ALDH1A1,0
MYBL2,TARBP2,0
MCRS1,POLD3,0
MYBL2,DPPA4,0
FOXA1,SUB1,0
EZH2,PAPOLA,0
BRCA1,THRB,0
RFX5,SORBS2,0
ATF3,TUBA1B,0
JUN,DCTPP1,0
BRCA1,RIOK3,0
EPAS1,ZFP36,0
EPAS1,PCGF6,0
MYC,CRYZL1,0
RFX5,VIL1,0
EZH2,NRIP1,0
MCRS1,HAUS2,0
REST,ITLN2,0
CEBPZ,PDPN,0
CEBPD,MRPS12,0
CREB1,NR5A2,0
BRCA1,CDK1,0
EZH2,RUVBL1,0
EZH2,MRPL1,0
MCRS1,ANG,0
BRCA1,THYN1,0
HNF4A,ZFP36,0
CREB1,FAM151A,0
RUVBL1,TM4SF4,0
MYBL2,SPAG9,0
MYC,AKR1D1,0
MYC,CAPN2,0
ELF1,DKC1,0
MCRS1,ANXA3,0
HNF4A,FLRT3,0
ATF3,RFX5,0
EZH2,TAF7,0
MYC,LAMA1,0
RUVBL1,SLC25A20,0
IRF3,GLMN,0
NR3C1,PCGF6,0
RFX5,ELF1,0
ARID2,CUL2,0
EZH2,SIL1,0
EPAS1,UBE2E3,0
EPAS1,ITGB3BP,0
MCRS1,CDK2AP1,0
RFX5,FGA,0
RUVBL1,SRM,0
EZH2,KIFAP3,0
BRCA1,USP7,0
EZH2,USP39,0
MCRS1,TIMMDC1,0
TEAD4,ITIH4,0
ARID2,NNT,0
MCRS1,DSN1,0
REST,SH3BGRL,0
SMARCA4,ATP1B3,0
EZH2,TP53INP2,0
EZH2,ANPEP,0
NR3C1,HNRNPH2,0
RFX5,NTMT1,0
MAFF,C3ORF14,0
MAFF,SP4,0
BRCA1,AARS,0
BRCA1,E2F4,0
CEBPZ,ZDHHC4,0
JUND,HMGB3,0
NR2F2,HMGB3,0
HNF4A,EXTL2,0
ATF3,ACADSB,0
MYBL2,ACAA1,0
EZH2,ID3,0
NR3C1,ILF2,0
TEAD4,AMZ2,0
EPAS1,MAT2B,0
EZH2,ORC5,0
CREB1,SLC7A8,0
SRF,RAB25,0
REST,RAB25,0
BRCA1,MDK,0
NR3C1,RABEPK,0
EPAS1,DECR1,0
BRCA1,TAF5,0
EZH2,MLXIPL,0
TEAD4,FOSL2,0
CEBPZ,PDLIM7,0
SMARCA4,DHRS3,0
HNF4A,NTPCR,0
ATF3,NFYB,0
MAFF,DPCD,0
ARID2,CDCA2,0
REST,FANCB,0
SMARCA4,RRM2,0
RFX5,NR3C1,0
EPAS1,FBXO6,0
ARID2,HMGN4,0
FOXA1,HOOK2,0
EZH2,G6PC3,0
EZH2,ARL6IP6,0
NR3C1,DHCR7,0
ARID2,KNSTRN,0
SMARCC1,HMGCS2,0
ELF1,FANCB,0
EPAS1,BPHL,0
CEBPD,CENPH,0
NR3C1,PSME3,0
IRF3,SUGCT,0
EZH2,ZBTB24,0
SRF,MLF1,0
ATF3,LEAP2,0
ELF1,POLR2L,0
MCRS1,U2AF1,0
CEBPZ,HDHD3,0
CEBPZ,FAM151A,0
EZH2,YEATS4,0
HNF4A,WDYHV1,0
BRCA1,CHEK2,0
MYC,ENO2,0
ARID2,PTGR1,0
MAFF,PUS7L,0
JUND,BCL11B,0
JUN,PDCD4,0
TEAD4,POLR1D,0
FOXA1,ERBB4,0
ARID2,METTL1,0
MYBL2,MCM5,0
ATF3,TCOF1,0
RUVBL1,TBC1D31,0
RUVBL1,TSR1,0
ELF1,LSM10,0
SRF,BMP2,0
MYC,HSDL2,0
HDAC2,HIF3A,0
FOXA1,PPP1R21,0
EZH2,IQCB1,0
IRF3,RAB31,0
ATF3,RARG,0
JUND,RBBP7,0
ATF3,RAD51C,0
SRF,AMBP,0
HDAC2,SHMT2,0
EPAS1,TCF25,0
MCRS1,MID1,0
MAFF,XBP1,0
HDAC2,ZNF766,0
TEAD4,FN1,0
EPAS1,ECI2,0
ELF1,TKT,0
JUN,HPRT1,0
EZH2,CEP70,0
REST,GLI1,0
ATF3,THAP1,0
RUVBL1,ASL,0
BRCA1,POU5F1,0
RFX5,MTFP1,0
SMARCA4,CTSC,0
MCRS1,BBS7,0
NR3C1,DNMT3B,0
RFX5,CD320,0
MYC,SSBP2,0
ATF3,BLMH,0
FOSL2,GSTA2,0
SRF,IFITM2,0
FOXA2,FGB,0
MCRS1,PIK3R4,0
MAFF,U2AF1,0
CEBPZ,METTL8,0
NR3C1,CHD8,0
NR2F2,H1F0,0
EPAS1,BPTF,0
EZH2,DKC1,0
REST,IGF1R,0
NR3C1,SUV39H2,0
MAZ,DHCR7,0
IRF3,MOV10,0
NR2F2,SMOX,0
MAFF,SDAD1,0
NR3C1,KNSTRN,0
EZH2,SLC25A11,0
CEBPZ,EXOSC9,0
MAFF,POLR2L,0
ATF3,HGD,0
HNF4A,SHKBP1,0
MYC,ATP1B1,0
EZH2,UCKL1,0
MAZ,RFC1,0
MCRS1,HDAC6,0
ARID2,EZH2,0
SMARCA4,PEG3,0
CEBPZ,POU5F1,0
JUND,E2F7,0
HNF4A,WDR75,0
IRF3,ZBTB24,0
MCRS1,NIP7,0
CEBPZ,WIPI1,0
EZH2,POLE4,0
HNF4A,C3ORF14,0
HNF4A,B3GNT7,0
CEBPD,HSPA14,0
MCRS1,TAF1B,0
CEBPZ,ATIC,0
FOXA1,ETV1,0
ARID2,ACTN1,0
CEBPZ,KPNA2,0
MYBL2,TMEM120A,0
NR3C1,GEMIN8,0
IRF3,ATP11C,0
ATF3,ICE2,0
FOXA1,TIMELESS,0
ATF3,F2,0
SMARCC1,HIF1AN,0
EZH2,BRCA2,0
REST,ARSE,0
MYC,UCHL1,0
CEBPZ,MYCBP,0
ARID2,TBPL1,0
NR3C1,H1F0,0
SRF,PTGR1,0
IRF3,TUBA1B,0
HDAC2,PSAT1,0
EZH2,ACAA1,0
FOSL2,SLC25A20,0
FOSL2,GATA6,0
ARID2,RBPJ,0
RFX5,PSIP1,0
EZH2,C9ORF78,0
REST,ZNF239,0
SMARCA4,DBF4,0
ATF3,ZNF91,0
RUVBL1,SOX2,0
REST,MECR,0
ELF1,GATA6,0
MCRS1,HSD17B10,0
ATF3,HIST1H1E,0
HNF4A,MLH1,0
NR2F2,BCKDK,0
HDAC2,HDHD3,0
NR3C1,LCMT1,0
HNF4A,CCS,0
IRF3,HNF1B,0
FOSL2,TAF6,0
BRCA1,POP5,0
REST,TEAD2,0
ELF1,MLF1,0
TEAD4,EXOSC1,0
EZH2,ETV4,0
CEBPD,BSCL2,0
SMARCA4,ZNF74,0
MAFF,EIF3J,0
HDAC2,HDAC6,0
EPAS1,ASXL1,0
CEBPD,MLF1,0
FOSL2,HSD17B10,0
ARID2,DNMT3A,0
SMARCA4,TIPIN,0
TEAD4,NCAPG,0
CEBPZ,PRC1,0
EPAS1,BBS9,0
BRCA1,CEBPA,0
ELF1,HELLS,0
RUVBL1,GEMIN2,0
MAFF,TFF1,0
RFX5,CTSC,0
RFX5,TMEM14A,0
JUN,TBRG4,0
ATF3,CYP3A5,0
FOXA1,FEN1,0
TEAD4,TBC1D31,0
SRF,NUP35,0
CEBPZ,SERPINF1,0
IRF3,TTI2,0
NR2F2,MLF1,0
IRF3,REST,0
NR3C1,PEX19,0
ATF3,VTN,0
FOSL2,GLMN,0
NR3C1,ALDH1A1,0
RUVBL1,CDCA3,0
TEAD4,RNF2,0
EPAS1,POLR3E,0
JUN,ACTL6A,0
FOXA1,GRPR,0
TEAD4,MT1X,0
EZH2,SPAG9,0
REST,ITIH4,0
MCRS1,POLR2L,0
MCRS1,IFITM2,0
EPAS1,PSMB10,0
REST,TCF3,0
CEBPD,ZNF217,0
CEBPD,EPS8L2,0
IRF3,PTTG1,0
SMARCC1,CTSE,0
RFX5,FANCI,0
JUND,PRIM1,0
CEBPD,GTF2E1,0
FOXA1,HMGXB4,0
MYBL2,SLC10A1,0
NR3C1,E2F5,0
ARID2,WDR75,0
NR3C1,USP39,0
EPAS1,CMSS1,0
CEBPZ,ZNF217,0
SRF,HMGB3,0
CREB1,MYOF,0
EPAS1,MPHOSPH6,0
RUVBL1,PPP1R7,0
JUN,ACTN1,0
EPAS1,TM4SF4,0
EZH2,CCDC77,0
TEAD4,ENO2,0
EPAS1,MRPL16,0
NR2F2,BSCL2,0
HNF4A,DROSHA,0
IRF3,SIAE,0
NR2F2,RABEPK,0
RFX5,TUBA1B,0
EZH2,ETV5,0
BRCA1,FOXA1,0
MAZ,EPSTI1,0
SRF,HSPA14,0
ATF3,CDCA7L,0
EPAS1,HAVCR1,0
SRF,MPHOSPH6,0
CEBPZ,CENPE,0
HNF4A,LCMT1,0
FOSL2,SLC25A11,0
MAFF,ELMOD2,0
MCRS1,POLR2F,0
SMARCA4,TRMT1,0
BRCA1,CALML4,0
HNF4A,KEAP1,0
SMARCA4,RFC2,0
JUN,ZBTB3,0
CEBPZ,PCID2,0
CEBPZ,ODF2L,0
RFX5,WDR74,0
ARID2,APOC2,0
EZH2,SMC2,0
NR3C1,SERTAD3,0
JUN,DERA,0
FOXA1,PAPOLA,0
ELF1,DDIT4,0
MYC,KIZ,0
SRF,RNF2,0
IRF3,PIK3R4,0
CEBPD,PPA2,0
IRF3,NCOA1,0
EPAS1,SF3B3,0
FOSL2,MCM5,0
FOXA1,PPP1R16A,0
MCRS1,MRPL49,0
ARID2,CCDC82,0
ATF3,VEZF1,0
RFX5,ZFP64,0
ATF3,DHCR7,0
MAFF,ALDH9A1,0
FOXA1,FGB,0
RUVBL1,SCD5,0
IRF3,PFKM,0
SMARCA4,MRPS12,0
MCRS1,TEAD2,0
HDAC2,MYC,0
BRCA1,EEF1E1,0
TEAD4,ASCC3,0
RFX5,ZMYM1,0
NR3C1,VPS33A,0
ARID2,RFC2,0
CEBPD,RABGGTB,0
SRF,ELOVL5,0
SMARCA4,PAX6,0
ARID2,RIN2,0
MCRS1,MAFF,0
BRCA1,F2RL1,0
SMARCC1,MDK,0
ARID2,NTHL1,0
CEBPZ,C12ORF45,0
MCRS1,CKAP2,0
ATF3,DDIT4,0
MYC,ID3,0
BRCA1,HARS,0
HNF4A,REST,0
SRF,KDELR3,0
EZH2,TRIM27,0
RUVBL1,HCFC1,0
JUN,CDKN3,0
ELF1,KLF3,0
HDAC2,ID2,0
MYC,SPDL1,0
FOXA2,IGF2BP3,0
ATF3,TADA3,0
NR3C1,MPC1,0
MCRS1,THAP1,0
MAZ,ALG8,0
RFX5,PIM2,0
ARID2,SPINK1,0
EZH2,OAZ2,0
TEAD4,DOT1L,0
SMARCA4,RFC4,0
FOSL2,IFT22,0
ELF1,CDX2,0
FOXA1,RBMX,0
FOXA1,HCFC1,0
HDAC2,C12ORF45,0
HDAC2,DPH6,0
EZH2,PAK1IP1,0
FOSL2,DPYSL2,0
CEBPZ,MPHOSPH6,0
ATF3,BBS9,0
BRCA1,PPIL1,0
RUVBL1,USP3,0
JUND,WDR54,0
EZH2,PTTG1,0
TEAD4,METTL5,0
ARID2,TF,0
MCRS1,PAWR,0
IRF3,CNBP,0
FOXA1,MELK,0
JUN,JAG1,0
HNF4A,POLR2F,0
EPAS1,TOPORS,0
SMARCA4,HMGB3,0
TEAD4,ZNF561,0
MAFF,HIF3A,0
IRF3,LITAF,0
REST,BMP2,0
BRCA1,MCM2,0
MCRS1,CDK5RAP2,0
FOSL2,NAA10,0
ATF3,ATP2C1,0
HDAC2,XRCC6,0
ATF3,ZDHHC13,0
NR3C1,GLIS3,0
NR3C1,THRB,0
MCRS1,GTF2I,0
FOSL2,MLST8,0
RFX5,CMC2,0
JUN,MTIF2,0
JUN,KIAA0586,0
IRF3,TM4SF4,0
RUVBL1,DGAT1,0
ATF3,VCAN,0
MYC,SMC4,0
SMARCA4,FXR1,0
FOXA1,TRIM28,0
ARID2,R3HDM1,0
HNF4A,HINFP,0
SMARCA4,EED,0
REST,WIPI1,0
MCRS1,FARSA,0
NR2F2,GSTA2,0
CEBPZ,CTSE,0
BRCA1,TAF6,0
CEBPD,PWP1,0
ELF1,TFDP2,0
RUVBL1,ARSE,0
RFX5,PFN2,0
MCRS1,NEDD1,0
ATF3,SERPIND1,0
NR3C1,LTA4H,0
ARID2,NUP93,0
MAZ,SLC25A37,0
ARID2,GRHL1,0
SRF,DBF4,0
MAZ,UROD,0
CEBPZ,POLR3D,0
ATF3,GLIS3,0
RUVBL1,QPCT,0
NR3C1,RIOK1,0
NR2F2,RAB25,0
IRF3,VCAN,0
MYBL2,REST,0
NR3C1,AGT,0
MAFF,TRIM28,0
JUN,ZSWIM7,0
RFX5,APOC2,0
CEBPD,SAE1,0
IRF3,PDPN,0
SMARCA4,ZDHHC4,0
BRCA1,IFITM1,0
BRCA1,TUBA1B,0
SRF,ANAPC7,0
MCRS1,SRRM1,0
CEBPZ,WDR5,0
CEBPZ,PLTP,0
MYC,NUDT1,0
JUN,FTSJ1,0
TEAD4,ACAA1,0
EPAS1,TNFAIP3,0
TEAD4,PDCD4,0
IRF3,RNASE4,0
SRF,ERBB4,0
SMARCA4,PRIM2,0
BRCA1,NEK2,0
SMARCC1,NCOA1,0
ARID2,RABEPK,0
EZH2,POLR2K,0
EZH2,QPCT,0
SMARCA4,EXOSC5,0
ARID2,SLC38A1,0
MYC,CUEDC2,0
HNF4A,NR3C1,0
SRF,MRPS2,0
JUN,CDC20,0
FOSL2,HMGN3,0
EPAS1,EZH2,0
SRF,SFRP1,0
RFX5,HDAC2,0
NR3C1,HNRNPH3,0
TEAD4,TRIM28,0
JUN,SSRP1,0
RUVBL1,LAMB2,0
ATF3,AEBP2,0
ELF1,WFDC2,0
MYBL2,ZFP42,0
JUN,PARP1,0
TEAD4,CTSV,0
CEBPZ,DDHD1,0
HNF4A,FGB,0
BRCA1,DHCR7,0
FOSL2,USP44,0
IRF3,BIN1,0
EPAS1,PSMD10,0
SRF,GSTA2,0
CEBPZ,MRPS35,0
EPAS1,RNF2,0
EPAS1,CREB3L3,0
JUN,E2F4,0
TEAD4,FMO5,0
SMARCA4,PHF11,0
IRF3,TRIM28,0
EZH2,TIMMDC1,0
CEBPD,CTDSPL,0
CEBPZ,PLK1,0
SRF,SLC39A1,0
MAFF,DDIT3,0
MCRS1,SLC38A2,0
ARID2,PEX19,0
HDAC2,SALL4,0
SMARCA4,ZNRD1,0
ATF3,HMMR,0
CEBPD,LGALS3,0
MCRS1,CAPN2,0
MAFF,CDX2,0
MYC,ARG2,0
RFX5,MRPL10,0
TEAD4,E2F3,0
NR3C1,GSN,0
ATF3,POLR2B,0
CEBPD,ZNF74,0
ARID2,TEAD4,0
IRF3,THOC1,0
IRF3,TDGF1,0
TEAD4,SSBP3,0
IRF3,EYA3,0
ATF3,ACOX2,0
MCRS1,SMARCA5,0
MAZ,EXOSC9,0
MCRS1,QPCT,0
BRCA1,TMEM177,0
IRF3,APOA2,0
BRCA1,ANAPC7,0
RUVBL1,POLE4,0
SMARCA4,DMKN,0
IRF3,ABCE1,0
EPAS1,EWSR1,0
MCRS1,M6PR,0
NR2F2,ID3,0
ARID2,SNRNP25,0
MYBL2,APOC3,0
REST,RAMP1,0
SRF,NT5DC2,0
CEBPZ,TGIF2,0
MCRS1,KEAP1,0
NR3C1,SRSF3,0
IRF3,CTSC,0
IRF3,NEDD1,0
EZH2,FOSB,0
SMARCA4,GPN3,0
CEBPZ,SLC5A6,0
ARID2,NTMT1,0
NR3C1,POLR2G,0
MYBL2,GSTA2,0
CEBPZ,PDCD2L,0
EPAS1,HDAC2,0
RFX5,WDR43,0
FOSL2,SYTL2,0
ATF3,ERBB4,0
JUN,CYFIP2,0
EPAS1,ZFYVE21,0
MAFF,CDK4,0
EPAS1,BCAS2,0
TEAD4,MTAP,0
JUN,RGN,0
NR3C1,HDGF,0
BRCA1,PTPN12,0
MAZ,ASNS,0
IRF3,PHC1,0
MAFF,CTPS1,0
ARID2,DHPS,0
TEAD4,SLC39A5,0
RUVBL1,MELK,0
MCRS1,ACAT2,0
MCRS1,ZMYM1,0
CEBPD,YAF2,0
TEAD4,SPTLC3,0
CEBPZ,AAAS,0
BRCA1,WRB,0
CEBPD,ECHDC2,0
MAFF,MCM5,0
SMARCA4,HNRNPAB,0
CEBPD,HDAC2,0
CEBPZ,EMP2,0
JUND,NAA10,0
TEAD4,TUBA1B,0
NR3C1,LAPTM4B,0
HNF4A,WFDC2,0
RFX5,MTUS1,0
EPAS1,DEPDC7,0
EZH2,PTPN12,0
JUN,MCM6,0
JUN,ILF2,0
MYBL2,RGN,0
CREB1,SOX4,0
SRF,TTF2,0
HNF4A,HDAC2,0
RUVBL1,METTL5,0
ARID2,FAM118B,0
EPAS1,SVIL,0
IRF3,RBP4,0
JUND,MYCN,0
ARID2,SCPEP1,0
ARID2,TBX3,0
RFX5,GMEB1,0
ARID2,EIF5B,0
CEBPD,USB1,0
SMARCA4,DAB2,0
JUN,SMARCE1,0
CEBPZ,BCOR,0
MCRS1,WDR3,0
IRF3,GPN1,0
MYC,CDK1,0
BRCA1,PUS7L,0
REST,NUCB2,0
CEBPD,HACL1,0
CEBPZ,RCAN1,0
CREB1,ICA1,0
EZH2,RAB25,0
EPAS1,PAPSS1,0
EZH2,ECD,0
MYBL2,MRPL49,0
EZH2,NUPR1,0
NR3C1,E2F3,0
CEBPD,TSN,0
MYBL2,TRIP13,0
EPAS1,SNRPD1,0
NR3C1,LGALS2,0
EZH2,WBP11,0
ARID2,MRPL49,0
MAZ,NREP,0
FOXA1,SLC25A4,0
MYBL2,LHX1,0
SRF,ZNF300,0
NR3C1,ESCO2,0
BRCA1,METTL21A,0
EPAS1,FLRT3,0
CEBPD,MAD2L1,0
JUN,BST2,0
HDAC2,TPM2,0
FOSL2,CTPS1,0
SMARCA4,ODF2L,0
MCRS1,ECHDC2,0
RUVBL1,UCHL1,0
MAFF,AGO2,0
FOXA1,FXYD5,0
NR2F2,LIN28A,0
SMARCC1,ZNF227,0
CREB1,OCIAD2,0
EPAS1,AKR1C3,0
SMARCA4,AKR1D1,0
REST,PDCD2L,0
IRF3,UBE2L6,0
SRF,LHX1,0
EPAS1,SMOX,0
MCRS1,EXOSC5,0
TEAD4,JUN,0
MCRS1,APOA2,0
SRF,POLR3G,0
FOSL2,MEP1A,0
JUN,GGH,0
EPAS1,VIL1,0
IRF3,NAA25,0
SRF,TCOF1,0
MCRS1,CDKN3,0
NR3C1,NR2F6,0
ARID2,JUN,0
MYBL2,TRNT1,0
SMARCA4,HACL1,0
ARID2,TTK,0
EZH2,TIMM50,0
SRF,ACOX2,0
MAFF,PDGFA,0
SMARCA4,BRIP1,0
CEBPZ,POLE2,0
ARID2,CRYZL1,0
MAFF,ALG6,0
MCRS1,NUCB2,0
CEBPZ,FGA,0
FOXA1,DUT,0
CEBPD,ELF1,0
JUN,RFC4,0
TEAD4,LRRC1,0
SRF,ATG101,0
MAFF,ELP6,0
MCRS1,TRIM28,0
RUVBL1,ACOX2,0
EPAS1,NR3C1,0
SRF,NTPCR,0
TEAD4,ARSE,0
IRF3,EPS8L2,0
JUN,RREB1,0
ATF3,TMEM150C,0
JUN,MRPL49,0
BRCA1,DCUN1D5,0
NR3C1,SEC22C,0
HNF4A,CTPS1,0
MAZ,ZNF160,0
FOXA2,CAPRIN1,0
RUVBL1,POLR1E,0
MCRS1,CLDN4,0
CEBPZ,GMNN,0
TEAD4,F2RL1,0
ARID2,TAF7,0
EPAS1,GGCT,0
ARID2,DBF4,0
NR3C1,CSDE1,0
CEBPZ,POLR2B,0
HDAC2,YWHAH,0
MAFF,TM4SF4,0
EPAS1,STMN1,0
SRF,TGIF1,0
EZH2,TAF6,0
RUVBL1,FAM49B,0
FOXA2,APOA4,0
FOXA1,SNRPD1,0
RFX5,ZWILCH,0
NR3C1,ZNF146,0
CEBPZ,KIF22,0
RFX5,ANP32E,0
EPAS1,CKS2,0
NR3C1,BIRC5,0
ARID2,DUT,0
MAZ,SLC35D2,0
FOXA1,NPM1,0
HDAC2,FOXO1,0
NR2F2,CREG1,0
TEAD4,ZSWIM8,0
MAZ,UTRN,0
IRF3,ZNF675,0
SRF,PHC1,0
CREB1,GLIPR2,0
NR3C1,HAUS2,0
MYC,MIS18A,0
MYC,TCF3,0
RFX5,WRB,0
HNF4A,SSBP3,0
NR3C1,SLC25A37,0
NR3C1,ATP2C1,0
RFX5,SLC39A5,0
SRF,ASNS,0
MAFF,POLE4,0
MCRS1,ZNF202,0
ARID2,MST1,0
SRF,ECHDC1,0
CEBPD,STEAP1,0
HDAC2,PREB,0
MCRS1,SLC35D2,0
HDAC2,PHC1,0
HDAC2,CSRP2,0
ATF3,PEX19,0
NR3C1,GATA6,0
EZH2,FAM118B,0
FOXA1,H1F0,0
SMARCA4,WIPI1,0
ATF3,APOA1,0
MYC,PAX6,0
MCRS1,MMS22L,0
RUVBL1,DNAJC2,0
SRF,ZNF202,0
ATF3,RAB25,0
HNF4A,DAB2,0
ARID2,TMEM37,0
MYBL2,ZNF160,0
NR2F2,FXYD5,0
SMARCA4,PARPBP,0
RUVBL1,ZNF300,0
JUN,MRPS27,0
TEAD4,PCIF1,0
JUN,TRIM25,0
MAFF,PSAT1,0
NR2F2,MYOF,0
TEAD4,DCAF13,0
JUN,HMGCS2,0
CEBPD,SLC7A6,0
EZH2,APOC2,0
TEAD4,ZNF239,0
RFX5,POU5F1,0
MAFF,PPA2,0
SRF,GMNN,0
ELF1,CTSV,0
FOXA1,FGFR1,0
SMARCA4,NEK2,0
SMARCA4,EXOSC2,0
RUVBL1,CETN3,0
CEBPZ,HNRNPH2,0
MYC,EXOSC3,0
IRF3,LAMC1,0
CEBPZ,PCGF6,0
HNF4A,MEST,0
BRCA1,C3,0
JUN,S100PBP,0
CEBPZ,KATNA1,0
JUN,COPS2,0
RFX5,LHX1,0
RFX5,CALML4,0
JUN,CDCA3,0
CEBPZ,THAP11,0
TEAD4,BLM,0
SRF,PRKCE,0
HNF4A,NAA15,0
HDAC2,USP45,0
RUVBL1,CYB5B,0
HDAC2,UHRF1,0
MYBL2,GALE,0
NR3C1,AHSG,0
REST,OCIAD2,0
SMARCA4,UBE2C,0
FOXA1,SRSF6,0
MYBL2,DHCR7,0
RUVBL1,ZNF567,0
ARID2,TMEM69,0
MAFF,NHEJ1,0
EZH2,ISY1,0
MYC,ALG6,0
MYC,RFC5,0
ARID2,MELK,0
ARID2,ING1,0
NR3C1,BMPR1A,0
HDAC2,EHMT2,0
ATF3,MED14,0
HDAC2,JAG1,0
RFX5,DLGAP5,0
NR3C1,MT1G,0
JUN,EMG1,0
EPAS1,AEBP2,0
MCRS1,CYFIP2,0
EPAS1,SP4,0
ARID2,TCFL5,0
ARID2,ISY1,0
JUN,IRF1,0
REST,DPCD,0
ARID2,ASRGL1,0
MAFF,CYP3A5,0
EZH2,ABCA5,0
SMARCC1,POLR3E,0
FOSL2,CENPH,0
RUVBL1,FANCI,0
SMARCA4,EYA3,0
ARID2,F2RL1,0
BRCA1,CENPU,0
RFX5,ERAL1,0
TEAD4,EMP2,0
MYC,FANCB,0
MAZ,SULF2,0
JUN,DAXX,0
HNF4A,HDAC1,0
RUVBL1,F3,0
RUVBL1,NOL10,0
SRF,SLC7A6,0
HDAC2,CCDC169,0
MYBL2,C12ORF45,0
JUN,KDM4C,0
MYC,RFX5,0
RFX5,FXYD5,0
TEAD4,RAD51,0
FOXA2,UMPS,0
MAFF,MYL6B,0
SMARCA4,BST2,0
TEAD4,ZNF91,0
HNF4A,EXOSC8,0
REST,PDGFA,0
EZH2,NOSIP,0
SMARCA4,PARP1,0
IRF3,SMARCE1,0
MAFF,NPPB,0
MYBL2,ZNF675,0
TEAD4,GGPS1,0
FOSL2,S100A6,0
NR3C1,ASCC3,0
EPAS1,TMEM237,0
HDAC2,LDB2,0
REST,APOC1,0
REST,CNOT10,0
ATF3,RIOK3,0
IRF3,JUND,0
NR3C1,NEDD4L,0
ATF3,FOXO1,0
RUVBL1,LTV1,0
RUVBL1,PIAS2,0
BRCA1,FMO5,0
BRCA1,HAUS1,0
EPAS1,ALG8,0
HDAC2,FAM151A,0
JUND,PSMD10,0
TEAD4,GALK1,0
ATF3,SLC35B4,0
HDAC2,VEZF1,0
MCRS1,DDX39A,0
HDAC2,ELAVL2,0
RUVBL1,C17ORF75,0
CEBPD,FOSB,0
CEBPD,SPP1,0
NR3C1,UCHL5,0
IRF3,UFSP2,0
RUVBL1,ENO1,0
JUN,KIFAP3,0
EZH2,PIAS3,0
NR3C1,CACYBP,0
REST,MYOF,0
ATF3,OPA1,0
ATF3,PNPT1,0
FOXA1,ARHGAP26,0
TEAD4,ASPH,0
TEAD4,GLUD1,0
JUN,GATM,0
TEAD4,ERAL1,0
CEBPZ,NUDCD1,0
JUN,TPGS2,0
TEAD4,USP11,0
FOXA1,IFT22,0
RUVBL1,RFC5,0
BRCA1,AFP,0
ARID2,BZW2,0
FOXA2,TRIT1,0
CEBPD,MED21,0
RUVBL1,TMEM150C,0
MAFF,ASPH,0
EZH2,NUDT15,0
NR3C1,KLHL7,0
BRCA1,FOXO1,0
MAZ,ZNF101,0
CEBPD,USP3,0
RUVBL1,SALL2,0
IRF3,ACAD11,0
CEBPZ,ACSL5,0
FOSL2,BIN1,0
BRCA1,RARG,0
JUN,MRPS9,0
ARID2,ZBTB3,0
EPAS1,MCM4,0
CEBPZ,LAMC1,0
JUN,PAFAH1B3,0
RFX5,CKS1B,0
SRF,HSD17B10,0
RFX5,ALDH9A1,0
JUND,CEBPD,0
SRF,NPM1,0
HNF4A,ASRGL1,0
NR2F2,SLC44A2,0
RUVBL1,HAVCR1,0
EPAS1,POLR2G,0
BRCA1,PMAIP1,0
CEBPZ,FXR1,0
MAFF,SEPT10,0
EZH2,ASPH,0
SRF,PITX1,0
FOXA2,TNNI3,0
ELF1,HAVCR1,0
MCRS1,CTSV,0
MAZ,COPS5,0
IRF3,BMPR1A,0
JUND,DNA2,0
IRF3,ZNF589,0
MAZ,POLE2,0
EPAS1,MRPL15,0
CEBPZ,MYCN,0
MAZ,FBL,0
RUVBL1,EMP2,0
IRF3,ASGR1,0
REST,DDHD1,0
NR3C1,COQ3,0
CEBPZ,TK1,0
IRF3,RBBP4,0
MAFF,DMKN,0
RUVBL1,SVIL,0
MAFF,ZFP36,0
HNF4A,MGME1,0
NR3C1,EPB41L2,0
ARID2,HMGCR,0
MYC,NFATC2,0
SRF,CEBPA,0
NR2F2,DNMT3B,0
MCRS1,PSEN1,0
JUND,UBE2E3,0
HNF4A,POLE2,0
SMARCA4,DOT1L,0
HDAC2,FEN1,0
CEBPZ,RFX6,0
ARID2,MYBL2,0
EZH2,EMG1,0
TEAD4,EXOSC2,0
JUN,HIST1H2BC,0
FOSL2,SMAD5,0
EPAS1,PRC1,0
MAFF,ZFYVE21,0
MYBL2,SCD5,0
EZH2,EXOSC3,0
FOSL2,NR2F2,0
FOXA1,SMC2,0
FOXA1,DNA2,0
JUN,RBBP8,0
CEBPD,CHEK2,0
HNF4A,HNRNPK,0
IRF3,RIOK1,0
MAZ,GGCT,0
ELF1,UCKL1,0
MAFF,DHCR7,0
CEBPZ,EWSR1,0
SRF,TCF3,0
IRF3,FXR1,0
MYC,PIAS3,0
ARID2,POLR1E,0
FOSL2,RAD51C,0
MAFF,SCPEP1,0
BRCA1,ITGB5,0
RUVBL1,POLR1B,0
MAFF,EXOSC2,0
HNF4A,VPS26A,0
RFX5,EHMT2,0
ATF3,TM7SF3,0
CEBPD,IFITM1,0
TEAD4,WDYHV1,0
MYBL2,MAP1B,0
ATF3,ELMOD2,0
JUN,CREB3L3,0
JUN,DUT,0
SMARCA4,CTSE,0
SRF,SMAD2,0
BRCA1,HSD17B14,0
EZH2,LDB2,0
BRCA1,HP,0
EZH2,POU2F1,0
SRF,RNF4,0
TEAD4,CTDSPL,0
BRCA1,EPB41L2,0
JUN,MRPS2,0
HNF4A,SEC61A2,0
BRCA1,C1GALT1,0
EZH2,TBX3,0
BRCA1,MSH2,0
HDAC2,TCF25,0
MYBL2,DUT,0
JUN,ATL2,0
MAZ,LGALS1,0
RUVBL1,NAA50,0
SRF,ZNF589,0
BRCA1,PRPS2,0
MCRS1,MUSTN1,0
JUN,LIG1,0
BRCA1,MCM7,0
TEAD4,LIN28A,0
RUVBL1,PDE6D,0
ATF3,TGIF2,0
ATF3,MRTO4,0
JUN,CSRP2,0
EZH2,ESYT1,0
IRF3,METTL18,0
MYBL2,PCGF6,0
REST,MUSTN1,0
NR3C1,DNAJB9,0
BRCA1,CHCHD6,0
MCRS1,CEBPD,0
CEBPZ,METAP1,0
IRF3,GPATCH4,0
HDAC2,NCOA6,0
RFX5,ZNF227,0
RUVBL1,BRCA1,0
EZH2,MPHOSPH9,0
MYC,ODF2L,0
TEAD4,LAPTM4B,0
NR3C1,ABCE1,0
EPAS1,MCM3,0
TEAD4,RREB1,0
HNF4A,BRMS1,0
EPAS1,HIST1H2BC,0
RUVBL1,ZDHHC4,0
MCRS1,FLRT3,0
MAFF,PIAS2,0
EPAS1,CSDE1,0
EPAS1,PPA2,0
BRCA1,MPC1,0
ARID2,GEMIN2,0
MCRS1,SLC25A11,0
REST,SOX2,0
TEAD4,MPC1,0
ATF3,HSD17B10,0
CEBPZ,DNA2,0
IRF3,GABPB1,0
ATF3,FXYD5,0
RFX5,ZNF195,0
JUND,APOA4,0
JUND,WDR5,0
MAZ,RAD51,0
MCRS1,TBRG4,0
SMARCA4,FANCB,0
EZH2,FANCB,0
JUN,WDR5,0
SMARCA4,TFDP1,0
CEBPD,CCDC82,0
ATF3,SNRPD1,0
ATF3,CD320,0
ARID2,B3GNT7,0
ARID2,USP1,0
ARID2,ABCE1,0
MAFF,SLC39A10,0
TEAD4,G6PC3,0
SRF,RAB31,0
SRF,SMAD5,0
CREB1,ARL6IP6,0
RUVBL1,HIF3A,0
BRCA1,PDGFA,0
SMARCA4,ORC5,0
SMARCA4,EHMT2,0
CREB1,PREB,0
CEBPD,PPP1R7,0
RUVBL1,TGIF1,0
SRF,LMO7,0
ATF3,EGR1,0
CREB1,JAZF1,0
HDAC2,ETV5,0
NR2F2,LAPTM4B,0
HNF4A,KIF20B,0
EZH2,LMO7,0
REST,PREB,0
IRF3,MYOF,0
SMARCA4,CENPW,0
RUVBL1,TIMELESS,0
JUN,SF3A3,0
IRF3,NUDCD1,0
SMARCA4,FANCD2,0
MCRS1,ALDH1A1,0
ATF3,HMGA1,0
IRF3,GTF2H2,0
EZH2,CEBPZ,0
HNF4A,SP4,0
ARID2,ZNF766,0
EPAS1,VCAN,0
SMARCA4,HARS,0
NR3C1,RPUSD4,0
EZH2,PAPSS1,0
BRCA1,SH3BGR,0
MCRS1,MTHFD1,0
SRF,APOC1,0
BRCA1,TTC4,0
MAFF,MTFP1,0
TEAD4,WDR75,0
JUN,RBMX,0
SMARCA4,NIF3L1,0
CEBPZ,TOPORS,0
MCRS1,E2F3,0
SMARCA4,FGG,0
REST,SURF2,0
TEAD4,HAUS2,0
EZH2,EPHX2,0
EZH2,KIF20B,0
SMARCC1,SPP1,0
MCRS1,CFAP20,0
BRCA1,CDKN1A,0
MYC,GTF3C4,0
BRCA1,SDAD1,0
EZH2,GLMN,0
FOXA1,FBXO22,0
NR3C1,FAM49B,0
EZH2,GRPR,0
MAFF,ZNF195,0
HNF4A,MRPS27,0
MCRS1,HK1,0
MAFF,PDE6D,0
RUVBL1,RECQL,0
MAFF,TEX10,0
MYC,EHMT1,0
MCRS1,ZDHHC13,0
ARID2,POLR2D,0
HDAC2,ING1,0
MYBL2,KDELR3,0
MCRS1,MTUS1,0
BRCA1,NUP37,0
EZH2,ANXA4,0
FOXA2,TMEM120A,0
ATF3,NAA16,0
JUN,BRIX1,0
JUN,GRPR,0
SMARCA4,HNRNPH3,0
IRF3,GGH,0
MCRS1,FMO5,0
BRCA1,OCIAD2,0
BRCA1,CTSE,0
JUND,PPP2R1B,0
CEBPZ,FASTKD2,0
ELF1,LAMB1,0
CEBPZ,CENPU,0
SMARCA4,AMBP,0
EPAS1,GATA6,0
EPAS1,NIP7,0
SRF,HACL1,0
CEBPZ,ZNF253,0
EPAS1,ZNF202,0
CEBPD,CREB3L2,0
RFX5,AGO2,0
REST,HAVCR1,0
ARID2,APEX1,0
ATF3,NR1H3,0
SMARCA4,GCHFR,0
NR3C1,ZNRD1,0
EZH2,ATG4C,0
CEBPD,NEK2,0
SRF,TMEM126B,0
IRF3,HMGXB4,0
HDAC2,ARL15,0
MYC,COPS5,0
FOXA2,EHMT1,0
MCRS1,THYN1,0
MYBL2,GSTA1,0
MAZ,ZNF253,0
ARID2,POLR2I,0
CEBPZ,UGP2,0
BRCA1,DPH5,0
CEBPZ,METTL5,0
EZH2,GSTA1,0
ARID2,SIL1,0
MYC,EGR1,0
NR3C1,ZNHIT3,0
FOXA2,TAF5,0
BRCA1,KLF3,0
ATF3,GATAD2B,0
MCRS1,RBP2,0
MCRS1,EXOC5,0
IRF3,EEF1E1,0
SMARCC1,ZNF287,0
HDAC2,UTRN,0
SMARCC1,TRIM59,0
EZH2,REST,0
FOXA1,FLRT3,0
TEAD4,TMEM177,0
NR3C1,POLR3G,0
IRF3,HJURP,0
JUN,NONO,0
RUVBL1,TIMM50,0
MAFF,PISD,0
RUVBL1,ELF1,0
ATF3,ZNF227,0
SRF,ID3,0
RUVBL1,ZNF589,0
IRF3,EXOSC5,0
EPAS1,GLI1,0
BRCA1,C9ORF72,0
BRCA1,ACY1,0
IRF3,TP53,0
JUN,PNPT1,0
SRF,HMGN2,0
ATF3,PRIM1,0
ARID2,THOC1,0
RFX5,VTN,0
RFX5,SULF2,0
MAZ,ACTC1,0
BRCA1,DDC,0
HDAC2,NR2F2,0
ARID2,SP4,0
NR3C1,SH3BGRL,0
EPAS1,RAD51C,0
IRF3,RBBP7,0
ATF3,TYMS,0
ARID2,MYBBP1A,0
ELF1,KDM4C,0
TEAD4,JAZF1,0
EZH2,SMARCD2,0
FOXA1,TEAD4,0
BRCA1,ENO2,0
HDAC2,CYB5B,0
EPAS1,OAZ2,0
REST,DBNDD2,0
REST,PPCDC,0
EPAS1,NFIB,0
TEAD4,CENPW,0
CEBPD,R3HDM1,0
IRF3,CKS2,0
MCRS1,PRKCE,0
RUVBL1,TMEM69,0
ARID2,RAB34,0
CEBPZ,B3GNT7,0
EPAS1,ANAPC7,0
BRCA1,ZNF589,0
RFX5,TUBB6,0
SMARCC1,IGF2BP3,0
EZH2,POU5F1,0
FOXA2,ISY1,0
FOSL2,SPINK1,0
ARID2,ECSIT,0
HDAC2,LAMA1,0
RFX5,GABPB1,0
CEBPZ,PPA2,0
JUND,TAF6,0
IRF3,MPHOSPH6,0
ELF1,SGK1,0
EZH2,GTF2F2,0
JUN,MECR,0
TEAD4,MECR,0
HNF4A,RBPJ,0
RUVBL1,MLH1,0
JUN,ICA1,0
RUVBL1,DMKN,0
NR2F2,PYGL,0
ARID2,S100A16,0
NR2F2,ZFAND2A,0
ATF3,MOV10,0
HDAC2,ITLN2,0
CEBPZ,KLF5,0
MYC,TMEM126B,0
RUVBL1,CMC1,0
JUN,HMGCR,0
RUVBL1,SPDL1,0
EPAS1,DROSHA,0
EPAS1,MTTP,0
CEBPZ,SCPEP1,0
BRCA1,KEAP1,0
EPAS1,LIN28A,0
MYC,DERA,0
TEAD4,ITGB5,0
ARID2,UBE2L6,0
FOSL2,CSRP2,0
SMARCA4,ZNF227,0
ATF3,KIF20A,0
MAZ,HPRT1,0
HNF4A,CDX2,0
JUN,HMMR,0
HDAC2,CYP3A5,0
JUN,NREP,0
ARID2,SUCLA2,0
ARID2,MPHOSPH9,0
EZH2,EPS8L2,0
RFX5,KLF6,0
NR2F2,A1CF,0
RUVBL1,POLD3,0
MAZ,NTPCR,0
MYBL2,RABGGTB,0
IRF3,IFRD2,0
CEBPZ,CCDC138,0
FOSL2,BPHL,0
MAFF,SUCLA2,0
SRF,PPA2,0
TEAD4,DPH6,0
HDAC2,CDCA7L,0
MAFF,IGF1R,0
TEAD4,HMGXB4,0
BRCA1,MYCN,0
TEAD4,DROSHA,0
RUVBL1,FOXA2,0
CEBPZ,RARRES2,0
IRF3,CENPF,0
ATF3,PCNA,0
NR3C1,ATG101,0
EPAS1,BCS1L,0
CEBPD,NFATC2,0
MAFF,DDB2,0
MYC,SIAE,0
JUN,SULF2,0
RFX5,POLR3E,0
HNF4A,HJURP,0
EZH2,CENPU,0
MCRS1,F10,0
BRCA1,ING5,0
REST,ZFP36,0
CEBPZ,APOA1,0
JUND,GRHL1,0
NR3C1,ECSIT,0
SMARCA4,DDX54,0
HNF4A,ISY1,0
CEBPZ,NIF3L1,0
EPAS1,ATL2,0
HNF4A,HMMR,0
MYBL2,USP11,0
ARID2,M6PR,0
FOSL2,CAT,0
EPAS1,DCAF13,0
HNF4A,ARHGAP26,0
JUN,CALML4,0
ARID2,CCNB1,0
BRCA1,HMGCR,0
NR3C1,BRIP1,0
HNF4A,SMC4,0
MYC,SORBS2,0
MYC,THAP11,0
CEBPZ,NIP7,0
SMARCA4,BTG2,0
MAFF,MRPL2,0
HNF4A,UBE2L6,0
BRCA1,CRBN,0
CEBPZ,TSFM,0
TEAD4,IVNS1ABP,0
FOXA2,RARG,0
NR3C1,PMM1,0
EZH2,ARL15,0
EPAS1,RAB34,0
FOXA2,PHGDH,0
NR3C1,TMEM41A,0
HNF4A,ECT2,0
JUN,ZNF287,0
CEBPZ,MYO10,0
JUN,TSR1,0
EZH2,SH3BGR,0
REST,SP4,0
JUND,TSR1,0
MCRS1,UHRF1,0
IRF3,TOPORS,0
IRF3,MCM8,0
RUVBL1,SLC25A17,0
TEAD4,ZGRF1,0
SMARCA4,CMPK1,0
BRCA1,MECR,0
IRF3,PHGDH,0
EZH2,ISG15,0
MYBL2,TMEM97,0
IRF3,POLD2,0
BRCA1,SLC44A2,0
CEBPZ,GCHFR,0
HDAC2,FARSA,0
HNF4A,SIRT1,0
NR3C1,FUCA1,0
JUND,TCOF1,0
SRF,TGIF2,0
FOXA1,CFAP20,0
SRF,DNMT3B,0
JUN,ECI2,0
IRF3,BTG1,0
BRCA1,CMC2,0
SMARCC1,INMT,0
CEBPD,APOC1,0
MCRS1,ODF2L,0
NR3C1,C11ORF1,0
JUN,CRYZL1,0
RUVBL1,RFC2,0
EZH2,JMJD1C,0
SMARCA4,POLR2K,0
FOXA2,NFYB,0
NR2F2,ZNF287,0
CEBPZ,SSBP3,0
EPAS1,CDK5RAP2,0
FOXA2,PTPRZ1,0
RUVBL1,TARBP2,0
ARID2,CDH2,0
NR2F2,FUBP1,0
NR3C1,TAF6,0
EZH2,GPN3,0
MAFF,OAZ2,0
MYC,MRPS30,0
SMARCA4,HIF3A,0
FOXA1,CCNB1,0
RUVBL1,PAPOLA,0
JUN,ELMOD2,0
MYC,PLAC8,0
RUVBL1,LAMB1,0
NR3C1,VPS72,0
EPAS1,PIAS3,0
TEAD4,DNMT3A,0
RUVBL1,SAE1,0
NR3C1,HACL1,0
EPAS1,DEK,0
NR3C1,PRC1,0
SMARCA4,ATP1B1,0
JUN,PEG3,0
TEAD4,MTHFD2,0
RUVBL1,ATG101,0
CEBPD,EGR1,0
RFX5,HMCES,0
BRCA1,FGB,0
ELF1,ORC2,0
FOXA1,FOSL1,0
MAFF,SLC25A17,0
MCRS1,GALE,0
JUN,PON2,0
JUN,ELP6,0
SMARCA4,SMOX,0
EZH2,EFTUD2,0
CEBPZ,MTAP,0
ARID2,TCEA1,0
EPAS1,ZNF239,0
BRCA1,ILF3,0
FOXA1,PSAT1,0
ARID2,ADNP,0
SMARCA4,MCM2,0
MCRS1,ADNP,0
IRF3,H1F0,0
FOXA1,EGR1,0
BRCA1,GTF3C2,0
HNF4A,POLR1C,0
NR3C1,FAM13A,0
ATF3,MGME1,0
TEAD4,CEBPZ,0
TEAD4,TCERG1,0
HDAC2,TCF4,0
NR3C1,BBS7,0
RUVBL1,EBNA1BP2,0
SRF,BTG1,0
MYC,TBX3,0
TEAD4,ODF2L,0
ATF3,SYTL2,0
TEAD4,ZNF217,0
CEBPD,TOPORS,0
SRF,SS18,0
MYBL2,MTFP1,0
EPAS1,HNRNPH3,0
MAFF,POLR3G,0
MAZ,TRIP13,0
ARID2,HSD17B11,0
RFX5,CAPRIN1,0
SMARCA4,FASTKD2,0
SMARCA4,DSN1,0
HDAC2,MRPS30,0
FOSL2,RFC5,0
SRF,GALE,0
CEBPD,SSRP1,0
MCRS1,MAD2L1BP,0
MYC,HNF4A,0
EZH2,HINFP,0
BRCA1,SRSF1,0
EPAS1,SMAD5,0
JUN,TMEM60,0
SRF,PYGL,0
NR3C1,PSEN1,0
SMARCA4,PDZK1,0
MCRS1,ISG20,0
JUN,ACAA1,0
ATF3,CREB3L2,0
RUVBL1,TTC4,0
BRCA1,COPS7B,0
MAFF,PDGFRA,0
JUN,WFDC2,0
ARID2,PEG3,0
MAZ,LGALS2,0
NR3C1,ZWILCH,0
RFX5,PCGF6,0
BRCA1,U2AF1,0
EZH2,IPO5,0
MYBL2,NR2F6,0
TEAD4,USP44,0
SMARCA4,DPYSL2,0
SRF,NCOA1,0
IRF3,UBL7,0
MAFF,ID3,0
SMARCA4,COMMD3,0
MCRS1,NPPB,0
JUND,UBE2L6,0
JUN,TK1,0
JUN,TNNI3,0
EZH2,SRM,0
SMARCA4,HSD17B7,0
REST,TFF1,0
REST,GATAD2B,0
CEBPZ,DYNLT3,0
SMARCC1,TCF7L1,0
ARID2,PPFIBP2,0
BRCA1,MAP1B,0
NR2F2,C3ORF14,0
MAZ,GATM,0
ARID2,ETV1,0
SRF,BLVRA,0
MAZ,VCAN,0
CEBPZ,JUND,0
HDAC2,SF3B3,0
REST,ZNF217,0
BRCA1,CCNB2,0
IRF3,GDAP1,0
EZH2,TFDP2,0
CEBPD,LAMB1,0
SMARCA4,CSRP2,0
MAFF,F2RL1,0
JUN,MTHFD1,0
MAFF,KIF20A,0
TEAD4,POLR2G,0
EZH2,SKIL,0
SMARCA4,TDP2,0
SRF,TRNT1,0
RUVBL1,BIN1,0
MCRS1,HIST1H1E,0
ARID2,HPRT1,0
BRCA1,SCD5,0
MCRS1,PHKA2,0
SRF,F2RL1,0
MAFF,SKIL,0
FOXA1,MUSTN1,0
ATF3,REST,0
TEAD4,BUB1B,0
IRF3,KIFAP3,0
BRCA1,NRIP1,0
SMARCC1,FAM13A,0
CEBPZ,RFC1,0
NR3C1,DTYMK,0
CEBPZ,TRERF1,0
BRCA1,GATA6,0
EPAS1,TERF1,0
RUVBL1,CNTRL,0
BRCA1,MAF,0
NR3C1,GCHFR,0
MYC,DDX20,0
TEAD4,FUCA1,0
SMARCA4,FOXM1,0
ATF3,NR5A2,0
MCRS1,ACOX2,0
SMARCA4,JAG1,0
ARID2,MIS18BP1,0
TEAD4,HEXB,0
REST,ERAL1,0
EZH2,KIZ,0
MAFF,RNPS1,0
FOXA1,BLM,0
RFX5,HEXB,0
MCRS1,DNAJC2,0
ATF3,HMGN3,0
CEBPZ,CRBN,0
EPAS1,ATIC,0
RUVBL1,WDR54,0
HNF4A,TAF9B,0
IRF3,CRBN,0
ATF3,SUV39H2,0
SRF,ILF2,0
RUVBL1,ZNF91,0
CEBPZ,DUT,0
CEBPZ,MAFF,0
EPAS1,MTHFD1,0
RUVBL1,HMGN4,0
EZH2,MT1G,0
TEAD4,TF,0
EZH2,RSU1,0
BRCA1,AGTRAP,0
SRF,EXOC5,0
IRF3,ELOVL6,0
EZH2,CRYZL1,0
HNF4A,CNN2,0
NR3C1,MDK,0
HNF4A,MTX2,0
NR3C1,PDZK1,0
CEBPD,MAF,0
RUVBL1,HDAC6,0
NR3C1,USB1,0
SRF,CKAP2,0
EZH2,KLF3,0
MAZ,HMMR,0
FOSL2,SAT1,0
SRF,IL6ST,0
CEBPZ,PHGDH,0
EPAS1,SLC44A2,0
ARID2,LAMB1,0
MYC,VEZF1,0
EPAS1,SLC7A8,0
JUN,ZHX1,0
ATF3,MTAP,0
FOXA1,NAA10,0
IRF3,TMEM41A,0
IRF3,SMOX,0
MCRS1,DNAH14,0
REST,FOXP1,0
JUN,DEDD,0
HDAC2,ZNF567,0
ELF1,WIPI1,0
MAZ,RFX6,0
EPAS1,AKR1D1,0
MCRS1,IFT52,0
ARID2,TSFM,0
IRF3,MTAP,0
CEBPZ,TFPI,0
IRF3,CA2,0
EPAS1,RFC5,0
NR3C1,CBR1,0
BRCA1,UQCC1,0
HNF4A,SLC5A6,0
NR3C1,RAB25,0
IRF3,STX8,0
ELF1,EPSTI1,0
BRCA1,MCRS1,0
IRF3,RBP2,0
IRF3,TMEM237,0
ELF1,RAMP1,0
CEBPZ,MCM6,0
ARID2,LTA4H,0
MCRS1,MYCBP,0
REST,LDB2,0
MYC,RNASEH2A,0
MAFF,UFSP2,0
MCRS1,PCGF6,0
ELF1,MTFP1,0
EZH2,NT5DC2,0
EPAS1,TTC39C,0
MCRS1,APOA4,0
SRF,VRK1,0
CEBPZ,TMEM41A,0
ARID2,TFRC,0
NR3C1,DNA2,0
BRCA1,NNT,0
MYBL2,UCK2,0
EPAS1,MYC,0
ARID2,F2,0
MAFF,UGT2B11,0
CEBPD,SNAPC1,0
SMARCA4,ZGRF1,0
MCRS1,ARID2,0
RFX5,NBAS,0
FOSL2,RNF2,0
MAZ,MT1X,0
IRF3,DR1,0
MYC,POLD3,0
FOXA2,BSCL2,0
EZH2,TM4SF4,0
EPAS1,IRF1,0
ATF3,GSTK1,0
RUVBL1,ZNF202,0
JUN,TAF9B,0
REST,CENPE,0
SRF,RCAN1,0
CEBPD,RNASEH2A,0
MAFF,ACTN1,0
MAFF,IFITM2,0
REST,BMPR1A,0
IRF3,EGR1,0
EZH2,PEMT,0
SRF,HGD,0
EZH2,TIMM9,0
RUVBL1,ASNSD1,0
IRF3,DNAJC2,0
ARID2,MAD2L1BP,0
MAFF,COMMD3,0
JUN,ATG4C,0
SRF,TRIT1,0
RUVBL1,SUGCT,0
NR3C1,ZFAND2A,0
SRF,HSD17B7,0
FOXA1,TFE3,0
SMARCA4,TNFAIP3,0
IRF3,TMEM147,0
FOSL2,TADA3,0
IRF3,RABGGTB,0
IRF3,METTL8,0
NR3C1,ELP6,0
ELF1,NEDD4L,0
MAFF,CMC2,0
SMARCA4,TCOF1,0
CEBPD,FXYD5,0
MCRS1,TCF3,0
HNF4A,PTP4A1,0
FOSL2,NODAL,0
EZH2,TSFM,0
JUN,CCNB1,0
SRF,TMEM177,0
CEBPZ,APEH,0
REST,POLR2G,0
ARID2,TFPI,0
MYC,CASP8AP2,0
ARID2,HAUS4,0
SMARCC1,SEC14L2,0
SRF,DDHD1,0
NR3C1,MYC,0
SMARCA4,TBL1X,0
FOXA1,EXOSC8,0
MYC,RNASE4,0
IRF3,NME2,0
NR2F2,ZNF217,0
MCRS1,ELL2,0
CEBPZ,TSN,0
CEBPZ,GATM,0
NR2F2,ODF2L,0
ARID2,CHTF18,0
RFX5,DNA2,0
BRCA1,LIFR,0
RUVBL1,NIF3L1,0
MYC,QPCT,0
BRCA1,RAMP1,0
MAFF,FANCB,0
TEAD4,TSN,0
RUVBL1,TATDN3,0
MCRS1,RAD51AP1,0
ELF1,MT1G,0
IRF3,IVNS1ABP,0
EPAS1,FOXO1,0
NR3C1,ZNF217,0
TEAD4,HDAC2,0
IRF3,PSME3,0
ATF3,F2RL1,0
EZH2,DNA2,0
TEAD4,GGCT,0
RUVBL1,RAB25,0
NR3C1,INMT,0
ARID2,NME1,0
MAZ,ZNF195,0
HDAC2,ICA1,0
EZH2,SPDL1,0
JUN,BSCL2,0
MAZ,FXR1,0
ELF1,RREB1,0
RUVBL1,ZNF217,0
MCRS1,TEX10,0
SMARCA4,UTRN,0
ARID2,USP11,0
TEAD4,C11ORF54,0
MYC,TBPL1,0
MAFF,FGB,0
MCRS1,HIST1H4C,0
EPAS1,MLXIPL,0
BRCA1,MAEA,0
BRCA1,BUB1,0
SRF,MID1,0
SMARCA4,PROSER1,0
TEAD4,CCDC66,0
NR3C1,HMGN1,0
SMARCA4,TMEM69,0
ELF1,SSBP3,0
ARID2,GATA6,0
CEBPZ,NAA50,0
NR3C1,RAB34,0
NR3C1,TTI2,0
RUVBL1,CREB1,0
SMARCA4,BBS9,0
RUVBL1,KIF20B,0
EPAS1,CRELD1,0
MYBL2,A1CF,0
CEBPZ,BCAS2,0
CEBPZ,SLC39A5,0
MAFF,CCDC66,0
IRF3,HPN,0
MYBL2,TMEM37,0
ARID2,C11ORF54,0
MAFF,FBL,0
CEBPZ,FABP1,0
RUVBL1,CBR1,0
EPAS1,UMPS,0
EPAS1,WDR43,0
ARID2,GLMN,0
ATF3,TIMELESS,0
NR3C1,MOV10,0
MYC,SPINK1,0
TEAD4,NCK1,0
CEBPZ,LCMT1,0
MAFF,MATR3,0
EPAS1,AHR,0
BRCA1,HMGN5,0
SRF,BRCA2,0
FOXA1,USP11,0
JUN,PTPRM,0
TEAD4,SGK1,0
ATF3,DDB2,0
MAZ,SLC44A2,0
NR3C1,FXYD5,0
FOXA1,TMEM216,0
REST,HSD17B10,0
FOSL2,ANPEP,0
NR3C1,COPS3,0
SMARCA4,PON2,0
IRF3,EMG1,0
JUND,UCK2,0
EZH2,TRIM28,0
SRF,HMGN1,0
CREB1,MT1G,0
MAFF,TCF19,0
MCRS1,RAD51,0
IRF3,PTPN12,0
MAFF,TMEM120A,0
EZH2,TIMELESS,0
EZH2,ZNRD1,0
EPAS1,MCRS1,0
NR3C1,ATG3,0
SMARCA4,PLG,0
EZH2,HIF3A,0
REST,APOC3,0
CEBPZ,HIST1H1B,0
MCRS1,NAA50,0
CEBPZ,MUSTN1,0
CEBPD,UTRN,0
EPAS1,ARL2,0
MAFF,SLC38A2,0
MAZ,BIN1,0
SRF,BBS9,0
JUN,ORC6,0
EPAS1,WBP11,0
SRF,GXYLT2,0
SMARCA4,SALL2,0
CEBPZ,PDE6D,0
ARID2,EXOC5,0
FOSL2,PDCD2L,0
EZH2,NCOA6,0
FOSL2,KNSTRN,0
SMARCC1,SALL2,0
TEAD4,UHRF1,0
BRCA1,C12ORF45,0
RFX5,SAAL1,0
NR2F2,UBE2L6,0
SMARCA4,UBE2L6,0
MYC,EPB41L2,0
RUVBL1,PIAS3,0
EZH2,FUBP1,0
NR3C1,DPP4,0
CEBPZ,PSMB10,0
BRCA1,TMEM41A,0
EPAS1,HAUS1,0
CEBPZ,EZH2,0
EPAS1,RABGGTB,0
NR2F2,ZFP42,0
CEBPD,RAD1,0
BRCA1,DTWD1,0
CEBPZ,MELK,0
MCRS1,SSB,0
FOXA2,MLST8,0
JUN,TRIM59,0
NR3C1,USP10,0
SMARCA4,CXCR4,0
MCRS1,COPS3,0
MAZ,CHTF18,0
NR3C1,RIN2,0
BRCA1,DAXX,0
EPAS1,CTPS1,0
RFX5,HMGCL,0
RUVBL1,TAF11,0
JUND,SYTL2,0
ATF3,DDX5,0
FOSL2,PRPS2,0
ATF3,GLI1,0
JUN,PTMA,0
BRCA1,PPT1,0
SRF,NONO,0
BRCA1,SLC39A1,0
JUN,THRAP3,0
RFX5,CENPF,0
FOXA2,WDR54,0
MCRS1,GEMIN2,0
FOSL2,PLA2G12B,0
RUVBL1,HNRNPR,0
REST,GRPR,0
IRF3,SCAPER,0
BRCA1,DOT1L,0
ATF3,MIS18A,0
MCRS1,RABGGTB,0
MAFF,PAX6,0
SRF,CTPS1,0
MYC,PDLIM7,0
SMARCA4,POLR1C,0
CEBPD,MCM5,0
CREB1,SFRP1,0
NR2F2,CTSE,0
NR3C1,TCFL5,0
MAFF,PCIF1,0
ARID2,SAT1,0
TEAD4,MRPL2,0
EPAS1,HTATSF1,0
NR3C1,SUCLA2,0
RUVBL1,FAM114A1,0
EZH2,PLRG1,0
ARID2,LAMA1,0
NR3C1,HIF3A,0
IRF3,APOA4,0
ATF3,AHSG,0
TEAD4,CACYBP,0
BRCA1,FXR1,0
JUND,CTPS1,0
BRCA1,TIMM50,0
IRF3,HSD17B11,0
HNF4A,AMZ2,0
SMARCA4,HTATSF1,0
ATF3,MPHOSPH6,0
EZH2,NNT,0
EZH2,CMSS1,0
RUVBL1,SPP1,0
MCRS1,TOP2A,0
EPAS1,COMMD10,0
EZH2,GALM,0
JUN,ASNSD1,0
FOSL2,NNT,0
RUVBL1,HSD17B2,0
CEBPZ,TPM2,0
REST,HNF1B,0
MCRS1,WDYHV1,0
RUVBL1,MMS22L,0
SRF,PSMD10,0
NR3C1,SAT1,0
FOXA1,RAD54B,0
SRF,PRIM2,0
HNF4A,GRPR,0
RFX5,SVIL,0
REST,SALL2,0
RFX5,ZSWIM8,0
IRF3,SLC38A1,0
MYC,HP,0
MCRS1,PSPH,0
BRCA1,CFAP20,0
MYC,PHKA2,0
REST,CIDEB,0
RUVBL1,PPT1,0
MCRS1,CDCA3,0
MCRS1,CTDSPL,0
CREB1,HIST1H1B,0
MAZ,GPRC5C,0
FOXA1,WIPI1,0
RUVBL1,ISG20,0
RFX5,CSRP2,0
TEAD4,SRSF2,0
ARID2,RNASE4,0
FOSL2,TFDP2,0
SMARCA4,TFPI,0
FOXA2,HMMR,0
NR3C1,MAPK1,0
FOXA2,TCF3,0
TEAD4,NUDT1,0
ARID2,FGA,0
EZH2,ZSWIM7,0
CEBPZ,FOSB,0
EPAS1,CDC23,0
HNF4A,USP11,0
TEAD4,PRPS2,0
ARID2,HPR,0
CEBPD,DCLRE1C,0
SMARCA4,UQCC1,0
TEAD4,POU2F1,0
ATF3,IRF3,0
JUND,SOX2,0
JUN,EWSR1,0
RFX5,PAFAH1B3,0
BRCA1,ETS1,0
TEAD4,WDR54,0
RFX5,IFNGR1,0
NR3C1,PPP1R7,0
CEBPD,CDC20,0
ATF3,GDAP1,0
JUND,NT5DC2,0
MAFF,YBX1,0
RFX5,MTHFD1,0
RUVBL1,PTTG1,0
EPAS1,USP1,0
EPAS1,SPP1,0
HDAC2,MRTO4,0
SMARCA4,ISY1,0
BRCA1,LGALS1,0
RFX5,ATP11C,0
ARID2,TRIM25,0
MCRS1,TAF1A,0
MAFF,TMEM177,0
MAFF,ORC6,0
BRCA1,JMJD1C,0
SMARCA4,RAD51,0
MCRS1,LSM10,0
NR2F2,CTPS1,0
IRF3,WDR3,0
JUND,CTSC,0
FOSL2,LRR1,0
BRCA1,E2F7,0
ARID2,ELL2,0
ARID2,HGD,0
IRF3,PDZK1,0
BRCA1,PTPRZ1,0
BRCA1,ELP2,0
EPAS1,NUP88,0
SMARCA4,FBL,0
TEAD4,CDK4,0
RUVBL1,EYA3,0
MYC,ZFYVE21,0
MYC,HACL1,0
NR2F2,PIH1D1,0
MYBL2,SLC38A2,0
MCRS1,ABT1,0
SRF,XRCC6,0
RFX5,ETV4,0
NR3C1,SUPV3L1,0
MYC,ZMYM1,0
HNF4A,CCDC66,0
EPAS1,TCF7L1,0
RFX5,CMPK1,0
EPAS1,KDELR3,0
SMARCA4,SNRPD1,0
IRF3,TMEM150C,0
CEBPZ,CREB3L3,0
SMARCA4,XRCC5,0
CEBPD,CMSS1,0
CEBPD,TFDP1,0
MYC,ZNF195,0
SMARCA4,ALDH1A1,0
RFX5,POLR3G,0
MYBL2,JAZF1,0
CEBPZ,GPATCH4,0
ATF3,HAUS1,0
TEAD4,GNRH2,0
CREB1,ACTC1,0
EPAS1,GABPB1,0
TEAD4,PYCR1,0
EZH2,TCF3,0
HDAC2,RBBP7,0
ARID2,SLC10A1,0
EZH2,LEAP2,0
EPAS1,MRRF,0
NR3C1,TMEM177,0
TEAD4,CHEK2,0
EPAS1,IVNS1ABP,0
CEBPD,ZNF561,0
NR3C1,ACSL5,0
CEBPZ,GSTA2,0
ATF3,BMP2,0
RFX5,HAUS4,0
RUVBL1,MED4,0
FOXA1,SYTL2,0
RUVBL1,ESYT1,0
CEBPD,NR1I3,0
NR3C1,TOP2A,0
CEBPZ,HSD17B10,0
EPAS1,CDCA3,0
EZH2,KLHDC2,0
EZH2,SLC39A5,0
SMARCA4,UHRF1,0
CEBPZ,HTATSF1,0
SMARCA4,RRM2B,0
EZH2,TBC1D31,0
BRCA1,POLR1D,0
ATF3,CREG1,0
MCRS1,METAP1,0
MAFF,GMPS,0
EPAS1,SNRPB,0
CEBPZ,MOV10,0
NR3C1,CAPRIN1,0
NR2F2,NTPCR,0
JUN,NUSAP1,0
ARID2,RNF138,0
TEAD4,HPN,0
IRF3,APOC2,0
ATF3,ZHX1,0
IRF3,ASNS,0
SRF,SPP1,0
RFX5,MAEA,0
NR3C1,TEAD4,0
FOSL2,CREB3L4,0
MAZ,RIOK3,0
RUVBL1,GSTA1,0
FOXA1,MTMR2,0
FOXA2,IL32,0
BRCA1,NUP88,0
MAFF,RAB28,0
FOXA1,ZFYVE21,0
EPAS1,HMGN2,0
CREB1,KNG1,0
SRF,IFNGR1,0
MAFF,HMMR,0
EZH2,MCM7,0
REST,ECT2,0
JUND,E2F8,0
EZH2,CKAP2,0
FOSL2,AKR1B1,0
MYC,RAD54B,0
SRF,PDCD4,0
BRCA1,DPCD,0
EPAS1,SIRT2,0
RFX5,PARP1,0
RFX5,SS18,0
JUN,TBPL1,0
FOXA1,ACAA1,0
TEAD4,S100PBP,0
HNF4A,DEDD,0
RUVBL1,MRPL16,0
IRF3,PAWR,0
MAZ,CIDEB,0
MAZ,CEBPD,0
MYC,EED,0
FOSL2,PSIP1,0
ARID2,ID2,0
EPAS1,RFC4,0
HNF4A,ETS1,0
SRF,ASNSD1,0
BRCA1,MELK,0
EPAS1,OIP5,0
SRF,DSN1,0
SRF,DDIT3,0
IRF3,ECT2,0
TEAD4,NTHL1,0
MAFF,MTUS1,0
REST,KIF23,0
MCRS1,NFYB,0
TEAD4,FAM151A,0
TEAD4,KLHL7,0
NR3C1,GTF2F2,0
MAFF,RAD51,0
MCRS1,KNG1,0
IRF3,APOC1,0
TEAD4,COPS5,0
TEAD4,TCEA1,0
MCRS1,GPATCH4,0
EZH2,NME1,0
BRCA1,UBAC2,0
MYBL2,RAB34,0
EPAS1,UHRF1,0
MYBL2,ZCCHC7,0
ARID2,NPM1,0
HNF4A,PREB,0
CEBPZ,USP11,0
ARID2,ZFYVE21,0
RUVBL1,BBS7,0
SRF,BCKDK,0
BRCA1,POLR3G,0
EPAS1,ADNP,0
MYC,CHTF18,0
ATF3,DERA,0
TEAD4,TIMM21,0
CEBPZ,SYTL2,0
IRF3,NFIB,0
MCRS1,CCDC82,0
MAZ,MRPS30,0
CEBPZ,KIF20A,0
CEBPD,ZNF146,0
HNF4A,TMEM60,0
RUVBL1,DNASE1,0
SRF,PYCR1,0
FOSL2,TARDBP,0
JUN,XPO5,0
EPAS1,ING3,0
SRF,LRR1,0
SRF,SUB1,0
SMARCA4,GTF3C2,0
EZH2,PCIF1,0
ARID2,CDK4,0
TEAD4,FBXO22,0
RUVBL1,ZCCHC7,0
MCRS1,IL6ST,0
ELF1,BCL11B,0
RFX5,PTGR1,0
TEAD4,PLIN2,0
MAFF,NUP93,0
IRF3,HIBCH,0
FOXA2,POLR2F,0
MYC,IFITM1,0
EZH2,DDX5,0
EZH2,DEK,0
REST,A1CF,0
ARID2,USP45,0
MCRS1,IRF1,0
SRF,AAAS,0
IRF3,MLF1,0
RUVBL1,BMP2,0
MCRS1,PLAC8,0
MYBL2,ECI2,0
SMARCC1,PLAC8,0
CEBPD,CENPW,0
BRCA1,SRM,0
CREB1,SYTL2,0
JUN,ITGB3BP,0
BRCA1,ATG4C,0
SMARCA4,MCM6,0
ELF1,AGTRAP,0
MAFF,ZNF101,0
MCRS1,ORC5,0
JUND,CDX2,0
CEBPZ,HMGN3,0
JUN,HIF3A,0
NR2F2,HSD17B2,0
MYBL2,TADA3,0
MAFF,DEF8,0
SMARCA4,ZNF33A,0
SRF,SUV39H2,0
MCRS1,PHF11,0
ARID2,ZDHHC13,0
JUN,MTUS1,0
BRCA1,SMIM20,0
EZH2,TADA1,0
ATF3,COPS3,0
EPAS1,TYMS,0
EZH2,DAXX,0
ARID2,AATF,0
JUN,SALL2,0
MYBL2,PSEN1,0
CEBPZ,GSTK1,0
HDAC2,HTATSF1,0
RUVBL1,ESPL1,0
TEAD4,AHR,0
MYC,KAT7,0
EPAS1,TARBP2,0
NR2F2,CIDEB,0
MYBL2,PDLIM7,0
SMARCA4,AAR2,0
FOSL2,LIFR,0
BRCA1,DHRS3,0
RUVBL1,PRKCI,0
CREB1,BMP2,0
BRCA1,SURF2,0
BRCA1,SOX2,0
JUN,ASPH,0
ARID2,POLR3G,0
RUVBL1,MORN2,0
RFX5,LIG1,0
SMARCA4,MID1,0
FOXA1,RBP2,0
NR3C1,AKR1C3,0
RUVBL1,SMC2,0
MYC,UMPS,0
MCRS1,PYGL,0
MYC,SOX2,0
RFX5,AKR1C3,0
IRF3,HDAC6,0
MCRS1,RBP4,0
CEBPZ,RAD1,0
MYC,EWSR1,0
SRF,DROSHA,0
SMARCA4,EZH2,0
NR3C1,NREP,0
HNF4A,CDC6,0
MAFF,RBP4,0
ARID2,CFAP97,0
EPAS1,IMMP1L,0
JUN,SPDL1,0
HNF4A,GEMIN8,0
HDAC2,SLC7A8,0
FOXA1,MYBL2,0
ATF3,ZNF260,0
SRF,TRIM25,0
ATF3,PTPRM,0
MAFF,ERCC8,0
MAFF,MEST,0
SRF,EHMT2,0
CEBPZ,NT5DC2,0
IRF3,ECSIT,0
FOSL2,SSBP3,0
FOXA1,TRIT1,0
SRF,MAF,0
NR2F2,WDR54,0
NR3C1,ATG4C,0
RFX5,SEPT10,0
SMARCA4,SUPT16H,0
ATF3,MYBBP1A,0
SMARCA4,DLGAP5,0
ARID2,TRIT1,0
MCRS1,RNASEH2A,0
ATF3,SMARCC1,0
ATF3,RFC5,0
BRCA1,HDAC2,0
NR3C1,ZDHHC4,0
BRCA1,RFC2,0
ARID2,ASNS,0
JUN,ZNF675,0
EPAS1,CALML4,0
SRF,MAEA,0
FOSL2,YEATS4,0
MYC,ITGB5,0
MAFF,NT5DC2,0
HDAC2,UCKL1,0
SMARCC1,RBP2,0
ATF3,CAT,0
TEAD4,USP28,0
ATF3,EEF1E1,0
MCRS1,C3ORF14,0
SMARCA4,TYMS,0
BRCA1,NAA16,0
JUND,FEN1,0
MCRS1,STMN1,0
MAFF,POLR2G,0
TEAD4,SCPEP1,0
TEAD4,UCK2,0
CREB1,ERBB4,0
JUN,VRK1,0
EZH2,KNG1,0
REST,PIK3R4,0
EPAS1,SPINK1,0
RUVBL1,PARPBP,0
CEBPZ,NUCB2,0
CEBPZ,GLIS3,0
MYBL2,RAI14,0
IRF3,NHEJ1,0
JUN,TGIF1,0
EPAS1,GSN,0
BRCA1,MYO9A,0
EZH2,MCM6,0
ATF3,CNN2,0
TEAD4,TEX10,0
EPAS1,ERBB4,0
TEAD4,PAPOLA,0
CEBPZ,ITLN2,0
BRCA1,GTF2F2,0
IRF3,TMEM37,0
EPAS1,TTF2,0
MAZ,NR2F2,0
ARID2,WRB,0
EPAS1,GTF3C4,0
SMARCA4,BPTF,0
ELF1,EOMES,0
EPAS1,LIFR,0
BRCA1,GRPR,0
TEAD4,TFF1,0
HNF4A,ESYT1,0
CEBPZ,APPL2,0
ELF1,PTGR1,0
MCRS1,TM4SF5,0
MAZ,ELF1,0
BRCA1,AXL,0
JUN,UGT2B11,0
SMARCA4,GTF2E1,0
TEAD4,CHAF1A,0
FOXA1,ITGB3BP,0
MCRS1,FASTKD2,0
MAZ,HK1,0
EZH2,HNRNPH2,0
FOXA1,TFPI,0
ARID2,PPP1R16A,0
FOXA1,POLB,0
FOXA2,MRPL10,0
IRF3,PIAS2,0
MYC,HPX,0
SRF,CREB3L4,0
NR3C1,POU2F1,0
HNF4A,ITIH4,0
MCRS1,MYL6B,0
MCRS1,SMC4,0
RUVBL1,LIG1,0
MCRS1,HSD17B7,0
NR2F2,RAB31,0
JUN,SVIL,0
JUN,HMGN4,0
IRF3,POLR1B,0
RUVBL1,AKR1B1,0
NR3C1,POLR2I,0
SRF,ZDHHC13,0
RUVBL1,GNRH2,0
MYC,UPP1,0
CEBPZ,HMGN5,0
BRCA1,ITLN2,0
HNF4A,SLC25A37,0
IRF3,AHR,0
MAFF,SOX2,0
EZH2,HNRNPAB,0
MYC,ZGRF1,0
FOSL2,ACTN1,0
MCRS1,CKS1B,0
MYC,ARHGAP26,0
RFX5,PDGFRA,0
ARID2,MLF1,0
HNF4A,PHC1,0
RFX5,EPS8L2,0
REST,TRIT1,0
SRF,SPINK1,0
SRF,SRM,0
ARID2,EXOSC9,0
NR2F2,NUPR1,0
SMARCA4,MYL6B,0
NR3C1,DCLRE1C,0
BRCA1,DYNLT3,0
BRCA1,LAMC1,0
CEBPZ,MRPS27,0
EPAS1,SUPV3L1,0
FOXA1,HMMR,0
EZH2,FGFR1,0
FOXA1,DBNDD2,0
BRCA1,TTF2,0
SMARCA4,TATDN3,0
TEAD4,CXCR4,0
FOSL2,SPP1,0
REST,ZFAND2A,0
TEAD4,TSR1,0
CEBPZ,SOX4,0
BRCA1,NODAL,0
REST,DLGAP5,0
BRCA1,ATL2,0
BRCA1,MYC,0
RFX5,ATP1B1,0
JUN,UBE2E3,0
BRCA1,ZNF770,0
EZH2,XRCC5,0
BRCA1,THAP11,0
NR3C1,CHEK2,0
ATF3,TRIM27,0
BRCA1,FAM118B,0
NR3C1,POP5,0
CEBPZ,METTL1,0
EPAS1,TAF5,0
NR2F2,KDELR3,0
CREB1,CDX2,0
JUND,DDHD1,0
NR3C1,IQCB1,0
CEBPZ,IL32,0
MYC,CKAP2,0
TEAD4,MAD2L1,0
EPAS1,C1ORF109,0
BRCA1,ZNF91,0
ELF1,F3,0
CREB1,AFP,0
MAZ,HNF1B,0
MYC,DNMT1,0
CEBPZ,SALL4,0
NR3C1,COPS7A,0
BRCA1,ATG3,0
TEAD4,EXOSC5,0
JUND,SRSF10,0
NR2F2,FTSJ1,0
MYC,NOSIP,0
CEBPZ,DBF4,0
NR3C1,ANXA3,0
BRCA1,PPP1CC,0
IRF3,ACADVL,0
FOSL2,LGALS3,0
TEAD4,TP53INP2,0
MCRS1,TGIF1,0
HNF4A,SPAG9,0
CEBPD,DCAF13,0
HNF4A,LAMB1,0
MAZ,AXL,0
NR3C1,E2F8,0
CEBPZ,ATP11C,0
SRF,CCS,0
RFX5,SLC25A4,0
ARID2,SALL4,0
IRF3,AEBP2,0
MCRS1,NFATC2,0
SRF,CHEK1,0
CEBPZ,CCS,0
NR3C1,ITGB5,0
RFX5,RNF138,0
NR2F2,ORC2,0
EPAS1,CREG1,0
MAFF,SMAD3,0
ARID2,DEPDC7,0
SMARCA4,SNAPC1,0
TEAD4,NR3C1,0
MCRS1,PPP2R1B,0
MYC,FEN1,0
MAFF,IGF2BP3,0
ATF3,RECQL,0
RFX5,PUS7L,0
HNF4A,GLMN,0
ARID2,GTF3C5,0
ATF3,ZNF287,0
TEAD4,WDHD1,0
JUN,CASP8AP2,0
BRCA1,GCHFR,0
EPAS1,IFT22,0
BRCA1,SPTLC3,0
HNF4A,ERBB4,0
BRCA1,ICA1,0
TEAD4,SLC38A1,0
SMARCC1,UGT2B11,0
IRF3,COPS7A,0
CREB1,SH3BGRL,0
NR3C1,PIM2,0
TEAD4,DPPA4,0
EPAS1,GMNN,0
BRCA1,G2E3,0
ARID2,WDYHV1,0
IRF3,DDX20,0
SMARCA4,TMEM120A,0
JUN,ATP11C,0
RUVBL1,POU5F1,0
RFX5,ENO1,0
ATF3,CEBPZ,0
IRF3,SSBP3,0
SMARCA4,HNRNPUL1,0
MCRS1,DBNDD2,0
HDAC2,POLR1D,0
EPAS1,C6ORF203,0
MAFF,RRM2,0
MCRS1,LIG1,0
NR2F2,MRPL10,0
RUVBL1,TBPL1,0
NR3C1,ASRGL1,0
ATF3,CXXC1,0
SMARCA4,SRRM1,0
HNF4A,SMARCC1,0
NR3C1,POLR2F,0
BRCA1,KNSTRN,0
BRCA1,NAA50,0
ATF3,TCF4,0
NR2F2,TRIM25,0
NR3C1,TMEM120A,0
MCRS1,BTG1,0
MAZ,ERBB4,0
FOXA1,FUCA1,0
JUND,TKT,0
FOSL2,MAT2B,0
JUND,GRTP1,0
ATF3,GTF2F2,0
BRCA1,PHB2,0
CEBPD,PHF11,0
ATF3,PON2,0
EPAS1,NCAPG,0
IRF3,BUB1B,0
IRF3,PEMT,0
ATF3,MRPS9,0
FOXA1,SAMHD1,0
EPAS1,CRYZL1,0
NR2F2,CBX3,0
EPAS1,PPP2R1B,0
ARID2,SPP1,0
IRF3,NRIP1,0
MYBL2,GTF2I,0
SMARCC1,LHX1,0
MYC,MED21,0
BRCA1,ZNF300,0
EZH2,TPX2,0
RUVBL1,MRPS11,0
TEAD4,HELLS,0
RFX5,RBP4,0
BRCA1,POLR2I,0
CEBPZ,PHKA2,0
EZH2,HMGN5,0
MAZ,CTDSPL,0
MAZ,F2RL1,0
EPAS1,TMEM14A,0
CEBPZ,NPM1,0
MCRS1,MRS2,0
MAFF,LGALS2,0
JUN,CXCR4,0
MYBL2,MRTO4,0
JUN,CAPN2,0
TEAD4,COMMD3,0
NR3C1,OIP5,0
TEAD4,PEMT,0
EPAS1,PHKA2,0
TEAD4,POLR2L,0
EZH2,ARID2,0
NR2F2,PUS7L,0
EPAS1,TIPIN,0
EPAS1,MGST2,0
HNF4A,S100A6,0
ELF1,SLC39A5,0
EZH2,TBC1D1,0
CEBPZ,CMC1,0
CEBPZ,ID3,0
SMARCA4,VRK1,0
BRCA1,TMEM147,0
MAFF,USP3,0
SMARCA4,HELLS,0
JUN,AASS,0
SMARCC1,LIG1,0
SMARCA4,SIRT2,0
RUVBL1,SPINK1,0
CEBPZ,MEP1A,0
CEBPZ,PMAIP1,0
MCRS1,CMC1,0
REST,DKC1,0
MCRS1,HIPK2,0
EPAS1,UTP15,0
ARID2,SMAD5,0
EZH2,GMNN,0
HDAC2,NARS2,0
MAFF,ERAL1,0
EPAS1,NUPR1,0
BRCA1,COPS2,0
NR2F2,CBR1,0
EPAS1,S100A6,0
EPAS1,SEPT10,0
MYBL2,WDR5,0
NR2F2,NEIL2,0
MAZ,PLK1,0
MAFF,DUT,0
ARID2,DOT1L,0
TEAD4,EGR1,0
MAFF,BCOR,0
FOXA1,C12ORF45,0
IRF3,TP53INP2,0
JUN,RFXANK,0
HDAC2,GLMN,0
CEBPZ,SMARCE1,0
FOXA2,RAB25,0
BRCA1,MID1,0
FOXA1,PTPRM,0
FOXA1,MOV10,0
TEAD4,AAAS,0
FOSL2,FAM114A1,0
MAFF,PDZK1,0
NR3C1,ICA1,0
SMARCA4,KLF3,0
TEAD4,COQ3,0
EZH2,EXTL2,0
ATF3,POLR2D,0
FOXA1,EXTL2,0
TEAD4,IRF3,0
CEBPD,REST,0
CEBPD,TRMT1,0
EZH2,HEXB,0
REST,DYNLT3,0
RUVBL1,METAP1,0
MAZ,FBXO22,0
EZH2,TP53,0
EZH2,SMAD5,0
FOSL2,AKR1D1,0
MCRS1,ABCE1,0
CEBPZ,FOXA1,0
SRF,NNT,0
SMARCC1,POU5F1,0
SMARCA4,TMEM14A,0
EZH2,GMPR2,0
HNF4A,RAD1,0
ATF3,STARD3NL,0
IRF3,GSTA1,0
CEBPZ,CUEDC2,0
EPAS1,SLC29A1,0
CEBPZ,PIGH,0
JUN,MRTO4,0
MAFF,TBX3,0
MAFF,ZFHX3,0
JUN,ZSCAN21,0
NR3C1,TMEM126B,0
EPAS1,NDC80,0
SMARCC1,ZHX1,0
JUND,UHRF1,0
FOSL2,TRIT1,0
RUVBL1,DDX5,0
HNF4A,PROSER1,0
FOSL2,SRSF6,0
RUVBL1,METTL18,0
JUN,MAEA,0
FOXA1,EHMT2,0
SMARCA4,RCAN1,0
JUND,TAF1A,0
EPAS1,NAA50,0
NR3C1,EBNA1BP2,0
RFX5,KDELR3,0
ARID2,KLF3,0
IRF3,LCMT1,0
FOXA2,CASP8AP2,0
IRF3,LSM10,0
HDAC2,PROSER1,0
SRF,S100A13,0
MYC,SLC25A4,0
NR3C1,TOPORS,0
FOSL2,PPARA,0
IRF3,ELAVL2,0
TEAD4,ELP6,0
TEAD4,TCF3,0
EZH2,HSD17B14,0
ATF3,NPPB,0
RFX5,CCS,0
ARID2,CCDC169,0
NR3C1,JAZF1,0
RUVBL1,S100A6,0
HNF4A,F3,0
JUN,KLF3,0
SMARCA4,DEK,0
MYC,GATA6,0
JUND,GSTA2,0
ATF3,TTC39C,0
ATF3,PCID2,0
ELF1,P4HA2,0
RUVBL1,HIST1H1C,0
SMARCA4,ZFAND2A,0
MCRS1,LGALS2,0
CEBPZ,SLC7A6,0
HNF4A,RNPS1,0
MCRS1,TMEM126B,0
EPAS1,CUL2,0
RFX5,HSD17B11,0
EPAS1,CEP70,0
IRF3,UNC93A,0
ARID2,ZGRF1,0
SMARCA4,CRAT,0
MYC,CHD8,0
HNF4A,IVNS1ABP,0
JUND,ZNF287,0
FOXA1,SMARCC1,0
EZH2,UCHL5,0
MYBL2,CKS1B,0
EZH2,SLC7A7,0
MYBL2,ODF2L,0
EZH2,UBE2L6,0
EZH2,APOA1,0
ATF3,GTF3C4,0
JUN,SYTL2,0
MAZ,CKS2,0
ARID2,RNASEH2A,0
EZH2,AMZ2,0
IRF3,S100A16,0
IRF3,MUSTN1,0
MCRS1,NHEJ1,0
TEAD4,NPPB,0
CEBPD,MECR,0
ATF3,PAPSS1,0
HDAC2,LAMB1,0
SRF,CAPG,0
MYBL2,POU5F1,0
HDAC2,HNRNPH2,0
CEBPZ,ATP1B3,0
CEBPD,PTPRZ1,0
JUN,RFX5,0
EPAS1,ECHDC1,0
EPAS1,CNBP,0
SMARCA4,ORC6,0
ATF3,DPPA4,0
CEBPZ,PPP1CC,0
JUND,FBXO6,0
RUVBL1,TIMM21,0
IRF3,CTSV,0
BRCA1,FGG,0
EZH2,RBBP8,0
ELF1,NUCB2,0
IRF3,LEAP2,0
MCRS1,ALB,0
SRF,ZNF638,0
SMARCC1,GATA6,0
CEBPZ,HNRNPH3,0
MAZ,SEC14L2,0
ARID2,C3ORF14,0
NR2F2,PDPN,0
IRF3,ELMOD2,0
MAZ,PLRG1,0
ATF3,MCM3,0
REST,CAPG,0
RUVBL1,HMGCR,0
TEAD4,RHOBTB3,0
BRCA1,PEF1,0
CEBPD,WDR54,0
BRCA1,FANCA,0
RUVBL1,NCOA6,0
ARID2,TIMELESS,0
HNF4A,METTL5,0
HDAC2,ACADVL,0
ELF1,PIAS3,0
EPAS1,MAPK1,0
MYC,RCAN1,0
CEBPD,C6ORF203,0
BRCA1,POLR3E,0
REST,PEMT,0
EZH2,SUCLA2,0
MAFF,DRAP1,0
CEBPD,DNASE1,0
ATF3,ZNF232,0
SRF,VEZF1,0
RUVBL1,DPH6,0
NR3C1,SORBS2,0
MCRS1,C19ORF48,0
RFX5,GTF2F2,0
RUVBL1,SLC7A7,0
SMARCA4,AAAS,0
ATF3,MTIF2,0
ELF1,SCAPER,0
EZH2,ALG6,0
EPAS1,IRF3,0
MAFF,CTSV,0
BRCA1,PPFIBP2,0
EZH2,HIPK2,0
ATF3,NEIL2,0
HDAC2,RBMX,0
CEBPD,ERBB4,0
IRF3,FAM49B,0
BRCA1,DDX5,0
ARID2,CAPG,0
EPAS1,PCIF1,0
RUVBL1,NTMT1,0
TEAD4,DDIT4,0
CEBPZ,ITIH4,0
RUVBL1,GRPR,0
MAZ,TPM2,0
CEBPD,HMGXB4,0
ELF1,PSAT1,0
RUVBL1,PSMB10,0
MYC,GNRH2,0
FOXA1,SURF2,0
BRCA1,MAD2L1BP,0
ARID2,RAD54B,0
MYC,DPF2,0
TEAD4,LRR1,0
CEBPZ,CEBPA,0
MAFF,NR5A2,0
ELF1,HSD17B10,0
JUN,C17ORF75,0
SRF,A1CF,0
CEBPD,WDR3,0
MYC,TUBB6,0
RFX5,DEDD,0
MCRS1,SLC35B4,0
SMARCA4,MTTP,0
JUN,DECR1,0
ATF3,TCERG1,0
CEBPZ,MYC,0
MYC,PTPRM,0
NR3C1,RNF138,0
EPAS1,TMEM60,0
EPAS1,SOX2,0
HDAC2,PIH1D1,0
JUN,EPAS1,0
NR2F2,TTK,0
NR3C1,PRKCI,0
EZH2,PRIM1,0
ELF1,PLTP,0
HNF4A,IFT52,0
MAZ,CDCA7L,0
FOXA1,HSD17B7,0
REST,PTTG1,0
JUN,ECT2,0
SMARCA4,CHTF18,0
EZH2,SLC39A10,0
FOXA2,CRELD1,0
MCRS1,EIF5B,0
SMARCA4,AASS,0
BRCA1,SP100,0
CEBPZ,RBBP8,0
NR2F2,ASRGL1,0
SRF,SERPINB1,0
JUN,DHPS,0
JUN,LEAP2,0
NR3C1,ZNF354A,0
BRCA1,HMGN2,0
MYBL2,PMAIP1,0
RUVBL1,CPSF6,0
TEAD4,S100A6,0
HDAC2,HMGN1,0
ATF3,ZBTB3,0
JUN,PIGH,0
ARID2,SURF2,0
RUVBL1,WDR12,0
MYC,MRPL10,0
ELF1,SLC2A1,0
MCRS1,MCM6,0
JUN,DRAP1,0
RUVBL1,LRRC1,0
REST,UROD,0
HDAC2,MID1,0
SRF,UTP18,0
MAFF,C17ORF75,0
MCRS1,TPX2,0
MAFF,FANCD2,0
MAFF,CMPK1,0
RFX5,RBMX,0
ARID2,ZNF253,0
CEBPZ,CNBP,0
RFX5,SLC2A1,0
NR3C1,WARS,0
SMARCA4,IQCB1,0
JUND,ALDH1A1,0
IRF3,TCF4,0
MCRS1,HNRNPD,0
FOXA2,BIN1,0
ARID2,CPSF3,0
SMARCA4,ECHDC1,0
ARID2,SRSF6,0
MYBL2,SOX2,0
NR3C1,KIAA0586,0
MAFF,MRPL15,0
MYC,SPTLC3,0
BRCA1,USB1,0
CEBPZ,HIST1H1E,0
EZH2,CUEDC2,0
SMARCA4,MT1G,0
RUVBL1,EPB41L2,0
EPAS1,POLR2B,0
BRCA1,NAA10,0
SRF,ZNF260,0
RUVBL1,TCF4,0
MCRS1,CAPG,0
IRF3,PARP1,0
IRF3,EXOSC1,0
RUVBL1,GATAD2B,0
MAFF,FXYD5,0
SRF,RHOBTB3,0
MYC,P4HA2,0
TEAD4,GSTA2,0
RUVBL1,NDC80,0
IRF3,ENO2,0
MCRS1,CXCR4,0
ATF3,RBMX,0
MCRS1,SYTL2,0
ARID2,NCOA1,0
BRCA1,APOA1,0
SRF,TTK,0
RUVBL1,ICE2,0
HDAC2,GRHL1,0
CEBPD,HPRT1,0
SMARCA4,EOMES,0
CEBPD,MRPS11,0
SRF,DKC1,0
SMARCA4,CDCA7L,0
RUVBL1,TMEM41A,0
CEBPZ,ABCE1,0
EPAS1,KLC4,0
BRCA1,GALE,0
JUN,COPS7A,0
MYC,CKS1B,0
RFX5,CEBPA,0
MAFF,CTSE,0
ATF3,CMC2,0
EZH2,GEMIN8,0
TEAD4,TTF2,0
NR3C1,HCFC1,0
MAZ,MYCBP,0
SRF,ZNF675,0
JUN,F2RL1,0
EZH2,TSN,0
REST,SEC61A2,0
RUVBL1,ASF1A,0
RUVBL1,CRABP2,0
CEBPZ,DGAT1,0
SMARCC1,TAF9B,0
HNF4A,DDB2,0
MAFF,MED20,0
ARID2,NDC80,0
MAFF,PTPRM,0
MAFF,ARG2,0
BRCA1,ING3,0
CREB1,EXOSC2,0
SRF,LAPTM4B,0
RUVBL1,METTL3,0
MCRS1,AFF4,0
HNF4A,RANGRF,0
EPAS1,STARD3NL,0
FOSL2,ZNF287,0
EPAS1,METTL8,0
TEAD4,DDHD1,0
NR3C1,TCF25,0
ARID2,ALG8,0
SMARCA4,CREB3L4,0
BRCA1,GATA4,0
ELF1,EMP2,0
ARID2,DAXX,0
HDAC2,ACTL6A,0
FOXA2,CAPN2,0
SMARCC1,TRERF1,0
ARID2,MBIP,0
IRF3,CFAP97,0
FOXA1,C9ORF72,0
SMARCA4,GLIS3,0
IRF3,ASXL1,0
SMARCC1,PREB,0
IRF3,ASNSD1,0
EZH2,DSN1,0
JUN,CDKN1A,0
SMARCA4,TRIM59,0
EZH2,KDELR3,0
ARID2,AFF4,0
EPAS1,ACADSB,0
MYBL2,CHAF1A,0
SMARCA4,SMIM20,0
MAZ,PDGFA,0
MCRS1,MORN2,0
SMARCC1,SLC10A1,0
NR2F2,UCHL1,0
RFX5,LSM10,0
MCRS1,HTATSF1,0
CEBPZ,MTFP1,0
EPAS1,ALDH9A1,0
ELF1,LTA4H,0
MCRS1,MT1X,0
EPAS1,ERCC8,0
SMARCA4,DDIT3,0
BRCA1,HSD17B7,0
EPAS1,CENPE,0
CREB1,ITGB3BP,0
SMARCA4,CYB5B,0
FOXA1,IGF2BP3,0
EPAS1,TUBA1B,0
SRF,SEC61A2,0
EPAS1,EIF2B3,0
BRCA1,TSFM,0
MYBL2,CIDEB,0
BRCA1,PAWR,0
RUVBL1,BUB1B,0
NR3C1,PSMG1,0
JUND,CNN2,0
IRF3,ECD,0
MCRS1,TAF5,0
MCRS1,ISY1,0
NR2F2,OCIAD2,0
RUVBL1,IRF9,0
RFX5,CDK5RAP2,0
REST,PPARA,0
MCRS1,THAP11,0
ATF3,NUPR1,0
SRF,CNBP,0
SMARCC1,WIPI1,0
SRF,RUVBL2,0
ARID2,TM4SF4,0
NR2F2,NPPB,0
CEBPZ,POLR2I,0
IRF3,UGT2B11,0
BRCA1,EXOSC3,0
MAFF,ELOVL5,0
MAFF,MECR,0
NR3C1,TMEM14A,0
JUN,DMKN,0
NR2F2,LAMB1,0
CEBPZ,CSDE1,0
NR3C1,ODF2L,0
SMARCA4,IDH3B,0
EPAS1,XPO6,0
SMARCA4,EMG1,0
IRF3,ALDH9A1,0
CEBPZ,DAXX,0
JUN,ZNF160,0
RUVBL1,ALG8,0
SMARCA4,MAF,0
EZH2,CHEK2,0
BRCA1,RPUSD4,0
MYC,MYCBP,0
TEAD4,UMPS,0
IRF3,RAD51C,0
JUN,PLRG1,0
MAZ,F3,0
NR3C1,NTHL1,0
MAFF,GRHL1,0
NR3C1,GGCT,0
ATF3,PARP1,0
ELF1,AGO2,0
MCRS1,ZFP36,0
CEBPD,POLR2K,0
ATF3,UFSP2,0
NR3C1,CLDN4,0
CEBPZ,POLR2G,0
HDAC2,TRIM28,0
MCRS1,GPRC5C,0
MAFF,BLVRA,0
ARID2,TEAD2,0
MYC,IFNGR1,0
EZH2,ITIH4,0
MYC,RIN2,0
IRF3,ESCO2,0
EPAS1,POLD3,0
SMARCA4,GSTA1,0
JUN,POLR1C,0
BRCA1,MST1,0
FOXA1,ECSIT,0
NR3C1,ATG5,0
SRF,ALB,0
HDAC2,USP11,0
JUND,SCAPER,0
EPAS1,FHL2,0
TEAD4,ING5,0
MAFF,TMEM60,0
EPAS1,GTF2H3,0
IRF3,DDB2,0
ATF3,PMAIP1,0
NR3C1,CCND1,0
ATF3,UCHL1,0
MAFF,R3HDM1,0
MCRS1,MGST2,0
SMARCA4,DHPS,0
ARID2,NUP35,0
NR2F2,SLC39A10,0
CREB1,HAVCR1,0
ARID2,TUBE1,0
FOSL2,FXYD5,0
EPAS1,POLE2,0
RUVBL1,OCIAD2,0
MYBL2,MT1E,0
TEAD4,GSTK1,0
NR3C1,ELF1,0
IRF3,MPC1,0
EPAS1,RANGRF,0
SMARCA4,ABT1,0
NR3C1,PRPS2,0
EPAS1,BCOR,0
EZH2,ZNF770,0
ARID2,GLIS3,0
RUVBL1,PIH1D1,0
SRF,SCD5,0
ARID2,SUB1,0
SMARCA4,SMAD3,0
IRF3,TSN,0
RUVBL1,ITIH4,0
TEAD4,STAT2,0
FOXA2,JAZF1,0
HNF4A,SPDL1,0
NR3C1,NPRL2,0
TEAD4,TMEM147,0
ATF3,NAA50,0
ATF3,TEAD2,0
TEAD4,TMEM41A,0
ARID2,SMARCA4,0
ELF1,DYNLT3,0
FOXA1,BCOR,0
ELF1,POLR3E,0
NR3C1,TP53,0
HNF4A,GSTA1,0
ARID2,RFX6,0
BRCA1,SF3A3,0
EPAS1,TCF4,0
MCRS1,RNF4,0
MCRS1,POLR3G,0
MYC,GRHL1,0
FOXA2,GLI1,0
NR3C1,ATP11C,0
MYC,KIF23,0
IRF3,DDX5,0
JUN,ZNF74,0
SRF,MEP1A,0
RUVBL1,PHGDH,0
ARID2,DPPA4,0
FOSL2,HPX,0
MCRS1,WDR5,0
RFX5,CRAT,0
MCRS1,SEC22C,0
HDAC2,QPCT,0
ELF1,TM4SF4,0
HDAC2,RNASEH2A,0
SMARCA4,LRR1,0
REST,TRIM59,0
CEBPZ,ARG2,0
ATF3,HK1,0
RUVBL1,NR2F2,0
CEBPZ,MAT2B,0
SRF,MYOF,0
ARID2,CENPE,0
SMARCA4,FGB,0
ATF3,ODF2L,0
HDAC2,RREB1,0
RUVBL1,DCLRE1C,0
FOXA1,ATG5,0
MYC,ELF1,0
JUN,CRABP2,0
REST,F2RL1,0
BRCA1,PDGFRA,0
EZH2,IRF3,0
CEBPZ,ZNF300,0
MCRS1,DNMT1,0
SRF,MMS22L,0
CEBPZ,FAM49B,0
HDAC2,HMGCS2,0
MYC,C9ORF78,0
RFX5,UBAC2,0
EPAS1,SUV39H2,0
TEAD4,SMARCA4,0
CEBPD,TEAD2,0
TEAD4,ARL2,0
MCRS1,METTL5,0
REST,EHMT1,0
JUN,EXOC5,0
EPAS1,SLC35B4,0
MYBL2,PPFIBP2,0
RUVBL1,G6PC3,0
ARID2,TMEM60,0
MYC,TRERF1,0
BRCA1,MT1G,0
MCRS1,TRIT1,0
RUVBL1,FANCL,0
SRF,HSDL2,0
SRF,NCAPG,0
RUVBL1,XRCC6,0
CEBPZ,MID1,0
SMARCA4,TBPL1,0
CEBPD,MYO10,0
JUND,TMEM150C,0
IRF3,TPD52L1,0
MYC,CTBP1,0
FOXA2,LEFTY1,0
FOSL2,VCAN,0
CEBPZ,WDR3,0
NR3C1,NTPCR,0
HDAC2,ALB,0
ATF3,PSMG1,0
EPAS1,WDYHV1,0
IRF3,M6PR,0
SRF,DNAH14,0
HDAC2,SMARCC1,0
ARID2,UGT2B11,0
EPAS1,MLF1,0
HNF4A,ATP2C1,0
EPAS1,ORC2,0
CEBPD,HSD17B2,0
EZH2,AEBP2,0
CEBPZ,MAP1B,0
SRF,GABPB1,0
JUN,IPO5,0
ARID2,AGTRAP,0
IRF3,SLC44A2,0
ATF3,HMGB2,0
EPAS1,PHGDH,0
NR2F2,MT1E,0
EPAS1,IFNGR1,0
FOSL2,DPF2,0
SMARCA4,MMS19,0
RUVBL1,SMC4,0
CEBPZ,RPUSD4,0
EZH2,CREB3L4,0
IRF3,POLR3D,0
MCRS1,LDB2,0
EPAS1,TRIT1,0
NR2F2,MYO10,0
ARID2,DHRS3,0
CEBPD,ZSWIM8,0
HNF4A,PUS7L,0
RFX5,RBP2,0
EZH2,TAF9B,0
EPAS1,MED14,0
EZH2,TMEM97,0
ARID2,MAEA,0
MAFF,PEF1,0
ATF3,MT1E,0
FOXA1,TAF7,0
EPAS1,SERPINB1,0
MCRS1,ISG15,0
RFX5,HK1,0
IRF3,BCKDK,0
NR3C1,MRRF,0
EPAS1,CUEDC2,0
BRCA1,RNF4,0
MCRS1,ATP11C,0
RUVBL1,MAT2B,0
REST,CAMK2D,0
EPAS1,EPB41L2,0
TEAD4,EMG1,0
TEAD4,TAF1B,0
EPAS1,CDX2,0
JUN,TPM2,0
CEBPD,EXTL2,0
RFX5,DHRS3,0
FOXA2,PDCD2L,0
CEBPZ,IPO5,0
MYC,NAA10,0
ELF1,RGN,0
FOXA1,JUN,0
EZH2,TARDBP,0
MCRS1,SRSF6,0
HNF4A,TIMM21,0
CEBPZ,IDI1,0
MAZ,HMGCS2,0
HDAC2,PSMD10,0
TEAD4,ZNF300,0
ARID2,DHCR7,0
RFX5,PRKCI,0
BRCA1,DDAH1,0
RFX5,NVL,0
EPAS1,CNTRL,0
EZH2,GOT1,0
NR2F2,SMAD2,0
FOXA1,ZNF287,0
FOXA2,ZNF581,0
IRF3,WDR74,0
MYBL2,ATP11C,0
NR3C1,STEAP1,0
FOXA2,IRF3,0
SMARCA4,GXYLT2,0
SMARCA4,MED30,0
RUVBL1,EWSR1,0
NR3C1,SEC61A2,0
NR3C1,SLC25A26,0
CREB1,TFPI,0
REST,NEDD4L,0
NR3C1,BUB1,0
MCRS1,ALDH9A1,0
MYC,FHL2,0
SRF,POLR2D,0
ARID2,TCOF1,0
MYBL2,LEFTY1,0
ARID2,ASGR1,0
EZH2,MXD1,0
HNF4A,SF3B3,0
EZH2,LITAF,0
NR3C1,ERBB4,0
HDAC2,POLR3D,0
ARID2,PAPSS1,0
FOSL2,RARG,0
BRCA1,ENO1,0
BRCA1,ZNF287,0
JUND,BST2,0
SMARCA4,CENPU,0
ATF3,TARDBP,0
RUVBL1,LAMC1,0
CEBPD,ICA1,0
EPAS1,CDK2AP1,0
HNF4A,MPC1,0
EZH2,RBMX,0
HNF4A,OIP5,0
MCRS1,POLR1C,0
NR3C1,HAVCR1,0
IRF3,ERCC8,0
MAFF,ANAPC4,0
ATF3,TPX2,0
FOXA1,ACAD11,0
CEBPD,SP100,0
HDAC2,POU5F1,0
ATF3,FBXO22,0
RFX5,IVNS1ABP,0
BRCA1,FOSL2,0
ARID2,SLC5A6,0
ATF3,CHD8,0
ATF3,AASS,0
SMARCA4,ZNF160,0
SRF,MCRS1,0
CEBPZ,BLVRA,0
ARID2,PDCD4,0
ARID2,TCF4,0
CEBPZ,GYG1,0
SRF,ANPEP,0
ARID2,HNRNPH3,0
NR2F2,WDYHV1,0
JUN,NRIP1,0
ATF3,ANXA4,0
MCRS1,HOOK2,0
SMARCA4,HGD,0
HDAC2,TM4SF4,0
MAFF,HMGN1,0
CEBPZ,CUL2,0
RUVBL1,MYO10,0
MAZ,GSTA2,0
IRF3,OAZ2,0
ATF3,PAPOLA,0
ATF3,DYNLT3,0
JUN,PFN2,0
RUVBL1,FLAD1,0
FOSL2,MAF,0
HNF4A,KIFAP3,0
ARID2,ZFP42,0
SMARCC1,ATP11C,0
EZH2,TIPIN,0
SMARCA4,E2F3,0
JUND,SHKBP1,0
ARID2,FAM114A1,0
FOSL2,TBC1D31,0
ATF3,GRPR,0
RUVBL1,CTSE,0
JUN,RNF26,0
NR3C1,SRSF2,0
RUVBL1,ACTC1,0
FOSL2,UROD,0
ARID2,ZDHHC4,0
BRCA1,PMM1,0
IRF3,RAB28,0
RFX5,FEN1,0
NR3C1,TPX2,0
EZH2,G2E3,0
JUN,MELK,0
HDAC2,SAE1,0
MCRS1,USP45,0
CEBPZ,POLR3G,0
CEBPZ,IMMP1L,0
ELF1,SLC10A1,0
ARID2,RFC1,0
JUN,RIOK3,0
ATF3,TTR,0
HNF4A,POU2F1,0
REST,P4HA2,0
MAZ,IPO5,0
MAFF,USP1,0
ELF1,HDAC2,0
HNF4A,CDK2AP1,0
FOXA1,PAPSS1,0
BRCA1,CCNB1,0
RUVBL1,SRSF6,0
BRCA1,KLHL7,0
SMARCA4,RAI14,0
IRF3,DNAJB9,0
TEAD4,ZDHHC4,0
SRF,AFP,0
FOSL2,MCM6,0
RUVBL1,AURKB,0
CEBPD,PPFIBP2,0
EZH2,RFC1,0
IRF3,SNRPD1,0
IRF3,MST1,0
TEAD4,EEF1E1,0
MAFF,RUVBL2,0
CEBPD,CTBP1,0
NR3C1,APOC2,0
JUN,POLR2B,0
EZH2,F2,0
FOXA1,ZFAND2A,0
SMARCA4,WDHD1,0
NR3C1,UMPS,0
MYBL2,SMAD3,0
SRF,OAZ2,0
RUVBL1,HJURP,0
NR3C1,PAPSS1,0
NR3C1,CDC23,0
MAZ,USP3,0
ATF3,ELL2,0
BRCA1,SUGCT,0
HDAC2,JUN,0
TEAD4,ASNS,0
SMARCA4,MPHOSPH6,0
HDAC2,HACL1,0
MAFF,TADA3,0
ATF3,USB1,0
MYC,TYMS,0
IRF3,SPTLC3,0
NR2F2,CA2,0
RUVBL1,BST2,0
SMARCA4,CRYZL1,0
EPAS1,DMKN,0
ATF3,MUSTN1,0
SRF,UCKL1,0
BRCA1,SEC61A2,0
HNF4A,PPARA,0
BRCA1,SLC7A6,0
ARID2,MLXIPL,0
SMARCA4,TTR,0
BRCA1,ACOX2,0
HNF4A,LAMC1,0
ARID2,SLC25A17,0
ARID2,ZNF644,0
HNF4A,HARS,0
CEBPZ,ZNF232,0
MYBL2,ATP1B1,0
MAFF,RAB34,0
BRCA1,CPSF6,0
ATF3,DLGAP5,0
BRCA1,ZNF146,0
BRCA1,BRCA2,0
MAFF,TTLL4,0
EZH2,NDC80,0
RUVBL1,IFT22,0
MYBL2,MTHFD1,0
RUVBL1,TIPARP,0
RUVBL1,TXNDC9,0
SRF,PEG3,0
TEAD4,TM4SF4,0
JUN,CIDEB,0
IRF3,METTL5,0
EPAS1,RFXANK,0
CEBPZ,APOA2,0
MYC,GOT1,0
BRCA1,ZNF160,0
ATF3,CCDC138,0
RUVBL1,PARP1,0
JUN,SEC14L2,0
IRF3,LGALS2,0
NR2F2,CEBPD,0
MCRS1,ZBTB24,0
REST,TTC39C,0
CEBPZ,BBS7,0
BRCA1,MCM3,0
FOXA1,NHEJ1,0
EZH2,IFITM3,0
TEAD4,OCIAD2,0
TEAD4,ZWINT,0
EPAS1,COPS5,0
JUN,ADNP,0
SMARCA4,C3,0
FOSL2,KDELR3,0
MAFF,MELK,0
SRF,SLC44A2,0
BRCA1,LAPTM4B,0
BRCA1,SLC38A2,0
ARID2,DNMT1,0
SRF,CENPN,0
HNF4A,KLF5,0
TEAD4,BCL11B,0
TEAD4,TMEM150C,0
ARID2,NPPB,0
MYC,PLTP,0
ATF3,TIMM9,0
MAFF,IMMP1L,0
TEAD4,ZNF398,0
ATF3,POLE2,0
FOSL2,CHAF1A,0
ARID2,AIMP2,0
REST,ZSCAN21,0
SRF,PIH1D1,0
NR3C1,TEX10,0
SMARCC1,LIN28A,0
SRF,KEAP1,0
RUVBL1,EZH2,0
SRF,DECR1,0
NR3C1,C3ORF14,0
MCRS1,SLC2A1,0
MAZ,NR2F6,0
MCRS1,RBBP4,0
EZH2,MYO9A,0
HNF4A,FASTKD2,0
CEBPZ,IFRD2,0
REST,HAT1,0
MCRS1,MRPL10,0
CEBPZ,TAF1A,0
IRF3,NUP35,0
TEAD4,SFRP1,0
CEBPD,PRC1,0
SRF,TM7SF3,0
NR3C1,SLC25A4,0
JUN,ZWINT,0
ATF3,ASNS,0
FOXA2,S100A6,0
SRF,WRB,0
CEBPZ,AATF,0
FOSL2,DROSHA,0
SMARCA4,METTL3,0
MCRS1,TF,0
ARID2,PIAS3,0
CEBPZ,UBE2T,0
JUN,TCF25,0
HDAC2,IGF2BP3,0
ELF1,PPP2R1B,0
NR3C1,EPS8L2,0
BRCA1,SEC14L2,0
NR3C1,RNF2,0
MCRS1,TRIM59,0
IRF3,ZNF195,0
BRCA1,PSPH,0
MCRS1,CDK5RAP1,0
ELF1,POLB,0
TEAD4,ACTL6A,0
TEAD4,ALB,0
MYC,MED14,0
SRF,NRIP1,0
MCRS1,C12ORF45,0
MAZ,C3ORF14,0
JUN,HEXB,0
MCRS1,TUBA1B,0
CEBPZ,WDR75,0
ARID2,JMJD1C,0
IRF3,SORBS2,0
SRF,EXOSC8,0
TEAD4,ID2,0
JUN,TDGF1,0
BRCA1,C12ORF10,0
ATF3,HMGB3,0
JUN,PSEN1,0
SRF,CNTRL,0
MAFF,ODF2L,0
BRCA1,PCIF1,0
FOXA2,XRCC6,0
JUND,EXOSC2,0
CEBPD,PLAC8,0
CEBPD,NODAL,0
EPAS1,U2AF1,0
HNF4A,SLC7A8,0
MAFF,EPHX2,0
BRCA1,DDB2,0
IRF3,CREB1,0
ARID2,PA2G4,0
JUN,ING1,0
EPAS1,ASNSD1,0
ATF3,RNF19A,0
MAZ,ZNF202,0
ARID2,MMS22L,0
CEBPZ,UTP15,0
ATF3,IQGAP2,0
CEBPD,HIPK2,0
SMARCC1,ZNF581,0
IRF3,G2E3,0
NR3C1,DRAP1,0
CEBPD,SUB1,0
BRCA1,POLR2K,0
NR2F2,FOSB,0
ATF3,ACSL5,0
SRF,GGH,0
NR3C1,IQGAP2,0
HNF4A,TNNI3,0
JUND,HTATSF1,0
ARID2,SEPT10,0
TEAD4,SLC7A8,0
TEAD4,PARP1,0
CEBPD,SLC25A37,0
ATF3,ZNF160,0
SMARCA4,RREB1,0
CREB1,MT1E,0
CEBPZ,DDC,0
HNF4A,SLC38A2,0
TEAD4,UCP2,0
EZH2,POLR3G,0
CEBPZ,ASF1A,0
MAZ,ALPL,0
RUVBL1,DHCR7,0
IRF3,CUTC,0
ELF1,TUBB6,0
MAFF,GLIPR2,0
FOXA1,DDB2,0
SMARCC1,ITLN2,0
IRF3,BBS9,0
ARID2,CAAP1,0
MCRS1,ZFP62,0
NR3C1,PDLIM7,0
JUN,CCNB2,0
NR3C1,AEBP2,0
EZH2,PAWR,0
SMARCC1,ALPL,0
BRCA1,SHKBP1,0
IRF3,ACTN1,0
SMARCA4,HIPK2,0
RUVBL1,EEF1E1,0
SRF,CEBPZ,0
JUN,TOP2A,0
FOSL2,SEC11C,0
ELF1,LGALS3,0
SMARCA4,RBMX,0
IRF3,SRRM1,0
CEBPD,RNASEH2B,0
JUN,ZNF638,0
FOSL2,MRPL10,0
ARID2,CA2,0
SMARCA4,IFITM3,0
JUN,IFNGR1,0
HNF4A,IMMP1L,0
BRCA1,CA2,0
CEBPZ,ANAPC7,0
EPAS1,RIOK1,0
TEAD4,VCAN,0
CEBPZ,BRIX1,0
MCRS1,CHAF1A,0
ATF3,ING1,0
EPAS1,MEST,0
MAFF,GATA6,0
NR3C1,METTL18,0
NR3C1,MYCN,0
CEBPZ,CXCR4,0
SMARCA4,ESYT1,0
BRCA1,AGO2,0
FOXA1,DEPDC7,0
MAFF,C6ORF203,0
EZH2,CFAP97,0
MAFF,TFPI,0
NR2F2,GALE,0
CEBPZ,SRM,0
BRCA1,HNRNPAB,0
SMARCA4,COMMD10,0
MAFF,METTL8,0
TEAD4,CDCA7L,0
SMARCA4,SH3BGRL,0
CEBPZ,VPS72,0
SMARCC1,AMBP,0
CEBPZ,DECR1,0
IRF3,WARS,0
FOXA1,CTSC,0
MCRS1,TMEM41A,0
NR3C1,LIG1,0
TEAD4,FGFR1,0
RFX5,RAMP1,0
CEBPD,S100A16,0
EPAS1,SAE1,0
SRF,UNC93A,0
CEBPZ,DPH5,0
IRF3,ZFP36,0
SRF,HMMR,0
RFX5,CRABP2,0
SMARCC1,RNASEH2A,0
RUVBL1,EXOSC5,0
ATF3,CCNB2,0
BRCA1,DR1,0
IRF3,AAR2,0
HNF4A,E2F4,0
EPAS1,RARRES2,0
MCRS1,HDGF,0
MCRS1,SCPEP1,0
MCRS1,PDE6D,0
HDAC2,ZNF160,0
EZH2,MTMR2,0
MAZ,STARD3NL,0
BRCA1,LIN28A,0
ELF1,FOXM1,0
RUVBL1,MTFP1,0
IRF3,GSTA2,0
ARID2,MTHFD1,0
CEBPZ,HERPUD1,0
ELF1,ZNF217,0
SMARCA4,MRPL16,0
CEBPZ,CNOT10,0
SRF,TIPARP,0
HNF4A,SALL4,0
JUN,POLR3D,0
SMARCA4,C11ORF54,0
ATF3,PPAT,0
SRF,ARMC9,0
BRCA1,ZGRF1,0
EPAS1,PTTG1,0
EPAS1,PNPT1,0
FOXA1,PTMA,0
EZH2,TAF11,0
REST,ZNF260,0
FOXA2,SLC38A1,0
SRF,HMGCS2,0
ARID2,SMIM20,0
SMARCA4,TP53INP2,0
JUN,ALPL,0
TEAD4,LGALS1,0
MAFF,SLC2A1,0
MCRS1,LGALS1,0
FOSL2,RBBP8,0
NR3C1,PPT1,0
HDAC2,CREB1,0
RFX5,JAG1,0
REST,FAM114A1,0
NR3C1,GEMIN7,0
CEBPD,ZNF398,0
JUND,ZSWIM8,0
MCRS1,SH3BGR,0
JUN,AAMP,0
JUN,BRCA2,0
SMARCC1,SEC11C,0
ARID2,ZNF398,0
RUVBL1,ZSCAN21,0
SMARCC1,HNF1B,0
HNF4A,G2E3,0
CEBPZ,HELLS,0
HDAC2,KIFAP3,0
CEBPD,WBP11,0
CEBPD,IGF1R,0
NR3C1,WBP11,0
EPAS1,ZSWIM7,0
CEBPD,LIFR,0
FOSL2,EZH2,0
MAZ,ZNF675,0
FOSL2,DDHD1,0
HDAC2,MCM5,0
HDAC2,TARBP2,0
SMARCA4,SLC7A7,0
NR3C1,TM7SF3,0
SMARCA4,DPAGT1,0
ARID2,LGALS1,0
NR3C1,ACTL6A,0
MAZ,DECR1,0
CEBPZ,TPD52L1,0
MAFF,IQGAP2,0
NR2F2,SMARCC1,0
MAZ,DBNDD2,0
HDAC2,NAA16,0
EZH2,PEG3,0
SMARCA4,PAWR,0
RUVBL1,DNPEP,0
JUN,ISG15,0
RUVBL1,MAD2L1BP,0
MAZ,HAT1,0
NR3C1,TMEM97,0
MAZ,MTERF3,0
FOXA2,SEC61A2,0
MYC,MTUS1,0
REST,PRKCE,0
ATF3,CEBPA,0
SRF,TTC39C,0
ATF3,PDZK1,0
CEBPD,BRMS1,0
SMARCC1,ZNF107,0
ARID2,ETV4,0
MAFF,UCKL1,0
SRF,SNRPD1,0
SRF,TRIM27,0
MYC,NHEJ1,0
FOSL2,TRERF1,0
CEBPZ,CEBPD,0
EZH2,NME2,0
JUN,CCDC66,0
MCRS1,DDX55,0
NR3C1,MAFF,0
RUVBL1,ZNF143,0
CEBPZ,KLC4,0
IRF3,MCM2,0
FOXA1,NREP,0
CEBPZ,DPF2,0
NR2F2,POLR1E,0
SRF,HK1,0
ATF3,MLXIPL,0
RUVBL1,GMPS,0
MYC,ANPEP,0
NR2F2,MID1,0
HDAC2,A1CF,0
EZH2,TMEM147,0
ELF1,NFATC2,0
BRCA1,TBL1X,0
MCRS1,SLC7A6,0
RFX5,GMPS,0
EZH2,SUV39H2,0
FOXA1,MLXIPL,0
JUN,CREG1,0
RFX5,HSD17B14,0
NR3C1,MIS18A,0
BRCA1,ASCC3,0
SMARCC1,AKR1D1,0
EZH2,POLR2F,0
ARID2,ZNF675,0
HDAC2,NEIL2,0
REST,GLIPR2,0
MYBL2,TFPI,0
EZH2,PRIM2,0
TEAD4,SCD5,0
TEAD4,CREB3L3,0
EPAS1,ATG101,0
JUN,MYOF,0
ARID2,OPA1,0
REST,GRTP1,0
RUVBL1,NVL,0
REST,PAFAH1B3,0
SMARCA4,STX8,0
IRF3,UBE2E3,0
MAFF,RNASEH2B,0
NR3C1,MED21,0
MYC,HMGN2,0
ARID2,SPAG9,0
MYBL2,PEX19,0
SRF,HNRNPH3,0
MCRS1,ANLN,0
EZH2,PHGDH,0
MCRS1,ZSCAN21,0
EPAS1,USP11,0
CEBPZ,CIDEB,0
ARID2,NEIL2,0
IRF3,IFITM2,0
JUN,FAM13A,0
HNF4A,MT1E,0
NR3C1,CKS1B,0
CEBPZ,WDHD1,0
NR2F2,TM4SF4,0
ELF1,MDK,0
ATF3,S100A13,0
HNF4A,LIFR,0
RUVBL1,IVNS1ABP,0
MYC,ZFP42,0
HDAC2,EHMT1,0
RFX5,PWP1,0
MCRS1,MGME1,0
RUVBL1,ISG15,0
EZH2,CAT,0
NR3C1,MTAP,0
JUN,USP3,0
SMARCA4,WDR5,0
NR3C1,LEFTY1,0
HDAC2,SRSF10,0
CEBPZ,GPC3,0
MCRS1,CDC20,0
NR3C1,LITAF,0
FOSL2,PBX1,0
EZH2,CRAT,0
FOSL2,UBLCP1,0
FOSL2,DPPA4,0
REST,PTPRM,0
CEBPD,CSRP2,0
TEAD4,SEC22C,0
FOSL2,BCL11B,0
MCRS1,NUDT1,0
TEAD4,FAM49B,0
ARID2,CETN3,0
IRF3,EHMT1,0
HDAC2,HELLS,0
MCRS1,USP1,0
EZH2,ZNF670,0
MYBL2,CPSF6,0
RFX5,MT1X,0
ARID2,WDR12,0
NR3C1,FANCL,0
RUVBL1,CCDC138,0
RFX5,HINFP,0
SRF,TAF6,0
MAFF,SLC39A5,0
SMARCA4,UBL7,0
CEBPZ,ANXA3,0
CEBPD,ZNF232,0
ARID2,DYNLT3,0
SMARCA4,PYCR1,0
CEBPZ,ETS1,0
JUN,RAB28,0
BRCA1,RBBP8,0
FOSL2,AAMP,0
BRCA1,DHPS,0
CEBPD,EPSTI1,0
ARID2,MCM3,0
SMARCC1,ARL6IP6,0
BRCA1,CDK2AP1,0
SRF,USB1,0
MAFF,P4HA2,0
HDAC2,GLI1,0
EPAS1,MAD2L1BP,0
ATF3,MELK,0
MCRS1,EFNA1,0
ATF3,TAF1B,0
RUVBL1,SEC22C,0
EZH2,ZNF91,0
NR2F2,PTP4A1,0
JUND,ZNF239,0
NR3C1,RAD1,0
REST,CASP8AP2,0
EPAS1,ZNF232,0
CEBPZ,SULF2,0
RUVBL1,ZFP42,0
CEBPZ,SULT1A2,0
HDAC2,RANGRF,0
MCRS1,HNRNPH3,0
EZH2,CENPF,0
HNF4A,ERCC8,0
MAZ,CALML4,0
REST,ZNF354A,0
BRCA1,SORBS2,0
RFX5,MRS2,0
NR3C1,TFPI,0
RUVBL1,SDAD1,0
EZH2,XBP1,0
SMARCA4,FBXO22,0
MAFF,APOA4,0
MCRS1,DCAF13,0
CEBPZ,PCNA,0
NR2F2,PAX6,0
ARID2,TCF25,0
TEAD4,RUVBL1,0
NR3C1,HEXB,0
BRCA1,WDYHV1,0
EZH2,VCAN,0
BRCA1,PDLIM7,0
SMARCA4,SSBP2,0
BRCA1,RAD1,0
FOXA1,RAD54L,0
NR3C1,LRRC1,0
MCRS1,FEN1,0
SRF,CRAT,0
RUVBL1,IFITM2,0
HNF4A,CRBN,0
HDAC2,RAD54B,0
SRF,GPC3,0
CEBPZ,BIRC5,0
HDAC2,SLC35B4,0
ATF3,LEFTY1,0
BRCA1,PDPN,0
EZH2,PFN2,0
RUVBL1,BCL11B,0
CEBPZ,ABT1,0
ATF3,CDK5RAP1,0
HDAC2,MCM2,0
TEAD4,ARL15,0
HDAC2,HSD17B7,0
RUVBL1,C11ORF54,0
MAFF,DNAJB9,0
SMARCA4,LEAP2,0
MAZ,DHPS,0
HNF4A,KNSTRN,0
ARID2,NFKBIZ,0
NR3C1,PYCR1,0
MYBL2,SFRP1,0
RFX5,CDCA7L,0
BRCA1,CENPN,0
EZH2,SRSF1,0
ATF3,CUTC,0
MCRS1,CHTF18,0
JUN,AMZ2,0
NR3C1,PLAC8,0
EPAS1,WDR3,0
IRF3,NIFK,0
ARID2,TOPORS,0
ATF3,METTL8,0
JUN,BMP2,0
SMARCA4,GEMIN2,0
EZH2,PWP1,0
SMARCA4,SRSF10,0
FOXA1,SNRNP25,0
SRF,YWHAH,0
MAZ,HMGXB4,0
NR3C1,ARL15,0
TEAD4,TADA3,0
SMARCA4,NUSAP1,0
MAZ,DDIT4,0
TEAD4,GRPR,0
NR3C1,EIF5B,0
HNF4A,TUBB6,0
IRF3,ILF3,0
MCRS1,TTF2,0
EZH2,ZFAND2A,0
MCRS1,MRPL2,0
REST,GALE,0
RUVBL1,GTF2I,0
RFX5,ZCCHC7,0
EPAS1,SAT1,0
TEAD4,DDX54,0
SRF,EYA3,0
RUVBL1,CNBP,0
EZH2,MPC1,0
EZH2,ALB,0
HDAC2,ERAL1,0
IRF3,HMGA1,0
NR3C1,ZNF638,0
ATF3,AXL,0
ARID2,AMZ2,0
SRF,SMOX,0
HNF4A,POLB,0
NR3C1,GMPS,0
ARID2,MRPL10,0
REST,ERCC8,0
CEBPZ,COPS7A,0
JUN,CAT,0
ATF3,SHMT2,0
BRCA1,LIAS,0
TEAD4,LHX1,0
SMARCC1,TGIF1,0
ATF3,ETV4,0
ELF1,PLG,0
ARID2,TIPARP,0
IRF3,U2AF1,0
SMARCA4,HMGXB4,0
MYC,ITLN2,0
NR3C1,SLC25A17,0
FOXA1,TRIP13,0
HDAC2,RNF26,0
MAFF,IFITM3,0
CEBPD,JAZF1,0
ATF3,WDR12,0
MYC,GLI1,0
JUN,ISY1,0
EZH2,SDAD1,0
NR3C1,MELK,0
SRF,PIK3R1,0
MCRS1,SEC61A2,0
TEAD4,PHKA2,0
SMARCA4,SLC38A1,0
JUN,TM7SF3,0
MAFF,IMP4,0
ELF1,ZNF239,0
EZH2,EIF5B,0
CEBPD,NR3C1,0
ELF1,HP,0
TEAD4,GTF3C4,0
TEAD4,HSD17B10,0
RUVBL1,SYTL2,0
FOXA1,TAF6,0
MCRS1,TRIM25,0
ARID2,DDX55,0
FOSL2,IFITM3,0
CEBPD,MTHFD1,0
HNF4A,ICE2,0
EPAS1,MYCBP,0
EZH2,PRAP1,0
RUVBL1,TNNI3,0
BRCA1,HMGB2,0
SRF,ISG20,0
JUND,ATP11C,0
JUN,PRIM1,0
SMARCA4,HIST1H1B,0
HNF4A,CREB1,0
NR2F2,TFPI,0
JUN,SS18,0
CEBPZ,UQCC1,0
RUVBL1,PTPRZ1,0
BRCA1,SNRPB,0
SMARCA4,RAD51C,0
NR3C1,DPPA4,0
RFX5,MLXIPL,0
SMARCA4,ZNF675,0
BRCA1,UBE2E3,0
JUND,CREB3L4,0
TEAD4,CDKN3,0
ARID2,PPIL1,0
RFX5,MRPS35,0
SMARCA4,NR1H3,0
MCRS1,TCFL5,0
IRF3,POLR2L,0
EZH2,CDC20,0
EPAS1,PLA2G12B,0
ATF3,PRKCI,0
MCRS1,NAA16,0
ARID2,ACOX2,0
IRF3,SEPT10,0
CREB1,LEFTY1,0
MAZ,IFITM3,0
MAFF,RFX5,0
MYC,SLC7A7,0
MYBL2,ARL6IP6,0
REST,CREB3L3,0
REST,PDGFRA,0
TEAD4,NR5A2,0
RUVBL1,COPS3,0
EZH2,PRPS2,0
CEBPZ,RNF4,0
MYC,TRIM59,0
ELF1,FXR1,0
JUN,SGK1,0
HNF4A,MYO9A,0
MYC,GGPS1,0
EZH2,IMP4,0
CEBPD,UFSP2,0
RFX5,HIST1H1E,0
JUND,PIAS2,0
MCRS1,EOMES,0
MYC,BLVRA,0
EZH2,KIAA0586,0
MYBL2,XRCC6,0
TEAD4,PFN2,0
MCRS1,DOT1L,0
TEAD4,HAVCR1,0
NR3C1,FAM114A1,0
TEAD4,HNF1B,0
BRCA1,PCID2,0
RUVBL1,DPP4,0
JUN,POLR2I,0
MYC,WDR54,0
ARID2,SMAD2,0
EZH2,MED30,0
CREB1,LGALS2,0
MYBL2,CNOT10,0
ATF3,CCDC82,0
ELF1,USP45,0
ELF1,KNG1,0
SRF,BIN1,0
JUN,TOPORS,0
CREB1,TRIT1,0
TEAD4,FANCD2,0
BRCA1,BLVRA,0
EPAS1,RUVBL1,0
RUVBL1,USP11,0
FOXA2,HSD17B14,0
SRF,MRS2,0
CEBPZ,ESPL1,0
MCRS1,RAD51C,0
CEBPZ,RBP2,0
HNF4A,ALDH1A1,0
MYC,GXYLT2,0
MYC,ACAD11,0
NR3C1,NAA16,0
FOSL2,TIMELESS,0
ARID2,ITLN2,0
BRCA1,ZDHHC4,0
MYBL2,ELF1,0
MAFF,HPRT1,0
ATF3,RUVBL2,0
MAFF,PSMG1,0
ARID2,PFN2,0
ATF3,IFNGR1,0
HDAC2,REST,0
NR3C1,GLUD1,0
RUVBL1,SRSF2,0
JUN,PHF11,0
MYC,TARDBP,0
ATF3,COMMD10,0
RUVBL1,NEK2,0
NR2F2,HMGN5,0
HDAC2,RARG,0
IRF3,C12ORF45,0
HDAC2,GSTK1,0
BRCA1,PPP2R1B,0
CEBPZ,CFAP20,0
MAFF,BIN1,0
MYBL2,PRPS2,0
BRCA1,METTL5,0
ATF3,LIN28A,0
MCRS1,MCM3,0
MAFF,ABCA5,0
SRF,CMPK1,0
EPAS1,STAT2,0
EZH2,DDB2,0
ATF3,SVIL,0
HDAC2,PPARA,0
MAFF,TAF6,0
JUN,RARRES2,0
CEBPZ,MAZ,0
RUVBL1,PEMT,0
JUN,ZNF202,0
ELF1,MID1,0
RUVBL1,PSIP1,0
EPAS1,TCERG1,0
NR3C1,SF3A3,0
SMARCA4,DPCD,0
SMARCC1,HK1,0
BRCA1,RANGRF,0
RUVBL1,STAT2,0
FOXA1,PIAS2,0
MAFF,POU5F1,0
NR3C1,NAA50,0
CEBPD,ELAVL2,0
SRF,TFPI,0
HNF4A,MPHOSPH9,0
ARID2,YWHAH,0
MYC,SMC6,0
IRF3,CMPK1,0
MAFF,FOXP1,0
CEBPD,DEK,0
ARID2,XPO5,0
ATF3,MCM6,0
RFX5,F2RL1,0
RUVBL1,ZNHIT3,0
TEAD4,FOXM1,0
CREB1,LDB2,0
ARID2,ANAPC4,0
ATF3,NTPCR,0
NR3C1,ETV1,0
RFX5,ELAVL2,0
HNF4A,GYG1,0
EPAS1,GMPR2,0
FOXA1,NIFK,0
RFX5,TM4SF5,0
NR3C1,ECHDC2,0
RFX5,E2F7,0
RFX5,ATP1B3,0
HDAC2,NR5A2,0
IRF3,MRPS27,0
EZH2,SEC11C,0
MCRS1,ITGB5,0
NR3C1,VCAN,0
IRF3,ACOT7,0
MYC,DDB2,0
MAZ,GNRH2,0
MYBL2,RBP2,0
ARID2,ZSCAN21,0
ARID2,PLA2G12B,0
SMARCC1,NEIL2,0
EZH2,HAUS1,0
ATF3,IMP4,0
HNF4A,ZNF160,0
SRF,NUDCD1,0
MCRS1,PDCD4,0
EPAS1,CDCA7L,0
MYC,EHMT2,0
SRF,APOA1,0
RFX5,WDR54,0
ARID2,BIN1,0
SRF,POLR3E,0
REST,CENPH,0
NR2F2,PTTG1,0
MAFF,FOXM1,0
HNF4A,PIH1D1,0
EZH2,RREB1,0
EPAS1,PYCR1,0
SRF,APOA4,0
IRF3,IDI1,0
HDAC2,THYN1,0
ARID2,SLC35D2,0
MAFF,MTX2,0
CEBPZ,PMS1,0
SMARCA4,HMGN1,0
ARID2,NUP37,0
HDAC2,ITIH4,0
EPAS1,ACSL5,0
ARID2,DRAP1,0
RUVBL1,KLHDC2,0
JUN,DDX54,0
ATF3,PFN2,0
JUN,C11ORF1,0
SMARCA4,RARRES2,0
SRF,THRAP3,0
IRF3,TRNT1,0
SMARCA4,KLC4,0
MCRS1,ELOVL5,0
MCRS1,UCHL1,0
NR3C1,HMGA1,0
EPAS1,ODF2L,0
MCRS1,CUL2,0
CEBPZ,TMEM97,0
IRF3,HDHD3,0
MCRS1,FANCI,0
NR3C1,HTATSF1,0
CEBPD,TEAD4,0
MAZ,MED21,0
MCRS1,PHC1,0
IRF3,HERPUD1,0
EPAS1,PRIM2,0
RUVBL1,ING1,0
MYC,CEP70,0
SMARCA4,ING1,0
MYBL2,NREP,0
FOXA2,CENPW,0
REST,DPF2,0
RUVBL1,GEMIN8,0
FOSL2,SALL4,0
IRF3,IQGAP2,0
NR3C1,CFAP97,0
CEBPZ,STX8,0
SMARCC1,PBX1,0
FOSL2,PTPRZ1,0
JUN,MAD2L1,0
CEBPD,TM7SF3,0
CEBPZ,ACTC1,0
MYC,DDX39A,0
NR3C1,B4GALT3,0
CEBPZ,AMZ2,0
SMARCA4,STARD3NL,0
TEAD4,MED4,0
MCRS1,HMGN3,0
BRCA1,FBL,0
NR3C1,CDCA7L,0
BRCA1,CDK5RAP2,0
SRF,HIF3A,0
JUN,HNRNPR,0
MYC,U2AF1,0
CEBPZ,FANCI,0
RFX5,DRAP1,0
CEBPZ,ACADSB,0
MCRS1,HMGB2,0
MYC,PRC1,0
CEBPZ,DEK,0
NR3C1,PARPBP,0
MCRS1,PTTG1,0
SMARCA4,CENPK,0
SMARCA4,PA2G4,0
SMARCC1,EPSTI1,0
TEAD4,CMPK1,0
NR3C1,SSRP1,0
MAZ,PSMD10,0
MAZ,SSBP3,0
IRF3,EXTL2,0
RFX5,PTTG1,0
CEBPD,MYCBP,0
MAFF,ZNF217,0
CEBPZ,BTG2,0
MCRS1,ZFYVE21,0
EPAS1,TBX3,0
SMARCA4,MLST8,0
NR2F2,CDCA7L,0
SMARCC1,FMO5,0
MAZ,NFIB,0
NR2F2,JAZF1,0
NR3C1,AURKB,0
MYBL2,TOPORS,0
RFX5,RIOK1,0
ATF3,HNRNPAB,0
FOXA1,LIFR,0
JUN,UGP2,0
EPAS1,RAI14,0
EZH2,EFNA1,0
TEAD4,TCF4,0
IRF3,C9ORF72,0
EPAS1,DAB2,0
MYBL2,GLUD1,0
IRF3,CCDC66,0
EPAS1,RAD54B,0
ELF1,PDLIM7,0
FOXA1,RAMP1,0
FOSL2,ECSIT,0
SMARCC1,DAB2,0
BRCA1,DBF4,0
NR3C1,VPS26A,0
EZH2,CREB3L2,0
EZH2,PHKA2,0
RFX5,EED,0
CEBPZ,CTBP1,0
ATF3,CCDC169,0
JUND,GRPR,0
JUN,GPRC5C,0
ATF3,SALL4,0
NR2F2,TOP2B,0
IRF3,PDLIM7,0
MCRS1,YEATS4,0
SMARCA4,HSDL2,0
EZH2,POLR1D,0
SMARCA4,GALM,0
CEBPD,UCP2,0
RFX5,RIN2,0
CEBPD,HK1,0
IRF3,ILF2,0
ARID2,AASS,0
MAFF,IFT22,0
FOXA2,TCEA1,0
BRCA1,UBE2C,0
JUN,HIBCH,0
SMARCA4,ACSL5,0
SMARCA4,DNMT3A,0
RFX5,LTA4H,0
MCRS1,KIZ,0
FOXA1,LAMB2,0
HNF4A,POLR2B,0
TEAD4,IGF2BP3,0
ATF3,ANG,0
MYBL2,F3,0
EPAS1,EXOSC2,0
SRF,EPB41L2,0
EZH2,SEC22C,0
ATF3,TFE3,0
REST,EYA3,0
NR3C1,ZBTB3,0
RFX5,HSPA14,0
BRCA1,ZNF74,0
EZH2,GDAP1,0
SMARCA4,CDK5RAP1,0
RUVBL1,CFAP97,0
MAFF,HK1,0
RFX5,UTRN,0
ARID2,FN1,0
MCRS1,HNRNPR,0
HNF4A,CCNB1,0
RUVBL1,IFT52,0
RUVBL1,ALB,0
FOXA1,TAF9B,0
IRF3,MIS18BP1,0
FOXA2,PMM1,0
JUND,P4HA2,0
FOXA1,ISG15,0
EPAS1,ABCE1,0
CEBPZ,TAF5,0
BRCA1,SUCLA2,0
EZH2,FGB,0
SMARCA4,DYNLT3,0
REST,FUCA1,0
BRCA1,ELP6,0
SMARCA4,IQGAP2,0
MYC,LIN28A,0
IRF3,A1CF,0
RUVBL1,WARS,0
JUN,COMMD10,0
REST,MTAP,0
RUVBL1,TMEM216,0
ARID2,IMMP1L,0
FOXA1,RARRES2,0
FOXA1,STMN1,0
REST,CFAP97,0
BRCA1,USP45,0
TEAD4,FGB,0
CEBPD,U2AF1,0
JUND,CMC2,0
SRF,USP45,0
SRF,COMMD10,0
HNF4A,C11ORF74,0
ARID2,CHEK2,0
ARID2,RRM1,0
MAFF,DNA2,0
RUVBL1,DKC1,0
ELF1,FOXO1,0
MAFF,USP11,0
MAFF,EXOSC5,0
MCRS1,SHMT2,0
JUND,CXCR4,0
RUVBL1,ANAPC4,0
MYC,PTP4A1,0
BRCA1,GTF3C4,0
NR3C1,NEIL2,0
ELF1,ALDH1A1,0
CEBPZ,ZNF33A,0
RFX5,PTPRM,0
CEBPZ,NAA25,0
RUVBL1,KIF22,0
JUN,RRM1,0
EPAS1,M6PR,0
HNF4A,MAT2B,0
MAFF,PLG,0
RFX5,COQ3,0
NR2F2,RREB1,0
MCRS1,DDAH1,0
HNF4A,ARID3B,0
EZH2,HNRNPR,0
SMARCA4,NR2F6,0
EPAS1,AGTRAP,0
JUND,S100A6,0
CEBPZ,GTF3C2,0
SRF,F2,0
BRCA1,HAUS4,0
MAZ,TARBP2,0
FOXA1,ZNF239,0
SRF,NARS2,0
MAZ,NUSAP1,0
HNF4A,HMGN1,0
FOSL2,GSTK1,0
MAFF,AFF4,0
EZH2,HMGB2,0
CEBPD,KIF20A,0
RFX5,AFP,0
CEBPZ,GGPS1,0
CREB1,FMO5,0
IRF3,IL6ST,0
JUN,RAD51,0
BRCA1,BDP1,0
FOXA1,SH3BGRL,0
EPAS1,FANCB,0
RFX5,IFITM1,0
TEAD4,NUP85,0
CEBPD,RAB25,0
ATF3,PFKM,0
SRF,RBBP7,0
ATF3,UBL7,0
NR3C1,ZDHHC13,0
NR3C1,F10,0
MYC,GALM,0
CEBPZ,BPTF,0
JUN,GSTK1,0
FOXA2,RBMX,0
NR3C1,TAF1A,0
TEAD4,DNA2,0
MAZ,TDGF1,0
ARID2,TBCB,0
TEAD4,MYBBP1A,0
MYC,TP53INP2,0
NR3C1,CYB5B,0
CREB1,CIDEB,0
SRF,KNTC1,0
MAFF,RNF4,0
CEBPZ,VIL1,0
MYC,EXOC5,0
EZH2,HMCES,0
RUVBL1,PRIM1,0
RFX5,CYP3A5,0
MCRS1,GRHL1,0
SRF,RARG,0
BRCA1,TCF4,0
FOXA1,ESYT1,0
CEBPZ,GEMIN8,0
SMARCA4,TCF25,0
EZH2,TEX10,0
IRF3,CEP70,0
NR3C1,COMMD10,0
TEAD4,TIMELESS,0
FOXA1,MAEA,0
CEBPZ,TARDBP,0
ATF3,HMGCS2,0
JUN,GRHL1,0
ATF3,PRAP1,0
ELF1,SLC39A10,0
JUN,POLR3G,0
SRF,ATP1B3,0
FOXA1,ITIH4,0
JUN,XRCC6,0
SMARCA4,ECD,0
FOXA2,BCL11B,0
MCRS1,BSCL2,0
RUVBL1,SP4,0
HDAC2,CLDN4,0
TEAD4,BIRC5,0
EZH2,AFF4,0
IRF3,SLC25A20,0
CEBPZ,CENPH,0
CEBPZ,ZBTB24,0
MAFF,HIBCH,0
MCRS1,CMSS1,0
REST,HPRT1,0
NR3C1,CXCR4,0
EPAS1,HAUS2,0
BRCA1,PARPBP,0
MCRS1,JAG1,0
HDAC2,MUSTN1,0
BRCA1,RNF138,0
ARID2,DKC1,0
FOXA2,C12ORF45,0
CEBPZ,DNAH14,0
RFX5,SLC44A2,0
CEBPZ,POLR3E,0
CEBPZ,MMS22L,0
MCRS1,ORC6,0
SRF,POLR1E,0
NR3C1,METAP1,0
EZH2,NARS2,0
HNF4A,TAF1A,0
SRF,GEMIN2,0
BRCA1,CNOT10,0
SMARCA4,PHB2,0
FOXA2,MAP1B,0
ARID2,TUBA1B,0
RUVBL1,ETV1,0
ATF3,TBPL1,0
JUN,FANCD2,0
SMARCC1,CBR1,0
FOXA1,FTSJ1,0
NR3C1,GPN1,0
CEBPZ,APOA4,0
RFX5,HSD17B2,0
SRF,GLIS3,0
MAZ,NUP88,0
ATF3,DNA2,0
SMARCC1,SAMHD1,0
HNF4A,BSCL2,0
IRF3,BST2,0
SRF,SLC29A1,0
NR3C1,NIF3L1,0
JUN,PSME3,0
NR2F2,ZBTB24,0
EZH2,FGG,0
IRF3,BPTF,0
JUND,CIDEB,0
EPAS1,DHPS,0
ARID2,CDCA3,0
MAZ,CFAP97,0
BRCA1,ANXA4,0
NR3C1,UGP2,0
MAZ,E2F4,0
MCRS1,BST2,0
MCRS1,ASNSD1,0
EZH2,NTHL1,0
CEBPZ,CREB1,0
JUND,HMGXB4,0
JUN,SURF2,0
MYBL2,AGTRAP,0
CEBPZ,HIST1H2BC,0
RUVBL1,TAF6,0
NR3C1,ZFYVE21,0
RFX5,UBLCP1,0
BRCA1,ZNF143,0
CEBPZ,LTA4H,0
JUN,TMEM41A,0
ATF3,ELF1,0
TEAD4,TM4SF5,0
JUN,RNASEH2B,0
EPAS1,MBIP,0
ARID2,H1F0,0
EZH2,METTL3,0
CEBPZ,NEIL2,0
ARID2,PLAGL2,0
ARID2,ENO1,0
MYC,HSPA14,0
REST,RFX5,0
MAFF,RFXANK,0
JUN,SMAD5,0
ARID2,SSBP3,0
HNF4A,NUCB2,0
FOXA1,PDGFRA,0
IRF3,C1ORF109,0
ARID2,OGFOD1,0
HDAC2,PDE6D,0
ATF3,APOC2,0
IRF3,AKR1C3,0
SRF,HSD17B2,0
BRCA1,CKAP2,0
FOXA2,HSD17B10,0
RUVBL1,DDIT3,0
MCRS1,HMGN2,0
ARID2,SLC39A5,0
FOSL2,COMMD10,0
MCRS1,AIMP2,0
RUVBL1,E2F8,0
ARID2,UBLCP1,0
MAFF,RREB1,0
FOSL2,ZMYM1,0
MAZ,CMC2,0
MCRS1,PSMD10,0
EZH2,PPFIBP2,0
JUN,NCK1,0
MAFF,RBP2,0
SMARCA4,TMEM37,0
FOSL2,HAUS1,0
EPAS1,FBXO22,0
EPAS1,DNMT3B,0
JUN,WBP11,0
MYC,RARRES2,0
RUVBL1,PAWR,0
MCRS1,MT1G,0
CEBPZ,CAAP1,0
JUN,TWISTNB,0
HDAC2,CNN2,0
IRF3,SURF2,0
RFX5,NUCB2,0
EPAS1,USP10,0
RUVBL1,EOMES,0
JUN,HACL1,0
SRF,HNRNPH2,0
TEAD4,GNPNAT1,0
ELF1,GLIS3,0
EPAS1,CTSC,0
EZH2,FGA,0
EZH2,ZNF160,0
BRCA1,NUF2,0
HNF4A,CSRP2,0
SRF,SRSF1,0
MAFF,GEMIN8,0
SMARCA4,PIGH,0
NR2F2,HIF3A,0
MYBL2,MLF1,0
EZH2,LAMB2,0
MAFF,LCMT1,0
ARID2,POLR1D,0
MAFF,PCGF6,0
HDAC2,ZNF287,0
JUN,CD320,0
CREB1,POU5F1,0
CEBPZ,VPS33A,0
NR3C1,CTDSPL,0
MCRS1,ACADSB,0
CEBPD,SCPEP1,0
MYBL2,PLA2G12B,0
REST,SOX4,0
NR3C1,DHPS,0
MCRS1,ENO1,0
NR3C1,CCDC66,0
JUN,POLR2L,0
HNF4A,ZCCHC7,0
BRCA1,APEX1,0
SMARCA4,PSMB10,0
FOXA1,CCDC82,0
IRF3,COQ3,0
EZH2,IFITM1,0
MAFF,CSRP2,0
TEAD4,MLST8,0
TEAD4,CAAP1,0
RUVBL1,JAG1,0
BRCA1,PTGR1,0
MYBL2,ASRGL1,0
MYC,ASL,0
MAFF,ELOF1,0
MAFF,UQCC1,0
HNF4A,ZFP64,0
SRF,WDR5,0
ATF3,PDLIM7,0
RFX5,POLE2,0
JUN,SMOX,0
ATF3,ASCC3,0
BRCA1,NR5A2,0
MAFF,GPN3,0
TEAD4,HMGN5,0
BRCA1,KLC4,0
ATF3,MTHFD2,0
SRF,TFDP1,0
MCRS1,SLC44A2,0
TEAD4,DECR1,0
ARID2,MECR,0
HDAC2,HNF1B,0
IRF3,CEBPA,0
CEBPZ,MYBL2,0
SMARCA4,SLC10A1,0
EZH2,PYCR1,0
RUVBL1,POLR3E,0
RUVBL1,CEBPA,0
ARID2,RCAN1,0
FOSL2,ACAD11,0
FOSL2,DDX39A,0
FOXA1,LAPTM4B,0
BRCA1,PHF11,0
JUN,C11ORF54,0
SMARCA4,SSRP1,0
MCRS1,ATF3,0
ELF1,DDX55,0
ARID2,XBP1,0
NR3C1,TGIF2,0
RFX5,SYTL2,0
TEAD4,MYBL2,0
CEBPZ,TM4SF5,0
NR2F2,ITGB3BP,0
SMARCA4,FARSA,0
CEBPD,ITLN2,0
EPAS1,NME2,0
NR3C1,POLR3D,0
CEBPZ,ZNF107,0
SRF,RIOK3,0
NR3C1,KLF6,0
EPAS1,LRR1,0
EPAS1,MST1,0
MAZ,KIF23,0
NR2F2,MAFF,0
RUVBL1,ZBTB3,0
IRF3,IFITM3,0
EZH2,RIOK3,0
RUVBL1,CRAT,0
ATF3,DPP4,0
ARID2,SRSF3,0
EPAS1,LAMA1,0
BRCA1,SERPINF1,0
ELF1,SERPINB1,0
TEAD4,PSAT1,0
RFX5,CHEK2,0
FOXA1,MTAP,0
CEBPD,TADA3,0
MYBL2,DMKN,0
NR3C1,SNAPC1,0
REST,ZNF227,0
NR3C1,UTP15,0
BRCA1,HIST1H1E,0
RFX5,POU2F1,0
NR3C1,COPS5,0
JUN,AKR1B1,0
BRCA1,PMS1,0
MYBL2,PAWR,0
BRCA1,DDX55,0
ARID2,TIMM21,0
RFX5,DKC1,0
SMARCC1,SCPEP1,0
NR3C1,FOXM1,0
BRCA1,ZFAND2A,0
SMARCA4,PTTG1,0
MAFF,IFNGR1,0
CEBPD,GLIPR2,0
CREB1,HMGN5,0
MYC,XBP1,0
REST,HACL1,0
MCRS1,HPR,0
RUVBL1,ERBB4,0
CEBPD,NCOA1,0
RFX5,ACOX2,0
RFX5,HGD,0
ELF1,XBP1,0
NR2F2,ZSWIM8,0
MAFF,CCDC77,0
RFX5,PDCD2L,0
MAFF,PDCD4,0
EZH2,POLR2D,0
EZH2,TEAD2,0
SMARCC1,USP44,0
CEBPD,WARS,0
CEBPZ,THRB,0
MAFF,WARS,0
MCRS1,TRIP13,0
ARID2,MRS2,0
ATF3,NUSAP1,0
TEAD4,RAB34,0
NR2F2,FOXO1,0
SRF,ACAA1,0
SMARCA4,MTFP1,0
EZH2,A1CF,0
HDAC2,SPINK1,0
IRF3,PSAT1,0
SRF,SYTL2,0
EPAS1,APPL2,0
RUVBL1,PFKM,0
NR3C1,GLIPR2,0
BRCA1,CCDC169,0
MCRS1,HAT1,0
CEBPD,PIK3R4,0
MYBL2,MID1,0
SRF,B4GALT3,0
BRCA1,MRPS11,0
ARID2,GSTK1,0
ARID2,AHR,0
JUN,MED21,0
CEBPD,ATG4C,0
CEBPZ,LSM10,0
MCRS1,A1CF,0
MAZ,PTPN12,0
MYC,GRPR,0
HDAC2,ECSIT,0
NR3C1,APOA2,0
NR3C1,DEF8,0
SRF,JMJD1C,0
NR3C1,MRPS30,0
HNF4A,WRB,0
CEBPZ,LRR1,0
SMARCA4,SHMT2,0
CEBPD,NPRL2,0
FOXA1,UBE2C,0
RUVBL1,IL32,0
EPAS1,B4GALT3,0
TEAD4,YBX1,0
JUND,RNF4,0
SMARCC1,FUCA1,0
RFX5,ADSL,0
TEAD4,GLI1,0
MAFF,SLC44A2,0
REST,ASRGL1,0
MCRS1,NEIL2,0
CEBPD,COPS7A,0
NR2F2,PITX1,0
EPAS1,BLM,0
IRF3,CENPE,0
CEBPZ,ARHGAP26,0
JUND,GNRH2,0
SRF,HMCES,0
CEBPZ,PIH1D1,0
SMARCA4,NTMT1,0
MAZ,ZWINT,0
MCRS1,STEAP1,0
EPAS1,DPH6,0
IRF3,FXYD5,0
ARID2,TADA1,0
EZH2,MID1,0
MAFF,FAM114A1,0
RFX5,NRIP1,0
ARID2,SIRT2,0
MAFF,TM7SF3,0
EZH2,UCP2,0
HDAC2,DPYSL2,0
TEAD4,ZNF287,0
MCRS1,AGO2,0
ELF1,RAB31,0
FOXA1,SSB,0
REST,BIN1,0
EZH2,HDGF,0
HDAC2,SOX4,0
MCRS1,TAF7,0
SRF,EHMT1,0
ARID2,MT1X,0
JUN,E2F8,0
MCRS1,MAPK1,0
EPAS1,TNNI3,0
MYC,ALPL,0
RUVBL1,MEST,0
BRCA1,TBX3,0
BRCA1,SSB,0
SMARCC1,ACAD11,0
ARID2,PUS7L,0
SMARCA4,SEC61A2,0
ATF3,HIF1AN,0
EZH2,ZNF766,0
JUN,NR1H3,0
FOXA1,TMEM147,0
FOSL2,YBX1,0
EZH2,PLA2G12B,0
FOXA1,PIK3R4,0
JUN,AFP,0
EPAS1,WDR75,0
NR3C1,TIMM21,0
NR2F2,ELL2,0
JUN,FANCA,0
RFX5,DNMT1,0
FOSL2,PDCD4,0
NR3C1,HPN,0
BRCA1,ALPL,0
BRCA1,TMEM37,0
SRF,EEF1E1,0
IRF3,CHTF18,0
REST,EIF3J,0
ATF3,TBC1D31,0
NR3C1,ELAVL2,0
CEBPZ,UNC93A,0
MAZ,MCM6,0
MAFF,REST,0
FOXA2,KDELR3,0
JUN,GATAD2B,0
EPAS1,RBP2,0
ARID2,ATIC,0
EZH2,SMC4,0
ARID2,NUSAP1,0
FOXA1,STAT2,0
IRF3,LIAS,0
SMARCA4,KIF20B,0
CREB1,POLR3E,0
EPAS1,SYTL2,0
TEAD4,TTR,0
NR3C1,FOXA2,0
SMARCA4,PEMT,0
RFX5,EXOSC8,0
NR3C1,BMP2,0
RUVBL1,NOSIP,0
MYC,HDAC1,0
BRCA1,ZBTB3,0
EZH2,ANXA3,0
MYBL2,UTRN,0
CEBPD,NPPB,0
IRF3,ARMC9,0
HNF4A,CENPK,0
SMARCA4,NAA15,0
MCRS1,YWHAH,0
IRF3,DRAP1,0
ARID2,CAMK2D,0
HDAC2,EED,0
HNF4A,MTTP,0
MAFF,HMGN5,0
RUVBL1,SMC6,0
SMARCA4,NPPB,0
FOXA1,ZNF232,0
SMARCA4,NCOA1,0
FOXA2,UFSP2,0
MAZ,UFSP2,0
JUN,RPUSD4,0
IRF3,RNPS1,0
MAFF,B4GALT3,0
REST,UHRF1,0
SRF,TEAD2,0
EZH2,ESPL1,0
NR3C1,HMGN2,0
BRCA1,RREB1,0
MAFF,TIMELESS,0
NR3C1,HMGN3,0
TEAD4,FEN1,0
JUND,OCIAD2,0
FOXA1,DR1,0
TEAD4,FOSB,0
CEBPZ,SHMT2,0
EPAS1,ACADVL,0
ATF3,MYCBP,0
CEBPD,CPSF3,0
CEBPZ,WDR12,0
FOXA2,MID1,0
CEBPZ,GOT1,0
RUVBL1,CEBPZ,0
EPAS1,SUCLA2,0
RFX5,GPRC5C,0
EZH2,CPSF3,0
RFX5,CENPH,0
JUN,SHKBP1,0
RUVBL1,FANCD2,0
MAFF,DDHD1,0
EZH2,DDIT4,0
MYC,TEAD2,0
EPAS1,A1CF,0
EPAS1,HIST1H1E,0
SMARCC1,WDR3,0
FOXA1,HPRT1,0
EPAS1,TMEM177,0
RUVBL1,MTMR2,0
CEBPD,UCKL1,0
NR3C1,SIRT1,0
ELF1,ADSL,0
MAZ,HIST1H2BC,0
RFX5,PIAS2,0
IRF3,TAF5,0
REST,CA2,0
REST,PIAS3,0
SRF,ZNF195,0
MYC,WIPI1,0
SMARCC1,IFITM3,0
NR2F2,ACAA1,0
NR3C1,THAP11,0
RUVBL1,GMPR2,0
MAFF,TMEM150C,0
NR3C1,ZNF107,0
BRCA1,RAD51C,0
EPAS1,NR1H3,0
SMARCA4,SF3B3,0
EPAS1,ZNF101,0
SRF,DPYSL2,0
JUN,WDR43,0
SMARCA4,GMNN,0
JUN,HMGA2,0
MAZ,PARP1,0
MYC,PIK3R4,0
MYC,PLA2G12B,0
NR3C1,MAD2L1BP,0
SMARCC1,APOA4,0
MYC,RRM2B,0
CREB1,WIPI1,0
EPAS1,KATNA1,0
MAZ,QPCT,0
TEAD4,PLG,0
CEBPZ,BCL11B,0
MCRS1,RFC1,0
EPAS1,GATA4,0
EPAS1,EMP2,0
TEAD4,ETV5,0
CEBPD,MCM8,0
TEAD4,NCOA6,0
ARID2,CREG1,0
REST,CEP70,0
FOXA2,PTMA,0
CEBPZ,SH3BGR,0
CEBPZ,U2AF1,0
BRCA1,SKIL,0
MAFF,SRSF10,0
CEBPZ,UBAC2,0
HDAC2,ZNF239,0
IRF3,EPB41L2,0
SRF,RNF138,0
CEBPZ,TTK,0
TEAD4,EEF1A1,0
ARID2,C6ORF203,0
ARID2,DCTPP1,0
EPAS1,HSD17B11,0
TEAD4,BRCA2,0
MCRS1,DBF4,0
EPAS1,TDGF1,0
ELF1,UCHL1,0
RUVBL1,MRPL2,0
BRCA1,HNF4A,0
CEBPD,CTSE,0
CEBPD,TIMELESS,0
MAFF,PMS1,0
MCRS1,BPTF,0
RUVBL1,LDB2,0
RFX5,SCAPER,0
HNF4A,BUB1,0
MCRS1,C1GALT1,0
FOSL2,ZNF644,0
SMARCA4,IFRD2,0
MCRS1,PEG3,0
MYC,IPO5,0
ATF3,C3ORF14,0
BRCA1,ZDHHC13,0
MCRS1,TFF1,0
JUN,PYGL,0
JUND,SALL4,0
MCRS1,FOXM1,0
JUN,SLC7A8,0
CEBPZ,ORC4,0
HNF4A,PMAIP1,0
SMARCA4,ASGR1,0
REST,PTPRZ1,0
ATF3,NFKBIZ,0
REST,HK1,0
CEBPZ,SQLE,0
RFX5,SMARCC1,0
EPAS1,IPO5,0
FOXA1,BBS7,0
JUND,C3ORF14,0
FOXA1,U2AF1,0
ATF3,DKC1,0
SMARCA4,TMEM150C,0
NR3C1,CDKN3,0
CEBPZ,BDP1,0
ARID2,CCND1,0
MAZ,THAP11,0
EZH2,SRSF6,0
IRF3,CAPN2,0
BRCA1,GMNN,0
FOXA1,ARL6IP6,0
MAFF,ARSE,0
ATF3,BPHL,0
BRCA1,HSD17B10,0
MCRS1,GLUD1,0
RFX5,PA2G4,0
JUN,CTSV,0
EZH2,CCDC66,0
JUN,NEIL2,0
EPAS1,TDP2,0
RUVBL1,AKR1C3,0
ELF1,LAMC1,0
JUND,HMGN1,0
JUN,MAPK1,0
NR3C1,NUDCD1,0
EZH2,FOXO1,0
EPAS1,FTSJ1,0
ARID2,FBL,0
MCRS1,CCDC77,0
RUVBL1,NOL11,0
SMARCC1,ANAPC4,0
MCRS1,ASXL1,0
HDAC2,SAT1,0
CEBPZ,AKR1C3,0
HDAC2,RARRES2,0
MAFF,ANAPC7,0
MCRS1,ZNF260,0
HNF4A,APPL2,0
SRF,NUCB2,0
BRCA1,USP1,0
JUN,ERCC8,0
CEBPD,TFF1,0
SRF,MT1X,0
EPAS1,ACAA1,0
JUN,ALDH9A1,0
TEAD4,ESPL1,0
EPAS1,EFTUD2,0
MCRS1,TMEM69,0
EPAS1,SSB,0
CEBPD,KIF22,0
JUN,TPD52L1,0
SMARCA4,DDC,0
RUVBL1,TAF5,0
NR2F2,MRTO4,0
ARID2,SLC7A6,0
MAFF,PBX1,0
HNF4A,SRSF10,0
MYBL2,HSPA14,0
EZH2,ACOT7,0
NR3C1,UCP2,0
SRF,HMBS,0
NR3C1,S100PBP,0
EZH2,MST1,0
NR2F2,DDHD1,0
REST,PEF1,0
NR2F2,TEAD2,0
MAFF,PYCR1,0
ARID2,NAA25,0
FOXA1,EHMT1,0
ELF1,ERCC8,0
RUVBL1,VCAN,0
MAZ,ZFAND2A,0
CEBPD,IFITM3,0
ATF3,RAB34,0
RUVBL1,HMGA2,0
EZH2,UTP18,0
ARID2,MCM4,0
FOSL2,MT1G,0
IRF3,FANCB,0
SMARCA4,TIMELESS,0
ARID2,SAAL1,0
MYC,FAM49B,0
SMARCA4,SPP1,0
RFX5,NCOA6,0
MAZ,FANCB,0
REST,MEP1A,0
SRF,UBE2C,0
HDAC2,ZDHHC4,0
BRCA1,ARSE,0
BRCA1,NAA25,0
NR3C1,ETV4,0
HNF4A,THAP11,0
MAFF,ZGRF1,0
TEAD4,HACL1,0
ARID2,DNA2,0
FOXA2,SLC44A2,0
FOXA2,DDX39A,0
RFX5,C19ORF48,0
FOXA1,CUEDC2,0
CEBPZ,ELF1,0
ARID2,ICA1,0
MCRS1,FANCA,0
SMARCA4,GATAD2B,0
MCRS1,PNPT1,0
HDAC2,WARS,0
ARID2,KLF5,0
BRCA1,CAPRIN1,0
FOXA1,PSMG1,0
MYC,GCHFR,0
TEAD4,TOPORS,0
CEBPD,CBR1,0
HNF4A,ACTN1,0
FOSL2,TPM2,0
MAZ,FMO5,0
JUN,PPP1R16A,0
MAZ,NNT,0
NR2F2,DBNDD2,0
JUN,MED20,0
FOXA1,KDM4C,0
CEBPD,RAD54B,0
FOXA2,HPRT1,0
ATF3,ARL15,0
FOSL2,WFDC2,0
MCRS1,DAB2,0
SMARCA4,USB1,0
BRCA1,EPSTI1,0
IRF3,MEST,0
SMARCA4,FOSL1,0
EZH2,ZBTB3,0
CEBPZ,DNMT1,0
JUN,CA2,0
MCRS1,NT5DC2,0
TEAD4,RAD54B,0
SMARCA4,PHKA2,0
FOXA1,APOA4,0
RUVBL1,MIS18A,0
MAFF,PITX1,0
EPAS1,DCLRE1C,0
TEAD4,POU5F1,0
SRF,BLM,0
ARID2,NOL11,0
TEAD4,G2E3,0
HDAC2,COMMD3,0
SMARCA4,F2,0
RFX5,IGF2BP3,0
ATF3,GXYLT2,0
HNF4A,ACADSB,0
BRCA1,LCMT1,0
BRCA1,DCAF13,0
RUVBL1,LIFR,0
BRCA1,PYGL,0
REST,TM4SF4,0
MAZ,S100A6,0
FOXA2,GPATCH4,0
SRF,MAD2L1,0
MAFF,GPATCH4,0
IRF3,HMGN3,0
NR3C1,HNF4A,0
EZH2,CTBP1,0
MAZ,SSB,0
IRF3,ZNF638,0
EZH2,TMEM60,0
MAZ,ZFP42,0
MYC,ANKRD1,0
MYBL2,BLVRA,0
MCRS1,CNOT7,0
TEAD4,UBE2C,0
MAFF,PIAS3,0
HDAC2,PTPRZ1,0
MYC,BST2,0
CEBPZ,VPS26A,0
TEAD4,FAM13A,0
IRF3,LRRC40,0
NR3C1,BIN1,0
SMARCC1,CNOT10,0
MCRS1,MTFP1,0
TEAD4,NHEJ1,0
MCRS1,HNRNPH2,0
RUVBL1,ARMC9,0
MCRS1,GATM,0
EPAS1,ADSL,0
FOSL2,C3ORF14,0
ATF3,ZRANB2,0
MAZ,MT1E,0
ELF1,RARRES2,0
EZH2,ATP11C,0
JUN,HNRNPK,0
IRF3,ZMYM1,0
BRCA1,UCHL5,0
MAZ,CCNB2,0
JUND,TPM2,0
CEBPZ,HOOK2,0
HNF4A,ORC6,0
ATF3,PPP1R21,0
RFX5,ZNF398,0
TEAD4,E2F4,0
NR3C1,CAMK2D,0
ATF3,GCHFR,0
MYBL2,PFN2,0
ATF3,SLC25A37,0
BRCA1,IRF1,0
CEBPD,CDCA2,0
EPAS1,TPX2,0
ARID2,TMEM14A,0
EPAS1,E2F5,0
TEAD4,NVL,0
BRCA1,NOSIP,0
HNF4A,CCNB2,0
MAFF,OCIAD2,0
JUN,CUL2,0
ATF3,OGFOD1,0
SRF,ING5,0
RUVBL1,SNRNP25,0
FOXA1,F3,0
CEBPZ,XPO6,0
ARID2,E2F4,0
MCRS1,TNNI3,0
TEAD4,CMC1,0
ELF1,PDGFA,0
FOSL2,CHTF18,0
MAZ,RFC5,0
BRCA1,PIAS2,0
SRF,SP4,0
FOXA1,POU5F1,0
IRF3,MT1E,0
CEBPD,CCNB1,0
ARID2,LIN28A,0
ATF3,RAD1,0
NR3C1,ZNF227,0
TEAD4,CKS2,0
BRCA1,SLC39A10,0
FOXA1,GABPB1,0
MYC,AASS,0
CEBPZ,RNF2,0
NR2F2,AAMP,0
MCRS1,NUP93,0
NR3C1,LAMB1,0
EZH2,PPCDC,0
MYC,ADSL,0
NR3C1,FGB,0
RUVBL1,RREB1,0
RUVBL1,ZSWIM7,0
HNF4A,ING3,0
ARID2,DSN1,0
FOXA1,CIDEB,0
MAFF,ZNF146,0
RUVBL1,RCAN1,0
EPAS1,CA2,0
MAFF,FOSB,0
NR3C1,SLC35D2,0
SMARCA4,YWHAH,0
CEBPD,UTP18,0
FOXA1,TFDP1,0
ARID2,EIF2B3,0
RUVBL1,TBC1D1,0
SMARCA4,FANCI,0
TEAD4,NEIL2,0
ATF3,GPC3,0
NR3C1,AFF4,0
HDAC2,AKR1C3,0
REST,USP3,0
MCRS1,JARID2,0
ARID2,GMEB1,0
HDAC2,PLAA,0
HNF4A,ICA1,0
CEBPD,AKR1D1,0
MCRS1,AGT,0
MAFF,ZDHHC4,0
MCRS1,NPRL2,0
EPAS1,MAP1B,0
ARID2,VCAN,0
IRF3,PITX1,0
FOXA1,POLR2B,0
BRCA1,IVNS1ABP,0
BRCA1,KNTC1,0
FOSL2,PTPRM,0
RUVBL1,APOA1,0
FOXA1,PHC1,0
HNF4A,CTDSPL,0
IRF3,PEG3,0
HNF4A,GTF2I,0
HNF4A,EIF3J,0
SRF,ZNF101,0
NR2F2,CKS1B,0
NR2F2,RNF2,0
HNF4A,TMEM216,0
SRF,ANG,0
HNF4A,DDX39A,0
ATF3,TRIM59,0
CEBPZ,ACOT7,0
SRF,CUEDC2,0
FOXA1,CRYZL1,0
MYBL2,PDGFRA,0
RFX5,USP7,0
JUN,GMNN,0
NR3C1,PRAP1,0
RUVBL1,UBAC2,0
EPAS1,TAF1B,0
RFX5,ING1,0
FOSL2,PPP1CC,0
CEBPD,CACYBP,0
EPAS1,SMAD2,0
ARID2,DERA,0
NR3C1,ETV5,0
NR3C1,HMGCR,0
RUVBL1,PREB,0
ATF3,USP1,0
MAFF,NODAL,0
NR3C1,FGG,0
MAFF,CXXC1,0
JUN,ERBB4,0
HDAC2,HK1,0
MCRS1,RFC5,0
HNF4A,SH3BGR,0
SMARCA4,TTF2,0
IRF3,DKC1,0
FOXA2,PREB,0
EPAS1,TCOF1,0
MAFF,UBE2C,0
SMARCA4,TTI2,0
NR3C1,SH3BGR,0
MCRS1,BLVRA,0
RFX5,TAF1B,0
FOSL2,SSBP2,0
ATF3,NFIB,0
NR3C1,MCM8,0
SRF,SSB,0
FOXA2,SFRP1,0
MCRS1,E2F7,0
CEBPD,KDELR3,0
NR3C1,ATL2,0
CEBPZ,ATG5,0
MAZ,CHEK1,0
EZH2,U2AF1,0
ARID2,HMCES,0
MCRS1,SERPINB1,0
ARID2,APOA2,0
RFX5,BCOR,0
SRF,B3GNT7,0
EZH2,FOSL2,0
HNF4A,POLR2K,0
JUND,KNG1,0
MYC,BCOR,0
CEBPZ,APOC3,0
MAZ,MRRF,0
REST,ODF2L,0
ARID2,GTF2H3,0
HNF4A,GPRC5C,0
EPAS1,EXOSC1,0
FOSL2,APOC1,0
IRF3,DPH5,0
NR3C1,BUB1B,0
JUN,DBNDD2,0
HDAC2,DEDD,0
MCRS1,KLF5,0
MAFF,RSU1,0
NR2F2,LGALS3,0
ATF3,TM4SF5,0
FOSL2,PHC1,0
JUN,FBL,0
FOXA2,CRAT,0
ARID2,PHF5A,0
RUVBL1,PLTP,0
SMARCA4,RIOK3,0
ATF3,DROSHA,0
REST,ZBTB3,0
ARID2,TFE3,0
BRCA1,DERA,0
ARID2,SEC22C,0
JUN,EIF2B3,0
ARID2,SDAD1,0
MCRS1,FGFR1,0
HNF4A,NEIL2,0
MAZ,SFRP1,0
RUVBL1,HMGN2,0
CREB1,APOA4,0
MAZ,RHOBTB3,0
CEBPD,MEST,0
EZH2,EHMT1,0
EZH2,BUB1B,0
HNF4A,PSIP1,0
BRCA1,RNASEH2A,0
CEBPZ,CD320,0
IRF3,SLC25A26,0
EZH2,CFAP36,0
EPAS1,MOV10,0
CEBPD,CASP8AP2,0
BRCA1,BRIP1,0
FOSL2,LDB2,0
MAFF,DNAH14,0
FOXA2,ACADVL,0
ATF3,DR1,0
EPAS1,SLC25A20,0
SMARCC1,PLRG1,0
MCRS1,WIPI1,0
CEBPD,RAMP1,0
ARID2,NUDT1,0
SRF,CEBPD,0
RFX5,TBX3,0
ARID2,SF3B3,0
ARID2,LRRC1,0
MAZ,ETV1,0
FOXA2,FGFR1,0
MCRS1,ARL6IP6,0
CEBPZ,TMEM120A,0
FOXA1,ARID3B,0
SMARCA4,CAPN2,0
ATF3,ZNF397,0
MYC,GGH,0
TEAD4,RBBP7,0
RUVBL1,CYP3A5,0
ATF3,SEPT10,0
FOXA1,GSTK1,0
CEBPZ,TKT,0
EZH2,DYNLT3,0
IRF3,PLAC8,0
ATF3,PMS1,0
IRF3,LRR1,0
RUVBL1,SLC7A8,0
ATF3,NUP35,0
ARID2,P4HA2,0
ARID2,C9ORF72,0
HNF4A,TARDBP,0
MYC,SYTL2,0
REST,ZDHHC4,0
IRF3,DDIT4,0
IRF3,SMC2,0
SMARCA4,TF,0
ATF3,ANPEP,0
ATF3,HNRNPUL1,0
EPAS1,YAF2,0
MAZ,ECSIT,0
MAFF,CYFIP2,0
REST,CCDC169,0
NR3C1,SMARCC1,0
SRF,ALDH1A1,0
SRF,MCM3,0
NR3C1,HMGCL,0
SMARCA4,CRABP2,0
JUN,NR2F6,0
FOSL2,MTFP1,0
SRF,TMEM97,0
ARID2,HSD17B7,0
EPAS1,VEZF1,0
RFX5,HCFC1,0
NR2F2,NNT,0
MYBL2,ZNF202,0
MAZ,TFF1,0
CEBPZ,TBL1X,0
MAZ,ITGB5,0
REST,TADA3,0
EZH2,SPINK1,0
SRF,TBC1D31,0
TEAD4,CYP3A5,0
ARID2,SSBP2,0
IRF3,KIAA0586,0
NR2F2,SRF,0
ATF3,TMEM216,0
MAFF,CRYZL1,0
CEBPZ,LRRC1,0
RUVBL1,AHSG,0
MAZ,RFC4,0
ELF1,FAM151A,0
MYBL2,SRM,0
MCRS1,CTSE,0
IRF3,STAT2,0
EZH2,HMGA2,0
RFX5,SLC29A1,0
JUN,MTHFD2,0
CEBPZ,TCF4,0
HDAC2,INMT,0
MYBL2,ELAVL2,0
EPAS1,VPS26A,0
ELF1,CXCR4,0
MAFF,EMP2,0
HDAC2,MLXIPL,0
JUN,NUDT15,0
ARID2,FOXP1,0
RFX5,RABEPK,0
HNF4A,NCOA1,0
IRF3,NUCB2,0
HDAC2,SEC11C,0
FOSL2,NR5A2,0
MYBL2,KLF5,0
ELF1,MEP1A,0
MCRS1,IRF9,0
JUN,ING5,0
IRF3,DCLRE1C,0
ELF1,MYCBP,0
ARID2,ZCCHC7,0
RUVBL1,TWISTNB,0
FOXA2,POLR2L,0
SMARCA4,C9ORF78,0
ATF3,CKAP2,0
CEBPZ,RFC5,0
BRCA1,METTL3,0
CEBPZ,JUN,0
NR3C1,UPP1,0
NR2F2,GLIS3,0
TEAD4,LIAS,0
SMARCA4,TNNI3,0
ATF3,GALE,0
TEAD4,YARS,0
MAZ,ECHDC2,0
EPAS1,PPCDC,0
IRF3,HIST1H1E,0
EPAS1,PTPRM,0
RUVBL1,ELMOD2,0
MCRS1,CCND1,0
BRCA1,ATP1B1,0
MAZ,NAA16,0
FOXA1,DDX55,0
JUN,NUP35,0
ARID2,NUF2,0
CEBPZ,SLC39A10,0
IRF3,PIM2,0
BRCA1,TAF1A,0
SMARCC1,RAB25,0
HNF4A,MED4,0
EZH2,FAM114A1,0
NR3C1,DDAH1,0
SRF,FBXO6,0
RFX5,PMAIP1,0
CREB1,ZNF195,0
BRCA1,SVIL,0
FOSL2,PEG3,0
RFX5,TRIM59,0
EPAS1,CAT,0
NR3C1,PPCDC,0
TEAD4,HAUS4,0
HNF4A,TDGF1,0
CEBPZ,MTX2,0
JUN,APOC3,0
EZH2,CYP3A5,0
BRCA1,ZNF107,0
JUN,EZH2,0
FOXA1,HNRNPH2,0
JUN,THYN1,0
SRF,ZNF287,0
FOXA1,LIN28A,0
MCRS1,USP10,0
IRF3,GRHL1,0
HDAC2,PDGFA,0
JUN,USP10,0
EPAS1,UTRN,0
ELF1,ANPEP,0
JUN,SHMT2,0
NR3C1,ZNF239,0
SRF,ERAL1,0
SMARCC1,PEG3,0
EPAS1,TMEM37,0
EZH2,METTL1,0
RUVBL1,FAM118B,0
TEAD4,QPCT,0
SRF,C6ORF203,0
NR2F2,GEMIN8,0
JUN,NUP88,0
BRCA1,G6PC3,0
REST,RBMX,0
BRCA1,PLRG1,0
MAZ,MLF1,0
IRF3,DHRS3,0
MAZ,CREB3L4,0
EZH2,DNMT3A,0
IRF3,SGK1,0
JUND,HELLS,0
CEBPZ,YWHAH,0
MCRS1,SULT1A2,0
JUN,CHCHD6,0
FOXA2,TPM2,0
EPAS1,RECQL,0
MCRS1,PLK1,0
MAFF,MORN2,0
TEAD4,GMPS,0
NR3C1,TTLL4,0
SMARCA4,SAAL1,0
ATF3,PAX6,0
BRCA1,UFSP2,0
BRCA1,EMG1,0
CEBPZ,INMT,0
MYC,IGF2BP3,0
EZH2,ILF2,0
SRF,GATA6,0
MCRS1,DDIT4,0
ARID2,ESCO2,0
SRF,SMIM20,0
TEAD4,POLR2B,0
NR3C1,PDCD4,0
HNF4A,SLC39A10,0
FOXA1,AGTRAP,0
RUVBL1,TTK,0
MYBL2,MRPL10,0
EZH2,PLAGL2,0
ATF3,ALG8,0
REST,PSMD10,0
ARID2,PRKCE,0
EPAS1,JUN,0
RUVBL1,FOXO1,0
TEAD4,POLR1E,0
FOXA1,RNASEH2A,0
REST,WDHD1,0
SMARCA4,ICE2,0
BRCA1,RAD51,0
IRF3,GTF2H3,0
BRCA1,PLAA,0
JUN,HPN,0
FOXA2,HELLS,0
EZH2,DHRS3,0
RUVBL1,ACADSB,0
EZH2,DDX54,0
MAFF,DDAH1,0
MCRS1,E2F5,0
SMARCA4,HMGCL,0
MCRS1,ASCC3,0
ATF3,SSRP1,0
MAFF,DEK,0
FOSL2,POLR3E,0
RUVBL1,DPPA4,0
IRF3,CIDEB,0
IRF3,PPAT,0
SRF,AKR1D1,0
RUVBL1,NAA10,0
SRF,CCND1,0
ARID2,IFRD2,0
CEBPD,BMP2,0
IRF3,AMZ2,0
TEAD4,NARS2,0
SMARCA4,PRKCI,0
RUVBL1,KIF20A,0
FOSL2,ORC2,0
ELF1,FXYD5,0
FOXA1,CMC1,0
SRF,H1F0,0
JUN,PMAIP1,0
MAZ,MUSTN1,0
EPAS1,MRS2,0
EZH2,COQ3,0
IRF3,KIF20A,0
MAFF,ETS1,0
BRCA1,EPHX2,0
CEBPZ,USP44,0
SMARCA4,TRIM28,0
REST,ISG20,0
EZH2,FBXO6,0
FOXA1,SUCLA2,0
HDAC2,S100A6,0
EPAS1,METTL1,0
RUVBL1,ARL15,0
HNF4A,MRS2,0
RFX5,EPSTI1,0
FOXA1,RNF138,0
RFX5,OGFOD1,0
NR3C1,DDX20,0
RFX5,TEX10,0
MCRS1,IFITM1,0
ATF3,SULT1A2,0
TEAD4,JMJD1C,0
ARID2,FGFR1,0
BRCA1,GOT1,0
BRCA1,EWSR1,0
RFX5,MRPS2,0
EZH2,ORC6,0
HDAC2,IRF3,0
ARID2,HMMR,0
ARID2,CREB3L3,0
MYBL2,SMARCA4,0
JUN,POLR2G,0
SMARCC1,C9ORF72,0
HNF4A,IFT22,0
ARID2,XPO6,0
JUND,ZNF195,0
MAFF,HCFC1,0
MYBL2,SOX4,0
ARID2,PSMB10,0
FOXA2,LAMB1,0
JUN,CACYBP,0
EZH2,ZFYVE21,0
CREB1,PBX1,0
FOXA1,ASRGL1,0
BRCA1,TEAD4,0
FOXA2,WRB,0
NR3C1,CRYZL1,0
NR2F2,SH3BGRL,0
ARID2,ARSE,0
CREB1,NFIB,0
EZH2,SLC7A6,0
BRCA1,DCTPP1,0
IRF3,SLC25A4,0
CEBPD,SMARCA5,0
ATF3,CTSV,0
SMARCA4,DEPDC7,0
EPAS1,PDGFRA,0
RFX5,SMC2,0
FOSL2,ZNF239,0
ELF1,PEG3,0
MYC,DDIT4,0
TEAD4,ERBB4,0
CEBPD,MRRF,0
CEBPD,HMGN3,0
ELF1,UCK2,0
FOSL2,USP3,0
FOSL2,DDAH1,0
SRF,MRPL15,0
FOXA1,EXOC5,0
SRF,MRPS30,0
JUND,LGALS2,0
CEBPZ,ALDH1A1,0
JUN,POLR1B,0
RUVBL1,FOSB,0
HNF4A,TCF7L1,0
TEAD4,EIF5B,0
CEBPZ,PROSER1,0
FOXA1,SMARCA4,0
RFX5,PLAGL2,0
FOXA1,PSMD10,0
ARID2,PPCDC,0
ARID2,DDHD1,0
TEAD4,NUP93,0
BRCA1,ID2,0
MAFF,CIDEB,0
JUN,IFITM3,0
ATF3,PIH1D1,0
IRF3,GTF2I,0
FOSL2,LGALS2,0
HNF4A,CCDC126,0
CEBPZ,ASXL1,0
JUN,HOOK2,0
NR2F2,E2F7,0
HNF4A,ITGB3BP,0
FOSL2,LAMA1,0
MAFF,HMGCL,0
RUVBL1,RBPJ,0
NR2F2,SALL2,0
NR3C1,NME1,0
CEBPZ,NOP16,0
MCRS1,ASL,0
ATF3,WDR5,0
EZH2,MTHFD1,0
ELF1,ANXA3,0
MCRS1,PMM1,0
REST,ANPEP,0
EZH2,NUCB2,0
RUVBL1,TEAD2,0
MCRS1,FBXO22,0
NR3C1,MYO9A,0
ARID2,AMBP,0
MAZ,ZNF589,0
REST,CREB3L4,0
RUVBL1,UCKL1,0
BRCA1,CASP8AP2,0
ATF3,HELLS,0
IRF3,RAB25,0
ATF3,NR3C1,0
MAFF,RAI14,0
SRF,UCHL5,0
MAZ,LMO7,0
BRCA1,CDCA2,0
EZH2,KLHL7,0
CEBPD,SPDL1,0
MYBL2,TUBB6,0
BRCA1,GATM,0
NR3C1,ELOF1,0
CEBPZ,COPS2,0
MAFF,CRABP2,0
RUVBL1,CRYZL1,0
IRF3,USP11,0
JUND,CCNB2,0
BRCA1,F2,0
SRF,BMPR1A,0
JUN,GALE,0
ELF1,ZNF195,0
ATF3,MRPL10,0
CEBPZ,NR1H3,0
CEBPD,SPINK1,0
JUN,ZNF91,0
ATF3,GGPS1,0
CEBPD,RBBP7,0
SRF,HNRNPK,0
MCRS1,PDZK1,0
CEBPZ,ZNF260,0
JUN,HSD17B11,0
RFX5,ELOF1,0
MCRS1,PPFIBP2,0
SMARCA4,TAF5,0
MCRS1,GTF3C4,0
MAZ,ANAPC7,0
MYC,RAD51AP1,0
MCRS1,TRERF1,0
FOXA1,PRC1,0
ARID2,SRSF2,0
JUND,PCGF6,0
MCRS1,IPO5,0
TEAD4,DNAH14,0
FOXA2,PHKA2,0
RFX5,HMGN5,0
CEBPD,SOX4,0
EPAS1,SAAL1,0
EPAS1,SMARCE1,0
ARID2,FAM151A,0
ELF1,APOA4,0
ARID2,POLB,0
JUND,TMEM120A,0
MAZ,UCK2,0
HDAC2,POLR2B,0
TEAD4,E2F8,0
MYC,VTN,0
NR2F2,TUBB6,0
JUN,DNMT1,0
HNF4A,PPP1R7,0
NR2F2,NTMT1,0
EPAS1,UBL7,0
JUND,PAX6,0
EZH2,NTMT1,0
ARID2,DAB2,0
MCRS1,SEC11C,0
RFX5,PLG,0
EZH2,RBP4,0
SMARCA4,EHMT1,0
ATF3,AAAS,0
BRCA1,NONO,0
SRF,NUP37,0
SRF,NUP85,0
JUN,BCL11B,0
SMARCA4,RNF138,0
RFX5,ITGB3BP,0
NR3C1,TFE3,0
SMARCA4,MED20,0
SRF,MAD2L1BP,0
HNF4A,GPC3,0
ARID2,IGF2BP3,0
CEBPZ,CDH2,0
MCRS1,TRIAP1,0
FOXA1,HMGN5,0
ARID2,DNAH14,0
MAZ,LRR1,0
SRF,HAUS4,0
NR2F2,PBX1,0
CEBPZ,FAM114A1,0
MAZ,TSN,0
TEAD4,UBE2T,0
EZH2,CAPG,0
MAFF,S100A6,0
HNF4A,TP53,0
RUVBL1,GMNN,0
NR3C1,KDELR3,0
JUN,PTPN12,0
EPAS1,FMO5,0
CEBPD,PCGF6,0
REST,PUS7L,0
BRCA1,UPP1,0
SMARCA4,AARS,0
RFX5,METTL8,0
CEBPD,NVL,0
IRF3,GRTP1,0
MYC,CDCA7L,0
ATF3,ARG2,0
NR2F2,RAD54B,0
FOXA1,E2F7,0
SMARCA4,NFIB,0
MCRS1,UCHL5,0
ARID2,RBBP7,0
MAFF,ENO2,0
MAFF,FOSL1,0
JUND,CREG1,0
ELF1,TNNI3,0
SMARCA4,MCM5,0
RUVBL1,BIRC5,0
EZH2,GNPNAT1,0
HNF4A,AFF4,0
MCRS1,TCOF1,0
MAZ,DPPA4,0
MAZ,INMT,0
MAZ,TM4SF5,0
MYC,AFP,0
HDAC2,HSD17B10,0
MAZ,CA2,0
NR3C1,TDP1,0
MCRS1,CREB3L2,0
RUVBL1,PDCD4,0
TEAD4,MYC,0
MAFF,PEX19,0
HDAC2,ATP2C1,0
BRCA1,LAMA1,0
CEBPZ,ACAD11,0
SMARCA4,FOXA2,0
ARID2,UCHL5,0
SMARCA4,AFP,0
MYC,TDGF1,0
HDAC2,ARL6IP6,0
RUVBL1,FMO5,0
CEBPZ,ZNF675,0
EZH2,MRPS30,0
CEBPD,DDX54,0
BRCA1,TCOF1,0
BRCA1,ZNF232,0
SMARCA4,RIN2,0
MYC,PEX19,0
MAFF,ALPL,0
EZH2,EXOSC9,0
REST,TDGF1,0
JUN,FEN1,0
NR3C1,SAAL1,0
ARID2,TMEM41A,0
ELF1,TAF6,0
RUVBL1,PLK1,0
HNF4A,ARL14EP,0
BRCA1,HMGA1,0
MAFF,CNBP,0
MAZ,ODF2L,0
SMARCA4,PPFIBP2,0
EZH2,CUTC,0
MYC,RAB34,0
BRCA1,TATDN3,0
HNF4A,CXXC1,0
ATF3,IFITM1,0
RUVBL1,TAF1B,0
NR3C1,SUB1,0
TEAD4,LCMT1,0
FOXA1,AKR1D1,0
SRF,RANGRF,0
SRF,NR1I3,0
TEAD4,HCFC1,0
FOXA1,SH3BGR,0
FOXA1,CRELD1,0
SMARCA4,DHCR7,0
SRF,MED21,0
NR3C1,COMMD3,0
NR3C1,KIF23,0
ATF3,MAFF,0
REST,BUB1B,0
JUN,PISD,0
JUN,E2F3,0
TEAD4,EZH2,0
BRCA1,C1ORF109,0
ARID2,TDP2,0
EZH2,ASGR1,0
SRF,MDK,0
CEBPZ,CFAP97,0
SRF,TOPORS,0
EPAS1,ID2,0
NR3C1,RNASEH2A,0
ARID2,THYN1,0
EPAS1,GXYLT2,0
JUN,SERPINB1,0
REST,NR2F6,0
RUVBL1,DHPS,0
NR2F2,MED21,0
EZH2,STEAP1,0
JUND,MUSTN1,0
IRF3,WDR12,0
MYBL2,H1F0,0
FOXA1,MED21,0
TEAD4,MRRF,0
SRF,ZNF567,0
ARID2,CDX2,0
MCRS1,PPARA,0
RFX5,HNRNPD,0
HNF4A,NAA10,0
CEBPZ,SCD5,0
ELF1,HMGA2,0
HDAC2,EGR1,0
JUN,BIN1,0
CEBPZ,HARS,0
EZH2,GLUD1,0
NR2F2,HMGXB4,0
NR2F2,TRNT1,0
RUVBL1,ZNF232,0
BRCA1,TMEM97,0
HNF4A,ZNF675,0
FOXA1,MYO9A,0
RFX5,CAMK2D,0
BRCA1,SNRNP25,0
MCRS1,KPNA2,0
CEBPZ,CNTRL,0
NR3C1,ENO2,0
CEBPZ,GDAP1,0
CEBPZ,HK1,0
EZH2,SALL4,0
SMARCC1,TMEM150C,0
MAFF,HSD17B7,0
EPAS1,DEF8,0
NR3C1,LSM10,0
BRCA1,GPC3,0
REST,CCDC126,0
BRCA1,RARRES2,0
HNF4A,MELK,0
FOXA2,SLC10A1,0
RFX5,ZNF354A,0
NR3C1,MST1,0
BRCA1,ELOVL6,0
CEBPD,UMPS,0
SMARCA4,GPRC5C,0
SRF,LAMC1,0
MYBL2,NRIP1,0
MAZ,LAMB1,0
EPAS1,HSPA14,0
MYC,SLC10A1,0
SMARCA4,SLC44A2,0
FOSL2,POLR2G,0
RUVBL1,TTR,0
TEAD4,MYO9A,0
MAZ,U2AF1,0
ARID2,MMS19,0
MCRS1,EPS8L2,0
SMARCA4,CHEK1,0
ATF3,TEAD4,0
MCRS1,PRIM1,0
SMARCA4,DDIT4,0
MAFF,DDIT4,0
IRF3,FAM13A,0
IRF3,NUP88,0
JUN,DPH6,0
HDAC2,CDX2,0
SRF,KIZ,0
JUN,ITGB5,0
HNF4A,ANXA3,0
NR3C1,BCS1L,0
IRF3,PTGR1,0
RUVBL1,ISY1,0
FOXA2,IRF1,0
MAZ,BCAS2,0
MAZ,SCD5,0
SMARCA4,IGF2BP3,0
MAFF,C1ORF109,0
HNF4A,SMOX,0
TEAD4,TMEM120A,0
HNF4A,CENPE,0
IRF3,HAT1,0
JUN,HDAC2,0
ATF3,ACTL6A,0
ARID2,COPS7B,0
NR3C1,NEK2,0
FOXA1,SF3B3,0
SMARCC1,CYP3A5,0
FOXA2,RFC4,0
CEBPZ,NPPB,0
MYC,ACOX2,0
JUN,SRRM1,0
EPAS1,LGALS3,0
TEAD4,ABCE1,0
EPAS1,SH3BGR,0
SRF,ELOF1,0
MAFF,E2F7,0
HDAC2,PEX19,0
IRF3,SULT1A2,0
FOXA1,REST,0
EZH2,ACOX2,0
CEBPZ,DDX20,0
SMARCA4,PMAIP1,0
SRF,METTL21A,0
HNF4A,PPFIBP2,0
IRF3,MAT2B,0
TEAD4,WIPI1,0
ARID2,MLH1,0
TEAD4,SLC25A20,0
ATF3,PPP1CC,0
TEAD4,SEC14L2,0
IRF3,JUN,0
NR2F2,HTATSF1,0
MCRS1,EED,0
TEAD4,RAB31,0
EPAS1,HERPUD1,0
FOXA1,PRIM1,0
MAZ,CYB5B,0
RFX5,SUPV3L1,0
CEBPZ,NR2F2,0
CEBPD,DPAGT1,0
RFX5,CIDEB,0
IRF3,CTDSPL,0
ELF1,DPP4,0
ATF3,CDKN3,0
CEBPZ,GTF2F2,0
NR3C1,GEMIN2,0
JUN,HK1,0
BRCA1,ORC4,0
TEAD4,THRB,0
MYC,NEDD4L,0
BRCA1,ZFYVE21,0
TEAD4,DERA,0
IRF3,SIRT1,0
CEBPZ,STARD3NL,0
ATF3,NUP88,0
FOSL2,TSN,0
NR3C1,TRNT1,0
MAFF,ICE2,0
HNF4A,CTSV,0
EPAS1,EPHX2,0
SRF,RNASEH2A,0
FOSL2,USP11,0
IRF3,HIPK2,0
ELF1,ACOX2,0
CEBPZ,THAP4,0
NR3C1,ACTC1,0
RFX5,SH3BGRL,0
MYC,ARL15,0
ELF1,CBR1,0
MCRS1,DPF2,0
SMARCA4,GRHL1,0
MAFF,GMNN,0
RUVBL1,BTG2,0
JUND,RAB31,0
JUN,HIPK2,0
SMARCC1,C1ORF109,0
NR3C1,DUT,0
NR3C1,PDPN,0
MYC,DGAT1,0
NR3C1,PHGDH,0
SMARCA4,IVNS1ABP,0
SMARCC1,ERBB4,0
IRF3,SMLR1,0
EPAS1,TMEM69,0
SRF,PSMG1,0
HNF4A,POLD2,0
HNF4A,C19ORF48,0
RFX5,TFDP1,0
REST,SLC39A1,0
EZH2,GSTK1,0
HDAC2,PLRG1,0
IRF3,HSPA14,0
REST,PRPS2,0
SMARCC1,ISG15,0
BRCA1,HMGN4,0
HNF4A,ZFAND2A,0
FOXA1,CALML4,0
BRCA1,REST,0
IRF3,GEMIN2,0
MYC,HSD17B7,0
NR3C1,PMS1,0
BRCA1,CAPN2,0
CEBPZ,MST1,0
SMARCA4,KIFAP3,0
EZH2,COMMD10,0
TEAD4,TBC1D1,0
EPAS1,TBL1X,0
JUN,TUBA1B,0
ARID2,DNASE1,0
RUVBL1,BPTF,0
MAZ,MRPS11,0
BRCA1,ARL2,0
ATF3,LGALS3,0
RUVBL1,YARS,0
RUVBL1,NT5DC2,0
EPAS1,EYA3,0
NR2F2,ERBB4,0
NR3C1,GOT1,0
IRF3,DEK,0
MAZ,HMGN5,0
MYC,DSN1,0
JUN,TMEM126B,0
TEAD4,NPRL2,0
SMARCC1,TSN,0
JUN,LCMT1,0
MCRS1,SAT1,0
MCRS1,UROD,0
EPAS1,MAZ,0
FOXA1,BRIX1,0
IRF3,CENPW,0
SRF,PRKCI,0
FOXA1,FHL2,0
MAZ,C12ORF10,0
JUND,DMKN,0
JUN,ALDH1A1,0
REST,FOSL1,0
MCRS1,DR1,0
CEBPZ,RNASEH2B,0
JUN,HIST1H1C,0
ATF3,CDKN1A,0
HNF4A,SUPT16H,0
ATF3,KNG1,0
MCRS1,IFRD2,0
ARID2,NUDT15,0
FOXA1,SCPEP1,0
BRCA1,GNPNAT1,0
NR3C1,E2F7,0
BRCA1,AURKA,0
ARID2,CNN2,0
IRF3,ZNF670,0
SMARCA4,TIMM9,0
RUVBL1,SLC25A4,0
MAFF,MED30,0
IRF3,HP,0
REST,LAPTM4B,0
FOXA1,CHTF18,0
MAFF,DSN1,0
FOSL2,FHL2,0
HDAC2,DYNLT3,0
JUN,VPS26A,0
RUVBL1,CAMK2D,0
JUN,TATDN3,0
JUN,KNG1,0
JUN,IFT22,0
IRF3,HIF1AN,0
NR3C1,CMC2,0
EPAS1,TTLL4,0
RFX5,ECI2,0
SRF,SUPT16H,0
EZH2,NUP93,0
REST,RREB1,0
NR3C1,TRMT1,0
REST,S100A6,0
EZH2,C11ORF54,0
ATF3,STAT2,0
TEAD4,POLR3D,0
MYC,SRSF6,0
SMARCC1,BCKDK,0
RFX5,AHSG,0
BRCA1,MTERF3,0
FOXA1,PYCR1,0
FOXA1,WFDC2,0
RFX5,NR1I3,0
EPAS1,RFX6,0
RUVBL1,PLAGL2,0
CEBPD,HDAC6,0
FOXA2,UTRN,0
EPAS1,TRIM27,0
SRF,NEIL2,0
NR2F2,HMGN2,0
NR3C1,ACAT2,0
EPAS1,ATG5,0
ARID2,PHC1,0
NR3C1,RNPS1,0
IRF3,SALL2,0
CEBPD,TFPI,0
FOXA1,RGN,0
EZH2,PPA2,0
RUVBL1,CDX2,0
BRCA1,SIL1,0
CEBPZ,TIMELESS,0
EZH2,CNTRL,0
NR3C1,NT5DC2,0
NR3C1,BST2,0
SMARCA4,ECI2,0
JUND,ISG15,0
EPAS1,SRM,0
SRF,CDK5RAP2,0
EPAS1,SMC4,0
REST,TRIP13,0
NR3C1,VRK1,0
ARID2,LAPTM4B,0
RFX5,ASPH,0
RUVBL1,C11ORF74,0
REST,FBL,0
JUN,HARS,0
JUND,ALG6,0
FOXA2,METAP1,0
FOXA1,DERA,0
TEAD4,RAD51C,0
NR3C1,SMAD3,0
SMARCA4,NONO,0
EZH2,CENPK,0
ATF3,APEH,0
NR2F2,GSTA1,0
EPAS1,CDCA2,0
FOXA2,MUSTN1,0
MCRS1,PRKCI,0
RUVBL1,LIN28A,0
CEBPZ,MPHOSPH9,0
HNF4A,AAAS,0
ATF3,EXOSC2,0
CEBPZ,PSAT1,0
MAFF,H1F0,0
ATF3,RFXANK,0
ARID2,NUP107,0
CEBPZ,PRIM1,0
MAZ,TFDP1,0
RUVBL1,SCAPER,0
SMARCC1,IFITM2,0
HNF4A,MRPS35,0
BRCA1,TRNT1,0
NR3C1,MTUS1,0
HNF4A,TCF25,0
JUN,XRCC5,0
TEAD4,MCM6,0
ATF3,SQLE,0
CEBPZ,PHC1,0
ATF3,COPS2,0
ARID2,FOSL1,0
IRF3,DDIT3,0
MAFF,TFDP2,0
TEAD4,XBP1,0
EPAS1,CCDC66,0
FOXA1,ELAVL2,0
CREB1,HDAC2,0
RUVBL1,FGA,0
NR3C1,EGR1,0
CEBPD,CKAP2,0
TEAD4,HSD17B14,0
ARID2,ISG20,0
NR2F2,PREB,0
ATF3,CCDC88A,0
NR3C1,IL6ST,0
NR2F2,WRB,0
MCRS1,PWP1,0
ARID2,CTBP1,0
NR3C1,DYNLT3,0
BRCA1,BMP2,0
CEBPZ,FGG,0
IRF3,PRPS2,0
RUVBL1,HSD17B7,0
BRCA1,MRPL49,0
SRF,FABP1,0
IRF3,GSN,0
TEAD4,ZNF202,0
EPAS1,FEN1,0
ATF3,LIG1,0
CEBPZ,RRM1,0
EPAS1,ELF1,0
IRF3,ABT1,0
MYBL2,SULT1A2,0
FOXA2,EHMT2,0
REST,SULT1A2,0
SRF,NR3C1,0
RFX5,DDC,0
NR3C1,ANAPC7,0
CEBPZ,KLF3,0
BRCA1,MED21,0
CEBPZ,ZCCHC7,0
SMARCC1,POLR2K,0
RFX5,NAA10,0
MCRS1,TXNDC9,0
ARID2,SNRPD1,0
SMARCA4,PHGDH,0
JUN,CNOT7,0
HDAC2,BST2,0
EZH2,MLF1,0
SMARCA4,NUDT1,0
MCRS1,GGPS1,0
FOSL2,MT1E,0
EPAS1,S100A16,0
ATF3,RBP2,0
REST,NUPR1,0
CEBPD,WDR5,0
HNF4A,HMGB3,0
EZH2,TPGS2,0
BRCA1,TADA3,0
NR2F2,CYFIP2,0
EPAS1,REST,0
ARID2,NTPCR,0
CREB1,HK1,0
JUN,USP39,0
TEAD4,ARG2,0
MAZ,PLAC8,0
RUVBL1,MAP1B,0
EZH2,DNASE1,0
CEBPZ,SMAD2,0
ARID2,SERPINB1,0
NR3C1,PSMD10,0
NR3C1,HIST1H4C,0
REST,EXOSC2,0
IRF3,EPSTI1,0
MCRS1,HPRT1,0
ATF3,ECT2,0
NR3C1,DCAF13,0
FOSL2,DLGAP5,0
NR2F2,GATA6,0
NR3C1,LRRC40,0
FOSL2,CTDSPL,0
SRF,MTX2,0
EPAS1,ZCCHC7,0
EZH2,CD320,0
RUVBL1,RHOBTB3,0
BRCA1,CTPS1,0
SMARCA4,ABCA5,0
FOXA2,PYCR1,0
BRCA1,FHL2,0
ARID2,COMMD3,0
SMARCC1,LGALS3,0
ATF3,CTPS1,0
SRF,NUDT15,0
ARID2,POU2F1,0
EZH2,USP28,0
ATF3,DEDD,0
CREB1,KLF3,0
SRF,PLRG1,0
MYC,PSMB10,0
TEAD4,RFC5,0
NR2F2,SFRP1,0
TEAD4,GPC3,0
NR3C1,ZNF101,0
RUVBL1,NUP37,0
NR3C1,PLA2G12B,0
HNF4A,RNASEH2B,0
ARID2,RAI14,0
FOXA1,ZNF107,0
SMARCA4,IL32,0
RUVBL1,FASTKD2,0
CEBPD,ACADVL,0
EZH2,TNFAIP3,0
CEBPZ,ZNF160,0
NR2F2,CCDC169,0
IRF3,KEAP1,0
NR2F2,IRF1,0
NR2F2,RNASEH2B,0
REST,IL32,0
SMARCA4,ORC4,0
SMARCA4,WFDC2,0
MCRS1,CAPRIN1,0
TEAD4,MORN2,0
ARID2,MRPL16,0
EPAS1,SCAPER,0
NR2F2,TRIM59,0
SRF,IQCB1,0
ARID2,MCM7,0
CEBPD,BTF3,0
RFX5,NCOA1,0
CEBPD,SIAE,0
FOSL2,NEIL2,0
RFX5,HMMR,0
JUN,ZSWIM8,0
ATF3,DCUN1D5,0
HNF4A,TBCB,0
MCRS1,TBCB,0
NR3C1,F2,0
ATF3,PLK1,0
JUN,RBBP4,0
BRCA1,ELF1,0
EZH2,RNF4,0
ARID2,RABGGTB,0
RUVBL1,RRM1,0
CEBPD,SMARCC1,0
IRF3,JAZF1,0
IRF3,NOL11,0
CEBPD,E2F8,0
RUVBL1,PSMD10,0
IRF3,PWP1,0
ATF3,UQCC1,0
HNF4A,THRB,0
MCRS1,TSN,0
ATF3,CXCR4,0
EZH2,CIDEB,0
FOXA1,BST2,0
RFX5,EFNA1,0
EPAS1,TMEM97,0
ATF3,MEST,0
MAFF,RNF2,0
HNF4A,ORC5,0
ATF3,FANCB,0
MYC,SALL2,0
BRCA1,MOV10,0
SRF,AHR,0
SMARCA4,MTF2,0
BRCA1,HSD17B11,0
SRF,HJURP,0
CEBPZ,RRM2,0
NR3C1,CNOT7,0
CEBPZ,TDP1,0
MCRS1,MYO10,0
IRF3,IGF2BP3,0
SMARCA4,YEATS4,0
MAZ,LDB2,0
EZH2,EXOSC8,0
ARID2,PTPN12,0
MCRS1,ATG3,0
MCRS1,GALK1,0
EPAS1,RABEPK,0
REST,FXYD5,0
NR3C1,NHEJ1,0
RUVBL1,ANPEP,0
RFX5,LGALS3,0
RUVBL1,KIF23,0
IRF3,UTRN,0
SMARCA4,CRBN,0
BRCA1,ZNF354A,0
NR3C1,MTX2,0
TEAD4,ZNF195,0
BRCA1,RAB34,0
ATF3,TM4SF4,0
SRF,NTMT1,0
NR3C1,HK1,0
MAZ,PDCD2L,0
FOSL2,E2F5,0
TEAD4,SAAL1,0
NR3C1,NUP88,0
MCRS1,MTAP,0
EPAS1,ASF1A,0
CEBPZ,SMIM20,0
FOSL2,NPRL2,0
RFX5,MT1G,0
ARID2,USP10,0
SMARCA4,RBBP7,0
FOXA1,XBP1,0
MAZ,TNNI3,0
JUN,TMEM216,0
ATF3,EMP2,0
EPAS1,ZMYM1,0
TEAD4,SUCLA2,0
IRF3,SCPEP1,0
NR3C1,TKT,0
CEBPZ,SNRNP25,0
NR3C1,PARP1,0
MCRS1,PSMG1,0
NR3C1,ETS1,0
CREB1,SERPINB1,0
SMARCA4,QPCT,0
CREB1,RARG,0
CEBPZ,MRPS9,0
RUVBL1,ITGB5,0
ATF3,ZNF300,0
NR2F2,ACOT7,0
MYC,POLR2G,0
MAFF,PRIM1,0
EZH2,ALDH9A1,0
ARID2,MID1,0
MAFF,DAB2,0
NR3C1,ADSL,0
MAFF,GYG1,0
IRF3,SMARCD2,0
FOXA1,GTF2I,0
MYBL2,NAA10,0
CEBPD,A1CF,0
JUND,ZNF160,0
SMARCA4,ZNF195,0
MCRS1,BZW2,0
EPAS1,SLC38A1,0
MAFF,SIL1,0
SRF,TARBP2,0
SMARCA4,RNF4,0
SRF,MRPL49,0
BRCA1,IFITM3,0
MAZ,ALDH1A1,0
NR3C1,ISY1,0
CEBPZ,NFIB,0
ATF3,NARS2,0
CEBPZ,ACTL6A,0
JUN,RARG,0
EPAS1,MYOF,0
NR3C1,DDX54,0
EZH2,SSBP3,0
SRF,IGF1R,0
CEBPZ,RANGRF,0
JUND,DDB2,0
ARID2,UPP1,0
ARID2,ZFAND2A,0
EPAS1,GOT1,0
EZH2,MLH1,0
FOXA1,ACADVL,0
BRCA1,H1F0,0
IRF3,SRF,0
SMARCA4,SLC7A8,0
RUVBL1,ANXA4,0
FOXA1,SMIM20,0
RUVBL1,IGF1R,0
SMARCA4,ERBB4,0
EZH2,NFIB,0
EZH2,PTMA,0
NR2F2,GGPS1,0
ARID2,TTC4,0
MCRS1,ATP1B1,0
TEAD4,CEBPA,0
EZH2,FLAD1,0
HDAC2,NTMT1,0
JUND,PIM2,0
EZH2,DAB2,0
CEBPZ,PTPRZ1,0
SMARCA4,ITLN2,0
SMARCA4,USP44,0
NR3C1,RAB28,0
HDAC2,TRERF1,0
ARID2,HIPK2,0
ARID2,FANCL,0
JUN,CKS1B,0
CREB1,CKS1B,0
ATF3,ACADVL,0
EPAS1,MTX2,0
CEBPD,DEDD,0
ARID2,COPS7A,0
MYBL2,MLXIPL,0
JUN,MTAP,0
NR2F2,SALL4,0
SRF,CBR1,0
EPAS1,SF3A3,0
SMARCC1,SERPINB1,0
CEBPZ,STMN1,0
HNF4A,RNF4,0
TEAD4,MRPS9,0
JUN,C1GALT1,0
RUVBL1,TFDP1,0
HDAC2,DDX54,0
BRCA1,POLR3D,0
ARID2,CCS,0
HNF4A,KLF3,0
CREB1,PAX6,0
NR2F2,TNNI3,0
ARID2,RAB31,0
SMARCA4,CAPRIN1,0
MCRS1,DEF8,0
CEBPZ,EIF3J,0
BRCA1,CUTC,0
SMARCA4,NUP54,0
NR3C1,PEG3,0
IRF3,TCEA1,0
MAZ,IRF1,0
CEBPZ,NTPCR,0
EZH2,TPM2,0
ARID2,UROD,0
SMARCC1,CCS,0
MAFF,HAVCR1,0
SRF,DDX20,0
NR3C1,MATR3,0
EPAS1,YARS,0
ARID2,SP100,0
JUN,APOA4,0
CEBPZ,ZNF74,0
BRCA1,FANCL,0
SRF,PPP1R16A,0
TEAD4,STARD3NL,0
SRF,NPPB,0
IRF3,RHOBTB3,0
SMARCC1,HSD17B10,0
IRF3,MRS2,0
NR2F2,CAPN2,0
CEBPD,TOP2A,0
CEBPZ,UCK2,0
HNF4A,CAPRIN1,0
MYC,C9ORF72,0
NR2F2,HAUS1,0
MYBL2,USP3,0
CEBPZ,TNFAIP3,0
MCRS1,TFRC,0
MAFF,IL6ST,0
SMARCA4,ACAD11,0
SRF,PMS1,0
RUVBL1,PPP1CC,0
NR2F2,SLC10A1,0
MYBL2,SHKBP1,0
SMARCA4,DNA2,0
EPAS1,LAMC1,0
FOXA1,CXCR4,0
RUVBL1,CREB3L4,0
MAZ,TBC1D1,0
FOXA1,SLC7A8,0
HDAC2,ZRANB2,0
HNF4A,TPD52L1,0
MCRS1,NBAS,0
JUND,MT1E,0
HDAC2,DEPDC7,0
ELF1,SERPIND1,0
FOXA2,GNRH2,0
ELF1,JUND,0
ATF3,TIPARP,0
MYC,OAZ2,0
NR3C1,NUDT1,0
RUVBL1,PDGFA,0
IRF3,CAPG,0
EZH2,MCM4,0
HNF4A,ZNF581,0
SRF,MYCN,0
ARID2,ATG101,0
CEBPZ,E2F7,0
HDAC2,AHR,0
RUVBL1,GYG1,0
NR3C1,DDB2,0
FOSL2,MRS2,0
CEBPD,SPAG9,0
CREB1,PPARA,0
SRF,F10,0
FOXA2,NUP35,0
SMARCA4,ASCC3,0
RUVBL1,BTG1,0
RUVBL1,ECI2,0
ATF3,ARL14EP,0
MYC,ARID2,0
JUN,IGF1R,0
HDAC2,ADNP,0
HDAC2,SERPINB1,0
TEAD4,GPRC5C,0
NR3C1,CDC20,0
ELF1,HK1,0
ELF1,HMCES,0
FOXA1,ZMYM1,0
RUVBL1,SMARCC1,0
SRF,ELMOD2,0
ELF1,RBP4,0
REST,ZGRF1,0
HDAC2,ERCC8,0
RFX5,CNN2,0
EPAS1,AATF,0
MAZ,CDX2,0
TEAD4,SLC25A4,0
BRCA1,HDAC1,0
MCRS1,ENO2,0
ARID2,CCDC138,0
SMARCA4,SERPIND1,0
CEBPZ,GRHL1,0
FOXA1,HAUS4,0
REST,CMC2,0
FOSL2,SPDL1,0
TEAD4,CIDEB,0
ARID2,CPSF6,0
EZH2,CNOT7,0
ARID2,CNBP,0
JUN,CFAP20,0
ATF3,AFP,0
NR3C1,S100A6,0
TEAD4,PPP1CC,0
JUN,SSBP2,0
EPAS1,CHTF18,0
ATF3,PRMT5,0
ATF3,MCM4,0
CEBPZ,MTERF3,0
HNF4A,UTP15,0
SMARCA4,HDAC2,0
SMARCC1,UROD,0
IRF3,TFE3,0
ATF3,ZNF101,0
MYC,FOSB,0
FOXA2,PIK3R4,0
CEBPD,ESPL1,0
HNF4A,ETV1,0
RFX5,RARRES2,0
HNF4A,PAWR,0
HDAC2,POU2F1,0
MYBL2,EPSTI1,0
HDAC2,ANAPC7,0
CEBPZ,HNRNPR,0
BRCA1,ID3,0
IRF3,TCF7L1,0
MCRS1,CNBP,0
MCRS1,USP28,0
FOXA2,VIL1,0
EZH2,ANP32E,0
EZH2,TMEM69,0
FOXA1,CHEK1,0
MAFF,NVL,0
RFX5,TCF3,0
BRCA1,GDAP1,0
RUVBL1,AXL,0
ATF3,OAZ2,0
HDAC2,STMN1,0
EPAS1,DNA2,0
SMARCA4,ECSIT,0
NR3C1,SNRPB,0
TEAD4,ZNHIT3,0
SRF,NFYB,0
SMARCA4,ACAA1,0
EPAS1,MECR,0
MCRS1,CHCHD6,0
BRCA1,ELL2,0
JUND,UTRN,0
TEAD4,GALE,0
JUN,ELAVL2,0
FOSL2,CKAP2,0
MAZ,FTSJ1,0
RFX5,GDAP1,0
EZH2,HAVCR1,0
SMARCC1,PPARA,0
JUN,PHB2,0
MYBL2,POLR1D,0
MCRS1,MRPL16,0
CREB1,BIN1,0
FOSL2,E2F3,0
HDAC2,SLC39A5,0
SRF,SDAD1,0
RFX5,IRF3,0
RUVBL1,ARHGAP26,0
SRF,CREB3L2,0
EZH2,RAD1,0
JUN,ZCCHC7,0
RUVBL1,CIDEB,0
CEBPZ,CPSF3,0
RUVBL1,SF3A3,0
SMARCC1,SLC44A2,0
BRCA1,RNF19A,0
FOXA1,SULF2,0
IRF3,SLC7A6,0
CEBPZ,FOXO1,0
NR3C1,GLI1,0
MYC,TERF1,0
EZH2,THAP4,0
MCRS1,ERBB4,0
EZH2,EPB41L2,0
REST,GALK1,0
EPAS1,PDCD11,0
CEBPZ,CDCA2,0
SRF,SMC6,0
ARID2,GYG1,0
RFX5,HJURP,0
FOSL2,ARL6IP6,0
FOXA2,CRYZL1,0
SMARCA4,MYCBP,0
CEBPD,RARG,0
CEBPD,GPATCH4,0
JUN,EED,0
IRF3,SDAD1,0
CEBPD,TAF9B,0
EZH2,DEF8,0
EPAS1,KIF23,0
RUVBL1,MYL6B,0
FOXA1,EPAS1,0
ARID2,B4GALT3,0
JUND,ALDH9A1,0
MAFF,GATM,0
RFX5,BPHL,0
NR3C1,NFYB,0
JUND,BCOR,0
TEAD4,ATP1B1,0
TEAD4,CDX2,0
MYBL2,SLC25A17,0
MCRS1,CENPN,0
EZH2,PEF1,0
CEBPD,MIS18A,0
NR2F2,FHL2,0
ARID2,CDC23,0
SMARCA4,SPTLC3,0
CEBPD,TCERG1,0
ARID2,ATP1B3,0
TEAD4,SRSF10,0
RFX5,WFDC2,0
EPAS1,C3,0
RUVBL1,MTX2,0
RUVBL1,HTATSF1,0
CEBPD,ALDH1A1,0
TEAD4,FLRT3,0
JUN,CTSE,0
NR3C1,ZNF398,0
RUVBL1,PLRG1,0
EPAS1,HMBS,0
TEAD4,PDZK1,0
JUN,ADSL,0
ATF3,PLAC8,0
RUVBL1,HMGN1,0
SMARCC1,TM4SF4,0
SRF,DLGAP5,0
MCRS1,PCNA,0
MYC,CRABP2,0
RFX5,SRSF10,0
SMARCA4,MEST,0
NR3C1,MSH2,0
ATF3,HACL1,0
NR3C1,NR5A2,0
CEBPZ,ELAVL2,0
MAFF,TIMM9,0
FOSL2,EHMT1,0
EPAS1,BBS7,0
BRCA1,MEST,0
BRCA1,USP28,0
NR2F2,CENPW,0
SMARCA4,TUBB6,0
ATF3,EPHX2,0
RUVBL1,GLMN,0
CEBPZ,PON2,0
SRF,ZNF33A,0
JUND,TOP2A,0
CREB1,MID1,0
REST,PBX1,0
SRF,TRERF1,0
RFX5,SSBP3,0
SMARCA4,IRF9,0
IRF3,SPINK1,0
EZH2,TRIAP1,0
FOSL2,SULF2,0
EZH2,CFAP20,0
ATF3,UGP2,0
CEBPZ,RBMX,0
ARID2,PIH1D1,0
SRF,IPO5,0
MCRS1,GPN3,0
EZH2,WRB,0
MYBL2,HDHD3,0
SRF,IGF2BP3,0
HNF4A,PDPN,0
MCRS1,G6PC3,0
RFX5,TSFM,0
CEBPD,PDZK1,0
CEBPD,GSTA2,0
EPAS1,LEFTY1,0
TEAD4,TTC4,0
HDAC2,HIST1H1B,0
NR3C1,CDK2AP1,0
SMARCC1,FHL2,0
HDAC2,ODF2L,0
MCRS1,SFRP1,0
FOSL2,CDCA7L,0
IRF3,RABEPK,0
MCRS1,DDX5,0
EPAS1,LDB2,0
IRF3,ALPL,0
MAFF,NEIL2,0
TEAD4,R3HDM1,0
ATF3,C11ORF74,0
HDAC2,ZNF227,0
FOXA1,SLC10A1,0
FOSL2,IRF1,0
IRF3,SLC10A1,0
SMARCA4,RAB34,0
RUVBL1,PLA2G12B,0
MCRS1,PITX1,0
EPAS1,HIF1AN,0
MAFF,LTV1,0
MAFF,LRR1,0
RUVBL1,PLG,0
MAFF,CTDSPL,0
MYBL2,VEZF1,0
CEBPZ,S100A6,0
ARID2,HNF4A,0
RFX5,ASRGL1,0
RUVBL1,MYCN,0
EZH2,NR2F2,0
MYBL2,NEIL2,0
MAZ,TKT,0
ATF3,ECHDC1,0
FOSL2,CCDC126,0
MYC,SUB1,0
BRCA1,ACAT2,0
ELF1,AMBP,0
EPAS1,FABP1,0
EPAS1,HMGN3,0
RFX5,TMEM177,0
HNF4A,DCUN1D5,0
ATF3,NR2F2,0
ARID2,CLDN4,0
JUN,ZNF33A,0
EPAS1,UBLCP1,0
TEAD4,APOC2,0
RUVBL1,ITGB3BP,0
EPAS1,SS18,0
RUVBL1,HMGCL,0
NR3C1,UBE2T,0
RFX5,SH3BGR,0
RUVBL1,GEMIN7,0
IRF3,GRPR,0
MAFF,TMEM126B,0
EPAS1,CUTC,0
JUN,P4HA2,0
MYC,BPHL,0
EPAS1,COMMD3,0
MCRS1,CHEK1,0
SRF,MOV10,0
EZH2,CKS2,0
RUVBL1,FHL2,0
IRF3,NPM1,0
SMARCC1,PTTG1,0
SRF,SMARCA4,0
SRF,TM4SF5,0
RUVBL1,CDCA2,0
MYBL2,CYFIP2,0
SRF,FTSJ1,0
ELF1,VCAN,0
HNF4A,MID1,0
EZH2,AKR1B1,0
CEBPD,MTFP1,0
JUN,PAPOLA,0
RFX5,IL32,0
RFX5,SMAD3,0
EZH2,PBX1,0
MCRS1,NAA15,0
MYC,STAT2,0
IRF3,CHEK2,0
RFX5,OCIAD2,0
ELF1,APOA1,0
RUVBL1,SLC39A5,0
MCRS1,SOX2,0
MAZ,POLR1B,0
NR3C1,SFRP1,0
RFX5,FGB,0
RUVBL1,MRTO4,0
EPAS1,ILF3,0
SRF,DNPEP,0
HDAC2,RAB31,0
TEAD4,SLC29A1,0
NR3C1,ANLN,0
IRF3,BRIX1,0
RFX5,ALG6,0
RUVBL1,MOV10,0
BRCA1,TSN,0
EPAS1,TF,0
FOSL2,ZFAND2A,0
FOSL2,NRIP1,0
TEAD4,DDX20,0
JUN,MID1,0
EPAS1,HDHD3,0
FOXA1,NUDT1,0
JUN,FANCL,0
FOXA2,ZBTB24,0
RUVBL1,SEPT10,0
FOXA2,SLC25A17,0
SMARCA4,TPX2,0
JUN,MRPL2,0
CEBPZ,DSN1,0
JUN,IFT52,0
EPAS1,SUPT16H,0
FOXA2,DDX55,0
MYC,ACTN1,0
MAFF,SMC6,0
MAFF,NFATC2,0
TEAD4,TKT,0
ARID2,FLRT3,0
RUVBL1,GLI1,0
JUN,TFRC,0
RFX5,LAMC1,0
TEAD4,ELF1,0
EPAS1,SSBP3,0
MYC,H1F0,0
HNF4A,HMGCS2,0
ARID2,ZWILCH,0
RFX5,SULT1A2,0
ARID2,SULT1A2,0
BRCA1,ZNF397,0
MAFF,EPB41L2,0
RFX5,DPPA4,0
IRF3,ZNF300,0
EZH2,CYFIP2,0
MAZ,PLG,0
NR3C1,JMJD1C,0
RUVBL1,WIPI1,0
MAZ,PEX19,0
MCRS1,ZNF74,0
ATF3,GTF2I,0
CEBPD,CCNB2,0
JUND,MTFP1,0
MYC,EPSTI1,0
EZH2,SGK1,0
EZH2,TTLL4,0
MAFF,RANGRF,0
JUND,PFN2,0
CEBPZ,MT1X,0
EPAS1,TUBB6,0
MAFF,LTA4H,0
ATF3,SEC61A2,0
SMARCC1,CTDSPL,0
HNF4A,EXOSC9,0
REST,F3,0
JUN,AMBP,0
SRF,TAF7,0
MYC,PREB,0
ARID2,ANG,0
RUVBL1,EGR1,0
FOSL2,SLC5A6,0
BRCA1,TP53,0
EPAS1,SULT1A2,0
RUVBL1,ACOT7,0
CEBPZ,KLHL7,0
CEBPZ,ARID2,0
CEBPZ,GRTP1,0
SRF,GSN,0
RUVBL1,MPC1,0
MCRS1,ORC4,0
ELF1,DNMT3B,0
MAFF,HDHD3,0
TEAD4,CTSC,0
RUVBL1,MRPL10,0
SRF,GOT1,0
SMARCA4,ATF3,0
SRF,ITIH4,0
ARID2,RARRES2,0
BRCA1,CREB3L2,0
ARID2,YAF2,0
SMARCA4,ATG5,0
SMARCA4,ATG101,0
ATF3,SDAD1,0
ARID2,HJURP,0
JUND,PBX1,0
CEBPZ,SAT1,0
EZH2,PISD,0
RFX5,SLC7A7,0
SRF,TRIM59,0
HDAC2,ZFAND2A,0
MCRS1,NCAPG,0
FOXA1,FBL,0
NR3C1,FUBP1,0
JUND,SH3BGRL,0
MYBL2,LSM10,0
EZH2,ID2,0
EZH2,THYN1,0
RFX5,CMC1,0
REST,LSM10,0
SRF,PIAS3,0
FOXA1,UTRN,0
SMARCA4,FOSB,0
ELF1,PTTG1,0
ATF3,UMPS,0
RUVBL1,EXOSC8,0
MYC,HAUS1,0
MAFF,PON2,0
MCRS1,SLC25A20,0
MAFF,BBS9,0
JUN,F10,0
RUVBL1,WDR5,0
EPAS1,RAB28,0
NR3C1,MPHOSPH9,0
MCRS1,MTF2,0
SMARCA4,CKAP2,0
ATF3,SLC7A6,0
ATF3,FUBP1,0
SMARCA4,UBLCP1,0
ATF3,ELP2,0
CEBPZ,SDAD1,0
JUN,PDGFRA,0
EZH2,PITX1,0
IRF3,FGB,0
HNF4A,U2AF1,0
CEBPZ,PPAT,0
JUN,POU5F1,0
FOXA1,GPN3,0
ARID2,BUB1,0
ATF3,METTL21A,0
EZH2,PCID2,0
MCRS1,IL32,0
ARID2,TCERG1,0
MAFF,UNC93A,0
EZH2,IGF2BP3,0
MAZ,LEFTY1,0
RFX5,LEFTY1,0
EZH2,TDP2,0
JUN,SH3BGRL,0
MAFF,HP,0
MCRS1,AEBP2,0
ARID2,SOX4,0
EPAS1,PDCD4,0
MYC,SLC35D2,0
HDAC2,GNPNAT1,0
ATF3,THRB,0
NR3C1,FHL2,0
IRF3,MAZ,0
ATF3,ZFHX3,0
REST,HDAC2,0
HNF4A,FOSL1,0
MAFF,TMEM216,0
MCRS1,EIF2B3,0
ARID2,FMO5,0
BRCA1,GLMN,0
SRF,SLC2A1,0
ARID2,MAZ,0
TEAD4,PPP2R1B,0
CREB1,TDGF1,0
NR3C1,ANP32E,0
ATF3,SERTAD3,0
CEBPZ,SKA3,0
SMARCA4,DNAH14,0
IRF3,PAPOLA,0
FOXA2,DPF2,0
MAZ,HGD,0
RFX5,SCPEP1,0
HNF4A,ELOVL6,0
MAZ,RAD51C,0
MYC,PDGFA,0
ATF3,DBF4,0
BRCA1,HNF1B,0
SRF,STEAP1,0
SRF,RFC2,0
FOXA2,METTL18,0
CREB1,CAPN2,0
ATF3,RREB1,0
ARID2,MYOF,0
NR3C1,RECQL,0
MCRS1,PPP1R16A,0
RUVBL1,VPS33A,0
CEBPD,IRF3,0
CEBPZ,HDGF,0
NR2F2,JAG1,0
SRF,PRIM1,0
EZH2,ASRGL1,0
JUN,TBX3,0
CREB1,TNNI3,0
NR3C1,PLTP,0
SMARCA4,SSB,0
RFX5,HOOK2,0
MCRS1,MPC1,0
REST,TPD52L1,0
SMARCA4,SAE1,0
RUVBL1,OIP5,0
NR3C1,PPA2,0
NR3C1,NUP107,0
MYBL2,UBE2E3,0
SRF,SLC25A17,0
MYC,ESPL1,0
HDAC2,ZNF91,0
IRF3,FMO5,0
SMARCA4,TAF1B,0
JUN,TTLL4,0
TEAD4,RFX6,0
MYC,TM4SF4,0
MCRS1,SCAPER,0
EPAS1,MED20,0
CEBPD,RAD51C,0
JUN,GMPR2,0
ARID2,USP44,0
IRF3,ADNP,0
CEBPZ,SERPIND1,0
ATF3,PIAS3,0
ELF1,SMLR1,0
RUVBL1,PBX1,0
BRCA1,FGA,0
MAZ,HPX,0
NR3C1,C3,0
ARID2,ELOF1,0
CEBPZ,BLM,0
IRF3,MRPS9,0
RUVBL1,C19ORF48,0
HDAC2,SLC7A7,0
ELF1,CKAP2,0
MAFF,IFRD2,0
EZH2,SERPINF1,0
NR3C1,SNRPD1,0
MCRS1,RFC4,0
MAZ,ELAVL2,0
BRCA1,HNRNPH2,0
ARID2,JAG1,0
EZH2,TKT,0
NR3C1,KLF3,0
BRCA1,TTI2,0
HNF4A,FAM118B,0
SMARCC1,DKC1,0
FOSL2,HINFP,0
TEAD4,TMEM69,0
ATF3,CIDEB,0
EPAS1,SORBS2,0
SMARCA4,SRSF6,0
NR3C1,PHKA2,0
REST,SRSF10,0
MCRS1,TBX3,0
FOXA1,SCAPER,0
SMARCA4,POLD2,0
SRF,DPH5,0
MYBL2,ZFP62,0
ARID2,GMPS,0
SMARCA4,ZWINT,0
RUVBL1,METTL8,0
RFX5,ANPEP,0
MYC,TPGS2,0
SRF,PPP1R21,0
NR3C1,ARL2,0
EZH2,FLRT3,0
ARID2,GXYLT2,0
NR3C1,FOSB,0
FOSL2,REST,0
NR2F2,MAP1B,0
HDAC2,RFC2,0
SMARCC1,CXCR4,0
RUVBL1,SMARCE1,0
SMARCC1,ELAVL2,0
MAFF,EEF1E1,0
REST,TMEM37,0
MYBL2,DPYSL2,0
NR3C1,TAF11,0
EPAS1,POLR1E,0
SMARCA4,RAD51AP1,0
TEAD4,CCDC126,0
SRF,AEBP2,0
RFX5,GALE,0
EZH2,PPAT,0
IRF3,PSMB10,0
EZH2,MED4,0
BRCA1,STMN1,0
TEAD4,PLAA,0
JUN,SEPT10,0
EZH2,HDHD3,0
JUN,ILF3,0
HNF4A,GPATCH4,0
RFX5,YBX1,0
EZH2,TMEM120A,0
TEAD4,HSPA14,0
MCRS1,ZNF567,0
RUVBL1,USP39,0
ARID2,KIFAP3,0
MYC,TAF6,0
RFX5,DPYSL2,0
NR3C1,CEBPZ,0
NR2F2,PFN2,0
ELF1,ALB,0
BRCA1,SH3BGRL,0
RUVBL1,ZGRF1,0
JUND,TM4SF4,0
MYBL2,HK1,0
TEAD4,ZNF160,0
ATF3,IDI1,0
EZH2,ZFHX3,0
ARID2,SSB,0
ARID2,BBS9,0
CEBPZ,TMEM69,0
EPAS1,ZDHHC4,0
NR3C1,CYP3A5,0
EPAS1,DNPEP,0
MYC,HIST1H1E,0
TEAD4,DDAH1,0
MYC,ACTC1,0
BRCA1,HMGA2,0
TEAD4,HIST1H1B,0
NR3C1,NPPB,0
RUVBL1,AURKA,0
HDAC2,ZNF260,0
MCRS1,TFPI,0
TEAD4,CHCHD6,0
HNF4A,SPTLC3,0
MYBL2,FBXO22,0
MAZ,COMMD3,0
CEBPZ,GSTA1,0
MYBL2,YAF2,0
EZH2,ERAL1,0
EZH2,SRSF2,0
SRF,DPF2,0
EZH2,WDYHV1,0
EPAS1,GALM,0
EZH2,USP11,0
HDAC2,ZNF143,0
SRF,KLF5,0
REST,SLC10A1,0
NR2F2,HSPA14,0
CEBPZ,MRPS11,0
MCRS1,OGFOD1,0
ATF3,RNASEH2A,0
SRF,DPCD,0
NR3C1,ATIC,0
IRF3,NTHL1,0
SMARCA4,TKT,0
FOXA2,C9ORF78,0
EZH2,GTF2I,0
SRF,RAD51C,0
FOXA1,TEAD2,0
HNF4A,PRIM2,0
FOSL2,HDHD3,0
EZH2,HAUS2,0
HNF4A,HK1,0
NR2F2,DOT1L,0
HNF4A,MMS22L,0
FOSL2,KNG1,0
MAFF,SRSF6,0
HDAC2,PHKA2,0
MYBL2,SCPEP1,0
MCRS1,TUBB6,0
RUVBL1,HNRNPAB,0
NR3C1,RAD54B,0
CEBPZ,NUPR1,0
CEBPD,FOXM1,0
CEBPD,UBE2C,0
CEBPZ,TBPL1,0
EPAS1,NONO,0
TEAD4,ZDHHC13,0
MAZ,ZNF567,0
SMARCA4,ZWILCH,0
RFX5,NFIB,0
ATF3,MTFP1,0
JUN,SNRPB,0
MCRS1,PROSER1,0
IRF3,GPC3,0
MCRS1,LTA4H,0
EZH2,HELLS,0
IRF3,C3,0
CEBPZ,APEX1,0
BRCA1,HNRNPR,0
RUVBL1,CCDC66,0
TEAD4,MAFF,0
IRF3,ATG5,0
EPAS1,MELK,0
RFX5,AXL,0
BRCA1,ABCA5,0
MAZ,HDAC2,0
JUND,CKAP2,0
CEBPZ,MRPL1,0
IRF3,INMT,0
HNF4A,PPP1R16A,0
ATF3,HIST1H1B,0
MCRS1,MECR,0
JUN,REST,0
HDAC2,WDR5,0
TEAD4,KEAP1,0
CEBPD,EXOSC8,0
FOXA2,GMEB1,0
EPAS1,TEX10,0
FOXA1,SMARCE1,0
SRF,ECT2,0
HDAC2,EPSTI1,0
MYBL2,MAPK1,0
MAFF,WRB,0
NR2F2,ESPL1,0
RUVBL1,TKT,0
NR2F2,DEPDC7,0
ARID2,PLRG1,0
MAFF,GNRH2,0
ARID2,RPUSD4,0
CEBPD,LEFTY1,0
JUN,OIP5,0
CEBPZ,MLF1,0
SMARCA4,USP3,0
ARID2,CENPN,0
REST,HCFC1,0
SMARCC1,RAB34,0
SRF,AMZ2,0
JUN,SEC11C,0
HNF4A,THYN1,0
MAFF,ZNF160,0
RUVBL1,MYBL2,0
ARID2,ORC6,0
CEBPZ,ZNF287,0
ARID2,LIAS,0
MYC,LHX1,0
ATF3,SLC25A17,0
NR3C1,SPAG9,0
FOXA2,CUL2,0
HNF4A,ANAPC4,0
REST,NEIL2,0
RUVBL1,HDGF,0
RFX5,TAF6,0
TEAD4,BST2,0
NR3C1,MTIF2,0
EZH2,HSPA14,0
ATF3,JAZF1,0
RUVBL1,RBBP4,0
MCRS1,NDC80,0
IRF3,SLC29A1,0
RUVBL1,NDUFAF5,0
ARID2,BRIP1,0
TEAD4,PMS1,0
BRCA1,SIRT1,0
CEBPZ,GALK1,0
RUVBL1,WDR3,0
CEBPZ,POLR2L,0
SMARCA4,FAM118B,0
CEBPZ,RBP4,0
BRCA1,AATF,0
RUVBL1,ARID2,0
ARID2,E2F5,0
JUN,ANAPC4,0
EZH2,TGIF2,0
ATF3,SLC35D2,0
EPAS1,UQCC1,0
HNF4A,DDAH1,0
ATF3,ING3,0
IRF3,CMSS1,0
NR2F2,TPGS2,0
HNF4A,IPO5,0
REST,RBP2,0
NR2F2,ITIH4,0
HDAC2,CRYZL1,0
MAFF,ASCC3,0
IRF3,EIF2B3,0
JUND,LGALS1,0
JUN,EHMT1,0
RFX5,CA2,0
FOSL2,ZSWIM8,0
MAZ,TEAD2,0
EZH2,GTF2H2,0
IRF3,ANAPC7,0
BRCA1,MTTP,0
IRF3,MAF,0
CEBPD,BLM,0
JUN,FANCI,0
CEBPD,FHL2,0
SMARCA4,BRMS1,0
NR2F2,PDGFA,0
FOXA1,LSM10,0
NR2F2,RAI14,0
RUVBL1,C3,0
MYC,B3GNT7,0
HNF4A,NUP85,0
MAFF,MYO10,0
MYBL2,HIPK2,0
SRF,GGCT,0
CREB1,PDPN,0
MCRS1,METTL21A,0
IRF3,CKAP2,0
HDAC2,ACAA1,0
JUN,C12ORF10,0
JUN,PLAA,0
MAFF,EXOC5,0
HNF4A,BRIX1,0
RUVBL1,USP45,0
CREB1,SEC14L2,0
CEBPZ,PTPN12,0
CEBPD,CDX2,0
CEBPZ,HP,0
NR2F2,ALPL,0
TEAD4,ZFAND2A,0
FOSL2,HIPK2,0
ATF3,ANAPC4,0
CEBPD,PLA2G12B,0
ATF3,CEBPD,0
EZH2,TERF1,0
NR2F2,STAT2,0
FOXA2,NTMT1,0
MCRS1,TMEM147,0
NR3C1,XRCC6,0
IRF3,NUDT15,0
MAFF,ITGB3BP,0
MAFF,METAP1,0
RUVBL1,FGB,0
SMARCA4,VPS33A,0
EPAS1,HNRNPD,0
MYBL2,ZFAND2A,0
FOXA1,GSTA2,0
RFX5,CXCR4,0
EPAS1,MUSTN1,0
NR3C1,WDR3,0
ELF1,CIDEB,0
SRF,TBX3,0
HNF4A,PDGFA,0
SRF,ACTC1,0
MCRS1,HERPUD1,0
HDAC2,HPRT1,0
RFX5,PHKA2,0
RUVBL1,E2F3,0
HDAC2,CYFIP2,0
HNF4A,MDK,0
SMARCA4,ZMYM1,0
SMARCA4,OGFOD1,0
CEBPZ,XRCC6,0
HDAC2,MYOF,0
RUVBL1,KEAP1,0
NR3C1,BDP1,0
FOSL2,MRPS12,0
REST,DDX39A,0
SRF,ZSCAN21,0
HNF4A,STAT2,0
FOXA2,HDAC2,0
NR3C1,HOOK2,0
RFX5,PSMB10,0
SMARCA4,HNRNPD,0
MAFF,RAB25,0
MAZ,ARG2,0
HNF4A,PEG3,0
CEBPZ,GMPR2,0
RFX5,YAF2,0
NR3C1,TCF19,0
HDAC2,ISG15,0
CEBPZ,ANKRD1,0
SMARCA4,MYBL2,0
JUN,MTX2,0
ARID2,BMPR1A,0
RFX5,TBC1D31,0
SRF,ARID2,0
EPAS1,SLC25A37,0
TEAD4,TMEM14A,0
TEAD4,DNAJC2,0
CREB1,SLC10A1,0
HNF4A,ARG2,0
MYC,PRKCI,0
NR3C1,MEP1A,0
RUVBL1,PYCR1,0
ATF3,GSTA2,0
HDAC2,RIN2,0
ATF3,HMGXB4,0
ELF1,RNASE4,0
MYC,NUPR1,0
CEBPZ,NEK2,0
SRF,RIN2,0
TEAD4,GATA4,0
REST,NARS2,0
EZH2,HIST1H2BC,0
CEBPZ,GALE,0
ATF3,RFC2,0
MCRS1,PMAIP1,0
FOXA1,NPPB,0
RFX5,KATNA1,0
NR3C1,ACOT7,0
MYBL2,EGR1,0
RUVBL1,ATIC,0
SMARCA4,CREB3L3,0
NR3C1,IFRD2,0
IRF3,ARHGAP26,0
BRCA1,MLXIPL,0
IRF3,ZNF260,0
ARID2,ATL2,0
CEBPD,TTF2,0
HNF4A,FTSJ1,0
RFX5,AGT,0
HNF4A,NNT,0
TEAD4,PFKM,0
EZH2,FBL,0
EZH2,TGIF1,0
RUVBL1,SNAPC1,0
HNF4A,MTMR2,0
BRCA1,ANG,0
EPAS1,NUDT15,0
RUVBL1,TDP2,0
CEBPZ,ARL14EP,0
IRF3,POLR2I,0
BRCA1,AHSG,0
REST,GATA6,0
TEAD4,GTF3C2,0
IRF3,CFAP20,0
EZH2,PHF5A,0
BRCA1,SUB1,0
BRCA1,GSTA1,0
HNF4A,CTBP1,0
SMARCA4,WDYHV1,0
REST,ISG15,0
EPAS1,PAX6,0
MCRS1,EXOSC9,0
NR2F2,HDAC6,0
MYC,CHEK1,0
RUVBL1,DRAP1,0
EPAS1,CXXC1,0
FOSL2,SHKBP1,0
BRCA1,RBBP7,0
CEBPD,FOSL1,0
NR3C1,PMAIP1,0
HNF4A,P4HA2,0
NR3C1,POLR2B,0
ARID2,RAB25,0
JUN,EXOSC2,0
HDAC2,CEBPD,0
HDAC2,LHX1,0
IRF3,HDAC1,0
MAFF,POLR2D,0
MAFF,VCAN,0
SMARCA4,GATA6,0
FOXA2,AGO2,0
HNF4A,LTA4H,0
ATF3,SMAD2,0
EPAS1,GRPR,0
ARID2,HIST1H1E,0
CEBPD,CYFIP2,0
MAFF,TSFM,0
MYBL2,LIN28A,0
SMARCA4,LIN28A,0
BRCA1,GXYLT2,0
NR2F2,ETS1,0
MYBL2,ZFHX3,0
TEAD4,ZNF74,0
MYC,CALML4,0
NR3C1,MCM3,0
NR3C1,MCRS1,0
EZH2,DOT1L,0
RFX5,BCL11B,0
ATF3,USP45,0
TEAD4,PLAC8,0
JUN,NPRL2,0
CEBPD,GPN3,0
TEAD4,NUSAP1,0
RUVBL1,NUP54,0
CEBPZ,AFF4,0
NR3C1,ITGB3BP,0
MAFF,SAT1,0
EZH2,MDK,0
SMARCA4,AGO2,0
HNF4A,SMAD5,0
CEBPZ,TIMM21,0
EZH2,DROSHA,0
RUVBL1,PTGR1,0
SMARCA4,ETV1,0
MYC,ZWINT,0
CEBPZ,XRCC5,0
CEBPD,CNN2,0
SMARCA4,PISD,0
RUVBL1,TPX2,0
MAZ,PAX6,0
TEAD4,MDK,0
CEBPZ,SF3B3,0
MAFF,PPP1R16A,0
FOSL2,ALG6,0
ARID2,FANCD2,0
EZH2,CREB1,0
IRF3,TGIF1,0
ARID2,CDKN3,0
NR3C1,ANKRD1,0
TEAD4,BLVRA,0
ATF3,TTC4,0
TEAD4,TOP2A,0
FOXA2,CEBPD,0
MYBL2,ACTN1,0
MAFF,GTF2I,0
EPAS1,ASRGL1,0
EZH2,ZHX1,0
CEBPD,ZFAND2A,0
MAFF,CCNB2,0
NR2F2,ZNF160,0
TEAD4,SLC25A11,0
SMARCA4,GGH,0
EZH2,RNF26,0
EPAS1,HK1,0
RUVBL1,HINFP,0
MCRS1,ZWINT,0
EPAS1,GSTA2,0
EZH2,HSDL2,0
ATF3,POLR2I,0
MYC,TTC39C,0
FOXA1,EIF3J,0
MYC,BIN1,0
ELF1,NAA16,0
JUN,PPP1R21,0
IRF3,E2F5,0
CEBPD,NME2,0
MAZ,DNASE1,0
MAFF,ACOT7,0
EPAS1,AARS,0
RUVBL1,SULT1A2,0
FOXA1,WDYHV1,0
JUN,AKR1C3,0
ARID2,BRCA1,0
TEAD4,SCAPER,0
SRF,ITLN2,0
SRF,E2F5,0
RUVBL1,CTSC,0
MYC,MTFP1,0
MCRS1,BBS9,0
TEAD4,FGG,0
CEBPZ,CCNB1,0
ARID2,MRPL15,0
HDAC2,CKAP2,0
MAFF,DGAT1,0
EZH2,NAA15,0
RFX5,SNAPC1,0
MCRS1,HMGB3,0
NR3C1,MTMR2,0
MAFF,DCLRE1C,0
REST,PYCR1,0
EZH2,PEX19,0
MCRS1,STARD3NL,0
EPAS1,SMLR1,0
MAZ,DPH6,0
ATF3,POU5F1,0
SMARCA4,WBP11,0
FOSL2,SLC25A4,0
IRF3,APEH,0
RFX5,ACOT7,0
IRF3,CXXC1,0
NR3C1,ARL14EP,0
BRCA1,POLR2L,0
SMARCA4,ZNF91,0
MCRS1,CDKN1A,0
SMARCA4,ZNF146,0
MCRS1,AFP,0
HDAC2,ZNF300,0
RFX5,PIAS3,0
BRCA1,PHKA2,0
MYBL2,HTATSF1,0
SRF,JUND,0
CEBPZ,CCND1,0
IRF3,TMEM177,0
SMARCA4,MRPS11,0
FOXA1,CBX3,0
MCRS1,CENPU,0
ARID2,PLG,0
HNF4A,PRKCI,0
RUVBL1,POLR2D,0
SRF,PPFIBP2,0
IRF3,OPA1,0
RUVBL1,CHCHD6,0
BRCA1,HIST1H1B,0
TEAD4,EBNA1BP2,0
CEBPZ,CSRP2,0
ATF3,TMEM37,0
FOSL2,TCF19,0
NR3C1,VTN,0
CEBPD,CKS1B,0
FOSL2,IPO5,0
ATF3,UCP2,0
RUVBL1,CRBN,0
BRCA1,PPP1R21,0
ARID2,GOT1,0
IRF3,GEMIN8,0
JUN,NIP7,0
RUVBL1,RFC4,0
MYBL2,MYO9A,0
CEBPD,B3GNT7,0
BRCA1,MYL6B,0
HDAC2,LSM10,0
ARID2,CAT,0
CEBPZ,FARSA,0
RFX5,PREB,0
CEBPZ,SPDL1,0
BRCA1,TUBB6,0
BRCA1,LTA4H,0
IRF3,ASRGL1,0
RUVBL1,NBAS,0
CEBPZ,TCF7L1,0
ARID2,SMAD3,0
MYBL2,CLDN4,0
CEBPZ,MAD2L1,0
RFX5,TP53,0
MAFF,YWHAH,0
SMARCA4,RGN,0
CEBPZ,E2F4,0
EZH2,CENPN,0
BRCA1,XPO6,0
EZH2,TAF5,0
RUVBL1,ACSL5,0
MYC,CREB1,0
ELF1,SPINK1,0
SMARCA4,UGP2,0
RUVBL1,HPR,0
SRF,COPS5,0
CREB1,RGN,0
SMARCA4,CEBPZ,0
BRCA1,KIFAP3,0
SMARCA4,GPN1,0
HNF4A,HIST1H1E,0
NR3C1,CPSF3,0
RFX5,ACSL5,0
IRF3,IGF1R,0
CREB1,MYCBP,0
BRCA1,YAF2,0
BRCA1,PIK3R4,0
EZH2,ZNF253,0
CEBPD,FEN1,0
RUVBL1,ZFP36,0
BRCA1,SIRT2,0
FOSL2,PLIN2,0
RUVBL1,DR1,0
EZH2,AURKA,0
ARID2,NME2,0
ARID2,CHCHD6,0
RUVBL1,ELOF1,0
BRCA1,MMS19,0
RUVBL1,LRRC40,0
ARID2,SLC38A2,0
EZH2,VRK1,0
ARID2,FANCB,0
IRF3,ATL2,0
RUVBL1,DEPDC7,0
FOSL2,PAWR,0
NR2F2,ETV1,0
IRF3,USP10,0
HNF4A,MRPL10,0
FOSL2,MTHFD1,0
ATF3,NFATC2,0
HNF4A,CDK4,0
MAZ,LGALS3,0
RFX5,EXOC5,0
TEAD4,CTSE,0
MAFF,PHGDH,0
MYBL2,CALML4,0
MYBL2,PDCD4,0
RUVBL1,CLDN4,0
NR2F2,C9ORF78,0
MAFF,MCM3,0
JUN,HNRNPAB,0
RFX5,BSCL2,0
IRF3,ZSWIM7,0
NR3C1,KIF20A,0
MCRS1,EWSR1,0
ARID2,MIS18A,0
SMARCA4,NUDCD1,0
MAFF,ZHX1,0
REST,SLC25A11,0
RFX5,ASXL1,0
FOSL2,MAPK1,0
MYBL2,MYOF,0
HDAC2,MED21,0
SMARCA4,ZCCHC7,0
FOXA1,NAA15,0
MCRS1,FOXA1,0
TEAD4,SP100,0
MCRS1,SH3BGRL,0
RFX5,APEH,0
EPAS1,RGN,0
RFX5,RIOK3,0
HNF4A,AHR,0
RFX5,PPP1R16A,0
CEBPZ,GTF2H3,0
HNF4A,MXD1,0
CEBPZ,CBR1,0
RFX5,ICE2,0
FOXA2,PTTG1,0
NR3C1,SQLE,0
ARID2,ZNF217,0
MYBL2,EIF3J,0
BRCA1,NUP35,0
IRF3,SS18,0
ELF1,SFRP1,0
RUVBL1,TRIM59,0
MAZ,KIFAP3,0
EPAS1,NUSAP1,0
TEAD4,CUL2,0
EPAS1,ZNF675,0
MYBL2,MAEA,0
CEBPZ,TTC4,0
JUND,TCF4,0
MAZ,EOMES,0
MYC,CDK5RAP2,0
TEAD4,BUB1,0
CEBPZ,ZNF397,0
CEBPD,TUBB6,0
ELF1,FOSB,0
RUVBL1,THRAP3,0
HNF4A,APEX1,0
RUVBL1,CENPN,0
SRF,CIDEB,0
EZH2,SH3BGRL,0
JUN,ORC4,0
MAZ,KLF6,0
ATF3,SP4,0
IRF3,ETV4,0
ATF3,LMO7,0
SRF,LRRC1,0
ARID2,MTMR2,0
RUVBL1,VTN,0
RUVBL1,SMARCD2,0
ATF3,ZNHIT3,0
CEBPZ,MORN2,0
MAFF,SS18,0
SMARCC1,SPINK1,0
IRF3,KDM4C,0
FOSL2,C12ORF45,0
ELF1,LMO7,0
HDAC2,IFITM2,0
ARID2,CTDSPL,0
CEBPZ,PLRG1,0
FOXA1,GMPS,0
NR3C1,RAD51,0
ELF1,CNN2,0
HNF4A,TM7SF3,0
EZH2,C1ORF109,0
MAFF,JAZF1,0
CEBPD,ZFHX3,0
NR2F2,SRSF10,0
SMARCA4,ERAL1,0
REST,ZNF670,0
JUN,MST1,0
EPAS1,DEDD,0
MYBL2,POLD2,0
JUN,KLHL7,0
ARID2,TRNT1,0
RUVBL1,DTYMK,0
EPAS1,NHEJ1,0
CEBPD,PIGH,0
JUN,GTF2H3,0
EZH2,ZFP42,0
ARID2,KLF6,0
RUVBL1,SKA3,0
ARID2,HNRNPUL1,0
CEBPZ,SMAD3,0
RUVBL1,PDGFRA,0
JUN,ELP2,0
MAZ,HIF3A,0
ELF1,EHMT2,0
ARID2,CTSC,0
RUVBL1,NR3C1,0
NR3C1,UCHL1,0
FOXA2,GPC3,0
CEBPD,RNF138,0
CEBPZ,IL6ST,0
HNF4A,THAP1,0
RFX5,PDPN,0
MCRS1,EPAS1,0
CEBPZ,DHCR7,0
MAZ,CTSC,0
SRF,PLAGL2,0
MAFF,NCK1,0
CEBPD,ITIH4,0
HDAC2,NUPR1,0
ARID2,ETV5,0
SRF,STAT2,0
BRCA1,TF,0
RUVBL1,PCIF1,0
FOSL2,SIAE,0
RFX5,TAF1A,0
EZH2,GALK1,0
JUN,NODAL,0
MAZ,APOA4,0
SRF,TMEM14A,0
NR2F2,SMAD3,0
HNF4A,MAEA,0
CEBPZ,KNSTRN,0
NR3C1,TUBA1B,0
ARID2,IQGAP2,0
JUN,DOT1L,0
BRCA1,ANLN,0
EPAS1,EBNA1BP2,0
ELF1,CAT,0
RUVBL1,SLC35D2,0
EPAS1,ZFP42,0
EPAS1,TMEM216,0
SRF,NUP93,0
ATF3,ATP1B1,0
BRCA1,LGALS3,0
SMARCA4,SF3A3,0
FOSL2,KLF3,0
ARID2,EXTL2,0
IRF3,PMAIP1,0
CEBPD,MYOF,0
RUVBL1,GTF3C4,0
EZH2,LGALS1,0
RUVBL1,PLAC8,0
MCRS1,TYMS,0
MCRS1,SMLR1,0
FOXA1,ADSL,0
REST,ACTC1,0
ATF3,TPM2,0
EZH2,UBE2T,0
RFX5,GLI1,0
ATF3,ARHGAP26,0
RUVBL1,RARRES2,0
SMARCA4,PIAS2,0
RFX5,MYC,0
HDAC2,CENPW,0
EZH2,ORC2,0
MCRS1,NNT,0
EPAS1,CHD8,0
IRF3,RNASEH2B,0
MYC,LDB2,0
CEBPZ,NRIP1,0
TEAD4,AFF4,0
HNF4A,HMGN5,0
JUN,NDUFAF5,0
JUN,SKA3,0
SRF,MCM5,0
CEBPZ,ECI2,0
ATF3,MLH1,0
NR3C1,TGIF1,0
CEBPD,PAX6,0
FOXA1,PTPRZ1,0
RFX5,BCS1L,0
BRCA1,NFIB,0
SMARCA4,NUPR1,0
NR3C1,GYG1,0
MAFF,KNTC1,0
NR2F2,MPC1,0
ELF1,TAF9B,0
NR3C1,PAK1IP1,0
MAFF,BLM,0
EZH2,ECHDC2,0
ATF3,RIN2,0
ATF3,C1GALT1,0
ELF1,FAM114A1,0
CEBPZ,GNPNAT1,0
NR3C1,SUPT16H,0
RUVBL1,S100PBP,0
NR3C1,BLMH,0
MCRS1,ALG6,0
MAFF,DTYMK,0
FOXA1,B3GNT7,0
IRF3,KNG1,0
MCRS1,TIPARP,0
TEAD4,ZNF644,0
FOXA1,AHR,0
NR3C1,FLAD1,0
RUVBL1,USP7,0
EZH2,TIMM21,0
MYBL2,AGO2,0
JUND,KLF6,0
EPAS1,HMGXB4,0
MAFF,MED21,0
MAFF,DAXX,0
MYC,ACAA1,0
CEBPD,TRIM59,0
EPAS1,NUP93,0
JUN,ABCA5,0
EPAS1,AHSG,0
HDAC2,RFC4,0
HDAC2,TCF7L1,0
ELF1,RABGGTB,0
SMARCA4,HMGN3,0
IRF3,DDC,0
BRCA1,ANXA3,0
SRF,ZNF74,0
FOXA1,RRM2,0
HNF4A,TOPORS,0
SMARCA4,POLR2F,0
RUVBL1,CHEK2,0
ATF3,HSD17B7,0
EPAS1,MCM7,0
JUN,CPSF6,0
HNF4A,RAB28,0
CEBPZ,NUDT15,0
EZH2,EEF1A1,0
MAFF,NUP37,0
EPAS1,CAAP1,0
NR3C1,CPSF6,0
ATF3,NOSIP,0
FOXA2,TAF1A,0
SMARCA4,S100A6,0
HDAC2,GNRH2,0
SMARCC1,GXYLT2,0
ARID2,NR3C1,0
CEBPD,CRYZL1,0
MCRS1,MRPL15,0
BRCA1,MXD1,0
SMARCA4,ACOT7,0
NR2F2,XBP1,0
FOXA2,SLC39A5,0
TEAD4,CRABP2,0
EZH2,SIRT1,0
SMARCA4,HAUS2,0
RFX5,PHC1,0
CEBPZ,CCDC66,0
HNF4A,MRPS9,0
JUN,TBCB,0
BRCA1,AASS,0
ATF3,PLA2G12B,0
ARID2,BST2,0
CEBPZ,LGALS3,0
NR2F2,AFP,0
SMARCA4,MRPS35,0
RUVBL1,B4GALT3,0
HNF4A,PLRG1,0
EZH2,EOMES,0
REST,LEFTY1,0
SRF,BST2,0
EZH2,RAD54B,0
FOXA1,CENPH,0
RFX5,KEAP1,0
MCRS1,DNMT3B,0
EZH2,CBR1,0
MYC,CENPH,0
RUVBL1,ZNF74,0
ARID2,PAWR,0
TEAD4,ATL2,0
EPAS1,GPATCH4,0
RUVBL1,SRRM1,0
CEBPD,IMMP1L,0
RFX5,PFKM,0
FOSL2,GCHFR,0
BRCA1,SLC25A17,0
EZH2,GPATCH4,0
NR3C1,SCD5,0
NR3C1,POLR1C,0
TEAD4,EOMES,0
IRF3,HMGN2,0
NR3C1,HAUS1,0
MYC,DDIT3,0
IRF3,MLXIPL,0
CEBPZ,ARSE,0
SRF,ATP11C,0
FOSL2,GTF2I,0
FOXA2,ALPL,0
TEAD4,ANXA4,0
CEBPZ,PDGFRA,0
NR3C1,ANG,0
CEBPZ,S100PBP,0
EPAS1,ZNF217,0
RUVBL1,ARG2,0
RUVBL1,DPAGT1,0
SMARCA4,LTV1,0
SRF,UTRN,0
MCRS1,RNF138,0
NR3C1,CHCHD6,0
FOSL2,GRHL1,0
SMARCC1,TBC1D1,0
SMARCA4,C3ORF14,0
JUN,MATR3,0
IRF3,ISG15,0
CEBPD,IL32,0
SMARCA4,CENPN,0
SMARCA4,RPUSD4,0
ATF3,DDIT3,0
MAFF,KLC4,0
HNF4A,ZFP62,0
MCRS1,ANPEP,0
EZH2,NUP54,0
JUN,GXYLT2,0
IRF3,LRRC1,0
ARID2,ALDH9A1,0
MAFF,EXTL2,0
ARID2,KLHL7,0
ARID2,SS18,0
ARID2,SERPINF1,0
MCRS1,FOSL2,0
CEBPZ,NARS2,0
TEAD4,MTX2,0
EPAS1,NEDD1,0
SRF,ALDH9A1,0
ELF1,ICA1,0
MYBL2,MT1G,0
HDAC2,ZHX1,0
MAZ,HAVCR1,0
CEBPD,GATA6,0
BRCA1,ZNF670,0
REST,LGALS3,0
SMARCA4,POLD3,0
IRF3,SRM,0
MCRS1,TPGS2,0
CEBPZ,CDC20,0
EZH2,RAD51C,0
ARID2,HNRNPR,0
BRCA1,DDX54,0
REST,MTFP1,0
SRF,PDPN,0
SMARCC1,KLF6,0
CEBPZ,RECQL,0
RUVBL1,SRSF10,0
HNF4A,PLG,0
EZH2,METAP1,0
IRF3,GEMIN7,0
SRF,EED,0
BRCA1,GSTA2,0
ELF1,UMPS,0
JUN,PSAT1,0
SMARCA4,NBAS,0
EZH2,PMM1,0
JUND,CDK2AP1,0
JUN,GTF2F2,0
CEBPZ,EMG1,0
EZH2,METTL21A,0
FOXA1,PDLIM7,0
MYC,NONO,0
IRF3,PSIP1,0
SRF,CCNB2,0
BRCA1,TDGF1,0
JUN,CCDC82,0
EPAS1,NR2F2,0
CEBPZ,SSBP2,0
MCRS1,ACAA1,0
SMARCC1,HMGXB4,0
BRCA1,SPP1,0
EZH2,SLC25A20,0
HDAC2,RBP2,0
SRF,BCOR,0
ARID2,GTF2F2,0
NR3C1,BCL11B,0
IRF3,SLC7A7,0
MCRS1,NOL11,0
JUN,AIMP2,0
HDAC2,ATP1B3,0
BRCA1,DDIT3,0
EZH2,VPS72,0
SMARCA4,ZNF217,0
IRF3,FAM114A1,0
JUN,SLC44A2,0
TEAD4,TCF7L1,0
SRF,GPN1,0
MCRS1,BMP2,0
CEBPZ,BUB1,0
TEAD4,SUGCT,0
ARID2,NAA15,0
JUN,MTERF3,0
CREB1,BCOR,0
IRF3,ACSL5,0
CEBPD,DLGAP5,0
MAZ,SMARCA5,0
BRCA1,APOC1,0
EPAS1,EOMES,0
RUVBL1,HELLS,0
FOXA2,APOC2,0
CEBPZ,PFKM,0
EZH2,PIH1D1,0
ELF1,THRB,0
BRCA1,TNFAIP3,0
RUVBL1,NFYB,0
TEAD4,FHL2,0
SMARCA4,STAT2,0
EZH2,ECI2,0
SMARCC1,GLIS3,0
SRF,SLC25A4,0
CEBPZ,TMEM147,0
CEBPZ,MGST2,0
ARID2,CUTC,0
NR3C1,MRPL16,0
IRF3,TWISTNB,0
TEAD4,CLDN4,0
MCRS1,ATP2C1,0
FOSL2,CDK1,0
MYC,BBS7,0
CEBPZ,MDK,0
ARID2,DTYMK,0
SMARCA4,METTL5,0
EZH2,ARL2,0
EZH2,ZNF675,0
MCRS1,HP,0
FOSL2,TCOF1,0
SMARCA4,LGALS2,0
RFX5,ARSE,0
FOXA1,TIMM21,0
HNF4A,C12ORF45,0
IRF3,BDP1,0
MAFF,ZFP42,0
MAZ,DDAH1,0
RFX5,IPO5,0
MAZ,HSD17B10,0
JUN,HNRNPD,0
MCRS1,EPHX2,0
SRF,EPAS1,0
EPAS1,ZNF227,0
MCRS1,ARSE,0
RFX5,DDX54,0
CEBPZ,RSU1,0
SMARCA4,PDCD11,0
HNF4A,NUP37,0
ARID2,HK1,0
IRF3,DOT1L,0
NR2F2,TFDP2,0
SRF,USP1,0
JUND,MEP1A,0
ATF3,TRNT1,0
ARID2,SAMHD1,0
CEBPZ,ACAT2,0
ARID2,DCAF13,0
TEAD4,CASP8AP2,0
BRCA1,GMEB1,0
CEBPZ,NAA16,0
RUVBL1,PHF5A,0
EZH2,TFF1,0
SMARCC1,ANG,0
HDAC2,TFPI,0
RUVBL1,TFF1,0
BRCA1,AURKB,0
HNF4A,EXOSC2,0
ARID2,ANXA4,0
MCRS1,NEDD4L,0
RUVBL1,SS18,0
SRF,FAM118B,0
SMARCA4,ZDHHC13,0
ARID2,PAFAH1B3,0
MAZ,TM4SF4,0
MAFF,CDCA2,0
ARID2,METTL5,0
CEBPD,HSD17B10,0
SMARCA4,TSR1,0
MAZ,FXYD5,0
JUN,TFDP1,0
CREB1,KLF6,0
ATF3,DMKN,0
BRCA1,PISD,0
SMARCA4,SEC14L2,0
MAFF,RGN,0
ARID2,ZNF589,0
FOXA1,DDIT3,0
REST,CTSC,0
ATF3,GTF3C5,0
EZH2,AFP,0
FOXA1,PMM1,0
SMARCA4,RABEPK,0
MCRS1,NCOA6,0
FOXA1,BLVRA,0
BRCA1,DDX39A,0
EZH2,HMGXB4,0
MYC,NVL,0
REST,ECHDC2,0
BRCA1,DNPEP,0
MYBL2,AFP,0
TEAD4,CREB1,0
IRF3,DNASE1,0
HDAC2,THAP11,0
NR2F2,PLIN2,0
CEBPZ,FHL2,0
ARID2,HNRNPAB,0
EPAS1,EHMT1,0
ATF3,BCS1L,0
JUN,ZNF239,0
CEBPD,AATF,0
BRCA1,TRIM28,0
CREB1,LAMB1,0
MAFF,E2F3,0
MAZ,SNRPD1,0
ELF1,NEIL2,0
ARID2,CHD8,0
MYBL2,GLIPR2,0
REST,ARID3B,0
SMARCA4,ZNF253,0
MAZ,RAMP1,0
TEAD4,TIMM50,0
NR3C1,MRPL15,0
RUVBL1,VRK1,0
BRCA1,ORC6,0
ARID2,TDGF1,0
RFX5,TCF25,0
EPAS1,RFX5,0
RFX5,FOXM1,0
MAZ,POU5F1,0
EPAS1,SRSF2,0
MAFF,ACSL5,0
HDAC2,TIMELESS,0
BRCA1,TCF7L1,0
BRCA1,CCDC82,0
IRF3,SIL1,0
MCRS1,VEZF1,0
MYBL2,GRPR,0
RUVBL1,PUS7L,0
CEBPZ,TM4SF4,0
ARID2,MAFF,0
JUN,SRSF1,0
SMARCA4,APOA4,0
MAFF,A1CF,0
CEBPZ,CHEK2,0
MCRS1,GTF2H2,0
HNF4A,ACTC1,0
ATF3,RAB28,0
CEBPZ,RAB28,0
EZH2,ZSWIM8,0
NR2F2,NAA10,0
MCRS1,SHKBP1,0
NR3C1,RAI14,0
JUN,USP7,0
RFX5,GRTP1,0
ATF3,ORC2,0
CEBPZ,NVL,0
RUVBL1,RNPS1,0
MYBL2,JUN,0
HDAC2,PITX1,0
IRF3,RCAN1,0
MCRS1,ZNF287,0
CEBPZ,PIM2,0
MYC,CDKN3,0
MCRS1,POP5,0
EZH2,MRPL16,0
HNF4A,TTF2,0
BRCA1,HMMR,0
ARID2,GPC3,0
HNF4A,RNASEH2A,0
JUN,PRAP1,0
FOXA1,E2F5,0
FOXA1,USP7,0
CEBPZ,SS18,0
SMARCA4,AXL,0
EZH2,USP45,0
EPAS1,BLVRA,0
SMARCA4,GGPS1,0
EZH2,RAB28,0
IRF3,VIL1,0
CEBPD,PDGFA,0
ATF3,HARS,0
EPAS1,ZNF287,0
EZH2,TRIM25,0
SMARCA4,ANXA3,0
HNF4A,CASP8AP2,0
NR3C1,ZCCHC7,0
EPAS1,UCK2,0
HDAC2,ARID3B,0
EPAS1,LSM10,0
MAZ,ZFHX3,0
CEBPZ,NCOA1,0
BRCA1,MED30,0
FOSL2,DPAGT1,0
BRCA1,SOX4,0
CREB1,CDCA7L,0
FOXA1,TM7SF3,0
IRF3,ASPH,0
MYBL2,MT1X,0
MCRS1,USP39,0
IRF3,CDK5RAP1,0
EPAS1,PPFIBP2,0
CEBPZ,ZNF644,0
EZH2,EPSTI1,0
MYC,FGB,0
SMARCC1,MED21,0
ATF3,WIPI1,0
JUN,NR2F2,0
BRCA1,ALB,0
JUN,PRKCI,0
JUN,SULT1A2,0
EPAS1,R3HDM1,0
MAZ,TPX2,0
MYBL2,EHMT1,0
IRF3,TTC39C,0
JUN,HMGN3,0
MCRS1,BCAS2,0
HNF4A,NPPB,0
NR3C1,KNG1,0
MAFF,NUDT1,0
CEBPD,E2F4,0
CEBPZ,NDUFAF4,0
NR2F2,FANCB,0
ATF3,CDCA2,0
CEBPD,CRABP2,0
RUVBL1,ZRANB2,0
SRF,SAAL1,0
NR2F2,DEK,0
MYC,TEAD4,0
IRF3,GMEB1,0
BRCA1,SPINK1,0
JUND,SLC10A1,0
CEBPZ,SUB1,0
MYC,DUT,0
CREB1,SLC7A7,0
BRCA1,HSDL2,0
HNF4A,ATP11C,0
FOXA1,MLF1,0
HNF4A,RAI14,0
CEBPZ,ZFHX3,0
ARID2,SCD5,0
HDAC2,CHTF18,0
ATF3,RAMP1,0
EZH2,SNRPD1,0
EZH2,MRPL10,0
FOXA1,MATR3,0
MAZ,APOC1,0
BRCA1,PFN2,0
JUN,CKAP2,0
MAFF,PHF11,0
ATF3,CNBP,0
EZH2,NHEJ1,0
JUN,KAT7,0
MYC,HEXB,0
BRCA1,HPRT1,0
ARID2,LGALS3,0
SRF,HMGN3,0
CEBPZ,TFRC,0
MYC,HOOK2,0
MYC,RFX6,0
HNF4A,NFIB,0
RFX5,AEBP2,0
IRF3,TRIM25,0
MYBL2,ELL2,0
CEBPZ,TEAD2,0
IRF3,CCDC88A,0
TEAD4,NIFK,0
ATF3,WBP11,0
EZH2,HK1,0
SRF,MTHFD1,0
MYC,LGALS1,0
TEAD4,C1ORF109,0
NR2F2,NCOA1,0
IRF3,SOX2,0
HNF4A,NBAS,0
SRF,CCDC126,0
SRF,SERPIND1,0
HNF4A,ZSCAN21,0
MAFF,ECI2,0
CREB1,TADA3,0
ELF1,SOX2,0
HDAC2,GATA6,0
ATF3,POLR3D,0
EPAS1,TMEM147,0
ARID2,HMBS,0
BRCA1,THOC1,0
NR3C1,ZFHX3,0
MCRS1,RBBP8,0
MYC,MMS22L,0
MCRS1,FHL2,0
FOSL2,GLIPR2,0
RFX5,RRM2,0
HDAC2,JAZF1,0
TEAD4,MMS19,0
EZH2,SF3B3,0
HDAC2,EPAS1,0
ATF3,RABEPK,0
NR2F2,RAD51C,0
EZH2,ATG5,0
EZH2,IVNS1ABP,0
RUVBL1,BRIX1,0
HDAC2,RAB28,0
JUND,ARL2,0
JUN,NFYB,0
TEAD4,KLC4,0
SMARCA4,SOX2,0
MYBL2,PDGFA,0
REST,NVL,0
CEBPZ,POLR2F,0
SMARCA4,ASRGL1,0
MCRS1,GATAD2B,0
CEBPZ,BMPR1A,0
ATF3,CASP8AP2,0
RUVBL1,GPN3,0
SMARCA4,CEP70,0
TEAD4,AFP,0
ARID2,UQCC1,0
JUN,NUP54,0
NR3C1,HIST1H1B,0
EPAS1,CETN3,0
ELF1,C3ORF14,0
ELF1,GXYLT2,0
IRF3,E2F8,0
MCRS1,BRCA2,0
NR3C1,AFP,0
EPAS1,IFITM2,0
TEAD4,TP53,0
ATF3,DPCD,0
JUN,SIL1,0
REST,DMKN,0
ARID2,BSCL2,0
JUN,PIAS2,0
FOXA1,RAD1,0
CREB1,EPSTI1,0
ATF3,ZNF195,0
REST,RARG,0
ELF1,HMGN2,0
IRF3,CNN2,0
FOXA1,CBR1,0
IRF3,CENPU,0
RUVBL1,LITAF,0
SMARCA4,DCAF13,0
EPAS1,LRRC1,0
IRF3,MRPL15,0
CEBPZ,HMCES,0
JUN,CEP70,0
HDAC2,FBXO22,0
FOXA1,PCGF6,0
IRF3,XRCC5,0
MYC,NRIP1,0
RUVBL1,ORC2,0
MYBL2,USP7,0
ATF3,EZH2,0
NR3C1,SP100,0
MAFF,ACOX2,0
BRCA1,HJURP,0
EZH2,INMT,0
ATF3,SGK1,0
BRCA1,CBR1,0
MCRS1,PIGH,0
ARID2,MUSTN1,0
RFX5,KNTC1,0
RUVBL1,USP44,0
MAZ,RFX5,0
FOSL2,IVNS1ABP,0
EZH2,PDGFRA,0
RFX5,QPCT,0
JUND,DNMT3B,0
MCRS1,RAB28,0
MYC,MORN2,0
SMARCA4,DEDD,0
IRF3,SMARCA4,0
ELF1,CRAT,0
CREB1,SPINK1,0
REST,MYL6B,0
JUN,PTGR1,0
HNF4A,NR5A2,0
JUN,ETV5,0
RUVBL1,MATR3,0
SRF,TFDP2,0
TEAD4,UBE2E3,0
RUVBL1,UCP2,0
EZH2,MLST8,0
MAZ,LAPTM4B,0
EPAS1,POLR3G,0
BRCA1,GEMIN2,0
EZH2,ZNF300,0
FOSL2,ORC6,0
SMARCA4,ITIH4,0
ARID2,SNRPB,0
NR3C1,TNNI3,0
JUN,FASTKD2,0
MAFF,MED14,0
BRCA1,BCS1L,0
HDAC2,CMC2,0
NR2F2,HMGA1,0
RUVBL1,ZNF638,0
CREB1,MAP1B,0
JUND,TFPI,0
ATF3,CNTRL,0
ELF1,SH3BGR,0
MYC,PITX1,0
MAFF,KLF6,0
CEBPD,SURF2,0
TEAD4,TAF7,0
NR3C1,KLF5,0
MAFF,PMAIP1,0
RFX5,ZNF202,0
TEAD4,ACTC1,0
NR3C1,KIZ,0
EPAS1,BDP1,0
RFX5,ZRANB2,0
BRCA1,TPX2,0
HDAC2,CBR1,0
SRF,DYNLT3,0
HNF4A,BCL11B,0
SRF,RNASEH2B,0
MAFF,ING5,0
RFX5,ACTC1,0
CEBPZ,SCAPER,0
FOSL2,E2F8,0
ATF3,JARID2,0
CEBPZ,NNT,0
ARID2,ECHDC2,0
SMARCA4,TIMM50,0
RUVBL1,NAA16,0
FOXA1,GLIPR2,0
RFX5,PSMD10,0
MCRS1,PRMT5,0
MAZ,PLAA,0
ARID2,ATP2C1,0
FOXA1,TUBB6,0
IRF3,MRRF,0
EPAS1,SLC38A2,0
NR2F2,PIAS3,0
MAZ,POLR2K,0
MCRS1,RCAN1,0
MCRS1,CCDC126,0
TEAD4,IGF1R,0
FOXA1,EZH2,0
ARID2,UCK2,0
MAZ,PHF11,0
CEBPZ,RAI14,0
ATF3,HMBS,0
RUVBL1,UBE2L6,0
TEAD4,SHKBP1,0
JUND,PPP1R7,0
EZH2,AMBP,0
RUVBL1,MAEA,0
MAFF,JMJD1C,0
ARID2,IFT22,0
ARID2,ZNF287,0
MAZ,ASRGL1,0
EPAS1,SIAE,0
IRF3,TUBE1,0
ELF1,ACTC1,0
CREB1,DKC1,0
NR3C1,NUP93,0
CEBPZ,RAB34,0
IRF3,PAK1IP1,0
RUVBL1,FN1,0
SRF,TUBE1,0
ATF3,MYCN,0
SMARCC1,PCGF6,0
RFX5,TTF2,0
RUVBL1,ACTL6A,0
SRF,SULT1A2,0
TEAD4,MAZ,0
ATF3,BTG2,0
ARID2,FOSL2,0
REST,RAB31,0
HNF4A,TFF1,0
MAFF,EBNA1BP2,0
RUVBL1,NEIL2,0
EPAS1,PIK3R4,0
MAFF,ORC4,0
MCRS1,PEMT,0
CEBPZ,ETV1,0
IRF3,CYP3A5,0
SRF,ZNF232,0
IRF3,BCAS2,0
IRF3,POLD3,0
FOXA1,WDR54,0
RFX5,SERPINB1,0
BRCA1,SLC2A1,0
MCRS1,NIFK,0
MAFF,ASF1A,0
RUVBL1,CMPK1,0
NR3C1,TBL1X,0
SMARCA4,USP28,0
MAFF,NTHL1,0
NR3C1,PRKCE,0
RFX5,PAPSS1,0
ELF1,SCD5,0
BRCA1,LEFTY1,0
IRF3,MLST8,0
HDAC2,ALDH1A1,0
MYBL2,IGF1R,0
SMARCA4,GLMN,0
TEAD4,VRK1,0
BRCA1,LDB2,0
NR3C1,HIF1AN,0
EPAS1,C1GALT1,0
BRCA1,NARS2,0
SMARCA4,CIDEB,0
CEBPD,ZNF195,0
SMARCA4,CYFIP2,0
BRCA1,SULF2,0
MYC,C11ORF74,0
HDAC2,RAB25,0
ARID2,SLC25A37,0
SMARCA4,MAP1B,0
SRF,DDX39A,0
RUVBL1,APEX1,0
JUN,COQ3,0
BRCA1,VPS26A,0
NR3C1,EXOC5,0
FOXA2,GLIPR2,0
NR3C1,AAMP,0
ATF3,LSM10,0
FOSL2,PPP1R16A,0
NR3C1,TBX3,0
MYC,ZHX1,0
HNF4A,IGF2BP3,0
CEBPZ,SLC35D2,0
IRF3,TDP2,0
IRF3,SAAL1,0
NR3C1,MGST2,0
CEBPZ,ETV5,0
SMARCA4,NDC80,0
SRF,RFC5,0
ARID2,UHRF1,0
NR3C1,ID3,0
ATF3,EMG1,0
RUVBL1,PRPS2,0
FOXA1,KNSTRN,0
ARID2,CTSE,0
HDAC2,TFF1,0
TEAD4,MRPS2,0
RFX5,KDM4C,0
MYBL2,GLIS3,0
HNF4A,VCAN,0
RUVBL1,CPSF3,0
RFX5,CHCHD6,0
EZH2,NIFK,0
ARID2,OAZ2,0
RUVBL1,CXXC1,0
SMARCC1,A1CF,0
MYC,IFITM3,0
ATF3,METAP1,0
FOSL2,ISG15,0
MAZ,BMP2,0
SMARCA4,WDR3,0
TEAD4,TRNT1,0
EPAS1,MYCN,0
HNF4A,DEK,0
EPAS1,CBR1,0
REST,FBXO22,0
ELF1,TRIM59,0
MCRS1,SLC5A6,0
BRCA1,TBC1D1,0
EZH2,NCK1,0
JUN,CDC6,0
ELF1,GRHL1,0
FOSL2,ZNF766,0
EZH2,RRM1,0
MAFF,EZH2,0
TEAD4,MTFP1,0
SMARCA4,RNASEH2A,0
RFX5,PLIN2,0
SMARCA4,DUT,0
ELF1,TSN,0
EPAS1,VPS72,0
NR3C1,TAF7,0
NR2F2,BLM,0
MYC,ZNF217,0
JUN,NR1I3,0
ATF3,TMEM97,0
HNF4A,CEP70,0
SRF,OIP5,0
ARID2,QPCT,0
EPAS1,AURKB,0
ARID2,POLE2,0
ARID2,MOV10,0
MCRS1,B4GALT3,0
BRCA1,ZFP62,0
FOSL2,MRPS35,0
SMARCA4,TOPORS,0
MAFF,CYB5B,0
CEBPD,NUP93,0
EZH2,IGF1R,0
REST,KNG1,0
NR3C1,CNTRL,0
CEBPD,TPD52L1,0
EZH2,TTF2,0
RUVBL1,NCK1,0
ATF3,HSD17B11,0
REST,CENPF,0
FOXA2,LAMB2,0
ATF3,ALB,0
NR3C1,MCM7,0
CEBPZ,MTF2,0
RFX5,POLR2F,0
TEAD4,TMEM216,0
TEAD4,FTSJ1,0
IRF3,ISG20,0
FOXA1,BCL11B,0
NR3C1,USP7,0
SRF,DR1,0
EZH2,SORBS2,0
SMARCA4,SPAG9,0
EZH2,ABT1,0
JUN,ASNS,0
ATF3,TARBP2,0
RUVBL1,ZBTB24,0
IRF3,MORN2,0
FOXA1,POLD2,0
FOXA1,CYB5B,0
MCRS1,SNRNP25,0
CEBPD,SYTL2,0
TEAD4,PLRG1,0
EZH2,MED21,0
RUVBL1,HPN,0
MYBL2,RNF138,0
BRCA1,JAZF1,0
BRCA1,RBP4,0
FOSL2,P4HA2,0
CEBPD,RFC5,0
CEBPD,ACOT7,0
MYC,MRS2,0
HNF4A,PARP1,0
IRF3,BRCA1,0
ARID2,RFC5,0
ARID2,PMM1,0
CEBPD,ZNHIT3,0
MYC,JAZF1,0
ARID2,RNF2,0
SMARCA4,CDK4,0
MYC,PTTG1,0
SRF,POLE4,0
SRF,CTBP1,0
RFX5,GATAD2B,0
MCRS1,CDH2,0
EPAS1,UCHL5,0
JUN,MYL6B,0
SMARCA4,MYC,0
MYC,SS18,0
NR3C1,SMARCA4,0
CEBPD,PITX1,0
RUVBL1,PCID2,0
TEAD4,NNT,0
MYC,CENPW,0
NR2F2,MYCBP,0
RUVBL1,RBBP8,0
ARID2,PREB,0
SMARCA4,SERTAD3,0
CEBPD,METAP1,0
JUN,FLAD1,0
JUND,SLC25A17,0
TEAD4,YWHAH,0
CEBPZ,SLC38A1,0
BRCA1,PSMB10,0
TEAD4,ZNF766,0
ELF1,LAMA1,0
NR3C1,APOA1,0
HDAC2,SERTAD3,0
RUVBL1,GALE,0
HNF4A,GMPS,0
MCRS1,CNOT10,0
ARID2,RNPS1,0
EZH2,POLD2,0
MYBL2,FGB,0
JUND,CDCA7L,0
EPAS1,MED21,0
RUVBL1,SLC35B4,0
RFX5,PPARA,0
JUND,RNASE4,0
BRCA1,PRIM1,0
SMARCC1,HSPA14,0
REST,ZNF107,0
TEAD4,SRSF6,0
EPAS1,MRPS11,0
EPAS1,ZNF195,0
ATF3,CDH2,0
ATF3,TIPIN,0
RUVBL1,FXR1,0
RFX5,TM7SF3,0
MAFF,TUBE1,0
BRCA1,ISG15,0
IRF3,GALE,0
NR3C1,POLR3E,0
IRF3,SEC14L2,0
SMARCA4,NUP107,0
JUN,CHEK1,0
MAZ,NUDT1,0
SMARCC1,TCF4,0
RUVBL1,XRCC5,0
MCRS1,S100A16,0
MAZ,KLF5,0
SMARCA4,APOC3,0
IRF3,MT1G,0
CEBPZ,PRPS2,0
EZH2,MYBL2,0
MCRS1,HDAC2,0
REST,AURKB,0
SRF,PLG,0
MCRS1,XPO6,0
ATF3,TFDP2,0
EZH2,MCM5,0
JUN,TRIM28,0
CEBPZ,FOXA2,0
MAFF,EPS8L2,0
HNF4A,XPO6,0
MCRS1,BMPR1A,0
ATF3,IFT52,0
SMARCA4,POU2F1,0
EZH2,VTN,0
HNF4A,MLST8,0
JUND,GSTA1,0
BRCA1,EBNA1BP2,0
BRCA1,NIP7,0
EPAS1,UROD,0
EPAS1,RRM2B,0
REST,KLF6,0
JUND,CDCA2,0
SRF,CYP3A5,0
SMARCA4,PREB,0
ARID2,PSMD10,0
SMARCA4,PITX1,0
CEBPZ,PRMT5,0
CEBPZ,TAF1B,0
MAFF,PRPS2,0
FOXA2,RARRES2,0
ELF1,CTDSPL,0
EZH2,DNMT3B,0
TEAD4,HDAC1,0
CEBPZ,ING1,0
ARID2,IQCB1,0
FOXA1,PHGDH,0
SMARCA4,AGTRAP,0
SRF,DNMT1,0
BRCA1,BLMH,0
JUN,ZNHIT3,0
HNF4A,MYL6B,0
MYC,SVIL,0
BRCA1,PSEN1,0
MAZ,MYO10,0
EZH2,CDKN1A,0
MAFF,ZBTB24,0
JUND,CYFIP2,0
ATF3,GMEB1,0
BRCA1,ILF2,0
CREB1,FBXO22,0
EPAS1,CKAP2,0
CEBPZ,MCM7,0
RUVBL1,SMAD2,0
REST,NTHL1,0
CEBPZ,NAA10,0
CEBPZ,NEDD1,0
EPAS1,ZNF354A,0
JUN,ARL15,0
NR3C1,F3,0
SMARCA4,CCNB1,0
IRF3,RAD51,0
MCRS1,NUSAP1,0
RUVBL1,ZHX1,0
HDAC2,OCIAD2,0
MYBL2,PTMA,0
MCRS1,DCUN1D5,0
RFX5,SRM,0
ELF1,LIN28A,0
CEBPZ,TEAD4,0
MYBL2,WRB,0
RUVBL1,RARG,0
RFX5,BUB1,0
NR3C1,WFDC2,0
TEAD4,GTF2F2,0
BRCA1,RAD54L,0
RUVBL1,GPC3,0
RUVBL1,NEDD4L,0
CEBPD,MYCN,0
SMARCA4,SKIL,0
BRCA1,BSCL2,0
EPAS1,BTF3,0
FOXA2,GSTA2,0
BRCA1,PIAS3,0
JUND,CTSE,0
IRF3,E2F7,0
BRCA1,DDIT4,0
CEBPD,ACOX2,0
MAFF,VPS33A,0
SRF,SLC7A7,0
EZH2,MYBBP1A,0
BRCA1,ATP11C,0
MYC,PMM1,0
FOXA1,TMEM37,0
CEBPD,NEIL2,0
EPAS1,POLR2L,0
HNF4A,TRIM28,0
RUVBL1,DDAH1,0
EZH2,MRPS11,0
RFX5,TBC1D1,0
BRCA1,PROSER1,0
SMARCA4,NME2,0
SRF,C12ORF10,0
JUND,DEF8,0
BRCA1,SMC2,0
RFX5,MUSTN1,0
MCRS1,DKC1,0
SMARCC1,WDR54,0
MAFF,NUP88,0
MAZ,RNASEH2A,0
JUN,SMC4,0
MYBL2,HMCES,0
MCRS1,DDB2,0
HNF4A,PAK1IP1,0
JUN,ATG101,0
EZH2,HNRNPD,0
FOXA2,FUBP1,0
ATF3,USP39,0
HNF4A,YBX1,0
NR3C1,VEZF1,0
CEBPD,NUCB2,0
EPAS1,FGA,0
BRCA1,DROSHA,0
CREB1,ZFP42,0
NR3C1,HMGN4,0
RUVBL1,NAA25,0
NR2F2,IPO5,0
MYC,CYP3A5,0
ELF1,PTPRM,0
HDAC2,HIST1H1C,0
EZH2,JAG1,0
EZH2,ZCCHC7,0
CEBPD,STARD3NL,0
ATF3,KDELR3,0
SRF,PUS7L,0
REST,RNF4,0
MCRS1,NFKBIZ,0
MAFF,RAD1,0
CEBPZ,ALG8,0
MCRS1,LTV1,0
MYC,CSDE1,0
JUN,SMAD3,0
SMARCA4,PIM2,0
CEBPZ,VRK1,0
RUVBL1,NIFK,0
ARID2,DEDD,0
IRF3,HIST1H4C,0
CEBPD,C9ORF72,0
HDAC2,MLF1,0
EPAS1,PSMG1,0
MYBL2,DERA,0
FOXA1,CPSF6,0
TEAD4,DDB2,0
EZH2,TTC4,0
EPAS1,RNPS1,0
CEBPD,LIG1,0
ELF1,MMS19,0
HNF4A,BRCA2,0
CREB1,LIN28A,0
HDAC2,E2F7,0
SRF,PSIP1,0
FOXA1,SKA3,0
MCRS1,SUB1,0
MAFF,ISY1,0
EZH2,ADSL,0
EZH2,WDR75,0
ELF1,ZFHX3,0
MAZ,MRS2,0
ARID2,MATR3,0
SRF,ALPL,0
MYC,PPARA,0
MAZ,THOC1,0
MYC,PPT1,0
RFX5,ARID2,0
SRF,NFATC2,0
SMARCA4,CMSS1,0
JUN,PAWR,0
IRF3,EEF1A1,0
CEBPD,KIF23,0
SMARCA4,NUF2,0
FOXA1,ZNF202,0
SMARCC1,CIDEB,0
EZH2,PHB2,0
CEBPZ,HPN,0
ATF3,EWSR1,0
MAZ,CCNB1,0
RFX5,CASP8AP2,0
MYBL2,P4HA2,0
REST,CDCA7L,0
TEAD4,SPDL1,0
MCRS1,HNRNPK,0
JUN,DNASE1,0
SMARCA4,NIFK,0
IRF3,CCDC169,0
SMARCA4,EXOC5,0
NR3C1,WRB,0
ARID2,HIST1H2BC,0
ARID2,METTL18,0
NR2F2,LDB2,0
TEAD4,SAMHD1,0
MAFF,YAF2,0
MCRS1,DMKN,0
RUVBL1,LGALS1,0
ATF3,APOA2,0
BRCA1,TIMM9,0
CEBPD,MDK,0
ARID2,LRR1,0
SMARCA4,DNAJC2,0
MCRS1,DEK,0
EZH2,S100A16,0
MYC,GATA4,0
EPAS1,OPA1,0
ARID2,TGIF1,0
CEBPZ,RIOK3,0
MYBL2,GATA6,0
REST,CDC20,0
RUVBL1,CREB3L3,0
NR3C1,NBAS,0
HDAC2,SLC10A1,0
EZH2,NUDCD1,0
SMARCA4,NTPCR,0
MYBL2,CHTF18,0
ATF3,NUF2,0
ARID2,A1CF,0
FOXA2,ATP11C,0
EPAS1,SH3BGRL,0
RFX5,PLTP,0
RUVBL1,BRIP1,0
FOXA2,C3ORF14,0
REST,USP11,0
RUVBL1,NUCB2,0
EPAS1,ASL,0
IRF3,SEC61A2,0
MYC,LGALS3,0
EPAS1,IFITM1,0
MCRS1,ACTL6A,0
JUN,ACOX2,0
IRF3,NME1,0
BRCA1,HOOK2,0
MCRS1,GRTP1,0
JUN,TAF6,0
CEBPZ,A1CF,0
ATF3,GPRC5C,0
TEAD4,BSCL2,0
MYC,SERPINB1,0
RFX5,DDIT3,0
IRF3,LEFTY1,0
RUVBL1,ECSIT,0
MCRS1,LITAF,0
HNF4A,ALPL,0
JUND,SIAE,0
BRCA1,TEX10,0
IRF3,ESYT1,0
IRF3,SF3B3,0
JUN,TCF19,0
MAFF,STX8,0
REST,HSPA14,0
FOSL2,PIK3R1,0
EPAS1,HSD17B7,0
NR3C1,FAM151A,0
FOXA2,HNF1B,0
RUVBL1,PTMA,0
SMARCC1,FBXO22,0
NR3C1,BBS9,0
BRCA1,CNBP,0
SRF,TEX10,0
RUVBL1,MT1X,0
EZH2,EXOSC2,0
SMARCA4,E2F5,0
EPAS1,KDM4C,0
ATF3,C11ORF54,0
MCRS1,CMC2,0
FOSL2,PHF11,0
RUVBL1,GTF2E1,0
SMARCA4,POLR1D,0
JUN,BRMS1,0
SRF,TPD52L1,0
JUN,NFKBIZ,0
ATF3,SMC6,0
NR3C1,TIMM50,0
NR3C1,PLIN2,0
CEBPZ,ECHDC1,0
ARID2,TPM2,0
JUN,TYMS,0
FOXA2,ACAA1,0
EPAS1,PSIP1,0
NR2F2,F3,0
NR3C1,ELP2,0
ARID2,SEC11C,0
ATF3,CENPF,0
CEBPZ,CTDSPL,0
MCRS1,SMARCD2,0
ATF3,OCIAD2,0
CEBPZ,NONO,0
MAZ,DDX39A,0
ELF1,TMEM150C,0
RFX5,HIF3A,0
RFX5,SF3B3,0
CEBPD,POP5,0
FOSL2,ATP1B1,0
MYBL2,HMGA2,0
CEBPD,ELOVL5,0
NR2F2,SEC61A2,0
EZH2,IL32,0
IRF3,ALG8,0
JUND,EGR1,0
MYC,ZFHX3,0
REST,TOP2B,0
EPAS1,NIF3L1,0
MCRS1,SMARCA4,0
MYBL2,ICA1,0
MYC,CCDC169,0
MYBL2,UHRF1,0
IRF3,FASTKD2,0
CREB1,ZNF217,0
JUN,EPSTI1,0
NR2F2,TCF7L1,0
ATF3,ARID2,0
SMARCA4,OAZ2,0
ATF3,MYL6B,0
NR3C1,R3HDM1,0
RFX5,SUPT16H,0
ARID2,CHAF1A,0
EZH2,POLB,0
REST,ESCO2,0
SMARCA4,TUBE1,0
MAZ,SLC7A6,0
IRF3,S100A13,0
ARID2,FGG,0
JUN,TM4SF4,0
RUVBL1,MECR,0
REST,HSD17B2,0
ATF3,HNRNPK,0
MCRS1,UBE2T,0
CEBPD,TM4SF5,0
MCRS1,WRB,0
RFX5,RAB25,0
TEAD4,CENPN,0
JUN,NAA10,0
IRF3,ZNF561,0
NR3C1,SP4,0
MCRS1,AURKB,0
TEAD4,MED14,0
EPAS1,PA2G4,0
CEBPZ,TWISTNB,0
ARID2,UTP15,0
TEAD4,SLC25A37,0
HNF4A,ZDHHC13,0
IRF3,ADSL,0
NR3C1,SLC10A1,0
FOSL2,CNOT10,0
IRF3,ID3,0
MYBL2,RBBP7,0
MCRS1,VTN,0
RUVBL1,CMC2,0
MAFF,PSEN1,0
TEAD4,MTUS1,0
SRF,NUSAP1,0
ARID2,PPP1CC,0
SMARCA4,RECQL,0
EPAS1,ICA1,0
CEBPZ,ALB,0
JUN,MYBL2,0
TEAD4,ELOF1,0
JUN,PSMG1,0
FOXA1,LITAF,0
MAFF,CDCA7L,0
NR2F2,DPYSL2,0
BRCA1,TBRG4,0
BRCA1,RNASEH2B,0
FOXA1,NR3C1,0
EPAS1,SLC39A1,0
ATF3,ETV5,0
CEBPZ,SLC25A4,0
EPAS1,STX8,0
JUN,PHC1,0
JUN,SIAE,0
RFX5,CDX2,0
HNF4A,SRM,0
NR3C1,ZNF567,0
JUN,DPH5,0
RUVBL1,PTP4A1,0
RUVBL1,GLIS3,0
NR2F2,ZNF195,0
EZH2,KIF22,0
FOSL2,CAPG,0
CEBPZ,PHB2,0
JUN,ARID2,0
NR3C1,MTERF3,0
ATF3,KATNA1,0
MAZ,POLR2B,0
MAFF,NDC80,0
SRF,NFIB,0
MAZ,CDC6,0
CEBPZ,GNRH2,0
RFX5,PPP2R1B,0
TEAD4,COPS7A,0
FOXA1,VPS26A,0
MYBL2,SURF2,0
FOXA2,MTHFD1,0
IRF3,ZNRD1,0
BRCA1,DNMT3B,0
NR3C1,WDR75,0
JUN,DPPA4,0
FOSL2,CKS1B,0
EZH2,ASCC3,0
ARID2,CENPW,0
ARID2,PWP1,0
NR3C1,NR1I3,0
SMARCA4,PDPN,0
MCRS1,SRF,0
MYC,IL6ST,0
ATF3,TDP1,0
FOSL2,OCIAD2,0
RFX5,ZFP62,0
CEBPZ,ECT2,0
CEBPZ,TTR,0
NR3C1,TCF7L1,0
ATF3,GALK1,0
HNF4A,FUCA1,0
BRCA1,ASL,0
HNF4A,CNBP,0
NR3C1,ALG6,0
EPAS1,PAFAH1B3,0
ATF3,B4GALT3,0
HNF4A,BMPR1A,0
EPAS1,RNF138,0
RUVBL1,DOT1L,0
NR2F2,VCAN,0
JUND,SOX4,0
EZH2,FOXA2,0
JUN,CTSC,0
SMARCC1,CLDN4,0
EPAS1,UGP2,0
EPAS1,ZNF561,0
TEAD4,GRTP1,0
ARID2,REST,0
MAZ,ACADVL,0
MCRS1,PUS7L,0
CEBPD,GPRC5C,0
IRF3,RFC5,0
CREB1,IFITM3,0
EZH2,NOL11,0
ARID2,TEX10,0
ARID2,ASL,0
MAZ,CBR1,0
HNF4A,EWSR1,0
NR3C1,OPA1,0
CREB1,ZHX1,0
EPAS1,HOOK2,0
ATF3,EPSTI1,0
SMARCA4,PHF5A,0
JUN,AAR2,0
CEBPZ,THOC1,0
MYC,HIPK2,0
CEBPZ,GMPS,0
HDAC2,SLC38A2,0
JUN,TFF1,0
SMARCC1,EXOSC2,0
HNF4A,TPM2,0
NR2F2,BCOR,0
BRCA1,DNA2,0
MYBL2,RFC5,0
JUN,TERF1,0
NR3C1,REST,0
SRF,TNFAIP3,0
MYBL2,SP4,0
RUVBL1,SPTLC3,0
NR2F2,CCS,0
BRCA1,PYCR1,0
ARID2,TMEM147,0
BRCA1,BTF3,0
NR3C1,CCDC77,0
IRF3,HMGB3,0
HDAC2,CENPK,0
ATF3,ORC5,0
BRCA1,TPM2,0
NR3C1,SRF,0
TEAD4,C19ORF48,0
FOSL2,CCNB2,0
NR3C1,LIN28A,0
REST,CENPW,0
SMARCA4,SLC39A5,0
RFX5,PIH1D1,0
BRCA1,QPCT,0
ATF3,NAA10,0
CEBPD,ZFP42,0
MCRS1,SUV39H2,0
IRF3,MGST2,0
MAFF,HELLS,0
MAFF,TM4SF5,0
JUN,TARDBP,0
ELF1,F2RL1,0
TEAD4,TPM2,0
ARID2,FOXA2,0
SMARCA4,APEX1,0
RUVBL1,CENPF,0
MAFF,POLD2,0
ARID2,CRAT,0
SMARCA4,CNOT10,0
FOSL2,TFDP1,0
ARID2,HNRNPD,0
FOSL2,PLTP,0
RFX5,CDKN1A,0
HDAC2,CKS1B,0
TEAD4,CMC2,0
HNF4A,HSD17B10,0
NR2F2,NR5A2,0
MCRS1,SLC7A7,0
ELF1,RARG,0
ATF3,INMT,0
SMARCC1,BBS7,0
FOXA2,RABGGTB,0
ELF1,CCND1,0
EPAS1,JAZF1,0
HNF4A,MCM5,0
BRCA1,HSPA14,0
REST,EGR1,0
BRCA1,PCNA,0
ARID2,FAM49B,0
MAZ,CREG1,0
ELF1,MYBL2,0
JUN,ARL14EP,0
RUVBL1,RAD54B,0
HDAC2,POP5,0
NR3C1,IRF1,0
CEBPD,CIDEB,0
JUN,METTL5,0
MCRS1,HMGN4,0
MCRS1,ZFAND2A,0
SRF,HMGA2,0
ATF3,TRIM28,0
IRF3,NDUFAF5,0
CEBPZ,IRF9,0
EZH2,ELP2,0
FOXA2,ZHX1,0
EPAS1,ERAL1,0
HDAC2,KLF6,0
CEBPZ,LAMB2,0
NR3C1,NODAL,0
FOXA1,CDX2,0
JUN,LGALS3,0
MCRS1,CEBPA,0
MCRS1,DNASE1,0
ARID2,DDX20,0
SMARCA4,PSPH,0
EPAS1,FASTKD2,0
MCRS1,TCF25,0
MYBL2,HPX,0
EZH2,MORN2,0
SMARCA4,CENPE,0
IRF3,SUCLA2,0
SMARCA4,OCIAD2,0
CEBPZ,RNF138,0
RFX5,LIN28A,0
ATF3,ATG101,0
EZH2,B4GALT3,0
IRF3,NR3C1,0
SMARCA4,HINFP,0
RFX5,STX8,0
EPAS1,ALG6,0
CEBPD,BIRC5,0
EPAS1,TIPARP,0
BRCA1,NME1,0
MCRS1,FGG,0
EZH2,ZFP36,0
FOSL2,SOX2,0
CEBPD,GRHL1,0
JUND,MELK,0
EPAS1,DAXX,0
REST,TTK,0
BRCA1,SF3B3,0
SRF,NUDT1,0
SMARCA4,EBNA1BP2,0
EPAS1,NPRL2,0
NR2F2,ANXA3,0
SRF,CDCA3,0
HDAC2,VPS26A,0
MAFF,KDELR3,0
FOXA1,TCF4,0
CEBPZ,CHAF1A,0
RUVBL1,MTAP,0
HNF4A,TDP1,0
NR3C1,PPAT,0
MYBL2,ZDHHC13,0
IRF3,EPAS1,0
IRF3,KPNA2,0
FOXA1,GTF2F2,0
IRF3,RRM1,0
NR3C1,PBX1,0
SMARCC1,GPC3,0
SMARCA4,KEAP1,0
SRF,PCIF1,0
EPAS1,CYFIP2,0
HNF4A,PIK3R4,0
HNF4A,CMC2,0
MCRS1,ACY1,0
EZH2,BRIP1,0
JUND,TPGS2,0
TEAD4,ARMC9,0
SMARCA4,RAD54B,0
ARID2,SPDL1,0
SRF,TMEM150C,0
REST,SSBP3,0
NR3C1,DROSHA,0
MYBL2,DDAH1,0
HNF4A,RECQL,0
REST,IFITM3,0
ARID2,NUPR1,0
BRCA1,POLR1B,0
NR3C1,EHMT2,0
FOXA1,NUCB2,0
HNF4A,ERAL1,0
BRCA1,EIF3J,0
MYC,USP44,0
IRF3,MYO9A,0
EPAS1,YEATS4,0
TEAD4,CCNB2,0
CEBPD,HMGA2,0
NR3C1,ABT1,0
MCRS1,PIM2,0
FOXA2,SAT1,0
EZH2,SP4,0
SMARCA4,TBRG4,0
ARID2,SYTL2,0
MAFF,ORC2,0
ARID2,PISD,0
TEAD4,MRPL49,0
SMARCC1,UCKL1,0
BRCA1,KIF22,0
FOXA2,ZBTB3,0
ATF3,ICA1,0
RUVBL1,PMAIP1,0
ARID2,SH3BGRL,0
MAZ,ZMYM1,0
TEAD4,FBXO6,0
JUN,GTF2E1,0
HDAC2,GMPS,0
RFX5,DNAH14,0
REST,SVIL,0
JUND,ZFP62,0
SMARCA4,WARS,0
EZH2,TWISTNB,0
JUN,DBF4,0
ARID2,DNAJB9,0
ARID2,CKS1B,0
CEBPZ,LIFR,0
HDAC2,ATP11C,0
JUN,SLC25A26,0
ARID2,CTSV,0
EZH2,DHPS,0
ATF3,DNAJC2,0
MAFF,MCM6,0
ARID2,CCDC126,0
ELF1,TCF4,0
CEBPZ,HSPA14,0
JUN,CRAT,0
ARID2,BCL11B,0
SMARCA4,SUPV3L1,0
CREB1,CRABP2,0
BRCA1,ZNF217,0
NR3C1,TUBB6,0
RUVBL1,IDH3B,0
RUVBL1,S100A16,0
CEBPZ,PPP2R1B,0
NR3C1,SCPEP1,0
HNF4A,LIG1,0
NR2F2,SAE1,0
SMARCC1,RFC5,0
SRF,METTL18,0
RUVBL1,PDPN,0
FOXA1,EPSTI1,0
FOSL2,DDB2,0
RUVBL1,GGCT,0
HNF4A,FEN1,0
MYBL2,HAUS1,0
MCRS1,ASRGL1,0
NR2F2,APEH,0
CEBPZ,CKAP2,0
BRCA1,KIF20A,0
TEAD4,NAA15,0
NR3C1,CCDC169,0
HNF4A,TM4SF4,0
EPAS1,BLMH,0
HNF4A,FXR1,0
RUVBL1,UBL7,0
CEBPD,ISG15,0
RUVBL1,ALDH1A1,0
MCRS1,ID2,0
FOXA2,BLVRA,0
SRF,NR5A2,0
EZH2,BST2,0
ARID2,UNC93A,0
MYBL2,NPPB,0
MAZ,SOX4,0
IRF3,NDC80,0
TEAD4,RBBP8,0
ATF3,GNPNAT1,0
EPAS1,SUGCT,0
ATF3,SPTLC3,0
EZH2,CHAF1A,0
TEAD4,BMP2,0
SMARCA4,SEC22C,0
CEBPZ,MAF,0
MAFF,RNF26,0
SMARCA4,RFC1,0
HNF4A,DUT,0
ATF3,UNC93A,0
MAZ,ZNF239,0
SMARCA4,MRRF,0
RFX5,FGG,0
ELF1,POLE2,0
EZH2,ZNF239,0
FOSL2,WDR54,0
MCRS1,GABPB1,0
HNF4A,ZWINT,0
SMARCC1,RABGGTB,0
MAZ,ALDH9A1,0
NR3C1,DECR1,0
NR2F2,ATP11C,0
SMARCA4,PLIN2,0
MCRS1,TPD52L1,0
ARID2,BTG1,0
FOSL2,PITX1,0
SMARCA4,TDP1,0
TEAD4,GLMN,0
IRF3,WIPI1,0
MYC,ERCC8,0
NR3C1,SLC39A1,0
RUVBL1,HACL1,0
JUN,TDP1,0
ARID2,EEF1A1,0
SMARCA4,CAPG,0
CEBPZ,UPP1,0
FOSL2,SALL2,0
BRCA1,FUCA1,0
SRF,SMC2,0
MAZ,CCDC169,0
SRF,CHTF18,0
ATF3,HPRT1,0
MCRS1,MCM5,0
RUVBL1,UHRF1,0
JUN,USP45,0
MCRS1,C9ORF72,0
REST,CDX2,0
JUN,PEX19,0
SMARCA4,ILF2,0
ARID2,UBE2T,0
CEBPZ,CENPN,0
ATF3,PSMD10,0
BRCA1,UTP18,0
NR3C1,POLR2D,0
MYBL2,DDHD1,0
HDAC2,RFX5,0
RFX5,R3HDM1,0
CEBPZ,ISY1,0
RFX5,EPHX2,0
ARID2,SMLR1,0
HDAC2,GXYLT2,0
FOSL2,CPSF3,0
IRF3,MSH2,0
JUN,TAF5,0
EZH2,HMGB3,0
EPAS1,ITGB5,0
ARID2,PSAT1,0
EZH2,TMEM37,0
BRCA1,DLGAP5,0
RUVBL1,NCOA1,0
EPAS1,METTL21A,0
JUN,DDX20,0
SMARCA4,RAB28,0
MAZ,EPHX2,0
ATF3,DNASE1,0
JUN,ZFP36,0
FOSL2,TRIM59,0
SRF,NTHL1,0
MAFF,SUB1,0
MCRS1,SEPT10,0
RFX5,SMLR1,0
JUN,SALL4,0
SRF,DEK,0
SMARCA4,ZSWIM7,0
HNF4A,TMEM150C,0
EZH2,ZMYM1,0
CEBPZ,LIG1,0
FOSL2,AGO2,0
SMARCA4,PHC1,0
TEAD4,ZSWIM7,0
ATF3,POLR1C,0
NR3C1,CCS,0
SRF,COMMD3,0
REST,ZWINT,0
MCRS1,TTR,0
ELF1,CLDN4,0
ATF3,C17ORF75,0
MCRS1,CHEK2,0
ATF3,G2E3,0
RFX5,PIK3R1,0
SRF,LTV1,0
CEBPZ,SMC6,0
RUVBL1,CAPRIN1,0
BRCA1,SLC35D2,0
CREB1,TIMELESS,0
MAFF,RNF19A,0
MAZ,LIFR,0
NR3C1,MLST8,0
IRF3,TCF19,0
MYC,TDP2,0
HNF4A,EHMT1,0
FOXA1,CASP8AP2,0
ELF1,GLMN,0
IRF3,FARSA,0
TEAD4,COMMD10,0
ARID2,AURKA,0
TEAD4,GTF2I,0
IRF3,EIF5B,0
CEBPD,NAA10,0
ATF3,AAR2,0
MAFF,TIPARP,0
BRCA1,RSU1,0
NR3C1,SALL2,0
SRF,UCHL1,0
ELF1,NR2F6,0
SMARCA4,DDX55,0
EZH2,EXOC5,0
FOSL2,ZWILCH,0
NR3C1,TEAD2,0
NR2F2,TDP1,0
BRCA1,TMEM126B,0
MAFF,TCF3,0
ARID2,UTP18,0
EPAS1,NUP35,0
SRF,SMAD3,0
TEAD4,ESYT1,0
MAZ,PSIP1,0
REST,NT5DC2,0
BRCA1,TOPORS,0
EZH2,C3,0
SMARCA4,TRIAP1,0
ARID2,UBE2C,0
NR2F2,EOMES,0
BRCA1,CENPH,0
BRCA1,ZNF675,0
EZH2,IFNGR1,0
HNF4A,MRPS12,0
BRCA1,CENPK,0
CEBPZ,FOSL1,0
SMARCC1,PLTP,0
BRCA1,NR3C1,0
SMARCA4,MCM8,0
SMARCC1,PMM1,0
IRF3,C9ORF78,0
SRF,C11ORF54,0
RUVBL1,CTDSPL,0
MYC,MAP1B,0
IRF3,USB1,0
EZH2,MTFP1,0
CEBPD,BRCA2,0
IRF3,APOC3,0
CEBPZ,EBNA1BP2,0
SMARCA4,PDGFA,0
MCRS1,KNSTRN,0
TEAD4,SMC4,0
RUVBL1,SPAG9,0
RFX5,TDGF1,0
NR3C1,PSAT1,0
RFX5,SLC25A20,0
REST,ZNF195,0
JUN,RRM2B,0
IRF3,CCS,0
TEAD4,SMAD2,0
MCRS1,DPH5,0
BRCA1,WARS,0
ATF3,CCND1,0
EZH2,ENO1,0
IRF3,B3GNT7,0
CREB1,RAB25,0
SMARCA4,SORBS2,0
IRF3,TEX10,0
RUVBL1,SERPINF1,0
CREB1,USP3,0
NR3C1,DPF2,0
MAFF,RFX6,0
MCRS1,HARS,0
SMARCA4,HCFC1,0
EZH2,NR1H3,0
MYBL2,UCHL1,0
EPAS1,MYO10,0
EPAS1,PAK1IP1,0
MAFF,LGALS3,0
SMARCA4,GNRH2,0
JUN,IQGAP2,0
IRF3,CXCR4,0
NR3C1,EIF3J,0
TEAD4,CHTF18,0
MCRS1,MRRF,0
HNF4A,LITAF,0
RFX5,HIF1AN,0
REST,S100A16,0
FOSL2,RAB31,0
BRCA1,DUT,0
SMARCA4,NUCB2,0
CEBPD,CHTF18,0
MAFF,BCS1L,0
ATF3,ZFP42,0
MAFF,ATP1B3,0
MAZ,FOSL1,0
SMARCA4,TMEM216,0
SMARCA4,TPD52L1,0
TEAD4,THAP4,0
FOXA2,FBXO6,0
JUND,GPATCH4,0
BRCA1,JUND,0
MYC,RBP2,0
SRF,ANAPC4,0
IRF3,GATM,0
BRCA1,GTF2E1,0
ARID2,ARL15,0
NR3C1,STAT2,0
TEAD4,DDX39A,0
ARID2,JARID2,0
NR2F2,TCF4,0
MCRS1,HAUS4,0
BRCA1,EEF1A1,0
FOSL2,ZNF107,0
JUN,HNRNPUL1,0
BRCA1,ZNF202,0
TEAD4,MTMR2,0
EZH2,AHSG,0
MAZ,TCF4,0
NR2F2,GMPS,0
ELF1,DDC,0
HNF4A,E2F8,0
HNF4A,SAE1,0
ARID2,PIM2,0
BRCA1,CSRP2,0
EZH2,CLDN4,0
CEBPD,DPPA4,0
CEBPD,FLAD1,0
BRCA1,SMLR1,0
MYC,SLC39A1,0
RUVBL1,ZNF397,0
TEAD4,GEMIN7,0
TEAD4,TMEM237,0
RUVBL1,SULF2,0
CEBPZ,ZSWIM8,0
IRF3,PPFIBP2,0
MAFF,SMARCA4,0
CEBPD,CCDC77,0
NR3C1,PDGFRA,0
FOXA2,LHX1,0
MCRS1,TUBE1,0
IRF3,ITLN2,0
RUVBL1,SUPV3L1,0
SMARCA4,ACY1,0
EPAS1,POLR1C,0
ARID2,PIAS2,0
NR2F2,FGFR1,0
JUN,PEMT,0
BRCA1,FABP1,0
MAFF,NAA10,0
JUN,MAZ,0
MAFF,UBAC2,0
RUVBL1,UCK2,0
HNF4A,BLM,0
ARID2,ZMYM1,0
IRF3,QPCT,0
SMARCA4,COQ3,0
EZH2,ZDHHC4,0
MCRS1,DTYMK,0
HNF4A,ZNF287,0
FOSL2,CENPF,0
EZH2,WDR5,0
SRF,ZNF107,0
RUVBL1,PEX19,0
HNF4A,SMC2,0
ATF3,OIP5,0
CEBPZ,TARBP2,0
JUN,CCDC77,0
RUVBL1,FABP1,0
IRF3,RNF19A,0
ELF1,PDGFRA,0
EZH2,LTA4H,0
HNF4A,SEC11C,0
SMARCA4,WRB,0
MCRS1,TM7SF3,0
RUVBL1,SIAE,0
SRF,RREB1,0
HNF4A,USP28,0
NR3C1,UBL7,0
MCRS1,CXXC1,0
MAZ,FAM13A,0
BRCA1,PTPRM,0
TEAD4,EYA3,0
MAFF,FAM49B,0
RUVBL1,RAD51C,0
SMARCC1,TIMELESS,0
MAFF,MPHOSPH9,0
RFX5,MYL6B,0
ATF3,UCK2,0
RUVBL1,TTF2,0
RFX5,BMPR1A,0
HNF4A,DEPDC7,0
NR3C1,ESYT1,0
FOSL2,FAM151A,0
ATF3,JUN,0
MAZ,EXOSC8,0
EPAS1,CEBPD,0
HNF4A,DNAJC2,0
NR3C1,FEN1,0
ATF3,NAA25,0
MYC,DDAH1,0
EPAS1,WDR12,0
CEBPZ,EPSTI1,0
CEBPZ,HDAC6,0
FOSL2,NT5DC2,0
SRF,MYCBP,0
SRF,HMGB2,0
EPAS1,SULF2,0
CEBPZ,RFC2,0
JUN,RNF4,0
BRCA1,GALK1,0
IRF3,DAB2,0
MAZ,CDK1,0
FOXA1,APEH,0
HDAC2,DROSHA,0
RUVBL1,NR5A2,0
RFX5,COPS5,0
CEBPD,ZBTB3,0
CEBPZ,PSIP1,0
TEAD4,ZNF227,0
RUVBL1,PYGL,0
MYC,RABGGTB,0
MCRS1,ECSIT,0
JUND,ZDHHC13,0
ATF3,RNF2,0
RFX5,POLR2D,0
TEAD4,ZNF101,0
EPAS1,MPHOSPH9,0
ATF3,SCD5,0
MYC,ECT2,0
RUVBL1,DCUN1D5,0
FOSL2,ZHX1,0
MAZ,HSD17B7,0
NR3C1,BCOR,0
NR2F2,ARSE,0
JUND,SEC61A2,0
FOSL2,RNF4,0
MYC,SPAG9,0
FOXA1,BLMH,0
MYC,POU2F1,0
NR3C1,FANCI,0
MAFF,HMCES,0
JUN,LRRC1,0
MCRS1,RANGRF,0
HDAC2,MAP1B,0
RFX5,TRIM27,0
