TF,Target,label
ARID1A,KDM3A,1
ARID1A,DIDO1,1
ARID1A,MSH6,1
ARID1A,SFI1,1
ARID1A,RIF1,1
ARID1A,IL33,1
ARID1A,TRP53BP1,1
ARID1A,MTF2,1
ARID1A,LRPAP1,1
ARID1A,ETV1,1
ARID1A,GSTA4,1
ARID1A,FUBP3,1
ARID1A,ZFP42,1
ARID1A,UPP1,1
ARID1A,RBM14,1
ARID1A,SPP1,1
ARID1A,ANKRD6,1
ARID1A,LAMC1,1
ARID1A,FRRS1,1
ARID1A,SHROOM3,1
ARID1A,PLOD1,1
ARID1A,CCN2,1
ARID1A,NR5A2,1
ARID1A,SLC7A3,1
ARID1A,PATJ,1
ARID1A,ZSCAN10,1
ARID1A,ZFP148,1
ARID1A,CHD7,1
ARID1A,HSPB1,1
ARID1A,BCAM,1
ARID1A,SPRY4,1
ARID1A,RBPJ,1
ARID1A,LAMB2,1
ARID1A,HMCES,1
ARID1A,MME,1
ARID1A,TCF7L2,1
ARID1A,TSPAN9,1
ARID1A,GNPDA1,1
ARID1A,TCF4,1
ARID1A,IFITM1,1
ARID1A,AIP,1
ARID1A,DDB2,1
ARID1A,ASH2L,1
ARID1A,MBD2,1
ARID1A,CALD1,1
ARID1A,LEFTY1,1
ARID1A,NCOA3,1
ARID1A,PHF1,1
ARID1A,KHDRBS1,1
ARID1A,JUND,1
ARID1A,PAWR,1
ARID1A,SIX5,1
ARID1A,BARD1,1
ARID1A,FABP3,1
ARID1A,RNF2,1
ARID1A,CTSD,1
ARID1A,SMARCA5,1
ARID1A,2200002D01RIK,1
ARID1A,TPD52,1
ARID1A,PA2G4,1
ARID1A,PARVB,1
ARID1A,PDK1,1
ARID1A,SERPINH1,1
ARID1A,ARHGAP29,1
ARID1A,LDB1,1
ARID1A,ETV5,1
ARID1A,SREBF1,1
ARID1A,LOXL2,1
ARID1A,EP400,1
ARID1A,WWTR1,1
ARID1A,DDB1,1
ARID1A,BTG2,1
ARID1A,FOXH1,1
ARID1A,CST3,1
ARID1A,ABTB1,1
ARID1A,HTT,1
ARID1A,CRIP2,1
ARID1A,CDKN1A,1
ARID1A,TFRC,1
ARID1A,TAX1BP3,1
ARID1A,PTPN14,1
ARID1A,GABBR1,1
ARID1A,MDM2,1
ARID1A,DDIT3,1
ARID1A,KLF3,1
ARID1A,MYMX,1
ARID1A,IRF1,1
ARID1A,PHC1,1
ARID1A,POU2F1,1
ARID1A,TUBB2B,1
ARID1A,APOE,1
ARID1A,NFE2L2,1
ARID1A,HMGXB4,1
ARID1A,PELP1,1
ARID1A,RBFOX2,1
ARID1A,NR1D2,1
ARID1A,BRPF1,1
ARID1A,CSRP2,1
ARID1A,AMPD2,1
ARID1A,ASXL1,1
ARID1A,SND1,1
ARID1A,ECT2,1
ARID1A,NFE2L1,1
ARID1A,HNRNPD,1
ARID1A,MLXIP,1
ARID1A,PIAS1,1
ARID1A,HMGA1,1
ARID1A,SERTAD2,1
BAZ1A,SFI1,1
BTAF1,SATB1,1
BTAF1,HMGXB4,1
BTAF1,HIST1H2BK,1
BTAF1,CUX2,1
BTAF1,SFI1,1
BTAF1,CUX1,1
BTAF1,SIN3B,1
BTAF1,CITED2,1
BTAF1,ZFP219,1
BTAF1,MTF2,1
BTAF1,BNIP3,1
BTAF1,MAML3,1
BTAF1,FUS,1
BTAF1,ATF4,1
BTAF1,ASXL1,1
BTAF1,RBPJ,1
BTAF1,PCBP2,1
BTAF1,CTNNB1,1
BTAF1,TAF5,1
BTAF1,E2F1,1
BTAF1,MATR3,1
BTAF1,ZFP335,1
BTAF1,TFRC,1
BTAF1,ELF1,1
BTAF1,NOTCH2,1
BTAF1,PSIP1,1
BTAF1,SMARCA5,1
BTAF1,HSP90AA1,1
BTAF1,ULK1,1
BTAF1,HIST1H2AC,1
BTAF1,E2F6,1
BTAF1,ELP2,1
BTAF1,ELK4,1
BTAF1,BRCA2,1
BTAF1,FGF4,1
BTAF1,SMARCD1,1
BTAF1,PHF20,1
BTAF1,ATF1,1
BTAF1,DIDO1,1
BTAF1,KPNA2,1
BTAF1,SIRT1,1
BTAF1,GLDC,1
BTAF1,MYLPF,1
BTAF1,ASH2L,1
BTAF1,EP400,1
BTAF1,GDPD5,1
BTAF1,FXR2,1
BTAF1,ODC1,1
BTAF1,MCM6,1
BTAF1,SURF4,1
BTAF1,RANBP17,1
BTAF1,SUB1,1
BTAF1,SRRT,1
BTAF1,HIST1H3H,1
BTAF1,HIST1H2BL,1
BTAF1,HIST1H2AI,1
BTAF1,MAML1,1
BTAF1,ALPL,1
BTAF1,HNRNPAB,1
BTAF1,RFX2,1
BTAF1,RNF14,1
BTAF1,MYBL2,1
BTAF1,ATF5,1
BTAF1,COBL,1
BTAF1,NRF1,1
BTAF1,PRDM5,1
BTAF1,NACC1,1
BTAF1,HIST1H2AF,1
BTAF1,ORC2,1
BTAF1,YBX1,1
BTAF1,TPM4,1
BTAF1,TPD52,1
BTAF1,XBP1,1
BTAF1,PDK1,1
BTAF1,NEDD4,1
BTAF1,FBLIM1,1
BTAF1,PHC1,1
BTAF1,BRD7,1
BTAF1,SHROOM3,1
BTAF1,EZH1,1
BTAF1,ARID1A,1
BTAF1,HIST1H2BN,1
BTAF1,HIST1H2AK,1
BTAF1,ZBTB39,1
BTAF1,RBL1,1
BTAF1,TXNDC12,1
BTAF1,BCLAF1,1
BTAF1,FOXJ3,1
BTAF1,CNOT6,1
BTAF1,TIMELESS,1
BTAF1,PHLDA3,1
BTAF1,CTNNBIP1,1
BTAF1,PATJ,1
BTAF1,NUP210,1
BTAF1,TCEA1,1
BTAF1,SRF,1
BTAF1,RAD54B,1
BTAF1,TAF10,1
BTAF1,SLC16A1,1
BTAF1,TEAD4,1
BTAF1,YEATS2,1
BTAF1,DEK,1
BTAF1,CBX7,1
BTAF1,ASNS,1
BTAF1,USF1,1
BTAF1,RFX7,1
BTAF1,CAR2,1
BTAF1,BEX1,1
BTAF1,TULP3,1
BTAF1,SP1,1
BTAF1,KEAP1,1
BTAF1,ZFP148,1
BTAF1,FUBP3,1
BTAF1,E2F2,1
BTAF1,GLIS2,1
BTAF1,GSR,1
BTAF1,MLXIP,1
BTAF1,SMARCAD1,1
BTAF1,TSG101,1
BTAF1,MARC2,1
BTAF1,PELP1,1
BTAF1,TRIM28,1
BTAF1,HMCES,1
BTAF1,NOTCH1,1
BTAF1,HDAC1,1
BTAF1,ZBTB38,1
BTAF1,MKRN1,1
BTAF1,SMURF1,1
BTAF1,EBF4,1
BTAF1,EIF4A2,1
BTAF1,CNOT3,1
BTAF1,ARHGAP29,1
BTAF1,SERTAD2,1
BTAF1,PIAS2,1
BTAF1,ETV3,1
BTAF1,GLS,1
BTAF1,HIST1H1D,1
BTAF1,XRCC6,1
BTAF1,ITPK1,1
BTAF1,TMF1,1
BTAF1,LAMC1,1
BTAF1,FOXJ2,1
BTAF1,MOV10,1
BTAF1,SRSF6,1
BTAF1,DNMT1,1
BTAF1,ATP13A3,1
BTAF1,RELA,1
BTAF1,TSPAN9,1
BTAF1,SMARCA4,1
BTAF1,YEATS4,1
BTAF1,SMARCC1,1
BTAF1,GABPA,1
BTAF1,ZFP281,1
BTAF1,TRIM24,1
BTAF1,SLC6A6,1
BTAF1,ZSWIM4,1
BTAF1,MTA3,1
BTAF1,TRIM13,1
BTAF1,RNF2,1
BTAF1,CREB3,1
BTAF1,ABHD5,1
BTAF1,INSIG1,1
BTAF1,ELL2,1
BTAF1,ETV5,1
BTAF1,AATF,1
BTAF1,ITGA6,1
BTAF1,ZBTB43,1
BTAF1,P3H1,1
BTAF1,ZFP277,1
BTAF1,SFPQ,1
BTAF1,TEAD1,1
BTAF1,ZFHX3,1
BTAF1,IRF1,1
BTAF1,PODXL,1
BTAF1,APBB1,1
BTAF1,TOP2B,1
BTAF1,HIST1H2BF,1
BTAF1,FOXP1,1
BTAF1,BTF3,1
BTAF1,NCOR1,1
BTAF1,SUZ12,1
BTAF1,FAM129B,1
BTAF1,NFKBIA,1
BTAF1,RNF19A,1
BTAF1,KLF2,1
BTAF1,TCERG1,1
BTAF1,PARP1,1
BTAF1,LAMA1,1
BTAF1,FIZ1,1
BTAF1,NFATC3,1
BTAF1,HMGXB3,1
BTAF1,CD63,1
BTAF1,EWSR1,1
BTAF1,RIF1,1
BTAF1,ZFP276,1
BTAF1,SSB,1
BTAF1,EDEM1,1
BTAF1,RBFOX2,1
BTAF1,ARNT2,1
BTAF1,MYCN,1
BTAF1,WBP11,1
BTAF1,SRSF3,1
BTAF1,HOXD13,1
BTAF1,KDM5B,1
BTAF1,ESRRA,1
BTAF1,LDLRAP1,1
BTAF1,HDAC5,1
BTAF1,HSPG2,1
BTAF1,MEF2D,1
BTAF1,ZFP592,1
BTAF1,EP300,1
BTAF1,AMOTL2,1
BTAF1,TUBB6,1
BTAF1,GABARAPL2,1
BTAF1,RYBP,1
BTAF1,NR4A1,1
BTAF1,ZFP398,1
BTAF1,MDM2,1
BTAF1,PLAGL2,1
BTAF1,SLC25A4,1
BTAF1,EZH2,1
BTAF1,JMJD1C,1
BTAF1,NR1D2,1
BTAF1,NFX1,1
BTAF1,DNAJC10,1
BTAF1,ZFP768,1
BTAF1,TXNDC5,1
BTAF1,HDGF,1
BTAF1,GNPDA1,1
BTAF1,PHB2,1
BTAF1,MEF2A,1
BTAF1,TAF9,1
BTAF1,HDLBP,1
BTAF1,F3,1
BTAF1,CNOT7,1
BTAF1,PIAS1,1
BTAF1,ME1,1
BTAF1,HIF3A,1
BTAF1,TYRO3,1
BTAF1,BCL3,1
BTAF1,MSH6,1
BTAF1,MYO6,1
BTAF1,SLC7A6,1
BTAF1,CTBP1,1
BTAF1,EED,1
BTAF1,ZFAND3,1
BTAF1,BRWD1,1
BTAF1,MME,1
BTAF1,ADAM23,1
BTAF1,NCOA3,1
BTAF1,MLLT1,1
BTAF1,IGFBP2,1
BTAF1,HIF1A,1
BTAF1,TRPS1,1
BTAF1,PATZ1,1
BTAF1,TNFAIP3,1
BTAF1,CDC5L,1
BTAF1,DR1,1
BTAF1,EFEMP2,1
BTAF1,TNK2,1
BTAF1,CDC42SE2,1
BTAF1,SSBP4,1
BTAF1,LDB1,1
BTAF1,ZBTB24,1
BTAF1,RARA,1
BTAF1,P4HB,1
BTAF1,HDAC2,1
BTAF1,DAZAP2,1
BTAF1,PDCD4,1
BTAF1,TET2,1
BTAF1,TCF12,1
BTAF1,PURA,1
BTAF1,PIAS3,1
BTAF1,MRAS,1
BTAF1,KDELR2,1
BTAF1,P4HA1,1
BTAF1,LAMB2,1
BTAF1,TIMP2,1
BTAF1,TCF7,1
BTAF1,ILK,1
BTAF1,COIL,1
BTAF1,P3H4,1
BTAF1,ELAVL2,1
BTAF1,RRM2,1
BTAF1,RFXAP,1
BTAF1,NFE2L1,1
BTAF1,PHF14,1
BTAF1,TBX3,1
BTAF1,SRM,1
BTAF1,KIT,1
BTAF1,RAB11A,1
BTAF1,ANKRD54,1
BTAF1,PLOD2,1
BTAF1,CTCF,1
BTAF1,AIP,1
BTAF1,HMGB2,1
BTAF1,KLF3,1
BTAF1,RAI14,1
BTAF1,GRHL1,1
BTAF1,POLR2H,1
BTAF1,GLIPR2,1
BTAF1,NFYA,1
BTAF1,LAMA5,1
BTAF1,NFE2L2,1
BTAF1,JDP2,1
BTAF1,HES1,1
BTAF1,BRPF1,1
BTAF1,GBX2,1
BTAF1,KDM3A,1
BTAF1,GRIN1,1
BTAF1,SEMA4C,1
BTAF1,APEX1,1
BTAF1,ZFYVE21,1
BTAF1,RERE,1
BTAF1,PRRX2,1
BTAF1,EOMES,1
BTAF1,RBBP4,1
BTAF1,RASGRP2,1
BTAF1,ERP29,1
BTAF1,SCMH1,1
BTAF1,MAN1A2,1
BTAF1,KLF15,1
BTAF1,HDAC4,1
BTAF1,ANKRD6,1
BTAF1,RAD51,1
BTAF1,HTT,1
BTAF1,UBE2C,1
BTAF1,RNF157,1
BTAF1,H1F0,1
BTAF1,SMARCC2,1
BTAF1,HSF2,1
BTAF1,MT2,1
BTAF1,KAT2B,1
BTAF1,CKAP4,1
BTAF1,SMURF2,1
BTAF1,INTS12,1
BTAF1,TCF4,1
BTAF1,SMAD3,1
BTAF1,NFATC2IP,1
BTAF1,ARHGEF40,1
BTAF1,HSPB1,1
BTAF1,PMS1,1
BTAF1,RBPMS2,1
BTAF1,DMRT1,1
BTAF1,KLF4,1
BTAF1,BCAM,1
BTAF1,TRP53BP1,1
BTAF1,FXR1,1
BTAF1,STAT5B,1
BTAF1,PTPN14,1
BTAF1,RNF6,1
BTAF1,UCHL1,1
BTAF1,SOAT1,1
BTAF1,PLOD3,1
BTAF1,PITX1,1
BTAF1,COPS2,1
BTAF1,DDX20,1
BTAF1,PMM1,1
BTAF1,FN1,1
BTAF1,CRY1,1
BTAF1,KRBA1,1
BTAF1,RCOR2,1
BTAF1,MAPK11,1
BTAF1,EMX2,1
BTAF1,BTG1,1
BTAF1,NDRG1,1
BTAF1,BTG2,1
BTAF1,ETV4,1
BTAF1,REST,1
BTAF1,ZFP57,1
BTAF1,NAA15,1
BTAF1,FRMD4A,1
BTAF1,EPHA2,1
BTAF1,KHDC3,1
BTAF1,NR2C1,1
BTAF1,ZHX3,1
BTAF1,SRSF1,1
BTAF1,TCEA3,1
BTAF1,PKNOX2,1
BTAF1,NR2F6,1
BTAF1,CSF1,1
BTAF1,ETS1,1
BTAF1,SOX2,1
BTAF1,CHCHD10,1
BTAF1,ILF3,1
BTAF1,SKIL,1
BTAF1,THRAP3,1
BTAF1,GABBR1,1
BTAF1,SEC24D,1
BTAF1,PAPOLA,1
BTAF1,NFYB,1
BTAF1,ZFP91,1
BTAF1,CNOT2,1
BTAF1,PARVB,1
BTAF1,CNOT8,1
BTAF1,ELF2,1
BTAF1,SMARCB1,1
BTAF1,TMED2,1
BTAF1,PREB,1
BTAF1,COL4A2,1
BTAF1,COL4A1,1
BTAF1,KLF9,1
BTAF1,HNRNPK,1
BTAF1,NPAS2,1
BTAF1,KHDRBS1,1
BTAF1,RARG,1
BTAF1,MAPK3,1
BTAF1,ZMYM2,1
BTAF1,PAX1,1
BTAF1,ARNTL,1
BTAF1,SDC4,1
BTAF1,TFEB,1
BTAF1,TGFB1,1
BTAF1,MXD4,1
BTAF1,LRP2,1
BTAF1,UBP1,1
BTAF1,BASP1,1
BTAF1,RB1,1
BTAF1,VEZF1,1
BTAF1,MAFK,1
BTAF1,CEMIP,1
BTAF1,RRBP1,1
BTAF1,RBMXL2,1
BTAF1,ZBTB10,1
BTAF1,RCC2,1
BTAF1,ZMYND11,1
BTAF1,NRIP1,1
BTAF1,LHX2,1
BTAF1,TMEM150A,1
BTAF1,ABTB1,1
BTAF1,SOS2,1
BTAF1,POU6F1,1
BTAF1,PAX6,1
BTAF1,SERPINE2,1
BTAF1,DNAJC2,1
BTAF1,ZEB2,1
BTAF1,ZYX,1
BTAF1,EBF1,1
BTAF1,STARD10,1
BTAF1,GTF2H3,1
BTAF1,ANKS1,1
BTAF1,HSBP1,1
BTAF1,TCF7L2,1
BTAF1,FGF3,1
BTAF1,SSR3,1
BTAF1,SAP30,1
BTAF1,JUND,1
BTAF1,BAZ1A,1
BTAF1,ALG13,1
BTAF1,UHRF1,1
BTAF1,GTF3C1,1
BTAF1,IMPDH1,1
BTAF1,TBX18,1
BTAF1,SALL1,1
BTAF1,SREBF1,1
BTAF1,P4HA2,1
BTAF1,PLAG1,1
BTAF1,HEY2,1
BTAF1,DNMT3A,1
BTAF1,BARD1,1
BTAF1,TRRAP,1
BTAF1,RUNX1,1
BTAF1,POLR2B,1
BTAF1,CBX6,1
BTAF1,E2F4,1
BTAF1,MAPK8,1
BTAF1,ZFP236,1
BTAF1,ETV6,1
BTAF1,LRRK1,1
BTAF1,DDX54,1
BTAF1,DDB1,1
BTAF1,PHLDB2,1
BTAF1,ATF2,1
BTAF1,HDAC11,1
BTAF1,POLR1C,1
BTAF1,HSP90B1,1
BTAF1,MLXIPL,1
BTAF1,TAX1BP3,1
BTAF1,SOCS2,1
BTAF1,TEAD3,1
BTAF1,MAPK13,1
BTAF1,MYH9,1
BTAF1,COTL1,1
BTAF1,RAB3IL1,1
BTAF1,SMAD2,1
BTAF1,IRF2,1
BTAF1,MBD2,1
BTAF1,MORF4L2,1
BTAF1,POLR3D,1
BTAF1,GLUL,1
BTAF1,CENPB,1
BTAF1,SLC25A5,1
BTAF1,ERF,1
BTAF1,HNRNPD,1
BTAF1,HTRA1,1
BTAF1,ANXA2,1
BTAF1,CHD4,1
BTAF1,SRI,1
BTAF1,CRAMP1L,1
BTAF1,BEND5,1
BTAF1,HDAC7,1
BTAF1,KANK2,1
BTAF1,CHD5,1
BTAF1,KAT6B,1
BTAF1,FST,1
BTAF1,SPRY2,1
BTAF1,POU2F1,1
BTAF1,ZEB1,1
BTAF1,EYA1,1
BTAF1,EGR1,1
BTAF1,OBSL1,1
BTAF1,TFCP2L1,1
BTAF1,PDIA6,1
BTAF1,GTF2I,1
BTAF1,MSC,1
BTAF1,UNG,1
BTAF1,POLR1B,1
BTAF1,HES6,1
BTAF1,UTF1,1
BTAF1,ECD,1
BTAF1,MIS18BP1,1
BTAF1,ERCC8,1
BTAF1,LMO4,1
BTAF1,TLE1,1
BTAF1,PRDM1,1
BTAF1,PHF2,1
BTAF1,CHST15,1
BTAF1,NOTUM,1
BTAF1,CREB3L2,1
BTAF1,CSRP2,1
BTAF1,NFIL3,1
BTAF1,CTBP2,1
BTAF1,NFIB,1
BTAF1,PHF12,1
BTAF1,POLR2A,1
BTAF1,WWTR1,1
BTAF1,AGAP3,1
BTAF1,BCAT1,1
BTAF1,SIN3A,1
BTAF1,PHF1,1
BTAF1,SPEN,1
BTAF1,MEIS1,1
BTAF1,TRIM25,1
BTAF1,NFXL1,1
BTAF1,KLF10,1
BTAF1,APP,1
BTAF1,UBQLN2,1
BTAF1,CDC20,1
BTAF1,GLI2,1
BTAF1,RBM14,1
BTAF1,HSPH1,1
BTAF1,FHL2,1
BTAF1,IRF6,1
BTAF1,CIC,1
BTAF1,PLTP,1
BTAF1,ID4,1
BTAF1,AKT1,1
BTAF1,FOSL2,1
BTAF1,BIN1,1
BTAF1,TOX3,1
BTAF1,BMPER,1
BTAF1,SLC6A8,1
BTAF1,MPHOSPH8,1
BTAF1,PAWR,1
BTAF1,JARID2,1
BTAF1,IKBKB,1
BTAF1,CRIP2,1
BTAF1,DDX5,1
BTAF1,LOXL2,1
BTAF1,ASS1,1
BTAF1,SIX5,1
BTAF1,ING1,1
BTAF1,HDAC3,1
BTAF1,MANF,1
BTAF1,OVOL1,1
BTAF1,NFATC4,1
BTAF1,PFKP,1
BTAF1,SNAI1,1
BTAF1,GLI1,1
BTAF1,POLR2E,1
BTAF1,SPOCK1,1
BTAF1,CTSZ,1
BTAF1,MAZ,1
BTAF1,NKRF,1
BTAF1,BARX1,1
BTAF1,SOX7,1
BTAF1,ING3,1
BTAF1,CLCN5,1
BTAF1,CBX4,1
BTAF1,COL27A1,1
BTAF1,TBPL1,1
BTAF1,POU4F2,1
BTAF1,SOX4,1
BTAF1,TGIF1,1
BTAF1,SGK1,1
BTAF1,PTH1R,1
BTAF1,ESRRB,1
BTAF1,KDELR3,1
BTAF1,MITF,1
BTAF1,SNAPC3,1
BTAF1,EPS8,1
BTAF1,CRABP2,1
BTAF1,SMAD7,1
BTAF1,SLC9A6,1
BTAF1,GRB10,1
BTAF1,RBBP7,1
BTAF1,FAM234A,1
BTAF1,TBL1X,1
BTAF1,POU4F1,1
BTAF1,STAT5A,1
BTAF1,NME2,1
BTAF1,CCN2,1
BTAF1,TCF20,1
BTAF1,SIRT2,1
BTAF1,PITX2,1
BTAF1,ZDHHC15,1
BTAF1,VEGFA,1
BTAF1,DCXR,1
BTAF1,PBX4,1
BTAF1,TENM4,1
BTAF1,TWIST1,1
BTAF1,HMGA2,1
BTAF1,FGF10,1
BTAF1,SND1,1
BTAF1,SPRY4,1
BTAF1,ZFP423,1
BTAF1,ELK1,1
BTAF1,SLCO3A1,1
BTAF1,FOXQ1,1
BTAF1,ISYNA1,1
BTAF1,GAS6,1
BTAF1,SALL4,1
BTAF1,CDKN1A,1
BTAF1,NRG1,1
BTAF1,SIX1,1
BTAF1,JUN,1
BTAF1,EHMT2,1
BTAF1,MED15,1
BTAF1,HIST1H2BB,1
BTAF1,UBTF,1
BTAF1,COMMD3,1
BTAF1,CNOT6L,1
BTAF1,DAXX,1
BTAF1,GATA3,1
BTAF1,RLIM,1
BTAF1,FOXO1,1
BTAF1,GZF1,1
BTAF1,TRIB3,1
BTAF1,ZFPM1,1
BTAF1,LTBP4,1
BTAF1,BMP6,1
BTAF1,HOPX,1
BTAF1,D230025D16RIK,1
BTAF1,HIST1H4K,1
BTAF1,ZDHHC16,1
BTAF1,BMI1,1
BTAF1,FGFR3,1
BTAF1,NSD1,1
BTAF1,TRH,1
BTAF1,TSHZ3,1
BTAF1,MORC4,1
BTAF1,ADAM19,1
BTAF1,MED4,1
BTAF1,FOXD3,1
BTAF1,NDN,1
BTAF1,HMGA1B,1
BTAF1,HMGA1,1
BTAF1,TIMP3,1
BTAF1,MCM3,1
BTAF1,MSX2,1
BTAF1,BTBD11,1
BTAF1,CKB,1
BTAF1,TRIP11,1
BTAF1,MED21,1
BTAF1,SIRT3,1
BTAF1,GTF3C5,1
BTAF1,TAGLN2,1
BTAF1,PLOD1,1
BTAF1,CBX8,1
BTAF1,CHD7,1
BTAF1,AMPD2,1
BTAF1,EMP2,1
BTAF1,SLC26A10,1
BTAF1,SATB2,1
BTAF1,NR1H2,1
BTAF1,KLF13,1
BTAF1,TADA3,1
BTAF1,POLR2J,1
BTAF1,MGST3,1
BTAF1,ATF3,1
BTAF1,NFIA,1
BTAF1,MEN1,1
BTAF1,NR3C1,1
BTAF1,PCBD1,1
BTAF1,TFE3,1
BTAF1,CCNB1,1
BTAF1,CTSD,1
BTAF1,UPP1,1
BTAF1,TFAP4,1
BTAF1,FOXO3,1
BTAF1,CST3,1
BTAF1,TFAP2C,1
BTAF1,NFATC1,1
BTAF1,DTX1,1
BTAF1,VSIR,1
BTAF1,GNAS,1
BTAF1,LMF2,1
BTAF1,RUVBL1,1
BTAF1,ZFP296,1
BTAF1,ZBTB7A,1
BTAF1,CALU,1
BTAF1,FXYD6,1
BTAF1,FOXA2,1
BTAF1,CITED1,1
BTAF1,ZFP275,1
BTAF1,PA2G4,1
BTAF1,MCM7,1
BTAF1,NR2F2,1
BTAF1,EPAS1,1
BTAF1,SORD,1
BTAF1,ECT2,1
BTAF1,GJB3,1
BTAF1,ATF7,1
BTAF1,HIVEP2,1
BTAF1,CCNG1,1
BTAF1,DDIT3,1
BTAF1,PDCD11,1
BTAF1,ATP6V0A1,1
BTAF1,EPHA4,1
BTAF1,KLF6,1
BTAF1,JAM2,1
BTAF1,IGF2,1
BTAF1,SPP1,1
BTAF1,PROX1,1
BTAF1,PEG3,1
BTAF1,CREB5,1
BTAF1,ANP32A,1
BTAF1,GATA4,1
BTAF1,PDGFRA,1
BTAF1,CCND1,1
BTAF1,ESPL1,1
BTAF1,NR0B1,1
BTAF1,ANKRD49,1
BTAF1,CTSA,1
BTAF1,KRT8,1
BTAF1,TXNIP,1
BTAF1,CTSL,1
BTAF1,NFKB2,1
BTAF1,MEIS3,1
BTAF1,HSPA5,1
BTAF1,SNURF,1
BTAF1,RAPGEF3,1
BTAF1,NFIC,1
BTAF1,DCP1A,1
BTAF1,KNTC1,1
BTAF1,SERPINH1,1
BTAF1,MCM4,1
BTAF1,ZIC3,1
BTAF1,TAF6,1
BTAF1,MED12,1
BTAF1,TOX4,1
BTAF1,FABP3,1
BTAF1,DAB2,1
BTAF1,POLR2I,1
BTAF1,MEF2C,1
BTAF1,LAMB1,1
BTAF1,RFX5,1
BTAF1,TINAGL1,1
BTAF1,TET1,1
BTAF1,ASH1L,1
BTAF1,IFITM2,1
BTAF1,CALR,1
BTAF1,TRIM32,1
BTAF1,CMKLR1,1
BTAF1,TUBB2B,1
BTAF1,IRF3,1
BTAF1,NR1D1,1
BTAF1,ATM,1
BTAF1,DUSP9,1
BTAF1,2200002D01RIK,1
BTAF1,MYBBP1A,1
BTAF1,PER1,1
BTAF1,ZFP987,1
BTAF1,CELF3,1
BTAF1,TUBA4A,1
BTAF1,POLR3F,1
BTAF1,ILF2,1
BTAF1,ZFP462,1
BTAF1,HS3ST1,1
BTAF1,VIM,1
BTAF1,PLRG1,1
BTAF1,TRP53,1
BTAF1,MT1,1
BTAF1,OPLAH,1
BTAF1,NONO,1
BTAF1,ANXA5,1
BTAF1,AU018091,1
BTAF1,SP8,1
BTAF1,KRT42,1
BTAF1,POLR1A,1
BTAF1,DDB2,1
BTAF1,POU5F1,1
BTAF1,HNF1B,1
BTAF1,DPP4,1
BTAF1,SHKBP1,1
BTAF1,GTF2A1L,1
BTAF1,ZFP36L1,1
BTAF1,STARD8,1
BTAF1,FRRS1,1
BTAF1,LY6G6E,1
BTAF1,STXBP2,1
BTAF1,SMARCA2,1
BTAF1,ELF4,1
BTAF1,TOP2A,1
BTAF1,CEBPZ,1
BTAF1,THBD,1
BTAF1,OTX2,1
BTAF1,MED31,1
BTAF1,RUVBL2,1
BTAF1,HNF4A,1
BTAF1,MCM5,1
BTAF1,MCM2,1
BTAF1,L1TD1,1
BTAF1,NID1,1
BTAF1,HCFC1,1
BTAF1,ABT1,1
BTAF1,RUNX3,1
BTAF1,DDAH2,1
BTAF1,MYMX,1
BTAF1,GPX3,1
BTAF1,TOPORS,1
BTAF1,TAF6L,1
BTAF1,ARID5B,1
BTAF1,HIP1,1
BTAF1,ELL3,1
BTAF1,SELENOW,1
CBX7,BMP6,1
CBX7,OVOL1,1
CBX7,ZEB1,1
CBX7,COL27A1,1
CBX7,FGF3,1
CBX7,HTRA1,1
CBX7,ESRRB,1
CBX7,CUX1,1
CBX7,CREB5,1
CBX7,HOPX,1
CBX7,MAML3,1
CBX7,ID4,1
CBX7,SATB1,1
CBX7,GRB10,1
CBX7,FOXQ1,1
CBX7,SLCO3A1,1
CBX7,FGFR3,1
CBX7,NPAS2,1
CBX7,BMPER,1
CBX7,CHST15,1
CBX7,BTBD11,1
CBX7,FOXP1,1
CBX7,NFIA,1
CBX7,CSF1,1
CBX7,PTH1R,1
CBX7,GAS6,1
CBX7,DMRT1,1
CBX7,PAX8,1
CBX7,GDPD5,1
CBX7,GNAS,1
CBX7,IRF4,1
CBX7,SOX7,1
CBX7,THBD,1
CBX7,IRF2,1
CBX7,HIVEP2,1
CBX7,HOXD13,1
CBX7,TOX3,1
CBX7,ZFPM1,1
CBX7,LRRK1,1
CBX7,CITED1,1
CBX7,APP,1
CBX7,FST,1
CBX7,PKNOX2,1
CBX7,COL4A2,1
CBX7,COL4A1,1
CBX7,KHDC3,1
CBX7,SPOCK1,1
CBX7,VIM,1
CBX7,HEY2,1
CBX7,PRRX2,1
CBX7,PRDM14,1
CBX7,EOMES,1
CBX7,PODXL,1
CBX7,FRMD4A,1
CBX7,EBF4,1
CBX7,ZBTB10,1
CBX7,DTX1,1
CBX7,MRAS,1
CBX7,POU4F2,1
CBX7,DKK1,1
CBX7,FHL2,1
CBX7,TWIST1,1
CBX7,MEF2C,1
CBX7,ZEB2,1
CBX7,SERPINE2,1
CBX7,ATF3,1
CBX7,MLXIPL,1
CBX7,EPAS1,1
CBX7,SALL1,1
CBX7,JDP2,1
CBX7,EBF1,1
CBX7,HMGA2,1
CBX7,JUN,1
CBX7,LRP2,1
CBX7,ID3,1
CBX7,OBSL1,1
CBX7,BMI1,1
CBX7,P4HA2,1
CBX7,NRG1,1
CBX7,TBX18,1
CBX7,SATB2,1
CBX7,SOX4,1
CBX7,BIN1,1
CBX7,PHLDB2,1
CBX7,FGF10,1
CBX7,TEAD4,1
CBX7,HDAC7,1
CBX7,PTPN14,1
CBX7,TGFB1,1
CBX7,LHX2,1
CBX7,KDELR3,1
CBX7,IGF2,1
CBX7,MSC,1
CBX7,MKX,1
CBX7,NDN,1
CBX7,POU6F1,1
CBX7,SMARCA2,1
CBX7,EMP2,1
CBX7,ARHGAP29,1
CBX7,KLF4,1
CBX7,BMP4,1
CBX7,ETS1,1
CBX7,STAT5B,1
CBX7,NDRG1,1
CBX7,NFIL3,1
CBX7,NR2F2,1
CBX7,MSX2,1
CBX7,NOTUM,1
CBX7,SEMA4C,1
CBX7,HNF1B,1
CBX7,HS3ST1,1
CBX7,MORC4,1
CBX7,DPP4,1
CBX7,ELAVL2,1
CBX7,BCAT1,1
CBX7,POU4F1,1
CBX7,NID1,1
CBX7,NFATC1,1
CBX7,TIMP3,1
CBX7,EMX2,1
CBX7,VEGFA,1
CBX7,LOXL2,1
CBX7,IMPDH1,1
CBX7,COMMD3,1
CBX7,KIT,1
CBX7,KLF2,1
CBX7,TIMP2,1
CBX7,NOTCH1,1
CBX7,PAX1,1
CBX7,FABP3,1
CBX7,LAMA1,1
CBX7,EPHA4,1
CBX7,E2F6,1
CBX7,ZFHX3,1
CBX7,SOX17,1
CBX7,FOSL2,1
CBX7,LAMB1,1
CBX7,BAZ1A,1
CBX7,TFAP2C,1
CBX7,FOXA2,1
CBX7,SOS2,1
CBX7,SIX5,1
CBX7,EYA1,1
CBX7,FOXD3,1
CBX7,MT1,1
CBX7,GATA3,1
CBX7,PDGFRA,1
CBX7,CKB,1
CBX7,TENM4,1
CBX7,PAX6,1
CBX7,RAPGEF3,1
CBX7,SHROOM3,1
CBX7,PITX2,1
CBX7,KLF15,1
CBX7,ELF2,1
CBX7,SIX1,1
CBX7,RUNX1,1
CBX7,CLCN5,1
CBX7,CEMIP,1
CBX7,GLI2,1
CBX7,HSPB1,1
CBX7,CDKN1A,1
CBX7,PHF12,1
CBX7,HES6,1
CBX7,TXNIP,1
CBX7,STAT5A,1
CBX7,NFIC,1
CBX7,STARD10,1
CBX7,MEIS1,1
CBX7,TCEA3,1
CBX7,RFX2,1
CBX7,GBX2,1
CBX7,ANXA5,1
CBX7,PHLDA3,1
CBX7,NFIB,1
CBX7,TYRO3,1
CBX7,SFI1,1
CBX7,RFXAP,1
CBX7,OTX2,1
CBX7,SMAD3,1
CBX7,ANXA2,1
CBX7,B2M,1
CBX7,DNMT3A,1
CBX7,ARHGEF40,1
CBX7,ZFP423,1
CBX7,SDC4,1
CBX7,SLC25A4,1
CBX7,UPP1,1
CBX7,STARD8,1
CBX7,MME,1
CBX7,RBMXL2,1
CBX7,ARID5B,1
CBX7,HDAC2,1
CBX7,MYC,1
CBX7,PROX1,1
CBX7,TSHZ3,1
CBX7,ZYX,1
CBX7,MTF2,1
CBX7,VEZF1,1
CBX7,KRT8,1
CBX7,DUSP9,1
CBX7,JAM2,1
CBX7,IGFBP2,1
CBX7,TCF12,1
CBX7,ABHD5,1
CBX7,RASGRP2,1
CBX7,ARNT2,1
CBX7,NR0B1,1
CBX7,GATA6,1
CBX7,DAB2,1
CBX7,PARVB,1
CBX7,GJB3,1
CBX7,GATA4,1
CBX7,TRH,1
CBX7,MAPK11,1
CBX7,ARNTL,1
CBX7,TBX3,1
CBX7,LEFTY2,1
CBX7,CUX2,1
CBX7,SPEN,1
CBX7,SNAI1,1
CBX7,F3,1
CBX7,PURA,1
CBX7,CRY1,1
CBX7,MT2,1
CBX7,FOXJ2,1
CBX7,CHD5,1
CBX7,ZHX3,1
CBX7,TUBB6,1
CBX7,NR3C1,1
CBX7,CD63,1
CBX7,P4HA1,1
CBX7,LAMA5,1
CBX7,CHD7,1
CBX7,ZFP36L1,1
CBX7,ZFP277,1
CBX7,GLDC,1
CBX7,VSIR,1
CBX7,ME1,1
CBX7,E2F2,1
CBX7,LDHB,1
CBX7,SGK1,1
CBX7,ZFP91,1
CBX7,HIST1H1D,1
CBX7,CAR2,1
CBX7,PLAG1,1
CBX7,TRPS1,1
CBX7,CMKLR1,1
CBX7,FLRT3,1
CBX7,BARX1,1
CBX7,GLIPR2,1
CBX7,SP1,1
CBX7,SLC7A6,1
CBX7,TAF6,1
CBX7,TLE1,1
CBX7,TCERG1,1
CBX7,SELENOW,1
CBX7,BEND5,1
CBX7,APBB1,1
CBX7,HIP1,1
CBX7,PRDM1,1
CBX7,WWTR1,1
CBX7,MYMX,1
CBX7,TRIP11,1
CBX7,CKAP4,1
CBX7,SLC6A8,1
CBX7,FGF4,1
CBX7,NR5A2,1
CBX7,IRF6,1
CBX7,PDPN,1
CBX7,TFE3,1
CBX7,ASS1,1
CBX7,TUBA4A,1
CBX7,TMSB4X,1
CBX7,EGR1,1
CBX7,ID2,1
CBX7,COTL1,1
CBX7,KLF8,1
CBX7,COBL,1
CBX7,ANKRD6,1
CBX7,PFKP,1
CBX7,GLUL,1
CBX7,RNF19A,1
CBX7,CNOT6L,1
CBX7,SERPINH1,1
CBX7,RAB3IL1,1
CBX7,H1F0,1
CBX7,TPM4,1
CBX7,AIP,1
CBX7,FXYD6,1
CBX7,CIC,1
CBX7,ANP32A,1
CBX7,MEIS3,1
CBX7,EPS8,1
CBX7,CBX4,1
CBX7,RARG,1
CBX7,CREB3L2,1
CBX7,ADAM19,1
CBX7,RNF157,1
CBX7,BASP1,1
CBX7,FN1,1
CBX7,CRABP2,1
CBX7,SLC26A10,1
CBX7,POU2F1,1
CBX7,IRF1,1
CBX7,NFXL1,1
CBX7,TGFB1I1,1
CBX8,PHF12,1
CBX8,SRSF1,1
CBX8,PREB,1
CBX8,SMARCA4,1
CBX8,YEATS4,1
CBX8,FXR2,1
CBX8,ESRRA,1
CBX8,ERP29,1
CHD4,MIS18BP1,1
CHD4,CTNNB1,1
CHD4,POLR2E,1
CHD4,SFI1,1
CHD4,SRF,1
CHD4,MED4,1
CHD4,DCP1A,1
CHD4,DDX20,1
CHD4,CTCF,1
CHD4,EZH2,1
CHD4,NR2C1,1
CHD4,HDGF,1
CHD4,POLR1B,1
CHD4,SREBF1,1
CHD4,GTF2H4,1
CHD4,ZFP335,1
CHD4,DDB2,1
CHD4,TFAP4,1
CHD4,KDM3A,1
CHD4,ZFP398,1
CHD4,XRCC5,1
CHD4,MTF2,1
CHD4,POLR3B,1
CHD4,TMED2,1
CHD4,COPS2,1
CHD4,FOXJ3,1
CHD4,ATF7,1
CHD4,RRBP1,1
CHD4,INTS12,1
CHD4,CALU,1
CHD4,ECD,1
CHD4,ITPK1,1
CHD4,SCMH1,1
CHD4,CNOT8,1
CHD4,SMARCA5,1
CHD4,ABTB1,1
CHD4,POLR2I,1
CHD4,TADA3,1
CHD4,EIF4A2,1
CHD4,TCERG1,1
CHD4,FUBP3,1
CHD4,SP1,1
CHD4,NOTCH2,1
CHD4,SERTAD2,1
CHD4,DNMT3A,1
CHD4,BRPF1,1
CHD4,RUVBL2,1
CHD4,HMGXB3,1
CHD4,RNF6,1
CHD4,TNFAIP3,1
CHD4,ATF6,1
CHD4,UBE2C,1
CHD4,POU2F1,1
CHD4,MED21,1
CHD4,MEF2A,1
CHD4,YEATS2,1
CHD4,RNF14,1
CHD4,SND1,1
CHD4,NFATC2IP,1
CHD4,ZFP148,1
CHD4,PIAS2,1
CHD4,MED31,1
CHD4,GNPDA1,1
CHD4,BRD7,1
CHD4,TRRAP,1
CHD4,ZBTB39,1
CHD4,SUZ12,1
CHD4,HNRNPD,1
CHD4,MYLPF,1
CHD4,RASGRP2,1
CHD4,POLR2K,1
CHD4,KANK2,1
CHD4,PELP1,1
CHD4,RBM14,1
CHD4,ASXL1,1
CHD4,IRF1,1
CHD4,CEBPZ,1
CHD4,E2F2,1
CHD4,NFXL1,1
CHD4,KEAP1,1
CHD4,NCOA3,1
CHD4,SLCO3A1,1
CHD4,CENPB,1
CHD4,ASS1,1
CHD4,SEMA4C,1
CHD4,CUX1,1
CHD4,CIC,1
CHD4,ANKRD54,1
CHD4,SLC7A6,1
CHD4,CTBP1,1
CHD4,SRSF1,1
CHD4,SLC25A4,1
CHD4,CAR2,1
CHD4,RCC2,1
CHD4,HNRNPK,1
CHD4,DNAJC2,1
CHD4,JMJD1C,1
CHD4,ETS1,1
CHD4,MANF,1
CHD4,THRAP3,1
CHD4,FRRS1,1
CHD4,RERE,1
CHD4,NFE2L2,1
CHD4,ZEB1,1
CHD4,CNOT3,1
CHD4,RIF1,1
CHD4,MKRN1,1
CHD4,ZMYM2,1
CHD4,NFYA,1
CHD4,HDAC2,1
CHD4,ADAM19,1
CHD4,NFE2L1,1
CHD4,RFX7,1
CHD4,LAPTM5,1
CHD4,HIF1A,1
CHD4,XRCC6,1
CHD4,SRM,1
CHD4,HMCES,1
CHD4,ZBTB43,1
CHD4,BEND5,1
CHD4,ZFYVE21,1
CHD4,L3MBTL2,1
CHD4,SMARCA4,1
CHD4,PATJ,1
CHD4,ARNTL,1
CHD4,PIAS1,1
CHD4,EDEM1,1
CHD4,TET2,1
CHD4,POU6F1,1
CHD4,CSRP2,1
CHD4,E2F6,1
CHD4,ZFP276,1
CHD4,DNAJC10,1
CHD4,CUX2,1
CHD4,MORF4L2,1
CHD4,HMGXB4,1
CHD4,SPRY4,1
CHD4,RB1,1
CHD4,ZFP219,1
CHD4,GLIPR2,1
CHD4,CNOT2,1
CHD4,TRIM28,1
CHD4,FXR1,1
CHD4,TXNIP,1
CHD4,SKIL,1
CHD4,GSR,1
CHD4,TRPS1,1
CHD4,TPD52,1
CHD4,LAMC1,1
CHD4,HMGA1,1
CHD4,TMEM150A,1
CHD4,SMAD2,1
CHD4,VSIR,1
CHD4,NR2F6,1
CHD4,SATB1,1
CHD4,CNOT7,1
CHD4,ZFPM1,1
CHD4,POU5F1,1
CHD4,HMGA1B,1
CHD4,TGFB1I1,1
CHD4,SSBP4,1
CHD4,ZEB2,1
CHD4,NEDD4,1
CHD4,LTBP4,1
CHD4,PRDM5,1
CHD4,ELAVL2,1
CHD4,CKAP4,1
CHD4,SDC4,1
CHD4,KLF15,1
CHD4,ETV1,1
CHD4,LAMA1,1
CHD4,MKX,1
CHD4,SPP1,1
CHD4,2410141K09RIK,1
CHD4,NRG1,1
CHD4,DTX1,1
CHD4,OPLAH,1
CHD4,TPM4,1
CHD4,RBPMS2,1
CHD4,UTF1,1
CHD4,TUBB6,1
CHD4,SMAD7,1
CHD4,DPPA2,1
CHD4,ZFP592,1
CHD4,MEIS3,1
CHD4,SIN3A,1
CHD4,MME,1
CHD4,P3H4,1
CHD4,EBF4,1
CHD4,ARHGAP29,1
CHD4,FABP3,1
CHD4,TEAD1,1
CHD4,MT2,1
CHD4,MYMX,1
CHD4,ME1,1
CHD4,EOMES,1
CHD4,SHROOM3,1
CHD4,ZFHX3,1
CHD4,NANOG,1
CHD4,HMGA2,1
CHD4,ARNT2,1
CHD4,BCL3,1
CHD4,RBMXL2,1
CHD4,TEAD3,1
CHD4,GLIS2,1
CHD4,OTX2,1
CHD4,ARHGEF40,1
CHD4,DKK1,1
CHD4,CALCOCO2,1
CHD4,ZFP979,1
CHD7,SFI1,1
CHD7,MTF2,1
CHD7,LRPAP1,1
CHD7,SPP1,1
CTCF,MED4,1
CTCF,TOX4,1
CTCF,TRP53,1
CTCF,POLR2J,1
CTCF,RNF14,1
CTCF,ZFP398,1
CTCF,TNFAIP3,1
CTCF,DDX20,1
CTCF,TFEB,1
CTCF,GNPDA1,1
CTCF,RUVBL2,1
CTCF,ABT1,1
CTCF,TRRAP,1
CTCF,VEGFA,1
CTCF,MCM5,1
CTCF,TCERG1,1
CTCF,PCBP2,1
CTCF,SNAI1,1
CTCF,MDM2,1
CTCF,PGA5,1
CTCF,SEMA4C,1
CTCF,ELF4,1
CTCF,COIL,1
CTCF,2200002D01RIK,1
CTCF,NFKB2,1
CTCF,RASGRP2,1
CTCF,SMARCD1,1
CTCF,PATZ1,1
CTCF,COL27A1,1
CTCF,GLIPR2,1
CTCF,SLC25A5,1
CTCF,AIRE,1
CTCF,BRD7,1
CTCF,POU2F1,1
CTCF,ITPK1,1
CTCF,P4HA1,1
CTCF,GLI1,1
CTCF,CUX2,1
CTCF,RRBP1,1
CTCF,APOBEC3,1
CTCF,ABTB1,1
CTCF,POLR2H,1
CTCF,RRM2,1
CTCF,ANKRD6,1
CTCF,AKT1,1
CTCF,APP,1
CTCF,PDGFRA,1
CTCF,LRRK1,1
CTCF,EP400,1
CTCF,SPOCK1,1
CTCF,VSIR,1
CTCF,ADAM19,1
CTCF,E2F2,1
CTCF,AIP,1
CTCF,TRIB3,1
CTCF,DDAH2,1
CTCF,MGST3,1
CTCF,ELF3,1
CTCF,MYO7A,1
CTCF,NFX1,1
CTCF,TIMELESS,1
CTCF,CENPB,1
CTCF,RCOR2,1
CTCF,MIS18BP1,1
CTCF,NR2C1,1
CTCF,FXR2,1
CTCF,LTBP4,1
CTCF,ZBTB39,1
CTCF,ALPL,1
CTCF,HEXIM1,1
CTCF,GLI2,1
CTCF,RCC2,1
CTCF,RAPGEF3,1
CTCF,SMARCC2,1
CTCF,TGFB1I1,1
CTCF,EGR1,1
CTCF,PMM1,1
CTCF,TFAP2C,1
CTCF,CEMIP,1
CTCF,SAT1,1
CTCF,P3H4,1
CTCF,SRF,1
CTCF,DNMT3A,1
CTCF,ECD,1
CTCF,ILF3,1
CTCF,TFAP4,1
CTCF,F3,1
CTCF,ZYX,1
CTCF,PSIP1,1
CTCF,TGFB1,1
CTCF,MLLT1,1
CTCF,HS3ST1,1
CTCF,MYCN,1
CTCF,ZFP219,1
CTCF,ABHD5,1
CTCF,CAR2,1
CTCF,TYRO3,1
CTCF,NUP210,1
CTCF,GZF1,1
CTCF,FLRT3,1
CTCF,MAPK3,1
CTCF,GATA3,1
CTCF,SGK1,1
CTCF,SLCO3A1,1
CTCF,DAB2,1
CTCF,RAB3IL1,1
CTCF,CTSA,1
CTCF,TCF7L2,1
CTCF,SOX15,1
CTCF,XRCC5,1
CTCF,NR3C1,1
CTCF,SFI1,1
CTCF,POU6F1,1
CTCF,NRG1,1
CTCF,POLR2I,1
CTCF,PHLDB2,1
CTCF,TIMP2,1
CTCF,HDLBP,1
CTCF,FAM234A,1
CTCF,MAZ,1
CTCF,SLC6A8,1
CTCF,MEIS3,1
CTCF,LAMA1,1
CTCF,PKNOX2,1
CTCF,BASP1,1
CTCF,MORF4L2,1
CTCF,TGIF1,1
CTCF,MYLPF,1
CTCF,RFX2,1
CTCF,DEK,1
CTCF,ZMYM2,1
CTCF,ANXA5,1
CTCF,LAMC1,1
CTCF,CUX1,1
CTCF,TBX3,1
CTCF,SFPQ,1
CTCF,ATF3,1
CTCF,LDB1,1
CTCF,TAF10,1
CTCF,DCXR,1
CTCF,PATJ,1
CTCF,KDM3A,1
CTCF,NRIP1,1
CTCF,TMEM150A,1
CTCF,JUN,1
CTCF,SMARCA2,1
CTCF,HIP1,1
CTCF,PDCD4,1
CTCF,DDB2,1
CTCF,MATR3,1
CTCF,GNAS,1
CTCF,SATB1,1
CTCF,PLAGL2,1
CTCF,CTBP2,1
CTCF,CALR,1
CTCF,CRY1,1
CTCF,CALCOCO2,1
CTCF,ELL2,1
CTCF,THBD,1
CTCF,SLC6A6,1
CTCF,ZEB2,1
CTCF,ZFP592,1
CTCF,MLXIPL,1
CTCF,DDB1,1
CTCF,EOMES,1
CTCF,SP1,1
CTCF,EPS8,1
CTCF,CITED2,1
CTCF,ILF2,1
CTCF,HIF1A,1
CTCF,PRDM1,1
CTCF,TAGLN2,1
CTCF,CTBP1,1
CTCF,SIN3A,1
CTCF,PLA2G1B,1
CTCF,MED15,1
CTCF,SCMH1,1
CTCF,ANKS1,1
CTCF,EIF4A2,1
CTCF,CHST15,1
CTCF,NFKBIA,1
CTCF,CCNB1,1
CTCF,GATA6,1
CTCF,TPM4,1
CTCF,EZH1,1
CTCF,HIST1H2AC,1
CTCF,TRIM28,1
CTCF,TUBA4A,1
CTCF,TBX18,1
CTCF,RBL1,1
CTCF,UBTF,1
CTCF,NFATC1,1
CTCF,HDAC1,1
CTCF,GRHL1,1
CTCF,DNMT1,1
CTCF,CREB3,1
CTCF,POU5F1,1
CTCF,HIST1H2BN,1
CTCF,HIST1H2AK,1
CTCF,UBE2C,1
CTCF,PHF1,1
CTCF,YEATS4,1
CTCF,TXNIP,1
CTCF,RBM14,1
CTCF,BTF3,1
CTCF,KIT,1
CTCF,HIST1H2BB,1
CTCF,ATF1,1
CTCF,GDPD5,1
CTCF,MEN1,1
CTCF,HIST1H2BK,1
CTCF,SREBF1,1
CTCF,HMGXB4,1
CTCF,HIF3A,1
CTCF,MEF2D,1
CTCF,ZMYND11,1
CTCF,TFCP2L1,1
CTCF,KRT8,1
CTCF,HIST1H2BF,1
CTCF,TMED2,1
CTCF,ZFP423,1
CTCF,ASS1,1
CTCF,KLF4,1
CTCF,WWTR1,1
CTCF,ZFP335,1
CTCF,TEAD3,1
CTCF,RAB11A,1
CTCF,HIST1H2AF,1
CTCF,HIST1H2BL,1
CTCF,MYC,1
CTCF,EMP2,1
CTCF,ASNS,1
CTCF,MAPK8,1
CTCF,THRAP3,1
CTCF,KNTC1,1
CTCF,AMOTL2,1
CTCF,TNK2,1
CTCF,MARC2,1
CTCF,EP300,1
CTCF,NR1D2,1
CTCF,RBMXL2,1
CTCF,TENM4,1
CTCF,SOAT1,1
CTCF,ETV5,1
CTCF,POLR1A,1
CTCF,SOCS2,1
CTCF,POLR3B,1
CTCF,HIST1H3H,1
CTCF,HIST1H2AI,1
CTCF,KAT2B,1
CTCF,HNRNPK,1
CTCF,CBX4,1
CTCF,SDC4,1
CTCF,IRF1,1
CTCF,BMI1,1
CTCF,CHD7,1
CTCF,JMJD1C,1
CTCF,SRRT,1
CTCF,MYD88,1
CTCF,TAF9,1
CTCF,BRCA1,1
CTCF,HES6,1
CTCF,DKK1,1
CTCF,CDC5L,1
CTCF,ZFP462,1
CTCF,JDP2,1
CTCF,SMAD7,1
CTCF,KLF8,1
CTCF,ODC1,1
CTCF,ETV1,1
CTCF,ITGA6,1
CTCF,DIDO1,1
CTCF,ZFHX3,1
CTCF,DDX5,1
CTCF,RNF6,1
CTCF,CRIP2,1
CTCF,TBL1X,1
CTCF,XRCC6,1
CTCF,MED21,1
CTCF,P3H1,1
CTCF,CSF1,1
CTCF,NME2,1
CTCF,TRIM25,1
CTCF,IMPDH1,1
CTCF,BTG1,1
CTCF,PMS1,1
CTCF,MCM7,1
CTCF,COPS2,1
CTCF,TRIM24,1
CTCF,NOTUM,1
CTCF,RAI14,1
CTCF,PAWR,1
CTCF,MITF,1
CTCF,GABBR1,1
CTCF,SIRT1,1
CTCF,HMGA2,1
CTCF,ZFP281,1
CTCF,CNOT2,1
CTCF,TSG101,1
CTCF,CNOT7,1
CTCF,MORC4,1
CTCF,RANBP17,1
CTCF,NACC1,1
CTCF,HTT,1
CTCF,ZFP148,1
CTCF,SLC25A4,1
CTCF,SIX1,1
CTCF,ZFP277,1
CTCF,PIAS1,1
CTCF,PHC1,1
CTCF,PBX4,1
CTCF,SOS2,1
CTCF,SMARCA5,1
CTCF,ATP6V0A1,1
CTCF,SSR3,1
CTCF,ELF1,1
CTCF,APOE,1
CTCF,FRRS1,1
CTCF,ERCC8,1
CTCF,PHF14,1
CTCF,SMURF2,1
CTCF,YEATS2,1
CTCF,ATM,1
CTCF,ZFP236,1
CTCF,FOXO1,1
CTCF,CST3,1
CTCF,EBF4,1
CTCF,L1TD1,1
CTCF,MLXIP,1
CTCF,HMGA1B,1
CTCF,KLF3,1
CTCF,ZFP276,1
CTCF,CDC42SE2,1
CTCF,KAT6B,1
CTCF,POLR3F,1
CTCF,STAT5A,1
CTCF,NR1H2,1
CTCF,TUBB6,1
CTCF,NR4A1,1
CTCF,ELF2,1
CTCF,NFATC3,1
CTCF,GTF2H4,1
CTCF,MTF2,1
CTCF,HDAC5,1
CTCF,USF1,1
CTCF,ERP29,1
CTCF,SKIL,1
CTCF,GTF2H3,1
CTCF,ESRRA,1
CTCF,IGF2,1
CTCF,MME,1
CTCF,SERTAD2,1
CTCF,MKX,1
CTCF,PRRX2,1
CTCF,LRP2,1
CTCF,PURA,1
CTCF,AATF,1
CTCF,ATF7,1
CTCF,PER1,1
CTCF,SND1,1
CTCF,TRP53BP1,1
CTCF,MCM6,1
CTCF,FXR1,1
CTCF,EPAS1,1
CTCF,PLOD1,1
CTCF,PEG3,1
CTCF,BTBD11,1
CTCF,NOTCH2,1
CTCF,KDELR2,1
CTCF,EZH2,1
CTCF,CREB3L2,1
CTCF,TFRC,1
CTCF,PHLDA3,1
CTCF,SLC16A1,1
CTCF,SMAD2,1
CTCF,HSP90AA1,1
CTCF,PML,1
CTCF,SRM,1
CTCF,FOXJ3,1
CTCF,SMARCAD1,1
CTCF,ORC2,1
CTCF,NSD1,1
CTCF,STAT5B,1
CTCF,ZBTB38,1
CTCF,EED,1
CTCF,MAML1,1
CTCF,POLR2E,1
CTCF,RBFOX2,1
CTCF,EDEM1,1
CTCF,CNOT6,1
CTCF,ELP2,1
CTCF,DR1,1
CTCF,SRSF1,1
CTCF,SERPINE2,1
CTCF,TAX1BP3,1
CTCF,SHKBP1,1
CTCF,HSPA5,1
CTCF,HIST1H4K,1
CTCF,GTF2A1L,1
CTCF,SUB1,1
CTCF,MBD2,1
CTCF,POLR1B,1
CTCF,IFITM1,1
CTCF,ZBTB43,1
CTCF,SOX7,1
CTCF,UTF1,1
CTCF,HNRNPD,1
CTCF,GLS,1
CTCF,GABPA,1
CTCF,CEBPZ,1
CTCF,KANK3,1
CTCF,ARNTL,1
CTCF,SPRY4,1
CTCF,CTNNBIP1,1
CTCF,ANKRD54,1
CTCF,MPHOSPH8,1
CTCF,RAD54B,1
CTCF,FUBP3,1
CTCF,MYO6,1
CTCF,AMOT,1
CTCF,UBP1,1
CTCF,GATA4,1
CTCF,DNAJC10,1
CTCF,NR0B1,1
CTCF,CNOT8,1
CTCF,HMGXB3,1
CTCF,PLAG1,1
CTCF,KHDRBS1,1
CTCF,PDCD11,1
CTCF,BCAT1,1
CTCF,TXNDC12,1
CTCF,LAPTM5,1
CTCF,TRIM13,1
CTCF,SMARCA4,1
CTCF,TXNDC5,1
CTCF,CTH,1
CTCF,SEC24D,1
CTCF,ARNT2,1
CTCF,BRWD1,1
CTCF,ESPL1,1
CTCF,HIST1H1D,1
CTCF,CTNNBL1,1
CTCF,XAB2,1
CTCF,TET2,1
CTCF,TOX3,1
CTCF,P4HB,1
CTCF,SHROOM3,1
CTCF,BMPER,1
CTCF,HSPB1,1
CTCF,PHF12,1
CTCF,BEND5,1
CTCF,PRSS35,1
CTCF,GRIN1,1
CTCF,CSRP2,1
CTCF,ME1,1
CTCF,MRAS,1
CTCF,TLE1,1
CTCF,GBX2,1
CTCF,ELAVL2,1
CTCF,PRDM5,1
CTCF,DMRT1,1
CTCF,LEFTY1,1
CTCF,POU4F2,1
CTCF,LOXL2,1
CTCF,ZFP979,1
CTCF,ZFP42,1
CTCF,STAT4,1
CTCF,2410141K09RIK,1
DAXX,ILF3,1
DAXX,APEX1,1
DAXX,CTSA,1
DAXX,THRAP3,1
DAXX,SFI1,1
DAXX,CTSD,1
DAXX,ELF1,1
DAXX,ILF2,1
DAXX,SMARCA5,1
DPPA2,SFI1,1
DPPA2,PATJ,1
DPPA2,GRIN1,1
DPPA2,PMS1,1
DPPA2,MARC2,1
DPPA2,RANBP17,1
DPPA2,ADAM23,1
DPPA2,LAMA1,1
DPPA2,GLDC,1
DPPA2,IGFBP2,1
DPPA2,DNAJC2,1
DPPA2,GBX2,1
DPPA2,CAR2,1
DPPA2,NPAS2,1
DPPA2,ELAVL2,1
DPPA2,SMARCA5,1
DPPA2,SHROOM3,1
DPPA2,KAT2B,1
DPPA2,TXNDC5,1
DPPA2,NUP210,1
DPPA2,GSR,1
DPPA2,NCOA3,1
DPPA2,ORC2,1
DPPA2,TET2,1
DPPA2,COBL,1
DPPA2,RNF2,1
DPPA2,PRDM5,1
DPPA2,GNAS,1
DPPA2,ARHGAP29,1
DPPA2,LAMC1,1
DPPA2,SATB1,1
DPPA2,KRT8,1
DPPA2,ZBTB38,1
DPPA2,ZFP277,1
DPPA2,NOTCH2,1
DPPA2,ZEB1,1
DPPA2,PAWR,1
DPPA2,RBMXL2,1
DPPA2,EOMES,1
DPPA2,BEX1,1
DPPA2,MME,1
DPPA2,ZFP398,1
DPPA2,PSIP1,1
DPPA2,CNOT7,1
DPPA2,SUB1,1
DPPA2,TEAD1,1
DPPA2,KHDC3,1
DPPA2,POLR2B,1
DPPA2,TSG101,1
DPPA2,XBP1,1
DPPA2,EP400,1
DPPA2,NRF1,1
DPPA2,ARNT2,1
DPPA2,SCMH1,1
DPPA2,CENPB,1
DPPA2,BRD7,1
DPPA2,TRIM24,1
DPPA2,GRHL1,1
DPPA2,TPD52,1
DPPA2,MAPK13,1
DPPA2,ZFP592,1
DPPA2,FOXJ3,1
DPPA2,MAML1,1
DPPA2,EDEM1,1
DPPA2,ITGA6,1
DPPA2,NACC1,1
DPPA2,ZFP148,1
DPPA2,TCEA1,1
DPPA2,NRG1,1
DPPA2,FOXP1,1
DPPA2,NUPR1,1
DPPA2,MXD4,1
DPPA2,HMGXB4,1
DPPA2,SLCO3A1,1
DPPA2,PKNOX2,1
DPPA2,TMF1,1
DPPA2,CUX2,1
DPPA2,RFXAP,1
DPPA2,PHF20,1
DPPA2,SAP30,1
DPPA2,BMPER,1
DPPA2,ZFHX3,1
DPPA2,FXR2,1
DPPA2,TNK2,1
DPPA2,GAS6,1
DPPA2,CHD5,1
DPPA2,PHF2,1
DPPA2,JUN,1
DPPA2,CKAP4,1
DPPA2,TUBB6,1
DPPA2,BTBD11,1
DPPA2,BTAF1,1
DPPA2,STARD10,1
DPPA2,ATP13A3,1
DPPA2,COL4A2,1
DPPA2,COL4A1,1
DPPA2,ME1,1
DPPA2,MAN1A2,1
DPPA2,ELL2,1
DPPA2,RBFOX2,1
DPPA2,LRRK1,1
DPPA2,CCN2,1
DPPA2,SOS2,1
DPPA2,ODC1,1
DPPA2,NOTCH1,1
DPPA2,IRF6,1
DPPA2,TGFB1,1
DPPA2,HDAC2,1
DPPA2,ETV3,1
DPPA2,STAT5B,1
DPPA2,POU4F1,1
DPPA2,FOXQ1,1
DPPA2,LRP2,1
DPPA2,SIRT1,1
DPPA2,JMJD1C,1
DPPA2,ZFP281,1
DPPA2,RRBP1,1
DPPA2,EYA1,1
DPPA2,EZH2,1
DPPA2,E2F1,1
DPPA2,HDAC4,1
DPPA2,KLF13,1
DPPA2,TLE1,1
DPPA2,ELF2,1
DPPA2,CRAMP1L,1
DPPA2,PRRX2,1
DPPA2,TOX3,1
DPPA2,RYBP,1
DPPA2,IRF1,1
DPPA2,IMPDH1,1
DPPA2,EBF4,1
DPPA2,MYO6,1
DPPA2,CTSA,1
DPPA2,ASNS,1
DPPA2,EP300,1
DPPA2,TAF10,1
DPPA2,RNF157,1
DPPA2,NRIP1,1
DPPA2,NR2C1,1
DPPA2,SMURF2,1
DPPA2,MITF,1
DPPA2,PCBD1,1
DPPA2,CNOT6L,1
DPPA2,NFATC3,1
DPPA2,MLXIPL,1
DPPA2,VIM,1
DPPA2,HMGXB3,1
DPPA2,HMGB2,1
DPPA2,SND1,1
DPPA2,PBX4,1
DPPA2,RNF14,1
DPPA2,CHST15,1
DPPA2,LAMA5,1
DPPA2,CDC42SE2,1
DPPA2,ANKRD6,1
DPPA2,TOP2B,1
DPPA2,ZEB2,1
DPPA2,ZBTB10,1
DPPA2,SSB,1
DPPA2,GRB10,1
DPPA2,CHD7,1
DPPA2,MEF2A,1
DPPA2,HIST1H2AC,1
DPPA2,HSF2BP,1
DPPA2,BRPF1,1
DPPA2,UBQLN2,1
DPPA2,TEAD4,1
DPPA2,RNF19A,1
DPPA2,IKBKB,1
DPPA2,IRF2,1
DPPA2,ID4,1
DPPA2,TIMP2,1
DPPA2,CNOT2,1
DPPA2,ANKRD54,1
DPPA2,MATR3,1
DPPA2,HDLBP,1
DPPA2,ZMYND11,1
DPPA2,PARVB,1
DPPA2,DPP4,1
DPPA2,TYRO3,1
DPPA2,POLR3B,1
DPPA2,ZFP423,1
DPPA2,DNMT3A,1
DPPA2,RCOR2,1
DPPA2,ETV4,1
DPPA2,PHLDB2,1
DPPA2,APP,1
DPPA2,ALPL,1
DPPA2,TCF4,1
DPPA2,TBL1X,1
DPPA2,SERTAD2,1
DPPA2,FHL2,1
DPPA2,ELP2,1
DPPA2,MOV10,1
DPPA2,CALU,1
DPPA2,PLOD2,1
DPPA2,P3H1,1
DPPA2,NR3C1,1
DPPA2,CSF1,1
DPPA2,SMAD2,1
DPPA2,H1F0,1
DPPA2,ELK4,1
DPPA2,SPEN,1
DPPA2,TCF12,1
DPPA2,SMARCAD1,1
DPPA2,DR1,1
DPPA2,TAF5,1
DPPA2,UBP1,1
DPPA2,D230025D16RIK,1
DPPA2,PMM1,1
DPPA2,INTS12,1
DPPA2,GABPA,1
DPPA2,VEZF1,1
DPPA2,PURA,1
DPPA2,SMARCA2,1
DPPA2,HIST1H2BL,1
DPPA2,HIST1H2AI,1
DPPA2,ILF2,1
DPPA2,ING1,1
DPPA2,COL27A1,1
DPPA2,RELA,1
DPPA2,APBB1,1
DPPA2,PTPN14,1
DPPA2,FOXO1,1
DPPA2,SIX1,1
DPPA2,HIST1H2BN,1
DPPA2,HIST1H2AK,1
DPPA2,BAZ1A,1
DPPA2,MBD2,1
DPPA2,HIST1H2BK,1
DPPA2,PAX8,1
DPPA2,RAD54B,1
DPPA2,GTF3C5,1
DPPA2,HIF1A,1
DPPA2,ULK1,1
DPPA2,FOXJ2,1
DPPA2,POLR1B,1
DPPA2,DDX5,1
DPPA2,TNFAIP3,1
DPPA2,P4HA2,1
DPPA2,P3H4,1
DPPA2,RBBP4,1
DPPA2,DTX1,1
DPPA2,CTCF,1
DPPA2,CTNNBIP1,1
DPPA2,TPM4,1
DPPA2,NFYB,1
DPPA2,BRWD1,1
DPPA2,RBPMS2,1
DPPA2,TAF9,1
DPPA2,SLC16A1,1
DPPA2,OPLAH,1
DPPA2,SMAD7,1
DPPA2,GLIPR2,1
DPPA2,SUZ12,1
DPPA2,LMO4,1
DPPA2,CUX1,1
DPPA2,AGAP3,1
DPPA2,TRIM13,1
DPPA2,PAPOLA,1
DPPA2,TFCP2L1,1
DPPA2,SOCS2,1
DPPA2,MGST3,1
DPPA2,TCF7,1
DPPA2,PLAG1,1
DPPA2,TMEM150A,1
DPPA2,GPX3,1
DPPA2,XRCC6,1
DPPA2,EED,1
DPPA2,PFKP,1
DPPA2,HMGA1B,1
DPPA2,HMGA1,1
DPPA2,LDLRAP1,1
DPPA2,SLC25A4,1
DPPA2,RB1,1
DPPA2,RARA,1
DPPA2,PDIA6,1
DPPA2,ITPK1,1
DPPA2,HSBP1,1
DPPA2,E2F6,1
DPPA2,CTBP1,1
DPPA2,EPS8,1
DPPA2,TTF2,1
DPPA2,SPOCK1,1
DPPA2,PIAS1,1
DPPA2,NFIL3,1
DPPA2,HDGF,1
DPPA2,CNOT8,1
DPPA2,CDC5L,1
DPPA2,GTF3C1,1
DPPA2,KLF3,1
DPPA2,SRF,1
DPPA2,ZFP276,1
DPPA2,SSR3,1
DPPA2,HIST1H2BB,1
DPPA2,DDX54,1
DPPA2,CTH,1
DPPA2,SORD,1
DPPA2,YEATS2,1
DPPA2,HDAC5,1
DPPA2,NDN,1
DPPA2,RIF1,1
DPPA2,ERCC8,1
DPPA2,DAB2,1
DPPA2,ANKS1,1
DPPA2,ELF1,1
DPPA2,HSPB1,1
DPPA2,SEC24D,1
DPPA2,RBL1,1
DPPA2,COMMD3,1
DPPA2,FXR1,1
DPPA2,ZMYM2,1
DPPA2,SMARCA4,1
DPPA2,NDRG1,1
DPPA2,BEND5,1
DPPA2,HIST1H3H,1
DPPA2,FAM129B,1
DPPA2,SNAPC3,1
DPPA2,DNMT1,1
DPPA2,RNF6,1
DPPA2,AIP,1
DPPA2,PHF14,1
DPPA2,HIST1H2AF,1
DPPA2,BTF3,1
DPPA2,RFX7,1
DPPA2,ARNTL,1
DPPA2,EZH1,1
DPPA2,ZFPM1,1
DPPA2,ZFP57,1
DPPA2,PIAS3,1
DPPA2,JDP2,1
DPPA2,NFKBIA,1
DPPA2,HDAC7,1
DPPA2,SREBF1,1
DPPA2,HIST1H2BF,1
DPPA2,CEMIP,1
DPPA2,HDAC11,1
DPPA2,NR2F6,1
DPPA2,BIN1,1
DPPA2,SRSF1,1
DPPA2,SKIL,1
DPPA2,HSP90B1,1
DPPA2,MRAS,1
DPPA2,SMARCD1,1
DPPA2,RBPJ,1
DPPA2,TOPORS,1
DPPA2,KDM3A,1
DPPA2,ATF4,1
DPPA2,HNRNPD,1
DPPA2,TCOF1,1
DPPA2,KNTC1,1
DPPA2,ATF1,1
DPPA2,ILF3,1
DPPA2,ZFP236,1
DPPA2,PATZ1,1
DPPA2,CNOT6,1
DPPA2,GLS,1
DPPA2,POLR1A,1
DPPA2,CSRP2,1
DPPA2,YBX1,1
DPPA2,CALD1,1
DPPA2,LDB1,1
DPPA2,APOBEC3,1
DPPA2,TOX4,1
DPPA2,AATF,1
DPPA2,ZFP219,1
DPPA2,KANK2,1
DPPA2,MIS18BP1,1
DPPA2,TFAP4,1
DPPA2,FOXO3,1
DPPA2,COTL1,1
DPPA2,MAZ,1
DPPA2,RFX5,1
DPPA2,TIMELESS,1
DPPA2,SMURF1,1
DPPA2,KLF4,1
DPPA2,HIVEP2,1
DPPA2,AKT1,1
DPPA2,2410141K09RIK,1
DPPA2,SFPQ,1
DPPA2,UBE2C,1
DPPA2,TAF1,1
DPPA2,SPARC,1
DPPA2,ZFP979,1
DPPA2,MEF2D,1
DPPA2,GTF2H4,1
DPPA2,CTSD,1
DPPA2,CBX4,1
DPPA2,CIC,1
DPPA2,L3MBTL2,1
DPPA2,ZBTB43,1
DPPA2,FOXH1,1
DPPA2,CALCOCO2,1
DPPA2,WDR45,1
DPPA2,NDRG4,1
DPPA2,ZBTB20,1
DPPA2,SRGN,1
DPPA2,NFIB,1
DPPA2,IRF4,1
DPPA4,SFI1,1
DPPA4,PMS1,1
DPPA4,GRIN1,1
DPPA4,GLDC,1
DPPA4,SHROOM3,1
DPPA4,ORC2,1
DPPA4,MARC2,1
DPPA4,ADAM23,1
DPPA4,NOTCH2,1
DPPA4,PRDM5,1
DPPA4,ZBTB38,1
DPPA4,GBX2,1
DPPA4,DNAJC2,1
DPPA4,IGFBP2,1
DPPA4,RANBP17,1
DPPA4,GSR,1
DPPA4,LAMA1,1
DPPA4,KAT2B,1
DPPA4,JUN,1
DPPA4,NPAS2,1
DPPA4,RCOR2,1
DPPA4,CAR2,1
DPPA4,PSIP1,1
DPPA4,NCOA3,1
DPPA4,BTAF1,1
DPPA4,NUP210,1
DPPA4,TET2,1
DPPA4,ZFP277,1
DPPA4,INTS12,1
DPPA4,RNF2,1
DPPA4,DAB2,1
DPPA4,TXNDC5,1
DPPA4,RNF14,1
DPPA4,RBFOX2,1
DPPA4,CENPB,1
DPPA4,PHF20,1
DPPA4,MLXIPL,1
DPPA4,BRD7,1
DPPA4,POLR2B,1
DPPA4,EBF4,1
DPPA4,GRHL1,1
DPPA4,ZFP398,1
DPPA4,PAWR,1
DPPA4,ZFP592,1
DPPA4,ITGA6,1
DPPA4,SCMH1,1
DPPA4,TNK2,1
DPPA4,KHDC3,1
DPPA4,LAMC1,1
DPPA4,COL4A2,1
DPPA4,COL4A1,1
DPPA4,PRRX2,1
DPPA4,NOTUM,1
DPPA4,TMF1,1
DPPA4,FOXP1,1
DPPA4,ARNT2,1
DPPA4,MME,1
DPPA4,PKNOX2,1
DPPA4,SAP30,1
DPPA4,SIRT1,1
DPPA4,ZFHX3,1
DPPA4,REST,1
DPPA4,TPD52,1
DPPA4,UBP1,1
DPPA4,ELAVL2,1
DPPA4,CNOT7,1
DPPA4,NRG1,1
DPPA4,CDC5L,1
DPPA4,ATP13A3,1
DPPA4,TEAD1,1
DPPA4,HMGXB3,1
DPPA4,SIX1,1
DPPA4,TRIM24,1
DPPA4,BRPF1,1
DPPA4,SATB1,1
DPPA4,EYA1,1
DPPA4,BMPER,1
DPPA4,TSG101,1
DPPA4,EP400,1
DPPA4,TCEA1,1
DPPA4,CCN2,1
DPPA4,PODXL,1
DPPA4,FXR2,1
DPPA4,ZFP148,1
DPPA4,ZEB1,1
DPPA4,LRP2,1
DPPA4,LAMA5,1
DPPA4,RRBP1,1
DPPA4,NRIP1,1
DPPA4,PAPOLA,1
DPPA4,EP300,1
DPPA4,NACC1,1
DPPA4,TEAD4,1
DPPA4,STARD10,1
DPPA4,CKAP4,1
DPPA4,MAML1,1
DPPA4,BEX1,1
DPPA4,COBL,1
DPPA4,GNAS,1
DPPA4,FOXO3,1
DPPA4,HSP90B1,1
DPPA4,ME1,1
DPPA4,LRRK1,1
DPPA4,PHLDA3,1
DPPA4,ING1,1
DPPA4,POU4F2,1
DPPA4,FOXJ3,1
DPPA4,ELL2,1
DPPA4,ELF2,1
DPPA4,RELA,1
DPPA4,ZFP281,1
DPPA4,HMGXB4,1
DPPA4,RFXAP,1
DPPA4,IRF6,1
DPPA4,MEF2A,1
DPPA4,KDELR2,1
DPPA4,HDGF,1
DPPA4,XBP1,1
DPPA4,HDAC2,1
DPPA4,NFATC3,1
DPPA4,E2F6,1
DPPA4,HDAC4,1
DPPA4,MYO6,1
DPPA4,RNF157,1
DPPA4,NOTCH1,1
DPPA4,RBMXL2,1
DPPA4,EDEM1,1
DPPA4,MITF,1
DPPA4,SND1,1
DPPA4,TCF12,1
DPPA4,TOX3,1
DPPA4,SEC24D,1
DPPA4,POU4F1,1
DPPA4,NRF1,1
DPPA4,PLAGL2,1
DPPA4,NR3C1,1
DPPA4,SMURF2,1
DPPA4,STAT5B,1
DPPA4,SMAD2,1
DPPA4,TNFAIP3,1
DPPA4,TLE1,1
DPPA4,MAN1A2,1
DPPA4,FUBP3,1
DPPA4,PHF2,1
DPPA4,JMJD1C,1
DPPA4,E2F1,1
DPPA4,SOS2,1
DPPA4,FHL2,1
DPPA4,FRMD4A,1
DPPA4,EOMES,1
DPPA4,SMARCA5,1
DPPA4,D230025D16RIK,1
DPPA4,DPP4,1
DPPA4,KRT8,1
DPPA4,RIF1,1
DPPA4,RBPJ,1
DPPA4,IMPDH1,1
DPPA4,SERTAD2,1
DPPA4,PMM1,1
DPPA4,SMARCAD1,1
DPPA4,IRF1,1
DPPA4,ETV3,1
DPPA4,PURA,1
DPPA4,GAS6,1
DPPA4,ELK4,1
DPPA4,CSF1,1
DPPA4,TCF4,1
DPPA4,TCF7,1
DPPA4,SUB1,1
DPPA4,SLC16A1,1
DPPA4,TGFB1,1
DPPA4,PLOD2,1
DPPA4,P3H1,1
DPPA4,IKBKB,1
DPPA4,RB1,1
DPPA4,KIT,1
DPPA4,SLC25A4,1
DPPA4,PHLDB2,1
DPPA4,TOP2B,1
DPPA4,MBD2,1
DPPA4,TAF10,1
DPPA4,CNOT2,1
DPPA4,CDC42SE2,1
DPPA4,JDP2,1
DPPA4,ETV4,1
DPPA4,ANKRD54,1
DPPA4,NFYB,1
DPPA4,CUX2,1
DPPA4,ITPK1,1
DPPA4,EZH2,1
DPPA4,PHB2,1
DPPA4,SLC7A6,1
DPPA4,MATR3,1
DPPA4,CNOT6L,1
DPPA4,HDLBP,1
DPPA4,PTPN14,1
DPPA4,EPS8,1
DPPA4,TEAD3,1
DPPA4,RYBP,1
DPPA4,DNMT3A,1
DPPA4,MLLT1,1
DPPA4,NR2C1,1
DPPA4,GRB10,1
DPPA4,USF1,1
DPPA4,AGAP3,1
DPPA4,XRCC6,1
DPPA4,PREB,1
DPPA4,ZFPM1,1
DPPA4,RBPMS2,1
DPPA4,NDN,1
DPPA4,ZMYND11,1
DPPA4,TIMP2,1
DPPA4,ID4,1
DPPA4,GLIPR2,1
DPPA4,DR1,1
DPPA4,KLF13,1
DPPA4,TAF9,1
DPPA4,DNMT1,1
DPPA4,MRAS,1
DPPA4,TUBB6,1
DPPA4,CALU,1
DPPA4,SURF4,1
DPPA4,TYRO3,1
DPPA4,MXD4,1
DPPA4,ZBTB10,1
DPPA4,P3H4,1
DPPA4,CHD7,1
DPPA4,P4HA2,1
DPPA4,SKIL,1
DPPA4,MGST3,1
DPPA4,RAD54B,1
DPPA4,PIAS1,1
DPPA4,HDAC5,1
DPPA4,HDAC7,1
DPPA4,NDRG1,1
DPPA4,APP,1
DPPA4,ERCC8,1
DPPA4,EED,1
DPPA4,FOXO1,1
DPPA4,GABPA,1
DPPA4,DNAJC10,1
DPPA4,CNOT8,1
DPPA4,NCOR1,1
DPPA4,THRAP3,1
DPPA4,RFX7,1
DPPA4,CREB3L2,1
DPPA4,POU2F1,1
DPPA4,BAZ1A,1
DPPA4,DEK,1
DPPA4,RNF19A,1
DPPA4,HIF1A,1
DPPA4,APBB1,1
DPPA4,SORD,1
DPPA4,SSB,1
DPPA4,SPEN,1
DPPA4,CUX1,1
DPPA4,PFKP,1
DPPA4,LMO4,1
DPPA4,DDX54,1
DPPA4,CTBP1,1
DPPA4,MOV10,1
DPPA4,HSBP1,1
DPPA4,ELP2,1
DPPA4,CTCF,1
DPPA4,ULK1,1
DPPA4,MYLPF,1
DPPA4,GLS,1
DPPA4,TRIM13,1
DPPA4,FOXJ2,1
DPPA4,BRWD1,1
DPPA4,ATM,1
DPPA4,KLF10,1
DPPA4,ELF1,1
DPPA4,NFX1,1
DPPA4,ARNTL,1
DPPA4,TPM4,1
DPPA4,SSR3,1
DPPA4,PDCD4,1
DPPA4,SRF,1
DPPA4,HSF2,1
DPPA4,GLIS2,1
DPPA4,LDLRAP1,1
DPPA4,MYH9,1
DPPA4,NFIL3,1
DPPA4,HIF3A,1
DPPA4,BTF3,1
DPPA4,AKT1,1
DPPA4,ZMYM2,1
DPPA4,CBX8,1
DPPA4,CTNNBIP1,1
DPPA4,ZFP236,1
DPPA4,PATZ1,1
DPPA4,RBBP4,1
DPPA4,FAM129B,1
DPPA4,BEND5,1
DPPA4,HMGB2,1
DPPA4,LDB1,1
DPPA4,CD63,1
DPPA4,NR2F6,1
DPPA4,HMGA1B,1
DPPA4,HMGA1,1
DPPA4,ETV6,1
DPPA4,KLF4,1
DPPA4,CTNNB1,1
DPPA4,KLF3,1
DPPA4,ZBTB24,1
DPPA4,PIAS3,1
DPPA4,YBX1,1
DPPA4,SMARCC2,1
DPPA4,RAB11A,1
DPPA4,MCM6,1
DPPA4,TOPORS,1
DPPA4,FXR1,1
DPPA4,HIVEP2,1
DPPA4,ANP32A,1
DPPA4,SPOCK1,1
DPPA4,SMAD3,1
DPPA4,HNRNPK,1
DPPA4,KEAP1,1
DPPA4,AMOTL2,1
DPPA4,TFAP4,1
DPPA4,MAZ,1
DPPA4,RARA,1
DPPA4,PLAG1,1
DPPA4,BMI1,1
DPPA4,MEF2D,1
DR1,ITGA6,1
DR1,SURF4,1
DR1,ALPL,1
DR1,BTAF1,1
DR1,RRM2,1
DR1,INSIG1,1
DR1,XBP1,1
DR1,ODC1,1
DR1,EDEM1,1
DR1,AATF,1
DR1,PLAGL2,1
DR1,PLOD2,1
DR1,ZFP219,1
DR1,SIRT1,1
DR1,P4HB,1
DR1,E2F1,1
DR1,ERP29,1
DR1,HSP90AA1,1
DR1,NFYB,1
DR1,SLC16A1,1
DR1,TFRC,1
DR1,CTNNB1,1
DR1,MSH6,1
DR1,SHROOM3,1
DR1,MARC2,1
DR1,PHF20,1
DR1,FUS,1
DR1,ID4,1
DR1,LAMA1,1
DR1,TMEM150A,1
DR1,SERPINE2,1
DR1,FGF4,1
DR1,RYBP,1
DR1,NOTCH1,1
DR1,SMARCAD1,1
DR1,SRSF6,1
DR1,ABHD5,1
DR1,SRM,1
DR1,PHLDA3,1
DR1,NOTCH2,1
DR1,ORC2,1
DR1,BNIP3,1
DR1,LAMA5,1
DR1,GRHL1,1
DR1,HDLBP,1
DR1,CTNNBIP1,1
DR1,P4HA1,1
DR1,PCBP2,1
DR1,PDK1,1
DR1,LAMC1,1
DR1,TUBB6,1
DR1,GNPDA1,1
DR1,RFX2,1
DR1,RAD54B,1
DR1,HSPG2,1
DR1,EED,1
DR1,TAF9,1
DR1,MYBL2,1
DR1,EP400,1
DR1,ELAVL2,1
DR1,CNOT6,1
DR1,ETV5,1
DR1,CBX7,1
DR1,SDC4,1
DR1,ETV3,1
DR1,GLS,1
DR1,SSBP4,1
DR1,RBL1,1
DR1,MBD2,1
DR1,MYLPF,1
DR1,ETS1,1
DR1,FN1,1
DR1,MAPK8,1
DR1,SRSF3,1
DR1,BTG2,1
DR1,NRIP1,1
DR1,ESRRA,1
DR1,TSG101,1
DR1,ZFP276,1
DR1,TIMP2,1
DR1,TXNDC12,1
DR1,SEC24D,1
DR1,NUP210,1
DR1,SREBF1,1
DR1,ZFP335,1
DR1,RELA,1
DR1,PLAG1,1
DR1,HNRNPAB,1
DR1,KLF4,1
DR1,SSB,1
DR1,SMURF2,1
DR1,TMF1,1
DR1,ELF1,1
DR1,UHRF1,1
DR1,TFCP2L1,1
DR1,RFX7,1
DR1,H1F0,1
DR1,CBX6,1
DR1,ZFP281,1
DR1,CDC42SE2,1
DR1,RNF2,1
DR1,YBX1,1
DR1,DEK,1
DR1,TRIM24,1
DR1,GSR,1
DR1,TRIM13,1
DR1,FXR2,1
DR1,NR4A1,1
DR1,TNFAIP3,1
DR1,PDCD4,1
DR1,NFKBIA,1
DR1,SMARCD1,1
DR1,SMARCC1,1
DR1,KEAP1,1
DR1,CTCF,1
DR1,KDELR2,1
DR1,RBBP4,1
DR1,HDAC1,1
DR1,BRCA2,1
DR1,RBFOX2,1
DR1,PRDM5,1
DR1,SUZ12,1
DR1,ELL2,1
DR1,TRIM28,1
DR1,LDLRAP1,1
DR1,TLE1,1
DR1,KLF3,1
DR1,TIMELESS,1
DR1,HDGF,1
DR1,RIF1,1
DR1,UBQLN2,1
DR1,YEATS4,1
DR1,ELK4,1
DR1,SUB1,1
DR1,SERTAD2,1
DR1,PFKP,1
DR1,PIAS2,1
DR1,SMARCA5,1
DR1,SRF,1
DR1,BRWD1,1
DR1,MATR3,1
DR1,HEY2,1
DR1,ERF,1
DR1,EIF4A2,1
DR1,SLC25A4,1
DR1,AIP,1
DR1,MDM2,1
DR1,HDAC2,1
DR1,BRD7,1
DR1,F3,1
DR1,EZH2,1
DR1,PMM1,1
DR1,SMARCA4,1
DR1,ULK1,1
DR1,RUNX1,1
DR1,NFATC3,1
DR1,NCOR1,1
DR1,ADAM23,1
DR1,SOAT1,1
DR1,FOXJ3,1
DR1,CTBP1,1
DR1,IRF1,1
DR1,FXR1,1
DR1,BCL3,1
DR1,PDIA6,1
DR1,MAPK3,1
DR1,PATZ1,1
DR1,DNAJC2,1
DR1,PHC1,1
DR1,RANBP17,1
DR1,MCM6,1
DR1,ARNTL,1
DR1,BCLAF1,1
DR1,IGFBP2,1
DR1,YEATS2,1
DR1,HIF1A,1
DR1,RAI14,1
DR1,TPD52,1
DR1,FAM129B,1
DR1,SNAI1,1
DR1,HMGXB3,1
DR1,BEX1,1
DR1,PSIP1,1
DR1,JDP2,1
DR1,SIN3B,1
DR1,LDB1,1
DR1,LOXL2,1
DR1,RBBP7,1
DR1,NCOA3,1
DR1,NACC1,1
DR1,HMGXB4,1
DR1,RB1,1
DR1,MLLT1,1
DR1,TSPAN9,1
DR1,PIAS3,1
DR1,NRF1,1
DR1,AMOTL2,1
DR1,TPM4,1
DR1,SLC7A6,1
DR1,ZHX3,1
DR1,TRRAP,1
DR1,SLC6A6,1
DR1,NEDD4,1
DR1,PHF14,1
DR1,MEF2D,1
DR1,HIST1H2BK,1
DR1,CRY1,1
DR1,LMO4,1
DR1,ASNS,1
DR1,BCAM,1
DR1,PMS1,1
DR1,MYO6,1
DR1,MAML1,1
DR1,ILK,1
DR1,MTF2,1
DR1,FUBP3,1
DR1,SPRY2,1
DR1,CSRP2,1
DR1,HNRNPD,1
DR1,COBL,1
DR1,ARHGAP29,1
DR1,RNF14,1
DR1,CREB3,1
DR1,CHCHD10,1
DR1,ASS1,1
DR1,DNMT1,1
DR1,TET2,1
DR1,CAR2,1
DR1,ASXL1,1
DR1,ATF1,1
DR1,KHDRBS1,1
DR1,ZFP148,1
DR1,ZFP275,1
DR1,GLDC,1
DR1,SGK1,1
DR1,TCERG1,1
DR1,MEF2A,1
DR1,RCOR2,1
DR1,ZFP592,1
DR1,ANKRD6,1
DR1,HSP90B1,1
DR1,FBLIM1,1
DR1,PARP1,1
DR1,SP1,1
DR1,EZH1,1
DR1,CKAP4,1
DR1,CHD4,1
DR1,GLIPR2,1
DR1,COTL1,1
DR1,ZFPM1,1
DR1,TCEA1,1
DR1,TAF10,1
DR1,NFIL3,1
DR1,TULP3,1
DR1,CTSZ,1
DR1,ATP13A3,1
DR1,ASH2L,1
DR1,CRAMP1L,1
DR1,SOX2,1
DR1,EGR1,1
DR1,POU4F1,1
DR1,ZBTB38,1
DR1,PELP1,1
DR1,ZSWIM4,1
DR1,MLXIP,1
DR1,CENPB,1
DR1,ITPK1,1
DR1,SMAD2,1
DR1,FOXP1,1
DR1,POLR2E,1
DR1,PAPOLA,1
DR1,RNF19A,1
DR1,NFYA,1
DR1,NFX1,1
DR1,DIDO1,1
DR1,GDPD5,1
DR1,ME1,1
DR1,CNOT7,1
DR1,TEAD1,1
DR1,ATF4,1
DR1,FIZ1,1
DR1,TAF5,1
DR1,ZBTB39,1
DR1,EP300,1
DR1,MAN1A2,1
DR1,GABPA,1
DR1,KPNA2,1
DR1,HTT,1
DR1,HMGA1B,1
DR1,HMGA1,1
DR1,AMPD2,1
DR1,HDAC5,1
DR1,NFE2L1,1
DR1,ANKRD54,1
DR1,RCC2,1
DR1,ARNT2,1
DR1,GTF2I,1
DR1,TCF4,1
DR1,SMURF1,1
DR1,CNOT2,1
DR1,MANF,1
DR1,ZFAND3,1
DR1,NR1D2,1
DR1,SALL1,1
DR1,CRIP2,1
DR1,ZBTB10,1
DR1,PREB,1
DR1,MIS18BP1,1
DR1,XRCC6,1
DR1,PTPN14,1
DR1,MXD4,1
DR1,APBB1,1
DR1,TIMP3,1
DR1,CCNB1,1
DR1,USF1,1
DR1,HSF2,1
DR1,DNAJC10,1
DR1,HMGB2,1
DR1,ABTB1,1
DR1,DDX20,1
DR1,PHF12,1
DR1,SMAD3,1
DR1,E2F2,1
DR1,TYRO3,1
DR1,GLIS2,1
DR1,KLF2,1
DR1,HNRNPK,1
DR1,JUND,1
DR1,SOCS2,1
DR1,PATJ,1
DR1,RBPJ,1
DR1,TCF7L2,1
DR1,MED21,1
DR1,ZBTB24,1
DR1,MTA3,1
DR1,ZFYVE21,1
DR1,PRDM1,1
DR1,P3H1,1
DR1,PODXL,1
DR1,RNF157,1
DR1,NR2F6,1
DR1,DAZAP2,1
DR1,SEMA4C,1
DR1,MPHOSPH8,1
DR1,CTSL,1
DR1,SRRT,1
DR1,DDB1,1
DR1,TCF7,1
DR1,NDRG1,1
DR1,GZF1,1
DR1,GBX2,1
DR1,UBP1,1
DR1,AGAP3,1
DR1,SLC6A8,1
DR1,ANKS1,1
DR1,ILF3,1
DR1,ANXA2,1
DR1,PURA,1
DR1,HIF3A,1
DR1,KANK2,1
DR1,SORD,1
DR1,POLR2A,1
DR1,KDM3A,1
DR1,SFPQ,1
DR1,DDX54,1
DR1,KLF10,1
DR1,SCMH1,1
DR1,PHF1,1
DR1,ZMYM2,1
DR1,CDC5L,1
DR1,POLR2B,1
DR1,ATF7,1
DR1,HIST1H2AC,1
DR1,COIL,1
DR1,PIAS1,1
DR1,INTS12,1
DR1,IMPDH1,1
DR1,FAM234A,1
DR1,UBE2C,1
DR1,PHB2,1
DR1,IRF6,1
DR1,TMED2,1
DR1,RRBP1,1
DR1,ATF5,1
DR1,TBL1X,1
DR1,EBF4,1
DR1,TUBB2B,1
DR1,UCHL1,1
DR1,CD63,1
DR1,APEX1,1
DR1,RBMXL2,1
DR1,KRBA1,1
DR1,THRAP3,1
DR1,MYH9,1
DR1,SPEN,1
DR1,CNOT3,1
DR1,CTSD,1
DR1,SLC25A5,1
DR1,CITED2,1
DR1,BTF3,1
DR1,ZFP91,1
DR1,RBPMS2,1
DR1,TNK2,1
DR1,E2F4,1
DR1,PRRX2,1
DR1,HMCES,1
DR1,MAFK,1
DR1,DNMT3A,1
DR1,MAPK11,1
DR1,EPAS1,1
DR1,NSD1,1
DR1,TEAD4,1
DR1,CUX2,1
DR1,SIRT3,1
DR1,MT2,1
DR1,KIT,1
DR1,MYCN,1
DR1,ZFP398,1
DR1,TRIB3,1
DR1,ATM,1
DR1,E2F6,1
DR1,MME,1
DR1,BASP1,1
DR1,P3H4,1
DR1,ELP2,1
DR1,FOXJ2,1
DR1,FOXO1,1
DR1,TRPS1,1
DR1,NME2,1
DR1,ELF2,1
DR1,HES1,1
DR1,PLRG1,1
DR1,IKBKB,1
DR1,GTF2H3,1
DR1,HDAC11,1
DR1,SMARCC2,1
DR1,STAT5B,1
DR1,ING3,1
DR1,ARHGEF40,1
DR1,POLR3D,1
DR1,RAB3IL1,1
DR1,ZFP277,1
DR1,CNOT8,1
DR1,PAWR,1
DR1,SMAD7,1
DR1,RERE,1
DR1,CIC,1
DR1,PARVB,1
DR1,TRH,1
DR1,SIX1,1
DR1,HIST1H3H,1
DR1,SKIL,1
DR1,MOV10,1
DR1,EPHA2,1
DR1,SMARCB1,1
DR1,JARID2,1
DR1,KLF15,1
DR1,SLC9A6,1
DR1,DAXX,1
DR1,ATP6V0A1,1
DR1,HDAC4,1
DR1,SIN3A,1
DR1,TAX1BP3,1
DR1,TCF12,1
DR1,ANXA5,1
DR1,MRAS,1
DR1,ETV6,1
DR1,PA2G4,1
DR1,MGST3,1
DR1,BTG1,1
DR1,RAB11A,1
DR1,ING1,1
DR1,RNF6,1
DR1,RFXAP,1
DR1,PBX4,1
DR1,EFEMP2,1
DR1,ZYX,1
DR1,KAT2B,1
DR1,BRPF1,1
DR1,HES6,1
DR1,GLUL,1
DR1,NR2C1,1
DR1,P4HA2,1
DR1,COL4A2,1
DR1,COL4A1,1
DR1,ZEB1,1
DR1,SRSF1,1
DR1,D230025D16RIK,1
DR1,ZFHX3,1
DR1,SND1,1
DR1,PDCD11,1
DR1,SFI1,1
DR1,SNAPC3,1
DR1,PKNOX2,1
DR1,JMJD1C,1
DR1,WWTR1,1
DR1,SAP30,1
DR1,GRIN1,1
DR1,HDAC7,1
DR1,VEZF1,1
DR1,TOP2B,1
DR1,MED15,1
DR1,ZDHHC16,1
DR1,TRIM25,1
DR1,KDELR3,1
DR1,NOTUM,1
DR1,MYD88,1
DR1,ZEB2,1
DR1,CST3,1
DR1,MAZ,1
DR1,ERCC8,1
DR1,KAT6B,1
DR1,FRMD4A,1
DR1,HIST1H1D,1
DR1,REST,1
DR1,HIST1H2BN,1
DR1,HIST1H2AK,1
DR1,GTF3C1,1
DR1,GABARAPL2,1
DR1,GNAS,1
DR1,NDRG4,1
DR1,TBPL1,1
DR1,CBX4,1
DR1,RARA,1
DR1,WBP11,1
DR1,BEND5,1
DR1,TAGLN2,1
DR1,RAD51,1
DR1,ZBTB43,1
DR1,KLF6,1
DR1,POLR1C,1
DR1,HIST1H2BL,1
DR1,HIST1H2AI,1
DR1,POU2F1,1
DR1,MCM5,1
DR1,CUX1,1
DR1,DUSP9,1
DR1,SRI,1
DR1,TFAP2C,1
DR1,CALU,1
DR1,STARD10,1
DR1,CALR,1
DR1,ALG13,1
DR1,CKB,1
DR1,TGFB1,1
DR1,EWSR1,1
DR1,FGFR3,1
DR1,MED12,1
DR1,HIST1H2AF,1
DR1,NID1,1
DR1,KLF9,1
DR1,BARD1,1
DR1,LMF2,1
DR1,TOPORS,1
DR1,ATF2,1
DR1,ESPL1,1
DR1,POLR2J,1
DR1,TEAD3,1
DR1,ZMYND11,1
DR1,MKRN1,1
DR1,ZFP236,1
DR1,SATB1,1
DR1,RBM14,1
DR1,CDC20,1
DR1,TBX3,1
DR1,BAZ1A,1
DR1,HSPH1,1
DR1,ZIC3,1
DR1,HOXD13,1
DR1,LRP2,1
DR1,ADAM19,1
DR1,UNG,1
DR1,NAA15,1
DR1,NFIB,1
DR1,FOSL2,1
DR1,RASGRP2,1
DR1,KDM5B,1
DR1,HTRA1,1
DR1,SSR3,1
DR1,MCM4,1
DR1,VEGFA,1
DR1,TADA3,1
DR1,SOS2,1
DR1,POU6F1,1
DR1,ANP32A,1
DR1,EOMES,1
DR1,MITF,1
DR1,MCM3,1
DR1,GLI2,1
DR1,ZDHHC15,1
DR1,TFEB,1
DR1,GRB10,1
DR1,HSPB1,1
DR1,MCM7,1
DR1,BTBD11,1
DR1,TRP53BP1,1
DR1,PLOD1,1
DR1,MORF4L2,1
DR1,ETV4,1
DR1,OBSL1,1
DR1,APP,1
DR1,COPS2,1
DR1,CLCN5,1
DR1,ECD,1
DR1,ZFP768,1
DR1,NFATC2IP,1
DR1,CDKN1A,1
DR1,HSBP1,1
DR1,TOX4,1
DR1,CTBP2,1
DR1,PLOD3,1
DR1,FXYD6,1
DR1,ATF3,1
DR1,ANKRD49,1
DR1,STAT5A,1
DR1,MAPK13,1
DR1,HIST1H2BB,1
DR1,PHF2,1
DR1,PHLDB2,1
DR1,NRG1,1
DR1,FABP3,1
DR1,POLR1B,1
DR1,LHX2,1
DR1,ZFP296,1
DR1,CTH,1
DR1,HDAC3,1
DR1,FOXQ1,1
DR1,DCXR,1
DR1,RLIM,1
DR1,CEMIP,1
DR1,FST,1
DR1,AKT1,1
DR1,DDX5,1
DR1,JAM2,1
DR1,NFE2L2,1
DR1,FHL2,1
DR1,CHST15,1
DR1,HIST1H2BF,1
DR1,TXNIP,1
DR1,CSF1,1
DR1,DDB2,1
DR1,MCM2,1
DR1,BMPER,1
DR1,MLXIPL,1
DR1,PAX6,1
DR1,IRF2,1
DR1,TCEA3,1
DR1,HSPA5,1
DR1,CHD5,1
DR1,UTF1,1
DR1,EPS8,1
DR1,FOXO3,1
DR1,GABBR1,1
DR1,EYA1,1
DR1,NR2F2,1
DR1,KLF13,1
DR1,EHMT2,1
DR1,TRIP11,1
DR1,PLTP,1
DR1,CCNG1,1
DR1,CNOT6L,1
DR1,DDIT3,1
DR1,RARG,1
DR1,KHDC3,1
DR1,ISYNA1,1
DR1,KNTC1,1
DR1,TXNDC5,1
DR1,LTBP4,1
DR1,CEBPZ,1
DR1,TGIF1,1
DR1,GAS6,1
DR1,PITX2,1
DR1,TUBA4A,1
DR1,SATB2,1
DR1,ZFP57,1
DR1,ARID1A,1
DR1,COMMD3,1
DR1,CCN2,1
DR1,NPAS2,1
DR1,LRPAP1,1
DR1,COL27A1,1
DR1,SIX5,1
DR1,L1TD1,1
DR1,NFXL1,1
DR1,PEG3,1
DR1,ZFP446,1
DR1,MT1,1
DR1,UBTF,1
DR1,FOXD3,1
DR1,POLR2H,1
DR1,SERPINH1,1
DR1,RUVBL2,1
DR1,TBX18,1
DR1,FGF3,1
DR1,PTH1R,1
DR1,ZBTB7A,1
DR1,PAX1,1
DR1,MORC4,1
DR1,NFATC4,1
DR1,BMI1,1
DR1,DMRT1,1
DR1,VSIR,1
DR1,TOX3,1
DR1,CREB3L2,1
DR1,GTF3C5,1
DR1,NR3C1,1
DR1,TWIST1,1
DR1,ELK1,1
DR1,MYBBP1A,1
DR1,JUN,1
DR1,HCFC1,1
DR1,SOX7,1
DR1,NFKB2,1
DR1,MED4,1
DR1,NFATC1,1
DR1,TFE3,1
DR1,ID3,1
DR1,HIST1H4K,1
DR1,EMP2,1
DR1,TENM4,1
DR1,L3MBTL2,1
DR1,CTNNBL1,1
DR1,MSC,1
DR1,CCND1,1
DR1,BMP6,1
DR1,BIN1,1
DR1,GLI1,1
DR1,CHD7,1
DR1,HIVEP2,1
DR1,RUVBL1,1
DR1,SIRT2,1
DR1,SOX4,1
DR1,BCAT1,1
DR1,IGF2,1
DR1,EPHA4,1
DR1,TCF20,1
DR1,PITX1,1
DR1,TAF6L,1
DR1,GPX3,1
DR1,SALL4,1
DR1,SLCO3A1,1
DR1,UPP1,1
DR1,TTF2,1
DR1,ILF2,1
DR1,POLR3F,1
DR1,SPOCK1,1
DR1,NR1H2,1
DR1,FGF10,1
DR1,BARX1,1
DR1,ELL3,1
DR1,OVOL1,1
DR1,HMGA2,1
DR1,LRRK1,1
DR1,NFIA,1
DR1,EBF1,1
DR1,TSHZ3,1
DR1,SPP1,1
DR1,LAMB1,1
DR1,DCP1A,1
DR1,NKRF,1
DR1,PCBD1,1
DR1,POLR1A,1
DR1,ECT2,1
DR1,MEIS1,1
DR1,NONO,1
DR1,KANK3,1
DR1,CBX8,1
DR1,VIM,1
DR1,DDAH2,1
DR1,TFAP4,1
DR1,ZFP423,1
DR1,TRIM32,1
DR1,ZFP36L1,1
DR1,CREB5,1
DR1,HOPX,1
DR1,MEN1,1
DR1,STXBP2,1
DR1,HEXIM1,1
DR1,TINAGL1,1
DR1,POU4F2,1
DR1,POU5F1,1
DR1,TOP2A,1
DR1,MSX2,1
DR1,ZFP42,1
DR1,PROX1,1
DR1,TCOF1,1
DR1,SHKBP1,1
DR1,PER1,1
DR1,GJB3,1
DR1,DKC1,1
DR1,SPRY4,1
DR1,RCN3,1
DR1,PDGFRA,1
DR1,CITED1,1
DR1,TRP53,1
DR1,LGMN,1
DR1,MAML3,1
DR1,SLC26A10,1
DR1,EMX2,1
DR1,SP8,1
DR1,ESRRB,1
DR1,TDH,1
DR1,ELF4,1
DR1,TAF6,1
DR1,HS3ST1,1
DR1,CRABP2,1
DR1,SNURF,1
DR1,RAPGEF3,1
DR1,POLR2I,1
DR1,RFX5,1
DR1,HIP1,1
DR1,GATA4,1
DR1,IFITM2,1
DR1,DTX1,1
DR1,CTSA,1
DR1,ATF6,1
DR1,FOXA2,1
DR1,MEIS3,1
DR1,SMARCA2,1
DR1,NDN,1
DR1,NR1D1,1
DR1,OPLAH,1
DR1,NR0B1,1
DR1,SELENOW,1
DR1,IRF3,1
DR1,AU018091,1
DR1,GATA3,1
DR1,CMKLR1,1
DR1,ZFP462,1
DR1,PDPN,1
DR1,STARD8,1
DR1,MED31,1
DR1,DAB2,1
DR1,ID2,1
DR1,GTF2A1L,1
DR1,MEF2C,1
DR1,TET1,1
DR1,TDGF1,1
DR1,2200002D01RIK,1
DR1,KRT8,1
DR1,NR5A2,1
DR1,DPP4,1
DR1,ELF3,1
DR1,OTX2,1
DR1,CELF3,1
DR1,FRRS1,1
DR1,BRCA1,1
DR1,LAMB2,1
DR1,ABT1,1
DR1,NFIC,1
DR1,TMSB4X,1
DR1,SOX15,1
DR1,CALCOCO2,1
DR1,MYC,1
DR1,B2M,1
DR1,LY6G6E,1
DR1,TAF1A,1
DR1,ZFP987,1
DR1,KLF8,1
DR1,HNF1B,1
DR1,MYMX,1
DR1,POLR3B,1
DR1,TRIP6,1
DR1,KRT42,1
DR1,ARID5B,1
DR1,HNF4A,1
DR1,ASH1L,1
DR1,THBD,1
DR1,AIRE,1
DR1,VILL,1
DR1,IFI30,1
DR1,LDHB,1
DR1,IRF4,1
DR1,DKK1,1
DR1,MKX,1
DR1,RUNX3,1
DR1,XAB2,1
DR1,TAF1,1
DR1,FDPS,1
DR1,HIST1H1B,1
DR1,SAT1,1
DR1,LAPTM5,1
DR1,TGFB1I1,1
DR1,NSD2,1
DR1,TCL1,1
E2F1,PHC1,1
E2F1,SRSF6,1
E2F1,SOX2,1
E2F1,ODC1,1
E2F1,TRIM28,1
E2F1,HNRNPAB,1
E2F1,SMARCAD1,1
E2F1,HIST1H2BK,1
E2F1,KLF4,1
E2F1,HMGB2,1
E2F1,CNOT6,1
E2F1,KLF2,1
E2F1,RIF1,1
E2F1,HIST1H2BN,1
E2F1,HIST1H2AK,1
E2F1,KLF9,1
E2F1,ASXL1,1
E2F1,SFPQ,1
E2F1,EZH2,1
E2F1,SPRY2,1
E2F1,ETV5,1
E2F1,HIST1H2AF,1
E2F1,RYBP,1
E2F1,KLF3,1
E2F1,HMGA1B,1
E2F1,HMGA1,1
E2F1,CTNNB1,1
E2F1,SIRT1,1
E2F1,MAZ,1
E2F1,EED,1
E2F1,ATF1,1
E2F1,HSP90AA1,1
E2F1,MYBL2,1
E2F1,SRM,1
E2F1,RANBP17,1
E2F1,PSIP1,1
E2F1,SMARCA5,1
E2F1,RBMXL2,1
E2F1,RFX7,1
E2F1,EGR1,1
E2F1,ADAM23,1
E2F1,NFYB,1
E2F1,TEAD1,1
E2F1,HDGF,1
E2F1,NFIB,1
E2F1,RCOR2,1
E2F1,RELA,1
E2F1,SP1,1
E2F1,SMAD7,1
E2F1,FOXP1,1
E2F1,ZFP91,1
E2F1,PCBP2,1
E2F1,CENPB,1
E2F1,MYLPF,1
E2F1,BTAF1,1
E2F1,GSR,1
E2F1,HMGXB4,1
E2F1,NRF1,1
E2F1,KLF10,1
E2F1,NCOR1,1
E2F1,RCC2,1
E2F1,LTBP4,1
E2F1,NACC1,1
E2F1,HNRNPD,1
E2F1,YBX1,1
E2F1,GLS,1
E2F1,ZFP219,1
E2F1,HIST1H2BF,1
E2F1,NEDD4,1
E2F1,ITGA6,1
E2F1,BRCA2,1
E2F1,JARID2,1
E2F1,PATZ1,1
E2F1,RAD54B,1
E2F1,FXR2,1
E2F1,CTCF,1
E2F1,ELF1,1
E2F1,UBTF,1
E2F1,SKIL,1
E2F1,PLAGL2,1
E2F1,HIST1H1D,1
E2F1,CIC,1
E2F1,CBX7,1
E2F1,HIST1H3H,1
E2F1,RBFOX2,1
E2F1,HDAC4,1
E2F1,SSBP4,1
E2F1,PHF20,1
E2F1,RBPMS2,1
E2F1,TFEB,1
E2F1,EP300,1
E2F1,SRSF3,1
E2F1,CTBP1,1
E2F1,MKRN1,1
E2F1,ARID1A,1
E2F1,HIST1H2AC,1
E2F1,PDK1,1
E2F1,MTA3,1
E2F1,DEK,1
E2F1,TNK2,1
E2F1,REST,1
E2F1,BCLAF1,1
E2F1,ZFP281,1
E2F1,HNRNPK,1
E2F1,ITPK1,1
E2F1,ASH2L,1
E2F1,HIST1H2BB,1
E2F1,SUZ12,1
E2F1,NFYA,1
E2F1,HIST1H2BL,1
E2F1,HIST1H2AI,1
E2F1,ING1,1
E2F1,TAF10,1
E2F1,KAT2B,1
E2F1,NR2F6,1
E2F1,ING3,1
E2F1,MATR3,1
E2F1,CUX2,1
E2F1,POU2F1,1
E2F1,TET2,1
E2F1,RB1,1
E2F1,LMO4,1
E2F1,UBQLN2,1
E2F1,ATP13A3,1
E2F1,BRWD1,1
E2F1,CTBP2,1
E2F1,BRD7,1
E2F1,PURA,1
E2F1,TMED2,1
E2F1,TCERG1,1
E2F1,NFKBIA,1
E2F1,ATF4,1
E2F1,RNF157,1
E2F1,ZFP236,1
E2F1,ZBTB38,1
E2F1,ERF,1
E2F1,NUP210,1
E2F1,SMAD2,1
E2F1,COBL,1
E2F1,DIDO1,1
E2F1,FBLIM1,1
E2F1,FOXJ3,1
E2F1,KLF15,1
E2F1,LDB1,1
E2F1,SOX4,1
E2F1,BTF3,1
E2F1,FGF4,1
E2F1,FOXO1,1
E2F1,TRPS1,1
E2F1,NFATC3,1
E2F1,MAML1,1
E2F1,MLLT1,1
E2F1,PAPOLA,1
E2F1,KDM5B,1
E2F1,E2F4,1
E2F1,ZFP592,1
E2F1,INSIG1,1
E2F1,EHMT2,1
E2F1,RERE,1
E2F1,FUS,1
E2F1,MAN1A2,1
E2F1,CKAP4,1
E2F1,FXR1,1
E2F1,BMI1,1
E2F1,SLC7A6,1
E2F1,YEATS2,1
E2F1,RBPJ,1
E2F1,GLIS2,1
E2F1,SLC16A1,1
E2F1,TMF1,1
E2F1,ESRRA,1
E2F1,MSH6,1
E2F1,CNOT7,1
E2F1,SURF4,1
E2F1,PHF12,1
E2F1,HDAC2,1
E2F1,ZBTB39,1
E2F1,ZMYM2,1
E2F1,MBD2,1
E2F1,BEX1,1
E2F1,BNIP3,1
E2F1,SPEN,1
E2F1,TCF4,1
E2F1,GNAS,1
E2F1,HIST1H4K,1
E2F1,PHF14,1
E2F1,ATF5,1
E2F1,MEF2A,1
E2F1,CBX6,1
E2F1,HSPG2,1
E2F1,AGAP3,1
E2F1,HIST1H1B,1
E2F1,RNF2,1
E2F1,PIAS2,1
E2F1,SMURF2,1
E2F1,ULK1,1
E2F1,CTNNBIP1,1
E2F1,SRF,1
E2F1,CAR2,1
E2F1,TRIM24,1
E2F1,PHLDA3,1
E2F1,TYRO3,1
E2F1,ZSWIM4,1
E2F1,E2F2,1
E2F1,ZFP423,1
E2F1,ERP29,1
E2F1,RASGRP2,1
E2F1,SLC25A5,1
E2F1,ELAVL2,1
E2F1,NCOA3,1
E2F1,MDM2,1
E2F1,SLC6A6,1
E2F1,ABHD5,1
E2F1,TPM4,1
E2F1,SATB1,1
E2F1,SMURF1,1
E2F1,POU4F1,1
E2F1,ELK4,1
E2F1,KAT6B,1
E2F1,SERTAD2,1
E2F1,KEAP1,1
E2F1,MAPK8,1
E2F1,NOTCH2,1
E2F1,ETV6,1
E2F1,SMARCC2,1
E2F1,KPNA2,1
E2F1,HDAC5,1
E2F1,ZFHX3,1
E2F1,KLF13,1
E2F1,ETV3,1
E2F1,CNOT6L,1
E2F1,TAF9,1
E2F1,EIF4A2,1
E2F1,UBP1,1
E2F1,TXNDC5,1
E2F1,SMARCA4,1
E2F1,HSF2,1
E2F1,SFI1,1
E2F1,NSD1,1
E2F1,GABPA,1
E2F1,BCL3,1
E2F1,ZMYND11,1
E2F1,SERPINE2,1
E2F1,CHD7,1
E2F1,RRBP1,1
E2F1,NRIP1,1
E2F1,IMPDH1,1
E2F1,GABBR1,1
E2F1,ZEB1,1
E2F1,TCF7,1
E2F1,HIF1A,1
E2F1,LAMC1,1
E2F1,BTG1,1
E2F1,ZFAND3,1
E2F1,GRHL1,1
E2F1,GRB10,1
E2F1,PAWR,1
E2F1,CUX1,1
E2F1,ZFP148,1
E2F1,ELF2,1
E2F1,KDM3A,1
E2F1,ZFP276,1
E2F1,NOTCH1,1
E2F1,CNOT2,1
E2F1,XBP1,1
E2F1,ZFPM1,1
E2F1,TPD52,1
E2F1,PTPN14,1
E2F1,KDELR2,1
E2F1,SUB1,1
E2F1,RFX2,1
E2F1,BASP1,1
E2F1,HMCES,1
E2F1,HSPB1,1
E2F1,VEZF1,1
E2F1,AKT1,1
E2F1,MEF2D,1
E2F1,TCEA1,1
E2F1,GBX2,1
E2F1,SOS2,1
E2F1,FUBP3,1
E2F1,CHCHD10,1
E2F1,PDCD4,1
E2F1,DNMT3A,1
E2F1,NFIL3,1
E2F1,SLC25A4,1
E2F1,IGFBP2,1
E2F1,AMOTL2,1
E2F1,PMM1,1
E2F1,ALPL,1
E2F1,RBBP7,1
E2F1,PDIA6,1
E2F1,EPS8,1
E2F1,PIAS3,1
E2F1,IGF2,1
E2F1,TRIM13,1
E2F1,NR3C1,1
E2F1,NOTUM,1
E2F1,JDP2,1
E2F1,ILK,1
E2F1,SLC6A8,1
E2F1,ARNTL,1
E2F1,SCMH1,1
E2F1,POLR2B,1
E2F1,NAA15,1
E2F1,MARC2,1
E2F1,PHF2,1
E2F1,EDEM1,1
E2F1,PATJ,1
E2F1,TOX3,1
E2F1,CRY1,1
E2F1,EBF1,1
E2F1,TMEM150A,1
E2F1,SSB,1
E2F1,CBX4,1
E2F1,TSPAN9,1
E2F1,BAZ1A,1
E2F1,ME1,1
E2F1,ARNT2,1
E2F1,DAZAP2,1
E2F1,PAX1,1
E2F1,ANKRD6,1
E2F1,IKBKB,1
E2F1,INTS12,1
E2F1,NR1D2,1
E2F1,MRAS,1
E2F1,GLIPR2,1
E2F1,SHROOM3,1
E2F1,TOP2B,1
E2F1,SALL4,1
E2F1,CD63,1
E2F1,BARX1,1
E2F1,KDELR3,1
E2F1,ZBTB10,1
E2F1,POU4F2,1
E2F1,DDX5,1
E2F1,PODXL,1
E2F1,NFX1,1
E2F1,DDX20,1
E2F1,TCF12,1
E2F1,SRI,1
E2F1,H1F0,1
E2F1,EP400,1
E2F1,HIST1H1A,1
E2F1,SMARCD1,1
E2F1,STAT5B,1
E2F1,FOXJ2,1
E2F1,TBX18,1
E2F1,NFATC1,1
E2F1,HMGXB3,1
E2F1,CSRP2,1
E2F1,HOXD13,1
E2F1,NR2F2,1
E2F1,GTF2I,1
EHMT2,NR3C1,1
ELL2,HIST1H1D,1
ELL2,KLF2,1
ELL2,HIST1H2AC,1
ELL2,HIST1H4K,1
ELL2,MT1,1
ELL2,EIF4A2,1
ELL2,MT2,1
ELL2,FGF4,1
ELL2,HIST1H2BK,1
ELL2,HIST1H2BN,1
ELL2,HIST1H2AK,1
ELL2,HIST1H2BL,1
ELL2,HIST1H2AI,1
ELL2,HIST1H1B,1
ELL2,SPRY4,1
ELL2,HIST1H3H,1
ELL2,HIST1H2BF,1
ELL2,TDH,1
ELL2,HIST1H2BB,1
ELL2,SGK1,1
ELL2,USF1,1
ELL2,TXNIP,1
ELL2,HIST1H1A,1
ELL2,HIST1H2AF,1
ELL2,SOX2,1
ELL2,ZFP36L1,1
ELL2,ING1,1
ELL2,HMGA1B,1
ELL2,HMGA1,1
ELL2,CTCF,1
ELL2,TET1,1
ELL2,ELF1,1
ELL2,KLF3,1
ELL2,FN1,1
ELL2,NANOG,1
ELL3,USF1,1
ELL3,ZSCAN10,1
ELL3,FOXH1,1
ELL3,CLDN6,1
ELL3,SALL4,1
ELL3,RIF1,1
ELL3,POU5F1,1
ELL3,NANOG,1
ELL3,SOX2,1
ELL3,HMGA1,1
ELL3,TCEA3,1
ELL3,BCAM,1
ELL3,FIZ1,1
ELL3,TPD52,1
ELL3,DAXX,1
ELL3,TFE3,1
ELL3,NR3C1,1
ELL3,SRSF1,1
ELL3,OPLAH,1
ELL3,ASXL1,1
ELL3,KNTC1,1
ELL3,TBL1X,1
ELL3,RBPJ,1
ELL3,ADAM19,1
ELL3,TAF5,1
ELL3,KDM3A,1
ELL3,SPRY4,1
ELL3,CST3,1
ELL3,MSH6,1
ELL3,PHB2,1
ELL3,MOV10,1
ELL3,TRP53BP1,1
ELL3,CBX7,1
ELL3,HNRNPK,1
ELL3,ERF,1
ELL3,FUBP3,1
ELL3,HDAC2,1
ELL3,CIC,1
ELL3,HSPB1,1
ELL3,HCFC1,1
ELL3,SMARCA4,1
ELL3,RASGRP2,1
ELL3,MKRN1,1
ELL3,APOE,1
ELL3,ETV1,1
ELL3,TRIM25,1
ELL3,ZFHX3,1
ELL3,MTF2,1
ELL3,FXR1,1
ELL3,L1TD1,1
ELL3,RARA,1
ELL3,MCM5,1
ELL3,PIAS1,1
ELL3,NCOR1,1
ELL3,NFE2L1,1
ELL3,HDLBP,1
ELL3,PELP1,1
ELL3,EWSR1,1
ELL3,SLC25A4,1
ELL3,SIX5,1
ELL3,GTF2I,1
ELL3,HMGXB4,1
ELL3,TGIF1,1
ELL3,SPRY2,1
ELL3,POU2F1,1
ELL3,GLUL,1
ELL3,CCND1,1
ELL3,MLLT1,1
ELL3,UBTF,1
ELL3,TFEB,1
ELL3,LDB1,1
ELL3,COPS2,1
ELL3,SNURF,1
ELL3,MPHOSPH8,1
ELL3,CNOT2,1
ELL3,MTA3,1
ELL3,SRSF3,1
ELL3,HNRNPD,1
ELL3,ZFP57,1
ELL3,UPP1,1
ELL3,KLF6,1
ELL3,EP300,1
ELL3,NRF1,1
ELL3,ZDHHC15,1
ELL3,SIRT2,1
ELL3,GLI1,1
ELL3,DDX5,1
ELL3,PCBP2,1
ELL3,TRPS1,1
ELL3,GABBR1,1
ELL3,DNMT3A,1
ELL3,CD63,1
ELL3,ELF1,1
ELL3,ANKRD6,1
ELL3,RCOR2,1
ELL3,TAF6,1
ELL3,LAMA1,1
ELL3,NONO,1
ELL3,SOCS2,1
ELL3,CNOT6,1
ELL3,MYMX,1
ELL3,BRPF1,1
ELL3,RBM14,1
ELL3,PHC1,1
ELL3,ALPL,1
ELL3,SKIL,1
ELL3,AIP,1
ELL3,ZFP275,1
ELL3,NAA15,1
ELL3,NEDD4,1
ELL3,CTCF,1
ELL3,SFPQ,1
ELL3,PURA,1
ELL3,GTF3C5,1
ELL3,VILL,1
ELL3,TRIM28,1
ELL3,KHDRBS1,1
ELL3,THRAP3,1
ELL3,NR5A2,1
ELL3,SPEN,1
ELL3,NFYA,1
ELL3,ETV4,1
ELL3,BCAT1,1
ELL3,WBP11,1
ELL3,BCLAF1,1
ELL3,COIL,1
ELL3,SDC4,1
ELL3,MSC,1
ELL3,ZFP91,1
ELL3,ZFP768,1
ELL3,SFI1,1
ELL3,TFRC,1
ELL3,SPP1,1
ELL3,NDRG1,1
ELL3,PEG3,1
ELL3,HIF3A,1
ELL3,FUS,1
ELL3,KLF13,1
ELL3,RARG,1
ELL3,SLC5A11,1
ELL3,ILF3,1
ELL3,NFIB,1
ELL3,CUX2,1
ELL3,PHF20,1
ELL3,ZEB2,1
ELL3,NR2F6,1
ELL3,FABP3,1
ELL3,FBLIM1,1
ELL3,ATP6V0A1,1
ELL3,SUZ12,1
ELL3,SATB1,1
ELL3,DIDO1,1
ELL3,PCOLCE,1
ELL3,TAX1BP3,1
ELL3,GLIS2,1
ELL3,SMAD7,1
ELL3,SLC7A3,1
ELL3,MCM4,1
ELL3,KAT6B,1
ELL3,KANK2,1
ELL3,CTNNB1,1
ELL3,PLTP,1
ELL3,LAMB1,1
ELL3,TRP53,1
ELL3,SP1,1
ELL3,TET2,1
ELL3,LMF2,1
ELL3,HTT,1
ELL3,SHROOM3,1
ELL3,APBB1,1
ELL3,POLR1A,1
ELL3,ATF1,1
ELL3,PIAS3,1
ELL3,CDKN1A,1
ELL3,HMCES,1
ELL3,CHD7,1
ELL3,NACC1,1
ELL3,PLOD3,1
ELL3,FN1,1
ELL3,NR4A1,1
ELL3,ESRRA,1
ELL3,MYLPF,1
ELL3,ILF2,1
ELL3,ZMYM2,1
ELL3,RFX7,1
ELL3,IRF1,1
ELL3,ATF2,1
ELL3,PAPOLA,1
ELL3,GTF3C1,1
ELL3,POLR2A,1
ELL3,ATP13A3,1
ELL3,NFYB,1
ELL3,TDH,1
ELL3,TCF7L2,1
ELL3,RBBP7,1
ELL3,ZIC3,1
ELL3,LEFTY1,1
ELL3,TEAD3,1
ELL3,KPNA2,1
ELL3,MYCN,1
ELL3,MORF4L2,1
ELL3,KLF8,1
ELL3,ZFP219,1
ELL3,WWTR1,1
ELL3,SIN3B,1
ELL3,PSIP1,1
ELL3,NOTCH4,1
ELL3,CHST15,1
ELL3,ETV5,1
ELL3,ELAVL2,1
ELL3,TXNIP,1
ELL3,YEATS4,1
ELL3,UBQLN2,1
ELL3,GLS,1
ELL3,SEPT1,1
EP300,ZFP91,1
EP300,RARA,1
EP300,ILF3,1
EP300,MTF2,1
EP300,POLR2A,1
EP300,TXNIP,1
EP300,TNFAIP3,1
EP300,MSH6,1
EP300,DNMT1,1
EP300,SELENOW,1
EP300,ATP6V0A1,1
EP300,BCAT1,1
EP300,DDX54,1
EP300,RUNX1,1
EP300,DDIT3,1
EP300,ZFP335,1
EP300,DDX20,1
EP300,POLR2E,1
EP300,POLR3F,1
EP300,FUS,1
EP300,RELA,1
EP300,TGIF1,1
EP300,HDAC2,1
EP300,CNOT6,1
EP300,DCP1A,1
EP300,MCM4,1
EP300,SKIL,1
EP300,APOBEC3,1
EP300,ODC1,1
EP300,TADA3,1
EP300,DIDO1,1
EP300,EWSR1,1
EP300,MED4,1
EP300,JMJD1C,1
EP300,KDM3A,1
EP300,ETV6,1
EP300,PSIP1,1
EP300,EED,1
EP300,PHF14,1
EP300,TFRC,1
EP300,SFI1,1
EP300,RBPJ,1
EP300,TOX4,1
EP300,SPP1,1
EP300,COPS2,1
EP300,IRF1,1
EP300,IRF2,1
EP300,HIST1H4K,1
EP300,TAF9,1
EP300,NR4A1,1
EP300,LAPTM5,1
EP300,INSIG1,1
EP300,RIF1,1
EP300,MAZ,1
EP300,INTS12,1
EP300,ECD,1
EP300,SATB1,1
EP300,HIVEP2,1
EP300,ZFP219,1
EP300,RBM14,1
EP300,TAF5,1
EP300,GTF2H3,1
EP300,ATF6,1
EP300,ZFAND3,1
EP300,SRI,1
EP300,POLR1A,1
EP300,POLR3B,1
EP300,ZBTB24,1
EP300,UPP1,1
EP300,ASXL1,1
EP300,P4HA1,1
EP300,GLS,1
EP300,FOXJ3,1
EP300,CIC,1
EP300,BRPF1,1
EP300,JUND,1
EP300,MT1,1
EP300,NR3C1,1
EP300,TRP53,1
EP300,FOSL2,1
EP300,ATF7,1
EP300,MYMX,1
EP300,PHC1,1
EP300,ZEB1,1
EP300,DDX5,1
EP300,B2M,1
EP300,PCBP2,1
EP300,ATF4,1
EP300,HMGA1,1
EP300,GSR,1
EP300,EPHA2,1
EP300,CTNNB1,1
EP300,KLF10,1
EP300,ZFP148,1
EP300,HMGA1B,1
EP300,SRSF1,1
EP300,NFE2L1,1
EP300,CNOT8,1
EP300,P4HB,1
EP300,TUBB6,1
EP300,POLR2J,1
EP300,TMED2,1
EP300,ZFP281,1
EP300,BTAF1,1
EP300,HIST1H2AC,1
EP300,TMF1,1
EP300,RFX5,1
EP300,NR1D1,1
EP300,ANKS1,1
EP300,ING1,1
EP300,DNAJC2,1
EP300,HNRNPK,1
EP300,ARL6IP5,1
EP300,ILK,1
EP300,LDB1,1
EP300,POU2F1,1
EP300,XRCC6,1
EP300,EIF4A2,1
EP300,HDAC1,1
EP300,SUB1,1
EP300,GNAS,1
EP300,FUBP3,1
EP300,ILF2,1
EP300,AIP,1
EP300,CALR,1
EP300,CITED2,1
EP300,EP400,1
EP300,CCNG1,1
EP300,TCF12,1
EP300,HMGB2,1
EP300,ARID1A,1
EP300,HSP90AA1,1
EP300,ZFP446,1
EP300,MEF2A,1
EP300,HSPA5,1
EP300,ANKRD6,1
EP300,XRCC5,1
EP300,MED21,1
EP300,CEBPZ,1
EP300,NFE2L2,1
EP300,TRIB3,1
EP300,THRAP3,1
EP300,ZEB2,1
EP300,MYLPF,1
EP300,ELF1,1
EP300,BTG2,1
EP300,STAT4,1
EP300,DNAJC10,1
EP300,TCEA1,1
EP300,CST3,1
EP300,FDPS,1
EP300,TOPORS,1
EP300,TAF10,1
EP300,TBPL1,1
EP300,NFYB,1
EP300,HDAC5,1
EP300,XAB2,1
EP300,TBL1X,1
EP300,BRCA2,1
EP300,TDGF1,1
EP300,TET2,1
EP300,CHST15,1
EP300,PDCD11,1
EP300,ZFP398,1
EP300,APEX1,1
EP300,KPNA2,1
EP300,HSP90B1,1
EP300,PDK1,1
EP300,TRIM25,1
EP300,PHF12,1
EP300,RUVBL2,1
EP300,SMARCD1,1
EP300,ELK4,1
EP300,HMGXB4,1
EP300,CTCF,1
EP300,TFE3,1
EP300,ZBTB10,1
EP300,PRDM14,1
EP300,GABPA,1
EP300,PRDM1,1
EP300,TCERG1,1
EP300,KHDRBS1,1
EP300,GNPDA1,1
EP300,BTG1,1
EP300,PELP1,1
EP300,PHB2,1
EP300,RASGRP2,1
EP300,SOCS2,1
EP300,POU5F1,1
EP300,MIS18BP1,1
EP300,KNTC1,1
EP300,BCLAF1,1
EP300,MCM5,1
EP300,PLAT,1
EP300,NOTCH2,1
EP300,ABTB1,1
EP300,SP1,1
EP300,GTF3C5,1
EP300,KLF9,1
EP300,LMF2,1
EP300,BARD1,1
EP300,ECT2,1
EP300,CALU,1
EP300,ATM,1
EP300,ATF5,1
EP300,MORF4L2,1
EP300,MCM3,1
EP300,LAMC1,1
EP300,TCF4,1
EP300,ING3,1
EP300,TIMELESS,1
EP300,COMMD3,1
EP300,UBP1,1
EP300,MAML1,1
EP300,MT2,1
EP300,JUN,1
EP300,MBD2,1
EP300,POLR2H,1
EP300,TFAP4,1
EP300,NR1D2,1
EP300,HMGXB3,1
EP300,SAP30,1
EP300,MATR3,1
EP300,NFYA,1
EP300,STAT5B,1
EP300,HDLBP,1
EP300,DDB1,1
EP300,SRSF3,1
EP300,NDRG1,1
EP300,SPEN,1
EP300,KLF2,1
EP300,HIF1A,1
EP300,SREBF1,1
EP300,KDM5B,1
EP300,CRAMP1L,1
EP300,RBBP4,1
EP300,HSPH1,1
EP300,POLR1B,1
EP300,HES6,1
EP300,PURA,1
EP300,NANOG,1
EP300,RAB11A,1
EP300,ERCC3,1
EP300,HTT,1
EP300,SIRT3,1
EP300,FABP3,1
EP300,MDM2,1
EP300,UCHL1,1
EP300,RAD54B,1
EP300,BRWD1,1
EP300,SFPQ,1
EP300,ADAM19,1
EP300,PHF20,1
EP300,SND1,1
EP300,HIST1H2BK,1
EP300,ANXA2,1
EP300,CDC5L,1
EP300,ZDHHC16,1
EP300,RNF19A,1
EP300,PLOD3,1
EP300,MCM7,1
EP300,NFX1,1
EP300,TFEB,1
EP300,ETV1,1
EP300,FBLIM1,1
EP300,CTSA,1
EP300,NFXL1,1
EP300,KLF6,1
EP300,CDC20,1
EP300,DEK,1
EP300,CBX8,1
EP300,WBP11,1
EP300,F3,1
EP300,SRRT,1
EP300,SERTAD2,1
EP300,ARNTL,1
EP300,ANKRD49,1
EP300,ESPL1,1
EP300,USF1,1
EP300,ANXA5,1
EP300,ATF2,1
EP300,FXR2,1
EP300,RNF14,1
EP300,POLR3D,1
EP300,DDX58,1
EP300,MED31,1
EP300,MKRN1,1
EP300,TRIP11,1
EP300,MPHOSPH8,1
EP300,SMARCA5,1
EP300,SIX5,1
EP300,SIRT2,1
EP300,GTF2I,1
EP300,RARG,1
EP300,RAI14,1
EP300,GTF3C1,1
EP300,HNRNPAB,1
EP300,PA2G4,1
EP300,SLC25A4,1
EP300,SMAD7,1
EP300,HIST1H2BN,1
EP300,HIST1H2AK,1
EP300,HIST1H2BL,1
EP300,HIST1H2AI,1
EP300,TDH,1
EP300,SMARCA4,1
EP300,ABT1,1
EP300,SUZ12,1
EP300,HSBP1,1
EP300,HDGF,1
EP300,TMSB4X,1
EP300,FAM234A,1
EP300,CDKN1A,1
EP300,RBBP7,1
EP300,ANKRD54,1
EP300,GLUL,1
EP300,MCM6,1
EP300,SIRT1,1
EP300,TAGLN2,1
EP300,TSG101,1
EP300,TAF6L,1
EP300,SLC6A6,1
EP300,PLAG1,1
EP300,AKT1,1
EP300,MYBBP1A,1
EP300,CREB3,1
EP300,TAF6,1
EP300,RBL1,1
EP300,SEPT1,1
EP300,COIL,1
EP300,NUPR1,1
EP300,PAPOLA,1
EP300,GZF1,1
EP300,L3MBTL2,1
EP300,RLIM,1
EP300,RAD51,1
EP300,KAT6B,1
EP300,TXNDC12,1
EP300,YEATS4,1
EP300,MYD88,1
EP300,CDC42SE2,1
EP300,VEGFA,1
EP300,LEFTY1,1
EP300,BRCA1,1
EP300,RNF6,1
EP300,SAT1,1
EP300,BCAM,1
EP300,ATP13A3,1
EP300,BCL3,1
EP300,KLF3,1
EP300,TRP53BP1,1
EP300,TRPS1,1
EP300,PREB,1
EP300,HDAC4,1
EP300,DAXX,1
EP300,SPRY4,1
EP300,E2F4,1
EP300,MGST3,1
EP300,KLF13,1
EP300,NONO,1
EP300,MAFK,1
EP300,PARP1,1
EP300,SLC7A6,1
EP300,PMS1,1
EP300,NOTCH1,1
EP300,ERP29,1
EP300,ELF2,1
EP300,ATF1,1
EP300,SGK1,1
EP300,AMOTL2,1
EP300,SMARCC1,1
EP300,CTNNBL1,1
EP300,EZH2,1
EP300,HSF2,1
EP300,ASNS,1
EP300,NFATC3,1
EP300,MLLT1,1
EP300,CTSD,1
EP300,CD63,1
EP300,LDHB,1
EP300,RUVBL1,1
EP300,NCOR1,1
EP300,FRRS1,1
EP300,AATF,1
EP300,TPD52,1
EP300,SMARCC2,1
EP300,MOV10,1
EP300,LRPAP1,1
EP300,POLR2B,1
EP300,SRSF6,1
EP300,MCM2,1
EP300,TUBB2B,1
EP300,MAPK3,1
EP300,EOMES,1
EP300,MYCN,1
EP300,MANF,1
EP300,OPLAH,1
EP300,RFX7,1
EP300,ZFP768,1
EP300,ELP2,1
EP300,YEATS2,1
EP300,ASH2L,1
EP300,ESRRA,1
EP300,BTF3,1
EP300,SLC25A5,1
EP300,FRMD4A,1
EP300,FOXO3,1
EP300,ERF,1
EP300,DDB2,1
EP300,POLR1C,1
EP300,RBMX,1
EP300,NKRF,1
EP300,SNAPC3,1
EP300,PIAS2,1
EP300,UHRF1,1
EP300,CTSL,1
EP300,D230025D16RIK,1
EP300,PIAS1,1
EP300,RFX2,1
EP300,NACC1,1
EP300,MEIS1,1
EP300,ZBTB43,1
EP300,NOTCH4,1
EP300,GSTA4,1
EP300,BNIP3,1
EP300,IFITM2,1
EP300,HNRNPD,1
EP300,MYBL2,1
EP300,DR1,1
EP300,KEAP1,1
EP300,SRF,1
EP300,ETS1,1
EP300,MAML3,1
EP300,SLC7A3,1
EP300,NCOA3,1
EP300,EPS8,1
EP300,HIST1H2BF,1
EP300,TAX1BP3,1
EP300,STXBP2,1
EP300,TRIM28,1
EP300,TCOF1,1
EP300,ZFP277,1
EP300,PBXIP1,1
EP300,RNF2,1
EP300,ERCC8,1
EP300,BRD7,1
EP300,NR5A2,1
EP300,SPRY2,1
EP300,MEN1,1
EP300,TAF1A,1
EP300,PGA5,1
EP300,GJB3,1
EP300,DNMT3A,1
EP300,E2F2,1
EP300,PHF1,1
EP300,CALCOCO1,1
EP300,ISYNA1,1
EP300,MAPK8,1
EP300,JARID2,1
EP300,PBX4,1
EP300,TRIM13,1
EP300,PCOLCE,1
EP300,MYH9,1
EP300,CTBP1,1
EP300,FOXH1,1
EP300,GLIPR2,1
EP300,ABHD5,1
EP300,PML,1
EP300,ZFP42,1
EP300,ETV5,1
EP300,E2F1,1
EP300,HMCES,1
EP300,RBFOX2,1
EP300,NRF1,1
EP300,MME,1
EP300,ZBTB38,1
EP300,AMPD2,1
EP300,HIST1H1D,1
EP300,RRM2,1
EP300,CTSZ,1
EP300,ELL2,1
EP300,CNOT7,1
EP300,GABBR1,1
EP300,TCF7,1
EP300,FXR1,1
EP300,ORC2,1
EP300,CCN2,1
EP300,TRIM24,1
EP300,SNAI1,1
EP300,DKC1,1
EP300,HIP1,1
EP300,PARVB,1
EP300,SLC16A1,1
EP300,TCEA3,1
EP300,FOXJ2,1
EP300,TUBA4A,1
EP300,NEDD4,1
EP300,SMARCAD1,1
EP300,SEMA4C,1
EP300,POLR1E,1
EP300,IFITM1,1
EP300,SMURF1,1
EP300,VSIR,1
EP300,NAA15,1
EP300,HIST1H3H,1
EP300,NUP210,1
EP300,TRRAP,1
EP300,ASS1,1
EP300,LY6G6E,1
EP300,HSPB1,1
EP300,ZDHHC15,1
EP300,CNOT2,1
EP300,NME2,1
EP300,APOE,1
EP300,XBP1,1
EP300,RB1,1
EP300,GABARAPL2,1
EP300,TTF2,1
EP300,WDR45,1
EP300,ULK1,1
EP300,UBTF,1
EP300,IL33,1
EP300,RBPMS2,1
EP300,PHLDA3,1
EP300,TSPAN9,1
EP300,ETV4,1
EP300,HIST1H2BB,1
EP300,ZHX3,1
EP300,RYBP,1
EP300,ZFHX3,1
EP300,GJA1,1
EP300,MED12,1
EP300,KRBA1,1
EP300,NRIP1,1
EP300,OTX2,1
EP300,SDC4,1
EP300,SMARCB1,1
EP300,CALD1,1
EP300,PHLDB2,1
EP300,PATJ,1
EP300,CSRP2,1
EP300,ZSCAN10,1
EP300,SMURF2,1
EP300,P3H1,1
EP300,SLCO3A1,1
EP300,EDA2R,1
EP300,CCNB1,1
EP300,ELK1,1
EP300,CRY1,1
EP300,KDELR2,1
EP300,SLC5A11,1
EP300,LAMB2,1
EP300,CTH,1
EP300,DPPA2,1
EP300,PLTP,1
EP300,POU6F1,1
EP300,LMO4,1
EP300,SIN3B,1
EP300,NR2C1,1
EP300,MLXIP,1
EP300,EZH1,1
EP300,NR2F6,1
EP300,PLOD1,1
EP300,ELAVL2,1
EP300,PATZ1,1
EP300,TXNDC5,1
EP300,ARHGAP29,1
EP300,PIAS3,1
EP300,ETV3,1
EP300,ZFP296,1
EP300,SORD,1
EP300,CBX6,1
EP300,L1TD1,1
EP300,ELF4,1
EP300,CENPB,1
EP300,MYO6,1
EP300,IFI30,1
EP300,E2F6,1
EP300,PFKP,1
EP300,SERPINH1,1
EP300,TULP3,1
EP300,SOX2,1
EP300,REST,1
EP300,APBB1,1
EP300,PLOD2,1
EP300,ITGA6,1
EP300,SURF4,1
EP300,GDPD5,1
EP300,EFEMP2,1
EP300,KANK2,1
EP300,ZFP57,1
EP300,SNURF,1
EP300,BEND5,1
EP300,EDEM1,1
EP300,TINAGL1,1
EP300,CBX7,1
EP300,TRIM32,1
EP300,AU018091,1
EP300,SMAD2,1
EP300,SIN3A,1
EP300,HIF3A,1
EP300,MKX,1
EP300,CRIP2,1
EP300,PTPN14,1
EP300,ZFP275,1
EP300,DDAH2,1
EP300,THBD,1
EP300,TEAD1,1
EP300,SALL4,1
EP300,TBX3,1
EP300,WWTR1,1
EP300,CAR2,1
EP300,2410141K09RIK,1
EP300,ELF3,1
EP300,LTBP4,1
EP300,TCL1,1
EP300,FLRT3,1
EP300,DAB2,1
EP300,ZBTB39,1
EP300,ME1,1
EP300,SHROOM3,1
EP300,ALG13,1
EP300,RBMXL2,1
EP300,TRIP6,1
EP300,NRG1,1
EP300,2200002D01RIK,1
EP300,NR0B1,1
EP300,TEAD4,1
EP300,EGR1,1
EP300,EYA1,1
EP300,PDGFRA,1
EP300,ZBTB7A,1
EP300,TCF7L2,1
EP300,P4HA2,1
EP300,FN1,1
EP300,MSC,1
EP300,VILL,1
EP300,UBQLN2,1
EP300,HEY2,1
EP300,MEIS3,1
EP300,IRF6,1
EP300,NFIB,1
EP300,RFXAP,1
EP300,IGFBP2,1
EP300,NID1,1
EP300,CELF3,1
EP300,APP,1
EP300,LAMA1,1
EP300,TMEM144,1
EP300,KIT,1
EP300,AIRE,1
EP300,NFIL3,1
EP300,ALPL,1
EP300,HIST1H2AF,1
EP300,CKAP4,1
EP300,SOX15,1
EP300,TMEM150A,1
EP300,GLIS2,1
EP300,KLF8,1
EP300,SSBP4,1
EP300,SLC6A8,1
EP300,LAMB1,1
EP300,LOXL2,1
EP300,TET1,1
EP300,DMRT1,1
EP300,GLI2,1
EP300,RANBP17,1
EP300,RAB3IL1,1
EP300,CTBP2,1
EP300,CHCHD10,1
EP300,CLDN6,1
EP300,ZFP979,1
EP300,PAX6,1
EP300,DUSP9,1
EP300,TRH,1
EP300,CUX2,1
EP300,NFATC4,1
EP300,MAPK13,1
EP300,KRT8,1
EP300,GLDC,1
EP300,ZIC3,1
EP300,BMP4,1
EP300,LRP2,1
EP300,KRT42,1
EP300,SIX1,1
EP300,FOXD3,1
EP300,ADAM23,1
EP300,BEX1,1
EP300,SOX7,1
EP300,NDN,1
EP300,CKB,1
EP300,PRDM5,1
EP300,CALCOCO2,1
EP300,TFAP2C,1
EP300,PTH1R,1
EP300,TFCP2L1,1
EP300,LEFTY2,1
EP300,SALL1,1
EP300,PROX1,1
EP300,KHDC3,1
EP300,TNS4,1
EP300,TOX3,1
EP300,HSF2BP,1
EP400,ZFHX3,1
EP400,EOMES,1
EP400,PITX1,1
EP400,CBX8,1
EP400,TBX3,1
EP400,SFI1,1
EP400,IRF2,1
EP400,OTX2,1
EP400,PROX1,1
EP400,CNOT8,1
EP400,POLR1B,1
EP400,CBX4,1
EP400,TCERG1,1
EP400,HIVEP2,1
EP400,PITX2,1
EP400,FOXA2,1
EP400,POLR3B,1
EP400,NME2,1
EP400,UBE2C,1
EP400,RASGRP2,1
EP400,EDA2R,1
EP400,HNRNPD,1
EP400,SATB2,1
EP400,DKC1,1
EP400,SFPQ,1
EP400,DDX54,1
EP400,LMO4,1
EP400,GATA6,1
EP400,BCAT1,1
EP400,TAF9,1
EP400,NFE2L1,1
EP400,ATF7,1
EP400,BTF3,1
EP400,SRSF1,1
EP400,LHX2,1
EP400,ASNS,1
EP400,GATA4,1
EP400,SUZ12,1
EP400,SMARCC1,1
EP400,KDM3A,1
EP400,BRCA2,1
EP400,HNRNPK,1
EP400,CD63,1
EP400,ODC1,1
EP400,LRP2,1
EP400,INTS12,1
EP400,MCM6,1
EP400,SRM,1
EP400,ILF3,1
EP400,EZH2,1
EP400,XRCC5,1
EP400,L1TD1,1
EP400,ECD,1
EP400,HOXD13,1
EP400,MED31,1
EP400,PKNOX2,1
EP400,BCLAF1,1
EP400,TSHZ3,1
EP400,MATR3,1
EP400,EMX2,1
EP400,ILF2,1
EP400,MCM3,1
EP400,ASXL1,1
EP400,SIX1,1
EP400,HSPA5,1
EP400,EBF1,1
EP400,KPNA2,1
EP400,CREB5,1
EP400,BIN1,1
EP400,RBL1,1
EP400,PA2G4,1
EP400,NCOR1,1
EP400,MYBBP1A,1
EP400,HNRNPAB,1
EP400,FUS,1
EP400,TDH,1
EP400,DDIT3,1
EP400,ANKRD49,1
EP400,PAX6,1
EP400,ATF6,1
EP400,JUND,1
EP400,TRP53,1
EP400,MCM7,1
EP400,NFX1,1
EP400,APEX1,1
EP400,HMGA2,1
EP400,TRIB3,1
EP400,EWSR1,1
EP400,TXNDC12,1
EP400,RIF1,1
EP400,POLR2A,1
EP400,HIST1H4K,1
EP400,TFAP4,1
EP400,TRIM28,1
EP400,DDX5,1
EP400,ZFP979,1
EP400,ARID1A,1
EP400,NR2F2,1
EP400,MYMX,1
EP400,MTF2,1
EP400,ATF5,1
EP400,HDLBP,1
EP400,PLA2G1B,1
EP400,COIL,1
EP400,MED4,1
EP400,SRSF6,1
EP400,EP300,1
EP400,GLS,1
EP400,FOXJ3,1
EP400,PMS1,1
EP400,SRSF3,1
EP400,HIF3A,1
EP400,KHDRBS1,1
EP400,TFRC,1
EP400,ATF4,1
EP400,YBX1,1
EP400,NRF1,1
EP400,SP1,1
EP400,SND1,1
EP400,RFX5,1
EP400,BRPF1,1
EP400,SLC16A1,1
EP400,SLC7A6,1
EP400,HCFC1,1
EP400,HIST1H1B,1
EP400,EHMT2,1
EP400,POLR3D,1
EP400,GTF2H3,1
EP400,XRCC6,1
EP400,ILK,1
EP400,KNTC1,1
EP400,MANF,1
EP400,TFAP2C,1
EP400,SMARCAD1,1
EP400,CALR,1
EP400,SMARCA5,1
EP400,ESPL1,1
EP400,NEDD4,1
EP400,EED,1
EP400,ZBTB10,1
EP400,UTF1,1
EP400,PDK1,1
EP400,MORF4L2,1
EP400,COPS2,1
EP400,CDC5L,1
EP400,PAPOLA,1
EP400,ZYX,1
EP400,UNG,1
EP400,POU2F1,1
EP400,GTF3C5,1
EP400,NR1D2,1
EP400,GLUL,1
EP400,ESRRA,1
EP400,DKK1,1
EP400,CTBP2,1
EP400,P4HB,1
EP400,RLIM,1
EP400,FRRS1,1
EP400,CSRP2,1
ESRRB,ESRRA,1
ESRRB,FUBP3,1
ESRRB,MTF2,1
ESRRB,SPP1,1
ESRRB,BRWD1,1
ESRRB,FABP3,1
ESRRB,LDHB,1
ESRRB,PHC1,1
ESRRB,TFRC,1
ESRRB,MKRN1,1
ESRRB,UPP1,1
ESRRB,GABPA,1
ESRRB,SGK1,1
ESRRB,LY6G6E,1
ESRRB,CALU,1
ESRRB,IGFBP2,1
ESRRB,ZFP148,1
ESRRB,RIF1,1
ESRRB,RBM14,1
ESRRB,NR5A2,1
ESRRB,ZFP42,1
ESRRB,PRDM14,1
ESRRB,SLC25A4,1
ESRRB,MYLPF,1
ESRRB,CST3,1
ESRRB,SIRT3,1
ESRRB,MME,1
ESRRB,ZFPM1,1
ESRRB,MYMX,1
ESRRB,MSH6,1
ESRRB,SFI1,1
ESRRB,PCOLCE,1
ESRRB,PURA,1
ESRRB,PDK1,1
ESRRB,TDGF1,1
ESRRB,BARD1,1
ESRRB,PARVB,1
ESRRB,OPLAH,1
ESRRB,RBPJ,1
ESRRB,FBLIM1,1
ESRRB,ASNS,1
ESRRB,ID2,1
ESRRB,SLC25A5,1
ESRRB,ATF1,1
ESRRB,NR0B1,1
ESRRB,NR1D2,1
ESRRB,SLC6A6,1
ESRRB,CBX7,1
ESRRB,GLIS2,1
ESRRB,NFX1,1
ESRRB,JUND,1
ESRRB,PBXIP1,1
ESRRB,DDAH2,1
ESRRB,CSRP2,1
ESRRB,DPPA2,1
ESRRB,RBPMS2,1
ESRRB,LDB1,1
ESRRB,RARA,1
ESRRB,ZFP768,1
ESRRB,TTF2,1
ESRRB,MAPK8,1
ESRRB,RASGRP2,1
ESRRB,JUN,1
ESRRB,BCL3,1
ESRRB,DIDO1,1
ESRRB,HSPA5,1
ESRRB,POU5F1,1
ESRRB,2410141K09RIK,1
ESRRB,GABBR1,1
ESRRB,EIF4A2,1
ESRRB,POLR3D,1
ESRRB,SLC16A1,1
ESRRB,WBP11,1
ESRRB,SMARCA5,1
ESRRB,HMCES,1
ESRRB,CCN2,1
ESRRB,SAT1,1
ESRRB,POLR1A,1
ESRRB,SAP30,1
ESRRB,PDCD11,1
ESRRB,MEF2C,1
ESRRB,CKB,1
ESRRB,MEF2D,1
ESRRB,NANOG,1
ESRRB,HSPB1,1
ESRRB,BCAM,1
ESRRB,TAF6L,1
ESRRB,CAR2,1
ESRRB,NOTCH4,1
ESRRB,PMM1,1
ESRRB,TPD52,1
ESRRB,ERF,1
ESRRB,ETV1,1
ESRRB,ZIC3,1
ESRRB,TMEM150A,1
ESRRB,NFE2L2,1
ESRRB,CDC20,1
ESRRB,ASXL1,1
ESRRB,CTSA,1
ESRRB,CALR,1
ESRRB,SRSF3,1
ESRRB,UNG,1
ESRRB,ZFP219,1
ESRRB,KANK2,1
ESRRB,TCEA3,1
ESRRB,KHDC3,1
ESRRB,PIAS2,1
ESRRB,HNRNPAB,1
ESRRB,CEBPZ,1
ESRRB,ZFP57,1
ESRRB,HIST1H1B,1
ESRRB,TMF1,1
ESRRB,ELAVL2,1
ESRRB,THRAP3,1
ESRRB,CENPB,1
ESRRB,NCOA3,1
ESRRB,PLOD1,1
ESRRB,TDH,1
ESRRB,GLI1,1
ESRRB,NFE2L1,1
ESRRB,GNPDA1,1
ESRRB,NR1D1,1
ESRRB,PDPN,1
ESRRB,ZSCAN10,1
ESRRB,BMPER,1
ESRRB,ETV4,1
ESRRB,PELP1,1
ESRRB,SRI,1
ESRRB,SPRY4,1
ESRRB,FRRS1,1
ESRRB,ASH2L,1
ESRRB,SLC7A3,1
ESRRB,UBE2C,1
ESRRB,MGST3,1
ESRRB,SEPT1,1
ESRRB,HNRNPK,1
ESRRB,YBX1,1
ESRRB,MTA3,1
ESRRB,HNF1B,1
ESRRB,EPAS1,1
ESRRB,HDAC5,1
ESRRB,TINAGL1,1
ESRRB,TSPAN9,1
ESRRB,STAT5A,1
ESRRB,PHF14,1
ESRRB,TXNDC12,1
ESRRB,HDAC1,1
ESRRB,TRP53BP1,1
ESRRB,ELF1,1
ESRRB,MT1,1
ESRRB,NUPR1,1
ESRRB,NR3C1,1
ESRRB,HES6,1
ESRRB,DUSP9,1
ESRRB,TULP3,1
ESRRB,STAT4,1
ESRRB,SATB1,1
ESRRB,MDM2,1
ESRRB,RAD51,1
ESRRB,AMOTL2,1
ESRRB,ILF2,1
ESRRB,RBBP7,1
ESRRB,PHF1,1
ESRRB,HIST1H2BK,1
ESRRB,RNF2,1
ESRRB,GDPD5,1
ESRRB,MEF2A,1
ESRRB,FOXP1,1
ESRRB,E2F2,1
ESRRB,EDEM1,1
ESRRB,SLC26A10,1
ESRRB,MBD2,1
ESRRB,GLS,1
ESRRB,NME2,1
ESRRB,KDM3A,1
ESRRB,SLC5A11,1
ESRRB,L3MBTL2,1
ESRRB,DKK1,1
ESRRB,ZBTB43,1
ESRRB,POLR3F,1
ESRRB,TBL1X,1
ESRRB,ELK4,1
ESRRB,FXR2,1
ESRRB,PATJ,1
ESRRB,SOX15,1
ESRRB,TCF7L2,1
ESRRB,SERTAD2,1
ESRRB,CITED2,1
ESRRB,GATA6,1
ESRRB,THBD,1
ESRRB,DAZAP2,1
ESRRB,TOP2A,1
ESRRB,HIST1H4K,1
ESRRB,CTBP1,1
ESRRB,HIST1H1A,1
ESRRB,OTX2,1
ESRRB,DNMT3A,1
ESRRB,NPAS2,1
ESRRB,NOTCH1,1
ESRRB,MITF,1
ESRRB,EPHA2,1
ESRRB,MSC,1
ESRRB,TGFB1I1,1
ESRRB,HDAC11,1
ESRRB,ARNTL,1
ESRRB,SHROOM3,1
ESRRB,IFITM1,1
ESRRB,ELL2,1
ESRRB,BRCA1,1
ESRRB,VSIR,1
ESRRB,TMEM144,1
ESRRB,CTSL,1
ESRRB,SPRY2,1
ESRRB,ZFP91,1
ESRRB,SORD,1
ESRRB,SRRT,1
ESRRB,ADAM19,1
ESRRB,ANXA5,1
ESRRB,SALL4,1
ESRRB,IL33,1
ESRRB,ESPL1,1
ESRRB,TOPORS,1
ESRRB,PML,1
ESRRB,KLF15,1
ESRRB,SELENOW,1
ESRRB,BMI1,1
ESRRB,MCM7,1
ESRRB,HIST1H2BF,1
ESRRB,TCERG1,1
ESRRB,APOBEC3,1
ESRRB,TGIF1,1
ESRRB,F3,1
ESRRB,GATA4,1
ESRRB,JDP2,1
ESRRB,MED12,1
ESRRB,TRIP6,1
ESRRB,TIMELESS,1
ESRRB,FOXJ3,1
ESRRB,KLF13,1
ESRRB,KAT6B,1
ESRRB,CRIP2,1
ESRRB,BCAT1,1
ESRRB,FGF10,1
ESRRB,TFE3,1
ESRRB,EWSR1,1
ESRRB,SLCO3A1,1
ESRRB,NR2F2,1
ESRRB,NDRG4,1
ESRRB,SNAI1,1
ESRRB,ZFP446,1
ESRRB,NR4A1,1
ESRRB,TNK2,1
ESRRB,LAMA1,1
ESRRB,KLF4,1
ESRRB,PHF20,1
ESRRB,NFYB,1
ESRRB,RARG,1
ESRRB,NFIB,1
ESRRB,MYH9,1
ESRRB,NFIC,1
ESRRB,GSTA4,1
ESRRB,CCNG1,1
ESRRB,TIMP3,1
ESRRB,HSP90B1,1
ESRRB,RBBP4,1
ESRRB,ANKRD6,1
ESRRB,ZFP335,1
ESRRB,XRCC5,1
ESRRB,ATF4,1
ESRRB,ZFP592,1
ESRRB,PLAG1,1
ESRRB,CALD1,1
ESRRB,DNAJC10,1
ESRRB,PHF12,1
ESRRB,LRPAP1,1
ESRRB,PAX8,1
ESRRB,SRM,1
ESRRB,NCOR1,1
ESRRB,RAD54B,1
ESRRB,GTF2A1L,1
ESRRB,GAS6,1
ESRRB,SMAD7,1
ESRRB,CNOT8,1
ESRRB,EPHA4,1
ESRRB,SMARCB1,1
ESRRB,FUS,1
ESRRB,AMPD2,1
ESRRB,KLF6,1
ESRRB,ING1,1
ESRRB,WDR45,1
ESRRB,PHB2,1
ESRRB,TCL1,1
ESRRB,SREBF1,1
ESRRB,WWTR1,1
ESRRB,RCN3,1
ESRRB,TAX1BP3,1
ESRRB,TFAP4,1
ESRRB,TAF5,1
ESRRB,TCF4,1
ESRRB,TAGLN2,1
ESRRB,HIVEP2,1
ESRRB,ITPK1,1
ESRRB,SIRT1,1
ESRRB,ZFHX3,1
ESRRB,SRSF1,1
ESRRB,SURF4,1
ESRRB,GTF3C5,1
ESRRB,CHCHD10,1
ESRRB,LAMB1,1
ESRRB,TLE1,1
ESRRB,POLR2E,1
ESRRB,MED21,1
ESRRB,LGMN,1
ESRRB,2200002D01RIK,1
ESRRB,RANBP17,1
ESRRB,MED4,1
ESRRB,TUBA4A,1
ESRRB,SP8,1
ESRRB,ID3,1
ESRRB,KLF8,1
ESRRB,BTF3,1
ESRRB,TSG101,1
ESRRB,FHL2,1
ESRRB,PAPOLA,1
ESRRB,NFATC3,1
ESRRB,KDELR2,1
ESRRB,APOE,1
ESRRB,TFEB,1
ESRRB,STXBP2,1
ESRRB,RBMX,1
ESRRB,ERCC8,1
ESRRB,APBB1,1
EZH2,BMI1,1
EZH2,HOXD13,1
EZH2,BMP6,1
EZH2,FGFR3,1
EZH2,HTRA1,1
EZH2,ESRRB,1
EZH2,FGF3,1
EZH2,SFI1,1
EZH2,GRB10,1
EZH2,MAML3,1
EZH2,FOXQ1,1
EZH2,SOX7,1
EZH2,PTH1R,1
EZH2,EBF4,1
EZH2,CREB5,1
EZH2,NFATC1,1
EZH2,NPAS2,1
EZH2,LHX2,1
EZH2,COL27A1,1
EZH2,OVOL1,1
EZH2,FOXP1,1
EZH2,POU4F2,1
EZH2,NFIA,1
EZH2,CSF1,1
EZH2,IRF2,1
EZH2,IGF2,1
EZH2,DMRT1,1
EZH2,CITED1,1
EZH2,PDGFRA,1
EZH2,EOMES,1
EZH2,PKNOX2,1
EZH2,EMX2,1
EZH2,GNAS,1
EZH2,MLXIPL,1
EZH2,PAX6,1
EZH2,EBF1,1
EZH2,TBX18,1
EZH2,SLCO3A1,1
EZH2,BMPER,1
EZH2,HMGA2,1
EZH2,LRRK1,1
EZH2,COL4A2,1
EZH2,COL4A1,1
EZH2,FST,1
EZH2,PODXL,1
EZH2,BTBD11,1
EZH2,MSX2,1
EZH2,ZFPM1,1
EZH2,ID4,1
EZH2,TWIST1,1
EZH2,HNF1B,1
EZH2,GAS6,1
EZH2,HOPX,1
EZH2,ZBTB10,1
EZH2,CHST15,1
EZH2,SPOCK1,1
EZH2,GDPD5,1
EZH2,LRP2,1
EZH2,PAX1,1
EZH2,SERPINE2,1
EZH2,P4HA2,1
EZH2,SOX4,1
EZH2,SATB1,1
EZH2,APP,1
EZH2,HIVEP2,1
EZH2,FHL2,1
EZH2,NOTUM,1
EZH2,FOXA2,1
EZH2,DTX1,1
EZH2,FOXD3,1
EZH2,SIX1,1
EZH2,ZEB2,1
EZH2,TIMP2,1
EZH2,TOX3,1
EZH2,PRRX2,1
EZH2,PITX2,1
EZH2,POU6F1,1
EZH2,NR2F2,1
EZH2,PAX8,1
EZH2,ARHGAP29,1
EZH2,ATF3,1
EZH2,STARD10,1
EZH2,ID3,1
EZH2,ZFHX3,1
EZH2,HS3ST1,1
EZH2,JUN,1
EZH2,FRMD4A,1
EZH2,CUX1,1
EZH2,BAZ1A,1
EZH2,PITX1,1
EZH2,ABHD5,1
EZH2,MSC,1
EZH2,IMPDH1,1
EZH2,ETS1,1
EZH2,BIN1,1
EZH2,KHDC3,1
EZH2,SATB2,1
EZH2,FOSL2,1
EZH2,JDP2,1
EZH2,POU4F1,1
EZH2,NRG1,1
EZH2,NDN,1
EZH2,PHLDB2,1
EZH2,PTPN14,1
EZH2,NFIL3,1
EZH2,TYRO3,1
EZH2,CEMIP,1
EZH2,UTF1,1
EZH2,GATA4,1
EZH2,BARX1,1
EZH2,GATA3,1
EZH2,OBSL1,1
EZH2,EPAS1,1
EZH2,TUBB6,1
EZH2,HEY2,1
EZH2,MAPK11,1
EZH2,KDELR3,1
EZH2,OTX2,1
EZH2,TFAP2C,1
EZH2,THBD,1
EZH2,SOS2,1
EZH2,MRAS,1
EZH2,CHD5,1
EZH2,DKK1,1
EZH2,ANKRD6,1
EZH2,ELF2,1
EZH2,FOXJ2,1
EZH2,HSPB1,1
EZH2,ZEB1,1
EZH2,MORC4,1
EZH2,RNF157,1
EZH2,FGF4,1
EZH2,ARNTL,1
EZH2,STAT5B,1
EZH2,SGK1,1
EZH2,NR3C1,1
EZH2,RFXAP,1
EZH2,VEGFA,1
EZH2,PRDM14,1
EZH2,SIX5,1
EZH2,CAR2,1
EZH2,ARHGEF40,1
EZH2,MEIS1,1
EZH2,CBX8,1
EZH2,ZFP277,1
EZH2,GRIN1,1
EZH2,KLF2,1
EZH2,SMARCA5,1
EZH2,SMARCA2,1
EZH2,LAMB1,1
EZH2,EMP2,1
EZH2,MAPK13,1
EZH2,RBPMS2,1
EZH2,TIMP3,1
EZH2,TEAD4,1
EZH2,RASGRP2,1
EZH2,FGF10,1
EZH2,JMJD1C,1
EZH2,SLC7A6,1
EZH2,TCF12,1
EZH2,ME1,1
EZH2,SMAD3,1
EZH2,EYA1,1
EZH2,TGFB1,1
EZH2,EGR1,1
EZH2,H1F0,1
EZH2,MYO6,1
EZH2,ZHX3,1
EZH2,CLCN5,1
EZH2,PHLDA3,1
EZH2,VIM,1
EZH2,STAT5A,1
EZH2,KIT,1
EZH2,MAFK,1
EZH2,CUX2,1
EZH2,FOXJ3,1
EZH2,IRF6,1
EZH2,HDAC7,1
EZH2,GRHL1,1
EZH2,TCF7,1
EZH2,SOX17,1
EZH2,SEMA4C,1
EZH2,LAMA5,1
EZH2,HDLBP,1
EZH2,MEIS3,1
EZH2,NOTCH2,1
EZH2,CRY1,1
EZH2,GBX2,1
EZH2,PROX1,1
EZH2,ARNT2,1
EZH2,ZYX,1
EZH2,ELAVL2,1
EZH2,BRPF1,1
EZH2,TENM4,1
EZH2,GLDC,1
EZH2,NOTCH1,1
EZH2,KLF4,1
EZH2,P3H4,1
EZH2,P3H1,1
EZH2,PATJ,1
EZH2,SDC4,1
EZH2,SERTAD2,1
EZH2,HES6,1
EZH2,SOCS2,1
EZH2,TEAD1,1
EZH2,SCMH1,1
EZH2,ETV4,1
EZH2,LOXL2,1
EZH2,RNF19A,1
EZH2,SNAI1,1
EZH2,TPM4,1
EZH2,BEND5,1
EZH2,CKB,1
EZH2,CD63,1
EZH2,RUNX1,1
EZH2,MAN1A2,1
EZH2,TCF7L2,1
EZH2,DPP4,1
EZH2,SLC25A4,1
EZH2,CRIP2,1
EZH2,VEZF1,1
EZH2,COMMD3,1
EZH2,CDKN1A,1
EZH2,SHROOM3,1
EZH2,E2F6,1
EZH2,CHD7,1
EZH2,RBMXL2,1
EZH2,FUS,1
EZH2,TBX3,1
EZH2,CNOT6L,1
EZH2,RARG,1
EZH2,FRRS1,1
EZH2,CBX4,1
EZH2,LAMA1,1
EZH2,PLOD2,1
EZH2,TPD52,1
EZH2,SALL4,1
EZH2,TMEM150A,1
EZH2,NFXL1,1
EZH2,F3,1
EZH2,MKX,1
EZH2,ELP2,1
EZH2,NDRG1,1
EZH2,ZFP398,1
EZH2,EFEMP2,1
EZH2,PRDM5,1
EZH2,PHF2,1
EZH2,RANBP17,1
EZH2,GABBR1,1
EZH2,P4HA1,1
EZH2,INSIG1,1
EZH2,TLE1,1
EZH2,ELL2,1
EZH2,LTBP4,1
EZH2,FABP3,1
EZH2,DDX20,1
EZH2,NFKBIA,1
EZH2,B2M,1
EZH2,HIST1H2AC,1
EZH2,RAB11A,1
EZH2,CDC42SE2,1
EZH2,PAWR,1
EZH2,DAB2,1
EZH2,GLUL,1
EZH2,TNFAIP3,1
EZH2,KHDRBS1,1
EZH2,SPRY4,1
EZH2,PRDM1,1
EZH2,ELF1,1
EZH2,NFIC,1
EZH2,NRIP1,1
EZH2,BTG1,1
EZH2,SRF,1
EZH2,MEF2A,1
EZH2,CKAP4,1
EZH2,COTL1,1
EZH2,HDAC2,1
EZH2,PLAG1,1
EZH2,EPHA2,1
EZH2,TAF9,1
EZH2,EPHA4,1
EZH2,GATA6,1
EZH2,RAB3IL1,1
EZH2,WWTR1,1
EZH2,IKBKB,1
EZH2,SOAT1,1
EZH2,GLIS2,1
EZH2,EDEM1,1
EZH2,TFRC,1
EZH2,CITED2,1
EZH2,LDLRAP1,1
EZH2,APBB1,1
EZH2,TCEA3,1
EZH2,ZFP335,1
EZH2,RB1,1
EZH2,DNMT3A,1
EZH2,BASP1,1
EZH2,NFIB,1
EZH2,FOXO1,1
EZH2,IRF1,1
EZH2,RBFOX2,1
EZH2,ANKRD54,1
EZH2,RNF14,1
EZH2,MEF2C,1
EZH2,HIST1H2BK,1
EZH2,KAT6B,1
EZH2,TEAD3,1
EZH2,ALPL,1
EZH2,CTNNBIP1,1
EZH2,SRI,1
EZH2,ITGA6,1
EZH2,TSG101,1
EZH2,NR2C1,1
EZH2,NR2F6,1
EZH2,NFATC4,1
EZH2,EP400,1
EZH2,RYBP,1
EZH2,ZFP423,1
EZH2,SIN3B,1
EZH2,VSIR,1
EZH2,BCAT1,1
EZH2,TRIM24,1
EZH2,MTF2,1
EZH2,TUBA4A,1
EZH2,E2F2,1
EZH2,KLF15,1
EZH2,ETV6,1
EZH2,ANXA2,1
EZH2,WBP11,1
EZH2,RFX2,1
EZH2,MARC2,1
EZH2,HIST1H1D,1
EZH2,ILF2,1
EZH2,SMARCC2,1
EZH2,SUB1,1
EZH2,GLS,1
EZH2,HNRNPK,1
EZH2,MT1,1
EZH2,HNRNPAB,1
EZH2,CNOT2,1
EZH2,TOP2B,1
EZH2,TAF5,1
EZH2,MEF2D,1
EZH2,RRBP1,1
EZH2,HSP90AA1,1
EZH2,ADAM19,1
EZH2,IGFBP2,1
EZH2,CALR,1
EZH2,KLF9,1
EZH2,NCOA3,1
EZH2,JAM2,1
EZH2,DR1,1
EZH2,ATF4,1
EZH2,KRBA1,1
EZH2,TRIP11,1
EZH2,HIST1H4K,1
EZH2,PSIP1,1
EZH2,INTS12,1
EZH2,EPS8,1
EZH2,PURA,1
EZH2,ELK4,1
EZH2,MED15,1
EZH2,KDM3A,1
EZH2,ZFP592,1
EZH2,ATF7,1
EZH2,TFEB,1
EZH2,LAMC1,1
EZH2,HMGXB3,1
EZH2,TRRAP,1
EZH2,RBL1,1
EZH2,ODC1,1
EZH2,EP300,1
EZH2,ETV3,1
EZH2,HIF1A,1
EZH2,ETV5,1
EZH2,ZBTB38,1
EZH2,HSPA5,1
EZH2,SLC16A1,1
EZH2,SAP30,1
EZH2,ATF2,1
EZH2,BRCA2,1
EZH2,TSPAN9,1
EZH2,GLI2,1
EZH2,TNK2,1
EZH2,HES1,1
EZH2,TET1,1
EZH2,NR1D2,1
EZH2,SMURF1,1
EZH2,POLR2B,1
EZH2,PMS1,1
EZH2,GSR,1
EZH2,NR4A1,1
EZH2,TRPS1,1
EZH2,ZBTB43,1
EZH2,D230025D16RIK,1
EZH2,ANKS1,1
EZH2,CDC5L,1
EZH2,PIAS1,1
EZH2,NFATC3,1
EZH2,HSF2,1
EZH2,RAI14,1
EZH2,ZMYM2,1
EZH2,MT2,1
EZH2,CREB3,1
EZH2,NFATC2IP,1
EZH2,TSHZ3,1
EZH2,ZFP148,1
EZH2,SEC24D,1
EZH2,PHF12,1
EZH2,UBE2C,1
EZH2,MSH6,1
EZH2,UCHL1,1
EZH2,HIST1H3H,1
EZH2,ZFP276,1
EZH2,MATR3,1
EZH2,DDX5,1
EZH2,KLF3,1
EZH2,SMAD2,1
EZH2,HIST1H2BL,1
EZH2,HIST1H2AI,1
EZH2,SMARCC1,1
EZH2,MAPK8,1
EZH2,AATF,1
EZH2,HTT,1
EZH2,TXNDC5,1
EZH2,SPEN,1
EZH2,CNOT3,1
EZH2,HSPH1,1
EZH2,ASNS,1
EZH2,AMOTL2,1
EZH2,DAZAP2,1
EZH2,CLDN6,1
EZH2,BCL3,1
EZH2,CNOT6,1
EZH2,LMO4,1
EZH2,ZFAND3,1
EZH2,MXD4,1
EZH2,BTAF1,1
EZH2,CNOT7,1
EZH2,ADAM23,1
EZH2,NUP210,1
EZH2,MAML1,1
EZH2,ZMYND11,1
EZH2,UNG,1
EZH2,RNF6,1
EZH2,NCOR1,1
EZH2,GTF2A1L,1
EZH2,DDX54,1
EZH2,RBBP4,1
EZH2,MDM2,1
EZH2,IRF4,1
EZH2,ERP29,1
EZH2,P4HB,1
EZH2,CTSL,1
EZH2,HIP1,1
EZH2,MLXIP,1
EZH2,DCP1A,1
EZH2,PBX4,1
EZH2,ZFP296,1
EZH2,DNAJC10,1
EZH2,YEATS2,1
EZH2,SMURF2,1
EZH2,GTF3C1,1
EZH2,DNAJC2,1
EZH2,ZFP57,1
EZH2,PHF20,1
EZH2,PHC1,1
EZH2,MKRN1,1
EZH2,DUSP9,1
EZH2,HDGF,1
EZH2,EED,1
EZH2,SRSF1,1
EZH2,ZFP768,1
EZH2,HDAC5,1
EZH2,DEK,1
EZH2,STARD8,1
EZH2,ANKRD49,1
EZH2,HMGXB4,1
EZH2,BRD7,1
EZH2,MYCN,1
EZH2,KLF10,1
EZH2,MOV10,1
EZH2,CIC,1
EZH2,CBX7,1
EZH2,CTNNB1,1
EZH2,SMARCAD1,1
EZH2,MYH9,1
EZH2,YBX1,1
EZH2,GLIPR2,1
EZH2,NAA15,1
EZH2,NFE2L1,1
EZH2,FUBP3,1
EZH2,HNRNPD,1
EZH2,HIST1H2BN,1
EZH2,HIST1H2AK,1
EZH2,TMF1,1
EZH2,XRCC6,1
EZH2,RNF2,1
EZH2,FAM129B,1
EZH2,HDAC3,1
EZH2,ZFYVE21,1
EZH2,MBD2,1
EZH2,USF1,1
EZH2,HMCES,1
EZH2,SIRT1,1
EZH2,KRT8,1
EZH2,CTCF,1
EZH2,EWSR1,1
EZH2,ZFP219,1
EZH2,TAF10,1
EZH2,SLC6A6,1
EZH2,NID1,1
EZH2,BNIP3,1
EZH2,NFYA,1
EZH2,POLR3F,1
EZH2,ORC2,1
EZH2,ATP13A3,1
EZH2,ULK1,1
EZH2,MCM6,1
EZH2,XBP1,1
EZH2,POLR3D,1
EZH2,NFX1,1
EZH2,TRIM25,1
EZH2,TBPL1,1
EZH2,PLAGL2,1
EZH2,SRSF6,1
EZH2,SMARCD1,1
EZH2,THRAP3,1
EZH2,PLOD1,1
EZH2,PDK1,1
EZH2,DCXR,1
EZH2,POLR1C,1
EZH2,CREB3L2,1
EZH2,CALU,1
EZH2,TCF20,1
EZH2,TAX1BP3,1
EZH2,PCBP2,1
EZH2,EZH1,1
EZH2,NRF1,1
EZH2,GTF2H3,1
EZH2,RERE,1
EZH2,FXR1,1
EZH2,HIST1H2BF,1
EZH2,CTBP2,1
EZH2,TCERG1,1
EZH2,RAPGEF3,1
EZH2,HSBP1,1
EZH2,KDELR2,1
EZH2,SALL1,1
EZH2,SMARCA4,1
EZH2,PARP1,1
EZH2,KLF13,1
EZH2,ERF,1
EZH2,ZBTB24,1
EZH2,PELP1,1
EZH2,TMED2,1
EZH2,RRM2,1
EZH2,CRAMP1L,1
EZH2,CNOT8,1
EZH2,SRSF3,1
EZH2,BTF3,1
EZH2,GJB3,1
EZH2,TRIM13,1
EZH2,LDB1,1
EZH2,UPP1,1
EZH2,SP8,1
EZH2,FN1,1
EZH2,ARID1A,1
EZH2,UBP1,1
EZH2,ITPK1,1
EZH2,GABPA,1
EZH2,MCM4,1
EZH2,HDAC1,1
EZH2,RIF1,1
EZH2,ATP6V0A1,1
EZH2,COBL,1
EZH2,CHCHD10,1
EZH2,CCN2,1
EZH2,SREBF1,1
EZH2,MYBL2,1
EZH2,SUZ12,1
EZH2,TRIM28,1
EZH2,HIF3A,1
EZH2,CSRP2,1
EZH2,DNMT1,1
EZH2,PMM1,1
EZH2,PARVB,1
EZH2,E2F1,1
EZH2,SLC26A10,1
EZH2,ABTB1,1
EZH2,TULP3,1
EZH2,TET2,1
EZH2,SRRT,1
EZH2,PLTP,1
EZH2,ATF5,1
EZH2,RBM14,1
EZH2,GTF3C5,1
EZH2,PHB2,1
EZH2,ILK,1
EZH2,MED4,1
EZH2,HIST1H2AF,1
EZH2,POU2F1,1
EZH2,SNAPC3,1
EZH2,MITF,1
EZH2,TCF4,1
EZH2,RBPJ,1
EZH2,ANXA5,1
EZH2,PAPOLA,1
EZH2,HDAC11,1
EZH2,ANP32A,1
EZH2,KDM5B,1
EZH2,PDCD4,1
EZH2,MLLT1,1
EZH2,UBTF,1
EZH2,MME,1
EZH2,MTA3,1
EZH2,BARD1,1
EZH2,TOPORS,1
EZH2,NACC1,1
EZH2,PREB,1
EZH2,RELA,1
EZH2,SSB,1
EZH2,RFX7,1
EZH2,YEATS4,1
EZH2,NR0B1,1
EZH2,APEX1,1
EZH2,ZBTB7A,1
EZH2,ING1,1
EZH2,TGIF1,1
EZH2,AGAP3,1
EZH2,RCOR2,1
EZH2,REST,1
EZH2,PCBD1,1
EZH2,CTSZ,1
EZH2,HIST1H2BB,1
EZH2,MYD88,1
EZH2,CCNG1,1
EZH2,PLOD3,1
EZH2,MED31,1
EZH2,BEX1,1
EZH2,TRH,1
EZH2,PIAS3,1
EZH2,CENPB,1
EZH2,ZFP275,1
EZH2,KEAP1,1
EZH2,SSBP4,1
EZH2,COIL,1
EZH2,RAD51,1
EZH2,HMGA1B,1
EZH2,HMGA1,1
EZH2,TIMELESS,1
EZH2,CEBPZ,1
EZH2,SMARCB1,1
EZH2,SELENOW,1
EZH2,ING3,1
EZH2,MAZ,1
EZH2,CTBP1,1
EZH2,PATZ1,1
EZH2,FXR2,1
EZH2,FBLIM1,1
EZH2,MED21,1
EZH2,ZBTB39,1
EZH2,TOP2A,1
EZH2,SND1,1
EZH2,NME2,1
EZH2,MYMX,1
EZH2,POLR2J,1
EZH2,KPNA2,1
EZH2,FIZ1,1
EZH2,AKT1,1
EZH2,NFKB2,1
EZH2,ZIC3,1
EZH2,RAD54B,1
EZH2,PDIA6,1
EZH2,TADA3,1
EZH2,FOXO3,1
EZH2,GABARAPL2,1
EZH2,FAM234A,1
EZH2,ELL3,1
EZH2,ISYNA1,1
EZH2,EHMT2,1
EZH2,SMAD7,1
EZH2,POLR3B,1
EZH2,SORD,1
EZH2,SPRY2,1
EZH2,RARA,1
EZH2,TDH,1
EZH2,MYLPF,1
EZH2,KAT2B,1
EZH2,ZDHHC15,1
EZH2,AIRE,1
EZH2,SRM,1
EZH2,MGST3,1
EZH2,POLR1B,1
EZH2,VILL,1
EZH2,ABT1,1
EZH2,UBQLN2,1
EZH2,PHF1,1
EZH2,HSPG2,1
EZH2,ZDHHC16,1
EZH2,SIN3A,1
EZH2,RUVBL1,1
EZH2,GTF2I,1
EZH2,CST3,1
EZH2,STXBP2,1
EZH2,GPX3,1
EZH2,MEN1,1
EZH2,TAGLN2,1
EZH2,CTH,1
EZH2,TTF2,1
EZH2,TUBB2B,1
EZH2,TINAGL1,1
EZH2,TAF6L,1
EZH2,PRSS35,1
EZH2,ESPL1,1
EZH2,TAF1A,1
GABBR1,SOAT1,1
GABBR1,PBX4,1
GABBR1,CTNNBL1,1
GABBR1,MAPK3,1
GABBR1,RNF14,1
GABBR1,TRP53BP1,1
GABBR1,ANKRD54,1
GABBR1,SIN3B,1
GABBR1,CTNNBIP1,1
GABBR1,GAS6,1
GABBR1,MCM3,1
GABBR1,NFATC2IP,1
GABBR1,TAF10,1
GABBR1,RAD54B,1
GABBR1,PREB,1
GABBR1,BARD1,1
GABBR1,GTF2H4,1
GABBR1,HSBP1,1
GABBR1,PDIA6,1
GABBR1,GNPDA1,1
GABBR1,ESPL1,1
GABBR1,ARHGAP29,1
GABBR1,CST3,1
GABBR1,YEATS2,1
GABBR1,MED4,1
GABBR1,COTL1,1
GABBR1,MAPK8,1
GABBR1,CREB3L2,1
GABBR1,MCM6,1
GABBR1,SNAPC3,1
GABBR1,AATF,1
GABBR1,EZH1,1
GABBR1,SIRT2,1
GABBR1,PMS1,1
GABBR1,ATP6V0A1,1
GABBR1,COPS2,1
GABBR1,XRCC5,1
GABBR1,MAFK,1
GABBR1,POLR1E,1
GABBR1,CCNB1,1
GABBR1,ILF2,1
GABBR1,ZFP398,1
GABBR1,POLR1B,1
GABBR1,WBP11,1
GABBR1,TAF5,1
GABBR1,TULP3,1
GABBR1,FAM234A,1
GABBR1,TXNDC5,1
GABBR1,ANKRD6,1
GABBR1,TAF6L,1
GABBR1,RNF6,1
GABBR1,MED15,1
GABBR1,ZHX3,1
GABBR1,RFX5,1
GABBR1,NOTCH2,1
GABBR1,BRCA2,1
GABBR1,SHROOM3,1
GABBR1,TSG101,1
GABBR1,MIS18BP1,1
GABBR1,NFXL1,1
GABBR1,ETV3,1
GABBR1,CDC42SE2,1
GABBR1,TFRC,1
GABBR1,SCMH1,1
GABBR1,MARC2,1
GABBR1,POLR3F,1
GABBR1,HDAC5,1
GABBR1,TRIM13,1
GABBR1,IRF1,1
GABBR1,HDAC1,1
GABBR1,ME1,1
GABBR1,SERPINE2,1
GABBR1,PCBP2,1
GABBR1,FXR2,1
GABBR1,ING3,1
GABBR1,DNAJC10,1
GABBR1,P4HA1,1
GABBR1,CCNG1,1
GABBR1,HSF2,1
GABBR1,SMURF1,1
GABBR1,CEBPZ,1
GABBR1,MITF,1
GABBR1,GLDC,1
GABBR1,ZBTB43,1
GABBR1,TCOF1,1
GABBR1,PELP1,1
GABBR1,DCP1A,1
GABBR1,TMF1,1
GABBR1,POLR2K,1
GABBR1,MLLT1,1
GABBR1,TTF2,1
GABBR1,NR2C1,1
GABBR1,PLRG1,1
GABBR1,TRRAP,1
GABBR1,NR1H2,1
GABBR1,HDLBP,1
GABBR1,CALU,1
GABBR1,TNFAIP3,1
GABBR1,IKBKB,1
GABBR1,EDEM1,1
GABBR1,HIF3A,1
GABBR1,BNIP3,1
GABBR1,MTF2,1
GABBR1,FOXJ2,1
GABBR1,AIP,1
GABBR1,MGST3,1
GABBR1,RNF19A,1
GABBR1,KDELR2,1
GABBR1,TCERG1,1
GABBR1,RERE,1
GABBR1,EYA1,1
GABBR1,PHF14,1
GABBR1,PRRX2,1
GABBR1,DDX20,1
GABBR1,BRD7,1
GABBR1,SMARCB1,1
GABBR1,P4HA2,1
GABBR1,NR1D2,1
GABBR1,GLIPR2,1
GABBR1,L3MBTL2,1
GABBR1,KRBA1,1
GABBR1,MPHOSPH8,1
GABBR1,PATJ,1
GABBR1,EP400,1
GABBR1,MED21,1
GABBR1,YEATS4,1
GABBR1,TCF7,1
GABBR1,ALPL,1
GABBR1,SUB1,1
GABBR1,GTF3C5,1
GABBR1,ZBTB24,1
GABBR1,TIMELESS,1
GABBR1,HMGXB4,1
GABBR1,ZBTB39,1
GABBR1,XAB2,1
GABBR1,STAT5B,1
GABBR1,PDCD4,1
GABBR1,MEIS3,1
GABBR1,CNOT6,1
GABBR1,MEN1,1
GABBR1,HIP1,1
GABBR1,ZSWIM4,1
GABBR1,D230025D16RIK,1
GABBR1,RNF2,1
GABBR1,MYO6,1
GABBR1,PRDM5,1
GABBR1,TRIB3,1
GABBR1,SMARCC1,1
GABBR1,LOXL2,1
GABBR1,IRF6,1
GABBR1,GSR,1
GABBR1,DR1,1
GABBR1,CTSL,1
GABBR1,TPD52,1
GABBR1,E2F6,1
GABBR1,ZFP446,1
GABBR1,ECT2,1
GABBR1,ELL3,1
GABBR1,LAMA1,1
GABBR1,GRIN1,1
GABBR1,ETS1,1
GABBR1,ZFHX3,1
GABBR1,COIL,1
GABBR1,SSB,1
GABBR1,MME,1
GABBR1,GABARAPL2,1
GABBR1,MLXIPL,1
GABBR1,HDAC2,1
GABBR1,TAF6,1
GABBR1,TRIP11,1
GABBR1,RANBP17,1
GABBR1,F3,1
GABBR1,ADAM23,1
GABBR1,ORC2,1
GABBR1,CALCOCO1,1
GABBR1,HMGXB3,1
GABBR1,LGMN,1
GABBR1,SND1,1
GABBR1,PMM1,1
GABBR1,APBB1,1
GABBR1,CTSD,1
GABBR1,MAML1,1
GABBR1,RAB11A,1
GABBR1,MXD4,1
GABBR1,SERTAD2,1
GABBR1,NFKBIA,1
GABBR1,SURF4,1
GABBR1,ABHD5,1
GABBR1,RAB3IL1,1
GABBR1,LRPAP1,1
GABBR1,RNF157,1
GABBR1,POLR2J,1
GABBR1,TOP2A,1
GABBR1,SSR3,1
GABBR1,FRRS1,1
GABBR1,SIRT3,1
GABBR1,INSIG1,1
GABBR1,ANKRD49,1
GABBR1,XBP1,1
GABBR1,SLC25A4,1
GABBR1,MBD2,1
GABBR1,TFCP2L1,1
GABBR1,POLR3B,1
GABBR1,NFYB,1
GABBR1,TOX4,1
GABBR1,ARL6IP5,1
GABBR1,BTAF1,1
GABBR1,ABT1,1
GABBR1,SRI,1
GABBR1,MAPK13,1
GABBR1,POLR2E,1
GABBR1,KPNA2,1
GABBR1,PIAS1,1
GABBR1,ECD,1
GABBR1,MLXIP,1
GABBR1,ITGA6,1
GABBR1,FDPS,1
GABBR1,XRCC6,1
GABBR1,TAF1A,1
GABBR1,STARD10,1
GABBR1,HOPX,1
GABBR1,ZDHHC16,1
GABBR1,STXBP2,1
GABBR1,CTBP1,1
GABBR1,HIF1A,1
GABBR1,ELK1,1
GABBR1,SMARCC2,1
GABBR1,BTG2,1
GABBR1,PDK1,1
GABBR1,FXR1,1
GABBR1,TCEA1,1
GABBR1,DDAH2,1
GABBR1,TRIM32,1
GABBR1,TNK2,1
GABBR1,ASS1,1
GABBR1,TIMP3,1
GABBR1,GRHL1,1
GABBR1,ZFP281,1
GABBR1,HSPH1,1
GABBR1,UBE2C,1
GABBR1,NFX1,1
GABBR1,CDC20,1
GABBR1,FHL2,1
GABBR1,SLC7A6,1
GABBR1,RBFOX2,1
GABBR1,ASNS,1
GABBR1,HTT,1
GABBR1,NCOA3,1
GABBR1,MATR3,1
GABBR1,TADA3,1
GABBR1,ZFP276,1
GABBR1,ERCC8,1
GABBR1,INTS12,1
GABBR1,KANK3,1
GABBR1,ATF2,1
GABBR1,UBP1,1
GABBR1,NFE2L1,1
GABBR1,P3H1,1
GABBR1,CALR,1
GABBR1,ZFYVE21,1
GABBR1,CNOT8,1
GABBR1,CBX6,1
GABBR1,SRRT,1
GABBR1,BEND5,1
GABBR1,GLMP,1
GABBR1,EPS8,1
GABBR1,TUBB6,1
GABBR1,SLC9A6,1
GABBR1,ELL2,1
GABBR1,BTF3,1
GABBR1,TSPAN9,1
GABBR1,TRIM24,1
GABBR1,SUZ12,1
GABBR1,ANXA2,1
GABBR1,TMED2,1
GABBR1,BCAT1,1
GABBR1,LRRK1,1
GABBR1,ODC1,1
GABBR1,ATF6,1
GABBR1,SPOCK1,1
GABBR1,MYBBP1A,1
GABBR1,LDLRAP1,1
GABBR1,ERCC3,1
GABBR1,CRIP2,1
GABBR1,CAR2,1
GABBR1,BRPF1,1
GABBR1,SELENOW,1
GABBR1,TBPL1,1
GABBR1,ZBTB38,1
GABBR1,CD63,1
GABBR1,RRBP1,1
GABBR1,ILK,1
GABBR1,GZF1,1
GABBR1,MED31,1
GABBR1,DDB1,1
GABBR1,PHF20,1
GABBR1,USF1,1
GABBR1,RLIM,1
GABBR1,PA2G4,1
GABBR1,ELK4,1
GABBR1,FOXJ3,1
GABBR1,TAX1BP3,1
GABBR1,PHF1,1
GABBR1,FUS,1
GABBR1,MCM4,1
GABBR1,CHD5,1
GABBR1,RBL1,1
GABBR1,ASH2L,1
GABBR1,PLOD2,1
GABBR1,LMF2,1
GABBR1,NONO,1
GABBR1,ARNT2,1
GABBR1,SMAD2,1
GABBR1,PSIP1,1
GABBR1,NRG1,1
GABBR1,TIMP2,1
GABBR1,ILF3,1
GABBR1,PDCD11,1
GABBR1,FUBP3,1
GABBR1,CCN2,1
GABBR1,NPAS2,1
GABBR1,JMJD1C,1
GABBR1,EZH2,1
GABBR1,ZFP57,1
GABBR1,BEX1,1
GABBR1,SMURF2,1
GABBR1,POLR3D,1
GABBR1,GPX3,1
GABBR1,DAZAP2,1
GABBR1,FAM129B,1
GABBR1,SLC16A1,1
GABBR1,ELP2,1
GABBR1,TPM4,1
GABBR1,CKAP4,1
GABBR1,MAN1A2,1
GABBR1,HDAC7,1
GABBR1,RAD51,1
GABBR1,FRMD4A,1
GABBR1,ZFP275,1
GABBR1,SEC24D,1
GABBR1,ETV5,1
GABBR1,BTG1,1
GABBR1,PITX2,1
GABBR1,NDN,1
GABBR1,ARNTL,1
GABBR1,CENPB,1
GABBR1,TYRO3,1
GABBR1,PIAS2,1
GABBR1,RFX7,1
GABBR1,NID1,1
GABBR1,MYH9,1
GABBR1,DNMT1,1
GABBR1,PTPN14,1
GABBR1,PLAG1,1
GABBR1,RFXAP,1
GABBR1,SIRT1,1
GABBR1,NFATC3,1
GABBR1,MSC,1
GABBR1,NME2,1
GABBR1,ERP29,1
GABBR1,DKC1,1
GABBR1,GTF3C1,1
GABBR1,SRM,1
GABBR1,CRY1,1
GABBR1,FN1,1
GABBR1,CNOT7,1
GABBR1,SOS2,1
GABBR1,DNAJC2,1
GABBR1,CLCN5,1
GABBR1,CNOT3,1
GABBR1,PLAGL2,1
GABBR1,VSIR,1
GABBR1,MCM5,1
GABBR1,WWTR1,1
GABBR1,KLF8,1
GABBR1,RBBP4,1
GABBR1,HSPG2,1
GABBR1,SMARCAD1,1
GABBR1,E2F1,1
GABBR1,MDM2,1
GABBR1,ELF1,1
GABBR1,SDC4,1
GABBR1,SREBF1,1
GABBR1,RIF1,1
GABBR1,MEF2A,1
GABBR1,RB1,1
GABBR1,DEK,1
GABBR1,IMPDH1,1
GABBR1,TCF12,1
GABBR1,MANF,1
GABBR1,GLS,1
GABBR1,ATM,1
GABBR1,SORD,1
GABBR1,RRM2,1
GABBR1,NFE2L2,1
GABBR1,IRF3,1
GABBR1,SLC25A5,1
GABBR1,ASXL1,1
GABBR1,HES6,1
GABBR1,HDAC11,1
GABBR1,HTRA1,1
GABBR1,HSPA5,1
GABBR1,EOMES,1
GABBR1,BRWD1,1
GABBR1,PAPOLA,1
GABBR1,MTA3,1
GABBR1,DDB2,1
GABBR1,ADAM19,1
GABBR1,MOV10,1
GABBR1,RAI14,1
GABBR1,RUVBL2,1
GABBR1,DCXR,1
GABBR1,TEAD4,1
GABBR1,CEMIP,1
GABBR1,POLR1C,1
GABBR1,KHDRBS1,1
GABBR1,DAB2,1
GABBR1,HMCES,1
GABBR1,P4HB,1
GABBR1,HSPB1,1
GABBR1,ZFPM1,1
GABBR1,PODXL,1
GABBR1,ZFP768,1
GABBR1,ISYNA1,1
GABBR1,CSRP2,1
GABBR1,BMPER,1
GABBR1,CIC,1
GABBR1,PLOD3,1
GABBR1,NFYA,1
GABBR1,SATB1,1
GABBR1,PKNOX2,1
GABBR1,COL4A2,1
GABBR1,COL4A1,1
GABBR1,B2M,1
GABBR1,CHD4,1
GABBR1,SMARCD1,1
GABBR1,SLC6A6,1
GABBR1,ELF2,1
GABBR1,E2F2,1
GABBR1,ZBTB3,1
GABBR1,PLOD1,1
GABBR1,KANK2,1
GABBR1,GTF2H3,1
GABBR1,PIAS3,1
GABBR1,TEAD3,1
GABBR1,RBMXL2,1
GABBR1,PARP1,1
GABBR1,KEAP1,1
GABBR1,SFI1,1
GABBR1,TOP2B,1
GABBR1,TET2,1
GABBR1,ATF1,1
GABBR1,RELA,1
GABBR1,CTSZ,1
GABBR1,SMARCA4,1
GABBR1,2410141K09RIK,1
GABBR1,UCHL1,1
GABBR1,ZYX,1
GABBR1,ZFAND3,1
GABBR1,LEFTY2,1
GABBR1,BIN1,1
GABBR1,SRSF6,1
GABBR1,HDAC4,1
GABBR1,DMRT1,1
GABBR1,GDPD5,1
GABBR1,DPPA4,1
GABBR1,CTH,1
GABBR1,NAA15,1
GABBR1,CALD1,1
GABBR1,LRP2,1
GABBR1,ZFP91,1
GABBR1,ATP13A3,1
GABBR1,SGK1,1
GABBR1,NEDD4,1
GABBR1,MORC4,1
GABBR1,NFIL3,1
GABBR1,AMPD2,1
GABBR1,MYLPF,1
GABBR1,HS3ST1,1
GABBR1,ULK1,1
GABBR1,ZFP148,1
GABBR1,PHLDB2,1
GABBR1,MRAS,1
GABBR1,TOX3,1
GABBR1,STARD8,1
GABBR1,PAWR,1
GABBR1,ATF7,1
GABBR1,APP,1
GABBR1,PRDM1,1
GABBR1,ZFP277,1
GABBR1,THRAP3,1
GABBR1,RBBP7,1
GABBR1,MT2,1
GABBR1,ANXA5,1
GABBR1,RUVBL1,1
GABBR1,KIT,1
GABBR1,LAMC1,1
GABBR1,UHRF1,1
GABBR1,RUNX1,1
GABBR1,HMGB2,1
GABBR1,JDP2,1
GABBR1,ARHGEF40,1
GABBR1,ZMYND11,1
GABBR1,HSP90B1,1
GABBR1,HSP90AA1,1
GABBR1,TCF4,1
GABBR1,EED,1
GABBR1,ID4,1
GABBR1,TUBA4A,1
GABBR1,NRF1,1
GABBR1,FOXP1,1
GABBR1,ZFP335,1
GABBR1,HEY2,1
GABBR1,PHF2,1
GABBR1,RFX2,1
GABBR1,PLTP,1
GABBR1,SRF,1
GABBR1,ATF3,1
GABBR1,VEZF1,1
GABBR1,CBX4,1
GABBR1,PHLDA3,1
GABBR1,TAF9,1
GABBR1,TEAD1,1
GABBR1,STAT4,1
GABBR1,MAPK11,1
GABBR1,CNOT2,1
GABBR1,BASP1,1
GABBR1,CTSA,1
GABBR1,POU6F1,1
GABBR1,NRIP1,1
GABBR1,ETV6,1
GABBR1,CTNNB1,1
GABBR1,SKIL,1
GABBR1,MED12,1
GABBR1,EBF4,1
GABBR1,PURA,1
GABBR1,ZFP592,1
GABBR1,APEX1,1
GABBR1,EMP2,1
GABBR1,BCLAF1,1
GABBR1,SRSF1,1
GABBR1,TAGLN2,1
GABBR1,TLE1,1
GABBR1,RYBP,1
GABBR1,DDX54,1
GABBR1,AMOTL2,1
GABBR1,APOBEC3,1
GABBR1,LDB1,1
GABBR1,GLIS2,1
GABBR1,ESRRA,1
GABBR1,IRF2,1
GABBR1,TMEM150A,1
GABBR1,POLR2B,1
GABBR1,BRCA1,1
GABBR1,BAZ1A,1
GABBR1,PHB2,1
GABBR1,EP300,1
GABBR1,ATF5,1
GABBR1,POU4F1,1
GABBR1,PRSS35,1
GABBR1,COBL,1
GABBR1,CUX2,1
GABBR1,CKB,1
GABBR1,SEMA4C,1
GABBR1,SAP30,1
GABBR1,CDC5L,1
GABBR1,LAMA5,1
GABBR1,ANKS1,1
GABBR1,SHKBP1,1
GABBR1,HOXD13,1
GABBR1,POU2F1,1
GABBR1,GABPA,1
GABBR1,ID3,1
GABBR1,ELAVL2,1
GABBR1,KNTC1,1
GABBR1,CTCF,1
GABBR1,FGFR3,1
GABBR1,KDM3A,1
GABBR1,KDELR3,1
GABBR1,COL27A1,1
GABBR1,L1TD1,1
GABBR1,FGF10,1
GABBR1,AKT1,1
GABBR1,UNG,1
GABBR1,TRIM25,1
GABBR1,SNAI1,1
GABBR1,ABTB1,1
GABBR1,HNRNPD,1
GABBR1,PFKP,1
GABBR1,PROX1,1
GABBR1,NDRG4,1
GABBR1,STAT5A,1
GABBR1,GLUL,1
GABBR1,HNRNPAB,1
GABBR1,MSH6,1
GABBR1,RBPJ,1
GABBR1,KAT2B,1
GABBR1,PEG3,1
GABBR1,NR4A1,1
GABBR1,MSX2,1
GABBR1,SPEN,1
GABBR1,RBMX,1
GABBR1,TAF1,1
GABBR1,SMARCA5,1
GABBR1,NR2F6,1
GABBR1,SAT1,1
GABBR1,TRIP6,1
GABBR1,ESRRB,1
GABBR1,NUP210,1
GABBR1,E2F4,1
GABBR1,SP1,1
GABBR1,ZFP236,1
GABBR1,NOTCH1,1
GABBR1,FIZ1,1
GABBR1,DIDO1,1
GABBR1,KHDC3,1
GABBR1,IGFBP2,1
GABBR1,CBX8,1
GABBR1,ZEB1,1
GABBR1,POLR2I,1
GABBR1,JAM2,1
GABBR1,MCM7,1
GABBR1,ZMYM2,1
GABBR1,UTF1,1
GABBR1,ATF4,1
GABBR1,RARA,1
GABBR1,SLC6A8,1
GABBR1,RBM14,1
GABBR1,GTF2I,1
GABBR1,TXNIP,1
GABBR1,HDAC3,1
GABBR1,PHC1,1
GABBR1,KLF6,1
GABBR1,PLA2G1B,1
GABBR1,CHD7,1
GABBR1,TFEB,1
GABBR1,TDH,1
GABBR1,CDKN1A,1
GABBR1,TOPORS,1
GABBR1,RARG,1
GABBR1,SLCO3A1,1
GABBR1,P3H4,1
GABBR1,SMAD3,1
GABBR1,LAMB1,1
GABBR1,CSF1,1
GABBR1,SMARCA2,1
GABBR1,CREB5,1
GABBR1,TBL1X,1
GABBR1,EPAS1,1
GABBR1,NFKB2,1
GABBR1,WDR45,1
GABBR1,FXYD6,1
GABBR1,MKRN1,1
GABBR1,NR0B1,1
GABBR1,MKX,1
GABBR1,ZDHHC15,1
GABBR1,SNURF,1
GABBR1,CREB3,1
GABBR1,UPP1,1
GABBR1,FBLIM1,1
GABBR1,AGAP3,1
GABBR1,LHX2,1
GABBR1,EGR1,1
GABBR1,OBSL1,1
GABBR1,EIF4A2,1
GABBR1,TWIST1,1
GABBR1,ITPK1,1
GABBR1,ALG13,1
GABBR1,CRAMP1L,1
GABBR1,KAT6B,1
GABBR1,PARVB,1
GABBR1,UBQLN2,1
GABBR1,KLF3,1
GABBR1,GNAS,1
GABBR1,TCEA3,1
GABBR1,BCAM,1
GABBR1,DNMT3A,1
GABBR1,EFEMP2,1
GABBR1,MT1,1
GABBR1,TMEM144,1
GABBR1,RBPMS2,1
GABBR1,MEF2C,1
GABBR1,ZEB2,1
GABBR1,FGF4,1
GABBR1,BTBD11,1
GABBR1,ELF4,1
GABBR1,ZFP296,1
GABBR1,KLF15,1
GABBR1,SATB2,1
GABBR1,CNOT6L,1
GABBR1,TXNDC12,1
GABBR1,PBXIP1,1
GABBR1,FST,1
GABBR1,COMMD3,1
GABBR1,YBX1,1
GABBR1,BARX1,1
GABBR1,TCF7L2,1
GABBR1,HDGF,1
GABBR1,NKRF,1
GABBR1,DAXX,1
GABBR1,SFPQ,1
GABBR1,MYBL2,1
GABBR1,KDM5B,1
GABBR1,LDHB,1
GABBR1,IFITM2,1
GABBR1,FGF3,1
GABBR1,CITED2,1
GABBR1,ZFP219,1
GABBR1,MYMX,1
GABBR1,ZBTB10,1
GABBR1,MEF2D,1
GABBR1,PHF12,1
GABBR1,NCOR1,1
GABBR1,CHST15,1
GABBR1,DDX5,1
GABBR1,SLC7A3,1
GABBR1,DKK1,1
GABBR1,PTH1R,1
GABBR1,GRB10,1
GABBR1,FOXO1,1
GABBR1,NDRG1,1
GABBR1,POLR1A,1
GABBR1,SIX5,1
GABBR1,EBF1,1
GABBR1,TUBB2B,1
GABBR1,EPHA2,1
GABBR1,POU4F2,1
GABBR1,BMP6,1
GABBR1,HIST1H2BB,1
GABBR1,FLRT3,1
GABBR1,EWSR1,1
GABBR1,PLAT,1
GABBR1,TGFB1,1
GABBR1,SSBP4,1
GABBR1,ETV4,1
GABBR1,KLF10,1
GABBR1,FOXQ1,1
GABBR1,RCOR2,1
GABBR1,RAPGEF3,1
GABBR1,TENM4,1
GABBR1,CUX1,1
GABBR1,VEGFA,1
GABBR1,H1F0,1
GABBR1,NR3C1,1
GABBR1,TFAP4,1
GABBR1,HIST1H1B,1
GABBR1,BCL3,1
GABBR1,TFE3,1
GABBR1,NOTUM,1
GABBR1,TSHZ3,1
GABBR1,HIST1H2AC,1
GABBR1,AIRE,1
GABBR1,HNRNPK,1
GABBR1,TRPS1,1
GABBR1,PCBD1,1
GABBR1,REST,1
GABBR1,SRSF3,1
GABBR1,KLF2,1
GABBR1,TCF20,1
GABBR1,POLR2A,1
GABBR1,GATA4,1
GABBR1,FABP3,1
GABBR1,VILL,1
GABBR1,FOSL2,1
GABBR1,TRIM28,1
GABBR1,BMI1,1
GABBR1,NACC1,1
GABBR1,HIST1H2BK,1
GABBR1,GLI2,1
GABBR1,VIM,1
GABBR1,NFATC1,1
GABBR1,ZFP979,1
GABBR1,HCFC1,1
GABBR1,HIST1H1D,1
GABBR1,CHCHD10,1
GABBR1,DPP4,1
GABBR1,NR1D1,1
GABBR1,NFATC4,1
GABBR1,MORF4L2,1
GABBR1,DTX1,1
GABBR1,TBX18,1
GABBR1,SOX4,1
GABBR1,TRP53,1
GABBR1,GBX2,1
GABBR1,CALCOCO2,1
GABBR1,SIX1,1
GABBR1,MCM2,1
GABBR1,GJB3,1
GABBR1,LMO4,1
GABBR1,PITX1,1
GABBR1,PDGFRA,1
GABBR1,NFIB,1
GABBR1,CBX7,1
GABBR1,ZFP42,1
GABBR1,SOCS2,1
GABBR1,HMGA2,1
GABBR1,GJA1,1
GABBR1,HIVEP2,1
GABBR1,EHMT2,1
GABBR1,ZFP423,1
GABBR1,MAZ,1
GABBR1,SALL4,1
GABBR1,JUN,1
GABBR1,RCC2,1
GABBR1,KLF13,1
GABBR1,TRH,1
GABBR1,ID2,1
GABBR1,RASGRP2,1
GABBR1,EPHA4,1
GABBR1,ETV1,1
GABBR1,ERF,1
GABBR1,GSTA4,1
GABBR1,MEIS1,1
GABBR1,HEXIM1,1
GABBR1,KLF9,1
GABBR1,NUPR1,1
GABBR1,PATZ1,1
GABBR1,SOX7,1
GABBR1,HSF2BP,1
GABBR1,HES1,1
GABBR1,NANOG,1
GABBR1,LAMB2,1
GABBR1,POU5F1,1
GABBR1,ZBTB7A,1
GABBR1,ELF3,1
GABBR1,SOX2,1
GABBR1,SPRY4,1
GABBR1,FOXA2,1
GABBR1,EDA2R,1
GABBR1,DDX58,1
GABBR1,CTBP2,1
GABBR1,OVOL1,1
GABBR1,RCN3,1
GABBR1,HMGA1B,1
GABBR1,HMGA1,1
GABBR1,NR2F2,1
GABBR1,DDIT3,1
GABBR1,UBTF,1
GABBR1,SIN3A,1
GABBR1,ING1,1
GABBR1,PML,1
GABBR1,TGFB1I1,1
GABBR1,SPARC,1
GABBR1,IFI30,1
GABBR1,NR5A2,1
GABBR1,MYD88,1
GABBR1,TET1,1
GABBR1,SOX15,1
GABBR1,HIST1H4K,1
GABBR1,GTF2A1L,1
GABBR1,LAPTM5,1
GABBR1,EMX2,1
GABBR1,DUSP9,1
GABBR1,NFIA,1
GABBR1,GATA6,1
GABBR1,SP8,1
GABBR1,PAX8,1
GABBR1,MAML3,1
GABBR1,DPPA2,1
GABBR1,PER1,1
GABBR1,FOXO3,1
GABBR1,HIST1H2BL,1
GABBR1,HIST1H2AI,1
GABBR1,MYO7A,1
GABBR1,TBX3,1
GABBR1,SPP1,1
GABBR1,ZSCAN10,1
GABBR1,HIST1H3H,1
GABBR1,CITED1,1
GABBR1,TMSB4X,1
GABBR1,SPRY2,1
GABBR1,SERPINH1,1
GABBR1,APOE,1
GABBR1,IFITM1,1
GABBR1,TFAP2C,1
GABBR1,KLF4,1
GABBR1,FOXD3,1
GABBR1,OTX2,1
GABBR1,LTBP4,1
GABBR1,TDGF1,1
GABBR1,CELF3,1
GABBR1,JUND,1
GABBR1,HIST1H2AF,1
GABBR1,MYC,1
GABBR1,ZIC3,1
GABBR1,JARID2,1
GABBR1,KRT8,1
GABBR1,ZFP36L1,1
GABBR1,IFITM3,1
GABBR1,POLR2H,1
GABBR1,GLI1,1
GABBR1,CMKLR1,1
GABBR1,HIST1H1A,1
GABBR1,IGF2,1
GABBR1,IRF4,1
GABBR1,ANP32A,1
GABBR1,TGIF1,1
GABBR1,TCL1,1
GABBR1,MYCN,1
GABBR1,TINAGL1,1
GABBR1,HIST1H2BF,1
GABBR1,ARID1A,1
GABBR1,PAX6,1
GABBR1,2200002D01RIK,1
GABBR1,SALL1,1
GABBR1,SMAD7,1
GABBR1,CCND1,1
GABBR1,FOXH1,1
GABBR1,OPLAH,1
GABBR1,LY6G6E,1
GABBR1,PDPN,1
GABBR1,PRDM14,1
GABBR1,GATA3,1
GABBR1,PCOLCE,1
GABBR1,NSD1,1
GABBR1,NOTCH4,1
GABBR1,HIST1H2BN,1
GABBR1,HIST1H2AK,1
GABBR1,PAX1,1
GABBR1,CRABP2,1
GABBR1,ZFP462,1
GABBR1,HNF1B,1
GABBR1,NFIC,1
GABBR1,AU018091,1
GABBR1,THBD,1
GABBR1,SRGN,1
GABBR1,AKR1B8,1
GABBR1,LEFTY1,1
GABBR1,CLDN6,1
GABBR1,FAM25C,1
GABBR1,ARID5B,1
GABBR1,BMP4,1
GABBR1,SEPT1,1
GABBR1,HKDC1,1
GATA4,SRSF1,1
GATA4,ATF3,1
GATA4,TOP2A,1
GATA4,COPS2,1
GATA4,MED31,1
GATA4,FUBP3,1
GATA4,UBE2C,1
GATA4,ARID1A,1
GATA4,ESPL1,1
GATA4,HMGB2,1
GATA4,ECT2,1
GATA4,ELL2,1
GATA4,SFI1,1
GATA4,XRCC6,1
GATA4,RAD51,1
GATA4,CDC20,1
GATA4,ILF3,1
GATA4,KPNA2,1
GATA4,NFATC2IP,1
GATA4,RUNX1,1
GATA4,HSP90B1,1
GATA4,HIST1H4K,1
GATA4,SMARCA5,1
GATA4,HIST1H2AC,1
GATA4,HIST1H2BK,1
GATA4,POLR2E,1
GATA4,SLC16A1,1
GATA4,BRCA1,1
GATA4,UPP1,1
GATA4,ABT1,1
GATA4,MTF2,1
GATA4,MEF2D,1
GATA4,ING3,1
GATA4,HDLBP,1
GATA4,MIS18BP1,1
GATA4,TRIM28,1
GATA4,GTF2H3,1
GATA4,EZH2,1
GATA4,SERTAD2,1
GATA4,MCM6,1
GATA4,CNOT8,1
GATA4,PODXL,1
GATA4,ARNTL,1
GATA4,CALU,1
GATA4,PIAS1,1
GATA4,XAB2,1
GATA4,POLR3F,1
GATA4,RAD54B,1
GATA4,DDX5,1
GATA4,BRPF1,1
GATA4,DNAJC10,1
GATA4,FOXJ3,1
GATA4,DDX54,1
GATA4,AATF,1
GATA4,HSBP1,1
GATA4,CCNB1,1
GATA4,SREBF1,1
GATA4,INTS12,1
GATA4,SAP30,1
GATA4,MANF,1
GATA4,TEAD1,1
GATA4,HSPA5,1
GATA4,TFRC,1
GATA4,EP400,1
GATA4,GRIN1,1
GATA4,MXD4,1
GATA4,APEX1,1
GATA4,POLR2B,1
GATA4,PBX4,1
GATA4,HIST1H2BL,1
GATA4,HIST1H2AI,1
GATA4,HIST1H2BF,1
GATA4,NFX1,1
GATA4,CALD1,1
GATA4,SUZ12,1
GATA4,TRIM24,1
GATA4,NFE2L1,1
GATA4,PHF20,1
GATA4,CNOT6L,1
GATA4,TAF9,1
GATA4,ATF7,1
GATA4,SRSF3,1
GATA4,MYO6,1
GATA4,CDC42SE2,1
GATA4,MPHOSPH8,1
GATA4,SLC6A6,1
GATA4,PLAG1,1
GATA4,KDELR2,1
GATA4,PMS1,1
GATA4,MARC2,1
GATA4,KLF2,1
GATA4,XBP1,1
GATA4,TNK2,1
GATA4,ELAVL2,1
GATA4,PMM1,1
GATA4,ZFP398,1
GATA4,IRF1,1
GATA4,TRP53BP1,1
GATA4,MME,1
GATA4,ZDHHC16,1
GATA4,AMOTL2,1
GATA4,ORC2,1
GATA4,NOTCH2,1
GATA4,DNAJC2,1
GATA4,HIST1H3H,1
GATA4,ZFP148,1
GATA4,RNF14,1
GATA4,APBB1,1
GATA4,TSG101,1
GATA4,P4HB,1
GATA4,NFATC3,1
GATA4,ZFP277,1
GATA4,GLS,1
GATA4,HTT,1
GATA4,PHF12,1
GATA4,POU2F1,1
GATA4,CCNG1,1
GATA4,RANBP17,1
GATA4,CREB3L2,1
GATA4,NRG1,1
GATA4,SERPINH1,1
GATA4,TLE1,1
GATA4,TXNDC5,1
GATA4,APP,1
GATA4,SNAPC3,1
GATA4,ESRRA,1
GATA4,PHC1,1
GATA4,ERCC8,1
GATA4,HIF3A,1
GATA4,ETV4,1
GATA4,P3H4,1
GATA4,HTRA1,1
GATA4,IMPDH1,1
GATA4,KLF13,1
GATA4,NCOA3,1
GATA4,NFKB2,1
GATA4,TRIM25,1
GATA4,ZEB1,1
GATA4,LAMA1,1
GATA4,ASXL1,1
GATA4,PRDM5,1
GATA4,KLF9,1
GATA4,P3H1,1
GATA4,ELP2,1
GATA4,ASNS,1
GATA4,IKBKB,1
GATA4,NDN,1
GATA4,KLF10,1
GATA4,CNOT7,1
GATA4,CCN2,1
GATA4,RNF157,1
GATA4,HDAC11,1
GATA4,ZFHX3,1
GATA4,PDGFRA,1
GATA4,NCOR1,1
GATA4,ELF2,1
GATA4,ZFP57,1
GATA4,TPD52,1
GATA4,NOTUM,1
GATA4,2410141K09RIK,1
GATA4,HSPH1,1
GATA4,SUB1,1
GATA4,MYH9,1
GATA4,MKRN1,1
GATA4,POU4F2,1
GATA4,HS3ST1,1
GATA4,KIT,1
GATA4,GSR,1
GATA4,GBX2,1
GATA4,TPM4,1
GATA4,NPAS2,1
GATA4,IGFBP2,1
GATA4,PFKP,1
GATA4,CBX8,1
GATA4,LRRK1,1
GATA4,SIX1,1
GATA4,TIMP2,1
GATA4,RIF1,1
GATA4,GLDC,1
GATA4,LDB1,1
GATA4,CUX1,1
GATA4,ZFP592,1
GATA4,LRP2,1
GATA4,SP8,1
GATA4,TWIST1,1
GATA4,SLCO3A1,1
GATA4,HMGA2,1
GATA4,LAMA5,1
GATA4,BMP6,1
GATA4,COL27A1,1
GATA4,SPP1,1
GLI1,SFI1,1
GLI2,SFI1,1
GLI2,FOXJ3,1
GTF3C1,ZFP219,1
GTF3C1,PSIP1,1
GTF3C1,HSP90AA1,1
GTF3C1,EWSR1,1
GTF3C1,CNOT6,1
GTF3C1,FUS,1
GTF3C1,COTL1,1
GTF3C1,DDIT3,1
GTF3C1,SFI1,1
GTF3C1,DDX54,1
GTF3C1,ZFAND3,1
GTF3C1,VEZF1,1
GTF3C1,JUND,1
GTF3C1,NACC1,1
GTF3C1,SMARCA5,1
GTF3C1,TFRC,1
GTF3C1,HMGXB4,1
GTF3C1,CRY1,1
GTF3C1,SIRT1,1
GTF3C1,CTNNB1,1
GTF3C1,DNMT1,1
GTF3C1,ATF5,1
GTF3C1,NFATC3,1
GTF3C1,TXNDC12,1
GTF3C1,ASNS,1
GTF3C1,ASXL1,1
GTF3C1,MDM2,1
GTF3C1,NR1D2,1
GTF3C1,GSR,1
GTF3C1,RNF14,1
GTF3C1,SLC25A4,1
GTF3C1,KPNA2,1
GTF3C1,EED,1
GTF3C1,ZFHX3,1
GTF3C1,ODC1,1
GTF3C1,E2F1,1
GTF3C1,GABARAPL2,1
GTF3C1,ATF4,1
GTF3C1,SMARCC1,1
GTF3C1,CALR,1
GTF3C1,TRIB3,1
GTF3C1,PCBP2,1
GTF3C1,HNRNPAB,1
GTF3C1,EP400,1
GTF3C1,CTCF,1
GTF3C1,TADA3,1
GTF3C1,ILF3,1
GTF3C1,SP1,1
GTF3C1,CNOT7,1
GTF3C1,ING1,1
GTF3C1,HDAC2,1
GTF3C1,DAZAP2,1
GTF3C1,MATR3,1
GTF3C1,INSIG1,1
GTF3C1,SRM,1
GTF3C1,ELK4,1
GTF3C1,FUBP3,1
GTF3C1,NFE2L1,1
GTF3C1,RANBP17,1
GTF3C1,FXR2,1
GTF3C1,PDK1,1
GTF3C1,BRD7,1
GTF3C1,TMEM150A,1
GTF3C1,SELENOW,1
GTF3C1,MCM6,1
GTF3C1,SIN3B,1
GTF3C1,EDEM1,1
GTF3C1,MAML1,1
GTF3C1,SRRT,1
GTF3C1,SRSF6,1
GTF3C1,RIF1,1
GTF3C1,BTAF1,1
GTF3C1,NR1H2,1
GTF3C1,PHC1,1
GTF3C1,PHF20,1
GTF3C1,ITPK1,1
GTF3C1,MLLT1,1
GTF3C1,SLC16A1,1
GTF3C1,SAP30,1
GTF3C1,SMARCAD1,1
GTF3C1,YBX1,1
GTF3C1,RFX2,1
GTF3C1,SMARCB1,1
GTF3C1,ZFP335,1
GTF3C1,HSPA5,1
GTF3C1,HIST1H2BK,1
GTF3C1,MKRN1,1
GTF3C1,KDM3A,1
GTF3C1,WBP11,1
GTF3C1,MCM7,1
GTF3C1,ELF1,1
GTF3C1,MTF2,1
GTF3C1,POLR1B,1
GTF3C1,PIAS3,1
GTF3C1,TMF1,1
GTF3C1,FOXJ3,1
GTF3C1,ESRRA,1
GTF3C1,SUZ12,1
GTF3C1,CRIP2,1
GTF3C1,TAF9,1
GTF3C1,DDX5,1
GTF3C1,TIMELESS,1
GTF3C1,RBL1,1
GTF3C1,TRIM28,1
GTF3C1,SMURF2,1
GTF3C1,ASH2L,1
GTF3C1,NFX1,1
GTF3C1,TXNIP,1
GTF3C1,NFKBIA,1
GTF3C1,SMARCD1,1
GTF3C1,NFYA,1
GTF3C1,ZBTB24,1
GTF3C1,TAF10,1
GTF3C1,RBFOX2,1
GTF3C1,HDAC1,1
GTF3C1,ATP13A3,1
GTF3C1,ATF1,1
GTF3C1,HIST1H4K,1
GTF3C1,POLR2A,1
GTF3C1,GNPDA1,1
GTF3C1,RNF2,1
GTF3C1,DEK,1
GTF3C1,ANKRD54,1
GTF3C1,TULP3,1
GTF3C1,REST,1
GTF3C1,MYBL2,1
GTF3C1,KDELR2,1
GTF3C1,COBL,1
GTF3C1,KLF3,1
GTF3C1,ZFP276,1
GTF3C1,CTNNBIP1,1
GTF3C1,ARNTL,1
GTF3C1,HDAC5,1
GTF3C1,UCHL1,1
GTF3C1,TSPAN9,1
GTF3C1,BCLAF1,1
GTF3C1,HMGXB3,1
GTF3C1,GTF2H3,1
GTF3C1,ZHX3,1
GTF3C1,YEATS2,1
GTF3C1,HIST1H3H,1
GTF3C1,HIST1H2BL,1
GTF3C1,HIST1H2AI,1
GTF3C1,GRIN1,1
GTF3C1,RRM2,1
GTF3C1,FGF4,1
GTF3C1,NCOA3,1
GTF3C1,SOCS2,1
GTF3C1,ORC2,1
GTF3C1,APEX1,1
GTF3C1,MSH6,1
GTF3C1,SUB1,1
GTF3C1,CTBP1,1
GTF3C1,DIDO1,1
GTF3C1,KLF9,1
GTF3C1,BTF3,1
GTF3C1,ZFP57,1
GTF3C1,PBX4,1
GTF3C1,HDGF,1
GTF3C1,NRF1,1
GTF3C1,D230025D16RIK,1
GTF3C1,RBBP4,1
GTF3C1,HMGB2,1
GTF3C1,POLR2E,1
GTF3C1,HMCES,1
GTF3C1,TPM4,1
GTF3C1,PAPOLA,1
GTF3C1,PURA,1
GTF3C1,MCM5,1
GTF3C1,HIST1H2AC,1
GTF3C1,FXR1,1
GTF3C1,E2F4,1
GTF3C1,TRP53BP1,1
GTF3C1,CDC20,1
GTF3C1,KEAP1,1
GTF3C1,PHB2,1
GTF3C1,FBLIM1,1
GTF3C1,BARD1,1
GTF3C1,P4HB,1
GTF3C1,LDB1,1
GTF3C1,KLF2,1
GTF3C1,TSG101,1
GTF3C1,GLIPR2,1
GTF3C1,THRAP3,1
GTF3C1,RYBP,1
GTF3C1,SRSF3,1
GTF3C1,EZH1,1
GTF3C1,ITGA6,1
GTF3C1,GLUL,1
GTF3C1,TET2,1
GTF3C1,TAF5,1
GTF3C1,SLC7A6,1
GTF3C1,RBM14,1
GTF3C1,POLR1A,1
GTF3C1,HIF1A,1
GTF3C1,SMARCA4,1
GTF3C1,NEDD4,1
GTF3C1,HDLBP,1
GTF3C1,POLR3D,1
GTF3C1,HNRNPK,1
GTF3C1,CDC5L,1
GTF3C1,PLOD3,1
GTF3C1,NME2,1
GTF3C1,NFATC2IP,1
GTF3C1,FOXJ2,1
GTF3C1,KHDRBS1,1
GTF3C1,SMARCC2,1
GTF3C1,NR2F6,1
GTF3C1,CBX7,1
GTF3C1,MCM3,1
GTF3C1,MBD2,1
GTF3C1,POLR1C,1
GTF3C1,DR1,1
GTF3C1,TRIM24,1
GTF3C1,SSBP4,1
GTF3C1,PDCD4,1
GTF3C1,EP300,1
GTF3C1,PLAGL2,1
GTF3C1,MYLPF,1
GTF3C1,DDX20,1
GTF3C1,SIN3A,1
GTF3C1,YEATS4,1
GTF3C1,USF1,1
GTF3C1,CDC42SE2,1
GTF3C1,ULK1,1
GTF3C1,NDRG1,1
GTF3C1,ILF2,1
GTF3C1,GABPA,1
GTF3C1,BRWD1,1
GTF3C1,SRSF1,1
GTF3C1,SHROOM3,1
GTF3C1,SERTAD2,1
GTF3C1,PIAS1,1
GTF3C1,RAD51,1
GTF3C1,PARP1,1
GTF3C1,CREB3,1
GTF3C1,MORF4L2,1
GTF3C1,MLXIP,1
GTF3C1,ZFP398,1
GTF3C1,UBE2C,1
GTF3C1,PMM1,1
GTF3C1,PHLDA3,1
GTF3C1,ZBTB38,1
GTF3C1,ATF7,1
GTF3C1,TEAD1,1
GTF3C1,ING3,1
GTF3C1,HMGA1B,1
GTF3C1,HMGA1,1
GTF3C1,HNRNPD,1
GTF3C1,TCF12,1
GTF3C1,TRRAP,1
GTF3C1,UHRF1,1
GTF3C1,RFX7,1
GTF3C1,SURF4,1
GTF3C1,PIAS2,1
GTF3C1,ETV6,1
GTF3C1,ETV5,1
GTF3C1,TOPORS,1
GTF3C1,SRF,1
GTF3C1,NCOR1,1
GTF3C1,ZBTB10,1
GTF3C1,ESPL1,1
GTF3C1,HES1,1
GTF3C1,NOTCH2,1
GTF3C1,CIC,1
GTF3C1,MED21,1
GTF3C1,ALPL,1
GTF3C1,SALL1,1
GTF3C1,RBPJ,1
GTF3C1,F3,1
GTF3C1,BRCA2,1
GTF3C1,GLIS2,1
GTF3C1,RAB11A,1
GTF3C1,HIST1H1D,1
GTF3C1,EPHA2,1
GTF3C1,CUX2,1
GTF3C1,ANKS1,1
GTF3C1,ZSWIM4,1
GTF3C1,UNG,1
GTF3C1,HIST1H2BN,1
GTF3C1,HIST1H2AK,1
GTF3C1,RAD54B,1
GTF3C1,CD63,1
GTF3C1,TFCP2L1,1
GTF3C1,FOXP1,1
GTF3C1,DDB1,1
GTF3C1,MT2,1
GTF3C1,SFPQ,1
GTF3C1,ERP29,1
GTF3C1,AMOTL2,1
GTF3C1,SDC4,1
GTF3C1,SMAD2,1
GTF3C1,NR4A1,1
GTF3C1,ERF,1
GTF3C1,FAM234A,1
GTF3C1,ADAM23,1
GTF3C1,ZFP281,1
GTF3C1,AATF,1
GTF3C1,PHF12,1
GTF3C1,BRPF1,1
GTF3C1,GTF2I,1
GTF3C1,CNOT3,1
GTF3C1,LMO4,1
GTF3C1,SSB,1
GTF3C1,CCN2,1
GTF3C1,HIST1H2AF,1
GTF3C1,E2F2,1
GTF3C1,EIF4A2,1
GTF3C1,CTSD,1
GTF3C1,CBX6,1
GTF3C1,XRCC6,1
GTF3C1,MCM4,1
GTF3C1,TCF7,1
GTF3C1,COPS2,1
GTF3C1,UBP1,1
GTF3C1,SMURF1,1
GTF3C1,INTS12,1
GTF3C1,NUP210,1
GTF3C1,TMED2,1
GTF3C1,PREB,1
GTF3C1,TOP2B,1
GTF3C1,LAMC1,1
GTF3C1,DNAJC2,1
GTF3C1,TOP2A,1
GTF3C1,PRDM5,1
GTF3C1,MAFK,1
GTF3C1,ZFP592,1
GTF3C1,FAM129B,1
GTF3C1,TCERG1,1
GTF3C1,RARA,1
GTF3C1,ECD,1
GTF3C1,P4HA1,1
GTF3C1,GABBR1,1
GTF3C1,CKAP4,1
GTF3C1,BTG1,1
GTF3C1,TPD52,1
GTF3C1,ELAVL2,1
GTF3C1,PITX1,1
GTF3C1,ZFP148,1
GTF3C1,RELA,1
GTF3C1,RNF157,1
GTF3C1,PATZ1,1
GTF3C1,PMS1,1
GTF3C1,POU2F1,1
GTF3C1,RRBP1,1
GTF3C1,JMJD1C,1
GTF3C1,PA2G4,1
GTF3C1,MPHOSPH8,1
GTF3C1,RERE,1
GTF3C1,RB1,1
GTF3C1,POLR2J,1
GTF3C1,MEF2A,1
GTF3C1,HIST1H2BF,1
GTF3C1,EZH2,1
GTF3C1,SREBF1,1
GTF3C1,CBX8,1
GTF3C1,IGFBP2,1
GTF3C1,PTPN14,1
GTF3C1,HSP90B1,1
GTF3C1,ECT2,1
GTF3C1,AIP,1
GTF3C1,SLC6A6,1
GTF3C1,NOTCH1,1
GTF3C1,MAPK8,1
GTF3C1,ARHGAP29,1
GTF3C1,HSBP1,1
GTF3C1,SNAPC3,1
GTF3C1,CSRP2,1
GTF3C1,ZFP768,1
GTF3C1,GLS,1
GTF3C1,TNFAIP3,1
GTF3C1,PLAG1,1
GTF3C1,COIL,1
GTF3C1,TNK2,1
GTF3C1,RNF19A,1
GTF3C1,MAPK11,1
GTF3C1,RARG,1
GTF3C1,CNOT2,1
GTF3C1,HSF2,1
GTF3C1,FN1,1
GTF3C1,PHF14,1
GTF3C1,EGR1,1
GTF3C1,CST3,1
GTF3C1,TXNDC5,1
GTF3C1,MYH9,1
GTF3C1,BEX1,1
GTF3C1,RCOR2,1
GTF3C1,FOSL2,1
GTF3C1,ZFP91,1
GTF3C1,ZBTB39,1
GTF3C1,NR2C1,1
GTF3C1,HDAC4,1
GTF3C1,IRF2,1
GTF3C1,JARID2,1
GTF3C1,NAA15,1
GTF3C1,GTF3C5,1
GTF3C1,CAR2,1
GTF3C1,JDP2,1
GTF3C1,ELL2,1
GTF3C1,TAX1BP3,1
GTF3C1,POLR2B,1
GTF3C1,CUX1,1
GTF3C1,ATF2,1
GTF3C1,RCC2,1
GTF3C1,P3H1,1
GTF3C1,MEF2D,1
GTF3C1,HIF3A,1
GTF3C1,TCEA1,1
GTF3C1,SOAT1,1
GTF3C1,FIZ1,1
GTF3C1,TYRO3,1
GTF3C1,ILK,1
GTF3C1,LAMA1,1
GTF3C1,CTSL,1
GTF3C1,PLTP,1
GTF3C1,MME,1
GTF3C1,PAWR,1
GTF3C1,ME1,1
GTF3C1,HSPB1,1
GTF3C1,RBBP7,1
GTF3C1,CHD4,1
GTF3C1,RBPMS2,1
GTF3C1,IRF1,1
GTF3C1,CCNG1,1
GTF3C1,KAT2B,1
GTF3C1,XBP1,1
GTF3C1,TCEA3,1
GTF3C1,GLDC,1
GTF3C1,UTF1,1
GTF3C1,MED4,1
GTF3C1,MARC2,1
GTF3C1,KLF4,1
GTF3C1,MOV10,1
GTF3C1,RNF6,1
GTF3C1,HSPG2,1
GTF3C1,PELP1,1
GTF3C1,TRIM25,1
GTF3C1,POLR3F,1
GTF3C1,ETV4,1
GTF3C1,PATJ,1
GTF3C1,CNOT8,1
GTF3C1,DNAJC10,1
GTF3C1,ZFYVE21,1
GTF3C1,ABHD5,1
GTF3C1,ELP2,1
GTF3C1,BEND5,1
GTF3C1,IMPDH1,1
GTF3C1,SIRT2,1
GTF3C1,TEAD4,1
GTF3C1,TCF4,1
GTF3C1,KANK2,1
GTF3C1,ZBTB43,1
GTF3C1,SATB1,1
GTF3C1,SSR3,1
GTF3C1,MXD4,1
GTF3C1,HSPH1,1
GTF3C1,ABTB1,1
GTF3C1,SEC24D,1
GTF3C1,NFIB,1
GTF3C1,ZMYM2,1
GTF3C1,PDCD11,1
GTF3C1,ID4,1
GTF3C1,ANKRD6,1
GTF3C1,IKBKB,1
GTF3C1,SND1,1
GTF3C1,ARID1A,1
GTF3C1,KDM5B,1
GTF3C1,HTT,1
GTF3C1,MANF,1
GTF3C1,KLF6,1
GTF3C1,LOXL2,1
GTF3C1,GRHL1,1
GTF3C1,TFEB,1
GTF3C1,TRPS1,1
GTF3C1,RAI14,1
GTF3C1,TFAP4,1
GTF3C1,MYO6,1
GTF3C1,ATF3,1
GTF3C1,RFX5,1
GTF3C1,PHF2,1
GTF3C1,LAMA5,1
GTF3C1,ERCC8,1
GTF3C1,MTA3,1
GTF3C1,NFYB,1
GTF3C1,MAN1A2,1
GTF3C1,BNIP3,1
GTF3C1,SCMH1,1
GTF3C1,ELF2,1
GTF3C1,TRIM13,1
GTF3C1,KLF15,1
GTF3C1,ARNT2,1
GTF3C1,SPRY2,1
GTF3C1,GZF1,1
GTF3C1,CTSA,1
GTF3C1,TBX3,1
GTF3C1,STAT5B,1
GTF3C1,BCAT1,1
GTF3C1,ZDHHC16,1
GTF3C1,BMI1,1
GTF3C1,NFE2L2,1
GTF3C1,CALU,1
GTF3C1,RBMXL2,1
GTF3C1,BTG2,1
GTF3C1,MIS18BP1,1
GTF3C1,SKIL,1
GTF3C1,ZYX,1
GTF3C1,TCOF1,1
GTF3C1,KAT6B,1
GTF3C1,CREB3L2,1
GTF3C1,SPEN,1
GTF3C1,ISYNA1,1
GTF3C1,DCP1A,1
GTF3C1,NFXL1,1
GTF3C1,ZFP36L1,1
GTF3C1,STARD10,1
GTF3C1,BCAM,1
GTF3C1,NRIP1,1
GTF3C1,SLC25A5,1
GTF3C1,RLIM,1
GTF3C1,RASGRP2,1
GTF3C1,PHF1,1
GTF3C1,KNTC1,1
GTF3C1,CCNB1,1
GTF3C1,TEAD3,1
GTF3C1,MAZ,1
GTF3C1,SIRT3,1
GTF3C1,GBX2,1
GTF3C1,DNMT3A,1
GTF3C1,BAZ1A,1
GTF3C1,CITED2,1
GTF3C1,PDIA6,1
GTF3C1,ASS1,1
GTF3C1,ETV3,1
GTF3C1,ZFP277,1
GTF3C1,WWTR1,1
GTF3C1,SERPINE2,1
GTF3C1,HDAC11,1
GTF3C1,PHLDB2,1
GTF3C1,POLR2I,1
GTF3C1,AGAP3,1
GTF3C1,PARVB,1
GTF3C1,CHCHD10,1
GTF3C1,LRPAP1,1
GTF3C1,CKB,1
GTF3C1,APP,1
GTF3C1,AMPD2,1
GTF3C1,PLOD2,1
GTF3C1,P3H4,1
GTF3C1,NFIL3,1
GTF3C1,BASP1,1
GTF3C1,SALL4,1
GTF3C1,LDLRAP1,1
GTF3C1,HES6,1
GTF3C1,TUBB6,1
GTF3C1,PKNOX2,1
GTF3C1,ZFP423,1
GTF3C1,DAXX,1
GTF3C1,TRIP11,1
GTF3C1,KLF13,1
GTF3C1,MED15,1
GTF3C1,CRAMP1L,1
GTF3C1,ZFPM1,1
GTF3C1,MT1,1
GTF3C1,SEMA4C,1
GTF3C1,KLF10,1
GTF3C1,GNAS,1
GTF3C1,EPAS1,1
GTF3C1,KRBA1,1
GTF3C1,NRG1,1
GTF3C1,DCXR,1
GTF3C1,TIMP2,1
GTF3C1,KDELR3,1
GTF3C1,MAPK3,1
GTF3C1,PODXL,1
GTF3C1,ADAM19,1
GTF3C1,EHMT2,1
GTF3C1,SGK1,1
GTF3C1,COMMD3,1
GTF3C1,ARHGEF40,1
GTF3C1,TAF6L,1
GTF3C1,MYBBP1A,1
GTF3C1,SMAD7,1
GTF3C1,NOTUM,1
GTF3C1,FOXO1,1
GTF3C1,CHD7,1
GTF3C1,CHD5,1
GTF3C1,APBB1,1
GTF3C1,HEY2,1
GTF3C1,E2F6,1
GTF3C1,TFE3,1
GTF3C1,ZMYND11,1
GTF3C1,IRF6,1
GTF3C1,CTBP2,1
GTF3C1,UBTF,1
GTF3C1,ANKRD49,1
GTF3C1,MEN1,1
GTF3C1,AKT1,1
GTF3C1,ELK1,1
GTF3C1,SOX2,1
GTF3C1,TGFB1,1
GTF3C1,LMF2,1
GTF3C1,L1TD1,1
GTF3C1,TBL1X,1
GTF3C1,GJB3,1
GTF3C1,MED31,1
GTF3C1,FGFR3,1
GTF3C1,EOMES,1
GTF3C1,ATM,1
GTF3C1,NFKB2,1
GTF3C1,HOXD13,1
GTF3C1,GLI2,1
GTF3C1,EFEMP2,1
GTF3C1,TLE1,1
GTF3C1,CTSZ,1
GTF3C1,POU6F1,1
GTF3C1,MRAS,1
GTF3C1,SNAI1,1
GTF3C1,JUN,1
GTF3C1,EBF4,1
GTF3C1,P4HA2,1
GTF3C1,RAPGEF3,1
GTF3C1,MITF,1
GTF3C1,SHKBP1,1
GTF3C1,STAT5A,1
GTF3C1,MYCN,1
GTF3C1,KIT,1
GTF3C1,CNOT6L,1
GTF3C1,TBPL1,1
GTF3C1,SPRY4,1
GTF3C1,DMRT1,1
GTF3C1,GAS6,1
GTF3C1,TGIF1,1
GTF3C1,PRRX2,1
GTF3C1,HTRA1,1
GTF3C1,BCL3,1
GTF3C1,DDB2,1
GTF3C1,COL4A2,1
GTF3C1,COL4A1,1
GTF3C1,TOX3,1
GTF3C1,SLC6A8,1
GTF3C1,TET1,1
GTF3C1,CBX4,1
GTF3C1,UBQLN2,1
GTF3C1,MYMX,1
GTF3C1,VEGFA,1
GTF3C1,RAB3IL1,1
GTF3C1,POU4F1,1
GTF3C1,ZFP236,1
GTF3C1,MAPK13,1
GTF3C1,VSIR,1
GTF3C1,HDAC7,1
GTF3C1,MLXIPL,1
GTF3C1,PRDM1,1
GTF3C1,HS3ST1,1
GTF3C1,POU4F2,1
GTF3C1,MGST3,1
GTF3C1,LHX2,1
GTF3C1,HIST1H2BB,1
GTF3C1,FHL2,1
GTF3C1,CENPB,1
GTF3C1,EPS8,1
GTF3C1,ZEB2,1
GTF3C1,JAM2,1
GTF3C1,H1F0,1
GTF3C1,ATP6V0A1,1
GTF3C1,TAF6,1
GTF3C1,GLI1,1
GTF3C1,RFXAP,1
GTF3C1,PITX2,1
GTF3C1,ELL3,1
GTF3C1,HIP1,1
GTF3C1,FGF3,1
GTF3C1,NR0B1,1
GTF3C1,TSHZ3,1
GTF3C1,ZFP446,1
GTF3C1,TCF20,1
GTF3C1,POLR2H,1
GTF3C1,MEIS1,1
GTF3C1,STXBP2,1
GTF3C1,SRI,1
GTF3C1,ANXA2,1
GTF3C1,GRB10,1
GTF3C1,GDPD5,1
GTF3C1,HDAC3,1
GTF3C1,LTBP4,1
GTF3C1,SMAD3,1
GTF3C1,MEIS3,1
GTF3C1,TUBA4A,1
GTF3C1,MED12,1
GTF3C1,CHST15,1
GTF3C1,CEBPZ,1
GTF3C1,SOS2,1
GTF3C1,PTH1R,1
GTF3C1,ZFP296,1
GTF3C1,RUVBL1,1
GTF3C1,LRRK1,1
GTF3C1,CLCN5,1
GTF3C1,TDH,1
GTF3C1,CTH,1
GTF3C1,FRMD4A,1
GTF3C1,BIN1,1
GTF3C1,SIX5,1
GTF3C1,L3MBTL2,1
GTF3C1,FABP3,1
GTF3C1,ETS1,1
GTF3C1,NID1,1
GTF3C1,LRP2,1
GTF3C1,ZFP462,1
GTF3C1,CEMIP,1
GTF3C1,KHDC3,1
GTF3C1,ALG13,1
GTF3C1,NKRF,1
GTF3C1,ID3,1
GTF3C1,NSD1,1
GTF3C1,PROX1,1
GTF3C1,FST,1
GTF3C1,TRIM32,1
GTF3C1,SLC9A6,1
GTF3C1,HIVEP2,1
GTF3C1,FGF10,1
GTF3C1,SOX7,1
GTF3C1,EYA1,1
GTF3C1,ABT1,1
GTF3C1,OBSL1,1
GTF3C1,CREB5,1
GTF3C1,FOXO3,1
GTF3C1,BTBD11,1
GTF3C1,SOX4,1
GTF3C1,NPAS2,1
GTF3C1,MYC,1
GTF3C1,RUNX1,1
GTF3C1,MSC,1
GTF3C1,OVOL1,1
GTF3C1,NR3C1,1
GTF3C1,TWIST1,1
GTF3C1,PFKP,1
GTF3C1,CDKN1A,1
GTF3C1,2200002D01RIK,1
GTF3C1,TIMP3,1
GTF3C1,DDAH2,1
GTF3C1,BMPER,1
GTF3C1,TCF7L2,1
GTF3C1,HOPX,1
GTF3C1,BARX1,1
GTF3C1,SLCO3A1,1
GTF3C1,ZBTB7A,1
GTF3C1,SIX1,1
GTF3C1,PAX1,1
GTF3C1,MSX2,1
GTF3C1,TBX18,1
GTF3C1,ZEB1,1
GTF3C1,CSF1,1
GTF3C1,COL27A1,1
GTF3C1,ZDHHC15,1
GTF3C1,FOXD3,1
GTF3C1,ZIC3,1
GTF3C1,TUBB2B,1
GTF3C1,EMP2,1
GTF3C1,MORC4,1
GTF3C1,DPP4,1
GTF3C1,NDN,1
GTF3C1,PCBD1,1
GTF3C1,ELF4,1
GTF3C1,TENM4,1
GTF3C1,NFATC1,1
GTF3C1,DUSP9,1
GTF3C1,SPOCK1,1
GTF3C1,TFAP2C,1
GTF3C1,ANXA5,1
GTF3C1,TINAGL1,1
GTF3C1,HMGA2,1
GTF3C1,CLDN6,1
GTF3C1,EMX2,1
GTF3C1,TRH,1
GTF3C1,ATF6,1
GTF3C1,RUVBL2,1
GTF3C1,IGF2,1
GTF3C1,HEXIM1,1
GTF3C1,POLR3B,1
GTF3C1,TAGLN2,1
GTF3C1,FXYD6,1
GTF3C1,ZFP979,1
GTF3C1,LAMB2,1
GTF3C1,CMKLR1,1
GTF3C1,2410141K09RIK,1
GTF3C1,ERCC3,1
GTF3C1,ANP32A,1
GTF3C1,ZFP275,1
GTF3C1,XAB2,1
GTF3C1,CCND1,1
GTF3C1,XRCC5,1
GTF3C1,PLRG1,1
GTF3C1,FOXA2,1
GTF3C1,POU5F1,1
GTF3C1,VIM,1
GTF3C1,SPP1,1
GTF3C1,PLOD1,1
GTF3C1,BRCA1,1
GTF3C1,TOX4,1
GTF3C1,PAX6,1
GTF3C1,NONO,1
GTF3C1,ARL6IP5,1
GTF3C1,SORD,1
GTF3C1,PEG3,1
GTF3C1,TAF1A,1
GTF3C1,CALCOCO1,1
GTF3C1,TRP53,1
GTF3C1,SNURF,1
GTF3C1,FLRT3,1
GTF3C1,TAF1,1
GTF3C1,THBD,1
GTF3C1,NR2F2,1
GTF3C1,SP8,1
GTF3C1,NFATC4,1
GTF3C1,SLC26A10,1
GTF3C1,PDGFRA,1
HCFC1,POLR1B,1
HCFC1,HSBP1,1
HCFC1,ESPL1,1
HCFC1,MITF,1
HCFC1,SNAPC3,1
HCFC1,ZFP277,1
HCFC1,COPS2,1
HCFC1,CALCOCO1,1
HCFC1,NCOA3,1
HCFC1,DCP1A,1
HCFC1,FDPS,1
HCFC1,GTF2H4,1
HCFC1,ECD,1
HCFC1,SIRT2,1
HCFC1,GTF2H3,1
HCFC1,PA2G4,1
HCFC1,XAB2,1
HCFC1,TCOF1,1
HCFC1,IRF3,1
HCFC1,TFEB,1
HCFC1,L3MBTL2,1
HCFC1,SAP30,1
HCFC1,NFXL1,1
HCFC1,ING3,1
HCFC1,MEN1,1
HCFC1,MCM3,1
HCFC1,NFATC2IP,1
HCFC1,PHB2,1
HCFC1,CTNNBL1,1
HCFC1,JARID2,1
HCFC1,RAD51,1
HCFC1,TAF6,1
HCFC1,PAPOLA,1
HCFC1,NR1D1,1
HCFC1,SSR3,1
HCFC1,DDX20,1
HCFC1,TFAP4,1
HCFC1,GTF2I,1
HCFC1,THRAP3,1
HCFC1,POLR3F,1
HCFC1,NFX1,1
HCFC1,POLR3B,1
HCFC1,CIC,1
HCFC1,ZFP768,1
HCFC1,ZDHHC16,1
HCFC1,POLR2K,1
HCFC1,POLR2J,1
HCFC1,ASXL1,1
HCFC1,BRCA2,1
HCFC1,INTS12,1
HCFC1,TAF9,1
HCFC1,DAXX,1
HCFC1,CREB3,1
HCFC1,HSP90B1,1
HCFC1,POLR2E,1
HCFC1,PLOD3,1
HCFC1,GTF3C5,1
HCFC1,MED4,1
HCFC1,CEBPZ,1
HCFC1,NR3C1,1
HCFC1,TMED2,1
HCFC1,TRIM32,1
HCFC1,TBPL1,1
HCFC1,TCEA1,1
HCFC1,HSPH1,1
HCFC1,PELP1,1
HCFC1,MIS18BP1,1
HCFC1,ZBTB7A,1
HCFC1,RUVBL2,1
HCFC1,ZFP446,1
HCFC1,RUVBL1,1
HCFC1,USF1,1
HCFC1,NFATC3,1
HCFC1,HSPA5,1
HCFC1,EP400,1
HCFC1,MGST3,1
HCFC1,MED15,1
HCFC1,ZFP276,1
HCFC1,PREB,1
HCFC1,SIRT3,1
HCFC1,TOX4,1
HCFC1,D230025D16RIK,1
HCFC1,CNOT2,1
HCFC1,HMGXB4,1
HCFC1,FUBP3,1
HCFC1,LMF2,1
HCFC1,SMARCD1,1
HCFC1,ERCC3,1
HCFC1,ABTB1,1
HCFC1,KRBA1,1
HCFC1,NR1H2,1
HCFC1,DIDO1,1
HCFC1,AIP,1
HCFC1,ZFP148,1
HCFC1,TCF4,1
HCFC1,ELP2,1
HCFC1,ZFP91,1
HCFC1,BRCA1,1
HCFC1,ZFP219,1
HCFC1,E2F4,1
HCFC1,HDLBP,1
HCFC1,NAA15,1
HCFC1,HTT,1
HCFC1,PHF14,1
HCFC1,TRIP11,1
HCFC1,MYBBP1A,1
HCFC1,GABPA,1
HCFC1,ILK,1
HCFC1,ERCC8,1
HCFC1,TXNDC12,1
HCFC1,PHF12,1
HCFC1,ZBTB43,1
HCFC1,XRCC5,1
HCFC1,HMGXB3,1
HCFC1,CNOT6,1
HCFC1,PCBP2,1
HCFC1,MED31,1
HCFC1,SND1,1
HCFC1,TAF5,1
HCFC1,HEXIM1,1
HCFC1,FIZ1,1
HCFC1,SMARCAD1,1
HCFC1,TAF1A,1
HCFC1,POLR1C,1
HCFC1,ATP6V0A1,1
HCFC1,DNAJC2,1
HCFC1,RNF6,1
HCFC1,ATF2,1
HCFC1,DDB1,1
HCFC1,HDGF,1
HCFC1,WDR45,1
HCFC1,ATF6,1
HCFC1,PDCD11,1
HCFC1,ABT1,1
HCFC1,TAX1BP3,1
HCFC1,POLR2I,1
HCFC1,POLR2H,1
HCFC1,SRRT,1
HCFC1,ORC2,1
HCFC1,NFYA,1
HCFC1,POLR3D,1
HCFC1,ZBTB24,1
HCFC1,ZFP335,1
HCFC1,TMF1,1
HCFC1,COIL,1
HCFC1,TSG101,1
HCFC1,TAF10,1
HCFC1,TRP53,1
HCFC1,MAZ,1
HCFC1,HNRNPAB,1
HCFC1,MTF2,1
HCFC1,POLR1A,1
HCFC1,NFE2L1,1
HCFC1,ANKRD49,1
HCFC1,NACC1,1
HCFC1,KNTC1,1
HCFC1,EIF4A2,1
HCFC1,GTF3C1,1
HCFC1,CNOT8,1
HCFC1,UBP1,1
HCFC1,BTAF1,1
HCFC1,RBBP4,1
HCFC1,WBP11,1
HCFC1,TADA3,1
HCFC1,MANF,1
HCFC1,RAB11A,1
HCFC1,ATF4,1
HCFC1,MCM5,1
HCFC1,BTF3,1
HCFC1,BRPF1,1
HCFC1,ILF2,1
HCFC1,CTNNB1,1
HCFC1,KPNA2,1
HCFC1,POLR2B,1
HCFC1,POLR2A,1
HCFC1,DNMT1,1
HCFC1,ZFP398,1
HCFC1,MCM4,1
HCFC1,TCERG1,1
HCFC1,RAD54B,1
HCFC1,FOXJ3,1
HCFC1,EED,1
HCFC1,SRSF1,1
HCFC1,BCLAF1,1
HCFC1,RCN3,1
HCFC1,GNAS,1
HCFC1,YBX1,1
HCFC1,RNF14,1
HCFC1,ELF1,1
HCFC1,ING1,1
HCFC1,TULP3,1
HCFC1,TRRAP,1
HCFC1,DR1,1
HCFC1,HIST1H4K,1
HCFC1,CDC20,1
HCFC1,HNRNPK,1
HCFC1,TAF6L,1
HCFC1,KDELR2,1
HCFC1,CALR,1
HCFC1,CTSA,1
HCFC1,NKRF,1
HCFC1,CNOT7,1
HCFC1,DDB2,1
HCFC1,SUB1,1
HCFC1,SMARCB1,1
HCFC1,PLAGL2,1
HCFC1,KDM3A,1
HCFC1,FXR1,1
HCFC1,DAZAP2,1
HCFC1,SMARCA4,1
HCFC1,DDX5,1
HCFC1,MPHOSPH8,1
HCFC1,MLLT1,1
HCFC1,ILF3,1
HCFC1,MATR3,1
HCFC1,TOPORS,1
HCFC1,NCOR1,1
HCFC1,RERE,1
HCFC1,CDC5L,1
HCFC1,SRSF3,1
HCFC1,CRAMP1L,1
HCFC1,KHDRBS1,1
HCFC1,CTCF,1
HCFC1,HNRNPD,1
HCFC1,SP1,1
HCFC1,MCM7,1
HCFC1,CALU,1
HCFC1,BRD7,1
HCFC1,TOP2A,1
HCFC1,ATF5,1
HCFC1,FUS,1
HCFC1,HDAC5,1
HCFC1,SLC25A4,1
HCFC1,P4HB,1
HCFC1,EWSR1,1
HCFC1,FXR2,1
HCFC1,SSB,1
HCFC1,MDM2,1
HCFC1,DNAJC10,1
HCFC1,TCF12,1
HCFC1,TNFAIP3,1
HCFC1,TFRC,1
HCFC1,ARL6IP5,1
HCFC1,PARP1,1
HCFC1,NFKB2,1
HCFC1,HIST1H2AC,1
HCFC1,CBX8,1
HCFC1,PDIA6,1
HCFC1,SFPQ,1
HCFC1,ARID1A,1
HCFC1,APEX1,1
HCFC1,ATF7,1
HCFC1,ZFP281,1
HCFC1,AATF,1
HCFC1,MAML1,1
HCFC1,ASH2L,1
HCFC1,ATM,1
HCFC1,EZH2,1
HCFC1,SUZ12,1
HCFC1,HSP90AA1,1
HCFC1,MEF2A,1
HCFC1,KDM5B,1
HCFC1,KAT6B,1
HCFC1,RIF1,1
HCFC1,DDX54,1
HCFC1,PMS1,1
HCFC1,ALG13,1
HCFC1,SURF4,1
HCFC1,CNOT3,1
HCFC1,SIX5,1
HCFC1,ANKRD54,1
HCFC1,SFI1,1
HCFC1,AKT1,1
HCFC1,KEAP1,1
HCFC1,RBM14,1
HCFC1,ERP29,1
HCFC1,CITED2,1
HCFC1,ELK4,1
HCFC1,DDIT3,1
HCFC1,RFX2,1
HCFC1,YEATS4,1
HCFC1,MBD2,1
HCFC1,POU2F1,1
HCFC1,RBPJ,1
HCFC1,SALL4,1
HCFC1,SIN3B,1
HCFC1,PATZ1,1
HCFC1,JUND,1
HCFC1,ATP13A3,1
HCFC1,HDAC1,1
HCFC1,ATF1,1
HCFC1,TXNIP,1
HCFC1,SMARCC1,1
HCFC1,ABHD5,1
HCFC1,ODC1,1
HCFC1,SMARCA5,1
HCFC1,ECT2,1
HCFC1,CTBP1,1
HCFC1,NFYB,1
HCFC1,BTG1,1
HCFC1,RBL1,1
HCFC1,ZFAND3,1
HCFC1,RNF19A,1
HCFC1,HDAC4,1
HCFC1,ETV6,1
HCFC1,SMURF2,1
HCFC1,HDAC2,1
HCFC1,HMGB2,1
HCFC1,SRF,1
HCFC1,P4HA1,1
HCFC1,FAM234A,1
HCFC1,SPEN,1
HCFC1,CTSD,1
HCFC1,NRF1,1
HCFC1,SELENOW,1
HCFC1,HIST1H2BK,1
HCFC1,PIAS1,1
HCFC1,CCNB1,1
HCFC1,AMPD2,1
HCFC1,CUX1,1
HCFC1,SMARCC2,1
HCFC1,BEND5,1
HCFC1,LDB1,1
HCFC1,DEK,1
HCFC1,HIST1H1D,1
HCFC1,E2F2,1
HCFC1,PIAS3,1
HCFC1,MCM6,1
HCFC1,SRSF6,1
HCFC1,XRCC6,1
HCFC1,STXBP2,1
HCFC1,MEF2D,1
HCFC1,SERTAD2,1
HCFC1,NR1D2,1
HCFC1,TIMELESS,1
HCFC1,SPRY4,1
HCFC1,NOTCH2,1
HCFC1,HIST1H2BN,1
HCFC1,HIST1H2AK,1
HCFC1,HIST1H1A,1
HCFC1,HIST1H3H,1
HCFC1,SMAD7,1
HCFC1,SIRT1,1
HCFC1,RNF2,1
HCFC1,TMEM150A,1
HCFC1,MSH6,1
HCFC1,MYBL2,1
HCFC1,E2F1,1
HCFC1,CDC42SE2,1
HCFC1,TRIM28,1
HCFC1,MED21,1
HCFC1,SLC25A5,1
HCFC1,GLS,1
HCFC1,ELF2,1
HCFC1,ETV5,1
HCFC1,COMMD3,1
HCFC1,CTH,1
HCFC1,LRPAP1,1
HCFC1,HIST1H2BL,1
HCFC1,HIST1H2AI,1
HCFC1,BTG2,1
HCFC1,SOCS2,1
HCFC1,UHRF1,1
HCFC1,HIST1H2BB,1
HCFC1,MAPK3,1
HCFC1,EHMT2,1
HCFC1,BARD1,1
HCFC1,CBX4,1
HCFC1,MCM2,1
HCFC1,MAPK8,1
HCFC1,KLF13,1
HCFC1,GLUL,1
HCFC1,SEMA4C,1
HCFC1,MAN1A2,1
HCFC1,INSIG1,1
HCFC1,GNPDA1,1
HCFC1,ZBTB38,1
HCFC1,PHF20,1
HCFC1,TRIM24,1
HCFC1,MYC,1
HCFC1,KLF6,1
HCFC1,HIF1A,1
HCFC1,EZH1,1
HCFC1,TXNDC5,1
HCFC1,RRBP1,1
HCFC1,POU4F1,1
HCFC1,VSIR,1
HCFC1,NFE2L2,1
HCFC1,ASNS,1
HCFC1,ETV4,1
HCFC1,ELL2,1
HCFC1,DKC1,1
HCFC1,KLF10,1
HCFC1,JUN,1
HCFC1,RCC2,1
HCFC1,FOXO1,1
HCFC1,CENPB,1
HCFC1,SMAD2,1
HCFC1,APOBEC3,1
HCFC1,YEATS2,1
HCFC1,IMPDH1,1
HCFC1,SLC16A1,1
HCFC1,HIST1H2BF,1
HCFC1,ASS1,1
HCFC1,SMURF1,1
HCFC1,NEDD4,1
HCFC1,NRIP1,1
HCFC1,CRY1,1
HCFC1,GLIPR2,1
HCFC1,ITPK1,1
HCFC1,MT1,1
HCFC1,LAMC1,1
HCFC1,PITX1,1
HCFC1,TUBB2B,1
HCFC1,IRF1,1
HCFC1,NDRG1,1
HCFC1,CRIP2,1
HCFC1,GRHL1,1
HCFC1,NOTCH1,1
HCFC1,EGR1,1
HCFC1,ANKRD6,1
HCFC1,BCAT1,1
HCFC1,SEC24D,1
HCFC1,RBFOX2,1
HCFC1,PLTP,1
HCFC1,UBQLN2,1
HCFC1,DNMT3A,1
HCFC1,UCHL1,1
HCFC1,GSTA4,1
HCFC1,SOX15,1
HCFC1,HIF3A,1
HCFC1,HES1,1
HCFC1,CDKN1A,1
HCFC1,MKX,1
HCFC1,AMOTL2,1
HCFC1,GRIN1,1
HCFC1,DAB2,1
HCFC1,RFX7,1
HCFC1,KLF4,1
HCFC1,KANK2,1
HCFC1,TPD52,1
HCFC1,ZFHX3,1
HCFC1,KLF3,1
HCFC1,MME,1
HCFC1,RANBP17,1
HCFC1,ELF4,1
HCFC1,CSRP2,1
HCFC1,CCN2,1
HCFC1,LRP2,1
HCFC1,TBX3,1
HCFC1,ZDHHC15,1
HCFC1,F3,1
HCFC1,LAMB2,1
HCFC1,GLDC,1
HCFC1,MYO6,1
HCFC1,PHLDA3,1
HCFC1,TEAD4,1
HCFC1,BCAM,1
HCFC1,PTPN14,1
HCFC1,MYMX,1
HCFC1,KIT,1
HCFC1,APBB1,1
HCFC1,EPHA2,1
HCFC1,TET1,1
HCFC1,NID1,1
HCFC1,SPOCK1,1
HCFC1,FABP3,1
HCFC1,EMX2,1
HCFC1,EOMES,1
HCFC1,LAMA1,1
HCFC1,NRG1,1
HCFC1,PLOD2,1
HCFC1,CD63,1
HCFC1,KLF2,1
HCFC1,HSPG2,1
HCFC1,PHLDB2,1
HCFC1,TPM4,1
HCFC1,TFCP2L1,1
HDAC1,POU2F1,1
HDAC1,RNF14,1
HDAC1,CTCF,1
HDAC1,SFI1,1
HDAC1,POLR3B,1
HDAC1,GRIN1,1
HDAC1,GTF2H3,1
HDAC1,ESPL1,1
HDAC1,KPNA2,1
HDAC1,NR1D2,1
HDAC1,DNMT1,1
HDAC1,KNTC1,1
HDAC1,ZFP398,1
HDAC1,NME2,1
HDAC1,E2F2,1
HDAC1,POLR2B,1
HDAC1,DCP1A,1
HDAC1,COPS2,1
HDAC1,KDM5B,1
HDAC1,PIAS1,1
HDAC1,NOTCH2,1
HDAC1,SIRT3,1
HDAC1,MXD4,1
HDAC1,POLR1B,1
HDAC1,KHDRBS1,1
HDAC1,GABARAPL2,1
HDAC1,SRM,1
HDAC1,CEBPZ,1
HDAC1,TAF1A,1
HDAC1,CALU,1
HDAC1,POLR2J,1
HDAC1,NFX1,1
HDAC1,ATF7,1
HDAC1,ZEB1,1
HDAC1,DDB1,1
HDAC1,CRY1,1
HDAC1,POLR2E,1
HDAC1,INTS12,1
HDAC1,PDK1,1
HDAC1,TAF5,1
HDAC1,TCEA1,1
HDAC1,REST,1
HDAC1,IKBKB,1
HDAC1,POLR3D,1
HDAC1,FOXJ3,1
HDAC1,CRIP2,1
HDAC1,ECD,1
HDAC1,ILK,1
HDAC1,ATM,1
HDAC1,EZH2,1
HDAC1,SAP30,1
HDAC1,HDAC2,1
HDAC1,MLLT1,1
HDAC1,DNAJC2,1
HDAC1,ERCC8,1
HDAC1,ZBTB24,1
HDAC1,SMARCAD1,1
HDAC1,UNG,1
HDAC1,YBX1,1
HDAC1,IRF1,1
HDAC1,PDCD11,1
HDAC1,YEATS2,1
HDAC1,ELF2,1
HDAC1,SMARCA5,1
HDAC1,MORF4L2,1
HDAC1,POLR2K,1
HDAC1,HDLBP,1
HDAC1,TMED2,1
HDAC1,KDELR2,1
HDAC1,TCOF1,1
HDAC1,GTF3C5,1
HDAC1,SMARCC1,1
HDAC1,TFAP4,1
HDAC1,CALR,1
HDAC1,SND1,1
HDAC1,SERTAD2,1
HDAC1,PIAS3,1
HDAC1,SMARCB1,1
HDAC1,FUS,1
HDAC1,CTBP1,1
HDAC1,TRIM25,1
HDAC1,ELP2,1
HDAC1,E2F1,1
HDAC1,MCM6,1
HDAC1,SUB1,1
HDAC1,ABTB1,1
HDAC1,RUVBL2,1
HDAC1,CALCOCO1,1
HDAC1,MED31,1
HDAC1,TNFAIP3,1
HDAC1,RBBP4,1
HDAC1,KLF10,1
HDAC1,TMF1,1
HDAC1,TFRC,1
HDAC1,BRD7,1
HDAC1,PDIA6,1
HDAC1,UBP1,1
HDAC1,PELP1,1
HDAC1,GLS,1
HDAC1,ARL6IP5,1
HDAC1,XRCC5,1
HDAC1,GNPDA1,1
HDAC1,JMJD1C,1
HDAC1,ITPK1,1
HDAC1,CITED2,1
HDAC1,TSG101,1
HDAC1,TMEM150A,1
HDAC1,EED,1
HDAC1,CTNNB1,1
HDAC1,ZFP277,1
HDAC1,BTAF1,1
HDAC1,NFKBIA,1
HDAC1,GTF3C1,1
HDAC1,ZHX3,1
HDAC1,XRCC6,1
HDAC1,HIST1H2BK,1
HDAC1,SLC7A6,1
HDAC1,HMGXB3,1
HDAC1,MAZ,1
HDAC1,FXR2,1
HDAC1,MAFK,1
HDAC1,ANXA5,1
HDAC1,SREBF1,1
HDAC1,LDB1,1
HDAC1,MAPK8,1
HDAC1,ZBTB10,1
HDAC1,ERP29,1
HDAC1,ANKRD54,1
HDAC1,SNAPC3,1
HDAC1,PLAGL2,1
HDAC1,RERE,1
HDAC1,KAT6B,1
HDAC1,LAMC1,1
HDAC1,BRWD1,1
HDAC1,ZFAND3,1
HDAC1,TET2,1
HDAC1,PMM1,1
HDAC1,TRP53BP1,1
HDAC1,XBP1,1
HDAC1,NACC1,1
HDAC1,ZFYVE21,1
HDAC1,COIL,1
HDAC1,ELF1,1
HDAC1,MAPK11,1
HDAC1,ZFP768,1
HDAC1,GSR,1
HDAC1,FUBP3,1
HDAC1,ING1,1
HDAC1,ATP6V0A1,1
HDAC1,TXNDC5,1
HDAC1,RRBP1,1
HDAC1,KEAP1,1
HDAC1,CDC5L,1
HDAC1,NR4A1,1
HDAC1,NFATC2IP,1
HDAC1,CNOT7,1
HDAC1,SSB,1
HDAC1,ERF,1
HDAC1,EZH1,1
HDAC1,GLUL,1
HDAC1,PSIP1,1
HDAC1,NFATC3,1
HDAC1,SMURF1,1
HDAC1,HIST1H2AF,1
HDAC1,PURA,1
HDAC1,ARNTL,1
HDAC1,TFEB,1
HDAC1,TRIM24,1
HDAC1,DEK,1
HDAC1,CHST15,1
HDAC1,RBPJ,1
HDAC1,RAB11A,1
HDAC1,STAT5B,1
HDAC1,CNOT2,1
HDAC1,P3H1,1
HDAC1,PDCD4,1
HDAC1,KLF13,1
HDAC1,FOXD3,1
HDAC1,E2F6,1
HDAC1,ANKRD6,1
HDAC1,ANKS1,1
HDAC1,FDPS,1
HDAC1,VEZF1,1
HDAC1,PLAG1,1
HDAC1,STXBP2,1
HDAC1,MEF2D,1
HDAC1,ITGA6,1
HDAC1,HIST1H3H,1
HDAC1,TOP2B,1
HDAC1,MLXIP,1
HDAC1,RARA,1
HDAC1,DR1,1
HDAC1,KLF15,1
HDAC1,RNF19A,1
HDAC1,ASS1,1
HDAC1,RBFOX2,1
HDAC1,RIF1,1
HDAC1,SIRT1,1
HDAC1,MYH9,1
HDAC1,NR2C1,1
HDAC1,SSBP4,1
HDAC1,GLIPR2,1
HDAC1,HIST1H2BL,1
HDAC1,HIST1H2AI,1
HDAC1,GTF2H4,1
HDAC1,SEC24D,1
HDAC1,RNF2,1
HDAC1,HMCES,1
HDAC1,HIST1H2BF,1
HDAC1,SEMA4C,1
HDAC1,RB1,1
HDAC1,KAT2B,1
HDAC1,PREB,1
HDAC1,PATJ,1
HDAC1,KRBA1,1
HDAC1,HEY2,1
HDAC1,ETV3,1
HDAC1,TPM4,1
HDAC1,RBPMS2,1
HDAC1,LRPAP1,1
HDAC1,NDRG1,1
HDAC1,CD63,1
HDAC1,BEND5,1
HDAC1,UCHL1,1
HDAC1,MME,1
HDAC1,MT1,1
HDAC1,SHROOM3,1
HDAC1,FOSL2,1
HDAC1,SDC4,1
HDAC1,TCF7,1
HDAC1,ARHGAP29,1
HDAC1,UTF1,1
HDAC1,CST3,1
HDAC1,CTBP2,1
HDAC1,ALPL,1
HDAC1,TEAD1,1
HDAC1,ZFHX3,1
HDAC1,TFCP2L1,1
HDAC1,PLOD1,1
HDAC1,CKAP4,1
HDAC1,BCAM,1
HDAC1,TCEA3,1
HDAC1,ADAM23,1
HDAC1,APP,1
HDAC1,ETV1,1
HDAC1,SOCS2,1
HDAC1,LAMB2,1
HDAC1,TSPAN9,1
HDAC1,CDKN1A,1
HDAC1,LAMA1,1
HDAC1,COBL,1
HDAC1,MYMX,1
HDAC1,SPP1,1
HDAC1,NANOG,1
HDAC1,FABP3,1
HDAC1,2410141K09RIK,1
HDAC1,LRP2,1
HDAC1,OPLAH,1
HDAC1,ZFP57,1
HDAC1,GLDC,1
HDAC1,NOTCH4,1
HDAC1,SLC5A11,1
HDAC1,HSPG2,1
HDAC2,MIS18BP1,1
HDAC2,POU2F1,1
HDAC2,DCP1A,1
HDAC2,CALU,1
HDAC2,PA2G4,1
HDAC2,ATF7,1
HDAC2,PELP1,1
HDAC2,CTCF,1
HDAC2,ABTB1,1
HDAC2,DDB1,1
HDAC2,NOTCH2,1
HDAC2,ERP29,1
HDAC2,ZFP148,1
HDAC2,YEATS2,1
HDAC2,SFI1,1
HDAC2,CTSD,1
HDAC2,EZH2,1
HDAC2,ITPK1,1
HDAC2,SMARCA5,1
HDAC2,SMARCD1,1
HDAC2,FOXJ3,1
HDAC2,TADA3,1
HDAC2,ILK,1
HDAC2,RBPJ,1
HDAC2,NDRG1,1
HDAC2,NUP210,1
HDAC2,DR1,1
HDAC2,NR1D2,1
HDAC2,HSP90B1,1
HDAC2,ELF1,1
HDAC2,SMURF1,1
HDAC2,HES6,1
HDAC2,HIST1H2BK,1
HDAC2,KLF10,1
HDAC2,DDIT3,1
HDAC2,SMAD3,1
HDAC2,PIAS1,1
HDAC2,HIST1H2AC,1
HDAC2,KLF2,1
HDAC2,HDAC4,1
HDAC2,ZHX3,1
HDAC2,ZEB1,1
HDAC2,HNRNPD,1
HDAC2,MT1,1
HDAC2,DNMT3A,1
HDAC2,GNPDA1,1
HDAC2,ZMYM2,1
HDAC2,ASS1,1
HDAC2,GLIPR2,1
HDAC2,HIST1H4K,1
HDAC2,ZBTB10,1
HDAC2,KEAP1,1
HDAC2,KDM5B,1
HDAC2,NR4A1,1
HDAC2,SEMA4C,1
HDAC2,CUX1,1
HDAC2,ASNS,1
HDAC2,HIST1H2BL,1
HDAC2,HIST1H2AI,1
HDAC2,JMJD1C,1
HDAC2,E2F1,1
HDAC2,TCF12,1
HDAC2,PFKP,1
HDAC2,FXR1,1
HDAC2,NOTCH1,1
HDAC2,GRIN1,1
HDAC2,KLF3,1
HDAC2,APP,1
HDAC2,RAI14,1
HDAC2,MT2,1
HDAC2,HIST1H2BF,1
HDAC2,ARHGAP29,1
HDAC2,TEAD1,1
HDAC2,SPP1,1
HDAC2,OPLAH,1
HDAC2,HIST1H2AF,1
HDAC2,ELAVL2,1
HDAC2,UCHL1,1
HDAC2,TCEA3,1
HDAC2,GJB3,1
HDAC2,LAMA1,1
HDAC2,MYMX,1
HDAC2,NANOG,1
HDAC2,FABP3,1
HDAC3,CDKN1A,1
HDAC3,GNAS,1
HDAC3,ARNTL,1
HDAC3,DIDO1,1
HDAC3,TFRC,1
HDAC3,SOCS2,1
HDAC3,RBPJ,1
HDAC3,OPLAH,1
HDAC3,SPEN,1
HDAC3,ETV5,1
HDAC3,ZBTB24,1
HDAC3,RASGRP2,1
HDAC3,POLR2A,1
HDAC3,RARA,1
HDAC3,SLC7A3,1
HDAC3,CST3,1
HDAC3,STAT5A,1
HDAC3,SMAD7,1
HDAC3,UPP1,1
HDAC3,RBM14,1
HDAC3,FUBP3,1
HDAC3,HMGXB4,1
HDAC3,NR5A2,1
HDAC3,IL33,1
HDAC3,CALU,1
HDAC3,CALD1,1
HDAC3,CHD7,1
HDAC3,THRAP3,1
HDAC3,MED12,1
HDAC3,AMOTL2,1
HDAC3,PCBP2,1
HDAC3,TFE3,1
HDAC3,SPRY4,1
HDAC3,SCMH1,1
HDAC3,ETV1,1
HDAC3,HSPB1,1
HDAC3,SREBF1,1
HDAC3,MYLPF,1
HDAC3,PDK1,1
HDAC3,TNFAIP3,1
HDAC3,RBBP7,1
HDAC3,DPPA2,1
HDAC3,TRP53,1
HDAC3,RLIM,1
HDAC3,POU2F1,1
HDAC3,STAT4,1
HDAC3,FOXH1,1
HDAC3,TRP53BP1,1
HDAC3,MTF2,1
HDAC3,GLUL,1
HDAC3,RIF1,1
HDAC3,SIX5,1
HDAC3,GSTA4,1
HDAC3,IFITM1,1
HDAC3,KANK2,1
HDAC3,TCF4,1
HDAC3,NR1D2,1
HDAC3,KDM3A,1
HDAC3,LAMB2,1
HDAC3,WDR45,1
HDAC3,APOE,1
HDAC3,GLS,1
HDAC3,ASXL1,1
HDAC3,L3MBTL2,1
HDAC3,SMARCA5,1
HDAC3,BRWD1,1
HDAC3,KHDRBS1,1
HDAC3,ETV6,1
HDAC3,POU5F1,1
HDAC3,MME,1
HDAC3,BCAT1,1
HDAC3,LY6G6E,1
HDAC3,LRPAP1,1
HDAC3,BMP4,1
HDAC3,SMARCA2,1
HDAC3,PHLDB2,1
HDAC3,NOTCH4,1
HDAC3,TCEA3,1
HDAC3,DNMT1,1
HDAC3,MORF4L2,1
HDAC3,HMCES,1
HDAC3,DDX5,1
HDAC3,GTF2I,1
HDAC3,MCM4,1
HDAC3,WBP11,1
HDAC3,TSPAN9,1
HDAC3,ETV4,1
HDAC3,FBLIM1,1
HDAC3,IRF1,1
HDAC3,KAT6B,1
HDAC3,OTX2,1
HDAC3,CD63,1
HDAC3,ADAM19,1
HDAC3,PATJ,1
HDAC3,NFE2L1,1
HDAC3,MKRN1,1
HDAC3,CDC20,1
HDAC3,2410141K09RIK,1
HDAC3,MYMX,1
HDAC3,GJB3,1
HDAC3,SPP1,1
HDAC3,FRRS1,1
HDAC3,KLF10,1
HDAC3,LDB1,1
HDAC3,SERPINH1,1
HDAC3,TAF6,1
HDAC3,FOXJ3,1
HDAC3,WWTR1,1
HDAC3,SPRY2,1
HDAC3,FDPS,1
HDAC3,PURA,1
HDAC3,SLC6A6,1
HDAC3,TADA3,1
HDAC3,ESRRA,1
HDAC3,PRDM14,1
HDAC3,NDRG1,1
HDAC3,NONO,1
HDAC3,SIRT3,1
HDAC3,MAPK8,1
HDAC3,TAF1,1
HDAC3,TPD52,1
HDAC3,MSH6,1
HDAC3,ERF,1
HDAC3,FABP3,1
HDAC3,SFI1,1
HDAC3,NANOG,1
HDAC3,ZFP57,1
HDAC3,PLOD1,1
HDAC3,EDA2R,1
HDAC3,PELP1,1
HDAC3,ODC1,1
HDAC3,GTF3C5,1
HDAC3,TAF1A,1
HDAC3,TFEB,1
HDAC3,TMSB4X,1
HDAC3,BNIP3,1
HDAC3,PHC1,1
HDAC3,TINAGL1,1
HDAC3,DUSP9,1
HDAC3,IGFBP2,1
HDAC3,TBL1X,1
HDAC3,SLC6A8,1
HDAC3,DPPA4,1
HDAC3,GLIS2,1
HDAC3,SOX15,1
HDAC3,E2F2,1
HDAC3,TDH,1
HDAC3,AU018091,1
HDAC3,DNMT3A,1
HDAC3,GRIN1,1
HDAC3,KLF8,1
HDAC3,CCN2,1
HDAC3,ZFP979,1
HEXIM1,SFI1,1
HEXIM1,SMARCA5,1
HEXIM1,FUS,1
HEXIM1,RNF14,1
HEXIM1,MTF2,1
HEXIM1,P4HA1,1
HEXIM1,HSP90AA1,1
HEXIM1,ATF4,1
HEXIM1,SMARCC2,1
HEXIM1,SMARCB1,1
HEXIM1,HSPA5,1
HEXIM1,PBX4,1
HEXIM1,DDX5,1
HEXIM1,TAF9,1
HEXIM1,HIST1H2AF,1
HEXIM1,TSG101,1
HEXIM1,ILF2,1
HEXIM1,HMGXB3,1
HEXIM1,DR1,1
HEXIM1,SP1,1
HEXIM1,GTF2H3,1
HEXIM1,ELF1,1
HEXIM1,SLC16A1,1
HEXIM1,BRCA2,1
HEXIM1,PMS1,1
HEXIM1,SGK1,1
HEXIM1,USF1,1
HEXIM1,HIST1H2BK,1
HEXIM1,RBFOX2,1
HEXIM1,HIST1H2AC,1
HEXIM1,PURA,1
HEXIM1,AATF,1
HEXIM1,RBBP4,1
HEXIM1,PHLDA3,1
HEXIM1,DCP1A,1
HEXIM1,INSIG1,1
HEXIM1,EZH2,1
HEXIM1,POU2F1,1
HEXIM1,ORC2,1
HEXIM1,FXR2,1
HEXIM1,CNOT8,1
HEXIM1,HIST1H3H,1
HEXIM1,HIST1H2BL,1
HEXIM1,HIST1H2AI,1
HEXIM1,PCBP2,1
HEXIM1,AMOTL2,1
HEXIM1,SLC25A4,1
HEXIM1,CNOT7,1
HEXIM1,HIST1H4K,1
HEXIM1,CHCHD10,1
HEXIM1,HDAC2,1
HEXIM1,FOXJ3,1
HEXIM1,ABHD5,1
HEXIM1,SERTAD2,1
HEXIM1,PRDM5,1
HEXIM1,MATR3,1
HEXIM1,EWSR1,1
HEXIM1,HIST1H2BN,1
HEXIM1,HIST1H2AK,1
HEXIM1,COTL1,1
HEXIM1,SDC4,1
HEXIM1,CCN2,1
HEXIM1,HIST1H2BB,1
HEXIM1,CDC42SE2,1
HEXIM1,ZFP57,1
HEXIM1,KLF3,1
HEXIM1,RAD54B,1
HEXIM1,BCAT1,1
HEXIM1,P4HB,1
HEXIM1,JUND,1
HEXIM1,SMARCA4,1
HEXIM1,GZF1,1
HEXIM1,HDGF,1
HEXIM1,PAPOLA,1
HEXIM1,MDM2,1
HEXIM1,SIN3B,1
HEXIM1,PLAG1,1
HEXIM1,NFXL1,1
HEXIM1,POLR2J,1
HEXIM1,ERP29,1
HEXIM1,IRF1,1
HEXIM1,D230025D16RIK,1
HEXIM1,TPM4,1
HEXIM1,GTF3C1,1
HEXIM1,SNAPC3,1
HEXIM1,EP400,1
HEXIM1,ZFP398,1
HEXIM1,ID3,1
HEXIM1,NACC1,1
HEXIM1,TRIM13,1
HEXIM1,KHDRBS1,1
HEXIM1,MEIS3,1
HEXIM1,MAN1A2,1
HEXIM1,TXNIP,1
HEXIM1,DDX20,1
HEXIM1,TCEA1,1
HEXIM1,HIF3A,1
HEXIM1,NR2C1,1
HEXIM1,SRSF6,1
HEXIM1,CREB3,1
HEXIM1,ING1,1
HEXIM1,RNF6,1
HEXIM1,RBMXL2,1
HEXIM1,GRIN1,1
HEXIM1,TRIM28,1
HEXIM1,UBE2C,1
HEXIM1,HIST1H2BF,1
HEXIM1,BTF3,1
HEXIM1,TFRC,1
HEXIM1,HDLBP,1
HEXIM1,ANKRD6,1
HEXIM1,SLC7A6,1
HEXIM1,PDCD11,1
HEXIM1,DDX54,1
HEXIM1,ASH2L,1
HEXIM1,SMARCC1,1
HEXIM1,FHL2,1
HEXIM1,CNOT6,1
HEXIM1,F3,1
HEXIM1,RRM2,1
HEXIM1,HIST1H1D,1
HEXIM1,ZFP148,1
HEXIM1,SND1,1
HEXIM1,TEAD1,1
HEXIM1,IRF2,1
HEXIM1,NAA15,1
HEXIM1,ATP6V0A1,1
HEXIM1,ZBTB43,1
HEXIM1,KHDC3,1
HEXIM1,APEX1,1
HEXIM1,BNIP3,1
HEXIM1,NRG1,1
HEXIM1,HEY2,1
HEXIM1,CEBPZ,1
HEXIM1,TRRAP,1
HEXIM1,TCF4,1
HEXIM1,PLOD2,1
HEXIM1,EYA1,1
HEXIM1,KDM3A,1
HEXIM1,ATF6,1
HEXIM1,ZDHHC16,1
HEXIM1,RAB3IL1,1
HEXIM1,DNMT1,1
HEXIM1,YEATS4,1
HEXIM1,TUBB6,1
HEXIM1,NFATC3,1
HEXIM1,CALU,1
HEXIM1,ERCC8,1
HEXIM1,HIF1A,1
HEXIM1,MSC,1
HEXIM1,TFCP2L1,1
HEXIM1,DDB1,1
HEXIM1,TIMELESS,1
HEXIM1,NFE2L2,1
HEXIM1,BARD1,1
HEXIM1,MAFK,1
HEXIM1,FUBP3,1
HEXIM1,SFPQ,1
HEXIM1,MIS18BP1,1
HEXIM1,KRBA1,1
HEXIM1,HMGXB4,1
HEXIM1,THRAP3,1
HEXIM1,ELAVL2,1
HEXIM1,ZMYND11,1
HEXIM1,RFXAP,1
HEXIM1,CRY1,1
HEXIM1,APBB1,1
HEXIM1,PHF12,1
HEXIM1,STXBP2,1
HEXIM1,HS3ST1,1
HEXIM1,TRP53BP1,1
HEXIM1,PREB,1
HEXIM1,MPHOSPH8,1
HEXIM1,RBPJ,1
HEXIM1,MED31,1
HEXIM1,COPS2,1
HEXIM1,MLLT1,1
HEXIM1,PARP1,1
HEXIM1,FOXP1,1
HEXIM1,POLR3B,1
HEXIM1,SMURF2,1
HEXIM1,NFX1,1
HEXIM1,MCM3,1
HEXIM1,PA2G4,1
HEXIM1,BCLAF1,1
HEXIM1,TPD52,1
HEXIM1,PSIP1,1
HEXIM1,MEF2A,1
HEXIM1,MED21,1
HEXIM1,HNRNPAB,1
HEXIM1,RAD51,1
HEXIM1,MCM4,1
HEXIM1,ZFP219,1
HEXIM1,SRSF1,1
HEXIM1,GLIPR2,1
HEXIM1,COL4A2,1
HEXIM1,COL4A1,1
HEXIM1,ARHGAP29,1
HEXIM1,ELP2,1
HEXIM1,PHB2,1
HEXIM1,ZBTB24,1
HEXIM1,TCERG1,1
HEXIM1,ETV6,1
HEXIM1,CTNNB1,1
HEXIM1,ATF5,1
HEXIM1,TRIP11,1
HEXIM1,TCOF1,1
HEXIM1,IRF6,1
HEXIM1,ZFAND3,1
HEXIM1,SOAT1,1
HEXIM1,SERPINE2,1
HEXIM1,GNPDA1,1
HEXIM1,ARID1A,1
HEXIM1,MCM7,1
HEXIM1,ATM,1
HEXIM1,POLR3F,1
HEXIM1,DNAJC2,1
HEXIM1,E2F6,1
HEXIM1,DNAJC10,1
HEXIM1,DMRT1,1
HEXIM1,ZFP276,1
HEXIM1,ESPL1,1
HEXIM1,ANP32A,1
HEXIM1,SAP30,1
HEXIM1,HTT,1
HEXIM1,WBP11,1
HEXIM1,TBPL1,1
HEXIM1,POLR2H,1
HEXIM1,PKNOX2,1
HEXIM1,CSRP2,1
HEXIM1,VIM,1
HEXIM1,RNF19A,1
HEXIM1,HDAC1,1
HEXIM1,EIF4A2,1
HEXIM1,EDEM1,1
HEXIM1,SMAD3,1
HEXIM1,RRBP1,1
HEXIM1,POLR1B,1
HEXIM1,ASNS,1
HEXIM1,NFYA,1
HEXIM1,NEDD4,1
HEXIM1,MME,1
HEXIM1,HSBP1,1
HEXIM1,ZMYM2,1
HEXIM1,VSIR,1
HEXIM1,P3H4,1
HEXIM1,HSP90B1,1
HEXIM1,GLS,1
HEXIM1,ARNT2,1
HEXIM1,ARL6IP5,1
HEXIM1,ZFP335,1
HEXIM1,HNRNPD,1
HEXIM1,CRAMP1L,1
HEXIM1,TCF12,1
HEXIM1,POLR3D,1
HEXIM1,ATF7,1
HEXIM1,NR1D2,1
HEXIM1,BRPF1,1
HEXIM1,STARD10,1
HEXIM1,RBM14,1
HEXIM1,ZFHX3,1
HEXIM1,SIRT3,1
HEXIM1,CNOT3,1
HEXIM1,CALR,1
HEXIM1,SRSF3,1
HEXIM1,NME2,1
HEXIM1,INTS12,1
HEXIM1,CTH,1
HEXIM1,TAF1A,1
HEXIM1,CDC20,1
HEXIM1,RBL1,1
HEXIM1,RAI14,1
HEXIM1,RAB11A,1
HEXIM1,GTF3C5,1
HEXIM1,ASXL1,1
HEXIM1,SSB,1
HEXIM1,MKX,1
HEXIM1,HSF2,1
HEXIM1,HES6,1
HEXIM1,FAM234A,1
HEXIM1,NOTCH2,1
HEXIM1,MSH6,1
HEXIM1,COMMD3,1
HEXIM1,TAF5,1
HEXIM1,RERE,1
HEXIM1,NFATC2IP,1
HEXIM1,HMGB2,1
HEXIM1,TMF1,1
HEXIM1,RFX7,1
HEXIM1,PDIA6,1
HEXIM1,LAMC1,1
HEXIM1,CHST15,1
HEXIM1,XRCC6,1
HEXIM1,TULP3,1
HEXIM1,TOX4,1
HEXIM1,ALPL,1
HEXIM1,NFKBIA,1
HEXIM1,MCM6,1
HEXIM1,GAS6,1
HEXIM1,GABPA,1
HEXIM1,EBF4,1
HEXIM1,RYBP,1
HEXIM1,NRF1,1
HEXIM1,ADAM19,1
HEXIM1,NFE2L1,1
HEXIM1,PAWR,1
HEXIM1,EP300,1
HEXIM1,CTSL,1
HEXIM1,CTBP1,1
HEXIM1,CDC5L,1
HEXIM1,SUZ12,1
HEXIM1,LRP2,1
HEXIM1,KPNA2,1
HEXIM1,BTG1,1
HEXIM1,ZSWIM4,1
HEXIM1,MKRN1,1
HEXIM1,H1F0,1
HEXIM1,DIDO1,1
HEXIM1,MED4,1
HEXIM1,KDM5B,1
HEXIM1,HNRNPK,1
HEXIM1,TNFAIP3,1
HEXIM1,SUB1,1
HEXIM1,SPRY4,1
HEXIM1,PELP1,1
HEXIM1,BRCA1,1
HEXIM1,RNF2,1
HEXIM1,MLXIP,1
HEXIM1,LAMB1,1
HEXIM1,HOPX,1
HEXIM1,HDAC4,1
HEXIM1,GDPD5,1
HEXIM1,PHLDB2,1
HEXIM1,CNOT2,1
HEXIM1,XRCC5,1
HEXIM1,SOS2,1
HEXIM1,KLF9,1
HEXIM1,EZH1,1
HEXIM1,ELK4,1
HEXIM1,CTCF,1
HEXIM1,NRIP1,1
HEXIM1,TRIM24,1
HEXIM1,KLF2,1
HEXIM1,ETS1,1
HEXIM1,ESRRA,1
HEXIM1,DDB2,1
HEXIM1,TMED2,1
HEXIM1,RANBP17,1
HEXIM1,PMM1,1
HEXIM1,CTNNBL1,1
HEXIM1,ADAM23,1
HEXIM1,PIAS1,1
HEXIM1,ZEB1,1
HEXIM1,TOP2A,1
HEXIM1,MSX2,1
HEXIM1,CTSD,1
HEXIM1,SREBF1,1
HEXIM1,FXR1,1
HEXIM1,PIAS3,1
HEXIM1,MBD2,1
HEXIM1,BMP6,1
HEXIM1,GABARAPL2,1
HEXIM1,CAR2,1
HEXIM1,VEZF1,1
HEXIM1,KDELR2,1
HEXIM1,CENPB,1
HEXIM1,CCNG1,1
HEXIM1,BRD7,1
HEXIM1,ZFYVE21,1
HEXIM1,TOP2B,1
HEXIM1,MYH9,1
HEXIM1,IGF2,1
HEXIM1,GLI2,1
HEXIM1,XAB2,1
HEXIM1,UTF1,1
HEXIM1,MT1,1
HEXIM1,MLXIPL,1
HEXIM1,ING3,1
HEXIM1,MYO6,1
HEXIM1,MANF,1
HEXIM1,IKBKB,1
HEXIM1,HSPH1,1
HEXIM1,YBX1,1
HEXIM1,LDB1,1
HEXIM1,KIT,1
HEXIM1,FOXO1,1
HEXIM1,RBPMS2,1
HEXIM1,P3H1,1
HEXIM1,IMPDH1,1
HEXIM1,ZHX3,1
HEXIM1,POU4F2,1
HEXIM1,NCOR1,1
HEXIM1,LMO4,1
HEXIM1,CSF1,1
HEXIM1,BTBD11,1
HEXIM1,SLCO3A1,1
HEXIM1,PROX1,1
HEXIM1,FRRS1,1
HEXIM1,ZDHHC15,1
HEXIM1,TEAD4,1
HEXIM1,TAX1BP3,1
HEXIM1,PHC1,1
HEXIM1,JAM2,1
HEXIM1,POLR1A,1
HEXIM1,PDK1,1
HEXIM1,MGST3,1
HEXIM1,HIST1H1B,1
HEXIM1,ECT2,1
HEXIM1,BMPER,1
HEXIM1,TXNDC5,1
HEXIM1,TRH,1
HEXIM1,TIMP2,1
HEXIM1,ILK,1
HEXIM1,FGF4,1
HEXIM1,ATF2,1
HEXIM1,UCHL1,1
HEXIM1,TRIM25,1
HEXIM1,RIF1,1
HEXIM1,PHF1,1
HEXIM1,NR5A2,1
HEXIM1,MYBL2,1
HEXIM1,KLF10,1
HEXIM1,TOPORS,1
HEXIM1,SALL4,1
HEXIM1,RNF157,1
HEXIM1,POLR2I,1
HEXIM1,PHF20,1
HEXIM1,NR1D1,1
HEXIM1,JDP2,1
HEXIM1,L1TD1,1
HEXIM1,DAXX,1
HEXIM1,UHRF1,1
HEXIM1,NR2F6,1
HEXIM1,MCM5,1
HEXIM1,ID4,1
HEXIM1,HTRA1,1
HEXIM1,DNMT3A,1
HEXIM1,ZFP277,1
HEXIM1,TRIM32,1
HEXIM1,MARC2,1
HEXIM1,ILF3,1
HEXIM1,GSR,1
HEXIM1,DPP4,1
HEXIM1,AMPD2,1
HEXIM1,WWTR1,1
HEXIM1,POLR1E,1
HEXIM1,LOXL2,1
HEXIM1,GLUL,1
HEXIM1,CHD4,1
HEXIM1,ANXA5,1
HEXIM1,LGMN,1
HEXIM1,ELF4,1
HEXIM1,ECD,1
HEXIM1,CST3,1
HEXIM1,ANKRD54,1
HEXIM1,ZBTB10,1
HEXIM1,KLF13,1
HEXIM1,ASS1,1
HEXIM1,POLR2A,1
HEXIM1,KANK2,1
HEXIM1,BCAM,1
HEXIM1,BAZ1A,1
HEXIM1,ULK1,1
HEXIM1,SMAD2,1
HEXIM1,P4HA2,1
HEXIM1,ITGA6,1
HEXIM1,PDGFRA,1
HEXIM1,SIX1,1
HEXIM1,ODC1,1
HEXIM1,ZEB2,1
HEXIM1,RFX2,1
HEXIM1,JARID2,1
HEXIM1,B2M,1
HEXIM1,SRI,1
HEXIM1,PATZ1,1
HEXIM1,NDN,1
HEXIM1,MT2,1
HEXIM1,MED12,1
HEXIM1,ETV5,1
HEXIM1,SIRT2,1
HEXIM1,RUVBL1,1
HEXIM1,RFX5,1
HEXIM1,PRDM1,1
HEXIM1,POLR2B,1
HEXIM1,NR3C1,1
HEXIM1,MITF,1
HEXIM1,SORD,1
HEXIM1,SHROOM3,1
HEXIM1,PFKP,1
HEXIM1,ELF2,1
HEXIM1,BEND5,1
HEXIM1,YEATS2,1
HEXIM1,STAT5A,1
HEXIM1,PODXL,1
HEXIM1,MXD4,1
HEXIM1,LAMA1,1
HEXIM1,CREB3L2,1
HEXIM1,PLOD1,1
HEXIM1,GJB3,1
HEXIM1,FN1,1
HEXIM1,UNG,1
HEXIM1,SIN3A,1
HEXIM1,SEC24D,1
HEXIM1,GNAS,1
HEXIM1,GBX2,1
HEXIM1,FIZ1,1
HEXIM1,TADA3,1
HEXIM1,NFKB2,1
HEXIM1,CNOT6L,1
HEXIM1,TLE1,1
HEXIM1,TDH,1
HEXIM1,SMARCAD1,1
HEXIM1,SATB1,1
HEXIM1,OVOL1,1
HEXIM1,FABP3,1
HEXIM1,ZFP275,1
HEXIM1,TRIB3,1
HEXIM1,TCEA3,1
HEXIM1,MAPK8,1
HEXIM1,HMGA2,1
HEXIM1,PTPN14,1
HEXIM1,PAX6,1
HEXIM1,NCOA3,1
HEXIM1,CD63,1
HEXIM1,ANKRD49,1
HEXIM1,TET2,1
HEXIM1,SPOCK1,1
HEXIM1,MAML1,1
HEXIM1,KNTC1,1
HEXIM1,SOX7,1
HEXIM1,SOX2,1
HEXIM1,LRRK1,1
HEXIM1,LHX2,1
HEXIM1,KLF6,1
HEXIM1,FOXJ2,1
HEXIM1,BRWD1,1
HEXIM1,ZFP592,1
HEXIM1,SKIL,1
HEXIM1,PLOD3,1
HEXIM1,FOSL2,1
HEXIM1,CITED2,1
HEXIM1,NFYB,1
HEXIM1,EPS8,1
HEXIM1,CREB5,1
HEXIM1,MAZ,1
HEXIM1,KAT6B,1
HEXIM1,EED,1
HEXIM1,DCXR,1
HEXIM1,TUBA4A,1
HEXIM1,SSR3,1
HEXIM1,PLAGL2,1
HEXIM1,MEIS1,1
HEXIM1,LRPAP1,1
HEXIM1,CTBP2,1
HEXIM1,ZFP91,1
HEXIM1,TXNDC12,1
HEXIM1,TOX3,1
HEXIM1,NR4A1,1
HEXIM1,COBL,1
HEXIM1,UPP1,1
HEXIM1,TTF2,1
HEXIM1,RUNX1,1
HEXIM1,ME1,1
HEXIM1,FRMD4A,1
HEXIM1,EMP2,1
HEXIM1,PEG3,1
HEXIM1,MED15,1
HEXIM1,ZFP281,1
HEXIM1,POLR2E,1
HEXIM1,PHF2,1
HEXIM1,HNF1B,1
HEXIM1,GTF2A1L,1
HEXIM1,GLDC,1
HEXIM1,CTSA,1
HEXIM1,EPHA2,1
HEXIM1,CRIP2,1
HEXIM1,MAPK11,1
HEXIM1,CBX6,1
HEXIM1,POLR1C,1
HEXIM1,MOV10,1
HEXIM1,LAMA5,1
HEXIM1,CKB,1
HEXIM1,BMI1,1
HEXIM1,PATJ,1
HEXIM1,ZFP446,1
HEXIM1,NUP210,1
HEXIM1,ZFP979,1
HEXIM1,TET1,1
HEXIM1,MYBBP1A,1
HEXIM1,RLIM,1
HEXIM1,GTF2I,1
HEXIM1,GRHL1,1
HEXIM1,DEK,1
HEXIM1,TAF6L,1
HEXIM1,SLC25A5,1
HEXIM1,RARA,1
HEXIM1,ELL3,1
HEXIM1,COIL,1
HEXIM1,TAF6,1
HEXIM1,SURF4,1
HEXIM1,HOXD13,1
HEXIM1,HMCES,1
HEXIM1,ZFP423,1
HEXIM1,PLTP,1
HEXIM1,MEN1,1
HEXIM1,RELA,1
HEXIM1,AIP,1
HEXIM1,TIMP3,1
HEXIM1,PCBD1,1
HEXIM1,IGFBP2,1
HEXIM1,FGF3,1
HEXIM1,ATP13A3,1
HEXIM1,XBP1,1
HEXIM1,TFAP2C,1
HEXIM1,SMURF1,1
HEXIM1,SELENOW,1
HEXIM1,NID1,1
HEXIM1,NFIA,1
HEXIM1,E2F2,1
HEXIM1,CCNB1,1
HEXIM1,ZFP296,1
HEXIM1,SEMA4C,1
HEXIM1,PDCD4,1
HEXIM1,OBSL1,1
HEXIM1,NDRG1,1
HEXIM1,MYMX,1
HEXIM1,LDLRAP1,1
HEXIM1,TRP53,1
HEXIM1,PHF14,1
HEXIM1,HIP1,1
HEXIM1,DAZAP2,1
HEXIM1,RCOR2,1
HEXIM1,PARVB,1
HEXIM1,CTSZ,1
HEXIM1,ABTB1,1
HEXIM1,ZFP768,1
HEXIM1,JMJD1C,1
HEXIM1,L3MBTL2,1
HEXIM1,ETV3,1
HEXIM1,ELL2,1
HEXIM1,DKK1,1
HEXIM1,BIN1,1
HEXIM1,2410141K09RIK,1
HEXIM1,PITX2,1
HEXIM1,MAPK13,1
HEXIM1,MAML3,1
HEXIM1,GPX3,1
HEXIM1,JUN,1
HEXIM1,HSF2BP,1
HEXIM1,FXYD6,1
HEXIM1,ABT1,1
HEXIM1,TBX3,1
HEXIM1,NSD1,1
HEXIM1,SNAI1,1
HEXIM1,NOTUM,1
HEXIM1,CLCN5,1
HEXIM1,CBX8,1
HEXIM1,TAF10,1
HEXIM1,HSPB1,1
HEXIM1,HDAC3,1
HEXIM1,BASP1,1
HEXIM1,TFAP4,1
HEXIM1,MYC,1
HEXIM1,FOXO3,1
HEXIM1,CKAP4,1
HEXIM1,ANXA2,1
HEXIM1,TMEM150A,1
HEXIM1,TCF7,1
HEXIM1,RARG,1
HEXIM1,ATF3,1
HEXIM1,SOX4,1
HEXIM1,HSPG2,1
HEXIM1,CHD7,1
HEXIM1,APP,1
HEXIM1,TNK2,1
HEXIM1,TENM4,1
HEXIM1,FAM129B,1
HEXIM1,RBBP7,1
HEXIM1,EOMES,1
HEXIM1,RB1,1
HEXIM1,FGFR3,1
HEXIM1,ETV4,1
JARID2,SFI1,1
JARID2,HOXD13,1
JARID2,HDAC2,1
JARID2,BMP6,1
JARID2,MAML3,1
JARID2,IRF2,1
JARID2,SLCO3A1,1
JARID2,ESRRB,1
JARID2,OVOL1,1
JARID2,FGF3,1
JARID2,HTRA1,1
JARID2,COL27A1,1
JARID2,CREB5,1
JARID2,FOXP1,1
JARID2,NPAS2,1
JARID2,LHX2,1
JARID2,FGFR3,1
JARID2,NFIA,1
JARID2,TWIST1,1
JARID2,GNAS,1
JARID2,LRRK1,1
JARID2,MLXIPL,1
JARID2,CSF1,1
JARID2,FST,1
JARID2,BMPER,1
JARID2,COL4A2,1
JARID2,COL4A1,1
JARID2,TBX18,1
JARID2,FOXQ1,1
JARID2,PKNOX2,1
JARID2,EMX2,1
JARID2,SOX7,1
JARID2,SERPINE2,1
JARID2,BMI1,1
JARID2,NR2F2,1
JARID2,GRB10,1
JARID2,POU4F2,1
JARID2,FRMD4A,1
JARID2,CITED1,1
JARID2,PTH1R,1
JARID2,MSX2,1
JARID2,MED4,1
JARID2,PAX1,1
JARID2,EBF1,1
JARID2,BTBD11,1
JARID2,NFATC1,1
JARID2,APP,1
JARID2,ZEB2,1
JARID2,EOMES,1
JARID2,CHST15,1
JARID2,IGF2,1
JARID2,TOX3,1
JARID2,HOPX,1
JARID2,HIST1H2AC,1
JARID2,HMGA2,1
JARID2,SPOCK1,1
JARID2,EBF4,1
JARID2,HIVEP2,1
JARID2,PDGFRA,1
JARID2,FHL2,1
JARID2,SMARCC2,1
JARID2,DMRT1,1
JARID2,PODXL,1
JARID2,SATB1,1
JARID2,PAX6,1
JARID2,SOX4,1
JARID2,BAZ1A,1
JARID2,ZFPM1,1
JARID2,P4HA2,1
JARID2,GDPD5,1
JARID2,HIST1H2BN,1
JARID2,HIST1H2AK,1
JARID2,GAS6,1
JARID2,JUN,1
JARID2,ID4,1
JARID2,E2F6,1
JARID2,PAX8,1
JARID2,SIX1,1
JARID2,NRG1,1
JARID2,HIST1H2BL,1
JARID2,HIST1H2AI,1
JARID2,SATB2,1
JARID2,FOXA2,1
JARID2,HS3ST1,1
JARID2,TOX4,1
JARID2,PITX2,1
JARID2,PRRX2,1
JARID2,ZBTB10,1
JARID2,MSC,1
JARID2,AIP,1
JARID2,HNF1B,1
JARID2,HIST1H2BK,1
JARID2,SOS2,1
JARID2,GATA3,1
JARID2,CUX1,1
JARID2,RFXAP,1
JARID2,EYA1,1
JARID2,LRP2,1
JARID2,FOSL2,1
JARID2,NDN,1
JARID2,BIN1,1
JARID2,DPP4,1
JARID2,ETS1,1
JARID2,BARX1,1
JARID2,HEY2,1
JARID2,ZFP398,1
JARID2,DKK1,1
JARID2,POU6F1,1
JARID2,HIST1H1D,1
JARID2,ODC1,1
JARID2,TIMP2,1
JARID2,ILF2,1
JARID2,ID3,1
JARID2,OBSL1,1
JARID2,THBD,1
JARID2,PHLDB2,1
JARID2,POU4F1,1
JARID2,KHDC3,1
JARID2,LAMB1,1
JARID2,STARD10,1
JARID2,FGF10,1
JARID2,MEIS1,1
JARID2,PTPN14,1
JARID2,ARHGAP29,1
JARID2,SOX17,1
JARID2,ABHD5,1
JARID2,TIMP3,1
JARID2,SMARCA2,1
JARID2,MLLT1,1
JARID2,ATF3,1
JARID2,DTX1,1
JARID2,CALCOCO1,1
JARID2,ZFHX3,1
JARID2,VIM,1
JARID2,HIST1H2BB,1
JARID2,NFIL3,1
JARID2,FOXD3,1
JARID2,DAB2,1
JARID2,MORC4,1
JARID2,EPAS1,1
JARID2,MKX,1
JARID2,ELF2,1
JARID2,JDP2,1
JARID2,NOTUM,1
JARID2,PHLDA3,1
JARID2,GLDC,1
JARID2,KDM3A,1
JARID2,MEF2C,1
JARID2,ZYX,1
JARID2,GRIN1,1
JARID2,ELF1,1
JARID2,ARID1A,1
JARID2,MED31,1
JARID2,PITX1,1
JARID2,CEMIP,1
JARID2,B2M,1
JARID2,OTX2,1
JARID2,PEG3,1
JARID2,FOXJ2,1
JARID2,HES6,1
JARID2,TFAP2C,1
JARID2,CLCN5,1
JARID2,PLOD2,1
JARID2,VSIR,1
JARID2,DDX20,1
JARID2,MRAS,1
JARID2,LAMA1,1
JARID2,BEND5,1
JARID2,GATA4,1
JARID2,STAT5B,1
JARID2,CHD5,1
JARID2,IRF4,1
JARID2,TENM4,1
JARID2,ELAVL2,1
JARID2,SMAD3,1
JARID2,SGK1,1
JARID2,ME1,1
JARID2,CAR2,1
JARID2,ARNT2,1
JARID2,STAT5A,1
JARID2,PHF2,1
JARID2,ZBTB39,1
JARID2,COMMD3,1
JARID2,MAPK13,1
JARID2,MT1,1
JARID2,IMPDH1,1
JARID2,HDAC7,1
JARID2,ASS1,1
JARID2,TCF12,1
JARID2,HDGF,1
JARID2,SRI,1
JARID2,HIST1H2BF,1
JARID2,P3H4,1
JARID2,EPHA4,1
JARID2,ZFP277,1
JARID2,EGR1,1
JARID2,SNAI1,1
JARID2,SEMA4C,1
JARID2,HIST1H4K,1
JARID2,RBMXL2,1
JARID2,PATJ,1
JARID2,SHROOM3,1
JARID2,ADAM19,1
JARID2,SLC7A6,1
JARID2,SLC25A4,1
JARID2,TRP53,1
JARID2,SCMH1,1
JARID2,TNFAIP3,1
JARID2,KIT,1
JARID2,SIX5,1
JARID2,GBX2,1
JARID2,MAFK,1
JARID2,COTL1,1
JARID2,NDRG1,1
JARID2,ARHGEF40,1
JARID2,EPS8,1
JARID2,ZEB1,1
JARID2,ELP2,1
JARID2,HSPB1,1
JARID2,PROX1,1
JARID2,CDKN1A,1
JARID2,NOTCH2,1
JARID2,APBB1,1
JARID2,RAB3IL1,1
JARID2,CNOT6L,1
JARID2,MAN1A2,1
JARID2,TCF7L2,1
JARID2,RNF157,1
JARID2,PRDM5,1
JARID2,PRDM14,1
JARID2,NRIP1,1
JARID2,DCP1A,1
JARID2,CRY1,1
JARID2,RNF6,1
JARID2,CHD7,1
JARID2,GATA6,1
JARID2,BASP1,1
JARID2,ANXA5,1
JARID2,CNOT8,1
JARID2,ANKRD6,1
JARID2,ZFP276,1
JARID2,FOXJ3,1
JARID2,ATF4,1
JARID2,H1F0,1
JARID2,RUNX1,1
JARID2,TRIM28,1
JARID2,KLF3,1
JARID2,AIRE,1
JARID2,EMP2,1
JARID2,F3,1
JARID2,DNMT3A,1
JARID2,ZFP423,1
JARID2,TPM4,1
JARID2,ITPK1,1
JARID2,KRT8,1
JARID2,MYCN,1
JARID2,HIST1H1A,1
JARID2,TUBA4A,1
JARID2,SIRT2,1
JARID2,TRRAP,1
JARID2,EIF4A2,1
JARID2,MED15,1
JARID2,HSBP1,1
JARID2,ALPL,1
JARID2,RB1,1
JARID2,IGFBP2,1
JARID2,IRF6,1
JARID2,GTF3C5,1
JARID2,EP400,1
JARID2,NR3C1,1
JARID2,TFEB,1
JARID2,KAT6B,1
JARID2,POLR3B,1
JARID2,DUSP9,1
JARID2,FLRT3,1
JARID2,TCF20,1
JARID2,NR2C1,1
JARID2,TXNDC5,1
JARID2,POLR2J,1
JARID2,2200002D01RIK,1
JARID2,PBX4,1
JARID2,MYO6,1
JARID2,PMS1,1
JARID2,RUVBL2,1
JARID2,SOAT1,1
JARID2,LDLRAP1,1
JARID2,XRCC6,1
JARID2,POLR3D,1
JARID2,RNF14,1
JARID2,MARC2,1
JARID2,P4HA1,1
JARID2,ZBTB38,1
JARID2,SNURF,1
JARID2,NUP210,1
JARID2,FAM234A,1
JARID2,MT2,1
JARID2,HIP1,1
JARID2,SRRT,1
JARID2,RRBP1,1
JARID2,TLE1,1
JARID2,FN1,1
JARID2,EZH2,1
JARID2,LOXL2,1
JARID2,PMM1,1
JARID2,FXYD6,1
JARID2,ELF4,1
JARID2,SP1,1
JARID2,GLIPR2,1
JARID2,BCAT1,1
JARID2,GLI2,1
JARID2,PREB,1
JARID2,EFEMP2,1
JARID2,CREB3L2,1
JARID2,TUBB6,1
JARID2,KLF2,1
JARID2,TCF7,1
JARID2,SNAPC3,1
JARID2,NID1,1
JARID2,MITF,1
JARID2,VEZF1,1
JARID2,NFXL1,1
JARID2,MDM2,1
JARID2,SMARCA5,1
JARID2,IRF1,1
JARID2,BNIP3,1
JARID2,HSPH1,1
JARID2,ECD,1
JARID2,CBX8,1
JARID2,MEIS3,1
JARID2,MCM7,1
JARID2,COIL,1
JARID2,CRIP2,1
JARID2,CEBPZ,1
JARID2,GLS,1
JARID2,GABPA,1
JARID2,SAT1,1
JARID2,DNMT1,1
JARID2,AMOTL2,1
JARID2,D230025D16RIK,1
JARID2,CBX7,1
JARID2,HSPG2,1
JARID2,PDCD11,1
JARID2,INTS12,1
JARID2,TRIB3,1
JARID2,STARD8,1
JARID2,CDC42SE2,1
JARID2,TCEA3,1
JARID2,INSIG1,1
JARID2,ZFP446,1
JARID2,CTCF,1
JARID2,ZHX3,1
JARID2,GLUL,1
JARID2,OPLAH,1
JARID2,HIF3A,1
JARID2,E2F2,1
JARID2,DNAJC2,1
JARID2,POLR3F,1
JARID2,RASGRP2,1
JARID2,PHF12,1
JARID2,MYMX,1
JARID2,KRBA1,1
JARID2,CNOT7,1
JARID2,CALR,1
JARID2,TOPORS,1
JARID2,SREBF1,1
JARID2,RBL1,1
JARID2,ANKRD54,1
JARID2,SMARCB1,1
JARID2,RCOR2,1
JARID2,TFAP4,1
JARID2,SSR3,1
JARID2,RAPGEF3,1
JARID2,IRF3,1
JARID2,DR1,1
JARID2,SLC16A1,1
JARID2,MME,1
JARID2,BARD1,1
JARID2,NFX1,1
JARID2,HIST1H3H,1
JARID2,PIAS1,1
JARID2,ABT1,1
JARID2,GTF2H3,1
JARID2,EED,1
JARID2,SIRT3,1
JARID2,NME2,1
JARID2,ASNS,1
JARID2,PRDM1,1
JARID2,P3H1,1
JARID2,CUX2,1
JARID2,CENPB,1
JARID2,SMARCAD1,1
JARID2,POLR1B,1
JARID2,ASXL1,1
JARID2,ETV3,1
JARID2,CREB3,1
JARID2,ANXA2,1
JARID2,ESPL1,1
JARID2,TIMELESS,1
JARID2,SRF,1
JARID2,MTF2,1
JARID2,SRSF3,1
JARID2,NCOA3,1
JARID2,TRH,1
JARID2,FABP3,1
JARID2,PDIA6,1
JARID2,CBX4,1
JARID2,TDH,1
JARID2,JMJD1C,1
JARID2,HSP90AA1,1
JARID2,ATF5,1
JARID2,TRIP11,1
JARID2,RAD51,1
JARID2,PA2G4,1
JARID2,HSPA5,1
JARID2,HMGXB3,1
JARID2,PATZ1,1
JARID2,KLF9,1
JARID2,TMEM150A,1
JARID2,SOX15,1
JARID2,PURA,1
JARID2,GRHL1,1
JARID2,ERCC8,1
JARID2,GTF2A1L,1
JARID2,FUS,1
JARID2,UNG,1
JARID2,TCEA1,1
JARID2,ELK4,1
JARID2,CTSL,1
JARID2,BTF3,1
JARID2,AATF,1
JARID2,TRIM25,1
JARID2,THRAP3,1
JARID2,TFRC,1
JARID2,SELENOW,1
JARID2,GABARAPL2,1
JARID2,CTSA,1
JARID2,MEF2A,1
JARID2,EWSR1,1
JARID2,CDC20,1
JARID2,BCLAF1,1
JARID2,ADAM23,1
JARID2,XBP1,1
JARID2,UPP1,1
JARID2,PARP1,1
JARID2,MAZ,1
JARID2,SP8,1
JARID2,MIS18BP1,1
JARID2,CCN2,1
JARID2,TGFB1,1
JARID2,MEF2D,1
JARID2,SDC4,1
JARID2,KDELR2,1
JARID2,ARNTL,1
JARID2,ERP29,1
JARID2,YEATS2,1
JARID2,SMURF1,1
JARID2,NDRG4,1
JARID2,TBPL1,1
JARID2,PLAG1,1
JARID2,RAD54B,1
JARID2,GNPDA1,1
JARID2,KHDRBS1,1
JUN,FBLIM1,1
JUN,DDIT3,1
JUN,RELA,1
JUN,TAGLN2,1
JUN,VIM,1
JUN,TPM4,1
JUN,F3,1
JUN,SFI1,1
JUN,ABHD5,1
JUN,SOX2,1
KDM5B,SFI1,1
KLF4,ASS1,1
KLF4,KLF3,1
KLF4,HDAC4,1
KLF4,HSP90AA1,1
KLF4,TADA3,1
KLF4,MBD2,1
KLF4,SERTAD2,1
KLF4,KNTC1,1
KLF4,NDRG1,1
KLF4,NCOA3,1
KLF4,FXR1,1
KLF4,RUVBL2,1
KLF4,DDX20,1
KLF4,POLR2E,1
KLF4,CDC42SE2,1
KLF4,VIM,1
KLF4,ABTB1,1
KLF4,KLF13,1
KLF4,KDM3A,1
KLF4,ODC1,1
KLF4,AIP,1
KLF4,NOTCH1,1
KLF4,TUBB6,1
KLF4,LAMC1,1
KLF4,SFI1,1
KLF4,RIF1,1
KLF4,ZFP276,1
KLF4,BRPF1,1
KLF4,ANXA5,1
KLF4,LDLRAP1,1
KLF4,RBL1,1
KLF4,SIRT1,1
KLF4,LAMB2,1
KLF4,FUBP3,1
KLF4,DCP1A,1
KLF4,RAB11A,1
KLF4,ANKRD6,1
KLF4,RYBP,1
KLF4,HDLBP,1
KLF4,GSR,1
KLF4,MTF2,1
KLF4,FUS,1
KLF4,HNRNPD,1
KLF4,ESRRA,1
KLF4,CALCOCO1,1
KLF4,SLC16A1,1
KLF4,SPRY4,1
KLF4,MAPK8,1
KLF4,PHF12,1
KLF4,MAFK,1
KLF4,CTNNBIP1,1
KLF4,ANXA2,1
KLF4,SNAPC3,1
KLF4,RNF14,1
KLF4,ELF2,1
KLF4,ILK,1
KLF4,ATF4,1
KLF4,MIS18BP1,1
KLF4,SDC4,1
KLF4,GTF3C5,1
KLF4,TAF9,1
KLF4,ASXL1,1
KLF4,ELK4,1
KLF4,FAM234A,1
KLF4,PHF1,1
KLF4,ZFP335,1
KLF4,FRRS1,1
KLF4,CTNNB1,1
KLF4,ASNS,1
KLF4,DAZAP2,1
KLF4,PHF20,1
KLF4,KHDRBS1,1
KLF4,MGST3,1
KLF4,NOTCH2,1
KLF4,PDK1,1
KLF4,LMF2,1
KLF4,NFKBIA,1
KLF4,TMEM150A,1
KLF4,RNF19A,1
KLF4,TXNIP,1
KLF4,CALR,1
KLF4,CHCHD10,1
KLF4,CREB3,1
KLF4,ZFP42,1
KLF4,TRIB3,1
KLF4,RB1,1
KLF4,POLR3B,1
KLF4,DDB1,1
KLF4,ZBTB10,1
KLF4,TCOF1,1
KLF4,PLTP,1
KLF4,TCF4,1
KLF4,ATF7,1
KLF4,JUND,1
KLF4,CRAMP1L,1
KLF4,SREBF1,1
KLF4,PELP1,1
KLF4,TUBB2B,1
KLF4,TEAD1,1
KLF4,PTPN14,1
KLF4,EZH1,1
KLF4,ANKS1,1
KLF4,POLR2A,1
KLF4,SRSF6,1
KLF4,ATF2,1
KLF4,GLS,1
KLF4,CDKN1A,1
KLF4,NR5A2,1
KLF4,BCLAF1,1
KLF4,GNPDA1,1
KLF4,POLR3F,1
KLF4,INTS12,1
KLF4,TEAD4,1
KLF4,IRF2,1
KLF4,AMOTL2,1
KLF4,TDGF1,1
KLF4,BRWD1,1
KLF4,NID1,1
KLF4,SKIL,1
KLF4,RLIM,1
KLF4,NUPR1,1
KLF4,FOXJ3,1
KLF4,MSH6,1
KLF4,SMAD2,1
KLF4,PHF14,1
KLF4,MT2,1
KLF4,CST3,1
KLF4,TRIM13,1
KLF4,KLF10,1
KLF4,POU2F1,1
KLF4,NFYB,1
KLF4,CRIP2,1
KLF4,TRRAP,1
KLF4,MYH9,1
KLF4,RBM14,1
KLF4,TINAGL1,1
KLF4,MYMX,1
KLF4,KRT8,1
KLF4,POLR3D,1
KLF4,ECD,1
KLF4,PIAS1,1
KLF4,NEDD4,1
KLF4,ETV1,1
KLF4,SMARCB1,1
KLF4,XRCC6,1
KLF4,AMPD2,1
KLF4,CKAP4,1
KLF4,CSRP2,1
KLF4,CTCF,1
KLF4,CD63,1
KLF4,SMURF2,1
KLF4,ARHGAP29,1
KLF4,PCBP2,1
KLF4,NFE2L1,1
KLF4,FOXO3,1
KLF4,DDX5,1
KLF4,2200002D01RIK,1
KLF4,DNAJC10,1
KLF4,AGAP3,1
KLF4,SND1,1
KLF4,FAM129B,1
KLF4,RARG,1
KLF4,PLAG1,1
KLF4,RAB3IL1,1
KLF4,PHLDA3,1
KLF4,GLIPR2,1
KLF4,TAGLN2,1
KLF4,KRBA1,1
KLF4,OPLAH,1
KLF4,HMCES,1
KLF4,THRAP3,1
KLF4,HES6,1
KLF4,KLF9,1
KLF4,BNIP3,1
KLF4,TRIM25,1
KLF4,APEX1,1
KLF4,ZFAND3,1
KLF4,CALU,1
KLF4,YEATS4,1
KLF4,PODXL,1
KLF4,PA2G4,1
KLF4,NOTCH4,1
KLF4,BARD1,1
KLF4,MED21,1
KLF4,SOCS2,1
KLF4,GABBR1,1
KLF4,WWTR1,1
KLF4,ABT1,1
KLF4,ING1,1
KLF4,IMPDH1,1
KLF4,ERP29,1
KLF4,PHC1,1
KLF4,EDEM1,1
KLF4,STXBP2,1
KLF4,MAPK11,1
KLF4,TMF1,1
KLF4,NFYA,1
KLF4,POLR1E,1
KLF4,TAX1BP3,1
KLF4,DR1,1
KLF4,RNF6,1
KLF4,PLRG1,1
KLF4,IRF6,1
KLF4,PDIA6,1
KLF4,ELAVL2,1
KLF4,MYO6,1
KLF4,PATJ,1
KLF4,HEY2,1
KLF4,FIZ1,1
KLF4,SSB,1
KLF4,TCF7L2,1
KLF4,ATF3,1
KLF4,MEF2A,1
KLF4,L1TD1,1
KLF4,TRIM28,1
KLF4,TULP3,1
KLF4,TRIP6,1
KLF4,RELA,1
KLF4,NFATC3,1
KLF4,ETS1,1
KLF4,RANBP17,1
KLF4,FDPS,1
KLF4,POLR1B,1
KLF4,HMGXB4,1
KLF4,REST,1
KLF4,LDB1,1
KLF4,NME2,1
KLF4,ELF1,1
KLF4,RNF2,1
KLF4,RBPMS2,1
KLF4,PARP1,1
KLF4,HTT,1
KLF4,FRMD4A,1
KLF4,SURF4,1
KLF4,DEK,1
KLF4,MPHOSPH8,1
KLF4,CITED2,1
KLF4,SMURF1,1
KLF4,MATR3,1
KLF4,NACC1,1
KLF4,ZFP768,1
KLF4,RBFOX2,1
KLF4,EP300,1
KLF4,ME1,1
KLF4,MAZ,1
KLF4,NFIB,1
KLF4,HSPB1,1
KLF4,SMARCC1,1
KLF4,MYLPF,1
KLF4,KLF8,1
KLF4,ERF,1
KLF4,ZFHX3,1
KLF4,KANK2,1
KLF4,CTBP1,1
KLF4,RAPGEF3,1
KLF4,PHB2,1
KLF4,MYBL2,1
KLF4,SAP30,1
KLF4,LRPAP1,1
KLF4,TRIM24,1
KLF4,TFCP2L1,1
KLF4,NRG1,1
KLF4,TPM4,1
KLF4,DDB2,1
KLF4,UBP1,1
KLF4,ITGA6,1
KLF4,BCAM,1
KLF4,SRSF3,1
KLF4,NFE2L2,1
KLF4,GLIS2,1
KLF4,DIDO1,1
KLF4,ILF3,1
KLF4,NFXL1,1
KLF4,UCHL1,1
KLF4,TBPL1,1
KLF4,SP1,1
KLF4,ARNTL,1
KLF4,MEF2D,1
KLF4,RBPJ,1
KLF4,AU018091,1
KLF4,CTSD,1
KLF4,RBBP7,1
KLF4,PIAS3,1
KLF4,CREB5,1
KLF4,TCF12,1
KLF4,SMARCA4,1
KLF4,EIF4A2,1
KLF4,CNOT7,1
KLF4,PSIP1,1
KLF4,P3H1,1
KLF4,TBL1X,1
KLF4,CNOT6,1
KLF4,ATF6,1
KLF4,SPRY2,1
KLF4,SMARCD1,1
KLF4,MORF4L2,1
KLF4,NR1D2,1
KLF4,GLUL,1
KLF4,TOPORS,1
KLF4,TFRC,1
KLF4,IRF1,1
KLF4,PFKP,1
KLF4,CREB3L2,1
KLF4,APBB1,1
KLF4,ZMYM2,1
KLF4,RARA,1
KLF4,RFX2,1
KLF4,GRB10,1
KLF4,USF1,1
KLF4,SIX5,1
KLF4,SRI,1
KLF4,RRBP1,1
KLF4,PLAGL2,1
KLF4,NFKB2,1
KLF4,JMJD1C,1
KLF4,TIMELESS,1
KLF4,EZH2,1
KLF4,HIST1H4K,1
KLF4,ZDHHC16,1
KLF4,UHRF1,1
KLF4,TSPAN9,1
KLF4,CIC,1
KLF4,UPP1,1
KLF4,TCERG1,1
KLF4,KPNA2,1
KLF4,MAML1,1
KLF4,HMGA1,1
KLF4,HIVEP2,1
KLF4,E2F1,1
KLF4,PRSS35,1
KLF4,MME,1
KLF4,DNAJC2,1
KLF4,ZFPM1,1
KLF4,DDX54,1
KLF4,SMARCA5,1
KLF4,SLC25A4,1
KLF4,YEATS2,1
KLF4,RFX7,1
KLF4,RBBP4,1
KLF4,TLE1,1
KLF4,NR2F6,1
KLF4,KDM5B,1
KLF4,SGK1,1
KLF4,ABHD5,1
KLF4,TDH,1
KLF4,EP400,1
KLF4,ZEB2,1
KLF4,TXNDC5,1
KLF4,TSG101,1
KLF4,SIN3A,1
KLF4,HEXIM1,1
KLF4,DDAH2,1
KLF4,PLOD2,1
KLF4,ZFP148,1
KLF4,XBP1,1
KLF4,NR1H2,1
KLF4,ANKRD49,1
KLF4,BTF3,1
KLF4,PITX1,1
KLF4,FOXP1,1
KLF4,SERPINH1,1
KLF4,TFEB,1
KLF4,KEAP1,1
KLF4,ZFP91,1
KLF4,ZFP592,1
KLF4,TAF10,1
KLF4,TGFB1,1
KLF4,PMM1,1
KLF4,HMGA1B,1
KLF4,CDC5L,1
KLF4,ELP2,1
KLF4,MED31,1
KLF4,P4HA2,1
KLF4,ATF1,1
KLF4,MLLT1,1
KLF4,BEND5,1
KLF4,HMGB2,1
KLF4,CNOT2,1
KLF4,ZHX3,1
KLF4,SRM,1
KLF4,POU6F1,1
KLF4,MARC2,1
KLF4,CENPB,1
KLF4,P4HA1,1
KLF4,MAPK13,1
KLF4,RAI14,1
KLF4,VEZF1,1
KLF4,LMO4,1
KLF4,HNRNPK,1
KLF4,ATF5,1
KLF4,NFX1,1
KLF4,HDGF,1
KLF4,NR3C1,1
KLF4,ZBTB3,1
KLF4,ZFYVE21,1
KLF4,JARID2,1
KLF4,SRSF1,1
KLF4,SRRT,1
KLF4,HIST1H2AC,1
KLF4,ITPK1,1
KLF4,XRCC5,1
KLF4,PCOLCE,1
KLF4,CCNG1,1
KLF4,ZBTB43,1
KLF4,MCM6,1
KLF4,SIRT2,1
KLF4,KAT6B,1
KLF4,NUP210,1
KLF4,HIST1H1D,1
KLF4,ELL2,1
KLF4,UBE2C,1
KLF4,P4HB,1
KLF4,ORC2,1
KLF4,CDC20,1
KLF4,NFATC4,1
KLF4,TCEA3,1
KLF4,SMARCC2,1
KLF4,SEMA4C,1
KLF4,MSC,1
KLF4,DNMT1,1
KLF4,NANOG,1
KLF4,FXR2,1
KLF4,COBL,1
KLF4,CCN2,1
KLF4,TGFB1I1,1
KLF4,LOXL2,1
KLF4,BMI1,1
KLF4,SHROOM3,1
KLF4,PAWR,1
KLF4,ETV5,1
KLF4,SERPINE2,1
KLF4,BRD7,1
KLF4,TPD52,1
KLF4,PURA,1
KLF4,BTAF1,1
KLF4,HNRNPAB,1
KLF4,HSPG2,1
KLF4,ZDHHC15,1
KLF4,SPEN,1
KLF4,TNK2,1
KLF4,CBX8,1
KLF4,MCM4,1
KLF4,HDAC2,1
KLF4,LY6G6E,1
KLF4,RUNX1,1
KLF4,ERCC8,1
KLF4,HDAC11,1
KLF4,POLR2I,1
KLF4,MAN1A2,1
KLF4,FABP3,1
KLF4,L3MBTL2,1
KLF4,SATB2,1
KLF4,CTSZ,1
KLF4,ILF2,1
KLF4,ELL3,1
KLF4,TBX3,1
KLF4,B2M,1
KLF4,SLC7A6,1
KLF4,NRIP1,1
KLF4,GTF2A1L,1
KLF4,LAMA1,1
KLF4,HIST1H2BK,1
KLF4,POLR1A,1
KLF4,PLAT,1
KLF4,NR4A1,1
KLF4,RCC2,1
KLF4,ETV4,1
KLF4,SUB1,1
KLF4,F3,1
KLF4,PLOD1,1
KLF4,HOXD13,1
KLF4,TSHZ3,1
KLF4,SOAT1,1
KLF4,SUZ12,1
KLF4,NCOR1,1
KLF4,TUBA4A,1
KLF4,ZBTB7A,1
KLF4,FBLIM1,1
KLF4,GATA3,1
KLF4,TMSB4X,1
KLF4,HDAC7,1
KLF4,RERE,1
KLF4,SPP1,1
KLF4,HIST1H2BN,1
KLF4,HIST1H2AK,1
KLF4,FOXQ1,1
KLF4,SELENOW,1
KLF4,GDPD5,1
KLF4,ZFP281,1
KLF4,MLXIPL,1
KLF4,TCF7,1
KLF4,MRAS,1
KLF4,ZSCAN10,1
KLF4,GRHL1,1
KLF4,PLOD3,1
KLF4,FGFR3,1
KLF4,BTBD11,1
KLF4,SALL4,1
KLF4,FOSL2,1
KLF4,LEFTY1,1
KLF4,HSP90B1,1
KLF4,SLCO3A1,1
KLF4,IFI30,1
KLF4,HIST1H2BL,1
KLF4,HIST1H2AI,1
KLF4,ADAM23,1
KLF4,MYBBP1A,1
KLF4,TCL1,1
KLF4,POU5F1,1
KLF4,UBTF,1
KLF4,BTG2,1
KLF4,SIN3B,1
KLF4,MKRN1,1
KLF4,ISYNA1,1
KLF4,TRPS1,1
KLF4,NRF1,1
KLF4,VEGFA,1
KLF4,LRP2,1
KLF4,CAR2,1
KLF4,LAMB1,1
KLF4,DNMT3A,1
KLF4,FOXH1,1
KLF4,STARD10,1
KLF4,TOX3,1
KLF4,TEAD3,1
KLF4,IFITM1,1
KLF4,PTH1R,1
KLF4,EPHA4,1
KLF4,TYRO3,1
KLF4,BASP1,1
KLF4,GAS6,1
KLF4,TIMP3,1
KLF4,CALCOCO2,1
KLF4,DPPA2,1
KLF4,PARVB,1
KLF4,PRDM1,1
KLF4,GSTA4,1
KLF4,NDN,1
KLF4,DMRT1,1
KLF4,POU4F2,1
KLF4,PGA5,1
KLF4,HIST1H2AF,1
KLF4,RASGRP2,1
KLF4,SLC25A5,1
KLF4,EGR1,1
KLF4,STAT5B,1
KLF4,TET2,1
KLF4,PCBD1,1
KLF4,SALL1,1
KLF4,KLF15,1
KLF4,SLC5A11,1
KLF4,ZBTB39,1
KLF4,APOE,1
KLF4,EMX2,1
KLF4,PROX1,1
KLF4,RNF157,1
KLF4,SEPT1,1
KLF4,JAM2,1
KLF4,LAPTM5,1
MAFK,FDPS,1
MAFK,SMARCC1,1
MAFK,CNOT2,1
MAFK,RAB11A,1
MAFK,POLR1A,1
MAFK,ILF2,1
MAFK,SMARCC2,1
MAFK,ELF1,1
MAFK,GJA1,1
MAFK,NUPR1,1
MAFK,SRGN,1
MAFK,NR1D1,1
MAFK,LRRK1,1
MAFK,GRB10,1
MAFK,GSTA4,1
MAFK,XRCC5,1
MAFK,KEAP1,1
MAFK,LAMC1,1
MAFK,DDX5,1
MAFK,ATF6,1
MAFK,ZSWIM4,1
MAFK,BIN1,1
MAFK,AIP,1
MAFK,GSR,1
MAFK,SPP1,1
MAFK,DAZAP2,1
MAFK,SFI1,1
MAFK,EWSR1,1
MAFK,ATF1,1
MAFK,ETV5,1
MAFK,TEAD1,1
MAFK,SSR3,1
MAFK,RBBP7,1
MAFK,NKRF,1
MAFK,HIST1H4K,1
MAFK,L1TD1,1
MAFK,DCP1A,1
MAFK,PREB,1
MAFK,TXNIP,1
MAFK,SND1,1
MAFK,CITED2,1
MAFK,UPP1,1
MAFK,ECD,1
MAFK,PHF12,1
MAFK,TSPAN9,1
MAFK,ME1,1
MAFK,TMSB4X,1
MAFK,HIST1H2AC,1
MAFK,MTF2,1
MAFK,TGIF1,1
MAFK,GNPDA1,1
MAFK,MDM2,1
MAFK,TCF4,1
MAFK,UCHL1,1
MAFK,MCM5,1
MAFK,TMED2,1
MAFK,HIF3A,1
MAFK,DDX20,1
MAFK,PATJ,1
MAFK,FIZ1,1
MAFK,TNFAIP3,1
MAFK,ILF3,1
MAFK,UBQLN2,1
MAFK,FUBP3,1
MAFK,PLTP,1
MAFK,TAF6,1
MAFK,BRCA1,1
MAFK,PMM1,1
MAFK,POU2F1,1
MAFK,BNIP3,1
MAFK,DNMT1,1
MAFK,CELF3,1
MAFK,CTSA,1
MAFK,NFE2L1,1
MAFK,LMF2,1
MAFK,MT2,1
MAFK,LDHB,1
MAFK,VIM,1
MAFK,CTSD,1
MAFK,GTF2I,1
MAFK,NFXL1,1
MAFK,TAF1A,1
MAFK,CBX6,1
MAFK,KNTC1,1
MAFK,POU6F1,1
MAFK,MYD88,1
MAFK,SSB,1
MAFK,POU5F1,1
MAFK,POLR3F,1
MAFK,POLR2I,1
MAFK,KPNA2,1
MAFK,NFE2L2,1
MAFK,LRPAP1,1
MAFK,PHC1,1
MAFK,ZFP219,1
MAFK,SMARCA5,1
MAFK,FXR2,1
MAFK,RBPJ,1
MAFK,MATR3,1
MAFK,CCN2,1
MAPK8,NFATC2IP,1
MAPK8,CIC,1
MAPK8,SP1,1
MAPK8,ZFYVE21,1
MAPK8,ANKRD54,1
MAPK8,CNOT3,1
MAPK8,ZSWIM4,1
MAPK8,ZMYM2,1
MAPK8,ZBTB3,1
MAPK8,SRM,1
MAPK8,UNG,1
MAPK8,TCERG1,1
MAPK8,UBE2C,1
MAPK8,NFE2L1,1
MAPK8,KAT6B,1
MAPK8,RUVBL2,1
MAPK8,RRBP1,1
MAPK8,ANP32A,1
MAPK8,HIP1,1
MAPK8,PLAG1,1
MAPK8,KANK3,1
MAPK8,ARNTL,1
MAPK8,SFPQ,1
MAPK8,HSPA5,1
MAPK8,SIN3A,1
MAPK8,SERTAD2,1
MAPK8,KLF10,1
MAPK8,ETV5,1
MAPK8,ATF7,1
MAPK8,TOP2A,1
MAPK8,FOXO1,1
MAPK8,HSP90B1,1
MAPK8,MCM5,1
MAPK8,MPHOSPH8,1
MAPK8,ELAVL2,1
MAPK8,HIST1H2BF,1
MAPK8,2410141K09RIK,1
MAPK8,KLF6,1
MED12,SFI1,1
MED12,HIST1H2AC,1
MED12,HIST1H2BK,1
MED12,RIF1,1
MED12,HIST1H1D,1
MED12,ODC1,1
MED12,HIST1H2BL,1
MED12,HIST1H2AI,1
MED12,MTF2,1
MED12,HIST1H3H,1
MED12,POLR2A,1
MED12,HIST1H2AF,1
MED12,MYMX,1
MED12,JUND,1
MED12,HIST1H2BN,1
MED12,HIST1H2AK,1
MED12,HIST1H4K,1
MED12,FOXJ3,1
MED12,CTNNB1,1
MED12,MATR3,1
MED12,ZFP335,1
MED12,SMARCA5,1
MED12,MAML1,1
MED12,TDGF1,1
MED12,EGR1,1
MED12,FUS,1
MED12,HSP90AA1,1
MED12,TXNIP,1
MED12,FUBP3,1
MED12,DCP1A,1
MED12,RBPJ,1
MED12,TFRC,1
MED12,NEDD4,1
MED12,RBL1,1
MED12,ASXL1,1
MED12,TAF9,1
MED12,ZFAND3,1
MED12,ELK4,1
MED12,HMGA1B,1
MED12,HMGA1,1
MED12,BRPF1,1
MED12,NOTCH2,1
MED12,HIST1H2BF,1
MED12,KLF6,1
MED12,PHC1,1
MED12,ATF1,1
MED12,MAZ,1
MED12,RBM14,1
MED12,ZFP219,1
MED12,INSIG1,1
MED12,KDM3A,1
MED12,EWSR1,1
MED12,CNOT6,1
MED12,AMOTL2,1
MED12,DDX5,1
MED12,SRSF1,1
MED12,EP400,1
MED12,DIDO1,1
MED12,MED4,1
MED12,EIF4A2,1
MED12,DDIT3,1
MED12,SIRT1,1
MED12,POU5F1,1
MED12,SP1,1
MED12,PCBP2,1
MED12,KEAP1,1
MED12,HDAC2,1
MED12,HNRNPK,1
MED12,GSR,1
MED12,KAT6B,1
MED12,PHF20,1
MED12,ARID1A,1
MED12,ETV1,1
MED12,RANBP17,1
MED12,PSIP1,1
MED12,THRAP3,1
MED12,CD63,1
MED12,TOPORS,1
MED12,HIST1H1B,1
MED12,MCM6,1
MED12,INTS12,1
MED12,MLLT1,1
MED12,ECD,1
MED12,UCHL1,1
MED12,FXR1,1
MED12,POU2F1,1
MED12,BCLAF1,1
MED12,NRF1,1
MED12,TMF1,1
MED12,ERF,1
MED12,GLS,1
MED12,HDGF,1
MED12,RNF6,1
MED12,POLR3F,1
MED12,PELP1,1
MED12,CRIP2,1
MED12,HMGXB4,1
MED12,BRWD1,1
MED12,EED,1
MED12,ELF1,1
MED12,RAD54B,1
MED12,HDLBP,1
MED12,POLR3B,1
MED12,SPP1,1
MED12,GTF3C5,1
MED12,KHDRBS1,1
MED12,RFX2,1
MED12,CTBP1,1
MED12,CNOT7,1
MED12,DDX20,1
MED12,YEATS4,1
MED12,BTAF1,1
MED12,BRCA2,1
MED12,KLF3,1
MED12,KLF4,1
MED12,CNOT8,1
MED12,ATF7,1
MED12,TRIM28,1
MED12,EZH2,1
MED12,KLF2,1
MED12,MEF2A,1
MED12,TCEA1,1
MED12,ZFP398,1
MED12,SPRY2,1
MED12,GTF2H3,1
MED12,E2F1,1
MED12,TEAD1,1
MED12,BRD7,1
MED12,SUZ12,1
MED12,MCM7,1
MED12,AIP,1
MED12,HNRNPAB,1
MED12,NFKBIA,1
MED12,PATZ1,1
MED12,HIST1H2BB,1
MED12,SMAD7,1
MED12,NFYB,1
MED12,TCF12,1
MED12,CTSL,1
MED12,ZFP768,1
MED12,EP300,1
MED12,SOCS2,1
MED12,RYBP,1
MED12,MT1,1
MED12,NR1D2,1
MED12,TNFAIP3,1
MED12,SLC6A6,1
MED12,SUB1,1
MED12,CTCF,1
MED12,SRF,1
MED12,POLR2E,1
MED12,HSPA5,1
MED12,CALR,1
MED12,SMARCA4,1
MED12,BCAM,1
MED12,FOXH1,1
MED12,KANK2,1
MED12,ATF5,1
MED12,POLR2J,1
MED12,RBBP4,1
MED12,APOE,1
MED12,SRSF3,1
MED12,ME1,1
MED12,FABP3,1
MED12,NCOA3,1
MED12,UPP1,1
MED12,TXNDC12,1
MED12,GNPDA1,1
MED12,GLUL,1
MED12,YEATS2,1
MED12,KPNA2,1
MED12,MIS18BP1,1
MED12,DDX54,1
MED12,P4HA1,1
MED12,NFE2L1,1
MED12,SRRT,1
MED12,ZFP148,1
MED12,PHF1,1
MED12,NFE2L2,1
MED12,SKIL,1
MED12,ZFHX3,1
MED12,E2F6,1
MED12,CENPB,1
MED12,CCN2,1
MED12,KDM5B,1
MED12,SMURF2,1
MED12,CDC42SE2,1
MED12,TSG101,1
MED12,TADA3,1
MED12,MT2,1
MED12,RNF14,1
MED12,TBPL1,1
MED12,ZFP592,1
MED12,RELA,1
MED12,TAF10,1
MED12,NCOR1,1
MED12,XRCC5,1
MED12,TRRAP,1
MED12,TOX4,1
MED12,SMARCAD1,1
MED12,EDEM1,1
MED12,ZFP276,1
MED12,RAI14,1
MED12,CEBPZ,1
MED12,DDAH2,1
MED12,PDK1,1
MED12,HIF1A,1
MED12,PTPN14,1
MED12,ETV6,1
MED12,ZMYM2,1
MED12,ATF4,1
MED12,LAMC1,1
MED12,MDM2,1
MED12,TULP3,1
MED12,RBFOX2,1
MED12,IRF1,1
MED12,MME,1
MED12,MCM4,1
MED12,ABHD5,1
MED12,NACC1,1
MED12,SMARCD1,1
MED12,SURF4,1
MED12,HES6,1
MED12,SLC25A4,1
MED12,VEZF1,1
MED12,HNRNPD,1
MED12,SLC16A1,1
MED12,ILF3,1
MED12,CHST15,1
MED12,CALCOCO1,1
MED12,KLF10,1
MED12,NUP210,1
MED12,HMGB2,1
MED12,GLIS2,1
MED12,CIC,1
MED12,TRIB3,1
MED12,SREBF1,1
MED12,ATF6,1
MED12,XAB2,1
MED12,SDC4,1
MED12,APEX1,1
MED12,HEXIM1,1
MED12,BNIP3,1
MED12,RNF2,1
MED12,SERTAD2,1
MED12,FXR2,1
MED12,RBMXL2,1
MED12,MTA3,1
MED12,CSRP2,1
MED12,COPS2,1
MED12,TCERG1,1
MED12,DNMT1,1
MED12,TAF5,1
MED12,KNTC1,1
MED12,DDB1,1
MED12,ELP2,1
MED12,WBP11,1
MED12,SEMA4C,1
MED12,CITED2,1
MED12,ASNS,1
MED12,SLC25A5,1
MED12,ING3,1
MED12,POLR1B,1
MED12,TMED2,1
MED12,SMAD2,1
MED12,MED21,1
MED12,ATF2,1
MED12,ZBTB38,1
MED12,DDB2,1
MED12,NFATC3,1
MED12,MAML3,1
MED12,GSTA4,1
MED12,DNAJC10,1
MED12,SMARCC2,1
MED12,SMARCC1,1
MED12,BTG1,1
MED12,TSPAN9,1
MED12,SRSF6,1
MED12,BTG2,1
MED12,DNAJC2,1
MED12,MED31,1
MED12,TUBB6,1
MED12,CUX2,1
MED12,ZBTB39,1
MED12,HDAC1,1
MED12,TCF4,1
MED12,LMF2,1
MED12,PLAGL2,1
MED12,HES1,1
MED12,PHB2,1
MED12,RNF157,1
MED12,PMS1,1
MED12,TBL1X,1
MED12,SPRY4,1
MED12,PAPOLA,1
MED12,FIZ1,1
MED12,HMGXB3,1
MED12,ANKRD6,1
MED12,F3,1
MED12,LEFTY1,1
MED12,POLR3D,1
MED12,ZBTB3,1
MED12,SIN3B,1
MED12,ECT2,1
MED12,MKRN1,1
MED12,DEK,1
MED12,TIMELESS,1
MED12,DR1,1
MED12,L1TD1,1
MED12,PIAS3,1
MED12,CDC5L,1
MED12,ZFP236,1
MED12,RNF19A,1
MED12,COIL,1
MED12,TLE1,1
MED12,NME2,1
MED12,NFX1,1
MED12,ILK,1
MED12,TRIM24,1
MED12,AATF,1
MED12,ZFP91,1
MED12,GLMP,1
MED12,HMCES,1
MED12,ZFP281,1
MED12,MBD2,1
MED12,HSP90B1,1
MED12,CTH,1
MED12,SMARCB1,1
MED12,CALD1,1
MED12,MGST3,1
MED12,MPHOSPH8,1
MED12,SFPQ,1
MED12,MYBL2,1
MED12,SALL4,1
MED12,GTF2I,1
MED12,RBPMS2,1
MED12,ZYX,1
MED12,RRBP1,1
MED12,GLIPR2,1
MED12,CNOT2,1
MED12,SMURF1,1
MED12,ARNT2,1
MED12,RCC2,1
MED12,NANOG,1
MED12,BTF3,1
MED12,2410141K09RIK,1
MED12,UHRF1,1
MED12,PHLDA3,1
MED12,PHLDB2,1
MED12,CKAP4,1
MED12,TOP2A,1
MED12,MAN1A2,1
MED12,PATJ,1
MED12,SELENOW,1
MED12,SPEN,1
MED12,ARHGAP29,1
MED12,RUVBL2,1
MED12,ELL2,1
MED12,CUX1,1
MED12,TAF6L,1
MED12,CTSA,1
MED12,NR4A1,1
MED12,SIRT2,1
MED12,NFYA,1
MED12,ASH2L,1
MED12,SHROOM3,1
MED12,CST3,1
MED12,RCOR2,1
MED12,HSF2,1
MED12,IMPDH1,1
MED12,ANKRD49,1
MED12,BARD1,1
MED12,RB1,1
MED12,MAPK8,1
MED12,CAR2,1
MED12,HDAC4,1
MED12,TAX1BP3,1
MED12,LDB1,1
MED12,PLAG1,1
MED12,MYBBP1A,1
MED12,TGIF1,1
MED12,PHF14,1
MED12,TNK2,1
MED12,CBX6,1
MED12,ING1,1
MED12,DNMT3A,1
MED12,NR2F6,1
MED12,MORF4L2,1
MED12,HIF3A,1
MED12,P4HB,1
MED12,KAT2B,1
MED12,ATP6V0A1,1
MED12,APBB1,1
MED12,BMI1,1
MED12,ARNTL,1
MED12,CDC20,1
MED12,GJA1,1
MED12,ARL6IP5,1
MED12,UBTF,1
MED12,RFX7,1
MED12,OPLAH,1
MED12,CDKN1A,1
MED12,GABPA,1
MED12,PURA,1
MED12,BEND5,1
MED12,TXNDC5,1
MED12,PARP1,1
MED12,TET2,1
MED12,ZFP57,1
MED12,ESRRA,1
MED12,H1F0,1
MED12,ZFP42,1
MED12,TMEM150A,1
MED12,YBX1,1
MED12,REST,1
MED12,CRY1,1
MED12,SIX5,1
MED12,DAZAP2,1
MED12,WWTR1,1
MED12,CALU,1
MED12,LAMB2,1
MED12,TRIP11,1
MED12,PA2G4,1
MED12,PIAS2,1
MED12,HTT,1
MED12,LOXL2,1
MED12,TRP53BP1,1
MED12,TDH,1
MED12,PIAS1,1
MED12,CCNG1,1
MED12,ZHX3,1
MED12,TRP53,1
MED12,TPM4,1
MED12,BCAT1,1
MED12,UBQLN2,1
MED12,JUN,1
MED12,HDAC5,1
MED12,ZFP277,1
MED12,SOX2,1
MED12,BRCA1,1
MED12,TFAP4,1
MED12,MSH6,1
MED12,ILF2,1
MED12,FN1,1
MED12,CTSD,1
MED12,MCM3,1
MED12,ITGA6,1
MED12,TRPS1,1
MED12,POLR1A,1
MED12,IGFBP2,1
MED12,TRIP6,1
MED12,TPD52,1
MED12,CCNB1,1
MED12,ETV5,1
MED12,PHF12,1
MED12,TAF6,1
MED12,ZBTB24,1
MED12,PREB,1
MED12,MANF,1
MED12,GLDC,1
MED12,TFEB,1
MED12,FOXP1,1
MED12,BEX1,1
MED12,HIVEP2,1
MED12,ATP13A3,1
MED12,FGF4,1
MED12,STARD10,1
MED12,PLOD2,1
MED12,NR1H2,1
MED12,APP,1
MED12,TFE3,1
MED12,IRF2,1
MED12,ABTB1,1
MED12,SGK1,1
MED12,KLF9,1
MED12,PKNOX2,1
MED12,HSPH1,1
MED12,AGAP3,1
MED12,TRIM25,1
MED12,MCM5,1
MED12,SLC7A6,1
MED12,JARID2,1
MED12,NR1D1,1
MED12,POLR2B,1
MED12,ORC2,1
MED12,USF1,1
MED12,SNAI1,1
MED12,NRIP1,1
MED12,KLF13,1
MED12,HIST1H1A,1
MED12,SSB,1
MED12,NAA15,1
MED12,ID4,1
MED12,LRPAP1,1
MED12,GLI2,1
MED12,CREB3,1
MED12,MYO6,1
MED12,MED15,1
MED12,ELK1,1
MED12,GRIN1,1
MED12,FAM234A,1
MED12,TRIM32,1
MED12,GABBR1,1
MED12,POLR2I,1
MED12,PRDM5,1
MED12,E2F2,1
MED12,CCND1,1
MED12,RERE,1
MED12,RBBP7,1
MED12,ALPL,1
MED12,ATM,1
MED12,XBP1,1
MED12,UBP1,1
MED12,RARA,1
MED12,LDHB,1
MED12,PRDM1,1
MED12,MARC2,1
MED12,SAP30,1
MED12,P3H4,1
MED12,MAFK,1
MED12,ETV4,1
MED12,MYLPF,1
MED12,LRP2,1
MED12,ELF2,1
MED12,TCOF1,1
MED12,EZH1,1
MED12,SCMH1,1
MED12,SAT1,1
MED12,NFXL1,1
MED12,ESPL1,1
MED12,ANXA2,1
MED12,SND1,1
MED12,ITPK1,1
MED12,SIRT3,1
MED12,CTNNBL1,1
MED12,EPHA2,1
MED12,NFIB,1
MED12,SMAD3,1
MED12,PAWR,1
MED12,UBE2C,1
MED12,SOAT1,1
MED12,ZFP446,1
MED12,ADAM19,1
MED12,TCF7L2,1
MED12,ADAM23,1
MED12,TAGLN2,1
MED12,RUVBL1,1
MED12,ERP29,1
MED12,PLOD3,1
MED12,TEAD4,1
MED12,PDCD4,1
MED12,CTNNBIP1,1
MED12,PDIA6,1
MED12,KDELR2,1
MED12,ZFP36L1,1
MED12,NR2C1,1
MED12,ZEB1,1
MED12,ULK1,1
MED12,RLIM,1
MED12,L3MBTL2,1
MED12,NONO,1
MED12,B2M,1
MED12,MAPK3,1
MED12,D230025D16RIK,1
MED12,FOSL2,1
MED12,MOV10,1
MED12,LMO4,1
MED12,ABT1,1
MED12,TAF1A,1
MED12,ZEB2,1
MED12,SERPINE2,1
MED12,NRG1,1
MED12,GTF3C1,1
MED12,PDCD11,1
MED12,FRMD4A,1
MED12,CHD7,1
MED12,MITF,1
MED12,ZBTB10,1
MED12,ANXA5,1
MED12,RAB11A,1
MED12,GRHL1,1
MED12,ERCC8,1
MED12,SEC24D,1
MED12,ASS1,1
MED12,MXD4,1
MED12,PMM1,1
MED12,UTF1,1
MED12,GDPD5,1
MED12,CTBP2,1
MED12,SALL1,1
MED12,CBX7,1
MED12,KRBA1,1
MED12,ELAVL2,1
MED12,LAMB1,1
MED12,HCFC1,1
MED12,ANKS1,1
MED12,JDP2,1
MED12,NR0B1,1
MED12,DAXX,1
MED12,SOS2,1
MED12,MYC,1
MED12,POLR1C,1
MED12,NDRG1,1
MED12,JMJD1C,1
MED12,TUBB2B,1
MED12,VSIR,1
MED12,MLXIP,1
MED12,PLTP,1
MED12,ZBTB43,1
MED12,PRDM14,1
MED12,ETS1,1
MED12,MEF2D,1
MED12,TRIM13,1
MED12,FBLIM1,1
MED12,SNAPC3,1
MED12,ANKRD54,1
MED12,TET1,1
MED12,CNOT3,1
MED12,BASP1,1
MED12,TCF7,1
MED12,NFATC4,1
MED12,SRM,1
MED12,MYH9,1
MED12,E2F4,1
MED12,RAD51,1
MED12,ATF3,1
MED12,VEGFA,1
MED12,SNURF,1
MED12,HSPB1,1
MED12,ZDHHC15,1
MED12,LAMA1,1
MED12,ETV3,1
MED12,KLF15,1
MED12,ERCC3,1
MED12,HSPG2,1
MED12,IFITM1,1
MED12,SOX15,1
MED12,BTBD11,1
MED12,FGF10,1
MED12,HIP1,1
MED12,TBX3,1
MED12,FRRS1,1
MED12,POLR2K,1
MED12,BAZ1A,1
MED12,HEY2,1
MED12,ZMYND11,1
MED12,TEAD3,1
MED12,POLR2H,1
MED12,PODXL,1
MED12,NFATC2IP,1
MED12,ALG13,1
MED12,XRCC6,1
MED12,SSR3,1
MED12,KIT,1
MED12,NKRF,1
MED12,DKC1,1
MED12,FLRT3,1
MED12,FOXO3,1
MED12,CRAMP1L,1
MED12,ZFYVE21,1
MED12,NR3C1,1
MED12,TIMP2,1
MED12,ZSCAN10,1
MED12,COBL,1
MED12,RRM2,1
MED12,DAB2,1
MED12,RARG,1
MED12,FXYD6,1
MED12,SATB1,1
MED12,CBX8,1
MED12,EDA2R,1
MED12,STAT5B,1
MED12,FOXO1,1
MED12,RFX5,1
MED12,TRH,1
MED12,ZDHHC16,1
MED12,CHCHD10,1
MED12,GZF1,1
MED12,STXBP2,1
MED12,SPARC,1
MED12,FOXJ2,1
MED12,ZSWIM4,1
MED12,EYA1,1
MED12,GNAS,1
MED12,TSHZ3,1
MED12,TFAP2C,1
MED12,EBF4,1
MED12,NOTCH1,1
MED12,TUBA4A,1
MED12,PITX1,1
MED12,CTSZ,1
MED12,TMSB4X,1
MED12,SMARCA2,1
MED12,P3H1,1
MED12,SLC7A3,1
MED12,SLC6A8,1
MED12,NFKB2,1
MED12,LAMA5,1
MED12,FDPS,1
MED12,FAM129B,1
MED12,EHMT2,1
MED12,CELF3,1
MED12,POU6F1,1
MED12,MYCN,1
MED12,COMMD3,1
MED12,RBMX,1
MED12,TFCP2L1,1
MED12,IKBKB,1
MED12,GABARAPL2,1
MED12,CSF1,1
MED12,RFXAP,1
MED12,TYRO3,1
MED12,CNOT6L,1
MED12,PARVB,1
MED12,CALCOCO2,1
MED12,TTF2,1
MED12,CLCN5,1
MED12,NID1,1
MED12,IRF6,1
MED12,TAF1,1
MED12,LHX2,1
MED12,HS3ST1,1
MED12,RUNX1,1
MED12,SLC9A6,1
MED12,GTF2H4,1
MED12,CHD4,1
MED12,NOTUM,1
MED12,POLR1E,1
MED12,TOP2B,1
MED12,UNG,1
MED12,LY6G6E,1
MED12,KLF8,1
MED12,MCM2,1
MED12,POU4F1,1
MED12,NFIL3,1
MED12,NR5A2,1
MED12,TMEM144,1
MED12,APOBEC3,1
MED12,IRF3,1
MED12,HSBP1,1
MED12,NSD1,1
MED12,ZFP979,1
MED12,SPOCK1,1
MED12,KRT8,1
MED12,HDAC11,1
MED12,SERPINH1,1
MED12,ZIC3,1
MED12,CREB5,1
MED12,SHKBP1,1
MED12,NUPR1,1
MED12,MEN1,1
MED12,RASGRP2,1
MED12,MEIS3,1
MED12,MRAS,1
MED12,PFKP,1
MED12,PBX4,1
MED12,SORD,1
MED12,AIRE,1
MED12,TGFB1,1
MED12,PHF2,1
MED12,CEMIP,1
MED12,PLRG1,1
MED12,EFEMP2,1
MED12,EPS8,1
MED12,P4HA2,1
MED12,RAPGEF3,1
MED12,LGMN,1
MED12,TCEA3,1
MED12,VILL,1
MED12,PDGFRA,1
MED12,LDLRAP1,1
MED12,TOX3,1
MED12,PCOLCE,1
MED12,COL4A2,1
MED12,COL4A1,1
MED12,SEPT1,1
MED12,IFI30,1
MED12,KHDC3,1
MED12,GJB3,1
MED12,SLC5A11,1
MED12,COTL1,1
MED12,ISYNA1,1
MED12,SIX1,1
MED12,PDPN,1
MED12,SIN3A,1
MED12,ZFPM1,1
MED12,MLXIPL,1
MED12,ELF3,1
MED12,JAM2,1
MED12,DUSP9,1
MED12,LTBP4,1
MED12,NDN,1
MED12,PRRX2,1
MED12,DDX58,1
MED12,GBX2,1
MED12,POU4F2,1
MED12,EPAS1,1
MED12,STAT4,1
MED12,IFITM2,1
MED12,SSBP4,1
MED12,MSC,1
MED12,TWIST1,1
MED12,KANK3,1
MED12,BMPER,1
MED12,CREB3L2,1
MED12,EMX2,1
MED12,VIM,1
MED12,GAS6,1
MED12,NOTCH4,1
MED12,PGA5,1
MED12,LAPTM5,1
MED12,STAT5A,1
MED12,COL27A1,1
MED12,PLOD1,1
MED12,IL33,1
MED12,ZFP275,1
MEN1,HIST1H1D,1
MEN1,SP1,1
MEN1,ANKRD54,1
MEN1,NFATC2IP,1
MEN1,TCERG1,1
MEN1,KAT6B,1
MEN1,CNOT3,1
MEN1,NFE2L1,1
MEN1,CIC,1
MEN1,RUVBL2,1
MEN1,HIP1,1
MEN1,PLAG1,1
MEN1,ZFYVE21,1
MEN1,GLS,1
MEN1,UBE2C,1
MEN1,MLLT1,1
MEN1,ZMYM2,1
MEN1,ORC2,1
MEN1,MPHOSPH8,1
MEN1,ZSWIM4,1
MEN1,UNG,1
MEN1,PDCD11,1
MEN1,PMS1,1
MEN1,MTF2,1
MEN1,SFI1,1
MEN1,SFPQ,1
MEN1,MANF,1
MEN1,DDX5,1
MEN1,ATF4,1
MEN1,HSPA5,1
MEN1,SRM,1
MEN1,SSR3,1
MEN1,GTF2H3,1
MEN1,SERTAD2,1
MEN1,RRBP1,1
MEN1,HDAC4,1
MEN1,ATF7,1
MEN1,TRP53BP1,1
MEN1,XBP1,1
MEN1,ETV5,1
MEN1,YBX1,1
MEN1,PHB2,1
MEN1,PDIA6,1
MEN1,IRF2,1
MEN1,MYH9,1
MEN1,HNRNPK,1
MEN1,RFX2,1
MEN1,NFYA,1
MEN1,HIF1A,1
MEN1,TFRC,1
MEN1,ANP32A,1
MEN1,ZFP398,1
MEN1,EIF4A2,1
MEN1,POLR2I,1
MEN1,ZFP148,1
MEN1,MIS18BP1,1
MEN1,RNF14,1
MEN1,EP400,1
MEN1,CALR,1
MEN1,HMGB2,1
MEN1,ING1,1
MEN1,PCBP2,1
MEN1,SUB1,1
MEN1,SATB1,1
MEN1,MCM6,1
MEN1,ETS1,1
MEN1,TAF9,1
MEN1,ZBTB24,1
MEN1,PHF20,1
MEN1,MCM7,1
MEN1,RNF6,1
MEN1,SLC25A4,1
MEN1,TRIM32,1
MEN1,GTF3C5,1
MEN1,MATR3,1
MEN1,CNOT6L,1
MEN1,TSG101,1
MEN1,DNAJC10,1
MEN1,P4HB,1
MEN1,ZBTB43,1
MEN1,HNRNPAB,1
MEN1,SGK1,1
MEN1,DR1,1
MEN1,BRCA2,1
MEN1,WBP11,1
MEN1,DCP1A,1
MEN1,SIN3A,1
MEN1,TCEA1,1
MEN1,SRSF1,1
MEN1,FOXJ3,1
MEN1,ANKRD49,1
MEN1,CALU,1
MEN1,TRIM24,1
MEN1,CNOT6,1
MEN1,DDX54,1
MEN1,TOP2A,1
MEN1,MYLPF,1
MEN1,MAFK,1
MEN1,ELF2,1
MEN1,MXD4,1
MEN1,MOV10,1
MEN1,AATF,1
MEN1,ELK4,1
MEN1,CDC42SE2,1
MEN1,BRPF1,1
MEN1,SND1,1
MEN1,CREB3,1
MEN1,UBP1,1
MEN1,HSF2,1
MEN1,GTF3C1,1
MEN1,SRSF6,1
MEN1,RAD54B,1
MEN1,NFATC3,1
MEN1,MCM3,1
MEN1,NOTCH2,1
MEN1,HTT,1
MEN1,EZH2,1
MEN1,EP300,1
MEN1,E2F1,1
MEN1,TAF10,1
MEN1,RUVBL1,1
MEN1,SOAT1,1
MEN1,INTS12,1
MEN1,FOXP1,1
MEN1,TOP2B,1
MEN1,ZFP281,1
MEN1,TMF1,1
MEN1,PARP1,1
MEN1,POLR2J,1
MEN1,THRAP3,1
MEN1,SLC7A6,1
MEN1,FUBP3,1
MEN1,HNRNPD,1
MEN1,SUZ12,1
MEN1,CDC20,1
MEN1,TCF4,1
MEN1,KDM3A,1
MEN1,TCF12,1
MEN1,SOCS2,1
MEN1,HDLBP,1
MEN1,SLC16A1,1
MEN1,ADAM19,1
MEN1,ELP2,1
MEN1,HMGXB3,1
MEN1,ELF1,1
MEN1,NAA15,1
MEN1,SNAPC3,1
MEN1,TPM4,1
MEN1,RNF19A,1
MEN1,CNOT7,1
MEN1,MKRN1,1
MEN1,NRIP1,1
MEN1,YEATS4,1
MEN1,BAZ1A,1
MEN1,PDK1,1
MEN1,ING3,1
MEN1,DDX20,1
MEN1,P4HA1,1
MEN1,COIL,1
MEN1,CCNG1,1
MEN1,VSIR,1
MEN1,BCLAF1,1
MEN1,SIN3B,1
MEN1,RBM14,1
MEN1,MBD2,1
MEN1,ATP6V0A1,1
MEN1,CREB3L2,1
MEN1,NCOR1,1
MEN1,PIAS1,1
MEN1,RBL1,1
MEN1,ATF2,1
MEN1,ZBTB3,1
MEN1,ETV6,1
MEN1,BTF3,1
MEN1,SMARCA4,1
MEN1,HSPH1,1
MEN1,D230025D16RIK,1
MEN1,POLR2B,1
MEN1,B2M,1
MEN1,KANK3,1
MEN1,CSF1,1
MEN1,COPS2,1
MEN1,PSIP1,1
MEN1,ZEB1,1
MEN1,ITGA6,1
MEN1,TRIP11,1
MEN1,MED15,1
MEN1,NFE2L2,1
MEN1,ZFP277,1
MEN1,SMAD2,1
MEN1,ASNS,1
MEN1,SAP30,1
MEN1,TULP3,1
MEN1,CTCF,1
MEN1,GABPA,1
MEN1,PA2G4,1
MEN1,ATM,1
MEN1,MORF4L2,1
MEN1,ARID1A,1
MEN1,NR1H2,1
MEN1,ZBTB38,1
MEN1,MCM5,1
MEN1,GABARAPL2,1
MEN1,TRPS1,1
MEN1,MYO6,1
MEN1,NACC1,1
MEN1,HIVEP2,1
MEN1,BTAF1,1
MEN1,SRRT,1
MEN1,ETV3,1
MEN1,TRRAP,1
MEN1,ELL2,1
MEN1,TAX1BP3,1
MEN1,RAB11A,1
MEN1,PITX2,1
MEN1,MARC2,1
MEN1,TPD52,1
MEN1,PDCD4,1
MEN1,RFXAP,1
MEN1,RAD51,1
MEN1,RNF2,1
MEN1,TET2,1
MEN1,CNOT2,1
MEN1,PAPOLA,1
MEN1,ARHGAP29,1
MEN1,ILK,1
MEN1,GSR,1
MEN1,EBF1,1
MEN1,IKBKB,1
MEN1,SSB,1
MEN1,ELK1,1
MEN1,ASXL1,1
MEN1,ABHD5,1
MEN1,MAML1,1
MEN1,KNTC1,1
MEN1,SMARCA5,1
MEN1,EED,1
MEN1,HMGXB4,1
MEN1,CEBPZ,1
MEN1,ATF1,1
MEN1,HEY2,1
MEN1,SLCO3A1,1
MEN1,KLF3,1
MEN1,RERE,1
MEN1,MLXIP,1
MEN1,ABT1,1
MEN1,ILF2,1
MEN1,E2F4,1
MEN1,TAF6L,1
MEN1,NRF1,1
MEN1,SEC24D,1
MEN1,ASH2L,1
MEN1,YEATS2,1
MEN1,VEZF1,1
MEN1,CBX8,1
MEN1,ANKRD6,1
MEN1,STXBP2,1
MEN1,PHF14,1
MEN1,RB1,1
MEN1,PURA,1
MEN1,ANKS1,1
MEN1,LHX2,1
MEN1,CHST15,1
MEN1,APBB1,1
MEN1,EOMES,1
MEN1,ZFP592,1
MEN1,HSBP1,1
MEN1,PBX4,1
MEN1,NR1D2,1
MEN1,DDB2,1
MEN1,SOS2,1
MEN1,2410141K09RIK,1
MEN1,ZFAND3,1
MEN1,SMARCAD1,1
MEN1,POLR3F,1
MEN1,ESPL1,1
MEN1,POLR1A,1
MEN1,HIF3A,1
MEN1,P4HA2,1
MEN1,TIMP2,1
MEN1,CTNNBIP1,1
MEN1,COMMD3,1
MEN1,BEND5,1
MEN1,P3H1,1
MEN1,EZH1,1
MEN1,MAPK8,1
MEN1,BRCA1,1
MEN1,ERCC8,1
MEN1,ZFHX3,1
MEN1,NPAS2,1
MEN1,SIRT1,1
MEN1,MED4,1
MEN1,TBX3,1
MEN1,ZFP276,1
MEN1,SMARCC2,1
MEN1,F3,1
MEN1,PRDM5,1
MEN1,SMURF2,1
MEN1,CDC5L,1
MEN1,TFCP2L1,1
MEN1,RBFOX2,1
MEN1,TTF2,1
MEN1,JMJD1C,1
MEN1,STAT5B,1
MEN1,ATF6,1
MEN1,ZDHHC16,1
MEN1,FAM234A,1
MEN1,BRD7,1
MEN1,EYA1,1
MEN1,ECD,1
MEN1,ZHX3,1
MEN1,TAF1A,1
MEN1,GRIN1,1
MEN1,PHLDB2,1
MEN1,CREB5,1
MEN1,POLR2E,1
MEN1,SLC9A6,1
MEN1,PTPN14,1
MEN1,ME1,1
MEN1,POLR3B,1
MEN1,HMGA2,1
MEN1,MITF,1
MEN1,GRHL1,1
MEN1,LRP2,1
MEN1,STARD10,1
MEN1,SPEN,1
MEN1,SCMH1,1
MEN1,PTH1R,1
MEN1,SIX1,1
MEN1,NDRG4,1
MEN1,BIN1,1
MEN1,TBX18,1
MEN1,BTBD11,1
MEN1,TET1,1
MEN1,RARG,1
MEN1,TSPAN9,1
MEN1,XAB2,1
MEN1,HOXD13,1
MEN1,SDC4,1
MEN1,SHROOM3,1
MEN1,EPS8,1
MEN1,RBMXL2,1
MEN1,FRMD4A,1
MEN1,DMRT1,1
MEN1,PITX1,1
MEN1,POLR2K,1
MEN1,BMPER,1
MEN1,FGF3,1
MEN1,ADAM23,1
MEN1,NRG1,1
MEN1,TSHZ3,1
MEN1,GLDC,1
MEN1,PAWR,1
MEN1,DKK1,1
MEN1,OTX2,1
MEN1,CAR2,1
MEN1,POLR1E,1
MEN1,HDAC5,1
MEN1,ZFP57,1
MEN1,MEIS1,1
MEN1,DAB2,1
MEN1,COL4A2,1
MEN1,COL4A1,1
MEN1,MRAS,1
MEN1,PDGFRA,1
MEN1,CUX2,1
MEN1,ARL6IP5,1
MEN1,TEAD4,1
MEN1,MME,1
MEN1,GATA4,1
MEN1,FAM129B,1
MEN1,TEAD1,1
MEN1,POU4F1,1
MEN1,APP,1
MEN1,ID4,1
MEN1,ARNT2,1
MEN1,PROX1,1
MEN1,EBF4,1
MEN1,HNF1B,1
MEN1,L1TD1,1
MEN1,POU4F2,1
MEN1,GABBR1,1
MEN1,BEX1,1
MPHOSPH8,HIST1H2AC,1
MPHOSPH8,SFI1,1
MPHOSPH8,HIST1H1D,1
MPHOSPH8,HIST1H3H,1
MPHOSPH8,HIST1H2BK,1
MPHOSPH8,HIST1H4K,1
MPHOSPH8,HIST1H1B,1
MPHOSPH8,HIST1H2BB,1
MPHOSPH8,HDAC2,1
MPHOSPH8,MLLT1,1
MPHOSPH8,HIST1H2BN,1
MPHOSPH8,HIST1H2AK,1
MPHOSPH8,HIST1H2BF,1
MPHOSPH8,HIST1H2BL,1
MPHOSPH8,HIST1H2AI,1
MPHOSPH8,HIST1H1A,1
MPHOSPH8,H1F0,1
MPHOSPH8,SOX2,1
MPHOSPH8,SMARCA5,1
MPHOSPH8,RYBP,1
MPHOSPH8,RBMXL2,1
MPHOSPH8,SSBP4,1
MPHOSPH8,CUX2,1
MPHOSPH8,NR1D2,1
MPHOSPH8,ATF4,1
MPHOSPH8,EIF4A2,1
MPHOSPH8,E2F6,1
MPHOSPH8,HIST1H2AF,1
MPHOSPH8,TRIM28,1
MPHOSPH8,ODC1,1
MPHOSPH8,RBM14,1
MPHOSPH8,SEC24D,1
MPHOSPH8,NR0B1,1
MPHOSPH8,CNOT7,1
MPHOSPH8,MED31,1
MPHOSPH8,ASXL1,1
MPHOSPH8,CCN2,1
MPHOSPH8,GLS,1
MPHOSPH8,MTF2,1
MPHOSPH8,MAN1A2,1
MTF2,SFI1,1
MTF2,LHX2,1
MTF2,BMI1,1
MTF2,NFIA,1
MTF2,FGFR3,1
MTF2,HTRA1,1
MTF2,HOXD13,1
MTF2,LRRK1,1
MTF2,ESRRB,1
MTF2,SLCO3A1,1
MTF2,BMP6,1
MTF2,CSF1,1
MTF2,MSX2,1
MTF2,NPAS2,1
MTF2,GRB10,1
MTF2,TWIST1,1
MTF2,NFATC1,1
MTF2,MLXIPL,1
MTF2,TOX3,1
MTF2,EMX2,1
MTF2,PAX1,1
MTF2,IRF2,1
MTF2,ZEB2,1
MTF2,PTH1R,1
MTF2,MAML3,1
MTF2,OVOL1,1
MTF2,TBX18,1
MTF2,FOXP1,1
MTF2,PRRX2,1
MTF2,COL27A1,1
MTF2,PKNOX2,1
MTF2,BMPER,1
MTF2,NR2F2,1
MTF2,DMRT1,1
MTF2,SERPINE2,1
MTF2,GNAS,1
MTF2,BARX1,1
MTF2,FST,1
MTF2,FOXA2,1
MTF2,FRMD4A,1
MTF2,SOX7,1
MTF2,FGF3,1
MTF2,FOXQ1,1
MTF2,SPOCK1,1
MTF2,ZFPM1,1
MTF2,CITED1,1
MTF2,PAX6,1
MTF2,EBF1,1
MTF2,CREB5,1
MTF2,PDGFRA,1
MTF2,HIVEP2,1
MTF2,IGF2,1
MTF2,BAZ1A,1
MTF2,HOPX,1
MTF2,POU4F2,1
MTF2,P4HA2,1
MTF2,FHL2,1
MTF2,PAX8,1
MTF2,POU6F1,1
MTF2,APP,1
MTF2,EBF4,1
MTF2,SOS2,1
MTF2,FOXJ2,1
MTF2,DKK1,1
MTF2,ZBTB10,1
MTF2,COL4A2,1
MTF2,COL4A1,1
MTF2,STAT5B,1
MTF2,EOMES,1
MTF2,SIX1,1
MTF2,GAS6,1
MTF2,KHDC3,1
MTF2,CHST15,1
MTF2,DPP4,1
MTF2,ID3,1
MTF2,ID4,1
MTF2,PODXL,1
MTF2,BTBD11,1
MTF2,MSC,1
MTF2,LAMB1,1
MTF2,DTX1,1
MTF2,ABHD5,1
MTF2,SOX4,1
MTF2,HS3ST1,1
MTF2,BIN1,1
MTF2,HMGA2,1
MTF2,CHD5,1
MTF2,ELAVL2,1
MTF2,ARHGAP29,1
MTF2,TIMP2,1
MTF2,HNF1B,1
MTF2,RFXAP,1
MTF2,ME1,1
MTF2,ARNT2,1
MTF2,SMARCA5,1
MTF2,NDN,1
MTF2,MEIS1,1
MTF2,FOSL2,1
MTF2,PTPN14,1
MTF2,PITX2,1
MTF2,GDPD5,1
MTF2,POU4F1,1
MTF2,PITX1,1
MTF2,HSPB1,1
MTF2,JUN,1
MTF2,OTX2,1
MTF2,ZFHX3,1
MTF2,CUX1,1
MTF2,STARD10,1
MTF2,ETS1,1
MTF2,NRG1,1
MTF2,HDAC7,1
MTF2,GATA3,1
MTF2,MORC4,1
MTF2,TIMP3,1
MTF2,LRP2,1
MTF2,THBD,1
MTF2,GATA4,1
MTF2,SATB1,1
MTF2,GLDC,1
MTF2,SMARCA2,1
MTF2,RB1,1
MTF2,EYA1,1
MTF2,SATB2,1
MTF2,ZYX,1
MTF2,PHLDB2,1
MTF2,DAB2,1
MTF2,NFIL3,1
MTF2,SOX17,1
MTF2,CNOT6L,1
MTF2,MEF2C,1
MTF2,TENM4,1
MTF2,SCMH1,1
MTF2,EPHA4,1
MTF2,MAPK13,1
MTF2,GRIN1,1
MTF2,E2F6,1
MTF2,EPS8,1
MTF2,ILF2,1
MTF2,ELF2,1
MTF2,PROX1,1
MTF2,SGK1,1
MTF2,HEY2,1
MTF2,ZEB1,1
MTF2,JDP2,1
MTF2,RNF157,1
MTF2,FGF10,1
MTF2,CEMIP,1
MTF2,ZBTB3,1
MTF2,IMPDH1,1
MTF2,EGR1,1
MTF2,ATF3,1
MTF2,NR3C1,1
MTF2,NOTUM,1
MTF2,MAN1A2,1
MTF2,MRAS,1
MTF2,SNAI1,1
MTF2,APOBEC3,1
MTF2,CHD7,1
MTF2,ZHX3,1
MTF2,SRI,1
MTF2,CAR2,1
MTF2,BRD7,1
MTF2,MAFK,1
MTF2,CLCN5,1
MTF2,ARHGEF40,1
MTF2,COMMD3,1
MTF2,VIM,1
MTF2,EPAS1,1
MTF2,ELP2,1
MTF2,MKX,1
MTF2,TBX3,1
MTF2,MT2,1
MTF2,B2M,1
MTF2,RNF6,1
MTF2,NDRG1,1
MTF2,OBSL1,1
MYC,ASNS,1
MYC,HNRNPAB,1
MYC,SRSF6,1
MYC,DIDO1,1
MYC,SFI1,1
MYC,RIF1,1
MYC,POU5F1,1
NANOG,UPP1,1
NANOG,SPP1,1
NANOG,TRP53BP1,1
NANOG,RIF1,1
NANOG,MTF2,1
NANOG,POU5F1,1
NANOG,RBM14,1
NANOG,DIDO1,1
NANOG,OTX2,1
NANOG,RBPJ,1
NANOG,FUBP3,1
NANOG,TFE3,1
NANOG,IL33,1
NANOG,CST3,1
NANOG,SLC7A3,1
NANOG,STAT4,1
NANOG,ETV1,1
NANOG,2410141K09RIK,1
NANOG,MED12,1
NANOG,MSH6,1
NANOG,MME,1
NANOG,PHC1,1
NANOG,PATJ,1
NANOG,TMEM150A,1
NANOG,CNOT7,1
NANOG,POU2F1,1
NANOG,PRDM14,1
NANOG,ZFP148,1
NANOG,NR5A2,1
NANOG,ASNS,1
NANOG,KDM3A,1
NANOG,ADAM19,1
NANOG,BCAT1,1
NANOG,BMP4,1
NANOG,TSPAN9,1
NANOG,MYMX,1
NANOG,ANKRD6,1
NANOG,ZSCAN10,1
NANOG,ZFP42,1
NANOG,MKRN1,1
NANOG,DPPA2,1
NANOG,SFI1,1
NANOG,TRIM13,1
NANOG,GSTA4,1
NANOG,TXNDC5,1
NANOG,GTF2I,1
NANOG,LDB1,1
NANOG,CHD7,1
NANOG,GJB3,1
NANOG,LRPAP1,1
NANOG,HIST1H2BB,1
NANOG,L3MBTL2,1
NANOG,ZBTB24,1
NANOG,ASXL1,1
NANOG,SHROOM3,1
NANOG,WBP11,1
NANOG,BAZ1A,1
NANOG,TCEA3,1
NANOG,GJA1,1
NANOG,LAMC1,1
NANOG,PDK1,1
NANOG,ANKRD54,1
NANOG,TAF5,1
NANOG,IFITM1,1
NANOG,SOX2,1
NANOG,FOXP1,1
NANOG,TMF1,1
NANOG,REST,1
NANOG,PURA,1
NANOG,TRIM24,1
NANOG,TMSB4X,1
NANOG,WWTR1,1
NANOG,ALG13,1
NANOG,HMCES,1
NANOG,NFE2L1,1
NANOG,TFRC,1
NANOG,PELP1,1
NANOG,THRAP3,1
NANOG,LAMB2,1
NANOG,XRCC6,1
NANOG,RUVBL1,1
NANOG,FOXJ3,1
NANOG,TADA3,1
NANOG,HMGXB4,1
NANOG,TAF1A,1
NANOG,TRIM25,1
NANOG,ZFP219,1
NANOG,HIST1H4K,1
NANOG,TRPS1,1
NANOG,RBBP4,1
NANOG,SMARCA5,1
NANOG,KAT2B,1
NANOG,JMJD1C,1
NANOG,EMX2,1
NANOG,CDKN1A,1
NANOG,DDIT3,1
NANOG,PLTP,1
NANOG,SALL1,1
NANOG,LAMB1,1
NANOG,MT1,1
NANOG,MAML1,1
NANOG,TCF7L2,1
NANOG,SOX15,1
NANOG,TXNIP,1
NANOG,TPD52,1
NANOG,SREBF1,1
NANOG,TEAD1,1
NANOG,TAF6L,1
NANOG,TBX3,1
NANOG,TAF1,1
NANOG,KDM5B,1
NANOG,ORC2,1
NANOG,NFXL1,1
NANOG,TUBB2B,1
NANOG,TAF9,1
NANOG,SFPQ,1
NANOG,SERTAD2,1
NANOG,MAPK8,1
NANOG,MYLPF,1
NANOG,SOCS2,1
NANOG,WDR45,1
NANOG,MLLT1,1
NANOG,RLIM,1
NANOG,PIAS3,1
NANOG,INTS12,1
NANOG,NONO,1
NANOG,MCM3,1
NANOG,MANF,1
NANOG,CALU,1
NANOG,CALD1,1
NANOG,LMO4,1
NANOG,APOE,1
NANOG,TAX1BP3,1
NANOG,TCERG1,1
NANOG,SNURF,1
NANOG,NFATC2IP,1
NANOG,TBX18,1
NANOG,ESPL1,1
NANOG,MORF4L2,1
NANOG,BTF3,1
NANOG,GTF3C1,1
NANOG,NOTCH4,1
NANOG,CCN2,1
NANOG,DCP1A,1
NANOG,SLC6A8,1
NANOG,POLR3B,1
NANOG,AATF,1
NANOG,SPRY4,1
NANOG,ZBTB38,1
NANOG,APEX1,1
NANOG,HSPB1,1
NANOG,KANK2,1
NANOG,PDIA6,1
NANOG,FUS,1
NANOG,BCLAF1,1
NANOG,ING3,1
NANOG,HEXIM1,1
NANOG,SGK1,1
NANOG,SERPINE2,1
NANOG,ETV5,1
NANOG,TCF12,1
NANOG,UHRF1,1
NANOG,SDC4,1
NANOG,PLAG1,1
NANOG,HIST1H2AC,1
NANOG,ME1,1
NANOG,RARA,1
NANOG,PLOD1,1
NANOG,DPP4,1
NANOG,AMOTL2,1
NANOG,ID2,1
NANOG,HIP1,1
NANOG,PAX6,1
NANOG,GLUL,1
NANOG,XRCC5,1
NANOG,SMAD7,1
NANOG,BRCA2,1
NANOG,SRSF1,1
NANOG,ELAVL2,1
NANOG,ILF3,1
NANOG,ZMYND11,1
NANOG,CRAMP1L,1
NANOG,ULK1,1
NANOG,GLS,1
NANOG,NAA15,1
NANOG,E2F4,1
NANOG,FDPS,1
NANOG,SIX5,1
NANOG,TSG101,1
NANOG,NEDD4,1
NANOG,ELK1,1
NANOG,E2F2,1
NANOG,LMF2,1
NANOG,KHDRBS1,1
NANOG,PREB,1
NANOG,BTAF1,1
NANOG,FRMD4A,1
NANOG,SCMH1,1
NANOG,ATP6V0A1,1
NANOG,TGIF1,1
NANOG,TOP2A,1
NANOG,PTPN14,1
NANOG,ETV6,1
NANOG,STAT5A,1
NANOG,TIMELESS,1
NANOG,ZFP398,1
NANOG,HMGXB3,1
NANOG,HIST1H2BN,1
NANOG,HIST1H2AK,1
NANOG,GSR,1
NANOG,HIST1H3H,1
NANOG,CALCOCO1,1
NANOG,SPRY2,1
NANOG,ECD,1
NANOG,BCAM,1
NANOG,JARID2,1
NANOG,ING1,1
NANOG,RBL1,1
NANOG,BTBD11,1
NANOG,CDC5L,1
NANOG,KPNA2,1
NANOG,SLC6A6,1
NANOG,RELA,1
NANOG,XAB2,1
NANOG,ELL2,1
NANOG,BNIP3,1
NANOG,BRWD1,1
NANOG,POLR2H,1
NANOG,HDAC4,1
NANOG,SMARCA4,1
NANOG,SLC25A5,1
NANOG,MPHOSPH8,1
NANOG,FLRT3,1
NANOG,SIRT2,1
NANOG,LGMN,1
NANOG,TDH,1
NANOG,KLF6,1
NANOG,CNOT2,1
NANOG,ZDHHC16,1
NANOG,ZFP91,1
NANOG,INSIG1,1
NANOG,FXR2,1
NANOG,CTH,1
NANOG,SALL4,1
NANOG,TDGF1,1
NANOG,MYD88,1
NANOG,CLCN5,1
NANOG,NFX1,1
NANOG,OPLAH,1
NANOG,HDLBP,1
NANOG,KAT6B,1
NANOG,ASH1L,1
NANOG,ZSWIM4,1
NANOG,CSRP2,1
NANOG,MARC2,1
NANOG,TOPORS,1
NANOG,NFYB,1
NANOG,POLR2A,1
NANOG,MEF2C,1
NANOG,SMARCC1,1
NANOG,SP8,1
NANOG,SND1,1
NANOG,YEATS4,1
NANOG,TRIP11,1
NANOG,FOXH1,1
NANOG,MYBBP1A,1
NANOG,CHST15,1
NANOG,CCNG1,1
NANOG,TRIM32,1
NANOG,KNTC1,1
NANOG,P4HA1,1
NANOG,POLR2K,1
NANOG,PLRG1,1
NANOG,POLR2J,1
NANOG,CBX6,1
NANOG,ECT2,1
NANOG,HIST1H2BK,1
NANOG,CNOT6,1
NANOG,SMURF2,1
NANOG,PCBP2,1
NANOG,ABTB1,1
NANOG,PHF12,1
NANOG,HMGB2,1
NANOG,TAF10,1
NANOG,IFITM3,1
NANOG,MTA3,1
NANOG,GLI2,1
NANOG,EZH1,1
NANOG,GTF2H3,1
NANOG,FABP3,1
NANOG,MAZ,1
NANOG,POLR3F,1
NANOG,ETV4,1
NANOG,RNF14,1
NANOG,RAD54B,1
NANOG,B2M,1
NANOG,MYC,1
NANOG,DNMT1,1
NANOG,ATF1,1
NANOG,ANKRD49,1
NANOG,DDX58,1
NANOG,EP300,1
NANOG,KLF9,1
NANOG,HSP90AA1,1
NANOG,COPS2,1
NANOG,SLC25A4,1
NANOG,NR4A1,1
NANOG,PITX2,1
NANOG,ABT1,1
NANOG,ANP32A,1
NANOG,TNFAIP3,1
NANOG,CALR,1
NANOG,IRF1,1
NANOG,HSP90B1,1
NANOG,HDAC2,1
NANOG,CDC20,1
NANOG,BRPF1,1
NANOG,GNPDA1,1
NANOG,POLR1B,1
NANOG,LDHB,1
NANOG,DNAJC10,1
NANOG,ERP29,1
NANOG,ZFHX3,1
NANOG,DDX20,1
NANOG,TRIM28,1
NANOG,SOAT1,1
NANOG,ATF6,1
NANOG,DDX54,1
NANOG,MORC4,1
NANOG,HIST1H2BL,1
NANOG,HIST1H2AI,1
NANOG,CNOT8,1
NANOG,TLE1,1
NANOG,EP400,1
NANOG,TXNDC12,1
NANOG,NACC1,1
NANOG,HSF2,1
NANOG,FRRS1,1
NANOG,AIP,1
NANOG,MCM4,1
NANOG,ATM,1
NANOG,ANXA5,1
NANOG,SAP30,1
NANOG,DDB1,1
NANOG,NR0B1,1
NANOG,TET2,1
NANOG,NR2C1,1
NANOG,HDAC7,1
NANOG,EZH2,1
NANOG,KLF10,1
NANOG,TET1,1
NANOG,MCM6,1
NANOG,RBBP7,1
NANOG,ATF7,1
NANOG,MITF,1
NANOG,NFE2L2,1
NANOG,SATB2,1
NANOG,POLR2B,1
NANOG,ERF,1
NANOG,ODC1,1
NANOG,P4HB,1
NANOG,TCL1,1
NANOG,TSHZ3,1
NANOG,CRY1,1
NANOG,P3H1,1
NANOG,ZFP57,1
NANOG,MXD4,1
NANOG,EDEM1,1
NANOG,CREB3,1
NANOG,RASGRP2,1
NANOG,PHF14,1
NANOG,PA2G4,1
NANOG,FN1,1
NANOG,E2F6,1
NANOG,MED31,1
NANOG,HTT,1
NANOG,SUZ12,1
NANOG,MATR3,1
NANOG,RBMX,1
NANOG,HNRNPAB,1
NANOG,KLF3,1
NANOG,TCEA1,1
NANOG,HIST1H2BF,1
NANOG,NRIP1,1
NANOG,ATF4,1
NANOG,ARHGAP29,1
NANOG,EWSR1,1
NANOG,ZFAND3,1
NANOG,RANBP17,1
NANOG,PML,1
NANOG,SP1,1
NANOG,POLR1A,1
NANOG,ESRRA,1
NANOG,NOTCH2,1
NANOG,MAFK,1
NANOG,ZFP281,1
NANOG,NDRG1,1
NANOG,ATF5,1
NANOG,ZHX3,1
NANOG,PGA5,1
NANOG,RBMXL2,1
NANOG,SLC7A6,1
NANOG,DDX5,1
NANOG,RBPMS2,1
NANOG,CENPB,1
NANOG,UTF1,1
NANOG,NR3C1,1
NANOG,SIRT3,1
NANOG,ELF1,1
NANOG,FBLIM1,1
NANOG,RNF2,1
NANOG,ILF2,1
NANOG,ARNTL,1
NANOG,NFIB,1
NANOG,MED21,1
NANOG,NRG1,1
NANOG,PHF20,1
NANOG,ZFP277,1
NANOG,TOX4,1
NANOG,RFXAP,1
NANOG,PSIP1,1
NANOG,MED4,1
NANOG,TMED2,1
NANOG,HSPA5,1
NANOG,KRBA1,1
NANOG,PLAGL2,1
NANOG,HMGA1,1
NANOG,MLXIPL,1
NANOG,PCOLCE,1
NANOG,PHF1,1
NANOG,NFYA,1
NANOG,D230025D16RIK,1
NANOG,GTF3C5,1
NANOG,YEATS2,1
NANOG,GABPA,1
NANOG,TULP3,1
NANOG,RFX7,1
NANOG,ABHD5,1
NANOG,CTNNB1,1
NANOG,RAB11A,1
NANOG,NDN,1
NANOG,USF1,1
NANOG,RRBP1,1
NANOG,RARG,1
NANOG,POLR3D,1
NANOG,SIN3B,1
NANOG,NFKBIA,1
NANOG,TMEM144,1
NANOG,NR1D2,1
NANOG,GTF2H4,1
NANOG,BCL3,1
NANOG,HIF1A,1
NANOG,CTBP2,1
NANOG,CNOT6L,1
NANOG,SUB1,1
NANOG,HIST1H2AF,1
NANOG,CTSL,1
NANOG,BASP1,1
NANOG,ELP2,1
NANOG,MYH9,1
NANOG,MEIS1,1
NANOG,HES1,1
NANOG,SAT1,1
NANOG,CSF1,1
NANOG,ZFP446,1
NANOG,BRCA1,1
NANOG,TCF4,1
NANOG,HNRNPD,1
NANOG,UBP1,1
NANOG,DDB2,1
NANOG,ATP13A3,1
NANOG,NR1D1,1
NANOG,SNAPC3,1
NANOG,MIS18BP1,1
NANOG,ZBTB43,1
NANOG,SRRT,1
NANOG,PMS1,1
NANOG,SSR3,1
NANOG,BARD1,1
NANOG,PHB2,1
NANOG,MEF2A,1
NANOG,HIST1H1D,1
NANOG,CEBPZ,1
NANOG,KLF4,1
NANOG,EIF4A2,1
NANOG,E2F1,1
NANOG,SMAD2,1
NANOG,POU6F1,1
NANOG,PARP1,1
NANOG,TRP53,1
NANOG,STXBP2,1
NANOG,RAD51,1
NANOG,NRF1,1
NANOG,GPX3,1
NANOG,SLC16A1,1
NANOG,RNF6,1
NANOG,CTSD,1
NANOG,SELENOW,1
NANOG,BIN1,1
NANOG,ITGA6,1
NANOG,DNAJC2,1
NANOG,COIL,1
NANOG,APBB1,1
NANOG,HIF3A,1
NANOG,HDGF,1
NANOG,ESRRB,1
NANOG,SMARCA2,1
NANOG,IRF6,1
NANOG,EED,1
NANOG,MKX,1
NANOG,HMGA1B,1
NANOG,EYA1,1
NANOG,UBE2C,1
NANOG,CTCF,1
NANOG,HDAC1,1
NANOG,CDC42SE2,1
NANOG,CD63,1
NANOG,HSPH1,1
NANOG,ELK4,1
NANOG,SIN3A,1
NANOG,UCHL1,1
NANOG,DAXX,1
NANOG,NFATC3,1
NANOG,FXR1,1
NANOG,ARID1A,1
NANOG,PBX4,1
NANOG,PARVB,1
NANOG,ASH2L,1
NANOG,LRP2,1
NANOG,BMP6,1
NANOG,HNRNPK,1
NANOG,NUP210,1
NANOG,GTF2A1L,1
NANOG,SIRT1,1
NANOG,HIVEP2,1
NANOG,EOMES,1
NANOG,AU018091,1
NANOG,MCM2,1
NANOG,EDA2R,1
NANOG,DR1,1
NANOG,TBL1X,1
NANOG,HDAC5,1
NANOG,DPPA4,1
NANOG,PDCD11,1
NANOG,STARD10,1
NANOG,COBL,1
NANOG,HEY2,1
NANOG,ATF2,1
NANOG,ZIC3,1
NANOG,FAM234A,1
NANOG,RBFOX2,1
NANOG,HOXD13,1
NANOG,UBQLN2,1
NANOG,NID1,1
NANOG,MBD2,1
NANOG,CBX7,1
NANOG,SRSF3,1
NANOG,POLR1E,1
NANOG,PHLDA3,1
NANOG,VIM,1
NANOG,CALCOCO2,1
NANOG,POLR2E,1
NANOG,KHDC3,1
NANOG,MT2,1
NANOG,AQP8,1
NANOG,TAGLN2,1
NANOG,HSF2BP,1
NANOG,AMPD2,1
NANOG,KLF13,1
NANOG,RNF19A,1
NANOG,CITED2,1
NANOG,ZEB2,1
NANOG,SMARCAD1,1
NANOG,CIC,1
NANOG,PIAS1,1
NANOG,PRDM1,1
NANOG,CAR2,1
NANOG,APOBEC3,1
NANOG,ASS1,1
NANOG,DAB2,1
NANOG,RRM2,1
NANOG,MYO6,1
NANOG,LY6G6E,1
NANOG,ANKS1,1
NANOG,SMARCB1,1
NANOG,MLXIP,1
NANOG,MAN1A2,1
NANOG,CTBP1,1
NANOG,TNS4,1
NANOG,TRRAP,1
NANOG,KLF2,1
NANOG,PDGFRA,1
NANOG,NCOA3,1
NANOG,ZEB1,1
NANOG,CTNNBL1,1
NANOG,PHLDB2,1
NANOG,PLOD3,1
NANOG,LAMA1,1
NANOG,FXYD6,1
NANOG,DDAH2,1
NANOG,JUND,1
NANOG,PAWR,1
NANOG,GZF1,1
NANOG,SSB,1
NANOG,LOXL2,1
NANOG,HIST1H1B,1
NANOG,GNAS,1
NANOG,PAPOLA,1
NANOG,HTRA1,1
NANOG,ZMYM2,1
NANOG,DMRT1,1
NANOG,JDP2,1
NANOG,CCNB1,1
NANOG,MCM7,1
NANOG,SPEN,1
NANOG,FST,1
NANOG,PER1,1
NANOG,TTF2,1
NANOG,CREB3L2,1
NANOG,MSC,1
NANOG,MEF2D,1
NANOG,LAMA5,1
NANOG,ISYNA1,1
NANOG,ETS1,1
NANOG,ZBTB3,1
NANOG,SMURF1,1
NANOG,ETV3,1
NANOG,ZFP335,1
NANOG,CBX8,1
NANOG,ZFP979,1
NANOG,PIAS2,1
NANOG,MOV10,1
NANOG,BMI1,1
NANOG,TCOF1,1
NANOG,GABBR1,1
NANOG,CTSA,1
NANOG,FAM129B,1
NANOG,BEX1,1
NANOG,RERE,1
NANOG,PRSS35,1
NANOG,HES6,1
NANOG,RNF157,1
NANOG,RFX5,1
NANOG,POLR2I,1
NANOG,RYBP,1
NANOG,GDPD5,1
NANOG,ZBTB10,1
NANOG,PRDM5,1
NANOG,BEND5,1
NANOG,PODXL,1
NANOG,IGFBP2,1
NANOG,GLDC,1
NANOG,COTL1,1
NANOG,KLF8,1
NANOG,ZFYVE21,1
NANOG,TEAD4,1
NANOG,TRIB3,1
NANOG,CNOT3,1
NANOG,RAB3IL1,1
NANOG,DAZAP2,1
NANOG,ZFP768,1
NANOG,MGST3,1
NANOG,SOS2,1
NANOG,ERCC8,1
NANOG,FGF3,1
NANOG,ZFPM1,1
NANOG,FOSL2,1
NANOG,SRGN,1
NANOG,FGF4,1
NANOG,P4HA2,1
NANOG,MDM2,1
NANOG,GLIPR2,1
NANOG,EBF1,1
NANOG,GATA4,1
NANOG,EFEMP2,1
NANOG,SKIL,1
NANOG,PFKP,1
NANOG,L1TD1,1
NANOG,FOXA2,1
NANOG,VEZF1,1
NANOG,BTG1,1
NANOG,NCOR1,1
NANOG,YBX1,1
NANOG,NME2,1
NANOG,SRM,1
NANOG,BMPER,1
NANOG,ATF3,1
NANOG,ELL3,1
NANOG,IMPDH1,1
NANOG,RAI14,1
NANOG,JUN,1
NANOG,SMARCC2,1
NANOG,NKRF,1
NANOG,KRT42,1
NANOG,POLR1C,1
NANOG,F3,1
NANOG,CHCHD10,1
NANOG,SRI,1
NANOG,SORD,1
NANOG,ZYX,1
NANOG,SNAI1,1
NANOG,FIZ1,1
NANOG,RB1,1
NANOG,ELF3,1
NANOG,ELF2,1
NANOG,TOP2B,1
NANOG,MCM5,1
NANOG,PLOD2,1
NANOG,HOPX,1
NANOG,KEAP1,1
NANOG,SOX4,1
NANOG,SERPINH1,1
NANOG,SURF4,1
NANOG,ELF4,1
NANOG,PLAT,1
NANOG,OVOL1,1
NANOG,GRHL1,1
NANOG,FOXO1,1
NANOG,ALPL,1
NANOG,PMM1,1
NANOG,CRIP2,1
NANOG,TFCP2L1,1
NANOG,AIRE,1
NANOG,TINAGL1,1
NANOG,TIMP2,1
NANOG,NR2F2,1
NANOG,GABARAPL2,1
NANOG,SEC24D,1
NANOG,NUPR1,1
NANOG,RUVBL2,1
NANOG,LEFTY1,1
NANOG,TOX3,1
NANOG,RUNX1,1
NANOG,ARL6IP5,1
NANOG,ID4,1
NANOG,LHX2,1
NANOG,RCN3,1
NANOG,MAML3,1
NANOG,GBX2,1
NANOG,H1F0,1
NANOG,TBPL1,1
NANOG,EPHA2,1
NANOG,TAF6,1
NANOG,DEK,1
NANOG,CKAP4,1
NANOG,NOTCH1,1
NANOG,EPS8,1
NANOG,GLI1,1
NANOG,COL27A1,1
NANOG,GLIS2,1
NANOG,SRSF6,1
NANOG,IKBKB,1
NANOG,SLCO3A1,1
NANOG,APP,1
NANOG,KDELR3,1
NANOG,GRB10,1
NANOG,CUX1,1
NANOG,AGAP3,1
NANOG,HDAC3,1
NANOG,MED15,1
NANOG,CHD4,1
NANOG,GAS6,1
NANOG,TUBB6,1
NANOG,MEN1,1
NANOG,POU4F2,1
NANOG,NR1H2,1
NANOG,FOXO3,1
NANOG,SEMA4C,1
NANOG,ZFP236,1
NANOG,TPM4,1
NANOG,TFEB,1
NANOG,KIT,1
NANOG,HNF1B,1
NANOG,NFKB2,1
NANOG,EPAS1,1
NANOG,KDELR2,1
NANOG,CKB,1
NANOG,COMMD3,1
NANOG,IGF2,1
NANOG,FGFR3,1
NANOG,CITED1,1
NANOG,ZDHHC15,1
NANOG,SATB1,1
NANOG,PATZ1,1
NANOG,KLF15,1
NANOG,HDAC11,1
NANOG,FHL2,1
NANOG,ILK,1
NANOG,IRF2,1
NANOG,DKC1,1
NANOG,STAT5B,1
NANOG,GRIN1,1
NANOG,NFATC1,1
NANOG,MYBL2,1
NANOG,ANXA2,1
NANOG,XBP1,1
NANOG,DKK1,1
NANOG,BTG2,1
NANOG,TUBA4A,1
NANOG,SIX1,1
NANOG,NR2F6,1
NANOG,TYRO3,1
NANOG,FGF10,1
NANOG,PDCD4,1
NANOG,ZFP275,1
NANOG,ZFP592,1
NANOG,TGFB1,1
NANOG,EBF4,1
NANOG,VSIR,1
NANOG,HSPG2,1
NANOG,TFAP2C,1
NANOG,TNK2,1
NANOG,2200002D01RIK,1
NANOG,NPAS2,1
NANOG,FOXJ2,1
NANOG,PAX8,1
NANOG,MAPK11,1
NANOG,TIMP3,1
NANOG,JAM2,1
NANOG,SOX7,1
NANOG,EMP2,1
NANOG,ADAM23,1
NANOG,ID3,1
NANOG,MAPK13,1
NANOG,MAPK3,1
NANOG,LDLRAP1,1
NANOG,PCBD1,1
NANOG,EGR1,1
NANOG,BRD7,1
NANOG,ZFP276,1
NANOG,TRH,1
NANOG,KRT8,1
NANOG,DNMT3A,1
NANOG,LRRK1,1
NANOG,ZBTB39,1
NANOG,RAPGEF3,1
NANOG,HSBP1,1
NANOG,CUX2,1
NANOG,COL4A2,1
NANOG,COL4A1,1
NANOG,RFX2,1
NANOG,SMAD3,1
NANOG,LTBP4,1
NANOG,CREB5,1
NANOG,ZFP36L1,1
NANOG,CEMIP,1
NANOG,RCOR2,1
NANOG,ARNT2,1
NANOG,TWIST1,1
NANOG,HMGA2,1
NANOG,FOXQ1,1
NANOG,P3H4,1
NANOG,RCC2,1
NANOG,TFAP4,1
NANOG,HS3ST1,1
NANOG,ERCC3,1
NANOG,CTNNBIP1,1
NANOG,TCF7,1
NANOG,ITPK1,1
NANOG,EPHA4,1
NANOG,HCFC1,1
NANOG,FAM25C,1
NANOG,HIST1H1A,1
NANOG,GLMP,1
NANOG,CTSZ,1
NANOG,NFIA,1
NANOG,SRF,1
NANOG,PKNOX2,1
NANOG,SMARCD1,1
NANOG,MRAS,1
NANOG,SPARC,1
NANOG,TCF20,1
NANOG,SHKBP1,1
NANOG,PTH1R,1
NANOG,NOTUM,1
NANOG,EHMT2,1
NANOG,THBD,1
NANOG,PDPN,1
NANOG,KANK3,1
NANOG,CLDN6,1
NANOG,CBX4,1
NANOG,NFIL3,1
NANOG,CELF3,1
NANOG,MYCN,1
NANOG,FOXD3,1
NANOG,CHD5,1
NFYA,ANKRD54,1
NFYA,NFATC2IP,1
NFYA,CNOT3,1
NFYA,ZSWIM4,1
NFYA,ARNTL,1
NFYA,TCERG1,1
NFYA,UBE2C,1
NFYA,RUVBL2,1
NFYA,SP1,1
NFYA,HSPA5,1
NFYA,MED4,1
NFYA,CALR,1
NFYA,ZFYVE21,1
NFYA,XAB2,1
NFYA,HSP90B1,1
NFYA,CIC,1
NFYA,ANP32A,1
NFYA,HNRNPAB,1
NFYA,NFE2L1,1
NFYA,MANF,1
NFYA,TOP2A,1
NFYA,ATF7,1
NFYA,PLAG1,1
NFYA,CRAMP1L,1
NFYA,MCM5,1
NFYA,KAT6B,1
NFYA,RRBP1,1
NFYA,ELAVL2,1
NFYA,MYH9,1
NFYA,UNG,1
NFYA,MXD4,1
NFYA,SFPQ,1
NFYA,P4HB,1
NFYA,ZDHHC16,1
NFYA,HIST1H2BF,1
NFYA,MPHOSPH8,1
NFYA,ORC2,1
NFYA,TXNIP,1
NFYA,YBX1,1
NFYA,ZBTB3,1
NFYA,ZMYM2,1
NFYA,ILF2,1
NFYA,BRCA1,1
NFYA,SRM,1
NFYA,GLS,1
NFYA,KLF10,1
NFYA,TRP53,1
NFYA,HIP1,1
NFYA,RAD54B,1
NFYA,HIST1H2BK,1
NFYA,LGMN,1
NFYA,WBP11,1
NFYA,POLR2I,1
NFYA,ERCC8,1
NFYA,SIN3A,1
NFYA,TULP3,1
NFYA,KANK3,1
NFYA,HIST1H2AC,1
NFYA,TRP53BP1,1
NFYA,MCM3,1
NFYA,SIRT2,1
NFYA,GLUL,1
NFYA,SSR3,1
NFYA,HDAC4,1
NFYA,RUVBL1,1
NFYA,COTL1,1
NFYA,DAZAP2,1
NFYA,HSF2,1
NFYA,SERTAD2,1
NFYA,HIST1H2BN,1
NFYA,HIST1H2AK,1
NFYA,KLF6,1
NFYA,ETV5,1
NFYA,EZH2,1
NFYA,ID2,1
NFYA,HEXIM1,1
NFYA,MORF4L2,1
NFYA,ECT2,1
NFYA,UBP1,1
NFYA,TOP2B,1
NFYA,HMGB2,1
NFYA,ING1,1
NFYA,NDRG4,1
NFYA,PDCD11,1
NFYA,SRSF6,1
NFYA,CREB3L2,1
NFYA,2410141K09RIK,1
NFYA,ELK1,1
NFYA,KDM3A,1
NFYA,CDC20,1
NFYA,RERE,1
NFYA,TOX4,1
NFYA,PDIA6,1
NFYA,RBM14,1
NFYA,PITX2,1
NFYA,TTF2,1
NFYA,HIF3A,1
NFYA,FDPS,1
NFYA,MYLPF,1
NFYA,ZFP277,1
NFYA,RFX5,1
NFYA,PMS1,1
NFYA,MAML1,1
NFYA,UHRF1,1
NFYA,HES1,1
NFYA,INSIG1,1
NFYA,MIS18BP1,1
NFYA,ANKRD49,1
NFYA,ING3,1
NFYA,SND1,1
NFYA,TLE1,1
NFYA,HIST1H2BL,1
NFYA,HIST1H2AI,1
NFYA,SOX4,1
NFYA,FXR2,1
NFYA,TRIM32,1
NFYA,CCNG1,1
NFYA,DDB1,1
NFYA,MCM4,1
NFYA,HES6,1
NFYA,PHF12,1
NFYA,KLF9,1
NFYA,FOXO3,1
NFYA,CALU,1
NFYA,FOXO1,1
NFYA,ZBTB7A,1
NFYA,GTF3C1,1
NFYA,ASH2L,1
NFYA,HIST1H2BB,1
NFYA,CTNNBL1,1
NFYA,HNRNPK,1
NFYA,APEX1,1
NFYA,FUBP3,1
NFYA,TAX1BP3,1
NFYA,DDIT3,1
NFYA,E2F2,1
NFYA,L3MBTL2,1
NFYA,CTH,1
NFYA,ILF3,1
NFYA,SRF,1
NFYA,ATM,1
NFYA,RBMX,1
NFYA,TAF6L,1
NFYA,MED21,1
NFYA,NONO,1
NFYA,BTG1,1
NFYA,TAF1,1
NFYA,MCM7,1
NFYA,HIST1H1A,1
NFYA,SHKBP1,1
NFYA,SMARCA5,1
NFYA,AIP,1
NFYA,CCNB1,1
NFYA,HIST1H3H,1
NFYA,RNF157,1
NFYA,SIX5,1
NFYA,RFX2,1
NFYA,ATF4,1
NFYA,P3H1,1
NFYA,B2M,1
NFYA,TBX3,1
NFYA,ELL2,1
NFYA,ESPL1,1
NFYA,ETV4,1
NFYA,TADA3,1
NFYA,SHROOM3,1
NFYA,DDX54,1
NFYA,CTSL,1
NFYA,BMP6,1
NFYA,CMKLR1,1
NFYA,PBX4,1
NFYA,MCM6,1
NFYA,DAXX,1
NFYA,CKB,1
NFYA,ZIC3,1
NFYA,NME2,1
NFYA,DCXR,1
NFYA,NFATC3,1
NFYA,BRPF1,1
NFYA,HMGXB4,1
NFYA,PLA2G1B,1
NFYA,KNTC1,1
NFYA,PHB2,1
NFYA,HDAC1,1
NFYA,CDC5L,1
NFYA,TCOF1,1
NFYA,TUBB2B,1
NFYA,GTF3C5,1
NFYA,PBXIP1,1
NFYA,MTF2,1
NFYA,HSPH1,1
NFYA,RNF6,1
NFYA,EDEM1,1
NFYA,NFKB2,1
NFYA,MSX2,1
NFYA,ZFP446,1
NFYA,POLR3F,1
NFYA,HDLBP,1
NFYA,NR1D2,1
NFYA,JUND,1
NFYA,RBMXL2,1
NFYA,DDX5,1
NFYA,CTNNBIP1,1
NFYA,XBP1,1
NFYA,ZFP219,1
NFYA,SLC25A4,1
NFYA,POLR2A,1
NFYA,SALL4,1
NFYA,SFI1,1
NFYA,MAZ,1
NFYA,SNAPC3,1
NFYA,RBBP4,1
NFYA,ULK1,1
NFYA,HDAC11,1
NFYA,ESRRA,1
NFYA,MLXIPL,1
NFYA,LTBP4,1
NFYA,CTSD,1
NFYA,ATF2,1
NFYA,ATF5,1
NFYA,XRCC6,1
NFYA,GPX3,1
NFYA,KPNA2,1
NFYA,JUN,1
NFYA,TFRC,1
NFYA,MEN1,1
NFYA,PAX6,1
NFYA,BTBD11,1
NFYA,PARP1,1
NFYA,RFX7,1
NFYA,PA2G4,1
NFYA,CALCOCO1,1
NFYA,MT1,1
NFYB,ILF2,1
NFYB,UBE2C,1
NFYB,ZSWIM4,1
NFYB,XAB2,1
NFYB,ARNTL,1
NFYB,ANKRD54,1
NFYB,HSPA5,1
NFYB,HNRNPAB,1
NFYB,SP1,1
NFYB,TOP2A,1
NFYB,EZH2,1
NFYB,TCERG1,1
NFYB,HIST1H2BK,1
NFYB,CNOT3,1
NFYB,TXNIP,1
NFYB,BRCA1,1
NFYB,ANP32A,1
NFYB,HIST1H2BF,1
NFYB,CRAMP1L,1
NFYB,NFATC2IP,1
NFYB,CIC,1
NFYB,RUVBL2,1
NFYB,MANF,1
NFYB,ZFYVE21,1
NFYB,RRBP1,1
NFYB,UNG,1
NFYB,ERCC8,1
NFYB,CALR,1
NFYB,ILF3,1
NFYB,MXD4,1
NFYB,ID2,1
NFYB,MCM5,1
NFYB,HIST1H2BN,1
NFYB,HIST1H2AK,1
NFYB,ZBTB3,1
NFYB,HIST1H2AC,1
NFYB,HSP90B1,1
NFYB,HMGB2,1
NFYB,KLF10,1
NFYB,POLR2I,1
NFYB,LGMN,1
NFYB,MCM3,1
NFYB,ANKRD49,1
NFYB,KAT6B,1
NFYB,NFE2L1,1
NFYB,HES6,1
NFYB,ETV5,1
NFYB,HIST1H2BL,1
NFYB,HIST1H2AI,1
NFYB,SIRT2,1
NFYB,P4HB,1
NFYB,SRSF6,1
NFYB,TRP53BP1,1
NFYB,MPHOSPH8,1
NFYB,SND1,1
NFYB,GLS,1
NFYB,YBX1,1
NFYB,TULP3,1
NFYB,ELAVL2,1
NFYB,MORF4L2,1
NFYB,2410141K09RIK,1
NFYB,SIN3A,1
NFYB,KLF6,1
NFYB,HIST1H1B,1
NFYB,KLF9,1
NFYB,APEX1,1
NFYB,SSR3,1
NFYB,RFX5,1
NFYB,ING1,1
NFYB,TOP2B,1
NFYB,CREB3L2,1
NFYB,ORC2,1
NFYB,ATF7,1
NFYB,HIP1,1
NFYB,NFYA,1
NFYB,L3MBTL2,1
NFYB,ZDHHC16,1
NFYB,KDM3A,1
NFYB,ECT2,1
NFYB,HES1,1
NFYB,PBX4,1
NFYB,CTH,1
NFYB,SFPQ,1
NFYB,MAML1,1
NFYB,FDPS,1
NFYB,COTL1,1
NFYB,GLUL,1
NFYB,WBP11,1
NFYB,PLAG1,1
NFYB,INSIG1,1
NFYB,CCNG1,1
NFYB,HIF3A,1
NFYB,ATF4,1
NFYB,ZIC3,1
NFYB,ING3,1
NFYB,KANK3,1
NFYB,HIST1H2BB,1
NFYB,CTNNBL1,1
NFYB,UBP1,1
NFYB,MYH9,1
NFYB,HIST1H2AF,1
NFYB,MKRN1,1
NFYB,HIST1H1A,1
NFYB,HEXIM1,1
NFYB,XBP1,1
NFYB,CTSL,1
NFYB,RUVBL1,1
NFYB,RERE,1
NFYB,UHRF1,1
NFYB,TAF1,1
NFYB,RAD54B,1
NFYB,HDAC4,1
NFYB,TAX1BP3,1
NFYB,PITX2,1
NFYB,HDLBP,1
NFYB,SHKBP1,1
NFYB,E2F2,1
NFYB,ELK1,1
NFYB,DDIT3,1
NFYB,ASH2L,1
NFYB,NDRG4,1
NFYB,ELL2,1
NFYB,RBM14,1
NFYB,PMS1,1
NFYB,RBBP4,1
NFYB,CKB,1
NFYB,MIS18BP1,1
NFYB,JARID2,1
NFYB,FXR2,1
NFYB,DAZAP2,1
NFYB,PER1,1
NFYB,TTF2,1
NFYB,PBXIP1,1
NFYB,HSF2,1
NFYB,SMARCA5,1
NFYB,MCM4,1
NFYB,AIP,1
NFYB,MAZ,1
NFYB,MCM6,1
NFYB,ZMYM2,1
NFYB,PLA2G1B,1
NFYB,DDX5,1
NFYB,BTG1,1
NFYB,MYMX,1
NFYB,DDX54,1
NFYB,MSX2,1
NFYB,KNTC1,1
NFYB,TBX18,1
NFYB,CMKLR1,1
NFYB,ZFP446,1
NFYB,SERTAD2,1
NFYB,CDC20,1
NFYB,GLDC,1
NFYB,MED21,1
NFYB,DDB1,1
NFYB,GPX3,1
NFYB,FOXO3,1
NFYB,MYLPF,1
NONO,ZFHX3,1
NONO,CBX4,1
NR0B1,PRDM14,1
NR0B1,RIF1,1
NR0B1,JUND,1
NR0B1,RBM14,1
NR0B1,SPP1,1
NR0B1,MTF2,1
NR0B1,MKRN1,1
NR0B1,TDGF1,1
NR0B1,DPPA2,1
NR0B1,SGK1,1
NR0B1,ETV4,1
NR0B1,BRWD1,1
NR0B1,PHC1,1
NR0B1,TFRC,1
NR0B1,LDB1,1
NR0B1,UPP1,1
NR0B1,TFE3,1
NR0B1,FABP3,1
NR0B1,FUBP3,1
NR0B1,STAT4,1
NR0B1,NOTCH4,1
NR0B1,ZFP42,1
NR0B1,MYMX,1
NR0B1,CALU,1
NR0B1,IGFBP2,1
NR0B1,TRP53BP1,1
NR0B1,LDHB,1
NR0B1,CST3,1
NR0B1,SIRT3,1
NR0B1,PCOLCE,1
NR0B1,SFI1,1
NR0B1,OTX2,1
NR0B1,PURA,1
NR0B1,ESRRA,1
NR0B1,NR5A2,1
NR0B1,NANOG,1
NR0B1,LY6G6E,1
NR0B1,SLC5A11,1
NR0B1,GNPDA1,1
NR0B1,ZFP148,1
NR0B1,IFITM1,1
NR0B1,GLIS2,1
NR0B1,RBPJ,1
NR0B1,SLC7A3,1
NR0B1,MEF2C,1
NR0B1,TDH,1
NR0B1,BCL3,1
NR0B1,SEPT1,1
NR0B1,MEF2D,1
NR0B1,RARA,1
NR0B1,ANKRD6,1
NR0B1,TAX1BP3,1
NR0B1,DIDO1,1
NR0B1,POU2F1,1
NR0B1,NR1D2,1
NR0B1,FBLIM1,1
NR0B1,ZSCAN10,1
NR0B1,GSTA4,1
NR0B1,MAPK8,1
NR0B1,HMCES,1
NR0B1,ID2,1
NR0B1,SLC25A5,1
NR0B1,MYLPF,1
NR0B1,OPLAH,1
NR4A1,STARD10,1
NR4A1,SLC6A6,1
NR4A1,SFI1,1
NR4A1,HIF1A,1
NR4A1,CMKLR1,1
NR4A1,ZFP57,1
NR4A1,CDKN1A,1
NR4A1,MITF,1
NR4A1,PRDM14,1
NR4A1,MAML3,1
NR4A1,PAX6,1
NR4A1,FOXP1,1
NR4A1,SGK1,1
NR4A1,CBX7,1
NR4A1,AIP,1
NR4A1,PODXL,1
NR4A1,MORF4L2,1
NR4A1,BTG2,1
NR4A1,LAPTM5,1
NR4A1,CNOT7,1
NR4A1,HIST1H2BK,1
NR4A1,TUBB2B,1
NR4A1,HIST1H2AC,1
NR4A1,HIST1H2BB,1
NR4A1,TIMELESS,1
NR4A1,TRRAP,1
NR4A1,SMARCA5,1
NR4A1,HIST1H4K,1
NR4A1,TCF4,1
NR4A1,HIST1H2BN,1
NR4A1,HIST1H2AK,1
NR4A1,XAB2,1
NR4A1,NUPR1,1
NR4A1,PAX1,1
NR4A1,PIAS2,1
NR4A1,HIST1H3H,1
NR4A1,HIST1H2BL,1
NR4A1,HIST1H2AI,1
NR4A1,SRSF3,1
NR4A1,RFX7,1
NR4A1,CTSD,1
NR4A1,NR3C1,1
NR4A1,HES6,1
NR4A1,HIST1H2BF,1
NR4A1,GATAD2B,1
NR4A1,FRMD4A,1
NR4A1,SERTAD2,1
NR4A1,PDGFRA,1
NR4A1,ATF6,1
NR4A1,ING3,1
NR4A1,DDX58,1
NR4A1,DPP4,1
NR4A1,CNOT8,1
NR4A1,ANKRD6,1
NR4A1,CALCOCO1,1
NR4A1,HS3ST1,1
NR4A1,MYMX,1
NR4A1,TIMP3,1
NR4A1,ALPL,1
NR4A1,KAT2B,1
NR4A1,HIST1H2AF,1
NR4A1,GNPDA1,1
NR4A1,HDAC7,1
NR4A1,DAB2,1
NR4A1,YEATS4,1
NR4A1,ETV4,1
NR4A1,P4HB,1
NR4A1,SMARCA4,1
NR4A1,AATF,1
NR4A1,HSPG2,1
NR4A1,FRRS1,1
NR4A1,RNF157,1
NR4A1,HDLBP,1
NR4A1,GAS6,1
NR4A1,PLRG1,1
NR4A1,POLR2B,1
NR4A1,NRG1,1
NR4A1,BTBD11,1
NR4A1,ADAM19,1
NR4A1,SLC7A6,1
NR4A1,PCBD1,1
NR4A1,HSF2,1
NR4A1,IFITM2,1
NR4A1,GTF2H3,1
NR4A1,ERP29,1
NR4A1,EBF1,1
NR4A1,SPARC,1
NR4A1,NPHS1,1
NR4A1,PMS1,1
NR4A1,CNOT6L,1
NR4A1,ZFP42,1
NR4A1,PLAT,1
NR4A1,EZH1,1
NR4A1,SLC7A3,1
NR4A1,TRIM32,1
NR4A1,ASXL1,1
NR4A1,ABT1,1
NR4A1,ZFP979,1
NR4A1,SMARCC1,1
NR4A1,IRF6,1
NRF1,SMARCC1,1
NRF1,KDM3A,1
NRF1,POLR2J,1
NRF1,ZFAND3,1
NRF1,ZBTB43,1
NRF1,PHF12,1
NRF1,POU2F1,1
NRF1,PREB,1
NRF1,FXR2,1
NRF1,POLR2B,1
NRF1,NR1D1,1
NRF1,SMARCA5,1
NRF1,SMARCA4,1
NRF1,SRSF1,1
NRF1,TAF1A,1
NRF1,POLR1A,1
NRF1,HEXIM1,1
NRF1,ANXA5,1
NRF1,EED,1
NRF1,KRBA1,1
NRF1,ATF5,1
NRF1,SPRY4,1
NRF1,AIP,1
NRF1,MED4,1
NRF1,PLOD3,1
NRF1,YEATS4,1
NRF1,NCOR1,1
NRF1,TGIF1,1
NRF1,SNURF,1
NRF1,NFYA,1
NRF1,SIX5,1
NRF1,TRIM13,1
NRF1,DCP1A,1
NRF1,XRCC5,1
NRF1,ESRRA,1
NRF1,RBBP4,1
NRF1,CNOT8,1
NRF1,IRF3,1
NRF1,MYBBP1A,1
NRF1,MGST3,1
NRF1,CDC5L,1
NRF1,ODC1,1
NRF1,RFXAP,1
NRF1,HSP90AA1,1
NRF1,MCM4,1
NRF1,NEDD4,1
NRF1,POLR2I,1
NRF1,ATM,1
NRF1,ZFP91,1
NRF1,ISYNA1,1
NRF1,HIST1H2AC,1
NRF1,GZF1,1
NRF1,D230025D16RIK,1
NRF1,ZFP446,1
NRF1,RAD54B,1
NRF1,LGMN,1
NRF1,KHDRBS1,1
NRF1,BTF3,1
NRF1,RBFOX2,1
NRF1,DIDO1,1
NRF1,USF1,1
NRF1,DNMT1,1
NRF1,HDLBP,1
NRF1,FLRT3,1
NRF1,UBE2C,1
NRF1,NFXL1,1
NRF1,GTF2I,1
NRF1,TAF6,1
NRF1,HIST1H2BK,1
NRF1,SMARCB1,1
NRF1,E2F6,1
NRF1,HSF2BP,1
NRF1,GTF3C1,1
NRF1,BRCA1,1
NRF1,ZFP281,1
NRF1,RBPJ,1
NRF1,DKC1,1
NRF1,PBX4,1
NRF1,SIN3B,1
NRF1,P4HA1,1
NRF1,DDIT3,1
NRF1,MEF2A,1
NRF1,HIST1H2BL,1
NRF1,HIST1H2AI,1
NRF1,HIST1H2BN,1
NRF1,HIST1H2AK,1
NRF1,CTBP1,1
NRF1,TRIM32,1
NRF1,HIF3A,1
NRF1,HMGXB3,1
NRF1,UHRF1,1
NRF1,SFPQ,1
NRF1,HDAC2,1
NRF1,ADAM23,1
NRF1,MED15,1
NRF1,ZDHHC16,1
NRF1,NDRG4,1
NRF1,SND1,1
NRF1,TMF1,1
NRF1,NONO,1
NRF1,RARG,1
NRF1,ING1,1
NRF1,ZHX3,1
NRF1,EZH2,1
NRF1,EZH1,1
NRF1,HDAC11,1
NRF1,HIST1H2BF,1
NRF1,CLCN5,1
NRF1,SLC16A1,1
NRF1,RBBP7,1
NRF1,P4HB,1
NRF1,MYLPF,1
NRF1,POLR2A,1
NRF1,P3H1,1
NRF1,POLR2H,1
NRF1,NDN,1
NRF1,PARP1,1
NRF1,BCLAF1,1
NRF1,RBM14,1
NRF1,NAA15,1
NRF1,AMOTL2,1
NRF1,ILF3,1
NRF1,MT2,1
NRF1,PIAS1,1
NRF1,EWSR1,1
NRF1,MDM2,1
NRF1,MCM6,1
NRF1,LAMB1,1
NRF1,POLR3B,1
NRF1,PLRG1,1
NRF1,TULP3,1
NRF1,TAX1BP3,1
NRF1,PA2G4,1
NRF1,CBX7,1
NRF1,GABPA,1
NRF1,PER1,1
NRF1,MED21,1
NRF1,TFRC,1
NRF1,ABHD5,1
NRF1,TRIM25,1
NRF1,PEG3,1
NRF1,NR1D2,1
NRF1,MAZ,1
NRF1,GTF2A1L,1
NRF1,TAF5,1
NRF1,ING3,1
NRF1,MARC2,1
NRF1,NKRF,1
NRF1,TADA3,1
NRF1,POLR2E,1
NRF1,ELP2,1
NRF1,TRIM28,1
NRF1,UNG,1
NRF1,FN1,1
NRF1,NR2C1,1
NRF1,ERP29,1
NRF1,SREBF1,1
NRF1,HIST1H2BB,1
NRF1,RAD51,1
NRF1,SOX4,1
NRF1,MYD88,1
NRF1,CDC42SE2,1
NRF1,SAP30,1
NRF1,CCNB1,1
NRF1,PELP1,1
NRF1,PHF1,1
NRF1,SFI1,1
NRF1,JUN,1
NRF1,MED31,1
NRF1,CTCF,1
NRF1,EP400,1
NRF1,ZFP148,1
NRF1,SMURF1,1
NRF1,CNOT6L,1
NRF1,POLR1C,1
NRF1,2200002D01RIK,1
NRF1,HNRNPAB,1
NRF1,GRIN1,1
NRF1,PDK1,1
NRF1,RFX2,1
NRF1,PAPOLA,1
NRF1,CBX6,1
NRF1,SPEN,1
NRF1,FIZ1,1
NRF1,CALU,1
NRF1,HDAC3,1
NRF1,HES6,1
NRF1,NR0B1,1
NRF1,HSBP1,1
NRF1,OVOL1,1
NRF1,GLIPR2,1
NRF1,RRBP1,1
NRF1,BCAM,1
NRF1,KLF13,1
NRF1,TCEA1,1
NRF1,SSBP4,1
NRF1,SKIL,1
NRF1,ATF2,1
NRF1,RRM2,1
NRF1,PHB2,1
NRF1,RNF14,1
NRF1,NFKB2,1
NRF1,CENPB,1
NRF1,HNRNPD,1
NRF1,RCN3,1
NRF1,MCM5,1
NRF1,ILF2,1
NRF1,XRCC6,1
NRF1,TXNDC12,1
NRF1,ULK1,1
NRF1,SRM,1
NRF1,BNIP3,1
NRF1,GDPD5,1
NRF1,TSPAN9,1
NRF1,TIMELESS,1
NRF1,VEGFA,1
NRF1,SALL4,1
NRF1,DAZAP2,1
NRF1,HMGXB4,1
NRF1,YBX1,1
NRF1,SELENOW,1
NRF1,DDX54,1
NRF1,HSPG2,1
NRF1,NID1,1
NRF1,CTSD,1
NRF1,ASNS,1
NRF1,MYO6,1
NRF1,GNAS,1
NRF1,SLC6A6,1
NRF1,CRAMP1L,1
NRF1,AATF,1
NRF1,TRIP11,1
NRF1,IFITM2,1
NRF1,SOCS2,1
NRF1,CCN2,1
NRF1,CTNNB1,1
NRF1,MSC,1
NRF1,RNF2,1
NRF1,KPNA2,1
NRF1,CALD1,1
NRF1,RAB11A,1
NRF1,MLLT1,1
NRF1,HSP90B1,1
NRF1,ORC2,1
NRF1,SNAPC3,1
NRF1,HIST1H1D,1
NRF1,PHF14,1
NRF1,BEX1,1
NRF1,CALCOCO1,1
NRF1,HDAC4,1
NRF1,MORF4L2,1
NRF1,LAMA1,1
NRF1,PATZ1,1
NRF1,GJB3,1
NRF1,FUS,1
NRF1,B2M,1
NRF1,ETV6,1
NRF1,PDCD11,1
NRF1,WWTR1,1
NRF1,YEATS2,1
NRF1,TNK2,1
NRF1,SIN3A,1
NRF1,SMAD7,1
NRF1,LDB1,1
NRF1,RFX5,1
NRF1,MYC,1
NRF1,PMS1,1
NRF1,BIN1,1
NRF1,RB1,1
NRF1,CTBP2,1
NRF1,ANKRD6,1
NRF1,PSIP1,1
NRF1,ELAVL2,1
NRF1,CIC,1
NRF1,STXBP2,1
NRF1,RELA,1
NRF1,SSB,1
NRF1,DPP4,1
NRF1,PCBP2,1
NRF1,SURF4,1
NRF1,RBMX,1
NRF1,FOXO3,1
NRF1,ELF4,1
NRF1,HEY2,1
NRF1,ERCC3,1
NRF1,HDAC1,1
NRF1,KNTC1,1
NRF1,TENM4,1
NRF1,POLR3D,1
NRF1,PODXL,1
NRF1,RFX7,1
NRF1,HIST1H4K,1
NRF1,BCAT1,1
NRF1,BMP6,1
NRF1,NR2F2,1
NRF1,ETV4,1
NRF1,SERTAD2,1
NRF1,PDIA6,1
NRF1,PDCD4,1
NRF1,E2F2,1
NRF1,TXNIP,1
NRF1,CBX8,1
NRF1,ZFP236,1
NRF1,ZFP219,1
NRF1,SORD,1
NRF1,KLF4,1
NRF1,NFIB,1
NRF1,SLC7A6,1
NRF1,NFX1,1
NRF1,TUBA4A,1
NRF1,SMARCA2,1
NRF1,GLS,1
NRF1,TEAD3,1
NRF1,TFAP2C,1
NRF1,SRRT,1
NRF1,ANKS1,1
NRF1,PLAG1,1
NRF1,MYBL2,1
NRF1,TLE1,1
NRF1,HSPH1,1
NRF1,EPS8,1
NRF1,MLXIPL,1
NRF1,SPOCK1,1
NRF1,SOS2,1
NRF1,CRY1,1
NRF1,SMURF2,1
NRF1,ARNTL,1
NRF1,MTF2,1
NRF1,CCNG1,1
NRF1,KLF9,1
NRF1,AKT1,1
NRF1,DDB2,1
NRF1,SP1,1
NRF1,SHROOM3,1
NRF1,IKBKB,1
NRF1,HNRNPK,1
NRF1,MBD2,1
NRF1,CRIP2,1
NRF1,CEBPZ,1
NRF1,ASXL1,1
NRF1,ZFP335,1
NRF1,EIF4A2,1
NRF1,ID3,1
NRF1,2410141K09RIK,1
NRF1,TDGF1,1
NRF1,ELF2,1
NRF1,TBX3,1
NRF1,ATP6V0A1,1
NRF1,MCM2,1
NRF1,SIX1,1
NRF1,NDRG1,1
NRF1,SP8,1
NRF1,SRSF6,1
NRF1,FOXQ1,1
NRF1,BTBD11,1
NRF1,ESPL1,1
NRF1,POU4F1,1
NRF1,TEAD1,1
NRF1,PMM1,1
NRF1,TCEA3,1
NRF1,LTBP4,1
NRF1,ZFP57,1
NRF1,WBP11,1
NRF1,LAPTM5,1
NRF1,LMF2,1
NRF1,DMRT1,1
NRF1,KLF10,1
NRF1,INTS12,1
NRF1,CNOT3,1
NRF1,ANP32A,1
NRF1,MT1,1
NRF1,IFITM1,1
NRF1,MEN1,1
NRF1,CTSL,1
NRF1,LRP2,1
NRF1,NOTCH1,1
NRF1,NR4A1,1
NRF1,TRRAP,1
NRF1,TWIST1,1
NRF1,FUBP3,1
NRF1,KLF6,1
NRF1,GLUL,1
NRF1,NOTUM,1
NRF1,COL27A1,1
NRF1,HSF2,1
NRF1,RUNX1,1
NRF1,PLAT,1
NRF1,GSR,1
NRF1,FRRS1,1
NRF1,POU4F2,1
NRF1,FABP3,1
NRF1,PHLDA3,1
NRF1,FOXJ3,1
NRF1,EPAS1,1
NRF1,CALR,1
NRF1,SLC25A4,1
NRF1,NUP210,1
NRF1,EGR1,1
NRF1,RCC2,1
NRF1,ATF6,1
NRF1,MIS18BP1,1
NRF1,HTT,1
NRF1,RASGRP2,1
NRF1,TFAP4,1
NRF1,CTNNBL1,1
NRF1,NR5A2,1
NRF1,BARD1,1
NRF1,LDHB,1
NRF1,CD63,1
NRF1,TOPORS,1
NRF1,MAPK3,1
NRF1,BRPF1,1
NRF1,TAF1,1
NRF1,ZBTB38,1
NRF1,NFE2L1,1
NRF1,NFKBIA,1
NRF1,PLTP,1
NRF1,ZFP398,1
NRF1,PDPN,1
NRF1,ETV5,1
NRF1,ETS1,1
NRF1,MKRN1,1
NRF1,LHX2,1
NRF1,MXD4,1
NRF1,LAMC1,1
NRF1,DDB1,1
NRF1,STARD8,1
NRF1,ZFP42,1
NRF1,CALCOCO2,1
NRF1,HES1,1
NRF1,SRSF3,1
NRF1,TAF6L,1
NRF1,POLR3F,1
NRF1,COMMD3,1
NRF1,EHMT2,1
NRF1,SMARCAD1,1
NRF1,COTL1,1
NRF1,ZFP275,1
NRF1,MPHOSPH8,1
NRF1,HSPA5,1
NRF1,ERCC8,1
NRF1,OPLAH,1
NRF1,ASH2L,1
NRF1,VIM,1
NRF1,ZFYVE21,1
NRF1,RNF6,1
NRF1,POLR1B,1
NRF1,CHD7,1
NRF1,TOX4,1
NRF1,CUX2,1
NRF1,TINAGL1,1
NRF1,ELL2,1
NRF1,BTG2,1
NRF1,ZFP277,1
NRF1,FDPS,1
NRF1,PHF20,1
NRF1,STAT4,1
NRF1,SMAD3,1
NRF1,SCMH1,1
NRF1,NSD2,1
NRF1,TCERG1,1
NRF1,ECD,1
NRF1,NFIL3,1
NRF1,TMED2,1
NRF1,SIRT1,1
NRF1,REST,1
NRF1,HIP1,1
NRF1,FRMD4A,1
NRF1,ABT1,1
NRF1,CREB3L2,1
NRF1,ZYX,1
NRF1,BARX1,1
NRF1,L3MBTL2,1
NRF1,TPM4,1
NRF1,HMGA2,1
NRF1,MEF2C,1
NRF1,XAB2,1
NRF1,TIMP3,1
NRF1,CTH,1
NRF1,EPHA2,1
NRF1,MAML1,1
NRF1,HMGB2,1
NRF1,APOBEC3,1
NRF1,KDELR3,1
NRF1,HIST1H1A,1
NRF1,ZFP592,1
NRF1,ABTB1,1
NRF1,ATF3,1
NRF1,ARID1A,1
NRF1,PARVB,1
NRF1,ZFPM1,1
NRF1,TCF4,1
NRF1,TCF7L2,1
NRF1,IRF1,1
NRF1,NANOG,1
NRF1,SEC24D,1
NRF1,NFATC2IP,1
NRF1,CITED2,1
NRF1,TDH,1
NRF1,TRPS1,1
NRF1,TAF10,1
NRF1,EYA1,1
NRF1,DNAJC2,1
NRF1,ELK4,1
NRF1,HDAC5,1
NRF1,ARHGEF40,1
NRF1,OTX2,1
NRF1,BRCA2,1
NRF1,ERF,1
NRF1,PROX1,1
NRF1,FOXP1,1
NRF1,PTPN14,1
NRF1,HIST1H3H,1
NRF1,GLDC,1
NRF1,BRWD1,1
NRF1,INSIG1,1
NRF1,MATR3,1
NRF1,FOXD3,1
NRF1,TRIM24,1
NRF1,TTF2,1
NRF1,ZEB1,1
NRF1,TBPL1,1
NRF1,ZSWIM4,1
NRF1,KLF15,1
NRF1,NR3C1,1
NRF1,SUZ12,1
NRF1,PRDM1,1
NRF1,JDP2,1
NRF1,GLI2,1
NRF1,IGFBP2,1
NRF1,KIT,1
NRF1,COL4A2,1
NRF1,COL4A1,1
NRF1,DDX5,1
NRF1,TMEM144,1
NRF1,IRF6,1
NRF1,UCHL1,1
NRF1,KAT6B,1
NRF1,COIL,1
NRF1,CTSA,1
NRF1,PURA,1
NRF1,MEIS1,1
NRF1,CREB3,1
NRF1,GRHL1,1
NRF1,TFEB,1
NRF1,FAM234A,1
NRF1,CTNNBIP1,1
NRF1,SOX2,1
NRF1,HDGF,1
NRF1,SAT1,1
NRF1,TCF7,1
NRF1,FOXO1,1
NRF1,DNMT3A,1
NRF1,TUBB2B,1
NRF1,MAPK13,1
NRF1,TRP53BP1,1
NRF1,COPS2,1
NRF1,MEF2D,1
NRF1,TRP53,1
NRF1,L1TD1,1
NRF1,PIAS2,1
NRF1,BTAF1,1
NRF1,GLI1,1
NRF1,SOAT1,1
NRF1,RUVBL1,1
NRF1,DPPA2,1
NRF1,ANKRD49,1
NRF1,CSRP2,1
NRF1,MYH9,1
NRF1,RARA,1
NRF1,PLOD1,1
NRF1,ZMYM2,1
NRF1,BTG1,1
NRF1,POLR1E,1
NRF1,UPP1,1
NRF1,CDC20,1
NRF1,CDKN1A,1
NRF1,MAN1A2,1
NRF1,F3,1
NRF1,PTH1R,1
NRF1,POLR2K,1
NRF1,KDM5B,1
NRF1,SDC4,1
NRF1,MME,1
NRF1,GAS6,1
NRF1,E2F1,1
NRF1,PHC1,1
NRF1,LMO4,1
NRF1,APBB1,1
NRF1,UBTF,1
NRF1,LDLRAP1,1
NRF1,EDEM1,1
NRF1,ATF1,1
NRF1,ZFP296,1
NRF1,AGAP3,1
NRF1,P3H4,1
NRF1,ZBTB3,1
NRF1,TMEM150A,1
NRF1,NRG1,1
NRF1,TCF12,1
NRF1,CKB,1
NRF1,THRAP3,1
NRF1,ATF7,1
NRF1,RANBP17,1
NRF1,ADAM19,1
NRF1,TET2,1
NRF1,BMI1,1
NRF1,CMKLR1,1
NRF1,SSR3,1
NRF1,SGK1,1
NRF1,EOMES,1
NRF1,LY6G6E,1
NRF1,DR1,1
NRF1,TPD52,1
NRF1,SRGN,1
NRF1,ZEB2,1
NRF1,JMJD1C,1
NRF1,FOXA2,1
NRF1,NCOA3,1
NRF1,POU5F1,1
NRF1,CTSZ,1
NRF1,ETV1,1
NRF1,ELF3,1
NRF1,MAPK8,1
NRF1,IMPDH1,1
NRF1,FGF4,1
NRF1,GNPDA1,1
NRF1,FOSL2,1
NRF1,NFATC3,1
NRF1,ILK,1
NRF1,EBF1,1
NRF1,HDAC7,1
NRF1,FGF3,1
NRF1,HMCES,1
NRF1,IFI30,1
NRF1,GRB10,1
NRF1,XBP1,1
NRF1,EP300,1
NRF1,ECT2,1
NRF1,PLOD2,1
NRF1,BMPER,1
NRF1,HIST1H1B,1
NRF1,THBD,1
NRF1,ZFP36L1,1
NRF1,CHST15,1
NRF1,PAX6,1
NRF1,TAF9,1
NRF1,MCM3,1
NRF1,SIRT2,1
NRF1,MYMX,1
NRF1,DKK1,1
NRF1,FST,1
NRF1,TMSB4X,1
NRF1,PFKP,1
NRF1,ALPL,1
NRF1,MKX,1
NRF1,ASS1,1
NRF1,CEMIP,1
NRF1,HOPX,1
NRF1,NFATC1,1
NRF1,ELL3,1
NRF1,TUBB6,1
NRF1,RYBP,1
NRF1,FXR1,1
NRF1,GATA6,1
NRF1,ZBTB39,1
NRF1,HIF1A,1
NRF1,SALL1,1
NRF1,RCOR2,1
NRF1,ZFP768,1
NRF1,TCL1,1
NRF1,TAGLN2,1
NRF1,HOXD13,1
NRF1,CREB5,1
NRF1,TOP2B,1
NRF1,APEX1,1
NRF1,MCM7,1
NRF1,JAM2,1
NRF1,KANK3,1
NRF1,RLIM,1
NRF1,NFE2L2,1
NRF1,PIAS3,1
NRF1,FXYD6,1
NRF1,KAT2B,1
NRF1,VSIR,1
NRF1,LAMB2,1
NRF1,GABARAPL2,1
NRF1,SNAI1,1
NRF1,GSTA4,1
NRF1,SEMA4C,1
NRF1,AIRE,1
NRF1,PITX1,1
NRF1,CAR2,1
NRF1,DUSP9,1
NRF1,GTF2H4,1
NRF1,PAX1,1
NRF1,HTRA1,1
NRF1,PAX8,1
NRF1,ID2,1
NRF1,CNOT7,1
NRF1,FBLIM1,1
NRF1,TBX18,1
NRF1,GATA4,1
NRF1,DTX1,1
NRF1,SOX7,1
NRF1,P4HA2,1
NRF1,LRPAP1,1
NRF1,ELK1,1
NRF1,KLF8,1
NRF1,SATB2,1
NRF1,TEAD4,1
NRF1,JARID2,1
NRF1,CCND1,1
NRF1,CST3,1
NRF1,ITPK1,1
NRF1,GLIS2,1
NRF1,TSG101,1
NRF1,MITF,1
NRF1,TFCP2L1,1
NRF1,MYCN,1
NRF1,CNOT2,1
NRF1,SRF,1
NRF1,PITX2,1
NRF1,CHCHD10,1
NRF1,FGFR3,1
NRF1,MANF,1
NRF1,UBP1,1
NRF1,NFYB,1
NRF1,WDR45,1
NRF1,NOTCH2,1
NRF1,DDX58,1
NRF1,RUVBL2,1
NRF1,HS3ST1,1
NRF1,UTF1,1
NRF1,GBX2,1
NRF1,PHLDB2,1
NRF1,HSPB1,1
NRF1,TRH,1
NRF1,TCOF1,1
NRF1,ZMYND11,1
NRF1,TIMP2,1
NRF1,MAFK,1
NRF1,APOE,1
NRF1,LRRK1,1
NRF1,ARL6IP5,1
NRF1,NACC1,1
NRF1,ATF4,1
NRF1,GTF3C5,1
NRF1,KDELR2,1
NRF1,SMAD2,1
NRF1,RNF19A,1
NRF1,ID4,1
NRF1,LOXL2,1
NRF1,IGF2,1
NRF1,RHOX6,1
NRF1,ELF1,1
NRF1,ZBTB7A,1
NRF1,SPP1,1
NRF1,SLC5A11,1
NRF1,ZFHX3,1
NRF1,STAT5B,1
NRF1,CITED1,1
NRF1,H1F0,1
NRF1,SLC7A3,1
NRF1,PRDM14,1
NRF1,DAXX,1
NRF1,TET1,1
NRF1,MSH6,1
NRF1,ANXA2,1
NRF1,NFIA,1
NRF1,PAWR,1
NRF1,VILL,1
NRF1,RBL1,1
NRF1,TGFB1,1
NRF1,RIF1,1
NRF1,EFEMP2,1
NRF1,CUX1,1
NRF1,COBL,1
NRF1,PRDM5,1
NRF1,RBPMS2,1
NRF1,DDX20,1
NRF1,APP,1
NRF1,UBQLN2,1
NRF1,SOX15,1
NRF1,HCFC1,1
NRF1,EBF4,1
NRF1,CHD4,1
NRF1,SOX17,1
NRF1,HIVEP2,1
NRF1,DAB2,1
NRF1,RAI14,1
NRF1,SLC25A5,1
NRF1,MLXIP,1
NRF1,EDA2R,1
NRF1,ARNT2,1
NRF1,NRIP1,1
NRF1,EMX2,1
NRF1,GATA3,1
NRF1,ALG13,1
NRF1,ETV3,1
NRF1,DNAJC10,1
NRF1,DDAH2,1
NRF1,FOXJ2,1
NRF1,GTF2H3,1
NRF1,NUPR1,1
NRF1,VEZF1,1
NRF1,FHL2,1
NRF1,SPRY2,1
NRF1,PKNOX2,1
NRF1,DEK,1
NRF1,ARHGAP29,1
NRF1,NFATC4,1
NRF1,NME2,1
NRF1,ATP13A3,1
NRF1,PDGFRA,1
NRF1,ZIC3,1
NRF1,SLC6A8,1
NRF1,NPAS2,1
NRF1,NSD1,1
NRF1,SATB1,1
NRF1,ZBTB10,1
NRF1,MSX2,1
NRF1,HMGA1B,1
NRF1,HMGA1,1
NRF1,EPHA4,1
NRF1,SMARCD1,1
NRF1,ITGA6,1
NRF1,HIST1H2AF,1
NRF1,SERPINE2,1
NRF1,TRIB3,1
NRF1,BCL3,1
NRF1,ZFP276,1
NRF1,MTA3,1
NRF1,RERE,1
NRF1,RBMXL2,1
NRF1,MOV10,1
NRF1,PML,1
NRF1,SIRT3,1
NRF1,NR2F6,1
NRF1,ZBTB24,1
NRF1,FAM129B,1
NRF1,SERPINH1,1
NRF1,KRT8,1
NRF1,ANKRD54,1
NRF1,GPX3,1
NRF1,PHF2,1
NRF1,ESRRB,1
NRF1,TFE3,1
NRF1,SPARC,1
NRF1,HNF1B,1
NRF1,PBXIP1,1
OTX2,ALPL,1
OTX2,HDAC2,1
OTX2,MTF2,1
OTX2,ODC1,1
OTX2,RBPJ,1
OTX2,HIST1H4K,1
OTX2,POU2F1,1
OTX2,APBB1,1
OTX2,FOXH1,1
OTX2,CDKN1A,1
OTX2,CIC,1
OTX2,NANOG,1
OTX2,SFI1,1
OTX2,RBM14,1
OTX2,CST3,1
OTX2,YEATS2,1
OTX2,HSP90B1,1
OTX2,COPS2,1
OTX2,ELF1,1
OTX2,HMGA1B,1
OTX2,HMGA1,1
OTX2,SNURF,1
OTX2,TRP53BP1,1
OTX2,KPNA2,1
OTX2,HNRNPK,1
OTX2,SRSF1,1
OTX2,LRPAP1,1
OTX2,OPLAH,1
OTX2,GLUL,1
OTX2,SP1,1
OTX2,POLR2E,1
OTX2,RIF1,1
OTX2,PHC1,1
OTX2,KAT6B,1
OTX2,SMARCA4,1
OTX2,MYMX,1
OTX2,SEMA4C,1
OTX2,NRF1,1
OTX2,KHDRBS1,1
OTX2,JUND,1
OTX2,TPD52,1
OTX2,LMF2,1
OTX2,MBD2,1
OTX2,KDM3A,1
OTX2,ASXL1,1
OTX2,NEDD4,1
OTX2,MPHOSPH8,1
OTX2,SLC7A3,1
OTX2,ZFP768,1
OTX2,MAZ,1
OTX2,SRRT,1
OTX2,ELL2,1
OTX2,IFITM1,1
OTX2,TFRC,1
OTX2,DAXX,1
OTX2,SPP1,1
OTX2,HIST1H2AC,1
OTX2,SLC25A5,1
OTX2,BCLAF1,1
OTX2,DNAJC2,1
OTX2,MED21,1
OTX2,CRIP2,1
OTX2,ING1,1
OTX2,JMJD1C,1
OTX2,VSIR,1
OTX2,DIDO1,1
OTX2,PHF12,1
OTX2,ETV1,1
OTX2,POU5F1,1
OTX2,ZFHX3,1
OTX2,FOXJ2,1
OTX2,CTBP2,1
OTX2,EZH2,1
OTX2,MYD88,1
OTX2,NR2F6,1
OTX2,TRPS1,1
OTX2,HSBP1,1
OTX2,TCEA3,1
OTX2,POLR1B,1
OTX2,ZSCAN10,1
OTX2,NONO,1
OTX2,PCBP2,1
OTX2,MED12,1
OTX2,POLR3B,1
OTX2,CTCF,1
OTX2,ETV5,1
OTX2,AIP,1
OTX2,MATR3,1
OTX2,MLLT1,1
OTX2,MEN1,1
OTX2,ANKRD6,1
OTX2,DCP1A,1
OTX2,L3MBTL2,1
OTX2,BCAM,1
OTX2,LEFTY1,1
OTX2,TXNDC12,1
OTX2,INTS12,1
OTX2,YBX1,1
OTX2,PIAS3,1
OTX2,UBE2C,1
OTX2,HIP1,1
OTX2,BRPF1,1
OTX2,TBL1X,1
OTX2,UPP1,1
OTX2,PRDM14,1
OTX2,ATF5,1
OTX2,TOP2B,1
OTX2,CD63,1
OTX2,SLC25A4,1
OTX2,SMARCA5,1
OTX2,MAN1A2,1
OTX2,TFE3,1
OTX2,DDIT3,1
OTX2,TAF5,1
OTX2,LAPTM5,1
OTX2,SIN3A,1
OTX2,ZFP91,1
OTX2,RLIM,1
OTX2,ERF,1
OTX2,TADA3,1
OTX2,HDLBP,1
OTX2,FABP3,1
OTX2,DDX5,1
OTX2,TOX4,1
OTX2,ARID1A,1
OTX2,ELAVL2,1
OTX2,LAMB2,1
OTX2,FLRT3,1
OTX2,KANK2,1
OTX2,TGIF1,1
OTX2,HMGXB4,1
OTX2,PIAS1,1
OTX2,2410141K09RIK,1
OTX2,NFKBIA,1
OTX2,ZHX3,1
OTX2,UCHL1,1
OTX2,PMM1,1
OTX2,ZFP42,1
OTX2,TRP53,1
OTX2,DDAH2,1
OTX2,TDGF1,1
OTX2,SIX5,1
OTX2,MT2,1
OTX2,TRIM28,1
OTX2,IFITM2,1
OTX2,TOPORS,1
OTX2,HMGB2,1
OTX2,NR5A2,1
OTX2,SLC6A8,1
OTX2,SPEN,1
OTX2,PHF20,1
OTX2,IGFBP2,1
OTX2,ADAM19,1
OTX2,GJB3,1
OTX2,RBBP7,1
OTX2,DDX20,1
OTX2,CDC5L,1
OTX2,NFE2L1,1
OTX2,GDPD5,1
OTX2,MOV10,1
OTX2,GTF2I,1
OTX2,NFATC3,1
OTX2,XAB2,1
OTX2,SOAT1,1
OTX2,SHROOM3,1
OTX2,SALL4,1
OTX2,EWSR1,1
OTX2,NFE2L2,1
OTX2,PELP1,1
OTX2,TNFAIP3,1
OTX2,JARID2,1
OTX2,FDPS,1
OTX2,RBBP4,1
OTX2,POLR2A,1
OTX2,PCOLCE,1
OTX2,GLMP,1
OTX2,UBP1,1
OTX2,TFEB,1
OTX2,SDC4,1
OTX2,TCEA1,1
OTX2,MYLPF,1
OTX2,HNRNPAB,1
OTX2,SEPT1,1
OTX2,ELF3,1
OTX2,RARA,1
OTX2,UBTF,1
OTX2,MSH6,1
OTX2,PURA,1
OTX2,SPRY2,1
OTX2,HSPB1,1
OTX2,SERTAD2,1
OTX2,RCOR2,1
OTX2,PLTP,1
OTX2,IRF1,1
OTX2,CTBP1,1
OTX2,RBMX,1
OTX2,HNRNPD,1
OTX2,POLR2B,1
OTX2,ZFP148,1
OTX2,TCF4,1
OTX2,BASP1,1
OTX2,PDGFRA,1
OTX2,ATF1,1
OTX2,ZFAND3,1
OTX2,CLDN6,1
OTX2,FUBP3,1
OTX2,SOX2,1
OTX2,GABARAPL2,1
OTX2,CNOT6,1
OTX2,PDK1,1
OTX2,APOE,1
OTX2,NFX1,1
OTX2,CBX7,1
OTX2,CALR,1
OTX2,CHST15,1
OTX2,KLF10,1
OTX2,SNAI1,1
OTX2,ZFP236,1
OTX2,MKRN1,1
OTX2,IMPDH1,1
OTX2,CTSL,1
OTX2,TRIM13,1
OTX2,EP300,1
OTX2,NR4A1,1
OTX2,SERPINH1,1
OTX2,STXBP2,1
OTX2,ILF3,1
OTX2,ZFP219,1
OTX2,FIZ1,1
OTX2,CTNNB1,1
OTX2,ANKS1,1
OTX2,ESRRA,1
OTX2,MXD4,1
OTX2,ARNTL,1
OTX2,ZFP446,1
OTX2,GZF1,1
OTX2,MCM4,1
OTX2,PHLDA3,1
OTX2,L1TD1,1
OTX2,MDM2,1
OTX2,TCERG1,1
OTX2,SUZ12,1
OTX2,RNF2,1
OTX2,TRIM24,1
OTX2,SKIL,1
OTX2,SLC16A1,1
OTX2,ZFP57,1
OTX2,SRF,1
OTX2,CDC42SE2,1
OTX2,E2F1,1
OTX2,XRCC5,1
OTX2,BNIP3,1
OTX2,TAF6L,1
OTX2,HDAC1,1
OTX2,SMARCC1,1
OTX2,CALCOCO1,1
OTX2,ZFP398,1
OTX2,TBPL1,1
OTX2,LDB1,1
OTX2,IL33,1
OTX2,FXYD6,1
OTX2,THRAP3,1
OTX2,FRMD4A,1
OTX2,RBPMS2,1
OTX2,IRF3,1
OTX2,RAD51,1
OTX2,CEMIP,1
OTX2,CALD1,1
OTX2,NSD1,1
OTX2,MAML1,1
OTX2,CDC20,1
OTX2,FOXO1,1
OTX2,CKAP4,1
OTX2,USF1,1
OTX2,HSF2,1
OTX2,RNF6,1
OTX2,GNAS,1
OTX2,MORF4L2,1
OTX2,BRCA1,1
OTX2,JDP2,1
OTX2,GSR,1
OTX2,GTF3C1,1
OTX2,GLI2,1
OTX2,CITED2,1
OTX2,SMURF2,1
OTX2,ZBTB24,1
OTX2,DEK,1
OTX2,PSIP1,1
OTX2,TRRAP,1
OTX2,ZEB1,1
OTX2,APOBEC3,1
OTX2,BMI1,1
OTX2,BTAF1,1
OTX2,ETV6,1
OTX2,DDB2,1
OTX2,E2F2,1
OTX2,RUVBL1,1
OTX2,ZFP275,1
OTX2,POLR3F,1
OTX2,POLR2J,1
OTX2,ARHGAP29,1
OTX2,RCC2,1
OTX2,ATF7,1
OTX2,ZEB2,1
OTX2,LY6G6E,1
OTX2,TCF12,1
OTX2,HSP90AA1,1
OTX2,H1F0,1
OTX2,AATF,1
OTX2,MEF2D,1
OTX2,TRIM32,1
OTX2,ATF3,1
OTX2,PML,1
OTX2,HMGXB3,1
OTX2,ALG13,1
OTX2,BCAT1,1
OTX2,ANXA5,1
OTX2,TRIB3,1
OTX2,BARD1,1
OTX2,SMURF1,1
OTX2,VILL,1
OTX2,CTSD,1
OTX2,HDAC4,1
OTX2,DDB1,1
OTX2,PDPN,1
OTX2,TUBB2B,1
OTX2,GLIPR2,1
OTX2,BRWD1,1
OTX2,GNPDA1,1
OTX2,PLAG1,1
OTX2,P4HB,1
OTX2,NACC1,1
OTX2,NCOR1,1
OTX2,BCL3,1
OTX2,FOXJ3,1
OTX2,VEGFA,1
OTX2,POLR1A,1
OTX2,MTA3,1
OTX2,TBX3,1
OTX2,MIS18BP1,1
OTX2,INSIG1,1
OTX2,KLF4,1
OTX2,FXR2,1
OTX2,GLIS2,1
OTX2,TRIP6,1
OTX2,SOCS2,1
OTX2,NCOA3,1
OTX2,PREB,1
OTX2,FUS,1
OTX2,CHD4,1
OTX2,PAPOLA,1
OTX2,KDM5B,1
OTX2,FGFR3,1
OTX2,ELF2,1
OTX2,EP400,1
OTX2,AGAP3,1
OTX2,ILK,1
OTX2,MAPK8,1
OTX2,SAT1,1
OTX2,SELENOW,1
OTX2,ZDHHC15,1
OTX2,TMED2,1
OTX2,ELF4,1
OTX2,GLS,1
OTX2,ZFP36L1,1
OTX2,TAF9,1
OTX2,GTF2H3,1
OTX2,LAMB1,1
OTX2,SMARCC2,1
OTX2,TPM4,1
OTX2,HDAC5,1
OTX2,CRAMP1L,1
OTX2,PBXIP1,1
OTX2,P4HA1,1
OTX2,MYBBP1A,1
OTX2,CBX8,1
OTX2,RUVBL2,1
OTX2,TGFB1I1,1
OTX2,KLF8,1
OTX2,CBX6,1
OTX2,MCM6,1
OTX2,HIVEP2,1
OTX2,SGK1,1
OTX2,EED,1
OTX2,KNTC1,1
OTX2,ME1,1
OTX2,UBQLN2,1
OTX2,HDGF,1
OTX2,MKX,1
OTX2,HDAC11,1
OTX2,CCN2,1
OTX2,ECD,1
OTX2,ATF2,1
OTX2,TMSB4X,1
OTX2,PCBD1,1
OTX2,FXR1,1
OTX2,ZMYM2,1
OTX2,MED4,1
OTX2,COIL,1
OTX2,AMOTL2,1
OTX2,WWTR1,1
OTX2,BRCA2,1
OTX2,ASH2L,1
OTX2,NR1D2,1
OTX2,DR1,1
OTX2,SPRY4,1
OTX2,P3H4,1
OTX2,FN1,1
OTX2,CENPB,1
OTX2,SATB1,1
OTX2,TAF10,1
OTX2,NOTCH2,1
OTX2,PATZ1,1
OTX2,MME,1
OTX2,LAMA5,1
OTX2,JAM2,1
OTX2,CSRP2,1
OTX2,VIM,1
OTX2,SMARCD1,1
OTX2,YEATS4,1
OTX2,TCF7L2,1
OTX2,TFAP2C,1
OTX2,PER1,1
OTX2,ESRRB,1
OTX2,HMCES,1
OTX2,KLF2,1
OTX2,WDR45,1
OTX2,SOX15,1
OTX2,CNOT7,1
OTX2,GABPA,1
OTX2,KRBA1,1
OTX2,SLC6A6,1
OTX2,KRT8,1
OTX2,RNF14,1
OTX2,ANKRD49,1
OTX2,HDAC7,1
OTX2,PHB2,1
OTX2,CALU,1
OTX2,PODXL,1
OTX2,KEAP1,1
OTX2,ZBTB7A,1
OTX2,CTNNBL1,1
OTX2,CEBPZ,1
OTX2,ZFP277,1
OTX2,LTBP4,1
OTX2,RBFOX2,1
OTX2,BMPER,1
OTX2,UNG,1
OTX2,SREBF1,1
OTX2,PA2G4,1
OTX2,KAT2B,1
OTX2,NFIC,1
OTX2,HIF1A,1
OTX2,ZBTB39,1
OTX2,GSTA4,1
OTX2,HES6,1
OTX2,ERCC3,1
OTX2,CREB3,1
OTX2,SMAD2,1
OTX2,ATP6V0A1,1
OTX2,MITF,1
OTX2,RAB11A,1
OTX2,SUB1,1
OTX2,EIF4A2,1
OTX2,ULK1,1
OTX2,NOTCH1,1
OTX2,FOXO3,1
OTX2,RFX7,1
OTX2,PLOD2,1
OTX2,DNMT3A,1
OTX2,KLF3,1
OTX2,PIAS2,1
OTX2,POU6F1,1
OTX2,ZYX,1
OTX2,EGR1,1
OTX2,MYCN,1
OTX2,SCMH1,1
OTX2,ANP32A,1
OTX2,RASGRP2,1
OTX2,DDX58,1
OTX2,ABHD5,1
OTX2,SMAD7,1
OTX2,F3,1
OTX2,NFIB,1
OTX2,ZFP335,1
OTX2,RBMXL2,1
OTX2,ZBTB38,1
OTX2,POLR3D,1
OTX2,ZFPM1,1
OTX2,NOTCH4,1
OTX2,DNMT1,1
OTX2,GTF3C5,1
OTX2,MAPK11,1
OTX2,PLAGL2,1
OTX2,CRY1,1
OTX2,KIT,1
OTX2,ZFP276,1
OTX2,WBP11,1
OTX2,MCM7,1
OTX2,UHRF1,1
OTX2,NAA15,1
OTX2,BTF3,1
OTX2,AMPD2,1
OTX2,SRSF6,1
OTX2,SALL1,1
OTX2,TXNIP,1
OTX2,IRF6,1
OTX2,RBL1,1
OTX2,TMF1,1
OTX2,PTH1R,1
OTX2,LMO4,1
OTX2,POLR1E,1
OTX2,ESPL1,1
OTX2,HSPG2,1
OTX2,ELK4,1
OTX2,RELA,1
OTX2,SURF4,1
OTX2,RAPGEF3,1
OTX2,ANXA2,1
OTX2,TNK2,1
OTX2,NR3C1,1
OTX2,SP8,1
OTX2,E2F6,1
OTX2,PDCD4,1
OTX2,NOTUM,1
OTX2,SHKBP1,1
OTX2,SEC24D,1
OTX2,HCFC1,1
OTX2,GATA4,1
OTX2,ZFP281,1
OTX2,MLXIP,1
OTX2,SSBP4,1
OTX2,KLF13,1
OTX2,TUBB6,1
OTX2,RAI14,1
OTX2,APP,1
OTX2,SIRT1,1
OTX2,POU4F1,1
OTX2,FGF10,1
OTX2,NR1D1,1
OTX2,ABTB1,1
OTX2,SIRT3,1
OTX2,PDIA6,1
OTX2,TAF1A,1
OTX2,LRP2,1
OTX2,SRSF3,1
OTX2,APEX1,1
OTX2,PDCD11,1
OTX2,NRG1,1
OTX2,HSPA5,1
OTX2,PARP1,1
OTX2,GRB10,1
OTX2,TINAGL1,1
OTX2,BMP4,1
OTX2,RARG,1
OTX2,SORD,1
OTX2,RUNX1,1
OTX2,ITGA6,1
OTX2,PHLDB2,1
OTX2,LAMA1,1
OTX2,D230025D16RIK,1
OTX2,BAZ1A,1
OTX2,LAMC1,1
OTX2,STARD10,1
OTX2,PRDM1,1
OTX2,FAM25C,1
OTX2,TFAP4,1
OTX2,RRBP1,1
OTX2,CMKLR1,1
OTX2,XRCC6,1
OTX2,CCND1,1
OTX2,KHDC3,1
OTX2,ASS1,1
OTX2,LDHB,1
OTX2,TMEM150A,1
OTX2,GATA6,1
OTX2,PTPN14,1
OTX2,SPOCK1,1
OTX2,ZFP592,1
OTX2,COL27A1,1
OTX2,BIN1,1
OTX2,TSHZ3,1
OTX2,TLE1,1
OTX2,FOSL2,1
OTX2,EZH1,1
OTX2,MAPK3,1
OTX2,NUP210,1
OTX2,BARX1,1
OTX2,ABT1,1
OTX2,PLAT,1
OTX2,NKRF,1
OTX2,ZFP979,1
OTX2,TXNDC5,1
OTX2,RAB3IL1,1
OTX2,ZBTB10,1
OTX2,RANBP17,1
OTX2,MED15,1
OTX2,HTT,1
OTX2,TAGLN2,1
OTX2,ERCC8,1
OTX2,RB1,1
OTX2,TIMELESS,1
OTX2,TEAD4,1
OTX2,FGF3,1
OTX2,CCNB1,1
OTX2,ZMYND11,1
OTX2,NFKB2,1
OTX2,BRD7,1
OTX2,MAPK13,1
OTX2,POLR2K,1
OTX2,ELK1,1
OTX2,AKR1B8,1
OTX2,EYA1,1
OTX2,ARHGEF40,1
OTX2,ATM,1
OTX2,TDH,1
OTX2,MEF2A,1
OTX2,CELF3,1
OTX2,GLI1,1
OTX2,EDEM1,1
OTX2,ETV3,1
OTX2,NR2C1,1
OTX2,CAR2,1
OTX2,PEG3,1
OTX2,CUX1,1
OTX2,CSF1,1
OTX2,TEAD3,1
OTX2,KLF6,1
OTX2,TWIST1,1
OTX2,TAX1BP3,1
OTX2,LOXL2,1
OTX2,RNF157,1
OTX2,LHX2,1
OTX2,COTL1,1
OTX2,BEX1,1
OTX2,IFI30,1
OTX2,ISYNA1,1
OTX2,PHF1,1
OTX2,TET2,1
OTX2,RAD54B,1
OTX2,TEAD1,1
OTX2,CHCHD10,1
PARP1,CALCOCO1,1
PARP1,PHF12,1
PARP1,NANOG,1
PARP1,PA2G4,1
PARP1,IRF3,1
PARP1,THRAP3,1
PARP1,SIRT2,1
PARP1,TFEB,1
PARP1,FDPS,1
PARP1,SMARCA5,1
POU5F1,RIF1,1
POU5F1,DIDO1,1
POU5F1,MTF2,1
POU5F1,RBM14,1
POU5F1,UPP1,1
POU5F1,NOTCH1,1
POU5F1,TRP53BP1,1
POU5F1,ETV1,1
POU5F1,TFE3,1
POU5F1,LRPAP1,1
POU5F1,LEFTY1,1
POU5F1,ZSCAN10,1
POU5F1,ANKRD6,1
POU5F1,FOXH1,1
POU5F1,NANOG,1
POU5F1,SHROOM3,1
POU5F1,ESRRA,1
POU5F1,SLC7A3,1
POU5F1,WWTR1,1
POU5F1,POLR2A,1
POU5F1,SFI1,1
POU5F1,RBPJ,1
POU5F1,KDM3A,1
POU5F1,PHC1,1
POU5F1,IL33,1
POU5F1,POU6F1,1
POU5F1,SOCS2,1
POU5F1,SPP1,1
POU5F1,JUND,1
POU5F1,ETV5,1
POU5F1,SRM,1
POU5F1,ZFP42,1
POU5F1,FUBP3,1
POU5F1,DCP1A,1
POU5F1,BCAT1,1
POU5F1,ZFP148,1
POU5F1,BRCA1,1
POU5F1,NOTCH2,1
POU5F1,KLF3,1
POU5F1,POU2F1,1
POU5F1,TET2,1
POU5F1,NFE2L1,1
POU5F1,MSH6,1
POU5F1,MYMX,1
POU5F1,HDLBP,1
POU5F1,MKRN1,1
POU5F1,SPRY4,1
POU5F1,ASH2L,1
POU5F1,GJB3,1
POU5F1,ZFHX3,1
POU5F1,PURA,1
POU5F1,LDB1,1
POU5F1,PELP1,1
POU5F1,KNTC1,1
POU5F1,ECD,1
POU5F1,RARA,1
POU5F1,OTX2,1
POU5F1,CTNNB1,1
POU5F1,MED4,1
POU5F1,CST3,1
POU5F1,2410141K09RIK,1
POU5F1,RARG,1
POU5F1,NR5A2,1
POU5F1,MXD4,1
POU5F1,HIST1H2AC,1
POU5F1,FOXJ3,1
POU5F1,POLR3B,1
POU5F1,DDX20,1
POU5F1,ASS1,1
POU5F1,HES6,1
POU5F1,PLA2G1B,1
POU5F1,CREB3,1
POU5F1,L3MBTL2,1
POU5F1,CHD7,1
POU5F1,TAX1BP3,1
POU5F1,CIC,1
POU5F1,HMCES,1
POU5F1,HDAC2,1
POU5F1,GLS,1
POU5F1,HMGXB4,1
POU5F1,INTS12,1
POU5F1,ZEB2,1
POU5F1,FAM234A,1
POU5F1,ODC1,1
POU5F1,XRCC5,1
POU5F1,GSTA4,1
POU5F1,PDK1,1
POU5F1,SERTAD2,1
POU5F1,PCBP2,1
POU5F1,CBX8,1
POU5F1,TFAP4,1
POU5F1,COPS2,1
POU5F1,GTF2H3,1
POU5F1,MLXIPL,1
POU5F1,SRSF1,1
POU5F1,PSIP1,1
POU5F1,POLR2E,1
POU5F1,GABARAPL2,1
POU5F1,SMARCA5,1
POU5F1,ATF6,1
POU5F1,KHDRBS1,1
POU5F1,TXNDC12,1
POU5F1,ING1,1
POU5F1,MARC2,1
POU5F1,EIF4A2,1
POU5F1,ABTB1,1
POU5F1,ANXA5,1
POU5F1,MYCN,1
POU5F1,BRCA2,1
POU5F1,TFRC,1
POU5F1,POU4F1,1
POU5F1,BRPF1,1
POU5F1,GTF3C5,1
POU5F1,ELF1,1
POU5F1,ZFP335,1
POU5F1,TCF4,1
POU5F1,FRRS1,1
POU5F1,CDC42SE2,1
POU5F1,AIP,1
POU5F1,TUBB2B,1
POU5F1,MYLPF,1
POU5F1,TADA3,1
POU5F1,POLR2J,1
POU5F1,KDM5B,1
POU5F1,EP400,1
POU5F1,NDRG1,1
POU5F1,TNFAIP3,1
POU5F1,RNF6,1
POU5F1,RLIM,1
POU5F1,SMARCA4,1
POU5F1,TAF9,1
POU5F1,TRIB3,1
POU5F1,P4HA1,1
POU5F1,TXNIP,1
POU5F1,DDX5,1
POU5F1,GLIPR2,1
POU5F1,MAML3,1
POU5F1,SPRY2,1
POU5F1,TOX4,1
POU5F1,ILK,1
POU5F1,LAMC1,1
POU5F1,TAF5,1
POU5F1,HIST1H4K,1
POU5F1,CEBPZ,1
POU5F1,PIAS1,1
POU5F1,SLC16A1,1
POU5F1,SEMA4C,1
POU5F1,ASXL1,1
POU5F1,CENPB,1
POU5F1,ZFP398,1
POU5F1,ZFP768,1
POU5F1,ZFP276,1
POU5F1,SMAD2,1
POU5F1,TCEA1,1
POU5F1,CNOT8,1
POU5F1,STAT4,1
POU5F1,POLR1B,1
POU5F1,ATF4,1
POU5F1,SIRT1,1
POU5F1,MAPK8,1
POU5F1,GLUL,1
POU5F1,BARD1,1
POU5F1,MCM4,1
POU5F1,PHB2,1
POU5F1,CALD1,1
POU5F1,ADAM19,1
POU5F1,FUS,1
POU5F1,PRDM14,1
POU5F1,MATR3,1
POU5F1,RNF14,1
POU5F1,RB1,1
POU5F1,ILF3,1
POU5F1,HSP90AA1,1
POU5F1,RBL1,1
POU5F1,PHLDA3,1
POU5F1,MAML1,1
POU5F1,TSPAN9,1
POU5F1,DNMT1,1
POU5F1,DDB1,1
POU5F1,PA2G4,1
POU5F1,CITED2,1
POU5F1,OPLAH,1
POU5F1,RAD54B,1
POU5F1,CNOT6,1
POU5F1,UCHL1,1
POU5F1,HNRNPK,1
POU5F1,ELAVL2,1
POU5F1,TMED2,1
POU5F1,MED31,1
POU5F1,MCM7,1
POU5F1,NFYB,1
POU5F1,HIST1H2BL,1
POU5F1,HIST1H2AI,1
POU5F1,HDGF,1
POU5F1,NFX1,1
POU5F1,CALR,1
POU5F1,NRF1,1
POU5F1,PODXL,1
POU5F1,ATP6V0A1,1
POU5F1,RUVBL2,1
POU5F1,PHF12,1
POU5F1,ARID1A,1
POU5F1,ELP2,1
POU5F1,TBPL1,1
POU5F1,SLC6A6,1
POU5F1,TCF7L2,1
POU5F1,DDB2,1
POU5F1,POLR3D,1
POU5F1,HDAC4,1
POU5F1,CTCF,1
POU5F1,NR1D1,1
POU5F1,MGST3,1
POU5F1,MAZ,1
POU5F1,HIST1H2BK,1
POU5F1,MLLT1,1
POU5F1,AMOTL2,1
POU5F1,ELK4,1
POU5F1,RFX7,1
POU5F1,GNPDA1,1
POU5F1,THRAP3,1
POU5F1,MBD2,1
POU5F1,PARP1,1
POU5F1,BRWD1,1
POU5F1,ELF3,1
POU5F1,DDX54,1
POU5F1,DNAJC10,1
POU5F1,CALCOCO1,1
POU5F1,ATF7,1
POU5F1,PHF20,1
POU5F1,KLF10,1
POU5F1,EZH2,1
POU5F1,TMF1,1
POU5F1,ID2,1
POU5F1,MED21,1
POU5F1,ILF2,1
POU5F1,ATF5,1
POU5F1,GTF2H4,1
POU5F1,CTSD,1
POU5F1,BEND5,1
POU5F1,SLC25A4,1
POU5F1,ZFAND3,1
POU5F1,SMARCC2,1
POU5F1,NR1D2,1
POU5F1,EZH1,1
POU5F1,YEATS4,1
POU5F1,MIS18BP1,1
POU5F1,MEF2A,1
POU5F1,SMARCD1,1
POU5F1,SMURF1,1
POU5F1,FABP3,1
POU5F1,PTPN14,1
POU5F1,ZFP979,1
POU5F1,POLR3F,1
POU5F1,HMGB2,1
POU5F1,FRMD4A,1
POU5F1,HNRNPAB,1
POU5F1,CDKN1A,1
POU5F1,ABHD5,1
POU5F1,ATF2,1
POU5F1,SLC5A11,1
POU5F1,NFE2L2,1
POU5F1,TOPORS,1
POU5F1,NFYA,1
POU5F1,ELF2,1
POU5F1,HTT,1
POU5F1,ERP29,1
POU5F1,INSIG1,1
POU5F1,ARL6IP5,1
POU5F1,RNF2,1
POU5F1,ASNS,1
POU5F1,NEDD4,1
POU5F1,PHF1,1
POU5F1,MPHOSPH8,1
POU5F1,HIST1H1D,1
POU5F1,RAB11A,1
POU5F1,HNRNPD,1
POU5F1,TRIM28,1
POU5F1,CALU,1
POU5F1,DNAJC2,1
POU5F1,FXR2,1
POU5F1,SP1,1
POU5F1,ATF3,1
POU5F1,RBFOX2,1
POU5F1,HSPA5,1
POU5F1,DR1,1
POU5F1,ING3,1
POU5F1,SDC4,1
POU5F1,CCND1,1
POU5F1,FXR1,1
POU5F1,IRF3,1
POU5F1,TDGF1,1
POU5F1,DDIT3,1
POU5F1,KPNA2,1
POU5F1,HSPB1,1
POU5F1,PLAG1,1
POU5F1,SLC7A6,1
POU5F1,TAF10,1
POU5F1,LMF2,1
POU5F1,PREB,1
POU5F1,MT2,1
POU5F1,LAMB2,1
POU5F1,MCM3,1
POU5F1,NACC1,1
POU5F1,LRP2,1
POU5F1,SRSF3,1
POU5F1,SMAD7,1
POU5F1,CCNG1,1
POU5F1,TAF1A,1
POU5F1,ETV4,1
POU5F1,TRRAP,1
POU5F1,BCLAF1,1
POU5F1,CTBP1,1
POU5F1,AATF,1
POU5F1,CNOT7,1
POU5F1,XRCC6,1
POU5F1,ANXA2,1
POU5F1,APEX1,1
POU5F1,ZBTB10,1
POU5F1,BNIP3,1
POU5F1,EWSR1,1
POU5F1,ANKRD49,1
POU5F1,IRF2,1
POU5F1,MCM6,1
POU5F1,MKX,1
POU5F1,HIST1H2BN,1
POU5F1,HIST1H2AK,1
POU5F1,BCAM,1
POU5F1,CDC5L,1
POU5F1,NRG1,1
POU5F1,SSB,1
POU5F1,MAFK,1
POU5F1,HMGA1,1
POU5F1,BTAF1,1
POU5F1,SMARCC1,1
POU5F1,ESPL1,1
POU5F1,POLR2B,1
POU5F1,MYBBP1A,1
POU5F1,RUVBL1,1
POU5F1,SOX2,1
POU5F1,PAX6,1
POU5F1,SIX5,1
POU5F1,SKIL,1
POU5F1,LMO4,1
POU5F1,HSPH1,1
POU5F1,CD63,1
POU5F1,CRIP2,1
POU5F1,ARHGAP29,1
POU5F1,SMURF2,1
POU5F1,DAZAP2,1
POU5F1,TULP3,1
POU5F1,HSP90B1,1
POU5F1,CTBP2,1
POU5F1,HIF1A,1
POU5F1,TCF12,1
POU5F1,APOE,1
POU5F1,RBBP4,1
POU5F1,CDC20,1
POU5F1,EED,1
POU5F1,GTF2I,1
POU5F1,MME,1
POU5F1,XAB2,1
POU5F1,SOAT1,1
POU5F1,PMS1,1
POU5F1,COIL,1
POU5F1,KRBA1,1
POU5F1,TCERG1,1
POU5F1,USF1,1
POU5F1,NR4A1,1
POU5F1,NAA15,1
POU5F1,BTG2,1
POU5F1,SALL4,1
POU5F1,RNF19A,1
POU5F1,TRIP11,1
POU5F1,SNAPC3,1
POU5F1,YEATS2,1
POU5F1,KLF13,1
POU5F1,BTG1,1
POU5F1,HMGXB3,1
POU5F1,SELENOW,1
POU5F1,TPD52,1
POU5F1,ZFPM1,1
POU5F1,CHCHD10,1
POU5F1,TCL1,1
POU5F1,ZFP219,1
POU5F1,HIST1H3H,1
POU5F1,KLF9,1
POU5F1,NFKBIA,1
POU5F1,PHF14,1
POU5F1,NCOA3,1
POU5F1,TRIM24,1
POU5F1,NCOR1,1
POU5F1,NFXL1,1
POU5F1,ERF,1
POU5F1,SFPQ,1
POU5F1,SND1,1
POU5F1,TCOF1,1
POU5F1,RELA,1
POU5F1,SUZ12,1
POU5F1,TSG101,1
POU5F1,CTSA,1
POU5F1,SMARCAD1,1
POU5F1,HES1,1
POU5F1,DPPA4,1
POU5F1,P4HB,1
POU5F1,TRIM13,1
POU5F1,MT1,1
POU5F1,KLF6,1
POU5F1,E2F6,1
POU5F1,BRD7,1
POU5F1,SIN3B,1
POU5F1,TDH,1
POU5F1,HEXIM1,1
POU5F1,SIRT2,1
POU5F1,SREBF1,1
POU5F1,ATM,1
POU5F1,IRF1,1
POU5F1,DEK,1
POU5F1,ARNTL,1
POU5F1,TFEB,1
POU5F1,ZBTB43,1
POU5F1,EP300,1
POU5F1,CSRP2,1
POU5F1,HIST1H1B,1
POU5F1,RRBP1,1
POU5F1,GABPA,1
POU5F1,EDEM1,1
POU5F1,MYBL2,1
POU5F1,GTF3C1,1
POU5F1,FOXP1,1
POU5F1,SRRT,1
POU5F1,CTNNBIP1,1
POU5F1,BTF3,1
POU5F1,TBL1X,1
POU5F1,GBX2,1
POU5F1,ANKS1,1
POU5F1,SURF4,1
POU5F1,SNURF,1
POU5F1,TRIM25,1
POU5F1,SMARCA2,1
POU5F1,PATJ,1
POU5F1,MEIS1,1
POU5F1,TEAD1,1
POU5F1,TBX3,1
POU5F1,FLRT3,1
POU5F1,APOBEC3,1
POU5F1,RAPGEF3,1
POU5F1,ETS1,1
POU5F1,PLRG1,1
POU5F1,RUNX1,1
POU5F1,PGA5,1
POU5F1,MORF4L2,1
POU5F1,L1TD1,1
POU5F1,TMSB4X,1
POU5F1,IMPDH1,1
POU5F1,TRIM32,1
POU5F1,SGK1,1
POU5F1,HIF3A,1
POU5F1,ZDHHC16,1
POU5F1,DAXX,1
POU5F1,PMM1,1
POU5F1,CNOT2,1
POU5F1,LAMA1,1
POU5F1,KRT8,1
POU5F1,TUBB6,1
POU5F1,HSF2,1
POU5F1,ZBTB24,1
POU5F1,ABT1,1
POU5F1,KDELR2,1
POU5F1,POLR1E,1
POU5F1,NR2C1,1
POU5F1,D230025D16RIK,1
POU5F1,ZMYM2,1
POU5F1,TOP2A,1
POU5F1,GSR,1
POU5F1,RBBP7,1
POU5F1,ETV6,1
POU5F1,HMGA1B,1
POU5F1,NONO,1
POU5F1,KLF4,1
POU5F1,ZFP281,1
POU5F1,NME2,1
POU5F1,KAT6B,1
POU5F1,ZHX3,1
POU5F1,MANF,1
POU5F1,MDM2,1
POU5F1,MSC,1
POU5F1,CRAMP1L,1
POU5F1,TCEA3,1
POU5F1,CCNB1,1
POU5F1,PARVB,1
POU5F1,PAPOLA,1
POU5F1,HIST1H2AF,1
POU5F1,SUB1,1
POU5F1,FGFR3,1
POU5F1,TGIF1,1
POU5F1,TEAD4,1
POU5F1,FDPS,1
POU5F1,NOTCH4,1
POU5F1,ULK1,1
POU5F1,ECT2,1
POU5F1,CTNNBL1,1
POU5F1,RCC2,1
POU5F1,POLR2H,1
POU5F1,POLR1A,1
POU5F1,WBP11,1
POU5F1,MLXIP,1
POU5F1,MYO6,1
POU5F1,PLOD3,1
POU5F1,ERCC3,1
POU5F1,ELL3,1
POU5F1,FIZ1,1
POU5F1,MYH9,1
POU5F1,SIRT3,1
POU5F1,TMEM150A,1
POU5F1,GABBR1,1
POU5F1,PRDM1,1
POU5F1,ATF1,1
POU5F1,SRSF6,1
POU5F1,STXBP2,1
POU5F1,RCOR2,1
POU5F1,TLE1,1
POU5F1,HDAC1,1
POU5F1,PATZ1,1
POU5F1,UBE2C,1
POU5F1,RFXAP,1
POU5F1,APBB1,1
POU5F1,ZFP36L1,1
POU5F1,RYBP,1
POU5F1,PDIA6,1
POU5F1,TAF6L,1
POU5F1,TIMELESS,1
POU5F1,IFITM1,1
POU5F1,PIAS3,1
POU5F1,CREB5,1
POU5F1,UHRF1,1
POU5F1,TXNDC5,1
POU5F1,SAT1,1
POU5F1,ID3,1
POU5F1,LAPTM5,1
POU5F1,LY6G6E,1
POU5F1,DPPA2,1
POU5F1,CTSL,1
POU5F1,HIST1H2BF,1
POU5F1,PLAGL2,1
POU5F1,ZBTB38,1
POU5F1,E2F1,1
POU5F1,NFIB,1
POU5F1,RRM2,1
POU5F1,MEF2D,1
POU5F1,SMARCB1,1
POU5F1,TAF6,1
POU5F1,EFEMP2,1
POU5F1,NUP210,1
POU5F1,GDPD5,1
POU5F1,VEGFA,1
POU5F1,TRP53,1
POU5F1,JUN,1
POU5F1,SNAI1,1
POU5F1,CHD4,1
POU5F1,DAB2,1
POU5F1,ATP13A3,1
POU5F1,CBX4,1
POU5F1,IRF6,1
POU5F1,RERE,1
POU5F1,KEAP1,1
POU5F1,PAWR,1
POU5F1,UBQLN2,1
POU5F1,ZFP277,1
POU5F1,ITGA6,1
POU5F1,SCMH1,1
POU5F1,POLR2K,1
POU5F1,RBMXL2,1
POU5F1,SAP30,1
POU5F1,EYA1,1
POU5F1,RANBP17,1
POU5F1,B2M,1
POU5F1,PHLDB2,1
POU5F1,H1F0,1
POU5F1,BMI1,1
POU5F1,PFKP,1
POU5F1,ORC2,1
POU5F1,FBLIM1,1
POU5F1,AGAP3,1
POU5F1,PLTP,1
POU5F1,HSBP1,1
POU5F1,MEF2C,1
POU5F1,MED12,1
POU5F1,TOP2B,1
POU5F1,F3,1
POU5F1,ERCC8,1
POU5F1,E2F2,1
POU5F1,HIVEP2,1
POU5F1,PITX1,1
POU5F1,UBP1,1
POU5F1,AU018091,1
POU5F1,TUBA4A,1
POU5F1,TAGLN2,1
POU5F1,PBX4,1
POU5F1,BTBD11,1
POU5F1,PROX1,1
POU5F1,ZFP446,1
POU5F1,RAD51,1
POU5F1,LDLRAP1,1
POU5F1,ZYX,1
POU5F1,FOXO3,1
POU5F1,ZIC3,1
POU5F1,SLC25A5,1
POU5F1,EBF1,1
POU5F1,ZFP57,1
POU5F1,NR3C1,1
POU5F1,KLF2,1
POU5F1,PRDM5,1
POU5F1,DDAH2,1
POU5F1,EDA2R,1
POU5F1,DDX58,1
POU5F1,MITF,1
POU5F1,RAB3IL1,1
POU5F1,HIST1H2BB,1
POU5F1,PLOD2,1
POU5F1,CLCN5,1
POU5F1,MCM5,1
POU5F1,NUPR1,1
POU5F1,KANK2,1
POU5F1,CTH,1
POU5F1,PML,1
POU5F1,TMEM144,1
POU5F1,BCL3,1
POU5F1,TPM4,1
POU5F1,ZFP592,1
POU5F1,CKAP4,1
POU5F1,LOXL2,1
POU5F1,NR2F6,1
POU5F1,MEN1,1
POU5F1,AMPD2,1
POU5F1,REST,1
POU5F1,GLIS2,1
POU5F1,GZF1,1
POU5F1,FN1,1
POU5F1,ZFP296,1
POU5F1,FGF4,1
POU5F1,CHST15,1
POU5F1,SPEN,1
POU5F1,BMP6,1
POU5F1,P3H1,1
POU5F1,NFATC2IP,1
POU5F1,HDAC5,1
POU5F1,GLI2,1
POU5F1,SLC6A8,1
POU5F1,ZFP91,1
POU5F1,WDR45,1
POU5F1,NFATC3,1
POU5F1,RBMX,1
POU5F1,TFCP2L1,1
POU5F1,MAPK3,1
POU5F1,CCN2,1
POU5F1,UBTF,1
POU5F1,NFKB2,1
POU5F1,YBX1,1
POU5F1,PDGFRA,1
POU5F1,PCOLCE,1
POU5F1,KLF8,1
POU5F1,EPS8,1
POU5F1,GLDC,1
POU5F1,ZDHHC15,1
POU5F1,EGR1,1
POU5F1,MCM2,1
POU5F1,APP,1
POU5F1,MED15,1
POU5F1,NID1,1
POU5F1,IFITM2,1
POU5F1,TINAGL1,1
POU5F1,ID4,1
POU5F1,2200002D01RIK,1
POU5F1,PDCD11,1
POU5F1,E2F4,1
POU5F1,VEZF1,1
POU5F1,TRPS1,1
POU5F1,P4HA2,1
POU5F1,MAN1A2,1
POU5F1,RFX5,1
POU5F1,EMX2,1
POU5F1,ETV3,1
POU5F1,THBD,1
POU5F1,JARID2,1
POU5F1,HSPG2,1
POU5F1,CNOT6L,1
POU5F1,GATA3,1
POU5F1,CRY1,1
POU5F1,NKRF,1
POU5F1,LAMB1,1
POU5F1,HDAC11,1
POU5F1,CBX6,1
POU5F1,SEPT1,1
POU5F1,STARD10,1
POU5F1,ZBTB39,1
POU5F1,DNMT3A,1
POU5F1,MAPK13,1
POU5F1,MAPK11,1
POU5F1,NR0B1,1
POU5F1,RAI14,1
POU5F1,SATB1,1
POU5F1,MYD88,1
POU5F1,HCFC1,1
POU5F1,HOXD13,1
POU5F1,TET1,1
POU5F1,VSIR,1
POU5F1,AIRE,1
POU5F1,DKC1,1
POU5F1,CUX1,1
POU5F1,TCF7,1
POU5F1,POLR1C,1
POU5F1,SERPINE2,1
POU5F1,TFAP2C,1
POU5F1,UTF1,1
POU5F1,MYC,1
POU5F1,KIT,1
POU5F1,MOV10,1
POU5F1,LDHB,1
POU5F1,COTL1,1
POU5F1,PRSS35,1
POU5F1,SIN3A,1
POU5F1,MTA3,1
POU5F1,SRF,1
POU5F1,KAT2B,1
POU5F1,PKNOX2,1
POU5F1,IGFBP2,1
POU5F1,RASGRP2,1
POU5F1,HIST1H1A,1
POU5F1,TBX18,1
POU5F1,ARHGEF40,1
POU5F1,ALPL,1
POU5F1,SOX15,1
POU5F1,OVOL1,1
POU5F1,RBPMS2,1
POU5F1,P3H4,1
POU5F1,PDCD4,1
POU5F1,GLI1,1
POU5F1,NDN,1
POU5F1,NSD1,1
POU5F1,SERPINH1,1
POU5F1,ELF4,1
POU5F1,PLAT,1
POU5F1,CSF1,1
POU5F1,ZSWIM4,1
POU5F1,TNK2,1
POU5F1,HDAC7,1
POU5F1,CAR2,1
POU5F1,AKT1,1
POU5F1,LAMA5,1
POU5F1,GJA1,1
POU5F1,BEX1,1
POU5F1,LGMN,1
POU5F1,GATA6,1
POU5F1,GRIN1,1
POU5F1,IFI30,1
POU5F1,ELL2,1
POU5F1,IFITM3,1
POU5F1,CLDN6,1
POU5F1,PLOD1,1
POU5F1,FGF10,1
POU5F1,PDPN,1
POU5F1,CTSZ,1
POU5F1,SIX1,1
POU5F1,HS3ST1,1
POU5F1,TEAD3,1
POU5F1,COL27A1,1
POU5F1,IKBKB,1
POU5F1,GAS6,1
POU5F1,FXYD6,1
POU5F1,CUX2,1
POU5F1,SRGN,1
POU5F1,DMRT1,1
POU5F1,RNF157,1
POU5F1,HOPX,1
POU5F1,ELK1,1
POU5F1,COMMD3,1
POU5F1,MEIS3,1
POU5F1,HDAC3,1
POU5F1,FOXA2,1
POU5F1,DKK1,1
POU5F1,SPOCK1,1
POU5F1,POU4F2,1
POU5F1,HSF2BP,1
POU5F1,TOX3,1
POU5F1,BMP4,1
POU5F1,VILL,1
POU5F1,EPHA4,1
POU5F1,CKB,1
POU5F1,ISYNA1,1
POU5F1,ADAM23,1
POU5F1,EOMES,1
POU5F1,EPAS1,1
POU5F1,CEMIP,1
POU5F1,ZFP275,1
PRDM14,HMGXB4,1
PRDM14,SLC6A6,1
PRDM14,RLIM,1
PRDM14,AMOTL2,1
PRDM14,PITX1,1
PRDM14,ZFYVE21,1
PRDM14,LAMA5,1
PRDM14,ARID1A,1
PRDM14,RIF1,1
PRDM14,GATA4,1
PRDM14,SLC25A4,1
PRDM14,UHRF1,1
PRDM14,LRP2,1
PRDM14,FOXH1,1
PRDM14,RBBP7,1
RARA,MTF2,1
RARA,POLR2A,1
RARA,ILF2,1
RARA,TFRC,1
RARA,ING1,1
RARA,HSPA5,1
RARA,HIST1H2AC,1
RARA,TRIB3,1
RARA,JUND,1
RARA,HIST1H2BK,1
RARA,HNRNPAB,1
RARA,HIST1H3H,1
RARA,BTG2,1
RARA,CALR,1
RARA,HIST1H4K,1
RARA,HEXIM1,1
RARA,HSP90AA1,1
RARA,INSIG1,1
RARA,KLF6,1
RARA,RBM14,1
RARA,SUB1,1
RARA,SGK1,1
RARA,CTSL,1
RARA,FUS,1
RARA,CITED2,1
RARA,SFI1,1
RARA,P4HA1,1
RARA,HIST1H1D,1
RARA,BTG1,1
RARA,ZFP36L1,1
RARA,HIST1H2BL,1
RARA,HIST1H2AI,1
RARA,SRSF3,1
RARA,HIST1H2AF,1
RARA,ABHD5,1
RARA,VEGFA,1
RARA,TUBA4A,1
RARA,DDX5,1
RARA,SMARCA5,1
RARA,MYMX,1
RARA,MSH6,1
RARA,EP400,1
RARA,HIST1H2BF,1
RARA,HIST1H2BN,1
RARA,HIST1H2AK,1
RARA,MAML1,1
RARA,EPHA2,1
RARA,P4HB,1
RARA,GLUL,1
RARA,JUN,1
RARA,CTNNB1,1
RARA,SIRT3,1
RARA,SIRT1,1
RARA,HSP90B1,1
RARA,GLS,1
RARA,HIST1H2BB,1
RARA,HMGA1B,1
RARA,HMGA1,1
RARA,KLF10,1
RARA,TXNIP,1
RARA,NFKBIA,1
RARA,NCOA3,1
RARA,KNTC1,1
RARA,SERTAD2,1
RARA,EIF4A2,1
RARA,D230025D16RIK,1
RARA,NFE2L2,1
RARA,NCOR1,1
RARA,KLF2,1
RARA,SMURF2,1
RARA,NFE2L1,1
RARA,MED21,1
RARA,B2M,1
RARA,BCLAF1,1
RARA,ODC1,1
RARA,MANF,1
RARA,DDIT3,1
RARA,NFYB,1
RARA,SFPQ,1
RARA,ULK1,1
RARA,SP1,1
RARA,ATP6V0A1,1
RARA,MATR3,1
RARA,DDX20,1
RARA,SRSF6,1
RARA,HIF1A,1
RARA,DDB1,1
RARA,ARHGAP29,1
RARA,CDC5L,1
RARA,AMOTL2,1
RARA,PDCD4,1
RARA,PHF14,1
RARA,EDEM1,1
RARA,FN1,1
RARA,COTL1,1
RARA,CALU,1
RARA,HMGB2,1
RARA,KPNA2,1
RARA,SRSF1,1
RARA,HDLBP,1
RARA,SDC4,1
RARA,MAFK,1
RARA,TSG101,1
RARA,DDX54,1
RARA,ATF6,1
RARA,ELF1,1
RARA,SURF4,1
RARA,PDIA6,1
RARA,KLF3,1
RARA,CSRP2,1
RARA,CTH,1
RARA,SLC25A4,1
RARA,PMS1,1
RARA,ATF4,1
RARA,SLC16A1,1
RARA,SREBF1,1
RARA,TCEA1,1
RARA,SLC25A5,1
RARA,TBX3,1
RARA,RBBP4,1
RARA,POLR3D,1
RARA,BRWD1,1
RARA,HNRNPK,1
RARA,CNOT2,1
RARA,ECD,1
RARA,TRIM28,1
RARA,TOPORS,1
RARA,SSR3,1
RARA,PLAG1,1
RARA,CDKN1A,1
RARA,ATF2,1
RARA,ANKRD49,1
RARA,DCP1A,1
RARA,INTS12,1
RARA,YEATS4,1
RARA,CCN2,1
RARA,CDC42SE2,1
RARA,KDM3A,1
RARA,DIDO1,1
RARA,RBFOX2,1
RARA,HIST1H1A,1
RARA,CBX8,1
RARA,CCNG1,1
RARA,COPS2,1
RARA,HDAC1,1
RARA,SIN3B,1
RARA,SND1,1
RARA,BTAF1,1
RARA,GTF2H3,1
RARA,LDB1,1
RARA,IRF1,1
RARA,APOE,1
RARA,RERE,1
RARA,LRPAP1,1
RARA,HIST1H1B,1
RARA,ID4,1
RARA,UCHL1,1
RARA,FXR1,1
RARA,RBBP7,1
RARA,WBP11,1
RARA,SRRT,1
RARA,POLR1A,1
RARA,ELK4,1
RARA,YBX1,1
RARA,EGR1,1
RARA,ATF1,1
RARA,TUBB6,1
RARA,MYCN,1
RARA,MDM2,1
RARA,TBPL1,1
RARA,MAN1A2,1
RARA,ETV3,1
RARA,MCM5,1
RARA,SUZ12,1
RARA,TAF6,1
RARA,KLF9,1
RARA,TRIM24,1
RARA,PDCD11,1
RARA,CCNB1,1
RARA,SMARCA4,1
RARA,MED4,1
RARA,POLR2J,1
RARA,SMARCC1,1
RARA,NOTCH2,1
RARA,E2F4,1
RARA,TAF10,1
RARA,MYBBP1A,1
RARA,ZFAND3,1
RARA,SLC6A6,1
RARA,HDAC2,1
RARA,ATF7,1
RARA,NRF1,1
RARA,MED15,1
RARA,SSB,1
RARA,POLR1B,1
RARA,CTNNBL1,1
RARA,FGF4,1
RARA,TET2,1
RARA,NFYA,1
RARA,GABPA,1
RARA,POLR3B,1
RARA,CNOT3,1
RARA,CNOT7,1
RARA,TOP2A,1
RARA,TCERG1,1
RARA,RIF1,1
RARA,ZFHX3,1
RARA,TADA3,1
RARA,XRCC5,1
RARA,CEBPZ,1
RARA,BTF3,1
RARA,SNAPC3,1
RARA,MLXIP,1
RARA,NR0B1,1
RARA,PIAS1,1
RARA,GTF3C5,1
RARA,RNF2,1
RARA,EWSR1,1
RARA,CNOT8,1
RARA,AATF,1
RARA,PCBP2,1
RARA,CDC20,1
RARA,TFCP2L1,1
RARA,BARD1,1
RARA,PARP1,1
RARA,ORC2,1
RARA,KIT,1
RARA,HTT,1
RARA,DR1,1
RARA,EED,1
RARA,PA2G4,1
RARA,MEF2A,1
RARA,ARNTL,1
RARA,TFAP4,1
RARA,RELA,1
RARA,KAT6B,1
RARA,PHB2,1
RARA,MPHOSPH8,1
RARA,TAF5,1
RARA,MED12,1
RARA,2410141K09RIK,1
RARA,DNAJC10,1
RARA,TOX4,1
RARA,TXNDC5,1
RARA,SOCS2,1
RARA,BTBD11,1
RARA,ADAM19,1
RARA,POLR1C,1
RARA,TCF4,1
RARA,THRAP3,1
RARA,ASH2L,1
RARA,ABT1,1
RARA,POU5F1,1
RARA,CNOT6,1
RARA,KDM5B,1
RARA,PELP1,1
RARA,RAD54B,1
RARA,EZH2,1
RARA,FAM234A,1
RARA,DKC1,1
RARA,TEAD1,1
RARA,SIRT2,1
RARA,HMGXB3,1
RARA,TAF9,1
RARA,ETV6,1
RARA,APEX1,1
RARA,ELAVL2,1
RARA,ZFP219,1
RARA,DNMT1,1
RARA,NUP210,1
RARA,TMF1,1
RARA,CTBP1,1
RARA,RANBP17,1
RARA,NAA15,1
RARA,ELP2,1
RARA,FRRS1,1
RARA,NFATC3,1
RARA,BRCA2,1
RARA,ARL6IP5,1
RARA,ATF5,1
RARA,RYBP,1
RARA,RBMXL2,1
RARA,RBMX,1
RARA,CHD4,1
RARA,MED31,1
RARA,TAF1A,1
RARA,MCM4,1
RARA,USF1,1
RARA,HNRNPD,1
RARA,HDAC5,1
RARA,CALD1,1
RARA,MLLT1,1
RARA,TUBB2B,1
RARA,ECT2,1
RARA,ING3,1
RARA,ESPL1,1
RARA,TCF12,1
RARA,ZFP979,1
RARA,JAM2,1
RARA,MCM3,1
RARA,ADAM23,1
RARA,ZFP57,1
RARA,COIL,1
RARA,PHLDA3,1
RARA,BCAT1,1
RARA,RBL1,1
RARA,LOXL2,1
RARA,ZFP42,1
RARA,GNAS,1
RARA,HMGXB4,1
RARA,GATA3,1
RARA,LDHB,1
RARA,RRM2,1
RARA,MCM6,1
RARA,MYBL2,1
RARA,ASXL1,1
RARA,UBE2C,1
RARA,PMM1,1
RARA,L1TD1,1
RARA,POU4F1,1
RARA,NDN,1
RARA,BEX1,1
RARA,HIF3A,1
RARA,UHRF1,1
RARA,FXYD6,1
RARA,PATJ,1
RARA,PAX6,1
RARA,BEND5,1
RARA,POLR1E,1
RARA,PLAT,1
RARA,TEAD4,1
REST,GABARAPL2,1
REST,GRIN1,1
REST,MAPK11,1
REST,CTBP1,1
REST,DNMT3A,1
REST,POLR2B,1
REST,DR1,1
REST,HNRNPD,1
REST,SAP30,1
REST,CRIP2,1
REST,HES1,1
REST,PIAS3,1
REST,TFRC,1
REST,ZSWIM4,1
REST,ATP6V0A1,1
REST,NR1D2,1
REST,CELF3,1
REST,E2F2,1
REST,ATF3,1
REST,ARNTL,1
REST,SFI1,1
REST,CTNNB1,1
REST,ASNS,1
REST,CTNNBL1,1
REST,SRSF6,1
REST,NRG1,1
REST,HIST1H2BK,1
REST,HIST1H2BL,1
REST,HIST1H2AI,1
REST,VEZF1,1
REST,GNAS,1
REST,ZMYND11,1
REST,EBF1,1
REST,IFI30,1
REST,NANOG,1
REST,MYO7A,1
RIF1,MIS18BP1,1
RIF1,HDAC2,1
RIF1,SUZ12,1
RIF1,HIST1H2AC,1
RIF1,HIST1H4K,1
RIF1,SFI1,1
RIF1,NR3C1,1
RIF1,ANKRD6,1
RIF1,SSBP4,1
RIF1,MAN1A2,1
RNF2,HDAC2,1
RNF2,AIP,1
RNF2,MLLT1,1
RNF2,FGF3,1
RNF2,BMP6,1
RNF2,SFI1,1
RNF2,OVOL1,1
RNF2,PRDM14,1
RNF2,GNAS,1
RNF2,E2F6,1
RNF2,DMRT1,1
RNF2,EBF1,1
RNF2,MAML3,1
RNF2,CUX1,1
RNF2,NPAS2,1
RNF2,IRF2,1
RNF2,KDM3A,1
RNF2,COL27A1,1
RNF2,HOXD13,1
RNF2,FOXQ1,1
RNF2,HTRA1,1
RNF2,FOXP1,1
RNF2,EOMES,1
RNF2,NFIA,1
RNF2,COL4A2,1
RNF2,COL4A1,1
RNF2,ESRRB,1
RNF2,GRB10,1
RNF2,FGFR3,1
RNF2,CREB5,1
RNF2,PKNOX2,1
RNF2,PTH1R,1
RNF2,ZEB2,1
RNF2,ZEB1,1
RNF2,HNF1B,1
RNF2,CITED1,1
RNF2,SOX7,1
RNF2,POU4F2,1
RNF2,MED31,1
RNF2,FST,1
RNF2,LHX2,1
RNF2,TWIST1,1
RNF2,BMPER,1
RNF2,SLCO3A1,1
RNF2,PODXL,1
RNF2,HMGA2,1
RNF2,SMARCA2,1
RNF2,BTBD11,1
RNF2,HOPX,1
RNF2,PDGFRA,1
RNF2,SATB1,1
RNF2,EMX2,1
RNF2,CHST15,1
RNF2,PHF20,1
RNF2,RNF157,1
RNF2,LRP2,1
RNF2,IGF2,1
RNF2,HIVEP2,1
RNF2,TBX18,1
RNF2,NR2F2,1
RNF2,CSF1,1
RNF2,NFATC1,1
RNF2,MSX2,1
RNF2,BMI1,1
RNF2,MLXIPL,1
RNF2,PAX8,1
RNF2,LRRK1,1
RNF2,ZFHX3,1
RNF2,ID4,1
RNF2,SSBP4,1
RNF2,APP,1
RNF2,PAX6,1
RNF2,VIM,1
RNF2,HEY2,1
RNF2,TRIM28,1
RNF2,BIN1,1
RNF2,GATA3,1
RNF2,SOX4,1
RNF2,FRMD4A,1
RNF2,SMARCA5,1
RNF2,SATB2,1
RNF2,MAPK8,1
RNF2,EBF4,1
RNF2,RFXAP,1
RNF2,SALL1,1
RNF2,ZFPM1,1
RNF2,ARHGAP29,1
RNF2,GDPD5,1
RNF2,NR3C1,1
RNF2,SLC7A6,1
RNF2,PAX1,1
RNF2,TFAP2C,1
RNF2,ATF3,1
RNF2,POU2F1,1
RNF2,SMAD2,1
RNF2,TOX3,1
RNF2,ZBTB10,1
RNF2,RYBP,1
RNF2,FOSL2,1
RNF2,PITX2,1
RNF2,JUN,1
RNF2,POU4F1,1
RNF2,NRG1,1
RNF2,ID3,1
RNF2,NR1D1,1
RNF2,SUZ12,1
RNF2,EPAS1,1
RNF2,GAS6,1
RNF2,MAN1A2,1
RNF2,SERPINE2,1
RNF2,KHDC3,1
RNF2,EZH2,1
RNF2,PRRX2,1
RNF2,SOS2,1
RNF2,NFIL3,1
RNF2,THBD,1
RNF2,MTF2,1
RNF2,P4HA2,1
RNF2,CRY1,1
RNF2,SPOCK1,1
RNF2,HNRNPK,1
RNF2,TFRC,1
RNF2,ETS1,1
RNF2,POU6F1,1
RNF2,SIX1,1
RNF2,MSC,1
RNF2,HES6,1
RNF2,STAT5B,1
RNF2,BAZ1A,1
RNF2,DDX20,1
RNF2,MEIS1,1
RNF2,FOXA2,1
RNF2,NOTUM,1
RNF2,KRBA1,1
RNF2,HSF2BP,1
RNF2,RAD54B,1
RNF2,FOXD3,1
RNF2,NFIB,1
RNF2,KIT,1
RNF2,TGFB1,1
RNF2,PELP1,1
RNF2,DKK1,1
RNF2,MKX,1
RNF2,ZBTB43,1
RNF2,NDN,1
RNF2,LAMB1,1
RNF2,MRAS,1
RNF2,NOTCH2,1
RNF2,OBSL1,1
RNF2,ATF7,1
RNF2,RUNX1,1
RNF2,NDRG1,1
RNF2,JDP2,1
RNF2,COMMD3,1
RNF2,MIS18BP1,1
RNF2,ILF3,1
RNF2,FHL2,1
RNF2,RBMXL2,1
RNF2,OTX2,1
RNF2,SOX17,1
RNF2,ABHD5,1
RNF2,SELENOW,1
RNF2,CLCN5,1
RNF2,FGF10,1
RNF2,SEMA4C,1
RNF2,HDAC7,1
RNF2,ELP2,1
RNF2,MORC4,1
RNF2,TIMP2,1
RNF2,CNOT6L,1
RNF2,NFE2L2,1
RNF2,NUP210,1
RNF2,ZYX,1
RNF2,P3H4,1
RNF2,RBL1,1
RNF2,SMARCAD1,1
RNF2,SMARCC1,1
RNF2,KHDRBS1,1
RNF2,BRPF1,1
RNF2,DTX1,1
RNF2,NR1D2,1
RNF2,RIF1,1
RNF2,HS3ST1,1
RNF2,FUBP3,1
RNF2,TEAD4,1
RNF2,GTF3C1,1
RNF2,B2M,1
RNF2,SRSF1,1
RNF2,DIDO1,1
RNF2,ELF2,1
RNF2,GLDC,1
RNF2,ATF5,1
RNF2,TENM4,1
RNF2,SIX5,1
RNF2,PLOD2,1
RNF2,HMGA1,1
RNF2,DPP4,1
RNF2,CD63,1
RNF2,TNFAIP3,1
RNF2,FABP3,1
RNF2,PHC1,1
RNF2,MYBBP1A,1
RNF2,BARX1,1
RNF2,MLXIP,1
RNF2,CALCOCO1,1
RNF2,APEX1,1
RNF2,HMGXB4,1
RNF2,UBP1,1
RNF2,EYA1,1
RNF2,GATA6,1
RNF2,PTPN14,1
RNF2,STARD10,1
RNF2,HMGA1B,1
RNF2,CNOT8,1
RNF2,TBPL1,1
RNF2,PDK1,1
RNF2,HSPH1,1
RNF2,SMAD3,1
RNF2,DAB2,1
RNF2,UPP1,1
RNF2,ELAVL2,1
RNF2,FOXJ3,1
RNF2,SPEN,1
RNF2,POLR3B,1
RNF2,SCMH1,1
RNF2,ILK,1
RNF2,CRIP2,1
RNF2,HSBP1,1
RNF2,ZFP398,1
RNF2,BMP4,1
RNF2,TCERG1,1
RNF2,HSF2,1
RNF2,BRD7,1
RNF2,PAPOLA,1
RNF2,DNMT3A,1
RNF2,DNAJC10,1
RNF2,CAR2,1
RNF2,ZFP423,1
RNF2,MAZ,1
RNF2,STAT5A,1
RNF2,MEF2C,1
RNF2,SND1,1
RNF2,KLF4,1
RNF2,MED21,1
RNF2,ASH2L,1
RNF2,DNAJC2,1
RNF2,IRF4,1
RNF2,MAFK,1
RNF2,BRCA2,1
RNF2,ODC1,1
RNF2,ELK4,1
RNF2,TCOF1,1
RNF2,RAB3IL1,1
RNF2,TLE1,1
RNF2,SP1,1
RNF2,RBPJ,1
RNF2,LOXL2,1
RNF2,HIST1H2AC,1
RNF2,MEF2A,1
RNF2,HTT,1
RNF2,RBM14,1
RNF2,VEGFA,1
RNF2,SIRT1,1
RNF2,POLR2J,1
RNF2,TCF12,1
RNF2,EP400,1
RNF2,KLF10,1
RNF2,GBX2,1
RNF2,DCP1A,1
RNF2,GRHL1,1
RNF2,PCBP2,1
RNF2,SHROOM3,1
RNF2,ETV6,1
RNF2,PROX1,1
RNF2,ANKRD49,1
RNF2,IMPDH1,1
RNF2,RASGRP2,1
RNF2,KLF15,1
RNF2,MARC2,1
RNF2,NAA15,1
RNF2,DDX5,1
RNF2,PHLDA3,1
RNF2,RNF19A,1
RNF2,GATA4,1
RNF2,TXNDC5,1
RNF2,GLI2,1
RNF2,ZFP277,1
RNF2,IRF1,1
RNF2,PURA,1
RNF2,CENPB,1
RNF2,TBX3,1
RNF2,BEND5,1
RNF2,ZFAND3,1
RNF2,PARP1,1
RNF2,ATF6,1
RNF2,SLC16A1,1
RNF2,PATJ,1
RNF2,MCM3,1
RNF2,KLF9,1
RNF2,SOCS2,1
RNF2,KDELR3,1
RNF2,HDLBP,1
RNF2,SREBF1,1
RNF2,HIST1H2BK,1
RNF2,TSG101,1
RNF2,GABPA,1
RNF2,GSR,1
RNF2,THRAP3,1
RNF2,PRDM5,1
RNF2,FOXJ2,1
RNF2,F3,1
RNF2,ECD,1
RNF2,PITX1,1
RNF2,H1F0,1
RNF2,TAF10,1
RNF2,SLC25A4,1
RNF2,NFXL1,1
RNF2,TIMP3,1
RNF2,PMS1,1
RNF2,ETV4,1
RNF2,LAMA5,1
RNF2,PHLDB2,1
RNF2,EDEM1,1
RNF2,YEATS2,1
RNF2,SPRY4,1
RNF2,LAMA1,1
RNF2,HDGF,1
RNF2,HSPG2,1
RNF2,ZMYND11,1
RNF2,BARD1,1
RNF2,EPHA4,1
RNF2,MT2,1
RNF2,PDCD4,1
RNF2,DR1,1
RNF2,CNOT6,1
RNF2,CHD7,1
RNF2,COTL1,1
RNF2,RAPGEF3,1
RNF2,ZFP57,1
RNF2,POLR3D,1
RNF2,HIST1H4K,1
RNF2,MEF2D,1
RNF2,PHF2,1
RNF2,RBPMS2,1
RNF2,NFYA,1
RNF2,POLR1B,1
RNF2,JUND,1
RNF2,ARNTL,1
RNF2,CDC42SE2,1
RNF2,GLUL,1
RNF2,ZMYM2,1
RNF2,FOXH1,1
RNF2,MYC,1
RNF2,SNAI1,1
RNF2,KLF2,1
RNF2,MSH6,1
RNF2,ME1,1
RNF2,RNF6,1
RNF2,RFX2,1
RNF2,RELA,1
RNF2,CALR,1
RNF2,NRIP1,1
RNF2,EZH1,1
RNF2,UCHL1,1
RNF2,AGAP3,1
RNF2,HSPB1,1
RNF2,PSIP1,1
RNF2,CTSD,1
RNF2,POLR2K,1
RNF2,ZBTB24,1
RNF2,FXR1,1
RNF2,EIF4A2,1
RNF2,ALPL,1
RNF2,LMO4,1
RNF2,SRF,1
RNF2,INTS12,1
RNF2,ERP29,1
RNF2,CTH,1
RNF2,KLF3,1
RNF2,RBBP4,1
RNF2,MYO6,1
RNF2,CRAMP1L,1
RNF2,ATM,1
RNF2,MITF,1
RNF2,PRDM1,1
RNF2,MXD4,1
RNF2,NOTCH1,1
RNF2,TMF1,1
RNF2,SMARCA4,1
RNF2,POLR2E,1
RNF2,ASNS,1
RNF2,BASP1,1
RNF2,ANXA5,1
RNF2,RCOR2,1
RNF2,POLR2B,1
RNF2,KNTC1,1
RNF2,CTNNB1,1
RNF2,ARNT2,1
RNF2,BTAF1,1
RNF2,KDELR2,1
RNF2,HSP90B1,1
RNF2,MPHOSPH8,1
RNF2,CTCF,1
RNF2,HMGXB3,1
RNF2,CTBP2,1
RNF2,LDB1,1
RNF2,FOXO1,1
RNF2,SMARCC2,1
RNF2,SERTAD2,1
RNF2,MKRN1,1
RNF2,ORC2,1
RNF2,ZFP148,1
RNF2,NR2F6,1
RNF2,NID1,1
RNF2,AATF,1
RNF2,TUBB6,1
RNF2,RNF14,1
RNF2,JMJD1C,1
RNF2,SRM,1
RNF2,EMP2,1
RNF2,TMED2,1
RNF2,TXNIP,1
RNF2,SMURF2,1
RNF2,INSIG1,1
RNF2,RAB11A,1
RNF2,CTSA,1
RNF2,HIST1H2BL,1
RNF2,HIST1H2AI,1
RNF2,TPM4,1
RNF2,SRRT,1
RNF2,ING3,1
RNF2,ETV3,1
RNF2,P4HA1,1
RNF2,PMM1,1
RNF2,TCEA1,1
RNF2,KLF13,1
RNF2,MBD2,1
RNF2,GLS,1
RNF2,PHB2,1
RNF2,ASXL1,1
RNF2,TADA3,1
RNF2,NFE2L1,1
RNF2,MCM6,1
RNF2,APOBEC3,1
RNF2,POLR2H,1
RNF2,NEDD4,1
RNF2,PA2G4,1
RNF2,ABTB1,1
RNF2,ZHX3,1
RNF2,GNPDA1,1
RNF2,SRSF3,1
RNF2,ZFP296,1
RNF2,TRIM32,1
RNF2,TRIP11,1
RNF2,NME2,1
RNF2,ZFP36L1,1
RNF2,NCOR1,1
RNF2,CIC,1
RNF2,ANKRD54,1
RNF2,TOPORS,1
RNF2,DDB2,1
RNF2,RUVBL1,1
RNF2,XRCC5,1
RNF2,MT1,1
RNF2,MATR3,1
RNF2,CEBPZ,1
RNF2,SUB1,1
RNF2,TCEA3,1
RNF2,HNRNPD,1
RNF2,NACC1,1
RNF2,ARID1A,1
RNF2,CALU,1
RNF2,TRRAP,1
RNF2,COPS2,1
RNF2,RB1,1
RNF2,ATF4,1
RNF2,ING1,1
RNF2,NR5A2,1
RNF2,NRF1,1
RNF2,NR2C1,1
RNF2,TAF1A,1
RNF2,CUX2,1
RNF2,EED,1
RNF2,UTF1,1
RNF2,CITED2,1
RNF2,GTF2H3,1
RNF2,RARA,1
RNF2,BCAT1,1
RNF2,ISYNA1,1
RNF2,NFATC3,1
RNF2,MED4,1
RNF2,CDC20,1
RNF2,HDAC5,1
RNF2,ATF2,1
RNF2,HSP90AA1,1
RNF2,MCM7,1
RNF2,ANKRD6,1
RNF2,ZFP335,1
RNF2,HIF1A,1
RNF2,P3H1,1
RNF2,GTF3C5,1
RNF2,LDLRAP1,1
RNF2,SPP1,1
RNF2,CHD5,1
RNF2,TRIM24,1
RNF2,DDB1,1
RNF2,POLR3F,1
RNF2,AMPD2,1
RNF2,RAD51,1
RNF2,SIN3B,1
RNF2,HIST1H3H,1
RNF2,ZFYVE21,1
RNF2,CTSZ,1
RNF2,SDC4,1
RNF2,EGR1,1
RNF2,BCLAF1,1
RNF2,TAX1BP3,1
RNF2,HES1,1
RNF2,SKIL,1
RNF2,PLAG1,1
RNF2,ARHGEF40,1
RNF2,TET2,1
RNF2,TAF9,1
RNF2,HMGB2,1
RNF2,POLR2A,1
RNF2,CREB3,1
RNF2,PBX4,1
RNF2,GLIPR2,1
RNF2,TYRO3,1
RNF2,ZFP91,1
RNF2,ESPL1,1
RNF2,PLRG1,1
RNF2,YEATS4,1
RNF2,FIZ1,1
RNF2,TCF7L2,1
RNF2,PLAGL2,1
RNF2,TSHZ3,1
RNF2,TSPAN9,1
RNF2,TOX4,1
RNF2,BNIP3,1
RNF2,RBFOX2,1
RNF2,ANXA2,1
RNF2,ASS1,1
RNF2,ZFP768,1
RNF2,SMURF1,1
RNF2,EWSR1,1
RNF2,ELF1,1
RNF2,KAT6B,1
RNF2,CKAP4,1
RNF2,MME,1
RNF2,P4HB,1
RNF2,CTNNBIP1,1
RNF2,APBB1,1
RNF2,NFX1,1
RNF2,CTSL,1
RNF2,RFX5,1
RNF2,ZFP281,1
RNF2,E2F2,1
RNF2,TRP53BP1,1
RNF2,HNRNPAB,1
RNF2,PDCD11,1
RNF2,TOP2B,1
RNF2,SGK1,1
RNF2,ATP13A3,1
RNF2,TCL1,1
RNF2,FXR2,1
RNF2,TFEB,1
RNF2,ERCC8,1
RNF2,HIST1H2BF,1
RNF2,TCF7,1
RNF2,XRCC6,1
RNF2,CDKN1A,1
RNF2,DDIT3,1
RNF2,FLRT3,1
RNF2,CSRP2,1
RNF2,DEK,1
RNF2,PHF14,1
RNF2,TUBA4A,1
RNF2,CTBP1,1
RNF2,FUS,1
RNF2,DAXX,1
RNF2,HIST1H2BN,1
RNF2,HIST1H2AK,1
RNF2,CKB,1
RNF2,PIAS1,1
RNF2,MYBL2,1
RNF2,MCM4,1
RNF2,POLR1C,1
RNF2,HDAC1,1
RNF2,TMEM144,1
RNF2,SRI,1
RNF2,RARG,1
RNF2,TMEM150A,1
RNF2,EP300,1
RNF2,YBX1,1
RNF2,CDC5L,1
RNF2,RANBP17,1
RNF2,EPS8,1
RNF2,VEZF1,1
RNF2,CMKLR1,1
RNF2,IGFBP2,1
RNF2,SEC24D,1
RNF2,CST3,1
RNF2,CBX6,1
RNF2,PIAS3,1
RNF2,HIST1H1D,1
RNF2,ZBTB7A,1
RNF2,BTF3,1
RNF2,LGMN,1
RNF2,ERCC3,1
RNF2,COIL,1
RNF2,USF1,1
RNF2,PLTP,1
RNF2,SMARCD1,1
RNF2,IKBKB,1
RNF2,ZDHHC16,1
RNF2,DDX54,1
RNF2,ZBTB38,1
RNF2,SMAD7,1
RNF2,XAB2,1
RNF2,FOXO3,1
RNF2,MYD88,1
RNF2,UNG,1
RNF2,MAML1,1
RNF2,GLIS2,1
RNF2,ATF1,1
RNF2,SURF4,1
RNF2,SPRY2,1
RNF2,DAZAP2,1
RNF2,MGST3,1
RNF2,HMCES,1
RNF2,GTF2I,1
RNF2,TAF6L,1
RNF2,UHRF1,1
RNF2,NFKB2,1
RNF2,CNOT2,1
RNF2,HDAC4,1
RNF2,E2F1,1
RNF2,CEMIP,1
RNF2,ZFP219,1
RNF2,ARL6IP5,1
RNF2,RRBP1,1
RNF2,ZSCAN10,1
RNF2,MANF,1
RNF2,NCOA3,1
RNF2,CNOT7,1
RNF2,VSIR,1
RNF2,ETV5,1
RNF2,TTF2,1
RNF2,TIMELESS,1
RNF2,RCC2,1
RNF2,SRSF6,1
RNF2,ZFP276,1
RNF2,MYLPF,1
RNF2,L3MBTL2,1
RNF2,RUVBL2,1
RNF2,PREB,1
RNF2,PFKP,1
RNF2,POU5F1,1
RNF2,TCF4,1
RNF2,FDPS,1
RNF2,ECT2,1
RNF2,FGF4,1
RNF2,BRWD1,1
RNF2,PLOD3,1
RNF2,HIF3A,1
RNF2,MEIS3,1
RNF2,CCNG1,1
RNF2,CBX8,1
RNF2,POLR2I,1
RNF2,NR0B1,1
RNF2,LRPAP1,1
RNF2,ZFP446,1
RNF2,E2F4,1
RNF2,MAPK3,1
RNF2,BCAM,1
RNF2,ITGA6,1
RNF2,MDM2,1
RNF2,CBX4,1
RNF2,CCN2,1
RNF2,NR4A1,1
RNF2,EFEMP2,1
RNF2,ESRRA,1
RNF2,PATZ1,1
RNF2,SSR3,1
RNF2,TOP2A,1
RNF2,AMOTL2,1
RNF2,TPD52,1
RNF2,TAF5,1
RNF2,MCM5,1
RNF2,TAF6,1
RNF2,HIP1,1
RNF2,ERF,1
RNF2,NFKBIA,1
RNF2,FAM234A,1
RNF2,SAP30,1
RNF2,PDIA6,1
RNF2,WWTR1,1
RNF2,PIAS2,1
RNF2,DNMT1,1
RNF2,LMF2,1
RNF2,LAMC1,1
RNF2,NFYB,1
RNF2,BTG1,1
RNF2,NKRF,1
RNF2,PHF1,1
RNF2,GRIN1,1
RNF2,SLC6A6,1
RNF2,AKT1,1
RNF2,TRIM25,1
RNF2,GTF2A1L,1
RNF2,ETV1,1
RNF2,TXNDC12,1
RNF2,TFE3,1
RNF2,RERE,1
RNF2,TRP53,1
RNF2,KEAP1,1
RNF2,GJB3,1
RNF2,ADAM19,1
RNF2,FRRS1,1
RNF2,CREB3L2,1
RNF2,TBL1X,1
RNF2,ATP6V0A1,1
RNF2,SORD,1
RNF2,SSB,1
RNF2,MYCN,1
RNF2,SIRT2,1
RNF2,MOV10,1
RNF2,RLIM,1
RNF2,ITPK1,1
RNF2,TRIM13,1
RNF2,HDAC3,1
RNF2,GABBR1,1
RNF2,GJA1,1
RNF2,NONO,1
RNF2,TNK2,1
RNF2,SAT1,1
RNF2,UBE2C,1
RNF2,TEAD3,1
RNF2,ARID5B,1
RNF2,ZFP592,1
RNF2,TULP3,1
RNF2,MYH9,1
RNF2,KRT8,1
RNF2,HIST1H2AF,1
RNF2,HIST1H2BB,1
RNF2,SLC7A3,1
RNF2,RBBP7,1
RNF2,PHF12,1
RNF2,TAGLN2,1
RNF2,LDHB,1
RNF2,SRGN,1
RNF2,CNOT3,1
RNF2,ZBTB39,1
RNF2,SIRT3,1
RNF2,MCM2,1
RNF2,PARVB,1
RNF2,TRPS1,1
RNF2,EHMT2,1
RNF2,SFPQ,1
RNF2,RRM2,1
RNF2,REST,1
RNF2,MED12,1
RNF2,PAWR,1
RNF2,LTBP4,1
RNF2,SOX2,1
RNF2,KPNA2,1
RNF2,ANKS1,1
RNF2,UBTF,1
RNF2,KANK2,1
RNF2,JARID2,1
RNF2,MAPK13,1
RNF2,TEAD1,1
RNF2,ELL2,1
RNF2,IRF6,1
RNF2,DDAH2,1
RNF2,BRCA1,1
RNF2,WBP11,1
RNF2,SMARCB1,1
RNF2,SOAT1,1
RNF2,CBX7,1
RNF2,POLR1A,1
RNF2,HSPA5,1
RNF2,ZFP42,1
RNF2,TRIP6,1
RNF2,SLC25A5,1
RNF2,PER1,1
RNF2,FBLIM1,1
RNF2,SP8,1
RNF2,MYMX,1
RNF2,ZFP275,1
RNF2,JAM2,1
RNF2,OPLAH,1
RNF2,TGIF1,1
RNF2,ZFP236,1
RNF2,BEX1,1
RNF2,KAT2B,1
RNF2,MAPK11,1
RNF2,ANP32A,1
RNF2,MORF4L2,1
RNF2,ILF2,1
RNF2,STXBP2,1
RNF2,XBP1,1
RNF2,BTG2,1
RNF2,PLAT,1
RNF2,RAI14,1
RNF2,FN1,1
RNF2,TRIB3,1
RNF2,IRF3,1
RNF2,SHKBP1,1
RNF2,POLR1E,1
RNF2,CCNB1,1
RNF2,CHCHD10,1
RNF2,NFIC,1
RNF2,ZBTB3,1
RNF2,HIST1H1B,1
RNF2,WDR45,1
RNF2,NFATC2IP,1
RNF2,HCFC1,1
RNF2,ZDHHC15,1
RNF2,RFX7,1
RNF2,COBL,1
RNF2,DUSP9,1
RNF2,TDH,1
RNF2,MTA3,1
RNF2,HDAC11,1
RNF2,TRH,1
RNF2,MYO7A,1
RNF2,TUBB2B,1
RNF2,STARD8,1
RNF2,SIN3A,1
RNF2,LY6G6E,1
RNF2,ALG13,1
RNF2,AIRE,1
RNF2,KLF6,1
RNF2,LAMB2,1
RNF2,APOE,1
RNF2,CLDN6,1
RNF2,CCND1,1
RNF2,FAM129B,1
RNF2,UBQLN2,1
RNF2,ADAM23,1
RNF2,CHD4,1
RNF2,GSTA4,1
RNF2,L1TD1,1
RNF2,TET1,1
RNF2,PDPN,1
RNF2,2410141K09RIK,1
RNF2,EPHA2,1
RNF2,IL33,1
RNF2,TFCP2L1,1
RNF2,PML,1
RNF2,GLI1,1
RNF2,SLC26A10,1
RNF2,PCOLCE,1
RNF2,2200002D01RIK,1
RNF2,NSD1,1
RNF2,PBXIP1,1
RNF2,FXYD6,1
RNF2,TINAGL1,1
RNF2,SERPINH1,1
RNF2,KRT42,1
RNF2,CALD1,1
RNF2,PEG3,1
RNF2,CRABP2,1
RNF2,RHOX6,1
RNF2,NFATC4,1
RNF2,STAT4,1
RNF2,TCF20,1
RNF2,BCL3,1
RNF2,TMSB4X,1
RNF2,ELL3,1
RNF2,SLC6A8,1
RNF2,ZFP462,1
RNF2,NANOG,1
RNF2,EDA2R,1
RNF2,VILL,1
RNF2,IFITM3,1
RNF2,DPPA4,1
RYBP,HDAC2,1
RYBP,AIP,1
RYBP,SFI1,1
RYBP,MTF2,1
RYBP,SSBP4,1
RYBP,PHF20,1
RYBP,E2F6,1
RYBP,MLLT1,1
RYBP,KDM3A,1
RYBP,MED31,1
RYBP,DMRT1,1
RYBP,RNF157,1
RYBP,SMAD2,1
RYBP,GNAS,1
RYBP,MAN1A2,1
RYBP,RFXAP,1
RYBP,SMARCA5,1
RYBP,TRIM28,1
RYBP,SUZ12,1
RYBP,CRY1,1
RYBP,NRG1,1
RYBP,GLDC,1
RYBP,NR3C1,1
RYBP,NOTCH2,1
RYBP,RAD54B,1
RYBP,ELK4,1
RYBP,ATF7,1
RYBP,HES6,1
RYBP,KIT,1
RYBP,SLC7A6,1
RYBP,NOTUM,1
RYBP,MLXIP,1
RYBP,OVOL1,1
RYBP,P3H4,1
RYBP,HSF2BP,1
RYBP,ZFP335,1
RYBP,VIM,1
RYBP,TCOF1,1
RYBP,POU2F1,1
RYBP,ELP2,1
RYBP,NR1D1,1
RYBP,COTL1,1
RYBP,RBMXL2,1
RYBP,BMP6,1
RYBP,SRSF1,1
RYBP,ARHGAP29,1
RYBP,FOXJ3,1
RYBP,COL4A2,1
RYBP,COL4A1,1
RYBP,BASP1,1
RYBP,TLE1,1
RYBP,TCF12,1
RYBP,TXNDC5,1
RYBP,LAMB1,1
RYBP,TBPL1,1
RYBP,NAA15,1
RYBP,APP,1
RYBP,SMARCC1,1
RYBP,PRRX2,1
RYBP,MAPK8,1
RYBP,EIF4A2,1
RYBP,JUN,1
RYBP,FOXO1,1
RYBP,RNF6,1
RYBP,GAS6,1
RYBP,MLXIPL,1
RYBP,BRWD1,1
RYBP,MSC,1
RYBP,APEX1,1
RYBP,GTF3C1,1
RYBP,CHST15,1
RYBP,MCM7,1
RYBP,SMARCC2,1
RYBP,PARP1,1
RYBP,BTBD11,1
RYBP,FOSL2,1
SALL4,SFI1,1
SALL4,NR5A2,1
SALL4,SLC6A6,1
SALL4,MTF2,1
SALL4,PURA,1
SALL4,CTCF,1
SALL4,GSR,1
SALL4,TPD52,1
SALL4,SPP1,1
SALL4,RBPJ,1
SALL4,POU2F1,1
SALL4,PHC1,1
SALL4,MYLPF,1
SALL4,PSIP1,1
SALL4,RIF1,1
SALL4,UPP1,1
SALL4,KDM3A,1
SALL4,ASH2L,1
SALL4,FRRS1,1
SALL4,FUBP3,1
SALL4,2410141K09RIK,1
SALL4,ANKRD6,1
SALL4,NANOG,1
SALL4,ZFP57,1
SALL4,TSPAN9,1
SALL4,MSH6,1
SALL4,ETV1,1
SALL4,HMGXB4,1
SALL4,ZFP148,1
SALL4,MKRN1,1
SALL4,LDB1,1
SALL4,SLC7A3,1
SALL4,TUBB2B,1
SALL4,HMCES,1
SALL4,GSTA4,1
SALL4,OTX2,1
SALL4,LRPAP1,1
SALL4,DEK,1
SALL4,SHROOM3,1
SALL4,TCEA3,1
SALL4,ZFP979,1
SALL4,DIDO1,1
SALL4,GJB3,1
SALL4,ZSCAN10,1
SALL4,STAT4,1
SALL4,TCF7L2,1
SALL4,CENPB,1
SIN3A,GTF2H3,1
SIN3A,TCEA1,1
SIN3A,MCM7,1
SIN3A,ESPL1,1
SIN3A,POLR3B,1
SIN3A,HDGF,1
SIN3A,POU2F1,1
SIN3A,COPS2,1
SIN3A,UHRF1,1
SIN3A,RRM2,1
SIN3A,MYBL2,1
SIN3A,KDM5B,1
SIN3A,TAF1A,1
SIN3A,BARD1,1
SIN3A,ECT2,1
SIN3A,GABARAPL2,1
SIN3A,POLR1B,1
SIN3A,DCP1A,1
SIN3A,DDX20,1
SIN3A,CALCOCO1,1
SIN3A,SFI1,1
SIN3A,POLR3F,1
SIN3A,ATF6,1
SIN3A,MCM3,1
SIN3A,SIRT3,1
SIN3A,BRCA2,1
SIN3A,ECD,1
SIN3A,CEBPZ,1
SIN3A,RNF14,1
SIN3A,INTS12,1
SIN3A,CRIP2,1
SIN3A,XAB2,1
SIN3A,PCBP2,1
SIN3A,CTSA,1
SIN3A,KPNA2,1
SIN3A,MYBBP1A,1
SIN3A,ARL6IP5,1
SIN3A,POLR2B,1
SIN3A,CDC20,1
SIN3A,NFX1,1
SIN3A,NR1D2,1
SIN3A,UNG,1
SIN3A,ZFP398,1
SIN3A,GTF3C5,1
SIN3A,BRCA1,1
SIN3A,ANKRD54,1
SIN3A,MCM4,1
SIN3A,KNTC1,1
SIN3A,TFAP4,1
SIN3A,SUB1,1
SIN3A,TAF9,1
SIN3A,MCM5,1
SIN3A,UBE2C,1
SIN3A,DNAJC2,1
SIN3A,SIRT2,1
SIN3A,POLR2K,1
SIN3A,TAF5,1
SIN3A,PHB2,1
SIN3A,RAD51,1
SIN3A,NME2,1
SIN3A,MITF,1
SIN3A,SAP30,1
SIN3A,TMEM150A,1
SIN3A,NFATC2IP,1
SIN3A,ATM,1
SIN3A,TAF6,1
SIN3A,IKBKB,1
SIN3A,PDCD11,1
SIN3A,MIS18BP1,1
SIN3A,MXD4,1
SIN3A,AATF,1
SIN3A,TXNIP,1
SIN3A,POLR2J,1
SIN3A,RUVBL2,1
SIN3A,TCOF1,1
SIN3A,TOP2A,1
SIN3A,ATF7,1
SIN3A,ODC1,1
SIN3A,SRM,1
SIN3A,GRIN1,1
SIN3A,RUVBL1,1
SIN3A,CTNNBL1,1
SIN3A,TMED2,1
SIN3A,KDELR2,1
SIN3A,ZDHHC16,1
SIN3A,CITED2,1
SIN3A,ABTB1,1
SIN3A,POLR2E,1
SIN3A,APEX1,1
SIN3A,GLMP,1
SIN3A,TFRC,1
SIN3A,DDB1,1
SIN3A,ERCC8,1
SIN3A,CALR,1
SIN3A,CCNB1,1
SIN3A,POLR3D,1
SIN3A,MTF2,1
SIN3A,EP400,1
SIN3A,ILK,1
SIN3A,CTBP1,1
SIN3A,ZFP148,1
SIN3A,ARID1A,1
SIN3A,TCF4,1
SIN3A,MCM6,1
SIN3A,PARP1,1
SIN3A,ZBTB24,1
SIN3A,MAML1,1
SIN3A,NFE2L1,1
SIN3A,TMF1,1
SIN3A,INSIG1,1
SIN3A,XBP1,1
SIN3A,NR1H2,1
SIN3A,TFEB,1
SIN3A,SND1,1
SIN3A,BCLAF1,1
SIN3A,ZFAND3,1
SIN3A,TRP53BP1,1
SIN3A,ZSWIM4,1
SIN3A,TCERG1,1
SIN3A,HIF1A,1
SIN3A,SMARCAD1,1
SIN3A,ZFP768,1
SIN3A,KHDRBS1,1
SIN3A,POLR2A,1
SIN3A,PIAS1,1
SIN3A,TIMELESS,1
SIN3A,CNOT7,1
SIN3A,E2F1,1
SIN3A,NACC1,1
SIN3A,PELP1,1
SIN3A,AIP,1
SIN3A,GTF3C1,1
SIN3A,PDCD4,1
SIN3A,ANKRD49,1
SIN3A,E2F4,1
SIN3A,FDPS,1
SIN3A,PLOD3,1
SIN3A,ERCC3,1
SIN3A,ESRRA,1
SIN3A,DDX54,1
SIN3A,NFE2L2,1
SIN3A,E2F2,1
SIN3A,ZFP335,1
SIN3A,PAPOLA,1
SIN3A,HSPA5,1
SIN3A,HSPH1,1
SIN3A,HIST1H4K,1
SIN3A,ZFP276,1
SIN3A,FOXJ3,1
SIN3A,ELP2,1
SIN3A,SRSF1,1
SIN3A,TOX4,1
SIN3A,NOTCH2,1
SIN3A,ILF3,1
SIN3A,CTH,1
SIN3A,NFKB2,1
SIN3A,DNMT1,1
SIN3A,PLAG1,1
SIN3A,HDAC5,1
SIN3A,D230025D16RIK,1
SIN3A,EDEM1,1
SIN3A,DIDO1,1
SIN3A,DDX5,1
SIN3A,TADA3,1
SIN3A,CIC,1
SIN3A,XRCC6,1
SIN3A,SMARCC1,1
SIN3A,RFX2,1
SIN3A,POLR1C,1
SIN3A,MED31,1
SIN3A,MANF,1
SIN3A,PDIA6,1
SIN3A,ATF2,1
SIN3A,HNRNPAB,1
SIN3A,ELF1,1
SIN3A,BRPF1,1
SIN3A,SEMA4C,1
SIN3A,FUS,1
SIN3A,PIAS3,1
SIN3A,SRRT,1
SIN3A,XRCC5,1
SIN3A,REST,1
SIN3A,GNPDA1,1
SIN3A,CTSD,1
SIN3A,HMGXB4,1
SIN3A,SSB,1
SIN3A,HDLBP,1
SIN3A,RNF6,1
SIN3A,ETV6,1
SIN3A,GTF2H4,1
SIN3A,CRAMP1L,1
SIN3A,MED4,1
SIN3A,TSG101,1
SIN3A,MAZ,1
SIN3A,HSP90AA1,1
SIN3A,PDK1,1
SIN3A,ELF2,1
SIN3A,NFXL1,1
SIN3A,CTNNB1,1
SIN3A,RAD54B,1
SIN3A,MAFK,1
SIN3A,LAMC1,1
SIN3A,HIST1H2AC,1
SIN3A,HNRNPK,1
SIN3A,MAPK11,1
SIN3A,PA2G4,1
SIN3A,HMGB2,1
SIN3A,MLXIP,1
SIN3A,ERF,1
SIN3A,CRY1,1
SIN3A,SNAPC3,1
SIN3A,TOP2B,1
SIN3A,GLUL,1
SIN3A,BTAF1,1
SIN3A,EIF4A2,1
SIN3A,TAF10,1
SIN3A,ZFYVE21,1
SIN3A,TAF6L,1
SIN3A,EWSR1,1
SIN3A,TAX1BP3,1
SIN3A,MDM2,1
SIN3A,TCF12,1
SIN3A,ZFP277,1
SIN3A,CNOT2,1
SIN3A,TBPL1,1
SIN3A,TRP53,1
SIN3A,SERTAD2,1
SIN3A,RBPJ,1
SIN3A,WDR45,1
SIN3A,SP1,1
SIN3A,SMARCB1,1
SIN3A,CALU,1
SIN3A,MARC2,1
SIN3A,KLF10,1
SIN3A,IRF2,1
SIN3A,CREB3,1
SIN3A,WBP11,1
SIN3A,CDC42SE2,1
SIN3A,ING3,1
SIN3A,SMARCA5,1
SIN3A,AKT1,1
SIN3A,YEATS4,1
SIN3A,MYLPF,1
SIN3A,ATP6V0A1,1
SIN3A,CNOT8,1
SIN3A,PMM1,1
SIN3A,HTT,1
SIN3A,MED21,1
SIN3A,SMARCD1,1
SIN3A,ZEB1,1
SIN3A,P4HB,1
SIN3A,CNOT6,1
SIN3A,ERP29,1
SIN3A,RCC2,1
SIN3A,YBX1,1
SIN3A,TOPORS,1
SIN3A,ORC2,1
SIN3A,SREBF1,1
SIN3A,ILF2,1
SIN3A,SELENOW,1
SIN3A,P4HA1,1
SIN3A,KEAP1,1
SIN3A,PREB,1
SIN3A,TRIM25,1
SIN3A,ZFP446,1
SIN3A,MCM2,1
SIN3A,PHC1,1
SIN3A,SLC7A6,1
SIN3A,POLR1A,1
SIN3A,NDRG1,1
SIN3A,LMF2,1
SIN3A,TET2,1
SIN3A,USF1,1
SIN3A,MED15,1
SIN3A,CCNG1,1
SIN3A,SIRT1,1
SIN3A,2410141K09RIK,1
SIN3A,FUBP3,1
SIN3A,TRIP11,1
SIN3A,TTF2,1
SIN3A,PHF12,1
SIN3A,RNF19A,1
SIN3A,L3MBTL2,1
SIN3A,DAZAP2,1
SIN3A,ING1,1
SIN3A,ZHX3,1
SIN3A,RBBP4,1
SIN3A,COIL,1
SIN3A,HSP90B1,1
SIN3A,SMARCA4,1
SIN3A,GSR,1
SIN3A,HMGXB3,1
SIN3A,SIN3B,1
SIN3A,NFATC3,1
SIN3A,MEIS1,1
SIN3A,ZBTB10,1
SIN3A,ZBTB43,1
SIN3A,NR1D1,1
SIN3A,PHF14,1
SIN3A,IMPDH1,1
SIN3A,CDC5L,1
SIN3A,MPHOSPH8,1
SIN3A,TXNDC5,1
SIN3A,TULP3,1
SIN3A,DDAH2,1
SIN3A,JMJD1C,1
SIN3A,ASH2L,1
SIN3A,NCOA3,1
SIN3A,STXBP2,1
SIN3A,PSIP1,1
SIN3A,SURF4,1
SIN3A,MT2,1
SIN3A,HSBP1,1
SIN3A,ATF4,1
SIN3A,GABPA,1
SIN3A,HIST1H2BK,1
SIN3A,IRF1,1
SIN3A,CTCF,1
SIN3A,TNFAIP3,1
SIN3A,SMARCA2,1
SIN3A,JUND,1
SIN3A,ANXA5,1
SIN3A,ASXL1,1
SIN3A,MLLT1,1
SIN3A,DCXR,1
SIN3A,PMS1,1
SIN3A,MEN1,1
SIN3A,DR1,1
SIN3A,NR3C1,1
SIN3A,DNMT3A,1
SIN3A,MAML3,1
SIN3A,FOSL2,1
SIN3A,JARID2,1
SIN3A,TRRAP,1
SIN3A,PLAGL2,1
SIN3A,NAA15,1
SIN3A,SFPQ,1
SIN3A,POLR1E,1
SIN3A,RBL1,1
SIN3A,MSH6,1
SIN3A,GNAS,1
SIN3A,BRD7,1
SIN3A,ZFP91,1
SIN3A,FAM234A,1
SIN3A,ASS1,1
SIN3A,TEAD4,1
SIN3A,PARVB,1
SIN3A,KDM3A,1
SIN3A,CELF3,1
SIN3A,POLR2I,1
SIN3A,RARA,1
SIN3A,RAPGEF3,1
SIN3A,AMPD2,1
SIN3A,FOXO3,1
SIN3A,EZH2,1
SIN3A,CNOT3,1
SIN3A,TNK2,1
SIN3A,ELK4,1
SIN3A,PLTP,1
SIN3A,MEF2A,1
SIN3A,SGK1,1
SIN3A,RIF1,1
SIN3A,MGST3,1
SIN3A,CST3,1
SIN3A,RAB11A,1
SIN3A,RBM14,1
SIN3A,VEZF1,1
SIN3A,ZFP219,1
SIN3A,BTG2,1
SIN3A,ZFP281,1
SIN3A,HEXIM1,1
SIN3A,ATF3,1
SIN3A,ATF1,1
SIN3A,RB1,1
SIN3A,PHF20,1
SIN3A,SUZ12,1
SIN3A,EP300,1
SIN3A,SMAD7,1
SIN3A,GLS,1
SIN3A,EED,1
SIN3A,ABT1,1
SIN3A,GRHL1,1
SIN3A,SMARCC2,1
SIN3A,BRWD1,1
SIN3A,SMURF1,1
SIN3A,NFKBIA,1
SIN3A,NFYB,1
SIN3A,CTBP2,1
SIN3A,MBD2,1
SIN3A,IRF3,1
SIN3A,DNAJC10,1
SIN3A,STAT5A,1
SIN3A,YEATS2,1
SIN3A,TUBB6,1
SIN3A,SOCS2,1
SIN3A,ETV5,1
SIN3A,APP,1
SIN3A,KAT6B,1
SIN3A,POLR2H,1
SIN3A,ETV4,1
SIN3A,NUPR1,1
SIN3A,THRAP3,1
SIN3A,RBFOX2,1
SIN3A,SNAI1,1
SIN3A,NFYA,1
SIN3A,ANKS1,1
SIN3A,TRIM24,1
SIN3A,LRPAP1,1
SIN3A,MAPK8,1
SIN3A,FRMD4A,1
SIN3A,SLC25A4,1
SIN3A,PIAS2,1
SIN3A,TPM4,1
SIN3A,BTG1,1
SIN3A,NCOR1,1
SIN3A,DAXX,1
SIN3A,TRIM28,1
SIN3A,CTSL,1
SIN3A,HMCES,1
SIN3A,KANK2,1
SIN3A,ABHD5,1
SIN3A,UBP1,1
SIN3A,APBB1,1
SIN3A,SLC16A1,1
SIN3A,SMAD3,1
SIN3A,RELA,1
SIN3A,FOXJ2,1
SIN3A,LDB1,1
SIN3A,CD63,1
SIN3A,SSR3,1
SIN3A,SPRY4,1
SIN3A,NR2F6,1
SIN3A,FXR1,1
SIN3A,SRSF6,1
SIN3A,P3H4,1
SIN3A,DEK,1
SIN3A,DDIT3,1
SIN3A,CBX8,1
SIN3A,MEF2D,1
SIN3A,TAF1,1
SIN3A,EZH1,1
SIN3A,SMAD2,1
SIN3A,CNOT6L,1
SIN3A,HDAC7,1
SIN3A,PODXL,1
SIN3A,SEC24D,1
SIN3A,MYC,1
SIN3A,PHLDA3,1
SIN3A,PBX4,1
SIN3A,ZFP36L1,1
SIN3A,HDAC4,1
SIN3A,ARNTL,1
SIN3A,SRF,1
SIN3A,HDAC3,1
SIN3A,GTF2I,1
SIN3A,SLC25A5,1
SIN3A,FRRS1,1
SIN3A,RRBP1,1
SIN3A,ID2,1
SIN3A,CBX6,1
SIN3A,HIST1H3H,1
SIN3A,TGIF1,1
SIN3A,PRDM1,1
SIN3A,MATR3,1
SIN3A,COTL1,1
SIN3A,SOS2,1
SIN3A,B2M,1
SIN3A,FXR2,1
SIN3A,BCAT1,1
SIN3A,HOPX,1
SIN3A,CHST15,1
SIN3A,SRSF3,1
SIN3A,MT1,1
SIN3A,EHMT2,1
SIN3A,SIX5,1
SIN3A,PLRG1,1
SIN3A,UBTF,1
SIN3A,BEND5,1
SIN3A,ZFHX3,1
SIN3A,CBX4,1
SIN3A,BAZ1A,1
SIN3A,IGFBP2,1
SIN3A,SLC6A6,1
SIN3A,RCOR2,1
SIN3A,TXNDC12,1
SIN3A,TUBA4A,1
SIN3A,MYO6,1
SIN3A,HDAC2,1
SIN3A,P3H1,1
SIN3A,ME1,1
SIN3A,ATP13A3,1
SIN3A,RFX5,1
SIN3A,MAN1A2,1
SIN3A,HES6,1
SIN3A,HES1,1
SIN3A,VEGFA,1
SIN3A,PDGFRA,1
SIN3A,LTBP4,1
SIN3A,KLF2,1
SIN3A,HIST1H2BL,1
SIN3A,HIST1H2AI,1
SIN3A,ASNS,1
SIN3A,LAMB2,1
SIN3A,CUX2,1
SIN3A,CENPB,1
SIN3A,TUBB2B,1
SIN3A,UPP1,1
SIN3A,ITPK1,1
SIN3A,HIST1H1D,1
SIN3A,KAT2B,1
SIN3A,DDB2,1
SIN3A,RERE,1
SIN3A,HIST1H2BN,1
SIN3A,HIST1H2AK,1
SIN3A,SDC4,1
SIN3A,LAPTM5,1
SIN3A,MOV10,1
SIN3A,HDAC1,1
SIN3A,UCHL1,1
SIN3A,BTF3,1
SIN3A,ANKRD6,1
SIN3A,LDLRAP1,1
SIN3A,TAGLN2,1
SIN3A,ZEB2,1
SIN3A,ARHGAP29,1
SIN3A,KLF9,1
SIN3A,HNRNPD,1
SIN3A,ETV3,1
SIN3A,JDP2,1
SIN3A,PTPN14,1
SIN3A,MKRN1,1
SIN3A,SRI,1
SIN3A,TEAD1,1
SIN3A,EYA1,1
SIN3A,LMO4,1
SIN3A,MEIS3,1
SIN3A,HMGA1B,1
SIN3A,HMGA1,1
SIN3A,ID3,1
SIN3A,GLIS2,1
SIN3A,ANXA2,1
SIN3A,LRP2,1
SIN3A,HIST1H2AF,1
SIN3A,SMURF2,1
SIN3A,CUX1,1
SIN3A,ITGA6,1
SIN3A,ZMYM2,1
SIN3A,PATZ1,1
SIN3A,TRIB3,1
SIN3A,NR2C1,1
SIN3A,PBXIP1,1
SIN3A,ZFP592,1
SIN3A,MAPK3,1
SIN3A,NFIA,1
SIN3A,TFE3,1
SIN3A,MYH9,1
SIN3A,ISYNA1,1
SIN3A,GLIPR2,1
SIN3A,RNF2,1
SIN3A,FOXP1,1
SIN3A,JAM2,1
SIN3A,ZBTB39,1
SIN3A,FABP3,1
SIN3A,ATF5,1
SIN3A,SHKBP1,1
SIN3A,ELF3,1
SIN3A,AMOTL2,1
SIN3A,APOBEC3,1
SIN3A,ZBTB38,1
SIN3A,AGAP3,1
SIN3A,ELL2,1
SIN3A,CREB3L2,1
SIN3A,MED12,1
SIN3A,ZMYND11,1
SIN3A,PKNOX2,1
SIN3A,CHD4,1
SIN3A,ADAM19,1
SIN3A,PURA,1
SIN3A,LRRK1,1
SIN3A,F3,1
SIN3A,FN1,1
SIN3A,SEPT1,1
SIN3A,FOXO1,1
SIN3A,RFXAP,1
SIN3A,HIF3A,1
SIN3A,CDKN1A,1
SIN3A,KLF15,1
SIN3A,DAB2,1
SIN3A,SORD,1
SIN3A,ALG13,1
SIN3A,GLI1,1
SIN3A,TFCP2L1,1
SIN3A,COMMD3,1
SIN3A,TDH,1
SIN3A,SLC9A6,1
SIN3A,ETS1,1
SIN3A,MME,1
SIN3A,ZYX,1
SIN3A,MKX,1
SIN3A,HIST1H1B,1
SIN3A,JUN,1
SIN3A,CSF1,1
SIN3A,STAT5B,1
SIN3A,SATB1,1
SIN3A,NR4A1,1
SIN3A,EGR1,1
SIN3A,PFKP,1
SIN3A,RANBP17,1
SIN3A,GZF1,1
SIN3A,CTNNBIP1,1
SIN3A,MORF4L2,1
SIN3A,TIMP2,1
SIN3A,ULK1,1
SIN3A,NFATC1,1
SIN3A,NOTCH1,1
SIN3A,NKRF,1
SIN3A,TYRO3,1
SIN3A,RARG,1
SIN3A,TRIM13,1
SIN3A,TLE1,1
SIN3A,ZBTB3,1
SIN3A,TCEA3,1
SIN3A,EBF1,1
SIN3A,IFITM2,1
SIN3A,ARHGEF40,1
SIN3A,RAB3IL1,1
SIN3A,NFATC4,1
SIN3A,NRF1,1
SIN3A,KLF13,1
SIN3A,RYBP,1
SIN3A,HIVEP2,1
SIN3A,ALPL,1
SIN3A,TCF7,1
SIN3A,KLF3,1
SIN3A,NRIP1,1
SIN3A,EFEMP2,1
SIN3A,MYMX,1
SIN3A,ELK1,1
SIN3A,RFX7,1
SIN3A,SERPINH1,1
SIN3A,PLOD2,1
SIN3A,ZFP57,1
SIN3A,PRDM5,1
SIN3A,PLOD1,1
SIN3A,MTA3,1
SIN3A,ZSCAN10,1
SIN3A,RBMX,1
SIN3A,LGMN,1
SIN3A,KLF4,1
SIN3A,ZFP296,1
SIN3A,STARD10,1
SIN3A,TEAD3,1
SIN3A,KLF6,1
SIN3A,CSRP2,1
SIN3A,TSPAN9,1
SIN3A,E2F6,1
SIN3A,CLCN5,1
SIN3A,RAI14,1
SIN3A,SOAT1,1
SIN3A,SHROOM3,1
SIN3A,POU5F1,1
SIN3A,FGFR3,1
SIN3A,CTSZ,1
SIN3A,NUP210,1
SIN3A,ARID5B,1
SIN3A,TGFB1,1
SIN3A,GDPD5,1
SIN3A,SPRY2,1
SIN3A,RUNX1,1
SIN3A,WWTR1,1
SIN3A,HIST1H2BF,1
SIN3A,KRBA1,1
SIN3A,ZFP275,1
SIN3A,TWIST1,1
SIN3A,ZFP236,1
SIN3A,HIP1,1
SIN3A,TSHZ3,1
SIN3A,ZBTB7A,1
SIN3A,VSIR,1
SIN3A,VIM,1
SIN3A,EPHA2,1
SIN3A,BNIP3,1
SIN3A,ETV1,1
SIN3A,CAR2,1
SIN3A,LAMA5,1
SIN3A,ELL3,1
SIN3A,BMI1,1
SIN3A,SPEN,1
SIN3A,BCL3,1
SIN3A,FAM129B,1
SIN3A,CALD1,1
SIN3A,COBL,1
SIN3A,NRG1,1
SIN3A,HSF2,1
SIN3A,PHF1,1
SIN3A,CCND1,1
SIN3A,RASGRP2,1
SIN3A,PAWR,1
SIN3A,OPLAH,1
SIN3A,SATB2,1
SIN3A,CEMIP,1
SIN3A,LHX2,1
SIN3A,SCMH1,1
SIN3A,EMP2,1
SIN3A,TENM4,1
SIN3A,NOTCH4,1
SIN3A,FGF4,1
SIN3A,DKC1,1
SIN3A,RNF157,1
SIN3A,RBPMS2,1
SIN3A,PCOLCE,1
SIN3A,LAMA1,1
SIN3A,H1F0,1
SIN3A,ZFP423,1
SIN3A,SAT1,1
SIN3A,HIST1H1A,1
SIN3A,TET1,1
SIN3A,RBBP7,1
SIN3A,POU6F1,1
SIN3A,FIZ1,1
SIN3A,CITED1,1
SIN3A,CKAP4,1
SIN3A,SKIL,1
SIN3A,CCN2,1
SIN3A,GSTA4,1
SIN3A,MYD88,1
SIN3A,POU4F1,1
SIN3A,HMGA2,1
SIN3A,NONO,1
SIN3A,TPD52,1
SIN3A,CREB5,1
SIN3A,NDRG4,1
SIN3A,TRPS1,1
SIN3A,RLIM,1
SIN3A,HDAC11,1
SIN3A,NEDD4,1
SIN3A,PROX1,1
SIN3A,ELAVL2,1
SIN3A,FLRT3,1
SIN3A,CHCHD10,1
SIN3A,HEY2,1
SIN3A,IFI30,1
SIN3A,KIT,1
SIN3A,KRT8,1
SIN3A,ZDHHC15,1
SIN3A,SSBP4,1
SIN3A,NFIL3,1
SIN3A,DPPA2,1
SIN3A,PHF2,1
SIN3A,HSPB1,1
SIN3A,TRIM32,1
SIN3A,RBMXL2,1
SIN3A,COL4A2,1
SIN3A,COL4A1,1
SIN3A,SOX4,1
SIN3A,SLC6A8,1
SIN3A,TBL1X,1
SIN3A,GABBR1,1
SIN3A,KDELR3,1
SIN3A,OBSL1,1
SIN3A,TMEM144,1
SIN3A,HSPG2,1
SIN3A,HTRA1,1
SIN3A,NFIB,1
SIN3A,GJB3,1
SIN3A,SIX1,1
SIN3A,MSC,1
SIN3A,TRH,1
SIN3A,BCAM,1
SIN3A,ADAM23,1
SIN3A,TOX3,1
SIN3A,ID4,1
SIN3A,MRAS,1
SIN3A,TINAGL1,1
SIN3A,LOXL2,1
SIN3A,EPS8,1
SIN3A,NID1,1
SIN3A,BIN1,1
SIN3A,ELF4,1
SIN3A,PTH1R,1
SIN3A,LDHB,1
SIN3A,FST,1
SIN3A,TCF7L2,1
SIN3A,BTBD11,1
SIN3A,EBF4,1
SIN3A,GLDC,1
SIN3A,EDA2R,1
SIN3A,AU018091,1
SIN3A,P4HA2,1
SIN3A,APOE,1
SIN3A,SLCO3A1,1
SIN3A,ZFPM1,1
SIN3A,SALL4,1
SIN3A,PATJ,1
SIN3A,EPAS1,1
SIN3A,SERPINE2,1
SIN3A,IFITM1,1
SIN3A,TRIP6,1
SIN3A,KANK3,1
SIN3A,KLF8,1
SIN3A,UBQLN2,1
SIN3A,STAT4,1
SIN3A,PLAT,1
SIN3A,NANOG,1
SIN3A,PITX2,1
SIN3A,TBX3,1
SIN3A,ZFP462,1
SIN3A,EOMES,1
SIN3A,ARNT2,1
SIN3A,PHLDB2,1
SIN3A,BMPER,1
SIN3A,CBX7,1
SIN3A,GLI2,1
SIN3A,2200002D01RIK,1
SIN3A,PRRX2,1
SIN3A,FXYD6,1
SIN3A,FGF10,1
SIN3A,FBLIM1,1
SIN3A,SPP1,1
SIN3A,NOTUM,1
SIN3A,L1TD1,1
SIN3A,FOXH1,1
SIN3A,DKK1,1
SIN3A,BEX1,1
SIN3A,FGF3,1
SIN3A,ANP32A,1
SIN3A,ZFP42,1
SIN3A,NR2F2,1
SIN3A,PCBD1,1
SIN3A,LY6G6E,1
SIN3A,PEG3,1
SIN3A,TIMP3,1
SIN3A,TCL1,1
SIN3A,SLC7A3,1
SIN3A,GPX3,1
SIN3A,CKB,1
SIN3A,BASP1,1
SIN3A,POU4F2,1
SIN3A,MLXIPL,1
SIN3A,GATA4,1
SIN3A,NR5A2,1
SIN3A,TBX18,1
SIN3A,PRDM14,1
SIN3A,NPAS2,1
SIN3A,MORC4,1
SIN3A,UTF1,1
SIN3A,FOXQ1,1
SIN3A,GAS6,1
SIN3A,DUSP9,1
SIN3A,MYCN,1
SIN3A,SPOCK1,1
SIN3A,TFAP2C,1
SIN3A,EPHA4,1
SIN3A,CHD7,1
SIN3A,SOX2,1
SIN3A,GBX2,1
SIN3A,AIRE,1
SIN3A,PITX1,1
SIN3A,HSF2BP,1
SIN3A,HS3ST1,1
SIN3A,FHL2,1
SIN3A,TDGF1,1
SIN3A,SOX15,1
SIN3A,SNURF,1
SIN3A,IRF6,1
SIN3A,PRSS35,1
SIN3A,OVOL1,1
SIN3A,SALL1,1
SIN3A,HOXD13,1
SIN3A,DMRT1,1
SIN3A,LAMB1,1
SIN3A,CMKLR1,1
SIN3A,NR0B1,1
SIN3A,MSX2,1
SIN3A,MAPK13,1
SIN3A,ESRRB,1
SIN3A,ZFP979,1
SIN3A,SP8,1
SIN3A,LEFTY1,1
SIN3A,NDN,1
SIN3A,SOX7,1
SIN3A,COL27A1,1
SIN3A,KRT42,1
SIN3A,KHDC3,1
SIN3A,STARD8,1
SIN3A,BMP6,1
SIN3A,LEFTY2,1
SIN3A,ZIC3,1
SIN3A,CALCOCO2,1
SMAD2,SKIL,1
SMAD2,CHST15,1
SMAD2,LEFTY1,1
SMAD2,SMAD7,1
SMAD2,MTF2,1
SMAD2,NANOG,1
SMAD2,CCN2,1
SMAD2,SFI1,1
SMAD2,MKX,1
SMAD2,ZFP148,1
SMAD2,POU5F1,1
SMAD2,LAMA5,1
SMAD2,HES6,1
SMAD2,UPP1,1
SMAD2,PHC1,1
SMAD2,BRPF1,1
SMAD2,RIF1,1
SMAD2,ODC1,1
SMAD2,MSC,1
SMAD2,RBPJ,1
SMAD2,ANKRD6,1
SMAD2,ZFP335,1
SMAD2,KRT8,1
SMAD2,OTX2,1
SMAD2,NOTCH2,1
SMAD2,KLF10,1
SMAD2,POU4F1,1
SMAD2,HMGXB4,1
SMAD2,SMURF2,1
SMAD2,ERF,1
SMAD2,CTNNB1,1
SMAD2,BRWD1,1
SMAD2,PCBP2,1
SMAD2,RCOR2,1
SMAD2,MYC,1
SMAD2,DCP1A,1
SMAD2,KDM5B,1
SMAD2,SPRY2,1
SMAD2,TBL1X,1
SMAD2,FOXJ3,1
SMAD2,ARID1A,1
SMAD2,ECD,1
SMAD2,MAML3,1
SMAD2,ABHD5,1
SMAD2,GJA1,1
SMAD2,ZFP276,1
SMAD2,EIF4A2,1
SMAD2,CTCF,1
SMAD2,ING1,1
SMAD2,CDKN1A,1
SMAD2,INSIG1,1
SMAD2,POLR2A,1
SMAD2,NFYB,1
SMAD2,HIST1H4K,1
SMAD2,HDAC2,1
SMAD2,MLLT1,1
SMAD2,P4HA1,1
SMAD2,NEDD4,1
SMAD2,SMARCD1,1
SMAD2,KLF4,1
SMAD2,CD63,1
SMAD2,SOCS2,1
SMAD2,SIRT1,1
SMAD2,CUX1,1
SMAD2,ETV1,1
SMAD2,PSIP1,1
SMAD2,RBL1,1
SMAD2,ZFAND3,1
SMAD2,HIST1H2AC,1
SMAD2,VILL,1
SMAD2,TCF12,1
SMAD2,KLF3,1
SMAD2,ZFP219,1
SMAD2,ZFHX3,1
SMAD2,IFITM1,1
SMAD2,FBLIM1,1
SMAD2,SREBF1,1
SMAD2,MEF2A,1
SMAD2,ILK,1
SMAD2,ELAVL2,1
SMAD2,RNF2,1
SMAD2,HIF1A,1
SMAD2,NR1D2,1
SMAD2,HNRNPK,1
SMAD2,CTBP1,1
SMAD2,BCAM,1
SMAD2,RBFOX2,1
SMAD2,SLC7A6,1
SMAD2,NDRG1,1
SMAD2,PELP1,1
SMAD2,TCF4,1
SMAD2,RNF6,1
SMAD2,SMARCA5,1
SMAD2,POLR2B,1
SMAD2,LRP2,1
SMAD2,MAPK3,1
SMAD2,HSP90AA1,1
SMAD2,THRAP3,1
SMAD2,AMOTL2,1
SMAD2,HIVEP2,1
SMAD2,HIST1H2BL,1
SMAD2,HIST1H2AI,1
SMAD2,DNMT3A,1
SMAD2,CDC42SE2,1
SMAD2,P4HB,1
SMAD2,TXNIP,1
SMAD2,SMARCA4,1
SMAD2,ILF3,1
SMAD2,CENPB,1
SMAD2,JMJD1C,1
SMAD2,ANKS1,1
SMAD2,HIST1H1D,1
SMAD2,TCEA1,1
SMAD2,CNOT6,1
SMAD2,SLC16A1,1
SMAD2,SOS2,1
SMAD2,CRIP2,1
SMAD2,MPHOSPH8,1
SMAD2,ELL2,1
SMAD2,GTF3C5,1
SMAD2,GTF2H3,1
SMAD2,MED4,1
SMAD2,RNF14,1
SMAD2,TDGF1,1
SMAD2,BTG2,1
SMAD2,KDM3A,1
SMAD2,FUBP3,1
SMAD2,CITED2,1
SMAD2,EED,1
SMAD2,DDX5,1
SMAD2,EP400,1
SMAD2,MED21,1
SMAD2,TXNDC12,1
SMAD2,NRF1,1
SMAD2,TFRC,1
SMAD2,TUBB6,1
SMAD2,AIP,1
SMAD2,TBPL1,1
SMAD2,TCEA3,1
SMAD2,HTT,1
SMAD2,EWSR1,1
SMAD2,DEK,1
SMAD2,MME,1
SMAD2,AATF,1
SMAD2,POU2F1,1
SMAD2,CALD1,1
SMAD2,ERP29,1
SMAD2,PATJ,1
SMAD2,INTS12,1
SMAD2,SOX2,1
SMAD2,FABP3,1
SMAD2,RNF19A,1
SMAD2,MANF,1
SMAD2,SRSF1,1
SMAD2,CCNB1,1
SMAD2,DDB1,1
SMAD2,FOXH1,1
SMAD2,GNPDA1,1
SMAD2,PRDM1,1
SMAD2,GLUL,1
SMAD2,ATP13A3,1
SMAD2,HIST1H2BK,1
SMAD2,CNOT2,1
SMAD2,BNIP3,1
SMAD2,TMF1,1
SMAD2,SPP1,1
SMAD2,PA2G4,1
SMAD2,TEAD1,1
SMAD2,PLAG1,1
SMAD2,PHF12,1
SMAD2,ZMYND11,1
SMAD2,SMURF1,1
SMAD2,HIST1H2BN,1
SMAD2,HIST1H2AK,1
SMAD2,ZFP398,1
SMAD2,RBPMS2,1
SMAD2,TAF5,1
SMAD2,ILF2,1
SMAD2,SHROOM3,1
SMAD2,YEATS2,1
SMAD2,TAF9,1
SMAD2,HDAC5,1
SMAD2,RBMXL2,1
SMAD2,POLR2J,1
SMAD2,FXR2,1
SMAD2,PHLDA3,1
SMAD2,BTAF1,1
SMAD2,SMARCAD1,1
SMAD2,DDIT3,1
SMAD2,ISYNA1,1
SMAD2,GLS,1
SMAD2,RARA,1
SMAD2,CSRP2,1
SMAD2,DNAJC2,1
SMAD2,NCOR1,1
SMAD2,NFE2L2,1
SMAD2,HDLBP,1
SMAD2,HIST1H3H,1
SMAD2,EDEM1,1
SMAD2,HIF3A,1
SMAD2,ARNTL,1
SMAD2,PHF20,1
SMAD2,ELF1,1
SMAD2,TGIF1,1
SMAD2,RRBP1,1
SMAD2,KLF13,1
SMAD2,NFX1,1
SMAD2,H1F0,1
SMAD2,ATF4,1
SMAD2,TFAP4,1
SMAD2,JDP2,1
SMAD2,HIST1H2BF,1
SMAD2,TRPS1,1
SMAD2,CNOT7,1
SMAD2,SRSF3,1
SMAD2,PDK1,1
SMAD2,DIDO1,1
SMAD2,NOTCH4,1
SMAD2,SURF4,1
SMAD2,NFIB,1
SMAD2,WWTR1,1
SMAD2,SERPINH1,1
SMAD2,GJB3,1
SMAD2,LRPAP1,1
SMAD2,KLF8,1
SMAD2,TRIM28,1
SMAD2,TAF10,1
SMAD2,TAF6,1
SMAD2,RBBP4,1
SMAD2,XRCC6,1
SMAD2,E2F1,1
SMAD2,MSH6,1
SMAD2,POLR3B,1
SMAD2,ZBTB24,1
SMAD2,KPNA2,1
SMAD2,BCLAF1,1
SMAD2,RFXAP,1
SMAD2,TMED2,1
SMAD2,DNMT1,1
SMAD2,SNURF,1
SMAD2,BRCA2,1
SMAD2,FAM129B,1
SMAD2,TOX4,1
SMAD2,TET1,1
SMAD2,EZH2,1
SMAD2,ANXA5,1
SMAD2,DDB2,1
SMAD2,UBQLN2,1
SMAD2,PMS1,1
SMAD2,XRCC5,1
SMAD2,L1TD1,1
SMAD2,GLI2,1
SMAD2,CST3,1
SMAD2,SAP30,1
SMAD2,HDAC1,1
SMAD2,CNOT8,1
SMAD2,TADA3,1
SMAD2,DDAH2,1
SMAD2,PHLDB2,1
SMAD2,ING3,1
SMAD2,CDC5L,1
SMAD2,PAWR,1
SMAD2,KLF6,1
SMAD2,MGST3,1
SMAD2,APBB1,1
SMAD2,MKRN1,1
SMAD2,COPS2,1
SMAD2,ZEB2,1
SMAD2,TRRAP,1
SMAD2,TCF7,1
SMAD2,TPD52,1
SMAD2,HSPA5,1
SMAD2,PURA,1
SMAD2,KANK2,1
SMAD2,SRI,1
SMAD2,HNRNPAB,1
SMAD2,FOXO1,1
SMAD2,ATM,1
SMAD2,ARHGAP29,1
SMAD2,NME2,1
SMAD2,RFX7,1
SMAD2,RARG,1
SMAD2,SMARCC1,1
SMAD2,UCHL1,1
SMAD2,IGFBP2,1
SMAD2,AIRE,1
SMAD2,TSPAN9,1
SMAD2,FRMD4A,1
SMAD2,PDGFRA,1
SMAD2,POLR3D,1
SMAD2,ZSCAN10,1
SMAD2,TBX3,1
SMAD2,PGA5,1
SMAD2,PDIA6,1
SMAD2,JUN,1
SMAD2,ELK4,1
SMAD2,HMCES,1
SMAD2,ATP6V0A1,1
SMAD2,ZBTB38,1
SMAD2,GLI1,1
SMAD2,FUS,1
SMAD2,ASNS,1
SMAD2,ATF6,1
SMAD2,SELENOW,1
SMAD2,PRDM14,1
SMAD2,HSPH1,1
SMAD2,NUP210,1
SMAD2,BCAT1,1
SMAD2,IRF6,1
SMAD2,GLDC,1
SMAD2,CEBPZ,1
SMAD2,TFEB,1
SMAD2,LDB1,1
SMAD2,TINAGL1,1
SMAD2,YBX1,1
SMAD2,GLIPR2,1
SMAD2,HIST1H1B,1
SMAD2,ZEB1,1
SMAD2,BCL3,1
SMAD2,SLC25A4,1
SMAD2,SIRT3,1
SMAD2,SIRT2,1
SMAD2,SAT1,1
SMAD2,P3H4,1
SMAD2,DR1,1
SMAD2,ESPL1,1
SMAD2,CTSL,1
SMAD2,ADAM19,1
SMAD2,NRIP1,1
SMAD2,HIST1H2BB,1
SMAD2,RAB11A,1
SMAD2,GTF3C1,1
SMAD2,SPRY4,1
SMAD2,MYMX,1
SMAD2,KIT,1
SMAD2,VEGFA,1
SMAD2,PDCD11,1
SMAD2,SOX15,1
SMAD2,SFPQ,1
SMAD2,BTG1,1
SMAD2,MAML1,1
SMAD2,CCNG1,1
SMAD2,GSTA4,1
SMAD2,MYBBP1A,1
SMAD2,TRIB3,1
SMAD2,SIN3B,1
SMAD2,KNTC1,1
SMAD2,ELP2,1
SMAD2,NR5A2,1
SMAD2,COIL,1
SMAD2,TRIM25,1
SMAD2,TRP53BP1,1
SMAD2,MYO6,1
SMAD2,PKNOX2,1
SMAD2,LY6G6E,1
SMAD2,MCM4,1
SMAD2,TUBA4A,1
SMAD2,TOPORS,1
SMAD2,ELF3,1
SMAD2,SRRT,1
SMAD2,D230025D16RIK,1
SMAD2,NFE2L1,1
SMAD2,COL27A1,1
SMAD2,HSBP1,1
SMAD2,POLR1B,1
SMAD2,ERCC8,1
SMAD2,CRY1,1
SMAD2,FAM234A,1
SMAD2,CTSA,1
SMAD2,UTF1,1
SMAD2,CALU,1
SMAD2,MCM3,1
SMAD2,GRHL1,1
SMAD2,FLRT3,1
SMAD2,CDC20,1
SMAD2,EPHA2,1
SMAD2,TRIM13,1
SMAD2,HSPB1,1
SMAD2,KRBA1,1
SMAD2,RUVBL2,1
SMAD2,XAB2,1
SMAD2,OPLAH,1
SMAD2,MLXIPL,1
SMAD2,PRDM5,1
SMAD2,AKT1,1
SMAD2,MED31,1
SMAD2,SUB1,1
SMAD2,LEFTY2,1
SMAD2,TDH,1
SMAD2,MEIS1,1
SMAD2,COMMD3,1
SMAD2,TOP2A,1
SMAD2,LDHB,1
SMAD2,CALR,1
SMAD2,LAMB2,1
SMAD2,FDPS,1
SMAD2,RAD51,1
SMAD2,RAD54B,1
SMAD2,CHCHD10,1
SMAD2,ATF7,1
SMAD2,POLR1A,1
SMAD2,FRRS1,1
SMAD2,SND1,1
SMAD2,POLR1C,1
SMAD2,FGF4,1
SMAD2,UHRF1,1
SMAD2,ELL3,1
SMAD2,MT1,1
SMAD2,TRP53,1
SMAD2,SLC5A11,1
SMAD2,RLIM,1
SMAD2,ZFP57,1
SMAD2,APEX1,1
SMAD2,ERCC3,1
SMAD2,HIST1H1A,1
SMAD2,HIST1H2AF,1
SMAD2,TFE3,1
SMAD2,PBXIP1,1
SMAD2,DPPA2,1
SMAD2,NOTCH1,1
SMAD2,TTF2,1
SMAD2,TET2,1
SMAD2,MITF,1
SMAD2,DUSP9,1
SMAD2,MT2,1
SMAD2,KLF2,1
SMAD2,TUBB2B,1
SMAD2,2200002D01RIK,1
SMAD2,ZFP42,1
SMAD2,GDPD5,1
SMAD2,FN1,1
SMAD2,SEPT1,1
SMAD2,SLC7A3,1
SMAD2,2410141K09RIK,1
SMAD2,JARID2,1
SMAD2,NUPR1,1
SMAD2,LAPTM5,1
SMAD2,CBX7,1
SMAD2,ID3,1
SMAD2,AU018091,1
SMAD2,ASH2L,1
SMAD2,PLTP,1
SMAD2,GBX2,1
SMAD2,PLAT,1
SMAD2,NR0B1,1
SMAD2,TCL1,1
SMAD2,CALCOCO2,1
SMAD2,PCOLCE,1
SMAD2,NFATC2IP,1
SMAD3,POLR2A,1
SMAD3,P4HA1,1
SMAD3,CTNNB1,1
SMAD3,HES6,1
SMAD3,CDKN1A,1
SMAD3,HSP90AA1,1
SMAD3,SDC4,1
SMAD3,MTF2,1
SMAD3,FUS,1
SMAD3,SKIL,1
SMAD3,TXNIP,1
SMAD3,ULK1,1
SMAD3,GLS,1
SMAD3,UPP1,1
SMAD3,MED21,1
SMAD3,LEFTY1,1
SMAD3,EP400,1
SMAD3,MYMX,1
SMAD3,HIST1H4K,1
SMAD3,SUB1,1
SMAD3,CHST15,1
SMAD3,DIDO1,1
SMAD3,ELF1,1
SMAD3,TMF1,1
SMAD3,SMAD7,1
SMAD3,ODC1,1
SMAD3,NOTCH2,1
SMAD3,TAF5,1
SMAD3,NANOG,1
SMAD3,CDC42SE2,1
SMAD3,MPHOSPH8,1
SMAD3,TUBA4A,1
SMAD3,SELENOW,1
SMAD3,HIST1H2AC,1
SMAD3,SPP1,1
SMAD3,DDB1,1
SMAD3,IRF1,1
SMAD3,PA2G4,1
SMAD3,GTF2H3,1
SMAD3,AIP,1
SMAD3,AMOTL2,1
SMAD3,SFI1,1
SMAD3,PELP1,1
SMAD3,SMARCA5,1
SMAD3,RIF1,1
SMAD3,FXR1,1
SMAD3,PLAG1,1
SMAD3,TFRC,1
SMAD3,MT2,1
SMAD3,FABP3,1
SMAD3,SPRY4,1
SMAD3,SIN3B,1
SMAD3,PHC1,1
SMAD3,CSRP2,1
SMAD3,SURF4,1
SMAD3,HMCES,1
SMAD3,TULP3,1
SMAD3,TCEA1,1
SMAD3,TCF4,1
SMAD3,DCP1A,1
SMAD3,ANXA5,1
SMAD3,CD63,1
SMAD3,LRPAP1,1
SMAD3,CCN2,1
SMAD3,PRDM14,1
SMAD3,POLR2J,1
SMAD3,CBX4,1
SMAD3,CTNNBIP1,1
SMAD3,ZFP148,1
SMAD3,CBX8,1
SMAD3,KHDRBS1,1
SMAD3,ADAM19,1
SMAD3,POU2F1,1
SMAD3,TDH,1
SMAD3,ECD,1
SMAD3,KDM5B,1
SMAD3,SUZ12,1
SMAD3,ETV5,1
SMAD3,ELK4,1
SMAD3,PCBP2,1
SMAD3,RBPJ,1
SMAD3,POLR2B,1
SMAD3,NDRG1,1
SMAD3,LDLRAP1,1
SMAD3,MSH6,1
SMAD3,SOCS2,1
SMAD3,ZFPM1,1
SMAD3,SREBF1,1
SMAD3,BCAM,1
SMAD3,MME,1
SMAD3,HIP1,1
SMAD3,GNPDA1,1
SMAD3,MIS18BP1,1
SMAD3,KLF13,1
SMAD3,POLR3B,1
SMAD3,ZHX3,1
SMAD3,KLF3,1
SMAD3,ANKRD6,1
SMAD3,MCM7,1
SMAD3,ASXL1,1
SMAD3,TPD52,1
SMAD3,MBD2,1
SMAD3,FUBP3,1
SMAD3,ASNS,1
SMAD3,TDGF1,1
SMAD3,ERF,1
SMAD3,TRIM25,1
SMAD3,CALCOCO1,1
SMAD3,P3H1,1
SMAD3,LHX2,1
SMAD3,ILK,1
SMAD3,ETV6,1
SMAD3,TBX3,1
SMAD3,RB1,1
SMAD3,HDAC2,1
SMAD3,PSIP1,1
SMAD3,NOTCH4,1
SMAD3,TEAD1,1
SMAD3,KIT,1
SMAD3,PCOLCE,1
SMAD3,POU6F1,1
SMAD3,RNF2,1
SMAD3,MKRN1,1
SMAD3,BCL3,1
SMAD3,FOXJ3,1
SMAD3,L1TD1,1
SMAD3,MKX,1
SMAD3,MYO6,1
SMAD3,E2F1,1
SMAD3,ATF7,1
SMAD3,HMGXB4,1
SMAD3,GLIPR2,1
SMAD3,CHD7,1
SMAD3,ZBTB43,1
SMAD3,LRP2,1
SMAD3,LDB1,1
SMAD3,CST3,1
SMAD3,FGF4,1
SMAD3,GRHL1,1
SMAD3,RERE,1
SMAD3,ZFP42,1
SMAD3,LY6G6E,1
SMAD3,NR5A2,1
SMAD3,MAML3,1
SMAD3,TRRAP,1
SMAD3,2410141K09RIK,1
SMAD3,GABBR1,1
SMAD3,ZFHX3,1
SMAD3,TBL1X,1
SMAD3,DUSP9,1
SMAD3,TCEA3,1
SMAD3,TRH,1
SMAD3,SLC5A11,1
SMAD3,HOXD13,1
SMAD3,GSTA4,1
SMAD3,IRF6,1
SMAD3,PITX1,1
SMAD3,FOXH1,1
SMAD3,CTBP1,1
SMAD3,ASS1,1
SMAD3,ANXA2,1
SMAD3,TSPAN9,1
SMAD3,MED12,1
SMAD3,ELF2,1
SMARCA4,RUNX1,1
SMARCA4,KLF2,1
SMARCA4,SRI,1
SMARCA4,TBPL1,1
SMARCA4,ETS1,1
SMARCA4,TIMP2,1
SMARCA4,RARG,1
SMARCA4,DDB2,1
SMARCA4,HDGF,1
SMARCA4,SFI1,1
SMARCA4,HNRNPAB,1
SMARCA4,TRIM28,1
SMARCA4,NR3C1,1
SMARCA4,FXR2,1
SMARCA4,MLXIP,1
SMARCA4,NR1D2,1
SMARCA4,PHLDA3,1
SMARCA4,EPS8,1
SMARCA4,ZYX,1
SMARCA4,NFKBIA,1
SMARCA4,LDB1,1
SMARCA4,FRMD4A,1
SMARCA4,HDLBP,1
SMARCA4,ZFP277,1
SMARCA4,ARNTL,1
SMARCA4,CITED2,1
SMARCA4,EGR1,1
SMARCA4,WWTR1,1
SMARCA4,CTBP1,1
SMARCA4,KLF13,1
SMARCA4,SLC16A1,1
SMARCA4,CTSD,1
SMARCA4,SIX5,1
SMARCA4,PLAGL2,1
SMARCA4,ATF3,1
SMARCA4,ASXL1,1
SMARCA4,AMOTL2,1
SMARCA4,ZFAND3,1
SMARCA4,HES6,1
SMARCA4,GSR,1
SMARCA4,SERTAD2,1
SMARCA4,MSH6,1
SMARCA4,PDK1,1
SMARCA4,TRIM24,1
SMARCA4,SDC4,1
SMARCA4,TNFAIP3,1
SMARCA4,JDP2,1
SMARCA4,CKAP4,1
SMARCA4,UPP1,1
SMARCA4,POLR3D,1
SMARCA4,POLR2H,1
SMARCA4,SKIL,1
SMARCA4,NRIP1,1
SMARCA4,SP1,1
SMARCA4,TAX1BP3,1
SMARCA4,MTF2,1
SMARCA4,ATM,1
SMARCA4,TAF10,1
SMARCA4,PHB2,1
SMARCA4,NFE2L1,1
SMARCA4,DNMT1,1
SMARCA4,PIAS3,1
SMARCA4,XBP1,1
SMARCA4,BTAF1,1
SMARCA4,TRIB3,1
SMARCA4,DIDO1,1
SMARCA4,ANKRD54,1
SMARCA4,KLF6,1
SMARCA4,ODC1,1
SMARCA4,SMURF2,1
SMARCA4,PTPN14,1
SMARCA4,MXD4,1
SMARCA4,ID4,1
SMARCA4,ZDHHC16,1
SMARCA4,ANKS1,1
SMARCA4,GLIS2,1
SMARCA4,DDX20,1
SMARCA4,NOTCH2,1
SMARCA4,ZMYM2,1
SMARCA4,HIF1A,1
SMARCA4,CHD7,1
SMARCA4,HMGA1,1
SMARCA4,HMGA1B,1
SMARCA4,FUBP3,1
SMARCA4,E2F2,1
SMARCA4,E2F1,1
SMARCA4,CST3,1
SMARCA4,TFEB,1
SMARCA4,SLC6A6,1
SMARCA4,CNOT8,1
SMARCA4,HEY2,1
SMARCA4,LDLRAP1,1
SMARCA4,ZFP148,1
SMARCA4,F3,1
SMARCA4,ELF2,1
SMARCA4,ZFP398,1
SMARCA4,RFX2,1
SMARCA4,ELK4,1
SMARCA4,FBLIM1,1
SMARCA4,PHF14,1
SMARCA4,USF1,1
SMARCA4,CENPB,1
SMARCA4,ZFP768,1
SMARCA4,SPRY4,1
SMARCA4,RFX5,1
SMARCA4,SERPINH1,1
SMARCA4,NDRG1,1
SMARCA4,SAT1,1
SMARCA4,CCNB1,1
SMARCA4,KLF3,1
SMARCA4,BTG2,1
SMARCA4,KHDRBS1,1
SMARCA4,EPHA2,1
SMARCA4,DNMT3A,1
SMARCA4,MDM2,1
SMARCA4,PATJ,1
SMARCA4,HSPB1,1
SMARCA4,RUVBL2,1
SMARCA4,EIF4A2,1
SMARCA4,DCP1A,1
SMARCA4,P3H1,1
SMARCA4,ING1,1
SMARCA4,KLF10,1
SMARCA4,GLS,1
SMARCA4,JUN,1
SMARCA4,EFEMP2,1
SMARCA4,SFPQ,1
SMARCA4,SPEN,1
SMARCA4,ZFP446,1
SMARCA4,MYO6,1
SMARCA4,ME1,1
SMARCA4,RBPJ,1
SMARCA4,MED4,1
SMARCA4,ATF6,1
SMARCA4,DCXR,1
SMARCA4,SMAD2,1
SMARCA4,ECD,1
SMARCA4,LMO4,1
SMARCA4,NOTCH1,1
SMARCA4,TMF1,1
SMARCA4,GRIN1,1
SMARCA4,VEZF1,1
SMARCA4,RNF2,1
SMARCA4,CRY1,1
SMARCA4,NR4A1,1
SMARCA4,JUND,1
SMARCA4,ZFPM1,1
SMARCA4,SLC25A4,1
SMARCA4,GLIPR2,1
SMARCA4,PMS1,1
SMARCA4,PIAS1,1
SMARCA4,MAZ,1
SMARCA4,RNF14,1
SMARCA4,EP400,1
SMARCA4,PHF20,1
SMARCA4,PFKP,1
SMARCA4,ZEB2,1
SMARCA4,DNAJC10,1
SMARCA4,DDX5,1
SMARCA4,RRM2,1
SMARCA4,NR1H2,1
SMARCA4,CSF1,1
SMARCA4,PHF1,1
SMARCA4,TCEA1,1
SMARCA4,MBD2,1
SMARCA4,ESRRA,1
SMARCA4,CD63,1
SMARCA4,PCBP2,1
SMARCA4,CCN2,1
SMARCA4,ILK,1
SMARCA4,CNOT3,1
SMARCA4,KDM3A,1
SMARCA4,NME2,1
SMARCA4,ARHGAP29,1
SMARCA4,NRF1,1
SMARCA4,PIAS2,1
SMARCA4,SURF4,1
SMARCA4,ERP29,1
SMARCA4,RARA,1
SMARCA4,TOX4,1
SMARCA4,XRCC6,1
SMARCA4,CREB5,1
SMARCA4,PLAG1,1
SMARCA4,ABTB1,1
SMARCA4,ZFP219,1
SMARCA4,MAML1,1
SMARCA4,ATP6V0A1,1
SMARCA4,KAT6B,1
SMARCA4,LAMC1,1
SMARCA4,REST,1
SMARCA4,ELF1,1
SMARCA4,ASS1,1
SMARCA4,ITPK1,1
SMARCA4,TUBB6,1
SMARCA4,TRP53,1
SMARCA4,BRPF1,1
SMARCA4,DAZAP2,1
SMARCA4,RASGRP2,1
SMARCA4,STAT5B,1
SMARCA4,HDAC7,1
SMARCA4,SEC24D,1
SMARCA4,ZFYVE21,1
SMARCA4,NFE2L2,1
SMARCA4,RELA,1
SMARCA4,POLR2J,1
SMARCA4,IMPDH1,1
SMARCA4,TCF12,1
SMARCA4,GABARAPL2,1
SMARCA4,MAPK8,1
SMARCA4,HMGXB3,1
SMARCA4,RERE,1
SMARCA4,RBFOX2,1
SMARCA4,POLR2E,1
SMARCA4,GLUL,1
SMARCA4,YEATS2,1
SMARCA4,DDX54,1
SMARCA4,MATR3,1
SMARCA4,IGFBP2,1
SMARCA4,ABHD5,1
SMARCA4,TADA3,1
SMARCA4,CTNNBIP1,1
SMARCA4,IKBKB,1
SMARCA4,ATF2,1
SMARCA4,GNPDA1,1
SMARCA4,NRG1,1
SMARCA4,PA2G4,1
SMARCA4,CALU,1
SMARCA4,PAPOLA,1
SMARCA4,NFYB,1
SMARCA4,PDGFRA,1
SMARCA4,RRBP1,1
SMARCA4,ZSWIM4,1
SMARCA4,HDAC1,1
SMARCA4,MPHOSPH8,1
SMARCA4,ADAM19,1
SMARCA4,HNRNPK,1
SMARCA4,AIP,1
SMARCA4,CALD1,1
SMARCA4,HNRNPD,1
SMARCA4,PARP1,1
SMARCA4,ELL2,1
SMARCA4,FRRS1,1
SMARCA4,ZEB1,1
SMARCA4,BTBD11,1
SMARCA4,MEF2A,1
SMARCA4,CDC5L,1
SMARCA4,MITF,1
SMARCA4,CALR,1
SMARCA4,MED15,1
SMARCA4,BRCA2,1
SMARCA4,AATF,1
SMARCA4,JMJD1C,1
SMARCA4,ZBTB24,1
SMARCA4,TRRAP,1
SMARCA4,KLF4,1
SMARCA4,GABBR1,1
SMARCA4,ATF7,1
SMARCA4,D230025D16RIK,1
SMARCA4,ANXA2,1
SMARCA4,COPS2,1
SMARCA4,RAB11A,1
SMARCA4,RNF19A,1
SMARCA4,TULP3,1
SMARCA4,HMGXB4,1
SMARCA4,ING3,1
SMARCA4,OBSL1,1
SMARCA4,NFYA,1
SMARCA4,SUB1,1
SMARCA4,EP300,1
SMARCA4,POU2F1,1
SMARCA4,PLAT,1
SMARCA4,TINAGL1,1
SMARCA4,MT2,1
SMARCA4,GTF2H3,1
SMARCA4,HDAC5,1
SMARCA4,KNTC1,1
SMARCA4,SORD,1
SMARCA4,ANXA5,1
SMARCA4,GTF3C1,1
SMARCA4,CSRP2,1
SMARCA4,VSIR,1
SMARCA4,HDAC2,1
SMARCA4,CDC42SE2,1
SMARCA4,FXR1,1
SMARCA4,ARHGEF40,1
SMARCA4,FAM234A,1
SMARCA4,ABT1,1
SMARCA4,COIL,1
SMARCA4,FOXJ2,1
SMARCA4,APOE,1
SMARCA4,KEAP1,1
SMARCA4,BRD7,1
SMARCA4,TXNIP,1
SMARCA4,PELP1,1
SMARCA4,BNIP3,1
SMARCA4,HIP1,1
SMARCA4,UHRF1,1
SMARCA4,BARD1,1
SMARCA4,POLR2A,1
SMARCA4,DR1,1
SMARCA4,MAPK3,1
SMARCA4,ILF3,1
SMARCA4,SRF,1
SMARCA4,TPD52,1
SMARCA4,SUZ12,1
SMARCA4,SMARCB1,1
SMARCA4,ARL6IP5,1
SMARCA4,SMARCA5,1
SMARCA4,P4HA1,1
SMARCA4,SREBF1,1
SMARCA4,MIS18BP1,1
SMARCA4,UBP1,1
SMARCA4,SEMA4C,1
SMARCA4,KPNA2,1
SMARCA4,IRF1,1
SMARCA4,COTL1,1
SMARCA4,PER1,1
SMARCA4,RBM14,1
SMARCA4,FOXJ3,1
SMARCA4,TRIP11,1
SMARCA4,SNAI1,1
SMARCA4,ZBTB38,1
SMARCA4,COL27A1,1
SMARCA4,SRRT,1
SMARCA4,MGST3,1
SMARCA4,HDAC4,1
SMARCA4,CTCF,1
SMARCA4,POLR1E,1
SMARCA4,ARID1A,1
SMARCA4,TOP2B,1
SMARCA4,AIRE,1
SMARCA4,CTSZ,1
SMARCA4,PREB,1
SMARCA4,GRHL1,1
SMARCA4,ERCC8,1
SMARCA4,SMARCC2,1
SMARCA4,MLLT1,1
SMARCA4,ECT2,1
SMARCA4,MCM5,1
SMARCA4,BCAM,1
SMARCA4,FUS,1
SMARCA4,CNOT6,1
SMARCA4,VEGFA,1
SMARCA4,TMED2,1
SMARCA4,CRIP2,1
SMARCA4,DDAH2,1
SMARCA4,RBBP4,1
SMARCA4,POLR3F,1
SMARCA4,LDHB,1
SMARCA4,P4HB,1
SMARCA4,PSIP1,1
SMARCA4,ASH2L,1
SMARCA4,TCERG1,1
SMARCA4,CDKN1A,1
SMARCA4,KAT2B,1
SMARCA4,SLC25A5,1
SMARCA4,MYBL2,1
SMARCA4,HTT,1
SMARCA4,TCF4,1
SMARCA4,AMPD2,1
SMARCA4,GDPD5,1
SMARCA4,SATB1,1
SMARCA4,POLR1B,1
SMARCA4,NFX1,1
SMARCA4,CTSL,1
SMARCA4,TAF5,1
SMARCA4,MOV10,1
SMARCA4,PLOD1,1
SMARCA4,ZFP335,1
SMARCA4,MED21,1
SMARCA4,PRRX2,1
SMARCA4,CLCN5,1
SMARCA4,CTNNBL1,1
SMARCA4,HSF2,1
SMARCA4,ETV5,1
SMARCA4,POLR2B,1
SMARCA4,TXNDC12,1
SMARCA4,SOAT1,1
SMARCA4,TFRC,1
SMARCA4,BTG1,1
SMARCA4,SRSF3,1
SMARCA4,ELF4,1
SMARCA4,ANKRD49,1
SMARCA4,RIF1,1
SMARCA4,FOXO1,1
SMARCA4,GAS6,1
SMARCA4,DDIT3,1
SMARCA4,PDCD11,1
SMARCA4,XRCC5,1
SMARCA4,TPM4,1
SMARCA4,TEAD4,1
SMARCA4,ANKRD6,1
SMARCA4,TAF6L,1
SMARCA4,PKNOX2,1
SMARCA4,SGK1,1
SMARCA4,CREB3,1
SMARCA4,HIST1H4K,1
SMARCA4,SIN3B,1
SMARCA4,ZBTB43,1
SMARCA4,ZHX3,1
SMARCA4,KDM5B,1
SMARCA4,POLR2I,1
SMARCA4,CHCHD10,1
SMARCA4,KDELR2,1
SMARCA4,PDIA6,1
SMARCA4,CEBPZ,1
SMARCA4,SIRT3,1
SMARCA4,E2F6,1
SMARCA4,PBX4,1
SMARCA4,ILF2,1
SMARCA4,FIZ1,1
SMARCA4,STXBP2,1
SMARCA4,SIRT1,1
SMARCA4,SELENOW,1
SMARCA4,TRP53BP1,1
SMARCA4,CNOT7,1
SMARCA4,ETV6,1
SMARCA4,KANK2,1
SMARCA4,ADAM23,1
SMARCA4,RAB3IL1,1
SMARCA4,INTS12,1
SMARCA4,PMM1,1
SMARCA4,THRAP3,1
SMARCA4,LRPAP1,1
SMARCA4,POLR1C,1
SMARCA4,ITGA6,1
SMARCA4,NR2C1,1
SMARCA4,ERF,1
SMARCA4,EZH2,1
SMARCA4,MME,1
SMARCA4,SND1,1
SMARCA4,POU6F1,1
SMARCA4,MCM4,1
SMARCA4,MEN1,1
SMARCA4,MAFK,1
SMARCA4,RNF6,1
SMARCA4,NFATC3,1
SMARCA4,ELP2,1
SMARCA4,POLR2K,1
SMARCA4,BRWD1,1
SMARCA4,TMEM150A,1
SMARCA4,MED31,1
SMARCA4,CBX6,1
SMARCA4,ATP13A3,1
SMARCA4,NCOA3,1
SMARCA4,HSP90AA1,1
SMARCA4,CTNNB1,1
SMARCA4,EDEM1,1
SMARCA4,PDCD4,1
SMARCA4,HSBP1,1
SMARCA4,MYD88,1
SMARCA4,2200002D01RIK,1
SMARCA4,DAB2,1
SMARCA4,CREB3L2,1
SMARCA4,DDB1,1
SMARCA4,HDAC11,1
SMARCA4,RBL1,1
SMARCA4,RFXAP,1
SMARCA4,LMF2,1
SMARCA4,DEK,1
SMARCA4,PDPN,1
SMARCA4,NACC1,1
SMARCA4,ESPL1,1
SMARCA4,TUBA4A,1
SMARCA4,SLC7A6,1
SMARCA4,APOBEC3,1
SMARCA4,NDRG4,1
SMARCA4,ELL3,1
SMARCA4,PBXIP1,1
SMARCA4,ASNS,1
SMARCA4,SMARCC1,1
SMARCA4,HSPG2,1
SMARCA4,TWIST1,1
SMARCA4,NUP210,1
SMARCA4,BCLAF1,1
SMARCA4,ATF5,1
SMARCA4,TCOF1,1
SMARCA4,UBTF,1
SMARCA4,CTH,1
SMARCA4,L3MBTL2,1
SMARCA4,MARC2,1
SMARCA4,PHC1,1
SMARCA4,NAA15,1
SMARCA4,APBB1,1
SMARCA4,SPP1,1
SMARCA4,CALCOCO1,1
SMARCA4,NID1,1
SMARCA4,SCMH1,1
SMARCA4,E2F4,1
SMARCA4,BAZ1A,1
SMARCA4,TUBB2B,1
SMARCA4,TSG101,1
SMARCA4,FGFR3,1
SMARCA4,SOCS2,1
SMARCA4,NFXL1,1
SMARCA4,STARD10,1
SMARCA4,EZH1,1
SMARCA4,PLOD2,1
SMARCA4,MYBBP1A,1
SMARCA4,GZF1,1
SMARCA4,LAMB2,1
SMARCA4,MYC,1
SMARCA4,ULK1,1
SMARCA4,H1F0,1
SMARCA4,HMGB2,1
SMARCA4,SSB,1
SMARCA4,ARNT2,1
SMARCA4,KANK3,1
SMARCA4,TEAD1,1
SMARCA4,RCN3,1
SMARCA4,LGMN,1
SMARCA4,DKC1,1
SMARCA4,VILL,1
SMARCA4,IFITM2,1
SMARCA4,TCF7L2,1
SMARCA4,CHD5,1
SMARCA4,XAB2,1
SMARCA4,TFAP4,1
SMARCA4,ISYNA1,1
SMARCA4,GTF3C5,1
SMARCA4,FABP3,1
SMARCA4,PLRG1,1
SMARCA4,SIRT2,1
SMARCA4,ZFP281,1
SMARCA4,SMURF1,1
SMARCA4,FLRT3,1
SMARCA4,ZMYND11,1
SMARCA4,PHF2,1
SMARCA4,CELF3,1
SMARCA4,TSPAN9,1
SMARCA4,HMCES,1
SMARCA4,ETV1,1
SMARCA4,CAR2,1
SMARCA4,MAPK11,1
SMARCA4,ZFP57,1
SMARCA4,RNF157,1
SMARCA4,ELF3,1
SMARCA4,GLDC,1
SMARCA4,FAM129B,1
SMARCA4,ZFP276,1
SMARCA4,B2M,1
SMARCA4,RAD54B,1
SMARCA4,CDC20,1
SMARCA4,MED12,1
SMARCA4,ALPL,1
SMARCA4,CBX7,1
SMARCA4,CNOT2,1
SMARCA4,PARVB,1
SMARCA4,NEDD4,1
SMARCA4,MEIS3,1
SMARCA4,ZFP236,1
SMARCA4,BCAT1,1
SMARCA4,MTA3,1
SMARCA4,TBX3,1
SMARCA4,TAF1A,1
SMARCA4,BEND5,1
SMARCA4,KRBA1,1
SMARCA4,TRIM32,1
SMARCA4,GSTA4,1
SMARCA4,SLC9A6,1
SMARCA4,SHROOM3,1
SMARCA4,TFCP2L1,1
SMARCA4,ZFP42,1
SMARCA4,SERPINE2,1
SMARCA4,IL33,1
SMARCA4,PODXL,1
SMARCA4,MCM2,1
SMARCA4,SHKBP1,1
SMARCA4,TYRO3,1
SMARCA4,LOXL2,1
SMARCA4,CUX2,1
SMARCA4,PHLDB2,1
SMARCA4,UBQLN2,1
SMARCA4,RAI14,1
SMARCA4,PAWR,1
SMARCA4,OPLAH,1
SMARCA4,IRF6,1
SMARCA4,RANBP17,1
SMARCA4,MLXIPL,1
SMARCA4,2410141K09RIK,1
SMARCA4,UCHL1,1
SMARCA4,TRIP6,1
SMARCA4,GTF2A1L,1
SMARCA4,IFITM1,1
SMARCA4,NDN,1
SMARCA4,SLC7A3,1
SMARCA4,HIF3A,1
SMARCA4,MYMX,1
SMARCA4,DPPA2,1
SMARCA4,SOX15,1
SMARCA4,CALCOCO2,1
SMARCA4,ZSCAN10,1
SMARCA4,LAMA1,1
SMARCA4,LEFTY1,1
SMARCA4,KIT,1
SMARCA4,EDA2R,1
SMARCA4,GPX3,1
SMARCA4,DPPA4,1
SMARCA4,SPOCK1,1
SMARCA4,TRH,1
SMARCA4,RBMXL2,1
SMARCA4,NR5A2,1
SMARCA4,FOXH1,1
SMARCAD1,SFI1,1
SMARCAD1,SMARCA5,1
SMARCAD1,PBX4,1
SMARCAD1,HIST1H2AC,1
SMARCAD1,HIST1H4K,1
SMARCAD1,HIST1H2BL,1
SMARCAD1,HIST1H2AI,1
SMARCAD1,HIST1H2BK,1
SMARCAD1,2410141K09RIK,1
SMARCAD1,ZFP979,1
SMARCAD1,HIST1H2BN,1
SMARCAD1,HIST1H2AK,1
SMARCAD1,HIST1H2BF,1
SMARCAD1,HIST1H3H,1
SMARCC1,SFI1,1
SMARCC1,SMARCA5,1
SOX17,NR2F6,1
SOX17,POU5F1,1
SOX17,MTF2,1
SOX17,TRIM25,1
SOX17,SRGN,1
SOX17,UPP1,1
SOX17,SOX2,1
SOX17,SFI1,1
SOX17,PRDM1,1
SOX17,TRP53BP1,1
SOX17,PHC1,1
SOX17,LAMA1,1
SOX2,MTF2,1
SOX2,RIF1,1
SOX2,DIDO1,1
SOX2,RBM14,1
SOX2,UPP1,1
SOX2,PHC1,1
SOX2,SHROOM3,1
SOX2,TRP53BP1,1
SOX2,ZSCAN10,1
SOX2,SLC7A3,1
SOX2,SPRY4,1
SOX2,KDM3A,1
SOX2,OTX2,1
SOX2,ETV6,1
SOX2,MME,1
SOX2,SPP1,1
SOX2,TFE3,1
SOX2,MSH6,1
SOX2,NOTCH1,1
SOX2,ETV1,1
SOX2,RARA,1
SOX2,LEFTY1,1
SOX2,BRCA1,1
SOX2,ANKRD6,1
SOX2,TUBB2B,1
SOX2,TRIM28,1
SOX2,POU2F1,1
SOX2,CRIP2,1
SOX2,GSTA4,1
SOX2,RBPJ,1
SOX2,HMGXB4,1
SOX2,SFPQ,1
SOX2,CST3,1
SOX2,KHDRBS1,1
SOX2,CALD1,1
SOX2,FUBP3,1
SOX2,LDB1,1
SOX2,SFI1,1
SOX2,MCM3,1
SOX2,ETV4,1
SOX2,PELP1,1
SOX2,ILF2,1
SOX2,TOP2A,1
SOX2,POU5F1,1
SOX2,XRCC5,1
SOX2,LRPAP1,1
SOX2,RBBP4,1
SOX2,NFATC2IP,1
SOX2,L3MBTL2,1
SOX2,INTS12,1
SOX2,NR1D1,1
SOX2,HNRNPAB,1
SOX2,ILF3,1
SOX2,ASH2L,1
SOX2,TCERG1,1
SOX2,NANOG,1
SOX2,HMCES,1
SOX2,TAX1BP3,1
SOX2,SNAPC3,1
SOX2,TCF4,1
SOX2,HSP90B1,1
SOX2,HIP1,1
SOX2,KNTC1,1
SOX2,P4HB,1
SOX2,NFYA,1
SOX2,ING1,1
SOX2,HDGF,1
SOX2,TXNDC12,1
SOX2,ZFP148,1
SOX2,PGA5,1
SOX2,PHF14,1
SOX2,HIST1H2BK,1
SOX2,RAD54B,1
SOX2,BTG1,1
SOX2,FXR2,1
SOX2,TSPAN9,1
SOX2,FOXH1,1
SOX2,HES6,1
SOX2,MYLPF,1
SOX2,CDC20,1
SOX2,NR5A2,1
SOX2,RRBP1,1
SOX2,TAF5,1
SOX2,CTSA,1
SOX2,E2F1,1
SOX2,TRP53,1
SOX2,CELF3,1
SOX2,RBL1,1
SOX2,SEMA4C,1
SOX2,CTCF,1
SOX2,PLA2G1B,1
SOX2,STAT4,1
SOX2,MKRN1,1
SOX2,SRM,1
SOX2,CITED2,1
SOX2,SOCS2,1
SOX2,WBP11,1
SOX2,SERTAD2,1
SOX2,MCM7,1
SOX2,IL33,1
SOX2,GTF2I,1
SOX2,AMOTL2,1
SOX2,2410141K09RIK,1
SOX2,SLC6A6,1
SOX2,GLS,1
SOX2,HSPB1,1
SOX2,SMARCA2,1
SOX2,ARID1A,1
SOX2,GJB3,1
SOX2,SMARCB1,1
SOX2,HNRNPK,1
SOX2,DDX5,1
SOX2,MAML1,1
SOX2,LMF2,1
SOX2,TPD52,1
SOX2,SRSF3,1
SOX2,ASXL1,1
SOX2,DPPA2,1
SOX2,EPS8,1
SOX2,HIST1H4K,1
SOX2,RLIM,1
SOX2,YEATS2,1
SOX2,FAM234A,1
SOX2,GLUL,1
SOX2,ATF5,1
SOX2,ZFP277,1
SOX2,MED12,1
SOX2,MEIS1,1
SOX2,EZH2,1
SOX2,ELAVL2,1
SOX2,FBLIM1,1
SOX2,CCNG1,1
SOX2,CHD7,1
SOX2,FRRS1,1
SOX2,ZSWIM4,1
SOX2,SMARCAD1,1
SOX2,LMO4,1
SOX2,ZFAND3,1
SOX2,ZFP42,1
SOX2,BARD1,1
SOX2,ING3,1
SOX2,NRIP1,1
SOX2,BCAT1,1
SOX2,HEXIM1,1
SOX2,ETV5,1
SOX2,MED21,1
SOX2,PRDM14,1
SOX2,UNG,1
SOX2,CCN2,1
SOX2,COPS2,1
SOX2,CTNNB1,1
SOX2,TSG101,1
SOX2,HSPH1,1
SOX2,NONO,1
SOX2,CTBP1,1
SOX2,MYBBP1A,1
SOX2,PSIP1,1
SOX2,HIST1H1D,1
SOX2,FRMD4A,1
SOX2,USF1,1
SOX2,AATF,1
SOX2,E2F2,1
SOX2,KLF6,1
SOX2,ZFP36L1,1
SOX2,CNOT8,1
SOX2,FN1,1
SOX2,PARVB,1
SOX2,TCF12,1
SOX2,RAB11A,1
SOX2,FOXP1,1
SOX2,GDPD5,1
SOX2,BRWD1,1
SOX2,HDAC4,1
SOX2,TFRC,1
SOX2,PTPN14,1
SOX2,PHF12,1
SOX2,BEND5,1
SOX2,EYA1,1
SOX2,TCF7L2,1
SOX2,P4HA1,1
SOX2,PURA,1
SOX2,ECD,1
SOX2,DPPA4,1
SOX2,CHCHD10,1
SOX2,SSR3,1
SOX2,KLF9,1
SOX2,MEF2C,1
SOX2,BMP4,1
SOX2,SPRY2,1
SOX2,UBQLN2,1
SOX2,TCEA3,1
SOX2,LY6G6E,1
SOX2,RBMX,1
SOX2,RB1,1
SOX2,TFAP4,1
SOX2,SERPINH1,1
SOX2,FABP3,1
SOX2,PATJ,1
SOX2,BRPF1,1
SOX2,FOXJ3,1
SOX2,MAPK8,1
SOX2,APOE,1
SOX2,TBPL1,1
SOX2,CALCOCO1,1
SOX2,NOTCH4,1
SOX2,ESRRA,1
SOX2,HIST1H2BB,1
SOX2,ATP6V0A1,1
SOX2,SIRT2,1
SOX2,PLOD1,1
SOX2,SMARCA5,1
SOX2,ZFP979,1
SOX2,ZBTB10,1
SOX2,ZFHX3,1
SOX2,ADAM19,1
SOX2,SMARCC1,1
SOX2,IGFBP2,1
SOX2,TMEM144,1
SOX2,PML,1
SOX2,MSC,1
SOX2,ZBTB24,1
SOX2,SREBF1,1
SOX2,HDAC2,1
SOX2,POLR1B,1
SOX2,TDGF1,1
SOX2,MLLT1,1
SOX2,TMSB4X,1
SOX2,TINAGL1,1
SOX2,TGIF1,1
SOX2,CENPB,1
SOX2,MLXIP,1
SOX2,SLC25A5,1
SOX2,BTG2,1
SOX2,TBX3,1
SOX2,RARG,1
SOX2,GTF2H4,1
SOX2,EDA2R,1
SOX2,SMAD7,1
SOX2,TMF1,1
SOX2,NR4A1,1
SOX2,PHF1,1
SOX2,MGST3,1
SOX2,FXR1,1
SOX2,PDK1,1
SOX2,ANKS1,1
SOX2,SIRT3,1
SOX2,LAMB1,1
SOX2,ZIC3,1
SOX2,WDR45,1
SOX2,PROX1,1
SOX2,ZMYM2,1
SOX2,NRF1,1
SOX2,KRT42,1
SOX2,SMURF2,1
SOX2,PATZ1,1
SOX2,LAMB2,1
SOX2,SDC4,1
SOX2,ZEB2,1
SOX2,SMAD3,1
SOX2,TFEB,1
SOX2,SCMH1,1
SOX2,ZFP57,1
SOX2,SALL4,1
SOX2,CTSL,1
SOX2,ULK1,1
SOX2,NACC1,1
SOX2,PLTP,1
SOX2,MYMX,1
SOX2,NCOA3,1
SOX2,LDHB,1
SOX2,CSRP2,1
SOX2,TRIM13,1
SOX2,HEY2,1
SOX2,PHLDB2,1
SOX2,CDKN1A,1
SOX2,NR2C1,1
SOX2,GJA1,1
SOX2,SERPINE2,1
SOX2,ETV3,1
SOX2,THBD,1
SOX2,CREB3,1
SOX2,ID2,1
SOX2,GABBR1,1
SOX2,IRF3,1
SOX2,IFITM1,1
SOX2,LOXL2,1
SOX2,FAM129B,1
SOX2,BCL3,1
SOX2,SATB1,1
SOX2,RBBP7,1
SOX2,KLF4,1
SOX2,TBX18,1
SOX2,PBXIP1,1
SOX2,KANK2,1
SOX2,PDGFRA,1
SOX2,BCAM,1
SOX2,NR0B1,1
SOX2,TRPS1,1
SOX2,TMEM150A,1
SOX2,CTSZ,1
SOX2,ELF3,1
SOX2,SOX15,1
SOX2,RBPMS2,1
SOX2,AKT1,1
SOX2,OPLAH,1
SOX2,MAPK11,1
SOX2,ARID5B,1
SOX2,NSD1,1
SOX2,TGFB1I1,1
SOX2,SP8,1
SOX2,HNF1B,1
SOX2,KLF8,1
SUZ12,BMI1,1
SUZ12,HOXD13,1
SUZ12,HTRA1,1
SUZ12,BMP6,1
SUZ12,ESRRB,1
SUZ12,MAML3,1
SUZ12,NPAS2,1
SUZ12,FGF3,1
SUZ12,FGFR3,1
SUZ12,GRB10,1
SUZ12,NFIA,1
SUZ12,IRF2,1
SUZ12,POU4F2,1
SUZ12,OVOL1,1
SUZ12,FOXQ1,1
SUZ12,COL27A1,1
SUZ12,SLCO3A1,1
SUZ12,PTH1R,1
SUZ12,EBF4,1
SUZ12,CREB5,1
SUZ12,SOX7,1
SUZ12,BTBD11,1
SUZ12,LHX2,1
SUZ12,NFATC1,1
SUZ12,LRRK1,1
SUZ12,GNAS,1
SUZ12,SFI1,1
SUZ12,TWIST1,1
SUZ12,CSF1,1
SUZ12,MSX2,1
SUZ12,FOXP1,1
SUZ12,IGF2,1
SUZ12,GAS6,1
SUZ12,MLXIPL,1
SUZ12,EBF1,1
SUZ12,DMRT1,1
SUZ12,PKNOX2,1
SUZ12,EMX2,1
SUZ12,COL4A2,1
SUZ12,COL4A1,1
SUZ12,BMPER,1
SUZ12,HOPX,1
SUZ12,TBX18,1
SUZ12,NR2F2,1
SUZ12,FST,1
SUZ12,ID4,1
SUZ12,PRRX2,1
SUZ12,PAX8,1
SUZ12,PDGFRA,1
SUZ12,CITED1,1
SUZ12,PODXL,1
SUZ12,HMGA2,1
SUZ12,SPOCK1,1
SUZ12,SATB1,1
SUZ12,P4HA2,1
SUZ12,EOMES,1
SUZ12,FRMD4A,1
SUZ12,PAX1,1
SUZ12,PAX6,1
SUZ12,MSC,1
SUZ12,SERPINE2,1
SUZ12,ZFPM1,1
SUZ12,SOX4,1
SUZ12,ZEB2,1
SUZ12,APP,1
SUZ12,HNF1B,1
SUZ12,FHL2,1
SUZ12,FOXA2,1
SUZ12,JUN,1
SUZ12,CHST15,1
SUZ12,LRP2,1
SUZ12,ZBTB10,1
SUZ12,GDPD5,1
SUZ12,HIVEP2,1
SUZ12,TOX3,1
SUZ12,CUX1,1
SUZ12,EPAS1,1
SUZ12,HS3ST1,1
SUZ12,OBSL1,1
SUZ12,SATB2,1
SUZ12,GATA3,1
SUZ12,NRG1,1
SUZ12,SOS2,1
SUZ12,TIMP2,1
SUZ12,STAT5B,1
SUZ12,RNF157,1
SUZ12,BARX1,1
SUZ12,DKK1,1
SUZ12,NOTUM,1
SUZ12,ARHGAP29,1
SUZ12,BAZ1A,1
SUZ12,ATF3,1
SUZ12,FOSL2,1
SUZ12,PITX2,1
SUZ12,JDP2,1
SUZ12,DTX1,1
SUZ12,FOXD3,1
SUZ12,RFXAP,1
SUZ12,BIN1,1
SUZ12,SIX1,1
SUZ12,NDN,1
SUZ12,STARD10,1
SUZ12,MRAS,1
SUZ12,ID3,1
SUZ12,ZFHX3,1
SUZ12,SMARCA2,1
SUZ12,ABHD5,1
SUZ12,FOXJ2,1
SUZ12,KHDC3,1
SUZ12,NFIL3,1
SUZ12,ETS1,1
SUZ12,ARNTL,1
SUZ12,POU4F1,1
SUZ12,LAMB1,1
SUZ12,MORC4,1
SUZ12,PRDM14,1
SUZ12,SIX5,1
SUZ12,MKX,1
SUZ12,ZEB1,1
SUZ12,CHD5,1
SUZ12,PHLDB2,1
SUZ12,EMP2,1
SUZ12,HDAC7,1
SUZ12,IMPDH1,1
SUZ12,TIMP3,1
SUZ12,CRY1,1
SUZ12,OTX2,1
SUZ12,ELAVL2,1
SUZ12,CEMIP,1
SUZ12,THBD,1
SUZ12,FGF10,1
SUZ12,PTPN14,1
SUZ12,POU6F1,1
SUZ12,TENM4,1
SUZ12,TGFB1,1
SUZ12,ELF2,1
SUZ12,SLC7A6,1
SUZ12,HES6,1
SUZ12,PITX1,1
SUZ12,EYA1,1
SUZ12,PHLDA3,1
SUZ12,ME1,1
SUZ12,STAT5A,1
SUZ12,VIM,1
SUZ12,CLCN5,1
SUZ12,SOX17,1
SUZ12,P3H4,1
SUZ12,COMMD3,1
SUZ12,RBMXL2,1
SUZ12,VEGFA,1
SUZ12,TEAD4,1
SUZ12,SEMA4C,1
SUZ12,E2F6,1
SUZ12,MEIS1,1
SUZ12,PHF2,1
SUZ12,CNOT6L,1
SUZ12,KDELR3,1
SUZ12,MAPK11,1
SUZ12,GBX2,1
SUZ12,HEY2,1
SUZ12,GRIN1,1
SUZ12,HSPB1,1
SUZ12,GATA4,1
SUZ12,H1F0,1
SUZ12,ZYX,1
SUZ12,UTF1,1
SUZ12,NDRG1,1
SUZ12,SMAD3,1
SUZ12,KIT,1
SUZ12,CAR2,1
SUZ12,TFAP2C,1
SUZ12,MEF2C,1
SUZ12,LOXL2,1
SUZ12,ARNT2,1
SUZ12,B2M,1
SUZ12,ZFP423,1
SUZ12,LAMA1,1
SUZ12,KLF2,1
SUZ12,NFXL1,1
SUZ12,TCF12,1
SUZ12,DPP4,1
SUZ12,CD63,1
SUZ12,SCMH1,1
SUZ12,FGF4,1
SUZ12,IRF6,1
SUZ12,NFIB,1
SUZ12,JMJD1C,1
SUZ12,LMO4,1
SUZ12,TCF7L2,1
SUZ12,CRIP2,1
SUZ12,CKAP4,1
SUZ12,MAN1A2,1
SUZ12,EFEMP2,1
SUZ12,SRF,1
SUZ12,FOXO1,1
SUZ12,GLDC,1
SUZ12,DUSP9,1
SUZ12,ANKRD6,1
SUZ12,PROX1,1
SUZ12,TUBB6,1
SUZ12,CCND1,1
SUZ12,NR3C1,1
SUZ12,SRI,1
SUZ12,MAPK13,1
SUZ12,F3,1
SUZ12,IRF4,1
SUZ12,DNMT3A,1
SUZ12,PATJ,1
SUZ12,KLF4,1
SUZ12,CDKN1A,1
SUZ12,BEND5,1
SUZ12,EPHA4,1
SUZ12,ELP2,1
SUZ12,ZFP277,1
SUZ12,SMARCA5,1
SUZ12,RNF19A,1
SUZ12,NOTCH2,1
SUZ12,SPRY4,1
SUZ12,EGR1,1
SUZ12,NRIP1,1
SUZ12,SHROOM3,1
SUZ12,SGK1,1
SUZ12,MT1,1
SUZ12,CKB,1
SUZ12,BASP1,1
SUZ12,RUNX1,1
SUZ12,DAB2,1
SUZ12,MYO6,1
SUZ12,TUBA4A,1
SUZ12,NID1,1
SUZ12,COTL1,1
SUZ12,TPM4,1
SUZ12,ANKS1,1
SUZ12,ZHX3,1
SUZ12,IGFBP2,1
SUZ12,P3H1,1
SUZ12,GRHL1,1
SUZ12,POLR2B,1
SUZ12,CITED2,1
SUZ12,TLE1,1
SUZ12,EDEM1,1
SUZ12,EPS8,1
SUZ12,MEF2A,1
SUZ12,KLF15,1
SUZ12,NFIC,1
SUZ12,MEIS3,1
SUZ12,WWTR1,1
SUZ12,GATA6,1
SUZ12,CHD7,1
SUZ12,MLXIP,1
SUZ12,BMP4,1
SUZ12,TYRO3,1
SUZ12,ZFP276,1
SUZ12,RARG,1
SUZ12,ZFP398,1
SUZ12,MXD4,1
SUZ12,CTNNBIP1,1
SUZ12,SLC25A4,1
SUZ12,SPEN,1
SUZ12,MYC,1
SUZ12,SOAT1,1
SUZ12,NFKB2,1
SUZ12,PRDM1,1
SUZ12,FABP3,1
SUZ12,ARHGEF40,1
SUZ12,MEF2D,1
SUZ12,LDLRAP1,1
SUZ12,MAFK,1
SUZ12,APBB1,1
SUZ12,VEZF1,1
SUZ12,TNFAIP3,1
SUZ12,DDX20,1
SUZ12,LAMA5,1
SUZ12,LTBP4,1
SUZ12,BCAT1,1
SUZ12,RB1,1
SUZ12,KHDRBS1,1
SUZ12,SALL1,1
SUZ12,ADAM23,1
SUZ12,NOTCH1,1
SUZ12,ZMYND11,1
SUZ12,ADAM19,1
SUZ12,RAB3IL1,1
SUZ12,PBX4,1
SUZ12,SDC4,1
SUZ12,SLC16A1,1
SUZ12,PRDM5,1
SUZ12,E2F2,1
SUZ12,GLI2,1
SUZ12,ANP32A,1
SUZ12,P4HA1,1
SUZ12,ETV3,1
SUZ12,TBX3,1
SUZ12,CCN2,1
SUZ12,CUX2,1
SUZ12,SNAI1,1
SUZ12,GLS,1
SUZ12,ALPL,1
SUZ12,TXNDC5,1
SUZ12,ETV4,1
SUZ12,VSIR,1
SUZ12,PDCD4,1
SUZ12,RBFOX2,1
SUZ12,KRT8,1
SUZ12,AKT1,1
SUZ12,TCF7,1
SUZ12,TOP2B,1
SUZ12,NR2F6,1
SUZ12,CENPB,1
SUZ12,ZFP296,1
SUZ12,RBPMS2,1
SUZ12,PAWR,1
SUZ12,SEC24D,1
SUZ12,FOXO3,1
SUZ12,MT2,1
SUZ12,AGAP3,1
SUZ12,FOXJ3,1
SUZ12,SLC26A10,1
SUZ12,HSPH1,1
SUZ12,BCL3,1
SUZ12,CBX4,1
SUZ12,UPP1,1
SUZ12,HDAC3,1
SUZ12,ANXA2,1
SUZ12,RIF1,1
SUZ12,IRF1,1
SUZ12,SOCS2,1
SUZ12,RAPGEF3,1
SUZ12,HIST1H2AC,1
SUZ12,ANKRD54,1
SUZ12,COBL,1
SUZ12,PLOD1,1
SUZ12,BTAF1,1
SUZ12,SERTAD2,1
SUZ12,HIST1H2BL,1
SUZ12,HIST1H2AI,1
SUZ12,MYMX,1
SUZ12,TEAD3,1
SUZ12,ZFP768,1
SUZ12,PURA,1
SUZ12,MYD88,1
SUZ12,NR2C1,1
SUZ12,HDLBP,1
SUZ12,ATP6V0A1,1
SUZ12,TFEB,1
SUZ12,MME,1
SUZ12,PHC1,1
SUZ12,ANXA5,1
SUZ12,SLC6A8,1
SUZ12,TMEM150A,1
SUZ12,NCOA3,1
SUZ12,ODC1,1
SUZ12,SP8,1
SUZ12,HIST1H2BK,1
SUZ12,RASGRP2,1
SUZ12,TCEA3,1
SUZ12,MARC2,1
SUZ12,TRH,1
SUZ12,HIP1,1
SUZ12,MITF,1
SUZ12,MTF2,1
SUZ12,NFATC4,1
SUZ12,TAF10,1
SUZ12,ITGA6,1
SUZ12,TCF20,1
SUZ12,KLF9,1
SUZ12,ELL2,1
SUZ12,ZFP592,1
SUZ12,RFX2,1
SUZ12,ZBTB7A,1
SUZ12,JAM2,1
SUZ12,HIST1H2BN,1
SUZ12,HIST1H2AK,1
SUZ12,SOX2,1
SUZ12,RAI14,1
SUZ12,TRIP11,1
SUZ12,ERCC8,1
SUZ12,GSR,1
SUZ12,IKBKB,1
SUZ12,ASNS,1
SUZ12,TSHZ3,1
SUZ12,CREB3L2,1
SUZ12,CTSZ,1
SUZ12,GTF2H3,1
SUZ12,KRBA1,1
SUZ12,PARVB,1
SUZ12,ISYNA1,1
SUZ12,HDAC5,1
SUZ12,ZBTB39,1
SUZ12,STARD8,1
SUZ12,ZFP462,1
SUZ12,ILK,1
SUZ12,AATF,1
SUZ12,KLF3,1
SUZ12,TEAD1,1
SUZ12,TRIM25,1
SUZ12,MAPK8,1
SUZ12,CBX7,1
SUZ12,HDAC2,1
SUZ12,HMCES,1
SUZ12,NR0B1,1
SUZ12,MOV10,1
SUZ12,SMURF1,1
SUZ12,SIN3B,1
SUZ12,BRCA2,1
SUZ12,CMKLR1,1
SUZ12,RNF6,1
SUZ12,SMARCC2,1
SUZ12,EPHA2,1
SUZ12,GLIS2,1
SUZ12,TAF9,1
SUZ12,ZFYVE21,1
SUZ12,CDC42SE2,1
SUZ12,CBX8,1
SUZ12,ZBTB38,1
SUZ12,NR5A2,1
SUZ12,AMOTL2,1
SUZ12,SAP30,1
SUZ12,HIST1H3H,1
SUZ12,AIRE,1
SUZ12,NRF1,1
SUZ12,NFATC3,1
SUZ12,NFX1,1
SUZ12,CHD4,1
SUZ12,DIDO1,1
SUZ12,PELP1,1
SUZ12,PLOD2,1
SUZ12,CRABP2,1
SUZ12,LAMC1,1
SUZ12,GLIPR2,1
SUZ12,TINAGL1,1
SUZ12,BNIP3,1
SUZ12,DR1,1
SUZ12,ATP13A3,1
SUZ12,CRAMP1L,1
SUZ12,NUP210,1
SUZ12,HIST1H4K,1
SUZ12,HIST1H2BB,1
SUZ12,ABTB1,1
SUZ12,ITPK1,1
SUZ12,SERPINH1,1
SUZ12,HIST1H2BF,1
SUZ12,CTSA,1
SUZ12,ID2,1
SUZ12,CTCF,1
SUZ12,BEX1,1
SUZ12,UCHL1,1
SUZ12,TMF1,1
SUZ12,FLRT3,1
SUZ12,PEG3,1
SUZ12,MAML1,1
SUZ12,PARP1,1
SUZ12,MAZ,1
SUZ12,HTT,1
SUZ12,HIST1H2AF,1
SUZ12,FAM129B,1
SUZ12,SMURF2,1
SUZ12,DCXR,1
SUZ12,MED31,1
SUZ12,MKRN1,1
SUZ12,TULP3,1
SUZ12,RARA,1
SUZ12,ETV6,1
SUZ12,TRPS1,1
SUZ12,HMGXB4,1
SUZ12,ING1,1
SUZ12,EP400,1
SUZ12,TPD52,1
SUZ12,XBP1,1
SUZ12,VILL,1
SUZ12,KLF13,1
SUZ12,TDGF1,1
SUZ12,GJB3,1
SUZ12,PLAG1,1
SUZ12,PMS1,1
SUZ12,PLAGL2,1
SUZ12,RANBP17,1
SUZ12,HIST1H1D,1
SUZ12,CTBP2,1
SUZ12,SIRT1,1
SUZ12,KLF10,1
SUZ12,CTSL,1
SUZ12,ZSCAN10,1
SUZ12,TBPL1,1
SUZ12,RBL1,1
SUZ12,GABBR1,1
SUZ12,ZMYM2,1
SUZ12,HSP90AA1,1
SUZ12,CST3,1
SUZ12,KDELR2,1
SUZ12,TNK2,1
SUZ12,MEN1,1
SUZ12,HEXIM1,1
SUZ12,MYCN,1
SUZ12,POLR3F,1
SUZ12,CNOT7,1
SUZ12,XRCC6,1
SUZ12,TAGLN2,1
SUZ12,SKIL,1
SUZ12,TSG101,1
SUZ12,NCOR1,1
SUZ12,RRBP1,1
SUZ12,TET2,1
SUZ12,OPLAH,1
SUZ12,RBBP4,1
SUZ12,RNF2,1
SUZ12,UBQLN2,1
SUZ12,NSD1,1
SUZ12,ZFAND3,1
SUZ12,LEFTY2,1
SUZ12,HIF3A,1
SUZ12,PLTP,1
SUZ12,ZDHHC15,1
SUZ12,PDPN,1
SUZ12,NFE2L2,1
SUZ12,PIAS2,1
SUZ12,BRWD1,1
SUZ12,ELK4,1
SUZ12,TRP53BP1,1
SUZ12,NR4A1,1
SUZ12,SELENOW,1
SUZ12,TAF5,1
SUZ12,ARID5B,1
SUZ12,DEK,1
SUZ12,RBM14,1
SUZ12,TDH,1
SUZ12,LDHB,1
SUZ12,SMAD7,1
SUZ12,RNF14,1
SUZ12,DNAJC10,1
SUZ12,ELF4,1
SUZ12,SURF4,1
SUZ12,GNPDA1,1
SUZ12,TMEM144,1
SUZ12,GTF2A1L,1
SUZ12,ZFP36L1,1
SUZ12,UBP1,1
SUZ12,NFKBIA,1
SUZ12,SPP1,1
SUZ12,SND1,1
SUZ12,KDM5B,1
SUZ12,PDK1,1
SUZ12,HIST1H1B,1
SUZ12,TMED2,1
SUZ12,RCOR2,1
SUZ12,SLC7A3,1
SUZ12,SSR3,1
SUZ12,NUPR1,1
SUZ12,HDGF,1
SUZ12,TCL1,1
SUZ12,LEFTY1,1
SUZ12,DCP1A,1
SUZ12,EIF4A2,1
SUZ12,ZFP148,1
SUZ12,TRIM32,1
SUZ12,KLF6,1
SUZ12,EED,1
SUZ12,HSF2,1
SUZ12,UNG,1
SUZ12,MYH9,1
SUZ12,SPRY2,1
SUZ12,NFATC2IP,1
SUZ12,HNRNPD,1
SUZ12,ZIC3,1
SUZ12,CTBP1,1
SUZ12,DDB2,1
SUZ12,DNAJC2,1
SUZ12,STXBP2,1
SUZ12,POLR3D,1
SUZ12,HSPG2,1
SUZ12,BCAM,1
SUZ12,NANOG,1
SUZ12,KEAP1,1
SUZ12,HDAC11,1
SUZ12,PCBP2,1
SUZ12,TRIM24,1
SUZ12,MLLT1,1
SUZ12,TFE3,1
SUZ12,GJA1,1
SUZ12,RBPJ,1
SUZ12,MGST3,1
SUZ12,GABARAPL2,1
SUZ12,ZFP57,1
SUZ12,TFRC,1
SUZ12,EZH2,1
SUZ12,ASXL1,1
SUZ12,PREB,1
SUZ12,ATF4,1
SUZ12,TCF4,1
SUZ12,PDIA6,1
SUZ12,ARID1A,1
SUZ12,TET1,1
SUZ12,GLUL,1
SUZ12,YEATS2,1
SUZ12,NME2,1
SUZ12,SMARCA4,1
SUZ12,EP300,1
SUZ12,HSPA5,1
SUZ12,SMARCC1,1
SUZ12,ETV5,1
SUZ12,CNOT6,1
SUZ12,SMARCAD1,1
SUZ12,PFKP,1
SUZ12,RUVBL2,1
SUZ12,EHMT2,1
SUZ12,P4HB,1
SUZ12,CSRP2,1
SUZ12,TCEA1,1
SUZ12,HSP90B1,1
SUZ12,HNRNPK,1
SUZ12,ORC2,1
SUZ12,RERE,1
SUZ12,FXR1,1
SUZ12,HNRNPAB,1
SUZ12,POLR2J,1
SUZ12,RELA,1
SUZ12,RHOX6,1
SUZ12,GTF3C5,1
SUZ12,PSIP1,1
SUZ12,NEDD4,1
SUZ12,HMGXB3,1
SUZ12,TGIF1,1
SUZ12,FUBP3,1
SUZ12,RAB11A,1
SUZ12,MSH6,1
SUZ12,BRD7,1
SUZ12,TMSB4X,1
SUZ12,RFX5,1
SUZ12,ATF6,1
SUZ12,SRSF6,1
SUZ12,GSTA4,1
SUZ12,BTG1,1
SUZ12,SNAPC3,1
SUZ12,YBX1,1
SUZ12,SNURF,1
SUZ12,DDX5,1
SUZ12,LDB1,1
SUZ12,CNOT2,1
SUZ12,HMGB2,1
SUZ12,STAT4,1
SUZ12,MED12,1
SUZ12,NACC1,1
SUZ12,TRIM13,1
SUZ12,RFX7,1
SUZ12,ERF,1
SUZ12,IFI30,1
SUZ12,HDAC4,1
SUZ12,GTF3C1,1
SUZ12,ZFP281,1
SUZ12,JARID2,1
SUZ12,TRIB3,1
SUZ12,CALCOCO2,1
SUZ12,ABT1,1
SUZ12,E2F4,1
SUZ12,ZDHHC16,1
SUZ12,NR1D1,1
SUZ12,XRCC5,1
SUZ12,POLR2H,1
SUZ12,CNOT3,1
SUZ12,AMPD2,1
SUZ12,FOXH1,1
SUZ12,ESPL1,1
SUZ12,INSIG1,1
TBX3,TFRC,1
TBX3,SMARCA5,1
TBX3,SFI1,1
TBX3,HIST1H4K,1
TBX3,SRSF1,1
TBX3,ARHGAP29,1
TBX3,TAF9,1
TBX3,HDLBP,1
TBX3,MLLT1,1
TBX3,AATF,1
TBX3,MPHOSPH8,1
TBX3,TPD52,1
TBX3,ERP29,1
TBX3,UPP1,1
TBX3,ANXA5,1
TBX3,FXR2,1
TBX3,HIST1H2BF,1
TBX3,P4HA1,1
TBX3,BARD1,1
TBX3,HIST1H2BL,1
TBX3,HIST1H2AI,1
TBX3,CTH,1
TBX3,HSF2,1
TBX3,ZBTB38,1
TBX3,RNF14,1
TBX3,RFXAP,1
TBX3,SHROOM3,1
TBX3,GNPDA1,1
TBX3,SIN3B,1
TBX3,MED31,1
TBX3,POU2F1,1
TBX3,NRF1,1
TBX3,HES6,1
TBX3,TFE3,1
TBX3,POLR3F,1
TBX3,NFYA,1
TBX3,MCM2,1
TBX3,SMURF2,1
TBX3,NCOR1,1
TBX3,MATR3,1
TBX3,NAA15,1
TBX3,ABHD5,1
TBX3,HIST1H2BK,1
TBX3,GTF2H3,1
TBX3,PLAG1,1
TBX3,HIST1H2AC,1
TBX3,ZFP446,1
TBX3,TAF10,1
TBX3,HIST1H2BB,1
TBX3,POLR2B,1
TBX3,PELP1,1
TBX3,PURA,1
TBX3,KHDRBS1,1
TBX3,PHF1,1
TBX3,EZH1,1
TBX3,ING3,1
TBX3,HIST1H3H,1
TBX3,AIP,1
TBX3,MEIS1,1
TBX3,SLC16A1,1
TBX3,HIST1H2AF,1
TBX3,RIF1,1
TBX3,CBX7,1
TBX3,SERTAD2,1
TBX3,LAMC1,1
TBX3,ATF7,1
TBX3,MARC2,1
TBX3,ASXL1,1
TBX3,CDC5L,1
TBX3,SAP30,1
TBX3,NFX1,1
TBX3,NCOA3,1
TBX3,CAR2,1
TBX3,SMARCC1,1
TBX3,RBBP4,1
TBX3,KAT6B,1
TBX3,RBPJ,1
TBX3,MCM6,1
TBX3,ATM,1
TBX3,NFIB,1
TBX3,TRIM24,1
TBX3,TCEA1,1
TBX3,SUZ12,1
TBX3,TRIM28,1
TBX3,P4HA2,1
TBX3,FDPS,1
TBX3,EED,1
TBX3,ZHX3,1
TBX3,SMAD2,1
TBX3,HIST1H2BN,1
TBX3,HIST1H2AK,1
TBX3,ME1,1
TBX3,TRP53BP1,1
TBX3,TMEM150A,1
TBX3,RBL1,1
TBX3,CNOT6,1
TBX3,RAD54B,1
TBX3,NEDD4,1
TBX3,ZEB1,1
TBX3,PHF12,1
TBX3,PHC1,1
TBX3,HSPA5,1
TBX3,MT1,1
TBX3,SNAPC3,1
TBX3,NR3C1,1
TBX3,SPP1,1
TBX3,DNMT1,1
TBX3,ETV3,1
TBX3,DDX5,1
TBX3,YEATS4,1
TBX3,ECT2,1
TBX3,D230025D16RIK,1
TBX3,MLXIPL,1
TBX3,WWTR1,1
TBX3,TMSB4X,1
TBX3,HSP90B1,1
TBX3,CDKN1A,1
TBX3,ATF3,1
TBX3,CCN2,1
TBX3,KLF9,1
TBX3,ADAM19,1
TBX3,BCLAF1,1
TBX3,ODC1,1
TBX3,LGMN,1
TBX3,TAF6L,1
TBX3,TSG101,1
TBX3,ZBTB10,1
TBX3,CALU,1
TBX3,ASNS,1
TBX3,APEX1,1
TBX3,MKRN1,1
TBX3,RELA,1
TBX3,PIAS2,1
TBX3,NR1D1,1
TBX3,HDGF,1
TBX3,AMOTL2,1
TBX3,MORF4L2,1
TBX3,ITGA6,1
TBX3,ZFP219,1
TBX3,DCP1A,1
TBX3,ELF1,1
TBX3,ELF2,1
TBX3,POLR2J,1
TBX3,PATJ,1
TBX3,MAFK,1
TBX3,RBMXL2,1
TBX3,ZFP277,1
TBX3,BRPF1,1
TBX3,SURF4,1
TBX3,FOXJ3,1
TBX3,EOMES,1
TBX3,MCM4,1
TBX3,CENPB,1
TBX3,BRCA2,1
TBX3,COTL1,1
TBX3,ATP6V0A1,1
TBX3,BTAF1,1
TBX3,HNRNPD,1
TBX3,THRAP3,1
TBX3,HDAC4,1
TBX3,KDM3A,1
TBX3,PHF20,1
TBX3,STXBP2,1
TBX3,YEATS2,1
TBX3,VEZF1,1
TBX3,SKIL,1
TBX3,POU5F1,1
TBX3,ZFP979,1
TBX3,CNOT8,1
TBX3,TXNDC12,1
TBX3,SPRY4,1
TBX3,ILF3,1
TBX3,CST3,1
TBX3,POLR1E,1
TBX3,ANKRD6,1
TBX3,NR2C1,1
TBX3,ZFP398,1
TBX3,HSP90AA1,1
TBX3,KRBA1,1
TBX3,FUBP3,1
TBX3,FST,1
TBX3,ANKS1,1
TBX3,TWIST1,1
TBX3,SMARCA4,1
TBX3,PLTP,1
TBX3,EPHA2,1
TBX3,ZFHX3,1
TBX3,PAX6,1
TBX3,HMGXB4,1
TBX3,XRCC6,1
TBX3,TOPORS,1
TBX3,ELK1,1
TBX3,POU4F2,1
TBX3,FABP3,1
TBX3,SOX2,1
TBX3,TNS4,1
TBX3,2410141K09RIK,1
TBX3,BRCA1,1
TBX3,POU6F1,1
TBX3,NANOG,1
TBX3,FOXH1,1
TBX3,ING1,1
TBX3,JUND,1
TBX3,SSR3,1
TBX3,ILK,1
TBX3,DMRT1,1
TBX3,PRSS35,1
TBX3,IRF1,1
TBX3,L1TD1,1
TBX3,TRIM25,1
TBX3,OTX2,1
TCF12,HIST1H1D,1
TCF12,HES6,1
TCF12,CD63,1
TCF12,ZFHX3,1
TCF12,TAF5,1
TCF12,RIF1,1
TCF12,H1F0,1
TCF12,SPP1,1
TCF12,IRF3,1
TCF12,FABP3,1
TCF12,MYMX,1
TCF12,SEMA4C,1
TCF12,MTF2,1
TCF12,SFI1,1
TCF12,CBX8,1
TCF12,SATB2,1
TCF12,GTF2H3,1
TCF12,HIVEP2,1
TCF12,TXNIP,1
TCF12,TET1,1
TCF12,MSH6,1
TCF12,TPD52,1
TCF12,KDM5B,1
TCF12,CCNG1,1
TCF12,MEF2A,1
TCF12,AMOTL2,1
TCF12,ERF,1
TCF12,DDB1,1
TCF12,PHC1,1
TCF12,FRMD4A,1
TCF12,EBF1,1
TCF12,OTX2,1
TCF12,HMGXB4,1
TCF12,TFRC,1
TCF12,RAD51,1
TCF12,DCP1A,1
TCF12,STXBP2,1
TCF12,RCOR2,1
TCF12,CREB5,1
TCF12,BCAM,1
TCF12,HDAC11,1
TCF12,CCNB1,1
TCF12,ECD,1
TCF12,IFITM1,1
TCF12,NANOG,1
TCF12,ZEB1,1
TCF12,HIF1A,1
TCF12,BIN1,1
TCF12,UPP1,1
TCF12,SPRY4,1
TCF12,MKRN1,1
TCF12,LEFTY1,1
TCF12,ADAM19,1
TCF12,TRP53BP1,1
TCF12,HSPH1,1
TCF12,PLAG1,1
TCF12,RBPJ,1
TCF12,CHST15,1
TCF12,MED4,1
TCF12,TAF6L,1
TCF12,IRF2,1
TCF12,POU2F1,1
TCF12,CTH,1
TCF12,RBBP7,1
TCF12,RBM14,1
TCF12,SOX2,1
TCF12,CCN2,1
TCF12,JMJD1C,1
TCF12,ARHGAP29,1
TCF12,ANKRD6,1
TCF12,P4HA1,1
TCF12,FUBP3,1
TCF12,PRDM1,1
TCF12,POLR1E,1
TCF12,PHF12,1
TCF12,MSC,1
TCF12,HIF3A,1
TCF12,PHLDA3,1
TCF12,DIDO1,1
TCF12,PDK1,1
TCF12,HNRNPK,1
TCF12,LRP2,1
TCF12,MAPK13,1
TCF12,TFAP4,1
TCF12,SLC5A11,1
TCF12,NFX1,1
TCF12,CTNNB1,1
TCF12,TBX3,1
TCF12,ILK,1
TCF12,PCOLCE,1
TCF12,ZFP398,1
TCF12,CDC42SE2,1
TCF12,D230025D16RIK,1
TCF12,CITED2,1
TCF12,BRCA2,1
TCF12,INTS12,1
TCF12,TCEA1,1
TCF12,GLS,1
TCF12,FOXJ3,1
TCF12,NCOR1,1
TCF12,LOXL2,1
TCF12,CST3,1
TCF12,BRWD1,1
TCF12,ELAVL2,1
TCF12,EOMES,1
TCF12,TFEB,1
TCF12,TCERG1,1
TCF12,KPNA2,1
TCF12,SRSF1,1
TCF12,MYBBP1A,1
TCF12,CALD1,1
TCF12,FOXH1,1
TCF12,PITX1,1
TCF12,CRABP2,1
TCF12,TAF9,1
TCF12,NOTCH2,1
TCF12,COL4A2,1
TCF12,COL4A1,1
TCF12,RNF14,1
TCF12,IRF1,1
TCF12,DKK1,1
TCF12,APOBEC3,1
TCF12,SHROOM3,1
TCF12,EDA2R,1
TCF12,NR1D2,1
TCF12,PITX2,1
TCF12,CTCF,1
TCF12,PELP1,1
TCF12,DDX54,1
TCF12,AIP,1
TCF12,PA2G4,1
TCF12,LAMC1,1
TCF12,SKIL,1
TCF12,ASNS,1
TCF12,NACC1,1
TCF12,NAA15,1
TCF12,ILF3,1
TCF12,GATA6,1
TCF12,LAMA5,1
TCF12,MLLT1,1
TCF12,MCM6,1
TCF12,DNMT1,1
TCF12,KDM3A,1
TCF12,POU5F1,1
TCF12,MED21,1
TCF12,TRIM28,1
TCF12,APBB1,1
TCF12,TCF4,1
TCF12,TSPAN9,1
TCF12,PKNOX2,1
TCF12,MCM5,1
TCF12,JUND,1
TCF12,GLDC,1
TCF12,HDAC2,1
TCF12,CLDN6,1
TCF12,ZFP276,1
TCF12,POLR1B,1
TCF12,HTT,1
TCF12,SELENOW,1
TCF12,TDH,1
TCF12,SREBF1,1
TCF12,ZFP148,1
TCF12,APOE,1
TCF12,GNPDA1,1
TCF12,TUBB2B,1
TCF12,AU018091,1
TCF12,KANK2,1
TCF12,ODC1,1
TCF12,ETV1,1
TCF12,NFE2L2,1
TCF12,LRPAP1,1
TCF12,MME,1
TCF12,CTSA,1
TCF12,FLRT3,1
TCF12,MYLPF,1
TCF12,AIRE,1
TCF12,CDKN1A,1
TCF12,HIST1H4K,1
TCF12,HDGF,1
TCF12,SIRT3,1
TCF12,XRCC6,1
TCF12,NFYB,1
TCF12,TOPORS,1
TCF12,TGIF1,1
TCF12,FUS,1
TCF12,EED,1
TCF12,ZFAND3,1
TCF12,ATF4,1
TCF12,VEZF1,1
TCF12,LY6G6E,1
TCF12,DDX5,1
TCF12,EYA1,1
TCF12,SRSF3,1
TCF12,CBX4,1
TCF12,PMS1,1
TCF12,OBSL1,1
TCF12,LHX2,1
TCF12,DR1,1
TCF12,KLF10,1
TCF12,KHDRBS1,1
TCF12,RNF6,1
TCF12,MCM4,1
TCF12,SMAD7,1
TCF12,COMMD3,1
TCF12,ETV6,1
TCF12,MBD2,1
TCF12,TRIB3,1
TCF12,SUB1,1
TCF12,SERPINH1,1
TCF12,POLR2J,1
TCF12,ZEB2,1
TCF12,MPHOSPH8,1
TCF12,KLF3,1
TCF12,SNAPC3,1
TCF12,RARA,1
TCF12,SFPQ,1
TCF12,EWSR1,1
TCF12,ASXL1,1
TCF12,SMURF1,1
TCF12,CALCOCO1,1
TCF12,BCAT1,1
TCF12,GLUL,1
TCF12,ANXA5,1
TCF12,GLIPR2,1
TCF12,EIF4A2,1
TCF12,SURF4,1
TCF12,SOX15,1
TCF12,GATA4,1
TCF12,TOX4,1
TCF12,SIRT1,1
TCF12,NDRG1,1
TCF12,L1TD1,1
TCF12,NR4A1,1
TCF12,FOXA2,1
TCF12,ID3,1
TCF12,SPRY2,1
TCF12,HIST1H1B,1
TCF12,SOAT1,1
TCF12,TMF1,1
TCF12,PARVB,1
TCF12,TBL1X,1
TCF12,FXR2,1
TCF12,RRBP1,1
TCF12,HDLBP,1
TCF12,NFE2L1,1
TCF12,ABTB1,1
TCF12,ATP6V0A1,1
TCF12,PDPN,1
TCF12,WWTR1,1
TCF12,HSPG2,1
TCF12,SMURF2,1
TCF12,LDB1,1
TCF12,SNURF,1
TCF12,ZYX,1
TCF12,UCHL1,1
TCF12,ARID1A,1
TCF12,SIN3B,1
TCF12,KRBA1,1
TCF12,COPS2,1
TCF12,ANXA2,1
TCF12,MEIS1,1
TCF12,MATR3,1
TCF12,FBLIM1,1
TCF12,VSIR,1
TCF12,CTNNBIP1,1
TCF12,EP400,1
TCF12,BRPF1,1
TCF12,RBBP4,1
TCF12,TCEA3,1
TCF12,FOXP1,1
TCF12,ARNTL,1
TCF12,PHF1,1
TCF12,GTF3C5,1
TCF12,CNOT8,1
TCF12,PGA5,1
TCF12,PCBP2,1
TCF12,MYO6,1
TCF12,PREB,1
TCF12,MGST3,1
TCF12,FDPS,1
TCF12,HS3ST1,1
TCF12,FGFR3,1
TCF12,PIAS1,1
TCF12,SMARCC1,1
TCF12,ELF3,1
TCF12,SSB,1
TCF12,MAPK8,1
TCF12,TRIP11,1
TCF12,PATJ,1
TCF12,ELP2,1
TCF12,HEY2,1
TCF12,POLR3D,1
TCF12,CALR,1
TCF12,PRDM14,1
TCF12,ECT2,1
TCF12,NRF1,1
TCF12,RBL1,1
TCF12,E2F1,1
TCF12,BEX1,1
TCF12,MAFK,1
TCF12,TUBB6,1
TCF12,NR5A2,1
TCF12,PBXIP1,1
TCF12,IRF6,1
TCF12,HOXD13,1
TCF12,CEBPZ,1
TCF12,POLR2A,1
TCF12,LTBP4,1
TCF12,CNOT2,1
TCF12,SMARCA5,1
TCF12,CTBP2,1
TCF12,MAPK3,1
TCF12,POLR2B,1
TCF12,CNOT6,1
TCF12,BTAF1,1
TCF12,ZBTB38,1
TCF12,DMRT1,1
TCF12,HIST1H2AC,1
TCF12,ATP13A3,1
TCF12,ATF6,1
TCF12,ATF7,1
TCF12,GSTA4,1
TCF12,RASGRP2,1
TCF12,KIT,1
TCF12,TAF10,1
TCF12,ANKS1,1
TCF12,PHF14,1
TCF12,PDCD11,1
TCF12,RARG,1
TCF12,LMF2,1
TCF12,PSIP1,1
TCF12,MLXIP,1
TCF12,DNMT3A,1
TCF12,SGK1,1
TCF12,MAML3,1
TCF12,ZSCAN10,1
TCF12,TADA3,1
TCF12,NRG1,1
TCF12,NFATC1,1
TCF12,TUBA4A,1
TCF12,SRRT,1
TCF12,ETS1,1
TCF12,NR2F6,1
TCF12,BEND5,1
TCF12,THRAP3,1
TCF12,MED12,1
TCF12,RBPMS2,1
TCF12,GABPA,1
TCF12,KLF6,1
TCF12,POLR3B,1
TCF12,MCM7,1
TCF12,NUPR1,1
TCF12,MT2,1
TCF12,BNIP3,1
TCF12,TDGF1,1
TCF12,IFI30,1
TCF12,ING3,1
TCF12,MEF2C,1
TCF12,ELL2,1
TCF12,TEAD1,1
TCF12,PURA,1
TCF12,TRRAP,1
TCF12,SAP30,1
TCF12,FXR1,1
TCF12,YBX1,1
TCF12,SNAI1,1
TCF12,ATF2,1
TCF12,HSP90B1,1
TCF12,CSRP2,1
TCF12,NOTCH1,1
TCF12,BTG2,1
TCF12,CALU,1
TCF12,TBPL1,1
TCF12,ELF1,1
TCF12,RUVBL2,1
TCF12,OPLAH,1
TCF12,APEX1,1
TCF12,RNF2,1
TCF12,USF1,1
TCF12,TRIM25,1
TCF12,SLC7A3,1
TCF12,HMGA1,1
TCF12,RFXAP,1
TCF12,PHF20,1
TCF12,ESPL1,1
TCF12,SLC6A6,1
TCF12,SLC25A4,1
TCF12,VIM,1
TCF12,RFX7,1
TCF12,NOTCH4,1
TCF12,PDGFRA,1
TCF12,VILL,1
TCF12,LGMN,1
TCF12,HDAC5,1
TCF12,MARC2,1
TCF12,P3H4,1
TCF12,RBMXL2,1
TCF12,SMARCA2,1
TCF12,ABT1,1
TCF12,HMGA1B,1
TCF12,TRP53,1
TCF12,PMM1,1
TCF12,HDAC1,1
TCF12,FAM129B,1
TCF12,GZF1,1
TCF12,DDB2,1
TCF12,NUP210,1
TCF12,MEN1,1
TCF12,EZH1,1
TCF12,ZDHHC16,1
TCF12,COIL,1
TCF12,MOV10,1
TCF12,LDHB,1
TCF12,PROX1,1
TCF12,MAZ,1
TCF12,HSBP1,1
TCF12,TSG101,1
TCF12,TMED2,1
TCF12,ERP29,1
TCF12,NEDD4,1
TCF12,GTF2I,1
TCF12,ELL3,1
TCF12,ZHX3,1
TCF12,TRIM13,1
TCF12,TFE3,1
TCF12,HMGXB3,1
TCF12,PHLDB2,1
TCF12,KDELR2,1
TCF12,PHB2,1
TCF12,TNS4,1
TCF12,POLR2I,1
TCF12,IGFBP2,1
TCF12,ATF3,1
TCF12,EFEMP2,1
TCF12,HSPA5,1
TCF12,DNAJC10,1
TCF12,SMARCA4,1
TCF12,EP300,1
TCF12,ZFP219,1
TCF12,DDAH2,1
TCF12,ARL6IP5,1
TCF12,TXNDC5,1
TCF12,E2F2,1
TCF12,SLC16A1,1
TCF12,ATM,1
TCF12,TXNDC12,1
TCF12,ATF5,1
TCF12,NFIB,1
TCF12,ZFP446,1
TCF12,SDC4,1
TCF12,HIST1H2BL,1
TCF12,HIST1H2AI,1
TCF12,SERTAD2,1
TCF12,SALL4,1
TCF12,RNF19A,1
TCF12,DAZAP2,1
TCF12,E2F6,1
TCF12,TFCP2L1,1
TCF12,SUZ12,1
TCF12,BTF3,1
TCF12,RAB11A,1
TCF12,NDN,1
TCF12,CTSL,1
TCF12,IMPDH1,1
TCF12,AMPD2,1
TCF12,SOCS2,1
TCF12,PAWR,1
TCF12,MLXIPL,1
TCF12,RAD54B,1
TCF12,CBX7,1
TCF12,LAMB1,1
TCF12,BARD1,1
TCF12,SP1,1
TCF12,MYBL2,1
TCF12,MDM2,1
TCF12,KNTC1,1
TCF12,ASS1,1
TCF12,TAX1BP3,1
TCF12,PTPN14,1
TCF12,CNOT7,1
TCF12,XRCC5,1
TCF12,MCM2,1
TCF12,MT1,1
TCF12,NR1D1,1
TCF12,ATF1,1
TCF12,ZFP42,1
TCF12,RBFOX2,1
TCF12,LAMB2,1
TCF12,ISYNA1,1
TCF12,TRIM32,1
TCF12,CRIP2,1
TCF12,CDC20,1
TCF12,LAMA1,1
TCF12,ILF2,1
TCF12,GABARAPL2,1
TCF12,ERCC8,1
TCF12,MITF,1
TCF12,CDC5L,1
TCF12,HMCES,1
TCF12,APP,1
TCF12,TOP2B,1
TCF12,ING1,1
TCF12,EBF4,1
TCF12,AATF,1
TCF12,DNAJC2,1
TCF12,2410141K09RIK,1
TCF12,SMARCAD1,1
TCF12,RERE,1
TCF12,PARP1,1
TCF12,FRRS1,1
TCF12,LMO4,1
TCF12,TAF1A,1
TCF12,HMGA2,1
TCF12,TINAGL1,1
TCF12,MKX,1
TCF12,NRIP1,1
TCF12,RB1,1
TCF12,XBP1,1
TCF12,TULP3,1
TCF12,HIST1H2BN,1
TCF12,HIST1H2AK,1
TCF12,TEAD4,1
TCF12,NME2,1
TCF12,BCLAF1,1
TCF12,GATA3,1
TCF12,POLR2K,1
TCF12,INSIG1,1
TCF12,FXYD6,1
TCF12,JUN,1
TCF12,HIST1H2BF,1
TCF12,STAT4,1
TCF12,KLF13,1
TCF12,SEPT1,1
TCF12,GJB3,1
TCF12,DDX20,1
TCF12,GTF3C1,1
TCF12,ZDHHC15,1
TCF12,YEATS4,1
TCF12,TTF2,1
TCF12,EPHA2,1
TCF12,SND1,1
TCF12,ORC2,1
TCF12,IKBKB,1
TCF12,GJA1,1
TCF12,ZFP335,1
TCF12,ZBTB43,1
TCF12,NFATC2IP,1
TCF12,EMX2,1
TCF12,B2M,1
TCF12,TMEM144,1
TCF12,CTSD,1
TCF12,ZBTB24,1
TCF12,SIX5,1
TCF12,EZH2,1
TCF12,PAX6,1
TCF12,GRIN1,1
TCF12,UBQLN2,1
TCF12,P3H1,1
TCF12,ITGA6,1
TCF12,BMPER,1
TCF12,WBP11,1
TCF12,GLI1,1
TCF12,CHD7,1
TCF12,PLTP,1
TCF12,NFXL1,1
TCF12,KEAP1,1
TCF12,BMP6,1
TCF12,HIST1H2BK,1
TCF12,COL27A1,1
TCF12,MIS18BP1,1
TCF12,ID4,1
TCF12,MCM3,1
TCF12,MEIS3,1
TCF12,KLF15,1
TCF12,FOXQ1,1
TCF12,FOSL2,1
TCF12,P4HB,1
TCF12,JAM2,1
TCF12,RUNX1,1
TCF12,PDIA6,1
TCF12,MYH9,1
TCF12,ELF2,1
TCF12,HNRNPD,1
TCF12,RFX2,1
TCF12,TOX3,1
TCF12,SMAD3,1
TCF12,CKAP4,1
TCF12,XAB2,1
TCF12,ZFP277,1
TCF12,CENPB,1
TCF12,TRIM24,1
TCF12,MYC,1
TCF12,HMGB2,1
TCF12,BTG1,1
TCF12,BRD7,1
TCF12,ETV5,1
TCF12,UHRF1,1
TCF12,IFITM2,1
TCF12,SMARCB1,1
TCF12,SPARC,1
TCF12,BTBD11,1
TCF12,POLR2E,1
TCF12,UBTF,1
TCF12,ANKRD49,1
TCF12,ZBTB10,1
TCF12,TNFAIP3,1
TCF12,CTBP1,1
TCF12,PTH1R,1
TCF12,FGF10,1
TCF12,LAPTM5,1
TCF12,NR2F2,1
TCF12,NR0B1,1
TCF12,MTA3,1
TCF12,HIP1,1
TCF12,BAZ1A,1
TCF12,NR2C1,1
TCF12,GSR,1
TCF12,SRI,1
TCF12,RANBP17,1
TCF12,DKC1,1
TCF12,NFIL3,1
TCF12,TCOF1,1
TCF12,AKT1,1
TCF12,HNF1B,1
TCF12,OVOL1,1
TCF12,TBX18,1
TCF12,MYD88,1
TCF12,ZFP281,1
TCF12,SRF,1
TCF12,SMARCC2,1
TCF12,GLI2,1
TCF12,HNRNPAB,1
TCF12,SATB1,1
TCF12,PLOD2,1
TCF12,ERCC3,1
TCF12,TCF7L2,1
TCF12,DAXX,1
TCF12,POLR1A,1
TCF12,NFYA,1
TCF12,TMEM150A,1
TCF12,ELF4,1
TCF12,CUX1,1
TCF12,ASH2L,1
TCF12,PLAGL2,1
TCF12,NCOA3,1
TCF12,SSR3,1
TCF12,CTNNBL1,1
TCF12,PLAT,1
TCF12,MAN1A2,1
TCF12,RRM2,1
TCF12,NFKB2,1
TCF12,TCF7,1
TCF12,PAPOLA,1
TCF12,CIC,1
TCF12,MAML1,1
TCF12,TLE1,1
TCF12,SRM,1
TCF12,PRDM5,1
TCF12,ELK4,1
TCF12,ULK1,1
TCF12,RAPGEF3,1
TCF12,CLCN5,1
TCF12,TAF6,1
TCF12,MANF,1
TCF12,RLIM,1
TCF12,TCL1,1
TCF12,RAB3IL1,1
TCF12,ZSWIM4,1
TCF12,PLOD3,1
TCF12,PLOD1,1
TCF12,ANKRD54,1
TCF12,ETV3,1
TCF12,UBP1,1
TCF12,POU4F1,1
TCF12,NONO,1
TCF12,DAB2,1
TCF12,TIMP2,1
TCF12,ZFP768,1
TCF12,SMARCD1,1
TCF12,KAT6B,1
TCF12,ZFP592,1
TCF12,HDAC7,1
TCF12,GABBR1,1
TCF12,SLC7A6,1
TCF12,POLR3F,1
TCF12,F3,1
TCF12,VEGFA,1
TCF12,ZFP57,1
TCF12,TOP2A,1
TCF12,HIST1H2AF,1
TCF12,DPPA2,1
TCF12,FAM234A,1
TCF12,SLC25A5,1
TCF12,CEMIP,1
TCF12,DDIT3,1
TCF12,CTSZ,1
TCF12,CNOT6L,1
TCF12,E2F4,1
TCF12,SALL1,1
TCF12,ZFP91,1
TCF12,ZFP423,1
TCF12,WDR45,1
TCF12,UTF1,1
TCF12,POLR1C,1
TCF12,EDEM1,1
TCF12,BCL3,1
TCF12,STAT5A,1
TCF12,CREB3,1
TCF12,SRSF6,1
TCF12,CHD4,1
TCF12,MXD4,1
TCF12,GDPD5,1
TCF12,KLF2,1
TCF12,SPOCK1,1
TCF12,MED31,1
TCF12,GLIS2,1
TCF12,SIRT2,1
TCF12,P4HA2,1
TCF12,SOX17,1
TCF12,PFKP,1
TCF12,PRSS35,1
TCF12,PIAS2,1
TCF12,CSF1,1
TCF12,HSF2,1
TCF12,LDLRAP1,1
TCF12,CBX6,1
TCF12,TRIP6,1
TCF12,NID1,1
TCF12,JDP2,1
TCF12,BRCA1,1
TCF12,TRPS1,1
TCF12,RYBP,1
TCF12,ESRRA,1
TCF12,STARD10,1
TCF12,IGF2,1
TCF12,KRT8,1
TCF12,GRHL1,1
TCF12,CRAMP1L,1
TCF12,TFAP2C,1
TCF12,CMKLR1,1
TCF12,FGF3,1
TCF12,UBE2C,1
TCF12,JARID2,1
TCF12,PCBD1,1
TCF12,CITED1,1
TCF12,HSP90AA1,1
TCF12,MED15,1
TCF12,DUSP9,1
TCF12,IL33,1
TCF12,MORF4L2,1
TCF12,BASP1,1
TCF12,KLF8,1
TCF12,HDAC4,1
TCF12,NKRF,1
TCF12,KLF9,1
TCF12,ZMYND11,1
TCF12,PBX4,1
TCF12,DEK,1
TCF12,KHDC3,1
TCF12,HIST1H3H,1
TCF12,TIMELESS,1
TCF12,2200002D01RIK,1
TCF12,TMSB4X,1
TCF12,ZFP236,1
TCF12,TWIST1,1
TCF12,MEF2D,1
TCF12,SOX4,1
TCF12,ZFYVE21,1
TCF12,SLCO3A1,1
TCF12,FOXO3,1
TCF12,CHCHD10,1
TCF12,YEATS2,1
TCF12,ABHD5,1
TCF12,HIST1H2BB,1
TCF12,ETV4,1
TCF12,EPAS1,1
TCF12,ME1,1
TCF12,LRRK1,1
TCF12,GNAS,1
TCF12,ARHGEF40,1
TCF12,NR3C1,1
TCF12,PRRX2,1
TCF12,CCND1,1
TCF12,NFKBIA,1
TCF12,FOXJ2,1
TCF12,POU6F1,1
TCF12,STARD8,1
TCF12,CNOT3,1
TCF12,RUVBL1,1
TCF12,CREB3L2,1
TCF12,SP8,1
TCF12,SOS2,1
TCF12,TSHZ3,1
TCF12,NPAS2,1
TCF12,GTF2H4,1
TCF12,BARX1,1
TCF12,REST,1
TCF12,SRGN,1
TCF12,FN1,1
TCF12,ZIC3,1
TCF12,BMI1,1
TCF12,AKR1B8,1
TCF12,AGAP3,1
TCF12,POU4F2,1
TCF12,IRF4,1
TCF12,RAI14,1
TCF12,CAR2,1
TCF12,TGFB1I1,1
TCF12,TRH,1
TCF12,SIX1,1
TCF12,TNK2,1
TCF12,RNF157,1
TCF12,FHL2,1
TCF12,HKDC1,1
TCF12,FST,1
TCF12,CRY1,1
TCF12,TYRO3,1
TCF12,KLF4,1
TCF12,HOPX,1
TCF12,ALG13,1
TCF12,THBD,1
TCF12,CALCOCO2,1
TCF12,SERPINE2,1
TCF12,CKB,1
TCF12,ZFP296,1
TCF12,HTRA1,1
TCF12,PHF2,1
TCF12,ZFP979,1
TCF12,UNG,1
TCF12,L3MBTL2,1
TCF12,TIMP3,1
TCF12,HSPB1,1
TCF12,HCFC1,1
TCF12,TEAD3,1
TCF12,KAT2B,1
TCF12,PER1,1
TCF12,TPM4,1
TCF12,CUX2,1
TCF12,MAPK11,1
TCF12,GRB10,1
TCF12,SAT1,1
TCF12,FGF4,1
TCF12,ID2,1
TCF12,DPP4,1
TCF12,FOXD3,1
TCF12,GBX2,1
TCF12,HSF2BP,1
TCF12,ADAM23,1
TCF12,SLC6A8,1
TCF12,NFIC,1
TCF12,GAS6,1
TCF12,MYO7A,1
TCF12,ELK1,1
TCF12,HIST1H1A,1
TCF12,GPX3,1
TCF12,STAT5B,1
TCF12,ARID5B,1
TCF12,BMP4,1
TET1,SFI1,1
TET1,ZFHX3,1
TET1,ETV6,1
TET1,SMARCA5,1
TET1,KPNA2,1
TET1,BRPF1,1
TET1,CNOT6,1
TET1,HSP90AA1,1
TET1,MKRN1,1
TET1,RANBP17,1
TET1,PMM1,1
TET1,NCOR1,1
TET1,SLC16A1,1
TET1,RBMXL2,1
TET1,ZFP398,1
TET1,FXR2,1
TET1,LDB1,1
TET1,MME,1
TET1,RNF14,1
TET1,GABARAPL2,1
TET1,TFRC,1
TET1,PURA,1
TET1,MATR3,1
TET1,HIST1H2AC,1
TET1,LRP2,1
TET1,MYBL2,1
TET1,EWSR1,1
TET1,BRWD1,1
TET1,CNOT3,1
TET1,SUZ12,1
TET1,MSH6,1
TET1,HSPH1,1
TET1,KDM5B,1
TET1,PHC1,1
TET1,INSIG1,1
TET1,ESPL1,1
TET1,KHDRBS1,1
TET1,ZFAND3,1
TET1,ZFP57,1
TET1,HDLBP,1
TET1,USF1,1
TET1,ATF4,1
TET1,WBP11,1
TET1,ELF2,1
TET1,KLF10,1
TET1,ZFP281,1
TET1,CNOT8,1
TET1,TRP53BP1,1
TET1,FUS,1
TET1,RNF2,1
TET1,PARP1,1
TET1,DDX5,1
TET1,SALL4,1
TET1,APBB1,1
TET1,SRSF6,1
TET1,DIDO1,1
TET1,NFATC2IP,1
TET1,HDGF,1
TET1,TMF1,1
TET1,SUB1,1
TET1,BRCA2,1
TET1,EP300,1
TET1,TAF5,1
TET1,SMARCC1,1
TET1,SAP30,1
TET1,MAML1,1
TET1,FUBP3,1
TET1,MAPK8,1
TET1,HNRNPK,1
TET1,HNRNPAB,1
TET1,PMS1,1
TET1,RAB11A,1
TET1,RBM14,1
TET1,AATF,1
TET1,FOXJ3,1
TET1,BIN1,1
TET1,PHLDA3,1
TET1,HIVEP2,1
TET1,RIF1,1
TET1,SERTAD2,1
TET1,RBBP4,1
TET1,NFATC3,1
TET1,GLUL,1
TET1,GLS,1
TET1,TRIM28,1
TET1,MLLT1,1
TET1,PCBP2,1
TET1,CCN2,1
TET1,ALG13,1
TET1,RBL1,1
TET1,CNOT2,1
TET1,DDB1,1
TET1,HIST1H2BK,1
TET1,ASNS,1
TET1,SRSF1,1
TET1,ANKRD6,1
TET1,TRIM25,1
TET1,NOTCH2,1
TET1,GNPDA1,1
TET1,MED31,1
TET1,CDC5L,1
TET1,HTT,1
TET1,FGF4,1
TET1,HIST1H1D,1
TET1,MTF2,1
TET1,SFPQ,1
TET1,HSPA5,1
TET1,NFYA,1
TET1,TEAD1,1
TET1,IGFBP2,1
TET1,KLF9,1
TET1,EP400,1
TET1,EDEM1,1
TET1,DR1,1
TET1,SMARCB1,1
TET1,NR1D2,1
TET1,HMGXB4,1
TET1,TEAD4,1
TET1,NFE2L1,1
TET1,DAZAP2,1
TET1,MCM6,1
TET1,RBFOX2,1
TET1,PHF12,1
TET1,P4HB,1
TET1,ODC1,1
TET1,ILF3,1
TET1,KLF2,1
TET1,GABPA,1
TET1,CNOT7,1
TET1,LAMC1,1
TET1,EED,1
TET1,TAF10,1
TET1,MYH9,1
TET1,YEATS2,1
TET1,PELP1,1
TET1,TAF9,1
TET1,PSIP1,1
TET1,PLAG1,1
TET1,NEDD4,1
TET1,ATF5,1
TET1,CST3,1
TET1,COBL,1
TET1,PDCD11,1
TET1,SHROOM3,1
TET1,MCM3,1
TET1,MOV10,1
TET1,TSG101,1
TET1,DDX20,1
TET1,XRCC6,1
TET1,PA2G4,1
TET1,COPS2,1
TET1,EZH2,1
TET1,SRM,1
TET1,YEATS4,1
TET1,SLC7A6,1
TET1,TMED2,1
TET1,NCOA3,1
TET1,TCEA1,1
TET1,NAA15,1
TET1,ATM,1
TET1,TAX1BP3,1
TET1,KAT6B,1
TET1,SPRY4,1
TET1,PDK1,1
TET1,PTPN14,1
TET1,MDM2,1
TET1,SOX2,1
TET1,CDC42SE2,1
TET1,HIF1A,1
TET1,NACC1,1
TET1,ING1,1
TET1,JMJD1C,1
TET1,TPD52,1
TET1,INTS12,1
TET1,ELP2,1
TET1,PAWR,1
TET1,BTF3,1
TET1,GRIN1,1
TET1,ZBTB43,1
TET1,TCF7L2,1
TET1,CITED2,1
TET1,TUBB6,1
TET1,CRY1,1
TET1,TCERG1,1
TET1,ASXL1,1
TET1,SEMA4C,1
TET1,KIT,1
TET1,DNAJC2,1
TET1,IMPDH1,1
TET1,NFX1,1
TET1,ZFP335,1
TET1,HMCES,1
TET1,P4HA1,1
TET1,ATF6,1
TET1,ZFP277,1
TET1,PLTP,1
TET1,KDM3A,1
TET1,UHRF1,1
TET1,POLR1B,1
TET1,SMARCAD1,1
TET1,RYBP,1
TET1,TET2,1
TET1,HIST1H2BL,1
TET1,HIST1H2AI,1
TET1,CBX8,1
TET1,LAMA1,1
TET1,STAT5B,1
TET1,TAF6L,1
TET1,PHF20,1
TET1,POLR2B,1
TET1,NFXL1,1
TET1,TIMELESS,1
TET1,TCF20,1
TET1,HTRA1,1
TET1,MEF2D,1
TET1,CTSA,1
TET1,SIN3A,1
TET1,CENPB,1
TET1,MAFK,1
TET1,SOCS2,1
TET1,CALR,1
TET1,MYMX,1
TET1,JAM2,1
TET1,RRM2,1
TET1,ANKRD54,1
TET1,ETV5,1
TET1,HIST1H4K,1
TET1,HMGXB3,1
TET1,E2F6,1
TET1,NRF1,1
TET1,KLF3,1
TET1,ORC2,1
TET1,ITGA6,1
TET1,ELK4,1
TET1,NFE2L2,1
TET1,MARC2,1
TET1,HES6,1
TET1,XBP1,1
TET1,PRDM5,1
TET1,ARHGAP29,1
TET1,NRG1,1
TET1,DNMT1,1
TET1,CDC20,1
TET1,PODXL,1
TET1,BCAT1,1
TET1,BCLAF1,1
TET1,TBX3,1
TET1,ZBTB10,1
TET1,SURF4,1
TET1,P3H1,1
TET1,ASH2L,1
TET1,UTF1,1
TET1,ARID1A,1
TET1,CCNG1,1
TET1,CTCF,1
TET1,ARNTL,1
TET1,DCP1A,1
TET1,TFCP2L1,1
TET1,TFEB,1
TET1,POU2F1,1
TET1,EZH1,1
TET1,PARVB,1
TET1,TRIM24,1
TET1,CNOT6L,1
TET1,ANKS1,1
TET1,CALU,1
TET1,HOPX,1
TET1,FXR1,1
TET1,D230025D16RIK,1
TET1,NR2C1,1
TET1,GAS6,1
TET1,NFKBIA,1
TET1,ZFP148,1
TET1,REST,1
TET1,ILF2,1
TET1,BTAF1,1
TET1,PIAS1,1
TET1,E2F2,1
TET1,RNF157,1
TET1,UBE2C,1
TET1,IRF1,1
TET1,ERP29,1
TET1,TULP3,1
TET1,YBX1,1
TET1,DNAJC10,1
TET1,HDAC2,1
TET1,ADAM19,1
TET1,SKIL,1
TET1,CTBP1,1
TET1,RNF19A,1
TET1,BTG1,1
TET1,RFX7,1
TET1,ECT2,1
TET1,SRRT,1
TET1,SRSF3,1
TET1,SMARCD1,1
TET1,HIST1H3H,1
TET1,TOP2B,1
TET1,VEZF1,1
TET1,TOP2A,1
TET1,HEY2,1
TET1,SMARCC2,1
TET1,TRRAP,1
TET1,NME2,1
TET1,EIF4A2,1
TET1,KAT2B,1
TET1,HNRNPD,1
TET1,CHD4,1
TET1,KDELR2,1
TET1,CAR2,1
TET1,HSPG2,1
TET1,FAM129B,1
TET1,RRBP1,1
TET1,MED21,1
TET1,P4HA2,1
TET1,CRAMP1L,1
TET1,TSPAN9,1
TET1,CDKN1A,1
TET1,SMAD2,1
TET1,PRDM1,1
TET1,LHX2,1
TET1,SGK1,1
TET1,RAD51,1
TET1,MCM4,1
TET1,FRMD4A,1
TET1,RFXAP,1
TET1,PHB2,1
TET1,APEX1,1
TET1,SMAD3,1
TET1,HMGA2,1
TET1,FDPS,1
TET1,SND1,1
TET1,ILK,1
TET1,ABTB1,1
TET1,UNG,1
TET1,HSPB1,1
TET1,SMURF2,1
TET1,PBX4,1
TET1,RLIM,1
TET1,SSB,1
TET1,HIST1H2BN,1
TET1,HIST1H2AK,1
TET1,ATP13A3,1
TET1,HMGB2,1
TET1,ABHD5,1
TET1,PROX1,1
TET1,ZBTB24,1
TET1,SPRY2,1
TET1,RBPJ,1
TET1,KLF13,1
TET1,HIST1H2BF,1
TET1,RERE,1
TET1,SREBF1,1
TET1,ERF,1
TET1,PATZ1,1
TET1,AMPD2,1
TET1,MAZ,1
TET1,EOMES,1
TET1,ARL6IP5,1
TET1,GLI2,1
TET1,PATJ,1
TET1,UBTF,1
TET1,TFE3,1
TET1,ETV4,1
TET1,POLR3B,1
TET1,KEAP1,1
TET1,COL4A2,1
TET1,COL4A1,1
TET1,THRAP3,1
TET1,PEG3,1
TET1,ZDHHC16,1
TET1,TCF12,1
TET1,FHL2,1
TET1,MYLPF,1
TET1,ME1,1
TET1,GLIPR2,1
TET1,MCM7,1
TET1,ELAVL2,1
TET1,UCHL1,1
TET1,GTF3C1,1
TET1,GSR,1
TET1,HSF2,1
TET1,ZFP91,1
TET1,NOTCH1,1
TET1,EPS8,1
TET1,MLXIPL,1
TET1,SP1,1
TET1,P3H4,1
TET1,FOXO1,1
TET1,MITF,1
TET1,CTBP2,1
TET1,HDAC4,1
TET1,CUX1,1
TET1,SNAPC3,1
TET1,POLR3F,1
TET1,ELF1,1
TET1,RARA,1
TET1,BARD1,1
TET1,DEK,1
TET1,RBPMS2,1
TET1,MSC,1
TET1,TXNDC5,1
TET1,H1F0,1
TET1,GTF2I,1
TET1,COIL,1
TET1,MPHOSPH8,1
TET1,SLC25A4,1
TET1,ALPL,1
TET1,MAN1A2,1
TET1,KRBA1,1
TET1,SOS2,1
TET1,CREB3L2,1
TET1,KLF15,1
TET1,L1TD1,1
TET1,PDCD4,1
TET1,PLAGL2,1
TET1,LRRK1,1
TET1,FN1,1
TET1,PREB,1
TET1,SCMH1,1
TET1,KHDC3,1
TET1,GNAS,1
TET1,ETV3,1
TET1,TFAP4,1
TET1,SPEN,1
TET1,SOAT1,1
TET1,POU6F1,1
TET1,RUVBL1,1
TET1,ZFP592,1
TET1,SMARCA4,1
TET1,GTF3C5,1
TET1,ZBTB7A,1
TET1,CREB5,1
TET1,MIS18BP1,1
TET1,TLE1,1
TET1,UPP1,1
TET1,ZIC3,1
TET1,GLDC,1
TET1,HDAC5,1
TET1,DMRT1,1
TET1,MLXIP,1
TET1,GTF2H3,1
TET1,GLIS2,1
TET1,CSF1,1
TET1,BAZ1A,1
TET1,HDAC3,1
TET1,EPHA2,1
TET1,DTX1,1
TET1,RBBP7,1
TET1,RNF6,1
TET1,VIM,1
TET1,CTH,1
TET1,TXNDC12,1
TET1,TMEM150A,1
TET1,GABBR1,1
TET1,ZHX3,1
TET1,MEF2A,1
TET1,NFKB2,1
TET1,AMOTL2,1
TET1,RCOR2,1
TET1,IRF6,1
TET1,CEBPZ,1
TET1,HIST1H2AF,1
TET1,TADA3,1
TET1,NUP210,1
TET1,VEGFA,1
TET1,HDAC1,1
TET1,BASP1,1
TET1,PLOD2,1
TET1,ZFP276,1
TET1,BTBD11,1
TET1,MTA3,1
TET1,ADAM23,1
TET1,ATF1,1
TET1,ZFP219,1
TET1,ZMYND11,1
TET1,SIN3B,1
TET1,ERCC8,1
TET1,ZEB1,1
TET1,ZBTB38,1
TET1,APP,1
TET1,FOXD3,1
TET1,F3,1
TET1,EYA1,1
TET1,TGIF1,1
TET1,ANXA5,1
TET1,FOXP1,1
TET1,ATF2,1
TET1,SERPINE2,1
TET1,POLR3D,1
TET1,CHD7,1
TET1,NR5A2,1
TET1,NOTUM,1
TET1,LAMA5,1
TET1,FAM234A,1
TET1,SDC4,1
TET1,EGR1,1
TET1,HOXD13,1
TET1,TBL1X,1
TET1,VSIR,1
TET1,ING3,1
TET1,SMAD7,1
TET1,CHST15,1
TET1,MANF,1
TET1,CKAP4,1
TET1,HSBP1,1
TET1,NFIL3,1
TET1,CTNNB1,1
TET1,JDP2,1
TET1,DAXX,1
TET1,CCNB1,1
TET1,SNAI1,1
TET1,PIAS3,1
TET1,ZYX,1
TET1,FOSL2,1
TET1,RAI14,1
TET1,CD63,1
TET1,TENM4,1
TET1,ID4,1
TET1,SATB1,1
TET1,ANXA2,1
TET1,TOX3,1
TET1,SIX1,1
TET1,TBPL1,1
TET1,ECD,1
TET1,PKNOX2,1
TET1,HSP90B1,1
TET1,ZFP768,1
TET1,WWTR1,1
TET1,TNK2,1
TET1,GBX2,1
TET1,E2F1,1
TET1,UBP1,1
TET1,ID3,1
TET1,FGF3,1
TET1,CTSL,1
TET1,BEX1,1
TET1,TCEA3,1
TET1,TDH,1
TET1,MCM5,1
TET1,PLOD3,1
TET1,STAT5A,1
TET1,ZMYM2,1
TET1,PHF14,1
TET1,NR4A1,1
TET1,TEAD3,1
TET1,BMPER,1
TET1,MORC4,1
TET1,MT2,1
TET1,TUBA4A,1
TET1,CREB3,1
TET1,RARG,1
TET1,PDIA6,1
TET1,NR3C1,1
TET1,CBX7,1
TET1,RELA,1
TET1,TCOF1,1
TET1,COMMD3,1
TET1,RAPGEF3,1
TET1,EBF4,1
TET1,IRF2,1
TET1,BCAM,1
TET1,ZFP423,1
TET1,NDRG1,1
TET1,ULK1,1
TET1,TPM4,1
TET1,ELL2,1
TET1,SLC6A8,1
TET1,ATF7,1
TET1,NR2F6,1
TET1,CBX6,1
TET1,SSBP4,1
TET1,ETS1,1
TET1,RAD54B,1
TET1,MXD4,1
TET1,GRHL1,1
TET1,TIMP2,1
TET1,OBSL1,1
TET1,NR1H2,1
TET1,NDN,1
TET1,SLC6A6,1
TET1,SMARCA2,1
TET1,MGST3,1
TET1,MED15,1
TET1,SRGN,1
TET1,ELL3,1
TET1,PITX2,1
TET1,LDHB,1
TET1,IKBKB,1
TET1,PIAS2,1
TET1,JUN,1
TET1,NFATC1,1
TET1,RFX2,1
TET1,NRIP1,1
TET1,TCF7,1
TET1,JARID2,1
TET1,IGF2,1
TET1,HIST1H2BB,1
TET1,RCC2,1
TET1,TFAP2C,1
TET1,SATB2,1
TET1,FOXJ2,1
TET1,HIF3A,1
TET1,CTNNBIP1,1
TET1,E2F4,1
TET1,ATF3,1
TET1,TYRO3,1
TET1,AIP,1
TET1,NR0B1,1
TET1,HIST1H1B,1
TET1,ITPK1,1
TET1,SMURF1,1
TET1,RUNX1,1
TET1,SLCO3A1,1
TET1,LMO4,1
TET1,NID1,1
TET1,LDLRAP1,1
TET1,RFX5,1
TET1,RB1,1
TET1,TOPORS,1
TET1,EBF1,1
TET1,SIRT3,1
TET1,TGFB1,1
TET1,PHLDB2,1
TET1,GJB3,1
TET1,TCF4,1
TET1,ZFYVE21,1
TET1,ATP6V0A1,1
TET1,NSD1,1
TET1,HES1,1
TET1,BEND5,1
TET1,MAML3,1
TET1,COTL1,1
TET1,PDGFRA,1
TET1,SRF,1
TET1,HDAC11,1
TET1,PITX1,1
TET1,LOXL2,1
TET1,TBX18,1
TET1,GDPD5,1
TET1,ISYNA1,1
TET1,FGF10,1
TET1,BMP6,1
TET1,ARNT2,1
TET1,TXNIP,1
TET1,TNFAIP3,1
TET1,MEIS3,1
TET1,STARD10,1
TET1,FABP3,1
TET1,NR1D1,1
TET1,KLF6,1
TET1,CSRP2,1
TET1,ZSWIM4,1
TET1,POU5F1,1
TET1,STXBP2,1
TET1,PAPOLA,1
TET1,PAX6,1
TET1,ANKRD49,1
TET1,AIRE,1
TET1,SIRT1,1
TET1,PCBD1,1
TET1,BNIP3,1
TET1,POLR2I,1
TET1,MYBBP1A,1
TET1,MSX2,1
TET1,NFIB,1
TET1,FIZ1,1
TET1,CLCN5,1
TET1,HSF2BP,1
TET1,ZFP296,1
TET1,DNMT3A,1
TET1,CHCHD10,1
TET1,KRT8,1
TET1,SSR3,1
TET1,SIRT2,1
TET1,SOX4,1
TET1,TAF1A,1
TET1,SRI,1
TET1,ESRRB,1
TET1,TRIM13,1
TET1,RASGRP2,1
TET1,MEIS1,1
TET1,RAB3IL1,1
TET1,CTSD,1
TET1,MED12,1
TET1,HMGA1B,1
TET1,HMGA1,1
TET1,CALCOCO1,1
TET1,EPAS1,1
TET1,ZEB2,1
TET1,POLR1C,1
TET1,MAPK11,1
TET1,MRAS,1
TET1,EMX2,1
TET1,TSHZ3,1
TET1,MYO6,1
TET1,MAPK13,1
TET1,AGAP3,1
TET1,SEC24D,1
TET1,LRPAP1,1
TET1,MYCN,1
TET1,BCL3,1
TET1,ABT1,1
TET1,CUX2,1
TET1,DCXR,1
TET1,LTBP4,1
TET1,PHF1,1
TET1,NONO,1
TET1,TRIP11,1
TET1,FOXO3,1
TET1,EMP2,1
TET1,CITED1,1
TET1,GRB10,1
TET1,GZF1,1
TET1,MEN1,1
TET1,TTF2,1
TET1,KNTC1,1
TET1,EPHA4,1
TET1,TWIST1,1
TET1,SNURF,1
TET1,SLC25A5,1
TET1,SIX5,1
TET1,GLI1,1
TET1,DKK1,1
TET1,THBD,1
TET1,PRRX2,1
TET1,OPLAH,1
TET1,DUSP9,1
TET1,MBD2,1
TET1,HS3ST1,1
TET1,FRRS1,1
TET1,TRIB3,1
TET1,ELK1,1
TET1,KLF4,1
TET1,ZFP236,1
TET1,FOXQ1,1
TET1,DDB2,1
TET1,POLR2E,1
TET1,HDAC7,1
TET1,GPX3,1
TET1,HIP1,1
TET1,POLR2J,1
TET1,BRD7,1
TET1,PTH1R,1
TET1,PHF2,1
TET1,DAB2,1
TET1,SPOCK1,1
TET1,PFKP,1
TET1,B2M,1
TET1,MED4,1
TET1,MORF4L2,1
TET1,HNF1B,1
TET1,HEXIM1,1
TET1,OVOL1,1
TET1,UBQLN2,1
TET1,HKDC1,1
TET1,CALD1,1
TET1,TRPS1,1
TET1,KDELR3,1
TET1,LAMB2,1
TET1,TINAGL1,1
TET1,NPAS2,1
TET1,TRIM32,1
TET1,TIMP3,1
TET1,POU4F2,1
TET1,COL27A1,1
TET1,CTSZ,1
TET1,FBLIM1,1
TET1,NFIA,1
TET1,TRH,1
TET1,MAPK3,1
TET1,SALL1,1
TET1,SLC5A11,1
TET1,IRF3,1
TET1,AKT1,1
TET1,TRIP6,1
TET1,L3MBTL2,1
TET1,STARD8,1
TET1,ASS1,1
TET1,POLR1A,1
TET1,LAMB1,1
TET1,LY6G6E,1
TET1,SLC9A6,1
TET1,XRCC5,1
TET1,DPP4,1
TET1,CEMIP,1
TET1,CHD5,1
TET1,CBX4,1
TET1,ZFP275,1
TET1,POLR1E,1
TET1,POLR2H,1
TET1,NFYB,1
TET1,ZBTB39,1
TET1,POLR2A,1
TET1,TOX4,1
TET1,PLOD1,1
TET1,GTF2A1L,1
TET1,CKB,1
TET1,PRSS35,1
TET1,DDX54,1
TET1,TAF1,1
TET1,MKX,1
TET1,NKRF,1
TET1,TMEM144,1
TET1,CIC,1
TET1,TUBB2B,1
TET1,HIST1H1A,1
TET1,TGFB1I1,1
TET1,SOX15,1
TET1,FGFR3,1
TET1,POU4F1,1
TET1,CELF3,1
TET1,ZDHHC15,1
TET1,EHMT2,1
TET1,FXYD6,1
TET1,ESRRA,1
TET1,HCFC1,1
TET1,MYC,1
TET1,SELENOW,1
TET1,2200002D01RIK,1
TET1,ELF3,1
TET1,BMI1,1
TET1,TDGF1,1
TET1,ETV1,1
TET1,CRABP2,1
TET1,EFEMP2,1
TET1,2410141K09RIK,1
TET1,MEF2C,1
TET1,MYD88,1
TET1,LMF2,1
TET1,BTG2,1
TET1,MCM2,1
TET1,PAX8,1
TET1,CTNNBL1,1
TET1,HNF4A,1
TET1,NUPR1,1
TET1,IFITM1,1
TET1,AQP8,1
TET1,TAGLN2,1
TET1,APOBEC3,1
TET1,KANK2,1
TET1,FLRT3,1
TET2,SFI1,1
TET2,ILF2,1
TET2,RIF1,1
TET2,JUND,1
TET2,KLF3,1
TET2,POU5F1,1
TET2,ASXL1,1
TET2,NANOG,1
TET2,ETV1,1
TET2,LDB1,1
TET2,FUBP3,1
TET2,ZFHX3,1
TET2,GTF2H3,1
TET2,ING3,1
TET2,MTF2,1
TET2,MYLPF,1
TET2,NACC1,1
TET2,PAPOLA,1
TET2,HIST1H2BK,1
TET2,DIDO1,1
TET2,SPRY4,1
TET2,SMARCA5,1
TET2,HIST1H2BF,1
TET2,GLIS2,1
TET2,BRWD1,1
TET2,PHC1,1
TET2,NEDD4,1
TET2,SOCS2,1
TET2,LRPAP1,1
TET2,RBPJ,1
TET2,BTAF1,1
TET2,NR5A2,1
TET2,SMARCB1,1
TET2,SPRY2,1
TET2,MYMX,1
TET2,CST3,1
TET2,PRDM14,1
TET2,IRF2,1
TET2,FOXH1,1
TET2,TBL1X,1
TET2,HMCES,1
TET2,UPP1,1
TET2,CBX8,1
TET2,TSPAN9,1
TET2,CBX4,1
TET2,SDC4,1
TET2,RARA,1
TET2,TDH,1
TET2,RARG,1
TET2,SEMA4C,1
TET2,PITX1,1
TET2,NOTCH4,1
TET2,SKIL,1
TET2,BMI1,1
TET2,SPP1,1
TFE3,CTSA,1
TFE3,ILF3,1
TFE3,APEX1,1
TFE3,CALR,1
TFE3,TNFAIP3,1
TFE3,ATF4,1
TFE3,TOPORS,1
TFE3,ZBTB24,1
TFE3,AIP,1
TFE3,RBBP4,1
TFE3,DDX5,1
TFE3,HDAC5,1
TFE3,TAF6L,1
TFE3,CTSD,1
TFE3,TMEM144,1
TFE3,NFATC3,1
TFE3,DAZAP2,1
TFE3,MCM2,1
TFE3,RUNX1,1
TFE3,GLMP,1
TFE3,TBPL1,1
TFE3,THRAP3,1
TFE3,TRIM25,1
TFE3,HDLBP,1
TFE3,SOCS2,1
TFE3,PREB,1
TFE3,FUBP3,1
TFE3,TNK2,1
TFE3,CTSL,1
TFE3,SORD,1
TFE3,TRIP6,1
TFE3,SREBF1,1
TFE3,MT1,1
TFE3,SELENOW,1
TFE3,E2F1,1
TFE3,NFX1,1
TFE3,IFI30,1
TFE3,MATR3,1
TFE3,PBXIP1,1
TFE3,FABP3,1
TFE3,DDIT3,1
TFE3,APOE,1
TFE3,TMED2,1
TFE3,DDX20,1
TFE3,KHDRBS1,1
TFE3,ZFP219,1
TFE3,NSD1,1
TFE3,GBX2,1
TFE3,PLTP,1
TFE3,ESPL1,1
TFE3,INSIG1,1
TFE3,MT2,1
TFE3,HNRNPK,1
TFE3,UNG,1
TFE3,NR1D1,1
TFE3,SAT1,1
TFE3,KANK2,1
TFE3,CD63,1
TFE3,TXNIP,1
TFE3,KLF6,1
TFE3,FOXD3,1
TFE3,SMAD7,1
TFE3,LAPTM5,1
TFE3,SALL4,1
TFE3,MYLPF,1
TGIF1,PSIP1,1
TGIF1,ZFP219,1
TGIF1,GTF2H3,1
TGIF1,HDAC2,1
TGIF1,TAF5,1
TGIF1,FUS,1
TGIF1,SUB1,1
TGIF1,NFX1,1
TGIF1,CNOT6,1
TGIF1,MDM2,1
TGIF1,SELENOW,1
TGIF1,TADA3,1
TGIF1,PITX2,1
TGIF1,CTNNBL1,1
TGIF1,RARA,1
TGIF1,RNF14,1
TGIF1,DDX54,1
TGIF1,TXNIP,1
TGIF1,ATF7,1
TGIF1,TFEB,1
TGIF1,VEZF1,1
TGIF1,FOSL2,1
TGIF1,POLR1B,1
TGIF1,PFKP,1
TGIF1,MCM4,1
TGIF1,EED,1
TGIF1,RB1,1
TGIF1,MEF2D,1
TGIF1,DDX20,1
TGIF1,ELF2,1
TGIF1,SFI1,1
TGIF1,ARL6IP5,1
TGIF1,NR3C1,1
TGIF1,ZHX3,1
TGIF1,MARC2,1
TGIF1,DNMT1,1
TGIF1,ASH2L,1
TGIF1,MYLPF,1
TGIF1,HTT,1
TGIF1,CREB3,1
TGIF1,PDK1,1
TGIF1,RBFOX2,1
TGIF1,ZFAND3,1
TGIF1,TOP2B,1
TGIF1,TET2,1
TGIF1,POLR2K,1
TGIF1,DDX5,1
TGIF1,SMARCA4,1
TGIF1,SORD,1
TGIF1,LMO4,1
TGIF1,SREBF1,1
TGIF1,MXD4,1
TGIF1,TAF9,1
TGIF1,BRCA2,1
TGIF1,PIAS1,1
TGIF1,HES6,1
TGIF1,TFRC,1
TGIF1,DIDO1,1
TGIF1,ING3,1
TGIF1,POLR2A,1
TGIF1,MEN1,1
TGIF1,GTF2I,1
TGIF1,ANKRD54,1
TGIF1,SRRT,1
TGIF1,KLF10,1
TGIF1,TNFAIP3,1
TGIF1,MITF,1
TGIF1,NR4A1,1
TGIF1,HDAC1,1
TGIF1,ZBTB10,1
TGIF1,CBX8,1
TGIF1,ATF6,1
TGIF1,PKNOX2,1
TGIF1,ANXA5,1
TGIF1,ELL2,1
TGIF1,LDB1,1
TGIF1,VSIR,1
TGIF1,P4HA1,1
TGIF1,ZFP398,1
TGIF1,PREB,1
TGIF1,XRCC6,1
TGIF1,GLS,1
TGIF1,CNOT7,1
TGIF1,CDKN1A,1
TGIF1,FOXJ3,1
TGIF1,HIVEP2,1
TGIF1,APP,1
TGIF1,ZFP446,1
TGIF1,ABT1,1
TGIF1,TAX1BP3,1
TGIF1,HDLBP,1
TGIF1,EP400,1
TGIF1,ELF1,1
TGIF1,TOX4,1
TGIF1,HIST1H4K,1
TGIF1,JMJD1C,1
TGIF1,HNRNPAB,1
TGIF1,FDPS,1
TGIF1,FOXO3,1
TGIF1,MCM6,1
TGIF1,ABHD5,1
TGIF1,ODC1,1
TGIF1,CREB3L2,1
TGIF1,ERCC8,1
TGIF1,SAP30,1
TGIF1,XAB2,1
TGIF1,KDM5B,1
TGIF1,AATF,1
TGIF1,SMARCA2,1
TGIF1,ZEB2,1
TGIF1,POLR3F,1
TGIF1,D230025D16RIK,1
TGIF1,CEBPZ,1
TGIF1,RAPGEF3,1
TGIF1,POLR2E,1
TGIF1,SERTAD2,1
TGIF1,SIRT2,1
TGIF1,PLOD3,1
TGIF1,SMARCA5,1
TGIF1,ZFP276,1
TGIF1,PRDM1,1
TGIF1,TRIM25,1
TGIF1,SND1,1
TGIF1,KLF3,1
TGIF1,ZFP335,1
TGIF1,SMARCAD1,1
TGIF1,BCLAF1,1
TGIF1,MAML1,1
TGIF1,TINAGL1,1
TGIF1,CST3,1
TGIF1,PARP1,1
TGIF1,EZH1,1
TGIF1,PELP1,1
TGIF1,TAF6,1
TGIF1,CTCF,1
TGIF1,HEXIM1,1
TGIF1,PLAG1,1
TGIF1,KLF9,1
TGIF1,PURA,1
TGIF1,SLC25A5,1
TGIF1,IFITM2,1
TGIF1,POLR2B,1
TGIF1,FUBP3,1
TGIF1,LMF2,1
TGIF1,POU2F1,1
TGIF1,GTF3C1,1
TGIF1,CD63,1
TGIF1,ILK,1
TGIF1,HDAC5,1
TGIF1,NR1H2,1
TGIF1,HIST1H2AC,1
TGIF1,SPRY4,1
TGIF1,ELP2,1
TGIF1,INTS12,1
TGIF1,POLR3B,1
TGIF1,COPS2,1
TGIF1,PCBP2,1
TGIF1,UPP1,1
TGIF1,TCEA1,1
TGIF1,SLC7A6,1
TGIF1,GTF3C5,1
TGIF1,ERP29,1
TGIF1,HSPA5,1
TGIF1,RIF1,1
TGIF1,BCAM,1
TGIF1,CCNB1,1
TGIF1,KHDRBS1,1
TGIF1,RNF6,1
TGIF1,SIRT1,1
TGIF1,PTPN14,1
TGIF1,MLLT1,1
TGIF1,TPM4,1
TGIF1,DCP1A,1
TGIF1,HIST1H1D,1
TGIF1,ESPL1,1
TGIF1,RAD51,1
TGIF1,MSC,1
TGIF1,HSP90AA1,1
TGIF1,NOTCH4,1
TGIF1,FOXH1,1
TGIF1,ETV1,1
TGIF1,ZFP148,1
TGIF1,MBD2,1
TGIF1,MED4,1
TGIF1,MYCN,1
TGIF1,HIF1A,1
TGIF1,MTF2,1
TGIF1,TCF4,1
TGIF1,SEMA4C,1
TGIF1,TUBB6,1
TGIF1,TMEM150A,1
TGIF1,FABP3,1
TGIF1,MEF2A,1
TGIF1,RNF2,1
TGIF1,XRCC5,1
TGIF1,ZFP768,1
TGIF1,ECD,1
TGIF1,TUBB2B,1
TGIF1,EDA2R,1
TGIF1,MED31,1
TGIF1,ANXA2,1
TGIF1,PMS1,1
TGIF1,APBB1,1
TGIF1,2410141K09RIK,1
TGIF1,TRIM13,1
TGIF1,MKRN1,1
TGIF1,PCOLCE,1
TGIF1,FOXJ2,1
TGIF1,DPPA2,1
TGIF1,GRIN1,1
TGIF1,ANKRD6,1
TGIF1,CCN2,1
TGIF1,MATR3,1
TGIF1,ITGA6,1
TGIF1,ELF3,1
TGIF1,GTF2H4,1
TGIF1,CHST15,1
TGIF1,HDAC7,1
TGIF1,FN1,1
TGIF1,ZFHX3,1
TGIF1,SIX5,1
TGIF1,MCM7,1
TGIF1,PRDM14,1
TGIF1,CALCOCO1,1
TGIF1,RBPJ,1
TGIF1,NOTCH2,1
TGIF1,MEIS3,1
TGIF1,JARID2,1
TGIF1,LOXL2,1
TGIF1,TEAD1,1
TGIF1,NKRF,1
TGIF1,MYMX,1
TGIF1,MME,1
TGIF1,GNPDA1,1
TGIF1,SLC6A8,1
TGIF1,RBBP7,1
TGIF1,MCM3,1
TGIF1,TMF1,1
TGIF1,TFE3,1
TGIF1,SOCS2,1
TGIF1,UHRF1,1
TGIF1,TNS4,1
TGIF1,AU018091,1
TGIF1,JAM2,1
TGIF1,LAMB2,1
TGIF1,DDB1,1
TGIF1,GLI2,1
TGIF1,BRCA1,1
TGIF1,UCHL1,1
TGIF1,NRIP1,1
TGIF1,POU4F1,1
TGIF1,DNAJC2,1
TGIF1,CTNNB1,1
TGIF1,BEND5,1
TGIF1,SPP1,1
TGIF1,PHLDA3,1
TGIF1,HNRNPK,1
TGIF1,PHB2,1
TGIF1,ETV4,1
TGIF1,SHROOM3,1
TGIF1,CRIP2,1
TGIF1,ADAM19,1
TRIM28,PEG3,1
TRIM28,SFI1,1
TRIM28,ELF1,1
TRIM28,PSIP1,1
TRIM28,SNURF,1
TRIM28,HOPX,1
TRIM28,APOBEC3,1
TRIM28,JMJD1C,1
TRIM28,SRSF1,1
TRIM28,GNAS,1
TRIM28,MTF2,1
TRIM28,CALR,1
TRIM28,TFAP4,1
TRIM28,DDX20,1
TRIM28,MAFK,1
TRIM28,HIVEP2,1
TRIM28,2200002D01RIK,1
TRIM28,TRP53,1
TRIM28,HEY2,1
TRIM28,ANP32A,1
TRIM28,CUX2,1
TRIM28,SNAI1,1
TRIM28,ATF4,1
TRIM28,NR1D2,1
TRIM28,ARHGAP29,1
TRIM28,RBMXL2,1
TRIM28,TET2,1
TRIM28,TGIF1,1
TRIM28,FUS,1
TRIM28,MT1,1
TRIM28,NFKB2,1
TRIM28,RANBP17,1
TRIM28,KDM3A,1
TRIM28,SIRT2,1
TRIM28,TMF1,1
TRIM28,POLR2A,1
TRIM28,PITX2,1
TRIM28,DDB2,1
TRIM28,ABTB1,1
TRIM28,SMARCC1,1
TRIM28,IL33,1
TRIM28,PDK1,1
TRIM28,SMARCA5,1
TRIM28,BMP4,1
TRIM28,SORD,1
TRIM28,GAS6,1
TRIM28,HMGXB4,1
TRIM28,NCOR1,1
TRIM28,DDX5,1
TRIM28,RHOX6,1
TRIM28,ERP29,1
TRIM28,PHF12,1
TRIM28,RNF19A,1
TRIM28,IFITM2,1
TRIM28,PARP1,1
TRIM28,ZBTB38,1
TRIM28,FAM234A,1
TRIM28,SOX2,1
TRIM28,RFX2,1
TRIM28,DNMT1,1
TRIM28,FAM129B,1
TRIM28,NOTCH1,1
TRIM28,GTF2I,1
TRIM28,SIRT1,1
TRIM28,CNOT7,1
TRIM28,TAF10,1
TRIM28,TRIB3,1
TRIM28,ZYX,1
TRIM28,FOXD3,1
TRIM28,IFITM3,1
TRIM28,TOX4,1
TRIM28,NFE2L2,1
TRIM28,ESRRA,1
TRIM28,HIST1H2AF,1
TRIM28,DDX54,1
TRIM28,ATF3,1
TRIM28,ANKRD54,1
TRIM28,SLC5A11,1
TRIM28,ANXA5,1
TRIM28,POLR2B,1
TRIM28,HES6,1
TRIM28,ZEB2,1
TRIM28,SMARCD1,1
TRIM28,FOXJ3,1
TRIM28,ZMYND11,1
TRIM28,SGK1,1
TRIM28,SRRT,1
TRIM28,TCF7L2,1
TRIM28,NRG1,1
TRIM28,TCEA1,1
TRIM28,BTBD11,1
TRIM28,HIST1H1D,1
TRIM28,HIST1H2BL,1
TRIM28,HIST1H2AI,1
TRIM28,KLF2,1
TRIM28,EP400,1
TRIM28,ZFP276,1
TRIM28,SLC16A1,1
TRIM28,SOX4,1
TRIM28,FXR2,1
TRIM28,SLC7A3,1
TRIM28,PRDM5,1
TRIM28,NRF1,1
TRIM28,FRMD4A,1
TRIM28,HDAC11,1
TRIM28,DCP1A,1
TRIM28,PML,1
TRIM28,DDIT3,1
TRIM28,SMARCA2,1
TRIM28,TFCP2L1,1
TRIM28,NOTCH2,1
TRIM28,LDB1,1
TRIM28,RBBP7,1
TRIM28,SMARCAD1,1
TRIM28,HIST1H2AC,1
TRIM28,CTNNB1,1
TRIM28,APP,1
TRIM28,RIF1,1
TRIM28,SMURF2,1
TRIM28,ELF2,1
TRIM28,HIST1H2BK,1
TRIM28,SMAD7,1
TRIM28,XRCC5,1
TRIM28,ARID1A,1
TRIM28,GTF3C1,1
TRIM28,COPS2,1
TRIM28,DKK1,1
TRIM28,RASGRP2,1
TRIM28,CALD1,1
TRIM28,KDM5B,1
TRIM28,MORF4L2,1
TRIM28,PATZ1,1
TRIM28,SIX5,1
TRIM28,ECD,1
TRIM28,FN1,1
TRIM28,CDKN1A,1
TRIM28,TCF4,1
TRIM28,CTBP1,1
TRIM28,HIST1H2BN,1
TRIM28,HIST1H2AK,1
TRIM28,ZFP219,1
TRIM28,NUP210,1
TRIM28,HMCES,1
TRIM28,TADA3,1
TRIM28,MME,1
TRIM28,ETV4,1
TRIM28,GLUL,1
TRIM28,TMED2,1
TRIM28,IGFBP2,1
TRIM28,FABP3,1
TRIM28,EIF4A2,1
TRIM28,APEX1,1
TRIM28,ZFP768,1
TRIM28,PCOLCE,1
TRIM28,FXYD3,1
TRIM28,CSRP2,1
TRIM28,RBM14,1
TRIM28,TRH,1
TRIM28,TEAD4,1
TRIM28,ZFHX3,1
TRIM28,SMAD2,1
TRIM28,PLOD1,1
TRIM28,CHCHD10,1
TRIM28,ZFYVE21,1
TRIM28,ZFP398,1
TRIM28,STXBP2,1
TRIM28,HTT,1
TRIM28,SOCS2,1
TRIM28,LY6G6E,1
TRIM28,HSPB1,1
TRIM28,RAD54B,1
TRIM28,TAF6L,1
TRIM28,TLE1,1
TRIM28,2410141K09RIK,1
TRIM28,ELAVL2,1
TRIM28,GRIN1,1
TRIM28,LRPAP1,1
TRIM28,AIRE,1
TRIM28,TRIM32,1
TRIM28,TDH,1
TRIM28,ANKRD6,1
TRIM28,GLMP,1
TRIM28,SEMA4C,1
TRIM28,SUZ12,1
TRIM28,HIST1H2BF,1
TRIM28,MKX,1
TRIM28,TENM4,1
TRIM28,FLRT3,1
TRIM28,FRRS1,1
TRIM28,TXNDC12,1
TRIM28,D230025D16RIK,1
TRIM28,COBL,1
TRIM28,TBX3,1
TRIM28,COL27A1,1
TRIM28,POU4F2,1
TRIM28,SPRY2,1
TRIM28,HNF1B,1
TRIM28,AKT1,1
TRIM28,DPPA2,1
TRIM28,TFE3,1
TRIM28,LAMB2,1
TRIM28,NEDD4,1
TRIM28,FOXH1,1
TRIM28,SHROOM3,1
TRIM28,TSPAN9,1
TRIM28,RFX5,1
TRIM28,ID2,1
TRIM28,GJB3,1
TRIM28,DDX58,1
TRIM28,TFAP2C,1
TRIM28,FOXO1,1
TRIM28,THBD,1
TRIM28,EYA1,1
UTF1,SFI1,1
UTF1,ATP6V0A1,1
UTF1,SMARCA5,1
UTF1,PRDM1,1
UTF1,D230025D16RIK,1
UTF1,TTF2,1
UTF1,EYA1,1
UTF1,AATF,1
UTF1,TFRC,1
UTF1,DCP1A,1
UTF1,HMGXB3,1
UTF1,PCBP2,1
UTF1,BNIP3,1
UTF1,CTNNBL1,1
UTF1,HSPA5,1
UTF1,ANXA5,1
UTF1,CNOT8,1
UTF1,TNFAIP3,1
UTF1,CREB3L2,1
UTF1,P4HA1,1
UTF1,ZDHHC16,1
UTF1,FRMD4A,1
UTF1,ZFP281,1
UTF1,SNAPC3,1
UTF1,IRF6,1
UTF1,RNF14,1
UTF1,ODC1,1
UTF1,LGMN,1
UTF1,PMS1,1
UTF1,PRDM5,1
UTF1,NFX1,1
UTF1,ARL6IP5,1
UTF1,MARC2,1
UTF1,ZFP148,1
UTF1,KRBA1,1
UTF1,RBFOX2,1
UTF1,CALU,1
UTF1,HDLBP,1
UTF1,TRIP11,1
UTF1,TSG101,1
UTF1,GPX3,1
UTF1,GLS,1
UTF1,P4HB,1
UTF1,ETS1,1
UTF1,MPHOSPH8,1
UTF1,TCF7L2,1
UTF1,GTF2H3,1
UTF1,GDPD5,1
UTF1,ING3,1
UTF1,POLR3B,1
UTF1,CAR2,1
UTF1,TRP53BP1,1
UTF1,FLRT3,1
UTF1,TDH,1
UTF1,SERTAD2,1
UTF1,TAF9,1
UTF1,SUZ12,1
UTF1,PHF1,1
UTF1,DPP4,1
UTF1,TCEA1,1
UTF1,MXD4,1
UTF1,SOAT1,1
UTF1,TXNDC12,1
UTF1,SND1,1
UTF1,PELP1,1
UTF1,PBX4,1
UTF1,SMARCC1,1
UTF1,MITF,1
UTF1,PHLDB2,1
UTF1,CCNG1,1
UTF1,CDC42SE2,1
UTF1,WWTR1,1
UTF1,NID1,1
UTF1,ATF7,1
UTF1,GLDC,1
UTF1,B2M,1
UTF1,ORC2,1
UTF1,ANKRD54,1
UTF1,HDAC11,1
UTF1,FRRS1,1
UTF1,GLI2,1
UTF1,TPD52,1
UTF1,PLAG1,1
UTF1,PDIA6,1
UTF1,BEND5,1
UTF1,ATM,1
UTF1,PIAS1,1
UTF1,XRCC6,1
UTF1,JAM2,1
UTF1,NR2C1,1
UTF1,YEATS4,1
UTF1,HIST1H2BK,1
UTF1,POLR3F,1
UTF1,RBMXL2,1
UTF1,HSBP1,1
UTF1,FDPS,1
UTF1,ELAVL2,1
UTF1,NOTCH2,1
UTF1,HMGB2,1
UTF1,HTT,1
UTF1,IRF2,1
UTF1,APBB1,1
UTF1,MAML1,1
UTF1,MOV10,1
UTF1,HSP90B1,1
UTF1,THRAP3,1
UTF1,TAF5,1
UTF1,BRCA2,1
UTF1,ANKRD6,1
UTF1,PDCD11,1
UTF1,MLXIP,1
UTF1,CEMIP,1
UTF1,HS3ST1,1
UTF1,CHST15,1
UTF1,VSIR,1
UTF1,MAFK,1
UTF1,ARHGAP29,1
UTF1,LDHB,1
UTF1,GRIN1,1
UTF1,YEATS2,1
UTF1,BARD1,1
UTF1,PDK1,1
UTF1,ZFP398,1
UTF1,SSR3,1
UTF1,MLXIPL,1
UTF1,CSF1,1
UTF1,HIST1H2AC,1
UTF1,ERCC8,1
UTF1,CEBPZ,1
UTF1,FOXP1,1
UTF1,PARP1,1
UTF1,CITED2,1
UTF1,PREB,1
UTF1,MME,1
UTF1,ZFP277,1
UTF1,CSRP2,1
UTF1,MKRN1,1
UTF1,RBL1,1
UTF1,MTF2,1
UTF1,BCLAF1,1
UTF1,ZHX3,1
UTF1,HES6,1
UTF1,MBD2,1
UTF1,ZBTB43,1
UTF1,MYBL2,1
UTF1,MED31,1
UTF1,GNPDA1,1
UTF1,NRG1,1
UTF1,LOXL2,1
UTF1,GTF3C1,1
UTF1,RFX5,1
UTF1,APEX1,1
UTF1,P3H1,1
UTF1,DEK,1
UTF1,CTNNBIP1,1
UTF1,PLOD2,1
UTF1,L1TD1,1
UTF1,CST3,1
UTF1,ZFAND3,1
UTF1,MEF2A,1
UTF1,EZH1,1
UTF1,MED21,1
UTF1,HOPX,1
UTF1,ELP2,1
UTF1,ELL3,1
UTF1,EZH2,1
UTF1,SMARCA4,1
UTF1,DDB1,1
UTF1,CTSL,1
UTF1,DIDO1,1
UTF1,LRRK1,1
UTF1,FAM234A,1
UTF1,MCM6,1
UTF1,HIST1H2BN,1
UTF1,HIST1H2AK,1
UTF1,INTS12,1
UTF1,NFATC3,1
UTF1,LRP2,1
UTF1,HNRNPD,1
UTF1,DDB2,1
UTF1,MAN1A2,1
UTF1,RBBP4,1
UTF1,HIP1,1
UTF1,CCN2,1
UTF1,TMF1,1
UTF1,NFYA,1
UTF1,TRIM28,1
UTF1,DDX5,1
UTF1,COTL1,1
UTF1,BMPER,1
UTF1,ELK4,1
UTF1,RAD54B,1
UTF1,IRF1,1
UTF1,FN1,1
UTF1,PURA,1
UTF1,RNF157,1
UTF1,ETV6,1
UTF1,BASP1,1
UTF1,FHL2,1
UTF1,SGK1,1
UTF1,TOX4,1
UTF1,PLOD1,1
UTF1,SREBF1,1
UTF1,POLR2J,1
UTF1,DNAJC2,1
UTF1,SLC25A4,1
UTF1,FOXJ3,1
UTF1,EBF1,1
UTF1,MED15,1
UTF1,ARNT2,1
UTF1,SHROOM3,1
UTF1,FUBP3,1
UTF1,UCHL1,1
UTF1,MCM5,1
UTF1,SELENOW,1
UTF1,BCAT1,1
UTF1,IMPDH1,1
UTF1,LAMA1,1
UTF1,PA2G4,1
UTF1,HEY2,1
UTF1,POLR3D,1
UTF1,NFIL3,1
UTF1,SMARCB1,1
UTF1,INSIG1,1
UTF1,HMCES,1
UTF1,ETV4,1
UTF1,STXBP2,1
UTF1,TMEM150A,1
UTF1,RNF2,1
UTF1,MED4,1
UTF1,ZMYND11,1
UTF1,MIS18BP1,1
UTF1,TBX3,1
UTF1,TRIM25,1
UTF1,NCOR1,1
UTF1,EP400,1
UTF1,TOP2B,1
UTF1,RANBP17,1
UTF1,POLR1B,1
UTF1,KDELR2,1
UTF1,EIF4A2,1
UTF1,PFKP,1
UTF1,TUBA4A,1
UTF1,TRIM24,1
UTF1,TFCP2L1,1
UTF1,SURF4,1
UTF1,MLLT1,1
UTF1,MATR3,1
UTF1,TCF12,1
UTF1,CDC5L,1
UTF1,GTF3C5,1
UTF1,COPS2,1
UTF1,NFE2L1,1
UTF1,KHDC3,1
UTF1,CDC20,1
UTF1,VIM,1
UTF1,ASNS,1
UTF1,TEAD1,1
UTF1,RNF6,1
UTF1,TRH,1
UTF1,TCERG1,1
UTF1,SOX2,1
UTF1,RAB11A,1
UTF1,ZFP57,1
UTF1,SLC7A6,1
UTF1,ECD,1
UTF1,ZFP446,1
UTF1,KIT,1
UTF1,CNOT2,1
UTF1,SRSF6,1
UTF1,GLUL,1
UTF1,MYO6,1
UTF1,ATF4,1
UTF1,TXNIP,1
UTF1,SIRT3,1
UTF1,NME2,1
UTF1,DNAJC10,1
UTF1,TOPORS,1
UTF1,ZFP592,1
UTF1,MCM4,1
UTF1,DAB2,1
UTF1,TUBB6,1
UTF1,SRSF1,1
UTF1,HTRA1,1
UTF1,RNF19A,1
UTF1,TSPAN9,1
UTF1,POLR2H,1
UTF1,CTSD,1
UTF1,KDM3A,1
UTF1,ABT1,1
UTF1,PCBD1,1
UTF1,E2F6,1
UTF1,HDAC2,1
UTF1,ELF1,1
UTF1,SRRT,1
UTF1,RRBP1,1
UTF1,NFXL1,1
UTF1,HNRNPK,1
UTF1,ARID1A,1
UTF1,SUB1,1
UTF1,KRT8,1
UTF1,HIST1H3H,1
UTF1,SIN3B,1
UTF1,RERE,1
UTF1,TIMP2,1
UTF1,SMAD7,1
UTF1,EDEM1,1
UTF1,TCF4,1
UTF1,MAPK8,1
UTF1,MANF,1
UTF1,ANKRD49,1
UTF1,IKBKB,1
UTF1,RRM2,1
UTF1,DR1,1
UTF1,POU2F1,1
UTF1,PLAGL2,1
UTF1,MSH6,1
UTF1,ITGA6,1
UTF1,PHB2,1
UTF1,HDAC4,1
UTF1,CNOT6L,1
UTF1,BRPF1,1
UTF1,NRIP1,1
UTF1,HIF3A,1
UTF1,BTG1,1
UTF1,NAA15,1
UTF1,SIRT1,1
UTF1,NFE2L2,1
UTF1,BTBD11,1
UTF1,ZBTB10,1
UTF1,TRRAP,1
UTF1,RFXAP,1
UTF1,PMM1,1
UTF1,SERPINE2,1
UTF1,MT2,1
UTF1,GZF1,1
UTF1,FABP3,1
UTF1,NR1D2,1
UTF1,KLF3,1
UTF1,ATF5,1
UTF1,SDC4,1
UTF1,KLF10,1
UTF1,ELL2,1
UTF1,CTH,1
UTF1,TAX1BP3,1
UTF1,HIST1H1D,1
UTF1,FXR2,1
UTF1,DDX20,1
UTF1,KDM5B,1
UTF1,ILF2,1
UTF1,HIST1H2BL,1
UTF1,HIST1H2AI,1
UTF1,NFATC2IP,1
UTF1,SLC16A1,1
UTF1,SPARC,1
UTF1,KHDRBS1,1
UTF1,HIST1H2BB,1
UTF1,HIF1A,1
UTF1,ABHD5,1
UTF1,SRSF3,1
UTF1,SMARCAD1,1
UTF1,CTBP1,1
UTF1,ZBTB24,1
UTF1,MYH9,1
UTF1,CTBP2,1
UTF1,SLC6A6,1
UTF1,PRSS35,1
UTF1,ID3,1
UTF1,ADAM19,1
UTF1,TAF6L,1
UTF1,POLR2B,1
UTF1,PAX8,1
UTF1,RAD51,1
UTF1,PAWR,1
UTF1,MTA3,1
UTF1,ANXA2,1
UTF1,HDAC1,1
UTF1,EWSR1,1
UTF1,ZSWIM4,1
UTF1,RBPJ,1
UTF1,RFX7,1
UTF1,HSPH1,1
UTF1,XBP1,1
UTF1,CRAMP1L,1
UTF1,PSIP1,1
UTF1,ESRRB,1
UTF1,TADA3,1
UTF1,JUND,1
UTF1,FUS,1
UTF1,MSX2,1
UTF1,CTCF,1
UTF1,ZYX,1
UTF1,SMAD2,1
UTF1,POLR2A,1
UTF1,NUPR1,1
UTF1,MSC,1
UTF1,JDP2,1
UTF1,ZFHX3,1
UTF1,P4HA2,1
UTF1,KLF2,1
UTF1,SP1,1
UTF1,ZFYVE21,1
UTF1,ADAM23,1
UTF1,ZMYM2,1
UTF1,ME1,1
UTF1,DKK1,1
UTF1,ATF2,1
UTF1,PLTP,1
UTF1,MYMX,1
UTF1,DAXX,1
UTF1,CNOT3,1
UTF1,ZFPM1,1
UTF1,SMARCC2,1
UTF1,CNOT7,1
UTF1,RBM14,1
UTF1,ETV3,1
UTF1,TAF10,1
UTF1,PTPN14,1
UTF1,EP300,1
UTF1,ASS1,1
UTF1,ASXL1,1
UTF1,NDN,1
UTF1,AIRE,1
UTF1,USF1,1
UTF1,STARD10,1
UTF1,PIAS3,1
UTF1,PHF2,1
UTF1,STAT5A,1
UTF1,GLIPR2,1
UTF1,CTSZ,1
UTF1,CALD1,1
UTF1,BTF3,1
UTF1,SAP30,1
UTF1,FXYD6,1
UTF1,XRCC5,1
UTF1,TAF1A,1
UTF1,BCAM,1
UTF1,COMMD3,1
UTF1,ESPL1,1
UTF1,ID4,1
UTF1,ERP29,1
UTF1,UHRF1,1
UTF1,NR5A2,1
UTF1,KPNA2,1
UTF1,CENPB,1
UTF1,ASH2L,1
UTF1,BTG2,1
UTF1,HNRNPAB,1
UTF1,TOP2A,1
UTF1,NEDD4,1
UTF1,TPM4,1
UTF1,SOX7,1
UTF1,SEC24D,1
UTF1,EED,1
UTF1,POLR1E,1
UTF1,DNMT1,1
UTF1,PATJ,1
UTF1,EPS8,1
UTF1,ELF2,1
UTF1,PARVB,1
UTF1,GABPA,1
UTF1,AIP,1
UTF1,SPRY4,1
UTF1,COIL,1
UTF1,BIN1,1
UTF1,ATP13A3,1
UTF1,FOXJ2,1
UTF1,ELF3,1
UTF1,CREB3,1
UTF1,CKAP4,1
UTF1,SATB1,1
UTF1,CRY1,1
UTF1,BTAF1,1
UTF1,RYBP,1
UTF1,NFKBIA,1
UTF1,FOXO1,1
UTF1,BRWD1,1
UTF1,TULP3,1
UTF1,STAT4,1
UTF1,NOTCH4,1
UTF1,GABARAPL2,1
UTF1,MDM2,1
UTF1,F3,1
UTF1,BMP6,1
UTF1,ZFP91,1
UTF1,TET2,1
UTF1,SRI,1
UTF1,EMP2,1
UTF1,ABTB1,1
UTF1,WBP11,1
UTF1,ILK,1
UTF1,CALR,1
UTF1,NFYB,1
UTF1,CNOT6,1
UTF1,HSPB1,1
UTF1,PHLDA3,1
UTF1,HIST1H4K,1
UTF1,DDX54,1
UTF1,KLF9,1
UTF1,EBF4,1
UTF1,POLR2I,1
UTF1,E2F1,1
UTF1,VILL,1
UTF1,SMURF1,1
UTF1,ATF6,1
UTF1,MAPK13,1
UTF1,PHF14,1
UTF1,MCM3,1
UTF1,ZFP276,1
UTF1,SORD,1
UTF1,HDAC3,1
UTF1,GNAS,1
UTF1,LAMB1,1
UTF1,SMURF2,1
UTF1,CLCN5,1
UTF1,BRCA1,1
UTF1,SKIL,1
UTF1,MKX,1
UTF1,HIST1H2BF,1
UTF1,ZEB2,1
UTF1,CREB5,1
UTF1,ZFP219,1
UTF1,TLE1,1
UTF1,DMRT1,1
UTF1,NDRG4,1
UTF1,RELA,1
UTF1,ARNTL,1
UTF1,RB1,1
UTF1,TMEM144,1
UTF1,GTF2I,1
UTF1,ULK1,1
UTF1,TRIM13,1
UTF1,AMPD2,1
UTF1,PHF20,1
UTF1,MYD88,1
UTF1,L3MBTL2,1
UTF1,SFPQ,1
UTF1,HIST1H2AF,1
UTF1,ZFP768,1
UTF1,SIN3A,1
UTF1,RFX2,1
UTF1,TEAD4,1
UTF1,CDKN1A,1
UTF1,CALCOCO1,1
UTF1,TIMELESS,1
UTF1,CUX1,1
UTF1,TIMP3,1
UTF1,NRF1,1
UTF1,GLIS2,1
UTF1,PAPOLA,1
UTF1,NDRG1,1
UTF1,TCEA3,1
UTF1,KAT2B,1
UTF1,ZBTB38,1
UTF1,KLF13,1
UTF1,LAMC1,1
UTF1,HDGF,1
UTF1,TGIF1,1
UTF1,ZFP423,1
UTF1,YBX1,1
UTF1,GRHL1,1
UTF1,2200002D01RIK,1
UTF1,TET1,1
UTF1,P3H4,1
UTF1,NCOA3,1
UTF1,CBX7,1
UTF1,CALCOCO2,1
UTF1,POLR2E,1
UTF1,PDCD4,1
UTF1,FGF4,1
UTF1,SP8,1
UTF1,STARD8,1
UTF1,RBPMS2,1
UTF1,TINAGL1,1
UTF1,SLCO3A1,1
UTF1,POU6F1,1
UTF1,MT1,1
UTF1,IRF4,1
UTF1,LDB1,1
UTF1,SEMA4C,1
UTF1,PROX1,1
UTF1,OPLAH,1
UTF1,SPOCK1,1
UTF1,TRIM32,1
UTF1,TENM4,1
UTF1,POLR1A,1
UTF1,ING1,1
UTF1,MAZ,1
UTF1,RARG,1
UTF1,LRPAP1,1
UTF1,LEFTY2,1
UTF1,HMGXB4,1
UTF1,FXR1,1
UTF1,UPP1,1
UTF1,TXNDC5,1
UTF1,LY6G6E,1
UTF1,KANK2,1
UTF1,HSP90AA1,1
UTF1,UBE2C,1
UTF1,SIX1,1
UTF1,RAB3IL1,1
UTF1,EFEMP2,1
UTF1,CMKLR1,1
UTF1,SCMH1,1
UTF1,ILF3,1
UTF1,IGFBP2,1
UTF1,ETV5,1
UTF1,SALL4,1
UTF1,FAM129B,1
UTF1,ZFP335,1
UTF1,MGST3,1
UTF1,TBPL1,1
UTF1,NR3C1,1
UTF1,ESRRA,1
UTF1,EPAS1,1
UTF1,TRIB3,1
UTF1,MEIS3,1
UTF1,XAB2,1
UTF1,HSF2BP,1
UTF1,FOXH1,1
UTF1,ATF3,1
UTF1,TRIP6,1
UTF1,TCF20,1
UTF1,KANK3,1
UTF1,APP,1
UTF1,RUNX1,1
UTF1,PIAS2,1
UTF1,FOXQ1,1
UTF1,EGR1,1
UTF1,ZFP462,1
UTF1,TFAP4,1
UTF1,SMARCA2,1
UTF1,HDAC5,1
UTF1,H1F0,1
UTF1,COBL,1
UTF1,NFIA,1
UTF1,RUVBL1,1
UTF1,AGAP3,1
UTF1,DAZAP2,1
UTF1,ZEB1,1
UTF1,PHC1,1
UTF1,GAS6,1
UTF1,SIRT2,1
UTF1,E2F2,1
UTF1,AMOTL2,1
UTF1,NR0B1,1
UTF1,MCM7,1
UTF1,KAT6B,1
UTF1,HSPG2,1
UTF1,RARA,1
UTF1,LAMB2,1
UTF1,FGF3,1
UTF1,CIC,1
UTF1,ZFP42,1
UTF1,ALPL,1
UTF1,TCOF1,1
UTF1,OBSL1,1
UTF1,MEN1,1
UTF1,EOMES,1
UTF1,GJB3,1
UTF1,DDAH2,1
UTF1,ANKS1,1
UTF1,CCNB1,1
UTF1,LDLRAP1,1
UTF1,POLR2K,1
UTF1,PITX2,1
UTF1,KNTC1,1
UTF1,FGFR3,1
UTF1,UNG,1
UTF1,SOS2,1
UTF1,GTF2A1L,1
UTF1,TRPS1,1
UTF1,TBX18,1
UTF1,ITPK1,1
UTF1,GRB10,1
UTF1,LAMA5,1
UTF1,HMGA2,1
UTF1,SMAD3,1
UTF1,EPHA4,1
UTF1,TFE3,1
UTF1,PLRG1,1
UTF1,DDIT3,1
UTF1,APOBEC3,1
UTF1,UBP1,1
UTF1,MED12,1
UTF1,BEX1,1
UTF1,2410141K09RIK,1
UTF1,POU5F1,1
UTF1,IFITM2,1
UTF1,ZFP296,1
UTF1,GSR,1
UTF1,ETV1,1
UTF1,CTNNB1,1
UTF1,LHX2,1
UTF1,TFEB,1
UTF1,SOCS2,1
UTF1,NR4A1,1
UTF1,NFATC1,1
UTF1,FOSL2,1
UTF1,COL4A2,1
UTF1,COL4A1,1
UTF1,ZFP275,1
UTF1,SNAI1,1
UTF1,FOXA2,1
UTF1,TWIST1,1
UTF1,HOXD13,1
UTF1,PAX6,1
UTF1,MEF2D,1
UTF1,LMO4,1
UTF1,UBTF,1
UTF1,TCL1,1
UTF1,NANOG,1
UTF1,ERCC3,1
UTF1,CD63,1
UTF1,NSD1,1
UTF1,NR1D1,1
UTF1,ID2,1
UTF1,ELK1,1
UTF1,TMED2,1
UTF1,MYBBP1A,1
UTF1,CTSA,1
UTF1,TDGF1,1
UTF1,KLF15,1
UTF1,MYC,1
UTF1,ECT2,1
UTF1,TNS4,1
UTF1,RCN3,1
UTF1,DTX1,1
UTF1,DCXR,1
UTF1,REST,1
UTF1,NUP210,1
UTF1,HNF1B,1
UTF1,MYLPF,1
UTF1,PEG3,1
UTF1,RAPGEF3,1
UTF1,NPAS2,1
UTF1,CHD7,1
UTF1,POU4F2,1
UTF1,LTBP4,1
UTF1,SOX4,1
UTF1,ANP32A,1
UTF1,JUN,1
UTF1,POLR1C,1
UTF1,GABBR1,1
UTF1,HIST1H1B,1
UTF1,RAI14,1
UTF1,PLAT,1
UTF1,ZBTB3,1
UTF1,OVOL1,1
UTF1,CHD4,1
UTF1,HSF2,1
UTF1,BRD7,1
UTF1,HEXIM1,1
UTF1,PTH1R,1
UTF1,PODXL,1
UTF1,GATA3,1
UTF1,TNK2,1
UTF1,HIVEP2,1
UTF1,EPHA2,1
UTF1,NFKB2,1
UTF1,MRAS,1
UTF1,SOX17,1
UTF1,PDGFRA,1
UTF1,NOTUM,1
UTF1,COL27A1,1
UTF1,KLF8,1
UTF1,HKDC1,1
UTF1,TUBB2B,1
UTF1,SATB2,1
UTF1,DKC1,1
UTF1,IGF2,1
UTF1,FGF10,1
UTF1,STAT5B,1
UTF1,GBX2,1
UTF1,ZFP979,1
UTF1,TRP53,1
UTF1,SSB,1
UTF1,NONO,1
UTF1,ERF,1
UTF1,ELF4,1
UTF1,DPPA2,1
UTF1,NFIB,1
UTF1,SLC25A5,1
UTF1,VEZF1,1
UTF1,TAF6,1
UTF1,ARHGEF40,1
UTF1,SLC5A11,1
UTF1,CHCHD10,1
UTF1,CUX2,1
UTF1,SNURF,1
UTF1,NFATC4,1
UTF1,KLF6,1
UTF1,TAGLN2,1
UTF1,DDX58,1
UTF1,CITED1,1
UTF1,VEGFA,1
UTF1,SMARCD1,1
UTF1,MYCN,1
UTF1,RIF1,1
UTF1,TEAD3,1
UTF1,SAT1,1
UTF1,KDELR3,1
UTF1,PCOLCE,1
UTF1,NACC1,1
UTF1,HIST1H1A,1
UTF1,TAF1,1
UTF1,MEF2C,1
UTF1,GATA6,1
UTF1,FOXO3,1
UTF1,CRIP2,1
UTF1,THBD,1
UTF1,SRF,1
UTF1,EMX2,1
UTF1,PML,1
UTF1,DNMT3A,1
UTF1,IRF3,1
UTF1,SRGN,1
UTF1,JARID2,1
UTF1,SPEN,1
UTF1,SRM,1
UTF1,NOTCH1,1
UTF1,TGFB1I1,1
UTF1,TOX3,1
UTF1,ISYNA1,1
UTF1,NR2F2,1
UTF1,SHKBP1,1
UTF1,BAZ1A,1
UTF1,SERPINH1,1
UTF1,LAPTM5,1
UTF1,KLF4,1
UTF1,CBX6,1
UTF1,ZDHHC15,1
UTF1,SLC9A6,1
UTF1,AKR1B8,1
UTF1,UBQLN2,1
UTF1,OTX2,1
UTF1,TFAP2C,1
UTF1,RHOX6,1
UTF1,PLOD3,1
UTF1,RBMX,1
UTF1,MORC4,1
UTF1,PDPN,1
UTF1,AKT1,1
UTF1,PKNOX2,1
UTF1,RASGRP2,1
UTF1,PBXIP1,1
UTF1,SOX15,1
UTF1,PRDM14,1
UTF1,MCM2,1
UTF1,RUVBL2,1
UTF1,HES1,1
UTF1,DUSP9,1
UTF1,SLC26A10,1
UTF1,PER1,1
UTF1,APOE,1
UTF1,TGFB1,1
UTF1,BMP4,1
UTF1,CLDN6,1
UTF1,TSHZ3,1
UTF1,TMSB4X,1
UTF1,SLC7A3,1
UTF1,TBL1X,1
UTF1,MEIS1,1
UTF1,ZBTB39,1
UTF1,FOXD3,1
UTF1,TYRO3,1
UTF1,FAM25C,1
UTF1,CBX8,1
UTF1,CKB,1
UTF1,CRABP2,1
UTF1,FBLIM1,1
UTF1,RLIM,1
UTF1,MORF4L2,1
UTF1,FIZ1,1
UTF1,SSBP4,1
UTF1,GLI1,1
UTF1,ZIC3,1
UTF1,MAML3,1
UTF1,LMF2,1
UTF1,PATZ1,1
UTF1,MYO7A,1
UTF1,IFITM1,1
UTF1,IFI30,1
UTF1,MAPK11,1
YEATS4,SFI1,1
YEATS4,HIST1H2AF,1
YEATS4,SMARCA5,1
YEATS4,HMGXB4,1
YEATS4,EYA1,1
YEATS4,ADAM23,1
YEATS4,RNF6,1
YEATS4,HIST1H2BK,1
YEATS4,EBF1,1
ZFP281,HDAC2,1
ZFP281,HIST1H4K,1
ZFP281,ASXL1,1
ZFP281,FOXH1,1
ZFP281,MTA3,1
ZFP281,ELF1,1
ZFP281,NEDD4,1
ZFP281,SRRT,1
ZFP281,HNRNPK,1
ZFP281,KPNA2,1
ZFP281,MLLT1,1
ZFP281,ETV1,1
ZFP281,YEATS2,1
ZFP281,HDLBP,1
ZFP281,BCAM,1
ZFP281,CST3,1
ZFP281,PCBP2,1
ZFP281,SLC25A5,1
ZFP281,TGIF1,1
ZFP281,SUZ12,1
ZFP281,KHDRBS1,1
ZFP281,RNF2,1
ZFP281,BRPF1,1
ZFP281,EWSR1,1
ZFP281,CDKN1A,1
ZFP281,VSIR,1
ZFP281,ODC1,1
ZFP281,SRSF1,1
ZFP281,HMGA1B,1
ZFP281,HMGA1,1
ZFP281,DNAJC2,1
ZFP281,MED21,1
ZFP281,LMF2,1
ZFP281,SALL4,1
ZFP281,COPS2,1
ZFP281,GLUL,1
ZFP281,ZFP275,1
ZFP281,TFRC,1
ZFP281,PIAS3,1
ZFP281,SPRY2,1
ZFP281,MSH6,1
ZFP281,ZFP768,1
ZFP281,GABARAPL2,1
ZFP281,EZH2,1
ZFP281,MATR3,1
ZFP281,GTF3C1,1
ZFP281,SMARCA4,1
ZFP281,CDC42SE2,1
ZFP281,MDM2,1
ZFP281,CLDN6,1
ZFP281,OPLAH,1
ZFP281,SHROOM3,1
ZFP281,NONO,1
ZFP281,FOXJ2,1
ZFP281,STXBP2,1
ZFP281,ZFHX3,1
ZFP281,UBE2C,1
ZFP281,FABP3,1
ZFP281,ELF2,1
ZFP281,TRPS1,1
ZFP281,KAT6B,1
ZFP281,ZFP91,1
ZFP281,PHF20,1
ZFP281,FXYD6,1
ZFP281,ILF3,1
ZFP281,DDX5,1
ZFP281,RBM14,1
ZFP281,CIC,1
ZFP281,TRIM28,1
ZFP281,TOP2B,1
ZFP281,SLC25A4,1
ZFP281,THRAP3,1
ZFP281,TBPL1,1
ZFP281,PHLDA3,1
ZFP281,KDM3A,1
ZFP281,TCEA3,1
ZFP281,DCP1A,1
ZFP281,RBBP4,1
ZFP281,POU5F1,1
ZFP281,ZFP219,1
ZFP281,TRIM32,1
ZFP281,MT2,1
ZFP281,NANOG,1
ZFP281,SATB1,1
ZFP281,ZHX3,1
ZFP281,FOXO1,1
ZFP281,TADA3,1
ZFP281,BCLAF1,1
ZFP281,ADAM19,1
ZFP281,ILK,1
ZFP281,SMARCC1,1
ZFP281,WWTR1,1
ZFP281,CTSL,1
ZFP281,ASH2L,1
ZFP281,UBQLN2,1
ZFP281,NOTCH2,1
ZFP281,KNTC1,1
ZFP281,PSIP1,1
ZFP281,HNRNPD,1
ZFP281,ERF,1
ZFP281,SP1,1
ZFP281,SOX2,1
ZFP281,SEMA4C,1
ZFP281,ETV6,1
ZFP281,TBL1X,1
ZFP281,EP300,1
ZFP281,SNURF,1
ZFP281,NFIC,1
ZFP281,TRIP6,1
ZFP281,NFE2L1,1
ZFP281,IMPDH1,1
ZFP281,ATF5,1
ZFP281,ARHGAP29,1
ZFP281,FUS,1
ZFP281,NRF1,1
ZFP281,MAZ,1
ZFP281,PIAS1,1
ZFP281,RUNX1,1
ZFP281,NACC1,1
ZFP281,RLIM,1
ZFP281,SIX5,1
ZFP281,MOV10,1
ZFP281,ING1,1
ZFP281,NFIA,1
ZFP281,POU2F1,1
ZFP281,KLF8,1
ZFP281,SERTAD2,1
ZFP281,GTF2I,1
ZFP281,ZFP148,1
ZFP281,ALPL,1
ZFP281,CRIP2,1
ZFP281,APOE,1
ZFP281,MKX,1
ZFP281,DAXX,1
ZFP281,CNOT6,1
ZFP281,SPRY4,1
ZFP281,JARID2,1
ZFP281,NR2F6,1
ZFP281,SIN3A,1
ZFP281,PTPN14,1
ZFP281,RNF6,1
ZFP281,ETV5,1
ZFP281,MORF4L2,1
ZFP281,TPD52,1
ZFP281,KAT2B,1
ZFP281,FIZ1,1
ZFP281,PLTP,1
ZFP281,VILL,1
ZFP281,JUND,1
ZFP281,NFATC3,1
ZFP281,PCOLCE,1
ZFP281,ELAVL2,1
ZFP281,APBB1,1
ZFP281,FRMD4A,1
ZFP281,MBD2,1
ZFP281,HDAC11,1
ZFP281,GLI2,1
ZFP281,SDC4,1
ZFP281,ZEB2,1
ZFP281,GRB10,1
ZFP281,FXR1,1
ZFP281,HNRNPAB,1
ZFP281,MAPK13,1
ZFP281,SALL1,1
ZFP281,ESRRA,1
ZFP281,RCC2,1
ZFP281,USF1,1
ZFP281,GJB3,1
ZFP281,TXNDC12,1
ZFP281,ALG13,1
ZFP281,TRP53BP1,1
ZFP281,ARID1A,1
ZFP281,KANK2,1
ZFP281,DNMT3A,1
ZFP281,TPM4,1
ZFP281,ZDHHC15,1
ZFP281,H1F0,1
ZFP281,CITED2,1
ZFP281,ESRRB,1
ZFP281,L1TD1,1
ZFP281,BTAF1,1
ZFP281,LDB1,1
ZFP281,DDIT3,1
ZFP281,IRF1,1
ZFP281,SFI1,1
ZFP281,VIM,1
ZFP281,LAMB1,1
ZFP281,ATF1,1
ZFP281,HDAC3,1
ZFP281,TCF4,1
ZFP281,FXR2,1
ZFP281,PELP1,1
ZFP281,UCHL1,1
ZFP281,ZFAND3,1
ZFP281,ANKRD6,1
ZFP281,KLF2,1
ZFP281,MYMX,1
ZFP281,RCOR2,1
ZFP281,CNOT7,1
ZFP281,SMURF1,1
ZFP281,SPEN,1
ZFP281,TMSB4X,1
ZFP281,TAF5,1
ZFP281,CD63,1
ZFP281,AIP,1
ZFP281,RBPMS2,1
ZFP281,HIVEP2,1
ZFP281,CCND1,1
ZFP281,BEND5,1
ZFP281,NR5A2,1
ZFP281,CALR,1
ZFP281,TENM4,1
ZFP281,YEATS4,1
ZFP281,SKIL,1
ZFP281,ELL2,1
ZFP281,AMPD2,1
ZFP281,NRG1,1
ZFP281,KLF10,1
ZFP281,PDCD4,1
ZFP281,TRIM24,1
ZFP281,HMGB2,1
ZFP281,LRP2,1
ZFP281,CTNNB1,1
ZFP281,KIT,1
ZFP281,TRIM13,1
ZFP281,PDGFRA,1
ZFP281,TFEB,1
ZFP281,NR3C1,1
ZFP281,TUBB6,1
ZFP281,RARA,1
ZFP281,TSHZ3,1
ZFP281,GLIS2,1
ZFP281,ANKS1,1
ZFP281,TOX3,1
ZFP281,PLAG1,1
ZFP281,COIL,1
ZFP281,SLC6A8,1
ZFP281,EED,1
ZFP281,KLF3,1
ZFP281,BIN1,1
ZFP281,UNG,1
ZFP281,POLR2A,1
ZFP281,BTF3,1
ZFP281,GSR,1
ZFP281,SRF,1
ZFP281,NCOR1,1
ZFP281,CBX7,1
ZFP281,FOXO3,1
ZFP281,ZFP36L1,1
ZFP281,POU6F1,1
ZFP281,CHST15,1
ZFP281,MYBBP1A,1
ZFP281,FOXP1,1
ZFP281,LAMA1,1
ZFP281,BMPER,1
ZFP281,TUBB2B,1
ZFP281,SSBP4,1
ZFP281,MKRN1,1
ZFP281,HES6,1
ZFP281,RBFOX2,1
ZFP281,ZBTB10,1
ZFP281,GLI1,1
ZFP281,GNAS,1
ZFP281,CHD4,1
ZFP281,PAX6,1
ZFP281,CBX8,1
ZFP281,MYCN,1
ZFP281,NR2C1,1
ZFP281,HSP90B1,1
ZFP281,ZEB1,1
ZFP281,PAPOLA,1
ZFP281,SLC6A6,1
ZFP281,GDPD5,1
ZFP281,HSF2,1
ZFP281,LTBP4,1
ZFP281,NAA15,1
ZFP281,LAMB2,1
ZFP281,HDAC5,1
ZFP281,P3H4,1
ZFP281,HDAC7,1
ZFP281,TXNIP,1
ZFP281,RASGRP2,1
ZFP281,TCERG1,1
ZFP281,GLIPR2,1
ZFP281,NFKBIA,1
ZFP281,ZMYM2,1
ZFP281,POLR2B,1
ZFP281,BNIP3,1
ZFP281,TOX4,1
ZFP281,TET2,1
ZFP281,SUB1,1
ZFP281,SOCS2,1
ZFP281,LAPTM5,1
ZFP281,KLF15,1
ZFP281,SELENOW,1
ZFP281,ETV4,1
ZFP281,PHB2,1
ZFP281,INSIG1,1
ZFP281,UHRF1,1
ZFP281,HMGXB4,1
ZFP281,NFATC4,1
ZFP281,IFI30,1
ZFP281,ATF7,1
ZFP281,NFX1,1
ZFP281,UPP1,1
ZFP281,CREB3,1
ZFP281,APEX1,1
ZFP281,PTH1R,1
ZFP281,COTL1,1
ZFP281,MAN1A2,1
ZFP281,KLF9,1
ZFP281,GATA6,1
ZFP281,CCNB1,1
ZFP281,PLAT,1
ZFP281,DDAH2,1
ZFP281,TRIB3,1
ZFP281,HSPB1,1
ZFP281,RFX7,1
ZFP281,TFAP4,1
ZFP281,BRCA1,1
ZFP281,LEFTY1,1
ZFP281,RBBP7,1
ZFP281,TWIST1,1
ZFP281,ULK1,1
ZFP281,ZBTB7A,1
ZFP281,JAM2,1
ZFP281,GZF1,1
ZFP281,TDGF1,1
ZFP281,WDR45,1
ZFP281,PCBD1,1
ZFP281,HOXD13,1
ZFP281,KDM5B,1
ZFP281,NID1,1
ZFP281,RARG,1
ZFP281,SGK1,1
ZFP281,PLOD2,1
ZFP281,ZFPM1,1
ZFP281,DDB1,1
ZFP281,CSF1,1
ZFP281,HSPA5,1
ZFP281,TRIM25,1
ZFP281,DMRT1,1
ZFP281,TAF9,1
ZFP281,SRSF6,1
ZFP281,SEPT1,1
ZFP281,HDAC1,1
ZFP281,FN1,1
ZFP281,LAMA5,1
ZFP281,MSC,1
ZFP281,SOAT1,1
ZFP281,TULP3,1
ZFP281,KLF4,1
ZFP281,MYLPF,1
ZFP281,HMCES,1
ZFP281,POLR1E,1
ZFP281,MAPK11,1
ZFP281,ARNTL,1
ZFP281,JUN,1
ZFP281,EGR1,1
ZFP281,LOXL2,1
ZFP281,CTBP1,1
ZFP281,CBX6,1
ZFP281,BRCA2,1
ZFP281,LMO4,1
ZFP281,APOBEC3,1
ZFP281,FBLIM1,1
ZFP281,GABBR1,1
ZFP281,ARHGEF40,1
ZFP281,BMI1,1
ZFP281,LAMC1,1
ZFP281,FGF10,1
ZFP281,LY6G6E,1
ZFP281,ZYX,1
ZFP281,RBPJ,1
ZFP281,IGFBP2,1
ZFP281,FST,1
ZFP281,SMARCC2,1
ZFP281,MTF2,1
ZFP281,P4HB,1
ZFP281,DTX1,1
ZFP281,POLR2K,1
ZFP281,MEF2D,1
ZFP281,MCM6,1
ZFP281,SHKBP1,1
ZFP281,TYRO3,1
ZFP281,CRY1,1
ZFP281,PARP1,1
ZFP281,HCFC1,1
ZFP281,KLF13,1
ZFP281,PATZ1,1
ZFP281,SMARCD1,1
ZFP281,E2F6,1
ZFP281,SATB2,1
ZFP281,ZFP592,1
ZFP281,TBX3,1
ZFP281,NFE2L2,1
ZFP281,PRDM1,1
ZFP281,EHMT2,1
ZFP281,UBTF,1
ZFP281,TAGLN2,1
ZFP281,TFAP2C,1
ZFP281,GATA4,1
ZFP281,TCF7L2,1
ZFP281,EPHA4,1
ZFP281,MCM7,1
ZFP281,HMGXB3,1
ZFP281,PBXIP1,1
ZFP281,ELF3,1
ZFP281,SORD,1
ZFP281,SMAD2,1
ZFP281,MME,1
ZFP281,ANXA5,1
ZFP281,DNMT1,1
ZFP281,RAPGEF3,1
ZFP281,TCF12,1
ZFP281,NR2F2,1
ZFP281,IRF6,1
ZFP281,UTF1,1
ZFP281,ISYNA1,1
ZFP281,ZIC3,1
ZFP281,LRRK1,1
ZFP281,NDRG1,1
ZFP281,ELK4,1
ZFP281,MEIS1,1
ZFP281,CTBP2,1
ZFP281,PEG3,1
ZFP281,SMAD7,1
ZFP281,NFIB,1
ZFP281,L3MBTL2,1
ZFP281,CNOT8,1
ZFP281,TAX1BP3,1
ZFP281,FUBP3,1
ZFP281,PARVB,1
ZFP281,PIAS2,1
ZFP281,RBL1,1
ZFP281,NOTUM,1
ZFP281,YBX1,1
ZFP281,XAB2,1
ZFP281,HIF1A,1
ZFP281,SLC7A3,1
ZFP281,TGFB1,1
ZFP281,TRRAP,1
ZFP281,SRM,1
ZFP281,PURA,1
ZFP281,PHC1,1
ZFP281,SLC16A1,1
ZFP281,CLCN5,1
ZFP281,ZFP277,1
ZFP281,IFITM2,1
ZFP281,EOMES,1
ZFP281,BARD1,1
ZFP281,TSPAN9,1
ZFP281,KLF6,1
ZFP281,SREBF1,1
ZFP281,TFE3,1
ZFP281,DIDO1,1
ZFP281,TLE1,1
ZFP281,TRH,1
ZFP281,NOTCH4,1
ZFP281,MCM4,1
ZFP281,TUBA4A,1
ZFP281,P4HA1,1
ZFP281,SERPINH1,1
ZFP281,LDHB,1
ZFP281,F3,1
ZFP281,TIMELESS,1
ZFP281,SAT1,1
ZFP281,SMARCA2,1
ZFP281,E2F1,1
ZFP281,KRBA1,1
ZFP281,POLR2E,1
ZFP281,POU4F2,1
ZFP281,SOX15,1
ZFP281,LEFTY2,1
ZFP281,BRWD1,1
ZFP281,BCL3,1
ZFP281,ZFP236,1
ZFP281,RYBP,1
ZFP281,2200002D01RIK,1
ZFP281,ZFP57,1
ZFP281,ZBTB39,1
ZFP281,GATA3,1
ZFP281,MAPK8,1
ZFP281,SAP30,1
ZFP281,P3H1,1
ZFP281,POLR3B,1
ZFP281,FOXD3,1
ZFP281,ANP32A,1
ZFP281,PDK1,1
ZFP281,NR4A1,1
ZFP281,DDB2,1
ZFP281,FOSL2,1
ZFP281,CELF3,1
ZFP281,SMARCA5,1
ZFP281,PITX1,1
ZFP281,ANXA2,1
ZFP281,THBD,1
ZFP281,CUX1,1
ZFP281,RNF14,1
ZFP281,WBP11,1
ZFP281,MLXIP,1
ZFP281,VEZF1,1
ZFP281,TAF6L,1
ZFP281,PREB,1
ZFP281,NR1D2,1
ZFP281,FGFR3,1
ZFP281,RRBP1,1
ZFP281,KEAP1,1
ZFP281,IFITM3,1
ZFP281,PDIA6,1
ZFP281,GLS,1
ZFP281,MED12,1
ZFP281,ETV3,1
ZFP281,BASP1,1
ZFP281,RIF1,1
ZFP281,PHF12,1
ZFP281,DR1,1
ZFP281,POLR1A,1
ZFP281,OVOL1,1
ZFP281,POLR3D,1
ZFP281,ABHD5,1
ZFP281,ILF2,1
ZFP281,PER1,1
ZFP281,SIRT3,1
ZFP281,EPHA2,1
ZFP281,ATP6V0A1,1
ZFP281,FOXJ3,1
ZFP281,REST,1
ZFP281,EMX2,1
ZFP281,CKAP4,1
ZFP281,FOXA2,1
ZFP281,XRCC5,1
ZFP281,SIN3B,1
ZFP281,HDAC4,1
ZFP281,HSP90AA1,1
ZFP281,ZFP335,1
ZFP281,MT1,1
ZFP281,FAM129B,1
ZFP281,TCEA1,1
ZFP281,XRCC6,1
ZFP281,SERPINE2,1
ZFP281,MYH9,1
ZFP281,RBMX,1
ZFP281,MSX2,1
ZFP281,CTCF,1
ZFP281,CNOT6L,1
ZFP281,RAB11A,1
ZFP281,ME1,1
ZFP281,MAFK,1
ZFP281,NFATC1,1
ZFP281,HDGF,1
ZFP281,SMAD3,1
ZFP281,JDP2,1
ZFP281,HNF1B,1
ZFP281,TEAD3,1
ZFP281,NSD1,1
ZFP281,PROX1,1
ZFP281,NDRG4,1
ZFP281,SIRT1,1
ZFP281,AKR1B8,1
ZFP281,MIS18BP1,1
ZFP281,MYO6,1
ZFP281,CALU,1
ZFP281,DAZAP2,1
ZFP281,DEK,1
ZFP281,CTSA,1
ZFP281,EMP2,1
ZFP281,E2F2,1
ZFP281,ATF6,1
ZFP281,CRABP2,1
ZFP281,EP400,1
ZFP281,CTH,1
ZFP281,TINAGL1,1
ZFP281,ATF3,1
ZFP281,TNFAIP3,1
ZFP281,P4HA2,1
ZFP281,ZBTB24,1
ZFP281,FHL2,1
ZFP281,TIMP2,1
ZFP281,AGAP3,1
ZFP281,ZFP42,1
ZFP281,DDX20,1
ZFP281,POLR1B,1
ZFP281,MGST3,1
ZFP281,CSRP2,1
ZFP281,ING3,1
ZFP281,BCAT1,1
ZFP281,NUP210,1
ZFP281,BTG2,1
ZFP281,MAML1,1
ZFP281,AIRE,1
ZFP281,ZSWIM4,1
ZFP281,EPAS1,1
ZFP281,EFEMP2,1
ZFP281,NR1H2,1
ZFP281,CRAMP1L,1
ZFP281,RAI14,1
ZFP281,BAZ1A,1
ZFP281,IGF2,1
ZFP281,TCF7,1
ZFP281,GTF2H3,1
ZFP281,TRP53,1
ZFP281,RCN3,1
ZFP281,NFYA,1
ZFP281,CBX4,1
ZFP281,STARD10,1
ZFP281,OTX2,1
ZFP281,ATM,1
ZFP281,SSB,1
ZFP281,HTT,1
ZFP281,TNS4,1
ZFP281,HIP1,1
ZFP281,PFKP,1
ZFP281,POLR2H,1
ZFP281,COBL,1
ZFP281,RUVBL2,1
ZFP281,PHLDB2,1
ZFP281,FLRT3,1
ZFP281,ID4,1
ZFP281,GABPA,1
ZFP281,ZFP296,1
ZFP281,HMGA2,1
ZFP281,PMS1,1
ZFP281,PMM1,1
ZFP281,PHF1,1
ZFP281,LHX2,1
ZFP281,HSPG2,1
ZFP281,MITF,1
ZFP281,CTNNBL1,1
ZFP281,NR1D1,1
ZFP281,MEF2A,1
ZFP281,CREB5,1
ZFP281,KHDC3,1
ZFP281,EPS8,1
ZFP281,ZFP398,1
ZFP281,CKB,1
ZFP281,PDPN,1
ZFP281,NPAS2,1
ZFP281,MAPK3,1
ZFP281,MPHOSPH8,1
ZFP281,LDLRAP1,1
ZFP281,GTF3C5,1
ZFP281,ADAM23,1
ZFP281,HEXIM1,1
ZFP281,DAB2,1
ZFP281,ELK1,1
ZFP281,CITED1,1
ZFP281,RRM2,1
ZFP281,HSBP1,1
ZFP281,TMED2,1
ZFP281,DKC1,1
ZFP281,ATF2,1
ZFP281,POLR2I,1
ZFP281,COL4A2,1
ZFP281,COL4A1,1
ZFP281,CNOT2,1
ZFP281,ERCC8,1
ZFP281,BARX1,1
ZFP281,SFPQ,1
ZFP281,GLDC,1
ZFP281,CDC5L,1
ZFP281,MED4,1
ZFP281,NR0B1,1
ZFP281,LGMN,1
ZFP281,D230025D16RIK,1
ZFP281,CEBPZ,1
ZFP281,RERE,1
ZFP281,SEC24D,1
ZFP281,SNAPC3,1
ZFP281,PDCD11,1
ZFP281,ZMYND11,1
ZFP281,SCMH1,1
ZFP281,IRF2,1
ZFP281,DDX54,1
ZFP281,ZDHHC16,1
ZFP281,MED31,1
ZFP281,TAF1A,1
ZFP281,SURF4,1
ZFP281,BTBD11,1
ZFP281,RFX5,1
ZFP281,MEF2C,1
ZFP281,INTS12,1
ZFP281,DKK1,1
ZFP281,ID3,1
ZFP281,HIST1H2AC,1
ZFP281,SLCO3A1,1
ZFP281,DDX58,1
ZFP281,PLRG1,1
ZFP281,RUVBL1,1
ZFP281,PA2G4,1
ZFP281,TAF10,1
ZFP281,PRRX2,1
ZFP281,CREB3L2,1
ZFP281,CDC20,1
ZFP281,PLAGL2,1
ZFP281,ORC2,1
ZFP281,GAS6,1
ZFP281,AMOTL2,1
ZFP281,TAF6,1
ZFP281,ECD,1
ZFP281,FDPS,1
ZFP281,ZBTB38,1
ZFP281,RFX2,1
ZFP281,SOX17,1
ZFP281,ATP13A3,1
ZFP281,POLR3F,1
ZFP281,GRIN1,1
ZFP281,FAM234A,1
ZFP281,COMMD3,1
ZFP281,POLR2J,1
ZFP281,SLC5A11,1
ZFP281,APP,1
ZFP281,ARNT2,1
ZFP281,AATF,1
ZFP281,SLC9A6,1
ZFP281,SOS2,1
ZFP281,ZSCAN10,1
ZFP281,CCN2,1
ZFP281,ASNS,1
ZFP281,RFXAP,1
ZFP281,STAT5A,1
ZFP281,BTG1,1
ZFP281,ANKRD49,1
ZFP281,SOX4,1
ZFP281,TXNDC5,1
ZFP281,MEN1,1
ZFP281,FRRS1,1
ZFP281,SMARCB1,1
ZFP281,ELP2,1
ZFP281,CNOT3,1
ZFP281,ASS1,1
ZFP281,TSG101,1
ZFP281,RB1,1
ZFP281,CHCHD10,1
ZFP281,ATF4,1
ZFP281,KANK3,1
ZFP281,ZBTB43,1
ZFP281,RANBP17,1
ZFP281,TDH,1
ZFP281,CCNG1,1
ZFP281,PRSS35,1
ZFP281,PHF14,1
ZFP281,GRHL1,1
ZFP281,CALCOCO1,1
ZFP281,HIST1H2BL,1
ZFP281,HIST1H2AI,1
ZFP281,COL27A1,1
ZFP281,SMURF2,1
ZFP281,TBX18,1
ZFP281,NFIL3,1
ZFP281,MAML3,1
ZFP281,MEIS3,1
ZFP281,SND1,1
ZFP281,GTF2A1L,1
ZFP281,FAM25C,1
ZFP281,TMEM144,1
ZFP281,NDN,1
ZFP281,MYC,1
ZFP281,BRD7,1
ZFP281,RAD54B,1
ZFP281,IFITM1,1
ZFP281,TEAD4,1
ZFP281,CTSD,1
ZFP281,ZFP446,1
ZFP281,PBX4,1
ZFP281,IRF4,1
ZFP281,ZFP276,1
ZFP281,SPARC,1
ZFP281,MORC4,1
ZFP281,MED15,1
ZFP281,PAWR,1
ZFP281,TCOF1,1
ZFP281,MYBL2,1
ZFP281,HIST1H3H,1
ZFP281,HIST1H2BK,1
ZFP281,SIX1,1
ZFP281,STAT5B,1
ZFP281,MRAS,1
ZFP281,ITGA6,1
ZFP281,NFKB2,1
ZFP281,XBP1,1
ZFP281,B2M,1
ZFP281,HIF3A,1
ZFP281,BEX1,1
ZFP281,ABT1,1
ZFP281,HIST1H1D,1
ZFP281,EBF4,1
ZFP281,FXYD3,1
ZFP281,TGFB1I1,1
ZFP281,SLC7A6,1
ZFP281,HS3ST1,1
ZFP281,SPP1,1
ZFP281,EYA1,1
ZFP281,ELF4,1
ZFP281,FGF4,1
ZFP281,ZBTB3,1
ZFP281,CALCOCO2,1
ZFP281,MCM5,1
ZFP281,HSPH1,1
ZFP281,SNAI1,1
ZFP281,NME2,1
ZFP281,SIRT2,1
ZFP281,EDEM1,1
ZFP281,OBSL1,1
ZFP281,HEY2,1
ZFP281,RELA,1
ZFP281,TRIP11,1
ZFP281,STAT4,1
ZFP281,PATJ,1
ZFP281,MCM3,1
ZFP281,GNPDA1,1
ZFP281,DPP4,1
ZFP281,TCF20,1
ZFP281,SPOCK1,1
ZFP281,PRDM14,1
ZFP281,PKNOX2,1
ZFP281,MARC2,1
ZFP281,SSR3,1
ZFP281,KRT8,1
ZFP281,NRIP1,1
ZFP281,NFYB,1
ZFP281,BMP6,1
ZFP281,RAD51,1
ZFP281,ERCC3,1
ZFP281,TAF1,1
ZFP281,HSF2BP,1
ZFP281,MLXIPL,1
ZFP281,TMF1,1
ZFP281,TMEM150A,1
ZFP281,TFCP2L1,1
ZFP281,KDELR2,1
ZFP281,IKBKB,1
ZFP281,SRSF3,1
ZFP281,RNF19A,1
ZFP281,PHF2,1
ZFP281,GPX3,1
ZFP281,PRDM5,1
ZFP281,NKRF,1
ZFP281,ELL3,1
ZFP281,HIST1H2BF,1
ZFP281,HIST1H1B,1
ZFP281,CTNNBIP1,1
ZFP281,ARL6IP5,1
ZFP281,TNK2,1
ZFP281,NUPR1,1
ZFP281,RNF157,1
ZFP281,RBMXL2,1
ZFP281,HOPX,1
ZFP281,TTF2,1
ZFP281,SMARCAD1,1
ZFP281,ITPK1,1
ZFP281,DNAJC10,1
ZFP281,CUBN,1
ZFP281,TOPORS,1
ZFP281,SLC26A10,1
ZFP281,PODXL,1
ZFP281,JMJD1C,1
ZFP281,POU4F1,1
ZFP281,BMP4,1
ZFP281,NCOA3,1
ZFP281,EIF4A2,1
ZFP281,NFXL1,1
ZFP281,HIST1H2AF,1
ZFP281,FOXQ1,1
ZFP281,CAR2,1
ZFP281,STARD8,1
ZFP281,ETS1,1
ZFP281,CENPB,1
ZFP281,HTRA1,1
ZFP281,CHD5,1
ZFP281,TEAD1,1
ZFP281,SOX7,1
ZFP281,PITX2,1
ZFP281,ERP29,1
ZFP281,ABTB1,1
ZFP281,ESPL1,1
ZFP281,TET1,1
ZFP281,HIST1H2BB,1
ZFP281,EZH1,1
ZFP281,CHD7,1
ZFP281,MANF,1
ZFP281,PAX8,1
ZFP281,CTSZ,1
ZFP281,CMKLR1,1
ZFP281,TOP2A,1
ZFP281,FGF3,1
ZFP281,RAB3IL1,1
ZFP281,ZFYVE21,1
ZFP281,IRF3,1
ZFP42,TAF5,1
ZFP42,PHB2,1
ZFP42,E2F6,1
ZFP42,KDM3A,1
ZFP42,DDX5,1
ZFP42,HNRNPD,1
ZFP42,TOPORS,1
ZFP42,ASXL1,1
ZFP42,DDX54,1
ZFP42,POU5F1,1
ZFP42,SFPQ,1
ZFP42,MCM5,1
ZFP42,NAA15,1
ZFP42,ETS1,1
ZFP42,HNRNPK,1
ZFP42,SIRT1,1
ZFP42,KNTC1,1
ZFP42,FRMD4A,1
ZFP42,NRF1,1
ZFP42,COPS2,1
ZFP42,ZFP277,1
ZFP42,MTF2,1
ZFP42,CDC42SE2,1
ZFP42,GTF3C1,1
ZFP42,TET2,1
ZFP42,RBM14,1
ZFP42,CCNB1,1
ZFP42,XRCC5,1
ZFP42,TCF12,1
ZFP42,SRSF3,1
ZFP42,BCAM,1
ZFP42,INSIG1,1
ZFP42,ARID1A,1
ZFP42,HMGXB4,1
ZFP42,GTF2H3,1
ZFP42,SMARCC2,1
ZFP42,SSB,1
ZFP42,HMGB2,1
ZFP42,MPHOSPH8,1
ZFP42,HSP90AA1,1
ZFP42,NACC1,1
ZFP42,SIRT2,1
ZFP42,SRSF1,1
ZFP42,YEATS4,1
ZFP42,ZMYM2,1
ZFP42,HIST1H4K,1
ZFP42,MORF4L2,1
ZFP42,EWSR1,1
ZFP42,PELP1,1
ZFP42,RLIM,1
ZFP42,ATF4,1
ZFP42,ZFP91,1
ZFP42,CTNNB1,1
ZFP42,HDLBP,1
ZFP42,L3MBTL2,1
ZFP42,TCF4,1
ZFP42,DIDO1,1
ZFP42,AMOTL2,1
ZFP42,PIAS1,1
ZFP42,HIST1H2AC,1
ZFP42,SP1,1
ZFP42,ELL2,1
ZFP42,NFYB,1
ZFP42,PREB,1
ZFP42,ATP6V0A1,1
ZFP42,MAN1A2,1
ZFP42,RBBP4,1
ZFP42,ING1,1
ZFP42,MGST3,1
ZFP42,CLCN5,1
ZFP42,MKRN1,1
ZFP42,SDC4,1
ZFP42,TFRC,1
ZFP42,POLR1E,1
ZFP42,COIL,1
ZFP42,DCP1A,1
ZFP42,TAX1BP3,1
ZFP42,DKC1,1
ZFP42,NR3C1,1
ZFP42,SLC25A4,1
ZFP42,SPRY2,1
ZFP42,MED21,1
ZFP42,ODC1,1
ZFP42,HIST1H2BN,1
ZFP42,HIST1H2AK,1
ZFP42,HCFC1,1
ZFP42,TAF6,1
ZFP42,GTF3C5,1
ZFP42,RBBP7,1
ZFP42,POLR1A,1
ZFP42,HOXD13,1
ZFP42,ASH2L,1
ZFP42,SRSF6,1
ZFP42,MCM4,1
ZFP42,WBP11,1
ZFP42,SMARCA5,1
ZFP42,ABHD5,1
ZFP42,SIX1,1
ZFP42,SNURF,1
ZFP42,NCOR1,1
ZFP42,MED4,1
ZFP42,SFI1,1
ZFP42,ZFP979,1
ZFP42,UBQLN2,1
ZFP42,HIF3A,1
ZFP42,MATR3,1
ZFP42,HIST1H2BK,1
ZFP42,TCERG1,1
ZFP42,BCLAF1,1
ZFP42,LMF2,1
ZFP42,TOP2A,1
ZFP42,PMM1,1
ZFP42,ILF2,1
ZFP42,DR1,1
ZFP42,SAP30,1
ZFP42,SUB1,1
ZFP42,HNRNPAB,1
ZFP42,RRM2,1
ZFP42,JARID2,1
ZFP42,RBMXL2,1
ZFP42,RNF14,1
ZFP42,MAML1,1
ZFP42,HIST1H2BF,1
ZFP42,HIST1H2BL,1
ZFP42,HIST1H2AI,1
ZFP42,HTT,1
ZFP42,HDAC2,1
ZFP42,DDX20,1
ZFP42,P3H1,1
ZFP42,HDAC4,1
ZFP42,HDGF,1
ZFP42,HSPH1,1
ZFP42,SIRT3,1
ZFP42,ZBTB38,1
ZFP42,NFATC2IP,1
ZFP42,CCNG1,1
ZFP42,TRIP11,1
ZFP42,CCN2,1
ZFP42,GLUL,1
ZFP42,ARHGAP29,1
ZFP42,BCAT1,1
ZFP42,TADA3,1
ZFP42,MME,1
ZFP42,STAT4,1
ZFP42,FXR2,1
ZFP42,FRRS1,1
ZFP42,VEZF1,1
ZFP42,NR0B1,1
ZFP42,JUN,1
ZFP42,PAPOLA,1
ZFP42,POLR2A,1
ZFP42,HIST1H2BB,1
ZFP42,BTAF1,1
ZFP42,TOP2B,1
ZFP42,POLR1B,1
ZFP42,ECD,1
ZFP42,EYA1,1
ZFP42,SMARCAD1,1
ZFP42,HSPA5,1
ZFP42,TMF1,1
ZFP42,CUX1,1
ZFP42,CEBPZ,1
ZFP42,APEX1,1
ZFP42,XBP1,1
ZFP42,NONO,1
ZFP42,TBL1X,1
ZFP42,BEX1,1
ZFP42,EIF4A2,1
ZFP42,POLR2B,1
ZFP42,ZFP987,1
ZFP42,PIAS3,1
ZFP42,NFKBIA,1
ZFP42,INTS12,1
ZFP42,DEK,1
ZFP42,BTG1,1
ZFP42,ZDHHC16,1
ZFP42,CUX2,1
ZFP42,SRI,1
ZFP42,POLR3B,1
ZFP42,ILF3,1
ZFP42,ZEB2,1
ZFP42,SMARCA4,1
ZFP42,NFX1,1
ZFP42,ELF1,1
ZFP42,ZFAND3,1
ZFP42,P4HB,1
ZFP42,EDEM1,1
ZFP42,TAF9,1
ZFP42,POU2F1,1
ZFP42,BRWD1,1
ZFP42,THRAP3,1
ZFP42,SERTAD2,1
ZFP42,FUS,1
ZFP42,ELP2,1
ZFP42,ETV3,1
ZFP42,KLF8,1
ZFP42,TUBB6,1
ZFP42,MORC4,1
ZFP42,NEDD4,1
ZFP42,GLS,1
ZFP42,EP300,1
ZFP42,MYBBP1A,1
ZFP42,MED12,1
ZFP42,SAT1,1
ZFP42,POLR2I,1
ZFP42,NFE2L1,1
ZFP42,MEIS1,1
ZFP42,HSPB1,1
ZFP42,COMMD3,1
ZFP42,PDIA6,1
ZFP42,PDCD11,1
ZFP42,TMEM144,1
ZFP42,PRDM1,1
ZFP42,D230025D16RIK,1
ZFP42,MT2,1
ZFP42,LAMA1,1
ZFP42,KDM5B,1
ZFP42,PURA,1
ZFP42,CALD1,1
ZFP42,KLF6,1
ZFP42,KDELR2,1
ZFP42,HSF2BP,1
ZFP42,CALR,1
ZFP42,CBX7,1
ZFP42,TFCP2L1,1
ZFP42,LRPAP1,1
ZFP42,PRDM5,1
ZFP42,BRPF1,1
ZFP42,KLF3,1
ZFP42,HIST1H3H,1
ZFP42,UCHL1,1
ZFP42,SMARCC1,1
ZFP42,EPS8,1
ZFP42,DMRT1,1
ZFP42,RBPJ,1
ZFP42,PEG3,1
ZFP42,RASGRP2,1
ZFP42,NOTCH2,1
ZFP42,CTCF,1
ZFP42,MEN1,1
ZFP42,ATF2,1
ZFP42,ZDHHC15,1
ZFP42,HDAC5,1
ZFP42,GSR,1
ZFP42,RAPGEF3,1
ZFP42,ATF1,1
ZFP42,SKIL,1
ZFP42,RAD51,1
ZFP42,HIST1H1B,1
ZFP42,GTF2I,1
ZFP42,NFYA,1
ZFP42,CTSD,1
ZFP42,ATF5,1
ZFP42,MDM2,1
ZFP42,EZH2,1
ZFP42,SLC25A5,1
ZFP42,RBFOX2,1
ZFP42,PMS1,1
ZFP42,DNAJC10,1
ZFP42,FOXJ3,1
ZFP42,USF1,1
ZFP42,SURF4,1
ZFP42,SNAPC3,1
ZFP42,SLC9A6,1
ZFP42,PBX4,1
ZFP42,NKRF,1
ZFP42,KHDC3,1
ZFP42,HIST1H2AF,1
ZFP42,2410141K09RIK,1
ZFP42,ZFP36L1,1
ZFP42,RBMX,1
ZFP42,ZFP335,1
ZFP42,RFXAP,1
ZFP42,ITGA6,1
ZFP42,FABP3,1
ZFP42,DDB1,1
ZFP42,APBB1,1
ZFP42,TRP53BP1,1
ZFP42,P4HA1,1
ZFP42,FXR1,1
ZFP42,SPP1,1
ZFP42,POLR3D,1
ZFP42,EDA2R,1
ZFP42,ZFP148,1
ZFP42,RBL1,1
ZFP42,TRIM24,1
ZFP42,SOS2,1
ZFP42,PLOD2,1
ZFP42,GNPDA1,1
ZFP42,CAR2,1
ZFP42,H1F0,1
ZFP42,CTH,1
ZFP42,RNF19A,1
ZFP42,PIAS2,1
ZFP42,RRBP1,1
ZFP42,CNOT6L,1
ZFP42,ANKRD49,1
ZFP42,TEAD1,1
ZFP42,BRCA1,1
ZFP42,VEGFA,1
ZFP42,MCM3,1
ZFP42,SMARCA2,1
ZFP42,PLAG1,1
ZFP42,ANXA5,1
ZFP42,TGIF1,1
ZFP42,ERP29,1
ZFP42,TCEA1,1
ZFP42,MSH6,1
ZFP42,KEAP1,1
ZFP42,ATM,1
ZFP42,TIMP2,1
ZFP42,ANKRD6,1
ZFP42,ZFP57,1
ZFP42,OTX2,1
ZFP42,KRBA1,1
ZFP42,SPRY4,1
ZFP42,ME1,1
ZFP42,YBX1,1
ZFP42,NUPR1,1
ZFP42,MCM6,1
ZFP42,XAB2,1
ZFP42,PHF14,1
ZFP42,NRIP1,1
ZFP42,JDP2,1
ZFP42,ING3,1
ZFP42,HIST1H1D,1
ZFP42,CNOT7,1
ZFP42,SIX5,1
ZFP42,FIZ1,1
ZFP42,PHF12,1
ZFP42,CHST15,1
ZFP42,ZMYND11,1
ZFP42,ZFP398,1
ZFP42,UTF1,1
ZFP42,NFE2L2,1
ZFP42,LRRK1,1
ZFP42,GBX2,1
ZFP42,ZFP592,1
ZFP42,FLRT3,1
ZFP42,BMPER,1
ZFP42,SND1,1
ZFP42,SHKBP1,1
ZFP42,PCBP2,1
ZFP42,ILK,1
ZFP42,BTG2,1
ZFP42,AATF,1
ZFP42,TRIM13,1
ZFP42,TLE1,1
ZFP42,SCMH1,1
ZFP42,ZYX,1
ZFP42,ZIC3,1
ZFP42,SLC16A1,1
ZFP42,F3,1
ZFP42,ELF2,1
ZFP42,CDC20,1
ZFP42,AIP,1
ZFP42,RNF2,1
ZFP42,PLOD3,1
ZFP42,ID4,1
ZFP42,PA2G4,1
ZFP42,PSIP1,1
ZFP42,MIS18BP1,1
ZFP42,YEATS2,1
ZFP42,TCOF1,1
ZFP42,LAMB1,1
ZFP42,ELK1,1
ZFP42,B2M,1
ZFP42,DKK1,1
ZFP42,CTSL,1
ZFP42,CRY1,1
ZFP42,CNOT2,1
ZFP42,ARL6IP5,1
ZFP42,TAF10,1
ZFP42,SOX4,1
ZFP42,KHDRBS1,1
ZFP42,NDN,1
ZFP42,MYO6,1
ZFP42,MSX2,1
ZFP42,GLDC,1
ZFP42,FGF10,1
ZFP42,BAZ1A,1
ZFP42,TDH,1
ZFP42,NR1D1,1
ZFP42,LAMC1,1
ZFP42,EED,1
ZFP42,DUSP9,1
ZFP42,STXBP2,1
ZFP42,PLTP,1
ZFP42,HSP90B1,1
ZFP42,DNAJC2,1
ZFP42,TRIB3,1
ZFP42,SUZ12,1
ZFP42,ORC2,1
ZFP42,GDPD5,1
ZFP42,TRRAP,1
ZFP42,HMGA1B,1
ZFP42,HMGA1,1
ZFP42,CREB5,1
ZFP42,RIF1,1
ZFP42,FGFR3,1
ZFP42,SOCS2,1
ZFP42,NCOA3,1
ZFP42,CST3,1
ZFP42,SSR3,1
ZFP42,MYMX,1
ZFP42,MAPK3,1
ZFP42,JAM2,1
ZFP42,HMGXB3,1
ZFP42,HIF1A,1
ZFP42,MSC,1
ZFP42,CHD4,1
ZFP42,ZFP275,1
ZFP42,TRPS1,1
ZFP42,TFE3,1
ZFP42,MAPK8,1
ZFP42,MAML3,1
ZFP42,HSF2,1
ZFP42,ATF7,1
ZFP42,NFATC3,1
ZFP42,MYC,1
ZFP42,XRCC6,1
ZFP42,RELA,1
ZFP42,MYBL2,1
ZFP42,MED31,1
ZFP42,GRHL1,1
ZFP42,EPHA2,1
ZFP42,CDC5L,1
ZFP42,TXNDC5,1
ZFP42,PHLDB2,1
ZFP42,PHF20,1
ZFP42,ETV5,1
ZFP42,BARD1,1
ZFP42,RYBP,1
ZFP42,POLR3F,1
ZFP42,HIP1,1
ZFP42,EMX2,1
ZFP42,TIMELESS,1
ZFP42,LRP2,1
ZFP42,HOPX,1
ZFP42,BRCA2,1
ZFP42,SOX2,1
ZFP42,SMAD3,1
ZFP42,SELENOW,1
ZFP42,MBD2,1
ZFP42,LAMA5,1
ZFP42,HS3ST1,1
ZFP42,HEY2,1
ZFP42,EZH1,1
ZFP42,AIRE,1
ZFP42,KLF2,1
ZFP42,ATF6,1
ZFP42,TWIST1,1
ZFP42,MARC2,1
ZFP42,RERE,1
ZFP42,PHLDA3,1
ZFP42,MEF2A,1
ZFP42,KLF9,1
ZFP42,IMPDH1,1
ZFP42,EPHA4,1
ZFP42,CITED2,1
ZFP42,NUP210,1
ZFP42,JMJD1C,1
ZFP42,TAF1,1
ZFP42,NR1D2,1
ZFP42,LMO4,1
ZFP42,HTRA1,1
ZFP42,CTBP2,1
ZFP42,BTF3,1
ZFP42,TAF1A,1
ZFP42,KPNA2,1
ZFP42,KLF4,1
ZFP42,SERPINE2,1
ZFP42,PAWR,1
ZFP42,GABPA,1
ZFP42,BMP6,1
ZFP42,BMI1,1
ZFP42,FST,1
ZFP42,OVOL1,1
ZFP42,IFITM2,1
ZFP42,FAM234A,1
ZFP42,TMSB4X,1
ZFP42,RNF6,1
ZFP42,PDK1,1
ZFP42,PATJ,1
ZFP42,MYD88,1
ZFP42,GTF2A1L,1
ZFP42,BEND5,1
ZFP42,ATF3,1
ZFP42,TCL1,1
ZFP42,MLXIPL,1
ZFP42,MANF,1
ZFP42,TUBB2B,1
ZFP42,TSG101,1
ZFP42,TPM4,1
ZFP42,TOX4,1
ZFP42,NRG1,1
ZFP42,GSTA4,1
ZFP42,ECT2,1
ZFP42,DAB2,1
ZFP42,ADAM19,1
ZFP42,NANOG,1
ZFP42,IGFBP2,1
ZFP42,FN1,1
ZFP42,FOXH1,1
ZFP42,ESPL1,1
ZFP42,CALU,1
ZFP42,PARP1,1
ZFP42,NR2C1,1
ZFP42,WWTR1,1
ZFP42,SREBF1,1
ZFP42,LAMB2,1
ZFP42,IKBKB,1
ZFP42,ETV6,1
ZFP42,DNMT1,1
ZFP42,CTSZ,1
ZFP42,ZBTB43,1
ZFP42,EOMES,1
ZFP42,COTL1,1
ZFP42,SIN3A,1
ZFP42,MLLT1,1
ZFP42,EP400,1
ZFP42,SOAT1,1
ZFP42,RB1,1
ZFP42,ZEB1,1
ZFP42,PODXL,1
ZFP42,ADAM23,1
ZFP42,ABT1,1
ZFP42,TMED2,1
ZFP42,RBPMS2,1
ZFP42,MLXIP,1
ZFP42,TRIM28,1
ZFP42,STAT5B,1
ZFP42,SMARCD1,1
ZFP42,SMAD2,1
ZFP42,SHROOM3,1
ZFP42,RAB11A,1
ZFP42,PLRG1,1
ZFP42,ZFP768,1
ZFP42,PHC1,1
ZFP42,DPP4,1
ZFP42,RAD54B,1
ZFP42,POU4F2,1
ZFP42,ALPL,1
ZFP57,SNURF,1
ZFP57,PEG3,1
ZFP57,SFI1,1
ZFP57,NCOA3,1
ZFP57,DDX20,1
ZFP57,BCAT1,1
ZFP57,BRWD1,1
ZFP57,HIST1H2BK,1
ZFP57,POLR2B,1
ZFP57,FRMD4A,1
ZFP57,MYO6,1
ZFP57,HDAC3,1
ZFP57,HDGF,1
ZFP57,KHDC3,1
ZFP57,TRIM24,1
ZFP57,BTBD11,1
ZFP57,LAMC1,1
ZFP57,TGFB1,1
ZFP57,P3H1,1
ZFP57,RRM2,1
ZFP57,CITED2,1
ZFP57,CST3,1
ZFP57,MAPK3,1
ZFP57,SPOCK1,1
ZFP57,VIM,1
ZFP57,HSPA5,1
ZFP57,E2F6,1
ZFP57,TIMP2,1
ZFP57,RBPMS2,1
ZFP57,MARC2,1
ZFP57,DNAJC2,1
ZFP57,ANKRD54,1
ZFP57,SLC26A10,1
ZFP57,HTRA1,1
ZFP57,FGF4,1
ZFP57,ZFP398,1
ZFP57,CCN2,1
ZFP57,AATF,1
ZFP57,MKRN1,1
ZFP57,DIDO1,1
ZFP57,IGFBP2,1
ZFP57,RAB3IL1,1
ZFP57,BNIP3,1
ZFP57,ETV3,1
ZFP57,MXD4,1
ZFP57,ARNT2,1
ZFP57,CENPB,1
ZFP57,INSIG1,1
ZFP57,MCM4,1
ZFP57,HSPH1,1
ZFP57,SND1,1
ZFP57,FHL2,1
ZFP57,HIST1H2AF,1
ZFP57,RNF157,1
ZFP57,ADAM19,1
ZFP57,TRIM13,1
ZFP57,SNAPC3,1
ZFP57,SLC16A1,1
ZFP57,ABTB1,1
ZFP57,SALL4,1
ZFP57,PELP1,1
ZFP57,MSC,1
ZFP57,CTSZ,1
ZFP57,APP,1
ZFP57,PBX4,1
ZFP57,NFKB2,1
ZFP57,LRP2,1
ZFP57,SRI,1
ZFP57,PLAG1,1
ZFP57,HIST1H2AC,1
ZFP57,RBMXL2,1
ZFP57,NDRG1,1
ZFP57,IGF2,1
ZFP57,PMM1,1
ZFP57,ELAVL2,1
ZFP57,DNMT1,1
ZFP57,ATF2,1
ZFP57,APEX1,1
ZFP57,NFYA,1
ZFP57,IRF1,1
ZFP57,UCHL1,1
ZFP57,RNF14,1
ZFP57,TRRAP,1
ZFP57,SERTAD2,1
ZFP57,TINAGL1,1
ZFP57,TFEB,1
ZFP57,PHC1,1
ZFP57,SEMA4C,1
ZFP57,PCBD1,1
ZFP57,TNFAIP3,1
ZFP57,GLDC,1
ZFP57,APBB1,1
ZFP57,ZFP423,1
ZFP57,EP400,1
ZFP57,TRIM25,1
ZFP57,MLXIPL,1
ZFP57,WWTR1,1
ZFP57,TCF7L2,1
ZFP57,MOV10,1
ZFP57,GRB10,1
ZFP57,CBX8,1
ZFP57,KRBA1,1
ZFP57,RFXAP,1
ZFP57,EIF4A2,1
ZFP57,TFRC,1
ZFP57,CNOT6L,1
ZFP57,RBBP4,1
ZFP57,PA2G4,1
ZFP57,EDEM1,1
ZFP57,FAM129B,1
ZFP57,ZFHX3,1
ZFP57,UTF1,1
ZFP57,LHX2,1
ZFP57,ETV4,1
ZFP57,FUS,1
ZFP57,ALPL,1
ZFP57,RBM14,1
ZFP57,PHB2,1
ZFP57,HIF1A,1
ZFP57,TRIP11,1
ZFP57,TEAD1,1
ZFP57,COPS2,1
ZFP57,HIF3A,1
ZFP57,ZBTB43,1
ZFP57,PDCD11,1
ZFP57,NFX1,1
ZFP57,HSPG2,1
ZFP57,JMJD1C,1
ZFP57,RUNX1,1
ZFP57,ATF5,1
ZFP57,PRDM5,1
ZFP57,SIRT2,1
ZFP57,L1TD1,1
ZFP57,ARHGAP29,1
ZFP57,SIN3A,1
ZFP57,GLIPR2,1
ZFP57,POLR3D,1
ZFP57,LDB1,1
ZFP57,SRSF6,1
ZFP57,H1F0,1
ZFP57,GLIS2,1
ZFP57,KLF3,1
ZFP57,ESRRB,1
ZFP57,TPD52,1
ZFP57,P4HA2,1
ZFP57,LAMA1,1
ZFP57,KPNA2,1
ZFP57,HSP90AA1,1
ZFP57,ELF2,1
ZFP57,PMS1,1
ZFP57,BRD7,1
ZFP57,ITGA6,1
ZFP57,FOXJ3,1
ZFP57,TCF12,1
ZFP57,E2F1,1
ZFP57,ZFP148,1
ZFP57,OPLAH,1
ZFP57,MANF,1
ZFP57,FUBP3,1
ZFP57,ERP29,1
ZFP57,CEMIP,1
ZFP57,ITPK1,1
ZFP57,SOX2,1
ZFP57,PAX8,1
ZFP57,MAML1,1
ZFP57,ZDHHC16,1
ZFP57,TRIM28,1
ZFP57,GABARAPL2,1
ZFP57,TCF20,1
ZFP57,RUVBL1,1
ZFP57,RBL1,1
ZFP57,E2F2,1
ZFP57,CNOT2,1
ZFP57,CHD5,1
ZFP57,PDK1,1
ZFP57,2200002D01RIK,1
ZFP57,ELP2,1
ZFP57,ABHD5,1
ZFP57,GBX2,1
ZFP57,SRM,1
ZFP57,CSF1,1
ZFP57,ZEB1,1
ZFP57,TXNDC5,1
ZFP57,HS3ST1,1
ZFP57,DR1,1
ZFP57,CDC42SE2,1
ZFP57,SMARCA5,1
ZFP57,ASXL1,1
ZFP57,MEF2A,1
ZFP57,HIST1H2BN,1
ZFP57,HIST1H2AK,1
ZFP57,PODXL,1
ZFP57,KHDRBS1,1
ZFP57,BTG1,1
ZFP57,COTL1,1
ZFP57,PIAS3,1
ZFP57,PIAS2,1
ZFP57,PDIA6,1
ZFP57,HNRNPD,1
ZFP57,TRP53BP1,1
ZFP57,HNRNPAB,1
ZFP57,SAP30,1
ZFP57,MLXIP,1
ZFP57,HDLBP,1
ZFP57,KDELR2,1
ZFP57,SIX1,1
ZFP57,SERPINE2,1
ZFP57,NFE2L2,1
ZFP57,KAT6B,1
ZFP57,HSP90B1,1
ZFP57,FOXD3,1
ZFP57,TAF10,1
ZFP57,PHF20,1
ZFP57,GAS6,1
ZFP57,HSPB1,1
ZFP57,BIN1,1
ZFP57,SOX7,1
ZFP57,HIST1H4K,1
ZFP57,GTF2H3,1
ZFP57,D230025D16RIK,1
ZFP57,ATF4,1
ZFP57,UPP1,1
ZFP57,ARNTL,1
ZFP57,RARA,1
ZFP57,DNMT3A,1
ZFP57,SLC6A6,1
ZFP57,RBPJ,1
ZFP57,MED31,1
ZFP57,NEDD4,1
ZFP57,LAMA5,1
ZFP57,TOX3,1
ZFP57,GNAS,1
ZFP57,CNOT6,1
ZFP57,AIRE,1
ZFP57,PITX2,1
ZFP57,COL27A1,1
ZFP57,GRIN1,1
ZFP57,DNAJC10,1
ZFP57,ZBTB24,1
ZFP57,ORC2,1
ZFP57,DAXX,1
ZFP57,KLF9,1
ZFP57,DMRT1,1
ZFP57,CREB5,1
ZFP57,NRG1,1
ZFP57,MAFK,1
ZFP57,HOPX,1
ZFP57,TAX1BP3,1
ZFP57,MED15,1
ZFP57,CREB3L2,1
ZFP57,EPHA2,1
ZFP57,EMP2,1
ZFP57,BARD1,1
ZFP57,ZBTB38,1
ZFP57,GLUL,1
ZFP57,ZMYM2,1
ZFP57,RRBP1,1
ZFP57,NR1D2,1
ZFP57,CCND1,1
ZFP57,ABT1,1
ZFP57,WBP11,1
ZFP57,PHLDB2,1
ZFP57,NFE2L1,1
ZFP57,TWIST1,1
ZFP57,NACC1,1
ZFP57,CNOT8,1
ZFP57,CHST15,1
ZFP57,NFKBIA,1
ZFP57,MSX2,1
ZFP57,HSBP1,1
ZFP57,CDC20,1
ZFP57,KLF15,1
ZFP57,ELK4,1
ZFP57,CNOT3,1
ZFP57,TBPL1,1
ZFP57,HMCES,1
ZFP57,HES6,1
ZFP57,FGF3,1
ZFP57,PREB,1
ZFP57,HIST1H1D,1
ZFP57,XRCC6,1
ZFP57,CKAP4,1
ZFP57,CAR2,1
ZFP57,TOX4,1
ZFP57,SUB1,1
ZFP57,ODC1,1
ZFP57,NR3C1,1
ZFP57,ID4,1
ZFP57,HNRNPK,1
ZFP57,ZFP335,1
ZFP57,TCEA3,1
ZFP57,MAPK8,1
ZFP57,ING3,1
ZFP57,CTSL,1
ZFP57,BRCA2,1
ZFP57,ZFP277,1
ZFP57,PDCD4,1
ZFP57,PAX6,1
ZFP57,CRY1,1
ZFP57,ATP13A3,1
ZFP57,RAD51,1
ZFP57,ANXA5,1
ZFP57,UBP1,1
ZFP57,TPM4,1
ZFP57,BEND5,1
ZFP57,PRRX2,1
ZFP57,ANP32A,1
ZFP57,RAI14,1
ZFP57,MYBL2,1
ZFP57,HIST1H2BF,1
ZFP57,CHD7,1
ZFP57,TMF1,1
ZFP57,GTF3C1,1
ZFP57,ERF,1
ZFP57,HIST1H3H,1
ZFP57,COBL,1
ZFP57,SMARCC1,1
ZFP57,MATR3,1
ZFP57,EZH2,1
ZFP57,SPEN,1
ZFP57,SATB2,1
ZFP57,CRAMP1L,1
ZFP57,CDKN1A,1
ZFP57,TGIF1,1
ZFP57,RIF1,1
ZFP57,MYH9,1
ZFP57,FOXP1,1
ZFP57,BMPER,1
ZFP57,TDH,1
ZFP57,STARD8,1
ZFP57,RAD54B,1
ZFP57,PHLDA3,1
ZFP57,PATJ,1
ZFP57,MTF2,1
ZFP57,FGF10,1
ZFP57,ECT2,1
ZFP57,EBF1,1
ZFP57,SMARCAD1,1
ZFP57,NOTCH2,1
ZFP57,BMP6,1
ZFP57,TRIB3,1
ZFP57,TFAP2C,1
ZFP57,EOMES,1
ZFP57,CRIP2,1
ZFP57,SLC7A6,1
ZFP57,POLR1B,1
ZFP57,NUP210,1
ZFP57,NFXL1,1
ZFP57,LRRK1,1
ZFP57,INTS12,1
ZFP57,HIST1H2BB,1
ZFP57,PAWR,1
ZFP57,NOTUM,1
ZFP57,TSG101,1
ZFP57,MME,1
ZFP57,KAT2B,1
ZFP57,CHD4,1
ZFP57,SGK1,1
ZFP57,PAPOLA,1
ZFP57,STARD10,1
ZFP57,KIT,1
ZFP57,SKIL,1
ZFP57,RAB11A,1
ZFP57,NR2F2,1
ZFP57,ZFP219,1
ZFP57,XBP1,1
ZFP57,PTH1R,1
ZFP57,HOXD13,1
ZFP57,TAF5,1
ZFP57,MPHOSPH8,1
ZFP57,HMGXB3,1
ZFP57,DUSP9,1
ZFP57,COL4A2,1
ZFP57,COL4A1,1
ZFP57,CNOT7,1
ZFP57,TRPS1,1
ZFP57,TOP2A,1
ZFP57,NFATC2IP,1
ZFP57,IMPDH1,1
ZFP57,HNF4A,1
ZFP57,HIST1H2BL,1
ZFP57,HIST1H2AI,1
ZFP57,FXR2,1
ZFP57,DDB1,1
ZFP57,DCP1A,1
ZFP57,BEX1,1
ZFP57,ASH2L,1
ZFP57,UBQLN2,1
ZFP57,SELENOW,1
ZFP57,PARVB,1
ZFP57,NFIL3,1
ZFP57,NFIA,1
ZFP57,LTBP4,1
ZFP57,IRF6,1
ZFP57,CIC,1
ZFP57,TMED2,1
ZFP57,PATZ1,1
ZFP57,HTT,1
ZFP57,PSIP1,1
ZFP57,P3H4,1
ZFP57,HDAC2,1
ZFP57,ESPL1,1
ZFP57,YEATS2,1
ZFP57,SURF4,1
ZFP57,MYLPF,1
ZFP57,KDELR3,1
ZFP57,ID3,1
ZFP57,GLS,1
ZFP57,EBF4,1
ZFP57,SEC24D,1
ZFP57,MDM2,1
ZFP57,MCM5,1
ZFP57,CD63,1
ZFP57,P4HB,1
ZFP57,DDX5,1
ZFP57,AIP,1
ZFP57,SOCS2,1
ZFP57,ZHX3,1
ZFP57,NSD1,1
ZFP57,NPAS2,1
ZFP57,TOP2B,1
ZFP57,NOTCH1,1
ZFP57,CKB,1
ZFP57,TAF9,1
ZFP57,SPRY4,1
ZFP57,PHF2,1
ZFP57,NR2F6,1
ZFP57,GATA3,1
ZFP57,TNK2,1
ZFP57,GZF1,1
ZFP57,VEZF1,1
ZFP57,SHROOM3,1
ZFP57,REST,1
ZFP57,ILK,1
ZFP57,IKBKB,1
ZFP57,DCXR,1
ZFP57,BRPF1,1
ZFP57,PHF1,1
ZFP57,MEN1,1
ZFP57,KLF4,1
ZFP57,GDPD5,1
ZFP57,COMMD3,1
ZFP57,AMPD2,1
ZFP57,AKT1,1
ZFP57,MLLT1,1
ZFP57,KRT8,1
ZFP57,GLI2,1
ZFP57,FOSL2,1
ZFP57,FDPS,1
ZFP57,ATF7,1
ZFP57,ULK1,1
ZFP57,SIN3B,1
ZFP57,MAZ,1
ZFP57,MYMX,1
ZFP57,FXR1,1
ZFP57,EGR1,1
ZFP57,CTCF,1
ZFP57,NFATC3,1
ZFP57,GNPDA1,1
ZFP57,LMO4,1
ZFP57,HDAC11,1
ZFP57,ZFP592,1
ZFP57,PTPN14,1
ZFP57,LDLRAP1,1
ZFP57,KLF2,1
ZFP57,EP300,1
ZFP57,SMARCC2,1
ZFP57,PLOD1,1
ZFP57,NRF1,1
ZFP57,NFATC1,1
ZFP57,GPX3,1
ZFP57,EMX2,1
ZFP57,VSIR,1
ZFP57,SIRT1,1
ZFP57,FOXH1,1
ZFP57,EZH1,1
ZFP57,ZFP91,1
ZFP57,YBX1,1
ZFP57,USF1,1
ZFP57,SOS2,1
ZFP57,PLTP,1
ZFP57,MORC4,1
ZFP57,MIS18BP1,1
ZFP57,CTH,1
ZFP57,ATF1,1
ZFP57,ANKRD6,1
ZFP57,TIMP3,1
ZFP57,TEAD4,1
ZFP57,OBSL1,1
ZFP57,JDP2,1
ZFP57,IFITM3,1
ZFP57,ZMYND11,1
ZFP57,STAT5A,1
ZFP57,KLF13,1
ZFP57,HMGA2,1
ZFP57,ELL2,1
ZFP57,ZSWIM4,1
ZFP57,EWSR1,1
ZFP57,CALR,1
ZFP57,TFAP4,1
ZFP57,NID1,1
ZFP57,HMGXB4,1
ZFP57,ETV5,1
ZFP57,SRRT,1
ZFP57,RUNX3,1
ZFP57,GTF2I,1
ZFP57,MYD88,1
ZFP57,HMGB2,1
ZFP57,CTBP1,1
ZFP57,CDC5L,1
ZFP57,STAT5B,1
ZFP57,SLC25A4,1
ZFP57,RNF19A,1
ZFP57,SSBP4,1
ZFP57,RYBP,1
ZFP57,OVOL1,1
ZFP57,NDN,1
ZFP57,BCL3,1
ZFP57,UNG,1
ZFP57,SMURF2,1
ZFP57,RELA,1
ZFP57,PLOD2,1
ZFP57,CTSA,1
ZFP57,CHCHD10,1
ZFP57,ATF3,1
ZFP57,TET1,1
ZFP57,SRSF1,1
ZFP57,SPRY2,1
ZFP57,SOAT1,1
ZFP57,PARP1,1
ZFP57,BCLAF1,1
ZFP57,ZFP276,1
ZFP57,SIRT3,1
ZFP57,RLIM,1
ZFP57,MCM6,1
ZFP57,KLF6,1
ZFP57,EED,1
ZFP57,DKK1,1
ZFP57,ANXA2,1
ZFP57,ANKRD49,1
ZFP57,ZIC3,1
ZFP57,PDGFRA,1
ZFP57,FOXO1,1
ZFP57,CTBP2,1
ZFP57,ALG13,1
ZFP57,TYRO3,1
ZFP57,PURA,1
ZFP57,MEIS3,1
ZFP57,DDB2,1
ZFP57,CMKLR1,1
ZFP57,RCOR2,1
ZFP57,RBFOX2,1
ZFP57,MTA3,1
ZFP57,MED4,1
ZFP57,RNF2,1
ZFP57,NR4A1,1
ZFP57,GRHL1,1
ZFP57,SATB1,1
ZFP57,RB1,1
ZFP57,NRIP1,1
ZFP57,GTF3C5,1
ZFP57,SOX4,1
ZFP57,PFKP,1
ZFP57,PAX1,1
ZFP57,MEF2D,1
ZFP57,KDM5B,1
ZFP57,LRPAP1,1
ZFP57,ASNS,1
ZFP57,TFCP2L1,1
ZFP57,TENM4,1
ZFP57,TEAD3,1
ZFP57,CBX7,1
ZFP57,AGAP3,1
ZFP57,ADAM23,1
ZFP57,SRF,1
ZFP57,PROX1,1
ZFP57,NFIB,1
ZFP57,CSRP2,1
ZFP57,SMARCB1,1
ZFP57,POU2F1,1
ZFP57,ERCC8,1
ZFP57,DEK,1
ZFP57,SSR3,1
ZFP57,MAN1A2,1
ZFP57,KLF10,1
ZFP57,F3,1
ZFP57,ANKS1,1
ZFP57,TET2,1
ZFP57,TADA3,1
ZFP57,SLCO3A1,1
ZFP57,SLC25A5,1
ZFP57,RNF6,1
ZFP57,PRSS35,1
ZFP57,PHF12,1
ZFP57,MSH6,1
ZFP57,HSF2,1
ZFP57,FN1,1
ZFP57,FBLIM1,1
ZFP57,EYA1,1
ZFP57,UBE2C,1
ZFP57,TLE1,1
ZFP57,RAPGEF3,1
ZFP57,HDAC1,1
ZFP57,GSR,1
ZFP57,CALU,1
ZFP57,BASP1,1
ZFP57,TCF4,1
ZFP57,FGFR3,1
ZFP57,AMOTL2,1
ZFP57,VILL,1
ZFP57,RFX7,1
ZFP57,SMAD3,1
ZFP57,SLC6A8,1
ZFP57,NME2,1
ZFP57,EFEMP2,1
ZFP57,SMAD2,1
ZFP57,RANBP17,1
ZFP57,TOPORS,1
ZFP57,FOXQ1,1
ZFP57,SRSF3,1
ZFP57,NR1H2,1
ZFP57,ELF1,1
ZFP57,DDX54,1
ZFP57,PLAGL2,1
ZFP57,ISYNA1,1
ZFP57,ILF3,1
ZFP57,SCMH1,1
ZFP57,JUN,1
ZFP57,P4HA1,1
ZFP57,NR0B1,1
ZFP57,MORF4L2,1
ZFP57,MCM3,1
ZFP57,ING1,1
ZFP57,ETS1,1
ZFP57,CTNNBIP1,1
ZFP57,CTNNB1,1
ZFP57,CCNG1,1
ZFP57,IFITM2,1
ZFP57,FABP3,1
ZFP57,ARID1A,1
ZFP57,ZYX,1
ZFP57,HEY2,1
ZFP57,HES1,1
ZFP57,DAZAP2,1
ZFP57,SNAI1,1
ZFP57,NR2C1,1
ZFP57,ME1,1
ZFP57,CUX1,1
ZFP57,LAMB2,1
ZFP57,NCOR1,1
ZFP57,MCM2,1
ZFP57,ZFP296,1
ZFP57,ZFP281,1
ZFP57,BTG2,1
ZFP57,PIAS1,1
ZFP57,GABPA,1
ZFP57,TTF2,1
ZFP57,TCERG1,1
ZFP57,PKNOX2,1
ZFP57,LOXL2,1
ZFP57,EPAS1,1
ZFP57,DPP4,1
ZFP57,ZFP768,1
ZFP57,FOXA2,1
ZFP57,TMEM150A,1
ZFP57,LAMB1,1
ZFP57,GTF2A1L,1
ZFP57,ZFYVE21,1
ZFP57,THBD,1
ZFP57,RERE,1
ZFP57,RARG,1
ZFP57,POLR1C,1
ZFP57,ZBTB10,1
ZFP57,TSPAN9,1
ZFP57,JAM2,1
ZFP57,EPS8,1
ZFP57,UBTF,1
ZFP57,SMAD7,1
ZFP57,PDPN,1
ZFP57,ETV6,1
ZFP57,BTF3,1
ZFP57,TBX18,1
ZFP57,KEAP1,1
ZFP57,FOXO3,1
ZFP57,CBX6,1
ZFP57,APOBEC3,1
ZFP57,YEATS4,1
ZFP57,SP1,1
ZFP57,MITF,1
ZFP57,ELL3,1
ZFP57,BTAF1,1
ZFP57,TCF7,1
ZFP57,TAF6L,1
ZFP57,NAA15,1
ZFP57,MAPK13,1
ZFP57,HDAC4,1
ZFP57,DTX1,1
ZFP57,SFPQ,1
ZFP57,POLR2H,1
ZFP57,ZFAND3,1
ZFP57,PLOD3,1
ZFP57,MT2,1
ZFP57,LEFTY2,1
ZFP57,KDM3A,1
ZFP57,MAPK11,1
ZIC3,POU5F1,1
ZIC3,RIF1,1
ZIC3,ASXL1,1
ZIC3,TRP53BP1,1
ZIC3,LAMA1,1
ZIC3,SALL4,1
ZIC3,SKIL,1
ZIC3,FUBP3,1
ZIC3,TPD52,1
ZIC3,SHROOM3,1
ZIC3,POU2F1,1
ZIC3,OPLAH,1
ZIC3,NDRG1,1
ZIC3,GLUL,1
ZIC3,TCL1,1
ZIC3,CST3,1
ZIC3,HSPB1,1
ZIC3,SOX2,1
ZIC3,ZSCAN10,1
ZIC3,SMAD7,1
ZIC3,SPRY4,1
ZIC3,MSC,1
ZIC3,NACC1,1
ZIC3,ETV6,1
ZIC3,UBTF,1
ZIC3,MSH6,1
ZIC3,TRIM25,1
ZIC3,MPHOSPH8,1
ZIC3,TFEB,1
ZIC3,TCEA3,1
ZIC3,SOCS2,1
ZIC3,DDX20,1
ZIC3,DDAH2,1
ZIC3,MKX,1
ZIC3,APP,1
ZIC3,MLLT1,1
ZIC3,MT1,1
ZIC3,MOV10,1
ZIC3,RBPJ,1
ZIC3,REST,1
ZIC3,PATJ,1
ZIC3,HIF3A,1
ZIC3,GABBR1,1
ZIC3,PCBP2,1
ZIC3,HIP1,1
ZIC3,P3H1,1
ZIC3,UPP1,1
ZIC3,ZBTB24,1
ZIC3,COL27A1,1
ZIC3,SEC24D,1
ZIC3,SFI1,1
ZIC3,2410141K09RIK,1
ZIC3,L3MBTL2,1
ZIC3,NANOG,1
ZIC3,KLF6,1
ZIC3,RASGRP2,1
ZIC3,STAT4,1
ZIC3,TBL1X,1
ZIC3,TIMP2,1
ZIC3,FOXJ3,1
ZIC3,CSRP2,1
ZIC3,LGMN,1
ZIC3,CUX2,1
ZIC3,NFE2L2,1
ZIC3,KAT6B,1
ZIC3,KANK2,1
ZIC3,SLC25A5,1
ZIC3,SDC4,1
ZIC3,HNRNPK,1
ZIC3,CHST15,1
ZIC3,FGF4,1
ZIC3,APOE,1
ZIC3,TDH,1
ZIC3,CENPB,1
ZIC3,RBBP7,1
ZIC3,KLF13,1
ZIC3,NOTCH2,1
ZIC3,CCN2,1
ZIC3,POU4F2,1
ZIC3,NR2F6,1
ZIC3,ZFP768,1
ZIC3,BRPF1,1
ZIC3,CD63,1
ZIC3,EZH1,1
ZIC3,PDGFRA,1
ZIC3,HMGA1B,1
ZIC3,HMGA1,1
ZIC3,ELAVL2,1
ZIC3,DAXX,1
ZIC3,TADA3,1
ZIC3,PELP1,1
ZIC3,SIRT2,1
ZIC3,HDAC1,1
ZIC3,SUZ12,1
ZIC3,PHF12,1
ZIC3,L1TD1,1
ZIC3,COIL,1
ZIC3,PDK1,1
ZIC3,HMGXB4,1
ZIC3,ERF,1
ZIC3,SIN3A,1
ZIC3,ELF4,1
ZIC3,DDB2,1
ZIC3,PAPOLA,1
ZIC3,PLAG1,1
ZIC3,LEFTY1,1
ZIC3,HMCES,1
ZIC3,NEDD4,1
ZIC3,LRP2,1
ZIC3,FOXP1,1
ZIC3,PFKP,1
ZIC3,CHCHD10,1
ZIC3,XBP1,1
ZIC3,ZBTB39,1
ZIC3,SIX5,1
ZIC3,TUBB2B,1
ZIC3,SPP1,1
ZIC3,FUS,1
ZIC3,PDCD4,1
ZIC3,HDLBP,1
ZIC3,EPHA2,1
ZIC3,CRAMP1L,1
ZIC3,TGFB1,1
ZIC3,SIRT1,1
ZIC3,ILF2,1
ZIC3,WWTR1,1
ZIC3,HIVEP2,1
ZIC3,PTPN14,1
ZIC3,ANP32A,1
ZIC3,TFRC,1
ZIC3,MAZ,1
ZIC3,FN1,1
ZIC3,FBLIM1,1
ZIC3,GLIS2,1
ZIC3,MME,1
ZIC3,CNOT2,1
ZIC3,SPRY2,1
ZIC3,LAMB1,1
ZIC3,MAPK8,1
ZIC3,HIST1H1D,1
ZIC3,PHLDA3,1
ZIC3,COBL,1
ZIC3,TNFAIP3,1
ZIC3,SRSF1,1
ZIC3,LAMA5,1
ZIC3,HDAC2,1
ZIC3,PRDM14,1
ZIC3,CIC,1
ZIC3,TULP3,1
ZIC3,TSPAN9,1
ZIC3,PMS1,1
ZIC3,DUSP9,1
ZIC3,PAWR,1
ZIC3,EWSR1,1
ZIC3,ZFHX3,1
ZIC3,LY6G6E,1
ZIC3,HSF2,1
ZIC3,DNAJC10,1
ZIC3,ATF2,1
ZIC3,ING1,1
ZIC3,CTNNB1,1
ZIC3,VEZF1,1
ZIC3,BRWD1,1
ZIC3,TXNIP,1
ZIC3,PHF20,1
ZIC3,SRM,1
ZIC3,RYBP,1
ZIC3,MYO6,1
ZIC3,MBD2,1
ZIC3,FABP3,1
ZIC3,MDM2,1
ZIC3,MAPK3,1
ZIC3,GLS,1
ZIC3,TINAGL1,1
ZIC3,AMOTL2,1
ZIC3,KAT2B,1
ZIC3,HDGF,1
ZIC3,MYLPF,1
ZIC3,NR5A2,1
ZIC3,TYRO3,1
ZIC3,PURA,1
ZIC3,NFKB2,1
ZIC3,KRBA1,1
ZIC3,ZFP219,1
ZIC3,TAGLN2,1
ZIC3,CTSL,1
ZIC3,CHD5,1
ZIC3,NR1D2,1
ZIC3,TEAD1,1
ZIC3,ETV4,1
ZIC3,HDAC5,1
ZIC3,TNK2,1
ZIC3,TMF1,1
ZIC3,WBP11,1
ZIC3,SOX7,1
ZIC3,RAD54B,1
ZIC3,RARG,1
ZIC3,NFATC3,1
ZIC3,LAMC1,1
ZIC3,MTF2,1
ZIC3,CAR2,1
ZIC3,BRCA2,1
ZIC3,SP1,1
ZIC3,VSIR,1
ZIC3,RCC2,1
ZIC3,KLF8,1
ZIC3,ANXA2,1
CHD7,BMP4,1
CHD7,BRWD1,1
CHD7,DKC1,1
CHD7,IRF1,1
CHD7,TIMP3,1
CNOT3,ABHD5,1
CNOT3,ANKRD49,1
CNOT3,ANKRD54,1
CNOT3,ANKS1,1
CNOT3,APOBEC3,1
CNOT3,ATF5,1
CNOT3,BCLAF1,1
CNOT3,BMPER,1
CNOT3,BRCA1,1
CNOT3,BRCA2,1
CNOT3,CBX8,1
CNOT3,CDC5L,1
CNOT3,CNOT2,1
CNOT3,CNOT7,1
CNOT3,COL27A1,1
CNOT3,COL4A1,1
CNOT3,COL4A2,1
CNOT3,CRY1,1
CNOT3,DAXX,1
CNOT3,DDX20,1
CNOT3,DNAJC2,1
CNOT3,EIF4A2,1
CNOT3,ESRRA,1
CNOT3,ETV6,1
CNOT3,FGF3,1
CNOT3,FOXO1,1
CNOT3,FOXQ1,1
CNOT3,FUBP3,1
CNOT3,GBX2,1
CNOT3,GLUL,1
CNOT3,GNAS,1
CNOT3,GNPDA1,1
CNOT3,GTF3C1,1
CNOT3,H1F0,1
CNOT3,HIST1H1A,1
CNOT3,HIST1H1B,1
CNOT3,HIST1H2AC,1
CNOT3,HIST1H2AF,1
CNOT3,HIST1H2AI,1
CNOT3,HIST1H2BB,1
CNOT3,HIST1H2BF,1
CNOT3,HIST1H2BK,1
CNOT3,HIST1H2BL,1
CNOT3,HIST1H3H,1
CNOT3,HMGA1,1
CNOT3,HMGA2,1
CNOT3,ID4,1
CNOT3,IMPDH1,1
CNOT3,ING1,1
CNOT3,INTS12,1
CNOT3,KHDRBS1,1
CNOT3,KIT,1
CNOT3,KLF13,1
CNOT3,KLF4,1
CNOT3,KPNA2,1
CNOT3,LDLRAP1,1
CNOT3,MATR3,1
CNOT3,MCM7,1
CNOT3,MSH6,1
CNOT3,MTF2,1
CNOT3,MYBL2,1
CNOT3,NCOR1,1
CNOT3,NOTCH2,1
CNOT3,NR1D2,1
CNOT3,OVOL1,1
CNOT3,P4HB,1
CNOT3,PHLDA3,1
CNOT3,PITX1,1
CNOT3,PLOD1,1
CNOT3,POLR1E,1
CNOT3,POLR2H,1
CNOT3,POLR3D,1
CNOT3,POU4F1,1
CNOT3,RAI14,1
CNOT3,RBMX,1
CNOT3,RELA,1
CNOT3,RNF2,1
CNOT3,RYBP,1
CNOT3,SALL1,1
CNOT3,SAP30,1
CNOT3,SIN3A,1
CNOT3,SLC5A11,1
CNOT3,SMAD7,1
CNOT3,SMARCB1,1
CNOT3,SNAI1,1
CNOT3,SOCS2,1
CNOT3,SP8,1
CNOT3,SREBF1,1
CNOT3,SRM,1
CNOT3,SSBP4,1
CNOT3,STAT5B,1
CNOT3,SUB1,1
CNOT3,TCF12,1
CNOT3,TCF7,1
CNOT3,TPM4,1
CNOT3,TRP53,1
CNOT3,TYRO3,1
CNOT3,UNG,1
CNOT3,ZBTB32,1
CNOT3,ZC3H7A,1
CNOT3,ZFP219,1
CNOT3,ZFP277,1
CNOT3,ZFP398,1
CNOT3,ZSWIM4,1
CTCF,ZC3H7A,1
E2F1,AATF,1
E2F1,ABT1,1
E2F1,ABTB1,1
E2F1,ADAM19,1
E2F1,ANP32A,1
E2F1,ANXA2,1
E2F1,APBB1,1
E2F1,APOE,1
E2F1,ASS1,1
E2F1,ATF2,1
E2F1,ATF6,1
E2F1,B2M,1
E2F1,BCAT1,1
E2F1,BRPF1,1
E2F1,BTG2,1
E2F1,CALR,1
E2F1,CALU,1
E2F1,CCND1,1
E2F1,CDC5L,1
E2F1,CDKN1A,1
E2F1,CEBPZ,1
E2F1,CHD4,1
E2F1,CITED2,1
E2F1,CKB,1
E2F1,CNOT3,1
E2F1,COIL,1
E2F1,COMMD3,1
E2F1,COPS2,1
E2F1,CREBZF,1
E2F1,CRIP2,1
E2F1,CST3,1
E2F1,CTH,1
E2F1,CTSA,1
E2F1,CTSD,1
E2F1,CTSL,1
E2F1,CTSZ,1
E2F1,DCP1A,1
E2F1,DDB2,1
E2F1,DDIT3,1
E2F1,DDX54,1
E2F1,DDX58,1
E2F1,DNAJC10,1
E2F1,DPP4,1
E2F1,DPPA2,1
E2F1,DPPA4,1
E2F1,DR1,1
E2F1,DUSP9,1
E2F1,ECD,1
E2F1,ECT2,1
E2F1,ELF3,1
E2F1,ELL2,1
E2F1,EPHA2,1
E2F1,EPHA4,1
E2F1,ESPL1,1
E2F1,ESRRB,1
E2F1,ETV4,1
E2F1,EWSR1,1
E2F1,EYA1,1
E2F1,FLRT3,1
E2F1,FN1,1
E2F1,FOXD3,1
E2F1,FOXH1,1
E2F1,GABARAPL2,1
E2F1,GJA1,1
E2F1,GLDC,1
E2F1,GLUL,1
E2F1,GNPDA1,1
E2F1,GTF3C1,1
E2F1,GTF3C5,1
E2F1,HCFC1,1
E2F1,HDAC1,1
E2F1,HDAC10,1
E2F1,HDAC11,1
E2F1,HDAC3,1
E2F1,HES1,1
E2F1,HES6,1
E2F1,HIF3A,1
E2F1,HSBP1,1
E2F1,HSP90B1,1
E2F1,HSPA5,1
E2F1,ID2,1
E2F1,ID3,1
E2F1,IFI30,1
E2F1,IFITM1,1
E2F1,IFITM2,1
E2F1,IFITM3,1
E2F1,ILF3,1
E2F1,IRF1,1
E2F1,IRF3,1
E2F1,IRF6,1
E2F1,ISYNA1,1
E2F1,KIT,1
E2F1,L1TD1,1
E2F1,L3MBTL2,1
E2F1,LAMA1,1
E2F1,LAMA5,1
E2F1,LDHB,1
E2F1,LEFTY1,1
E2F1,LEFTY2,1
E2F1,LRP2,1
E2F1,LRPAP1,1
E2F1,LY6G6E,1
E2F1,MAGED1,1
E2F1,MAPK11,1
E2F1,MAPK3,1
E2F1,MCM2,1
E2F1,MCM6,1
E2F1,MCM7,1
E2F1,MORF4L2,1
E2F1,MOV10,1
E2F1,MSC,1
E2F1,MT2,1
E2F1,MYC,1
E2F1,MYH9,1
E2F1,NDN,1
E2F1,NDRG1,1
E2F1,NFATC2IP,1
E2F1,NFE2L2,1
E2F1,NME2,1
E2F1,NONO,1
E2F1,NOTCH4,1
E2F1,NR0B1,1
E2F1,NR1D1,1
E2F1,NR1H2,1
E2F1,OPLAH,1
E2F1,P4HA1,1
E2F1,P4HB,1
E2F1,PA2G4,1
E2F1,PARP1,1
E2F1,PARVB,1
E2F1,PCOLCE,1
E2F1,PDPN,1
E2F1,PELP1,1
E2F1,PIAS1,1
E2F1,PITX2,1
E2F1,PLRG1,1
E2F1,PLTP,1
E2F1,PML,1
E2F1,PMS1,1
E2F1,POLR1E,1
E2F1,POLR2E,1
E2F1,POLR3B,1
E2F1,PRDM1,1
E2F1,PRDM5,1
E2F1,RBM14,1
E2F1,RBMX,1
E2F1,RCN3,1
E2F1,RFXAP,1
E2F1,RNF6,1
E2F1,RPL22L1,1
E2F1,RRM2,1
E2F1,RUVBL2,1
E2F1,SALL1,1
E2F1,SAT1,1
E2F1,SDC4,1
E2F1,SEC24D,1
E2F1,SIN3B,1
E2F1,SLC5A11,1
E2F1,SLC7A3,1
E2F1,SMARCB1,1
E2F1,SNAPC3,1
E2F1,SND1,1
E2F1,SOCS2,1
E2F1,SPP1,1
E2F1,SREBF1,1
E2F1,SSR3,1
E2F1,TAF6,1
E2F1,TAF6L,1
E2F1,TBX3,1
E2F1,TCOF1,1
E2F1,TDH,1
E2F1,TEAD4,1
E2F1,TGIF1,1
E2F1,THRAP3,1
E2F1,TIMP2,1
E2F1,TLE1,1
E2F1,TMSB4X,1
E2F1,TOPORS,1
E2F1,TRH,1
E2F1,TRIB3,1
E2F1,TRP53,1
E2F1,TUBA4A,1
E2F1,TUBB2B,1
E2F1,TUBB6,1
E2F1,TULP3,1
E2F1,TXNIP,1
E2F1,UBE2C,1
E2F1,UHRF1,1
E2F1,UTF1,1
E2F1,VIM,1
E2F1,WDR45,1
E2F1,WWTR1,1
E2F1,XRCC5,1
E2F1,XRCC6,1
E2F1,ZBTB7A,1
E2F1,ZC3H7A,1
E2F1,ZFP277,1
E2F1,ZFP296,1
E2F1,ZFP36L1,1
E2F1,ZFP42,1
E2F1,ZFP462,1
E2F1,ZFP57,1
E2F1,ZIC3,1
E2F4,2810025M15RIK,1
E2F4,AATF,1
E2F4,ADAM23,1
E2F4,AMPD2,1
E2F4,ANKRD49,1
E2F4,ANKRD54,1
E2F4,APEX1,1
E2F4,APOE,1
E2F4,ARID3B,1
E2F4,ARL6IP5,1
E2F4,ARNTL,1
E2F4,ASS1,1
E2F4,ASXL1,1
E2F4,ATF1,1
E2F4,ATF2,1
E2F4,ATF3,1
E2F4,ATF4,1
E2F4,ATF5,1
E2F4,ATF7,1
E2F4,ATM,1
E2F4,B2M,1
E2F4,BARD1,1
E2F4,BCAM,1
E2F4,BCAT1,1
E2F4,BCLAF1,1
E2F4,BMI1,1
E2F4,BMP4,1
E2F4,BRCA1,1
E2F4,BRCA2,1
E2F4,BRPF1,1
E2F4,BRWD1,1
E2F4,BTG1,1
E2F4,BTG2,1
E2F4,CALR,1
E2F4,CALU,1
E2F4,CBX6,1
E2F4,CBX7,1
E2F4,CCNB1,1
E2F4,CCND1,1
E2F4,CDC20,1
E2F4,CDC42SE2,1
E2F4,CDC5L,1
E2F4,CDKN1A,1
E2F4,CEBPZ,1
E2F4,CENPB,1
E2F4,CIC,1
E2F4,CITED2,1
E2F4,CKAP4,1
E2F4,CLDN6,1
E2F4,CNOT3,1
E2F4,CNOT6,1
E2F4,CNOT8,1
E2F4,COMMD3,1
E2F4,COTL1,1
E2F4,CREB3,1
E2F4,CRIP2,1
E2F4,CRY1,1
E2F4,CSRP2,1
E2F4,CTBP2,1
E2F4,CTNNBL1,1
E2F4,CTSD,1
E2F4,CTSL,1
E2F4,D230025D16RIK,1
E2F4,DAZAP2,1
E2F4,DDB1,1
E2F4,DDIT3,1
E2F4,DDX20,1
E2F4,DDX5,1
E2F4,DDX54,1
E2F4,DEK,1
E2F4,DIDO1,1
E2F4,DMRT1,1
E2F4,DNMT1,1
E2F4,DNMT3A,1
E2F4,DPP4,1
E2F4,E2F1,1
E2F4,ECT2,1
E2F4,EED,1
E2F4,EFEMP2,1
E2F4,EGR1,1
E2F4,EIF4A2,1
E2F4,ELAVL2,1
E2F4,ELF3,1
E2F4,ELK4,1
E2F4,EMP2,1
E2F4,ERCC8,1
E2F4,ERP29,1
E2F4,ESPL1,1
E2F4,ESRRA,1
E2F4,ETV1,1
E2F4,ETV4,1
E2F4,ETV5,1
E2F4,ETV6,1
E2F4,EWSR1,1
E2F4,EZH2,1
E2F4,FDPS,1
E2F4,FGF4,1
E2F4,FGFR3,1
E2F4,FIZ1,1
E2F4,FN1,1
E2F4,FOXD3,1
E2F4,FOXH1,1
E2F4,FOXJ3,1
E2F4,FST,1
E2F4,FUS,1
E2F4,FXYD6,1
E2F4,GABARAPL2,1
E2F4,GABPA,1
E2F4,GATA4,1
E2F4,GBX2,1
E2F4,GJB3,1
E2F4,GLI1,1
E2F4,GLIPR2,1
E2F4,GLUL,1
E2F4,GNAS,1
E2F4,GNPDA1,1
E2F4,GRIN1,1
E2F4,GSR,1
E2F4,GTF2I,1
E2F4,GTF3C5,1
E2F4,GZF1,1
E2F4,H1F0,1
E2F4,HCFC1,1
E2F4,HDAC10,1
E2F4,HDAC5,1
E2F4,HDLBP,1
E2F4,HES1,1
E2F4,HES6,1
E2F4,HEXIM1,1
E2F4,HEY2,1
E2F4,HIP1,1
E2F4,HIST1H1A,1
E2F4,HIST1H1B,1
E2F4,HIST1H1D,1
E2F4,HIST1H2AF,1
E2F4,HIST1H2AI,1
E2F4,HIST1H2AK,1
E2F4,HIST1H2BB,1
E2F4,HIST1H2BF,1
E2F4,HIST1H2BK,1
E2F4,HIST1H2BL,1
E2F4,HIST1H2BN,1
E2F4,HIST1H3H,1
E2F4,HIST1H4K,1
E2F4,HMGA1,1
E2F4,HMGA2,1
E2F4,HMGB2,1
E2F4,HSF2,1
E2F4,HSP90AA1,1
E2F4,HSP90B1,1
E2F4,HSPA5,1
E2F4,ID2,1
E2F4,ID3,1
E2F4,IFI30,1
E2F4,IFITM1,1
E2F4,IFITM2,1
E2F4,IGFBP2,1
E2F4,IKBKB,1
E2F4,ILF3,1
E2F4,ING1,1
E2F4,ING3,1
E2F4,INSIG1,1
E2F4,INTS12,1
E2F4,JAM2,1
E2F4,JARID2,1
E2F4,JUN,1
E2F4,KDELR3,1
E2F4,KHDRBS1,1
E2F4,KIT,1
E2F4,KLF10,1
E2F4,KLF13,1
E2F4,KLF2,1
E2F4,KLF8,1
E2F4,KLF9,1
E2F4,KNTC1,1
E2F4,L3MBTL2,1
E2F4,LAMB2,1
E2F4,LDHB,1
E2F4,LTBP4,1
E2F4,MAGED1,1
E2F4,MAPK11,1
E2F4,MATR3,1
E2F4,MAZ,1
E2F4,MCM2,1
E2F4,MCM3,1
E2F4,MCM4,1
E2F4,MCM5,1
E2F4,MCM6,1
E2F4,MCM7,1
E2F4,MDM2,1
E2F4,MED12,1
E2F4,MED31,1
E2F4,MED4,1
E2F4,MEF2A,1
E2F4,MEF2D,1
E2F4,MEIS1,1
E2F4,MEN1,1
E2F4,MGST3,1
E2F4,MLLT1,1
E2F4,MLXIP,1
E2F4,MLXIPL,1
E2F4,MME,1
E2F4,MSC,1
E2F4,MSH6,1
E2F4,MT1,1
E2F4,MT2,1
E2F4,MTF2,1
E2F4,MYBL2,1
E2F4,MYC,1
E2F4,MYCN,1
E2F4,MYD88,1
E2F4,MYH9,1
E2F4,MYLPF,1
E2F4,NANOG,1
E2F4,NCOR1,1
E2F4,NDRG1,1
E2F4,NEDD4,1
E2F4,NFATC2IP,1
E2F4,NFATC3,1
E2F4,NFE2L1,1
E2F4,NFE2L2,1
E2F4,NFX1,1
E2F4,NFYA,1
E2F4,NFYB,1
E2F4,NID1,1
E2F4,NKRF,1
E2F4,NME2,1
E2F4,NONO,1
E2F4,NOTCH1,1
E2F4,NOTCH2,1
E2F4,NPHS1,1
E2F4,NR1D1,1
E2F4,NR2F2,1
E2F4,NR3C1,1
E2F4,NXF7,1
E2F4,OTX2,1
E2F4,OVOL1,1
E2F4,P4HB,1
E2F4,PA2G4,1
E2F4,PARP1,1
E2F4,PATZ1,1
E2F4,PAX1,1
E2F4,PAX6,1
E2F4,PAX8,1
E2F4,PBXIP1,1
E2F4,PDCD11,1
E2F4,PDK1,1
E2F4,PEG3,1
E2F4,PELP1,1
E2F4,PFKP,1
E2F4,PHC1,1
E2F4,PHF12,1
E2F4,PHLDB2,1
E2F4,PIAS1,1
E2F4,PIAS3,1
E2F4,PITX2,1
E2F4,PLOD3,1
E2F4,PLRG1,1
E2F4,PLTP,1
E2F4,PML,1
E2F4,PMM1,1
E2F4,PMS1,1
E2F4,POLR1E,1
E2F4,POLR2A,1
E2F4,POLR2B,1
E2F4,POLR2H,1
E2F4,POLR2I,1
E2F4,POLR2J,1
E2F4,POLR3B,1
E2F4,POLR3F,1
E2F4,POU2F1,1
E2F4,POU4F1,1
E2F4,PROX1,1
E2F4,PSIP1,1
E2F4,RAD51,1
E2F4,RANBP17,1
E2F4,RASGRP2,1
E2F4,RB1,1
E2F4,RBBP4,1
E2F4,RBL1,1
E2F4,RBM14,1
E2F4,RBMX,1
E2F4,RBPMS2,1
E2F4,RCC2,1
E2F4,RFX5,1
E2F4,RFXAP,1
E2F4,RIF1,1
E2F4,RNF2,1
E2F4,RNF6,1
E2F4,RPL22L1,1
E2F4,RRM2,1
E2F4,RUNX1,1
E2F4,SALL4,1
E2F4,SAP30,1
E2F4,SATB2,1
E2F4,SCMH1,1
E2F4,SFPQ,1
E2F4,SIN3A,1
E2F4,SIX1,1
E2F4,SLC16A1,1
E2F4,SLC6A6,1
E2F4,SLC7A6,1
E2F4,SMAD4,1
E2F4,SMAD7,1
E2F4,SMARCA5,1
E2F4,SMARCAD1,1
E2F4,SMARCB1,1
E2F4,SMARCC1,1
E2F4,SNAI1,1
E2F4,SNAPC3,1
E2F4,SOCS2,1
E2F4,SOX2,1
E2F4,SP1,1
E2F4,SP8,1
E2F4,SSBP4,1
E2F4,STXBP2,1
E2F4,SUZ12,1
E2F4,TAF6,1
E2F4,TAF6L,1
E2F4,TAF9,1
E2F4,TAGLN2,1
E2F4,TAX1BP3,1
E2F4,TBL1X,1
E2F4,TBPL1,1
E2F4,TBX18,1
E2F4,TBX3,1
E2F4,TCEA1,1
E2F4,TCEA3,1
E2F4,TCERG1,1
E2F4,TCF12,1
E2F4,TCF4,1
E2F4,TCOF1,1
E2F4,TDGF1,1
E2F4,TDH,1
E2F4,TFRC,1
E2F4,TGFB1,1
E2F4,THRAP3,1
E2F4,TIMELESS,1
E2F4,TIMP3,1
E2F4,TOP2A,1
E2F4,TOPORS,1
E2F4,TRIB3,1
E2F4,TRIM25,1
E2F4,TRIM28,1
E2F4,TRP53,1
E2F4,TRPS1,1
E2F4,TSG101,1
E2F4,TTF2,1
E2F4,TUBB6,1
E2F4,TULP3,1
E2F4,TXNDC12,1
E2F4,UBE2C,1
E2F4,UCHL1,1
E2F4,UHRF1,1
E2F4,ULK1,1
E2F4,UNG,1
E2F4,UTF1,1
E2F4,VILL,1
E2F4,VIM,1
E2F4,WBP11,1
E2F4,WDR45,1
E2F4,WWTR1,1
E2F4,XAB2,1
E2F4,XRCC5,1
E2F4,XRCC6,1
E2F4,YBX1,1
E2F4,YEATS4,1
E2F4,ZBTB24,1
E2F4,ZBTB3,1
E2F4,ZC3H7A,1
E2F4,ZDHHC15,1
E2F4,ZDHHC16,1
E2F4,ZFP148,1
E2F4,ZFP219,1
E2F4,ZFP281,1
E2F4,ZFP36L1,1
E2F4,ZFP423,1
E2F4,ZFP446,1
E2F4,ZFP91,1
E2F4,ZFPM1,1
E2F4,ZFYVE21,1
E2F4,ZIC3,1
E2F4,ZMYM2,1
E2F4,ZSWIM4,1
EED,ATF3,1
EED,BACH2,1
EED,BARX1,1
EED,BMP4,1
EED,BMP6,1
EED,BMPER,1
EED,CBX4,1
EED,CBX8,1
EED,CITED1,1
EED,COL27A1,1
EED,COL4A1,1
EED,COL4A2,1
EED,CRY1,1
EED,DKK1,1
EED,EBF1,1
EED,EBF4,1
EED,EOMES,1
EED,EPAS1,1
EED,FGF3,1
EED,FGFR3,1
EED,FHL2,1
EED,FOXQ1,1
EED,GATA3,1
EED,GATA4,1
EED,GATA6,1
EED,GBX2,1
EED,GDPD5,1
EED,HEY2,1
EED,HMGA2,1
EED,HOXD13,1
EED,HS3ST1,1
EED,ID3,1
EED,IGF2,1
EED,IRF2,1
EED,JUN,1
EED,LHX2,1
EED,MEIS1,1
EED,MSX2,1
EED,MYC,1
EED,NFATC1,1
EED,NFIC,1
EED,NPAS2,1
EED,NR2F2,1
EED,OVOL1,1
EED,PAX1,1
EED,PAX6,1
EED,PAX8,1
EED,PDGFRA,1
EED,PITX1,1
EED,PODXL,1
EED,POU4F2,1
EED,SERPINE2,1
EED,SIX1,1
EED,SMARCA2,1
EED,SOX7,1
EED,TBX18,1
EED,THBD,1
EED,ZFPM1,1
ESRRB,ABHD5,1
ESRRB,ABT1,1
ESRRB,ABTB1,1
ESRRB,ADAM23,1
ESRRB,AES,1
ESRRB,AGAP3,1
ESRRB,AKT1,1
ESRRB,ALG13,1
ESRRB,ALPL,1
ESRRB,ANKRD49,1
ESRRB,ANKRD54,1
ESRRB,ANKS1,1
ESRRB,ANP32A,1
ESRRB,ANXA2,1
ESRRB,APEX1,1
ESRRB,ARID1A,1
ESRRB,ARID5B,1
ESRRB,ARL6IP5,1
ESRRB,ASS1,1
ESRRB,BASP1,1
ESRRB,BEX1,1
ESRRB,BIN1,1
ESRRB,BMP4,1
ESRRB,BMP6,1
ESRRB,BRCA2,1
ESRRB,BRPF1,1
ESRRB,BTAF1,1
ESRRB,BTBD11,1
ESRRB,BTG1,1
ESRRB,BTG2,1
ESRRB,CBX4,1
ESRRB,CBX8,1
ESRRB,CD63,1
ESRRB,CDKN1A,1
ESRRB,CELF3,1
ESRRB,CHD4,1
ESRRB,CHD5,1
ESRRB,CIC,1
ESRRB,CKAP4,1
ESRRB,COL4A2,1
ESRRB,COMMD3,1
ESRRB,CRABP2,1
ESRRB,CREB3,1
ESRRB,CREB3L2,1
ESRRB,CSF1,1
ESRRB,CTCF,1
ESRRB,CTSD,1
ESRRB,CTSZ,1
ESRRB,CUX1,1
ESRRB,CUX2,1
ESRRB,D230025D16RIK,1
ESRRB,DAXX,1
ESRRB,DCP1A,1
ESRRB,DDB1,1
ESRRB,DDIT3,1
ESRRB,DDX54,1
ESRRB,DMRT1,1
ESRRB,DNAJC2,1
ESRRB,DTX1,1
ESRRB,EBF4,1
ESRRB,EFEMP2,1
ESRRB,EGR1,1
ESRRB,EHMT2,1
ESRRB,ELF2,1
ESRRB,ELF3,1
ESRRB,ELL3,1
ESRRB,ELP2,1
ESRRB,EOMES,1
ESRRB,EP300,1
ESRRB,ERP29,1
ESRRB,ETV5,1
ESRRB,ETV6,1
ESRRB,EZH1,1
ESRRB,FDPS,1
ESRRB,FGF3,1
ESRRB,FGF4,1
ESRRB,FGFR3,1
ESRRB,FOSL2,1
ESRRB,FOXA2,1
ESRRB,FOXD3,1
ESRRB,FOXH1,1
ESRRB,FOXO1,1
ESRRB,FST,1
ESRRB,FXYD3,1
ESRRB,FXYD6,1
ESRRB,GABARAPL2,1
ESRRB,GBX2,1
ESRRB,GJA1,1
ESRRB,GJB3,1
ESRRB,GLIPR2,1
ESRRB,GLUL,1
ESRRB,GM10039,1
ESRRB,GRB10,1
ESRRB,GSR,1
ESRRB,GTF2H4,1
ESRRB,GTF2I,1
ESRRB,GZF1,1
ESRRB,H1F0,1
ESRRB,HDAC3,1
ESRRB,HDGF,1
ESRRB,HES1,1
ESRRB,HEXIM1,1
ESRRB,HIF1A,1
ESRRB,HIF3A,1
ESRRB,HKDC1,1
ESRRB,HMGA1,1
ESRRB,HMGA2,1
ESRRB,HMGB2,1
ESRRB,HNRNPD,1
ESRRB,HOPX,1
ESRRB,HSF2,1
ESRRB,HSP90AA1,1
ESRRB,HSPG2,1
ESRRB,HSPH1,1
ESRRB,HTRA1,1
ESRRB,IFI30,1
ESRRB,IFITM2,1
ESRRB,IFITM3,1
ESRRB,ILK,1
ESRRB,IMPDH1,1
ESRRB,IRF1,1
ESRRB,IRF2,1
ESRRB,IRF6,1
ESRRB,ISYNA1,1
ESRRB,JAM2,1
ESRRB,JARID2,1
ESRRB,KANK3,1
ESRRB,KAT2B,1
ESRRB,KDELR3,1
ESRRB,KDM5B,1
ESRRB,KEAP1,1
ESRRB,KIT,1
ESRRB,KLF2,1
ESRRB,KLF3,1
ESRRB,KLF9,1
ESRRB,KRBA1,1
ESRRB,KRT42,1
ESRRB,L1TD1,1
ESRRB,LAMB2,1
ESRRB,LAMC1,1
ESRRB,LAPTM5,1
ESRRB,LDLRAP1,1
ESRRB,LEFTY2,1
ESRRB,LHX2,1
ESRRB,LTBP4,1
ESRRB,MAML1,1
ESRRB,MAPK11,1
ESRRB,MATR3,1
ESRRB,MAZ,1
ESRRB,MCM5,1
ESRRB,MED15,1
ESRRB,MEIS1,1
ESRRB,MEIS3,1
ESRRB,MEN1,1
ESRRB,MKX,1
ESRRB,MLLT1,1
ESRRB,MLXIP,1
ESRRB,MLXIPL,1
ESRRB,MOV10,1
ESRRB,MPHOSPH8,1
ESRRB,MRAS,1
ESRRB,MSX2,1
ESRRB,MT2,1
ESRRB,MYBL2,1
ESRRB,MYC,1
ESRRB,MYCN,1
ESRRB,MYD88,1
ESRRB,NAA15,1
ESRRB,NFATC4,1
ESRRB,NFKB2,1
ESRRB,NFKBIA,1
ESRRB,NONO,1
ESRRB,NPHS1,1
ESRRB,NR2F6,1
ESRRB,NSD1,1
ESRRB,OBSL1,1
ESRRB,ODC1,1
ESRRB,PARP1,1
ESRRB,PATZ1,1
ESRRB,PAX1,1
ESRRB,PAX6,1
ESRRB,PCBP2,1
ESRRB,PDGFRA,1
ESRRB,PER1,1
ESRRB,PFKP,1
ESRRB,PGA5,1
ESRRB,PHLDA3,1
ESRRB,PHLDB2,1
ESRRB,PIAS3,1
ESRRB,PITX2,1
ESRRB,PLA2G1B,1
ESRRB,PLAGL2,1
ESRRB,PODXL,1
ESRRB,POLR2B,1
ESRRB,POLR2H,1
ESRRB,POLR2J,1
ESRRB,POU4F2,1
ESRRB,PTPN14,1
ESRRB,RAB3IL1,1
ESRRB,RBMXL2,1
ESRRB,RCC2,1
ESRRB,RCOR2,1
ESRRB,RELA,1
ESRRB,REST,1
ESRRB,RFX5,1
ESRRB,RFXAP,1
ESRRB,RNF14,1
ESRRB,RNF157,1
ESRRB,RPL22L1,1
ESRRB,RRM2,1
ESRRB,RUNX1,1
ESRRB,RUNX3,1
ESRRB,RUVBL2,1
ESRRB,RYBP,1
ESRRB,SALL1,1
ESRRB,SDC4,1
ESRRB,SEC24D,1
ESRRB,SEMA4C,1
ESRRB,SFPQ,1
ESRRB,SIN3A,1
ESRRB,SKIL,1
ESRRB,SLC6A8,1
ESRRB,SLC7A6,1
ESRRB,SMARCA4,1
ESRRB,SMARCC2,1
ESRRB,SMARCD1,1
ESRRB,SMURF1,1
ESRRB,SNAPC3,1
ESRRB,SNORA26,1
ESRRB,SNORD32A,1
ESRRB,SNORD35B,1
ESRRB,SNORD93,1
ESRRB,SOAT1,1
ESRRB,SOCS2,1
ESRRB,SOX2,1
ESRRB,SOX4,1
ESRRB,SOX7,1
ESRRB,SP1,1
ESRRB,SRF,1
ESRRB,SSBP4,1
ESRRB,SSR3,1
ESRRB,STARD10,1
ESRRB,STAT5B,1
ESRRB,SUZ12,1
ESRRB,TADA3,1
ESRRB,TBPL1,1
ESRRB,TBX3,1
ESRRB,TCEA1,1
ESRRB,TCF7,1
ESRRB,TEAD3,1
ESRRB,TGFB1,1
ESRRB,TIMP2,1
ESRRB,TMSB4X,1
ESRRB,TNS4,1
ESRRB,TOP2B,1
ESRRB,TOX4,1
ESRRB,TPM4,1
ESRRB,TRH,1
ESRRB,TRIM13,1
ESRRB,TRIM25,1
ESRRB,TRP53,1
ESRRB,TRRAP,1
ESRRB,TUBB2B,1
ESRRB,TUBB6,1
ESRRB,UBTF,1
ESRRB,UCHL1,1
ESRRB,UHRF1,1
ESRRB,ULK1,1
ESRRB,UTF1,1
ESRRB,VIM,1
ESRRB,XRCC6,1
ESRRB,YEATS2,1
ESRRB,YEATS4,1
ESRRB,ZBTB32,1
ESRRB,ZBTB7A,1
ESRRB,ZC3H7A,1
ESRRB,ZEB1,1
ESRRB,ZFP276,1
ESRRB,ZFP296,1
ESRRB,ZFP36L1,1
ESRRB,ZFP423,1
ESRRB,ZFP462,1
ESRRB,ZMYM2,1
ESRRB,ZMYND11,1
ESRRB,ZSWIM4,1
ESRRB,ZYX,1
EZH2,BACH2,1
EZH2,BMP4,1
EZH2,CCND1,1
EZH2,ID2,1
EZH2,MYC,1
GLI1,RAI14,1
GLI1,TRPS1,1
JARID2,ETV4,1
JARID2,LMO4,1
JARID2,PLAT,1
JARID2,RARA,1
JARID2,RUNX3,1
JARID2,TINAGL1,1
JARID2,TSHZ3,1
JARID2,UBE2C,1
JARID2,YAF2,1
KLF2,BMP4,1
KLF2,BNIP3,1
KLF2,CDKN1A,1
KLF2,DMRT1,1
KLF2,DNMT3A,1
KLF2,FOXD3,1
KLF2,FOXJ2,1
KLF2,JARID2,1
KLF2,KLF4,1
KLF2,KLF9,1
KLF2,LEFTY1,1
KLF2,LEFTY2,1
KLF2,MKRN1,1
KLF2,NANOG,1
KLF2,OTX2,1
KLF2,PAWR,1
KLF2,PDGFRA,1
KLF2,PHC1,1
KLF2,PLA2G1B,1
KLF2,PRDM1,1
KLF2,RYBP,1
KLF2,SALL1,1
KLF2,SIX1,1
KLF2,SMARCAD1,1
KLF2,SNAI1,1
KLF2,SOX2,1
KLF2,SP1,1
KLF2,ZIC3,1
KLF4,ADAM19,1
KLF4,AES,1
KLF4,AIRE,1
KLF4,ANP32A,1
KLF4,ARID1A,1
KLF4,BARX1,1
KLF4,BCAT1,1
KLF4,BCL3,1
KLF4,BMP4,1
KLF4,BMPER,1
KLF4,CBX4,1
KLF4,CBX7,1
KLF4,CCNB1,1
KLF4,CCND1,1
KLF4,CKB,1
KLF4,CNOT8,1
KLF4,COL4A1,1
KLF4,COL4A2,1
KLF4,CREBZF,1
KLF4,CTBP2,1
KLF4,CTH,1
KLF4,DDX58,1
KLF4,DKK1,1
KLF4,DPPA4,1
KLF4,E2F4,1
KLF4,EBF1,1
KLF4,ECT2,1
KLF4,EFEMP2,1
KLF4,ELF3,1
KLF4,EMP2,1
KLF4,EOMES,1
KLF4,EPHA2,1
KLF4,ETV3,1
KLF4,EWSR1,1
KLF4,FGF3,1
KLF4,FN1,1
KLF4,FOXD3,1
KLF4,FOXJ2,1
KLF4,GABARAPL2,1
KLF4,GATA4,1
KLF4,GATA6,1
KLF4,GBX2,1
KLF4,GJA1,1
KLF4,GJB3,1
KLF4,GLI1,1
KLF4,GTF2I,1
KLF4,HCFC1,1
KLF4,HDAC10,1
KLF4,HDAC5,1
KLF4,HES1,1
KLF4,HIST1H1A,1
KLF4,HIST1H1B,1
KLF4,HIST1H2BB,1
KLF4,HIST1H2BF,1
KLF4,HIST1H3H,1
KLF4,HMGA2,1
KLF4,HTRA1,1
KLF4,ID2,1
KLF4,ID3,1
KLF4,IFITM2,1
KLF4,IFITM3,1
KLF4,IGF2,1
KLF4,IGFBP2,1
KLF4,INSIG1,1
KLF4,IRF3,1
KLF4,JUN,1
KLF4,KDELR3,1
KLF4,KIT,1
KLF4,KLF2,1
KLF4,KLF6,1
KLF4,KRT42,1
KLF4,LDHB,1
KLF4,LEFTY2,1
KLF4,LHX2,1
KLF4,MCM2,1
KLF4,MED4,1
KLF4,MEIS1,1
KLF4,MKX,1
KLF4,MOV10,1
KLF4,MSX2,1
KLF4,MT1,1
KLF4,MXD4,1
KLF4,MYC,1
KLF4,MYCN,1
KLF4,NFATC1,1
KLF4,NFIA,1
KLF4,NPAS2,1
KLF4,NPHS1,1
KLF4,NR2F2,1
KLF4,OTX2,1
KLF4,PATZ1,1
KLF4,PAX1,1
KLF4,PAX6,1
KLF4,PDGFRA,1
KLF4,PITX2,1
KLF4,PLA2G1B,1
KLF4,PML,1
KLF4,POU4F1,1
KLF4,PRDM14,1
KLF4,RPL22L1,1
KLF4,SIX1,1
KLF4,SMAD3,1
KLF4,SMAD7,1
KLF4,SMARCAD1,1
KLF4,SNAI1,1
KLF4,SNURF,1
KLF4,SOX15,1
KLF4,SOX17,1
KLF4,SOX2,1
KLF4,SP8,1
KLF4,TAF6,1
KLF4,TBX18,1
KLF4,TCEA1,1
KLF4,TGIF1,1
KLF4,THBD,1
KLF4,TRH,1
KLF4,TTF2,1
KLF4,ULK1,1
KLF4,UNG,1
KLF4,UTF1,1
KLF4,YBX1,1
KLF4,ZC3H7A,1
KLF4,ZFP219,1
KLF4,ZFP296,1
KLF4,ZFP36L1,1
KLF4,ZFP57,1
KLF4,ZIC3,1
KLF4,ZMYND11,1
MYC,2810025M15RIK,1
MYC,AATF,1
MYC,ADAM23,1
MYC,ALG13,1
MYC,AMPD2,1
MYC,ANKRD49,1
MYC,ANKRD6,1
MYC,ANKS1,1
MYC,ANP32A,1
MYC,APEX1,1
MYC,APOBEC3,1
MYC,APOE,1
MYC,ARID1A,1
MYC,ASH2L,1
MYC,ASS1,1
MYC,ASXL1,1
MYC,ATF1,1
MYC,ATF2,1
MYC,ATF3,1
MYC,ATF4,1
MYC,ATF5,1
MYC,ATF7,1
MYC,ATM,1
MYC,BARD1,1
MYC,BASP1,1
MYC,BCAT1,1
MYC,BCLAF1,1
MYC,BMP4,1
MYC,BRCA1,1
MYC,BRCA2,1
MYC,BRD7,1
MYC,BRWD1,1
MYC,BTF3,1
MYC,BTG2,1
MYC,CALCOCO1,1
MYC,CALR,1
MYC,CALU,1
MYC,CBX7,1
MYC,CCNB1,1
MYC,CCND1,1
MYC,CCNG1,1
MYC,CD63,1
MYC,CDC20,1
MYC,CDC5L,1
MYC,CDKN1A,1
MYC,CEBPZ,1
MYC,CENPB,1
MYC,CIC,1
MYC,CITED2,1
MYC,CKB,1
MYC,CLDN6,1
MYC,CNOT2,1
MYC,CNOT3,1
MYC,CNOT6,1
MYC,CNOT6L,1
MYC,CNOT8,1
MYC,COBL,1
MYC,COIL,1
MYC,COL27A1,1
MYC,COPS2,1
MYC,CREB3L2,1
MYC,CREBZF,1
MYC,CRIP2,1
MYC,CST3,1
MYC,CTBP1,1
MYC,CTBP2,1
MYC,CTCF,1
MYC,CTNNB1,1
MYC,CTNNBL1,1
MYC,CTSD,1
MYC,CTSL,1
MYC,CTSZ,1
MYC,D230025D16RIK,1
MYC,DAXX,1
MYC,DCP1A,1
MYC,DDB1,1
MYC,DDIT3,1
MYC,DDX20,1
MYC,DDX5,1
MYC,DDX54,1
MYC,DEK,1
MYC,DKC1,1
MYC,DNAJC2,1
MYC,DNMT1,1
MYC,DR1,1
MYC,DUSP9,1
MYC,E2F1,1
MYC,E2F4,1
MYC,ECD,1
MYC,ECT2,1
MYC,EDA2R,1
MYC,EED,1
MYC,EHMT2,1
MYC,EIF4A2,1
MYC,ELAVL2,1
MYC,ELF3,1
MYC,ELK4,1
MYC,EP300,1
MYC,EP400,1
MYC,EPHA2,1
MYC,ERCC3,1
MYC,ERCC8,1
MYC,ERP29,1
MYC,ESPL1,1
MYC,ESRRA,1
MYC,ETV1,1
MYC,ETV4,1
MYC,ETV5,1
MYC,ETV6,1
MYC,EWSR1,1
MYC,EZH2,1
MYC,F3,1
MYC,FABP3,1
MYC,FDPS,1
MYC,FIZ1,1
MYC,FLRT3,1
MYC,FN1,1
MYC,FOSL2,1
MYC,FOXH1,1
MYC,FOXJ3,1
MYC,FUBP3,1
MYC,FUS,1
MYC,FXR2,1
MYC,FXYD6,1
MYC,GABARAPL2,1
MYC,GABPA,1
MYC,GATA6,1
MYC,GJA1,1
MYC,GJB3,1
MYC,GLDC,1
MYC,GLI1,1
MYC,GLS,1
MYC,GLUL,1
MYC,GNAS,1
MYC,GRB10,1
MYC,GRIN1,1
MYC,GSR,1
MYC,GSTA4,1
MYC,GTF2I,1
MYC,GTF3C5,1
MYC,GZF1,1
MYC,HCFC1,1
MYC,HDAC10,1
MYC,HDAC2,1
MYC,HDAC3,1
MYC,HDGF,1
MYC,HDLBP,1
MYC,HES1,1
MYC,HEXIM1,1
MYC,HEY2,1
MYC,HIF1A,1
MYC,HIF3A,1
MYC,HIST1H1B,1
MYC,HIST1H1D,1
MYC,HIST1H2AC,1
MYC,HIST1H2AF,1
MYC,HIST1H2AI,1
MYC,HIST1H2AK,1
MYC,HIST1H2BB,1
MYC,HIST1H2BK,1
MYC,HIST1H2BL,1
MYC,HIST1H2BN,1
MYC,HIST1H3H,1
MYC,HMGA1,1
MYC,HMGB2,1
MYC,HSP90AA1,1
MYC,HSP90B1,1
MYC,HSPA5,1
MYC,HSPB1,1
MYC,ID2,1
MYC,ID3,1
MYC,IFI30,1
MYC,IFITM1,1
MYC,IFITM2,1
MYC,IFITM3,1
MYC,IGFBP2,1
MYC,ILF2,1
MYC,ILF3,1
MYC,ILK,1
MYC,IMPDH1,1
MYC,ING1,1
MYC,ING3,1
MYC,INSIG1,1
MYC,INTS12,1
MYC,ISYNA1,1
MYC,ITGA6,1
MYC,ITPK1,1
MYC,JARID2,1
MYC,JUN,1
MYC,KEAP1,1
MYC,KHDRBS1,1
MYC,KIT,1
MYC,KLF10,1
MYC,KLF13,1
MYC,KLF15,1
MYC,KLF2,1
MYC,KLF4,1
MYC,KLF9,1
MYC,KNTC1,1
MYC,KPNA2,1
MYC,KRBA1,1
MYC,KRT42,1
MYC,L1TD1,1
MYC,L3MBTL2,1
MYC,LAMC1,1
MYC,LDB1,1
MYC,LDHB,1
MYC,LEFTY2,1
MYC,LTBP4,1
MYC,LY6G6E,1
MYC,MAFK,1
MYC,MAN1A2,1
MYC,MAPK11,1
MYC,MAPK3,1
MYC,MATR3,1
MYC,MAZ,1
MYC,MCM2,1
MYC,MCM3,1
MYC,MCM4,1
MYC,MCM5,1
MYC,MCM6,1
MYC,MCM7,1
MYC,MDM2,1
MYC,MED31,1
MYC,MED4,1
MYC,MEF2D,1
MYC,MEN1,1
MYC,MGST3,1
MYC,MKRN1,1
MYC,MLLT1,1
MYC,MLXIP,1
MYC,MORF4L2,1
MYC,MRAS,1
MYC,MSH6,1
MYC,MT1,1
MYC,MT2,1
MYC,MTF2,1
MYC,MXD4,1
MYC,MYBBP1A,1
MYC,MYBL2,1
MYC,MYCN,1
MYC,MYD88,1
MYC,MYLPF,1
MYC,NACC1,1
MYCN,ALG13,1
MYCN,AMPD2,1
MYCN,ANKS1,1
MYCN,APEX1,1
MYCN,ARID1A,1
MYCN,ASS1,1
MYCN,ATF1,1
MYCN,ATF2,1
MYCN,ATF7,1
MYCN,BRCA2,1
MYCN,BRPF1,1
MYCN,BRWD1,1
MYCN,BTAF1,1
MYCN,BTG2,1
MYCN,CCNB1,1
MYCN,CCNG1,1
MYCN,CDC20,1
MYCN,CITED2,1
MYCN,CKAP4,1
MYCN,CNOT2,1
MYCN,CNOT3,1
MYCN,COIL,1
MYC,NCOR1,1
MYCN,CRY1,1
MYCN,CTBP2,1
MYCN,CTCF,1
MYCN,D230025D16RIK,1
MYCN,DAXX,1
MYCN,DCP1A,1
MYCN,DDB1,1
MYCN,DDIT3,1
MYCN,DDX20,1
MYCN,DDX5,1
MYCN,DNAJC2,1
MYCN,DR1,1
MYCN,E2F1,1
MYCN,ECT2,1
MYC,NEDD4,1
MYCN,EHMT2,1
MYCN,EIF4A2,1
MYCN,ELF1,1
MYCN,ELK4,1
MYCN,EP300,1
MYCN,ERCC8,1
MYCN,ESPL1,1
MYCN,ESRRA,1
MYCN,EZH2,1
MYCN,FABP3,1
MYC,NFATC3,1
MYC,NFATC4,1
MYC,NFE2L1,1
MYC,NFE2L2,1
MYCN,FIZ1,1
MYCN,FN1,1
MYCN,FOSL2,1
MYCN,FOXH1,1
MYCN,FOXJ3,1
MYCN,FOXO1,1
MYC,NFX1,1
MYC,NFXL1,1
MYC,NFYA,1
MYC,NFYB,1
MYCN,GLI2,1
MYCN,GLS,1
MYCN,GTF2H3,1
MYCN,GZF1,1
MYCN,HCFC1,1
MYCN,HDAC2,1
MYCN,HDAC3,1
MYCN,HDGF,1
MYCN,HDLBP,1
MYCN,HES1,1
MYCN,HIF1A,1
MYCN,HIP1,1
MYCN,HMGB2,1
MYCN,HSP90AA1,1
MYCN,IGFBP2,1
MYCN,ILK,1
MYCN,INTS12,1
MYCN,JAM2,1
MYCN,KEAP1,1
MYCN,KHDRBS1,1
MYCN,KIT,1
MYCN,KLF15,1
MYCN,KLF9,1
MYCN,KNTC1,1
MYC,NKRF,1
MYCN,LAMC1,1
MYCN,LDB1,1
MYCN,LDHB,1
MYCN,LEFTY1,1
MYCN,MATR3,1
MYCN,MBD2,1
MYCN,MCM3,1
MYCN,MCM4,1
MYC,NME2,1
MYCN,MEF2A,1
MYCN,MEF2D,1
MYCN,MKRN1,1
MYCN,MLLT1,1
MYCN,MLXIP,1
MYCN,MORF4L2,1
MYCN,MSH6,1
MYCN,MT1,1
MYCN,MTF2,1
MYCN,MXD4,1
MYCN,MYBBP1A,1
MYCN,NANOG,1
MYCN,NCOR1,1
MYCN,NFE2L2,1
MYCN,NFXL1,1
MYCN,NOTCH1,1
MYCN,NOTCH2,1
MYCN,NR1D1,1
MYCN,NR2F6,1
MYCN,NRF1,1
MYCN,NSD1,1
MYCN,NUP210,1
MYCN,NUPR1,1
MYCN,ODC1,1
MYC,NONO,1
MYC,NOTCH1,1
MYCN,P4HA2,1
MYCN,P4HB,1
MYCN,PA2G4,1
MYCN,PAPOLA,1
MYCN,PARP1,1
MYCN,PATZ1,1
MYCN,PELP1,1
MYCN,PER1,1
MYCN,PHB2,1
MYCN,PHF12,1
MYCN,PHLDA3,1
MYCN,POLR1E,1
MYCN,POLR2A,1
MYCN,POLR2B,1
MYCN,POLR2I,1
MYCN,POLR3B,1
MYCN,POU2F1,1
MYCN,PURA,1
MYC,NR1D1,1
MYC,NR1D2,1
MYC,NR3C1,1
MYCN,RAB3IL1,1
MYCN,RARG,1
MYCN,RBBP4,1
MYCN,RBL1,1
MYCN,RCC2,1
MYCN,RCOR2,1
MYCN,RELA,1
MYC,NRF1,1
MYCN,RIF1,1
MYCN,RRM2,1
MYCN,RUVBL2,1
MYCN,RYBP,1
MYCN,SAP30,1
MYCN,SAT1,1
MYCN,SDC4,1
MYCN,SERTAD2,1
MYCN,SKIL,1
MYCN,SLC16A1,1
MYCN,SMAD3,1
MYCN,SMAD7,1
MYCN,SMARCA4,1
MYCN,SMARCAD1,1
MYCN,SMARCD1,1
MYCN,SMURF2,1
MYCN,SNAI1,1
MYCN,SND1,1
MYCN,SOCS2,1
MYCN,SOX2,1
MYCN,SP1,1
MYCN,SRM,1
MYCN,SUZ12,1
MYCN,TAF5,1
MYCN,TAF9,1
MYCN,TAX1BP3,1
MYCN,TBL1X,1
MYCN,TCL1,1
MYCN,TFRC,1
MYCN,TMED2,1
MYCN,TNFAIP3,1
MYCN,TNK2,1
MYCN,TOP2A,1
MYCN,TOPORS,1
MYCN,TRIM25,1
MYCN,TRIP6,1
MYCN,UBE2C,1
MYC,NUPR1,1
MYCN,XBP1,1
MYCN,XRCC5,1
MYCN,YBX1,1
MYCN,ZDHHC16,1
MYCN,ZFAND3,1
MYCN,ZFP148,1
MYCN,ZFP277,1
MYCN,ZFP296,1
MYCN,ZFP57,1
MYCN,ZFP768,1
MYC,ODC1,1
MYC,P4HA1,1
MYC,P4HB,1
MYC,PA2G4,1
MYC,PARP1,1
MYC,PATZ1,1
MYC,PAWR,1
MYC,PBXIP1,1
MYC,PCBP2,1
MYC,PCOLCE,1
MYC,PDCD11,1
MYC,PDIA6,1
MYC,PDK1,1
MYC,PELP1,1
MYC,PER1,1
MYC,PFKP,1
MYC,PHB2,1
MYC,PHC1,1
MYC,PHF12,1
MYC,PHF20,1
MYC,PHLDA3,1
MYC,PITX1,1
MYC,PITX2,1
MYC,PLAGL2,1
MYC,PLOD3,1
MYC,PLTP,1
MYC,PMM1,1
MYC,PODXL,1
MYC,POLR1E,1
MYC,POLR2A,1
MYC,POLR2B,1
MYC,POLR2E,1
MYC,POLR2H,1
MYC,POLR2I,1
MYC,POLR2J,1
MYC,POLR3B,1
MYC,POLR3D,1
MYC,POU2F1,1
MYC,POU4F2,1
MYC,PRDM1,1
MYC,PRDM5,1
MYC,PROX1,1
MYC,PTPN14,1
MYC,RAB11A,1
MYC,RAD51,1
MYC,RAI14,1
MYC,RANBP17,1
MYC,RARG,1
MYC,RASGRP2,1
MYC,RB1,1
MYC,RBBP4,1
MYC,RBBP7,1
MYC,RBL1,1
MYC,RBM14,1
MYC,RBMX,1
MYC,RCC2,1
MYC,RCOR2,1
MYC,RELA,1
MYC,REST,1
MYC,RNF2,1
MYC,RNF6,1
MYC,RPL22L1,1
MYC,RRM2,1
MYC,RUVBL1,1
MYC,RUVBL2,1
MYC,RYBP,1
MYC,SALL1,1
MYC,SALL4,1
MYC,SATB2,1
MYC,SERTAD2,1
MYC,SFPQ,1
MYC,SHKBP1,1
MYC,SHROOM3,1
MYC,SIN3A,1
MYC,SIRT1,1
MYC,SIRT2,1
MYC,SIRT3,1
MYC,SIX1,1
MYC,SIX5,1
MYC,SLC16A1,1
MYC,SLC25A5,1
MYC,SLC5A11,1
MYC,SLC6A6,1
MYC,SLC7A3,1
MYC,SLC7A6,1
MYC,SMAD3,1
MYC,SMAD7,1
MYC,SMARCA4,1
MYC,SMARCA5,1
MYC,SMARCAD1,1
MYC,SMARCB1,1
MYC,SMARCC1,1
MYC,SMARCD1,1
MYC,SMURF1,1
MYC,SND1,1
MYC,SOAT1,1
MYC,SOCS2,1
MYC,SOX17,1
MYC,SOX2,1
MYC,SOX4,1
MYC,SP1,1
MYC,SPRY2,1
MYC,SREBF1,1
MYC,SRM,1
MYC,SSB,1
MYC,SSBP4,1
MYC,SUB1,1
MYC,SUZ12,1
MYC,TAF10,1
MYC,TAF6,1
MYC,TAF6L,1
MYC,TAGLN2,1
MYC,TBL1X,1
MYC,TBX3,1
MYC,TCEA1,1
MYC,TCEA3,1
MYC,TCERG1,1
MYC,TCF4,1
MYC,TCF7L2,1
MYC,TCL1,1
MYC,TCOF1,1
MYC,TDH,1
MYC,TFRC,1
MYC,TGIF1,1
MYC,THRAP3,1
MYC,TIMP2,1
MYC,TLE1,1
MYC,TMED2,1
MYC,TOP2A,1
MYC,TOPORS,1
MYC,TPD52,1
MYC,TPM4,1
MYC,TRH,1
MYC,TRIB3,1
MYC,TRIM25,1
MYC,TRIM28,1
MYC,TRIM32,1
MYC,TRP53,1
MYC,TRPS1,1
MYC,TSG101,1
MYC,TTF2,1
MYC,TUBA4A,1
MYC,TUBB2B,1
MYC,TXNDC12,1
MYC,TXNDC5,1
MYC,TXNIP,1
MYC,UBE2C,1
MYC,UBQLN2,1
MYC,UBTF,1
MYC,UCHL1,1
MYC,UHRF1,1
MYC,ULK1,1
MYC,UNG,1
MYC,UPP1,1
MYC,USF1,1
MYC,UTF1,1
MYC,VEGFA,1
MYC,WBP11,1
MYC,XAB2,1
MYC,XBP1,1
MYC,XRCC5,1
MYC,XRCC6,1
MYC,YBX1,1
MYC,ZBTB38,1
MYC,ZBTB43,1
MYC,ZC3H7A,1
MYC,ZDHHC15,1
MYC,ZDHHC16,1
MYC,ZEB2,1
MYC,ZFP148,1
MYC,ZFP219,1
MYC,ZFP277,1
MYC,ZFP281,1
MYC,ZFP296,1
MYC,ZFP36L1,1
MYC,ZFP42,1
MYC,ZFP446,1
MYC,ZFP91,1
MYC,ZIC3,1
MYC,ZMYM2,1
MYC,ZSCAN10,1
NACC1,ADAM23,1
NACC1,AMOTL2,1
NACC1,ANP32A,1
NACC1,APOBEC3,1
NACC1,ARL6IP5,1
NACC1,ASXL1,1
NACC1,BASP1,1
NACC1,BMP4,1
NACC1,BTG2,1
NACC1,CALU,1
NACC1,CBX7,1
NACC1,CDKN1A,1
NACC1,CIC,1
NACC1,CITED2,1
NACC1,CNOT8,1
NACC1,COBL,1
NACC1,COIL,1
NACC1,CREB3,1
NACC1,CTBP2,1
NACC1,DIDO1,1
NACC1,DKK1,1
NACC1,DNMT3A,1
NACC1,DPP4,1
NACC1,E2F4,1
NACC1,EPAS1,1
NACC1,EPHA4,1
NACC1,ETV4,1
NACC1,FGF4,1
NACC1,FOXD3,1
NACC1,FOXH1,1
NACC1,FUBP3,1
NACC1,GABARAPL2,1
NACC1,GBX2,1
NACC1,GJB3,1
NACC1,GLUL,1
NACC1,GSTA4,1
NACC1,GTF2I,1
NACC1,HES1,1
NACC1,ID3,1
NACC1,IFITM1,1
NACC1,IFITM2,1
NACC1,IFITM3,1
NACC1,IGFBP2,1
NACC1,ITPK1,1
NACC1,JARID2,1
NACC1,KIT,1
NACC1,KLF2,1
NACC1,KLF9,1
NACC1,KRT42,1
NACC1,LDHB,1
NACC1,LEFTY1,1
NACC1,LEFTY2,1
NACC1,LRPAP1,1
NACC1,MRAS,1
NACC1,MSC,1
NACC1,MSH6,1
NACC1,MTF2,1
NACC1,MYBL2,1
NACC1,MYCN,1
NACC1,NANOG,1
NACC1,NFATC4,1
NACC1,NFKBIA,1
NACC1,NR0B1,1
NACC1,NR3C1,1
NACC1,NR4A1,1
NACC1,ODC1,1
NACC1,OTX2,1
NACC1,PDK1,1
NACC1,PDPN,1
NACC1,PHC1,1
NACC1,PML,1
NACC1,POU5F1,1
NACC1,PSIP1,1
NACC1,RAI14,1
NACC1,RARG,1
NACC1,RCOR2,1
NACC1,REST,1
NACC1,RIF1,1
NACC1,SALL1,1
NACC1,SALL4,1
NACC1,SERTAD2,1
NACC1,SHKBP1,1
NACC1,SLC25A5,1
NACC1,SLC5A11,1
NACC1,SLC6A8,1
NACC1,SNURF,1
NACC1,SOX2,1
NACC1,SOX4,1
NACC1,SP1,1
NACC1,SPP1,1
NACC1,SPRY2,1
NACC1,SPRY4,1
NACC1,TBX3,1
NACC1,TCEA1,1
NACC1,TCEA3,1
NACC1,TDGF1,1
NACC1,TDH,1
NACC1,TEAD1,1
NACC1,TPD52,1
NACC1,TPM4,1
NACC1,TRIB3,1
NACC1,TRIM25,1
NACC1,TRP53BP1,1
NACC1,TUBB2B,1
NACC1,UPP1,1
NACC1,USF1,1
NACC1,ZBTB38,1
NACC1,ZFP148,1
NACC1,ZFP36L1,1
NACC1,ZFP42,1
NACC1,ZFP57,1
NACC1,ZIC3,1
NANOG,2810025M15RIK,1
NANOG,ADAMTS9,1
NANOG,AKR1B8,1
NANOG,AMOT,1
NANOG,ARID3B,1
NANOG,ARID5B,1
NANOG,BACH2,1
NANOG,GATA3,1
NANOG,GATAD2B,1
NANOG,GNRH1,1
NANOG,HDAC10,1
NANOG,IFITM2,1
NANOG,LEFTY2,1
NANOG,MAGED1,1
NANOG,MSX2,1
NANOG,MYO7A,1
NANOG,NDRG4,1
NANOG,NFATC4,1
NANOG,NPHS1,1
NANOG,NSD1,1
NANOG,PAX1,1
NANOG,PLA2G1B,1
NANOG,PRRX2,1
NANOG,SLC5A11,1
NANOG,SPOCK1,1
NANOG,SSBP4,1
NANOG,TEAD3,1
NANOG,TRIP6,1
NANOG,UBTF,1
NANOG,VILL,1
NANOG,ZBTB20,1
NANOG,ZBTB32,1
NANOG,ZBTB7A,1
NANOG,ZFP296,1
NANOG,ZFP423,1
NANOG,ZFP462,1
NR0B1,ADAM19,1
NR0B1,AES,1
NR0B1,ANP32A,1
NR0B1,APOE,1
NR0B1,ARL6IP5,1
NR0B1,ASH2L,1
NR0B1,ASNS,1
NR0B1,ASS1,1
NR0B1,ASXL1,1
NR0B1,BASP1,1
NR0B1,BCAM,1
NR0B1,BMP4,1
NR0B1,BTG2,1
NR0B1,CALR,1
NR0B1,CBX7,1
NR0B1,CDKN1A,1
NR0B1,CITED2,1
NR0B1,CKB,1
NR0B1,COBL,1
NR0B1,COL4A2,1
NR0B1,CRABP2,1
NR0B1,CREB3,1
NR0B1,CTBP2,1
NR0B1,DDAH2,1
NR0B1,DDIT3,1
NR0B1,DDX54,1
NR0B1,DDX58,1
NR0B1,DNMT3A,1
NR0B1,E2F2,1
NR0B1,E2F4,1
NR0B1,ECT2,1
NR0B1,ELAVL2,1
NR0B1,ELL3,1
NR0B1,EPHA2,1
NR0B1,EPHA4,1
NR0B1,ETV5,1
NR0B1,EYA1,1
NR0B1,EZH1,1
NR0B1,FGF4,1
NR0B1,FLRT3,1
NR0B1,FN1,1
NR0B1,FOXD3,1
NR0B1,FOXH1,1
NR0B1,FOXO1,1
NR0B1,GABBR1,1
NR0B1,GABPA,1
NR0B1,GATA6,1
NR0B1,GBX2,1
NR0B1,GJB3,1
NR0B1,GLI1,1
NR0B1,GLUL,1
NR0B1,H1F0,1
NR0B1,HES1,1
NR0B1,HEXIM1,1
NR0B1,HIST1H1A,1
NR0B1,HMGA1,1
NR0B1,HSPA5,1
NR0B1,ID3,1
NR0B1,IFITM2,1
NR0B1,IRF6,1
NR0B1,ITPK1,1
NR0B1,JARID2,1
NR0B1,KIT,1
NR0B1,KLF2,1
NR0B1,KLF9,1
NR0B1,KRT42,1
NR0B1,LAMA1,1
NR0B1,LAPTM5,1
NR0B1,LEFTY1,1
NR0B1,LEFTY2,1
NR0B1,MEN1,1
NR0B1,MGST3,1
NR0B1,MLXIPL,1
NR0B1,MME,1
NR0B1,MOV10,1
NR0B1,MRAS,1
NR0B1,MSC,1
NR0B1,MSH6,1
NR0B1,MSX2,1
NR0B1,MT1,1
NR0B1,MYBL2,1
NR0B1,MYCN,1
NR0B1,MYH9,1
NR0B1,NDRG4,1
NR0B1,NFATC3,1
NR0B1,NFATC4,1
NR0B1,NFE2L2,1
NR0B1,NFIB,1
NR0B1,NFKBIA,1
NR0B1,NOTCH1,1
NR0B1,PARP1,1
NR0B1,PARVB,1
NR0B1,PAX6,1
NR0B1,PBXIP1,1
NR0B1,PDK1,1
NR0B1,PDPN,1
NR0B1,PFKP,1
NR0B1,PLTP,1
NR0B1,POU5F1,1
NR0B1,RAB3IL1,1
NR0B1,RARG,1
NR0B1,RASGRP2,1
NR0B1,RBBP7,1
NR0B1,RBPMS2,1
NR0B1,RCOR2,1
NR0B1,REST,1
NR0B1,RNF2,1
NR0B1,RUVBL2,1
NR0B1,RYBP,1
NR0B1,SALL4,1
NR0B1,SATB1,1
NR0B1,SATB2,1
NR0B1,SHROOM3,1
NR0B1,SLC25A4,1
NR0B1,SLC6A6,1
NR0B1,SLC6A8,1
NR0B1,SMAD7,1
NR0B1,SOCS2,1
NR0B1,SOX15,1
NR0B1,SOX2,1
NR0B1,SOX7,1
NR0B1,SPARC,1
NR0B1,SPRY2,1
NR0B1,SPRY4,1
NR0B1,STAT5A,1
NR0B1,TAGLN2,1
NR0B1,TBL1X,1
NR0B1,TBX3,1
NR0B1,TCEA1,1
NR0B1,TCEA3,1
NR0B1,TCL1,1
NR0B1,THRAP3,1
NR0B1,TPD52,1
NR0B1,TRH,1
NR0B1,TRIB3,1
NR0B1,TRIM25,1
NR0B1,TSPAN9,1
NR0B1,TUBB2B,1
NR0B1,TULP3,1
NR0B1,TXNDC12,1
NR0B1,UBE2C,1
NR0B1,UCHL1,1
NR0B1,ULK1,1
NR0B1,UTF1,1
NR0B1,VIM,1
NR0B1,ZFP36L1,1
NR0B1,ZFP57,1
PHC1,ANP32A,1
PHC1,ARHGAP29,1
PHC1,ATF3,1
PHC1,BACH2,1
PHC1,BARX1,1
PHC1,BIN1,1
PHC1,BMI1,1
PHC1,BMP4,1
PHC1,BMP6,1
PHC1,CALCOCO1,1
PHC1,CBX4,1
PHC1,CBX8,1
PHC1,CCND1,1
PHC1,CITED1,1
PHC1,COL27A1,1
PHC1,COL4A1,1
PHC1,COL4A2,1
PHC1,DMRT1,1
PHC1,EBF1,1
PHC1,EOMES,1
PHC1,EPAS1,1
PHC1,ERP29,1
PHC1,FGF3,1
PHC1,FGFR3,1
PHC1,FOSL2,1
PHC1,FOXA2,1
PHC1,FOXQ1,1
PHC1,FST,1
PHC1,GATA3,1
PHC1,GATA4,1
PHC1,GATA6,1
PHC1,GBX2,1
PHC1,HEY2,1
PHC1,HMGA1,1
PHC1,HMGA2,1
PHC1,HOXD13,1
PHC1,HS3ST1,1
PHC1,ID3,1
PHC1,IGF2,1
PHC1,IRF2,1
PHC1,JUN,1
PHC1,KLF2,1
PHC1,LHX2,1
PHC1,MEIS1,1
PHC1,MSX2,1
PHC1,MYC,1
PHC1,NFATC1,1
PHC1,NFIA,1
PHC1,NFIL3,1
PHC1,NFYA,1
PHC1,NPAS2,1
PHC1,NR2F2,1
PHC1,OTX2,1
PHC1,OVOL1,1
PHC1,PAX1,1
PHC1,PAX6,1
PHC1,PAX8,1
PHC1,PDGFRA,1
PHC1,PHLDB2,1
PHC1,PITX1,1
PHC1,PODXL,1
PHC1,POU4F2,1
PHC1,PROX1,1
PHC1,RAPGEF3,1
PHC1,SERPINE2,1
PHC1,SIRT2,1
PHC1,SIX1,1
PHC1,SMARCA2,1
PHC1,SOX7,1
PHC1,SP1,1
PHC1,SP8,1
PHC1,TBX18,1
PHC1,TBX3,1
PHC1,THBD,1
PHC1,ZFPM1,1
POU5F1,AES,1
POU5F1,AKR1B8,1
POU5F1,ANP32A,1
POU5F1,ARID3B,1
POU5F1,ARID5B,1
POU5F1,BMPER,1
POU5F1,CBX7,1
POU5F1,CHD5,1
POU5F1,CNOT3,1
POU5F1,COBL,1
POU5F1,CRABP2,1
POU5F1,DCXR,1
POU5F1,DPP4,1
POU5F1,DTX1,1
POU5F1,EBF4,1
POU5F1,EPHA2,1
POU5F1,ESRRB,1
POU5F1,FGF3,1
POU5F1,FOXD3,1
POU5F1,FOXJ2,1
POU5F1,FST,1
POU5F1,GATAD2B,1
POU5F1,GNAS,1
POU5F1,HMGA2,1
POU5F1,ITPK1,1
POU5F1,JAM2,1
POU5F1,LEFTY2,1
POU5F1,LHX2,1
POU5F1,MSX2,1
POU5F1,NDRG4,1
POU5F1,NFATC4,1
POU5F1,NFIA,1
POU5F1,NPHS1,1
POU5F1,NRIP1,1
POU5F1,PAX1,1
POU5F1,PER1,1
POU5F1,PITX2,1
POU5F1,PRRX2,1
POU5F1,RFX2,1
POU5F1,RPL22L1,1
POU5F1,SALL1,1
POU5F1,SATB2,1
POU5F1,SEC24D,1
POU5F1,SHKBP1,1
POU5F1,SOX17,1
POU5F1,SOX4,1
POU5F1,SOX7,1
POU5F1,SP8,1
POU5F1,SPARC,1
POU5F1,SRI,1
POU5F1,TRH,1
POU5F1,TRIP6,1
POU5F1,TSHZ3,1
POU5F1,TYRO3,1
POU5F1,UNG,1
POU5F1,ZBTB20,1
POU5F1,ZBTB7A,1
POU5F1,ZC3H7A,1
POU5F1,ZFP462,1
POU5F1,ZFYVE21,1
PRDM14,ABHD5,1
PRDM14,ADAM19,1
PRDM14,ADAMTS9,1
PRDM14,ALPL,1
PRDM14,ANKRD6,1
PRDM14,ANXA2,1
PRDM14,ANXA5,1
PRDM14,ARID5B,1
PRDM14,ARL6IP5,1
PRDM14,ASNS,1
PRDM14,ASS1,1
PRDM14,ASXL1,1
PRDM14,ATP6V0A1,1
PRDM14,BCAM,1
PRDM14,BCL3,1
PRDM14,BMP4,1
PRDM14,BTBD11,1
PRDM14,BTG1,1
PRDM14,CAR2,1
PRDM14,CBX7,1
PRDM14,CCND1,1
PRDM14,CDC20,1
PRDM14,CHD7,1
PRDM14,CIC,1
PRDM14,CKAP4,1
PRDM14,CNOT2,1
PRDM14,COMMD3,1
PRDM14,CSRP2,1
PRDM14,CTBP2,1
PRDM14,CTSD,1
PRDM14,CUBN,1
PRDM14,DNMT3A,1
PRDM14,EBF1,1
PRDM14,EBF4,1
PRDM14,EED,1
PRDM14,EHMT2,1
PRDM14,ELF4,1
PRDM14,ELK1,1
PRDM14,EOMES,1
PRDM14,EPAS1,1
PRDM14,EPHA2,1
PRDM14,EPHA4,1
PRDM14,EPS8,1
PRDM14,ETV4,1
PRDM14,ETV5,1
PRDM14,FABP3,1
PRDM14,FAM129B,1
PRDM14,FLRT3,1
PRDM14,FN1,1
PRDM14,FOXA2,1
PRDM14,FOXD3,1
PRDM14,FOXO1,1
PRDM14,FOXO3,1
PRDM14,FOXP1,1
PRDM14,FUBP3,1
PRDM14,FXYD6,1
PRDM14,GLI2,1
PRDM14,GLUL,1
PRDM14,GRB10,1
PRDM14,GSR,1
PRDM14,HDAC3,1
PRDM14,HDGF,1
PRDM14,HES1,1
PRDM14,HEXIM1,1
PRDM14,HKDC1,1
PRDM14,HSPB1,1
PRDM14,HSPG2,1
PRDM14,ID3,1
PRDM14,ID4,1
PRDM14,IFITM1,1
PRDM14,IGFBP2,1
PRDM14,ITGA6,1
PRDM14,JARID2,1
PRDM14,JMJD1C,1
PRDM14,JUN,1
PRDM14,KDM3A,1
PRDM14,KHDRBS1,1
PRDM14,KIT,1
PRDM14,KLF10,1
PRDM14,KLF13,1
PRDM14,KLF2,1
PRDM14,KLF3,1
PRDM14,KLF4,1
PRDM14,KLF6,1
PRDM14,KLF9,1
PRDM14,KRT42,1
PRDM14,LAMA1,1
PRDM14,LAPTM5,1
PRDM14,LDLRAP1,1
PRDM14,LRPAP1,1
PRDM14,LY6G6E,1
PRDM14,MAPK13,1
PRDM14,MED12,1
PRDM14,MEG3,1
PRDM14,MKRN1,1
PRDM14,MSX2,1
PRDM14,MT1,1
PRDM14,MTA3,1
PRDM14,MYC,1
PRDM14,MYCN,1
PRDM14,MYLPF,1
PRDM14,NCOA3,1
PRDM14,NCOR1,1
PRDM14,NDN,1
PRDM14,NDRG4,1
PRDM14,NFATC3,1
PRDM14,NFATC4,1
PRDM14,NFE2L2,1
PRDM14,NFIB,1
PRDM14,NFKB2,1
PRDM14,NFXL1,1
PRDM14,NONO,1
PRDM14,NOTCH1,1
PRDM14,NR4A1,1
PRDM14,NR5A2,1
PRDM14,NSD1,1
PRDM14,OPLAH,1
PRDM14,OVOL1,1
PRDM14,PARVB,1
PRDM14,PAWR,1
PRDM14,PAX1,1
PRDM14,PAX6,1
PRDM14,PAX8,1
PRDM14,PCBD1,1
PRDM14,PDGFRA,1
PRDM14,PDK1,1
PRDM14,PDPN,1
PRDM14,PGA5,1
PRDM14,PHF12,1
PRDM14,PIAS1,1
PRDM14,PLRG1,1
PRDM14,PLTP,1
PRDM14,PML,1
PRDM14,PMS1,1
PRDM14,PODXL,1
PRDM14,POLR2J,1
PRDM14,POU5F1,1
PRDM14,PRDM1,1
PRDM14,PTPN14,1
PRDM14,PURA,1
PRDM14,RAD54B,1
PRDM14,RAI14,1
PRDM14,RARA,1
PRDM14,RARG,1
PRDM14,RASGRP2,1
PRDM14,RBPMS2,1
PRDM14,RCC2,1
PRDM14,RFXAP,1
PRDM14,RNF19A,1
PRDM14,RYBP,1
PRDM14,SALL1,1
PRDM14,SALL4,1
PRDM14,SCMH1,1
PRDM14,SDC4,1
PRDM14,SERTAD2,1
PRDM14,SFI1,1
PRDM14,SGK1,1
PRDM14,SHROOM3,1
PRDM14,SLC25A5,1
PRDM14,SMAD7,1
PRDM14,SMARCAD1,1
PRDM14,SMARCC2,1
PRDM14,SMARCD1,1
PRDM14,SNAI1,1
PRDM14,SNURF,1
PRDM14,SOCS2,1
PRDM14,SOX2,1
PRDM14,SOX4,1
PRDM14,SPARC,1
PRDM14,SPOCK1,1
PRDM14,SPP1,1
PRDM14,SPRY2,1
PRDM14,SPRY4,1
PRDM14,SRGN,1
PRDM14,STARD8,1
PRDM14,TAGLN2,1
PRDM14,TBX3,1
PRDM14,TCEA3,1
PRDM14,TCF12,1
PRDM14,TCF7L2,1
PRDM14,TCOF1,1
PRDM14,TEAD1,1
PRDM14,TEAD4,1
PRDM14,TET2,1
PRDM14,TGIF1,1
PRDM14,TIMP3,1
PRDM14,TMSB4X,1
PRDM14,TNK2,1
PRDM14,TOP2B,1
PRDM14,TPD52,1
PRDM14,TRH,1
PRDM14,TRIM24,1
PRDM14,TRIM25,1
PRDM14,TUBB2B,1
PRDM14,TULP3,1
PRDM14,UPP1,1
PRDM14,UTF1,1
PRDM14,VEGFA,1
PRDM14,VILL,1
PRDM14,XBP1,1
PRDM14,YBX1,1
PRDM14,ZBTB43,1
PRDM14,ZFHX3,1
PRDM14,ZFP281,1
PRDM14,ZFP335,1
PRDM14,ZFP36L1,1
PRDM14,ZFP423,1
PRDM14,ZIC3,1
REST,ABHD5,1
REST,ABT1,1
REST,ADAM23,1
REST,ARID1A,1
REST,BACH2,1
REST,BCL3,1
REST,BNIP3,1
REST,BTBD11,1
REST,BTG1,1
REST,CDKN1A,1
REST,CITED2,1
REST,CKAP4,1
REST,CMKLR1,1
REST,COBL,1
REST,COPS2,1
REST,CRY1,1
REST,DCP1A,1
REST,DDAH2,1
REST,DDX20,1
REST,DMRT1,1
REST,DPPA2,1
REST,EBF4,1
REST,EGR1,1
REST,ELAVL2,1
REST,EPHA4,1
REST,ESRRB,1
REST,FIZ1,1
REST,FOXA2,1
REST,FUBP3,1
REST,FXYD6,1
REST,GAS6,1
REST,GRB10,1
REST,GTF3C5,1
REST,HDAC4,1
REST,HKDC1,1
REST,HNF4A,1
REST,ID4,1
REST,IKBKB,1
REST,ILF3,1
REST,JAM2,1
REST,KLF13,1
REST,KLF3,1
REST,KLF6,1
REST,KLF9,1
REST,LGMN,1
REST,LHX2,1
REST,MEF2D,1
REST,MOV10,1
REST,MRAS,1
REST,MSH6,1
REST,MSX2,1
REST,MYCN,1
REST,NFE2L1,1
REST,NFIC,1
REST,NPHS1,1
REST,NR1D1,1
REST,NR2C1,1
REST,NR4A1,1
REST,NR5A2,1
REST,NRF1,1
REST,NUP210,1
REST,PAPOLA,1
REST,PARP1,1
REST,PARVB,1
REST,PAX8,1
REST,PCBD1,1
REST,PDPN,1
REST,PHF12,1
REST,PHF2,1
REST,PITX1,1
REST,PLAT,1
REST,PLOD3,1
REST,PLTP,1
REST,PODXL,1
REST,POLR3B,1
REST,POU4F2,1
REST,PRDM1,1
REST,PURA,1
REST,RAD51,1
REST,RNF6,1
REST,RYBP,1
REST,SALL1,1
REST,SATB2,1
REST,SCMH1,1
REST,SLC5A11,1
REST,SMAD2,1
REST,SMARCC1,1
REST,SNURF,1
REST,SPOCK1,1
REST,SRM,1
REST,STAT5B,1
REST,TBX3,1
REST,TCERG1,1
REST,TCF20,1
REST,TCF7,1
REST,TCL1,1
REST,TEAD1,1
REST,TIMELESS,1
REST,TRIM28,1
REST,ULK1,1
REST,ZBTB20,1
REST,ZFAND3,1
REST,ZFP219,1
REST,ZFP281,1
REST,ZFP423,1
REST,ZFPM1,1
RNF2,BACH2,1
RNF2,PLOD1,1
RNF2,YAF2,1
SALL1,ARID5B,1
SALL1,COBL,1
SALL1,ECT2,1
SALL1,KLF6,1
SALL1,MME,1
SALL1,SATB2,1
SALL1,SMURF2,1
SALL1,TIMELESS,1
SALL1,TRIM24,1
SALL4,2810025M15RIK,1
SALL4,ABHD5,1
SALL4,ABT1,1
SALL4,AMOTL2,1
SALL4,ANP32A,1
SALL4,ARID5B,1
SALL4,ASNS,1
SALL4,ASXL1,1
SALL4,BACH2,1
SALL4,BASP1,1
SALL4,BCAT1,1
SALL4,BMP4,1
SALL4,BMPER,1
SALL4,BRCA1,1
SALL4,BRWD1,1
SALL4,CALU,1
SALL4,CBX7,1
SALL4,CITED2,1
SALL4,COBL,1
SALL4,COL4A1,1
SALL4,COMMD3,1
SALL4,CST3,1
SALL4,DDX20,1
SALL4,DDX58,1
SALL4,DKK1,1
SALL4,DPPA4,1
SALL4,E2F1,1
SALL4,ECT2,1
SALL4,EIF4A2,1
SALL4,ELAVL2,1
SALL4,ELK1,1
SALL4,ELK4,1
SALL4,EPHA4,1
SALL4,ETV4,1
SALL4,ETV5,1
SALL4,EYA1,1
SALL4,EZH2,1
SALL4,FBLIM1,1
SALL4,FGF4,1
SALL4,FN1,1
SALL4,FOXD3,1
SALL4,GBX2,1
SALL4,GJA1,1
SALL4,GTF2I,1
SALL4,HES1,1
SALL4,HIST1H3H,1
SALL4,HIVEP2,1
SALL4,HTRA1,1
SALL4,ID2,1
SALL4,IFITM3,1
SALL4,IGFBP2,1
SALL4,ITPK1,1
SALL4,JAM2,1
SALL4,JARID2,1
SALL4,KDELR2,1
SALL4,KHDRBS1,1
SALL4,KIT,1
SALL4,KLF15,1
SALL4,KLF2,1
SALL4,KLF9,1
SALL4,L3MBTL2,1
SALL4,LAMA1,1
SALL4,LAMC1,1
SALL4,LDHB,1
SALL4,LEFTY1,1
SALL4,LEFTY2,1
SALL4,LMO4,1
SALL4,MAPK8,1
SALL4,MME,1
SALL4,MOV10,1
SALL4,MT2,1
SALL4,MYBL2,1
SALL4,MYCN,1
SALL4,NFATC3,1
SALL4,NFE2L2,1
SALL4,NFIB,1
SALL4,NFKBIA,1
SALL4,NOTCH2,1
SALL4,NR0B1,1
SALL4,NRIP1,1
SALL4,PARVB,1
SALL4,PAWR,1
SALL4,PAX6,1
SALL4,PDK1,1
SALL4,PDPN,1
SALL4,POU4F1,1
SALL4,POU5F1,1
SALL4,PRDM1,1
SALL4,RAI14,1
SALL4,RBBP7,1
SALL4,RBM14,1
SALL4,RFXAP,1
SALL4,RYBP,1
SALL4,SALL1,1
SALL4,SATB1,1
SALL4,SATB2,1
SALL4,SDC4,1
SALL4,SLC5A11,1
SALL4,SMAD7,1
SALL4,SMARCA2,1
SALL4,SMARCD1,1
SALL4,SNURF,1
SALL4,SOCS2,1
SALL4,SOX2,1
SALL4,SOX4,1
SALL4,SPRY2,1
SALL4,TCEA1,1
SALL4,TCL1,1
SALL4,TDH,1
SALL4,TLE1,1
SALL4,TOP2B,1
SALL4,TOPORS,1
SALL4,TRH,1
SALL4,TRIM25,1
SALL4,TRIM28,1
SALL4,TRP53,1
SALL4,TRP53BP1,1
SALL4,TXNDC5,1
SALL4,UHRF1,1
SALL4,UTF1,1
SALL4,VIM,1
SALL4,YAF2,1
SALL4,YEATS2,1
SALL4,ZBTB38,1
SALL4,ZC3H7A,1
SALL4,ZFP219,1
SALL4,ZFP36L1,1
SALL4,ZFP398,1
SALL4,ZFP42,1
SOX17,AIP,1
SOX17,AMOT,1
SOX17,ARID3B,1
SOX17,ARID5B,1
SOX17,ASNS,1
SOX17,ASXL1,1
SOX17,ATF1,1
SOX17,BASP1,1
SOX17,BCLAF1,1
SOX17,BMPER,1
SOX17,BRCA2,1
SOX17,BTG2,1
SOX17,CALD1,1
SOX17,CDC20,1
SOX17,CDC5L,1
SOX17,CNOT8,1
SOX17,COL4A1,1
SOX17,CREB3L2,1
SOX17,CTBP1,1
SOX17,CTBP2,1
SOX17,DDX5,1
SOX17,DDX58,1
SOX17,DIDO1,1
SOX17,ELAVL2,1
SOX17,ELF3,1
SOX17,EOMES,1
SOX17,EPS8,1
SOX17,ETV4,1
SOX17,EWSR1,1
SOX17,FOXO1,1
SOX17,GNAS,1
SOX17,GSTA4,1
SOX17,GTF2I,1
SOX17,HCFC1,1
SOX17,HDAC4,1
SOX17,HDLBP,1
SOX17,HEXIM1,1
SOX17,HS3ST1,1
SOX17,HSP90AA1,1
SOX17,HSP90B1,1
SOX17,HSPA5,1
SOX17,IFI30,1
SOX17,IFITM2,1
SOX17,IRF3,1
SOX17,JAM2,1
SOX17,JARID2,1
SOX17,KLF13,1
SOX17,KLF4,1
SOX17,KLF6,1
SOX17,LAMC1,1
SOX17,LDHB,1
SOX17,MATR3,1
SOX17,MCM5,1
SOX17,MEF2C,1
SOX17,MEIS1,1
SOX17,MKRN1,1
SOX17,MKX,1
SOX17,MME,1
SOX17,MOV10,1
SOX17,MSX2,1
SOX17,MXD4,1
SOX17,MYBL2,1
SOX17,MYCN,1
SOX17,MYD88,1
SOX17,MYH9,1
SOX17,NEDD4,1
SOX17,NFATC4,1
SOX17,NFE2L1,1
SOX17,NONO,1
SOX17,NOTCH1,1
SOX17,NR3C1,1
SOX17,NR4A1,1
SOX17,NRF1,1
SOX17,OTX2,1
SOX17,PARP1,1
SOX17,PATZ1,1
SOX17,PHF12,1
SOX17,PHLDB2,1
SOX17,PITX2,1
SOX17,PTPN14,1
SOX17,RAB11A,1
SOX17,RAI14,1
SOX17,RBMX,1
SOX17,REST,1
SOX17,RPL22L1,1
SOX17,RYBP,1
SOX17,SFPQ,1
SOX17,SIRT2,1
SOX17,SLC25A5,1
SOX17,SLCO3A1,1
SOX17,SMAD2,1
SOX17,SMAD4,1
SOX17,SMURF1,1
SOX17,SOCS2,1
SOX17,SP1,1
SOX17,SPP1,1
SOX17,SRF,1
SOX17,SSR3,1
SOX17,TBX18,1
SOX17,TCF20,1
SOX17,TCF7L2,1
SOX17,TCOF1,1
SOX17,TMEM144,1
SOX17,TNFAIP3,1
SOX17,TNS4,1
SOX17,TOP2A,1
SOX17,TOPORS,1
SOX17,TSPAN9,1
SOX17,UBP1,1
SOX17,USF1,1
SOX17,ZBTB20,1
SOX17,ZBTB24,1
SOX17,ZFP42,1
SOX17,ZFP91,1
SOX17,ZMYM2,1
SOX2,ADAM23,1
SOX2,AIRE,1
SOX2,ALG13,1
SOX2,ANP32A,1
SOX2,ARID3B,1
SOX2,ARL6IP5,1
SOX2,ASNS,1
SOX2,ATF4,1
SOX2,ATF6,1
SOX2,BASP1,1
SOX2,BMI1,1
SOX2,BTBD11,1
SOX2,CBX7,1
SOX2,CBX8,1
SOX2,CEBPZ,1
SOX2,CIC,1
SOX2,CKAP4,1
SOX2,CKB,1
SOX2,CLDN6,1
SOX2,CNOT3,1
SOX2,COBL,1
SOX2,COIL,1
SOX2,COL4A1,1
SOX2,COL4A2,1
SOX2,COMMD3,1
SOX2,CREB3L2,1
SOX2,CRY1,1
SOX2,CTBP2,1
SOX2,CTH,1
SOX2,D230025D16RIK,1
SOX2,DAXX,1
SOX2,DDAH2,1
SOX2,DDX58,1
SOX2,DKK1,1
SOX2,DNAJC2,1
SOX2,DNMT3A,1
SOX2,DPP4,1
SOX2,DR1,1
SOX2,EBF1,1
SOX2,ECT2,1
SOX2,EDEM1,1
SOX2,EED,1
SOX2,EGR1,1
SOX2,EHMT2,1
SOX2,EIF4A2,1
SOX2,ELF4,1
SOX2,ELK1,1
SOX2,ELL2,1
SOX2,EMP2,1
SOX2,EPAS1,1
SOX2,EPHA4,1
SOX2,ETS1,1
SOX2,EZH1,1
SOX2,FGF4,1
SOX2,FLRT3,1
SOX2,FOXA2,1
SOX2,FOXD3,1
SOX2,GABARAPL2,1
SOX2,GATA6,1
SOX2,GBX2,1
SOX2,GLDC,1
SOX2,GLI2,1
SOX2,GLIS2,1
SOX2,GNAS,1
SOX2,GZF1,1
SOX2,HDAC1,1
SOX2,HIST1H1A,1
SOX2,HIST1H1B,1
SOX2,HIST1H2AC,1
SOX2,HIST1H2AF,1
SOX2,HIST1H2AI,1
SOX2,HIST1H2AK,1
SOX2,HIST1H2BF,1
SOX2,HIST1H2BL,1
SOX2,HIST1H2BN,1
SOX2,HIST1H3H,1
SOX2,HOXD13,1
SOX2,HS3ST1,1
SOX2,HSF2,1
SOX2,HSP90AA1,1
SOX2,HSPA5,1
SOX2,ID3,1
SOX2,IFI30,1
SOX2,IFITM2,1
SOX2,IFITM3,1
SOX2,IRF1,1
SOX2,ITPK1,1
SOX2,JAM2,1
SOX2,JARID2,1
SOX2,KIT,1
SOX2,KLF13,1
SOX2,KLF15,1
SOX2,KLF2,1
SOX2,KLF3,1
SOX2,KPNA2,1
SOX2,L1TD1,1
SOX2,LAMA1,1
SOX2,LEFTY2,1
SOX2,LRP2,1
SOX2,MAGED1,1
SOX2,MAN1A2,1
SOX2,MEF2D,1
SOX2,MOV10,1
SOX2,MRAS,1
SOX2,MSX2,1
SOX2,MT1,1
SOX2,MT2,1
SOX2,MYBL2,1
SOX2,MYC,1
SOX2,MYCN,1
SOX2,MYD88,1
SOX2,MYH9,1
SOX2,NCOR1,1
SOX2,NDRG4,1
SOX2,NEDD4,1
SOX2,NFATC3,1
SOX2,NFATC4,1
SOX2,NFE2L2,1
SOX2,NFIB,1
SOX2,NFKBIA,1
SOX2,NFYB,1
SOX2,NPHS1,1
SOX2,NR1H2,1
SOX2,NR2F6,1
SOX2,PARP1,1
SOX2,PAX6,1
SOX2,PDIA6,1
SOX2,PDPN,1
SOX2,PEG3,1
SOX2,PER1,1
SOX2,PHF20,1
SOX2,PIAS3,1
SOX2,PITX2,1
SOX2,PMM1,1
SOX2,PODXL,1
SOX2,POLR1E,1
SOX2,POLR2E,1
SOX2,POLR2J,1
SOX2,RAI14,1
SOX2,RCC2,1
SOX2,RCOR2,1
SOX2,REST,1
SOX2,RFX2,1
SOX2,RFX5,1
SOX2,RNF6,1
SOX2,RRM2,1
SOX2,RYBP,1
SOX2,SALL1,1
SOX2,SAP30,1
SOX2,SEC24D,1
SOX2,SHKBP1,1
SOX2,SIN3B,1
SOX2,SIX5,1
SOX2,SKIL,1
SOX2,SLC16A1,1
SOX2,SLC25A4,1
SOX2,SLC5A11,1
SOX2,SLC6A8,1
SOX2,SMAD2,1
SOX2,SMARCD1,1
SOX2,SNAI1,1
SOX2,SNURF,1
SOX2,SOAT1,1
SOX2,SOX17,1
SOX2,SOX7,1
SOX2,SPARC,1
SOX2,SSB,1
SOX2,STARD8,1
SOX2,STAT5A,1
SOX2,TBL1X,1
SOX2,TCEA1,1
SOX2,TCF20,1
SOX2,TCF7,1
SOX2,TCL1,1
SOX2,TDH,1
SOX2,TLE1,1
SOX2,TNK2,1
SOX2,TOX4,1
SOX2,TPM4,1
SOX2,TRH,1
SOX2,TRIB3,1
SOX2,TRIM24,1
SOX2,TRIM25,1
SOX2,TRIP6,1
SOX2,TULP3,1
SOX2,TXNIP,1
SOX2,TYRO3,1
SOX2,UBP1,1
SOX2,UTF1,1
SOX2,VEZF1,1
SOX2,VIM,1
SOX2,YBX1,1
SOX2,ZBTB20,1
SOX2,ZBTB32,1
SOX2,ZBTB38,1
SOX2,ZFP219,1
SOX2,ZFP296,1
SOX2,ZFP462,1
SOX2,ZFP592,1
SOX2,ZFP91,1
SUZ12,2810025M15RIK,1
SUZ12,BACH2,1
SUZ12,BRPF1,1
SUZ12,CLDN6,1
SUZ12,ERP29,1
SUZ12,ESRRA,1
SUZ12,HES1,1
SUZ12,NDRG4,1
SUZ12,NPHS1,1
SUZ12,RPL22L1,1
SUZ12,SNORA68,1
SUZ12,TGFB1I1,1
SUZ12,YAF2,1
TBX3,ANP32A,1
TBX3,ARID5B,1
TBX3,ATF5,1
TBX3,BMI1,1
TBX3,BMP4,1
TBX3,BTBD11,1
TBX3,BTG1,1
TBX3,CALCOCO1,1
TBX3,CNOT2,1
TBX3,COBL,1
TBX3,CREB5,1
TBX3,CTBP2,1
TBX3,DKK1,1
TBX3,DNMT3A,1
TBX3,DR1,1
TBX3,EBF1,1
TBX3,EIF4A2,1
TBX3,ELAVL2,1
TBX3,EPS8,1
TBX3,ETS1,1
TBX3,EZH2,1
TBX3,FBLIM1,1
TBX3,FOXO1,1
TBX3,FRMD4A,1
TBX3,GATA3,1
TBX3,GJA1,1
TBX3,GLDC,1
TBX3,GLI2,1
TBX3,GLIS2,1
TBX3,GTF2H4,1
TBX3,HNF4A,1
TBX3,ID2,1
TBX3,ID3,1
TBX3,IFITM2,1
TBX3,JARID2,1
TBX3,KIT,1
TBX3,KLF2,1
TBX3,KLF4,1
TBX3,LEFTY1,1
TBX3,LRP2,1
TBX3,MCM5,1
TBX3,MDM2,1
TBX3,MED12,1
TBX3,MTA3,1
TBX3,MTF2,1
TBX3,MYBL2,1
TBX3,MYC,1
TBX3,MYCN,1
TBX3,NFATC4,1
TBX3,NR2F2,1
TBX3,NR2F6,1
TBX3,NR5A2,1
TBX3,OVOL1,1
TBX3,PDIA6,1
TBX3,PEG3,1
TBX3,PMS1,1
TBX3,POLR3B,1
TBX3,POU4F1,1
TBX3,PRDM1,1
TBX3,PRDM14,1
TBX3,PRDM5,1
TBX3,RYBP,1
TBX3,SALL1,1
TBX3,SALL4,1
TBX3,SCMH1,1
TBX3,SIRT1,1
TBX3,SOX4,1
TBX3,SP8,1
TBX3,SPOCK1,1
TBX3,TDH,1
TBX3,TOX3,1
TBX3,TRH,1
TBX3,TRRAP,1
TBX3,TYRO3,1
TBX3,ULK1,1
TBX3,ZFP42,1
TBX3,ZFP423,1
TBX3,ZIC3,1
TBX3,ZSWIM4,1
TRIM28,2810025M15RIK,1
TRIM28,AATF,1
TRIM28,ADAM19,1
TRIM28,ANKS1,1
TRIM28,ASH2L,1
TRIM28,ASS1,1
TRIM28,ASXL1,1
TRIM28,BCLAF1,1
TRIM28,BMI1,1
TRIM28,BMPER,1
TRIM28,BRCA2,1
TRIM28,CAR2,1
TRIM28,CBX4,1
TRIM28,CDC5L,1
TRIM28,CITED2,1
TRIM28,CKB,1
TRIM28,CNOT2,1
TRIM28,CNOT3,1
TRIM28,CNOT6,1
TRIM28,COIL,1
TRIM28,COL4A1,1
TRIM28,COL4A2,1
TRIM28,COMMD3,1
TRIM28,CREB3,1
TRIM28,CRIP2,1
TRIM28,CRY1,1
TRIM28,CSF1,1
TRIM28,CTBP2,1
TRIM28,CTCF,1
TRIM28,DIDO1,1
TRIM28,DMRT1,1
TRIM28,DNAJC2,1
TRIM28,E2F4,1
TRIM28,E2F6,1
TRIM28,EBF1,1
TRIM28,EED,1
TRIM28,EGR1,1
TRIM28,ELL3,1
TRIM28,EMX2,1
TRIM28,EOMES,1
TRIM28,ETS1,1
TRIM28,ETV3,1
TRIM28,ETV6,1
TRIM28,EZH2,1
TRIM28,FOXJ2,1
TRIM28,FOXQ1,1
TRIM28,GABARAPL2,1
TRIM28,GABPA,1
TRIM28,GATA6,1
TRIM28,GBX2,1
TRIM28,GDPD5,1
TRIM28,GLIPR2,1
TRIM28,GNPDA1,1
TRIM28,GSR,1
TRIM28,H1F0,1
TRIM28,HDAC2,1
TRIM28,HIF1A,1
TRIM28,HMGA1,1
TRIM28,HMGA2,1
TRIM28,HSBP1,1
TRIM28,HSF2,1
TRIM28,HSP90AA1,1
TRIM28,HTRA1,1
TRIM28,IFITM1,1
TRIM28,IMPDH1,1
TRIM28,ING1,1
TRIM28,INTS12,1
TRIM28,JUN,1
TRIM28,KEAP1,1
TRIM28,KHDRBS1,1
TRIM28,KIT,1
TRIM28,KLF10,1
TRIM28,KLF13,1
TRIM28,KLF9,1
TRIM28,KPNA2,1
TRIM28,LAMA1,1
TRIM28,LDLRAP1,1
TRIM28,LEFTY2,1
TRIM28,LHX2,1
TRIM28,MAN1A2,1
TRIM28,MATR3,1
TRIM28,MBD2,1
TRIM28,MEF2A,1
TRIM28,MEN1,1
TRIM28,MKRN1,1
TRIM28,MLLT1,1
TRIM28,MLXIP,1
TRIM28,MSC,1
TRIM28,MSH6,1
TRIM28,MSX2,1
TRIM28,MT2,1
TRIM28,MYBL2,1
TRIM28,MYD88,1
TRIM28,NANOG,1
TRIM28,NR1D1,1
TRIM28,ODC1,1
TRIM28,OVOL1,1
TRIM28,PAWR,1
TRIM28,PDIA6,1
TRIM28,PHLDA3,1
TRIM28,PHLDB2,1
TRIM28,PMS1,1
TRIM28,PODXL,1
TRIM28,POLR1E,1
TRIM28,POLR2H,1
TRIM28,POU2F1,1
TRIM28,RBL1,1
TRIM28,RCOR2,1
TRIM28,RELA,1
TRIM28,RFXAP,1
TRIM28,RNF14,1
TRIM28,RNF2,1
TRIM28,RNF6,1
TRIM28,RUNX1,1
TRIM28,SALL1,1
TRIM28,SAP30,1
TRIM28,SLC25A4,1
TRIM28,SLC25A5,1
TRIM28,SLC6A6,1
TRIM28,SLC7A6,1
TRIM28,SMAD3,1
TRIM28,SMARCB1,1
TRIM28,SOX17,1
TRIM28,SP8,1
TRIM28,SPOCK1,1
TRIM28,SREBF1,1
TRIM28,SRM,1
TRIM28,SSBP4,1
TRIM28,SUB1,1
TRIM28,TAF5,1
TRIM28,TBPL1,1
TRIM28,TBX18,1
TRIM28,TCF12,1
TRIM28,TEAD1,1
TRIM28,TNFAIP3,1
TRIM28,TPD52,1
TRIM28,TRIM13,1
TRIM28,TSG101,1
TRIM28,TUBB6,1
TRIM28,TULP3,1
TRIM28,UNG,1
TRIM28,USF1,1
TRIM28,UTF1,1
TRIM28,VEGFA,1
TRIM28,XBP1,1
TRIM28,YEATS2,1
TRIM28,YEATS4,1
TRIM28,ZC3H7A,1
TRIM28,ZFP277,1
TRIM28,ZFP281,1
TRIM28,ZFP423,1
TRIM28,ZSWIM4,1
ZFP281,ECT2,1
ZFP281,GBX2,1
ZFP281,HIST1H2BN,1
ZFP281,TCL1,1
ZFP42,ANP32A,1
ZFP42,APOBEC3,1
ZFP42,ASS1,1
ZFP42,BASP1,1
ZFP42,CKB,1
ZFP42,CNOT6,1
ZFP42,COL4A2,1
ZFP42,DAXX,1
ZFP42,E2F4,1
ZFP42,ELAVL2,1
ZFP42,ELK4,1
ZFP42,EMP2,1
ZFP42,EPAS1,1
ZFP42,ETV1,1
ZFP42,ETV4,1
ZFP42,GNAS,1
ZFP42,HES1,1
ZFP42,HEXIM1,1
ZFP42,HIST1H1A,1
ZFP42,HMGA2,1
ZFP42,KRT42,1
ZFP42,LY6G6E,1
ZFP42,MCM7,1
ZFP42,NOTCH1,1
ZFP42,PATZ1,1
ZFP42,PAX6,1
ZFP42,PCOLCE,1
ZFP42,PLOD1,1
ZFP42,REST,1
ZFP42,RUNX1,1
ZFP42,SATB1,1
ZFP42,SLC5A11,1
ZFP42,SMAD7,1
ZFP42,SOX17,1
ZFP42,TCF7,1
ZFP42,TDGF1,1
ZFP42,UBTF,1
ZFP42,ZFP423,1
ZIC3,BASP1,1
ZIC3,COMMD3,1
ZIC3,DIDO1,1
ZIC3,DKK1,1
ZIC3,EHMT2,1
ZIC3,ETV5,1
ZIC3,GJA1,1
ZIC3,HIST1H1B,1
ZIC3,HIST1H3H,1
ZIC3,IFITM2,1
ZIC3,IRF1,1
ZIC3,JARID2,1
ZIC3,KLF2,1
ZIC3,KLF9,1
ZIC3,LDHB,1
ZIC3,MYCN,1
ZIC3,PAX6,1
ZIC3,PDPN,1
ZIC3,PHC1,1
ZIC3,PITX1,1
ZIC3,RBM14,1
ZIC3,SLC7A3,1
ZIC3,SMARCD1,1
ZIC3,SNURF,1
ZIC3,TCEA1,1
ZIC3,TDGF1,1
ZIC3,TRH,1
ZIC3,TRP53,1
ZIC3,VIM,1
ZIC3,ZFP36L1,1
ZIC3,ZFP57,1
ZIC3,ZFP91,1
NFYB,EIF4A2,0
SMAD3,CBX6,0
TFE3,SPRY2,0
ZFP57,PBXIP1,0
GLI1,ASH2L,0
DR1,SNORA26,0
CBX8,FBLIM1,0
ESRRB,PBX4,0
OTX2,EDA2R,0
KDM5B,FOXD3,0
DPPA4,ZSWIM4,0
ZFP57,MED12,0
ZIC3,NFE2L1,0
HEXIM1,ERF,0
ELL2,CHD7,0
NR4A1,ATM,0
TFE3,NFATC2IP,0
TFE3,HNF4A,0
KDM5B,MLXIPL,0
DAXX,ZEB2,0
CBX8,GLIS2,0
MAFK,TCERG1,0
ELL2,GLS,0
TFE3,HMGA2,0
RIF1,SRGN,0
CTCF,E2F6,0
EP400,POLR2B,0
TET2,MT2,0
MAPK8,ZFP281,0
ZIC3,POLR2H,0
NR4A1,RFXAP,0
DAXX,BRD7,0
HDAC3,HMGB2,0
ELL2,ATF2,0
REST,BRCA2,0
NONO,SNORD35B,0
E2F4,LDB1,0
PHC1,DDX5,0
NONO,L3MBTL2,0
CNOT3,ING3,0
MAPK8,TRH,0
NR4A1,POU2F1,0
ARID1A,HES6,0
MED12,NPAS2,0
CNOT3,AMOTL2,0
DAXX,RNF19A,0
SUZ12,IFITM3,0
YEATS4,YAF2,0
KDM5B,PRDM5,0
KDM5B,MCM4,0
JUN,NANOG,0
KDM5B,NFIA,0
CHD7,CTBP1,0
MPHOSPH8,VILL,0
ARID1A,IRF4,0
EP300,PAX1,0
GLI1,SNORD93,0
NONO,P3H1,0
SALL4,HMGA1,0
EHMT2,EGR1,0
HCFC1,FOXP1,0
SOX17,HIST1H2AF,0
SALL1,MYCN,0
JUN,XRCC6,0
MEN1,UPP1,0
ZIC3,TET1,0
JARID2,GZF1,0
SMARCC1,E2F4,0
RARA,SIX1,0
KLF2,LGMN,0
CHD7,RUNX1,0
MTF2,PA2G4,0
SMARCAD1,E2F2,0
MAPK8,NSD1,0
HDAC1,PHF14,0
SALL4,GABPA,0
ELL3,RAB3IL1,0
CBX8,ZFHX3,0
CHD4,RNF19A,0
REST,CTH,0
MEN1,CDKN1A,0
MPHOSPH8,MYH9,0
CBX8,IGF2,0
KDM5B,CREB5,0
JUN,TULP3,0
MED12,ZFP296,0
HCFC1,E2F6,0
NFYB,SATB1,0
NFYA,BMPER,0
CHD7,FOXJ2,0
CBX7,KLF13,0
JUN,MAPK13,0
CHD7,DKK1,0
DAXX,ERP29,0
DPPA4,NR1H2,0
GLI1,MTA3,0
MAPK8,MATR3,0
TBX3,TUBB2B,0
TET2,ZMYND11,0
HDAC1,ZFP276,0
KLF2,TRIM28,0
NFYB,SMURF1,0
CBX7,KANK3,0
SOX17,CKAP4,0
EHMT2,ELL2,0
DR1,2410141K09RIK,0
CBX7,CDC20,0
POU5F1,YAF2,0
JUN,NPAS2,0
GLI1,SURF4,0
NFYB,ELL3,0
TBX3,REST,0
RIF1,IFITM1,0
DAXX,AATF,0
TBX3,DNAJC2,0
YEATS4,RCN3,0
NFYA,FUS,0
CHD4,TBX3,0
CHD4,NPHS1,0
SMAD2,NCOA3,0
CBX8,LRPAP1,0
SMARCC1,GATA3,0
TFE3,NFIC,0
NONO,SEC24D,0
NACC1,ZFP446,0
GLI2,ATF2,0
GLI1,HMGA1,0
HDAC1,CTSZ,0
DAXX,FAM25C,0
RIF1,NR5A2,0
EP400,SERTAD2,0
NACC1,TWIST1,0
DAXX,GNAS,0
TET2,ELP2,0
EED,ELL3,0
PARP1,GLS,0
NFYB,TIMELESS,0
HCFC1,SHROOM3,0
ESRRB,TFCP2L1,0
GLI1,MAPK13,0
ESRRB,P4HA1,0
HDAC2,POLR3F,0
TCF12,SSBP4,0
RIF1,NFIA,0
SOX17,EPAS1,0
GLI1,SERPINE2,0
PHC1,KDELR2,0
SOX2,TADA3,0
NR4A1,EPHA4,0
SOX2,ALPL,0
EZH2,CALCOCO1,0
CHD7,ATP6V0A1,0
DAXX,COMMD3,0
ESRRB,CTNNB1,0
MAFK,PAPOLA,0
EED,GAS6,0
KDM5B,KDELR2,0
PHC1,HSBP1,0
SALL4,PKNOX2,0
BTAF1,PCOLCE,0
CNOT3,NXF7,0
RARA,CTSA,0
CNOT3,TRPS1,0
GATA4,ITGA6,0
NANOG,ZFP987,0
NR4A1,TWIST1,0
ELL2,ZBTB20,0
E2F1,YEATS4,0
PARP1,P4HB,0
ZFP281,MYO7A,0
ELL2,CDKN1A,0
PRDM14,TCF20,0
MYCN,PIAS1,0
HDAC2,YBX1,0
ZIC3,BRD7,0
BAZ1A,HOXD13,0
NANOG,LAPTM5,0
EHMT2,TAF6L,0
SMAD3,BMI1,0
UTF1,ATF1,0
SOX17,E2F2,0
PHC1,F3,0
GLI1,DDB2,0
CHD4,CTSD,0
NFYB,PLOD3,0
ARID1A,PATZ1,0
SMAD3,SLC7A6,0
JARID2,IFI30,0
TRIM28,LRP2,0
CNOT3,TFAP2C,0
HCFC1,GLI2,0
E2F4,NAA15,0
EHMT2,HIST1H2BB,0
EHMT2,FST,0
GLI1,BTF3,0
EED,MYH9,0
SUZ12,GNRH1,0
TGIF1,CIC,0
MAFK,HEXIM1,0
KLF4,ZEB1,0
RARA,SKIL,0
JARID2,GTF3C1,0
NFYA,E2F4,0
NFYB,NR2F2,0
MAFK,KRT42,0
KLF2,AMOT,0
CTCF,SPRY2,0
MPHOSPH8,SOX4,0
JUN,GRHL1,0
SUZ12,SORD,0
CNOT3,PHF12,0
SOX17,IGFBP2,0
RYBP,SPRY2,0
SOX17,ZDHHC15,0
E2F4,ABT1,0
ELL2,TCF12,0
YEATS4,ELAVL2,0
MYC,NSD1,0
BAZ1A,ULK1,0
SMAD3,PAX1,0
CHD7,ANP32A,0
SMARCC1,STARD8,0
NONO,POLR2E,0
NR0B1,PKNOX2,0
DPPA2,FGFR3,0
SMAD2,KHDC3,0
DPPA2,CD63,0
RIF1,THRAP3,0
MEN1,POU2F1,0
HEXIM1,SRRT,0
EHMT2,HNRNPK,0
MYC,NFIA,0
NONO,ZEB2,0
HDAC1,HNF4A,0
SUZ12,WDR45,0
SOX17,DKK1,0
GTF3C1,IL33,0
SALL1,LDHB,0
SALL1,HDAC3,0
ELL3,PLAGL2,0
ZFP42,PAX8,0
ZIC3,MRAS,0
CBX7,ADAM23,0
GLI1,HEXIM1,0
MYCN,P3H4,0
EP300,GATA6,0
NR4A1,CNOT6,0
DAXX,SNORA26,0
SOX17,DNMT1,0
PHC1,TIMP3,0
EHMT2,ASS1,0
TBX3,FOXQ1,0
CTCF,NAA15,0
EP400,ETV3,0
NACC1,JUN,0
EZH2,ASH1L,0
DPPA4,CEBPZ,0
MPHOSPH8,RRBP1,0
JUN,MED15,0
TRIM28,NCOA3,0
MYCN,RANBP17,0
HDAC3,FGF4,0
SMAD3,PARP1,0
HDAC2,KDM3A,0
CBX8,MCM4,0
E2F1,NANOG,0
YEATS4,TFCP2L1,0
BAZ1A,PDK1,0
SOX2,INSIG1,0
RIF1,ARID3B,0
CBX8,NR4A1,0
SOX2,SPOCK1,0
DAXX,ELK4,0
E2F4,PREB,0
HDAC1,FOXO1,0
EP400,BTG1,0
RARA,DEK,0
E2F1,SMARCA2,0
CBX8,FOXH1,0
HDAC1,EBF4,0
TFE3,ARL6IP5,0
YEATS4,ZFHX3,0
HDAC1,NR2F2,0
MAFK,HSBP1,0
DPPA2,MEN1,0
REST,AES,0
ELL3,PHF12,0
MYC,IRF1,0
DAXX,CUX1,0
SOX17,MAPK3,0
SALL1,XRCC5,0
EHMT2,PROX1,0
MTF2,MLLT1,0
MTF2,SOX2,0
PRDM14,DCXR,0
DPPA2,NSD1,0
RYBP,CHD4,0
PRDM14,CTNNBIP1,0
NONO,MEN1,0
GLI2,GJB3,0
SMARCAD1,HSPB1,0
KDM5B,JDP2,0
KDM5B,ZYX,0
ELL3,NFX1,0
NR4A1,IFITM3,0
CHD7,TAF1A,0
NR4A1,IRF4,0
GLI2,ESRRA,0
PRDM14,CNOT6,0
EHMT2,BRWD1,0
SMAD2,SPEN,0
DPPA4,RUNX3,0
TET2,BACH2,0
TET2,HIP1,0
KDM5B,HDAC10,0
E2F1,HNF4A,0
GLI2,PAX1,0
EHMT2,RAB11A,0
ARID1A,CDC20,0
GATA4,DNMT1,0
BTAF1,ARL6IP5,0
HDAC2,NFATC4,0
SMARCAD1,ZYX,0
SMARCAD1,TFEB,0
SOX17,PATJ,0
HDAC3,NFYB,0
ESRRB,ADAMTS9,0
NR4A1,LAMC1,0
TGIF1,SLC6A6,0
REST,TRIM13,0
PRDM14,SSB,0
HDAC2,2810025M15RIK,0
MEN1,CREBZF,0
HDAC3,ATP13A3,0
NONO,ATM,0
ZIC3,GSR,0
KDM5B,TRRAP,0
SMAD2,SNORD32A,0
TET2,ATF5,0
SOX17,TET1,0
NFYA,EBF4,0
BAZ1A,HDAC3,0
KDM5B,SMAD3,0
PHC1,TRIM25,0
MPHOSPH8,ETS1,0
DPPA2,POU6F1,0
CBX7,HCFC1,0
GLI2,EZH2,0
MYC,PCBD1,0
NRF1,EMP2,0
DAXX,KLF8,0
GLI2,SMAD2,0
E2F1,BMPER,0
CBX7,NSD2,0
JUN,SSBP4,0
E2F4,ZFP275,0
PARP1,HMGXB4,0
GLI1,2810025M15RIK,0
RYBP,ZFHX3,0
RYBP,KANK2,0
HCFC1,PROX1,0
REST,ANKS1,0
NR4A1,ZFP446,0
MAPK8,FLRT3,0
EHMT2,DPP4,0
RYBP,SIN3A,0
RIF1,SOX17,0
ELL3,CHD5,0
EP400,DEK,0
MYC,AKR1B8,0
CNOT3,HNF4A,0
SMARCAD1,P4HA1,0
JARID2,MYH9,0
DAXX,SIRT1,0
E2F1,IRF2,0
MTF2,ZBTB7A,0
OTX2,MYBL2,0
SOX17,GTF3C1,0
E2F1,CRAMP1L,0
PHC1,DKC1,0
NACC1,NFYA,0
SMAD2,TEAD3,0
SMAD2,COL4A1,0
SOX2,ESPL1,0
ZFP42,GATA4,0
EED,DEK,0
MPHOSPH8,ERF,0
SOX17,CELF3,0
CNOT3,PER1,0
SMAD2,POU4F2,0
MAFK,FABP3,0
MEN1,HDAC1,0
MPHOSPH8,POLR2I,0
SMARCAD1,FHL2,0
HDAC1,SKIL,0
ELL2,ZFP768,0
HDAC1,MEF2A,0
DPPA4,TGFB1I1,0
CBX8,BRD7,0
GLI2,PRDM1,0
SMAD3,MYD88,0
MTF2,SREBF1,0
HDAC2,AES,0
MTF2,MYC,0
ELL2,DTX1,0
SALL4,SIRT2,0
KLF2,SOX7,0
MEN1,TIMP3,0
NR4A1,TCF7,0
TET2,SRF,0
SOX2,RNF157,0
RIF1,SIRT1,0
MYCN,HMGA1,0
NACC1,HSPB1,0
RNF2,SEPT1,0
CTCF,PDPN,0
ELL3,MED31,0
EP400,E2F4,0
NACC1,RFX2,0
DPPA2,RUNX3,0
GLI1,BCAM,0
PARP1,ZFP296,0
SALL1,POU4F1,0
MPHOSPH8,NFATC1,0
TET2,NR1D2,0
NR0B1,GLI2,0
HCFC1,ZFP423,0
NACC1,TFEB,0
PHC1,ZBTB32,0
HDAC1,NR1D1,0
BAZ1A,TCF4,0
HCFC1,ULK1,0
KLF2,IL33,0
RIF1,PAX6,0
KDM5B,NRIP1,0
HDAC1,TRPS1,0
SOX17,KNTC1,0
DAXX,OTX2,0
MAFK,FHL2,0
MPHOSPH8,ZBTB3,0
SALL1,NR3C1,0
ARID1A,TRP53,0
HDAC1,HDAC3,0
DPPA2,MED31,0
JUN,IFITM1,0
REST,FOXH1,0
CNOT3,KNTC1,0
TRIM28,PA2G4,0
NFYA,RCN3,0
ZIC3,IRF2,0
MAPK8,CTSL,0
NR0B1,ARNT2,0
KLF2,FABP3,0
NONO,NFYA,0
TET2,HIST1H2BN,0
MYCN,TRIB3,0
E2F4,TET1,0
ELL3,FXYD3,0
NONO,TET2,0
RIF1,NUPR1,0
NR0B1,POLR3F,0
ELL3,NOTCH2,0
KDM5B,ATF4,0
SALL1,ANP32A,0
GLI1,ZFP275,0
SMAD3,SAT1,0
KLF4,PKNOX2,0
ZFP57,GATA6,0
MPHOSPH8,ALG13,0
CNOT3,ZBTB24,0
GLI1,SHROOM3,0
REST,SRRT,0
EP300,MSX2,0
DAXX,CTCF,0
EP400,TET1,0
ARID1A,TSG101,0
CTCF,FAM129B,0
TBX3,TAF6,0
NFYB,GTF3C5,0
GLI1,EYA1,0
MAFK,TCF7,0
MYC,SELENOW,0
HDAC2,ZFP446,0
MPHOSPH8,PLAGL2,0
SMAD2,TAF6L,0
KDM5B,PAX8,0
NFYB,USF1,0
MPHOSPH8,TFAP2C,0
SMARCC1,ILK,0
MED12,BIN1,0
SALL4,SPEN,0
E2F4,PBX4,0
YEATS4,SIN3B,0
CHD4,TOPORS,0
SALL1,APOBEC3,0
NFYB,ZFP768,0
GLI1,PITX1,0
CNOT3,TET2,0
ZFP57,POLR2I,0
HDAC3,TRIM28,0
ZIC3,RHOX6,0
MAPK8,GABARAPL2,0
NR4A1,AIRE,0
RIF1,ETV3,0
BAZ1A,PHF1,0
MPHOSPH8,PEG3,0
HDAC1,ATF4,0
TBX3,P3H4,0
SMARCA4,GTF2H4,0
ZIC3,HEXIM1,0
TFE3,TET1,0
NFYA,HNRNPD,0
JUN,LDHB,0
SOX2,CUBN,0
ZIC3,FOXJ2,0
SMARCA4,RHOX6,0
NR4A1,NR2C1,0
SALL1,2410141K09RIK,0
SALL4,MCM2,0
NR0B1,RHOX6,0
CHD7,COMMD3,0
GATA4,TXNIP,0
SALL4,NFKB2,0
CHD7,HIF1A,0
DAXX,MAPK13,0
TBX3,NUP210,0
HDAC2,PROX1,0
ELL3,TOP2B,0
KDM5B,ZFP462,0
CHD7,PATZ1,0
RYBP,POLR3D,0
RIF1,P4HA1,0
GLI2,NAA15,0
KLF2,BRCA1,0
PHC1,TOX3,0
CNOT3,ARHGEF40,0
DPPA2,CELF3,0
CNOT3,SMARCC1,0
GATA4,RCC2,0
NONO,MCM3,0
TGIF1,DDB2,0
GLI2,DNMT1,0
TFE3,PODXL,0
TGIF1,TRRAP,0
OTX2,SRM,0
YEATS4,NEDD4,0
RYBP,TYRO3,0
GLI2,CCNB1,0
GATA4,INSIG1,0
DPPA4,TFRC,0
OTX2,FBLIM1,0
NONO,TCF20,0
HDAC2,CTBP2,0
GLI1,ASXL1,0
CNOT3,E2F4,0
RYBP,PCOLCE,0
MAPK8,NKRF,0
KLF4,TOX4,0
PARP1,ZFP148,0
SALL4,ARNTL,0
PRDM14,MXD4,0
CBX8,HIST1H3H,0
CTCF,L3MBTL2,0
NONO,TEAD3,0
HCFC1,EBF1,0
ARID1A,TET1,0
NR0B1,RAI14,0
SMARCC1,KDM3A,0
GATA4,KAT6B,0
CBX8,TNK2,0
CBX8,HIP1,0
BAZ1A,NME2,0
ELL3,ZFAND3,0
SMARCAD1,COL27A1,0
EZH2,MCM3,0
YEATS4,MCM2,0
REST,PHF1,0
HDAC1,RAPGEF3,0
CHD4,ZDHHC16,0
REST,L1TD1,0
ARID1A,PRSS35,0
NFYB,VSIR,0
MAFK,PBX4,0
EZH2,E2F4,0
DPPA4,FOSL2,0
NFYA,SPOCK1,0
SOX17,ADAMTS9,0
YEATS4,GRHL1,0
TFE3,SMURF1,0
SMAD3,TMSB4X,0
GLI1,ZFP148,0
TGIF1,TFAP4,0
SIN3A,SNORD32A,0
GLI1,RERE,0
SALL4,IMPDH1,0
BTAF1,AMOT,0
ELL2,EWSR1,0
TRIM28,NAA15,0
ARID1A,P4HA2,0
EHMT2,ZFP281,0
RYBP,TBL1X,0
NACC1,SMURF1,0
TRIM28,P4HA2,0
EP300,ZFP236,0
MAFK,NDRG4,0
SMAD3,SIN3A,0
PARP1,LDHB,0
MTF2,CALCOCO1,0
SMARCAD1,FGFR3,0
HDAC2,BRWD1,0
SALL4,TGFB1I1,0
EP400,HES6,0
TRIM28,TAF6,0
E2F4,TAF1A,0
MYCN,APBB1,0
NONO,EYA1,0
SOX17,SATB2,0
TBX3,SNURF,0
EHMT2,KLF13,0
ZFP57,GNRH1,0
OTX2,PHF2,0
DPPA4,BTG1,0
SMARCAD1,BRCA1,0
CHD7,SSBP4,0
TRIM28,MYBBP1A,0
HDAC1,MCM3,0
ELL3,TENM4,0
YEATS4,IKBKB,0
RARA,RFX5,0
NACC1,NXF7,0
MPHOSPH8,CALCOCO2,0
MPHOSPH8,RNF157,0
SALL1,HIVEP2,0
EHMT2,RANBP17,0
NR0B1,RFXAP,0
MAFK,AGAP3,0
NR0B1,AATF,0
ELL3,NRIP1,0
GLI2,ATF6,0
YEATS4,HTRA1,0
GLI2,CHD7,0
MAPK8,TWIST1,0
JARID2,NRF1,0
RIF1,NFX1,0
SALL1,GZF1,0
SMARCAD1,ATF5,0
NR4A1,LDHB,0
ELL3,NFKBIA,0
JUN,LHX2,0
DPPA4,PA2G4,0
PHC1,FOXO3,0
TGIF1,CEMIP,0
KLF2,PBXIP1,0
MTF2,NUPR1,0
NR0B1,CEBPZ,0
GLI2,TYRO3,0
ZIC3,RNF14,0
NFYA,CBX7,0
E2F4,ELF2,0
NR0B1,PHF14,0
REST,TRIP6,0
DAXX,MEN1,0
NR4A1,GLS,0
RYBP,JAM2,0
MTF2,ELK4,0
EP300,CMKLR1,0
TET2,NRIP1,0
NACC1,EP300,0
PRDM14,HIST1H2BF,0
HDAC3,SEC24D,0
HDAC3,HIP1,0
DPPA4,NR2F2,0
DAXX,TENM4,0
MAFK,FOXH1,0
PRDM14,HSPH1,0
GATA4,RUVBL2,0
GATA4,GSTA4,0
OTX2,CLCN5,0
CBX7,PHC1,0
ELL3,SLC6A8,0
HEXIM1,DPPA2,0
REST,EDA2R,0
MAFK,SSBP4,0
ELL3,BTG2,0
NFYB,POU6F1,0
KLF2,PIAS3,0
YEATS4,PFKP,0
KDM5B,TAF5,0
SMARCC1,STAT5B,0
PHC1,IRF4,0
CBX8,ZFP592,0
DPPA4,RAD51,0
NACC1,STAT5B,0
CBX8,SMURF1,0
NONO,LRRK1,0
CTCF,TEAD1,0
SMARCA4,MRAS,0
TFE3,KDM5B,0
SALL4,ZHX3,0
DR1,BMP4,0
ZFP42,GJA1,0
KLF2,ZMYND11,0
CHD4,DKC1,0
HDAC1,PEG3,0
HCFC1,ARNT2,0
GLI2,AATF,0
RARA,SOX15,0
MTF2,POLR2J,0
SMARCAD1,PLRG1,0
EP400,TET2,0
MAPK8,HSP90AA1,0
PARP1,PAX1,0
EED,DAXX,0
EZH2,PLRG1,0
DPPA2,IL33,0
SMARCA4,EMX2,0
TET2,MSC,0
TBX3,ZYX,0
E2F4,ZFP277,0
PHC1,DDX54,0
CHD4,MED12,0
KLF4,COL27A1,0
RYBP,PODXL,0
NR4A1,LRPAP1,0
DAXX,P3H4,0
TGIF1,2810025M15RIK,0
NONO,ELAVL2,0
MAPK8,ALPL,0
MYCN,CBX7,0
PRDM14,HMGA2,0
SMAD2,TRIM24,0
RIF1,ADAM23,0
HDAC2,RYBP,0
SMAD3,DCXR,0
HCFC1,IKBKB,0
SALL1,FXR1,0
GATA4,RLIM,0
PRDM14,LTBP4,0
ELL3,FRMD4A,0
SOX17,RFXAP,0
RIF1,BMP4,0
ELL2,KEAP1,0
NACC1,POLR1A,0
PHC1,SOS2,0
HDAC3,FOXA2,0
KLF2,TBPL1,0
NONO,SORD,0
EHMT2,CRY1,0
MAFK,ARNTL,0
NR4A1,MRAS,0
SMARCC1,TMEM150A,0
ZIC3,MKRN1,0
HDAC3,ID2,0
CNOT3,EPAS1,0
TCF12,PAX1,0
ZFP42,RFX7,0
HDAC3,TGFB1,0
HDAC2,TOX4,0
PHC1,BTG2,0
HDAC2,THBD,0
NFYA,RAB11A,0
NFYB,SNURF,0
MED12,GNRH1,0
GTF3C1,SEPT1,0
RYBP,TFRC,0
MYCN,BARD1,0
MYC,NDRG1,0
RARA,PURA,0
DPPA2,F3,0
GLI1,POLR1C,0
TRIM28,SRF,0
MEN1,ERP29,0
EP400,HIST1H2BL,0
REST,TXNDC12,0
CBX8,CDC5L,0
GLI1,TIMP3,0
YEATS4,MSC,0
NACC1,FXR1,0
SOX17,HIST1H2AI,0
MEN1,PIAS2,0
ESRRB,UBQLN2,0
CNOT3,PAX1,0
CBX8,SATB2,0
PARP1,RCN3,0
MAPK8,SOCS2,0
CNOT3,PROX1,0
MAPK8,PLAT,0
DAXX,PATJ,0
E2F1,TDGF1,0
GLI2,TULP3,0
GLI2,ZBTB10,0
YEATS4,HNF1B,0
ZIC3,ZFP148,0
PRDM14,CHD5,0
TET1,CUBN,0
E2F1,MEG3,0
DAXX,CNOT3,0
SMARCC1,MED31,0
NR4A1,PHF20,0
PARP1,SLCO3A1,0
CHD4,TOX3,0
SOX2,XBP1,0
MAPK8,DKC1,0
BAZ1A,POLR2A,0
GTF3C1,ZSCAN10,0
MTF2,NKRF,0
JUN,SSR3,0
ZFP42,PTPN14,0
E2F4,BACH2,0
CHD7,ARID3B,0
NR0B1,HDLBP,0
PHC1,TMF1,0
PARP1,HIST1H2AF,0
NFYA,DDX58,0
NR4A1,AQP8,0
SOX17,OPLAH,0
PHC1,ETV5,0
OTX2,DPPA2,0
ZIC3,RNF2,0
GATA4,AMPD2,0
ELL2,IFITM3,0
DAXX,PIAS1,0
MYC,ELP2,0
DAXX,GATAD2B,0
GLI1,RBFOX2,0
TRIM28,IRF6,0
MYC,MED15,0
TFE3,NR0B1,0
PARP1,KLF15,0
YEATS4,TRIM32,0
ELL3,FOXD3,0
DPPA4,ZFP462,0
GATA4,SLC26A10,0
GLI2,CCNG1,0
EHMT2,RNF2,0
CBX7,NFYA,0
NFYA,BACH2,0
PRDM14,BIN1,0
SALL1,UBTF,0
RARA,ELF2,0
SOX17,PDCD11,0
TFE3,SUB1,0
PARP1,SOX15,0
ELL2,BCLAF1,0
RIF1,SOS2,0
ELL3,SAT1,0
TFE3,HIST1H2BF,0
MEN1,SNORA68,0
NFYB,ZSCAN10,0
NR4A1,IGF2,0
SALL1,MYC,0
POU5F1,ZBTB3,0
TGIF1,GLMP,0
SMAD2,AES,0
RNF2,CALCOCO2,0
JUN,HTT,0
YEATS4,GAS6,0
DAXX,HDAC7,0
HCFC1,AGAP3,0
YEATS4,MLLT1,0
YEATS4,CCN2,0
SUZ12,KLF8,0
JUN,STAT4,0
REST,HDAC5,0
PHC1,TCF20,0
SMARCC1,FGF3,0
NR4A1,CITED2,0
HDAC2,OTX2,0
NFYA,MAML3,0
MEN1,NFATC1,0
PRDM14,HIST1H2BN,0
BAZ1A,RUNX1,0
PHC1,RELA,0
SOX17,VSIR,0
SMAD2,ZC3H7A,0
ARID1A,EED,0
CBX8,IFITM1,0
TET2,HNF4A,0
HDAC1,JDP2,0
RYBP,MAPK13,0
TET2,ARL6IP5,0
SALL4,RUVBL2,0
PHC1,NR3C1,0
TFE3,ODC1,0
HDAC2,TCERG1,0
CTCF,D230025D16RIK,0
NFYA,TGFB1I1,0
BAZ1A,HSPG2,0
KLF2,STARD10,0
CNOT3,GATA3,0
DPPA2,JARID2,0
SALL1,XAB2,0
PRDM14,TDGF1,0
ELL3,SSR3,0
SMAD3,TOX3,0
RIF1,POLR2A,0
DAXX,PDK1,0
PRDM14,POLR2H,0
MAPK8,ZBTB32,0
HDAC2,KLF6,0
CHD4,MLXIP,0
JUN,PHF20,0
CBX7,CCND1,0
EP300,HDAC10,0
EP300,ZFP462,0
PHC1,PLA2G1B,0
EP400,TLE1,0
SMAD3,UBTF,0
RYBP,BRCA2,0
SMARCC1,IRF2,0
CBX7,RFX5,0
NACC1,RCN3,0
MPHOSPH8,TXNIP,0
MTF2,NPHS1,0
TFE3,BASP1,0
NACC1,SERPINE2,0
MTF2,NR4A1,0
DPPA4,SPP1,0
JUN,EIF4A2,0
PARP1,SLC6A6,0
EP400,MARC2,0
CTCF,HOPX,0
MEN1,CBX6,0
ELL2,NSD2,0
TBX3,LMF2,0
MPHOSPH8,GTF3C5,0
RARA,ANKS1,0
DPPA2,GLMP,0
KDM5B,POU5F1,0
MAPK8,SLC25A4,0
CHD4,NFKBIA,0
NR0B1,MCM7,0
TBX3,PLA2G1B,0
ELL2,GLIS2,0
NONO,AU018091,0
SMAD3,SSBP4,0
GATA4,MSX2,0
RIF1,MYO6,0
RYBP,SLC9A6,0
SALL4,GAS6,0
ARID1A,EFEMP2,0
SOX17,EBF4,0
NR4A1,RPL22L1,0
ELL3,MCM6,0
JUN,HMGA1B,0
HDAC1,MT2,0
MAFK,MED21,0
TET2,ERP29,0
ARID1A,TXNDC5,0
BAZ1A,AGAP3,0
NR4A1,ANKRD54,0
SMARCC1,MYBL2,0
EED,ZFP148,0
KLF4,PBX4,0
TRIM28,SMURF1,0
CHD7,LDB1,0
NFYB,MEF2A,0
SMARCC1,SATB2,0
HCFC1,FGF4,0
EP400,BTAF1,0
CNOT3,UHRF1,0
TRIM28,CRAMP1L,0
TGIF1,CLCN5,0
EHMT2,FOSL2,0
MYCN,TUBB6,0
TET2,NOTCH2,0
GLI1,PER1,0
KLF2,CTSA,0
NONO,DAXX,0
SOX17,FAM129B,0
CHD4,TOP2B,0
MYC,PLA2G1B,0
PRDM14,EYA1,0
TRIM28,SHKBP1,0
SMARCC1,KRBA1,0
EHMT2,BEND5,0
ELL2,GM10039,0
GLI1,CALCOCO2,0
NACC1,CTNNBIP1,0
DR1,SPARC,0
SMARCC1,LEFTY1,0
HEXIM1,ADAMTS9,0
REST,NUPR1,0
HDAC3,SND1,0
DPPA2,HSPH1,0
PHC1,CLDN6,0
PRDM14,GTF3C5,0
MTF2,TUBB2B,0
KLF2,MGST3,0
ELL3,ZBTB38,0
JUN,RCOR2,0
YEATS4,LHX2,0
TFE3,TDH,0
EED,SFPQ,0
YEATS4,HIST1H1D,0
TGIF1,LEFTY1,0
MYC,HMCES,0
DAXX,PBX4,0
CHD7,FAM234A,0
GATA4,FOXH1,0
HDAC2,TET2,0
ARID1A,L3MBTL2,0
REST,RFX7,0
ELL2,HNF1B,0
MAPK8,MANF,0
MED12,DKK1,0
RIF1,FHL2,0
BAZ1A,SPRY4,0
MAFK,EP400,0
SMARCAD1,KRBA1,0
HEXIM1,FLRT3,0
DPPA2,TFAP2C,0
EHMT2,CNOT3,0
GLI2,MAN1A2,0
MYC,LEFTY1,0
RIF1,HIST1H3H,0
PHC1,TULP3,0
DPPA2,LRPAP1,0
TBX3,SOX7,0
ZFP42,DTX1,0
TET2,PLAGL2,0
EP400,HIST1H2BK,0
EED,CNOT8,0
HDAC3,CNOT6L,0
GATA4,HNRNPD,0
BAZ1A,CIC,0
KDM5B,ELF1,0
JARID2,COPS2,0
CBX8,LEFTY2,0
GLI2,AGAP3,0
TBX3,SRF,0
DPPA2,HTT,0
NR0B1,MYO7A,0
ELL3,MED15,0
SIN3A,PML,0
JUN,ATF3,0
PRDM14,SNORA68,0
ZIC3,TCF7L2,0
SOX17,CEMIP,0
ARID1A,GJB3,0
NR4A1,DIDO1,0
PHC1,MKX,0
ZIC3,HS3ST1,0
YEATS4,MCM3,0
CHD7,MYBBP1A,0
MAPK8,NFATC1,0
HCFC1,TCF7,0
GLI1,EFEMP2,0
NR0B1,GRB10,0
HDAC2,MSX2,0
CBX8,BACH2,0
SMAD3,XRCC6,0
EHMT2,SMARCA2,0
SMARCAD1,TRIM25,0
NACC1,DDB2,0
SMAD3,IRF3,0
ZFP57,ZSCAN10,0
SOX17,WBP11,0
SUZ12,ZFP236,0
TBX3,VSIR,0
SMARCAD1,ETV4,0
SMARCAD1,PITX2,0
DAXX,MEF2C,0
OTX2,KANK3,0
MYC,CHD5,0
MED12,HDAC7,0
EHMT2,IFI30,0
ELL2,FDPS,0
SUZ12,MYBL2,0
MYCN,MANF,0
ELL2,LRPAP1,0
REST,CALU,0
KDM5B,VSIR,0
SMARCC1,RRBP1,0
SMARCAD1,HMGB2,0
JARID2,AMPD2,0
CBX8,TFEB,0
CHD7,TINAGL1,0
TGIF1,ASH1L,0
NR0B1,CBX4,0
BAZ1A,TUBA4A,0
EP400,NFIL3,0
MPHOSPH8,TIMELESS,0
SALL1,DKK1,0
GLI1,ZFP91,0
SALL4,RBBP4,0
SMAD2,P4HA2,0
ZIC3,SLC6A6,0
JARID2,CTBP2,0
MAPK8,HIST1H4K,0
SALL1,GATA3,0
NFYB,PCBD1,0
PHC1,RAI14,0
EED,MOV10,0
KDM5B,ZFP296,0
BAZ1A,APBB1,0
MTF2,POLR2I,0
REST,PSIP1,0
PRDM14,SRSF1,0
ZFP42,JUND,0
HDAC3,ORC2,0
ARID1A,NCOR1,0
SMARCAD1,BCAT1,0
SMAD2,NFKB2,0
HDAC2,PSIP1,0
ZFP42,RARA,0
SMAD3,MITF,0
SMARCC1,PRRX2,0
HDAC1,NID1,0
EZH2,DDIT3,0
EED,CELF3,0
HDAC1,MYC,0
MTF2,MCM5,0
RARA,CREB3,0
TBX3,IRF4,0
SMAD2,PHF14,0
CNOT3,DPPA4,0
SMARCA4,ATF4,0
NONO,GLIPR2,0
RIF1,NR4A1,0
NR0B1,GNAS,0
HEXIM1,LTBP4,0
HDAC2,P4HB,0
SMAD3,NR3C1,0
RIF1,TAF5,0
GTF3C1,SAT1,0
TET1,SLC7A3,0
EP300,COBL,0
ELL2,ODC1,0
RYBP,ZFP592,0
KLF2,PKNOX2,0
CBX8,DAXX,0
CHD4,SELENOW,0
MYCN,GNAS,0
MPHOSPH8,HIP1,0
HDAC3,ALG13,0
HDAC3,HTRA1,0
JARID2,NACC1,0
SOX2,LDLRAP1,0
NR4A1,LMF2,0
NR0B1,CSRP2,0
MTF2,MYBBP1A,0
KLF2,LDLRAP1,0
E2F1,CTNNBL1,0
KLF2,HIF3A,0
ZFP57,NFATC4,0
KDM5B,MAPK11,0
SUZ12,FXYD3,0
DAXX,TCF7,0
RARA,TMED2,0
DAXX,KAT6B,0
GLI1,EPHA2,0
ELL3,CENPB,0
MEN1,ANXA5,0
CNOT3,GTF2A1L,0
DPPA2,ZBTB32,0
TGIF1,CHD7,0
ZIC3,P3H4,0
HDAC1,ERCC3,0
CNOT3,LRPAP1,0
E2F4,ETS1,0
GLI2,SRGN,0
NFYA,TMEM144,0
TBX3,PCOLCE,0
ELL2,TUBA4A,0
PRDM14,BRWD1,0
JARID2,FDPS,0
TFE3,ZFP281,0
CBX8,RRM2,0
REST,SMARCA4,0
EP400,STAT5B,0
REST,TCEA3,0
MAPK8,PLRG1,0
HCFC1,SOX17,0
HDAC1,RAD54B,0
TBX3,KLF8,0
CBX8,ZEB2,0
GLI1,CNOT2,0
RYBP,PHLDA3,0
RYBP,CRIP2,0
RARA,MCM2,0
ELL2,CBX7,0
ELL3,GM10039,0
NONO,ELK1,0
SMARCAD1,GTF2H4,0
NR4A1,POU4F1,0
SMAD3,TSG101,0
ZIC3,NFIB,0
CBX8,SALL4,0
TET2,DNAJC2,0
SMARCA4,SEPT1,0
GLI1,SFPQ,0
SMARCC1,COL4A2,0
ESRRB,RUVBL1,0
MPHOSPH8,EED,0
E2F1,DKK1,0
CBX7,CTNNBL1,0
GATA4,THBD,0
NR0B1,MAPK3,0
MPHOSPH8,NFIC,0
PHC1,ELF1,0
SMARCC1,TXNIP,0
MTF2,CUBN,0
REST,SOX4,0
TRIM28,PLOD2,0
SALL1,TCERG1,0
PRDM14,POU4F1,0
TBX3,ZDHHC16,0
NR0B1,IRF1,0
MAPK8,CALCOCO2,0
GLI2,TEAD4,0
GLI1,MAPK3,0
EED,DPP4,0
SOX17,ABHD5,0
EED,RELA,0
TRIM28,ZFP236,0
MEN1,SLC26A10,0
ELL2,GTF2I,0
SALL4,NOTUM,0
TRIM28,CHD7,0
OTX2,IRF2,0
NACC1,FGF3,0
EP300,BTBD11,0
HDAC2,FAM25C,0
TFE3,TUBB2B,0
KDM5B,L3MBTL2,0
CBX8,HIST1H2BL,0
DPPA4,TFEB,0
NFYA,ZC3H7A,0
MTF2,TNFAIP3,0
SOX2,PLOD3,0
BAZ1A,ANP32A,0
GTF3C1,FOXH1,0
DPPA4,SNORD93,0
SMARCC1,APBB1,0
GLI1,PIAS2,0
MTF2,ELL2,0
SALL4,USF1,0
SUZ12,ELF3,0
PHC1,TRPS1,0
TGIF1,FAM234A,0
PRDM14,GPX3,0
MYCN,KDELR2,0
TET2,CHD4,0
HDAC3,D230025D16RIK,0
REST,ORC2,0
TGIF1,SOX15,0
SOX2,MED15,0
TRIM28,CHD4,0
NFYB,ZFP275,0
NONO,CCNB1,0
EED,KDELR2,0
KDM5B,HES6,0
PRDM14,VIM,0
ARID1A,ZFP335,0
GLI2,CALCOCO2,0
YEATS4,ANXA2,0
NACC1,ABHD5,0
DPPA4,AES,0
KLF4,LRRK1,0
CNOT3,TET1,0
YEATS4,GLUL,0
GLI2,TMEM144,0
MAPK8,CBX6,0
EED,TXNIP,0
REST,ELP2,0
ELL3,MED4,0
EZH2,NR5A2,0
NONO,SIN3B,0
SUZ12,KAT6B,0
ZIC3,TRIP6,0
TFE3,ELF3,0
HCFC1,RAB3IL1,0
HEXIM1,GLMP,0
NACC1,2410141K09RIK,0
HDAC2,ZBTB32,0
NACC1,CRIP2,0
SMAD3,TFEB,0
CHD4,ILF2,0
GLI2,IFITM1,0
MAFK,PDK1,0
SMARCC1,PDIA6,0
E2F4,HIVEP2,0
TET2,ASH2L,0
ZIC3,ARID3B,0
POU5F1,BAZ1A,0
GLI2,SELENOW,0
SMAD2,SRGN,0
SMARCAD1,GAS6,0
MYCN,SLC7A6,0
CHD7,EGR1,0
RARA,CHST15,0
PHC1,DDB1,0
EED,POLR2J,0
RARA,TCEA3,0
HDAC3,RFX7,0
SUZ12,ZFP275,0
SMAD2,PLA2G1B,0
CTCF,GRB10,0
GLI1,HNF4A,0
ZIC3,ZBTB3,0
SALL1,PBXIP1,0
REST,ING3,0
TRIM28,NRIP1,0
MAPK8,CNOT6,0
MYC,TUBB6,0
SMAD3,ZFP979,0
TFE3,EOMES,0
RARA,TMEM150A,0
KLF2,SOCS2,0
GATA4,RARA,0
DPPA2,MTF2,0
EP400,NFATC3,0
CNOT3,CALCOCO1,0
NACC1,TRIM13,0
ZIC3,IRF3,0
BAZ1A,RERE,0
ZIC3,TIMELESS,0
GLI2,BTG2,0
KDM5B,KLF4,0
MPHOSPH8,FXR1,0
SMAD3,ZFP275,0
POU5F1,GRHL1,0
SMAD3,NR2F2,0
TET2,SUZ12,0
SMARCC1,THRAP3,0
CNOT3,NR0B1,0
EED,ZEB1,0
EP400,VSIR,0
JARID2,TUBB2B,0
MAFK,PDCD11,0
MAPK8,ZBTB7A,0
GLI1,HNRNPK,0
GLI2,ATF4,0
NFYA,D230025D16RIK,0
MYC,NID1,0
PRDM14,CITED1,0
DPPA2,POLR1C,0
HCFC1,CALCOCO2,0
ZIC3,CMKLR1,0
SMARCA4,HTRA1,0
PARP1,TAF6L,0
SMARCAD1,SDC4,0
ELL2,LDB1,0
MAFK,MLXIPL,0
PHC1,CBX6,0
SALL1,SRF,0
HDAC1,POLR2I,0
MED12,ZC3H7A,0
CHD4,JAM2,0
RYBP,HIST1H2AC,0
GLI2,ZFP592,0
ARID1A,HIST1H1B,0
RYBP,CCNB1,0
MAFK,FLRT3,0
GLI1,MTF2,0
SMARCC1,CTSZ,0
E2F4,KLF4,0
REST,MED4,0
EHMT2,TNK2,0
NR0B1,HOPX,0
NFYA,APOE,0
SOX2,EMX2,0
MTF2,EP400,0
ELL3,KDELR2,0
MYC,BCL3,0
SMARCA4,ZFP979,0
HDAC3,SLCO3A1,0
SOX17,ASS1,0
MYC,BCAM,0
ARID1A,ZBTB20,0
YEATS4,ASH1L,0
ZIC3,ZBTB38,0
SUZ12,KANK3,0
ZIC3,NOTCH1,0
JUN,ILK,0
HCFC1,TOX3,0
NACC1,LHX2,0
SMARCAD1,HDGF,0
MAPK8,SMARCD1,0
DPPA2,UPP1,0
MTF2,2810025M15RIK,0
PARP1,NFX1,0
CBX8,TRIM32,0
CHD4,SOX7,0
GLI2,MRAS,0
SALL4,BTG2,0
NACC1,TXNDC12,0
TCF12,EMP2,0
MPHOSPH8,HMGXB3,0
MAPK8,BARX1,0
NONO,HIST1H1A,0
ZFP281,NXF7,0
PARP1,CALD1,0
ELL3,ZBTB24,0
GATA4,ETV1,0
SMARCC1,NFKB2,0
TET2,KANK2,0
CNOT3,LOXL2,0
EED,APOE,0
TFE3,ZBTB39,0
SALL1,ALPL,0
EED,TEAD3,0
ELL2,CDC20,0
YEATS4,PIAS2,0
KDM5B,KLF6,0
TRIM28,PIAS1,0
KDM5B,COBL,0
MYCN,MCM5,0
HCFC1,NFIA,0
BAZ1A,SCMH1,0
EHMT2,SUB1,0
SMARCA4,THBD,0
GLI2,NKRF,0
TET2,E2F4,0
CNOT3,CALU,0
HDAC1,TTF2,0
PRDM14,EIF4A2,0
RYBP,FABP3,0
GLI1,ELF1,0
ARID1A,DMRT1,0
RARA,HDAC11,0
MAPK8,STAT5B,0
EZH2,CTSD,0
TET2,APOE,0
MEN1,LRPAP1,0
YEATS4,EDEM1,0
DPPA4,DCP1A,0
SOX17,TWIST1,0
JUN,ZBTB39,0
NACC1,ZBTB32,0
RARA,SPEN,0
EP400,ZFP592,0
SUZ12,TRIM28,0
MYC,HSPG2,0
SOX17,NPAS2,0
TFE3,ZBTB38,0
KLF2,ESRRA,0
HDAC1,KLF9,0
CBX8,TTF2,0
RARA,MAPK8,0
TBX3,LOXL2,0
REST,TIMP3,0
NFYA,SOX15,0
PHC1,TRIM28,0
KDM5B,ETV4,0
TRIM28,WWTR1,0
KDM5B,TBL1X,0
SUZ12,ATM,0
NFYB,FBLIM1,0
MAPK8,ELP2,0
KDM5B,BMP6,0
HDAC3,RAB3IL1,0
CBX7,CLDN6,0
MAPK8,TEAD1,0
NR0B1,NUPR1,0
TFE3,SLC7A3,0
SALL4,FIZ1,0
YEATS4,ABT1,0
GATA4,PARVB,0
SMAD2,PEG3,0
JARID2,MED12,0
CHD7,CRAMP1L,0
JUN,CTSA,0
NR4A1,PHB2,0
SMARCA4,NR0B1,0
DPPA2,PRSS35,0
SOX17,HDAC11,0
GLI2,BAZ1A,0
NFYA,CRABP2,0
UTF1,ZFP987,0
GATA4,AQP8,0
TGIF1,MRAS,0
CBX7,SMURF2,0
TGIF1,ATP13A3,0
MEN1,PRDM14,0
KLF2,HIP1,0
MPHOSPH8,TMSB4X,0
KLF2,NACC1,0
TBX3,SRSF3,0
DPPA2,ASH1L,0
EED,NFATC2IP,0
SOX2,POLR3D,0
GABBR1,NXF7,0
CBX8,MAPK3,0
POU5F1,RUNX3,0
NFYB,SLCO3A1,0
HDAC2,TXNDC12,0
HCFC1,SSBP4,0
HDAC2,EGR1,0
ELL3,NCOA3,0
BAZ1A,ARID3B,0
NONO,DPPA2,0
PRDM14,SUZ12,0
REST,CUX2,0
DPPA4,VSIR,0
ZIC3,MED4,0
CNOT3,MARC2,0
HDAC1,KANK3,0
HDAC3,THBD,0
ARID1A,ZMYM2,0
SOX2,GNPDA1,0
NR0B1,FDPS,0
NFYB,DIDO1,0
NR4A1,MED15,0
TBX3,PFKP,0
HDAC2,SATB1,0
HCFC1,GATA4,0
NR0B1,SMAD3,0
CTCF,FN1,0
PARP1,ETV5,0
MYC,RBPMS2,0
KLF4,AKT1,0
DPPA2,DPPA4,0
ZFP281,HNF4A,0
MTF2,TAF5,0
CHD7,PCBP2,0
MTF2,FOXH1,0
JARID2,BACH2,0
MAPK8,SDC4,0
JARID2,HDAC4,0
BAZ1A,PARP1,0
SMARCC1,HEY2,0
TET2,SMARCC1,0
PARP1,NR5A2,0
GLI1,GABARAPL2,0
E2F4,YAF2,0
NFYA,CITED2,0
TBX3,PDCD11,0
RYBP,CNOT3,0
TCF12,RCC2,0
SALL4,CTNNBIP1,0
EP300,EPAS1,0
TCF12,IFITM3,0
EED,MED15,0
SMARCC1,NME2,0
REST,MIS18BP1,0
CHD4,LEFTY1,0
GATA4,RNF19A,0
CBX8,RNF19A,0
EP300,DCXR,0
GATA4,LHX2,0
CHD7,PODXL,0
DAXX,SPARC,0
NFYB,PRDM14,0
SMARCAD1,BEX1,0
KLF2,SPOCK1,0
HDAC2,TYRO3,0
DPPA4,RASGRP2,0
PHC1,DPP4,0
EHMT2,THBD,0
CHD4,PAX1,0
ELL3,E2F6,0
UTF1,CELF3,0
SALL1,CCN2,0
RARA,MARC2,0
KDM5B,NFATC2IP,0
RARA,E2F2,0
TET2,FXYD6,0
SALL4,SERPINE2,0
NR0B1,EED,0
RYBP,FRMD4A,0
HDAC3,RANBP17,0
TFE3,UTF1,0
MTF2,HSF2,0
CHD7,BRCA1,0
EHMT2,ZSCAN10,0
SALL1,E2F2,0
KDM5B,NID1,0
JARID2,RBPJ,0
YEATS4,ILF3,0
PHC1,NR2F6,0
GLI2,GTF3C1,0
TGIF1,GAS6,0
CTCF,FAM25C,0
SALL1,TAF10,0
RYBP,NDN,0
SOX17,SALL1,0
CHD7,KHDC3,0
SOX17,SREBF1,0
EED,FOXP1,0
GLI1,GABBR1,0
SMARCC1,ABHD5,0
CBX7,SUB1,0
HDAC2,SOX7,0
SMARCC1,GLUL,0
MYC,HOPX,0
NONO,DKC1,0
JARID2,NFKBIA,0
PHC1,STXBP2,0
ARID1A,SLC6A8,0
NONO,CBX7,0
SMAD3,TMED2,0
PRDM14,KLF8,0
HDAC1,KLF3,0
ESRRB,KNTC1,0
PHC1,MYLPF,0
CBX8,SFPQ,0
DPPA4,XRCC5,0
EHMT2,UBTF,0
DPPA4,PTH1R,0
EZH2,LDHB,0
NONO,BTG1,0
RIF1,P3H1,0
CHD7,BRD7,0
KDM5B,TAF6L,0
RYBP,SEPT1,0
PARP1,XRCC6,0
BAZ1A,DAXX,0
GLI1,NFATC3,0
SOX17,NFATC2IP,0
SALL1,PODXL,0
HCFC1,NONO,0
JUN,RBPMS2,0
DPPA4,TAF5,0
PHC1,TAF1,0
DPPA4,EPHA2,0
GLI1,BMPER,0
SOX2,HDAC7,0
ZFP281,HES1,0
SMARCC1,KRT42,0
NFYB,FOXH1,0
JUN,NDRG1,0
BTAF1,CUBN,0
DPPA4,HNF1B,0
CBX8,STAT4,0
PRDM14,ECD,0
TFE3,CHST15,0
KLF2,SELENOW,0
RIF1,TAF6,0
YEATS4,LAMC1,0
KLF2,MEIS1,0
CBX8,ELK1,0
TET2,GATA3,0
E2F1,SOX15,0
NFYB,FABP3,0
SMARCC1,PMM1,0
PRDM14,CTSZ,0
MAPK8,TMF1,0
NR0B1,RAD51,0
TET2,SMARCD1,0
GLI2,ODC1,0
SMAD3,CHD4,0
ESRRB,ZBTB10,0
SALL4,POLR2J,0
TFE3,SIRT3,0
NR0B1,ZBTB32,0
EED,2200002D01RIK,0
SMAD3,HMGA1,0
KDM5B,ATF5,0
CBX8,TULP3,0
SOX17,TAF10,0
SALL1,ZSCAN10,0
PARP1,BIN1,0
HCFC1,SLC7A6,0
JUN,MCM2,0
DPPA4,NUPR1,0
ZFP57,ZFP462,0
MAPK8,MEN1,0
SOX17,MYO6,0
NR4A1,HIST1H1D,0
SOX2,MAPK3,0
ZFP57,PLRG1,0
EHMT2,MED15,0
CNOT3,GSTA4,0
GLI2,SNORA68,0
TET2,HSPG2,0
KDM5B,GRB10,0
MYC,NANOG,0
KLF2,SLC26A10,0
GLI2,MED15,0
REST,RFXAP,0
TFE3,RNF19A,0
TBX3,EPHA4,0
JUN,SRRT,0
DAXX,FOXQ1,0
HDAC3,VEZF1,0
HDAC3,FAM25C,0
DPPA2,PODXL,0
CHD7,PEG3,0
KDM5B,POLR2A,0
TBX3,RUNX3,0
JUN,CHST15,0
ZIC3,DPPA4,0
TET2,PHF1,0
CHD7,GLDC,0
E2F1,SNORD35B,0
EZH2,ZFP446,0
MED12,DPPA2,0
SMARCAD1,GJB3,0
SMAD3,UBP1,0
SMARCC1,DDB2,0
HCFC1,ZFP275,0
KDM5B,POLR3D,0
ELL3,SNORA26,0
DAXX,SAT1,0
NFYB,GLIS2,0
NFYB,ELF4,0
ELL2,FUBP3,0
BAZ1A,SOX4,0
SMAD2,ABT1,0
RYBP,MRAS,0
YEATS4,FAM129B,0
DPPA2,INSIG1,0
SALL1,CTSD,0
RYBP,DUSP9,0
RIF1,SMURF2,0
CTCF,YAF2,0
MPHOSPH8,RCN3,0
SMARCC1,IGFBP2,0
GTF3C1,MEF2C,0
RIF1,SMARCA5,0
DAXX,SPRY4,0
SOX2,ZDHHC16,0
DAXX,MRAS,0
NONO,GABPA,0
CBX8,HDAC2,0
NFYA,EOMES,0
CHD4,EMP2,0
SMARCA4,HS3ST1,0
RYBP,RASGRP2,0
ELL2,PSIP1,0
E2F4,TOX3,0
MED12,AKT1,0
SMARCA4,NCOR1,0
SALL1,PCBD1,0
SOX17,RLIM,0
HDAC2,RUNX3,0
GATA4,CKB,0
TGIF1,NFKB2,0
BTAF1,STAT4,0
ELL3,CCNG1,0
TFE3,RFX7,0
SALL1,SURF4,0
BAZ1A,SNORA26,0
CHD7,HMGA1,0
RYBP,COMMD3,0
RYBP,ANP32A,0
DPPA2,CHCHD10,0
SOX2,GTF3C1,0
YEATS4,ATF2,0
BAZ1A,DCP1A,0
TGIF1,HIF3A,0
GLI1,TGIF1,0
SMAD2,RFX2,0
SALL1,PROX1,0
ZFP57,ASH1L,0
NR4A1,SNORD93,0
MYCN,SP8,0
SMAD3,MCM4,0
PHC1,KDM5B,0
E2F1,NFXL1,0
ZFP42,KRT8,0
HDAC3,TAF10,0
RYBP,IMPDH1,0
CHD7,RRM2,0
MAFK,EGR1,0
ELL2,TWIST1,0
BTAF1,SNORD35B,0
HDAC3,ZFP296,0
EED,IFITM3,0
CBX8,BCAT1,0
KLF2,HDAC1,0
SALL4,ZBTB10,0
EHMT2,EWSR1,0
RYBP,YBX1,0
ELL3,SRSF6,0
MYCN,ID3,0
NR0B1,CNOT2,0
HCFC1,TFAP2C,0
NFYB,TLE1,0
TFE3,PELP1,0
E2F1,FGFR3,0
ZFP42,KANK3,0
GLI2,MDM2,0
NR4A1,TAF10,0
TBX3,ARHGEF40,0
KLF4,SIRT3,0
EED,DMRT1,0
EP400,KLF15,0
HDAC3,GM10039,0
HDAC1,RHOX6,0
MEN1,LAMB2,0
NACC1,STARD8,0
KLF2,RCN3,0
SMARCA4,RCOR2,0
HDAC1,TRIM28,0
SALL1,VEZF1,0
GLI1,EP400,0
RARA,NONO,0
NFYB,SRSF3,0
SOX2,ZBTB43,0
ZIC3,HIST1H2BL,0
EP400,HIF1A,0
YEATS4,MORC4,0
ZFP281,CREBZF,0
ELL2,GLI1,0
SOX17,TAF6L,0
JARID2,KANK2,0
HCFC1,THBD,0
MAFK,CEMIP,0
EP300,CCND1,0
NR4A1,ZFP462,0
KDM5B,ESRRA,0
GATA4,SOX17,0
MAPK8,MYLPF,0
SMAD3,SFPQ,0
TET2,EPAS1,0
TET2,SNURF,0
CHD4,MCM7,0
ZIC3,VEGFA,0
EHMT2,TEAD1,0
DAXX,ZEB1,0
NR4A1,TET2,0
HDAC3,BARX1,0
CBX8,GATA4,0
GLI2,NOTCH4,0
ARID1A,RCN3,0
SMARCC1,ZFP277,0
HCFC1,CUBN,0
EZH2,KANK2,0
TET1,NSD2,0
EHMT2,TRIP6,0
KDM5B,HNF4A,0
NACC1,BTF3,0
NR4A1,POLR2K,0
NACC1,NR2F6,0
ELL3,REST,0
HDAC2,MRAS,0
JUN,POU4F1,0
CNOT3,PRRX2,0
TBX3,KAT2B,0
ZFP42,ARNTL,0
HDAC1,XAB2,0
KDM5B,SIRT2,0
HEXIM1,EHMT2,0
KDM5B,MITF,0
TRIM28,CDC20,0
KDM5B,SPEN,0
TCF12,GNRH1,0
OTX2,PRDM5,0
JUN,TOPORS,0
NONO,P4HA2,0
SALL1,TCF20,0
RIF1,HIST1H2BB,0
E2F1,RAD51,0
SOX2,GABPA,0
RIF1,TFAP4,0
RIF1,H1F0,0
YEATS4,GTF2H3,0
DPPA4,HNRNPAB,0
SMAD3,TRIB3,0
GLI2,POLR2K,0
CHD7,MBD2,0
ELL3,MANF,0
PHC1,MED4,0
NR4A1,ZFPM1,0
EHMT2,SREBF1,0
SMAD2,CTBP2,0
NFYA,CNOT2,0
MPHOSPH8,NUP210,0
NACC1,RBPMS2,0
CHD7,SMAD2,0
KDM5B,GTF3C1,0
MTF2,PFKP,0
MAFK,PRRX2,0
DAXX,KLF15,0
CNOT3,KRT8,0
TET2,SERTAD2,0
MYC,PHF1,0
CBX8,PAX8,0
BTAF1,FDPS,0
ARID1A,ZBTB7A,0
RIF1,TAX1BP3,0
JUN,NOTCH1,0
SMAD3,ARID1A,0
SUZ12,PIAS3,0
REST,NR1H2,0
MTF2,CDKN1A,0
CBX8,NDRG1,0
NONO,MCM4,0
NR4A1,ID4,0
RIF1,MCM3,0
CHD4,PLAGL2,0
MPHOSPH8,CALD1,0
KLF2,ATF4,0
KLF2,P4HA1,0
DPPA4,TCL1,0
NFYB,NOTCH4,0
RIF1,GJA1,0
TFE3,HOXD13,0
KLF2,HIST1H3H,0
TET2,BCL3,0
SMARCC1,DPP4,0
MAPK8,SNORD32A,0
GLI1,SGK1,0
NFYA,CBX4,0
TGIF1,ULK1,0
GLI1,RLIM,0
MAPK8,PHC1,0
SUZ12,MAPK3,0
NR0B1,DAZAP2,0
ARID1A,CEMIP,0
ARID1A,BCL3,0
E2F4,DUSP9,0
TGIF1,HEY2,0
GABBR1,ZBTB20,0
RIF1,KANK3,0
TET2,ZFP462,0
EZH2,IFITM3,0
HDAC1,RBM14,0
ESRRB,SND1,0
ZFP57,TRH,0
NFYB,JUN,0
TFE3,ITPK1,0
KDM5B,ATF3,0
PHC1,SNORD32A,0
SOX17,DR1,0
DAXX,CD63,0
JUN,SMAD4,0
NR4A1,HOXD13,0
HCFC1,AQP8,0
ARID1A,LDHB,0
CNOT3,ZBTB3,0
JUN,PRRX2,0
NACC1,AMOT,0
EHMT2,MED21,0
NFYA,TAF5,0
CHD4,PDGFRA,0
RIF1,ZFP592,0
ELL2,PCBP2,0
HEXIM1,MORC4,0
SMAD2,CLCN5,0
CNOT3,ITPK1,0
CNOT3,ZFP281,0
PHC1,ANXA2,0
KLF2,HS3ST1,0
SALL4,DDIT3,0
DPPA4,ZIC3,0
MEN1,RUNX1,0
GLI1,FOXQ1,0
HDAC3,VILL,0
ELL3,LAMC1,0
NR4A1,NFE2L2,0
MYC,SLCO3A1,0
EP300,YAF2,0
NFYA,GATA4,0
GLI2,HIST1H2AC,0
GLI1,RHOX6,0
DAXX,KNTC1,0
PHC1,ZFP236,0
MAFK,ZFP276,0
SMAD3,PROX1,0
ARID1A,NFIA,0
NR4A1,BRCA1,0
SMAD3,SRSF6,0
REST,TXNIP,0
DPPA4,RLIM,0
DPPA4,TET1,0
ELL2,2810025M15RIK,0
MYC,FOXO1,0
MYCN,VEGFA,0
ELL3,MYH9,0
NR0B1,NACC1,0
SALL4,ZFP281,0
DAXX,KHDC3,0
PARP1,RBMX,0
ELL2,COBL,0
SMAD2,CKB,0
E2F4,CITED1,0
CTCF,RPL22L1,0
NR0B1,MLLT1,0
DAXX,SMARCD1,0
CHD4,SEC24D,0
SALL1,MT1,0
GTF3C1,2810025M15RIK,0
HDAC2,PHC1,0
REST,EED,0
YEATS4,CLCN5,0
SMAD3,ANP32A,0
E2F4,NFXL1,0
EED,PITX2,0
MPHOSPH8,MSC,0
NR4A1,RRBP1,0
TGIF1,CHCHD10,0
SALL1,RAPGEF3,0
JUN,ETV6,0
SOX17,NFYA,0
MAPK8,SALL1,0
MPHOSPH8,HMCES,0
EED,AIRE,0
RIF1,ZFP36L1,0
ELL3,NSD1,0
NONO,DPPA4,0
CHD7,BNIP3,0
HDAC1,TRIP6,0
EZH2,TNS4,0
ZFP57,POLR3B,0
SALL4,CKAP4,0
TRIM28,KANK2,0
BAZ1A,MAFK,0
HCFC1,RBMX,0
MEN1,CHCHD10,0
NACC1,LRRK1,0
MTF2,PER1,0
NR4A1,KANK3,0
MTF2,ZFP768,0
GLI2,ZFP275,0
EP400,FOXO3,0
NFYB,POLR3B,0
TET1,IFITM3,0
REST,PRDM5,0
SMAD3,HCFC1,0
GLI2,TAF1,0
BAZ1A,UCHL1,0
YEATS4,NR1D2,0
CBX7,HSF2,0
GATA4,FXYD3,0
KLF2,CST3,0
HCFC1,TET2,0
TBX3,SOS2,0
CHD7,AMPD2,0
HEXIM1,LEFTY1,0
TRIM28,JAM2,0
KLF4,ZBTB32,0
NFYA,POU4F2,0
TRIM28,GLDC,0
SOX2,TFCP2L1,0
EZH2,HKDC1,0
MYCN,HMGXB4,0
MEN1,RUNX3,0
PARP1,GABARAPL2,0
NACC1,CREBZF,0
PHC1,FDPS,0
ARID1A,HES1,0
CBX8,DAB2,0
YEATS4,MATR3,0
RYBP,SEC24D,0
CBX7,FUBP3,0
MEN1,PAX1,0
MAFK,PCBD1,0
NFYB,TCF7,0
SMAD3,UHRF1,0
SOX17,STXBP2,0
MAFK,RBM14,0
SMARCAD1,MEF2C,0
CHD4,MYC,0
ARID1A,HNRNPK,0
ARID1A,PLAT,0
EHMT2,HIST1H2BL,0
SMARCC1,DAB2,0
TET2,L1TD1,0
NONO,GABBR1,0
SMARCA4,SP8,0
DPPA2,BTG1,0
KDM5B,THRAP3,0
SMARCA4,GATA4,0
HDAC2,TOP2B,0
SMARCAD1,SPOCK1,0
TGIF1,ZDHHC15,0
ELL2,HSPH1,0
CNOT3,MEN1,0
SUZ12,MCM6,0
SUZ12,TNS4,0
TET2,VEGFA,0
MEN1,HOPX,0
TGIF1,SAT1,0
CHD4,RAD54B,0
RARA,ZFP276,0
EED,GZF1,0
PRDM14,HIST1H1B,0
PHC1,POLR2K,0
RIF1,SIN3B,0
SUZ12,ATF7,0
MTF2,NR5A2,0
HDAC3,SIN3B,0
UTF1,BMI1,0
RIF1,POLR2B,0
NFYB,NPAS2,0
NFYB,RELA,0
RARA,TFE3,0
NACC1,MT1,0
RARA,PHF2,0
NACC1,EPS8,0
CNOT3,RFX5,0
TRIM28,NR5A2,0
HDAC1,HDGF,0
PRDM14,B2M,0
HDAC3,MYCN,0
RARA,ZFP398,0
NR0B1,RUNX3,0
GATA4,GJB3,0
GLI1,NANOG,0
ELL2,FOXA2,0
SMAD2,TGFB1,0
CHD7,KDM5B,0
MAFK,SMURF1,0
HDAC1,BARX1,0
NACC1,HNRNPAB,0
POU5F1,MYO7A,0
HDAC3,FOXD3,0
TFE3,NME2,0
SMAD2,TRIM32,0
JUN,FOXA2,0
REST,TRP53BP1,0
MEN1,HES6,0
TET2,TRIM24,0
KDM5B,NFIL3,0
KLF2,NFIA,0
ELL2,BMP4,0
MAFK,ALPL,0
PARP1,CTSZ,0
PRDM14,ISYNA1,0
MTF2,ATF4,0
RIF1,DAB2,0
GATA4,PHF1,0
OTX2,CTNNBIP1,0
SALL4,NFE2L1,0
HDAC3,E2F4,0
NONO,IRF4,0
MTF2,UBE2C,0
TET2,POLR1A,0
SMARCAD1,LAMC1,0
NACC1,POU4F2,0
EP300,PDIA6,0
ZFP42,SRRT,0
EED,APEX1,0
CNOT3,CEMIP,0
E2F1,CSF1,0
HDAC3,ANKRD6,0
KDM5B,SLC6A6,0
NONO,CTBP1,0
ARID1A,TRH,0
EP400,TRRAP,0
MEN1,TCF7L2,0
MAFK,ELAVL2,0
TET2,KDELR2,0
CBX7,SLC6A6,0
SALL4,AMOT,0
HDAC2,AU018091,0
EP400,POLR3F,0
NFYA,JMJD1C,0
TRIM28,BARX1,0
MYCN,ZFP423,0
MYCN,IKBKB,0
KLF2,MAML3,0
CNOT3,ATP6V0A1,0
CHD7,NACC1,0
JUN,KLF15,0
REST,PMM1,0
PARP1,TYRO3,0
GLI2,POLR1A,0
CHD4,NR1D1,0
ARID1A,SMAD2,0
DPPA4,INSIG1,0
ELL2,RBBP4,0
SMAD2,RELA,0
RYBP,NSD1,0
RARA,FOXJ2,0
TET2,VILL,0
YEATS4,HSPG2,0
HDAC1,CDC42SE2,0
YEATS4,SIN3A,0
KDM5B,MAN1A2,0
RIF1,SRRT,0
DPPA4,IFITM2,0
PARP1,RFX2,0
REST,CRAMP1L,0
HDAC2,HSPB1,0
EHMT2,SNAI1,0
TET2,STAT4,0
ELL2,UBP1,0
CNOT3,CDC20,0
YEATS4,PLOD1,0
MEN1,AIP,0
SOX2,TEAD4,0
ELL3,PTH1R,0
ESRRB,PA2G4,0
ARID1A,LHX2,0
NACC1,HOPX,0
MPHOSPH8,VEZF1,0
MAPK8,F3,0
ELL3,FAM25C,0
PARP1,SRI,0
SALL1,HSF2BP,0
NFYA,COL27A1,0
EP400,RBPMS2,0
HEXIM1,NUPR1,0
NR0B1,SP1,0
MPHOSPH8,NFATC4,0
JUN,HMGB2,0
NFYB,HSPH1,0
GATA4,FST,0
YEATS4,CTNNBL1,0
NONO,MARC2,0
SALL1,RNF6,0
DPPA4,DMRT1,0
MAPK8,PAWR,0
OTX2,DAZAP2,0
TBX3,BCAM,0
MYCN,PEG3,0
KDM5B,MEF2A,0
TET2,HIST1H1B,0
DPPA4,SNORD32A,0
NR4A1,SCMH1,0
MAFK,HDGF,0
CHD7,GPX3,0
BAZ1A,POLR2J,0
CHD7,CALR,0
NR0B1,CTH,0
TGIF1,OPLAH,0
DAXX,CIC,0
ARID1A,GAS6,0
CHD4,STAT5B,0
MYC,HMGXB4,0
SMARCAD1,SLC26A10,0
CBX8,TMED2,0
ESRRB,SMAD2,0
CNOT3,ZFP768,0
MEN1,MEIS3,0
JARID2,ZDHHC16,0
RYBP,MYH9,0
KDM5B,HDAC2,0
MPHOSPH8,GABBR1,0
CHD4,F3,0
SOX17,PML,0
OTX2,TIMP2,0
MYCN,SHROOM3,0
TFE3,TFCP2L1,0
SMARCC1,COBL,0
YEATS4,GATAD2B,0
CHD4,MYBBP1A,0
KLF2,CCNB1,0
SALL1,NDRG4,0
ELL2,PIAS2,0
JUN,PHC1,0
CNOT3,PMM1,0
CNOT3,DDIT3,0
TGIF1,PLRG1,0
MAPK8,ARID3B,0
CHD4,RAPGEF3,0
RARA,RFX2,0
NONO,HDAC3,0
CBX7,TAF5,0
EHMT2,FN1,0
TRIM28,MEF2C,0
SALL4,PGA5,0
GLI2,TCEA1,0
CHD7,NOTCH4,0
DPPA4,ANXA5,0
EHMT2,COTL1,0
DPPA2,ATF7,0
HDAC3,HMGA1B,0
KLF2,LOXL2,0
REST,ZYX,0
PHC1,GLIPR2,0
PHC1,NONO,0
RYBP,KEAP1,0
HDAC3,ZSWIM4,0
CBX8,EED,0
SOX17,NR0B1,0
DPPA2,SAT1,0
NR0B1,PDGFRA,0
NONO,TYRO3,0
RYBP,ZBTB43,0
PRDM14,ILF2,0
SMARCAD1,ZFP236,0
JUN,SEC24D,0
DPPA4,TBX18,0
MTF2,BNIP3,0
HDAC3,SSB,0
POU5F1,ASH1L,0
CHD4,HEXIM1,0
REST,RFX2,0
RYBP,NR1H2,0
ZFP281,VEGFA,0
EED,ZFP462,0
MYCN,NACC1,0
NR4A1,SPRY4,0
CNOT3,ZFP57,0
NONO,FOXJ2,0
CTCF,BNIP3,0
GATA4,SOX7,0
EP300,MAN1A2,0
ESRRB,NOTUM,0
HDAC2,GZF1,0
SMAD2,SALL4,0
NFYB,SPP1,0
NRF1,TYRO3,0
JUN,MYMX,0
RIF1,ITGA6,0
NFYA,TSPAN9,0
EP400,CKAP4,0
MAFK,NR2C1,0
SALL1,RFX5,0
REST,CIC,0
MEN1,SRF,0
NFYA,JAM2,0
CNOT3,SND1,0
GLI1,VEGFA,0
HDAC3,EMX2,0
MAFK,PCOLCE,0
MPHOSPH8,SMURF1,0
TRIM28,SNAPC3,0
KDM5B,DPPA4,0
CBX8,CBX6,0
NONO,COMMD3,0
HDAC3,CITED1,0
ARID1A,NPHS1,0
TFE3,NCOR1,0
GLI2,SEPT1,0
SMAD2,PBX4,0
PARP1,TDGF1,0
EED,PLOD2,0
JUN,ADAMTS9,0
DPPA2,MYBBP1A,0
PARP1,PLAG1,0
MEN1,MAPK11,0
JUN,GLI1,0
CBX8,RYBP,0
TFE3,RAD51,0
NACC1,MYO7A,0
KDM5B,ZHX3,0
EP400,GTF2I,0
TET2,TMSB4X,0
YEATS4,VEGFA,0
GATA4,CRY1,0
SMARCA4,ID2,0
ESRRB,COTL1,0
SALL4,KDM5B,0
REST,ESRRA,0
PRDM14,ZFP987,0
MAPK8,CNOT2,0
ESRRB,VEZF1,0
PHC1,TCF7L2,0
MAPK8,GLS,0
PRDM14,CTSA,0
HDAC3,GNRH1,0
KLF2,KANK2,0
E2F4,HDAC4,0
MEN1,MTA3,0
BAZ1A,ELL3,0
HDAC2,SMURF2,0
DAXX,MAFK,0
CNOT3,ZFP148,0
ZIC3,CBX8,0
SMARCC1,FOXJ2,0
NFYA,TCF20,0
MYCN,NOTCH4,0
NR4A1,MTA3,0
SMAD3,CNOT8,0
CHD4,ZSCAN10,0
NFYA,SMAD4,0
DPPA2,DDX58,0
NR0B1,LRRK1,0
SMAD3,PDGFRA,0
SALL4,ALG13,0
DPPA2,UBTF,0
NR4A1,CTNNB1,0
MPHOSPH8,SALL1,0
GATA4,CTSD,0
RARA,POU6F1,0
HCFC1,FRRS1,0
E2F1,CCNB1,0
SMAD3,FDPS,0
EED,RCC2,0
ELL2,H1F0,0
SOX17,CHD4,0
BAZ1A,ETV3,0
NFYB,HDAC5,0
MAFK,KANK3,0
MTF2,ZFP423,0
DPPA2,SP8,0
EP400,ZBTB39,0
SMARCA4,ORC2,0
JARID2,SRSF6,0
NR4A1,ZBTB38,0
E2F4,NFKB2,0
KLF2,CTBP1,0
CHD7,POU6F1,0
DPPA2,CBX8,0
MTF2,MEIS3,0
TET1,KLF8,0
SMARCAD1,CNOT2,0
ELL3,HIST1H2AF,0
ELL3,POU4F2,0
NFYA,TEAD3,0
MYCN,GRHL1,0
CHD7,PER1,0
HDAC1,TAF1,0
MYCN,PLRG1,0
ZIC3,PATZ1,0
SMARCC1,SLC26A10,0
RYBP,TINAGL1,0
MAFK,MCM6,0
RIF1,BTAF1,0
BAZ1A,FOXQ1,0
PARP1,ZMYM2,0
PRDM14,POLR3B,0
SALL4,MEF2D,0
NFYB,ATM,0
PARP1,CLCN5,0
JUN,BTG2,0
HDAC2,TNFAIP3,0
PHC1,CTSZ,0
BAZ1A,SRM,0
CHD7,TMED2,0
RYBP,RPL22L1,0
HDAC1,CHCHD10,0
ARID1A,MCM3,0
DPPA2,ZDHHC16,0
EHMT2,CTNNBIP1,0
TET2,FOXD3,0
RARA,ELL2,0
KDM5B,TCF7L2,0
CHD4,EZH1,0
SOX2,ORC2,0
OTX2,HIST1H2BB,0
PHC1,SELENOW,0
YEATS4,ZFP277,0
SALL1,PAWR,0
SALL4,POLR1A,0
CHD7,RCN3,0
ZIC3,TOX3,0
NFYA,RUNX3,0
NONO,FAM129B,0
NFYB,MYC,0
TGIF1,NSD2,0
RYBP,TEAD4,0
TBX3,SNORD93,0
PRDM14,HIST1H2BB,0
MAPK8,MGST3,0
ZFP42,VSIR,0
NFYB,CRY1,0
TGIF1,LHX2,0
NONO,KANK2,0
SALL1,HDAC2,0
E2F1,BEND5,0
EP400,CST3,0
CHD4,STAT4,0
HCFC1,RARG,0
TFE3,ZFP462,0
JARID2,TSG101,0
CTCF,GJB3,0
SALL4,SLCO3A1,0
RYBP,KHDC3,0
CTCF,CTSZ,0
SALL4,BMI1,0
NACC1,TXNIP,0
NR0B1,GTF3C1,0
MAFK,P3H4,0
EZH2,TXNIP,0
NONO,ALG13,0
ZIC3,CBX7,0
PRDM14,ASH2L,0
HDAC2,HMGXB4,0
TFE3,FOXJ3,0
PHC1,FOXO1,0
TET2,LTBP4,0
SMARCAD1,PURA,0
REST,ZFP276,0
CHD7,MED4,0
RYBP,DNAJC2,0
SALL4,RBFOX2,0
TET2,DDB1,0
YEATS4,NR2F2,0
GLI1,HIST1H2AI,0
SALL1,MORC4,0
GATA4,VIM,0
JUN,CEMIP,0
TRIM28,ELF4,0
EZH2,GLMP,0
ZFP57,PLAT,0
TRIM28,FGF3,0
PARP1,TAF5,0
ARID1A,SNORD32A,0
SMARCAD1,APBB1,0
EED,ZBTB10,0
TBX3,STARD10,0
EED,PTPN14,0
JUN,ZDHHC15,0
GATA4,KRBA1,0
MYCN,L3MBTL2,0
GLI1,APOE,0
GATA4,PIAS3,0
MEN1,KPNA2,0
EHMT2,GRHL1,0
NR4A1,KRBA1,0
MEN1,HDAC3,0
NR4A1,GTF2H4,0
ELL2,SMAD7,0
TGIF1,EGR1,0
ZIC3,PROX1,0
JARID2,APOE,0
NACC1,HIST1H2AI,0
SMARCC1,HSPA5,0
MEN1,ADAMTS9,0
YEATS4,CBX4,0
ELL3,POLR2H,0
JARID2,ZFP42,0
NR0B1,ANXA2,0
MPHOSPH8,TBX3,0
ELL2,SIRT3,0
EP400,TIMP2,0
NR4A1,PER1,0
CBX7,GTF2H3,0
TBX3,TOP2B,0
HDAC3,NXF7,0
CHD7,KDELR3,0
HDAC3,PTPN14,0
SALL4,TUBB6,0
EHMT2,HNF1B,0
CHD7,SPRY2,0
KLF2,GATA4,0
TRIM28,KRT8,0
GLI1,TET2,0
NFYB,JMJD1C,0
GATA4,ARHGAP29,0
SMAD2,ZFP91,0
HDAC1,SSR3,0
DPPA4,CELF3,0
NFYB,HMGA1,0
GLI2,TBPL1,0
CHD7,PML,0
MAFK,HIST1H2BN,0
GATA4,ANKRD6,0
PHC1,EDEM1,0
DPPA4,GTF2H4,0
MPHOSPH8,SOX7,0
TFE3,PCBP2,0
ESRRB,PRSS35,0
KLF2,KDELR3,0
DPPA4,GLMP,0
RYBP,MCM6,0
MPHOSPH8,DDX20,0
TFE3,IGFBP2,0
MPHOSPH8,ESRRB,0
HDAC1,GM10039,0
DPPA2,CNOT3,0
RYBP,SNORD32A,0
TET2,ITGA6,0
JUN,BRCA2,0
CHD7,COBL,0
PARP1,SRSF6,0
RIF1,POLR1C,0
TFE3,HIST1H2AK,0
EP300,MEF2D,0
CNOT3,BCAM,0
DPPA4,NR5A2,0
HDAC3,PEG3,0
JUN,ADAM19,0
JUN,TRH,0
HDAC3,MEN1,0
SUZ12,ZFP91,0
MEN1,NFKB2,0
MTF2,SDC4,0
ESRRB,TRIM24,0
SOX17,ORC2,0
JUN,CNOT3,0
EZH2,IFI30,0
NACC1,RERE,0
TET2,NAA15,0
REST,DAB2,0
HDAC2,MEN1,0
SMAD3,NFATC3,0
TFE3,HIP1,0
OTX2,EBF4,0
SMARCAD1,HOXD13,0
EED,MATR3,0
MYCN,ELF2,0
PARP1,ARNT2,0
RIF1,APOBEC3,0
SMAD3,LAMB2,0
GLI1,SMARCAD1,0
CHD4,TGFB1,0
RNF2,AKR1B8,0
MAPK8,PML,0
HDAC3,SNURF,0
DAXX,FUBP3,0
KLF2,GZF1,0
REST,GLI1,0
MAPK8,ETV4,0
EED,TAF6L,0
CTCF,GM10039,0
SMAD3,SMARCC1,0
SALL1,FGF4,0
HDAC1,STAT4,0
HDAC3,CDC5L,0
CBX7,ING1,0
EP400,HIST1H2AF,0
HDAC3,SLC9A6,0
HEXIM1,GATA6,0
NONO,SRM,0
UTF1,SNORA68,0
NACC1,AMPD2,0
ELL3,SOX4,0
ARID1A,RUNX1,0
EP400,POLR2H,0
HDAC1,BCAT1,0
ZIC3,AIP,0
SOX17,TRIP11,0
REST,ZFP57,0
NR0B1,TCERG1,0
CNOT3,RBBP4,0
EP400,TXNIP,0
EP400,IFITM1,0
MAPK8,ZYX,0
NFYB,ZFHX3,0
TGIF1,HNRNPD,0
GATA4,MGST3,0
CHD7,HMGXB3,0
MAFK,NDRG1,0
CBX8,POLR2E,0
MPHOSPH8,SP1,0
CTCF,IFI30,0
GATA4,SMARCAD1,0
ESRRB,P3H1,0
MPHOSPH8,GDPD5,0
RYBP,TET2,0
EED,ETS1,0
TFE3,L3MBTL2,0
CHD7,TBL1X,0
RIF1,DMRT1,0
MTF2,TDH,0
JUN,BNIP3,0
PRDM14,TOPORS,0
NONO,COTL1,0
ZIC3,FXYD3,0
SALL1,ZFHX3,0
KLF2,OVOL1,0
HEXIM1,IRF4,0
HDAC1,BASP1,0
MPHOSPH8,2410141K09RIK,0
EZH2,APOE,0
EP400,GNPDA1,0
EP400,SSR3,0
ZFP42,PML,0
MYCN,ULK1,0
GLI2,ANXA2,0
CHD4,PRRX2,0
GLI2,NFIC,0
MTF2,FRRS1,0
HDAC1,IFITM2,0
SALL1,P4HB,0
NACC1,SPEN,0
NFYB,HNRNPK,0
HDAC1,CTH,0
HDAC3,PDPN,0
PRDM14,RFX2,0
NANOG,HNF4A,0
MYCN,STAT5B,0
ARID1A,ITPK1,0
SALL1,PMM1,0
RYBP,NFIB,0
ZIC3,SOX15,0
NFYB,MAFK,0
SOX2,SND1,0
TGIF1,YEATS4,0
CHD4,SOX17,0
SALL1,SIN3A,0
TRIM28,BTF3,0
EED,HSF2,0
SMAD2,ZHX3,0
SALL1,SOCS2,0
MYCN,E2F6,0
CNOT3,RBMXL2,0
NR0B1,SOAT1,0
CBX7,HIST1H2BF,0
CNOT3,EP400,0
NACC1,POLR1E,0
EP400,LDHB,0
CBX8,ESPL1,0
ARID1A,JAM2,0
MYCN,HNRNPD,0
REST,KAT2B,0
MEN1,MAN1A2,0
HDAC2,TSG101,0
SMARCAD1,POU4F2,0
NFYB,CALD1,0
NFYA,GLDC,0
GLI1,AATF,0
SALL1,LAMA5,0
RARA,ARNT2,0
SMARCC1,FUBP3,0
KLF2,POLR2I,0
SOX17,BCAM,0
KDM5B,CBX4,0
EED,FOXJ2,0
NFYB,NCOA3,0
CBX7,EIF4A2,0
ELL2,MGST3,0
SIN3A,THBD,0
CNOT3,NAA15,0
CBX7,TET1,0
ELL3,KDM5B,0
RARA,GAS6,0
EHMT2,ETV1,0
EP300,ITPK1,0
YEATS4,SSR3,0
RIF1,SMAD4,0
SALL4,MCM6,0
TFE3,OVOL1,0
MEN1,NR3C1,0
SALL4,ELF4,0
NFYB,BMP6,0
CHD4,OBSL1,0
MTF2,ZFP236,0
GLI1,RAB3IL1,0
TET2,CDKN1A,0
DAXX,SFPQ,0
CHD4,CUBN,0
MTF2,COIL,0
TET1,ZBTB20,0
KLF2,POLR2B,0
NFYB,TNFAIP3,0
TFE3,DCP1A,0
EED,ERF,0
RARA,NFATC2IP,0
ZIC3,KRT42,0
REST,INSIG1,0
NFYB,CREB5,0
NR0B1,2810025M15RIK,0
MYC,CDC42SE2,0
DR1,PRDM14,0
NONO,BMPER,0
NONO,SALL4,0
TBX3,LAMB1,0
GLI2,RUNX3,0
JARID2,PDCD4,0
HCFC1,DPPA2,0
HDAC1,MYD88,0
TBX3,TINAGL1,0
E2F1,FABP3,0
CNOT3,ELL3,0
TRIM28,GATAD2B,0
GLI2,CRABP2,0
MYC,OVOL1,0
PRDM14,BTF3,0
CTCF,POLR2B,0
ARID1A,TSHZ3,0
MPHOSPH8,CITED2,0
SMARCA4,APP,0
NACC1,FOXA2,0
MPHOSPH8,DMRT1,0
NACC1,ZSWIM4,0
OTX2,ORC2,0
ARID1A,TFAP4,0
EZH2,APOBEC3,0
SALL1,HIST1H1A,0
SUZ12,PMM1,0
NFYA,GRIN1,0
MAFK,SELENOW,0
RIF1,PTPN14,0
KLF4,NDRG4,0
NACC1,PLOD1,0
DPPA2,ATP6V0A1,0
PRDM14,RUNX3,0
SMAD3,TRIP11,0
GLI1,EPS8,0
HDAC3,PLOD3,0
HDAC2,CTSZ,0
ESRRB,GNRH1,0
KDM5B,HDAC1,0
SMAD2,E2F6,0
REST,ZFP592,0
PARP1,SMARCA2,0
KLF2,POU4F1,0
NR4A1,RANBP17,0
HDAC2,HMGA2,0
CNOT3,GABBR1,0
NONO,DUSP9,0
YEATS4,TFE3,0
MTF2,IGFBP2,0
EHMT2,PAX1,0
NACC1,HTRA1,0
SMARCAD1,SCMH1,0
SMARCC1,TBPL1,0
CNOT3,HSPG2,0
EED,RAB11A,0
MAFK,PIAS3,0
PRDM14,HCFC1,0
EED,ZFP276,0
NR0B1,CITED1,0
EED,POLR1A,0
BAZ1A,MAZ,0
KDM5B,ZDHHC15,0
PARP1,ILK,0
MAFK,SEMA4C,0
HCFC1,P4HA2,0
DPPA2,LY6G6E,0
DAXX,POLR2J,0
SOX2,APBB1,0
CHD7,SOCS2,0
SALL4,RBMX,0
SMAD2,POLR3F,0
REST,CALD1,0
EED,POU2F1,0
ELL2,RAB11A,0
TET2,HMGB2,0
DPPA4,PROX1,0
PRDM14,HMGB2,0
REST,CSF1,0
SOX17,COL4A2,0
E2F4,ZBTB7A,0
KLF4,SSBP4,0
NR4A1,GTF3C1,0
SALL1,CALR,0
MPHOSPH8,DNAJC10,0
EHMT2,LRPAP1,0
NFYA,SLC7A6,0
GTF3C1,MAML3,0
GLI2,L3MBTL2,0
CHD7,MT1,0
SALL4,RAD54B,0
EZH2,SIRT3,0
SMAD2,CELF3,0
MTF2,ETV5,0
RIF1,HMGXB4,0
SMARCAD1,TOP2B,0
CHD7,IRF3,0
MPHOSPH8,TCF20,0
REST,LMF2,0
HDAC1,TAGLN2,0
PARP1,HEXIM1,0
MAFK,APP,0
HDAC3,PFKP,0
GTF3C1,GSTA4,0
ZIC3,PLOD1,0
REST,KDELR2,0
RARA,HIP1,0
NANOG,GATA6,0
KLF2,NONO,0
SMAD3,ZSWIM4,0
SALL1,DDB2,0
KDM5B,GRHL1,0
PARP1,HEY2,0
JUN,ZFHX3,0
GATA4,TGIF1,0
ARID1A,ARNTL,0
RIF1,UHRF1,0
CHD7,ZFP57,0
PHC1,RCC2,0
SMARCA4,FN1,0
CTCF,SLC7A6,0
ELL2,PLTP,0
MAFK,PRDM14,0
GLI2,NR1H2,0
EED,TMEM144,0
MPHOSPH8,TCOF1,0
SALL4,SURF4,0
SALL4,DPPA2,0
SALL1,SMARCB1,0
EP400,APOBEC3,0
YEATS4,GABPA,0
NONO,SIX5,0
PRDM14,TRIP11,0
MYCN,NOTUM,0
HCFC1,PITX2,0
SMARCA4,SMAD7,0
EP300,EMX2,0
MAFK,ZFP987,0
NFYA,ESRRB,0
YEATS4,GZF1,0
KLF2,LRP2,0
NACC1,FXR2,0
MPHOSPH8,P4HA1,0
PARP1,TMEM144,0
KLF2,NR4A1,0
ZFP57,FST,0
NR0B1,CNOT3,0
ELL2,BARD1,0
YEATS4,ZSCAN10,0
MAFK,RAB3IL1,0
MAFK,UNG,0
SOX17,MLLT1,0
EED,HOPX,0
EP400,MED21,0
RIF1,ZFP42,0
NR0B1,AQP8,0
ZFP42,FOXA2,0
BAZ1A,IRF6,0
JUN,MBD2,0
YEATS4,MME,0
DPPA4,DDB2,0
BTAF1,CALCOCO1,0
TET1,GATA4,0
SOX2,RAB3IL1,0
NR0B1,CTSL,0
GATA4,ZBTB10,0
EHMT2,CAR2,0
TBX3,TNFAIP3,0
RARA,SPP1,0
TFE3,DPPA4,0
ELL2,PBXIP1,0
ZFP42,SEMA4C,0
GLI1,ATM,0
TET2,PREB,0
RYBP,ZFP446,0
CHD4,HTT,0
MTF2,SLC25A5,0
MTF2,SHROOM3,0
CBX8,DCP1A,0
EHMT2,HDAC11,0
SMAD2,NOTUM,0
SOX2,XAB2,0
NRF1,PRRX2,0
CBX7,KPNA2,0
MYCN,NFIC,0
RARA,PLRG1,0
SMARCC1,F3,0
KLF2,INTS12,0
CHD4,EPAS1,0
JUN,ZFP592,0
SMARCA4,FOXQ1,0
UTF1,SNORD32A,0
DPPA2,LGMN,0
TFE3,TFAP4,0
MTF2,NR0B1,0
MAPK8,ANKS1,0
BTAF1,SPARC,0
SMARCAD1,PGA5,0
BAZ1A,GNRH1,0
HDAC3,ELAVL2,0
NACC1,ZC3H7A,0
NR4A1,BTG1,0
CNOT3,L3MBTL2,0
GLI2,PIAS3,0
TBX3,POLR1B,0
CTCF,EMX2,0
GLI2,MYO7A,0
EED,MORF4L2,0
SMARCC1,CUBN,0
KLF2,LAMB1,0
PRDM14,SOX15,0
OTX2,RFX2,0
EHMT2,PTPN14,0
E2F1,MAFK,0
MAPK8,TLE1,0
ESRRB,TEAD4,0
MYCN,TRIM28,0
DAXX,CDC20,0
RIF1,PSIP1,0
YEATS4,JUN,0
ELL3,RNF6,0
ZFP42,E2F1,0
MYCN,DUSP9,0
JUN,ERCC8,0
NACC1,NFE2L1,0
TGIF1,SRSF6,0
HCFC1,POU5F1,0
SOX17,SRRT,0
ARID1A,GZF1,0
ZIC3,RNF6,0
CHD7,ATF3,0
DPPA4,LAMB2,0
CHD4,HIST1H2AF,0
NFYA,KLF2,0
UTF1,PITX1,0
NFYB,TET2,0
SMARCC1,FST,0
MAPK8,NFX1,0
GLI1,CCNG1,0
KLF2,TAX1BP3,0
MYC,CBX4,0
SMARCAD1,CTSA,0
HDAC2,TCOF1,0
REST,SPRY2,0
RIF1,TGIF1,0
JARID2,SMARCC1,0
CBX8,MAPK13,0
JARID2,STAT4,0
CHD4,BEX1,0
REST,CITED1,0
MAPK8,PARP1,0
DAXX,BTG1,0
TBX3,RPL22L1,0
MAPK8,LMO4,0
MYC,YAF2,0
NACC1,TENM4,0
ZFP42,DDIT3,0
ARID1A,RASGRP2,0
RIF1,ZBTB24,0
GATA4,MYMX,0
EHMT2,HES6,0
GLI1,FOXP1,0
REST,ABTB1,0
SMAD3,MAPK8,0
MTF2,IRF4,0
DPPA4,DUSP9,0
ZIC3,ARNTL,0
JUN,AATF,0
PARP1,MYO6,0
NFYA,GJB3,0
MPHOSPH8,FOXD3,0
NONO,NID1,0
SMARCA4,SRGN,0
REST,TDGF1,0
SALL4,HIST1H4K,0
SMARCC1,ANKRD6,0
EP400,GLI1,0
MEN1,DTX1,0
ARID1A,EIF4A2,0
HDAC3,SIRT2,0
TET2,SELENOW,0
HDAC2,SORD,0
PHC1,HES6,0
ZFP42,SPARC,0
DAXX,POLR1A,0
CTCF,CDKN1A,0
NFYA,GTF2H3,0
GLI1,HIST1H2BN,0
RIF1,CSRP2,0
MAPK8,RAB3IL1,0
GLI1,MCM5,0
SALL1,ATF4,0
BTAF1,KLF8,0
KLF2,TOP2A,0
ZFP57,ZFPM1,0
SOX2,GPX3,0
DPPA2,GTF2H3,0
DPPA2,UCHL1,0
SMAD2,BMPER,0
ELL3,SMARCC1,0
SOX17,RFX5,0
CBX8,ARNT2,0
NFYB,ZBTB43,0
CBX8,POLR1B,0
SMAD2,CHD5,0
KDM5B,CALR,0
GLI2,LEFTY1,0
YEATS4,NFE2L2,0
EP400,ID4,0
PRDM14,RCOR2,0
KDM5B,ING3,0
UTF1,HDAC7,0
CHD4,SAT1,0
ESRRB,CREBZF,0
E2F4,PIAS2,0
ZIC3,ASS1,0
CNOT3,BRWD1,0
GLI2,PBX4,0
TET2,CD63,0
ZFP42,GZF1,0
ZFP42,ZBTB3,0
TET2,PHF14,0
CTCF,TSHZ3,0
PHC1,TSPAN9,0
REST,ERCC8,0
NACC1,SND1,0
REST,DIDO1,0
NFYA,POU5F1,0
E2F1,HMGA2,0
CHD4,IFITM1,0
KDM5B,NR1H2,0
TET2,SLC26A10,0
MTF2,PCBD1,0
CBX8,HSBP1,0
SOX17,PHF14,0
OTX2,STAT4,0
EHMT2,ZC3H7A,0
TFE3,ELK4,0
NFYA,LAMB1,0
NR4A1,HNRNPAB,0
TGIF1,TAF1,0
TFE3,BARX1,0
EZH2,NR1H2,0
RYBP,CUX2,0
EED,SAP30,0
SMARCAD1,TAX1BP3,0
PHC1,UBE2C,0
REST,DCXR,0
TFE3,PHB2,0
BAZ1A,SSB,0
JARID2,DDIT3,0
RIF1,FOSL2,0
ELL2,SSR3,0
KLF4,GLMP,0
YEATS4,SIRT1,0
REST,PELP1,0
HCFC1,DPPA4,0
NFYB,HSBP1,0
ZIC3,BTG1,0
MYCN,ANKRD49,0
EED,FABP3,0
SALL1,IGFBP2,0
MAFK,FST,0
PRDM14,PSIP1,0
GLI1,GNPDA1,0
SMARCAD1,ELF4,0
NONO,UPP1,0
SMAD3,BNIP3,0
YEATS4,GLDC,0
NONO,SALL1,0
EHMT2,CMKLR1,0
HCFC1,IGFBP2,0
TET2,UBE2C,0
HDAC2,NACC1,0
EP400,TTF2,0
SMARCAD1,KLF2,0
BAZ1A,MED12,0
OTX2,PGA5,0
YEATS4,POLR1C,0
RYBP,SIRT3,0
JARID2,PBXIP1,0
RIF1,TRIB3,0
NFYA,TEAD1,0
PHC1,STAT4,0
SMARCAD1,XRCC5,0
TGIF1,SMURF1,0
KLF2,ZFP275,0
NFYB,RBL1,0
GLI2,SATB1,0
NR4A1,PLOD3,0
MAFK,CITED1,0
YEATS4,CHD5,0
HEXIM1,FOXH1,0
GLI2,TFRC,0
ELL3,MAZ,0
KDM5B,BIN1,0
SMARCAD1,SPRY2,0
ESRRB,ELF4,0
NONO,LY6G6E,0
YEATS4,HNRNPAB,0
HDAC2,LAMA5,0
E2F4,PDPN,0
RNF2,GTF2H4,0
PARP1,NFIL3,0
CBX8,KLF3,0
HDAC3,CTBP1,0
PHC1,PER1,0
GLI1,KRT8,0
YEATS4,SCMH1,0
NR0B1,NXF7,0
SOX2,PITX1,0
EHMT2,AGAP3,0
MTF2,TMED2,0
BAZ1A,FBLIM1,0
GLI1,BCAT1,0
TET2,UTF1,0
CHD7,POU4F1,0
MAPK8,TCF4,0
DPPA2,NID1,0
E2F1,RARG,0
ELL3,JUND,0
SMAD3,HDAC10,0
PRDM14,ADAM23,0
NR0B1,MAPK11,0
CNOT3,SIRT1,0
GLI2,RERE,0
TBX3,GSTA4,0
EED,INSIG1,0
MAPK8,SHROOM3,0
CHD4,SFPQ,0
NACC1,MDM2,0
NFYA,SLC5A11,0
SMAD3,TOP2A,0
NFYB,ATF5,0
JARID2,ANKS1,0
JUN,NR1D2,0
KLF2,WBP11,0
CBX8,NUP210,0
DAXX,HSP90B1,0
SALL1,PLRG1,0
ZFP42,MXD4,0
CNOT3,TAF5,0
HCFC1,MAPK13,0
PHC1,NCOR1,0
EP300,JAM2,0
JUN,KRBA1,0
TET1,AU018091,0
MAPK8,ELL2,0
ZIC3,ZFP281,0
PRDM14,NR1D1,0
PHC1,RBMX,0
SOX17,RARG,0
GATA4,RBMX,0
ELL3,ODC1,0
DAXX,SELENOW,0
SUZ12,MYO7A,0
HDAC2,CEMIP,0
NANOG,SMAD4,0
PHC1,HIST1H2BN,0
ELL2,BTG2,0
MPHOSPH8,PARVB,0
MEN1,RRM2,0
MYCN,FAM129B,0
HDAC3,CHD4,0
MYCN,ZBTB7A,0
MAPK8,BEND5,0
NFYA,KLF8,0
MEN1,SNAI1,0
RIF1,ATP6V0A1,0
SMAD3,FHL2,0
E2F1,GLI1,0
ZIC3,ITPK1,0
MAFK,PLAGL2,0
CTCF,TCF20,0
MTF2,HSPA5,0
SOX17,PHF2,0
CNOT3,BCAT1,0
NFYA,CEMIP,0
SMARCC1,CALCOCO1,0
MYCN,NFYA,0
MPHOSPH8,NFE2L2,0
SMAD3,SNURF,0
MPHOSPH8,PREB,0
CTCF,GABARAPL2,0
EP400,PML,0
NFYA,GAS6,0
MYC,ZFP987,0
KDM5B,CELF3,0
MAFK,OTX2,0
HDAC3,HIST1H2BK,0
NONO,NR0B1,0
SMAD2,RCC2,0
HCFC1,IRF2,0
SALL1,JMJD1C,0
MAFK,POLR2A,0
GLI2,TOX4,0
HCFC1,PURA,0
RIF1,ULK1,0
SMAD2,ZFP592,0
RIF1,SLC7A3,0
POU5F1,FOSL2,0
DPPA4,RFX2,0
NONO,ALPL,0
NR0B1,HDAC2,0
EHMT2,SALL4,0
BAZ1A,FUS,0
PARP1,MAPK8,0
HDAC2,TINAGL1,0
E2F4,HDGF,0
SMARCC1,SERPINH1,0
DAXX,RASGRP2,0
MTF2,RHOX6,0
HDAC1,VSIR,0
SALL4,ASH1L,0
NR4A1,GNAS,0
ARID1A,OTX2,0
MAPK8,CUX1,0
E2F1,LHX2,0
SOX17,BRCA1,0
E2F1,EOMES,0
HDAC1,CNOT6,0
PRDM14,MSC,0
TFE3,CUX1,0
REST,PCOLCE,0
GLI2,TFAP4,0
TGIF1,GNRH1,0
CHD4,SNORD93,0
SALL1,NPHS1,0
MPHOSPH8,EPAS1,0
NFYB,GABBR1,0
EHMT2,UTF1,0
TET2,MORC4,0
NR4A1,PRDM1,0
JUN,RBL1,0
PARP1,ISYNA1,0
HDAC3,SOX2,0
JUN,MAPK3,0
JUN,TINAGL1,0
MEN1,FOXH1,0
TBX3,E2F6,0
ELL3,SNAI1,0
MPHOSPH8,PLRG1,0
SALL1,RUNX1,0
TET2,ELL2,0
ARID1A,EMX2,0
SMAD3,MRAS,0
TGIF1,EWSR1,0
SOX17,CD63,0
PARP1,ZFP335,0
MYCN,ASH2L,0
SALL1,ESPL1,0
EHMT2,FUBP3,0
CBX8,CEMIP,0
E2F4,TXNIP,0
PHC1,GLIS2,0
BAZ1A,GABARAPL2,0
JARID2,BRD7,0
PRDM14,SMARCA5,0
DPPA4,HSPA5,0
EP400,SLC6A6,0
ZIC3,HIST1H2BB,0
NR4A1,ZFHX3,0
SOX17,MGST3,0
JUN,TEAD3,0
CBX8,GTF2A1L,0
HDAC2,SERPINE2,0
POU5F1,NR1H2,0
ARID1A,TXNDC12,0
CNOT3,EPS8,0
GLI1,CRABP2,0
SMARCAD1,RNF2,0
EHMT2,CALU,0
GTF3C1,IFITM2,0
SMAD3,MGST3,0
TFE3,FOXO1,0
ELL3,HES6,0
NR4A1,TRIM28,0
KLF2,KLF8,0
CHD4,ORC2,0
BAZ1A,BEX1,0
DPPA2,GTF2A1L,0
DAXX,HOPX,0
HDAC1,NFYA,0
KDM5B,PML,0
ELL2,TSG101,0
TFE3,OPLAH,0
HDAC3,POLR2I,0
ELL2,ZBTB3,0
DPPA4,EHMT2,0
MAPK8,DPP4,0
SALL4,TIMELESS,0
DR1,ZC3H7A,0
ZFP57,CBX4,0
SALL4,HIST1H2AF,0
GLI2,SLC7A6,0
TRIM28,LEFTY1,0
CBX8,ELF3,0
SOX17,TRPS1,0
NFYA,CREBZF,0
PHC1,ELL3,0
CHD4,RCOR2,0
SMAD2,PREB,0
ESRRB,ZBTB20,0
MAFK,TFRC,0
REST,HTT,0
CBX8,NR2C1,0
EHMT2,ABHD5,0
MTF2,MYLPF,0
NACC1,BRWD1,0
MTF2,MYH9,0
ELL2,FXR2,0
NFYA,EWSR1,0
DPPA4,CHCHD10,0
NACC1,HEY2,0
DPPA2,SIRT2,0
NR0B1,DKK1,0
SMARCC1,MYH9,0
ELL3,MAML3,0
MYCN,UBTF,0
CBX8,SSB,0
GLI2,PDCD4,0
NR0B1,TSHZ3,0
GLI1,TRIB3,0
MPHOSPH8,CKB,0
RIF1,SUB1,0
ELL2,NCOR1,0
OTX2,DPPA4,0
TGIF1,EHMT2,0
RARA,GDPD5,0
DPPA4,DCXR,0
NR4A1,SATB2,0
RIF1,TSHZ3,0
EED,ZIC3,0
SALL4,POLR2B,0
ARID1A,MEF2D,0
NFYB,CDC5L,0
DPPA4,CTSZ,0
ZFP281,NSD2,0
RYBP,CKB,0
MYCN,AKR1B8,0
NACC1,ZDHHC16,0
MAPK8,ZMYND11,0
TET1,APOE,0
GLI2,WBP11,0
SMARCA4,IFITM3,0
NR0B1,HIST1H3H,0
JUN,SIX1,0
SMARCAD1,SSB,0
PHC1,MRAS,0
SOX17,VIM,0
PRDM14,GTF2H4,0
DPPA2,ELF4,0
CBX8,TGIF1,0
NR0B1,FOXA2,0
EP400,RCN3,0
SMARCA4,AU018091,0
NONO,MAML3,0
PRDM14,ELF2,0
SMAD2,LDLRAP1,0
RIF1,GTF2A1L,0
GLI2,ELP2,0
TET1,ZBTB32,0
RIF1,NONO,0
SOX17,BCAT1,0
SALL1,CREB3,0
PARP1,SCMH1,0
MPHOSPH8,SLC5A11,0
HDAC2,POLR3B,0
CTCF,BACH2,0
YEATS4,RB1,0
TET2,GBX2,0
MEN1,APOE,0
HDAC3,DPP4,0
JUN,UBTF,0
KDM5B,GATA3,0
SOX17,EZH1,0
NFYA,POLR1B,0
SMARCAD1,SOAT1,0
SMAD2,DPPA4,0
GLI1,PCBP2,0
JUN,NRIP1,0
DPPA4,CLDN6,0
EP300,FGFR3,0
ELL2,BRD7,0
SALL4,HDAC11,0
HDAC1,BAZ1A,0
SMARCAD1,CHD5,0
NONO,CDC20,0
SUZ12,SRSF1,0
NFYA,DNAJC2,0
EHMT2,MED12,0
DPPA4,UBQLN2,0
RIF1,IFI30,0
DAXX,PLOD3,0
ZFP42,FGF3,0
DAXX,LTBP4,0
YEATS4,XRCC5,0
NR0B1,ZFPM1,0
BAZ1A,GJB3,0
DAXX,CLDN6,0
SMARCAD1,IRF4,0
ZFP57,TGFB1I1,0
SMAD3,ANKS1,0
PHC1,CEMIP,0
PHC1,GNRH1,0
ZFP42,PDCD4,0
DPPA2,VEGFA,0
MAPK8,CTSD,0
EP300,SMAD3,0
NONO,RBM14,0
CTCF,PFKP,0
PARP1,PIAS1,0
DPPA2,P4HA1,0
ZIC3,LMO4,0
NACC1,PLOD2,0
CHD4,JUND,0
REST,DTX1,0
JUN,TOX4,0
PRDM14,BMI1,0
SOX17,BMI1,0
TET2,OVOL1,0
CHD7,MME,0
SMARCC1,GPX3,0
NONO,DNAJC10,0
CHD7,ATF5,0
MAFK,ANXA2,0
EED,TAF6,0
PRDM14,ESPL1,0
KDM5B,GABPA,0
GATA4,UBP1,0
EHMT2,DKC1,0
NFYA,NDRG1,0
SUZ12,TXNDC12,0
NACC1,PKNOX2,0
CTCF,RBBP4,0
JUN,MEF2A,0
NACC1,2200002D01RIK,0
GLI2,RUVBL1,0
SALL4,COL27A1,0
RIF1,TXNDC12,0
CBX8,DMRT1,0
ZFP57,PGA5,0
SMARCA4,HSF2BP,0
BAZ1A,OTX2,0
NONO,GATA4,0
ZIC3,KHDC3,0
SOX2,SRRT,0
MTF2,ZFP979,0
EHMT2,BCAT1,0
TET1,IL33,0
JARID2,PIAS2,0
CNOT3,NFATC3,0
SMARCAD1,YEATS4,0
YEATS4,TOPORS,0
CBX8,FGF10,0
JUN,POLR1C,0
MTF2,HNRNPD,0
DR1,PLAT,0
EED,UTF1,0
ZIC3,SP8,0
TET2,POLR2B,0
TBX3,NFE2L1,0
YEATS4,UBP1,0
HDAC2,ZEB2,0
SUZ12,SMARCB1,0
MYC,TBX18,0
EHMT2,UHRF1,0
SMARCC1,RBBP7,0
ZFP57,ETV1,0
EED,LEFTY2,0
POU5F1,FHL2,0
CBX7,CBX8,0
EHMT2,LAMA1,0
GATA4,CTCF,0
CHD7,LEFTY2,0
CBX7,PLOD1,0
ESRRB,GLDC,0
EHMT2,NUPR1,0
ZIC3,SLC9A6,0
MYC,PREB,0
SMARCAD1,FST,0
SOX17,MT1,0
NFYB,PML,0
E2F1,THBD,0
MYCN,NFATC2IP,0
TFE3,ZFP236,0
HDAC1,MAGED1,0
SMARCC1,PROX1,0
SALL4,TIMP2,0
GTF3C1,PRDM14,0
E2F4,HS3ST1,0
GLI2,IGFBP2,0
ESRRB,HDLBP,0
RARA,DAZAP2,0
CBX8,ATP6V0A1,0
HDAC1,GZF1,0
EP400,TRIM24,0
CNOT3,TUBB2B,0
BAZ1A,ORC2,0
DAXX,PDCD4,0
MAFK,TUBB2B,0
HCFC1,PARVB,0
JUN,ZFYVE21,0
E2F1,SNORA26,0
SMARCC1,CCNB1,0
NFYB,ITPK1,0
ELL3,PLRG1,0
KLF2,RBBP4,0
NFYA,IFITM1,0
ELL3,BTG1,0
MYC,IRF3,0
BAZ1A,TFEB,0
E2F4,NRIP1,0
SOX17,EHMT2,0
SMARCC1,ZFP148,0
GLI2,AMPD2,0
BAZ1A,POLR3D,0
BAZ1A,GATA4,0
SOX17,TFRC,0
EHMT2,TAF1A,0
GLI1,SRF,0
SOX17,ZBTB32,0
REST,TCEA1,0
BAZ1A,HIST1H1A,0
EED,FGF4,0
MAPK8,MED4,0
DPPA4,GJB3,0
NR4A1,SSR3,0
TGIF1,AKR1B8,0
KLF4,BAZ1A,0
KDM5B,MCM3,0
MYCN,GLI1,0
SMARCA4,HSPH1,0
NONO,ZC3H7A,0
SMARCAD1,ANKS1,0
KLF2,ZEB2,0
MYCN,HSBP1,0
HDAC2,PCBD1,0
CHD7,RUVBL2,0
GLI1,IRF4,0
GATA4,CHD5,0
EZH2,CREBZF,0
MEN1,CLDN6,0
JUN,SOAT1,0
GLI2,SMARCD1,0
HCFC1,ANP32A,0
RIF1,DNMT1,0
DPPA2,KANK3,0
MAPK8,BMI1,0
CBX8,MED12,0
NR0B1,TEAD4,0
TBX3,BNIP3,0
MEN1,E2F2,0
TET2,POLR3B,0
TET2,SAP30,0
SUZ12,SIRT2,0
TFE3,CIC,0
KDM5B,RERE,0
GLI2,ETS1,0
JUN,BARX1,0
NONO,IFITM1,0
ZIC3,TET2,0
ZFP42,HDAC7,0
NFYA,RAD51,0
NFYB,GSTA4,0
BAZ1A,MYBBP1A,0
MAPK8,MXD4,0
CBX7,HSP90B1,0
MEN1,PREB,0
EED,PCOLCE,0
TRIM28,LAMC1,0
TET2,SRSF6,0
SMARCC1,MT2,0
YEATS4,PATJ,0
RIF1,SND1,0
KDM5B,IRF4,0
MYCN,NPAS2,0
SALL4,SNORA26,0
CBX8,LAMB2,0
DAXX,TBPL1,0
TBX3,RBBP7,0
RIF1,PRDM5,0
ZFP42,MAPK13,0
GLI1,CALCOCO1,0
SALL4,PCOLCE,0
HDAC1,NPAS2,0
TBX3,NSD2,0
REST,HIST1H2BB,0
SMARCC1,RUVBL2,0
RIF1,UTF1,0
TET2,TRIP11,0
TFE3,HDAC10,0
MPHOSPH8,HSF2BP,0
NACC1,TOX3,0
BAZ1A,SGK1,0
SMARCC1,SSR3,0
SOX2,SOS2,0
SMARCA4,TCF7,0
PHC1,SPEN,0
EP400,CRAMP1L,0
EZH2,HSF2BP,0
MEN1,GBX2,0
NR0B1,NFX1,0
CNOT3,TCF7L2,0
RIF1,EGR1,0
DPPA2,FUBP3,0
RIF1,TEAD3,0
PARP1,SNURF,0
DPPA4,RRM2,0
SOX17,PLOD2,0
YEATS4,COL4A2,0
PARP1,TEAD4,0
PHC1,SPP1,0
ZFP57,SMARCA2,0
ESRRB,PCBD1,0
RYBP,THRAP3,0
TBX3,GPX3,0
EHMT2,MCM2,0
MEN1,TDH,0
EED,IGFBP2,0
PHC1,CNOT7,0
ARID1A,ERF,0
SMAD2,KEAP1,0
KDM5B,FOXO1,0
TRIM28,HDAC10,0
CBX8,MYH9,0
MEN1,BTG1,0
ARID1A,PHF20,0
EP300,SHKBP1,0
CHD4,RYBP,0
KLF2,PHF14,0
ELL2,KAT2B,0
PARP1,MED31,0
CHD4,GNRH1,0
YEATS4,PRDM1,0
TFE3,TMSB4X,0
NFYB,DPPA4,0
GLI1,SLC25A5,0
RYBP,TOPORS,0
HDAC3,CREB5,0
EED,CNOT3,0
CBX8,MED15,0
CHD7,RFX2,0
ZIC3,UBP1,0
JUN,NR4A1,0
TRIM28,STAT5A,0
SMARCAD1,ZFAND3,0
DPPA4,CRIP2,0
SOX2,SLC26A10,0
ELL3,RUVBL2,0
JUN,PLTP,0
HEXIM1,CBX4,0
CHD4,FOXH1,0
KLF2,DNMT1,0
JARID2,LY6G6E,0
GATA4,NDRG4,0
HDAC2,CNOT3,0
EP400,IRF6,0
HDAC1,ECT2,0
MEN1,NR1D1,0
GLI1,CRAMP1L,0
CNOT3,EZH2,0
JUN,HSPH1,0
EP400,APOE,0
RYBP,COPS2,0
NFYB,BTF3,0
CNOT3,HDAC7,0
ZFP57,AMOT,0
PARP1,ODC1,0
NACC1,PCBD1,0
CHD7,CNOT6L,0
KLF4,ELF4,0
KDM5B,P4HB,0
E2F4,ERF,0
MPHOSPH8,EPS8,0
HDAC3,HDGF,0
CHD7,NFKBIA,0
SUZ12,POLR1A,0
GLI1,LAMB2,0
KDM5B,ZFP979,0
SALL1,SRI,0
HEXIM1,MRAS,0
SMARCAD1,RNF157,0
NR4A1,ING1,0
HDAC3,HMGXB3,0
RIF1,PAX8,0
RIF1,CHST15,0
MAFK,HDAC10,0
GLI2,PGA5,0
KDM5B,RRBP1,0
TFE3,RBPMS2,0
KDM5B,ELAVL2,0
CHD7,NR2F6,0
RIF1,ELF2,0
KDM5B,KRT42,0
ELL2,RBL1,0
ELL2,TAF10,0
RYBP,RNF14,0
YEATS4,NUPR1,0
PARP1,BCLAF1,0
BAZ1A,FOXO3,0
JARID2,RFX5,0
SMARCC1,CITED1,0
PARP1,HDAC7,0
RYBP,TCF7,0
HEXIM1,RCN3,0
EHMT2,TUBB6,0
RIF1,TMSB4X,0
DPPA2,DDB1,0
MTF2,CBX4,0
MYCN,BCAM,0
CBX7,AMPD2,0
TBX3,MEF2A,0
JUN,ATF4,0
CBX7,ULK1,0
ESRRB,CNOT2,0
GLI1,TFAP4,0
NR0B1,SUB1,0
GLI1,PURA,0
EED,XAB2,0
NONO,RBPMS2,0
E2F1,POLR1B,0
CBX7,BTG2,0
TRIM28,CALU,0
MED12,PAX1,0
NR4A1,SMURF1,0
NR0B1,NFIL3,0
MYC,RERE,0
RYBP,MED4,0
MEN1,CTBP2,0
CHD7,NR3C1,0
HDAC2,RAPGEF3,0
HDAC2,ZFP219,0
EHMT2,HIST1H3H,0
RARA,DAXX,0
EED,P4HA1,0
ELL2,MYMX,0
KLF2,TAF10,0
SMARCAD1,PREB,0
HCFC1,BACH2,0
KLF4,TOP2B,0
SALL1,PLOD2,0
NR0B1,CTBP1,0
E2F4,HSPG2,0
PARP1,FOXD3,0
YEATS4,AKR1B8,0
KLF2,STAT4,0
JUN,PDGFRA,0
YEATS4,ZIC3,0
TRIM28,PLAT,0
YEATS4,MAPK3,0
SMARCC1,LAMA5,0
TET2,SRM,0
ELL2,HDAC3,0
SALL1,GLS,0
NR0B1,FHL2,0
NONO,RFX2,0
ELL2,SMARCC1,0
MAPK8,ATF3,0
CTCF,JARID2,0
ZFP42,TET1,0
MPHOSPH8,NFATC2IP,0
TGIF1,YEATS2,0
EZH2,SNORD35B,0
NACC1,EFEMP2,0
JARID2,MLXIP,0
OTX2,SERPINE2,0
MAPK8,NR2F6,0
NFYB,PHLDB2,0
EED,BTG1,0
MTF2,NRF1,0
RYBP,ARNT2,0
DPPA2,ECD,0
YEATS4,LAMA5,0
JUN,ANXA2,0
REST,MEIS1,0
RYBP,LAMB2,0
PARP1,COBL,0
CHD7,PHF12,0
SMAD3,MCM6,0
RIF1,MAPK11,0
CTCF,NFIB,0
ELL2,TXNDC5,0
ZIC3,RELA,0
TGIF1,AKT1,0
MPHOSPH8,TRPS1,0
CHD4,CDC42SE2,0
NFYA,PTPN14,0
TFE3,BCLAF1,0
EHMT2,HDAC1,0
POU5F1,PIAS2,0
EP400,PAX1,0
DAXX,NFATC3,0
TRIM28,GABBR1,0
GATA4,EWSR1,0
JARID2,TNS4,0
MAPK8,COL4A1,0
HDAC1,KRT8,0
GATA4,TBPL1,0
GATA4,SATB1,0
GLI2,PBXIP1,0
DPPA4,2410141K09RIK,0
NONO,MBD2,0
ESRRB,COIL,0
NFYB,PAX1,0
NR0B1,IFI30,0
DPPA2,ILK,0
HDAC2,PURA,0
ELL3,RANBP17,0
CNOT3,CKAP4,0
EP400,SNAPC3,0
MPHOSPH8,NR1D1,0
RYBP,SND1,0
JUN,CCNB1,0
HDAC1,LMO4,0
HDAC3,DDAH2,0
ELL2,ZFP42,0
ZFP42,NPAS2,0
SOX2,DAB2,0
GLI2,HOPX,0
SOX17,PRDM14,0
MAFK,2200002D01RIK,0
TBX3,POLR1C,0
NR4A1,ELF2,0
ZIC3,TEAD4,0
TFE3,FGF3,0
RYBP,IL33,0
CHD7,CIC,0
MAPK8,TBL1X,0
SOX17,ERF,0
NFYA,ZHX3,0
NFYB,GATA4,0
HEXIM1,CEMIP,0
BTAF1,PBXIP1,0
SMARCC1,KANK3,0
HDAC2,TAX1BP3,0
TET2,ETV6,0
ELL3,ATF5,0
CHD7,NFATC3,0
CBX7,SNORA26,0
TET2,TPD52,0
KLF2,JDP2,0
SALL4,PATJ,0
RIF1,ANXA5,0
TET2,NFX1,0
DPPA4,PDPN,0
TET2,ANKRD54,0
EZH2,TMEM144,0
PHC1,APOBEC3,0
YEATS4,FRRS1,0
NFYA,IFITM3,0
NR4A1,ETV6,0
KLF4,HNF1B,0
BAZ1A,STXBP2,0
NONO,ANKRD54,0
HDAC2,ZFP592,0
CBX8,ZDHHC15,0
MAFK,DNAJC10,0
PHC1,BTBD11,0
MYCN,BASP1,0
RIF1,HMGA1B,0
SIN3A,SLC5A11,0
TBX3,HIST1H1A,0
MTF2,ERF,0
CBX8,STAT5B,0
HDAC3,ZFP768,0
JUN,TGFB1I1,0
PARP1,CSF1,0
PRDM14,ESRRB,0
CHD4,ANKS1,0
DPPA4,RBBP7,0
SOX2,SEPT1,0
TBX3,PML,0
NFYA,RNF19A,0
CNOT3,TRIM28,0
ARID1A,PCBP2,0
TFE3,SLC6A8,0
MYC,SEMA4C,0
KLF4,TAF1A,0
JARID2,TXNDC12,0
TET1,VILL,0
HEXIM1,RUNX3,0
SMAD3,KEAP1,0
EHMT2,SOS2,0
ESRRB,FRMD4A,0
ARID1A,LGMN,0
NACC1,PAX1,0
ARID1A,HSPA5,0
HCFC1,WWTR1,0
RYBP,ZBTB32,0
DAXX,MDM2,0
GATA4,NPHS1,0
MYC,SMARCA2,0
ARID1A,MYH9,0
ZFP42,ARHGEF40,0
KDM5B,CTSA,0
TRIM28,TOP2B,0
EHMT2,TAX1BP3,0
MAPK8,SNAI1,0
HDAC3,EBF1,0
NACC1,SRI,0
HDAC1,ZFP275,0
NR0B1,CDC42SE2,0
SALL4,ANKS1,0
EP400,CLCN5,0
SMAD3,PMM1,0
BAZ1A,FOXJ2,0
GATA4,HDAC10,0
TET2,PRRX2,0
GATA4,GPX3,0
DPPA4,CCNB1,0
CBX7,CEBPZ,0
ZFP57,UHRF1,0
DPPA2,POLR1E,0
MAFK,FOXJ3,0
TGIF1,LAMA5,0
ZIC3,CITED1,0
CNOT3,ATF1,0
YEATS4,CTBP1,0
RIF1,MTF2,0
NR4A1,KNTC1,0
POU5F1,HEY2,0
CBX8,SMURF2,0
GATA4,TGFB1I1,0
GLI2,RELA,0
RARA,RASGRP2,0
SMARCAD1,MDM2,0
SMARCAD1,HTRA1,0
NFYB,EGR1,0
TET2,HSF2,0
TRIM28,PLAGL2,0
PARP1,INSIG1,0
TFE3,WDR45,0
OTX2,MYO7A,0
KLF2,HMGA1,0
SMARCAD1,HSF2,0
HDAC3,AIRE,0
ELL2,PAX8,0
NR4A1,FGF4,0
PARP1,PDIA6,0
E2F4,ODC1,0
MAPK8,YEATS4,0
DAXX,GLI1,0
CTCF,BCL3,0
REST,ARID3B,0
PHC1,MPHOSPH8,0
MAPK8,SMARCA4,0
GATA4,TRH,0
E2F1,MEF2C,0
MPHOSPH8,PHF12,0
KDM5B,P3H4,0
SOX17,PIAS2,0
SMARCAD1,ATF7,0
CHD7,KHDRBS1,0
YEATS4,KLF2,0
SMARCAD1,FOXD3,0
HCFC1,FGF10,0
SMAD3,UBE2C,0
GLI1,ETV4,0
DPPA4,L1TD1,0
MYC,SEPT1,0
MYCN,SSBP4,0
NFYB,REST,0
NACC1,ALPL,0
ELL2,ANKS1,0
PARP1,RAPGEF3,0
KLF2,SALL4,0
PARP1,DDAH2,0
SOX2,MCM5,0
SMAD3,CHD5,0
ARID1A,CCNB1,0
CHD7,BTAF1,0
GATA4,LMF2,0
KLF2,ZHX3,0
CBX7,PIAS1,0
DPPA4,HDAC3,0
MAPK8,PLTP,0
JARID2,TRIM32,0
KLF2,ZBTB32,0
ELL2,DPPA2,0
HEXIM1,PITX1,0
DPPA4,FAM234A,0
SALL1,HSPG2,0
NACC1,HIST1H2BF,0
SMAD3,SRSF1,0
DPPA2,TUBA4A,0
NFYA,RRM2,0
SMAD3,PITX2,0
TGIF1,PLTP,0
SMARCC1,RAB3IL1,0
MAPK8,ITGA6,0
ESRRB,PLOD3,0
MAFK,CHD4,0
PARP1,MTF2,0
NR4A1,BTAF1,0
ELL2,GRHL1,0
ESRRB,CHST15,0
NFYA,VILL,0
PARP1,SRSF3,0
NR4A1,TRH,0
SMARCAD1,MYCN,0
MPHOSPH8,ZEB1,0
NFYB,ETS1,0
SOX17,PER1,0
MAPK8,POLR3F,0
TET2,E2F6,0
TGIF1,LEFTY2,0
RIF1,BMPER,0
CBX7,PDIA6,0
NFYA,ZFP768,0
REST,NSD1,0
ESRRB,NFATC2IP,0
SMARCAD1,DDX58,0
NACC1,ADAM19,0
HDAC3,ID4,0
KLF2,SOX4,0
MPHOSPH8,VSIR,0
CHD7,SPEN,0
BAZ1A,ELK1,0
MYC,NR0B1,0
SALL1,HSPH1,0
SMARCAD1,BMP6,0
PARP1,PLAGL2,0
RIF1,ZYX,0
NONO,POU4F2,0
TET2,RNF19A,0
EED,HSPA5,0
GATA4,CUX2,0
TBX3,GM10039,0
NFYA,RBPJ,0
NONO,ELF3,0
EP400,PLAG1,0
HDAC3,MAPK13,0
MYC,CITED1,0
CBX7,PGA5,0
MEN1,GNPDA1,0
RIF1,FRMD4A,0
TFE3,GLDC,0
GATA4,TMED2,0
SUZ12,BTG2,0
DAXX,RBBP7,0
JARID2,NR2F6,0
TFE3,ELF4,0
GLI1,TTF2,0
CBX8,PLAG1,0
SOX17,TBL1X,0
REST,RHOX6,0
CBX7,PIAS2,0
RYBP,FAM234A,0
HCFC1,NFIC,0
RIF1,ATF1,0
ZFP57,RPL22L1,0
NONO,SNAI1,0
GTF3C1,CRABP2,0
EED,ZFP446,0
ZIC3,GNRH1,0
MAFK,CTBP1,0
SMAD3,IFITM1,0
MTF2,CKAP4,0
SMAD3,XBP1,0
GLI1,MSH6,0
CHD4,ANP32A,0
ZIC3,ITGA6,0
JUN,ESRRB,0
SOX17,KHDC3,0
PHC1,NSD1,0
SALL4,GZF1,0
SUZ12,MCM7,0
EP400,PLAT,0
HDAC3,PITX1,0
ZIC3,EDEM1,0
DAXX,TBX18,0
MPHOSPH8,IFITM1,0
KDM5B,FOXJ3,0
OTX2,MLXIPL,0
NONO,RNF14,0
PHC1,KLF15,0
HDAC2,HIVEP2,0
JARID2,CTH,0
TFE3,GLI1,0
SMARCC1,APOBEC3,0
GLI1,HNRNPD,0
ARID1A,SORD,0
HEXIM1,REST,0
TRIM28,CITED1,0
SMAD3,SLC26A10,0
CHD4,RHOX6,0
DPPA2,CTNNB1,0
DAXX,ZC3H7A,0
OTX2,EFEMP2,0
SOX2,CITED1,0
TBX3,ESRRA,0
ARID1A,SRF,0
EP400,WWTR1,0
KLF2,TPD52,0
NFYB,CBX6,0
NR4A1,TGFB1,0
CBX7,SMARCD1,0
KLF2,TMF1,0
ESRRB,TWIST1,0
RYBP,TAF6,0
DAXX,TRIM13,0
DAXX,RCN3,0
E2F1,VILL,0
MTF2,KDM3A,0
ARID1A,ZFP592,0
SOX17,POLR2E,0
REST,ZFP275,0
ELL2,NFATC2IP,0
SOX17,TIMP3,0
CBX7,NEDD4,0
YEATS4,SMAD2,0
MAPK8,GNPDA1,0
JARID2,AGAP3,0
REST,RUVBL1,0
MTF2,WDR45,0
GLI1,RAPGEF3,0
MAFK,BEND5,0
DPPA4,SEPT1,0
KDM5B,SIN3A,0
SALL1,ZFP987,0
PHC1,TBPL1,0
RYBP,HDAC4,0
GLI2,MCM5,0
E2F1,MEIS3,0
MED12,ELL3,0
TET2,RHOX6,0
SALL1,KRT42,0
MAPK8,RBBP4,0
SALL1,TFAP2C,0
HDAC2,UBE2C,0
SMARCA4,SRM,0
EP400,PDCD11,0
NACC1,NR2C1,0
HDAC2,RFX7,0
SUZ12,ATF5,0
DPPA4,TINAGL1,0
PARP1,HMCES,0
MYC,SNORA68,0
ESRRB,LMO4,0
MTF2,HSPG2,0
NFYB,NFX1,0
GLI1,HIST1H2AF,0
RARA,ZBTB3,0
GLI2,ZBTB7A,0
JUN,TRIM25,0
HDAC3,FGF3,0
MEN1,RANBP17,0
NFYB,SOX17,0
GATA4,ELF1,0
CHD4,ALPL,0
KDM5B,UBE2C,0
GLI2,CELF3,0
MAFK,MYC,0
PHC1,MYMX,0
REST,HNRNPAB,0
MAPK8,PATZ1,0
JUN,TBX3,0
HCFC1,GATA3,0
MYC,HSBP1,0
YEATS4,EBF4,0
SOX2,STAT5B,0
E2F4,ELF1,0
CHD4,AMPD2,0
EHMT2,NR2C1,0
KDM5B,FLRT3,0
EHMT2,ING3,0
HCFC1,HS3ST1,0
NFYB,SNORD93,0
ELL3,CALCOCO2,0
MAPK8,TDH,0
CHD7,HSPB1,0
E2F1,JUND,0
SOX17,DTX1,0
EZH2,NXF7,0
DAXX,CMKLR1,0
NR4A1,EED,0
DAXX,LRP2,0
EED,SMARCD1,0
GLI1,SPEN,0
NACC1,ELK4,0
REST,GLUL,0
YEATS4,PLAT,0
ZIC3,FGFR3,0
MTF2,GLIS2,0
SALL1,ARL6IP5,0
RIF1,ZEB2,0
MYC,TNK2,0
RYBP,GATA6,0
ARID1A,HSF2BP,0
TBX3,DAB2,0
SUZ12,MCM5,0
SALL4,KANK3,0
SALL4,GNRH1,0
KDM5B,FXR1,0
RARA,KLF15,0
RYBP,HMGA1,0
HCFC1,RCOR2,0
BAZ1A,POLR2I,0
SALL1,SRSF3,0
NFYA,SUZ12,0
HDAC3,CNOT8,0
HCFC1,SOAT1,0
E2F4,PITX1,0
NR4A1,TOP2B,0
CTCF,TCL1,0
TBX3,HDAC10,0
SALL1,ZFP281,0
TET2,PARVB,0
NR0B1,HSP90AA1,0
CNOT3,TIMP3,0
GLI1,BARX1,0
KDM5B,RAD51,0
TET2,SP8,0
CHD7,SRSF1,0
HDAC2,BARD1,0
MEN1,MYD88,0
JUN,TMED2,0
ELL3,TFAP4,0
TET2,DAXX,0
CBX7,XBP1,0
SMAD2,POLR2E,0
PARP1,STARD10,0
RARA,DTX1,0
NR0B1,PIAS2,0
EHMT2,PDIA6,0
MAPK8,SMARCC2,0
PHC1,EMP2,0
CBX8,NPAS2,0
SMARCC1,HEXIM1,0
TET2,SOX15,0
KDM5B,KDM3A,0
MAPK8,ING3,0
KDM5B,GTF2H3,0
E2F4,BASP1,0
DAXX,ZBTB43,0
ZFP42,TENM4,0
MEN1,HEXIM1,0
GATA4,TDH,0
ELL2,UBTF,0
CBX8,BRPF1,0
MYCN,DNMT3A,0
NANOG,NXF7,0
HDAC3,PDCD11,0
BAZ1A,SMAD2,0
E2F4,SERTAD2,0
MAPK8,APBB1,0
ARID1A,SNORD35B,0
SMAD3,ECT2,0
NR4A1,TUBA4A,0
MAPK8,AMOT,0
SALL1,MIS18BP1,0
ZFP42,AKT1,0
HDAC1,ARID5B,0
CBX8,PTPN14,0
PARP1,ZFP219,0
KDM5B,DMRT1,0
EHMT2,DNMT1,0
KDM5B,FOXJ2,0
KDM5B,ZFP57,0
NACC1,DDX58,0
SMARCC1,PFKP,0
NR0B1,MKX,0
SALL1,DDIT3,0
PARP1,TRIM13,0
CHD4,NR3C1,0
PHC1,ILF2,0
SALL1,POLR2A,0
NFYB,ECD,0
DPPA4,TIMP3,0
ESRRB,DDX5,0
HDAC1,EDEM1,0
SOX17,NR1D2,0
RIF1,AKT1,0
E2F4,SRF,0
KLF2,GTF3C5,0
TET2,SNORD35B,0
CBX7,NR2F6,0
TRIM28,ZFP57,0
ARID1A,NME2,0
EHMT2,EYA1,0
DAXX,MSH6,0
RARA,MYO7A,0
PHC1,FAM234A,0
CNOT3,CTNNB1,0
GLI2,TIMP3,0
KLF2,AKR1B8,0
TBX3,GNAS,0
HDAC3,HES6,0
DAXX,SPP1,0
HEXIM1,CCND1,0
KDM5B,IGFBP2,0
ESRRB,TCF20,0
PHC1,ARL6IP5,0
SALL1,IMPDH1,0
ELL2,SLC6A8,0
EHMT2,EMX2,0
PARP1,MAML1,0
SMARCC1,MBD2,0
NR4A1,TIMP2,0
NACC1,CLCN5,0
RYBP,PRSS35,0
ESRRB,COPS2,0
HDAC2,MBD2,0
MED12,PBXIP1,0
TET2,FST,0
MEN1,SLC6A6,0
MPHOSPH8,PBX4,0
ZIC3,TRIP11,0
ELL2,SLC25A5,0
ELL2,CTSL,0
NONO,NR1D1,0
KLF2,BRCA2,0
REST,CCND1,0
RYBP,ETV4,0
TBX3,ALG13,0
TFE3,USF1,0
ELL3,HNRNPAB,0
NR0B1,NONO,0
CTCF,NR5A2,0
MYCN,SLC6A8,0
EP300,RCOR2,0
MPHOSPH8,ECT2,0
NFYA,SNORD35B,0
PHC1,MGST3,0
PARP1,ZDHHC16,0
JARID2,ZBTB3,0
TET2,RFXAP,0
SMAD2,B2M,0
NFYA,TBL1X,0
DPPA2,GDPD5,0
EED,TBPL1,0
PARP1,NFYA,0
SMAD3,NCOR1,0
DPPA2,HDAC10,0
EED,ESRRA,0
NFYB,IRF6,0
ELL2,SMARCD1,0
HDAC1,GLI1,0
MYCN,FOXJ2,0
BAZ1A,USF1,0
CHD7,BACH2,0
NACC1,ZBTB24,0
SALL1,NR4A1,0
PARP1,SATB1,0
MTF2,ORC2,0
NR4A1,DNAJC2,0
CHD7,MAZ,0
ZIC3,TSG101,0
TBX3,BMPER,0
TGIF1,HOPX,0
NFYA,HMCES,0
PRDM14,CUX2,0
CHD4,UPP1,0
HDAC1,IGFBP2,0
BAZ1A,PELP1,0
SOX2,DNMT1,0
HDAC1,TFE3,0
BAZ1A,TOX3,0
GLI1,ETV1,0
DAXX,BACH2,0
SALL4,UBQLN2,0
E2F1,CLDN6,0
RYBP,NACC1,0
EZH2,CTNNBL1,0
GATA4,MCM5,0
REST,SRI,0
RARA,ESRRA,0
EP400,MEF2D,0
EED,ELP2,0
CHD4,NR1D2,0
NONO,PAPOLA,0
MPHOSPH8,ITPK1,0
MAPK8,GABPA,0
GLI2,AQP8,0
GATA4,IFITM1,0
NFYB,AMPD2,0
MPHOSPH8,STARD8,0
SOX17,COL27A1,0
KLF2,NEDD4,0
CNOT3,CALD1,0
MED12,TIMP3,0
MEN1,STARD8,0
NR0B1,BRD7,0
NONO,ZFP219,0
MAFK,RAI14,0
CTCF,RARG,0
CNOT3,IRF1,0
SOX17,TFAP4,0
YEATS4,ATF7,0
PARP1,DIDO1,0
SOX2,MAFK,0
NFYB,2200002D01RIK,0
SUZ12,TTF2,0
NFYA,SMARCD1,0
UTF1,KRT42,0
NFYB,ELF3,0
HDAC1,FXYD6,0
NR0B1,KLF3,0
MAPK8,GLUL,0
TRIM28,SMAD4,0
EHMT2,FXR1,0
DPPA2,ZFP36L1,0
SMAD2,FOSL2,0
DR1,SNORD32A,0
SMARCC1,COL4A1,0
TRIM28,PDCD11,0
SMAD3,KLF15,0
HCFC1,NUPR1,0
KLF2,KAT6B,0
KLF2,TAF6L,0
SMAD2,HDAC10,0
SMARCC1,COTL1,0
ELL3,TCEA1,0
ZFP57,LY6G6E,0
TET2,TOX4,0
ZFP57,FAM25C,0
TGIF1,SALL4,0
SMAD3,NCOA3,0
BAZ1A,NFATC3,0
EP400,DPPA2,0
SALL1,TOX4,0
MAPK8,ZFP276,0
BAZ1A,TSHZ3,0
CBX7,CELF3,0
EED,AMOTL2,0
ARID1A,MYO7A,0
MYCN,EZH1,0
MYCN,HOPX,0
RYBP,SAP30,0
EHMT2,SOCS2,0
HDAC2,GTF3C1,0
CBX7,HMGA1,0
JUN,HCFC1,0
SALL1,TAF1,0
PHC1,JARID2,0
RYBP,EBF4,0
GLI1,MME,0
EHMT2,AATF,0
SMAD3,RNF19A,0
CHD4,AMOTL2,0
TFE3,TADA3,0
YEATS4,ANP32A,0
NR4A1,PLOD2,0
GLI1,KIT,0
MYCN,CIC,0
E2F1,NPAS2,0
GLI1,HDAC11,0
EP400,PHF14,0
MTF2,TRIP6,0
RARA,GLI1,0
MEN1,DPPA4,0
EED,KLF15,0
HCFC1,HMGA1B,0
MAFK,PCBP2,0
CHD7,FOXO1,0
SMAD2,CALCOCO1,0
EED,RUNX1,0
RIF1,STARD8,0
CBX7,DCP1A,0
JUN,ETV4,0
CNOT3,ASH1L,0
HDAC2,AIP,0
MPHOSPH8,TADA3,0
KDM5B,SMAD7,0
MTF2,MSH6,0
DPPA4,ZFP768,0
EHMT2,VEZF1,0
SMAD3,CNOT6,0
CBX8,IRF6,0
ZFP57,IFI30,0
MAFK,TBPL1,0
NFYA,NOTCH2,0
SALL4,CTBP1,0
BAZ1A,CTSD,0
DR1,ETV1,0
SALL4,ELL3,0
PRDM14,PIAS3,0
CHD7,MORF4L2,0
NFYA,CNOT6,0
CNOT3,ABT1,0
TGIF1,TOP2A,0
TFE3,TRP53,0
ZIC3,PLTP,0
EP400,PIAS2,0
MPHOSPH8,MT1,0
TET2,ATF1,0
NR4A1,FN1,0
CBX8,GM10039,0
NACC1,MYC,0
NONO,LHX2,0
TET1,PRDM14,0
EHMT2,SNORD32A,0
NACC1,PLRG1,0
GLI1,TCF12,0
MEN1,MYBL2,0
MTF2,CHCHD10,0
JUN,RBM14,0
SMAD3,AIRE,0
EED,SSBP4,0
DPPA4,SMARCD1,0
SMAD2,TWIST1,0
TGIF1,CSF1,0
CBX8,SIRT2,0
MAFK,EED,0
SALL4,ELL2,0
GLI2,KDELR3,0
HDAC1,TRH,0
PRDM14,MLLT1,0
REST,FAM25C,0
CHD4,MARC2,0
NACC1,AES,0
GATA4,SNAI1,0
HEXIM1,MEF2D,0
ZIC3,SSR3,0
HCFC1,TCF20,0
E2F4,STAT4,0
JUN,HTRA1,0
CTCF,RERE,0
JARID2,NR1D2,0
RIF1,HIST1H2BN,0
RYBP,CALCOCO2,0
NR0B1,PDIA6,0
ZFP57,CUBN,0
RARA,DPPA2,0
DPPA2,KPNA2,0
PRDM14,MAML1,0
JUN,ZFAND3,0
ELL2,ATF3,0
EED,RNF157,0
CHD4,CTSA,0
CHD4,FUS,0
SMARCAD1,RASGRP2,0
EHMT2,RBMX,0
ZIC3,TUBB6,0
SUZ12,FAM25C,0
DR1,APOBEC3,0
CNOT3,HES1,0
E2F4,FXR1,0
GLI2,ZBTB3,0
BAZ1A,IFITM3,0
SMARCC1,ELK4,0
SOX17,PLTP,0
ARID1A,PER1,0
NFYB,BARD1,0
MAPK8,ABT1,0
GATA4,EZH1,0
RYBP,ZBTB39,0
E2F4,CTNNB1,0
SUZ12,CREBZF,0
GATA4,E2F2,0
JUN,ZHX3,0
OTX2,DPP4,0
GATA4,LGMN,0
MPHOSPH8,HSPG2,0
KLF4,MDM2,0
CTCF,BARX1,0
SOX17,ELK1,0
DPPA2,RFX2,0
SMARCC1,ETS1,0
EED,SIRT2,0
E2F1,2810025M15RIK,0
ESRRB,MAGED1,0
EP400,DTX1,0
REST,SOX17,0
KDM5B,MEN1,0
SALL4,DNAJC10,0
CBX8,HS3ST1,0
MYCN,USF1,0
GLI2,HDAC2,0
MAPK8,CTSA,0
JUN,GDPD5,0
HCFC1,RRM2,0
PHC1,MEIS3,0
HEXIM1,HES1,0
SIN3A,VILL,0
KDM5B,RBM14,0
MAFK,TRIM28,0
SALL1,LDB1,0
NFYB,FGFR3,0
PARP1,SOX7,0
HDAC1,POLR1E,0
MPHOSPH8,SLC7A6,0
RIF1,ERCC3,0
NONO,RCC2,0
TRIM28,HNF4A,0
ELL3,BMP4,0
SALL1,CCND1,0
DPPA2,MYCN,0
JARID2,HES1,0
GLI1,BRCA2,0
NACC1,NDRG1,0
NONO,BMP6,0
MAPK8,NR2F2,0
OTX2,NSD2,0
YEATS4,NCOR1,0
NACC1,NEDD4,0
HDAC3,MT1,0
GLI1,ILK,0
CBX8,P3H4,0
HDAC1,ZFP462,0
CTCF,TOP2A,0
SALL1,FOXJ2,0
RYBP,FOXA2,0
CHD4,KLF9,0
SOX2,ZFP446,0
BTAF1,CLDN6,0
CNOT3,RB1,0
KLF4,HIF1A,0
CBX7,TAF1A,0
HDAC3,POLR2B,0
PRDM14,WWTR1,0
NACC1,RELA,0
GLI2,TMED2,0
SMAD3,ID4,0
SOX17,KRBA1,0
CHD7,SOAT1,0
CHD4,JDP2,0
DAXX,AMOT,0
NFYA,MATR3,0
NR0B1,SELENOW,0
PRDM14,ARNTL,0
GLI1,LAMB1,0
SMAD3,BMP6,0
KDM5B,TEAD1,0
CNOT3,RARG,0
TBX3,APOE,0
NR0B1,ZFHX3,0
MAPK8,ZEB2,0
MAPK8,CHD5,0
EP300,KDELR3,0
SALL4,DKC1,0
SMARCC1,POU4F2,0
YEATS4,RFX2,0
SMARCA4,SSBP4,0
KDM5B,CTSZ,0
EP400,KLF9,0
HDAC2,CENPB,0
CHD7,MITF,0
PARP1,EP400,0
MAFK,RRM2,0
SALL4,FOXJ2,0
DPPA4,ZFP335,0
NR0B1,ISYNA1,0
RNF2,KLF8,0
TGIF1,JUN,0
TFE3,CALCOCO2,0
NFYA,P3H4,0
HDAC3,ZBTB39,0
RIF1,FBLIM1,0
PHC1,CTSD,0
ZIC3,MAPK11,0
HDAC2,HMGA1B,0
KDM5B,LRP2,0
POU5F1,SORD,0
MPHOSPH8,ORC2,0
ESRRB,PTH1R,0
SMAD3,MAGED1,0
BAZ1A,TAF1A,0
E2F1,NFIC,0
RYBP,CNOT2,0
CBX8,SLC7A6,0
RYBP,IGFBP2,0
SMARCAD1,MED31,0
NONO,HIST1H2AI,0
JUN,PBX4,0
TBX3,HSF2BP,0
RARA,ZBTB38,0
TET2,RANBP17,0
MEN1,TRIB3,0
SOX2,RCN3,0
SOX2,MANF,0
HDAC2,ZFP398,0
HDAC1,ELK4,0
BAZ1A,CITED1,0
HDAC1,NUP210,0
SMARCAD1,EBF1,0
TET2,FN1,0
HDAC3,ALPL,0
SALL1,SAT1,0
KDM5B,BCLAF1,0
YEATS4,LRPAP1,0
NONO,EED,0
SALL4,TMSB4X,0
POU5F1,ZMYND11,0
SMAD2,IRF2,0
CBX7,ZMYM2,0
MTF2,SNURF,0
TRIM28,ILF3,0
EHMT2,ID3,0
PARP1,TET1,0
EED,DCP1A,0
TFE3,LRP2,0
GATA4,FBLIM1,0
TBX3,TCERG1,0
NR4A1,RARA,0
TGIF1,ORC2,0
CHD7,BTF3,0
DAXX,ANKRD49,0
SMARCAD1,ALPL,0
GLI1,SIRT3,0
REST,FHL2,0
HDAC3,PDIA6,0
SMARCA4,HIST1H2AC,0
TFE3,LGMN,0
GATA4,TNFAIP3,0
KLF2,ALG13,0
KLF2,BRWD1,0
HDAC2,CRY1,0
TET2,APBB1,0
NFYA,AU018091,0
EED,MYO7A,0
GLI2,PA2G4,0
ZIC3,PLOD3,0
ZFP42,SSBP4,0
E2F1,EZH1,0
HEXIM1,FOXQ1,0
REST,HDAC11,0
PARP1,CBX7,0
SMARCC1,TRIP6,0
MPHOSPH8,ZFP423,0
NONO,CKB,0
NFYB,TIMP2,0
MYCN,PCOLCE,0
HDAC2,SNORD93,0
RARA,NPAS2,0
ZIC3,GLI2,0
BAZ1A,EGR1,0
PARP1,COL4A1,0
RYBP,BCAM,0
SMARCC1,ITGA6,0
CHD7,MPHOSPH8,0
ZFP42,GTF2H4,0
ZIC3,ATF3,0
RYBP,FLRT3,0
MYC,CKAP4,0
ARID1A,ID2,0
GATA4,TOPORS,0
EED,ZFP979,0
NACC1,PARP1,0
PARP1,PAPOLA,0
GLI1,ZDHHC16,0
TGIF1,COL27A1,0
TFE3,RIF1,0
NACC1,BACH2,0
ELL2,ARID5B,0
DAXX,HTT,0
TFE3,PMM1,0
RYBP,NUPR1,0
REST,MLLT1,0
E2F1,STAT5A,0
PRDM14,IGF2,0
SOX17,CREBZF,0
CHD7,HIST1H2BK,0
CHD4,NUPR1,0
SOX2,RBMXL2,0
CBX8,PML,0
CNOT3,BMP6,0
KDM5B,BAZ1A,0
HDAC2,PATZ1,0
TET2,MAGED1,0
DPPA2,MEG3,0
GLI1,TADA3,0
SOX17,BARD1,0
OTX2,COL4A2,0
SMAD2,PLOD3,0
GTF3C1,SNORD93,0
DAXX,STARD8,0
MPHOSPH8,HDAC11,0
NONO,NFATC3,0
CHD7,PAX8,0
TGIF1,NFIL3,0
TGIF1,SATB1,0
DPPA2,GLI2,0
ELL2,NONO,0
NACC1,FOXO1,0
OTX2,PKNOX2,0
MAPK8,NR0B1,0
CHD7,MCM3,0
ELL2,HMGA2,0
TFE3,ETS1,0
MAPK8,LGMN,0
MAPK8,ZFP423,0
CHD7,TCF4,0
RIF1,EP400,0
RIF1,SNAPC3,0
ESRRB,NFXL1,0
RIF1,KNTC1,0
SMARCC1,HIST1H1A,0
EED,ETV5,0
SOX17,TOX4,0
NR0B1,MAGED1,0
TGIF1,PRRX2,0
EED,PHF1,0
SALL4,KLF13,0
KDM5B,NOTCH1,0
SMARCC1,TOP2A,0
CBX8,ELP2,0
ELL2,CTH,0
DAXX,NPHS1,0
BAZ1A,LDB1,0
NONO,CNOT8,0
ZFP42,TRIP6,0
GATA4,GM10039,0
GATA4,ING1,0
KLF2,COPS2,0
CTCF,SNORD35B,0
SALL1,ZBTB20,0
ARID1A,TAF1A,0
EP400,PREB,0
TGIF1,FGFR3,0
YEATS4,ARHGAP29,0
E2F1,SNORD93,0
BAZ1A,P3H4,0
SMARCA4,PLOD3,0
SOX2,POLR2K,0
MAPK8,FOXP1,0
ESRRB,CMKLR1,0
CHD4,TMEM144,0
SMAD3,DAB2,0
MYCN,FOXQ1,0
CHD7,ELF3,0
HDAC1,ZFP335,0
JUN,DNAJC10,0
MAPK8,SLC25A5,0
SMARCC1,EZH1,0
PARP1,ZFP91,0
SOX2,GLI1,0
KDM5B,PIAS3,0
YEATS4,SERTAD2,0
NONO,SMAD3,0
NACC1,SMAD7,0
SALL1,NANOG,0
SMARCC1,ELAVL2,0
NFYA,FHL2,0
TRIM28,CD63,0
NFYB,CSF1,0
MYC,ANXA2,0
TET2,EOMES,0
NACC1,EWSR1,0
TGIF1,HDAC11,0
NONO,HIST1H1D,0
RIF1,P4HA2,0
MAPK8,SPRY4,0
KLF2,RAPGEF3,0
CHD7,JDP2,0
CBX8,MAML3,0
ELL3,RNF19A,0
ELL2,TFRC,0
TGIF1,SNORD93,0
JUN,GLMP,0
NR0B1,SLC16A1,0
EHMT2,GTF3C1,0
TBX3,CNOT6L,0
JARID2,MCM3,0
NONO,ARID1A,0
TGIF1,IRF1,0
EHMT2,TINAGL1,0
E2F4,MEIS3,0
MAPK8,VIM,0
MTF2,TAF9,0
PARP1,PAX6,0
CHD4,YBX1,0
RIF1,TTF2,0
SMARCC1,THBD,0
TGIF1,NPHS1,0
SMARCC1,TRRAP,0
NACC1,TRRAP,0
KLF2,PROX1,0
CBX8,HDLBP,0
NFYB,GTF2I,0
RIF1,PREB,0
KLF4,STAT5A,0
EED,TNK2,0
ESRRB,CNOT6L,0
YEATS4,GLIPR2,0
PHC1,KLF13,0
MEN1,HSP90AA1,0
MPHOSPH8,SIX1,0
ARID1A,MAFK,0
NACC1,EGR1,0
CBX7,KANK2,0
NFYB,IFI30,0
HEXIM1,ERCC3,0
EP400,KLF2,0
DPPA4,COTL1,0
GATA4,H1F0,0
SMARCC1,HSF2BP,0
YEATS4,TAGLN2,0
HDAC3,RNF14,0
BAZ1A,CTSZ,0
MPHOSPH8,MME,0
DAXX,SUZ12,0
MPHOSPH8,TOPORS,0
MAPK8,SLC6A8,0
HDAC1,2810025M15RIK,0
ARID1A,POLR1C,0
HDAC2,RASGRP2,0
KLF4,ERCC3,0
EHMT2,MLXIP,0
E2F4,ZFAND3,0
SALL4,TBX18,0
PARP1,EPHA2,0
TRIM28,BAZ1A,0
EHMT2,YAF2,0
NR4A1,FHL2,0
GATA4,ULK1,0
GLI2,BARX1,0
EED,DDX58,0
JUN,ZEB2,0
ARID1A,MT1,0
ZIC3,CLCN5,0
JUN,ZBTB3,0
KDM5B,NSD1,0
ZFP42,ZFP462,0
MTF2,GNPDA1,0
TET2,ZFYVE21,0
PHC1,ZFP592,0
TBX3,MCM3,0
CBX8,2410141K09RIK,0
MPHOSPH8,ZBTB7A,0
HDAC3,PLOD2,0
HDAC1,FOXP1,0
TFE3,TCEA1,0
JARID2,CIC,0
BAZ1A,CST3,0
NACC1,COL27A1,0
GLI1,COTL1,0
KLF4,ALPL,0
SMARCC1,NRG1,0
ARID1A,TFE3,0
CBX7,CALR,0
JUN,CNOT6L,0
CNOT3,POU5F1,0
EHMT2,YEATS4,0
HDAC1,EBF1,0
ZIC3,HNF4A,0
GATA4,RERE,0
YEATS4,MT1,0
ELL2,NDRG1,0
KLF2,KLF10,0
MYC,GLI2,0
MAPK8,XRCC6,0
TFE3,RNF14,0
TRIM28,AES,0
TET2,MRAS,0
CBX7,CNOT2,0
EP300,STARD10,0
TRIM28,JARID2,0
CNOT3,AKR1B8,0
SMAD2,BEX1,0
KDM5B,SND1,0
YEATS4,KLF8,0
CTCF,PLTP,0
SMARCAD1,UNG,0
GLI2,SLC26A10,0
MPHOSPH8,GRIN1,0
RIF1,ELK1,0
EHMT2,PHF20,0
EHMT2,HS3ST1,0
SOX17,SND1,0
GLI1,RFX2,0
ELL3,TAF1A,0
REST,MEN1,0
JARID2,YEATS4,0
DPPA2,POLR2H,0
KDM5B,SNURF,0
SALL4,BCL3,0
PARP1,MCM5,0
MTF2,KLF4,0
ZIC3,NR3C1,0
EED,CHST15,0
CNOT3,BMI1,0
SMAD2,ZFP423,0
CHD7,TAF10,0
E2F4,SGK1,0
NR4A1,CCNB1,0
HEXIM1,AIRE,0
JARID2,DNAJC10,0
ELL3,2410141K09RIK,0
RARA,UBTF,0
ELL2,GABBR1,0
NRF1,SUB1,0
CTCF,MEIS1,0
KDM5B,FOXH1,0
TFE3,SERPINE2,0
GATA4,WDR45,0
CBX7,HIST1H2AI,0
NFYB,SPEN,0
JARID2,RFX7,0
MEN1,TMEM144,0
MPHOSPH8,FDPS,0
SMAD3,YBX1,0
NR0B1,XRCC6,0
EZH2,GJA1,0
PRDM14,SMURF2,0
MYC,ZBTB7A,0
ELL3,DDX58,0
RYBP,PLOD3,0
KDM5B,FXYD6,0
NFYB,ALG13,0
ZIC3,KDM3A,0
PARP1,BMP4,0
SMARCAD1,NID1,0
JUN,RNF2,0
ZFP281,SRGN,0
JUN,LOXL2,0
SMARCAD1,GTF3C5,0
GATA4,ELL3,0
SALL4,PBXIP1,0
GLI1,L3MBTL2,0
SMARCC1,HMGA2,0
PRDM14,FAM234A,0
GLI1,ETV5,0
CBX8,POU2F1,0
GLI1,SRGN,0
RIF1,ERCC8,0
E2F1,TOP2A,0
CNOT3,D230025D16RIK,0
PHC1,CHD4,0
MAPK8,MCM6,0
ELL3,RPL22L1,0
KDM5B,GLIPR2,0
GATA4,SP1,0
ELL3,IFITM2,0
ARID1A,GTF2H3,0
SOX17,ZFP462,0
GLI2,CTH,0
PHC1,APEX1,0
ELL2,MDM2,0
CBX8,RBM14,0
RIF1,NUP210,0
RYBP,MIS18BP1,0
PARP1,FAM25C,0
NFYA,LDB1,0
NR4A1,MOV10,0
SOX17,SNURF,0
TBX3,PCBD1,0
ZFP42,FBLIM1,0
GATA4,ZFP768,0
DPPA2,SLC5A11,0
ZFP42,HNF4A,0
NR0B1,COL4A1,0
MEN1,HCFC1,0
PARP1,YEATS4,0
EP400,CSF1,0
TFE3,DNMT1,0
EED,ZFP987,0
MTF2,MCM7,0
MAFK,TDGF1,0
MTF2,SALL4,0
DPPA4,GATA6,0
KLF2,RBMX,0
SMARCA4,DUSP9,0
SMAD3,PML,0
PHC1,ZFP987,0
HDAC3,MEF2C,0
TGIF1,ARHGAP29,0
CBX7,ITPK1,0
DAXX,TRH,0
SMARCAD1,EIF4A2,0
SALL1,DDX58,0
SALL4,DDB2,0
NR4A1,HSF2BP,0
MEN1,UBTF,0
NFYA,TFE3,0
TRIM28,SOAT1,0
CTCF,HMGA1,0
SMARCC1,ERF,0
SMARCA4,ANP32A,0
ELL2,OBSL1,0
HDAC2,TEAD3,0
NACC1,EMX2,0
EHMT2,GLIPR2,0
HDAC1,ILF3,0
HEXIM1,LAMB2,0
PARP1,ASXL1,0
RIF1,POLR3D,0
EZH2,DPPA4,0
ZIC3,SSBP4,0
YEATS4,HMGA2,0
MED12,SNORD93,0
MYCN,NFIB,0
HCFC1,ZHX3,0
BAZ1A,HIST1H2BF,0
MAPK8,FRRS1,0
RARA,PLAGL2,0
NONO,ATP13A3,0
MYCN,SGK1,0
NR4A1,D230025D16RIK,0
SMAD3,P4HB,0
MPHOSPH8,SNORD93,0
CNOT3,CREB3L2,0
SMARCA4,FOXP1,0
RIF1,FGF4,0
GATA4,ZFPM1,0
SOX2,HES1,0
PHC1,STARD10,0
NONO,CD63,0
KLF4,GTF2H3,0
RIF1,POLR2J,0
RYBP,AU018091,0
KDM5B,POLR1B,0
REST,ZFP42,0
NONO,MLLT1,0
ARID1A,ZFP768,0
GLI2,EFEMP2,0
GLI1,NSD2,0
PARP1,PODXL,0
TET2,PA2G4,0
MYC,PGA5,0
MTF2,LAMC1,0
KLF2,SRSF3,0
PRDM14,TLE1,0
NONO,CSRP2,0
CBX7,EP400,0
GLI1,NME2,0
GLI2,SOX17,0
SMARCA4,TNS4,0
KLF2,ILK,0
KLF2,NID1,0
UTF1,AMOT,0
MAPK8,CUBN,0
GLI2,ZFP219,0
SALL4,PITX1,0
MPHOSPH8,CUX1,0
YEATS4,H1F0,0
TBX3,RBFOX2,0
DPPA2,POLR2E,0
SALL4,LDLRAP1,0
PHC1,PHF1,0
ZFP42,NSD2,0
GLI1,TCL1,0
JUN,MTF2,0
BAZ1A,KIT,0
YEATS4,RBBP7,0
NR0B1,MAN1A2,0
NACC1,CNOT3,0
REST,HTRA1,0
EED,FN1,0
MAPK8,SMURF1,0
NONO,D230025D16RIK,0
KDM5B,RNF19A,0
CBX8,ITPK1,0
SALL1,UCHL1,0
NR0B1,PATZ1,0
TCF12,PATZ1,0
SMARCC1,TMEM144,0
CHD4,DDAH2,0
NACC1,IGF2,0
GLI1,NFKBIA,0
EHMT2,MIS18BP1,0
TET1,AKR1B8,0
NONO,ATF7,0
TET2,TAF6L,0
KDM5B,MYBBP1A,0
SMARCAD1,KLF4,0
HDAC3,HIST1H1D,0
DAXX,BMP4,0
GLI2,GDPD5,0
ZFP57,ZFP446,0
MYC,KAT6B,0
SUZ12,AU018091,0
MAFK,TULP3,0
MPHOSPH8,GATA6,0
SMAD2,MYD88,0
MAFK,IFITM2,0
GATA4,VEZF1,0
HDAC1,JUN,0
NACC1,ITGA6,0
EP400,POLR2E,0
MAFK,LOXL2,0
GLI2,FOXA2,0
SALL1,HTT,0
MYCN,ERF,0
MTF2,AES,0
SMARCC1,SHROOM3,0
TGIF1,AQP8,0
SMARCAD1,ZBTB3,0
CTCF,BCAM,0
NONO,RYBP,0
HDAC2,PLAG1,0
TFE3,ANXA5,0
HCFC1,PTH1R,0
SMAD2,ITGA6,0
CHD7,ZEB1,0
MAPK8,SFI1,0
CTCF,ETV4,0
GLI1,RBMX,0
NONO,PEG3,0
PRDM14,PATZ1,0
MAFK,NFIL3,0
EZH2,MYBBP1A,0
NFYB,SMAD3,0
SALL1,CUBN,0
UTF1,WDR45,0
TFE3,SNURF,0
SMARCC1,FLRT3,0
JUN,SIN3A,0
MYC,TET1,0
ELL2,NR0B1,0
HDAC3,ZBTB10,0
TGIF1,PDIA6,0
NONO,PA2G4,0
SOX2,PCOLCE,0
SMARCC1,NPHS1,0
ARID1A,NOTCH4,0
ARID1A,YEATS2,0
CBX7,STXBP2,0
HDAC2,TULP3,0
NFYA,MYO7A,0
TBX3,GNRH1,0
NFYA,BCAM,0
REST,POU4F1,0
TFE3,SNORD93,0
SMARCC1,ZBTB43,0
SALL4,RRBP1,0
CBX7,ELK1,0
MTF2,BARD1,0
DAXX,ATF5,0
CBX8,KDM5B,0
TET2,NSD2,0
CBX8,UHRF1,0
DPPA4,UCHL1,0
DAXX,FDPS,0
GLI1,CUX1,0
TET2,TCL1,0
GLI2,CBX8,0
MAFK,GPX3,0
BAZ1A,POLR2B,0
CHD4,HIVEP2,0
TBX3,SSB,0
E2F4,RBBP7,0
ZFP42,SLC6A8,0
MPHOSPH8,CALCOCO1,0
RYBP,CUBN,0
TGIF1,BCAT1,0
ELL2,INTS12,0
E2F4,ZFP462,0
CBX8,TBX3,0
HDAC2,CDKN1A,0
KLF2,POLR3F,0
NR0B1,NFIC,0
EP400,EZH1,0
EP400,SUB1,0
NFYB,HTT,0
GLI1,RBBP7,0
NR4A1,DCP1A,0
JUN,MEF2C,0
ARID1A,EPHA4,0
NFYA,TCF7,0
SMARCC1,ETV3,0
DAXX,ABHD5,0
PRDM14,MED4,0
NR0B1,RFX2,0
DPPA4,NR1D1,0
MYCN,CHCHD10,0
RARA,ANKRD54,0
EZH2,CBX6,0
SOX2,PDCD11,0
KDM5B,NR2C1,0
E2F4,SOX7,0
MAFK,NRG1,0
ELL3,TSG101,0
JUN,PTPN14,0
RIF1,HDAC1,0
TET2,LOXL2,0
ELL2,JARID2,0
KLF2,JUN,0
REST,TBPL1,0
JARID2,ING1,0
TBX3,FOXO3,0
MPHOSPH8,ATF2,0
NRF1,BRD7,0
E2F1,YAF2,0
YEATS4,LMO4,0
MED12,WDR45,0
NFYB,GSR,0
YEATS4,TRIM28,0
MED12,TCL1,0
GLI1,ISYNA1,0
TET2,ID4,0
EP400,CTNNBL1,0
TET2,PCBP2,0
NR0B1,TCF4,0
SMARCAD1,BCAM,0
CNOT3,MDM2,0
MYCN,KDELR3,0
GTF3C1,LEFTY1,0
DPPA2,HIST1H1A,0
SMAD2,FOXP1,0
ELL2,SHROOM3,0
GLI2,NSD2,0
ELL3,LTBP4,0
SMARCC1,RCN3,0
UTF1,SPRY2,0
ESRRB,POLR2I,0
NFYA,SELENOW,0
TFE3,HIST1H1D,0
TET2,CMKLR1,0
NONO,P3H4,0
JARID2,RNF19A,0
RNF2,ARID3B,0
NR4A1,ITGA6,0
GLI2,EPHA2,0
PARP1,MTA3,0
OTX2,HNF1B,0
TFE3,RBFOX2,0
SOX2,LAMA5,0
EP400,STXBP2,0
MTF2,ESPL1,0
SMARCAD1,GDPD5,0
ARID1A,MED4,0
EHMT2,CDKN1A,0
RYBP,JMJD1C,0
CBX8,HES1,0
TBX3,DDX54,0
SOX17,HIST1H2BK,0
NFYB,GLIPR2,0
ZFP42,ARNT2,0
DPPA4,BCLAF1,0
CHD7,OTX2,0
NONO,SHROOM3,0
NR0B1,HIVEP2,0
NFYA,ELF1,0
TET2,SIRT3,0
RIF1,SATB1,0
TGIF1,MYH9,0
JARID2,GSTA4,0
KDM5B,ANKRD49,0
PRDM14,LDB1,0
SALL1,TSG101,0
ZFP57,SNORA26,0
RYBP,NR1D2,0
EHMT2,GSTA4,0
RIF1,PDCD11,0
SUZ12,NOTCH4,0
TGIF1,TTF2,0
DPPA4,DDX5,0
YEATS4,GLMP,0
TET2,NFATC1,0
KDM5B,APP,0
CBX8,NFIL3,0
MPHOSPH8,MAGED1,0
CBX8,NOTUM,0
TCF12,SNORD35B,0
NR0B1,MXD4,0
NR4A1,BCLAF1,0
YEATS4,PITX2,0
JUN,SLC9A6,0
RNF2,KANK3,0
SOX2,MPHOSPH8,0
JARID2,ZFP768,0
PRDM14,TCERG1,0
SMAD3,HIST1H2AK,0
PRDM14,TRP53BP1,0
SMAD2,TNK2,0
NFYB,EYA1,0
SOX2,ZFP275,0
MTF2,TRIP11,0
MPHOSPH8,KLF10,0
HDAC1,ASH1L,0
NFYA,SOAT1,0
SMARCAD1,PLOD3,0
EED,BAZ1A,0
SMAD3,CTSL,0
UTF1,SIX5,0
ZFP281,SRI,0
SOX17,BTAF1,0
NONO,IFI30,0
GLI2,SOX4,0
SMAD2,ZBTB43,0
CNOT3,MORC4,0
SALL1,TFCP2L1,0
CTCF,MCM4,0
ARID1A,KAT6B,0
GLI2,PHF2,0
MTF2,SLC7A6,0
HCFC1,ZBTB3,0
GABBR1,PGA5,0
NACC1,IRF1,0
EP400,GSR,0
TGIF1,MAPK11,0
MEN1,TXNDC12,0
MYC,FXR1,0
YEATS4,NR4A1,0
RARA,PHF12,0
TGIF1,HDAC3,0
GATA4,APOBEC3,0
NFYB,ATP13A3,0
SMAD2,TCF7L2,0
E2F4,NFIA,0
SMARCC1,SNORD32A,0
GLI1,FUS,0
DAXX,ATF7,0
SUZ12,WBP11,0
CHD4,ELL2,0
CBX7,POLR2J,0
MTF2,NFYB,0
GTF3C1,HSF2BP,0
CNOT3,MAPK11,0
MYC,EBF1,0
GTF3C1,FDPS,0
HEXIM1,ATF1,0
SALL1,PDIA6,0
GATA4,TAF6,0
TRIM28,LAMB1,0
NFYB,KDELR2,0
NR4A1,LMO4,0
RYBP,CDC42SE2,0
NR4A1,LEFTY1,0
ZFP42,TRIM25,0
PARP1,ZDHHC15,0
E2F4,MPHOSPH8,0
TFE3,TCF7L2,0
SOX17,TUBA4A,0
CTCF,FHL2,0
EHMT2,PEG3,0
JUN,KAT2B,0
BAZ1A,KAT6B,0
NACC1,GLS,0
PHC1,NACC1,0
SOX17,HNRNPD,0
SMARCAD1,SNURF,0
BAZ1A,GTF2A1L,0
DPPA4,HIST1H2BN,0
E2F4,SDC4,0
RARA,RNF14,0
EHMT2,ZFP57,0
HDAC2,NSD2,0
CBX8,JDP2,0
MAPK8,E2F6,0
ARID1A,SOAT1,0
NACC1,CELF3,0
SALL1,PAPOLA,0
KDM5B,DEK,0
PARP1,POU6F1,0
EED,TRIB3,0
SOX2,ERCC3,0
NR0B1,SERPINH1,0
CBX7,SOAT1,0
HDAC1,CUBN,0
NONO,NOTUM,0
JARID2,IL33,0
REST,IFITM3,0
HCFC1,APOE,0
EHMT2,RBPJ,0
MYCN,MCM7,0
ELL2,KLF8,0
MYCN,CSRP2,0
YEATS4,DDIT3,0
TRIM28,PROX1,0
TBX3,SOAT1,0
SALL1,E2F4,0
ARID1A,TUBA4A,0
EED,ATF2,0
CHD7,ARL6IP5,0
PHC1,POU2F1,0
SMARCAD1,ADAM19,0
CBX7,DNAJC2,0
CHD4,ASNS,0
BAZ1A,TCEA1,0
CBX8,ATF6,0
CBX8,VEZF1,0
EHMT2,TAF6,0
SALL1,B2M,0
DAXX,ZFP36L1,0
EHMT2,TFCP2L1,0
RYBP,HDAC1,0
ELL2,CNOT3,0
MAFK,TCOF1,0
CBX7,MAFK,0
GATA4,BASP1,0
JUN,APP,0
EP400,ID3,0
NONO,AKR1B8,0
TFE3,SSR3,0
JUN,MANF,0
NFYB,ESRRA,0
HDAC2,ZFP335,0
CHD4,TFEB,0
SOX17,YBX1,0
RARA,HIVEP2,0
SALL4,LHX2,0
GATA4,IRF2,0
SALL4,TMEM150A,0
ELL3,OVOL1,0
KLF4,TRIP11,0
TET2,NFYB,0
BAZ1A,ATP6V0A1,0
SALL4,ZEB2,0
TBX3,EPAS1,0
SMAD3,BIN1,0
RYBP,SIRT2,0
HDAC3,CBX4,0
JUN,EP400,0
NFYA,DR1,0
ZIC3,BIN1,0
HDAC2,CTBP1,0
ZFP42,L1TD1,0
MAPK8,NR3C1,0
CNOT3,HMGA1B,0
CTCF,NANOG,0
MAPK8,POLR3D,0
TBX3,ARID1A,0
RARA,NFXL1,0
BAZ1A,HDAC5,0
NR0B1,DKC1,0
NR4A1,GATA3,0
ELL3,CITED2,0
KDM5B,ANKRD6,0
ELL3,JDP2,0
MYCN,SNORD93,0
GLI1,POLR2J,0
RARA,NOTCH1,0
EP300,TOP2A,0
RYBP,DNMT1,0
SALL1,PIAS1,0
NR4A1,DPPA2,0
KLF4,TAF1,0
MAFK,ARID5B,0
EP400,ASH2L,0
KLF2,RCC2,0
SMAD3,AKR1B8,0
REST,JDP2,0
SMAD3,FLRT3,0
KLF4,NFIC,0
EED,PBXIP1,0
CTCF,SIX5,0
SMARCC1,TSPAN9,0
CTCF,DPPA4,0
GLI1,D230025D16RIK,0
MYCN,SLCO3A1,0
CTCF,UNG,0
CHD7,ID2,0
MAPK8,PEG3,0
GLI2,LAMB2,0
JARID2,AKR1B8,0
CNOT3,MYO6,0
SALL4,MAML1,0
ZIC3,GRHL1,0
EED,NFE2L2,0
DAXX,THBD,0
TBX3,CKB,0
NRF1,SNORA26,0
YEATS4,SMARCC2,0
CBX8,TLE1,0
E2F4,CBX4,0
BAZ1A,GM10039,0
DPPA4,POLR3D,0
KDM5B,SLC5A11,0
SMAD3,ARHGAP29,0
MTF2,MED15,0
ELL3,POLR1C,0
EED,MEF2A,0
SMARCA4,KHDC3,0
KDM5B,CBX6,0
MAFK,ANKRD49,0
HDAC1,TRIB3,0
NONO,RFXAP,0
EHMT2,CITED2,0
KDM5B,HIST1H2AI,0
HDAC2,NCOA3,0
TET2,SLC5A11,0
CBX8,MEF2C,0
RYBP,PDCD4,0
JARID2,UTF1,0
GLI1,FOXO3,0
NFYA,NFX1,0
SMAD2,KDELR3,0
KDM5B,PLRG1,0
TGIF1,HTRA1,0
SALL4,RFX7,0
REST,DDIT3,0
CHD7,CKB,0
DPPA4,RUNX1,0
NACC1,BNIP3,0
NR4A1,POLR2J,0
OTX2,FOXP1,0
SMAD3,EPS8,0
KDM5B,PBX4,0
PHC1,SEPT1,0
SALL4,SRI,0
MPHOSPH8,IRF1,0
ESRRB,LAMA5,0
ELL3,FGFR3,0
TET2,NFATC4,0
NONO,CST3,0
YEATS4,IFI30,0
CHD7,KRT8,0
TRIM28,SATB2,0
KLF2,TCF7L2,0
GLI1,WBP11,0
EHMT2,TLE1,0
KDM5B,PROX1,0
JUN,BIN1,0
ARID1A,HDGF,0
TGIF1,PDGFRA,0
SMAD3,CHCHD10,0
SMARCC1,HSPG2,0
EZH2,POU5F1,0
HCFC1,KAT2B,0
GLI1,CST3,0
PARP1,GATA3,0
TBX3,CALR,0
ZFP42,TIMP3,0
NR4A1,XBP1,0
TET2,SFPQ,0
CBX7,BEX1,0
SMAD3,VILL,0
SALL1,MARC2,0
NONO,ZFP42,0
EHMT2,ITPK1,0
E2F1,ETV1,0
CNOT3,PEG3,0
KDM5B,SMARCC1,0
TET1,XAB2,0
ELL2,MAML1,0
MYC,CHD7,0
MTF2,TNS4,0
DPPA4,CITED1,0
GATA4,RBBP4,0
TGIF1,GATA6,0
KLF2,HSP90AA1,0
JUN,ZFP296,0
CHD7,SMARCC2,0
KLF2,MAPK13,0
TFE3,CTNNBL1,0
TBX3,IFITM1,0
EHMT2,PITX2,0
SALL1,POLR1A,0
MYC,FHL2,0
MYC,BMP6,0
SMAD3,PLA2G1B,0
GLI2,POLR2A,0
HDAC3,COL4A1,0
SALL4,NFYB,0
GATA4,FLRT3,0
GLI1,CNOT3,0
TET2,PEG3,0
NACC1,RAD51,0
RYBP,ERP29,0
MPHOSPH8,FGF3,0
DPPA4,POLR1B,0
MYCN,NR4A1,0
CHD4,FN1,0
TCF12,SEC24D,0
RYBP,PDGFRA,0
EHMT2,XBP1,0
RIF1,CTSL,0
CBX8,SUB1,0
NONO,ZBTB3,0
ARID1A,KLF13,0
MYCN,FXYD6,0
MYCN,MED15,0
TBX3,LY6G6E,0
MAPK8,NRG1,0
KLF2,EPAS1,0
KDM5B,P4HA1,0
TRIM28,TAF1A,0
ELL3,2810025M15RIK,0
EHMT2,PSIP1,0
HDAC2,RUVBL2,0
MYC,STAT5B,0
ARID1A,ARID5B,0
ELL3,KAT2B,0
DPPA4,COL27A1,0
NFYB,MYD88,0
PARP1,PHF20,0
SMARCA4,NPAS2,0
RIF1,SFPQ,0
KLF2,TAF9,0
GATA4,BTG1,0
BAZ1A,FOXA2,0
NFYB,PDGFRA,0
CNOT3,ERF,0
MAFK,MAML1,0
PRDM14,HIST1H2AK,0
EED,KLF10,0
CBX7,RELA,0
HDAC1,SNORA68,0
PHC1,KEAP1,0
EED,HIVEP2,0
NACC1,RPL22L1,0
DPPA2,NKRF,0
YEATS4,CALCOCO2,0
NFYA,PIAS2,0
SMAD2,SIX5,0
MAFK,PAX8,0
CBX8,MAML1,0
ZIC3,TMEM144,0
NONO,CHCHD10,0
JUN,ID4,0
GLI2,LAMA5,0
CBX8,ELK4,0
MEN1,WDR45,0
HCFC1,FRMD4A,0
HDAC3,RFX2,0
MTF2,SAP30,0
HDAC3,JMJD1C,0
HEXIM1,ALG13,0
EED,ASH1L,0
HDAC3,ZYX,0
NACC1,ID2,0
SMAD3,EFEMP2,0
CHD4,TRIP11,0
PHC1,TFRC,0
TET2,MEG3,0
BAZ1A,CBX8,0
KDM5B,TET2,0
GLI2,P4HB,0
GLI2,TGFB1,0
TFE3,FUS,0
RIF1,DNAJC2,0
ZIC3,MANF,0
E2F4,ISYNA1,0
KDM5B,CDC42SE2,0
EP300,ZC3H7A,0
KLF2,VEGFA,0
NFYB,COPS2,0
NR0B1,CALCOCO2,0
MAFK,SLC25A4,0
RIF1,GLI1,0
DAXX,MKX,0
GATA4,MLLT1,0
DPPA4,NFKB2,0
HCFC1,GDPD5,0
ARID1A,RUVBL2,0
CHD7,IGF2,0
SMAD2,ADAMTS9,0
MPHOSPH8,CLDN6,0
HCFC1,PLA2G1B,0
YEATS4,TNFAIP3,0
RIF1,EPS8,0
CHD4,MORC4,0
KLF2,FOXP1,0
ELL2,HSBP1,0
PRDM14,ZFP462,0
EP400,ANP32A,0
TET2,FGF3,0
CHD7,TRPS1,0
EP400,SOS2,0
HDAC3,BCL3,0
SMARCC1,ELF4,0
KDM5B,RBPJ,0
SUZ12,NR1D2,0
ELL3,DAB2,0
CBX8,ZFP219,0
E2F4,GM10039,0
ARID1A,GATA3,0
CHD7,NFYA,0
NFYB,FHL2,0
JARID2,CTSZ,0
ZIC3,SHKBP1,0
MYCN,APOE,0
JUN,ZBTB20,0
MAPK8,UTF1,0
KLF4,CTSA,0
SALL4,MEG3,0
CBX7,ETV5,0
EED,HIST1H2BB,0
ESRRB,NEDD4,0
EP400,GLIS2,0
GATA4,BIN1,0
EHMT2,PATZ1,0
GLI2,COL4A2,0
KLF4,EPAS1,0
HDAC2,CNOT6L,0
KLF2,CCNG1,0
SMARCAD1,TAGLN2,0
SMARCAD1,NFE2L1,0
SMAD3,NACC1,0
PARP1,MXD4,0
DAXX,COL27A1,0
HCFC1,CCND1,0
CHD4,SOX4,0
EP400,CMKLR1,0
YEATS4,TOX4,0
KLF4,GATAD2B,0
PHC1,RCOR2,0
GLI2,GABARAPL2,0
SALL4,GPX3,0
NFYB,TRIM28,0
DPPA4,DDX58,0
SOX2,NME2,0
SALL1,ELK1,0
NFYA,OPLAH,0
HCFC1,GLI1,0
ELL3,SMAD2,0
ELL2,MYBBP1A,0
MAFK,ZFP148,0
SALL1,PREB,0
EED,MIS18BP1,0
E2F4,SLCO3A1,0
MPHOSPH8,KLF6,0
OTX2,DTX1,0
SALL4,HTT,0
NONO,GLMP,0
TRIM28,LTBP4,0
SOX2,BEX1,0
GATA4,ZFP276,0
CHD4,KLF10,0
TGIF1,MSX2,0
TBX3,ZBTB39,0
MTF2,MORF4L2,0
TGIF1,PHLDB2,0
EHMT2,IRF3,0
SALL1,TADA3,0
KDM5B,MED31,0
SMARCC1,CHD4,0
TET2,SNORA68,0
ELL2,PREB,0
EP300,MEF2C,0
NACC1,RBMX,0
MAFK,CNOT7,0
PARP1,NFKB2,0
SMARCC1,HDAC3,0
CHD4,SLC16A1,0
MAPK8,HOPX,0
SUZ12,CALR,0
GATA4,POLR2A,0
GLI1,NFXL1,0
EZH2,BCAM,0
ARID1A,KLF9,0
JARID2,KLF15,0
HDAC3,ING1,0
SALL1,RRM2,0
ESRRB,SERPINE2,0
GLI2,SOX15,0
ELL2,SNORA68,0
MAPK8,ADAMTS9,0
PHC1,NFATC3,0
MAFK,RBBP4,0
NR0B1,MYBBP1A,0
RYBP,EBF1,0
ZIC3,GLDC,0
MPHOSPH8,DAXX,0
EP400,SNORD35B,0
OTX2,ZBTB20,0
RIF1,HOPX,0
NFYB,SNORD32A,0
DAXX,ABTB1,0
CTCF,MYMX,0
DAXX,SNORD93,0
RARA,DDX58,0
EP400,ASH1L,0
REST,KHDC3,0
TBX3,EDA2R,0
ARID1A,PITX2,0
DPPA4,SMURF1,0
SALL1,POLR2K,0
EP400,KLF4,0
TET2,MSX2,0
TGIF1,SNURF,0
NONO,GZF1,0
ZIC3,SSB,0
MAPK8,CEMIP,0
NFYB,PARVB,0
NACC1,TET2,0
EP400,UHRF1,0
SMAD3,SNORD35B,0
SUZ12,SNORD35B,0
CHD7,NFX1,0
RIF1,E2F2,0
NRF1,SNORD93,0
SOX2,CEMIP,0
MTF2,2200002D01RIK,0
ELL3,LGMN,0
EP400,HSP90AA1,0
TET1,MAGED1,0
DPPA4,ID2,0
PHC1,2200002D01RIK,0
SOX17,SMARCD1,0
REST,ZFP277,0
NR4A1,ZFP36L1,0
BAZ1A,CNOT2,0
MYCN,PTH1R,0
KLF4,POLR2J,0
TFE3,POU6F1,0
JUN,CRABP2,0
SMARCA4,TGIF1,0
SMAD2,ZFPM1,0
DPPA4,ESRRB,0
SMAD2,GLMP,0
CTCF,EYA1,0
MPHOSPH8,PRDM5,0
PHC1,HSPA5,0
CNOT3,HTT,0
REST,ANXA2,0
TBX3,MAML1,0
HDAC2,ZFP36L1,0
SMARCA4,CHD4,0
E2F1,JMJD1C,0
TBX3,HDAC2,0
NFYA,SREBF1,0
CTCF,SP8,0
PHC1,SRSF1,0
SOX17,EP300,0
TFE3,CKB,0
SMARCC1,DDX5,0
HDAC3,SMARCB1,0
KDM5B,ELF3,0
KLF2,RAB11A,0
DPPA4,CSRP2,0
ZFP57,SNORD32A,0
RIF1,RBL1,0
CBX8,DDX58,0
ZFP57,CREB3,0
TET2,RUVBL2,0
RIF1,KLF8,0
PARP1,TNK2,0
DPPA2,MLLT1,0
MAFK,MPHOSPH8,0
MAPK8,P3H1,0
NONO,COL27A1,0
MAPK8,TRIM24,0
ELL3,ZYX,0
SALL4,EPAS1,0
ZFP281,ASH1L,0
PARP1,TBPL1,0
NFYA,KHDRBS1,0
TBX3,SMAD3,0
NACC1,MEIS1,0
ZIC3,SPARC,0
SMAD2,SOAT1,0
BAZ1A,PRRX2,0
TCF12,RFX5,0
HDAC2,SAT1,0
CTCF,FGF10,0
KLF2,GATAD2B,0
HDAC3,GJA1,0
CBX8,TOX3,0
NFYB,MAML3,0
RYBP,SREBF1,0
SMARCC1,TCOF1,0
NFYA,NR3C1,0
JUN,AMOT,0
PHC1,RRM2,0
SOX2,FGF3,0
ZIC3,EZH2,0
OTX2,MYO6,0
EP300,FST,0
SMARCAD1,LMO4,0
EHMT2,MAN1A2,0
SMARCAD1,ANXA2,0
JARID2,TNK2,0
HDAC3,SMAD4,0
TGIF1,IRF4,0
TBX3,SMARCAD1,0
HDAC1,EP300,0
SMARCAD1,POLR2H,0
TGIF1,SRSF3,0
OTX2,HOXD13,0
MAFK,ILK,0
SMAD3,PLRG1,0
NFYA,KRT8,0
SALL4,ERP29,0
NR4A1,SOX15,0
REST,CDC20,0
RIF1,RUVBL2,0
GLI1,POLR2E,0
SALL1,ETV3,0
CNOT3,SPARC,0
RYBP,GTF2A1L,0
HDAC2,EFEMP2,0
E2F4,RNF19A,0
YEATS4,SHKBP1,0
PRDM14,MYMX,0
EP400,CCNG1,0
CNOT3,F3,0
SALL4,CTBP2,0
CNOT3,MYMX,0
NACC1,PLTP,0
ELL2,ATF5,0
SMAD2,ETV4,0
RARA,POU2F1,0
KLF2,ZFP423,0
ELL3,MEF2A,0
SMARCC1,CBX4,0
EED,BCAT1,0
MTF2,UPP1,0
ZIC3,MEF2C,0
CHD7,DCP1A,0
HDAC1,HSBP1,0
EP400,NUPR1,0
NACC1,TNFAIP3,0
MYCN,TCEA1,0
DAXX,SMAD7,0
NONO,PRRX2,0
MYCN,TFE3,0
HDAC1,UBTF,0
MAFK,TAF6L,0
CNOT3,ABTB1,0
TET1,NFATC4,0
ZIC3,SMARCAD1,0
SOX17,AKR1B8,0
GLI2,GBX2,0
KDM5B,LDHB,0
ARID1A,FOXP1,0
CBX8,ZFP148,0
DAXX,SLCO3A1,0
ELL3,TOPORS,0
YEATS4,FUBP3,0
YEATS4,SRGN,0
CHD7,PAX6,0
JARID2,POU2F1,0
DAXX,XRCC6,0
PHC1,PTPN14,0
KLF2,KIT,0
SOX17,ETV1,0
ZFP42,NR2F6,0
RIF1,GRHL1,0
PHC1,CALCOCO2,0
TET2,RUNX3,0
E2F4,RRBP1,0
SMAD3,EDEM1,0
ELL3,GABARAPL2,0
ARID1A,REST,0
HDAC3,PAPOLA,0
DPPA2,FRRS1,0
NFYB,NSD1,0
KLF2,IRF4,0
KLF2,SEPT1,0
DPPA2,ZFP462,0
SALL4,NR2F6,0
GATA4,EBF4,0
NACC1,CREB5,0
NFYA,NSD2,0
SMAD3,ALPL,0
PARP1,NONO,0
HDAC2,EPHA4,0
SOX17,XRCC6,0
EHMT2,SATB1,0
REST,NAA15,0
TFE3,MDM2,0
MAFK,PLAT,0
JUN,GTF2A1L,0
MAFK,VSIR,0
MAFK,SKIL,0
HDAC3,MTA3,0
MYC,ASH1L,0
SALL4,TCF20,0
JARID2,MCM5,0
TET2,GATA4,0
SMARCAD1,TXNDC12,0
NACC1,PEG3,0
MAFK,E2F4,0
MEN1,KLF6,0
KDM5B,ZFHX3,0
CBX7,TCF20,0
SOX17,MRAS,0
SOX17,ETS1,0
E2F4,HDAC2,0
RARA,ADAMTS9,0
HDAC1,NFIL3,0
DAXX,2410141K09RIK,0
DPPA4,MDM2,0
RARA,MYD88,0
DAXX,EZH1,0
TBX3,CLCN5,0
NR4A1,OTX2,0
KLF4,DAB2,0
CTCF,POLR1E,0
SOX17,ANXA5,0
MAPK8,ATP6V0A1,0
ZFP57,TCL1,0
TRIM28,PHF14,0
TET2,LAMA5,0
HDAC1,MEF2C,0
PHC1,MAML1,0
TBX3,DTX1,0
CNOT3,CTNNBL1,0
BAZ1A,ATF4,0
HCFC1,CREB5,0
EP400,SOX15,0
YEATS4,ANKS1,0
SALL4,CREBZF,0
HEXIM1,RCC2,0
HDAC1,VEGFA,0
CHD4,HSF2BP,0
TGIF1,PGA5,0
HDAC2,KLF15,0
NONO,POLR3B,0
HDAC1,FOXH1,0
MTF2,ZMYM2,0
CBX8,KEAP1,0
HDAC2,POLR1E,0
GLI2,PTH1R,0
PARP1,GSTA4,0
HDAC3,IFITM2,0
RARA,NACC1,0
GLI2,SUZ12,0
TRIM28,GJA1,0
NACC1,HMGA1,0
BAZ1A,GLIPR2,0
PARP1,ETV3,0
DPPA4,ZFP36L1,0
SMAD3,NDN,0
SOX17,GJB3,0
MPHOSPH8,CELF3,0
NFYB,IGFBP2,0
RYBP,HSP90B1,0
KLF2,DPP4,0
E2F1,PREB,0
PHC1,ING3,0
PHC1,MDM2,0
SOX2,GLIPR2,0
NFYA,RPL22L1,0
MAPK8,LAPTM5,0
HDAC1,PLOD3,0
CHD7,SIN3A,0
EED,SPOCK1,0
KLF4,CUX1,0
REST,FGF3,0
TBX3,MED4,0
NR0B1,POLR2E,0
EP300,PDPN,0
HEXIM1,CDKN1A,0
RYBP,CKAP4,0
SMARCC1,HNF4A,0
ZFP281,PGA5,0
PARP1,SPARC,0
ELL3,NFATC4,0
TFE3,ZBTB32,0
ZFP42,ARID3B,0
CNOT3,HDAC1,0
SOX17,2410141K09RIK,0
DAXX,ZFP462,0
SALL1,POLR1C,0
PHC1,TCF7,0
PARP1,NEDD4,0
ZIC3,MITF,0
JARID2,NFATC2IP,0
NFYB,PHF20,0
SMARCA4,ETV4,0
JARID2,MAPK8,0
DPPA4,ILK,0
EHMT2,TCEA1,0
TET2,MCM4,0
JUN,MEF2D,0
BAZ1A,HIP1,0
ZIC3,SMARCC1,0
RIF1,STXBP2,0
ESRRB,SMURF2,0
SALL1,TRIM13,0
SALL4,MLXIPL,0
E2F4,P4HA2,0
RYBP,FGF10,0
ELL2,ZYX,0
PARP1,TRPS1,0
SOX17,TRRAP,0
ZIC3,PTH1R,0
HEXIM1,TSHZ3,0
NR0B1,GATA4,0
DAXX,PLAG1,0
PHC1,MLLT1,0
ZFP57,TAF6,0
EHMT2,TFEB,0
ARID1A,GDPD5,0
DAXX,HCFC1,0
GLI2,CMKLR1,0
TET2,PAX1,0
MAFK,MEG3,0
ESRRB,FOXJ2,0
CNOT3,ZSCAN10,0
SMARCAD1,ARID3B,0
DAXX,CRABP2,0
KLF2,ANXA5,0
CHD4,CCNB1,0
SMARCAD1,COBL,0
SMAD3,JARID2,0
TGIF1,ANP32A,0
DPPA4,SREBF1,0
RIF1,HSF2,0
SMAD2,APOBEC3,0
PHC1,ZFP768,0
ZIC3,E2F2,0
POU5F1,BIN1,0
TET2,DMRT1,0
RYBP,BMP4,0
HDAC1,EPHA4,0
REST,TOX4,0
MPHOSPH8,POU4F1,0
HDAC1,MCM4,0
HDAC2,NR0B1,0
KDM5B,NR4A1,0
SMARCAD1,HSPH1,0
EHMT2,DDX54,0
MPHOSPH8,TCEA3,0
MYC,ELL3,0
YEATS4,ODC1,0
CHD7,PRDM14,0
SALL1,CKAP4,0
DPPA4,TSHZ3,0
GATA4,PLA2G1B,0
CBX8,SPOCK1,0
KDM5B,KIT,0
REST,FRRS1,0
KLF2,HIST1H2AI,0
HDAC1,SHKBP1,0
CHD4,KDELR2,0
NACC1,ARID5B,0
MYC,SPEN,0
HDAC3,JUND,0
YEATS4,FAM25C,0
KLF2,POLR2J,0
ELL3,NOTCH1,0
NR0B1,LAMB2,0
RYBP,LMF2,0
MPHOSPH8,GLI1,0
CNOT3,AGAP3,0
RIF1,IGF2,0
RIF1,ZBTB7A,0
CHD7,TIMELESS,0
NACC1,PTH1R,0
NR4A1,ANP32A,0
NONO,STARD10,0
E2F4,TFAP4,0
NACC1,EHMT2,0
HDAC2,RANBP17,0
CBX8,ESRRB,0
EP400,TOPORS,0
ZFP57,AU018091,0
NFYB,TIMP3,0
TRIM28,EWSR1,0
MPHOSPH8,ZFYVE21,0
CHD7,APOBEC3,0
SALL1,GABBR1,0
DPPA4,NME2,0
EHMT2,FGF3,0
YEATS4,CUX1,0
NRF1,AES,0
PRDM14,RANBP17,0
HDAC3,ZFP446,0
CHD7,MKRN1,0
NR0B1,ILF2,0
MYC,MIS18BP1,0
MPHOSPH8,SOAT1,0
BTAF1,TDH,0
TGIF1,UBE2C,0
TET2,NFIL3,0
EP300,ANP32A,0
MPHOSPH8,P4HA2,0
REST,NFATC4,0
GATA4,MAML1,0
SOX17,FXR1,0
SMARCAD1,RCOR2,0
GLI1,CTNNB1,0
EHMT2,UBP1,0
RARA,PSIP1,0
MEN1,RFX7,0
EHMT2,APOBEC3,0
MEN1,SLC5A11,0
BAZ1A,TBL1X,0
MAFK,MCM7,0
RARA,MT1,0
TFE3,GATA4,0
SOX2,GRIN1,0
MTF2,ZSCAN10,0
GLI2,KLF4,0
ELL2,MLXIP,0
DAXX,PMS1,0
TFE3,BRCA1,0
ZIC3,LMF2,0
RNF2,SPARC,0
ZIC3,NFIL3,0
SOX17,RASGRP2,0
PRDM14,NACC1,0
TET2,OPLAH,0
RYBP,MYLPF,0
CHD7,PRSS35,0
PARP1,SIX1,0
CBX8,UBQLN2,0
ELL2,ESRRB,0
EHMT2,SRF,0
JARID2,HDAC5,0
SALL1,SPP1,0
PRDM14,TAF1A,0
EED,KPNA2,0
MAFK,BTG2,0
KDM5B,SEC24D,0
PARP1,DDX5,0
CHD7,TBX18,0
EED,ZSCAN10,0
BAZ1A,TEAD1,0
ELL3,TADA3,0
DPPA2,MED4,0
KLF2,KEAP1,0
TBX3,MGST3,0
CBX7,KAT6B,0
PHC1,NOTCH4,0
MAFK,PDPN,0
ESRRB,P4HA2,0
HDAC3,NFE2L2,0
CNOT3,PA2G4,0
TGIF1,HDAC4,0
RIF1,PARP1,0
RIF1,TMEM150A,0
GTF3C1,MKX,0
SMARCA4,ZFHX3,0
OTX2,OVOL1,0
EHMT2,FUS,0
NFYA,SEPT1,0
CHD7,WBP11,0
SALL4,CTSD,0
DAXX,KANK3,0
GATA4,RNF2,0
MYC,TMEM144,0
CBX8,SP8,0
E2F1,AIRE,0
GLI1,VEZF1,0
JUN,NSD2,0
CBX8,DCXR,0
SALL4,MTA3,0
ELL3,EED,0
DAXX,BCAT1,0
MYCN,MDM2,0
CHD7,VIM,0
RYBP,AGAP3,0
PRDM14,TAF10,0
HCFC1,VEZF1,0
SALL4,DDAH2,0
SALL4,BTF3,0
TET2,SNAI1,0
YEATS4,FDPS,0
KDM5B,SSR3,0
MAPK8,SIRT1,0
MYCN,MYMX,0
NFYB,ZFAND3,0
GLI1,MORF4L2,0
ZFP57,XRCC5,0
GLI1,UBQLN2,0
MTF2,ZBTB38,0
ZIC3,TAX1BP3,0
MTF2,RBPMS2,0
TGIF1,THBD,0
JUN,PCOLCE,0
NFYA,ETS1,0
JUN,RLIM,0
CHD7,SMAD7,0
SOX2,APEX1,0
TET2,NDN,0
MEN1,TFE3,0
MAFK,UBP1,0
HDAC2,P4HA1,0
JUN,ZSWIM4,0
CBX8,CELF3,0
MAFK,THRAP3,0
GLI2,JARID2,0
NONO,IFITM2,0
ARID1A,TENM4,0
MYC,ZBTB3,0
MYC,KDM5B,0
SMARCC1,SCMH1,0
E2F4,SMURF2,0
EED,YEATS4,0
ESRRB,MCM6,0
TRIM28,ZBTB39,0
CBX7,RERE,0
CBX8,ZFP277,0
MEN1,NFIB,0
MAFK,GLIS2,0
NFYB,SRF,0
REST,HIST1H2BF,0
DAXX,HSPA5,0
CNOT3,CHST15,0
SMARCAD1,NSD2,0
CNOT3,POLR2J,0
CHD7,CCNB1,0
ELL2,BRCA1,0
EP400,MSC,0
SMAD3,XRCC5,0
ELL3,GATA3,0
CBX8,TBL1X,0
GLI2,DEK,0
YEATS4,IRF1,0
EHMT2,ITGA6,0
SMAD3,VEZF1,0
NRF1,NPHS1,0
DPPA4,CCND1,0
ZFP42,TAGLN2,0
RYBP,HDAC10,0
DAXX,ATM,0
ELL2,RFX7,0
CNOT3,MAGED1,0
TET2,GJA1,0
RYBP,BCLAF1,0
BAZ1A,NPAS2,0
DPPA2,FGF3,0
SALL4,RAPGEF3,0
SALL1,EDEM1,0
MTF2,RAPGEF3,0
ELL2,DNAJC2,0
CNOT3,SERTAD2,0
SALL1,RBFOX2,0
RARA,TSPAN9,0
MAFK,NR3C1,0
SALL4,THBD,0
SMARCC1,TRIM24,0
SMARCA4,NR2F2,0
RYBP,ERF,0
RYBP,HIF1A,0
HDAC2,CTNNBIP1,0
TGIF1,ELL3,0
MAFK,ASH2L,0
GLI2,ESPL1,0
ELL2,EMP2,0
RYBP,RBL1,0
NFYB,AMOTL2,0
CHD4,LDLRAP1,0
EHMT2,TCF4,0
EHMT2,ERF,0
ELL3,SRRT,0
REST,MTF2,0
HEXIM1,TWIST1,0
DAXX,HMGB2,0
HDAC3,PCOLCE,0
EP300,PEG3,0
PRDM14,GABBR1,0
NRF1,ZFP462,0
CBX7,PREB,0
DAXX,NPAS2,0
NFYA,ARHGEF40,0
ELL2,FXYD3,0
ESRRB,ERCC3,0
SOX2,AQP8,0
TGIF1,ASNS,0
RARA,CELF3,0
ELL3,SEC24D,0
GATA4,UNG,0
MPHOSPH8,HSPH1,0
CBX7,ARL6IP5,0
EHMT2,SLC25A4,0
TBX3,RNF6,0
CHD4,TIMELESS,0
HCFC1,SPRY2,0
ELL2,HDAC1,0
ELL2,TCF7,0
HDAC1,ZFPM1,0
CBX8,CSF1,0
JUN,RBFOX2,0
PARP1,ILF3,0
SALL1,TINAGL1,0
BTAF1,NSD2,0
BAZ1A,ODC1,0
CTCF,NFIA,0
MYCN,ZBTB10,0
MAFK,KDM5B,0
TBX3,CTSD,0
NR4A1,SIRT2,0
CNOT3,APP,0
EP300,CUX1,0
KDM5B,TCF20,0
CHD4,RFX5,0
ZFP42,RUNX3,0
KLF2,IRF6,0
ELL2,CALR,0
SALL4,NFIL3,0
SOX17,HOXD13,0
CHD4,IGF2,0
SMARCC1,HIST1H2BK,0
SMAD3,TNFAIP3,0
KDM5B,RBMXL2,0
MYC,DAB2,0
ELL3,PHLDB2,0
SALL1,CTBP1,0
EP300,CNOT3,0
SOX17,CREB3,0
E2F4,SMARCA2,0
DPPA4,SPARC,0
NFYA,LEFTY2,0
TRIM28,DAB2,0
MYCN,ARHGEF40,0
NR4A1,ILF3,0
JUN,TAF1,0
SALL4,IRF1,0
MAPK8,BRPF1,0
SOX17,TRIM13,0
NR4A1,SELENOW,0
CBX8,TNFAIP3,0
MYC,ELK1,0
NFYA,DTX1,0
ARID1A,DEK,0
ELL2,KDELR3,0
ZFP57,KLF8,0
MAPK8,SMAD3,0
MTF2,ANXA5,0
KDM5B,REST,0
NR4A1,NFKBIA,0
SUZ12,PML,0
HDAC2,COL27A1,0
ZFP42,SLC26A10,0
CBX8,BEND5,0
MEN1,DEK,0
REST,SNORD35B,0
ELL2,MATR3,0
ZIC3,SREBF1,0
GLI2,ADAMTS9,0
HDAC2,FGF4,0
SMARCAD1,JDP2,0
E2F4,MANF,0
EP400,DPPA4,0
TCF12,MORC4,0
E2F4,FRMD4A,0
MTF2,KPNA2,0
MYCN,BEX1,0
SMAD3,RAD54B,0
MYCN,2200002D01RIK,0
MPHOSPH8,RCC2,0
JUN,LY6G6E,0
TET2,PLRG1,0
CTCF,FGF3,0
TBX3,CUX1,0
NACC1,GDPD5,0
GLI2,ZYX,0
CHD7,NR1D1,0
MPHOSPH8,PAX8,0
CNOT3,ZIC3,0
NR4A1,ZBTB3,0
TET2,SRGN,0
SMARCC1,RUVBL1,0
HDAC2,ILF2,0
GLI1,RANBP17,0
SOX17,TCL1,0
NR4A1,GLUL,0
RIF1,E2F4,0
CHD7,TRIB3,0
KLF2,CTCF,0
GLI1,ING1,0
NANOG,CRABP2,0
EZH2,DKC1,0
NONO,TRPS1,0
CTCF,TRIP6,0
GLI2,TAGLN2,0
ZIC3,ZFP987,0
RIF1,HSP90AA1,0
MYC,BTG1,0
TGIF1,FRRS1,0
JUN,PROX1,0
RIF1,SLC9A6,0
GATA4,PSIP1,0
MYC,ZFP275,0
HDAC2,FOXO1,0
NR0B1,HMGXB3,0
MTF2,TGFB1,0
CHD4,PIAS3,0
MAPK8,ZFP91,0
EZH2,SNORA26,0
OTX2,TAF1,0
ESRRB,HIST1H1D,0
NONO,NFIL3,0
SMAD3,HMGB2,0
PHC1,GTF3C5,0
CBX8,HIST1H2AK,0
HDAC3,TCF20,0
MAPK8,CRAMP1L,0
CNOT3,SP1,0
KDM5B,PEG3,0
DAXX,P4HA2,0
CHD4,CLCN5,0
EZH2,IL33,0
ARID1A,ISYNA1,0
ZIC3,CCNB1,0
KLF2,ZBTB10,0
MAPK8,CLCN5,0
TBX3,CCNG1,0
MAPK8,IFITM3,0
SMAD2,RNF157,0
CNOT3,NPHS1,0
PARP1,KAT2B,0
NFYB,SLC25A4,0
E2F4,FOXO1,0
KDM5B,FHL2,0
CHD4,ATP13A3,0
PRDM14,PREB,0
ELL2,SMARCA4,0
TRIM28,RB1,0
HEXIM1,TBX18,0
E2F1,TTF2,0
GLI1,RIF1,0
CBX8,SMARCAD1,0
JUN,WWTR1,0
MEN1,GLIPR2,0
KLF2,THBD,0
TFE3,KLF3,0
EHMT2,KLF9,0
PARP1,SOX17,0
EZH2,GTF2H4,0
KLF2,KLF15,0
TET2,ZEB2,0
MYCN,OVOL1,0
REST,SOX2,0
EP400,ZFPM1,0
ELL2,CKB,0
SMAD2,CTNNBIP1,0
TGIF1,GATA3,0
NFYB,OPLAH,0
EED,ARNT2,0
TRIM28,NSD1,0
BAZ1A,JUN,0
CTCF,BIN1,0
TET2,NPAS2,0
MYCN,SPRY4,0
REST,JMJD1C,0
SMARCAD1,DPP4,0
TFE3,CALCOCO1,0
ELL2,CST3,0
MAFK,PSIP1,0
MAFK,PRDM5,0
MAPK8,ZIC3,0
CBX8,TIMP3,0
KLF2,TGFB1I1,0
CBX7,SLC16A1,0
DPPA4,HSF2BP,0
TFE3,RCOR2,0
CHD7,ANKS1,0
MPHOSPH8,DNMT3A,0
TET2,PDPN,0
E2F4,CREB3L2,0
CNOT3,JMJD1C,0
HEXIM1,ANKS1,0
MED12,THBD,0
EZH2,TRIP6,0
CHD7,TCF7,0
ELL3,KHDC3,0
PARP1,ZSCAN10,0
MPHOSPH8,TOP2B,0
SOX2,TRRAP,0
CTCF,NFE2L1,0
SMARCC1,DPPA2,0
BAZ1A,DDX54,0
OTX2,PATJ,0
MAPK8,IGFBP2,0
SMARCC1,BCL3,0
KDM5B,L1TD1,0
ZIC3,GABPA,0
REST,HNF1B,0
EHMT2,HSPB1,0
RIF1,NAA15,0
SOX2,MBD2,0
ARID1A,EPAS1,0
ARID1A,SIX1,0
MED12,HDAC3,0
CBX8,UPP1,0
EP300,TIMP3,0
SMARCAD1,AIRE,0
HCFC1,RYBP,0
GLI2,SUB1,0
MTF2,NFATC2IP,0
E2F4,TCL1,0
GLI1,TCF4,0
TGIF1,VILL,0
GLI2,MTF2,0
MAFK,CTBP2,0
CHD4,NSD2,0
RIF1,MYMX,0
HDAC1,EMX2,0
EED,ETV6,0
JARID2,NFE2L2,0
ARID1A,KDELR2,0
SMAD3,ZYX,0
RYBP,ARNTL,0
HDAC2,SPARC,0
SOX17,NFYB,0
SMARCC1,BRCA2,0
HDAC2,CLCN5,0
MAPK8,TRIM28,0
HDAC3,LTBP4,0
JUN,CST3,0
RIF1,XRCC5,0
MYC,HIST1H2BF,0
DPPA2,NOTCH4,0
ARID1A,TEAD4,0
MPHOSPH8,ZEB2,0
UTF1,ZFP236,0
POU5F1,NFIL3,0
NONO,ELF4,0
TFE3,DNAJC2,0
MYC,CNOT7,0
SMAD3,ZFYVE21,0
HDAC2,RBMX,0
SMARCC1,RYBP,0
PARP1,AES,0
CHD4,CLDN6,0
DAXX,TDGF1,0
DPPA4,RCC2,0
NFYA,MAGED1,0
CBX8,SURF4,0
NACC1,MSX2,0
GLI2,BMP6,0
CHD7,TEAD4,0
RYBP,GJA1,0
SOX17,SRM,0
BAZ1A,FDPS,0
MAPK8,CBX8,0
GLI1,NOTUM,0
HDAC2,MEIS1,0
REST,MCM5,0
KDM5B,MCM6,0
EZH2,LY6G6E,0
DPPA4,ZFP446,0
PHC1,SALL4,0
ARID1A,TAF1,0
MEN1,STAT5A,0
RIF1,ABT1,0
TGIF1,POLR1A,0
ZFP42,ZFYVE21,0
NACC1,TFE3,0
CHD7,MYCN,0
DAXX,ID4,0
MTF2,YEATS2,0
RYBP,SPRY4,0
TGIF1,NR5A2,0
PHC1,ARNTL,0
TBX3,TEAD1,0
SMARCAD1,GNAS,0
EED,MYLPF,0
OTX2,TOP2A,0
RYBP,ZFP36L1,0
CBX8,IL33,0
OTX2,FAM234A,0
DPPA2,E2F4,0
GLI1,CHD5,0
SUZ12,NFYB,0
CBX8,PHF2,0
CTCF,NR2F2,0
HDAC2,RELA,0
KLF2,KLF6,0
CHD7,LAMC1,0
CNOT3,IRF6,0
KLF4,POLR2K,0
MPHOSPH8,RBPJ,0
MEN1,MYMX,0
DPPA4,CKB,0
ELL3,GNAS,0
EED,LDHB,0
KLF2,SGK1,0
E2F4,EPAS1,0
SOX17,HSPH1,0
SALL4,JDP2,0
MYC,RCN3,0
JUN,HDGF,0
KLF2,EP300,0
NACC1,DTX1,0
EED,TAX1BP3,0
MTF2,MPHOSPH8,0
GLI1,THRAP3,0
EED,SNORD32A,0
CHD4,POLR2J,0
MAFK,TFAP4,0
REST,CENPB,0
EZH2,SFPQ,0
CBX8,DPPA2,0
PHC1,PDCD11,0
MTF2,MAPK11,0
SALL1,SLC9A6,0
SMAD2,CHD4,0
MYCN,EGR1,0
NR4A1,CAR2,0
ZFP42,FOXQ1,0
SOX17,MYC,0
TFE3,NKRF,0
EED,STARD8,0
ARID1A,HMGXB3,0
PARP1,SALL1,0
TBX3,SIN3A,0
TGIF1,ATF3,0
HCFC1,ANKS1,0
SMAD3,RBFOX2,0
NFYA,HNF1B,0
MYCN,ZDHHC15,0
HCFC1,NR5A2,0
NACC1,SNORD35B,0
TBX3,MEF2C,0
E2F4,SPOCK1,0
BAZ1A,BNIP3,0
DPPA4,GDPD5,0
DAXX,TOX3,0
JUN,MAGED1,0
SIN3A,SNORA26,0
KDM5B,PFKP,0
YEATS4,KDELR2,0
CHD7,CALCOCO1,0
KLF2,SLC9A6,0
RNF2,PLA2G1B,0
RYBP,BACH2,0
ZIC3,RBL1,0
GLI1,CDC42SE2,0
DPPA2,BNIP3,0
GLI1,FUBP3,0
PRDM14,VSIR,0
KLF2,ZFP446,0
ARID1A,WDR45,0
CHD7,TOX4,0
SMARCAD1,HDAC5,0
EED,SERPINH1,0
NR4A1,IRF1,0
DAXX,TAF5,0
NR4A1,AMOT,0
MAPK8,DIDO1,0
PHC1,PCBP2,0
JUN,YBX1,0
CHD7,TLE1,0
EZH2,ASH2L,0
REST,HIST1H1B,0
HDAC3,SOX4,0
TGIF1,GABPA,0
MTF2,ADAM23,0
SALL1,NRG1,0
MTF2,ZFP276,0
TBX3,SNORA26,0
CBX8,KLF8,0
KDM5B,POLR2B,0
EHMT2,HES1,0
MPHOSPH8,MYC,0
DPPA2,AES,0
RIF1,SEMA4C,0
TRIM28,SERPINE2,0
JUN,IFITM3,0
SMARCAD1,TBX18,0
SMARCA4,KRT8,0
OTX2,CITED1,0
CNOT3,MYBBP1A,0
PRDM14,GABARAPL2,0
BAZ1A,ESRRB,0
TGIF1,BRPF1,0
NR4A1,RELA,0
EED,HIST1H2BN,0
SALL1,ELP2,0
RARA,TEAD3,0
MAFK,SLC6A6,0
SOX17,NDRG1,0
EHMT2,DPPA2,0
PHC1,PML,0
SMARCC1,RCC2,0
NR0B1,SEMA4C,0
HDAC2,TAF9,0
RIF1,NR2F2,0
RIF1,BCL3,0
SALL4,GNPDA1,0
EZH2,SHKBP1,0
KDM5B,EFEMP2,0
TBX3,ATF1,0
CBX7,CUBN,0
E2F1,GZF1,0
DAXX,GTF2I,0
RYBP,EPAS1,0
ZFP42,ZFHX3,0
RARA,IGF2,0
SMARCC1,REST,0
HDAC3,CALR,0
SMARCC1,ECT2,0
YEATS4,E2F1,0
RNF2,SNORD93,0
CHD7,NDN,0
CHD7,TMF1,0
RIF1,PTH1R,0
RIF1,NFE2L1,0
HDAC2,HTT,0
ARID1A,TFEB,0
BAZ1A,PAWR,0
GLI2,NR1D1,0
SMAD3,HSP90B1,0
SMARCC1,EIF4A2,0
DPPA4,SLC6A6,0
EP300,COL4A2,0
CTCF,CBX6,0
MTF2,HMCES,0
SMARCC1,PLRG1,0
TET2,GSTA4,0
TET2,CTNNBL1,0
MPHOSPH8,HDGF,0
TGIF1,KLF2,0
REST,SPEN,0
CHD7,RYBP,0
YEATS4,TEAD4,0
DPPA4,JARID2,0
MAFK,PGA5,0
MYC,EGR1,0
OTX2,IKBKB,0
HDAC3,HIST1H2AF,0
MEN1,BARD1,0
ZFP281,CEMIP,0
KLF2,HIF1A,0
REST,ELL2,0
PRDM14,THBD,0
RARA,CRABP2,0
SMARCA4,HIST1H2BF,0
CBX7,CHD4,0
NFYB,HMCES,0
YEATS4,SNORA68,0
NR4A1,MEF2A,0
RARA,TTF2,0
KLF2,MED12,0
MTF2,KRT42,0
GLI2,GAS6,0
HDAC1,ELF4,0
MEN1,MT2,0
CNOT3,UBP1,0
ARID1A,MTA3,0
CBX8,MKRN1,0
NACC1,ZFP275,0
NACC1,HNF1B,0
TET2,PER1,0
JARID2,ZFP219,0
EP400,2810025M15RIK,0
NONO,SERTAD2,0
EP300,ADAMTS9,0
TET2,APP,0
PARP1,HIST1H2AC,0
GLI1,DDAH2,0
HDAC3,SMARCD1,0
CHD7,ELP2,0
RYBP,HEY2,0
SOX2,ASS1,0
MYCN,TGIF1,0
HDAC3,UCHL1,0
RYBP,RAD51,0
CBX7,MED15,0
SMARCAD1,SMAD2,0
BAZ1A,TTF2,0
SALL1,SIRT2,0
EHMT2,CSRP2,0
CBX8,ZFP462,0
RYBP,TSG101,0
HDAC2,UNG,0
TCF12,ALPL,0
MAPK8,NFKBIA,0
PHC1,TDH,0
SMARCC1,FBLIM1,0
DAXX,CHD5,0
CBX7,TNK2,0
EZH2,LEFTY2,0
KDM5B,MAZ,0
KDM5B,EDA2R,0
E2F1,TIMELESS,0
MPHOSPH8,LAMB1,0
ZIC3,LRPAP1,0
SMAD2,MEF2D,0
TFE3,NFKB2,0
EZH2,SLC6A8,0
MYCN,ATF5,0
MEN1,LMO4,0
KLF4,CNOT3,0
GLI1,HIST1H1D,0
KLF2,SP8,0
CNOT3,YEATS2,0
MEN1,CRIP2,0
TET2,DPP4,0
PARP1,SRGN,0
NR0B1,PHF12,0
CBX8,ARID5B,0
HDAC2,PLAGL2,0
OTX2,UTF1,0
REST,OTX2,0
HDAC3,LOXL2,0
RARA,SRM,0
SALL1,RYBP,0
SALL1,NR2F2,0
MYCN,ECD,0
CBX7,POLR1B,0
TFE3,DAXX,0
TFE3,KPNA2,0
ELL3,TNK2,0
CHD7,TCEA3,0
YEATS4,PLAGL2,0
GATA4,ZFP42,0
PRDM14,GJB3,0
MPHOSPH8,MIS18BP1,0
GLI1,IGFBP2,0
ZIC3,PBXIP1,0
HDAC3,ZFP36L1,0
SALL1,MSC,0
RYBP,TOP2A,0
SUZ12,BTF3,0
TGIF1,ASXL1,0
ELL2,RFX5,0
ELL2,TRRAP,0
HCFC1,SNURF,0
RARA,NR5A2,0
PHC1,MCM6,0
NFYB,RNF2,0
RIF1,SATB2,0
TRIM28,ZIC3,0
MYCN,MPHOSPH8,0
NONO,SMARCC1,0
NFYB,CNOT6L,0
SOX17,RNF6,0
NR0B1,IL33,0
ARID1A,TCEA1,0
NRF1,HKDC1,0
SOX17,GLIS2,0
CBX8,DDX54,0
KDM5B,ESRRB,0
HDAC3,SEMA4C,0
NR0B1,HEY2,0
NONO,XRCC6,0
GLI2,LGMN,0
RNF2,ZC3H7A,0
CNOT3,PCBD1,0
NR0B1,HSF2BP,0
GATA4,GRB10,0
E2F4,HNRNPAB,0
MYCN,ATF6,0
SALL1,PHF12,0
ARID1A,OBSL1,0
REST,HMGXB3,0
PRDM14,GTF2A1L,0
SOX17,NOTCH2,0
E2F4,FGF3,0
SUZ12,SSB,0
EED,FXYD6,0
ZFP42,NDRG4,0
NR0B1,BTG1,0
BAZ1A,GRIN1,0
NR4A1,ZFP592,0
JARID2,CHCHD10,0
ELL2,ZFP423,0
CBX8,TCF12,0
E2F4,ALG13,0
ZIC3,TAF6,0
JUN,CALCOCO2,0
SMARCAD1,BARD1,0
GLI2,PLRG1,0
RIF1,SNURF,0
TRIM28,TINAGL1,0
PARP1,FOXP1,0
HDAC2,ETS1,0
CBX7,PITX1,0
EP400,AKT1,0
PHC1,CTSL,0
RYBP,GRB10,0
PARP1,ATF6,0
JUN,SOX4,0
DAXX,TOX4,0
GLI1,MYCN,0
MEN1,SAT1,0
NR4A1,TDH,0
RARA,BRPF1,0
DPPA2,KLF15,0
MAFK,SIRT3,0
KLF2,DDB2,0
MAPK8,AQP8,0
TBX3,NFATC3,0
GLI1,PLOD3,0
REST,MPHOSPH8,0
TET2,SMAD3,0
ZFP57,RBMX,0
SOX17,2200002D01RIK,0
GLI1,POLR1A,0
GLI2,POLR1B,0
SMARCAD1,SMAD3,0
HDAC1,SLC7A3,0
TGIF1,TEAD3,0
SALL1,TTF2,0
REST,NPAS2,0
SMAD3,HDLBP,0
NFYB,SNORD35B,0
NFYA,MTA3,0
KLF2,PCOLCE,0
HDAC3,MED31,0
GLI1,CALR,0
MAPK8,RBL1,0
RARA,ETV1,0
EED,KDM3A,0
SMARCAD1,ELF1,0
CHD4,PCBD1,0
BAZ1A,TRIP6,0
CNOT3,ILF3,0
RYBP,TCEA3,0
SOX17,KLF10,0
BAZ1A,STAT4,0
SMARCAD1,KDM3A,0
KDM5B,MAGED1,0
REST,BCAM,0
GLI1,RBL1,0
PHC1,CIC,0
EP400,TCEA1,0
TRIM28,VSIR,0
RYBP,SNORD93,0
E2F4,STARD8,0
CBX8,ALG13,0
KDM5B,BMPER,0
CNOT3,TCERG1,0
BAZ1A,TAF9,0
EED,MAPK13,0
DAXX,CUX2,0
ARID1A,LAMB1,0
NR4A1,CEBPZ,0
NACC1,AQP8,0
EED,RAD54B,0
JUN,SLC7A3,0
PRDM14,SRSF3,0
MAPK8,RERE,0
NONO,DTX1,0
YEATS4,COPS2,0
MEN1,HIST1H1A,0
SMARCA4,KLF15,0
SMAD2,BAZ1A,0
GLI1,HDAC7,0
PARP1,HIST1H2BN,0
HDAC1,NRF1,0
NONO,MATR3,0
PRDM14,EFEMP2,0
TGIF1,CREB5,0
SMARCAD1,TNFAIP3,0
HDAC2,ATM,0
CHD4,NFKB2,0
BAZ1A,ALPL,0
SMAD3,ZBTB39,0
EP400,RARG,0
HDAC2,MLLT1,0
PARP1,DNMT3A,0
HDAC3,LDHB,0
HDAC2,SRSF3,0
GATA4,SNORA26,0
TFE3,HMGXB3,0
CTCF,TCF7,0
POU5F1,NOTUM,0
OTX2,LRRK1,0
KDM5B,MYMX,0
MYCN,MLXIPL,0
ELL3,ANXA2,0
DAXX,FBLIM1,0
PRDM14,INSIG1,0
PARP1,AMOTL2,0
UTF1,NFIC,0
NACC1,RFXAP,0
NACC1,FOSL2,0
CNOT3,AMPD2,0
RARA,EPAS1,0
EHMT2,LAMB2,0
SALL4,SKIL,0
TCF12,PEG3,0
ZIC3,ANXA5,0
MYCN,ETS1,0
SMAD3,ZFP398,0
SMARCC1,USF1,0
NRF1,BACH2,0
NFYB,TFAP4,0
NR0B1,COTL1,0
CTCF,CNOT3,0
CHD7,MANF,0
MPHOSPH8,POLR3F,0
ELL3,EMP2,0
DAXX,UCHL1,0
SMAD3,LDHB,0
DPPA2,BCAT1,0
NFYB,NR1D2,0
TRIM28,KAT6B,0
YEATS4,PITX1,0
BAZ1A,TMSB4X,0
CBX7,MKRN1,0
MED12,DPPA4,0
SOX2,DTX1,0
SMAD3,HSPG2,0
NFYA,NFATC4,0
DPPA2,IFITM2,0
E2F4,TRIP11,0
SALL4,MYMX,0
SIN3A,HNF4A,0
TBX3,SLC25A5,0
ZFP42,POLR2E,0
TBX3,ZFP281,0
ELL2,ATF6,0
CNOT3,HIF1A,0
PHC1,JDP2,0
KDM5B,PHF1,0
HDAC2,LRRK1,0
CNOT3,HDAC10,0
EED,PHC1,0
KDM5B,NFKB2,0
TBX3,HDAC3,0
KLF2,SHROOM3,0
ARID1A,COTL1,0
RARA,TDH,0
E2F1,OVOL1,0
E2F1,PROX1,0
CHD7,MCM6,0
TET2,ARID3B,0
CNOT3,IFI30,0
MPHOSPH8,BCL3,0
SOX17,CCND1,0
KLF4,PDCD4,0
SALL1,EYA1,0
MYC,CUX2,0
CBX8,RASGRP2,0
NACC1,ETV3,0
RIF1,COIL,0
PHC1,PHF2,0
ARID1A,ZHX3,0
TRIM28,RBFOX2,0
EHMT2,ZFP462,0
SMARCAD1,RARG,0
SMARCC1,PRSS35,0
TBX3,TCF12,0
JUN,ANP32A,0
CHD7,ZBTB10,0
EHMT2,CTNNBL1,0
SUZ12,TXNIP,0
GTF3C1,NSD2,0
SALL4,RFX5,0
MYC,PHF14,0
MAPK8,TRIP11,0
TRIM28,GRB10,0
CHD4,PLTP,0
JARID2,MPHOSPH8,0
ZIC3,CREB3L2,0
MAPK8,TOX3,0
EED,HDAC5,0
SMARCAD1,PAPOLA,0
RIF1,SERTAD2,0
SMARCAD1,USF1,0
ZIC3,JUN,0
ARID1A,HMGB2,0
YEATS4,TCF4,0
EHMT2,MYC,0
PRDM14,GRHL1,0
GLI1,FOSL2,0
ELL2,HMGXB3,0
RIF1,POLR3F,0
CNOT3,TAGLN2,0
HDAC1,CLDN6,0
MPHOSPH8,DKC1,0
CNOT3,RAPGEF3,0
HDAC3,MCM5,0
JARID2,SERPINH1,0
NONO,NDRG1,0
SOX17,SNORA68,0
JUN,POLR3F,0
HCFC1,TSHZ3,0
E2F4,CUBN,0
NFYB,KRBA1,0
NFYA,PIAS1,0
JUN,ZFP987,0
EHMT2,GTF2H4,0
SMARCAD1,HIST1H1B,0
BAZ1A,XRCC5,0
KLF2,HNRNPK,0
CHD7,NFXL1,0
KLF2,LHX2,0
DPPA2,TCEA3,0
NACC1,PFKP,0
EHMT2,GLI2,0
E2F1,SOX7,0
ELL3,HOPX,0
SOX17,NRIP1,0
PARP1,NR0B1,0
SMARCAD1,MTF2,0
SMARCC1,MPHOSPH8,0
RYBP,ELL2,0
EED,H1F0,0
ZIC3,POLR1B,0
GATA4,PLOD3,0
KLF2,CLDN6,0
REST,GSTA4,0
NACC1,LDLRAP1,0
GLI2,TXNDC12,0
NFYB,SP8,0
NACC1,HIST1H2AC,0
SMAD3,STAT5B,0
KDM5B,ETV3,0
MYCN,TCF20,0
SMARCC1,ZFP91,0
HDAC1,TBX3,0
SALL4,MED15,0
SMARCC1,ATF2,0
TGIF1,KANK2,0
TFE3,KLF8,0
CTCF,ZBTB32,0
KLF4,PEG3,0
MYC,ZBTB10,0
SMARCAD1,TFAP4,0
KDM5B,ELL2,0
TFE3,ZMYM2,0
MTF2,FAM234A,0
NFYB,KPNA2,0
PARP1,GLUL,0
TET2,KHDRBS1,0
EED,HDLBP,0
MYCN,HMCES,0
RARA,APBB1,0
MAPK8,FGF10,0
ELL2,NOTCH1,0
HDAC2,NRIP1,0
SALL4,FGF3,0
JUN,HNRNPAB,0
DAXX,TCF7L2,0
EP300,BACH2,0
EP400,RBMX,0
HDAC1,NFIC,0
BAZ1A,PLAG1,0
DAXX,DNMT3A,0
TET2,APEX1,0
EED,TCERG1,0
MEN1,TENM4,0
MPHOSPH8,CREB5,0
NFYB,NFKBIA,0
E2F1,SIN3A,0
CHD7,KNTC1,0
RIF1,RAD51,0
TCF12,NR1H2,0
TET1,DKC1,0
NONO,IGF2,0
EP400,FN1,0
E2F1,ELK1,0
KLF2,BACH2,0
GLI1,FAM25C,0
MYCN,TDGF1,0
SALL4,VEZF1,0
OTX2,FST,0
HDAC1,TGFB1I1,0
NR0B1,EDA2R,0
GATA4,PRDM1,0
DAXX,VIM,0
MYCN,MEIS1,0
KDM5B,CUX1,0
KDM5B,FXYD3,0
EHMT2,TRH,0
CBX8,SIN3B,0
SOX17,CENPB,0
PARP1,APBB1,0
SMARCAD1,TRH,0
MPHOSPH8,PRDM14,0
MYCN,TOP2B,0
PHC1,GATAD2B,0
HDAC2,VILL,0
MTF2,PATZ1,0
PHC1,SCMH1,0
TGIF1,P4HA2,0
RIF1,DAXX,0
RIF1,GZF1,0
GLI2,BCL3,0
PHC1,ABT1,0
KLF4,SNORD35B,0
NFYB,POU4F1,0
MTF2,OPLAH,0
CHD7,SGK1,0
DPPA4,MSH6,0
HCFC1,BAZ1A,0
MAPK8,SATB2,0
ELL3,TMF1,0
NR4A1,MAPK11,0
RYBP,AMOTL2,0
CBX7,TFEB,0
TGIF1,MEF2C,0
ZIC3,FAM129B,0
GLI2,ELAVL2,0
MAFK,PODXL,0
YEATS4,EP400,0
TET2,SEPT1,0
CNOT3,TCEA1,0
NONO,LAPTM5,0
ELL2,MAPK3,0
HDAC3,DKC1,0
NFYA,PHF20,0
NACC1,WDR45,0
ZIC3,RUNX1,0
YEATS4,NID1,0
JUN,MED4,0
CHD4,SGK1,0
CHD4,HIST1H4K,0
NR4A1,TRIB3,0
EHMT2,BEX1,0
YEATS4,TFRC,0
KLF2,CNOT8,0
DPPA2,AKR1B8,0
RIF1,NDN,0
GATA4,CTSL,0
DAXX,MME,0
JUN,HIST1H2AK,0
ZIC3,SATB2,0
TCF12,BACH2,0
HDAC2,ASH1L,0
CHD7,PIAS2,0
HDAC3,ZFP398,0
HDAC3,NFKBIA,0
EZH2,RCN3,0
E2F4,COL4A1,0
EHMT2,SNURF,0
TFE3,MAPK3,0
REST,KRBA1,0
ELL2,ITPK1,0
BAZ1A,PGA5,0
MYCN,CREB3L2,0
SALL1,LEFTY1,0
NR0B1,ZMYND11,0
E2F4,NCOA3,0
NR0B1,HIP1,0
CBX8,E2F6,0
DAXX,JAM2,0
NACC1,SMARCD1,0
BAZ1A,FOXP1,0
TBX3,PHLDA3,0
GATA4,ID4,0
RIF1,GRIN1,0
MAFK,POU4F1,0
RIF1,BNIP3,0
SMARCC1,MCM6,0
MTF2,ELF1,0
CNOT3,MTA3,0
KDM5B,TBPL1,0
NFYA,PAX1,0
HCFC1,BCL3,0
CHD7,FLRT3,0
CNOT3,SPEN,0
SMARCC1,EZH2,0
GLI1,MEN1,0
JUN,ZFP219,0
SOX2,BTAF1,0
RYBP,RCC2,0
RYBP,TMEM150A,0
MPHOSPH8,TRIM13,0
NR0B1,CELF3,0
KDM5B,RUVBL2,0
MTF2,DPPA4,0
EZH2,KLF6,0
MTF2,SNORD32A,0
DAXX,HSBP1,0
OTX2,SSB,0
MEN1,PLA2G1B,0
CHD4,SOX2,0
YEATS4,L1TD1,0
MYC,BMPER,0
TGIF1,SSB,0
MYC,SOX15,0
TBX3,LDB1,0
NONO,TRIM13,0
MTF2,MARC2,0
NONO,APP,0
ELL2,BEX1,0
NFYB,MSC,0
NR0B1,AU018091,0
TFE3,TRIB3,0
EHMT2,SHROOM3,0
CHD4,POU4F2,0
ZFP281,ARID5B,0
GATA4,GTF3C1,0
SUZ12,TADA3,0
YEATS4,PHLDA3,0
GATA4,JAM2,0
TRIM28,ZFP36L1,0
TET1,CALCOCO2,0
SMAD3,FXYD3,0
CBX8,GSTA4,0
TET2,ZEB1,0
ELL2,PDGFRA,0
NONO,ODC1,0
NFYB,NFKB2,0
NFYB,KDM5B,0
NONO,PMM1,0
SMAD2,HNF1B,0
NR0B1,DDX20,0
MYCN,LAPTM5,0
SALL4,NXF7,0
NONO,GATAD2B,0
SOX17,TRP53,0
RIF1,MAPK3,0
CNOT3,TRIM24,0
YEATS4,TXNDC5,0
EED,COMMD3,0
MAPK8,PDCD11,0
DAXX,IFITM3,0
NONO,SDC4,0
SMAD2,RCN3,0
DPPA4,PRDM14,0
EHMT2,SOX4,0
PARP1,PAWR,0
HDAC3,YBX1,0
ELL2,IRF4,0
MTF2,CBX8,0
MAFK,ITGA6,0
GATA4,TRIB3,0
CBX8,NID1,0
TRIM28,POU6F1,0
REST,FOXD3,0
PARP1,ABHD5,0
SMARCA4,APEX1,0
SALL1,HDAC10,0
YEATS4,P3H4,0
MEN1,CMKLR1,0
ZFP42,TYRO3,0
MTF2,NFE2L1,0
SALL4,SP1,0
ZIC3,GLIPR2,0
EZH2,MYO7A,0
GLI1,GLI2,0
HEXIM1,MYCN,0
EZH2,SRGN,0
NONO,PHC1,0
RYBP,DDIT3,0
MAPK8,EZH2,0
SALL1,SPEN,0
SALL1,SOX7,0
NRF1,ADAMTS9,0
RIF1,ZFPM1,0
SMARCAD1,MT1,0
NONO,POU6F1,0
PARP1,TEAD3,0
TET2,COL4A2,0
MTF2,P3H1,0
SMARCAD1,NACC1,0
RIF1,CTBP1,0
KLF2,GLI1,0
OTX2,PRRX2,0
MYCN,ILF2,0
HDAC2,ELK1,0
DPPA2,TSPAN9,0
HDAC1,GABPA,0
GLI1,TBPL1,0
NR4A1,NR5A2,0
YEATS4,HOPX,0
TBX3,P3H1,0
MTF2,TBL1X,0
KDM5B,BCAT1,0
RYBP,EHMT2,0
DPPA4,NFIB,0
GLI2,ZBTB38,0
NR4A1,UNG,0
CHD7,LDLRAP1,0
GATA4,NRF1,0
NONO,FAM234A,0
NACC1,FRMD4A,0
SMARCC1,HOPX,0
ELL2,EOMES,0
CHD4,ATF4,0
TFE3,ISYNA1,0
NR0B1,GRHL1,0
NONO,HIVEP2,0
ARID1A,LMO4,0
KLF2,ZEB1,0
SMARCC1,DIDO1,0
RARA,SMARCA2,0
SMARCA4,HIST1H2BK,0
NFYA,CREB3,0
SALL4,PIAS2,0
CBX8,CITED1,0
CTCF,PHF20,0
TBX3,RERE,0
JUN,SRGN,0
PHC1,HSPG2,0
EHMT2,EIF4A2,0
HEXIM1,SMARCD1,0
SMAD3,UBQLN2,0
ZFP57,DPPA2,0
SMAD2,NRG1,0
DPPA2,MORF4L2,0
KLF2,ZBTB39,0
SMARCA4,NR1D1,0
REST,BAZ1A,0
BAZ1A,ATM,0
ARID1A,HDAC3,0
MAPK8,BMPER,0
SMAD3,MLXIP,0
NR0B1,CIC,0
MPHOSPH8,CEBPZ,0
PRDM14,LGMN,0
BAZ1A,FGF3,0
YEATS4,RBPJ,0
DAXX,NFIB,0
ZFP57,PRDM1,0
SOX17,POLR2K,0
DAXX,APOE,0
CTCF,GPX3,0
ZIC3,BMP4,0
MYCN,KRBA1,0
CHD4,POLR1E,0
SMARCC1,ATM,0
MYC,HDAC11,0
RARA,MORC4,0
MPHOSPH8,TIMP3,0
ESRRB,AIRE,0
MAPK8,DNMT3A,0
MAPK8,FGFR3,0
ELL3,KANK3,0
BAZ1A,RNF19A,0
JUN,AMPD2,0
SOX2,TSHZ3,0
ELL3,KLF15,0
MYCN,EPHA4,0
SALL4,RB1,0
HDAC2,PCOLCE,0
CBX7,TSPAN9,0
E2F1,BCAM,0
REST,NFE2L2,0
CTCF,OVOL1,0
MAPK8,KRT42,0
KLF2,TMEM144,0
GLI1,EGR1,0
SMAD2,SNORA26,0
PRDM14,LOXL2,0
TET2,KIT,0
E2F4,ZFP296,0
HDAC1,LTBP4,0
NFYA,RANBP17,0
ELL3,GBX2,0
GLI1,SATB2,0
ELL3,SNORD35B,0
ELL3,FHL2,0
CHD4,MYO7A,0
KLF4,SRF,0
BAZ1A,UTF1,0
JARID2,NSD2,0
TET2,TBPL1,0
PARP1,SMAD3,0
CHD4,BACH2,0
JUN,MED31,0
MAFK,RNF6,0
CHD4,AMOT,0
KDM5B,RRM2,0
MPHOSPH8,P3H4,0
MYC,JDP2,0
ELL2,B2M,0
SOX17,KLF2,0
CHD4,IKBKB,0
SMARCAD1,HIST1H2BB,0
CTCF,IRF2,0
EED,PDPN,0
HCFC1,ELL3,0
RIF1,EZH1,0
EP400,IKBKB,0
BAZ1A,SELENOW,0
SALL4,HES6,0
NONO,HDLBP,0
NONO,FOXO3,0
NR0B1,PATJ,0
YEATS4,OPLAH,0
EED,ORC2,0
PARP1,CALR,0
CNOT3,GLI1,0
BAZ1A,NR4A1,0
ARID1A,XRCC5,0
TBX3,LRRK1,0
CHD7,AES,0
CHD7,SALL4,0
RARA,SLC7A3,0
NR0B1,CTCF,0
DPPA2,MLXIP,0
EED,POLR1B,0
MED12,CUBN,0
E2F1,ZBTB3,0
RARA,SNORD35B,0
HDAC2,POU5F1,0
PARP1,MED12,0
TFE3,DTX1,0
RIF1,PHLDB2,0
REST,KLF2,0
RYBP,F3,0
CNOT3,LTBP4,0
ARID1A,MAPK13,0
PARP1,EMX2,0
TET2,STARD8,0
SALL1,TRIP11,0
SMARCC1,SMARCAD1,0
EHMT2,GSR,0
PARP1,TFRC,0
MYCN,LAMB1,0
DPPA4,APEX1,0
KLF2,ZFP36L1,0
RARA,HCFC1,0
TBX3,NOTCH2,0
CBX8,SGK1,0
TET1,ZFP987,0
DPPA2,NFATC2IP,0
MTF2,HCFC1,0
CNOT3,HSP90AA1,0
NR4A1,MAFK,0
NACC1,FBLIM1,0
EP300,NFIA,0
YEATS4,SAP30,0
HDAC3,AMPD2,0
SOX17,ING1,0
SALL1,SRSF1,0
DAXX,SRSF6,0
TET2,ANKRD49,0
ESRRB,DKC1,0
SIN3A,DTX1,0
SOX17,SPOCK1,0
NONO,CNOT3,0
CTCF,SRGN,0
ESRRB,TRIM28,0
NR0B1,PRDM5,0
TBX3,SERPINH1,0
MAPK8,MYC,0
MYCN,APOBEC3,0
SALL1,FOXP1,0
TCF12,NOTUM,0
SMARCA4,TFE3,0
TET2,FUS,0
RIF1,E2F1,0
CNOT3,NFYB,0
NACC1,CUX1,0
HDAC1,SRRT,0
RIF1,RNF157,0
SOX17,UBE2C,0
EHMT2,BRCA2,0
SMAD3,GABPA,0
SMARCAD1,IMPDH1,0
NACC1,RBL1,0
SMARCA4,KLF9,0
EHMT2,ZBTB20,0
RYBP,RARA,0
SMARCC1,JARID2,0
GLI2,TEAD3,0
GLI2,TCF12,0
NR0B1,TMSB4X,0
HDAC3,NFATC4,0
NFYB,TMSB4X,0
OTX2,CREB5,0
GLI1,ZFP987,0
CNOT3,PLA2G1B,0
RYBP,PATZ1,0
KLF4,MEF2C,0
SALL1,NEDD4,0
SMARCAD1,PITX1,0
TFE3,HES6,0
KLF2,SATB1,0
KLF2,AKT1,0
GLI1,TXNIP,0
EP300,ZFP423,0
RIF1,ELF3,0
KLF2,TUBA4A,0
CBX8,GRB10,0
CHD4,EPHA4,0
NFYA,CALD1,0
ZFP57,2810025M15RIK,0
TBX3,TCL1,0
TFE3,FXYD6,0
NONO,BNIP3,0
MEN1,ID2,0
TBX3,GLI1,0
ZFP42,SRM,0
NONO,ZFP275,0
EED,DCXR,0
EP300,HDAC3,0
PRDM14,ATF5,0
EP400,HSF2BP,0
TET2,MED4,0
SMARCC1,ID3,0
SMARCAD1,COL4A1,0
PARP1,SKIL,0
EED,GLI2,0
PRDM14,SMARCC1,0
ESRRB,ORC2,0
CBX7,CDC42SE2,0
SMARCAD1,MATR3,0
CBX8,TCEA3,0
GATA4,CNOT6,0
GLI2,ZBTB20,0
BAZ1A,ARHGEF40,0
GLI1,ZEB1,0
GLI2,ABHD5,0
CBX8,TCF7,0
DPPA4,KDM3A,0
CTCF,CBX8,0
CTCF,PDK1,0
HDAC1,TSHZ3,0
TGIF1,TMSB4X,0
TRIM28,ZSCAN10,0
KLF2,RARA,0
MPHOSPH8,KAT6B,0
TBX3,NDRG4,0
YEATS4,STXBP2,0
HCFC1,ASH1L,0
HDAC2,PITX1,0
NR4A1,EMP2,0
GLI2,PROX1,0
MPHOSPH8,PHF14,0
KLF2,CREB3L2,0
PHC1,FAM25C,0
NFYA,EMP2,0
EHMT2,ZFP219,0
NACC1,MGST3,0
PARP1,ALG13,0
KLF2,KRT42,0
MTF2,TGIF1,0
SMARCC1,MAFK,0
SOX17,DDX20,0
MYCN,GNRH1,0
NFYB,GATA6,0
MAPK8,ANKRD6,0
SALL4,CNOT3,0
MYCN,NXF7,0
BTAF1,FOXH1,0
HDAC3,EED,0
HCFC1,KLF8,0
SALL4,PMM1,0
DR1,ERCC3,0
MYCN,SEMA4C,0
SOX17,ELL2,0
PARP1,FOXJ3,0
OTX2,HTRA1,0
SALL4,TEAD4,0
RIF1,MEN1,0
PARP1,SLC7A3,0
MAFK,CTNNBIP1,0
PHC1,MEG3,0
RYBP,HMGA2,0
SMARCAD1,DDX54,0
JARID2,TRIM13,0
TRIM28,ZBTB7A,0
SMARCC1,NFIL3,0
NR0B1,ODC1,0
REST,NKRF,0
POU5F1,PCBD1,0
CBX7,HIST1H2BK,0
NR4A1,TYRO3,0
JARID2,PGA5,0
KLF2,GSTA4,0
ZFP57,TULP3,0
TBX3,ABTB1,0
MAFK,PIAS1,0
NFYA,GABPA,0
PRDM14,NR1D2,0
TET2,SMARCA2,0
HDAC3,HIST1H2AC,0
KDM5B,AMOT,0
EHMT2,POLR2H,0
EED,HSBP1,0
SMAD3,ILF3,0
TGIF1,TBL1X,0
SOX2,CALCOCO2,0
MAPK8,NFYA,0
ZIC3,NR0B1,0
SALL1,FUS,0
PARP1,NR1D1,0
NONO,RBMXL2,0
YEATS4,CREBZF,0
HDAC3,XRCC6,0
TFE3,ARNTL,0
TGIF1,COL4A2,0
HCFC1,AMOT,0
ELL2,POU6F1,0
EP400,SNURF,0
CTCF,RB1,0
GATA4,TAF5,0
KDM5B,DR1,0
SMARCC1,HIST1H1B,0
SUZ12,HDAC10,0
TBX3,DEK,0
TET2,TAF5,0
EP400,NAA15,0
CBX7,KDM3A,0
EP400,POLR1C,0
EHMT2,LDLRAP1,0
SALL1,TNS4,0
GATA4,LDHB,0
SMAD3,SNAI1,0
MAPK8,ELK4,0
HDAC3,NFATC1,0
NFYB,HTRA1,0
CHD7,VSIR,0
HEXIM1,DKC1,0
ZFP57,HSF2BP,0
EP400,ELK1,0
PARP1,HIVEP2,0
EHMT2,ATF6,0
MAFK,PIAS2,0
KLF2,SFPQ,0
CNOT3,GLIS2,0
JUN,INTS12,0
NONO,TXNDC12,0
JUN,RBBP7,0
RYBP,SOX15,0
CBX7,XRCC6,0
YEATS4,ELP2,0
RIF1,TRPS1,0
ELL3,HES1,0
CNOT3,SNORD32A,0
CNOT3,ERCC3,0
SMARCA4,GBX2,0
OTX2,STARD8,0
EP400,SCMH1,0
SMAD2,CTSZ,0
NR4A1,MYCN,0
NR0B1,RBFOX2,0
NR0B1,SRF,0
GATA4,KNTC1,0
HDAC3,MEF2D,0
REST,XRCC6,0
RARA,OTX2,0
TGIF1,EMX2,0
SMAD3,CTSA,0
SALL1,AKR1B8,0
CTCF,HDAC4,0
E2F4,SAT1,0
RARA,IRF2,0
HDAC2,CCND1,0
BAZ1A,SUB1,0
HCFC1,AIRE,0
EED,CUX1,0
EED,NR4A1,0
ZIC3,SLC7A6,0
E2F4,RARG,0
KLF2,TRIM13,0
EED,PRRX2,0
DPPA2,SALL4,0
DAXX,TIMP3,0
NFYA,ITPK1,0
ELL3,SLC7A6,0
ZFP42,TOX3,0
NFYA,NSD1,0
GLI2,RBBP4,0
HDAC3,MORC4,0
MEN1,GLUL,0
ELL2,FUS,0
ELL2,TSPAN9,0
PHC1,IMPDH1,0
DR1,GM10039,0
ZIC3,BEX1,0
REST,HOPX,0
CHD4,MSX2,0
MPHOSPH8,CDC5L,0
RIF1,SALL4,0
RYBP,NRIP1,0
SALL4,INSIG1,0
SMARCAD1,CBX6,0
SMARCA4,POU4F2,0
SMAD2,ZDHHC16,0
TET2,MYO7A,0
ARID1A,APEX1,0
TFE3,AATF,0
SMARCA4,TOX3,0
TFE3,CSF1,0
ELL3,IRF3,0
MTF2,ALG13,0
EP300,CREBZF,0
MPHOSPH8,ING3,0
YEATS4,MPHOSPH8,0
HEXIM1,SPP1,0
SALL4,AATF,0
BTAF1,IFI30,0
TET1,POLR2K,0
TGIF1,CHD4,0
CNOT3,LAMA1,0
DPPA4,PAX8,0
REST,ZBTB43,0
KLF2,RNF157,0
SMARCC1,SIRT2,0
TBX3,FOXJ2,0
MAPK8,GATA4,0
ELL2,DDX54,0
MTF2,KAT6B,0
RIF1,ILF2,0
SUZ12,ILF3,0
PHC1,ASXL1,0
MTF2,HSP90B1,0
CHD7,GTF2A1L,0
NONO,UTF1,0
KDM5B,RELA,0
NR0B1,TCOF1,0
NACC1,ASH2L,0
JUN,HOXD13,0
JUN,PLOD2,0
HDAC1,UBE2C,0
NR4A1,HMGB2,0
ZIC3,MCM5,0
HDAC1,SRSF6,0
JARID2,NFE2L1,0
PRDM14,CCNB1,0
SALL1,KPNA2,0
SMAD3,POLR1E,0
MAPK8,SOX17,0
GLI1,FOXD3,0
YEATS4,ZFP446,0
MYCN,ANKRD6,0
GLI2,TIMP2,0
MYCN,SRSF1,0
DAXX,RAB3IL1,0
MAPK8,MLLT1,0
DAXX,MGST3,0
KLF2,BCAM,0
E2F1,ARID3B,0
BTAF1,HIST1H1A,0
MTF2,SMURF1,0
MPHOSPH8,ZFP462,0
RARA,EMP2,0
MYCN,GTF2H4,0
HEXIM1,CUX2,0
MYC,FAM234A,0
EHMT2,SFPQ,0
TBX3,KNTC1,0
EP300,DTX1,0
EP400,CRY1,0
REST,HS3ST1,0
NR4A1,TRIP6,0
KLF2,SLC7A6,0
NACC1,KAT2B,0
RNF2,D230025D16RIK,0
CHD4,BTG1,0
MTF2,FUBP3,0
NONO,TRP53,0
CHD7,L3MBTL2,0
SALL1,MEF2D,0
KLF2,ZFHX3,0
RIF1,SRSF1,0
EED,KAT2B,0
MYCN,GTF3C5,0
EHMT2,NFYB,0
NFYB,KLF13,0
CHD4,MEF2C,0
EED,TAF1A,0
TGIF1,BACH2,0
KLF2,CDC42SE2,0
CBX8,VEGFA,0
EP400,HDAC11,0
REST,SMARCB1,0
SMARCAD1,TFAP2C,0
E2F4,BTF3,0
SMAD3,TAF10,0
TFE3,CREBZF,0
PRDM14,SUB1,0
RARA,SLC9A6,0
SMAD3,EIF4A2,0
DAXX,DPPA2,0
KLF2,PTPN14,0
GLI2,PDGFRA,0
ZFP57,BMP4,0
SALL4,RNF19A,0
YEATS4,POLR2A,0
ARID1A,PLOD2,0
RIF1,HMGA1,0
NFYB,IRF1,0
DAXX,MTF2,0
BAZ1A,RIF1,0
NFYB,PHC1,0
CTCF,TADA3,0
TBX3,HSBP1,0
REST,RELA,0
HDAC2,GTF2I,0
HDAC1,RFX2,0
NR0B1,SORD,0
NR0B1,KDELR2,0
MAFK,NFATC4,0
SMARCC1,MDM2,0
YEATS4,CREB3L2,0
E2F4,HMGXB3,0
CHD4,CD63,0
TBX3,WDR45,0
YEATS4,MRAS,0
CHD4,ZFP446,0
PARP1,SMAD7,0
PHC1,GM10039,0
MTF2,NFX1,0
TCF12,PAX8,0
TFE3,TCEA3,0
NFYA,RFXAP,0
SMARCC1,TRH,0
YEATS4,EZH1,0
RYBP,ETV6,0
DPPA4,HSP90AA1,0
ZFP42,LHX2,0
ZFP42,AMOT,0
TFE3,HIST1H2AI,0
TET2,TEAD1,0
SALL1,HSP90B1,0
NRF1,LEFTY1,0
CNOT3,COPS2,0
RARA,NDRG4,0
NONO,ID3,0
MPHOSPH8,PDK1,0
YEATS4,RPL22L1,0
PRDM14,CREBZF,0
GLI2,FGF4,0
SMAD2,DPP4,0
MYCN,CLCN5,0
NR0B1,PODXL,0
RIF1,HSBP1,0
EHMT2,TADA3,0
DPPA4,SELENOW,0
NACC1,MT2,0
NFYA,LHX2,0
SOX17,RNF14,0
PHC1,ATF5,0
DAXX,MBD2,0
MTF2,SPP1,0
TBX3,RNF2,0
GTF3C1,RBMX,0
SMARCC1,TRP53,0
HDAC1,HES6,0
CNOT3,HDLBP,0
REST,TPD52,0
TFE3,CTBP1,0
ARID1A,PITX1,0
JUN,SURF4,0
RARA,POLR2I,0
SOX17,HDAC7,0
CBX7,KLF9,0
MTF2,IFITM1,0
EP300,NFIC,0
PARP1,MCM3,0
GATA4,COMMD3,0
ELL2,FGFR3,0
SMAD3,HIST1H2AF,0
NR0B1,SND1,0
MAPK8,DCXR,0
GATA4,TCF7,0
EP400,CNOT2,0
TFE3,FOXH1,0
GLI1,ATP6V0A1,0
GLI2,ZSCAN10,0
HEXIM1,CUX1,0
EED,CTBP1,0
DPPA2,CCNG1,0
JUN,TCEA3,0
RYBP,SMURF2,0
NR0B1,KAT6B,0
DAXX,DUSP9,0
MYCN,MYLPF,0
NR0B1,GZF1,0
TGIF1,GJA1,0
SMAD3,FXYD6,0
JUN,FOXH1,0
TFE3,GTF2H4,0
CTCF,PCBD1,0
KDM5B,RYBP,0
HDAC3,ZMYND11,0
MAFK,CTSZ,0
TFE3,MOV10,0
MYC,AMOT,0
EED,MCM5,0
CNOT3,TCEA3,0
MPHOSPH8,BACH2,0
ARID1A,SOX17,0
MYC,2200002D01RIK,0
EHMT2,HSP90B1,0
MYCN,PATJ,0
NACC1,KLF13,0
YEATS4,ZMYND11,0
GABBR1,SLC26A10,0
KDM5B,FXR2,0
MAFK,FGF3,0
DPPA4,CALCOCO1,0
SALL1,PLOD1,0
RYBP,ANKRD6,0
EHMT2,RUNX3,0
TFE3,STARD8,0
HCFC1,NSD1,0
PARP1,JDP2,0
EP400,CUX1,0
MYCN,DDX54,0
SMAD3,ID2,0
E2F4,SNURF,0
NONO,PGA5,0
SALL4,PELP1,0
TBX3,ZBTB32,0
ELL2,MED4,0
HEXIM1,FGF10,0
TCF12,POLR2H,0
PRDM14,CLDN6,0
SALL4,SMAD4,0
KDM5B,EP400,0
MYCN,PLAG1,0
MPHOSPH8,POLR3B,0
NACC1,UBQLN2,0
BAZ1A,NR2C1,0
MTF2,HSBP1,0
NACC1,HDAC11,0
NFYB,CSRP2,0
OTX2,CALCOCO2,0
NACC1,ALG13,0
CTCF,FABP3,0
SMARCAD1,TRRAP,0
REST,NFYB,0
MED12,OBSL1,0
GATA4,JDP2,0
GATA4,CMKLR1,0
HDAC3,NFX1,0
DPPA4,HNRNPD,0
SMAD3,REST,0
GLI1,EPHA4,0
CNOT3,GRIN1,0
CNOT3,RNF19A,0
GLI1,NPHS1,0
SMAD3,ARNT2,0
BAZ1A,ZIC3,0
RARA,CHD7,0
RIF1,SAT1,0
MAFK,ABTB1,0
KDM5B,INSIG1,0
DAXX,CREB3L2,0
ZIC3,CNOT7,0
ARID1A,FOXD3,0
ZIC3,NRF1,0
NACC1,RNF19A,0
GLI1,SIN3B,0
ESRRB,HSBP1,0
MAPK8,FXYD3,0
SUZ12,CBX6,0
MTF2,SMARCC2,0
DR1,FAM25C,0
CBX7,NOTCH4,0
HDAC1,SURF4,0
NACC1,DPPA2,0
KLF2,TXNIP,0
ARID1A,FDPS,0
MPHOSPH8,PITX1,0
HDAC3,RNF157,0
SMAD2,STAT5A,0
CHD4,TEAD4,0
TFE3,SKIL,0
PRDM14,COBL,0
DPPA4,ZFP423,0
SMAD2,CNOT3,0
KLF4,WBP11,0
PARP1,SLC7A6,0
CHD4,FBLIM1,0
HEXIM1,SNORD35B,0
ZFP57,SRGN,0
PARP1,NR3C1,0
TGIF1,B2M,0
MAPK8,INTS12,0
NFYA,NR1D1,0
ELL2,ZMYND11,0
RARA,SHROOM3,0
TBX3,TSPAN9,0
MAPK8,EZH1,0
HDAC3,IRF4,0
KLF2,SURF4,0
CHD7,TAF1,0
SMARCC1,IGF2,0
YEATS4,CSF1,0
SMARCAD1,TRIP11,0
EP400,GLDC,0
DPPA4,HIST1H3H,0
NONO,GTF2H4,0
MEN1,ID3,0
PRDM14,UBE2C,0
NONO,PITX2,0
SMARCC1,SMAD7,0
KDM5B,MAPK13,0
MAPK8,P4HA1,0
PRDM14,CHD4,0
KDM5B,PHF2,0
HCFC1,KLF9,0
NACC1,ARHGAP29,0
CHD4,ARID5B,0
TET2,HNRNPAB,0
EP400,MYBL2,0
NONO,PSIP1,0
CHD4,FOXD3,0
CBX8,PLRG1,0
CBX8,GTF3C5,0
SMARCA4,ELK1,0
GATA4,PLOD1,0
HDAC2,ZBTB7A,0
CHD7,ATF1,0
PARP1,FIZ1,0
TGIF1,RRBP1,0
MAPK8,TCF20,0
ELL3,LY6G6E,0
YEATS4,KAT2B,0
YEATS4,PHLDB2,0
HCFC1,LEFTY2,0
MYC,GPX3,0
TFE3,PDIA6,0
HDAC1,DPPA2,0
ZFP42,AGAP3,0
SMAD3,RUVBL2,0
CHD7,TFRC,0
ZFP42,SOX15,0
POU5F1,OBSL1,0
CBX7,SND1,0
REST,TWIST1,0
ARID1A,SIRT1,0
EP300,CHD5,0
MTF2,PATJ,0
SALL1,SATB1,0
MAFK,ETS1,0
KDM5B,TTF2,0
GLI2,RNF2,0
EP400,HIST1H2AK,0
KLF4,CUX2,0
YEATS4,UBQLN2,0
RIF1,KLF2,0
TET2,TCEA3,0
HDAC1,ANKRD49,0
NFYA,FAM234A,0
SOX17,ZMYND11,0
POU5F1,GM10039,0
GATA4,COBL,0
ELL2,TCERG1,0
GLI2,INTS12,0
GATA4,DDX20,0
KLF2,POLR1C,0
DPPA2,ZFP296,0
ZIC3,ODC1,0
CNOT3,ZFP335,0
MYC,E2F6,0
PARP1,TCERG1,0
HDAC1,MBD2,0
ARID1A,CEBPZ,0
DAXX,SOX17,0
MAPK8,CHD7,0
ELL2,ZFAND3,0
TRIM28,HNRNPAB,0
TRIM28,IRF1,0
RIF1,CDC5L,0
ARID1A,RAD51,0
ZIC3,TAF1A,0
MAPK8,SEC24D,0
DPPA2,SNORD32A,0
TGIF1,IMPDH1,0
ELL3,EZH2,0
ELL3,FOSL2,0
RYBP,MYC,0
EP400,PBX4,0
MTF2,MKRN1,0
PHC1,MYO7A,0
SMAD3,OVOL1,0
ELL2,IFITM1,0
ELL2,WBP11,0
PRDM14,KDM5B,0
YEATS4,HNRNPD,0
RIF1,ETV4,0
KDM5B,HDAC4,0
HDAC3,HDAC7,0
TGIF1,COIL,0
NR0B1,POLR1B,0
GLI2,TDH,0
HDAC1,PMS1,0
ELL2,ANXA5,0
BTAF1,HEXIM1,0
TBX3,SLC25A4,0
MPHOSPH8,DDB1,0
JUN,P3H4,0
YEATS4,MAPK13,0
NFYA,FOXD3,0
TET2,MKX,0
ELL3,MED21,0
E2F1,RAI14,0
KDM5B,TCERG1,0
DAXX,SALL1,0
ESRRB,MAPK13,0
SMARCC1,NONO,0
NFYB,TSG101,0
RYBP,MEIS1,0
SMARCA4,POU4F1,0
ELL3,HIST1H2BF,0
NONO,CALD1,0
HCFC1,CREBZF,0
SOX17,HIF3A,0
JARID2,CUBN,0
PARP1,ADAMTS9,0
KLF2,ANKS1,0
GATA4,TFE3,0
HDAC3,H1F0,0
SMARCAD1,ATF1,0
CTCF,SIRT3,0
UTF1,HDAC10,0
NACC1,SRM,0
NR0B1,POU6F1,0
NONO,SND1,0
GATA4,SRI,0
NR0B1,DNAJC10,0
TRIM28,CLDN6,0
EP400,RUVBL1,0
ARID1A,ZBTB10,0
RYBP,TSHZ3,0
SOX2,JUN,0
E2F4,ZFP979,0
KLF2,ELF1,0
MAFK,SHKBP1,0
GLI2,POLR2E,0
SALL1,DAXX,0
GATA4,CREB3,0
E2F1,PLOD1,0
JUN,PLA2G1B,0
ZIC3,LAPTM5,0
SMAD2,ZFP446,0
E2F4,NFIL3,0
MAPK8,CALR,0
RIF1,BIN1,0
CHD4,ING3,0
BTAF1,PDPN,0
REST,DAXX,0
TFE3,CHD4,0
CBX8,FOSL2,0
TRIM28,MOV10,0
MAPK8,GRB10,0
ELL2,NID1,0
PARP1,TRP53,0
RARA,SMARCD1,0
NACC1,RAB11A,0
EP400,DDB2,0
PARP1,PHF1,0
NONO,RCN3,0
ZFP281,HIST1H2AK,0
TRIM28,FGFR3,0
ZIC3,DNAJC2,0
DAXX,KLF9,0
CHD4,RRM2,0
TGIF1,E2F6,0
ZFP42,NFKB2,0
ESRRB,ETS1,0
SMARCAD1,RERE,0
RIF1,BASP1,0
PARP1,L3MBTL2,0
CHD7,LAMB2,0
TET1,GLMP,0
GATA4,ZFP296,0
REST,RBFOX2,0
DPPA4,ATF2,0
SALL1,NCOR1,0
MPHOSPH8,KRBA1,0
BAZ1A,BTF3,0
HDAC1,SRI,0
TET2,RBMXL2,0
BAZ1A,PHF14,0
SMARCA4,CUBN,0
EHMT2,TUBB2B,0
MYC,TMF1,0
PHC1,TSHZ3,0
TRIM28,GTF2A1L,0
SALL1,CTH,0
HEXIM1,TNS4,0
RYBP,STARD10,0
TCF12,PDCD4,0
TET1,SOX17,0
HCFC1,SNORD35B,0
SMARCC1,POLR2H,0
EP300,CBX4,0
NR4A1,REST,0
NFYA,TYRO3,0
TGIF1,KNTC1,0
HCFC1,PRDM1,0
MAFK,MTA3,0
NONO,SMARCD1,0
RYBP,ALPL,0
HDAC3,SHROOM3,0
PARP1,KLF2,0
CHD7,EBF4,0
CBX8,TWIST1,0
SMARCAD1,SOX17,0
NR4A1,GRHL1,0
EP300,ID3,0
E2F4,TMEM150A,0
EHMT2,SIRT1,0
EED,REST,0
DPPA2,HIP1,0
EP400,KLF10,0
EED,SFI1,0
GLI1,COL4A2,0
GLI2,TFAP2C,0
ZIC3,TWIST1,0
MTF2,POLR2K,0
JUN,MKX,0
TFE3,SNAPC3,0
SALL4,TFRC,0
RIF1,GTF3C1,0
MYC,NFKB2,0
MAPK8,P3H4,0
NFYA,DPPA2,0
OTX2,TULP3,0
MTF2,TOX4,0
NRF1,ZFP987,0
NONO,FXR1,0
PHC1,TFAP4,0
ESRRB,ZBTB38,0
MYCN,LGMN,0
REST,SEC24D,0
PRDM14,ATP13A3,0
MAFK,DDIT3,0
MEN1,WWTR1,0
MYCN,CTBP1,0
NONO,ZSCAN10,0
HEXIM1,ZBTB7A,0
DR1,MEG3,0
SMARCC1,RNF2,0
RARA,DCXR,0
ELL3,MEF2D,0
ELL3,NPAS2,0
MEN1,HMGA1B,0
TBX3,POLR3D,0
NFYB,FXYD6,0
SOX17,ABTB1,0
MTF2,THRAP3,0
NACC1,LAMA5,0
PHC1,BNIP3,0
SMAD2,HDGF,0
ARID1A,CAR2,0
SOX17,IRF4,0
BAZ1A,TCF7,0
PRDM14,P4HA2,0
NFYA,PLOD1,0
MAFK,BRWD1,0
PRDM14,CKB,0
MTF2,CRAMP1L,0
YEATS4,CIC,0
NR4A1,RYBP,0
CHD7,STXBP2,0
JARID2,CTBP1,0
REST,ZFP987,0
CBX7,CALCOCO2,0
TFE3,PIAS3,0
MAPK8,GBX2,0
ELL2,TRIM25,0
NR0B1,HSPB1,0
EHMT2,SPEN,0
RIF1,AIP,0
RNF2,GPX3,0
E2F1,ZYX,0
RARA,PKNOX2,0
PRDM14,SRF,0
MTF2,PIAS3,0
CBX7,BRWD1,0
MTF2,TADA3,0
NFYA,CTBP1,0
TET2,POU4F2,0
JARID2,TEAD4,0
SMARCC1,HSP90B1,0
TFE3,CCNG1,0
REST,AIP,0
MYC,TAF9,0
MEN1,UCHL1,0
SALL1,MCM6,0
MAFK,SERPINE2,0
MEN1,NR2F6,0
MED12,MAGED1,0
HDAC2,RB1,0
SALL1,GNRH1,0
KLF2,NR2F2,0
REST,DDX58,0
GLI1,RRBP1,0
HDAC2,ABHD5,0
BAZ1A,HIST1H4K,0
MPHOSPH8,FRMD4A,0
EP300,SOX17,0
TGIF1,DNMT3A,0
ELL2,GTF3C5,0
RYBP,CTCF,0
ELL3,NUPR1,0
HDAC3,DNAJC10,0
JUN,ZFP275,0
TGIF1,RYBP,0
GLI1,APP,0
MAPK8,TNFAIP3,0
ZFP57,ELF4,0
MYC,TMSB4X,0
TGIF1,SOS2,0
MYCN,MSC,0
TFE3,GABPA,0
ARID1A,EDEM1,0
HEXIM1,SLC5A11,0
SMARCA4,ZC3H7A,0
ELL2,RB1,0
CNOT3,WDR45,0
EED,TOPORS,0
GLI2,RBFOX2,0
PARP1,NUPR1,0
DPPA2,NXF7,0
GATA4,PLTP,0
TRIM28,RRBP1,0
EHMT2,DCP1A,0
NFYB,NFE2L2,0
CBX7,ZBTB32,0
DAXX,ADAM19,0
MTF2,ING3,0
ARID1A,TCL1,0
SMAD2,TGFB1I1,0
CHD4,BTAF1,0
GLI1,ALPL,0
GATA4,GLI2,0
SMAD2,RERE,0
CBX7,SRGN,0
PRDM14,RFX5,0
EZH2,LRPAP1,0
ZFP42,MTA3,0
NR0B1,PAX8,0
RYBP,TAF1,0
SOX17,MCM7,0
CBX8,SSBP4,0
JUN,TET2,0
TBX3,CDC42SE2,0
MAPK8,FOXD3,0
PARP1,PATJ,0
RYBP,SOCS2,0
GLI1,MORC4,0
ZFP57,TXNIP,0
SOX17,DPPA2,0
EHMT2,MYD88,0
BAZ1A,HIST1H2BB,0
REST,LEFTY1,0
CHD4,SMARCA2,0
ZFP281,MAGED1,0
SMARCC1,PCOLCE,0
NACC1,PBX4,0
SOX17,E2F6,0
TBX3,CBX6,0
SMARCC1,H1F0,0
KDM5B,SLC26A10,0
SOX17,FXYD6,0
NFYB,ZBTB10,0
CHD7,HOXD13,0
TRIM28,ZDHHC15,0
KLF2,SUB1,0
TET2,CUX1,0
GLI1,ECD,0
YEATS4,VSIR,0
GLI1,MIS18BP1,0
GLI1,PAPOLA,0
KDM5B,ZFP42,0
HDAC2,POLR2A,0
TET2,RRM2,0
GTF3C1,ESRRB,0
PARP1,TRRAP,0
POU5F1,TWIST1,0
DPPA4,FOXH1,0
DPPA2,MCM5,0
DPPA4,NFATC4,0
SOX2,BRD7,0
SMARCAD1,MAPK3,0
MYCN,CTSD,0
YEATS4,SEPT1,0
DPPA4,HEY2,0
NONO,POLR2I,0
MPHOSPH8,SRI,0
NACC1,PAX8,0
ZIC3,TPM4,0
BAZ1A,HES1,0
MPHOSPH8,PRRX2,0
GATA4,MBD2,0
MPHOSPH8,NR2F2,0
RYBP,EGR1,0
RYBP,INSIG1,0
KDM5B,GLI1,0
MYCN,NFYB,0
KLF4,ESRRB,0
OTX2,FOXA2,0
HDAC3,BEX1,0
CHD7,ORC2,0
RYBP,TNFAIP3,0
EHMT2,DDB2,0
REST,PBX4,0
HDAC2,PDIA6,0
SMARCAD1,TBL1X,0
TFE3,EMX2,0
BAZ1A,MT1,0
KLF2,LMF2,0
CHD4,SNORD32A,0
MPHOSPH8,ANKRD49,0
ELL2,JDP2,0
TET2,RUVBL1,0
DAXX,TMEM144,0
ELL2,SOS2,0
GATA4,SPRY4,0
SMAD3,TLE1,0
CHD4,FOSL2,0
SMAD3,SORD,0
RYBP,NFXL1,0
EP300,PMM1,0
SALL1,SHKBP1,0
JUN,ELL2,0
TET2,PARP1,0
TET2,ZC3H7A,0
RIF1,ID4,0
SMARCAD1,MLXIP,0
SMAD3,SLC6A8,0
MAPK8,LOXL2,0
SMARCAD1,SIX5,0
HDAC2,ATF5,0
JARID2,CALCOCO2,0
PRDM14,MT2,0
ELL3,HTRA1,0
MEN1,MKX,0
NFYB,ZFP423,0
NONO,SCMH1,0
MED12,OVOL1,0
NR4A1,SIN3B,0
TBX3,BRD7,0
MPHOSPH8,EYA1,0
YEATS4,CRY1,0
NONO,ZFAND3,0
NONO,SLC6A6,0
HDAC1,POU5F1,0
MED12,SRI,0
E2F1,POLR2K,0
PARP1,ELF2,0
PARP1,HIF1A,0
YEATS4,RNF19A,0
E2F1,ATM,0
HDAC2,HKDC1,0
GLI1,SMURF1,0
TGIF1,SRM,0
HDAC3,STAT5B,0
HDAC1,IRF4,0
GATA4,SOAT1,0
RYBP,FUS,0
KLF2,NFIB,0
PARP1,ZFP236,0
TGIF1,HIST1H2AF,0
TET2,PHLDB2,0
EED,FBLIM1,0
BTAF1,SOX17,0
SMARCA4,SMARCAD1,0
SOX17,TIMP2,0
TRIM28,ATF2,0
DAXX,TAGLN2,0
PHC1,CTNNBIP1,0
MPHOSPH8,ABTB1,0
KLF4,ARID5B,0
HDAC3,TAF6L,0
EP400,CALCOCO1,0
HDAC2,RRBP1,0
GATA4,BARX1,0
TFE3,VSIR,0
HDAC1,KLF6,0
HDAC1,ZYX,0
MTF2,EPHA2,0
NONO,KHDRBS1,0
HDAC3,TOPORS,0
BAZ1A,MYLPF,0
EED,ATF5,0
SMARCA4,TLE1,0
TET2,SURF4,0
NFYB,RUNX1,0
E2F4,AQP8,0
SALL4,HOPX,0
ELL3,POU4F1,0
PARP1,RBL1,0
GLI1,MED4,0
CNOT3,DNMT3A,0
MAPK8,TAF6,0
YEATS4,IRF4,0
PARP1,EIF4A2,0
MTF2,ARL6IP5,0
E2F4,GDPD5,0
SMARCC1,PLA2G1B,0
EP400,ZFP219,0
EED,TNS4,0
ZFP42,RCC2,0
MPHOSPH8,CTNNBL1,0
GLI2,NFATC4,0
HDAC1,CHD4,0
RYBP,TUBB6,0
NONO,MDM2,0
E2F4,HDAC3,0
PARP1,PATZ1,0
TBX3,EGR1,0
MYC,TRIM24,0
SMAD3,MYC,0
SMARCC1,JUN,0
SOX17,ZBTB10,0
CHD7,IRF6,0
YEATS4,SMAD4,0
UTF1,BARX1,0
GATA4,EPAS1,0
EZH2,SSR3,0
SMAD2,MARC2,0
NFYB,PHF1,0
TET2,MGST3,0
KDM5B,MORC4,0
CHD7,POLR1E,0
CHD4,SSR3,0
ARID1A,MYCN,0
MEN1,CSRP2,0
HCFC1,ZFP987,0
REST,HSF2,0
TET2,RYBP,0
CTCF,RNF19A,0
PHC1,GABPA,0
RIF1,PODXL,0
SALL4,MORC4,0
PARP1,CDC42SE2,0
GTF3C1,AKR1B8,0
SMARCAD1,WBP11,0
NR0B1,ARID3B,0
MAPK8,CCNG1,0
PARP1,POLR1A,0
RYBP,ERCC3,0
RARA,TIMELESS,0
TBX3,ELL2,0
ZFP57,NXF7,0
MYC,TNFAIP3,0
HEXIM1,NFIL3,0
NFYB,STAT5A,0
TRIM28,EMP2,0
PHC1,TEAD1,0
GATA4,TRIP11,0
TFE3,TBX18,0
SMARCAD1,MYO7A,0
TFE3,HES1,0
EHMT2,DMRT1,0
ELL2,LAMB1,0
DPPA2,BARD1,0
MYC,FGF3,0
PARP1,EPS8,0
E2F1,DNMT1,0
SOX17,P3H4,0
NFYB,NANOG,0
NR0B1,SALL1,0
EED,ULK1,0
SOX17,TYRO3,0
HDAC3,RRM2,0
BAZ1A,SLCO3A1,0
TFE3,LDLRAP1,0
ARID1A,DPPA2,0
SMAD2,FOXQ1,0
YEATS4,TDGF1,0
EHMT2,TCF7,0
SUZ12,FIZ1,0
GLI2,WWTR1,0
SMAD3,GTF2I,0
DAXX,TAF9,0
TET2,FAM129B,0
ELL3,TSPAN9,0
MYCN,GLDC,0
HCFC1,TRP53BP1,0
DPPA4,SOX4,0
GATA4,SMAD2,0
SMARCA4,PLTP,0
MTF2,ELF3,0
CBX8,ABHD5,0
HDAC1,ESRRA,0
TFE3,POLR1C,0
ESRRB,ING3,0
MYC,LHX2,0
TET2,HMGXB3,0
BAZ1A,POLR2K,0
PRDM14,HSBP1,0
KLF2,BAZ1A,0
SALL4,MAFK,0
DPPA2,IGF2,0
MAPK8,EIF4A2,0
TET2,TOX3,0
SALL1,NFIA,0
BAZ1A,IFI30,0
CBX7,UBP1,0
NFYB,SPRY4,0
SALL4,TFCP2L1,0
NR0B1,PHLDA3,0
KDM5B,COL4A2,0
HCFC1,SCMH1,0
KLF2,EBF4,0
CBX7,APEX1,0
ELL2,MBD2,0
E2F1,FGF3,0
KLF4,E2F2,0
SMAD3,RAD51,0
EED,KLF8,0
ELL2,MTF2,0
KLF2,P4HA2,0
DAXX,SLC6A6,0
SMARCC1,FOXO3,0
CTCF,PHF2,0
NR4A1,ZFP276,0
YEATS4,TTF2,0
CHD4,CBX8,0
GLI2,CBX6,0
YEATS4,TCOF1,0
SMAD3,FOXP1,0
TBX3,LTBP4,0
MTF2,MIS18BP1,0
ZIC3,MEF2A,0
SALL1,ING1,0
NACC1,P3H4,0
DAXX,POLR2I,0
SALL4,SERPINH1,0
ELL2,RBMXL2,0
TGIF1,PITX1,0
YEATS4,TRP53,0
E2F1,VEGFA,0
CHD4,NR0B1,0
GLI1,STAT4,0
ESRRB,MXD4,0
GLI2,GTF2H4,0
CBX7,PHF2,0
MAPK8,CALD1,0
JUN,RNF157,0
ZIC3,ATF4,0
RYBP,CLDN6,0
TRIM28,ALG13,0
DPPA2,HKDC1,0
SOX2,CNOT7,0
SALL4,ALPL,0
SMARCC1,SNORA26,0
KDM5B,SMURF2,0
NFYA,MGST3,0
KLF2,EOMES,0
JUN,TCEA1,0
MPHOSPH8,ZBTB20,0
BAZ1A,NOTCH2,0
MYC,PAX6,0
MEN1,NEDD4,0
E2F4,ATP6V0A1,0
PHC1,GNAS,0
TGIF1,SRSF1,0
KDM5B,HDAC5,0
MAPK8,TFCP2L1,0
MPHOSPH8,TNS4,0
NONO,GATA6,0
REST,SGK1,0
TET1,BMP4,0
MAPK8,NUPR1,0
NONO,PHF1,0
TBX3,TRIP11,0
SALL1,HEXIM1,0
DAXX,GRIN1,0
GABBR1,GM10039,0
NFYB,GABPA,0
GLI1,SMAD4,0
MYCN,PCBD1,0
HDAC3,VEGFA,0
GLI2,IRF3,0
PHC1,TIMELESS,0
TGIF1,FOXA2,0
KLF2,VILL,0
TBX3,TET2,0
TFE3,SLC6A6,0
ELL2,CHD4,0
TGIF1,NFYB,0
EP400,ECT2,0
EED,HMGB2,0
OTX2,MCM3,0
ZFP57,POLR2A,0
RARA,PBXIP1,0
NR0B1,CTSD,0
ARID1A,COBL,0
NONO,EMX2,0
E2F4,CTBP1,0
RIF1,LAMB1,0
DPPA2,CREBZF,0
SMARCAD1,NDRG4,0
SMAD3,ILF2,0
SOX17,SNORD32A,0
KDM5B,ZBTB10,0
KLF2,HEY2,0
CHD7,PCOLCE,0
SOX17,VEGFA,0
MAFK,TFE3,0
DAXX,DAZAP2,0
PRDM14,HIF3A,0
OTX2,FOXQ1,0
ELL3,DPPA2,0
DAXX,TUBB2B,0
MED12,ID3,0
MPHOSPH8,SOX15,0
SMARCAD1,ZHX3,0
SMAD3,POLR3D,0
EHMT2,HEY2,0
TBX3,TAF5,0
ZFP42,POU6F1,0
SMARCC1,P4HB,0
TGIF1,BARD1,0
CNOT3,ECD,0
DPPA4,KDM5B,0
SALL4,GLUL,0
SMAD2,MED15,0
TET2,SLC6A8,0
CHD7,PLOD2,0
SMARCC1,JDP2,0
DAXX,ALPL,0
GATA4,NACC1,0
HDAC2,KRT8,0
YEATS4,SP8,0
KLF2,NDN,0
HCFC1,DMRT1,0
SALL4,DCP1A,0
KLF4,MAML3,0
SMAD2,ETS1,0
SOX17,ZFP281,0
MPHOSPH8,ATF7,0
ZFP57,GSTA4,0
TFE3,BMP4,0
MYC,HNF4A,0
MAFK,TMEM150A,0
GATA4,XRCC5,0
MPHOSPH8,ULK1,0
CBX8,RBBP7,0
NONO,PHLDA3,0
HDAC3,ID3,0
ELL2,EBF4,0
MTF2,POLR1E,0
YEATS4,ETV5,0
NR4A1,HES1,0
CTCF,TNS4,0
DPPA4,POLR2A,0
YEATS4,TSHZ3,0
CBX8,PER1,0
BTAF1,TTF2,0
RYBP,XAB2,0
CBX8,NFE2L2,0
KDM5B,NKRF,0
DPPA2,MEIS1,0
GLI2,RPL22L1,0
CTCF,CTSD,0
JUN,ZFP276,0
DAXX,GTF3C1,0
NONO,LMF2,0
PRDM14,E2F4,0
SOX2,FGFR3,0
MYC,TWIST1,0
SMAD2,CCND1,0
TRIM28,PCBP2,0
SMARCA4,DNAJC2,0
DAXX,FAM129B,0
KLF2,KDELR2,0
HCFC1,TFE3,0
TGIF1,GLDC,0
PARP1,EDEM1,0
JUN,ETV3,0
SALL1,DEK,0
HCFC1,TBL1X,0
EHMT2,ELK1,0
SMARCAD1,ASS1,0
NFYB,ARID3B,0
CHD7,PGA5,0
GLI1,NEDD4,0
CTCF,HNF1B,0
YEATS4,ASNS,0
SALL1,TAF5,0
MPHOSPH8,PLOD2,0
TBX3,PLAT,0
RYBP,HNRNPD,0
E2F1,PRRX2,0
REST,BCLAF1,0
SALL1,THRAP3,0
SMAD3,SMARCAD1,0
PRDM14,PLAG1,0
HCFC1,TIMP3,0
NR4A1,TRIM13,0
NONO,ZFP398,0
GATA4,BNIP3,0
DAXX,MAPK8,0
JARID2,DIDO1,0
EP300,AMOT,0
CNOT3,ARID5B,0
NFYB,DNAJC10,0
KLF2,UBE2C,0
CBX7,CST3,0
MTF2,POLR1B,0
ZIC3,SPOCK1,0
CBX8,CKB,0
HEXIM1,SHKBP1,0
GLI2,SOS2,0
MYCN,NAA15,0
MYC,CTNNBIP1,0
DAXX,EGR1,0
ELL2,PHF20,0
PRDM14,SSR3,0
PRDM14,ATF2,0
REST,PHLDB2,0
BAZ1A,JDP2,0
NR4A1,KLF6,0
HDAC2,ABT1,0
HDAC2,RIF1,0
RYBP,POU4F2,0
TRIM28,TUBA4A,0
MTF2,PHF12,0
CBX8,AMOT,0
EHMT2,AKR1B8,0
SMARCA4,TTF2,0
PHC1,VSIR,0
E2F4,ARID5B,0
NR4A1,GRIN1,0
SALL4,ADAMTS9,0
SALL4,BNIP3,0
PRDM14,RRM2,0
NONO,NFATC2IP,0
TFE3,ESRRA,0
EHMT2,RCC2,0
MPHOSPH8,E2F2,0
TCF12,SCMH1,0
ZFP42,STARD8,0
MAPK8,KLF4,0
KDM5B,ASH1L,0
GATA4,ELF4,0
EED,LRP2,0
DPPA2,NFIC,0
MEN1,ZEB2,0
RIF1,UBTF,0
BAZ1A,POLR2H,0
MAPK8,ELF2,0
GLI2,DTX1,0
DAXX,GNPDA1,0
OTX2,KDELR3,0
CHD7,SDC4,0
JARID2,KNTC1,0
DPPA2,MT2,0
CHD4,AU018091,0
KDM5B,CEMIP,0
BAZ1A,HSPB1,0
ZFP42,PRSS35,0
CHD4,VIM,0
NR0B1,GLIPR2,0
PHC1,CCN2,0
MAPK8,BAZ1A,0
HCFC1,FXYD3,0
MTF2,CENPB,0
SOX2,P3H1,0
TFE3,CREB3L2,0
HCFC1,ZC3H7A,0
CHD4,AATF,0
ESRRB,LRRK1,0
MAPK8,SMURF2,0
GLI2,CHD5,0
SMARCAD1,DR1,0
JUN,UHRF1,0
RARA,TENM4,0
PRDM14,HES6,0
NFYA,OVOL1,0
NFYB,SERPINE2,0
E2F4,TSHZ3,0
RARA,SLC26A10,0
HDAC1,COL4A2,0
CHD4,SPEN,0
PHC1,UHRF1,0
YEATS4,KNTC1,0
NFYA,YEATS4,0
TFE3,NR4A1,0
JARID2,PLOD3,0
NR4A1,RAD54B,0
GLI1,HIST1H2AK,0
MAPK8,SNORA26,0
KLF2,TSG101,0
ZIC3,ARHGAP29,0
GATA4,MRAS,0
DAXX,IRF2,0
TBX3,MCM7,0
MEN1,NR4A1,0
KLF2,COMMD3,0
YEATS4,SND1,0
SMAD2,CSF1,0
NONO,SSBP4,0
DPPA4,CDKN1A,0
CHD7,YEATS4,0
SMAD2,TAF1A,0
SMAD3,CNOT3,0
PARP1,MDM2,0
CHD7,STARD10,0
PRDM14,RAB3IL1,0
KLF2,GNPDA1,0
SALL4,NFYA,0
CHD7,EBF1,0
JUN,TCF4,0
PHC1,GLS,0
TET2,NXF7,0
RIF1,TSG101,0
MAPK8,NPHS1,0
RYBP,ZFP275,0
RIF1,POLR2I,0
EP400,NFATC4,0
CTCF,SOX4,0
PHC1,KDELR3,0
YEATS4,TSPAN9,0
RYBP,NME2,0
SOX17,ELP2,0
SMAD3,RNF157,0
TET2,KAT6B,0
ZFP42,GATA6,0
MTF2,PHB2,0
TCF12,ZFP987,0
DAXX,P3H1,0
CBX8,RERE,0
NACC1,GATA6,0
CHD7,L1TD1,0
GLI1,BIN1,0
EED,RBBP7,0
NANOG,PBXIP1,0
SMARCC1,RBFOX2,0
MED12,ASH1L,0
SMAD2,NDRG4,0
E2F1,LMF2,0
RYBP,STAT4,0
ARID1A,TAF6,0
HDAC3,UBP1,0
MYC,CUX1,0
EED,GLMP,0
MYCN,ANP32A,0
SALL1,HOPX,0
PRDM14,SNAPC3,0
EP400,GM10039,0
SOX17,NFIB,0
SMARCC1,ZFP446,0
SOX17,CHCHD10,0
JARID2,TPD52,0
HDAC3,GABARAPL2,0
KLF2,ZFP462,0
JUN,RFX5,0
GTF3C1,PDPN,0
MAPK8,BCAT1,0
RYBP,HIP1,0
SMARCAD1,CLCN5,0
HCFC1,BRWD1,0
GATA4,MAGED1,0
MEN1,CCND1,0
PARP1,RBPJ,0
TGIF1,RBL1,0
REST,GNPDA1,0
NONO,NUP210,0
GATA4,SURF4,0
CBX7,TXNDC5,0
MED12,MORC4,0
SMAD3,RFX5,0
MAPK8,BCAM,0
SMARCA4,PML,0
EED,RB1,0
CNOT3,SLC7A6,0
MPHOSPH8,ZMYM2,0
MYCN,MCM6,0
RARA,P4HA2,0
BAZ1A,AATF,0
MPHOSPH8,POLR1C,0
NONO,HSPG2,0
TBX3,AES,0
SOX17,MAPK8,0
SALL1,CNOT6L,0
ZFP42,CREBZF,0
RYBP,EP400,0
NR4A1,HMGA2,0
GATA4,HSPB1,0
RYBP,ESRRA,0
BAZ1A,TAGLN2,0
JARID2,CBX6,0
SMARCAD1,PDCD11,0
E2F1,LGMN,0
BAZ1A,ZFP987,0
CBX8,GATA6,0
MYCN,CEBPZ,0
GTF3C1,GM10039,0
EHMT2,AMOT,0
EHMT2,CUBN,0
MTF2,KANK3,0
ARID1A,ID3,0
PHC1,CELF3,0
TET2,RFX7,0
YEATS4,TAF1A,0
MYC,HIST1H1A,0
ELL2,RERE,0
ELL3,MATR3,0
MAPK8,CBX4,0
SOX17,POLR3F,0
ZIC3,RAI14,0
HDAC3,HCFC1,0
HCFC1,MRAS,0
NFYA,ZFP276,0
RIF1,SPOCK1,0
NONO,GJB3,0
MPHOSPH8,ZFP446,0
CBX7,HKDC1,0
RNF2,SNORA26,0
CBX8,ASXL1,0
NONO,EP300,0
JUN,PRDM14,0
REST,ECD,0
SALL4,GATA6,0
SMARCC1,BARX1,0
PHC1,ZSCAN10,0
OTX2,CKB,0
CHD4,ELP2,0
NFYA,GZF1,0
KLF2,CTSL,0
CNOT3,PARP1,0
SMARCC1,NKRF,0
SOX17,KEAP1,0
REST,NDRG4,0
SMARCC1,ILF3,0
TGIF1,GM10039,0
EP400,HES1,0
MAPK8,ATF2,0
ELL3,MEF2C,0
CNOT3,MLXIPL,0
SUZ12,TOPORS,0
DPPA2,TFE3,0
SMAD3,EWSR1,0
SALL4,PROX1,0
NACC1,PGA5,0
MTF2,DDX20,0
SALL1,RNF157,0
HDAC3,ELK1,0
RNF2,ZSWIM4,0
JUN,CCNG1,0
SMARCAD1,TNS4,0
CTCF,HSP90B1,0
RIF1,HIST1H2AK,0
EP400,ZFP148,0
TFE3,HSBP1,0
ELL3,RBBP4,0
NACC1,PCBP2,0
GTF3C1,DTX1,0
SMARCA4,TRPS1,0
JUN,ZBTB10,0
HDAC3,MAFK,0
SOX17,POLR1B,0
CBX7,HDLBP,0
SOX17,UBTF,0
NR0B1,SUZ12,0
SMAD3,ZBTB7A,0
TFE3,E2F6,0
GLI2,P3H1,0
EED,SMAD4,0
OTX2,MAFK,0
SMARCC1,GATAD2B,0
NACC1,FOXQ1,0
CNOT3,CTBP1,0
E2F4,PCBD1,0
ZIC3,SLC25A4,0
SMARCC1,TRPS1,0
NONO,DMRT1,0
TET2,SUB1,0
MAPK8,GATAD2B,0
JARID2,ZFP281,0
ZFP42,GRIN1,0
GTF3C1,MEG3,0
MTF2,KEAP1,0
MPHOSPH8,CLCN5,0
SMARCA4,NKRF,0
RIF1,SMARCA4,0
HDAC3,KDELR2,0
ARID1A,NR1H2,0
GATA4,PRDM14,0
SMAD3,SIRT2,0
SMARCC1,NPAS2,0
SALL4,POLR3D,0
ESRRB,HCFC1,0
ZFP57,HIST1H1A,0
ZIC3,ABTB1,0
SMAD3,ARL6IP5,0
NR0B1,PIAS3,0
TFE3,SMARCAD1,0
GLI2,NFX1,0
KLF2,MAPK11,0
DAXX,RRBP1,0
HDAC3,EPS8,0
CHD7,TXNIP,0
KDM5B,AGAP3,0
YEATS4,GTF3C5,0
RYBP,SMARCB1,0
KLF2,BCAT1,0
NONO,RBL1,0
SMARCAD1,VSIR,0
SOX2,NSD2,0
MYCN,PDPN,0
CBX8,DR1,0
MED12,FOXD3,0
SMARCAD1,APEX1,0
BAZ1A,INSIG1,0
GATA4,BRCA2,0
SOX17,EGR1,0
HDAC3,TXNIP,0
DPPA4,MCM5,0
DPPA4,TAX1BP3,0
HEXIM1,DUSP9,0
MAFK,GLI1,0
PARP1,FXYD3,0
SMARCAD1,ZFP335,0
EED,ELF2,0
NACC1,TOP2A,0
ELL2,DDX5,0
EP300,KAT2B,0
MAFK,TOP2A,0
EHMT2,MLXIPL,0
ELL3,ZFP335,0
CHD7,GABPA,0
EZH2,POLR2E,0
EP400,RPL22L1,0
NR4A1,NR1D1,0
JUN,DDX58,0
PARP1,GAS6,0
JUN,PDIA6,0
BAZ1A,DKC1,0
REST,SRGN,0
ARID1A,PURA,0
ARID1A,SMARCC1,0
EP400,EPAS1,0
HDAC3,KRT8,0
RIF1,ODC1,0
HEXIM1,PLRG1,0
DAXX,ANXA5,0
HDAC3,SNAI1,0
GLI2,SMARCC1,0
HDAC3,NOTUM,0
REST,GLMP,0
CBX7,KDELR2,0
NR4A1,TNK2,0
GLI2,MAGED1,0
ESRRB,HNF4A,0
SOX2,E2F4,0
GATA4,SOS2,0
HEXIM1,ARHGEF40,0
SMARCA4,ARID3B,0
NFYA,PCOLCE,0
NR0B1,DTX1,0
ZFP42,BTBD11,0
MYCN,MRAS,0
YEATS4,ANKRD6,0
RYBP,ATF4,0
ELL2,PLAGL2,0
JUN,MEG3,0
EHMT2,GNRH1,0
NONO,NR1D2,0
GLI2,TNFAIP3,0
NFYB,P4HA2,0
GATA4,ELK4,0
GLI2,PHF12,0
TGIF1,USF1,0
RIF1,HIF3A,0
POU5F1,GLMP,0
EP400,LAMB1,0
RIF1,PLAT,0
SALL1,TRIB3,0
CTCF,RFX7,0
SMARCAD1,CTNNB1,0
ZFP281,TIMP3,0
NONO,TOP2A,0
RIF1,COTL1,0
NONO,KDELR2,0
SALL4,ARID1A,0
NR0B1,ELF1,0
SOX2,IKBKB,0
RYBP,FOXP1,0
CHD4,NFYB,0
RIF1,PRDM14,0
PRDM14,CBX6,0
CBX8,CNOT2,0
TFE3,2200002D01RIK,0
E2F4,CHCHD10,0
CNOT3,TBPL1,0
GLI1,PAX1,0
NR0B1,SERPINE2,0
NFYB,RCC2,0
NFYB,HDAC3,0
PRDM14,RUVBL1,0
SALL1,STXBP2,0
TET2,DUSP9,0
ELL3,SRI,0
NFYA,MYBBP1A,0
TET1,CMKLR1,0
TGIF1,ZEB1,0
EED,MBD2,0
TBX3,PBXIP1,0
TET2,TRIM13,0
DR1,CALD1,0
TFE3,CLCN5,0
SMAD3,ZFP335,0
MED12,TINAGL1,0
EED,MLLT1,0
HDAC1,MGST3,0
ELL2,SIX1,0
CHD7,TCF12,0
SIN3A,SNORD35B,0
NRF1,2810025M15RIK,0
RIF1,ALG13,0
TRIM28,ARL6IP5,0
HDAC2,EED,0
RARA,GTF2I,0
TBX3,PMM1,0
ZFP42,PRDM14,0
MAPK8,PLAGL2,0
SMAD3,BAZ1A,0
NONO,HES1,0
MAFK,ZDHHC16,0
MTF2,ANKRD49,0
BAZ1A,SLC26A10,0
RNF2,ABT1,0
CBX7,TRIM24,0
SIN3A,SPARC,0
E2F1,PITX1,0
SMARCA4,PTH1R,0
NACC1,ASS1,0
POU5F1,TAF1,0
MAPK8,MKX,0
GATA4,HDAC2,0
CHD7,TMSB4X,0
CBX7,SPRY2,0
SMAD2,IFI30,0
GLI1,CMKLR1,0
CHD7,MARC2,0
MPHOSPH8,GTF2H4,0
NFYB,BRPF1,0
CHD7,GZF1,0
SALL4,TEAD3,0
REST,TET2,0
JARID2,STXBP2,0
SOX17,COTL1,0
NFYA,VEZF1,0
MEN1,UBQLN2,0
MAFK,TOP2B,0
SMARCAD1,ESRRA,0
RARA,HDAC10,0
TGIF1,EBF1,0
SMARCC1,WBP11,0
ELL2,OPLAH,0
CBX7,ZFYVE21,0
ZIC3,SEMA4C,0
MPHOSPH8,FAM129B,0
NACC1,PDIA6,0
TBX3,MEN1,0
NR0B1,PLA2G1B,0
GLI1,PHC1,0
TBX3,COIL,0
MAPK8,HDAC3,0
TBX3,CD63,0
NONO,FXYD3,0
KDM5B,NFE2L2,0
SOX17,CLDN6,0
MTF2,GTF2H4,0
CHD7,SSB,0
EHMT2,EED,0
BAZ1A,ZC3H7A,0
SALL1,ERCC3,0
MYCN,PITX1,0
REST,MAPK13,0
JUN,HMGA1,0
MYC,DDB2,0
MPHOSPH8,SKIL,0
ARID1A,HOXD13,0
CBX7,CNOT3,0
GATA4,UBQLN2,0
DAXX,FRMD4A,0
MPHOSPH8,ZFP768,0
EED,BCL3,0
CBX8,CNOT7,0
CHD4,BMP6,0
RIF1,RNF6,0
KLF2,HNF4A,0
TBX3,PLRG1,0
MYCN,SIX1,0
SOX17,VILL,0
EP400,SOAT1,0
ZIC3,SALL1,0
MAPK8,FAM129B,0
GATA4,RAI14,0
TET1,NOTCH4,0
HCFC1,SLC6A6,0
MEN1,BASP1,0
SMAD3,RNF14,0
SALL1,FUBP3,0
BAZ1A,ATF5,0
ZFP42,ZBTB39,0
ARID1A,BAZ1A,0
PHC1,UPP1,0
TBX3,PLOD2,0
CHD7,FOXQ1,0
ESRRB,2810025M15RIK,0
HDAC3,BASP1,0
ELL2,MANF,0
EHMT2,ATM,0
ARID1A,CITED2,0
RYBP,GTF3C5,0
EP400,NFYA,0
NR0B1,CHD4,0
TFE3,HDGF,0
SMAD3,ELL3,0
CHD4,ERCC3,0
SALL1,TXNIP,0
MAPK8,MORC4,0
ESRRB,HIST1H2AC,0
NONO,BAZ1A,0
CBX8,CALU,0
NR0B1,PA2G4,0
SALL1,ANKRD54,0
EHMT2,DDIT3,0
SALL1,KRBA1,0
MEN1,SMARCD1,0
NR4A1,ADAMTS9,0
TBX3,ID4,0
SMAD3,TCERG1,0
MEN1,PRRX2,0
BAZ1A,MATR3,0
MYC,SATB1,0
EHMT2,P4HA1,0
SALL4,PRDM14,0
SMARCAD1,P3H4,0
KLF4,AATF,0
TFE3,ZFP276,0
ELL3,PAX1,0
MAFK,EMX2,0
ELL2,SRRT,0
E2F1,2200002D01RIK,0
PRDM14,CBX8,0
SMAD3,SIX1,0
HDAC2,PATJ,0
SALL4,EDA2R,0
HDAC1,MAML3,0
GATA4,NOTCH1,0
EHMT2,PMS1,0
BAZ1A,BTG1,0
KDM5B,PELP1,0
SALL1,SPRY4,0
ELL2,PRDM5,0
NONO,KLF10,0
SOX2,IGF2,0
CTCF,EHMT2,0
NONO,MPHOSPH8,0
DPPA4,CUBN,0
GATA4,MORC4,0
TFE3,MED4,0
KDM5B,SERPINE2,0
SMARCA4,IFI30,0
MED12,MEF2C,0
MTF2,TTF2,0
ARID1A,NFATC1,0
CHD7,CNOT3,0
CNOT3,FOXP1,0
EED,MAPK3,0
KLF2,TMED2,0
DPPA2,TMEM144,0
MAFK,CHST15,0
MTF2,NR2F6,0
HDAC1,CTNNBL1,0
KDM5B,AIP,0
MTF2,RBFOX2,0
BAZ1A,TWIST1,0
MYCN,EP400,0
DAXX,AIRE,0
SMARCAD1,ME1,0
REST,TAF5,0
CBX7,GABARAPL2,0
SOX17,CSF1,0
E2F4,GLDC,0
KDM5B,BRWD1,0
DAXX,ME1,0
MAFK,ATF2,0
EP400,MLXIP,0
ZFP42,CELF3,0
JUN,COTL1,0
MAPK8,APOE,0
ELL2,RANBP17,0
SMARCAD1,STXBP2,0
TRIM28,BRCA1,0
DPPA4,SLC9A6,0
KLF4,FXYD3,0
TGIF1,NR1D1,0
NFYA,ZFP91,0
JUN,BRCA1,0
NR4A1,MSH6,0
DAXX,FRRS1,0
MAFK,GATA6,0
NONO,SMURF2,0
GLI2,YEATS2,0
NONO,JARID2,0
NACC1,TAF5,0
SALL1,SMARCAD1,0
PRDM14,CBX4,0
SMAD3,HOPX,0
MYCN,PRDM1,0
SALL1,ZFP979,0
EED,ZFP768,0
SUZ12,MATR3,0
GATA4,ARID5B,0
REST,SOX15,0
CHD4,ID2,0
SALL4,FAM234A,0
MEN1,HSPG2,0
NONO,RAPGEF3,0
EED,LAMB1,0
SMAD3,UNG,0
PARP1,ANKRD54,0
REST,IRF4,0
HCFC1,ADAMTS9,0
ELL2,FRMD4A,0
NACC1,RFX7,0
EHMT2,ING1,0
HDAC3,LAMB1,0
CBX8,JARID2,0
MPHOSPH8,HMGB2,0
GLI2,IRF4,0
REST,RBBP7,0
NR4A1,CALR,0
SMARCAD1,KLF9,0
EHMT2,POLR1B,0
ZFP42,CBX4,0
DPPA4,MAPK8,0
JUN,DPPA2,0
TGIF1,RAB11A,0
BAZ1A,RYBP,0
DPPA4,UNG,0
CHD4,MED15,0
OTX2,HIST1H2AK,0
KLF4,ARNT2,0
PARP1,SSR3,0
TRIM28,ZFP335,0
MYCN,PDIA6,0
ELL3,COL4A1,0
DPPA4,UTF1,0
HEXIM1,HIVEP2,0
SMAD3,MCM5,0
GABBR1,GNRH1,0
PARP1,FUS,0
EZH2,TRIB3,0
MAPK8,CTBP2,0
ELL2,SEC24D,0
KDM5B,NPHS1,0
CBX7,NR4A1,0
HDAC1,FST,0
CHD7,TAGLN2,0
CTCF,STXBP2,0
ARID1A,KDM5B,0
CTCF,SMURF1,0
OTX2,NR2F2,0
GLI2,DDX58,0
SALL1,HDLBP,0
CBX8,RBFOX2,0
NR4A1,KLF8,0
EED,SOX2,0
REST,KDM5B,0
SOX2,KDELR3,0
ELL2,SLC25A4,0
GLI1,ATF1,0
NFYB,TDGF1,0
EZH2,NOTCH4,0
CHD7,WWTR1,0
ZFP42,ID3,0
ELL3,TMEM144,0
EP400,PHC1,0
GTF3C1,EPHA4,0
MYC,EDEM1,0
MPHOSPH8,SLC7A3,0
REST,SNORD32A,0
SMARCA4,TFAP2C,0
HCFC1,DDX58,0
RYBP,BEX1,0
SMAD3,STARD10,0
PHC1,MCM7,0
NFYA,STAT5B,0
NONO,CENPB,0
CBX8,PLOD1,0
RARA,POLR2K,0
SALL1,PML,0
TFE3,MTA3,0
ZFP57,ATP6V0A1,0
SMAD2,TSG101,0
HDAC1,BARD1,0
EED,FOXO1,0
DPPA4,FXYD3,0
TFE3,NFIB,0
TGIF1,ANKRD49,0
PARP1,RANBP17,0
EP300,ZFP36L1,0
DPPA4,SMAD7,0
YEATS4,DNAJC2,0
CNOT3,SALL4,0
NR0B1,EDEM1,0
RARA,KDELR3,0
OTX2,OBSL1,0
KDM5B,WBP11,0
MEN1,KDELR2,0
ELL3,XAB2,0
EHMT2,CTBP1,0
EED,NFKB2,0
PRDM14,ATM,0
SMARCC1,SND1,0
JARID2,BMP4,0
ELL3,RNF2,0
EED,B2M,0
EED,TRIM24,0
MAFK,E2F6,0
GLI1,NFX1,0
EP400,CRABP2,0
PHC1,ARID5B,0
SOX17,KANK3,0
ZIC3,MAN1A2,0
BAZ1A,NR2F2,0
TFE3,HIST1H1A,0
NR4A1,MAZ,0
SMAD3,HS3ST1,0
PARP1,SOCS2,0
HDAC3,BMP6,0
NACC1,SFPQ,0
SUZ12,ILF2,0
HDAC3,KLF2,0
NONO,MAPK11,0
TFE3,P3H4,0
TFE3,GTF2I,0
TGIF1,CALU,0
RIF1,BCLAF1,0
SUZ12,ASS1,0
NR0B1,EZH2,0
MAPK8,SEPT1,0
CBX7,BTF3,0
EED,TRIM28,0
NFYA,SMAD3,0
SALL1,FRMD4A,0
NACC1,L3MBTL2,0
PARP1,NFE2L2,0
MYC,MEF2C,0
BTAF1,NDRG4,0
MTF2,BCAT1,0
DPPA4,DDX20,0
CHD4,PHLDB2,0
ELL3,SOX17,0
RIF1,STAT5B,0
TBX3,ESPL1,0
SOX17,BMP6,0
MTF2,SLC25A4,0
PRDM14,MAFK,0
ZFP42,BMP4,0
RIF1,ANKRD49,0
CNOT3,MME,0
OTX2,KRT42,0
SMAD2,RRM2,0
PARP1,ZFP281,0
MPHOSPH8,ECD,0
EED,KLF9,0
EHMT2,TAF1,0
JUN,SIRT1,0
EHMT2,SERTAD2,0
DPPA4,ANXA2,0
CHD7,ETV1,0
REST,RNF14,0
NACC1,TSPAN9,0
EHMT2,RNF19A,0
TFE3,RFX2,0
ELL2,SRSF3,0
SALL4,LY6G6E,0
SALL1,HSPA5,0
JUN,HDAC5,0
ARID1A,TRPS1,0
SOX2,RELA,0
TFE3,PLA2G1B,0
RARA,HDGF,0
ARID1A,ERP29,0
JUN,PRSS35,0
KDM5B,NRG1,0
NR4A1,SHROOM3,0
ARID1A,GRHL1,0
CHD7,CNOT6,0
GLI2,ILK,0
ARID1A,TRIP11,0
NONO,RERE,0
ELL3,EPHA2,0
DPPA2,RBBP7,0
HDAC2,KDELR2,0
PHC1,H1F0,0
TET2,HSP90AA1,0
CHD4,RBFOX2,0
ELL2,NFYA,0
HEXIM1,THBD,0
TBX3,DIDO1,0
HDAC1,AQP8,0
NR0B1,HDAC1,0
CHD4,APEX1,0
YEATS4,STARD10,0
CBX7,MXD4,0
BAZ1A,PHC1,0
EP400,NFATC1,0
YEATS4,MEIS1,0
TCF12,TAGLN2,0
POU5F1,NSD2,0
TET2,SSR3,0
NR4A1,RUNX3,0
RIF1,NME2,0
MAFK,DDB1,0
NR4A1,DKK1,0
GLI1,ZFPM1,0
BAZ1A,ABTB1,0
MAPK8,AGAP3,0
PRDM14,HDAC10,0
SOX2,TRIM32,0
BAZ1A,CTH,0
NACC1,SDC4,0
JUN,ING3,0
MTF2,ANKRD54,0
PARP1,KANK2,0
NACC1,POLR1C,0
MTF2,IFI30,0
KDM5B,JAM2,0
MYC,CREB5,0
KDM5B,E2F4,0
TBX3,INTS12,0
DPPA4,ARL6IP5,0
CTCF,RBBP7,0
YEATS4,INTS12,0
NFYA,TAF1A,0
EED,TET2,0
ELL3,ING3,0
ARID1A,SRSF3,0
CBX7,SCMH1,0
KLF2,CHD4,0
NR0B1,PITX1,0
CHD7,PREB,0
TRIM28,ZBTB20,0
CTCF,ID2,0
EED,CALCOCO2,0
NFYB,RFX2,0
HDAC1,IFITM3,0
SOX17,ZBTB43,0
DAXX,TFAP4,0
REST,SOS2,0
GLI1,RBMXL2,0
SALL4,CMKLR1,0
JARID2,SLC25A5,0
MTF2,ID2,0
GLI2,BTG1,0
CBX8,HDGF,0
RARA,NXF7,0
KDM5B,PLA2G1B,0
MTF2,DDB1,0
KDM5B,ZFP446,0
ELL2,LDHB,0
YEATS4,FOXJ2,0
GLI1,ASNS,0
HDAC1,NONO,0
RIF1,LMO4,0
SOX17,SMARCA2,0
PHC1,FLRT3,0
NR4A1,SIX1,0
DAXX,CNOT2,0
PHC1,SMURF1,0
MEN1,PATZ1,0
TET2,SPEN,0
PHC1,AES,0
MAFK,TNS4,0
NR0B1,HIST1H1D,0
TRIM28,MGST3,0
ELL3,PHF14,0
SOX17,APEX1,0
GATA4,RBPMS2,0
CTCF,CCNG1,0
GLI2,ZFP91,0
GLI2,STXBP2,0
HDAC2,TMSB4X,0
RARA,TOX3,0
SMARCC1,CITED2,0
HCFC1,PHF1,0
EP400,PAWR,0
ZIC3,RB1,0
TGIF1,GSR,0
BAZ1A,TINAGL1,0
RARA,PER1,0
MAPK8,FOXQ1,0
MAFK,TLE1,0
SMARCAD1,TBX3,0
PHC1,RAD54B,0
EED,NFYB,0
DAXX,NFE2L2,0
ELL3,LRRK1,0
PRDM14,ZFP768,0
GLI1,TPM4,0
NFYB,ETV3,0
SOX17,PRRX2,0
KLF2,SHKBP1,0
TRIM28,KRT42,0
RIF1,FOXP1,0
RARA,IRF6,0
E2F1,MITF,0
MYCN,HNF4A,0
CTCF,CHD5,0
CHD7,ZFP987,0
PRDM14,HDLBP,0
SMARCA4,IRF3,0
DPPA2,ATF5,0
CNOT3,NFIL3,0
GATA4,NFXL1,0
GATA4,ZFP281,0
RYBP,RAB3IL1,0
GLI2,RARG,0
NACC1,TINAGL1,0
E2F1,SMARCC1,0
NFYB,FOXA2,0
NFYA,PELP1,0
GLI2,SALL1,0
GLI1,SNORD35B,0
REST,AMPD2,0
EP400,P3H4,0
CNOT3,MORF4L2,0
NONO,MIS18BP1,0
MPHOSPH8,JARID2,0
ELL2,IFITM2,0
DPPA2,ABT1,0
GLI2,HDGF,0
EHMT2,KAT6B,0
EP400,CCN2,0
CNOT3,TCOF1,0
SMARCAD1,PHF2,0
TFE3,NFE2L1,0
DR1,MAGED1,0
NACC1,COL4A1,0
PRDM14,SOX17,0
MYC,PTH1R,0
RIF1,GTF2H3,0
TRIM28,POLR1A,0
NR4A1,BCAM,0
TET2,DPPA4,0
TFE3,HSPH1,0
CTCF,MSH6,0
CNOT3,E2F1,0
GLI1,FRMD4A,0
SALL1,HSF2,0
TFE3,UPP1,0
HDAC2,POLR1C,0
MED12,NPHS1,0
GATA4,PHLDA3,0
ZIC3,SMURF2,0
TGIF1,CBX4,0
TET2,HDLBP,0
EP400,MYO7A,0
MYC,GATA4,0
BAZ1A,TMEM144,0
SMAD2,PLOD1,0
MEN1,PLTP,0
CHD4,TFE3,0
ELL2,MYC,0
JARID2,CDC5L,0
E2F1,TRIM32,0
GLI2,HNF4A,0
CHD7,PIAS3,0
DPPA4,LTBP4,0
TET2,SP1,0
NFYA,NFIL3,0
PARP1,IFITM3,0
ESRRB,ZFP277,0
DPPA2,NFX1,0
SMAD3,FN1,0
OTX2,SMARCA2,0
EED,CST3,0
SMAD3,RLIM,0
MYCN,ZFP446,0
ELL3,GATA4,0
MTF2,TFCP2L1,0
EHMT2,TCF20,0
HDAC2,GNAS,0
EED,MSH6,0
KDM5B,NR1D2,0
DPPA2,UHRF1,0
SUZ12,SUB1,0
SMAD3,RRBP1,0
CHD4,ZFP987,0
ZFP57,ATF6,0
SOX2,TWIST1,0
PARP1,GLIPR2,0
DPPA2,ESRRB,0
NR4A1,HDAC3,0
EHMT2,NR1H2,0
SMARCA4,HIST1H1B,0
KLF4,TRP53BP1,0
TGIF1,POLR2H,0
DAXX,HIST1H2BL,0
GLI1,NR5A2,0
TRIM28,YAF2,0
GLI2,IRF6,0
HDAC2,FXR2,0
ELL2,BTAF1,0
MPHOSPH8,TIMP2,0
EED,ELK1,0
GTF3C1,ARID5B,0
JUN,DIDO1,0
MAPK8,MCM3,0
SMAD3,NFATC4,0
OTX2,PHF14,0
ZIC3,2810025M15RIK,0
NR4A1,RBM14,0
CHD4,DAB2,0
NONO,TUBB6,0
HDAC2,SLC6A8,0
MED12,RHOX6,0
SMARCA4,DDX58,0
CHD7,GABBR1,0
ZFP42,EHMT2,0
CHD4,D230025D16RIK,0
NONO,PBX4,0
BAZ1A,GNPDA1,0
TET2,NID1,0
EP300,FGF10,0
TFE3,TSPAN9,0
NONO,TCF12,0
SMAD2,CBX8,0
TBX3,SND1,0
DPPA4,HMGA2,0
DPPA2,SNURF,0
HDAC2,MME,0
ZIC3,TLE1,0
NFYA,POLR2E,0
NR0B1,HKDC1,0
SMARCC1,RAD51,0
MAPK8,CSRP2,0
CHD7,MYD88,0
EHMT2,GBX2,0
SMAD3,SEPT1,0
SOX17,P4HA1,0
MPHOSPH8,ZFP276,0
HDAC3,CTNNB1,0
GATA4,PELP1,0
E2F4,LMO4,0
PARP1,LDB1,0
HDAC2,ATP6V0A1,0
NR0B1,HIST1H2BB,0
MAPK8,FOXJ2,0
CBX8,DDX5,0
JARID2,IFITM2,0
DAXX,2810025M15RIK,0
CNOT3,LMF2,0
TRIM28,SND1,0
RARA,IL33,0
NACC1,NFIA,0
TET2,STAT5B,0
GLI2,PDCD11,0
TFE3,PCOLCE,0
GLI1,TEAD3,0
MEN1,TAF6,0
EED,RFX5,0
PRDM14,PKNOX2,0
NONO,HS3ST1,0
YEATS4,NRF1,0
NR4A1,EOMES,0
KDM5B,CTSL,0
PHC1,NSD2,0
SMARCC1,SRM,0
GLI1,KDELR3,0
MAFK,MEIS1,0
HDAC1,BTF3,0
CHD7,DMRT1,0
CHD4,PAWR,0
ELL2,CTNNBIP1,0
ZIC3,PGA5,0
YEATS4,IFITM1,0
HCFC1,ESRRB,0
MAPK8,HIST1H2BB,0
NFYA,SRGN,0
SMAD2,ADAM23,0
NFYB,TGFB1,0
NFYB,RPL22L1,0
SMARCAD1,GRIN1,0
RARA,MSC,0
HDAC3,CCNG1,0
NFYB,PA2G4,0
SALL1,ZFP91,0
E2F4,EDEM1,0
EZH2,ERCC3,0
EP400,PFKP,0
RARA,ELL3,0
NR0B1,ANKRD49,0
NACC1,PRRX2,0
MTF2,RNF19A,0
MEN1,PKNOX2,0
SMAD3,PHF1,0
CNOT3,MAFK,0
SMARCC1,PHLDB2,0
SUZ12,PBXIP1,0
RYBP,ZEB2,0
SALL1,MKRN1,0
ELL2,SKIL,0
TBX3,TBPL1,0
GLI2,MIS18BP1,0
NACC1,MAPK11,0
MPHOSPH8,EMX2,0
NONO,DDAH2,0
RYBP,SMARCA4,0
RNF2,MAGED1,0
TGIF1,SPRY2,0
TBX3,NFIA,0
ELL2,RELA,0
YEATS4,HEXIM1,0
REST,HMGA1B,0
CTCF,FDPS,0
NFYA,APOBEC3,0
GLI2,ZFP296,0
JUN,TAF6L,0
TGIF1,TBX18,0
PARP1,MAPK3,0
JUN,BAZ1A,0
MTF2,TAX1BP3,0
CBX8,MCM7,0
BAZ1A,SORD,0
BAZ1A,THRAP3,0
RIF1,FAM25C,0
TET2,2200002D01RIK,0
KLF2,TOX3,0
SUZ12,RBMX,0
CBX8,TAF6,0
KDM5B,ORC2,0
PRDM14,HOPX,0
SMARCAD1,KLF3,0
GLI1,POLR3F,0
MAPK8,POLR2J,0
CBX7,FXR2,0
SALL4,KHDC3,0
MPHOSPH8,RNF19A,0
KLF2,SOS2,0
NR4A1,RHOX6,0
EP400,TUBA4A,0
MPHOSPH8,DPPA2,0
CNOT3,NUP210,0
KDM5B,ARHGAP29,0
JUN,SREBF1,0
CBX7,HSPG2,0
EHMT2,TAF9,0
SMAD3,ZFP423,0
BAZ1A,HDGF,0
MYCN,GSR,0
TRIM28,BIN1,0
SMARCC1,NOTCH4,0
DPPA4,TMED2,0
EED,RERE,0
SMAD3,MARC2,0
MAPK8,ABTB1,0
CTCF,CNOT6L,0
SMARCAD1,AMOTL2,0
GLI1,NR0B1,0
REST,MYD88,0
EED,LAMC1,0
ZFP281,ZFP462,0
SALL1,ODC1,0
TRIM28,TRIM24,0
DAXX,ELK1,0
ELL2,IGFBP2,0
SMARCC1,RRM2,0
REST,TMED2,0
RYBP,SIX5,0
SMARCAD1,SNORA26,0
NR4A1,FDPS,0
TGIF1,SLC16A1,0
GLI2,TCL1,0
SMARCA4,GJB3,0
TFE3,MYMX,0
REST,IL33,0
GLI1,ITGA6,0
CBX8,ING1,0
KLF2,AMPD2,0
HDAC3,TBX18,0
HDAC2,HTRA1,0
EP400,GPX3,0
SOX2,HDAC11,0
TBX3,DKC1,0
EP400,CREB3,0
HCFC1,OPLAH,0
HEXIM1,MCM2,0
BAZ1A,DPPA2,0
PRDM14,NRG1,0
SALL1,RCC2,0
NACC1,ATF4,0
MAPK8,CREB3L2,0
EP400,RCC2,0
MAPK8,PHB2,0
DAXX,HNF4A,0
PARP1,ETV1,0
NR4A1,MSX2,0
ELL2,NR2F2,0
HDAC2,CREB3,0
HDAC1,ING3,0
KDM5B,OBSL1,0
RIF1,FAM234A,0
E2F1,JUN,0
SMAD2,DKK1,0
YEATS4,TINAGL1,0
CBX8,MAZ,0
RYBP,BARD1,0
MPHOSPH8,PLOD1,0
EP300,PLRG1,0
DPPA4,AQP8,0
ELL2,MAFK,0
GTF3C1,TRIP6,0
E2F4,LY6G6E,0
SMARCC1,EPHA2,0
MAFK,DAB2,0
KLF2,ASNS,0
ZFP281,AES,0
MPHOSPH8,TENM4,0
PARP1,SFI1,0
DPPA4,AU018091,0
JUN,BCAM,0
SALL1,MYO7A,0
RIF1,CAR2,0
SALL4,TFE3,0
MTF2,IFITM3,0
EP400,FGF10,0
SMARCC1,ZDHHC15,0
CBX7,ZFP335,0
EED,ING1,0
EED,CTSD,0
ARID1A,CHST15,0
PRDM14,WBP11,0
GATA4,AGAP3,0
KDM5B,CNOT3,0
NACC1,PITX2,0
SOX17,STAT5A,0
TRIM28,RUVBL2,0
ESRRB,RBFOX2,0
RNF2,SMAD4,0
OTX2,BTBD11,0
EHMT2,PURA,0
SALL4,ZBTB20,0
SALL1,ZFP36L1,0
EED,VIM,0
REST,XAB2,0
CHD7,ZFP281,0
NR4A1,CDC5L,0
REST,TAF9,0
GLI1,FBLIM1,0
KLF2,HDAC3,0
GLI1,TPD52,0
OTX2,MT1,0
NACC1,EYA1,0
TRIM28,DNAJC10,0
CBX7,GM10039,0
NFYA,RHOX6,0
EED,ETV4,0
CNOT3,TSHZ3,0
RIF1,HIP1,0
TET2,LDLRAP1,0
NFYB,SNORA26,0
TRIM28,MAZ,0
SMAD2,CAR2,0
SMARCAD1,NR0B1,0
SUZ12,APEX1,0
CHD4,PURA,0
CBX8,RAD54B,0
TGIF1,MAZ,0
TFE3,CITED1,0
PRDM14,SIN3B,0
RNF2,TFAP4,0
CBX7,HES1,0
PRDM14,F3,0
TRIM28,TOP2A,0
SMAD3,TNK2,0
EED,JDP2,0
SALL4,MCM7,0
HDAC3,BMPER,0
CHD7,CTNNBL1,0
RIF1,GLDC,0
MYC,BIN1,0
HCFC1,MYO7A,0
EED,IFITM1,0
SMAD3,CTBP2,0
SMARCA4,SOX4,0
SALL1,ITGA6,0
ARID1A,KANK3,0
KDM5B,SATB1,0
CTCF,MEF2C,0
REST,TPM4,0
TGIF1,FXR1,0
CBX7,LAPTM5,0
CHD4,TCF4,0
SMARCC1,BMP4,0
RIF1,GABPA,0
ELL3,SCMH1,0
SOX2,EWSR1,0
DAXX,ZFP768,0
SOX2,GATA3,0
CHD4,ABHD5,0
MYCN,EMP2,0
MTF2,APBB1,0
TGIF1,HMCES,0
TET1,IRF4,0
MEN1,LAMA5,0
HDAC2,DMRT1,0
EED,LAPTM5,0
DPPA4,AMPD2,0
KDM5B,POU2F1,0
YEATS4,RUNX3,0
TFE3,MYCN,0
REST,ZBTB32,0
UTF1,HMGA1,0
UTF1,ARID3B,0
SMAD3,PLTP,0
PARP1,ANKRD6,0
JUN,WBP11,0
ELL2,TAF6L,0
KLF4,ZYX,0
YEATS4,KDELR3,0
CNOT3,HIST1H4K,0
TFE3,ZFP36L1,0
MEN1,HDAC10,0
HCFC1,POLR1E,0
ELL3,TEAD1,0
ZFP42,MT1,0
HCFC1,FHL2,0
RARA,ANXA2,0
GLI1,CSRP2,0
ELL2,HSPA5,0
TET2,PIAS1,0
E2F4,MYO7A,0
YEATS4,SNORD35B,0
SMARCC1,RBM14,0
TET2,FOXP1,0
RARA,NFX1,0
HCFC1,ARID3B,0
YEATS4,ETV4,0
MTF2,MLXIP,0
SALL1,EPS8,0
DAXX,BRPF1,0
NONO,SFPQ,0
NFYB,ETV6,0
REST,HDAC3,0
NACC1,SLC6A6,0
SMAD2,MEF2C,0
HDAC1,ZFP423,0
ZIC3,P4HA1,0
ELL2,DEK,0
ZFP281,ID2,0
KDM5B,SNORD93,0
EZH2,HDAC4,0
HDAC2,CALCOCO1,0
TGIF1,ZBTB32,0
DPPA2,TENM4,0
EZH2,AKR1B8,0
KDM5B,ISYNA1,0
BAZ1A,CREB3,0
DAXX,AU018091,0
CBX7,BTAF1,0
PARP1,P4HA1,0
MPHOSPH8,SATB1,0
SMARCC1,PARVB,0
TET2,PLA2G1B,0
TET2,MEF2C,0
PHC1,HTRA1,0
GATA4,MEIS1,0
NR0B1,CRY1,0
EED,ARNTL,0
TRIM28,MYCN,0
NR0B1,CRIP2,0
TBX3,NXF7,0
EP300,PODXL,0
SALL1,NFIC,0
CHD7,TENM4,0
ELL3,ELF4,0
KDM5B,POLR2I,0
JUN,CDC20,0
EHMT2,MYO7A,0
CTCF,NFATC4,0
MYC,SSR3,0
HDAC3,CNOT6,0
PARP1,ARHGEF40,0
ZFP42,TNK2,0
GLI1,CTBP1,0
RIF1,TINAGL1,0
ELL2,EPHA4,0
NR4A1,MT2,0
KDM5B,ETV1,0
NR4A1,NR0B1,0
JUN,RFXAP,0
GATA4,BCL3,0
SMARCAD1,PHF20,0
TRIM28,TWIST1,0
RARA,YAF2,0
NR4A1,NKRF,0
CHD4,FGF10,0
SALL4,LOXL2,0
MAFK,TRP53BP1,0
ARID1A,SALL4,0
PRDM14,DR1,0
DPPA4,VIM,0
SMARCC1,SIX5,0
TET2,XAB2,0
TBX3,YBX1,0
CNOT3,FGFR3,0
NFYA,HDAC3,0
MYCN,HIST1H2AI,0
RARA,BMP6,0
TET2,EYA1,0
MYCN,SURF4,0
MEN1,MAZ,0
REST,TRIP11,0
PRDM14,PCBP2,0
TRIM28,NFYB,0
MEN1,PARVB,0
ZFP42,MYO7A,0
TCF12,NSD1,0
SMARCA4,COMMD3,0
SALL1,TUBA4A,0
ZFP57,MYO7A,0
NR0B1,SOX17,0
MPHOSPH8,NR3C1,0
EHMT2,VILL,0
NR4A1,PHLDA3,0
JARID2,ASH1L,0
MTF2,CNOT7,0
SALL4,PREB,0
ZIC3,PEG3,0
MEN1,TUBB2B,0
SALL4,AKR1B8,0
MAFK,ATP6V0A1,0
KLF4,EED,0
MAFK,RNF14,0
NR4A1,POLR1A,0
GLI2,APEX1,0
KDM5B,EZH2,0
PRDM14,DPPA4,0
ELL3,FOXO3,0
MTF2,SSB,0
HDAC2,NDRG4,0
CHD7,PROX1,0
HDAC2,ELL3,0
CHD4,GABARAPL2,0
MEN1,RCC2,0
EED,SMARCB1,0
BAZ1A,SHKBP1,0
SMAD3,KRT42,0
ELL3,UBE2C,0
PRDM14,AES,0
TGIF1,PER1,0
TGIF1,POU5F1,0
RYBP,CTSL,0
SALL4,MANF,0
MEN1,POU5F1,0
RYBP,RBMX,0
JARID2,RUVBL1,0
NACC1,MEN1,0
SOX2,CUX2,0
EHMT2,SEMA4C,0
DPPA4,SRSF6,0
HDAC3,LGMN,0
RARA,PRDM1,0
GLI1,UBE2C,0
ARID1A,ALPL,0
SMARCAD1,GATA3,0
DAXX,HDGF,0
SMARCAD1,SLC7A6,0
MEN1,OVOL1,0
EP300,LRRK1,0
HDAC2,TCF7L2,0
DPPA4,BMP4,0
EHMT2,HEXIM1,0
TRIM28,KLF4,0
GATA4,NFATC1,0
CHD4,LMF2,0
E2F4,MEG3,0
PARP1,NPHS1,0
NFYA,BCAT1,0
BAZ1A,TAF1,0
NONO,SRSF1,0
TET2,SOX7,0
ZFP42,P4HA2,0
HCFC1,ZFP462,0
CHD4,WWTR1,0
GLI2,CITED2,0
TET2,EBF1,0
ELL2,NR2C1,0
MYC,CSF1,0
NR0B1,TYRO3,0
KLF2,MYH9,0
KLF2,TBL1X,0
CHD7,ZFP42,0
TBX3,RHOX6,0
NONO,ABTB1,0
TBX3,CMKLR1,0
DPPA4,TAF6,0
RYBP,ELL3,0
NR0B1,MED12,0
HEXIM1,EPAS1,0
SALL1,CTNNB1,0
PHC1,PSIP1,0
BAZ1A,MLXIPL,0
SMARCAD1,SMARCC2,0
SMAD3,MAML1,0
BAZ1A,PTH1R,0
MAPK8,SNORD93,0
EHMT2,NR1D1,0
GATA4,NFIL3,0
DAXX,GJA1,0
NRF1,CSF1,0
TET2,MEF2A,0
EHMT2,H1F0,0
TET2,ZFPM1,0
DPPA2,EMX2,0
TRIM28,KRBA1,0
RARA,IRF4,0
NONO,SERPINH1,0
SMARCAD1,PSIP1,0
HEXIM1,TMSB4X,0
NR0B1,LTBP4,0
PRDM14,ZDHHC15,0
SMARCA4,NSD1,0
GTF3C1,LAPTM5,0
MPHOSPH8,MYLPF,0
BAZ1A,PDCD4,0
SMAD3,MED15,0
CBX7,TBPL1,0
CNOT3,ZFP275,0
EP400,CITED1,0
EHMT2,FXYD6,0
PRDM14,RPL22L1,0
BAZ1A,TRP53BP1,0
HDAC3,ZFP335,0
SOX2,HMGA1,0
DPPA2,TRPS1,0
CTCF,ZFP446,0
JARID2,TGFB1I1,0
MTF2,SOCS2,0
PARP1,COL27A1,0
SMAD2,TCERG1,0
YEATS4,AMPD2,0
E2F4,ZFP987,0
KDM5B,TLE1,0
RARA,PLOD2,0
EHMT2,MME,0
TET1,FST,0
EED,GJB3,0
MTF2,TRIM32,0
ELL2,SHKBP1,0
RIF1,BCAT1,0
REST,TCF7L2,0
MAPK8,ETV6,0
PHC1,CKB,0
MPHOSPH8,MED4,0
MYC,TGFB1I1,0
SMARCC1,NR0B1,0
EP400,UBQLN2,0
EHMT2,KLF6,0
DPPA4,FGF4,0
MYC,SPP1,0
CBX8,TOP2B,0
PHC1,HNRNPD,0
MYCN,ELF3,0
BAZ1A,FIZ1,0
NR4A1,2410141K09RIK,0
MTF2,TCEA1,0
NACC1,DDX54,0
ZIC3,FOSL2,0
E2F1,ZEB2,0
GLI1,AMOTL2,0
TET2,TAF1,0
TET1,RPL22L1,0
PRDM14,ETV6,0
SMAD3,POLR1A,0
EED,IFI30,0
RARA,NID1,0
MPHOSPH8,VIM,0
ARID1A,NDN,0
HDAC3,MYO7A,0
SMARCC1,FIZ1,0
BAZ1A,BEND5,0
OTX2,TRIM25,0
REST,VSIR,0
SMARCAD1,PIAS2,0
PRDM14,AKR1B8,0
EP400,UCHL1,0
NFYA,CALCOCO2,0
CBX8,E2F1,0
MAFK,MEN1,0
DAXX,NR5A2,0
SOX2,ATF1,0
EP400,PTPN14,0
OTX2,FHL2,0
ELL2,AATF,0
TET2,LAMA1,0
PRDM14,MME,0
SALL1,SLC26A10,0
JARID2,CTNNBL1,0
PARP1,RAI14,0
TET1,SERPINH1,0
DPPA4,UBTF,0
TET2,E2F2,0
CHD7,LY6G6E,0
PRDM14,P3H4,0
CNOT3,EBF1,0
KLF2,SMARCC1,0
DAXX,SPRY2,0
REST,ID3,0
TBX3,TAGLN2,0
HEXIM1,HNF4A,0
ELL3,PKNOX2,0
MYC,RFX7,0
SALL1,OBSL1,0
TGIF1,TCOF1,0
CTCF,SIRT2,0
GTF3C1,NFIC,0
EP300,GTF2A1L,0
EED,NR2F6,0
NONO,RNF2,0
GATA4,MAFK,0
EED,ELF1,0
NR0B1,ZFP768,0
CBX8,SP1,0
DAXX,POLR2E,0
RIF1,LOXL2,0
SALL4,IRF3,0
BAZ1A,TRIM25,0
RYBP,CSRP2,0
RNF2,PRSS35,0
CHD7,TAF9,0
DPPA4,TRP53BP1,0
PHC1,COIL,0
TGIF1,POLR3D,0
EED,BRD7,0
TFE3,CSRP2,0
E2F1,ZFP987,0
YEATS4,PHB2,0
NR4A1,ERCC3,0
SMAD3,TAF1,0
KLF2,ULK1,0
CBX8,APOE,0
SMAD3,MSC,0
RIF1,NRG1,0
CBX8,LOXL2,0
MYC,NRG1,0
PHC1,PIAS3,0
ARID1A,RBPMS2,0
CHD7,ADAM23,0
SALL4,EMX2,0
RIF1,MLLT1,0
GLI1,PHF14,0
CNOT3,MBD2,0
SUZ12,SIRT3,0
PHC1,HIST1H3H,0
EP300,GAS6,0
ELL3,GTF2H4,0
KLF4,TAF6L,0
SMAD2,SRSF6,0
TRIM28,PHC1,0
HCFC1,ZMYM2,0
RYBP,NFIA,0
KLF4,GLDC,0
KLF2,ATP13A3,0
KLF2,FXYD6,0
KDM5B,ZFP987,0
RIF1,LAMB2,0
SALL4,MED12,0
MAFK,EPHA2,0
KLF4,TMED2,0
CBX7,ZBTB24,0
RARA,PIAS3,0
SMAD3,RBBP4,0
CTCF,HKDC1,0
MPHOSPH8,NR5A2,0
CNOT3,JAM2,0
JARID2,ETV5,0
MAPK8,LAMB2,0
MAFK,RIF1,0
PHC1,TCEA3,0
KDM5B,ULK1,0
CNOT3,TAF9,0
TET2,USF1,0
CHD7,SELENOW,0
YEATS4,FOXQ1,0
ESRRB,CNOT3,0
SALL1,CNOT7,0
CTCF,IKBKB,0
TRIM28,NPHS1,0
TET1,RCN3,0
E2F4,PHLDA3,0
DR1,PCOLCE,0
PRDM14,DDIT3,0
ARID1A,XAB2,0
REST,DUSP9,0
MAFK,DR1,0
CBX7,ZFP987,0
HEXIM1,2200002D01RIK,0
GLI1,EOMES,0
JUN,DDX54,0
GLI2,ASH2L,0
CHD7,NR4A1,0
NFYA,IRF3,0
ELL3,CBX8,0
DR1,LEFTY1,0
EHMT2,GLDC,0
SOX17,ZFP148,0
NR4A1,RAD51,0
CBX8,PSIP1,0
ESRRB,AQP8,0
NFYA,EMX2,0
GLI2,NACC1,0
GLI2,TOP2A,0
HCFC1,FOXQ1,0
TCF12,ZFP462,0
SMARCC1,TCF7,0
NONO,EDA2R,0
TFE3,YBX1,0
MPHOSPH8,MEIS3,0
SMARCA4,BMP4,0
BAZ1A,RCN3,0
MYCN,HNRNPAB,0
SMARCC1,CALR,0
HEXIM1,CUBN,0
ARID1A,BRCA2,0
NACC1,TUBA4A,0
GLI2,TCOF1,0
CBX7,DPPA4,0
TRIM28,DAXX,0
E2F1,KANK2,0
PARP1,KIT,0
TFE3,POLR1E,0
ELL3,CTSZ,0
NFYB,SALL1,0
CNOT3,HNRNPD,0
MTF2,GRHL1,0
SMAD2,SSR3,0
RARA,NME2,0
ELL3,CTBP2,0
MYCN,MEIS3,0
JARID2,TAF10,0
NR4A1,PLAGL2,0
GLI2,CUBN,0
UTF1,AU018091,0
RIF1,TFRC,0
NR0B1,PGA5,0
NONO,ERCC8,0
ARID1A,EDA2R,0
E2F4,NOTCH4,0
RYBP,GTF2I,0
MYCN,POU5F1,0
KLF2,LDHB,0
SUZ12,HCFC1,0
GLI2,EYA1,0
HDAC3,RB1,0
NFYB,PLAT,0
CTCF,RUVBL1,0
ZIC3,POLR3D,0
RARA,RAB3IL1,0
KLF2,PHLDA3,0
TET2,CIC,0
HDAC3,RFXAP,0
ARID1A,HDAC1,0
TET2,SATB1,0
GLI2,CNOT2,0
SMARCAD1,DEK,0
NR0B1,AGAP3,0
MEN1,MT1,0
TFE3,MAPK8,0
SOX17,RBBP4,0
YEATS4,E2F4,0
MPHOSPH8,SMARCA2,0
SALL1,HIST1H2BF,0
MYCN,PRRX2,0
SOX17,FGF4,0
REST,PTH1R,0
DAXX,TCL1,0
KDM5B,CALD1,0
OTX2,HIST1H2AI,0
ZIC3,NSD1,0
NACC1,HIF3A,0
MYCN,MED12,0
NFYA,HSBP1,0
MPHOSPH8,GATAD2B,0
CNOT3,IGF2,0
BAZ1A,GTF2H4,0
TFE3,MEN1,0
SOX17,DDB1,0
ELL2,RYBP,0
HDAC2,SEPT1,0
DPPA2,UTF1,0
NR0B1,KLF15,0
NR4A1,TUBB6,0
MAFK,CHD7,0
CHD4,FIZ1,0
E2F1,SRRT,0
JUN,HSPB1,0
RNF2,DDX58,0
RARA,TGFB1I1,0
MAFK,HSP90AA1,0
CHD7,LDHB,0
SALL1,MLXIP,0
SALL4,IGF2,0
RYBP,SCMH1,0
SALL1,CELF3,0
HDAC3,TFAP2C,0
JARID2,TET2,0
MTF2,KLF9,0
E2F4,CBX8,0
EHMT2,FBLIM1,0
ARID1A,SMARCAD1,0
DPPA2,RCN3,0
SIN3A,RHOX6,0
RIF1,POLR1B,0
RARA,ASH1L,0
MAPK8,PSIP1,0
SOX17,CHD5,0
EHMT2,TNFAIP3,0
CBX8,LHX2,0
ARID1A,HKDC1,0
NR0B1,BCAT1,0
REST,ATF6,0
ELL3,ILK,0
MTF2,TUBB6,0
DPPA4,NFE2L1,0
ESRRB,PSIP1,0
JUN,IGFBP2,0
MYCN,TPD52,0
HDAC2,TUBB2B,0
KLF4,MED12,0
YEATS4,RAD51,0
MAFK,SMAD7,0
SOX2,ABT1,0
SMARCAD1,ZEB1,0
CHD7,FIZ1,0
HCFC1,BNIP3,0
KDM5B,SRSF1,0
SMARCA4,ADAMTS9,0
EHMT2,MKX,0
NFYA,KLF4,0
MEN1,EMP2,0
KDM5B,POLR2H,0
E2F1,TBL1X,0
NR4A1,PATJ,0
SALL1,PSIP1,0
SMARCC1,PHF12,0
GATA4,B2M,0
HDAC3,HMGA1,0
MEN1,SMAD3,0
JUN,SUB1,0
DPPA4,DDAH2,0
MYCN,DPP4,0
GLI2,RFX7,0
SOX2,DAZAP2,0
RIF1,POU2F1,0
MYCN,CDC42SE2,0
PARP1,MORF4L2,0
GLI1,NCOR1,0
SOX2,MCM2,0
CHD4,UBTF,0
NFYB,MED4,0
NR4A1,DDX54,0
TRIM28,STARD10,0
TBX3,PLOD1,0
MYC,ZFP398,0
TET1,BACH2,0
EP400,CTSA,0
SMARCA4,MYCN,0
MAFK,ZFAND3,0
SALL1,HMGA1B,0
EHMT2,CD63,0
HCFC1,HDAC10,0
SALL1,RBM14,0
MAFK,ULK1,0
MYCN,NME2,0
MAPK8,FOXA2,0
DAXX,EPS8,0
HCFC1,TWIST1,0
PRDM14,SIRT3,0
TFE3,EIF4A2,0
CNOT3,DIDO1,0
PHC1,DNAJC2,0
JUN,LRRK1,0
SMAD3,HMGXB3,0
MAPK8,HSF2,0
GLI2,GLIPR2,0
SMAD3,NUP210,0
SMAD3,CITED1,0
JUN,TXNDC5,0
RYBP,ARID1A,0
PHC1,TMSB4X,0
SALL4,MEIS3,0
MYCN,IRF1,0
CNOT3,RERE,0
SMAD3,RAB11A,0
NFYA,PITX1,0
ZFP57,FIZ1,0
NONO,HDAC7,0
NR0B1,ZFP446,0
JARID2,HSF2BP,0
MYC,MPHOSPH8,0
TFE3,TAF1,0
MPHOSPH8,FOXP1,0
ESRRB,PLOD2,0
ELL2,SRSF6,0
NR4A1,TAF5,0
NONO,FUS,0
NR0B1,CUX1,0
REST,P4HA1,0
CHD4,IFI30,0
TGIF1,POLR1E,0
RYBP,TEAD1,0
E2F4,CCNG1,0
SMAD3,PLAT,0
ZIC3,IKBKB,0
ARID1A,ECD,0
PHC1,RBFOX2,0
GATA4,ZBTB3,0
NONO,CTSZ,0
NRF1,TBL1X,0
MTF2,DDB2,0
NR0B1,CCN2,0
RIF1,LMF2,0
HDAC3,EP400,0
YEATS4,PRSS35,0
JUN,DPP4,0
NONO,ELL3,0
EP300,FOXO1,0
SALL1,GRB10,0
ESRRB,PRDM1,0
MAFK,CNOT8,0
TBX3,RRBP1,0
POU5F1,EHMT2,0
SMARCC1,AMOT,0
ELL3,CREB3,0
GATA4,TIMP3,0
SMARCA4,SNORA68,0
YEATS4,BTBD11,0
KDM5B,TRIM24,0
RARA,RAD51,0
CHD4,ETV5,0
RARA,GBX2,0
GLI2,REST,0
PARP1,TUBA4A,0
CBX8,ANKRD6,0
PARP1,DAZAP2,0
ARID1A,POLR3F,0
SOX17,HIST1H2AC,0
SALL4,ANXA5,0
DPPA4,ABT1,0
HDAC3,APBB1,0
EP400,F3,0
TET2,BTBD11,0
HEXIM1,HKDC1,0
SUZ12,HDAC1,0
EP400,NRIP1,0
MTF2,CTCF,0
RARA,RLIM,0
NR0B1,RBMX,0
RIF1,KRBA1,0
SMARCC1,GLI2,0
EP400,IRF4,0
NFYB,KHDRBS1,0
RIF1,DTX1,0
HEXIM1,UBQLN2,0
SMARCAD1,CKB,0
KLF2,IGFBP2,0
SOX17,TRIB3,0
EP400,SLC5A11,0
SMAD2,RUNX3,0
MTF2,NFKB2,0
NFYA,ZFP398,0
SMARCAD1,DTX1,0
ZFP42,SLC7A3,0
EED,ELF3,0
BAZ1A,COL27A1,0
RYBP,PLAG1,0
TET2,IFITM3,0
SOX17,TAF1A,0
TGIF1,MIS18BP1,0
BAZ1A,NFYB,0
GLI1,ZFP592,0
CTCF,TDGF1,0
DR1,SMAD4,0
MTF2,DEK,0
HDAC3,RAD51,0
HEXIM1,LEFTY2,0
SOX17,ARNT2,0
EP300,PDCD4,0
NACC1,SHROOM3,0
GLI2,SNORD32A,0
SOX2,CRABP2,0
SALL4,LAPTM5,0
EP400,PRDM1,0
BAZ1A,EP400,0
ARID1A,CDC42SE2,0
TRIM28,ZFP42,0
TGIF1,ZFP236,0
NFYA,TFEB,0
TFE3,KLF13,0
MYCN,RUVBL1,0
NACC1,ZYX,0
EHMT2,TFAP4,0
HDAC2,LEFTY1,0
KDM5B,D230025D16RIK,0
SMAD3,RNF6,0
KDM5B,TCF12,0
SOX17,EBF1,0
CBX7,DIDO1,0
REST,B2M,0
SMARCA4,BMPER,0
TGIF1,FOXD3,0
HDAC2,RRM2,0
GATA4,CTH,0
GATA4,SPOCK1,0
NONO,SLCO3A1,0
EP400,FAM25C,0
DPPA4,STAT4,0
CBX7,ELL3,0
E2F1,CELF3,0
CHD4,FOXP1,0
YEATS4,FN1,0
TGIF1,GLIS2,0
TFE3,IFITM1,0
E2F1,SPRY4,0
JARID2,HSF2,0
MAPK8,NR2C1,0
PHC1,FBLIM1,0
NACC1,PLOD3,0
ESRRB,AATF,0
GLI2,PML,0
YEATS4,MDM2,0
HDAC2,DCXR,0
JUN,NRF1,0
SMAD3,NPHS1,0
SMAD2,GATA3,0
CTCF,POU4F1,0
DPPA2,SOAT1,0
PHC1,PHF14,0
SOX2,GTF2A1L,0
DPPA2,AMOT,0
EED,POLR2H,0
MAFK,KLF9,0
MAFK,NR1H2,0
PARP1,TPD52,0
SMAD3,MAN1A2,0
GLI1,NRG1,0
E2F1,F3,0
NACC1,POLR2J,0
PRDM14,PLA2G1B,0
ZIC3,GTF2H4,0
GLI2,SCMH1,0
HDAC1,POU6F1,0
MYC,TAF5,0
TFE3,KLF9,0
GLI2,RBM14,0
NFYB,RFXAP,0
CBX8,NOTCH4,0
SUZ12,SMARCD1,0
GLI1,ZMYM2,0
RIF1,AES,0
SOX2,CD63,0
MAPK8,POU2F1,0
KDM5B,HNRNPK,0
HDAC2,PHF1,0
RIF1,MLXIP,0
TET2,TENM4,0
SALL1,ATF3,0
NR0B1,ATF6,0
RIF1,KLF3,0
GLI2,ARHGEF40,0
EP400,PLOD3,0
MEN1,SMAD7,0
NFYB,ADAM19,0
EED,CUX2,0
CTCF,FIZ1,0
RYBP,TRPS1,0
GATA4,TENM4,0
SOX17,PDCD4,0
CBX7,TNFAIP3,0
DR1,AKR1B8,0
SOX17,PAX6,0
NR4A1,EDA2R,0
RIF1,AMOT,0
HDAC3,ZBTB7A,0
SALL4,ADAM19,0
E2F4,TCF7,0
EHMT2,STARD8,0
KLF2,CTNNBIP1,0
REST,SPARC,0
TET2,NR4A1,0
CBX7,ZBTB43,0
E2F4,PODXL,0
E2F1,FAM25C,0
SMARCC1,SOX15,0
GLI1,LEFTY1,0
ELL2,NR4A1,0
HDAC2,NAA15,0
NANOG,RUNX3,0
JUN,SEPT1,0
CHD7,HOPX,0
NFYB,TRIM13,0
SUZ12,INTS12,0
SOX2,DCP1A,0
MAFK,ZFYVE21,0
REST,DKK1,0
SALL4,NR4A1,0
CNOT3,GLS,0
SOX17,JDP2,0
RIF1,MYO7A,0
HDAC1,ZBTB43,0
NR0B1,L3MBTL2,0
KDM5B,TCOF1,0
PARP1,BARX1,0
MAPK8,HES6,0
ESRRB,IRF4,0
RIF1,TPD52,0
REST,GLI2,0
TRIM28,AQP8,0
PHC1,KANK2,0
KLF2,DKC1,0
MAFK,MOV10,0
NACC1,SURF4,0
TBX3,ORC2,0
ARID1A,BMI1,0
NFYB,PROX1,0
GLI1,KDM5B,0
HDAC3,NME2,0
GLI1,APEX1,0
HDAC2,HNRNPAB,0
ELL3,ID3,0
NACC1,TET1,0
ARID1A,ADAM23,0
MPHOSPH8,SLCO3A1,0
HCFC1,DCXR,0
PHC1,HIST1H2AC,0
YEATS4,MYMX,0
BAZ1A,KEAP1,0
SALL1,NRIP1,0
TET2,HES6,0
E2F4,DDX58,0
KLF2,NOTCH1,0
ZFP42,MEF2D,0
E2F4,ZBTB32,0
BAZ1A,KDM5B,0
DPPA4,CITED2,0
TGIF1,CBX6,0
GLI2,RHOX6,0
NFYA,ZFP979,0
MYC,TEAD3,0
PARP1,ATP6V0A1,0
SOX17,GRB10,0
MEN1,XRCC5,0
TET2,TUBA4A,0
TET2,ZBTB43,0
MEN1,DNAJC2,0
SOX17,EMX2,0
TFE3,TCF20,0
DPPA4,BNIP3,0
HDAC3,MAN1A2,0
DPPA4,SUZ12,0
SALL1,DAB2,0
CHD7,AMOT,0
JUN,HIST1H2BN,0
ELL2,POU4F2,0
PHC1,CDC20,0
PARP1,RERE,0
TGIF1,KRT8,0
E2F4,PDGFRA,0
SALL1,RFXAP,0
PRDM14,COTL1,0
JUN,MITF,0
SMARCAD1,PAX6,0
HDAC3,ARNT2,0
BAZ1A,ISYNA1,0
SUZ12,RBBP7,0
BAZ1A,RRM2,0
REST,SNORD93,0
NANOG,STARD8,0
CHD7,GLUL,0
SMARCAD1,EWSR1,0
KDM5B,SPRY4,0
KLF2,F3,0
ZFP57,SERPINH1,0
NFYA,MORC4,0
CBX8,COL4A1,0
CBX8,FOXJ3,0
EED,FLRT3,0
MAPK8,ZFP987,0
TFE3,PHF12,0
REST,ATP13A3,0
SMARCC1,TET1,0
EP300,FIZ1,0
DAXX,2200002D01RIK,0
E2F4,GLIS2,0
SMARCAD1,ID4,0
NFYB,EWSR1,0
PARP1,TTF2,0
SMAD3,ELAVL2,0
MED12,GRB10,0
MPHOSPH8,XBP1,0
EED,SMURF2,0
EED,RAD51,0
CBX7,GLIS2,0
MAPK8,PODXL,0
SMARCAD1,OPLAH,0
ELL3,SERPINE2,0
RIF1,JUND,0
DPPA4,CCNG1,0
TBX3,IMPDH1,0
ELL2,PRSS35,0
RIF1,VSIR,0
TGIF1,ADAM23,0
RYBP,PCBP2,0
SOX2,TIMELESS,0
MPHOSPH8,LDHB,0
HDAC1,CBX7,0
SALL1,CLCN5,0
RNF2,AQP8,0
MTF2,ZFAND3,0
RYBP,NR2F6,0
MYCN,ZBTB32,0
GLI1,FOXJ3,0
SMARCAD1,ZMYM2,0
DPPA4,DDB1,0
BAZ1A,TULP3,0
DPPA4,CMKLR1,0
SOX17,ELF1,0
KLF2,SMARCC2,0
HDAC2,NFIA,0
UTF1,NR1H2,0
RIF1,BEX1,0
HCFC1,SMARCA2,0
E2F4,FOXO3,0
NR4A1,MEF2C,0
MPHOSPH8,RASGRP2,0
MAPK8,NONO,0
TET2,SAT1,0
SMAD2,ALPL,0
NACC1,SMARCB1,0
TRIM28,L3MBTL2,0
GLI2,SNORD35B,0
MAPK8,RHOX6,0
SMAD3,FGF3,0
NANOG,TENM4,0
MYCN,NID1,0
PRDM14,JDP2,0
EED,PBX4,0
CHD7,DUSP9,0
MYCN,GRIN1,0
SALL4,COPS2,0
SMARCC1,MYMX,0
SALL4,SMURF2,0
EP400,LDB1,0
NR4A1,DNMT3A,0
SOX17,ALPL,0
HDAC3,FAM129B,0
NACC1,KLF15,0
E2F4,TNFAIP3,0
PARP1,GABPA,0
SMARCAD1,NRIP1,0
YEATS4,PEG3,0
MEN1,PHC1,0
MTF2,FABP3,0
EHMT2,HDGF,0
CBX8,COIL,0
NR4A1,KLF15,0
HDAC1,FOXJ2,0
HDAC2,CHD5,0
SMARCAD1,ZBTB7A,0
CBX7,PLA2G1B,0
YEATS4,APOE,0
NACC1,SIX5,0
E2F1,SP8,0
NONO,KRT42,0
MPHOSPH8,SORD,0
KDM5B,ADAMTS9,0
TFE3,MCM6,0
NRF1,NR1H2,0
TRIM28,NFIL3,0
TFE3,SLC5A11,0
EP400,BASP1,0
RARA,RB1,0
EHMT2,MAML3,0
HDAC2,TDH,0
HDAC2,HES1,0
KLF4,SPOCK1,0
PRDM14,PHB2,0
DPPA2,COIL,0
ARID1A,GTF3C5,0
SMAD2,ATF5,0
YEATS4,CALCOCO1,0
MYCN,TBX3,0
EHMT2,ESRRA,0
EHMT2,HNF4A,0
ELL2,CREB3,0
KLF2,MYO6,0
TRIM28,EPHA4,0
KDM5B,YEATS2,0
RARA,BMP4,0
HDAC3,PGA5,0
MTF2,RUVBL1,0
MPHOSPH8,HSF2,0
HEXIM1,CALD1,0
E2F1,MTF2,0
TFE3,POLR2K,0
JUN,CALR,0
NACC1,FAM234A,0
HDAC1,MDM2,0
SALL1,ARNT2,0
ZFP57,NKRF,0
HDAC3,PAX1,0
SMARCC1,DDAH2,0
NR0B1,XAB2,0
KLF2,PAX8,0
GATA4,ZC3H7A,0
GATA4,SNORA68,0
HDAC1,FN1,0
KDM5B,RCOR2,0
DPPA4,TSPAN9,0
SMAD2,NFATC1,0
RIF1,HCFC1,0
SMAD2,PROX1,0
RYBP,KRT8,0
ZFP281,ZBTB20,0
GLI2,CBX7,0
EP400,POLR1A,0
KLF2,GRB10,0
GLI2,HIST1H2BN,0
CBX8,SND1,0
ELL2,PHLDA3,0
ELL3,SREBF1,0
RARA,CTSD,0
BAZ1A,SRSF3,0
MPHOSPH8,LAMA1,0
PARP1,SREBF1,0
EHMT2,BNIP3,0
EHMT2,E2F6,0
KLF2,MYC,0
KLF2,CREB5,0
KDM5B,ECT2,0
ARID1A,JUN,0
SMARCC1,P3H4,0
DPPA4,JAM2,0
TFE3,D230025D16RIK,0
PHC1,SUB1,0
NONO,TGFB1I1,0
YEATS4,MLXIPL,0
SOX2,TAGLN2,0
SMARCAD1,LAMB2,0
KLF4,SSR3,0
KDM5B,POLR1C,0
RYBP,NR2C1,0
ELL2,TOPORS,0
HDAC1,PROX1,0
ELL2,NXF7,0
SMARCAD1,EFEMP2,0
MTF2,KRT8,0
SALL1,NSD2,0
NFYB,DCP1A,0
MAFK,CKAP4,0
HDAC2,CTSL,0
ZFP57,HDAC10,0
RYBP,FBLIM1,0
NRF1,BAZ1A,0
KLF2,TLE1,0
HDAC3,RNF2,0
SMARCAD1,MED21,0
DPPA2,POU4F2,0
ESRRB,APP,0
SALL4,GATA4,0
E2F1,ZFP446,0
SALL1,BARD1,0
NACC1,HIST1H3H,0
SOX2,NAA15,0
TRIM28,ATF6,0
MAFK,MAPK11,0
TET2,ADAMTS9,0
CHD7,ZFP768,0
NACC1,E2F6,0
MPHOSPH8,ANKS1,0
SOX17,GLS,0
SMARCA4,HSPA5,0
SMARCA4,SNAPC3,0
PRDM14,ZBTB3,0
NR0B1,PLOD2,0
EP300,SSB,0
ARID1A,TYRO3,0
JARID2,ZFP148,0
JUN,CENPB,0
E2F4,DCXR,0
MYCN,NR1H2,0
RYBP,KLF3,0
TET2,ZFP398,0
NONO,LAMA1,0
OTX2,RPL22L1,0
SMAD2,STARD8,0
DPPA2,PLA2G1B,0
MAFK,GATA3,0
RIF1,SAP30,0
SMAD2,NFKBIA,0
NR4A1,MLXIPL,0
ARID1A,SIN3A,0
SMARCAD1,GLIS2,0
CTCF,MAPK13,0
EP400,RBBP4,0
CTCF,PRDM14,0
HDAC1,ZFP36L1,0
ARID1A,P3H1,0
SMARCAD1,ZFPM1,0
ELL3,GLMP,0
CHD4,STARD10,0
SMARCC1,MYBBP1A,0
ELL2,SPP1,0
YEATS4,ZBTB20,0
MTF2,MYO6,0
RIF1,HNRNPK,0
YEATS4,FXYD3,0
KLF2,LY6G6E,0
NR0B1,NID1,0
NR4A1,MLXIP,0
YEATS4,SLC7A3,0
CNOT3,RBBP7,0
KLF4,CALD1,0
MAPK8,NUP210,0
SALL4,NDRG1,0
EED,BIN1,0
DAXX,NR2C1,0
CHD4,TTF2,0
NFYB,COL4A2,0
CBX8,MBD2,0
CBX8,TAF10,0
PRDM14,NR0B1,0
RARA,EYA1,0
DAXX,ITPK1,0
DPPA2,APOE,0
NRF1,IRF4,0
EHMT2,HDAC10,0
JUN,BRWD1,0
CTCF,GATAD2B,0
EZH2,HSP90B1,0
SMARCAD1,NR1H2,0
E2F4,SPP1,0
CHD7,SHROOM3,0
BAZ1A,TCOF1,0
HDAC1,YEATS4,0
CHD7,TOPORS,0
TFE3,HIF1A,0
RIF1,PITX1,0
SMAD3,CALU,0
ESRRB,STARD8,0
CHD4,ADAM23,0
HDAC3,HOPX,0
SMARCAD1,TIMP3,0
RARA,MAZ,0
SOX2,POLR1A,0
MPHOSPH8,YBX1,0
OTX2,SOX7,0
TFE3,SNORD35B,0
CTCF,HES1,0
NFYA,GNRH1,0
REST,ZFHX3,0
TGIF1,KDELR2,0
DAXX,LMO4,0
GLI1,CHST15,0
TGIF1,PATZ1,0
SMARCC1,PDPN,0
RIF1,SMARCAD1,0
HDAC2,SSB,0
TGIF1,CCND1,0
SMARCAD1,LEFTY1,0
SMARCC1,ANXA2,0
TGIF1,ATM,0
MAPK8,PA2G4,0
KDM5B,SOX4,0
BAZ1A,SOX15,0
DPPA4,MAPK3,0
SALL1,MED31,0
JUN,PARP1,0
TET2,FOXQ1,0
EP400,RBBP7,0
ARID1A,HDAC5,0
DAXX,UBE2C,0
NR0B1,PTPN14,0
HCFC1,SIN3A,0
DPPA2,NFIA,0
MAPK8,TCF12,0
JUN,PAPOLA,0
ELL3,ATF7,0
CBX7,RUVBL1,0
MYCN,KPNA2,0
SUZ12,UBE2C,0
MAPK8,SMARCC1,0
HDAC1,CDC20,0
SMAD3,SRI,0
SMARCA4,TSHZ3,0
SALL1,FOXH1,0
SMARCAD1,SNORD35B,0
SMARCAD1,H1F0,0
SOX17,GM10039,0
JUN,CREB5,0
JUN,H1F0,0
NACC1,E2F2,0
ELL2,NCOA3,0
NR4A1,RUVBL1,0
NFYB,SLC7A3,0
RYBP,ZBTB7A,0
SALL4,FAM129B,0
KLF2,GTF2A1L,0
SOX2,LGMN,0
SMARCAD1,CKAP4,0
SOX17,KAT2B,0
EHMT2,MAPK3,0
SMARCA4,YAF2,0
YEATS4,CITED2,0
RYBP,TULP3,0
SMARCC1,EDEM1,0
EHMT2,ZFP296,0
REST,L3MBTL2,0
SALL1,P3H1,0
MAFK,ADAM19,0
MPHOSPH8,AU018091,0
MYC,DCXR,0
NFYA,PARVB,0
MEN1,TFAP2C,0
PRDM14,EMX2,0
ELL3,DCP1A,0
KLF2,SRGN,0
HDAC1,PHF1,0
CBX7,WBP11,0
MAFK,EDEM1,0
PARP1,DDB2,0
TET2,CBX7,0
MAFK,CLDN6,0
TBX3,RANBP17,0
EED,ZFP281,0
NONO,DDIT3,0
CHD4,MAFK,0
TGIF1,ARID5B,0
NACC1,HSP90B1,0
JUN,DDX20,0
NONO,ULK1,0
MYC,GBX2,0
MAPK8,LAMB1,0
PRDM14,ATF4,0
GLI1,DNAJC10,0
SIN3A,SRGN,0
GLI2,KLF13,0
NFYB,ATF6,0
SOX2,UHRF1,0
MAPK8,EOMES,0
TFE3,ZFP91,0
MAPK8,SUZ12,0
DAXX,GLS,0
CTCF,ZEB1,0
HDAC3,POLR1C,0
CBX8,AATF,0
PARP1,DEK,0
DAXX,HNRNPK,0
NR0B1,ELF4,0
NR4A1,HIST1H1A,0
PHC1,TMEM150A,0
OTX2,SLCO3A1,0
CNOT3,CSF1,0
JUN,ME1,0
SUZ12,ETV1,0
ZIC3,SOS2,0
GATA4,ADAMTS9,0
SALL1,SMARCA4,0
MEN1,CCN2,0
JARID2,SLC26A10,0
HDAC3,BCAM,0
MYCN,MAML1,0
CHD7,BRCA2,0
CBX8,ZFP42,0
EP400,SOX17,0
EP400,IGF2,0
NFYA,RYBP,0
MAFK,NR4A1,0
CHD4,ELK1,0
NONO,TGFB1,0
SMARCC1,FXYD6,0
HDAC3,PDCD4,0
PRDM14,PDIA6,0
TRIM28,MAML3,0
GLI2,H1F0,0
JUN,ETV1,0
EED,APOBEC3,0
SMARCC1,SLC5A11,0
TBX3,ERF,0
PARP1,STAT5B,0
CHD4,ARID3B,0
TGIF1,ELF4,0
HDAC3,AMOT,0
CBX8,HTT,0
MPHOSPH8,RAI14,0
TET2,CBX6,0
MEN1,NUPR1,0
CHD7,KLF8,0
GATA4,TCF4,0
GATA4,GTF2I,0
EED,HNRNPK,0
MAFK,MRAS,0
ZIC3,HDAC7,0
NFYB,SIRT3,0
MEN1,CHD5,0
NFYA,DPPA4,0
CBX8,RB1,0
MPHOSPH8,NFYB,0
SMAD3,VIM,0
PHC1,NFKBIA,0
CHD7,AKR1B8,0
SALL4,AES,0
RYBP,GDPD5,0
RYBP,HSP90AA1,0
YEATS4,TCF12,0
SMARCAD1,HSP90B1,0
TBX3,GRB10,0
YEATS4,TRH,0
HDAC2,RERE,0
NR0B1,CTNNBL1,0
GLI1,CTNNBIP1,0
SMARCAD1,TPM4,0
EP300,ATF3,0
GATA4,IRF6,0
ZIC3,ABT1,0
RYBP,SAT1,0
E2F4,SNORA68,0
NR0B1,ARNTL,0
EP400,SAP30,0
ARID1A,TAF10,0
GLI2,2200002D01RIK,0
GLI2,BMI1,0
MTF2,ZFP398,0
TET2,BEND5,0
BAZ1A,DPPA4,0
PRDM14,SELENOW,0
TET2,DDAH2,0
SUZ12,ZFP446,0
CNOT3,CREBZF,0
EZH2,NSD2,0
CBX8,PMS1,0
CBX8,SAT1,0
GATA4,CLDN6,0
ZFP42,NFIL3,0
CBX8,ZFP987,0
MAFK,ZFP979,0
GATA4,ZYX,0
ZIC3,AATF,0
PRDM14,NFATC2IP,0
POU5F1,CALCOCO2,0
ARID1A,HIST1H2BB,0
HEXIM1,IFI30,0
NACC1,APBB1,0
SMARCAD1,TAF1,0
NR4A1,HDAC2,0
SMARCC1,NR3C1,0
EHMT2,L3MBTL2,0
TRIM28,POLR1B,0
SMARCC1,HDLBP,0
RIF1,RNF2,0
TFE3,FGFR3,0
MAPK8,RBMX,0
ESRRB,NXF7,0
MTF2,LGMN,0
SALL1,HDAC7,0
NR0B1,CTSA,0
BAZ1A,SMARCA5,0
EED,ZFP236,0
MPHOSPH8,CHCHD10,0
CHD7,FOXO3,0
TBX3,NID1,0
CBX8,OVOL1,0
NR4A1,JUN,0
NR4A1,JAM2,0
GLI2,KLF2,0
GATA4,GNAS,0
NR0B1,CDC20,0
YEATS4,DNMT3A,0
SOX2,ERCC8,0
BAZ1A,CCN2,0
RIF1,IL33,0
TFE3,HDAC4,0
ESRRB,ATM,0
CNOT3,HDGF,0
PHC1,BRPF1,0
RIF1,DDX5,0
RARA,PREB,0
ELL2,KHDC3,0
KLF2,MYBBP1A,0
MTF2,MEF2D,0
PARP1,HDAC4,0
ZFP281,SNORA26,0
CTCF,HSPG2,0
PARP1,TOP2A,0
E2F1,HTT,0
SOX17,TRH,0
PARP1,CITED2,0
SMARCAD1,TOX3,0
ZFP42,FXYD6,0
BTAF1,XAB2,0
YEATS4,UPP1,0
MTF2,SRSF3,0
HDAC3,CTH,0
NFYB,PIAS2,0
NR0B1,PELP1,0
KDM5B,2810025M15RIK,0
CBX7,TIMELESS,0
KLF4,CELF3,0
DPPA4,PCBP2,0
ZIC3,SNORA68,0
GATA4,GLIS2,0
TFE3,DIDO1,0
EP300,ARID3B,0
MPHOSPH8,MAPK3,0
EP400,SERPINH1,0
SMARCAD1,PLA2G1B,0
CTCF,CDC20,0
HDAC1,BEX1,0
GATA4,CHST15,0
REST,PDIA6,0
CTCF,KHDC3,0
CBX8,SOX4,0
JARID2,TRIM24,0
ELL3,HIST1H3H,0
NONO,IRF2,0
HDAC1,WBP11,0
HCFC1,CCNG1,0
PHC1,BRCA1,0
JUN,NOTUM,0
MYCN,AMOT,0
BAZ1A,RFX5,0
CBX7,CDC5L,0
MAPK8,POLR1B,0
SMARCC1,YBX1,0
PARP1,TMF1,0
MAPK8,NFKB2,0
SMAD3,CREB3L2,0
SALL1,HIF1A,0
SOX17,APOBEC3,0
NR4A1,CNOT3,0
CHD4,TMF1,0
HDAC1,TAF9,0
PARP1,IRF1,0
DAXX,MYBBP1A,0
SALL1,PGA5,0
CTCF,CCN2,0
NR0B1,ELK4,0
TRIM28,MAML1,0
ELL3,COL4A2,0
DPPA4,ASH2L,0
CNOT3,HS3ST1,0
NFYA,CD63,0
MTF2,TOP2A,0
NACC1,GRIN1,0
SOX2,UCHL1,0
CTCF,TMF1,0
PHC1,PAWR,0
HCFC1,SALL1,0
GLI1,TOX4,0
CTCF,IRF4,0
E2F4,RHOX6,0
ESRRB,TRIB3,0
HDAC3,SIN3A,0
E2F1,NR5A2,0
EZH2,MEG3,0
EP300,YBX1,0
HDAC2,CHST15,0
MYCN,PHC1,0
YEATS4,WDR45,0
MTF2,CBX6,0
EED,ZDHHC15,0
HCFC1,LDLRAP1,0
TBX3,ZBTB20,0
MTF2,GABPA,0
SALL4,AQP8,0
KDM5B,HIF3A,0
REST,SHROOM3,0
TET2,MBD2,0
HCFC1,FGFR3,0
ZFP57,KNTC1,0
GATA4,ARL6IP5,0
PARP1,HIST1H2AK,0
KLF2,SNORA26,0
NONO,HEXIM1,0
GLI2,UBP1,0
HDAC2,MCM7,0
UTF1,SNORD93,0
PHC1,ARHGEF40,0
TRIM28,SEC24D,0
HCFC1,MYLPF,0
CHD4,RFX2,0
ELL3,POLR3F,0
TGIF1,DDIT3,0
MTF2,ZFP148,0
KDM5B,PHF14,0
PARP1,CREB3,0
SALL4,SHKBP1,0
DPPA2,MSH6,0
NONO,TMF1,0
GLI1,LMO4,0
RARA,COL27A1,0
SOX17,MYLPF,0
JARID2,HDAC11,0
ELL3,COBL,0
HDAC1,2200002D01RIK,0
NONO,OVOL1,0
EED,CALD1,0
CHD4,COL4A2,0
ZIC3,SRF,0
SMAD3,RUVBL1,0
SMARCC1,NDRG4,0
MAPK8,BIN1,0
KLF4,FAM25C,0
MAFK,BTAF1,0
YEATS4,CTBP2,0
GLI2,ELF4,0
HDAC3,MSC,0
CBX7,CCNG1,0
HDAC2,GATA4,0
DAXX,DR1,0
MAFK,MAML3,0
SALL4,RBL1,0
POU5F1,CITED1,0
TFE3,TAF1A,0
HDAC1,FRMD4A,0
NFYB,B2M,0
MPHOSPH8,HEXIM1,0
POU5F1,ZFP236,0
NONO,TFE3,0
ARID1A,MSX2,0
EZH2,SMAD4,0
TBX3,HES1,0
PARP1,TOX4,0
TFE3,SMARCC1,0
BAZ1A,SEC24D,0
EHMT2,MSX2,0
SMAD3,ID3,0
SALL1,ZFP462,0
YEATS4,RYBP,0
DPPA4,LEFTY2,0
PRDM14,TSHZ3,0
TBX3,SIRT3,0
POU5F1,SLCO3A1,0
EP400,SMURF1,0
TCF12,DTX1,0
ZIC3,POU4F1,0
TET2,FOXJ2,0
DPPA2,GATA6,0
CHD4,ELF4,0
ESRRB,HIST1H2BL,0
CHD4,SEPT1,0
REST,BMPER,0
CNOT3,ZFP91,0
CBX7,ALG13,0
BAZ1A,TXNDC12,0
EP300,LHX2,0
KDM5B,SALL1,0
TGIF1,ZIC3,0
JARID2,RBM14,0
SALL1,AQP8,0
SOX17,SNORD35B,0
PARP1,ANKRD49,0
CBX7,HIST1H2AK,0
MEN1,SNORD93,0
DPPA4,FBLIM1,0
BAZ1A,D230025D16RIK,0
GLI1,SELENOW,0
CNOT3,ADAM19,0
HDAC3,COTL1,0
CHD4,L1TD1,0
TGIF1,BTG2,0
DAXX,FXR1,0
TFE3,E2F4,0
DPPA4,ZBTB20,0
SOX17,PAX8,0
EHMT2,MORC4,0
HDAC3,HNRNPD,0
SMARCC1,TAF5,0
NFYA,DIDO1,0
MYCN,AMOTL2,0
NFYB,SMURF2,0
ELL3,WDR45,0
ELL3,D230025D16RIK,0
MPHOSPH8,RAPGEF3,0
PARP1,CSRP2,0
NR0B1,MYO6,0
HDAC3,KRT42,0
SMAD2,HMGA1B,0
ELL2,XRCC5,0
NFYA,NCOR1,0
SALL4,CTH,0
TBX3,CTCF,0
CTCF,FGFR3,0
PHC1,MYH9,0
JUN,ARID5B,0
DPPA2,MED12,0
CTCF,FOXO3,0
KDM5B,NR2F6,0
BAZ1A,KAT2B,0
NR4A1,HMGA1B,0
TFE3,HEXIM1,0
BAZ1A,HSPA5,0
YEATS4,SPOCK1,0
SMARCAD1,NR2F2,0
ELL3,FGF3,0
E2F1,ELP2,0
EHMT2,MCM6,0
KDM5B,SRGN,0
ELL3,KRBA1,0
RYBP,HSPB1,0
EHMT2,ZFP276,0
SALL4,PCBP2,0
GATA4,CTNNBL1,0
MAFK,COL27A1,0
KLF4,ZFP979,0
YEATS4,NFYA,0
NACC1,SNORA68,0
RIF1,B2M,0
NFYA,HDGF,0
SMARCAD1,DDB2,0
RARA,MITF,0
DAXX,E2F6,0
SOX17,CCN2,0
PARP1,LMO4,0
NR4A1,IRF3,0
SMAD3,ZEB2,0
CBX8,VSIR,0
DAXX,DDX20,0
MAPK8,BNIP3,0
CHD7,ZFP36L1,0
NACC1,SMARCC1,0
TGIF1,DR1,0
BAZ1A,SAP30,0
GLI2,BMPER,0
TET2,TRIP6,0
TBX3,MT2,0
BAZ1A,TBX3,0
PARP1,SDC4,0
TBX3,ELF4,0
HCFC1,MYH9,0
DAXX,ZFP592,0
HDAC1,D230025D16RIK,0
TET2,DDIT3,0
REST,RANBP17,0
TET2,CNOT6,0
RARA,NFATC4,0
JUN,DPPA4,0
SALL4,KRBA1,0
HDAC1,RAB3IL1,0
GTF3C1,GPX3,0
MPHOSPH8,UTF1,0
MAPK8,PITX1,0
ELL2,SLC16A1,0
GATA4,PITX1,0
KDM5B,SSBP4,0
SOX17,GLIPR2,0
NFYA,TINAGL1,0
CBX7,SERTAD2,0
HDAC2,TNK2,0
KDM5B,APOE,0
ELL2,ABTB1,0
YEATS4,POLR3F,0
RARA,FOXJ3,0
PARP1,UNG,0
SALL1,ZSWIM4,0
YEATS4,CTSA,0
TGIF1,SUZ12,0
NFYB,KLF4,0
NACC1,HDAC4,0
ELL3,ULK1,0
SUZ12,TUBB2B,0
HDAC1,MAPK13,0
ZFP57,HIP1,0
BAZ1A,NFKBIA,0
KLF2,MLXIP,0
SOX2,IRF4,0
SMARCC1,FOXO1,0
UTF1,ZC3H7A,0
MAFK,ARL6IP5,0
PHC1,ANKRD49,0
CBX8,ING3,0
EED,PHB2,0
SOX2,RPL22L1,0
EP400,CCND1,0
CBX8,PFKP,0
BAZ1A,ATF1,0
KLF2,NKRF,0
SALL1,NR1D2,0
TBX3,FXYD3,0
DPPA2,TAF6L,0
SMARCC1,SIRT1,0
DPPA2,GATAD2B,0
PHC1,MED12,0
MEN1,KLF10,0
E2F1,SMAD3,0
ESRRB,SSB,0
JUN,COL4A2,0
EED,ZFP42,0
JARID2,SMURF2,0
CTCF,CRAMP1L,0
CNOT3,PHF20,0
JUN,XRCC5,0
CTCF,ING3,0
NFYB,SOX7,0
SALL4,GRIN1,0
DPPA2,FLRT3,0
ELL2,HDAC10,0
HDAC3,DKK1,0
YEATS4,NDRG1,0
SALL1,SORD,0
REST,CREBZF,0
NACC1,HMGXB4,0
NFYB,IL33,0
SALL4,SOX17,0
MYCN,SRRT,0
SMARCC1,KLF9,0
TET2,GAS6,0
REST,CREB5,0
BAZ1A,TOX4,0
CBX8,CIC,0
EP400,KLF6,0
GATA4,SIN3A,0
DPPA2,KLF6,0
CTCF,PHB2,0
SOX17,CTSL,0
CHD4,YAF2,0
MAPK8,HDAC11,0
HDAC2,HIST1H2BB,0
CBX8,HIST1H1D,0
KLF2,ELF2,0
ZFP281,HIST1H1A,0
MYCN,ZFP36L1,0
TBX3,NFIC,0
TGIF1,ATF4,0
HDAC3,CTSZ,0
RARA,PDK1,0
E2F4,POLR2K,0
HDAC1,COTL1,0
EP400,BCAM,0
DPPA4,BRCA1,0
SMARCAD1,RAB11A,0
MAPK8,PREB,0
NFYB,NFATC4,0
ESRRB,PEG3,0
CTCF,E2F1,0
SALL1,CEBPZ,0
SMARCC1,MYD88,0
TGIF1,NOTCH1,0
ELL2,ZC3H7A,0
GTF3C1,DKK1,0
CTCF,SALL1,0
MPHOSPH8,MTA3,0
MAFK,EBF4,0
UTF1,CUBN,0
NR4A1,RARG,0
PRDM14,SAT1,0
NACC1,PHLDB2,0
CHD4,MAN1A2,0
SMARCAD1,TULP3,0
DR1,APOE,0
SMARCC1,NFATC1,0
TGIF1,EOMES,0
EP300,CNOT6L,0
HDAC2,DDX58,0
NR0B1,TAF9,0
MPHOSPH8,SOS2,0
MTF2,POLR3B,0
HDAC3,PAX6,0
NFYB,GZF1,0
CTCF,ARHGEF40,0
PHC1,ZIC3,0
TBX3,RUVBL1,0
MEN1,KLF8,0
CHD7,RAI14,0
GATA4,FRMD4A,0
JUN,VSIR,0
CBX7,EWSR1,0
PRDM14,MCM5,0
HDAC3,MLXIP,0
NR4A1,HSPA5,0
MAFK,HIST1H3H,0
KLF2,SMARCA2,0
TRIM28,NONO,0
CNOT3,WBP11,0
MYC,COL4A1,0
BAZ1A,ERCC8,0
GTF3C1,ASH1L,0
NR4A1,ATP6V0A1,0
MEN1,RCOR2,0
NR0B1,HNRNPD,0
TBX3,AGAP3,0
SOX17,MANF,0
CNOT3,TFE3,0
ZIC3,LDLRAP1,0
SMARCC1,FAM129B,0
HDAC2,HNRNPK,0
JUN,RRBP1,0
PRDM14,SLC7A6,0
NR0B1,POLR2J,0
HCFC1,POU6F1,0
REST,TMSB4X,0
JUN,ZEB1,0
PHC1,HDAC10,0
TBX3,MED15,0
NRF1,ZBTB32,0
HDAC1,GRB10,0
YEATS4,NFYB,0
SALL1,TULP3,0
PRDM14,RAB11A,0
EP400,EMP2,0
SMARCC1,VEGFA,0
SMARCAD1,PARVB,0
E2F4,CRAMP1L,0
BAZ1A,RNF157,0
EED,KLF6,0
UTF1,MAGED1,0
ZFP57,FAM234A,0
GLI2,NFYA,0
TET1,PAX1,0
PARP1,ASNS,0
JUN,SNURF,0
PARP1,FN1,0
MYC,UBP1,0
NR0B1,SMARCA4,0
NFYB,EPAS1,0
MPHOSPH8,GSR,0
EHMT2,TTF2,0
GLI2,PITX2,0
SALL4,ZDHHC15,0
SMARCC1,LTBP4,0
PARP1,CENPB,0
RIF1,CREB5,0
CNOT3,MT1,0
SMARCAD1,RRM2,0
TRIM28,NFATC2IP,0
HDAC2,SLC16A1,0
GATA4,MT2,0
MAFK,DDX54,0
NONO,HIP1,0
NFYB,ZC3H7A,0
JUN,KDELR2,0
SMAD2,MAZ,0
TET2,MEF2D,0
PHC1,SRSF3,0
NR4A1,ZBTB24,0
ZFP57,FXYD6,0
DPPA2,SALL1,0
NFYA,ABTB1,0
TFE3,DPP4,0
CHD7,EFEMP2,0
RARA,HKDC1,0
TFE3,TGIF1,0
ELL3,MIS18BP1,0
TET2,CUBN,0
RYBP,NFYA,0
GLI1,AES,0
SMARCC1,LMO4,0
HCFC1,BMI1,0
SMARCA4,UTF1,0
PHC1,FXR2,0
HDAC2,BTBD11,0
ELL2,FGF3,0
MTF2,ECT2,0
EHMT2,RHOX6,0
CNOT3,EP300,0
GATA4,POU5F1,0
SMAD3,SRGN,0
KDM5B,FAM234A,0
TET2,ARHGAP29,0
PARP1,MBD2,0
EZH2,ZC3H7A,0
SOX2,SURF4,0
MEN1,RAI14,0
DPPA4,STARD8,0
SMARCAD1,TSG101,0
NR4A1,SNORA26,0
CBX7,TDH,0
NR4A1,SNAPC3,0
HDAC2,DDX20,0
NR0B1,XBP1,0
ZFP57,TRIP6,0
SOX17,RAD51,0
ELL3,TCF4,0
EHMT2,EPAS1,0
SUZ12,IRF3,0
NR0B1,PML,0
GLI2,NFATC1,0
KDM5B,CRY1,0
MPHOSPH8,BRWD1,0
NFYB,RUNX3,0
MTF2,ARID1A,0
ARID1A,AMOTL2,0
SUZ12,SRRT,0
GLI1,KANK2,0
DAXX,DDX58,0
GATA4,ELK1,0
NR0B1,ATF1,0
E2F4,PAWR,0
CBX7,LY6G6E,0
EHMT2,BIN1,0
OTX2,NDRG1,0
KDM5B,PITX2,0
HDAC1,SMARCC2,0
NR4A1,KLF13,0
MYCN,TAF10,0
TET1,ZFP42,0
TET2,TIMP3,0
REST,TRPS1,0
NR4A1,CRIP2,0
CBX7,PIAS3,0
TGIF1,TUBA4A,0
JUN,RBPJ,0
GATA4,LAPTM5,0
UTF1,ZBTB32,0
SMARCAD1,KHDC3,0
MYC,NR2F2,0
TGIF1,CITED1,0
EED,EP300,0
BTAF1,TDGF1,0
HDAC3,ABHD5,0
RIF1,AATF,0
DAXX,NOTCH2,0
SMARCAD1,CDC42SE2,0
CTCF,KLF9,0
E2F1,SOX17,0
TGIF1,FGF3,0
SMARCAD1,RBL1,0
HDAC2,SMARCC1,0
EHMT2,KRBA1,0
HDAC3,ZFP148,0
RARA,TCL1,0
RARA,PRRX2,0
BTAF1,SRGN,0
NFYB,TUBB6,0
CBX7,HSPA5,0
MEN1,ZBTB32,0
JARID2,HMGA1B,0
RYBP,TGIF1,0
GATA4,PATJ,0
SALL1,SMARCA2,0
MED12,ZBTB32,0
E2F1,PLAT,0
ARID1A,RFX2,0
TFE3,PARVB,0
SOX2,ADAMTS9,0
CBX8,POLR1E,0
ZFP42,ZHX3,0
MYC,RAPGEF3,0
KDM5B,RASGRP2,0
BAZ1A,RANBP17,0
E2F1,PCBD1,0
GLI1,SMARCD1,0
EHMT2,ERP29,0
ELL3,RAD54B,0
SOX2,IRF2,0
SALL4,SLC25A4,0
KDM5B,EWSR1,0
MAPK8,GSTA4,0
MYCN,SCMH1,0
E2F4,POLR1B,0
JUN,TBL1X,0
ELL2,DDIT3,0
MYCN,IFITM1,0
GLI1,BARD1,0
TBX3,GLS,0
PRDM14,TTF2,0
YEATS4,PHF12,0
EP300,MITF,0
NR4A1,POU5F1,0
RYBP,SPEN,0
JUN,ESPL1,0
GATA4,POLR2J,0
NACC1,EZH2,0
DPPA2,COPS2,0
CHD7,RARA,0
ELL3,LAPTM5,0
EZH2,CALCOCO2,0
JUN,SND1,0
KLF2,ERP29,0
SMAD2,ZFP979,0
PHC1,E2F1,0
EHMT2,TSPAN9,0
KDM5B,PKNOX2,0
E2F4,SMARCD1,0
HCFC1,ZBTB20,0
NFYA,SOX7,0
ESRRB,NFYA,0
MPHOSPH8,COL4A1,0
ELL2,STARD8,0
SALL1,STAT5B,0
SOX17,TEAD1,0
REST,SEMA4C,0
HDAC2,USF1,0
JUN,PATZ1,0
OTX2,SLC7A6,0
GTF3C1,TMEM144,0
ELL3,ESRRB,0
ZFP42,FOXO3,0
MAFK,RHOX6,0
GLI2,GLMP,0
ELL3,HOXD13,0
RYBP,EED,0
E2F4,RUNX3,0
NFYB,PURA,0
NACC1,FOXJ3,0
BAZ1A,PURA,0
CHD4,FHL2,0
CHD7,NEDD4,0
SALL4,NDN,0
YEATS4,ZFAND3,0
CHD4,POLR2B,0
NFYA,DDB2,0
EP300,RHOX6,0
EHMT2,ZFP979,0
EZH2,TRIM32,0
KLF2,NDRG1,0
MEN1,FIZ1,0
GATA4,TBL1X,0
NR4A1,SPP1,0
ZFP42,APOE,0
ELL3,GRIN1,0
KDM5B,MYD88,0
PARP1,HMGA2,0
JARID2,TXNIP,0
EP300,HKDC1,0
SMARCAD1,MYD88,0
GABBR1,RUNX3,0
MYCN,POLR2H,0
MTF2,RAD51,0
CHD4,MAPK3,0
TFE3,RAI14,0
SALL1,EOMES,0
EED,RBPJ,0
HEXIM1,ZBTB3,0
GTF3C1,HDAC10,0
ZIC3,NFKBIA,0
PRDM14,TMED2,0
EHMT2,P3H1,0
HDAC3,SDC4,0
SMAD3,OBSL1,0
MYC,NR1H2,0
ELL3,PMM1,0
SOX17,NOTCH4,0
CHD4,ZBTB32,0
DPPA2,LHX2,0
DAXX,PMM1,0
CBX7,RPL22L1,0
MPHOSPH8,PHLDA3,0
KDM5B,BTAF1,0
KLF4,ZFP446,0
TRIM28,SAT1,0
TFE3,TUBB6,0
CNOT3,SOX4,0
YEATS4,BCLAF1,0
MAPK8,AIP,0
REST,POLR3D,0
PHC1,ANKRD6,0
HDAC2,TIMP2,0
ELL3,MARC2,0
ZFP42,OBSL1,0
SALL1,MYBBP1A,0
ELL3,ZFP281,0
OTX2,PAX8,0
SOX17,ARHGEF40,0
NFYB,HDAC11,0
EED,TSHZ3,0
OTX2,SSR3,0
YEATS4,GTF2I,0
CBX8,PRDM1,0
EHMT2,GAS6,0
ELL2,TRP53,0
HDAC1,ATF2,0
NFYB,PIAS1,0
ARID1A,HDAC7,0
JUN,PLRG1,0
ZFP281,BACH2,0
TET2,ZSWIM4,0
NFYB,FXYD3,0
RIF1,NDRG4,0
SMARCC1,HTRA1,0
CBX8,NACC1,0
CBX8,MEIS1,0
HDAC2,KHDRBS1,0
ELL3,SMARCB1,0
JARID2,SMAD2,0
HEXIM1,IRF3,0
SMAD3,NID1,0
EHMT2,TXNDC5,0
ARID1A,SIRT2,0
GATA4,NR2F2,0
NONO,NSD2,0
SMAD3,HSPB1,0
RYBP,SRM,0
MAPK8,TIMP2,0
SALL1,TOX3,0
NACC1,CCNG1,0
NFYA,NFKBIA,0
MTF2,ASS1,0
MPHOSPH8,RNF6,0
TBX3,TUBB6,0
E2F1,TRRAP,0
ELL2,CHST15,0
SOX17,CRAMP1L,0
ZFP57,MYBBP1A,0
PARP1,TMSB4X,0
NONO,ARHGEF40,0
NACC1,HMGB2,0
CHD7,NR5A2,0
SALL1,NFATC3,0
RYBP,GLIS2,0
ELL3,TPM4,0
ELL2,RUVBL1,0
ELL2,HIVEP2,0
CHD4,PARVB,0
PHC1,CRABP2,0
TCF12,SNORD93,0
BAZ1A,KLF13,0
SOX17,RUNX1,0
POU5F1,CREB3L2,0
NACC1,OBSL1,0
SMARCA4,NFIB,0
JARID2,SALL1,0
DAXX,RCOR2,0
EED,TRP53BP1,0
HCFC1,TUBB6,0
SMARCA4,SMAD4,0
ELL2,LMO4,0
REST,HSF2BP,0
SMARCA4,MSX2,0
ELL3,ASH1L,0
TFE3,PHLDA3,0
SMARCC1,MME,0
NACC1,TOP2B,0
NR0B1,BARX1,0
EED,PRDM5,0
SALL1,CNOT3,0
GLI1,INTS12,0
RYBP,POLR2I,0
ZFP42,SMURF2,0
RARA,SPOCK1,0
DAXX,GABPA,0
EED,SLC9A6,0
EHMT2,ECD,0
JUN,GSR,0
E2F1,BTBD11,0
YEATS4,SOX2,0
CNOT3,ZMYND11,0
DAXX,GZF1,0
CBX8,RELA,0
SMAD2,OVOL1,0
TGIF1,NR2F2,0
EHMT2,LHX2,0
PARP1,MAFK,0
NR0B1,SIX5,0
ELL3,CUBN,0
CNOT3,TOP2B,0
BAZ1A,SLC25A5,0
MPHOSPH8,SNAI1,0
PARP1,DUSP9,0
EHMT2,PELP1,0
NR4A1,SMARCD1,0
PRDM14,UBP1,0
TCF12,AQP8,0
PARP1,ZBTB3,0
PARP1,RAB11A,0
HDAC1,ELL3,0
MYCN,ZSCAN10,0
REST,CLDN6,0
REST,MED12,0
SMARCAD1,IGFBP2,0
ZIC3,ATF6,0
PARP1,ANP32A,0
KDM5B,ZFP423,0
SALL1,LRPAP1,0
RYBP,L3MBTL2,0
MTF2,ING1,0
TCF12,SMAD4,0
EHMT2,ZFP42,0
HCFC1,TRIM25,0
TET2,PLOD3,0
CBX7,PLAGL2,0
MTF2,SP8,0
SMARCC1,EPS8,0
HDAC3,PLAGL2,0
MYC,CUBN,0
JARID2,MYBBP1A,0
SMARCA4,NSD2,0
DAXX,NONO,0
DAXX,PIAS3,0
SMARCAD1,PIAS3,0
TET2,ETV3,0
PHC1,RBM14,0
SUZ12,ZBTB43,0
MPHOSPH8,SUZ12,0
KDM5B,ZSCAN10,0
SMARCA4,COBL,0
JUN,POLR2A,0
TBX3,GLUL,0
CBX7,ERF,0
SMAD2,RPL22L1,0
KDM5B,EZH1,0
CHD7,KRT42,0
PRDM14,CRABP2,0
TGIF1,FXR2,0
SMAD2,XBP1,0
MAPK8,SP8,0
MAFK,TET1,0
CHD4,P3H1,0
ARID1A,FST,0
ELL2,ESPL1,0
TRIM28,MITF,0
TBX3,STAT5B,0
RARA,ME1,0
GLI2,APBB1,0
DR1,PGA5,0
TFE3,FXR1,0
SMAD3,OPLAH,0
DPPA2,SURF4,0
PARP1,NME2,0
DPPA4,HEXIM1,0
NR0B1,RNF6,0
NFYA,NPAS2,0
CBX7,DDIT3,0
TET2,RAD54B,0
JUN,PER1,0
ELL3,COTL1,0
KDM5B,DAB2,0
PRDM14,STXBP2,0
TET2,KLF10,0
ZFP281,IL33,0
EHMT2,TXNDC12,0
NFYB,BCAT1,0
TET2,PAX6,0
HDAC3,TUBB6,0
JUN,SPRY2,0
EHMT2,NFATC1,0
SMAD3,SIRT1,0
SMAD3,CALCOCO2,0
MEN1,VEGFA,0
GATA4,TUBB6,0
EHMT2,CHST15,0
CHD4,TENM4,0
MAFK,GLUL,0
CBX8,MYBL2,0
BAZ1A,LDLRAP1,0
SOX2,ZFP236,0
MTF2,ZFP446,0
MTF2,TBPL1,0
ZFP42,SRF,0
GLI1,TET1,0
KDM5B,TAF9,0
ELL2,CHCHD10,0
TGIF1,E2F1,0
PARP1,BTBD11,0
NONO,GRB10,0
TET2,ZFP148,0
CHD4,RPL22L1,0
CHD4,COMMD3,0
MTF2,MCM4,0
SALL1,BTF3,0
KDM5B,RCC2,0
YEATS4,PAX1,0
E2F1,ID4,0
NONO,COPS2,0
RYBP,DAXX,0
GLI2,TGIF1,0
BAZ1A,FXR1,0
PARP1,GABBR1,0
RIF1,LAMA5,0
SOX17,HIST1H2BL,0
SOX17,CBX7,0
MYC,RLIM,0
E2F1,BRCA1,0
EHMT2,EZH2,0
SOX2,ARHGEF40,0
MPHOSPH8,ASNS,0
TET2,NFIA,0
SALL1,POU6F1,0
DAXX,POU6F1,0
ELL3,ZFP148,0
SMAD3,COL4A2,0
TGIF1,HS3ST1,0
ELL2,HMCES,0
TGIF1,BRWD1,0
E2F4,GTF2A1L,0
RIF1,SPRY2,0
HDAC3,RAI14,0
NACC1,TGIF1,0
SALL1,ARID3B,0
SMARCC1,NFIA,0
SALL1,MTA3,0
MTF2,CSRP2,0
DAXX,BRCA2,0
TET2,AKR1B8,0
CNOT3,ZFP979,0
HEXIM1,TSPAN9,0
EP400,ELP2,0
HDAC2,PREB,0
TFE3,HEY2,0
HEXIM1,ESRRB,0
SALL1,KDELR2,0
MAFK,NOTUM,0
NR0B1,NUP210,0
CHD7,SOX7,0
MAPK8,NID1,0
CBX7,NR2C1,0
NR4A1,GSTA4,0
TET2,DDX5,0
E2F4,ARHGAP29,0
DPPA4,RBM14,0
NR0B1,MAML3,0
SALL4,DUSP9,0
GATA4,TAF1A,0
JARID2,ZFP36L1,0
EHMT2,NEDD4,0
TBX3,NKRF,0
HDAC3,TYRO3,0
ESRRB,ZBTB24,0
MTF2,EMP2,0
RYBP,CUX1,0
NACC1,RUVBL2,0
EP400,SATB1,0
CHD7,SRSF6,0
EP300,SATB2,0
MPHOSPH8,RFX7,0
MAFK,ZBTB43,0
EP400,ZBTB24,0
KDM5B,SMAD4,0
ELL3,MAN1A2,0
SALL4,P4HA2,0
DPPA2,TAX1BP3,0
TFE3,CTNNBIP1,0
SMARCAD1,RAD51,0
GATA4,MYO7A,0
NR0B1,ETV1,0
DAXX,ZBTB3,0
SALL1,TSPAN9,0
MPHOSPH8,POLR3D,0
ZIC3,RCOR2,0
DAXX,TCEA1,0
ELL2,PRDM1,0
CHD7,SRGN,0
MED12,SATB2,0
SALL1,SNORA26,0
RARA,ESRRB,0
MAPK8,CCN2,0
HDAC1,ZBTB7A,0
ZIC3,TFAP2C,0
HDAC2,PLOD1,0
PHC1,SSBP4,0
ZFP281,SP8,0
TET2,CLDN6,0
CBX7,ZDHHC15,0
EZH2,ECT2,0
HCFC1,PBX4,0
MEN1,ZFP987,0
HDAC2,EIF4A2,0
NR4A1,ZFP423,0
GABBR1,ZBTB32,0
SOX17,ODC1,0
CTCF,TCF12,0
HDAC1,RAI14,0
RARA,SALL1,0
NONO,ZBTB10,0
NFYB,HIST1H3H,0
TET2,SLC7A6,0
SMARCAD1,ASH1L,0
JUN,TMSB4X,0
RIF1,GRB10,0
RYBP,TRP53,0
TET2,CNOT2,0
EP400,NXF7,0
EP300,RAPGEF3,0
CBX7,FBLIM1,0
NR4A1,RIF1,0
CHD4,TBL1X,0
NACC1,IKBKB,0
TRIM28,PLAG1,0
OTX2,HIST1H2BL,0
SMARCC1,BMPER,0
EP300,HES1,0
NONO,EOMES,0
TBX3,TFAP4,0
GLI1,ELF4,0
MPHOSPH8,MLXIPL,0
SOX17,UBQLN2,0
BTAF1,YAF2,0
SMARCC1,MYC,0
GLI2,DDB2,0
HDAC1,RFXAP,0
YEATS4,CNOT6,0
NFYB,SNAPC3,0
NONO,COIL,0
TBX3,TEAD4,0
YEATS4,ZHX3,0
DPPA4,TRIP6,0
SMARCA4,ETV3,0
CBX8,UBTF,0
EHMT2,SSR3,0
BAZ1A,MDM2,0
KDM5B,TRIM25,0
JUN,SMURF2,0
CBX8,NOTCH1,0
CHD4,MSH6,0
KLF4,TAF5,0
SALL1,MDM2,0
TGIF1,MYBL2,0
MYCN,KLF6,0
NR0B1,POLR3B,0
SOX2,MED31,0
MPHOSPH8,BTAF1,0
KDM5B,TFEB,0
NONO,ZYX,0
ARID1A,PREB,0
MTF2,ADAM19,0
REST,ESPL1,0
ZIC3,DDB1,0
EHMT2,ZFP592,0
KLF2,NUP210,0
KDM5B,FAM129B,0
NFYA,IL33,0
CBX7,FXYD3,0
RYBP,ARID5B,0
OTX2,HIST1H1B,0
ELL3,BACH2,0
SMARCC1,ASS1,0
SOX17,HMGA2,0
SUZ12,CDC5L,0
ELL2,SAP30,0
GLI2,CEMIP,0
ZFP42,GLIPR2,0
ELL2,CCNG1,0
SALL1,MCM2,0
HDAC2,PLAT,0
BAZ1A,DMRT1,0
MAFK,TMEM144,0
CNOT3,MEF2D,0
TET2,IL33,0
SALL1,SNORD93,0
ESRRB,EBF1,0
JUN,PDCD4,0
RIF1,MAZ,0
GLI1,TOPORS,0
SMAD2,TYRO3,0
NFYB,RAB11A,0
JUN,HSP90AA1,0
HDAC2,ZFP275,0
KLF2,L1TD1,0
NR4A1,NR1H2,0
HCFC1,NDN,0
TGIF1,TULP3,0
NONO,WWTR1,0
CHD7,FOXA2,0
PRDM14,H1F0,0
EED,HSP90B1,0
REST,SIN3B,0
MED12,TNS4,0
NR4A1,EPAS1,0
MYCN,MAPK13,0
CBX8,PATJ,0
MPHOSPH8,APOE,0
NFYB,LAMC1,0
MPHOSPH8,SLC6A6,0
NR0B1,RAB11A,0
RYBP,PA2G4,0
NACC1,POLR3D,0
KDM5B,DPPA2,0
NFYB,DDX58,0
ZFP57,TFE3,0
MEN1,CTSZ,0
DPPA2,CHD4,0
KDM5B,2410141K09RIK,0
CBX7,ZC3H7A,0
MTF2,HDAC4,0
SMAD2,EP300,0
HEXIM1,SLC6A8,0
REST,ASH1L,0
RIF1,NR1H2,0
EED,ATP13A3,0
BAZ1A,THBD,0
NR4A1,RB1,0
MAFK,TYRO3,0
SALL1,PDGFRA,0
ZFP42,EBF1,0
EED,ZFP423,0
MAFK,RLIM,0
SOX17,XAB2,0
DPPA4,SERPINE2,0
GLI2,OVOL1,0
BAZ1A,ADAM19,0
KLF2,SRSF1,0
SMARCAD1,EPS8,0
E2F4,RBFOX2,0
NR4A1,CCND1,0
SOX17,HDAC3,0
ARID1A,SRGN,0
EP400,RFX7,0
ELL3,SNORD93,0
MYCN,COMMD3,0
KLF2,PLAGL2,0
SMARCC1,AU018091,0
EP300,RRBP1,0
HDAC3,ELL3,0
CBX7,TRIM25,0
MYCN,NFIA,0
ELL3,RHOX6,0
TGIF1,TAF1A,0
HDAC1,PLAT,0
JUN,RCN3,0
SALL1,ATP6V0A1,0
MAFK,ZFP335,0
CHD7,FN1,0
SMAD2,THBD,0
NR4A1,WDR45,0
EED,HIST1H2BK,0
MPHOSPH8,NID1,0
TBX3,ZFYVE21,0
JUN,SRM,0
SMAD3,POLR2E,0
YEATS4,MED31,0
HDAC2,RBMXL2,0
SOX17,FOXQ1,0
GATA4,ZBTB20,0
REST,LDLRAP1,0
NR0B1,ESRRB,0
MYC,KDM3A,0
JARID2,BRPF1,0
GLI1,PRRX2,0
DAXX,SDC4,0
E2F4,P3H1,0
RARA,ZFP462,0
MTF2,SRSF6,0
PARP1,TGFB1,0
DAXX,KLF6,0
PHC1,HIST1H1B,0
NFYB,COMMD3,0
MAFK,NOTCH4,0
TFE3,HDAC2,0
PRDM14,FDPS,0
KLF2,HMCES,0
TCF12,DCXR,0
SMAD2,ZFP296,0
CHD7,2810025M15RIK,0
GTF3C1,IRF3,0
KLF2,RBL1,0
HCFC1,TRIB3,0
YEATS4,ZFP36L1,0
JARID2,PHB2,0
CHD7,LAMA5,0
KLF4,VSIR,0
E2F4,ILF2,0
TCF12,ARID3B,0
SMARCAD1,BTF3,0
GLI2,NID1,0
CHD7,EYA1,0
E2F4,FOSL2,0
KDM5B,MYO6,0
NR4A1,RBBP7,0
EED,HES6,0
SMARCAD1,SNORA68,0
HEXIM1,ARNTL,0
MYCN,KHDC3,0
MAFK,ING3,0
CHD4,ETV4,0
GLI2,NFYB,0
SALL1,CHST15,0
MYC,RUNX1,0
E2F4,TSPAN9,0
CNOT3,BTG2,0
TET2,HSP90B1,0
HDAC2,TOX3,0
CBX8,TYRO3,0
MPHOSPH8,DDB2,0
PARP1,DCXR,0
SMARCC1,NSD1,0
NONO,HOPX,0
GTF3C1,SLC5A11,0
NR4A1,SIRT1,0
TGIF1,TIMP2,0
SOX17,FOXH1,0
GLI1,ILF2,0
BTAF1,DKK1,0
TRIM28,ELP2,0
TET2,PDCD4,0
TRIM28,HSP90B1,0
CNOT3,TTF2,0
ESRRB,SNURF,0
CHD7,CTSZ,0
NFYA,CLCN5,0
SMARCC1,SRSF6,0
CHD7,TAF6,0
CTCF,TCF4,0
SMAD3,TRIM24,0
SMARCAD1,CNOT6,0
REST,TGFB1I1,0
NONO,FRMD4A,0
SALL1,PLOD3,0
NONO,ANXA5,0
NR4A1,P3H1,0
YEATS4,TAF6,0
TFE3,HIST1H2BL,0
SMARCC1,ARID1A,0
SMARCC1,CHD7,0
ZFP42,FOXJ2,0
GLI1,BMI1,0
ELL3,PHLDA3,0
NR4A1,RAB3IL1,0
MYC,MAGED1,0
RYBP,TRP53BP1,0
MAPK8,HMGA1,0
TBX3,IKBKB,0
YEATS4,SOCS2,0
EZH2,SOX15,0
EED,FUS,0
PARP1,DCP1A,0
NFYA,MBD2,0
BTAF1,MYD88,0
KLF4,ZFP462,0
BAZ1A,POLR1B,0
SALL1,FAM234A,0
CNOT3,ZFHX3,0
ARID1A,PHF14,0
EED,ERCC8,0
BAZ1A,GZF1,0
DPPA2,HIST1H1D,0
SMAD2,P3H1,0
ARID1A,SRRT,0
NR4A1,DCXR,0
ELL2,TOP2A,0
E2F4,BARX1,0
TRIM28,TYRO3,0
NRF1,CELF3,0
EP400,NDN,0
REST,MCM2,0
GATA4,POU4F1,0
SMARCC1,BTF3,0
NR4A1,TAGLN2,0
SMARCC1,GLIPR2,0
KLF2,EGR1,0
CNOT3,NONO,0
MAFK,KANK2,0
SMARCAD1,ATP13A3,0
HDAC2,HSP90AA1,0
TBX3,GATA4,0
SMAD3,TUBB6,0
GLI1,CENPB,0
HDAC2,TRIM28,0
NR4A1,INTS12,0
CTCF,ARHGAP29,0
PHC1,ZFAND3,0
KDM5B,SIRT3,0
ZFP57,NONO,0
KLF2,EPHA2,0
TGIF1,PDPN,0
SMARCAD1,MYMX,0
ELL2,SIRT2,0
RARA,MXD4,0
NFYB,CTSD,0
SMARCA4,INSIG1,0
CBX8,RBPJ,0
SMAD3,ABHD5,0
SALL1,NDN,0
GLI2,IMPDH1,0
SALL4,SIX5,0
GLI1,HTT,0
SMARCAD1,ILF2,0
SUZ12,PCOLCE,0
NR4A1,HDAC10,0
BAZ1A,DIDO1,0
KLF2,JMJD1C,0
CTCF,KLF2,0
NONO,P4HA1,0
SMAD2,TEAD4,0
JUN,STARD10,0
GLI2,RAPGEF3,0
MYCN,MIS18BP1,0
NR0B1,GNRH1,0
NFYB,PLAGL2,0
CBX8,ASS1,0
CBX8,POLR3F,0
CHD4,TLE1,0
PHC1,KLF3,0
ZFP42,YAF2,0
E2F1,ADAMTS9,0
MAFK,SGK1,0
NFYA,ZBTB10,0
NFYB,SMARCB1,0
SMAD2,EYA1,0
NR0B1,SRM,0
BTAF1,BRCA1,0
EHMT2,OPLAH,0
CHD7,LMF2,0
REST,MEIS3,0
SMARCC1,MAPK3,0
NR4A1,MYBBP1A,0
HDAC2,L1TD1,0
NACC1,TMEM144,0
SALL4,PFKP,0
TGIF1,RHOX6,0
SALL4,P3H1,0
NONO,CTNNBIP1,0
SMAD2,PRRX2,0
CHD4,FAM234A,0
DAXX,DDB2,0
REST,CSRP2,0
PRDM14,LEFTY1,0
REST,BTF3,0
SUZ12,COIL,0
KDM5B,ELP2,0
NR4A1,TRIP11,0
OTX2,NFYB,0
MPHOSPH8,MOV10,0
MAPK8,JMJD1C,0
ELL3,JUN,0
YEATS4,NR1D1,0
NFYA,PHF1,0
SMAD3,TAF6L,0
KDM5B,ME1,0
BAZ1A,CTCF,0
ZIC3,XRCC6,0
SALL1,PCBP2,0
ELL3,ERP29,0
CHD7,ZBTB3,0
CHD7,TCEA1,0
ELL2,CRY1,0
MYCN,ZFP398,0
ZFP57,GM10039,0
OTX2,AQP8,0
DPPA2,RERE,0
TET2,P4HA1,0
EP400,NR2C1,0
DAXX,SALL4,0
MAPK8,STARD8,0
PARP1,SERPINE2,0
HEXIM1,MEG3,0
KLF4,AKR1B8,0
RYBP,TGFB1I1,0
MAPK8,PTH1R,0
ELL2,COMMD3,0
SMAD3,CREB5,0
SALL4,CALD1,0
SOX2,GNRH1,0
EHMT2,DDX20,0
SMARCAD1,HMGA1,0
SMARCAD1,NRF1,0
HDAC3,GDPD5,0
KDM5B,BACH2,0
HDAC1,SEPT1,0
ZIC3,NAA15,0
KLF2,GLIS2,0
TBX3,DPPA4,0
TBX3,XBP1,0
ZFP42,RCN3,0
CTCF,ZFYVE21,0
SOX17,DAXX,0
CNOT3,JARID2,0
SALL4,ETV3,0
SALL1,HIST1H4K,0
SMARCAD1,KANK2,0
NR4A1,ELK1,0
SMARCC1,NFATC3,0
HDAC2,ZBTB43,0
RIF1,KEAP1,0
ARID1A,OPLAH,0
CHD7,GTF3C1,0
HDAC3,MATR3,0
PHC1,RBBP4,0
SMAD3,B2M,0
NONO,HDAC11,0
HDAC1,FLRT3,0
MYC,CEMIP,0
NR4A1,TAF6L,0
MYCN,HIST1H1A,0
MAFK,HOPX,0
BAZ1A,TRIM32,0
CBX7,KEAP1,0
ELL2,ASS1,0
GLI1,ZFP979,0
CHD4,CREB5,0
REST,LAMA1,0
SALL4,JMJD1C,0
RIF1,YEATS4,0
E2F1,RAPGEF3,0
SMARCAD1,PHF14,0
NANOG,PHF2,0
EED,TUBB6,0
SOX17,AGAP3,0
EP400,RBM14,0
RYBP,ZHX3,0
GATA4,FOXO3,0
SMARCC1,ZBTB20,0
MAFK,ASXL1,0
NONO,FGF4,0
ELL3,PAX6,0
PARP1,PTPN14,0
GLI2,CREBZF,0
EP300,TLE1,0
OTX2,HIST1H3H,0
DAXX,CBX7,0
SMARCAD1,MYBBP1A,0
E2F4,MSX2,0
CNOT3,PML,0
MPHOSPH8,ATF5,0
DAXX,EPHA4,0
ELL2,ILF3,0
ELL3,KLF4,0
UTF1,TCF7,0
TBX3,TULP3,0
EED,CRABP2,0
MYCN,MAFK,0
RYBP,SIN3B,0
NR0B1,SNORD35B,0
DAXX,ERCC3,0
JARID2,ATP6V0A1,0
GLI1,GATA4,0
ZIC3,HTT,0
SMAD3,GSR,0
CBX7,TRIM32,0
CBX8,BCLAF1,0
SALL4,TAF10,0
ELL3,DMRT1,0
DPPA2,ETS1,0
GATA4,NOTCH4,0
DPPA4,TAGLN2,0
NFYB,RARG,0
SMARCA4,RLIM,0
MED12,CITED1,0
SALL1,HIST1H2BN,0
RYBP,MANF,0
SMAD2,LTBP4,0
NFYB,FUS,0
HDAC2,CCNG1,0
DAXX,NFE2L1,0
SOX17,TXNIP,0
SMAD3,ZBTB24,0
E2F4,KDM3A,0
TET2,GZF1,0
ARID1A,SLC16A1,0
NFYB,PITX1,0
EP300,SRM,0
JUN,PRDM1,0
YEATS4,CHST15,0
PHC1,ADAMTS9,0
ZIC3,NR4A1,0
GLI1,APBB1,0
SALL1,SP8,0
NFYA,NRG1,0
MAPK8,HMGA1B,0
SMARCC1,POU5F1,0
YEATS4,STAT5A,0
SMAD2,MAGED1,0
RARA,GJB3,0
BAZ1A,PHLDB2,0
CHD7,CHCHD10,0
EHMT2,HTRA1,0
REST,SMARCA2,0
TGIF1,WDR45,0
HDAC2,KIT,0
EHMT2,XAB2,0
SOX17,JMJD1C,0
SOX2,RUVBL2,0
KLF4,MANF,0
ZFP281,YAF2,0
EHMT2,TAF5,0
HDAC2,MORF4L2,0
RARA,ZBTB10,0
RYBP,TFCP2L1,0
EP300,TAF1,0
ZIC3,FOXQ1,0
EHMT2,FOXO3,0
HDAC3,ZFAND3,0
DAXX,TRIP11,0
YEATS4,TNS4,0
GLI1,PATJ,0
CTCF,COBL,0
EP400,ERF,0
RARA,TRPS1,0
PARP1,MAGED1,0
CNOT3,SHKBP1,0
HDAC3,PMS1,0
CBX8,NR1D1,0
NONO,AES,0
DPPA4,GATAD2B,0
EP400,SELENOW,0
GATA4,SOX15,0
MPHOSPH8,DDIT3,0
EED,ID2,0
TGIF1,KPNA2,0
HCFC1,TBX18,0
SMARCAD1,NOTCH1,0
TGIF1,WWTR1,0
SMARCAD1,RUNX3,0
MTF2,SEMA4C,0
EED,ESRRB,0
SMARCC1,CTSL,0
TET2,DDX58,0
REST,WWTR1,0
BAZ1A,TRPS1,0
NR0B1,TFCP2L1,0
CBX7,TRIM13,0
TGIF1,HMGA1,0
PARP1,CREB5,0
KLF2,FST,0
NANOG,SLC9A6,0
HDAC1,TOPORS,0
GABBR1,SNORA68,0
HDAC1,HIST1H2BN,0
NR4A1,ZDHHC16,0
DR1,BACH2,0
HCFC1,CHCHD10,0
TET2,ZFP219,0
NFYA,ZFP42,0
KDM5B,E2F1,0
MYCN,UCHL1,0
SALL1,GTF3C1,0
BAZ1A,HMGA2,0
EP300,GRIN1,0
KDM5B,TMEM144,0
JUN,UCHL1,0
PARP1,BASP1,0
BAZ1A,ING3,0
BTAF1,GATAD2B,0
BAZ1A,XBP1,0
TET2,HDAC5,0
SALL4,ZBTB32,0
GATA4,DNMT3A,0
ELL3,FGF10,0
EP400,COBL,0
GLI1,KEAP1,0
ESRRB,EP400,0
RARA,NFIC,0
ELL2,ILK,0
BAZ1A,HMGA1B,0
NFYA,RAB3IL1,0
KLF4,FOXO1,0
ZIC3,CREBZF,0
TBX3,ABT1,0
HEXIM1,PAX1,0
GATA4,MCM7,0
GATA4,NAA15,0
NRF1,ZC3H7A,0
RIF1,RNF19A,0
HDAC3,CHD5,0
CBX7,SMARCAD1,0
NR0B1,EPAS1,0
YEATS4,ZFP423,0
ZFP42,CITED1,0
NFYA,TCF4,0
DPPA2,MAPK8,0
SMAD2,PLRG1,0
ZIC3,STXBP2,0
GLI1,GNAS,0
RARA,HDAC4,0
GATA4,TUBB2B,0
SALL1,ZFP148,0
BAZ1A,PIAS3,0
SALL4,KANK2,0
KDM5B,SRF,0
ZIC3,2200002D01RIK,0
JARID2,MAPK3,0
KDM5B,GABARAPL2,0
MAFK,CSRP2,0
GLI2,KHDRBS1,0
ESRRB,GLMP,0
E2F4,KDELR2,0
CHD4,HTRA1,0
TFE3,GRIN1,0
CBX8,ZFP446,0
NR4A1,ULK1,0
PARP1,ATP13A3,0
EP400,TFE3,0
CHD7,SERPINE2,0
REST,OPLAH,0
EP400,MKX,0
PARP1,CTBP2,0
SMAD3,NOTUM,0
EED,ZFAND3,0
CBX7,ZFP236,0
EHMT2,KDELR2,0
PHC1,RNF6,0
KDM5B,KANK3,0
REST,SNAI1,0
CHD7,SAP30,0
MEN1,TCF7,0
KLF2,B2M,0
YEATS4,MEF2C,0
SMAD3,MAFK,0
CHD7,POLR2J,0
MPHOSPH8,PROX1,0
SALL4,TNK2,0
EP300,MLXIPL,0
CNOT3,ZFAND3,0
EHMT2,TRIM28,0
NR4A1,ALG13,0
SMARCC1,CUX2,0
YEATS4,SHROOM3,0
ELL2,EPAS1,0
SMARCC1,RUNX1,0
NR4A1,ZMYM2,0
CNOT3,MLXIP,0
EP400,SORD,0
TBX3,PDCD4,0
REST,GPX3,0
ARID1A,HSBP1,0
GTF3C1,EBF1,0
NONO,ZHX3,0
EED,FIZ1,0
SMARCC1,E2F1,0
PHC1,PDPN,0
MEN1,PLAGL2,0
E2F4,SNORD93,0
SMARCA4,MAGED1,0
SMARCA4,TAF6,0
NACC1,HSPG2,0
NONO,TIMP3,0
PARP1,SLC26A10,0
HDAC3,CALCOCO2,0
ZFP42,PDPN,0
HDAC1,EPHA2,0
EHMT2,POLR3B,0
MTF2,BEND5,0
NR4A1,ERCC8,0
MPHOSPH8,SLC16A1,0
SMARCA4,HIST1H2BB,0
ELL3,HSPH1,0
NACC1,KHDRBS1,0
TBX3,CHD5,0
SUZ12,TAF1,0
PARP1,ATF3,0
CHD7,CUBN,0
PHC1,SRSF6,0
EED,SATB1,0
EP400,HMGXB3,0
NRF1,SMAD4,0
OTX2,DKC1,0
ELL2,EED,0
NFYB,CALU,0
YEATS4,GRB10,0
ESRRB,CDC42SE2,0
TET2,ESRRA,0
HDAC2,KLF13,0
PARP1,ARNTL,0
CHD4,SRRT,0
ZIC3,FXR2,0
EED,SRGN,0
SOX17,SOS2,0
CHD4,MYO6,0
EED,USF1,0
SOX17,NFATC3,0
MPHOSPH8,SLC9A6,0
SMARCC1,SNAPC3,0
PARP1,LAMA5,0
MEN1,GATAD2B,0
SIN3A,BMP4,0
NR4A1,GZF1,0
SMARCC1,AMPD2,0
MTF2,RPL22L1,0
DAXX,HIST1H2AC,0
HEXIM1,BACH2,0
CBX8,PLAT,0
CHD7,SIX1,0
E2F4,2410141K09RIK,0
CTCF,NDN,0
BAZ1A,HIST1H2BL,0
CHD7,NRIP1,0
RIF1,MLXIPL,0
ZFP42,KDELR3,0
SALL1,NR1D1,0
BTAF1,SNORA68,0
E2F1,GM10039,0
ARID1A,ID4,0
CHD7,HDAC10,0
ESRRB,EZH2,0
JARID2,KLF8,0
HCFC1,PLAT,0
SMARCA4,HIST1H1D,0
ZIC3,PIAS3,0
NR4A1,EPHA2,0
DPPA2,CMKLR1,0
DAXX,WWTR1,0
CBX8,P3H1,0
TET2,RBFOX2,0
ESRRB,TCOF1,0
SMAD3,ZMYM2,0
GABBR1,SNORD93,0
JUN,PEG3,0
TFE3,NR2F6,0
EP400,MITF,0
CHD4,ZFP296,0
SMAD2,TCF20,0
KLF4,ZBTB20,0
SIN3A,NSD1,0
HDAC1,CITED1,0
ZFP42,SRGN,0
CHD4,KIT,0
PHC1,IGFBP2,0
TFE3,EPS8,0
SMARCA4,CBX8,0
CHD7,HSPH1,0
ESRRB,COBL,0
MEN1,ZFPM1,0
DR1,ZBTB20,0
RYBP,SPOCK1,0
BAZ1A,PAX8,0
MTF2,SPRY2,0
TET1,PGA5,0
CNOT3,NR1H2,0
TGIF1,DCXR,0
PRDM14,KNTC1,0
ESRRB,DDX20,0
MYCN,SFI1,0
NR0B1,IRF2,0
PRDM14,DUSP9,0
GLI2,RRM2,0
YEATS4,PLTP,0
HDAC3,ELF1,0
TET2,ELF2,0
BAZ1A,MEN1,0
CHD4,GLDC,0
SMAD3,IRF2,0
CNOT3,RNF14,0
E2F1,TAF5,0
NFYB,CITED1,0
TFE3,ILF2,0
EP300,GM10039,0
TGIF1,NID1,0
EED,STARD10,0
MAPK8,ABHD5,0
BAZ1A,BTBD11,0
PARP1,TRIB3,0
NR4A1,TOPORS,0
HCFC1,HMGA2,0
ELL3,SAP30,0
EHMT2,TEAD3,0
MTF2,ATM,0
EED,IFITM2,0
NR0B1,RBBP4,0
CBX8,RAPGEF3,0
NR4A1,NOTCH2,0
CNOT3,RBPJ,0
SMARCC1,LY6G6E,0
EHMT2,POLR2I,0
MYCN,TSG101,0
JUN,KLF6,0
SALL1,RBPMS2,0
DAXX,ZFP446,0
EZH2,ZFP91,0
KLF2,SOX15,0
SMAD2,CUX2,0
ELL3,PARP1,0
PARP1,HMGXB3,0
SMARCAD1,TFRC,0
EP400,TAF10,0
SMARCC1,ZBTB3,0
TCF12,TET2,0
PRDM14,HIST1H2AF,0
ZFP42,ASH1L,0
NACC1,ILF3,0
NFYB,ANKRD6,0
TCF12,RELA,0
JUN,TDGF1,0
CBX7,DDX58,0
SMAD2,PIAS2,0
JUN,NR0B1,0
TET2,ETV5,0
NR4A1,SRM,0
SMARCAD1,IRF3,0
GLI1,SRSF1,0
MPHOSPH8,TBPL1,0
KLF4,HIF3A,0
RYBP,RB1,0
CHD7,MAPK3,0
ELL2,TCF7L2,0
YEATS4,PIAS3,0
TFE3,RBMXL2,0
DPPA2,RBM14,0
EHMT2,SPP1,0
CBX7,CNOT7,0
SOX17,POLR1E,0
PHC1,ASNS,0
HDAC1,BTG1,0
DAXX,GSTA4,0
RYBP,CSF1,0
BAZ1A,HIST1H1B,0
NR0B1,STARD8,0
SMARCAD1,MCM6,0
ZIC3,SND1,0
CTCF,TOPORS,0
NFYB,MME,0
TFE3,LAMB2,0
DPPA2,RAI14,0
GLI1,PBXIP1,0
HEXIM1,CELF3,0
MTF2,HES6,0
RIF1,PKNOX2,0
SALL4,TNFAIP3,0
RIF1,OPLAH,0
MYC,P3H1,0
SALL4,TBL1X,0
SALL4,SELENOW,0
GATA4,PGA5,0
NFYA,CDKN1A,0
NR0B1,POU4F2,0
EHMT2,ODC1,0
CHD7,SLC7A3,0
REST,HDGF,0
SMARCC1,GTF3C1,0
EED,SP8,0
SMARCAD1,MYH9,0
NACC1,WWTR1,0
PARP1,B2M,0
CHD7,SNAI1,0
SALL1,PTH1R,0
KDM5B,CSRP2,0
CHD4,PHF12,0
SMARCC1,HIF3A,0
EED,PIAS1,0
MPHOSPH8,FOXJ3,0
SUZ12,DNMT1,0
CNOT3,IRF2,0
DPPA4,NFE2L2,0
EP400,SMAD4,0
ZFP281,UBP1,0
ZFP42,CCND1,0
SOX2,MYO7A,0
TFE3,ERCC3,0
REST,POLR1E,0
DPPA4,DKK1,0
CNOT3,ETV5,0
PRDM14,DAB2,0
MPHOSPH8,BAZ1A,0
NONO,ZEB1,0
KDM5B,SRRT,0
CBX8,NFATC1,0
DAXX,MEG3,0
ESRRB,MARC2,0
CNOT3,HSP90B1,0
EED,XRCC6,0
MAFK,HSF2,0
KLF2,ETV1,0
MYCN,CALCOCO2,0
ARID1A,ZFP275,0
HDAC3,ARID5B,0
CHD4,DNMT1,0
ARID1A,ABT1,0
JARID2,CREBZF,0
PHC1,ZBTB3,0
RARA,UBQLN2,0
ELL3,CDC20,0
SALL4,MEIS1,0
PARP1,PDCD11,0
DPPA2,DDB2,0
DAXX,BNIP3,0
KLF2,MEIS3,0
EP300,NPHS1,0
RYBP,DDB2,0
CHD4,IFITM2,0
RIF1,GATAD2B,0
RARA,ZFP277,0
EHMT2,FOXA2,0
KDM5B,B2M,0
BAZ1A,TRH,0
ESRRB,SNORA68,0
NR0B1,ZBTB39,0
ZIC3,DDX54,0
HEXIM1,TINAGL1,0
EED,KNTC1,0
KDM5B,SMARCD1,0
HCFC1,RNF157,0
NACC1,MCM4,0
CBX7,FXR1,0
CHD4,MT1,0
CNOT3,HKDC1,0
HDAC1,TWIST1,0
REST,NOTUM,0
MTF2,FAM129B,0
EP400,E2F6,0
CHD7,HNRNPD,0
KDM5B,ARID3B,0
HDAC1,TXNDC12,0
TGIF1,GLI1,0
POU5F1,AMOT,0
HDAC2,YAF2,0
NFYA,IFITM2,0
HDAC2,CUX2,0
SMARCC1,PAWR,0
TET2,OBSL1,0
CHD4,SLC9A6,0
SALL1,CDC20,0
MTF2,TRIM13,0
MYC,GLIS2,0
SALL4,AU018091,0
CHD7,TRP53,0
REST,POLR2K,0
RYBP,RCOR2,0
GLI2,CUX1,0
KLF2,ID4,0
SALL1,GTF2H3,0
HDAC3,IMPDH1,0
JUN,BTAF1,0
MAFK,TBL1X,0
RARA,TAF1,0
NACC1,EPHA2,0
JUN,IRF6,0
MEN1,YAF2,0
GLI2,ECT2,0
MAFK,TSHZ3,0
HDAC3,MYD88,0
GLI1,RFX5,0
RYBP,MCM4,0
KLF2,ZFP91,0
ELL3,TCF7,0
SMAD2,LHX2,0
EHMT2,TULP3,0
RIF1,CDKN1A,0
E2F4,HTT,0
CNOT3,ASXL1,0
KLF4,NR0B1,0
GTF3C1,DDX58,0
JUN,ANXA5,0
CNOT3,EFEMP2,0
MTF2,FBLIM1,0
EZH2,GNRH1,0
NONO,GABARAPL2,0
CBX8,FHL2,0
PARP1,SNORD35B,0
POU5F1,MAGED1,0
NONO,ESRRB,0
ARID1A,ALG13,0
PRDM14,ETS1,0
PRDM14,HDAC1,0
NFYB,ZBTB38,0
SOX17,BEX1,0
PRDM14,DKC1,0
BTAF1,EDA2R,0
HEXIM1,SLC7A3,0
TGIF1,ZSWIM4,0
NFYA,SPRY4,0
RYBP,TCERG1,0
TRIM28,LOXL2,0
SMARCC1,EYA1,0
GLI2,BCAT1,0
YEATS4,BRPF1,0
RYBP,HMGXB3,0
RYBP,HNF1B,0
ARID1A,TOX3,0
EP300,KLF4,0
MYC,NDRG4,0
TBX3,SNORA68,0
ZFP42,SNORD35B,0
EHMT2,SOX7,0
REST,ZFP148,0
HCFC1,NSD2,0
UTF1,AES,0
ZIC3,XAB2,0
CNOT3,MED15,0
PRDM14,ELL2,0
ZFP57,HDAC7,0
NFYB,DUSP9,0
DAXX,WBP11,0
NACC1,IRF3,0
RIF1,ING1,0
TFE3,GRHL1,0
ELL2,ID4,0
JUN,ZFP398,0
E2F1,TFAP2C,0
SMARCC1,ELF2,0
NR4A1,TLE1,0
PRDM14,ZFP398,0
GATA4,USF1,0
NONO,HSPA5,0
DAXX,PDCD11,0
BAZ1A,MAPK8,0
NR4A1,CALU,0
GLI1,TRRAP,0
HDAC2,SOAT1,0
MAPK8,TCOF1,0
TET2,LHX2,0
TET2,XRCC6,0
ESRRB,PREB,0
HDAC1,HSF2BP,0
GLI1,LHX2,0
GLI2,FLRT3,0
MEN1,SATB2,0
JARID2,TDGF1,0
HDAC3,ZSCAN10,0
NR4A1,PATZ1,0
MYCN,ZFP281,0
MAPK8,PRDM5,0
RNF2,KDM5B,0
SMARCAD1,APP,0
SMAD2,IRF1,0
KDM5B,DNAJC2,0
NR4A1,VEGFA,0
ARID1A,FLRT3,0
JARID2,SIRT1,0
CBX7,DKC1,0
CTCF,KDM5B,0
ARID1A,MSC,0
NR4A1,CHD7,0
NRF1,MAGED1,0
NONO,ISYNA1,0
SOX17,MEF2D,0
CNOT3,ZBTB38,0
TRIM28,ZEB1,0
CHD7,HIST1H2BF,0
MTF2,GBX2,0
PARP1,MEF2D,0
BAZ1A,CBX7,0
MPHOSPH8,HMGA1,0
ELL2,RBPJ,0
CTCF,FST,0
NONO,E2F2,0
MTF2,NSD1,0
KLF2,RNF19A,0
SMARCA4,MEIS1,0
YEATS4,COL4A1,0
NFYA,PFKP,0
BAZ1A,CTNNBL1,0
EP400,COMMD3,0
HCFC1,EPAS1,0
SMARCA4,SIX1,0
EED,DUSP9,0
NACC1,COPS2,0
SMAD3,SMURF1,0
MPHOSPH8,UNG,0
GATA4,ARHGEF40,0
MYCN,MEN1,0
E2F4,GTF2H3,0
GATA4,ASH2L,0
SALL1,RUVBL2,0
TET2,GATAD2B,0
HDAC3,ERCC8,0
PHC1,RFX5,0
MTF2,TAGLN2,0
KDM5B,FUBP3,0
TFE3,MAGED1,0
DAXX,FOXP1,0
SMARCAD1,TFE3,0
NR4A1,HTRA1,0
ZIC3,ADAM19,0
MAPK8,UBTF,0
ELL2,MYO6,0
TET2,TMF1,0
MPHOSPH8,SERPINE2,0
PHC1,NFXL1,0
ELL3,IGFBP2,0
SMARCAD1,PCBP2,0
MTF2,PCOLCE,0
EHMT2,FABP3,0
JUN,MYBL2,0
CHD7,LEFTY1,0
BAZ1A,ITPK1,0
NONO,PURA,0
NR0B1,GSR,0
EED,LMO4,0
MAPK8,AES,0
EED,MARC2,0
HCFC1,CAR2,0
GLI2,SERTAD2,0
GLI2,KNTC1,0
CHD7,ISYNA1,0
CHD7,MKX,0
ZIC3,STAT5B,0
NR4A1,TXNDC12,0
MYCN,ETV3,0
YEATS4,LEFTY1,0
CHD4,DMRT1,0
TGIF1,FLRT3,0
HCFC1,PDPN,0
NFYA,CRIP2,0
JUN,AMOTL2,0
TGIF1,SNORA26,0
EHMT2,STAT5A,0
ELL2,PAPOLA,0
RYBP,HNF4A,0
ZIC3,ELK1,0
TRIM28,PELP1,0
EHMT2,SMURF2,0
REST,H1F0,0
RYBP,TOX4,0
NFYB,LTBP4,0
SMARCC1,HMGB2,0
KLF2,EED,0
KDM5B,TRIP6,0
MPHOSPH8,HNF4A,0
KLF4,COTL1,0
KDM5B,LEFTY2,0
BAZ1A,PSIP1,0
KLF2,MANF,0
DPPA4,RPL22L1,0
KDM5B,TFCP2L1,0
RYBP,ASH2L,0
RARA,MGST3,0
ZIC3,DKC1,0
NFYA,WDR45,0
NFYB,CELF3,0
HDAC3,RBMXL2,0
EED,ERCC3,0
SIN3A,TGFB1I1,0
TFE3,ZBTB3,0
REST,POLR1C,0
NR4A1,FOXO3,0
ZFP57,TIMELESS,0
CBX8,TUBB2B,0
EP400,MAPK13,0
ZIC3,ABHD5,0
ZFP281,AU018091,0
SMAD3,MCM2,0
SMARCAD1,IGF2,0
PRDM14,FXR2,0
SALL1,SEMA4C,0
ARID1A,THRAP3,0
SMARCC1,NEDD4,0
EHMT2,NR2F2,0
EHMT2,NOTUM,0
PHC1,2810025M15RIK,0
E2F4,NACC1,0
DPPA4,MAFK,0
TBX3,TAX1BP3,0
MAFK,PROX1,0
RYBP,ORC2,0
GLI1,TNK2,0
GLI1,MCM7,0
NR0B1,ILK,0
GLI2,THRAP3,0
DPPA2,MEF2C,0
E2F4,TPM4,0
GLI2,CDC5L,0
TFE3,JMJD1C,0
BAZ1A,GLUL,0
SMARCC1,BMP6,0
CNOT3,WWTR1,0
JUN,ATF5,0
NFYA,CTSA,0
CHD4,KRT8,0
NACC1,KANK2,0
YEATS4,ECD,0
CBX7,ECD,0
MTF2,MCM2,0
NR4A1,FGF3,0
EP400,SAT1,0
RIF1,D230025D16RIK,0
ELL3,PREB,0
SMARCAD1,CD63,0
TET2,POLR2H,0
MAPK8,HIST1H2AI,0
PARP1,DPP4,0
SMAD2,USF1,0
MTF2,ECD,0
NR4A1,TBX18,0
SALL1,YBX1,0
NFYB,BMP4,0
MPHOSPH8,ZFP281,0
RYBP,DIDO1,0
GLI2,KDM3A,0
EHMT2,TOP2B,0
MYCN,SLC5A11,0
CHD4,PDCD4,0
TRIM28,MRAS,0
CBX8,FAM129B,0
GATA4,ADAM23,0
SALL1,SUZ12,0
NONO,HDAC2,0
SMAD3,MYLPF,0
RARA,GTF2H4,0
MTF2,ATP6V0A1,0
PARP1,GNRH1,0
MPHOSPH8,MED12,0
MAPK8,RAD54B,0
DPPA4,ZBTB39,0
CNOT3,POLR2B,0
NACC1,TLE1,0
ELL3,FRRS1,0
KDM5B,FABP3,0
MPHOSPH8,PAX6,0
TFE3,BTBD11,0
TRIM28,ANXA2,0
BAZ1A,LAMA5,0
RARA,PAWR,0
ELL2,TGIF1,0
CNOT3,2810025M15RIK,0
TFE3,CHCHD10,0
PHC1,ZBTB20,0
ZIC3,TCF7,0
MEN1,JDP2,0
NFYA,TMSB4X,0
PARP1,SMAD2,0
TFE3,NFIL3,0
SALL1,ADAMTS9,0
MAPK8,CCNB1,0
NFYB,VILL,0
RARA,TDGF1,0
CHD7,PMS1,0
SMARCAD1,NFIB,0
DPPA2,ZFYVE21,0
CHD4,TRH,0
JARID2,RPL22L1,0
SMARCAD1,RUNX1,0
SOX17,RB1,0
TET2,NFXL1,0
JUN,GNPDA1,0
RNF2,SOX15,0
SMAD2,EHMT2,0
GLI1,ETV6,0
MEN1,TAGLN2,0
SMARCA4,ESRRB,0
RARA,ERF,0
BAZ1A,SNORA68,0
NFYA,RAI14,0
EHMT2,CTCF,0
KDM5B,PRSS35,0
TBX3,SHKBP1,0
HCFC1,RASGRP2,0
MPHOSPH8,RBFOX2,0
SALL1,CRY1,0
KLF4,MAPK3,0
TET2,RASGRP2,0
MAPK8,ZFP275,0
TBX3,CDC20,0
TGIF1,ASS1,0
KDM5B,PRRX2,0
MEN1,ILF3,0
EED,TOX3,0
CHD7,POLR3B,0
DAXX,SERPINE2,0
PARP1,PIAS2,0
KDM5B,RPL22L1,0
EED,NID1,0
BAZ1A,PLOD2,0
GLI2,RCOR2,0
HDAC1,RLIM,0
MYC,PIAS2,0
RARA,MT2,0
MEN1,SEMA4C,0
DAXX,FLRT3,0
NR4A1,NOTUM,0
JUN,CD63,0
NACC1,NONO,0
ELL3,LDLRAP1,0
HDAC3,MYO6,0
CNOT3,TEAD3,0
EHMT2,ZFP236,0
NR0B1,SMAD2,0
BAZ1A,IRF2,0
TGIF1,LRPAP1,0
GTF3C1,LAMB1,0
RARA,ZBTB39,0
EP300,EPHA4,0
TFE3,PATJ,0
SMAD3,NFATC2IP,0
ARID1A,EOMES,0
EP400,EPHA2,0
MYC,ZMYND11,0
KLF2,YEATS2,0
ELL2,DNMT1,0
ZIC3,PDCD11,0
E2F4,COL4A2,0
CNOT3,HIST1H2BN,0
TBX3,PREB,0
HDAC2,MYO7A,0
SMAD3,FOXJ2,0
SMARCAD1,RNF19A,0
EP300,FAM129B,0
TFE3,SAP30,0
SOX17,CALCOCO2,0
ELL3,SATB2,0
MYCN,ZFP219,0
MAFK,HDAC4,0
CNOT3,XAB2,0
DAXX,RUNX1,0
RYBP,GRHL1,0
SMAD3,SLC7A3,0
DAXX,SP8,0
TFE3,ZFP446,0
YEATS4,LAMB1,0
ESRRB,BCLAF1,0
DAXX,POLR1C,0
MEN1,BARX1,0
NFYA,HEY2,0
GLI1,KLF15,0
GLI1,P3H4,0
NRF1,DCXR,0
CTCF,HIVEP2,0
RYBP,EFEMP2,0
ARID1A,VSIR,0
ZIC3,RBFOX2,0
JARID2,ZFYVE21,0
PRDM14,HIST1H2BK,0
GATA4,TMEM150A,0
EHMT2,DTX1,0
MAPK8,MED15,0
EZH2,ATF1,0
SMARCAD1,TINAGL1,0
NFYA,MLLT1,0
TGIF1,COL4A1,0
SMARCAD1,TDGF1,0
GATA4,DPP4,0
PARP1,RRM2,0
RYBP,ELF3,0
SOX2,CNOT2,0
RYBP,POLR2E,0
NACC1,SOCS2,0
CBX7,ATM,0
CTCF,SMARCB1,0
MYC,TOP2B,0
TRIM28,P3H1,0
TBX3,TOX4,0
NR4A1,TFEB,0
ELL2,SRGN,0
GLI1,EMP2,0
NACC1,NDN,0
RARA,HES1,0
KLF4,SPARC,0
EP300,ZFP592,0
RYBP,LDHB,0
NR4A1,PARP1,0
CTCF,HTRA1,0
RIF1,ZFP296,0
EHMT2,TAF10,0
ZFP57,ZFP275,0
NFYB,MLXIP,0
DPPA4,CEMIP,0
HDAC3,COBL,0
CBX7,POLR2I,0
TFE3,EGR1,0
MAFK,ATF5,0
HDAC2,PITX2,0
RYBP,AQP8,0
GLI2,CSF1,0
JARID2,TYRO3,0
EP300,HOXD13,0
CHD4,LEFTY2,0
CHD7,TCOF1,0
EZH2,PHF14,0
TFE3,P4HA1,0
TBX3,E2F1,0
OTX2,TRH,0
DPPA4,EIF4A2,0
GATA4,SEMA4C,0
RYBP,ISYNA1,0
TBX3,LDHB,0
MAPK8,TSHZ3,0
HDAC1,SMURF2,0
DAXX,EIF4A2,0
JUN,WDR45,0
JUN,LRP2,0
SMARCA4,RYBP,0
NACC1,ATM,0
SMAD3,SMARCB1,0
BAZ1A,NR1H2,0
NACC1,PAX6,0
BAZ1A,BASP1,0
YEATS4,HSPA5,0
DAXX,MPHOSPH8,0
PRDM14,SMURF1,0
RIF1,PLTP,0
NACC1,NPHS1,0
CBX8,FRMD4A,0
RIF1,FOXH1,0
HDAC1,FBLIM1,0
PARP1,MLLT1,0
TET2,CEBPZ,0
SMARCC1,LHX2,0
DAXX,YBX1,0
MYCN,RHOX6,0
GATA4,AIP,0
KDM5B,PLTP,0
RIF1,TCF20,0
MED12,PLAT,0
KLF2,IMPDH1,0
NFYA,NR0B1,0
MTF2,ZFYVE21,0
CHD4,HIST1H2AK,0
TRIM28,BEX1,0
GTF3C1,CUBN,0
NACC1,ILK,0
EHMT2,EP300,0
SMARCAD1,CTNNBIP1,0
SALL4,TDGF1,0
EED,SMAD3,0
OTX2,EMP2,0
SALL4,TIMP3,0
CHD4,PLAG1,0
NR4A1,ZMYND11,0
SMAD3,COBL,0
ELL3,IL33,0
HDAC3,TRIP11,0
MPHOSPH8,BARX1,0
ELL2,RCOR2,0
YEATS4,DDX58,0
ELL2,KDM3A,0
SMARCC1,TCERG1,0
DPPA2,AQP8,0
MAPK8,RBMXL2,0
BAZ1A,APEX1,0
REST,KANK2,0
BAZ1A,HDAC4,0
SMARCC1,GNRH1,0
PHC1,INTS12,0
POU5F1,BACH2,0
REST,MKRN1,0
SALL1,PHF2,0
GLI2,CDC42SE2,0
MAPK8,TGIF1,0
MAPK8,CTH,0
MYCN,YEATS4,0
SALL4,TEAD1,0
PHC1,ERF,0
MAPK8,HNF4A,0
TET2,KANK3,0
PRDM14,AKT1,0
KDM5B,PAPOLA,0
GLI2,EBF1,0
NR0B1,GTF3C5,0
SMARCC1,ARID5B,0
NACC1,ADAMTS9,0
ARID1A,ILF2,0
EZH2,YAF2,0
MEN1,SHKBP1,0
RIF1,ATF3,0
GATA4,GRHL1,0
RYBP,PAPOLA,0
KLF2,HDGF,0
SALL4,DPP4,0
PARP1,BAZ1A,0
OTX2,HDAC10,0
TET2,SLC9A6,0
EED,P3H1,0
NFYB,E2F4,0
SMAD3,PRDM5,0
RYBP,D230025D16RIK,0
KLF2,EMP2,0
KDM5B,HSF2,0
TFE3,MAN1A2,0
CBX8,LRRK1,0
SALL4,ATF1,0
BAZ1A,ETV1,0
ESRRB,FAM234A,0
KLF4,SFPQ,0
NACC1,UBP1,0
SMARCC1,TINAGL1,0
CBX8,CKAP4,0
CBX7,PEG3,0
EHMT2,2200002D01RIK,0
EP400,MAML1,0
JUN,HMGA2,0
SOX17,MIS18BP1,0
E2F4,FRRS1,0
NONO,POLR2J,0
RNF2,AU018091,0
SALL4,UNG,0
SMAD3,NR1H2,0
SALL4,SND1,0
ELL3,TEAD4,0
SMARCC1,KDELR2,0
GLI1,ATF3,0
YEATS4,ASXL1,0
KLF2,CKAP4,0
JUN,ZFP91,0
GLI1,MANF,0
CBX7,ING3,0
ESRRB,DAB2,0
SOX2,POLR2H,0
POU5F1,STAT5A,0
SMAD3,IGFBP2,0
SALL1,AGAP3,0
NACC1,CALCOCO1,0
SMARCA4,ATF1,0
SOX2,MEF2A,0
GLI2,XRCC6,0
NFYB,SAT1,0
HDAC3,TENM4,0
SMAD3,PRSS35,0
EHMT2,ZDHHC15,0
MYCN,ZBTB38,0
EHMT2,FDPS,0
MTF2,UCHL1,0
ZFP42,OPLAH,0
EED,TCF4,0
REST,RUVBL2,0
NACC1,TEAD3,0
MYC,SEC24D,0
CBX8,KAT6B,0
KDM5B,TBX3,0
GLI1,PRDM1,0
NFYA,VEGFA,0
MEN1,JUND,0
CHD7,HIST1H3H,0
RIF1,BMI1,0
DPPA2,ING3,0
DPPA4,GABARAPL2,0
MEN1,CITED2,0
HDAC1,PRSS35,0
EED,TUBA4A,0
E2F1,TSG101,0
DAXX,GLUL,0
BAZ1A,PROX1,0
TET2,TFE3,0
PRDM14,KRBA1,0
PARP1,TBX3,0
SMARCAD1,RBMXL2,0
SUZ12,CALCOCO1,0
KLF4,CEBPZ,0
ARID1A,KLF2,0
DAXX,FOXA2,0
ELL2,JUN,0
MYCN,NPHS1,0
MAFK,CUX2,0
NACC1,VEZF1,0
NACC1,SEMA4C,0
HCFC1,AU018091,0
CNOT3,BMP4,0
MAFK,SRSF6,0
RYBP,SPP1,0
TBX3,GTF3C1,0
DAXX,TRIM32,0
CHD7,TMEM150A,0
PARP1,TXNDC5,0
HDAC3,ELK4,0
KLF2,HIST1H2AC,0
RYBP,EMX2,0
CTCF,ASH1L,0
EZH2,KANK3,0
SMARCAD1,MITF,0
HDAC1,HSPA5,0
MED12,YAF2,0
NR4A1,SAP30,0
CBX7,P4HB,0
NR0B1,EMP2,0
MTF2,PHLDA3,0
KDM5B,RBMX,0
SMARCA4,AKT1,0
POU5F1,SNORD93,0
ELL3,HMGA1B,0
BTAF1,GTF2H4,0
SMARCC1,MEN1,0
BAZ1A,HNF1B,0
POU5F1,ANKRD54,0
SMARCAD1,FAM234A,0
GLI1,MT2,0
TFE3,RNF2,0
EHMT2,ZMYM2,0
SOX17,BTBD11,0
HDAC3,FOSL2,0
CHD7,ELK1,0
GLI1,TOX3,0
SUZ12,ZBTB32,0
ZIC3,PCOLCE,0
MEN1,ERCC3,0
CHD7,2200002D01RIK,0
TRIM28,BCAT1,0
DAXX,HIST1H2BK,0
CNOT3,CHD7,0
EZH2,ARID3B,0
EED,STAT4,0
NR4A1,TOX4,0
MAFK,RAD51,0
YEATS4,ULK1,0
SMAD2,TRH,0
HDAC3,MOV10,0
EHMT2,HIST1H2AF,0
EHMT2,JAM2,0
KDM5B,RAB11A,0
SALL4,CDC5L,0
PARP1,ARID3B,0
NR4A1,ARID1A,0
SMARCAD1,DDAH2,0
JARID2,GJB3,0
SMARCAD1,APOE,0
GLI2,FN1,0
TGIF1,ARID1A,0
RYBP,HES1,0
PHC1,RUVBL1,0
SOX17,HDAC5,0
KLF2,HOPX,0
EED,PROX1,0
MYCN,TCERG1,0
TRIM28,PRRX2,0
BTAF1,ATF6,0
SALL4,TRIP11,0
HDAC2,TXNDC5,0
SMAD3,PODXL,0
DAXX,FOXD3,0
SMARCC1,BACH2,0
SMAD2,APOE,0
TFE3,ASNS,0
EP400,KLF3,0
GLI1,NDRG1,0
DPPA2,TBPL1,0
HDAC1,RFX7,0
SOX17,ATP13A3,0
RYBP,TENM4,0
GLI1,MT1,0
CBX8,PMM1,0
RYBP,BTF3,0
EP400,SALL1,0
CHD4,ZBTB3,0
CHD4,NDRG1,0
KDM5B,TAGLN2,0
DAXX,SRF,0
GLI1,TCF20,0
EED,HDAC3,0
CTCF,ELK4,0
CBX7,YEATS4,0
CTCF,DUSP9,0
ARID1A,RCC2,0
PHC1,DDB2,0
REST,TSPAN9,0
ELL2,SPEN,0
REST,IGFBP2,0
E2F4,SLC7A3,0
KDM5B,BRPF1,0
MPHOSPH8,EP400,0
EED,ZFP398,0
RARA,DMRT1,0
ZFP42,IRF6,0
NR0B1,ZFP423,0
DPPA2,ID3,0
CBX7,HSBP1,0
NACC1,HSPA5,0
NFYB,NPHS1,0
SMARCC1,RIF1,0
SMARCAD1,NONO,0
YEATS4,JAM2,0
HCFC1,ETS1,0
EHMT2,UNG,0
BAZ1A,SNORD93,0
ZFP42,PLAGL2,0
NR4A1,FOXQ1,0
YEATS4,EMX2,0
BAZ1A,ECD,0
TGIF1,SGK1,0
GLI1,MGST3,0
MEN1,CENPB,0
CBX7,LMF2,0
PHC1,SOX15,0
ELL2,IFI30,0
CHD7,DAB2,0
PRDM14,ING1,0
NONO,ZFP768,0
TBX3,NDN,0
MYC,GNPDA1,0
ELL3,NFIA,0
PRDM14,HSP90B1,0
SUZ12,TCOF1,0
SALL4,TMF1,0
BAZ1A,ZMYM2,0
RIF1,DEK,0
TET2,PBX4,0
CBX8,RNF14,0
MYCN,VIM,0
EED,ZFP592,0
CBX7,PCBD1,0
SMARCC1,PARP1,0
KDM5B,MED12,0
KDM5B,EPAS1,0
CHD4,UNG,0
YEATS4,TMEM150A,0
HDAC3,PLAT,0
EED,TCOF1,0
ARID1A,SNORA68,0
ZIC3,KLF4,0
TET2,INSIG1,0
MYC,NFIC,0
HDAC2,B2M,0
SMARCC1,MSX2,0
MAPK8,HIVEP2,0
TET2,ASNS,0
CHD7,CBX6,0
NR0B1,GJA1,0
NFYB,SIN3B,0
MYCN,DAB2,0
ELL2,CRAMP1L,0
MYC,MLXIPL,0
SMAD3,CEBPZ,0
GLI1,ASH1L,0
MYCN,LAMA5,0
MAPK8,E2F1,0
SMARCA4,RPL22L1,0
GATA4,MEIS3,0
DAXX,STARD10,0
ESRRB,HEY2,0
CHD7,DTX1,0
EED,P4HA2,0
TFE3,ETV3,0
DPPA2,CRABP2,0
MTF2,KLF6,0
NR4A1,BRD7,0
CHD7,TFAP4,0
DAXX,SMAD2,0
KDM5B,FST,0
SMARCAD1,TRIP6,0
JUN,GABBR1,0
KLF4,IL33,0
GLI1,MYC,0
RARA,GRHL1,0
ZIC3,ILF3,0
HDAC3,FXR1,0
MYCN,SOX15,0
TGIF1,PLA2G1B,0
GLI1,RAD51,0
ARID1A,KPNA2,0
YEATS4,ADAMTS9,0
PARP1,AKR1B8,0
ELL2,SMAD2,0
TET1,IFITM2,0
NFYA,KLF15,0
NR0B1,GABARAPL2,0
CHD4,TYRO3,0
SALL4,PLAG1,0
MTF2,TLE1,0
DPPA4,NR1D2,0
ZFP57,NR5A2,0
KLF2,RNF6,0
SALL1,TCF4,0
NFYB,TCF7L2,0
TET2,ZBTB38,0
RIF1,TIMELESS,0
ARID1A,ELL2,0
REST,ALG13,0
BTAF1,IL33,0
ZFP57,SMARCA4,0
EED,ZDHHC16,0
SMARCA4,CNOT6L,0
PRDM14,KAT6B,0
CNOT3,SPRY2,0
MYCN,ZBTB43,0
TCF12,SIN3A,0
RARA,NFIB,0
PHC1,NOTCH1,0
CBX7,GRIN1,0
NR0B1,GDPD5,0
MYC,SURF4,0
REST,RASGRP2,0
DPPA4,GLUL,0
JARID2,ZBTB20,0
BAZ1A,TOPORS,0
HCFC1,SERPINE2,0
SALL4,SMURF1,0
DAXX,E2F1,0
REST,PRDM14,0
ELL2,CITED2,0
SALL1,ELAVL2,0
SMAD2,TMSB4X,0
EP400,CDC20,0
NR0B1,SURF4,0
E2F4,RBPJ,0
NR4A1,PLTP,0
NFYB,ELK4,0
E2F4,IRF2,0
SALL4,GTF3C1,0
HDAC2,ZIC3,0
ESRRB,NR1H2,0
ARID1A,ZFP91,0
EHMT2,SEPT1,0
EED,PARP1,0
SMARCC1,HDAC5,0
CNOT3,BIN1,0
HEXIM1,SNORA26,0
GLI1,MARC2,0
ESRRB,ZFP398,0
SMARCAD1,TEAD3,0
TRIM28,HIST1H3H,0
MAPK8,ADAM19,0
MEN1,GTF2A1L,0
REST,CRABP2,0
DAXX,PLOD2,0
TFE3,ERF,0
PHC1,PATJ,0
CHD7,ATP13A3,0
RYBP,PHLDB2,0
PARP1,NXF7,0
NR4A1,BMP4,0
EZH2,ZFP42,0
KDM5B,ZFP281,0
EHMT2,GLI1,0
NR0B1,RELA,0
ELL2,NRG1,0
NACC1,ELK1,0
TGIF1,CBX7,0
NONO,HNF4A,0
TRIM28,PURA,0
NACC1,HSF2,0
MTF2,ATF1,0
GATA4,TOP2B,0
CTCF,FBLIM1,0
NANOG,HKDC1,0
SALL1,LHX2,0
TET1,ZFP446,0
RIF1,SRSF6,0
CTCF,CTNNB1,0
NR0B1,MEIS3,0
NR0B1,TGFB1I1,0
HEXIM1,TAF1,0
JARID2,NSD1,0
NFYB,CDKN1A,0
RARA,FIZ1,0
POU5F1,JDP2,0
ZIC3,ETS1,0
TGIF1,TDGF1,0
JUN,GNRH1,0
TRIM28,NKRF,0
ELL3,E2F1,0
ESRRB,SUB1,0
MYCN,MYD88,0
HDAC3,BTBD11,0
NACC1,POLR2E,0
SMARCC1,ERCC3,0
CHD7,YBX1,0
PRDM14,ZBTB20,0
CHD7,POLR3D,0
NR4A1,CST3,0
PRDM14,BRPF1,0
NR4A1,DKC1,0
MAPK8,NME2,0
POU5F1,KLF15,0
TFE3,PRRX2,0
RIF1,BRPF1,0
TFE3,FOXA2,0
NR4A1,ZFP275,0
HEXIM1,NPAS2,0
ESRRB,ZFP281,0
KLF2,CCND1,0
NR0B1,OVOL1,0
DPPA2,GNPDA1,0
SMARCC1,LRPAP1,0
MAFK,ZFP281,0
NFYA,OTX2,0
MPHOSPH8,LAMC1,0
NFYA,DNMT3A,0
ZIC3,CUBN,0
EP400,LAMB2,0
JARID2,UBTF,0
SMAD2,ID2,0
PARP1,RCC2,0
SALL1,ATP13A3,0
GLI2,D230025D16RIK,0
E2F4,ELL2,0
PRDM14,MYBBP1A,0
MYCN,POLR3F,0
MAPK8,KANK2,0
NONO,POU5F1,0
ZFP57,ZFP987,0
SMAD2,ANKRD49,0
GLI1,CNOT6L,0
PHC1,RBPMS2,0
YEATS4,HMGXB3,0
ELL2,PMM1,0
TET2,MSH6,0
RYBP,SMURF1,0
RIF1,SOX15,0
NRF1,GLMP,0
YEATS4,POLR1A,0
E2F1,EDA2R,0
SMAD3,COMMD3,0
SOX2,TMED2,0
GATA4,CTBP1,0
SMAD2,HDAC7,0
CTCF,NOTCH4,0
MAFK,SPOCK1,0
NFYA,POU2F1,0
DPPA4,NKRF,0
GATA4,GLUL,0
EHMT2,TEAD4,0
ELL3,CTNNBIP1,0
PHC1,SMARCC1,0
CHD4,LRPAP1,0
NFYA,UBQLN2,0
NACC1,SRSF6,0
E2F4,NFATC1,0
MYC,SNORD35B,0
RARA,MEIS1,0
CTCF,CLCN5,0
SMAD3,ZFP36L1,0
HDAC1,GATA3,0
E2F4,CREBZF,0
NONO,MED31,0
EP300,SMARCA2,0
SMAD3,TET1,0
MYCN,NFATC4,0
NONO,AMPD2,0
HDAC2,CHD7,0
CTCF,KLF6,0
SMARCC1,GNPDA1,0
NONO,RPL22L1,0
TFE3,ELAVL2,0
MAFK,MYCN,0
HDAC3,SALL4,0
PARP1,NFKBIA,0
SMAD2,HMGB2,0
SMAD3,SPOCK1,0
NR0B1,THBD,0
NFYB,TBL1X,0
MYC,GATA3,0
NONO,CEMIP,0
CBX8,EP400,0
ZIC3,HCFC1,0
RNF2,LAPTM5,0
NONO,PAX1,0
TRIM28,KANK3,0
KLF2,POLR2K,0
SALL1,CREB3L2,0
TRIM28,ZFAND3,0
GATA4,FAM25C,0
BAZ1A,NACC1,0
SMARCAD1,ZDHHC15,0
ESRRB,KPNA2,0
DPPA2,NEDD4,0
CBX7,TMEM150A,0
RYBP,AES,0
ZIC3,HDAC3,0
CTCF,SALL4,0
PHC1,WBP11,0
NRF1,NXF7,0
REST,HSPH1,0
SMARCC1,ESRRA,0
KDM5B,ILK,0
SOX2,DDIT3,0
EED,ATF7,0
SMARCC1,TFCP2L1,0
GLI1,ERCC3,0
PARP1,RAD54B,0
PARP1,GM10039,0
KLF4,RHOX6,0
PRDM14,HIVEP2,0
TET1,MYO7A,0
NR4A1,TAF6,0
MAPK8,MED12,0
OTX2,CTSA,0
REST,GTF2H3,0
HCFC1,H1F0,0
SMAD3,PFKP,0
RIF1,RRM2,0
PARP1,PCBD1,0
BAZ1A,HNRNPD,0
SIN3A,AES,0
EP400,SNORD93,0
TFE3,MXD4,0
KLF2,ZBTB38,0
HDAC3,TOX3,0
SALL4,APOE,0
CHD7,EHMT2,0
ESRRB,NDRG1,0
PRDM14,BTG2,0
HCFC1,ZFP236,0
MED12,NFIA,0
BAZ1A,HDLBP,0
CNOT3,ZHX3,0
NFYB,SEPT1,0
EP400,MTA3,0
EED,EP400,0
GTF3C1,IFITM3,0
CHD4,GTF2A1L,0
MYCN,MEG3,0
DPPA4,POLR2K,0
MAFK,OPLAH,0
E2F1,TMEM144,0
SMARCC1,TULP3,0
CNOT3,HOXD13,0
MAPK8,ATF1,0
PHC1,CNOT3,0
EHMT2,ADAM19,0
HCFC1,CITED1,0
ESRRB,CALCOCO2,0
MPHOSPH8,JUN,0
NR0B1,JDP2,0
PARP1,CMKLR1,0
HDAC1,FAM25C,0
MYC,AGAP3,0
JUN,TCF12,0
PRDM14,RBFOX2,0
EP300,PER1,0
TGIF1,SIX1,0
MTF2,KNTC1,0
MAFK,MLLT1,0
MYCN,SNAPC3,0
HDAC2,TRIP11,0
SALL1,DCP1A,0
OTX2,CTH,0
OTX2,RRM2,0
SIN3A,DPPA4,0
TET2,MAPK13,0
SOX2,SLC9A6,0
KLF2,HIST1H2BN,0
MPHOSPH8,FUBP3,0
HDAC1,NXF7,0
SALL4,ANKRD49,0
TFE3,TRH,0
CNOT3,ILK,0
RYBP,IRF4,0
KDM5B,CHD4,0
KLF4,SLC26A10,0
EED,GRB10,0
ZFP42,KLF15,0
YEATS4,HDAC5,0
CBX8,PAWR,0
DPPA2,PLAGL2,0
KLF4,SNORA26,0
TGIF1,PAX1,0
OTX2,MSC,0
NFYA,FOSL2,0
E2F1,MED31,0
E2F1,SRSF1,0
KLF2,RERE,0
HDAC2,TUBA4A,0
SMAD3,DAXX,0
TFE3,BCL3,0
CHD4,CDC20,0
HDAC3,NOTCH1,0
JUN,LRPAP1,0
ELL3,BMPER,0
RARA,TULP3,0
TFE3,CLDN6,0
TGIF1,HIST1H1B,0
NACC1,RHOX6,0
KLF4,YAF2,0
MAPK8,ARNT2,0
JUN,GATA6,0
SALL1,TRP53BP1,0
MTF2,COPS2,0
RIF1,TAF1A,0
CTCF,POLR3D,0
DPPA4,MCM2,0
HDAC2,ETV3,0
EED,DR1,0
PHC1,AGAP3,0
RYBP,EYA1,0
CBX8,ATM,0
OTX2,XBP1,0
CNOT3,TRIB3,0
TRIM28,ARNT2,0
MYCN,PDGFRA,0
SMARCAD1,HDAC4,0
HEXIM1,CLDN6,0
SOX2,IMPDH1,0
TFE3,ARID3B,0
RARA,AIRE,0
KDM5B,MED15,0
CTCF,SMAD4,0
TFE3,RARA,0
MAPK8,PHF12,0
E2F4,E2F2,0
CHD7,CUX1,0
GLI2,POLR2I,0
RIF1,IFITM3,0
ELL3,ELK1,0
HDAC1,FAM129B,0
MAPK8,TNS4,0
SMARCAD1,TEAD4,0
NONO,MYBBP1A,0
RYBP,KAT2B,0
NFYA,CENPB,0
DAXX,NFIL3,0
MTF2,DNMT3A,0
PRDM14,MED31,0
EED,ING3,0
CHD7,ESRRB,0
CHD7,TUBA4A,0
KLF2,ABTB1,0
RIF1,ID3,0
MPHOSPH8,JUND,0
HDAC1,AGAP3,0
TRIM28,TAGLN2,0
NR4A1,NFATC1,0
OTX2,KLF9,0
JUN,PLOD1,0
PHC1,HDAC11,0
MTF2,SPRY4,0
MEN1,CBX4,0
SALL1,XBP1,0
TBX3,KRT8,0
JARID2,ETV6,0
KDM5B,GNPDA1,0
OTX2,EOMES,0
EED,FXR2,0
CBX8,NR3C1,0
SMAD2,TAX1BP3,0
ELL2,NOTCH4,0
NONO,TCF7L2,0
YEATS4,IRF6,0
EP400,TMEM144,0
NFYB,SELENOW,0
REST,TLE1,0
EHMT2,HOXD13,0
TET2,FBLIM1,0
CHD7,FGFR3,0
EHMT2,DNAJC10,0
CNOT3,ANXA5,0
REST,ANP32A,0
HDAC1,SP1,0
EP400,PATJ,0
MTF2,GLI1,0
DPPA2,SMAD4,0
GATA4,PHLDB2,0
KLF2,NFE2L1,0
OTX2,TCOF1,0
NACC1,FHL2,0
EZH2,XRCC5,0
PHC1,NXF7,0
SMAD2,RHOX6,0
ZIC3,RERE,0
SMAD3,ESRRB,0
SOX2,PLAGL2,0
EHMT2,MAML1,0
GLI1,FHL2,0
TFE3,ZFP768,0
TFE3,GTF2A1L,0
YEATS4,ING1,0
NR4A1,MEN1,0
GLI1,CREBZF,0
CTCF,RELA,0
YEATS4,IRF3,0
E2F1,FOXO3,0
ESRRB,TYRO3,0
CTCF,MYH9,0
ZIC3,HSF2BP,0
YEATS4,GJB3,0
E2F1,GNRH1,0
DPPA2,TFRC,0
EED,HSP90AA1,0
TBX3,UBTF,0
GATA4,GATA6,0
KLF2,GBX2,0
RYBP,DAZAP2,0
ARID1A,PIAS2,0
HDAC1,SLC26A10,0
TET1,WDR45,0
ELL2,COL27A1,0
EHMT2,GATA3,0
MEN1,ERF,0
ZIC3,ALG13,0
ZFP42,FXYD3,0
SALL1,TNK2,0
GLI1,MYLPF,0
SALL4,SFPQ,0
KLF4,CUBN,0
TFE3,RLIM,0
EED,SRM,0
MAFK,MYBL2,0
CBX8,RFX2,0
ARID1A,GLS,0
TRIM28,MDM2,0
ZFP42,TINAGL1,0
TET2,TRIB3,0
CBX8,SOAT1,0
BAZ1A,ECT2,0
SMAD2,SNAPC3,0
GATA4,CEMIP,0
SMARCAD1,MORF4L2,0
SOX17,TUBB6,0
KLF2,SRSF6,0
JUN,ZFP979,0
BAZ1A,TRRAP,0
ZIC3,GATAD2B,0
ELL3,TDGF1,0
SMAD2,EBF4,0
PARP1,BARD1,0
JUN,KIT,0
ELL3,FAM129B,0
NR4A1,COMMD3,0
NR4A1,TCEA1,0
ZIC3,XRCC5,0
PHC1,KDM3A,0
SMAD3,HSF2BP,0
TRIM28,NFATC1,0
SMAD3,PER1,0
NFYA,ARHGAP29,0
JUN,TEAD1,0
CHD7,ZFP148,0
SMARCAD1,SMAD4,0
ARID1A,TUBB6,0
TRIM28,NFIC,0
MPHOSPH8,PKNOX2,0
RYBP,IGF2,0
CBX8,SPP1,0
KDM5B,NFATC4,0
SOX2,EP400,0
BAZ1A,SNORD32A,0
CBX8,GTF2H3,0
NFYA,CTSZ,0
TET2,SATB2,0
EP400,CHD7,0
CHD4,PMM1,0
BAZ1A,LRP2,0
HDAC2,XBP1,0
EHMT2,SHKBP1,0
MEN1,SOX17,0
NFYB,COL4A1,0
SALL1,PLAG1,0
TRIM28,PFKP,0
EP400,SMAD2,0
REST,SKIL,0
SALL4,CDKN1A,0
NACC1,2810025M15RIK,0
MPHOSPH8,TRH,0
ELL2,ZBTB39,0
DPPA2,NME2,0
JARID2,GJA1,0
SALL1,SNURF,0
EP400,NKRF,0
EZH2,GZF1,0
ZFP42,TRP53,0
SMAD3,DDIT3,0
MEN1,L3MBTL2,0
SMARCC1,RBBP4,0
HDAC2,COIL,0
GATA4,RRM2,0
CTCF,FOSL2,0
EED,TCEA3,0
CHD7,NAA15,0
DAXX,SSR3,0
HDAC3,MCM7,0
TBX3,CHD4,0
JUN,LEFTY2,0
ZIC3,PREB,0
JARID2,SUZ12,0
DPPA2,DDIT3,0
MYCN,ELP2,0
GLI1,RBM14,0
NACC1,MATR3,0
SOX17,NANOG,0
MAPK8,JUND,0
KLF4,FHL2,0
SMAD2,ZBTB32,0
ARID1A,MIS18BP1,0
EHMT2,SIN3B,0
KLF2,CRABP2,0
MYC,LRPAP1,0
MAPK8,NR1D2,0
MEN1,JARID2,0
MAPK8,DDIT3,0
SALL1,KHDC3,0
MYCN,RERE,0
NFYA,RLIM,0
NR0B1,EWSR1,0
ZIC3,SIRT3,0
DAXX,CLCN5,0
SALL1,CREBZF,0
JUN,GJB3,0
ESRRB,TBX18,0
PHC1,PREB,0
CBX8,ERCC3,0
TRIM28,KHDC3,0
HCFC1,SREBF1,0
GATA4,CCND1,0
BAZ1A,ABHD5,0
TET2,NFE2L2,0
EP400,RELA,0
GLI1,GTF2I,0
MED12,FGF3,0
TBX3,DDIT3,0
PARP1,KDELR2,0
MAPK8,EPS8,0
HEXIM1,FST,0
E2F1,GAS6,0
REST,NID1,0
KLF2,SIRT2,0
PARP1,MORC4,0
EED,GSTA4,0
BAZ1A,NR3C1,0
PARP1,APP,0
DPPA4,CREB5,0
HDAC3,UBE2C,0
SALL4,ZYX,0
CBX8,ZFP275,0
CTCF,EBF1,0
JUN,DCXR,0
SMARCAD1,CNOT3,0
TRIM28,CREBZF,0
SOX17,ZFP275,0
SMAD2,MCM6,0
NR0B1,LRPAP1,0
TFE3,ZBTB20,0
RYBP,FXYD3,0
ARID1A,MXD4,0
TFE3,AU018091,0
TET2,MKRN1,0
YEATS4,TET1,0
GLI1,TEAD4,0
EHMT2,LEFTY1,0
DAXX,TRP53BP1,0
MAPK8,IGF2,0
ARID1A,DKC1,0
KLF2,KHDRBS1,0
MAPK8,GLI2,0
NR4A1,TMEM144,0
SMAD2,CTH,0
BTAF1,TCL1,0
ZIC3,DDIT3,0
UTF1,PHF12,0
REST,ZFP335,0
SOX17,HNF4A,0
PRDM14,L1TD1,0
TET2,MXD4,0
DPPA4,LDHB,0
MTF2,CRY1,0
MYCN,RFX5,0
RNF2,PGA5,0
CBX7,NUP210,0
ZFP281,MCM2,0
PRDM14,HIF1A,0
DPPA2,TGIF1,0
SALL1,EIF4A2,0
BAZ1A,MTA3,0
REST,LRRK1,0
GLI1,EP300,0
TBX3,SATB1,0
HDAC2,TAF5,0
ZIC3,NR1H2,0
JARID2,MEG3,0
YEATS4,ASH2L,0
MTF2,VEZF1,0
PARP1,SLC25A5,0
SALL4,PODXL,0
KLF2,NDRG4,0
GLI1,GATAD2B,0
TET2,RUNX1,0
GLI1,ARL6IP5,0
HDAC2,CTNNBL1,0
KLF2,BTAF1,0
DPPA4,GATA3,0
SALL1,HIST1H1D,0
NR0B1,GPX3,0
MTF2,BRCA2,0
NACC1,TRP53,0
SMARCC1,TXNDC12,0
TGIF1,ZMYM2,0
NFYB,LAMB1,0
PRDM14,COL4A1,0
BAZ1A,POU4F1,0
SUZ12,EWSR1,0
E2F4,PRSS35,0
PRDM14,SLC7A3,0
NFYB,RCOR2,0
CHD7,ETV3,0
NRF1,AU018091,0
CHD4,TCF7,0
DAXX,PFKP,0
GLI2,GRHL1,0
RYBP,RAB11A,0
NFYA,FXYD6,0
MEN1,TNK2,0
MED12,RUNX3,0
NFYA,ZFP296,0
ZIC3,ANKRD6,0
NONO,FUBP3,0
E2F1,HSPH1,0
HDAC3,CREBZF,0
TET2,PODXL,0
HDAC2,COMMD3,0
MED12,LRRK1,0
EP400,E2F2,0
RARA,TRIM32,0
SALL1,TGIF1,0
NONO,JUND,0
NFYB,TAF1A,0
SMARCA4,CTSA,0
KLF2,COBL,0
SALL4,TRIB3,0
PHC1,DKK1,0
SMAD3,MLXIPL,0
NONO,TUBB2B,0
EHMT2,RB1,0
MAFK,EYA1,0
TRIM28,NME2,0
MTF2,SIRT3,0
NACC1,ME1,0
SALL4,KAT6B,0
EHMT2,RYBP,0
TBX3,TNK2,0
E2F1,BIN1,0
PHC1,ODC1,0
HDAC2,ZBTB38,0
BAZ1A,SDC4,0
CHD7,HIVEP2,0
TBX3,SRI,0
ELL3,GTF2A1L,0
ELL2,ALG13,0
CBX8,LDLRAP1,0
SUZ12,BARD1,0
BTAF1,CALCOCO2,0
MPHOSPH8,GBX2,0
CHD4,SHKBP1,0
RARA,OPLAH,0
SMAD3,EHMT2,0
MAFK,MME,0
MEN1,PAX8,0
DPPA2,HOXD13,0
CTCF,NCOA3,0
YEATS4,FBLIM1,0
NFYB,SPRY2,0
JUN,SMARCD1,0
TET1,GJA1,0
PHC1,TYRO3,0
NR4A1,MYLPF,0
REST,ZFP446,0
TET2,FIZ1,0
TFE3,MKX,0
YEATS4,SUB1,0
EP300,SPARC,0
EHMT2,CCNB1,0
YEATS4,ING3,0
GLI2,GLDC,0
JUN,NR2F2,0
PRDM14,ERCC8,0
JARID2,KLF10,0
RARA,HOPX,0
SMARCC1,NR2C1,0
ELL3,FAM234A,0
JUN,D230025D16RIK,0
SALL4,ZMYM2,0
JARID2,ORC2,0
CNOT3,ITGA6,0
ELL2,FBLIM1,0
TFE3,TEAD4,0
KLF4,TOP2A,0
PHC1,TET2,0
DAXX,UPP1,0
NACC1,CTSD,0
MAFK,PELP1,0
MAFK,2410141K09RIK,0
SIN3A,DPP4,0
ARID1A,NOTCH2,0
DAXX,CKB,0
JUN,NFXL1,0
RYBP,ATP13A3,0
TBX3,SMAD7,0
RYBP,ZFP979,0
ZFP281,ANKRD54,0
MEN1,MED12,0
MEN1,ATP13A3,0
NONO,FOXA2,0
RIF1,GLIS2,0
EED,FOSL2,0
MTF2,CHD4,0
ZIC3,ARL6IP5,0
NR4A1,APP,0
PHC1,TAF1A,0
PHC1,SURF4,0
MYCN,ZFP987,0
SMAD2,FOXA2,0
EP300,MAGED1,0
MAPK8,GM10039,0
MYCN,CKB,0
MYCN,NONO,0
HDAC3,DAB2,0
NACC1,ATF6,0
PHC1,TADA3,0
SMARCAD1,SHROOM3,0
TCF12,TCF20,0
JARID2,CITED2,0
DPPA2,ASH2L,0
YEATS4,SKIL,0
DPPA2,FUS,0
CHD7,PHC1,0
CBX8,SNAPC3,0
HCFC1,HDAC7,0
MAPK8,SEMA4C,0
CHD4,AGAP3,0
DPPA2,PAX6,0
HDAC3,ARID1A,0
GLI2,ASH1L,0
CHD7,TRP53BP1,0
MEN1,SNURF,0
GATA4,ME1,0
RIF1,SOAT1,0
MAFK,RFX7,0
MEN1,SERPINE2,0
CHD7,POLR2B,0
MYC,ETS1,0
EP300,PCBD1,0
CBX8,MYO7A,0
HDAC3,RUNX1,0
NR4A1,CDC20,0
NONO,ZFP148,0
MTF2,ETV1,0
SALL1,FOXA2,0
SOX17,MYO7A,0
DR1,GSTA4,0
GLI2,KEAP1,0
SOX2,CNOT6,0
ESRRB,CEMIP,0
EP300,NDRG4,0
NFYB,GAS6,0
REST,HIST1H2BN,0
ARID1A,EPHA2,0
NACC1,MAPK13,0
SMAD3,ZBTB3,0
SMARCC1,ZBTB32,0
GLI2,TENM4,0
NR4A1,NONO,0
MAPK8,HIF3A,0
SMARCA4,SPARC,0
TCF12,CELF3,0
EED,ATM,0
SMARCAD1,TOX4,0
UTF1,AQP8,0
HCFC1,FXYD6,0
BAZ1A,HIF1A,0
CBX7,NOTCH2,0
EHMT2,HSP90AA1,0
RYBP,MITF,0
GLI1,NFKB2,0
RIF1,SNORD32A,0
PRDM14,MATR3,0
RYBP,SUB1,0
SALL1,CNOT2,0
ELL3,PATZ1,0
TRIM28,SLC6A8,0
TFE3,HOPX,0
ELL3,CRABP2,0
HDAC1,SALL1,0
SALL1,ANXA5,0
EHMT2,RIF1,0
MYCN,KLF3,0
NFYB,TAF6L,0
NR4A1,ID3,0
CHD7,GTF3C5,0
MPHOSPH8,TFEB,0
GLI2,ETV4,0
RIF1,POLR2H,0
DPPA2,ZHX3,0
MAPK8,RNF157,0
SMAD3,ZFP236,0
YEATS4,ZFP91,0
YEATS4,ZFP979,0
ELL2,ANKRD54,0
KLF2,PHLDB2,0
KLF2,RARG,0
CHD4,SMARCD1,0
SALL4,ZEB1,0
SMARCC1,KLF13,0
CHD7,DNAJC2,0
HDAC3,AIP,0
GLI2,HIST1H1A,0
HDAC3,CUX2,0
TRIM28,SLCO3A1,0
REST,ZSCAN10,0
ZFP42,ANKS1,0
EP400,PRRX2,0
DPPA4,ANKRD6,0
ELL2,ELF2,0
MAFK,SNORD35B,0
MEN1,POLR1C,0
CNOT3,TXNDC5,0
E2F4,P3H4,0
ELL2,MLXIPL,0
ELL2,UHRF1,0
JUN,NONO,0
HCFC1,STAT5A,0
JUN,PRDM5,0
NACC1,TGFB1,0
TRIM28,GLIS2,0
TGIF1,CKAP4,0
MAFK,SLC7A3,0
SOX2,TIMP2,0
REST,ETV4,0
KDM5B,TGFB1I1,0
CBX8,DNMT1,0
NFYA,NFATC1,0
EED,RYBP,0
ARID1A,ILF3,0
SALL4,FUS,0
RIF1,GSR,0
ZFP57,HMGA1,0
MYCN,MARC2,0
MTF2,MAZ,0
MAFK,COIL,0
NR4A1,VIM,0
MPHOSPH8,POLR2J,0
NACC1,EP400,0
PARP1,HIST1H1B,0
NACC1,SERPINH1,0
TGIF1,NFIA,0
GABBR1,SNORD35B,0
SALL4,BARD1,0
DAXX,OVOL1,0
NR4A1,ZFP398,0
MYCN,KDM3A,0
MPHOSPH8,MLXIP,0
OTX2,IRF4,0
KLF2,HMGXB4,0
NACC1,CTCF,0
KDM5B,PCOLCE,0
ELL3,TIMP3,0
REST,MME,0
CBX7,CTCF,0
SMAD3,RARA,0
REST,HSBP1,0
GLI1,SPARC,0
MYC,JAM2,0
TRIM28,MYO6,0
CBX8,HIST1H2BB,0
CBX7,SNAPC3,0
EHMT2,LDB1,0
CHD4,TOX4,0
CHD4,XBP1,0
KLF4,H1F0,0
CBX8,CCNB1,0
REST,ELF2,0
ESRRB,ZHX3,0
KDM5B,TPM4,0
MPHOSPH8,RIF1,0
ZIC3,LHX2,0
MAFK,RUNX3,0
CBX7,MIS18BP1,0
RARA,DPP4,0
ELL2,GNRH1,0
MPHOSPH8,SLC26A10,0
SOX17,ALG13,0
PHC1,TAGLN2,0
SMARCAD1,SALL1,0
E2F4,TOP2B,0
EHMT2,PATJ,0
SMARCC1,PLTP,0
JUN,POLR2E,0
MAPK8,TMEM144,0
REST,XBP1,0
MTF2,AGAP3,0
NR4A1,GABPA,0
HDAC3,EOMES,0
MYCN,HMGA1B,0
RYBP,DKK1,0
HCFC1,FN1,0
JARID2,RAI14,0
NONO,E2F1,0
SMAD3,VSIR,0
HDAC3,LAMC1,0
TRIM28,HNRNPD,0
EED,SNORD93,0
NFYB,SMAD2,0
HEXIM1,SLC26A10,0
SALL1,ZFP398,0
DPPA4,DIDO1,0
NONO,NFX1,0
CHD7,KDM3A,0
NONO,CCNG1,0
MPHOSPH8,ARHGEF40,0
NONO,TCF4,0
DPPA4,SP8,0
CNOT3,SLC26A10,0
MAFK,XAB2,0
YEATS4,PML,0
MED12,2200002D01RIK,0
SUZ12,CALD1,0
MAFK,UTF1,0
NFYA,BAZ1A,0
RARA,SMARCC2,0
SALL4,NR1H2,0
TRIM28,MCM7,0
KDM5B,GATA6,0
MPHOSPH8,MEIS1,0
NACC1,NFATC2IP,0
SMARCAD1,IKBKB,0
RIF1,RERE,0
TFE3,LEFTY1,0
RYBP,CITED1,0
HDAC2,BRCA2,0
SALL1,STARD10,0
SOX2,HDAC10,0
JUN,GRB10,0
DAXX,UBP1,0
EHMT2,ANP32A,0
GLI1,HMGA1B,0
PRDM14,TCEA1,0
NONO,RRM2,0
MYC,HIST1H4K,0
SMARCAD1,VEZF1,0
EP400,CUBN,0
RARA,RUVBL1,0
NONO,RFX5,0
CTCF,MYBBP1A,0
HEXIM1,GTF2H4,0
GATA4,ANXA2,0
SMARCC1,DCP1A,0
E2F4,JDP2,0
TRIM28,EDEM1,0
EP400,ELF2,0
EHMT2,ZFP446,0
RIF1,ELF1,0
KLF2,PRRX2,0
DAXX,LAMA5,0
TGIF1,ZBTB43,0
SALL4,CHST15,0
NR4A1,AES,0
GLI1,HIF3A,0
KLF2,KRT8,0
TET2,NR0B1,0
SOX2,MEN1,0
MAPK8,POLR2E,0
ARID1A,HEY2,0
GATA4,MSC,0
SOX17,L1TD1,0
NFYA,KRT42,0
NR0B1,BTBD11,0
CBX8,ILK,0
GATA4,UCHL1,0
MAPK8,RNF2,0
EED,MYBBP1A,0
PARP1,POLR3B,0
ELL2,ELF4,0
CHD7,CALU,0
ZIC3,PHLDB2,0
NRF1,TGFB1I1,0
JARID2,TMF1,0
NFYB,RIF1,0
DAXX,TIMP2,0
ZFP57,SEPT1,0
REST,MXD4,0
RYBP,POLR2H,0
EHMT2,GABBR1,0
YEATS4,SMARCA2,0
ZFP57,POLR2K,0
NR4A1,MME,0
SMAD3,FGFR3,0
TGIF1,ARNT2,0
PRDM14,MGST3,0
NONO,XBP1,0
SMAD3,NONO,0
ARID1A,POLR2A,0
EZH2,SLC9A6,0
SALL1,BRPF1,0
NFYB,MEIS1,0
MYC,FOXJ2,0
ELL2,ASNS,0
GLI2,CUX2,0
PHC1,KLF6,0
TFE3,TYRO3,0
JARID2,BRCA2,0
GLI1,ZFHX3,0
MAFK,SALL4,0
DAXX,SURF4,0
GLI2,POU4F1,0
NFYA,DKC1,0
RIF1,CTSA,0
NACC1,TOX4,0
GLI1,LEFTY2,0
NACC1,NDRG4,0
GLI2,DDAH2,0
EP400,NR2F6,0
HDAC3,CEMIP,0
NR4A1,NFATC2IP,0
EZH2,TFAP4,0
RNF2,ELF3,0
SMAD2,NFIC,0
GLI1,RNF14,0
MYC,ZFHX3,0
GATA4,MDM2,0
ARID1A,MAML1,0
SALL4,MIS18BP1,0
NR0B1,YEATS4,0
HDAC3,LAPTM5,0
NFYB,TRIB3,0
CBX8,IMPDH1,0
MTF2,TYRO3,0
CBX7,MTA3,0
SOX17,PCBP2,0
DAXX,KDELR3,0
EP400,BMP4,0
KLF2,PARVB,0
KLF2,FAM234A,0
SMARCC1,RNF14,0
SALL1,TOPORS,0
EP300,BIN1,0
SMARCC1,BIN1,0
BAZ1A,EMP2,0
BAZ1A,IGF2,0
JUN,FGF4,0
MAPK8,MSC,0
RYBP,MED15,0
CHD7,CDC20,0
ZIC3,POLR1E,0
E2F1,RLIM,0
SALL4,ZFP462,0
MYCN,TEAD4,0
DAXX,HMGA1B,0
CHD7,MXD4,0
TBX3,HDAC5,0
CTCF,HNRNPAB,0
CNOT3,LAPTM5,0
SOX17,PGA5,0
PARP1,STARD8,0
CBX8,TOP2A,0
REST,MAZ,0
CNOT3,FOXJ2,0
UTF1,NPHS1,0
YEATS4,KANK2,0
GLI2,ID4,0
DAXX,NDN,0
ZIC3,ZFP592,0
HDAC2,GJA1,0
BAZ1A,MEF2A,0
TFE3,TIMP2,0
BAZ1A,NR1D1,0
MYCN,GATA6,0
KDM5B,HKDC1,0
EED,RHOX6,0
EZH2,MED12,0
EP400,GRHL1,0
SALL4,HSPA5,0
CNOT3,CTSA,0
RARA,LAPTM5,0
NR0B1,CCNG1,0
NFYB,SLC7A6,0
CBX8,EIF4A2,0
HDAC2,TEAD4,0
TFE3,POLR2A,0
GLI1,SALL1,0
MAPK8,REST,0
JUN,RPL22L1,0
EZH2,TFCP2L1,0
SALL1,TOP2A,0
GLI1,NKRF,0
HEXIM1,AMOT,0
DPPA4,ING3,0
HDAC1,PARP1,0
TBX3,HIF1A,0
GLI2,PIAS1,0
BAZ1A,SMURF2,0
BAZ1A,TADA3,0
SOX17,SIRT3,0
EP300,HNF4A,0
CNOT3,PRDM1,0
PHC1,POLR1A,0
SOX2,TEAD3,0
PARP1,TXNDC12,0
SMARCAD1,MXD4,0
OTX2,RFX5,0
NACC1,AU018091,0
YEATS4,ISYNA1,0
GATA4,MTA3,0
SMARCC1,FXR1,0
BAZ1A,ERCC3,0
RYBP,PHF1,0
GLI1,SERTAD2,0
HCFC1,MYD88,0
CTCF,COL4A2,0
KDM5B,MCM5,0
GLI1,FAM234A,0
MTF2,BRWD1,0
PRDM14,ANP32A,0
JUN,GPX3,0
JARID2,SLC6A8,0
NR4A1,MYC,0
NFYA,SSBP4,0
CHD4,DEK,0
GLI2,WDR45,0
RIF1,RNF14,0
REST,BTAF1,0
MYC,TAX1BP3,0
REST,WBP11,0
CHD4,TFRC,0
MAFK,USF1,0
DR1,PLA2G1B,0
TET2,BASP1,0
BAZ1A,H1F0,0
EED,PELP1,0
PARP1,GATA6,0
JUN,GNAS,0
NFYB,L1TD1,0
BTAF1,RCN3,0
HDAC3,TTF2,0
CBX8,CTSD,0
TET2,SIX1,0
TFE3,NUPR1,0
EZH2,L3MBTL2,0
EHMT2,NFYA,0
HDAC3,TFAP4,0
JUN,SNORD93,0
ZFP42,SPEN,0
NFYB,NCOR1,0
BTAF1,SNORA26,0
NACC1,APP,0
NFYA,HSF2BP,0
PHC1,CREB3,0
MEN1,INSIG1,0
NONO,DDX20,0
NONO,POLR2A,0
TCF12,AES,0
DAXX,HIST1H1D,0
MYC,KLF3,0
ELL2,OVOL1,0
HDAC2,CBX4,0
MEN1,ZBTB39,0
ESRRB,PLRG1,0
GLI2,CTNNB1,0
NONO,TSPAN9,0
NONO,ADAM23,0
MYCN,SPEN,0
RIF1,CTH,0
DPPA4,SIN3B,0
E2F1,MYCN,0
EED,ZC3H7A,0
HDAC2,HMGA1,0
GLI2,NCOA3,0
NACC1,ETV1,0
RYBP,P4HB,0
CNOT3,AMOT,0
TFE3,NPAS2,0
NACC1,YEATS4,0
RIF1,HEY2,0
ELL2,AIP,0
GLI2,HCFC1,0
E2F4,PER1,0
GLI1,PCBD1,0
DAXX,SUB1,0
RIF1,CKB,0
MYC,NPHS1,0
MPHOSPH8,ZBTB10,0
EED,AMPD2,0
MPHOSPH8,LRP2,0
DPPA2,ATF2,0
UTF1,RCOR2,0
POU5F1,TCF20,0
MYC,RFXAP,0
MAFK,RPL22L1,0
RIF1,BTG1,0
MEN1,PLOD1,0
KLF4,ESPL1,0
TBX3,IFITM3,0
MEN1,ALPL,0
JUN,MYO7A,0
TBX3,ATF2,0
BAZ1A,CHD5,0
SMARCC1,FGF4,0
MYCN,VILL,0
EP400,ING3,0
CBX7,MED4,0
SMARCAD1,ZFP462,0
TRIM28,OPLAH,0
SMAD3,DKK1,0
SALL4,TAF6L,0
NR4A1,ITPK1,0
EED,TMED2,0
RYBP,YEATS2,0
MYCN,TRRAP,0
GTF3C1,LDHB,0
ELL3,P3H1,0
NFYB,NUP210,0
NR4A1,IMPDH1,0
MPHOSPH8,RLIM,0
BAZ1A,STAT5B,0
TET2,PDK1,0
SMAD3,E2F2,0
TRIM28,TPM4,0
JARID2,HMGA1,0
GLI1,ESRRA,0
MYCN,RAPGEF3,0
CHD4,ZFP275,0
SMARCC1,BRCA1,0
JUN,HSPA5,0
RYBP,MORF4L2,0
CBX7,EDEM1,0
ESRRB,E2F1,0
MAPK8,AMPD2,0
MYCN,DNAJC10,0
CTCF,HEY2,0
TET2,BCAT1,0
JUN,CTNNBL1,0
MYCN,KLF2,0
EP300,ARNT2,0
HDAC2,CNOT6,0
PRDM14,HNRNPK,0
MAPK8,MSX2,0
TBX3,NFKBIA,0
YEATS4,PTH1R,0
SALL1,CITED1,0
CBX7,TAX1BP3,0
TCF12,FIZ1,0
ELL3,CALR,0
BAZ1A,LEFTY2,0
NACC1,P4HA2,0
TET1,CLDN6,0
TGIF1,GTF2A1L,0
CNOT3,DPPA2,0
NFYA,LAPTM5,0
HDAC1,IFITM1,0
E2F4,ELF4,0
NACC1,SREBF1,0
SMARCAD1,PROX1,0
CTCF,RFX5,0
KDM5B,FAM25C,0
SOX17,MAFK,0
HCFC1,PLRG1,0
YEATS4,SPEN,0
RYBP,AMPD2,0
E2F1,ZBTB43,0
NFYA,RARG,0
ELL2,PRDM14,0
CNOT3,TFAP4,0
HDAC1,MEIS3,0
ARID1A,CDC5L,0
RIF1,EZH2,0
CBX8,KLF9,0
GATA4,BACH2,0
MAPK8,NR1D1,0
ELL3,APOBEC3,0
GLI1,CDC5L,0
REST,EZH1,0
NR4A1,RBBP4,0
SOX2,JDP2,0
NR0B1,ZEB1,0
JUN,SPRY4,0
GLI2,UBQLN2,0
HDAC2,SRI,0
RIF1,ATF6,0
NFYA,BARD1,0
CTCF,NFATC2IP,0
RARA,ZEB1,0
ELL2,ADAM23,0
MPHOSPH8,ATM,0
KDM5B,SNORA68,0
EHMT2,SPRY2,0
REST,HES6,0
TGIF1,TCL1,0
GLI1,HIP1,0
RIF1,HMGXB3,0
RYBP,KDM5B,0
SALL1,HSP90AA1,0
MYCN,GJB3,0
TBX3,CNOT7,0
PARP1,MKX,0
YEATS4,KEAP1,0
MTF2,CD63,0
EHMT2,HDAC2,0
OTX2,ZFYVE21,0
MED12,MEG3,0
KLF2,CBX8,0
TET2,TYRO3,0
DAXX,LOXL2,0
CBX7,TOP2A,0
NFYA,TRIP6,0
CBX8,PHLDA3,0
KLF2,NR1D1,0
NFYA,SRSF1,0
NONO,BARD1,0
SMARCA4,TCL1,0
GABBR1,MEG3,0
TET2,PIAS2,0
ZFP42,GAS6,0
E2F4,IMPDH1,0
NACC1,TFCP2L1,0
MEN1,GAS6,0
SMAD2,MAPK13,0
SALL1,BCL3,0
MPHOSPH8,LMO4,0
TRIM28,ELF3,0
NR4A1,TOP2A,0
RYBP,LY6G6E,0
YEATS4,CNOT2,0
NR0B1,TWIST1,0
EED,TOP2B,0
SMAD3,PHF2,0
DPPA2,TXNDC12,0
RIF1,GNAS,0
NONO,TRIM32,0
TBX3,NOTCH4,0
PARP1,POLR2E,0
ZFP42,AQP8,0
CHD7,AGAP3,0
NACC1,TEAD4,0
CHD4,HCFC1,0
NACC1,CTBP1,0
SOX17,HIST1H1D,0
MEN1,GZF1,0
PHC1,ANKS1,0
DAXX,ARL6IP5,0
CBX7,PDCD11,0
MAPK8,POU5F1,0
ESRRB,SMARCC1,0
TRIM28,NR3C1,0
NONO,ELL2,0
HDAC3,HES1,0
PHC1,VEZF1,0
HDAC2,EOMES,0
SMAD3,PDK1,0
RIF1,MITF,0
TRIM28,KAT2B,0
ARID1A,IRF3,0
MAPK8,TENM4,0
GTF3C1,HCFC1,0
CHD7,BCL3,0
PRDM14,TOX3,0
ARID1A,GLI1,0
NR4A1,SNURF,0
DPPA4,LY6G6E,0
RIF1,GJB3,0
SMARCAD1,MCM3,0
PARP1,CNOT7,0
JUN,HIST1H2BL,0
TGIF1,NFKBIA,0
BAZ1A,HIST1H1D,0
SMARCAD1,FXYD3,0
HDAC3,CDC42SE2,0
CHD7,XRCC5,0
PHC1,HIST1H2BL,0
SMARCAD1,PEG3,0
GATA4,ZBTB39,0
SOX2,NKRF,0
EHMT2,MAGED1,0
TBX3,CSRP2,0
TET2,SOAT1,0
NFYB,JUND,0
HDAC2,LAPTM5,0
EED,TLE1,0
BAZ1A,NFE2L1,0
EP300,NSD1,0
GLI1,JUND,0
TFE3,FAM129B,0
MAPK8,JDP2,0
ZFP42,SOX7,0
NONO,TFRC,0
SALL4,ODC1,0
HDAC2,POLR1A,0
GLI1,HIST1H2AC,0
SMAD2,DAZAP2,0
TET2,FOXA2,0
TFE3,HMGA1,0
PRDM14,SOS2,0
KLF2,SLC5A11,0
HCFC1,NFATC4,0
EED,IMPDH1,0
TGIF1,HES1,0
PRDM14,ELK4,0
KLF2,TBX18,0
KLF4,SLC6A8,0
SALL4,APP,0
MPHOSPH8,GLIPR2,0
TFE3,HIST1H4K,0
KLF2,TADA3,0
TCF12,NDRG4,0
TET2,ZFP275,0
SALL1,TMF1,0
MEN1,HDAC2,0
OTX2,BMP6,0
SMAD3,PLOD3,0
EP400,HMCES,0
NFYA,NUP210,0
SMARCC1,EHMT2,0
CHD4,ATF5,0
KDM5B,DIDO1,0
ZIC3,TSHZ3,0
SMARCC1,CELF3,0
SMARCAD1,ATP6V0A1,0
EHMT2,DPPA4,0
BAZ1A,PCBP2,0
YEATS4,RBBP4,0
MPHOSPH8,ABHD5,0
CBX7,FIZ1,0
ELL3,EGR1,0
JUN,GRIN1,0
MAFK,MAPK8,0
BAZ1A,RNF6,0
GLI2,FBLIM1,0
TET1,TMSB4X,0
EHMT2,KPNA2,0
HDAC1,DAB2,0
SMARCAD1,ZFP276,0
EED,SND1,0
SMARCA4,SATB2,0
GLI1,SNORA26,0
MEN1,SEPT1,0
CBX7,MED31,0
MAPK8,VEGFA,0
SALL4,APOBEC3,0
GLI1,GTF3C1,0
DPPA4,HDAC1,0
CTCF,ESRRB,0
MAFK,MORC4,0
GLI2,P4HA2,0
MAPK8,LDLRAP1,0
E2F4,SLC9A6,0
NACC1,NUPR1,0
GLI1,TIMP2,0
PHC1,TOPORS,0
ARID1A,SP1,0
SMAD3,CKB,0
ARID1A,SNORD93,0
NONO,HIST1H2BB,0
RIF1,CRIP2,0
MAPK8,MYMX,0
RIF1,FUS,0
NONO,RUNX3,0
HEXIM1,MORF4L2,0
PHC1,ATF1,0
KDM5B,TEAD4,0
TGIF1,COMMD3,0
HEXIM1,ITPK1,0
SMARCAD1,TUBB2B,0
SMARCC1,FOXQ1,0
ELL2,MED21,0
BAZ1A,PLOD3,0
CBX7,SMAD4,0
BAZ1A,NOTCH1,0
DAXX,TGFB1,0
JUN,ZFP423,0
ELL3,XBP1,0
MEN1,SRI,0
HDAC2,E2F6,0
PHC1,SSR3,0
SMARCAD1,CALCOCO2,0
SALL1,TCEA1,0
NACC1,CNOT7,0
SMAD2,F3,0
JUN,EED,0
SMARCC1,RBL1,0
TGIF1,SMARCC2,0
REST,SPRY4,0
ESRRB,TNFAIP3,0
RIF1,TGFB1,0
MAPK8,ELF4,0
GLI2,RBMX,0
CBX8,HIST1H4K,0
RYBP,ATF5,0
GLI1,PDK1,0
CTCF,HIST1H1B,0
TGIF1,PARVB,0
JARID2,LRPAP1,0
HDAC2,CRABP2,0
NONO,FOXD3,0
NFYA,ANXA2,0
KDM5B,XAB2,0
EED,CREBZF,0
CHD7,P3H1,0
MPHOSPH8,GLDC,0
CHD7,GLMP,0
ARID1A,VEGFA,0
MYCN,SMARCC2,0
HDAC3,EPAS1,0
ELL3,EOMES,0
SMARCC1,TBX18,0
NFYB,HIF1A,0
PARP1,XAB2,0
CNOT3,CDKN1A,0
SOX17,FIZ1,0
MTF2,ELK1,0
DAXX,LAMC1,0
TRIM28,CHD5,0
ARID1A,NR3C1,0
REST,SND1,0
DAXX,NOTCH1,0
ARID1A,SNAI1,0
EED,TCF7L2,0
ZIC3,SOX4,0
GLI1,HIST1H2BL,0
KDM5B,MAML1,0
MAFK,SATB2,0
DAXX,SATB1,0
HDAC2,FOXD3,0
DAXX,LMF2,0
PRDM14,HMGA1,0
GLI1,HOPX,0
TFE3,HDAC1,0
SMAD3,ARHGEF40,0
MAFK,MT1,0
ZFP57,DDAH2,0
RYBP,TAX1BP3,0
ESRRB,IKBKB,0
PRDM14,SIN3A,0
SOX2,SATB2,0
NACC1,PHB2,0
JUN,KRT8,0
RIF1,CALCOCO1,0
JUN,EPHA4,0
CHD4,ZFAND3,0
TFE3,RCC2,0
NACC1,NR5A2,0
NFYA,ANKS1,0
CHD7,HNF1B,0
MAPK8,NOTCH1,0
SMARCC1,SRGN,0
NFYB,BRCA2,0
EHMT2,SRRT,0
TBX3,CLDN6,0
YEATS4,HIST1H2AC,0
KDM5B,HSPG2,0
RARA,TSHZ3,0
CHD7,PHF14,0
NR0B1,XRCC5,0
CBX7,TCF4,0
PRDM14,CALU,0
ZIC3,CLDN6,0
ELL3,SMAD3,0
BAZ1A,YEATS4,0
TRIM28,ID4,0
RYBP,PAX1,0
ELL2,ADAM19,0
ELL3,MAPK8,0
MPHOSPH8,DPPA4,0
EZH2,TCEA1,0
TBX3,EDEM1,0
DPPA2,ZFP91,0
HDAC2,WBP11,0
JUN,CRAMP1L,0
TET2,CHCHD10,0
YEATS4,PIAS1,0
MYC,PHLDB2,0
GLI2,ARID3B,0
NR0B1,HIST1H1B,0
SALL4,NCOR1,0
CBX8,BRCA1,0
MAFK,TXNDC5,0
KLF4,HSF2,0
NR4A1,GM10039,0
EHMT2,NUP210,0
GLI1,B2M,0
MTF2,PEG3,0
MPHOSPH8,TGFB1I1,0
NFYB,IKBKB,0
TFE3,ARNT2,0
CBX7,SIRT2,0
DPPA4,PLA2G1B,0
CBX7,APOE,0
NR0B1,HES6,0
GATA4,BMP4,0
MYCN,NRG1,0
ELL3,NFATC3,0
RIF1,DDIT3,0
ESRRB,KRT8,0
SALL1,BTG2,0
YEATS4,SRI,0
EHMT2,DEK,0
KDM5B,HES1,0
MAPK8,IFITM2,0
ESRRB,DPP4,0
ARID1A,RAB11A,0
PHC1,NID1,0
PARP1,HSPH1,0
CBX7,KRT42,0
POU5F1,COL4A1,0
EHMT2,E2F1,0
TET2,SRRT,0
CTCF,PROX1,0
CBX7,TULP3,0
NR0B1,HIST1H2BF,0
NR0B1,HSPG2,0
MEN1,ATF5,0
SMARCAD1,ITGA6,0
DPPA2,PITX1,0
CTCF,MAFK,0
TRIM28,ILF2,0
PHC1,PLOD2,0
NONO,BCAM,0
MAPK8,KRBA1,0
RIF1,SREBF1,0
GATA4,PA2G4,0
E2F4,HMGXB4,0
ZFP42,AKR1B8,0
CNOT3,CALR,0
ARID1A,PSIP1,0
KDM5B,AIRE,0
ELL3,TUBB2B,0
ZIC3,UTF1,0
PARP1,VEGFA,0
DAXX,IRF4,0
PRDM14,KANK3,0
JUN,AIP,0
PRDM14,NID1,0
GATA4,PARP1,0
KDM5B,SOAT1,0
OTX2,HOPX,0
SALL1,CLDN6,0
NACC1,NKRF,0
SALL1,SOS2,0
ELL3,CTSD,0
RARA,ATF3,0
REST,DDB2,0
NR4A1,CTBP1,0
GATA4,MYC,0
PARP1,ECD,0
SOX17,TCEA3,0
HDAC1,MATR3,0
ARID1A,MATR3,0
DPPA4,TULP3,0
TBX3,HMGA2,0
EP400,AU018091,0
CBX8,TNS4,0
KLF2,RBPJ,0
TGIF1,DNAJC10,0
CBX8,PHB2,0
JUN,MGST3,0
CHD7,SP8,0
ARID1A,FN1,0
EP400,NANOG,0
E2F4,FOXA2,0
MAPK8,PHF20,0
ELL2,ATP6V0A1,0
EZH2,ASXL1,0
MEN1,LRRK1,0
CBX8,JMJD1C,0
NONO,ZFP236,0
EED,ATP6V0A1,0
SMARCAD1,2810025M15RIK,0
NONO,CLCN5,0
SMARCC1,SLC16A1,0
NR0B1,CHCHD10,0
TRIM28,ZBTB24,0
KDM5B,GAS6,0
ARID1A,HIST1H1D,0
RARA,TGIF1,0
TGIF1,MAFK,0
DPPA4,TCF7L2,0
GATA4,AKT1,0
REST,HIST1H1A,0
NACC1,SMARCAD1,0
PARP1,ATM,0
CHD4,SNAPC3,0
TFE3,BMP6,0
GLI1,HNRNPAB,0
NR4A1,ETS1,0
TGIF1,FGF10,0
CBX7,ETV4,0
EZH2,TMSB4X,0
MAPK8,BTBD11,0
DPPA4,NFATC1,0
PRDM14,APBB1,0
ELL3,GSR,0
ARID1A,SURF4,0
KDM5B,SLC25A5,0
GLI2,SNORD93,0
BAZ1A,GJA1,0
CNOT3,ZFP987,0
NACC1,ELL3,0
SALL1,HIST1H2BK,0
EHMT2,TET1,0
PHC1,GLI1,0
TET2,HNRNPK,0
SMARCC1,RB1,0
BAZ1A,NFKB2,0
MYC,TFAP4,0
GLI2,PODXL,0
OTX2,CRABP2,0
RYBP,NDRG1,0
NR0B1,CKAP4,0
ELL3,RRBP1,0
GTF3C1,RHOX6,0
SMAD3,RBM14,0
EHMT2,BMPER,0
HDAC3,ECD,0
EED,TIMP2,0
EP400,TCF12,0
PRDM14,RRBP1,0
YEATS4,SMARCA4,0
EHMT2,NDN,0
NFYA,RIF1,0
SMAD3,HIST1H1D,0
TGIF1,PHF2,0
NR4A1,MEF2D,0
SOX17,BNIP3,0
PARP1,BMPER,0
TCF12,ADAMTS9,0
CNOT3,L1TD1,0
E2F4,VSIR,0
GATA4,MCM2,0
EHMT2,PA2G4,0
HDAC2,CTH,0
SMARCAD1,ZFP592,0
RARA,SAP30,0
MAPK8,TMSB4X,0
TRIM28,SNORD35B,0
SALL4,NOTCH4,0
PRDM14,2200002D01RIK,0
REST,2810025M15RIK,0
SALL4,LAMA5,0
SMAD3,LAMA1,0
ELL3,PGA5,0
HCFC1,SNORA68,0
JUN,SMARCAD1,0
SMAD2,ORC2,0
SMARCC1,TCF12,0
TBX3,NME2,0
HDAC2,SHKBP1,0
KLF2,ECT2,0
YEATS4,ZFP592,0
JARID2,MAPK11,0
BAZ1A,BRD7,0
ZIC3,KDM5B,0
GLI1,ZFP768,0
TGIF1,NFATC2IP,0
JARID2,WWTR1,0
CHD7,HSPA5,0
TET1,LGMN,0
BAZ1A,NRG1,0
HDAC3,GATA4,0
TET2,PHF12,0
JARID2,HSP90B1,0
TFE3,XRCC6,0
ELL2,OTX2,0
SMAD3,THBD,0
CHD7,APOE,0
SMARCC1,MGST3,0
SOX17,RIF1,0
PARP1,SIRT3,0
HDAC2,BCLAF1,0
TGIF1,CCNG1,0
MEN1,GTF2H4,0
SOX17,UNG,0
KDM5B,TADA3,0
SALL1,POLR2H,0
NFYA,IRF1,0
EED,MCM4,0
TRIM28,HDLBP,0
GLI1,MAPK8,0
ARID1A,HIST1H1A,0
HCFC1,UTF1,0
DPPA2,TDGF1,0
MYCN,HIST1H2AF,0
TCF12,SNORA68,0
HCFC1,GSR,0
CHD4,BTBD11,0
KLF2,TULP3,0
YEATS4,APBB1,0
JUN,EDA2R,0
SALL4,CREB3L2,0
SMARCA4,NFATC2IP,0
KLF2,RFX7,0
KDM5B,ABHD5,0
ZFP281,RHOX6,0
MAFK,AKT1,0
TET2,HNF1B,0
YEATS4,BRD7,0
NR0B1,LAMB1,0
NR4A1,NDRG1,0
EZH2,TOX4,0
BAZ1A,PRDM5,0
SMARCAD1,CNOT7,0
HDAC2,RBFOX2,0
MEN1,ZIC3,0
DPPA4,PDCD11,0
SMAD3,ZBTB32,0
SMARCAD1,FOXH1,0
MTF2,HIST1H2BF,0
GLI1,KLF13,0
NR0B1,SNORA26,0
MAFK,E2F1,0
SOX17,HSPG2,0
DPPA2,DEK,0
SALL4,NPAS2,0
RYBP,RANBP17,0
MTF2,GTF2H3,0
PRDM14,EP300,0
DAXX,FGF10,0
TRIM28,PER1,0
GLI1,LDLRAP1,0
SMARCAD1,HIP1,0
MED12,TENM4,0
EED,TAGLN2,0
SALL4,ZDHHC16,0
EP300,RUNX3,0
RARA,TRIM13,0
GATA4,RAPGEF3,0
NFYA,RELA,0
GLI1,PFKP,0
E2F4,SLC26A10,0
GLI2,ZFP768,0
DAXX,MOV10,0
OTX2,MEIS1,0
GLI2,FOXJ2,0
PHC1,NOTUM,0
GLI1,ZBTB39,0
NFYA,PCBP2,0
PRDM14,NUP210,0
ELL2,PCOLCE,0
NACC1,HIST1H2AK,0
KDM5B,FRRS1,0
CBX8,AES,0
CBX8,HSP90AA1,0
BAZ1A,CSF1,0
YEATS4,CBX6,0
CBX8,SMAD2,0
E2F1,ZSCAN10,0
REST,MAPK3,0
KLF2,HIST1H1B,0
POU5F1,TNS4,0
SOX2,FUS,0
NR4A1,PAX8,0
TCF12,NPHS1,0
YEATS4,ARID1A,0
RYBP,ETS1,0
PARP1,RB1,0
ZFP42,2810025M15RIK,0
RIF1,NXF7,0
BAZ1A,VEZF1,0
ARID1A,SKIL,0
GATA4,PHB2,0
ELL3,TIMELESS,0
NONO,TBL1X,0
HDAC3,RERE,0
CNOT3,TAF1A,0
POU5F1,SOS2,0
EED,MEG3,0
DAXX,RERE,0
SOX17,ATF7,0
CBX7,NRIP1,0
EHMT2,POU4F1,0
HDAC2,EMP2,0
GLI2,MYCN,0
TFE3,JAM2,0
MTF2,NFYA,0
EP400,CALCOCO2,0
MYC,ERF,0
CHD4,BCAT1,0
CHD4,SMURF1,0
EHMT2,SLC6A8,0
DAXX,STXBP2,0
SOX17,CNOT7,0
JUN,MEIS3,0
NR0B1,PTH1R,0
RYBP,MYMX,0
NACC1,TMED2,0
HDAC3,HSP90B1,0
MPHOSPH8,TEAD1,0
TFE3,ARHGEF40,0
CNOT3,DNAJC10,0
SOX2,DDX54,0
CBX7,HIF1A,0
EP400,MME,0
RIF1,PEG3,0
TRIM28,NFX1,0
GLI2,NME2,0
MAPK8,MDM2,0
REST,YEATS2,0
RIF1,CEBPZ,0
EED,POLR3F,0
RARA,TCF7,0
JUN,NKRF,0
SOX17,TINAGL1,0
SALL1,TRRAP,0
JUN,RHOX6,0
EP300,NPAS2,0
ELL3,GLDC,0
KDM5B,HIST1H2BL,0
PARP1,CTNNBIP1,0
DAXX,FXYD3,0
DAXX,IFI30,0
SMAD3,MYBBP1A,0
MTF2,DKC1,0
REST,FGF4,0
TGIF1,H1F0,0
CNOT3,NCOA3,0
GLI2,ISYNA1,0
ZIC3,HIST1H2BN,0
NFYA,RUNX1,0
CHD7,PHF1,0
DAXX,ECD,0
NR4A1,CREB3L2,0
ELL2,ERCC8,0
REST,ITGA6,0
MAPK8,VSIR,0
CHD7,FRMD4A,0
KLF4,OBSL1,0
NACC1,B2M,0
EED,SERTAD2,0
SOX17,ITPK1,0
SOX17,SUZ12,0
PARP1,PLOD1,0
RYBP,ZDHHC15,0
GLI2,GJA1,0
EED,NR0B1,0
RYBP,ID4,0
REST,COL27A1,0
HDAC3,SOS2,0
CNOT3,HDAC4,0
TGIF1,TNK2,0
EZH2,RHOX6,0
NFYB,PGA5,0
E2F4,PRDM14,0
SOX17,ZC3H7A,0
NFYB,LY6G6E,0
PRDM14,SMARCA2,0
CBX7,ELK4,0
KDM5B,SERPINH1,0
PARP1,CBX6,0
MTF2,KHDRBS1,0
NR4A1,TRIM24,0
NR4A1,SIX5,0
GLI2,TAF10,0
SMARCAD1,IFI30,0
TFE3,BRPF1,0
CBX8,ATF7,0
ZFP57,SHKBP1,0
NFYA,PLTP,0
MEN1,DIDO1,0
MAPK8,MCM4,0
MTF2,GTF3C5,0
SMARCC1,CTBP1,0
BAZ1A,TLE1,0
NFYA,ELF3,0
HDAC2,TGIF1,0
CBX7,CNOT6,0
MTF2,L1TD1,0
PRDM14,FXYD3,0
KDM5B,HIP1,0
JUN,MEN1,0
BAZ1A,CTNNBIP1,0
ELL2,NPHS1,0
PARP1,SHKBP1,0
OTX2,GLDC,0
MAFK,NFATC2IP,0
SMARCAD1,MIS18BP1,0
CNOT3,FOXJ3,0
HCFC1,COL27A1,0
JUN,TPD52,0
DPPA2,SIN3A,0
TGIF1,TXNDC5,0
PRDM14,YEATS4,0
CTCF,TPD52,0
NACC1,IL33,0
SALL1,ANXA2,0
JARID2,MEN1,0
HDAC1,ELK1,0
TFE3,PSIP1,0
DAXX,POLR3F,0
MTF2,DNMT1,0
POU5F1,SLC9A6,0
HCFC1,PML,0
TET2,XRCC5,0
MPHOSPH8,CEMIP,0
HDAC3,EPHA2,0
DPPA2,PLRG1,0
NONO,PIAS1,0
NANOG,SNORD35B,0
TET2,TAF6,0
SMAD3,ABT1,0
EP300,DPPA4,0
YEATS4,HDAC1,0
CNOT3,DPP4,0
DR1,WDR45,0
POU5F1,TIMP2,0
DPPA4,HIST1H2BB,0
E2F4,GATA6,0
TFE3,AKR1B8,0
GLI2,SLC9A6,0
SUZ12,AES,0
PRDM14,HMGXB3,0
PARP1,LRRK1,0
HDAC1,ME1,0
TET1,GATA6,0
RNF2,ZIC3,0
SOX17,ZBTB3,0
SMAD3,KANK3,0
SOX17,SLC9A6,0
BAZ1A,MED31,0
TRIM28,UCHL1,0
NRF1,PGA5,0
E2F1,NXF7,0
JARID2,MCM6,0
PHC1,GTF2I,0
NONO,IKBKB,0
CHD7,ANKRD6,0
NONO,EWSR1,0
EP400,HMGB2,0
TRIM28,CCN2,0
NR4A1,PML,0
DPPA4,GATA4,0
KDM5B,DDX5,0
SMARCA4,IRF4,0
GLI1,TCERG1,0
MTF2,SEPT1,0
SMAD3,TCF7,0
CBX7,XRCC5,0
PHC1,ELF3,0
GLI2,ANKRD6,0
RARA,APP,0
ESRRB,LEFTY1,0
DPPA2,YEATS4,0
MYC,AQP8,0
DAXX,TFE3,0
MAPK8,SIRT3,0
KDM5B,RAI14,0
YEATS4,EDA2R,0
HDAC1,LHX2,0
HCFC1,MAPK11,0
EED,BASP1,0
EHMT2,MAFK,0
EP400,TBX18,0
ARID1A,CLCN5,0
JARID2,REST,0
HDAC3,BMI1,0
YEATS4,MED15,0
HDAC3,ELP2,0
TBX3,PAWR,0
RIF1,TFCP2L1,0
GLI1,BRD7,0
ELL2,HCFC1,0
TFE3,NACC1,0
ESRRB,MCM3,0
TCF12,HNF4A,0
MYCN,MED4,0
REST,ANKRD6,0
TFE3,ZFAND3,0
CBX8,HNRNPAB,0
JUN,TOX3,0
RIF1,PLOD1,0
CHD7,PDPN,0
JARID2,PHF1,0
NR0B1,FAM129B,0
CNOT3,FAM129B,0
RIF1,CCN2,0
NR0B1,SRGN,0
MPHOSPH8,NCOA3,0
TRIM28,THRAP3,0
JARID2,APOBEC3,0
CNOT3,DTX1,0
SALL1,ZFP446,0
SMARCA4,ZBTB20,0
JARID2,LDHB,0
PARP1,RFXAP,0
HDAC2,INTS12,0
CBX8,TPM4,0
TFE3,FLRT3,0
MPHOSPH8,BTG1,0
SOX2,PRDM1,0
KLF2,2810025M15RIK,0
SMARCA4,NOTCH4,0
SOX2,TOX3,0
GATA4,NUPR1,0
RARA,EBF4,0
CHD7,P3H4,0
MAFK,ZFP36L1,0
RYBP,NXF7,0
SUZ12,TRIP6,0
ZFP42,TFAP4,0
CBX7,SMARCA4,0
ARID1A,PMS1,0
DPPA4,UPP1,0
SOX2,PHLDA3,0
EED,RASGRP2,0
ELL3,XRCC5,0
MYCN,PCBP2,0
JUN,FRRS1,0
JUN,GLIS2,0
MYC,BEX1,0
CBX7,MARC2,0
ZFP57,STXBP2,0
MYC,APP,0
EHMT2,REST,0
MYC,NXF7,0
JUN,DEK,0
BAZ1A,EOMES,0
HDAC1,RANBP17,0
ARID1A,ESPL1,0
NFYA,ASS1,0
NR0B1,CTNNBIP1,0
DAXX,ATF2,0
MPHOSPH8,IFITM2,0
OTX2,EPHA4,0
REST,ISYNA1,0
EP400,REST,0
SMARCAD1,LAMA1,0
CHD7,RNF6,0
EED,RARG,0
HCFC1,RLIM,0
CHD4,RBMX,0
BAZ1A,EYA1,0
CHD4,HEY2,0
CBX8,CALCOCO2,0
CTCF,CIC,0
NONO,RANBP17,0
TFE3,PAX6,0
EZH2,ATF6,0
KDM5B,FIZ1,0
YEATS4,YBX1,0
DPPA4,MTA3,0
HDAC1,SUZ12,0
GLI1,ASS1,0
RARA,PLOD3,0
SOX17,ZIC3,0
KLF2,MAPK3,0
MEN1,TOPORS,0
SMAD2,E2F4,0
RYBP,KLF15,0
GTF3C1,TMSB4X,0
MYCN,ZFYVE21,0
HDAC2,MAML3,0
DR1,SNORD93,0
HDAC2,BAZ1A,0
TGIF1,HKDC1,0
DR1,HIST1H1A,0
CBX8,KRBA1,0
ELL3,PHF2,0
TGIF1,BIN1,0
NFYA,GTF2A1L,0
GLI1,TWIST1,0
ZIC3,KANK3,0
TBX3,SOX17,0
KDM5B,LAMA5,0
SMARCAD1,GLUL,0
MAPK8,GJA1,0
EHMT2,ZEB1,0
RYBP,IFITM1,0
CHD4,LMO4,0
NFYB,COIL,0
DAXX,TCERG1,0
MPHOSPH8,DTX1,0
DPPA2,TULP3,0
MAPK8,ILF2,0
SIN3A,GTF2A1L,0
ZFP42,E2F2,0
UTF1,ZSCAN10,0
NFYA,PRDM14,0
SOX17,ANKRD49,0
SMAD2,SERPINE2,0
RARA,ASNS,0
MAPK8,DUSP9,0
SMARCAD1,SSBP4,0
ZFP42,KIT,0
SMAD3,PGA5,0
NFYB,PMM1,0
MEN1,HSP90B1,0
EP400,GTF2A1L,0
SMARCAD1,SRF,0
NONO,ESPL1,0
GATA4,JARID2,0
EP400,CALU,0
DAXX,CSF1,0
SUZ12,CUBN,0
MYC,TFAP2C,0
NR0B1,SEC24D,0
MTF2,DR1,0
BAZ1A,TRIM13,0
SIN3A,GATAD2B,0
NR4A1,NPAS2,0
SMAD3,NFIL3,0
HDAC3,ANKRD54,0
SMARCAD1,PKNOX2,0
ELL2,NUP210,0
HCFC1,IRF4,0
E2F4,MKX,0
HDAC2,FGFR3,0
RYBP,HIF3A,0
ELL2,KANK3,0
GLI1,VIM,0
TET2,ZFP236,0
TGIF1,RUNX3,0
YEATS4,TYRO3,0
MAFK,RNF157,0
MYC,FOXA2,0
MAFK,CTSL,0
REST,PHF14,0
DPPA4,GTF3C1,0
GLI1,ATF7,0
SOX17,HIST1H2BF,0
HDAC2,XAB2,0
ARID1A,ATF7,0
NFYA,SP8,0
CHD4,MEIS1,0
EED,POLR1E,0
NR0B1,MYC,0
EP300,TBX18,0
SMAD3,PHLDB2,0
ELL3,PRRX2,0
SMARCC1,GZF1,0
E2F4,ZFP335,0
NACC1,DUSP9,0
MAFK,HSF2BP,0
PRDM14,ZFP236,0
EED,SIN3A,0
CBX7,ZFP219,0
TGIF1,PBXIP1,0
HDAC1,AMOT,0
TRIM28,AMOT,0
NR0B1,PCBP2,0
KLF2,ATF7,0
HDAC3,HIST1H2BF,0
TET2,HDAC7,0
SOX17,ATP6V0A1,0
TGIF1,EP300,0
SMARCAD1,POLR3B,0
BTAF1,CALD1,0
CBX8,PLOD3,0
DAXX,SHKBP1,0
NR0B1,CCNB1,0
EED,INTS12,0
GATA4,KLF8,0
NACC1,CST3,0
SOX17,BTG1,0
PRDM14,SOX7,0
NFYB,AATF,0
NR0B1,SREBF1,0
TET2,CNOT8,0
SMARCC1,RNF157,0
CNOT3,CNOT6,0
SMARCC1,ZFP462,0
CNOT3,ME1,0
NFYA,EPHA2,0
PARP1,CCN2,0
EP400,MT2,0
DPPA4,PDK1,0
CNOT3,RAB11A,0
YEATS4,PATZ1,0
MAFK,TTF2,0
PRDM14,GTF3C1,0
ELL2,NOTCH2,0
TET1,MEG3,0
GLI1,RBPJ,0
CBX8,ARL6IP5,0
PHC1,TRIP6,0
PRDM14,ECT2,0
NR0B1,SIN3A,0
JUN,OVOL1,0
SMARCA4,ZFP275,0
NR0B1,COL27A1,0
TET2,TGFB1,0
CHD7,NFKB2,0
NACC1,HCFC1,0
HDAC3,KIT,0
NR0B1,ALG13,0
NR4A1,PHF2,0
GATA4,FHL2,0
DPPA4,GNPDA1,0
TET1,ANP32A,0
E2F4,FXR2,0
GLI2,FOXO3,0
SMAD2,TFAP2C,0
MAPK8,MARC2,0
CHD7,FHL2,0
CHD4,DDX5,0
HCFC1,TCL1,0
GLI1,NPAS2,0
MPHOSPH8,LGMN,0
EHMT2,CHD7,0
DAXX,BTF3,0
SMARCC1,TOX3,0
JARID2,ARL6IP5,0
PHC1,UBP1,0
BAZ1A,SLC6A6,0
CHD4,RAD51,0
NR4A1,MCM5,0
KLF2,MAGED1,0
EHMT2,CELF3,0
NFYA,AIRE,0
RIF1,HIF1A,0
RYBP,ZFP276,0
DAXX,TXNDC12,0
EED,SRF,0
GATA4,MYCN,0
GLI1,HSP90B1,0
KLF4,ATP6V0A1,0
HDAC1,ZFP91,0
DPPA2,NFXL1,0
CNOT3,LEFTY1,0
YEATS4,RFXAP,0
RYBP,ZFP281,0
ELL2,MEN1,0
PRDM14,BACH2,0
NFYA,TGIF1,0
DPPA4,PLOD1,0
MYC,MEG3,0
HDAC2,RFX2,0
REST,NFKB2,0
RYBP,OPLAH,0
SUZ12,ATF2,0
E2F1,NFATC4,0
MPHOSPH8,SRSF1,0
NONO,UCHL1,0
ARID1A,MED12,0
MED12,FOXA2,0
SOX17,RARA,0
JUN,HIST1H2BF,0
MPHOSPH8,ATF6,0
REST,POLR2I,0
SMAD3,TNS4,0
PRDM14,JUND,0
EHMT2,COBL,0
HDAC1,ZFP987,0
YEATS4,SPRY2,0
GLI2,LMO4,0
KLF2,FN1,0
CNOT3,ETV1,0
ELL2,RCN3,0
RYBP,UBE2C,0
EHMT2,SNORA68,0
NFYA,AMOT,0
RIF1,ATF5,0
HEXIM1,PML,0
TRIM28,PKNOX2,0
MPHOSPH8,CTH,0
MAPK8,ORC2,0
GATA4,SLC7A3,0
NFYA,SNORD93,0
RNF2,HKDC1,0
RIF1,NFATC4,0
CHD4,GLMP,0
JARID2,MOV10,0
BAZ1A,POU4F2,0
ESRRB,AKR1B8,0
HDAC1,SATB1,0
NACC1,LAMB1,0
CHD7,NFYB,0
SMARCC1,SNORD93,0
DAXX,REST,0
ZFP57,PRDM14,0
NACC1,RLIM,0
NFYA,TEAD4,0
CBX8,HSPB1,0
POU5F1,HIP1,0
CHD7,SOS2,0
YEATS4,MYLPF,0
CTCF,DPPA2,0
HDAC2,PHB2,0
HDAC2,SATB2,0
TET2,ETV4,0
ESRRB,POU4F1,0
SMAD3,PAWR,0
SUZ12,RAD51,0
OTX2,PITX2,0
PARP1,ELK4,0
MYC,P4HA2,0
SALL4,TAGLN2,0
MYCN,FGF3,0
E2F1,RUNX3,0
NONO,RAD54B,0
SMARCC1,TSHZ3,0
TET2,NFE2L1,0
MAPK8,OPLAH,0
TRIM28,MEG3,0
TFE3,NR2F2,0
EHMT2,NFX1,0
YEATS4,SNORD93,0
SOX17,ZFP335,0
EED,CTSZ,0
REST,BRPF1,0
MTF2,H1F0,0
YEATS4,DDAH2,0
HDAC1,CCNG1,0
MEN1,AES,0
RIF1,UCHL1,0
KDM5B,LOXL2,0
RIF1,CLCN5,0
SMAD3,FBLIM1,0
SOX17,HIST1H2BB,0
CNOT3,SNAPC3,0
MAFK,ERCC8,0
HEXIM1,E2F1,0
SMARCC1,SOCS2,0
PRDM14,TAF6,0
SMARCAD1,SLCO3A1,0
HDAC1,ANP32A,0
EP400,TCF4,0
MED12,SRGN,0
PRDM14,RELA,0
RYBP,ZIC3,0
CNOT3,IFITM1,0
YEATS4,TPM4,0
RARA,DDB2,0
TGIF1,JUND,0
MTF2,PIAS2,0
ARID1A,BASP1,0
MAPK8,PTPN14,0
GATA4,KANK2,0
TRIM28,FHL2,0
EP400,STAT4,0
GLI2,SLC6A8,0
MTF2,CCND1,0
JARID2,DDB2,0
EHMT2,DDX58,0
SMARCC1,NDN,0
BAZ1A,BRWD1,0
NANOG,VEGFA,0
CBX8,SRRT,0
KLF2,KPNA2,0
NR4A1,DDAH2,0
CNOT3,TAF6L,0
HDAC2,ELK4,0
SUZ12,TOP2A,0
SOX2,KAT6B,0
YEATS4,CTSD,0
SOX17,VEZF1,0
MAPK8,CKB,0
CTCF,CALD1,0
RARA,GLIPR2,0
CHD7,LOXL2,0
EHMT2,TFAP2C,0
CNOT3,MCM4,0
SMARCAD1,TYRO3,0
SMARCA4,NPHS1,0
DAXX,HDLBP,0
NR0B1,ZEB2,0
TGIF1,ALG13,0
CHD4,KHDC3,0
TFE3,CTNNB1,0
SOX17,WWTR1,0
CHD4,COL27A1,0
SALL1,LAMC1,0
SOX17,FXYD3,0
ARID1A,BMP6,0
HDAC1,GJB3,0
YEATS4,CHCHD10,0
MPHOSPH8,TSPAN9,0
TET2,POLR2A,0
DAXX,PHF20,0
DPPA4,NFXL1,0
NFYB,BNIP3,0
CBX7,MLXIP,0
NR4A1,SMARCC2,0
GLI1,ZSWIM4,0
EHMT2,GZF1,0
DAXX,BAZ1A,0
CHD7,CALD1,0
TFE3,VEZF1,0
SALL1,CRIP2,0
TRIM28,GLS,0
SALL1,APP,0
JUN,CSF1,0
TFE3,CHD7,0
SMARCC1,HES1,0
DAXX,NR2F6,0
JUN,GTF2H4,0
SMARCC1,ANP32A,0
HDAC3,TCL1,0
TRIM28,CMKLR1,0
EZH2,TBL1X,0
CTCF,BTAF1,0
CTCF,IL33,0
JUN,SMARCB1,0
ELL2,DR1,0
SALL1,HNRNPD,0
KLF2,TWIST1,0
TGIF1,HIST1H2BF,0
MAFK,DKC1,0
MTF2,TMEM150A,0
PHC1,VEGFA,0
SMAD3,GABARAPL2,0
CBX7,AES,0
DAXX,AGAP3,0
DPPA4,SLC6A8,0
MYC,NR2C1,0
CHD7,MSH6,0
NACC1,CALCOCO2,0
GLI2,SSR3,0
SMARCC1,ZFYVE21,0
DAXX,RBMXL2,0
KDM5B,HIST1H1B,0
MAFK,IFITM1,0
CHD7,B2M,0
ZFP42,ESRRA,0
HDAC2,MEF2C,0
PHC1,RASGRP2,0
SMAD3,RFX7,0
EP400,RNF6,0
BAZ1A,TPM4,0
MAPK8,POLR2K,0
JUN,LDLRAP1,0
NR4A1,CTBP2,0
TBX3,SREBF1,0
RYBP,ZFP57,0
CHD7,NSD2,0
CHD7,RAD54B,0
NR0B1,KHDC3,0
HDAC1,CBX6,0
TRIM28,BARD1,0
NR0B1,NR2F6,0
PHC1,TENM4,0
HEXIM1,HDAC5,0
PARP1,PURA,0
PRDM14,ING3,0
BAZ1A,YEATS2,0
GLI1,ZFP462,0
NACC1,GTF3C1,0
SALL4,ZFP277,0
ESRRB,MYO7A,0
TET2,TTF2,0
TGIF1,GDPD5,0
SMARCC1,TDGF1,0
NONO,SLC26A10,0
SALL1,SLC7A3,0
NFYB,VIM,0
CNOT3,GLDC,0
ESRRB,ME1,0
PRDM14,XRCC5,0
SALL4,NR1D2,0
E2F1,KRBA1,0
ELL2,IRF6,0
DAXX,EPHA2,0
JARID2,KLF4,0
JUN,TUBB6,0
NFYA,HDAC5,0
CNOT3,NR4A1,0
NONO,TDH,0
CBX7,SMARCB1,0
TGIF1,MEIS1,0
MYCN,THBD,0
GATA4,SMARCA2,0
TGIF1,PIAS3,0
PHC1,EFEMP2,0
BTAF1,B2M,0
CNOT3,MED31,0
NFYB,SSB,0
PHC1,HIST1H2BB,0
CTCF,TOP2B,0
NR0B1,FXR2,0
GLI2,NCOR1,0
JUN,SDC4,0
GLI1,KLF4,0
NACC1,HDAC2,0
TFE3,BCAM,0
TFE3,SMARCA2,0
YEATS4,RAI14,0
TFE3,SFPQ,0
NONO,OPLAH,0
TFE3,PLRG1,0
TBX3,UBP1,0
GLI2,HSPB1,0
CHD4,ID3,0
SOX17,GABBR1,0
JUN,NR1D1,0
RARA,OVOL1,0
CBX7,ERCC8,0
MPHOSPH8,CMKLR1,0
KDM5B,DPP4,0
TBX3,ZC3H7A,0
ARID1A,RPL22L1,0
NONO,BRPF1,0
KDM5B,ATP13A3,0
NR4A1,UBQLN2,0
HDAC1,NOTUM,0
TET2,SIRT1,0
ZFP42,CHD5,0
NONO,BRCA1,0
NFYB,NFXL1,0
SOX17,P4HA2,0
HDAC3,NUP210,0
SALL1,HEY2,0
PHC1,EYA1,0
NACC1,DR1,0
TBX3,ATF4,0
NONO,CTBP2,0
KLF2,ATF3,0
EP400,FXYD6,0
NACC1,EBF1,0
NFYA,NR4A1,0
EP400,SMARCB1,0
KDM5B,KRBA1,0
ZFP42,ANXA2,0
EED,APBB1,0
MTF2,SNORD93,0
SMARCAD1,NFXL1,0
PHC1,EBF4,0
DAXX,ZFP979,0
EP400,MT1,0
SALL1,CRAMP1L,0
ESRRB,POLR1E,0
CHD4,HIF3A,0
MEN1,DPP4,0
KDM5B,MT2,0
GLI2,RUVBL2,0
REST,BMI1,0
MAPK8,SLC5A11,0
HDAC2,KLF4,0
CBX8,ARID1A,0
HDAC2,IFI30,0
SMARCAD1,SNORD32A,0
CHD4,MXD4,0
TBX3,HDAC11,0
POU5F1,RHOX6,0
ELL3,MYC,0
MPHOSPH8,TUBA4A,0
MAFK,KHDRBS1,0
MTF2,POLR2B,0
GLI1,TRH,0
SALL1,ZEB1,0
YEATS4,MEF2A,0
ELL3,B2M,0
JUN,TNFAIP3,0
SMARCA4,KRT42,0
MTF2,FOXD3,0
ELL2,RARA,0
PARP1,TAF1A,0
SALL4,HIST1H2AI,0
SMARCAD1,PHB2,0
TGIF1,RCOR2,0
BAZ1A,SLC7A3,0
GABBR1,AES,0
TFE3,NFATC1,0
DPPA2,MCM4,0
CNOT3,MAZ,0
PARP1,CRIP2,0
NACC1,THRAP3,0
BAZ1A,ANKRD54,0
MTF2,2410141K09RIK,0
NRF1,KEAP1,0
MYC,DKK1,0
ARID1A,KLF10,0
SMARCAD1,MEN1,0
MTF2,AIRE,0
GLI2,DAXX,0
HDAC3,DEK,0
DAXX,GTF2A1L,0
HCFC1,ELK1,0
TET2,KLF4,0
ZIC3,CBX4,0
EP300,MRAS,0
SMAD3,ZEB1,0
GATA4,RHOX6,0
MAFK,PFKP,0
MPHOSPH8,ZSWIM4,0
YEATS4,HSPH1,0
NONO,ARID5B,0
EHMT2,OTX2,0
ARID1A,SUB1,0
MYC,AIP,0
ZIC3,FOXO1,0
HCFC1,ID2,0
EP400,RAPGEF3,0
DPPA4,RAB3IL1,0
MYCN,FHL2,0
GLI1,KDELR2,0
E2F1,UCHL1,0
CHD7,IL33,0
NR4A1,MATR3,0
TFE3,AMOT,0
ZIC3,STAT5A,0
SMARCC1,SREBF1,0
KDM5B,HDAC3,0
RARA,STARD8,0
HCFC1,GTF2A1L,0
SMAD3,ITGA6,0
TBX3,KPNA2,0
RYBP,HSPG2,0
JARID2,GTF2I,0
ELL3,RBMX,0
ARID1A,ZFP236,0
NR0B1,RRM2,0
HDAC3,TDGF1,0
TRIM28,TGFB1I1,0
EP300,IKBKB,0
TET2,SRSF3,0
TCF12,ZBTB32,0
TGIF1,LAMA1,0
MAPK8,CALCOCO1,0
MAFK,KLF8,0
TET2,HIST1H2AF,0
ESRRB,TRPS1,0
CBX8,NUPR1,0
BAZ1A,CHD4,0
KLF2,ARID5B,0
ELL2,KHDRBS1,0
MYCN,ZSWIM4,0
ELL2,ZFP91,0
RIF1,CNOT6L,0
SMARCC1,SPARC,0
MYCN,NDN,0
SALL4,ILK,0
SOX17,RFX2,0
CHD7,MYH9,0
SOX17,SORD,0
CBX8,XRCC5,0
SOX17,PLAGL2,0
CBX7,TOPORS,0
JUN,NDRG4,0
KLF2,RB1,0
RYBP,GLI1,0
CBX7,ESPL1,0
CHD4,TRP53,0
CNOT3,APBB1,0
SOX17,TIMELESS,0
DPPA4,CNOT6,0
CTCF,KRBA1,0
REST,APP,0
OTX2,ELL3,0
GLI2,HDLBP,0
JARID2,CCNB1,0
PARP1,CHD4,0
TET2,ZFP42,0
NR4A1,SALL4,0
PHC1,CNOT6L,0
PRDM14,SLCO3A1,0
NACC1,EED,0
RYBP,ABTB1,0
MPHOSPH8,KANK2,0
E2F4,NR1H2,0
CHD4,PSIP1,0
CHD4,CTSZ,0
MPHOSPH8,MANF,0
NACC1,STXBP2,0
DAXX,CENPB,0
ELL2,RUNX3,0
HDAC1,BCLAF1,0
E2F1,TAF1A,0
NONO,ASS1,0
GATA4,CDKN1A,0
SMARCA4,SRSF6,0
NRF1,PATJ,0
CNOT3,GLMP,0
DPPA2,HEY2,0
PARP1,ASH1L,0
CNOT3,PDPN,0
MPHOSPH8,HNRNPD,0
GTF3C1,FRRS1,0
SMARCC1,B2M,0
SMARCAD1,MARC2,0
CHD4,ZBTB20,0
ARID1A,ZFP296,0
HDAC1,POU4F1,0
CBX8,PDCD11,0
MED12,GM10039,0
ESRRB,HDAC4,0
GLI2,SMARCA5,0
ELL3,ID4,0
SOX2,TNFAIP3,0
KLF2,SRF,0
NFYB,KLF3,0
KLF2,TXNDC12,0
TBX3,AMOT,0
GLI1,MED31,0
YEATS4,NXF7,0
BAZ1A,GLI2,0
SMAD3,NDRG4,0
MYCN,PROX1,0
KLF2,NRG1,0
NONO,POLR2B,0
KDM5B,PHF12,0
PRDM14,CALR,0
ZFP57,FLRT3,0
TRIM28,HSPG2,0
PHC1,RERE,0
SALL1,SOX17,0
SOX17,GABARAPL2,0
HCFC1,ATF3,0
ELL3,TRIM24,0
HDAC1,CCND1,0
ARID1A,AGAP3,0
SMARCC1,EMP2,0
SALL4,MCM4,0
ZFP281,LRPAP1,0
ZFP57,GLMP,0
SMAD3,PRDM1,0
TBX3,SERPINE2,0
NR4A1,TRIM25,0
SOX2,OBSL1,0
DPPA4,EGR1,0
MYC,SMAD4,0
DPPA4,HKDC1,0
CBX8,RAB3IL1,0
MYCN,SOAT1,0
KDM5B,ETV6,0
HEXIM1,ZFP462,0
CHD7,BAZ1A,0
DPPA2,FIZ1,0
EED,KAT6B,0
TRIM28,CTSZ,0
NR4A1,RFX2,0
EHMT2,SRI,0
KLF4,DAXX,0
REST,CTBP2,0
ZFP57,ZBTB3,0
HDAC2,GLUL,0
MAFK,2810025M15RIK,0
DPPA4,IL33,0
NR4A1,MBD2,0
KLF2,BEND5,0
CHD7,TYRO3,0
KLF2,TCERG1,0
BAZ1A,MCM4,0
GATA4,ALG13,0
MYC,CRAMP1L,0
KLF2,TUBB6,0
SOX2,POU4F1,0
GATA4,KAT2B,0
CBX8,TRIM13,0
ELL2,RIF1,0
TRIM28,TAF1,0
GLI1,SLC25A4,0
KLF4,TNS4,0
TCF12,GM10039,0
RIF1,OTX2,0
RIF1,RBFOX2,0
TBX3,KLF10,0
MYCN,TUBB2B,0
CHD4,GSTA4,0
SALL4,EDEM1,0
KLF4,HKDC1,0
MAPK8,HMGXB4,0
KDM5B,MYLPF,0
MTF2,ASH1L,0
KDM5B,CAR2,0
NFYA,EZH1,0
DPPA2,HIST1H4K,0
GATA4,HKDC1,0
NFYA,JARID2,0
TET2,ULK1,0
PARP1,ING3,0
NFYA,FGF10,0
ARID1A,FAM129B,0
TRIM28,BRD7,0
TET2,DCP1A,0
KLF2,ANKRD54,0
MYCN,HSPB1,0
TFE3,ZFP398,0
EZH2,HIST1H1A,0
TRIM28,CUBN,0
TET2,CDC42SE2,0
ELL3,PIAS2,0
RIF1,INSIG1,0
TGIF1,MCM5,0
TFE3,SMAD2,0
YEATS4,MED4,0
KDM5B,VIM,0
JARID2,TBX3,0
GLI2,E2F1,0
NONO,MAZ,0
HCFC1,SHKBP1,0
HDAC2,TOP2A,0
EHMT2,HIST1H1D,0
RARA,H1F0,0
CHD7,ITGA6,0
HDAC2,SUB1,0
MED12,HSF2BP,0
RYBP,ANXA5,0
SMARCC1,ATF3,0
PHC1,SNAI1,0
HCFC1,ESRRA,0
GLI1,CTSZ,0
MPHOSPH8,CTNNB1,0
DAXX,EHMT2,0
RIF1,TWIST1,0
CHD4,PLRG1,0
NACC1,TIMELESS,0
GLI2,CREB3L2,0
ARID1A,SALL1,0
CBX7,POLR1E,0
ELL3,P3H4,0
EHMT2,FXR2,0
UTF1,CREBZF,0
CHD7,FST,0
SOX17,ZSWIM4,0
EP400,PLTP,0
NACC1,ZFHX3,0
NR0B1,CD63,0
CHD4,BRWD1,0
KDM5B,SRSF3,0
GLI2,SLC7A3,0
NONO,NFKB2,0
EED,GRHL1,0
NFYA,LRP2,0
PARP1,KDM5B,0
NONO,NOTCH2,0
GLI1,ZC3H7A,0
MYC,ZBTB24,0
ARID1A,ZFP462,0
YEATS4,FGF3,0
TRIM28,AMPD2,0
CHD7,GRB10,0
SUZ12,PLRG1,0
CBX7,MANF,0
NACC1,ETV6,0
EHMT2,IMPDH1,0
EP300,SERPINE2,0
SMARCAD1,HSF2BP,0
SOX2,NUP210,0
NACC1,ISYNA1,0
MAFK,LAMA5,0
RIF1,NFE2L2,0
JARID2,GPX3,0
RIF1,ZFP768,0
SOX17,ESRRA,0
TGIF1,OTX2,0
DPPA4,GTF3C5,0
MEN1,SPRY4,0
CTCF,ELK1,0
KDM5B,ETS1,0
EHMT2,SOX15,0
GLI2,ZC3H7A,0
RARA,MSX2,0
SMARCA4,DTX1,0
ARID1A,FXYD6,0
SOX17,TFE3,0
CHD7,CTNNB1,0
PARP1,GTF3C1,0
SALL1,SLC16A1,0
PARP1,NFATC4,0
EP300,FXYD3,0
JARID2,MTA3,0
MTF2,SIRT2,0
MEN1,SPP1,0
YEATS4,APP,0
EP300,TGFB1I1,0
HDAC3,BTF3,0
SALL4,SUZ12,0
TET2,ASS1,0
ZIC3,CALCOCO2,0
CNOT3,IRF4,0
DPPA4,VEGFA,0
PHC1,TNFAIP3,0
EED,BARD1,0
CBX8,SUZ12,0
DAXX,NOTCH4,0
DR1,GATA6,0
GTF3C1,AIRE,0
TRIM28,KLF3,0
DAXX,ANXA2,0
EP400,TSPAN9,0
BAZ1A,ATF7,0
JARID2,MYD88,0
SUZ12,HSF2BP,0
BAZ1A,SIRT1,0
EHMT2,SMAD4,0
ELL3,HIF1A,0
GLI2,NR5A2,0
GATA4,DDIT3,0
ZIC3,HEY2,0
RIF1,MT1,0
SMARCAD1,CBX8,0
GLI2,SHROOM3,0
SMARCAD1,RBPMS2,0
MYCN,HIST1H1D,0
SIN3A,NXF7,0
GATA4,SIN3B,0
MTF2,LY6G6E,0
NFYA,SKIL,0
GLI1,SLC6A8,0
NFYA,EDA2R,0
GLI1,MEIS1,0
MAPK8,RRM2,0
JUN,CHCHD10,0
CHD7,BARX1,0
RARA,CD63,0
NACC1,PA2G4,0
SOX17,ZEB2,0
CHD7,HDAC3,0
MEN1,HIST1H2BB,0
SALL1,GLIS2,0
NACC1,TIMP2,0
HDAC2,BTG1,0
SOX17,HIST1H2BN,0
MTF2,FGF4,0
SALL1,PARVB,0
KDM5B,KLF8,0
MAFK,ZMYND11,0
TBX3,MED21,0
SOX17,HSPB1,0
PHC1,TOP2A,0
KLF4,NONO,0
CBX8,AMOTL2,0
DPPA4,HOPX,0
TBX3,HMGXB3,0
CBX8,DKC1,0
PRDM14,GM10039,0
GLI1,HMGXB4,0
MTF2,WBP11,0
NFYB,KEAP1,0
KLF2,ZC3H7A,0
TRIM28,HS3ST1,0
EHMT2,ELF1,0
ELL2,FHL2,0
TRIM28,CCND1,0
HDAC1,ARID3B,0
CBX7,STAT4,0
BAZ1A,ZSCAN10,0
RIF1,UNG,0
HDAC3,GABPA,0
RIF1,TCEA3,0
SMAD2,HSF2,0
ARID1A,GPX3,0
ZFP42,CDKN1A,0
DPPA4,ZC3H7A,0
E2F1,RUVBL1,0
CHD7,USF1,0
HDAC1,BMPER,0
MED12,HTRA1,0
MTF2,HIST1H1B,0
HDAC2,IRF1,0
TFE3,RAB3IL1,0
PHC1,AIRE,0
NR4A1,PIAS1,0
SALL1,HS3ST1,0
RYBP,ERCC8,0
RARA,GTF3C1,0
ZFP57,RCC2,0
NR0B1,GTF2H4,0
SOX17,TCF12,0
GATA4,ABHD5,0
YEATS4,SRM,0
CBX8,HEY2,0
MTF2,CELF3,0
MAFK,XBP1,0
GLI2,SIN3A,0
SMARCA4,BASP1,0
SOX17,PFKP,0
NFYB,GTF2H4,0
NACC1,SATB1,0
E2F4,ABTB1,0
SMAD2,NAA15,0
CHD7,AMOTL2,0
SOX2,SIRT1,0
SMAD3,MYH9,0
GATA4,MOV10,0
E2F1,P3H4,0
SOX17,AES,0
GLI2,PLOD2,0
CNOT3,PRDM5,0
SMARCAD1,EPAS1,0
HDAC2,FOXO3,0
RYBP,NOTCH4,0
TGIF1,CTSL,0
ZFP57,SLC9A6,0
ELL2,ZFPM1,0
SMAD3,EPAS1,0
YEATS4,SLC26A10,0
KDM5B,SSB,0
KDM5B,TYRO3,0
GLI2,BNIP3,0
MTF2,EZH1,0
PARP1,IFI30,0
GLI2,TNK2,0
RARA,TMEM144,0
CHD4,TIMP3,0
ESRRB,TAF1A,0
ARID1A,HCFC1,0
TGIF1,ZBTB39,0
KDM5B,KAT2B,0
TBX3,MEIS3,0
KLF2,SPEN,0
TGIF1,GLUL,0
NR4A1,TULP3,0
ELL2,NFKB2,0
SUZ12,NXF7,0
EHMT2,AES,0
SMARCAD1,ZFP219,0
RNF2,FXYD3,0
GLI2,PHF1,0
CTCF,ETS1,0
CBX8,DTX1,0
ARID1A,SLC6A6,0
MEN1,HIST1H2BN,0
ARID1A,TRIM28,0
HDAC3,NPAS2,0
KDM5B,ID3,0
MYCN,POU4F1,0
HDAC2,MYC,0
BAZ1A,E2F1,0
E2F1,ZBTB24,0
RIF1,ALPL,0
E2F1,MEIS1,0
DPPA4,RERE,0
KDM5B,GNAS,0
CBX7,RAD54B,0
E2F4,PRDM1,0
MPHOSPH8,POLR1B,0
BAZ1A,CCNG1,0
DPPA4,GNRH1,0
YEATS4,ERP29,0
PARP1,GBX2,0
NR0B1,NDN,0
TFE3,DKK1,0
RIF1,TOX4,0
RIF1,ELL2,0
NFYA,SRRT,0
HDAC1,HIF1A,0
CBX7,TDGF1,0
NONO,TUBA4A,0
EED,NEDD4,0
TGIF1,HIST1H2AI,0
SOX17,PDIA6,0
DAXX,HIST1H2AI,0
MAPK8,ZDHHC15,0
KDM5B,HIST1H1A,0
CNOT3,SNORD35B,0
JUN,TFAP4,0
MTF2,ITPK1,0
TGIF1,DTX1,0
HDAC3,ARID3B,0
TGIF1,BEX1,0
SMARCC1,ZMYND11,0
EHMT2,SAT1,0
SMARCC1,POLR3F,0
TFE3,ZBTB10,0
RYBP,LTBP4,0
KLF2,DR1,0
ELL2,TGFB1I1,0
MAPK8,PHF14,0
JARID2,SPRY4,0
KLF4,BRCA1,0
ARID1A,HDAC2,0
TET2,SPARC,0
MYCN,ETV4,0
TBX3,TBL1X,0
MAPK8,ME1,0
EED,FRRS1,0
SMARCAD1,NDN,0
CNOT3,PMS1,0
NFYB,PARP1,0
HCFC1,ALPL,0
ELL2,SMURF1,0
ELL3,GJA1,0
HDAC3,SRSF1,0
SMAD3,POLR2I,0
RIF1,RCN3,0
CHD4,CRY1,0
ARID1A,STAT5B,0
HDAC2,CREB3L2,0
CHD7,RRBP1,0
GTF3C1,HNF1B,0
MPHOSPH8,CALR,0
RARA,HDAC7,0
EP400,HKDC1,0
EP400,SMAD3,0
SALL4,MEF2A,0
CHD7,ZBTB24,0
E2F1,CDC20,0
TET2,LMF2,0
KDM5B,RARA,0
MYCN,DKC1,0
KDM5B,RFXAP,0
NACC1,SORD,0
MYCN,RLIM,0
MPHOSPH8,ME1,0
ELL3,MYO7A,0
NONO,KLF9,0
MYCN,UPP1,0
PARP1,POLR1B,0
ZIC3,RUNX3,0
ZFP57,MGST3,0
REST,SLC7A3,0
CHD4,KDELR3,0
SALL1,PARP1,0
HDAC3,TRIM25,0
SMARCAD1,RBBP7,0
TET2,EZH1,0
NR4A1,TINAGL1,0
GLI2,TXNDC5,0
TRIM28,RAPGEF3,0
JUN,POLR2B,0
MEN1,TGFB1,0
EP400,ATP6V0A1,0
BAZ1A,TCF7L2,0
EED,AQP8,0
EP400,RYBP,0
NACC1,NFXL1,0
RIF1,TCL1,0
MYC,RFX2,0
PARP1,EDA2R,0
NR0B1,EIF4A2,0
EED,LRPAP1,0
OTX2,PMS1,0
SMAD2,MYLPF,0
MYCN,IFITM2,0
SALL4,ESPL1,0
ELL3,FOXO1,0
KDM5B,COTL1,0
NR0B1,NFATC1,0
DPPA4,MPHOSPH8,0
MTF2,RYBP,0
ZIC3,BTAF1,0
TGIF1,CNOT8,0
CHD4,HSPG2,0
SALL4,FXYD3,0
SOX17,TAF9,0
TFE3,UBE2C,0
SALL4,LGMN,0
NR0B1,PDCD11,0
PARP1,BNIP3,0
SMARCC1,HMGXB4,0
CHD7,ATF2,0
MPHOSPH8,PHF20,0
SMAD2,SNAI1,0
MPHOSPH8,USF1,0
MAFK,UBTF,0
PHC1,HIST1H2AF,0
TGIF1,TENM4,0
SMARCC1,PHF1,0
JUN,SATB1,0
SALL4,ZFP423,0
DAXX,CSRP2,0
KDM5B,AKT1,0
NONO,NFXL1,0
KLF2,ETV5,0
SMARCC1,NRF1,0
NACC1,MYH9,0
HDAC1,GATA6,0
CTCF,ZHX3,0
EED,DTX1,0
RYBP,PITX1,0
MTF2,DNAJC2,0
NFYB,RB1,0
RARA,CKAP4,0
DPPA4,PHF14,0
CTCF,CRABP2,0
SMAD3,EZH1,0
REST,RRBP1,0
E2F4,HDAC1,0
DPPA2,PBXIP1,0
YEATS4,ZBTB43,0
MPHOSPH8,GTF2H3,0
PARP1,ZBTB20,0
EP300,ZBTB32,0
JUN,HDAC7,0
GLI2,SPRY2,0
SALL4,SLC26A10,0
CNOT3,ODC1,0
DPPA4,MLXIP,0
SUZ12,PIAS1,0
HDAC2,EP300,0
NR4A1,TAF9,0
MTF2,TAF1A,0
NR0B1,UBP1,0
CTCF,FOXP1,0
GLI1,UCHL1,0
GLI2,ANKS1,0
BAZ1A,ZDHHC15,0
TET1,DPPA4,0
GLI2,NPHS1,0
JUN,NCOA3,0
MED12,CRABP2,0
SMARCAD1,MT2,0
MYC,CMKLR1,0
HDAC2,COL4A2,0
BAZ1A,NR1D2,0
TET2,YAF2,0
SALL4,ARNT2,0
HDAC3,GPX3,0
SALL1,ZIC3,0
CBX8,MYCN,0
HDAC1,CIC,0
MPHOSPH8,ELF2,0
SMAD3,APOE,0
CNOT3,EMP2,0
MPHOSPH8,PIAS2,0
HDAC1,MEIS1,0
EHMT2,CTH,0
KLF2,ECD,0
YEATS4,HSP90AA1,0
PHC1,RFX2,0
HDAC2,SIRT1,0
EZH2,DDB2,0
REST,HDAC1,0
SOX17,ARL6IP5,0
REST,NR3C1,0
REST,GLIPR2,0
ELL2,NFE2L1,0
ELL2,POLR2H,0
BTAF1,LDHB,0
RYBP,ZSCAN10,0
PARP1,POU4F2,0
CTCF,ETV3,0
GTF3C1,ZFP42,0
RIF1,ZDHHC15,0
EED,NFKBIA,0
CTCF,TWIST1,0
SALL1,RFX2,0
MYCN,CUBN,0
EHMT2,TUBA4A,0
PRDM14,NFKBIA,0
SUZ12,COPS2,0
BTAF1,APOBEC3,0
SMAD3,CDC20,0
CBX8,GLIPR2,0
SALL4,SSB,0
PARP1,SAP30,0
SMARCAD1,NFX1,0
TET2,TCF12,0
MPHOSPH8,EGR1,0
DPPA2,HS3ST1,0
TRIM28,TCL1,0
MAPK8,SRI,0
MPHOSPH8,PAWR,0
ESRRB,BRD7,0
HDAC3,HIVEP2,0
SALL4,ZMYND11,0
EED,TOX4,0
SMARCAD1,ARID1A,0
DAXX,SRRT,0
NACC1,ANKRD49,0
SALL4,PCBD1,0
MTF2,PHF1,0
BAZ1A,ID3,0
CNOT3,GAS6,0
ARID1A,DNAJC2,0
HDAC2,PDCD11,0
CHD4,SIRT1,0
SMARCC1,FRMD4A,0
POU5F1,TGFB1,0
MAPK8,DDX5,0
SMAD2,PML,0
PARP1,ZFP277,0
ELL2,MCM5,0
CNOT3,SRRT,0
JARID2,HIST1H1B,0
EHMT2,SRSF1,0
E2F1,TET1,0
RARA,UBP1,0
SMARCAD1,ISYNA1,0
SMARCAD1,TMEM144,0
EP400,RCOR2,0
TRIM28,ECT2,0
TFE3,SLC7A6,0
HDAC3,BRCA2,0
ELL2,SPRY2,0
RYBP,ZDHHC16,0
MYCN,MAPK8,0
REST,MYH9,0
RIF1,FOXO3,0
CNOT3,BARX1,0
EP400,CTCF,0
ZIC3,GTF2H3,0
NACC1,ATF5,0
SMAD2,NSD1,0
SMAD3,STAT5A,0
HDAC1,ABT1,0
PHC1,SMAD4,0
MYCN,ABT1,0
OTX2,RFXAP,0
BAZ1A,ANKS1,0
CBX7,POLR2B,0
ELL2,GJA1,0
JUN,UBE2C,0
SALL4,SLC6A8,0
GABBR1,MAGED1,0
KLF4,BRCA2,0
EHMT2,FRRS1,0
MPHOSPH8,TRIM25,0
ZFP281,CALD1,0
E2F4,ARHGEF40,0
RIF1,NKRF,0
E2F1,SNORD32A,0
RYBP,MCM2,0
RIF1,ZFP91,0
SMAD3,CALR,0
TET2,VSIR,0
TFE3,TRPS1,0
ELL3,HIST1H2BL,0
KLF2,ZFP277,0
HDAC1,TET1,0
BAZ1A,EMX2,0
MAPK8,PGA5,0
MTF2,HSP90AA1,0
PARP1,EBF4,0
TET2,BMPER,0
PARP1,LAMC1,0
KLF2,PCBP2,0
DPPA2,XAB2,0
EED,DAB2,0
HDAC2,LAMC1,0
EP400,RFXAP,0
NONO,MSH6,0
ZFP42,FGF4,0
CNOT3,RAD51,0
HCFC1,NR2F6,0
SOX17,H1F0,0
RYBP,NR5A2,0
CBX8,USF1,0
SMARCA4,FXYD6,0
REST,CALCOCO1,0
TGIF1,FBLIM1,0
PARP1,DDX54,0
HDAC2,MSC,0
RARA,NRG1,0
JUN,HIST1H1B,0
BAZ1A,FRMD4A,0
TRIM28,SPRY4,0
NR0B1,AMOT,0
EHMT2,ERCC8,0
NONO,FST,0
HCFC1,FOXJ2,0
ELL2,SDC4,0
SOX17,ZBTB39,0
CBX8,MSX2,0
GLI2,NFIL3,0
SALL1,CTSZ,0
CHD7,HES1,0
EHMT2,MEIS1,0
EHMT2,CREB5,0
NR4A1,ADAM23,0
NR4A1,NUP210,0
POU5F1,STAT5B,0
HDAC3,SNORA68,0
HDAC3,CHCHD10,0
PARP1,GTF2H3,0
MAPK8,NFE2L2,0
GATA4,TDGF1,0
YEATS4,FOSL2,0
DPPA4,BMP6,0
EZH2,GLI1,0
SALL1,TCF12,0
SOX17,SLC6A8,0
MPHOSPH8,ZFP236,0
HDAC2,TCF4,0
TET2,MYBBP1A,0
SMARCAD1,TCF20,0
GATA4,RCN3,0
GTF3C1,ELF3,0
CHD7,CREB5,0
PRDM14,MOV10,0
PHC1,SGK1,0
GLI2,ZBTB43,0
JUN,CBX8,0
RARA,TRIP6,0
DAXX,ODC1,0
TET2,NUP210,0
KLF2,SSBP4,0
PRDM14,AIP,0
BTAF1,SNORD93,0
ZIC3,PHF1,0
HDAC3,SEPT1,0
MPHOSPH8,SFPQ,0
GLI2,CALR,0
SMAD2,AMOT,0
NFYA,SOS2,0
DAXX,PA2G4,0
YEATS4,BCL3,0
CHD4,CTSL,0
CNOT3,NRG1,0
PARP1,MYCN,0
MYCN,ARID3B,0
MAPK8,LAMC1,0
TGIF1,RUNX1,0
HDAC3,BCLAF1,0
BAZ1A,TFCP2L1,0
DAXX,FST,0
PARP1,SMURF1,0
RIF1,HSPH1,0
CBX7,ERCC3,0
EP400,SRI,0
ELL2,ZDHHC15,0
CNOT3,MCM3,0
GLI2,MOV10,0
MTF2,SLC26A10,0
SMARCAD1,TRIB3,0
PHC1,TUBB6,0
GLI2,SATB2,0
ZFP57,GJB3,0
PRDM14,TGFB1I1,0
DR1,GTF2H4,0
SALL1,HIST1H2AF,0
MYC,LAMB2,0
NONO,EPHA4,0
SOX17,AQP8,0
TFE3,CREB5,0
KDM5B,CIC,0
TBX3,RB1,0
SUZ12,UBTF,0
BAZ1A,HIST1H2AI,0
E2F4,UBP1,0
SMAD2,MED12,0
RARA,CUX2,0
KDM5B,MOV10,0
NACC1,TXNDC5,0
CHD7,IFI30,0
CTCF,MANF,0
CNOT3,SRSF3,0
DAXX,AMOTL2,0
NR0B1,ABTB1,0
DPPA4,NFIC,0
CHD4,TAF10,0
MPHOSPH8,TET1,0
SOX2,ATF7,0
HDAC3,MCM3,0
ZFP42,LDHB,0
ARID1A,CREB3L2,0
TGIF1,DDX58,0
REST,BRCA1,0
NR0B1,LRP2,0
KDM5B,NACC1,0
CHD4,POLR3D,0
CNOT3,HEY2,0
CNOT3,GJA1,0
CBX7,SPRY4,0
PHC1,NR1D2,0
NFYA,PLOD3,0
SOX17,FAM234A,0
GLI2,NEDD4,0
CNOT3,HMGXB3,0
SMARCC1,STAT5A,0
ZIC3,EED,0
PRDM14,CNOT6L,0
REST,RNF157,0
HDAC2,NFE2L1,0
SMAD3,XAB2,0
SMARCA4,TGFB1I1,0
HDAC3,TSG101,0
SOX2,CLCN5,0
SALL4,PAX1,0
SALL1,NOTCH4,0
MAPK8,RARA,0
PRDM14,GATAD2B,0
PHC1,TFE3,0
ZFP42,NFIA,0
CBX7,ELP2,0
BAZ1A,SOS2,0
CHD7,SMURF2,0
HDAC3,NR1H2,0
MTF2,XBP1,0
TGIF1,RLIM,0
HDAC3,PHF2,0
BAZ1A,MCM5,0
EED,RFXAP,0
NONO,COL4A1,0
ARID1A,P4HA1,0
ARID1A,BTBD11,0
HEXIM1,SMARCA2,0
JUN,SMURF1,0
HDAC1,DTX1,0
PHC1,ALG13,0
SALL1,TMEM150A,0
RARA,AMOT,0
ELL3,MLXIPL,0
CNOT3,ARID3B,0
TBX3,SNORD32A,0
SMARCAD1,GABARAPL2,0
PHC1,PRDM1,0
JARID2,PLA2G1B,0
MEN1,NSD1,0
CHD7,ILF3,0
EED,SLC7A3,0
BAZ1A,HMGA1,0
SOX2,KAT2B,0
CBX7,AKT1,0
CHD7,THRAP3,0
HDAC2,ATF6,0
SMARCAD1,CSRP2,0
MAPK8,IRF4,0
REST,ANKRD54,0
MYCN,ADAM23,0
BAZ1A,BCL3,0
KLF2,ADAM23,0
NACC1,ZFP276,0
RYBP,GABARAPL2,0
SMAD2,NONO,0
NFYA,CAR2,0
NR0B1,DUSP9,0
GLI1,PATZ1,0
HDAC3,CALCOCO1,0
TRIM28,MEIS3,0
PHC1,MOV10,0
SALL4,FOXO3,0
NONO,RAI14,0
HCFC1,SMAD4,0
MEN1,HIST1H2BL,0
YEATS4,COL27A1,0
ZIC3,ELP2,0
TFE3,HIST1H2AF,0
CHD4,TOP2A,0
KLF2,MYLPF,0
MTF2,DCP1A,0
BAZ1A,DUSP9,0
RARA,CITED1,0
NONO,LTBP4,0
NFYA,OBSL1,0
RARA,FBLIM1,0
NFYA,TUBA4A,0
PARP1,HSF2BP,0
EP400,EYA1,0
GLI1,PAX6,0
PHC1,LY6G6E,0
CHD4,MAPK8,0
JUN,SMARCA5,0
MAFK,ANXA5,0
SMARCC1,NR2F6,0
SMARCC1,TCL1,0
ARID1A,SMAD3,0
SALL1,MAFK,0
ARID1A,MANF,0
GLI1,ELAVL2,0
ZIC3,PRDM5,0
SMARCAD1,ZFP42,0
NONO,GDPD5,0
REST,FLRT3,0
GLI1,DTX1,0
MEN1,SPARC,0
HDAC3,HSPG2,0
TET2,DNMT1,0
NACC1,TAF10,0
MAFK,BMP4,0
SMAD3,RYBP,0
BAZ1A,HSPH1,0
SALL1,LRP2,0
NFYB,TWIST1,0
DPPA2,LEFTY1,0
HDAC1,INSIG1,0
TGIF1,HIST1H2BK,0
JUN,ZBTB32,0
HDAC1,ELAVL2,0
NONO,ZFP57,0
CHD4,JUN,0
GATA4,DTX1,0
EP400,ERCC8,0
MEN1,KDELR3,0
BAZ1A,SIX5,0
BAZ1A,SMAD3,0
ARID1A,EHMT2,0
NFYA,COIL,0
CNOT3,NFIA,0
POU5F1,MORC4,0
CHD4,CDKN1A,0
KLF4,KAT2B,0
SMAD3,SP1,0
SMAD2,CREB3,0
ESRRB,ILF3,0
NFYB,TRH,0
TBX3,APOBEC3,0
SMARCAD1,RFX7,0
KDM5B,LTBP4,0
KDM5B,MEIS1,0
E2F4,EPS8,0
TRIM28,PLA2G1B,0
CBX8,FXYD3,0
DAXX,KRT42,0
SALL4,SMARCC1,0
MEN1,IRF4,0
PARP1,2410141K09RIK,0
NACC1,CTSL,0
MYCN,CRABP2,0
KLF2,CUX2,0
ZFP42,ZFPM1,0
SMARCAD1,PDGFRA,0
ELL3,GJB3,0
ELL2,MLLT1,0
PRDM14,NEDD4,0
NFYB,AES,0
E2F1,TCL1,0
HDAC3,NR2F6,0
SMARCAD1,L1TD1,0
MAFK,NXF7,0
E2F4,TRP53BP1,0
NFYB,ZFPM1,0
TGIF1,RBMXL2,0
SMARCAD1,UBP1,0
GLI1,HOXD13,0
SMARCA4,NUPR1,0
SOX17,FOSL2,0
MTF2,CKB,0
SMARCAD1,PRDM14,0
SALL1,BMPER,0
MEN1,TNS4,0
SMARCAD1,GZF1,0
SMARCAD1,TXNDC5,0
NACC1,FOXP1,0
CBX8,HMGA1,0
CNOT3,CRIP2,0
PARP1,TBX18,0
MPHOSPH8,TXNDC12,0
GLI2,KLF6,0
MAFK,PLA2G1B,0
NONO,REST,0
TBX3,BEX1,0
ELL2,KANK2,0
HDAC2,HDAC7,0
ARID1A,ZBTB43,0
NFYA,BMI1,0
EHMT2,BCLAF1,0
E2F4,ANP32A,0
ELL2,DDB2,0
REST,CHCHD10,0
CNOT3,NPAS2,0
ELL2,HTRA1,0
E2F1,SLC26A10,0
E2F1,EMP2,0
NONO,ATF5,0
ARID1A,TNK2,0
E2F1,HDAC7,0
MAPK8,SERPINH1,0
MEN1,CHD4,0
HDAC3,NOTCH2,0
BAZ1A,NFIB,0
HEXIM1,KANK3,0
NACC1,FGF10,0
TBX3,MSX2,0
HDAC1,RFX5,0
DPPA4,NFATC2IP,0
GLI1,HIST1H3H,0
NACC1,POLR2K,0
HDAC3,RHOX6,0
TET2,TRIM28,0
NONO,AIRE,0
JUN,RBMXL2,0
EED,DDAH2,0
NR0B1,RFX5,0
MYC,NPAS2,0
NACC1,NFATC3,0
ZIC3,CTCF,0
SMARCAD1,KLF15,0
CBX8,ZBTB32,0
CBX7,GNPDA1,0
RYBP,PLOD1,0
SUZ12,FRRS1,0
GLI2,RAB11A,0
EHMT2,FIZ1,0
POU5F1,GTF2A1L,0
YEATS4,ITGA6,0
GLI2,RBPMS2,0
PRDM14,TAF6L,0
PRDM14,UBQLN2,0
HDAC3,SRF,0
GATA4,HNRNPAB,0
EHMT2,POLR2K,0
PARP1,FAM234A,0
NFYA,FST,0
TFE3,NR1H2,0
EP400,CUX2,0
NACC1,SLCO3A1,0
TBX3,FLRT3,0
CNOT3,SSB,0
EZH2,ESRRA,0
CHD7,TDGF1,0
BAZ1A,RNF2,0
TRIM28,SKIL,0
TGIF1,NUP210,0
CNOT3,CELF3,0
PHC1,AIP,0
DAXX,CST3,0
KDM5B,ASXL1,0
BAZ1A,GLDC,0
PARP1,POLR2J,0
PRDM14,TRIM32,0
CNOT3,LEFTY2,0
GLI1,POLR3B,0
YEATS4,SMAD7,0
SMARCAD1,STARD10,0
BAZ1A,HNRNPK,0
EED,HDAC1,0
PARP1,SNAPC3,0
NFYB,LDHB,0
NR0B1,HNF4A,0
ZIC3,CNOT6L,0
MED12,IGF2,0
NFYA,H1F0,0
SMARCAD1,OBSL1,0
KLF2,GLI2,0
TET2,ADAM23,0
CHD4,ADAMTS9,0
TRIM28,OBSL1,0
CNOT3,EPHA4,0
MYC,ZHX3,0
E2F1,TFE3,0
TET2,YEATS2,0
TET2,MARC2,0
HDAC1,APBB1,0
NFYA,ME1,0
ZFP42,TCF20,0
REST,MYC,0
ESRRB,BAZ1A,0
CBX8,TDGF1,0
MYCN,BTBD11,0
EED,WWTR1,0
DAXX,DDAH2,0
TET1,GSTA4,0
EED,FDPS,0
CHD4,HES6,0
NR0B1,IGF2,0
NONO,PRDM1,0
ARID1A,IMPDH1,0
NFYB,MYO7A,0
NR4A1,RLIM,0
SMARCC1,TGIF1,0
SALL1,KLF15,0
SOX17,ATF2,0
REST,CHD5,0
ARID1A,HIST1H2BF,0
JUN,SMARCC2,0
SALL1,JDP2,0
JUN,PAX8,0
RIF1,EPHA4,0
KLF2,PARP1,0
ELL2,POU4F1,0
BAZ1A,ILF2,0
CHD4,ZBTB10,0
JUN,ADAM23,0
TET1,PCOLCE,0
HDAC2,FST,0
DAXX,PAX8,0
YEATS4,POLR3D,0
CBX8,MORF4L2,0
NACC1,NFKB2,0
ZFP42,TXNIP,0
REST,2200002D01RIK,0
RIF1,NFIL3,0
RYBP,ME1,0
MTF2,PLOD3,0
CHD4,RCN3,0
SMARCAD1,LDB1,0
TBX3,EP400,0
KLF2,SLC25A5,0
SUZ12,CALU,0
NFYA,TRIM25,0
DPPA2,ETV5,0
HDAC2,NFATC3,0
MYC,MSC,0
RIF1,BRWD1,0
PRDM14,MYO7A,0
PHC1,DTX1,0
NACC1,AGAP3,0
MAFK,GLIPR2,0
KDM5B,PDIA6,0
TET2,MT1,0
SMARCA4,ZFP987,0
NACC1,SSBP4,0
MEN1,RARA,0
MYCN,GTF3C1,0
RYBP,BRPF1,0
PRDM14,CNOT7,0
OTX2,GRHL1,0
HDAC1,CTSD,0
HDAC3,CCNB1,0
PARP1,WBP11,0
SMARCAD1,MEG3,0
RYBP,CCNG1,0
EHMT2,LOXL2,0
CHD7,XRCC6,0
E2F1,TSHZ3,0
SMARCC1,CTSA,0
GATA4,TAGLN2,0
CHD4,POLR1C,0
E2F4,EOMES,0
YEATS4,SMURF1,0
CHD7,BCAM,0
KLF2,TOPORS,0
SOX2,NXF7,0
SMARCA4,ZBTB10,0
GLI1,SOX15,0
NACC1,AIRE,0
MYC,SLC9A6,0
NACC1,SRRT,0
SOX17,POLR1A,0
CTCF,VEZF1,0
SIN3A,NFIC,0
PHC1,ASS1,0
JARID2,RBBP4,0
E2F1,PBX4,0
SMARCAD1,PDPN,0
MYCN,GLIPR2,0
MAFK,COTL1,0
SOX2,CUX1,0
RYBP,MXD4,0
JUN,ELL3,0
NR4A1,LRP2,0
BAZ1A,CEMIP,0
JARID2,SEPT1,0
RYBP,TGFB1,0
CTCF,LGMN,0
SMARCA4,AQP8,0
JARID2,ZSWIM4,0
CHD4,FOXO3,0
CHD4,RBPJ,0
NR4A1,LAMB1,0
MEN1,NR0B1,0
JUN,LAMA5,0
MTF2,CRABP2,0
SMARCA4,TMEM144,0
HDAC3,HNF1B,0
ZFP281,GATAD2B,0
RIF1,SEC24D,0
KLF2,DAB2,0
HDAC3,2810025M15RIK,0
NACC1,KLF4,0
KLF4,STARD8,0
GLI1,CITED1,0
HCFC1,TRH,0
ELL3,TNS4,0
SMARCAD1,ZFP57,0
HCFC1,PODXL,0
REST,TAF6,0
CBX7,KDM5B,0
PHC1,GRIN1,0
RARA,CBX4,0
BAZ1A,ARL6IP5,0
SALL1,BTG1,0
DPPA4,ELL3,0
YEATS4,DKC1,0
ZIC3,ELF3,0
RARA,NDRG1,0
EHMT2,BACH2,0
ESRRB,IGF2,0
NACC1,HDAC7,0
ELL2,TET2,0
ZIC3,SLC16A1,0
CHD4,GTF3C1,0
TRIM28,CTNNBL1,0
YEATS4,IMPDH1,0
KLF2,RBBP7,0
KLF2,PATJ,0
YEATS4,VILL,0
TFE3,SPP1,0
REST,HDAC7,0
YEATS4,SIX5,0
ELL2,HDAC7,0
MAPK8,ID2,0
SOX2,SUZ12,0
KLF2,DDAH2,0
SMAD2,TIMP3,0
ELL3,TSHZ3,0
EED,CDKN1A,0
E2F1,NR2C1,0
HDAC1,ETS1,0
ESRRB,SHKBP1,0
CNOT3,FOXA2,0
KDM5B,HIST1H2AC,0
TBX3,ZFP296,0
CBX7,DPPA2,0
CBX8,EBF1,0
KDM5B,MGST3,0
TET2,ZBTB32,0
ELL2,VILL,0
ARID1A,CRY1,0
SIN3A,CRABP2,0
GLI2,EPHA4,0
EHMT2,NR1D2,0
HDAC1,EDA2R,0
EED,DPPA4,0
PHC1,IL33,0
EHMT2,NCOA3,0
E2F1,MIS18BP1,0
MAPK8,ZBTB10,0
TET1,ARHGEF40,0
KLF2,CAR2,0
NONO,B2M,0
ZIC3,SRGN,0
KDM5B,SIX5,0
DAXX,CUBN,0
HDAC3,BACH2,0
CNOT3,CST3,0
SMAD3,DTX1,0
RNF2,SNORA68,0
CBX8,NOTCH2,0
DPPA2,GJB3,0
SMAD2,PIAS3,0
RIF1,MCM6,0
TFE3,COL4A1,0
SMAD2,CBX4,0
CBX8,SATB1,0
ZFP42,ALG13,0
SALL4,MAN1A2,0
PHC1,2410141K09RIK,0
NFYA,HMGA2,0
MPHOSPH8,FOSL2,0
CNOT3,DKK1,0
TBX3,ATP13A3,0
MPHOSPH8,BEND5,0
NACC1,ULK1,0
NACC1,ERCC3,0
SOX2,ANKRD49,0
TET2,NFIB,0
BAZ1A,FAM129B,0
MAFK,SNURF,0
REST,GATAD2B,0
RYBP,HMGXB4,0
BAZ1A,SMARCB1,0
TBX3,KLF6,0
ZIC3,ZSWIM4,0
TBX3,NR4A1,0
CHD4,TRIM13,0
CTCF,ZFP275,0
TFE3,PARP1,0
DAXX,HTRA1,0
CBX8,PIAS2,0
EED,TCF7,0
E2F4,SOX15,0
ARID1A,INTS12,0
NONO,LEFTY2,0
JUN,RFX7,0
MAFK,SNORA26,0
CBX7,CTBP2,0
EZH2,CDC20,0
DAXX,TNK2,0
EHMT2,KIT,0
MPHOSPH8,NANOG,0
RYBP,CREB3L2,0
EP400,NFIA,0
GLI1,COIL,0
SMARCC1,ELP2,0
ELL3,GAS6,0
MAFK,TCL1,0
RYBP,NFIC,0
CNOT3,PFKP,0
SMARCC1,LRRK1,0
TBX3,PAX8,0
YEATS4,KIT,0
SMARCAD1,SOX7,0
ELL2,MORF4L2,0
RNF2,HDAC10,0
EHMT2,GLUL,0
SMAD3,EMX2,0
REST,RBPJ,0
HDAC3,DAZAP2,0
OTX2,ZDHHC16,0
HDAC3,PBX4,0
MAFK,REST,0
EHMT2,KANK3,0
CTCF,PREB,0
EHMT2,HMGA2,0
SMAD3,HIST1H2BB,0
SALL4,ATM,0
ZFP57,DDX58,0
KLF4,DUSP9,0
CTCF,TULP3,0
CTCF,SUZ12,0
MTF2,LAMA5,0
MPHOSPH8,KDELR2,0
DAXX,PBXIP1,0
NR0B1,TXNIP,0
CHD7,COL27A1,0
PRDM14,SEC24D,0
SMAD2,PTPN14,0
CBX8,TXNDC12,0
RIF1,NPAS2,0
KLF2,P3H1,0
DAXX,COBL,0
MAFK,CCND1,0
BAZ1A,ING1,0
NR0B1,PLAT,0
CHD4,RAI14,0
DAXX,TCF12,0
TGIF1,SMURF2,0
YEATS4,HMGB2,0
DAXX,CNOT7,0
NFYA,HIST1H1D,0
DPPA4,APOBEC3,0
MPHOSPH8,STAT5A,0
EP400,FOXD3,0
PARP1,NFIC,0
CBX7,NXF7,0
EED,HNRNPD,0
NRF1,BASP1,0
RIF1,PCBD1,0
DPPA4,GSTA4,0
HDAC2,PRDM1,0
MEN1,RAB3IL1,0
KLF4,TRP53,0
E2F4,AES,0
NFYA,F3,0
SMAD2,HOPX,0
DPPA4,MAPK11,0
GLI1,NR2C1,0
E2F4,HOPX,0
NR0B1,PBX4,0
GATA4,DPPA4,0
DPPA4,ARID1A,0
RIF1,MED31,0
CNOT3,KLF6,0
KDM5B,RBL1,0
NFYB,EOMES,0
JUN,FN1,0
MPHOSPH8,MAZ,0
NONO,MCM5,0
NR4A1,TXNIP,0
KLF2,TAF1,0
MEN1,POU6F1,0
REST,SIRT2,0
TET1,GATAD2B,0
BAZ1A,ZFP979,0
JARID2,NPHS1,0
TFE3,UCHL1,0
SMAD3,HEY2,0
NR0B1,RBMXL2,0
NFYB,TXNDC12,0
GLI1,MAML1,0
NFYA,UPP1,0
CTCF,APEX1,0
SMAD3,ALG13,0
TFE3,PTH1R,0
ZFP42,KAT2B,0
TGIF1,GBX2,0
BAZ1A,RUNX3,0
SMAD3,TAX1BP3,0
MPHOSPH8,TAF5,0
CBX8,SNORA68,0
HCFC1,XBP1,0
RIF1,DKK1,0
GLI1,FXYD3,0
GLI1,ZFP281,0
BAZ1A,ZFP91,0
GATA4,HIST1H2BN,0
ZFP42,SMARCB1,0
E2F1,CREB5,0
TBX3,FGF3,0
DAXX,TAF10,0
HDAC1,CNOT8,0
EZH2,IFITM1,0
JUN,E2F1,0
TFE3,DDX54,0
TFE3,IL33,0
EED,CCND1,0
TRIM28,FBLIM1,0
PRDM14,TAF1,0
NFYA,REST,0
TGIF1,LRRK1,0
BAZ1A,HEXIM1,0
EHMT2,TCF7L2,0
E2F1,TGFB1,0
REST,EHMT2,0
REST,KRT42,0
ZFP42,TEAD3,0
SMARCC1,NOTCH2,0
GLI1,UNG,0
EHMT2,ARID3B,0
GLI1,TOP2B,0
CHD4,PREB,0
CBX8,SEPT1,0
HDAC3,NKRF,0
E2F4,LOXL2,0
SALL4,SRGN,0
RIF1,MYLPF,0
TRIM28,IKBKB,0
RIF1,ARID1A,0
SOX2,ZFP398,0
CBX8,ERCC8,0
SALL4,CTSL,0
SMARCC1,PRDM1,0
CHD7,CITED1,0
HEXIM1,MAGED1,0
JUN,MLXIP,0
EP300,VEZF1,0
PRDM14,HTT,0
ZIC3,PRDM1,0
CBX7,AU018091,0
JUN,EZH1,0
JUN,HIST1H4K,0
ZIC3,CREB3,0
PHC1,MCM5,0
SMARCA4,HCFC1,0
NACC1,ELP2,0
ARID1A,MEG3,0
MAPK8,SPOCK1,0
TGIF1,MORC4,0
GLI2,ABT1,0
JUN,DDB2,0
PRDM14,PHF14,0
ARID1A,TRIP6,0
JARID2,CTSD,0
SMARCA4,EMP2,0
EED,TDH,0
SOX17,SMARCC1,0
GLI2,SNURF,0
CHD7,TXNDC12,0
CHD4,ESPL1,0
HEXIM1,SRM,0
HDAC2,APOBEC3,0
ESRRB,ATF2,0
ELL3,SRF,0
CHD7,MED15,0
PRDM14,TBPL1,0
HDAC3,TMEM150A,0
SOX17,PEG3,0
CBX7,POLR3D,0
SALL4,SNORD35B,0
ARID1A,MT2,0
MAFK,HMGA2,0
SMARCA4,NONO,0
ARID1A,MCM4,0
SMARCC1,MAZ,0
CNOT3,MAPK3,0
ESRRB,TXNIP,0
DPPA4,YEATS2,0
PARP1,ZFP57,0
MEN1,AMPD2,0
NR4A1,NFIL3,0
SMAD3,BASP1,0
EED,JUND,0
ZIC3,D230025D16RIK,0
SALL4,HDGF,0
MYCN,HIST1H2BB,0
TET2,PAX8,0
E2F4,IRF1,0
MPHOSPH8,ZFP36L1,0
ZIC3,MXD4,0
CBX7,ATF7,0
EP400,NSD1,0
YEATS4,MYD88,0
RARA,ITGA6,0
EP400,ALG13,0
YEATS4,HIP1,0
JUN,POLR2I,0
ZIC3,CUX1,0
PARP1,P3H4,0
EP400,PGA5,0
PARP1,FXR1,0
DAXX,MYC,0
ARID1A,FOSL2,0
NFYA,ZBTB32,0
KLF4,RAD54B,0
CBX8,BARD1,0
SMARCC1,TOP2B,0
KLF2,HNF1B,0
DPPA4,EBF1,0
E2F4,NUPR1,0
KLF2,TTF2,0
ELL2,NAA15,0
EED,HCFC1,0
NONO,RNF157,0
HDAC1,SATB2,0
ELL3,ZBTB32,0
TET2,NR2F2,0
GLI2,SKIL,0
NR0B1,NDRG1,0
DAXX,LRRK1,0
SOX17,BRD7,0
KDM5B,TENM4,0
NONO,TXNDC5,0
TET2,KEAP1,0
NONO,HOXD13,0
TFE3,IRF6,0
EHMT2,TCERG1,0
SMAD3,RCOR2,0
DAXX,NUPR1,0
SOX2,PRDM5,0
CHD4,NPAS2,0
HDAC1,EHMT2,0
HDAC2,ZFP423,0
CHD4,TAF1A,0
SMAD3,DDAH2,0
NR4A1,OVOL1,0
CHD4,NR4A1,0
GLI2,FHL2,0
BAZ1A,ETV4,0
NR0B1,RFX7,0
CHD4,SMARCB1,0
PARP1,EZH2,0
SMARCC1,TUBA4A,0
PHC1,RNF2,0
NR0B1,TOPORS,0
NR4A1,KPNA2,0
ZFP42,HSBP1,0
SALL4,TWIST1,0
EED,AMOT,0
TFE3,ME1,0
EED,EMX2,0
NACC1,HMCES,0
CHD7,GRIN1,0
TFE3,KRBA1,0
HDAC2,PLRG1,0
PRDM14,SMARCB1,0
PARP1,HIST1H3H,0
SOX17,KIT,0
NONO,SIRT2,0
NR4A1,CKAP4,0
ARID1A,TDGF1,0
KLF2,ZBTB3,0
TFE3,XAB2,0
JUN,THRAP3,0
SALL4,SNORD32A,0
EP400,CEBPZ,0
HEXIM1,NDRG4,0
EHMT2,POLR2B,0
HDAC2,SNURF,0
ZIC3,MORC4,0
KDM5B,GJA1,0
ELL2,TAF6,0
DR1,PML,0
KDM5B,CTNNBL1,0
KLF2,RAD51,0
NONO,RIF1,0
YEATS4,TULP3,0
DPPA2,PLOD1,0
PRDM14,LAMB2,0
ELL3,PDCD4,0
GATA4,MYBL2,0
NR0B1,SSR3,0
NANOG,OBSL1,0
HDAC3,POU4F2,0
DAXX,PCOLCE,0
GLI2,BRWD1,0
KDM5B,PARVB,0
BAZ1A,STAT5A,0
CHD4,GZF1,0
TFE3,TAF5,0
MAFK,DNMT3A,0
HDAC3,OVOL1,0
HDAC1,SNORD35B,0
KLF2,RELA,0
ELL2,KDELR2,0
PRDM14,MKX,0
NONO,MEG3,0
RIF1,GATA6,0
PARP1,CAR2,0
SOX17,SHKBP1,0
EP400,COL4A2,0
MTF2,RBM14,0
SMAD3,JAM2,0
MAFK,ZFP57,0
NFYB,THBD,0
TGIF1,TEAD4,0
ELL2,SOCS2,0
RARA,ZFPM1,0
KLF2,CKB,0
SALL4,RBPMS2,0
REST,ASH2L,0
YEATS4,HIST1H1A,0
MPHOSPH8,PRDM1,0
BTAF1,AIRE,0
MPHOSPH8,TRRAP,0
EP400,ZMYM2,0
TBX3,NOTCH1,0
MYC,TRIM13,0
MYC,FRRS1,0
HDAC2,DNAJC2,0
E2F4,NRF1,0
PARP1,EOMES,0
TGIF1,BMP4,0
SMARCC1,P4HA1,0
SALL4,WBP11,0
NR0B1,CHD5,0
TBX3,DPP4,0
CBX8,FOXA2,0
EHMT2,UPP1,0
SMARCC1,CALCOCO2,0
CBX8,MME,0
HDAC3,UBTF,0
SMAD3,IKBKB,0
KDM5B,FOXP1,0
CBX7,USF1,0
ESRRB,ARNT2,0
SALL1,RNF19A,0
RIF1,ZBTB3,0
ELL2,ETV6,0
SOX2,HMGB2,0
RYBP,POLR1C,0
JUN,CREB3L2,0
NR4A1,HKDC1,0
BAZ1A,KLF6,0
MYCN,NR3C1,0
JUN,MYCN,0
ZIC3,TAF6L,0
MAPK8,CLDN6,0
NR4A1,E2F6,0
PRDM14,PRSS35,0
KLF2,SERPINH1,0
REST,CNOT8,0
TRIM28,RAI14,0
NONO,MCM7,0
NR4A1,KAT6B,0
MTF2,P3H4,0
HDAC1,NUPR1,0
HEXIM1,MYLPF,0
GLI1,HIVEP2,0
CHD7,GJB3,0
ZFP42,PAX1,0
GLI2,KDM5B,0
MPHOSPH8,BCAM,0
DPPA2,TET1,0
ZFP57,IFITM1,0
MPHOSPH8,RRM2,0
TFE3,STAT5B,0
PHC1,RBPJ,0
HEXIM1,KAT2B,0
SMARCC1,LRP2,0
SMARCAD1,GJA1,0
SMARCAD1,POU5F1,0
GATA4,SLC7A6,0
SIN3A,RCN3,0
JUN,SHKBP1,0
RIF1,RAB3IL1,0
GLI1,AU018091,0
ZFP42,FAM129B,0
HDAC1,NFATC4,0
SMARCAD1,FN1,0
GLI2,MYO6,0
SMAD3,BEX1,0
RIF1,KRT8,0
ZFP57,TCEA1,0
CBX8,KLF6,0
CTCF,CCND1,0
SMARCA4,POLR3B,0
NR0B1,HDAC11,0
PHC1,CBX7,0
NFYB,MEN1,0
BAZ1A,MYCN,0
NFYA,POU6F1,0
E2F1,ETS1,0
MAFK,KAT2B,0
BAZ1A,NFATC4,0
NFYB,CCND1,0
MYCN,TXNDC12,0
GLI1,JARID2,0
SOX17,POU6F1,0
TET2,PHB2,0
NR0B1,CNOT6,0
SALL1,BRD7,0
NACC1,POLR2A,0
ELL2,NFATC3,0
NRF1,GM10039,0
DAXX,CALCOCO2,0
MAPK8,THBD,0
ZFP42,AU018091,0
SMARCC1,TCEA1,0
KLF2,NRF1,0
DAXX,FOXH1,0
KDM5B,HMGXB3,0
NONO,NUPR1,0
PARP1,TMED2,0
GATA4,MAZ,0
SOX17,HSF2,0
HDAC1,CBX8,0
SMARCA4,TNK2,0
SALL1,FLRT3,0
RYBP,RLIM,0
SMARCA4,BMI1,0
ELL2,TIMELESS,0
ZFP42,BACH2,0
MAFK,HMGB2,0
GTF3C1,SMAD4,0
RIF1,MORF4L2,0
CBX7,IFITM1,0
HDAC2,TAF6L,0
GLI2,YEATS4,0
CHD7,MEF2C,0
NONO,SMURF1,0
GLI1,THBD,0
GLI2,MED4,0
E2F1,EBF4,0
SMARCC1,TAGLN2,0
SALL4,PAPOLA,0
MPHOSPH8,ID3,0
PARP1,NSD1,0
NFYB,JDP2,0
SMARCAD1,MANF,0
TET2,ZFP768,0
PARP1,ILF2,0
HDAC3,FOXQ1,0
CBX8,PRRX2,0
ELL2,ANP32A,0
ZFP42,CTNNBIP1,0
EP300,PLAGL2,0
DPPA4,CALCOCO2,0
CNOT3,MANF,0
MAPK8,SRSF6,0
MYCN,BMI1,0
REST,PA2G4,0
ELL2,DPPA4,0
RYBP,NPHS1,0
TRIM28,PHF20,0
NFYB,ADAMTS9,0
TET1,KANK3,0
HDAC1,NR2F6,0
SMARCC1,HDAC2,0
HEXIM1,POU6F1,0
ZFP57,MCM7,0
SALL4,P4HB,0
JUN,POLR2H,0
EHMT2,ORC2,0
EHMT2,HIST1H2AI,0
MTF2,CALCOCO2,0
PRDM14,CENPB,0
ARID1A,CNOT2,0
NR0B1,YBX1,0
SOX17,YEATS2,0
EP400,PHLDA3,0
NR0B1,APEX1,0
NFYA,FAM129B,0
MAFK,PHF2,0
MYC,SMURF2,0
PARP1,ZMYND11,0
RIF1,TFEB,0
ZFP57,NDRG4,0
PRDM14,TXNDC12,0
YEATS4,CDC5L,0
KDM5B,HDAC11,0
MYC,TDGF1,0
ARID1A,SATB1,0
NFYA,TCF7L2,0
MAFK,NME2,0
E2F1,PEG3,0
HDAC2,GDPD5,0
GLI1,PSIP1,0
PHC1,RBL1,0
REST,MORF4L2,0
MAFK,PAWR,0
CBX8,MEF2D,0
SMARCC1,RARA,0
YEATS4,LEFTY2,0
DPPA2,GLUL,0
RIF1,NSD1,0
SMARCAD1,SRGN,0
ELL2,ING3,0
NR0B1,MATR3,0
MPHOSPH8,RERE,0
YEATS4,SORD,0
RARA,ATM,0
GLI2,EMX2,0
REST,ELK1,0
GLI1,LDHB,0
NR4A1,YEATS2,0
ELL2,APP,0
ESRRB,CTNNBL1,0
NONO,ME1,0
SMARCAD1,KLF10,0
TET2,IFI30,0
ZIC3,TRIM13,0
TET2,HDAC11,0
NACC1,TMEM150A,0
KLF2,EPHA4,0
MTF2,PLOD2,0
MYCN,FAM234A,0
EHMT2,CST3,0
TET2,CNOT3,0
JARID2,SPRY2,0
HDAC2,POU6F1,0
RARA,TGFB1,0
MTF2,RFX2,0
TBX3,COMMD3,0
EP400,SNORD32A,0
JUN,CKB,0
DR1,NANOG,0
PARP1,TAF10,0
NFYA,SCMH1,0
EP300,PLA2G1B,0
HCFC1,PFKP,0
SOX17,ELF4,0
ARID1A,NFATC3,0
SMARCA4,MKRN1,0
MTF2,MTA3,0
TET2,TRIM32,0
HDAC2,TCF20,0
SALL1,TRIM28,0
JUN,SATB2,0
SMARCC1,CALD1,0
OTX2,ZFP296,0
E2F4,HDAC7,0
HDAC1,BNIP3,0
MAPK8,E2F4,0
HDAC2,RARA,0
EED,NAA15,0
PHC1,MORF4L2,0
ZIC3,POLR2B,0
MED12,GTF2A1L,0
MAFK,ZYX,0
RIF1,SMAD7,0
NR4A1,NFATC4,0
CTCF,PAX1,0
GLI1,ARNT2,0
SMAD2,MORC4,0
NR4A1,NCOA3,0
DPPA4,CHD5,0
KLF4,SLC6A6,0
ZFP42,ID2,0
TRIM28,ZDHHC16,0
SMARCC1,SMURF1,0
NACC1,FOXO3,0
RYBP,TRIB3,0
ESRRB,EDA2R,0
ELL3,MAPK11,0
SALL1,SSB,0
CHD7,UTF1,0
SMAD2,COL4A2,0
ELL3,FDPS,0
HDAC1,NFIA,0
TBX3,BTG2,0
KLF4,P3H4,0
ZIC3,FRRS1,0
SOX17,DCP1A,0
GATA4,YEATS4,0
MPHOSPH8,ANXA2,0
KDM5B,MEF2D,0
NR4A1,KRT8,0
CTCF,FUS,0
CHD4,HES1,0
RIF1,MYC,0
MAPK8,TCF7L2,0
BAZ1A,MKX,0
SMAD3,DR1,0
YEATS4,ZFP57,0
MED12,ELF4,0
KLF2,E2F4,0
NR4A1,STARD8,0
NFYB,EPHA2,0
CBX8,ANXA5,0
MPHOSPH8,TRIB3,0
NONO,FOXP1,0
GATA4,PAWR,0
CHD7,D230025D16RIK,0
DPPA2,NR1D2,0
ZFP57,ILF2,0
BAZ1A,ZFP462,0
RIF1,KDELR3,0
GTF3C1,ZBTB20,0
GTF3C1,B2M,0
CBX7,POLR1C,0
PARP1,MLXIP,0
RARA,POLR2E,0
DPPA4,TRIM25,0
BAZ1A,NDRG4,0
CNOT3,RLIM,0
KDM5B,MED21,0
GLI1,AKR1B8,0
MYC,NFATC2IP,0
SALL1,MAML1,0
EHMT2,NCOR1,0
HDAC2,IMPDH1,0
MTF2,HES1,0
CBX8,KLF13,0
GATA4,NRIP1,0
HCFC1,POU4F2,0
ELL2,RNF14,0
TGIF1,BTG1,0
DAXX,BCL3,0
SMARCC1,KLF6,0
KLF4,CITED1,0
E2F4,NR0B1,0
DPPA2,POU2F1,0
NR0B1,MORF4L2,0
EHMT2,PHLDA3,0
PARP1,CHD5,0
NFYB,CRIP2,0
DAXX,ETV3,0
ELL2,BIN1,0
NFYA,TUBB6,0
MEN1,CCNB1,0
MAPK8,PCOLCE,0
HDAC3,MITF,0
HDAC3,NFKB2,0
RYBP,SDC4,0
PARP1,KDM3A,0
JUN,MAZ,0
TET2,CREB3L2,0
SOX17,FGF3,0
MPHOSPH8,ETV5,0
MAPK8,DPPA2,0
EED,MORC4,0
TRIM28,HDAC4,0
MYCN,FRRS1,0
ARID1A,CHD5,0
NACC1,ZBTB7A,0
RYBP,SLC5A11,0
EED,GABPA,0
TET2,ATF3,0
PARP1,PRDM14,0
NFYA,SEMA4C,0
CTCF,POLR1C,0
JUN,IKBKB,0
SMARCA4,NOTUM,0
MEN1,NSD2,0
MAPK8,BRCA2,0
CBX7,AKR1B8,0
ELL3,EPAS1,0
KLF2,CTNNB1,0
DAXX,KPNA2,0
NACC1,SNAI1,0
CHD7,CEMIP,0
MPHOSPH8,ZBTB24,0
ELL3,NUP210,0
HDAC2,ATP13A3,0
REST,MT1,0
RARA,PCBD1,0
MPHOSPH8,RUVBL1,0
PRDM14,TINAGL1,0
TFE3,ZFP148,0
RIF1,SOX2,0
DPPA2,ERCC3,0
HDAC1,ZFP148,0
HDAC3,PLTP,0
ELL3,ORC2,0
MPHOSPH8,TCF7,0
ELL3,NFE2L2,0
CHD7,KANK2,0
ZFP281,DPPA2,0
BAZ1A,HSBP1,0
DPPA4,SLC25A5,0
MTF2,PLA2G1B,0
HDAC3,DTX1,0
NR4A1,TPM4,0
NONO,HDAC4,0
MAPK8,KLF15,0
HDAC2,POLR2K,0
ARID1A,FOXQ1,0
CBX8,TCL1,0
ELL2,TPD52,0
JUN,TRIM24,0
RNF2,HEXIM1,0
ZFP42,SALL1,0
CNOT3,MRAS,0
ELL2,SMAD3,0
DAXX,RBMX,0
MAFK,KLF3,0
SOX17,MAML1,0
NFYB,SEC24D,0
TFE3,RBMX,0
RYBP,ADAM19,0
CHD7,DCXR,0
SALL4,RHOX6,0
CBX8,MPHOSPH8,0
TBX3,ATF6,0
CNOT3,FXR1,0
KDM5B,VEZF1,0
DPPA4,ECD,0
KLF2,RAB3IL1,0
GATA4,PAX8,0
MEN1,MSX2,0
MAPK8,EP300,0
HDAC2,ZSWIM4,0
MAPK8,POLR1A,0
SMARCA4,EBF1,0
JARID2,TGIF1,0
TET2,STXBP2,0
NFYA,NR2F2,0
EP400,RBMXL2,0
SMARCAD1,MAML3,0
CBX8,FRRS1,0
EP400,ELL2,0
NFYB,CRABP2,0
EP400,CLDN6,0
MYCN,CALD1,0
HDAC1,LDHB,0
CBX8,NCOA3,0
KDM5B,POLR2E,0
NFYA,RNF2,0
TGIF1,SNAI1,0
REST,GLIS2,0
ELL3,DDB1,0
MAPK8,TRIM25,0
NFYB,FUBP3,0
CBX7,FRRS1,0
DPPA2,CUBN,0
BAZ1A,PTPN14,0
SMARCAD1,ELP2,0
MEN1,LTBP4,0
HDAC1,DKK1,0
TBX3,SMAD4,0
GLI1,POU4F1,0
KLF2,SUZ12,0
SOX17,RUNX3,0
SALL1,SLC7A6,0
PRDM14,SLC5A11,0
ZIC3,CRIP2,0
JUN,POLR3D,0
TGIF1,NRG1,0
SOX2,HMGXB3,0
NONO,POLR3D,0
SMARCAD1,LRRK1,0
DR1,POLR1E,0
E2F4,GTF2H4,0
ELL2,THRAP3,0
CBX7,ZFP296,0
GLI1,CTSL,0
NONO,HSF2BP,0
RIF1,CITED1,0
EED,SIRT1,0
MTF2,HDAC3,0
SMAD2,PDCD4,0
PARP1,SIRT1,0
SALL1,RHOX6,0
CBX7,RB1,0
SALL4,NFXL1,0
PRDM14,ERF,0
KLF2,ETV4,0
SALL1,ZDHHC16,0
DPPA2,NR1D1,0
JUN,NUPR1,0
REST,SOCS2,0
PRDM14,CRY1,0
HDAC2,HOPX,0
HCFC1,GAS6,0
MAPK8,ZFP979,0
BTAF1,KANK3,0
MTF2,HDAC2,0
KLF2,GLMP,0
SALL4,PDCD11,0
HDAC1,PAX8,0
MTF2,KLF8,0
SALL1,PRDM5,0
MPHOSPH8,CREB3,0
REST,RRM2,0
POU5F1,BASP1,0
MYCN,EBF1,0
EED,SLC5A11,0
PARP1,SSBP4,0
ZIC3,HMGB2,0
SOX17,THRAP3,0
GLI2,BCLAF1,0
ELL2,CTBP1,0
PRDM14,HSPA5,0
MAPK8,KLF13,0
NFYB,TRIP11,0
GLI2,SRRT,0
NFYB,TFEB,0
MYCN,ZBTB20,0
GLI2,IRF1,0
CBX7,PMS1,0
EHMT2,KHDC3,0
EED,EGR1,0
NFYA,HDAC7,0
TFE3,YAF2,0
DAXX,NFX1,0
HDAC1,SOX7,0
JUN,BMPER,0
NFYB,ID4,0
SMAD3,HNF4A,0
GLI2,TSPAN9,0
PARP1,MYBBP1A,0
JUN,MARC2,0
EP400,MOV10,0
NONO,AMOTL2,0
BAZ1A,SMARCC1,0
EP400,APBB1,0
MYC,POLR2K,0
CTCF,LEFTY2,0
CHD4,SRGN,0
GTF3C1,SNORA68,0
TRIM28,EZH1,0
SMARCA4,GTF2I,0
MAPK8,DDB2,0
ESRRB,RB1,0
SMARCC1,SSBP4,0
MTF2,DDX54,0
DR1,NUPR1,0
ESRRB,YAF2,0
BAZ1A,MED15,0
CBX8,HSF2BP,0
TRIM28,HNRNPK,0
ZFP57,ARL6IP5,0
MYC,MANF,0
DPPA4,MORF4L2,0
PRDM14,TUBA4A,0
PRDM14,GATA3,0
JUN,JDP2,0
CTCF,HDAC2,0
PRDM14,SNORD32A,0
SALL1,SRGN,0
TET1,DPPA2,0
NONO,NCOA3,0
DR1,RPL22L1,0
SMARCA4,SMARCD1,0
TBX3,PRRX2,0
RARA,NR1D2,0
JUN,HDAC1,0
EHMT2,ABTB1,0
ARID1A,HSF2,0
RYBP,PLOD2,0
RYBP,CDC20,0
TRIM28,SNORD93,0
MEN1,TAF5,0
JARID2,HNF4A,0
CHD7,IFITM1,0
MAFK,MYLPF,0
KLF2,PSIP1,0
MTF2,MYD88,0
SALL4,EHMT2,0
ZFP42,SPOCK1,0
HDAC1,KLF4,0
CHD7,MOV10,0
YEATS4,PTPN14,0
SMARCAD1,FIZ1,0
NACC1,KDELR3,0
RARA,RARG,0
KLF2,FRMD4A,0
BAZ1A,SMARCA2,0
ELL3,E2F4,0
MAPK8,TRP53BP1,0
SMARCC1,SOX7,0
GLI1,LAPTM5,0
EHMT2,MYO6,0
TFE3,CNOT3,0
MAFK,F3,0
DAXX,IFITM2,0
MYCN,2410141K09RIK,0
KLF2,ID2,0
ELL2,KLF9,0
HDAC3,COL27A1,0
RYBP,NEDD4,0
YEATS4,RRM2,0
HCFC1,ZFP592,0
ARID1A,BRWD1,0
MPHOSPH8,LMF2,0
KLF2,L3MBTL2,0
JUN,BTBD11,0
ELL3,SMARCD1,0
MTF2,CREB3L2,0
SALL1,PHF1,0
TRIM28,TGFB1,0
TBX3,CTSZ,0
TRIM28,GM10039,0
MAFK,BAZ1A,0
TFE3,SPARC,0
ZIC3,IRF6,0
TET2,SIN3A,0
NONO,SLC25A4,0
CNOT3,ESPL1,0
JUN,CMKLR1,0
YEATS4,ZBTB10,0
ELL2,P4HA2,0
GLI1,GJB3,0
SMARCA4,CHST15,0
ESRRB,SPARC,0
SMARCAD1,NPHS1,0
SUZ12,TAF1A,0
PARP1,TRIM28,0
MED12,AES,0
PARP1,GLMP,0
DAXX,EBF1,0
SALL4,UBTF,0
DPPA4,NR4A1,0
NR0B1,TBPL1,0
BAZ1A,MEIS3,0
SALL1,CALCOCO1,0
SMARCAD1,POLR2B,0
NR4A1,BCAT1,0
SMARCAD1,GRB10,0
TET1,GTF2H4,0
CNOT3,MEIS1,0
NR4A1,DUSP9,0
RYBP,ASXL1,0
RIF1,GABBR1,0
ELL3,SND1,0
RARA,SATB1,0
NONO,AIP,0
MPHOSPH8,HSP90B1,0
RYBP,PRDM1,0
GLI1,OVOL1,0
OTX2,TNS4,0
HDAC1,HIF3A,0
DAXX,RUVBL1,0
PRDM14,TENM4,0
TBX3,SELENOW,0
EED,NFE2L1,0
TET2,DAZAP2,0
SMARCC1,AIP,0
HCFC1,TIMP2,0
DPPA4,HSPB1,0
JUN,CNOT6,0
SMARCC1,NR2F2,0
HDAC2,STARD8,0
RIF1,KAT6B,0
ZIC3,MCM3,0
CHD4,EFEMP2,0
MTF2,TSPAN9,0
MYCN,SIRT1,0
CNOT3,OTX2,0
MYCN,ILF3,0
TET2,LY6G6E,0
TBX3,HEY2,0
CBX8,BMP4,0
BAZ1A,RBMX,0
TRIM28,GZF1,0
MYC,BNIP3,0
GLI1,MYH9,0
YEATS4,BCAM,0
MAFK,JDP2,0
KLF2,GJB3,0
EED,TBL1X,0
GLI2,EBF4,0
SMAD2,TSHZ3,0
SUZ12,MANF,0
HDAC2,LMO4,0
KLF4,ZFP277,0
SMARCA4,IGF2,0
RIF1,TAF6L,0
CBX8,POLR3D,0
DAXX,ZFP987,0
HDAC2,APBB1,0
PRDM14,MAML3,0
CNOT3,MEF2A,0
KDM5B,ANXA5,0
SOX17,CRIP2,0
MAFK,AU018091,0
TBX3,TCF20,0
NONO,TCF7,0
EZH2,CMKLR1,0
NR4A1,MORC4,0
ELL3,SURF4,0
NR0B1,NR1H2,0
MEN1,COL27A1,0
TET2,PLOD1,0
NONO,CRY1,0
DPPA4,SNORA26,0
ELL2,NDN,0
RYBP,H1F0,0
SMAD2,NPHS1,0
TRIM28,ZBTB32,0
GLI2,CTNNBL1,0
TRIM28,BASP1,0
CNOT3,POU2F1,0
GATA4,CLCN5,0
EHMT2,ELF4,0
TFE3,ZFHX3,0
YEATS4,EGR1,0
SUZ12,PATZ1,0
SMAD3,TINAGL1,0
NONO,ZFP277,0
DPPA2,BRCA2,0
GATA4,ZBTB43,0
EED,AU018091,0
GATA4,ATP13A3,0
DAXX,TGFB1I1,0
GLI2,TAF5,0
CHD4,ESRRB,0
CBX8,BCL3,0
REST,BRWD1,0
SOX2,SELENOW,0
CBX7,AGAP3,0
YEATS4,POU4F2,0
NONO,MKRN1,0
DPPA4,FGF10,0
JUN,MXD4,0
MEN1,GLMP,0
KDM5B,ECD,0
MEN1,PLOD3,0
MEN1,MAPK3,0
E2F4,HSPH1,0
CNOT3,POLR3F,0
ELL2,CTSD,0
TET2,ARNT2,0
EED,MEIS3,0
DPPA4,XAB2,0
CNOT3,2200002D01RIK,0
MTF2,HIST1H2AF,0
TBX3,YAF2,0
EHMT2,ETS1,0
TGIF1,RBM14,0
GATA4,TFEB,0
SALL1,TMEM144,0
ELL2,SERTAD2,0
JUN,SIX5,0
DPPA4,IRF2,0
MPHOSPH8,ZFAND3,0
SALL4,ATP13A3,0
CBX7,HSP90AA1,0
CHD4,PLOD3,0
RIF1,FOXO1,0
EHMT2,NFATC3,0
SALL4,L1TD1,0
NONO,FAM25C,0
SALL4,CELF3,0
E2F4,MYBBP1A,0
SMARCAD1,ANKRD49,0
PHC1,ZDHHC16,0
PARP1,CTSA,0
MAPK8,TIMELESS,0
KLF4,ZFP987,0
NONO,ITGA6,0
CHD4,PDPN,0
SMARCC1,TLE1,0
HDAC1,BACH2,0
REST,DNAJC10,0
SMARCC1,MTA3,0
KLF2,RRM2,0
POU5F1,TTF2,0
RNF2,SLC9A6,0
CNOT3,FGF10,0
MAFK,FXYD3,0
KDM5B,PGA5,0
EED,MEF2D,0
EHMT2,DCXR,0
REST,NOTCH2,0
TFE3,RBPJ,0
ZFP57,BACH2,0
ARID1A,TRIM13,0
CBX7,ATF2,0
MPHOSPH8,AIP,0
HDAC3,GTF2H4,0
CHD7,ZBTB43,0
NFYA,SNURF,0
NR0B1,SRI,0
JARID2,TAF9,0
GLI2,COTL1,0
NR4A1,ISYNA1,0
CBX8,RRBP1,0
EHMT2,L1TD1,0
NANOG,SOX17,0
DAXX,TGIF1,0
RIF1,CTNNBIP1,0
NFYB,TCEA3,0
ELL3,FXYD6,0
CNOT3,DCP1A,0
TBX3,ZBTB43,0
MEN1,FGFR3,0
MAPK8,SNAPC3,0
EHMT2,SMARCA4,0
ZFP57,THRAP3,0
KLF4,PRDM5,0
SMARCC1,TMSB4X,0
SALL1,PAX8,0
CNOT3,ORC2,0
HDAC1,SOX4,0
REST,EOMES,0
MAPK8,LMF2,0
NACC1,ZFP335,0
EHMT2,GJA1,0
NRF1,YAF2,0
NONO,CTSA,0
GLI2,TRIM25,0
SMAD3,TCF7L2,0
ZIC3,NOTCH4,0
NR0B1,MCM2,0
TET2,PLAG1,0
DPPA4,CDC20,0
TFE3,AMPD2,0
CHD7,TET1,0
NFYA,MAPK11,0
UTF1,PLA2G1B,0
SMARCAD1,PATJ,0
ARID1A,KLF8,0
EHMT2,ASNS,0
SMARCC1,CCN2,0
SOX2,TEAD1,0
HDAC2,MSH6,0
CHD4,TCL1,0
TET2,TCF7,0
SOX2,PRSS35,0
RARA,SP8,0
NFYA,TSG101,0
RYBP,EWSR1,0
HDAC3,NCOA3,0
SALL1,SIN3B,0
YEATS4,CCNG1,0
RARA,TRH,0
NACC1,HDGF,0
SOX2,BACH2,0
EHMT2,TFE3,0
TCF12,FXYD3,0
DPPA4,PLOD3,0
MAPK8,PIAS2,0
SMARCC1,SELENOW,0
MYC,NR4A1,0
YEATS4,DPP4,0
NFYB,TXNDC5,0
SALL4,RNF6,0
ESRRB,RBL1,0
DPPA2,PELP1,0
MAFK,ELL3,0
RARA,VSIR,0
EHMT2,TRIM25,0
CTCF,PELP1,0
TGIF1,AMPD2,0
NR4A1,ARHGAP29,0
SALL4,FDPS,0
BAZ1A,ARHGAP29,0
TCF12,FOXO1,0
ARID1A,NDRG1,0
JUN,COPS2,0
YEATS4,NANOG,0
CHD4,PLOD1,0
KLF4,EYA1,0
MYC,BTBD11,0
EED,GLIS2,0
PHC1,LAMA1,0
DPPA4,STXBP2,0
SMARCA4,PEG3,0
SMARCC1,ALPL,0
MAFK,NID1,0
ELL3,TBX18,0
ELL2,CALCOCO2,0
PARP1,FUBP3,0
MYCN,MAZ,0
SMARCAD1,RBMX,0
SMARCC1,HDAC11,0
NFYA,CTNNB1,0
RIF1,PAWR,0
SOX2,ZFP276,0
KLF2,PFKP,0
SOX17,PLRG1,0
KLF2,RBM14,0
SALL4,H1F0,0
PHC1,P3H4,0
YEATS4,JMJD1C,0
MAPK8,PRDM14,0
GLI2,FGFR3,0
E2F1,TIMP3,0
ZFP42,CHD7,0
TET1,FXYD3,0
PRDM14,BMPER,0
CBX8,HMGXB3,0
NACC1,TUBB6,0
ELL2,PDK1,0
NFYB,CTBP1,0
GLI1,ADAM23,0
OTX2,HEXIM1,0
SALL4,NUPR1,0
CBX8,ILF2,0
HDAC2,NKRF,0
EP400,GZF1,0
SMARCC1,HSF2,0
TBX3,ZMYM2,0
SOX17,TCERG1,0
CBX8,ANKS1,0
SALL4,POLR2H,0
CBX8,ITGA6,0
HDAC3,ATP6V0A1,0
DPPA2,SNORA26,0
EZH2,ELK1,0
E2F4,RNF157,0
TET2,KLF2,0
SALL4,POLR1B,0
MTF2,RBL1,0
GLI1,TRIM32,0
SOX17,PMS1,0
NONO,FN1,0
TET1,LAPTM5,0
BAZ1A,ZBTB32,0
EED,NACC1,0
NFYA,NFXL1,0
SMAD2,MYCN,0
EED,POLR2I,0
TET2,SLC7A3,0
NFYA,FGF3,0
ZIC3,DAZAP2,0
REST,ILK,0
SMAD3,SGK1,0
MAPK8,TCEA1,0
PARP1,COPS2,0
YEATS4,SMARCD1,0
SOX2,MEIS3,0
ZIC3,CCNG1,0
EP400,RFX2,0
SOX2,ZHX3,0
NR4A1,STAT4,0
MEN1,MEF2D,0
YEATS4,TBPL1,0
DR1,GATAD2B,0
ZFP42,CRIP2,0
BAZ1A,SALL1,0
EP400,ELF1,0
SALL1,SRM,0
SOX2,XRCC6,0
CBX7,MATR3,0
JARID2,USF1,0
HDAC2,ECT2,0
GLI2,TFCP2L1,0
CNOT3,SNORA68,0
NR4A1,MEG3,0
CTCF,E2F4,0
NFYB,FOXJ2,0
CHD7,SNAPC3,0
CHD4,MAZ,0
RYBP,B2M,0
NR0B1,HSF2,0
ZIC3,CRY1,0
ZIC3,SLC26A10,0
HDAC1,TBPL1,0
MEN1,HIST1H3H,0
CNOT3,CRAMP1L,0
NFYB,BCAM,0
KLF2,FDPS,0
PHC1,GJB3,0
HDAC1,HDAC11,0
GLI1,ZBTB3,0
EHMT2,CDC5L,0
EHMT2,ATF2,0
SUZ12,HMGA1B,0
RARA,HMCES,0
MPHOSPH8,ZSCAN10,0
GATA4,NR3C1,0
TET2,SMAD7,0
ELL2,TBX3,0
SMARCC1,CREB3L2,0
SMAD3,ZFP592,0
NRF1,SRI,0
REST,COTL1,0
MEN1,NOTCH4,0
CHD7,DAXX,0
KDM5B,SUB1,0
CHD7,PAX1,0
DPPA4,CTBP2,0
PARP1,CALU,0
SMARCAD1,TMED2,0
ZIC3,ADAM23,0
HDAC2,MCM2,0
SMARCC1,YEATS2,0
KLF2,CUX1,0
E2F1,SELENOW,0
TBX3,HIP1,0
SMARCA4,TMSB4X,0
ARID1A,MITF,0
TET2,FGF10,0
MYCN,CNOT6,0
SOX17,HSF2BP,0
NFYA,TIMP2,0
MTF2,GPX3,0
ARID1A,IFITM3,0
MPHOSPH8,KHDC3,0
SMARCC1,TAF9,0
PARP1,OTX2,0
ELL2,DDB1,0
KDM5B,TRIP11,0
MAFK,TAF10,0
GLI2,JUN,0
DAXX,P4HA1,0
CBX7,ATF6,0
SMARCAD1,SGK1,0
MYC,DPPA4,0
MTF2,SP1,0
CBX8,SAP30,0
MPHOSPH8,DNAJC2,0
HCFC1,ANXA5,0
PARP1,HIST1H4K,0
GATA4,ZFP446,0
KLF2,HDAC10,0
MTF2,GM10039,0
MAPK8,CENPB,0
TFE3,EED,0
HDAC3,SMARCC1,0
SMARCAD1,ETS1,0
E2F4,ZFP768,0
CHD7,PLAG1,0
BAZ1A,TFAP4,0
JUN,KLF10,0
NFYA,TRIM28,0
GLI2,DDX5,0
RIF1,RUNX3,0
NACC1,SLC9A6,0
KLF2,NAA15,0
MAPK8,MBD2,0
ZFP57,SMURF1,0
RARA,RNF157,0
RIF1,SHROOM3,0
SMAD3,SLCO3A1,0
SALL1,RBMX,0
ELL3,ALG13,0
EED,ADAM19,0
CHD4,HSP90AA1,0
SUZ12,RLIM,0
NFYB,NID1,0
SMAD3,HSBP1,0
TFE3,RAD54B,0
NACC1,TCL1,0
HDAC2,COTL1,0
NACC1,CDC42SE2,0
SOX17,HIST1H2AK,0
NR4A1,E2F2,0
NFYA,LY6G6E,0
SALL4,CDC20,0
KLF4,MYO7A,0
SMAD2,ZFP281,0
MTF2,EDEM1,0
EP400,ANXA5,0
HDAC2,GABARAPL2,0
JUN,FOXJ2,0
CNOT3,MITF,0
REST,SUB1,0
ARID1A,SMARCA2,0
EHMT2,LRRK1,0
HDAC1,GATAD2B,0
SOX17,SERPINE2,0
TET2,CALD1,0
HDAC1,PHB2,0
EED,LAMB2,0
NR0B1,TBX18,0
NR0B1,TEAD1,0
GLI2,PARVB,0
NONO,SKIL,0
TFE3,KDM3A,0
REST,NFATC2IP,0
YEATS4,FABP3,0
EP400,GDPD5,0
GATA4,RUVBL1,0
SALL1,IFITM3,0
DPPA4,HTRA1,0
ELL2,GABPA,0
EP400,ME1,0
GATA4,EHMT2,0
KDM5B,SCMH1,0
EP300,LAMA5,0
MAPK8,LY6G6E,0
ZFP57,CALD1,0
SALL1,ARNTL,0
TGIF1,INSIG1,0
DAXX,GTF2H3,0
RYBP,SP1,0
GATA4,IRF4,0
PHC1,SOX17,0
PHC1,PDCD4,0
NACC1,NR1D2,0
ZIC3,EGR1,0
SOX17,TET2,0
MEN1,AMOTL2,0
ZIC3,GTF2A1L,0
ZIC3,SFPQ,0
JARID2,GLMP,0
RIF1,CALD1,0
JARID2,NOTCH4,0
RYBP,BTAF1,0
ELL2,TFAP2C,0
SALL4,GATA3,0
GATA4,TINAGL1,0
TET2,MCM6,0
KDM5B,CHCHD10,0
YEATS4,ELL3,0
RIF1,SPP1,0
PHC1,PLTP,0
SALL1,ZFP57,0
HDAC1,HDAC7,0
MPHOSPH8,SNAPC3,0
E2F4,PTH1R,0
ELL2,LDLRAP1,0
MPHOSPH8,RFXAP,0
EP400,YEATS2,0
EHMT2,TBL1X,0
MPHOSPH8,GJA1,0
GLI2,ZFP36L1,0
GTF3C1,EDA2R,0
KLF4,TMEM144,0
GLI1,TXNDC5,0
CNOT3,EMX2,0
HDAC2,SMARCA2,0
MEN1,PLRG1,0
YEATS4,ERCC8,0
GATA4,NDRG1,0
EP400,TMED2,0
KLF4,ELK1,0
BAZ1A,DDX20,0
MPHOSPH8,CNOT8,0
DAXX,MYO6,0
SALL1,ZMYND11,0
CBX7,FAM129B,0
MAFK,OBSL1,0
DPPA2,CTNNBL1,0
GLI2,ZFYVE21,0
PHC1,HSPH1,0
MYCN,ITPK1,0
TBX3,GTF2I,0
SMARCAD1,CALD1,0
RIF1,RB1,0
EP400,HDAC5,0
EP400,ANKRD6,0
GATA4,CKAP4,0
MPHOSPH8,GPX3,0
DAXX,TDH,0
SOX2,KEAP1,0
RYBP,BRCA1,0
SMARCC1,LAMC1,0
JARID2,SNORD93,0
EHMT2,TGFB1,0
SALL1,HKDC1,0
GLI2,RYBP,0
MTF2,KDELR3,0
REST,DPP4,0
KLF2,ZFP768,0
HDAC2,ALPL,0
SALL1,RFX7,0
NR4A1,DPPA4,0
NONO,GATA3,0
NFYA,HSP90AA1,0
RYBP,JUND,0
GTF3C1,MCM2,0
GLI2,CLCN5,0
SMARCAD1,PELP1,0
HDAC2,ADAMTS9,0
ELL2,SERPINH1,0
NFYA,PDPN,0
EHMT2,TPM4,0
HDAC2,LOXL2,0
MPHOSPH8,ARL6IP5,0
SALL4,GTF3C5,0
CBX8,POLR3B,0
HDAC2,MEF2A,0
NONO,CNOT7,0
HDAC1,POLR2A,0
PARP1,HNRNPK,0
SALL1,ESRRA,0
ELL3,MYD88,0
MED12,CLDN6,0
SMAD3,HMGA2,0
E2F4,SATB1,0
DAXX,LAMB1,0
SMAD3,TRIM13,0
BAZ1A,SATB1,0
GLI2,NSD1,0
CHD4,TCEA3,0
OTX2,DKK1,0
DAXX,TCF4,0
MTF2,INSIG1,0
SMARCA4,FHL2,0
SMARCA4,AKR1B8,0
GTF3C1,ZBTB32,0
JUN,CTBP2,0
YEATS4,GLI2,0
GLI2,RUNX1,0
JUN,MORF4L2,0
MYCN,HIVEP2,0
GLI1,UBP1,0
HDAC3,XAB2,0
CTCF,HNF4A,0
SMARCA4,HNF4A,0
PHC1,MAPK3,0
PARP1,TPM4,0
CHD7,SREBF1,0
PHC1,PARVB,0
DPPA2,JUND,0
PHC1,PATZ1,0
MYC,FGF4,0
TET2,HDGF,0
TRIM28,POLR3B,0
SALL4,ZFP91,0
HDAC2,KAT2B,0
MTF2,INTS12,0
TRIM28,ALPL,0
OTX2,PRSS35,0
MTF2,CDC5L,0
E2F1,TGFB1I1,0
E2F1,P3H1,0
PHC1,DR1,0
RYBP,RFX5,0
REST,TRIM32,0
CTCF,PCOLCE,0
KLF2,BRD7,0
SMAD3,BRCA2,0
RIF1,HMGB2,0
ESRRB,TAF10,0
REST,DDX54,0
REST,AMOT,0
EP400,AQP8,0
NR4A1,RNF19A,0
BAZ1A,WWTR1,0
RIF1,HDAC7,0
RARA,ZMYM2,0
ELL2,FXR1,0
HCFC1,MEIS3,0
EHMT2,PRDM1,0
KLF2,HTRA1,0
ZFP57,PCBP2,0
HDAC3,PAWR,0
CTCF,ZFP36L1,0
GLI1,KLF3,0
TET2,NR3C1,0
TET2,PHLDA3,0
GLI1,REST,0
CNOT3,MSC,0
NRF1,TXNDC5,0
DAXX,NME2,0
TRIM28,EPAS1,0
SALL1,EMP2,0
NONO,CBX6,0
CBX8,FGF3,0
MYC,KLF8,0
PARP1,RBPMS2,0
DAXX,TET1,0
ZIC3,RLIM,0
MAFK,KLF10,0
SMARCC1,ZFP592,0
BTAF1,RHOX6,0
GLI1,PTH1R,0
SOX2,FOXJ2,0
MYCN,MT2,0
RIF1,SSR3,0
EP300,ZFYVE21,0
GLI1,POLR2B,0
MAFK,POLR1E,0
NACC1,CRY1,0
GLI2,TPD52,0
BAZ1A,DPP4,0
E2F1,CREB3,0
KLF4,CTSL,0
DPPA2,BACH2,0
REST,TUBB6,0
HDAC2,ZBTB24,0
DPPA2,TRIP11,0
SOX17,ELF2,0
TGIF1,THRAP3,0
EP400,CRIP2,0
MYCN,FOXD3,0
E2F4,DTX1,0
SMARCA4,TDGF1,0
BAZ1A,GPX3,0
YEATS4,SALL4,0
NR4A1,TSHZ3,0
ARID1A,CCNG1,0
RIF1,ISYNA1,0
NRF1,SLC26A10,0
SMARCAD1,RARA,0
SMARCAD1,P3H1,0
BTAF1,DPPA4,0
MAPK8,DDX54,0
NR4A1,ARL6IP5,0
HDAC2,GSTA4,0
GLI1,EPAS1,0
TET2,HCFC1,0
RYBP,LOXL2,0
KLF2,NFATC3,0
KDM5B,SHKBP1,0
MPHOSPH8,TTF2,0
PRDM14,HDAC2,0
SMARCAD1,ZBTB38,0
NONO,TLE1,0
YEATS4,DR1,0
SMARCC1,PSIP1,0
YEATS4,NPHS1,0
ZIC3,ID4,0
PRDM14,SORD,0
DPPA2,MAFK,0
RARA,PDPN,0
YEATS4,SNAPC3,0
EED,DNAJC2,0
ELL2,SATB1,0
ELL2,LAMA5,0
TET2,IFITM1,0
MEN1,GLI2,0
KDM5B,STARD10,0
SALL1,TDGF1,0
CBX8,AMPD2,0
GLI2,VIM,0
MTF2,ALPL,0
CTCF,NPHS1,0
DPPA4,SNORD35B,0
GLI2,GATA6,0
KLF2,POLR2H,0
HDAC1,NCOA3,0
OTX2,PAX1,0
PHC1,MAPK11,0
HDAC3,SNORD32A,0
SALL1,RUVBL1,0
PHC1,D230025D16RIK,0
DAXX,B2M,0
DAXX,LEFTY1,0
JUN,CLCN5,0
KDM5B,POLR1A,0
KLF2,MLLT1,0
HDAC2,ANP32A,0
BAZ1A,P4HB,0
GATA4,ZBTB24,0
RYBP,HMGA1B,0
REST,NCOR1,0
HDAC3,PKNOX2,0
RYBP,CITED2,0
KDM5B,CTCF,0
ARID1A,PRDM1,0
DPPA2,KDELR2,0
SMAD3,FAM129B,0
KDM5B,LAMC1,0
HDAC2,SLC25A4,0
GATA4,RBL1,0
DPPA2,ANXA5,0
MAPK8,MIS18BP1,0
EHMT2,ILF3,0
MED12,GLI1,0
SOX17,STARD8,0
CBX7,NFE2L2,0
ELL2,CREB5,0
SMARCC1,AIRE,0
DAXX,SIX1,0
GLI2,CST3,0
YEATS4,MKRN1,0
KDM5B,CUX2,0
RARA,AU018091,0
EED,GTF3C1,0
KLF2,KHDC3,0
SMARCC1,AKR1B8,0
PHC1,IRF1,0
NFYA,TRIB3,0
ARID1A,CREB5,0
CHD7,CKAP4,0
HDAC3,ZFP592,0
CBX7,HIST1H2BB,0
KLF2,RUNX3,0
KDM5B,NFIC,0
PHC1,P3H1,0
GLI1,SMARCB1,0
EHMT2,KHDRBS1,0
KLF2,ARHGEF40,0
CNOT3,E2F2,0
CBX8,LAMA1,0
SALL4,CSF1,0
TGIF1,RAD54B,0
SMARCAD1,TMEM150A,0
DAXX,USF1,0
SMARCAD1,SIRT3,0
SALL1,FIZ1,0
JARID2,ZMYM2,0
DPPA4,NFIA,0
RARA,KANK2,0
HDAC3,TIMP3,0
TBX3,TMED2,0
SALL1,RASGRP2,0
TFE3,POLR1A,0
SMAD3,ASH1L,0
CTCF,SPP1,0
JUN,IMPDH1,0
NR0B1,CBX6,0
TRIM28,CBX6,0
PHC1,GAS6,0
GATA4,FOXP1,0
ELL3,COMMD3,0
NFYB,BRD7,0
JUN,PML,0
E2F4,HNRNPK,0
NFYA,RARA,0
KLF2,FOXH1,0
TFE3,SOX15,0
SOX17,UHRF1,0
ELL2,KIT,0
NONO,TAF9,0
BTAF1,DKC1,0
HEXIM1,NOTCH1,0
CNOT3,FXR2,0
DAXX,ZFPM1,0
HDAC1,RASGRP2,0
CNOT3,RNF6,0
DPPA4,ABHD5,0
EHMT2,OBSL1,0
TRIM28,TAF9,0
CBX8,ZFP423,0
MPHOSPH8,NRG1,0
GLI1,RUNX3,0
MYCN,NFATC3,0
SOX17,MORC4,0
YEATS4,PDIA6,0
HCFC1,COTL1,0
SMARCC1,EPAS1,0
SOX17,PROX1,0
TBX3,MAGED1,0
HDAC3,ULK1,0
TBX3,CRIP2,0
CBX7,ZFP592,0
HDAC3,HSPA5,0
REST,NOTCH1,0
PHC1,KNTC1,0
TET2,ZFAND3,0
DAXX,APOBEC3,0
KLF2,BCL3,0
NFYA,NR2F6,0
GLI2,KAT6B,0
GATA4,NID1,0
EHMT2,HIST1H1B,0
SOX17,NFE2L2,0
NFYA,SNORA68,0
OTX2,MED31,0
MPHOSPH8,HSPA5,0
SALL1,CHCHD10,0
KLF2,MTA3,0
CBX8,RAB11A,0
TBX3,BEND5,0
MPHOSPH8,HOPX,0
ZFP42,ELF3,0
RARA,TRP53BP1,0
SALL1,HNRNPK,0
SMAD2,KLF9,0
MPHOSPH8,NSD2,0
TGIF1,MYO7A,0
ELL3,SRM,0
EP300,ESRRB,0
SALL1,NONO,0
DPPA2,DIDO1,0
NONO,ZFP281,0
MAFK,BARD1,0
RYBP,RBBP4,0
SMARCC1,GRIN1,0
DPPA2,ESRRA,0
SOX17,TOP2B,0
MEN1,ZBTB7A,0
ARID1A,MOV10,0
TET2,ERCC3,0
NFYB,TRP53,0
KDM5B,OVOL1,0
RNF2,CELF3,0
RYBP,KDELR3,0
YEATS4,E2F2,0
ZIC3,GLI1,0
SALL1,ELF3,0
TGIF1,SRGN,0
DPPA4,MED12,0
MAPK8,BEX1,0
TBX3,UCHL1,0
CTCF,STARD8,0
ESRRB,EPS8,0
SMARCC1,POLR2A,0
KDM5B,AES,0
ZIC3,GTF2I,0
SMARCA4,TGFB1,0
HDAC3,MED21,0
HDAC1,RARG,0
NR4A1,RNF2,0
ZIC3,CALU,0
MEN1,TGFB1I1,0
ELL2,ZFP592,0
POU5F1,LRRK1,0
MPHOSPH8,ELF4,0
MED12,NXF7,0
PHC1,SMAD3,0
TFE3,GDPD5,0
TFE3,BACH2,0
BAZ1A,UBQLN2,0
MTF2,WWTR1,0
TCF12,ESRRB,0
ELL2,TNS4,0
KLF2,ZSCAN10,0
NACC1,MAPK8,0
CBX7,ZFP275,0
MAPK8,POU4F1,0
KLF2,LAMC1,0
SMARCAD1,IRF1,0
EP400,KRBA1,0
OTX2,COL4A1,0
PHC1,ZFP91,0
ZIC3,ZFP276,0
JUN,TBPL1,0
NFYA,APP,0
TFE3,CDC42SE2,0
CNOT3,ELF2,0
GATA4,BCAM,0
NACC1,TAF1A,0
JUN,NOTCH4,0
SMAD3,HDAC3,0
MAFK,BRCA2,0
EP400,ANKS1,0
NFYA,SMARCA4,0
MAPK8,FOXO3,0
CNOT3,BAZ1A,0
TET2,PTPN14,0
ZIC3,SRRT,0
EP400,AMPD2,0
SOX17,SOX7,0
MPHOSPH8,FOXO1,0
REST,FXR1,0
EED,NR1D2,0
MYCN,KRT8,0
MAPK8,MSH6,0
CNOT3,TEAD1,0
NFYA,ZBTB38,0
REST,FUS,0
EED,HDAC2,0
SALL4,TADA3,0
NACC1,MITF,0
RIF1,TAGLN2,0
MAPK8,TRIP6,0
SALL4,APBB1,0
MAFK,ZFP275,0
TRIM28,PRDM14,0
PRDM14,OBSL1,0
TET2,MEIS1,0
SALL4,MPHOSPH8,0
SALL4,ZBTB7A,0
E2F4,LAMC1,0
GLI1,DMRT1,0
DR1,HKDC1,0
JUN,HEY2,0
ARID1A,CCND1,0
CHD4,ANKRD49,0
HEXIM1,EBF1,0
EHMT2,FRMD4A,0
MAFK,ZBTB7A,0
GLI1,ELK4,0
SOX17,CNOT3,0
MAPK8,SSR3,0
GLI2,SMAD3,0
DPPA4,HIST1H1B,0
SALL1,HDAC5,0
PHC1,RARA,0
GLI2,ATF1,0
CNOT3,TFRC,0
RYBP,CTNNB1,0
MAFK,ERF,0
CBX8,SNURF,0
MTF2,LMO4,0
MTF2,EP300,0
SALL4,ELF3,0
JUN,TFRC,0
NR0B1,ING1,0
NFYB,SURF4,0
JUN,FGF10,0
MTF2,MED12,0
MTF2,CALR,0
TET2,HDAC10,0
SMAD2,HDAC3,0
GLI2,SAP30,0
DAXX,CEMIP,0
SOX2,P3H4,0
GLI2,FXR2,0
HCFC1,GABARAPL2,0
CHD7,GM10039,0
BAZ1A,HDAC1,0
PHC1,FXYD6,0
EHMT2,ZBTB24,0
SALL1,PLA2G1B,0
HDAC1,KDELR3,0
MAPK8,FABP3,0
GLI1,ZBTB24,0
ELL2,PELP1,0
SMAD3,RBBP7,0
PARP1,TINAGL1,0
HDAC2,SRGN,0
MYCN,ZFP462,0
SALL1,AMOT,0
MYCN,TFCP2L1,0
E2F4,NDRG4,0
RARA,FDPS,0
NFYA,FXYD3,0
TGIF1,TOPORS,0
PRDM14,FOSL2,0
CHD4,PTH1R,0
EP300,TSHZ3,0
MAFK,HSP90B1,0
SMARCAD1,MAPK11,0
ZIC3,POLR2A,0
SMARCAD1,CHCHD10,0
PHC1,KHDC3,0
E2F1,ZFP398,0
EZH2,IRF3,0
GLI1,NFE2L2,0
DPPA2,PDPN,0
CNOT3,GJB3,0
HDAC1,HES1,0
ESRRB,PKNOX2,0
EZH2,RLIM,0
NONO,CCN2,0
CBX7,RLIM,0
MYCN,WDR45,0
NR0B1,FOXQ1,0
GLI2,IKBKB,0
JARID2,HTT,0
CNOT3,ZFP236,0
RIF1,CST3,0
DPPA2,CREB5,0
SUZ12,FAM234A,0
SALL1,GLIPR2,0
JUN,HDAC11,0
ZIC3,KRT8,0
NR4A1,MED31,0
DAXX,HIST1H2AF,0
KLF4,BTG1,0
SMARCC1,ZFHX3,0
HDAC2,TFEB,0
MEN1,KIT,0
POU5F1,TIMP3,0
SMARCC1,MEG3,0
PARP1,TFAP4,0
JARID2,TAF6L,0
PARP1,MPHOSPH8,0
CNOT3,PHF2,0
ELL2,EMX2,0
JUN,PURA,0
REST,PIAS1,0
SALL4,WDR45,0
SMARCAD1,PRDM1,0
CHD4,SNURF,0
CBX8,RAI14,0
JUN,TAF1A,0
ARID1A,RFX5,0
GATA4,CNOT3,0
GATA4,PBXIP1,0
JARID2,CNOT6,0
SMARCAD1,APOBEC3,0
TBX3,MYD88,0
HEXIM1,FDPS,0
EP400,DNMT3A,0
JUN,PA2G4,0
EHMT2,TWIST1,0
GLI2,SIX1,0
REST,D230025D16RIK,0
EP400,BMI1,0
MAFK,HMGXB3,0
CHD4,RNF2,0
MAFK,ETV4,0
BAZ1A,STARD8,0
EP400,KAT6B,0
RYBP,PKNOX2,0
JUN,FHL2,0
DPPA2,SIN3B,0
EED,RPL22L1,0
MYCN,PLAGL2,0
TGIF1,PATJ,0
GLI1,SLC6A6,0
RYBP,POLR3B,0
SALL1,ING3,0
PRDM14,ELF1,0
E2F1,RBL1,0
GATA4,TCOF1,0
TFE3,PRSS35,0
REST,FOXJ3,0
SMAD2,TLE1,0
JARID2,ITGA6,0
DPPA2,PDCD11,0
CTCF,PIAS3,0
NFYB,FOXQ1,0
DAXX,CEBPZ,0
CHD7,SNORD93,0
GTF3C1,FAM25C,0
MYCN,E2F4,0
PHC1,ZFP277,0
NACC1,POU2F1,0
CHD4,MLLT1,0
PHC1,ISYNA1,0
PHC1,TRIM24,0
ESRRB,E2F4,0
KDM5B,YAF2,0
KDM5B,CUBN,0
ELL2,FOXH1,0
HCFC1,GM10039,0
ZIC3,SMAD3,0
PRDM14,TYRO3,0
SALL1,IRF2,0
ZIC3,HMGA2,0
SALL4,PDCD4,0
ELL2,MAPK8,0
DPPA2,TINAGL1,0
KDM5B,BTF3,0
SMARCAD1,PRSS35,0
EED,PRDM1,0
DAXX,NFATC1,0
SALL1,CREB5,0
GLI2,KRT42,0
NACC1,PLAT,0
CBX8,RNF2,0
SALL4,JUN,0
GLI2,ZFP446,0
TFE3,TGFB1,0
MAPK8,B2M,0
SMARCC1,POU2F1,0
MAFK,SPRY2,0
EED,SMARCC2,0
YEATS4,PROX1,0
KLF2,STAT5B,0
KDM5B,UNG,0
POU5F1,JMJD1C,0
EED,CREB3,0
GLI2,OBSL1,0
NONO,PLAG1,0
E2F4,TLE1,0
SOX2,STXBP2,0
SMARCAD1,CUBN,0
DAXX,P4HB,0
TFE3,BNIP3,0
TFE3,CALU,0
KLF4,HMGXB3,0
YEATS4,SPP1,0
MAPK8,D230025D16RIK,0
SMAD3,HNRNPD,0
SALL1,KLF9,0
ELL2,SLC7A6,0
BAZ1A,TFE3,0
DR1,CREBZF,0
JUN,IRF3,0
MAPK8,SATB1,0
PRDM14,POU4F2,0
EED,EWSR1,0
GLI1,MEIS3,0
REST,TOPORS,0
SMAD3,PEG3,0
NFYA,ZFAND3,0
MAPK8,RASGRP2,0
MPHOSPH8,KRT42,0
PARP1,NDN,0
JUN,SEMA4C,0
ARID1A,NR2F2,0
SALL1,PKNOX2,0
SMAD2,RBBP7,0
MEN1,JUN,0
NACC1,IRF2,0
MTF2,MAML1,0
SALL1,AES,0
MYCN,NFATC1,0
TET2,ECD,0
BTAF1,CTNNBL1,0
SOX17,LGMN,0
JARID2,TAF1A,0
ELL2,CNOT2,0
CBX8,PCOLCE,0
NONO,NFKBIA,0
SOX17,PHF1,0
KLF2,HCFC1,0
KLF2,HNRNPD,0
TFE3,BTF3,0
NFYB,CREBZF,0
TET2,MPHOSPH8,0
SMARCAD1,CUX2,0
CHD4,SRSF6,0
CNOT3,MIS18BP1,0
KLF2,HDAC7,0
MAFK,SOX17,0
ELL2,P4HB,0
SMARCC1,DCXR,0
DPPA2,DDX20,0
NONO,SMAD7,0
SMARCC1,RBMX,0
OTX2,IGF2,0
YEATS4,RRBP1,0
KLF2,ELK1,0
MEN1,FBLIM1,0
KDM5B,ATF7,0
RYBP,DNAJC10,0
TFE3,HIST1H2AC,0
RIF1,HDAC10,0
NFYB,CST3,0
TBX3,MYMX,0
PHC1,CRIP2,0
GLI2,HIF1A,0
SALL4,YBX1,0
JUN,SLC6A8,0
BAZ1A,DDB1,0
YEATS4,SIRT3,0
OTX2,ETV4,0
EED,BNIP3,0
PARP1,ZBTB7A,0
NR4A1,RBFOX2,0
PHC1,NANOG,0
SALL4,MAPK11,0
MYCN,NFKB2,0
KDM5B,ZFYVE21,0
SMAD3,ETV3,0
RYBP,SNAPC3,0
SIN3A,IRF4,0
BAZ1A,AKR1B8,0
SALL4,RUNX3,0
KLF2,ERF,0
SMAD2,GRB10,0
ZIC3,SMAD4,0
CTCF,SERPINH1,0
CHD7,POLR2K,0
PARP1,NRG1,0
EZH2,ATM,0
HEXIM1,TEAD3,0
TFE3,DDX58,0
PARP1,MEN1,0
SOX2,FST,0
HCFC1,RUNX3,0
HDAC1,KIT,0
NACC1,KLF6,0
DAXX,IKBKB,0
KDM5B,PHLDA3,0
TGIF1,ZC3H7A,0
DAXX,INTS12,0
HDAC2,RAD54B,0
ARID1A,DNMT3A,0
CHD7,SRRT,0
TBX3,TRIB3,0
MPHOSPH8,EDA2R,0
MAFK,HDAC3,0
TGIF1,PLAT,0
TRIM28,CIC,0
BTAF1,FLRT3,0
MAPK8,ZFP398,0
MYC,SGK1,0
NR4A1,DNAJC10,0
NONO,ADAM19,0
TBX3,GTF2A1L,0
MYCN,RAB11A,0
GLI1,NFIB,0
REST,TRIB3,0
RYBP,LDB1,0
NFYA,TCL1,0
DPPA2,SPP1,0
NR0B1,ZBTB10,0
KLF2,CALU,0
MYCN,SPARC,0
HDAC3,SLC26A10,0
SMARCAD1,TRP53BP1,0
ARID1A,UBTF,0
TET2,ZYX,0
DPPA2,NFATC4,0
ZFP42,ADAMTS9,0
MYCN,SRF,0
EHMT2,AQP8,0
GLI2,TFEB,0
SALL4,SNAPC3,0
DAXX,ASXL1,0
EP400,SPP1,0
MTF2,MATR3,0
RIF1,IRF3,0
SMAD2,DDX54,0
KDM5B,EP300,0
NFYA,MED31,0
DPPA4,SNORA68,0
DPPA4,HMCES,0
SALL4,RPL22L1,0
MAFK,DKK1,0
JUN,HIP1,0
HDAC1,NR1H2,0
KLF2,SPRY2,0
REST,TRRAP,0
ELL2,MOV10,0
BAZ1A,PDIA6,0
RIF1,ANP32A,0
HDAC2,MAPK11,0
RARA,MEN1,0
NONO,HNRNPD,0
NR4A1,IFITM1,0
JUN,BACH2,0
JARID2,PAWR,0
TBX3,RCN3,0
MAPK8,NDN,0
MYCN,MTA3,0
EP400,PDPN,0
SMARCA4,NXF7,0
SOX17,TNK2,0
JUN,NUP210,0
PARP1,RFX7,0
HDAC2,ANKRD54,0
SMARCA4,GLI1,0
YEATS4,MEF2D,0
KDM5B,POLR1E,0
JARID2,POLR2I,0
BAZ1A,JUND,0
TBX3,NFYB,0
NR0B1,TTF2,0
EP400,FXR1,0
TGIF1,ILF3,0
SMARCAD1,PTH1R,0
BTAF1,DPPA2,0
SMARCAD1,BMPER,0
TBX3,HIVEP2,0
OTX2,TFCP2L1,0
ESRRB,EMP2,0
NR4A1,FOXJ2,0
GLI2,PAX8,0
SMAD2,GTF2A1L,0
GLI2,MEF2D,0
RIF1,FOXJ2,0
PHC1,AKT1,0
ELL2,RAB3IL1,0
EZH2,ZFP36L1,0
TBX3,BTF3,0
HCFC1,PHF2,0
NR4A1,CRY1,0
TFE3,AMOTL2,0
HDAC3,SERPINE2,0
ELL3,ZHX3,0
PHC1,TEAD4,0
NR0B1,ZFP462,0
NFYB,LOXL2,0
MYCN,FOXO3,0
DAXX,PHB2,0
RARA,CKB,0
CHD7,SATB2,0
DPPA2,SEPT1,0
MYCN,ALPL,0
TBX3,RCOR2,0
BAZ1A,ZFP423,0
SOX2,ABTB1,0
ZIC3,VILL,0
ARID1A,GLDC,0
GLI2,EDA2R,0
SMAD3,CSF1,0
TBX3,TMEM144,0
NFYA,PRRX2,0
SOX2,DUSP9,0
NFYB,EP400,0
SMARCA4,MYLPF,0
GLI2,POU2F1,0
RARA,EFEMP2,0
SMARCA4,POLR1A,0
SOX17,GTF2H4,0
GLI1,EDEM1,0
TET2,ARHGEF40,0
PARP1,TCF4,0
JUN,JUND,0
MAPK8,ZFP42,0
GLI2,MTA3,0
HDAC1,PKNOX2,0
DAXX,ASS1,0
BAZ1A,APOE,0
CHD4,MPHOSPH8,0
NR4A1,ASH1L,0
ZIC3,NDRG4,0
SMARCA4,PRDM14,0
SIN3A,TNS4,0
MYCN,DEK,0
MAPK8,NFIL3,0
EP400,FDPS,0
SMAD3,RASGRP2,0
HDAC2,PMS1,0
SMARCAD1,TOP2A,0
KLF2,KDM3A,0
KLF2,LAMA5,0
EHMT2,RERE,0
DPPA2,LAPTM5,0
NFYB,UCHL1,0
MAFK,HDAC7,0
GLI1,SMURF2,0
SALL4,IFITM1,0
GATA4,ILK,0
KLF2,ING3,0
ZFP42,LGMN,0
CBX8,TAF1A,0
E2F4,GLI2,0
E2F4,SOS2,0
CHD4,SLC5A11,0
GTF3C1,NR1D1,0
EP400,FOXJ2,0
PARP1,EZH1,0
E2F1,POLR2A,0
SMAD2,MATR3,0
SMAD3,DDX20,0
PARP1,JARID2,0
GATA4,RRBP1,0
NONO,RARG,0
MAPK8,PATJ,0
MEN1,AKT1,0
SMARCAD1,SOX2,0
CHD4,PBXIP1,0
TFE3,JUN,0
SALL4,LMF2,0
MPHOSPH8,KRT8,0
CHD4,PKNOX2,0
MPHOSPH8,TCL1,0
ELL3,HDAC10,0
REST,SLC7A6,0
MAPK8,TMEM150A,0
JARID2,RELA,0
HDAC1,CMKLR1,0
NACC1,INTS12,0
EHMT2,P4HA2,0
HCFC1,APP,0
GLI2,KAT2B,0
MAPK8,GATA6,0
MYCN,PMM1,0
SMARCAD1,ECT2,0
HDAC3,TXNDC5,0
GLI2,TRIP6,0
SMARCA4,FST,0
SMAD2,CREB3L2,0
RYBP,GLI2,0
ZIC3,RAB11A,0
ZIC3,FAM25C,0
ELL3,GRHL1,0
BAZ1A,MPHOSPH8,0
EED,CLDN6,0
NFYA,ASXL1,0
HDAC3,HMGA2,0
REST,MCM6,0
PARP1,NR2F2,0
CNOT3,NME2,0
OTX2,TCF20,0
HDAC3,SIX1,0
RYBP,ITPK1,0
GLI2,HOXD13,0
NFYA,FRRS1,0
SALL1,GLDC,0
SALL1,SLC6A6,0
ARID1A,EZH1,0
BAZ1A,MEF2C,0
KDM5B,LRRK1,0
EED,MAML3,0
ZFP42,LEFTY2,0
RIF1,TET1,0
SALL4,PML,0
CNOT3,STAT4,0
HDAC1,PLA2G1B,0
GLI1,TAX1BP3,0
RIF1,TCF7,0
EZH2,CELF3,0
SOX2,CTNNBIP1,0
SOX17,ADAM19,0
GLI1,RFX7,0
NFYB,CNOT8,0
SMARCAD1,ECD,0
KLF2,SLC6A6,0
KLF2,FGF3,0
CHD4,GLUL,0
KLF2,TIMELESS,0
SOX2,STARD10,0
CHD4,EPHA2,0
NACC1,HMGA1B,0
CHD7,BIN1,0
CBX7,LMO4,0
CTCF,PBXIP1,0
ARID1A,ETV3,0
RARA,ID3,0
SUZ12,TAX1BP3,0
PHC1,MCM3,0
MEN1,TXNIP,0
PRDM14,MED21,0
BAZ1A,CHD7,0
CTCF,CITED1,0
CBX7,BNIP3,0
KDM5B,ZBTB38,0
MEN1,KLF9,0
NFYB,EMX2,0
E2F4,DAB2,0
JUN,TLE1,0
RYBP,SRRT,0
NFYB,GDPD5,0
NR4A1,ESPL1,0
DPPA2,MYBL2,0
MAFK,ZFP236,0
EP400,ASS1,0
SALL1,MYLPF,0
PRDM14,SOAT1,0
EED,DDX54,0
DPPA4,FDPS,0
JUN,RARA,0
SMAD3,CTH,0
RARA,FOXA2,0
SIN3A,OTX2,0
TET2,SLCO3A1,0
NONO,SREBF1,0
JARID2,LGMN,0
CHD4,CDC5L,0
GLI1,NFYA,0
SALL4,PDGFRA,0
CBX7,JMJD1C,0
ZIC3,CALD1,0
SALL4,CREB5,0
ESRRB,BACH2,0
RYBP,TCL1,0
JARID2,DDX54,0
MAFK,MSH6,0
SALL4,P4HA1,0
KDM5B,PMM1,0
TRIM28,STAT5B,0
GLI1,PIAS1,0
MTF2,SIRT1,0
EP400,B2M,0
ELL3,MGST3,0
TBX3,MEG3,0
EP400,ZEB2,0
ELL3,PROX1,0
KDM5B,IFITM2,0
EZH2,NFE2L2,0
PRDM14,MEF2C,0
RARA,SMAD7,0
BTAF1,TNS4,0
ESRRB,CREB5,0
PRDM14,NFX1,0
EED,SLC16A1,0
MTF2,GLI2,0
CBX7,MYD88,0
SMARCAD1,RUVBL2,0
HDAC1,KHDC3,0
BAZ1A,BMI1,0
TET2,HSPB1,0
KDM5B,IFITM1,0
EP300,BAZ1A,0
SOX17,TAF6,0
TGIF1,BARX1,0
KDM5B,STARD8,0
SMARCAD1,ELL2,0
PHC1,HNRNPK,0
MYCN,ANKRD54,0
NR4A1,L3MBTL2,0
CBX7,GATAD2B,0
ARID1A,HIF3A,0
EED,TEAD1,0
TRIM28,MCM5,0
CBX8,RUVBL1,0
MAPK8,SNURF,0
CBX8,LDB1,0
DPPA2,HNRNPK,0
SMAD3,WDR45,0
MAFK,PDCD4,0
TGIF1,YBX1,0
NACC1,PER1,0
GLI2,PELP1,0
TFE3,PDCD11,0
ARID1A,ATF2,0
CBX8,HIST1H1A,0
HDAC3,SMURF2,0
BAZ1A,HSF2,0
EED,VILL,0
NR4A1,PIAS3,0
GLI2,RFX5,0
SMAD3,SATB2,0
HCFC1,BMPER,0
PHC1,COBL,0
E2F1,SLCO3A1,0
SMARCC1,SMARCC2,0
EED,SDC4,0
DPPA2,SRSF6,0
GLI2,UHRF1,0
MYCN,STAT5A,0
SMARCA4,NFIA,0
BAZ1A,OBSL1,0
CHD7,POLR1C,0
MPHOSPH8,MCM2,0
NFYB,POLR3F,0
SMARCA4,COL4A1,0
MEN1,CRABP2,0
CBX7,NSD1,0
TGIF1,TCF12,0
CBX8,PLA2G1B,0
ARID1A,NSD1,0
YEATS4,TAF5,0
EP400,TFEB,0
EHMT2,ZFYVE21,0
PARP1,FOXQ1,0
CHD7,DDX5,0
BAZ1A,ZFPM1,0
NONO,ANKS1,0
HDAC3,PBXIP1,0
KLF4,MEN1,0
GLI1,PROX1,0
GLI2,MCM6,0
CNOT3,NID1,0
HDAC1,PDPN,0
ELL2,ZIC3,0
TGIF1,SOX17,0
HDAC1,IRF3,0
NFYB,TMEM150A,0
SOX2,VSIR,0
EZH2,FAM25C,0
HCFC1,ETV3,0
SALL4,HIST1H1B,0
SOX17,PMM1,0
TET2,STARD10,0
CBX8,KHDRBS1,0
NR4A1,FOXD3,0
REST,SLC25A5,0
BAZ1A,ZFYVE21,0
CNOT3,AIP,0
SALL1,ELF1,0
TFE3,CRABP2,0
MPHOSPH8,KDM3A,0
TFE3,HMGB2,0
MTF2,SURF4,0
TRIM28,NSD2,0
HDAC2,JDP2,0
MAFK,ADAM23,0
NFYA,MSH6,0
SALL1,ZBTB32,0
JARID2,POLR1E,0
EHMT2,COIL,0
KLF2,GTF2H3,0
NONO,FBLIM1,0
MEN1,SIRT3,0
REST,UNG,0
TET2,ELAVL2,0
HDAC3,BRCA1,0
MAFK,MAPK13,0
MTF2,NEDD4,0
TFE3,MORF4L2,0
HDAC3,CHST15,0
SMARCC1,SLC6A6,0
CHD7,TUBB6,0
TGIF1,NFIC,0
CBX8,KHDC3,0
PHC1,SND1,0
HDAC3,CBX8,0
PARP1,NDRG4,0
MAPK8,PDIA6,0
TBX3,ZDHHC15,0
SMARCAD1,EYA1,0
PHC1,MAPK8,0
SMARCC1,FOXD3,0
GLI1,SNORA68,0
DPPA4,HIST1H4K,0
MEN1,UHRF1,0
E2F1,ASNS,0
EP300,LDLRAP1,0
MPHOSPH8,E2F4,0
SOX17,ILF3,0
EED,NCOR1,0
SOX17,HNRNPK,0
CNOT3,MKX,0
TRIM28,RBPJ,0
NFYB,ELF1,0
EED,NFIA,0
CNOT3,RUNX3,0
SALL1,ZBTB10,0
NFYB,GATAD2B,0
ZFP57,SIX5,0
SMARCAD1,ZEB2,0
EED,2810025M15RIK,0
SALL4,MYBBP1A,0
SOX17,LOXL2,0
NACC1,MANF,0
DPPA4,ELF3,0
NFYB,PDIA6,0
EZH2,ADAMTS9,0
SMARCAD1,GBX2,0
DPPA2,LOXL2,0
JUN,NFKB2,0
TBX3,RRM2,0
MAPK8,HIST1H2BL,0
MTF2,TCL1,0
CHD7,TRRAP,0
PARP1,CCND1,0
SOX2,AGAP3,0
ZFP57,MAGED1,0
HCFC1,PGA5,0
SALL4,TRIM13,0
TFE3,ZFYVE21,0
GTF3C1,TDGF1,0
CBX7,RAI14,0
REST,FN1,0
TGIF1,RFX2,0
TBX3,E2F2,0
ZIC3,ULK1,0
RARA,AES,0
HDAC2,ASXL1,0
TGIF1,ZBTB7A,0
MYCN,ARL6IP5,0
PARP1,PHLDA3,0
POU5F1,CUBN,0
PARP1,PDK1,0
SMARCAD1,HNRNPK,0
ESRRB,PHF2,0
CHD7,HIST1H1D,0
CHD4,RELA,0
SMARCAD1,RFXAP,0
MPHOSPH8,NACC1,0
SALL1,DDAH2,0
MPHOSPH8,ILK,0
ELL3,TCERG1,0
RARA,PHF1,0
CBX8,PHLDB2,0
SMARCAD1,PHLDA3,0
EHMT2,MED31,0
RYBP,GATA3,0
GLI2,NXF7,0
CBX7,MGST3,0
RNF2,GABARAPL2,0
MEN1,IRF1,0
YEATS4,XBP1,0
SMARCAD1,MGST3,0
SOX17,CITED2,0
KLF2,FGFR3,0
UTF1,FXYD3,0
TGIF1,ITPK1,0
ARID1A,ZFPM1,0
EP400,ATF3,0
CBX7,ADAMTS9,0
CBX7,DEK,0
RIF1,STAT5A,0
CBX8,NFX1,0
CBX8,TAF6L,0
ARID1A,PRDM14,0
SOX17,RANBP17,0
SMARCC1,NRIP1,0
GATA4,NR2C1,0
PHC1,EPHA4,0
MAFK,SLC6A8,0
KLF4,ZFP423,0
PARP1,MANF,0
CHD4,TAGLN2,0
CHD7,FOSL2,0
TFE3,PAX1,0
MYC,GTF2H4,0
MYCN,SMARCA2,0
ELL2,NME2,0
ZIC3,TRIM28,0
SMARCC1,NCOA3,0
TET2,EP300,0
RARA,FAM25C,0
MYC,NCOA3,0
REST,NFATC1,0
GLI1,CBX7,0
CBX8,POLR2H,0
TET2,TBX3,0
EHMT2,JUN,0
NFYA,SLC25A5,0
EP400,PHF20,0
MAFK,CNOT6L,0
HDAC1,AATF,0
SMAD3,POLR2H,0
PHC1,ESPL1,0
SUZ12,PCBD1,0
PHC1,STAT5A,0
NONO,MYBL2,0
CTCF,SRSF3,0
MYCN,TYRO3,0
YEATS4,ESRRA,0
DPPA2,MKX,0
GTF3C1,AES,0
TFE3,CRIP2,0
RYBP,SIRT1,0
MPHOSPH8,BMI1,0
MPHOSPH8,FABP3,0
PARP1,SELENOW,0
NR0B1,PEG3,0
HEXIM1,ZBTB38,0
YEATS4,BASP1,0
TBX3,IGF2,0
OTX2,NPAS2,0
KLF4,TIMP2,0
DPPA4,HIST1H2AC,0
YEATS4,SMAD3,0
CTCF,SPEN,0
KLF4,CMKLR1,0
SUZ12,MCM2,0
TGIF1,CUBN,0
CHD7,SMARCC1,0
DAXX,NRG1,0
NR4A1,KDELR2,0
TCF12,SNORA26,0
MYCN,HIST1H2AK,0
TET2,ZBTB20,0
DPPA2,SRRT,0
DPPA4,SAT1,0
SOX2,FOXO3,0
MAPK8,ZDHHC16,0
ZIC3,HIST1H2AI,0
BAZ1A,AMOTL2,0
ELL2,TMED2,0
CNOT3,TRIM13,0
BTAF1,ID2,0
TBX3,NPAS2,0
HEXIM1,SERPINH1,0
SOX2,NFIC,0
OTX2,DDX54,0
TGIF1,SCMH1,0
MPHOSPH8,SIN3A,0
PARP1,CNOT3,0
MYCN,ATF4,0
OTX2,NFIA,0
MYCN,CCND1,0
PRDM14,GLS,0
E2F1,DAXX,0
SALL1,HIST1H2AK,0
ZFP42,MEF2C,0
TBX3,TCF7,0
NFYB,MED31,0
KLF2,XRCC5,0
RARA,ANP32A,0
MTF2,NCOA3,0
MAFK,IGFBP2,0
MYCN,HEY2,0
ARID1A,PEG3,0
GLI2,NOTCH1,0
CBX7,ARID3B,0
SALL1,ELK4,0
SUZ12,IFITM2,0
EP400,HIP1,0
TET1,ZC3H7A,0
E2F1,MKX,0
YEATS4,E2F6,0
MAFK,DPPA4,0
GLI2,CRIP2,0
HDAC3,IRF3,0
TCF12,SMAD2,0
REST,PAX1,0
NR0B1,KDELR3,0
EHMT2,NDRG4,0
TET2,FXR1,0
EED,NFATC4,0
DPPA4,ATF5,0
MAFK,AMOTL2,0
YEATS4,LDLRAP1,0
REST,SERPINE2,0
ARID1A,TEAD1,0
NR4A1,WWTR1,0
EP400,RAD51,0
RARA,FXR2,0
NFYA,PURA,0
TGIF1,ZBTB24,0
RYBP,HTT,0
SALL1,HNF4A,0
EHMT2,IGFBP2,0
SMAD3,UTF1,0
MEN1,SELENOW,0
TBX3,CALD1,0
YEATS4,TMF1,0
TFE3,SRSF3,0
GATA4,PREB,0
E2F4,DDAH2,0
CHD4,ZHX3,0
SALL4,ZIC3,0
CNOT3,KRBA1,0
NR0B1,TCF12,0
JUN,ZFP768,0
CBX8,HDAC4,0
CBX8,HSPG2,0
ZFP57,BARX1,0
SMARCC1,TXNDC5,0
SALL1,P4HA2,0
SMAD3,HIF1A,0
GATA4,ATF5,0
TBX3,PDPN,0
HDAC1,PAPOLA,0
DAXX,TSHZ3,0
NONO,ZFP335,0
YEATS4,BTAF1,0
EHMT2,ZFP148,0
NRF1,CHD5,0
TFE3,SATB2,0
EP300,HS3ST1,0
PHC1,FHL2,0
NR4A1,GLI1,0
TGIF1,SSBP4,0
RIF1,POU5F1,0
REST,KEAP1,0
TBX3,ELF3,0
NFYB,ZFP987,0
MYCN,BCLAF1,0
MYCN,JMJD1C,0
GATA4,ETV5,0
NFYB,ALPL,0
EED,MKX,0
EP400,GLMP,0
DPPA4,RBL1,0
TCF12,ITPK1,0
EHMT2,GABARAPL2,0
HDAC3,MAPK11,0
HDAC3,CNOT3,0
JARID2,ZFP275,0
GLI2,RLIM,0
OTX2,SRI,0
RYBP,ECT2,0
SALL1,MSH6,0
JUN,KDELR3,0
MAFK,ZBTB38,0
CBX7,HIST1H2AF,0
MTF2,GATA6,0
DPPA4,ECT2,0
DAXX,PLA2G1B,0
EP400,JAM2,0
ZIC3,GNAS,0
DAXX,RLIM,0
RYBP,ZMYND11,0
SMARCC1,MYO7A,0
TBX3,NRG1,0
ZIC3,ANKS1,0
E2F1,PKNOX2,0
NFYB,FRMD4A,0
CTCF,RYBP,0
GABBR1,HNF4A,0
E2F4,CMKLR1,0
NR0B1,ADAMTS9,0
OTX2,CNOT8,0
DPPA4,MED21,0
ELL3,TCF20,0
E2F4,PRDM5,0
KDM5B,ABT1,0
MYCN,LTBP4,0
EP400,POLR2J,0
GLI2,RBBP7,0
GLI1,SRSF3,0
TBX3,ZFP57,0
CNOT3,DDB1,0
CTCF,TIMP3,0
PRDM14,MDM2,0
ARID1A,GATA4,0
MTF2,RCC2,0
KLF2,CBX7,0
CBX7,P3H1,0
PRDM14,GNPDA1,0
GLI2,CTSD,0
NONO,GPX3,0
PHC1,HTT,0
EHMT2,HMCES,0
TGIF1,LRP2,0
NFYA,SNORA26,0
ARID1A,MAGED1,0
NRF1,STAT5A,0
SOX17,PIAS3,0
NACC1,PREB,0
SMARCC1,DR1,0
KLF2,ITGA6,0
MPHOSPH8,SRSF3,0
MYC,RAB3IL1,0
SALL1,STAT4,0
EHMT2,GNPDA1,0
CNOT3,YBX1,0
ELL3,ISYNA1,0
PHC1,TCF12,0
GTF3C1,UPP1,0
KDM5B,PHLDB2,0
MAFK,ZBTB20,0
SOX17,PCOLCE,0
ELL2,MAZ,0
ZIC3,NXF7,0
MTF2,NRIP1,0
SUZ12,TRP53,0
SMAD2,CLDN6,0
TGIF1,TRP53,0
TRIM28,NPAS2,0
SMAD3,POU4F2,0
PRDM14,ZMYM2,0
TGIF1,DKK1,0
E2F1,APEX1,0
HCFC1,NDRG4,0
DAXX,MANF,0
MPHOSPH8,STAT5B,0
HDAC3,USF1,0
DAXX,PKNOX2,0
SMARCAD1,NFKB2,0
TFE3,EZH2,0
YEATS4,HOXD13,0
SOX2,SAT1,0
CBX7,NME2,0
CNOT3,RBM14,0
TET2,TWIST1,0
EP400,TUBB2B,0
EHMT2,NOTCH1,0
DPPA4,TRIM28,0
ZIC3,ILK,0
OTX2,THBD,0
SMARCC1,LAMB2,0
MAPK8,PDCD4,0
SMARCC1,ASH1L,0
EHMT2,ZFP768,0
DPPA2,HES1,0
CBX7,YBX1,0
PHC1,RAB11A,0
CHD7,ECT2,0
DR1,CUBN,0
GATA4,NUP210,0
NACC1,BAZ1A,0
OTX2,TSPAN9,0
GLI1,SAP30,0
RIF1,MED12,0
MPHOSPH8,HIF3A,0
RYBP,FAM25C,0
MPHOSPH8,GATA4,0
EED,VEZF1,0
MPHOSPH8,KNTC1,0
CNOT3,NR5A2,0
PARP1,SP8,0
REST,ZFP296,0
HDAC2,ETV4,0
BAZ1A,SATB2,0
YEATS4,ELF4,0
GLI1,STAT5B,0
HDAC2,LY6G6E,0
MAPK8,SLC26A10,0
SMAD3,GLDC,0
SMARCC1,L3MBTL2,0
HDAC3,MPHOSPH8,0
TRIM28,ABHD5,0
E2F4,XBP1,0
MTF2,POLR3D,0
TGIF1,KDM3A,0
TRIM28,ERCC3,0
HDAC1,PCBD1,0
RIF1,HS3ST1,0
RYBP,PHF12,0
OTX2,PAX6,0
HDAC2,MDM2,0
PRDM14,EWSR1,0
MYCN,GNPDA1,0
EHMT2,PBX4,0
SMAD3,GBX2,0
MPHOSPH8,RUNX1,0
EED,CREB3L2,0
MPHOSPH8,MORF4L2,0
ESRRB,SOX17,0
NFYA,TOPORS,0
TET2,RCC2,0
SALL1,PITX2,0
CNOT3,HOPX,0
TFE3,MITF,0
KDM5B,MEG3,0
ZIC3,GAS6,0
CHD7,POU5F1,0
EZH2,CUBN,0
SMAD2,ARL6IP5,0
SMARCAD1,ARNT2,0
TGIF1,MKX,0
TFE3,MED31,0
SALL4,FOXH1,0
UTF1,MAPK3,0
MYC,TIMELESS,0
PRDM14,NXF7,0
ELL2,DDAH2,0
EED,PLAT,0
MAFK,FXYD6,0
TRIM28,CTSL,0
ARID1A,ASNS,0
PHC1,ZYX,0
JUN,PARVB,0
MAFK,SORD,0
EP400,CELF3,0
SMARCAD1,NUPR1,0
DPPA2,AU018091,0
PARP1,HDAC2,0
E2F1,PTH1R,0
MAPK8,AMOTL2,0
MAPK8,ZFP592,0
BAZ1A,NFATC2IP,0
DPPA4,SRM,0
NONO,SPOCK1,0
DPPA2,STAT5A,0
MTF2,RFX7,0
ELL2,ELK1,0
TCF12,SNORD32A,0
BTAF1,HDAC10,0
HCFC1,TTF2,0
HDAC1,FOXA2,0
ARID1A,BACH2,0
CBX7,FDPS,0
DAXX,HSP90AA1,0
GTF3C1,OPLAH,0
KLF2,ATF2,0
SMARCA4,CRABP2,0
CBX7,ODC1,0
ARID1A,PKNOX2,0
CHD4,COBL,0
SMARCC1,LOXL2,0
NR0B1,TSG101,0
MPHOSPH8,PHB2,0
ELL2,TIMP3,0
MED12,PAX6,0
MAFK,ZMYM2,0
TET2,NR1H2,0
SMAD2,SLC25A5,0
EP400,GBX2,0
E2F4,CUX1,0
RIF1,AGAP3,0
PRDM14,PLOD1,0
MEN1,PML,0
DAXX,SMAD3,0
EED,HMCES,0
KDM5B,TFE3,0
NFYA,GLI2,0
ZIC3,FST,0
RARA,TIMP2,0
SALL4,P3H4,0
CNOT3,RFX7,0
CNOT3,TPD52,0
SMAD3,PAPOLA,0
MTF2,FXR1,0
NONO,APEX1,0
SMAD3,CNOT6L,0
KLF2,HIST1H2BL,0
GLI2,NR4A1,0
MTF2,BEX1,0
ESRRB,KLF10,0
SMAD2,BIN1,0
SOX17,SPRY4,0
KDM5B,ATF2,0
NFYA,POLR1A,0
SMAD3,LTBP4,0
RIF1,ZHX3,0
GLI2,SERPINE2,0
KLF4,ANKRD54,0
SALL1,KEAP1,0
RYBP,PIAS3,0
SALL4,RNF2,0
TBX3,EMX2,0
TFE3,ZFP423,0
HDAC3,PCBD1,0
SALL1,ZBTB7A,0
ARID1A,IFI30,0
MYCN,SLC6A6,0
TRIM28,TRIP6,0
HDAC2,EYA1,0
SMARCAD1,BRD7,0
DAXX,HIST1H1A,0
NFYA,TAF9,0
JARID2,SLC9A6,0
SMARCAD1,LY6G6E,0
TRIM28,ESRRB,0
ZFP57,NOTCH4,0
MTF2,SSR3,0
DAXX,CTSZ,0
BAZ1A,MITF,0
KLF2,MEN1,0
OTX2,SLC26A10,0
KLF2,UBP1,0
RARA,SOX4,0
EHMT2,PHF12,0
RYBP,HIST1H2BF,0
TET2,LMO4,0
NFYA,EBF1,0
CHD4,CCND1,0
KDM5B,BTG1,0
ELL2,TULP3,0
KLF2,SMAD2,0
PHC1,VIM,0
CHD4,H1F0,0
NONO,KLF8,0
YEATS4,PDGFRA,0
E2F4,SSR3,0
YEATS4,ATP13A3,0
CHD4,BMI1,0
CNOT3,NUPR1,0
REST,SNAPC3,0
JUN,PAX6,0
SALL1,PBX4,0
BAZ1A,ZYX,0
NFYB,ESPL1,0
JUN,TRIM13,0
MPHOSPH8,SMARCAD1,0
ELL2,IRF3,0
GATA4,POLR1E,0
E2F4,CELF3,0
DAXX,NR2F2,0
ARID1A,ARL6IP5,0
RIF1,SMAD2,0
EED,OTX2,0
BAZ1A,TGFB1I1,0
KDM5B,HMGXB4,0
CBX8,CCND1,0
MPHOSPH8,EPHA4,0
SMAD3,POLR2K,0
ESRRB,ECT2,0
NFYB,NDN,0
SMARCAD1,SHKBP1,0
NR4A1,ZBTB10,0
CHD7,GATA4,0
SOX17,CRY1,0
JUN,KDM5B,0
PARP1,SMARCD1,0
NR0B1,RCC2,0
SUZ12,PHF20,0
DAXX,TMSB4X,0
TFE3,ATP13A3,0
KLF2,MPHOSPH8,0
HDAC1,CCN2,0
CNOT3,KLF8,0
ELL2,TYRO3,0
MPHOSPH8,ITGA6,0
NFYA,PLAGL2,0
SMAD2,KAT2B,0
KLF2,SMAD3,0
ELL2,LGMN,0
SMARCC1,ZBTB10,0
CNOT3,CCN2,0
ZIC3,MYO7A,0
CBX8,TFAP2C,0
EED,BRPF1,0
TBX3,PARVB,0
E2F1,TBPL1,0
EP400,RHOX6,0
E2F1,PBXIP1,0
RYBP,RBPMS2,0
HEXIM1,IFITM1,0
TRIM28,ISYNA1,0
NR4A1,NRF1,0
GATA4,HDAC3,0
PHC1,RCN3,0
CBX8,ETV3,0
SOX17,ZDHHC16,0
SALL1,EPHA2,0
REST,PLAG1,0
MPHOSPH8,WBP11,0
ARID1A,OVOL1,0
NACC1,SIX1,0
GLI1,SSB,0
KLF2,PMS1,0
E2F4,ID4,0
CBX8,CNOT8,0
REST,TNFAIP3,0
RYBP,CRAMP1L,0
SMARCC1,KRT8,0
NFYA,DCP1A,0
ELL3,CALU,0
BAZ1A,ZBTB20,0
KLF2,SLC6A8,0
RIF1,CNOT7,0
OTX2,MSX2,0
HDAC3,RUVBL1,0
OTX2,FRRS1,0
NR4A1,PARVB,0
GATA4,FOXJ2,0
HDAC1,SLC6A8,0
JUN,2410141K09RIK,0
HDAC3,ATF3,0
ARID1A,PLOD3,0
NFYB,LDLRAP1,0
MPHOSPH8,PHLDB2,0
NR4A1,CUX1,0
CBX7,PRSS35,0
HDAC2,ATF2,0
HDAC2,TXNIP,0
ZFP42,SNORA68,0
MTF2,CLDN6,0
SALL1,EBF1,0
HDAC2,LRP2,0
SMARCC1,ZFP423,0
TRIM28,MED12,0
ELL2,DAXX,0
SMAD3,ISYNA1,0
MTF2,PSIP1,0
NFYB,GRIN1,0
MAPK8,LDB1,0
MAFK,KLF6,0
SMARCC1,ARNTL,0
SALL4,E2F6,0
DAXX,CHST15,0
NONO,IRF3,0
GLI2,ECD,0
CBX8,ZEB1,0
KDM5B,DNMT1,0
MAPK8,TAF1,0
EZH2,POLR1A,0
MED12,PAX8,0
MTF2,BRCA1,0
TBX3,HOPX,0
CNOT3,SEPT1,0
RYBP,DAB2,0
MAFK,DEK,0
NFYB,LRRK1,0
NFYB,PKNOX2,0
MAFK,SMARCB1,0
CHD4,CNOT6,0
KLF2,FOXO1,0
HDAC3,AKR1B8,0
PHC1,NFE2L1,0
SMARCA4,TAGLN2,0
TFE3,SOAT1,0
BTAF1,SLC5A11,0
CHD4,NKRF,0
RARA,LEFTY2,0
PRDM14,STAT5A,0
HEXIM1,STAT5B,0
SMARCAD1,PDK1,0
KLF2,MEF2D,0
CHD4,FAM129B,0
ZFP57,DKC1,0
HCFC1,NUP210,0
SOX17,ANKRD6,0
HDAC2,NFX1,0
SMAD2,CRAMP1L,0
KLF2,MAML1,0
CBX8,NDRG4,0
YEATS4,REST,0
MEN1,MSH6,0
ELL2,BMI1,0
REST,PKNOX2,0
RARA,KRT8,0
GLI1,DDX5,0
RYBP,GNPDA1,0
SIN3A,AQP8,0
NFYB,ASXL1,0
EHMT2,NAA15,0
TGIF1,DKC1,0
GATA4,GDPD5,0
SMARCAD1,ZSCAN10,0
MPHOSPH8,GJB3,0
GTF3C1,ARID3B,0
TRIM28,P4HA1,0
MPHOSPH8,L1TD1,0
NONO,DAB2,0
EHMT2,IGF2,0
ELL2,PKNOX2,0
ELL2,SCMH1,0
NR4A1,ZSCAN10,0
KLF2,MIS18BP1,0
NFYB,CUBN,0
TBX3,NFIL3,0
ZFP57,TBX3,0
SMAD3,LMF2,0
SMARCC1,TMF1,0
ELL2,CLCN5,0
CTCF,NID1,0
TBX3,L3MBTL2,0
GLI2,MORC4,0
CNOT3,NFATC2IP,0
MAPK8,YAF2,0
HDAC2,ZFP281,0
SMARCC1,SKIL,0
EP300,ZFP276,0
TRIM28,TRIM25,0
SMARCA4,ZBTB39,0
SMARCC1,NOTUM,0
RIF1,PLA2G1B,0
PHC1,DEK,0
MYCN,RAD54B,0
DPPA2,ERF,0
SOX17,SNORA26,0
ZFP42,TPD52,0
NFYA,ERP29,0
OTX2,ZSWIM4,0
SMAD2,ZFP462,0
GLI1,ID3,0
RYBP,TBX3,0
GLI2,SMAD7,0
NR4A1,TNFAIP3,0
KDM5B,FOXQ1,0
NACC1,MYBBP1A,0
EHMT2,FGF4,0
OTX2,RCN3,0
ZFP57,APOE,0
SOX17,ANKRD54,0
SMARCC1,FOSL2,0
PHC1,GTF2A1L,0
MPHOSPH8,SREBF1,0
PRDM14,IRF4,0
SALL1,THBD,0
HDAC2,BTG2,0
TFE3,ZFP57,0
BAZ1A,PCOLCE,0
GLI1,BASP1,0
PHC1,TXNDC12,0
HDAC1,CHD5,0
GLI1,ANKRD49,0
E2F4,MYMX,0
NACC1,ARID1A,0
HDAC2,RAB3IL1,0
HDAC1,MAML1,0
GATA4,CTNNBIP1,0
CBX7,IL33,0
MPHOSPH8,DAB2,0
SMARCC1,HIST1H2BN,0
SUZ12,TFAP4,0
SALL4,HDLBP,0
JARID2,MYC,0
EED,ODC1,0
MAPK8,TBPL1,0
MAPK8,RNF6,0
CBX8,NCOR1,0
HDAC1,POLR3F,0
MAPK8,DNMT1,0
PRDM14,ZFP219,0
TRIM28,NACC1,0
ZIC3,ECD,0
GLI2,TLE1,0
PARP1,CREBZF,0
JARID2,CCNG1,0
NFYB,RRM2,0
GLI2,POLR3B,0
TBX3,MAPK3,0
MPHOSPH8,ARNTL,0
SMARCA4,RUVBL1,0
DAXX,HIST1H2BN,0
GATA4,WBP11,0
REST,TFAP2C,0
SALL4,PHF12,0
MYC,KRT8,0
ZFP42,CRABP2,0
GLI1,SKIL,0
CHD4,KLF4,0
CBX8,ASNS,0
RYBP,KRBA1,0
NFYA,POLR2J,0
EP400,RNF19A,0
TGIF1,SP1,0
DAXX,TWIST1,0
GATA4,PDK1,0
REST,P3H4,0
SMAD3,HEXIM1,0
HDAC3,TNK2,0
BAZ1A,MED4,0
HDAC1,NSD2,0
GLI1,LOXL2,0
CBX7,MCM4,0
NR4A1,KHDC3,0
EP400,GRB10,0
TFE3,LAMA5,0
MTF2,EIF4A2,0
PRDM14,P4HA1,0
RIF1,SIRT3,0
MAFK,ZSCAN10,0
ELL2,BRPF1,0
CBX7,PRDM5,0
KLF4,BIN1,0
KDM5B,KLF13,0
GLI2,ELL3,0
SMAD2,PER1,0
CNOT3,OPLAH,0
TFE3,MCM7,0
RNF2,LEFTY2,0
SMARCC1,INTS12,0
MEN1,ELF3,0
MPHOSPH8,NFKBIA,0
JUN,CTSD,0
MAFK,DUSP9,0
MAFK,ELF2,0
HDAC3,ELL2,0
SMARCA4,EWSR1,0
SMAD3,HIST1H1B,0
MEN1,DAZAP2,0
HDAC3,ATM,0
BAZ1A,COMMD3,0
EED,MED31,0
REST,ELF3,0
MAFK,SFPQ,0
TFE3,MEF2D,0
HDAC1,ATF5,0
MPHOSPH8,COBL,0
EP300,MYC,0
NR0B1,RB1,0
ESRRB,HIP1,0
CNOT3,POU4F2,0
KLF2,FIZ1,0
ZIC3,P4HB,0
CHD7,OVOL1,0
MYCN,LRP2,0
MAFK,SLC16A1,0
CBX8,ECT2,0
NFYA,LDLRAP1,0
MAFK,HIST1H2BF,0
JUN,TENM4,0
TRIM28,SIX1,0
ELL3,PRSS35,0
CBX7,TOX4,0
E2F1,CBX8,0
TFE3,CEMIP,0
MYCN,ANXA5,0
SALL4,PLRG1,0
EHMT2,GTF3C5,0
ZFP42,PITX1,0
OTX2,ZFP987,0
PRDM14,SEPT1,0
TET2,RBMX,0
TGIF1,ZDHHC16,0
SMARCAD1,NDRG1,0
CHD4,SP8,0
GTF3C1,KRT8,0
NR0B1,CHST15,0
MAPK8,ELF3,0
KDM5B,GBX2,0
RYBP,CALCOCO1,0
MAPK8,RPL22L1,0
GATA4,ATF6,0
EHMT2,MORF4L2,0
GLI1,KNTC1,0
CBX7,HEXIM1,0
NR4A1,P4HA1,0
PHC1,SPRY4,0
CNOT3,NOTCH1,0
PRDM14,E2F6,0
PARP1,MRAS,0
SUZ12,L1TD1,0
NFYB,MATR3,0
GLI1,SCMH1,0
SALL4,IRF4,0
NFYB,GTF2H3,0
ZIC3,E2F4,0
SMAD3,ZFP277,0
KLF2,RBMXL2,0
TET2,CTNNB1,0
NR4A1,OBSL1,0
MAPK8,GTF2A1L,0
CHD7,VILL,0
ELL2,GNPDA1,0
ZIC3,TRRAP,0
PHC1,FOXJ3,0
HDAC2,BTF3,0
TGIF1,ARHGEF40,0
RIF1,RAB11A,0
MAPK8,E2F2,0
CBX8,NSD2,0
NFYA,P4HA2,0
DPPA4,SOX2,0
CHD7,P4HB,0
KLF4,DPP4,0
ELL2,CEBPZ,0
SMARCC1,CNOT7,0
MAPK8,HNF1B,0
JARID2,CALD1,0
EP400,PBXIP1,0
NR4A1,SMAD3,0
ELL3,VEGFA,0
JUN,OPLAH,0
PARP1,CHD7,0
MAPK8,GNAS,0
GLI1,GAS6,0
NFYB,RBBP7,0
TFE3,PLAGL2,0
MTF2,AKT1,0
ZIC3,POLR3B,0
MAFK,CBX8,0
NACC1,CTNNB1,0
CNOT3,HTRA1,0
HDAC1,IMPDH1,0
DPPA4,CIC,0
BAZ1A,ETV5,0
CNOT3,UBE2C,0
YEATS4,CRIP2,0
MPHOSPH8,TULP3,0
RYBP,BIN1,0
ESRRB,ZFP979,0
SOX2,MAPK13,0
CHD7,ELF1,0
NFYA,MCM2,0
EHMT2,SIX5,0
ELL3,NFATC1,0
SALL1,HES6,0
E2F4,BTAF1,0
NONO,ZBTB32,0
GATA4,POLR3B,0
GLI1,MYMX,0
EZH2,NSD1,0
EED,ZEB2,0
RARA,NR4A1,0
SALL4,HSP90AA1,0
TRIM28,GATA4,0
ESRRB,NUP210,0
HDAC2,HSPH1,0
PARP1,MYC,0
ZFP42,LDLRAP1,0
CNOT3,HES6,0
HDAC3,EZH2,0
HDAC1,SLC25A4,0
MAPK8,OBSL1,0
BAZ1A,NOTCH4,0
E2F1,RHOX6,0
ELL2,SORD,0
EP400,RANBP17,0
NFYA,ZFP275,0
PHC1,ETV6,0
SMAD3,BCLAF1,0
HDAC2,PHF20,0
NFYB,MEIS3,0
CBX7,MOV10,0
ZFP57,RHOX6,0
GLI2,BEX1,0
SMARCC1,ZFP979,0
GTF3C1,DKC1,0
DAXX,GLDC,0
ZFP42,PLA2G1B,0
GTF3C1,FXYD3,0
E2F4,SLC6A8,0
NFYA,ARL6IP5,0
RYBP,SFPQ,0
HDAC2,PLA2G1B,0
SALL4,GLDC,0
HDAC2,KNTC1,0
NACC1,TAGLN2,0
RARA,LAMB2,0
KDM5B,CKAP4,0
OTX2,SRGN,0
YEATS4,SURF4,0
NFYA,SUB1,0
CBX7,GZF1,0
TET2,ZBTB39,0
ELL2,ETV3,0
NR0B1,MITF,0
EED,KRT8,0
KLF2,ILF3,0
SMARCC1,CIC,0
SOX2,VILL,0
EHMT2,POLR1A,0
NR4A1,SND1,0
NACC1,PIAS2,0
TFE3,ZYX,0
SMARCAD1,GABPA,0
REST,SSBP4,0
CHD4,CITED2,0
MAPK8,HNRNPAB,0
TET1,SNORD35B,0
CHD4,NFIA,0
DPPA4,GTF2I,0
PRDM14,FIZ1,0
SOX17,TPM4,0
HDAC1,STAT5A,0
MAFK,DCXR,0
ZIC3,MEG3,0
EP400,CTNNBIP1,0
SUZ12,PRSS35,0
E2F4,CLCN5,0
NFYA,FOXQ1,0
POU5F1,HDAC10,0
SMARCA4,JARID2,0
NONO,RRBP1,0
TET2,RBBP7,0
RARA,KLF8,0
HDAC3,NFIB,0
GLI1,PLOD1,0
ELL2,HDAC11,0
MAPK8,CNOT6L,0
RIF1,SLC25A4,0
CBX8,HDAC7,0
YEATS4,MEIS3,0
SMARCAD1,IRF2,0
SOX17,HMGA1,0
JUN,EGR1,0
NFYA,IFI30,0
NR4A1,BMI1,0
DPPA4,ARHGEF40,0
PARP1,TET2,0
TRIM28,TRIP11,0
NACC1,SRSF3,0
MAPK8,TAF9,0
DPPA4,FOXQ1,0
NACC1,SIRT2,0
SMARCC1,ATF5,0
YEATS4,CALD1,0
ARID1A,CTNNB1,0
GLI1,FST,0
NACC1,CNOT2,0
ZFP57,AES,0
SMAD3,APP,0
SALL1,TAF6L,0
SALL1,TRP53,0
TGIF1,HMGB2,0
MAPK8,FOXH1,0
ZFP42,ELL3,0
ZIC3,BTBD11,0
HDAC2,SRSF6,0
SOX2,ZFP987,0
SALL4,PTPN14,0
EP400,KDELR2,0
SMAD3,DNAJC2,0
SOX2,BRCA2,0
KLF2,AIP,0
KLF2,TCF7,0
EP400,HIST1H3H,0
SMARCC1,PITX2,0
RIF1,NFYB,0
PARP1,NFXL1,0
EP400,TFCP2L1,0
NFYB,PRDM5,0
SMARCC1,POU6F1,0
HDAC2,2200002D01RIK,0
SMARCC1,GABBR1,0
OTX2,SMAD4,0
NFYB,SUZ12,0
MAFK,ANKRD6,0
RNF2,GZF1,0
YEATS4,UHRF1,0
RARA,ANKRD6,0
SMAD2,COBL,0
NFYA,GABARAPL2,0
RARA,IMPDH1,0
SMARCC1,ULK1,0
SALL4,POLR1C,0
TFE3,RCN3,0
NFYB,APOBEC3,0
SALL1,DAZAP2,0
NR0B1,HNRNPAB,0
HDAC2,MLXIPL,0
TGIF1,SLC26A10,0
TBX3,SNORD35B,0
JARID2,MCM2,0
EP400,LRRK1,0
JUN,RAB11A,0
GATA4,RCOR2,0
TRIM28,PBX4,0
TRIM28,CREB3L2,0
EED,FOXH1,0
GLI2,XRCC5,0
SIN3A,BARX1,0
SOX17,KDM3A,0
TRIM28,CALCOCO2,0
GLI1,L1TD1,0
ELL3,RNF157,0
ELL2,PIAS3,0
ZFP57,SDC4,0
NACC1,KAT6B,0
NR4A1,RAPGEF3,0
EHMT2,LAMA5,0
EED,HNRNPAB,0
TBX3,MSC,0
ARID1A,RFX7,0
TFE3,CKAP4,0
HDAC3,DDB1,0
NR0B1,FUS,0
NACC1,MARC2,0
ZIC3,KPNA2,0
MPHOSPH8,ZFP296,0
MAFK,HIST1H2BB,0
TFE3,EDEM1,0
TBX3,EHMT2,0
SALL1,KANK2,0
DPPA2,FRMD4A,0
KLF2,CD63,0
HDAC2,GATAD2B,0
EP400,MEN1,0
ZFP281,2810025M15RIK,0
SALL1,PTPN14,0
SMARCAD1,FDPS,0
NR4A1,ZDHHC15,0
YEATS4,TIMELESS,0
REST,LMO4,0
SMAD2,TENM4,0
TET2,TOP2A,0
PARP1,SMARCB1,0
YEATS4,FXR1,0
ARID1A,RARA,0
SOX17,RRM2,0
GATA4,FOSL2,0
BAZ1A,SLC5A11,0
NFYA,FOXP1,0
CNOT3,FXYD3,0
SMARCAD1,DKC1,0
SMAD3,BACH2,0
TGIF1,2200002D01RIK,0
NFYA,POLR1C,0
JARID2,BEX1,0
TGIF1,BAZ1A,0
HDAC3,HKDC1,0
NR4A1,GATA6,0
MAPK8,BMP6,0
ZFP42,KLF13,0
SMARCC1,GLI1,0
GLI2,TRIM24,0
DPPA4,ETV5,0
NACC1,RAPGEF3,0
CHD4,DPPA4,0
PARP1,TGFB1I1,0
TFE3,GAS6,0
SMARCC1,ZFP275,0
MAPK8,ASXL1,0
EP300,SNORA68,0
GATA4,VSIR,0
KDM5B,PLOD3,0
MPHOSPH8,EZH1,0
SMARCC1,MT1,0
KLF2,TRIM24,0
HDAC2,ARHGEF40,0
MAFK,TRIP11,0
PARP1,PBX4,0
SMARCC1,SOX4,0
OTX2,PROX1,0
NFYA,PHC1,0
TET2,SNORA26,0
EHMT2,CIC,0
MYCN,CITED1,0
TBX3,POLR2I,0
NRF1,MYO7A,0
ELL2,PBX4,0
SALL1,ID3,0
SMARCAD1,SND1,0
MEN1,TMSB4X,0
TGIF1,STAT5B,0
CHD7,MEF2D,0
HDAC3,CITED2,0
KLF2,FXYD3,0
GLI1,ECT2,0
HDAC3,KEAP1,0
SALL1,GLMP,0
GLI2,KLF8,0
SOX2,HNRNPD,0
GATA4,D230025D16RIK,0
NR4A1,ZYX,0
MEN1,AQP8,0
SMARCA4,BACH2,0
SMAD3,BCAT1,0
CBX7,FOXO3,0
SMAD2,IRF4,0
NONO,ATP6V0A1,0
HDAC2,DDB2,0
CBX8,PITX2,0
NFYA,DNMT1,0
DPPA4,BASP1,0
CBX8,OTX2,0
SMARCC1,NFXL1,0
ARID1A,TOP2A,0
CHD4,TRIM24,0
SALL4,XRCC6,0
POU5F1,SNORD35B,0
ARID1A,AATF,0
CBX7,ZFP276,0
JUN,CTSZ,0
GLI1,DKK1,0
SUZ12,CTH,0
TGIF1,TPD52,0
RIF1,RBM14,0
SALL1,SMARCD1,0
SALL1,BCAT1,0
EHMT2,VEGFA,0
TET2,EMX2,0
YEATS4,PODXL,0
HDAC2,H1F0,0
CHD7,HS3ST1,0
GLI1,ODC1,0
SALL4,HSPG2,0
MAPK8,CRABP2,0
GATA4,BCLAF1,0
NONO,HIST1H2BK,0
GATA4,VILL,0
JUN,NID1,0
REST,PBXIP1,0
PRDM14,DDX54,0
ARID1A,TRIM24,0
SMARCA4,WDR45,0
SMARCAD1,PRDM5,0
MPHOSPH8,NFIL3,0
SMAD3,DPPA2,0
EHMT2,RNF6,0
OTX2,NR0B1,0
CNOT3,SLC9A6,0
HDAC3,TOP2A,0
REST,PIAS2,0
EED,SOCS2,0
EHMT2,EOMES,0
HDAC3,FXYD3,0
MAPK8,TAX1BP3,0
EHMT2,PAX8,0
DAXX,STAT5B,0
DPPA2,ECT2,0
JARID2,SLC7A3,0
GATA4,SCMH1,0
MYC,POLR1C,0
TET2,HMGA1,0
TFE3,SRM,0
SMARCAD1,HIST1H1A,0
JUN,GATAD2B,0
NONO,FGF10,0
NONO,HIST1H2BF,0
ZFP42,MYCN,0
CHD7,HIF3A,0
PHC1,HIST1H4K,0
E2F1,IRF4,0
RARA,KDELR2,0
PARP1,RNF2,0
HDAC2,DPPA2,0
SALL4,CLCN5,0
HDAC2,UTF1,0
ELL2,EDEM1,0
SMARCAD1,EMP2,0
TFE3,MARC2,0
PARP1,ETS1,0
CBX8,CTSA,0
YEATS4,HIST1H3H,0
EED,TTF2,0
CHD4,FST,0
TBX3,RBPMS2,0
CBX8,NR2F2,0
YEATS4,GATA4,0
CBX8,ERF,0
NR0B1,HDAC4,0
PHC1,AMPD2,0
TFE3,INTS12,0
KLF4,FST,0
MAFK,CREB5,0
HDAC1,PBX4,0
NFYB,BEX1,0
HDAC3,ARHGAP29,0
ZFP42,MKX,0
MAFK,SLC7A6,0
REST,ELL3,0
MAPK8,PHLDB2,0
HDAC1,LOXL2,0
KLF2,MITF,0
ZIC3,TCF20,0
EHMT2,2810025M15RIK,0
REST,SMARCAD1,0
HDAC2,SURF4,0
HDAC2,RARG,0
CHD7,FOXH1,0
GLI1,MDM2,0
GLI1,E2F6,0
ELL2,IL33,0
SMAD2,RAPGEF3,0
DAXX,TAF1,0
CHD7,HIST1H2BN,0
NONO,LEFTY1,0
MYCN,RB1,0
DAXX,CREB3,0
HDAC3,CMKLR1,0
KLF4,BMP6,0
BAZ1A,BIN1,0
NACC1,BMP6,0
DPPA2,FGF10,0
SALL1,ELF2,0
EP400,ABTB1,0
HCFC1,HMGA1,0
EED,YAF2,0
MAFK,MYO7A,0
EHMT2,LAMB1,0
PARP1,ADAM23,0
NR4A1,CBX8,0
GATA4,PTPN14,0
ZFP57,HNF1B,0
E2F1,SNURF,0
ELL2,PLOD1,0
OTX2,JUN,0
NONO,RELA,0
SALL1,FAM129B,0
ZFP42,HKDC1,0
KLF4,NSD2,0
NFYA,CSF1,0
TET2,F3,0
ESRRB,ARHGAP29,0
HDAC2,GLI1,0
JUN,PAWR,0
CBX8,UCHL1,0
TFE3,PRDM5,0
KDM5B,FDPS,0
ZFP281,GSTA4,0
HDAC2,KRBA1,0
MTF2,PCBP2,0
ZIC3,SAT1,0
TCF12,MSX2,0
MAPK8,HDAC4,0
CBX8,TUBB6,0
HDAC3,NR1D1,0
CBX7,HDAC5,0
RYBP,MPHOSPH8,0
DPPA2,ESPL1,0
GATA4,L3MBTL2,0
MAPK8,HIST1H3H,0
SMAD3,DPPA4,0
EED,FXR1,0
TFE3,BIN1,0
PARP1,AKT1,0
CNOT3,LY6G6E,0
GTF3C1,SERPINH1,0
CBX7,PHB2,0
MAFK,POLR1B,0
SALL4,TULP3,0
DAXX,SNORD35B,0
CBX7,POLR1A,0
DPPA4,PLAT,0
SMAD3,POU5F1,0
SALL4,CSRP2,0
SMAD3,ME1,0
RARA,COMMD3,0
SMARCAD1,SOCS2,0
NONO,FXYD6,0
ZIC3,ADAMTS9,0
E2F4,DNAJC2,0
NFYB,P3H4,0
E2F1,GATA6,0
MYCN,SRGN,0
POU5F1,POLR2I,0
NFYA,NFYB,0
JUN,COMMD3,0
EP400,ZDHHC16,0
NONO,ELP2,0
TFE3,F3,0
PHC1,FOXJ2,0
DPPA4,TDH,0
NFYB,GJB3,0
ELL2,NRIP1,0
ELL2,HDAC2,0
SOX2,PAWR,0
MAPK8,NOTCH2,0
TBX3,SIRT2,0
JUN,ID2,0
PARP1,AMOT,0
SOX17,PITX1,0
REST,RLIM,0
MYCN,CSF1,0
MPHOSPH8,ASH1L,0
REST,HSP90B1,0
NFYB,ELP2,0
SIN3A,PAX6,0
ZIC3,TFAP4,0
MAFK,CRAMP1L,0
SALL4,VSIR,0
MYC,NFIL3,0
MED12,CBX4,0
SOX2,ZFYVE21,0
ESRRB,ZFAND3,0
SMARCAD1,KLF6,0
NACC1,HIST1H4K,0
NR0B1,FGF3,0
GLI2,HIST1H2AF,0
GTF3C1,BMP6,0
KDM5B,LAPTM5,0
TFE3,ING3,0
E2F4,HSF2BP,0
MAPK8,EDEM1,0
BAZ1A,NFIA,0
CHD4,RUNX3,0
GLI2,ERP29,0
TGIF1,TIMELESS,0
E2F4,PARVB,0
JUN,EBF4,0
REST,IRF2,0
MAPK8,CCND1,0
KLF2,TFCP2L1,0
TRIM28,HMGXB3,0
HDAC1,CTNNBIP1,0
TCF12,NFATC3,0
MPHOSPH8,MYCN,0
SALL4,PLOD1,0
SMARCC1,ESRRB,0
EP300,CREB5,0
PARP1,GRHL1,0
NR4A1,ARNT2,0
GLI1,GLIPR2,0
EP400,MEIS3,0
HDAC1,TRIM32,0
BAZ1A,GAS6,0
MAPK8,TBX18,0
SMARCC1,SRSF3,0
ELL3,SOX7,0
HEXIM1,TCF20,0
RYBP,ANXA2,0
CBX8,GAS6,0
REST,ARNT2,0
GTF3C1,PAX8,0
HDAC3,PITX2,0
YEATS4,KDM5B,0
KDM5B,ANP32A,0
EZH2,PIAS2,0
GLI1,TGFB1I1,0
PRDM14,SURF4,0
RARA,CNOT6L,0
BAZ1A,DDB2,0
JUN,PITX1,0
NONO,TMEM150A,0
MPHOSPH8,2810025M15RIK,0
ELL3,PITX2,0
ZFP57,EDA2R,0
JARID2,KEAP1,0
ESRRB,MAFK,0
NONO,POLR1E,0
GLI2,SNAI1,0
CNOT3,PKNOX2,0
SUZ12,SRSF3,0
HCFC1,GLIS2,0
BAZ1A,P4HA1,0
CBX8,ZFP979,0
TRIM28,NFYA,0
GTF3C1,LGMN,0
ELL2,ITGA6,0
PHC1,ZFP275,0
HDAC1,NRIP1,0
CHD4,PAX8,0
ELL2,TBL1X,0
JUN,DAXX,0
NR4A1,APEX1,0
TGIF1,PHC1,0
CHD7,SIRT1,0
RARA,JARID2,0
MEN1,GATA3,0
KLF2,ZFP281,0
JUN,SP8,0
BAZ1A,ZFP57,0
TBX3,FAM25C,0
SALL1,RAB3IL1,0
BAZ1A,BARX1,0
MPHOSPH8,MCM6,0
GATA4,GTF3C5,0
TRIM28,ITGA6,0
CHD7,EZH1,0
HCFC1,LOXL2,0
SMARCAD1,SUB1,0
JUN,SNORA68,0
BAZ1A,MAN1A2,0
NR0B1,HIST1H4K,0
MEN1,IFI30,0
MAPK8,CALU,0
JUN,CTNNB1,0
MTF2,POLR2H,0
HDAC1,LGMN,0
RYBP,TFAP2C,0
DPPA4,SPRY2,0
YEATS4,LMF2,0
SMARCC1,RNF19A,0
NACC1,GZF1,0
CHD4,HKDC1,0
POU5F1,KDELR3,0
MYC,GTF2A1L,0
DPPA4,RCN3,0
REST,TFCP2L1,0
MAPK8,OTX2,0
ESRRB,POU6F1,0
ELL3,RERE,0
ELL2,ZFP275,0
PARP1,GTF3C5,0
ELL3,SNAPC3,0
HDAC1,POLR1C,0
SMARCC1,HIST1H2AI,0
SUZ12,ARID3B,0
REST,PHF20,0
KDM5B,2200002D01RIK,0
RYBP,NRF1,0
PHC1,SMARCC2,0
TRIM28,MCM3,0
GLI1,POU2F1,0
MYCN,RAI14,0
CBX7,SMAD2,0
ESRRB,POLR2K,0
ZFP42,ZFP276,0
YEATS4,ZFP335,0
MAFK,JMJD1C,0
HDAC1,BRCA1,0
RIF1,RFX2,0
ZIC3,NFX1,0
GLI1,DDX58,0
JUN,CNOT7,0
GLI1,SLC9A6,0
SALL1,FGF10,0
ELL2,SURF4,0
ARID1A,GTF2I,0
SOX17,PTH1R,0
JUN,DCP1A,0
MAPK8,ETS1,0
ELL2,AMPD2,0
NACC1,GNRH1,0
MTF2,SNORA68,0
TBX3,ASH2L,0
PHC1,ATF6,0
E2F4,ADAM19,0
DPPA4,SIN3A,0
TET2,HIF3A,0
JUN,SNORD32A,0
EED,HNF1B,0
E2F4,ORC2,0
ZIC3,BCAT1,0
MAPK8,TOP2B,0
EP400,HSPH1,0
EZH2,NFYB,0
DAXX,EP300,0
ARID1A,HMGA1B,0
GLI2,EIF4A2,0
GLI1,STARD10,0
ZIC3,TAF10,0
HCFC1,MSC,0
CBX7,BRCA1,0
DAXX,SLC7A3,0
SALL1,NR2C1,0
RARA,RUVBL2,0
NFYA,CSRP2,0
EP400,NR1D1,0
EED,SEPT1,0
CBX7,NR1H2,0
YEATS4,TOX3,0
KLF2,ZFP335,0
KLF2,HOXD13,0
SOX2,LAPTM5,0
KDM5B,GRIN1,0
MYC,SNURF,0
TGIF1,PHF12,0
RYBP,TMSB4X,0
GLI1,ABT1,0
HDAC3,BRD7,0
ZFP57,ZBTB20,0
SOX17,KDELR3,0
SALL1,GABARAPL2,0
MAFK,SPARC,0
HDAC1,TIMP3,0
PARP1,PSIP1,0
ELL2,PHLDB2,0
E2F4,MEF2C,0
TBX3,VIM,0
SMARCC1,DNAJC10,0
E2F1,HIP1,0
CHD7,NUP210,0
E2F1,FHL2,0
KDM5B,FOXA2,0
SMAD3,NFE2L2,0
JUN,TAF9,0
E2F4,SREBF1,0
MTF2,MAPK3,0
PRDM14,SEMA4C,0
RARA,NRIP1,0
HEXIM1,ZIC3,0
NACC1,IFI30,0
PHC1,HCFC1,0
NR4A1,FXR1,0
MEN1,SURF4,0
SALL4,EZH1,0
EP300,MAPK11,0
CBX8,BEX1,0
SMARCC1,DTX1,0
SMAD2,SNORD35B,0
SALL1,EP300,0
CTCF,LAMA5,0
MAPK8,TGFB1I1,0
TFE3,RARG,0
NONO,MSX2,0
HDAC1,ILF2,0
NR4A1,MAPK8,0
MAPK8,NANOG,0
BAZ1A,PMM1,0
E2F4,SPEN,0
MYC,PRRX2,0
HDAC2,ING3,0
HEXIM1,TCL1,0
MAFK,ARID3B,0
NACC1,FXYD6,0
YEATS4,ZC3H7A,0
SOX17,SERTAD2,0
CBX8,YBX1,0
MYCN,ETV6,0
ELL2,STAT4,0
ELL3,RCN3,0
SOX17,TFAP2C,0
GLI2,HSPG2,0
ARID1A,PGA5,0
SALL1,JAM2,0
RIF1,NFATC3,0
REST,ZDHHC15,0
CHD4,INSIG1,0
SOX17,ABT1,0
MAPK8,HNRNPD,0
HEXIM1,RHOX6,0
ESRRB,NFATC1,0
ZFP42,ESRRB,0
CTCF,WBP11,0
NACC1,FDPS,0
SOX17,CHST15,0
EP300,NR1H2,0
MAPK8,GLIPR2,0
TFE3,RHOX6,0
MAPK8,USF1,0
YEATS4,HIST1H2AK,0
SALL4,ZBTB3,0
CNOT3,TUBA4A,0
ELL2,TOX3,0
OTX2,ZFP462,0
ELL3,BASP1,0
TGIF1,ZFP592,0
HDAC1,MED4,0
GATA4,SMAD3,0
JARID2,KLF6,0
RARA,HMGA2,0
CHD7,NR2F2,0
TRIM28,ATP6V0A1,0
HDAC2,IRF3,0
DPPA2,CST3,0
ELL2,SMARCA5,0
CNOT3,MAML3,0
SUZ12,MED21,0
E2F1,DTX1,0
GLI2,ADAM19,0
GLI1,DDB1,0
KLF2,VIM,0
NONO,PFKP,0
NR4A1,POU4F2,0
HDAC3,TMF1,0
TBX3,SDC4,0
DAXX,ZSCAN10,0
HDAC2,MTA3,0
NR0B1,ZDHHC15,0
EP400,TENM4,0
SMARCAD1,SIRT1,0
SUZ12,RUNX3,0
MYCN,NSD2,0
SOX2,SIX1,0
ZIC3,OTX2,0
PARP1,DMRT1,0
JARID2,CTNNBIP1,0
GLI2,TUBA4A,0
ESRRB,CUBN,0
SALL4,SIRT1,0
GTF3C1,DPPA4,0
YEATS4,ATP6V0A1,0
ZFP57,EPHA4,0
HDAC3,SNORD35B,0
TET2,HDAC2,0
MED12,FGFR3,0
SMAD2,SSB,0
PARP1,PEG3,0
CHD7,HDAC4,0
HDAC3,TRIP6,0
YEATS4,ABHD5,0
CHD7,NUPR1,0
MEN1,NFIA,0
TET2,JUN,0
SMARCC1,POLR2K,0
CNOT3,HSBP1,0
CTCF,GTF3C1,0
NONO,NEDD4,0
NFYB,GLI1,0
TFE3,RRM2,0
GATA4,MT1,0
ELL2,FOXJ2,0
KLF4,MYD88,0
SALL4,HCFC1,0
EED,RAB3IL1,0
SMARCC1,ARHGEF40,0
TFE3,RNF157,0
EP400,TAF5,0
CBX8,NPHS1,0
SMARCC1,EPHA4,0
MEN1,STAT4,0
ZFP57,TNS4,0
SMARCC1,HMCES,0
MAFK,PLAG1,0
TET2,CRABP2,0
DPPA4,LRPAP1,0
BAZ1A,TFAP2C,0
ESRRB,PRDM5,0
YEATS4,EOMES,0
KLF2,DDX20,0
TBX3,PITX2,0
PARP1,SOAT1,0
SMAD2,SMARCC2,0
SMARCC1,RAB11A,0
TBX3,BRWD1,0
BAZ1A,DDX5,0
NFYA,SLC7A3,0
JUN,MLXIPL,0
CBX8,ZSCAN10,0
NACC1,CKAP4,0
GLI1,BTG2,0
MEN1,NFXL1,0
TGIF1,SNORD35B,0
SOX2,SORD,0
MEN1,IGF2,0
SALL1,INTS12,0
TGIF1,ZSCAN10,0
TRIM28,GPX3,0
NACC1,EBF4,0
CHD7,ASXL1,0
E2F1,DNAJC2,0
SMARCC1,D230025D16RIK,0
CNOT3,AKT1,0
TBX3,ZFP276,0
SMAD2,POU6F1,0
MEN1,TMED2,0
RYBP,IRF1,0
SMAD3,NFX1,0
ELL2,NDRG4,0
DAXX,NFKBIA,0
ELL3,IRF4,0
MYCN,EPHA2,0
RNF2,AMOT,0
SOX17,NFKB2,0
ARID1A,PAX1,0
TFE3,TOP2A,0
GATA4,DCP1A,0
REST,SMARCD1,0
SALL4,ZBTB43,0
EED,DNMT3A,0
KDM5B,CST3,0
HDAC3,MEIS3,0
MTF2,HDAC5,0
NONO,ELF1,0
CHD4,SALL1,0
SALL4,UBP1,0
SOX17,GDPD5,0
JUN,CRY1,0
TCF12,ZFP275,0
CBX8,SOX2,0
HDAC1,CEMIP,0
NONO,P4HB,0
MAPK8,ZFP219,0
PARP1,TRP53BP1,0
RARA,CHCHD10,0
DAXX,OPLAH,0
ELL3,ECD,0
EP300,MED15,0
CTCF,ZDHHC16,0
SMAD3,ELL2,0
E2F4,KAT6B,0
MED12,AMPD2,0
EP400,SLCO3A1,0
KLF2,EHMT2,0
TFE3,MME,0
DAXX,TOP2A,0
NR4A1,HEY2,0
SALL4,RARG,0
MAFK,CEBPZ,0
REST,SHKBP1,0
E2F1,TFCP2L1,0
HDAC1,ZSWIM4,0
NONO,NFE2L1,0
KDM5B,SLC25A4,0
KLF2,HSPG2,0
ZFP57,POLR1A,0
TGIF1,FXYD6,0
CHD7,GLIPR2,0
RARA,GRIN1,0
DPPA2,FOXD3,0
NFYA,IGF2,0
ARID1A,FOXA2,0
SMARCA4,KLF8,0
SALL4,KNTC1,0
CHD7,TFAP2C,0
PARP1,ZFPM1,0
HDAC1,RBL1,0
TFE3,NFYB,0
ELL2,NR5A2,0
GLI2,PMS1,0
RIF1,KLF9,0
BAZ1A,SALL4,0
SOX2,SLC7A6,0
EZH2,UHRF1,0
NR4A1,GLIS2,0
E2F1,SEMA4C,0
HDAC1,HNRNPK,0
PARP1,TOX3,0
TRIM28,NOTCH4,0
ZFP42,ELF4,0
GLI1,HIST1H1B,0
MPHOSPH8,TPM4,0
DPPA2,AMPD2,0
EP400,DPP4,0
EED,ECD,0
RARA,NSD1,0
SALL1,GBX2,0
TET2,BRD7,0
NFYB,TCL1,0
ZIC3,NFIA,0
NR0B1,HIST1H2BN,0
CHD4,ISYNA1,0
CBX8,HEXIM1,0
MAPK8,CTBP1,0
E2F4,RERE,0
MTF2,TINAGL1,0
EED,ITGA6,0
HCFC1,PAWR,0
JUN,TIMP3,0
CNOT3,TMF1,0
YEATS4,EMP2,0
YEATS4,WWTR1,0
E2F4,TEAD3,0
MPHOSPH8,SIX5,0
MAPK8,CHST15,0
ARID1A,PLRG1,0
RIF1,ELF4,0
NFYB,HIVEP2,0
EED,MCM7,0
DAXX,BIN1,0
JUN,NR2C1,0
RARA,RAI14,0
HDAC2,FAM129B,0
SALL1,MED15,0
PARP1,ZEB1,0
SMARCAD1,CRY1,0
REST,SURF4,0
KLF4,PMS1,0
OTX2,CREBZF,0
HDAC2,MARC2,0
SMARCAD1,SLC5A11,0
E2F1,WBP11,0
ELL3,ZFPM1,0
CNOT3,COTL1,0
MPHOSPH8,POLR2H,0
KLF2,RIF1,0
NR0B1,BMP6,0
KLF2,PEG3,0
KDM5B,GDPD5,0
HDAC1,MSH6,0
BAZ1A,YBX1,0
TFE3,NRG1,0
GATA4,NR1H2,0
TBX3,GATAD2B,0
SALL4,SIX1,0
MTF2,NACC1,0
MPHOSPH8,NFIA,0
E2F4,NR4A1,0
GLI2,TIMELESS,0
HDAC2,LRPAP1,0
DPPA2,SLC25A5,0
BAZ1A,MCM2,0
CNOT3,LAMA5,0
SMAD3,PURA,0
SUZ12,CNOT8,0
GATA4,PLAGL2,0
PARP1,POLR2A,0
HDAC3,UHRF1,0
DAXX,SP1,0
MAPK8,SOX15,0
MPHOSPH8,ELK4,0
REST,UBE2C,0
YEATS4,PA2G4,0
CHD4,TRIM25,0
YEATS4,PAWR,0
SMARCC1,LAPTM5,0
MTF2,LDLRAP1,0
SMARCAD1,L3MBTL2,0
ELL2,RLIM,0
CBX7,INTS12,0
NR4A1,ZFP768,0
NACC1,HIST1H1D,0
CBX7,KRBA1,0
PARP1,HSP90B1,0
SALL4,ULK1,0
PHC1,HIVEP2,0
DPPA2,CCND1,0
NR4A1,TEAD1,0
TGIF1,FOXO1,0
TET2,PATJ,0
MTF2,SRF,0
CHD4,HSP90B1,0
SOX17,ATF6,0
RYBP,SMARCAD1,0
SMARCAD1,TPD52,0
EP400,HSPB1,0
HDAC2,POLR2B,0
POU5F1,EMP2,0
SOX2,SIN3A,0
TFE3,LEFTY2,0
SALL1,IFITM1,0
GATA4,2200002D01RIK,0
SMARCC1,ATF1,0
MPHOSPH8,TRIM24,0
KDM5B,RFX7,0
RYBP,POU6F1,0
CNOT3,GTF2H4,0
CBX8,ADAM19,0
MYCN,EYA1,0
TGIF1,EPAS1,0
SMARCAD1,UPP1,0
SOX17,APP,0
CBX7,ANKRD49,0
PHC1,RARG,0
CBX7,SLC25A5,0
GATA4,FDPS,0
CHD7,CHST15,0
SALL1,PLAGL2,0
MYC,NOTCH4,0
RIF1,CITED2,0
NFYA,ZFP592,0
KDM5B,NAA15,0
TRIM28,HEXIM1,0
MYCN,RBMX,0
SMAD3,TUBB2B,0
EED,IL33,0
RARA,EP300,0
DAXX,POU2F1,0
JUN,RUNX3,0
YEATS4,TXNDC12,0
MEN1,ESRRA,0
NACC1,MEIS3,0
PHC1,LAPTM5,0
PRDM14,EGR1,0
SOX17,SLC7A6,0
KDM5B,SKIL,0
ZFP281,SMAD4,0
SALL4,HIST1H2BL,0
CHD4,PGA5,0
PHC1,LMF2,0
DPPA2,L1TD1,0
ZFP42,GLMP,0
SMARCC1,STARD10,0
SOX17,TAGLN2,0
JUN,RNF19A,0
CNOT3,DDB2,0
ZFP42,SEPT1,0
CBX7,RRBP1,0
RARA,BNIP3,0
YEATS4,PHF2,0
NACC1,NFX1,0
SMAD2,SIN3A,0
MPHOSPH8,DUSP9,0
ESRRB,GLI2,0
SMARCC1,CNOT6L,0
ZFP42,CTBP1,0
CNOT3,CRABP2,0
TET2,FRMD4A,0
GATA4,CREBZF,0
DPPA4,HSPH1,0
MPHOSPH8,RBBP4,0
RYBP,SLC7A3,0
SALL1,BCAM,0
NONO,ORC2,0
SALL1,MORF4L2,0
UTF1,BCL3,0
NONO,FOXO1,0
HDAC2,PTH1R,0
HEXIM1,UBP1,0
MAFK,SRM,0
REST,MKX,0
MYC,SNAPC3,0
REST,MDM2,0
NONO,ATF2,0
SALL1,CSF1,0
EHMT2,FOXQ1,0
HDAC1,AU018091,0
NR4A1,KRT42,0
CHD7,FUBP3,0
TBX3,RARG,0
BAZ1A,SPRY2,0
SALL1,ZC3H7A,0
MAFK,COMMD3,0
SALL1,RNF2,0
TFE3,ZFP987,0
DAXX,PLAGL2,0
SMAD2,CBX6,0
MED12,ZFP423,0
ZIC3,POLR2I,0
RYBP,TXNDC12,0
TET2,GLDC,0
SALL1,TAF6,0
RARA,MAPK13,0
EED,PIAS2,0
MAFK,RB1,0
NFYB,RCN3,0
KDM5B,TRIB3,0
DPPA2,PHF12,0
JUN,KEAP1,0
SMARCAD1,EGR1,0
SALL4,RFX2,0
SALL1,EWSR1,0
SUZ12,PLA2G1B,0
ZIC3,ZFP277,0
NR4A1,SMAD2,0
TET2,ZFP423,0
SALL4,CUX2,0
GLI2,P4HA1,0
HDAC2,NRG1,0
PARP1,POLR1C,0
SMARCAD1,EP300,0
SUZ12,PA2G4,0
SMAD2,HKDC1,0
ARID1A,SNURF,0
MYCN,PLTP,0
TRIM28,SNORA68,0
MAFK,TRP53,0
RIF1,LRPAP1,0
CHD7,RAD51,0
PHC1,ZFP335,0
CHD4,GRIN1,0
SMARCC1,RASGRP2,0
EP400,CTH,0
HDAC1,GTF2A1L,0
EP300,SNORD32A,0
CNOT3,IL33,0
ZIC3,DMRT1,0
TET1,LEFTY2,0
HDAC1,HTT,0
SUZ12,MYLPF,0
JARID2,IFITM3,0
JUN,PREB,0
GATA4,ZIC3,0
CNOT3,SMURF2,0
DAXX,TRP53,0
SMAD3,CCNB1,0
TFE3,HSPA5,0
GLI1,LTBP4,0
HDAC2,FBLIM1,0
MED12,AQP8,0
HDAC1,LRRK1,0
PARP1,BMI1,0
PARP1,BACH2,0
CNOT3,BRD7,0
CNOT3,BASP1,0
ELL3,SORD,0
SUZ12,PLAT,0
EHMT2,CREB3,0
EHMT2,MYH9,0
SUZ12,CIC,0
EP400,TMSB4X,0
EP300,ARID5B,0
TET2,POLR2K,0
JUN,BCAT1,0
MAPK8,ERCC3,0
GATA4,TADA3,0
MAFK,NFIA,0
PARP1,TOP2B,0
HCFC1,TCF7L2,0
SALL4,POLR2E,0
EHMT2,DIDO1,0
RIF1,LAMC1,0
PARP1,RASGRP2,0
CNOT3,FLRT3,0
MEN1,SMARCB1,0
PHC1,EMX2,0
CHD7,EMX2,0
CHD7,MAPK11,0
NONO,ETV4,0
SOX17,SUB1,0
REST,SLC16A1,0
HDAC2,SOX2,0
NONO,CITED2,0
TFE3,HTT,0
HDAC3,ELF2,0
NFYB,SLC16A1,0
PARP1,ZFP42,0
SMARCAD1,KANK3,0
NR0B1,HDAC10,0
SMARCAD1,FAM25C,0
KLF2,COTL1,0
TET1,ELF4,0
RYBP,XBP1,0
RARA,NKRF,0
NR0B1,MEF2A,0
JUN,EMP2,0
CBX7,SMARCC2,0
HCFC1,NFIL3,0
SMARCAD1,F3,0
SALL1,YEATS2,0
CBX7,ZDHHC16,0
DPPA4,NXF7,0
SALL1,POLR1B,0
TRIM28,RAD51,0
MAPK8,HIST1H1A,0
HEXIM1,STARD8,0
JARID2,NKRF,0
ZFP57,HKDC1,0
HDAC2,SOS2,0
KLF2,HMGB2,0
GLI2,GRB10,0
ESRRB,CRY1,0
ARID1A,TXNIP,0
NACC1,GABBR1,0
GLI1,HDAC3,0
CNOT3,KDM3A,0
KDM5B,MSC,0
SALL4,TCF7,0
MAPK8,NEDD4,0
KDM5B,EIF4A2,0
ELL2,BASP1,0
KLF2,TNFAIP3,0
DPPA2,KLF8,0
NACC1,ABT1,0
HEXIM1,DAB2,0
JUN,ASH2L,0
MAFK,BTF3,0
DAXX,MT1,0
CTCF,BRPF1,0
ARID1A,LEFTY2,0
GATA4,MLXIPL,0
SALL1,ABTB1,0
REST,FABP3,0
EP400,MED15,0
SOX17,PA2G4,0
PHC1,TRIP11,0
SMAD2,ZBTB39,0
CHD7,MAGED1,0
DPPA2,ELK1,0
CBX8,CHCHD10,0
DR1,STAT4,0
NFYA,COL4A1,0
ELL3,ATM,0
TFE3,SHROOM3,0
DPPA2,POLR2J,0
MEN1,AGAP3,0
MEN1,SKIL,0
CHD7,DDIT3,0
EED,AIP,0
TET2,HMGXB4,0
TFE3,RELA,0
JUN,MPHOSPH8,0
PHC1,MAN1A2,0
JUN,SUZ12,0
PRDM14,ZFP446,0
PARP1,NFATC2IP,0
RYBP,ESPL1,0
EED,EFEMP2,0
YEATS4,RNF14,0
MAFK,ZEB2,0
GLI2,BTAF1,0
GLI1,ZBTB43,0
EHMT2,ADAM23,0
MPHOSPH8,CNOT3,0
TET2,CTSL,0
DPPA2,MCM3,0
TRIM28,CBX8,0
JUN,GZF1,0
PRDM14,FUS,0
GLI1,TFAP2C,0
PARP1,CCNB1,0
PARP1,TGIF1,0
EED,CDC5L,0
PARP1,KDELR3,0
MAPK8,DEK,0
TET2,SMARCC2,0
DAXX,ETV5,0
ELL3,SIRT3,0
NONO,OBSL1,0
MEN1,TRH,0
TGIF1,CAR2,0
ARID1A,TADA3,0
REST,LAPTM5,0
JUN,EPHA2,0
PHC1,CALU,0
E2F4,SPARC,0
YEATS4,ANKRD49,0
NFYA,PAPOLA,0
HEXIM1,PCOLCE,0
ARID1A,EBF4,0
SMARCAD1,SEMA4C,0
EZH2,ELF4,0
ZIC3,DR1,0
NACC1,DDIT3,0
SMARCC1,WDR45,0
ELL2,PAX1,0
MAFK,E2F2,0
EHMT2,SDC4,0
MTF2,VEGFA,0
ELL3,BRCA2,0
EP400,UPP1,0
TET2,ANKS1,0
BAZ1A,ETS1,0
ELL2,CSRP2,0
NFYB,ILK,0
SALL1,IL33,0
DPPA4,CHST15,0
JUN,MORC4,0
EP300,ZFP987,0
EP300,SMAD4,0
ELL2,ECD,0
GATA4,MEF2A,0
SMAD3,ATF4,0
ZFP57,SLC5A11,0
SMAD2,DAXX,0
GLI1,NFE2L1,0
TBX3,UBQLN2,0
HDAC2,HIF3A,0
SMARCC1,ZFP335,0
GLI2,MED31,0
SMAD3,SRM,0
TET2,TRH,0
PHC1,MCM4,0
NR0B1,DCXR,0
DAXX,DNAJC10,0
SMAD2,EMP2,0
HDAC3,GTF3C1,0
RIF1,PELP1,0
DAXX,POLR1E,0
HCFC1,SOX2,0
CBX8,ZFP36L1,0
KLF4,CEMIP,0
KLF2,FHL2,0
TFE3,OBSL1,0
PHC1,GSTA4,0
EED,HSF2BP,0
CHD7,MCM2,0
CHD4,PDK1,0
MTF2,GTF3C1,0
MYCN,ZBTB3,0
OTX2,HIST1H2BN,0
ELL3,BCL3,0
RYBP,CTSZ,0
ELL2,TBX18,0
REST,ATF7,0
TBX3,POLR2A,0
CNOT3,CCND1,0
DAXX,MEIS3,0
CHD7,CREB3,0
REST,HIST1H3H,0
TGIF1,DAXX,0
SOX2,HIVEP2,0
POU5F1,RCN3,0
MAPK8,SIX5,0
MAFK,HIF1A,0
EED,ANKRD49,0
SALL4,MYC,0
SMAD3,NFKB2,0
EED,GLIPR2,0
SMARCAD1,SATB2,0
CBX7,AMOT,0
TFE3,AQP8,0
GLI2,SMAD4,0
ARID1A,MCM7,0
SMARCA4,NFATC1,0
ZFP57,RUVBL2,0
HDAC3,BARD1,0
NFYB,HDGF,0
MAPK8,IKBKB,0
SALL1,ZFP42,0
MTF2,LOXL2,0
ELL2,PAWR,0
OTX2,NXF7,0
ZIC3,YEATS2,0
SMARCAD1,SATB1,0
EHMT2,AMPD2,0
NONO,FRRS1,0
E2F4,GSTA4,0
ELL2,MITF,0
REST,FDPS,0
E2F1,ASH1L,0
SALL4,HS3ST1,0
CHD7,HCFC1,0
CNOT3,NFYA,0
TRIM28,RUVBL1,0
E2F1,EPAS1,0
TFE3,ESRRB,0
JUN,DR1,0
RIF1,PHLDA3,0
RARA,FST,0
TFE3,SERTAD2,0
EED,THRAP3,0
CNOT3,DKC1,0
ELL2,DIDO1,0
TGIF1,HNF1B,0
SALL1,NDRG1,0
HDAC1,BTBD11,0
NR0B1,FOXJ3,0
SMARCAD1,CENPB,0
NACC1,PAWR,0
TET2,CALCOCO2,0
SMARCAD1,ABTB1,0
RYBP,AIRE,0
NR4A1,B2M,0
TFE3,ANKRD54,0
GATA4,FUS,0
CBX8,TRH,0
TBX3,EWSR1,0
EHMT2,RASGRP2,0
EZH2,SLC7A3,0
PHC1,FGF4,0
RIF1,CTBP2,0
TBX3,MAN1A2,0
TFE3,FRMD4A,0
TBX3,IRF6,0
SMAD3,EP300,0
TCF12,ZC3H7A,0
ZIC3,YBX1,0
GATA4,PRSS35,0
ARID1A,PHB2,0
UTF1,EDA2R,0
RARA,IKBKB,0
TGIF1,GZF1,0
TFE3,PRDM1,0
SMARCAD1,CEBPZ,0
MYC,TBPL1,0
HDAC2,MYBBP1A,0
ARID1A,RAPGEF3,0
SALL1,CTNNBL1,0
JUN,TCF20,0
GATA4,LAMC1,0
DAXX,BTG2,0
NONO,RUVBL2,0
MTF2,ZFP987,0
CHD4,LGMN,0
CHD4,DCXR,0
GATA4,TCF7L2,0
CBX8,TXNIP,0
SMARCAD1,ID2,0
TGIF1,MED21,0
E2F4,SIRT2,0
REST,EMP2,0
CHD7,SOX4,0
PRDM14,KHDC3,0
CBX8,BTG1,0
MYCN,H1F0,0
NFYB,CHD7,0
SALL1,BIN1,0
CBX8,CLDN6,0
NR4A1,SAT1,0
ELL3,SLC25A5,0
HEXIM1,PER1,0
ARID1A,DAZAP2,0
ZIC3,MCM4,0
PRDM14,PER1,0
EZH2,SNORD32A,0
KDM5B,BNIP3,0
RYBP,RRM2,0
MAFK,PLOD2,0
SALL4,NRF1,0
SMARCAD1,SMURF1,0
PARP1,ZBTB24,0
EED,NRG1,0
RARA,HNF4A,0
TET2,GTF3C5,0
CHD4,LRRK1,0
ZFP281,PLA2G1B,0
SALL4,TNS4,0
KDM5B,NR3C1,0
NFYA,ELP2,0
EED,HIST1H1D,0
MYCN,INSIG1,0
CNOT3,CALCOCO2,0
PARP1,BCL3,0
KDM5B,SOS2,0
CHD7,LTBP4,0
SMARCC1,MITF,0
TGIF1,HSF2,0
TET2,POLR2E,0
MAFK,NOTCH1,0
TRIM28,DTX1,0
MYCN,RAD51,0
RIF1,HIVEP2,0
GLI2,TRIM28,0
ZFP42,TGFB1,0
MAPK8,NDRG4,0
YEATS4,ZFP219,0
HDAC3,P4HB,0
GLI1,BTBD11,0
NFYA,IRF6,0
MAPK8,ZFP36L1,0
DAXX,RNF157,0
DAXX,RRM2,0
CNOT3,PLAG1,0
TBX3,NFE2L2,0
KLF2,KLF13,0
GTF3C1,MYD88,0
GTF3C1,BACH2,0
JARID2,RBPMS2,0
GTF3C1,SOX15,0
NFYA,TPM4,0
MAFK,COPS2,0
MAPK8,RBPMS2,0
NFYA,NPHS1,0
PHC1,LAMA5,0
ELL3,RYBP,0
GLI2,UBE2C,0
MPHOSPH8,JAM2,0
JUN,ZFP335,0
TGIF1,SMAD7,0
MAPK8,POLR2H,0
RIF1,ARNT2,0
ELL3,SMARCAD1,0
TCF12,HDAC3,0
PARP1,DNAJC10,0
DPPA2,CREB3,0
ZFP42,TMEM150A,0
DR1,GJA1,0
PHC1,NFKB2,0
SMAD3,KLF9,0
SMAD2,ZSWIM4,0
GLI1,EMX2,0
PARP1,TCF7L2,0
EED,HIP1,0
MED12,ESRRB,0
GATA4,ANXA5,0
DPPA2,CDC20,0
SIN3A,SMAD4,0
MYC,EZH1,0
NACC1,PMM1,0
CBX8,HMGXB4,0
NR0B1,TAF6,0
SMAD3,SNORA68,0
YEATS4,ELK1,0
SMARCA4,RBMX,0
NFYB,KANK2,0
EHMT2,MCM5,0
DAXX,TLE1,0
PARP1,CTSD,0
TGIF1,ETV5,0
GLI2,AES,0
SMAD2,GATAD2B,0
ELL3,GDPD5,0
MAFK,PKNOX2,0
CBX8,COL4A2,0
PRDM14,ERCC3,0
CHD7,SNORA68,0
EP400,EGR1,0
E2F1,ALG13,0
NACC1,PLAG1,0
KLF2,BTF3,0
ZFP42,TRH,0
SALL4,REST,0
CHD7,AIP,0
ELL3,LAMB2,0
SALL1,2200002D01RIK,0
NFYA,GATA6,0
TFE3,TEAD3,0
EZH2,CCNB1,0
SOX17,OBSL1,0
PHC1,ATF7,0
MAFK,CAR2,0
YEATS4,RAPGEF3,0
TFE3,MAPK11,0
SMARCAD1,AES,0
SALL4,EPS8,0
DAXX,ZYX,0
MYC,FOXP1,0
OTX2,ZFP423,0
SALL1,CUX2,0
DPPA4,TRH,0
SALL4,IRF2,0
REST,TRH,0
PARP1,MOV10,0
HCFC1,PDK1,0
YEATS4,DAZAP2,0
TET2,UBP1,0
CBX7,SNORD93,0
DAXX,PTPN14,0
SALL1,TEAD3,0
RYBP,RCN3,0
REST,ARL6IP5,0
PRDM14,TUBB6,0
YEATS4,SOX15,0
SALL4,TINAGL1,0
SMARCC1,MEF2A,0
CHD7,ASH1L,0
SMARCAD1,FABP3,0
MAPK8,TGFB1,0
ZIC3,AU018091,0
MAFK,TRH,0
JARID2,SRSF1,0
CNOT3,SFI1,0
CBX8,CTCF,0
GLI1,PDCD4,0
HDAC2,POLR3D,0
OTX2,BEND5,0
GLI2,HIST1H1D,0
KDM5B,ALPL,0
NANOG,SNORD93,0
EHMT2,FOXP1,0
KLF2,SRRT,0
EP400,LAPTM5,0
GLI2,COIL,0
HDAC1,BRPF1,0
BAZ1A,TFRC,0
SALL1,MYBL2,0
SOX17,TRIP6,0
DAXX,CALR,0
MYC,EPHA4,0
TCF12,MEG3,0
YEATS4,UTF1,0
E2F4,SND1,0
OTX2,ERP29,0
EHMT2,PLTP,0
KLF2,NCOR1,0
NONO,SMARCC2,0
HDAC2,NOTUM,0
TET2,ME1,0
NONO,THBD,0
CHD7,CTH,0
MAFK,ESRRB,0
SALL4,ERF,0
SMARCC1,HSPH1,0
MTF2,DUSP9,0
TFE3,GLS,0
SOX17,E2F1,0
ELL2,BEND5,0
REST,RAD54B,0
NFYB,NXF7,0
PHC1,SIX5,0
GATA4,UHRF1,0
DAXX,TRRAP,0
EED,POLR1C,0
PRDM14,ZFP592,0
TET2,RCOR2,0
CHD4,NID1,0
CBX8,HMGB2,0
GLI1,HIST1H4K,0
NFYB,GNAS,0
YEATS4,SSB,0
CBX8,MTA3,0
UTF1,GNRH1,0
BAZ1A,SRSF1,0
GATA4,MAPK11,0
ZFP42,POLR2J,0
MAPK8,GRHL1,0
DPPA2,TBX3,0
SMARCC1,DAZAP2,0
TFE3,TULP3,0
MEN1,SORD,0
DAXX,SRM,0
DR1,POLR2K,0
PHC1,ASH2L,0
RYBP,AMOT,0
SMAD3,ZFP768,0
MTF2,ITGA6,0
EZH2,LAMB2,0
NR0B1,ATF3,0
EED,NFIB,0
ELL2,GAS6,0
KDM5B,RAB3IL1,0
HDAC1,TUBB2B,0
PHC1,TRH,0
RIF1,IFITM2,0
SMARCAD1,PA2G4,0
YEATS4,ETV6,0
PARP1,KLF13,0
EED,CREB5,0
CBX8,NRF1,0
MYCN,CTH,0
TET2,ANP32A,0
ARID1A,FXR1,0
REST,PREB,0
MYC,ARHGAP29,0
RYBP,PDIA6,0
GLI1,FGFR3,0
NACC1,PHF1,0
RYBP,BNIP3,0
SOX17,PSIP1,0
MPHOSPH8,MKRN1,0
SOX17,COPS2,0
RARA,SPRY2,0
SMAD3,FIZ1,0
NR4A1,NFIB,0
NACC1,KNTC1,0
PRDM14,MED15,0
KLF4,SNORD32A,0
PRDM14,MAPK11,0
NACC1,TRH,0
ARID1A,SFPQ,0
REST,SRSF1,0
EHMT2,TCF12,0
HCFC1,MARC2,0
ARID1A,TMEM150A,0
ARID1A,RNF19A,0
CNOT3,PRDM14,0
RIF1,FOXQ1,0
SMAD2,SP1,0
NR0B1,EHMT2,0
SALL4,MATR3,0
SOX17,KPNA2,0
PARP1,NCOR1,0
SMARCC1,NFIB,0
CBX7,GTF3C5,0
NFYA,ATF3,0
KDM5B,IFI30,0
BAZ1A,GDPD5,0
ZFP42,HDAC1,0
CHD4,EDA2R,0
YEATS4,CITED1,0
CHD7,DPP4,0
PARP1,HS3ST1,0
REST,PLOD2,0
NACC1,ELF4,0
CBX7,RNF14,0
KDM5B,HNRNPD,0
SMAD3,DNAJC10,0
E2F1,RARA,0
HDAC1,RRM2,0
SMARCC1,JMJD1C,0
KLF2,CEBPZ,0
E2F1,SAP30,0
JARID2,UHRF1,0
TFE3,PEG3,0
MAPK8,SMAD7,0
TBX3,LEFTY2,0
BAZ1A,TAX1BP3,0
PARP1,ID3,0
NFYA,JDP2,0
RYBP,TPM4,0
NFYB,CTNNB1,0
EP400,HTT,0
SALL1,BRCA1,0
RARA,STARD10,0
ESRRB,NRIP1,0
GTF3C1,PER1,0
TBX3,EMP2,0
CBX8,POLR2I,0
EZH2,MAPK3,0
NONO,CDC42SE2,0
ESRRB,CITED1,0
DPPA2,KRBA1,0
E2F4,DDB2,0
TET2,CTNNBIP1,0
TFE3,SPRY4,0
NONO,KRBA1,0
HDAC1,SPEN,0
SOX2,POLR2A,0
MYC,MITF,0
REST,DKC1,0
GATA4,PLAT,0
TBX3,NR1D2,0
CNOT3,SMAD3,0
GATA4,PIAS2,0
GLI1,GATA6,0
YEATS4,FXR2,0
MYCN,GAS6,0
DAXX,VSIR,0
ZIC3,ISYNA1,0
CTCF,LAMB1,0
SMARCA4,NANOG,0
NFYA,CEBPZ,0
ELL2,UBE2C,0
JARID2,NR1D1,0
ELL3,ARID1A,0
SMARCC1,CLDN6,0
SMARCC1,GRB10,0
MAPK8,NACC1,0
ELL2,NFYB,0
RIF1,CTCF,0
DAXX,ADAM23,0
GLI2,PCBD1,0
CHD4,NFIL3,0
SMARCAD1,NR4A1,0
RYBP,HDAC7,0
KLF2,FGF10,0
DAXX,PCBD1,0
ARID1A,ME1,0
NFYA,PDCD4,0
EED,SORD,0
SALL1,ZFPM1,0
ELL3,HMGA2,0
CBX7,MEN1,0
BAZ1A,WBP11,0
MYCN,ZEB1,0
CTCF,SOX2,0
PHC1,SATB1,0
TGIF1,SLC7A3,0
CNOT3,NKRF,0
ARID1A,PDCD4,0
SMAD3,CRY1,0
EHMT2,ELK4,0
KDM5B,HS3ST1,0
BAZ1A,BACH2,0
ZIC3,NUP210,0
ZIC3,ZFYVE21,0
TET2,ORC2,0
MYC,ZFP236,0
SALL1,FOXD3,0
MAFK,IRF6,0
EED,EZH1,0
NR0B1,FXYD3,0
DPPA4,TTF2,0
NRF1,RPL22L1,0
CBX8,PDPN,0
DAXX,DDX5,0
NONO,ILF3,0
SMAD2,NR4A1,0
GATA4,YBX1,0
NONO,RUVBL1,0
NFYA,POLR3B,0
YEATS4,THBD,0
TGIF1,ILF2,0
HDAC1,SLC9A6,0
REST,KLF8,0
ARID1A,NR1D1,0
SMARCAD1,TOPORS,0
SOX2,JMJD1C,0
CNOT3,HNRNPK,0
ZIC3,TCF4,0
MYCN,MCM2,0
ARID1A,ZSWIM4,0
SMARCAD1,CEMIP,0
RIF1,HMGA2,0
NONO,IMPDH1,0
CHD7,H1F0,0
E2F4,ZBTB10,0
TBX3,CUX2,0
GTF3C1,IFI30,0
EP400,BRWD1,0
OTX2,MARC2,0
MEN1,AKR1B8,0
EP300,LGMN,0
MEN1,NFIC,0
CBX8,TRP53BP1,0
MPHOSPH8,ZFP398,0
YEATS4,ZFP462,0
ELL3,OTX2,0
DAXX,CDKN1A,0
NONO,TOPORS,0
SMAD3,NRG1,0
MAPK8,FAM234A,0
SALL4,HIST1H1D,0
RYBP,MARC2,0
ZFP57,MEG3,0
NR0B1,EMX2,0
SMARCA4,MCM7,0
HCFC1,EFEMP2,0
GLI1,NFIL3,0
KLF2,MYO7A,0
NR4A1,TGFB1I1,0
SOX17,LMO4,0
PHC1,CCNB1,0
KLF2,ADAM19,0
MAFK,RELA,0
SOX17,ESPL1,0
DPPA4,RNF6,0
SMARCAD1,SERTAD2,0
TGIF1,CTSZ,0
POU5F1,PTH1R,0
MAFK,TCEA1,0
DAXX,ZFP219,0
TET2,HDAC3,0
DAXX,HSPG2,0
SALL1,DR1,0
RARA,TRRAP,0
MYC,KANK2,0
CBX7,SALL4,0
RIF1,SDC4,0
SALL1,CIC,0
TRIM28,GNRH1,0
HDAC3,RBFOX2,0
PRDM14,DPP4,0
EED,GLDC,0
SMARCA4,GNAS,0
JUN,FGFR3,0
SMAD3,IMPDH1,0
SUZ12,ASH2L,0
CHD7,NFATC4,0
SALL1,TMSB4X,0
TBX3,KANK2,0
TET2,ELF1,0
PARP1,TLE1,0
HDAC3,KNTC1,0
CNOT3,NFE2L1,0
UTF1,NKRF,0
E2F1,GJB3,0
MTF2,ZFP57,0
REST,GRHL1,0
PRDM14,HNRNPD,0
NR0B1,ADAM23,0
MAFK,ZC3H7A,0
SMAD3,PHB2,0
JUN,ULK1,0
NR0B1,IRF4,0
DPPA4,SMARCA4,0
NFYB,ERP29,0
CHD7,NFIL3,0
PRDM14,TET1,0
NR4A1,GLMP,0
SALL1,FGFR3,0
MAFK,CSF1,0
REST,RCOR2,0
EP400,SEPT1,0
ESRRB,SPOCK1,0
GATA4,OBSL1,0
REST,CST3,0
HDAC3,HDLBP,0
SALL1,JUND,0
TBX3,DAXX,0
PHC1,POLR3D,0
SALL1,ZBTB3,0
E2F4,ZFP592,0
GLI1,RFXAP,0
JUN,INSIG1,0
YEATS4,GTF3C1,0
NR4A1,ELAVL2,0
DPPA4,SHKBP1,0
ARID1A,STAT4,0
REST,GJA1,0
HEXIM1,HMGA1B,0
EP300,OVOL1,0
SMAD3,TSHZ3,0
SOX2,NR2F2,0
JARID2,E2F4,0
CBX7,UBQLN2,0
HDAC2,ARNT2,0
GTF3C1,SNORD35B,0
E2F1,CCN2,0
MAFK,TAGLN2,0
ZIC3,ETV3,0
DPPA2,KAT6B,0
MAPK8,FN1,0
PRDM14,KLF15,0
BTAF1,ADAMTS9,0
TET2,PELP1,0
RARA,GM10039,0
NONO,ZFP423,0
GLI1,CALU,0
ELL2,LHX2,0
PARP1,DKC1,0
HDAC3,RCN3,0
GLI1,ATF2,0
JARID2,TCOF1,0
NR4A1,NSD1,0
EHMT2,ATF4,0
SALL1,APEX1,0
NFYB,MARC2,0
SALL1,SERPINE2,0
MEN1,TUBB6,0
SMAD2,TXNDC5,0
OTX2,BTG2,0
E2F4,KEAP1,0
HDAC3,HIST1H1A,0
MPHOSPH8,ZFP91,0
REST,CBX8,0
CBX8,HIVEP2,0
HDAC1,BRCA2,0
RIF1,SLCO3A1,0
ARID1A,ANKS1,0
NFYA,NANOG,0
RYBP,FOXH1,0
NR4A1,THRAP3,0
DPPA2,OBSL1,0
JUN,KLF3,0
MPHOSPH8,KLF4,0
DPPA2,ID2,0
CBX7,L1TD1,0
CNOT3,JUN,0
HDAC3,PHLDA3,0
NR4A1,LAMB2,0
HDAC2,DDX5,0
RYBP,ASS1,0
KDM5B,RNF14,0
GABBR1,IL33,0
PHC1,ITGA6,0
CHD7,DDX58,0
PARP1,TCEA1,0
DAXX,COL4A1,0
SMARCAD1,JUN,0
CBX7,REST,0
DPPA4,MSX2,0
DPPA4,SLC5A11,0
JARID2,ZC3H7A,0
MYCN,BCAT1,0
NR4A1,HSP90B1,0
PARP1,PMS1,0
E2F1,ZFP335,0
BAZ1A,MYO7A,0
SMAD3,SSR3,0
EHMT2,PODXL,0
SOX2,ATM,0
CNOT3,FN1,0
EHMT2,SP8,0
REST,YBX1,0
MTF2,TMF1,0
EHMT2,POLR2A,0
ELL2,GLMP,0
MYCN,RRBP1,0
PRDM14,GBX2,0
TFE3,NFKBIA,0
RYBP,PARVB,0
RYBP,ELF1,0
SUZ12,THRAP3,0
EP400,IRF1,0
REST,SAT1,0
EHMT2,NKRF,0
GLI2,ATP6V0A1,0
BAZ1A,LAMC1,0
MAFK,GABPA,0
MPHOSPH8,GABPA,0
TET2,BARX1,0
EED,TAF9,0
TGIF1,CRAMP1L,0
SMAD2,HNF4A,0
CHD4,CHST15,0
PARP1,CDKN1A,0
SMAD2,BRCA1,0
KDM5B,RUVBL1,0
JUN,ELAVL2,0
TRIM28,L1TD1,0
CBX8,FIZ1,0
CBX7,DDX54,0
MYCN,HDAC11,0
EED,TRH,0
RIF1,ZBTB43,0
TGIF1,TCF20,0
GLI1,XAB2,0
CHD7,HIP1,0
SMARCC1,PAX1,0
SMARCAD1,SOX4,0
RIF1,SRSF3,0
CBX7,TAF1,0
NONO,IGFBP2,0
SOX17,ANP32A,0
NACC1,UBE2C,0
ARID1A,SRSF6,0
MAFK,HES6,0
TET2,YBX1,0
SOX17,TULP3,0
NFYA,TAF6,0
MED12,SOX7,0
TET2,PDCD11,0
SMARCC1,PA2G4,0
MPHOSPH8,TRIP6,0
GLI2,TSHZ3,0
SMARCC1,ECD,0
ZFP57,CREBZF,0
EED,CCNB1,0
EP300,UTF1,0
DPPA4,HIP1,0
MAFK,CREB3L2,0
TFE3,EPAS1,0
TBX3,RLIM,0
NFYB,FOSL2,0
TGIF1,SIN3B,0
NFYA,COMMD3,0
SMARCA4,MT1,0
ZIC3,TAF1,0
SALL1,AMOTL2,0
ARID1A,EMP2,0
CBX7,SEC24D,0
SMARCAD1,SMARCC1,0
SMARCAD1,TCF12,0
ZIC3,MT2,0
ZIC3,ARID1A,0
TFE3,MYC,0
SOX2,TIMP3,0
PRDM14,GDPD5,0
GLI1,ZHX3,0
GLI1,KHDC3,0
SMARCAD1,MAML1,0
SOX17,NFIL3,0
SIN3A,EMX2,0
KDM5B,GATAD2B,0
SMARCA4,TET1,0
ELL3,ERCC8,0
KDM5B,TPD52,0
MAPK8,FUBP3,0
GLI2,FOXD3,0
PHC1,PIAS1,0
MEN1,TCEA3,0
PRDM14,HIST1H4K,0
YEATS4,IGF2,0
JUN,CITED2,0
HDAC1,SNAI1,0
BAZ1A,SPEN,0
EHMT2,ABT1,0
SALL1,JUN,0
TET2,KRT42,0
MYCN,DMRT1,0
CBX8,HDAC1,0
SMARCA4,MCM3,0
KDM5B,CENPB,0
SALL1,RARA,0
TET2,ATP6V0A1,0
RYBP,POLR1B,0
NFYA,ABT1,0
MYCN,FXYD3,0
TBX3,SRGN,0
NFYB,TRIP6,0
EHMT2,ANKS1,0
YEATS4,ZMYM2,0
CBX8,CHD5,0
EED,BRCA1,0
REST,GLS,0
DAXX,MORC4,0
HDAC2,TPM4,0
SUZ12,CCNG1,0
ARID1A,RARG,0
MAFK,ZFP42,0
EZH2,SP1,0
YEATS4,HDAC7,0
RYBP,SLC16A1,0
GATA4,GATA3,0
ELL2,PLOD2,0
GLI1,NR4A1,0
GLI2,KLF3,0
PHC1,MKRN1,0
BAZ1A,CDKN1A,0
ELL2,ETV5,0
PARP1,AATF,0
NFYA,DEK,0
ZFP42,FHL2,0
YEATS4,AU018091,0
CNOT3,TNFAIP3,0
TBX3,POLR2E,0
NONO,HMGA1,0
SMARCC1,COIL,0
HDAC1,HIST1H1A,0
MAPK8,SMAD2,0
MAFK,ESRRA,0
ELL2,MSH6,0
SMARCAD1,EZH1,0
JUN,RCC2,0
JARID2,LEFTY2,0
ZFP42,UBP1,0
TFE3,CUBN,0
MEN1,SMARCA2,0
CHD4,FXYD6,0
GLI2,TEAD1,0
RIF1,NR0B1,0
SALL4,NFIC,0
NACC1,ING1,0
YEATS4,ME1,0
KLF2,RFX2,0
EHMT2,SNORD93,0
MTF2,TRH,0
HDAC3,SLC25A4,0
GABBR1,AMOT,0
DPPA4,TOX4,0
CBX8,ATF1,0
SALL1,MANF,0
ELL2,CSF1,0
BAZ1A,ANXA5,0
CNOT3,RFXAP,0
PHC1,KLF8,0
PHC1,XAB2,0
EP300,CTNNBIP1,0
ELL3,ZFP398,0
TBX3,PIAS1,0
SMAD3,ETS1,0
GLI1,MCM3,0
EZH2,AES,0
PARP1,ELF3,0
EP400,RNF14,0
TGIF1,TRIB3,0
PRDM14,BRD7,0
BAZ1A,RRBP1,0
MEN1,POLR2A,0
MEN1,FXR2,0
GLI2,KLF15,0
REST,BASP1,0
NR0B1,KLF8,0
PRDM14,MORF4L2,0
ESRRB,NFIA,0
TET2,RELA,0
RYBP,XRCC6,0
CBX7,RARA,0
KDM5B,GLI2,0
MPHOSPH8,ZFP219,0
JUN,MYLPF,0
EHMT2,KAT2B,0
CHD7,HKDC1,0
EP400,RAB11A,0
JUN,LDB1,0
MPHOSPH8,TAF10,0
GATA4,CALCOCO1,0
MEN1,ITPK1,0
KDM5B,HMCES,0
MAPK8,ATP13A3,0
HDAC1,USF1,0
MAPK8,PHLDA3,0
MEN1,FXYD6,0
NACC1,TRIM28,0
PARP1,KHDC3,0
SMAD3,HDAC1,0
GATA4,HIST1H2AF,0
TBX3,KLF15,0
GATA4,NR2F6,0
HDAC1,SNORD93,0
CBX7,SMURF1,0
CTCF,TAF5,0
EHMT2,POLR2J,0
SMAD2,ITPK1,0
RARA,WDR45,0
MYCN,KLF8,0
MAFK,ATF7,0
E2F4,PHF2,0
SMAD3,BRPF1,0
TET2,NFATC2IP,0
ELL3,EYA1,0
ELL3,BTAF1,0
EHMT2,ASH1L,0
CTCF,DPP4,0
CBX8,INSIG1,0
DAXX,PRSS35,0
TFE3,TRP53BP1,0
JUN,TNS4,0
ARID1A,HIST1H2AK,0
EP400,SIRT2,0
YEATS4,CMKLR1,0
HDAC3,PML,0
DAXX,TAF6,0
PARP1,HDAC10,0
GATA4,ETV6,0
TGIF1,GATAD2B,0
PRDM14,EDEM1,0
GLI2,TPM4,0
E2F4,AKR1B8,0
DAXX,POU4F2,0
EP400,UBTF,0
DAXX,TCF20,0
MPHOSPH8,AMPD2,0
PARP1,CLDN6,0
DPPA2,MTA3,0
EHMT2,TRIM24,0
NR0B1,ME1,0
PHC1,EED,0
JUN,RBBP4,0
NONO,HIST1H2AK,0
CNOT3,SERPINH1,0
MYCN,BIN1,0
SMARCC1,BRPF1,0
KLF2,GABPA,0
TFE3,CTCF,0
HEXIM1,POU4F1,0
ESRRB,FLRT3,0
EHMT2,PRSS35,0
SMARCAD1,AQP8,0
KLF4,JDP2,0
TFE3,UHRF1,0
NFYB,PLOD2,0
DPPA4,HS3ST1,0
HDAC3,NR2C1,0
HEXIM1,ZBTB32,0
HCFC1,RELA,0
RARA,PGA5,0
JUN,CUBN,0
JARID2,HDLBP,0
MED12,PRSS35,0
CHD4,E2F1,0
SALL1,GLUL,0
NFYB,BMPER,0
TET2,PIAS3,0
HEXIM1,GJA1,0
EHMT2,ATF3,0
BAZ1A,TCEA3,0
BTAF1,AQP8,0
NONO,CALU,0
CHD7,SNURF,0
HCFC1,BMP6,0
ZFP42,RNF157,0
PARP1,ETV6,0
TET2,CRIP2,0
BAZ1A,EBF1,0
MPHOSPH8,TRP53,0
NFYA,CCN2,0
NFYB,PFKP,0
RIF1,FLRT3,0
TFE3,ERCC8,0
ZIC3,ZFP275,0
MAFK,TGFB1,0
EED,MPHOSPH8,0
REST,ING1,0
GLI2,CALD1,0
NONO,BTF3,0
EZH2,ZBTB20,0
OTX2,TIMP3,0
PARP1,SUB1,0
E2F4,NR2C1,0
SALL4,PER1,0
CBX8,SCMH1,0
CHD7,ODC1,0
MEN1,OPLAH,0
SOX2,PLRG1,0
TET2,MED12,0
YEATS4,PCBP2,0
EZH2,TCL1,0
HDAC1,SIRT2,0
RIF1,KHDRBS1,0
TFE3,HIF3A,0
NONO,TRIP11,0
MAFK,PITX1,0
TFE3,NAA15,0
DAXX,ZFP296,0
MAFK,MEIS3,0
TRIM28,FGF4,0
CHD7,AKT1,0
DAXX,DAB2,0
RYBP,DDX58,0
TET1,CREBZF,0
MAFK,GLI2,0
YEATS4,SOAT1,0
HDAC3,POU6F1,0
GLI1,TAGLN2,0
CBX8,ZFP236,0
MPHOSPH8,NR2C1,0
SUZ12,GABPA,0
ZFP42,MAGED1,0
SMAD2,NFIL3,0
EHMT2,HMGB2,0
HCFC1,TOP2B,0
DPPA2,SMAD3,0
NACC1,LMF2,0
NACC1,JAM2,0
ARID1A,CUX1,0
HDAC2,CDC42SE2,0
EP400,KRT8,0
MTF2,PELP1,0
SALL1,HNF1B,0
DAXX,PODXL,0
SMAD2,WDR45,0
NACC1,SNORD32A,0
NFYB,SFI1,0
TET1,IFI30,0
NR0B1,ZFAND3,0
PRDM14,OTX2,0
TRIM28,KDELR3,0
KDM5B,ETV5,0
PRDM14,DMRT1,0
SALL1,ZFP277,0
MPHOSPH8,SMARCC1,0
GATA4,PAX1,0
KLF2,MCM2,0
NACC1,TIMP3,0
GLI1,ANXA2,0
SMAD3,EBF4,0
RIF1,NANOG,0
TRIM28,HIST1H1A,0
MYCN,PTPN14,0
EP400,NCOA3,0
RIF1,CALR,0
PARP1,JUND,0
ARID1A,ELAVL2,0
CBX8,HSF2,0
ELL2,CALU,0
TET2,PDGFRA,0
ELL2,BACH2,0
HDAC2,ZBTB20,0
TRIM28,PATJ,0
PRDM14,PROX1,0
ELL2,HDAC5,0
SOX2,RERE,0
KLF2,POLR2A,0
SOX17,BRWD1,0
NR0B1,ITGA6,0
RYBP,HIST1H2AK,0
MTF2,NFIB,0
GTF3C1,KRT42,0
JARID2,FOXO3,0
PARP1,JAM2,0
RYBP,FST,0
SOX17,POLR2B,0
MAPK8,ZFP148,0
SMARCAD1,AATF,0
MPHOSPH8,SPRY2,0
GLI1,CAR2,0
NONO,TIMELESS,0
CHD7,SLC25A4,0
SALL1,OVOL1,0
GTF3C1,ID2,0
HDAC2,FUBP3,0
CHD7,NCOA3,0
JUN,AGAP3,0
HDAC1,ZEB2,0
KLF2,GNAS,0
SALL1,CNOT8,0
DPPA2,TRP53,0
SALL1,CEMIP,0
MPHOSPH8,GTF2A1L,0
KDM5B,UBTF,0
NFYA,TIMP3,0
REST,EFEMP2,0
EHMT2,DDAH2,0
SOX2,MTA3,0
SALL4,ATF2,0
EZH2,ETV1,0
GATA4,FABP3,0
SALL4,MED31,0
HDAC1,CNOT3,0
RIF1,FXR1,0
SALL4,DDX54,0
BAZ1A,FOSL2,0
E2F1,RAB3IL1,0
MPHOSPH8,JDP2,0
GATA4,FOXA2,0
MYC,HIP1,0
HDAC2,PML,0
TBX3,IRF2,0
SMAD3,MANF,0
ARID1A,CTSL,0
TGIF1,PODXL,0
ARID1A,DCP1A,0
MED12,FAM25C,0
TET2,BTG1,0
GLI2,CEBPZ,0
EED,SOX4,0
JUN,TSG101,0
SOX17,SMARCA4,0
TFE3,MLXIP,0
YEATS4,KLF6,0
MAPK8,SIX1,0
HDAC3,DDB2,0
MYCN,TCF4,0
MAPK8,IRF2,0
CBX8,ZFP768,0
NR4A1,COBL,0
TFE3,TNS4,0
MAFK,HIST1H1B,0
GLI2,PEG3,0
DPPA2,VSIR,0
SMARCA4,TAF9,0
MTF2,KAT2B,0
BAZ1A,HIST1H2AK,0
EZH2,TXNDC12,0
NACC1,RNF2,0
PRDM14,FAM25C,0
SMAD3,ATF3,0
NR0B1,SMARCA5,0
GATA4,IRF3,0
TGIF1,TWIST1,0
GATA4,LOXL2,0
JARID2,PARVB,0
MYC,ATF6,0
NR0B1,EP400,0
NR0B1,NPHS1,0
SALL1,VILL,0
ARID1A,SNAPC3,0
TGIF1,ID2,0
SUZ12,PHF14,0
MAFK,YAF2,0
NFYB,PATZ1,0
MAPK8,PDPN,0
HDAC3,MGST3,0
HDAC3,ANXA2,0
PARP1,CRY1,0
NFYB,BMI1,0
HDAC2,ETV1,0
SMAD2,BTBD11,0
HEXIM1,KEAP1,0
HEXIM1,MAPK3,0
HDAC1,NEDD4,0
HDAC3,PRSS35,0
MTF2,STARD8,0
PRDM14,YAF2,0
SMARCC1,ZFP281,0
OTX2,PITX1,0
SALL1,MEF2A,0
SALL1,MBD2,0
TET2,ZHX3,0
REST,TCOF1,0
CBX8,GDPD5,0
CHD4,BIN1,0
MEN1,PCOLCE,0
DPPA4,EPAS1,0
CHD4,LHX2,0
KLF2,PAX6,0
SMARCA4,HMGA2,0
NFYB,EP300,0
HDAC1,TCF12,0
SMAD2,CREB5,0
TET2,P3H4,0
HEXIM1,FXYD3,0
SOX17,HIP1,0
ARID1A,AMOT,0
ELL2,AMOTL2,0
ARID1A,DAXX,0
PHC1,POU5F1,0
RIF1,PCOLCE,0
ZIC3,MYBBP1A,0
SOX17,CCNG1,0
ELL2,TRIP6,0
SMARCAD1,TENM4,0
MYCN,HTRA1,0
ZFP42,NOTCH4,0
KDM5B,PCBD1,0
HCFC1,NFIB,0
EHMT2,TRP53,0
JUN,MCM4,0
RIF1,CSF1,0
E2F4,DPPA2,0
ARID1A,TRRAP,0
EHMT2,HOPX,0
GLI2,TCF20,0
KDM5B,NEDD4,0
KDM5B,LMF2,0
SMARCA4,GATA3,0
SMARCA4,MYO7A,0
NONO,HIST1H3H,0
CBX8,NR1H2,0
TRIM28,SOX15,0
EP400,ZFP462,0
RIF1,PROX1,0
KLF2,IGF2,0
CNOT3,ALPL,0
MYCN,FGF4,0
NR4A1,TBX3,0
EED,TFE3,0
HDAC2,CHCHD10,0
HDAC2,RBBP4,0
PHC1,PDIA6,0
ELL3,JARID2,0
POU5F1,HNF4A,0
CBX7,MCM6,0
E2F4,MAFK,0
ELL2,SLC5A11,0
CBX8,TGFB1,0
NFYB,RHOX6,0
GLI2,POU6F1,0
MEN1,FUS,0
NONO,PCBD1,0
SIN3A,GM10039,0
GATA4,SMARCC2,0
NR0B1,AMPD2,0
ARID1A,RNF157,0
SMARCAD1,ZFP36L1,0
SMARCC1,ZBTB39,0
HDAC2,E2F2,0
RIF1,AKR1B8,0
TGIF1,PHF20,0
NFYB,BACH2,0
TET2,MANF,0
ELL3,DEK,0
MYCN,ING3,0
CNOT3,ZMYM2,0
EP400,DAB2,0
SOX17,TXNDC12,0
ARID1A,NFATC4,0
MAPK8,MEIS3,0
HDAC2,ATF3,0
SALL1,CNOT6,0
MPHOSPH8,ISYNA1,0
ARID1A,GTF2H4,0
HDAC3,EP300,0
MYCN,ZFP42,0
ELL2,BAZ1A,0
DAXX,PURA,0
RARA,ALPL,0
YEATS4,EZH2,0
KLF2,ZBTB24,0
MEN1,SRGN,0
PRDM14,DDX5,0
TRIM28,LMF2,0
NONO,STARD8,0
NONO,HIST1H2AC,0
CNOT3,DUSP9,0
DAXX,SNORD32A,0
EED,HIST1H2BL,0
SALL1,PEG3,0
KDM5B,NFATC3,0
CBX8,NR0B1,0
KLF2,ZFAND3,0
ELL2,GPX3,0
DPPA2,P4HB,0
ELL2,NFE2L2,0
EZH2,RUVBL2,0
HEXIM1,RUVBL2,0
KLF2,CHCHD10,0
SOX17,SALL4,0
ELL2,TUBB2B,0
REST,RAPGEF3,0
RARA,TET1,0
E2F4,ERCC3,0
DAXX,NFATC4,0
NONO,GBX2,0
HDAC3,2200002D01RIK,0
ZFP57,DDIT3,0
ELL2,ZHX3,0
GLI1,RCC2,0
DPPA4,SRSF3,0
SMARCC1,RFX7,0
GLI2,ZMYND11,0
TET2,GATA6,0
HDAC1,VILL,0
ELL3,HDAC3,0
MTF2,MYO7A,0
SMARCAD1,MKX,0
REST,MAFK,0
ELL2,KRT8,0
PRDM14,HIST1H3H,0
RIF1,SLC7A6,0
MEN1,COTL1,0
JARID2,RCC2,0
GABBR1,SLC5A11,0
RYBP,DCXR,0
TFE3,MSC,0
CNOT3,NR2C1,0
SOX2,POLR3B,0
NFYB,DKK1,0
MAFK,HEY2,0
PRDM14,P4HB,0
PARP1,D230025D16RIK,0
CTCF,MAGED1,0
NFYB,GNRH1,0
BAZ1A,VEGFA,0
MEN1,RCN3,0
ELL2,PITX2,0
CNOT3,MCM5,0
MAFK,ADAMTS9,0
NFYA,BEND5,0
YEATS4,SRSF1,0
ARID1A,NANOG,0
EP400,NFXL1,0
CTCF,WDR45,0
SMAD3,ITPK1,0
DAXX,VEGFA,0
NFYB,HMGXB4,0
GATA4,NR0B1,0
YEATS4,LDB1,0
MAFK,JAM2,0
GLI2,BMP4,0
MEN1,ATF3,0
ELL2,ZFP276,0
CTCF,CTSL,0
MAFK,AMPD2,0
GLI2,MSC,0
NACC1,MOV10,0
CHD7,PLOD1,0
RYBP,COBL,0
MAFK,STAT5B,0
ZFP281,DCXR,0
RIF1,ARNTL,0
MYC,EMX2,0
BAZ1A,GLMP,0
GATA4,SIX5,0
ELL2,PITX1,0
SALL4,HNRNPAB,0
CBX7,TCL1,0
YEATS4,ATF5,0
SALL1,COPS2,0
NACC1,SEC24D,0
TBX3,MYH9,0
BAZ1A,RAD51,0
NACC1,NME2,0
YEATS4,SMURF2,0
ZIC3,FGF3,0
CBX7,LDB1,0
NFYB,MYBBP1A,0
EHMT2,ZBTB7A,0
EHMT2,ZFP398,0
CHD7,HMGB2,0
MYCN,LEFTY2,0
PHC1,SLC26A10,0
SIN3A,PER1,0
TBX3,FAM129B,0
MAFK,MYO6,0
NR4A1,FOXO1,0
RYBP,ANKRD54,0
RYBP,FAM129B,0
PHC1,IKBKB,0
REST,SIX1,0
GLI1,GDPD5,0
NR4A1,TMF1,0
MPHOSPH8,CENPB,0
SMAD3,HIF3A,0
NONO,RFX7,0
ELL3,SIN3A,0
MEN1,CTNNBL1,0
TET2,JMJD1C,0
RIF1,MYD88,0
NACC1,ECT2,0
NONO,ZDHHC15,0
RYBP,LAMA1,0
NR4A1,PBXIP1,0
MEN1,E2F6,0
SALL4,PEG3,0
MAPK8,TRIM32,0
GLI2,HKDC1,0
MTF2,PDIA6,0
ELL3,GNPDA1,0
SALL4,ARID3B,0
SIN3A,RPL22L1,0
JUN,CSRP2,0
SMARCA4,SOX7,0
HDAC2,TMEM144,0
YEATS4,CCND1,0
HCFC1,PRDM14,0
RYBP,FXYD6,0
ELL3,ABTB1,0
CHD7,UBE2C,0
GATA4,PCOLCE,0
MYC,SERPINH1,0
MTF2,CNOT2,0
TRIM28,PARVB,0
DAXX,SMARCA4,0
SMARCC1,ABTB1,0
ELL2,E2F1,0
GATA4,P4HA1,0
HDAC2,CITED2,0
CTCF,DAXX,0
TBX3,NPHS1,0
MYCN,RASGRP2,0
E2F4,SRM,0
SMAD2,RYBP,0
ELL3,P4HA2,0
RIF1,YEATS2,0
SMAD2,ZFP277,0
GLI1,MEF2A,0
CBX7,CBX6,0
NFYB,LMO4,0
SOX17,TCF7,0
GLI1,DDX20,0
MYC,RHOX6,0
TET2,ARID5B,0
CNOT3,PARVB,0
RYBP,SPARC,0
MYCN,WWTR1,0
CHD4,HIST1H1A,0
NR4A1,SNORD32A,0
NR4A1,LEFTY2,0
YEATS4,GLS,0
E2F4,LEFTY2,0
DPPA4,RAPGEF3,0
EZH2,AU018091,0
SMARCAD1,GSR,0
HEXIM1,TCF7L2,0
REST,APOBEC3,0
KLF2,SMARCA5,0
ELL2,GSTA4,0
ELL3,RAPGEF3,0
PRDM14,TWIST1,0
HDAC2,PAX8,0
CBX8,COTL1,0
EHMT2,PHB2,0
GLI1,NR1D2,0
DPPA2,EWSR1,0
MAPK8,INSIG1,0
PHC1,FN1,0
TBX3,SP1,0
RNF2,SNAPC3,0
CBX7,TCF7,0
PARP1,DTX1,0
ZIC3,MLXIPL,0
ZFP42,TCF7L2,0
MAPK8,LDHB,0
RARA,SPRY4,0
GATA4,VEGFA,0
ESRRB,FIZ1,0
PRDM14,FOXJ3,0
SOX2,FGF10,0
CTCF,FOXA2,0
ELL2,KRBA1,0
RYBP,FOXQ1,0
PARP1,ARID1A,0
MAFK,MAZ,0
E2F1,LOXL2,0
JARID2,ELF3,0
DAXX,ANP32A,0
CHD7,MCM5,0
HDAC1,COL4A1,0
ZIC3,MGST3,0
MPHOSPH8,PDIA6,0
NANOG,SNORA68,0
ELL3,MSX2,0
SMAD2,SP8,0
NR0B1,ZMYM2,0
HDAC1,PTPN14,0
NONO,MAPK13,0
PRDM14,TXNDC5,0
DAXX,ALG13,0
GLI2,XAB2,0
HDAC1,MCM5,0
KDM5B,ELF2,0
ZIC3,GZF1,0
KDM5B,DDX20,0
GATA4,ELF3,0
E2F4,SEPT1,0
CNOT3,CHCHD10,0
PHC1,PLAT,0
MAPK8,LRRK1,0
ZFP57,ZBTB7A,0
ESRRB,TET1,0
ELL2,ASXL1,0
NR0B1,NKRF,0
RYBP,PDK1,0
GLI1,RNF6,0
BTAF1,TAF1A,0
KLF2,KRBA1,0
SMAD2,PFKP,0
ESRRB,MIS18BP1,0
JUN,STAT5B,0
DPPA2,SOX7,0
PRDM14,ANKS1,0
HDAC2,HS3ST1,0
HCFC1,COBL,0
MAPK8,ZFP277,0
PHC1,CTBP1,0
SUZ12,SLC9A6,0
NONO,NSD1,0
EED,ECT2,0
EP400,DMRT1,0
SMAD2,TOP2B,0
SALL4,GLI1,0
SMARCC1,PATJ,0
PHC1,HKDC1,0
ZIC3,GSTA4,0
CBX8,HOXD13,0
MEN1,SIRT2,0
GLI2,FRMD4A,0
JUN,IL33,0
NONO,ETV5,0
RARA,RBPJ,0
NR0B1,SPEN,0
JARID2,PDK1,0
NR0B1,FIZ1,0
GATA4,CITED1,0
EP400,ZFP281,0
ARID1A,TGFB1I1,0
GLI1,KLF2,0
SALL4,YEATS4,0
YEATS4,RBPMS2,0
NFYA,PER1,0
HDAC2,CREB5,0
ARID1A,RHOX6,0
EP400,HIST1H2AC,0
ELL3,DDX20,0
RYBP,CTNNBIP1,0
KLF2,CTSZ,0
BAZ1A,PODXL,0
TFE3,COIL,0
MTF2,NONO,0
KLF2,ABHD5,0
DAXX,UTF1,0
DAXX,CTNNBL1,0
SOX17,CREB5,0
BAZ1A,NFIL3,0
GATA4,CHD7,0
ARID1A,GNAS,0
JUN,HIF1A,0
KLF2,IFITM1,0
CHD7,GLI2,0
E2F4,PLAGL2,0
RARA,TCF20,0
ZFP57,ZFP236,0
RYBP,NFATC2IP,0
PRDM14,DNAJC10,0
KDM5B,PAX6,0
JUN,ARL6IP5,0
MEN1,FOXO1,0
MTF2,EHMT2,0
CBX7,GLI1,0
RYBP,CBX4,0
RYBP,SRF,0
CHD4,P4HA1,0
KDM5B,ARID1A,0
TRIM28,FUBP3,0
SALL4,NACC1,0
E2F4,ATP13A3,0
KLF2,CHD5,0
NACC1,ZFP768,0
BAZ1A,ZFP592,0
DPPA4,HTT,0
GLI2,HSP90AA1,0
KDM5B,TNS4,0
PHC1,CREB3L2,0
GATA4,AKR1B8,0
PHC1,PELP1,0
MYCN,MAML3,0
GATA4,NFIC,0
MAFK,THBD,0
GLI1,SEPT1,0
CHD7,VEZF1,0
E2F4,SEC24D,0
PRDM14,IKBKB,0
MAFK,MCM4,0
MED12,ARHGEF40,0
SOX17,YEATS4,0
MEN1,PER1,0
PRDM14,TFRC,0
DAXX,TAF1A,0
NR4A1,CALD1,0
GLI2,2810025M15RIK,0
DPPA4,GJA1,0
HEXIM1,SNORD93,0
YEATS4,PHF14,0
DPPA4,ANKRD49,0
REST,UBTF,0
PARP1,ETV4,0
NR0B1,TRRAP,0
TFE3,TENM4,0
TFE3,PAPOLA,0
ELL2,FGF10,0
NONO,VEGFA,0
NONO,ATF6,0
ARID1A,PFKP,0
DAXX,SMAD4,0
NONO,GNPDA1,0
GLI2,ZFP236,0
CBX8,HIST1H2AF,0
JUN,IGF2,0
DAXX,ANKRD6,0
PRDM14,TAF9,0
EED,PHLDA3,0
MAPK8,NRIP1,0
MAPK8,TRIB3,0
HEXIM1,IL33,0
MTF2,SLC7A3,0
MED12,STARD8,0
HDAC3,RNF6,0
KDM5B,FOSL2,0
HDAC3,SRSF6,0
TRIM28,ADAMTS9,0
SOX2,GRB10,0
NRF1,RUNX3,0
HDAC3,ZBTB32,0
SMARCAD1,POLR2J,0
YEATS4,DCXR,0
RYBP,KRT42,0
DPPA4,NAA15,0
KDM5B,SPARC,0
KLF4,ALG13,0
NONO,TSG101,0
MTF2,NAA15,0
TET2,CELF3,0
ZFP57,FOXJ2,0
JUN,MKRN1,0
SALL4,OVOL1,0
HDAC2,TCL1,0
CBX7,RBPJ,0
EED,TFEB,0
SMAD2,SPARC,0
NFYB,EBF4,0
NACC1,CNOT6,0
GLI1,MAPK11,0
GATA4,CNOT2,0
ELL3,MT1,0
MTF2,CTSL,0
CHD4,PTPN14,0
MPHOSPH8,GATA3,0
CTCF,CALU,0
TBX3,MYO6,0
CTCF,NUPR1,0
CBX8,GNAS,0
SMAD2,2810025M15RIK,0
MTF2,VSIR,0
DAXX,NCOA3,0
MED12,HMGA2,0
EP400,MYC,0
PARP1,SIN3A,0
ELL2,TCF20,0
MPHOSPH8,RFX2,0
TFE3,ETV6,0
KDM5B,HIST1H2BK,0
ELL3,GLIPR2,0
YEATS4,DIDO1,0
RIF1,GNRH1,0
PARP1,GATAD2B,0
GATA4,RBBP7,0
KDM5B,SORD,0
HDAC3,CTSL,0
SMAD3,NFIB,0
CHD7,ZFYVE21,0
NR0B1,MED15,0
MEN1,SRSF3,0
SALL4,SSR3,0
MYCN,EBF4,0
MPHOSPH8,KLF15,0
NR4A1,PCBP2,0
HDAC2,MANF,0
CHD7,UBP1,0
SMAD3,CEMIP,0
TGIF1,HMGA2,0
SMARCC1,COMMD3,0
NONO,TRIB3,0
RARA,LMF2,0
EHMT2,EFEMP2,0
PHC1,TBL1X,0
EP300,CSF1,0
NR4A1,PDPN,0
TFE3,APOBEC3,0
GLI1,EHMT2,0
SMARCC1,XBP1,0
CBX7,HNRNPAB,0
CHD7,MEIS1,0
PRDM14,RBPJ,0
ZFP281,EBF1,0
EP400,FGF3,0
PRDM14,SATB2,0
ARID1A,STARD8,0
TBX3,SEC24D,0
MAFK,CTNNB1,0
ZFP42,IRF4,0
HDAC3,TXNDC12,0
DPPA2,XRCC5,0
MYCN,TMEM150A,0
NONO,CUX1,0
ZIC3,SRSF6,0
YEATS4,HIST1H1B,0
BAZ1A,ZEB2,0
DAXX,TSG101,0
JUN,SORD,0
NACC1,MLXIPL,0
NONO,SRSF3,0
CHD4,COL4A1,0
GLI2,KPNA2,0
JARID2,TCF4,0
MEN1,ZFP979,0
NFYA,COL4A2,0
NACC1,HIST1H1A,0
HDAC3,TMEM144,0
PRDM14,HSF2BP,0
GLI1,NFATC2IP,0
CHD4,RAB3IL1,0
MPHOSPH8,LOXL2,0
SOX17,CNOT6,0
MTF2,MDM2,0
GLI2,CLDN6,0
MAPK8,RUNX1,0
SALL1,SNORD32A,0
PARP1,2200002D01RIK,0
TFE3,FOSL2,0
NACC1,FST,0
SMARCC1,SERPINE2,0
CBX8,POU4F2,0
ZFP57,SLC7A3,0
CBX8,AQP8,0
NONO,KLF3,0
E2F1,TNS4,0
CBX8,TINAGL1,0
MYC,SRSF1,0
SUZ12,ANKRD49,0
ARID1A,ESRRA,0
SMAD2,EFEMP2,0
EHMT2,PIAS3,0
SIN3A,HNF1B,0
DAXX,MLLT1,0
MYCN,ZFP276,0
NR4A1,MARC2,0
EP400,ABHD5,0
ELL3,NFIL3,0
SALL1,MKX,0
RARA,RRBP1,0
ARID1A,FGF10,0
MTF2,ELL3,0
TGIF1,NFATC4,0
YEATS4,SNURF,0
CHD4,TUBA4A,0
TET2,MAN1A2,0
JUN,ARNTL,0
RARA,VIM,0
PHC1,TNK2,0
CHD7,KLF15,0
GLI2,DUSP9,0
NONO,SELENOW,0
MEN1,CRY1,0
ARID1A,POLR1E,0
SMARCAD1,FRMD4A,0
MYC,CALCOCO2,0
RIF1,PATZ1,0
EED,NOTCH2,0
ZFP42,MED15,0
GLI2,FAM129B,0
CTCF,NR2F6,0
MAPK8,FOSL2,0
ELL2,DDX58,0
ZFP281,RPL22L1,0
HEXIM1,DDX58,0
NFYB,YEATS2,0
RIF1,WWTR1,0
SOX17,GAS6,0
NFYA,ARNT2,0
TET2,HIST1H2BB,0
SALL4,FOXQ1,0
HDAC1,MSX2,0
CNOT3,TULP3,0
CBX8,FOXO3,0
KDM5B,CTH,0
EP400,ZFP42,0
NR0B1,NSD1,0
HDAC2,NR2F2,0
EHMT2,TFRC,0
REST,PDCD11,0
MTF2,RARG,0
ZFP57,SUZ12,0
MEN1,SOX2,0
CBX7,ELF3,0
CBX7,TCOF1,0
SMAD3,GLI2,0
NR0B1,APBB1,0
ELL3,LRP2,0
YEATS4,HDAC2,0
DAXX,TSPAN9,0
NACC1,FABP3,0
NACC1,ZEB1,0
E2F4,PURA,0
ZFP281,ZFP979,0
CBX8,ETV1,0
JUN,NFIB,0
NONO,SMARCA4,0
HDAC3,PAX8,0
HDAC1,TDH,0
NONO,PDGFRA,0
TET2,BCLAF1,0
EP400,HDAC10,0
BAZ1A,SOX17,0
CBX8,TEAD4,0
SALL1,PDPN,0
SMARCC1,ARNT2,0
DPPA2,FAM234A,0
HDAC1,CNOT6L,0
PARP1,HDAC5,0
TBX3,TAF1A,0
CTCF,ING1,0
DAXX,CKAP4,0
JARID2,FUBP3,0
NFYA,NEDD4,0
TFE3,EWSR1,0
PARP1,HDLBP,0
NFYB,ZFP277,0
MAPK8,KHDRBS1,0
PHC1,SRGN,0
SMARCAD1,GTF3C1,0
DPPA2,MAPK3,0
BAZ1A,TRIM28,0
REST,P3H1,0
ZFP42,IFITM3,0
MED12,HNF4A,0
PARP1,FOXO1,0
MAPK8,HIST1H2BK,0
CHD4,UBP1,0
ELL3,PATJ,0
ARID1A,BMP4,0
RARA,FOSL2,0
KLF2,POLR1B,0
RARA,LRP2,0
REST,MAML1,0
TGIF1,XBP1,0
EP400,PLOD2,0
NR0B1,TEAD3,0
ELL2,PHB2,0
REST,ERF,0
ESRRB,TRIM32,0
CTCF,ERF,0
EED,ZFP36L1,0
TFE3,TOX4,0
UTF1,ADAMTS9,0
KDM5B,TAF6,0
GLI2,TRIM13,0
NONO,MT1,0
GLI2,HNRNPAB,0
HDAC2,COPS2,0
NR4A1,GDPD5,0
EHMT2,CKB,0
SMAD2,SORD,0
CTCF,HSF2,0
CBX8,OPLAH,0
SOX17,CMKLR1,0
SMARCA4,LAMA5,0
NR4A1,RFX5,0
CBX8,PBXIP1,0
MYCN,TMF1,0
TBX3,TPM4,0
NACC1,RUNX3,0
SOX17,HKDC1,0
KDM5B,ZFP398,0
CTCF,HDAC11,0
JUN,ZFP148,0
SOX2,TNS4,0
MTF2,TRIM24,0
SOX17,IFITM3,0
GLI1,PRDM14,0
MAPK8,BTAF1,0
MPHOSPH8,SMAD4,0
NONO,XRCC5,0
PARP1,PARVB,0
ZIC3,FOXH1,0
GLI1,TMSB4X,0
OTX2,SMARCAD1,0
SALL1,ELL3,0
SMARCA4,SNORD93,0
CNOT3,GNRH1,0
NFYB,ATF1,0
PARP1,IL33,0
NR0B1,2410141K09RIK,0
MAFK,ZFP423,0
YEATS4,FOXH1,0
NACC1,POLR2B,0
HDAC2,FUS,0
GLI2,MED21,0
SMARCAD1,TLE1,0
TRIM28,MXD4,0
ZIC3,MLXIP,0
PHC1,ZFP276,0
EP400,PSIP1,0
E2F1,TAX1BP3,0
NR4A1,BRCA2,0
RARA,CSF1,0
BAZ1A,EPS8,0
MYCN,TTF2,0
TET2,NSD1,0
HDAC1,OTX2,0
CBX8,B2M,0
MAFK,ZFP91,0
CTCF,SLC5A11,0
CTCF,AGAP3,0
EHMT2,PLAGL2,0
MED12,EOMES,0
MAPK8,HDGF,0
HDAC3,SELENOW,0
NFYA,ELF4,0
BAZ1A,CRY1,0
NR4A1,NR2F6,0
GLI1,ABTB1,0
KDM5B,SRSF6,0
ZFP57,NPHS1,0
EHMT2,CALR,0
TET1,ASH1L,0
MAFK,LGMN,0
TGIF1,LY6G6E,0
RNF2,HNF4A,0
NFYA,SATB2,0
MAFK,ALG13,0
SMAD3,AES,0
TET2,CUX2,0
REST,HDLBP,0
TRIM28,PREB,0
GLI1,TXNDC12,0
EHMT2,BRD7,0
MAPK8,POLR1E,0
KDM5B,SAT1,0
TRIM28,EFEMP2,0
MAPK8,POLR3B,0
GLI2,TAF6L,0
BAZ1A,SHROOM3,0
CBX7,SUZ12,0
DPPA2,SOX2,0
CNOT3,RAB3IL1,0
YEATS4,TCEA1,0
GLI2,SGK1,0
GLI1,COL27A1,0
GLI1,CRIP2,0
SMAD3,SOX2,0
NR0B1,POLR1C,0
JARID2,SSBP4,0
JUN,TSHZ3,0
DPPA2,MED21,0
SALL1,NFATC2IP,0
TET1,ARID5B,0
NR4A1,PCOLCE,0
JUN,MAN1A2,0
SMAD2,MAN1A2,0
MED12,IRF4,0
NFYA,MEF2C,0
DAXX,HIVEP2,0
NFYB,ZFP219,0
SMAD3,COL27A1,0
ELL3,HDAC7,0
RYBP,PEG3,0
RARA,AIP,0
CBX8,TAX1BP3,0
ZFP57,RFX5,0
SMARCAD1,TCERG1,0
HCFC1,JMJD1C,0
ZIC3,HSPG2,0
BAZ1A,RBBP7,0
E2F4,ELK1,0
SUZ12,LAPTM5,0
SOX17,KLF3,0
SUZ12,BRCA1,0
CBX7,KHDRBS1,0
MYC,APBB1,0
SMARCAD1,SORD,0
SMARCC1,ETV5,0
ARID1A,NFIL3,0
CTCF,KLF10,0
NONO,LAMA5,0
JARID2,SIN3B,0
HDAC3,TGIF1,0
TRIM28,SNORA26,0
RIF1,HTRA1,0
NFYB,TNS4,0
OTX2,STAT5B,0
NACC1,ZFP462,0
KDM5B,PDCD4,0
E2F4,ASH2L,0
HCFC1,EDEM1,0
PHC1,KHDRBS1,0
SMARCAD1,FAM129B,0
SMARCA4,WBP11,0
MYC,MED21,0
REST,MLXIP,0
EHMT2,SMAD3,0
EP400,CTSD,0
REST,BMP4,0
KDM5B,COPS2,0
GLI2,RASGRP2,0
RIF1,VEGFA,0
GLI1,ELL2,0
YEATS4,POLR2J,0
NR4A1,CTNNBL1,0
SMARCC1,MOV10,0
SMARCA4,FGF10,0
NRF1,MEIS3,0
CBX8,AGAP3,0
REST,ADAMTS9,0
TFE3,CELF3,0
HDAC2,SNORD35B,0
JUN,KHDC3,0
MAFK,TRIM13,0
NONO,BEND5,0
CHD7,NKRF,0
HCFC1,HNF4A,0
BAZ1A,SRSF6,0
YEATS4,FAM234A,0
ELL2,NR1D2,0
NFYA,ARID1A,0
MAPK8,ZFP296,0
MEN1,ZFP42,0
MYCN,LMO4,0
TRIM28,NFXL1,0
NACC1,HNRNPK,0
GLI2,CNOT8,0
TBX3,DUSP9,0
BAZ1A,ID2,0
MYC,SLC26A10,0
NACC1,SAP30,0
JUN,LAMB2,0
KDM5B,FGF4,0
DAXX,ADAMTS9,0
SMARCAD1,ETV5,0
HDAC3,TAF5,0
EED,NFXL1,0
E2F1,TFAP4,0
MAFK,CIC,0
SMAD3,MTA3,0
NFYB,SAP30,0
HCFC1,IFITM2,0
PHC1,SMARCB1,0
CNOT3,NFKB2,0
SALL1,EHMT2,0
MAFK,ETV3,0
NR0B1,BTF3,0
ZFP42,KAT6B,0
EP400,EPS8,0
BAZ1A,TBX18,0
SMARCAD1,TIMELESS,0
DPPA2,PLOD3,0
GATA4,CTNNB1,0
NONO,ILK,0
CBX7,EED,0
MPHOSPH8,POU4F2,0
REST,SRSF3,0
MTF2,RBMXL2,0
PRDM14,PHF20,0
CTCF,NXF7,0
NONO,RNF19A,0
HCFC1,MEF2C,0
KLF2,PTH1R,0
MPHOSPH8,VEGFA,0
MYCN,DIDO1,0
PRDM14,NFYB,0
BAZ1A,OPLAH,0
MYCN,GTF2A1L,0
MYC,SNAI1,0
PARP1,BMP6,0
MAFK,FRRS1,0
MAFK,BCL3,0
MAFK,CST3,0
EHMT2,APP,0
HCFC1,UBE2C,0
CBX7,SEPT1,0
NR0B1,AKR1B8,0
NR0B1,BRCA2,0
DAXX,CREB5,0
ELL3,SSB,0
DPPA2,HSPA5,0
PHC1,HIST1H2BK,0
CNOT3,TINAGL1,0
MYCN,ZFP592,0
DAXX,DCP1A,0
ELL3,MDM2,0
ELL3,FOXJ2,0
ELL2,MEG3,0
PRDM14,ZFP277,0
ZFP57,MBD2,0
KLF2,PBX4,0
E2F1,SMAD4,0
NR0B1,MCM3,0
E2F4,YEATS2,0
CBX7,HDGF,0
RARA,BIN1,0
KLF4,NR2C1,0
PRDM14,MEF2A,0
ZFP57,HCFC1,0
YEATS4,ARID3B,0
YEATS4,SGK1,0
MPHOSPH8,CBX7,0
DAXX,DEK,0
PARP1,PRSS35,0
NFYB,TBX3,0
SALL1,GNAS,0
HDAC2,SALL4,0
CNOT3,KAT6B,0
DPPA2,ARL6IP5,0
HDAC3,FRMD4A,0
MPHOSPH8,CHD5,0
EHMT2,CEBPZ,0
GLI1,AKT1,0
MAPK8,HIST1H2AC,0
ELL2,RAI14,0
PARP1,GSR,0
CBX7,MYBBP1A,0
PRDM14,PRDM5,0
NR0B1,ORC2,0
EED,UBQLN2,0
MAPK8,RBM14,0
GATA4,KRT8,0
EP300,CHD7,0
SMARCC1,MYO6,0
SALL4,HNRNPK,0
NR4A1,AMOTL2,0
GLI2,DPP4,0
GLI2,HIST1H2BL,0
SMAD3,GNAS,0
GLI1,SIN3A,0
RARA,SELENOW,0
CNOT3,TAF6,0
RYBP,ZBTB38,0
TBX3,ARID3B,0
GLI2,TDGF1,0
SALL4,EPHA2,0
MAPK8,SMAD4,0
SMARCA4,TRIM13,0
CBX7,SAT1,0
CHD7,SPARC,0
SUZ12,RAD54B,0
BTAF1,HSF2BP,0
SMAD2,AQP8,0
MYC,PAPOLA,0
ARID1A,TULP3,0
GLI2,CTNNBIP1,0
EP300,P3H4,0
GATA4,DDB2,0
MAPK8,RANBP17,0
TFE3,SNAI1,0
E2F4,POLR3D,0
JUN,FABP3,0
GATA4,ARNT2,0
SMARCAD1,NR5A2,0
RYBP,ZFP462,0
YEATS4,LRP2,0
UTF1,GTF2H4,0
MAFK,PTH1R,0
PRDM14,MCM7,0
TRIM28,TCEA3,0
ELL3,SMURF2,0
NFYA,SERPINH1,0
CHD7,SHKBP1,0
RIF1,UPP1,0
EHMT2,ECT2,0
CHD4,CMKLR1,0
POU5F1,SLC26A10,0
EED,HIST1H2BF,0
EED,ZBTB20,0
HDAC1,ZDHHC16,0
NFYA,MYMX,0
CBX8,SOS2,0
HDAC2,GLI2,0
MEN1,HIST1H4K,0
DAXX,ZBTB10,0
PARP1,PROX1,0
SALL1,PDCD4,0
GLI1,SRM,0
EED,CHD5,0
MAPK8,ERF,0
CHD7,PLAT,0
NFYB,PRRX2,0
NR0B1,LMO4,0
TGIF1,CNOT3,0
NFYB,TMEM144,0
CNOT3,TBX18,0
CHD7,SFPQ,0
YEATS4,ZFP398,0
CNOT3,FUS,0
ZIC3,MYH9,0
DPPA4,2810025M15RIK,0
HEXIM1,NONO,0
KDM5B,HIST1H3H,0
JARID2,NCOR1,0
TBX3,IFI30,0
SMARCC1,MSC,0
TBX3,TRP53,0
ARID1A,HTRA1,0
NR4A1,CCNG1,0
TGIF1,BTAF1,0
MPHOSPH8,TWIST1,0
CHD7,KAT6B,0
NR4A1,CTH,0
MAPK8,VEZF1,0
SMAD2,CUBN,0
CTCF,SURF4,0
SMAD2,GTF2H4,0
HDAC2,SAP30,0
CBX7,HDAC11,0
KLF2,NPAS2,0
SMARCAD1,RANBP17,0
NR0B1,DPP4,0
SALL4,TUBA4A,0
ZIC3,CDC5L,0
TFE3,ELL3,0
TFE3,GATA3,0
RYBP,POLR2K,0
HCFC1,DUSP9,0
TFE3,TSHZ3,0
KLF2,TCL1,0
MAPK8,DNAJC2,0
NACC1,ZFP277,0
BAZ1A,PRSS35,0
TGIF1,ATF1,0
SMARCC1,SIN3A,0
EP300,NOTUM,0
SALL4,SLC16A1,0
MYC,LAMA1,0
ZFP42,ITPK1,0
CBX8,PAPOLA,0
CNOT3,TDH,0
SALL1,GNPDA1,0
ZIC3,SMARCC2,0
SOX17,MDM2,0
PARP1,ARHGAP29,0
CHD4,HSPH1,0
CHD4,HSF2,0
KLF4,ZBTB38,0
ZIC3,ZEB1,0
PARP1,TFE3,0
HDAC1,FRRS1,0
SMARCA4,HKDC1,0
DAXX,BARX1,0
TRIM28,ZBTB3,0
NFYA,ETV1,0
CHD7,NME2,0
TET2,GNRH1,0
NR4A1,SOX2,0
CHD7,CRABP2,0
TBX3,PGA5,0
SMAD2,HSPG2,0
TET1,CCND1,0
PARP1,INTS12,0
NR4A1,COIL,0
CBX8,MARC2,0
E2F1,ZFP275,0
TGIF1,CALCOCO2,0
EHMT2,YBX1,0
CNOT3,ARNTL,0
ARID1A,KHDC3,0
GLI2,HIP1,0
MTF2,GLMP,0
CBX8,LY6G6E,0
MAFK,P4HA2,0
MYCN,TLE1,0
ZIC3,MAGED1,0
ELL3,BARX1,0
GTF3C1,SNORD32A,0
NR0B1,GATA3,0
KDM5B,YEATS4,0
BAZ1A,ZFP281,0
CBX7,SIN3A,0
ELL3,HKDC1,0
DPPA2,KHDRBS1,0
HDAC2,SIX1,0
GLI1,DDX54,0
BAZ1A,SNORD35B,0
SMAD3,POLR3F,0
GATA4,FXR2,0
TET2,NDRG1,0
GLI1,CHCHD10,0
BTAF1,SLC7A3,0
KLF2,BASP1,0
SALL4,CHD5,0
TBX3,GTF3C5,0
PARP1,SORD,0
TFE3,NCOA3,0
MAFK,SIRT2,0
EP400,TXNDC5,0
CHD4,ZBTB7A,0
CHD4,ELF1,0
NACC1,INSIG1,0
RNF2,ZFP987,0
GTF3C1,MAGED1,0
GATA4,GNPDA1,0
DPPA4,HIST1H2AI,0
MTF2,HDAC11,0
PRDM14,HNF1B,0
KLF2,FBLIM1,0
SOX2,TGFB1,0
DPPA2,NCOR1,0
EP400,SGK1,0
PHC1,ZFP423,0
EHMT2,AU018091,0
HEXIM1,EMX2,0
GLI2,TSG101,0
HCFC1,IRF6,0
REST,MYBBP1A,0
TFE3,LDB1,0
TGIF1,FAM25C,0
MYC,SRI,0
HEXIM1,ASH1L,0
DPPA2,DNAJC10,0
GLI1,TMEM144,0
CHD4,P4HB,0
KDM5B,PER1,0
E2F4,ZYX,0
DPPA4,MYBL2,0
GLI2,POU4F2,0
MAFK,RYBP,0
DAXX,MAPK3,0
TET2,SMAD2,0
GATA4,NONO,0
ELL3,TBX3,0
RARA,PEG3,0
RARA,DPPA4,0
KDM5B,FN1,0
E2F1,TCF20,0
CBX8,SEMA4C,0
CHD4,KLF8,0
SMARCC1,CSF1,0
NFYB,CITED2,0
TBX3,MIS18BP1,0
TET1,FOXA2,0
YEATS4,ZFYVE21,0
TET2,SND1,0
RIF1,BACH2,0
CBX7,HIST1H1B,0
CHD7,RBMX,0
NFYB,ABTB1,0
DPPA2,ANXA2,0
NONO,PHF12,0
DPPA4,TWIST1,0
PARP1,POLR2K,0
ELL2,EP400,0
MYC,ZEB1,0
MTF2,CCN2,0
PHC1,MBD2,0
EHMT2,TIMP2,0
SOX2,IRF6,0
SMAD2,ZBTB10,0
EED,SUB1,0
DAXX,KLF10,0
ARID1A,HIST1H4K,0
CHD4,CITED1,0
SOX2,ATF2,0
SMARCA4,PGA5,0
ESRRB,GTF2H3,0
ZIC3,CHD4,0
EED,NFATC3,0
ELL3,TGFB1I1,0
ELL3,APP,0
RYBP,MYBL2,0
KLF2,ETV3,0
RYBP,CBX6,0
JUN,KAT6B,0
NFYB,PLOD1,0
PRDM14,HDAC7,0
MEN1,GNRH1,0
GATA4,IFI30,0
GLI2,NONO,0
CTCF,TCOF1,0
EED,HMGA1,0
KLF2,MARC2,0
NFYA,DUSP9,0
SOX17,FOXO3,0
OTX2,CUBN,0
KLF4,MITF,0
GLI2,TXNIP,0
TBX3,JDP2,0
HDAC1,JARID2,0
ZIC3,ID3,0
SOX2,PIAS1,0
NONO,BRWD1,0
EED,ZFYVE21,0
MAFK,AKR1B8,0
SMARCAD1,HMGA1B,0
NONO,ZFP592,0
EHMT2,PARVB,0
EP300,CHD4,0
SALL1,ATF5,0
HCFC1,KDELR3,0
KLF2,ATF1,0
TFE3,NOTUM,0
NR0B1,ZBTB20,0
SMARCC1,HOXD13,0
PHC1,EIF4A2,0
PHC1,TFEB,0
PHC1,SPARC,0
EHMT2,MOV10,0
ARID1A,MKRN1,0
BAZ1A,NRF1,0
SMAD2,ABTB1,0
PHC1,CRY1,0
ZIC3,GRB10,0
JARID2,ZFP979,0
MED12,NR2F2,0
CBX7,E2F1,0
DPPA2,CDKN1A,0
GATA4,NR5A2,0
REST,TAGLN2,0
MAFK,KAT6B,0
MYCN,MME,0
PHC1,ZHX3,0
SMAD3,TGFB1I1,0
NONO,GAS6,0
NFYB,IRF3,0
ARID1A,MCM6,0
NONO,ABT1,0
DPPA4,PCBD1,0
MEN1,HS3ST1,0
SALL4,GLIS2,0
CHD7,BCAT1,0
SALL4,TMED2,0
GLI1,RNF19A,0
JARID2,FXYD3,0
CTCF,SELENOW,0
YEATS4,NRG1,0
SOX17,TAX1BP3,0
SMARCA4,UBE2C,0
EP400,TINAGL1,0
SMARCA4,SLC6A8,0
HEXIM1,SOX17,0
YEATS4,MAML1,0
SUZ12,E2F1,0
TET2,TAGLN2,0
ESRRB,HIST1H2BB,0
JUN,SERPINE2,0
EP300,MEG3,0
PARP1,SAT1,0
NFYA,GATAD2B,0
SMARCA4,FOXD3,0
NR0B1,SNORA68,0
JUN,SERPINH1,0
HDAC3,PREB,0
ZFP57,TAGLN2,0
RARA,RUNX1,0
KLF2,MT2,0
KLF2,MT1,0
MYCN,RNF157,0
MYC,ESRRB,0
SMARCAD1,TRIM28,0
MAFK,POLR2E,0
HEXIM1,NSD2,0
MTF2,PRDM5,0
MPHOSPH8,GM10039,0
PHC1,PMM1,0
SMARCAD1,BASP1,0
GLI2,TOP2B,0
PARP1,POU2F1,0
NFYA,KEAP1,0
DR1,PBXIP1,0
ZIC3,NCOA3,0
SOX2,CNOT6L,0
GATA4,POLR1A,0
REST,ANKRD49,0
MAFK,SOAT1,0
JUN,PLOD3,0
RNF2,RUNX3,0
MPHOSPH8,KLF8,0
HDAC2,NME2,0
MAFK,H1F0,0
SMAD2,SATB2,0
NR4A1,PLAG1,0
JARID2,ULK1,0
DPPA4,TCOF1,0
MYCN,SLC7A3,0
HDAC1,SOX2,0
TFE3,SFI1,0
NONO,SPARC,0
JUN,IRF4,0
JARID2,ZFAND3,0
NFYB,MDM2,0
CHD7,ELK4,0
ELL3,LRPAP1,0
TBX3,RFX7,0
KLF2,NFATC1,0
PRDM14,THRAP3,0
YEATS4,EWSR1,0
NR4A1,TADA3,0
NACC1,CAR2,0
MAPK8,BTG1,0
TFE3,SRF,0
GLI2,ZFP277,0
HDAC1,PRDM14,0
CNOT3,AES,0
GLI1,DNAJC2,0
GLI1,NRF1,0
KDM5B,RNF2,0
KLF2,HIVEP2,0
RYBP,PLRG1,0
MTF2,PRDM14,0
NR4A1,ELF3,0
CBX8,RNF6,0
HDAC3,MXD4,0
ELL2,P4HA1,0
CBX8,CALCOCO1,0
SUZ12,MYBBP1A,0
DPPA4,ELK1,0
CBX7,L3MBTL2,0
MPHOSPH8,HDAC5,0
REST,ZFP398,0
GLI1,RYBP,0
ZIC3,ESPL1,0
HCFC1,RARA,0
SALL1,PIAS2,0
SMARCC1,CUX1,0
GATA4,TRRAP,0
MYC,TCF20,0
SALL4,ZFP592,0
PARP1,KANK3,0
RIF1,FUBP3,0
NFYA,STXBP2,0
PRDM14,PHF1,0
ELL2,YBX1,0
PRDM14,RHOX6,0
HDAC2,GBX2,0
MAFK,DPPA2,0
PRDM14,SLC26A10,0
MEN1,CTBP1,0
GLI1,SRSF6,0
SMARCAD1,POLR1B,0
GLI1,TCOF1,0
SMARCC1,PDGFRA,0
SALL4,ETS1,0
KDM5B,RIF1,0
CHD7,ECD,0
BTAF1,FAM25C,0
NACC1,TFAP2C,0
SOX17,HMGXB3,0
PRDM14,GNAS,0
GLI1,CTSD,0
NFYA,LEFTY1,0
CBX7,MYO6,0
JUN,NFYB,0
DAXX,IRF3,0
NR4A1,RNF14,0
GLI1,GLDC,0
SMAD2,STAT4,0
PARP1,SLC9A6,0
SALL4,ADAM23,0
REST,NFXL1,0
SALL1,HNRNPAB,0
NR0B1,HIST1H2AF,0
HDAC2,HDLBP,0
EP400,ZBTB3,0
ELL2,TOX4,0
MPHOSPH8,BEX1,0
DPPA4,ODC1,0
HCFC1,RUNX1,0
CBX7,HDAC4,0
NFYA,LRPAP1,0
E2F4,ZFP42,0
HDAC3,PRRX2,0
GLI2,GABPA,0
BAZ1A,PATZ1,0
JUN,HIST1H2BB,0
RYBP,TDH,0
TET2,EWSR1,0
GTF3C1,RCN3,0
RYBP,EPHA4,0
TRIM28,TXNDC5,0
NR4A1,CTCF,0
CHD7,CTSA,0
REST,AKT1,0
MAFK,PTPN14,0
NR4A1,CLDN6,0
MEN1,TEAD3,0
TET1,SLC26A10,0
SMAD2,UBTF,0
CBX8,BTBD11,0
SMARCC1,CNOT6,0
REST,JUND,0
BAZ1A,PHB2,0
SMARCAD1,AMOT,0
CNOT3,MEG3,0
HDAC1,PLOD2,0
ELL2,TLE1,0
NFYB,GRHL1,0
DAXX,SGK1,0
POU5F1,STARD8,0
NONO,NANOG,0
JARID2,DDX58,0
KLF4,APP,0
SMAD3,HDAC5,0
GLI2,ERCC8,0
UTF1,RPL22L1,0
SMARCAD1,VILL,0
NFYA,NID1,0
NFYA,NR1H2,0
ELL2,ALPL,0
YEATS4,HIST1H4K,0
CNOT3,CUX1,0
JUN,MTA3,0
HDAC2,SRM,0
GLI1,ANKS1,0
RARA,EBF1,0
BAZ1A,CDC20,0
ZIC3,MYMX,0
CHD7,ZDHHC16,0
CBX8,MYD88,0
JUN,ANKS1,0
E2F4,MARC2,0
PARP1,FXYD6,0
DPPA4,FOXD3,0
YEATS4,TOP2B,0
MPHOSPH8,SNORD35B,0
KDM5B,ERF,0
ZIC3,ZFP236,0
YEATS4,COMMD3,0
MAPK8,MLXIP,0
BAZ1A,SMARCAD1,0
JUN,NFE2L2,0
SOX17,FN1,0
E2F1,UNG,0
E2F1,ZFYVE21,0
KLF2,D230025D16RIK,0
SMAD3,RHOX6,0
KLF2,ZFP979,0
ZIC3,GTF3C5,0
TBX3,GABBR1,0
CHD4,KLF2,0
RARA,MAPK11,0
MAPK8,RFX5,0
GLI1,UPP1,0
MTF2,ERP29,0
NR4A1,NDN,0
MAPK8,RIF1,0
DPPA2,HTRA1,0
TET2,ING1,0
HDAC1,MCM7,0
MYC,MAML3,0
TRIM28,VILL,0
CNOT3,NRF1,0
TGIF1,NCOR1,0
TBX3,SATB2,0
SMAD3,AATF,0
CHD7,DDAH2,0
DAXX,ZBTB32,0
BAZ1A,ALG13,0
REST,TCF12,0
TFE3,GSTA4,0
SUZ12,LRPAP1,0
GLI1,WWTR1,0
ELL3,ME1,0
PHC1,PMS1,0
GLI1,TFEB,0
EZH2,ARID5B,0
SMAD2,PODXL,0
NR4A1,ILK,0
HDAC2,APOE,0
ELL2,HDGF,0
MYCN,THRAP3,0
RIF1,EBF1,0
ESRRB,VEGFA,0
CBX7,MYCN,0
TFE3,NFE2L2,0
EP400,HDAC3,0
MYCN,PKNOX2,0
CNOT3,ELK1,0
KLF4,TFAP4,0
CHD7,ARHGEF40,0
CBX8,MATR3,0
EHMT2,PAPOLA,0
CTCF,RNF157,0
TFE3,SALL1,0
HDAC3,KLF3,0
MYC,DDAH2,0
DPPA4,TAF1,0
PHC1,NCOA3,0
RYBP,ZFP423,0
SUZ12,POLR1C,0
HDAC2,NFKB2,0
TET2,PML,0
DPPA4,ASH1L,0
JUN,FUS,0
CTCF,BMP4,0
HDAC1,MKRN1,0
HCFC1,ZEB1,0
DAXX,LDLRAP1,0
MTF2,CCNB1,0
BTAF1,PLA2G1B,0
ARID1A,MPHOSPH8,0
MAPK8,HSPB1,0
HDAC2,NFYB,0
MYCN,EPS8,0
NONO,PDPN,0
CTCF,KRT42,0
MAFK,ZFP398,0
SMAD3,IFITM3,0
SOX17,ESRRB,0
EHMT2,BMP4,0
SMAD3,P3H4,0
RIF1,MARC2,0
MYCN,PLA2G1B,0
TFE3,GNAS,0
NFYB,LAPTM5,0
E2F4,MTA3,0
NACC1,MLLT1,0
RARA,TMSB4X,0
GLI1,HSBP1,0
MYCN,CALCOCO1,0
TRIM28,FGF10,0
JUN,HDAC10,0
NR4A1,FAM234A,0
DAXX,ASH1L,0
MYCN,ZYX,0
ELL2,SOX17,0
NACC1,RB1,0
RIF1,PER1,0
CBX8,2810025M15RIK,0
YEATS4,MIS18BP1,0
CHD4,PEG3,0
MYC,NDN,0
ZFP42,MRAS,0
CBX7,CRAMP1L,0
NR4A1,SNORA68,0
ELL3,PHF1,0
GLI2,NRF1,0
PHC1,ZFP446,0
ZIC3,ATP13A3,0
JARID2,SUB1,0
MTF2,MYCN,0
NONO,PRSS35,0
CHD4,BRCA2,0
TBX3,CUBN,0
GATA4,SOX2,0
PARP1,TRIM32,0
MYC,YEATS2,0
SMAD2,PHB2,0
RYBP,UTF1,0
CHD4,PLAT,0
SMARCA4,DKK1,0
SALL1,ATF2,0
SMARCAD1,TIMP2,0
ARID1A,TAF6L,0
NR0B1,ZSWIM4,0
PHC1,TRP53,0
YEATS4,TFEB,0
EP400,GTF2H4,0
NR4A1,TCERG1,0
HDAC2,TRIM25,0
HCFC1,MED12,0
SMARCC1,ZSWIM4,0
SMARCC1,HIST1H4K,0
RARA,SLCO3A1,0
KDM5B,RFX5,0
CBX8,CTBP1,0
NONO,TFAP4,0
EP400,ZFP236,0
MEN1,SNORD35B,0
EED,SMAD7,0
JARID2,SND1,0
DAXX,SLC25A4,0
NFYB,FGF4,0
YEATS4,SEC24D,0
SMARCAD1,WDR45,0
CTCF,NFXL1,0
E2F4,EBF4,0
CBX7,HIST1H2AC,0
HCFC1,ZYX,0
EED,ANKRD6,0
SMARCA4,MEF2C,0
HEXIM1,CTNNBIP1,0
SUZ12,ECT2,0
NFYB,TCF20,0
MAPK8,BTG2,0
GLI2,LTBP4,0
RARA,PRSS35,0
GTF3C1,SOX17,0
TBX3,ZFPM1,0
MAPK8,CTNNBL1,0
CHD7,ABT1,0
ZIC3,ZBTB43,0
DAXX,TFRC,0
TET2,WDR45,0
BAZ1A,COL4A2,0
EHMT2,GTF2A1L,0
MTF2,SALL1,0
NACC1,TCERG1,0
ARID1A,E2F1,0
ZFP57,TAF1,0
CNOT3,PDGFRA,0
MPHOSPH8,PLA2G1B,0
HDAC3,HIF1A,0
KDM5B,LAMA1,0
TBX3,LAMA1,0
GLI1,HSPB1,0
MYC,EMP2,0
GLI2,FRRS1,0
EHMT2,KDM3A,0
HCFC1,NPHS1,0
CNOT3,FDPS,0
PRDM14,MAN1A2,0
GLI2,DAZAP2,0
TBX3,TIMP2,0
BAZ1A,SND1,0
SMARCC1,UCHL1,0
E2F1,KNTC1,0
BAZ1A,MEG3,0
NFYB,RBMX,0
YEATS4,CALR,0
TET2,PTH1R,0
NFYA,AMOTL2,0
E2F4,E2F6,0
SMARCC1,HSP90AA1,0
DR1,MYO7A,0
OTX2,TBX18,0
E2F4,ZFHX3,0
MYCN,MYBL2,0
ZFP42,SNORA26,0
SMARCC1,TBL1X,0
OTX2,CREB3L2,0
KLF4,RFX5,0
DAXX,RNF6,0
SMARCC1,NFE2L1,0
MPHOSPH8,ETV1,0
HDAC2,NDN,0
ELL2,POLR3D,0
SMAD2,MBD2,0
KLF2,TRIM25,0
TBX3,TOP2A,0
SALL1,HMGA1,0
ARID1A,HDLBP,0
SALL1,YEATS4,0
ELL2,TEAD1,0
SMAD2,CRABP2,0
GLI1,GATA3,0
NONO,EZH2,0
SMARCC1,AKT1,0
SMAD3,HSPA5,0
JARID2,ELL3,0
CNOT3,ULK1,0
EZH2,NUPR1,0
KLF4,BEX1,0
BAZ1A,SEMA4C,0
RIF1,APP,0
CTCF,DDIT3,0
MAPK8,LEFTY2,0
MYCN,KANK3,0
SUZ12,DDX54,0
DAXX,DKC1,0
HDAC2,CELF3,0
CTCF,TCEA3,0
ZIC3,HES6,0
ARID1A,SATB2,0
MTF2,MEN1,0
NR4A1,LDLRAP1,0
KLF2,HIST1H2BK,0
NFYA,FN1,0
NR4A1,SPOCK1,0
TBX3,ETV4,0
EP400,FST,0
ARID1A,GTF2A1L,0
SOX2,DNAJC10,0
RYBP,SHKBP1,0
REST,PATJ,0
PHC1,TFCP2L1,0
HEXIM1,GATA4,0
ZFP42,NSD1,0
TCF12,KDELR3,0
EP400,MEG3,0
TET2,HOXD13,0
ESRRB,RERE,0
NR0B1,SIX1,0
HDAC2,XRCC5,0
CBX8,SIN3A,0
EP400,BTG2,0
EED,HMGA1B,0
TRIM28,POLR2I,0
CNOT3,VEGFA,0
NFYA,BTF3,0
TGIF1,NFATC3,0
SMAD2,EPAS1,0
NR4A1,E2F4,0
CHD7,CELF3,0
SMAD3,NFYB,0
SOX17,CUBN,0
MAPK8,DDB1,0
PARP1,DR1,0
MAPK8,TCF7,0
PHC1,SAT1,0
ZIC3,TNS4,0
HDAC3,EZH1,0
UTF1,PAX1,0
MTF2,KIT,0
EP400,SMAD7,0
DR1,NOTCH4,0
RYBP,RERE,0
RIF1,GBX2,0
PRDM14,SNORD93,0
EP400,PHF1,0
EP300,TWIST1,0
SOX17,RBFOX2,0
NACC1,ANKRD6,0
DAXX,OBSL1,0
GLI2,HIF3A,0
MYC,FGF10,0
MTF2,PBXIP1,0
NONO,AATF,0
EP400,HS3ST1,0
DPPA4,TGIF1,0
JUN,IFITM2,0
SMARCAD1,PBXIP1,0
TCF12,COTL1,0
TET1,SNORD93,0
SOX2,RNF14,0
EP400,FUBP3,0
PARP1,TADA3,0
PHC1,GZF1,0
PARP1,ESRRB,0
MAPK8,HSBP1,0
BAZ1A,CSRP2,0
KDM5B,ZEB2,0
CNOT3,RNF157,0
KLF4,NFIL3,0
JARID2,NEDD4,0
DPPA4,RAI14,0
GATA4,POLR1C,0
TBX3,ANKRD49,0
EED,HDAC7,0
TFE3,SRSF1,0
HDAC2,NFIC,0
HDAC2,ARNTL,0
KDM5B,MAPK8,0
GLI1,MAGED1,0
CBX8,ASH2L,0
NFYA,PLOD2,0
YEATS4,BTF3,0
JUN,PCBP2,0
MPHOSPH8,HMGXB4,0
TET2,ELF3,0
SMAD3,E2F6,0
CHD7,IFITM3,0
PHC1,RLIM,0
KLF4,PREB,0
NFYA,CHD4,0
ESRRB,ID4,0
JUN,PHB2,0
DPPA2,GJA1,0
CBX8,NFE2L1,0
E2F4,SORD,0
GLI2,ZFP462,0
EHMT2,TMEM144,0
MYCN,SOX17,0
SMAD3,CRAMP1L,0
SOX17,ELK4,0
MYC,TNS4,0
NR0B1,DAXX,0
E2F4,TRIP6,0
NACC1,STAT5A,0
HCFC1,SDC4,0
SMAD2,EPHA4,0
EED,MME,0
ELL2,FRRS1,0
HDAC2,GATA6,0
MAPK8,SOX4,0
NACC1,JMJD1C,0
TRIM28,LAPTM5,0
DAXX,XAB2,0
KLF2,HMGA1B,0
MYC,AKT1,0
GLI1,VSIR,0
PRDM14,CST3,0
NONO,DPP4,0
HDAC1,NCOR1,0
PRDM14,HDAC5,0
SALL1,KNTC1,0
ZIC3,TENM4,0
MEN1,TIMELESS,0
ELL3,POLR3B,0
EED,L3MBTL2,0
SOX2,POLR1C,0
YEATS4,UBE2C,0
PRDM14,REST,0
HEXIM1,DPPA4,0
TRIM28,SSB,0
ZFP42,SLCO3A1,0
SOX2,SSBP4,0
HDAC3,CUX1,0
CHD4,GPX3,0
NR0B1,GTF2A1L,0
BAZ1A,RBL1,0
CHD7,PAWR,0
MPHOSPH8,WWTR1,0
TGIF1,MED15,0
KLF2,TCOF1,0
NFYA,MEIS1,0
HDAC1,FOXO3,0
MAFK,TET2,0
DPPA4,BTG2,0
MPHOSPH8,JMJD1C,0
ESRRB,PDIA6,0
TFE3,BRWD1,0
BAZ1A,CNOT3,0
TFE3,MEF2A,0
CHD7,RIF1,0
EHMT2,NRG1,0
HDAC2,SREBF1,0
ELL2,NRF1,0
ELL3,DDAH2,0
NR4A1,HNRNPD,0
CHD7,SLC6A8,0
SALL1,LAMA1,0
MYC,BACH2,0
REST,EDEM1,0
NFYB,SLC6A6,0
MEN1,PGA5,0
SALL1,ZBTB38,0
SMARCAD1,SMARCA2,0
PARP1,FRRS1,0
SMAD3,EPHA4,0
NR4A1,TAX1BP3,0
NONO,IFITM3,0
NONO,CEBPZ,0
ZFP42,CHCHD10,0
TFE3,MSX2,0
RYBP,TRIM32,0
NFYA,BARX1,0
CHD7,MT2,0
SOX17,TBX3,0
NFYA,BCL3,0
SALL4,SEPT1,0
NACC1,GRHL1,0
HDAC1,GPX3,0
HDAC1,SIX1,0
ZIC3,COPS2,0
SMARCC1,CKAP4,0
GLI1,E2F4,0
SMARCC1,PIAS3,0
CHD4,ECT2,0
JARID2,TMED2,0
SOX17,ULK1,0
TBX3,KEAP1,0
REST,CHST15,0
DPPA2,2200002D01RIK,0
MEN1,MYBBP1A,0
EP300,POU4F1,0
KLF2,ZDHHC16,0
MAPK8,TAF10,0
TRIM28,POLR3D,0
REST,ASS1,0
CTCF,ELL3,0
MYCN,RBFOX2,0
SOX17,FXR2,0
RYBP,PTH1R,0
ZFP57,MYC,0
SALL4,SLC7A6,0
HDAC2,RBPMS2,0
NR4A1,CNOT2,0
EED,CALU,0
PARP1,TRIP11,0
SMARCC1,UTF1,0
KDM5B,DKK1,0
SMARCA4,FOXO3,0
E2F4,GABBR1,0
CHD4,AKR1B8,0
TET1,RUNX3,0
HDAC3,TBPL1,0
ARID1A,SOX2,0
NACC1,ZFP398,0
YEATS4,ZBTB7A,0
EHMT2,TRIM32,0
SOX17,SIN3B,0
DAXX,DNAJC2,0
SALL4,MT1,0
SMAD2,SHKBP1,0
GLI1,ARHGEF40,0
TET2,CTCF,0
NACC1,ELAVL2,0
TFE3,RFX5,0
BAZ1A,TNFAIP3,0
KDM5B,GLDC,0
EP400,SPOCK1,0
SMARCAD1,KLF8,0
EED,FAM25C,0
DAXX,SRI,0
SALL4,ERCC3,0
ARID1A,SCMH1,0
SMARCAD1,BTG2,0
HCFC1,TINAGL1,0
TFE3,NID1,0
ZIC3,ASH2L,0
E2F4,ELL3,0
HDAC1,PDGFRA,0
GLI1,SOX7,0
NFYA,RBFOX2,0
NONO,GSR,0
ARID1A,SMAD4,0
YEATS4,MGST3,0
KLF2,SNORA68,0
TFE3,CITED2,0
EHMT2,IKBKB,0
PARP1,MKRN1,0
BAZ1A,TOP2A,0
MAPK8,RUNX3,0
JARID2,TAGLN2,0
ELL2,GATA3,0
PHC1,GDPD5,0
RARA,CREBZF,0
NONO,ETV3,0
SMARCAD1,KPNA2,0
MPHOSPH8,OTX2,0
EED,ZFP335,0
RARA,CTSZ,0
RIF1,BARD1,0
HDAC1,MITF,0
TFE3,CMKLR1,0
REST,CKB,0
TGIF1,HMGXB3,0
KDM5B,NRF1,0
CTCF,CREB5,0
NONO,POLR2H,0
JARID2,TEAD1,0
SOX2,LHX2,0
EED,KLF13,0
PHC1,DCXR,0
KLF2,NPHS1,0
DPPA2,HSP90AA1,0
NR0B1,CLCN5,0
CNOT3,KANK2,0
ELL2,ISYNA1,0
ZIC3,NFIC,0
SALL4,HDAC2,0
NONO,PTH1R,0
NFYA,YAF2,0
PRDM14,ID2,0
RARA,F3,0
RIF1,SMARCC2,0
REST,ELF1,0
E2F4,ZHX3,0
KLF2,GTF2I,0
EZH2,SOX2,0
CBX8,NFYB,0
RYBP,CNOT7,0
NONO,PKNOX2,0
TBX3,SLCO3A1,0
MAPK8,ESRRA,0
MAFK,RBL1,0
MYCN,ME1,0
PARP1,POLR2I,0
BAZ1A,RAI14,0
YEATS4,RNF157,0
CBX8,SLC25A4,0
HEXIM1,TYRO3,0
MPHOSPH8,HDAC4,0
SALL4,EMP2,0
MAPK8,SURF4,0
KDM5B,BARX1,0
GLI1,RARG,0
GLI2,HDAC3,0
SMARCAD1,YEATS2,0
REST,ASXL1,0
BAZ1A,MYD88,0
JUN,PDCD11,0
HDAC2,MATR3,0
KLF2,HIST1H2BF,0
HDAC3,FXYD6,0
SOX17,BACH2,0
ELL3,HIST1H2BN,0
EHMT2,CHD4,0
EED,NME2,0
HDAC1,EIF4A2,0
KDM5B,NFE2L1,0
MYCN,SUB1,0
TET2,ZDHHC16,0
DPPA4,GLI1,0
TET2,NR2C1,0
SALL1,RELA,0
OTX2,ELP2,0
TRIM28,GTF2H3,0
CHD7,GATA3,0
PARP1,CTCF,0
ESRRB,RAPGEF3,0
JUN,EZH2,0
TET2,TRP53,0
ZFP42,BNIP3,0
NFYA,RAPGEF3,0
HDAC2,HOXD13,0
SMAD2,RUNX1,0
PRDM14,HSF2,0
PHC1,CSF1,0
GLI1,ZBTB38,0
GLI2,PLA2G1B,0
TFE3,CCNB1,0
RARA,LY6G6E,0
ELL2,BCL3,0
E2F4,SKIL,0
MTF2,HMGB2,0
SALL1,TMED2,0
SUZ12,HSBP1,0
SMAD3,NME2,0
CTCF,SNAPC3,0
RIF1,RRBP1,0
HDAC1,HS3ST1,0
GLI2,SIRT1,0
SMAD3,TAF1A,0
JUN,NR5A2,0
CNOT3,SEMA4C,0
SMARCA4,HIST1H2AF,0
TBX3,PER1,0
MPHOSPH8,HDAC1,0
PRDM14,PLOD2,0
SIN3A,GJA1,0
KDM5B,GTF3C5,0
ELL3,ZFP423,0
EHMT2,MYCN,0
MAFK,TUBA4A,0
YEATS4,TRIM13,0
DPPA4,ASNS,0
E2F4,PDCD4,0
EHMT2,MEF2A,0
CBX7,PARP1,0
ELL2,MYBL2,0
NFYB,VEZF1,0
ELL3,TFCP2L1,0
TET2,GLS,0
RIF1,NACC1,0
UTF1,SNORA26,0
HDAC1,HDAC4,0
JUN,SLC5A11,0
NFYB,TRRAP,0
SOX2,NOTUM,0
E2F4,ZBTB39,0
EP400,PHF2,0
SALL1,BARX1,0
CNOT3,EPHA2,0
PRDM14,SATB1,0
RARA,FGF10,0
SMARCC1,TDH,0
OTX2,ILF2,0
NONO,DNMT3A,0
DPPA2,CEBPZ,0
HDAC3,TEAD1,0
NRF1,PCOLCE,0
NFYB,DPP4,0
RARA,ZFP148,0
OTX2,CHD5,0
KLF4,PHLDB2,0
YEATS4,MAPK8,0
KDM5B,RBPMS2,0
ELL2,NR1D1,0
NACC1,SOX15,0
NACC1,HIST1H2BB,0
TGIF1,SKIL,0
MYC,ALPL,0
MYC,THBD,0
ELL2,MSC,0
HDAC1,ZDHHC15,0
KLF2,SMARCD1,0
CTCF,CMKLR1,0
RYBP,KLF9,0
YEATS4,HES6,0
HCFC1,LAPTM5,0
NR0B1,POLR2H,0
GLI2,NDRG4,0
KLF2,UTF1,0
PRDM14,PLAT,0
MPHOSPH8,TMED2,0
BAZ1A,MGST3,0
ARID1A,RANBP17,0
MYCN,ITGA6,0
SALL1,ID4,0
MYCN,TEAD3,0
RIF1,DPPA4,0
NONO,KHDC3,0
TGIF1,ZFP281,0
JARID2,TAX1BP3,0
GLI1,EIF4A2,0
TGIF1,CNOT2,0
EP300,ID2,0
SMARCAD1,ATF6,0
BAZ1A,PAX6,0
RYBP,CD63,0
GATA4,TAF6L,0
NFYB,ZHX3,0
REST,NCOA3,0
YEATS4,SIX1,0
SMAD2,GNRH1,0
MTF2,TULP3,0
MAPK8,RBFOX2,0
REST,ATF4,0
NR4A1,TXNDC5,0
NONO,SNORA68,0
PHC1,ESRRA,0
GLI2,HIST1H1B,0
DAXX,LAMB2,0
GLI1,ZFP276,0
ELL2,TINAGL1,0
MAFK,ABT1,0
MYC,VEZF1,0
CHD7,KLF13,0
ESRRB,KHDRBS1,0
MYCN,FOXP1,0
NR0B1,DDB2,0
MPHOSPH8,KANK3,0
EP400,HOPX,0
HDAC3,RBPMS2,0
DAXX,ELAVL2,0
SALL1,BMI1,0
DPPA2,SGK1,0
MED12,SNORA68,0
NONO,PAX6,0
GATA4,ANKRD49,0
TRIM28,TIMELESS,0
SIN3A,PAX1,0
YEATS4,THRAP3,0
KLF2,DNAJC10,0
E2F1,MYO6,0
KLF4,POLR2B,0
EHMT2,SIRT3,0
SMARCAD1,KRT8,0
RIF1,ZC3H7A,0
SUZ12,TOX4,0
TET2,GRIN1,0
MAFK,FGFR3,0
EP400,SOCS2,0
CNOT3,PURA,0
CBX8,CDKN1A,0
CHD4,YEATS4,0
MYCN,CHST15,0
HDAC2,ERCC8,0
NONO,NFIB,0
SMAD3,CAR2,0
DAXX,CTH,0
GLI2,NDN,0
MAPK8,SPP1,0
MAFK,GM10039,0
SALL4,HDAC1,0
ZFP42,PDGFRA,0
SOX17,CRABP2,0
REST,EIF4A2,0
BAZ1A,BTG2,0
MAPK8,DAB2,0
SMARCA4,SAP30,0
NR0B1,RRBP1,0
PHC1,TMEM144,0
MYC,TOX3,0
TET2,ZMYM2,0
SOX17,ARID1A,0
UTF1,JMJD1C,0
RIF1,RCOR2,0
MAPK8,FAM25C,0
TFE3,L1TD1,0
CTCF,KLF15,0
REST,AKR1B8,0
MYCN,HOXD13,0
CHD7,BEND5,0
ZFP281,HKDC1,0
NFYB,TRIM32,0
NFYB,MEG3,0
PARP1,ZFAND3,0
HDAC3,ZBTB20,0
EP400,PURA,0
SMARCAD1,SPARC,0
NR0B1,PMS1,0
CHD7,MAPK8,0
CHD4,HOXD13,0
PHC1,SLC25A4,0
TET1,ZBTB3,0
GATA4,CDC5L,0
GATA4,DAXX,0
CBX7,SRSF6,0
SMAD3,CLDN6,0
NFYB,SUB1,0
GLI1,RBBP4,0
NFYA,NACC1,0
MYCN,NFIL3,0
DAXX,ASNS,0
ZIC3,MIS18BP1,0
ELL2,KLF15,0
ZFP42,CEMIP,0
HDAC2,NFE2L2,0
NONO,FOSL2,0
MPHOSPH8,NR4A1,0
ZIC3,FAM234A,0
EP400,ANKRD54,0
ZIC3,FOXO3,0
CTCF,LHX2,0
ZIC3,HIST1H1A,0
SALL1,RBBP7,0
DAXX,ELL2,0
KDM5B,DAXX,0
HDAC1,SPARC,0
NFYB,ARL6IP5,0
NR4A1,PA2G4,0
E2F4,APOBEC3,0
MEN1,BCL3,0
TFE3,KNTC1,0
ELL3,HIST1H1A,0
KDM5B,PAWR,0
HCFC1,2810025M15RIK,0
CHD7,RBFOX2,0
HDAC2,CREBZF,0
MTF2,ZFP36L1,0
RIF1,CD63,0
EED,ALPL,0
TET2,CALU,0
E2F4,CREB5,0
MAPK8,GATA3,0
HDAC3,RCOR2,0
SOX17,HDAC1,0
E2F4,STAT5A,0
NONO,SSR3,0
KLF4,CBX6,0
JUN,MT1,0
BTAF1,BMP4,0
SOX17,CTNNBIP1,0
MYCN,ID4,0
BAZ1A,NID1,0
EP400,ORC2,0
RARA,ZFP236,0
EP300,POLR2K,0
SMARCAD1,DAXX,0
TET2,GABBR1,0
ELL3,AIRE,0
PHC1,SOX2,0
EP400,SLC25A5,0
CHD7,ZFPM1,0
EHMT2,CDC20,0
TCF12,TGFB1,0
SOX2,PIAS2,0
JARID2,ANP32A,0
SMAD2,ZFP236,0
NR0B1,ZFP276,0
E2F4,MAPK13,0
ELL3,ZFP979,0
MTF2,CNOT8,0
RNF2,NPHS1,0
MAFK,SAP30,0
PRDM14,TMEM150A,0
SOX17,KLF8,0
REST,AMOTL2,0
MAPK8,TAF1A,0
SOX17,SRSF1,0
NONO,SIN3A,0
RYBP,PATJ,0
CTCF,ZBTB3,0
EZH2,HDAC10,0
E2F4,MBD2,0
BAZ1A,NR2F6,0
REST,CTNNBIP1,0
NR4A1,PKNOX2,0
RARA,NR1H2,0
ELL3,ZFP277,0
NFYB,NKRF,0
REST,PMS1,0
UTF1,GLMP,0
JUN,CHD5,0
NACC1,PROX1,0
MYCN,BNIP3,0
GLI2,ZFP42,0
SMAD3,ANKRD49,0
HDAC1,BIN1,0
ARID1A,RNF6,0
HDAC2,HIST1H1D,0
KDM5B,FRMD4A,0
SOX2,NFXL1,0
JUN,BMI1,0
NONO,KAT2B,0
SUZ12,ALG13,0
YEATS4,PRDM5,0
GLI1,CTNNBL1,0
MAFK,RANBP17,0
REST,SOX7,0
EP300,CITED1,0
CBX8,ASH1L,0
MTF2,LAMA1,0
CHD7,KEAP1,0
ELL3,FOXP1,0
BAZ1A,DAZAP2,0
SMARCAD1,HMCES,0
GATA4,RBPJ,0
GLI1,TCEA1,0
EZH2,DDX58,0
JUN,ATF2,0
CBX7,RAB11A,0
CNOT3,CNOT8,0
ELL2,SELENOW,0
NR4A1,TFE3,0
SOX17,ASH1L,0
NR4A1,TRP53BP1,0
ZIC3,STARD10,0
GLI1,NOTCH4,0
MPHOSPH8,CITED1,0
DPPA2,PCBP2,0
SALL1,DDX54,0
SMARCAD1,ERCC8,0
SMAD3,TOX4,0
BAZ1A,SPP1,0
TFE3,STXBP2,0
SMARCC1,ADAM19,0
ELL3,ZSWIM4,0
GLI2,EZH1,0
NR4A1,APBB1,0
JARID2,ADAMTS9,0
HDAC2,P3H4,0
ESRRB,LOXL2,0
KLF2,RPL22L1,0
BTAF1,POLR2K,0
SALL1,PAX1,0
SOX17,POLR2H,0
NONO,LAMB2,0
HDAC3,MED4,0
SALL4,NPHS1,0
CHD7,FAM129B,0
TET1,NANOG,0
SOX17,ATF3,0
CBX8,SMARCA2,0
SALL4,ELF1,0
SALL4,MYO6,0
GLI1,TNS4,0
HDAC3,PODXL,0
SALL4,DTX1,0
RIF1,ZFP979,0
SALL4,AIP,0
YEATS4,TCL1,0
NR0B1,KLF4,0
MED12,CMKLR1,0
SUZ12,GPX3,0
SMARCAD1,E2F6,0
ARID1A,UTF1,0
SALL1,IRF1,0
CBX7,ALPL,0
HDAC2,SLC7A3,0
MAPK8,SRSF3,0
NONO,ERF,0
MYCN,MAPK11,0
EED,TFAP2C,0
RYBP,SERTAD2,0
NFYB,IGF2,0
SMARCC1,ZBTB38,0
ELL3,SIX1,0
TBX3,APP,0
KLF2,MSX2,0
RIF1,MEIS1,0
NR4A1,HSPB1,0
YEATS4,ZEB1,0
E2F4,MRAS,0
MPHOSPH8,NKRF,0
TET2,FGF4,0
MAFK,SLC26A10,0
GATA4,GJA1,0
DPPA4,TDGF1,0
EP300,SRGN,0
DPPA4,TNS4,0
DAXX,ZFP148,0
CTCF,TTF2,0
TBX3,SMURF1,0
RYBP,TCF20,0
NFYA,PHF2,0
CHD4,BMP4,0
ZFP42,PCBD1,0
ELL2,RBBP7,0
NR0B1,GRIN1,0
SALL1,NOTUM,0
NFYB,RAB3IL1,0
ZFP42,MAFK,0
HDAC3,SNORA26,0
KLF2,E2F6,0
SALL1,SNORA68,0
MAFK,SLC25A5,0
ELL2,ZFP398,0
ELL2,SNORD93,0
TCF12,SLC26A10,0
HDAC1,HSP90B1,0
CHD7,RBM14,0
DPPA4,PDGFRA,0
DPPA4,SMAD4,0
NONO,PHLDB2,0
NONO,SOX17,0
HDAC1,ARHGEF40,0
ZIC3,BRCA1,0
HDAC3,HDAC5,0
NACC1,PRDM5,0
PRDM14,FGF3,0
E2F4,CTH,0
GATA4,REST,0
HDAC1,PTH1R,0
CHD4,MLXIPL,0
PARP1,CEBPZ,0
GLI1,CBX8,0
SOX17,RAPGEF3,0
PHC1,ERCC3,0
HDAC2,CSRP2,0
MTF2,TRP53BP1,0
SOX2,BCLAF1,0
EP400,KANK3,0
SMAD3,MOV10,0
HDAC2,SOX15,0
CBX8,NFKB2,0
PRDM14,STARD10,0
PARP1,NR1D2,0
EHMT2,HTT,0
E2F4,ITGA6,0
HDAC1,SPOCK1,0
HDAC3,LRP2,0
SMARCAD1,GNPDA1,0
EP300,BARX1,0
RIF1,MDM2,0
GLI1,GZF1,0
MYC,JMJD1C,0
SMARCC1,KLF3,0
HDAC3,P3H1,0
ELL3,ZFP276,0
HDAC2,TAF1A,0
SALL1,RBL1,0
NONO,NXF7,0
ELL2,SNAPC3,0
EED,MAFK,0
UTF1,NSD2,0
ELL2,TADA3,0
PARP1,IFITM2,0
TGIF1,CKB,0
RARA,XBP1,0
NONO,SPRY4,0
GATA4,CSRP2,0
CNOT3,PSIP1,0
MEN1,CALCOCO2,0
ELL2,CCND1,0
CBX7,ASH2L,0
EP400,AMOT,0
E2F4,STARD10,0
E2F4,EZH1,0
SMARCA4,VIM,0
SALL4,CRAMP1L,0
EED,RANBP17,0
NR0B1,SMARCB1,0
SALL4,BMP6,0
PARP1,MCM7,0
REST,FBLIM1,0
MAFK,TADA3,0
ELL3,P4HA1,0
MAPK8,HOXD13,0
CBX7,SLC7A3,0
SMAD2,EPS8,0
NFYA,BCLAF1,0
E2F1,HDLBP,0
ARID1A,CALU,0
DAXX,NSD2,0
RYBP,MEN1,0
TBX3,HIF3A,0
HEXIM1,STAT4,0
PARP1,PLOD3,0
NACC1,F3,0
ELL3,ANP32A,0
TGIF1,ARID3B,0
REST,RNF2,0
E2F4,GTF3C1,0
GABBR1,RHOX6,0
YEATS4,PAX6,0
EP300,KLF15,0
HDAC3,PTH1R,0
CTCF,RCN3,0
SMAD2,YAF2,0
UTF1,EHMT2,0
KLF2,TSHZ3,0
TFE3,IRF1,0
EP400,NOTCH4,0
NR0B1,MEIS1,0
MYC,SRSF3,0
BTAF1,BACH2,0
TFE3,EBF4,0
HCFC1,SATB2,0
EHMT2,EBF4,0
DPPA4,BCL3,0
BAZ1A,MEIS1,0
HCFC1,DKK1,0
SOX2,PLAT,0
E2F1,STARD8,0
REST,FOXO3,0
SMAD3,SPARC,0
EED,XBP1,0
KLF2,NR0B1,0
CBX8,ATF5,0
SALL4,PMS1,0
BAZ1A,CALU,0
TET2,TFAP4,0
RARA,GPX3,0
TRIM28,DAZAP2,0
MTF2,NDRG4,0
HEXIM1,RPL22L1,0
KDM5B,MYH9,0
TET2,FHL2,0
REST,ZBTB10,0
RIF1,ZSWIM4,0
NACC1,RYBP,0
DAXX,PCBP2,0
EHMT2,COL27A1,0
TGIF1,NFYA,0
SALL4,TOP2A,0
E2F1,SIX1,0
SMARCC1,TYRO3,0
NONO,HTT,0
MAPK8,SOX2,0
EHMT2,ATP13A3,0
CHD7,SCMH1,0
SMARCAD1,CCNG1,0
E2F4,TAF10,0
HDAC2,IFITM1,0
RARA,CTNNBIP1,0
DAXX,CBX8,0
EED,RUVBL1,0
JUN,COL27A1,0
OTX2,ZBTB32,0
SMAD3,SOX17,0
GLI2,PHF14,0
PARP1,RAB3IL1,0
TCF12,TENM4,0
CHD7,ZBTB39,0
JUN,SOS2,0
SALL1,BEX1,0
CNOT3,PCBP2,0
MAPK8,TUBA4A,0
TET2,NRG1,0
SOX2,ELF2,0
MYCN,TGFB1,0
HCFC1,PSIP1,0
YEATS4,ELF1,0
HEXIM1,IFITM3,0
MYC,CHD4,0
DAXX,HSPH1,0
DAXX,TXNDC5,0
MAPK8,FUS,0
NR4A1,FGF10,0
NACC1,GATA4,0
MPHOSPH8,HMGA2,0
SMARCAD1,HIST1H2AF,0
GLI2,UCHL1,0
NFYA,MAN1A2,0
NFYB,HNF1B,0
NACC1,TCOF1,0
SALL4,CHD4,0
CBX7,DDB2,0
SMAD3,ZDHHC16,0
RYBP,SRGN,0
TGIF1,HSPH1,0
MAPK8,ECD,0
CHD7,FRRS1,0
TET2,SIN3B,0
HCFC1,PMM1,0
NACC1,PLA2G1B,0
CHD4,ATF3,0
ZFP42,PITX2,0
TET2,KRT8,0
DPPA4,F3,0
NR4A1,PDCD11,0
MAFK,SMARCA4,0
SOX17,SATB1,0
SMAD3,ARID5B,0
TGIF1,NFIB,0
EHMT2,IRF2,0
UTF1,LEFTY1,0
SALL4,TGIF1,0
MAPK8,EBF1,0
NRF1,KLF2,0
ELL3,SGK1,0
HEXIM1,BTAF1,0
MEN1,TRIP6,0
EHMT2,ZYX,0
KLF2,CDC20,0
MTF2,SPARC,0
JUN,NFIC,0
ARID1A,TCF7,0
EHMT2,MYBL2,0
GLI2,JUND,0
CBX8,DIDO1,0
RARA,TWIST1,0
EED,FXYD3,0
NFYB,NR2C1,0
CBX8,HDAC3,0
E2F4,LRRK1,0
HDAC2,AKT1,0
DPPA4,PCOLCE,0
NR4A1,ID2,0
DAXX,BCLAF1,0
DPPA4,PER1,0
GLI2,SMURF1,0
EHMT2,DNMT3A,0
NONO,DNMT1,0
EHMT2,ZHX3,0
PARP1,RARG,0
CTCF,DNAJC2,0
TET2,NUPR1,0
NFYA,GLMP,0
HDAC1,MKX,0
ESRRB,AMOT,0
KLF2,NFATC4,0
NACC1,CREB3L2,0
ELL3,ESPL1,0
RIF1,EED,0
EP400,CDKN1A,0
DPPA4,MED15,0
ZIC3,HSPH1,0
GLI1,ANKRD6,0
CBX8,ARHGAP29,0
HDAC2,DDAH2,0
NR4A1,DNMT1,0
MPHOSPH8,APEX1,0
SALL1,DDB1,0
DPPA4,TRRAP,0
NACC1,GLI2,0
NONO,H1F0,0
DPPA2,FN1,0
ZFP42,CSF1,0
MTF2,HMGXB3,0
EP400,DNAJC2,0
SMARCC1,NFE2L2,0
MEN1,PCBD1,0
REST,KANK3,0
TFE3,IRF4,0
NACC1,GPX3,0
EP400,ADAMTS9,0
EHMT2,E2F2,0
E2F4,LEFTY1,0
BAZ1A,ZFP277,0
MPHOSPH8,DNMT1,0
SMAD2,RAI14,0
GLI2,SIRT2,0
HDAC2,SIN3B,0
NONO,NRF1,0
HDAC2,RNF2,0
ZIC3,RUVBL1,0
DPPA2,HMCES,0
EED,NXF7,0
HDAC1,FOXQ1,0
SIN3A,CHD5,0
EHMT2,BCL3,0
MYC,DTX1,0
NFYB,IRF4,0
SALL1,COMMD3,0
NONO,MEF2D,0
KLF4,ZFP275,0
CNOT3,EOMES,0
MAPK8,TSG101,0
CNOT3,BARD1,0
CHD7,SMARCA4,0
DPPA4,KHDRBS1,0
EP400,SMARCA2,0
MAPK8,ZC3H7A,0
SOX17,CTSZ,0
SMARCAD1,MAN1A2,0
RARA,PROX1,0
EHMT2,SSBP4,0
SMAD2,VIM,0
SUZ12,POU5F1,0
SUZ12,FXYD6,0
CBX7,NFKBIA,0
ELL3,SPARC,0
NFYB,ZFP462,0
MTF2,NANOG,0
NFYB,FOXJ3,0
RARA,SAT1,0
TBX3,TSHZ3,0
KLF2,EDEM1,0
JUN,TAF10,0
TGIF1,WBP11,0
NONO,DKK1,0
SMARCC1,DDX58,0
MPHOSPH8,SMURF2,0
RARA,CST3,0
SOX2,HNF4A,0
HEXIM1,DTX1,0
E2F4,SIRT3,0
CTCF,LDHB,0
YEATS4,GNAS,0
ARID1A,POU4F1,0
ESRRB,SMARCA2,0
EZH2,POLR1E,0
MAFK,MAPK3,0
RYBP,COL27A1,0
CHD4,CTH,0
SALL4,CALCOCO2,0
PARP1,E2F6,0
DPPA4,SGK1,0
NONO,YEATS4,0
SMARCC1,BARD1,0
CHD7,NONO,0
TBX3,ZBTB24,0
HDAC2,TNS4,0
PARP1,TWIST1,0
KDM5B,AKR1B8,0
GLI1,NSD1,0
EP300,SLC26A10,0
SALL4,ATF3,0
GLI1,2410141K09RIK,0
HDAC1,APEX1,0
HCFC1,COL4A1,0
SALL1,BASP1,0
E2F4,HDAC11,0
MYC,TENM4,0
YEATS4,AIRE,0
MAFK,HSPH1,0
SMAD3,TCL1,0
CNOT3,SATB1,0
EHMT2,ANKRD54,0
CBX7,PER1,0
MTF2,TET2,0
NFYA,SNAI1,0
PARP1,ECT2,0
PRDM14,SLC9A6,0
MYCN,SFPQ,0
TRIM28,MYLPF,0
TRIM28,SRSF3,0
HDAC2,PBX4,0
HDAC3,UTF1,0
ZIC3,AKR1B8,0
CHD7,FXR1,0
MYCN,BRCA1,0
CHD4,ANXA5,0
HDAC2,SPOCK1,0
RYBP,SLC26A10,0
NFYB,ZFP36L1,0
EZH2,PLAT,0
ZIC3,RAB3IL1,0
GLI1,IRF6,0
ELL3,RRM2,0
KLF2,PLOD3,0
HDAC3,HSP90AA1,0
SALL1,ITPK1,0
TRIM28,CTSD,0
KLF2,SERPINE2,0
NONO,CHD7,0
CHD4,OVOL1,0
RYBP,ADAM23,0
SALL4,SPOCK1,0
GLI2,RNF14,0
SMAD2,ELF2,0
RIF1,GLMP,0
KDM5B,SMARCA2,0
EED,LMF2,0
MEN1,NFKBIA,0
GATA4,BMI1,0
TRIM28,PDCD4,0
PHC1,LDHB,0
EP300,HMGA2,0
KDM5B,CD63,0
MPHOSPH8,HCFC1,0
JUN,HDAC4,0
ESRRB,DDB2,0
CHD4,SOS2,0
GLI2,TCF4,0
CHD7,HEY2,0
MYCN,PFKP,0
SALL1,RCN3,0
TRIM28,POLR3F,0
OTX2,ID2,0
ELL2,ZFHX3,0
RYBP,HIST1H2BL,0
RYBP,SERPINE2,0
TFE3,THBD,0
MPHOSPH8,IL33,0
ELL3,F3,0
JUN,ZFP446,0
GLI1,BCLAF1,0
DAXX,SAP30,0
E2F4,ALPL,0
GLI2,NRIP1,0
SMAD3,GATA6,0
EED,TCEA1,0
HDAC1,CSF1,0
SMAD2,DMRT1,0
CHD7,BRPF1,0
CHD7,ZFP296,0
CHD4,IMPDH1,0
TRIM28,ME1,0
HDAC2,ODC1,0
SMARCAD1,CSF1,0
TFE3,CTBP2,0
EED,ZFP219,0
NFYB,TAF10,0
SMARCC1,LDB1,0
TFE3,SRGN,0
ARID1A,MORF4L2,0
KDM5B,SOX15,0
SMAD2,GZF1,0
NFYB,CLDN6,0
EHMT2,HIST1H1A,0
RYBP,ELAVL2,0
OTX2,ARNT2,0
JARID2,ESRRA,0
KLF2,PDCD4,0
NFYA,MKX,0
EHMT2,LMF2,0
SALL4,HIST1H2BB,0
HCFC1,TCEA3,0
GLI2,USF1,0
ESRRB,TEAD1,0
MTF2,TCEA3,0
SUZ12,HIST1H1A,0
KLF4,FLRT3,0
NONO,MOV10,0
ZIC3,SNORD32A,0
GLI2,LRP2,0
ZFP42,FOXO1,0
TBX3,MYBBP1A,0
MYCN,CENPB,0
JUN,TXNDC12,0
ARID1A,IRF6,0
NFYA,NCOA3,0
JUN,GATA4,0
PRDM14,NFYA,0
JARID2,CCND1,0
ELL3,POLR2E,0
CBX8,TBX18,0
ZFP281,SNORD32A,0
EP400,SEC24D,0
MTF2,SMARCAD1,0
EP400,PER1,0
BAZ1A,NR5A2,0
PARP1,LRPAP1,0
JUN,TOP2A,0
MTF2,AMPD2,0
HDAC3,PATZ1,0
RIF1,SNAI1,0
RARA,PTPN14,0
SMARCAD1,POLR2A,0
NONO,BACH2,0
MEN1,SALL4,0
SOX17,MYBBP1A,0
TGIF1,UNG,0
ARID1A,MYBL2,0
MTF2,PRDM1,0
NONO,PHF20,0
POU5F1,SNORA68,0
CHD4,ZFP57,0
NFYA,RASGRP2,0
HDAC2,PIAS2,0
SMARCC1,HMGXB3,0
SALL4,HSPH1,0
JARID2,KLF13,0
MTF2,ABTB1,0
SOX17,SNORD93,0
MTF2,SFPQ,0
RYBP,HSBP1,0
CBX8,ID4,0
MTF2,CTSD,0
GLI1,SPRY4,0
HCFC1,NOTCH4,0
ELL3,CALCOCO1,0
TGIF1,HSP90B1,0
NONO,LAMC1,0
NACC1,MEF2A,0
NFYA,ATP6V0A1,0
SALL4,MKX,0
KDM5B,IL33,0
GATA4,PCBD1,0
CBX7,SORD,0
SMAD3,SEC24D,0
RARA,SNORD93,0
MPHOSPH8,CST3,0
KLF2,RAD54B,0
CHD7,SEC24D,0
E2F1,NFE2L1,0
BAZ1A,FXYD6,0
SOX17,EYA1,0
DPPA4,NR0B1,0
REST,CBX6,0
CHD4,GLI2,0
EED,UBTF,0
TRIM28,SALL4,0
NR4A1,POLR3F,0
CBX8,SNORD32A,0
MPHOSPH8,UBP1,0
JUN,HNF4A,0
ELL2,CUX2,0
DPPA2,KDM5B,0
MPHOSPH8,ADAMTS9,0
PARP1,IRF6,0
CBX8,SERTAD2,0
NR0B1,SMARCAD1,0
JUN,SIRT3,0
TFE3,SMAD3,0
CHD7,MSX2,0
SMAD3,CCNG1,0
CBX8,TEAD3,0
HCFC1,CHD7,0
DAXX,TEAD4,0
PHC1,GLDC,0
DAXX,PSIP1,0
ZFP57,NANOG,0
EED,ANKRD54,0
NONO,MYLPF,0
HCFC1,TGFB1,0
MAPK8,NFIA,0
PARP1,RNF14,0
KLF2,ZYX,0
CHD4,MEF2D,0
TET1,STAT4,0
RARA,PITX2,0
ELL3,SLC9A6,0
PHC1,MED31,0
PHC1,CHCHD10,0
JARID2,BRCA1,0
ZFP57,ARID3B,0
JUN,SPARC,0
CHD4,CTNNBIP1,0
PHC1,CSRP2,0
SMARCAD1,FUBP3,0
SALL1,PRDM1,0
OTX2,CBX4,0
RIF1,HMCES,0
ELL2,CEMIP,0
MYCN,HSPH1,0
MPHOSPH8,NPHS1,0
MAFK,ESPL1,0
GATA4,TRIM13,0
CBX7,CALCOCO1,0
NR4A1,CUBN,0
HDAC3,CUBN,0
BAZ1A,NRIP1,0
CBX8,CEBPZ,0
NFYA,TAF10,0
DAXX,GATA3,0
RYBP,VEGFA,0
TRIM28,SNORD32A,0
NFYB,WWTR1,0
E2F4,CAR2,0
MPHOSPH8,OBSL1,0
EZH2,SERPINH1,0
GABBR1,RPL22L1,0
CHD4,PLOD2,0
E2F4,SELENOW,0
DPPA4,TCEA3,0
TET2,STAT5A,0
PHC1,CNOT2,0
GLI1,ZFP296,0
MAFK,TINAGL1,0
EED,ZMYND11,0
OTX2,2200002D01RIK,0
MPHOSPH8,MITF,0
NFYB,RARA,0
EED,BCAM,0
BAZ1A,EDA2R,0
E2F4,LMF2,0
MTF2,ZFP462,0
YEATS4,FXYD6,0
SALL1,CALU,0
YEATS4,BAZ1A,0
NFYB,TEAD1,0
NFYB,NRG1,0
KDM5B,POU4F1,0
EZH2,KNTC1,0
PARP1,CEMIP,0
HDAC1,SALL4,0
KLF4,BACH2,0
CHD4,ERF,0
SMARCAD1,ETV6,0
KDM5B,TAF1,0
MEN1,NDN,0
RARA,TNK2,0
PRDM14,AMOT,0
SMARCAD1,CMKLR1,0
JARID2,ATF7,0
MAPK8,MITF,0
PARP1,ID4,0
SMARCAD1,ERF,0
NR0B1,LOXL2,0
YEATS4,ILK,0
ZFP281,PLOD1,0
SMARCAD1,GATA4,0
MED12,DMRT1,0
MAFK,EHMT2,0
NR4A1,SIN3A,0
CBX8,CRAMP1L,0
SALL1,TPM4,0
NFYA,PAX8,0
YEATS4,ELL2,0
DPPA2,CBX7,0
ZIC3,FOXD3,0
SMARCAD1,NR1D1,0
EZH2,ELF3,0
CBX8,APP,0
EP400,ISYNA1,0
MAPK8,FXYD6,0
TGIF1,GATA4,0
EED,SLC26A10,0
ZIC3,FRMD4A,0
NR0B1,PHB2,0
PRDM14,ABT1,0
E2F1,POLR3D,0
ZIC3,CDKN1A,0
REST,ZBTB38,0
RARA,ZDHHC15,0
RARA,SIX5,0
ARID1A,MYD88,0
JUN,CIC,0
TRIM28,PIAS3,0
HDAC1,JAM2,0
PRDM14,HDAC11,0
SMARCC1,MAPK11,0
TFE3,GM10039,0
JUN,TRIM28,0
SMAD2,IL33,0
RYBP,TEAD3,0
EED,CDC42SE2,0
DPPA4,PDIA6,0
MPHOSPH8,ZIC3,0
MTF2,TEAD4,0
SMARCAD1,FXR1,0
EED,ASS1,0
E2F4,CNOT2,0
DPPA2,ADAMTS9,0
HCFC1,STAT5B,0
BTAF1,2810025M15RIK,0
TCF12,RCN3,0
DPPA4,L3MBTL2,0
BAZ1A,ETV6,0
GLI2,TRH,0
YEATS4,SNORD32A,0
GLI1,CREB3L2,0
PARP1,DPPA2,0
SALL1,MTF2,0
DPPA4,SMARCB1,0
MEN1,CLCN5,0
ESRRB,SIN3B,0
NR4A1,PGA5,0
EHMT2,HSF2,0
CHD7,CRY1,0
KLF2,FGF4,0
SMARCC1,TNS4,0
SMAD2,VSIR,0
NR0B1,NME2,0
GLI1,FRRS1,0
MAFK,GATAD2B,0
SMAD3,RCN3,0
DPPA4,ALG13,0
HDAC1,TYRO3,0
PRDM14,UCHL1,0
NFYA,MSC,0
MTF2,SMARCC1,0
SMARCA4,PURA,0
GATA4,SELENOW,0
TFE3,COL27A1,0
NFYB,BTG2,0
TET2,MORF4L2,0
E2F4,FUBP3,0
CNOT3,TEAD4,0
SMAD2,SGK1,0
OTX2,GTF2A1L,0
DAXX,FGFR3,0
MPHOSPH8,TBX18,0
GLI2,DKK1,0
MYC,LMO4,0
NONO,TNFAIP3,0
GLI2,F3,0
SMARCC1,OPLAH,0
CNOT3,POLR3B,0
TBX3,CRAMP1L,0
SMAD3,ESPL1,0
KLF2,TET2,0
HDAC1,ID4,0
SMAD2,MDM2,0
SMARCC1,FABP3,0
RARA,NFKB2,0
SMARCAD1,UBTF,0
MPHOSPH8,PAX1,0
CHD7,TOP2A,0
TGIF1,CTH,0
ZFP281,CUX2,0
EP400,ZMYND11,0
HDAC3,LHX2,0
MPHOSPH8,TFCP2L1,0
PHC1,SLC7A3,0
MTF2,PAPOLA,0
SMARCA4,DAXX,0
CTCF,MKRN1,0
CHD7,HDGF,0
PHC1,SMARCA5,0
EED,TRIP11,0
SMAD3,F3,0
YEATS4,RCC2,0
KLF2,RNF14,0
NR0B1,ZFP335,0
EP400,KEAP1,0
EHMT2,CNOT2,0
EED,KHDC3,0
CNOT3,GDPD5,0
TET2,AMOT,0
SALL4,NKRF,0
SALL4,NFATC1,0
NFYA,SPRY2,0
TET2,SSBP4,0
NONO,BEX1,0
GLI2,JMJD1C,0
E2F1,MGST3,0
JUN,BRD7,0
PHC1,ZFP57,0
HDAC2,MCM4,0
DAXX,UHRF1,0
EP300,HIST1H1B,0
PARP1,FHL2,0
MAFK,TWIST1,0
RIF1,TGFB1I1,0
HDAC2,SPEN,0
GLI2,RNF19A,0
EHMT2,HSBP1,0
MYCN,GPX3,0
MYCN,VSIR,0
DAXX,PAPOLA,0
NR4A1,NRIP1,0
E2F1,MCM3,0
SMARCC1,MLLT1,0
DPPA2,ZDHHC15,0
SALL1,SRSF6,0
MAFK,NR2F6,0
CBX7,TXNDC12,0
CNOT3,NSD1,0
JUN,SAT1,0
KLF2,MATR3,0
TRIM28,MORC4,0
ZFP57,TMEM144,0
GATA4,PATZ1,0
MAFK,ELF4,0
PARP1,PLA2G1B,0
SOX17,GLI1,0
MTF2,DDX5,0
MAPK8,SPARC,0
CBX7,FAM234A,0
GLI2,POLR3D,0
SALL4,SRF,0
MYCN,PLOD1,0
SMAD3,H1F0,0
JARID2,TRIP6,0
EP300,TGFB1,0
NFYA,CHCHD10,0
MYCN,TET2,0
HDAC3,APOBEC3,0
HDAC2,PBXIP1,0
SALL4,THRAP3,0
CBX7,DDB1,0
TGIF1,PEG3,0
SALL1,ZFYVE21,0
TET2,DPPA2,0
MTF2,HIST1H2AI,0
NR4A1,RUNX1,0
NACC1,RRM2,0
BAZ1A,TET2,0
TBX3,GSR,0
YEATS4,ECT2,0
SOX2,FAM25C,0
ELL3,ZMYND11,0
CBX8,DUSP9,0
MEN1,PBXIP1,0
SMAD3,NFYA,0
JUN,CNOT8,0
ZIC3,HIST1H4K,0
BAZ1A,FST,0
MEN1,CTNNB1,0
PRDM14,RBMX,0
PARP1,PKNOX2,0
SMARCA4,TCF20,0
DAXX,IGFBP2,0
MAFK,EP300,0
GTF3C1,HKDC1,0
TET2,POLR2J,0
SMARCAD1,DPPA2,0
PARP1,RYBP,0
ESRRB,SRGN,0
MAFK,SUZ12,0
PARP1,SNAI1,0
MYC,IGF2,0
CBX8,FOXJ2,0
HDAC1,NDRG4,0
BAZ1A,PER1,0
EED,GNAS,0
DPPA4,POLR2J,0
DAXX,SMARCC1,0
SOX2,DDB2,0
ELL3,IRF2,0
SUZ12,POLR2I,0
KDM5B,PLOD2,0
TFE3,MSH6,0
GLI2,FOXP1,0
NFYB,ARHGEF40,0
CBX8,KIT,0
E2F1,SRGN,0
TGIF1,TIMP3,0
SMARCAD1,DIDO1,0
TBX3,KHDC3,0
SALL1,ASH1L,0
JUN,SPP1,0
YEATS4,BNIP3,0
CHD4,NR1H2,0
GLI1,UBTF,0
NACC1,BEND5,0
HCFC1,BMP4,0
SMAD3,PDCD11,0
DPPA2,ANKRD49,0
GTF3C1,WDR45,0
RIF1,SP1,0
ZFP42,SEC24D,0
BTAF1,MKX,0
ELL2,SIX5,0
DPPA2,STAT4,0
EHMT2,SFI1,0
CNOT3,SFPQ,0
SMAD3,RFX2,0
GLI1,KRT42,0
RARA,NR2F6,0
PARP1,TXNIP,0
ELL2,E2F4,0
TBX3,DNAJC10,0
SMARCA4,CITED1,0
GLI2,ELL2,0
TFE3,ZFP979,0
NR4A1,ATF3,0
SMARCC1,ME1,0
HDAC2,OBSL1,0
NR4A1,HNF4A,0
CNOT3,TDGF1,0
EED,TSG101,0
NFYA,TXNDC12,0
MPHOSPH8,BTF3,0
HCFC1,FOXO3,0
SMARCAD1,PTPN14,0
OTX2,GATAD2B,0
KLF2,NR1D2,0
MPHOSPH8,ABT1,0
MTF2,HIST1H2BB,0
CBX7,SLC9A6,0
ZIC3,EP300,0
MYC,KANK3,0
JUN,AKT1,0
SMARCAD1,TET2,0
SOX17,NDRG4,0
TET2,DEK,0
DPPA4,DTX1,0
RARA,UPP1,0
EED,CTNNBL1,0
MYC,EBF4,0
MED12,DPP4,0
EHMT2,MT1,0
OTX2,ASH1L,0
TET2,SRI,0
BAZ1A,POLR1C,0
CBX8,CCNG1,0
DAXX,RIF1,0
DAXX,HMGXB4,0
EP400,KAT2B,0
HDAC1,CLCN5,0
ELL3,RFX2,0
CBX8,PAX1,0
YEATS4,NFIB,0
SMARCAD1,MED12,0
ARID1A,RAB3IL1,0
KDM5B,DDIT3,0
HDAC1,EFEMP2,0
TET2,SHKBP1,0
TFE3,GPX3,0
NR4A1,INSIG1,0
TET1,RBMX,0
CHD7,PLAGL2,0
KDM5B,ERCC3,0
CBX7,ELL2,0
HCFC1,LAMA5,0
CHD7,GNPDA1,0
MYCN,CNOT7,0
CTCF,MYBL2,0
SMARCC1,SRF,0
DAXX,MEIS1,0
NFYB,IFITM2,0
ZFP42,PGA5,0
TGIF1,PIAS2,0
GATA4,ALPL,0
E2F1,HS3ST1,0
BTAF1,PRDM14,0
EED,SCMH1,0
KLF2,PLAT,0
CHD7,MAFK,0
HDAC2,IKBKB,0
NR4A1,HDAC5,0
ZFP42,CLDN6,0
NR0B1,KLF10,0
ELL3,POLR2K,0
CTCF,GTF2I,0
YEATS4,ID4,0
ARID1A,NFYB,0
BAZ1A,CAR2,0
EZH2,TGFB1I1,0
SOX17,F3,0
HDAC2,THRAP3,0
EP400,PAX8,0
PRDM14,NOTCH4,0
MPHOSPH8,OVOL1,0
ELL2,STXBP2,0
EP400,TOP2B,0
HEXIM1,CITED1,0
MAPK8,RCC2,0
ARID1A,SRI,0
NFYB,SLC26A10,0
PARP1,EWSR1,0
RIF1,FRRS1,0
PARP1,NOTCH2,0
HDAC3,PMM1,0
SALL1,EZH1,0
NONO,CAR2,0
TGIF1,MOV10,0
PARP1,PML,0
BAZ1A,SUZ12,0
MPHOSPH8,TCF4,0
GLI1,AMOT,0
TBX3,SOCS2,0
EP400,TBL1X,0
MYCN,AES,0
HDAC1,PAWR,0
DPPA2,HMGA2,0
MAPK8,CBX7,0
REST,TBX18,0
OTX2,DNAJC10,0
JUN,FAM25C,0
SMARCC1,DKC1,0
HDAC3,POLR2J,0
JARID2,SMAD7,0
DPPA4,ATF7,0
NFYA,SMARCC2,0
NONO,CRABP2,0
MYC,HDAC7,0
MYCN,GJA1,0
E2F4,RNF14,0
CNOT3,LAMB2,0
KDM5B,MSH6,0
ARID1A,PLA2G1B,0
RYBP,MCM5,0
PHC1,ATF4,0
CNOT3,RCOR2,0
CTCF,STARD10,0
CBX8,CITED2,0
ZFP57,SNORA68,0
SUZ12,2410141K09RIK,0
DPPA2,FXYD6,0
HCFC1,ARHGAP29,0
JARID2,RBMX,0
RARA,ZC3H7A,0
PHC1,HIF1A,0
NFYB,PELP1,0
GATA4,PDCD4,0
MYCN,SOS2,0
RYBP,CDKN1A,0
MPHOSPH8,IFITM3,0
PHC1,ID4,0
NR4A1,RBL1,0
SALL4,DAB2,0
SMARCC1,FHL2,0
CHD7,MDM2,0
RYBP,LRP2,0
BAZ1A,2410141K09RIK,0
SMAD3,HIST1H2AI,0
HCFC1,ZSCAN10,0
DPPA4,ERCC3,0
GLI1,P4HB,0
HDAC3,GAS6,0
HDAC1,LEFTY1,0
MAPK8,ITPK1,0
KDM5B,CHD7,0
DPPA2,TWIST1,0
KLF4,GZF1,0
NR4A1,DEK,0
CTCF,HCFC1,0
JUN,ERF,0
NR4A1,IRF2,0
MYCN,ATP6V0A1,0
SIN3A,ADAMTS9,0
MPHOSPH8,FIZ1,0
TBX3,ZFP987,0
NFYA,SOX17,0
ZFP42,ZFP296,0
HDAC3,TCERG1,0
RYBP,LEFTY1,0
RYBP,TAF10,0
NACC1,HTT,0
HDAC1,MSC,0
DPPA2,GTF2I,0
SMAD2,DKC1,0
MPHOSPH8,CAR2,0
JUN,ING1,0
TFE3,PLAT,0
NR4A1,COTL1,0
CBX8,SALL1,0
GLI2,ELK4,0
EED,CTNNB1,0
YEATS4,HIF3A,0
EP300,SSR3,0
EP400,GRIN1,0
MTF2,ZFP277,0
E2F1,UPP1,0
TBX3,SFPQ,0
SMAD2,ZIC3,0
DAXX,TCEA3,0
ELL2,ZFP277,0
TFE3,SLC25A4,0
KLF2,HSF2BP,0
MYCN,PHF20,0
MPHOSPH8,DEK,0
KLF2,ZFPM1,0
GLI1,MXD4,0
SMARCAD1,HES6,0
SMAD2,ZFP987,0
SMARCA4,RBPMS2,0
SALL1,DNMT1,0
CHD4,SLC6A6,0
MED12,RAB3IL1,0
PHC1,L3MBTL2,0
REST,HDAC2,0
MED12,PTH1R,0
TRIM28,PDPN,0
ELL2,PDCD4,0
SMARCAD1,EPHA2,0
HEXIM1,SIRT1,0
MYC,B2M,0
EHMT2,RCN3,0
MPHOSPH8,MAPK8,0
REST,STAT4,0
E2F4,KLF15,0
GATA4,SDC4,0
EP400,NR5A2,0
NR4A1,BMP6,0
MYCN,HDAC4,0
CHD4,SIRT2,0
KDM5B,WWTR1,0
BAZ1A,HCFC1,0
MAFK,LDB1,0
JUN,GLDC,0
MAPK8,HS3ST1,0
REST,SLCO3A1,0
SMARCC1,TAF1A,0
GLI1,SP1,0
KLF2,TFE3,0
NFYB,TAGLN2,0
SALL1,MEF2C,0
KDM5B,HIST1H2BF,0
MPHOSPH8,MARC2,0
EHMT2,HIP1,0
SALL1,SIRT1,0
HDAC2,D230025D16RIK,0
EED,PATZ1,0
MPHOSPH8,CNOT6,0
NONO,ZFP462,0
DAXX,ID3,0
GLI1,SND1,0
BAZ1A,GATA3,0
NFYB,DNMT3A,0
CBX8,RAD51,0
CBX8,CTSL,0
JUN,FGF3,0
CHD4,NRF1,0
KLF4,GTF2H4,0
TET2,SIRT2,0
RIF1,BRCA2,0
CTCF,PAX8,0
KDM5B,PTPN14,0
ZFP42,FOXP1,0
PARP1,ITPK1,0
BAZ1A,HMGB2,0
CBX7,SSBP4,0
EED,KDM5B,0
E2F4,TMF1,0
BAZ1A,MKRN1,0
SMARCA4,TCEA3,0
JARID2,SOCS2,0
KDM5B,ZSWIM4,0
KLF4,RFXAP,0
KDM5B,DDX58,0
GATA4,SLC9A6,0
TET1,SEPT1,0
HDAC3,ZEB1,0
KDM5B,TAF1A,0
EHMT2,NSD2,0
GATA4,TEAD4,0
RYBP,CREBZF,0
RIF1,DDX58,0
MAPK8,FGF3,0
EHMT2,FGF10,0
SMAD2,LMF2,0
RARA,ZFP592,0
GLI2,POLR2H,0
CHD4,NFATC1,0
SIN3A,SNORD93,0
MAFK,IFI30,0
ESRRB,POU2F1,0
PARP1,SURF4,0
RIF1,TAF1,0
DAXX,PHC1,0
SMAD3,MORF4L2,0
MED12,RPL22L1,0
E2F4,HMGA1B,0
GLI1,CD63,0
EP300,SPOCK1,0
KLF2,AATF,0
RYBP,PDPN,0
EED,SREBF1,0
NFYB,EBF1,0
MAFK,ANKRD54,0
ZIC3,DDX5,0
DPPA4,LEFTY1,0
KLF2,ELF4,0
MEN1,TGIF1,0
MYCN,ZFP275,0
NR0B1,CMKLR1,0
CHD7,LMO4,0
NR0B1,AKT1,0
GLI2,ME1,0
ZIC3,GBX2,0
CNOT3,IFITM3,0
SMAD2,ZYX,0
HDAC3,PLA2G1B,0
NR0B1,NFE2L1,0
BTAF1,MYO7A,0
NFYA,ZFP281,0
NR0B1,LAMC1,0
EED,LDLRAP1,0
E2F1,KANK3,0
PHC1,CHD7,0
ARID1A,CTNNBIP1,0
MEN1,SNORA26,0
PHC1,HDAC1,0
HDAC2,ITGA6,0
OTX2,SNORD32A,0
GLI1,NDN,0
PHC1,TNS4,0
SALL4,ZBTB24,0
PHC1,CDC5L,0
REST,ZDHHC16,0
KLF2,TRIM32,0
ZIC3,TOX4,0
EP400,NFATC2IP,0
EHMT2,SLC7A6,0
MPHOSPH8,TGIF1,0
YEATS4,TAX1BP3,0
EED,MLXIPL,0
EHMT2,RPL22L1,0
PRDM14,PCOLCE,0
REST,TAF1,0
ZIC3,SIX1,0
MYCN,TOX4,0
ZIC3,RBBP4,0
E2F1,ERCC8,0
GLI2,PHB2,0
ELL3,E2F2,0
EHMT2,EDEM1,0
HDAC3,PROX1,0
ZFP57,CTSD,0
SMARCAD1,SEPT1,0
MTF2,HIST1H2BN,0
CBX7,MEF2A,0
RIF1,CEMIP,0
TET2,DTX1,0
CBX8,CNOT6,0
EED,PMM1,0
RYBP,STAT5B,0
NACC1,ELF3,0
CNOT3,MGST3,0
TGIF1,SHKBP1,0
KDM5B,SPOCK1,0
NRF1,BMP4,0
NFYB,XRCC6,0
SALL1,GABPA,0
MPHOSPH8,TMEM144,0
TBX3,FOXD3,0
NFYB,EPHA4,0
JARID2,RERE,0
SMARCC1,CENPB,0
ZIC3,UCHL1,0
CBX8,HSPA5,0
HDAC3,ISYNA1,0
NONO,RB1,0
HCFC1,ELF3,0
NR4A1,RBMX,0
GLI1,HDAC2,0
TCF12,ZBTB39,0
HDAC3,TMED2,0
MYC,GATAD2B,0
PHC1,HIF3A,0
HDAC3,ZFP281,0
JUN,PITX2,0
EHMT2,BRPF1,0
TGIF1,SOX7,0
JUN,FXR1,0
HDAC3,TRH,0
NR4A1,PBX4,0
BAZ1A,PLAGL2,0
HEXIM1,ETV1,0
BAZ1A,SERTAD2,0
GLI1,PML,0
E2F4,NFKBIA,0
YEATS4,ZBTB3,0
TET2,PAWR,0
ELL3,KIT,0
EED,KEAP1,0
NR4A1,EBF4,0
NR4A1,BARD1,0
HEXIM1,NR0B1,0
ZFP42,RANBP17,0
BAZ1A,SIRT3,0
MEN1,HIST1H2AI,0
KDM5B,HEXIM1,0
SOX17,RNF2,0
SALL4,BTG1,0
MTF2,BRPF1,0
PARP1,YBX1,0
MTF2,NR1D1,0
CNOT3,KDM5B,0
SOX17,IL33,0
TET2,ELK4,0
HDAC3,PIAS1,0
GATA4,EPHA2,0
HCFC1,GNRH1,0
TET2,GRHL1,0
KLF2,PDK1,0
REST,HDAC10,0
BAZ1A,CUX1,0
POU5F1,CMKLR1,0
MTF2,TGFB1I1,0
HEXIM1,TGFB1I1,0
MAPK8,SSB,0
SMARCC1,NANOG,0
SOX17,ELL3,0
SALL1,POLR3F,0
KDM5B,UBP1,0
EED,UBE2C,0
RYBP,ING3,0
KLF2,RCOR2,0
SMAD3,BRD7,0
TGIF1,ATF5,0
EHMT2,MDM2,0
BAZ1A,CALR,0
MEN1,BNIP3,0
GLI2,SALL4,0
HDAC3,CIC,0
PHC1,NUPR1,0
NFYB,TFAP2C,0
CBX7,BCAM,0
CBX7,PLTP,0
NR4A1,ANXA2,0
MYCN,CMKLR1,0
SMAD2,NACC1,0
NR0B1,ZBTB7A,0
CHD7,NPAS2,0
SMAD3,FOXO3,0
CBX7,GTF2I,0
MTF2,LRPAP1,0
MTF2,TOPORS,0
EZH2,HCFC1,0
NFYA,ATP13A3,0
ARID1A,GM10039,0
BAZ1A,CTBP1,0
SMAD3,GJA1,0
NFYB,WDR45,0
CTCF,EWSR1,0
SOX2,TET1,0
HDAC2,MEF2D,0
GLI2,ZFPM1,0
MED12,HDAC10,0
MAFK,GABARAPL2,0
REST,NR2F6,0
ESRRB,GATAD2B,0
RARA,MOV10,0
PARP1,TBL1X,0
MTF2,TAF10,0
RIF1,CBX6,0
KDM5B,PATJ,0
JUN,HSBP1,0
RIF1,MEIS3,0
SALL1,ORC2,0
KDM5B,DNAJC10,0
MEN1,MYO7A,0
NFYA,SMARCB1,0
NR4A1,EWSR1,0
SALL1,RANBP17,0
SMARCAD1,ELF3,0
SMARCC1,RNF6,0
JARID2,PLOD1,0
HDAC3,IRF2,0
HDAC1,PATZ1,0
E2F4,F3,0
NFYB,HKDC1,0
GLI1,ADAMTS9,0
BAZ1A,FLRT3,0
DPPA4,DDIT3,0
REST,MLXIPL,0
RARA,NEDD4,0
PHC1,BRD7,0
RARA,KRBA1,0
NACC1,SRF,0
MTF2,PHC1,0
E2F1,GATA4,0
E2F1,PFKP,0
DPPA4,OVOL1,0
EHMT2,LEFTY2,0
PHC1,SNORD93,0
MYCN,TOX3,0
PHC1,SLCO3A1,0
SOX2,HTT,0
MEN1,ASH1L,0
EHMT2,SLC9A6,0
NRF1,ZSCAN10,0
CBX8,BMPER,0
PARP1,MME,0
MYCN,HS3ST1,0
KLF2,RHOX6,0
NR0B1,DAB2,0
SMARCAD1,TET1,0
RIF1,MED4,0
NRF1,TOP2A,0
RIF1,ARL6IP5,0
SMARCC1,GTF3C5,0
HDAC1,ATP13A3,0
TFE3,XBP1,0
E2F1,D230025D16RIK,0
HDAC1,PER1,0
SMARCC1,NR1H2,0
EED,MCM3,0
MYC,ABT1,0
KDM5B,DUSP9,0
EHMT2,NFATC4,0
NONO,PAWR,0
CBX8,MANF,0
CNOT3,APOE,0
NFYB,TCEA1,0
SMARCAD1,HIF3A,0
EHMT2,GLIS2,0
MEN1,ZBTB20,0
TFE3,NRF1,0
RIF1,HES6,0
SMARCAD1,ZFP423,0
RYBP,TWIST1,0
PRDM14,STAT4,0
OTX2,CCNG1,0
TRIM28,RYBP,0
EP400,SNORA68,0
SALL4,TCF12,0
HCFC1,TDH,0
KDM5B,MORF4L2,0
TET2,MLLT1,0
CBX7,ASNS,0
NACC1,ZFP219,0
EZH2,POLR2I,0
SALL4,GATAD2B,0
NFYB,FIZ1,0
SOX17,ZFP979,0
EP400,NR1H2,0
GATA4,ZDHHC15,0
CBX8,CTSZ,0
EP300,GBX2,0
MTF2,UBTF,0
RARA,CTCF,0
SALL4,DDX5,0
DPPA2,TRIM25,0
ELL2,CHD5,0
EHMT2,HIF3A,0
MAPK8,TFRC,0
CTCF,TFE3,0
NFYB,CBX4,0
DAXX,PRDM14,0
NR4A1,MXD4,0
NONO,CMKLR1,0
SMARCC1,KDM5B,0
CNOT3,IRF3,0
MEN1,KDM5B,0
YEATS4,TRP53BP1,0
ZIC3,RFX5,0
HDAC2,NRF1,0
RIF1,SKIL,0
CTCF,RFXAP,0
NFYB,HIST1H4K,0
EP400,ARHGEF40,0
SMARCC1,POLR1B,0
EHMT2,PDCD4,0
HDAC3,RBBP4,0
MAPK8,TUBB6,0
SMARCC1,P4HA2,0
DAXX,HSPB1,0
NONO,GTF3C5,0
CBX8,TXNDC5,0
MPHOSPH8,THBD,0
PARP1,IRF2,0
SMAD3,CTCF,0
BAZ1A,LAMB1,0
SOX17,SIX1,0
MAPK8,SALL4,0
EED,PSIP1,0
MEN1,HIST1H2BK,0
YEATS4,NOTCH2,0
JUN,SFPQ,0
GLI1,TAF9,0
SUZ12,MED15,0
ELL2,PIAS1,0
GATA4,EED,0
ZFP57,SAT1,0
MYCN,FXR2,0
DPPA4,IGF2,0
EHMT2,XRCC6,0
MAFK,GZF1,0
MYC,TGFB1,0
TFE3,TAF6,0
TGIF1,CLDN6,0
ARID1A,ATF5,0
SMAD3,TADA3,0
CBX7,HIST1H4K,0
TGIF1,GJB3,0
ZIC3,GDPD5,0
CNOT3,COBL,0
MAPK8,EHMT2,0
SALL1,P3H4,0
KLF4,RBMXL2,0
MAFK,DNAJC2,0
HDAC3,ME1,0
HDAC1,BTG2,0
SMAD2,ATF2,0
JARID2,HNRNPAB,0
NACC1,CCNB1,0
EHMT2,PHF2,0
CNOT3,SMARCA5,0
SMAD3,MAPK11,0
YEATS4,AKT1,0
NR4A1,NSD2,0
RIF1,EIF4A2,0
HDAC2,MAZ,0
SOX17,MED12,0
MPHOSPH8,SSR3,0
DPPA2,SOX15,0
NFYA,BEX1,0
DPPA4,HES6,0
EP300,CLCN5,0
HDAC1,PGA5,0
SALL1,DDX20,0
SIN3A,MAGED1,0
MAPK8,TET1,0
E2F1,TAGLN2,0
MAPK8,MT2,0
ARID1A,RAD54B,0
JUN,XBP1,0
HDAC3,LEFTY2,0
HDAC1,TEAD4,0
EP400,KDM5B,0
SALL4,MCM5,0
HDAC2,SLC9A6,0
SOX2,RHOX6,0
SMAD3,ZFP276,0
CHD7,TAX1BP3,0
GLI2,B2M,0
MAFK,NSD2,0
ZFP42,UNG,0
EED,TRIM25,0
ZIC3,FOXA2,0
CNOT3,PDCD4,0
NFYB,EPS8,0
TET2,ZFP36L1,0
ZFP57,RCN3,0
SMAD2,HDAC4,0
CHD4,SIN3B,0
KLF2,DTX1,0
MYC,ZFYVE21,0
RIF1,L3MBTL2,0
CNOT3,PATZ1,0
EP400,LOXL2,0
TBX3,SIX1,0
TET2,POLR3D,0
TBX3,EFEMP2,0
NFYB,POLR1A,0
ELL3,XRCC6,0
HDAC2,FDPS,0
UTF1,NXF7,0
SOX17,CTNNB1,0
GLI2,ZBTB39,0
PHC1,ELP2,0
EHMT2,CNOT7,0
KLF4,FOXA2,0
RYBP,DTX1,0
HCFC1,TAGLN2,0
TCF12,FAM25C,0
JARID2,PCBD1,0
JARID2,TAF6,0
RARA,GABBR1,0
EP400,NUP210,0
MAFK,CUX1,0
SALL4,SOX15,0
RIF1,HIST1H2BF,0
NR0B1,ZFP987,0
GATA4,HDAC5,0
ZFP57,HIST1H1B,0
MPHOSPH8,POLR2K,0
CBX8,PLOD2,0
CHD7,IKBKB,0
GLI1,GSR,0
YEATS4,SERPINH1,0
SMARCA4,CCNG1,0
DAXX,ATP6V0A1,0
NONO,TRRAP,0
TFE3,FAM25C,0
RNF2,TAF1,0
HCFC1,SNORA26,0
NACC1,SRSF1,0
HDAC2,TOPORS,0
MTF2,GSTA4,0
HDAC3,SMAD2,0
PHC1,UTF1,0
JUN,SLC7A6,0
GLI1,HIST1H2BB,0
EP400,RAB3IL1,0
NFYB,TADA3,0
GLI2,LDLRAP1,0
RYBP,COIL,0
RIF1,KHDC3,0
HEXIM1,BMP4,0
CHD4,CBX4,0
SOX2,GATA4,0
ARID1A,ZFP987,0
TET2,LAMB1,0
CHD7,PRRX2,0
PARP1,CRABP2,0
DPPA2,HDAC3,0
MYCN,ASH1L,0
RIF1,HDGF,0
EHMT2,E2F4,0
HEXIM1,HDAC7,0
E2F4,KLF3,0
JUN,GM10039,0
HDAC2,TMF1,0
TRIM28,LDHB,0
MPHOSPH8,RARG,0
SMARCC1,GM10039,0
E2F1,TRP53BP1,0
GTF3C1,MYO7A,0
MTF2,TCF7L2,0
PARP1,GLDC,0
MEN1,KHDRBS1,0
TGIF1,HSBP1,0
MAFK,SOX2,0
ZIC3,ORC2,0
MAPK8,ZBTB20,0
NACC1,ANXA5,0
MYC,ARNT2,0
JUN,MAML3,0
PHC1,TXNDC5,0
EP400,IRF3,0
PARP1,ERCC8,0
KLF2,POU4F2,0
SOX17,LHX2,0
HEXIM1,CREBZF,0
MED12,FXYD3,0
MEN1,TFEB,0
HEXIM1,KLF15,0
EED,MED21,0
TGIF1,PAX8,0
E2F4,MED15,0
HCFC1,KHDC3,0
NFYB,AKT1,0
KLF2,ILF2,0
KDM5B,HIST1H2BB,0
TGIF1,TDH,0
CHD7,HIST1H2AC,0
EZH2,MCM2,0
YEATS4,B2M,0
NACC1,NR2F2,0
CTCF,REST,0
ELL2,NFX1,0
JUN,HIST1H2AI,0
CNOT3,NFX1,0
CBX8,HTRA1,0
HEXIM1,APOE,0
RIF1,TBL1X,0
MTF2,ELF4,0
KDM5B,UPP1,0
JARID2,MKRN1,0
JUN,CCN2,0
SALL1,FOXO3,0
HCFC1,CTBP2,0
PHC1,MLXIPL,0
PRDM14,TOX4,0
SALL4,CD63,0
HEXIM1,SPRY2,0
SMARCC1,ZFP36L1,0
ZFP42,ZBTB10,0
SALL1,KLF13,0
SALL1,SIRT3,0
SMARCC1,ZFP296,0
PRDM14,ABTB1,0
REST,POLR1A,0
MYC,RARA,0
HEXIM1,ZFP236,0
JARID2,KPNA2,0
E2F4,SERPINH1,0
PARP1,KPNA2,0
EP300,TNK2,0
NR0B1,EOMES,0
ARID1A,SMARCB1,0
YEATS4,KRT42,0
PHC1,LAMC1,0
TRIM28,HDAC1,0
SOX17,CTSA,0
TET1,TNS4,0
GATA4,SMURF1,0
KLF2,TYRO3,0
BAZ1A,NFATC1,0
TET2,GLI1,0
CTCF,TRIM32,0
EP400,MYLPF,0
E2F4,SSB,0
SMARCC1,GTF2A1L,0
DPPA4,TRIB3,0
ELL2,BNIP3,0
MAFK,WDR45,0
MPHOSPH8,RPL22L1,0
EP400,MRAS,0
REST,STARD10,0
RYBP,PFKP,0
DAXX,NKRF,0
KDM5B,LRPAP1,0
MAPK8,KLF8,0
TFE3,TFAP2C,0
ELL2,PDCD11,0
RIF1,PBX4,0
ESRRB,POLR1C,0
YEATS4,ORC2,0
TRIM28,NOTUM,0
BAZ1A,COL4A1,0
PRDM14,LEFTY2,0
SMAD3,TOPORS,0
NR0B1,SP8,0
TFE3,RRBP1,0
TFE3,IRF2,0
JUN,NR2F6,0
KLF2,RLIM,0
TBX3,KDELR2,0
REST,AIRE,0
BTAF1,FXYD3,0
SALL1,SLC5A11,0
MAFK,KLF13,0
ELL2,SIN3A,0
MAPK8,HDAC2,0
GLI1,ARID5B,0
ZIC3,HNRNPAB,0
HEXIM1,SLC6A6,0
SMARCC1,SEMA4C,0
ZIC3,HDAC4,0
NFYB,ZFP236,0
KLF2,NUPR1,0
KLF2,GSR,0
SOX17,SGK1,0
SALL4,HSPB1,0
JARID2,ELL2,0
SMAD3,ZFP219,0
NFYB,ABHD5,0
MAFK,MGST3,0
TRIM28,LMO4,0
BAZ1A,SSR3,0
DAXX,PRRX2,0
BAZ1A,AMOT,0
GLI1,AGAP3,0
HDAC1,GNRH1,0
CBX8,VIM,0
DPPA2,SELENOW,0
GATA4,RBFOX2,0
EHMT2,ZFP423,0
CNOT3,JUND,0
MAPK8,NAA15,0
ESRRB,HIST1H2AK,0
EP400,ANXA2,0
NRF1,RNF157,0
ARID1A,ARNT2,0
JUN,HIST1H1A,0
DAXX,TBX3,0
GLI2,TRIP11,0
TRIM28,NDRG4,0
RYBP,L1TD1,0
DPPA2,NFKB2,0
MAFK,MSX2,0
HDAC1,ESRRB,0
HCFC1,RAPGEF3,0
KLF2,CRIP2,0
EED,HTRA1,0
RARA,ZFP446,0
SMARCC1,GRHL1,0
CHD7,SMARCD1,0
TGIF1,GSTA4,0
RARA,STXBP2,0
HDAC3,KLF13,0
EED,KRT42,0
SOX17,CAR2,0
TRIM28,NFKBIA,0
RIF1,DDX20,0
NFYA,EPAS1,0
KDM5B,NCOA3,0
PRDM14,TIMELESS,0
DAXX,DTX1,0
SALL4,NEDD4,0
CBX8,ETV4,0
GLI2,SOX7,0
PRDM14,HMCES,0
EP300,TPM4,0
HDAC1,ALG13,0
EED,HKDC1,0
NFYA,RCC2,0
NFYB,MYBL2,0
EP400,OVOL1,0
KDM5B,SIN3B,0
ZIC3,UBE2C,0
CTCF,RBMX,0
EED,PLRG1,0
E2F4,CALCOCO1,0
NACC1,FUS,0
PARP1,ZFP398,0
NR0B1,TRIM32,0
SOX17,LAMB2,0
EHMT2,IL33,0
EED,ZFP57,0
SALL4,HMGB2,0
DAXX,ING3,0
CNOT3,SRSF6,0
PHC1,TET1,0
KDM5B,TOP2B,0
GTF3C1,POLR2K,0
NFYA,NR5A2,0
CHD4,GATAD2B,0
TGIF1,NR2F6,0
HDAC3,HIST1H2BB,0
GLI2,MPHOSPH8,0
RYBP,TPD52,0
E2F1,COTL1,0
JUN,ZMYM2,0
KLF2,SIX5,0
CBX8,TRIM25,0
GATA4,BTF3,0
CBX8,PA2G4,0
NFYB,HSP90AA1,0
MPHOSPH8,CNOT6L,0
RIF1,NCOR1,0
PRDM14,ERP29,0
TGIF1,IRF3,0
DPPA2,ATM,0
DAXX,PROX1,0
JUN,FIZ1,0
BAZ1A,PMS1,0
DAXX,BARD1,0
ARID1A,ASH1L,0
KLF4,SEC24D,0
PARP1,RCOR2,0
SALL1,LTBP4,0
NR0B1,ETS1,0
SMARCA4,RB1,0
KDM5B,CHST15,0
PHC1,ABTB1,0
ZIC3,MCM2,0
GLI2,DIDO1,0
ESRRB,ATF7,0
DAXX,NFATC2IP,0
SMARCC1,SRI,0
ELL2,ADAMTS9,0
DPPA2,HIST1H1B,0
RIF1,XAB2,0
CBX7,SPP1,0
SMAD2,CREBZF,0
HDAC2,NR1D1,0
GLI1,PHB2,0
RYBP,NFYB,0
BAZ1A,NFX1,0
SALL4,TFEB,0
ZIC3,HDAC11,0
NFYB,RBMXL2,0
TRIM28,ZFP462,0
NR0B1,VSIR,0
RYBP,KANK3,0
ELL3,TXNDC12,0
SMARCC1,SUB1,0
EP400,HDAC1,0
ELL2,MYLPF,0
KDM5B,NOTUM,0
BAZ1A,TGFB1,0
MEN1,SMARCC1,0
TET2,NPHS1,0
REST,ETV5,0
BTAF1,SMAD4,0
PRDM14,L3MBTL2,0
CNOT3,EDEM1,0
SALL1,ASS1,0
PARP1,NFATC3,0
SALL1,AIRE,0
SALL4,STAT5A,0
SOX2,CALU,0
PRDM14,APP,0
MAFK,HDAC11,0
BTAF1,XRCC5,0
TET2,ARID1A,0
CBX7,TCF7L2,0
NFYA,ETV3,0
SMARCC1,DKK1,0
CBX7,MPHOSPH8,0
EZH2,PDCD11,0
KDM5B,ELF4,0
HDAC2,RNF6,0
GLI2,KIT,0
MYCN,NR1D2,0
TRIM28,TCOF1,0
SALL1,MYMX,0
PRDM14,GNRH1,0
GTF3C1,AMOT,0
JUN,ERCC3,0
TBX3,GDPD5,0
MEN1,TRP53,0
TGIF1,POLR2J,0
SMARCA4,CIC,0
PARP1,UBE2C,0
PRDM14,AMPD2,0
SMARCAD1,STAT5A,0
NRF1,FXYD3,0
MTF2,FXR2,0
SMARCAD1,TAF9,0
RARA,UNG,0
TRIM28,IRF3,0
TRIM28,TRP53BP1,0
ZFP57,ZFP979,0
REST,CDC42SE2,0
RYBP,ANKRD49,0
TRIM28,TUBB2B,0
ELL2,YEATS2,0
ARID1A,EPS8,0
MAFK,APOBEC3,0
EHMT2,CBX6,0
KDM5B,PLOD1,0
HDAC2,BARX1,0
DAXX,NR1D1,0
EHMT2,FAM129B,0
CHD7,JUN,0
EHMT2,CEMIP,0
ELL3,TXNDC5,0
YEATS4,2200002D01RIK,0
DPPA4,IRF4,0
E2F4,PHF20,0
JARID2,ZBTB7A,0
CBX7,HIST1H2BN,0
ELL3,STARD10,0
HDAC2,MED12,0
CHD4,TRIM32,0
GATA4,ATF4,0
CNOT3,FOXH1,0
NFYA,SMURF1,0
PHC1,ZFP979,0
SALL1,E2F1,0
HEXIM1,MYO7A,0
SALL4,MYO7A,0
EED,SLC6A6,0
PRDM14,POLR2E,0
ESRRB,RNF6,0
SMAD3,ATF5,0
CNOT3,IFITM2,0
PARP1,PITX2,0
JARID2,HMGXB4,0
NR0B1,SMURF1,0
E2F4,RUVBL1,0
TET1,ERCC3,0
EZH2,EIF4A2,0
MAPK8,SGK1,0
MYC,PAX8,0
PARP1,PHF2,0
TRIM28,ASNS,0
DPPA2,FAM25C,0
MPHOSPH8,KPNA2,0
DPPA4,SNAI1,0
SALL1,RAI14,0
YEATS4,FOXP1,0
DAXX,GATA4,0
SUZ12,ZFP979,0
MAFK,POU4F2,0
NFYB,NFIA,0
EP300,HOPX,0
DPPA4,EZH1,0
CTCF,ZBTB7A,0
JUN,HES6,0
SALL4,NCOA3,0
SMARCA4,P4HA2,0
NONO,PLAT,0
CBX8,KAT2B,0
HDAC2,DNAJC10,0
GLI1,TRIM24,0
ZFP42,COL4A1,0
ZFP42,NXF7,0
MPHOSPH8,COL4A2,0
CBX8,TENM4,0
TFE3,MORC4,0
RARA,SCMH1,0
SUZ12,TSPAN9,0
NFYA,ZBTB20,0
PHC1,ELF4,0
NR4A1,SRF,0
JUN,DUSP9,0
MYC,VIM,0
YEATS4,NR2F6,0
EP400,GABARAPL2,0
DAXX,SEMA4C,0
TBX3,MAZ,0
HCFC1,OBSL1,0
CBX8,RCOR2,0
SMARCC1,TIMELESS,0
NFYA,TCEA1,0
NRF1,GATAD2B,0
JUN,PDPN,0
MTF2,TXNIP,0
EP400,KIT,0
TRIM28,NFATC3,0
TBX3,CTSA,0
PARP1,LAMB2,0
NFYA,ETV6,0
NONO,LDLRAP1,0
YEATS4,F3,0
SMARCA4,FGF4,0
ARID1A,GNRH1,0
SALL4,TPM4,0
RNF2,NSD2,0
SMARCAD1,BNIP3,0
GLI2,MCM3,0
HDAC2,SIRT3,0
MTF2,TPM4,0
NR0B1,ZBTB43,0
HCFC1,GJB3,0
BAZ1A,SRGN,0
SOX17,NFKBIA,0
HDAC1,PHF12,0
CBX8,NAA15,0
DPPA2,ZFP275,0
ARID1A,SOS2,0
MEN1,DCXR,0
EP300,RCC2,0
SMAD2,GTF2I,0
MPHOSPH8,ERP29,0
PARP1,OBSL1,0
TRIM28,EPS8,0
PHC1,SIRT1,0
GATA4,KEAP1,0
ELL2,CITED1,0
MYCN,ISYNA1,0
EED,UPP1,0
MAPK8,EWSR1,0
NR4A1,NID1,0
REST,GATA3,0
TET2,ZDHHC15,0
BAZ1A,CHST15,0
SMARCA4,GM10039,0
SMAD3,FXR2,0
TGIF1,APEX1,0
CTCF,TRIP11,0
JUN,SLC16A1,0
MTF2,PREB,0
NONO,LGMN,0
EP400,XBP1,0
HDAC3,MT2,0
PRDM14,ARHGEF40,0
SOX2,SMARCC2,0
SALL1,L1TD1,0
PHC1,PLRG1,0
MAPK8,TSPAN9,0
PRDM14,TAX1BP3,0
JARID2,FAM129B,0
HDAC2,MAFK,0
SALL1,KDELR3,0
RYBP,NFX1,0
MYC,HOXD13,0
ZFP42,IFI30,0
DPPA2,TRIP6,0
NFYA,THRAP3,0
EP400,HIST1H2BB,0
YEATS4,ZDHHC16,0
KLF4,ARHGEF40,0
BAZ1A,RFXAP,0
GLI2,MME,0
CTCF,CHD4,0
CBX8,TCF7L2,0
ARID1A,PHF12,0
SOX17,NR1D1,0
E2F1,MLXIPL,0
GLI1,CTH,0
PRDM14,SLC6A8,0
NRF1,HDAC10,0
MAPK8,GLDC,0
SIN3A,SNORA68,0
DAXX,CITED2,0
EP400,FRMD4A,0
NR4A1,SERPINE2,0
REST,TMEM144,0
GATA4,GABPA,0
ESRRB,JMJD1C,0
PARP1,MT2,0
KLF2,GJA1,0
NFYB,PAWR,0
TBX3,HTRA1,0
PARP1,PAX8,0
PRDM14,POLR2I,0
CBX8,TSG101,0
SMARCC1,VSIR,0
YEATS4,SLC5A11,0
NFYB,CUX1,0
DAXX,PAX6,0
NONO,BIN1,0
BTAF1,GSTA4,0
ELL2,TXNDC12,0
TET2,ASH1L,0
CBX7,POLR2E,0
YEATS4,CRABP2,0
NR0B1,FST,0
RARA,GJA1,0
PHC1,RBBP7,0
MYC,BARX1,0
TBX3,XAB2,0
CBX8,TOX4,0
KLF2,CTH,0
KDM5B,NR5A2,0
REST,XRCC5,0
DAXX,L1TD1,0
ZIC3,FLRT3,0
CNOT3,CCNG1,0
ARID1A,SERPINE2,0
ZFP42,PER1,0
ELL3,DDB2,0
KLF2,NFYB,0
HDAC2,KANK3,0
MYC,CBX8,0
RARA,NFIA,0
CHD4,HDAC11,0
JUN,FRMD4A,0
DPPA2,TRRAP,0
EED,TRP53,0
BAZ1A,PRDM1,0
NONO,NDRG4,0
CNOT3,ELF4,0
RYBP,XRCC5,0
NACC1,GABPA,0
CNOT3,GATAD2B,0
BAZ1A,FN1,0
YEATS4,PREB,0
SIN3A,NSD2,0
CHD4,EWSR1,0
EED,CITED2,0
NONO,ZFP446,0
DPPA4,PHF12,0
NFYA,COPS2,0
E2F1,AU018091,0
HCFC1,HSPB1,0
CBX8,IRF1,0
TFE3,TAF9,0
KLF2,MAZ,0
EED,NCOA3,0
REST,USF1,0
DAXX,RUNX3,0
RYBP,NR4A1,0
ARID1A,HIST1H2AC,0
SIN3A,FXYD3,0
NR4A1,SEPT1,0
NFYA,SERPINE2,0
NR4A1,POLR1B,0
MPHOSPH8,KLF13,0
MAPK8,BTF3,0
CBX8,BTAF1,0
BAZ1A,CLDN6,0
RARA,FXYD3,0
RIF1,HSPG2,0
TET2,SERPINE2,0
KDM5B,TGIF1,0
MAFK,ELK1,0
EED,RNF14,0
EHMT2,F3,0
CTCF,CKAP4,0
MYCN,PDCD4,0
KLF2,TAGLN2,0
REST,ZEB2,0
MPHOSPH8,ASS1,0
E2F4,FXYD3,0
EED,FGF10,0
TBX3,UBE2C,0
EED,SNAI1,0
REST,TTF2,0
NFYA,MEIS3,0
ZFP42,DCXR,0
PARP1,BTG1,0
HDAC2,TBL1X,0
NR0B1,RPL22L1,0
SALL4,PHF20,0
YEATS4,FGF4,0
REST,MTA3,0
GLI2,MKRN1,0
MAFK,PHF1,0
MEN1,KRBA1,0
DR1,GNRH1,0
TBX3,MYO7A,0
REST,TXNDC5,0
MEN1,DNMT3A,0
NR4A1,PRSS35,0
ARID1A,TOX4,0
DPPA4,ZFP275,0
PARP1,FOXA2,0
KDM5B,HSP90B1,0
PARP1,ELF1,0
HCFC1,GZF1,0
SMAD3,GATA4,0
NONO,TNS4,0
SALL4,TRRAP,0
ELL3,GTF2H3,0
JUN,GBX2,0
E2F4,TUBA4A,0
GLI1,SAT1,0
DAXX,JDP2,0
ZIC3,BARD1,0
TET2,PLAT,0
CNOT3,BRPF1,0
NR0B1,SLC26A10,0
ELL2,PLRG1,0
ZFP57,IL33,0
SOX17,HDAC2,0
JARID2,TADA3,0
SMARCA4,UNG,0
HDAC3,PDGFRA,0
TRIM28,EDA2R,0
TRIM28,SATB1,0
MPHOSPH8,SMAD7,0
EED,JAM2,0
PHC1,VILL,0
GLI1,SOAT1,0
ARID1A,ARHGEF40,0
PHC1,USF1,0
ELL3,CBX4,0
SALL4,ZFHX3,0
SOX17,TMED2,0
KLF2,SIN3B,0
CHD4,PMS1,0
EED,MYBL2,0
CNOT3,FXYD6,0
EHMT2,XRCC5,0
NACC1,EMP2,0
NR0B1,P4HB,0
ARID1A,CSF1,0
NFYB,THRAP3,0
SMAD2,ALG13,0
ESRRB,GPX3,0
UTF1,ZBTB20,0
CHD4,NOTUM,0
REST,WDR45,0
NR0B1,ATF5,0
DAXX,APBB1,0
NFYA,BRWD1,0
BAZ1A,KLF4,0
TET2,TFCP2L1,0
MYC,ATP6V0A1,0
KDM5B,POLR3F,0
TFE3,FRRS1,0
NR0B1,FOXP1,0
CHD4,EP400,0
GLI2,HIST1H2AK,0
GLI1,SLC26A10,0
DAXX,HKDC1,0
ZFP42,CREB3,0
NFYB,ERF,0
KLF2,TAF1A,0
EED,EDEM1,0
NR0B1,P4HA1,0
GLI1,SRRT,0
MEN1,BACH2,0
EHMT2,ATP6V0A1,0
SMAD3,PMS1,0
REST,APBB1,0
HDAC2,TGFB1,0
KLF2,UCHL1,0
CHD4,TBX18,0
GATA4,GATAD2B,0
YEATS4,DDB2,0
SOX17,FRRS1,0
PRDM14,BRCA2,0
MAFK,PATZ1,0
TFE3,POLR2H,0
ARID1A,UCHL1,0
HDAC1,TRP53,0
PARP1,JMJD1C,0
DPPA4,CREBZF,0
MAPK8,ADAM23,0
GLI2,AIP,0
MPHOSPH8,NPAS2,0
TFE3,TRIP11,0
CBX8,APEX1,0
CHD7,PLOD3,0
PRDM14,USF1,0
SMAD2,TMEM144,0
MYCN,HIST1H4K,0
KLF2,MSC,0
HDAC2,TMED2,0
MAFK,GTF2H3,0
MAPK8,GZF1,0
NONO,DCP1A,0
HDAC3,RBMX,0
SOX17,MED15,0
SALL1,RCOR2,0
YEATS4,PBXIP1,0
SMARCC1,GSR,0
ARID1A,TNS4,0
SMAD2,PLOD2,0
SMARCC1,MYLPF,0
PHC1,TAX1BP3,0
GLI1,USF1,0
EHMT2,POU2F1,0
EP400,L3MBTL2,0
KLF2,POLR1A,0
TFE3,RFXAP,0
NFYB,LEFTY2,0
SMARCC1,TRIP11,0
SOX17,IKBKB,0
ELL2,POLR1A,0
CHD4,PHF20,0
NONO,NDN,0
MAFK,ZBTB10,0
YEATS4,TMED2,0
MAFK,INTS12,0
YEATS4,ZFP275,0
HDAC2,GSR,0
MPHOSPH8,SIRT3,0
SMARCC1,EBF4,0
HDAC3,COMMD3,0
KDM5B,SP8,0
CBX8,DNAJC2,0
PARP1,KLF9,0
BAZ1A,IL33,0
HDAC3,CSF1,0
DPPA2,MCM6,0
TFE3,PAX8,0
NR0B1,MLXIP,0
MEN1,2810025M15RIK,0
ELL2,UCHL1,0
NACC1,CLDN6,0
EED,P4HB,0
NFYB,STAT4,0
CBX8,MED21,0
TFE3,TFRC,0
KDM5B,TET1,0
BAZ1A,IRF4,0
CHD4,APP,0
PRDM14,UNG,0
GLI1,CKB,0
NONO,NOTCH1,0
HDAC2,EP400,0
SOX2,YAF2,0
EP400,DCP1A,0
PHC1,MSH6,0
RYBP,FHL2,0
CTCF,TBPL1,0
RIF1,PLAGL2,0
SUZ12,SMAD4,0
NFYB,SHROOM3,0
SOX2,CAR2,0
DAXX,NID1,0
GLI1,SSR3,0
HEXIM1,PIAS2,0
YEATS4,RIF1,0
MPHOSPH8,SMARCD1,0
SMARCA4,ALG13,0
TCF12,ZBTB3,0
GLI1,RBPMS2,0
EP400,POU4F2,0
EHMT2,DNAJC2,0
TET1,OTX2,0
TBX3,NSD1,0
BAZ1A,BTAF1,0
CBX8,ME1,0
HDAC1,ASNS,0
HDAC2,BRCA1,0
HDAC2,JAM2,0
YEATS4,FGFR3,0
EED,BTBD11,0
CBX7,ESRRA,0
TBX3,DDB1,0
KDM5B,MEIS3,0
NACC1,KPNA2,0
ELL3,HEY2,0
CBX8,IFITM2,0
NACC1,SAT1,0
ESRRB,SMARCAD1,0
GTF3C1,PRSS35,0
HCFC1,PER1,0
HDAC3,SRGN,0
TET2,B2M,0
TBX3,CREBZF,0
SUZ12,FBLIM1,0
PRDM14,LAMC1,0
ARID1A,JARID2,0
EHMT2,DKK1,0
CHD7,NFATC2IP,0
NFYB,CHCHD10,0
SMARCAD1,AKR1B8,0
SMAD2,MEG3,0
SOX2,WWTR1,0
EZH2,GNPDA1,0
DPPA2,POLR3F,0
CTCF,NKRF,0
SMARCAD1,RLIM,0
NR4A1,TSPAN9,0
E2F4,KANK3,0
HDAC3,CRIP2,0
BAZ1A,DNAJC10,0
GLI1,MITF,0
EED,APP,0
E2F4,TET2,0
SMAD3,RPL22L1,0
EHMT2,FOXD3,0
E2F1,CHD5,0
MYC,KHDC3,0
TFE3,SATB1,0
NACC1,RBPJ,0
JUN,FOXP1,0
NFYA,NFIC,0
HEXIM1,SP8,0
RIF1,KANK2,0
ELL3,CMKLR1,0
YEATS4,TIMP2,0
RIF1,EMP2,0
ESRRB,HMGXB4,0
SALL1,ALG13,0
RARA,TRIM25,0
EP400,MPHOSPH8,0
TET2,TMED2,0
NONO,ZFP296,0
HCFC1,SRM,0
NACC1,PDCD11,0
EED,LAMA1,0
TET2,CSF1,0
NACC1,PIAS3,0
MAFK,CCNG1,0
RIF1,CCNB1,0
MAPK8,APEX1,0
ELL3,FOXJ3,0
MPHOSPH8,RUNX3,0
DPPA2,CTSL,0
E2F4,SLC25A4,0
EP400,TSG101,0
TBX3,NFXL1,0
ZFP57,TMSB4X,0
TRIM28,ZFP91,0
SMARCC1,MEIS3,0
MTF2,PDK1,0
MAFK,RCOR2,0
ELL3,POLR2B,0
YEATS4,CKAP4,0
HDAC1,ZBTB3,0
SMARCA4,PRSS35,0
DPPA4,CREB3,0
YEATS4,TCEA3,0
CHD4,SERPINE2,0
KLF4,TET1,0
CTCF,MXD4,0
EP400,SIRT3,0
GATA4,LTBP4,0
JARID2,NFYA,0
SALL4,FOXO1,0
NONO,TFEB,0
SUZ12,SFPQ,0
CBX8,P4HA2,0
TGIF1,PLOD2,0
MYCN,CUX2,0
E2F4,HNF1B,0
HCFC1,HOXD13,0
GLI1,IFITM3,0
SALL1,EGR1,0
MAPK8,PURA,0
NONO,EIF4A2,0
EP300,POLR2I,0
GLI2,ASS1,0
GLI2,ETV3,0
EHMT2,MITF,0
EHMT2,LAMC1,0
SALL1,PATZ1,0
NR0B1,CCND1,0
MAFK,ZHX3,0
GATA4,NFIB,0
JUN,PLAT,0
CBX8,NFATC3,0
E2F4,PHF1,0
EED,TXNDC12,0
PRDM14,2410141K09RIK,0
SMARCA4,TOP2A,0
TET2,BRCA1,0
SMARCAD1,MYBL2,0
MAFK,GBX2,0
HDAC1,CENPB,0
TET1,ZFP979,0
ARID1A,ODC1,0
EED,TET1,0
MYC,SNORD93,0
ZFP42,SNAI1,0
EP300,MTA3,0
DPPA4,TRP53,0
ARID1A,SELENOW,0
RIF1,HNF4A,0
DAXX,HIF1A,0
MYCN,SIRT2,0
EP300,PRRX2,0
HDAC3,BRPF1,0
SALL4,D230025D16RIK,0
ARID1A,TEAD3,0
MAPK8,YBX1,0
MAFK,PHLDB2,0
DAXX,PDGFRA,0
SMARCC1,INSIG1,0
TGIF1,SMARCC1,0
PARP1,MED15,0
KLF2,GAS6,0
ZIC3,SCMH1,0
E2F4,HIST1H2AC,0
SMAD3,GATAD2B,0
CTCF,DDX58,0
ARID1A,ETV6,0
SOX17,NR1H2,0
CHD4,THBD,0
GLI1,ID4,0
HDAC1,LMF2,0
E2F1,ATF7,0
SOX17,HNRNPAB,0
CHD7,ZFHX3,0
MPHOSPH8,GRHL1,0
NONO,KEAP1,0
MPHOSPH8,CTSD,0
SALL1,TEAD4,0
HDAC2,STARD10,0
MYCN,TRH,0
MYCN,CTSL,0
CHD7,2410141K09RIK,0
TRIM28,FOXA2,0
ZIC3,EMX2,0
HDAC3,NSD1,0
KDM5B,NFYB,0
E2F1,NPHS1,0
EHMT2,TDH,0
MPHOSPH8,FBLIM1,0
MAFK,TFEB,0
NFYB,RNF14,0
CTCF,ZFP768,0
GLI2,CTBP2,0
PRDM14,DAZAP2,0
NR0B1,HMGA1B,0
PARP1,MED4,0
EP400,TAF1A,0
NONO,SLC25A5,0
CTCF,GSR,0
ESRRB,RHOX6,0
JARID2,NFATC3,0
TFE3,CDC5L,0
ELL3,PDGFRA,0
SMARCAD1,POLR3D,0
REST,GTF3C1,0
CNOT3,PDIA6,0
REST,SIN3A,0
NFYA,DAB2,0
DPPA2,MYD88,0
KLF2,ING1,0
SOX17,PLAG1,0
HDAC1,ZMYND11,0
JUN,APOBEC3,0
TFE3,NR1D2,0
SALL1,MED4,0
KDM5B,MYBL2,0
NR0B1,WWTR1,0
NRF1,KLF3,0
ELL2,GATA4,0
SOX17,ILK,0
MEN1,FXYD3,0
CTCF,FOXJ2,0
RARA,IFITM1,0
NR0B1,FOSL2,0
E2F1,TCF7L2,0
MAPK8,STXBP2,0
MAPK8,ZFP57,0
DAXX,MAML3,0
CTCF,AQP8,0
NONO,DIDO1,0
CBX8,CAR2,0
REST,GATA4,0
JARID2,AMOT,0
SOX17,HDGF,0
MAFK,HIST1H1D,0
EP300,STAT5A,0
KLF2,ZMYM2,0
SOX17,GRHL1,0
NR0B1,POU4F1,0
ELL2,ME1,0
RARA,EPHA4,0
RYBP,ANKS1,0
GLI2,BACH2,0
MEN1,2200002D01RIK,0
NR4A1,PDK1,0
JUN,UBQLN2,0
NR0B1,SNORD93,0
PARP1,LAMA1,0
JUN,TCOF1,0
GLI1,DCXR,0
TET2,GNAS,0
RIF1,GSTA4,0
CNOT3,RHOX6,0
DPPA4,SLCO3A1,0
CHD4,ING1,0
JUN,STAT5A,0
DPPA2,BMP4,0
CTCF,GJA1,0
MED12,ZFP462,0
RYBP,SLC25A5,0
CBX8,DPP4,0
ZIC3,RFX2,0
HDAC2,MYCN,0
NONO,RBBP7,0
RYBP,MDM2,0
KDM5B,BCAM,0
SMARCAD1,UBQLN2,0
GATA4,MCM3,0
DAXX,PLRG1,0
E2F4,AIP,0
CNOT3,ETV4,0
GATA4,PROX1,0
SALL1,TCOF1,0
SALL1,WWTR1,0
GLI1,SEMA4C,0
MTF2,TET1,0
MPHOSPH8,RAB3IL1,0
GLI1,MKX,0
GLI2,NFIB,0
SALL1,MEIS3,0
ZIC3,ZDHHC15,0
GLI2,CALU,0
SALL1,NFX1,0
SUZ12,APOBEC3,0
EED,SOX15,0
KDM5B,PA2G4,0
TET2,CALR,0
HDAC3,POLR2H,0
NFYB,CREB3,0
ELL2,NKRF,0
MYCN,ZFP236,0
GATA4,NSD1,0
EED,NOTUM,0
MYC,LRP2,0
PRDM14,ZEB2,0
TRIM28,MLXIPL,0
E2F4,RAI14,0
BAZ1A,EZH2,0
MYCN,CEMIP,0
MAFK,PMS1,0
SMARCA4,LRRK1,0
SMARCA4,BRCA1,0
TFE3,ITGA6,0
HCFC1,PLOD1,0
YEATS4,CALU,0
SIN3A,TCF20,0
CBX8,RLIM,0
ELL2,POLR1E,0
HDAC1,ABHD5,0
RARA,REST,0
NFYA,TDGF1,0
ZFP42,TBX18,0
TFE3,SLC16A1,0
MYCN,POU4F2,0
CNOT3,GM10039,0
JUN,RAD51,0
YEATS4,GBX2,0
CHD4,TAF9,0
SMAD3,GATA3,0
EED,CRAMP1L,0
ESRRB,P3H4,0
ZFP42,NFATC1,0
REST,OVOL1,0
RARA,TRIP11,0
BTAF1,ID3,0
CNOT3,ZDHHC15,0
E2F1,FOXA2,0
NFYB,SRM,0
MYCN,SATB2,0
HDAC2,FGF3,0
GLI2,FAM25C,0
EED,MYMX,0
RYBP,LAPTM5,0
CNOT3,NFXL1,0
MEN1,ETV4,0
NFYB,LAMA1,0
GLI1,NR1D1,0
CBX8,ZFP57,0
SMARCC1,COPS2,0
BAZ1A,KRBA1,0
MPHOSPH8,MYBBP1A,0
TBX3,MSH6,0
EHMT2,MT2,0
DAXX,LGMN,0
RIF1,ETV5,0
CBX7,HIST1H3H,0
YEATS4,RHOX6,0
HCFC1,RHOX6,0
MPHOSPH8,BIN1,0
HDAC3,NDN,0
ZFP42,STARD10,0
MAPK8,PBX4,0
ZFP57,NFYB,0
ARID1A,BEND5,0
ELL3,STAT5B,0
SMARCA4,LHX2,0
PRDM14,EMP2,0
TRIM28,DDAH2,0
OTX2,POU4F2,0
SOX2,BNIP3,0
YEATS4,IRF2,0
MEN1,ESRRB,0
TFE3,PROX1,0
HDAC2,ING1,0
SMARCC1,HIF1A,0
SMAD3,KLF8,0
TET2,UHRF1,0
NR4A1,HSBP1,0
BAZ1A,UNG,0
REST,RAI14,0
EED,ABTB1,0
SMARCC1,DNMT3A,0
NANOG,AES,0
NR0B1,POLR2I,0
NFYB,SOS2,0
NONO,ECT2,0
ELL2,TRIM28,0
NFYB,SALL4,0
REST,CHD7,0
ZIC3,TEAD3,0
CTCF,GAS6,0
HDAC3,ZMYM2,0
RIF1,FGF3,0
SOX2,NID1,0
GLI1,RPL22L1,0
MYC,AMOTL2,0
BAZ1A,MME,0
GLI2,BEND5,0
SMARCAD1,NR1D2,0
MPHOSPH8,LDB1,0
CHD4,GJA1,0
PHC1,EZH1,0
MPHOSPH8,PER1,0
SALL4,LRP2,0
DPPA2,FBLIM1,0
YEATS4,SAT1,0
MAFK,TGFB1I1,0
SALL1,ISYNA1,0
NACC1,ELF1,0
NR4A1,DDIT3,0
RIF1,ETV6,0
NR0B1,ECD,0
EHMT2,JMJD1C,0
CTCF,FRMD4A,0
SMAD2,RANBP17,0
GLI1,FXYD6,0
SMARCC1,UHRF1,0
PHC1,SAP30,0
CBX7,PAPOLA,0
TBX3,TCOF1,0
SUZ12,RUVBL1,0
JUN,POU4F2,0
ZFP42,TCEA3,0
YEATS4,MAML3,0
JUN,ORC2,0
NACC1,ATF1,0
PARP1,DDX58,0
SMARCA4,MCM6,0
NONO,ATF3,0
CHD4,SRSF3,0
SALL1,DPPA2,0
EZH2,TFE3,0
ELL2,KLF10,0
CHD4,ELL3,0
ZIC3,OBSL1,0
NFYB,E2F1,0
RIF1,RBPMS2,0
EED,ELAVL2,0
CNOT3,CCNB1,0
NONO,VILL,0
TFE3,HSP90B1,0
YEATS4,BMI1,0
PHC1,MYD88,0
GATA4,MLXIP,0
YEATS4,HMGA1,0
MAPK8,GTF3C1,0
CNOT3,GABPA,0
HCFC1,PEG3,0
SALL4,TET1,0
ELL2,SIRT1,0
SMARCC1,CHCHD10,0
NR4A1,TAF1,0
KLF2,HSPH1,0
HDAC2,SIRT2,0
KDM5B,RBBP4,0
NONO,JAM2,0
EP400,SDC4,0
RYBP,MYO7A,0
GATA4,HIST1H1D,0
RYBP,TSPAN9,0
TFE3,HNF1B,0
SMAD3,2200002D01RIK,0
DPPA4,PRDM1,0
NONO,DEK,0
JUN,CITED1,0
MAPK8,SOS2,0
SMARCC1,ZSCAN10,0
MYC,NR2F6,0
KDM5B,MKX,0
TBX3,NOTUM,0
PRDM14,MITF,0
ARID1A,ULK1,0
ELL3,NR1D1,0
HDAC3,KRBA1,0
SMARCC1,NR4A1,0
PRDM14,TAF5,0
NR0B1,CNOT7,0
MYCN,TRP53,0
TFE3,FXYD3,0
JARID2,RAB11A,0
NR4A1,MIS18BP1,0
RIF1,GTF2I,0
DPPA2,HSPG2,0
NONO,POLR1B,0
KLF4,RAD51,0
DPPA4,SOX15,0
HDAC3,KDM5B,0
SOX2,SOX4,0
GLI2,DDB1,0
CHD7,PIAS1,0
GLI2,YAF2,0
ZIC3,PCBD1,0
SMARCA4,CKB,0
RARA,RUNX3,0
MYCN,HDAC5,0
SOX17,PAWR,0
GABBR1,ASH1L,0
TRIM28,LGMN,0
NR4A1,CDC42SE2,0
NFYB,SRRT,0
PARP1,KLF8,0
NR4A1,AMPD2,0
HDAC2,NUPR1,0
DAXX,XRCC5,0
DPPA4,SFPQ,0
CBX8,MLXIP,0
JUN,FOXO1,0
GLI1,KLF10,0
DAXX,HIST1H1B,0
E2F1,TOX4,0
TBX3,FOXP1,0
GATA4,SPRY2,0
GATA4,CIC,0
TET2,THRAP3,0
RYBP,GATAD2B,0
