TF,Target,label
CBFB,MSH6,1
CBFB,SLC2A3,1
CBFB,NFE2,1
CBFB,ARID5A,1
CBFB,TMEM229B,1
CBFB,TIMM29,1
CBFB,IDH1,1
CBFB,OTUD6B,1
CBFB,WDR5,1
CBFB,NOP2,1
CBFB,CLPTM1L,1
CBFB,DNAJC11,1
CBFB,SEH1L,1
CBFB,TES,1
CBFB,DNAJC10,1
CBFB,RANGAP1,1
CBFB,ARL6IP6,1
CBFB,RPRD1B,1
CBFB,IRF9,1
CBFB,DCAF13,1
CBFB,SPNS2,1
CBFB,NFAT5,1
CBFB,PPAT,1
CBFB,PRKCH,1
CBFB,MORC3,1
CBFB,PGLYRP2,1
CBFB,TACC3,1
CBFB,DDX20,1
CBFB,EIF1AD,1
CBFB,TFR2,1
CBFB,MIS12,1
CBFB,FAM76B,1
CBFB,MIS18BP1,1
CBFB,NCEH1,1
CBFB,CSTF2,1
CBFB,RABGGTB,1
CBFB,GMFB,1
CBFB,POLE3,1
CBFB,EYA2,1
CBFB,DUS1L,1
CBFB,REXO4,1
CBFB,FIGNL1,1
CBFB,POR,1
CBFB,COLGALT1,1
CBFB,MED16,1
CBFB,FAR1,1
CBFB,1700017B05RIK,1
CBFB,GALNT6,1
CBFB,XRCC6,1
CBFB,GTF2H1,1
CBFB,HDAC7,1
CBFB,SERPINB9,1
CBFB,HCFC1,1
CBFB,CSGALNACT2,1
CBFB,PNO1,1
CBFB,FEM1B,1
CBFB,DHX33,1
CBFB,POLD1,1
CBFB,CHORDC1,1
CBFB,LONP2,1
CBFB,RUVBL2,1
CBFB,TESPA1,1
CBFB,CDC45,1
CBFB,XPC,1
CBFB,MTMR6,1
CBFB,ELF1,1
CBFB,ZDHHC6,1
CBFB,KAT7,1
CBFB,ZBTB20,1
CBFB,METAP1,1
CBFB,TCP11L2,1
CBFB,HDGF,1
CBFB,FGFR1OP,1
CBFB,CKAP5,1
CBFB,EZR,1
CBFB,ZFP24,1
CBFB,MCM7,1
CBFB,ST8SIA4,1
CBFB,TOP3B,1
CBFB,PTDSS1,1
CBFB,AHCYL1,1
CBFB,IPO9,1
CBFB,ATP8B4,1
CBFB,MCM4,1
CBFB,GPR65,1
CBFB,ITGAL,1
CBFB,SRSF1,1
CBFB,MGAT5,1
CBFB,DEK,1
CBFB,PRMT7,1
CBFB,FASTKD2,1
CBFB,MOGS,1
CBFB,CTR9,1
CBFB,MARS,1
CBFB,SLA2,1
CBFB,RFC4,1
CBFB,CUL3,1
CBFB,CDCA8,1
CBFB,UBR7,1
CBFB,CDCA4,1
CBFB,DHRS3,1
CBFB,STAT2,1
CBFB,DUSP1,1
CBFB,TBL3,1
CBFB,OTULINL,1
CBFB,ITSN1,1
CBFB,SATB1,1
CBFB,HACD3,1
CBFB,UAP1,1
CBFB,SHMT1,1
CBFB,FAM136A,1
CBFB,SPNS3,1
CBFB,MTREX,1
CBFB,GLB1,1
CBFB,DOK2,1
CBFB,TMEM43,1
CBFB,PRODH,1
CBFB,PLD3,1
CBFB,PLIN3,1
CBFB,CTC1,1
CBFB,GBP3,1
CBFB,NFKBIA,1
CBFB,DENND1C,1
CBFB,KPNA3,1
CBFB,RRM1,1
CBFB,KCTD12,1
CBFB,USP37,1
CBFB,BCL2,1
CBFB,ABCB8,1
CBFB,AKAP8L,1
CBFB,NCAPD2,1
CBFB,FOXRED1,1
CBFB,DEF8,1
CBFB,SETD2,1
CBFB,RARS,1
CBFB,HDAC2,1
CBFB,TPM4,1
CBFB,ZDHHC13,1
CBFB,TUBGCP2,1
CBFB,PSTPIP1,1
CBFB,PANX1,1
CBFB,TMX4,1
CBFB,PBK,1
CBFB,ATF7,1
CBFB,MXD3,1
CBFB,PHB2,1
CBFB,E2F8,1
CBFB,TSPAN14,1
CBFB,CST7,1
CBFB,CTSL,1
CBFB,ABHD17B,1
CBFB,POLR1B,1
CBFB,MFSD1,1
CBFB,MOB3C,1
CBFB,ZFP35,1
CBFB,RORC,1
CBFB,ITIH5,1
CBFB,CD69,1
CBFB,VPS35,1
CBFB,ORC6,1
CBFB,CISH,1
CBFB,MAD2L1,1
CBFB,DPP8,1
CBFB,ANXA5,1
CBFB,GTF2F1,1
CBFB,ATP13A1,1
CBFB,MAPK1,1
CBFB,WDR4,1
CBFB,RMND5A,1
CBFB,LAP3,1
CBFB,OASL2,1
CBFB,RGCC,1
CBFB,SAMD9L,1
CBFB,RPA2,1
CBFB,SNAP47,1
CBFB,4833439L19RIK,1
CBFB,CENPK,1
CBFB,ZFP367,1
CBFB,GOLT1B,1
CBFB,ME2,1
CBFB,MCM6,1
CBFB,SLC35B4,1
CBFB,ARL8B,1
CBFB,RNF4,1
CBFB,SLC18A2,1
CBFB,CNIH1,1
CBFB,PCMTD1,1
CBFB,NUP107,1
CBFB,ACAA2,1
CBFB,RCC1,1
CBFB,TRIM35,1
CBFB,AURKB,1
CBFB,FDFT1,1
CBFB,LONP1,1
CBFB,TOPORS,1
CBFB,XRCC3,1
CBFB,PLAG1,1
CBFB,TARS,1
CBFB,CLEC12A,1
CBFB,ATG12,1
CBFB,AP3S1,1
CBFB,RB1,1
CBFB,COPB1,1
CBFB,FTSJ3,1
CBFB,ADO,1
CBFB,NCLN,1
CBFB,GOLPH3,1
CBFB,STXBP4,1
CBFB,INO80D,1
CBFB,RANBP3,1
CBFB,VSIR,1
CBFB,PLAA,1
CBFB,CDT1,1
CBFB,DNAJC5,1
CBFB,PRSS57,1
CBFB,MCM3,1
CBFB,FCHO2,1
CBFB,SESN1,1
CBFB,COQ8A,1
CBFB,DNM1L,1
CBFB,ZFP451,1
CBFB,HNRNPAB,1
CBFB,UHRF1,1
CBFB,SLC19A1,1
CBFB,TTF2,1
CBFB,TCF19,1
CBFB,RCSD1,1
CBFB,ELMO2,1
CBFB,PRELID3B,1
CBFB,SMARCA2,1
CBFB,JPT2,1
CBFB,REL,1
CBFB,AGPS,1
CBFB,MRPL37,1
CBFB,SNRPB,1
CBFB,LDHB,1
CBFB,TXNDC11,1
CBFB,MCM5,1
CBFB,MYCN,1
CBFB,LIG1,1
CBFB,GMCL1,1
CBFB,APLP2,1
CBFB,PA2G4,1
CBFB,B230219D22RIK,1
CBFB,IL21R,1
CBFB,SLC30A5,1
CBFB,ZNRF2,1
CBFB,TNFRSF21,1
CBFB,DHFR,1
CBFB,ACOX1,1
CBFB,SLC39A6,1
CBFB,ELP2,1
CBFB,RHOF,1
CBFB,HMGB2,1
CBFB,ZBTB38,1
CBFB,STT3B,1
CBFB,MKI67,1
CBFB,SDF2L1,1
CBFB,IL27RA,1
CBFB,EML4,1
CBFB,DLST,1
CBFB,RRM2,1
CBFB,NADK,1
CBFB,RELB,1
CBFB,UBA7,1
CBFB,CTLA2A,1
CBFB,PRIM2,1
CBFB,POLR2B,1
CBFB,FRRS1,1
CBFB,CBX7,1
CBFB,USP10,1
CBFB,PFKP,1
CBFB,LCP2,1
CBFB,BTAF1,1
CBFB,TM7SF3,1
CBFB,TFG,1
CBFB,MYO1F,1
CBFB,PLEKHO2,1
CBFB,MLLT3,1
CBFB,ORC2,1
CBFB,ALDH9A1,1
CBFB,ANXA2,1
CBFB,RGS2,1
CBFB,RFC5,1
CBFB,TBC1D10C,1
CBFB,SLC25A46,1
CBFB,ZFP467,1
CBFB,TUBGCP3,1
CBFB,GMIP,1
CBFB,NUDT19,1
CBFB,CDC7,1
CBFB,RORA,1
CBFB,RPP40,1
CBFB,WDR55,1
CBFB,RGS1,1
CBFB,PSAT1,1
CBFB,RAB37,1
CBFB,TMEM97,1
CBFB,ATP6AP2,1
CBFB,CD48,1
CBFB,BC005561,1
CBFB,JARID2,1
CBFB,MYO5A,1
CBFB,TRIM59,1
CBFB,INTS13,1
CBFB,TOP2A,1
CBFB,ABL1,1
CBFB,CPA3,1
CBFB,RAD51,1
CBFB,TMEM173,1
CBFB,PRPF4,1
CBFB,PSEN1,1
CBFB,YBX1,1
CBFB,TMEM50B,1
CBFB,UTP4,1
CBFB,SLCO3A1,1
CBFB,DENND2D,1
CBFB,TMEM206,1
CBFB,SLC44A2,1
CBFB,CYBC1,1
CBFB,CFP,1
CBFB,CCDC137,1
CBFB,CTSO,1
CBFB,SNX30,1
CBFB,PCMTD2,1
CBFB,BTG2,1
CBFB,PREP,1
CBFB,CCL4,1
CBFB,MSMO1,1
CBFB,METTL27,1
CBFB,GIMAP5,1
CBFB,TCIRG1,1
CBFB,GANAB,1
CBFB,RPS6KA5,1
CBFB,TIPIN,1
CBFB,IARS2,1
CBFB,G6PDX,1
CBFB,ERLIN1,1
CBFB,TBC1D9B,1
CBFB,E2F4,1
CBFB,TBC1D5,1
CBFB,GMNN,1
CBFB,LMO4,1
CBFB,SGMS1,1
CBFB,CERS4,1
CBFB,MAML3,1
CBFB,EPSTI1,1
CBFB,LTB,1
CBFB,PLXNC1,1
CBFB,ERCC8,1
CBFB,CAD,1
CBFB,PPP1R15A,1
CBFB,PARP8,1
CBFB,NDRG1,1
CBFB,SORT1,1
CBFB,RPA1,1
CBFB,MPL,1
CBFB,MCM2,1
CBFB,ATAD1,1
CBFB,CYB5R1,1
CBFB,MYB,1
CBFB,ACOT9,1
CBFB,EMID1,1
CBFB,ST6GALNAC4,1
CBFB,KLF6,1
CBFB,FLOT2,1
CBFB,ATP11C,1
CBFB,GRIA3,1
CBFB,MPO,1
CBFB,SLA,1
CBFB,METTL7A1,1
CBFB,GNG12,1
CBFB,CCDC50,1
CBFB,FLT3,1
CBFB,ADSSL1,1
CBFB,GFI1B,1
CBFB,EPAS1,1
CBFB,SALL2,1
CBFB,GIMAP6,1
CBFB,TYMS,1
CBFB,CCNB2,1
CBFB,SLC28A2,1
CBFB,ISYNA1,1
CBFB,HEXA,1
CBFB,TM6SF1,1
CBFB,GNS,1
CBFB,XPNPEP1,1
CBFB,HLF,1
CBFB,GBP7,1
CBFB,IKZF1,1
CBFB,JUN,1
CBFB,MAPKAPK3,1
CBFB,CLN5,1
CBFB,PTTG1IP,1
CBFB,UMPS,1
CBFB,MTFR1,1
CBFB,NDE1,1
CBFB,GSR,1
CBFB,TRIB3,1
CBFB,BID,1
CBFB,FAM91A1,1
CBFB,S100A6,1
CBFB,NAMPT,1
CBFB,LAPTM4B,1
CBFB,USP11,1
CBFB,PUS7,1
CBFB,GIMAP1,1
CBFB,MFNG,1
CBFB,TRPS1,1
CBFB,UNC93B1,1
CBFB,CDC6,1
CBFB,ZFP945,1
CBFB,MICU1,1
CBFB,IARS,1
CBFB,TMX3,1
CBFB,GUSB,1
CBFB,TGTP2,1
CBFB,NFATC2,1
CBFB,AKNA,1
CBFB,GLIPR2,1
CBFB,HELLS,1
CBFB,RPS6KA3,1
CBFB,FOXO1,1
CBFB,PHF10,1
CBFB,EGR1,1
CBFB,TAF12,1
CBFB,MFSD14B,1
CBFB,CHRNB1,1
CBFB,FUT7,1
CBFB,EPB41L4B,1
CBFB,INPP5B,1
CBFB,IRF6,1
CBFB,PHF6,1
CBFB,SELL,1
CBFB,UBE2L6,1
CBFB,TRMT11,1
CBFB,NFAM1,1
CBFB,MAP4K2,1
CBFB,HACD4,1
CBFB,FLNB,1
CBFB,ALAS1,1
CBFB,GCNT2,1
CBFB,CD82,1
CBFB,ARHGEF39,1
CBFB,PADI4,1
CBFB,DDX58,1
CBFB,FUCA2,1
CBFB,FAM111A,1
CBFB,APBB1,1
CBFB,ICAM1,1
CBFB,ATP6AP1,1
CBFB,ZEB2,1
CBFB,HIF3A,1
CBFB,OSBPL1A,1
CBFB,IGTP,1
CBFB,SLC43A3,1
CBFB,ABCG2,1
CBFB,GPR160,1
CBFB,TK1,1
CBFB,CSGALNACT1,1
CBFB,CTSZ,1
CBFB,PIM2,1
CBFB,FCGR3,1
CBFB,VAV3,1
CBFB,CSAD,1
CBFB,SCARB1,1
CBFB,PCLAF,1
CBFB,PAK1,1
CBFB,IRGM2,1
CBFB,LYN,1
CBFB,PEAR1,1
CBFB,CALCRL,1
CBFB,RUNX1T1,1
CBFB,GBP2,1
CBFB,H1F0,1
CBFB,TCN2,1
CBFB,RASA4,1
CBFB,NKG7,1
CBFB,MYO1G,1
CBFB,RTP4,1
CBFB,PRPS2,1
CBFB,TYROBP,1
CBFB,CTLA2B,1
CBFB,RP2,1
CBFB,EBF1,1
CBFB,MYL10,1
CBFB,SMPDL3A,1
CBFB,SSH3,1
CBFB,MAN2A2,1
CBFB,RAB44,1
CBFB,UBL4A,1
CBFB,PRKCQ,1
CBFB,MYC,1
CBFB,APOE,1
CBFB,PRIM1,1
CBFB,XAF1,1
CBFB,FCER1G,1
CBFB,EMILIN1,1
CBFB,TOR3A,1
CBFB,VDR,1
CBFB,ARL11,1
CBFB,CD53,1
CBFB,PTGR1,1
CBFB,NEURL3,1
CBFB,NAP1L3,1
CBFB,LGALS1,1
CBFB,RARB,1
CBFB,SCARF1,1
CBFB,RASSF4,1
CBFB,TLE2,1
CBFB,CTSG,1
CBFB,TNIP3,1
CBFB,NUPR1,1
CBFB,CNRIP1,1
CBFB,SPI1,1
CBFB,ZFP36,1
CBFB,SH2D5,1
CBFB,PTGS1,1
CBFB,GNG11,1
CBFB,MEIS1,1
CBFB,IL12A,1
CBFB,HDAC11,1
CBFB,PECAM1,1
CBFB,MAGED2,1
CBFB,ZBTB16,1
CBFB,MYCT1,1
CBFB,PLEK,1
CBFB,CD9,1
CBFB,IRF8,1
CBFB,SHISA8,1
CBFB,ANXA1,1
CBFB,CSF2RB,1
CBFB,GRINA,1
CBX7,MECOM,1
CBX7,RUNX1T1,1
CBX7,SOX18,1
CBX7,SHISA8,1
CBX7,CREB5,1
CBX7,PRKCH,1
CBX7,MAML3,1
CBX7,PLXNC1,1
CBX7,CSGALNACT1,1
CBX7,SATB1,1
CBX7,EYA2,1
CBX7,FLT3,1
CBX7,SLCO3A1,1
CBX7,NFIA,1
CBX7,KCTD12,1
CBX7,ZFP467,1
CBX7,LYN,1
CBX7,VAV3,1
CBX7,BCL2,1
CBX7,TM6SF1,1
CBX7,PARP8,1
CBX7,ZBTB16,1
CBX7,TMEM229B,1
CBX7,EPB41L4B,1
CBX7,IKZF1,1
CBX7,TRIM47,1
CBX7,RGCC,1
CBX7,TNFRSF21,1
CBX7,TRPC6,1
CBX7,MYB,1
CBX7,ZEB2,1
CBX7,DHRS3,1
CBX7,RCSD1,1
CBX7,RORA,1
CBX7,EPAS1,1
CBX7,TSC22D3,1
CBX7,EBF1,1
CBX7,MLLT3,1
CBX7,HLF,1
CBX7,SPNS2,1
CBX7,JUN,1
CBX7,GRIA3,1
CBX7,REL,1
CBX7,NFATC2,1
CBX7,HDAC7,1
CBX7,RAB31,1
CBX7,SLC18A2,1
CBX7,ST8SIA4,1
CBX7,CYP4V3,1
CBX7,NDN,1
CBX7,PEAR1,1
CBX7,GALNT6,1
CBX7,SMARCA2,1
CBX7,NDRG1,1
CBX7,NR3C2,1
CBX7,IRF8,1
CBX7,SALL2,1
CBX7,RARB,1
CBX7,VDR,1
CBX7,PRDM16,1
CBX7,GNG12,1
CBX7,ADSSL1,1
CBX7,PRKCQ,1
CBX7,MFSD1,1
CBX7,RGS2,1
CBX7,CERK,1
CBX7,CD82,1
CBX7,MEIS1,1
CBX7,OTULINL,1
CBX7,PLPPR3,1
CBX7,ANXA5,1
CBX7,MAPK12,1
CBX7,ARID5A,1
CBX7,SH2D5,1
CBX7,ANXA2,1
CBX7,AFAP1L1,1
CBX7,PBX1,1
CBX7,HDAC2,1
CBX7,MYC,1
CBX7,SGMS1,1
CBX7,PTGS1,1
CBX7,SMPDL3A,1
CBX7,TLE2,1
CBX7,GATA2,1
CBX7,RASSF4,1
CBX7,TES,1
CBX7,FGL2,1
CBX7,KRT18,1
CBX7,PANX1,1
CBX7,MLKL,1
CBX7,FLNB,1
CBX7,SLC43A3,1
CBX7,GRK3,1
CBX7,E2F8,1
CBX7,ADA,1
CBX7,UNC93B1,1
CBX7,NCEH1,1
CBX7,DENND2D,1
CBX7,EMID1,1
CBX7,VSIR,1
CBX7,LDHB,1
CBX7,PLAG1,1
CBX7,ERLIN1,1
CBX7,TRPS1,1
CBX7,GLIPR2,1
CBX7,PRPS2,1
CBX7,TBC1D5,1
CBX7,RRM1,1
CBX7,APBB1,1
CBX7,GMFB,1
CBX7,GBP7,1
CBX7,STXBP4,1
CBX7,MGAT5,1
CBX7,XRCC6,1
CBX7,IRF6,1
CBX7,CHRNB1,1
CBX7,RORC,1
CBX7,EGR1,1
CBX7,CLN5,1
CBX7,NFAT5,1
CBX7,RASA4,1
CBX7,ALAS1,1
CBX7,GMCL1,1
CBX7,PFKP,1
CBX7,SLC19A1,1
CBX7,PTDSS1,1
CBX7,AKAP8L,1
CBX7,SDF2L1,1
CBX7,PRELID3B,1
CBX7,B230219D22RIK,1
CBX7,H1F0,1
CBX7,DUS1L,1
CBX7,CTSL,1
CBX7,TPM4,1
CBX7,CENPK,1
CBX7,TOPORS,1
CBX7,SNAP23,1
CBX7,DNAJC5,1
CBX7,ME2,1
CBX7,DLST,1
CBX7,RPA1,1
CBX7,RNF4,1
CBX7,ARL8B,1
CBX7,ELF1,1
CBX7,SLC30A5,1
CBX7,RAB37,1
CBX7,PTTG1IP,1
CBX7,CAD,1
CBX7,PREP,1
CBX7,POLD1,1
CBX7,IARS,1
CBX7,DPP8,1
CBX7,TXNDC11,1
CBX7,PCMTD2,1
CBX7,TMX4,1
CBX7,TMEM97,1
CBX7,RPS6KA5,1
CBX7,ZFP24,1
CBX7,XPC,1
CBX7,TIPIN,1
CBX7,FES,1
CBX7,PROCR,1
CBX7,AHCYL1,1
CBX7,SEH1L,1
CBX7,DUSP1,1
CBX7,FDFT1,1
CBX7,DNAJC11,1
CBX7,COQ8A,1
CBX7,PRMT7,1
CBX7,MSMO1,1
CBX7,MARS,1
CBX7,FCHO2,1
EBF1,MORC3,1
EBF1,POLD1,1
EBF1,GFI1B,1
EBF1,DHRS3,1
EBF1,IL27RA,1
EBF1,FIGNL1,1
EBF1,CDT1,1
EBF1,EZR,1
EBF1,DHX33,1
EBF1,VSIR,1
EBF1,MAPK1,1
EBF1,APBB1,1
EBF1,NFE2,1
EBF1,RHOF,1
EBF1,TFR2,1
EBF1,RASSF4,1
EBF1,FAM111A,1
EBF1,ZDHHC13,1
EBF1,CD69,1
EBF1,GLIPR2,1
EBF1,SLC30A5,1
EBF1,TK1,1
EBF1,AURKB,1
EBF1,OSBPL1A,1
EBF1,JPT2,1
EBF1,OASL2,1
EBF1,AKAP8L,1
EBF1,RAB37,1
EBF1,CSGALNACT1,1
EBF1,FOXO1,1
EBF1,RUVBL2,1
EBF1,NUPR1,1
EBF1,CD82,1
EBF1,DENND1C,1
EBF1,MIS12,1
EBF1,MAP4K2,1
EBF1,1700017B05RIK,1
EBF1,ZFP36,1
EBF1,EIF1AD,1
EBF1,RRM1,1
EBF1,GIMAP6,1
EBF1,CSGALNACT2,1
EBF1,ACAA2,1
EBF1,LYN,1
EBF1,SLC35B4,1
EBF1,BID,1
EBF1,GOLPH3,1
EBF1,DLST,1
EBF1,ARID5A,1
EBF1,LONP1,1
EBF1,XRCC3,1
EBF1,INO80D,1
EBF1,FUCA2,1
EBF1,SLC25A46,1
EBF1,MARS,1
EBF1,CDC7,1
EBF1,NFKBIA,1
EBF1,NFAT5,1
EBF1,RCSD1,1
EBF1,MXD3,1
EBF1,INTS13,1
EBF1,IRF7,1
EBF1,VAV3,1
EBF1,CLPTM1L,1
EBF1,GTF2F1,1
EBF1,MGAT5,1
EBF1,ARL6IP6,1
EBF1,GRK3,1
EBF1,TGTP2,1
EBF1,ITIH5,1
EBF1,FES,1
EBF1,TRMT11,1
EBF1,EMID1,1
EBF1,UHRF1,1
EBF1,SALL2,1
EBF1,NDRG1,1
EBF1,ATAD1,1
EBF1,IL21R,1
EBF1,SERPINA3G,1
EBF1,GNG11,1
EBF1,GPR160,1
EBF1,SCARB1,1
EBF1,DHFR,1
EBF1,PSEN1,1
EBF1,NUP107,1
EBF1,APLP2,1
EBF1,MFSD1,1
EBF1,ABHD17B,1
EBF1,GSR,1
EBF1,SDF2L1,1
EBF1,TRIB3,1
EBF1,CCDC50,1
EBF1,MIS18BP1,1
EBF1,PRKCH,1
EBF1,PANX1,1
EBF1,FDFT1,1
EBF1,ABCB8,1
EBF1,SLC39A6,1
EBF1,SMPDL3A,1
EBF1,ZEB2,1
EBF1,TOR3A,1
EBF1,HACD3,1
EBF1,CYP2J9,1
EBF1,UTP4,1
EBF1,RARB,1
EBF1,DUSP1,1
EBF1,FCHO2,1
EBF1,TCP11L2,1
EBF1,EMILIN1,1
EBF1,MCM7,1
EBF1,TCIRG1,1
EBF1,COQ8A,1
EBF1,MAN2A2,1
EBF1,ATP13A1,1
EBF1,PRODH,1
EBF1,MAGED2,1
EBF1,UMPS,1
EBF1,NFAM1,1
EBF1,DDX20,1
EBF1,HIF3A,1
EBF1,CISH,1
EBF1,SEH1L,1
EBF1,GMIP,1
EBF1,TRIM35,1
EBF1,PTGS1,1
EBF1,DEK,1
EBF1,MECOM,1
EBF1,GRIA3,1
EBF1,TMEM229B,1
EBF1,DNAJC5,1
EBF1,BC035044,1
EBF1,CAD,1
EBF1,ZFP467,1
EBF1,IKZF1,1
EBF1,SPNS2,1
EBF1,CCL9,1
EBF1,HP,1
EBF1,TMEM43,1
EBF1,PHF11B,1
EBF1,CSAD,1
EBF1,RB1,1
EBF1,RORC,1
EBF1,E2F8,1
EBF1,CD74,1
EBF1,TSPAN14,1
EBF1,TACC3,1
EBF1,MYO5A,1
EBF1,DNAJC10,1
ELF1,TAF12,1
ELF1,GTF2F1,1
ELF1,GTF2H1,1
ELF1,E2F4,1
ELF1,TFG,1
ELF1,NUP107,1
ELF1,DCAF13,1
ELF1,CYBC1,1
ELF1,SLC25A46,1
ELF1,TACC3,1
ELF1,PNO1,1
ELF1,MOGS,1
ELF1,LONP2,1
ELF1,PRELID3B,1
ELF1,TXNDC11,1
ELF1,ZDHHC6,1
ELF1,TOP3B,1
ELF1,CHORDC1,1
ELF1,GMIP,1
ELF1,GOLT1B,1
ELF1,FOXRED1,1
ELF1,GMCL1,1
ELF1,TRIM35,1
ELF1,RANGAP1,1
ELF1,MAPKAPK3,1
ELF1,ITSN1,1
ELF1,PHB2,1
ELF1,ZFP24,1
ELF1,MAD2L1,1
ELF1,MEIS1,1
ELF1,TUBGCP3,1
ELF1,UBR7,1
ELF1,MCM7,1
ELF1,RNF4,1
ELF1,WDR55,1
ELF1,NCEH1,1
ELF1,ATP13A1,1
ELF1,PRKCH,1
ELF1,MORC3,1
ELF1,G6PDX,1
ELF1,TMEM229B,1
ELF1,CLPTM1L,1
ELF1,MARS,1
ELF1,IRF9,1
ELF1,RFC5,1
ELF1,MYO1G,1
ELF1,MTMR6,1
ELF1,CCDC137,1
ELF1,RAD51,1
ELF1,PLAA,1
ELF1,INTS13,1
ELF1,ZNRF2,1
ELF1,PANX1,1
ELF1,DPP8,1
ELF1,FTSJ3,1
ELF1,ZDHHC13,1
ELF1,CDC45,1
ELF1,SNRPB,1
ELF1,TOPORS,1
ELF1,ACOX1,1
ELF1,WDR4,1
ELF1,COLGALT1,1
ELF1,RRM1,1
ELF1,UTP4,1
ELF1,PLIN3,1
ELF1,ZFP36,1
ELF1,SAMD9L,1
ELF1,LYN,1
ELF1,CENPK,1
ELF1,CD48,1
ELF1,FUCA2,1
ELF1,MIS12,1
ELF1,GMFB,1
ELF1,KAT7,1
ELF1,RELB,1
ELF1,SEH1L,1
ELF1,MIS18BP1,1
ELF1,1700017B05RIK,1
ELF1,FCER1G,1
ELF1,CCL9,1
ELF1,RPA2,1
ELF1,ARL8B,1
ELF1,CTR9,1
ELF1,TM6SF1,1
ELF1,TTF2,1
ELF1,TIMM29,1
ELF1,GLB1,1
ELF1,MCM4,1
ELF1,RTP4,1
ELF1,TCF19,1
ELF1,ABL1,1
ELF1,CD82,1
ELF1,IDH1,1
ELF1,MCM3,1
ELF1,REXO4,1
ELF1,MSH6,1
ELF1,PLD3,1
ELF1,ARHGEF39,1
ELF1,TCP11L2,1
ELF1,PPAT,1
ELF1,ME2,1
ELF1,FRRS1,1
ELF1,TRMT11,1
ELF1,ZFP35,1
ELF1,DDX20,1
ELF1,PPP1R15A,1
ELF1,TLR4,1
ELF1,NCLN,1
ELF1,DNAJC5,1
ELF1,NOP2,1
ELF1,CDC6,1
ELF1,AHCYL1,1
ELF1,TESPA1,1
ELF1,GIMAP6,1
ELF1,OASL2,1
ELF1,RANBP3,1
ELF1,EPAS1,1
ELF1,NFAT5,1
ELF1,PRMT7,1
ELF1,ATP8B4,1
ELF1,ABHD17B,1
ELF1,TMEM206,1
ELF1,JUN,1
ELF1,WDR5,1
ELF1,DNAJC11,1
ELF1,STT3B,1
ELF1,RARS,1
ELF1,CUL3,1
ELF1,CLN5,1
ELF1,REL,1
ELF1,PSEN1,1
ELF1,HNRNPAB,1
ELF1,ATG12,1
ELF1,AP3S1,1
ELF1,PRODH,1
ELF1,TBC1D5,1
ELF1,COPB1,1
ELF1,ATAD1,1
ELF1,GOLPH3,1
ELF1,MAPK1,1
ELF1,RPRD1B,1
ELF1,GBP7,1
ELF1,ICAM1,1
ELF1,OTUD6B,1
ELF1,FAM76B,1
ELF1,MCM6,1
ELF1,SMARCA2,1
ELF1,TBC1D9B,1
ELF1,UMPS,1
ELF1,ARL6IP6,1
ELF1,CYP4V3,1
ELF1,IKZF1,1
ELF1,SDF2L1,1
ELF1,E2F8,1
ELF1,BID,1
ELF1,TES,1
ELF1,PFKP,1
ELF1,NFAM1,1
ELF1,DUS1L,1
ELF1,GALNT6,1
ELF1,MLKL,1
ELF1,TOR3A,1
ELF1,GPR160,1
ELF1,CBFB,1
ELF1,PRPS2,1
ELF1,PRIM2,1
ELF1,TBC1D10C,1
ELF1,FASTKD2,1
ELF1,MFSD1,1
ELF1,RGS1,1
ELF1,ISYNA1,1
ELF1,UAP1,1
ELF1,PTDSS1,1
ELF1,SLC39A6,1
ELF1,PRPF4,1
ELF1,ELP2,1
ELF1,NCAPD2,1
ELF1,TARS,1
ELF1,SRSF1,1
ELF1,XRCC6,1
ELF1,SELENBP1,1
ELF1,STAT2,1
ELF1,SSH3,1
ELF1,XPC,1
ELF1,AKNA,1
ELF1,CSF2RB,1
ELF1,SLC28A2,1
ELF1,MKI67,1
ELF1,GPR65,1
ELF1,TMEM173,1
ELF1,FES,1
ELF1,YBX1,1
ELF1,SLC30A5,1
ELF1,RPS6KA3,1
ELF1,CNRIP1,1
ELF1,DHFR,1
ELF1,EIF1AD,1
ELF1,PREP,1
ELF1,CCNB2,1
ELF1,MCM2,1
ELF1,FAM91A1,1
ELF1,ZFP945,1
ELF1,HCFC1,1
ELF1,SPI1,1
ELF1,SERPINB9,1
ELF1,ANXA3,1
ELF1,ARL11,1
ELF1,ABCB8,1
ELF1,HACD3,1
ELF1,GUSB,1
ELF1,SLC35B4,1
ELF1,SNX30,1
ELF1,CDT1,1
ELF1,UHRF1,1
ELF1,NADK,1
ELF1,KCTD12,1
ELF1,DNAJC10,1
ELF1,GIMAP1,1
ELF1,FGL2,1
ELF1,FDFT1,1
ELF1,PARP8,1
ELF1,EBI3,1
ELF1,TMX4,1
ELF1,VAV3,1
ELF1,TYROBP,1
ELF1,ALDH9A1,1
ELF1,IARS,1
ELF1,GMNN,1
ELF1,SLC44A2,1
ELF1,4833439L19RIK,1
ELF1,DNM1L,1
ELF1,CREB5,1
ELF1,CCL4,1
ELF1,MS4A6C,1
ELF1,B230219D22RIK,1
ELF1,CTLA2B,1
ELF1,AURKB,1
ELF1,CALCRL,1
ELF1,CBX7,1
ELF1,GANAB,1
ELF1,ZBTB38,1
ELF1,RUVBL2,1
ELF1,ATF7,1
ELF1,LAP3,1
ELF1,CDCA8,1
ELF1,DHX33,1
ELF1,VPS35,1
ELF1,ORC6,1
ELF1,ADO,1
ELF1,TYMS,1
ELF1,RPP40,1
ELF1,GNS,1
ELF1,POLD1,1
ELF1,MOB3C,1
ELF1,UNC93B1,1
ELF1,FUT7,1
ELF1,USP11,1
ELF1,GSR,1
ELF1,PHF11B,1
ELF1,CDCA4,1
ELF1,NEURL3,1
ELF1,FAR1,1
ELF1,PA2G4,1
ELF1,RCC1,1
ELF1,PSTPIP1,1
ELF1,DOK2,1
ELF1,TGTP2,1
ELF1,UBA7,1
ELF1,POLE3,1
ELF1,CTC1,1
ELF1,TRPS1,1
ELF1,NDE1,1
ELF1,DLST,1
ELF1,ITGAL,1
ELF1,CASP1,1
ELF1,BATF2,1
ELF1,EYA2,1
ELF1,HK3,1
ELF1,CD69,1
ELF1,TMEM50B,1
ELF1,DENND1C,1
ELF1,ZFP451,1
ELF1,FIGNL1,1
ELF1,CSTF2,1
ELF1,NFATC2,1
ELF1,TCIRG1,1
ELF1,TRIM47,1
ELF1,ORC2,1
ELF1,CYB5R1,1
ELF1,MAP4K2,1
ELF1,TUBGCP2,1
ELF1,TBL3,1
ELF1,KLF6,1
ELF1,MCM5,1
ELF1,JARID2,1
ELF1,CCDC50,1
ELF1,IARS2,1
ELF1,LIG1,1
ELF1,TMEM43,1
ELF1,ZFP367,1
ELF1,POLR2B,1
ELF1,JPT2,1
ELF1,FGFR1OP,1
ELF1,EGR1,1
ELF1,PLEKHO2,1
ELF1,MGAT5,1
ELF1,CD300A,1
ELF1,RFC4,1
ELF1,LCP2,1
ELF1,GM1966,1
ELF1,H1F0,1
ELF1,HACD4,1
ELF1,LTB,1
ELF1,DENND2D,1
ELF1,SLA2,1
ELF1,SLCO3A1,1
ELF1,MICU1,1
ELF1,H2-AA,1
ELF1,TMX3,1
ELF1,ELMO2,1
ELF1,MFSD14B,1
ELF1,RRM2,1
ELF1,NAMPT,1
ELF1,ANXA5,1
ELF1,MTREX,1
ELF1,TSPAN14,1
ELF1,CISH,1
ELF1,HDGF,1
ELF1,NUDT19,1
ELF1,UBL4A,1
ELF1,STXBP4,1
ELF1,PEAR1,1
ELF1,PGLYRP2,1
ELF1,SPNS3,1
ELF1,IGSF6,1
ELF1,IRGM2,1
ELF1,CST7,1
ELF1,XPNPEP1,1
ELF1,POLR1B,1
ELF1,HEXA,1
ELF1,RPA1,1
ELF1,RAB37,1
ELF1,PIM2,1
ELF1,PSAT1,1
ELF1,CD53,1
ELF1,CFP,1
ELF1,CSGALNACT2,1
ELF1,ANXA1,1
ELF1,DDX58,1
ELF1,XAF1,1
FOXO1,PCMTD2,1
FOXO1,NADK,1
FOXO1,LTB,1
FOXO1,COQ8A,1
FOXO1,RMND5A,1
FOXO1,RORA,1
FOXO1,TCP11L2,1
FOXO1,MAML3,1
FOXO1,NFAT5,1
FOXO1,FCHO2,1
FOXO1,GMCL1,1
FOXO1,INTS13,1
FOXO1,ALAS1,1
FOXO1,CENPK,1
FOXO1,DHFR,1
FOXO1,ST8SIA4,1
FOXO1,PPP1R15A,1
FOXO1,MCM7,1
FOXO1,PLAA,1
FOXO1,FGFR1OP,1
FOXO1,ARL6IP6,1
FOXO1,RPS6KA5,1
FOXO1,SESN1,1
FOXO1,ADO,1
FOXO1,ATF7,1
FOXO1,SNAP23,1
FOXO1,CBFB,1
FOXO1,SRSF1,1
FOXO1,TMEM206,1
FOXO1,LONP2,1
FOXO1,RGS1,1
FOXO1,DNAJC11,1
FOXO1,MSH6,1
FOXO1,NFKBIA,1
FOXO1,CHORDC1,1
FOXO1,IL21R,1
FOXO1,RGS2,1
FOXO1,GRIA3,1
FOXO1,RCC1,1
FOXO1,TMEM43,1
FOXO1,DHX33,1
FOXO1,DEK,1
FOXO1,NDRG1,1
FOXO1,B230219D22RIK,1
FOXO1,TXNDC11,1
FOXO1,LIG1,1
FOXO1,MORC3,1
FOXO1,PCMTD1,1
FOXO1,XRCC6,1
FOXO1,ABCB8,1
FOXO1,USP10,1
FOXO1,NCLN,1
FOXO1,USP37,1
FOXO1,HDAC7,1
FOXO1,PPAT,1
FOXO1,TIMM29,1
FOXO1,SEH1L,1
FOXO1,MCM4,1
FOXO1,CALCRL,1
FOXO1,MAPK1,1
FOXO1,POLR1B,1
FOXO1,INPP5B,1
FOXO1,TMEM229B,1
FOXO1,JARID2,1
FOXO1,SLC35B4,1
FOXO1,RANGAP1,1
FOXO1,GMNN,1
FOXO1,CDC45,1
FOXO1,HDGF,1
FOXO1,RPA1,1
FOXO1,PLAG1,1
FOXO1,FIGNL1,1
FOXO1,PA2G4,1
FOXO1,TMX3,1
FOXO1,PTTG1IP,1
FOXO1,GMFB,1
FOXO1,RAD51,1
FOXO1,DNM1L,1
FOXO1,ITSN1,1
FOXO1,SERPINB9,1
FOXO1,MFSD1,1
FOXO1,ANXA5,1
FOXO1,MYCT1,1
FOXO1,SATB1,1
FOXO1,HDAC2,1
FOXO1,TACC3,1
FOXO1,METAP1,1
FOXO1,COLGALT1,1
FOXO1,TRIM35,1
FOXO1,NAMPT,1
FOXO1,MIS18BP1,1
FOXO1,KPNA3,1
FOXO1,DNAJC5,1
FOXO1,PRIM1,1
FOXO1,TFG,1
FOXO1,KCTD12,1
FOXO1,GOLPH3,1
FOXO1,NUP107,1
FOXO1,KLF6,1
FOXO1,IKZF1,1
FOXO1,RGCC,1
FOXO1,MTMR6,1
FOXO1,IPO9,1
FOXO1,CNRIP1,1
FOXO1,SETD2,1
FOXO1,RHOF,1
FOXO1,RPP40,1
FOXO1,ATP8B4,1
FOXO1,NFATC2,1
FOXO1,CTC1,1
FOXO1,OASL2,1
FOXO1,FAM76B,1
FOXO1,ZFP451,1
FOXO1,REXO4,1
FOXO1,MYC,1
GATA2,IRF9,1
GATA2,XRCC6,1
GATA2,NFE2,1
GATA2,ITSN1,1
GATA2,PADI4,1
GATA2,MFSD1,1
GATA2,CSF2RB,1
GATA2,PSAT1,1
GATA2,RASSF4,1
GATA2,TOR3A,1
GATA2,STXBP4,1
GATA2,TMEM229B,1
GATA2,BTG2,1
GATA2,HEXA,1
GATA2,SLC2A3,1
GATA2,TESPA1,1
GATA2,TMX4,1
GATA2,POR,1
GATA2,HDAC7,1
GATA2,SPI1,1
GATA2,RAB37,1
GATA2,ZDHHC6,1
GATA2,SGMS1,1
GATA2,SRSF1,1
GATA2,DNAJC11,1
GATA2,PNO1,1
GATA2,CST7,1
GATA2,RAB44,1
GATA2,DNAJC10,1
GATA2,GMFB,1
GATA2,RRM1,1
GATA2,TRPS1,1
GATA2,ISYNA1,1
GATA2,NEURL3,1
GATA2,LONP2,1
GATA2,ALDH9A1,1
GATA2,SLC18A2,1
GATA2,CISH,1
GATA2,PCMTD1,1
GATA2,ST8SIA4,1
GATA2,TFR2,1
GATA2,DPP8,1
GATA2,KAT7,1
GATA2,CYP4V3,1
GATA2,FCER1G,1
GATA2,BTK,1
GATA2,DNM1L,1
GATA2,SPNS2,1
GATA2,JUN,1
GATA2,FRRS1,1
GATA2,MARS,1
GATA2,SLA2,1
GATA2,NUPR1,1
GATA2,MAPKAPK3,1
GATA2,AHCYL1,1
GATA2,MICU1,1
GATA2,RANGAP1,1
GATA2,ELMO2,1
GATA2,DCAF13,1
GATA2,SPNS3,1
GATA2,RUNX1T1,1
GATA2,MKI67,1
GATA2,CTLA2A,1
GATA2,MCM7,1
GATA2,OTUD6B,1
GATA2,ELF1,1
GATA2,UBE2L6,1
GATA2,MLLT3,1
GATA2,GNG12,1
GATA2,IDH1,1
GATA2,USP10,1
GATA2,GFI1B,1
GATA2,TMX3,1
GATA2,TARS,1
GATA2,PLIN3,1
GATA2,MTMR6,1
GATA2,COPB1,1
GATA2,PPP1R15A,1
GATA2,H1F0,1
GATA2,TOP3B,1
GATA2,FCGR3,1
GATA2,TSPAN14,1
GATA2,HACD4,1
GATA2,ARL6IP6,1
GATA2,NFATC2,1
GATA2,RHOF,1
GATA2,POLE3,1
GATA2,GTF2H1,1
GATA2,ADSSL1,1
GATA2,CALCRL,1
GATA2,GTF2F1,1
GATA2,RPA2,1
GATA2,IPO9,1
GATA2,EZR,1
GATA2,RCC1,1
GATA2,MAD2L1,1
GATA2,EBF1,1
GATA2,CERS4,1
GATA2,CHORDC1,1
GATA2,MAML3,1
GATA2,TCP11L2,1
GATA2,HACD3,1
GATA2,ZEB2,1
GATA2,PRMT7,1
GATA2,XPC,1
GATA2,TES,1
GATA2,DUS1L,1
GATA2,FUCA2,1
GATA2,TNFRSF21,1
GATA2,MCM6,1
GATA2,WDR5,1
GATA2,LAPTM4B,1
GATA2,MTREX,1
GATA2,TOP2A,1
GATA2,TUBGCP2,1
GATA2,MORC3,1
GATA2,GNS,1
GATA2,RAD51,1
GATA2,MTFR1,1
GATA2,LONP1,1
GATA2,NFAT5,1
GATA2,EYA2,1
GATA2,ATP11C,1
GATA2,GBP3,1
GATA2,SHMT1,1
GATA2,PHB2,1
GATA2,PBK,1
GATA2,MIS18BP1,1
GATA2,MYO1G,1
GATA2,SLC25A46,1
GATA2,STAT2,1
GATA2,SCARB1,1
GATA2,TRMT11,1
GATA2,B230219D22RIK,1
GATA2,UNC93B1,1
GATA2,MED16,1
GATA2,CDT1,1
GATA2,FASTKD2,1
GATA2,EML4,1
GATA2,DUSP1,1
GATA2,ABHD17B,1
GATA2,GUSB,1
GATA2,RPA1,1
GATA2,PTDSS1,1
GATA2,ABL1,1
GATA2,CENPK,1
GATA2,FIGNL1,1
GATA2,IL27RA,1
GATA2,TSC22D3,1
GATA2,RFC4,1
GATA2,DDX20,1
GATA2,TIPIN,1
GATA2,TBC1D5,1
GATA2,ABCB8,1
GATA2,NKG7,1
GATA2,PLEKHO2,1
GATA2,GMCL1,1
GATA2,PRELID3B,1
GATA2,USP37,1
GATA2,CDC45,1
GATA2,FEM1B,1
GATA2,ARL8B,1
GATA2,CCDC137,1
GATA2,NCAPD2,1
GATA2,TXNDC11,1
GATA2,TIMM29,1
GATA2,ARID5A,1
GATA2,TRIM35,1
GATA2,WDR4,1
GATA2,HNRNPAB,1
GATA2,TCN2,1
GATA2,CTSF,1
GATA2,CLPTM1L,1
GATA2,NOP2,1
GATA2,AKAP8L,1
GATA2,CBFB,1
GATA2,POLR1B,1
GATA2,RMND5A,1
GATA2,S100A6,1
GATA2,BTAF1,1
GATA2,OSBPL1A,1
GATA2,UBA7,1
GATA2,NCEH1,1
GATA2,PPAT,1
GATA2,MIS12,1
GATA2,SMARCA2,1
GATA2,CFP,1
GATA2,DHX33,1
GATA2,FOXRED1,1
GATA2,TYROBP,1
GATA2,NADK,1
GATA2,IL21R,1
GATA2,METTL27,1
GATA2,BID,1
GATA2,ATF7,1
GATA2,MSH6,1
GATA2,PLD3,1
GATA2,MCM4,1
GATA2,ERLIN1,1
GATA2,ACOX1,1
GATA2,TMEM97,1
GATA2,ATP6AP1,1
GATA2,MOB3C,1
GATA2,SNAP23,1
GATA2,SLC30A5,1
GATA2,COQ8A,1
GATA2,REL,1
GATA2,E2F4,1
GATA2,MAPK1,1
GATA2,DEF8,1
GATA2,ADO,1
GATA2,PLAG1,1
GATA2,PECAM1,1
GATA2,GCNT2,1
GATA2,POLR2B,1
GATA2,IRGM2,1
GATA2,FTSJ3,1
GATA2,STT3B,1
GATA2,ME2,1
GATA2,INTS13,1
GATA2,GSR,1
GATA2,KLF6,1
GATA2,RABGGTB,1
GATA2,LAP3,1
GATA2,CD9,1
GATA2,TRIB3,1
GATA2,SEH1L,1
GATA2,MYCT1,1
GATA2,IL12A,1
GATA2,REXO4,1
GATA2,DLST,1
GATA2,HIF3A,1
GATA2,4833439L19RIK,1
GATA2,XAF1,1
GATA2,AURKB,1
GATA2,ICAM1,1
GATA2,CREB5,1
GATA2,ALAS1,1
GATA2,NAMPT,1
GATA2,CPA3,1
GATA2,CLN5,1
GATA2,NDE1,1
GATA2,UAP1,1
GATA2,ZBTB38,1
GATA2,KCTD12,1
GATA2,ANXA5,1
GATA2,ACAA2,1
GATA2,TOPORS,1
GATA2,TM7SF3,1
GATA2,EMILIN1,1
GATA2,MECOM,1
GATA2,TAF12,1
GATA2,ZFP367,1
GATA2,POLD1,1
GATA2,TM6SF1,1
GATA2,TBL3,1
GATA2,CCDC50,1
GATA2,IARS2,1
GATA2,APLP2,1
GATA2,TMEM206,1
GATA2,HLF,1
GATA2,PCMTD2,1
GATA2,RELB,1
GATA2,CD48,1
GATA2,ATP13A1,1
GATA2,FAM91A1,1
GATA2,PLAA,1
GATA2,XPNPEP1,1
GATA2,CUL3,1
GATA2,ADGRG3,1
GATA2,SLC39A6,1
GATA2,ELP2,1
GATA2,IARS,1
GATA2,ZFP945,1
GATA2,RNF4,1
GATA2,DHRS3,1
GATA2,COLGALT1,1
GATA2,RPS6KA5,1
GATA2,ZFP24,1
GATA2,CNRIP1,1
GATA2,ATG12,1
GATA2,AP3S1,1
GATA2,SLC35B4,1
GATA2,IGTP,1
GATA2,SH2D5,1
GATA2,GBP7,1
GATA2,ZNRF2,1
GATA2,VPS35,1
GATA2,ORC6,1
GATA2,RORA,1
GATA2,UBR7,1
GATA2,MFSD14B,1
GATA2,AKNA,1
GATA2,MCM2,1
GATA2,INPP5B,1
GATA2,NUP107,1
GATA2,NAP1L3,1
GATA2,HDAC2,1
GATA2,SLC44A2,1
GATA2,JPT2,1
GATA2,CTC1,1
GATA2,SERPINB9,1
GATA2,SESN1,1
GATA2,FGL2,1
GATA2,BACE1,1
GATA2,PSEN1,1
GATA2,FLNB,1
GATA2,NUDT19,1
GATA2,ORC2,1
GATA2,FDFT1,1
GATA2,METAP1,1
GATA2,RFC5,1
GATA2,RAB31,1
GATA2,TACC3,1
GATA2,CAD,1
GATA2,HDC,1
GATA2,CKAP5,1
GATA2,CYBC1,1
GATA2,CTSZ,1
GATA2,NCLN,1
GATA2,SORT1,1
GATA2,CCL4,1
GATA2,MCM5,1
GATA2,MEIS1,1
GATA2,ARHGEF39,1
GATA2,LYN,1
GATA2,DNAJC5,1
GATA2,TLR4,1
GATA2,CSGALNACT2,1
GATA2,G6PDX,1
GATA2,EIF1AD,1
GATA2,MYB,1
GATA2,CNIH1,1
GATA2,TYMS,1
GATA2,TFG,1
GATA2,HDGF,1
GATA2,TUBGCP3,1
GATA2,PRSS57,1
GATA2,ACOT9,1
GATA2,PRKCQ,1
GATA2,MGAT5,1
GATA2,ZFP451,1
GATA2,FGFR1OP,1
GATA2,GMNN,1
GATA2,NFAM1,1
GATA2,SALL2,1
GATA2,MCM3,1
GATA2,FAR1,1
GATA2,PREP,1
GATA2,PA2G4,1
GATA2,RGCC,1
GATA2,LCP2,1
GATA2,FAM136A,1
GATA2,BC005561,1
GATA2,PHF10,1
GATA2,GOLT1B,1
GATA2,IRF6,1
GATA2,CDC7,1
GATA2,PRPF4,1
GATA2,CCNB2,1
GATA2,PRODH,1
GATA2,ZBTB16,1
GATA2,APBB1,1
GATA2,MYO1F,1
GATA2,NR3C2,1
GATA2,SNRPB,1
GATA2,PANX1,1
GATA2,CSTF2,1
GATA2,E2F8,1
GATA2,UTP4,1
GATA2,NFIA,1
GATA2,CYP2J9,1
GATA2,HCFC1,1
GATA2,EGR1,1
GATA2,NDRG1,1
GATA2,LIG1,1
GATA2,TGTP2,1
GATA2,PRIM1,1
GATA2,ZFP35,1
GATA2,LDHB,1
GATA2,CDC6,1
GATA2,CD52,1
GATA2,MAN2A2,1
GATA2,DHFR,1
GATA2,HDAC11,1
GATA2,PRPS2,1
GATA2,SATB1,1
GATA2,TBC1D10C,1
GATA2,SDF2L1,1
GATA2,SMPDL3A,1
GATA2,SERPINA3G,1
GATA2,ANXA2,1
GATA2,RGS2,1
GATA2,MYC,1
GATA2,CD82,1
GATA2,ZDHHC13,1
GATA2,JARID2,1
GATA2,PSTPIP1,1
GATA2,SNAP47,1
GATA2,LY6A,1
GATA2,ZFP36,1
GATA2,ATAD1,1
GATA2,IKZF1,1
GATA2,PRIM2,1
GATA2,PBX1,1
GATA2,CYB5R1,1
GATA2,LGALS1,1
GATA2,TBC1D9B,1
GATA2,SETD2,1
GATA2,IIGP1,1
GATA2,DENND2D,1
GATA2,ZBTB20,1
GATA2,NFKBIA,1
GATA2,YBX1,1
GATA2,SERPINB1A,1
GATA2,PTTG1IP,1
GATA2,ARHGEF18,1
GATA2,CASP12,1
GATA2,VAV3,1
GATA2,METTL7A1,1
GATA2,MAP4K2,1
GATA2,RPP40,1
GATA2,RUVBL2,1
GATA2,GLB1,1
GATA2,FCHO2,1
GATA2,WDR55,1
GATA2,USP11,1
GATA2,KPNA3,1
GATA2,MMRN1,1
GATA2,CTSL,1
GATA2,ANXA1,1
GATA2,CTR9,1
GATA2,MOGS,1
GATA2,HMGB2,1
GATA2,CSAD,1
GATA2,SELENBP1,1
GATA2,PRKCH,1
GATA2,CDCA8,1
GATA2,ABCG2,1
GATA2,TMEM50B,1
GATA2,SNX30,1
GATA2,RPRD1B,1
GATA2,FOXO1,1
GATA2,IRF7,1
GATA2,GMIP,1
GATA2,ERCC8,1
GATA2,CTLA2B,1
GATA2,GANAB,1
GATA2,EMCN,1
GATA2,TCIRG1,1
GATA2,RANBP3,1
GATA2,OASL2,1
GATA2,APOE,1
GATA2,RARB,1
GATA2,GBP2,1
GATA2,HELLS,1
GATA2,ZFP467,1
GATA2,TMEM43,1
GATA2,PFKP,1
GATA2,INO80D,1
GATA2,EPAS1,1
GATA2,VSIR,1
GATA2,RASA4,1
GATA2,SAMD9L,1
GFI1B,ITSN1,1
GFI1B,HMGB2,1
GFI1B,PCLAF,1
GFI1B,TCF19,1
GFI1B,SMARCA2,1
GFI1B,ABHD17B,1
GFI1B,CHORDC1,1
GFI1B,GMIP,1
GFI1B,ARID5A,1
GFI1B,SPI1,1
GFI1B,REL,1
GFI1B,HK3,1
GFI1B,NFAT5,1
GFI1B,EGR1,1
GFI1B,HNRNPAB,1
GFI1B,TCP11L2,1
GFI1B,FIGNL1,1
GFI1B,TMEM97,1
GFI1B,MYCT1,1
GFI1B,MTMR6,1
GFI1B,DNAJC10,1
GFI1B,GTF2H1,1
GFI1B,JUN,1
GFI1B,CLEC12A,1
GFI1B,COPB1,1
GFI1B,GMFB,1
GFI1B,NFE2,1
GFI1B,MEIS1,1
GFI1B,TMEM43,1
GFI1B,CFP,1
GFI1B,CSGALNACT1,1
GFI1B,PROCR,1
GFI1B,NEURL3,1
GFI1B,CCDC50,1
GFI1B,IDH1,1
GFI1B,TIMM29,1
GFI1B,TMEM173,1
GFI1B,TOP3B,1
GFI1B,PARP8,1
GFI1B,MYO5A,1
GFI1B,SRSF1,1
GFI1B,PLAA,1
GFI1B,CALCRL,1
GFI1B,POLR1B,1
GFI1B,CSF2RB,1
GFI1B,CLPTM1L,1
GFI1B,MSH6,1
GFI1B,POR,1
GFI1B,WDR5,1
GFI1B,MAP4K2,1
GFI1B,ADO,1
GFI1B,TXNDC11,1
GFI1B,LIG1,1
GFI1B,DHRS3,1
GFI1B,RTP4,1
GFI1B,FEM1B,1
GFI1B,VAV3,1
GFI1B,USP37,1
GFI1B,RFC4,1
GFI1B,PLPPR3,1
GFI1B,MYB,1
GFI1B,MCM4,1
GFI1B,DPP8,1
GFI1B,TYMS,1
GFI1B,PIM2,1
GFI1B,RRM1,1
GFI1B,PBK,1
GFI1B,ZNRF2,1
GFI1B,POLE3,1
GFI1B,TSPAN14,1
GFI1B,HDGF,1
GFI1B,NCEH1,1
GFI1B,RGS2,1
GFI1B,CDC7,1
GFI1B,CNRIP1,1
GFI1B,GCNT2,1
GFI1B,DEF8,1
GFI1B,FOXO1,1
GFI1B,FLOT2,1
GFI1B,DNAJC11,1
GFI1B,MCM7,1
GFI1B,MIS18BP1,1
GFI1B,ZDHHC6,1
GFI1B,TESPA1,1
GFI1B,FRRS1,1
GFI1B,GLB1,1
GFI1B,SERPINB1A,1
GFI1B,FUT7,1
GFI1B,IKZF1,1
GFI1B,METTL7A1,1
GFI1B,CTC1,1
GFI1B,MYCN,1
GFI1B,CD82,1
GFI1B,RARS,1
GFI1B,OTUD6B,1
GFI1B,HACD3,1
GFI1B,TACC3,1
GFI1B,GMNN,1
GFI1B,DNM1L,1
GFI1B,RUVBL2,1
GFI1B,RPRD1B,1
GFI1B,CSTF2,1
GFI1B,DDX20,1
GFI1B,SLC18A2,1
GFI1B,ICAM1,1
GFI1B,TRMT11,1
GFI1B,CDT1,1
GFI1B,RNF4,1
GFI1B,IRF8,1
GFI1B,RANGAP1,1
GFI1B,CTSL,1
GFI1B,AKAP8L,1
GFI1B,RMND5A,1
GFI1B,WDR4,1
GFI1B,TNFRSF21,1
GFI1B,SCARB1,1
GFI1B,SLC44A2,1
GFI1B,CENPK,1
GFI1B,ITGAL,1
GFI1B,ADSSL1,1
GFI1B,MAD2L1,1
GFI1B,PECAM1,1
GFI1B,DUS1L,1
GFI1B,PCMTD1,1
GFI1B,DLST,1
GFI1B,TYROBP,1
GFI1B,FCGR2B,1
GFI1B,IRF9,1
GFI1B,CDC45,1
GFI1B,ATF7,1
GFI1B,CDCA4,1
GFI1B,SATB1,1
GFI1B,TMEM50B,1
GFI1B,PLIN3,1
GFI1B,DHX33,1
GFI1B,PLAG1,1
GFI1B,INO80D,1
GFI1B,HELLS,1
GFI1B,ACOT9,1
GFI1B,PPP1R15A,1
GFI1B,SLC2A3,1
GFI1B,TBC1D5,1
GFI1B,CTSZ,1
GFI1B,ZFP367,1
GFI1B,AHCYL1,1
GFI1B,SETD2,1
GFI1B,MICU1,1
GFI1B,FUCA2,1
GFI1B,TARS,1
GFI1B,MTFR1,1
GFI1B,ATP6AP1,1
GFI1B,ARL6IP6,1
GFI1B,CDC6,1
GFI1B,CCNB2,1
GFI1B,TMEM229B,1
GFI1B,ERLIN1,1
GFI1B,RAD51,1
GFI1B,HDAC7,1
GFI1B,SLC35B4,1
GFI1B,CYB5R1,1
GFI1B,SEH1L,1
GFI1B,MAML3,1
GFI1B,FAM76B,1
GFI1B,NOP2,1
GFI1B,UBE2L6,1
GFI1B,TCIRG1,1
GFI1B,DCAF13,1
GFI1B,GBP3,1
GFI1B,DHFR,1
GFI1B,PTGR1,1
GFI1B,HEXA,1
GFI1B,FAM136A,1
GFI1B,RPP40,1
GFI1B,TOR3A,1
GFI1B,TAF12,1
GFI1B,NAMPT,1
GFI1B,KCTD12,1
GFI1B,DNAJC5,1
GFI1B,OSBPL1A,1
GFI1B,FES,1
GFI1B,TK1,1
GFI1B,RFC5,1
GFI1B,MTREX,1
GFI1B,IPO9,1
GFI1B,IARS,1
GFI1B,RABGGTB,1
GFI1B,MIS12,1
GFI1B,IL27RA,1
GFI1B,HDAC2,1
GFI1B,RGCC,1
GFI1B,PRELID3B,1
GFI1B,LONP1,1
GFI1B,NUPR1,1
GFI1B,TMX4,1
GFI1B,TES,1
GFI1B,LAP3,1
GFI1B,TUBGCP3,1
GFI1B,FGL2,1
GFI1B,GM1966,1
GFI1B,CD69,1
GFI1B,CD48,1
GFI1B,SELENBP1,1
GFI1B,PHF10,1
GFI1B,MFSD14B,1
GFI1B,FAR1,1
GFI1B,CUL3,1
GFI1B,SHMT1,1
GFI1B,CTLA2A,1
GFI1B,INTS13,1
GFI1B,GTF2F1,1
GFI1B,CTR9,1
GFI1B,CREB5,1
GFI1B,CYBC1,1
GFI1B,LONP2,1
GFI1B,CCL9,1
GFI1B,ZFP35,1
GFI1B,BTAF1,1
GFI1B,TMX3,1
GFI1B,SLC25A46,1
GFI1B,SESN1,1
GFI1B,AGPS,1
GFI1B,PPAT,1
GFI1B,ABCB8,1
GFI1B,ME2,1
GFI1B,XRCC6,1
GFI1B,SDF2L1,1
GFI1B,CD53,1
GFI1B,ATAD1,1
GFI1B,TFG,1
GFI1B,PREP,1
GFI1B,METAP1,1
GFI1B,ALDH9A1,1
GFI1B,PRKCQ,1
GFI1B,KAT7,1
HCFC1,PRIM1,1
HCFC1,POLR1B,1
HCFC1,TMEM206,1
HCFC1,ATP11C,1
HCFC1,AHCYL1,1
HCFC1,KPNA3,1
HCFC1,RPP40,1
HCFC1,4833439L19RIK,1
HCFC1,SLC35B4,1
HCFC1,ZFP451,1
HCFC1,DHX33,1
HCFC1,INPP5B,1
HCFC1,CDCA8,1
HCFC1,DUS1L,1
HCFC1,PA2G4,1
HCFC1,TIMM29,1
HCFC1,RPA2,1
HCFC1,ABL1,1
HCFC1,LIG1,1
HCFC1,DNM1L,1
HCFC1,TMEM43,1
HCFC1,RANGAP1,1
HCFC1,MCM3,1
HCFC1,SESN1,1
HCFC1,RRM1,1
HCFC1,ZFP24,1
HCFC1,PHB2,1
HCFC1,ARID5A,1
HCFC1,JARID2,1
HCFC1,RAD51,1
HCFC1,DNAJC11,1
HCFC1,ITSN1,1
HCFC1,ADO,1
HCFC1,MARS,1
HCFC1,CLPTM1L,1
HCFC1,DDX20,1
HCFC1,WDR4,1
HCFC1,PRPF4,1
HCFC1,LONP1,1
HCFC1,CDC6,1
HCFC1,TOP3B,1
HCFC1,RPRD1B,1
HCFC1,NCLN,1
HCFC1,TBL3,1
HCFC1,ABCB8,1
HCFC1,PLAA,1
HCFC1,CDC45,1
HCFC1,ZFP35,1
HCFC1,RFC4,1
HCFC1,CHORDC1,1
HCFC1,SLC19A1,1
HCFC1,FTSJ3,1
HCFC1,WDR5,1
HCFC1,MIS18BP1,1
HCFC1,RUVBL2,1
HCFC1,GTF2F1,1
HCFC1,MTREX,1
HCFC1,PLD3,1
HCFC1,NUP107,1
HCFC1,MTMR6,1
HCFC1,XPC,1
HCFC1,DPP8,1
HCFC1,TACC3,1
HCFC1,KAT7,1
HCFC1,FEM1B,1
HCFC1,TUBGCP2,1
HCFC1,GMFB,1
HCFC1,SLC39A6,1
HCFC1,MFSD1,1
HCFC1,ELP2,1
HCFC1,ARL8B,1
HCFC1,MFSD14B,1
HCFC1,E2F4,1
HCFC1,FOXRED1,1
HCFC1,CENPK,1
HCFC1,SNAP47,1
HCFC1,GTF2H1,1
HCFC1,REXO4,1
HCFC1,ATP13A1,1
HCFC1,EIF1AD,1
HCFC1,RARS,1
HCFC1,DCAF13,1
HCFC1,ABHD17B,1
HCFC1,ERCC8,1
HCFC1,OTUD6B,1
HCFC1,POLE3,1
HCFC1,DLST,1
HCFC1,IARS,1
HCFC1,STXBP4,1
HCFC1,TUBGCP3,1
HCFC1,COPB1,1
HCFC1,MRPL37,1
HCFC1,PRMT7,1
HCFC1,UBR7,1
HCFC1,CCDC137,1
HCFC1,PNO1,1
HCFC1,HDGF,1
HCFC1,CTR9,1
HCFC1,ZDHHC6,1
HCFC1,GOLT1B,1
HCFC1,GUSB,1
HCFC1,IDH1,1
HCFC1,MORC3,1
HCFC1,ORC2,1
HCFC1,G6PDX,1
HCFC1,NOP2,1
HCFC1,IPO9,1
HCFC1,SLC25A46,1
HCFC1,CKAP5,1
HCFC1,HNRNPAB,1
HCFC1,B230219D22RIK,1
HCFC1,SNRPB,1
HCFC1,COLGALT1,1
HCFC1,GMCL1,1
HCFC1,PPAT,1
HCFC1,TARS,1
HCFC1,NUDT19,1
HCFC1,NCAPD2,1
HCFC1,NFAT5,1
HCFC1,MOGS,1
HCFC1,ATAD1,1
HCFC1,ATG12,1
HCFC1,AP3S1,1
HCFC1,BTAF1,1
HCFC1,RABGGTB,1
HCFC1,LONP2,1
HCFC1,PCMTD2,1
HCFC1,FASTKD2,1
HCFC1,MIS12,1
HCFC1,MCM5,1
HCFC1,TRMT11,1
HCFC1,USP37,1
HCFC1,GANAB,1
HCFC1,CDCA4,1
HCFC1,ARL6IP6,1
HCFC1,TXNDC11,1
HCFC1,POLR2B,1
HCFC1,RNF4,1
HCFC1,MCM4,1
HCFC1,SRSF1,1
HCFC1,SLC30A5,1
HCFC1,YBX1,1
HCFC1,ELF1,1
HCFC1,PSEN1,1
HCFC1,UTP4,1
HCFC1,RFC5,1
HCFC1,CTC1,1
HCFC1,DNAJC5,1
HCFC1,PLIN3,1
HCFC1,MED16,1
HCFC1,PBK,1
HCFC1,TFG,1
HCFC1,FAM91A1,1
HCFC1,ZFP367,1
HCFC1,PTDSS1,1
HCFC1,TMX3,1
HCFC1,AGPS,1
HCFC1,NADK,1
HCFC1,CDT1,1
HCFC1,TOPORS,1
HCFC1,MICU1,1
HCFC1,CNIH1,1
HCFC1,MAD2L1,1
HCFC1,UMPS,1
HCFC1,GMNN,1
HCFC1,IRF9,1
HCFC1,PRIM2,1
HCFC1,TAF12,1
HCFC1,TRIM35,1
HCFC1,RANBP3,1
HCFC1,POR,1
HCFC1,MCM7,1
HCFC1,DEF8,1
HCFC1,NCEH1,1
HCFC1,IARS2,1
HCFC1,TOP2A,1
HCFC1,TYMS,1
HCFC1,PHF6,1
HCFC1,DNAJC10,1
HCFC1,ERLIN1,1
HCFC1,SHMT1,1
HCFC1,POLD1,1
HCFC1,HEXA,1
HCFC1,HELLS,1
HCFC1,USP11,1
HCFC1,MOB3C,1
HCFC1,ELMO2,1
HCFC1,ME2,1
HCFC1,TCF19,1
HCFC1,ATF7,1
HCFC1,PLAG1,1
HCFC1,PRODH,1
HCFC1,WDR55,1
HCFC1,CDC7,1
HCFC1,RMND5A,1
HCFC1,FAM76B,1
HCFC1,SEH1L,1
HCFC1,RPA1,1
HCFC1,INTS13,1
HCFC1,XRCC3,1
HCFC1,LMO4,1
HCFC1,TK1,1
HCFC1,VPS35,1
HCFC1,TIPIN,1
HCFC1,ORC6,1
HCFC1,FUCA2,1
HCFC1,TBC1D5,1
HCFC1,BACE1,1
HCFC1,SAMD9L,1
HCFC1,FIGNL1,1
HCFC1,APLP2,1
HCFC1,MAPK1,1
HCFC1,ZDHHC13,1
HCFC1,CCDC50,1
HCFC1,CCNB2,1
HCFC1,MSMO1,1
HCFC1,PREP,1
HCFC1,MEIS1,1
HCFC1,XPNPEP1,1
HCFC1,CSTF2,1
HCFC1,TMEM97,1
HCFC1,FDFT1,1
HCFC1,ISYNA1,1
HCFC1,PSAT1,1
HCFC1,SLC2A3,1
HCFC1,TTF2,1
HCFC1,ALAS1,1
HCFC1,HDAC2,1
HCFC1,AKAP8L,1
HCFC1,PCMTD1,1
HCFC1,HMGB2,1
HCFC1,SETD2,1
HCFC1,INO80D,1
HCFC1,CAD,1
HCFC1,ACOX1,1
HCFC1,FGFR1OP,1
HCFC1,IL27RA,1
HCFC1,GIMAP1,1
HCFC1,PTTG1IP,1
HCFC1,CUL3,1
HCFC1,TBC1D10C,1
HCFC1,TMEM229B,1
HCFC1,MGAT5,1
HCFC1,DEK,1
HCFC1,CYBC1,1
HCFC1,BID,1
HCFC1,RB1,1
HCFC1,METAP1,1
HCFC1,ATP6AP2,1
HCFC1,MCM6,1
HCFC1,PRELID3B,1
HCFC1,FAM136A,1
HCFC1,GLB1,1
HCFC1,OSBPL1A,1
HCFC1,XRCC6,1
HCFC1,BC005561,1
HCFC1,CLN5,1
HCFC1,JPT2,1
HCFC1,CSGALNACT2,1
HCFC1,TBC1D9B,1
HCFC1,LAP3,1
HCFC1,ICAM1,1
HCFC1,USP10,1
HCFC1,IRGM2,1
HCFC1,MSH6,1
HCFC1,RRM2,1
HCFC1,TCP11L2,1
HCFC1,GOLPH3,1
HCFC1,PPP1R15A,1
HCFC1,MAML3,1
HCFC1,GNS,1
HCFC1,SGMS1,1
HCFC1,DHFR,1
HCFC1,SMARCA2,1
HCFC1,ZFP36,1
HCFC1,SDF2L1,1
HCFC1,RCC1,1
HCFC1,CD48,1
HCFC1,RAB37,1
HCFC1,NAMPT,1
HCFC1,ATP6AP1,1
HCFC1,BTG2,1
HCFC1,UHRF1,1
HCFC1,MXD3,1
HCFC1,MCM2,1
HCFC1,HACD3,1
HCFC1,TESPA1,1
HCFC1,NR3C2,1
HCFC1,IGTP,1
HCFC1,GBP7,1
HCFC1,PLEKHO2,1
HCFC1,FAM111A,1
HCFC1,FCHO2,1
HCFC1,UNC93B1,1
HCFC1,DENND1C,1
HCFC1,ACAA2,1
HCFC1,MAPKAPK3,1
HCFC1,ZBTB38,1
HCFC1,AURKB,1
HCFC1,COQ8A,1
HCFC1,MYC,1
HCFC1,RPS6KA3,1
HCFC1,PIM2,1
HCFC1,KLF6,1
HCFC1,CYB5R1,1
HCFC1,VSIR,1
HCFC1,GSR,1
HCFC1,H1F0,1
HCFC1,RELB,1
HCFC1,UBL4A,1
HCFC1,GMIP,1
HCFC1,METTL7A1,1
HCFC1,TRIB3,1
HCFC1,ACOT9,1
HCFC1,LYN,1
HCFC1,STT3B,1
HCFC1,MYO5A,1
HCFC1,PANX1,1
HCFC1,ALDH9A1,1
HCFC1,FAR1,1
HCFC1,GBP3,1
HCFC1,SPNS3,1
HCFC1,DUSP1,1
HCFC1,RPS6KA5,1
HCFC1,UBA7,1
HCFC1,ANXA5,1
HCFC1,UAP1,1
HCFC1,GIMAP6,1
HCFC1,JUN,1
HCFC1,ADSSL1,1
HCFC1,STAT2,1
HCFC1,ZNRF2,1
HCFC1,RGCC,1
HCFC1,FOXO1,1
HCFC1,MLLT3,1
HCFC1,NFKBIA,1
HCFC1,HLF,1
HCFC1,MYO1G,1
HCFC1,SERPINB9,1
HCFC1,SPI1,1
HCFC1,TMX4,1
HCFC1,TCN2,1
HCFC1,REL,1
HCFC1,CBFB,1
HCFC1,1700017B05RIK,1
HCFC1,ST6GALNAC4,1
HCFC1,TRIM59,1
HCFC1,EML4,1
HCFC1,ZFP467,1
HCFC1,MAP4K2,1
HCFC1,PHF11B,1
HCFC1,CISH,1
HCFC1,GLIPR2,1
HCFC1,SORT1,1
HCFC1,MTFR1,1
HCFC1,HDAC7,1
HCFC1,SNX30,1
HCFC1,NDE1,1
HCFC1,UBE2L6,1
HCFC1,FLNB,1
HCFC1,SLC44A2,1
HCFC1,SNAP23,1
HCFC1,RGS1,1
HCFC1,CD53,1
HCFC1,CALCRL,1
HCFC1,ZFP945,1
HCFC1,TLR4,1
HCFC1,FLOT2,1
HCFC1,SLC43A3,1
HCFC1,H2-AA,1
HCFC1,ST8SIA4,1
HCFC1,DHRS3,1
HCFC1,AKNA,1
HCFC1,EPB41L4B,1
HCFC1,RP2,1
HCFC1,E2F8,1
HCFC1,NDRG1,1
HCFC1,CERS4,1
HCFC1,CD82,1
HCFC1,ZBTB16,1
HCFC1,SSH3,1
HCFC1,PGLYRP2,1
HCFC1,GPR160,1
HCFC1,PLEK,1
HCFC1,EGR1,1
HCFC1,MLKL,1
HCFC1,PAK1,1
HCFC1,SPNS2,1
HCFC1,XAF1,1
HCFC1,FRRS1,1
HCFC1,NFATC2,1
HCFC1,PTGR1,1
HCFC1,PCLAF,1
HCFC1,ITGAL,1
HCFC1,TMEM173,1
HCFC1,SERPINB1A,1
HCFC1,CTSZ,1
HCFC1,SCARB1,1
HCFC1,LGALS1,1
HCFC1,CD69,1
HCFC1,CHRNB1,1
HCFC1,ABCG2,1
HCFC1,HDAC11,1
HCFC1,GFI1B,1
HCFC1,MKI67,1
HCFC1,TCIRG1,1
HCFC1,HIF3A,1
HCFC1,NFE2,1
HCFC1,GIMAP5,1
HCFC1,TFR2,1
HCFC1,CST7,1
HCFC1,CYP4V3,1
HCFC1,CLEC12A,1
HCFC1,LCP2,1
HCFC1,EBI3,1
HCFC1,RORA,1
HCFC1,SELENBP1,1
HCFC1,ARHGEF39,1
HCFC1,TSC22D3,1
HCFC1,NFAM1,1
HCFC1,LAPTM4B,1
HCFC1,HACD4,1
HCFC1,PHF10,1
HCFC1,DOK2,1
HCFC1,MFNG,1
HCFC1,PRKCH,1
HCFC1,TOR3A,1
HCFC1,PEAR1,1
HCFC1,GBP2,1
HCFC1,TYROBP,1
HCFC1,BC035044,1
HCFC1,IRF7,1
HCFC1,GPR65,1
HCFC1,RUNX1T1,1
HCFC1,NCF1,1
HCFC1,CFP,1
HCFC1,SH2D5,1
HCFC1,CBX7,1
HCFC1,ANXA2,1
HCFC1,MAGED2,1
HCFC1,ATP8B4,1
HCFC1,FCER1G,1
HCFC1,PRSS57,1
HCFC1,MYB,1
HCFC1,GRINA,1
HCFC1,EZR,1
HCFC1,DDX58,1
HCFC1,CTSO,1
HCFC1,CTSL,1
HCFC1,S100A6,1
HCFC1,KCTD12,1
HCFC1,CD74,1
HCFC1,ANXA3,1
HCFC1,BCL2,1
HCFC1,PTGS1,1
HCFC1,FGL2,1
HCFC1,CASP1,1
HCFC1,FCGR2B,1
HCFC1,RGS2,1
HCFC1,APBB1,1
HCFC1,TNIP3,1
HCFC1,NUPR1,1
HCFC1,METTL27,1
HCFC1,GALNT6,1
HCFC1,CSGALNACT1,1
HCFC1,TNFRSF21,1
HCFC1,SLCO3A1,1
HCFC1,BTK,1
HCFC1,PLXNC1,1
HCFC1,EBF1,1
HCFC1,ADA,1
HCFC1,RASA4,1
HCFC1,IL21R,1
HCFC1,CREB5,1
HCFC1,PRPS2,1
HCFC1,MAN2A2,1
HCFC1,CD9,1
HCFC1,CSF2RB,1
HCFC1,RHOF,1
HCFC1,TMEM50B,1
HCFC1,TPM4,1
HCFC1,EPSTI1,1
HCFC1,PUS7,1
HDAC2,NUP107,1
HDAC2,DDX20,1
HDAC2,MIS18BP1,1
HDAC2,MSH6,1
HDAC2,CLPTM1L,1
HDAC2,TOP3B,1
HDAC2,MTREX,1
HDAC2,CDC6,1
HDAC2,OTUD6B,1
HDAC2,MCM7,1
HDAC2,POLR1B,1
HDAC2,RFC4,1
HDAC2,PA2G4,1
HDAC2,ATF7,1
HDAC2,CENPK,1
HDAC2,LONP1,1
HDAC2,NFAT5,1
HDAC2,MSMO1,1
HDAC2,MTMR6,1
HDAC2,WDR4,1
HDAC2,SHMT1,1
HDAC2,RANGAP1,1
HDAC2,PLD3,1
HDAC2,FOXRED1,1
HDAC2,NCEH1,1
HDAC2,GMFB,1
HDAC2,MAD2L1,1
HDAC2,TBL3,1
HDAC2,FAM136A,1
HDAC2,TFG,1
HDAC2,TACC3,1
HDAC2,XPC,1
HDAC2,POLD1,1
HDAC2,PRMT7,1
HDAC2,CHORDC1,1
HDAC2,FASTKD2,1
HDAC2,PPAT,1
HDAC2,TXNDC11,1
HDAC2,XRCC6,1
HDAC2,RRM1,1
HDAC2,POR,1
HDAC2,UHRF1,1
HDAC2,PBK,1
HDAC2,IARS,1
HDAC2,WDR55,1
HDAC2,KPNA3,1
HDAC2,PHB2,1
HDAC2,UAP1,1
HDAC2,DCAF13,1
HDAC2,RAD51,1
HDAC2,LAP3,1
HDAC2,DNAJC5,1
HDAC2,NOP2,1
HDAC2,MCM5,1
HDAC2,GOLT1B,1
HDAC2,CDCA8,1
HDAC2,COLGALT1,1
HDAC2,MARS,1
HDAC2,RPA2,1
HDAC2,DUS1L,1
HDAC2,TMEM229B,1
HDAC2,MORC3,1
HDAC2,SAMD9L,1
HDAC2,TIMM29,1
HDAC2,FIGNL1,1
HDAC2,IDH1,1
HDAC2,SEH1L,1
HDAC2,RFC5,1
HDAC2,SLC39A6,1
HDAC2,ELP2,1
HDAC2,RELB,1
HDAC2,SDF2L1,1
HDAC2,ZDHHC6,1
HDAC2,HDGF,1
HDAC2,COQ8A,1
HDAC2,ZFP451,1
HDAC2,GMCL1,1
HDAC2,SLC30A5,1
HDAC2,REXO4,1
HDAC2,AHCYL1,1
HDAC2,CYBC1,1
HDAC2,GBP3,1
HDAC2,LONP2,1
HDAC2,MFSD1,1
HDAC2,ME2,1
HDAC2,ABHD17B,1
HDAC2,SRSF1,1
HDAC2,TMEM43,1
HDAC2,SMARCA2,1
HDAC2,DEF8,1
HDAC2,RPS6KA5,1
HDAC2,DHX33,1
HDAC2,OSBPL1A,1
HDAC2,ACAA2,1
HDAC2,HMGB2,1
HDAC2,TUBGCP3,1
HDAC2,GTF2H1,1
HDAC2,UBR7,1
HDAC2,RPRD1B,1
HDAC2,GTF2F1,1
HDAC2,ARID5A,1
HDAC2,ALDH9A1,1
HDAC2,TARS,1
HDAC2,MCM3,1
HDAC2,DPP8,1
HDAC2,USP37,1
HDAC2,SLC35B4,1
HDAC2,CAD,1
HDAC2,RUVBL2,1
HDAC2,CCDC137,1
HDAC2,TUBGCP2,1
HDAC2,DNAJC11,1
HDAC2,CDT1,1
HDAC2,PTTG1IP,1
HDAC2,IPO9,1
HDAC2,PCMTD1,1
HDAC2,CBFB,1
HDAC2,DHFR,1
HDAC2,TCF19,1
HDAC2,MCM4,1
HDAC2,IRF9,1
HDAC2,POLE3,1
HDAC2,ANXA5,1
HDAC2,PRPF4,1
HDAC2,STXBP4,1
HDAC2,RANBP3,1
HDAC2,RABGGTB,1
HDAC2,RARS,1
HDAC2,PSEN1,1
HDAC2,CTR9,1
HDAC2,SGMS1,1
HDAC2,DNM1L,1
HDAC2,METAP1,1
HDAC2,INTS13,1
HDAC2,NDRG1,1
HDAC2,RPA1,1
HDAC2,SERPINB9,1
HDAC2,RPP40,1
HDAC2,ZFP35,1
HDAC2,CTC1,1
HDAC2,NCAPD2,1
HDAC2,GUSB,1
HDAC2,TIPIN,1
HDAC2,FEM1B,1
HDAC2,EIF1AD,1
HDAC2,REL,1
HDAC2,FDFT1,1
HDAC2,PNO1,1
HDAC2,FGFR1OP,1
HDAC2,CLN5,1
HDAC2,TMEM97,1
HDAC2,MICU1,1
HDAC2,PRELID3B,1
HDAC2,LIG1,1
HDAC2,PLIN3,1
HDAC2,STT3B,1
HDAC2,SESN1,1
HDAC2,BTAF1,1
HDAC2,KAT7,1
HDAC2,HELLS,1
HDAC2,TOPORS,1
HDAC2,TMX4,1
HDAC2,GANAB,1
HDAC2,TSPAN14,1
HDAC2,SLC25A46,1
HDAC2,ORC2,1
HDAC2,MAPK1,1
HDAC2,PPP1R15A,1
HDAC2,ATAD1,1
HDAC2,ABL1,1
HDAC2,RMND5A,1
HDAC2,PLAA,1
HDAC2,RNF4,1
HDAC2,MIS12,1
HDAC2,XPNPEP1,1
HDAC2,RGS2,1
HDAC2,ZFP24,1
HDAC2,ZFP367,1
HDAC2,ERLIN1,1
HDAC2,WDR5,1
HDAC2,ABCB8,1
HDAC2,AGPS,1
HDAC2,FAM91A1,1
HDAC2,ATP13A1,1
HDAC2,TES,1
HDAC2,TYMS,1
HDAC2,CSTF2,1
HDAC2,GSR,1
HDAC2,FCHO2,1
HDAC2,CD82,1
HDAC2,TOP2A,1
HDAC2,FAM76B,1
HDAC2,TBC1D10C,1
HDAC2,NUDT19,1
HDAC2,MOGS,1
HDAC2,CTSL,1
HDAC2,CYB5R1,1
HDAC2,ELF1,1
HDAC2,MXD3,1
HDAC2,PSAT1,1
HDAC2,PTDSS1,1
HDAC2,ARL8B,1
HDAC2,STAT2,1
HDAC2,RCC1,1
HDAC2,TESPA1,1
HDAC2,NFE2,1
HDAC2,UMPS,1
HDAC2,CSGALNACT2,1
HDAC2,MCM6,1
HDAC2,POLR2B,1
HDAC2,EML4,1
HDAC2,TMEM206,1
HDAC2,ADO,1
HDAC2,TM7SF3,1
HDAC2,TRMT11,1
HDAC2,CHRNB1,1
HDAC2,AKAP8L,1
HDAC2,FTSJ3,1
HDAC2,ERCC8,1
HDAC2,DNAJC10,1
HDAC2,JPT2,1
HDAC2,GMNN,1
HDAC2,4833439L19RIK,1
HDAC2,TMX3,1
HDAC2,XAF1,1
HDAC2,TNFRSF21,1
HDAC2,CNIH1,1
HDAC2,GLB1,1
HDAC2,SLC19A1,1
HDAC2,RORA,1
HDAC2,MCM2,1
HDAC2,TOR3A,1
HDAC2,B230219D22RIK,1
HDAC2,GNS,1
HDAC2,HEXA,1
HDAC2,CALCRL,1
HDAC2,SETD2,1
HDAC2,ZNRF2,1
HDAC2,TRIM59,1
HDAC2,NAMPT,1
HDAC2,CDC45,1
HDAC2,PCMTD2,1
HDAC2,UTP4,1
HDAC2,FAR1,1
HDAC2,E2F4,1
HDAC2,E2F8,1
HDAC2,CDC7,1
HDAC2,TBC1D9B,1
HDAC2,ITSN1,1
HDAC2,RB1,1
HDAC2,BID,1
HDAC2,ACOX1,1
HDAC2,CUL3,1
HDAC2,CKAP5,1
HDAC2,ATG12,1
HDAC2,AP3S1,1
HDAC2,ARL6IP6,1
HDAC2,ZDHHC13,1
HDAC2,GBP7,1
HDAC2,HACD3,1
HDAC2,IRGM2,1
HDAC2,PRIM1,1
HDAC2,ST6GALNAC4,1
HDAC2,PRIM2,1
HDAC2,YBX1,1
HDAC2,TBC1D5,1
HDAC2,MYO5A,1
HDAC2,PANX1,1
HDAC2,MRPL37,1
HDAC2,MTFR1,1
HDAC2,USP10,1
HDAC2,ISYNA1,1
HDAC2,CDCA4,1
HDAC2,TCP11L2,1
HDAC2,GLIPR2,1
HDAC2,EMILIN1,1
HDAC2,S100A6,1
HDAC2,MED16,1
HDAC2,VPS35,1
HDAC2,ORC6,1
HDAC2,COPB1,1
HDAC2,NFATC2,1
HDAC2,MGAT5,1
HDAC2,PBX1,1
HDAC2,SCARB1,1
HDAC2,SNAP47,1
HDAC2,TRIM35,1
HDAC2,GMIP,1
HDAC2,TTF2,1
HDAC2,MFSD14B,1
HDAC2,XRCC3,1
HDAC2,DLST,1
HDAC2,METTL7A1,1
HDAC2,MOB3C,1
HDAC2,RGCC,1
HDAC2,AURKB,1
HDAC2,SNRPB,1
HDAC2,IGTP,1
HDAC2,PREP,1
HDAC2,ELMO2,1
HDAC2,OTULINL,1
HDAC2,HNRNPAB,1
HDAC2,UBA7,1
HDAC2,LGALS1,1
HDAC2,FAM111A,1
HDAC2,BTG2,1
HDAC2,GOLPH3,1
HDAC2,NFKBIA,1
HDAC2,EPSTI1,1
HDAC2,AKNA,1
HDAC2,CCNB2,1
HDAC2,ATP6AP2,1
HDAC2,SNAP23,1
HDAC2,NADK,1
HDAC2,ACOT9,1
HDAC2,NCLN,1
HDAC2,PUS7,1
HDAC2,PCLAF,1
HDAC2,MAN2A2,1
HDAC2,SLC2A3,1
HDAC2,RASA4,1
HDAC2,LAPTM4B,1
HDAC2,FLNB,1
HDAC2,DENND1C,1
HDAC2,UNC93B1,1
HDAC2,PSTPIP1,1
HDAC2,MLLT3,1
HDAC2,CCDC50,1
HDAC2,PFKP,1
HDAC2,1700017B05RIK,1
HDAC2,ITGAL,1
HDAC2,PLAG1,1
HDAC2,ST8SIA4,1
HDAC2,MAPKAPK3,1
HDAC2,CSGALNACT1,1
HDAC2,TRIB3,1
HDAC2,EZR,1
HDAC2,CTSO,1
HDAC2,PHF10,1
HDAC2,INPP5B,1
HDAC2,ALAS1,1
HDAC2,DHRS3,1
HDAC2,TAF12,1
HDAC2,MAP4K2,1
HDAC2,TMEM173,1
HDAC2,DEK,1
HDAC2,UBL4A,1
HDAC2,RRM2,1
HDAC2,EYA2,1
HDAC2,PLEKHO2,1
HDAC2,IL27RA,1
HDAC2,BC005561,1
HDAC2,TMEM50B,1
HDAC2,ATP6AP1,1
HDAC2,FLT3,1
HDAC2,HP,1
HDAC2,BCL2,1
HDAC2,APLP2,1
HDAC2,ATP8B4,1
HDAC2,NDE1,1
HDAC2,ARHGEF18,1
HDAC2,DUSP1,1
HDAC2,UBE2L6,1
HDAC2,TCIRG1,1
HDAC2,HDAC7,1
HDAC2,PHF6,1
HDAC2,INO80D,1
HDAC2,SLC44A2,1
HDAC2,USP11,1
HDAC2,OASL2,1
HDAC2,MLKL,1
HDAC2,EPAS1,1
HDAC2,CSAD,1
HDAC2,ZFP945,1
HDAC2,JUN,1
HDAC2,CTSZ,1
HDAC2,TLR4,1
HDAC2,PTGS1,1
HDAC2,PEAR1,1
HDAC2,MAML3,1
HDAC2,PHF11B,1
HDAC2,RAB37,1
HDAC2,PRKCH,1
HDAC2,GNG12,1
HDAC2,RGS1,1
HDAC2,ZEB2,1
HDAC2,EGR1,1
HDAC2,PARP8,1
HDAC2,CERS4,1
HDAC2,SNX30,1
HDAC2,CYP4V3,1
HDAC2,VDR,1
HDAC2,FUCA2,1
HDAC2,KLF6,1
HDAC2,RTP4,1
HDAC2,MFNG,1
HDAC2,FLOT2,1
HDAC2,METTL27,1
HDAC2,FRRS1,1
HDAC2,CST7,1
HDAC2,MAGED2,1
HDAC2,CLEC12A,1
HDAC2,TK1,1
HDAC2,CD69,1
HDAC2,CTLA2A,1
HDAC2,CISH,1
HDAC2,TM6SF1,1
HDAC2,SLC43A3,1
HDAC2,IARS2,1
HDAC2,SPNS3,1
HDAC2,DENND2D,1
HDAC2,RPS6KA3,1
HDAC2,CREB5,1
HDAC2,GBP2,1
HDAC2,ATP11C,1
HDAC2,APBB1,1
HDAC2,VAV3,1
HDAC2,G6PDX,1
HDAC2,RORC,1
HDAC2,NUPR1,1
HDAC2,ZBTB38,1
HDAC2,CBX7,1
HDAC2,RP2,1
HDAC2,LDHB,1
HDAC2,PAK1,1
HDAC2,PRODH,1
HDAC2,ANXA2,1
HDAC2,PRPS2,1
HDAC2,FOXO1,1
HDAC2,PGLYRP2,1
HDAC2,GFI1B,1
HDAC2,MYC,1
HDAC2,MEIS1,1
HDAC2,LMO4,1
HDAC2,FGL2,1
HDAC2,GIMAP5,1
HDAC2,SLA2,1
HDAC2,GIMAP6,1
HDAC2,TCN2,1
HDAC2,TRPS1,1
HDAC2,BACE1,1
HDAC2,MYCN,1
HDAC2,NR3C2,1
HDAC2,KCTD12,1
HDAC2,EMID1,1
HDAC2,NEURL3,1
HDAC2,SALL2,1
HDAC2,SORT1,1
HDAC2,MKI67,1
HDAC2,JARID2,1
HDAC2,H1F0,1
HDAC2,CD53,1
HDAC2,ADA,1
HDAC2,HDAC11,1
HDAC2,EBF1,1
HDAC2,GNG11,1
HDAC2,ZFP467,1
HDAC2,RUNX1T1,1
HDAC2,ICAM1,1
HDAC2,SLCO3A1,1
HDAC2,EPB41L4B,1
HDAC2,PTGR1,1
HDAC2,IRF7,1
HDAC2,ZBTB20,1
HDAC2,DDX58,1
HDAC2,SSH3,1
HDAC2,SPNS2,1
HDAC2,GCNT2,1
HDAC2,TRIM47,1
HDAC2,PIM2,1
HDAC2,TGTP2,1
HDAC2,GRINA,1
HDAC2,LYN,1
HDAC2,PRSS57,1
HDAC2,CCL9,1
HDAC2,PROCR,1
HDAC2,FES,1
HDAC2,H2-OB,1
HDAC2,RAB31,1
HDAC2,SERPINA3G,1
HDAC2,TEAD2,1
HDAC2,CERK,1
HDAC2,GRIA3,1
HDAC2,CTLA2B,1
HDAC2,HCFC1,1
HDAC2,HACD4,1
HDAC2,MYB,1
HDAC2,ZBTB16,1
HDAC2,CD9,1
HDAC2,ARHGEF39,1
HDAC2,MYO1F,1
HDAC2,ANXA1,1
HDAC2,MYO1G,1
HDAC2,SLC28A2,1
HDAC2,IL21R,1
HDAC2,GIMAP1,1
HDAC2,GATA2,1
HDAC2,ANXA3,1
HDAC2,ITIH5,1
HDAC2,CFP,1
HDAC2,RASSF4,1
HDAC2,SELL,1
HDAC2,CD48,1
HDAC2,IIGP1,1
HDAC2,BC035044,1
HDAC2,TYROBP,1
HDAC2,SATB1,1
HDAC2,TPM4,1
HDAC2,SERPINB1A,1
HDAC2,GPR65,1
HDAC2,ADSSL1,1
HDAC2,EBI3,1
HDAC2,FCGR2B,1
HDAC2,PRKCQ,1
HDAC2,APOE,1
HDAC2,CNRIP1,1
HDAC2,RHOF,1
HDAC2,SPI1,1
HDAC2,PLEK,1
HDAC2,DOK2,1
HDAC2,ZFP36,1
HDAC2,GM1966,1
HDAC2,VSIR,1
HDAC2,ARID3B,1
HDAC2,CASP4,1
HDAC2,IKZF1,1
HDAC2,ABCG2,1
HDAC2,PADI4,1
HDAC2,CASP1,1
HDAC2,NCF1,1
HDAC2,GPR160,1
HDAC2,CYP2J6,1
HDAC2,NFAM1,1
HDAC2,CYP2J9,1
HDAC2,IL12A,1
HDAC2,MECOM,1
HDAC2,RCSD1,1
HDAC2,FUT7,1
HDAC2,IRF8,1
HDAC2,NFIA,1
HDAC2,LCP2,1
HDAC2,CCL4,1
HDAC2,LTB,1
HDAC2,PLXNC1,1
HDAC2,SLC18A2,1
HDAC2,CD74,1
HDAC2,NKG7,1
HDAC2,FCER1G,1
HDAC2,CTSF,1
HDAC2,TSC22D3,1
HDAC2,TGM2,1
HDAC2,CD300A,1
HDAC2,MAPK12,1
HDAC2,RARB,1
HDAC2,LY6A,1
HDAC2,GM5111,1
HDAC2,CD52,1
HDAC2,SELENBP1,1
HDAC2,CPA3,1
HDAC2,TLE2,1
HDAC2,TBXAS1,1
HDAC2,MUC13,1
HDAC2,MS4A6C,1
HDAC2,ARL11,1
HDAC2,CASP12,1
HDAC2,PLPPR3,1
HDAC2,CSF2RB,1
HDAC2,SHISA8,1
HDAC2,H2-AA,1
HDAC2,SMPDL3A,1
HDAC2,PRDM16,1
HDAC2,NAP1L3,1
HDAC2,GRK3,1
HDAC2,PDZK1IP1,1
HDAC2,SH2D5,1
HDAC2,SOX18,1
HDAC2,NDN,1
HDAC2,FCGR3,1
HDAC2,SCARF1,1
HDAC2,NSD2,1
HDAC2,HIF3A,1
HDAC2,ITM2A,1
HDAC2,IRF6,1
IKZF1,DDX20,1
IKZF1,PA2G4,1
IKZF1,TCF19,1
IKZF1,MIS18BP1,1
IKZF1,NADK,1
IKZF1,NFAT5,1
IKZF1,IDH1,1
IKZF1,TFG,1
IKZF1,ELF1,1
IKZF1,UBR7,1
IKZF1,TMEM229B,1
IKZF1,TRMT11,1
IKZF1,MCM3,1
IKZF1,NFE2,1
IKZF1,NCEH1,1
IKZF1,TOPORS,1
IKZF1,TYMS,1
IKZF1,CISH,1
IKZF1,CHORDC1,1
IKZF1,TRIM35,1
IKZF1,GBP7,1
IKZF1,MIS12,1
IKZF1,CLPTM1L,1
IKZF1,OASL2,1
IKZF1,SERPINB9,1
IKZF1,PPP1R15A,1
IKZF1,ZFP35,1
IKZF1,TLR4,1
IKZF1,UNC93B1,1
IKZF1,FAR1,1
IKZF1,MTMR6,1
IKZF1,FAM136A,1
IKZF1,ARID5A,1
IKZF1,POLD1,1
IKZF1,TOP3B,1
IKZF1,PLEKHO2,1
IKZF1,SNAP47,1
IKZF1,ZDHHC6,1
IKZF1,XRCC6,1
IKZF1,LONP2,1
IKZF1,CTC1,1
IKZF1,STXBP4,1
IKZF1,MAD2L1,1
IKZF1,CSGALNACT1,1
IKZF1,MSH6,1
IKZF1,ACOX1,1
IKZF1,RB1,1
IKZF1,FCGR2B,1
IKZF1,TMX3,1
IKZF1,RPRD1B,1
IKZF1,VSIR,1
IKZF1,TBC1D5,1
IKZF1,ZFP24,1
IKZF1,B230219D22RIK,1
IKZF1,RPA2,1
IKZF1,PRMT7,1
IKZF1,TBL3,1
IKZF1,OTUD6B,1
IKZF1,XPC,1
IKZF1,GLB1,1
IKZF1,ACAA2,1
IKZF1,GMFB,1
IKZF1,ARL6IP6,1
IKZF1,ME2,1
IKZF1,PSTPIP1,1
IKZF1,KAT7,1
IKZF1,PBK,1
IKZF1,MORC3,1
IKZF1,MAP4K2,1
IKZF1,NUP107,1
IKZF1,FUCA2,1
IKZF1,PLIN3,1
IKZF1,RPS6KA3,1
IKZF1,CSTF2,1
IKZF1,IRF9,1
IKZF1,PPAT,1
IKZF1,FAM76B,1
IKZF1,DNAJC10,1
IKZF1,ABCB8,1
IKZF1,UBA7,1
IKZF1,CYBC1,1
IKZF1,INTS13,1
IKZF1,TIPIN,1
IKZF1,JUN,1
IKZF1,POLE3,1
IKZF1,CDT1,1
IKZF1,PGLYRP2,1
IKZF1,CDC7,1
IKZF1,SDF2L1,1
IKZF1,CSF2RB,1
IKZF1,SNRPB,1
IKZF1,SGMS1,1
IKZF1,GBP3,1
IKZF1,METTL7A1,1
IKZF1,TYROBP,1
IKZF1,SLA2,1
IKZF1,MTREX,1
IKZF1,1700017B05RIK,1
IKZF1,SERPINA3G,1
IKZF1,4833439L19RIK,1
IKZF1,FCHO2,1
IKZF1,AKNA,1
IKZF1,ZBTB20,1
IKZF1,TSPAN14,1
IKZF1,GIMAP6,1
IKZF1,METAP1,1
IKZF1,SAMD9L,1
IKZF1,PANX1,1
IKZF1,ATAD1,1
IKZF1,DCAF13,1
IKZF1,ATF7,1
IKZF1,GTF2F1,1
IKZF1,TARS,1
IKZF1,RAD51,1
IKZF1,MCM4,1
IKZF1,KCTD12,1
IKZF1,CYP2J9,1
IKZF1,ARL8B,1
IKZF1,SLC25A46,1
IKZF1,ZDHHC13,1
IKZF1,TBC1D10C,1
IKZF1,DHRS3,1
IKZF1,PRKCH,1
IKZF1,TIMM29,1
IKZF1,CD69,1
IKZF1,MAML3,1
IKZF1,MFSD1,1
IKZF1,ZBTB38,1
IKZF1,SNAP23,1
IKZF1,RANBP3,1
IKZF1,ZNRF2,1
IKZF1,TUBGCP3,1
IKZF1,DHX33,1
IKZF1,CSGALNACT2,1
IKZF1,GIMAP5,1
IKZF1,DENND1C,1
IKZF1,ZFP945,1
IKZF1,GLIPR2,1
IKZF1,TCP11L2,1
IKZF1,LAPTM4B,1
IKZF1,GUSB,1
IKZF1,ANXA5,1
IKZF1,ABL1,1
IKZF1,OSBPL1A,1
IKZF1,RFC4,1
IKZF1,EYA2,1
IKZF1,DEK,1
IKZF1,RRM1,1
IKZF1,TMEM173,1
IKZF1,USP37,1
IKZF1,FIGNL1,1
IKZF1,GFI1B,1
IKZF1,PTDSS1,1
IKZF1,CTLA2A,1
IKZF1,BTAF1,1
IKZF1,REL,1
IKZF1,MFNG,1
IKZF1,CTLA2B,1
IKZF1,NAMPT,1
IKZF1,SALL2,1
IKZF1,ITGAL,1
IKZF1,LONP1,1
IKZF1,MFSD14B,1
IKZF1,TK1,1
IKZF1,TES,1
IKZF1,DPP8,1
IKZF1,CLN5,1
IKZF1,DNAJC5,1
IKZF1,COPB1,1
IKZF1,PRIM2,1
IKZF1,FOXRED1,1
IKZF1,MLKL,1
IKZF1,CTSO,1
IKZF1,FEM1B,1
IKZF1,BC035044,1
IKZF1,PREP,1
IKZF1,MCM6,1
IKZF1,NUDT19,1
IKZF1,MOB3C,1
IKZF1,DNAJC11,1
IKZF1,SLC30A5,1
IKZF1,MAPK1,1
IKZF1,XAF1,1
IKZF1,TESPA1,1
IKZF1,RCSD1,1
IKZF1,FAM111A,1
IKZF1,TTF2,1
IKZF1,JARID2,1
IKZF1,SEH1L,1
IKZF1,ANXA1,1
IKZF1,STAT2,1
IKZF1,DUS1L,1
IKZF1,ATG12,1
IKZF1,AP3S1,1
IKZF1,PHB2,1
IKZF1,SPI1,1
IKZF1,CLEC12A,1
IKZF1,REXO4,1
IKZF1,H1F0,1
IKZF1,CDCA8,1
IKZF1,RTP4,1
IKZF1,IPO9,1
IKZF1,MXD3,1
IKZF1,MICU1,1
IKZF1,MKI67,1
IKZF1,NOP2,1
IKZF1,IRGM2,1
IKZF1,JPT2,1
IKZF1,RARS,1
IKZF1,CUL3,1
IKZF1,USP11,1
IKZF1,E2F8,1
IKZF1,MARS,1
IKZF1,KLF6,1
IKZF1,EZR,1
IKZF1,EML4,1
IKZF1,PCMTD1,1
IKZF1,TOR3A,1
IKZF1,RELB,1
IKZF1,MMRN1,1
IKZF1,INO80D,1
IKZF1,RUVBL2,1
IKZF1,UHRF1,1
IKZF1,NDRG1,1
IKZF1,EPB41L4B,1
IKZF1,MYC,1
IKZF1,RABGGTB,1
IKZF1,MYO1G,1
IKZF1,SHMT1,1
IKZF1,UTP4,1
IKZF1,RGS2,1
IKZF1,PNO1,1
IKZF1,SRSF1,1
IKZF1,MCM2,1
IKZF1,LCP2,1
IKZF1,GNS,1
IKZF1,SMARCA2,1
IKZF1,CENPK,1
IKZF1,ZFP367,1
IKZF1,MYCN,1
IKZF1,GIMAP1,1
IKZF1,ATP11C,1
IKZF1,BCL2,1
IKZF1,POLR2B,1
IKZF1,DLST,1
IKZF1,TMX4,1
IKZF1,GSR,1
IKZF1,LYN,1
IKZF1,HMGB2,1
IKZF1,AHCYL1,1
IKZF1,CD53,1
IKZF1,ITSN1,1
IKZF1,CCNB2,1
IKZF1,IARS,1
IKZF1,VPS35,1
IKZF1,PRPF4,1
IKZF1,ORC6,1
IKZF1,FLT3,1
IKZF1,TRPS1,1
IKZF1,PLAA,1
IKZF1,TOP2A,1
IKZF1,PRKCQ,1
IKZF1,HELLS,1
IKZF1,CBFB,1
IKZF1,EPSTI1,1
IKZF1,IL27RA,1
IKZF1,PCLAF,1
IKZF1,CYB5R1,1
IKZF1,MCM7,1
IKZF1,NFKBIA,1
IKZF1,PFKP,1
IKZF1,ST8SIA4,1
IKZF1,UAP1,1
IKZF1,TM6SF1,1
IKZF1,ATP13A1,1
IKZF1,BID,1
IKZF1,HDAC7,1
IKZF1,ZFP451,1
IKZF1,APLP2,1
IKZF1,EBF1,1
IKZF1,RMND5A,1
IKZF1,CYP2J6,1
IKZF1,CKAP5,1
IKZF1,LIG1,1
IKZF1,WDR4,1
IKZF1,CDCA4,1
IKZF1,MLLT3,1
IKZF1,GMCL1,1
IKZF1,GMNN,1
IKZF1,TNFRSF21,1
IKZF1,RANGAP1,1
IKZF1,DNM1L,1
IKZF1,GTF2H1,1
IKZF1,COLGALT1,1
IKZF1,ITIH5,1
IKZF1,HDAC2,1
IKZF1,TCIRG1,1
IKZF1,FOXO1,1
IKZF1,POR,1
IKZF1,TACC3,1
IKZF1,PRODH,1
IKZF1,MCM5,1
IKZF1,NCAPD2,1
IKZF1,RNF4,1
IKZF1,CALCRL,1
IKZF1,TPM4,1
IKZF1,TXNDC11,1
IKZF1,APBB1,1
IKZF1,RGCC,1
IKZF1,PRSS57,1
IKZF1,GALNT6,1
IKZF1,SLC35B4,1
IKZF1,E2F4,1
IKZF1,PTTG1IP,1
IKZF1,ABHD17B,1
IKZF1,TUBGCP2,1
IKZF1,XPNPEP1,1
IKZF1,PARP8,1
IKZF1,CD48,1
IKZF1,UBE2L6,1
IKZF1,MOGS,1
IKZF1,BTG2,1
IKZF1,COQ8A,1
IKZF1,CNIH1,1
IKZF1,NDE1,1
IKZF1,CCDC137,1
IKZF1,MYB,1
IKZF1,ADO,1
IKZF1,TMEM43,1
IKZF1,CDC45,1
IKZF1,RRM2,1
IKZF1,ORC2,1
IKZF1,PRPS2,1
IKZF1,ERCC8,1
IKZF1,PHF10,1
IKZF1,AGPS,1
IKZF1,ZEB2,1
IKZF1,ADSSL1,1
IKZF1,ACOT9,1
IKZF1,ARHGEF18,1
IKZF1,WDR5,1
IKZF1,ICAM1,1
IKZF1,HNRNPAB,1
IKZF1,RCC1,1
IKZF1,PSAT1,1
IKZF1,SETD2,1
IKZF1,PUS7,1
IKZF1,DUSP1,1
IKZF1,RPS6KA5,1
IKZF1,PCMTD2,1
IKZF1,NFATC2,1
IKZF1,ATP8B4,1
IKZF1,MYO5A,1
IKZF1,PRIM1,1
IKZF1,FASTKD2,1
IKZF1,RFC5,1
IKZF1,SNX30,1
IKZF1,SATB1,1
IKZF1,CERS4,1
IKZF1,CAD,1
IKZF1,VAV3,1
IKZF1,IGTP,1
IKZF1,TMEM206,1
IKZF1,TRIM47,1
IKZF1,POLR1B,1
IKZF1,NCLN,1
IKZF1,SLC2A3,1
IKZF1,CCL4,1
IKZF1,EGR1,1
IKZF1,FGFR1OP,1
IKZF1,RASSF4,1
IKZF1,CD300A,1
IKZF1,SCARB1,1
IKZF1,HDGF,1
IKZF1,SLC28A2,1
IKZF1,FES,1
IKZF1,KPNA3,1
IKZF1,OTULINL,1
IKZF1,GMIP,1
IKZF1,BC005561,1
IKZF1,TRIB3,1
IKZF1,HLF,1
IKZF1,SESN1,1
IKZF1,IL21R,1
IKZF1,CYP4V3,1
IKZF1,PAK1,1
IKZF1,LAP3,1
IKZF1,HACD3,1
IKZF1,ABCG2,1
IKZF1,MGAT5,1
IKZF1,H2-OB,1
IKZF1,AURKB,1
IKZF1,HDAC11,1
IKZF1,ALDH9A1,1
IKZF1,ATP6AP2,1
IKZF1,TGTP2,1
IKZF1,RPA1,1
IKZF1,ZFP467,1
IKZF1,ERLIN1,1
IKZF1,SLC43A3,1
IKZF1,PSEN1,1
IKZF1,HCFC1,1
IKZF1,GOLT1B,1
IKZF1,TBC1D9B,1
IKZF1,PTGS1,1
IKZF1,CDC6,1
IKZF1,EIF1AD,1
IKZF1,FTSJ3,1
IKZF1,FRRS1,1
IKZF1,SELL,1
IKZF1,RAB37,1
IKZF1,ELMO2,1
IKZF1,S100A6,1
IKZF1,LMO4,1
IKZF1,CASP1,1
IKZF1,PRELID3B,1
IKZF1,CD82,1
IKZF1,TAF12,1
IKZF1,MYO1F,1
IKZF1,ISYNA1,1
IKZF1,STT3B,1
IKZF1,PHF6,1
IKZF1,TRIM59,1
IKZF1,SORT1,1
IKZF1,TSC22D3,1
IKZF1,LGALS1,1
IKZF1,FAM91A1,1
IKZF1,WDR55,1
IKZF1,G6PDX,1
IKZF1,IRF8,1
IKZF1,GOLPH3,1
IKZF1,CTR9,1
IKZF1,IARS2,1
IKZF1,LTB,1
IKZF1,EPAS1,1
IKZF1,ARHGEF39,1
IKZF1,DHFR,1
IKZF1,UMPS,1
IKZF1,PIM2,1
IKZF1,CTSZ,1
IKZF1,FUT7,1
IKZF1,RHOF,1
IKZF1,CNRIP1,1
IKZF1,TM7SF3,1
IKZF1,GBP2,1
IKZF1,ARL11,1
IKZF1,MED16,1
IKZF1,SLA,1
IKZF1,CST7,1
IKZF1,INPP5B,1
IKZF1,CERK,1
IKZF1,FDFT1,1
IKZF1,LDHB,1
IKZF1,SLC39A6,1
IKZF1,ELP2,1
IKZF1,DEF8,1
IKZF1,TFR2,1
IKZF1,MAGED2,1
IKZF1,DOK2,1
IKZF1,DENND2D,1
IKZF1,FLNB,1
IKZF1,NAP1L3,1
IKZF1,GCNT2,1
IKZF1,RGS1,1
IKZF1,GNG12,1
IKZF1,SLC19A1,1
IKZF1,GM5111,1
IKZF1,TCN2,1
IKZF1,ALAS1,1
IKZF1,RORC,1
IKZF1,HEXA,1
IKZF1,ZFP36,1
IKZF1,CFP,1
IKZF1,UBL4A,1
IKZF1,CBX7,1
IKZF1,NUPR1,1
IKZF1,MAN2A2,1
IKZF1,CCDC50,1
IKZF1,PLD3,1
IKZF1,CREB5,1
IKZF1,PTGR1,1
IKZF1,EBI3,1
IKZF1,RASA4,1
IKZF1,GRIA3,1
IKZF1,RPP40,1
IKZF1,PLXNC1,1
IKZF1,PLAG1,1
IKZF1,RORA,1
IKZF1,YBX1,1
IKZF1,DDX58,1
IKZF1,MSMO1,1
IKZF1,SMPDL3A,1
IKZF1,GPR65,1
IKZF1,AKAP8L,1
IKZF1,FGL2,1
IKZF1,TMEM50B,1
IKZF1,TGM2,1
IKZF1,GPR160,1
IKZF1,SLCO3A1,1
IKZF1,GANAB,1
IKZF1,PADI4,1
IKZF1,SERPINB1A,1
IKZF1,RAB31,1
IKZF1,USP10,1
IKZF1,APOE,1
IKZF1,ST6GALNAC4,1
IKZF1,GRK3,1
IKZF1,MTFR1,1
IKZF1,MRPL37,1
IKZF1,MS4A6C,1
IKZF1,MEIS1,1
IKZF1,TLE2,1
IKZF1,TMEM97,1
IKZF1,GRINA,1
IKZF1,METTL27,1
IKZF1,F11R,1
IKZF1,PLEK,1
IKZF1,SPNS2,1
IKZF1,NFAM1,1
IKZF1,BACE1,1
IKZF1,H2-AA,1
IKZF1,NEURL3,1
IKZF1,PEAR1,1
IKZF1,PBX1,1
IKZF1,IRF7,1
IKZF1,HACD4,1
IKZF1,RAB44,1
IKZF1,EMILIN1,1
IKZF1,FLOT2,1
IKZF1,CASP4,1
IKZF1,SLC44A2,1
IKZF1,NSD2,1
IKZF1,MAPKAPK3,1
IKZF1,NFIA,1
IKZF1,IRF6,1
IKZF1,RP2,1
IKZF1,SPNS3,1
IKZF1,XRCC3,1
IKZF1,ADA,1
IKZF1,SLC18A2,1
IKZF1,SELENBP1,1
IKZF1,HIF3A,1
IKZF1,LY6A,1
IKZF1,IL12A,1
IKZF1,BATF2,1
IKZF1,BTK,1
IKZF1,CASP12,1
IKZF1,TNIP3,1
IKZF1,IFI44,1
IRF8,CYBC1,1
IRF8,TLR4,1
IRF8,GBP7,1
IRF8,GBP3,1
IRF8,PHF11B,1
IRF8,ZEB2,1
IRF8,IRGM2,1
IRF8,CD53,1
IRF8,IGTP,1
IRF8,CASP1,1
IRF8,GNS,1
IRF8,RTP4,1
IRF8,ICAM1,1
IRF8,SAMD9L,1
IRF8,TMEM229B,1
IRF8,FOXRED1,1
IRF8,OASL2,1
IRF8,CLEC12A,1
IRF8,CFP,1
IRF8,ZFP945,1
IRF8,FES,1
IRF8,TGTP2,1
IRF8,GIMAP6,1
IRF8,NCEH1,1
IRF8,ARID3B,1
IRF8,GBP2,1
IRF8,ARID5A,1
IRF8,METTL7A1,1
IRF8,ARL8B,1
IRF8,FCER1G,1
IRF8,SNX30,1
IRF8,XAF1,1
IRF8,ELF1,1
IRF8,UBA7,1
IRF8,PFKP,1
IRF8,UNC93B1,1
IRF8,BC035044,1
IRF8,DEK,1
IRF8,CTSZ,1
IRF8,TRIM35,1
IRF8,CD74,1
IRF8,NAMPT,1
IRF8,DNAJC10,1
IRF8,H2-AA,1
IRF8,E2F8,1
IRF8,STAT2,1
IRF8,EPSTI1,1
IRF8,VAV3,1
IRF8,CD300A,1
IRF8,CLN5,1
IRF8,CSF2RB,1
IRF8,ELMO2,1
IRF8,GRK3,1
IRF8,FTSJ3,1
IRF8,ACOT9,1
IRF8,ATAD1,1
IRF8,ATP8B4,1
IRF8,MLKL,1
IRF8,IL12A,1
IRF8,TM6SF1,1
IRF8,APOE,1
IRF8,TNFRSF21,1
IRF8,EBI3,1
IRF8,MS4A6C,1
IRF8,SERPINB9,1
IRF8,NFAM1,1
IRF8,ME2,1
IRF8,HELLS,1
IRF8,IKZF1,1
IRF8,CYP4V3,1
IRF8,FCGR2B,1
IRF8,CD48,1
IRF8,NSD2,1
IRF8,ST6GALNAC4,1
IRF8,TCIRG1,1
IRF8,RARB,1
IRF8,NCF1,1
IRF8,CTSO,1
IRF8,NFATC2,1
IRF8,INTS13,1
IRF8,BID,1
IRF8,MIS12,1
IRF8,TBC1D10C,1
IRF8,NDRG1,1
IRF8,CDCA4,1
IRF8,UBE2L6,1
IRF8,GMIP,1
IRF8,CTLA2B,1
IRF8,GALNT6,1
IRF8,CD82,1
IRF8,NCLN,1
IRF8,H2-OB,1
IRF8,TMX3,1
IRF8,ITGAL,1
IRF8,DDX20,1
IRF8,DENND2D,1
IRF8,IRF9,1
IRF8,LY6C2,1
IRF8,NUDT19,1
IRF8,TESPA1,1
IRF8,IGSF6,1
IRF8,TBC1D5,1
IRF8,CNRIP1,1
IRF8,TMEM173,1
IRF8,PSEN1,1
IRF8,FUT7,1
IRF8,NFAT5,1
IRF8,WDR5,1
IRF8,DPP8,1
IRF8,ZDHHC13,1
IRF8,FAM76B,1
IRF8,TYROBP,1
IRF8,TMEM206,1
IRF8,BTK,1
IRF8,ZDHHC6,1
IRF8,TFG,1
IRF8,ZFP367,1
IRF8,KCTD12,1
IRF8,XRCC6,1
IRF8,PLEK,1
IRF8,EIF1AD,1
IRF8,SCARB1,1
IRF8,IDH1,1
IRF8,LCP2,1
IRF8,GFI1B,1
IRF8,MYO1G,1
IRF8,EZR,1
IRF8,EML4,1
IRF8,LDHB,1
IRF8,ABCB8,1
IRF8,SERPINA3G,1
IRF8,CST7,1
IRF8,FGFR1OP,1
IRF8,DUS1L,1
IRF8,DHRS3,1
IRF8,CYB5R1,1
IRF8,CCDC137,1
IRF8,SRSF1,1
IRF8,ABL1,1
IRF8,ARL11,1
IRF8,UMPS,1
IRF8,TCF19,1
IRF8,TES,1
IRF8,METAP1,1
IRF8,HACD4,1
IRF8,TIMM29,1
IRF8,MCM7,1
IRF8,PLIN3,1
IRF8,RPRD1B,1
IRF8,REXO4,1
IRF8,PRIM2,1
IRF8,ZFP35,1
IRF8,CREB5,1
IRF8,GUSB,1
IRF8,HACD3,1
IRF8,MCM4,1
IRF8,GIMAP5,1
IRF8,MORC3,1
IRF8,TBXAS1,1
IRF8,PTGS1,1
IRF8,RP2,1
IRF8,SGMS1,1
IRF8,CNIH1,1
IRF8,MARS,1
IRF8,LONP2,1
IRF8,B230219D22RIK,1
IRF8,PLEKHO2,1
IRF8,DENND1C,1
IRF8,CENPK,1
IRF8,ARHGEF39,1
IRF8,OTUD6B,1
IRF8,IIGP1,1
IRF8,CBFB,1
IRF8,S100A6,1
IRF8,BTAF1,1
IRF8,NOP2,1
IRF8,BATF2,1
IRF8,GMFB,1
IRF8,TOP3B,1
IRF8,UBR7,1
IRF8,DNM1L,1
IRF8,TBL3,1
IRF8,E2F4,1
IRF8,DOK2,1
IRF8,NAP1L3,1
IRF8,ATP6AP2,1
IRF8,PSAT1,1
IRF8,MIS18BP1,1
IRF8,GTF2H1,1
IRF8,1700017B05RIK,1
IRF8,XPC,1
IRF8,GCNT2,1
IRF8,SCARF1,1
IRF8,RANGAP1,1
IRF8,CCL4,1
IRF8,STT3B,1
IRF8,USP10,1
IRF8,FAM111A,1
IRF8,CHORDC1,1
IRF8,RPP40,1
IRF8,TSPAN14,1
IRF8,INO80D,1
IRF8,VSIR,1
IRF8,GM1966,1
IRF8,MEIS1,1
IRF8,PRPF4,1
IRF8,HIF3A,1
IRF8,CALCRL,1
IRF8,FEM1B,1
IRF8,NUP107,1
IRF8,MYO5A,1
IRF8,DHX33,1
IRF8,HDGF,1
IRF8,SMARCA2,1
IRF8,MS4A3,1
IRF8,ZBTB20,1
IRF8,CLPTM1L,1
IRF8,TRPS1,1
IRF8,KAT7,1
IRF8,FCGR3,1
IRF8,CASP4,1
IRF8,RNF4,1
IRF8,INPP5B,1
IRF8,PHB2,1
IRF8,PLD3,1
IRF8,NUPR1,1
IRF8,MYC,1
JUN,CREB5,1
JUN,CDT1,1
JUN,COLGALT1,1
JUN,TMX4,1
JUN,BTG2,1
JUN,GUSB,1
JUN,ABCB8,1
JUN,TRIM47,1
JUN,ATP8B4,1
JUN,CLEC12A,1
JUN,CCL4,1
JUN,NEURL3,1
JUN,PPP1R15A,1
JUN,CISH,1
JUN,PLEK,1
JUN,SPI1,1
JUN,TMEM229B,1
JUN,TGM2,1
JUN,UBA7,1
JUN,GBP3,1
JUN,ATAD1,1
JUN,NFKBIA,1
JUN,TCIRG1,1
JUN,KLF6,1
JUN,PLD3,1
JUN,HK3,1
JUN,TPM4,1
JUN,TRIB3,1
JUN,SLC30A5,1
JUN,EBI3,1
JUN,EZR,1
JUN,XAF1,1
JUN,DUSP1,1
JUN,ELMO2,1
JUN,RTP4,1
JUN,ELF1,1
JUN,PLIN3,1
JUN,SMARCA2,1
JUN,NAMPT,1
JUN,GBP7,1
JUN,TUBGCP2,1
JUN,ANXA2,1
JUN,CYP4V3,1
JUN,CFP,1
JUN,UBE2L6,1
JUN,MARS,1
JUN,RUVBL2,1
JUN,TFG,1
JUN,CTLA2B,1
JUN,DEF8,1
JUN,RANGAP1,1
JUN,UAP1,1
JUN,GBP2,1
JUN,TNIP3,1
JUN,ZEB2,1
JUN,TXNDC11,1
JUN,REL,1
JUN,BTAF1,1
JUN,PHF11B,1
JUN,RFC4,1
JUN,ARL11,1
JUN,FIGNL1,1
JUN,SGMS1,1
JUN,FEM1B,1
JUN,E2F8,1
JUN,DHX33,1
JUN,CTC1,1
JUN,GOLPH3,1
JUN,TOR3A,1
JUN,PAK1,1
JUN,IGSF6,1
JUN,GALNT6,1
JUN,NUP107,1
JUN,TMEM43,1
JUN,RGCC,1
JUN,TNFRSF21,1
JUN,SMPDL3A,1
JUN,KPNA3,1
JUN,ARID3B,1
JUN,LONP1,1
JUN,TYROBP,1
JUN,ZFP367,1
JUN,GIMAP6,1
JUN,RGS1,1
JUN,DDX20,1
JUN,NFE2,1
JUN,CALCRL,1
JUN,PCMTD1,1
JUN,CASP4,1
JUN,CLPTM1L,1
JUN,STAT2,1
JUN,AHCYL1,1
JUN,IDH1,1
JUN,GNS,1
JUN,ARID5A,1
JUN,KAT7,1
JUN,UHRF1,1
JUN,TBXAS1,1
JUN,MICU1,1
JUN,DNAJC10,1
JUN,TLR4,1
JUN,S100A6,1
JUN,VDR,1
JUN,RAB44,1
JUN,GTF2F1,1
JUN,FOXRED1,1
JUN,FAM111A,1
JUN,ZFP945,1
JUN,AKNA,1
JUN,FAM136A,1
JUN,NUPR1,1
JUN,RCC1,1
JUN,RARB,1
JUN,CTSZ,1
JUN,RELB,1
JUN,TBL3,1
JUN,LDHB,1
JUN,KCTD12,1
JUN,ERLIN1,1
JUN,ADSSL1,1
JUN,CD53,1
JUN,CD69,1
JUN,POR,1
JUN,ARL8B,1
JUN,LY6A,1
JUN,MTREX,1
JUN,ME2,1
JUN,TIMM29,1
JUN,XRCC6,1
JUN,NADK,1
JUN,DPP8,1
JUN,XPNPEP1,1
JUN,CST7,1
JUN,ARL6IP6,1
JUN,DENND1C,1
JUN,PHB2,1
JUN,BCL2,1
JUN,ATF7,1
JUN,GCNT2,1
JUN,CHORDC1,1
JUN,MAPKAPK3,1
JUN,TARS,1
JUN,TES,1
JUN,PSEN1,1
JUN,RMND5A,1
JUN,MTMR6,1
JUN,SDF2L1,1
JUN,ANXA5,1
JUN,CDCA4,1
JUN,SESN1,1
JUN,ZDHHC13,1
JUN,DOK2,1
JUN,HDGF,1
JUN,METTL7A1,1
JUN,CUL3,1
JUN,PLAA,1
JUN,PROCR,1
JUN,FCGR3,1
JUN,SERPINA3G,1
JUN,TBC1D10C,1
JUN,SAMD9L,1
JUN,MYO5A,1
JUN,PLEKHO2,1
JUN,CD82,1
JUN,MKI67,1
JUN,NDRG1,1
JUN,ITSN1,1
JUN,ZFP35,1
JUN,RRM1,1
JUN,GTF2H1,1
JUN,FAM76B,1
JUN,TRPS1,1
JUN,ZFP451,1
JUN,DCAF13,1
JUN,CYB5R1,1
JUN,CD300A,1
JUN,FGFR1OP,1
JUN,ADO,1
JUN,HP,1
JUN,MS4A6C,1
JUN,ACOX1,1
JUN,MSMO1,1
JUN,RORA,1
JUN,B230219D22RIK,1
JUN,TOPORS,1
JUN,MAD2L1,1
JUN,HACD4,1
JUN,RASA4,1
JUN,PA2G4,1
JUN,RAD51,1
JUN,WDR4,1
JUN,FDFT1,1
JUN,POLR2B,1
JUN,PSAT1,1
JUN,MED16,1
JUN,INTS13,1
JUN,CLN5,1
JUN,DENND2D,1
JUN,DLST,1
JUN,NOP2,1
JUN,GMFB,1
JUN,USP37,1
JUN,TOP3B,1
JUN,UMPS,1
JUN,TBC1D5,1
JUN,CASP1,1
JUN,GSR,1
JUN,LAPTM4B,1
JUN,DNAJC5,1
JUN,TSPAN14,1
JUN,XPC,1
JUN,CCDC137,1
JUN,IRF9,1
JUN,DUS1L,1
JUN,METAP1,1
JUN,BC005561,1
JUN,PARP8,1
JUN,ICAM1,1
JUN,TMEM97,1
JUN,GRK3,1
JUN,ACAA2,1
JUN,MOGS,1
JUN,SCARB1,1
JUN,VAV3,1
JUN,RARS,1
JUN,LONP2,1
JUN,CDC45,1
JUN,PRPF4,1
JUN,INO80D,1
JUN,FUCA2,1
JUN,ORC2,1
JUN,MORC3,1
JUN,CSF3R,1
JUN,MCM4,1
JUN,SETD2,1
JUN,POLD1,1
JUN,CHRNB1,1
JUN,POLR1B,1
JUN,SRSF1,1
JUN,MLKL,1
JUN,HLF,1
JUN,PRMT7,1
JUN,ABHD17B,1
JUN,ITGAL,1
JUN,MIS18BP1,1
JUN,PDZK1IP1,1
JUN,APOE,1
JUN,CBFB,1
JUN,TRIM35,1
JUN,NCEH1,1
JUN,CTSL,1
JUN,AKAP8L,1
JUN,SEH1L,1
JUN,ANXA3,1
JUN,EML4,1
JUN,DEK,1
JUN,CCDC50,1
JUN,IPO9,1
JUN,MYO1F,1
JUN,IARS2,1
JUN,PTTG1IP,1
JUN,IARS,1
JUN,ARHGEF39,1
JUN,LCP2,1
JUN,CYBC1,1
JUN,TACC3,1
JUN,PRIM2,1
JUN,E2F4,1
JUN,APBB1,1
JUN,ALAS1,1
JUN,PLAG1,1
JUN,COPB1,1
JUN,OASL2,1
JUN,TCF19,1
JUN,DNAJC11,1
JUN,BATF2,1
JUN,IKZF1,1
JUN,CDC6,1
JUN,SNX30,1
JUN,RABGGTB,1
JUN,DDX58,1
JUN,GLB1,1
JUN,FASTKD2,1
JUN,BID,1
JUN,PIM2,1
JUN,GANAB,1
JUN,CD74,1
JUN,CSGALNACT2,1
JUN,SHMT1,1
JUN,RPA2,1
JUN,MFSD14B,1
JUN,FCER1G,1
JUN,ANXA1,1
JUN,OTUD6B,1
JUN,CTR9,1
JUN,ZNRF2,1
JUN,GMCL1,1
JUN,NCLN,1
JUN,RANBP3,1
JUN,PRELID3B,1
JUN,CNRIP1,1
JUN,SLC39A6,1
JUN,UBR7,1
JUN,MCM5,1
JUN,TMEM206,1
JUN,1700017B05RIK,1
JUN,SLC35B4,1
JUN,CENPK,1
JUN,RCSD1,1
JUN,METTL27,1
JUN,DHRS3,1
JUN,RGS2,1
JUN,CSF2RB,1
JUN,NFAT5,1
JUN,OSBPL1A,1
JUN,SLC2A3,1
JUN,EGR1,1
JUN,CD52,1
JUN,SLC43A3,1
JUN,F11R,1
JUN,PTDSS1,1
JUN,EMILIN1,1
JUN,MCM2,1
JUN,MAPK1,1
JUN,TCP11L2,1
JUN,PBX1,1
JUN,MFSD1,1
JUN,ST6GALNAC4,1
JUN,FGL2,1
JUN,TIPIN,1
JUN,SERPINB9,1
JUN,HDAC2,1
JUN,NFAM1,1
JUN,CDCA8,1
JUN,RFC5,1
JUN,HEXA,1
JUN,H2-AA,1
JUN,ZFP24,1
JUN,PPAT,1
JUN,ELP2,1
JUN,RNF4,1
JUN,CCL9,1
JUN,BC035044,1
JUN,RPA1,1
JUN,MCM7,1
JUN,FES,1
JUN,USP10,1
JUN,ZDHHC6,1
JUN,TMX3,1
JUN,LIG1,1
JUN,RPRD1B,1
JUN,FRRS1,1
JUN,CSTF2,1
JUN,ACOT9,1
JUN,POLE3,1
JUN,LYN,1
JUN,ALDH9A1,1
JUN,FAM91A1,1
JUN,MIS12,1
JUN,HNRNPAB,1
JUN,IL21R,1
JUN,EYA2,1
JUN,LMO4,1
JUN,APLP2,1
JUN,PFKP,1
JUN,MAP4K2,1
JUN,PREP,1
JUN,RPS6KA5,1
JUN,DHFR,1
JUN,ABL1,1
JUN,HMGB2,1
JUN,NCF1,1
JUN,SATB1,1
JUN,IRGM2,1
JUN,OTULINL,1
JUN,RB1,1
JUN,TUBGCP3,1
JUN,ATP13A1,1
JUN,IL27RA,1
JUN,TBC1D9B,1
JUN,WDR5,1
JUN,LAP3,1
JUN,ATG12,1
JUN,AP3S1,1
JUN,WDR55,1
JUN,INPP5B,1
JUN,MEIS1,1
JUN,MXD3,1
JUN,ATP6AP2,1
JUN,ERCC8,1
JUN,SLC19A1,1
JUN,PBK,1
JUN,MRPL37,1
JUN,TTF2,1
JUN,NDE1,1
JUN,PRKCH,1
JUN,MOB3C,1
JUN,JARID2,1
JUN,FTSJ3,1
JUN,NCAPD2,1
JUN,TSC22D3,1
JUN,GMNN,1
JUN,TYMS,1
JUN,JPT2,1
JUN,PRODH,1
JUN,UNC93B1,1
JUN,TRMT11,1
JUN,SNAP47,1
JUN,STT3B,1
JUN,TMEM50B,1
JUN,CYP2J6,1
JUN,STXBP4,1
JUN,FAR1,1
JUN,GFI1B,1
JUN,ISYNA1,1
JUN,HDAC7,1
JUN,YBX1,1
JUN,PNO1,1
JUN,IGTP,1
JUN,PTGS1,1
JUN,PADI4,1
JUN,PCMTD2,1
JUN,TRIM59,1
JUN,PANX1,1
JUN,REXO4,1
JUN,MSH6,1
JUN,FLNB,1
JUN,MYC,1
JUN,DNM1L,1
JUN,MAML3,1
JUN,TAF12,1
JUN,PUS7,1
JUN,CDC7,1
JUN,MLLT3,1
JUN,CCNB2,1
JUN,SSH3,1
JUN,PCLAF,1
JUN,GRINA,1
JUN,FCHO2,1
JUN,CTSO,1
JUN,FUT7,1
JUN,SERPINB1A,1
JUN,H1F0,1
JUN,IRF8,1
JUN,GPR65,1
JUN,NUDT19,1
JUN,CNIH1,1
JUN,PEAR1,1
JUN,GOLT1B,1
JUN,TM6SF1,1
JUN,CAD,1
JUN,CERK,1
JUN,ATP11C,1
JUN,MCM3,1
JUN,SNRPB,1
JUN,ATP6AP1,1
JUN,COQ8A,1
JUN,VSIR,1
JUN,ZBTB38,1
JUN,CSRP3,1
JUN,GLIPR2,1
JUN,VPS35,1
JUN,RAB31,1
JUN,ORC6,1
JUN,CKAP5,1
JUN,GPR160,1
JUN,UTP4,1
JUN,TOP2A,1
JUN,SLA2,1
JUN,RPS6KA3,1
JUN,NR3C2,1
JUN,SELENBP1,1
JUN,IFI44,1
JUN,RPP40,1
JUN,ABCG2,1
JUN,RORC,1
JUN,XRCC3,1
JUN,BTK,1
JUN,AGPS,1
JUN,ST8SIA4,1
JUN,CSAD,1
JUN,MCM6,1
JUN,EBF1,1
JUN,SLC25A46,1
JUN,SNAP23,1
JUN,4833439L19RIK,1
JUN,SLC44A2,1
JUN,EPAS1,1
JUN,SCARF1,1
JUN,HELLS,1
JUN,PSTPIP1,1
JUN,RAB37,1
JUN,ZBTB20,1
JUN,MYO1G,1
JUN,HCFC1,1
JUN,IL12A,1
JUN,PRDM16,1
JUN,PRIM1,1
JUN,RP2,1
JUN,TK1,1
JUN,MYCN,1
JUN,GNG12,1
JUN,MTFR1,1
JUN,MGAT5,1
JUN,FCGR2B,1
JUN,TESPA1,1
JUN,KRT18,1
JUN,IRF6,1
JUN,TM7SF3,1
JUN,PHF10,1
JUN,TFR2,1
JUN,H2-OB,1
JUN,FOXO1,1
JUN,SPNS2,1
JUN,SH2D5,1
JUN,EPSTI1,1
JUN,CSGALNACT1,1
JUN,MFNG,1
JUN,NFATC2,1
JUN,IRF7,1
JUN,SHISA8,1
JUN,GIMAP5,1
JUN,RRM2,1
JUN,CD48,1
JUN,RUNX1T1,1
JUN,ITM2A,1
JUN,LGALS1,1
JUN,SLC28A2,1
JUN,GMIP,1
JUN,MAN2A2,1
JUN,EIF1AD,1
JUN,MECOM,1
JUN,CERS4,1
JUN,CBX7,1
JUN,ARHGEF18,1
JUN,ZBTB16,1
JUN,ITIH5,1
JUN,PLXNC1,1
JUN,CD9,1
JUN,MAGED2,1
JUN,TGTP2,1
JUN,FLOT2,1
JUN,ZFP36,1
JUN,PGLYRP2,1
MEIS1,ZFP945,1
MEIS1,NEURL3,1
MEIS1,NUP107,1
MEIS1,FRRS1,1
MEIS1,JARID2,1
MEIS1,PTGS1,1
MEIS1,SELENBP1,1
MEIS1,SLC25A46,1
MEIS1,ACOX1,1
MEIS1,DCAF13,1
MEIS1,TMEM97,1
MEIS1,ERLIN1,1
MEIS1,MTMR6,1
MEIS1,GRINA,1
MEIS1,ARID5A,1
MEIS1,CD69,1
MEIS1,CTLA2A,1
MEIS1,ADO,1
MEIS1,TBC1D10C,1
MEIS1,ITIH5,1
MEIS1,SNX30,1
MEIS1,SMARCA2,1
MEIS1,METTL7A1,1
MEIS1,ANXA1,1
MEIS1,PCMTD1,1
MEIS1,ABCG2,1
MEIS1,TES,1
MEIS1,LONP2,1
MEIS1,FUT7,1
MEIS1,PTDSS1,1
MEIS1,GTF2H1,1
MEIS1,SPI1,1
MEIS1,OTULINL,1
MEIS1,CDC6,1
MEIS1,DDX20,1
MEIS1,PLAA,1
MEIS1,STT3B,1
MEIS1,ATP6AP2,1
MEIS1,CENPK,1
MEIS1,CDCA4,1
MEIS1,HACD4,1
MEIS1,SESN1,1
MEIS1,NFAT5,1
MEIS1,ADGRG3,1
MEIS1,ELANE,1
MEIS1,NFE2,1
MEIS1,NR3C2,1
MEIS1,UAP1,1
MEIS1,PCLAF,1
MEIS1,MORC3,1
MEIS1,RFC5,1
MEIS1,CD82,1
MEIS1,RRM1,1
MEIS1,TXNDC11,1
MEIS1,RPRD1B,1
MEIS1,MAPK1,1
MEIS1,ZFP367,1
MEIS1,TRPS1,1
MEIS1,ZFP451,1
MEIS1,TESPA1,1
MEIS1,REL,1
MEIS1,VAV3,1
MEIS1,NFATC2,1
MEIS1,PLAG1,1
MEIS1,MECOM,1
MEIS1,ELMO2,1
MEIS1,IRGM2,1
MEIS1,ZNRF2,1
MEIS1,GOLPH3,1
MEIS1,ATP8B4,1
MEIS1,FGL2,1
MEIS1,MARS,1
MEIS1,RFC4,1
MEIS1,ZDHHC13,1
MEIS1,NDRG1,1
MEIS1,XRCC6,1
MEIS1,SGMS1,1
MEIS1,MPO,1
MEIS1,CAD,1
MEIS1,INPP5B,1
MEIS1,GSR,1
MEIS1,MYO5A,1
MEIS1,WDR4,1
MEIS1,CLEC12A,1
MEIS1,TNFRSF21,1
MEIS1,IL12A,1
MEIS1,RAB44,1
MEIS1,PRMT7,1
MEIS1,PRELID3B,1
MEIS1,ANXA5,1
MEIS1,ABCB8,1
MEIS1,AHCYL1,1
MEIS1,METAP1,1
MEIS1,GOLT1B,1
MEIS1,MCM2,1
MEIS1,DNAJC5,1
MEIS1,INTS13,1
MEIS1,MCM7,1
MEIS1,ZBTB38,1
MEIS1,RABGGTB,1
MEIS1,PSAT1,1
MEIS1,XPNPEP1,1
MEIS1,GUSB,1
MEIS1,COLGALT1,1
MEIS1,MLKL,1
MEIS1,MTFR1,1
MEIS1,STAT2,1
MEIS1,CALCRL,1
MEIS1,FUCA2,1
MEIS1,GCNT2,1
MEIS1,HP,1
MEIS1,CDC45,1
MEIS1,FAM76B,1
MEIS1,PSEN1,1
MEIS1,FOXO1,1
MEIS1,MOB3C,1
MEIS1,PARP8,1
MEIS1,CHRNB1,1
MEIS1,IDH1,1
MEIS1,ITSN1,1
MEIS1,NADK,1
MEIS1,ISYNA1,1
MEIS1,TIMM29,1
MEIS1,SPNS2,1
MEIS1,DPP8,1
MEIS1,TMX4,1
MEIS1,PLD3,1
MEIS1,ABHD17B,1
MEIS1,TCN2,1
MEIS1,PLEKHO2,1
MEIS1,GM1966,1
MEIS1,CSF3R,1
MEIS1,SLC35B4,1
MEIS1,SDF2L1,1
MEIS1,AKNA,1
MEIS1,LONP1,1
MEIS1,EBI3,1
MEIS1,NUDT19,1
MEIS1,TAF12,1
MEIS1,ATAD1,1
MEIS1,VDR,1
MEIS1,PBX1,1
MEIS1,RARB,1
MEIS1,ACAA2,1
MEIS1,RARS,1
MEIS1,SERPINA3G,1
MEIS1,ME2,1
MEIS1,RUVBL2,1
MEIS1,SLCO3A1,1
MEIS1,CNRIP1,1
MEIS1,CTSL,1
MEIS1,USP37,1
MEIS1,POLD1,1
MEIS1,ZFP24,1
MEIS1,TFR2,1
MEIS1,TOP3B,1
MEIS1,TNIP3,1
MEIS1,CISH,1
MEIS1,CTR9,1
MEIS1,PREP,1
MEIS1,RANGAP1,1
MEIS1,ICAM1,1
MEIS1,LMO4,1
MEIS1,POLR2B,1
MEIS1,FAM91A1,1
MEIS1,SLC30A5,1
MEIS1,TSC22D3,1
MEIS1,SH2D5,1
MEIS1,CDT1,1
MEIS1,TUBGCP2,1
MEIS1,DUSP1,1
MEIS1,RAD51,1
MEIS1,CTLA2B,1
MEIS1,S100A6,1
MEIS1,PRIM2,1
MEIS1,CDCA8,1
MEIS1,PPAT,1
MEIS1,FCER1G,1
MEIS1,RNF4,1
MEIS1,MFSD1,1
MEIS1,NOP2,1
MEIS1,ELF1,1
MEIS1,RPA1,1
MEIS1,HCFC1,1
MEIS1,CTSG,1
MEIS1,HMGB2,1
MEIS1,TFG,1
MEIS1,CCL4,1
MEIS1,IARS,1
MEIS1,PA2G4,1
MEIS1,PLEK,1
MEIS1,NUPR1,1
MEIS1,XRCC3,1
MEIS1,RRM2,1
MEIS1,COPB1,1
MEIS1,ARL6IP6,1
MEIS1,SCARB1,1
MEIS1,GMCL1,1
MEIS1,NAMPT,1
MEIS1,MOGS,1
MEIS1,UBR7,1
MEIS1,SORT1,1
MEIS1,POR,1
MEIS1,MAML3,1
MEIS1,GALNT6,1
MEIS1,TBL3,1
MEIS1,LYN,1
MEIS1,RHOF,1
MEIS1,ADSSL1,1
MEIS1,FOXRED1,1
MEIS1,GPR160,1
MEIS1,MIS12,1
MEIS1,TACC3,1
MEIS1,TARS,1
MEIS1,TMEM206,1
MEIS1,RGCC,1
MEIS1,OSBPL1A,1
MEIS1,ARL11,1
MEIS1,TMEM43,1
MEIS1,PHF10,1
MEIS1,PEAR1,1
MEIS1,NFAM1,1
MEIS1,DNM1L,1
MEIS1,KAT7,1
MEIS1,TRIM35,1
MEIS1,DHRS3,1
MEIS1,FASTKD2,1
MEIS1,RGS2,1
MEIS1,MICU1,1
MEIS1,CYP4V3,1
MEIS1,PFKP,1
MEIS1,PLIN3,1
MEIS1,ARL8B,1
MEIS1,RPS6KA3,1
MEIS1,ST8SIA4,1
MEIS1,CASP4,1
MEIS1,ITGAL,1
MEIS1,IPO9,1
MEIS1,KCTD12,1
MEIS1,TRIB3,1
MEIS1,ATF7,1
MEIS1,METTL27,1
MEIS1,ARHGEF39,1
MEIS1,PRIM1,1
MEIS1,SSH3,1
MEIS1,TSPAN14,1
MEIS1,SLC44A2,1
MEIS1,DENND2D,1
MEIS1,RANBP3,1
MEIS1,MSH6,1
MEIS1,RAB37,1
MEIS1,GNS,1
MEIS1,LY6C2,1
MEIS1,ABL1,1
MEIS1,BID,1
MEIS1,EML4,1
MEIS1,BTG2,1
MEIS1,RELB,1
MEIS1,PAK1,1
MEIS1,MXD3,1
MEIS1,CKAP5,1
MEIS1,E2F8,1
MEIS1,AKAP8L,1
MEIS1,AGPS,1
MEIS1,GLIPR2,1
MEIS1,TCIRG1,1
MEIS1,HACD3,1
MEIS1,CHORDC1,1
MEIS1,FEM1B,1
MEIS1,MFSD14B,1
MEIS1,TBC1D5,1
MEIS1,TYROBP,1
MEIS1,RB1,1
MEIS1,CLN5,1
MEIS1,CBFB,1
MEIS1,CYBC1,1
MEIS1,NCAPD2,1
MEIS1,CTSO,1
MEIS1,DNAJC10,1
MEIS1,PCMTD2,1
MEIS1,CBX7,1
MEIS1,JUN,1
MEIS1,PHB2,1
MEIS1,KLF6,1
MEIS1,DHFR,1
MEIS1,FAM111A,1
MEIS1,SPNS3,1
MEIS1,EIF1AD,1
MEIS1,TCP11L2,1
MEIS1,FAR1,1
MEIS1,TTF2,1
MEIS1,BC035044,1
MEIS1,NCEH1,1
MEIS1,MSMO1,1
MEIS1,CD300A,1
MEIS1,IRF7,1
MEIS1,RPS6KA5,1
MEIS1,EBF1,1
MEIS1,CYB5R1,1
MEIS1,GFI1B,1
MEIS1,RASSF4,1
MEIS1,SNAP23,1
MEIS1,ERCC8,1
MEIS1,DHX33,1
MEIS1,GIMAP6,1
MEIS1,CSGALNACT1,1
MEIS1,FES,1
MEIS1,DLST,1
MEIS1,UNC93B1,1
MEIS1,PANX1,1
MEIS1,LAPTM4B,1
MEIS1,TOR3A,1
MEIS1,IKZF1,1
MEIS1,MTREX,1
MEIS1,SLC19A1,1
MEIS1,SEH1L,1
MEIS1,RPP40,1
MEIS1,POLE3,1
MEIS1,DEF8,1
MEIS1,ST6GALNAC4,1
MEIS1,E2F4,1
MEIS1,G6PDX,1
MEIS1,TRMT11,1
MEIS1,MAD2L1,1
MEIS1,TUBGCP3,1
MEIS1,ANXA2,1
MEIS1,FDFT1,1
MEIS1,MCM3,1
MEIS1,GMFB,1
MEIS1,HDAC7,1
MEIS1,ATG12,1
MEIS1,AP3S1,1
MEIS1,SLC39A6,1
MEIS1,ELP2,1
MEIS1,TGM2,1
MEIS1,ZFP36,1
MEIS1,AFAP1L1,1
MEIS1,TIPIN,1
MEIS1,CCDC50,1
MEIS1,POLR1B,1
MEIS1,PSTPIP1,1
MEIS1,CSTF2,1
MEIS1,MRPL37,1
MEIS1,TM6SF1,1
MEIS1,MLLT3,1
MEIS1,MCM4,1
MEIS1,APLP2,1
MEIS1,B230219D22RIK,1
MEIS1,XAF1,1
MEIS1,SNRPB,1
MEIS1,EZR,1
MEIS1,GNG11,1
MEIS1,TBC1D9B,1
MEIS1,FIGNL1,1
MEIS1,DNAJC11,1
MEIS1,VPS35,1
MEIS1,ORC6,1
MEIS1,OTUD6B,1
MEIS1,TMEM229B,1
MEIS1,CD53,1
MEIS1,FTSJ3,1
MEIS1,TLR4,1
MEIS1,GTF2F1,1
MEIS1,RAB31,1
MEIS1,CTC1,1
MEIS1,USP10,1
MEIS1,TRIM59,1
MEIS1,SERPINB9,1
MEIS1,BTAF1,1
MEIS1,FCHO2,1
MEIS1,MYO1F,1
MEIS1,RORA,1
MEIS1,GLB1,1
MEIS1,MYC,1
MEIS1,MCM5,1
MEIS1,MCM6,1
MEIS1,CSF2RB,1
MEIS1,ORC2,1
MEIS1,KPNA3,1
MEIS1,GNG12,1
MEIS1,APBB1,1
MEIS1,UMPS,1
MEIS1,DENND1C,1
MEIS1,EYA2,1
MEIS1,MAPKAPK3,1
MEIS1,TOPORS,1
MEIS1,SALL2,1
MEIS1,HDGF,1
MEIS1,NCLN,1
MEIS1,MFNG,1
MEIS1,ANXA3,1
MEIS1,HELLS,1
MEIS1,SLC2A3,1
MEIS1,MIS18BP1,1
MEIS1,LY6A,1
MEIS1,GMIP,1
MEIS1,HDC,1
MEIS1,FGFR1OP,1
MEIS1,TCF19,1
MEIS1,ATP6AP1,1
MEIS1,PNO1,1
MEIS1,SATB1,1
MEIS1,4833439L19RIK,1
MEIS1,INO80D,1
MEIS1,ALDH9A1,1
MEIS1,CREB5,1
MEIS1,ATP13A1,1
MEIS1,SETD2,1
MEIS1,HNRNPAB,1
MEIS1,RUNX1T1,1
MEIS1,LIG1,1
MEIS1,GMNN,1
MEIS1,LTB,1
MEIS1,LAP3,1
MEIS1,CSAD,1
MEIS1,XPC,1
MEIS1,JPT2,1
MEIS1,CST7,1
MEIS1,EPAS1,1
MEIS1,PRPF4,1
MEIS1,UHRF1,1
MEIS1,PRKCH,1
MEIS1,GBP3,1
MEIS1,DDX58,1
MEIS1,PTTG1IP,1
MEIS1,H2-OB,1
MEIS1,CD74,1
MEIS1,FLOT2,1
MEIS1,CUL3,1
MEIS1,H2-AA,1
MEIS1,DUS1L,1
MEIS1,RASA4,1
MEIS1,MGAT5,1
MEIS1,LCP2,1
MEIS1,MS4A6C,1
MEIS1,GANAB,1
MEIS1,HDAC11,1
MEIS1,SLA2,1
MEIS1,TBXAS1,1
MEIS1,IGTP,1
MEIS1,COQ8A,1
MEIS1,TYMS,1
MEIS1,PHF6,1
MEIS1,PRKCQ,1
MEIS1,HDAC2,1
MEIS1,PRODH,1
MEIS1,ZDHHC6,1
MEIS1,CCNB2,1
MEIS1,UTP4,1
MEIS1,ZEB2,1
MEIS1,PBK,1
MEIS1,DEK,1
MEIS1,HIF3A,1
MEIS1,SRSF1,1
MEIS1,MYB,1
MEIS1,MUC13,1
MEIS1,SHMT1,1
MEIS1,CSGALNACT2,1
MEIS1,FAM136A,1
MYC,WDR4,1
MYC,POLR1B,1
MYC,TARS,1
MYC,HDGF,1
MYC,IARS,1
MYC,ATF7,1
MYC,SLC19A1,1
MYC,CAD,1
MYC,TAF12,1
MYC,NOP2,1
MYC,MCM7,1
MYC,GMFB,1
MYC,DHX33,1
MYC,PSAT1,1
MYC,SHMT1,1
MYC,ZFP451,1
MYC,PPAT,1
MYC,SRSF1,1
MYC,WDR55,1
MYC,EIF1AD,1
MYC,PA2G4,1
MYC,XRCC6,1
MYC,LAP3,1
MYC,ATAD1,1
MYC,SEH1L,1
MYC,PRMT7,1
MYC,ST6GALNAC4,1
MYC,PUS7,1
MYC,YBX1,1
MYC,TMEM43,1
MYC,MTMR6,1
MYC,SMARCA2,1
MYC,TMEM97,1
MYC,FAM91A1,1
MYC,HNRNPAB,1
MYC,RANGAP1,1
MYC,RFC5,1
MYC,RNF4,1
MYC,GTF2H1,1
MYC,STT3B,1
MYC,TBL3,1
MYC,NCLN,1
MYC,CLPTM1L,1
MYC,UTP4,1
MYC,DCAF13,1
MYC,XPC,1
MYC,RABGGTB,1
MYC,PNO1,1
MYC,SLC30A5,1
MYC,FASTKD2,1
MYC,POR,1
MYC,FTSJ3,1
MYC,MYO5A,1
MYC,ME2,1
MYC,HDAC2,1
MYC,RUVBL2,1
MYC,DPP8,1
MYC,COLGALT1,1
MYC,JPT2,1
MYC,METAP1,1
MYC,SNRPB,1
MYC,ARL6IP6,1
MYC,RPP40,1
MYC,NCAPD2,1
MYC,LONP1,1
MYC,UBL4A,1
MYC,SLC39A6,1
MYC,ELP2,1
MYC,POLR2B,1
MYC,NDRG1,1
MYC,PSEN1,1
MYC,CDT1,1
MYC,FAM136A,1
MYC,NUDT19,1
MYC,ZNRF2,1
MYC,KPNA3,1
MYC,WDR5,1
MYC,COQ8A,1
MYC,PHB2,1
MYC,NADK,1
MYC,IRF9,1
MYC,ERLIN1,1
MYC,TRMT11,1
MYC,RCC1,1
MYC,PRODH,1
MYC,MARS,1
MYC,PRPF4,1
MYC,AHCYL1,1
MYC,REXO4,1
MYC,RMND5A,1
MYC,NUP107,1
MYC,MFSD1,1
MYC,BTAF1,1
MYC,MTREX,1
MYC,PREP,1
MYC,GLB1,1
MYC,NAMPT,1
MYC,NCEH1,1
MYC,TOPORS,1
MYC,ORC2,1
MYC,TMX4,1
MYC,TNFRSF21,1
MYC,MAPK1,1
MYC,FGFR1OP,1
MYC,FOXRED1,1
MYC,AKAP8L,1
MYC,FIGNL1,1
MYC,1700017B05RIK,1
MYC,PBK,1
MYC,POLE3,1
MYC,RRM1,1
MYC,USP10,1
MYC,MCM6,1
MYC,GSR,1
MYC,DNAJC5,1
MYC,GUSB,1
MYC,TBC1D5,1
MYC,XPNPEP1,1
MYC,DUS1L,1
MYC,DDX20,1
MYC,MOGS,1
MYC,OSBPL1A,1
MYC,LIG1,1
MYC,GNG12,1
MYC,PTDSS1,1
MYC,RPA1,1
MYC,TTF2,1
MYC,MTFR1,1
MYC,CCDC137,1
MYC,BCL2,1
MYC,TXNDC11,1
MYC,RORC,1
MYC,ATP13A1,1
MYC,MOB3C,1
MYC,SESN1,1
MYC,FEM1B,1
MYC,DNAJC11,1
MYC,CLN5,1
MYC,TRIM47,1
MYC,BID,1
MYC,UMPS,1
MYC,TMEM206,1
MYC,UHRF1,1
MYC,RPS6KA5,1
MYC,HEXA,1
MYC,GMIP,1
MYC,DLST,1
MYC,CYB5R1,1
MYC,PLAA,1
MYC,ZDHHC6,1
MYC,ERCC8,1
MYC,GOLT1B,1
MYC,POLD1,1
MYC,EZR,1
MYC,MCM3,1
MYC,ADO,1
MYC,MIS18BP1,1
MYC,USP37,1
MYC,EMILIN1,1
MYC,OTUD6B,1
MYC,RGS2,1
MYC,MXD3,1
MYC,SCARB1,1
MYC,SGMS1,1
MYC,TRPS1,1
MYC,ABL1,1
MYC,RARS,1
MYC,ACAA2,1
MYC,PFKP,1
MYC,FAM76B,1
MYC,GNS,1
MYC,HCFC1,1
MYC,ALDH9A1,1
MYC,AURKB,1
MYC,IDH1,1
MYC,TUBGCP2,1
MYC,SLC25A46,1
MYC,LONP2,1
MYC,TCP11L2,1
MYC,CTSL,1
MYC,ZFP35,1
MYC,TACC3,1
MYC,KAT7,1
MYC,PLD3,1
MYC,CDCA4,1
MYC,DEF8,1
MYC,EPB41L4B,1
MYC,TOP3B,1
MYC,ABHD17B,1
MYC,CSTF2,1
MYC,NDE1,1
MYC,TRIM59,1
MYC,SDF2L1,1
MYC,MRPL37,1
MYC,RANBP3,1
MYC,FRRS1,1
MYC,FDFT1,1
MYC,TIMM29,1
MYC,NFAT5,1
MYC,CHORDC1,1
MYC,ANXA5,1
MYC,PLAG1,1
MYC,PCMTD2,1
MYC,GMCL1,1
MYC,CDCA8,1
MYC,NUPR1,1
MYC,INTS13,1
MYC,ARL8B,1
MYC,TRIM35,1
MYC,ZDHHC13,1
MYC,SNAP47,1
MYC,DNM1L,1
MYC,TYMS,1
MYC,TUBGCP3,1
MYC,RPA2,1
MYC,MSH6,1
MYC,DUSP1,1
MYC,TFG,1
MYC,TOP2A,1
MYC,RFC4,1
MYC,TIPIN,1
MYC,PRELID3B,1
MYC,CKAP5,1
MYC,RPRD1B,1
MYC,MORC3,1
MYC,HIF3A,1
MYC,ISYNA1,1
MYC,CTSZ,1
MYC,CCDC50,1
MYC,FCHO2,1
MYC,EML4,1
MYC,ST8SIA4,1
MYC,NFIA,1
MYC,CTC1,1
MYC,CSAD,1
MYC,IARS2,1
MYC,ELF1,1
MYC,E2F8,1
MYC,SLC35B4,1
MYC,TM7SF3,1
MYC,DHFR,1
MYC,B230219D22RIK,1
MYC,E2F4,1
MYC,PHF10,1
MYC,REL,1
MYC,CNIH1,1
MYC,GTF2F1,1
MYC,SPNS2,1
MYC,CCNB2,1
MYC,HLF,1
MYC,TMEM229B,1
MYC,UBR7,1
MYC,MAML3,1
MYC,RUNX1T1,1
MYC,GANAB,1
MYC,MCM2,1
MYC,ABCB8,1
MYC,RAD51,1
MYC,IRF8,1
MYC,MAD2L1,1
MYC,HACD3,1
MYC,UAP1,1
MYC,PRIM1,1
MYC,PRPS2,1
MYC,XRCC3,1
MYC,CDC6,1
MYC,SLC44A2,1
MYC,ATP6AP1,1
MYC,CD82,1
MYC,MCM4,1
MYC,MEIS1,1
MYC,RRM2,1
MYC,CBX7,1
MYC,SETD2,1
MYC,VPS35,1
MYC,ORC6,1
MYC,ZFP24,1
MYC,ZFP367,1
MYC,ARID5A,1
MYC,IPO9,1
MYC,MSMO1,1
MYC,CDC7,1
MYC,CYP4V3,1
MYC,JARID2,1
MYC,MIS12,1
MYC,NFKBIA,1
MYC,PCMTD1,1
MYC,PPP1R15A,1
MYC,ITSN1,1
MYC,CUL3,1
MYC,SNX30,1
MYC,MED16,1
MYC,NFE2,1
MYC,STXBP4,1
MYC,TK1,1
MYC,CTR9,1
MYC,MYB,1
MYC,SELENBP1,1
MYC,BTG2,1
MYC,HMGB2,1
MYC,PRIM2,1
MYC,LMO4,1
MYC,HELLS,1
MYC,AGPS,1
MYC,TSPAN14,1
MYC,CBFB,1
MYC,IGTP,1
MYC,OTULINL,1
MYC,ICAM1,1
MYC,MLLT3,1
MYC,TMX3,1
MYC,FLT3,1
MYC,CYBC1,1
MYC,CHRNB1,1
MYC,FAR1,1
MYC,PTTG1IP,1
MYC,TBC1D9B,1
MYC,ARHGEF18,1
MYC,GBP3,1
MYC,TYROBP,1
MYC,H1F0,1
MYC,GMNN,1
MYC,DNAJC10,1
MYC,ADSSL1,1
MYC,MICU1,1
MYC,ALAS1,1
MYC,GLIPR2,1
MYC,APLP2,1
MYC,CD9,1
MYC,CENPK,1
MYC,ZEB2,1
MYC,TPM4,1
MYC,RGCC,1
MYC,TCF19,1
MYC,DEK,1
MYC,MCM5,1
MYC,LAPTM4B,1
MYC,CSGALNACT2,1
MYC,PAK1,1
MYC,DENND2D,1
MYC,FAM111A,1
MYC,LDHB,1
MYC,GCNT2,1
MYC,ATP6AP2,1
MYC,CREB5,1
MYC,HDAC11,1
MYC,PIM2,1
MYC,MAN2A2,1
MYC,UNC93B1,1
MYC,MAPK12,1
MYC,SERPINB9,1
MYC,TRIB3,1
MYC,TGM2,1
MYC,MAPKAPK3,1
MYC,INPP5B,1
MYC,MFNG,1
MYC,RAB31,1
MYC,PRDM16,1
MYC,LGALS1,1
MYC,DHRS3,1
MYC,APBB1,1
MYC,COPB1,1
MYC,PLIN3,1
MYC,AKNA,1
MYC,FLNB,1
MYC,CDC45,1
MYC,MKI67,1
MYC,4833439L19RIK,1
MYC,GRK3,1
MYC,PHF6,1
MYC,G6PDX,1
MYC,PLEKHO2,1
MYC,PANX1,1
MYC,GOLPH3,1
MYC,ITIH5,1
MYC,ZBTB38,1
MYC,ACOX1,1
MYC,TEAD2,1
MYC,TFR2,1
MYC,INO80D,1
MYC,PTGS1,1
MYC,EBF1,1
MYC,CYP2J6,1
MYC,RORA,1
MYC,RELB,1
MYC,FOXO1,1
MYC,SHISA8,1
MYC,ELMO2,1
MYC,MGAT5,1
MYC,ZBTB16,1
MYC,METTL7A1,1
MYC,STAT2,1
MYC,DDX58,1
MYC,NFATC2,1
MYC,RPS6KA3,1
MYC,TES,1
MYC,BC005561,1
MYC,USP11,1
MYC,S100A6,1
MYC,F11R,1
MYC,GRINA,1
MYC,JUN,1
MYC,METTL27,1
MYC,IRGM2,1
MYC,LYN,1
MYC,TCIRG1,1
MYC,KLF6,1
MYC,FES,1
MYC,ATP11C,1
MYC,SORT1,1
MYC,KCTD12,1
MYC,CSF2RB,1
MYC,TLR4,1
MYC,RARB,1
MYC,APOE,1
MYC,ATG12,1
MYC,AP3S1,1
MYC,PBX1,1
MYC,RB1,1
MYC,ACOT9,1
MYC,FLOT2,1
MYC,ADA,1
MYC,MFSD14B,1
MYC,SSH3,1
MYC,IKZF1,1
MYC,IRF6,1
MYC,PCLAF,1
MYC,CTSF,1
MYC,PHF11B,1
MYC,HDAC7,1
MYC,CCL9,1
MYC,CISH,1
MYC,LY6A,1
MYC,SNAP23,1
MYC,SALL2,1
MYC,NR3C2,1
MYC,PSTPIP1,1
MYC,MLKL,1
MYC,PLEK,1
MYC,CALCRL,1
MYC,KRT18,1
MYC,SPI1,1
MYC,TBC1D10C,1
MYC,VDR,1
MYC,CASP12,1
MYC,CD48,1
MYC,BC035044,1
MYC,TBXAS1,1
MYC,EGR1,1
MYC,GBP7,1
MYC,MECOM,1
MYC,GBP2,1
MYC,SH2D5,1
MYC,PARP8,1
MYC,ATP8B4,1
MYC,MYO1G,1
MYC,IL27RA,1
MYC,CFP,1
MYC,UBE2L6,1
MYC,GIMAP6,1
MYC,RASSF4,1
MYC,SAMD9L,1
MYC,ZFP36,1
MYC,CD74,1
MYC,CSGALNACT1,1
MYC,TMEM173,1
MYC,TESPA1,1
MYC,TMEM50B,1
MYC,EPAS1,1
MYC,PEAR1,1
MYC,GPR160,1
MYC,PRKCH,1
MYC,CD53,1
MYC,TOR3A,1
MYC,MAP4K2,1
MYC,GATA2,1
MYC,PROCR,1
MYC,CLEC12A,1
MYC,CASP1,1
MYC,GIMAP5,1
MYC,GPR65,1
MYC,CERS4,1
MYC,ZFP945,1
MYC,NEURL3,1
MYC,FUCA2,1
MYC,SLCO3A1,1
MYC,ANXA2,1
MYC,PADI4,1
MYC,GIMAP1,1
MYC,TCN2,1
MYC,VSIR,1
MYC,SELL,1
MYC,GALNT6,1
MYC,RASA4,1
MYC,CD69,1
MYC,CNRIP1,1
MYC,CST7,1
MYC,EPSTI1,1
MYC,SATB1,1
MYC,PGLYRP2,1
MYC,PRKCQ,1
MYC,CTSO,1
MYC,ZFP467,1
MYC,ARHGEF39,1
MYC,ITGAL,1
MYC,IGSF6,1
MYC,SLA2,1
MYC,BTK,1
MYC,ABCG2,1
MYC,RCSD1,1
MYC,RAB37,1
MYC,SLC2A3,1
MYC,PRSS57,1
MYC,FCGR2B,1
MYC,OASL2,1
MYC,XAF1,1
MYC,RP2,1
MYC,PLPPR3,1
MYC,SMPDL3A,1
MYC,CTLA2B,1
MYC,BACE1,1
MYC,TSC22D3,1
MYC,H2-AA,1
MYC,UBA7,1
MYC,CSRP3,1
MYC,GFI1B,1
MYC,PTGR1,1
MYC,RGS1,1
MYC,ZBTB20,1
MYC,PLXNC1,1
MYC,FCER1G,1
MYC,SERPINB1A,1
MYC,DOK2,1
MYC,FUT7,1
MYC,VAV3,1
MYC,ELANE,1
MYC,EYA2,1
MYC,HP,1
MYC,EMID1,1
MYC,SERPINA3G,1
MYC,LY6C2,1
MYC,PLAC8,1
MYC,NCF1,1
MYC,MAGED2,1
MYC,IRF7,1
MYC,HACD4,1
MYC,GM1966,1
MYC,FGL2,1
MYC,TNIP3,1
MYC,HK3,1
MYC,DENND1C,1
MYC,LTB,1
MYC,NAP1L3,1
MYC,TGTP2,1
MYC,SPNS3,1
MYC,AFAP1L1,1
MYC,RHOF,1
MYC,ADGRG3,1
MYC,EBI3,1
MYC,ANXA1,1
MYC,MYCT1,1
MYC,ARL11,1
MYC,TM6SF1,1
MYC,H2-OB,1
MYC,MYCN,1
MYC,BATF2,1
MYC,NFAM1,1
MYC,GRIA3,1
MYC,ARID3B,1
MYC,ANXA3,1
MYC,SOX18,1
MYC,GNG11,1
NFAT5,STXBP4,1
NFAT5,TIPIN,1
NFAT5,TRPC6,1
RAD51,FCER1G,1
RAD51,HDGF,1
RAD51,DUS1L,1
RAD51,CHORDC1,1
RAD51,SLC39A6,1
RAD51,ELP2,1
RAD51,DLST,1
RPA1,EMID1,1
RPA1,HDGF,1
RPA1,EBF1,1
RPA1,PRIM2,1
RPA1,GIMAP1,1
RPA1,GMFB,1
RPA2,EGR1,1
RPA2,TMX3,1
SATB1,DDX20,1
SATB1,SMARCA2,1
SATB1,TESPA1,1
SATB1,DHRS3,1
SATB1,CHORDC1,1
SATB1,EIF1AD,1
SATB1,TES,1
SATB1,MIS18BP1,1
SATB1,MSH6,1
SATB1,SAMD9L,1
SATB1,DUS1L,1
SATB1,MTMR6,1
SATB1,MTREX,1
SATB1,NFAT5,1
SATB1,LCP2,1
SATB1,SLC2A3,1
SATB1,CLEC12A,1
SATB1,RANGAP1,1
SATB1,MAD2L1,1
SATB1,TMEM229B,1
SATB1,IDH1,1
SATB1,HACD3,1
SATB1,SNRPB,1
SATB1,GALNT6,1
SATB1,RUVBL2,1
SATB1,SRSF1,1
SATB1,TOP3B,1
SATB1,REXO4,1
SATB1,ZFP35,1
SATB1,PGLYRP2,1
SATB1,TIMM29,1
SATB1,INO80D,1
SATB1,TARS,1
SATB1,METTL7A1,1
SATB1,DCAF13,1
SATB1,OTUD6B,1
SATB1,ITGAL,1
SATB1,FEM1B,1
SATB1,GMFB,1
SATB1,ABHD17B,1
SATB1,MORC3,1
SATB1,DPP8,1
SATB1,OASL2,1
SATB1,DHX33,1
SATB1,MCM7,1
SATB1,DNAJC11,1
SATB1,GBP3,1
SATB1,TSPAN14,1
SATB1,PNO1,1
SATB1,IRF9,1
SATB1,TMX3,1
SATB1,MARS,1
SATB1,NCEH1,1
SATB1,COLGALT1,1
SATB1,DEF8,1
SATB1,MLLT3,1
SATB1,EYA2,1
SATB1,POR,1
SATB1,TACC3,1
SATB1,RELB,1
SATB1,DENND1C,1
SATB1,PLEKHO2,1
SATB1,PLIN3,1
SATB1,FAM136A,1
SATB1,GIMAP6,1
SATB1,KAT7,1
SATB1,CLPTM1L,1
SATB1,ABCB8,1
SATB1,PRPF4,1
SATB1,AHCYL1,1
SATB1,FOXRED1,1
SATB1,XPC,1
SATB1,UAP1,1
SATB1,TBC1D9B,1
SATB1,TMEM173,1
SATB1,E2F4,1
SATB1,TCP11L2,1
SATB1,ARL8B,1
SATB1,ARID5A,1
SATB1,TBC1D10C,1
SATB1,DOK2,1
SATB1,FASTKD2,1
SATB1,ZBTB20,1
SATB1,ZDHHC6,1
SATB1,PPAT,1
SATB1,RRM1,1
SATB1,PPP1R15A,1
SATB1,PLD3,1
SATB1,PSTPIP1,1
SATB1,CSTF2,1
SATB1,CALCRL,1
SATB1,ADO,1
SATB1,GPR65,1
SATB1,FIGNL1,1
SATB1,POLE3,1
SATB1,GTF2F1,1
SATB1,ANXA5,1
SATB1,RGS1,1
SATB1,FAM111A,1
SATB1,SLA,1
SATB1,CD52,1
SATB1,CTSO,1
SATB1,TMEM206,1
SATB1,RABGGTB,1
SATB1,TXNDC11,1
SATB1,LONP2,1
SATB1,MCM4,1
SATB1,TRPS1,1
SATB1,MED16,1
SATB1,WDR5,1
SATB1,CD69,1
SATB1,PA2G4,1
SATB1,ATP13A1,1
SATB1,ATP8B4,1
SATB1,MAML3,1
SATB1,MYC,1
SATB1,COPB1,1
SATB1,PHB2,1
SATB1,NOP2,1
SATB1,SLA2,1
SATB1,IPO9,1
SATB1,GRIA3,1
SATB1,RARS,1
SATB1,ME2,1
SATB1,SLC30A5,1
SATB1,STXBP4,1
SATB1,CTLA2A,1
SATB1,RFC4,1
SATB1,DHFR,1
SATB1,KCTD12,1
SATB1,CD53,1
SATB1,H2-OB,1
SATB1,AKNA,1
SATB1,FGFR1OP,1
SATB1,SERPINB9,1
SATB1,TFG,1
SATB1,ATF7,1
SATB1,POLR1B,1
SATB1,HIF3A,1
SATB1,MKI67,1
SATB1,LAP3,1
SATB1,IIGP1,1
SATB1,UBA7,1
SATB1,NFE2,1
SATB1,TIPIN,1
SATB1,MCM3,1
SATB1,DNAJC10,1
SATB1,RORA,1
SATB1,LTB,1
SATB1,CDC6,1
SATB1,MAPK1,1
SATB1,ALDH9A1,1
SATB1,CBFB,1
SATB1,SEH1L,1
SATB1,TOPORS,1
SATB1,NUP107,1
SATB1,RMND5A,1
SATB1,CTC1,1
SATB1,BCL2,1
SATB1,RGCC,1
SATB1,EPSTI1,1
SATB1,MOGS,1
SATB1,ATAD1,1
SATB1,PRKCH,1
SATB1,CSGALNACT2,1
SATB1,PCMTD1,1
SATB1,CCL9,1
SATB1,GBP7,1
SATB1,RORC,1
SATB1,RTP4,1
SATB1,GIMAP1,1
SATB1,DNAJC5,1
SATB1,CLN5,1
SATB1,PUS7,1
SATB1,UBE2L6,1
SATB1,IL27RA,1
SATB1,MAPKAPK3,1
SATB1,CNIH1,1
SATB1,CTR9,1
SATB1,POLD1,1
SATB1,PFKP,1
SATB1,ELF1,1
SATB1,STAT2,1
SATB1,PRELID3B,1
SATB1,4833439L19RIK,1
SATB1,HDAC7,1
SATB1,DUSP1,1
SATB1,MFSD1,1
SATB1,JARID2,1
SATB1,ST8SIA4,1
SATB1,CST7,1
SATB1,RANBP3,1
SATB1,TRIM35,1
SATB1,HMGB2,1
SATB1,CENPK,1
SATB1,PBK,1
SATB1,FCHO2,1
SATB1,MGAT5,1
SATB1,ARL6IP6,1
SATB1,ZNRF2,1
SATB1,VSIR,1
SATB1,MIS12,1
SATB1,TUBGCP2,1
SATB1,MSMO1,1
SATB1,TMX4,1
SATB1,KPNA3,1
SATB1,PTTG1IP,1
SATB1,UNC93B1,1
SATB1,TLR4,1
SATB1,ZFP24,1
SATB1,SLC35B4,1
SATB1,METAP1,1
SATB1,COQ8A,1
SATB1,SLC39A6,1
SATB1,ELP2,1
SATB1,MFNG,1
SATB1,PANX1,1
SATB1,HDAC2,1
SATB1,TYMS,1
SATB1,CHRNB1,1
SATB1,ITIH5,1
SATB1,RB1,1
SATB1,CDC45,1
SATB1,GLB1,1
SATB1,UBR7,1
SATB1,SELL,1
SATB1,FTSJ3,1
SATB1,RPS6KA5,1
SATB1,JUN,1
SATB1,GMIP,1
SATB1,GTF2H1,1
SATB1,PREP,1
SATB1,ZFP451,1
SATB1,MS4A6C,1
SATB1,CDT1,1
SATB1,TBC1D5,1
SATB1,HDGF,1
SATB1,RPRD1B,1
SATB1,UHRF1,1
SATB1,FCGR2B,1
SATB1,SETD2,1
SATB1,CBX7,1
SATB1,PRMT7,1
SATB1,PSEN1,1
SATB1,NFKBIA,1
SATB1,CSRP3,1
SATB1,SLC44A2,1
SATB1,POLR2B,1
SATB1,PLAA,1
SATB1,AURKB,1
SATB1,NAMPT,1
SATB1,USP37,1
SATB1,1700017B05RIK,1
SATB1,FRRS1,1
SATB1,HACD4,1
SATB1,SHMT1,1
SATB1,PTDSS1,1
SATB1,RCC1,1
SATB1,IGSF6,1
SATB1,NCAPD2,1
SATB1,GANAB,1
SATB1,MYO1F,1
SATB1,GMCL1,1
SATB1,OTULINL,1
SATB1,FCGR3,1
SATB1,RPA2,1
SATB1,MCM5,1
SATB1,LIG1,1
SATB1,AGPS,1
SATB1,TRMT11,1
SATB1,PRSS57,1
SATB1,MXD3,1
SATB1,ELMO2,1
SATB1,TCF19,1
SATB1,PSAT1,1
SATB1,ACOT9,1
SATB1,USP11,1
SATB1,TYROBP,1
SATB1,EGR1,1
SATB1,TBL3,1
SATB1,BACE1,1
SATB1,MTFR1,1
SATB1,GBP2,1
SATB1,G6PDX,1
SATB1,BTG2,1
SATB1,SESN1,1
SATB1,SERPINB1A,1
SATB1,ATP11C,1
SATB1,REL,1
SATB1,XRCC6,1
SATB1,WDR55,1
SATB1,CYB5R1,1
SATB1,CYBC1,1
SATB1,MOB3C,1
SATB1,FAM91A1,1
SATB1,HCFC1,1
SATB1,CUL3,1
SATB1,ARHGEF18,1
SATB1,SLC25A46,1
SATB1,OSBPL1A,1
SATB1,LDHB,1
SATB1,ORC2,1
SATB1,TMEM50B,1
SATB1,RRM2,1
SATB1,NADK,1
SATB1,ARHGEF39,1
SATB1,ACAA2,1
SATB1,ITSN1,1
SATB1,TM7SF3,1
SATB1,TNFRSF21,1
SATB1,CSF2RB,1
SATB1,NDRG1,1
SATB1,RNF4,1
SATB1,ZFP467,1
SATB1,SNX30,1
SATB1,AKAP8L,1
SATB1,NCLN,1
SATB1,MFSD14B,1
SATB1,NFATC2,1
SATB1,CFP,1
SATB1,SLC28A2,1
SATB1,NCF1,1
SATB1,YBX1,1
SATB1,TCIRG1,1
SATB1,PRIM2,1
SATB1,RPS6KA3,1
SATB1,E2F8,1
SATB1,DENND2D,1
SATB1,FLNB,1
SATB1,EML4,1
SATB1,LONP1,1
SATB1,KLF6,1
SATB1,BTAF1,1
SATB1,IGTP,1
SATB1,ACOX1,1
SATB1,PADI4,1
SATB1,CTSZ,1
SATB1,TRIM59,1
SATB1,DDX58,1
SATB1,CD48,1
SATB1,TGTP2,1
SATB1,CKAP5,1
SATB1,TUBGCP3,1
SATB1,SGMS1,1
SATB1,SDF2L1,1
SATB1,PARP8,1
SATB1,CDC7,1
SATB1,ZBTB38,1
SATB1,CCL4,1
SATB1,LAPTM4B,1
SATB1,PLEK,1
SATB1,IRGM2,1
SATB1,PCLAF,1
SATB1,TRIB3,1
SATB1,DEK,1
SATB1,ZFP945,1
SATB1,XPNPEP1,1
SATB1,MYL10,1
SATB1,UMPS,1
SATB1,FAR1,1
SATB1,GSR,1
SATB1,MYB,1
SATB1,METTL27,1
SATB1,HELLS,1
SATB1,CISH,1
SATB1,IARS2,1
SATB1,RGS2,1
SATB1,MYCN,1
SATB1,GOLT1B,1
SATB1,NEURL3,1
SATB1,GCNT2,1
SATB1,FAM76B,1
SATB1,MUC13,1
SATB1,GIMAP5,1
SATB1,RAB37,1
SATB1,CAD,1
SATB1,RAD51,1
SATB1,ANXA1,1
SATB1,VPS35,1
SATB1,ORC6,1
SATB1,CCDC50,1
SATB1,FCER1G,1
SATB1,GUSB,1
SATB1,ATG12,1
SATB1,AP3S1,1
SATB1,S100A6,1
SATB1,TOR3A,1
SATB1,NDE1,1
SATB1,GNS,1
SATB1,STT3B,1
SATB1,INTS13,1
SATB1,UTP4,1
SATB1,NUDT19,1
SATB1,MCM6,1
SATB1,RPA1,1
SATB1,HEXA,1
SATB1,PRIM1,1
SATB1,FLT3,1
SATB1,HNRNPAB,1
SATB1,XAF1,1
SATB1,ITM2A,1
SATB1,PHF11B,1
SATB1,CPA3,1
SATB1,ATP6AP2,1
SATB1,TM6SF1,1
SATB1,B230219D22RIK,1
SATB1,CDCA4,1
SATB1,GOLPH3,1
SATB1,IKZF1,1
SATB1,GMNN,1
SATB1,ARID3B,1
SATB1,TK1,1
SATB1,NFAM1,1
SATB1,MICU1,1
SATB1,GNG12,1
SATB1,MLKL,1
SATB1,TMEM43,1
SATB1,FDFT1,1
SPI1,CD53,1
SPI1,TMEM229B,1
SPI1,TMEM206,1
SPI1,NCEH1,1
SPI1,TLR4,1
SPI1,SAMD9L,1
SPI1,TFG,1
SPI1,E2F8,1
SPI1,FCGR2B,1
SPI1,FCER1G,1
SPI1,CFP,1
SPI1,PHF11B,1
SPI1,ICAM1,1
SPI1,TM6SF1,1
SPI1,DNAJC10,1
SPI1,HACD3,1
SPI1,GUSB,1
SPI1,CYB5R1,1
SPI1,ELF1,1
SPI1,GMIP,1
SPI1,ARID5A,1
SPI1,DENND1C,1
SPI1,CLEC12A,1
SPI1,CD300A,1
SPI1,CBFB,1
SPI1,IGSF6,1
SPI1,NFAM1,1
SPI1,VAV3,1
SPI1,NCF1,1
SPI1,TESPA1,1
SPI1,TCIRG1,1
SPI1,APOE,1
SPI1,ATP8B4,1
SPI1,CYBC1,1
SPI1,GIMAP6,1
SPI1,MYO5A,1
SPI1,TBC1D5,1
SPI1,XRCC6,1
SPI1,REL,1
SPI1,MTMR6,1
SPI1,SLC39A6,1
SPI1,ELP2,1
SPI1,FGFR1OP,1
SPI1,LCP2,1
SPI1,SGMS1,1
SPI1,GRK3,1
SPI1,CYP4V3,1
SPI1,DPP8,1
SPI1,MYO1G,1
SPI1,EBI3,1
SPI1,FES,1
SPI1,FAM111A,1
SPI1,MAGED2,1
SPI1,CD82,1
SPI1,IRGM2,1
SPI1,CAD,1
SPI1,ARL11,1
SPI1,MIS18BP1,1
SPI1,PLEKHO2,1
SPI1,GFI1B,1
SPI1,E2F4,1
SPI1,GBP7,1
SPI1,ME2,1
SPI1,RARS,1
SPI1,PA2G4,1
SPI1,DDX20,1
SPI1,LYN,1
SPI1,UMPS,1
SPI1,ZFP24,1
SPI1,MS4A6C,1
SPI1,RTP4,1
SPI1,GBP3,1
SPI1,HK3,1
SPI1,KCTD12,1
SPI1,ITSN1,1
SPI1,INO80D,1
SPI1,ARL8B,1
SPI1,BC035044,1
SPI1,TYROBP,1
SPI1,METTL7A1,1
SPI1,PSAT1,1
SPI1,CCDC137,1
SPI1,HACD4,1
SPI1,RELB,1
SPI1,PAK1,1
SPI1,GNS,1
SPI1,HMGB2,1
SPI1,NADK,1
SPI1,MIS12,1
SPI1,TRIM35,1
SPI1,ELMO2,1
SPI1,CNRIP1,1
SPI1,CCL4,1
SPI1,LONP2,1
SPI1,SRSF1,1
SPI1,MYO1F,1
SPI1,BTK,1
SPI1,POLR2B,1
SPI1,PLIN3,1
SPI1,TRPS1,1
SPI1,PROCR,1
SPI1,TIMM29,1
SPI1,RPS6KA3,1
SPI1,ITIH5,1
SPI1,CTSZ,1
SPI1,MORC3,1
SPI1,OASL2,1
SPI1,ITGAL,1
SPI1,MAD2L1,1
SPI1,CNIH1,1
SPI1,METAP1,1
SPI1,MKI67,1
SPI1,ZEB2,1
SPI1,MCM7,1
SPI1,MICU1,1
SPI1,RNF4,1
SPI1,COPB1,1
SPI1,IGTP,1
SPI1,STT3B,1
SPI1,COLGALT1,1
SPI1,TACC3,1
SPI1,NFE2,1
SPI1,PRIM2,1
SPI1,PRPF4,1
SPI1,MSH6,1
SPI1,CSF2RB,1
SPI1,DOK2,1
SPI1,GTF2H1,1
SPI1,TRIM47,1
SPI1,PHF10,1
SPI1,H2-AA,1
SPI1,CHORDC1,1
SPI1,NUDT19,1
SPI1,IKZF1,1
SPI1,VSIR,1
SPI1,PTDSS1,1
SPI1,ZNRF2,1
SPI1,CCL9,1
SPI1,GSR,1
SPI1,TMEM173,1
SPI1,GMFB,1
SPI1,SMARCA2,1
SPI1,RPP40,1
SPI1,TOR3A,1
SPI1,PSEN1,1
SPI1,DEK,1
SPI1,MAP4K2,1
SPI1,DNAJC5,1
SPI1,RGS1,1
SPI1,TBC1D10C,1
SPI1,CLN5,1
SPI1,ABL1,1
SPI1,DLST,1
SPI1,RCSD1,1
SPI1,RANGAP1,1
SPI1,FOXRED1,1
SPI1,NOP2,1
SPI1,RAD51,1
SPI1,ANXA1,1
SPI1,FCHO2,1
SPI1,PHB2,1
SPI1,MCM4,1
SPI1,PFKP,1
SPI1,ST6GALNAC4,1
SPI1,UBR7,1
SPI1,4833439L19RIK,1
SPI1,1700017B05RIK,1
SPI1,CREB5,1
SPI1,CENPK,1
SPI1,UNC93B1,1
SPI1,NDRG1,1
SPI1,CD48,1
SPI1,TSPAN14,1
SPI1,PREP,1
SPI1,PRMT7,1
SPI1,CDCA4,1
SPI1,RANBP3,1
SPI1,DHX33,1
SPI1,CDC6,1
SPI1,CASP1,1
SPI1,FASTKD2,1
SPI1,ANXA5,1
SPI1,NFAT5,1
SPI1,PGLYRP2,1
SPI1,LDHB,1
SPI1,ST8SIA4,1
SPI1,XPC,1
SPI1,NUP107,1
SPI1,ERLIN1,1
SPI1,B230219D22RIK,1
SPI1,CST7,1
SPI1,FUT7,1
SPI1,PTGS1,1
SPI1,MLKL,1
SPI1,NFATC2,1
SPI1,CDT1,1
SPI1,CTC1,1
SPI1,SLC43A3,1
SPI1,ATP13A1,1
SPI1,DHRS3,1
SPI1,VPS35,1
SPI1,ORC6,1
SPI1,CCDC50,1
SPI1,SLC28A2,1
SPI1,RORA,1
SPI1,PLEK,1
SPI1,UAP1,1
SPI1,EML4,1
SPI1,DENND2D,1
SPI1,IRF9,1
SPI1,INTS13,1
SPI1,ATF7,1
SPI1,H2-OB,1
SPI1,IDH1,1
SPI1,ARL6IP6,1
SPI1,PLD3,1
SPI1,SLC35B4,1
SPI1,TES,1
SPI1,CALCRL,1
SPI1,MTREX,1
SPI1,ABCG2,1
SPI1,UHRF1,1
SPI1,PANX1,1
SPI1,FAR1,1
SPI1,ZBTB38,1
SPI1,SERPINB9,1
SPI1,WDR55,1
SPI1,GCNT2,1
SPI1,HCFC1,1
SPI1,ZDHHC13,1
SPI1,SDF2L1,1
SPI1,ZFP367,1
SPI1,ZFP35,1
SPI1,TOP3B,1
SPI1,NFKBIA,1
SPI1,SELL,1
SPI1,MFNG,1
SPI1,SLC25A46,1
SPI1,TBXAS1,1
SPI1,ALDH9A1,1
SPI1,ACAA2,1
SPI1,LY6C2,1
SPI1,CDC7,1
SPI1,PLAA,1
SPI1,FAM76B,1
SPI1,EPSTI1,1
SPI1,ZFP451,1
SPI1,ANXA3,1
SPI1,BID,1
SPI1,KAT7,1
SPI1,JARID2,1
SPI1,ARID3B,1
SPI1,SNX30,1
SPI1,HDC,1
SPI1,CLPTM1L,1
SPI1,GLB1,1
SPI1,BTG2,1
SPI1,FAM91A1,1
SPI1,TMEM97,1
SPI1,BCL2,1
SPI1,FCGR3,1
SPI1,METTL27,1
SPI1,GIMAP5,1
SPI1,CD69,1
SPI1,ARHGEF39,1
SPI1,SLC2A3,1
SPI1,LMO4,1
SPI1,SERPINA3G,1
SPI1,MAPK1,1
SPI1,MCM2,1
SPI1,GBP2,1
SPI1,TOPORS,1
SPI1,PSTPIP1,1
SPI1,MFSD14B,1
SPI1,PNO1,1
SPI1,ANXA2,1
SPI1,GIMAP1,1
SPI1,TM7SF3,1
SPI1,PLXNC1,1
SPI1,FRRS1,1
SPI1,OTUD6B,1
SPI1,VDR,1
SPI1,SCARF1,1
SPI1,RPA2,1
SPI1,POLR1B,1
SPI1,EPAS1,1
SPI1,TFR2,1
SPI1,RP2,1
SPI1,TRMT11,1
SPI1,SNRPB,1
SPI1,UBA7,1
SPI1,MCM3,1
SPI1,MPO,1
SPI1,EIF1AD,1
SPI1,MARS,1
SPI1,SCARB1,1
SPI1,MED16,1
SPI1,RUVBL2,1
SPI1,S100A6,1
SPI1,PPP1R15A,1
SPI1,MCM6,1
SPI1,MUC13,1
SPI1,SATB1,1
SPI1,CASP4,1
SPI1,PRELID3B,1
SPI1,TUBGCP3,1
SPI1,ZFP945,1
SPI1,RRM1,1
SPI1,TMX3,1
SPI1,MOB3C,1
SPI1,TARS,1
SPI1,HELLS,1
SPI1,GOLPH3,1
SPI1,CUL3,1
SPI1,SPNS3,1
SPI1,CSF3R,1
SPI1,WDR4,1
SPI1,MS4A3,1
SPI1,APLP2,1
SPI1,DCAF13,1
SPI1,BATF2,1
SPI1,REXO4,1
SPI1,CD74,1
SPI1,TUBGCP2,1
SPI1,UTP4,1
SPI1,IARS2,1
SPI1,HDAC2,1
SPI1,XPNPEP1,1
SPI1,IL27RA,1
SPI1,RB1,1
SPI1,ACOT9,1
SPI1,GTF2F1,1
SPI1,AKNA,1
SPI1,FAM136A,1
SPI1,SLCO3A1,1
SPI1,DNM1L,1
SPI1,FEM1B,1
SPI1,GPR65,1
SPI1,ZFP467,1
SPI1,MXD3,1
SPI1,NAMPT,1
SPI1,ORC2,1
SPI1,GPR160,1
SPI1,MOGS,1
SPI1,FLT3,1
SPI1,TTF2,1
SPI1,ATG12,1
SPI1,AP3S1,1
SPI1,SLA2,1
SPI1,FUCA2,1
SPI1,CD52,1
SPI1,GMCL1,1
SPI1,FTSJ3,1
SPI1,NSD2,1
SPI1,CSGALNACT2,1
SPI1,SLC44A2,1
SPI1,NCAPD2,1
SPI1,PRODH,1
SPI1,LY6A,1
SPI1,OTULINL,1
SPI1,ZDHHC6,1
SPI1,SLC30A5,1
SPI1,TYMS,1
SPI1,GLIPR2,1
SPI1,WDR5,1
SPI1,GALNT6,1
SPI1,GMNN,1
SPI1,MCM5,1
SPI1,ELANE,1
SPI1,USP37,1
SPI1,RPRD1B,1
SPI1,RABGGTB,1
SPI1,INPP5B,1
SPI1,CASP12,1
SPI1,DEF8,1
SPI1,TOP2A,1
SPI1,EZR,1
SPI1,RCC1,1
SPI1,PDZK1IP1,1
SPI1,EYA2,1
SPI1,NEURL3,1
SPI1,MEIS1,1
SPI1,CERS4,1
SPI1,TBC1D9B,1
SPI1,TMX4,1
SPI1,RARB,1
SPI1,SPNS2,1
SPI1,CSTF2,1
SPI1,RAB31,1
SPI1,HNRNPAB,1
SPI1,GNG11,1
SPI1,CYP2J6,1
SPI1,TAF12,1
SPI1,PRKCH,1
SPI1,HDGF,1
SPI1,NCLN,1
SPI1,USP11,1
SPI1,RRM2,1
SPI1,SMPDL3A,1
SPI1,DNAJC11,1
SPI1,JPT2,1
SPI1,RFC5,1
SPI1,TCF19,1
SPI1,PRSS57,1
SPI1,TNIP3,1
SPI1,CTR9,1
SPI1,MYB,1
SPI1,ADGRG3,1
SPI1,PEAR1,1
SPI1,XAF1,1
SPI1,POLD1,1
SPI1,ERCC8,1
SPI1,FIGNL1,1
SPI1,AGPS,1
SPI1,TRIB3,1
SPI1,UBL4A,1
SPI1,YBX1,1
SPI1,RGS2,1
SPI1,FLNB,1
SPI1,LONP1,1
SPI1,LAP3,1
SPI1,RFC4,1
SPI1,TCP11L2,1
SPI1,TBL3,1
SPI1,RGCC,1
SPI1,RAB37,1
SPI1,RPS6KA5,1
SPI1,MFSD1,1
SPI1,RAB44,1
SPI1,KPNA3,1
SPI1,EGR1,1
SPI1,SEH1L,1
SPI1,PBX1,1
SPI1,GM5111,1
SPI1,ABHD17B,1
SPI1,POLE3,1
SPI1,PLAG1,1
SPI1,OSBPL1A,1
SPI1,CD9,1
SPI1,SH2D5,1
SPI1,TNFRSF21,1
SPI1,UBE2L6,1
SPI1,AKAP8L,1
SPI1,CDCA8,1
SPI1,IFI44,1
SPI1,IL21R,1
SPI1,CYP2J9,1
SPI1,ABCB8,1
SPI1,TXNDC11,1
SPI1,SHMT1,1
SPI1,FDFT1,1
SPI1,STAT2,1
SPI1,PUS7,1
SPI1,TK1,1
SPI1,CISH,1
SPI1,HIF3A,1
SPI1,NKG7,1
SPI1,G6PDX,1
SPI1,NR3C2,1
SPI1,GRIA3,1
SPI1,CTSG,1
SPI1,CPA3,1
SPI1,EMILIN1,1
SPI1,DHFR,1
SPI1,TMEM50B,1
SPI1,MLLT3,1
SPI1,TSC22D3,1
SPI1,GNG12,1
SPI1,ATP11C,1
SPI1,COQ8A,1
SPI1,AHCYL1,1
SPI1,PIM2,1
SPI1,TRIM59,1
SPI1,POR,1
SPI1,FGL2,1
SPI1,ZFP36,1
SPI1,PPAT,1
SPI1,ADSSL1,1
SPI1,JUN,1
SPI1,KLF6,1
SPI1,DUS1L,1
SPI1,LAPTM4B,1
SPI1,ARHGEF18,1
SPI1,PBK,1
SPI1,BTAF1,1
SPI1,BC005561,1
SPI1,CHRNB1,1
SPI1,MRPL37,1
SPI1,CTLA2B,1
SPI1,CCNB2,1
SPI1,GATA2,1
SPI1,NAP1L3,1
SPI1,IRF8,1
SPI1,HDAC7,1
SPI1,MSMO1,1
SPI1,GANAB,1
SPI1,ACOX1,1
SPI1,TIPIN,1
SPI1,NUPR1,1
SPI1,NDN,1
SPI1,GOLT1B,1
SPI1,RPA1,1
SPI1,CSAD,1
SPI1,SLC19A1,1
SPI1,ZBTB20,1
SPI1,PCLAF,1
SPI1,MYL10,1
SPI1,SELENBP1,1
SPI1,GM1966,1
SPI1,IIGP1,1
SPI1,RMND5A,1
SPI1,ADO,1
SPI1,IARS,1
SPI1,SESN1,1
SPI1,MGAT5,1
SPI1,ATP6AP2,1
SPI1,CDC45,1
SPI1,SNAP23,1
SPI1,USP10,1
SPI1,TGM2,1
SPI1,ATAD1,1
SPI1,MTFR1,1
SPI1,LIG1,1
SPI1,NDE1,1
SPI1,ITM2A,1
SPI1,DDX58,1
SPI1,TMEM43,1
SPI1,MYC,1
SPI1,HP,1
SPI1,CTSL,1
SPI1,CBX7,1
SPI1,PRKCQ,1
SPI1,PCMTD1,1
SPI1,MECOM,1
SPI1,CKAP5,1
SPI1,TIE1,1
SPI1,PCMTD2,1
SPI1,H1F0,1
SPI1,AURKB,1
SPI1,SERPINB1A,1
SPI1,IL12A,1
SPI1,PTTG1IP,1
SPI1,ISYNA1,1
SPI1,LTB,1
SPI1,SPO11,1
SPI1,APBB1,1
SPI1,CTLA2A,1
SPI1,IPO9,1
SPI1,CTSF,1
SPI1,PTGR1,1
SPI1,EBF1,1
SPI1,LGALS1,1
SPI1,SNAP47,1
SPI1,HEXA,1
SPI1,XRCC3,1
SPI1,LZTS1,1
SPI1,BACE1,1
SPI1,MYCT1,1
SPI1,ZBTB16,1
SPI1,TCN2,1
SPI1,DUSP1,1
SPI1,FLOT2,1
SPI1,STXBP4,1
SPI1,EMID1,1
SPI1,PRIM1,1
SPI1,RASA4,1
SPI1,SETD2,1
SPI1,CTSO,1
SPI1,RASSF4,1
SPI1,PARP8,1
SPI1,FOXO1,1
SPI1,MAN2A2,1
SPI1,PHF6,1
SPI1,SALL2,1
SPI1,SLC18A2,1
SPI1,TPM4,1
SPI1,ALAS1,1
SPI1,TEAD2,1
SPI1,MAPKAPK3,1
SPI1,CERK,1
SPI1,AFAP1L1,1
SPI1,MYCN,1
SPI1,PECAM1,1
SPI1,IRF6,1
SPI1,PRPS2,1
SPI1,ADA,1
SPI1,RHOF,1
SPI1,CSGALNACT1,1
SPI1,F11R,1
SPI1,KRT18,1
SPI1,RORC,1
SPI1,NFIA,1
SPI1,PLPPR3,1
SPI1,CSRP3,1
SPI1,TRPC6,1
SPI1,RUNX1T1,1
SPI1,IRF7,1
SPI1,PADI4,1
SPI1,HDAC11,1
STAT2,IRF9,1
STAT2,RTP4,1
STAT2,TGTP2,1
STAT2,OASL2,1
STAT2,TOR3A,1
STAT2,IRGM2,1
STAT2,IGTP,1
STAT2,XAF1,1
STAT2,IRF7,1
STAT2,NAMPT,1
STAT2,GBP7,1
STAT2,SAMD9L,1
STAT2,GBP3,1
STAT2,CLPTM1L,1
STAT2,FOXRED1,1
STAT2,LONP1,1
STAT2,ARID5A,1
STAT2,SNRPB,1
STAT2,PHF11B,1
STAT2,EPSTI1,1
STAT2,PLAA,1
STAT2,RFC4,1
STAT2,MFSD1,1
STAT2,PHB2,1
STAT2,WDR4,1
STAT2,CENPK,1
STAT2,DUS1L,1
STAT2,TIMM29,1
STAT2,RRM1,1
STAT2,OTUD6B,1
STAT2,UBA7,1
STAT2,HELLS,1
STAT2,SERPINA3G,1
STAT2,CCDC50,1
STAT2,RPRD1B,1
STAT2,COQ8A,1
STAT2,GTF2H1,1
STAT2,AHCYL1,1
STAT2,DDX58,1
STAT2,RARS,1
STAT2,IFI44,1
STAT2,DLST,1
STAT2,TBL3,1
STAT2,DHX33,1
STAT2,TOP3B,1
STAT2,IIGP1,1
STAT2,ELF1,1
STAT2,TMEM229B,1
STAT2,CHORDC1,1
STAT2,BATF2,1
STAT2,CD69,1
STAT2,DEK,1
STAT2,GTF2F1,1
STAT2,CDCA8,1
STAT2,MORC3,1
STAT2,NUDT19,1
STAT2,JUN,1
STAT2,NFKBIA,1
STAT2,IRF8,1
STAT2,DHFR,1
STAT2,ATP13A1,1
STAT2,GBP2,1
STAT2,GNS,1
STAT2,RGCC,1
STAT2,ZEB2,1
STAT2,CASP4,1
STAT2,ZFP367,1
STAT2,APLP2,1
STAT2,TOPORS,1
STAT2,MARS,1
STAT2,SLC39A6,1
STAT2,ELP2,1
STAT2,RPA2,1
STAT2,PLD3,1
STAT2,NUP107,1
STAT2,FAM91A1,1
STAT2,NFAT5,1
STAT2,NOP2,1
STAT2,RABGGTB,1
STAT2,ATAD1,1
STAT2,MFSD14B,1
STAT2,SLC25A46,1
STAT2,PRPF4,1
STAT2,UBR7,1
STAT2,PSEN1,1
STAT2,HEXA,1
STAT2,CD52,1
STAT2,GOLT1B,1
STAT2,ATF7,1
STAT2,DPP8,1
STAT2,TCIRG1,1
STAT2,DDX20,1
STAT2,FASTKD2,1
STAT2,LCP2,1
STAT2,GMFB,1
STAT2,TACC3,1
STAT2,FEM1B,1
STAT2,B230219D22RIK,1
STAT2,SRSF1,1
STAT2,ARL8B,1
STAT2,PA2G4,1
STAT2,EIF1AD,1
STAT2,KLF6,1
STAT2,TIPIN,1
STAT2,LONP2,1
STAT2,NDRG1,1
STAT2,H1F0,1
STAT2,RASA4,1
STAT2,RELB,1
STAT2,CCDC137,1
STAT2,ZDHHC13,1
STAT2,BTAF1,1
STAT2,RUVBL2,1
STAT2,CDT1,1
STAT2,DNM1L,1
STAT2,PTTG1IP,1
STAT2,SEH1L,1
STAT2,TXNDC11,1
STAT2,POR,1
STAT2,DUSP1,1
STAT2,DNAJC10,1
STAT2,CDCA4,1
STAT2,DNAJC5,1
STAT2,E2F4,1
STAT2,CALCRL,1
STAT2,MAPK1,1
STAT2,TAF12,1
STAT2,MYC,1
STAT2,MCM6,1
STAT2,EGR1,1
STAT2,ORC2,1
STAT2,HNRNPAB,1
STAT2,RFC5,1
STAT2,DCAF13,1
STAT2,CISH,1
STAT2,MLKL,1
STAT2,TRIB3,1
STAT2,DNAJC11,1
STAT2,BTG2,1
STAT2,TUBGCP3,1
STAT2,SELL,1
STAT2,SLC30A5,1
STAT2,GANAB,1
STAT2,PRMT7,1
STAT2,FIGNL1,1
STAT2,ARL6IP6,1
STAT2,TUBGCP2,1
STAT2,ABHD17B,1
STAT2,NCLN,1
STAT2,NCAPD2,1
STAT2,REL,1
STAT2,PPP1R15A,1
STAT2,TRMT11,1
STAT2,MCM3,1
STAT2,PTDSS1,1
STAT2,STXBP4,1
STAT2,RGS2,1
STAT2,ATG12,1
STAT2,AP3S1,1
STAT2,UTP4,1
STAT2,RNF4,1
STAT2,XPC,1
STAT2,RCC1,1
STAT2,FCHO2,1
STAT2,CTR9,1
STAT2,POLR1B,1
STAT2,UAP1,1
STAT2,TFG,1
STAT2,YBX1,1
STAT2,SESN1,1
STAT2,MCM5,1
STAT2,FAR1,1
STAT2,PPAT,1
STAT2,ICAM1,1
STAT2,PLAG1,1
STAT2,INO80D,1
STAT2,RMND5A,1
STAT2,PIM2,1
STAT2,RGS1,1
STAT2,VSIR,1
STAT2,ALAS1,1
STAT2,MIS12,1
STAT2,MIS18BP1,1
STAT2,ZDHHC6,1
STAT2,CUL3,1
STAT2,MYO5A,1
STAT2,INTS13,1
STAT2,MCM4,1
STAT2,USP10,1
STAT2,REXO4,1
STAT2,JPT2,1
STAT2,TRIM59,1
STAT2,TMEM97,1
STAT2,MAD2L1,1
STAT2,ZNRF2,1
STAT2,USP37,1
STAT2,IARS,1
STAT2,KAT7,1
STAT2,FAM136A,1
STAT2,TMEM43,1
STAT2,FAM76B,1
STAT2,COLGALT1,1
STAT2,HMGB2,1
STAT2,RANBP3,1
STAT2,PFKP,1
STAT2,MOGS,1
STAT2,ACOX1,1
STAT2,TMX4,1
STAT2,BID,1
STAT2,RAD51,1
STAT2,IPO9,1
STAT2,ME2,1
STAT2,STT3B,1
STAT2,GMNN,1
STAT2,CNIH1,1
STAT2,UBE2L6,1
STAT2,BCL2,1
STAT2,RRM2,1
STAT2,MED16,1
STAT2,TMEM206,1
STAT2,PLIN3,1
STAT2,ZFP24,1
STAT2,METAP1,1
STAT2,CLN5,1
STAT2,UNC93B1,1
STAT2,SETD2,1
STAT2,NADK,1
STAT2,PSAT1,1
STAT2,TOP2A,1
STAT2,GIMAP5,1
STAT2,IRF6,1
STAT2,MTREX,1
STAT2,TYMS,1
STAT2,HDAC2,1
STAT2,GNG12,1
STAT2,FTSJ3,1
STAT2,ACAA2,1
STAT2,PSTPIP1,1
STAT2,AKAP8L,1
STAT2,MSH6,1
STAT2,MOB3C,1
STAT2,EZR,1
STAT2,RPS6KA5,1
STAT2,PREP,1
STAT2,CTC1,1
STAT2,ANXA1,1
STAT2,TRIM35,1
STAT2,GMCL1,1
STAT2,VPS35,1
STAT2,ORC6,1
STAT2,RANGAP1,1
STAT2,POLR2B,1
STAT2,FCER1G,1
STAT2,ABL1,1
STAT2,FLNB,1
STAT2,XPNPEP1,1
STAT2,CSGALNACT2,1
STAT2,NCEH1,1
STAT2,SNX30,1
STAT2,IDH1,1
STAT2,CASP1,1
STAT2,MTMR6,1
STAT2,XRCC6,1
STAT2,ZFP36,1
STAT2,GOLPH3,1
STAT2,RPA1,1
STAT2,TCF19,1
STAT2,MCM7,1
STAT2,MSMO1,1
STAT2,GCNT2,1
STAT2,KPNA3,1
STAT2,UMPS,1
STAT2,BC005561,1
STAT2,LAP3,1
STAT2,PRELID3B,1
STAT2,4833439L19RIK,1
STAT2,CDC45,1
STAT2,RORA,1
STAT2,PLEK,1
STAT2,SHMT1,1
STAT2,DENND1C,1
STAT2,GIMAP6,1
STAT2,COPB1,1
STAT2,ZBTB20,1
STAT2,SDF2L1,1
STAT2,NDE1,1
STAT2,TES,1
STAT2,CKAP5,1
STAT2,ZFP451,1
STAT2,ST8SIA4,1
STAT2,FGFR1OP,1
STAT2,FDFT1,1
STAT2,ZFP35,1
STAT2,UBL4A,1
STAT2,FOXO1,1
STAT2,OTULINL,1
STAT2,AGPS,1
STAT2,RB1,1
STAT2,LY6A,1
STAT2,TBC1D5,1
STAT2,GUSB,1
STAT2,MICU1,1
STAT2,PARP8,1
STAT2,FAM111A,1
STAT2,SLC43A3,1
STAT2,PCMTD1,1
STAT2,SNAP47,1
STAT2,CST7,1
STAT2,TMX3,1
STAT2,PANX1,1
STAT2,SGMS1,1
STAT2,PBK,1
STAT2,WDR55,1
STAT2,MCM2,1
STAT2,TPM4,1
STAT2,MXD3,1
STAT2,PHF6,1
STAT2,GLB1,1
STAT2,HACD3,1
STAT2,CDC7,1
STAT2,ERCC8,1
STAT2,ABCB8,1
STAT2,ATP8B4,1
STAT2,PRIM2,1
STAT2,PRIM1,1
STAT2,CDC6,1
STAT2,TARS,1
STAT2,POLD1,1
STAT2,NCF1,1
STAT2,LMO4,1
STAT2,PRODH,1
STAT2,CSTF2,1
STAT2,CAD,1
STAT2,JARID2,1
STAT2,PCMTD2,1
STAT2,WDR5,1
STAT2,PCLAF,1
STAT2,CBFB,1
STAT2,SLC19A1,1
STAT2,MKI67,1
STAT2,UHRF1,1
STAT2,ANXA5,1
STAT2,HDGF,1
STAT2,TK1,1
STAT2,SCARF1,1
STAT2,1700017B05RIK,1
STAT2,PLEKHO2,1
STAT2,POLE3,1
STAT2,CCNB2,1
STAT2,AURKB,1
STAT2,SATB1,1
STAT2,MRPL37,1
STAT2,DENND2D,1
STAT2,ACOT9,1
STAT2,PNO1,1
STAT2,PRKCH,1
STAT2,CTSO,1
STAT2,EML4,1
STAT2,CD82,1
STAT2,ZBTB38,1
STAT2,ALDH9A1,1
STAT2,LDHB,1
STAT2,G6PDX,1
STAT2,OSBPL1A,1
STAT2,MAP4K2,1
STAT2,FUCA2,1
STAT2,CYB5R1,1
STAT2,CYBC1,1
STAT2,SLCO3A1,1
STAT2,XRCC3,1
STAT2,CD53,1
STAT2,SLC35B4,1
STAT2,DEF8,1
STAT2,ADO,1
STAT2,TMEM173,1
STAT2,FRRS1,1
STAT2,TBC1D9B,1
STAT2,ISYNA1,1
STAT2,KCTD12,1
STAT2,TESPA1,1
STAT2,LAPTM4B,1
STAT2,PBX1,1
STAT2,PAK1,1
STAT2,ATP6AP1,1
STAT2,GRINA,1
STAT2,MYCN,1
STAT2,ITSN1,1
STAT2,IKZF1,1
STAT2,PRKCQ,1
STAT2,E2F8,1
STAT2,CHRNB1,1
STAT2,HDAC7,1
STAT2,GM1966,1
STAT2,AKNA,1
STAT2,IL27RA,1
STAT2,SCARB1,1
STAT2,GMIP,1
STAT2,MTFR1,1
STAT2,LIG1,1
STAT2,PEAR1,1
STAT2,ANXA2,1
STAT2,TBC1D10C,1
STAT2,ELMO2,1
STAT2,EPAS1,1
STAT2,CCL9,1
STAT2,SMARCA2,1
STAT2,CTSZ,1
STAT2,IARS2,1
STAT2,HCFC1,1
STAT2,RPP40,1
STAT2,USP11,1
STAT2,MGAT5,1
STAT2,CD74,1
STAT2,ST6GALNAC4,1
STAT2,CERS4,1
STAT2,PLXNC1,1
STAT2,CASP12,1
STAT2,ERLIN1,1
STAT2,CBX7,1
STAT2,TRPS1,1
STAT2,HLF,1
STAT2,PUS7,1
STAT2,MLLT3,1
STAT2,NFATC2,1
STAT2,MYO1G,1
STAT2,GLIPR2,1
STAT2,MS4A6C,1
STAT2,FES,1
STAT2,TSPAN14,1
STAT2,GSR,1
STAT2,EYA2,1
STAT2,MAML3,1
STAT2,MAPKAPK3,1
STAT2,NFE2,1
STAT2,GRK3,1
STAT2,SALL2,1
STAT2,CYP4V3,1
STAT2,MFNG,1
STAT2,CD48,1
STAT2,RPS6KA3,1
STAT2,GIMAP1,1
STAT2,ITGAL,1
STAT2,SLC44A2,1
STAT2,RCSD1,1
STAT2,TLR4,1
STAT2,ITM2A,1
STAT2,IL21R,1
STAT2,CCL4,1
STAT2,ADSSL1,1
WDR5,SNRPB,1
WDR5,MIS12,1
WDR5,MCM3,1
WDR5,XRCC3,1
WDR5,TOP2A,1
WDR5,FDFT1,1
WDR5,SLC35B4,1
WDR5,RPA2,1
WDR5,NCLN,1
WDR5,TMEM43,1
WDR5,CDCA8,1
WDR5,MRPL37,1
WDR5,RANGAP1,1
WDR5,RRM1,1
WDR5,FAM76B,1
WDR5,FOXRED1,1
WDR5,MSMO1,1
WDR5,ELMO2,1
WDR5,TCF19,1
WDR5,RUVBL2,1
WDR5,MCM5,1
WDR5,DHX33,1
WDR5,TIMM29,1
WDR5,KAT7,1
WDR5,TMEM97,1
WDR5,TACC3,1
WDR5,YBX1,1
WDR5,PHB2,1
WDR5,PLAG1,1
WDR5,PRPF4,1
WDR5,AKAP8L,1
WDR5,RNF4,1
WDR5,REXO4,1
WDR5,ITSN1,1
WDR5,ABL1,1
WDR5,ARL6IP6,1
WDR5,MARS,1
WDR5,CDC45,1
WDR5,PLAA,1
WDR5,JPT2,1
WDR5,POLR1B,1
WDR5,PRIM1,1
WDR5,GOLT1B,1
WDR5,ADO,1
WDR5,ORC2,1
WDR5,PLD3,1
WDR5,DNAJC11,1
WDR5,POLE3,1
WDR5,RAD51,1
WDR5,GANAB,1
WDR5,RPP40,1
WDR5,CISH,1
WDR5,FTSJ3,1
WDR5,TARS,1
WDR5,CHORDC1,1
WDR5,MIS18BP1,1
WDR5,EIF1AD,1
WDR5,HNRNPAB,1
WDR5,ABHD17B,1
WDR5,FASTKD2,1
WDR5,SLC25A46,1
WDR5,ATF7,1
WDR5,ZFP367,1
WDR5,DNM1L,1
WDR5,PA2G4,1
WDR5,ABCB8,1
WDR5,FAR1,1
WDR5,PNO1,1
WDR5,KPNA3,1
WDR5,TMEM206,1
WDR5,TTF2,1
WDR5,HDGF,1
WDR5,MTMR6,1
WDR5,CDC6,1
WDR5,MFSD1,1
WDR5,TUBGCP2,1
WDR5,AHCYL1,1
WDR5,SMARCA2,1
WDR5,CLPTM1L,1
WDR5,E2F8,1
WDR5,DUS1L,1
WDR5,LIG1,1
WDR5,SESN1,1
WDR5,UBR7,1
WDR5,GTF2F1,1
WDR5,KLF6,1
WDR5,ME2,1
WDR5,CENPK,1
WDR5,RPRD1B,1
WDR5,ATP6AP1,1
WDR5,RFC4,1
WDR5,ZFP24,1
WDR5,JUN,1
WDR5,DNAJC10,1
WDR5,ZDHHC6,1
WDR5,OTUD6B,1
WDR5,RARS,1
WDR5,MCM4,1
WDR5,MCM7,1
WDR5,ATG12,1
WDR5,AP3S1,1
WDR5,TMX4,1
WDR5,INPP5B,1
WDR5,HMGB2,1
WDR5,MTREX,1
WDR5,GMFB,1
WDR5,ZFP451,1
WDR5,PTDSS1,1
WDR5,SDF2L1,1
WDR5,HDAC2,1
WDR5,RMND5A,1
WDR5,UHRF1,1
WDR5,ATP11C,1
WDR5,DCAF13,1
WDR5,APLP2,1
WDR5,4833439L19RIK,1
WDR5,DPP8,1
WDR5,SHMT1,1
WDR5,LONP1,1
WDR5,ATP6AP2,1
WDR5,VPS35,1
WDR5,ORC6,1
WDR5,DHFR,1
WDR5,ZFP35,1
WDR5,NUP107,1
WDR5,CKAP5,1
WDR5,TOP3B,1
WDR5,ACOX1,1
WDR5,DDX20,1
WDR5,RFC5,1
WDR5,IRF8,1
WDR5,IARS,1
WDR5,IDH1,1
WDR5,CTR9,1
WDR5,ATP13A1,1
WDR5,MORC3,1
WDR5,STAT2,1
WDR5,STXBP4,1
WDR5,RPS6KA5,1
WDR5,E2F4,1
WDR5,SRSF1,1
WDR5,ERCC8,1
WDR5,NOP2,1
WDR5,MTFR1,1
WDR5,WDR4,1
WDR5,UMPS,1
WDR5,USP37,1
WDR5,GTF2H1,1
WDR5,NCAPD2,1
WDR5,CCNB2,1
WDR5,ATAD1,1
WDR5,PRMT7,1
WDR5,COQ8A,1
WDR5,FOXO1,1
WDR5,MAD2L1,1
WDR5,CCDC137,1
WDR5,RPA1,1
WDR5,FAM111A,1
WDR5,MCM6,1
WDR5,PSEN1,1
WDR5,H2-OB,1
WDR5,ARL8B,1
WDR5,MED16,1
WDR5,IPO9,1
WDR5,XPC,1
WDR5,ELF1,1
WDR5,ARID5A,1
WDR5,TBL3,1
WDR5,PSAT1,1
WDR5,COLGALT1,1
WDR5,TXNDC11,1
WDR5,PHF11B,1
WDR5,IRF9,1
WDR5,WDR55,1
WDR5,PPAT,1
WDR5,TFG,1
WDR5,PCLAF,1
WDR5,OTULINL,1
WDR5,ZDHHC13,1
WDR5,TRIM35,1
WDR5,FIGNL1,1
WDR5,NCEH1,1
WDR5,TAF12,1
WDR5,MOGS,1
WDR5,MSH6,1
WDR5,PBK,1
WDR5,CDT1,1
WDR5,POLD1,1
WDR5,TUBGCP3,1
WDR5,NFAT5,1
WDR5,PRIM2,1
WDR5,SEH1L,1
WDR5,DLST,1
WDR5,COPB1,1
WDR5,SLC30A5,1
WDR5,CD74,1
WDR5,UAP1,1
WDR5,SLC19A1,1
WDR5,GMCL1,1
WDR5,POLR2B,1
WDR5,RANBP3,1
WDR5,GBP3,1
WDR5,TLR4,1
WDR5,LONP2,1
WDR5,METAP1,1
WDR5,CD69,1
WDR5,GMNN,1
WDR5,REL,1
WDR5,PIM2,1
WDR5,TMEM229B,1
WDR5,PLEK,1
WDR5,CNIH1,1
WDR5,CD53,1
WDR5,PRELID3B,1
WDR5,JARID2,1
WDR5,RABGGTB,1
WDR5,F11R,1
WDR5,TESPA1,1
WDR5,LAP3,1
WDR5,BTAF1,1
WDR5,MFSD14B,1
WDR5,GFI1B,1
WDR5,GUSB,1
WDR5,RRM2,1
WDR5,TOPORS,1
WDR5,SLC39A6,1
WDR5,ELP2,1
WDR5,MICU1,1
WDR5,FGFR1OP,1
WDR5,G6PDX,1
WDR5,SPNS2,1
WDR5,INO80D,1
WDR5,FAM91A1,1
WDR5,GIMAP6,1
WDR5,POR,1
WDR5,INTS13,1
WDR5,SAMD9L,1
WDR5,FEM1B,1
WDR5,TCP11L2,1
WDR5,CYBC1,1
WDR5,PLIN3,1
WDR5,SNAP47,1
WDR5,METTL27,1
WDR5,STT3B,1
WDR5,TMEM50B,1
WDR5,HEXA,1
WDR5,TRMT11,1
WDR5,RGS1,1
WDR5,PANX1,1
WDR5,MAPK1,1
WDR5,CDCA4,1
WDR5,PARP8,1
WDR5,GLB1,1
WDR5,CCDC50,1
WDR5,CDC7,1
WDR5,DNAJC5,1
WDR5,AURKB,1
WDR5,NUDT19,1
WDR5,XRCC6,1
WDR5,SPI1,1
WDR5,ITGAL,1
WDR5,DEF8,1
WDR5,ANXA5,1
WDR5,PTTG1IP,1
WDR5,RP2,1
WDR5,PHF6,1
WDR5,LMO4,1
WDR5,CYP4V3,1
WDR5,MYO5A,1
WDR5,NDE1,1
WDR5,TMX3,1
WDR5,ZEB2,1
WDR5,UBA7,1
WDR5,PCMTD2,1
WDR5,METTL7A1,1
WDR5,H2-AA,1
WDR5,ST6GALNAC4,1
WDR5,TIPIN,1
WDR5,CTC1,1
WDR5,PPP1R15A,1
WDR5,BTG2,1
WDR5,GNS,1
WDR5,ZBTB20,1
WDR5,IGTP,1
WDR5,XPNPEP1,1
WDR5,CALCRL,1
WDR5,ST8SIA4,1
WDR5,CLN5,1
WDR5,NCF1,1
WDR5,ICAM1,1
WDR5,RGS2,1
WDR5,MXD3,1
WDR5,GIMAP5,1
WDR5,ISYNA1,1
WDR5,NADK,1
WDR5,RCC1,1
WDR5,MYCN,1
WDR5,HELLS,1
WDR5,IRGM2,1
WDR5,B230219D22RIK,1
WDR5,GBP7,1
WDR5,RELB,1
WDR5,ACOT9,1
WDR5,CD82,1
WDR5,CAD,1
WDR5,MCM2,1
WDR5,BC035044,1
WDR5,TES,1
WDR5,LGALS1,1
WDR5,UNC93B1,1
WDR5,CSTF2,1
WDR5,CHRNB1,1
WDR5,EBI3,1
WDR5,NFKBIA,1
WDR5,UBE2L6,1
WDR5,SERPINA3G,1
WDR5,UTP4,1
WDR5,TBC1D10C,1
WDR5,NEURL3,1
WDR5,FCHO2,1
WDR5,TYMS,1
WDR5,MAP4K2,1
WDR5,CYB5R1,1
WDR5,PCMTD1,1
WDR5,ZNRF2,1
WDR5,MAPKAPK3,1
WDR5,USP10,1
WDR5,CBFB,1
WDR5,IARS2,1
WDR5,GIMAP1,1
WDR5,MGAT5,1
WDR5,RGCC,1
WDR5,CFP,1
WDR5,TOR3A,1
WDR5,IL21R,1
WDR5,BID,1
WDR5,1700017B05RIK,1
WDR5,HCFC1,1
WDR5,SH2D5,1
WDR5,ALDH9A1,1
WDR5,EZR,1
WDR5,CTSO,1
WDR5,NFATC2,1
WDR5,DENND1C,1
WDR5,FAM136A,1
WDR5,ARID3B,1
WDR5,TBC1D5,1
WDR5,SNX30,1
WDR5,RASSF4,1
WDR5,KCTD12,1
WDR5,CERS4,1
WDR5,ZFP36,1
WDR5,EYA2,1
WDR5,DUSP1,1
WDR5,TMEM173,1
WDR5,IRF7,1
WDR5,CUL3,1
WDR5,NAMPT,1
WDR5,TRIM59,1
WDR5,EML4,1
WDR5,PREP,1
WDR5,IL27RA,1
WDR5,PLEKHO2,1
WDR5,EPSTI1,1
WDR5,DHRS3,1
WDR5,CTSL,1
WDR5,SCARB1,1
WDR5,GM1966,1
WDR5,SLC44A2,1
WDR5,GMIP,1
WDR5,EBF1,1
WDR5,CASP1,1
WDR5,FLNB,1
WDR5,SETD2,1
WDR5,DEK,1
WDR5,RB1,1
WDR5,CD48,1
WDR5,CASP4,1
WDR5,MOB3C,1
WDR5,TBC1D9B,1
WDR5,CNRIP1,1
WDR5,RASA4,1
WDR5,SGMS1,1
WDR5,GOLPH3,1
WDR5,XAF1,1
WDR5,TNFRSF21,1
WDR5,USP11,1
WDR5,UBL4A,1
WDR5,ALAS1,1
WDR5,NFE2,1
WDR5,FCGR2B,1
WDR5,CSGALNACT2,1
WDR5,EPAS1,1
WDR5,PFKP,1
WDR5,DDX58,1
WDR5,HACD3,1
WDR5,RAB37,1
WDR5,FRRS1,1
WDR5,MLKL,1
WDR5,TM6SF1,1
WDR5,TSPAN14,1
WDR5,SLC2A3,1
WDR5,NR3C2,1
WDR5,SATB1,1
WDR5,VAV3,1
WDR5,SNAP23,1
WDR5,ZFP945,1
WDR5,ZBTB38,1
WDR5,S100A6,1
WDR5,GBP2,1
WDR5,RHOF,1
WDR5,AKNA,1
WDR5,HP,1
WDR5,TCN2,1
WDR5,ANXA1,1
WDR5,SORT1,1
WDR5,ITIH5,1
WDR5,ADSSL1,1
WDR5,TRIB3,1
WDR5,CLEC12A,1
WDR5,GPR65,1
WDR5,SLC43A3,1
WDR5,FUCA2,1
WDR5,CST7,1
WDR5,PEAR1,1
WDR5,LCP2,1
WDR5,SERPINB9,1
WDR5,MLLT3,1
WDR5,SLC28A2,1
WDR5,DENND2D,1
WDR5,PGLYRP2,1
WDR5,IKZF1,1
WDR5,IL12A,1
WDR5,CBX7,1
WDR5,MKI67,1
WDR5,LYN,1
WDR5,BCL2,1
WDR5,TK1,1
WDR5,OSBPL1A,1
WDR5,ERLIN1,1
WDR5,ACAA2,1
WDR5,SERPINB1A,1
WDR5,PSTPIP1,1
WDR5,RPS6KA3,1
WDR5,ADGRG3,1
WDR5,SELL,1
WDR5,MYO1G,1
CBX7,MRPL37,0
GFI1B,ZBTB16,0
EBF1,TBL3,0
CBFB,NCF1,0
FOXO1,CTSZ,0
FOXO1,MLKL,0
MYC,LZTS1,0
GFI1B,FTSJ3,0
JUN,TLE2,0
GFI1B,ZFP24,0
ELF1,TM7SF3,0
JUN,G6PDX,0
NFAT5,CSF2RB,0
SATB1,SPO11,0
NFAT5,ZDHHC6,0
RPA2,METTL27,0
EBF1,GLB1,0
EBF1,TYMS,0
SATB1,SLC43A3,0
RAD51,IKZF1,0
IKZF1,CSF3R,0
IRF8,GM5111,0
NFAT5,IGSF6,0
EBF1,POR,0
NFAT5,NAMPT,0
RAD51,IRGM2,0
STAT2,FUT7,0
CBX7,UBA7,0
MEIS1,YBX1,0
NFAT5,IFI44,0
RPA2,XPC,0
RAD51,MTREX,0
RPA2,CLPTM1L,0
NFAT5,MCM5,0
FOXO1,GTF2F1,0
EBF1,BTG2,0
RAD51,STT3B,0
MEIS1,GRIA3,0
RPA2,CSF2RB,0
RPA1,GRINA,0
FOXO1,PLIN3,0
RAD51,SERPINA3G,0
RAD51,CTR9,0
RPA1,MAPKAPK3,0
GFI1B,PRIM1,0
SATB1,INPP5B,0
RPA1,HDAC7,0
SATB1,APLP2,0
RPA1,PRMT7,0
RPA1,SLC39A6,0
NFAT5,PGLYRP2,0
FOXO1,ABHD17B,0
EBF1,MOGS,0
STAT2,SERPINB1A,0
RPA2,ELP2,0
NFAT5,MYL10,0
GFI1B,HDAC11,0
RPA1,PTDSS1,0
SATB1,NKG7,0
NFAT5,TES,0
FOXO1,DOK2,0
CBX7,PLEKHO2,0
CBX7,CST7,0
RPA1,CCDC137,0
NFAT5,MARS,0
RAD51,TSPAN14,0
MEIS1,ALAS1,0
GATA2,HP,0
EBF1,ZFP451,0
ELF1,TGM2,0
IKZF1,MYCT1,0
FOXO1,MAGED2,0
SATB1,DLST,0
IKZF1,CPA3,0
GFI1B,RARB,0
RPA1,MARS,0
FOXO1,EMCN,0
RPA2,ARHGEF18,0
CBX7,CISH,0
RPA1,GCNT2,0
RAD51,BCL2,0
RPA1,TRMT11,0
RPA1,APBB1,0
RAD51,PRPF4,0
ELF1,FLNB,0
FOXO1,LAPTM4B,0
MEIS1,GBP7,0
ELF1,EMCN,0
CBX7,RABGGTB,0
GATA2,1700017B05RIK,0
CBX7,BC035044,0
CBX7,TYMS,0
RAD51,CTSF,0
NFAT5,PRIM1,0
STAT2,NFIA,0
FOXO1,ISYNA1,0
RAD51,TBC1D5,0
RPA2,GTF2F1,0
RPA1,MAML3,0
FOXO1,GLB1,0
CBX7,ADO,0
ELF1,CTLA2A,0
NFAT5,CFP,0
RAD51,SLC44A2,0
ELF1,TNIP3,0
HCFC1,SLC18A2,0
EBF1,SLC44A2,0
IKZF1,LY6C2,0
EBF1,ALAS1,0
WDR5,BTK,0
RPA1,PLEK,0
FOXO1,ELANE,0
GATA2,SPO11,0
RAD51,WDR5,0
NFAT5,ST8SIA4,0
STAT2,RAB37,0
WDR5,NSD2,0
RAD51,FOXRED1,0
CBX7,ANXA3,0
IRF8,ARL6IP6,0
RPA1,ORC6,0
CBX7,NCLN,0
RPA2,VAV3,0
GFI1B,BC005561,0
FOXO1,TRMT11,0
HDAC2,MMRN1,0
FOXO1,RORC,0
NFAT5,GMIP,0
NFAT5,MGAT5,0
FOXO1,CD48,0
NFAT5,COQ8A,0
RPA2,ARL8B,0
NFAT5,PIM2,0
RPA1,FOXRED1,0
RPA1,S100A6,0
RAD51,ELMO2,0
GFI1B,ORC6,0
IRF8,CISH,0
IRF8,PRDM16,0
SATB1,CYP4V3,0
EBF1,APOE,0
GFI1B,WDR55,0
RAD51,4833439L19RIK,0
CBX7,STAT2,0
RAD51,MICU1,0
ELF1,HDAC7,0
RPA2,CD9,0
NFAT5,ERCC8,0
GATA2,TPM4,0
RPA1,ELP2,0
RPA1,DNAJC10,0
NFAT5,NSD2,0
RPA2,SLC2A3,0
IRF8,ANXA1,0
FOXO1,IGTP,0
NFAT5,ZFP36,0
EBF1,LY6C2,0
ELF1,PCMTD1,0
STAT2,SNAP23,0
GFI1B,PLAC8,0
ELF1,MPO,0
NFAT5,NDE1,0
FOXO1,TM7SF3,0
CBX7,ATP6AP2,0
RPA1,ME2,0
GFI1B,IARS2,0
FOXO1,ANXA2,0
RPA2,PLPPR3,0
RAD51,DPP8,0
RPA2,USP11,0
EBF1,MYL10,0
STAT2,MS4A3,0
STAT2,MEIS1,0
FOXO1,FASTKD2,0
IRF8,CD52,0
RAD51,RANBP3,0
IRF8,CSTF2,0
GFI1B,PUS7,0
CBX7,CDCA4,0
WDR5,MYCT1,0
CBX7,TSPAN14,0
HDAC2,RAB44,0
CBX7,DHX33,0
RAD51,ARID3B,0
HDAC2,EMCN,0
RPA1,GTF2H1,0
RAD51,GM1966,0
NFAT5,MTMR6,0
IRF8,MLLT3,0
EBF1,NCEH1,0
NFAT5,DHFR,0
HCFC1,TRPS1,0
IRF8,KLF6,0
EBF1,MEIS1,0
GFI1B,IRF6,0
RPA1,RORA,0
WDR5,PHF10,0
FOXO1,TOR3A,0
GATA2,MYCN,0
FOXO1,E2F4,0
NFAT5,SLC30A5,0
CBFB,GATA2,0
SATB1,TLE2,0
STAT2,DOK2,0
IRF8,4833439L19RIK,0
GATA2,UHRF1,0
NFAT5,SOX18,0
GFI1B,PRSS57,0
GFI1B,HP,0
CBX7,TYROBP,0
RPA2,ADSSL1,0
NFAT5,IRF6,0
RAD51,SNRPB,0
FOXO1,ZBTB38,0
IRF8,GANAB,0
CBX7,ORC2,0
RPA2,RPS6KA5,0
RAD51,JARID2,0
NFAT5,SCARF1,0
STAT2,CSRP3,0
ELF1,CDC7,0
RAD51,NUPR1,0
STAT2,CD300A,0
WDR5,HDC,0
RPA1,EPSTI1,0
ELF1,ADA,0
HDAC2,LY6C2,0
RPA1,TRIM59,0
RPA2,RCSD1,0
IRF8,PBK,0
RPA2,UHRF1,0
GFI1B,FGFR1OP,0
FOXO1,GM1966,0
MYC,GM5111,0
GATA2,SLC19A1,0
RPA1,BC035044,0
EBF1,SATB1,0
NFAT5,PRPS2,0
NFAT5,TARS,0
IKZF1,TRPC6,0
NFAT5,HEXA,0
RAD51,TMX4,0
EBF1,CERK,0
GATA2,MPO,0
MEIS1,IRF8,0
CBX7,POR,0
GATA2,PDZK1IP1,0
IKZF1,EMID1,0
GATA2,CCL9,0
EBF1,MSH6,0
HCFC1,RAB44,0
GATA2,GALNT6,0
IRF8,TEAD2,0
FOXO1,MPL,0
FOXO1,CCNB2,0
ELF1,SESN1,0
IRF8,MYL10,0
RAD51,HMGB2,0
STAT2,NEURL3,0
GFI1B,NCLN,0
STAT2,TFR2,0
NFAT5,ITIH5,0
NFAT5,ANXA5,0
RPA2,G6PDX,0
FOXO1,UTP4,0
RPA2,FLT3,0
RPA1,TMX4,0
RAD51,PRKCH,0
SATB1,TNIP3,0
SATB1,NFIA,0
CBX7,JPT2,0
RPA2,TARS,0
RPA1,SLC19A1,0
RPA2,FIGNL1,0
RPA2,INTS13,0
RPA2,DCAF13,0
EBF1,ADGRG3,0
ELF1,RCSD1,0
CBX7,FOXRED1,0
CBX7,PHF11B,0
SATB1,BC005561,0
GATA2,SELL,0
RPA1,RAB31,0
RPA1,NFKBIA,0
GFI1B,DDX58,0
FOXO1,IRF9,0
RAD51,PTDSS1,0
RAD51,ALAS1,0
NFAT5,CYP2J9,0
RPA2,TYMS,0
GFI1B,G6PDX,0
HDAC2,CSF3R,0
RAD51,ZBTB38,0
STAT2,METTL7A1,0
RPA2,CCNB2,0
FOXO1,COPB1,0
GATA2,GLIPR2,0
RPA2,CHRNB1,0
NFAT5,TPM4,0
SATB1,GATA2,0
EBF1,TFG,0
CBX7,G6PDX,0
NFAT5,KLF6,0
EBF1,MAD2L1,0
SATB1,CCNB2,0
FOXO1,PRELID3B,0
RAD51,DNAJC11,0
RPA1,SLC44A2,0
IRF8,PDZK1IP1,0
RPA2,RNF4,0
RAD51,CSGALNACT2,0
RPA1,HMGB2,0
GATA2,BC035044,0
RAD51,RMND5A,0
RPA1,ANXA5,0
EBF1,MPL,0
RPA1,MAN2A2,0
FOXO1,DUSP1,0
RPA2,CBX7,0
FOXO1,ORC6,0
RPA2,WDR55,0
MEIS1,RORC,0
NFAT5,RGS2,0
ELF1,BC035044,0
STAT2,TCP11L2,0
IRF8,MED16,0
RAD51,UBE2L6,0
RAD51,GLB1,0
WDR5,SLCO3A1,0
RAD51,IGSF6,0
GATA2,CD300A,0
NFAT5,RPP40,0
NFAT5,XPC,0
GATA2,MLKL,0
WDR5,RUNX1T1,0
EBF1,SPI1,0
EBF1,EPSTI1,0
NFAT5,TUBGCP2,0
RPA2,GMCL1,0
IRF8,ALDH9A1,0
NFAT5,UMPS,0
RAD51,LGALS1,0
EBF1,GUSB,0
IRF8,FUCA2,0
SATB1,SMPDL3A,0
RAD51,MYO1G,0
GATA2,ITIH5,0
NFAT5,TRIB3,0
GATA2,MS4A3,0
ELF1,CHRNB1,0
IKZF1,ANXA2,0
RPA1,PTTG1IP,0
GFI1B,IL12A,0
NFAT5,TACC3,0
FOXO1,FCGR3,0
NFAT5,DNAJC10,0
NFAT5,HNRNPAB,0
EBF1,UNC93B1,0
CBX7,RMND5A,0
SATB1,ATP6AP1,0
RPA2,CASP12,0
CBX7,IGSF6,0
NFAT5,MSMO1,0
NFAT5,GPR160,0
IRF8,TRIM47,0
WDR5,HIF3A,0
FOXO1,GCNT2,0
RAD51,PARP8,0
ELF1,TCN2,0
WDR5,NFIA,0
FOXO1,BC035044,0
FOXO1,IDH1,0
RPA1,APOE,0
GFI1B,ATP6AP2,0
STAT2,GATA2,0
CBX7,PBK,0
WDR5,SMPDL3A,0
RPA2,ATP6AP2,0
WDR5,TCIRG1,0
GATA2,GIMAP6,0
EBF1,EYA2,0
RPA2,ATF7,0
CBX7,NCAPD2,0
NFAT5,EIF1AD,0
SATB1,F11R,0
GATA2,GNG11,0
NFAT5,E2F4,0
RAD51,MAGED2,0
IRF8,TXNDC11,0
STAT2,ARL11,0
GFI1B,MUC13,0
RPA1,FIGNL1,0
GATA2,H2-OB,0
FOXO1,PTGS1,0
RPA1,ABHD17B,0
FOXO1,SNAP47,0
RAD51,PTGS1,0
RPA2,RUVBL2,0
NFAT5,RFC4,0
MEIS1,TM7SF3,0
WDR5,PLAC8,0
CBX7,HK3,0
CBX7,TIE1,0
IRF8,GLIPR2,0
EBF1,ISYNA1,0
ELF1,PHF6,0
NFAT5,ITSN1,0
WDR5,NDN,0
ELF1,UBE2L6,0
GFI1B,PDZK1IP1,0
GFI1B,PSTPIP1,0
SPI1,SOX18,0
GFI1B,OTULINL,0
GFI1B,LGALS1,0
JUN,NAP1L3,0
SPI1,SHISA8,0
FOXO1,MRPL37,0
FOXO1,PARP8,0
NFAT5,MTREX,0
RAD51,TRIB3,0
RPA1,ITM2A,0
RAD51,PRODH,0
ELF1,APOE,0
CBX7,PSAT1,0
FOXO1,IARS,0
IRF8,IARS,0
JUN,UBL4A,0
FOXO1,H2-AA,0
EBF1,TIE1,0
SATB1,TSC22D3,0
CBX7,TRIM59,0
STAT2,RP2,0
FOXO1,IRGM2,0
EBF1,DCAF13,0
EBF1,NDE1,0
HCFC1,F11R,0
GFI1B,MPO,0
CBX7,TMEM173,0
FOXO1,MXD3,0
JUN,PLAC8,0
RPA2,PSEN1,0
NFAT5,FAM136A,0
RPA2,LZTS1,0
NFAT5,RUVBL2,0
EBF1,DDX58,0
JUN,EMID1,0
GATA2,IGSF6,0
ELF1,CKAP5,0
RAD51,NUP107,0
NFAT5,FUT7,0
EBF1,GALNT6,0
RPA1,HACD4,0
NFAT5,CCL4,0
NFAT5,LIG1,0
RAD51,PRELID3B,0
RPA2,LIG1,0
GFI1B,USP10,0
EBF1,PSTPIP1,0
WDR5,PROCR,0
RPA1,SMARCA2,0
EBF1,TMEM97,0
RPA1,SLC28A2,0
RAD51,FTSJ3,0
ELF1,CTSZ,0
FOXO1,PHB2,0
ELF1,OSBPL1A,0
GFI1B,BC035044,0
RPA1,ARL8B,0
NFAT5,GBP7,0
STAT2,CSAD,0
CBX7,MAD2L1,0
RAD51,CERS4,0
FOXO1,HELLS,0
RAD51,IRF9,0
RAD51,GMIP,0
RPA2,DHX33,0
EBF1,RARS,0
RAD51,PLEKHO2,0
HCFC1,KRT18,0
RPA2,CNRIP1,0
ELF1,PLAC8,0
FOXO1,RFC5,0
JUN,TEAD2,0
RAD51,SMPDL3A,0
GFI1B,NFAM1,0
RPA1,MPO,0
EBF1,MUC13,0
RPA2,APOE,0
MYC,ITM2A,0
RAD51,DHRS3,0
RPA2,INPP5B,0
RPA1,ZFP35,0
WDR5,EMILIN1,0
IKZF1,PDZK1IP1,0
MYC,FCGR3,0
EBF1,IL12A,0
CBX7,SPI1,0
RAD51,MARS,0
RPA1,RPA2,0
HCFC1,MPO,0
FOXO1,XAF1,0
GATA2,PROCR,0
FOXO1,CD82,0
RPA1,ST6GALNAC4,0
CBX7,DNM1L,0
IRF8,PRSS57,0
RPA1,MYO1F,0
ELF1,ABCG2,0
CBFB,RAB31,0
HCFC1,GNG11,0
EBF1,CYP2J6,0
GFI1B,SLA2,0
FOXO1,TBC1D9B,0
RAD51,IL12A,0
NFAT5,CDC6,0
FOXO1,SCARB1,0
EBF1,NCLN,0
GFI1B,STT3B,0
NFAT5,KRT18,0
RPA2,MEIS1,0
RPA1,MTFR1,0
STAT2,CREB5,0
RPA2,CCDC137,0
CBX7,NCF1,0
IRF8,ABCG2,0
GFI1B,CTSF,0
RPA1,CCL4,0
NFAT5,HP,0
RAD51,CNIH1,0
FOXO1,CTSG,0
EBF1,MYC,0
RPA2,YBX1,0
EBF1,FCGR2B,0
IRF8,PBX1,0
NFAT5,MYCT1,0
ELF1,GNG11,0
ELF1,OTULINL,0
RAD51,CLN5,0
RPA1,TLR4,0
RPA2,AP3S1,0
GATA2,RGS1,0
ELF1,NKG7,0
HCFC1,PBX1,0
CBX7,GIMAP5,0
WDR5,APOE,0
MEIS1,UBA7,0
GFI1B,LAPTM4B,0
WDR5,CD9,0
IRF8,MCM6,0
WDR5,IIGP1,0
MEIS1,IL21R,0
RPA2,UMPS,0
HCFC1,MS4A6C,0
RPA1,CUL3,0
FOXO1,MLLT3,0
NFAT5,FLNB,0
GFI1B,ALAS1,0
RAD51,PROCR,0
RPA2,EZR,0
ELF1,PTGS1,0
RPA1,USP11,0
ELF1,TRIM59,0
RAD51,CDCA4,0
CBX7,STT3B,0
NFAT5,RCC1,0
WDR5,EMID1,0
RPA1,ELMO2,0
NFAT5,PHB2,0
EBF1,SLCO3A1,0
WDR5,ADA,0
FOXO1,BACE1,0
RAD51,HNRNPAB,0
RPA2,FDFT1,0
NFAT5,NFE2,0
STAT2,HIF3A,0
CBX7,HMGB2,0
HCFC1,TES,0
RPA2,MAN2A2,0
MEIS1,TMEM173,0
RPA2,TBL3,0
ELF1,POR,0
RAD51,BTK,0
IRF8,IPO9,0
RPA2,RPA1,0
RAD51,AP3S1,0
CBX7,PAK1,0
SATB1,GRK3,0
FOXO1,GNG12,0
IRF8,EPAS1,0
ELF1,ITM2A,0
CBX7,RCC1,0
CBX7,CLEC12A,0
RPA1,FOXO1,0
SATB1,NUPR1,0
IKZF1,ADGRG3,0
ELF1,CSAD,0
WDR5,CCL4,0
STAT2,FLT3,0
RAD51,PIM2,0
RAD51,NCF1,0
EBF1,SHISA8,0
EBF1,JUN,0
CBFB,CCL9,0
RPA2,CDC7,0
CBX7,E2F4,0
GATA2,ATP8B4,0
RPA2,XPNPEP1,0
RPA2,RTP4,0
CBX7,CD48,0
NFAT5,ABCG2,0
RAD51,PCMTD2,0
RPA1,CLN5,0
IRF8,ATP6AP1,0
RPA1,TFG,0
FOXO1,LGALS1,0
RAD51,OTUD6B,0
CBX7,HCFC1,0
EBF1,SCARF1,0
GFI1B,SLC39A6,0
RPA2,PHB2,0
RAD51,ANXA1,0
RAD51,ZBTB20,0
IRF8,LY6A,0
RPA2,PHF11B,0
EBF1,KRT18,0
NFAT5,PLPPR3,0
FOXO1,EBI3,0
GFI1B,TBL3,0
RPA2,RPP40,0
GFI1B,TUBGCP2,0
RPA2,TNIP3,0
ELF1,RMND5A,0
NFAT5,CTLA2B,0
NFAT5,SLC18A2,0
NFAT5,FLT3,0
HCFC1,CTLA2B,0
RPA2,GPR160,0
CBX7,SERPINA3G,0
IRF8,MECOM,0
RPA2,SNRPB,0
ELF1,NSD2,0
RPA2,MCM6,0
RAD51,NFAM1,0
RPA2,MYO1F,0
RPA2,EML4,0
FOXO1,ZBTB20,0
FOXO1,DDX58,0
CBX7,CNIH1,0
FOXO1,DHRS3,0
IRF8,GNG12,0
IRF8,PRIM1,0
CBX7,NAMPT,0
FOXO1,DENND2D,0
FOXO1,FRRS1,0
RPA2,SPO11,0
SATB1,SELENBP1,0
FOXO1,MOB3C,0
IKZF1,KRT18,0
FOXO1,ARHGEF18,0
RPA1,INO80D,0
HCFC1,NKG7,0
NFAT5,ITM2A,0
SATB1,GM1966,0
JUN,HIF3A,0
RAD51,AKAP8L,0
IKZF1,CHRNB1,0
RPA1,BATF2,0
RAD51,CD69,0
RAD51,REL,0
GATA2,CTSG,0
RPA2,GRINA,0
RPA1,ATG12,0
HCFC1,GNG12,0
NFAT5,MLKL,0
RPA2,HEXA,0
RPA2,PANX1,0
GATA2,EBI3,0
RAD51,ZFP451,0
RPA2,LONP1,0
RPA1,PSTPIP1,0
NFAT5,TMEM97,0
EBF1,PLPPR3,0
NFAT5,PTDSS1,0
RPA1,CBX7,0
RPA2,CTR9,0
EBF1,DUS1L,0
RPA1,ATP6AP1,0
WDR5,SCARF1,0
RPA1,PHF11B,0
RPA2,LGALS1,0
NFAT5,TOPORS,0
NFAT5,EGR1,0
NFAT5,IL27RA,0
RAD51,MLLT3,0
IRF8,ITM2A,0
RAD51,PGLYRP2,0
FOXO1,XPNPEP1,0
RPA2,TMEM229B,0
STAT2,S100A6,0
EBF1,VDR,0
RPA1,SLC43A3,0
RPA1,MYCN,0
ELF1,SPNS2,0
RPA1,DOK2,0
STAT2,PGLYRP2,0
RPA2,POLR2B,0
GFI1B,PFKP,0
CBX7,PECAM1,0
CBFB,CYP2J6,0
EBF1,AGPS,0
RPA1,ZFP451,0
NFAT5,DDX20,0
NFAT5,PSEN1,0
ELF1,MED16,0
EBF1,MS4A6C,0
SATB1,PLAC8,0
CBX7,FCER1G,0
RPA2,SESN1,0
GFI1B,GIMAP6,0
RPA2,ZFP367,0
RAD51,CHRNB1,0
ELF1,ATP6AP2,0
FOXO1,GMIP,0
ELF1,MAGED2,0
HCFC1,PROCR,0
RAD51,NSD2,0
RPA2,MARS,0
HCFC1,ELANE,0
RPA1,AKAP8L,0
STAT2,BC035044,0
FOXO1,ZNRF2,0
RPA2,GOLT1B,0
FOXO1,ARL8B,0
SATB1,ZBTB16,0
RPA2,MKI67,0
EBF1,PTGR1,0
JUN,TCN2,0
EBF1,RPRD1B,0
RPA1,OSBPL1A,0
MYC,SLC18A2,0
CBX7,SNAP47,0
GATA2,TCF19,0
CBX7,XRCC3,0
EBF1,ZFP367,0
EBF1,TIMM29,0
ELF1,BTAF1,0
RAD51,UNC93B1,0
EBF1,PPP1R15A,0
CBX7,TAF12,0
RAD51,CYP2J9,0
FOXO1,CYB5R1,0
GFI1B,EML4,0
RPA2,JARID2,0
GFI1B,TMEM206,0
NFAT5,FGFR1OP,0
RAD51,SDF2L1,0
ELF1,GBP3,0
FOXO1,GRK3,0
RPA1,GM5111,0
RAD51,NCAPD2,0
CBX7,DENND1C,0
CBX7,MORC3,0
JUN,CPA3,0
RAD51,COPB1,0
WDR5,NAP1L3,0
MEIS1,IRF6,0
NFAT5,PEAR1,0
EBF1,FASTKD2,0
WDR5,MYB,0
ELF1,SHISA8,0
RPA1,GPR65,0
RPA1,MCM2,0
RAD51,PLAA,0
SATB1,CTLA2B,0
NFAT5,RUNX1T1,0
CBX7,ALDH9A1,0
FOXO1,BID,0
GFI1B,SAMD9L,0
WDR5,IRF6,0
NFAT5,TCIRG1,0
STAT2,NSD2,0
NFAT5,TBC1D10C,0
EBF1,CHORDC1,0
RPA1,RORC,0
NFAT5,FAM91A1,0
CBFB,CD300A,0
ELF1,MPL,0
RPA1,DUSP1,0
GATA2,GPR65,0
MEIS1,PLXNC1,0
CBX7,MOGS,0
RPA1,PANX1,0
EBF1,PPAT,0
STAT2,FCGR3,0
IRF8,LONP1,0
GFI1B,SERPINA3G,0
RPA2,MIS12,0
RPA1,CSAD,0
CBX7,PRSS57,0
RPA2,CCL4,0
RAD51,NDE1,0
RPA2,PPP1R15A,0
RAD51,RORA,0
IRF8,SALL2,0
CBX7,APOE,0
FOXO1,UHRF1,0
CBX7,MICU1,0
NFAT5,HK3,0
IRF8,ATP13A1,0
RPA2,METTL7A1,0
RPA2,CDCA4,0
NFAT5,UBA7,0
FOXO1,LCP2,0
HCFC1,PLAC8,0
FOXO1,RFC4,0
SATB1,CTSL,0
FOXO1,ZFP467,0
RPA2,COLGALT1,0
FOXO1,CERK,0
ELF1,PCMTD2,0
NFAT5,XRCC6,0
CBX7,NFKBIA,0
JUN,MS4A3,0
RPA1,ARID5A,0
EBF1,MYO1G,0
ELF1,TMEM97,0
HCFC1,GCNT2,0
RAD51,TBC1D10C,0
IRF8,MGAT5,0
RAD51,ERCC8,0
RPA1,ELF1,0
FOXO1,CCDC137,0
RPA1,E2F4,0
FOXO1,AHCYL1,0
NFAT5,JARID2,0
FOXO1,CCL4,0
NFAT5,SORT1,0
EBF1,WDR55,0
IRF8,TUBGCP2,0
RAD51,HACD3,0
JUN,MYCT1,0
FOXO1,PANX1,0
MEIS1,ADA,0
MEIS1,CTSZ,0
NFAT5,SLC28A2,0
FOXO1,RPS6KA3,0
RPA2,PLEK,0
CBX7,PSTPIP1,0
IRF8,SMPDL3A,0
RPA2,ELANE,0
EBF1,TRPC6,0
SATB1,ZFP367,0
FOXO1,IL27RA,0
MYC,CD300A,0
ELF1,IL21R,0
FOXO1,PUS7,0
WDR5,CCL9,0
NFAT5,TSC22D3,0
RPA1,IARS,0
ELF1,TK1,0
NFAT5,PLAC8,0
NFAT5,DENND1C,0
RPA1,NKG7,0
RPA2,GRIA3,0
STAT2,GM5111,0
HCFC1,MMRN1,0
RPA1,IARS2,0
RPA2,TSPAN14,0
FOXO1,GFI1B,0
WDR5,CYP2J6,0
JUN,MAPK12,0
IKZF1,CD52,0
GFI1B,PLEKHO2,0
RAD51,MAML3,0
CBFB,FES,0
GFI1B,STAT2,0
NFAT5,DENND2D,0
RAD51,PLD3,0
STAT2,H2-OB,0
RAD51,GANAB,0
IRF8,MYCN,0
FOXO1,MUC13,0
NFAT5,DCAF13,0
IRF8,JARID2,0
NFAT5,ABCB8,0
FOXO1,ZDHHC6,0
GFI1B,CTLA2B,0
RAD51,EPB41L4B,0
FOXO1,TYROBP,0
IKZF1,MYL10,0
RPA1,CDCA4,0
MEIS1,TRPC6,0
WDR5,PADI4,0
EBF1,TPM4,0
ELF1,PLPPR3,0
GFI1B,CBFB,0
FOXO1,ATP6AP2,0
EBF1,SRSF1,0
EBF1,METAP1,0
NFAT5,TMEM206,0
FOXO1,GANAB,0
ELF1,IFI44,0
CBX7,USP10,0
IRF8,POLE3,0
GFI1B,CD300A,0
EBF1,COPB1,0
NFAT5,GLB1,0
FOXO1,RUNX1T1,0
RPA2,JUN,0
RPA2,PTTG1IP,0
RPA2,EIF1AD,0
RPA1,RAD51,0
RAD51,MCM6,0
EBF1,REL,0
FOXO1,FAM111A,0
RPA2,ZFP945,0
GFI1B,TCN2,0
GATA2,PLPPR3,0
RPA1,REL,0
IRF8,IFI44,0
GATA2,CSRP3,0
NFAT5,PCMTD1,0
CBX7,RANGAP1,0
EBF1,CKAP5,0
RAD51,ACAA2,0
RAD51,INO80D,0
NFAT5,RANBP3,0
ELF1,FLT3,0
SATB1,MEIS1,0
FOXO1,EMID1,0
GFI1B,CAD,0
NFAT5,HDAC2,0
RPA2,UBE2L6,0
MEIS1,NDE1,0
CBX7,ZFP945,0
CBFB,NSD2,0
MYC,CCL4,0
IRF8,MOB3C,0
ELF1,USP37,0
RPA2,TIMM29,0
RPA2,MECOM,0
WDR5,CD300A,0
NFAT5,GIMAP6,0
RPA2,FAM111A,0
WDR5,SHISA8,0
NFAT5,CYP2J6,0
CBX7,FAM136A,0
GATA2,PUS7,0
CBX7,ACOT9,0
SATB1,ANXA2,0
RAD51,SALL2,0
CBX7,YBX1,0
CBFB,CASP1,0
FOXO1,CCL9,0
SATB1,EBI3,0
RAD51,NDN,0
FOXO1,PDZK1IP1,0
RAD51,HDAC2,0
NFAT5,SH2D5,0
GATA2,ANXA3,0
RAD51,BTG2,0
EBF1,CYB5R1,0
RPA2,CTLA2B,0
CBX7,MUC13,0
NFAT5,NFIA,0
RPA2,UBA7,0
FOXO1,CTR9,0
EBF1,PFKP,0
IKZF1,NR3C2,0
FOXO1,NSD2,0
FOXO1,RAB44,0
RPA2,MAML3,0
GATA2,BATF2,0
IKZF1,MAPK12,0
CBX7,CDC6,0
CBX7,CTC1,0
NFAT5,MYC,0
RAD51,CPA3,0
ELF1,CPA3,0
GFI1B,AP3S1,0
NFAT5,METTL27,0
MYC,MS4A6C,0
RAD51,MORC3,0
FOXO1,LAP3,0
GFI1B,BTK,0
CBFB,H2-OB,0
GATA2,HK3,0
RAD51,TPM4,0
JUN,AURKB,0
STAT2,METTL27,0
ELF1,EPSTI1,0
FOXO1,EPSTI1,0
RPA2,SNAP23,0
GFI1B,TM7SF3,0
RPA2,ZFP451,0
WDR5,CD52,0
RPA1,HCFC1,0
FOXO1,MARS,0
IRF8,TLE2,0
NFAT5,CSGALNACT1,0
IRF8,MAP4K2,0
RPA2,UBR7,0
SATB1,IFI44,0
NFAT5,CSGALNACT2,0
CBFB,ARHGEF18,0
RPA2,GIMAP5,0
CBX7,SLC44A2,0
SPI1,MPL,0
FOXO1,ZBTB16,0
EBF1,CHRNB1,0
SATB1,TEAD2,0
STAT2,SERPINB9,0
NFAT5,HACD3,0
NFAT5,PHF11B,0
EBF1,YBX1,0
FOXO1,TOP2A,0
STAT2,ARID3B,0
ELF1,ST6GALNAC4,0
RAD51,HLF,0
RPA2,EBF1,0
IRF8,HDC,0
ELF1,EBF1,0
SPI1,TGTP2,0
RAD51,LMO4,0
NFAT5,CHORDC1,0
ELF1,FCHO2,0
CBX7,LY6A,0
SATB1,PEAR1,0
RPA2,FAR1,0
RPA1,NFATC2,0
ELF1,RAB31,0
HCFC1,IKZF1,0
HCFC1,GM1966,0
GFI1B,MED16,0
RAD51,NFATC2,0
HCFC1,MAPK12,0
MEIS1,PECAM1,0
IRF8,PADI4,0
FOXO1,RPA2,0
RPA1,BTK,0
NFAT5,DEK,0
EBF1,DNM1L,0
RPA2,MRPL37,0
SATB1,IARS,0
WDR5,FLT3,0
FOXO1,SPNS2,0
HCFC1,TM6SF1,0
GFI1B,SORT1,0
RPA1,HIF3A,0
IRF8,FRRS1,0
EBF1,SOX18,0
NFAT5,ISYNA1,0
RPA2,COQ8A,0
RPA2,ACOT9,0
EBF1,DOK2,0
RAD51,TCF19,0
IRF8,TNIP3,0
RPA1,SATB1,0
CBX7,AP3S1,0
IRF8,ITSN1,0
CBX7,IL21R,0
RPA2,RARS,0
EBF1,PLXNC1,0
MEIS1,EMCN,0
CBFB,HP,0
NFAT5,ATP6AP1,0
GFI1B,BATF2,0
FOXO1,SERPINB1A,0
MEIS1,RPA2,0
IRF8,MPL,0
ELF1,RP2,0
EBF1,LAPTM4B,0
CBX7,CD300A,0
FOXO1,ACOT9,0
RAD51,MLKL,0
WDR5,EMCN,0
NFAT5,FES,0
EBF1,H2-AA,0
NFAT5,ELF1,0
RPA1,SPI1,0
SATB1,EMCN,0
ELF1,ATP11C,0
GFI1B,NCAPD2,0
RPA2,STXBP4,0
GFI1B,CCDC137,0
RAD51,SEH1L,0
IRF8,TRPC6,0
FOXO1,ZFP945,0
IRF8,ELANE,0
FOXO1,PEAR1,0
RPA2,HK3,0
RPA2,GUSB,0
RPA2,XRCC3,0
FOXO1,NDN,0
RPA2,RP2,0
NFAT5,ARL8B,0
GFI1B,PTTG1IP,0
RPA1,KPNA3,0
RAD51,USP10,0
NFAT5,ANXA3,0
IRF8,LAPTM4B,0
GFI1B,SERPINB9,0
GATA2,CBX7,0
ELF1,INPP5B,0
RPA2,E2F4,0
RPA1,RTP4,0
IRF8,RCC1,0
FOXO1,VDR,0
CBX7,CSF3R,0
FOXO1,TBXAS1,0
WDR5,ARHGEF39,0
NFAT5,NOP2,0
NFAT5,ATP6AP2,0
IRF8,LGALS1,0
RAD51,HELLS,0
RPA2,PLD3,0
NFAT5,CERS4,0
IRF8,MAPKAPK3,0
RPA1,DPP8,0
HCFC1,TIE1,0
CBX7,NFE2,0
NFAT5,ERLIN1,0
RPA1,PRKCH,0
ELF1,SLC43A3,0
HCFC1,LZTS1,0
RAD51,RGCC,0
FOXO1,ZDHHC13,0
NFAT5,CLPTM1L,0
HDAC2,TNIP3,0
IKZF1,PHF11B,0
RPA2,FCGR2B,0
EBF1,KCTD12,0
HCFC1,CD300A,0
STAT2,FLOT2,0
RPA1,PCMTD2,0
RPA1,ARID3B,0
RAD51,TOR3A,0
IRF8,DNAJC11,0
EBF1,KPNA3,0
CBFB,FGL2,0
IRF8,RRM1,0
NFAT5,SERPINB9,0
HCFC1,NSD2,0
GFI1B,UMPS,0
RPA2,RANBP3,0
SATB1,H1F0,0
IRF8,CSGALNACT2,0
RPA2,GALNT6,0
EBF1,SH2D5,0
GFI1B,GANAB,0
RPA2,SOX18,0
RAD51,MYCT1,0
GATA2,PLEK,0
RPA2,RUNX1T1,0
STAT2,IGSF6,0
RPA1,DENND2D,0
RPA1,CTLA2A,0
SATB1,CD9,0
HCFC1,VAV3,0
NFAT5,ARID5A,0
CBFB,EMCN,0
WDR5,ANXA2,0
IRF8,CDC45,0
NFAT5,NKG7,0
EBF1,CSF3R,0
GATA2,ELANE,0
IKZF1,ANXA3,0
FOXO1,TIPIN,0
CBX7,GNG11,0
SATB1,HP,0
RPA2,AKNA,0
STAT2,PROCR,0
STAT2,MAGED2,0
RPA2,IARS,0
STAT2,CTSL,0
WDR5,CERK,0
ELF1,HLF,0
EBF1,SGMS1,0
HCFC1,SATB1,0
EBF1,H1F0,0
FOXO1,SDF2L1,0
RPA1,SORT1,0
RPA1,PRSS57,0
RPA2,PLAC8,0
GFI1B,UAP1,0
FOXO1,CASP12,0
ELF1,EPB41L4B,0
RPA2,AKAP8L,0
ELF1,NFKBIA,0
RAD51,SHMT1,0
RAD51,FLNB,0
RAD51,S100A6,0
SATB1,NDN,0
CBX7,ACAA2,0
MEIS1,IARS2,0
FOXO1,GRINA,0
IRF8,PECAM1,0
NFAT5,IRGM2,0
GFI1B,GMCL1,0
IKZF1,AFAP1L1,0
RPA2,UNC93B1,0
FOXO1,RAB37,0
RPA2,FCER1G,0
FOXO1,GIMAP5,0
MEIS1,PGLYRP2,0
RPA2,HDC,0
FOXO1,WDR5,0
NFAT5,GIMAP1,0
RAD51,CD74,0
GATA2,NSD2,0
RPA2,SHMT1,0
RPA1,LONP1,0
NFAT5,MAN2A2,0
WDR5,PUS7,0
RPA2,BCL2,0
FOXO1,CASP1,0
RPA2,CSF3R,0
WDR5,CREB5,0
ELF1,MAN2A2,0
RPA1,CPA3,0
RPA2,CCDC50,0
ELF1,FLOT2,0
FOXO1,SAMD9L,0
RPA1,PEAR1,0
NFAT5,PHF10,0
SPI1,GRINA,0
NFAT5,USP10,0
FOXO1,GUSB,0
FOXO1,JPT2,0
EBF1,RORA,0
STAT2,TGM2,0
FOXO1,NFE2,0
EBF1,MTFR1,0
CBX7,ITM2A,0
EBF1,FLT3,0
CBX7,OTUD6B,0
IRF8,APBB1,0
FOXO1,PRPF4,0
STAT2,EBF1,0
RPA1,H2-AA,0
RAD51,FEM1B,0
MEIS1,ACOT9,0
FOXO1,IARS2,0
GFI1B,TBXAS1,0
SATB1,MCM2,0
EBF1,CENPK,0
WDR5,AFAP1L1,0
RPA2,MXD3,0
EBF1,ARHGEF18,0
NFAT5,CSF3R,0
CBFB,BATF2,0
GFI1B,CLN5,0
SATB1,FGL2,0
FOXO1,PAK1,0
HCFC1,VDR,0
CBX7,CD52,0
RAD51,GBP7,0
RAD51,CYBC1,0
GFI1B,FCER1G,0
ELF1,MFNG,0
RPA1,GMNN,0
IRF8,CCDC50,0
IRF8,RRM2,0
FOXO1,POLD1,0
RAD51,CLEC12A,0
FOXO1,PTGR1,0
RPA2,JPT2,0
NFAT5,GUSB,0
RPA1,ACOT9,0
GFI1B,GIMAP5,0
RPA2,SRSF1,0
MEIS1,SERPINB1A,0
GFI1B,RPA2,0
CBX7,IRGM2,0
RPA1,XRCC3,0
NFAT5,RASSF4,0
RPA1,EIF1AD,0
SATB1,PROCR,0
RPA1,DDX20,0
EBF1,IGTP,0
STAT2,SLC2A3,0
NFAT5,NFKBIA,0
GFI1B,MCM6,0
CBX7,GM5111,0
RPA1,CHRNB1,0
FOXO1,SHISA8,0
CBFB,BC035044,0
RPA1,EPB41L4B,0
RPA1,DEF8,0
GFI1B,FCGR3,0
IKZF1,TBXAS1,0
RPA2,MCM2,0
EBF1,CD48,0
NFAT5,ABL1,0
HCFC1,IIGP1,0
RAD51,CCDC50,0
GATA2,H2-AA,0
RPA2,MAPK12,0
WDR5,FES,0
RPA2,DENND1C,0
GFI1B,RASSF4,0
GFI1B,XRCC3,0
EBF1,SSH3,0
EBF1,ATF7,0
WDR5,SLC18A2,0
IRF8,FIGNL1,0
GFI1B,PRMT7,0
SATB1,XRCC3,0
CBX7,MCM4,0
NFAT5,GRINA,0
ELF1,TRPC6,0
RPA1,PBK,0
JUN,PRSS57,0
RPA1,IDH1,0
NFAT5,BID,0
RPA2,SELL,0
NFAT5,IRF7,0
RAD51,PANX1,0
ELF1,CYP2J6,0
SATB1,ADGRG3,0
IRF8,NDN,0
RPA1,CCDC50,0
FOXO1,LY6A,0
EBF1,PCLAF,0
STAT2,TRPC6,0
RAD51,REXO4,0
RPA2,GM5111,0
RPA2,SLC30A5,0
FOXO1,ATP13A1,0
RPA1,ZBTB20,0
SATB1,RASA4,0
RPA1,RARS,0
NFAT5,RORC,0
RPA1,GRK3,0
STAT2,FGL2,0
RPA1,FLT3,0
FOXO1,CPA3,0
RAD51,TFR2,0
GFI1B,CHRNB1,0
NFAT5,TNFRSF21,0
SATB1,RP2,0
CBX7,CKAP5,0
EBF1,S100A6,0
STAT2,GPR160,0
MEIS1,USP11,0
FOXO1,SLC39A6,0
GFI1B,CISH,0
NFAT5,RARS,0
RAD51,RABGGTB,0
ELF1,CTSO,0
NFAT5,TCP11L2,0
RAD51,TGTP2,0
NFAT5,AHCYL1,0
RAD51,ZFP945,0
IKZF1,FCER1G,0
CBX7,AURKB,0
ELF1,ARID3B,0
EBF1,SELENBP1,0
ELF1,IPO9,0
GFI1B,REXO4,0
GFI1B,PCMTD2,0
NFAT5,GATA2,0
ELF1,CD74,0
RAD51,YBX1,0
GFI1B,EMID1,0
CBX7,GTF2H1,0
GFI1B,EPAS1,0
EBF1,ARL8B,0
RPA1,TM6SF1,0
STAT2,MAN2A2,0
NFAT5,MOGS,0
HCFC1,PLPPR3,0
EBF1,TAF12,0
RAD51,TMEM229B,0
FOXO1,MS4A6C,0
EBF1,ANXA3,0
GFI1B,NADK,0
RPA2,SMPDL3A,0
IRF8,REL,0
GFI1B,FDFT1,0
JUN,MMRN1,0
RPA2,BC005561,0
RPA2,ITIH5,0
CBFB,SOX18,0
IRF8,AFAP1L1,0
GFI1B,CD9,0
RPA2,IPO9,0
IRF8,USP37,0
MYC,MPL,0
CBFB,F11R,0
IRF8,GNG11,0
ELF1,SORT1,0
RPA2,CTSZ,0
EBF1,CBFB,0
GATA2,CD74,0
RPA2,REXO4,0
RPA1,TTF2,0
RPA2,ZBTB16,0
GFI1B,EZR,0
IRF8,MTFR1,0
RPA2,LDHB,0
GATA2,ITGAL,0
SATB1,RFC5,0
HCFC1,PADI4,0
RAD51,SNX30,0
GATA2,CDCA4,0
GFI1B,GPR65,0
FOXO1,CDC6,0
ELF1,RAB44,0
NFAT5,MAP4K2,0
HCFC1,SPO11,0
RPA1,CYP4V3,0
IRF8,ATG12,0
FOXO1,SLC44A2,0
NFAT5,ADSSL1,0
IRF8,POR,0
RPA2,TCN2,0
CBX7,KAT7,0
ELF1,METTL27,0
NFAT5,SPNS2,0
RAD51,GMCL1,0
RPA2,CDCA8,0
RPA2,CNIH1,0
IKZF1,CD74,0
RPA2,PDZK1IP1,0
RPA1,MYL10,0
RPA2,ANXA5,0
RPA1,CSRP3,0
RPA2,CERS4,0
SATB1,PRPS2,0
WDR5,PRKCQ,0
RPA2,PHF6,0
NFAT5,CENPK,0
FOXO1,FLNB,0
RPA1,LCP2,0
RAD51,NFKBIA,0
RPA2,FOXRED1,0
GATA2,LMO4,0
CBX7,CYP2J6,0
SATB1,PLPPR3,0
CBX7,RRM2,0
RPA2,ICAM1,0
SATB1,APOE,0
RPA1,XRCC6,0
GFI1B,PEAR1,0
NFAT5,PRMT7,0
GATA2,ITM2A,0
NFAT5,TLR4,0
NFAT5,SNAP23,0
HCFC1,PSTPIP1,0
GFI1B,TBC1D10C,0
CBX7,MFNG,0
RPA1,MAD2L1,0
RPA2,FUT7,0
EBF1,NUDT19,0
CBX7,RPS6KA3,0
WDR5,PBX1,0
RPA1,ZBTB16,0
MEIS1,TGTP2,0
NFAT5,RGS1,0
IRF8,DEF8,0
RAD51,RELB,0
RAD51,GNS,0
RPA2,MTREX,0
MYC,CASP4,0
GFI1B,SMPDL3A,0
RPA1,PRDM16,0
NFAT5,MIS12,0
RPA1,CD48,0
GFI1B,FLNB,0
MEIS1,AURKB,0
NFAT5,UHRF1,0
MYC,HDC,0
RPA2,SH2D5,0
NFAT5,CASP4,0
NFAT5,AKNA,0
EBF1,IARS,0
FOXO1,RB1,0
CBX7,CD74,0
RAD51,RANGAP1,0
FOXO1,CTSO,0
WDR5,EPB41L4B,0
RPA1,RPS6KA3,0
RPA1,CASP1,0
EBF1,ITM2A,0
CBX7,PLD3,0
GFI1B,ANXA3,0
NFAT5,IARS,0
RPA1,NUDT19,0
GATA2,MRPL37,0
GFI1B,TIE1,0
EBF1,EML4,0
SATB1,CSF3R,0
IRF8,TK1,0
RAD51,ANXA3,0
RPA1,COLGALT1,0
RPA2,ISYNA1,0
NFAT5,NAP1L3,0
RPA1,HK3,0
STAT2,EBI3,0
RPA1,SLC30A5,0
WDR5,MAN2A2,0
CBX7,SELL,0
NFAT5,AGPS,0
SATB1,ARL11,0
EBF1,CTR9,0
RAD51,TMEM50B,0
NFAT5,TOP3B,0
EBF1,JARID2,0
SATB1,CASP1,0
FOXO1,VSIR,0
RPA2,FASTKD2,0
RPA2,UBL4A,0
ELF1,MYB,0
CBX7,MXD3,0
RPA2,4833439L19RIK,0
FOXO1,EPB41L4B,0
RAD51,OASL2,0
IRF8,MAML3,0
GFI1B,APBB1,0
CBX7,CDCA8,0
CBFB,CASP4,0
GFI1B,CST7,0
FOXO1,SSH3,0
STAT2,CTSG,0
IRF8,ANXA3,0
WDR5,ARHGEF18,0
CBX7,TBXAS1,0
STAT2,RHOF,0
RPA1,UBA7,0
EBF1,RASA4,0
EBF1,XPC,0
RAD51,MOGS,0
WDR5,ZBTB16,0
RAD51,PRIM2,0
GFI1B,SGMS1,0
FOXO1,OTULINL,0
FOXO1,GATA2,0
NFAT5,HCFC1,0
STAT2,PTGS1,0
EBF1,DPP8,0
IRF8,PLAC8,0
RPA2,TMEM206,0
RAD51,FCHO2,0
GFI1B,AFAP1L1,0
RPA1,MRPL37,0
NFAT5,HELLS,0
CBX7,FOXO1,0
IRF8,ADA,0
NFAT5,YBX1,0
RPA1,FAM136A,0
GATA2,SLC43A3,0
RPA1,FTSJ3,0
EBF1,TNIP3,0
RPA2,SLC18A2,0
EBF1,PRMT7,0
ELF1,FOXO1,0
SATB1,GRINA,0
WDR5,SSH3,0
RPA2,TES,0
RPA1,IGSF6,0
RPA2,LTB,0
NFAT5,HDAC11,0
NFAT5,ANXA1,0
RPA1,UAP1,0
EBF1,SLC18A2,0
HCFC1,RCSD1,0
RAD51,GRK3,0
RPA2,MUC13,0
RPA1,TESPA1,0
CBX7,TBC1D10C,0
RPA2,S100A6,0
GFI1B,LTB,0
CBX7,RELB,0
RPA2,TRPS1,0
CBX7,GSR,0
IRF8,G6PDX,0
SATB1,BID,0
CBX7,FCGR2B,0
WDR5,FCER1G,0
RPA1,4833439L19RIK,0
CBX7,MYO1F,0
HCFC1,ADGRG3,0
RAD51,LIG1,0
SATB1,FOXO1,0
IRF8,NADK,0
STAT2,ARHGEF18,0
NFAT5,ZFP467,0
IRF8,TOP2A,0
RAD51,XPNPEP1,0
RPA1,IRF9,0
STAT2,SLC28A2,0
RAD51,SLCO3A1,0
FOXO1,RARB,0
MEIS1,PPP1R15A,0
GFI1B,JPT2,0
FOXO1,TM6SF1,0
RAD51,VAV3,0
RAD51,CD52,0
JUN,CTSG,0
STAT2,CYP2J6,0
RAD51,ABL1,0
IRF8,RMND5A,0
RPA2,LY6A,0
RPA2,LCP2,0
HCFC1,CTSF,0
WDR5,RAB31,0
RAD51,CD300A,0
RPA2,STAT2,0
GATA2,TRIM59,0
RPA2,GNG12,0
CBX7,MS4A3,0
WDR5,CTSG,0
FOXO1,BATF2,0
EBF1,PAK1,0
RPA1,SNRPB,0
NFAT5,MPO,0
GATA2,EPSTI1,0
ELF1,HDC,0
CBFB,AFAP1L1,0
NFAT5,SSH3,0
EBF1,PNO1,0
EBF1,ATG12,0
RPA1,TBC1D10C,0
FOXO1,XRCC3,0
SATB1,MPL,0
NFAT5,METAP1,0
IRF8,LAP3,0
RPA1,PNO1,0
RPA2,XAF1,0
NFAT5,APOE,0
ELF1,PDZK1IP1,0
RPA2,MCM7,0
RAD51,MCM7,0
HCFC1,PRDM16,0
RPA2,REL,0
IRF8,SATB1,0
ELF1,VDR,0
GATA2,GIMAP1,0
CBX7,IIGP1,0
GFI1B,CYP2J9,0
RPA1,BTG2,0
SATB1,TRPC6,0
IRF8,MCM3,0
RAD51,ARL11,0
EBF1,IRGM2,0
FOXO1,WDR55,0
CBX7,H2-OB,0
RPA2,SMARCA2,0
IRF8,FLT3,0
STAT2,PDZK1IP1,0
RAD51,EZR,0
RPA1,GMIP,0
RPA1,LAPTM4B,0
CBX7,PA2G4,0
RPA1,COQ8A,0
RPA2,OTUD6B,0
RPA1,ACAA2,0
EBF1,GMCL1,0
RPA1,RARB,0
GATA2,RRM2,0
NFAT5,KAT7,0
SATB1,MAN2A2,0
RPA1,UNC93B1,0
FOXO1,DDX20,0
FOXO1,PADI4,0
RAD51,MPL,0
CBX7,SCARB1,0
SATB1,MAP4K2,0
GFI1B,KRT18,0
RPA1,LY6C2,0
STAT2,SLA,0
RPA1,KCTD12,0
GFI1B,POLD1,0
ELF1,MMRN1,0
WDR5,MPO,0
RPA1,TFR2,0
HCFC1,BATF2,0
GFI1B,ABCG2,0
IRF8,BC005561,0
ELF1,PRKCQ,0
RPA2,RFC5,0
IRF8,HDAC11,0
NFAT5,HACD4,0
EBF1,TM6SF1,0
RPA1,FCHO2,0
ELF1,LONP1,0
RAD51,PSEN1,0
RAD51,PLXNC1,0
RPA1,MGAT5,0
IRF8,RPS6KA3,0
RAD51,ARHGEF18,0
MYC,CTLA2A,0
GFI1B,TGTP2,0
RAD51,MGAT5,0
SATB1,BC035044,0
CBX7,TGM2,0
GFI1B,ORC2,0
JUN,SORT1,0
NFAT5,DUS1L,0
IRF8,DHFR,0
EBF1,EPAS1,0
RPA1,TGM2,0
CBX7,IL12A,0
RPA1,GLB1,0
RAD51,TOPORS,0
RAD51,POLR1B,0
RAD51,MCM3,0
RAD51,MFNG,0
RPA2,RORA,0
CBX7,H2-AA,0
NFAT5,KPNA3,0
RPA1,NFAT5,0
FOXO1,FCGR2B,0
RPA2,ABHD17B,0
MEIS1,EPSTI1,0
NFAT5,MFSD1,0
IKZF1,SSH3,0
NFAT5,TGM2,0
ELF1,TOP2A,0
WDR5,GALNT6,0
RPA2,TGTP2,0
RAD51,CYP4V3,0
RPA1,TMX3,0
RPA2,GMNN,0
NFAT5,RORA,0
MEIS1,MAPK12,0
RPA1,RPP40,0
STAT2,GRIA3,0
IRF8,HCFC1,0
RPA2,NDN,0
RAD51,EMID1,0
RAD51,TMEM97,0
ELF1,HDAC11,0
CBX7,TMEM43,0
EBF1,TTF2,0
RPA2,ANXA1,0
RPA1,LAP3,0
CBX7,ATP8B4,0
IRF8,PLAA,0
GFI1B,VDR,0
FOXO1,MKI67,0
ELF1,CTSF,0
RAD51,EYA2,0
FOXO1,AFAP1L1,0
RPA2,PHF10,0
IRF8,RGS1,0
ELF1,METTL7A1,0
RPA2,ZBTB20,0
NFAT5,FGL2,0
MYC,PDZK1IP1,0
RPA2,TMEM173,0
RPA1,BCL2,0
EBF1,TXNDC11,0
NFAT5,TFG,0
EBF1,GANAB,0
RPA1,NFIA,0
IRF8,CAD,0
JUN,PECAM1,0
FOXO1,OTUD6B,0
RPA1,CENPK,0
NFAT5,TMEM173,0
RPA1,CISH,0
MYC,IL12A,0
EBF1,RCC1,0
HCFC1,PDZK1IP1,0
NFAT5,RELB,0
RPA1,HELLS,0
GFI1B,PGLYRP2,0
GFI1B,GNG11,0
MEIS1,UBE2L6,0
ELF1,TIPIN,0
RPA2,TRIB3,0
GFI1B,MOB3C,0
ELF1,HP,0
RPA2,GTF2H1,0
EBF1,UBE2L6,0
SATB1,CASP12,0
EBF1,AKNA,0
NFAT5,GMNN,0
RAD51,CUL3,0
RAD51,MYCN,0
IRF8,LYN,0
RPA2,GM1966,0
GFI1B,CASP1,0
CBX7,XPNPEP1,0
FOXO1,ARID5A,0
WDR5,PRDM16,0
GFI1B,LMO4,0
EBF1,MCM2,0
FOXO1,CD300A,0
NFAT5,GFI1B,0
RPA2,MPO,0
GATA2,ST6GALNAC4,0
NFAT5,CISH,0
IRF8,AKNA,0
NFAT5,TOR3A,0
EBF1,PLAC8,0
IRF8,PNO1,0
FOXO1,MGAT5,0
GFI1B,HCFC1,0
FOXO1,VPS35,0
NFAT5,ZBTB38,0
EBF1,MYCN,0
RPA1,TPM4,0
FOXO1,SLA,0
RPA2,SCARF1,0
RAD51,NDRG1,0
CBFB,IFI44,0
IRF8,XRCC3,0
RPA1,HDAC2,0
GATA2,MS4A6C,0
CBX7,USP11,0
NFAT5,RCSD1,0
NFAT5,DNAJC11,0
ELF1,LY6C2,0
STAT2,CFP,0
RPA2,SNAP47,0
EBF1,ATP8B4,0
RPA1,STXBP4,0
RPA1,PSAT1,0
FOXO1,APBB1,0
EBF1,TMEM206,0
RPA1,ICAM1,0
GATA2,AGPS,0
RPA1,PTGS1,0
FOXO1,HK3,0
GFI1B,NFKBIA,0
CBX7,LIG1,0
ELF1,TEAD2,0
MEIS1,FCGR2B,0
CBX7,SNX30,0
CBX7,GM1966,0
JUN,EMCN,0
CBX7,IL27RA,0
RPA2,CKAP5,0
RAD51,HACD4,0
GFI1B,IRF7,0
GATA2,PHF6,0
RPA2,1700017B05RIK,0
EBF1,CTSZ,0
CBX7,SLC39A6,0
RAD51,SLC43A3,0
EBF1,PBX1,0
MEIS1,MAP4K2,0
EBF1,PLAG1,0
WDR5,PLXNC1,0
WDR5,CPA3,0
ELF1,SLC2A3,0
RPA1,SERPINB1A,0
RPA2,NSD2,0
FOXO1,TAF12,0
EBF1,BATF2,0
CBX7,CTR9,0
FOXO1,NFIA,0
RPA1,TRPC6,0
NFAT5,TMEM50B,0
CBX7,COPB1,0
CBFB,BACE1,0
GFI1B,MYO1G,0
RPA1,GPR160,0
RPA2,CSAD,0
RPA1,MAGED2,0
NFAT5,CLN5,0
RPA1,DHRS3,0
RPA1,CYP2J9,0
RAD51,ITIH5,0
IRF8,SH2D5,0
IRF8,TUBGCP3,0
NFAT5,PRIM2,0
IRF8,MYB,0
FOXO1,MS4A3,0
SATB1,LZTS1,0
RPA2,LY6C2,0
CBX7,MTMR6,0
NFAT5,TM7SF3,0
RAD51,RARS,0
FOXO1,UAP1,0
HCFC1,EMID1,0
NFAT5,RPS6KA5,0
SATB1,ERLIN1,0
HCFC1,TEAD2,0
FOXO1,MTREX,0
WDR5,MS4A6C,0
ELF1,ARHGEF18,0
RPA2,CLEC12A,0
RAD51,MAD2L1,0
RPA2,POR,0
RPA1,RMND5A,0
RPA2,TM7SF3,0
NFAT5,LAP3,0
RPA1,DEK,0
RPA2,TLE2,0
ELF1,RGCC,0
GATA2,DENND1C,0
JUN,EPB41L4B,0
RPA1,PGLYRP2,0
RPA1,RCSD1,0
IRF8,CBX7,0
JUN,BACE1,0
NFAT5,PRODH,0
GFI1B,PLEK,0
CBX7,SPO11,0
EBF1,EPB41L4B,0
CBX7,ST6GALNAC4,0
GATA2,CHRNB1,0
FOXO1,NCEH1,0
RPA1,PLEKHO2,0
RPA1,HLF,0
RPA1,FRRS1,0
EBF1,BTAF1,0
RAD51,SLA,0
RPA2,GPR65,0
RPA1,SCARB1,0
RPA1,PLD3,0
JUN,SLA,0
SATB1,CNRIP1,0
NFAT5,PTGS1,0
RPA1,SHMT1,0
RPA1,WDR5,0
WDR5,CTLA2A,0
FOXO1,NUPR1,0
HDAC2,IFI44,0
CBX7,S100A6,0
EBF1,TBC1D10C,0
RAD51,VDR,0
IRF8,CTSF,0
IRF8,SLC25A46,0
RPA1,TUBGCP2,0
GFI1B,HLF,0
FOXO1,EMILIN1,0
FOXO1,ABL1,0
RPA2,NR3C2,0
RAD51,BC005561,0
FOXO1,GBP3,0
IRF8,MICU1,0
RAD51,PLIN3,0
GFI1B,HACD4,0
ELF1,HELLS,0
CBX7,SLC25A46,0
RPA2,USP10,0
RAD51,CFP,0
RPA2,DUSP1,0
SATB1,LMO4,0
HCFC1,LTB,0
RPA1,EYA2,0
GATA2,CD53,0
FOXO1,PLXNC1,0
STAT2,CTLA2B,0
RAD51,SELL,0
RAD51,TRPS1,0
RPA1,SLC18A2,0
IRF8,TRIM59,0
ELF1,ATP6AP1,0
CBX7,GCNT2,0
RAD51,XAF1,0
GFI1B,APLP2,0
MEIS1,CFP,0
NFAT5,SPO11,0
NFAT5,AFAP1L1,0
CBX7,TGTP2,0
RPA1,LDHB,0
ELF1,CD52,0
GFI1B,CTSO,0
SATB1,CSAD,0
NFAT5,LY6A,0
MEIS1,MS4A3,0
CBX7,TFR2,0
CBX7,PRODH,0
NFAT5,ZBTB16,0
RPA2,ORC2,0
GATA2,FLT3,0
GFI1B,ELANE,0
WDR5,PAK1,0
NFAT5,RRM1,0
ELF1,PCLAF,0
ELF1,ST8SIA4,0
RPA1,SELL,0
JUN,SLCO3A1,0
RAD51,GM5111,0
GFI1B,CBX7,0
RPA2,CTSF,0
NFAT5,BCL2,0
EBF1,LONP2,0
GFI1B,MS4A3,0
ELF1,RARB,0
CBX7,TIMM29,0
STAT2,RASSF4,0
RAD51,FIGNL1,0
HCFC1,TRPC6,0
MYC,CPA3,0
RPA1,RFC4,0
FOXO1,GNG11,0
IRF8,IL27RA,0
FOXO1,ATP6AP1,0
RAD51,DNM1L,0
CBX7,MYCN,0
GFI1B,TRIM59,0
HDAC2,PECAM1,0
NFAT5,CDCA8,0
IRF8,CTSL,0
RAD51,TCN2,0
NFAT5,H2-AA,0
RAD51,ARL6IP6,0
RPA1,CD300A,0
EBF1,PBK,0
EBF1,MS4A3,0
MEIS1,FCGR3,0
NFAT5,LCP2,0
FOXO1,SLC30A5,0
RAD51,TIPIN,0
NFAT5,REL,0
EBF1,PRSS57,0
IRF8,AP3S1,0
FOXO1,CDC7,0
CBX7,SCARF1,0
RPA2,MIS18BP1,0
HDAC2,KRT18,0
ELF1,CSRP3,0
WDR5,SELENBP1,0
NFAT5,DHRS3,0
GATA2,TBXAS1,0
GATA2,CSGALNACT1,0
CBX7,4833439L19RIK,0
RPA2,MFSD1,0
RPA2,TOPORS,0
CBX7,GBP3,0
RPA2,NOP2,0
RAD51,HEXA,0
JUN,AFAP1L1,0
ELF1,SNAP23,0
CBX7,CERS4,0
HCFC1,SCARF1,0
RPA1,MLKL,0
NFAT5,UNC93B1,0
MEIS1,ARHGEF18,0
JUN,GNG11,0
GFI1B,KLF6,0
HCFC1,MYCT1,0
FOXO1,UBE2L6,0
RPA2,KCTD12,0
GFI1B,LDHB,0
FOXO1,PSAT1,0
RPA2,H2-OB,0
CBFB,IGSF6,0
GFI1B,JARID2,0
SATB1,TRIM47,0
NFAT5,MCM2,0
FOXO1,NUDT19,0
RPA1,TMEM43,0
RPA2,PREP,0
CBX7,GTF2F1,0
RAD51,MCM4,0
HCFC1,ARHGEF18,0
WDR5,MYC,0
STAT2,PLAC8,0
RAD51,POLE3,0
IRF8,FLNB,0
RPA2,PRKCQ,0
IRF8,OTULINL,0
WDR5,MAML3,0
CBX7,ANXA1,0
EBF1,GCNT2,0
SATB1,ABCG2,0
RPA1,ZDHHC6,0
MEIS1,CPA3,0
MEIS1,TK1,0
CBX7,UBE2L6,0
ELF1,NUPR1,0
NFAT5,MED16,0
EBF1,TIPIN,0
IRF8,TM7SF3,0
FOXO1,SPNS3,0
IRF8,MFNG,0
MEIS1,RMND5A,0
ELF1,PRSS57,0
CBX7,SAMD9L,0
GFI1B,XPC,0
RPA2,PECAM1,0
GFI1B,SLC43A3,0
NFAT5,HIF3A,0
NFAT5,SDF2L1,0
RPA1,GBP2,0
NFAT5,H1F0,0
EBF1,SLC2A3,0
RPA1,CSGALNACT2,0
EBF1,BTK,0
RAD51,ADO,0
RPA1,GBP7,0
CBX7,NADK,0
CBX7,TARS,0
RPA1,PIM2,0
RPA2,CDT1,0
MEIS1,MYCT1,0
GFI1B,RCSD1,0
GFI1B,MARS,0
SPI1,PRDM16,0
RPA1,MMRN1,0
RPA1,RB1,0
JUN,LZTS1,0
RPA1,ZEB2,0
GFI1B,GBP2,0
RAD51,CENPK,0
RPA1,DHFR,0
IRF8,RASSF4,0
CBX7,LAPTM4B,0
NFAT5,RPRD1B,0
EBF1,INPP5B,0
GFI1B,MMRN1,0
NFAT5,CD48,0
RPA2,CSRP3,0
CBX7,LY6C2,0
CBX7,TOP3B,0
NFAT5,TTF2,0
IRF8,SDF2L1,0
RPA2,SPNS3,0
CBX7,CTLA2A,0
MEIS1,TPM4,0
IRF8,POLD1,0
RAD51,CDC6,0
ELF1,MYC,0
MEIS1,RCSD1,0
RPA1,TXNDC11,0
RPA2,STT3B,0
RAD51,FCGR2B,0
WDR5,RARB,0
NFAT5,TBL3,0
NFAT5,SELENBP1,0
NFAT5,CDT1,0
FOXO1,AP3S1,0
FOXO1,NR3C2,0
IRF8,PROCR,0
STAT2,CSF3R,0
FOXO1,PRPS2,0
RAD51,INTS13,0
NFAT5,CLEC12A,0
RPA1,MIS18BP1,0
EBF1,ERLIN1,0
RAD51,IDH1,0
NFAT5,SNRPB,0
RPA1,PRIM1,0
NFAT5,GTF2H1,0
IRF8,CASP12,0
RAD51,SNAP47,0
JUN,PLPPR3,0
RAD51,MED16,0
RPA1,NSD2,0
RPA2,PRSS57,0
CBX7,UBR7,0
MEIS1,MYCN,0
RPA1,NDN,0
CBFB,LY6C2,0
EBF1,SNRPB,0
JUN,RASSF4,0
CBX7,TLR4,0
GFI1B,IRGM2,0
IRF8,PRELID3B,0
HCFC1,AFAP1L1,0
RPA1,GIMAP6,0
JUN,CYP2J9,0
RPA1,XAF1,0
FOXO1,TIE1,0
FOXO1,KRT18,0
NFAT5,GPR65,0
NFAT5,RPS6KA3,0
ELF1,NDN,0
IRF8,NCAPD2,0
FOXO1,NDE1,0
SATB1,RASSF4,0
NFAT5,CKAP5,0
CBX7,FASTKD2,0
RPA1,CTC1,0
WDR5,CTSZ,0
RPA1,PLIN3,0
RPA2,RFC4,0
CBX7,ATP13A1,0
CBX7,CD69,0
IRF8,SLC43A3,0
CBX7,GANAB,0
GFI1B,SHISA8,0
HDAC2,GALNT6,0
FOXO1,MCM2,0
RPA2,KRT18,0
RPA1,TBC1D5,0
EBF1,WDR4,0
SATB1,RAB44,0
EBF1,CD9,0
NFAT5,NDRG1,0
RAD51,PUS7,0
RAD51,NFIA,0
GATA2,F11R,0
RAD51,SRSF1,0
RPA1,ISYNA1,0
GFI1B,MAPKAPK3,0
RAD51,DCAF13,0
FOXO1,PHF6,0
RPA1,EMCN,0
WDR5,GM5111,0
SPI1,MAPK12,0
MEIS1,NSD2,0
RPA2,SATB1,0
RPA2,IRF9,0
NFAT5,PRDM16,0
RPA1,CTSL,0
NFAT5,4833439L19RIK,0
ELF1,MYO5A,0
GATA2,TMEM173,0
FOXO1,CAD,0
NFAT5,DHX33,0
FOXO1,IRF7,0
MEIS1,GRK3,0
MEIS1,CERK,0
NFAT5,COPB1,0
CBFB,SELENBP1,0
RAD51,GPR65,0
RAD51,NKG7,0
RPA2,LYN,0
CBX7,PGLYRP2,0
IKZF1,PLAC8,0
RPA2,ADO,0
FOXO1,FUCA2,0
IRF8,XPNPEP1,0
NFAT5,TOP2A,0
NFAT5,TBC1D9B,0
RPA1,B230219D22RIK,0
CBX7,ATP6AP1,0
RPA2,TRIM35,0
RPA1,CD52,0
IRF8,WDR55,0
HCFC1,GRIA3,0
RPA1,GMCL1,0
RPA1,FCGR3,0
NFAT5,JPT2,0
WDR5,GCNT2,0
FOXO1,SCARF1,0
SATB1,RUNX1T1,0
NFAT5,SETD2,0
GFI1B,DUSP1,0
GFI1B,ACOX1,0
FOXO1,PBK,0
CBX7,XAF1,0
GFI1B,TPM4,0
RPA2,GBP3,0
RAD51,FAM91A1,0
RPA1,MUC13,0
GFI1B,CKAP5,0
RPA1,MFNG,0
IRF8,UTP4,0
NFAT5,MCM7,0
IRF8,FOXO1,0
FOXO1,XPC,0
RAD51,LONP1,0
FOXO1,CD69,0
RAD51,IL21R,0
FOXO1,PHF11B,0
IRF8,DUSP1,0
RPA2,MYC,0
RPA1,TRIB3,0
RPA1,PPP1R15A,0
CBX7,TUBGCP2,0
GFI1B,ZFP945,0
STAT2,PADI4,0
FOXO1,FTSJ3,0
STAT2,SLA2,0
FOXO1,PROCR,0
ELF1,PTTG1IP,0
RPA2,PSAT1,0
MEIS1,DOK2,0
RPA2,RARB,0
NFAT5,ANXA2,0
RPA2,CUL3,0
NFAT5,OTULINL,0
RPA1,OASL2,0
GATA2,IRF8,0
GFI1B,IGSF6,0
CBFB,MS4A6C,0
RPA2,TMX4,0
RPA2,RAB31,0
NFAT5,ZDHHC13,0
EBF1,PIM2,0
RAD51,PLPPR3,0
CBX7,RARS,0
RAD51,MIS18BP1,0
IRF8,PTGR1,0
GFI1B,USP11,0
RPA1,ITIH5,0
FOXO1,MYL10,0
MEIS1,PRPS2,0
CBFB,LY6A,0
RPA2,CD69,0
FOXO1,EML4,0
GFI1B,PRPS2,0
IRF8,ITIH5,0
FOXO1,PRODH,0
RPA1,CSF2RB,0
GFI1B,MOGS,0
NFAT5,GBP3,0
EBF1,ANXA2,0
WDR5,TFR2,0
RPA1,ZBTB38,0
NFAT5,SAMD9L,0
GFI1B,SPO11,0
GFI1B,PSEN1,0
EBF1,TMX3,0
RPA1,ORC2,0
RPA2,HACD3,0
STAT2,MPL,0
GFI1B,ARL8B,0
HCFC1,HK3,0
GFI1B,AKNA,0
IRF8,ATP11C,0
STAT2,H2-AA,0
RAD51,IRF8,0
ELF1,HDAC2,0
NFAT5,WDR5,0
JUN,SPNS3,0
ELF1,PECAM1,0
RPA1,SEH1L,0
RPA1,PLAA,0
MEIS1,MAGED2,0
CBX7,TCP11L2,0
FOXO1,KAT7,0
ELF1,NFE2,0
IRF8,CDC6,0
RAD51,HDC,0
HCFC1,MS4A3,0
RPA2,GMFB,0
RPA2,ZEB2,0
CBX7,MSH6,0
FOXO1,TGM2,0
STAT2,CNRIP1,0
HCFC1,IL12A,0
CBX7,EBI3,0
RPA1,HACD3,0
IRF8,COLGALT1,0
RAD51,IFI44,0
CBX7,OSBPL1A,0
HCFC1,OTULINL,0
EBF1,MFSD14B,0
RPA2,HP,0
RPA1,TSC22D3,0
EBF1,SERPINB9,0
HCFC1,CCL9,0
NFAT5,RRM2,0
NFAT5,HMGB2,0
IRF8,PARP8,0
RPA1,POR,0
IRF8,MOGS,0
CBX7,ABCG2,0
NFAT5,IKZF1,0
EBF1,CD53,0
RPA2,IIGP1,0
RPA2,CENPK,0
SATB1,GPR160,0
RAD51,GBP3,0
RPA2,USP37,0
RPA2,CERK,0
SATB1,GM5111,0
STAT2,EPB41L4B,0
NFAT5,MAPK1,0
EBF1,CTSF,0
CBX7,ITSN1,0
RAD51,INPP5B,0
ELF1,PTGR1,0
NFAT5,PTGR1,0
NFAT5,FCER1G,0
RPA2,NFIA,0
RPA1,TCF19,0
IRF8,SPNS2,0
RPA2,ZFP467,0
ELF1,SCARF1,0
RPA2,CTSL,0
NFAT5,SCARB1,0
EBF1,RAD51,0
ELF1,CNIH1,0
IRF8,KPNA3,0
WDR5,GRIA3,0
CBX7,NUPR1,0
RPA2,PLAG1,0
RAD51,SH2D5,0
CBX7,DCAF13,0
IKZF1,SOX18,0
HCFC1,RORC,0
ELF1,NDRG1,0
IRF8,BCL2,0
FOXO1,CD9,0
NFAT5,RPA2,0
NFAT5,FLOT2,0
CBX7,NSD2,0
FOXO1,MAD2L1,0
IKZF1,GNG11,0
GFI1B,POLR2B,0
SATB1,SNAP47,0
CBX7,TFG,0
EBF1,F11R,0
RAD51,IRF6,0
IRF8,SORT1,0
RPA1,RANBP3,0
IKZF1,ATP6AP1,0
JUN,LY6C2,0
GFI1B,RHOF,0
RPA1,AKNA,0
CBX7,MAGED2,0
EBF1,NDN,0
RPA1,LMO4,0
RAD51,CDCA8,0
RPA1,FAR1,0
STAT2,MPO,0
FOXO1,TGTP2,0
RPA1,ZFP24,0
RPA1,FGL2,0
NFAT5,CPA3,0
SATB1,MECOM,0
WDR5,GPR160,0
RPA2,FES,0
HCFC1,SERPINA3G,0
NFAT5,NDN,0
RAD51,PHF11B,0
RPA2,MYL10,0
STAT2,TLE2,0
FOXO1,TLE2,0
RAD51,MAP4K2,0
STAT2,RUNX1T1,0
RAD51,EMCN,0
NFAT5,ARL6IP6,0
EBF1,PRPF4,0
MEIS1,RP2,0
GATA2,CTSO,0
ELF1,CD9,0
RAD51,RFC5,0
GFI1B,PLD3,0
EBF1,PDZK1IP1,0
GFI1B,RP2,0
ELF1,ADSSL1,0
CBX7,CALCRL,0
MYC,PECAM1,0
RPA1,UHRF1,0
GFI1B,COQ8A,0
RAD51,ATP6AP1,0
NFAT5,ALDH9A1,0
CBX7,DNAJC10,0
RPA1,YBX1,0
FOXO1,ACOX1,0
EBF1,MTMR6,0
JUN,ADGRG3,0
ELF1,FAM136A,0
RAD51,GOLPH3,0
RPA1,SMPDL3A,0
GFI1B,GBP7,0
ELF1,GRIA3,0
RPA1,CTLA2B,0
GATA2,RPS6KA3,0
IKZF1,MPO,0
IRF8,CSRP3,0
SATB1,EZR,0
RPA2,NUPR1,0
RPA1,LTB,0
FOXO1,MFNG,0
RPA2,VDR,0
IRF8,RPA1,0
ELF1,ZEB2,0
RPA1,FCER1G,0
MEIS1,MAN2A2,0
IRF8,IRF6,0
STAT2,PLPPR3,0
RPA2,PBK,0
RPA2,RAB44,0
RAD51,MS4A6C,0
WDR5,ELANE,0
GFI1B,LY6C2,0
GFI1B,AURKB,0
GATA2,GPR160,0
FOXO1,SELENBP1,0
SATB1,TGM2,0
CBX7,FCGR3,0
RPA1,MFSD14B,0
WDR5,TRPC6,0
IRF8,MTREX,0
RAD51,ATAD1,0
CBX7,NAP1L3,0
CBX7,LZTS1,0
FOXO1,UMPS,0
RPA1,PROCR,0
FOXO1,PHF10,0
RPA1,PLXNC1,0
HCFC1,CSRP3,0
RPA2,ZDHHC13,0
GFI1B,IFI44,0
NFAT5,PBK,0
GFI1B,CYP2J6,0
IRF8,MSH6,0
RPA1,IPO9,0
WDR5,RTP4,0
RPA2,TESPA1,0
RPA1,IRF8,0
EBF1,XAF1,0
IRF8,TMEM50B,0
RPA2,MOB3C,0
FOXO1,HACD4,0
CBX7,WDR5,0
NFAT5,PHF6,0
EBF1,CALCRL,0
FOXO1,PBX1,0
CBX7,LGALS1,0
EBF1,RGCC,0
RPA2,RPS6KA3,0
FOXO1,RP2,0
STAT2,LYN,0
FOXO1,SLC19A1,0
CBX7,CASP4,0
CBX7,DEF8,0
ELF1,SGMS1,0
GATA2,TTF2,0
SATB1,IRF6,0
RPA2,CYBC1,0
RPA2,MFNG,0
MEIS1,PLAC8,0
RAD51,ATG12,0
GATA2,TGM2,0
HDAC2,F11R,0
GFI1B,B230219D22RIK,0
CBX7,NKG7,0
FOXO1,HCFC1,0
IRF8,SLCO3A1,0
IRF8,MRPL37,0
IRF8,FAM136A,0
FOXO1,ICAM1,0
MYC,NDN,0
IRF8,COQ8A,0
EBF1,DEF8,0
MYC,MYO1F,0
GATA2,RCSD1,0
FOXO1,AKNA,0
RAD51,RUNX1T1,0
NFAT5,ZFP367,0
FOXO1,MOGS,0
ELF1,HIF3A,0
FOXO1,NAP1L3,0
IKZF1,MECOM,0
CBX7,METAP1,0
RPA1,NEURL3,0
RAD51,HK3,0
CBFB,SERPINB1A,0
EBF1,POLR1B,0
RAD51,NCLN,0
ELF1,BTK,0
CBX7,SORT1,0
NFAT5,SEH1L,0
STAT2,NDN,0
GFI1B,EYA2,0
FOXO1,MYO1F,0
NFAT5,RARB,0
EBF1,TLR4,0
STAT2,TNFRSF21,0
RAD51,SETD2,0
NFAT5,TEAD2,0
EBF1,CNIH1,0
FOXO1,TOP3B,0
EBF1,TCF19,0
EBF1,RGS1,0
IRF8,TIE1,0
IRF8,DDX58,0
GFI1B,OASL2,0
STAT2,DHRS3,0
IRF8,ST8SIA4,0
NFAT5,TESPA1,0
JUN,IIGP1,0
IRF8,KRT18,0
HCFC1,EYA2,0
MEIS1,ZBTB20,0
STAT2,INPP5B,0
ELF1,TRIB3,0
RAD51,TYMS,0
RAD51,GFI1B,0
NFAT5,IIGP1,0
JUN,HACD3,0
RAD51,TOP2A,0
RAD51,PHF10,0
EBF1,TUBGCP2,0
RPA1,CERS4,0
ELF1,DUSP1,0
RPA2,FCHO2,0
FOXO1,CDT1,0
GATA2,GOLPH3,0
NFAT5,MLLT3,0
NFAT5,NEURL3,0
RAD51,PPP1R15A,0
GATA2,RTP4,0
SATB1,PHF10,0
FOXO1,CLPTM1L,0
IRF8,RGS2,0
IRF8,GOLPH3,0
GATA2,LZTS1,0
CBX7,ABCB8,0
HDAC2,IGSF6,0
RPA2,ITM2A,0
EBF1,MAPKAPK3,0
RPA1,GFI1B,0
EBF1,ZFP35,0
RPA2,SSH3,0
CBX7,CTSO,0
NFAT5,IGTP,0
RPA1,CFP,0
CBX7,TOP2A,0
NFAT5,ITGAL,0
FOXO1,CYP2J6,0
RAD51,TMEM173,0
CBX7,TRMT11,0
CBX7,PCLAF,0
RPA2,VSIR,0
IKZF1,CTSF,0
RAD51,RASSF4,0
SATB1,CYP2J9,0
GFI1B,SALL2,0
STAT2,VAV3,0
RPA2,CAD,0
IRF8,SPO11,0
RPA1,NFE2,0
EBF1,TMX4,0
EBF1,CDCA8,0
RPA1,SDF2L1,0
ELF1,RASA4,0
RAD51,MCM2,0
WDR5,NDRG1,0
CBX7,IGTP,0
MEIS1,TRIM47,0
GFI1B,EIF1AD,0
GFI1B,ACAA2,0
EBF1,USP11,0
EBF1,RELB,0
WDR5,SOX18,0
EBF1,TARS,0
HDAC2,CSRP3,0
WDR5,ITM2A,0
RPA1,SAMD9L,0
NFAT5,FRRS1,0
NFAT5,RAB31,0
EBF1,FGFR1OP,0
GFI1B,GM5111,0
RPA1,AGPS,0
EBF1,CASP4,0
STAT2,RAB31,0
ELF1,CAD,0
GFI1B,TRPS1,0
FOXO1,TFR2,0
GFI1B,GOLT1B,0
RPA1,ALAS1,0
NFAT5,ELP2,0
RPA1,CCNB2,0
EBF1,PLD3,0
ELF1,IL27RA,0
FOXO1,FES,0
CBX7,TRIM35,0
RPA2,HDAC2,0
IRF8,ZFP36,0
IRF8,PA2G4,0
CBX7,TBC1D9B,0
RAD51,FCGR3,0
CBX7,TACC3,0
WDR5,LTB,0
IRF8,SNAP23,0
RPA1,FCGR2B,0
RPA2,PGLYRP2,0
NFAT5,NFATC2,0
CBX7,EMCN,0
CBX7,TUBGCP3,0
GATA2,MUC13,0
STAT2,MYO1F,0
FOXO1,SMARCA2,0
GFI1B,EBI3,0
RAD51,MMRN1,0
RAD51,PRIM1,0
NFAT5,LMO4,0
EBF1,H2-OB,0
FOXO1,CYBC1,0
NFAT5,PADI4,0
NFAT5,ADO,0
CBX7,TCN2,0
NFAT5,DUSP1,0
RPA1,CD69,0
RAD51,ADSSL1,0
SPI1,MAML3,0
NFAT5,FDFT1,0
EBF1,TBC1D9B,0
RAD51,TRIM35,0
HCFC1,IRF6,0
RPA1,MORC3,0
CBX7,CD53,0
RPA1,SERPINB9,0
FOXO1,SHMT1,0
NFAT5,S100A6,0
RPA1,AURKB,0
RAD51,FAR1,0
RAD51,GIMAP6,0
GATA2,PLXNC1,0
RAD51,MAPKAPK3,0
RAD51,H2-OB,0
SATB1,BATF2,0
CBX7,CPA3,0
FOXO1,CISH,0
IRF8,PRODH,0
GFI1B,MXD3,0
RPA2,OSBPL1A,0
GFI1B,PADI4,0
MEIS1,MKI67,0
RPA1,SPNS2,0
GATA2,MAPK12,0
RPA1,TCIRG1,0
NFAT5,EBI3,0
RPA2,MFSD14B,0
FOXO1,MYB,0
RAD51,SSH3,0
IRF8,TAF12,0
NFAT5,PCMTD2,0
FOXO1,AGPS,0
RPA2,PBX1,0
CBX7,ATAD1,0
IRF8,PRPS2,0
MEIS1,EMILIN1,0
GFI1B,MORC3,0
NFAT5,TRPS1,0
CBX7,FAM76B,0
RPA2,ANXA2,0
MYC,MS4A3,0
MEIS1,TEAD2,0
RAD51,TACC3,0
CBFB,PLPPR3,0
CBFB,LZTS1,0
ELF1,SOX18,0
RPA2,ME2,0
SATB1,PRKCQ,0
NFAT5,SGMS1,0
GFI1B,LY6A,0
RAD51,EML4,0
CBX7,FAM91A1,0
WDR5,APBB1,0
NFAT5,ELANE,0
EBF1,ADA,0
EBF1,FRRS1,0
SATB1,PLAG1,0
RPA2,IL27RA,0
RPA1,XPNPEP1,0
IRF8,WDR4,0
IRF8,RELB,0
RPA1,NUP107,0
FOXO1,SLC25A46,0
MEIS1,CERS4,0
FOXO1,CYP2J9,0
GFI1B,E2F4,0
RAD51,FES,0
RAD51,ZDHHC13,0
NFAT5,MFSD14B,0
NFAT5,GM5111,0
CBFB,TGM2,0
RPA1,MAPK1,0
IRF8,ABHD17B,0
STAT2,TIE1,0
IRF8,CTR9,0
JUN,CASP12,0
ELF1,MXD3,0
RPA1,DDX58,0
NFAT5,CTR9,0
RPA2,ABCG2,0
SPI1,SORT1,0
ELF1,CSGALNACT1,0
RPA2,VPS35,0
FOXO1,ELP2,0
CBX7,ZBTB38,0
RPA1,ZNRF2,0
GFI1B,FOXRED1,0
STAT2,TSC22D3,0
IKZF1,MUC13,0
MEIS1,LZTS1,0
NFAT5,IPO9,0
RAD51,PA2G4,0
IRF8,EPB41L4B,0
RPA2,NCLN,0
RAD51,FGFR1OP,0
FOXO1,MIS12,0
STAT2,GPR65,0
NFAT5,SNAP47,0
EBF1,RPA1,0
IRF8,SLC18A2,0
RPA1,IL21R,0
NFAT5,NUDT19,0
NFAT5,APBB1,0
RAD51,RORC,0
IRF8,NEURL3,0
RAD51,MS4A3,0
RAD51,KLF6,0
RAD51,SGMS1,0
EBF1,ALDH9A1,0
IRF8,FASTKD2,0
GFI1B,PRDM16,0
RPA1,MS4A6C,0
IRF8,PCLAF,0
JUN,MPO,0
CBX7,RAD51,0
MEIS1,EPB41L4B,0
FOXO1,E2F8,0
IRF8,USP11,0
RPA1,PLPPR3,0
RAD51,APOE,0
NFAT5,USP37,0
SATB1,RARB,0
SATB1,ADSSL1,0
RAD51,IARS2,0
GFI1B,TRPC6,0
RPA2,SLC44A2,0
FOXO1,FAR1,0
GFI1B,ST8SIA4,0
FOXO1,CST7,0
FOXO1,CLN5,0
ELF1,APBB1,0
RPA1,DUS1L,0
RAD51,RAB37,0
CBX7,CASP1,0
JUN,PRPS2,0
IRF8,RPS6KA5,0
MEIS1,TIE1,0
CBX7,GOLPH3,0
HCFC1,IFI44,0
RPA1,CCL9,0
FOXO1,DLST,0
IKZF1,PLPPR3,0
SATB1,CTSG,0
RPA1,USP37,0
CBX7,WDR55,0
CBX7,CCDC50,0
SATB1,SORT1,0
MEIS1,HK3,0
RPA1,ADA,0
CBX7,LTB,0
CBX7,UTP4,0
CBFB,CASP12,0
FOXO1,PCLAF,0
RPA2,CYP2J9,0
EBF1,TRIM59,0
FOXO1,PLEKHO2,0
EBF1,CTSG,0
JUN,GRIA3,0
RPA2,NCEH1,0
RPA1,OTUD6B,0
EBF1,PA2G4,0
RPA1,RP2,0
JUN,ELANE,0
RAD51,SLC2A3,0
RPA2,MAGED2,0
WDR5,GATA2,0
MEIS1,PDZK1IP1,0
EBF1,HDAC7,0
NFAT5,CTSZ,0
GATA2,PGLYRP2,0
RPA2,GNG11,0
STAT2,EMCN,0
FOXO1,SH2D5,0
IKZF1,SCARF1,0
RAD51,TRIM59,0
EBF1,PHF10,0
NFAT5,NCAPD2,0
HCFC1,SLA,0
HCFC1,ANXA1,0
IRF8,NFIA,0
FOXO1,GNS,0
CBX7,BC005561,0
ELF1,MSMO1,0
RPA2,ABL1,0
RPA2,DHRS3,0
FOXO1,DEF8,0
FOXO1,EPAS1,0
RAD51,GMFB,0
ELF1,EMILIN1,0
IRF8,RAB37,0
IRF8,HDAC7,0
RPA1,TMEM229B,0
GFI1B,GNG12,0
FOXO1,ITIH5,0
GFI1B,VPS35,0
EBF1,FCGR3,0
MEIS1,1700017B05RIK,0
RPA1,RFC5,0
RPA1,MPL,0
SPI1,HLF,0
RPA1,GANAB,0
SATB1,ALAS1,0
EBF1,NEURL3,0
EBF1,FTSJ3,0
MEIS1,LGALS1,0
GATA2,TIE1,0
RPA2,MAD2L1,0
SATB1,GNG11,0
IRF8,GIMAP1,0
FOXO1,LMO4,0
NFAT5,ORC6,0
CBX7,CNRIP1,0
GFI1B,EMCN,0
RPA2,ACAA2,0
RAD51,MUC13,0
RPA2,CASP1,0
RPA2,RGS2,0
RAD51,METTL7A1,0
IKZF1,LZTS1,0
FOXO1,RABGGTB,0
GFI1B,GPR160,0
RPA1,RPS6KA5,0
GFI1B,SPNS2,0
RPA2,SLC19A1,0
RPA1,SCARF1,0
EBF1,PLIN3,0
ELF1,LY6A,0
HCFC1,CASP4,0
RPA1,RHOF,0
RPA2,MAPK1,0
EBF1,SNAP47,0
MEIS1,IL27RA,0
ELF1,EML4,0
RPA2,ZFP35,0
CBX7,SLC35B4,0
NFAT5,SRSF1,0
EBF1,CSTF2,0
HCFC1,MYL10,0
EBF1,HK3,0
RPA1,CLEC12A,0
NFAT5,SLA,0
EBF1,SLC43A3,0
FOXO1,MAP4K2,0
RAD51,PTTG1IP,0
HCFC1,PECAM1,0
RPA1,MCM5,0
IRF8,CDCA8,0
NFAT5,GRK3,0
RPA2,METAP1,0
RPA2,PTDSS1,0
NFAT5,ACOX1,0
ELF1,CERK,0
GFI1B,ITM2A,0
RPA1,ERLIN1,0
FOXO1,IRF8,0
FOXO1,MAPKAPK3,0
IRF8,CERS4,0
EBF1,STAT2,0
RPA2,TGM2,0
RPA1,SERPINA3G,0
STAT2,ELANE,0
RPA2,H1F0,0
NFAT5,LY6C2,0
HCFC1,MUC13,0
CBX7,ZFP36,0
RPA1,LONP2,0
RAD51,DNAJC5,0
ELF1,ZBTB16,0
ELF1,XRCC3,0
JUN,USP11,0
CBX7,ELP2,0
NFAT5,PCLAF,0
RPA1,TARS,0
CBX7,ZDHHC13,0
EBF1,FLOT2,0
IRF8,ZBTB38,0
RPA2,MYB,0
RPA2,SGMS1,0
GFI1B,ZEB2,0
RPA1,RELB,0
RAD51,PEAR1,0
NFAT5,CNRIP1,0
FOXO1,PRKCH,0
RAD51,IGTP,0
NFAT5,FAM111A,0
RPA1,TOP3B,0
RPA2,CHORDC1,0
RPA2,B230219D22RIK,0
NFAT5,TYMS,0
RPA1,CASP12,0
STAT2,ADGRG3,0
EBF1,ARID3B,0
CBFB,MS4A3,0
RPA1,MYO1G,0
RAD51,MEIS1,0
EBF1,ST8SIA4,0
EBF1,WDR5,0
RAD51,GLIPR2,0
GFI1B,GRK3,0
EBF1,ELP2,0
RAD51,ITSN1,0
MEIS1,FLT3,0
RPA2,AGPS,0
WDR5,LAPTM4B,0
WDR5,PDZK1IP1,0
NFAT5,PLEK,0
RPA1,TMEM97,0
RAD51,EBI3,0
NFAT5,MMRN1,0
IRF8,ZNRF2,0
GFI1B,RAB44,0
RPA1,ATP8B4,0
MYC,CSF3R,0
RPA2,TOR3A,0
ELF1,GRK3,0
RAD51,GCNT2,0
CBX7,MIS18BP1,0
RAD51,CLPTM1L,0
RAD51,RAB31,0
SATB1,PIM2,0
ELF1,ANXA2,0
FOXO1,ADGRG3,0
STAT2,MYB,0
RAD51,UHRF1,0
EBF1,SPNS3,0
IRF8,SLA,0
MEIS1,SLC18A2,0
ELF1,SNAP47,0
IRF8,AKAP8L,0
RPA1,CTSG,0
EBF1,CDC6,0
ELF1,AFAP1L1,0
IRF8,SHISA8,0
SATB1,CD300A,0
RPA1,SPNS3,0
RPA1,TMEM206,0
WDR5,H1F0,0
RPA1,NOP2,0
RPA1,MKI67,0
RAD51,DNAJC10,0
CBX7,GMIP,0
NFAT5,MRPL37,0
NFAT5,POLE3,0
EBF1,MMRN1,0
RPA2,TIE1,0
RPA2,RB1,0
MYC,SCARF1,0
RAD51,SHISA8,0
RPA1,RGS1,0
NFAT5,INTS13,0
EBF1,ADSSL1,0
CBFB,H2-AA,0
CBX7,RANBP3,0
HDAC2,ELANE,0
NFAT5,RGCC,0
MYC,SPO11,0
STAT2,TM7SF3,0
FOXO1,TMEM97,0
FOXO1,CD53,0
NFAT5,RANGAP1,0
EBF1,HMGB2,0
EBF1,ATP6AP1,0
EBF1,RAB44,0
RAD51,NAMPT,0
FOXO1,UNC93B1,0
EBF1,FAR1,0
CBX7,CTSG,0
RPA2,GRK3,0
RAD51,GIMAP1,0
CBX7,FTSJ3,0
NFAT5,VSIR,0
GFI1B,ELMO2,0
ELF1,GM5111,0
ELF1,RORC,0
IRF8,CUL3,0
RPA1,RRM2,0
IRF8,RUVBL2,0
NFAT5,METTL7A1,0
FOXO1,TRIM47,0
FOXO1,ALDH9A1,0
NFAT5,TUBGCP3,0
RPA1,CSGALNACT1,0
NFAT5,PAK1,0
STAT2,EMID1,0
MEIS1,IFI44,0
GFI1B,MAPK12,0
RAD51,ZFP24,0
IRF8,PGLYRP2,0
FOXO1,MICU1,0
RPA2,SERPINA3G,0
EBF1,TMEM173,0
SATB1,CDCA8,0
RAD51,ADGRG3,0
GFI1B,UBA7,0
RAD51,CTLA2A,0
IRF8,F11R,0
IRF8,TOR3A,0
NFAT5,MCM6,0
RAD51,TBL3,0
JUN,SOX18,0
GFI1B,MS4A6C,0
IRF8,NDE1,0
IRF8,CDT1,0
JUN,HDC,0
NFAT5,SLC44A2,0
RPA2,NCF1,0
SATB1,TIE1,0
CBX7,ITIH5,0
RPA1,FEM1B,0
RPA2,TRMT11,0
RAD51,MYL10,0
CBX7,ZBTB20,0
CBX7,ARHGEF18,0
RAD51,LZTS1,0
NFAT5,PLD3,0
RPA1,MAPK12,0
RAD51,ZBTB16,0
RAD51,F11R,0
RAD51,SLC19A1,0
NFAT5,LZTS1,0
HCFC1,EMILIN1,0
WDR5,MPL,0
GATA2,VDR,0
RPA2,ITSN1,0
RPA2,TM6SF1,0
NFAT5,SPNS3,0
RPA1,CD9,0
CBX7,ARID3B,0
NFAT5,ATP11C,0
CBX7,1700017B05RIK,0
SATB1,MYO1G,0
RPA1,HNRNPAB,0
SPI1,SSH3,0
GFI1B,GLIPR2,0
RPA1,TBL3,0
IRF8,POLR2B,0
WDR5,DOK2,0
CBX7,HDGF,0
FOXO1,PRIM2,0
IRF8,AURKB,0
RAD51,LY6C2,0
RAD51,CISH,0
IRF8,GPR65,0
MEIS1,STXBP4,0
RAD51,GSR,0
NFAT5,FCHO2,0
ELF1,TBXAS1,0
SATB1,JPT2,0
FOXO1,ATG12,0
NFAT5,DDX58,0
SATB1,GFI1B,0
NFAT5,PFKP,0
HDAC2,TIE1,0
EBF1,PHF6,0
RPA1,CASP4,0
IKZF1,CTSL,0
NFAT5,DEF8,0
GFI1B,PANX1,0
RAD51,LONP2,0
RPA1,BTAF1,0
RPA2,CPA3,0
EBF1,XPNPEP1,0
RAD51,ATP8B4,0
RPA1,INTS13,0
NFAT5,FCGR3,0
CBX7,HDAC11,0
CBX7,IFI44,0
RAD51,BC035044,0
ELF1,SLA,0
IRF8,GATA2,0
HCFC1,EMCN,0
RPA1,LY6A,0
RPA1,OTULINL,0
ELF1,SH2D5,0
RPA1,CTR9,0
NFAT5,MYCN,0
NFAT5,LONP1,0
RPA1,INPP5B,0
RPA1,PCLAF,0
FOXO1,ANXA3,0
CBFB,MECOM,0
CBX7,ICAM1,0
NFAT5,PRELID3B,0
RPA1,EZR,0
RAD51,APLP2,0
FOXO1,USP11,0
EBF1,RGS2,0
CBFB,ADGRG3,0
RPA1,GRIA3,0
FOXO1,TCF19,0
RPA1,CTSO,0
NFAT5,PRKCQ,0
EBF1,ATP11C,0
RPA2,UAP1,0
RPA2,TMEM97,0
HCFC1,CPA3,0
HCFC1,MYO1F,0
RAD51,SNAP23,0
SATB1,SH2D5,0
HCFC1,ARL11,0
WDR5,AGPS,0
NFAT5,CHRNB1,0
FOXO1,HEXA,0
HCFC1,CTSG,0
ELF1,CASP4,0
HCFC1,GRK3,0
RAD51,STXBP4,0
RPA1,GBP3,0
RPA1,HP,0
EBF1,HCFC1,0
NFAT5,SLC39A6,0
RPA2,SLC39A6,0
GFI1B,RGS1,0
GFI1B,GRIA3,0
CBX7,GRINA,0
CBX7,DHFR,0
JUN,CTLA2A,0
IRF8,TACC3,0
CBX7,RPA2,0
NFAT5,1700017B05RIK,0
RPA2,SLA2,0
MYC,CERK,0
RAD51,GTF2H1,0
RAD51,MPO,0
RPA2,IGTP,0
NFAT5,RHOF,0
MEIS1,BACE1,0
IRF8,DLST,0
FOXO1,ST6GALNAC4,0
NFAT5,IL12A,0
RAD51,AKNA,0
ELF1,ACAA2,0
CBX7,TTF2,0
NFAT5,TM6SF1,0
RAD51,NCEH1,0
RPA2,CYP4V3,0
RPA1,MYB,0
GATA2,FCGR2B,0
STAT2,HDC,0
MEIS1,SOX18,0
RAD51,ITM2A,0
RAD51,SORT1,0
IKZF1,HK3,0
NFAT5,CD52,0
RPA1,VAV3,0
FOXO1,CERS4,0
RPA2,CCL9,0
FOXO1,ZFP24,0
EBF1,G6PDX,0
ELF1,BACE1,0
RPA1,TRPS1,0
RPA1,FUT7,0
MYC,RAB44,0
RPA2,PRMT7,0
RPA2,GBP7,0
RAD51,TGM2,0
EBF1,NAMPT,0
RPA1,CDCA8,0
GATA2,NCF1,0
EBF1,BCL2,0
RPA1,SNAP23,0
HCFC1,CD52,0
CBX7,CSTF2,0
RPA1,APLP2,0
RPA2,TFR2,0
GFI1B,FASTKD2,0
FOXO1,TRPS1,0
SATB1,ZEB2,0
NFAT5,CTLA2A,0
IRF8,ANXA2,0
RAD51,H2-AA,0
FOXO1,MAPK12,0
MEIS1,BC005561,0
IKZF1,SHISA8,0
CBX7,GPR160,0
RAD51,NOP2,0
WDR5,KRT18,0
SATB1,VAV3,0
RPA2,DDX20,0
HCFC1,CASP12,0
HCFC1,EPAS1,0
RAD51,TCIRG1,0
NFAT5,FUCA2,0
EBF1,PADI4,0
WDR5,VDR,0
SATB1,ANXA3,0
CBX7,HACD3,0
RPA1,CDT1,0
RAD51,RPRD1B,0
CBFB,PROCR,0
EBF1,CNRIP1,0
NFAT5,ZFP24,0
GFI1B,PTGS1,0
NFAT5,MXD3,0
GFI1B,PRPF4,0
RPA2,NFAM1,0
EBF1,COLGALT1,0
IRF8,MFSD1,0
MEIS1,BATF2,0
RPA2,RORC,0
IRF8,ADO,0
RAD51,CCL9,0
RAD51,OSBPL1A,0
SATB1,TTF2,0
IKZF1,GM1966,0
NFAT5,RASA4,0
GFI1B,1700017B05RIK,0
RPA1,SOX18,0
FOXO1,DPP8,0
FOXO1,LDHB,0
HCFC1,ITM2A,0
RAD51,PREP,0
RPA1,CALCRL,0
RAD51,CTSO,0
WDR5,MECOM,0
RAD51,1700017B05RIK,0
CBX7,PTGR1,0
EBF1,TYROBP,0
ELF1,MYO1F,0
RAD51,CAD,0
RPA2,BTG2,0
WDR5,VSIR,0
IRF8,PLAG1,0
CBX7,TOR3A,0
RPA1,LZTS1,0
RAD51,SOX18,0
WDR5,HDAC11,0
NFAT5,FEM1B,0
EBF1,METTL7A1,0
IRF8,CERK,0
GATA2,FAM76B,0
CBX7,MPO,0
STAT2,RAB44,0
GFI1B,SNAP23,0
NFAT5,MUC13,0
STAT2,APBB1,0
SATB1,RPP40,0
RAD51,ELANE,0
RPA1,STT3B,0
GATA2,CSF3R,0
FOXO1,SLA2,0
RPA1,RAB37,0
RPA1,CYP2J6,0
WDR5,GRINA,0
ELF1,AKAP8L,0
ELF1,KRT18,0
RPA2,MSMO1,0
RAD51,SERPINB1A,0
RPA1,PARP8,0
CBX7,INO80D,0
HCFC1,TGM2,0
RPA2,POLD1,0
IRF8,VPS35,0
CBX7,EPSTI1,0
IRF8,PANX1,0
NFAT5,ACOT9,0
SATB1,APBB1,0
ELF1,MAPK12,0
IRF8,SOX18,0
GATA2,EPB41L4B,0
SATB1,CD82,0
IRF8,TRIB3,0
IRF8,TMEM43,0
WDR5,BATF2,0
RPA1,GNG11,0
RAD51,USP37,0
EBF1,TOPORS,0
FOXO1,SERPINA3G,0
NFAT5,TMEM43,0
SATB1,KRT18,0
NFAT5,MECOM,0
FOXO1,ATP11C,0
RPA2,PRKCH,0
RPA2,ABCB8,0
FOXO1,AURKB,0
RPA1,TYMS,0
RPA1,TMEM50B,0
FOXO1,SMPDL3A,0
CBX7,ATF7,0
NFAT5,MICU1,0
RPA2,NFKBIA,0
SATB1,TCN2,0
STAT2,ADA,0
FOXO1,POLR2B,0
EBF1,TES,0
GFI1B,BCL2,0
STAT2,SPNS2,0
NFAT5,ACAA2,0
STAT2,CPA3,0
GFI1B,IGTP,0
FOXO1,PRSS57,0
GFI1B,LYN,0
SATB1,PECAM1,0
IKZF1,CD9,0
CBX7,RGS1,0
FOXO1,FUT7,0
FOXO1,1700017B05RIK,0
RPA1,RGS2,0
EBF1,MTREX,0
NFAT5,PLIN3,0
RPA1,FDFT1,0
ELF1,SPO11,0
RPA1,JARID2,0
RAD51,AGPS,0
RPA2,MYO5A,0
NFAT5,TXNDC11,0
RAD51,GUSB,0
IRF8,SEH1L,0
RPA2,SNX30,0
CBFB,GM1966,0
IRF8,RANBP3,0
RPA2,TPM4,0
RPA2,GCNT2,0
IRF8,GLB1,0
EBF1,TCN2,0
RPA2,MAP4K2,0
NFAT5,ATG12,0
NFAT5,TBXAS1,0
NFAT5,GNS,0
RAD51,RNF4,0
RPA2,MICU1,0
RPA2,ARL6IP6,0
GFI1B,CERS4,0
FOXO1,GLIPR2,0
RAD51,CSAD,0
WDR5,SPO11,0
STAT2,CYP2J9,0
RAD51,NUDT19,0
SATB1,SPNS2,0
WDR5,ABCG2,0
RPA2,ADGRG3,0
GFI1B,MYL10,0
ELF1,PAK1,0
EBF1,GTF2H1,0
NFAT5,AURKB,0
RPA1,MTMR6,0
IRF8,HP,0
GFI1B,RPA1,0
IRF8,LZTS1,0
RPA2,NEURL3,0
RPA2,DENND2D,0
CBX7,TESPA1,0
GFI1B,PAK1,0
CBX7,CBFB,0
RPA2,NFE2,0
GFI1B,XAF1,0
FOXO1,RASSF4,0
RPA1,CDC7,0
GATA2,CYP2J6,0
RAD51,SERPINB9,0
RPA2,TIPIN,0
GFI1B,APOE,0
RPA2,DOK2,0
GATA2,DEK,0
GATA2,MXD3,0
CBFB,ANXA3,0
ELF1,CTSL,0
RAD51,AURKB,0
RPA1,PREP,0
IRF8,NFE2,0
RPA1,PECAM1,0
GATA2,ATP6AP2,0
ELF1,INO80D,0
MEIS1,F11R,0
MEIS1,MMRN1,0
ELF1,METAP1,0
RAD51,GNG12,0
CBX7,SHMT1,0
MYC,SLC43A3,0
CBX7,SERPINB1A,0
WDR5,GLIPR2,0
RPA1,IRGM2,0
RAD51,CD82,0
FOXO1,CD52,0
GFI1B,NFIA,0
RAD51,CYP2J6,0
IKZF1,MPL,0
FOXO1,SELL,0
RAD51,CST7,0
FOXO1,TTF2,0
EBF1,FAM91A1,0
RPA2,TRIM59,0
IKZF1,PRDM16,0
HCFC1,RARB,0
ELF1,SLC19A1,0
RAD51,EMILIN1,0
RPA2,MCM5,0
FOXO1,HDAC11,0
JUN,TRPC6,0
RPA2,MS4A3,0
RPA2,CSGALNACT2,0
RPA2,EYA2,0
FOXO1,CSF2RB,0
RPA1,DNM1L,0
RAD51,RPS6KA5,0
GFI1B,MYO1F,0
RAD51,ZFP36,0
FOXO1,TEAD2,0
FOXO1,RELB,0
GATA2,PTGR1,0
CBX7,FAR1,0
FOXO1,CSGALNACT1,0
NFAT5,GSR,0
RPA2,ARID5A,0
EBF1,SMARCA2,0
NFAT5,TFR2,0
STAT2,GALNT6,0
IRF8,MYCT1,0
RPA2,MTMR6,0
GATA2,BCL2,0
SATB1,CERK,0
RPA1,DNAJC5,0
IKZF1,NKG7,0
EBF1,OTUD6B,0
ELF1,NR3C2,0
RPA2,ALAS1,0
RPA2,TCF19,0
CBX7,HIF3A,0
IRF8,PIM2,0
SATB1,CD74,0
IRF8,CTC1,0
ELF1,PLEK,0
RPA2,SLA,0
CBFB,TIE1,0
IRF8,CSF3R,0
NFAT5,KCTD12,0
RAD51,LAPTM4B,0
HDAC2,HK3,0
SATB1,CREB5,0
IRF8,ACOX1,0
RAD51,FLOT2,0
WDR5,RAB44,0
ELF1,MS4A3,0
RPA2,ARL11,0
RAD51,DHFR,0
HCFC1,HP,0
EBF1,IRF8,0
EBF1,NFIA,0
JUN,PHF6,0
GFI1B,NDN,0
NFAT5,SERPINA3G,0
RPA2,GFI1B,0
RPA1,SELENBP1,0
IRF8,SLA2,0
GFI1B,FAM111A,0
FOXO1,RCSD1,0
MEIS1,CASP1,0
RPA2,NKG7,0
EBF1,ME2,0
HCFC1,GATA2,0
CBX7,PNO1,0
RAD51,FLT3,0
GATA2,CASP4,0
CBX7,PADI4,0
EBF1,TEAD2,0
NFAT5,ZNRF2,0
CBX7,APLP2,0
EBF1,GMFB,0
RPA1,RANGAP1,0
CBX7,EMILIN1,0
RPA1,PLAG1,0
CBX7,SELENBP1,0
RPA1,ITGAL,0
STAT2,CD9,0
RAD51,PCLAF,0
GATA2,SHISA8,0
RPA2,ST8SIA4,0
GATA2,FLOT2,0
EBF1,CBX7,0
MEIS1,BTK,0
FOXO1,GIMAP6,0
EBF1,GRINA,0
IRF8,FGL2,0
SATB1,PHF6,0
RAD51,JPT2,0
NFAT5,TMX4,0
GFI1B,NKG7,0
WDR5,TRIM47,0
IRF8,ERLIN1,0
RAD51,RAB44,0
RPA1,GNS,0
RAD51,SPI1,0
RPA2,CD52,0
RPA2,ZNRF2,0
STAT2,TYROBP,0
RPA1,SNAP47,0
GATA2,GM1966,0
FOXO1,RNF4,0
RPA1,GM1966,0
STAT2,LGALS1,0
RPA1,PTGR1,0
NFAT5,AP3S1,0
GATA2,AFAP1L1,0
GFI1B,NR3C2,0
GFI1B,EBF1,0
EBF1,NOP2,0
CBFB,IIGP1,0
RPA2,ARHGEF39,0
WDR5,IFI44,0
IRF8,PRKCQ,0
WDR5,PLPPR3,0
GFI1B,NUDT19,0
CBFB,MLKL,0
NFAT5,PPP1R15A,0
IRF8,PEAR1,0
FOXO1,CSAD,0
WDR5,ARL11,0
IRF8,TCP11L2,0
RPA2,TLR4,0
RAD51,NFE2,0
RPA1,TBC1D9B,0
EBF1,IDH1,0
STAT2,ZFP945,0
RPA2,ELF1,0
RAD51,RHOF,0
RPA2,PRPS2,0
RPA1,GLIPR2,0
STAT2,NR3C2,0
RPA2,TMEM50B,0
ELF1,BC005561,0
RPA1,GATA2,0
EBF1,CDC45,0
NFAT5,ZFP35,0
RAD51,ISYNA1,0
NFAT5,MSH6,0
RAD51,POLD1,0
FOXO1,JUN,0
RAD51,XRCC3,0
RAD51,ABHD17B,0
RPA1,CERK,0
SATB1,RCSD1,0
FOXO1,CTLA2B,0
RPA2,GIMAP1,0
RPA1,GUSB,0
FOXO1,RASA4,0
EBF1,MAML3,0
EBF1,NKG7,0
STAT2,TBXAS1,0
GFI1B,MLKL,0
EBF1,CD52,0
RPA2,ATP13A1,0
NFAT5,CDCA4,0
RPA1,NR3C2,0
MEIS1,MYL10,0
WDR5,BACE1,0
CBX7,MCM3,0
RPA2,NDRG1,0
RAD51,RPA2,0
CBX7,F11R,0
CBX7,AGPS,0
FOXO1,TYMS,0
RPA1,NFAM1,0
HCFC1,SLC28A2,0
NFAT5,APLP2,0
NFAT5,DNAJC5,0
MEIS1,SPO11,0
CBX7,SETD2,0
CBX7,TMX3,0
FOXO1,SLC28A2,0
RPA2,UTP4,0
SATB1,PDZK1IP1,0
IRF8,UBL4A,0
CBFB,GM5111,0
RAD51,CSF3R,0
FOXO1,IGSF6,0
EBF1,PTDSS1,0
RAD51,ARHGEF39,0
HDAC2,MS4A3,0
RPA1,DNAJC11,0
NFAT5,POLD1,0
NFAT5,ATF7,0
EBF1,HEXA,0
NFAT5,CSRP3,0
RPA1,MFSD1,0
HDAC2,MYL10,0
WDR5,GSR,0
NFAT5,BC005561,0
EBF1,MCM6,0
MEIS1,PTGR1,0
IRF8,SLC2A3,0
GATA2,SCARF1,0
EBF1,LTB,0
CBX7,TNIP3,0
CBX7,MCM6,0
STAT2,TMEM50B,0
NFAT5,ADGRG3,0
RAD51,TLE2,0
FOXO1,ZEB2,0
FOXO1,S100A6,0
GFI1B,CYP4V3,0
RPA1,PHB2,0
CBX7,IDH1,0
STAT2,ZBTB16,0
NFAT5,STAT2,0
GATA2,CD69,0
STAT2,IL12A,0
RPA2,SERPINB9,0
CBX7,SESN1,0
GFI1B,PBX1,0
CBFB,TRIM47,0
RPA2,CYP2J6,0
GFI1B,TSC22D3,0
CBX7,ABHD17B,0
RPA1,IIGP1,0
MEIS1,PADI4,0
MEIS1,BCL2,0
IRF8,RGCC,0
CBX7,CDC45,0
HDAC2,MYCT1,0
HCFC1,CYP2J9,0
NFAT5,SMPDL3A,0
CBX7,CSRP3,0
RAD51,MAPK1,0
NFAT5,FAM76B,0
RPA2,RMND5A,0
NFAT5,DNM1L,0
NFAT5,SELL,0
GATA2,SLCO3A1,0
GFI1B,RAB37,0
FOXO1,PECAM1,0
NFAT5,CD74,0
EBF1,UBR7,0
RPA1,FLOT2,0
WDR5,SPNS3,0
RPA1,ST8SIA4,0
FOXO1,SLCO3A1,0
IRF8,TMEM97,0
RAD51,ABCG2,0
IRF8,TTF2,0
SATB1,TFR2,0
EBF1,GIMAP5,0
FOXO1,FLOT2,0
RPA2,RRM1,0
GFI1B,DEK,0
RAD51,CSF2RB,0
CBX7,MAPK1,0
RAD51,UBA7,0
IRF8,PLXNC1,0
STAT2,TRIM47,0
IRF8,PHF6,0
FOXO1,APLP2,0
RAD51,PSAT1,0
WDR5,NUPR1,0
FOXO1,IRF6,0
RPA2,HMGB2,0
IRF8,AHCYL1,0
GFI1B,SNRPB,0
FOXO1,CDCA4,0
RPA2,SLC43A3,0
RAD51,GTF2F1,0
RPA2,IDH1,0
HDAC2,SPO11,0
GFI1B,ERCC8,0
RAD51,MTMR6,0
RPA1,FAM91A1,0
ELF1,GLIPR2,0
STAT2,APOE,0
IKZF1,NDN,0
EBF1,SLA,0
ELF1,ITIH5,0
GFI1B,DENND1C,0
GFI1B,ANXA1,0
RPA1,CBFB,0
RAD51,DENND2D,0
RPA2,FCGR3,0
IKZF1,PROCR,0
IRF8,TCN2,0
RPA2,TCP11L2,0
CBFB,HK3,0
RPA2,PCMTD1,0
MEIS1,SLC28A2,0
IRF8,JUN,0
NFAT5,GLIPR2,0
RPA2,MYCN,0
RAD51,PRKCQ,0
EBF1,TBC1D5,0
GFI1B,ARL11,0
FOXO1,HACD3,0
RPA2,SDF2L1,0
RPA1,POLR1B,0
RPA2,MAPKAPK3,0
EBF1,PRELID3B,0
RPA2,FAM136A,0
RAD51,E2F4,0
EBF1,BC005561,0
IRF8,RASA4,0
ELF1,MAML3,0
GFI1B,ABL1,0
RAD51,ITGAL,0
FOXO1,POLE3,0
EBF1,LCP2,0
CBX7,RHOF,0
GFI1B,TRIB3,0
ELF1,RABGGTB,0
CBX7,INTS13,0
GFI1B,TM6SF1,0
FOXO1,RUVBL2,0
IRF8,RFC4,0
RAD51,HDAC11,0
RPA1,SNX30,0
RPA2,CREB5,0
IRF8,DCAF13,0
NFAT5,OTUD6B,0
RPA1,WDR55,0
GATA2,RARS,0
RAD51,TMEM43,0
EBF1,CLN5,0
RPA2,PSTPIP1,0
IRF8,PUS7,0
RAD51,HIF3A,0
CBX7,NOP2,0
GFI1B,ZBTB20,0
ELF1,ERCC8,0
GFI1B,CSF3R,0
IRF8,MCM5,0
RPA1,NADK,0
RPA1,RAB44,0
RAD51,ERLIN1,0
MYC,MMRN1,0
GFI1B,ATP8B4,0
GFI1B,ADA,0
EBF1,KAT7,0
GFI1B,SOX18,0
CBX7,UAP1,0
FOXO1,GBP2,0
CBX7,RAB44,0
WDR5,GNG12,0
EBF1,CUL3,0
RPA2,HDAC11,0
CBX7,MPL,0
NFAT5,UBL4A,0
RPA2,PLEKHO2,0
RAD51,ATP11C,0
GATA2,NDN,0
FOXO1,MFSD14B,0
RPA2,EMCN,0
GFI1B,4833439L19RIK,0
CBX7,HDC,0
RPA1,NUPR1,0
IKZF1,MS4A3,0
MEIS1,CDC7,0
NFAT5,VAV3,0
IRF8,EMILIN1,0
JUN,LTB,0
STAT2,CSGALNACT1,0
EBF1,HDAC2,0
IRF8,RARS,0
RAD51,GRIA3,0
IRF8,GTF2F1,0
MEIS1,ATP11C,0
IRF8,CPA3,0
RPA1,PBX1,0
HCFC1,ARID3B,0
FOXO1,ARL11,0
ELF1,IRF7,0
STAT2,EMILIN1,0
NFAT5,PNO1,0
HDAC2,MPO,0
EBF1,NCAPD2,0
RAD51,PSTPIP1,0
NFAT5,EPB41L4B,0
CBFB,ARID3B,0
ELF1,BTG2,0
GFI1B,RB1,0
EBF1,MOB3C,0
IRF8,POLR1B,0
EBF1,GATA2,0
IRF8,CD69,0
GATA2,PTGS1,0
RPA1,TK1,0
RPA2,TOP3B,0
ELF1,SETD2,0
FOXO1,H1F0,0
NFAT5,DPP8,0
RAD51,COQ8A,0
IRF8,MCM2,0
EBF1,MAPK12,0
GFI1B,XPNPEP1,0
EBF1,TSC22D3,0
RPA2,CDC6,0
EBF1,USP10,0
SATB1,RAB31,0
MYC,MYL10,0
GATA2,TRPC6,0
CBX7,CASP12,0
NFAT5,PTTG1IP,0
GATA2,IFI44,0
IRF8,SPI1,0
CBX7,BACE1,0
RPA2,ANXA3,0
IRF8,ATF7,0
RAD51,LYN,0
RAD51,TSC22D3,0
WDR5,PRKCH,0
NFAT5,HDAC7,0
CBX7,PRIM2,0
RAD51,GATA2,0
ELF1,LMO4,0
NFAT5,EZR,0
NFAT5,IRF8,0
MEIS1,APOE,0
NFAT5,GTF2F1,0
STAT2,TNIP3,0
MEIS1,IRF9,0
GATA2,KRT18,0
CBX7,CDC7,0
CBX7,SLA2,0
NFAT5,CSTF2,0
FOXO1,TBC1D5,0
RAD51,TBXAS1,0
RPA2,PRDM16,0
RPA1,FUCA2,0
RPA2,TRPC6,0
EBF1,MCM5,0
IRF8,YBX1,0
NFAT5,PBX1,0
WDR5,MUC13,0
WDR5,HLF,0
RPA2,SERPINB1A,0
FOXO1,MCM3,0
ELF1,ADGRG3,0
RPA1,MCM6,0
MEIS1,CLPTM1L,0
RPA2,DNM1L,0
RPA1,UBL4A,0
CBX7,BATF2,0
CBX7,PHB2,0
FOXO1,TMEM50B,0
RAD51,PRMT7,0
RPA1,H1F0,0
RPA2,MTFR1,0
RPA2,ATP6AP1,0
GFI1B,HDC,0
RPA1,RGCC,0
EBF1,ZBTB16,0
JUN,GM1966,0
ELF1,IIGP1,0
FOXO1,UBA7,0
GFI1B,PRIM2,0
EBF1,PSAT1,0
ELF1,MLLT3,0
RPA1,MLLT3,0
RAD51,ZEB2,0
ELF1,NFIA,0
CBFB,PHF11B,0
RPA2,PLXNC1,0
GFI1B,RCC1,0
CBX7,TBL3,0
GFI1B,STXBP4,0
RPA2,CD74,0
CBX7,CYP2J9,0
JUN,FLT3,0
RPA2,TYROBP,0
RAD51,NFAT5,0
SATB1,SNAP23,0
NFAT5,TSPAN14,0
GFI1B,FCHO2,0
FOXO1,ANXA1,0
CBX7,ZFP451,0
CBX7,SRSF1,0
ELF1,KPNA3,0
NFAT5,CD9,0
SATB1,MAPK12,0
STAT2,CERK,0
CBX7,VPS35,0
NFAT5,MYO1F,0
WDR5,ZFP467,0
FOXO1,MTFR1,0
NFAT5,PUS7,0
EBF1,ZDHHC6,0
ELF1,AGPS,0
GFI1B,TRIM35,0
GFI1B,NFATC2,0
EBF1,CSF2RB,0
RPA1,RASA4,0
FOXO1,ACAA2,0
HCFC1,SALL2,0
WDR5,PTGR1,0
GFI1B,SLCO3A1,0
HCFC1,NEURL3,0
NFAT5,NFAM1,0
SATB1,MS4A3,0
RPA1,SLA,0
RPA1,TOPORS,0
FOXO1,ITGAL,0
IRF8,EGR1,0
NFAT5,TYROBP,0
EBF1,ELMO2,0
FOXO1,MECOM,0
RAD51,POR,0
EBF1,ATP6AP2,0
RPA2,EPB41L4B,0
RPA1,ARL11,0
RPA2,RRM2,0
RAD51,FDFT1,0
HCFC1,IRF8,0
RAD51,WDR55,0
GATA2,RB1,0
RPA1,BACE1,0
RAD51,WDR4,0
CBX7,RPP40,0
RAD51,MTFR1,0
SATB1,IL12A,0
RAD51,TBC1D9B,0
STAT2,ATP11C,0
RPA2,NAP1L3,0
RAD51,CBFB,0
RPA2,CLN5,0
RAD51,CTLA2B,0
RPA2,SHISA8,0
CBX7,ERCC8,0
EBF1,SNX30,0
RAD51,ATP6AP2,0
RPA1,KLF6,0
SATB1,EPB41L4B,0
ELF1,PROCR,0
RPA2,APLP2,0
ELF1,IRF6,0
RPA2,MED16,0
GATA2,PEAR1,0
NFAT5,FASTKD2,0
IRF8,HDAC2,0
GFI1B,CASP4,0
SPI1,ATP6AP1,0
IRF8,NR3C2,0
HDAC2,BATF2,0
NFAT5,MYO5A,0
RAD51,ELF1,0
RPA2,FGL2,0
WDR5,FLOT2,0
GFI1B,INPP5B,0
RPA1,PHF10,0
RPA2,PAK1,0
EBF1,PCMTD1,0
CBX7,MYO1G,0
IRF8,STXBP4,0
EBF1,REXO4,0
RPA1,ZFP36,0
EBF1,USP37,0
RPA2,SLCO3A1,0
RPA1,RUVBL2,0
RAD51,ACOX1,0
IRF8,SLC28A2,0
RPA2,PA2G4,0
RPA1,1700017B05RIK,0
RAD51,MSH6,0
HCFC1,RASSF4,0
RPA1,RABGGTB,0
EBF1,MYO1F,0
SPI1,EMCN,0
RPA2,CD82,0
SATB1,PRDM16,0
NFAT5,UAP1,0
RPA1,IRF7,0
EBF1,PECAM1,0
NFAT5,EYA2,0
EBF1,FUT7,0
RPA2,TAF12,0
FOXO1,PGLYRP2,0
RPA1,IL12A,0
CBX7,PPAT,0
RAD51,SLC28A2,0
SATB1,PTGR1,0
CBX7,NFAM1,0
SATB1,FUT7,0
NFAT5,LONP2,0
WDR5,TGM2,0
RAD51,TMEM206,0
RPA2,PRODH,0
RPA1,GOLT1B,0
NFAT5,BTG2,0
SATB1,TPM4,0
RAD51,TNFRSF21,0
SATB1,CSGALNACT1,0
NFAT5,GOLPH3,0
IRF8,CHRNB1,0
SPI1,EPB41L4B,0
HCFC1,SELL,0
STAT2,HDAC11,0
RAD51,KCTD12,0
FOXO1,GTF2H1,0
NFAT5,WDR4,0
CBX7,PUS7,0
GFI1B,UBR7,0
EBF1,ACOX1,0
MEIS1,GIMAP5,0
FOXO1,FEM1B,0
FOXO1,EZR,0
STAT2,SOX18,0
NFAT5,SHISA8,0
ELF1,S100A6,0
EBF1,TGM2,0
NFAT5,SATB1,0
NFAT5,NUP107,0
RPA1,MS4A3,0
JUN,GATA2,0
SATB1,PAK1,0
EBF1,CTLA2A,0
EBF1,RMND5A,0
RPA1,MYCT1,0
NFAT5,NCLN,0
MEIS1,CYP2J9,0
CBFB,MUC13,0
ELF1,ACOT9,0
GATA2,SOX18,0
STAT2,ARHGEF39,0
HDAC2,PLAC8,0
RPA2,AFAP1L1,0
FOXO1,CD74,0
CBX7,TK1,0
IRF8,JPT2,0
RAD51,RGS1,0
SATB1,EPAS1,0
RPA2,COPB1,0
RAD51,BTAF1,0
RAD51,NR3C2,0
STAT2,SPO11,0
RPA1,SHISA8,0
EBF1,CTSL,0
GFI1B,PNO1,0
RAD51,PAK1,0
IKZF1,IIGP1,0
IRF8,SHMT1,0
NFAT5,CD69,0
RPA1,HDC,0
RPA1,PSEN1,0
GATA2,PAK1,0
EBF1,BACE1,0
RPA1,STAT2,0
RAD51,MIS12,0
IRF8,HK3,0
NFAT5,RABGGTB,0
STAT2,NFAM1,0
RAD51,CBX7,0
RAD51,TRIM47,0
FOXO1,MYCN,0
GFI1B,CSAD,0
IRF8,NKG7,0
JUN,NKG7,0
MEIS1,SLA,0
NFAT5,ST6GALNAC4,0
EBF1,ICAM1,0
WDR5,CTSF,0
GATA2,XRCC3,0
GATA2,LTB,0
RPA1,TACC3,0
SATB1,CASP4,0
RPA2,NAMPT,0
RPA2,TSC22D3,0
RPA2,GIMAP6,0
CBX7,CSF2RB,0
IRF8,FAR1,0
RPA2,CYB5R1,0
NFAT5,MEIS1,0
STAT2,TCN2,0
IRF8,ACAA2,0
HCFC1,IGSF6,0
NFAT5,PECAM1,0
RAD51,GOLT1B,0
EBF1,ANXA5,0
MEIS1,ZFP467,0
NFAT5,TBC1D5,0
RAD51,CALCRL,0
NFAT5,SLCO3A1,0
GFI1B,SNAP47,0
CBFB,TRPC6,0
IRF8,SELL,0
ELF1,FAM111A,0
NFAT5,XPNPEP1,0
NFAT5,EBF1,0
CBX7,GIMAP1,0
RPA1,MIS12,0
IRF8,APLP2,0
RPA1,HEXA,0
FOXO1,CBX7,0
GFI1B,TTF2,0
FOXO1,SORT1,0
RAD51,POLR2B,0
GFI1B,ELP2,0
FOXO1,MCM5,0
ELF1,CASP12,0
RPA1,SRSF1,0
RPA1,RUNX1T1,0
CBX7,INPP5B,0
RPA1,PRODH,0
CBX7,SLA,0
EBF1,PRPS2,0
MEIS1,HLF,0
IRF8,MPO,0
CBX7,ATG12,0
ELF1,SELL,0
FOXO1,RPRD1B,0
RAD51,ICAM1,0
RPA2,SPNS2,0
RPA1,ABCG2,0
RPA2,CDC45,0
SATB1,LYN,0
RPA1,CHORDC1,0
RAD51,H1F0,0
SATB1,FES,0
IRF8,MMRN1,0
GATA2,SLA,0
IRF8,CSAD,0
HCFC1,NDN,0
IRF8,RCSD1,0
MEIS1,PROCR,0
IRF8,MAGED2,0
RPA2,HACD4,0
RPA2,IRF7,0
EBF1,CERS4,0
SATB1,ICAM1,0
IRF8,SSH3,0
NFAT5,NR3C2,0
RPA2,ST6GALNAC4,0
FOXO1,HIF3A,0
RPA1,EBI3,0
IRF8,RHOF,0
NFAT5,PRSS57,0
IRF8,SNAP47,0
RPA1,LIG1,0
IRF8,RAD51,0
EBF1,SHMT1,0
FOXO1,BTG2,0
WDR5,PRODH,0
RPA1,AP3S1,0
RPA1,CAD,0
GATA2,DOK2,0
CBX7,GNS,0
NFAT5,CST7,0
GFI1B,PHB2,0
NFAT5,RB1,0
WDR5,CTLA2B,0
CBX7,FUT7,0
GATA2,GM5111,0
RAD51,IARS,0
GFI1B,SLA,0
RAD51,CYB5R1,0
NFAT5,PRPF4,0
FOXO1,PLPPR3,0
EBF1,ORC6,0
RPA2,CTC1,0
NFAT5,GNG11,0
NFAT5,COLGALT1,0
RPA1,ADSSL1,0
GFI1B,NUP107,0
RAD51,FUCA2,0
RPA2,ARID3B,0
RPA2,SEH1L,0
IRF8,MSMO1,0
RAD51,CKAP5,0
RPA1,ITSN1,0
NFAT5,MOB3C,0
FOXO1,ARID3B,0
GFI1B,MRPL37,0
RPA1,TOP2A,0
STAT2,LTB,0
NFAT5,SNX30,0
NFAT5,MS4A6C,0
FOXO1,STXBP4,0
GFI1B,COLGALT1,0
GFI1B,ATP13A1,0
RPA2,PRPF4,0
RAD51,IIGP1,0
RAD51,TFG,0
NFAT5,SMARCA2,0
MEIS1,MED16,0
GFI1B,GATA2,0
EBF1,LGALS1,0
IRF8,TSC22D3,0
RPA1,IL27RA,0
ELF1,TSC22D3,0
RPA2,NCAPD2,0
IRF8,RPA2,0
WDR5,PRSS57,0
EBF1,DNAJC11,0
ELF1,LDHB,0
EBF1,RFC4,0
IRF8,GMNN,0
CBFB,PBX1,0
RPA1,TNFRSF21,0
NFAT5,TK1,0
RAD51,UBR7,0
MEIS1,FLNB,0
NFAT5,CD82,0
SATB1,DNM1L,0
NFAT5,GCNT2,0
RPA1,SGMS1,0
IRF8,FCHO2,0
NFAT5,CYBC1,0
RAD51,RFC4,0
NFAT5,MTFR1,0
EBF1,TOP2A,0
FOXO1,MPO,0
JUN,SALL2,0
GATA2,CERK,0
FOXO1,GOLT1B,0
RPA1,TCN2,0
RAD51,FOXO1,0
JUN,RHOF,0
RPA2,RANGAP1,0
RAD51,DOK2,0
GFI1B,RORA,0
GFI1B,MLLT3,0
RPA2,NFAT5,0
SATB1,SHISA8,0
SATB1,HLF,0
EBF1,CCNB2,0
CBX7,CSGALNACT2,0
MYC,TRPC6,0
GATA2,OTULINL,0
RPA2,GSR,0
WDR5,MYO1F,0
RPA2,RAB37,0
RPA2,RCC1,0
CBX7,FLOT2,0
RPA1,MYO5A,0
RPA2,SLC25A46,0
EBF1,CASP1,0
EBF1,CYBC1,0
RAD51,CDC7,0
IRF8,BACE1,0
RAD51,RPP40,0
CBX7,MTFR1,0
STAT2,NAP1L3,0
NFAT5,WDR55,0
FOXO1,CSF3R,0
HCFC1,RTP4,0
RAD51,PECAM1,0
RPA2,FEM1B,0
RPA1,PPAT,0
NFAT5,MFNG,0
GFI1B,MPL,0
RPA2,ITGAL,0
FOXO1,STT3B,0
RPA2,EPSTI1,0
FOXO1,HDC,0
MEIS1,RTP4,0
RAD51,SLA2,0
RPA2,TOP2A,0
ELF1,PBK,0
CBFB,HDC,0
IRF8,CYP2J6,0
IKZF1,HP,0
EBF1,PARP8,0
RPA2,DNAJC11,0
FOXO1,CTLA2A,0
STAT2,PTGR1,0
CBFB,CTSF,0
FOXO1,FDFT1,0
RAD51,ACOT9,0
RAD51,ZFP467,0
STAT2,ANXA3,0
RAD51,STAT2,0
RAD51,TLR4,0
RAD51,DDX58,0
RPA2,INO80D,0
FOXO1,CDCA8,0
MYC,TLE2,0
WDR5,CSAD,0
RAD51,MYO1F,0
RPA2,PUS7,0
IRF8,ALAS1,0
IKZF1,ZBTB16,0
CBFB,KRT18,0
NFAT5,GMCL1,0
RPA2,HELLS,0
RAD51,TUBGCP3,0
GFI1B,TEAD2,0
RAD51,ZDHHC6,0
RPA1,ALDH9A1,0
NFAT5,RPA1,0
GFI1B,H1F0,0
EBF1,LMO4,0
RPA2,OTULINL,0
GFI1B,PTDSS1,0
FOXO1,RARS,0
RAD51,G6PDX,0
WDR5,CYP2J9,0
JUN,MYB,0
GFI1B,FLT3,0
IKZF1,CTSG,0
MEIS1,IGSF6,0
HCFC1,RAB31,0
GATA2,RP2,0
NFAT5,CYP4V3,0
CBFB,NR3C2,0
EBF1,ZBTB38,0
GFI1B,EMILIN1,0
EBF1,LIG1,0
STAT2,TM6SF1,0
JUN,MYL10,0
RPA2,KLF6,0
RPA1,ACOX1,0
RAD51,VPS35,0
GATA2,PCLAF,0
CBX7,ZDHHC6,0
NFAT5,GOLT1B,0
RAD51,SMARCA2,0
MYC,IFI44,0
RPA1,PA2G4,0
RPA1,UTP4,0
JUN,NSD2,0
RPA1,TUBGCP3,0
CBX7,JARID2,0
FOXO1,ATAD1,0
FOXO1,PLAC8,0
EBF1,LZTS1,0
RAD51,PBK,0
IKZF1,TEAD2,0
RAD51,ZNRF2,0
RAD51,MAPK12,0
NFAT5,PARP8,0
STAT2,KRT18,0
RPA2,PPAT,0
RPA2,KAT7,0
FOXO1,GIMAP1,0
EBF1,CTSO,0
STAT2,MYL10,0
EBF1,KLF6,0
FOXO1,HMGB2,0
CBX7,COLGALT1,0
WDR5,RORC,0
IRF8,RABGGTB,0
GFI1B,TOPORS,0
HCFC1,TGTP2,0
CBX7,CTLA2B,0
ELF1,TNFRSF21,0
EBF1,MCM4,0
ELF1,APLP2,0
MEIS1,CTSF,0
RPA2,TMEM43,0
ELF1,PUS7,0
EBF1,TRIM47,0
SATB1,IL21R,0
RAD51,FASTKD2,0
RAD51,SPO11,0
EBF1,PGLYRP2,0
RPA1,ATAD1,0
RPA1,METAP1,0
CBFB,CD74,0
RPA2,GMIP,0
FOXO1,H2-OB,0
RPA1,GIMAP5,0
RPA2,CTSO,0
NFAT5,GMFB,0
STAT2,MAPK12,0
RAD51,RPA1,0
RPA2,LONP2,0
NFAT5,PPAT,0
RAD51,PPAT,0
CBFB,SERPINA3G,0
IRF8,SERPINB1A,0
GATA2,TRIM47,0
NFAT5,IDH1,0
RPA2,PIM2,0
CBFB,PLAC8,0
MEIS1,NCF1,0
RPA2,MOGS,0
RAD51,FAM76B,0
RAD51,LY6A,0
GFI1B,BACE1,0
WDR5,PECAM1,0
NFAT5,BTK,0
CBX7,TMEM50B,0
CBX7,FAM111A,0
WDR5,TPM4,0
FOXO1,ITM2A,0
RPA1,GNG12,0
IRF8,CKAP5,0
EBF1,RNF4,0
RPA2,HNRNPAB,0
NFAT5,CSAD,0
GFI1B,MGAT5,0
ELF1,F11R,0
MEIS1,SMPDL3A,0
SATB1,TMEM97,0
GATA2,ARL11,0
NFAT5,EMILIN1,0
IRF8,MUC13,0
RPA1,ADO,0
FOXO1,MCM6,0
EBF1,ELANE,0
GFI1B,S100A6,0
HCFC1,SMPDL3A,0
RPA2,RABGGTB,0
FOXO1,UBR7,0
GFI1B,DOK2,0
RAD51,SCARF1,0
EBF1,SLA2,0
RPA2,EPAS1,0
HDAC2,HLF,0
GFI1B,PSAT1,0
IRF8,PTDSS1,0
RPA2,IGSF6,0
IRF8,RORC,0
FOXO1,TESPA1,0
FOXO1,SGMS1,0
ELF1,PRIM1,0
RPA1,MCM7,0
NFAT5,ZBTB20,0
EBF1,AFAP1L1,0
FOXO1,SNRPB,0
CBFB,CREB5,0
IKZF1,CCL9,0
GFI1B,CSGALNACT2,0
RPA2,BACE1,0
EBF1,RP2,0
HCFC1,NFIA,0
RAD51,EIF1AD,0
FOXO1,TSC22D3,0
RPA1,SLC25A46,0
FOXO1,BC005561,0
NFAT5,CREB5,0
IRF8,H1F0,0
MEIS1,CSRP3,0
EBF1,RABGGTB,0
SATB1,SCARF1,0
NFAT5,GALNT6,0
FOXO1,AKAP8L,0
ELF1,ZFP467,0
RPA1,LYN,0
CBX7,GOLT1B,0
CBX7,HP,0
STAT2,PRSS57,0
HCFC1,SOX18,0
IRF8,UAP1,0
CBX7,IRF9,0
NFAT5,ATP13A1,0
EBF1,MSMO1,0
RPA2,IL21R,0
RPA1,CYB5R1,0
RAD51,TOP3B,0
RAD51,TEAD2,0
WDR5,LDHB,0
IRF8,ERCC8,0
RAD51,GRINA,0
RPA2,AURKB,0
RPA1,NAP1L3,0
NFAT5,SLA2,0
FOXO1,4833439L19RIK,0
GFI1B,CASP12,0
WDR5,ATP8B4,0
SATB1,MMRN1,0
RAD51,MKI67,0
MEIS1,GIMAP1,0
RPA2,IRGM2,0
EBF1,CSRP3,0
WDR5,TYROBP,0
JUN,HDAC11,0
EBF1,4833439L19RIK,0
MEIS1,ARID3B,0
RAD51,COLGALT1,0
IRF8,LMO4,0
STAT2,GFI1B,0
EBF1,MED16,0
RAD51,PLAC8,0
EBF1,HELLS,0
RPA1,TSPAN14,0
NFAT5,VPS35,0
GATA2,LY6C2,0
RPA1,MXD3,0
NFAT5,CTSG,0
IKZF1,TIE1,0
SATB1,MYCT1,0
RPA2,FLOT2,0
IRF8,GRIA3,0
ELF1,SCARB1,0
RPA1,TEAD2,0
RAD51,UMPS,0
SATB1,SOX18,0
RPA1,CNRIP1,0
NFAT5,CBFB,0
NFAT5,CCDC50,0
GATA2,MAGED2,0
GATA2,PARP8,0
GFI1B,CDCA8,0
MEIS1,ZFP35,0
CBFB,IRF7,0
MEIS1,RCC1,0
RPA1,MICU1,0
RPA1,ANXA3,0
RPA2,H2-AA,0
RAD51,CD53,0
CBX7,LMO4,0
RPA1,GALNT6,0
CBX7,PPP1R15A,0
SATB1,USP10,0
RPA1,SH2D5,0
FOXO1,ADA,0
CBX7,CCL9,0
NFAT5,GRIA3,0
WDR5,CSGALNACT1,0
RPA1,CD74,0
RPA2,PFKP,0
CBX7,ADGRG3,0
NFAT5,EPSTI1,0
FOXO1,MAN2A2,0
STAT2,VDR,0
EBF1,ARHGEF39,0
CBX7,RFC5,0
RPA1,ANXA2,0
JUN,PRKCQ,0
FOXO1,PRMT7,0
NFAT5,FTSJ3,0
NFAT5,CAD,0
CBFB,CSF3R,0
ELF1,CSF3R,0
SATB1,NAP1L3,0
MYC,IL21R,0
GATA2,FAM111A,0
RAD51,PCMTD1,0
NFAT5,TMX3,0
RAD51,CSGALNACT1,0
EBF1,CST7,0
RPA1,DCAF13,0
EBF1,PHB2,0
IRF8,MAN2A2,0
CBX7,CSAD,0
RPA1,PRELID3B,0
EBF1,MYCT1,0
RAD51,KPNA3,0
RPA2,SETD2,0
WDR5,PRPS2,0
RPA1,DHX33,0
IRF8,SLC39A6,0
MEIS1,SHISA8,0
NFAT5,PLEKHO2,0
NFAT5,RP2,0
NFAT5,OASL2,0
IKZF1,IGSF6,0
RAD51,RRM2,0
NFAT5,CASP12,0
CBX7,METTL7A1,0
CBX7,FRRS1,0
RAD51,RGS2,0
FOXO1,ELMO2,0
EBF1,ZFP24,0
WDR5,CASP12,0
ELF1,BCL2,0
RAD51,CTSZ,0
EBF1,MCM3,0
FOXO1,RAB31,0
MYC,RTP4,0
STAT2,PRPS2,0
RAD51,CDC45,0
ELF1,PADI4,0
FOXO1,TRIM59,0
HCFC1,CSAD,0
RPA1,VSIR,0
EBF1,LDHB,0
FOXO1,FOXRED1,0
NFAT5,CDC7,0
RPA2,DLST,0
RAD51,TIE1,0
MYC,LCP2,0
EBF1,TM7SF3,0
HDAC2,CTSG,0
STAT2,PRDM16,0
EBF1,RPA2,0
MYC,IIGP1,0
EBF1,ERCC8,0
IRF8,PSTPIP1,0
NFAT5,MAGED2,0
WDR5,TIE1,0
WDR5,RCSD1,0
HCFC1,FUT7,0
HDAC2,HDC,0
IRF8,ZFP467,0
RPA2,TBC1D10C,0
EBF1,NFATC2,0
RPA1,PRPS2,0
FOXO1,REL,0
MEIS1,PRSS57,0
FOXO1,METTL7A1,0
RPA1,PRPF4,0
HCFC1,NAP1L3,0
RPA1,CDC45,0
RPA1,NCEH1,0
CBX7,ISYNA1,0
RAD51,METAP1,0
RAD51,TTF2,0
MEIS1,NDN,0
RPA2,MS4A6C,0
RAD51,FAM136A,0
GFI1B,MAPK1,0
ELF1,GIMAP5,0
EBF1,ABL1,0
RAD51,HP,0
RPA2,IRF8,0
RPA2,PCLAF,0
CBX7,PHF6,0
FOXO1,EBF1,0
STAT2,CTLA2A,0
STAT2,BACE1,0
FOXO1,GBP7,0
STAT2,HP,0
ELF1,ALAS1,0
HCFC1,MYCN,0
FOXO1,SOX18,0
EBF1,ST6GALNAC4,0
HDAC2,ADGRG3,0
IRF8,LIG1,0
IRF8,RFC5,0
RAD51,NAP1L3,0
RPA2,ZBTB38,0
IKZF1,RARB,0
SATB1,CERS4,0
MEIS1,KRT18,0
RAD51,DEF8,0
RPA1,PLAC8,0
EBF1,RANBP3,0
RAD51,AHCYL1,0
FOXO1,TUBGCP2,0
RPA1,NDRG1,0
RPA2,RGS1,0
MYC,MPO,0
EBF1,HDC,0
FOXO1,TNFRSF21,0
SATB1,TOP2A,0
MEIS1,SELL,0
RPA2,FRRS1,0
RPA2,IARS2,0
RAD51,TRMT11,0
RPA1,KRT18,0
RPA1,RASSF4,0
NFAT5,FOXRED1,0
HCFC1,APOE,0
JUN,MUC13,0
SATB1,SPI1,0
MEIS1,REXO4,0
IRF8,NFKBIA,0
STAT2,RORC,0
CBFB,CSRP3,0
RAD51,FRRS1,0
CBX7,ACOX1,0
GFI1B,SCARF1,0
IRF8,FAM91A1,0
EBF1,LY6A,0
RPA2,RASSF4,0
EBF1,FGL2,0
FOXO1,LONP1,0
MEIS1,TMEM50B,0
CBX7,PHF10,0
RPA1,HDAC11,0
GFI1B,RPS6KA3,0
RPA1,ATP11C,0
CBX7,HNRNPAB,0
IRF8,CD9,0
RAD51,CTSG,0
CBX7,TCIRG1,0
IRF8,PPP1R15A,0
HCFC1,CCL4,0
SATB1,SPNS3,0
FOXO1,TES,0
CBX7,CCNB2,0
CBX7,CD9,0
FOXO1,CKAP5,0
CBFB,TLR4,0
GFI1B,PA2G4,0
ELF1,GRINA,0
ELF1,CTSG,0
RPA1,ARL6IP6,0
GFI1B,UBL4A,0
JUN,ZFP467,0
CBX7,CDT1,0
NFAT5,FCGR2B,0
CBX7,AKNA,0
CBFB,GRK3,0
EBF1,ACOT9,0
RPA2,HDAC7,0
RAD51,TARS,0
RPA1,METTL7A1,0
RAD51,JUN,0
GFI1B,EPSTI1,0
CBX7,RTP4,0
CBFB,SPO11,0
SATB1,CTSF,0
IRF8,MAPK12,0
RAD51,PFKP,0
RPA1,VPS35,0
NFAT5,MPL,0
RPA2,ORC6,0
EBF1,GMNN,0
STAT2,SH2D5,0
FOXO1,SLC18A2,0
CBX7,GMNN,0
FOXO1,ZFP36,0
CBX7,MED16,0
CBX7,UHRF1,0
RPA1,CLPTM1L,0
STAT2,SORT1,0
SATB1,SALL2,0
STAT2,BTK,0
FOXO1,CHRNB1,0
RAD51,RTP4,0
EBF1,IRF6,0
NFAT5,ATAD1,0
FOXO1,TNIP3,0
RPA1,SALL2,0
GFI1B,TOP2A,0
GFI1B,YBX1,0
RPA2,FLNB,0
ELF1,CYP2J9,0
CBX7,PIM2,0
RPA1,PRKCQ,0
HDAC2,LZTS1,0
ELF1,RHOF,0
FOXO1,CSTF2,0
CBFB,MMRN1,0
CBX7,EML4,0
STAT2,SMPDL3A,0
EBF1,HDGF,0
RPA2,ADA,0
NFAT5,TGTP2,0
SATB1,HDC,0
FOXO1,ZFP35,0
GATA2,MYL10,0
RPA2,POLR1B,0
NFAT5,RMND5A,0
RPA1,GOLPH3,0
RPA2,NUP107,0
GFI1B,H2-AA,0
CBX7,CLPTM1L,0
MEIS1,LDHB,0
GFI1B,PHF6,0
MYC,MUC13,0
IRF8,ZFP451,0
IRF8,GOLT1B,0
RPA1,RNF4,0
NFAT5,RAD51,0
RAD51,TNIP3,0
MEIS1,TLE2,0
RPA2,LMO4,0
EBF1,GOLT1B,0
GFI1B,MCM2,0
NFAT5,PSAT1,0
EBF1,CTLA2B,0
EBF1,SNAP23,0
RAD51,DHX33,0
NFAT5,MIS18BP1,0
CBFB,ITM2A,0
SATB1,SLCO3A1,0
GFI1B,CNIH1,0
RPA1,MED16,0
IKZF1,VDR,0
NFAT5,EMCN,0
RAD51,CDT1,0
MEIS1,SNAP47,0
IRF8,OSBPL1A,0
JUN,TIE1,0
RAD51,CCDC137,0
RAD51,PTGR1,0
GFI1B,ELF1,0
RPA1,UBE2L6,0
GFI1B,TIPIN,0
WDR5,SALL2,0
NFAT5,MCM3,0
FOXO1,PRDM16,0
RAD51,ST6GALNAC4,0
CBX7,USP37,0
FOXO1,ADSSL1,0
RAD51,ST8SIA4,0
RAD51,GBP2,0
RPA1,PCMTD1,0
JUN,PTGR1,0
HCFC1,CSF3R,0
FOXO1,RRM1,0
WDR5,HDAC7,0
RPA2,SAMD9L,0
NFAT5,IARS2,0
GFI1B,SSH3,0
RPA1,USP10,0
FOXO1,TOPORS,0
RAD51,FGL2,0
RAD51,RCC1,0
RPA1,TNIP3,0
GFI1B,ZBTB38,0
EBF1,PCMTD2,0
JUN,NFIA,0
RPA2,PROCR,0
CBX7,ORC6,0
CBX7,GLB1,0
CBX7,NUP107,0
HCFC1,OASL2,0
WDR5,BC005561,0
SATB1,BTK,0
EBF1,TNFRSF21,0
GFI1B,ZFP36,0
STAT2,SELENBP1,0
ELF1,NCF1,0
ELF1,RASSF4,0
RPA1,TIPIN,0
EBF1,EBI3,0
NFAT5,PA2G4,0
CBX7,HELLS,0
IRF8,CCL9,0
GFI1B,LZTS1,0
RAD51,PHB2,0
IRF8,ORC6,0
GFI1B,H2-OB,0
NFAT5,LGALS1,0
MEIS1,CYP2J6,0
RAD51,PRPS2,0
RPA2,MPL,0
RAD51,KAT7,0
NFAT5,EMID1,0
IRF8,TRMT11,0
IRF8,SNRPB,0
RAD51,MXD3,0
FOXO1,TBC1D10C,0
ELF1,VSIR,0
RPA2,CFP,0
RPA2,DNAJC10,0
RAD51,E2F8,0
RAD51,GPR160,0
CBX7,ARL6IP6,0
NFAT5,SERPINB1A,0
RPA2,IFI44,0
RPA1,ANXA1,0
NFAT5,POLR1B,0
IRF8,SELENBP1,0
RAD51,VSIR,0
HCFC1,PFKP,0
HCFC1,CTLA2A,0
RPA2,TUBGCP2,0
SATB1,WDR4,0
RAD51,IL27RA,0
CBFB,MAPK12,0
GFI1B,SLC19A1,0
NFAT5,SPI1,0
CBX7,MMRN1,0
GFI1B,DENND2D,0
RPA1,CDC6,0
GFI1B,ANXA5,0
WDR5,TNIP3,0
CBX7,ARL11,0
SATB1,SERPINA3G,0
STAT2,SLC18A2,0
EBF1,IGSF6,0
ELF1,RPS6KA5,0
CBX7,MAP4K2,0
RAD51,BID,0
RPA2,XRCC6,0
CBX7,HEXA,0
HCFC1,CYP2J6,0
EBF1,POLR2B,0
NFAT5,TRIM47,0
RPA2,TK1,0
ELF1,RB1,0
RPA2,DEK,0
NFAT5,SALL2,0
NFAT5,ICAM1,0
GFI1B,RANBP3,0
NFAT5,CERK,0
GFI1B,PLXNC1,0
GFI1B,GRINA,0
NFAT5,CYB5R1,0
HCFC1,ZBTB20,0
MEIS1,CASP12,0
RAD51,TIMM29,0
GFI1B,GALNT6,0
NFAT5,STT3B,0
ELF1,TFR2,0
RPA2,EBI3,0
FOXO1,CYP4V3,0
EBF1,IARS2,0
FOXO1,MED16,0
RPA2,NADK,0
ELF1,HMGB2,0
IRF8,IL21R,0
RPA2,SLC28A2,0
GATA2,CASP1,0
CBX7,TMEM206,0
RPA2,FUCA2,0
RPA1,KAT7,0
ELF1,TIE1,0
GFI1B,PRODH,0
HCFC1,FLT3,0
ELF1,GCNT2,0
RAD51,ARL8B,0
RPA1,ERCC8,0
HDAC2,MPL,0
ELF1,GBP2,0
MEIS1,PRDM16,0
NFAT5,PLXNC1,0
ELF1,PRDM16,0
NFAT5,RAB37,0
GATA2,MSMO1,0
EBF1,PRDM16,0
IRF8,RAB31,0
RAD51,PNO1,0
RPA1,MOB3C,0
RAD51,TM7SF3,0
CBX7,ARHGEF39,0
CBX7,CTSZ,0
IKZF1,ELANE,0
NFAT5,ARHGEF39,0
RPA2,TBC1D9B,0
CBX7,FEM1B,0
RPA2,ZFP24,0
CBX7,BID,0
RPA2,LAPTM4B,0
RPA1,MYC,0
EBF1,PRIM2,0
ELF1,ERLIN1,0
RAD51,EBF1,0
WDR5,MAPK12,0
FOXO1,DENND1C,0
RPA2,TRIM47,0
HCFC1,PRKCQ,0
RAD51,CD9,0
GFI1B,VSIR,0
HDAC2,TFR2,0
IRF8,RAB44,0
CBX7,OASL2,0
GFI1B,SELL,0
CBX7,SLC28A2,0
MEIS1,CD52,0
RPA1,RRM1,0
EBF1,TOP3B,0
RAD51,ME2,0
RPA1,MAP4K2,0
GATA2,FES,0
EBF1,SAMD9L,0
IRF8,SLC44A2,0
STAT2,CTSF,0
MEIS1,ZBTB16,0
RPA2,TACC3,0
EBF1,CCL4,0
CBX7,REXO4,0
EBF1,CLEC12A,0
RPA2,ATP8B4,0
WDR5,PTGS1,0
CBX7,MYCT1,0
FOXO1,F11R,0
IRF8,EMID1,0
NFAT5,TAF12,0
SATB1,PTGS1,0
RPA2,KPNA3,0
IRF8,METTL27,0
RPA2,CTLA2A,0
IKZF1,NCF1,0
EBF1,AP3S1,0
ELF1,GFI1B,0
RAD51,MECOM,0
GFI1B,NDE1,0
RPA2,TCIRG1,0
RPA1,DENND1C,0
RPA2,BTK,0
MEIS1,NFKBIA,0
SATB1,EMILIN1,0
MEIS1,WDR5,0
RPA1,CD82,0
RAD51,TES,0
IRF8,CSGALNACT1,0
CBX7,GPR65,0
RPA1,EML4,0
MEIS1,TMX3,0
MEIS1,CNIH1,0
FOXO1,EIF1AD,0
RAD51,SELENBP1,0
FOXO1,APOE,0
EBF1,XRCC6,0
HCFC1,FES,0
RPA2,GOLPH3,0
CBX7,SPNS3,0
RPA2,F11R,0
RPA2,TUBGCP3,0
FOXO1,NKG7,0
RAD51,CCL4,0
IRF8,HMGB2,0
SATB1,EBF1,0
GATA2,PLAC8,0
GFI1B,ATP11C,0
CBX7,GUSB,0
FOXO1,TPM4,0
NFAT5,MS4A3,0
NFAT5,CD53,0
ELF1,SMPDL3A,0
RPA2,ELMO2,0
NFAT5,ARHGEF18,0
RPA1,CKAP5,0
FOXO1,IIGP1,0
IRF8,ISYNA1,0
CBX7,PDZK1IP1,0
NFAT5,ZEB2,0
NFAT5,PSTPIP1,0
EBF1,TRPS1,0
EBF1,PLEKHO2,0
JUN,SPO11,0
RPA1,CTSZ,0
NFAT5,AKAP8L,0
RPA1,UBR7,0
MEIS1,OASL2,0
EBF1,VPS35,0
RPA1,JPT2,0
GFI1B,UTP4,0
RAD51,METTL27,0
IRF8,SETD2,0
ELF1,EZR,0
GFI1B,METTL27,0
EBF1,SLC28A2,0
NFAT5,SLC43A3,0
FOXO1,FLT3,0
FOXO1,CLEC12A,0
NFAT5,F11R,0
RAD51,MYC,0
RPA1,RPRD1B,0
NFAT5,GM1966,0
RAD51,TAF12,0
RPA2,BID,0
GATA2,CLEC12A,0
WDR5,RORA,0
IRF8,EMCN,0
NFAT5,MKI67,0
ELF1,MYCT1,0
STAT2,ATP6AP2,0
CBX7,BTAF1,0
NFAT5,SLC2A3,0
RAD51,FUT7,0
RPA2,GANAB,0
RPA2,ATP11C,0
SATB1,NSD2,0
ELF1,MECOM,0
IRF8,ADGRG3,0
NFAT5,IRF9,0
MEIS1,ITM2A,0
NFAT5,CUL3,0
CBX7,TEAD2,0
IRF8,SLC35B4,0
GFI1B,LCP2,0
RAD51,PHF6,0
GATA2,TNIP3,0
IRF8,MXD3,0
EBF1,GBP7,0
CBX7,RB1,0
RAD51,SCARB1,0
CBX7,PLEK,0
RPA1,NDE1,0
NFAT5,MYO1G,0
STAT2,RARB,0
FOXO1,NCAPD2,0
GFI1B,HIF3A,0
EBF1,MRPL37,0
NFAT5,ABHD17B,0
CBFB,NFIA,0
MEIS1,CCL9,0
RAD51,SLC25A46,0
RAD51,MCM5,0
EBF1,B230219D22RIK,0
EBF1,ADO,0
ELF1,RORA,0
EBF1,GM1966,0
WDR5,HACD4,0
RPA1,FLNB,0
CBX7,ITGAL,0
RPA2,MYCT1,0
NFAT5,CNIH1,0
SATB1,CCDC137,0
RPA2,TFG,0
JUN,TMEM173,0
RAD51,XPC,0
EBF1,RPP40,0
RPA2,SORT1,0
GFI1B,ADGRG3,0
EBF1,FEM1B,0
IKZF1,SPO11,0
FOXO1,CASP4,0
CBX7,ABL1,0
HCFC1,PARP8,0
RPA2,PARP8,0
MEIS1,NKG7,0
GFI1B,ANXA2,0
CBX7,MCM5,0
RPA2,HLF,0
RAD51,SATB1,0
IRF8,EYA2,0
EBF1,SERPINB1A,0
GFI1B,MECOM,0
RAD51,ADA,0
NFAT5,TIMM29,0
CBX7,ATP11C,0
RPA2,E2F8,0
RAD51,RB1,0
CBX7,PCMTD1,0
FOXO1,TARS,0
RPA2,EMILIN1,0
RPA2,IKZF1,0
GFI1B,MCM3,0
RAD51,UBL4A,0
HCFC1,TLE2,0
RAD51,PLAG1,0
EBF1,FCER1G,0
SATB1,PCMTD2,0
IRF8,AGPS,0
RAD51,ATP13A1,0
NFAT5,E2F8,0
RPA1,EMILIN1,0
STAT2,HK3,0
CBX7,TCF19,0
NFAT5,EPAS1,0
NFAT5,ATP8B4,0
IRF8,HEXA,0
RPA2,MLLT3,0
RPA1,CTSF,0
NFAT5,ALAS1,0
FOXO1,BTK,0
EBF1,NAP1L3,0
FOXO1,ZFP367,0
NFAT5,POR,0
RPA1,FGFR1OP,0
IRF8,TFR2,0
RPA2,CD53,0
MEIS1,PHF11B,0
RPA2,DEF8,0
NFAT5,HDC,0
FOXO1,LY6C2,0
FOXO1,FAM136A,0
NFAT5,CALCRL,0
NFAT5,MAPK12,0
GATA2,TK1,0
RAD51,RARB,0
RPA2,BATF2,0
RPA2,DDX58,0
MYC,TIE1,0
HCFC1,TM7SF3,0
EBF1,ITSN1,0
ELF1,IRF8,0
FOXO1,CUL3,0
RPA2,HIF3A,0
EBF1,ABCG2,0
ELF1,MRPL37,0
IRF8,MTMR6,0
GFI1B,NDRG1,0
EBF1,IFI44,0
RAD51,SPNS2,0
RAD51,RP2,0
FOXO1,HLF,0
RAD51,CSTF2,0
IRF8,PHF10,0
WDR5,CSF3R,0
RPA2,RELB,0
EBF1,RTP4,0
WDR5,TGTP2,0
RPA1,TMEM173,0
GATA2,PHF11B,0
FOXO1,TBL3,0
RPA1,EPAS1,0
NFAT5,FIGNL1,0
GFI1B,PHF11B,0
GFI1B,SH2D5,0
RPA2,FOXO1,0
IRF8,MAPK1,0
NFAT5,GIMAP5,0
RPA1,MSH6,0
IRF8,CTSG,0
RAD51,MRPL37,0
WDR5,TEAD2,0
SATB1,ST6GALNAC4,0
IRF8,GRINA,0
IRF8,EBF1,0
RAD51,SLC30A5,0
RAD51,CASP1,0
EBF1,NR3C2,0
FOXO1,TCIRG1,0
GFI1B,CSRP3,0
FOXO1,TUBGCP3,0
RAD51,TM6SF1,0
RAD51,UTP4,0
RPA2,RGCC,0
RPA1,F11R,0
STAT2,TTF2,0
ELF1,LAPTM4B,0
RAD51,DENND1C,0
RPA2,TBC1D5,0
STAT2,NKG7,0
CBX7,MKI67,0
RPA1,ARHGEF18,0
WDR5,CSRP3,0
RPA1,SSH3,0
RAD51,ORC2,0
IRF8,PRKCH,0
IRF8,MKI67,0
CBFB,BTK,0
SATB1,ADA,0
MEIS1,PIM2,0
NFAT5,MAPKAPK3,0
ELF1,DEF8,0
NFAT5,BACE1,0
NFAT5,MAML3,0
WDR5,ANXA3,0
IRF8,SESN1,0
GFI1B,NSD2,0
RAD51,APBB1,0
WDR5,NFAM1,0
HCFC1,HDC,0
RPA2,NDE1,0
RAD51,ARID5A,0
IRF8,PREP,0
MEIS1,CD9,0
NFAT5,TMEM229B,0
CBX7,BTK,0
EBF1,LAP3,0
SATB1,PBX1,0
GFI1B,RELB,0
WDR5,FGL2,0
RPA1,G6PDX,0
FOXO1,METTL27,0
RPA2,CST7,0
FOXO1,SLC43A3,0
RPA1,FAM76B,0
FOXO1,TCN2,0
RPA2,PADI4,0
GATA2,SLC28A2,0
CBX7,IARS2,0
WDR5,EGR1,0
MYC,NKG7,0
WDR5,MS4A3,0
STAT2,LY6C2,0
CBX7,ELMO2,0
EBF1,TMEM50B,0
RAD51,ANXA2,0
SATB1,LY6C2,0
EBF1,EMCN,0
CBFB,EBI3,0
ELF1,IGTP,0
ELF1,SALL2,0
SATB1,LGALS1,0
IRF8,ORC2,0
RPA2,HDGF,0
RAD51,KRT18,0
SPI1,PLAC8,0
FOXO1,PRKCQ,0
GFI1B,TBC1D9B,0
RPA2,OASL2,0
RPA2,MYO1G,0
EBF1,ZBTB20,0
RAD51,ZFP367,0
RAD51,FAM111A,0
FOXO1,CSRP3,0
IRF8,RB1,0
CBFB,NDN,0
RAD51,CCNB2,0
RPA2,NFATC2,0
FOXO1,EGR1,0
RPA1,AHCYL1,0
STAT2,SPNS3,0
HCFC1,SLA2,0
RPA2,PRELID3B,0
GATA2,GIMAP5,0
CBX7,CYBC1,0
MEIS1,RGS1,0
GFI1B,TGM2,0
WDR5,MFNG,0
NFAT5,IL21R,0
FOXO1,TRIB3,0
IRF8,SLC19A1,0
CBX7,FGFR1OP,0
EBF1,ORC2,0
CBX7,MYL10,0
ELF1,IL12A,0
GFI1B,CCL4,0
RPA1,TIE1,0
STAT2,MYCT1,0
IRF8,MFSD14B,0
GFI1B,CTSG,0
CBFB,TSC22D3,0
RPA1,RCC1,0
EBF1,HACD4,0
RPA1,TRIM47,0
EBF1,SPO11,0
RAD51,CASP4,0
RAD51,NEURL3,0
SPI1,SLA,0
ELF1,EMID1,0
NFAT5,VDR,0
NFAT5,H2-OB,0
GFI1B,GUSB,0
RAD51,LDHB,0
EBF1,PLEK,0
CBFB,TEAD2,0
RPA2,CD48,0
STAT2,CSF2RB,0
MYC,SLA,0
GFI1B,BTG2,0
IRF8,SPNS3,0
ELF1,RUNX1T1,0
WDR5,SLA,0
WDR5,SLA2,0
GFI1B,MFSD1,0
IKZF1,CSRP3,0
SATB1,EMID1,0
IRF8,TBC1D9B,0
NFAT5,LYN,0
WDR5,GNG11,0
HCFC1,CERK,0
RPA1,ZFP367,0
GATA2,ARID3B,0
ELF1,ZBTB20,0
EBF1,CTC1,0
NFAT5,LTB,0
WDR5,TM7SF3,0
NFAT5,ME2,0
IRF8,TIPIN,0
CBX7,TRIB3,0
CBX7,CTSF,0
CBX7,SSH3,0
RPA1,LGALS1,0
RAD51,IRF7,0
CBX7,SERPINB9,0
GFI1B,CD74,0
RPA2,TNFRSF21,0
RPA2,GLB1,0
GATA2,TEAD2,0
SATB1,ISYNA1,0
RAD51,CD48,0
FOXO1,ERCC8,0
STAT2,SPI1,0
RAD51,PRSS57,0
HCFC1,DENND2D,0
EBF1,RFC5,0
FOXO1,IL12A,0
WDR5,FUT7,0
RAD51,CTC1,0
RPA1,FES,0
ELF1,CLEC12A,0
RAD51,CTSL,0
RPA2,DHFR,0
RAD51,LTB,0
RPA2,CD300A,0
EBF1,OTULINL,0
ELF1,NAP1L3,0
RPA2,GBP2,0
MEIS1,NFIA,0
SATB1,HK3,0
IRF8,PPAT,0
MEIS1,MPL,0
IRF8,PLPPR3,0
EBF1,CCDC137,0
SATB1,RHOF,0
NFAT5,TRIM35,0
EBF1,MYB,0
EBF1,MLLT3,0
NFAT5,ZFP451,0
RPA2,ERLIN1,0
RPA1,PAK1,0
RPA2,PTGR1,0
NFAT5,GANAB,0
IRF8,ZFP24,0
EBF1,TUBGCP3,0
STAT2,PHF10,0
EBF1,PRIM1,0
RAD51,LCP2,0
FOXO1,FGL2,0
RPA2,HCFC1,0
RPA2,RAD51,0
FOXO1,LYN,0
RAD51,XRCC6,0
FOXO1,NFAM1,0
RAD51,BATF2,0
RPA2,ACOX1,0
GATA2,GRINA,0
FOXO1,SPO11,0
RPA1,SESN1,0
CBX7,NDE1,0
CBX7,PLAA,0
GFI1B,MCM5,0
RPA1,MOGS,0
NFAT5,LDHB,0
SATB1,MAGED2,0
IKZF1,ARID3B,0
RAD51,HCFC1,0
CBX7,MYO5A,0
WDR5,LZTS1,0
EBF1,NCF1,0
RPA1,ATF7,0
FOXO1,DUS1L,0
IRF8,PCMTD2,0
IKZF1,RUNX1T1,0
FOXO1,CSGALNACT2,0
EBF1,RUNX1T1,0
GFI1B,FAM91A1,0
NFAT5,ARL11,0
RPA1,GTF2F1,0
RPA2,TBXAS1,0
FOXO1,SPI1,0
FOXO1,YBX1,0
RAD51,OTULINL,0
FOXO1,TLR4,0
GFI1B,IL21R,0
NFAT5,B230219D22RIK,0
RAD51,B230219D22RIK,0
FOXO1,IFI44,0
EBF1,ZFP945,0
RPA2,WDR4,0
HDAC2,AFAP1L1,0
ELF1,USP10,0
EBF1,HDAC11,0
RAD51,ALDH9A1,0
STAT2,FCGR2B,0
RAD51,MOB3C,0
HCFC1,FCGR3,0
ELF1,ARID5A,0
EBF1,IPO9,0
MEIS1,UBL4A,0
FOXO1,FCER1G,0
FOXO1,BTAF1,0
MEIS1,GPR65,0
SATB1,IRF7,0
IRF8,MAD2L1,0
GATA2,GRK3,0
GFI1B,GIMAP1,0
MYC,CTSG,0
ELF1,TPM4,0
RAD51,GIMAP5,0
IRF8,PCMTD1,0
ELF1,ELANE,0
SATB1,NR3C2,0
GFI1B,UNC93B1,0
CBX7,MCM7,0
ELF1,DEK,0
FOXO1,CREB5,0
ELF1,PLXNC1,0
RPA1,ZDHHC13,0
RPA1,ATP13A1,0
FOXO1,PIM2,0
CBX7,UBL4A,0
GFI1B,IIGP1,0
NFAT5,PLAG1,0
FOXO1,NOP2,0
RPA1,BID,0
RAD51,ZFP35,0
RPA2,FTSJ3,0
EBF1,FAM76B,0
RPA2,BTAF1,0
IRF8,BTG2,0
STAT2,HACD4,0
CBX7,POLR2B,0
RAD51,MFSD14B,0
RPA2,SALL2,0
MEIS1,TOP2A,0
CBX7,MIS12,0
CBX7,CYB5R1,0
RPA1,WDR4,0
RAD51,TCP11L2,0
RPA1,MTREX,0
FOXO1,OSBPL1A,0
RPA1,MCM3,0
RPA1,FAM111A,0
RPA2,PLIN3,0
IRF8,COPB1,0
FOXO1,RRM2,0
RPA1,TYROBP,0
IRF8,HLF,0
RPA2,ATG12,0
CBX7,LCP2,0
NFAT5,USP11,0
MEIS1,SLC43A3,0
RPA2,POLE3,0
STAT2,ITIH5,0
CBFB,PRDM16,0
SPI1,MMRN1,0
CBX7,CCL4,0
RAD51,CSRP3,0
HCFC1,TBXAS1,0
NFAT5,SLC19A1,0
GFI1B,E2F8,0
GFI1B,NAP1L3,0
STAT2,MECOM,0
RAD51,MYB,0
NFAT5,CCNB2,0
EBF1,UBL4A,0
EBF1,MLKL,0
RPA2,RHOF,0
CBFB,CD52,0
NFAT5,XAF1,0
RPA2,MLKL,0
RPA1,NCLN,0
HCFC1,H2-OB,0
EBF1,ITGAL,0
NFAT5,TIE1,0
RPA2,RPRD1B,0
NFAT5,GNG12,0
MEIS1,CCDC137,0
NFAT5,TRIM59,0
STAT2,MMRN1,0
RPA2,CALCRL,0
CBX7,PLIN3,0
EBF1,UAP1,0
HCFC1,TSPAN14,0
RAD51,AFAP1L1,0
WDR5,TRPS1,0
EBF1,IIGP1,0
RAD51,PADI4,0
GFI1B,MAN2A2,0
FOXO1,ORC2,0
NFAT5,RTP4,0
GFI1B,CD52,0
IRF8,TGM2,0
EBF1,TESPA1,0
IKZF1,CSAD,0
EBF1,TBXAS1,0
GFI1B,SLC28A2,0
ELF1,GNG12,0
WDR5,OASL2,0
EBF1,GIMAP1,0
NFAT5,CDC45,0
WDR5,HK3,0
GFI1B,CERK,0
RPA1,IFI44,0
SATB1,GLIPR2,0
MEIS1,GBP2,0
NFAT5,ZFP945,0
RPA2,ERCC8,0
HCFC1,LY6C2,0
GFI1B,MSMO1,0
RPA1,DLST,0
RPA2,TTF2,0
NFAT5,JUN,0
SATB1,ZFP36,0
FOXO1,MEIS1,0
ELF1,LZTS1,0
RAD51,ATF7,0
ELF1,SATB1,0
RAD51,GMNN,0
SATB1,ZDHHC13,0
CBFB,CYP2J9,0
NFAT5,PREP,0
GATA2,PIM2,0
RAD51,CREB5,0
RAD51,DUSP1,0
RAD51,MYO5A,0
RPA1,SLA2,0
GATA2,MFNG,0
RAD51,SPNS3,0
RAD51,TESPA1,0
EBF1,MICU1,0
RPA1,BC005561,0
NFAT5,RAB44,0
NFAT5,CCL9,0
CBX7,MTREX,0
IRF8,VDR,0
SATB1,CYP2J6,0
WDR5,FCGR3,0
RPA1,SLC35B4,0
IRF8,CCNB2,0
EBF1,GBP3,0
CBX7,FUCA2,0
NFAT5,POLR2B,0
NFAT5,CTSO,0
CBX7,DDX20,0
IRF8,GMCL1,0
CBFB,ELANE,0
RAD51,PBX1,0
CBX7,POLE3,0
RPA2,FAM76B,0
RPA1,TIMM29,0
EBF1,POLE3,0
FOXO1,TK1,0
WDR5,LY6A,0
RPA1,TRIM35,0
SATB1,ABL1,0
HCFC1,SHISA8,0
ELF1,SLC18A2,0
FOXO1,CFP,0
IKZF1,ITM2A,0
GFI1B,ZFP467,0
NFAT5,ARID3B,0
RPA2,PNO1,0
FOXO1,BCL2,0
SATB1,FLOT2,0
ELF1,FCGR2B,0
RPA1,ABCB8,0
GFI1B,GOLPH3,0
MEIS1,IIGP1,0
NFAT5,UBE2L6,0
IRF8,ARHGEF18,0
IKZF1,FCGR3,0
FOXO1,STAT2,0
NFAT5,PANX1,0
RPA2,CSGALNACT1,0
CBX7,PRPF4,0
FOXO1,MYO5A,0
GFI1B,PRKCH,0
NFAT5,SHMT1,0
HCFC1,TRIM47,0
RPA1,PADI4,0
FOXO1,PTDSS1,0
FOXO1,PREP,0
NFAT5,SLC35B4,0
CBX7,MAPKAPK3,0
GFI1B,MYC,0
JUN,GIMAP1,0
FOXO1,CTSF,0
EBF1,SESN1,0
RAD51,PLEK,0
GFI1B,ITIH5,0
MEIS1,HEXA,0
MEIS1,MYO1G,0
RPA1,PHF6,0
EBF1,UBA7,0
CBX7,UMPS,0
RPA1,VDR,0
MEIS1,PUS7,0
GATA2,DDX58,0
RPA2,MCM3,0
RAD51,TYROBP,0
RAD51,CASP12,0
FOXO1,SNX30,0
RPA2,CASP4,0
EBF1,PUS7,0
CBX7,DDX58,0
WDR5,GRK3,0
HCFC1,ITIH5,0
SATB1,TBXAS1,0
RPA1,MECOM,0
EBF1,PTTG1IP,0
RPA1,TBXAS1,0
FOXO1,G6PDX,0
NFAT5,SLC25A46,0
RAD51,DDX20,0
RPA2,MSH6,0
EBF1,CASP12,0
FOXO1,CCDC50,0
RPA2,NUDT19,0
RPA2,CSTF2,0
ELF1,SERPINA3G,0
SATB1,SLC19A1,0
RAD51,DEK,0
MEIS1,EGR1,0
RPA1,TLE2,0
RPA1,MSMO1,0
RPA1,ZFP945,0
GFI1B,TLE2,0
CBX7,POLR1B,0
NFAT5,PDZK1IP1,0
CBX7,DEK,0
CBFB,CYP4V3,0
GFI1B,TLR4,0
FOXO1,CNIH1,0
SATB1,FUCA2,0
CBX7,LONP2,0
CBX7,GIMAP6,0
RAD51,SLC35B4,0
RPA1,XPC,0
RAD51,ANXA5,0
FOXO1,SALL2,0
EBF1,HLF,0
FOXO1,PFKP,0
JUN,SLC18A2,0
GATA2,ADA,0
NFAT5,RNF4,0
NFAT5,HDGF,0
RPA2,GATA2,0
HDAC2,BTK,0
IRF8,LTB,0
RPA1,SLCO3A1,0
RPA2,IL12A,0
EBF1,GBP2,0
NFAT5,CCDC137,0
ELF1,GATA2,0
FOXO1,VAV3,0
SATB1,SSH3,0
ELF1,H2-OB,0
FOXO1,TRPC6,0
STAT2,TEAD2,0
RPA1,TAF12,0
EBF1,CREB5,0
MEIS1,H1F0,0
CBX7,CUL3,0
GFI1B,ST6GALNAC4,0
RPA2,PRIM1,0
RAD51,CERK,0
RPA2,CTSG,0
EBF1,CYP4V3,0
SATB1,PLXNC1,0
NFAT5,ELMO2,0
RAD51,RRM1,0
RAD51,TMX3,0
NFAT5,PRKCH,0
RPA2,DNAJC5,0
GFI1B,MFNG,0
IRF8,GSR,0
GFI1B,TNIP3,0
EBF1,FOXRED1,0
RPA2,PLAA,0
NFAT5,TCN2,0
NFAT5,FOXO1,0
RPA2,CBFB,0
WDR5,IGSF6,0
EBF1,RAB31,0
IRF8,ADSSL1,0
NFAT5,ADA,0
NFAT5,TRMT11,0
CBX7,NEURL3,0
GATA2,RORC,0
RAD51,SAMD9L,0
MYC,NSD2,0
SATB1,LY6A,0
EBF1,ELF1,0
CBX7,LAP3,0
ELF1,PLAG1,0
EBF1,DENND2D,0
FOXO1,RANBP3,0
MEIS1,EMID1,0
JUN,CTSF,0
GFI1B,GSR,0
EBF1,RPS6KA3,0
RAD51,CNRIP1,0
NFAT5,GBP2,0
FOXO1,NCF1,0
FOXO1,GSR,0
GFI1B,RASA4,0
HCFC1,CNRIP1,0
RPA1,CYBC1,0
FOXO1,GM5111,0
CBX7,EIF1AD,0
RPA2,GNS,0
FOXO1,CTSL,0
RPA1,PDZK1IP1,0
CBX7,CCDC137,0
IRF8,CDC7,0
FOXO1,HNRNPAB,0
EBF1,RRM2,0
FOXO1,RTP4,0
IRF8,ZBTB16,0
RPA2,SCARB1,0
NFAT5,LAPTM4B,0
NFAT5,INO80D,0
EBF1,CPA3,0
RPA2,DPP8,0
GFI1B,CPA3,0
RPA1,CSF3R,0
EBF1,ZNRF2,0
RAD51,RASA4,0
RPA2,TEAD2,0
GATA2,UBL4A,0
RAD51,EPSTI1,0
MEIS1,SCARF1,0
IRF8,FLOT2,0
IRF8,PTTG1IP,0
NFAT5,TCF19,0
RPA2,EMID1,0
EBF1,GNG12,0
FOXO1,FAM91A1,0
CBX7,EZR,0
IRF8,RORA,0
SATB1,TAF12,0
CBX7,CHORDC1,0
FOXO1,HP,0
FOXO1,PSEN1,0
RPA2,WDR5,0
SATB1,VDR,0
EBF1,STXBP4,0
RPA2,GLIPR2,0
SATB1,MRPL37,0
GFI1B,EPB41L4B,0
RPA1,PUS7,0
NFAT5,PLAA,0
GATA2,TLE2,0
FOXO1,POR,0
CBX7,LONP1,0
STAT2,SHISA8,0
IRF8,TARS,0
GFI1B,ZDHHC13,0
ELF1,SHMT1,0
EBF1,TLE2,0
ELF1,PHF10,0
ELF1,MTFR1,0
HCFC1,LY6A,0
SPI1,TLE2,0
RPA1,E2F8,0
EBF1,RANGAP1,0
RPA1,NCF1,0
RAD51,UAP1,0
RAD51,IPO9,0
CBX7,HACD4,0
FOXO1,EYA2,0
NFAT5,CBX7,0
NFAT5,CTSF,0
CBX7,ZNRF2,0
GATA2,MPL,0
GFI1B,ATG12,0
NFAT5,INPP5B,0
STAT2,SSH3,0
RPA2,SELENBP1,0
NFAT5,RFC5,0
HCFC1,GM5111,0
JUN,SELL,0
NFAT5,DLST,0
RAD51,PRDM16,0
RAD51,TK1,0
GFI1B,ZFP451,0
RPA2,ZDHHC6,0
STAT2,AFAP1L1,0
CBFB,PDZK1IP1,0
RPA1,POLD1,0
MEIS1,SAMD9L,0
MEIS1,NAP1L3,0
RPA1,PFKP,0
EBF1,GNS,0
MYC,CD52,0
CBFB,CERK,0
EBF1,PLAA,0
GFI1B,ISYNA1,0
RPA1,IKZF1,0
ELF1,LGALS1,0
RPA1,TES,0
NFAT5,BATF2,0
JUN,GM5111,0
MEIS1,WDR55,0
MEIS1,PLPPR3,0
ELF1,MYL10,0
RPA2,MMRN1,0
CBX7,RPRD1B,0
CBX7,RFC4,0
CBX7,TM7SF3,0
CBFB,FCGR2B,0
IRF8,HNRNPAB,0
GFI1B,SPNS3,0
RPA1,MEIS1,0
FOXO1,TSPAN14,0
RPA1,ARHGEF39,0
CBX7,SNRPB,0
RPA1,MCM4,0
GATA2,EMID1,0
CBX7,ELANE,0
RAD51,RUVBL2,0
RPA1,ABL1,0
NFAT5,UTP4,0
EBF1,PEAR1,0
ELF1,RGS2,0
CBX7,GBP2,0
IKZF1,SH2D5,0
WDR5,MEIS1,0
RPA1,TOR3A,0
RPA2,LAP3,0
RAD51,RPS6KA3,0
HCFC1,ZEB2,0
ELF1,MUC13,0
WDR5,MAGED2,0
EBF1,CFP,0
GATA2,MYO5A,0
SATB1,UBL4A,0
RPA2,PEAR1,0
IRF8,TYMS,0
FOXO1,PNO1,0
GFI1B,SLC30A5,0
CBX7,METTL27,0
RPA1,CREB5,0
RPA1,AFAP1L1,0
GATA2,PRDM16,0
RPA1,FASTKD2,0
SATB1,AFAP1L1,0
SATB1,ELANE,0
NFAT5,PROCR,0
RAD51,RCSD1,0
WDR5,TLE2,0
EBF1,PROCR,0
IRF8,MYO1F,0
RPA1,GSR,0
RAD51,ORC6,0
ELF1,SERPINB1A,0
CBX7,MS4A6C,0
STAT2,MUC13,0
CBX7,MOB3C,0
IRF8,TPM4,0
IKZF1,PECAM1,0
IRF8,ELP2,0
SATB1,ERCC8,0
RPA1,ATP6AP2,0
SATB1,SCARB1,0
IKZF1,EMCN,0
FOXO1,GPR160,0
EBF1,CD300A,0
CBX7,KPNA3,0
RPA1,CST7,0
GFI1B,NCF1,0
IRF8,IRF7,0
ELF1,COQ8A,0
NFAT5,FAR1,0
IRF8,ANXA5,0
EBF1,ARL11,0
FOXO1,ERLIN1,0
FOXO1,MMRN1,0
NFAT5,TLE2,0
RAD51,ABCB8,0
CBFB,ADA,0
RPA2,CISH,0
GATA2,UMPS,0
GATA2,FUT7,0
IRF8,PRMT7,0
STAT2,LZTS1,0
RPA2,PCMTD2,0
FOXO1,DCAF13,0
RAD51,USP11,0
HDAC2,SLA,0
WDR5,MMRN1,0
NFAT5,MAD2L1,0
CBFB,TBXAS1,0
CBX7,NUDT19,0
STAT2,F11R,0
EBF1,MPO,0
JUN,MPL,0
IRF8,TMX4,0
RPA1,TCP11L2,0
RPA1,H2-OB,0
CBX7,MFSD14B,0
CBX7,ZFP35,0
FOXO1,ELF1,0
FOXO1,ABCG2,0
RAD51,GALNT6,0
GFI1B,RPS6KA5,0
RPA1,UMPS,0
CBX7,PRIM1,0
STAT2,NUPR1,0
RPA2,DUS1L,0
NFAT5,NCF1,0
IRF8,IARS2,0
RPA1,REXO4,0
FOXO1,NEURL3,0
FOXO1,PLD3,0
CBX7,RUVBL2,0
NFAT5,OSBPL1A,0
NFAT5,CTSL,0
RPA2,PTGS1,0
RAD51,SLC18A2,0
CBX7,RP2,0
RAD51,MAN2A2,0
GFI1B,F11R,0
MEIS1,CD48,0
CBX7,FIGNL1,0
RAD51,MSMO1,0
RPA1,NAMPT,0
EBF1,NADK,0
CBX7,IRF7,0
SATB1,MYO5A,0
GFI1B,RORC,0
RAD51,EGR1,0
EBF1,RPS6KA5,0
GFI1B,KPNA3,0
RPA1,SLC2A3,0
CBFB,SNAP23,0
IRF8,GPR160,0
IRF8,FDFT1,0
HCFC1,MPL,0
CBX7,WDR4,0
IRF8,PAK1,0
CBX7,BTG2,0
SATB1,SLC18A2,0
NFAT5,TNIP3,0
WDR5,NKG7,0
NFAT5,CD300A,0
RAD51,NADK,0
WDR5,MYL10,0
RAD51,BACE1,0
EBF1,MFNG,0
RPA1,ADGRG3,0
GFI1B,RAB31,0
ELF1,FCGR3,0
FOXO1,GPR65,0
RPA2,SLC35B4,0
RAD51,EPAS1,0
FOXO1,ME2,0
NFAT5,NUPR1,0
ELF1,CERS4,0
STAT2,PECAM1,0
RPA2,MGAT5,0
HCFC1,LDHB,0
MEIS1,GM5111,0
EBF1,FLNB,0
NFAT5,BTAF1,0
IRF8,TOPORS,0
RPA1,METTL27,0
EBF1,FAM136A,0
CBX7,PSEN1,0
EBF1,CDCA4,0
SATB1,IRF8,0
STAT2,CLEC12A,0
GFI1B,TRIM47,0
HDAC2,TRPC6,0
EBF1,SELL,0
SATB1,PRODH,0
FOXO1,PLEK,0
IRF8,CYP2J9,0
ELF1,DHRS3,0
RPA1,IRF6,0
HCFC1,MECOM,0
GFI1B,UHRF1,0
RPA1,TGTP2,0
RPA1,SETD2,0
EBF1,NSD2,0
EBF1,PRKCQ,0
IRF8,DNAJC5,0
CBX7,IPO9,0
FOXO1,ARHGEF39,0
ELF1,MYCN,0
RAD51,HDAC7,0
RPA2,ZFP36,0
CBX7,ZFP367,0
FOXO1,SLC2A3,0
EBF1,GPR65,0
CBX7,KLF6,0
STAT2,ZFP467,0
IKZF1,HDC,0
STAT2,GNG11,0
RPA2,PRIM2,0
RPA2,SPI1,0
FOXO1,TMEM173,0
NFAT5,UBR7,0
JUN,ADA,0
NFAT5,HLF,0
NFAT5,MORC3,0
GFI1B,RUNX1T1,0
IRF8,CTLA2A,0
STAT2,ABCG2,0
GFI1B,GNS,0
MEIS1,VSIR,0
NFAT5,CASP1,0
EBF1,STT3B,0
MYC,EMCN,0
SATB1,HDAC11,0
ELF1,TLE2,0
GFI1B,ARID3B,0
NFAT5,NADK,0
NFAT5,SESN1,0
RAD51,LAP3,0
RPA2,ATAD1,0
IRF8,UHRF1,0
ELF1,PBX1,0
EBF1,MKI67,0
CBX7,MAN2A2,0
GFI1B,SNX30,0
FOXO1,TMX4,0
RPA1,JUN,0
RPA1,COPB1,0
RPA1,ELANE,0
CBX7,SLC2A3,0
NFAT5,CTC1,0
NFAT5,MYB,0
EBF1,ANXA1,0
EBF1,IRF9,0
FOXO1,PSTPIP1,0
RPA2,BC035044,0
EBF1,AHCYL1,0
EBF1,EGR1,0
RPA2,ALDH9A1,0
RPA2,IRF6,0
GFI1B,ARHGEF18,0
EBF1,E2F4,0
EBF1,SORT1,0
RPA1,POLR2B,0
RPA1,SPO11,0
IRF8,RUNX1T1,0
WDR5,TBXAS1,0
RPA1,EGR1,0
RPA2,RASA4,0
RPA1,CSTF2,0
MEIS1,GATA2,0
IRF8,SLC30A5,0
WDR5,CSF2RB,0
RPA2,FAM91A1,0
NFAT5,REXO4,0
IKZF1,GATA2,0
FOXO1,WDR4,0
FOXO1,DNAJC10,0
EBF1,HNRNPAB,0
SATB1,MPO,0
RPA1,TM7SF3,0
EBF1,PREP,0
NFAT5,NCEH1,0
WDR5,TSC22D3,0
RAD51,PDZK1IP1,0
FOXO1,GALNT6,0
GATA2,SSH3,0
RAD51,TUBGCP2,0
RPA2,FGFR1OP,0
RPA2,MORC3,0
CBX7,PLAC8,0
NFAT5,MCM4,0
EBF1,GM5111,0
NFAT5,DOK2,0
EBF1,SLC19A1,0
EBF1,SETD2,0
NFAT5,BC035044,0
FOXO1,MSMO1,0
EBF1,METTL27,0
FOXO1,MYO1G,0
ELF1,FEM1B,0
FOXO1,UBL4A,0
RPA2,AHCYL1,0
GFI1B,RRM2,0
RPA1,CNIH1,0
NFAT5,ORC2,0
WDR5,LY6C2,0
GFI1B,MKI67,0
GFI1B,TFR2,0
RAD51,TXNDC11,0
NFAT5,EML4,0
GATA2,GRIA3,0
GFI1B,ARHGEF39,0
RAD51,SESN1,0
GFI1B,BID,0
MYC,SLC28A2,0
RAD51,MFSD1,0
RPA2,MCM4,0
RPA1,CD53,0
RPA1,IGTP,0
SATB1,H2-AA,0
GFI1B,MAGED2,0
RPA1,NCAPD2,0
RAD51,TRPC6,0
RPA2,TXNDC11,0
MYC,CYP2J9,0
RPA1,ZFP467,0
FOXO1,LZTS1,0
CBX7,CFP,0
RPA2,APBB1,0
CBX7,GFI1B,0
RPA1,POLE3,0
FOXO1,INO80D,0
CBX7,MCM2,0
NFAT5,G6PDX,0
NFAT5,XRCC3,0
CBX7,DOK2,0
RAD51,GNG11,0
JUN,NDN,0
