TF,Target,label
AATF,CDKN1A,1
AATF,MYC,1
AATF,TP53,1
AHR,BRCA1,1
AHR,CCND1,1
AHR,MYC,1
AHR,PCNA,1
APEX1,CCL2,1
ATF3,ASNS,1
ATF3,DDIT3,1
ATF3,TP53,1
BDP1,MYC,1
BDP1,TP53,1
BIN1,MYC,1
BRCA1,BRCA2,1
BRCA1,CCNB1,1
BRCA1,CCND1,1
BRCA1,CDKN1A,1
BRCA1,DDB2,1
BRCA1,DDIT3,1
BRCA1,EGFR,1
BRCA1,EGR1,1
BRCA1,HMGA2,1
BRCA1,IRF9,1
BRCA1,MAD2L1,1
BRCA1,MYC,1
BRCA1,SIRT1,1
BRCA1,STAT2,1
BRCA1,TFF1,1
BRCA2,RAD51,1
BTG2,CCND1,1
CDX2,CDKN1A,1
CDX2,MEP1A,1
CEBPA,AFP,1
CEBPA,ALB,1
CEBPA,CCL2,1
CEBPA,HSD17B11,1
CEBPA,MYC,1
CEBPA,SPP1,1
CEBPD,DDIT3,1
CEBPD,PDGFRA,1
CEBPD,POU5F1,1
CHD8,BRCA1,1
CHD8,MYC,1
CNBP,MYC,1
CREB1,FOXA1,1
CREB1,GRPR,1
CREB1,JUN,1
CREB1,LAPTM4B,1
CREB1,NR2F6,1
CREB1,NR5A2,1
CREB1,STMN1,1
CTBP1,BRCA1,1
CTBP1,BRCA2,1
DDIT3,ANKRD1,1
DDIT3,ASNS,1
DDIT3,ATG5,1
DDIT3,CEBPA,1
DDIT3,SIRT1,1
DDIT3,SIRT2,1
DDIT3,TF,1
DNMT1,BIRC5,1
DNMT1,BMP2,1
DNMT1,HDAC1,1
DNMT1,IL32,1
DNMT1,MSH2,1
DNMT1,SFRP1,1
DNMT1,TP53,1
DNMT3A,CDKN1A,1
DNMT3A,POU5F1,1
DNMT3A,SFRP1,1
E2F3,AURKA,1
E2F3,CCNB1,1
E2F3,CDK1,1
E2F3,CDKN1A,1
E2F3,PLK1,1
E2F3,TFE3,1
E2F4,AURKB,1
E2F4,BIRC5,1
E2F4,BRCA1,1
E2F4,CCNB1,1
E2F4,CCND1,1
E2F4,HCFC1,1
E2F4,MYC,1
E2F4,PLK1,1
E2F4,RAD51,1
E2F5,MYC,1
E2F8,CCND1,1
EGR1,AKR1B1,1
EGR1,ATF3,1
EGR1,CCND1,1
EGR1,CDKN1A,1
EGR1,EGFR,1
EGR1,F3,1
EGR1,STMN1,1
EGR1,TCF4,1
EGR1,TP53,1
EHMT2,BIRC5,1
EHMT2,CDKN1A,1
ELF1,BRCA2,1
ENO1,MYC,1
ENO1,MYCN,1
ETS1,ANPEP,1
ETS1,CDKN1A,1
ETS1,EGR1,1
ETS1,GRPR,1
ETS1,PARP1,1
ETS1,TP53,1
ETV4,ETS1,1
EZH2,ALDH1A1,1
EZH2,AXL,1
EZH2,BRCA1,1
EZH2,CCND1,1
EZH2,CDKN1A,1
EZH2,HDAC1,1
EZH2,MST1,1
EZH2,MYC,1
EZH2,PCNA,1
EZH2,POLR3D,1
EZH2,SFRP1,1
EZH2,TP53,1
FHL2,CCND1,1
FHL2,CDKN1A,1
FOSL1,EZH2,1
FOSL2,BRCA1,1
FOSL2,FOSL1,1
FOXA1,APOB,1
FOXA1,BRCA1,1
FOXA1,MYC,1
FOXA1,TFF1,1
FOXA2,APOA1,1
FOXA2,NR5A2,1
FOXA2,PAX6,1
FOXA2,TFF1,1
FOXM1,BRIP1,1
FOXM1,BTG2,1
FOXM1,CCNB1,1
FOXM1,FGB,1
FOXM1,MYC,1
FOXO1,EGR1,1
FOXO1,PDGFA,1
FUBP1,CDKN1A,1
FUBP1,MYC,1
GATA6,APOA1,1
GATA6,DAB2,1
GLI1,JUN,1
GLI1,PDGFRA,1
GLI1,SFRP1,1
GLI2,FOXA2,1
GLI2,JUN,1
GLI2,PDGFRA,1
GTF2I,SIRT1,1
HCFC1,E2F4,1
HDAC1,APOC3,1
HDAC1,BIRC5,1
HDAC1,BRCA2,1
HDAC1,CCND1,1
HDAC1,CDKN1A,1
HDAC1,DNMT1,1
HDAC1,EGFR,1
HDAC1,EGR1,1
HDAC1,PCNA,1
HDAC1,POU5F1,1
HDAC1,PSIP1,1
HDAC1,SFRP1,1
HDAC1,SPP1,1
HDAC1,TFF1,1
HDAC1,TP53,1
HDAC2,CCL2,1
HDAC2,CDKN1A,1
HDAC2,DNMT1,1
HDAC2,MYC,1
HDAC2,MYCN,1
HIF3A,EPAS1,1
HIPK2,CDKN1A,1
HIPK2,MEF2C,1
HIPK2,TP53,1
HMGA1,BRCA1,1
HMGA1,TP53,1
HMGN1,PCNA,1
HMGN1,TFF1,1
HNF4A,AFP,1
HNF4A,APOA1,1
HNF4A,APOA2,1
HNF4A,APOB,1
HNF4A,APOC3,1
HNF4A,CDKN1A,1
HNF4A,MTTP,1
HNF4A,MYC,1
HNF4A,PPARA,1
ID3,TCF3,1
ILF2,ILF3,1
ILF3,BIRC5,1
ING1,AFP,1
ING1,CDKN1A,1
ING1,PCNA,1
ING1,TP53,1
IRF1,CCNB1,1
IRF1,CDK1,1
IRF1,CDK4,1
IRF1,CDKN1A,1
IRF1,TP53,1
IRF1,TRIM22,1
IRF3,CCL2,1
IRF9,CDKN1A,1
IRF9,SP100,1
JUN,APOC3,1
JUN,ATF3,1
JUN,BRCA1,1
JUN,CA2,1
JUN,CCL2,1
JUN,CCND1,1
JUN,CDKN1A,1
JUN,DDIT3,1
JUN,EGFR,1
JUN,ETS1,1
JUN,EZH2,1
JUN,F3,1
JUN,FOSL1,1
JUN,LGALS3,1
JUN,MYC,1
JUN,PPARA,1
JUN,RARG,1
JUN,STMN1,1
JUN,TFF1,1
JUN,TP53,1
JUND,CCND1,1
JUND,CDKN1A,1
JUND,F3,1
JUND,FOSL1,1
JUND,SOX4,1
KDM4C,JAG1,1
KLF5,BIRC5,1
KLF5,CCNB1,1
KLF5,CCND1,1
KLF5,FOXO1,1
KLF6,ATF3,1
KLF6,CCND1,1
KLF6,CDKN1A,1
KLF6,PMAIP1,1
KLF6,PTTG1,1
LIN28A,CCND1,1
MEF2C,JUN,1
MYBL2,CCND1,1
MYBL2,MYC,1
MYC,ATF3,1
MYC,CCNB1,1
MYC,CCND1,1
MYC,CDK4,1
MYC,CDKN1A,1
MYC,CEBPA,1
MYC,CHEK1,1
MYC,CHEK2,1
MYC,EBNA1BP2,1
MYC,FOXM1,1
MYC,GATA4,1
MYC,HDAC2,1
MYC,ID2,1
MYC,MAPK1,1
MYC,MST1,1
MYC,PCNA,1
MYC,PMAIP1,1
MYC,SFRP1,1
MYC,SRSF1,1
MYC,TFRC,1
MYC,TP53,1
MYC,UBE2C,1
MYCN,BIRC5,1
MYCN,CDKN1A,1
MYCN,GRHL1,1
MYCN,HDAC2,1
MYCN,HMGA1,1
MYCN,ID2,1
MYCN,MCM2,1
MYCN,MCM3,1
MYCN,MCM4,1
MYCN,MCM5,1
MYCN,MCM6,1
MYCN,MCM7,1
MYCN,MCM8,1
MYCN,MYBL2,1
MYCN,TP53,1
NANOG,AFP,1
NANOG,CCND1,1
NANOG,CDX2,1
NANOG,GATA4,1
NANOG,GATA6,1
NANOG,L1TD1,1
NANOG,LAMB1,1
NANOG,MTF2,1
NANOG,NODAL,1
NANOG,POU5F1,1
NCOA1,CDKN1A,1
NFIB,CDKN1A,1
NFIB,WFDC2,1
NOTCH3,ASPH,1
NPM1,CCND1,1
NPM1,CDKN1A,1
NPM1,DNMT1,1
NPM1,TAF1A,1
NPM1,USP7,1
NR2F2,POU5F1,1
NR2F2,PPARA,1
NR2F6,APOA2,1
NR2F6,APOB,1
NR2F6,APOC3,1
NR3C1,BRCA1,1
NR3C1,CCND1,1
NR3C1,CDK4,1
NR3C1,CDKN1A,1
NR3C1,ETS1,1
NR3C1,SPP1,1
NR3C1,SRF,1
NR3C1,TP53,1
NUPR1,CDKN1A,1
NUPR1,TP53,1
OTX2,AURKA,1
OTX2,HESX1,1
OTX2,PAX6,1
PARP1,BRCA2,1
PARP1,CDKN1A,1
PARP1,FOXO1,1
PARP1,JUN,1
PBX1,NANOG,1
PHB2,BTG2,1
PIAS2,MYCN,1
PITX1,JUN,1
POU2F1,CCND1,1
POU2F1,CDX2,1
POU2F1,MAD2L1,1
POU2F1,SNAPC1,1
POU2F1,SPP1,1
POU2F1,TK1,1
POU5F1,CDKN1A,1
POU5F1,CDX2,1
POU5F1,DDC,1
POU5F1,EOMES,1
POU5F1,GATA6,1
POU5F1,ID2,1
POU5F1,L1TD1,1
POU5F1,NANOG,1
POU5F1,SOX2,1
POU5F1,SPP1,1
POU5F1,TDGF1,1
POU5F1,THY1,1
POU5F1,ZFP42,1
PPARA,APOA4,1
PPARA,APOB,1
PPARA,APOC3,1
PPARA,PLIN2,1
PPARA,SLC25A20,1
PRDM1,MYC,1
PRDM1,PCNA,1
PRDM14,POU5F1,1
PREB,CCL2,1
PTMA,CDKN1A,1
PTTG1,CCNB1,1
PTTG1,CDK1,1
PTTG1,ID3,1
PTTG1,LGALS1,1
PTTG1,MYC,1
RBMX,EGR1,1
RBMX,FOSL1,1
RBMX,JUND,1
REST,LIN28A,1
RFX5,HDAC2,1
RUVBL1,TP53,1
SALL3,DNMT3A,1
SALL4,POU5F1,1
SIRT1,BCL11A,1
SIRT1,CCND1,1
SIRT1,CDKN1A,1
SIRT1,EZH2,1
SIRT1,LIN28A,1
SIRT1,MYC,1
SIRT1,PAX6,1
SIRT1,TBX3,1
SIRT1,TP53,1
SIRT2,AFP,1
SIRT2,CDKN1A,1
SMAD2,AHR,1
SMAD2,CDKN1A,1
SMAD2,GLI1,1
SMAD3,AHR,1
SMAD3,APOC3,1
SMAD3,CDKN1A,1
SMAD3,FOXA2,1
SMAD3,GLI2,1
SMAD3,JUN,1
SMAD3,MXD1,1
SMAD3,MYC,1
SMAD3,ZFP36,1
SMARCA4,CCND1,1
SMARCA4,CDKN1A,1
SOX2,ASXL1,1
SOX2,CCND1,1
SOX2,L1TD1,1
SOX2,PAX6,1
SP100,ETS1,1
SP4,BIRC5,1
SP4,CCND1,1
SRF,CREB1,1
SRF,FHL2,1
SRF,FOSL1,1
SRF,HMGXB4,1
SRF,LMO7,1
SRF,TAGLN,1
SRSF1,MYC,1
SSB,LAMB1,1
STAT2,CCL2,1
STAT2,IRF1,1
TAF5,CDKN1A,1
TBL1X,MYC,1
TBX3,CDKN1A,1
TCF3,CDKN1A,1
TCF3,MYC,1
TCF3,POU5F1,1
TCF4,BIRC5,1
TCF4,CCND1,1
TCF4,JUN,1
TCF4,MYC,1
TCF4,VCAN,1
TFAP2C,CDKN1A,1
TFAP2C,CRABP2,1
TFDP1,CDK1,1
TFDP1,MYBL2,1
TFDP1,NRIP1,1
TFDP1,PCNA,1
TFDP1,RRM1,1
TFDP1,TP53,1
TNFAIP3,JUN,1
TP53,AFP,1
TP53,ANKRD1,1
TP53,ATF3,1
TP53,BIRC5,1
TP53,BRCA1,1
TP53,BRCA2,1
TP53,BTG2,1
TP53,CCNB1,1
TP53,CCNB2,1
TP53,CCND1,1
TP53,CDK1,1
TP53,CDK4,1
TP53,CDKN1A,1
TP53,CHEK1,1
TP53,CHEK2,1
TP53,DDB2,1
TP53,DNMT1,1
TP53,E2F3,1
TP53,E2F7,1
TP53,EGFR,1
TP53,EGR1,1
TP53,EZH2,1
TP53,FOXM1,1
TP53,GLI2,1
TP53,HIPK2,1
TP53,HNF4A,1
TP53,ID2,1
TP53,ING1,1
TP53,MCM7,1
TP53,MYC,1
TP53,PIAS3,1
TP53,PLK1,1
TP53,PMAIP1,1
TP53,PRC1,1
TP53,PTTG1,1
TP53,SMAD3,1
TP53,TRIM22,1
TP53,UHRF1,1
TP53,VCAN,1
TRIM28,E2F3,1
TRIM28,E2F4,1
UHRF1,TOP2A,1
WDR5,MYC,1
XBP1,CCL2,1
XBP1,DDIT3,1
XRCC5,ETS1,1
YBX1,AGT,1
YBX1,ANAPC4,1
YBX1,CCNB1,1
YBX1,CDC20,1
YBX1,CDKN3,1
YBX1,CKS2,1
YBX1,EGFR,1
YBX1,KPNA2,1
YBX1,MYCN,1
YBX1,TOP2A,1
YEATS4,TP53,1
ZBTB16,CEBPA,1
ZBTB16,ID2,1
ZFHX3,AFP,1
ZFHX3,CDKN1A,1
ZIC2,TCF4,1
ZNF143,BUB1B,1
ZNF300,CDKN1A,1
ZNF300,MYC,1
AATF,CHEK1,1
AATF,CHEK2,1
AATF,PAWR,1
AEBP1,TCF3,1
AEBP2,EED,1
AEBP2,RBBP4,1
AES,GTF2E1,1
AES,POU2F1,1
AES,PRDM1,1
AHR,APEH,1
AHR,ATF3,1
AHR,BCL11A,1
AHR,BCL11B,1
AHR,C1GALT1,1
AHR,CAMK2D,1
AHR,CBX3,1
AHR,CDCA7L,1
AHR,CKS1B,1
AHR,CNBP,1
AHR,CREB1,1
AHR,CTDSPL,1
AHR,DDAH1,1
AHR,EGR1,1
AHR,EHMT2,1
AHR,ETV4,1
AHR,EWSR1,1
AHR,EZH2,1
AHR,FOXA2,1
AHR,FOXO1,1
AHR,FOXP1,1
AHR,G6PC3,1
AHR,GPC3,1
AHR,GSN,1
AHR,GTF2F2,1
AHR,HERPUD1,1
AHR,HMGA1,1
AHR,HMGN2,1
AHR,HNRNPUL1,1
AHR,IQGAP2,1
AHR,IRF1,1
AHR,ISG15,1
AHR,JAG1,1
AHR,LAMC1,1
AHR,MATR3,1
AHR,MED30,1
AHR,MTF2,1
AHR,NCOA1,1
AHR,NME2,1
AHR,NR2F2,1
AHR,NR3C1,1
AHR,NRIP1,1
AHR,NSD1,1
AHR,OTX2,1
AHR,PDGFA,1
AHR,PIAS2,1
AHR,PIM2,1
AHR,POLR1D,1
AHR,PPARA,1
AHR,PRMT5,1
AHR,PTMA,1
AHR,RAD51,1
AHR,RARG,1
AHR,RBBP7,1
AHR,SLC7A3,1
AHR,SMAD5,1
AHR,SMARCA4,1
AHR,SOX2,1
AHR,SP4,1
AHR,SRSF6,1
AHR,SSBP3,1
AHR,TAF7,1
AHR,TBL1X,1
AHR,THAP1,1
AHR,TNNI3,1
AHR,TRIM27,1
AHR,XRCC6,1
AHR,YARS,1
AHR,ZFHX3,1
AHR,ZIC2,1
AHR,ZNHIT3,1
APEX1,FEN1,1
APEX1,HDAC1,1
APEX1,HMGB2,1
APEX1,PCNA,1
APEX1,POLB,1
APEX1,TP53,1
APEX1,XRCC6,1
ASCC3,SKIL,1
ATF3,B4GALT3,1
ATF3,CENPE,1
ATF3,CRABP2,1
ATF3,ELL2,1
ATF3,FOSB,1
ATF3,GATA4,1
ATF3,GPM6B,1
ATF3,HCFC1,1
ATF3,ICA1,1
ATF3,JUN,1
ATF3,JUND,1
ATF3,KAT7,1
ATF3,LHX1,1
ATF3,MAFF,1
ATF3,MXD1,1
ATF3,MYBL2,1
ATF3,NEDD1,1
ATF3,NR3C1,1
ATF3,NUF2,1
ATF3,PAX6,1
ATF3,PEG3,1
ATF3,PRKCE,1
ATF3,RAD51C,1
ATF3,SIRT2,1
ATF3,SKIL,1
ATF3,SLC7A3,1
ATF3,SMAD3,1
ATF3,SRSF1,1
ATF3,SSBP3,1
ATF3,TGIF2,1
ATF3,ZFHX3,1
ATF3,ZWILCH,1
BCL11A,NR2F2,1
BCL11B,NR2F2,1
BCOR,HDAC1,1
BCOR,USP7,1
BPTF,ACADVL,1
BPTF,BTG1,1
BPTF,CCDC82,1
BPTF,CDCA3,1
BPTF,COPS5,1
BPTF,CREB3L3,1
BPTF,CUEDC2,1
BPTF,DAB2,1
BPTF,ETV1,1
BPTF,HIST1H1E,1
BPTF,MAZ,1
BPTF,MEF2C,1
BPTF,NNAT,1
BPTF,NR2F2,1
BPTF,PIM2,1
BPTF,RRM1,1
BPTF,SERTAD3,1
BPTF,SP4,1
BPTF,TGIF1,1
BPTF,ZFP36,1
BRCA1,AKR1B1,1
BRCA1,AURKA,1
BRCA1,BRIP1,1
BRCA1,CDK1,1
BRCA1,CDK4,1
BRCA1,CHEK2,1
BRCA1,CTBP1,1
BRCA1,DCLRE1C,1
BRCA1,E2F4,1
BRCA1,ETS1,1
BRCA1,FANCD2,1
BRCA1,FHL2,1
BRCA1,HDAC1,1
BRCA1,HDAC2,1
BRCA1,JUN,1
BRCA1,JUND,1
BRCA1,KPNA2,1
BRCA1,MED21,1
BRCA1,PCNA,1
BRCA1,POLR2K,1
BRCA1,POU2F1,1
BRCA1,RAD51,1
BRCA1,RBBP4,1
BRCA1,RBBP7,1
BRCA1,RFC1,1
BRCA1,SMAD2,1
BRCA1,SMAD3,1
BRCA1,SMARCA4,1
BRCA1,TOP2A,1
BRCA1,TP53,1
BRCA2,BRCA1,1
BRCA2,BUB1B,1
BRCA2,CDK1,1
BRCA2,FANCD2,1
BRCA2,PLK1,1
BRCA2,SMAD3,1
BRCA2,TP53,1
BRIP1,BRCA1,1
BTF3,MED21,1
BTF3,POLR2B,1
BTG1,CNOT7,1
BTG1,THRB,1
BTG2,CNOT7,1
CBX3,DSN1,1
CBX3,HIST1H1E,1
CBX3,SP100,1
CBX3,TRIM28,1
CDX2,MAPK1,1
CDX2,PAX6,1
CEBPA,ACADVL,1
CEBPA,AEBP1,1
CEBPA,AGT,1
CEBPA,APEH,1
CEBPA,APOA1,1
CEBPA,APOB,1
CEBPA,ASXL1,1
CEBPA,ATF3,1
CEBPA,BCL11B,1
CEBPA,CCNB1,1
CEBPA,CCND1,1
CEBPA,CCS,1
CEBPA,CDK4,1
CEBPA,CDKN1A,1
CEBPA,CDKN3,1
CEBPA,CEBPD,1
CEBPA,COMMD3,1
CEBPA,CREB1,1
CEBPA,CUEDC2,1
CEBPA,DDIT3,1
CEBPA,E2F3,1
CEBPA,E2F4,1
CEBPA,F3,1
CEBPA,FANCB,1
CEBPA,FGA,1
CEBPA,FOSL1,1
CEBPA,FOXP1,1
CEBPA,GATA4,1
CEBPA,GLIS3,1
CEBPA,GPC3,1
CEBPA,HMGCS2,1
CEBPA,HMGN2,1
CEBPA,HMGN3,1
CEBPA,HNF4A,1
CEBPA,HP,1
CEBPA,HPX,1
CEBPA,ID2,1
CEBPA,ID3,1
CEBPA,IQGAP2,1
CEBPA,IVNS1ABP,1
CEBPA,KAT7,1
CEBPA,LAMC1,1
CEBPA,MAF,1
CEBPA,MRPS27,1
CEBPA,NCOA6,1
CEBPA,NFYB,1
CEBPA,NIP7,1
CEBPA,NR1H3,1
CEBPA,NR2F2,1
CEBPA,NR3C1,1
CEBPA,NRIP1,1
CEBPA,NUPR1,1
CEBPA,ORC4,1
CEBPA,PAX6,1
CEBPA,PCNA,1
CEBPA,PDGFA,1
CEBPA,PDGFRA,1
CEBPA,PIM2,1
CEBPA,PITX1,1
CEBPA,POLR2D,1
CEBPA,PREB,1
CEBPA,PSAT1,1
CEBPA,RFC1,1
CEBPA,RUNX1T1,1
CEBPA,SEC14L2,1
CEBPA,STC1,1
CEBPA,TCF4,1
CEBPA,TF,1
CEBPA,TFDP2,1
CEBPA,TFE3,1
CEBPA,TK1,1
CEBPA,TOP2A,1
CEBPA,TP53,1
CEBPA,UHRF1,1
CEBPA,VTN,1
CEBPD,CCND1,1
CEBPD,CEBPA,1
CEBPD,F3,1
CEBPD,HPX,1
CEBPD,TF,1
CEBPZ,NFYB,1
CEBPZ,TP53,1
CHAF1A,BLM,1
CHAF1A,PCNA,1
CHAF1A,TCERG1,1
CHAF1A,TRIM28,1
CNOT7,BTG1,1
CNOT7,BTG2,1
CNOT7,CDK1,1
CNOT7,CDK4,1
COPS2,COPS5,1
COPS2,NIF3L1,1
COPS2,THRB,1
COPS2,TP53,1
COPS5,COPS2,1
COPS5,F2RL1,1
COPS5,HNF4A,1
COPS5,JUN,1
COPS5,JUND,1
COPS5,NCOA1,1
COPS5,SMAD2,1
COPS5,TP53,1
COPS5,UCHL1,1
CREB1,ACY1,1
CREB1,AIMP2,1
CREB1,APEX1,1
CREB1,ARL6IP6,1
CREB1,ATF3,1
CREB1,ATG5,1
CREB1,B4GALT3,1
CREB1,BIN1,1
CREB1,BRCA1,1
CREB1,BTG2,1
CREB1,C11ORF1,1
CREB1,CAMK2D,1
CREB1,CCND1,1
CREB1,CHEK1,1
CREB1,CNOT7,1
CREB1,CREB3L2,1
CREB1,DDX5,1
CREB1,DGAT1,1
CREB1,DRAP1,1
CREB1,EGR1,1
CREB1,ELAVL2,1
CREB1,F3,1
CREB1,FOSB,1
CREB1,GATA4,1
CREB1,GLI2,1
CREB1,GPM6B,1
CREB1,GTF2F2,1
CREB1,HCFC1,1
CREB1,HMGN1,1
CREB1,ID2,1
CREB1,ID3,1
CREB1,IRF1,1
CREB1,IVNS1ABP,1
CREB1,JARID2,1
CREB1,KAT7,1
CREB1,KLF5,1
CREB1,LAMB1,1
CREB1,LAMC1,1
CREB1,LCMT1,1
CREB1,LHX1,1
CREB1,MAF,1
CREB1,MAFF,1
CREB1,MAP1B,1
CREB1,MCM2,1
CREB1,MED14,1
CREB1,MED21,1
CREB1,MEF2C,1
CREB1,MLF1,1
CREB1,NR3C1,1
CREB1,NSD1,1
CREB1,PAK1IP1,1
CREB1,PAPOLA,1
CREB1,PAX6,1
CREB1,PEF1,1
CREB1,PITX2,1
CREB1,POLB,1
CREB1,PPARA,1
CREB1,PRKCE,1
CREB1,PTMA,1
CREB1,PWP1,1
CREB1,RNF19A,1
CREB1,SEC11C,1
CREB1,SGK1,1
CREB1,SKIL,1
CREB1,SMARCA4,1
CREB1,SMARCA5,1
CREB1,SP4,1
CREB1,SRF,1
CREB1,SRSF1,1
CREB1,SSBP3,1
CREB1,SULF2,1
CREB1,SUV39H2,1
CREB1,TF,1
CREB1,TFRC,1
CREB1,TGIF2,1
CREB1,THRAP3,1
CREB1,UMPS,1
CREB1,USP44,1
CREB1,VEZF1,1
CREB1,ZBTB16,1
CREB1,ZNF644,1
CREB1,ZNRD1,1
CREB3L3,USP7,1
CSDE1,HNRNPD,1
CSRP2,EEF1A1,1
CTBP1,FOXP1,1
CTBP1,HDAC1,1
CTBP1,HDAC2,1
CTBP1,NRIP1,1
CTBP1,RBPJ,1
CTBP1,TCF7L1,1
CTBP1,TGIF1,1
DAB2,CDK1,1
DAB2,ITGB5,1
DAB2,SMAD2,1
DAB2,SMAD3,1
DAXX,DNMT1,1
DAXX,ETS1,1
DAXX,HDAC1,1
DAXX,HDAC2,1
DAXX,HIPK2,1
DAXX,TP53,1
DAXX,USP7,1
DDB2,HDAC1,1
DDIT3,APEH,1
DDIT3,ASXL1,1
DDIT3,ATF3,1
DDIT3,BCL11B,1
DDIT3,CCS,1
DDIT3,E2F4,1
DDIT3,FANCB,1
DDIT3,FOXP1,1
DDIT3,HMGN3,1
DDIT3,ID2,1
DDIT3,ID3,1
DDIT3,IQGAP2,1
DDIT3,JUN,1
DDIT3,JUND,1
DDIT3,LAMC1,1
DDIT3,MRPS27,1
DDIT3,NIP7,1
DDIT3,PDGFA,1
DDIT3,RUNX1T1,1
DDIT3,VTN,1
DDIT3,XBP1,1
DDX20,GEMIN2,1
DDX20,HDAC2,1
DDX20,SNRPB,1
DDX20,SNRPD1,1
DDX54,NR3C1,1
DDX5,FBL,1
DDX5,NCOA1,1
DDX5,SMAD3,1
DDX5,TP53,1
DEK,SRRM1,1
DNMT1,DAXX,1
DNMT1,DNMT3A,1
DNMT1,DNMT3B,1
DNMT1,EED,1
DNMT1,EZH2,1
DNMT1,HDAC2,1
DNMT1,PCNA,1
DNMT1,TRIM27,1
DNMT3A,DNMT1,1
DNMT3A,DNMT3B,1
DNMT3A,EED,1
DNMT3A,EZH2,1
DNMT3A,HDAC1,1
DNMT3A,MYC,1
DR1,DRAP1,1
DRAP1,DR1,1
DRAP1,FOXH1,1
DRAP1,NFYB,1
DRAP1,TAF9B,1
DRAP1,TK1,1
DRAP1,TTF2,1
E2F3,ARL6IP6,1
E2F3,CA2,1
E2F3,CBX3,1
E2F3,CNBP,1
E2F3,CNOT10,1
E2F3,CREG1,1
E2F3,CSDE1,1
E2F3,CSRP2,1
E2F3,CTDSPL,1
E2F3,DAXX,1
E2F3,DCTPP1,1
E2F3,DEK,1
E2F3,DNMT1,1
E2F3,ETS1,1
E2F3,FAM64A,1
E2F3,GLI2,1
E2F3,GMNN,1
E2F3,GTF3C2,1
E2F3,HAT1,1
E2F3,HCFC1,1
E2F3,HMGA1,1
E2F3,HMGB2,1
E2F3,HNRNPD,1
E2F3,HNRNPUL1,1
E2F3,MCM3,1
E2F3,MCM4,1
E2F3,MCM5,1
E2F3,MCM6,1
E2F3,MCM7,1
E2F3,MELK,1
E2F3,MYBL2,1
E2F3,MYCN,1
E2F3,ORC2,1
E2F3,OTX2,1
E2F3,PAX6,1
E2F3,PCNA,1
E2F3,PDGFA,1
E2F3,PEG3,1
E2F3,PHF5A,1
E2F3,PPP1R7,1
E2F3,PRKCE,1
E2F3,PRPS2,1
E2F3,PTMA,1
E2F3,RAD51,1
E2F3,SLC25A20,1
E2F3,SMARCE1,1
E2F3,SMC4,1
E2F3,SOX4,1
E2F3,SRRM1,1
E2F3,SRSF1,1
E2F3,SRSF2,1
E2F3,SSBP3,1
E2F3,STMN1,1
E2F3,TADA3,1
E2F3,TAF7,1
E2F3,TCF4,1
E2F3,TFDP1,1
E2F3,TFDP2,1
E2F3,UHRF1,1
E2F3,USP44,1
E2F3,XRCC6,1
E2F3,ZNF644,1
E2F4,ANLN,1
E2F4,ARL6IP6,1
E2F4,BCL11A,1
E2F4,CA2,1
E2F4,CBX3,1
E2F4,CDK1,1
E2F4,CENPE,1
E2F4,CHEK1,1
E2F4,CKS1B,1
E2F4,CKS2,1
E2F4,CNBP,1
E2F4,CNOT10,1
E2F4,CREG1,1
E2F4,CSDE1,1
E2F4,CSRP2,1
E2F4,CTDSPL,1
E2F4,CUTC,1
E2F4,DAXX,1
E2F4,DCTPP1,1
E2F4,DEK,1
E2F4,DNMT1,1
E2F4,DUT,1
E2F4,E2F3,1
E2F4,ETS1,1
E2F4,EXOSC9,1
E2F4,F3,1
E2F4,FAM64A,1
E2F4,FEN1,1
E2F4,GLI2,1
E2F4,GMNN,1
E2F4,GTF3C2,1
E2F4,HAT1,1
E2F4,HMGA1,1
E2F4,HMGB2,1
E2F4,HMGN2,1
E2F4,HMMR,1
E2F4,HNF4A,1
E2F4,HNRNPD,1
E2F4,HNRNPUL1,1
E2F4,ID3,1
E2F4,ITGB3BP,1
E2F4,JUN,1
E2F4,KHDRBS1,1
E2F4,KIF22,1
E2F4,LGALS1,1
E2F4,MAD2L1,1
E2F4,MCM3,1
E2F4,MCM4,1
E2F4,MCM5,1
E2F4,MCM6,1
E2F4,MCM7,1
E2F4,MCM8,1
E2F4,MED21,1
E2F4,MELK,1
E2F4,MSH2,1
E2F4,MTHFD1,1
E2F4,MYBL2,1
E2F4,MYCN,1
E2F4,NEK2,1
E2F4,ORC2,1
E2F4,OTX2,1
E2F4,PAX6,1
E2F4,PCNA,1
E2F4,PDGFA,1
E2F4,PEG3,1
E2F4,PHF5A,1
E2F4,PIM2,1
E2F4,POLR2D,1
E2F4,POLR2F,1
E2F4,POLR3D,1
E2F4,PPP1R7,1
E2F4,PRC1,1
E2F4,PRKCE,1
E2F4,PRPS2,1
E2F4,PTMA,1
E2F4,PTTG1,1
E2F4,RFC2,1
E2F4,RFC4,1
E2F4,RRM1,1
E2F4,S100A6,1
E2F4,SLC25A20,1
E2F4,SMAD2,1
E2F4,SMAD3,1
E2F4,SMARCA4,1
E2F4,SMARCE1,1
E2F4,SMC4,1
E2F4,SOX4,1
E2F4,SRRM1,1
E2F4,SRSF1,1
E2F4,SRSF2,1
E2F4,SSBP3,1
E2F4,STMN1,1
E2F4,TADA3,1
E2F4,TAF7,1
E2F4,TCF4,1
E2F4,TEAD4,1
E2F4,TFAP2C,1
E2F4,TFDP1,1
E2F4,TFDP2,1
E2F4,TFRC,1
E2F4,TK1,1
E2F4,TOP2A,1
E2F4,TP53,1
E2F4,UHRF1,1
E2F4,UMPS,1
E2F4,USP44,1
E2F4,XRCC6,1
E2F4,ZNF644,1
E2F5,ARL6IP6,1
E2F5,CA2,1
E2F5,CBX3,1
E2F5,CNBP,1
E2F5,CNOT10,1
E2F5,CREG1,1
E2F5,CSDE1,1
E2F5,CSRP2,1
E2F5,CTDSPL,1
E2F5,DAXX,1
E2F5,DCTPP1,1
E2F5,DEK,1
E2F5,DNMT1,1
E2F5,E2F3,1
E2F5,ETS1,1
E2F5,FAM64A,1
E2F5,GLI2,1
E2F5,GMNN,1
E2F5,GTF3C2,1
E2F5,HAT1,1
E2F5,HCFC1,1
E2F5,HMGA1,1
E2F5,HMGB2,1
E2F5,HNRNPD,1
E2F5,HNRNPUL1,1
E2F5,MCM3,1
E2F5,MCM4,1
E2F5,MCM5,1
E2F5,MCM6,1
E2F5,MCM7,1
E2F5,MELK,1
E2F5,MYBL2,1
E2F5,MYCN,1
E2F5,ORC2,1
E2F5,OTX2,1
E2F5,PAX6,1
E2F5,PCNA,1
E2F5,PDGFA,1
E2F5,PEG3,1
E2F5,PHF5A,1
E2F5,PPP1R7,1
E2F5,PRKCE,1
E2F5,PRPS2,1
E2F5,PTMA,1
E2F5,RAD51,1
E2F5,SLC25A20,1
E2F5,SMAD2,1
E2F5,SMAD3,1
E2F5,SMARCE1,1
E2F5,SMC4,1
E2F5,SOX4,1
E2F5,SRRM1,1
E2F5,SRSF1,1
E2F5,SRSF2,1
E2F5,SSBP3,1
E2F5,STMN1,1
E2F5,TADA3,1
E2F5,TAF7,1
E2F5,TCF4,1
E2F5,TFDP1,1
E2F5,UHRF1,1
E2F5,USP44,1
E2F5,XRCC6,1
E2F5,ZNF644,1
E2F7,ARL6IP6,1
E2F7,CA2,1
E2F7,CBX3,1
E2F7,CNBP,1
E2F7,CNOT10,1
E2F7,CREG1,1
E2F7,CSDE1,1
E2F7,CSRP2,1
E2F7,CTDSPL,1
E2F7,DAXX,1
E2F7,DCTPP1,1
E2F7,DEK,1
E2F7,DNMT1,1
E2F7,E2F3,1
E2F7,ETS1,1
E2F7,FAM64A,1
E2F7,GLI2,1
E2F7,GMNN,1
E2F7,GTF3C2,1
E2F7,HAT1,1
E2F7,HCFC1,1
E2F7,HMGA1,1
E2F7,HMGB2,1
E2F7,HNRNPD,1
E2F7,HNRNPUL1,1
E2F7,MCM3,1
E2F7,MCM4,1
E2F7,MCM5,1
E2F7,MCM6,1
E2F7,MCM7,1
E2F7,MELK,1
E2F7,MYBL2,1
E2F7,MYCN,1
E2F7,ORC2,1
E2F7,OTX2,1
E2F7,PAX6,1
E2F7,PCNA,1
E2F7,PDGFA,1
E2F7,PEG3,1
E2F7,PHF5A,1
E2F7,PPP1R7,1
E2F7,PRKCE,1
E2F7,PRPS2,1
E2F7,PTMA,1
E2F7,RAD51,1
E2F7,SLC25A20,1
E2F7,SMARCE1,1
E2F7,SMC4,1
E2F7,SOX4,1
E2F7,SRRM1,1
E2F7,SRSF1,1
E2F7,SRSF2,1
E2F7,SSBP3,1
E2F7,STMN1,1
E2F7,TADA3,1
E2F7,TAF7,1
E2F7,TCF4,1
E2F7,UHRF1,1
E2F7,USP44,1
E2F7,XRCC6,1
E2F7,ZNF644,1
ECD,NR3C1,1
EED,AEBP2,1
EED,DNMT1,1
EED,DNMT3A,1
EED,DNMT3B,1
EED,EZH2,1
EED,HDAC1,1
EED,HDAC2,1
EEF1A1,CKS2,1
EEF1A1,CSRP2,1
EEF1A1,PAFAH1B3,1
EEF1A1,SMAD2,1
EEF1A1,TGIF1,1
EEF1A1,TTR,1
EEF1A1,WARS,1
EEF1A1,XPO5,1
EEF1A1,ZBTB16,1
EGR1,ACADVL,1
EGR1,AEBP2,1
EGR1,AFF4,1
EGR1,AGTRAP,1
EGR1,ALG6,1
EGR1,AMZ2,1
EGR1,ANKRD1,1
EGR1,ANXA3,1
EGR1,APOA1,1
EGR1,APOC2,1
EGR1,ARID3B,1
EGR1,ARL6IP6,1
EGR1,B4GALT3,1
EGR1,BCOR,1
EGR1,BPTF,1
EGR1,BTG2,1
EGR1,BZW2,1
EGR1,C9ORF72,1
EGR1,CBX3,1
EGR1,CCDC82,1
EGR1,CD9,1
EGR1,CDK4,1
EGR1,CEBPA,1
EGR1,CENPN,1
EGR1,CENPW,1
EGR1,CEP70,1
EGR1,CHAF1A,1
EGR1,CNBP,1
EGR1,CNOT10,1
EGR1,CNOT7,1
EGR1,CRABP2,1
EGR1,CREB1,1
EGR1,CREB3L2,1
EGR1,CTBP1,1
EGR1,CTDSPL,1
EGR1,CTSC,1
EGR1,DDAH1,1
EGR1,DDIT3,1
EGR1,DDX20,1
EGR1,DDX5,1
EGR1,DEDD,1
EGR1,DKC1,1
EGR1,DLGAP5,1
EGR1,DNAH14,1
EGR1,DNAJC2,1
EGR1,DNMT3B,1
EGR1,DNPEP,1
EGR1,DOT1L,1
EGR1,DPCD,1
EGR1,DR1,1
EGR1,DRAP1,1
EGR1,E2F3,1
EGR1,EBNA1BP2,1
EGR1,EEF1A1,1
EGR1,EHMT1,1
EGR1,EHMT2,1
EGR1,ENO1,1
EGR1,EPAS1,1
EGR1,ESPL1,1
EGR1,ETV4,1
EGR1,EZH2,1
EGR1,FAM64A,1
EGR1,FANCB,1
EGR1,FANCI,1
EGR1,FOSB,1
EGR1,FOSL2,1
EGR1,FOXH1,1
EGR1,FOXM1,1
EGR1,G6PC3,1
EGR1,GABPB1,1
EGR1,GATAD2B,1
EGR1,GGCT,1
EGR1,GMEB1,1
EGR1,GNPNAT1,1
EGR1,GRHL1,1
EGR1,GSN,1
EGR1,GTF2I,1
EGR1,HCFC1,1
EGR1,HMGA1,1
EGR1,HMGCL,1
EGR1,HMGN1,1
EGR1,HMGN2,1
EGR1,HNRNPAB,1
EGR1,HNRNPD,1
EGR1,HNRNPUL1,1
EGR1,HPRT1,1
EGR1,ID2,1
EGR1,IFITM1,1
EGR1,ILF3,1
EGR1,ING5,1
EGR1,ISY1,1
EGR1,ITGB3BP,1
EGR1,IVNS1ABP,1
EGR1,JARID2,1
EGR1,JMJD1C,1
EGR1,JUN,1
EGR1,JUND,1
EGR1,KAT7,1
EGR1,KDELR3,1
EGR1,KDM4C,1
EGR1,KHDRBS1,1
EGR1,KIF22,1
EGR1,KLF3,1
EGR1,KLF6,1
EGR1,LCMT1,1
EGR1,LITAF,1
EGR1,MAFF,1
EGR1,MAPK1,1
EGR1,MATR3,1
EGR1,MAZ,1
EGR1,MCM8,1
EGR1,MIS18BP1,1
EGR1,MSH2,1
EGR1,MTF2,1
EGR1,NFATC2,1
EGR1,NFYB,1
EGR1,NR1H3,1
EGR1,NR3C1,1
EGR1,NRIP1,1
EGR1,NT5DC2,1
EGR1,NUDT15,1
EGR1,NUP35,1
EGR1,ODF2L,1
EGR1,ORC4,1
EGR1,PAPOLA,1
EGR1,PARP1,1
EGR1,PDCD11,1
EGR1,PDGFA,1
EGR1,PDLIM7,1
EGR1,PEMT,1
EGR1,PITX1,1
EGR1,PITX2,1
EGR1,PLAGL2,1
EGR1,PLCD1,1
EGR1,PMS1,1
EGR1,POLR2L,1
EGR1,PPARA,1
EGR1,PRIM1,1
EGR1,PSIP1,1
EGR1,PTMA,1
EGR1,PUS7L,1
EGR1,RAD51C,1
EGR1,RAI14,1
EGR1,RARG,1
EGR1,RBBP7,1
EGR1,RBM39,1
EGR1,REST,1
EGR1,RFXANK,1
EGR1,RNASEH2A,1
EGR1,RNF19A,1
EGR1,RREB1,1
EGR1,RUVBL1,1
EGR1,SERPINB1,1
EGR1,SHISA2,1
EGR1,SIRT1,1
EGR1,SKIL,1
EGR1,SMAD3,1
EGR1,SMARCA4,1
EGR1,SMARCD2,1
EGR1,SOX2,1
EGR1,SP4,1
EGR1,SRRM1,1
EGR1,SRSF1,1
EGR1,SRSF6,1
EGR1,SSBP2,1
EGR1,SSBP3,1
EGR1,TADA3,1
EGR1,TAF11,1
EGR1,TAF5,1
EGR1,TBPL1,1
EGR1,TCF25,1
EGR1,TCFL5,1
EGR1,TEAD2,1
EGR1,TF,1
EGR1,TFE3,1
EGR1,TFRC,1
EGR1,THRAP3,1
EGR1,THRB,1
EGR1,THYN1,1
EGR1,TIMM21,1
EGR1,TMEM120A,1
EGR1,TNFAIP3,1
EGR1,TOP2B,1
EGR1,TOPORS,1
EGR1,TRERF1,1
EGR1,TRIM27,1
EGR1,TUBB6,1
EGR1,U2AF1,1
EGR1,WARS,1
EGR1,WDHD1,1
EGR1,XPO5,1
EGR1,XRCC6,1
EGR1,YAF2,1
EGR1,YBX1,1
EGR1,ZFP36,1
EGR1,ZHX1,1
EGR1,ZNF160,1
EGR1,ZNF33A,1
EGR1,ZNF398,1
EGR1,ZNF644,1
EHMT2,HIST1H1B,1
EHMT2,KLF6,1
ELF1,HMGA1,1
ELF1,NFYB,1
EPAS1,SMAD3,1
EPAS1,TCEB1,1
EPAS1,TCEB2,1
ERCC8,CBR1,1
ERCC8,GTF2H2,1
ESPL1,PTTG1,1
ETS1,AXL,1
ETS1,BRCA2,1
ETS1,CCND1,1
ETS1,CDK4,1
ETS1,COPS2,1
ETS1,DAXX,1
ETS1,ETV4,1
ETS1,FOSL1,1
ETS1,JUN,1
ETS1,LCP1,1
ETS1,MAF,1
ETS1,MAPK1,1
ETS1,MYC,1
ETS1,NNAT,1
ETS1,NR3C1,1
ETS1,SMAD3,1
ETS1,SP100,1
ETS1,SPP1,1
ETS1,TDP2,1
ETS1,TFRC,1
ETV4,BRCA1,1
ETV4,SHMT2,1
ETV4,SPP1,1
ETV4,SRF,1
EWSR1,ACTL6A,1
EWSR1,AGT,1
EWSR1,CUEDC2,1
EWSR1,HERPUD1,1
EWSR1,HMGA1,1
EWSR1,POLR2G,1
EWSR1,POU5F1,1
EWSR1,SALL2,1
EWSR1,SSBP2,1
EWSR1,SUV39H2,1
EWSR1,USP7,1
EWSR1,VPS72,1
EZH2,DNMT1,1
EZH2,DNMT3A,1
EZH2,DNMT3B,1
EZH2,EED,1
FHL2,BRCA1,1
FHL2,FOXO1,1
FHL2,ITGB5,1
FHL2,MCM7,1
FHL2,SRF,1
FHL2,ZBTB16,1
FHL2,ZNF638,1
FOSB,ACADVL,1
FOSB,ANXA3,1
FOSB,BCOR,1
FOSB,CAPN12,1
FOSB,CRABP2,1
FOSB,DRAP1,1
FOSB,EEF1A1,1
FOSB,EFTUD2,1
FOSB,ELL2,1
FOSB,EWSR1,1
FOSB,F3,1
FOSB,FOSL1,1
FOSB,GATA4,1
FOSB,GRPR,1
FOSB,ICA1,1
FOSB,JUND,1
FOSB,KAT7,1
FOSB,KLF5,1
FOSB,PAWR,1
FOSB,PIM2,1
FOSB,RARG,1
FOSB,RBBP7,1
FOSB,RBP4,1
FOSB,SMARCA5,1
FOSB,TCF3,1
FOSB,TCOF1,1
FOSB,TNNI3,1
FOSB,TOPORS,1
FOSB,TUBB6,1
FOSB,ZFP36,1
FOSL1,ACADVL,1
FOSL1,ANXA3,1
FOSL1,BCOR,1
FOSL1,CRABP2,1
FOSL1,DRAP1,1
FOSL1,EEF1A1,1
FOSL1,EFTUD2,1
FOSL1,EWSR1,1
FOSL1,F3,1
FOSL1,GRPR,1
FOSL1,ICA1,1
FOSL1,JUN,1
FOSL1,PAWR,1
FOSL1,RARG,1
FOSL1,RBBP7,1
FOSL1,TCF3,1
FOSL1,TNNI3,1
FOSL1,TUBB6,1
FOSL1,ZFP36,1
FOSL2,JUN,1
FOSL2,JUND,1
FOXA1,ACAD11,1
FOXA1,AEBP2,1
FOXA1,AHSG,1
FOXA1,AMBP,1
FOXA1,ANKRD1,1
FOXA1,CACYBP,1
FOXA1,COMMD3,1
FOXA1,ECT2,1
FOXA1,EFNA1,1
FOXA1,ELL2,1
FOXA1,FABP1,1
FOXA1,FGB,1
FOXA1,FOXP1,1
FOXA1,GNPNAT1,1
FOXA1,GTF3C2,1
FOXA1,HTATSF1,1
FOXA1,ID2,1
FOXA1,MCM7,1
FOXA1,NR2F2,1
FOXA1,PYGL,1
FOXA1,RAB34,1
FOXA1,RBP4,1
FOXA1,RRM2,1
FOXA1,SEPP1,1
FOXA1,SERPIND1,1
FOXA1,SMAD3,1
FOXA1,SSBP3,1
FOXA1,TF,1
FOXA1,TGIF1,1
FOXA1,UGT2B11,1
FOXA1,VCAN,1
FOXA1,VEZF1,1
FOXA1,YAE1D1,1
FOXA2,AEBP2,1
FOXA2,AMBP,1
FOXA2,ANG,1
FOXA2,AURKB,1
FOXA2,COMMD3,1
FOXA2,DNMT3B,1
FOXA2,ECT2,1
FOXA2,EFNA1,1
FOXA2,ELL2,1
FOXA2,FABP1,1
FOXA2,FAM13A,1
FOXA2,FOXP1,1
FOXA2,GSN,1
FOXA2,GTF3C2,1
FOXA2,HCFC1,1
FOXA2,HPX,1
FOXA2,HTATSF1,1
FOXA2,ID2,1
FOXA2,KIF20B,1
FOXA2,MCM5,1
FOXA2,MCM7,1
FOXA2,NCOA1,1
FOXA2,NR1H3,1
FOXA2,NR2F2,1
FOXA2,OTX2,1
FOXA2,PDZK1,1
FOXA2,POLR3E,1
FOXA2,RBP4,1
FOXA2,RHOBTB3,1
FOXA2,RNASE4,1
FOXA2,RRM2,1
FOXA2,SERPIND1,1
FOXA2,SMAD3,1
FOXA2,SPINK1,1
FOXA2,TBX3,1
FOXA2,TF,1
FOXA2,TGIF1,1
FOXA2,UGT2B11,1
FOXA2,VEZF1,1
FOXA2,YAE1D1,1
FOXA2,ZWILCH,1
FOXH1,DRAP1,1
FOXH1,SMAD2,1
FOXH1,SMAD3,1
FOXM1,CDK1,1
FOXO1,AATF,1
FOXO1,BCOR,1
FOXO1,BSCL2,1
FOXO1,BTG1,1
FOXO1,COQ3,1
FOXO1,DDAH1,1
FOXO1,E2F3,1
FOXO1,EFNA1,1
FOXO1,ETV5,1
FOXO1,FHL2,1
FOXO1,FOXP1,1
FOXO1,HNF4A,1
FOXO1,ICA1,1
FOXO1,ID2,1
FOXO1,JAG1,1
FOXO1,MAFF,1
FOXO1,OTX2,1
FOXO1,PRDM1,1
FOXO1,PTTG1,1
FOXO1,RUNX1T1,1
FOXO1,SEMA3E,1
FOXO1,SIRT1,1
FOXO1,SMAD3,1
FOXO1,TFDP2,1
FOXO1,TGIF1,1
FOXO1,THRB,1
FOXO1,TRERF1,1
FOXO1,VCAN,1
FOXO1,ZBTB16,1
FOXO1,ZWILCH,1
FOXP1,CTBP1,1
FUBP1,AIMP2,1
GABPB1,HCFC1,1
GABPB1,YAF2,1
GATA4,JARID2,1
GATA4,MEF2C,1
GATA4,SRF,1
GATAD2B,SMAD2,1
GLI1,BMP2,1
GLI1,FOXA2,1
GLI1,GLI2,1
GLI1,ZIC2,1
GLI2,BMP2,1
GLI2,CREB1,1
GLI2,GLI1,1
GLI2,ZIC2,1
GMEB1,SMAD3,1
GTF2E1,AES,1
GTF2E1,GTF2F2,1
GTF2E1,TAF6,1
GTF2E1,TCEA1,1
GTF2F2,AHR,1
GTF2F2,CREB1,1
GTF2F2,GTF2E1,1
GTF2F2,HTATSF1,1
GTF2F2,JUN,1
GTF2F2,KLF5,1
GTF2F2,TAF5,1
GTF2H2,ERCC8,1
GTF2I,MYC,1
GTF2I,PIAS2,1
GTF2I,SMAD2,1
GTF2I,SRF,1
GTF3C2,GTF3C4,1
GTF3C4,GTF3C2,1
GTF3C4,GTF3C5,1
GTF3C5,GTF3C4,1
H1F0,KPNA2,1
HCFC1,GABPB1,1
HCFC1,JUN,1
HCFC1,PSIP1,1
HCFC1,THAP11,1
HDAC1,APEX1,1
HDAC1,BCOR,1
HDAC1,BRCA1,1
HDAC1,BUB1,1
HDAC1,BUB1B,1
HDAC1,CDC20,1
HDAC1,CTBP1,1
HDAC1,DAXX,1
HDAC1,DDB2,1
HDAC1,DNMT3A,1
HDAC1,DNMT3B,1
HDAC1,EED,1
HDAC1,EZH2,1
HDAC1,HDAC2,1
HDAC1,HIF1AN,1
HDAC1,ING1,1
HDAC1,NR2F2,1
HDAC1,NRIP1,1
HDAC1,PHB2,1
HDAC1,PIAS3,1
HDAC1,PITX2,1
HDAC1,PTMA,1
HDAC1,RBBP4,1
HDAC1,RBBP7,1
HDAC1,RBPJ,1
HDAC1,RFC1,1
HDAC1,RFC4,1
HDAC1,RUNX1T1,1
HDAC1,RUVBL2,1
HDAC1,SMAD2,1
HDAC1,STAT2,1
HDAC1,TGIF1,1
HDAC1,TGIF2,1
HDAC1,TOP2A,1
HDAC1,TOP2B,1
HDAC1,TPD52L1,1
HDAC1,TRIM27,1
HDAC1,ZBTB16,1
HDAC2,BRCA1,1
HDAC2,CDC20,1
HDAC2,CTBP1,1
HDAC2,DAXX,1
HDAC2,DDX20,1
HDAC2,DNMT3B,1
HDAC2,EED,1
HDAC2,HDAC1,1
HDAC2,HIF1AN,1
HDAC2,ING1,1
HDAC2,MXD1,1
HDAC2,NRIP1,1
HDAC2,PA2G4,1
HDAC2,PHB2,1
HDAC2,PTMA,1
HDAC2,RBBP4,1
HDAC2,RBBP7,1
HDAC2,RBPJ,1
HDAC2,RFX5,1
HDAC2,SMARCA5,1
HDAC2,THRB,1
HDAC2,TOP2A,1
HDAC2,TP53,1
HIF1AN,HDAC1,1
HIF1AN,HDAC2,1
HIPK2,DAXX,1
HIPK2,DDX39A,1
HIPK2,HMGA1,1
HIPK2,PAX6,1
HIPK2,SMAD2,1
HIPK2,SP100,1
HIST1H1B,EHMT2,1
HIST1H1B,MELK,1
HIST1H1B,SIRT1,1
HIST1H1C,F10,1
HIST1H1E,CBX3,1
HMGA1,CDK1,1
HMGA1,ELF1,1
HMGA1,EWSR1,1
HMGA1,HIPK2,1
HMGA1,IRF1,1
HMGA1,JUN,1
HMGA1,RARG,1
HMGA1,RNF4,1
HMGA1,SRF,1
HMGA2,CDK1,1
HMGA2,PIAS3,1
HMGA2,SMAD3,1
HMGB2,APEX1,1
HMGB2,POU2F1,1
HMGB2,POU5F1,1
HMGB2,TP53,1
HMGN1,HMGN2,1
HMGN2,HMGN1,1
HMGN3,THRB,1
HNF4A,AASS,1
HNF4A,ACADVL,1
HNF4A,ACOX2,1
HNF4A,ACY1,1
HNF4A,AES,1
HNF4A,AMBP,1
HNF4A,APOA4,1
HNF4A,APOC2,1
HNF4A,ARL6IP6,1
HNF4A,ASXL1,1
HNF4A,ATL2,1
HNF4A,AURKA,1
HNF4A,BCL11A,1
HNF4A,BPHL,1
HNF4A,C1GALT1,1
HNF4A,CBR1,1
HNF4A,CCS,1
HNF4A,CEBPA,1
HNF4A,COPS5,1
HNF4A,CRABP2,1
HNF4A,CREB3L3,1
HNF4A,CRYZL1,1
HNF4A,CUEDC2,1
HNF4A,DCLRE1C,1
HNF4A,DDIT3,1
HNF4A,DNMT3A,1
HNF4A,DNPEP,1
HNF4A,E2F5,1
HNF4A,ECHDC2,1
HNF4A,EEF1A1,1
HNF4A,EHMT1,1
HNF4A,ELF1,1
HNF4A,EPHX2,1
HNF4A,EXOSC9,1
HNF4A,F10,1
HNF4A,FGB,1
HNF4A,FOXA2,1
HNF4A,FOXO1,1
HNF4A,FOXP1,1
HNF4A,GALK1,1
HNF4A,GMNN,1
HNF4A,GRHL1,1
HNF4A,GSN,1
HNF4A,HIPK2,1
HNF4A,HNRNPD,1
HNF4A,HP,1
HNF4A,HSD17B11,1
HNF4A,JUND,1
HNF4A,KLF6,1
HNF4A,LAMB2,1
HNF4A,LGALS2,1
HNF4A,LRR1,1
HNF4A,MAF,1
HNF4A,MED14,1
HNF4A,MEP1A,1
HNF4A,MGST2,1
HNF4A,MTFP1,1
HNF4A,MTUS1,1
HNF4A,NCOA1,1
HNF4A,NCOA6,1
HNF4A,NEK2,1
HNF4A,NFATC2,1
HNF4A,NR1H3,1
HNF4A,NR2F2,1
HNF4A,NR2F6,1
HNF4A,NRIP1,1
HNF4A,ORC2,1
HNF4A,PDZK1,1
HNF4A,PHB2,1
HNF4A,PHF5A,1
HNF4A,PLA2G12B,1
HNF4A,PON2,1
HNF4A,PYGL,1
HNF4A,RARG,1
HNF4A,RBP2,1
HNF4A,REST,1
HNF4A,RREB1,1
HNF4A,SGK1,1
HNF4A,SIRT1,1
HNF4A,SMAD2,1
HNF4A,SMAD3,1
HNF4A,SMARCD2,1
HNF4A,STAT2,1
HNF4A,SUB1,1
HNF4A,TCF7L1,1
HNF4A,TCOF1,1
HNF4A,TFDP2,1
HNF4A,TGIF1,1
HNF4A,TK1,1
HNF4A,TOP2A,1
HNF4A,TP53,1
HNF4A,TTR,1
HNF4A,UHRF1,1
HNF4A,YEATS4,1
HNF4A,ZNF567,1
HNF4A,ZNF589,1
HNF4A,ZNHIT3,1
HNRNPD,CSDE1,1
HNRNPD,YBX1,1
HNRNPK,KHDRBS1,1
HNRNPK,MATR3,1
HNRNPK,RBMX,1
HNRNPK,SRSF3,1
HNRNPK,YBX1,1
HNRNPUL1,TP53,1
HTATSF1,GTF2F2,1
ID2,TCF3,1
ID2,TCF4,1
ID3,RUNX1T1,1
ID3,TCF4,1
ILF3,XPO5,1
ING1,HDAC1,1
ING1,HDAC2,1
ING1,RBBP4,1
ING1,RBBP7,1
ING3,NR1H3,1
ING5,MCM6,1
ING5,TADA3,1
ING5,TP53,1
IRF1,ACTC1,1
IRF1,APOA2,1
IRF1,ATF3,1
IRF1,BCL11A,1
IRF1,BST2,1
IRF1,C11ORF1,1
IRF1,DPCD,1
IRF1,E2F3,1
IRF1,EPAS1,1
IRF1,ETV4,1
IRF1,F3,1
IRF1,FLRT2,1
IRF1,FOSL2,1
IRF1,GRHL1,1
IRF1,HMGA1,1
IRF1,IRF9,1
IRF1,ISG15,1
IRF1,LDB2,1
IRF1,MEF2C,1
IRF1,OTX2,1
IRF1,PAX6,1
IRF1,RHOBTB3,1
IRF1,RUNX1T1,1
IRF1,SLC38A2,1
IRF1,TCF4,1
IRF1,TGIF1,1
IRF1,TMEM69,1
IRF1,ZFHX3,1
IRF9,STAT2,1
JARID2,GATA4,1
JMJD1C,THRB,1
JUN,ACADVL,1
JUN,AIMP2,1
JUN,ANLN,1
JUN,ANXA3,1
JUN,APOC1,1
JUN,ASPH,1
JUN,ASXL1,1
JUN,BCOR,1
JUN,BST2,1
JUN,BTG2,1
JUN,C3ORF14,1
JUN,CAMK2D,1
JUN,CAPG,1
JUN,CAPN12,1
JUN,CD9,1
JUN,CDK4,1
JUN,COPS5,1
JUN,CRABP2,1
JUN,CREB3L4,1
JUND,ACADVL,1
JUND,ANXA3,1
JUND,ATF3,1
JUND,BCOR,1
JUND,BRCA1,1
JUND,CAPN12,1
JUND,COPS5,1
JUND,CRABP2,1
JUND,DDIT3,1
JUND,DRAP1,1
JUND,EEF1A1,1
JUND,EFTUD2,1
JUND,ELL2,1
JUND,EWSR1,1
JUND,FOSB,1
JUND,FOSL2,1
JUND,GATA4,1
JUND,GRPR,1
JUND,ICA1,1
JUND,KAT7,1
JUND,KLF5,1
JUND,MAPK1,1
JUND,PAWR,1
JUN,DPCD,1
JUND,PIM2,1
JUN,DRAP1,1
JUND,RARG,1
JUND,RBBP7,1
JUND,RBP4,1
JUND,SMAD3,1
JUND,SMARCA5,1
JUND,TCF3,1
JUND,TCOF1,1
JUND,TNNI3,1
JUND,TOPORS,1
JUND,TUBB6,1
JUND,ZFP36,1
JUN,EEF1A1,1
JUN,EFTUD2,1
JUN,EGR1,1
JUN,ELF1,1
JUN,ELL2,1
JUN,ETV5,1
JUN,EWSR1,1
JUN,FLRT2,1
JUN,FOSB,1
JUN,FOSL2,1
JUN,GATA4,1
JUN,GRPR,1
JUN,GTF2F2,1
JUN,GYG1,1
JUN,HCFC1,1
JUN,HMGA1,1
JUN,HMGN1,1
JUN,ICA1,1
JUN,IMP4,1
JUN,ITIH4,1
JUN,JMJD1C,1
JUN,JUND,1
JUN,KAT7,1
JUN,KDM4C,1
JUN,KLF5,1
JUN,LAMC1,1
JUN,LCP1,1
JUN,MAF,1
JUN,MAFF,1
JUN,MAPK1,1
JUN,MLF1,1
JUN,MTFP1,1
JUN,MXD1,1
JUN,MYBBP1A,1
JUN,NCOA1,1
JUN,NEDD1,1
JUN,NR2F6,1
JUN,NR3C1,1
JUN,NRIP1,1
JUN,NVL,1
JUN,ORC2,1
JUN,PAWR,1
JUN,PAX6,1
JUN,PEG3,1
JUN,PIM2,1
JUN,PLCD1,1
JUN,POLR1D,1
JUN,PPFIBP2,1
JUN,PSAT1,1
JUN,PWP1,1
JUN,RAB25,1
JUN,RAI14,1
JUN,RBBP7,1
JUN,RBM39,1
JUN,RBP4,1
JUN,RBPJ,1
JUN,RFX5,1
JUN,RRM2,1
JUN,SAAL1,1
JUN,SKIL,1
JUN,SLC7A3,1
JUN,SMAD2,1
JUN,SMAD3,1
JUN,SMARCA5,1
JUN,SPP1,1
JUN,SRSF2,1
JUN,TCF25,1
JUN,TCF3,1
JUN,TCF4,1
JUN,TCOF1,1
JUN,TFE3,1
JUN,TFRC,1
JUN,TGIF1,1
JUN,THOC1,1
JUN,TNFAIP3,1
JUN,TNNI3,1
JUN,TOP2A,1
JUN,TOPORS,1
JUN,TPM2,1
JUN,TRIM25,1
JUN,TUBB6,1
JUN,ZFP36,1
JUN,ZNF217,1
JUN,ZNRD1,1
KAT7,CEP70,1
KAT7,MCM2,1
KAT7,POLB,1
KHDRBS1,CDK1,1
KHDRBS1,HNRNPK,1
KHDRBS1,MAPK1,1
KHDRBS1,SMAD2,1
KLF5,GTF2F2,1
KLF6,EHMT2,1
KLF6,TP53,1
KNTC1,ZWILCH,1
MAF,ETS1,1
MAF,JUN,1
MAF,SMARCA5,1
MAPK1,CCND1,1
MAPK1,CDK4,1
MATR3,HNRNPK,1
MATR3,TTF2,1
MAZ,BPTF,1
MCM2,CCNB2,1
MCM2,CDK4,1
MCM2,KAT7,1
MCM2,MCM3,1
MCM2,MCM4,1
MCM2,MCM5,1
MCM2,MCM6,1
MCM2,MCM7,1
MCM2,ORC2,1
MCM2,ORC4,1
MCM2,PLK1,1
MCM3,HAUS1,1
MCM3,MCM2,1
MCM3,MCM4,1
MCM3,MCM5,1
MCM3,MCM6,1
MCM3,MCM7,1
MCM3,ORC2,1
MCM3,ORC4,1
MCM3,PLK1,1
MCM3,SUPT16H,1
MCM4,CDK1,1
MCM4,MCM2,1
MCM4,MCM3,1
MCM4,MCM6,1
MCM4,MCM7,1
MCM4,MCM8,1
MCM4,ORC2,1
MCM4,ORC4,1
MCM4,SSRP1,1
MCM4,SUPT16H,1
MCM5,MCM2,1
MCM5,MCM3,1
MCM5,MCM7,1
MCM5,ORC2,1
MCM5,ORC4,1
MCM6,GMNN,1
MCM6,ING5,1
MCM6,MCM2,1
MCM6,MCM3,1
MCM6,MCM4,1
MCM6,MCM7,1
MCM6,MCM8,1
MCM6,ORC2,1
MCM6,ORC4,1
MCM7,FHL2,1
MCM7,MCM2,1
MCM7,MCM3,1
MCM7,MCM4,1
MCM7,MCM5,1
MCM7,MCM6,1
MCM7,MCM8,1
MCM7,ORC2,1
MCM7,ORC4,1
MCM7,PLK1,1
MCM8,MCM4,1
MCM8,MCM6,1
MCM8,MCM7,1
MED14,HNF4A,1
MED14,NR3C1,1
MED14,STAT2,1
MED21,BRCA1,1
MED21,BTF3,1
MED21,TCEB3,1
MED21,THRB,1
MEF2C,APOA2,1
MEF2C,CCNB1,1
MEF2C,CDK1,1
MEF2C,GATA4,1
MEF2C,NUP88,1
MEF2C,SMAD2,1
MLXIPL,NIF3L1,1
MTF2,SMAD3,1
MXD1,HDAC2,1
MXD1,MYC,1
MXD1,MYCN,1
MYBBP1A,JUN,1
MYBBP1A,PCNA,1
MYBL2,PARP1,1
MYBL2,TTF2,1
MYC,ACADSB,1
MYC,ACOT7,1
MYC,ACTL6A,1
MYC,ACY1,1
MYC,ADNP,1
MYC,ADSL,1
MYC,AGTRAP,1
MYC,AHSG,1
MYC,AIMP2,1
MYC,ALDH9A1,1
MYC,AMBP,1
MYC,ANAPC7,1
MYC,ANLN,1
MYC,ANP32E,1
MYC,APEH,1
MYC,APEX1,1
MYC,APOC1,1
MYC,ASCC3,1
MYC,ASPH,1
MYC,ASXL1,1
MYC,ATG5,1
MYC,ATIC,1
MYC,ATP1B3,1
MYC,B4GALT3,1
MYC,BCL11B,1
MYC,BCOR,1
MYC,BCS1L,1
MYC,BIN1,1
MYC,BIRC5,1
MYC,BLVRA,1
MYCBP,MYC,1
MYCBP,SSRP1,1
MYC,BPTF,1
MYC,BRCA1,1
MYC,BRCA2,1
MYC,BRIX1,1
MYC,BTG1,1
MYC,BZW2,1
MYC,C11ORF1,1
MYC,C12ORF10,1
MYC,C19ORF48,1
MYC,C1GALT1,1
MYC,CBR1,1
MYC,CBX3,1
MYC,CDK1,1
MYC,CEBPZ,1
MYC,CENPF,1
MYC,CENPK,1
MYC,CENPN,1
MYC,CHAF1A,1
MYC,CIDEB,1
MYC,CKS1B,1
MYC,CKS2,1
MYC,CMC1,1
MYC,COMMD10,1
MYC,COMMD3,1
MYC,COPS2,1
MYC,CRAT,1
MYC,CREB1,1
MYC,CREB3L4,1
MYC,CREG1,1
MYC,CSDE1,1
MYC,CTSC,1
MYC,CXXC1,1
MYC,DAXX,1
MYC,DCAF13,1
MYC,DCTPP1,1
MYC,DDIT3,1
MYC,DDX20,1
MYC,DDX39A,1
MYC,DDX5,1
MYC,DDX54,1
MYC,DEK,1
MYC,DEPDC7,1
MYC,DKC1,1
MYC,DNAJC2,1
MYC,DNMT3A,1
MYC,DNPEP,1
MYC,DPAGT1,1
MYC,DPH5,1
MYC,DRAP1,1
MYC,DUT,1
MYC,E2F5,1
MYC,EEF1E1,1
MYC,EFNA1,1
MYC,EFTUD2,1
MYC,EHMT2,1
MYC,EIF5B,1
MYC,ENO1,1
MYC,ERCC8,1
MYC,ETV1,1
MYC,ETV4,1
MYC,EWSR1,1
MYC,FANCD2,1
MYC,FEN1,1
MYC,FKBP11,1
MYC,FOSL1,1
MYC,FOXA1,1
MYC,FOXH1,1
MYC,FOXP1,1
MYC,FXR1,1
MYC,G6PC3,1
MYC,GABPB1,1
MYC,GGCT,1
MYC,GMNN,1
MYC,GPN3,1
MYC,GTF2H2,1
MYC,GTF2I,1
MYC,GTF3C2,1
MYC,GTF3C4,1
MYC,GYG1,1
MYC,HERPUD1,1
MYC,HIF3A,1
MYC,HMGA1,1
MYC,HMGN2,1
MYC,HMGN4,1
MYC,HMMR,1
MYC,HNRNPAB,1
MYC,HNRNPK,1
MYC,HNRNPR,1
MYC,HNRNPUL1,1
MYC,ICA1,1
MYC,ID3,1
MYC,IFITM2,1
MYC,IFITM3,1
MYC,ILF3,1
MYC,IMP4,1
MYC,ING1,1
MYC,ING5,1
MYC,IQGAP2,1
MYC,IRF3,1
MYC,IRF9,1
MYC,ITGB3BP,1
MYC,IVNS1ABP,1
MYC,JARID2,1
MYC,JUN,1
MYC,JUND,1
MYC,KHDRBS1,1
MYC,KIF20B,1
MYC,LAMB2,1
MYC,LAMC1,1
MYC,LAPTM4B,1
MYC,LCMT1,1
MYC,LDB2,1
MYC,LGALS1,1
MYC,MAD2L1,1
MYC,MAFF,1
MYC,MATR3,1
MYC,MCM3,1
MYC,MCM5,1
MYC,MCM7,1
MYC,MCM8,1
MYC,MED20,1
MYC,MEST,1
MYC,MPHOSPH9,1
MYC,MSH2,1
MYC,MTAP,1
MYC,MTF2,1
MYC,MTFP1,1
MYC,MTHFD1,1
MYC,MTUS1,1
MYC,MXD1,1
MYC,MYBBP1A,1
MYC,MYBL2,1
MYC,MYCBP,1
MYC,NAA15,1
MYC,NDUFAF4,1
MYC,NFYB,1
MYC,NME2,1
MYCN,MXD1,1
MYC,NOP16,1
MYC,NPM1,1
MYC,NPRL2,1
MYC,NR2F2,1
MYC,NSD1,1
MYC,NT5DC2,1
MYC,NUP37,1
MYC,NUP88,1
MYCN,YAF2,1
MYC,ORC4,1
MYC,PA2G4,1
MYC,PAK1IP1,1
MYC,PARP1,1
MYC,PARPBP,1
MYC,PAWR,1
MYC,PHB2,1
MYC,PIAS2,1
MYC,PIAS3,1
MYC,PLAGL2,1
MYC,PLK1,1
MYC,PMS1,1
MYC,POLB,1
MYC,POLR1B,1
MYC,POLR1C,1
MYC,POLR1E,1
MYC,POLR2D,1
MYC,POLR2I,1
MYC,POLR2L,1
MYC,POLR3D,1
MYC,POLR3E,1
MYC,POU2F1,1
MYC,PPIL1,1
MYC,PPP1R7,1
MYC,PPT1,1
MYC,PRPS2,1
MYC,PSAT1,1
MYC,PSMG1,1
MYC,PTMA,1
MYC,PUS7L,1
MYC,PWP1,1
MYC,PYGL,1
MYC,QTRTD1,1
MYC,RAB34,1
MYC,RAD51,1
MYC,RAI14,1
MYC,RARG,1
MYC,RBBP4,1
MYC,RBM39,1
MYC,RFC2,1
MYC,RFC4,1
MYC,RFX5,1
MYC,RHOBTB3,1
MYC,RNF138,1
MYC,RNF19A,1
MYC,RNF2,1
MYC,RNF4,1
MYC,RRM2,1
MYC,RSU1,1
MYC,SEC11C,1
MYC,SEMA3E,1
MYC,SERPIND1,1
MYC,SGK1,1
MYC,SHMT2,1
MYC,SIRT1,1
MYC,SMAD2,1
MYC,SMAD3,1
MYC,SMARCA4,1
MYC,SNAPC1,1
MYC,SNRPB,1
MYC,SOX11,1
MYC,SRSF2,1
MYC,SRSF6,1
MYC,SSB,1
MYC,SSRP1,1
MYC,STMN1,1
MYC,STX8,1
MYC,SUPV3L1,1
MYC,TAF11,1
MYC,TAF1B,1
MYC,TAF6,1
MYC,TBL1X,1
MYC,TBX3,1
MYC,TCERG1,1
MYC,TCF25,1
MYC,TCF3,1
MYC,TCF7L1,1
MYC,TCFL5,1
MYC,TCOF1,1
MYC,TEAD4,1
MYC,TEX10,1
MYC,TGIF2,1
MYC,THRAP3,1
MYC,TIMELESS,1
MYC,TIMM21,1
MYC,TIMM9,1
MYC,TMEM120A,1
MYC,TMEM69,1
MYC,TNFAIP3,1
MYC,TNNI3,1
MYC,TPM2,1
MYC,TRIM25,1
MYC,TRIM27,1
MYC,TRIP13,1
MYC,TTF2,1
MYC,U2AF1,1
MYC,UCHL1,1
MYC,UCP2,1
MYC,UHRF1,1
MYC,UTP18,1
MYC,WDR43,1
MYC,WDR5,1
MYC,WDYHV1,1
MYC,WIPI1,1
MYC,XBP1,1
MYC,XPO5,1
MYC,XRCC6,1
MYC,YARS,1
MYC,YBX1,1
MYC,ZBTB24,1
MYC,ZFP36,1
MYC,ZFP64,1
MYC,ZFYVE21,1
MYC,ZIC3,1
MYC,ZNF146,1
MYC,ZNF202,1
MYC,ZNF239,1
MYC,ZNF398,1
MYC,ZNF581,1
MYC,ZNF589,1
MYC,ZNF644,1
MYC,ZNHIT3,1
MYC,ZNRD1,1
NAA15,XRCC5,1
NAA15,XRCC6,1
NCOA1,AHR,1
NCOA1,CCND1,1
NCOA1,COPS5,1
NCOA1,DDX5,1
NCOA1,FOXA2,1
NCOA1,HNF4A,1
NCOA1,JUN,1
NCOA1,MAPK1,1
NCOA1,NR1I3,1
NCOA1,NR2F6,1
NCOA1,NR3C1,1
NCOA1,PPARA,1
NCOA1,RARG,1
NCOA1,SMARCE1,1
NCOA1,SRF,1
NCOA1,TEAD2,1
NCOA1,THRB,1
NCOA6,CEBPA,1
NCOA6,HNF4A,1
NCOA6,NR1H3,1
NCOA6,NR3C1,1
NCOA6,PARP1,1
NCOA6,RBM39,1
NCOA6,SMAD2,1
NCOA6,SMAD3,1
NCOA6,THRB,1
NCOA6,XRCC5,1
NCOA6,XRCC6,1
NFATC2,CHD8,1
NFATC2,EGR1,1
NFATC2,ETV1,1
NFATC2,ID2,1
NFATC2,NR2F2,1
NFATC2,SF3B3,1
NFATC2,TAF11,1
NFYB,AURKA,1
NFYB,BTG1,1
NFYB,CEBPZ,1
NFYB,CENPF,1
NFYB,CKS1B,1
NFYB,CNBP,1
NFYB,DDIT3,1
NFYB,DPYSL2,1
NFYB,DRAP1,1
NFYB,ELAVL2,1
NFYB,ELF1,1
NFYB,ESPL1,1
NFYB,HMGA2,1
NFYB,IRF1,1
NFYB,MYC,1
NFYB,NIF3L1,1
NFYB,NUP37,1
NFYB,PA2G4,1
NFYB,PEG3,1
NFYB,PHF5A,1
NFYB,SIRT2,1
NFYB,SMAD2,1
NFYB,TCF4,1
NFYB,TP53,1
NFYB,UBE2T,1
NFYB,YBX1,1
NME2,TERF1,1
NONO,CA2,1
NONO,ZNRD1,1
NOTCH3,JAG1,1
NOTCH3,RBPJ,1
NPM1,CDK1,1
NPM1,PARP1,1
NPM1,PLK1,1
NPM1,TCERG1,1
NPM1,TP53,1
NR1H3,ING3,1
NR1H3,NCOA6,1
NR1H3,NRIP1,1
NR1H3,PPARA,1
NR1H3,SIRT1,1
NR1I3,NCOA1,1
NR2F2,BCL11A,1
NR2F2,BCL11B,1
NR2F2,CCL2,1
NR2F2,DGAT1,1
NR2F2,DROSHA,1
NR2F2,E2F4,1
NR2F2,GLI1,1
NR2F2,HDAC1,1
NR2F2,NR2F6,1
NR2F2,NR3C1,1
NR2F2,NR5A2,1
NR2F2,SKIL,1
NR2F2,TFRC,1
NR2F2,TRERF1,1
NR2F2,WDR43,1
NR2F6,NCOA1,1
NR2F6,NR2F2,1
NR2F6,NR3C1,1
NR2F6,THRB,1
NR3C1,ADNP,1
NR3C1,CEBPA,1
NR3C1,CREB1,1
NR3C1,DDIT4,1
NR3C1,DDX54,1
NR3C1,E2F4,1
NR3C1,ECD,1
NR3C1,FOXP1,1
NR3C1,HIF3A,1
NR3C1,HMGB2,1
NR3C1,HNRNPUL1,1
NR3C1,JUN,1
NR3C1,KPNA2,1
NR3C1,MAF,1
NR3C1,MAPK1,1
NR3C1,MCM7,1
NR3C1,MED14,1
NR3C1,NCOA1,1
NR3C1,NCOA6,1
NR3C1,NR1H3,1
NR3C1,NR2F2,1
NR3C1,NR2F6,1
NR3C1,NRIP1,1
NR3C1,PBX1,1
NR3C1,POU2F1,1
NR3C1,PPFIBP2,1
NR3C1,PRC1,1
NR3C1,RAB25,1
NR3C1,RBP2,1
NR3C1,RRM1,1
NR3C1,SGK1,1
NR3C1,SMAD3,1
NR3C1,SMAD5,1
NR3C1,SMARCA4,1
NR3C1,SMARCC1,1
NR3C1,SMARCE1,1
NR3C1,TCF4,1
NR3C1,TRIM28,1
NR3C1,YEATS4,1
NR3C1,ZBTB16,1
NR5A2,ALB,1
NR5A2,NRIP1,1
NR5A2,POLR2D,1
NRIP1,AHR,1
NRIP1,CEP70,1
NRIP1,CTBP1,1
NRIP1,HDAC1,1
NRIP1,HDAC2,1
NRIP1,HNF4A,1
NRIP1,JUN,1
NRIP1,NR1H3,1
NRIP1,NR3C1,1
NRIP1,NR5A2,1
NRIP1,PPARA,1
NRIP1,THRB,1
ORC2,MCM2,1
ORC2,MCM3,1
ORC2,MCM4,1
ORC2,MCM5,1
ORC2,MCM6,1
ORC2,MCM7,1
ORC2,ORC4,1
ORC2,XRCC5,1
OTX2,FOXA2,1
PA2G4,HDAC2,1
PAPOLA,CPSF3,1
PAPOLA,SMAD2,1
PARP1,MYBL2,1
PARP1,NCOA6,1
PARP1,NPM1,1
PARP1,PCNA,1
PARP1,POU2F1,1
PARP1,TCF4,1
PARP1,TP53,1
PARP1,XRCC5,1
PARP1,XRCC6,1
PAWR,AATF,1
PAWR,THAP1,1
PAX6,ASNS,1
PAX6,CDX2,1
PAX6,ETS1,1
PAX6,ETV4,1
PAX6,FOXP1,1
PAX6,GLIS3,1
PAX6,HESX1,1
PAX6,HIPK2,1
PAX6,HTATSF1,1
PAX6,JARID2,1
PAX6,MEF2C,1
PAX6,NFIB,1
PAX6,PAPOLA,1
PAX6,PBX1,1
PAX6,SERTAD3,1
PAX6,SLC35D2,1
PAX6,SMARCA4,1
PAX6,TAF11,1
PAX6,TAF5,1
PAX6,TCF4,1
PAX6,YARS,1
PAX6,ZFHX3,1
PAX6,ZFP42,1
PAX6,ZIC3,1
PBX1,AATF,1
PBX1,ACADVL,1
PBX1,BCL11A,1
PBX1,BCOR,1
PBX1,BCS1L,1
PBX1,CAPN12,1
PBX1,GPM6B,1
PBX1,GRPR,1
PBX1,IVNS1ABP,1
PBX1,MEF2C,1
PBX1,NR3C1,1
PBX1,PAX6,1
PBX1,PHGDH,1
PBX1,POLR1C,1
PBX1,TBL1X,1
PBX1,UCHL1,1
PBX1,UGP2,1
PCGF6,RNF2,1
PEG3,USP7,1
PHB2,HDAC1,1
PHB2,HDAC2,1
PHB2,PTMA,1
PIAS2,GTF2I,1
PIAS2,MYC,1
PIAS2,STAT2,1
PIAS3,HDAC1,1
PIAS3,HMGA2,1
PIAS3,MYC,1
PIAS3,SKIL,1
PIAS3,SMAD2,1
PIAS3,SMAD3,1
PIAS3,STAT2,1
PIAS3,ZFHX3,1
PITX1,EGR1,1
PITX2,HDAC1,1
POLR1B,POLR1E,1
POLR1C,POLR1D,1
POLR1C,POLR1E,1
POLR1D,POLR1C,1
POLR1E,POLR1B,1
POLR1E,POLR1C,1
POLR2B,BTF3,1
POLR2B,POLR2D,1
POLR2B,POLR2L,1
POLR2D,NR5A2,1
POLR2D,POLR2B,1
POLR2D,POLR2G,1
POLR2D,POLR2K,1
POLR2D,POLR2L,1
POLR2F,POLR2G,1
POLR2G,EWSR1,1
POLR2G,POLR2D,1
POLR2G,POLR2F,1
POLR2K,BRCA1,1
POLR2K,POLR2D,1
POLR2L,POLR2B,1
POLR2L,POLR2D,1
POLR3D,POLR3E,1
POLR3E,POLR3D,1
POU2F1,AES,1
POU2F1,AKR1B1,1
POU2F1,ALB,1
POU2F1,APOA2,1
POU2F1,ASPH,1
POU2F1,ASXL1,1
POU2F1,ATF3,1
POU2F1,BCOR,1
POU2F1,BMP2,1
POU2F1,BPHL,1
POU2F1,BRCA1,1
POU2F1,BRIP1,1
POU2F1,BTF3,1
POU2F1,BUB1B,1
POU2F1,CDC20,1
POU2F1,COPS5,1
POU2F1,COQ3,1
POU2F1,CRYZL1,1
POU2F1,DAB2,1
POU2F1,DAXX,1
POU2F1,DNMT3A,1
POU2F1,DPYSL2,1
POU2F1,ELF1,1
POU2F1,ESRG,1
POU2F1,ETS1,1
POU2F1,ETV1,1
POU2F1,F2RL1,1
POU2F1,FOXA1,1
POU2F1,FOXA2,1
POU2F1,FOXP1,1
POU2F1,GLIS3,1
POU2F1,GPC3,1
POU2F1,GYG1,1
POU2F1,HCFC1,1
POU2F1,HDAC1,1
POU2F1,HMGA1,1
POU2F1,HMGA2,1
POU2F1,HMGB2,1
POU2F1,HNF1B,1
POU2F1,HPN,1
POU2F1,ID2,1
POU2F1,ING1,1
POU2F1,JARID2,1
POU2F1,JUND,1
POU2F1,LDB2,1
POU2F1,LEAP2,1
POU2F1,MAF,1
POU2F1,MED30,1
POU2F1,MEF2C,1
POU2F1,MTUS1,1
POU2F1,MYC,1
POU2F1,MYCN,1
POU2F1,NAA15,1
POU2F1,NFIB,1
POU2F1,NFKBIZ,1
POU2F1,NIF3L1,1
POU2F1,NR2F2,1
POU2F1,NR3C1,1
POU2F1,NT5DC2,1
POU2F1,NUP93,1
POU2F1,OTX2,1
POU2F1,PARP1,1
POU2F1,PAX6,1
POU2F1,PITX2,1
POU2F1,PLCD1,1
POU2F1,POP5,1
POU2F1,PRDM1,1
POU2F1,RAD54B,1
POU2F1,RARG,1
POU2F1,RBBP7,1
POU2F1,RUNX1T1,1
POU2F1,SALL3,1
POU2F1,SEMA3E,1
POU2F1,SLC35D2,1
POU2F1,SLC7A6,1
POU2F1,SMAD2,1
POU2F1,SMAD3,1
POU2F1,SMAD5,1
POU2F1,SOX11,1
POU2F1,SOX2,1
POU2F1,SSBP3,1
POU2F1,STAT2,1
POU2F1,TARBP2,1
POU2F1,TBL1X,1
POU2F1,TCF4,1
POU2F1,XRCC6,1
POU2F1,ZFHX3,1
POU2F1,ZIC3,1
POU5F1,ATF3,1
POU5F1,BMP2,1
POU5F1,COQ3,1
POU5F1,CRYZL1,1
POU5F1,DAXX,1
POU5F1,DNMT3A,1
POU5F1,DPYSL2,1
POU5F1,ELF1,1
POU5F1,EWSR1,1
POU5F1,F2RL1,1
POU5F1,FOXA1,1
POU5F1,HMGA1,1
POU5F1,HMGB2,1
POU5F1,HNF1B,1
POU5F1,HPN,1
POU5F1,ING1,1
POU5F1,LDB2,1
POU5F1,MEF2C,1
POU5F1,MTUS1,1
POU5F1,NAA15,1
POU5F1,PAX6,1
POU5F1,PRDM1,1
POU5F1,RARG,1
POU5F1,SALL3,1
POU5F1,SEMA3E,1
POU5F1,SMAD2,1
POU5F1,SMAD3,1
POU5F1,TARBP2,1
POU5F1,TCF4,1
POU5F1,ZFHX3,1
POU5F1,ZIC3,1
PPARA,ACAA1,1
PPARA,ACOX2,1
PPARA,APOA1,1
PPARA,APOA2,1
PPARA,CCND1,1
PPARA,DUT,1
PPARA,FABP1,1
PPARA,FGB,1
PPARA,HMGCS2,1
PPARA,MAPK1,1
PPARA,MYC,1
PPARA,NCOA1,1
PPARA,NR1H3,1
PPARA,NRIP1,1
PPARA,SCD5,1
PRDM1,AES,1
PSIP1,HCFC1,1
PSIP1,SRSF1,1
PTMA,CCNB1,1
PTMA,CDK1,1
PTMA,CDK4,1
PTMA,HDAC1,1
PTMA,HDAC2,1
PTMA,KPNA2,1
PTMA,PCNA,1
PTMA,PHB2,1
PTTG1,ANAPC4,1
PTTG1,ANAPC7,1
PTTG1,CDC20,1
PTTG1,ESPL1,1
PTTG1,TP53,1
PTTG1,XRCC6,1
RAD51,BLM,1
RAD51,BRCA1,1
RAD51,BRCA2,1
RAD51,CHEK1,1
RAD51,FANCD2,1
RAD51,RAD51AP1,1
RAD51,RAD51C,1
RAD51,RAD54B,1
RAD51,TP53,1
RAD54B,RAD51,1
RARG,CCND1,1
RARG,CRABP2,1
RARG,HMGA1,1
RARG,JUN,1
RARG,KLF5,1
RARG,MAPK1,1
RARG,NCOA1,1
RARG,SMAD3,1
RBBP4,AEBP2,1
RBBP4,BRCA1,1
RBBP4,HDAC1,1
RBBP4,HDAC2,1
RBBP4,ING1,1
RBBP4,RBBP7,1
RBBP4,XRCC6,1
RBBP7,BRCA1,1
RBBP7,HDAC1,1
RBBP7,HDAC2,1
RBBP7,ING1,1
RBBP7,RBBP4,1
RBM39,JUN,1
RBM39,NCOA6,1
RBMX,HNRNPK,1
RBPJ,CTBP1,1
RBPJ,HDAC1,1
RBPJ,HDAC2,1
RBPJ,NOTCH3,1
REST,ARID3B,1
REST,C3ORF14,1
REST,CIDEB,1
REST,CNBP,1
REST,DDIT4,1
REST,DGAT1,1
REST,DNMT3A,1
REST,EFNA1,1
REST,EGR1,1
REST,ELAVL2,1
REST,EPAS1,1
REST,EWSR1,1
REST,EXOSC3,1
REST,HCFC1,1
REST,HNRNPUL1,1
REST,IRF9,1
REST,MAD2L1,1
REST,MORN2,1
REST,MST1,1
REST,NDUFAF5,1
REST,NPRL2,1
REST,NRIP1,1
REST,NUDT15,1
REST,PMAIP1,1
REST,POLR3E,1
REST,POU2F1,1
REST,RARG,1
REST,RRM2,1
REST,RSU1,1
REST,SKA3,1
REST,SOX11,1
REST,TGIF1,1
REST,THYN1,1
REST,TRIM27,1
REST,UTP18,1
REST,VTN,1
REST,WDR74,1
REST,ZIC2,1
REST,ZNF74,1
REST,ZNHIT3,1
RFC1,BRCA1,1
RFC1,CCND1,1
RFC1,CDK4,1
RFC1,CEBPA,1
RFC1,HDAC1,1
RFC1,PCNA,1
RFC1,RFC2,1
RFX5,RFXANK,1
RFXANK,RFX5,1
RNF2,PCGF6,1
RNF4,HMGA1,1
RNPS1,SRSF6,1
RREB1,ACADVL,1
RREB1,AEBP1,1
RREB1,AES,1
RREB1,B4GALT3,1
RREB1,BCL11A,1
RREB1,BCOR,1
RREB1,CAPN12,1
RREB1,CDCA3,1
RREB1,CHD8,1
RREB1,DDIT3,1
RREB1,DGAT1,1
RREB1,DNMT3B,1
RREB1,G6PC3,1
RREB1,H1F0,1
RREB1,HNRNPUL1,1
RREB1,KNTC1,1
RREB1,MAZ,1
RREB1,NFIB,1
RREB1,NR3C1,1
RREB1,OAZ2,1
RREB1,PBX1,1
RREB1,SIRT2,1
RREB1,SOX11,1
RREB1,SP4,1
RREB1,SUPT16H,1
RREB1,TRERF1,1
RREB1,TRIM27,1
RREB1,VEZF1,1
RREB1,ZIC2,1
RREB1,ZNF581,1
RUNX1T1,CEBPA,1
RUNX1T1,HDAC1,1
RUNX1T1,ID3,1
RUNX1T1,TAF9B,1
RUNX1T1,TCF3,1
RUNX1T1,TCF4,1
RUNX1T1,WBP11,1
RUNX1T1,ZBTB16,1
RUVBL1,ACTL6A,1
RUVBL1,DKC1,1
RUVBL1,RUVBL2,1
RUVBL1,TCF7L1,1
RUVBL2,DPCD,1
RUVBL2,HDAC1,1
RUVBL2,RUVBL1,1
SALL2,EWSR1,1
SIRT1,FOXO1,1
SIRT1,HIST1H1B,1
SIRT1,HNF4A,1
SIRT1,NR1H3,1
SKIL,ASCC3,1
SKIL,C12ORF10,1
SKIL,PIAS3,1
SKIL,SMAD2,1
SKIL,SMAD3,1
SKIL,TDP2,1
SKIL,TTF2,1
SKIL,XRCC6,1
SKIL,ZBTB3,1
SMAD2,BRCA1,1
SMAD2,CDK4,1
SMAD2,COPS5,1
SMAD2,DAB2,1
SMAD2,E2F4,1
SMAD2,E2F5,1
SMAD2,EEF1A1,1
SMAD2,FOXH1,1
SMAD2,GATAD2B,1
SMAD2,GTF2I,1
SMAD2,HDAC1,1
SMAD2,HIPK2,1
SMAD2,HNF4A,1
SMAD2,JUN,1
SMAD2,KHDRBS1,1
SMAD2,LITAF,1
SMAD2,MAPK1,1
SMAD2,MEF2C,1
SMAD2,MYC,1
SMAD2,NCOA6,1
SMAD2,PAPOLA,1
SMAD2,PIAS3,1
SMAD2,PITX2,1
SMAD2,RAB34,1
SMAD2,SKIL,1
SMAD2,SMAD3,1
SMAD2,TFDP1,1
SMAD2,TGIF1,1
SMAD2,TNNT1,1
SMAD2,TP53,1
SMAD3,AKR1B1,1
SMAD3,ANKRD1,1
SMAD3,APOB,1
SMAD3,ATF3,1
SMAD3,BRCA1,1
SMAD3,BRCA2,1
SMAD3,CCL2,1
SMAD3,CDK4,1
SMAD3,DAB2,1
SMAD3,DDX5,1
SMAD3,E2F4,1
SMAD3,E2F5,1
SMAD3,EPAS1,1
SMAD3,ETS1,1
SMAD3,FOXH1,1
SMAD3,FOXO1,1
SMAD3,GMEB1,1
SMAD3,HMGA2,1
SMAD3,HNF4A,1
SMAD3,JUND,1
SMAD3,LAMC1,1
SMAD3,MAPK1,1
SMAD3,MTF2,1
SMAD3,NCOA6,1
SMAD3,NR3C1,1
SMAD3,PIAS3,1
SMAD3,PITX2,1
SMAD3,RARG,1
SMAD3,SKIL,1
SMAD3,SMAD2,1
SMAD3,TFDP1,1
SMAD3,TFE3,1
SMAD3,TGIF2,1
SMAD3,TP53,1
SMAD3,XRCC6,1
SMAD3,YBX1,1
SMAD3,ZBTB16,1
SMAD3,ZDHHC4,1
SMAD5,BMPR1A,1
SMAD5,ID2,1
SMAD5,ID3,1
SMAD5,MAPK1,1
SMAD5,SUV39H2,1
SMARCA4,ACTL6A,1
SMARCA4,AHR,1
SMARCA4,ARID2,1
SMARCA4,BRCA1,1
SMARCA4,CREB1,1
SMARCA4,NR3C1,1
SMARCA4,PAX6,1
SMARCA4,SMARCC1,1
SMARCA4,SMARCE1,1
SMARCA4,STAT2,1
SMARCA4,TP53,1
SMARCA5,CREB1,1
SMARCA5,DNMT3B,1
SMARCA5,HDAC2,1
SMARCA5,MAF,1
SMARCC1,NR3C1,1
SMARCC1,SMARCA4,1
SMARCE1,ARID2,1
SMARCE1,NCOA1,1
SMARCE1,NR3C1,1
SMARCE1,SMARCA4,1
SNRPB,DDX20,1
SNRPB,PRMT5,1
SNRPB,SNRPD1,1
SNRPD1,DDX20,1
SNRPD1,GEMIN2,1
SNRPD1,PRMT5,1
SNRPD1,SNRPB,1
SOX2,POU2F1,1
SOX2,POU5F1,1
SP100,CBX3,1
SP100,HIPK2,1
SP4,CDKN1A,1
SRF,ACADVL,1
SRF,ACOT7,1
SRF,ACTC1,1
SRF,ANXA3,1
SRF,APOA2,1
SRF,ASL,1
SRF,ATF3,1
SRF,BZW2,1
SRF,CBX3,1
SRF,CCDC82,1
SRF,CCL2,1
SRF,CDKN1A,1
SRF,CHD8,1
SRF,CHEK1,1
SRF,CREG1,1
SRF,DDAH1,1
SRF,EGR1,1
SRF,EHMT2,1
SRF,ELL2,1
SRF,ETV4,1
SRF,EXOSC9,1
SRF,FEN1,1
SRF,FOSB,1
SRF,FOSL2,1
SRF,FOXP1,1
SRF,GATA4,1
SRF,GLIPR2,1
SRF,GPC3,1
SRF,GTF2I,1
SRF,H1F0,1
SRF,HIST1H1B,1
SRF,HMGA1,1
SRF,IL32,1
SRF,ISG15,1
SRF,ITIH4,1
SRF,JUND,1
SRF,MATR3,1
SRF,MUSTN1,1
SRF,NCOA1,1
SRF,NEIL2,1
SRF,NNAT,1
SRF,NR2F2,1
SRF,NR2F6,1
SRF,PAPOLA,1
SRF,PAX6,1
SRF,PBX1,1
SRF,PDCD11,1
SRF,PDGFA,1
SRF,PRDM1,1
SRF,RHOBTB3,1
SRF,RNF19A,1
SRF,RSU1,1
SRF,SSRP1,1
SRF,TADA3,1
SRF,TAF5,1
SRF,TCF3,1
SRF,TCF4,1
SRF,TTC39C,1
SRF,TUBB6,1
SRF,UTRN,1
SRF,ZFP36,1
SRF,ZIC3,1
SRF,ZNF644,1
SRF,ZNF93,1
SRRM1,DEK,1
SRSF1,GEMIN2,1
SRSF1,PSIP1,1
SRSF1,TCERG1,1
SRSF1,U2AF1,1
SRSF2,GEMIN2,1
SRSF2,U2AF1,1
SRSF2,ZRANB2,1
SRSF3,GEMIN2,1
SRSF3,HNRNPK,1
SRSF6,RNPS1,1
SSBP2,EWSR1,1
SSRP1,MCM4,1
SSRP1,MYCBP,1
SSRP1,SRF,1
STAT2,ACADVL,1
STAT2,AEBP1,1
STAT2,AMBP,1
STAT2,ANAPC4,1
STAT2,ASPH,1
STAT2,BCOR,1
STAT2,C3ORF14,1
STAT2,CCND1,1
STAT2,CIDEB,1
STAT2,DCLRE1C,1
STAT2,DEDD,1
STAT2,EGR1,1
STAT2,EHMT2,1
STAT2,ETV5,1
STAT2,F3,1
STAT2,FGA,1
STAT2,FOXP1,1
STAT2,HDAC1,1
STAT2,ID3,1
STAT2,IRF9,1
STAT2,ITIH4,1
STAT2,JUN,1
STAT2,KLF5,1
STAT2,MED14,1
STAT2,MTUS1,1
STAT2,MYC,1
STAT2,NR3C1,1
STAT2,ORC4,1
STAT2,PIAS2,1
STAT2,PIAS3,1
STAT2,PRDM1,1
STAT2,RARG,1
STAT2,RFX5,1
STAT2,SERTAD3,1
STAT2,SMARCA4,1
STAT2,SSBP2,1
STAT2,TCF4,1
STAT2,TFAP2C,1
STAT2,TFDP2,1
STAT2,UTRN,1
STAT2,VCAN,1
STAT2,VRK1,1
STAT2,ZBTB3,1
STAT2,ZFHX3,1
SUB1,HNF4A,1
SUB1,PCNA,1
SUPT16H,MCM3,1
SUPT16H,MCM4,1
SUV39H2,EWSR1,1
SUV39H2,SMAD5,1
TADA3,ING5,1
TADA3,TP53,1
TAF11,TAF5,1
TAF11,TAF6,1
TAF11,TAF7,1
TAF1A,TAF1B,1
TAF1A,TP53,1
TAF1B,MYC,1
TAF1B,TAF1A,1
TAF1B,TP53,1
TAF5,GTF2F2,1
TAF5,TAF11,1
TAF5,TAF6,1
TAF5,TAF7,1
TAF6,GTF2E1,1
TAF6,TAF11,1
TAF6,TAF5,1
TAF6,TAF7,1
TAF7,AHR,1
TAF7,TAF11,1
TAF7,TAF5,1
TAF7,TAF6,1
TAF9B,DRAP1,1
TAF9B,RUNX1T1,1
TAF9B,TP53,1
TARDBP,ZHX1,1
TCEA1,GTF2E1,1
TCEB1,EPAS1,1
TCEB1,TCEB2,1
TCEB2,EPAS1,1
TCEB2,TCEB1,1
TCEB2,TCEB3,1
TCEB3,MED21,1
TCEB3,TCEB2,1
TCERG1,CHAF1A,1
TCERG1,NPM1,1
TCERG1,SRSF1,1
TCF3,ACADVL,1
TCF3,ADSL,1
TCF3,AEBP1,1
TCF3,APEH,1
TCF3,ARL6IP6,1
TCF3,CAPG,1
TCF3,DDIT3,1
TCF3,DNMT3A,1
TCF3,DPCD,1
TCF3,DPEP1,1
TCF3,DPYSL2,1
TCF3,DRAP1,1
TCF3,ELAVL2,1
TCF3,EOMES,1
TCF3,EPAS1,1
TCF3,ETS1,1
TCF3,ETV4,1
TCF3,EYA3,1
TCF3,FOXP1,1
TCF3,GPM6B,1
TCF3,HNF4A,1
TCF3,ID2,1
TCF3,ID3,1
TCF3,LAPTM4B,1
TCF3,MAPK1,1
TCF3,MEF2C,1
TCF3,NAA15,1
TCF3,NUDT1,1
TCF3,NUP93,1
TCF3,PIM2,1
TCF3,PITX2,1
TCF3,POLR1D,1
TCF3,PPARA,1
TCF3,PPFIBP2,1
TCF3,PPT1,1
TCF3,RNF19A,1
TCF3,RUNX1T1,1
TCF3,SHISA2,1
TCF3,SMAD5,1
TCF3,SRF,1
TCF3,SSBP3,1
TCF3,TFDP2,1
TCF3,TGIF1,1
TCF3,TPD52L1,1
TCF3,ZBTB16,1
TCF3,ZRANB2,1
TCF4,DDIT3,1
TCF4,EGF,1
TCF4,EOMES,1
TCF4,EYA3,1
TCF4,GNRH2,1
TCF4,HMGA1,1
TCF4,ID2,1
TCF4,ID3,1
TCF4,NAA15,1
TCF4,PARP1,1
TCF4,RNF19A,1
TCF4,RNF4,1
TCF4,RUNX1T1,1
TCF4,SMAD3,1
TCF4,SMAD5,1
TCF4,XRCC5,1
TCF4,XRCC6,1
TCF7L1,BIRC5,1
TCF7L1,CCND1,1
TCF7L1,CTBP1,1
TCF7L1,FOSL1,1
TCF7L1,JUN,1
TCF7L1,MYC,1
TCF7L1,RUVBL1,1
TCOF1,PCNA,1
TEAD2,NCOA1,1
TFAP2C,ABT1,1
TFAP2C,ACADVL,1
TFAP2C,ACOT7,1
TFAP2C,ACTC1,1
TFAP2C,ACY1,1
TFAP2C,AIMP2,1
TFAP2C,ANKRD1,1
TFAP2C,ANLN,1
TFAP2C,APEH,1
TFAP2C,APOA2,1
TFAP2C,ASCC3,1
TFAP2C,ASNS,1
TFAP2C,ASPH,1
TFAP2C,ATF3,1
TFAP2C,ATP1B3,1
TFAP2C,BRCA2,1
TFAP2C,BST2,1
TFAP2C,BUB1B,1
TFAP2C,C19ORF48,1
TFAP2C,C1GALT1,1
TFAP2C,CDCA7L,1
TFAP2C,CDX2,1
TFAP2C,CEBPD,1
TFAP2C,CKS2,1
TFAP2C,COPS5,1
TFAP2C,CTBP1,1
TFAP2C,DDAH1,1
TFAP2C,DDX5,1
TFAP2C,DDX54,1
TFAP2C,DPH5,1
TFAP2C,DSN1,1
TFAP2C,DUT,1
TFAP2C,EED,1
TFAP2C,EFNA1,1
TFAP2C,EOMES,1
TFAP2C,F2RL1,1
TFAP2C,FOSL2,1
TFAP2C,FOXH1,1
TFAP2C,FOXO1,1
TFAP2C,FUCA1,1
TFAP2C,GALM,1
TFAP2C,GATA6,1
TFAP2C,GNPNAT1,1
TFAP2C,GSN,1
TFAP2C,H1F0,1
TFAP2C,HMGA1,1
TFAP2C,HMGCL,1
TFAP2C,HNRNPH2,1
TFAP2C,HNRNPR,1
TFAP2C,HPRT1,1
TFAP2C,ID3,1
TFAP2C,IL6ST,1
TFAP2C,IRF1,1
TFAP2C,ISG15,1
TFAP2C,ITGB5,1
TFAP2C,ITIH4,1
TFAP2C,JARID2,1
TFAP2C,JUND,1
TFAP2C,KAT7,1
TFAP2C,LAMB2,1
TFAP2C,LGALS3,1
TFAP2C,LHX1,1
TFAP2C,LITAF,1
TFAP2C,MATR3,1
TFAP2C,MAZ,1
TFAP2C,MCM2,1
TFAP2C,MCM3,1
TFAP2C,MELK,1
TFAP2C,MEST,1
TFAP2C,MTMR2,1
TFAP2C,NCAPG,1
TFAP2C,NEK2,1
TFAP2C,NOTCH3,1
TFAP2C,NPRL2,1
TFAP2C,NR1H3,1
TFAP2C,NR2F6,1
TFAP2C,NR3C1,1
TFAP2C,NSD1,1
TFAP2C,ORC2,1
TFAP2C,PARP1,1
TFAP2C,PDZK1,1
TFAP2C,PLAGL2,1
TFAP2C,PMS1,1
TFAP2C,POLR1C,1
TFAP2C,POLR2K,1
TFAP2C,POLR2L,1
TFAP2C,POU2F1,1
TFAP2C,POU5F1,1
TFAP2C,PRC1,1
TFAP2C,PTMA,1
TFAP2C,PYGL,1
TFAP2C,RAI14,1
TFAP2C,RBPJ,1
TFAP2C,REST,1
TFAP2C,RNF2,1
TFAP2C,RRM2,1
TFAP2C,RUVBL2,1
TFAP2C,S100A6,1
TFAP2C,SDAD1,1
TFAP2C,SERTAD3,1
TFAP2C,SGK1,1
TFAP2C,SHMT2,1
TFAP2C,SKIL,1
TFAP2C,SLC38A2,1
TFAP2C,SLC7A7,1
TFAP2C,SMARCC1,1
TFAP2C,SMARCD2,1
TFAP2C,SRF,1
TFAP2C,SSBP2,1
TFAP2C,STC1,1
TFAP2C,SULT1A2,1
TFAP2C,TAF11,1
TFAP2C,TARBP2,1
TFAP2C,TBL1X,1
TFAP2C,TEAD2,1
TFAP2C,TEAD4,1
TFAP2C,TERF1,1
TFAP2C,TFRC,1
TFAP2C,TGIF1,1
TFAP2C,THYN1,1
TFAP2C,TMEM37,1
TFAP2C,TNNI3,1
TFAP2C,TOP2A,1
TFAP2C,TP53,1
TFAP2C,TPM2,1
TFAP2C,TRERF1,1
TFAP2C,TRIM25,1
TFAP2C,TUBB6,1
TFAP2C,UBE2C,1
TFAP2C,UTP18,1
TFAP2C,WDR54,1
TFAP2C,YARS,1
TFAP2C,YBX1,1
TFAP2C,ZDHHC4,1
TFAP2C,ZHX1,1
TFAP2C,ZIC2,1
TFAP2C,ZNF143,1
TFAP2C,ZNF766,1
TFDP1,E2F3,1
TFDP1,E2F4,1
TFDP1,E2F5,1
TFDP1,MYC,1
TFDP1,SMAD2,1
TFDP1,SMAD3,1
TFDP2,E2F3,1
TFDP2,E2F4,1
TFDP2,MYC,1
TFE3,E2F3,1
TFE3,SMAD3,1
TGIF1,ACTC1,1
TGIF1,CREB3L2,1
TGIF1,CTBP1,1
TGIF1,EEF1A1,1
TGIF1,EEF1E1,1
TGIF1,ELAVL2,1
TGIF1,GPC3,1
TGIF1,HDAC1,1
TGIF1,ID2,1
TGIF1,IQGAP2,1
TGIF1,IRF1,1
TGIF1,IVNS1ABP,1
TGIF1,JAZF1,1
TGIF1,JUN,1
TGIF1,MAPK1,1
TGIF1,MEF2C,1
TGIF1,NR2F6,1
TGIF1,PRMT5,1
TGIF1,SMAD2,1
TGIF1,SRSF6,1
TGIF1,SSRP1,1
TGIF1,TGIF2,1
TGIF1,WARS,1
TGIF2,HDAC1,1
TGIF2,SMAD3,1
THRB,BTG1,1
THRB,CCND1,1
THRB,COPS2,1
THRB,FOXO1,1
THRB,HDAC2,1
THRB,HMGN3,1
THRB,JMJD1C,1
THRB,MED21,1
THRB,NCOA1,1
THRB,NCOA6,1
THRB,NR2F6,1
THRB,NRIP1,1
THRB,TP53,1
THRB,TRIP13,1
THRB,ZNHIT3,1
TIMELESS,CHEK1,1
TIMELESS,TIPIN,1
TOP2B,HDAC1,1
TOP2B,TOP2A,1
TOP2B,TP53,1
TOP2B,XRCC5,1
TOPORS,CREB3L4,1
TOPORS,DPCD,1
TOPORS,ELAVL2,1
TOPORS,EOMES,1
TOPORS,FEN1,1
TOPORS,FOSB,1
TOPORS,FOXP1,1
TOPORS,ITGB3BP,1
TOPORS,LAMB1,1
TOPORS,PITX2,1
TOPORS,SALL2,1
TOPORS,SMARCC1,1
TOPORS,SP4,1
TOPORS,TCF4,1
TOPORS,TP53,1
TP53,ANXA3,1
TP53,APEX1,1
TP53,AURKA,1
TP53,BLM,1
TP53,BRIX1,1
TP53,BTG1,1
TP53,CEBPA,1
TP53,CEBPZ,1
TP53,COPS2,1
TP53,COPS5,1
TP53,DAXX,1
TP53,DDIT4,1
TP53,DDX5,1
TP53,DEDD,1
TP53,DPF2,1
TP53,E2F4,1
TP53,E2F5,1
TP53,EEF1A1,1
TP53,EHMT2,1
TP53,ESRG,1
TP53,ETS1,1
TP53,ETV4,1
TP53,ETV5,1
TP53,FAM64A,1
TP53,HDAC1,1
TP53,HDAC2,1
TP53,HMGB2,1
TP53,HMGN2,1
TP53,HNRNPUL1,1
TP53,ING5,1
TP53,KLF6,1
TP53,KPNA2,1
TP53,LGALS3,1
TP53,LHX1,1
TP53,LITAF,1
TP53,MAPK1,1
TP53,MCM2,1
TP53,MSH2,1
TP53,MST1,1
TP53,NFIB,1
TP53,NFYB,1
TP53,NOP16,1
TP53,NPM1,1
TP53,NPRL2,1
TP53,NR3C1,1
TP53,PAFAH1B3,1
TP53,PARP1,1
TP53,PCNA,1
TP53,PEG3,1
TP53,PPFIBP2,1
TP53,PPP1R7,1
TP53,PREB,1
TP53,PRIM1,1
TP53,RAD51,1
TP53,RRM2,1
TP53,S100A6,1
TP53,SALL3,1
TP53,SIRT1,1
TP53,SMAD2,1
TP53,SMARCA4,1
TP53,SOX4,1
TP53,STMN1,1
TP53,TADA3,1
TP53,TAF1A,1
TP53,TAF1B,1
TP53,TAF5,1
TP53,TAF9B,1
TP53,TCF7L1,1
TP53,TFAP2C,1
TP53,TFDP1,1
TP53,TFRC,1
TP53,TGIF1,1
TP53,THRB,1
TP53,TK1,1
TP53,TOP2A,1
TP53,TOP2B,1
TP53,TOPORS,1
TP53,TRERF1,1
TP53,USP7,1
TP53,VRK1,1
TP53,XRCC5,1
TP53,XRCC6,1
TP53,YBX1,1
TP53,ZBTB3,1
TP53,ZHX1,1
TP53,ZNF581,1
TRIM22,USP7,1
TRIM27,DNMT1,1
TRIM27,HDAC1,1
TRIM27,ZBTB16,1
TRIM28,CBX3,1
TRIM28,CHAF1A,1
TRIM28,NR3C1,1
TRIM28,ZNF354A,1
TRIM28,ZNF74,1
TRIP13,NIF3L1,1
TRIP13,THRB,1
TRIP13,WDYHV1,1
TTF2,DRAP1,1
TTF2,MATR3,1
TTF2,MYBL2,1
TTF2,SKIL,1
WBP11,RUNX1T1,1
XBP1,AATF,1
XBP1,CAMK2D,1
XBP1,DDAH1,1
XBP1,DNMT3A,1
XBP1,DRAP1,1
XBP1,ELAVL2,1
XBP1,ELF1,1
XBP1,FOXP1,1
XBP1,HNRNPH2,1
XBP1,LIN28A,1
XBP1,MCM2,1
XBP1,MCM6,1
XBP1,NCOA6,1
XBP1,NR2F2,1
XBP1,NSD1,1
XBP1,P4HA2,1
XBP1,RARG,1
XBP1,RUNX1T1,1
XBP1,SRSF1,1
XBP1,SRSF2,1
XBP1,STMN1,1
XBP1,TGIF1,1
XBP1,TRIM25,1
XBP1,ZBTB16,1
XRCC5,NAA15,1
XRCC5,NCOA6,1
XRCC5,ORC2,1
XRCC5,PARP1,1
XRCC5,PCNA,1
XRCC5,SGOL1,1
XRCC5,TCF4,1
XRCC5,TOP2B,1
XRCC5,XRCC6,1
XRCC6,APEX1,1
XRCC6,CDKN1A,1
XRCC6,CHEK1,1
XRCC6,EGFR,1
XRCC6,NAA15,1
XRCC6,NCOA6,1
XRCC6,PAFAH1B3,1
XRCC6,PARP1,1
XRCC6,PCNA,1
XRCC6,POU2F1,1
XRCC6,PTTG1,1
XRCC6,RBBP4,1
XRCC6,SGOL1,1
XRCC6,SKIL,1
XRCC6,SMAD3,1
XRCC6,TCF4,1
XRCC6,TP53,1
XRCC6,XRCC5,1
YAF2,GABPB1,1
YAF2,MYCN,1
YBX1,HNRNPD,1
YBX1,HNRNPK,1
YBX1,MAPK1,1
YBX1,NFYB,1
YBX1,PCNA,1
YBX1,SMAD3,1
YBX1,TP53,1
ZBTB16,CDK1,1
ZBTB16,CEP70,1
ZBTB16,EEF1A1,1
ZBTB16,FHL2,1
ZBTB16,HDAC1,1
ZBTB16,NR3C1,1
ZBTB16,PAFAH1B3,1
ZBTB16,PMAIP1,1
ZBTB16,RUNX1T1,1
ZBTB16,SMAD3,1
ZBTB16,TERF1,1
ZBTB16,TRIM27,1
ZBTB3,SKIL,1
ZFHX3,PIAS3,1
ZFP36,MAPK1,1
ZHX1,PAFAH1B3,1
ZHX1,TARDBP,1
ZHX1,TERF1,1
ZHX1,TP53,1
ZIC2,BSCL2,1
ZIC2,CETN3,1
ZIC2,CSDE1,1
ZIC2,GATA6,1
ZIC2,GLI1,1
ZIC2,GLI2,1
ZIC2,HPX,1
ZIC2,JAG1,1
ZIC2,NR2F2,1
ZIC2,PLAGL2,1
ZIC2,PPFIBP2,1
ZIC2,RARG,1
ZIC2,RUNX1T1,1
ZIC2,SSRP1,1
ZIC2,TPD52L1,1
ZIC2,TRERF1,1
ZNF354A,TRIM28,1
ZNF638,FHL2,1
ZNF74,TRIM28,1
ZNHIT3,HNF4A,1
ZNHIT3,THRB,1
ZNRD1,NONO,1
ZRANB2,SRSF2,1
ZRANB2,U2AF1,1
CEBPA,ACOX2,1
CEBPA,ALDH1A1,1
CEBPA,APOC3,1
CEBPA,CAMK2D,1
CEBPA,DNAH14,1
CEBPA,EGFR,1
CEBPA,EPAS1,1
CEBPA,FAM13A,1
CEBPA,FOXA2,1
CEBPA,HIPK2,1
CEBPA,JAZF1,1
CEBPA,JMJD1C,1
CEBPA,LAMB1,1
CEBPA,LITAF,1
CEBPA,MTUS1,1
CEBPA,NFIB,1
CEBPA,PLIN2,1
CEBPA,PRKCE,1
CEBPA,PYGL,1
CEBPA,RBPJ,1
CEBPA,RHOBTB3,1
CEBPA,RREB1,1
CEBPA,SGK1,1
CEBPA,SIL1,1
CEBPA,SMAD3,1
CEBPA,THOC1,1
CEBPA,TNFAIP3,1
CEBPA,UTRN,1
CEBPA,ZBTB16,1
E2F4,BCOR,1
E2F4,BRCA2,1
E2F4,BRIP1,1
E2F4,CENPU,1
E2F4,DDX39A,1
E2F4,DLGAP5,1
E2F4,DROSHA,1
E2F4,E2F8,1
E2F4,EPAS1,1
E2F4,FOXM1,1
E2F4,HELLS,1
E2F4,HIST1H1C,1
E2F4,HNRNPAB,1
E2F4,ING5,1
E2F4,KIAA0101,1
E2F4,MMS22L,1
E2F4,NR3C1,1
E2F4,NUSAP1,1
E2F4,P4HA2,1
E2F4,POU2F1,1
E2F4,RAD54B,1
E2F4,RRM2,1
E2F4,SLC38A1,1
E2F4,SMARCA5,1
E2F4,TAF5,1
E2F4,TIMM21,1
E2F4,TRIM28,1
E2F4,TRIP13,1
E2F4,TTF2,1
E2F4,UBE2C,1
E2F4,UBE2T,1
E2F4,ZFYVE21,1
E2F7,E2F8,1
EGR1,AES,1
EGR1,APEX1,1
EGR1,DNMT3A,1
EGR1,FAM13A,1
EGR1,FOSL1,1
EGR1,IRF1,1
EGR1,KLF5,1
EGR1,MYC,1
EGR1,NFIB,1
EGR1,NOTCH3,1
EGR1,SPP1,1
EGR1,TCF3,1
EGR1,TGIF1,1
EGR1,ZNF638,1
EPAS1,DDIT4,1
EPAS1,FAM13A,1
EPAS1,POU5F1,1
ETS1,BCOR,1
ETS1,CD9,1
ETS1,DDIT4,1
ETS1,DNMT1,1
ETS1,DPYSL2,1
ETS1,E2F3,1
ETS1,EEF1A1,1
ETS1,EPAS1,1
ETS1,FOXP1,1
ETS1,GSN,1
ETS1,HDGF,1
ETS1,HMGN4,1
ETS1,HNRNPUL1,1
ETS1,ID3,1
ETS1,ING1,1
ETS1,ITGB5,1
ETS1,JMJD1C,1
ETS1,KLF6,1
ETS1,NFIB,1
ETS1,PRKCE,1
ETS1,PTMA,1
ETS1,RAD51,1
ETS1,RAI14,1
ETS1,RARG,1
ETS1,RBM39,1
ETS1,RNASE4,1
ETS1,SGK1,1
ETS1,SLC38A2,1
ETS1,SMOX,1
ETS1,SSBP3,1
ETS1,TCF4,1
ETS1,TGIF1,1
ETS1,TGIF2,1
ETS1,UTRN,1
ETS1,ZFP36,1
FOSL2,TGIF1,1
FOXA1,APOA1,1
FOXA1,BRIP1,1
FOXA1,CAMK2D,1
FOXA1,CEBPA,1
FOXA1,EGFR,1
FOXA1,ERBB4,1
FOXA1,FAM13A,1
FOXA1,GLIS3,1
FOXA1,GULP1,1
FOXA1,ICA1,1
FOXA1,IQGAP2,1
FOXA1,JARID2,1
FOXA1,JAZF1,1
FOXA1,JMJD1C,1
FOXA1,KDM4C,1
FOXA1,LMO7,1
FOXA1,MEF2C,1
FOXA1,MTUS1,1
FOXA1,NFIB,1
FOXA1,PAWR,1
FOXA1,PBX1,1
FOXA1,POU2F1,1
FOXA1,PPFIBP2,1
FOXA1,PRKCE,1
FOXA1,RBPJ,1
FOXA1,SCAPER,1
FOXA1,SIL1,1
FOXA1,SLC38A1,1
FOXA1,SSBP2,1
FOXA1,TFPI,1
FOXA1,TPD52L1,1
FOXA1,TTR,1
FOXA1,UTRN,1
FOXA1,ZBTB16,1
FOXA2,TTR,1
FOXM1,AURKB,1
FOXM1,BIRC5,1
FOXM1,BRCA2,1
FOXM1,CCND1,1
FOXM1,CDKN1A,1
FOXM1,CDX2,1
FOXM1,CENPF,1
FOXM1,CKS1B,1
FOXM1,PLK1,1
FOXM1,PPFIBP2,1
FOXO1,CCNB1,1
FOXO1,CCNB2,1
FOXO1,CCND1,1
FOXO1,CDKN1A,1
FOXO1,MCM5,1
FOXO1,SEPP1,1
FOXP1,BCL11A,1
FOXP1,CAMK2D,1
FOXP1,CDKN1A,1
FOXP1,FAM13A,1
FOXP1,GLIS3,1
FOXP1,KDM4C,1
FOXP1,LAMC1,1
FOXP1,PARP1,1
FOXP1,PMAIP1,1
FOXP1,POU2F1,1
FOXP1,RBPJ,1
FOXP1,SMARCC1,1
FOXP1,SSBP2,1
FOXP1,TCF4,1
FOXP1,UTRN,1
FOXP1,ZBTB16,1
GLI2,PCNA,1
HNF4A,ACOT7,1
HNF4A,AGT,1
HNF4A,ALDH1A1,1
HNF4A,ANXA4,1
HNF4A,BCOR,1
HNF4A,CAMK2D,1
HNF4A,CDX2,1
HNF4A,CTSE,1
HNF4A,DPYSL2,1
HNF4A,EGFR,1
HNF4A,EPAS1,1
HNF4A,ETV4,1
HNF4A,F2,1
HNF4A,FAM13A,1
HNF4A,FGA,1
HNF4A,FHL2,1
HNF4A,G6PC3,1
HNF4A,GATA4,1
HNF4A,GLIS3,1
HNF4A,IQGAP2,1
HNF4A,ITGB5,1
HNF4A,KDM4C,1
HNF4A,LMO7,1
HNF4A,NFIB,1
HNF4A,NFKBIZ,1
HNF4A,PEMT,1
HNF4A,PPFIBP2,1
HNF4A,PRKCE,1
HNF4A,RHOBTB3,1
HNF4A,SEPP1,1
HNF4A,SIL1,1
HNF4A,SLC35D2,1
HNF4A,SSBP3,1
HNF4A,SULF2,1
HNF4A,TBL1X,1
HNF4A,TMEM37,1
HNF4A,USP7,1
HNF4A,UTRN,1
HNF4A,ZBTB16,1
HNF4A,ZFHX3,1
MAZ,MYC,1
MEF2C,TCF4,1
MYCN,EGFR,1
NFYB,CCNB1,1
NFYB,CRYZL1,1
NFYB,PCNA,1
NR2F2,APOA1,1
NR2F2,APOA2,1
NR2F2,APOB,1
NR2F2,APOC2,1
NR2F2,APOC3,1
NR2F2,HNF4A,1
NR2F2,TF,1
NR3C1,NR1I3,1
PAX6,NANOG,1
PAX6,POU5F1,1
PRDM14,BCL11A,1
PRDM14,BCOR,1
PRDM14,CD9,1
PRDM14,DNMT3A,1
PRDM14,FOSL2,1
PRDM14,GLI2,1
PRDM14,NFATC2,1
PRDM14,PTMA,1
PRDM14,RAB25,1
PRDM14,TCF7L1,1
SMAD3,GLIS3,1
SOX2,BBS9,1
SOX2,DNAH14,1
SOX2,ERBB4,1
SOX2,ETV1,1
SOX2,FAM13A,1
SOX2,FOXP1,1
SOX2,GLI2,1
SOX2,JAG1,1
SOX2,JMJD1C,1
SOX2,KDM4C,1
SOX2,LDB2,1
SOX2,MAP1B,1
SOX2,NANOG,1
SOX2,RBPJ,1
STAT2,BST2,1
TFAP2C,BCOR,1
TFAP2C,BRIP1,1
TFAP2C,EHMT1,1
TFAP2C,FOXA1,1
TFAP2C,FOXP1,1
TFAP2C,MTUS1,1
TFAP2C,MYC,1
TFAP2C,NFATC2,1
TFAP2C,PBX1,1
TFAP2C,PPFIBP2,1
TFAP2C,PRKCE,1
TFAP2C,RREB1,1
TFAP2C,SIL1,1
TFAP2C,SLC38A1,1
TFAP2C,SMAD3,1
TFAP2C,SSBP3,1
TFAP2C,SULF2,1
TFAP2C,TFF1,1
TFAP2C,TPD52L1,1
TFAP2C,UTRN,1
TFAP2C,ZFHX3,1
TFAP2C,ZNF217,1
TFDP1,HNRNPUL1,1
TFDP1,PTMA,1
TP53,AEBP2,1
TP53,ANXA4,1
TP53,ASCC3,1
TP53,AXL,1
TP53,CAMK2D,1
TP53,DERA,1
TP53,DTWD1,1
TP53,ERBB4,1
TP53,FHL2,1
TP53,FOXP1,1
TP53,GSN,1
TP53,KDM4C,1
TP53,MED4,1
TP53,PRDM1,1
TP53,PRKCE,1
TP53,RBPJ,1
TP53,RRM1,1
TP53,SULF2,1
TP53,UQCC1,1
TP53,UTRN,1
MYCN,MAD2L1,0
ORC2,SLC7A3,0
XBP1,ITGB3BP,0
TBX3,NR1H3,0
GATAD2B,MLF1,0
ZNF638,C11ORF1,0
ID3,DKC1,0
BIN1,ARL6IP6,0
KNTC1,MSH2,0
MAPK1,MATR3,0
ILF2,UQCC1,0
PHB2,AEBP2,0
PTMA,BRIX1,0
SUPT16H,FOSL2,0
FOXO1,QTRTD1,0
SP100,ZNF74,0
FOSL1,ADSL,0
AEBP1,ZNF638,0
POLR2L,SNRPB,0
NR1H3,TIMELESS,0
HNRNPK,COMMD3,0
YEATS4,HDAC1,0
SRRM1,FOXA1,0
REST,SERPIND1,0
XBP1,PRC1,0
PTTG1,ELL2,0
BCL11B,TFPI,0
TNFAIP3,WDR43,0
JARID2,ACY1,0
HTATSF1,DPH5,0
SUPT16H,PPIL1,0
MAZ,KLF3,0
POU2F1,CDCA7L,0
TCERG1,SEMA3E,0
TRIM28,GULP1,0
ILF3,PAK1IP1,0
POLR1E,ID2,0
DR1,TTF2,0
RAD54B,CTBP1,0
ZFP36,UCP2,0
MCM6,FAM64A,0
TCEB2,PEG3,0
CSDE1,ACTL6A,0
FOSL1,BBS9,0
CEBPD,CCNB1,0
GATAD2B,TNNT1,0
TFE3,SKA3,0
HCFC1,SULT1A2,0
POLR2D,STC1,0
DAB2,ORC2,0
XRCC5,IFITM2,0
MAPK1,PEMT,0
FOXA2,GALM,0
CBX3,ECD,0
ZNHIT3,GTF3C2,0
NR3C1,ZFP42,0
PCGF6,SERTAD3,0
SRF,KAT7,0
SRSF6,CEBPD,0
KDM4C,HNF4A,0
POLR1E,PEG3,0
RBM39,ITGB5,0
RREB1,SULF2,0
MTF2,ATIC,0
TCEB3,ALDH1A1,0
WBP11,WDHD1,0
NCOA6,ELF1,0
RUVBL2,LCP1,0
SMAD5,CTSE,0
GTF3C2,KDM4C,0
SSBP2,APOA2,0
TOPORS,RAD54B,0
KHDRBS1,EWSR1,0
TOP2B,CBR1,0
IRF3,ZHX1,0
RNPS1,CREB3L2,0
RBBP7,TP53,0
DRAP1,CCL2,0
DDX54,AEBP2,0
ESPL1,WARS,0
TCF3,RNF2,0
DAXX,WDR54,0
ZNF74,EPHX2,0
HNRNPUL1,CENPU,0
PRDM14,ACADSB,0
CREB1,KIAA0101,0
ETS1,SHISA2,0
ETV4,ATF3,0
GTF3C2,KPNA2,0
TGIF2,SIRT1,0
YEATS4,ID3,0
GTF2I,FBL,0
MAPK1,ELF1,0
CBX3,WDYHV1,0
GATAD2B,ACTL6A,0
HNRNPD,ASXL1,0
ING5,DDX54,0
AEBP2,SALL2,0
ZRANB2,NNAT,0
HDAC2,HERPUD1,0
CEBPZ,NVL,0
RFC1,ZNF217,0
MYC,YAF2,0
TCF4,IL6ST,0
PPARA,TGIF1,0
SMAD2,ZNF217,0
SIRT2,FAM13A,0
TP53,MTMR2,0
ING1,BST2,0
DAXX,SEC14L2,0
HMGN3,ZNF93,0
ING5,POP5,0
MCM8,BPHL,0
NR2F6,ANP32E,0
PAX6,DDIT3,0
ZNF638,PAPOLA,0
HDAC2,U2AF1,0
RUNX1T1,APOA2,0
SMAD5,BPHL,0
GATA6,CCS,0
FHL2,TK1,0
MATR3,RNF2,0
MYCN,NDUFAF4,0
DNMT3A,CHEK1,0
FOXA1,CCNB2,0
HNRNPK,BTF3,0
TP53,GNPNAT1,0
SMARCA4,PAPOLA,0
SALL2,ING5,0
TARDBP,RFX5,0
TCEA1,LAMC1,0
MYBL2,GLI2,0
POLR3E,YAE1D1,0
TAF7,ZBTB3,0
AEBP1,PDLIM7,0
MCM6,NCAPG,0
E2F5,KIAA0101,0
ZNF143,ZFP64,0
PPARA,BLM,0
CTBP1,SLC25A20,0
MAF,ASPH,0
SRSF2,GTF2E1,0
DDIT3,SRSF3,0
RBPJ,RAD51AP1,0
FOXH1,PDLIM7,0
SRSF3,NONO,0
ZIC2,CEP70,0
MAF,GULP1,0
BCL11A,PRPS2,0
NME2,KPNA2,0
CHAF1A,FOXA2,0
RNPS1,LAPTM4B,0
SRSF2,COMMD3,0
MCM2,DPEP1,0
MTF2,NR5A2,0
HMGA2,ZNF644,0
KDM4C,TARDBP,0
BIN1,CREB3L3,0
ZNF638,DDIT4,0
LIN28A,CDK1,0
PTTG1,SUB1,0
EPAS1,DSN1,0
KDM4C,PREB,0
LIN28A,ACOX2,0
THRB,STX8,0
GATA4,SRSF6,0
BTF3,HCFC1,0
FOXM1,TAF7,0
ZNF143,ING3,0
DRAP1,LGALS1,0
HNRNPK,GTF2F2,0
BIN1,TFF1,0
KAT7,TFDP1,0
COPS2,WDR43,0
FOXA2,MST1,0
SALL3,RFX5,0
ECD,IFITM1,0
RBBP7,YAF2,0
ORC2,CD9,0
TFE3,SMARCD2,0
SIRT1,TNNT1,0
TCEB2,PDGFRA,0
SP4,THY1,0
RFX5,TAF1A,0
FOSL1,MCM3,0
MCM3,ZNF398,0
PREB,TFF1,0
ZBTB16,CTSE,0
CBX3,SIRT1,0
MCM3,SERPIND1,0
COPS5,EHMT2,0
HIST1H1E,EWSR1,0
HIF3A,CKS2,0
OTX2,TNNI3,0
PITX1,CRABP2,0
SSBP2,MCM5,0
RBBP7,ATG5,0
DDIT3,SUB1,0
HIST1H1C,HMMR,0
RFX5,PREB,0
PIAS2,NNAT,0
PAPOLA,WIPI1,0
RFX5,PAWR,0
RNPS1,LCP1,0
TCEB3,MTFP1,0
EEF1A1,MXD1,0
PPARA,HMGN2,0
TARDBP,SIL1,0
MCM2,MUSTN1,0
CEBPD,SLC25A20,0
ORC2,GGCT,0
TOPORS,TAF11,0
TAF5,MAFF,0
E2F8,STMN1,0
HNRNPD,JUN,0
WDR5,EOMES,0
GMEB1,PBX1,0
PIAS2,BLM,0
FOXH1,SCAPER,0
SRSF3,ACOT7,0
KDM4C,NANOG,0
NCOA6,LCP1,0
NME2,GNRH2,0
DDX20,JARID2,0
SMAD3,PDCD11,0
KAT7,POLR2B,0
HMGA1,TF,0
PA2G4,ZDHHC4,0
DR1,HPX,0
SIRT1,GRHL1,0
PIAS3,ANG,0
SALL2,H1F0,0
MYCN,CENPK,0
KAT7,UTRN,0
HMGN3,MLF1,0
BCL11B,EHMT2,0
TFE3,FLRT2,0
ASCC3,C11ORF1,0
DDX20,TRIM27,0
TCEB2,RARG,0
EPAS1,ATF3,0
GMEB1,HERPUD1,0
RAD51,ITGB3BP,0
RUVBL2,SNAPC1,0
HIF3A,HELLS,0
PSIP1,KIF22,0
SSB,KIAA0101,0
ENO1,FAM64A,0
SMARCA4,CTBP1,0
KLF5,HMGA1,0
GTF3C5,PDGFRA,0
ORC2,ISY1,0
PITX2,POLR3E,0
DRAP1,RFX5,0
TCEB1,FOXO1,0
ETV4,EZH2,0
AEBP2,YARS,0
POLR1E,MYBL2,0
DEK,BRIP1,0
HIPK2,RFC1,0
BDP1,ENO1,0
HIPK2,DNAH14,0
FOXH1,MED14,0
RBPJ,DDC,0
ZNF300,ZHX1,0
GTF3C2,TMEM37,0
FOXO1,COPS2,0
RREB1,DROSHA,0
KLF5,MYBL2,0
NR2F2,CA2,0
DAXX,PPIL1,0
AHR,MLF1,0
DDX20,CDCA7L,0
NR2F6,NANOG,0
DAB2,ZFP64,0
WBP11,NEK2,0
MYBBP1A,LGALS2,0
HNRNPUL1,GATA6,0
EZH2,ALG6,0
ZNF300,CA2,0
HIST1H1B,CENPU,0
HDAC2,MYCBP,0
KDM4C,AKR1B1,0
CHD8,TNFAIP3,0
PARP1,TRERF1,0
MEF2C,IRF1,0
FOSL1,RBP4,0
TCOF1,APOA4,0
MAF,CENPW,0
PITX2,E2F8,0
EPAS1,TAF6,0
SALL3,LITAF,0
RREB1,TTC39C,0
AES,BRCA1,0
DDB2,ECHDC2,0
TEAD2,NEDD1,0
APEX1,TCFL5,0
ZNF143,FBL,0
COPS5,MEF2C,0
DNMT1,ATL2,0
JARID2,ORC2,0
NR5A2,PITX1,0
HMGN1,EPHX2,0
BTF3,PHGDH,0
KLF6,HIST1H1E,0
TCERG1,RBMX,0
TIMELESS,PWP1,0
E2F4,RUVBL1,0
ID3,STAT2,0
PREB,PAWR,0
XRCC5,DDX54,0
GTF3C5,SOX2,0
TRIM28,TRIM25,0
SUB1,HPN,0
POLR3E,RRM2,0
TRIM28,SEPP1,0
POU2F1,HIF1AN,0
RAD54B,PIAS3,0
DAXX,TCEA1,0
GTF2H2,ASPH,0
BRIP1,MED20,0
BDP1,TCEB1,0
PRDM14,BZW2,0
CTBP1,LAMB2,0
BCOR,SMOX,0
AEBP1,CXXC1,0
MED14,PITX1,0
EWSR1,ERCC8,0
DAXX,GALK1,0
FOXP1,IL32,0
H1F0,NFYB,0
ILF3,ORC2,0
TCF4,CIDEB,0
YAF2,NFYB,0
HCFC1,UCHL1,0
EPAS1,TFF1,0
GTF2E1,BMPR1A,0
RFXANK,GTF3C2,0
SIRT2,TOPORS,0
NFYB,ERBB4,0
GTF3C4,MYCN,0
DDX54,KLF5,0
MLXIPL,WARS,0
POU5F1,NCAPG,0
ZNRD1,DPH5,0
MLXIPL,SEC14L2,0
POLR1E,CBR1,0
GLI1,WDR43,0
ESPL1,CDK1,0
NR1H3,G6PC3,0
ZNHIT3,SLC38A2,0
HNRNPUL1,ZNF146,0
ATF3,RUNX1T1,0
TRIP13,ZNF644,0
SMARCA5,PRIM1,0
TAF6,XBP1,0
BPTF,ZBTB24,0
POLR2F,ATL2,0
PAX6,GPN3,0
MYBL2,PPFIBP2,0
DNMT1,TTR,0
BCL11A,KDM4C,0
ETV4,DAXX,0
BTG1,NEIL2,0
ZNHIT3,PRMT5,0
TTF2,NUSAP1,0
HMGN2,ELAVL2,0
PAX6,APOA4,0
XRCC5,PLAGL2,0
RARG,TRIM22,0
RBBP7,ORC4,0
ORC2,MED20,0
E2F4,ETV5,0
ESPL1,ANPEP,0
ESPL1,MTMR2,0
TCEB3,NUPR1,0
TCERG1,TRERF1,0
BIN1,MYCBP,0
FOSL1,ELL2,0
HDAC1,TCOF1,0
ILF3,MTMR2,0
RUNX1T1,ANPEP,0
E2F4,TTR,0
PARP1,ZFP36,0
RUVBL2,ASCC3,0
TRIM22,TIMM21,0
TADA3,ELAVL2,0
POLR1E,MTUS1,0
RBBP7,CENPN,0
TGIF2,AKR1B1,0
HIST1H1B,BPHL,0
ZNHIT3,BCS1L,0
ZHX1,ZNF638,0
JARID2,MEP1A,0
EPAS1,CHEK2,0
PRDM1,DDC,0
E2F7,NT5DC2,0
PITX1,MTMR2,0
FOXA2,PIM2,0
MATR3,TRIM25,0
EEF1A1,LEAP2,0
PCGF6,ARID2,0
H1F0,TFF1,0
FOSB,ZFP42,0
GLI1,SF3B3,0
YAF2,TCFL5,0
ELF1,FKBP11,0
HCFC1,LAPTM4B,0
POLR2F,MMS22L,0
ZNF143,GGCT,0
YBX1,MIS18BP1,0
BDP1,GYG1,0
HDAC2,HESX1,0
SMAD5,MAD2L1,0
SSB,ACTC1,0
ETV4,BPTF,0
POLR1D,NUPR1,0
KDM4C,TGIF2,0
MATR3,GRPR,0
ZNRD1,HNF1B,0
NAA15,ZNF217,0
TGIF1,ACY1,0
CEBPA,TAF9B,0
FOSL1,JAZF1,0
CSDE1,EGR1,0
POLR2D,CEBPZ,0
RREB1,TEX10,0
COPS5,CAMK2D,0
ZNRD1,SP100,0
SUB1,UHRF1,0
HNRNPUL1,XPO5,0
SRSF3,EPAS1,0
KLF5,TEAD4,0
TFE3,ALB,0
ESPL1,YAE1D1,0
PIAS3,TBPL1,0
HNRNPK,DSN1,0
PITX1,POLR2L,0
BDP1,PPT1,0
NPM1,GRPR,0
KNTC1,GABPB1,0
POLR1B,ACADVL,0
TTF2,PRC1,0
BRCA2,RHOBTB3,0
ZIC2,TUBB6,0
BDP1,PDLIM7,0
ZHX1,FOXA2,0
THRB,PAK1IP1,0
SKIL,ZIC3,0
AATF,BRCA2,0
ID2,ZNF217,0
TFDP1,ZNRD1,0
HIF3A,C19ORF48,0
E2F8,BLVRA,0
BDP1,PBX1,0
JUND,DDX5,0
KAT7,E2F5,0
GTF3C2,HTATSF1,0
TFDP1,SHMT2,0
MCM7,GALK1,0
CTBP1,SLC35D2,0
MCM3,POLR1B,0
CTBP1,PHGDH,0
ILF2,EGR1,0
RBBP7,CAMK2D,0
YEATS4,HAT1,0
HMGN2,ZFYVE21,0
TIMELESS,ZNF33A,0
DDIT3,GABPB1,0
JMJD1C,DNAH14,0
GTF3C4,ZDHHC4,0
ZNF638,HNRNPH2,0
NPM1,ELAVL2,0
MCM3,HP,0
NFATC2,SP4,0
IRF3,XRCC5,0
ERCC8,PEF1,0
MAZ,DUT,0
ZFHX3,NR2F6,0
FOXM1,TGIF2,0
PAWR,TARDBP,0
DDX5,ACY1,0
E2F5,DDX5,0
SIRT2,XBP1,0
IRF1,MRPS27,0
SSRP1,BRIP1,0
TCF4,NUP35,0
TNFAIP3,TRIM27,0
ZIC2,NT5DC2,0
HIPK2,HIF1AN,0
KDM4C,PDZK1,0
CHAF1A,CDC20,0
MYBBP1A,PDZK1,0
DNMT1,FOSL2,0
BTG1,PHB2,0
TCF7L1,CNBP,0
TGIF1,ACOX2,0
E2F5,TCERG1,0
PITX2,KIF20B,0
EEF1A1,CDK4,0
SIRT2,AXL,0
MXD1,GATA6,0
RAD54B,TF,0
MTF2,HDAC1,0
IRF3,NIP7,0
PAWR,NFATC2,0
COPS5,ZBTB3,0
MAPK1,ZNF217,0
MXD1,LITAF,0
TCEB3,TGIF2,0
MAF,PSMG1,0
SRRM1,ZFYVE21,0
KDM4C,ZWILCH,0
GTF2E1,EED,0
XRCC6,GLIPR2,0
NONO,PCNA,0
TCEB1,NUP88,0
DAXX,SMC4,0
TCEB1,POLR2B,0
POU5F1,GLI2,0
CEBPZ,SIL1,0
CEBPA,HNRNPK,0
E2F8,MAP1B,0
HMGN1,WDR43,0
AEBP2,OAZ2,0
POLR1B,DNMT1,0
SMAD2,PAX6,0
ING3,PON2,0
HMGN3,ZNF160,0
RBMX,PAFAH1B3,0
FHL2,ZHX1,0
POLR1E,SCAPER,0
BCL11A,ETV5,0
HIF3A,LDB2,0
RAD54B,AHSG,0
TCF4,AURKB,0
NR2F2,RAD51AP1,0
SUB1,CREB3L4,0
TCF7L1,UBE2C,0
XRCC6,CTBP1,0
STAT2,DNMT3B,0
HIF1AN,PMAIP1,0
GLI2,HMGN2,0
FOXH1,NIP7,0
TAF1A,MXD1,0
KDM4C,JARID2,0
TAF11,ZNF74,0
JMJD1C,PARPBP,0
PA2G4,ANLN,0
TBX3,AGTRAP,0
TFE3,PWP1,0
POLR2B,MCM4,0
NANOG,MELK,0
SRSF6,PIAS2,0
MAF,TAF1B,0
SRSF3,KDM4C,0
SRF,RBP2,0
SSRP1,TNNI3,0
DNMT3A,ADNP,0
ING5,ERCC8,0
TFDP1,MEP1A,0
KDM4C,NME2,0
SRRM1,F2RL1,0
KLF5,TFPI,0
OTX2,ZIC2,0
BCOR,HNRNPUL1,0
EHMT2,TFRC,0
MCM5,FAM13A,0
ZHX1,WDR54,0
FOXA2,RFX5,0
ING5,SNAPC1,0
SMARCA5,CRAT,0
KHDRBS1,NIF3L1,0
GATAD2B,VRK1,0
ZNF74,TIMM21,0
WDR5,GTF2E1,0
FOSL2,FOXA2,0
SRSF1,PRC1,0
MYBBP1A,TF,0
MYCN,RAB34,0
AHR,RFX5,0
IRF1,AEBP2,0
TCEB2,TK1,0
PHB2,BZW2,0
CNOT7,ACOT7,0
SSBP2,ZFP42,0
TCF3,WDR74,0
GATA4,RFC1,0
PTTG1,ANLN,0
HIST1H1C,ERCC8,0
ORC2,SUPV3L1,0
TRIM22,RUVBL1,0
E2F3,SMARCA5,0
NFYB,THRAP3,0
AES,SRSF3,0
BCOR,KIAA0101,0
HMGB2,POLR1E,0
SUPT16H,FOSL1,0
RNF2,SRSF6,0
AEBP2,DCLRE1C,0
CEBPZ,HNF4A,0
FOXM1,PPP1R7,0
SSBP2,BRIP1,0
HMGB2,ELL2,0
ATF3,PAK1IP1,0
WBP11,TMEM120A,0
RBM39,HIST1H1E,0
DEK,SKA3,0
ZRANB2,KIAA0101,0
BTF3,SRSF6,0
XRCC6,FANCD2,0
SOX2,SERPINB1,0
NCOA6,STX8,0
RBBP7,FOSL2,0
NFATC2,IL6ST,0
BTF3,TUBB6,0
RFC1,SPINK1,0
MYC,ARL6IP6,0
RFX5,HNF4A,0
E2F4,ACAA1,0
HNF4A,RNF19A,0
HIF1AN,CCNB2,0
TRIP13,ECHDC2,0
RAD51,SULT1A2,0
PTTG1,AEBP1,0
NFYB,ACOX2,0
PARP1,LRR1,0
GLI1,PTTG1,0
NCOA6,C12ORF10,0
IRF3,SIL1,0
BRCA2,ZFHX3,0
TFE3,THRB,0
MATR3,TIPIN,0
PITX2,KAT7,0
H1F0,PPP1R7,0
POLR2F,ALDH9A1,0
HDAC2,NCOA1,0
CDX2,HIST1H1E,0
CREB3L3,TGIF2,0
TRIM27,MED21,0
PEG3,HESX1,0
TCEB1,GSN,0
TAF6,BRIX1,0
POLR2K,SOX4,0
SMAD3,GNPNAT1,0
KNTC1,THRAP3,0
RUVBL2,MAD2L1,0
EWSR1,DNMT3A,0
ZNRD1,B4GALT3,0
PITX2,NUP88,0
TAF6,HIPK2,0
RARG,LAMB2,0
TCF4,ANP32E,0
POLR2F,RRM1,0
KNTC1,TAF1B,0
TRIM27,PDLIM7,0
E2F4,HIPK2,0
PPARA,RBBP4,0
TCEB2,YAE1D1,0
NAA15,DCAF13,0
HTATSF1,DDIT3,0
PA2G4,SEC11C,0
CBX3,BTF3,0
DR1,CDX2,0
NFATC2,RFC2,0
MED14,MAFF,0
MLXIPL,TIMM21,0
POU2F1,ZBTB3,0
DDB2,PAPOLA,0
NR2F2,F2,0
PSIP1,HNRNPR,0
MTF2,SALL2,0
NONO,CEBPD,0
ING3,DROSHA,0
TAF7,KLF6,0
SOX2,FOSL1,0
DR1,ANG,0
PRDM14,SP100,0
ID3,MYBL2,0
POLR2K,CRYZL1,0
HNRNPUL1,TRIP13,0
POLR1C,DNAJC2,0
CHAF1A,TOP2A,0
SALL4,CDK4,0
ILF3,BTG2,0
POLR2F,FOXP1,0
DAXX,POLB,0
NR1I3,SOX11,0
CREB1,CEBPA,0
ILF3,SMARCA4,0
NONO,DDX39A,0
MCM2,HMGN1,0
KAT7,SUV39H2,0
ZNF143,POLR2G,0
UHRF1,FXR1,0
RBMX,ASNS,0
SALL2,DROSHA,0
TCEB3,GRPR,0
EWSR1,TAF9B,0
GLI2,ELL2,0
XBP1,NIP7,0
TAF11,CDCA3,0
FOXH1,FOXM1,0
PITX1,NUP37,0
IRF1,ALDH9A1,0
SMAD3,ING3,0
NPM1,ZFP64,0
TCOF1,CTBP1,0
RBMX,ZNF160,0
KDM4C,SIRT2,0
NFATC2,DEK,0
PA2G4,AKR1B1,0
ENO1,FLRT2,0
TAF5,COMMD10,0
MED21,ZNF93,0
PAX6,FAM64A,0
NAA15,CENPE,0
ZIC2,EGFR,0
HMGN1,SCAPER,0
MEF2C,ZIC3,0
ETV4,SERTAD3,0
TFDP2,HPX,0
TAF11,ZNF217,0
ZBTB16,ARL6IP6,0
BTF3,TARDBP,0
DDX54,THOC1,0
ESPL1,RNASEH2A,0
GABPB1,EGR1,0
ZNF74,POLB,0
GTF2H2,CIDEB,0
HMGN1,AASS,0
SSB,CENPE,0
EED,ESPL1,0
MATR3,VCAN,0
MCM6,CDX2,0
EPAS1,TAF11,0
DNMT3A,TRIP13,0
SRSF3,HPRT1,0
GLI2,TAF7,0
TBX3,YEATS4,0
KNTC1,HMGCS2,0
TCF4,PIM2,0
BCL11B,ZNF202,0
ZRANB2,ITGB3BP,0
ATF3,SUB1,0
DAXX,DDC,0
ZNF300,SMAD2,0
STAT2,APOC2,0
ID2,KPNA2,0
EWSR1,RAD54B,0
SNRPB,TFRC,0
ZIC2,TCF3,0
PCGF6,BMP2,0
RUVBL1,RNF4,0
SRSF3,XPO5,0
BTF3,MATR3,0
TCF7L1,SMARCA4,0
KAT7,MED20,0
APEX1,UCHL1,0
HNF4A,OAZ2,0
POLR2G,FBL,0
SMARCA4,BUB1,0
HMGN2,PPARA,0
CSDE1,AES,0
TOPORS,SUV39H2,0
SUB1,LAMC1,0
WBP11,DCAF13,0
ESPL1,DNMT3A,0
FOSL1,HIST1H1C,0
STAT2,JUND,0
GLI2,DCAF13,0
SMAD5,DDX39A,0
UHRF1,ZNF217,0
BRCA2,POLR1C,0
YBX1,PRDM1,0
SMARCE1,MEP1A,0
IRF9,SNAPC1,0
RBPJ,HAT1,0
TCF7L1,CREG1,0
GLI1,TCERG1,0
HIST1H1B,EIF5B,0
AEBP2,JUN,0
SSB,GTF2E1,0
ING3,ELF1,0
CEBPA,GPN3,0
MYC,TAF7,0
ATF3,MED30,0
NAA15,PDCD11,0
NPM1,GULP1,0
MEF2C,CREB3L4,0
BCL11A,RFX5,0
TAF9B,POLR2I,0
BPTF,SHMT2,0
CNOT7,TMEM120A,0
TADA3,MLF1,0
ILF2,FKBP11,0
HCFC1,SSB,0
TFDP2,CHAF1A,0
MLXIPL,GMEB1,0
SP4,TPD52L1,0
YBX1,CBR1,0
JUND,TCEB2,0
SOX2,CRYZL1,0
KNTC1,ACADVL,0
MCM8,DTWD1,0
ZFHX3,ZNF239,0
FOXO1,HDAC2,0
NANOG,CSRP2,0
FOXP1,CREB1,0
STAT2,SNRPB,0
BRIP1,IVNS1ABP,0
IRF3,PIAS3,0
FOSL2,MCM2,0
NR1H3,E2F7,0
NR2F2,TAF7,0
MYCBP,GULP1,0
EEF1A1,TIPIN,0
YEATS4,RNPS1,0
DNMT1,ASL,0
APEX1,TFAP2C,0
ID3,MCM2,0
MCM6,COPS5,0
BCL11B,PAFAH1B3,0
HMGB2,ICA1,0
POLR2K,ZFP64,0
ZNF74,ACOX2,0
ZNF638,ZIC3,0
RBMX,COPS5,0
EZH2,TDP2,0
HMGN3,AGT,0
PCGF6,DDX39A,0
TARDBP,MIS18BP1,0
MXD1,RFC1,0
TGIF1,ICA1,0
ZNF354A,NR1H3,0
RNPS1,SGK1,0
TOP2B,HMMR,0
DDX54,CEBPA,0
POLR1C,F3,0
SRSF3,SGK1,0
CSDE1,ZNF143,0
ZBTB16,IMP4,0
NFIB,PAK1IP1,0
ZNF143,RBBP4,0
POU5F1,SKA3,0
HMGB2,SMARCA4,0
ZFHX3,TRIM22,0
DNMT3A,TDP2,0
WDR5,HNRNPAB,0
PTMA,MAP1B,0
EEF1A1,PA2G4,0
RBBP7,LGALS3,0
SRSF1,KIF20B,0
RNPS1,CREB3L4,0
PA2G4,POU5F1,0
TCEA1,NCOA6,0
SMARCA5,VRK1,0
HNRNPK,RFX5,0
PEG3,TADA3,0
MCM6,MYC,0
POLR2D,MAP1B,0
CSDE1,LGALS3,0
KLF6,KPNA2,0
BPTF,ODF2L,0
ZHX1,TIMELESS,0
FOXA1,HDAC2,0
E2F4,PARPBP,0
PSIP1,VPS72,0
PCGF6,CEBPZ,0
TIMELESS,DDIT3,0
TGIF1,COMMD10,0
GTF2E1,C19ORF48,0
RARG,TRIP13,0
BPTF,CCL2,0
HNF4A,PAFAH1B3,0
HIF3A,VEZF1,0
FHL2,CDKN3,0
FOXA1,LIN28A,0
MCM3,MTFP1,0
E2F5,BSCL2,0
MYCBP,POLR2L,0
SALL3,ZNF33A,0
PTMA,GLIS3,0
TADA3,HERPUD1,0
POLR3D,RAB25,0
GTF2F2,SSBP3,0
SRSF3,CREB3L3,0
PTMA,ASCC3,0
SRRM1,IL32,0
GATA4,RBM39,0
KHDRBS1,NPRL2,0
EHMT2,TIMELESS,0
HIST1H1B,SDAD1,0
NUPR1,LAMC1,0
BTF3,CCNB2,0
TCEB2,PAK1IP1,0
TBX3,RAD51,0
RBBP7,ENO1,0
EZH2,BMPR1A,0
TCERG1,GTF3C4,0
PBX1,NIP7,0
EEF1A1,ASCC3,0
ZNF638,FGA,0
SMARCC1,HMMR,0
MYCN,KIAA0101,0
GATAD2B,SIL1,0
DAB2,TFDP1,0
TCEA1,DPCD,0
EED,SLC7A6,0
YAF2,PRMT5,0
SIRT1,DDIT4,0
HIPK2,PDGFRA,0
POLR2B,GTF2I,0
CNOT7,ETS1,0
TRIM22,HPRT1,0
TEAD2,ZNF398,0
CEBPA,HIF3A,0
YEATS4,CHEK1,0
GATA6,ZNF398,0
FOSL2,FXR1,0
BRCA1,SLC7A6,0
PTMA,RFXANK,0
EPAS1,PHF5A,0
GTF3C2,KHDRBS1,0
BIN1,ZNF143,0
MCM4,IMP4,0
POLR3E,HMGCL,0
ZBTB16,HPN,0
NOTCH3,CTSE,0
MCM4,RNF4,0
TCF3,PHF5A,0
HCFC1,FOXO1,0
PREB,MEF2C,0
ZNF354A,TMEM37,0
GLI1,DEPDC7,0
EWSR1,ZNF567,0
POLR1B,EZH2,0
BPTF,HNF4A,0
ZNF354A,PTTG1,0
TTF2,TCOF1,0
CNBP,TGIF1,0
AEBP2,S100A6,0
MAZ,MEST,0
POLR1D,ZIC3,0
BCOR,SRRM1,0
SRSF1,MYBBP1A,0
FOXM1,RBMX,0
E2F3,DAB2,0
CSDE1,TIMELESS,0
GTF3C5,RSU1,0
MED14,LCP1,0
TCEB1,MIS18BP1,0
DAB2,RARG,0
DDX54,DSN1,0
CBX3,SSRP1,0
SKIL,CDCA7L,0
WDR5,TCEB1,0
DDIT3,BCL11A,0
TRIP13,PDGFA,0
PIAS3,CHEK1,0
EEF1A1,DGAT1,0
POLR1D,TEAD4,0
TGIF2,SSB,0
PTMA,PBX1,0
GMEB1,MYBBP1A,0
PRDM1,SRF,0
MAZ,HNRNPH2,0
EPAS1,RNF2,0
LIN28A,TOP2A,0
JUN,ZNF160,0
SUPT16H,ALDH9A1,0
CREB3L3,PCGF6,0
SRSF6,MST1,0
BTF3,TTC39C,0
POU2F1,ID3,0
KLF5,SERPIND1,0
HNRNPK,PWP1,0
POLR2B,THY1,0
TAF5,FHL2,0
YAF2,GMEB1,0
POLR2L,NEK2,0
SNRPD1,UTP18,0
FOSL2,CEP70,0
TCF4,TEX10,0
UHRF1,OAZ2,0
CREB3L3,RSU1,0
HMGN2,DPEP1,0
RFXANK,NONO,0
HDAC2,RAD51C,0
SMARCC1,RBBP7,0
HIST1H1E,ACY1,0
ID2,ZDHHC4,0
WBP11,ACTL6A,0
AHR,NR1I3,0
SNRPB,ICA1,0
NR2F6,ZFP36,0
XBP1,CUTC,0
EHMT2,C11ORF1,0
RBBP4,THAP11,0
SP100,FANCD2,0
PAWR,TFDP2,0
STAT2,EHMT1,0
XBP1,ACAD11,0
ERCC8,SEC14L2,0
MCM2,ESRG,0
GATA4,TP53,0
TAF1A,RBPJ,0
GTF2I,TBL1X,0
RUNX1T1,CDKN3,0
HDAC1,ASCC3,0
ZHX1,ASPH,0
IRF1,CCL2,0
SMAD5,CRABP2,0
SALL4,HIF1AN,0
MAF,NEK2,0
TGIF1,MLF1,0
SMARCA4,SPINK1,0
XRCC5,NDUFAF5,0
DDX20,POLR2G,0
TCEB1,ZNF143,0
SMAD5,GTF2F2,0
ILF3,POLR2L,0
EEF1A1,BPTF,0
MYCBP,WDR74,0
AEBP2,ZIC3,0
FOSL1,AGTRAP,0
OTX2,GTF2H2,0
PRDM1,LDB2,0
ERCC8,LGALS3,0
MLXIPL,RNF2,0
GTF3C5,MUSTN1,0
BRCA2,SGK1,0
EPAS1,NUPR1,0
ZHX1,SEC11C,0
MYCBP,DNMT1,0
NONO,TGIF1,0
ID3,ELL2,0
JARID2,CDK1,0
CTBP1,GNRH2,0
RAD51,NFYB,0
POLR2D,PRKCE,0
JARID2,PHB2,0
NFATC2,NDUFAF4,0
SALL3,MCM4,0
POLR2L,ZBTB24,0
ZNF300,EHMT2,0
ZNF638,C1GALT1,0
DDB2,ITGB3BP,0
SMARCC1,EGR1,0
GTF3C5,MAP1B,0
IRF3,ZNF398,0
MCM4,PLIN2,0
HIPK2,WDHD1,0
WBP11,FANCD2,0
EZH2,MXD1,0
TCF4,EGFR,0
PAPOLA,PYGL,0
PAWR,PRKCE,0
ZNF300,ACADVL,0
HNRNPK,SNRPD1,0
BPTF,THY1,0
HTATSF1,SNRPD1,0
GABPB1,SPINK1,0
TARDBP,POLR1C,0
CEBPZ,SF3B3,0
FOSB,MCM5,0
MEF2C,CA2,0
MEF2C,COPS2,0
TCOF1,ARID3B,0
BRCA2,MTMR2,0
SRSF3,PMS1,0
PAPOLA,ZNRD1,0
TCEA1,CREB3L3,0
TAF7,SERTAD3,0
HDAC2,SUPT16H,0
TCOF1,HNRNPAB,0
APEX1,SIL1,0
PA2G4,LIN28A,0
NPM1,ICA1,0
XBP1,BMP2,0
PITX2,MELK,0
ZIC2,XBP1,0
DDX54,G6PC3,0
UHRF1,ITIH4,0
EHMT2,FOXP1,0
POLR2D,SLC7A6,0
ASCC3,COMMD3,0
CHAF1A,HMGN1,0
DDIT3,POLR1C,0
TNFAIP3,MRPS27,0
BCL11B,GALK1,0
TRIM22,ZRANB2,0
SP100,ALDH9A1,0
AES,UGT2B11,0
KHDRBS1,PAX6,0
SIRT1,TFDP1,0
POU5F1,NFIB,0
MAPK1,HMGCL,0
CSDE1,SERPINB1,0
SRSF1,PITX1,0
TCF7L1,KLF3,0
PCGF6,PDZK1,0
TP53,TIMM9,0
REST,LGALS3,0
MCM6,TCF3,0
TIMELESS,TFDP1,0
SOX2,C9ORF72,0
RBMX,NR1I3,0
PAWR,DCLRE1C,0
ZNRD1,XRCC5,0
RBM39,DDB2,0
MED21,FOXM1,0
NR2F6,TOPORS,0
GATA4,TUBB6,0
HNRNPUL1,PRDM1,0
NR5A2,PREB,0
DAXX,FGB,0
SRRM1,L1TD1,0
ING1,NR5A2,0
CEBPD,GLIPR2,0
E2F7,EOMES,0
PCGF6,SRSF1,0
MAZ,SEC14L2,0
CSRP2,IFITM2,0
EGR1,PRC1,0
HIF1AN,BTF3,0
TAF5,B4GALT3,0
JUND,DPF2,0
DRAP1,FOSL1,0
ING5,ANKRD1,0
PTMA,ID3,0
KHDRBS1,TDGF1,0
MTF2,MTFP1,0
TCF3,DPH5,0
TFE3,HPN,0
TAF5,TFPI,0
PEG3,THRAP3,0
JUN,DLGAP5,0
EED,CREB3L3,0
NR1I3,RAD54B,0
JARID2,TCF7L1,0
GATA6,MTF2,0
IRF9,GRHL1,0
POLR1E,FOXA1,0
ID2,KIF20B,0
EPAS1,TAF1B,0
CREB1,MAD2L1,0
YAF2,ANAPC4,0
BPTF,NUP93,0
TAF5,ACOT7,0
SUV39H2,FEN1,0
RREB1,ENO1,0
SP100,ACTC1,0
PPARA,RBP4,0
TAF9B,ELL2,0
TFDP1,RFC2,0
ZNF638,CEBPD,0
KHDRBS1,DDX20,0
SIRT2,FLRT2,0
FOXO1,SHISA2,0
ILF3,MUSTN1,0
NFYB,CDKN1A,0
TCERG1,NUP88,0
POU5F1,NR2F2,0
BRCA2,ACTL6A,0
BPTF,OTX2,0
GTF3C4,ANXA3,0
HMGN3,BMPR1A,0
TCF4,HDAC1,0
SMAD5,ACAA1,0
XRCC5,RAB34,0
POLR2L,B4GALT3,0
COPS2,RNF4,0
TFDP1,BCL11B,0
SMARCA4,PRKCE,0
HDAC1,GRPR,0
KLF5,TUBB6,0
MAF,EPAS1,0
TRIP13,CDX2,0
CREB3L3,DDB2,0
PBX1,EFTUD2,0
CEBPD,CREB3L4,0
ILF3,TFDP2,0
TCEB1,IRF9,0
MCM3,TPD52L1,0
HTATSF1,CENPF,0
TCEB1,HELLS,0
GATAD2B,ALDH1A1,0
SUB1,DNMT3A,0
HIST1H1C,E2F4,0
KLF6,ASPH,0
ZNF300,DEDD,0
ESPL1,SEPP1,0
FOXO1,BMPR1A,0
HIPK2,JUND,0
PIAS2,PRIM1,0
GLI1,CENPE,0
KLF5,ZBTB3,0
SUB1,KLF5,0
ZFP36,UMPS,0
HIPK2,EFTUD2,0
AES,NPM1,0
EZH2,YBX1,0
BTG1,PWP1,0
TEAD2,WDR74,0
EGR1,MCM5,0
NUPR1,HAUS1,0
SP4,MCM2,0
TAF1B,MAP1B,0
FOXA2,HMGA1,0
TOPORS,TRIM25,0
POU2F1,COMMD10,0
HMGN2,NUDT1,0
AES,SUPV3L1,0
POU5F1,ING5,0
DEK,GPC3,0
STAT2,CACYBP,0
FOXM1,GLIS3,0
CEBPZ,ENO1,0
MLXIPL,PITX1,0
SSBP2,SRSF2,0
HIF3A,PHB2,0
SRF,SMARCA5,0
SMARCA5,FAM13A,0
LIN28A,ADSL,0
HIST1H1B,RAD51C,0
EWSR1,KIF20B,0
TRIP13,CCNB2,0
SMAD2,BLVRA,0
HNRNPD,P4HA2,0
GATA6,RREB1,0
DEK,PDCD11,0
OTX2,CTSC,0
POLR3E,POLR1B,0
TIMELESS,RNF19A,0
PIAS2,MRPS27,0
ESPL1,FGA,0
E2F5,SFRP1,0
TIMELESS,ANLN,0
TBX3,FOXA1,0
TCEB3,ANAPC7,0
MYCBP,DERA,0
DDX20,PAX6,0
AES,LMO7,0
MCM7,CHD8,0
ESPL1,RAI14,0
HCFC1,ZNF581,0
PHB2,MELK,0
YAF2,DPF2,0
GATAD2B,ZNF33A,0
RFXANK,KAT7,0
TRIM28,THAP1,0
CDX2,ALDH9A1,0
DDX20,ECD,0
DDX5,OAZ2,0
ENO1,AURKB,0
NANOG,TAGLN,0
AHR,RBP4,0
MAPK1,DEK,0
AEBP2,ATG5,0
POLR1C,RBBP4,0
PIAS3,FLRT2,0
PRDM14,MTAP,0
NR3C1,IFITM3,0
SMAD3,C3ORF14,0
TCF7L1,XRCC6,0
E2F7,PRC1,0
GTF2H2,ESPL1,0
NR2F6,HMGCL,0
WBP11,ECHDC2,0
POLR2B,DOT1L,0
ZNF74,ECHDC2,0
NCOA6,ESRG,0
MYBL2,DDX5,0
SSBP2,DR1,0
TBL1X,SRSF3,0
CSDE1,KLF3,0
E2F3,TRERF1,0
WBP11,FOXA1,0
MYCN,B4GALT3,0
GTF2I,CHEK2,0
EEF1A1,ZFYVE21,0
EGR1,ZWILCH,0
MAPK1,MYCBP,0
PARP1,TIMM21,0
HIST1H1C,ACOT7,0
TFAP2C,BUB1,0
NANOG,KDELR3,0
HIST1H1E,TARDBP,0
SKIL,DDX20,0
CNOT7,KAT7,0
CEBPD,MAZ,0
MCM7,IRF1,0
NR1I3,E2F7,0
ZHX1,TFDP2,0
OTX2,SIL1,0
DDIT3,TTF2,0
RBBP7,DNMT3A,0
SKIL,NUPR1,0
PAPOLA,ZFHX3,0
TAF7,GNRH2,0
PREB,GLI2,0
ZNF143,ANG,0
COPS2,ZDHHC4,0
MXD1,SLC7A3,0
DDX54,SEC11C,0
TOP2B,TRIM28,0
DNMT3A,HCFC1,0
MYBL2,BCL11B,0
MCM4,DNMT3A,0
HMGB2,PEMT,0
TRIM27,NFIB,0
PTTG1,HAT1,0
ZNF300,DAB2,0
ING3,RUNX1T1,0
FOXO1,DEK,0
COPS5,LGALS2,0
E2F4,LGALS3,0
TIMELESS,LAPTM4B,0
FOXA1,UMPS,0
DAB2,ETV5,0
ZNF354A,AES,0
MEF2C,DKC1,0
MCM3,DPEP1,0
FUBP1,CEP70,0
IRF3,CA2,0
ID3,ACTL6A,0
TCEA1,EXOSC3,0
DDX5,MGST2,0
CBX3,BCL11B,0
TCERG1,NUP35,0
EHMT2,ALG6,0
TADA3,PPIL1,0
PIAS3,NR5A2,0
RBBP7,BTG2,0
TRIM28,IQGAP2,0
FHL2,ZNF398,0
GATA4,L1TD1,0
ING3,UQCC1,0
RBPJ,KIF22,0
IRF3,TGIF2,0
TTF2,ACADVL,0
HMGN3,ID3,0
JUND,TPM2,0
PHB2,HNRNPUL1,0
ZNHIT3,RNPS1,0
ZNF300,BMP2,0
DDX20,DROSHA,0
CNBP,ACAD11,0
SIRT1,PIAS3,0
MAF,SLC38A2,0
KDM4C,SRSF3,0
HNRNPUL1,SRRM1,0
ERCC8,RAD54B,0
E2F8,PRKCE,0
HIPK2,ZNF33A,0
SMARCE1,NEDD1,0
SSBP2,RUNX1T1,0
TRIM22,ECD,0
E2F8,RAB25,0
SSB,ZWILCH,0
POLR2G,F2,0
TCERG1,TEAD2,0
AES,TBPL1,0
MCM3,TIMELESS,0
HIST1H1E,CEP70,0
TBL1X,CENPW,0
AEBP1,DCTPP1,0
POLR3E,DNAH14,0
ETS1,SRF,0
TCF3,APOC3,0
NANOG,AATF,0
SMAD2,HIST1H1B,0
MED14,SCD5,0
HNRNPD,GALM,0
DAXX,PLCD1,0
DNMT3A,CREG1,0
YEATS4,TADA3,0
RUVBL2,ALDH9A1,0
KDM4C,MAFF,0
NAA15,RBMX,0
SP4,MXD1,0
SIRT1,RHOBTB3,0
TRIM28,HPRT1,0
HNRNPUL1,L1TD1,0
MCM6,HMGA2,0
XRCC6,NPRL2,0
BCL11B,RAI14,0
SMARCA5,GTF3C4,0
PAPOLA,THYN1,0
SUPT16H,MYBL2,0
ID3,IVNS1ABP,0
ING1,ZNF354A,0
HMGB2,HNRNPAB,0
EHMT2,UCP2,0
KDM4C,FHL2,0
SUV39H2,NUSAP1,0
HMGA2,UCP2,0
DAXX,TMEM120A,0
TTF2,ZIC3,0
FOSB,LAMC1,0
SP4,SSBP2,0
DEK,CACYBP,0
MCM3,GMNN,0
BRCA2,NFIB,0
CSRP2,IVNS1ABP,0
GTF3C4,USP44,0
ID2,PLK1,0
ETS1,SSBP2,0
CNOT7,MED30,0
RUVBL1,HMGA1,0
HIST1H1E,CENPN,0
DNMT3A,HAUS1,0
ING3,BST2,0
HTATSF1,ARID3B,0
HMGN2,DSN1,0
DDIT3,IRF3,0
POLR2B,SDAD1,0
NME2,POLR2D,0
EPAS1,TOP2B,0
COPS2,MCM5,0
HMGN1,ECT2,0
GTF3C2,NAA15,0
ENO1,BLVRA,0
NFATC2,ZNF644,0
JMJD1C,HELLS,0
ATF3,THAP1,0
JUN,ACOX2,0
TAF9B,PMS1,0
SRSF6,STC1,0
OTX2,ZNF93,0
XBP1,EWSR1,0
FOXA2,EWSR1,0
PRDM14,HAT1,0
JUND,ZNF581,0
ILF2,E2F8,0
PRDM1,ATF3,0
RBBP7,PEF1,0
DDX54,PLA2G12B,0
THRB,PAFAH1B3,0
MYCBP,GPM6B,0
GTF3C5,RFXANK,0
DAB2,VPS72,0
DNMT1,SSBP2,0
TAF7,NAA15,0
GATA6,KDM4C,0
DDX54,POLR2I,0
NFATC2,XPO5,0
DDX20,RBMX,0
SALL3,DNAH14,0
PEG3,UBE2T,0
MLXIPL,MAPK1,0
KLF6,FGA,0
JARID2,HNRNPUL1,0
TADA3,CRAT,0
PSIP1,TTF2,0
ILF3,WDR5,0
HDAC1,APEH,0
THRB,CTSC,0
HMGN1,SSB,0
ING5,POLB,0
GTF2F2,YAF2,0
COPS2,TCEB2,0
PITX1,BTG2,0
FOXA2,MTHFD1,0
HIST1H1E,NVL,0
MED21,SHISA2,0
POLR2G,STX8,0
FOSL2,ZNF146,0
TAF9B,GTF3C2,0
TCF4,CSRP2,0
HIF1AN,CENPK,0
MED14,POLR1D,0
TCEB2,THRB,0
SALL4,NFYB,0
TAF6,CD9,0
NOTCH3,PAWR,0
NFIB,SMAD5,0
ETS1,ZNF143,0
STAT2,FBL,0
E2F3,ELF1,0
ZNF143,FANCB,0
GTF2F2,ZNF638,0
DDX20,TBPL1,0
HIST1H1B,PSMG1,0
RNF2,GALM,0
TGIF1,SMC4,0
NCOA1,MUSTN1,0
ZIC2,RBBP7,0
OTX2,ANG,0
TAF9B,SHISA2,0
TAF11,MAF,0
PITX1,NCAPG,0
CREB1,RAB34,0
HMGN2,BSCL2,0
POLR2F,CSDE1,0
FOXP1,ZNF33A,0
CSRP2,PTMA,0
FHL2,NONO,0
SSB,CBX3,0
ZFHX3,MEF2C,0
DR1,NCOA1,0
POLR1B,DNMT3B,0
RUNX1T1,NR5A2,0
TAF6,KLF3,0
MYBL2,ZNF354A,0
NRIP1,TEAD4,0
KLF6,KLF3,0
DRAP1,PEF1,0
SNRPB,SMAD5,0
SALL3,CAPG,0
NME2,SHMT2,0
SIRT1,SEMA3E,0
CNOT7,SOX4,0
ZFP36,ETV4,0
ZHX1,GLIPR2,0
SSRP1,POLR2G,0
PPARA,HPX,0
HIST1H1B,ADNP,0
GTF2E1,POLR2K,0
MATR3,RAD51,0
ETS1,SLC38A1,0
HMGN1,BBS9,0
TCEB1,NEDD1,0
CSDE1,AHR,0
YAF2,PHF5A,0
TIMELESS,ZNF239,0
POLR2L,ZNF202,0
NCOA6,SOX11,0
TOP2B,CENPU,0
MEF2C,PITX1,0
CREB3L3,GTF2H2,0
HIPK2,DEK,0
GTF2H2,PPT1,0
E2F8,NUP88,0
APEX1,RFX5,0
SSBP2,PREB,0
E2F7,TAF6,0
SSBP2,FOXA1,0
POLR2G,POLR2L,0
FOXA2,ITGB5,0
RNF4,GULP1,0
SALL2,BTG2,0
SRSF2,PSAT1,0
PAPOLA,TCERG1,0
RUNX1T1,PPIL1,0
ZNF300,FOXA2,0
TAF11,P4HA2,0
ING1,BRIX1,0
AEBP2,CDK1,0
TFE3,TFF1,0
NME2,PIAS3,0
XRCC6,CEBPZ,0
TNFAIP3,RAD51C,0
TBL1X,EGFR,0
KAT7,UHRF1,0
TCF3,EWSR1,0
POLR2B,NR2F6,0
ZNF354A,DDC,0
PRDM1,PON2,0
ELF1,MYCBP,0
AHR,DNAH14,0
MLXIPL,DNMT3A,0
POU5F1,CREB1,0
TGIF1,AFP,0
SSBP2,CNOT10,0
BTG2,ZNF143,0
ZBTB16,POU5F1,0
ESPL1,SEMA3E,0
ID2,MEST,0
ENO1,C1GALT1,0
KAT7,BPTF,0
LIN28A,BRIP1,0
TCEB1,ETS1,0
TAF1A,EYA3,0
POLR2F,GLI1,0
DAXX,HMGN2,0
GATAD2B,CENPW,0
CREB1,F10,0
FUBP1,C9ORF72,0
TGIF2,SMARCA4,0
ZNF354A,SEMA3E,0
CEBPD,WDYHV1,0
XRCC6,TFPI,0
NAA15,E2F3,0
KAT7,ETS1,0
PPARA,ADSL,0
TAF7,DPF2,0
SSB,GGCT,0
NANOG,DCTPP1,0
RFXANK,NDUFAF4,0
PIAS3,DAB2,0
PRDM1,NIP7,0
THRB,ID2,0
NPM1,UHRF1,0
HNRNPUL1,SLC38A1,0
EGR1,DEK,0
POLR2F,VEZF1,0
HMGB2,ALG6,0
NUPR1,DEDD,0
EPAS1,MCM4,0
YAF2,DNPEP,0
SRF,ZNF160,0
EWSR1,APOC2,0
SSBP2,ETV5,0
DDX20,DGAT1,0
POLR1B,OAZ2,0
SMAD5,PPIL1,0
TGIF1,ID3,0
XRCC6,IQGAP2,0
TAF9B,BRCA1,0
DR1,TFE3,0
NRIP1,HNRNPUL1,0
AHR,KDELR3,0
CSDE1,AGT,0
HIPK2,CDC20,0
GTF3C4,TFDP1,0
ZBTB16,XBP1,0
YEATS4,AATF,0
TGIF2,SALL2,0
TCEA1,ZNF93,0
POLR2G,RAD51C,0
ZNF74,LAPTM4B,0
BRCA1,TIMELESS,0
LIN28A,HIF1AN,0
TCF3,GATA6,0
SRSF2,POLR3E,0
TRIM27,ATIC,0
CBX3,ARID2,0
SNRPD1,AEBP1,0
FHL2,DNMT3B,0
STAT2,NPM1,0
SP4,BMPR1A,0
TAF7,GLIPR2,0
JARID2,TK1,0
RBMX,PDGFA,0
MCM4,NUP88,0
NFIB,ELAVL2,0
TCOF1,CHEK2,0
RNF2,BCOR,0
WBP11,GMNN,0
AATF,DNPEP,0
TCOF1,ZNF239,0
TRIM28,TCFL5,0
EWSR1,MEF2C,0
DR1,LGALS2,0
MAPK1,NUDT15,0
PARP1,STAT2,0
MCM5,E2F5,0
CNOT7,MRPS27,0
MAPK1,BUB1B,0
CHD8,SDAD1,0
HMGA1,PEF1,0
TGIF1,ZNF766,0
E2F7,JUND,0
PIAS2,TK1,0
BTG2,POLR3E,0
POLR2G,TEAD2,0
DR1,FKBP11,0
BCL11A,IVNS1ABP,0
PITX1,NUSAP1,0
TFE3,EED,0
MXD1,MPHOSPH9,0
HIST1H1E,RARG,0
RAD51,BIRC5,0
PITX1,LGALS2,0
KDM4C,GALM,0
XRCC5,SSBP3,0
SNRPB,KPNA2,0
NOTCH3,SLC25A20,0
CHAF1A,ASL,0
JARID2,TDGF1,0
GTF3C2,ZFP36,0
TFDP1,MTUS1,0
SALL4,EED,0
TFDP1,DNMT3A,0
ILF2,KIAA0101,0
MED14,JMJD1C,0
NR2F6,MCM3,0
CBX3,NODAL,0
GMEB1,TRIP13,0
E2F5,EGFR,0
SIRT1,PHB2,0
SRSF3,SNRPB,0
RNPS1,APOC1,0
ZFP36,GYG1,0
KLF5,PAX6,0
PARP1,SMC4,0
EPAS1,SIRT2,0
RNF2,ATIC,0
IRF9,KLF3,0
CTBP1,MTTP,0
YEATS4,ZWILCH,0
BRIP1,HIF1AN,0
TP53,KAT7,0
ID2,CRYZL1,0
ETS1,TDGF1,0
PRDM14,HELLS,0
LIN28A,TCEA1,0
FOXA2,FLRT2,0
TAF5,FOSL1,0
AHR,ITIH4,0
ZNHIT3,STAT2,0
DDX20,EXOSC3,0
BRIP1,RAD51C,0
SMAD2,AKR1B1,0
PARP1,CXXC1,0
MAPK1,PIAS3,0
TADA3,ADSL,0
FOSB,ZRANB2,0
NOTCH3,HNRNPUL1,0
TCF7L1,AEBP1,0
BCOR,LAPTM4B,0
POLR2L,XRCC5,0
ZNF74,RAD51,0
SMARCA4,HERPUD1,0
SOX2,NOTCH3,0
BDP1,RAB34,0
TOPORS,CTBP1,0
NR3C1,DKC1,0
ASCC3,DDC,0
ATF3,SLC38A1,0
BTG2,LCMT1,0
POU5F1,CEP70,0
HIF3A,PHGDH,0
TAF6,CKS1B,0
PAWR,PIM2,0
RFX5,ADNP,0
SP4,LITAF,0
SMAD3,TK1,0
MCM8,CENPE,0
PEG3,TFE3,0
GTF3C2,NIF3L1,0
HMGN3,SMARCE1,0
DR1,GLIPR2,0
IRF3,NUSAP1,0
RFX5,NCOA6,0
HIPK2,TK1,0
NME2,PSAT1,0
SRSF2,CRAT,0
FOXM1,ACTC1,0
HMGA2,TMEM120A,0
YEATS4,YAE1D1,0
RUNX1T1,CCND1,0
MYCN,POLR2B,0
GABPB1,CCL2,0
MTF2,EGFR,0
GABPB1,MAFF,0
HNF4A,RFXANK,0
RAD54B,ZBTB24,0
BTF3,SP100,0
MCM6,CHAF1A,0
BPTF,BRIX1,0
YBX1,ZNF202,0
ETS1,HDAC1,0
UHRF1,HNRNPK,0
SUPT16H,DPAGT1,0
E2F8,UHRF1,0
MXD1,NUP35,0
CNOT7,ZNF160,0
E2F3,POLR2I,0
MED21,USP44,0
FHL2,GPC3,0
TRIM28,RUVBL1,0
PIAS3,SIRT2,0
MYCN,RNASE4,0
JUND,HMGA1,0
SMARCA5,CREB3L4,0
AES,KLF5,0
E2F4,SCD5,0
TGIF1,LIN28A,0
MCM5,CDK4,0
TCF7L1,SEC14L2,0
BCL11B,TMEM69,0
ZBTB16,EGFR,0
TFDP1,ZNF239,0
YAF2,SMAD3,0
PA2G4,MUSTN1,0
H1F0,HNRNPUL1,0
CBX3,BST2,0
GTF3C4,PTMA,0
NR3C1,XRCC5,0
DDX54,SSB,0
TOPORS,NFYB,0
RNF4,GTF2F2,0
HTATSF1,BRCA1,0
TOPORS,TNFAIP3,0
POLR2K,MYBL2,0
CDX2,TOP2A,0
KHDRBS1,SULT1A2,0
ZFHX3,NAA15,0
CHAF1A,FEN1,0
POLR2B,PEMT,0
RAD54B,FANCI,0
POLR2F,EPHX2,0
DNMT3A,FLRT2,0
TCEA1,TCF25,0
LIN28A,FOXA2,0
NCOA6,ECT2,0
ECD,DPCD,0
HMGA1,ELAVL2,0
MEF2C,CDCA7L,0
LIN28A,MUSTN1,0
NFIB,HNRNPAB,0
AEBP2,BRIX1,0
BCOR,UTRN,0
YBX1,CAPG,0
CEBPA,GTF2H2,0
TCEA1,ZNF217,0
CREB3L3,MTAP,0
POLR3E,POLR1D,0
MEF2C,TNNI3,0
RARG,GMNN,0
TRIP13,MST1,0
HNRNPK,STMN1,0
ING5,AFF4,0
ESPL1,PA2G4,0
IRF3,CSRP2,0
OTX2,SULF2,0
UHRF1,GATAD2B,0
SALL3,COMMD3,0
PIAS2,DERA,0
TARDBP,ZNF143,0
HNRNPUL1,HMGXB4,0
RFX5,NSD1,0
SMARCC1,GLIS3,0
TAF1A,TPD52L1,0
TOP2B,GLIS3,0
ZNHIT3,POLR3E,0
BCOR,HIST1H1C,0
SIRT1,ISY1,0
BTG1,IFITM3,0
NFATC2,TEAD2,0
APEX1,DNAJC2,0
FUBP1,OTX2,0
CNOT7,SRSF6,0
AEBP1,SIL1,0
NPM1,HELLS,0
ZRANB2,PPARA,0
JUN,CCNB2,0
GTF2E1,MELK,0
NCOA1,RUVBL2,0
HMGA1,RAB34,0
TOPORS,ORC4,0
SMARCA4,C1GALT1,0
LIN28A,RBMX,0
ZNF354A,RUNX1T1,0
PEG3,TRIP13,0
DDB2,THRAP3,0
GTF2E1,FOSL1,0
NAA15,DLGAP5,0
EPAS1,AURKA,0
FOXH1,SMAD5,0
PITX1,MATR3,0
ZRANB2,ALDH9A1,0
HIF3A,RFXANK,0
AATF,HMGN2,0
SRSF2,GABPB1,0
POLR2B,MYC,0
KHDRBS1,PHF5A,0
HDAC2,CHEK1,0
PBX1,GLIS3,0
SRSF2,CNOT7,0
CSRP2,AEBP2,0
E2F3,HIF1AN,0
ELF1,DDX20,0
NR1I3,CRYZL1,0
MCM6,PIM2,0
TOPORS,SERPINB1,0
LIN28A,PAX6,0
DR1,HMGN1,0
XRCC5,AGT,0
MCM6,B4GALT3,0
PAPOLA,SOX4,0
HIST1H1E,ATF3,0
TCOF1,ODF2L,0
TRIM22,TERF1,0
HMGA2,ASPH,0
SALL3,MTMR2,0
NR1I3,CKS1B,0
ID3,UTP18,0
RBBP7,CDC20,0
ILF2,TAF7,0
RFXANK,NDUFAF5,0
ILF2,KIF20B,0
AHR,AFP,0
CHAF1A,ACADSB,0
NR1I3,FANCI,0
MCM5,TFRC,0
MCM6,ASCC3,0
FOXA1,BIN1,0
ZRANB2,DNPEP,0
NCOA1,DCLRE1C,0
FUBP1,NIP7,0
RBBP4,TARDBP,0
E2F7,NME2,0
KDM4C,BTG1,0
TCEB3,SSBP2,0
RUVBL1,ACADSB,0
TGIF1,POLR2L,0
CEBPZ,RUNX1T1,0
DNMT1,AFP,0
BRCA2,F3,0
DNMT1,VRK1,0
IRF1,PRPS2,0
THRB,HMGA2,0
CBX3,DEDD,0
CSRP2,FOXA2,0
MYCN,AATF,0
GLI2,GGCT,0
NR5A2,AXL,0
PA2G4,SHISA2,0
ILF2,IL32,0
YEATS4,THRB,0
MLXIPL,ETV5,0
XBP1,SMC4,0
IRF3,GLI1,0
NFYB,TPD52L1,0
DDIT3,EXOSC9,0
PTTG1,GEMIN2,0
SALL4,JAG1,0
SRSF2,DDX39A,0
HMGN3,SMAD5,0
POU2F1,NCAPG,0
ING1,TNNI3,0
PREB,GATAD2B,0
ING5,ARID3B,0
CSRP2,UGT2B11,0
BPTF,SNAPC1,0
EHMT2,NEIL2,0
HTATSF1,RNPS1,0
TCF7L1,DGAT1,0
ING1,BPHL,0
POLR2G,TERF1,0
TAF11,ARID3B,0
BIN1,FXR1,0
ZNF74,LAMB1,0
E2F3,SMARCC1,0
RNF2,TCOF1,0
ING3,ECT2,0
COPS5,DCAF13,0
COPS2,ARID3B,0
TAF11,NANOG,0
ZNHIT3,ZNF638,0
YEATS4,RBBP7,0
RNPS1,KIF22,0
TCEB3,HNRNPR,0
TAF1A,CUEDC2,0
SNRPD1,PLIN2,0
HNRNPD,TNFAIP3,0
NR5A2,MYC,0
TCF4,RAD51C,0
ZNF300,HPRT1,0
TBX3,ABT1,0
CSDE1,ZNF589,0
E2F3,BBS9,0
EPAS1,TNFAIP3,0
MAZ,RNASE4,0
TRIM28,YARS,0
TBX3,STC1,0
PAX6,WDYHV1,0
TFE3,DNPEP,0
RNPS1,MUSTN1,0
ZNF354A,NNAT,0
BCL11A,EPHX2,0
ZNHIT3,BSCL2,0
AEBP2,ACTC1,0
EGR1,ZDHHC4,0
IRF9,CDC20,0
POLR2G,TRIM22,0
GLI2,CNOT7,0
MYCBP,ANKRD1,0
ILF3,ANKRD1,0
AEBP1,CCDC82,0
AES,HIST1H1E,0
NR5A2,ECD,0
HNRNPK,SULF2,0
TADA3,SEPP1,0
TADA3,PRDM1,0
MYCBP,UBE2T,0
H1F0,PDGFRA,0
TGIF2,TP53,0
DRAP1,ADNP,0
ZNHIT3,NEIL2,0
RBMX,AEBP1,0
TP53,GMEB1,0
CEBPZ,POLR2L,0
SUPT16H,BUB1B,0
YBX1,BCS1L,0
CDX2,DPH5,0
BTG1,KLF6,0
NR3C1,ZNF638,0
TTF2,TAF5,0
CHAF1A,RBP4,0
GATAD2B,APEH,0
ESPL1,PDGFA,0
NR1I3,FOXH1,0
RUVBL1,CNOT10,0
ZNF300,LIN28A,0
PCGF6,ERBB4,0
CSRP2,NOTCH3,0
TGIF1,PON2,0
FOXA2,RUNX1T1,0
STAT2,HIPK2,0
MAF,NR2F6,0
MCM2,EED,0
MYCN,SP4,0
ENO1,ODF2L,0
PITX1,CTDSPL,0
GTF3C5,TFPI,0
ZHX1,ANXA3,0
NAA15,HMGCS2,0
FOSL2,LDB2,0
POU5F1,KNTC1,0
FHL2,ALDH9A1,0
WBP11,GATA4,0
NAA15,L1TD1,0
PAWR,PRC1,0
SSRP1,SRSF2,0
CTBP1,RNF4,0
KHDRBS1,KLF5,0
DAB2,CACYBP,0
SUB1,HMGA2,0
CNBP,GEMIN2,0
THRB,HMGCL,0
HCFC1,ANXA4,0
GTF2F2,TRERF1,0
DR1,CDK1,0
YEATS4,ANAPC7,0
SALL4,FOXP1,0
CREB1,NOTCH3,0
HMGB2,BRCA1,0
FUBP1,KDM4C,0
YBX1,TRIM22,0
MCM3,KHDRBS1,0
SSB,HMGA1,0
GATAD2B,BUB1,0
MED14,C3ORF14,0
ETV4,POLR2K,0
BTG2,CTSC,0
FHL2,TBPL1,0
MYBBP1A,KNTC1,0
EPAS1,C9ORF72,0
OTX2,MCM4,0
CREB3L3,TIMM9,0
SMARCE1,PITX1,0
ORC2,ING3,0
HNRNPUL1,TNFAIP3,0
GTF2I,MCM4,0
XBP1,TCF7L1,0
GTF2E1,PDGFRA,0
E2F7,TK1,0
NR3C1,LHX1,0
FUBP1,TNFAIP3,0
FUBP1,SMAD3,0
H1F0,CAPG,0
TRIM28,CCDC82,0
TAF9B,DDIT3,0
TAF1B,MAPK1,0
SMARCE1,YBX1,0
KDM4C,BPHL,0
ZHX1,SUV39H2,0
WBP11,TEAD2,0
TBX3,TBPL1,0
FOSL1,SMARCE1,0
CHD8,FBL,0
PAPOLA,FOXP1,0
LIN28A,UMPS,0
PREB,RBBP4,0
EZH2,DPYSL2,0
NUPR1,JUND,0
TCEA1,TFDP1,0
DRAP1,RFC1,0
FOXP1,AEBP1,0
MCM3,MYBL2,0
ORC2,CDKN1A,0
HNRNPD,TBPL1,0
SRRM1,AEBP1,0
POU2F1,ALDH9A1,0
E2F3,HELLS,0
POLR3D,SGOL1,0
RBM39,HAUS1,0
PAX6,CKS1B,0
ZNRD1,SUB1,0
EHMT2,BBS9,0
GTF2I,PDCD11,0
ZFHX3,RBMX,0
EED,RFXANK,0
TCF7L1,ACAD11,0
MTF2,HIF1AN,0
BTG1,PON2,0
TCOF1,NPM1,0
AEBP1,XBP1,0
TTF2,THRAP3,0
SKIL,HPRT1,0
PCGF6,XBP1,0
HMGN2,RAB34,0
SMARCA5,NIP7,0
DNMT3A,NR1H3,0
PA2G4,SMAD2,0
EGR1,THAP11,0
TEAD2,FKBP11,0
HMGA1,USP44,0
TADA3,COPS2,0
MXD1,TAGLN,0
BTF3,NUP35,0
GTF3C2,QTRTD1,0
TAF9B,HMGN1,0
MEF2C,GALM,0
HMGB2,TAGLN,0
CTBP1,SMC4,0
WBP11,DDX5,0
GATAD2B,SSB,0
SNRPB,MED4,0
BRIP1,L1TD1,0
THRB,LMO7,0
HIST1H1B,GPM6B,0
TEAD2,NCAPG,0
SMARCA4,LMO7,0
CBX3,RRM2,0
COPS5,ZNF589,0
ENO1,ERBB4,0
HIF3A,TDP2,0
TOPORS,DLGAP5,0
HNRNPD,TARBP2,0
SRRM1,COMMD10,0
SRSF6,ZNF160,0
ATF3,HMGB2,0
ZNHIT3,DROSHA,0
SP4,HTATSF1,0
SMAD2,ACY1,0
PAPOLA,ZFP36,0
TFDP1,CRABP2,0
BCL11A,DNMT3A,0
JARID2,BPTF,0
FOXH1,EXOSC9,0
TARDBP,TGIF2,0
SSBP2,ZNF567,0
PIAS2,GPM6B,0
POLR2F,JAZF1,0
HCFC1,TGIF1,0
ATF3,PAPOLA,0
HNRNPD,RAD54B,0
JMJD1C,FGB,0
PRDM14,TFDP1,0
TAF6,C1GALT1,0
XRCC5,KHDRBS1,0
SUV39H2,ASL,0
HNRNPD,ZFHX3,0
ZNF143,ERCC8,0
ZNF354A,RNASE4,0
RREB1,ORC2,0
NR1H3,GNPNAT1,0
ZIC2,ID3,0
GATA4,HPN,0
ZIC2,HCFC1,0
HNF4A,CA2,0
GABPB1,NCAPG,0
ASCC3,BMP2,0
GMEB1,GLIS3,0
MCM4,NDUFAF4,0
DNMT3A,PDLIM7,0
RUVBL2,ILF3,0
EZH2,E2F5,0
CTBP1,FOXA1,0
FOXA2,ANAPC7,0
AEBP2,LDB2,0
FOXO1,ZRANB2,0
FOXA2,DPH5,0
ATF3,ANG,0
ZNHIT3,CRAT,0
LIN28A,PSAT1,0
PHB2,POU2F1,0
NR5A2,EEF1E1,0
TRIM27,PHF5A,0
MYBBP1A,ZNF766,0
SUB1,PEMT,0
TTF2,H1F0,0
THRB,EXOSC9,0
POLR2D,BIN1,0
PTTG1,EGFR,0
PTTG1,JARID2,0
SALL4,PSMG1,0
TCF4,NUP88,0
RUVBL1,ZNF567,0
POLR2G,SIRT2,0
TRIP13,HMGN3,0
PARP1,DTWD1,0
HNF4A,TAF11,0
DDIT3,RNASEH2A,0
BRCA2,NUDT1,0
FOSL1,ESRG,0
GTF2I,C12ORF10,0
SRSF2,GNRH2,0
PIAS2,ATG5,0
ZHX1,DCTPP1,0
NR1I3,SIRT2,0
REST,OTX2,0
ZIC2,PPIL1,0
NONO,SGOL1,0
HIF1AN,ETS1,0
DDX54,GNRH2,0
KAT7,UCHL1,0
MAF,STMN1,0
TFE3,LAMB2,0
ZFHX3,ING3,0
ELF1,ZWILCH,0
ID3,ATP1B3,0
PCGF6,USP44,0
PA2G4,VTN,0
NONO,ZNF33A,0
MCM5,TAF5,0
SUB1,CHEK2,0
CEBPZ,EXOSC3,0
PAPOLA,QTRTD1,0
DDX20,HNRNPR,0
ILF3,ASPH,0
TFAP2C,CENPU,0
PRDM14,VCAN,0
POLR1E,CNBP,0
GATA4,LRR1,0
MCM5,TRIP13,0
PTTG1,ZNF354A,0
NCOA6,SRSF2,0
TARDBP,CBX3,0
NR2F2,CSRP2,0
SNRPB,LDB2,0
POLR3D,F3,0
ILF2,HMGN2,0
MCM2,SUV39H2,0
SUB1,DPYSL2,0
XBP1,APOA2,0
HMGN3,CCNB2,0
PITX2,POU2F1,0
ZFHX3,TP53,0
KHDRBS1,SRF,0
NOTCH3,NFIB,0
PPARA,MMS22L,0
POLR2L,CEBPD,0
SMAD3,ID2,0
POLR2B,ELF1,0
SMAD2,HMGN1,0
DDX20,THAP1,0
APEX1,LDB2,0
ID2,CSRP2,0
CEBPD,PA2G4,0
NONO,HNRNPAB,0
WDR5,GSN,0
HDAC1,GATA6,0
DR1,IRF1,0
HMGA2,PLAGL2,0
RBPJ,MAPK1,0
ZFHX3,ATP1B3,0
ZNF143,ANP32E,0
DAXX,BRCA1,0
HMGA2,CHD8,0
PHB2,DEPDC7,0
BRIP1,DDX20,0
NCOA6,CDCA3,0
POLR2L,ZNF160,0
FOXA2,NME2,0
LIN28A,RNF138,0
HIF3A,ALDH9A1,0
HCFC1,MTUS1,0
ASCC3,POLR2F,0
MAZ,GGCT,0
HNRNPD,LCMT1,0
CEBPD,ELF1,0
E2F8,BCS1L,0
CEBPZ,BPHL,0
APEX1,UQCC1,0
PIAS2,BST2,0
SMARCA4,RHOBTB3,0
TCEA1,SAAL1,0
DDIT3,PEG3,0
RBPJ,NCAPG,0
MCM3,TMEM120A,0
FOXO1,SFRP1,0
NFYB,FANCI,0
ZHX1,TCEB1,0
TFE3,FOXH1,0
E2F8,POLR2I,0
SALL3,POU2F1,0
IRF9,ACOX2,0
ECD,NR1I3,0
ILF2,DNAJC2,0
ERCC8,TERF1,0
POLR2B,MXD1,0
TADA3,TAF9B,0
HNRNPUL1,MYCBP,0
SMARCA5,FOSB,0
YAF2,TCOF1,0
MEF2C,SMARCA5,0
CNOT7,IFITM3,0
ZNF354A,PON2,0
POLR2B,TIMM9,0
HCFC1,TOP2B,0
SALL3,PPFIBP2,0
TFDP2,TARDBP,0
PAPOLA,TFAP2C,0
SRF,NUDT1,0
ATF3,ECD,0
ORC2,TOP2B,0
NANOG,HNF4A,0
UHRF1,WDR74,0
UHRF1,CHD8,0
SP100,APOC1,0
KLF5,ILF3,0
CHD8,RUNX1T1,0
HNF4A,CHEK2,0
DEK,NIP7,0
ZNF74,SRSF6,0
POU2F1,TTC39C,0
RBBP4,SOX4,0
ETV4,TIPIN,0
ENO1,QTRTD1,0
MYBL2,THAP11,0
RAD54B,ELF1,0
SSRP1,PHF5A,0
TCF7L1,CSDE1,0
E2F3,DPF2,0
MAF,HNRNPK,0
TARDBP,HP,0
BIN1,E2F7,0
DAB2,FOSL2,0
GABPB1,TBX3,0
ETS1,AKR1B1,0
SALL4,NR3C1,0
TIMELESS,GMNN,0
RAD54B,POLR2I,0
NFIB,PIM2,0
ATF3,DERA,0
PEG3,ASCC3,0
MYBBP1A,RFC2,0
CBX3,FEN1,0
NR2F6,OTX2,0
SMAD2,SIL1,0
POLR3E,SNRPD1,0
NME2,TMEM120A,0
FOXA1,UHRF1,0
AEBP2,CPSF3,0
TCF4,ITIH4,0
MCM6,NFYB,0
TRIP13,NAA15,0
MXD1,FGB,0
CHAF1A,THRB,0
RBBP7,GULP1,0
TBX3,UTRN,0
RBM39,HMGN3,0
HMGN1,PAPOLA,0
GTF3C5,F10,0
MTF2,MAFF,0
ID2,NPRL2,0
TRIM22,DPYSL2,0
RBBP7,NAA15,0
ZIC2,MAZ,0
DDX54,DERA,0
GATA4,MED14,0
TFAP2C,NFIB,0
HMGN2,BTF3,0
GTF2H2,GULP1,0
MYCN,RBMX,0
MAZ,ITIH4,0
ETS1,MCM5,0
PAPOLA,IFITM3,0
GLI1,RNASEH2A,0
GTF3C5,BRCA2,0
NR1I3,NNAT,0
SMARCA4,CREB3L4,0
SMARCE1,HERPUD1,0
RARG,SMARCA4,0
ZNF300,EBNA1BP2,0
IRF9,HAUS1,0
MTF2,ACAA1,0
AEBP2,MELK,0
AES,HIPK2,0
ID2,IRF1,0
DRAP1,TEAD4,0
NCOA1,ILF3,0
HMGN1,CDKN3,0
MCM5,GTF2E1,0
HIF1AN,COPS5,0
POU5F1,CTSE,0
TAF5,SPINK1,0
TRIM28,VRK1,0
ZNF143,HNRNPUL1,0
DDX5,ATP1B3,0
GTF3C2,DDB2,0
CHAF1A,ITIH4,0
DR1,COPS2,0
APEX1,ADSL,0
LIN28A,APOA2,0
CEBPD,SMARCD2,0
POU2F1,ENO1,0
EWSR1,PLAGL2,0
RAD51,SSRP1,0
FOSB,GLI2,0
TRIM22,ZNF33A,0
TFDP2,MELK,0
BRIP1,FAM64A,0
PAPOLA,BRIP1,0
HIF3A,LAMB2,0
KAT7,RBMX,0
POLR1C,DERA,0
BCOR,BSCL2,0
TCEA1,PDGFRA,0
NONO,GABPB1,0
NONO,WARS,0
PAX6,PPFIBP2,0
POLR2D,FAM13A,0
NR2F2,MPHOSPH9,0
BTG1,ZFYVE21,0
GTF2F2,P4HA2,0
HMGB2,TRIM25,0
H1F0,XRCC5,0
HIF1AN,CA2,0
BTG2,ZNF398,0
GABPB1,HSD17B11,0
BCL11B,PPFIBP2,0
SMARCE1,GULP1,0
REST,ACOT7,0
TFE3,HIST1H1C,0
DDX20,AASS,0
ZFP36,EEF1A1,0
BCL11A,EHMT2,0
TRIM22,STX8,0
PEG3,IL6ST,0
MYCBP,DNMT3B,0
CREB1,PA2G4,0
TOP2B,LDB2,0
COPS2,XPO5,0
RUNX1T1,ZBTB24,0
SALL3,GRHL1,0
PAWR,PMAIP1,0
ZFP36,MYCBP,0
NPM1,DPF2,0
TCERG1,TIPIN,0
RFX5,HP,0
RUVBL2,SERPINB1,0
NFYB,SLC38A2,0
PAWR,SSBP2,0
MCM2,BPHL,0
ING5,MRPS27,0
ETV4,MCM5,0
SNRPB,ZNF239,0
TAF9B,NUP88,0
POLR2F,ARID3B,0
PITX1,TCEA1,0
SIRT1,AFF4,0
E2F5,TAF5,0
MCM4,SEPP1,0
CNOT7,NUDT15,0
CTBP1,SEC14L2,0
HIST1H1E,IRF3,0
TADA3,GTF3C5,0
BRIP1,FOSB,0
ING3,TAF11,0
SOX2,GALK1,0
POLR2B,NIP7,0
SP100,DRAP1,0
BDP1,PAK1IP1,0
TRIP13,AASS,0
KAT7,TBPL1,0
MXD1,DOT1L,0
APEX1,VRK1,0
RUNX1T1,TEAD4,0
HNRNPD,SDAD1,0
NFATC2,FOXA2,0
BDP1,IRF1,0
CEBPZ,PMS1,0
AEBP2,HPN,0
CEBPA,HAT1,0
TRIM22,EGFR,0
BTG1,BPTF,0
CDX2,SUV39H2,0
TGIF2,POLR3D,0
NCOA1,IFITM3,0
POLR3D,PLAGL2,0
MCM3,SSRP1,0
KAT7,PSAT1,0
ZBTB16,SULT1A2,0
RUNX1T1,CENPK,0
NPM1,C19ORF48,0
SUB1,PEG3,0
GMEB1,RBBP4,0
SP4,BMP2,0
PHB2,TPM2,0
ZBTB3,POLR3D,0
RBM39,RAB25,0
TCERG1,NUPR1,0
EHMT2,KHDRBS1,0
TRIM27,BUB1B,0
GTF3C4,NR2F2,0
JARID2,EEF1E1,0
NRIP1,CHD8,0
TAF9B,ANXA3,0
SRSF6,CENPU,0
EZH2,NT5DC2,0
AATF,NUDT15,0
MCM4,SNRPD1,0
POLR2D,AHSG,0
TTF2,AIMP2,0
TCERG1,BLM,0
HIF1AN,KDM4C,0
TRIM27,LMO7,0
BTF3,FANCB,0
PRDM1,POLR2F,0
SRF,ANAPC7,0
RBMX,THRAP3,0
TNFAIP3,POLR1C,0
FOXO1,ZNF146,0
SRRM1,PEF1,0
BTG1,BPHL,0
SMARCE1,ASCC3,0
NFATC2,COMMD3,0
E2F4,WDHD1,0
GTF2H2,PSAT1,0
RNF4,TPM2,0
CNOT7,ITIH4,0
DDX5,PTTG1,0
DDX5,VCAN,0
HMGN3,NANOG,0
E2F8,JMJD1C,0
DRAP1,GLI2,0
NR5A2,CTDSPL,0
PSIP1,ACADSB,0
NANOG,PTTG1,0
SNRPD1,POLR2I,0
POLR2G,TEAD4,0
CREB1,ACTC1,0
XRCC5,STAT2,0
UHRF1,EFTUD2,0
ENO1,CNOT7,0
ZHX1,GTF2F2,0
FUBP1,DDC,0
BRIP1,E2F7,0
ING1,TEAD4,0
FOSL2,BMPR1A,0
CTBP1,ZNF217,0
SALL4,THYN1,0
NR1H3,RAD51AP1,0
FOXA1,CBX3,0
UHRF1,POLR2I,0
SNRPD1,GPC3,0
NANOG,UTP18,0
OTX2,COMMD10,0
RFXANK,SSRP1,0
TFDP1,SEPP1,0
ZFHX3,NNAT,0
TCOF1,TCF3,0
BCOR,E2F3,0
SRSF6,SSB,0
PARP1,THY1,0
MCM4,HCFC1,0
FOSL2,POLR2K,0
ERCC8,EXOSC3,0
FOXM1,TRIM28,0
STAT2,CREG1,0
HMGA2,NEK2,0
PSIP1,TBL1X,0
NONO,POLR2G,0
APEX1,ELL2,0
NR1I3,EPHX2,0
ZFHX3,MXD1,0
HTATSF1,WDHD1,0
STAT2,E2F7,0
POLR1D,ID2,0
MYBBP1A,POLR1D,0
MCM3,NCAPG,0
GTF2H2,KLF5,0
GLI2,GTF3C2,0
FOXO1,EIF5B,0
APEX1,ILF3,0
SMAD5,CCNB2,0
BTG1,PSAT1,0
SP4,TTC39C,0
SALL4,BCS1L,0
GTF2F2,ACY1,0
MYBBP1A,PDGFA,0
TCF4,DNAH14,0
SMAD2,BCS1L,0
KHDRBS1,SMARCE1,0
ZNF300,FGB,0
PHB2,MAF,0
TP53,ZFP64,0
HMGA1,PSIP1,0
CHD8,CREB3L2,0
NR1H3,AEBP1,0
BTG1,ZNF160,0
TCF4,CENPF,0
FOSL1,NCOA6,0
KAT7,SUB1,0
DRAP1,CEBPA,0
TAF1B,RNPS1,0
DRAP1,PAWR,0
APEX1,POLR2L,0
SMAD3,DPEP1,0
MYCBP,SEPP1,0
HCFC1,TIMM21,0
CEBPD,KLF3,0
ZNF300,DSN1,0
DAB2,JUND,0
KLF5,HMGN4,0
ESPL1,MIS18BP1,0
PRDM14,POLR3E,0
BIN1,MYBBP1A,0
TFE3,LCMT1,0
TRIM22,SALL3,0
TOPORS,MED14,0
MCM5,PAPOLA,0
FUBP1,LHX1,0
MAPK1,ADSL,0
KAT7,CREB3L2,0
SRSF1,NME2,0
EPAS1,F2RL1,0
PRDM1,HMGA2,0
PHB2,GLIS3,0
NFYB,AFP,0
CHD8,E2F5,0
NFATC2,ASPH,0
HNRNPUL1,DPYSL2,0
XRCC5,WBP11,0
FOXH1,THY1,0
TARDBP,RAD54B,0
IRF9,YBX1,0
GTF2E1,NFATC2,0
ENO1,POU2F1,0
SMAD5,XBP1,0
TFE3,EGR1,0
HDAC2,SMARCD2,0
HDAC1,USP7,0
KHDRBS1,NDUFAF4,0
NOTCH3,BMP2,0
SRSF1,F2RL1,0
SIRT1,NFATC2,0
POLR1E,SHISA2,0
YBX1,NAA15,0
FOSB,FOXO1,0
PIAS2,TAF6,0
HMGN1,FANCI,0
ZNF74,EOMES,0
POLR2G,MYCBP,0
ZRANB2,PREB,0
ILF2,SMARCC1,0
SRSF3,TCEB1,0
H1F0,ACAD11,0
PITX1,POP5,0
TADA3,GULP1,0
HMGN3,MTAP,0
CEBPA,CDK1,0
EEF1A1,GNPNAT1,0
BRCA2,STC1,0
ZNRD1,PLK1,0
TCERG1,HDAC2,0
YEATS4,BRIP1,0
NR2F6,SSBP3,0
HIPK2,POLB,0
APEX1,E2F4,0
NR1I3,F10,0
POLR1E,HMGCS2,0
ZNRD1,NFYB,0
HIST1H1E,HNRNPUL1,0
BCOR,POLR1C,0
PRDM1,HERPUD1,0
POLR1C,THY1,0
CEBPZ,DDB2,0
UHRF1,BPTF,0
ZNF300,PAPOLA,0
GTF3C4,ATF3,0
ETV4,HMGN4,0
CNOT7,HIST1H1B,0
RUNX1T1,CREB3L2,0
SRSF1,SSB,0
NANOG,TIPIN,0
TCEA1,RNPS1,0
CBX3,C12ORF10,0
AATF,SIL1,0
CHD8,ECT2,0
MAZ,DTWD1,0
NR1I3,POLR2B,0
TCEB2,TCF25,0
NR2F2,EHMT1,0
DDB2,STX8,0
RARG,ING3,0
SRSF6,HNRNPUL1,0
BIN1,U2AF1,0
PARP1,NSD1,0
E2F4,PITX2,0
ZHX1,DPCD,0
MCM2,EWSR1,0
ELF1,HP,0
PARP1,ING5,0
NR5A2,NANOG,0
SUB1,PPARA,0
XRCC6,ZBTB3,0
MAPK1,TCFL5,0
TEAD2,CDKN3,0
MCM5,CPSF3,0
FOXP1,BPHL,0
TFDP1,ANAPC4,0
WBP11,UBE2C,0
CEBPA,IRF1,0
ERCC8,TTR,0
DDX20,ETV4,0
TCEB2,POLR2G,0
POLR2B,CBR1,0
TCERG1,TCF7L1,0
BCOR,JARID2,0
FOXP1,HMGXB4,0
HMGB2,PBX1,0
KHDRBS1,AMBP,0
HMGN1,CUEDC2,0
FOXA2,KLF5,0
E2F3,DR1,0
HMGA1,TBL1X,0
POU2F1,VTN,0
NR2F2,NUDT15,0
TCERG1,DR1,0
RNPS1,FLRT2,0
NONO,E2F5,0
PITX2,PHF5A,0
XBP1,MEF2C,0
ZNF354A,PBX1,0
MYBL2,ISG15,0
CHAF1A,TRIM25,0
AATF,ELF1,0
ASCC3,STX8,0
H1F0,FOSB,0
SNRPD1,PSAT1,0
COPS5,U2AF1,0
ERCC8,EIF5B,0
ASCC3,COPS2,0
ID3,MMS22L,0
POLR2L,RNASEH2A,0
BRCA1,NUP93,0
PITX2,C19ORF48,0
ZNHIT3,NFKBIZ,0
SMARCC1,BPTF,0
TNFAIP3,EWSR1,0
JARID2,TERF1,0
FOSL2,RFX5,0
SP4,WDYHV1,0
BTG2,HNRNPR,0
BIN1,GTF2E1,0
NFATC2,ACADVL,0
CEBPA,ISY1,0
PSIP1,EED,0
KHDRBS1,NUSAP1,0
MLXIPL,PYGL,0
CSDE1,ANAPC7,0
KHDRBS1,POLR2F,0
BIN1,HIST1H1B,0
ZFP36,BCL11A,0
TCF3,TFF1,0
HIST1H1E,PHF5A,0
TCERG1,PSAT1,0
IRF9,MGST2,0
WDR5,TNFAIP3,0
BCOR,TRIM27,0
GTF3C2,DDAH1,0
GTF3C5,GTF2E1,0
GABPB1,NFKBIZ,0
HCFC1,FANCB,0
PRDM1,RBP2,0
HMGB2,XRCC6,0
HIST1H1B,MRPS27,0
GLI2,GALM,0
PAX6,LGALS1,0
MEF2C,MPHOSPH9,0
CHD8,OAZ2,0
FOSL1,GPN3,0
ORC2,STMN1,0
TCEA1,PEF1,0
H1F0,HNRNPAB,0
TCF7L1,FANCI,0
RUVBL1,HIF1AN,0
ECD,SHMT2,0
HIPK2,CA2,0
MAZ,AEBP2,0
MYCN,ASXL1,0
SP4,SUPV3L1,0
SNRPB,CNOT7,0
TGIF1,LRR1,0
PREB,TERF1,0
ORC2,RNASE4,0
PRDM1,MTFP1,0
BCOR,MAP1B,0
NME2,PPT1,0
ENO1,WDHD1,0
TCEB3,DRAP1,0
TAF1B,ACADVL,0
BRIP1,NDUFAF5,0
FOXP1,EEF1E1,0
DDX54,GTF3C2,0
POU5F1,MCM4,0
SRSF3,NPM1,0
BTG2,AEBP1,0
TBL1X,TEX10,0
GATA4,AFF4,0
SSB,HIF3A,0
POLR3D,GTF2I,0
TRIP13,MED21,0
HIPK2,P4HA2,0
GTF3C4,EED,0
ZNF354A,WIPI1,0
NRIP1,DDB2,0
STAT2,C19ORF48,0
TCF4,PPIL1,0
FOXO1,EZH2,0
DDX5,IL32,0
NCOA6,TCF25,0
NR3C1,FGA,0
CTBP1,SSBP3,0
GMEB1,ACY1,0
CHD8,DKC1,0
POLR1B,ID2,0
KAT7,FEN1,0
NAA15,GTF3C4,0
FHL2,ETV5,0
KAT7,GABPB1,0
SUB1,ZNF217,0
GTF3C5,RAI14,0
POLR1D,CIDEB,0
PARP1,AXL,0
HIST1H1E,RBMX,0
RBM39,PDZK1,0
ING5,CENPE,0
SNRPD1,PIAS3,0
RBMX,DAXX,0
NR5A2,LEAP2,0
GABPB1,ACY1,0
LIN28A,PLAGL2,0
TAF1B,B4GALT3,0
RFC1,ANG,0
FUBP1,CD9,0
CTBP1,HMMR,0
SRF,THAP1,0
HIPK2,FGA,0
JUN,OTX2,0
ZFHX3,ATF3,0
TOP2B,FOSB,0
HIF1AN,RSU1,0
SRSF1,HTATSF1,0
FOXM1,DSN1,0
KNTC1,MYBL2,0
SALL3,PLAGL2,0
EWSR1,SRSF1,0
GTF2E1,HESX1,0
ZNF74,CCNB1,0
TRIP13,UCHL1,0
SUPT16H,CCDC82,0
XRCC5,NPRL2,0
GTF2F2,SLC25A20,0
MCM2,AMBP,0
PEG3,SCAPER,0
KHDRBS1,STAT2,0
RAD51,CNBP,0
TP53,COMMD10,0
BPTF,TTC39C,0
CSDE1,DAXX,0
SKIL,RFXANK,0
BRIP1,DSN1,0
HDAC1,RNF138,0
TRIM27,THOC1,0
TAF1A,POLB,0
PREB,ANXA3,0
TNFAIP3,VTN,0
TCEA1,CREB3L4,0
DDIT3,BCOR,0
TGIF1,RBMX,0
RNF2,PTMA,0
TOPORS,TDGF1,0
DDB2,SRSF1,0
ZNF74,DAXX,0
SP4,PRIM1,0
DDB2,LHX1,0
RNPS1,POLR1D,0
RBM39,CETN3,0
E2F5,TMEM37,0
XRCC6,POLR3D,0
APEX1,MTF2,0
FOXP1,ANP32E,0
CHAF1A,RUVBL2,0
FHL2,NUF2,0
GTF2F2,FXR1,0
POLR1B,FANCI,0
EZH2,TAF1B,0
GABPB1,SMARCD2,0
RNF2,C19ORF48,0
EEF1A1,HSD17B11,0
ING1,MCM4,0
ESPL1,TAF5,0
CEBPA,DNMT1,0
RFC1,TNFAIP3,0
RBBP7,RARG,0
RAD51,SRSF1,0
ECD,TRIP13,0
POLR2F,DDIT3,0
BCL11A,IFITM3,0
EWSR1,TUBB6,0
POLR2B,S100A6,0
RUVBL1,TCF25,0
CREB3L3,CAMK2D,0
CEBPZ,POLB,0
HMGN1,RFC1,0
JMJD1C,FOXM1,0
ZNF143,ADSL,0
TBX3,SMOX,0
CNOT7,OTX2,0
ZBTB3,DDB2,0
POLR2D,RBP2,0
SNRPD1,CCL2,0
XRCC5,PCGF6,0
NCOA6,TP53,0
NRIP1,BUB1B,0
NFIB,IRF3,0
NOTCH3,ZNF146,0
NME2,CCNB2,0
CEBPZ,YARS,0
RUVBL2,SSBP3,0
CREB3L3,CDCA3,0
KLF6,RBMX,0
PPARA,NR3C1,0
RARG,BMP2,0
ERCC8,MTUS1,0
PAX6,TBL1X,0
SMARCA5,SLC7A7,0
GTF3C2,ANAPC7,0
ATF3,PIAS3,0
REST,RAD51C,0
COPS5,THOC1,0
CSRP2,MYBL2,0
SMAD3,RAD51C,0
SUPT16H,ZRANB2,0
TOPORS,BCL11B,0
TAF9B,MTMR2,0
MAPK1,ITGB5,0
GTF3C2,APOA4,0
SALL4,DSN1,0
HNRNPUL1,ZFHX3,0
TOPORS,DDX39A,0
DEK,TBL1X,0
NUPR1,CNBP,0
REST,PITX1,0
SRSF3,ERBB4,0
SMARCA5,SKA3,0
FOSB,APOA2,0
AES,GPM6B,0
TADA3,TUBB6,0
NONO,PLAGL2,0
NUPR1,IRF9,0
RBM39,BRIP1,0
PAX6,ESPL1,0
DR1,NIF3L1,0
HMGA1,DNMT1,0
TRIP13,SEMA3E,0
POLR3D,RNPS1,0
TAF5,KNTC1,0
POLR2B,MED14,0
MYCN,HNRNPAB,0
AHR,RNF19A,0
SP4,STX8,0
ZNF300,IMP4,0
BDP1,RRM1,0
TRIM22,SMC4,0
DNMT1,DKC1,0
MYCN,CKS2,0
GLI1,BLVRA,0
DRAP1,TARDBP,0
TFDP2,KDELR3,0
RARG,PBX1,0
BRCA2,THAP1,0
UHRF1,TK1,0
TCEB2,APEH,0
MYCBP,CEP70,0
AEBP1,POLR2K,0
HMGA2,EYA3,0
PCGF6,AATF,0
MEF2C,GNPNAT1,0
UHRF1,SNRPD1,0
RAD51,SRSF2,0
HMGN1,SIL1,0
RNF2,LGALS2,0
WBP11,POLR1B,0
CTBP1,TRIM28,0
H1F0,PBX1,0
RAD51,MLF1,0
BTG1,ASXL1,0
ZRANB2,DPAGT1,0
DRAP1,GLI1,0
CBX3,ZBTB24,0
ZNF300,ZFP64,0
RBPJ,TNNI3,0
AEBP1,NUPR1,0
SRSF6,HNRNPAB,0
TFE3,NOP16,0
UHRF1,C9ORF72,0
TCERG1,FOXP1,0
ZNF300,AES,0
NR5A2,POLR1C,0
NR5A2,TFRC,0
TADA3,REST,0
DDX20,NCOA6,0
TRIM22,CACYBP,0
TFAP2C,GTF2H2,0
BIN1,TIMM21,0
HIF3A,CCNB1,0
ZRANB2,TNNT1,0
CHAF1A,CAPG,0
ZIC2,SMARCC1,0
JARID2,RAD54B,0
ILF3,UCHL1,0
E2F4,WARS,0
JUND,TEX10,0
PAPOLA,CNOT7,0
XBP1,IL32,0
KNTC1,ID3,0
MCM7,HNF1B,0
NME2,POLR1B,0
KLF6,DPF2,0
SNRPD1,FABP1,0
SRSF2,TPM2,0
PTTG1,BTG1,0
TAF11,CHEK2,0
IRF1,CREB1,0
CREB1,GTF2I,0
IRF1,CREB3L2,0
SMAD2,MED14,0
NUPR1,ATL2,0
HCFC1,TEAD4,0
COPS5,CDX2,0
HMGN3,PITX2,0
CEBPA,BPTF,0
NOTCH3,BCL11A,0
PSIP1,POLR1C,0
COPS2,RAB34,0
DDB2,EHMT1,0
RUVBL1,ZRANB2,0
TAF1A,SF3B3,0
TFDP1,DNAH14,0
MXD1,ANP32E,0
HNRNPD,TFE3,0
SMARCE1,CTSC,0
BTF3,EED,0
TEAD2,NIP7,0
TADA3,ZNF398,0
NCOA1,TFE3,0
TRIM27,TPM2,0
RFX5,RNASE4,0
NR1I3,TEAD2,0
MCM5,BCS1L,0
ETV4,AFF4,0
BRCA1,TDP2,0
TCF4,MYBL2,0
MED21,JARID2,0
GTF2H2,SRSF3,0
PREB,KHDRBS1,0
HIST1H1B,GTF2F2,0
POLR1B,ZIC2,0
TBL1X,ACY1,0
PTMA,CDC20,0
TCF7L1,NOP16,0
TFDP1,PDLIM7,0
E2F8,DDX5,0
TEAD2,SEPP1,0
GTF2H2,ASL,0
MATR3,HMMR,0
HTATSF1,ING5,0
MYCN,NOP16,0
SMARCE1,TFDP1,0
SP4,MED14,0
DRAP1,MCM8,0
KAT7,TOP2B,0
ID3,FOXP1,0
TIMELESS,ACTL6A,0
ETV4,DDAH1,0
DDB2,SP100,0
SP4,SRF,0
BIN1,CENPE,0
H1F0,ZNF33A,0
FUBP1,GALM,0
COPS2,BCOR,0
XBP1,POLR2I,0
NR3C1,PITX1,0
SUB1,MED20,0
TFAP2C,FLRT2,0
CEBPZ,TFAP2C,0
HIST1H1E,CXXC1,0
MCM6,PSAT1,0
RBMX,MIS18BP1,0
SSBP2,STC1,0
MYBBP1A,STAT2,0
HMGN3,UGP2,0
NFYB,ZNF160,0
FOXO1,SERPINB1,0
CTBP1,DAXX,0
APEX1,SMARCE1,0
CHAF1A,YBX1,0
SRSF3,XBP1,0
SRSF3,DNMT3A,0
SKIL,SALL3,0
CHD8,RNF2,0
POLR2G,MTTP,0
TARDBP,CENPF,0
POLR2G,HIF3A,0
CSRP2,DDAH1,0
DDX54,PRIM1,0
MXD1,ALG6,0
WBP11,CCL2,0
NCOA6,MYC,0
E2F5,BBS9,0
MCM2,SSBP3,0
MXD1,NAA15,0
TCERG1,THRAP3,0
BPTF,LAMB2,0
RFX5,CDKN1A,0
KLF6,RRM2,0
SRF,NUF2,0
MYBBP1A,SMARCE1,0
FOXH1,APOC3,0
KHDRBS1,LAMC1,0
RAD51,MAP1B,0
SSBP2,CCL2,0
MYCN,DR1,0
TRIM28,CDCA7L,0
HDAC1,DTWD1,0
TARDBP,ZNF33A,0
NR1I3,BMP2,0
MYBBP1A,CENPW,0
ATF3,UGP2,0
AATF,PYGL,0
HMGA1,CAPN12,0
GTF2I,BRCA2,0
MYBL2,VEZF1,0
KHDRBS1,TCFL5,0
RUVBL1,AFF4,0
KLF6,MYCN,0
TFE3,AASS,0
ING3,CENPN,0
HDAC2,GTF2F2,0
TCEB2,CEP70,0
TAF9B,RNASE4,0
SIRT2,RNF2,0
GTF2H2,MYCN,0
ID3,TFPI,0
MED21,SCAPER,0
ZNF300,CMC1,0
DDIT3,E2F7,0
KLF6,ZNF581,0
ZBTB3,PIAS3,0
NANOG,ZBTB3,0
MCM5,RNASE4,0
GTF3C2,EBNA1BP2,0
OTX2,BIN1,0
BCL11B,CTBP1,0
ING5,THY1,0
POLR2D,HPN,0
POLR2B,IL6ST,0
WBP11,TCEB2,0
SIRT1,TAF1A,0
ING3,TIMELESS,0
POLR3D,ARL6IP6,0
NR2F6,RBPJ,0
NR1H3,POLR2K,0
AATF,FANCB,0
MCM2,BMP2,0
MCM8,RFC4,0
SP100,ARID2,0
DDIT3,NUDT15,0
NPM1,ZNF160,0
TFE3,RUNX1T1,0
MCM8,RAD51C,0
ZFHX3,XPO5,0
SNRPB,GMEB1,0
PIAS2,TTC39C,0
YBX1,GLIPR2,0
SRSF6,RARG,0
XRCC5,CTSC,0
SALL2,SUPT16H,0
RUVBL2,THAP11,0
PAWR,LGALS3,0
RBM39,LGALS3,0
CSRP2,ETV4,0
POLR2F,ZNF202,0
POLR2L,SULF2,0
ERCC8,LAPTM4B,0
ZNF74,IRF3,0
ZNF300,LAMB1,0
MCM2,DEDD,0
SRSF1,HIST1H1B,0
DDX54,FANCB,0
KDM4C,CAMK2D,0
JARID2,SUPT16H,0
MAF,ERCC8,0
TARDBP,CCL2,0
GTF3C4,POLR2D,0
ZNF354A,SERPIND1,0
IRF9,MATR3,0
MYCN,UCP2,0
POLR2L,SRSF1,0
NME2,RAB25,0
JMJD1C,CTSC,0
SIRT1,HNRNPR,0
SUPT16H,MAZ,0
ETS1,QTRTD1,0
MCM2,RAI14,0
POLR2D,FEN1,0
TCF7L1,PRPS2,0
YAF2,TDGF1,0
ZNF638,ITIH4,0
MCM6,RRM1,0
POLR1E,PPARA,0
TP53,P4HA2,0
GLI1,S100A6,0
PIAS3,TAF6,0
HNRNPD,ALG6,0
MXD1,CDK4,0
DNMT3A,SRSF2,0
TTF2,TTC39C,0
E2F8,LCMT1,0
CNOT7,LGALS2,0
ZNF354A,MSH2,0
YAF2,HIST1H1B,0
BPTF,STX8,0
SSRP1,GEMIN2,0
CEBPD,ID3,0
BTG2,MYBL2,0
ZIC2,H1F0,0
RBBP7,THOC1,0
SRSF3,FOXP1,0
BRCA1,EPAS1,0
JUN,GALK1,0
FHL2,ACADVL,0
RBBP7,RFC1,0
SRF,ITGB5,0
CDX2,SMARCE1,0
ZNF143,TRIM22,0
MYBBP1A,DPYSL2,0
DDX20,CNOT10,0
NR5A2,AASS,0
FOXP1,ABT1,0
PTTG1,MYCN,0
PA2G4,VCAN,0
BRCA1,RUNX1T1,0
POU5F1,RNASEH2A,0
BPTF,BSCL2,0
RUVBL1,EWSR1,0
PPARA,EGFR,0
TCERG1,HMGN2,0
E2F4,SDAD1,0
HMGA2,SMARCE1,0
ZNHIT3,PAPOLA,0
ZHX1,LGALS3,0
TBL1X,IFITM2,0
E2F3,SSBP2,0
ZBTB16,BRIX1,0
POLR2F,TCERG1,0
IRF9,LCP1,0
MAZ,NANOG,0
E2F4,ERBB4,0
TCOF1,MYBBP1A,0
POLR2F,TK1,0
YBX1,ACADSB,0
TCEB2,GPC3,0
GTF2F2,F2,0
SALL4,MTMR2,0
XRCC6,KLF3,0
DDX54,SUPV3L1,0
PIAS2,SNRPD1,0
ZIC2,NANOG,0
ESPL1,UBE2C,0
DDX20,FHL2,0
TCEB2,LDB2,0
NME2,POLB,0
COPS5,TGIF2,0
FOXP1,SULT1A2,0
BPTF,UTP18,0
NME2,ETV5,0
TCEB1,DDB2,0
DEK,XRCC6,0
NFIB,SCD5,0
POLR2K,NFIB,0
NCOA1,ZBTB3,0
RBBP4,FABP1,0
SRRM1,RNF138,0
TGIF1,DCAF13,0
NR1I3,FOSL1,0
HIPK2,CREB1,0
HCFC1,AATF,0
FOXM1,ARL6IP6,0
TRIP13,CBX3,0
ECD,BTG1,0
ZHX1,HNRNPK,0
NANOG,GTF3C5,0
NFIB,MST1,0
ENO1,ZNF202,0
NFYB,B4GALT3,0
SALL2,BRIP1,0
BCL11A,THRAP3,0
DNMT1,RNASE4,0
MLXIPL,MTMR2,0
CEBPA,SUPT16H,0
TCEB3,RAI14,0
RAD54B,TOP2B,0
MCM5,HAT1,0
PA2G4,SUB1,0
ATF3,RRM1,0
GTF2E1,DPH5,0
NFYB,TOPORS,0
KDM4C,PARPBP,0
PAX6,AURKA,0
ZRANB2,DDX54,0
DAB2,CMC1,0
HMGN2,PTTG1,0
ZRANB2,RNASE4,0
ZNF74,CENPN,0
ZNF143,TEAD2,0
ZHX1,TAF5,0
GTF3C4,CBX3,0
PTTG1,NUF2,0
POLR1C,NPM1,0
DRAP1,EPAS1,0
ETS1,CUEDC2,0
MXD1,MAP1B,0
SNRPD1,ZIC3,0
SRRM1,SCAPER,0
TCERG1,DUT,0
DAB2,SEPP1,0
HIST1H1B,SRSF1,0
ILF3,POLR1B,0
SUV39H2,HIST1H1C,0
FHL2,NOTCH3,0
SNRPB,HNRNPH2,0
RFX5,RFC4,0
HMGN3,TEAD2,0
TIMELESS,TERF1,0
MYBBP1A,PDGFRA,0
CDX2,MED20,0
ZNHIT3,PREB,0
RBBP4,VRK1,0
NR5A2,SRSF2,0
SOX2,IRF1,0
ETV4,DGAT1,0
XRCC5,ZNF581,0
FOXA1,ATL2,0
GLI2,CCS,0
ZRANB2,ATP1B3,0
SALL3,U2AF1,0
BTG2,TPM2,0
BCL11B,ACTL6A,0
REST,GPN3,0
KAT7,EEF1A1,0
ZNF143,UQCC1,0
NME2,PEMT,0
NFATC2,SPINK1,0
ZNF74,FOXM1,0
NFATC2,GMNN,0
TAF1A,ZNF398,0
TEAD2,TF,0
EWSR1,UTP18,0
MCM6,TFE3,0
EZH2,C11ORF1,0
EED,FLRT2,0
TGIF1,EXOSC9,0
HMGB2,TARDBP,0
MEF2C,BIN1,0
PTMA,BRCA2,0
FOXP1,VEZF1,0
BIN1,HNRNPR,0
SALL4,RSU1,0
PITX2,NVL,0
POLR3D,POP5,0
BRCA1,LGALS3,0
RBBP4,H1F0,0
RNF4,CDC20,0
IRF9,DEDD,0
PHB2,TAF6,0
SALL2,CCDC82,0
PIAS3,DPH5,0
MCM3,FOXO1,0
FOSL2,ZBTB24,0
KAT7,HMGA2,0
SUV39H2,DPH5,0
KAT7,PSIP1,0
NR2F6,COQ3,0
EGR1,ZNF143,0
GTF2H2,AURKA,0
PAWR,PAK1IP1,0
TCF7L1,HMGA2,0
EZH2,CUEDC2,0
GTF2F2,PLAGL2,0
TAF1B,RAD51AP1,0
CEBPZ,SMAD5,0
EWSR1,NONO,0
ILF2,RAD54B,0
ORC2,CDK1,0
AHR,BLM,0
ZNF354A,RAD51,0
FOXM1,ZNF581,0
DEK,PHF5A,0
SOX2,TGIF2,0
BTF3,SSBP2,0
RFXANK,SEC11C,0
DR1,UGP2,0
DNMT3A,SALL3,0
TOP2B,ADSL,0
XBP1,MMS22L,0
ENO1,ACY1,0
EZH2,TAF5,0
KDM4C,POLR2D,0
NR1I3,CREG1,0
BCL11A,HAUS1,0
ZNRD1,TIMM9,0
NCOA6,ASNS,0
TCEA1,BMP2,0
NPM1,SMARCE1,0
DDX54,MED4,0
PRDM14,NPM1,0
PIAS2,EGR1,0
ZHX1,F3,0
FOXM1,DDX39A,0
ELF1,CBR1,0
MCM8,P4HA2,0
DDX5,ENO1,0
TOP2B,ZNF589,0
IRF3,BMPR1A,0
CREB1,DPCD,0
SALL2,DAXX,0
CBX3,HERPUD1,0
HMGB2,PPFIBP2,0
TAF7,JAZF1,0
RFX5,MYC,0
POU5F1,CCNB1,0
AEBP1,TCEB2,0
TFAP2C,ZIC3,0
ZNF300,EGR1,0
HTATSF1,P4HA2,0
ORC2,TEAD4,0
ESPL1,ACADVL,0
GTF3C5,EXOSC3,0
CNOT7,NOTCH3,0
ZIC2,POLR3D,0
MAZ,LITAF,0
MCM4,THRB,0
TAF6,ZFHX3,0
AES,ANKRD1,0
SSRP1,KLF6,0
POLR2G,CTDSPL,0
AATF,CCS,0
CREB1,ZNF160,0
HMGN3,CSRP2,0
ID2,PMS1,0
MLXIPL,ARID3B,0
PARP1,ESPL1,0
PCGF6,AGTRAP,0
KNTC1,ILF3,0
PAX6,U2AF1,0
TTF2,TF,0
TCF3,RFC2,0
BIN1,EFNA1,0
KLF6,TRIM27,0
CNBP,HMGN3,0
PTTG1,CBX3,0
SMARCA4,NR5A2,0
STAT2,ITGB3BP,0
SKIL,STAT2,0
DDX5,PAFAH1B3,0
SMAD5,PSAT1,0
ZIC2,MCM2,0
POLR2D,HMGN4,0
SMARCE1,SP100,0
MTF2,JARID2,0
HMGA1,NR2F2,0
NR2F6,ATF3,0
CEBPD,BPHL,0
SUPT16H,MCM2,0
TRIP13,CSRP2,0
ILF2,NUF2,0
SRSF1,SALL2,0
GTF2I,TFAP2C,0
PIAS2,ZNF202,0
RFX5,HNRNPK,0
BTG1,WDR5,0
MCM6,USP7,0
NOTCH3,DEDD,0
KDM4C,C3ORF14,0
HMGN3,CEBPZ,0
YAF2,EED,0
ESPL1,EYA3,0
POLR2D,ZBTB16,0
ZNF638,SMOX,0
ILF3,GPM6B,0
FOXA1,ETV5,0
PIAS3,SPP1,0
ID3,ACTC1,0
DDIT3,UBE2T,0
NCOA6,DDAH1,0
RBMX,MTUS1,0
PIAS3,BMPR1A,0
SRSF1,SP100,0
ETS1,HMGCS2,0
TCF3,SULF2,0
CNBP,ANPEP,0
AES,HNRNPD,0
TCF3,ZDHHC4,0
EGR1,BUB1B,0
E2F5,PYGL,0
ELF1,CCND1,0
NONO,AASS,0
PTTG1,TMEM37,0
XRCC6,PLK1,0
XRCC6,GMEB1,0
SOX2,ETV5,0
PIAS2,CENPE,0
POLR2B,NCAPG,0
ETS1,E2F4,0
RUVBL1,ACY1,0
TFAP2C,DPF2,0
ILF2,HMGA1,0
POLR1B,HNRNPUL1,0
SMAD5,AHR,0
ZBTB3,GLIPR2,0
AHR,ZNRD1,0
RBBP4,SIL1,0
NR2F2,CRABP2,0
SRF,PARP1,0
GMEB1,ADSL,0
CREB1,MST1,0
MCM6,ANLN,0
BTG2,TCOF1,0
TBL1X,CDC20,0
RBM39,CREG1,0
GMEB1,KLF3,0
TNFAIP3,HERPUD1,0
GTF3C2,ATL2,0
MED21,CEBPA,0
RUVBL2,IRF3,0
TADA3,LHX1,0
ZFHX3,HPN,0
PBX1,FLRT2,0
LIN28A,LEAP2,0
SKIL,PLIN2,0
HCFC1,SNAPC1,0
DDB2,ACOT7,0
SUV39H2,EGF,0
EPAS1,HMGB2,0
GATA6,HNRNPAB,0
XRCC6,SGK1,0
PTTG1,SALL3,0
CSDE1,EWSR1,0
GATA6,SUPV3L1,0
BIN1,CDCA3,0
ORC2,PREB,0
IRF9,BTG2,0
PHB2,JMJD1C,0
THRB,TCEB1,0
HIPK2,TCF7L1,0
POU5F1,SLC7A7,0
ZHX1,ANAPC7,0
TCF4,LIN28A,0
BCOR,MMS22L,0
HIF3A,SLC7A3,0
ID3,TCF25,0
MYCN,PMAIP1,0
YEATS4,OTX2,0
ZHX1,DCAF13,0
MAPK1,CDK1,0
TAF6,HMGCL,0
EWSR1,POLR2L,0
SRSF3,TCEB2,0
MLXIPL,PHB2,0
MAPK1,ZIC2,0
RFX5,IMP4,0
SRSF1,MTF2,0
BIN1,NCOA1,0
WDR5,AES,0
TCOF1,MIS18BP1,0
HIST1H1B,CEP70,0
CDX2,RBMX,0
E2F8,FANCB,0
GLI1,NPRL2,0
BCL11A,TRERF1,0
SIRT2,TERF1,0
TCEB1,STMN1,0
FOXH1,AHR,0
EZH2,VEZF1,0
SKIL,CKS1B,0
JARID2,G6PC3,0
DDB2,LDB2,0
SALL3,ZFYVE21,0
TCOF1,ANKRD1,0
ETS1,MED30,0
TAF9B,CXXC1,0
CEBPA,AGTRAP,0
BTG1,PEMT,0
BDP1,SCD5,0
EHMT2,SOX11,0
TARDBP,CREB3L3,0
NCOA1,P4HA2,0
JARID2,PRPS2,0
TFAP2C,TARDBP,0
YEATS4,RNF2,0
TCEB3,USP7,0
PHB2,CDCA7L,0
RFXANK,SSB,0
PCGF6,TOP2A,0
SIRT2,HMGCS2,0
RNF2,FHL2,0
SRSF2,COQ3,0
ID2,SHISA2,0
PEG3,TIMM21,0
MAZ,NOP16,0
NFYB,POU2F1,0
PRDM1,SIRT2,0
PEG3,CDK4,0
XRCC6,VEZF1,0
ID2,UBE2T,0
RNF2,ASL,0
PRDM1,EED,0
CHAF1A,MTAP,0
FUBP1,YAE1D1,0
NFIB,IL32,0
MCM7,ZNF160,0
SIRT2,TCF4,0
BRCA2,MSH2,0
JUND,XRCC6,0
PARP1,HDGF,0
MATR3,PPARA,0
ETS1,AEBP2,0
FOXH1,ARID3B,0
NFATC2,RBM39,0
RAD54B,ZNF398,0
PIAS3,SSBP3,0
RBPJ,EFTUD2,0
SRSF6,XBP1,0
PA2G4,COPS2,0
PITX2,PAK1IP1,0
RBMX,TARBP2,0
FOSL2,ALDH9A1,0
CEBPA,ZNF93,0
HNRNPD,APOC1,0
FHL2,SMOX,0
MCM2,ASCC3,0
POLR1B,NUF2,0
DDX5,SIRT1,0
COPS2,DROSHA,0
JMJD1C,F3,0
GLI2,PEF1,0
TAF1A,ETV1,0
TFDP1,OTX2,0
SRRM1,MELK,0
HIST1H1E,JAG1,0
POLR2B,JAG1,0
ESPL1,POLR2D,0
POLR1E,GALK1,0
PAPOLA,HDAC2,0
EWSR1,E2F8,0
HDAC2,ISG15,0
RREB1,TOP2B,0
MTF2,PPFIBP2,0
ING1,ASXL1,0
PBX1,EBNA1BP2,0
SRSF3,LAMB1,0
MCM7,NFKBIZ,0
E2F7,RBPJ,0
KNTC1,FOXA1,0
XRCC5,ANXA3,0
FUBP1,NEIL2,0
TOPORS,ECT2,0
RBPJ,MAP1B,0
ILF2,POLR1C,0
ZFP36,PLA2G12B,0
POLR1C,PREB,0
PEG3,RSU1,0
HMGN3,TP53,0
TGIF2,TTR,0
MYCN,PAWR,0
ZBTB3,TF,0
GLI1,E2F4,0
SUV39H2,FOXM1,0
GATA4,DRAP1,0
FOXP1,KNTC1,0
SALL4,EFNA1,0
FOXO1,ZNF644,0
ZNF143,MAD2L1,0
TCF4,RBPJ,0
NR1H3,SMOX,0
MCM7,PPFIBP2,0
RBMX,CEBPA,0
HMGA2,FOXA2,0
SKIL,IL32,0
TAF9B,ZBTB3,0
SIRT2,U2AF1,0
E2F4,ZDHHC4,0
RAD54B,SMARCE1,0
IRF1,NUPR1,0
ZBTB16,ZNF567,0
H1F0,CCND1,0
NUPR1,SRRM1,0
SALL3,FLRT2,0
PPARA,NUSAP1,0
GMEB1,ACADVL,0
SALL4,HNRNPR,0
TCF7L1,PEMT,0
FOXM1,MTUS1,0
PIAS2,XPO5,0
TFAP2C,KDM4C,0
HIST1H1C,MTFP1,0
IRF1,PIAS2,0
BCL11A,EWSR1,0
NR3C1,GEMIN2,0
NOTCH3,E2F4,0
H1F0,HP,0
TTF2,TNNT1,0
TCF4,MED30,0
TAF11,DDIT3,0
BPTF,MTUS1,0
DEK,GLI1,0
TCEB2,NOP16,0
GLI1,MYC,0
DNMT3A,CCND1,0
AATF,MCM2,0
RUVBL2,ACADVL,0
ZBTB3,CAPN12,0
JMJD1C,HIST1H1C,0
SMAD2,STMN1,0
SRSF1,ITIH4,0
APEX1,BBS9,0
AES,EZH2,0
TAF11,ZFYVE21,0
MYCN,SUB1,0
PSIP1,ISG15,0
GLI2,RAD51C,0
TOPORS,MYCN,0
CEBPZ,FGB,0
POLR3D,ZNF644,0
POU2F1,CEBPD,0
HNRNPK,DPCD,0
POLR2D,RBBP4,0
GTF2E1,THYN1,0
SKIL,ANPEP,0
TFE3,TAF11,0
TGIF1,VCAN,0
BRCA2,TRERF1,0
FHL2,THOC1,0
SRSF6,SOX4,0
ASCC3,ITGB3BP,0
ZNF354A,NPM1,0
SMAD2,TFE3,0
HIST1H1B,TAGLN,0
SRSF2,CA2,0
MLXIPL,F2,0
ZFP36,BTG2,0
TCEB3,GGCT,0
RARG,CCDC82,0
STAT2,ASL,0
SUV39H2,RFC4,0
HNRNPK,ANKRD1,0
DDX20,C3ORF14,0
ZNF638,ITGB5,0
RFX5,RNASEH2A,0
SALL3,SLC38A1,0
MCM3,TCEA1,0
PARP1,ING3,0
NAA15,KIF22,0
ERCC8,CMC1,0
DDX5,CDX2,0
NUPR1,MSH2,0
CHD8,PSMG1,0
SMAD2,NUP88,0
DRAP1,CREB3L2,0
GTF3C2,GTF3C5,0
PSIP1,MORN2,0
PAWR,ETV5,0
PAPOLA,CDCA3,0
TTF2,CHEK2,0
KHDRBS1,WBP11,0
HIST1H1B,SMC4,0
YBX1,SKA3,0
SRRM1,LAMB1,0
DDB2,PITX2,0
TFAP2C,PEG3,0
TCEB3,PRC1,0
MCM4,RNF2,0
HDAC2,NEDD1,0
SALL4,ATG5,0
TGIF2,ZFP42,0
EED,STC1,0
CNOT7,SRSF2,0
TAF11,TAF9B,0
RFX5,AURKB,0
SSRP1,PAFAH1B3,0
SRSF3,GTF3C5,0
FOXM1,ASL,0
KLF5,IFITM3,0
FOXA2,ESPL1,0
BTF3,WFDC2,0
TFDP2,WDYHV1,0
NUPR1,CTBP1,0
POLR1E,SRSF3,0
MYBL2,SKA3,0
HNRNPD,ECT2,0
GTF2E1,FABP1,0
FOXP1,NFATC2,0
ZNF354A,ETV5,0
TGIF1,RREB1,0
PAWR,XRCC5,0
BDP1,CREG1,0
FOXA1,TCF3,0
RUNX1T1,KLF6,0
DNMT1,NUP35,0
POLR1E,ACY1,0
DEK,BSCL2,0
RFXANK,ECD,0
POLR2K,MLF1,0
CHAF1A,ESPL1,0
GABPB1,RRM2,0
NR2F2,TIPIN,0
SSB,JUND,0
HNRNPK,NR3C1,0
NPM1,ZIC3,0
MXD1,WDR74,0
ZNF74,ATIC,0
SMARCA5,CTBP1,0
SRF,IVNS1ABP,0
HTATSF1,ACADSB,0
PREB,BPTF,0
EPAS1,AHR,0
COPS5,BMP2,0
TTF2,ELAVL2,0
XRCC6,HAT1,0
ZBTB3,TTF2,0
DAXX,ZNF217,0
ETV4,MIS18BP1,0
XRCC6,BUB1,0
MLXIPL,SIRT1,0
AEBP1,POU2F1,0
CEBPA,BZW2,0
POLR2G,POP5,0
SMAD3,HNRNPAB,0
TARDBP,MED14,0
TAF1A,BPTF,0
DAB2,EGF,0
MCM2,MTF2,0
AHR,TAF1A,0
RREB1,PDGFA,0
BTG1,ESRG,0
TCOF1,APOA1,0
MAZ,RBMX,0
ASCC3,JAG1,0
RNF4,ZWILCH,0
CBX3,APOB,0
TCERG1,RBM39,0
DR1,SCAPER,0
PSIP1,SMARCA5,0
EHMT2,ISG15,0
SMAD5,PDGFRA,0
ASCC3,DDIT4,0
GTF3C2,LIN28A,0
RFX5,TFDP1,0
TCOF1,COMMD10,0
HNRNPUL1,BPHL,0
PARP1,NT5DC2,0
EPAS1,U2AF1,0
GTF2E1,PHF5A,0
BCL11A,ILF3,0
RBBP7,PPIL1,0
MED21,SPP1,0
TIMELESS,MXD1,0
SMAD3,PEF1,0
RNF4,JAZF1,0
TCEB3,HMGCL,0
RBBP4,ERBB4,0
HIF3A,RBM39,0
WBP11,CAPG,0
PAX6,SF3B3,0
AHR,ANAPC4,0
POU2F1,FHL2,0
PRDM1,ETV1,0
WDR5,ASNS,0
SALL3,VEZF1,0
POLR2K,ELAVL2,0
AHR,RAB25,0
PIAS3,CUTC,0
RUNX1T1,NPRL2,0
DNMT1,SRSF2,0
SRSF3,EEF1A1,0
SUPT16H,YAE1D1,0
SMARCA5,CNBP,0
NR2F6,YAE1D1,0
SMAD5,TFDP1,0
CSRP2,MAZ,0
POLR3E,ZNF567,0
ZNF638,PAFAH1B3,0
MTF2,UTP18,0
MED21,MAF,0
TFE3,ZFP36,0
GATAD2B,CD9,0
NRIP1,ENO1,0
SIRT2,TMEM120A,0
PARP1,DPH5,0
RFXANK,UCP2,0
DAB2,SLC7A3,0
PAPOLA,POU5F1,0
AEBP1,POLR1D,0
POLR1E,UQCC1,0
HNRNPUL1,TNNI3,0
MAZ,HNRNPUL1,0
POLR3D,ACOT7,0
DAB2,RAD51C,0
SIRT2,BST2,0
NFYB,KLF3,0
JMJD1C,GATA4,0
TAF1B,DNAJC2,0
HIPK2,CENPU,0
CNBP,PPIL1,0
CTBP1,MCM3,0
MAPK1,TIMM9,0
MCM3,DKC1,0
AEBP1,DNAH14,0
NUPR1,RBBP4,0
ENO1,MAZ,0
DNMT1,TGIF1,0
SMAD2,ING5,0
DR1,BZW2,0
ECD,PRMT5,0
ZNF638,RNASEH2A,0
PHB2,VEZF1,0
ZNF74,CNBP,0
HMGN2,CD9,0
HMGN1,ETV4,0
YEATS4,GALK1,0
EPAS1,GTF3C4,0
SALL3,UBE2T,0
POLR2F,TOPORS,0
TCEA1,HIPK2,0
BDP1,PA2G4,0
BIN1,SPINK1,0
SRRM1,ZHX1,0
COPS5,ZNF74,0
ETS1,DAB2,0
YEATS4,PHF5A,0
GTF2F2,NVL,0
PSIP1,GLIS3,0
RREB1,SIL1,0
DDX54,MRPS27,0
BRCA1,SMAD5,0
DDX54,TGIF2,0
ENO1,S100A6,0
SRSF1,COPS5,0
DNMT1,CENPK,0
NR2F2,TRIM27,0
BRCA1,E2F3,0
H1F0,TFRC,0
TCF7L1,VEZF1,0
FOXH1,RSU1,0
HMGA2,PITX2,0
ETV4,LAMB1,0
HNRNPUL1,GRPR,0
EED,ING1,0
POU2F1,RRM1,0
TAF6,PLCD1,0
TCF7L1,POLR1D,0
GATAD2B,MED30,0
SUB1,TCF25,0
ZNF300,RAI14,0
SP100,TGIF1,0
TCEB1,GRPR,0
KNTC1,HMGXB4,0
HMGA1,ALB,0
PEG3,CDCA7L,0
SIRT1,BMPR1A,0
UHRF1,CPSF3,0
GATA4,GPC3,0
SUB1,SMAD2,0
NFIB,ETV5,0
ECD,HPN,0
NCOA6,RAB25,0
SRF,FANCB,0
DDIT3,NNAT,0
BTG1,UBE2C,0
DNMT1,TTC39C,0
CBX3,KLF5,0
NAA15,MED21,0
DDX5,DNMT3A,0
BRCA1,DERA,0
CSDE1,SMAD5,0
ZNF354A,STMN1,0
POLR2G,ZIC3,0
HMGB2,KIF22,0
TCF7L1,ZDHHC4,0
ASCC3,ACTL6A,0
MCM7,RNASEH2A,0
SALL3,MAF,0
TCEB3,DDIT3,0
EZH2,IFITM2,0
HIPK2,AIMP2,0
PCGF6,C9ORF72,0
ID3,KIF22,0
TCF7L1,SKIL,0
MED14,BRCA1,0
GTF2H2,HPN,0
BTG2,TEAD4,0
MCM6,DAB2,0
RUNX1T1,JUN,0
SRSF2,MTFP1,0
BDP1,PPP1R7,0
PTTG1,SKA3,0
TAF6,VRK1,0
NR1I3,DDX20,0
ZNF354A,CREB1,0
FOXA1,GTF2E1,0
HIF3A,WDR74,0
TAF1A,HIST1H1C,0
SNRPD1,PHGDH,0
POU5F1,POLR2I,0
GABPB1,DDX54,0
SSRP1,TAF9B,0
EWSR1,POLR2K,0
ING1,CCND1,0
GTF3C2,PDLIM7,0
RUVBL2,XBP1,0
TCERG1,BMPR1A,0
MCM5,BIRC5,0
NR5A2,H1F0,0
FOXA2,MIS18BP1,0
TCEB3,CCL2,0
ESPL1,CCL2,0
ZHX1,SF3B3,0
PPARA,ID2,0
SMAD5,UCHL1,0
DNMT1,SLC35D2,0
SRSF6,SALL3,0
SRSF6,LDB2,0
NFATC2,ANG,0
PARP1,YAF2,0
MXD1,CEBPD,0
NRIP1,KAT7,0
MCM6,DDAH1,0
DDX20,SF3B3,0
TRIM28,WDYHV1,0
RFXANK,DDAH1,0
DNMT1,NUDT15,0
FOXA1,CUTC,0
HNRNPK,MYBL2,0
SKIL,TCOF1,0
MYC,TERF1,0
DR1,ZIC3,0
EHMT2,MCM8,0
EWSR1,YBX1,0
ING3,ANXA3,0
POLR2D,ERBB4,0
EHMT2,GALM,0
E2F7,GMEB1,0
MAF,TEX10,0
SIRT2,SUV39H2,0
ESPL1,PREB,0
JUND,CENPF,0
TBX3,HMGXB4,0
TAF11,HMMR,0
LIN28A,HESX1,0
SALL3,ODF2L,0
SKIL,TAF7,0
SRSF2,FOXM1,0
POU5F1,RBBP4,0
CSDE1,FEN1,0
SRSF6,NPM1,0
SSRP1,ACTC1,0
CHAF1A,WDR74,0
SRSF2,CHEK1,0
HIPK2,E2F5,0
SSBP2,CETN3,0
TAF9B,SEMA3E,0
TCEA1,LCP1,0
NANOG,REST,0
CBX3,TCF7L1,0
BPTF,WDR43,0
NR2F6,MMS22L,0
ING1,DPCD,0
NR3C1,NUSAP1,0
DEK,APOC1,0
IRF1,RFXANK,0
NR3C1,ALDH9A1,0
TFDP2,YBX1,0
NFYB,GATA4,0
NFIB,LEAP2,0
BPTF,GULP1,0
ZNHIT3,RFXANK,0
RARG,HESX1,0
RBMX,TIPIN,0
PIAS2,RARG,0
DDX20,HIST1H1B,0
SMARCC1,CRYZL1,0
BRCA1,SUV39H2,0
SRSF2,HIST1H1B,0
SSRP1,IRF1,0
NR5A2,TAF11,0
ZIC2,NONO,0
TAF6,PITX2,0
ZNF74,C9ORF72,0
PTTG1,SEC14L2,0
POLR2F,GRPR,0
POU2F1,F3,0
TBX3,PDGFA,0
BTG2,PHGDH,0
TAF1B,PBX1,0
IRF1,AURKA,0
SSBP2,MED14,0
SIRT2,ETV1,0
FOXM1,ZNF239,0
NPM1,MAZ,0
PIAS2,HIST1H1C,0
MAZ,ZNHIT3,0
TOPORS,ACADSB,0
MCM4,DROSHA,0
BCL11B,BUB1B,0
SALL4,EHMT2,0
POLR3E,MED21,0
CBX3,YAE1D1,0
GTF3C4,TTC39C,0
AEBP2,COMMD10,0
ZNF638,ALDH1A1,0
NME2,C3ORF14,0
SSBP2,WDR5,0
BCL11A,MCM2,0
DDIT3,EGF,0
TP53,FAM13A,0
XRCC5,RAD51AP1,0
PBX1,NUP93,0
